timestamp,signals
2024-01-01 00:00:00+00:00,42518.0
2024-01-01 01:00:00+00:00,42662.0
2024-01-01 02:00:00+00:00,42632.0
2024-01-01 03:00:00+00:00,42385.0
2024-01-01 04:00:00+00:00,42447.0
2024-01-01 05:00:00+00:00,42281.0
2024-01-01 06:00:00+00:00,42432.0
2024-01-01 07:00:00+00:00,42532.0
2024-01-01 08:00:00+00:00,42597.0
2024-01-01 09:00:00+00:00,42697.0
2024-01-01 10:00:00+00:00,42732.0
2024-01-01 11:00:00+00:00,42736.0
2024-01-01 12:00:00+00:00,42691.0
2024-01-01 13:00:00+00:00,42761.0
2024-01-01 14:00:00+00:00,42651.0
2024-01-01 15:00:00+00:00,42826.0
2024-01-01 16:00:00+00:00,42775.0
2024-01-01 17:00:00+00:00,42853.0
2024-01-01 18:00:00+00:00,43154.0
2024-01-01 19:00:00+00:00,43571.0
2024-01-01 20:00:00+00:00,43754.0
2024-01-01 21:00:00+00:00,43678.0
2024-01-01 22:00:00+00:00,43580.0
2024-01-01 23:00:00+00:00,44236.0
2024-01-02 00:00:00+00:00,45188.0
2024-01-02 01:00:00+00:00,44930.0
2024-01-02 02:00:00+00:00,45431.0
2024-01-02 03:00:00+00:00,45435.0
2024-01-02 04:00:00+00:00,45220.0
2024-01-02 05:00:00+00:00,45220.0
2024-01-02 06:00:00+00:00,45204.0
2024-01-02 07:00:00+00:00,45500.0
2024-01-02 08:00:00+00:00,45818.0
2024-01-02 09:00:00+00:00,45732.0
2024-01-02 10:00:00+00:00,45659.0
2024-01-02 11:00:00+00:00,45496.0
2024-01-02 12:00:00+00:00,45366.0
2024-01-02 13:00:00+00:00,45700.0
2024-01-02 14:00:00+00:00,45302.0
2024-01-02 15:00:00+00:00,45231.0
2024-01-02 16:00:00+00:00,45409.0
2024-01-02 17:00:00+00:00,45015.0
2024-01-02 18:00:00+00:00,45203.0
2024-01-02 19:00:00+00:00,45089.0
2024-01-02 20:00:00+00:00,44824.0
2024-01-02 21:00:00+00:00,45178.0
2024-01-02 22:00:00+00:00,45025.0
2024-01-02 23:00:00+00:00,44989.0
2024-01-03 00:00:00+00:00,45184.0
2024-01-03 01:00:00+00:00,45368.0
2024-01-03 02:00:00+00:00,45323.0
2024-01-03 03:00:00+00:00,45310.0
2024-01-03 04:00:00+00:00,45227.0
2024-01-03 05:00:00+00:00,45207.0
2024-01-03 06:00:00+00:00,45366.0
2024-01-03 07:00:00+00:00,45044.0
2024-01-03 08:00:00+00:00,45232.0
2024-01-03 09:00:00+00:00,45383.0
2024-01-03 10:00:00+00:00,45186.0
2024-01-03 11:00:00+00:00,43737.0
2024-01-03 12:00:00+00:00,42798.0
2024-01-03 13:00:00+00:00,42560.0
2024-01-03 14:00:00+00:00,42206.0
2024-01-03 15:00:00+00:00,43012.0
2024-01-03 16:00:00+00:00,43032.0
2024-01-03 17:00:00+00:00,42930.0
2024-01-03 18:00:00+00:00,42281.0
2024-01-03 19:00:00+00:00,42617.0
2024-01-03 20:00:00+00:00,42748.0
2024-01-03 21:00:00+00:00,42955.0
2024-01-03 22:00:00+00:00,42784.0
2024-01-03 23:00:00+00:00,42872.0
2024-01-04 00:00:00+00:00,42902.0
2024-01-04 01:00:00+00:00,42731.0
2024-01-04 02:00:00+00:00,43174.0
2024-01-04 03:00:00+00:00,43142.0
2024-01-04 04:00:00+00:00,43189.0
2024-01-04 05:00:00+00:00,43215.0
2024-01-04 06:00:00+00:00,43186.0
2024-01-04 07:00:00+00:00,42796.0
2024-01-04 08:00:00+00:00,42879.0
2024-01-04 09:00:00+00:00,43039.0
2024-01-04 10:00:00+00:00,43104.0
2024-01-04 11:00:00+00:00,43205.0
2024-01-04 12:00:00+00:00,43400.0
2024-01-04 13:00:00+00:00,43376.0
2024-01-04 14:00:00+00:00,43704.0
2024-01-04 15:00:00+00:00,44090.0
2024-01-04 16:00:00+00:00,43942.0
2024-01-04 17:00:00+00:00,44011.0
2024-01-04 18:00:00+00:00,44075.0
2024-01-04 19:00:00+00:00,43963.0
2024-01-04 20:00:00+00:00,44138.0
2024-01-04 21:00:00+00:00,44456.0
2024-01-04 22:00:00+00:00,44336.0
2024-01-04 23:00:00+00:00,44157.0
2024-01-05 00:00:00+00:00,44221.0
2024-01-05 01:00:00+00:00,43390.0
2024-01-05 02:00:00+00:00,43513.0
2024-01-05 03:00:00+00:00,43472.0
2024-01-05 04:00:00+00:00,43603.0
2024-01-05 05:00:00+00:00,43659.0
2024-01-05 06:00:00+00:00,43863.0
2024-01-05 07:00:00+00:00,43794.0
2024-01-05 08:00:00+00:00,43933.0
2024-01-05 09:00:00+00:00,44168.0
2024-01-05 10:00:00+00:00,43641.0
2024-01-05 11:00:00+00:00,43786.0
2024-01-05 12:00:00+00:00,43909.0
2024-01-05 13:00:00+00:00,44001.0
2024-01-05 14:00:00+00:00,43500.0
2024-01-05 15:00:00+00:00,43517.0
2024-01-05 16:00:00+00:00,43225.0
2024-01-05 17:00:00+00:00,43612.0
2024-01-05 18:00:00+00:00,43620.0
2024-01-05 19:00:00+00:00,43613.0
2024-01-05 20:00:00+00:00,43966.0
2024-01-05 21:00:00+00:00,43958.0
2024-01-05 22:00:00+00:00,43976.0
2024-01-05 23:00:00+00:00,44157.0
2024-01-06 00:00:00+00:00,44073.0
2024-01-06 01:00:00+00:00,43978.0
2024-01-06 02:00:00+00:00,43904.0
2024-01-06 03:00:00+00:00,43934.0
2024-01-06 04:00:00+00:00,43861.0
2024-01-06 05:00:00+00:00,43711.0
2024-01-06 06:00:00+00:00,43473.0
2024-01-06 07:00:00+00:00,43672.0
2024-01-06 08:00:00+00:00,43716.0
2024-01-06 09:00:00+00:00,43669.0
2024-01-06 10:00:00+00:00,43709.0
2024-01-06 11:00:00+00:00,43684.0
2024-01-06 12:00:00+00:00,43622.0
2024-01-06 13:00:00+00:00,43716.0
2024-01-06 14:00:00+00:00,43840.0
2024-01-06 15:00:00+00:00,43873.0
2024-01-06 16:00:00+00:00,43881.0
2024-01-06 17:00:00+00:00,43975.0
2024-01-06 18:00:00+00:00,44010.0
2024-01-06 19:00:00+00:00,43914.0
2024-01-06 20:00:00+00:00,43826.0
2024-01-06 21:00:00+00:00,43894.0
2024-01-06 22:00:00+00:00,43882.0
2024-01-06 23:00:00+00:00,43973.0
2024-01-07 00:00:00+00:00,44130.0
2024-01-07 01:00:00+00:00,43971.0
2024-01-07 02:00:00+00:00,43941.0
2024-01-07 03:00:00+00:00,43945.0
2024-01-07 04:00:00+00:00,44004.0
2024-01-07 05:00:00+00:00,43900.0
2024-01-07 06:00:00+00:00,44032.0
2024-01-07 07:00:00+00:00,44092.0
2024-01-07 08:00:00+00:00,44032.0
2024-01-07 09:00:00+00:00,43946.0
2024-01-07 10:00:00+00:00,43974.0
2024-01-07 11:00:00+00:00,44077.0
2024-01-07 12:00:00+00:00,44103.0
2024-01-07 13:00:00+00:00,44427.0
2024-01-07 14:00:00+00:00,44419.0
2024-01-07 15:00:00+00:00,44061.0
2024-01-07 16:00:00+00:00,43923.0
2024-01-07 17:00:00+00:00,44071.0
2024-01-07 18:00:00+00:00,44107.0
2024-01-07 19:00:00+00:00,44250.0
2024-01-07 20:00:00+00:00,44125.0
2024-01-07 21:00:00+00:00,44244.0
2024-01-07 22:00:00+00:00,43864.0
2024-01-07 23:00:00+00:00,43937.0
2024-01-08 00:00:00+00:00,43642.0
2024-01-08 01:00:00+00:00,43716.0
2024-01-08 02:00:00+00:00,43363.0
2024-01-08 03:00:00+00:00,43528.0
2024-01-08 04:00:00+00:00,43612.0
2024-01-08 05:00:00+00:00,43654.0
2024-01-08 06:00:00+00:00,43921.0
2024-01-08 07:00:00+00:00,43979.0
2024-01-08 08:00:00+00:00,43870.0
2024-01-08 09:00:00+00:00,43732.0
2024-01-08 10:00:00+00:00,44100.0
2024-01-08 11:00:00+00:00,44654.0
2024-01-08 12:00:00+00:00,45118.0
2024-01-08 13:00:00+00:00,44926.0
2024-01-08 14:00:00+00:00,44799.0
2024-01-08 15:00:00+00:00,44976.0
2024-01-08 16:00:00+00:00,44944.0
2024-01-08 17:00:00+00:00,45648.0
2024-01-08 18:00:00+00:00,46982.0
2024-01-08 19:00:00+00:00,47006.0
2024-01-08 20:00:00+00:00,46800.0
2024-01-08 21:00:00+00:00,47082.0
2024-01-08 22:00:00+00:00,47016.0
2024-01-08 23:00:00+00:00,46973.0
2024-01-09 00:00:00+00:00,46700.0
2024-01-09 01:00:00+00:00,46590.0
2024-01-09 02:00:00+00:00,46802.0
2024-01-09 03:00:00+00:00,46950.0
2024-01-09 04:00:00+00:00,46824.0
2024-01-09 05:00:00+00:00,46742.0
2024-01-09 06:00:00+00:00,46802.0
2024-01-09 07:00:00+00:00,46855.0
2024-01-09 08:00:00+00:00,46574.0
2024-01-09 09:00:00+00:00,46520.0
2024-01-09 10:00:00+00:00,46475.0
2024-01-09 11:00:00+00:00,46644.0
2024-01-09 12:00:00+00:00,46187.0
2024-01-09 13:00:00+00:00,46851.0
2024-01-09 14:00:00+00:00,46578.0
2024-01-09 15:00:00+00:00,46875.0
2024-01-09 16:00:00+00:00,46904.0
2024-01-09 17:00:00+00:00,46726.0
2024-01-09 18:00:00+00:00,46650.0
2024-01-09 19:00:00+00:00,46883.0
2024-01-09 20:00:00+00:00,46648.0
2024-01-09 21:00:00+00:00,45456.0
2024-01-09 22:00:00+00:00,46260.0
2024-01-09 23:00:00+00:00,46128.0
2024-01-10 00:00:00+00:00,45873.0
2024-01-10 01:00:00+00:00,45950.0
2024-01-10 02:00:00+00:00,45996.0
2024-01-10 03:00:00+00:00,46130.0
2024-01-10 04:00:00+00:00,45974.0
2024-01-10 05:00:00+00:00,45998.0
2024-01-10 06:00:00+00:00,46026.0
2024-01-10 07:00:00+00:00,45774.0
2024-01-10 08:00:00+00:00,45341.0
2024-01-10 09:00:00+00:00,45681.0
2024-01-10 10:00:00+00:00,45545.0
2024-01-10 11:00:00+00:00,45544.0
2024-01-10 12:00:00+00:00,44678.0
2024-01-10 13:00:00+00:00,45136.0
2024-01-10 14:00:00+00:00,44904.0
2024-01-10 15:00:00+00:00,45579.0
2024-01-10 16:00:00+00:00,45330.0
2024-01-10 17:00:00+00:00,46426.0
2024-01-10 18:00:00+00:00,46563.0
2024-01-10 19:00:00+00:00,46507.0
2024-01-10 20:00:00+00:00,46138.0
2024-01-10 21:00:00+00:00,45971.0
2024-01-10 22:00:00+00:00,46920.0
2024-01-10 23:00:00+00:00,46660.0
2024-01-11 00:00:00+00:00,46683.0
2024-01-11 01:00:00+00:00,46511.0
2024-01-11 02:00:00+00:00,46572.0
2024-01-11 03:00:00+00:00,46509.0
2024-01-11 04:00:00+00:00,46417.0
2024-01-11 05:00:00+00:00,46081.0
2024-01-11 06:00:00+00:00,45902.0
2024-01-11 07:00:00+00:00,46114.0
2024-01-11 08:00:00+00:00,46287.0
2024-01-11 09:00:00+00:00,46224.0
2024-01-11 10:00:00+00:00,46881.0
2024-01-11 11:00:00+00:00,47068.0
2024-01-11 12:00:00+00:00,47460.0
2024-01-11 13:00:00+00:00,47333.0
2024-01-11 14:00:00+00:00,48579.0
2024-01-11 15:00:00+00:00,46823.0
2024-01-11 16:00:00+00:00,46041.0
2024-01-11 17:00:00+00:00,46529.0
2024-01-11 18:00:00+00:00,46629.0
2024-01-11 19:00:00+00:00,46715.0
2024-01-11 20:00:00+00:00,46242.0
2024-01-11 21:00:00+00:00,46169.0
2024-01-11 22:00:00+00:00,46423.0
2024-01-11 23:00:00+00:00,46348.0
2024-01-12 00:00:00+00:00,46307.0
2024-01-12 01:00:00+00:00,46150.0
2024-01-12 02:00:00+00:00,46164.0
2024-01-12 03:00:00+00:00,45996.0
2024-01-12 04:00:00+00:00,45963.0
2024-01-12 05:00:00+00:00,46209.0
2024-01-12 06:00:00+00:00,46121.0
2024-01-12 07:00:00+00:00,46018.0
2024-01-12 08:00:00+00:00,45869.0
2024-01-12 09:00:00+00:00,45961.0
2024-01-12 10:00:00+00:00,46078.0
2024-01-12 11:00:00+00:00,45969.0
2024-01-12 12:00:00+00:00,45888.0
2024-01-12 13:00:00+00:00,45795.0
2024-01-12 14:00:00+00:00,45484.0
2024-01-12 15:00:00+00:00,44502.0
2024-01-12 16:00:00+00:00,43662.0
2024-01-12 17:00:00+00:00,43842.0
2024-01-12 18:00:00+00:00,43517.0
2024-01-12 19:00:00+00:00,43513.0
2024-01-12 20:00:00+00:00,43690.0
2024-01-12 21:00:00+00:00,43480.0
2024-01-12 22:00:00+00:00,42522.0
2024-01-12 23:00:00+00:00,42798.0
2024-01-13 00:00:00+00:00,42814.0
2024-01-13 01:00:00+00:00,42684.0
2024-01-13 02:00:00+00:00,42558.0
2024-01-13 03:00:00+00:00,42630.0
2024-01-13 04:00:00+00:00,42856.0
2024-01-13 05:00:00+00:00,43112.0
2024-01-13 06:00:00+00:00,43163.0
2024-01-13 07:00:00+00:00,43114.0
2024-01-13 08:00:00+00:00,43183.0
2024-01-13 09:00:00+00:00,42934.0
2024-01-13 10:00:00+00:00,42715.0
2024-01-13 11:00:00+00:00,42639.0
2024-01-13 12:00:00+00:00,42705.0
2024-01-13 13:00:00+00:00,42750.0
2024-01-13 14:00:00+00:00,42875.0
2024-01-13 15:00:00+00:00,43170.0
2024-01-13 16:00:00+00:00,42905.0
2024-01-13 17:00:00+00:00,42911.0
2024-01-13 18:00:00+00:00,42813.0
2024-01-13 19:00:00+00:00,42795.0
2024-01-13 20:00:00+00:00,42870.0
2024-01-13 21:00:00+00:00,42971.0
2024-01-13 22:00:00+00:00,43008.0
2024-01-13 23:00:00+00:00,42855.0
2024-01-14 00:00:00+00:00,42700.0
2024-01-14 01:00:00+00:00,42782.0
2024-01-14 02:00:00+00:00,42798.0
2024-01-14 03:00:00+00:00,42705.0
2024-01-14 04:00:00+00:00,42601.0
2024-01-14 05:00:00+00:00,42770.0
2024-01-14 06:00:00+00:00,43017.0
2024-01-14 07:00:00+00:00,43035.0
2024-01-14 08:00:00+00:00,43014.0
2024-01-14 09:00:00+00:00,43085.0
2024-01-14 10:00:00+00:00,42908.0
2024-01-14 11:00:00+00:00,42840.0
2024-01-14 12:00:00+00:00,42766.0
2024-01-14 13:00:00+00:00,42895.0
2024-01-14 14:00:00+00:00,42824.0
2024-01-14 15:00:00+00:00,42910.0
2024-01-14 16:00:00+00:00,42939.0
2024-01-14 17:00:00+00:00,42990.0
2024-01-14 18:00:00+00:00,42900.0
2024-01-14 19:00:00+00:00,42659.0
2024-01-14 20:00:00+00:00,42512.0
2024-01-14 21:00:00+00:00,42562.0
2024-01-14 22:00:00+00:00,42276.0
2024-01-14 23:00:00+00:00,41731.0
2024-01-15 00:00:00+00:00,42280.0
2024-01-15 01:00:00+00:00,42283.0
2024-01-15 02:00:00+00:00,42407.0
2024-01-15 03:00:00+00:00,42577.0
2024-01-15 04:00:00+00:00,42604.0
2024-01-15 05:00:00+00:00,42753.0
2024-01-15 06:00:00+00:00,42665.0
2024-01-15 07:00:00+00:00,42732.0
2024-01-15 08:00:00+00:00,42697.0
2024-01-15 09:00:00+00:00,42773.0
2024-01-15 10:00:00+00:00,42567.0
2024-01-15 11:00:00+00:00,42710.0
2024-01-15 12:00:00+00:00,42670.0
2024-01-15 13:00:00+00:00,42867.0
2024-01-15 14:00:00+00:00,42205.0
2024-01-15 15:00:00+00:00,42282.0
2024-01-15 16:00:00+00:00,42526.0
2024-01-15 17:00:00+00:00,42706.0
2024-01-15 18:00:00+00:00,43015.0
2024-01-15 19:00:00+00:00,42994.0
2024-01-15 20:00:00+00:00,42961.0
2024-01-15 21:00:00+00:00,42713.0
2024-01-15 22:00:00+00:00,42622.0
2024-01-15 23:00:00+00:00,42509.0
2024-01-16 00:00:00+00:00,42596.0
2024-01-16 01:00:00+00:00,42586.0
2024-01-16 02:00:00+00:00,42700.0
2024-01-16 03:00:00+00:00,42919.0
2024-01-16 04:00:00+00:00,42799.0
2024-01-16 05:00:00+00:00,42763.0
2024-01-16 06:00:00+00:00,42743.0
2024-01-16 07:00:00+00:00,42789.0
2024-01-16 08:00:00+00:00,43034.0
2024-01-16 09:00:00+00:00,42946.0
2024-01-16 10:00:00+00:00,42876.0
2024-01-16 11:00:00+00:00,42894.0
2024-01-16 12:00:00+00:00,43161.0
2024-01-16 13:00:00+00:00,42802.0
2024-01-16 14:00:00+00:00,42690.0
2024-01-16 15:00:00+00:00,43256.0
2024-01-16 16:00:00+00:00,43252.0
2024-01-16 17:00:00+00:00,43045.0
2024-01-16 18:00:00+00:00,43005.0
2024-01-16 19:00:00+00:00,43165.0
2024-01-16 20:00:00+00:00,43192.0
2024-01-16 21:00:00+00:00,43419.0
2024-01-16 22:00:00+00:00,43201.0
2024-01-16 23:00:00+00:00,43129.0
2024-01-17 00:00:00+00:00,43087.0
2024-01-17 01:00:00+00:00,42965.0
2024-01-17 02:00:00+00:00,42994.0
2024-01-17 03:00:00+00:00,42841.0
2024-01-17 04:00:00+00:00,42841.0
2024-01-17 05:00:00+00:00,42775.0
2024-01-17 06:00:00+00:00,42800.0
2024-01-17 07:00:00+00:00,42642.0
2024-01-17 08:00:00+00:00,42713.0
2024-01-17 09:00:00+00:00,42670.0
2024-01-17 10:00:00+00:00,42850.0
2024-01-17 11:00:00+00:00,42684.0
2024-01-17 12:00:00+00:00,42792.0
2024-01-17 13:00:00+00:00,42620.0
2024-01-17 14:00:00+00:00,42574.0
2024-01-17 15:00:00+00:00,42479.0
2024-01-17 16:00:00+00:00,42367.0
2024-01-17 17:00:00+00:00,42375.0
2024-01-17 18:00:00+00:00,42623.0
2024-01-17 19:00:00+00:00,42622.0
2024-01-17 20:00:00+00:00,42740.0
2024-01-17 21:00:00+00:00,42691.0
2024-01-17 22:00:00+00:00,42734.0
2024-01-17 23:00:00+00:00,42783.0
2024-01-18 00:00:00+00:00,42668.0
2024-01-18 01:00:00+00:00,42588.0
2024-01-18 02:00:00+00:00,42662.0
2024-01-18 03:00:00+00:00,42595.0
2024-01-18 04:00:00+00:00,42682.0
2024-01-18 05:00:00+00:00,42781.0
2024-01-18 06:00:00+00:00,42804.0
2024-01-18 07:00:00+00:00,42921.0
2024-01-18 08:00:00+00:00,42745.0
2024-01-18 09:00:00+00:00,42748.0
2024-01-18 10:00:00+00:00,42461.0
2024-01-18 11:00:00+00:00,42556.0
2024-01-18 12:00:00+00:00,42451.0
2024-01-18 13:00:00+00:00,42520.0
2024-01-18 14:00:00+00:00,42753.0
2024-01-18 15:00:00+00:00,42630.0
2024-01-18 16:00:00+00:00,41968.0
2024-01-18 17:00:00+00:00,41823.0
2024-01-18 18:00:00+00:00,41529.0
2024-01-18 19:00:00+00:00,41029.0
2024-01-18 20:00:00+00:00,40854.0
2024-01-18 21:00:00+00:00,41128.0
2024-01-18 22:00:00+00:00,41350.0
2024-01-18 23:00:00+00:00,41331.0
2024-01-19 00:00:00+00:00,41291.0
2024-01-19 01:00:00+00:00,41272.0
2024-01-19 02:00:00+00:00,41117.0
2024-01-19 03:00:00+00:00,41056.0
2024-01-19 04:00:00+00:00,41104.0
2024-01-19 05:00:00+00:00,41212.0
2024-01-19 06:00:00+00:00,41467.0
2024-01-19 07:00:00+00:00,41290.0
2024-01-19 08:00:00+00:00,41292.0
2024-01-19 09:00:00+00:00,41400.0
2024-01-19 10:00:00+00:00,41495.0
2024-01-19 11:00:00+00:00,41474.0
2024-01-19 12:00:00+00:00,41350.0
2024-01-19 13:00:00+00:00,41400.0
2024-01-19 14:00:00+00:00,40974.0
2024-01-19 15:00:00+00:00,40901.0
2024-01-19 16:00:00+00:00,40412.0
2024-01-19 17:00:00+00:00,41257.0
2024-01-19 18:00:00+00:00,41816.0
2024-01-19 19:00:00+00:00,41831.0
2024-01-19 20:00:00+00:00,41644.0
2024-01-19 21:00:00+00:00,41641.0
2024-01-19 22:00:00+00:00,41690.0
2024-01-19 23:00:00+00:00,41663.0
2024-01-20 00:00:00+00:00,41483.0
2024-01-20 01:00:00+00:00,41660.0
2024-01-20 02:00:00+00:00,41630.0
2024-01-20 03:00:00+00:00,41640.0
2024-01-20 04:00:00+00:00,41609.0
2024-01-20 05:00:00+00:00,41630.0
2024-01-20 06:00:00+00:00,41677.0
2024-01-20 07:00:00+00:00,41648.0
2024-01-20 08:00:00+00:00,41592.0
2024-01-20 09:00:00+00:00,41527.0
2024-01-20 10:00:00+00:00,41541.0
2024-01-20 11:00:00+00:00,41580.0
2024-01-20 12:00:00+00:00,41613.0
2024-01-20 13:00:00+00:00,41626.0
2024-01-20 14:00:00+00:00,41538.0
2024-01-20 15:00:00+00:00,41568.0
2024-01-20 16:00:00+00:00,41564.0
2024-01-20 17:00:00+00:00,41583.0
2024-01-20 18:00:00+00:00,41607.0
2024-01-20 19:00:00+00:00,41633.0
2024-01-20 20:00:00+00:00,41745.0
2024-01-20 21:00:00+00:00,41732.0
2024-01-20 22:00:00+00:00,41778.0
2024-01-20 23:00:00+00:00,41692.0
2024-01-21 00:00:00+00:00,41652.0
2024-01-21 01:00:00+00:00,41664.0
2024-01-21 02:00:00+00:00,41705.0
2024-01-21 03:00:00+00:00,41681.0
2024-01-21 04:00:00+00:00,41679.0
2024-01-21 05:00:00+00:00,41635.0
2024-01-21 06:00:00+00:00,41602.0
2024-01-21 07:00:00+00:00,41639.0
2024-01-21 08:00:00+00:00,41660.0
2024-01-21 09:00:00+00:00,41744.0
2024-01-21 10:00:00+00:00,41787.0
2024-01-21 11:00:00+00:00,41721.0
2024-01-21 12:00:00+00:00,41730.0
2024-01-21 13:00:00+00:00,41847.0
2024-01-21 14:00:00+00:00,41775.0
2024-01-21 15:00:00+00:00,41648.0
2024-01-21 16:00:00+00:00,41601.0
2024-01-21 17:00:00+00:00,41672.0
2024-01-21 18:00:00+00:00,41685.0
2024-01-21 19:00:00+00:00,41725.0
2024-01-21 20:00:00+00:00,41644.0
2024-01-21 21:00:00+00:00,41784.0
2024-01-21 22:00:00+00:00,41638.0
2024-01-21 23:00:00+00:00,41586.0
2024-01-22 00:00:00+00:00,41654.0
2024-01-22 01:00:00+00:00,41376.0
2024-01-22 02:00:00+00:00,41324.0
2024-01-22 03:00:00+00:00,41207.0
2024-01-22 04:00:00+00:00,40783.0
2024-01-22 05:00:00+00:00,41130.0
2024-01-22 06:00:00+00:00,41206.0
2024-01-22 07:00:00+00:00,41048.0
2024-01-22 08:00:00+00:00,40968.0
2024-01-22 09:00:00+00:00,40750.0
2024-01-22 10:00:00+00:00,40707.0
2024-01-22 11:00:00+00:00,40820.0
2024-01-22 12:00:00+00:00,40891.0
2024-01-22 13:00:00+00:00,40944.0
2024-01-22 14:00:00+00:00,40692.0
2024-01-22 15:00:00+00:00,40774.0
2024-01-22 16:00:00+00:00,40519.0
2024-01-22 17:00:00+00:00,40720.0
2024-01-22 18:00:00+00:00,40319.0
2024-01-22 19:00:00+00:00,39812.0
2024-01-22 20:00:00+00:00,40181.0
2024-01-22 21:00:00+00:00,39847.0
2024-01-22 22:00:00+00:00,39821.0
2024-01-22 23:00:00+00:00,39560.0
2024-01-23 00:00:00+00:00,39868.0
2024-01-23 01:00:00+00:00,39823.0
2024-01-23 02:00:00+00:00,40056.0
2024-01-23 03:00:00+00:00,39998.0
2024-01-23 04:00:00+00:00,40057.0
2024-01-23 05:00:00+00:00,40066.0
2024-01-23 06:00:00+00:00,40018.0
2024-01-23 07:00:00+00:00,39777.0
2024-01-23 08:00:00+00:00,39463.0
2024-01-23 09:00:00+00:00,38956.0
2024-01-23 10:00:00+00:00,38918.0
2024-01-23 11:00:00+00:00,38841.0
2024-01-23 12:00:00+00:00,39060.0
2024-01-23 13:00:00+00:00,38853.0
2024-01-23 14:00:00+00:00,38764.0
2024-01-23 15:00:00+00:00,39195.0
2024-01-23 16:00:00+00:00,39317.0
2024-01-23 17:00:00+00:00,39402.0
2024-01-23 18:00:00+00:00,39090.0
2024-01-23 19:00:00+00:00,39133.0
2024-01-23 20:00:00+00:00,39172.0
2024-01-23 21:00:00+00:00,39214.0
2024-01-23 22:00:00+00:00,39472.0
2024-01-23 23:00:00+00:00,39901.0
2024-01-24 00:00:00+00:00,40174.0
2024-01-24 01:00:00+00:00,39763.0
2024-01-24 02:00:00+00:00,39762.0
2024-01-24 03:00:00+00:00,39614.0
2024-01-24 04:00:00+00:00,39653.0
2024-01-24 05:00:00+00:00,39798.0
2024-01-24 06:00:00+00:00,39881.0
2024-01-24 07:00:00+00:00,39987.0
2024-01-24 08:00:00+00:00,39947.0
2024-01-24 09:00:00+00:00,40020.0
2024-01-24 10:00:00+00:00,40350.0
2024-01-24 11:00:00+00:00,40208.0
2024-01-24 12:00:00+00:00,40030.0
2024-01-24 13:00:00+00:00,39979.0
2024-01-24 14:00:00+00:00,39913.0
2024-01-24 15:00:00+00:00,40046.0
2024-01-24 16:00:00+00:00,40192.0
2024-01-24 17:00:00+00:00,40140.0
2024-01-24 18:00:00+00:00,39754.0
2024-01-24 19:00:00+00:00,39796.0
2024-01-24 20:00:00+00:00,39538.0
2024-01-24 21:00:00+00:00,39783.0
2024-01-24 22:00:00+00:00,39868.0
2024-01-24 23:00:00+00:00,40079.0
2024-01-25 00:00:00+00:00,40166.0
2024-01-25 01:00:00+00:00,39974.0
2024-01-25 02:00:00+00:00,39935.0
2024-01-25 03:00:00+00:00,40008.0
2024-01-25 04:00:00+00:00,39956.0
2024-01-25 05:00:00+00:00,39870.0
2024-01-25 06:00:00+00:00,40031.0
2024-01-25 07:00:00+00:00,40125.0
2024-01-25 08:00:00+00:00,40073.0
2024-01-25 09:00:00+00:00,40034.0
2024-01-25 10:00:00+00:00,40113.0
2024-01-25 11:00:00+00:00,40173.0
2024-01-25 12:00:00+00:00,39856.0
2024-01-25 13:00:00+00:00,39902.0
2024-01-25 14:00:00+00:00,40004.0
2024-01-25 15:00:00+00:00,39791.0
2024-01-25 16:00:00+00:00,39700.0
2024-01-25 17:00:00+00:00,39800.0
2024-01-25 18:00:00+00:00,39832.0
2024-01-25 19:00:00+00:00,39983.0
2024-01-25 20:00:00+00:00,39833.0
2024-01-25 21:00:00+00:00,39922.0
2024-01-25 22:00:00+00:00,39948.0
2024-01-25 23:00:00+00:00,39954.0
2024-01-26 00:00:00+00:00,39887.0
2024-01-26 01:00:00+00:00,39924.0
2024-01-26 02:00:00+00:00,40128.0
2024-01-26 03:00:00+00:00,40054.0
2024-01-26 04:00:00+00:00,40137.0
2024-01-26 05:00:00+00:00,40093.0
2024-01-26 06:00:00+00:00,39992.0
2024-01-26 07:00:00+00:00,39950.0
2024-01-26 08:00:00+00:00,40121.0
2024-01-26 09:00:00+00:00,40066.0
2024-01-26 10:00:00+00:00,40670.0
2024-01-26 11:00:00+00:00,41264.0
2024-01-26 12:00:00+00:00,41122.0
2024-01-26 13:00:00+00:00,41001.0
2024-01-26 14:00:00+00:00,41568.0
2024-01-26 15:00:00+00:00,41392.0
2024-01-26 16:00:00+00:00,41946.0
2024-01-26 17:00:00+00:00,41900.0
2024-01-26 18:00:00+00:00,42085.0
2024-01-26 19:00:00+00:00,42046.0
2024-01-26 20:00:00+00:00,41954.0
2024-01-26 21:00:00+00:00,41974.0
2024-01-26 22:00:00+00:00,41884.0
2024-01-26 23:00:00+00:00,41806.0
2024-01-27 00:00:00+00:00,41777.0
2024-01-27 01:00:00+00:00,41808.0
2024-01-27 02:00:00+00:00,41822.0
2024-01-27 03:00:00+00:00,41809.0
2024-01-27 04:00:00+00:00,41832.0
2024-01-27 05:00:00+00:00,41749.0
2024-01-27 06:00:00+00:00,41694.0
2024-01-27 07:00:00+00:00,41702.0
2024-01-27 08:00:00+00:00,41449.0
2024-01-27 09:00:00+00:00,41650.0
2024-01-27 10:00:00+00:00,41729.0
2024-01-27 11:00:00+00:00,41742.0
2024-01-27 12:00:00+00:00,41722.0
2024-01-27 13:00:00+00:00,41728.0
2024-01-27 14:00:00+00:00,41745.0
2024-01-27 15:00:00+00:00,41798.0
2024-01-27 16:00:00+00:00,41781.0
2024-01-27 17:00:00+00:00,41759.0
2024-01-27 18:00:00+00:00,41773.0
2024-01-27 19:00:00+00:00,41884.0
2024-01-27 20:00:00+00:00,42040.0
2024-01-27 21:00:00+00:00,42125.0
2024-01-27 22:00:00+00:00,42125.0
2024-01-27 23:00:00+00:00,42096.0
2024-01-28 00:00:00+00:00,41970.0
2024-01-28 01:00:00+00:00,42074.0
2024-01-28 02:00:00+00:00,42077.0
2024-01-28 03:00:00+00:00,42205.0
2024-01-28 04:00:00+00:00,42712.0
2024-01-28 05:00:00+00:00,42534.0
2024-01-28 06:00:00+00:00,42382.0
2024-01-28 07:00:00+00:00,42367.0
2024-01-28 08:00:00+00:00,42470.0
2024-01-28 09:00:00+00:00,42559.0
2024-01-28 10:00:00+00:00,42583.0
2024-01-28 11:00:00+00:00,42455.0
2024-01-28 12:00:00+00:00,42406.0
2024-01-28 13:00:00+00:00,42387.0
2024-01-28 14:00:00+00:00,42278.0
2024-01-28 15:00:00+00:00,42243.0
2024-01-28 16:00:00+00:00,42294.0
2024-01-28 17:00:00+00:00,42146.0
2024-01-28 18:00:00+00:00,41950.0
2024-01-28 19:00:00+00:00,41770.0
2024-01-28 20:00:00+00:00,41927.0
2024-01-28 21:00:00+00:00,41961.0
2024-01-28 22:00:00+00:00,41821.0
2024-01-28 23:00:00+00:00,42017.0
2024-01-29 00:00:00+00:00,41957.0
2024-01-29 01:00:00+00:00,42148.0
2024-01-29 02:00:00+00:00,42212.0
2024-01-29 03:00:00+00:00,42304.0
2024-01-29 04:00:00+00:00,42198.0
2024-01-29 05:00:00+00:00,42122.0
2024-01-29 06:00:00+00:00,42149.0
2024-01-29 07:00:00+00:00,42040.0
2024-01-29 08:00:00+00:00,42108.0
2024-01-29 09:00:00+00:00,42280.0
2024-01-29 10:00:00+00:00,42298.0
2024-01-29 11:00:00+00:00,42233.0
2024-01-29 12:00:00+00:00,42087.0
2024-01-29 13:00:00+00:00,41986.0
2024-01-29 14:00:00+00:00,41930.0
2024-01-29 15:00:00+00:00,42638.0
2024-01-29 16:00:00+00:00,43183.0
2024-01-29 17:00:00+00:00,42974.0
2024-01-29 18:00:00+00:00,43007.0
2024-01-29 19:00:00+00:00,42982.0
2024-01-29 20:00:00+00:00,43123.0
2024-01-29 21:00:00+00:00,43147.0
2024-01-29 22:00:00+00:00,43081.0
2024-01-29 23:00:00+00:00,43287.0
2024-01-30 00:00:00+00:00,43152.0
2024-01-30 01:00:00+00:00,43428.0
2024-01-30 02:00:00+00:00,43604.0
2024-01-30 03:00:00+00:00,43504.0
2024-01-30 04:00:00+00:00,43402.0
2024-01-30 05:00:00+00:00,43350.0
2024-01-30 06:00:00+00:00,43330.0
2024-01-30 07:00:00+00:00,43355.0
2024-01-30 08:00:00+00:00,43413.0
2024-01-30 09:00:00+00:00,43306.0
2024-01-30 10:00:00+00:00,43471.0
2024-01-30 11:00:00+00:00,43520.0
2024-01-30 12:00:00+00:00,43378.0
2024-01-30 13:00:00+00:00,43272.0
2024-01-30 14:00:00+00:00,43465.0
2024-01-30 15:00:00+00:00,43353.0
2024-01-30 16:00:00+00:00,43484.0
2024-01-30 17:00:00+00:00,43371.0
2024-01-30 18:00:00+00:00,43351.0
2024-01-30 19:00:00+00:00,43523.0
2024-01-30 20:00:00+00:00,43534.0
2024-01-30 21:00:00+00:00,43520.0
2024-01-30 22:00:00+00:00,43303.0
2024-01-30 23:00:00+00:00,42919.0
2024-01-31 00:00:00+00:00,42909.0
2024-01-31 01:00:00+00:00,42767.0
2024-01-31 02:00:00+00:00,42861.0
2024-01-31 03:00:00+00:00,42913.0
2024-01-31 04:00:00+00:00,42943.0
2024-01-31 05:00:00+00:00,42959.0
2024-01-31 06:00:00+00:00,42956.0
2024-01-31 07:00:00+00:00,43031.0
2024-01-31 08:00:00+00:00,42967.0
2024-01-31 09:00:00+00:00,42639.0
2024-01-31 10:00:00+00:00,42366.0
2024-01-31 11:00:00+00:00,42626.0
2024-01-31 12:00:00+00:00,42602.0
2024-01-31 13:00:00+00:00,42777.0
2024-01-31 14:00:00+00:00,42850.0
2024-01-31 15:00:00+00:00,43330.0
2024-01-31 16:00:00+00:00,43457.0
2024-01-31 17:00:00+00:00,43689.0
2024-01-31 18:00:00+00:00,43494.0
2024-01-31 19:00:00+00:00,43308.0
2024-01-31 20:00:00+00:00,42517.0
2024-01-31 21:00:00+00:00,42465.0
2024-01-31 22:00:00+00:00,42626.0
2024-01-31 23:00:00+00:00,42553.0
2024-02-01 00:00:00+00:00,42446.0
2024-02-01 01:00:00+00:00,41961.0
2024-02-01 02:00:00+00:00,42146.0
2024-02-01 03:00:00+00:00,42003.0
2024-02-01 04:00:00+00:00,42065.0
2024-02-01 05:00:00+00:00,42149.0
2024-02-01 06:00:00+00:00,42175.0
2024-02-01 07:00:00+00:00,42182.0
2024-02-01 08:00:00+00:00,42238.0
2024-02-01 09:00:00+00:00,42144.0
2024-02-01 10:00:00+00:00,42212.0
2024-02-01 11:00:00+00:00,42065.0
2024-02-01 12:00:00+00:00,42130.0
2024-02-01 13:00:00+00:00,42204.0
2024-02-01 14:00:00+00:00,42625.0
2024-02-01 15:00:00+00:00,42478.0
2024-02-01 16:00:00+00:00,42627.0
2024-02-01 17:00:00+00:00,42900.0
2024-02-01 18:00:00+00:00,42822.0
2024-02-01 19:00:00+00:00,43202.0
2024-02-01 20:00:00+00:00,42986.0
2024-02-01 21:00:00+00:00,43073.0
2024-02-01 22:00:00+00:00,42912.0
2024-02-01 23:00:00+00:00,43065.0
2024-02-02 00:00:00+00:00,43153.0
2024-02-02 01:00:00+00:00,43099.0
2024-02-02 02:00:00+00:00,43062.0
2024-02-02 03:00:00+00:00,43018.0
2024-02-02 04:00:00+00:00,42950.0
2024-02-02 05:00:00+00:00,43089.0
2024-02-02 06:00:00+00:00,43142.0
2024-02-02 07:00:00+00:00,43079.0
2024-02-02 08:00:00+00:00,43005.0
2024-02-02 09:00:00+00:00,42974.0
2024-02-02 10:00:00+00:00,43109.0
2024-02-02 11:00:00+00:00,43132.0
2024-02-02 12:00:00+00:00,43114.0
2024-02-02 13:00:00+00:00,42679.0
2024-02-02 14:00:00+00:00,42785.0
2024-02-02 15:00:00+00:00,43223.0
2024-02-02 16:00:00+00:00,43198.0
2024-02-02 17:00:00+00:00,42936.0
2024-02-02 18:00:00+00:00,42906.0
2024-02-02 19:00:00+00:00,43041.0
2024-02-02 20:00:00+00:00,42933.0
2024-02-02 21:00:00+00:00,42972.0
2024-02-02 22:00:00+00:00,43179.0
2024-02-02 23:00:00+00:00,43179.0
2024-02-03 00:00:00+00:00,43208.0
2024-02-03 01:00:00+00:00,43195.0
2024-02-03 02:00:00+00:00,43165.0
2024-02-03 03:00:00+00:00,43151.0
2024-02-03 04:00:00+00:00,43172.0
2024-02-03 05:00:00+00:00,43152.0
2024-02-03 06:00:00+00:00,43075.0
2024-02-03 07:00:00+00:00,43038.0
2024-02-03 08:00:00+00:00,43006.0
2024-02-03 09:00:00+00:00,43077.0
2024-02-03 10:00:00+00:00,43054.0
2024-02-03 11:00:00+00:00,42986.0
2024-02-03 12:00:00+00:00,43051.0
2024-02-03 13:00:00+00:00,43056.0
2024-02-03 14:00:00+00:00,43020.0
2024-02-03 15:00:00+00:00,43093.0
2024-02-03 16:00:00+00:00,43077.0
2024-02-03 17:00:00+00:00,43212.0
2024-02-03 18:00:00+00:00,43055.0
2024-02-03 19:00:00+00:00,43041.0
2024-02-03 20:00:00+00:00,43043.0
2024-02-03 21:00:00+00:00,43025.0
2024-02-03 22:00:00+00:00,43017.0
2024-02-03 23:00:00+00:00,42992.0
2024-02-04 00:00:00+00:00,42993.0
2024-02-04 01:00:00+00:00,43024.0
2024-02-04 02:00:00+00:00,43004.0
2024-02-04 03:00:00+00:00,43007.0
2024-02-04 04:00:00+00:00,42907.0
2024-02-04 05:00:00+00:00,42871.0
2024-02-04 06:00:00+00:00,42732.0
2024-02-04 07:00:00+00:00,42823.0
2024-02-04 08:00:00+00:00,42780.0
2024-02-04 09:00:00+00:00,42918.0
2024-02-04 10:00:00+00:00,42928.0
2024-02-04 11:00:00+00:00,43040.0
2024-02-04 12:00:00+00:00,42967.0
2024-02-04 13:00:00+00:00,42977.0
2024-02-04 14:00:00+00:00,42860.0
2024-02-04 15:00:00+00:00,42919.0
2024-02-04 16:00:00+00:00,42901.0
2024-02-04 17:00:00+00:00,42884.0
2024-02-04 18:00:00+00:00,42771.0
2024-02-04 19:00:00+00:00,42618.0
2024-02-04 20:00:00+00:00,42870.0
2024-02-04 21:00:00+00:00,42755.0
2024-02-04 22:00:00+00:00,42550.0
2024-02-04 23:00:00+00:00,42560.0
2024-02-05 00:00:00+00:00,42335.0
2024-02-05 01:00:00+00:00,42513.0
2024-02-05 02:00:00+00:00,42433.0
2024-02-05 03:00:00+00:00,42701.0
2024-02-05 04:00:00+00:00,42725.0
2024-02-05 05:00:00+00:00,42763.0
2024-02-05 06:00:00+00:00,42798.0
2024-02-05 07:00:00+00:00,43048.0
2024-02-05 08:00:00+00:00,43019.0
2024-02-05 09:00:00+00:00,43023.0
2024-02-05 10:00:00+00:00,43129.0
2024-02-05 11:00:00+00:00,43185.0
2024-02-05 12:00:00+00:00,43240.0
2024-02-05 13:00:00+00:00,43428.0
2024-02-05 14:00:00+00:00,43182.0
2024-02-05 15:00:00+00:00,42618.0
2024-02-05 16:00:00+00:00,42713.0
2024-02-05 17:00:00+00:00,42706.0
2024-02-05 18:00:00+00:00,42719.0
2024-02-05 19:00:00+00:00,42755.0
2024-02-05 20:00:00+00:00,42407.0
2024-02-05 21:00:00+00:00,42354.0
2024-02-05 22:00:00+00:00,42476.0
2024-02-05 23:00:00+00:00,42693.0
2024-02-06 00:00:00+00:00,42587.0
2024-02-06 01:00:00+00:00,42648.0
2024-02-06 02:00:00+00:00,42833.0
2024-02-06 03:00:00+00:00,42837.0
2024-02-06 04:00:00+00:00,42814.0
2024-02-06 05:00:00+00:00,42771.0
2024-02-06 06:00:00+00:00,42761.0
2024-02-06 07:00:00+00:00,42873.0
2024-02-06 08:00:00+00:00,43052.0
2024-02-06 09:00:00+00:00,42976.0
2024-02-06 10:00:00+00:00,42781.0
2024-02-06 11:00:00+00:00,42808.0
2024-02-06 12:00:00+00:00,42768.0
2024-02-06 13:00:00+00:00,42858.0
2024-02-06 14:00:00+00:00,42916.0
2024-02-06 15:00:00+00:00,43225.0
2024-02-06 16:00:00+00:00,43133.0
2024-02-06 17:00:00+00:00,43157.0
2024-02-06 18:00:00+00:00,43179.0
2024-02-06 19:00:00+00:00,43260.0
2024-02-06 20:00:00+00:00,43066.0
2024-02-06 21:00:00+00:00,43139.0
2024-02-06 22:00:00+00:00,43182.0
2024-02-06 23:00:00+00:00,43084.0
2024-02-07 00:00:00+00:00,43077.0
2024-02-07 01:00:00+00:00,43033.0
2024-02-07 02:00:00+00:00,43030.0
2024-02-07 03:00:00+00:00,42791.0
2024-02-07 04:00:00+00:00,42908.0
2024-02-07 05:00:00+00:00,43014.0
2024-02-07 06:00:00+00:00,42945.0
2024-02-07 07:00:00+00:00,42899.0
2024-02-07 08:00:00+00:00,42923.0
2024-02-07 09:00:00+00:00,43128.0
2024-02-07 10:00:00+00:00,42885.0
2024-02-07 11:00:00+00:00,42920.0
2024-02-07 12:00:00+00:00,43062.0
2024-02-07 13:00:00+00:00,43124.0
2024-02-07 14:00:00+00:00,43005.0
2024-02-07 15:00:00+00:00,43048.0
2024-02-07 16:00:00+00:00,43225.0
2024-02-07 17:00:00+00:00,43489.0
2024-02-07 18:00:00+00:00,43643.0
2024-02-07 19:00:00+00:00,43596.0
2024-02-07 20:00:00+00:00,44109.0
2024-02-07 21:00:00+00:00,44158.0
2024-02-07 22:00:00+00:00,44138.0
2024-02-07 23:00:00+00:00,44318.0
2024-02-08 00:00:00+00:00,44653.0
2024-02-08 01:00:00+00:00,44630.0
2024-02-08 02:00:00+00:00,44625.0
2024-02-08 03:00:00+00:00,44514.0
2024-02-08 04:00:00+00:00,44463.0
2024-02-08 05:00:00+00:00,44528.0
2024-02-08 06:00:00+00:00,44447.0
2024-02-08 07:00:00+00:00,44497.0
2024-02-08 08:00:00+00:00,44693.0
2024-02-08 09:00:00+00:00,44660.0
2024-02-08 10:00:00+00:00,44800.0
2024-02-08 11:00:00+00:00,44678.0
2024-02-08 12:00:00+00:00,44663.0
2024-02-08 13:00:00+00:00,44960.0
2024-02-08 14:00:00+00:00,45049.0
2024-02-08 15:00:00+00:00,45410.0
2024-02-08 16:00:00+00:00,45037.0
2024-02-08 17:00:00+00:00,45021.0
2024-02-08 18:00:00+00:00,45282.0
2024-02-08 19:00:00+00:00,45250.0
2024-02-08 20:00:00+00:00,45468.0
2024-02-08 21:00:00+00:00,45283.0
2024-02-08 22:00:00+00:00,45245.0
2024-02-08 23:00:00+00:00,45261.0
2024-02-09 00:00:00+00:00,45263.0
2024-02-09 01:00:00+00:00,45467.0
2024-02-09 02:00:00+00:00,46272.0
2024-02-09 03:00:00+00:00,46047.0
2024-02-09 04:00:00+00:00,45947.0
2024-02-09 05:00:00+00:00,46248.0
2024-02-09 06:00:00+00:00,46183.0
2024-02-09 07:00:00+00:00,46196.0
2024-02-09 08:00:00+00:00,46632.0
2024-02-09 09:00:00+00:00,46509.0
2024-02-09 10:00:00+00:00,46752.0
2024-02-09 11:00:00+00:00,47164.0
2024-02-09 12:00:00+00:00,47298.0
2024-02-09 13:00:00+00:00,47447.0
2024-02-09 14:00:00+00:00,47035.0
2024-02-09 15:00:00+00:00,47134.0
2024-02-09 16:00:00+00:00,47253.0
2024-02-09 17:00:00+00:00,47633.0
2024-02-09 18:00:00+00:00,47586.0
2024-02-09 19:00:00+00:00,47487.0
2024-02-09 20:00:00+00:00,47487.0
2024-02-09 21:00:00+00:00,47480.0
2024-02-09 22:00:00+00:00,47257.0
2024-02-09 23:00:00+00:00,47123.0
2024-02-10 00:00:00+00:00,47071.0
2024-02-10 01:00:00+00:00,47285.0
2024-02-10 02:00:00+00:00,47301.0
2024-02-10 03:00:00+00:00,47370.0
2024-02-10 04:00:00+00:00,47409.0
2024-02-10 05:00:00+00:00,47331.0
2024-02-10 06:00:00+00:00,47349.0
2024-02-10 07:00:00+00:00,47143.0
2024-02-10 08:00:00+00:00,47086.0
2024-02-10 09:00:00+00:00,47066.0
2024-02-10 10:00:00+00:00,46884.0
2024-02-10 11:00:00+00:00,47177.0
2024-02-10 12:00:00+00:00,47225.0
2024-02-10 13:00:00+00:00,47293.0
2024-02-10 14:00:00+00:00,47260.0
2024-02-10 15:00:00+00:00,47340.0
2024-02-10 16:00:00+00:00,47245.0
2024-02-10 17:00:00+00:00,47188.0
2024-02-10 18:00:00+00:00,47320.0
2024-02-10 19:00:00+00:00,47520.0
2024-02-10 20:00:00+00:00,47866.0
2024-02-10 21:00:00+00:00,47941.0
2024-02-10 22:00:00+00:00,47821.0
2024-02-10 23:00:00+00:00,47729.0
2024-02-11 00:00:00+00:00,47720.0
2024-02-11 01:00:00+00:00,47612.0
2024-02-11 02:00:00+00:00,47755.0
2024-02-11 03:00:00+00:00,48526.0
2024-02-11 04:00:00+00:00,48301.0
2024-02-11 05:00:00+00:00,48229.0
2024-02-11 06:00:00+00:00,48222.0
2024-02-11 07:00:00+00:00,48192.0
2024-02-11 08:00:00+00:00,48149.0
2024-02-11 09:00:00+00:00,48148.0
2024-02-11 10:00:00+00:00,48161.0
2024-02-11 11:00:00+00:00,48423.0
2024-02-11 12:00:00+00:00,48300.0
2024-02-11 13:00:00+00:00,48069.0
2024-02-11 14:00:00+00:00,48240.0
2024-02-11 15:00:00+00:00,48149.0
2024-02-11 16:00:00+00:00,48110.0
2024-02-11 17:00:00+00:00,48308.0
2024-02-11 18:00:00+00:00,48284.0
2024-02-11 19:00:00+00:00,48294.0
2024-02-11 20:00:00+00:00,48036.0
2024-02-11 21:00:00+00:00,48136.0
2024-02-11 22:00:00+00:00,48155.0
2024-02-11 23:00:00+00:00,48329.0
2024-02-12 00:00:00+00:00,48635.0
2024-02-12 01:00:00+00:00,48503.0
2024-02-12 02:00:00+00:00,48173.0
2024-02-12 03:00:00+00:00,48153.0
2024-02-12 04:00:00+00:00,48080.0
2024-02-12 05:00:00+00:00,48074.0
2024-02-12 06:00:00+00:00,48164.0
2024-02-12 07:00:00+00:00,48220.0
2024-02-12 08:00:00+00:00,48125.0
2024-02-12 09:00:00+00:00,47899.0
2024-02-12 10:00:00+00:00,47881.0
2024-02-12 11:00:00+00:00,47920.0
2024-02-12 12:00:00+00:00,48049.0
2024-02-12 13:00:00+00:00,47967.0
2024-02-12 14:00:00+00:00,48828.0
2024-02-12 15:00:00+00:00,49961.0
2024-02-12 16:00:00+00:00,49623.0
2024-02-12 17:00:00+00:00,49889.0
2024-02-12 18:00:00+00:00,49763.0
2024-02-12 19:00:00+00:00,49557.0
2024-02-12 20:00:00+00:00,50181.0
2024-02-12 21:00:00+00:00,49844.0
2024-02-12 22:00:00+00:00,50065.0
2024-02-12 23:00:00+00:00,49961.0
2024-02-13 00:00:00+00:00,50135.0
2024-02-13 01:00:00+00:00,50174.0
2024-02-13 02:00:00+00:00,49973.0
2024-02-13 03:00:00+00:00,49819.0
2024-02-13 04:00:00+00:00,49934.0
2024-02-13 05:00:00+00:00,50087.0
2024-02-13 06:00:00+00:00,50030.0
2024-02-13 07:00:00+00:00,50032.0
2024-02-13 08:00:00+00:00,50159.0
2024-02-13 09:00:00+00:00,50246.0
2024-02-13 10:00:00+00:00,49876.0
2024-02-13 11:00:00+00:00,49999.0
2024-02-13 12:00:00+00:00,49874.0
2024-02-13 13:00:00+00:00,49554.0
2024-02-13 14:00:00+00:00,48707.0
2024-02-13 15:00:00+00:00,48749.0
2024-02-13 16:00:00+00:00,48488.0
2024-02-13 17:00:00+00:00,48862.0
2024-02-13 18:00:00+00:00,49127.0
2024-02-13 19:00:00+00:00,49050.0
2024-02-13 20:00:00+00:00,49413.0
2024-02-13 21:00:00+00:00,49552.0
2024-02-13 22:00:00+00:00,49540.0
2024-02-13 23:00:00+00:00,49711.0
2024-02-14 00:00:00+00:00,49507.0
2024-02-14 01:00:00+00:00,49455.0
2024-02-14 02:00:00+00:00,49515.0
2024-02-14 03:00:00+00:00,49540.0
2024-02-14 04:00:00+00:00,49406.0
2024-02-14 05:00:00+00:00,49569.0
2024-02-14 06:00:00+00:00,49660.0
2024-02-14 07:00:00+00:00,49860.0
2024-02-14 08:00:00+00:00,50817.0
2024-02-14 09:00:00+00:00,51576.0
2024-02-14 10:00:00+00:00,51337.0
2024-02-14 11:00:00+00:00,51600.0
2024-02-14 12:00:00+00:00,51615.0
2024-02-14 13:00:00+00:00,51823.0
2024-02-14 14:00:00+00:00,51944.0
2024-02-14 15:00:00+00:00,51622.0
2024-02-14 16:00:00+00:00,51598.0
2024-02-14 17:00:00+00:00,51689.0
2024-02-14 18:00:00+00:00,51467.0
2024-02-14 19:00:00+00:00,51702.0
2024-02-14 20:00:00+00:00,51708.0
2024-02-14 21:00:00+00:00,51755.0
2024-02-14 22:00:00+00:00,51817.0
2024-02-14 23:00:00+00:00,51822.0
2024-02-15 00:00:00+00:00,52353.0
2024-02-15 01:00:00+00:00,51933.0
2024-02-15 02:00:00+00:00,52091.0
2024-02-15 03:00:00+00:00,52395.0
2024-02-15 04:00:00+00:00,52192.0
2024-02-15 05:00:00+00:00,51997.0
2024-02-15 06:00:00+00:00,52015.0
2024-02-15 07:00:00+00:00,51818.0
2024-02-15 08:00:00+00:00,51971.0
2024-02-15 09:00:00+00:00,52213.0
2024-02-15 10:00:00+00:00,52322.0
2024-02-15 11:00:00+00:00,52363.0
2024-02-15 12:00:00+00:00,52363.0
2024-02-15 13:00:00+00:00,52254.0
2024-02-15 14:00:00+00:00,52657.0
2024-02-15 15:00:00+00:00,51963.0
2024-02-15 16:00:00+00:00,52309.0
2024-02-15 17:00:00+00:00,51902.0
2024-02-15 18:00:00+00:00,52003.0
2024-02-15 19:00:00+00:00,52023.0
2024-02-15 20:00:00+00:00,51700.0
2024-02-15 21:00:00+00:00,51349.0
2024-02-15 22:00:00+00:00,51667.0
2024-02-15 23:00:00+00:00,51905.0
2024-02-16 00:00:00+00:00,51942.0
2024-02-16 01:00:00+00:00,51973.0
2024-02-16 02:00:00+00:00,52199.0
2024-02-16 03:00:00+00:00,52307.0
2024-02-16 04:00:00+00:00,52142.0
2024-02-16 05:00:00+00:00,52099.0
2024-02-16 06:00:00+00:00,51931.0
2024-02-16 07:00:00+00:00,51791.0
2024-02-16 08:00:00+00:00,51879.0
2024-02-16 09:00:00+00:00,51877.0
2024-02-16 10:00:00+00:00,52331.0
2024-02-16 11:00:00+00:00,52242.0
2024-02-16 12:00:00+00:00,52416.0
2024-02-16 13:00:00+00:00,52501.0
2024-02-16 14:00:00+00:00,51955.0
2024-02-16 15:00:00+00:00,51915.0
2024-02-16 16:00:00+00:00,52063.0
2024-02-16 17:00:00+00:00,52040.0
2024-02-16 18:00:00+00:00,52000.0
2024-02-16 19:00:00+00:00,51784.0
2024-02-16 20:00:00+00:00,51850.0
2024-02-16 21:00:00+00:00,52004.0
2024-02-16 22:00:00+00:00,52011.0
2024-02-16 23:00:00+00:00,52152.0
2024-02-17 00:00:00+00:00,52042.0
2024-02-17 01:00:00+00:00,52000.0
2024-02-17 02:00:00+00:00,51963.0
2024-02-17 03:00:00+00:00,52004.0
2024-02-17 04:00:00+00:00,52047.0
2024-02-17 05:00:00+00:00,51952.0
2024-02-17 06:00:00+00:00,51951.0
2024-02-17 07:00:00+00:00,51936.0
2024-02-17 08:00:00+00:00,51763.0
2024-02-17 09:00:00+00:00,51706.0
2024-02-17 10:00:00+00:00,51766.0
2024-02-17 11:00:00+00:00,51727.0
2024-02-17 12:00:00+00:00,51756.0
2024-02-17 13:00:00+00:00,51216.0
2024-02-17 14:00:00+00:00,50884.0
2024-02-17 15:00:00+00:00,51016.0
2024-02-17 16:00:00+00:00,50982.0
2024-02-17 17:00:00+00:00,51243.0
2024-02-17 18:00:00+00:00,51294.0
2024-02-17 19:00:00+00:00,51425.0
2024-02-17 20:00:00+00:00,51544.0
2024-02-17 21:00:00+00:00,51846.0
2024-02-17 22:00:00+00:00,51758.0
2024-02-17 23:00:00+00:00,51694.0
2024-02-18 00:00:00+00:00,51726.0
2024-02-18 01:00:00+00:00,51577.0
2024-02-18 02:00:00+00:00,51312.0
2024-02-18 03:00:00+00:00,51516.0
2024-02-18 04:00:00+00:00,51583.0
2024-02-18 05:00:00+00:00,51685.0
2024-02-18 06:00:00+00:00,51544.0
2024-02-18 07:00:00+00:00,51700.0
2024-02-18 08:00:00+00:00,51817.0
2024-02-18 09:00:00+00:00,52007.0
2024-02-18 10:00:00+00:00,51866.0
2024-02-18 11:00:00+00:00,51870.0
2024-02-18 12:00:00+00:00,51590.0
2024-02-18 13:00:00+00:00,51652.0
2024-02-18 14:00:00+00:00,51933.0
2024-02-18 15:00:00+00:00,51821.0
2024-02-18 16:00:00+00:00,51876.0
2024-02-18 17:00:00+00:00,51872.0
2024-02-18 18:00:00+00:00,51838.0
2024-02-18 19:00:00+00:00,51793.0
2024-02-18 20:00:00+00:00,51818.0
2024-02-18 21:00:00+00:00,51890.0
2024-02-18 22:00:00+00:00,52279.0
2024-02-18 23:00:00+00:00,52175.0
2024-02-19 00:00:00+00:00,52219.0
2024-02-19 01:00:00+00:00,52119.0
2024-02-19 02:00:00+00:00,52183.0
2024-02-19 03:00:00+00:00,52104.0
2024-02-19 04:00:00+00:00,52142.0
2024-02-19 05:00:00+00:00,52164.0
2024-02-19 06:00:00+00:00,52440.0
2024-02-19 07:00:00+00:00,52439.0
2024-02-19 08:00:00+00:00,52140.0
2024-02-19 09:00:00+00:00,52295.0
2024-02-19 10:00:00+00:00,52387.0
2024-02-19 11:00:00+00:00,52387.0
2024-02-19 12:00:00+00:00,52313.0
2024-02-19 13:00:00+00:00,52181.0
2024-02-19 14:00:00+00:00,52131.0
2024-02-19 15:00:00+00:00,52158.0
2024-02-19 16:00:00+00:00,51802.0
2024-02-19 17:00:00+00:00,52190.0
2024-02-19 18:00:00+00:00,51958.0
2024-02-19 19:00:00+00:00,51851.0
2024-02-19 20:00:00+00:00,51832.0
2024-02-19 21:00:00+00:00,51931.0
2024-02-19 22:00:00+00:00,51978.0
2024-02-19 23:00:00+00:00,51815.0
2024-02-20 00:00:00+00:00,51664.0
2024-02-20 01:00:00+00:00,51660.0
2024-02-20 02:00:00+00:00,51746.0
2024-02-20 03:00:00+00:00,51611.0
2024-02-20 04:00:00+00:00,51823.0
2024-02-20 05:00:00+00:00,51952.0
2024-02-20 06:00:00+00:00,51995.0
2024-02-20 07:00:00+00:00,51881.0
2024-02-20 08:00:00+00:00,51813.0
2024-02-20 09:00:00+00:00,51782.0
2024-02-20 10:00:00+00:00,52158.0
2024-02-20 11:00:00+00:00,52323.0
2024-02-20 12:00:00+00:00,52223.0
2024-02-20 13:00:00+00:00,52888.0
2024-02-20 14:00:00+00:00,52079.0
2024-02-20 15:00:00+00:00,51707.0
2024-02-20 16:00:00+00:00,51421.0
2024-02-20 17:00:00+00:00,51352.0
2024-02-20 18:00:00+00:00,51540.0
2024-02-20 19:00:00+00:00,52137.0
2024-02-20 20:00:00+00:00,52012.0
2024-02-20 21:00:00+00:00,52034.0
2024-02-20 22:00:00+00:00,52188.0
2024-02-20 23:00:00+00:00,52288.0
2024-02-21 00:00:00+00:00,52192.0
2024-02-21 01:00:00+00:00,52120.0
2024-02-21 02:00:00+00:00,52087.0
2024-02-21 03:00:00+00:00,52017.0
2024-02-21 04:00:00+00:00,51970.0
2024-02-21 05:00:00+00:00,51849.0
2024-02-21 06:00:00+00:00,51756.0
2024-02-21 07:00:00+00:00,51573.0
2024-02-21 08:00:00+00:00,51689.0
2024-02-21 09:00:00+00:00,51101.0
2024-02-21 10:00:00+00:00,51281.0
2024-02-21 11:00:00+00:00,50966.0
2024-02-21 12:00:00+00:00,51317.0
2024-02-21 13:00:00+00:00,51191.0
2024-02-21 14:00:00+00:00,50958.0
2024-02-21 15:00:00+00:00,51166.0
2024-02-21 16:00:00+00:00,51358.0
2024-02-21 17:00:00+00:00,50931.0
2024-02-21 18:00:00+00:00,50860.0
2024-02-21 19:00:00+00:00,51077.0
2024-02-21 20:00:00+00:00,50963.0
2024-02-21 21:00:00+00:00,51403.0
2024-02-21 22:00:00+00:00,51528.0
2024-02-21 23:00:00+00:00,51876.0
2024-02-22 00:00:00+00:00,51552.0
2024-02-22 01:00:00+00:00,51250.0
2024-02-22 02:00:00+00:00,51436.0
2024-02-22 03:00:00+00:00,51593.0
2024-02-22 04:00:00+00:00,51452.0
2024-02-22 05:00:00+00:00,51542.0
2024-02-22 06:00:00+00:00,51790.0
2024-02-22 07:00:00+00:00,51860.0
2024-02-22 08:00:00+00:00,51912.0
2024-02-22 09:00:00+00:00,51971.0
2024-02-22 10:00:00+00:00,51719.0
2024-02-22 11:00:00+00:00,51647.0
2024-02-22 12:00:00+00:00,51546.0
2024-02-22 13:00:00+00:00,51180.0
2024-02-22 14:00:00+00:00,51392.0
2024-02-22 15:00:00+00:00,51611.0
2024-02-22 16:00:00+00:00,51490.0
2024-02-22 17:00:00+00:00,51713.0
2024-02-22 18:00:00+00:00,51744.0
2024-02-22 19:00:00+00:00,51536.0
2024-02-22 20:00:00+00:00,52018.0
2024-02-22 21:00:00+00:00,51664.0
2024-02-22 22:00:00+00:00,51469.0
2024-02-22 23:00:00+00:00,51305.0
2024-02-23 00:00:00+00:00,51474.0
2024-02-23 01:00:00+00:00,51330.0
2024-02-23 02:00:00+00:00,51112.0
2024-02-23 03:00:00+00:00,51125.0
2024-02-23 04:00:00+00:00,51251.0
2024-02-23 05:00:00+00:00,51266.0
2024-02-23 06:00:00+00:00,51337.0
2024-02-23 07:00:00+00:00,50955.0
2024-02-23 08:00:00+00:00,51000.0
2024-02-23 09:00:00+00:00,51046.0
2024-02-23 10:00:00+00:00,51221.0
2024-02-23 11:00:00+00:00,51263.0
2024-02-23 12:00:00+00:00,51014.0
2024-02-23 13:00:00+00:00,51085.0
2024-02-23 14:00:00+00:00,51152.0
2024-02-23 15:00:00+00:00,50935.0
2024-02-23 16:00:00+00:00,51073.0
2024-02-23 17:00:00+00:00,51147.0
2024-02-23 18:00:00+00:00,51127.0
2024-02-23 19:00:00+00:00,51126.0
2024-02-23 20:00:00+00:00,51102.0
2024-02-23 21:00:00+00:00,50992.0
2024-02-23 22:00:00+00:00,50802.0
2024-02-23 23:00:00+00:00,50775.0
2024-02-24 00:00:00+00:00,50915.0
2024-02-24 01:00:00+00:00,50613.0
2024-02-24 02:00:00+00:00,50820.0
2024-02-24 03:00:00+00:00,50870.0
2024-02-24 04:00:00+00:00,50986.0
2024-02-24 05:00:00+00:00,51080.0
2024-02-24 06:00:00+00:00,51001.0
2024-02-24 07:00:00+00:00,51104.0
2024-02-24 08:00:00+00:00,51016.0
2024-02-24 09:00:00+00:00,51112.0
2024-02-24 10:00:00+00:00,51115.0
2024-02-24 11:00:00+00:00,51171.0
2024-02-24 12:00:00+00:00,51115.0
2024-02-24 13:00:00+00:00,51186.0
2024-02-24 14:00:00+00:00,51176.0
2024-02-24 15:00:00+00:00,51141.0
2024-02-24 16:00:00+00:00,51254.0
2024-02-24 17:00:00+00:00,51569.0
2024-02-24 18:00:00+00:00,51473.0
2024-02-24 19:00:00+00:00,51585.0
2024-02-24 20:00:00+00:00,51537.0
2024-02-24 21:00:00+00:00,51583.0
2024-02-24 22:00:00+00:00,51572.0
2024-02-24 23:00:00+00:00,51589.0
2024-02-25 00:00:00+00:00,51516.0
2024-02-25 01:00:00+00:00,51713.0
2024-02-25 02:00:00+00:00,51631.0
2024-02-25 03:00:00+00:00,51658.0
2024-02-25 04:00:00+00:00,51647.0
2024-02-25 05:00:00+00:00,51691.0
2024-02-25 06:00:00+00:00,51783.0
2024-02-25 07:00:00+00:00,51750.0
2024-02-25 08:00:00+00:00,51628.0
2024-02-25 09:00:00+00:00,51668.0
2024-02-25 10:00:00+00:00,51609.0
2024-02-25 11:00:00+00:00,51672.0
2024-02-25 12:00:00+00:00,51681.0
2024-02-25 13:00:00+00:00,51632.0
2024-02-25 14:00:00+00:00,51762.0
2024-02-25 15:00:00+00:00,51539.0
2024-02-25 16:00:00+00:00,51393.0
2024-02-25 17:00:00+00:00,51585.0
2024-02-25 18:00:00+00:00,51606.0
2024-02-25 19:00:00+00:00,51691.0
2024-02-25 20:00:00+00:00,51761.0
2024-02-25 21:00:00+00:00,51790.0
2024-02-25 22:00:00+00:00,51733.0
2024-02-25 23:00:00+00:00,51748.0
2024-02-26 00:00:00+00:00,51701.0
2024-02-26 01:00:00+00:00,51483.0
2024-02-26 02:00:00+00:00,51435.0
2024-02-26 03:00:00+00:00,51573.0
2024-02-26 04:00:00+00:00,51550.0
2024-02-26 05:00:00+00:00,51581.0
2024-02-26 06:00:00+00:00,51550.0
2024-02-26 07:00:00+00:00,51314.0
2024-02-26 08:00:00+00:00,51280.0
2024-02-26 09:00:00+00:00,50978.0
2024-02-26 10:00:00+00:00,51191.0
2024-02-26 11:00:00+00:00,51116.0
2024-02-26 12:00:00+00:00,51265.0
2024-02-26 13:00:00+00:00,51263.0
2024-02-26 14:00:00+00:00,51726.0
2024-02-26 15:00:00+00:00,52900.0
2024-02-26 16:00:00+00:00,53443.0
2024-02-26 17:00:00+00:00,53537.0
2024-02-26 18:00:00+00:00,53625.0
2024-02-26 19:00:00+00:00,54538.0
2024-02-26 20:00:00+00:00,54486.0
2024-02-26 21:00:00+00:00,54687.0
2024-02-26 22:00:00+00:00,54707.0
2024-02-26 23:00:00+00:00,54515.0
2024-02-27 00:00:00+00:00,54602.0
2024-02-27 01:00:00+00:00,55866.0
2024-02-27 02:00:00+00:00,56420.0
2024-02-27 03:00:00+00:00,55772.0
2024-02-27 04:00:00+00:00,55818.0
2024-02-27 05:00:00+00:00,56131.0
2024-02-27 06:00:00+00:00,56397.0
2024-02-27 07:00:00+00:00,56100.0
2024-02-27 08:00:00+00:00,56296.0
2024-02-27 09:00:00+00:00,56679.0
2024-02-27 10:00:00+00:00,56574.0
2024-02-27 11:00:00+00:00,56591.0
2024-02-27 12:00:00+00:00,56833.0
2024-02-27 13:00:00+00:00,57161.0
2024-02-27 14:00:00+00:00,57020.0
2024-02-27 15:00:00+00:00,56780.0
2024-02-27 16:00:00+00:00,57096.0
2024-02-27 17:00:00+00:00,56816.0
2024-02-27 18:00:00+00:00,57168.0
2024-02-27 19:00:00+00:00,57400.0
2024-02-27 20:00:00+00:00,57023.0
2024-02-27 21:00:00+00:00,56759.0
2024-02-27 22:00:00+00:00,56941.0
2024-02-27 23:00:00+00:00,57078.0
2024-02-28 00:00:00+00:00,57060.0
2024-02-28 01:00:00+00:00,56814.0
2024-02-28 02:00:00+00:00,56972.0
2024-02-28 03:00:00+00:00,56967.0
2024-02-28 04:00:00+00:00,57250.0
2024-02-28 05:00:00+00:00,57117.0
2024-02-28 06:00:00+00:00,57230.0
2024-02-28 07:00:00+00:00,58330.0
2024-02-28 08:00:00+00:00,59531.0
2024-02-28 09:00:00+00:00,59378.0
2024-02-28 10:00:00+00:00,59337.0
2024-02-28 11:00:00+00:00,59018.0
2024-02-28 12:00:00+00:00,59405.0
2024-02-28 13:00:00+00:00,60533.0
2024-02-28 14:00:00+00:00,61043.0
2024-02-28 15:00:00+00:00,61007.0
2024-02-28 16:00:00+00:00,62534.0
2024-02-28 17:00:00+00:00,61470.0
2024-02-28 18:00:00+00:00,61179.0
2024-02-28 19:00:00+00:00,61028.0
2024-02-28 20:00:00+00:00,60451.0
2024-02-28 21:00:00+00:00,60613.0
2024-02-28 22:00:00+00:00,61320.0
2024-02-28 23:00:00+00:00,62485.0
2024-02-29 00:00:00+00:00,61428.0
2024-02-29 01:00:00+00:00,61467.0
2024-02-29 02:00:00+00:00,61831.0
2024-02-29 03:00:00+00:00,61637.0
2024-02-29 04:00:00+00:00,62543.0
2024-02-29 05:00:00+00:00,62637.0
2024-02-29 06:00:00+00:00,63078.0
2024-02-29 07:00:00+00:00,62783.0
2024-02-29 08:00:00+00:00,62882.0
2024-02-29 09:00:00+00:00,62777.0
2024-02-29 10:00:00+00:00,62800.0
2024-02-29 11:00:00+00:00,63036.0
2024-02-29 12:00:00+00:00,62746.0
2024-02-29 13:00:00+00:00,63014.0
2024-02-29 14:00:00+00:00,62960.0
2024-02-29 15:00:00+00:00,62812.0
2024-02-29 16:00:00+00:00,62251.0
2024-02-29 17:00:00+00:00,61072.0
2024-02-29 18:00:00+00:00,60913.0
2024-02-29 19:00:00+00:00,61688.0
2024-02-29 20:00:00+00:00,61995.0
2024-02-29 21:00:00+00:00,61434.0
2024-02-29 22:00:00+00:00,61271.0
2024-02-29 23:00:00+00:00,61185.0
2024-03-01 00:00:00+00:00,61566.0
2024-03-01 01:00:00+00:00,61266.0
2024-03-01 02:00:00+00:00,61039.0
2024-03-01 03:00:00+00:00,61163.0
2024-03-01 04:00:00+00:00,61611.0
2024-03-01 05:00:00+00:00,61380.0
2024-03-01 06:00:00+00:00,61620.0
2024-03-01 07:00:00+00:00,61494.0
2024-03-01 08:00:00+00:00,61969.0
2024-03-01 09:00:00+00:00,62211.0
2024-03-01 10:00:00+00:00,62052.0
2024-03-01 11:00:00+00:00,61924.0
2024-03-01 12:00:00+00:00,62292.0
2024-03-01 13:00:00+00:00,62510.0
2024-03-01 14:00:00+00:00,62014.0
2024-03-01 15:00:00+00:00,61332.0
2024-03-01 16:00:00+00:00,61482.0
2024-03-01 17:00:00+00:00,61964.0
2024-03-01 18:00:00+00:00,62386.0
2024-03-01 19:00:00+00:00,62265.0
2024-03-01 20:00:00+00:00,62904.0
2024-03-01 21:00:00+00:00,62558.0
2024-03-01 22:00:00+00:00,62521.0
2024-03-01 23:00:00+00:00,62418.0
2024-03-02 00:00:00+00:00,62359.0
2024-03-02 01:00:00+00:00,62065.0
2024-03-02 02:00:00+00:00,62152.0
2024-03-02 03:00:00+00:00,62368.0
2024-03-02 04:00:00+00:00,62085.0
2024-03-02 05:00:00+00:00,62063.0
2024-03-02 06:00:00+00:00,62016.0
2024-03-02 07:00:00+00:00,62080.0
2024-03-02 08:00:00+00:00,62019.0
2024-03-02 09:00:00+00:00,61909.0
2024-03-02 10:00:00+00:00,61980.0
2024-03-02 11:00:00+00:00,61906.0
2024-03-02 12:00:00+00:00,62159.0
2024-03-02 13:00:00+00:00,61871.0
2024-03-02 14:00:00+00:00,61904.0
2024-03-02 15:00:00+00:00,61839.0
2024-03-02 16:00:00+00:00,61932.0
2024-03-02 17:00:00+00:00,61838.0
2024-03-02 18:00:00+00:00,62110.0
2024-03-02 19:00:00+00:00,62194.0
2024-03-02 20:00:00+00:00,61949.0
2024-03-02 21:00:00+00:00,61978.0
2024-03-02 22:00:00+00:00,61750.0
2024-03-02 23:00:00+00:00,62056.0
2024-03-03 00:00:00+00:00,61806.0
2024-03-03 01:00:00+00:00,61865.0
2024-03-03 02:00:00+00:00,61867.0
2024-03-03 03:00:00+00:00,61997.0
2024-03-03 04:00:00+00:00,62086.0
2024-03-03 05:00:00+00:00,61963.0
2024-03-03 06:00:00+00:00,61926.0
2024-03-03 07:00:00+00:00,61642.0
2024-03-03 08:00:00+00:00,61656.0
2024-03-03 09:00:00+00:00,61790.0
2024-03-03 10:00:00+00:00,61725.0
2024-03-03 11:00:00+00:00,61905.0
2024-03-03 12:00:00+00:00,62258.0
2024-03-03 13:00:00+00:00,62466.0
2024-03-03 14:00:00+00:00,62153.0
2024-03-03 15:00:00+00:00,62221.0
2024-03-03 16:00:00+00:00,62911.0
2024-03-03 17:00:00+00:00,62635.0
2024-03-03 18:00:00+00:00,62876.0
2024-03-03 19:00:00+00:00,62789.0
2024-03-03 20:00:00+00:00,62824.0
2024-03-03 21:00:00+00:00,62890.0
2024-03-03 22:00:00+00:00,62895.0
2024-03-03 23:00:00+00:00,63180.0
2024-03-04 00:00:00+00:00,63556.0
2024-03-04 01:00:00+00:00,63591.0
2024-03-04 02:00:00+00:00,63769.0
2024-03-04 03:00:00+00:00,63531.0
2024-03-04 04:00:00+00:00,63713.0
2024-03-04 05:00:00+00:00,63434.0
2024-03-04 06:00:00+00:00,63759.0
2024-03-04 07:00:00+00:00,64142.0
2024-03-04 08:00:00+00:00,65355.0
2024-03-04 09:00:00+00:00,65388.0
2024-03-04 10:00:00+00:00,65160.0
2024-03-04 11:00:00+00:00,65329.0
2024-03-04 12:00:00+00:00,65209.0
2024-03-04 13:00:00+00:00,65189.0
2024-03-04 14:00:00+00:00,66258.0
2024-03-04 15:00:00+00:00,66527.0
2024-03-04 16:00:00+00:00,66668.0
2024-03-04 17:00:00+00:00,66948.0
2024-03-04 18:00:00+00:00,66705.0
2024-03-04 19:00:00+00:00,67500.0
2024-03-04 20:00:00+00:00,67508.0
2024-03-04 21:00:00+00:00,67513.0
2024-03-04 22:00:00+00:00,68038.0
2024-03-04 23:00:00+00:00,68360.0
2024-03-05 00:00:00+00:00,68164.0
2024-03-05 01:00:00+00:00,68643.0
2024-03-05 02:00:00+00:00,68264.0
2024-03-05 03:00:00+00:00,68224.0
2024-03-05 04:00:00+00:00,67451.0
2024-03-05 05:00:00+00:00,67099.0
2024-03-05 06:00:00+00:00,67403.0
2024-03-05 07:00:00+00:00,66242.0
2024-03-05 08:00:00+00:00,66974.0
2024-03-05 09:00:00+00:00,66517.0
2024-03-05 10:00:00+00:00,66901.0
2024-03-05 11:00:00+00:00,66754.0
2024-03-05 12:00:00+00:00,67413.0
2024-03-05 13:00:00+00:00,67862.0
2024-03-05 14:00:00+00:00,68838.0
2024-03-05 15:00:00+00:00,66844.0
2024-03-05 16:00:00+00:00,65608.0
2024-03-05 17:00:00+00:00,65668.0
2024-03-05 18:00:00+00:00,64071.0
2024-03-05 19:00:00+00:00,61483.0
2024-03-05 20:00:00+00:00,61938.0
2024-03-05 21:00:00+00:00,63298.0
2024-03-05 22:00:00+00:00,63440.0
2024-03-05 23:00:00+00:00,63751.0
2024-03-06 00:00:00+00:00,63469.0
2024-03-06 01:00:00+00:00,63148.0
2024-03-06 02:00:00+00:00,62837.0
2024-03-06 03:00:00+00:00,63324.0
2024-03-06 04:00:00+00:00,64682.0
2024-03-06 05:00:00+00:00,66516.0
2024-03-06 06:00:00+00:00,65818.0
2024-03-06 07:00:00+00:00,66775.0
2024-03-06 08:00:00+00:00,67035.0
2024-03-06 09:00:00+00:00,66218.0
2024-03-06 10:00:00+00:00,66749.0
2024-03-06 11:00:00+00:00,67386.0
2024-03-06 12:00:00+00:00,66004.0
2024-03-06 13:00:00+00:00,66392.0
2024-03-06 14:00:00+00:00,65918.0
2024-03-06 15:00:00+00:00,66539.0
2024-03-06 16:00:00+00:00,67174.0
2024-03-06 17:00:00+00:00,67415.0
2024-03-06 18:00:00+00:00,67164.0
2024-03-06 19:00:00+00:00,66819.0
2024-03-06 20:00:00+00:00,66948.0
2024-03-06 21:00:00+00:00,66470.0
2024-03-06 22:00:00+00:00,65976.0
2024-03-06 23:00:00+00:00,66119.0
2024-03-07 00:00:00+00:00,66253.0
2024-03-07 01:00:00+00:00,66485.0
2024-03-07 02:00:00+00:00,66176.0
2024-03-07 03:00:00+00:00,65912.0
2024-03-07 04:00:00+00:00,65898.0
2024-03-07 05:00:00+00:00,65848.0
2024-03-07 06:00:00+00:00,65929.0
2024-03-07 07:00:00+00:00,66444.0
2024-03-07 08:00:00+00:00,66732.0
2024-03-07 09:00:00+00:00,66773.0
2024-03-07 10:00:00+00:00,66959.0
2024-03-07 11:00:00+00:00,66982.0
2024-03-07 12:00:00+00:00,66790.0
2024-03-07 13:00:00+00:00,66976.0
2024-03-07 14:00:00+00:00,67080.0
2024-03-07 15:00:00+00:00,67305.0
2024-03-07 16:00:00+00:00,67382.0
2024-03-07 17:00:00+00:00,67680.0
2024-03-07 18:00:00+00:00,67669.0
2024-03-07 19:00:00+00:00,67560.0
2024-03-07 20:00:00+00:00,67606.0
2024-03-07 21:00:00+00:00,67298.0
2024-03-07 22:00:00+00:00,67150.0
2024-03-07 23:00:00+00:00,66859.0
2024-03-08 00:00:00+00:00,67127.0
2024-03-08 01:00:00+00:00,66992.0
2024-03-08 02:00:00+00:00,67171.0
2024-03-08 03:00:00+00:00,67206.0
2024-03-08 04:00:00+00:00,67129.0
2024-03-08 05:00:00+00:00,66960.0
2024-03-08 06:00:00+00:00,67649.0
2024-03-08 07:00:00+00:00,67319.0
2024-03-08 08:00:00+00:00,67283.0
2024-03-08 09:00:00+00:00,67198.0
2024-03-08 10:00:00+00:00,67403.0
2024-03-08 11:00:00+00:00,67827.0
2024-03-08 12:00:00+00:00,67526.0
2024-03-08 13:00:00+00:00,67847.0
2024-03-08 14:00:00+00:00,68504.0
2024-03-08 15:00:00+00:00,67666.0
2024-03-08 16:00:00+00:00,67878.0
2024-03-08 17:00:00+00:00,68417.0
2024-03-08 18:00:00+00:00,68647.0
2024-03-08 19:00:00+00:00,68941.0
2024-03-08 20:00:00+00:00,69123.0
2024-03-08 21:00:00+00:00,68214.0
2024-03-08 22:00:00+00:00,68133.0
2024-03-08 23:00:00+00:00,68165.0
2024-03-09 00:00:00+00:00,68139.0
2024-03-09 01:00:00+00:00,67967.0
2024-03-09 02:00:00+00:00,68200.0
2024-03-09 03:00:00+00:00,68291.0
2024-03-09 04:00:00+00:00,68352.0
2024-03-09 05:00:00+00:00,68301.0
2024-03-09 06:00:00+00:00,68476.0
2024-03-09 07:00:00+00:00,68332.0
2024-03-09 08:00:00+00:00,68365.0
2024-03-09 09:00:00+00:00,68369.0
2024-03-09 10:00:00+00:00,68230.0
2024-03-09 11:00:00+00:00,68360.0
2024-03-09 12:00:00+00:00,68522.0
2024-03-09 13:00:00+00:00,68397.0
2024-03-09 14:00:00+00:00,68190.0
2024-03-09 15:00:00+00:00,68339.0
2024-03-09 16:00:00+00:00,68171.0
2024-03-09 17:00:00+00:00,68216.0
2024-03-09 18:00:00+00:00,68304.0
2024-03-09 19:00:00+00:00,68250.0
2024-03-09 20:00:00+00:00,68397.0
2024-03-09 21:00:00+00:00,68429.0
2024-03-09 22:00:00+00:00,68419.0
2024-03-09 23:00:00+00:00,68375.0
2024-03-10 00:00:00+00:00,68409.0
2024-03-10 01:00:00+00:00,69037.0
2024-03-10 02:00:00+00:00,68892.0
2024-03-10 03:00:00+00:00,69196.0
2024-03-10 04:00:00+00:00,69485.0
2024-03-10 05:00:00+00:00,69408.0
2024-03-10 06:00:00+00:00,69405.0
2024-03-10 07:00:00+00:00,69441.0
2024-03-10 08:00:00+00:00,69760.0
2024-03-10 09:00:00+00:00,69906.0
2024-03-10 10:00:00+00:00,69864.0
2024-03-10 11:00:00+00:00,69651.0
2024-03-10 12:00:00+00:00,69850.0
2024-03-10 13:00:00+00:00,69397.0
2024-03-10 14:00:00+00:00,69341.0
2024-03-10 15:00:00+00:00,69254.0
2024-03-10 16:00:00+00:00,69499.0
2024-03-10 17:00:00+00:00,69499.0
2024-03-10 18:00:00+00:00,69302.0
2024-03-10 19:00:00+00:00,69470.0
2024-03-10 20:00:00+00:00,69384.0
2024-03-10 21:00:00+00:00,69179.0
2024-03-10 22:00:00+00:00,68474.0
2024-03-10 23:00:00+00:00,69000.0
2024-03-11 00:00:00+00:00,68149.0
2024-03-11 01:00:00+00:00,68375.0
2024-03-11 02:00:00+00:00,68372.0
2024-03-11 03:00:00+00:00,68644.0
2024-03-11 04:00:00+00:00,68609.0
2024-03-11 05:00:00+00:00,68616.0
2024-03-11 06:00:00+00:00,69410.0
2024-03-11 07:00:00+00:00,71203.0
2024-03-11 08:00:00+00:00,71300.0
2024-03-11 09:00:00+00:00,71900.0
2024-03-11 10:00:00+00:00,71574.0
2024-03-11 11:00:00+00:00,71558.0
2024-03-11 12:00:00+00:00,72069.0
2024-03-11 13:00:00+00:00,71594.0
2024-03-11 14:00:00+00:00,72267.0
2024-03-11 15:00:00+00:00,72051.0
2024-03-11 16:00:00+00:00,72587.0
2024-03-11 17:00:00+00:00,72553.0
2024-03-11 18:00:00+00:00,72550.0
2024-03-11 19:00:00+00:00,72039.0
2024-03-11 20:00:00+00:00,72184.0
2024-03-11 21:00:00+00:00,72608.0
2024-03-11 22:00:00+00:00,72517.0
2024-03-11 23:00:00+00:00,72153.0
2024-03-12 00:00:00+00:00,72073.0
2024-03-12 01:00:00+00:00,72530.0
2024-03-12 02:00:00+00:00,72291.0
2024-03-12 03:00:00+00:00,71680.0
2024-03-12 04:00:00+00:00,71870.0
2024-03-12 05:00:00+00:00,72050.0
2024-03-12 06:00:00+00:00,72340.0
2024-03-12 07:00:00+00:00,72189.0
2024-03-12 08:00:00+00:00,71742.0
2024-03-12 09:00:00+00:00,72012.0
2024-03-12 10:00:00+00:00,71951.0
2024-03-12 11:00:00+00:00,72108.0
2024-03-12 12:00:00+00:00,72257.0
2024-03-12 13:00:00+00:00,72370.0
2024-03-12 14:00:00+00:00,71729.0
2024-03-12 15:00:00+00:00,71793.0
2024-03-12 16:00:00+00:00,70581.0
2024-03-12 17:00:00+00:00,71162.0
2024-03-12 18:00:00+00:00,71485.0
2024-03-12 19:00:00+00:00,71404.0
2024-03-12 20:00:00+00:00,71101.0
2024-03-12 21:00:00+00:00,70900.0
2024-03-12 22:00:00+00:00,71220.0
2024-03-12 23:00:00+00:00,71512.0
2024-03-13 00:00:00+00:00,71484.0
2024-03-13 01:00:00+00:00,72085.0
2024-03-13 02:00:00+00:00,72048.0
2024-03-13 03:00:00+00:00,72143.0
2024-03-13 04:00:00+00:00,72299.0
2024-03-13 05:00:00+00:00,72237.0
2024-03-13 06:00:00+00:00,72830.0
2024-03-13 07:00:00+00:00,72956.0
2024-03-13 08:00:00+00:00,73509.0
2024-03-13 09:00:00+00:00,73376.0
2024-03-13 10:00:00+00:00,73321.0
2024-03-13 11:00:00+00:00,73147.0
2024-03-13 12:00:00+00:00,72873.0
2024-03-13 13:00:00+00:00,72276.0
2024-03-13 14:00:00+00:00,72423.0
2024-03-13 15:00:00+00:00,72672.0
2024-03-13 16:00:00+00:00,73061.0
2024-03-13 17:00:00+00:00,72885.0
2024-03-13 18:00:00+00:00,73210.0
2024-03-13 19:00:00+00:00,73400.0
2024-03-13 20:00:00+00:00,73139.0
2024-03-13 21:00:00+00:00,73312.0
2024-03-13 22:00:00+00:00,72998.0
2024-03-13 23:00:00+00:00,73133.0
2024-03-14 00:00:00+00:00,72900.0
2024-03-14 01:00:00+00:00,72998.0
2024-03-14 02:00:00+00:00,73107.0
2024-03-14 03:00:00+00:00,73349.0
2024-03-14 04:00:00+00:00,73010.0
2024-03-14 05:00:00+00:00,73224.0
2024-03-14 06:00:00+00:00,73657.0
2024-03-14 07:00:00+00:00,73290.0
2024-03-14 08:00:00+00:00,73409.0
2024-03-14 09:00:00+00:00,73397.0
2024-03-14 10:00:00+00:00,73053.0
2024-03-14 11:00:00+00:00,72955.0
2024-03-14 12:00:00+00:00,72907.0
2024-03-14 13:00:00+00:00,71958.0
2024-03-14 14:00:00+00:00,71783.0
2024-03-14 15:00:00+00:00,70895.0
2024-03-14 16:00:00+00:00,71416.0
2024-03-14 17:00:00+00:00,71091.0
2024-03-14 18:00:00+00:00,70157.0
2024-03-14 19:00:00+00:00,69529.0
2024-03-14 20:00:00+00:00,70807.0
2024-03-14 21:00:00+00:00,71168.0
2024-03-14 22:00:00+00:00,71608.0
2024-03-14 23:00:00+00:00,71474.0
2024-03-15 00:00:00+00:00,71982.0
2024-03-15 01:00:00+00:00,71724.0
2024-03-15 02:00:00+00:00,69105.0
2024-03-15 03:00:00+00:00,68255.0
2024-03-15 04:00:00+00:00,67486.0
2024-03-15 05:00:00+00:00,67490.0
2024-03-15 06:00:00+00:00,68695.0
2024-03-15 07:00:00+00:00,68461.0
2024-03-15 08:00:00+00:00,67090.0
2024-03-15 09:00:00+00:00,67836.0
2024-03-15 10:00:00+00:00,67282.0
2024-03-15 11:00:00+00:00,67783.0
2024-03-15 12:00:00+00:00,67948.0
2024-03-15 13:00:00+00:00,68501.0
2024-03-15 14:00:00+00:00,68676.0
2024-03-15 15:00:00+00:00,68199.0
2024-03-15 16:00:00+00:00,67944.0
2024-03-15 17:00:00+00:00,68250.0
2024-03-15 18:00:00+00:00,70279.0
2024-03-15 19:00:00+00:00,69010.0
2024-03-15 20:00:00+00:00,67904.0
2024-03-15 21:00:00+00:00,68346.0
2024-03-15 22:00:00+00:00,69139.0
2024-03-15 23:00:00+00:00,69524.0
2024-03-16 00:00:00+00:00,69689.0
2024-03-16 01:00:00+00:00,69320.0
2024-03-16 02:00:00+00:00,69105.0
2024-03-16 03:00:00+00:00,69241.0
2024-03-16 04:00:00+00:00,69041.0
2024-03-16 05:00:00+00:00,69020.0
2024-03-16 06:00:00+00:00,69222.0
2024-03-16 07:00:00+00:00,69475.0
2024-03-16 08:00:00+00:00,69050.0
2024-03-16 09:00:00+00:00,68980.0
2024-03-16 10:00:00+00:00,68470.0
2024-03-16 11:00:00+00:00,68293.0
2024-03-16 12:00:00+00:00,67923.0
2024-03-16 13:00:00+00:00,67739.0
2024-03-16 14:00:00+00:00,68241.0
2024-03-16 15:00:00+00:00,68424.0
2024-03-16 16:00:00+00:00,68221.0
2024-03-16 17:00:00+00:00,67277.0
2024-03-16 18:00:00+00:00,67035.0
2024-03-16 19:00:00+00:00,66896.0
2024-03-16 20:00:00+00:00,67144.0
2024-03-16 21:00:00+00:00,66264.0
2024-03-16 22:00:00+00:00,66385.0
2024-03-16 23:00:00+00:00,65332.0
2024-03-17 00:00:00+00:00,65255.0
2024-03-17 01:00:00+00:00,66200.0
2024-03-17 02:00:00+00:00,66379.0
2024-03-17 03:00:00+00:00,66557.0
2024-03-17 04:00:00+00:00,66387.0
2024-03-17 05:00:00+00:00,66276.0
2024-03-17 06:00:00+00:00,64981.0
2024-03-17 07:00:00+00:00,65673.0
2024-03-17 08:00:00+00:00,66571.0
2024-03-17 09:00:00+00:00,66504.0
2024-03-17 10:00:00+00:00,67211.0
2024-03-17 11:00:00+00:00,67006.0
2024-03-17 12:00:00+00:00,66623.0
2024-03-17 13:00:00+00:00,67188.0
2024-03-17 14:00:00+00:00,67656.0
2024-03-17 15:00:00+00:00,67993.0
2024-03-17 16:00:00+00:00,68057.0
2024-03-17 17:00:00+00:00,68583.0
2024-03-17 18:00:00+00:00,68228.0
2024-03-17 19:00:00+00:00,68564.0
2024-03-17 20:00:00+00:00,68323.0
2024-03-17 21:00:00+00:00,68191.0
2024-03-17 22:00:00+00:00,68267.0
2024-03-17 23:00:00+00:00,68433.0
2024-03-18 00:00:00+00:00,67355.0
2024-03-18 01:00:00+00:00,67676.0
2024-03-18 02:00:00+00:00,67824.0
2024-03-18 03:00:00+00:00,68037.0
2024-03-18 04:00:00+00:00,68416.0
2024-03-18 05:00:00+00:00,68748.0
2024-03-18 06:00:00+00:00,68536.0
2024-03-18 07:00:00+00:00,68263.0
2024-03-18 08:00:00+00:00,68072.0
2024-03-18 09:00:00+00:00,67895.0
2024-03-18 10:00:00+00:00,68181.0
2024-03-18 11:00:00+00:00,68295.0
2024-03-18 12:00:00+00:00,68605.0
2024-03-18 13:00:00+00:00,67583.0
2024-03-18 14:00:00+00:00,67034.0
2024-03-18 15:00:00+00:00,67505.0
2024-03-18 16:00:00+00:00,67138.0
2024-03-18 17:00:00+00:00,67404.0
2024-03-18 18:00:00+00:00,67016.0
2024-03-18 19:00:00+00:00,66932.0
2024-03-18 20:00:00+00:00,67380.0
2024-03-18 21:00:00+00:00,67643.0
2024-03-18 22:00:00+00:00,67725.0
2024-03-18 23:00:00+00:00,67644.0
2024-03-19 00:00:00+00:00,67107.0
2024-03-19 01:00:00+00:00,65877.0
2024-03-19 02:00:00+00:00,65901.0
2024-03-19 03:00:00+00:00,65899.0
2024-03-19 04:00:00+00:00,65381.0
2024-03-19 05:00:00+00:00,65233.0
2024-03-19 06:00:00+00:00,64956.0
2024-03-19 07:00:00+00:00,64735.0
2024-03-19 08:00:00+00:00,63508.0
2024-03-19 09:00:00+00:00,64169.0
2024-03-19 10:00:00+00:00,63285.0
2024-03-19 11:00:00+00:00,63127.0
2024-03-19 12:00:00+00:00,63660.0
2024-03-19 13:00:00+00:00,63600.0
2024-03-19 14:00:00+00:00,62932.0
2024-03-19 15:00:00+00:00,64090.0
2024-03-19 16:00:00+00:00,65015.0
2024-03-19 17:00:00+00:00,64900.0
2024-03-19 18:00:00+00:00,64737.0
2024-03-19 19:00:00+00:00,64425.0
2024-03-19 20:00:00+00:00,63805.0
2024-03-19 21:00:00+00:00,63985.0
2024-03-19 22:00:00+00:00,62674.0
2024-03-19 23:00:00+00:00,61972.0
2024-03-20 00:00:00+00:00,63282.0
2024-03-20 01:00:00+00:00,62427.0
2024-03-20 02:00:00+00:00,62924.0
2024-03-20 03:00:00+00:00,61859.0
2024-03-20 04:00:00+00:00,61664.0
2024-03-20 05:00:00+00:00,61556.0
2024-03-20 06:00:00+00:00,61780.0
2024-03-20 07:00:00+00:00,62995.0
2024-03-20 08:00:00+00:00,62730.0
2024-03-20 09:00:00+00:00,63249.0
2024-03-20 10:00:00+00:00,63081.0
2024-03-20 11:00:00+00:00,63417.0
2024-03-20 12:00:00+00:00,64083.0
2024-03-20 13:00:00+00:00,63614.0
2024-03-20 14:00:00+00:00,64244.0
2024-03-20 15:00:00+00:00,63616.0
2024-03-20 16:00:00+00:00,63131.0
2024-03-20 17:00:00+00:00,64148.0
2024-03-20 18:00:00+00:00,65442.0
2024-03-20 19:00:00+00:00,65809.0
2024-03-20 20:00:00+00:00,67083.0
2024-03-20 21:00:00+00:00,67704.0
2024-03-20 22:00:00+00:00,67700.0
2024-03-20 23:00:00+00:00,67851.0
2024-03-21 00:00:00+00:00,67671.0
2024-03-21 01:00:00+00:00,67810.0
2024-03-21 02:00:00+00:00,67552.0
2024-03-21 03:00:00+00:00,66642.0
2024-03-21 04:00:00+00:00,66724.0
2024-03-21 05:00:00+00:00,67036.0
2024-03-21 06:00:00+00:00,66991.0
2024-03-21 07:00:00+00:00,66994.0
2024-03-21 08:00:00+00:00,67310.0
2024-03-21 09:00:00+00:00,66866.0
2024-03-21 10:00:00+00:00,66993.0
2024-03-21 11:00:00+00:00,67058.0
2024-03-21 12:00:00+00:00,67280.0
2024-03-21 13:00:00+00:00,66758.0
2024-03-21 14:00:00+00:00,66893.0
2024-03-21 15:00:00+00:00,66589.0
2024-03-21 16:00:00+00:00,66826.0
2024-03-21 17:00:00+00:00,65768.0
2024-03-21 18:00:00+00:00,65179.0
2024-03-21 19:00:00+00:00,65256.0
2024-03-21 20:00:00+00:00,65520.0
2024-03-21 21:00:00+00:00,65693.0
2024-03-21 22:00:00+00:00,65426.0
2024-03-21 23:00:00+00:00,65536.0
2024-03-22 00:00:00+00:00,65846.0
2024-03-22 01:00:00+00:00,65248.0
2024-03-22 02:00:00+00:00,65678.0
2024-03-22 03:00:00+00:00,66011.0
2024-03-22 04:00:00+00:00,66164.0
2024-03-22 05:00:00+00:00,66461.0
2024-03-22 06:00:00+00:00,66478.0
2024-03-22 07:00:00+00:00,66205.0
2024-03-22 08:00:00+00:00,65877.0
2024-03-22 09:00:00+00:00,65519.0
2024-03-22 10:00:00+00:00,64677.0
2024-03-22 11:00:00+00:00,64230.0
2024-03-22 12:00:00+00:00,64265.0
2024-03-22 13:00:00+00:00,63078.0
2024-03-22 14:00:00+00:00,62751.0
2024-03-22 15:00:00+00:00,63902.0
2024-03-22 16:00:00+00:00,63276.0
2024-03-22 17:00:00+00:00,63612.0
2024-03-22 18:00:00+00:00,63762.0
2024-03-22 19:00:00+00:00,63876.0
2024-03-22 20:00:00+00:00,63505.0
2024-03-22 21:00:00+00:00,62970.0
2024-03-22 22:00:00+00:00,63039.0
2024-03-22 23:00:00+00:00,63816.0
2024-03-23 00:00:00+00:00,63606.0
2024-03-23 01:00:00+00:00,64130.0
2024-03-23 02:00:00+00:00,63889.0
2024-03-23 03:00:00+00:00,63588.0
2024-03-23 04:00:00+00:00,63900.0
2024-03-23 05:00:00+00:00,64089.0
2024-03-23 06:00:00+00:00,64182.0
2024-03-23 07:00:00+00:00,64586.0
2024-03-23 08:00:00+00:00,64564.0
2024-03-23 09:00:00+00:00,64504.0
2024-03-23 10:00:00+00:00,64364.0
2024-03-23 11:00:00+00:00,64675.0
2024-03-23 12:00:00+00:00,64731.0
2024-03-23 13:00:00+00:00,64620.0
2024-03-23 14:00:00+00:00,65270.0
2024-03-23 15:00:00+00:00,65129.0
2024-03-23 16:00:00+00:00,65668.0
2024-03-23 17:00:00+00:00,65695.0
2024-03-23 18:00:00+00:00,65434.0
2024-03-23 19:00:00+00:00,64890.0
2024-03-23 20:00:00+00:00,65024.0
2024-03-23 21:00:00+00:00,64962.0
2024-03-23 22:00:00+00:00,64761.0
2024-03-23 23:00:00+00:00,63997.0
2024-03-24 00:00:00+00:00,64542.0
2024-03-24 01:00:00+00:00,64498.0
2024-03-24 02:00:00+00:00,64301.0
2024-03-24 03:00:00+00:00,63984.0
2024-03-24 04:00:00+00:00,64237.0
2024-03-24 05:00:00+00:00,64310.0
2024-03-24 06:00:00+00:00,64234.0
2024-03-24 07:00:00+00:00,64605.0
2024-03-24 08:00:00+00:00,65259.0
2024-03-24 09:00:00+00:00,64900.0
2024-03-24 10:00:00+00:00,65111.0
2024-03-24 11:00:00+00:00,65350.0
2024-03-24 12:00:00+00:00,65661.0
2024-03-24 13:00:00+00:00,65370.0
2024-03-24 14:00:00+00:00,65659.0
2024-03-24 15:00:00+00:00,65686.0
2024-03-24 16:00:00+00:00,65257.0
2024-03-24 17:00:00+00:00,65355.0
2024-03-24 18:00:00+00:00,65880.0
2024-03-24 19:00:00+00:00,65869.0
2024-03-24 20:00:00+00:00,66188.0
2024-03-24 21:00:00+00:00,66541.0
2024-03-24 22:00:00+00:00,66965.0
2024-03-24 23:00:00+00:00,67249.0
2024-03-25 00:00:00+00:00,66606.0
2024-03-25 01:00:00+00:00,66574.0
2024-03-25 02:00:00+00:00,66716.0
2024-03-25 03:00:00+00:00,67383.0
2024-03-25 04:00:00+00:00,67520.0
2024-03-25 05:00:00+00:00,67377.0
2024-03-25 06:00:00+00:00,67171.0
2024-03-25 07:00:00+00:00,66840.0
2024-03-25 08:00:00+00:00,66958.0
2024-03-25 09:00:00+00:00,67089.0
2024-03-25 10:00:00+00:00,67042.0
2024-03-25 11:00:00+00:00,66842.0
2024-03-25 12:00:00+00:00,67116.0
2024-03-25 13:00:00+00:00,68037.0
2024-03-25 14:00:00+00:00,69431.0
2024-03-25 15:00:00+00:00,69848.0
2024-03-25 16:00:00+00:00,70205.0
2024-03-25 17:00:00+00:00,70610.0
2024-03-25 18:00:00+00:00,70909.0
2024-03-25 19:00:00+00:00,71026.0
2024-03-25 20:00:00+00:00,70960.0
2024-03-25 21:00:00+00:00,69894.0
2024-03-25 22:00:00+00:00,70349.0
2024-03-25 23:00:00+00:00,69904.0
2024-03-26 00:00:00+00:00,69941.0
2024-03-26 01:00:00+00:00,70331.0
2024-03-26 02:00:00+00:00,70590.0
2024-03-26 03:00:00+00:00,70480.0
2024-03-26 04:00:00+00:00,70650.0
2024-03-26 05:00:00+00:00,70348.0
2024-03-26 06:00:00+00:00,70658.0
2024-03-26 07:00:00+00:00,70546.0
2024-03-26 08:00:00+00:00,70761.0
2024-03-26 09:00:00+00:00,71208.0
2024-03-26 10:00:00+00:00,70954.0
2024-03-26 11:00:00+00:00,70739.0
2024-03-26 12:00:00+00:00,71175.0
2024-03-26 13:00:00+00:00,70448.0
2024-03-26 14:00:00+00:00,70391.0
2024-03-26 15:00:00+00:00,70320.0
2024-03-26 16:00:00+00:00,69799.0
2024-03-26 17:00:00+00:00,70146.0
2024-03-26 18:00:00+00:00,70012.0
2024-03-26 19:00:00+00:00,69520.0
2024-03-26 20:00:00+00:00,69876.0
2024-03-26 21:00:00+00:00,70068.0
2024-03-26 22:00:00+00:00,70307.0
2024-03-26 23:00:00+00:00,70046.0
2024-03-27 00:00:00+00:00,70712.0
2024-03-27 01:00:00+00:00,70404.0
2024-03-27 02:00:00+00:00,70644.0
2024-03-27 03:00:00+00:00,70445.0
2024-03-27 04:00:00+00:00,70258.0
2024-03-27 05:00:00+00:00,70534.0
2024-03-27 06:00:00+00:00,70379.0
2024-03-27 07:00:00+00:00,69773.0
2024-03-27 08:00:00+00:00,69601.0
2024-03-27 09:00:00+00:00,70127.0
2024-03-27 10:00:00+00:00,70194.0
2024-03-27 11:00:00+00:00,70308.0
2024-03-27 12:00:00+00:00,70253.0
2024-03-27 13:00:00+00:00,69944.0
2024-03-27 14:00:00+00:00,70138.0
2024-03-27 15:00:00+00:00,68908.0
2024-03-27 16:00:00+00:00,69308.0
2024-03-27 17:00:00+00:00,68723.0
2024-03-27 18:00:00+00:00,68539.0
2024-03-27 19:00:00+00:00,68702.0
2024-03-27 20:00:00+00:00,68956.0
2024-03-27 21:00:00+00:00,69006.0
2024-03-27 22:00:00+00:00,69510.0
2024-03-27 23:00:00+00:00,69549.0
2024-03-28 00:00:00+00:00,69760.0
2024-03-28 01:00:00+00:00,69511.0
2024-03-28 02:00:00+00:00,69220.0
2024-03-28 03:00:00+00:00,69357.0
2024-03-28 04:00:00+00:00,69802.0
2024-03-28 05:00:00+00:00,69795.0
2024-03-28 06:00:00+00:00,70429.0
2024-03-28 07:00:00+00:00,70467.0
2024-03-28 08:00:00+00:00,70639.0
2024-03-28 09:00:00+00:00,70639.0
2024-03-28 10:00:00+00:00,70890.0
2024-03-28 11:00:00+00:00,70733.0
2024-03-28 12:00:00+00:00,70930.0
2024-03-28 13:00:00+00:00,70935.0
2024-03-28 14:00:00+00:00,71598.0
2024-03-28 15:00:00+00:00,71350.0
2024-03-28 16:00:00+00:00,70753.0
2024-03-28 17:00:00+00:00,70876.0
2024-03-28 18:00:00+00:00,70616.0
2024-03-28 19:00:00+00:00,70860.0
2024-03-28 20:00:00+00:00,70736.0
2024-03-28 21:00:00+00:00,70851.0
2024-03-28 22:00:00+00:00,70914.0
2024-03-28 23:00:00+00:00,70859.0
2024-03-29 00:00:00+00:00,70821.0
2024-03-29 01:00:00+00:00,70872.0
2024-03-29 02:00:00+00:00,70700.0
2024-03-29 03:00:00+00:00,70490.0
2024-03-29 04:00:00+00:00,70425.0
2024-03-29 05:00:00+00:00,70233.0
2024-03-29 06:00:00+00:00,70492.0
2024-03-29 07:00:00+00:00,69864.0
2024-03-29 08:00:00+00:00,70009.0
2024-03-29 09:00:00+00:00,69813.0
2024-03-29 10:00:00+00:00,70160.0
2024-03-29 11:00:00+00:00,70194.0
2024-03-29 12:00:00+00:00,70190.0
2024-03-29 13:00:00+00:00,70510.0
2024-03-29 14:00:00+00:00,70140.0
2024-03-29 15:00:00+00:00,69237.0
2024-03-29 16:00:00+00:00,69225.0
2024-03-29 17:00:00+00:00,69459.0
2024-03-29 18:00:00+00:00,69572.0
2024-03-29 19:00:00+00:00,69734.0
2024-03-29 20:00:00+00:00,69680.0
2024-03-29 21:00:00+00:00,69480.0
2024-03-29 22:00:00+00:00,69859.0
2024-03-29 23:00:00+00:00,69900.0
2024-03-30 00:00:00+00:00,69984.0
2024-03-30 01:00:00+00:00,70050.0
2024-03-30 02:00:00+00:00,70010.0
2024-03-30 03:00:00+00:00,69848.0
2024-03-30 04:00:00+00:00,70134.0
2024-03-30 05:00:00+00:00,70079.0
2024-03-30 06:00:00+00:00,70016.0
2024-03-30 07:00:00+00:00,69902.0
2024-03-30 08:00:00+00:00,70033.0
2024-03-30 09:00:00+00:00,70080.0
2024-03-30 10:00:00+00:00,70092.0
2024-03-30 11:00:00+00:00,70250.0
2024-03-30 12:00:00+00:00,70282.0
2024-03-30 13:00:00+00:00,70214.0
2024-03-30 14:00:00+00:00,70091.0
2024-03-30 15:00:00+00:00,70053.0
2024-03-30 16:00:00+00:00,70241.0
2024-03-30 17:00:00+00:00,70108.0
2024-03-30 18:00:00+00:00,69978.0
2024-03-30 19:00:00+00:00,69951.0
2024-03-30 20:00:00+00:00,69861.0
2024-03-30 21:00:00+00:00,69767.0
2024-03-30 22:00:00+00:00,69784.0
2024-03-30 23:00:00+00:00,69639.0
2024-03-31 00:00:00+00:00,69925.0
2024-03-31 01:00:00+00:00,70104.0
2024-03-31 02:00:00+00:00,70061.0
2024-03-31 03:00:00+00:00,69986.0
2024-03-31 04:00:00+00:00,70181.0
2024-03-31 05:00:00+00:00,70425.0
2024-03-31 06:00:00+00:00,70282.0
2024-03-31 07:00:00+00:00,70362.0
2024-03-31 08:00:00+00:00,70345.0
2024-03-31 09:00:00+00:00,70302.0
2024-03-31 10:00:00+00:00,70345.0
2024-03-31 11:00:00+00:00,70454.0
2024-03-31 12:00:00+00:00,70574.0
2024-03-31 13:00:00+00:00,70665.0
2024-03-31 14:00:00+00:00,70612.0
2024-03-31 15:00:00+00:00,70438.0
2024-03-31 16:00:00+00:00,70554.0
2024-03-31 17:00:00+00:00,70579.0
2024-03-31 18:00:00+00:00,70956.0
2024-03-31 19:00:00+00:00,71123.0
2024-03-31 20:00:00+00:00,70929.0
2024-03-31 21:00:00+00:00,70930.0
2024-03-31 22:00:00+00:00,71046.0
2024-03-31 23:00:00+00:00,71378.0
2024-04-01 00:00:00+00:00,71220.0
2024-04-01 01:00:00+00:00,70881.0
2024-04-01 02:00:00+00:00,70933.0
2024-04-01 03:00:00+00:00,70660.0
2024-04-01 04:00:00+00:00,70517.0
2024-04-01 05:00:00+00:00,69179.0
2024-04-01 06:00:00+00:00,69646.0
2024-04-01 07:00:00+00:00,69635.0
2024-04-01 08:00:00+00:00,69434.0
2024-04-01 09:00:00+00:00,69448.0
2024-04-01 10:00:00+00:00,69607.0
2024-04-01 11:00:00+00:00,69515.0
2024-04-01 12:00:00+00:00,69897.0
2024-04-01 13:00:00+00:00,69936.0
2024-04-01 14:00:00+00:00,68937.0
2024-04-01 15:00:00+00:00,68278.0
2024-04-01 16:00:00+00:00,68614.0
2024-04-01 17:00:00+00:00,68788.0
2024-04-01 18:00:00+00:00,68961.0
2024-04-01 19:00:00+00:00,69685.0
2024-04-01 20:00:00+00:00,69787.0
2024-04-01 21:00:00+00:00,69640.0
2024-04-01 22:00:00+00:00,69764.0
2024-04-01 23:00:00+00:00,69707.0
2024-04-02 00:00:00+00:00,69420.0
2024-04-02 01:00:00+00:00,69450.0
2024-04-02 02:00:00+00:00,67032.0
2024-04-02 03:00:00+00:00,66732.0
2024-04-02 04:00:00+00:00,66620.0
2024-04-02 05:00:00+00:00,66782.0
2024-04-02 06:00:00+00:00,66903.0
2024-04-02 07:00:00+00:00,66520.0
2024-04-02 08:00:00+00:00,66276.0
2024-04-02 09:00:00+00:00,66112.0
2024-04-02 10:00:00+00:00,66035.0
2024-04-02 11:00:00+00:00,65687.0
2024-04-02 12:00:00+00:00,65388.0
2024-04-02 13:00:00+00:00,65243.0
2024-04-02 14:00:00+00:00,65737.0
2024-04-02 15:00:00+00:00,64894.0
2024-04-02 16:00:00+00:00,65574.0
2024-04-02 17:00:00+00:00,65652.0
2024-04-02 18:00:00+00:00,65869.0
2024-04-02 19:00:00+00:00,65925.0
2024-04-02 20:00:00+00:00,65669.0
2024-04-02 21:00:00+00:00,65700.0
2024-04-02 22:00:00+00:00,65838.0
2024-04-02 23:00:00+00:00,65484.0
2024-04-03 00:00:00+00:00,65427.0
2024-04-03 01:00:00+00:00,65832.0
2024-04-03 02:00:00+00:00,65944.0
2024-04-03 03:00:00+00:00,66256.0
2024-04-03 04:00:00+00:00,66348.0
2024-04-03 05:00:00+00:00,66110.0
2024-04-03 06:00:00+00:00,66375.0
2024-04-03 07:00:00+00:00,66169.0
2024-04-03 08:00:00+00:00,66555.0
2024-04-03 09:00:00+00:00,66522.0
2024-04-03 10:00:00+00:00,66242.0
2024-04-03 11:00:00+00:00,66096.0
2024-04-03 12:00:00+00:00,65950.0
2024-04-03 13:00:00+00:00,65845.0
2024-04-03 14:00:00+00:00,66663.0
2024-04-03 15:00:00+00:00,65861.0
2024-04-03 16:00:00+00:00,66232.0
2024-04-03 17:00:00+00:00,65983.0
2024-04-03 18:00:00+00:00,66038.0
2024-04-03 19:00:00+00:00,65792.0
2024-04-03 20:00:00+00:00,65720.0
2024-04-03 21:00:00+00:00,65943.0
2024-04-03 22:00:00+00:00,66159.0
2024-04-03 23:00:00+00:00,65972.0
2024-04-04 00:00:00+00:00,66310.0
2024-04-04 01:00:00+00:00,66166.0
2024-04-04 02:00:00+00:00,65765.0
2024-04-04 03:00:00+00:00,65645.0
2024-04-04 04:00:00+00:00,65503.0
2024-04-04 05:00:00+00:00,65607.0
2024-04-04 06:00:00+00:00,65787.0
2024-04-04 07:00:00+00:00,66095.0
2024-04-04 08:00:00+00:00,66226.0
2024-04-04 09:00:00+00:00,66290.0
2024-04-04 10:00:00+00:00,66300.0
2024-04-04 11:00:00+00:00,66363.0
2024-04-04 12:00:00+00:00,66709.0
2024-04-04 13:00:00+00:00,67230.0
2024-04-04 14:00:00+00:00,67667.0
2024-04-04 15:00:00+00:00,67620.0
2024-04-04 16:00:00+00:00,67772.0
2024-04-04 17:00:00+00:00,68814.0
2024-04-04 18:00:00+00:00,68559.0
2024-04-04 19:00:00+00:00,68481.0
2024-04-04 20:00:00+00:00,67930.0
2024-04-04 21:00:00+00:00,67795.0
2024-04-04 22:00:00+00:00,67915.0
2024-04-04 23:00:00+00:00,68481.0
2024-04-05 00:00:00+00:00,68605.0
2024-04-05 01:00:00+00:00,68168.0
2024-04-05 02:00:00+00:00,67608.0
2024-04-05 03:00:00+00:00,67876.0
2024-04-05 04:00:00+00:00,67652.0
2024-04-05 05:00:00+00:00,66869.0
2024-04-05 06:00:00+00:00,67157.0
2024-04-05 07:00:00+00:00,66933.0
2024-04-05 08:00:00+00:00,67176.0
2024-04-05 09:00:00+00:00,66816.0
2024-04-05 10:00:00+00:00,67064.0
2024-04-05 11:00:00+00:00,66490.0
2024-04-05 12:00:00+00:00,66903.0
2024-04-05 13:00:00+00:00,67514.0
2024-04-05 14:00:00+00:00,68150.0
2024-04-05 15:00:00+00:00,68215.0
2024-04-05 16:00:00+00:00,67973.0
2024-04-05 17:00:00+00:00,67469.0
2024-04-05 18:00:00+00:00,67634.0
2024-04-05 19:00:00+00:00,67390.0
2024-04-05 20:00:00+00:00,67612.0
2024-04-05 21:00:00+00:00,67490.0
2024-04-05 22:00:00+00:00,67632.0
2024-04-05 23:00:00+00:00,67814.0
2024-04-06 00:00:00+00:00,67899.0
2024-04-06 01:00:00+00:00,67699.0
2024-04-06 02:00:00+00:00,67578.0
2024-04-06 03:00:00+00:00,67792.0
2024-04-06 04:00:00+00:00,67740.0
2024-04-06 05:00:00+00:00,68024.0
2024-04-06 06:00:00+00:00,68110.0
2024-04-06 07:00:00+00:00,67995.0
2024-04-06 08:00:00+00:00,68013.0
2024-04-06 09:00:00+00:00,67807.0
2024-04-06 10:00:00+00:00,67845.0
2024-04-06 11:00:00+00:00,67664.0
2024-04-06 12:00:00+00:00,67748.0
2024-04-06 13:00:00+00:00,67698.0
2024-04-06 14:00:00+00:00,67988.0
2024-04-06 15:00:00+00:00,68101.0
2024-04-06 16:00:00+00:00,68128.0
2024-04-06 17:00:00+00:00,68298.0
2024-04-06 18:00:00+00:00,68308.0
2024-04-06 19:00:00+00:00,68265.0
2024-04-06 20:00:00+00:00,68390.0
2024-04-06 21:00:00+00:00,68302.0
2024-04-06 22:00:00+00:00,69050.0
2024-04-06 23:00:00+00:00,68895.0
2024-04-07 00:00:00+00:00,68992.0
2024-04-07 01:00:00+00:00,69509.0
2024-04-07 02:00:00+00:00,69286.0
2024-04-07 03:00:00+00:00,69391.0
2024-04-07 04:00:00+00:00,69271.0
2024-04-07 05:00:00+00:00,69372.0
2024-04-07 06:00:00+00:00,69218.0
2024-04-07 07:00:00+00:00,69346.0
2024-04-07 08:00:00+00:00,69480.0
2024-04-07 09:00:00+00:00,69287.0
2024-04-07 10:00:00+00:00,69319.0
2024-04-07 11:00:00+00:00,69348.0
2024-04-07 12:00:00+00:00,69323.0
2024-04-07 13:00:00+00:00,69350.0
2024-04-07 14:00:00+00:00,69578.0
2024-04-07 15:00:00+00:00,69552.0
2024-04-07 16:00:00+00:00,70082.0
2024-04-07 17:00:00+00:00,69812.0
2024-04-07 18:00:00+00:00,69404.0
2024-04-07 19:00:00+00:00,69070.0
2024-04-07 20:00:00+00:00,69324.0
2024-04-07 21:00:00+00:00,69034.0
2024-04-07 22:00:00+00:00,69220.0
2024-04-07 23:00:00+00:00,69355.0
2024-04-08 00:00:00+00:00,69349.0
2024-04-08 01:00:00+00:00,69441.0
2024-04-08 02:00:00+00:00,69221.0
2024-04-08 03:00:00+00:00,69448.0
2024-04-08 04:00:00+00:00,69367.0
2024-04-08 05:00:00+00:00,69707.0
2024-04-08 06:00:00+00:00,69788.0
2024-04-08 07:00:00+00:00,70698.0
2024-04-08 08:00:00+00:00,71994.0
2024-04-08 09:00:00+00:00,72249.0
2024-04-08 10:00:00+00:00,72366.0
2024-04-08 11:00:00+00:00,72447.0
2024-04-08 12:00:00+00:00,72234.0
2024-04-08 13:00:00+00:00,71999.0
2024-04-08 14:00:00+00:00,71787.0
2024-04-08 15:00:00+00:00,71823.0
2024-04-08 16:00:00+00:00,71781.0
2024-04-08 17:00:00+00:00,71732.0
2024-04-08 18:00:00+00:00,71954.0
2024-04-08 19:00:00+00:00,71807.0
2024-04-08 20:00:00+00:00,71760.0
2024-04-08 21:00:00+00:00,71738.0
2024-04-08 22:00:00+00:00,71972.0
2024-04-08 23:00:00+00:00,71675.0
2024-04-09 00:00:00+00:00,71474.0
2024-04-09 01:00:00+00:00,71327.0
2024-04-09 02:00:00+00:00,71531.0
2024-04-09 03:00:00+00:00,71350.0
2024-04-09 04:00:00+00:00,71260.0
2024-04-09 05:00:00+00:00,71106.0
2024-04-09 06:00:00+00:00,70800.0
2024-04-09 07:00:00+00:00,70435.0
2024-04-09 08:00:00+00:00,70536.0
2024-04-09 09:00:00+00:00,70425.0
2024-04-09 10:00:00+00:00,70604.0
2024-04-09 11:00:00+00:00,70856.0
2024-04-09 12:00:00+00:00,70736.0
2024-04-09 13:00:00+00:00,69984.0
2024-04-09 14:00:00+00:00,69414.0
2024-04-09 15:00:00+00:00,69324.0
2024-04-09 16:00:00+00:00,68656.0
2024-04-09 17:00:00+00:00,68884.0
2024-04-09 18:00:00+00:00,68927.0
2024-04-09 19:00:00+00:00,69059.0
2024-04-09 20:00:00+00:00,69226.0
2024-04-09 21:00:00+00:00,69255.0
2024-04-09 22:00:00+00:00,69355.0
2024-04-09 23:00:00+00:00,69187.0
2024-04-10 00:00:00+00:00,69186.0
2024-04-10 01:00:00+00:00,69319.0
2024-04-10 02:00:00+00:00,68696.0
2024-04-10 03:00:00+00:00,69188.0
2024-04-10 04:00:00+00:00,69170.0
2024-04-10 05:00:00+00:00,69296.0
2024-04-10 06:00:00+00:00,69411.0
2024-04-10 07:00:00+00:00,69373.0
2024-04-10 08:00:00+00:00,69056.0
2024-04-10 09:00:00+00:00,69178.0
2024-04-10 10:00:00+00:00,68952.0
2024-04-10 11:00:00+00:00,69085.0
2024-04-10 12:00:00+00:00,68017.0
2024-04-10 13:00:00+00:00,68310.0
2024-04-10 14:00:00+00:00,68748.0
2024-04-10 15:00:00+00:00,68692.0
2024-04-10 16:00:00+00:00,69548.0
2024-04-10 17:00:00+00:00,69380.0
2024-04-10 18:00:00+00:00,69347.0
2024-04-10 19:00:00+00:00,70114.0
2024-04-10 20:00:00+00:00,69839.0
2024-04-10 21:00:00+00:00,70048.0
2024-04-10 22:00:00+00:00,70569.0
2024-04-10 23:00:00+00:00,70656.0
2024-04-11 00:00:00+00:00,70548.0
2024-04-11 01:00:00+00:00,70591.0
2024-04-11 02:00:00+00:00,71012.0
2024-04-11 03:00:00+00:00,70876.0
2024-04-11 04:00:00+00:00,70629.0
2024-04-11 05:00:00+00:00,70615.0
2024-04-11 06:00:00+00:00,70735.0
2024-04-11 07:00:00+00:00,70749.0
2024-04-11 08:00:00+00:00,71055.0
2024-04-11 09:00:00+00:00,70615.0
2024-04-11 10:00:00+00:00,70478.0
2024-04-11 11:00:00+00:00,70003.0
2024-04-11 12:00:00+00:00,70864.0
2024-04-11 13:00:00+00:00,70301.0
2024-04-11 14:00:00+00:00,69613.0
2024-04-11 15:00:00+00:00,70039.0
2024-04-11 16:00:00+00:00,70055.0
2024-04-11 17:00:00+00:00,70242.0
2024-04-11 18:00:00+00:00,70136.0
2024-04-11 19:00:00+00:00,70494.0
2024-04-11 20:00:00+00:00,70550.0
2024-04-11 21:00:00+00:00,70167.0
2024-04-11 22:00:00+00:00,70192.0
2024-04-11 23:00:00+00:00,70039.0
2024-04-12 00:00:00+00:00,70333.0
2024-04-12 01:00:00+00:00,70317.0
2024-04-12 02:00:00+00:00,70667.0
2024-04-12 03:00:00+00:00,71000.0
2024-04-12 04:00:00+00:00,71154.0
2024-04-12 05:00:00+00:00,70987.0
2024-04-12 06:00:00+00:00,70899.0
2024-04-12 07:00:00+00:00,70801.0
2024-04-12 08:00:00+00:00,70800.0
2024-04-12 09:00:00+00:00,70683.0
2024-04-12 10:00:00+00:00,70812.0
2024-04-12 11:00:00+00:00,70915.0
2024-04-12 12:00:00+00:00,70567.0
2024-04-12 13:00:00+00:00,69912.0
2024-04-12 14:00:00+00:00,69284.0
2024-04-12 15:00:00+00:00,69376.0
2024-04-12 16:00:00+00:00,68864.0
2024-04-12 17:00:00+00:00,68188.0
2024-04-12 18:00:00+00:00,66490.0
2024-04-12 19:00:00+00:00,66819.0
2024-04-12 20:00:00+00:00,67130.0
2024-04-12 21:00:00+00:00,66980.0
2024-04-12 22:00:00+00:00,67068.0
2024-04-12 23:00:00+00:00,67121.0
2024-04-13 00:00:00+00:00,66937.0
2024-04-13 01:00:00+00:00,65867.0
2024-04-13 02:00:00+00:00,66525.0
2024-04-13 03:00:00+00:00,67136.0
2024-04-13 04:00:00+00:00,67578.0
2024-04-13 05:00:00+00:00,67330.0
2024-04-13 06:00:00+00:00,67475.0
2024-04-13 07:00:00+00:00,67433.0
2024-04-13 08:00:00+00:00,67166.0
2024-04-13 09:00:00+00:00,67382.0
2024-04-13 10:00:00+00:00,67424.0
2024-04-13 11:00:00+00:00,67342.0
2024-04-13 12:00:00+00:00,67500.0
2024-04-13 13:00:00+00:00,67532.0
2024-04-13 14:00:00+00:00,67556.0
2024-04-13 15:00:00+00:00,67660.0
2024-04-13 16:00:00+00:00,67418.0
2024-04-13 17:00:00+00:00,66736.0
2024-04-13 18:00:00+00:00,67166.0
2024-04-13 19:00:00+00:00,64708.0
2024-04-13 20:00:00+00:00,61766.0
2024-04-13 21:00:00+00:00,62892.0
2024-04-13 22:00:00+00:00,64259.0
2024-04-13 23:00:00+00:00,63906.0
2024-04-14 00:00:00+00:00,63647.0
2024-04-14 01:00:00+00:00,63715.0
2024-04-14 02:00:00+00:00,63059.0
2024-04-14 03:00:00+00:00,63407.0
2024-04-14 04:00:00+00:00,63939.0
2024-04-14 05:00:00+00:00,64363.0
2024-04-14 06:00:00+00:00,64624.0
2024-04-14 07:00:00+00:00,64440.0
2024-04-14 08:00:00+00:00,64510.0
2024-04-14 09:00:00+00:00,64102.0
2024-04-14 10:00:00+00:00,64430.0
2024-04-14 11:00:00+00:00,64157.0
2024-04-14 12:00:00+00:00,64507.0
2024-04-14 13:00:00+00:00,64355.0
2024-04-14 14:00:00+00:00,63905.0
2024-04-14 15:00:00+00:00,64167.0
2024-04-14 16:00:00+00:00,64393.0
2024-04-14 17:00:00+00:00,63856.0
2024-04-14 18:00:00+00:00,64382.0
2024-04-14 19:00:00+00:00,64145.0
2024-04-14 20:00:00+00:00,63821.0
2024-04-14 21:00:00+00:00,63646.0
2024-04-14 22:00:00+00:00,65299.0
2024-04-14 23:00:00+00:00,65619.0
2024-04-15 00:00:00+00:00,65455.0
2024-04-15 01:00:00+00:00,65255.0
2024-04-15 02:00:00+00:00,65108.0
2024-04-15 03:00:00+00:00,65105.0
2024-04-15 04:00:00+00:00,64879.0
2024-04-15 05:00:00+00:00,65441.0
2024-04-15 06:00:00+00:00,66415.0
2024-04-15 07:00:00+00:00,66206.0
2024-04-15 08:00:00+00:00,66240.0
2024-04-15 09:00:00+00:00,66555.0
2024-04-15 10:00:00+00:00,66441.0
2024-04-15 11:00:00+00:00,65838.0
2024-04-15 12:00:00+00:00,66000.0
2024-04-15 13:00:00+00:00,65824.0
2024-04-15 14:00:00+00:00,64199.0
2024-04-15 15:00:00+00:00,64531.0
2024-04-15 16:00:00+00:00,64108.0
2024-04-15 17:00:00+00:00,63874.0
2024-04-15 18:00:00+00:00,63116.0
2024-04-15 19:00:00+00:00,63269.0
2024-04-15 20:00:00+00:00,63096.0
2024-04-15 21:00:00+00:00,63245.0
2024-04-15 22:00:00+00:00,63440.0
2024-04-15 23:00:00+00:00,63414.0
2024-04-16 00:00:00+00:00,63250.0
2024-04-16 01:00:00+00:00,63116.0
2024-04-16 02:00:00+00:00,63369.0
2024-04-16 03:00:00+00:00,62936.0
2024-04-16 04:00:00+00:00,62469.0
2024-04-16 05:00:00+00:00,62678.0
2024-04-16 06:00:00+00:00,63165.0
2024-04-16 07:00:00+00:00,63483.0
2024-04-16 08:00:00+00:00,63255.0
2024-04-16 09:00:00+00:00,63216.0
2024-04-16 10:00:00+00:00,62545.0
2024-04-16 11:00:00+00:00,63072.0
2024-04-16 12:00:00+00:00,63026.0
2024-04-16 13:00:00+00:00,62675.0
2024-04-16 14:00:00+00:00,62060.0
2024-04-16 15:00:00+00:00,61739.0
2024-04-16 16:00:00+00:00,62749.0
2024-04-16 17:00:00+00:00,62458.0
2024-04-16 18:00:00+00:00,62993.0
2024-04-16 19:00:00+00:00,62683.0
2024-04-16 20:00:00+00:00,62999.0
2024-04-16 21:00:00+00:00,63976.0
2024-04-16 22:00:00+00:00,63753.0
2024-04-16 23:00:00+00:00,63773.0
2024-04-17 00:00:00+00:00,63991.0
2024-04-17 01:00:00+00:00,63998.0
2024-04-17 02:00:00+00:00,63822.0
2024-04-17 03:00:00+00:00,63816.0
2024-04-17 04:00:00+00:00,64062.0
2024-04-17 05:00:00+00:00,63895.0
2024-04-17 06:00:00+00:00,63850.0
2024-04-17 07:00:00+00:00,63250.0
2024-04-17 08:00:00+00:00,63296.0
2024-04-17 09:00:00+00:00,63287.0
2024-04-17 10:00:00+00:00,62872.0
2024-04-17 11:00:00+00:00,62559.0
2024-04-17 12:00:00+00:00,62289.0
2024-04-17 13:00:00+00:00,62596.0
2024-04-17 14:00:00+00:00,61257.0
2024-04-17 15:00:00+00:00,60271.0
2024-04-17 16:00:00+00:00,60163.0
2024-04-17 17:00:00+00:00,61248.0
2024-04-17 18:00:00+00:00,61419.0
2024-04-17 19:00:00+00:00,61001.0
2024-04-17 20:00:00+00:00,60826.0
2024-04-17 21:00:00+00:00,61282.0
2024-04-17 22:00:00+00:00,61662.0
2024-04-17 23:00:00+00:00,61245.0
2024-04-18 00:00:00+00:00,61500.0
2024-04-18 01:00:00+00:00,61614.0
2024-04-18 02:00:00+00:00,61637.0
2024-04-18 03:00:00+00:00,61967.0
2024-04-18 04:00:00+00:00,61612.0
2024-04-18 05:00:00+00:00,61025.0
2024-04-18 06:00:00+00:00,61117.0
2024-04-18 07:00:00+00:00,61144.0
2024-04-18 08:00:00+00:00,61300.0
2024-04-18 09:00:00+00:00,61597.0
2024-04-18 10:00:00+00:00,61790.0
2024-04-18 11:00:00+00:00,62552.0
2024-04-18 12:00:00+00:00,62217.0
2024-04-18 13:00:00+00:00,62771.0
2024-04-18 14:00:00+00:00,63776.0
2024-04-18 15:00:00+00:00,63466.0
2024-04-18 16:00:00+00:00,63488.0
2024-04-18 17:00:00+00:00,62755.0
2024-04-18 18:00:00+00:00,63077.0
2024-04-18 19:00:00+00:00,63446.0
2024-04-18 20:00:00+00:00,63472.0
2024-04-18 21:00:00+00:00,63434.0
2024-04-18 22:00:00+00:00,63466.0
2024-04-18 23:00:00+00:00,63446.0
2024-04-19 00:00:00+00:00,62689.0
2024-04-19 01:00:00+00:00,60991.0
2024-04-19 02:00:00+00:00,61340.0
2024-04-19 03:00:00+00:00,61769.0
2024-04-19 04:00:00+00:00,62423.0
2024-04-19 05:00:00+00:00,62064.0
2024-04-19 06:00:00+00:00,64601.0
2024-04-19 07:00:00+00:00,64524.0
2024-04-19 08:00:00+00:00,64613.0
2024-04-19 09:00:00+00:00,64761.0
2024-04-19 10:00:00+00:00,64754.0
2024-04-19 11:00:00+00:00,64842.0
2024-04-19 12:00:00+00:00,64931.0
2024-04-19 13:00:00+00:00,64869.0
2024-04-19 14:00:00+00:00,64418.0
2024-04-19 15:00:00+00:00,64414.0
2024-04-19 16:00:00+00:00,63970.0
2024-04-19 17:00:00+00:00,64600.0
2024-04-19 18:00:00+00:00,64184.0
2024-04-19 19:00:00+00:00,64308.0
2024-04-19 20:00:00+00:00,64027.0
2024-04-19 21:00:00+00:00,64374.0
2024-04-19 22:00:00+00:00,63975.0
2024-04-19 23:00:00+00:00,63775.0
2024-04-20 00:00:00+00:00,63401.0
2024-04-20 01:00:00+00:00,63621.0
2024-04-20 02:00:00+00:00,63796.0
2024-04-20 03:00:00+00:00,63928.0
2024-04-20 04:00:00+00:00,64102.0
2024-04-20 05:00:00+00:00,64120.0
2024-04-20 06:00:00+00:00,64016.0
2024-04-20 07:00:00+00:00,63936.0
2024-04-20 08:00:00+00:00,63698.0
2024-04-20 09:00:00+00:00,63581.0
2024-04-20 10:00:00+00:00,63533.0
2024-04-20 11:00:00+00:00,63677.0
2024-04-20 12:00:00+00:00,63785.0
2024-04-20 13:00:00+00:00,63837.0
2024-04-20 14:00:00+00:00,63890.0
2024-04-20 15:00:00+00:00,64775.0
2024-04-20 16:00:00+00:00,64711.0
2024-04-20 17:00:00+00:00,65170.0
2024-04-20 18:00:00+00:00,64922.0
2024-04-20 19:00:00+00:00,64839.0
2024-04-20 20:00:00+00:00,64691.0
2024-04-20 21:00:00+00:00,64695.0
2024-04-20 22:00:00+00:00,64580.0
2024-04-20 23:00:00+00:00,64900.0
2024-04-21 00:00:00+00:00,64730.0
2024-04-21 01:00:00+00:00,64918.0
2024-04-21 02:00:00+00:00,65271.0
2024-04-21 03:00:00+00:00,65148.0
2024-04-21 04:00:00+00:00,65032.0
2024-04-21 05:00:00+00:00,64998.0
2024-04-21 06:00:00+00:00,65027.0
2024-04-21 07:00:00+00:00,65108.0
2024-04-21 08:00:00+00:00,64908.0
2024-04-21 09:00:00+00:00,64881.0
2024-04-21 10:00:00+00:00,64927.0
2024-04-21 11:00:00+00:00,65202.0
2024-04-21 12:00:00+00:00,64970.0
2024-04-21 13:00:00+00:00,64845.0
2024-04-21 14:00:00+00:00,64863.0
2024-04-21 15:00:00+00:00,65022.0
2024-04-21 16:00:00+00:00,64548.0
2024-04-21 17:00:00+00:00,64787.0
2024-04-21 18:00:00+00:00,64753.0
2024-04-21 19:00:00+00:00,64508.0
2024-04-21 20:00:00+00:00,64624.0
2024-04-21 21:00:00+00:00,64638.0
2024-04-21 22:00:00+00:00,65005.0
2024-04-21 23:00:00+00:00,64911.0
2024-04-22 00:00:00+00:00,64880.0
2024-04-22 01:00:00+00:00,64639.0
2024-04-22 02:00:00+00:00,64783.0
2024-04-22 03:00:00+00:00,65692.0
2024-04-22 04:00:00+00:00,65717.0
2024-04-22 05:00:00+00:00,66350.0
2024-04-22 06:00:00+00:00,66280.0
2024-04-22 07:00:00+00:00,65936.0
2024-04-22 08:00:00+00:00,65937.0
2024-04-22 09:00:00+00:00,65915.0
2024-04-22 10:00:00+00:00,66018.0
2024-04-22 11:00:00+00:00,65848.0
2024-04-22 12:00:00+00:00,65971.0
2024-04-22 13:00:00+00:00,66070.0
2024-04-22 14:00:00+00:00,65991.0
2024-04-22 15:00:00+00:00,65962.0
2024-04-22 16:00:00+00:00,66122.0
2024-04-22 17:00:00+00:00,66480.0
2024-04-22 18:00:00+00:00,66281.0
2024-04-22 19:00:00+00:00,66482.0
2024-04-22 20:00:00+00:00,66469.0
2024-04-22 21:00:00+00:00,66482.0
2024-04-22 22:00:00+00:00,66988.0
2024-04-22 23:00:00+00:00,66771.0
2024-04-23 00:00:00+00:00,66984.0
2024-04-23 01:00:00+00:00,66739.0
2024-04-23 02:00:00+00:00,66579.0
2024-04-23 03:00:00+00:00,66399.0
2024-04-23 04:00:00+00:00,66209.0
2024-04-23 05:00:00+00:00,66458.0
2024-04-23 06:00:00+00:00,66347.0
2024-04-23 07:00:00+00:00,66066.0
2024-04-23 08:00:00+00:00,66183.0
2024-04-23 09:00:00+00:00,66044.0
2024-04-23 10:00:00+00:00,66189.0
2024-04-23 11:00:00+00:00,66023.0
2024-04-23 12:00:00+00:00,66105.0
2024-04-23 13:00:00+00:00,66475.0
2024-04-23 14:00:00+00:00,66884.0
2024-04-23 15:00:00+00:00,66399.0
2024-04-23 16:00:00+00:00,66724.0
2024-04-23 17:00:00+00:00,66730.0
2024-04-23 18:00:00+00:00,66762.0
2024-04-23 19:00:00+00:00,66458.0
2024-04-23 20:00:00+00:00,66329.0
2024-04-23 21:00:00+00:00,66326.0
2024-04-23 22:00:00+00:00,66339.0
2024-04-23 23:00:00+00:00,66398.0
2024-04-24 00:00:00+00:00,66730.0
2024-04-24 01:00:00+00:00,66716.0
2024-04-24 02:00:00+00:00,66513.0
2024-04-24 03:00:00+00:00,66598.0
2024-04-24 04:00:00+00:00,66982.0
2024-04-24 05:00:00+00:00,66723.0
2024-04-24 06:00:00+00:00,66756.0
2024-04-24 07:00:00+00:00,66591.0
2024-04-24 08:00:00+00:00,66511.0
2024-04-24 09:00:00+00:00,66327.0
2024-04-24 10:00:00+00:00,66401.0
2024-04-24 11:00:00+00:00,66560.0
2024-04-24 12:00:00+00:00,66314.0
2024-04-24 13:00:00+00:00,66031.0
2024-04-24 14:00:00+00:00,65211.0
2024-04-24 15:00:00+00:00,64597.0
2024-04-24 16:00:00+00:00,64785.0
2024-04-24 17:00:00+00:00,64863.0
2024-04-24 18:00:00+00:00,64108.0
2024-04-24 19:00:00+00:00,63966.0
2024-04-24 20:00:00+00:00,64082.0
2024-04-24 21:00:00+00:00,64377.0
2024-04-24 22:00:00+00:00,64068.0
2024-04-24 23:00:00+00:00,64260.0
2024-04-25 00:00:00+00:00,64521.0
2024-04-25 01:00:00+00:00,64028.0
2024-04-25 02:00:00+00:00,64267.0
2024-04-25 03:00:00+00:00,64257.0
2024-04-25 04:00:00+00:00,64319.0
2024-04-25 05:00:00+00:00,64191.0
2024-04-25 06:00:00+00:00,64257.0
2024-04-25 07:00:00+00:00,63997.0
2024-04-25 08:00:00+00:00,63908.0
2024-04-25 09:00:00+00:00,63941.0
2024-04-25 10:00:00+00:00,63423.0
2024-04-25 11:00:00+00:00,63815.0
2024-04-25 12:00:00+00:00,63391.0
2024-04-25 13:00:00+00:00,63419.0
2024-04-25 14:00:00+00:00,63354.0
2024-04-25 15:00:00+00:00,64104.0
2024-04-25 16:00:00+00:00,64422.0
2024-04-25 17:00:00+00:00,64700.0
2024-04-25 18:00:00+00:00,64699.0
2024-04-25 19:00:00+00:00,64739.0
2024-04-25 20:00:00+00:00,64751.0
2024-04-25 21:00:00+00:00,64661.0
2024-04-25 22:00:00+00:00,64570.0
2024-04-25 23:00:00+00:00,64465.0
2024-04-26 00:00:00+00:00,64276.0
2024-04-26 01:00:00+00:00,64366.0
2024-04-26 02:00:00+00:00,64472.0
2024-04-26 03:00:00+00:00,64363.0
2024-04-26 04:00:00+00:00,64193.0
2024-04-26 05:00:00+00:00,64504.0
2024-04-26 06:00:00+00:00,64331.0
2024-04-26 07:00:00+00:00,64245.0
2024-04-26 08:00:00+00:00,64385.0
2024-04-26 09:00:00+00:00,64462.0
2024-04-26 10:00:00+00:00,64070.0
2024-04-26 11:00:00+00:00,64217.0
2024-04-26 12:00:00+00:00,64114.0
2024-04-26 13:00:00+00:00,64463.0
2024-04-26 14:00:00+00:00,63830.0
2024-04-26 15:00:00+00:00,63480.0
2024-04-26 16:00:00+00:00,63638.0
2024-04-26 17:00:00+00:00,63983.0
2024-04-26 18:00:00+00:00,64037.0
2024-04-26 19:00:00+00:00,63724.0
2024-04-26 20:00:00+00:00,63950.0
2024-04-26 21:00:00+00:00,64035.0
2024-04-26 22:00:00+00:00,63798.0
2024-04-26 23:00:00+00:00,63746.0
2024-04-27 00:00:00+00:00,63171.0
2024-04-27 01:00:00+00:00,62575.0
2024-04-27 02:00:00+00:00,62909.0
2024-04-27 03:00:00+00:00,63069.0
2024-04-27 04:00:00+00:00,63039.0
2024-04-27 05:00:00+00:00,62967.0
2024-04-27 06:00:00+00:00,63007.0
2024-04-27 07:00:00+00:00,62952.0
2024-04-27 08:00:00+00:00,63004.0
2024-04-27 09:00:00+00:00,62960.0
2024-04-27 10:00:00+00:00,62779.0
2024-04-27 11:00:00+00:00,62838.0
2024-04-27 12:00:00+00:00,63014.0
2024-04-27 13:00:00+00:00,63195.0
2024-04-27 14:00:00+00:00,63105.0
2024-04-27 15:00:00+00:00,62936.0
2024-04-27 16:00:00+00:00,62713.0
2024-04-27 17:00:00+00:00,63397.0
2024-04-27 18:00:00+00:00,63300.0
2024-04-27 19:00:00+00:00,63330.0
2024-04-27 20:00:00+00:00,63252.0
2024-04-27 21:00:00+00:00,63256.0
2024-04-27 22:00:00+00:00,63236.0
2024-04-27 23:00:00+00:00,63413.0
2024-04-28 00:00:00+00:00,63577.0
2024-04-28 01:00:00+00:00,63560.0
2024-04-28 02:00:00+00:00,63920.0
2024-04-28 03:00:00+00:00,63992.0
2024-04-28 04:00:00+00:00,63820.0
2024-04-28 05:00:00+00:00,63935.0
2024-04-28 06:00:00+00:00,63945.0
2024-04-28 07:00:00+00:00,63891.0
2024-04-28 08:00:00+00:00,63690.0
2024-04-28 09:00:00+00:00,63739.0
2024-04-28 10:00:00+00:00,63671.0
2024-04-28 11:00:00+00:00,63463.0
2024-04-28 12:00:00+00:00,63556.0
2024-04-28 13:00:00+00:00,63739.0
2024-04-28 14:00:00+00:00,63578.0
2024-04-28 15:00:00+00:00,63508.0
2024-04-28 16:00:00+00:00,63675.0
2024-04-28 17:00:00+00:00,63730.0
2024-04-28 18:00:00+00:00,63903.0
2024-04-28 19:00:00+00:00,63695.0
2024-04-28 20:00:00+00:00,63650.0
2024-04-28 21:00:00+00:00,63637.0
2024-04-28 22:00:00+00:00,63119.0
2024-04-28 23:00:00+00:00,63093.0
2024-04-29 00:00:00+00:00,63233.0
2024-04-29 01:00:00+00:00,63206.0
2024-04-29 02:00:00+00:00,62682.0
2024-04-29 03:00:00+00:00,62250.0
2024-04-29 04:00:00+00:00,62502.0
2024-04-29 05:00:00+00:00,62409.0
2024-04-29 06:00:00+00:00,62160.0
2024-04-29 07:00:00+00:00,62364.0
2024-04-29 08:00:00+00:00,62366.0
2024-04-29 09:00:00+00:00,62522.0
2024-04-29 10:00:00+00:00,62372.0
2024-04-29 11:00:00+00:00,62241.0
2024-04-29 12:00:00+00:00,62583.0
2024-04-29 13:00:00+00:00,61986.0
2024-04-29 14:00:00+00:00,62815.0
2024-04-29 15:00:00+00:00,63018.0
2024-04-29 16:00:00+00:00,62762.0
2024-04-29 17:00:00+00:00,63005.0
2024-04-29 18:00:00+00:00,62848.0
2024-04-29 19:00:00+00:00,62960.0
2024-04-29 20:00:00+00:00,62942.0
2024-04-29 21:00:00+00:00,63067.0
2024-04-29 22:00:00+00:00,63846.0
2024-04-29 23:00:00+00:00,63828.0
2024-04-30 00:00:00+00:00,64548.0
2024-04-30 01:00:00+00:00,63584.0
2024-04-30 02:00:00+00:00,63747.0
2024-04-30 03:00:00+00:00,63629.0
2024-04-30 04:00:00+00:00,63392.0
2024-04-30 05:00:00+00:00,63291.0
2024-04-30 06:00:00+00:00,63379.0
2024-04-30 07:00:00+00:00,63115.0
2024-04-30 08:00:00+00:00,61879.0
2024-04-30 09:00:00+00:00,61646.0
2024-04-30 10:00:00+00:00,61755.0
2024-04-30 11:00:00+00:00,61195.0
2024-04-30 12:00:00+00:00,61215.0
2024-04-30 13:00:00+00:00,60801.0
2024-04-30 14:00:00+00:00,61212.0
2024-04-30 15:00:00+00:00,60760.0
2024-04-30 16:00:00+00:00,60305.0
2024-04-30 17:00:00+00:00,60338.0
2024-04-30 18:00:00+00:00,60387.0
2024-04-30 19:00:00+00:00,59277.0
2024-04-30 20:00:00+00:00,59934.0
2024-04-30 21:00:00+00:00,60147.0
2024-04-30 22:00:00+00:00,60563.0
2024-04-30 23:00:00+00:00,60656.0
2024-05-01 00:00:00+00:00,60214.0
2024-05-01 01:00:00+00:00,60113.0
2024-05-01 02:00:00+00:00,59910.0
2024-05-01 03:00:00+00:00,60223.0
2024-05-01 04:00:00+00:00,60259.0
2024-05-01 05:00:00+00:00,60038.0
2024-05-01 06:00:00+00:00,59515.0
2024-05-01 07:00:00+00:00,57474.0
2024-05-01 08:00:00+00:00,57145.0
2024-05-01 09:00:00+00:00,57081.0
2024-05-01 10:00:00+00:00,57748.0
2024-05-01 11:00:00+00:00,57871.0
2024-05-01 12:00:00+00:00,57942.0
2024-05-01 13:00:00+00:00,57272.0
2024-05-01 14:00:00+00:00,57463.0
2024-05-01 15:00:00+00:00,56861.0
2024-05-01 16:00:00+00:00,57023.0
2024-05-01 17:00:00+00:00,57407.0
2024-05-01 18:00:00+00:00,58888.0
2024-05-01 19:00:00+00:00,56937.0
2024-05-01 20:00:00+00:00,57330.0
2024-05-01 21:00:00+00:00,57878.0
2024-05-01 22:00:00+00:00,57844.0
2024-05-01 23:00:00+00:00,58299.0
2024-05-02 00:00:00+00:00,57722.0
2024-05-02 01:00:00+00:00,57083.0
2024-05-02 02:00:00+00:00,57436.0
2024-05-02 03:00:00+00:00,57413.0
2024-05-02 04:00:00+00:00,57376.0
2024-05-02 05:00:00+00:00,57463.0
2024-05-02 06:00:00+00:00,57615.0
2024-05-02 07:00:00+00:00,57652.0
2024-05-02 08:00:00+00:00,57817.0
2024-05-02 09:00:00+00:00,57784.0
2024-05-02 10:00:00+00:00,57778.0
2024-05-02 11:00:00+00:00,58525.0
2024-05-02 12:00:00+00:00,58517.0
2024-05-02 13:00:00+00:00,58418.0
2024-05-02 14:00:00+00:00,59015.0
2024-05-02 15:00:00+00:00,59226.0
2024-05-02 16:00:00+00:00,58985.0
2024-05-02 17:00:00+00:00,59162.0
2024-05-02 18:00:00+00:00,59362.0
2024-05-02 19:00:00+00:00,59318.0
2024-05-02 20:00:00+00:00,58689.0
2024-05-02 21:00:00+00:00,59076.0
2024-05-02 22:00:00+00:00,59294.0
2024-05-02 23:00:00+00:00,59031.0
2024-05-03 00:00:00+00:00,59003.0
2024-05-03 01:00:00+00:00,59293.0
2024-05-03 02:00:00+00:00,59519.0
2024-05-03 03:00:00+00:00,59683.0
2024-05-03 04:00:00+00:00,59570.0
2024-05-03 05:00:00+00:00,59495.0
2024-05-03 06:00:00+00:00,59221.0
2024-05-03 07:00:00+00:00,59150.0
2024-05-03 08:00:00+00:00,59194.0
2024-05-03 09:00:00+00:00,59433.0
2024-05-03 10:00:00+00:00,59013.0
2024-05-03 11:00:00+00:00,59276.0
2024-05-03 12:00:00+00:00,60598.0
2024-05-03 13:00:00+00:00,61639.0
2024-05-03 14:00:00+00:00,61580.0
2024-05-03 15:00:00+00:00,61654.0
2024-05-03 16:00:00+00:00,61654.0
2024-05-03 17:00:00+00:00,61772.0
2024-05-03 18:00:00+00:00,61790.0
2024-05-03 19:00:00+00:00,62031.0
2024-05-03 20:00:00+00:00,62872.0
2024-05-03 21:00:00+00:00,62700.0
2024-05-03 22:00:00+00:00,62740.0
2024-05-03 23:00:00+00:00,62844.0
2024-05-04 00:00:00+00:00,63042.0
2024-05-04 01:00:00+00:00,62821.0
2024-05-04 02:00:00+00:00,62671.0
2024-05-04 03:00:00+00:00,62687.0
2024-05-04 04:00:00+00:00,63026.0
2024-05-04 05:00:00+00:00,63361.0
2024-05-04 06:00:00+00:00,62938.0
2024-05-04 07:00:00+00:00,62927.0
2024-05-04 08:00:00+00:00,63145.0
2024-05-04 09:00:00+00:00,63160.0
2024-05-04 10:00:00+00:00,64392.0
2024-05-04 11:00:00+00:00,63848.0
2024-05-04 12:00:00+00:00,64039.0
2024-05-04 13:00:00+00:00,63691.0
2024-05-04 14:00:00+00:00,63779.0
2024-05-04 15:00:00+00:00,63585.0
2024-05-04 16:00:00+00:00,63649.0
2024-05-04 17:00:00+00:00,63432.0
2024-05-04 18:00:00+00:00,63621.0
2024-05-04 19:00:00+00:00,63884.0
2024-05-04 20:00:00+00:00,63851.0
2024-05-04 21:00:00+00:00,63873.0
2024-05-04 22:00:00+00:00,63580.0
2024-05-04 23:00:00+00:00,63860.0
2024-05-05 00:00:00+00:00,63489.0
2024-05-05 01:00:00+00:00,63289.0
2024-05-05 02:00:00+00:00,63120.0
2024-05-05 03:00:00+00:00,63204.0
2024-05-05 04:00:00+00:00,63317.0
2024-05-05 05:00:00+00:00,63194.0
2024-05-05 06:00:00+00:00,63356.0
2024-05-05 07:00:00+00:00,63706.0
2024-05-05 08:00:00+00:00,63656.0
2024-05-05 09:00:00+00:00,63651.0
2024-05-05 10:00:00+00:00,63678.0
2024-05-05 11:00:00+00:00,63839.0
2024-05-05 12:00:00+00:00,63708.0
2024-05-05 13:00:00+00:00,64087.0
2024-05-05 14:00:00+00:00,64077.0
2024-05-05 15:00:00+00:00,64400.0
2024-05-05 16:00:00+00:00,64300.0
2024-05-05 17:00:00+00:00,64187.0
2024-05-05 18:00:00+00:00,63913.0
2024-05-05 19:00:00+00:00,63850.0
2024-05-05 20:00:00+00:00,63708.0
2024-05-05 21:00:00+00:00,63836.0
2024-05-05 22:00:00+00:00,63825.0
2024-05-05 23:00:00+00:00,63998.0
2024-05-06 00:00:00+00:00,64195.0
2024-05-06 01:00:00+00:00,64113.0
2024-05-06 02:00:00+00:00,63794.0
2024-05-06 03:00:00+00:00,63843.0
2024-05-06 04:00:00+00:00,64134.0
2024-05-06 05:00:00+00:00,64154.0
2024-05-06 06:00:00+00:00,64204.0
2024-05-06 07:00:00+00:00,64517.0
2024-05-06 08:00:00+00:00,65131.0
2024-05-06 09:00:00+00:00,65156.0
2024-05-06 10:00:00+00:00,64010.0
2024-05-06 11:00:00+00:00,64198.0
2024-05-06 12:00:00+00:00,63578.0
2024-05-06 13:00:00+00:00,63852.0
2024-05-06 14:00:00+00:00,63214.0
2024-05-06 15:00:00+00:00,63595.0
2024-05-06 16:00:00+00:00,63146.0
2024-05-06 17:00:00+00:00,63143.0
2024-05-06 18:00:00+00:00,63375.0
2024-05-06 19:00:00+00:00,63206.0
2024-05-06 20:00:00+00:00,63301.0
2024-05-06 21:00:00+00:00,63534.0
2024-05-06 22:00:00+00:00,63481.0
2024-05-06 23:00:00+00:00,63150.0
2024-05-07 00:00:00+00:00,63539.0
2024-05-07 01:00:00+00:00,63887.0
2024-05-07 02:00:00+00:00,63697.0
2024-05-07 03:00:00+00:00,63219.0
2024-05-07 04:00:00+00:00,63436.0
2024-05-07 05:00:00+00:00,63536.0
2024-05-07 06:00:00+00:00,63598.0
2024-05-07 07:00:00+00:00,63652.0
2024-05-07 08:00:00+00:00,64212.0
2024-05-07 09:00:00+00:00,64100.0
2024-05-07 10:00:00+00:00,64074.0
2024-05-07 11:00:00+00:00,63474.0
2024-05-07 12:00:00+00:00,63648.0
2024-05-07 13:00:00+00:00,63195.0
2024-05-07 14:00:00+00:00,64012.0
2024-05-07 15:00:00+00:00,63721.0
2024-05-07 16:00:00+00:00,63612.0
2024-05-07 17:00:00+00:00,63374.0
2024-05-07 18:00:00+00:00,63160.0
2024-05-07 19:00:00+00:00,63042.0
2024-05-07 20:00:00+00:00,62968.0
2024-05-07 21:00:00+00:00,63056.0
2024-05-07 22:00:00+00:00,62833.0
2024-05-07 23:00:00+00:00,62315.0
2024-05-08 00:00:00+00:00,62589.0
2024-05-08 01:00:00+00:00,62526.0
2024-05-08 02:00:00+00:00,62755.0
2024-05-08 03:00:00+00:00,62891.0
2024-05-08 04:00:00+00:00,62505.0
2024-05-08 05:00:00+00:00,62592.0
2024-05-08 06:00:00+00:00,62476.0
2024-05-08 07:00:00+00:00,62188.0
2024-05-08 08:00:00+00:00,62363.0
2024-05-08 09:00:00+00:00,62279.0
2024-05-08 10:00:00+00:00,62416.0
2024-05-08 11:00:00+00:00,62220.0
2024-05-08 12:00:00+00:00,62221.0
2024-05-08 13:00:00+00:00,62426.0
2024-05-08 14:00:00+00:00,62547.0
2024-05-08 15:00:00+00:00,62268.0
2024-05-08 16:00:00+00:00,62431.0
2024-05-08 17:00:00+00:00,62580.0
2024-05-08 18:00:00+00:00,62500.0
2024-05-08 19:00:00+00:00,62155.0
2024-05-08 20:00:00+00:00,61538.0
2024-05-08 21:00:00+00:00,61475.0
2024-05-08 22:00:00+00:00,61237.0
2024-05-08 23:00:00+00:00,61164.0
2024-05-09 00:00:00+00:00,61377.0
2024-05-09 01:00:00+00:00,61529.0
2024-05-09 02:00:00+00:00,61647.0
2024-05-09 03:00:00+00:00,61644.0
2024-05-09 04:00:00+00:00,61469.0
2024-05-09 05:00:00+00:00,61543.0
2024-05-09 06:00:00+00:00,61589.0
2024-05-09 07:00:00+00:00,61234.0
2024-05-09 08:00:00+00:00,61294.0
2024-05-09 09:00:00+00:00,61259.0
2024-05-09 10:00:00+00:00,60771.0
2024-05-09 11:00:00+00:00,61034.0
2024-05-09 12:00:00+00:00,61479.0
2024-05-09 13:00:00+00:00,61170.0
2024-05-09 14:00:00+00:00,61520.0
2024-05-09 15:00:00+00:00,62124.0
2024-05-09 16:00:00+00:00,61836.0
2024-05-09 17:00:00+00:00,61913.0
2024-05-09 18:00:00+00:00,62236.0
2024-05-09 19:00:00+00:00,62427.0
2024-05-09 20:00:00+00:00,62585.0
2024-05-09 21:00:00+00:00,62512.0
2024-05-09 22:00:00+00:00,63250.0
2024-05-09 23:00:00+00:00,63036.0
2024-05-10 00:00:00+00:00,62817.0
2024-05-10 01:00:00+00:00,62851.0
2024-05-10 02:00:00+00:00,62868.0
2024-05-10 03:00:00+00:00,62877.0
2024-05-10 04:00:00+00:00,62903.0
2024-05-10 05:00:00+00:00,62733.0
2024-05-10 06:00:00+00:00,63128.0
2024-05-10 07:00:00+00:00,63042.0
2024-05-10 08:00:00+00:00,63026.0
2024-05-10 09:00:00+00:00,63109.0
2024-05-10 10:00:00+00:00,63009.0
2024-05-10 11:00:00+00:00,63277.0
2024-05-10 12:00:00+00:00,62984.0
2024-05-10 13:00:00+00:00,62967.0
2024-05-10 14:00:00+00:00,61040.0
2024-05-10 15:00:00+00:00,60900.0
2024-05-10 16:00:00+00:00,61065.0
2024-05-10 17:00:00+00:00,60392.0
2024-05-10 18:00:00+00:00,60701.0
2024-05-10 19:00:00+00:00,60687.0
2024-05-10 20:00:00+00:00,60507.0
2024-05-10 21:00:00+00:00,60702.0
2024-05-10 22:00:00+00:00,60831.0
2024-05-10 23:00:00+00:00,60790.0
2024-05-11 00:00:00+00:00,60776.0
2024-05-11 01:00:00+00:00,60858.0
2024-05-11 02:00:00+00:00,60888.0
2024-05-11 03:00:00+00:00,60720.0
2024-05-11 04:00:00+00:00,60758.0
2024-05-11 05:00:00+00:00,60912.0
2024-05-11 06:00:00+00:00,60937.0
2024-05-11 07:00:00+00:00,60994.0
2024-05-11 08:00:00+00:00,60776.0
2024-05-11 09:00:00+00:00,60895.0
2024-05-11 10:00:00+00:00,60735.0
2024-05-11 11:00:00+00:00,60658.0
2024-05-11 12:00:00+00:00,60687.0
2024-05-11 13:00:00+00:00,60957.0
2024-05-11 14:00:00+00:00,60823.0
2024-05-11 15:00:00+00:00,61162.0
2024-05-11 16:00:00+00:00,61187.0
2024-05-11 17:00:00+00:00,61099.0
2024-05-11 18:00:00+00:00,61203.0
2024-05-11 19:00:00+00:00,61128.0
2024-05-11 20:00:00+00:00,60991.0
2024-05-11 21:00:00+00:00,60896.0
2024-05-11 22:00:00+00:00,60884.0
2024-05-11 23:00:00+00:00,60811.0
2024-05-12 00:00:00+00:00,60953.0
2024-05-12 01:00:00+00:00,60842.0
2024-05-12 02:00:00+00:00,60906.0
2024-05-12 03:00:00+00:00,60907.0
2024-05-12 04:00:00+00:00,61066.0
2024-05-12 05:00:00+00:00,61016.0
2024-05-12 06:00:00+00:00,60918.0
2024-05-12 07:00:00+00:00,60790.0
2024-05-12 08:00:00+00:00,61027.0
2024-05-12 09:00:00+00:00,60974.0
2024-05-12 10:00:00+00:00,61149.0
2024-05-12 11:00:00+00:00,61119.0
2024-05-12 12:00:00+00:00,61140.0
2024-05-12 13:00:00+00:00,61180.0
2024-05-12 14:00:00+00:00,61156.0
2024-05-12 15:00:00+00:00,61398.0
2024-05-12 16:00:00+00:00,61310.0
2024-05-12 17:00:00+00:00,61588.0
2024-05-12 18:00:00+00:00,61343.0
2024-05-12 19:00:00+00:00,61380.0
2024-05-12 20:00:00+00:00,61250.0
2024-05-12 21:00:00+00:00,61200.0
2024-05-12 22:00:00+00:00,61295.0
2024-05-12 23:00:00+00:00,61450.0
2024-05-13 00:00:00+00:00,61484.0
2024-05-13 01:00:00+00:00,61383.0
2024-05-13 02:00:00+00:00,60999.0
2024-05-13 03:00:00+00:00,61130.0
2024-05-13 04:00:00+00:00,60967.0
2024-05-13 05:00:00+00:00,60839.0
2024-05-13 06:00:00+00:00,61493.0
2024-05-13 07:00:00+00:00,62312.0
2024-05-13 08:00:00+00:00,62737.0
2024-05-13 09:00:00+00:00,63032.0
2024-05-13 10:00:00+00:00,62646.0
2024-05-13 11:00:00+00:00,62696.0
2024-05-13 12:00:00+00:00,62815.0
2024-05-13 13:00:00+00:00,62739.0
2024-05-13 14:00:00+00:00,62727.0
2024-05-13 15:00:00+00:00,62978.0
2024-05-13 16:00:00+00:00,63141.0
2024-05-13 17:00:00+00:00,62770.0
2024-05-13 18:00:00+00:00,62755.0
2024-05-13 19:00:00+00:00,63143.0
2024-05-13 20:00:00+00:00,63068.0
2024-05-13 21:00:00+00:00,62864.0
2024-05-13 22:00:00+00:00,62729.0
2024-05-13 23:00:00+00:00,62910.0
2024-05-14 00:00:00+00:00,62797.0
2024-05-14 01:00:00+00:00,62615.0
2024-05-14 02:00:00+00:00,62518.0
2024-05-14 03:00:00+00:00,62459.0
2024-05-14 04:00:00+00:00,62519.0
2024-05-14 05:00:00+00:00,62690.0
2024-05-14 06:00:00+00:00,62026.0
2024-05-14 07:00:00+00:00,62003.0
2024-05-14 08:00:00+00:00,61833.0
2024-05-14 09:00:00+00:00,61768.0
2024-05-14 10:00:00+00:00,61690.0
2024-05-14 11:00:00+00:00,61780.0
2024-05-14 12:00:00+00:00,61551.0
2024-05-14 13:00:00+00:00,61676.0
2024-05-14 14:00:00+00:00,61779.0
2024-05-14 15:00:00+00:00,61750.0
2024-05-14 16:00:00+00:00,61397.0
2024-05-14 17:00:00+00:00,61286.0
2024-05-14 18:00:00+00:00,61413.0
2024-05-14 19:00:00+00:00,61564.0
2024-05-14 20:00:00+00:00,61585.0
2024-05-14 21:00:00+00:00,61664.0
2024-05-14 22:00:00+00:00,61681.0
2024-05-14 23:00:00+00:00,61546.0
2024-05-15 00:00:00+00:00,61418.0
2024-05-15 01:00:00+00:00,61665.0
2024-05-15 02:00:00+00:00,61743.0
2024-05-15 03:00:00+00:00,61928.0
2024-05-15 04:00:00+00:00,61875.0
2024-05-15 05:00:00+00:00,61899.0
2024-05-15 06:00:00+00:00,61940.0
2024-05-15 07:00:00+00:00,62158.0
2024-05-15 08:00:00+00:00,62121.0
2024-05-15 09:00:00+00:00,62611.0
2024-05-15 10:00:00+00:00,62634.0
2024-05-15 11:00:00+00:00,62445.0
2024-05-15 12:00:00+00:00,63728.0
2024-05-15 13:00:00+00:00,64098.0
2024-05-15 14:00:00+00:00,64462.0
2024-05-15 15:00:00+00:00,64675.0
2024-05-15 16:00:00+00:00,64727.0
2024-05-15 17:00:00+00:00,65008.0
2024-05-15 18:00:00+00:00,65697.0
2024-05-15 19:00:00+00:00,65951.0
2024-05-15 20:00:00+00:00,65903.0
2024-05-15 21:00:00+00:00,65826.0
2024-05-15 22:00:00+00:00,66080.0
2024-05-15 23:00:00+00:00,66186.0
2024-05-16 00:00:00+00:00,66044.0
2024-05-16 01:00:00+00:00,65956.0
2024-05-16 02:00:00+00:00,65881.0
2024-05-16 03:00:00+00:00,65938.0
2024-05-16 04:00:00+00:00,65790.0
2024-05-16 05:00:00+00:00,65756.0
2024-05-16 06:00:00+00:00,65942.0
2024-05-16 07:00:00+00:00,66107.0
2024-05-16 08:00:00+00:00,66258.0
2024-05-16 09:00:00+00:00,66333.0
2024-05-16 10:00:00+00:00,66128.0
2024-05-16 11:00:00+00:00,66477.0
2024-05-16 12:00:00+00:00,65970.0
2024-05-16 13:00:00+00:00,66299.0
2024-05-16 14:00:00+00:00,65582.0
2024-05-16 15:00:00+00:00,65809.0
2024-05-16 16:00:00+00:00,65134.0
2024-05-16 17:00:00+00:00,64983.0
2024-05-16 18:00:00+00:00,65107.0
2024-05-16 19:00:00+00:00,65157.0
2024-05-16 20:00:00+00:00,65259.0
2024-05-16 21:00:00+00:00,65441.0
2024-05-16 22:00:00+00:00,65400.0
2024-05-16 23:00:00+00:00,65226.0
2024-05-17 00:00:00+00:00,65482.0
2024-05-17 01:00:00+00:00,65326.0
2024-05-17 02:00:00+00:00,65363.0
2024-05-17 03:00:00+00:00,65559.0
2024-05-17 04:00:00+00:00,65426.0
2024-05-17 05:00:00+00:00,65676.0
2024-05-17 06:00:00+00:00,65922.0
2024-05-17 07:00:00+00:00,66363.0
2024-05-17 08:00:00+00:00,66119.0
2024-05-17 09:00:00+00:00,66317.0
2024-05-17 10:00:00+00:00,66470.0
2024-05-17 11:00:00+00:00,66195.0
2024-05-17 12:00:00+00:00,66365.0
2024-05-17 13:00:00+00:00,65916.0
2024-05-17 14:00:00+00:00,66800.0
2024-05-17 15:00:00+00:00,67160.0
2024-05-17 16:00:00+00:00,66888.0
2024-05-17 17:00:00+00:00,66674.0
2024-05-17 18:00:00+00:00,66792.0
2024-05-17 19:00:00+00:00,67018.0
2024-05-17 20:00:00+00:00,66859.0
2024-05-17 21:00:00+00:00,66784.0
2024-05-17 22:00:00+00:00,66739.0
2024-05-17 23:00:00+00:00,66973.0
2024-05-18 00:00:00+00:00,66863.0
2024-05-18 01:00:00+00:00,66943.0
2024-05-18 02:00:00+00:00,66876.0
2024-05-18 03:00:00+00:00,66914.0
2024-05-18 04:00:00+00:00,66854.0
2024-05-18 05:00:00+00:00,66828.0
2024-05-18 06:00:00+00:00,66889.0
2024-05-18 07:00:00+00:00,66851.0
2024-05-18 08:00:00+00:00,66996.0
2024-05-18 09:00:00+00:00,67111.0
2024-05-18 10:00:00+00:00,67183.0
2024-05-18 11:00:00+00:00,67166.0
2024-05-18 12:00:00+00:00,66921.0
2024-05-18 13:00:00+00:00,66837.0
2024-05-18 14:00:00+00:00,66761.0
2024-05-18 15:00:00+00:00,66771.0
2024-05-18 16:00:00+00:00,66852.0
2024-05-18 17:00:00+00:00,66832.0
2024-05-18 18:00:00+00:00,66768.0
2024-05-18 19:00:00+00:00,66879.0
2024-05-18 20:00:00+00:00,66944.0
2024-05-18 21:00:00+00:00,66877.0
2024-05-18 22:00:00+00:00,66896.0
2024-05-18 23:00:00+00:00,66876.0
2024-05-19 00:00:00+00:00,66885.0
2024-05-19 01:00:00+00:00,66897.0
2024-05-19 02:00:00+00:00,67170.0
2024-05-19 03:00:00+00:00,67134.0
2024-05-19 04:00:00+00:00,67126.0
2024-05-19 05:00:00+00:00,67073.0
2024-05-19 06:00:00+00:00,67009.0
2024-05-19 07:00:00+00:00,67298.0
2024-05-19 08:00:00+00:00,67131.0
2024-05-19 09:00:00+00:00,67159.0
2024-05-19 10:00:00+00:00,67248.0
2024-05-19 11:00:00+00:00,67300.0
2024-05-19 12:00:00+00:00,66803.0
2024-05-19 13:00:00+00:00,67006.0
2024-05-19 14:00:00+00:00,66893.0
2024-05-19 15:00:00+00:00,66868.0
2024-05-19 16:00:00+00:00,66625.0
2024-05-19 17:00:00+00:00,66685.0
2024-05-19 18:00:00+00:00,66556.0
2024-05-19 19:00:00+00:00,66007.0
2024-05-19 20:00:00+00:00,66123.0
2024-05-19 21:00:00+00:00,66258.0
2024-05-19 22:00:00+00:00,66328.0
2024-05-19 23:00:00+00:00,66236.0
2024-05-20 00:00:00+00:00,66427.0
2024-05-20 01:00:00+00:00,66499.0
2024-05-20 02:00:00+00:00,66646.0
2024-05-20 03:00:00+00:00,66642.0
2024-05-20 04:00:00+00:00,67117.0
2024-05-20 05:00:00+00:00,67114.0
2024-05-20 06:00:00+00:00,66380.0
2024-05-20 07:00:00+00:00,66794.0
2024-05-20 08:00:00+00:00,66732.0
2024-05-20 09:00:00+00:00,66868.0
2024-05-20 10:00:00+00:00,67086.0
2024-05-20 11:00:00+00:00,66971.0
2024-05-20 12:00:00+00:00,66900.0
2024-05-20 13:00:00+00:00,67073.0
2024-05-20 14:00:00+00:00,66960.0
2024-05-20 15:00:00+00:00,67390.0
2024-05-20 16:00:00+00:00,68172.0
2024-05-20 17:00:00+00:00,68291.0
2024-05-20 18:00:00+00:00,68678.0
2024-05-20 19:00:00+00:00,70003.0
2024-05-20 20:00:00+00:00,69481.0
2024-05-20 21:00:00+00:00,69695.0
2024-05-20 22:00:00+00:00,69578.0
2024-05-20 23:00:00+00:00,71437.0
2024-05-21 00:00:00+00:00,71307.0
2024-05-21 01:00:00+00:00,71084.0
2024-05-21 02:00:00+00:00,71230.0
2024-05-21 03:00:00+00:00,71250.0
2024-05-21 04:00:00+00:00,70892.0
2024-05-21 05:00:00+00:00,71168.0
2024-05-21 06:00:00+00:00,71173.0
2024-05-21 07:00:00+00:00,70893.0
2024-05-21 08:00:00+00:00,70930.0
2024-05-21 09:00:00+00:00,71003.0
2024-05-21 10:00:00+00:00,71092.0
2024-05-21 11:00:00+00:00,71136.0
2024-05-21 12:00:00+00:00,71376.0
2024-05-21 13:00:00+00:00,70618.0
2024-05-21 14:00:00+00:00,70222.0
2024-05-21 15:00:00+00:00,69866.0
2024-05-21 16:00:00+00:00,69717.0
2024-05-21 17:00:00+00:00,69907.0
2024-05-21 18:00:00+00:00,69879.0
2024-05-21 19:00:00+00:00,69316.0
2024-05-21 20:00:00+00:00,69752.0
2024-05-21 21:00:00+00:00,69756.0
2024-05-21 22:00:00+00:00,70248.0
2024-05-21 23:00:00+00:00,70168.0
2024-05-22 00:00:00+00:00,70131.0
2024-05-22 01:00:00+00:00,70189.0
2024-05-22 02:00:00+00:00,70025.0
2024-05-22 03:00:00+00:00,69994.0
2024-05-22 04:00:00+00:00,69651.0
2024-05-22 05:00:00+00:00,69955.0
2024-05-22 06:00:00+00:00,69920.0
2024-05-22 07:00:00+00:00,69751.0
2024-05-22 08:00:00+00:00,70056.0
2024-05-22 09:00:00+00:00,70031.0
2024-05-22 10:00:00+00:00,70223.0
2024-05-22 11:00:00+00:00,69768.0
2024-05-22 12:00:00+00:00,69685.0
2024-05-22 13:00:00+00:00,69621.0
2024-05-22 14:00:00+00:00,70146.0
2024-05-22 15:00:00+00:00,70482.0
2024-05-22 16:00:00+00:00,70260.0
2024-05-22 17:00:00+00:00,69879.0
2024-05-22 18:00:00+00:00,69617.0
2024-05-22 19:00:00+00:00,69670.0
2024-05-22 20:00:00+00:00,69473.0
2024-05-22 21:00:00+00:00,69534.0
2024-05-22 22:00:00+00:00,69191.0
2024-05-22 23:00:00+00:00,69211.0
2024-05-23 00:00:00+00:00,69545.0
2024-05-23 01:00:00+00:00,69531.0
2024-05-23 02:00:00+00:00,69560.0
2024-05-23 03:00:00+00:00,69497.0
2024-05-23 04:00:00+00:00,69605.0
2024-05-23 05:00:00+00:00,69531.0
2024-05-23 06:00:00+00:00,69609.0
2024-05-23 07:00:00+00:00,69774.0
2024-05-23 08:00:00+00:00,69745.0
2024-05-23 09:00:00+00:00,69692.0
2024-05-23 10:00:00+00:00,69592.0
2024-05-23 11:00:00+00:00,70014.0
2024-05-23 12:00:00+00:00,69465.0
2024-05-23 13:00:00+00:00,68057.0
2024-05-23 14:00:00+00:00,67801.0
2024-05-23 15:00:00+00:00,68130.0
2024-05-23 16:00:00+00:00,67870.0
2024-05-23 17:00:00+00:00,67691.0
2024-05-23 18:00:00+00:00,67443.0
2024-05-23 19:00:00+00:00,67250.0
2024-05-23 20:00:00+00:00,67851.0
2024-05-23 21:00:00+00:00,68032.0
2024-05-23 22:00:00+00:00,67718.0
2024-05-23 23:00:00+00:00,68001.0
2024-05-24 00:00:00+00:00,67893.0
2024-05-24 01:00:00+00:00,67777.0
2024-05-24 02:00:00+00:00,68018.0
2024-05-24 03:00:00+00:00,67900.0
2024-05-24 04:00:00+00:00,67735.0
2024-05-24 05:00:00+00:00,67324.0
2024-05-24 06:00:00+00:00,66911.0
2024-05-24 07:00:00+00:00,67177.0
2024-05-24 08:00:00+00:00,67202.0
2024-05-24 09:00:00+00:00,67386.0
2024-05-24 10:00:00+00:00,67380.0
2024-05-24 11:00:00+00:00,67363.0
2024-05-24 12:00:00+00:00,67520.0
2024-05-24 13:00:00+00:00,67083.0
2024-05-24 14:00:00+00:00,67884.0
2024-05-24 15:00:00+00:00,68340.0
2024-05-24 16:00:00+00:00,68406.0
2024-05-24 17:00:00+00:00,68935.0
2024-05-24 18:00:00+00:00,68970.0
2024-05-24 19:00:00+00:00,69124.0
2024-05-24 20:00:00+00:00,68841.0
2024-05-24 21:00:00+00:00,68898.0
2024-05-24 22:00:00+00:00,68800.0
2024-05-24 23:00:00+00:00,68580.0
2024-05-25 00:00:00+00:00,68546.0
2024-05-25 01:00:00+00:00,68626.0
2024-05-25 02:00:00+00:00,68831.0
2024-05-25 03:00:00+00:00,68780.0
2024-05-25 04:00:00+00:00,68796.0
2024-05-25 05:00:00+00:00,68735.0
2024-05-25 06:00:00+00:00,68675.0
2024-05-25 07:00:00+00:00,68764.0
2024-05-25 08:00:00+00:00,68900.0
2024-05-25 09:00:00+00:00,69111.0
2024-05-25 10:00:00+00:00,69397.0
2024-05-25 11:00:00+00:00,69098.0
2024-05-25 12:00:00+00:00,69130.0
2024-05-25 13:00:00+00:00,69050.0
2024-05-25 14:00:00+00:00,69027.0
2024-05-25 15:00:00+00:00,68950.0
2024-05-25 16:00:00+00:00,68950.0
2024-05-25 17:00:00+00:00,69069.0
2024-05-25 18:00:00+00:00,69213.0
2024-05-25 19:00:00+00:00,69159.0
2024-05-25 20:00:00+00:00,69105.0
2024-05-25 21:00:00+00:00,69162.0
2024-05-25 22:00:00+00:00,69138.0
2024-05-25 23:00:00+00:00,69307.0
2024-05-26 00:00:00+00:00,69165.0
2024-05-26 01:00:00+00:00,69171.0
2024-05-26 02:00:00+00:00,68921.0
2024-05-26 03:00:00+00:00,69087.0
2024-05-26 04:00:00+00:00,68994.0
2024-05-26 05:00:00+00:00,69151.0
2024-05-26 06:00:00+00:00,69116.0
2024-05-26 07:00:00+00:00,69349.0
2024-05-26 08:00:00+00:00,69203.0
2024-05-26 09:00:00+00:00,69120.0
2024-05-26 10:00:00+00:00,69241.0
2024-05-26 11:00:00+00:00,69160.0
2024-05-26 12:00:00+00:00,69010.0
2024-05-26 13:00:00+00:00,69164.0
2024-05-26 14:00:00+00:00,69303.0
2024-05-26 15:00:00+00:00,68852.0
2024-05-26 16:00:00+00:00,68819.0
2024-05-26 17:00:00+00:00,68805.0
2024-05-26 18:00:00+00:00,68811.0
2024-05-26 19:00:00+00:00,68918.0
2024-05-26 20:00:00+00:00,68730.0
2024-05-26 21:00:00+00:00,68537.0
2024-05-26 22:00:00+00:00,68552.0
2024-05-26 23:00:00+00:00,68529.0
2024-05-27 00:00:00+00:00,68835.0
2024-05-27 01:00:00+00:00,69103.0
2024-05-27 02:00:00+00:00,69140.0
2024-05-27 03:00:00+00:00,68900.0
2024-05-27 04:00:00+00:00,68769.0
2024-05-27 05:00:00+00:00,68549.0
2024-05-27 06:00:00+00:00,68425.0
2024-05-27 07:00:00+00:00,68681.0
2024-05-27 08:00:00+00:00,68644.0
2024-05-27 09:00:00+00:00,68612.0
2024-05-27 10:00:00+00:00,68601.0
2024-05-27 11:00:00+00:00,68472.0
2024-05-27 12:00:00+00:00,68655.0
2024-05-27 13:00:00+00:00,68952.0
2024-05-27 14:00:00+00:00,69555.0
2024-05-27 15:00:00+00:00,70440.0
2024-05-27 16:00:00+00:00,70220.0
2024-05-27 17:00:00+00:00,70231.0
2024-05-27 18:00:00+00:00,70030.0
2024-05-27 19:00:00+00:00,69306.0
2024-05-27 20:00:00+00:00,69686.0
2024-05-27 21:00:00+00:00,69834.0
2024-05-27 22:00:00+00:00,69619.0
2024-05-27 23:00:00+00:00,69450.0
2024-05-28 00:00:00+00:00,69401.0
2024-05-28 01:00:00+00:00,68632.0
2024-05-28 02:00:00+00:00,68691.0
2024-05-28 03:00:00+00:00,68043.0
2024-05-28 04:00:00+00:00,67800.0
2024-05-28 05:00:00+00:00,68056.0
2024-05-28 06:00:00+00:00,67978.0
2024-05-28 07:00:00+00:00,67684.0
2024-05-28 08:00:00+00:00,68153.0
2024-05-28 09:00:00+00:00,68337.0
2024-05-28 10:00:00+00:00,68594.0
2024-05-28 11:00:00+00:00,68404.0
2024-05-28 12:00:00+00:00,68217.0
2024-05-28 13:00:00+00:00,67811.0
2024-05-28 14:00:00+00:00,67984.0
2024-05-28 15:00:00+00:00,68400.0
2024-05-28 16:00:00+00:00,67717.0
2024-05-28 17:00:00+00:00,67781.0
2024-05-28 18:00:00+00:00,67890.0
2024-05-28 19:00:00+00:00,68458.0
2024-05-28 20:00:00+00:00,68368.0
2024-05-28 21:00:00+00:00,68445.0
2024-05-28 22:00:00+00:00,68649.0
2024-05-28 23:00:00+00:00,68444.0
2024-05-29 00:00:00+00:00,68539.0
2024-05-29 01:00:00+00:00,68610.0
2024-05-29 02:00:00+00:00,68727.0
2024-05-29 03:00:00+00:00,68873.0
2024-05-29 04:00:00+00:00,68892.0
2024-05-29 05:00:00+00:00,68645.0
2024-05-29 06:00:00+00:00,68553.0
2024-05-29 07:00:00+00:00,67980.0
2024-05-29 08:00:00+00:00,67899.0
2024-05-29 09:00:00+00:00,67928.0
2024-05-29 10:00:00+00:00,68024.0
2024-05-29 11:00:00+00:00,67800.0
2024-05-29 12:00:00+00:00,67932.0
2024-05-29 13:00:00+00:00,67919.0
2024-05-29 14:00:00+00:00,67662.0
2024-05-29 15:00:00+00:00,67405.0
2024-05-29 16:00:00+00:00,67594.0
2024-05-29 17:00:00+00:00,67646.0
2024-05-29 18:00:00+00:00,67426.0
2024-05-29 19:00:00+00:00,67298.0
2024-05-29 20:00:00+00:00,67505.0
2024-05-29 21:00:00+00:00,67724.0
2024-05-29 22:00:00+00:00,67712.0
2024-05-29 23:00:00+00:00,67676.0
2024-05-30 00:00:00+00:00,67598.0
2024-05-30 01:00:00+00:00,67832.0
2024-05-30 02:00:00+00:00,67981.0
2024-05-30 03:00:00+00:00,68150.0
2024-05-30 04:00:00+00:00,68199.0
2024-05-30 05:00:00+00:00,68169.0
2024-05-30 06:00:00+00:00,67861.0
2024-05-30 07:00:00+00:00,67607.0
2024-05-30 08:00:00+00:00,67706.0
2024-05-30 09:00:00+00:00,67766.0
2024-05-30 10:00:00+00:00,67952.0
2024-05-30 11:00:00+00:00,67820.0
2024-05-30 12:00:00+00:00,68158.0
2024-05-30 13:00:00+00:00,68642.0
2024-05-30 14:00:00+00:00,68401.0
2024-05-30 15:00:00+00:00,68559.0
2024-05-30 16:00:00+00:00,68723.0
2024-05-30 17:00:00+00:00,69355.0
2024-05-30 18:00:00+00:00,69402.0
2024-05-30 19:00:00+00:00,68678.0
2024-05-30 20:00:00+00:00,68478.0
2024-05-30 21:00:00+00:00,68438.0
2024-05-30 22:00:00+00:00,68326.0
2024-05-30 23:00:00+00:00,68372.0
2024-05-31 00:00:00+00:00,68471.0
2024-05-31 01:00:00+00:00,68439.0
2024-05-31 02:00:00+00:00,68542.0
2024-05-31 03:00:00+00:00,68535.0
2024-05-31 04:00:00+00:00,68519.0
2024-05-31 05:00:00+00:00,68434.0
2024-05-31 06:00:00+00:00,68271.0
2024-05-31 07:00:00+00:00,68188.0
2024-05-31 08:00:00+00:00,68136.0
2024-05-31 09:00:00+00:00,67951.0
2024-05-31 10:00:00+00:00,68359.0
2024-05-31 11:00:00+00:00,68371.0
2024-05-31 12:00:00+00:00,68645.0
2024-05-31 13:00:00+00:00,68084.0
2024-05-31 14:00:00+00:00,67528.0
2024-05-31 15:00:00+00:00,67227.0
2024-05-31 16:00:00+00:00,67221.0
2024-05-31 17:00:00+00:00,67373.0
2024-05-31 18:00:00+00:00,67444.0
2024-05-31 19:00:00+00:00,67706.0
2024-05-31 20:00:00+00:00,67740.0
2024-05-31 21:00:00+00:00,67586.0
2024-05-31 22:00:00+00:00,67523.0
2024-05-31 23:00:00+00:00,67556.0
2024-06-01 00:00:00+00:00,67669.0
2024-06-01 01:00:00+00:00,67580.0
2024-06-01 02:00:00+00:00,67753.0
2024-06-01 03:00:00+00:00,67743.0
2024-06-01 04:00:00+00:00,67705.0
2024-06-01 05:00:00+00:00,67722.0
2024-06-01 06:00:00+00:00,67726.0
2024-06-01 07:00:00+00:00,67656.0
2024-06-01 08:00:00+00:00,67745.0
2024-06-01 09:00:00+00:00,67748.0
2024-06-01 10:00:00+00:00,67661.0
2024-06-01 11:00:00+00:00,67698.0
2024-06-01 12:00:00+00:00,67748.0
2024-06-01 13:00:00+00:00,67750.0
2024-06-01 14:00:00+00:00,67838.0
2024-06-01 15:00:00+00:00,67709.0
2024-06-01 16:00:00+00:00,67723.0
2024-06-01 17:00:00+00:00,67810.0
2024-06-01 18:00:00+00:00,67778.0
2024-06-01 19:00:00+00:00,67778.0
2024-06-01 20:00:00+00:00,67832.0
2024-06-01 21:00:00+00:00,67789.0
2024-06-01 22:00:00+00:00,67798.0
2024-06-01 23:00:00+00:00,67793.0
2024-06-02 00:00:00+00:00,67916.0
2024-06-02 01:00:00+00:00,67781.0
2024-06-02 02:00:00+00:00,67757.0
2024-06-02 03:00:00+00:00,67817.0
2024-06-02 04:00:00+00:00,67873.0
2024-06-02 05:00:00+00:00,67751.0
2024-06-02 06:00:00+00:00,67860.0
2024-06-02 07:00:00+00:00,67730.0
2024-06-02 08:00:00+00:00,67770.0
2024-06-02 09:00:00+00:00,67562.0
2024-06-02 10:00:00+00:00,67557.0
2024-06-02 11:00:00+00:00,68260.0
2024-06-02 12:00:00+00:00,67956.0
2024-06-02 13:00:00+00:00,68176.0
2024-06-02 14:00:00+00:00,68273.0
2024-06-02 15:00:00+00:00,68138.0
2024-06-02 16:00:00+00:00,68102.0
2024-06-02 17:00:00+00:00,67880.0
2024-06-02 18:00:00+00:00,67702.0
2024-06-02 19:00:00+00:00,67741.0
2024-06-02 20:00:00+00:00,67840.0
2024-06-02 21:00:00+00:00,67816.0
2024-06-02 22:00:00+00:00,67941.0
2024-06-02 23:00:00+00:00,67777.0
2024-06-03 00:00:00+00:00,67837.0
2024-06-03 01:00:00+00:00,68499.0
2024-06-03 02:00:00+00:00,68435.0
2024-06-03 03:00:00+00:00,68400.0
2024-06-03 04:00:00+00:00,68521.0
2024-06-03 05:00:00+00:00,68720.0
2024-06-03 06:00:00+00:00,69073.0
2024-06-03 07:00:00+00:00,68922.0
2024-06-03 08:00:00+00:00,69169.0
2024-06-03 09:00:00+00:00,69029.0
2024-06-03 10:00:00+00:00,68931.0
2024-06-03 11:00:00+00:00,69112.0
2024-06-03 12:00:00+00:00,69791.0
2024-06-03 13:00:00+00:00,69820.0
2024-06-03 14:00:00+00:00,68805.0
2024-06-03 15:00:00+00:00,69659.0
2024-06-03 16:00:00+00:00,69116.0
2024-06-03 17:00:00+00:00,69300.0
2024-06-03 18:00:00+00:00,69324.0
2024-06-03 19:00:00+00:00,69254.0
2024-06-03 20:00:00+00:00,69136.0
2024-06-03 21:00:00+00:00,69122.0
2024-06-03 22:00:00+00:00,69078.0
2024-06-03 23:00:00+00:00,68837.0
2024-06-04 00:00:00+00:00,69042.0
2024-06-04 01:00:00+00:00,69258.0
2024-06-04 02:00:00+00:00,69182.0
2024-06-04 03:00:00+00:00,69201.0
2024-06-04 04:00:00+00:00,69118.0
2024-06-04 05:00:00+00:00,69008.0
2024-06-04 06:00:00+00:00,68951.0
2024-06-04 07:00:00+00:00,69062.0
2024-06-04 08:00:00+00:00,68894.0
2024-06-04 09:00:00+00:00,68762.0
2024-06-04 10:00:00+00:00,68944.0
2024-06-04 11:00:00+00:00,69004.0
2024-06-04 12:00:00+00:00,68996.0
2024-06-04 13:00:00+00:00,69564.0
2024-06-04 14:00:00+00:00,69685.0
2024-06-04 15:00:00+00:00,70486.0
2024-06-04 16:00:00+00:00,70838.0
2024-06-04 17:00:00+00:00,70591.0
2024-06-04 18:00:00+00:00,70726.0
2024-06-04 19:00:00+00:00,70449.0
2024-06-04 20:00:00+00:00,70419.0
2024-06-04 21:00:00+00:00,70631.0
2024-06-04 22:00:00+00:00,70590.0
2024-06-04 23:00:00+00:00,70560.0
2024-06-05 00:00:00+00:00,70818.0
2024-06-05 01:00:00+00:00,71017.0
2024-06-05 02:00:00+00:00,70889.0
2024-06-05 03:00:00+00:00,70987.0
2024-06-05 04:00:00+00:00,71213.0
2024-06-05 05:00:00+00:00,71038.0
2024-06-05 06:00:00+00:00,71160.0
2024-06-05 07:00:00+00:00,71251.0
2024-06-05 08:00:00+00:00,70978.0
2024-06-05 09:00:00+00:00,70953.0
2024-06-05 10:00:00+00:00,70834.0
2024-06-05 11:00:00+00:00,71006.0
2024-06-05 12:00:00+00:00,70982.0
2024-06-05 13:00:00+00:00,70768.0
2024-06-05 14:00:00+00:00,70901.0
2024-06-05 15:00:00+00:00,71618.0
2024-06-05 16:00:00+00:00,71355.0
2024-06-05 17:00:00+00:00,71672.0
2024-06-05 18:00:00+00:00,71124.0
2024-06-05 19:00:00+00:00,71301.0
2024-06-05 20:00:00+00:00,71215.0
2024-06-05 21:00:00+00:00,71176.0
2024-06-05 22:00:00+00:00,71170.0
2024-06-05 23:00:00+00:00,71141.0
2024-06-06 00:00:00+00:00,71039.0
2024-06-06 01:00:00+00:00,71152.0
2024-06-06 02:00:00+00:00,71194.0
2024-06-06 03:00:00+00:00,71079.0
2024-06-06 04:00:00+00:00,71087.0
2024-06-06 05:00:00+00:00,70947.0
2024-06-06 06:00:00+00:00,70922.0
2024-06-06 07:00:00+00:00,71066.0
2024-06-06 08:00:00+00:00,70948.0
2024-06-06 09:00:00+00:00,71019.0
2024-06-06 10:00:00+00:00,71042.0
2024-06-06 11:00:00+00:00,71222.0
2024-06-06 12:00:00+00:00,71239.0
2024-06-06 13:00:00+00:00,71151.0
2024-06-06 14:00:00+00:00,71501.0
2024-06-06 15:00:00+00:00,71336.0
2024-06-06 16:00:00+00:00,70972.0
2024-06-06 17:00:00+00:00,71137.0
2024-06-06 18:00:00+00:00,71112.0
2024-06-06 19:00:00+00:00,70508.0
2024-06-06 20:00:00+00:00,70770.0
2024-06-06 21:00:00+00:00,70782.0
2024-06-06 22:00:00+00:00,70932.0
2024-06-06 23:00:00+00:00,70836.0
2024-06-07 00:00:00+00:00,70930.0
2024-06-07 01:00:00+00:00,70875.0
2024-06-07 02:00:00+00:00,70863.0
2024-06-07 03:00:00+00:00,71022.0
2024-06-07 04:00:00+00:00,71254.0
2024-06-07 05:00:00+00:00,71342.0
2024-06-07 06:00:00+00:00,71315.0
2024-06-07 07:00:00+00:00,71153.0
2024-06-07 08:00:00+00:00,71159.0
2024-06-07 09:00:00+00:00,71339.0
2024-06-07 10:00:00+00:00,71412.0
2024-06-07 11:00:00+00:00,71770.0
2024-06-07 12:00:00+00:00,71265.0
2024-06-07 13:00:00+00:00,71585.0
2024-06-07 14:00:00+00:00,71462.0
2024-06-07 15:00:00+00:00,71147.0
2024-06-07 16:00:00+00:00,70911.0
2024-06-07 17:00:00+00:00,69840.0
2024-06-07 18:00:00+00:00,69201.0
2024-06-07 19:00:00+00:00,69316.0
2024-06-07 20:00:00+00:00,69360.0
2024-06-07 21:00:00+00:00,69300.0
2024-06-07 22:00:00+00:00,69545.0
2024-06-07 23:00:00+00:00,69390.0
2024-06-08 00:00:00+00:00,69458.0
2024-06-08 01:00:00+00:00,69515.0
2024-06-08 02:00:00+00:00,69482.0
2024-06-08 03:00:00+00:00,69481.0
2024-06-08 04:00:00+00:00,69356.0
2024-06-08 05:00:00+00:00,69353.0
2024-06-08 06:00:00+00:00,69374.0
2024-06-08 07:00:00+00:00,69609.0
2024-06-08 08:00:00+00:00,69469.0
2024-06-08 09:00:00+00:00,69483.0
2024-06-08 10:00:00+00:00,69498.0
2024-06-08 11:00:00+00:00,69393.0
2024-06-08 12:00:00+00:00,69386.0
2024-06-08 13:00:00+00:00,69460.0
2024-06-08 14:00:00+00:00,69499.0
2024-06-08 15:00:00+00:00,69453.0
2024-06-08 16:00:00+00:00,69416.0
2024-06-08 17:00:00+00:00,69479.0
2024-06-08 18:00:00+00:00,69480.0
2024-06-08 19:00:00+00:00,69483.0
2024-06-08 20:00:00+00:00,69395.0
2024-06-08 21:00:00+00:00,69415.0
2024-06-08 22:00:00+00:00,69358.0
2024-06-08 23:00:00+00:00,69326.0
2024-06-09 00:00:00+00:00,69294.0
2024-06-09 01:00:00+00:00,69300.0
2024-06-09 02:00:00+00:00,69205.0
2024-06-09 03:00:00+00:00,69290.0
2024-06-09 04:00:00+00:00,69335.0
2024-06-09 05:00:00+00:00,69300.0
2024-06-09 06:00:00+00:00,69407.0
2024-06-09 07:00:00+00:00,69321.0
2024-06-09 08:00:00+00:00,69375.0
2024-06-09 09:00:00+00:00,69386.0
2024-06-09 10:00:00+00:00,69368.0
2024-06-09 11:00:00+00:00,69386.0
2024-06-09 12:00:00+00:00,69712.0
2024-06-09 13:00:00+00:00,69472.0
2024-06-09 14:00:00+00:00,69499.0
2024-06-09 15:00:00+00:00,69516.0
2024-06-09 16:00:00+00:00,69627.0
2024-06-09 17:00:00+00:00,69666.0
2024-06-09 18:00:00+00:00,69746.0
2024-06-09 19:00:00+00:00,69704.0
2024-06-09 20:00:00+00:00,69690.0
2024-06-09 21:00:00+00:00,69751.0
2024-06-09 22:00:00+00:00,69640.0
2024-06-09 23:00:00+00:00,69643.0
2024-06-10 00:00:00+00:00,69569.0
2024-06-10 01:00:00+00:00,69629.0
2024-06-10 02:00:00+00:00,69718.0
2024-06-10 03:00:00+00:00,69622.0
2024-06-10 04:00:00+00:00,69681.0
2024-06-10 05:00:00+00:00,69569.0
2024-06-10 06:00:00+00:00,69437.0
2024-06-10 07:00:00+00:00,69303.0
2024-06-10 08:00:00+00:00,69403.0
2024-06-10 09:00:00+00:00,69456.0
2024-06-10 10:00:00+00:00,69453.0
2024-06-10 11:00:00+00:00,69489.0
2024-06-10 12:00:00+00:00,69380.0
2024-06-10 13:00:00+00:00,69422.0
2024-06-10 14:00:00+00:00,69683.0
2024-06-10 15:00:00+00:00,70045.0
2024-06-10 16:00:00+00:00,69970.0
2024-06-10 17:00:00+00:00,70033.0
2024-06-10 18:00:00+00:00,69861.0
2024-06-10 19:00:00+00:00,69499.0
2024-06-10 20:00:00+00:00,69617.0
2024-06-10 21:00:00+00:00,69584.0
2024-06-10 22:00:00+00:00,69493.0
2024-06-10 23:00:00+00:00,69516.0
2024-06-11 00:00:00+00:00,69400.0
2024-06-11 01:00:00+00:00,68706.0
2024-06-11 02:00:00+00:00,68224.0
2024-06-11 03:00:00+00:00,68444.0
2024-06-11 04:00:00+00:00,68005.0
2024-06-11 05:00:00+00:00,67892.0
2024-06-11 06:00:00+00:00,67675.0
2024-06-11 07:00:00+00:00,67540.0
2024-06-11 08:00:00+00:00,67503.0
2024-06-11 09:00:00+00:00,67070.0
2024-06-11 10:00:00+00:00,66944.0
2024-06-11 11:00:00+00:00,66883.0
2024-06-11 12:00:00+00:00,67010.0
2024-06-11 13:00:00+00:00,66804.0
2024-06-11 14:00:00+00:00,66822.0
2024-06-11 15:00:00+00:00,66219.0
2024-06-11 16:00:00+00:00,66470.0
2024-06-11 17:00:00+00:00,66747.0
2024-06-11 18:00:00+00:00,67103.0
2024-06-11 19:00:00+00:00,67384.0
2024-06-11 20:00:00+00:00,67259.0
2024-06-11 21:00:00+00:00,67378.0
2024-06-11 22:00:00+00:00,67321.0
2024-06-11 23:00:00+00:00,67277.0
2024-06-12 00:00:00+00:00,67156.0
2024-06-12 01:00:00+00:00,67139.0
2024-06-12 02:00:00+00:00,67378.0
2024-06-12 03:00:00+00:00,67387.0
2024-06-12 04:00:00+00:00,67464.0
2024-06-12 05:00:00+00:00,67200.0
2024-06-12 06:00:00+00:00,67242.0
2024-06-12 07:00:00+00:00,67410.0
2024-06-12 08:00:00+00:00,67362.0
2024-06-12 09:00:00+00:00,67704.0
2024-06-12 10:00:00+00:00,67962.0
2024-06-12 11:00:00+00:00,67748.0
2024-06-12 12:00:00+00:00,69298.0
2024-06-12 13:00:00+00:00,69279.0
2024-06-12 14:00:00+00:00,69939.0
2024-06-12 15:00:00+00:00,69713.0
2024-06-12 16:00:00+00:00,69591.0
2024-06-12 17:00:00+00:00,69780.0
2024-06-12 18:00:00+00:00,68792.0
2024-06-12 19:00:00+00:00,67523.0
2024-06-12 20:00:00+00:00,68077.0
2024-06-12 21:00:00+00:00,68505.0
2024-06-12 22:00:00+00:00,68325.0
2024-06-12 23:00:00+00:00,68241.0
2024-06-13 00:00:00+00:00,68295.0
2024-06-13 01:00:00+00:00,67956.0
2024-06-13 02:00:00+00:00,67708.0
2024-06-13 03:00:00+00:00,67442.0
2024-06-13 04:00:00+00:00,67298.0
2024-06-13 05:00:00+00:00,67556.0
2024-06-13 06:00:00+00:00,67491.0
2024-06-13 07:00:00+00:00,67708.0
2024-06-13 08:00:00+00:00,67545.0
2024-06-13 09:00:00+00:00,67399.0
2024-06-13 10:00:00+00:00,67783.0
2024-06-13 11:00:00+00:00,67707.0
2024-06-13 12:00:00+00:00,67730.0
2024-06-13 13:00:00+00:00,67577.0
2024-06-13 14:00:00+00:00,67345.0
2024-06-13 15:00:00+00:00,66434.0
2024-06-13 16:00:00+00:00,66951.0
2024-06-13 17:00:00+00:00,66886.0
2024-06-13 18:00:00+00:00,66839.0
2024-06-13 19:00:00+00:00,66580.0
2024-06-13 20:00:00+00:00,66677.0
2024-06-13 21:00:00+00:00,66935.0
2024-06-13 22:00:00+00:00,66860.0
2024-06-13 23:00:00+00:00,66743.0
2024-06-14 00:00:00+00:00,66690.0
2024-06-14 01:00:00+00:00,66768.0
2024-06-14 02:00:00+00:00,66929.0
2024-06-14 03:00:00+00:00,66724.0
2024-06-14 04:00:00+00:00,66702.0
2024-06-14 05:00:00+00:00,67030.0
2024-06-14 06:00:00+00:00,66936.0
2024-06-14 07:00:00+00:00,66887.0
2024-06-14 08:00:00+00:00,67130.0
2024-06-14 09:00:00+00:00,66878.0
2024-06-14 10:00:00+00:00,66836.0
2024-06-14 11:00:00+00:00,67001.0
2024-06-14 12:00:00+00:00,67063.0
2024-06-14 13:00:00+00:00,67050.0
2024-06-14 14:00:00+00:00,66949.0
2024-06-14 15:00:00+00:00,66363.0
2024-06-14 16:00:00+00:00,65261.0
2024-06-14 17:00:00+00:00,65379.0
2024-06-14 18:00:00+00:00,65493.0
2024-06-14 19:00:00+00:00,65491.0
2024-06-14 20:00:00+00:00,65744.0
2024-06-14 21:00:00+00:00,66142.0
2024-06-14 22:00:00+00:00,65973.0
2024-06-14 23:00:00+00:00,66022.0
2024-06-15 00:00:00+00:00,66150.0
2024-06-15 01:00:00+00:00,66038.0
2024-06-15 02:00:00+00:00,66181.0
2024-06-15 03:00:00+00:00,66235.0
2024-06-15 04:00:00+00:00,66222.0
2024-06-15 05:00:00+00:00,66202.0
2024-06-15 06:00:00+00:00,66145.0
2024-06-15 07:00:00+00:00,66052.0
2024-06-15 08:00:00+00:00,66189.0
2024-06-15 09:00:00+00:00,66200.0
2024-06-15 10:00:00+00:00,66264.0
2024-06-15 11:00:00+00:00,66290.0
2024-06-15 12:00:00+00:00,66323.0
2024-06-15 13:00:00+00:00,66275.0
2024-06-15 14:00:00+00:00,66189.0
2024-06-15 15:00:00+00:00,66285.0
2024-06-15 16:00:00+00:00,66154.0
2024-06-15 17:00:00+00:00,66214.0
2024-06-15 18:00:00+00:00,66114.0
2024-06-15 19:00:00+00:00,66119.0
2024-06-15 20:00:00+00:00,66014.0
2024-06-15 21:00:00+00:00,66096.0
2024-06-15 22:00:00+00:00,66179.0
2024-06-15 23:00:00+00:00,66184.0
2024-06-16 00:00:00+00:00,66137.0
2024-06-16 01:00:00+00:00,66149.0
2024-06-16 02:00:00+00:00,66111.0
2024-06-16 03:00:00+00:00,66106.0
2024-06-16 04:00:00+00:00,66127.0
2024-06-16 05:00:00+00:00,66228.0
2024-06-16 06:00:00+00:00,66271.0
2024-06-16 07:00:00+00:00,66232.0
2024-06-16 08:00:00+00:00,66233.0
2024-06-16 09:00:00+00:00,66370.0
2024-06-16 10:00:00+00:00,66670.0
2024-06-16 11:00:00+00:00,66451.0
2024-06-16 12:00:00+00:00,66557.0
2024-06-16 13:00:00+00:00,66726.0
2024-06-16 14:00:00+00:00,66492.0
2024-06-16 15:00:00+00:00,66671.0
2024-06-16 16:00:00+00:00,66563.0
2024-06-16 17:00:00+00:00,66553.0
2024-06-16 18:00:00+00:00,66563.0
2024-06-16 19:00:00+00:00,66522.0
2024-06-16 20:00:00+00:00,66479.0
2024-06-16 21:00:00+00:00,66486.0
2024-06-16 22:00:00+00:00,66720.0
2024-06-16 23:00:00+00:00,66639.0
2024-06-17 00:00:00+00:00,66553.0
2024-06-17 01:00:00+00:00,66444.0
2024-06-17 02:00:00+00:00,66307.0
2024-06-17 03:00:00+00:00,66189.0
2024-06-17 04:00:00+00:00,66433.0
2024-06-17 05:00:00+00:00,66333.0
2024-06-17 06:00:00+00:00,66100.0
2024-06-17 07:00:00+00:00,66134.0
2024-06-17 08:00:00+00:00,66166.0
2024-06-17 09:00:00+00:00,65690.0
2024-06-17 10:00:00+00:00,65856.0
2024-06-17 11:00:00+00:00,65779.0
2024-06-17 12:00:00+00:00,65594.0
2024-06-17 13:00:00+00:00,65172.0
2024-06-17 14:00:00+00:00,65444.0
2024-06-17 15:00:00+00:00,65325.0
2024-06-17 16:00:00+00:00,65860.0
2024-06-17 17:00:00+00:00,66580.0
2024-06-17 18:00:00+00:00,67071.0
2024-06-17 19:00:00+00:00,66656.0
2024-06-17 20:00:00+00:00,66350.0
2024-06-17 21:00:00+00:00,66540.0
2024-06-17 22:00:00+00:00,66632.0
2024-06-17 23:00:00+00:00,66455.0
2024-06-18 00:00:00+00:00,65708.0
2024-06-18 01:00:00+00:00,65102.0
2024-06-18 02:00:00+00:00,65439.0
2024-06-18 03:00:00+00:00,65475.0
2024-06-18 04:00:00+00:00,65547.0
2024-06-18 05:00:00+00:00,65576.0
2024-06-18 06:00:00+00:00,65483.0
2024-06-18 07:00:00+00:00,65642.0
2024-06-18 08:00:00+00:00,65706.0
2024-06-18 09:00:00+00:00,65443.0
2024-06-18 10:00:00+00:00,65405.0
2024-06-18 11:00:00+00:00,65340.0
2024-06-18 12:00:00+00:00,65209.0
2024-06-18 13:00:00+00:00,64815.0
2024-06-18 14:00:00+00:00,64603.0
2024-06-18 15:00:00+00:00,64661.0
2024-06-18 16:00:00+00:00,64671.0
2024-06-18 17:00:00+00:00,64582.0
2024-06-18 18:00:00+00:00,64656.0
2024-06-18 19:00:00+00:00,64399.0
2024-06-18 20:00:00+00:00,64916.0
2024-06-18 21:00:00+00:00,65196.0
2024-06-18 22:00:00+00:00,65261.0
2024-06-18 23:00:00+00:00,65147.0
2024-06-19 00:00:00+00:00,65118.0
2024-06-19 01:00:00+00:00,65007.0
2024-06-19 02:00:00+00:00,65308.0
2024-06-19 03:00:00+00:00,65381.0
2024-06-19 04:00:00+00:00,65419.0
2024-06-19 05:00:00+00:00,65388.0
2024-06-19 06:00:00+00:00,65583.0
2024-06-19 07:00:00+00:00,65290.0
2024-06-19 08:00:00+00:00,65154.0
2024-06-19 09:00:00+00:00,65262.0
2024-06-19 10:00:00+00:00,65490.0
2024-06-19 11:00:00+00:00,65180.0
2024-06-19 12:00:00+00:00,65157.0
2024-06-19 13:00:00+00:00,65055.0
2024-06-19 14:00:00+00:00,64912.0
2024-06-19 15:00:00+00:00,64901.0
2024-06-19 16:00:00+00:00,64901.0
2024-06-19 17:00:00+00:00,65058.0
2024-06-19 18:00:00+00:00,64946.0
2024-06-19 19:00:00+00:00,64848.0
2024-06-19 20:00:00+00:00,64856.0
2024-06-19 21:00:00+00:00,64982.0
2024-06-19 22:00:00+00:00,64805.0
2024-06-19 23:00:00+00:00,64941.0
2024-06-20 00:00:00+00:00,65073.0
2024-06-20 01:00:00+00:00,65152.0
2024-06-20 02:00:00+00:00,65182.0
2024-06-20 03:00:00+00:00,65171.0
2024-06-20 04:00:00+00:00,65279.0
2024-06-20 05:00:00+00:00,65496.0
2024-06-20 06:00:00+00:00,65443.0
2024-06-20 07:00:00+00:00,65844.0
2024-06-20 08:00:00+00:00,65667.0
2024-06-20 09:00:00+00:00,65696.0
2024-06-20 10:00:00+00:00,66190.0
2024-06-20 11:00:00+00:00,66157.0
2024-06-20 12:00:00+00:00,65959.0
2024-06-20 13:00:00+00:00,65110.0
2024-06-20 14:00:00+00:00,64940.0
2024-06-20 15:00:00+00:00,64790.0
2024-06-20 16:00:00+00:00,64864.0
2024-06-20 17:00:00+00:00,64955.0
2024-06-20 18:00:00+00:00,65099.0
2024-06-20 19:00:00+00:00,65043.0
2024-06-20 20:00:00+00:00,65091.0
2024-06-20 21:00:00+00:00,65013.0
2024-06-20 22:00:00+00:00,64958.0
2024-06-20 23:00:00+00:00,64854.0
2024-06-21 00:00:00+00:00,64810.0
2024-06-21 01:00:00+00:00,64963.0
2024-06-21 02:00:00+00:00,64764.0
2024-06-21 03:00:00+00:00,64462.0
2024-06-21 04:00:00+00:00,64632.0
2024-06-21 05:00:00+00:00,64641.0
2024-06-21 06:00:00+00:00,64597.0
2024-06-21 07:00:00+00:00,64148.0
2024-06-21 08:00:00+00:00,63591.0
2024-06-21 09:00:00+00:00,64064.0
2024-06-21 10:00:00+00:00,63859.0
2024-06-21 11:00:00+00:00,63732.0
2024-06-21 12:00:00+00:00,63791.0
2024-06-21 13:00:00+00:00,63575.0
2024-06-21 14:00:00+00:00,64201.0
2024-06-21 15:00:00+00:00,63702.0
2024-06-21 16:00:00+00:00,63627.0
2024-06-21 17:00:00+00:00,63642.0
2024-06-21 18:00:00+00:00,64149.0
2024-06-21 19:00:00+00:00,64210.0
2024-06-21 20:00:00+00:00,64184.0
2024-06-21 21:00:00+00:00,64057.0
2024-06-21 22:00:00+00:00,64135.0
2024-06-21 23:00:00+00:00,64109.0
2024-06-22 00:00:00+00:00,64020.0
2024-06-22 01:00:00+00:00,64112.0
2024-06-22 02:00:00+00:00,64263.0
2024-06-22 03:00:00+00:00,64287.0
2024-06-22 04:00:00+00:00,64320.0
2024-06-22 05:00:00+00:00,64384.0
2024-06-22 06:00:00+00:00,64387.0
2024-06-22 07:00:00+00:00,64470.0
2024-06-22 08:00:00+00:00,64248.0
2024-06-22 09:00:00+00:00,64291.0
2024-06-22 10:00:00+00:00,64280.0
2024-06-22 11:00:00+00:00,64239.0
2024-06-22 12:00:00+00:00,64266.0
2024-06-22 13:00:00+00:00,64259.0
2024-06-22 14:00:00+00:00,64256.0
2024-06-22 15:00:00+00:00,64274.0
2024-06-22 16:00:00+00:00,64291.0
2024-06-22 17:00:00+00:00,64228.0
2024-06-22 18:00:00+00:00,64237.0
2024-06-22 19:00:00+00:00,64260.0
2024-06-22 20:00:00+00:00,64251.0
2024-06-22 21:00:00+00:00,64285.0
2024-06-22 22:00:00+00:00,64282.0
2024-06-22 23:00:00+00:00,64224.0
2024-06-23 00:00:00+00:00,64435.0
2024-06-23 01:00:00+00:00,64425.0
2024-06-23 02:00:00+00:00,64470.0
2024-06-23 03:00:00+00:00,64376.0
2024-06-23 04:00:00+00:00,64343.0
2024-06-23 05:00:00+00:00,64342.0
2024-06-23 06:00:00+00:00,64346.0
2024-06-23 07:00:00+00:00,64389.0
2024-06-23 08:00:00+00:00,64365.0
2024-06-23 09:00:00+00:00,64380.0
2024-06-23 10:00:00+00:00,64279.0
2024-06-23 11:00:00+00:00,64310.0
2024-06-23 12:00:00+00:00,64349.0
2024-06-23 13:00:00+00:00,64268.0
2024-06-23 14:00:00+00:00,64164.0
2024-06-23 15:00:00+00:00,64065.0
2024-06-23 16:00:00+00:00,63897.0
2024-06-23 17:00:00+00:00,64091.0
2024-06-23 18:00:00+00:00,64092.0
2024-06-23 19:00:00+00:00,64124.0
2024-06-23 20:00:00+00:00,63710.0
2024-06-23 21:00:00+00:00,63807.0
2024-06-23 22:00:00+00:00,63631.0
2024-06-23 23:00:00+00:00,63180.0
2024-06-24 00:00:00+00:00,63035.0
2024-06-24 01:00:00+00:00,63276.0
2024-06-24 02:00:00+00:00,62831.0
2024-06-24 03:00:00+00:00,62816.0
2024-06-24 04:00:00+00:00,62802.0
2024-06-24 05:00:00+00:00,62274.0
2024-06-24 06:00:00+00:00,62360.0
2024-06-24 07:00:00+00:00,62430.0
2024-06-24 08:00:00+00:00,62701.0
2024-06-24 09:00:00+00:00,61350.0
2024-06-24 10:00:00+00:00,61138.0
2024-06-24 11:00:00+00:00,61235.0
2024-06-24 12:00:00+00:00,61183.0
2024-06-24 13:00:00+00:00,61546.0
2024-06-24 14:00:00+00:00,61265.0
2024-06-24 15:00:00+00:00,60813.0
2024-06-24 16:00:00+00:00,60124.0
2024-06-24 17:00:00+00:00,60230.0
2024-06-24 18:00:00+00:00,60386.0
2024-06-24 19:00:00+00:00,59291.0
2024-06-24 20:00:00+00:00,59472.0
2024-06-24 21:00:00+00:00,60067.0
2024-06-24 22:00:00+00:00,60011.0
2024-06-24 23:00:00+00:00,60258.0
2024-06-25 00:00:00+00:00,60370.0
2024-06-25 01:00:00+00:00,60461.0
2024-06-25 02:00:00+00:00,60638.0
2024-06-25 03:00:00+00:00,61272.0
2024-06-25 04:00:00+00:00,61341.0
2024-06-25 05:00:00+00:00,60999.0
2024-06-25 06:00:00+00:00,61114.0
2024-06-25 07:00:00+00:00,60641.0
2024-06-25 08:00:00+00:00,60816.0
2024-06-25 09:00:00+00:00,61453.0
2024-06-25 10:00:00+00:00,61290.0
2024-06-25 11:00:00+00:00,61163.0
2024-06-25 12:00:00+00:00,61022.0
2024-06-25 13:00:00+00:00,61169.0
2024-06-25 14:00:00+00:00,61723.0
2024-06-25 15:00:00+00:00,61780.0
2024-06-25 16:00:00+00:00,61345.0
2024-06-25 17:00:00+00:00,61354.0
2024-06-25 18:00:00+00:00,62107.0
2024-06-25 19:00:00+00:00,61931.0
2024-06-25 20:00:00+00:00,61880.0
2024-06-25 21:00:00+00:00,61880.0
2024-06-25 22:00:00+00:00,61874.0
2024-06-25 23:00:00+00:00,61765.0
2024-06-26 00:00:00+00:00,61720.0
2024-06-26 01:00:00+00:00,62049.0
2024-06-26 02:00:00+00:00,61993.0
2024-06-26 03:00:00+00:00,61892.0
2024-06-26 04:00:00+00:00,61660.0
2024-06-26 05:00:00+00:00,61531.0
2024-06-26 06:00:00+00:00,61549.0
2024-06-26 07:00:00+00:00,61695.0
2024-06-26 08:00:00+00:00,61443.0
2024-06-26 09:00:00+00:00,61340.0
2024-06-26 10:00:00+00:00,61226.0
2024-06-26 11:00:00+00:00,61404.0
2024-06-26 12:00:00+00:00,61388.0
2024-06-26 13:00:00+00:00,61727.0
2024-06-26 14:00:00+00:00,61690.0
2024-06-26 15:00:00+00:00,61433.0
2024-06-26 16:00:00+00:00,61242.0
2024-06-26 17:00:00+00:00,61203.0
2024-06-26 18:00:00+00:00,60874.0
2024-06-26 19:00:00+00:00,60963.0
2024-06-26 20:00:00+00:00,60960.0
2024-06-26 21:00:00+00:00,61034.0
2024-06-26 22:00:00+00:00,60894.0
2024-06-26 23:00:00+00:00,60839.0
2024-06-27 00:00:00+00:00,60953.0
2024-06-27 01:00:00+00:00,61034.0
2024-06-27 02:00:00+00:00,61004.0
2024-06-27 03:00:00+00:00,61010.0
2024-06-27 04:00:00+00:00,61093.0
2024-06-27 05:00:00+00:00,60777.0
2024-06-27 06:00:00+00:00,60713.0
2024-06-27 07:00:00+00:00,60761.0
2024-06-27 08:00:00+00:00,60828.0
2024-06-27 09:00:00+00:00,61266.0
2024-06-27 10:00:00+00:00,61084.0
2024-06-27 11:00:00+00:00,61167.0
2024-06-27 12:00:00+00:00,61311.0
2024-06-27 13:00:00+00:00,61973.0
2024-06-27 14:00:00+00:00,61714.0
2024-06-27 15:00:00+00:00,61562.0
2024-06-27 16:00:00+00:00,61688.0
2024-06-27 17:00:00+00:00,61808.0
2024-06-27 18:00:00+00:00,61866.0
2024-06-27 19:00:00+00:00,61433.0
2024-06-27 20:00:00+00:00,61462.0
2024-06-27 21:00:00+00:00,61517.0
2024-06-27 22:00:00+00:00,61610.0
2024-06-27 23:00:00+00:00,61660.0
2024-06-28 00:00:00+00:00,61523.0
2024-06-28 01:00:00+00:00,62069.0
2024-06-28 02:00:00+00:00,61688.0
2024-06-28 03:00:00+00:00,61789.0
2024-06-28 04:00:00+00:00,61708.0
2024-06-28 05:00:00+00:00,61573.0
2024-06-28 06:00:00+00:00,61599.0
2024-06-28 07:00:00+00:00,61315.0
2024-06-28 08:00:00+00:00,61442.0
2024-06-28 09:00:00+00:00,61518.0
2024-06-28 10:00:00+00:00,61517.0
2024-06-28 11:00:00+00:00,61667.0
2024-06-28 12:00:00+00:00,61364.0
2024-06-28 13:00:00+00:00,61274.0
2024-06-28 14:00:00+00:00,60882.0
2024-06-28 15:00:00+00:00,61020.0
2024-06-28 16:00:00+00:00,60908.0
2024-06-28 17:00:00+00:00,60790.0
2024-06-28 18:00:00+00:00,60798.0
2024-06-28 19:00:00+00:00,60101.0
2024-06-28 20:00:00+00:00,60218.0
2024-06-28 21:00:00+00:00,60343.0
2024-06-28 22:00:00+00:00,60346.0
2024-06-28 23:00:00+00:00,60407.0
2024-06-29 00:00:00+00:00,60711.0
2024-06-29 01:00:00+00:00,60852.0
2024-06-29 02:00:00+00:00,60702.0
2024-06-29 03:00:00+00:00,60714.0
2024-06-29 04:00:00+00:00,60736.0
2024-06-29 05:00:00+00:00,60717.0
2024-06-29 06:00:00+00:00,60807.0
2024-06-29 07:00:00+00:00,61033.0
2024-06-29 08:00:00+00:00,60953.0
2024-06-29 09:00:00+00:00,60951.0
2024-06-29 10:00:00+00:00,60966.0
2024-06-29 11:00:00+00:00,61070.0
2024-06-29 12:00:00+00:00,61015.0
2024-06-29 13:00:00+00:00,61079.0
2024-06-29 14:00:00+00:00,60990.0
2024-06-29 15:00:00+00:00,61087.0
2024-06-29 16:00:00+00:00,60984.0
2024-06-29 17:00:00+00:00,61005.0
2024-06-29 18:00:00+00:00,61022.0
2024-06-29 19:00:00+00:00,61019.0
2024-06-29 20:00:00+00:00,61007.0
2024-06-29 21:00:00+00:00,61023.0
2024-06-29 22:00:00+00:00,60934.0
2024-06-29 23:00:00+00:00,60940.0
2024-06-30 00:00:00+00:00,60986.0
2024-06-30 01:00:00+00:00,60920.0
2024-06-30 02:00:00+00:00,60794.0
2024-06-30 03:00:00+00:00,60858.0
2024-06-30 04:00:00+00:00,60741.0
2024-06-30 05:00:00+00:00,60754.0
2024-06-30 06:00:00+00:00,60996.0
2024-06-30 07:00:00+00:00,61510.0
2024-06-30 08:00:00+00:00,61527.0
2024-06-30 09:00:00+00:00,61490.0
2024-06-30 10:00:00+00:00,61504.0
2024-06-30 11:00:00+00:00,61514.0
2024-06-30 12:00:00+00:00,61454.0
2024-06-30 13:00:00+00:00,61672.0
2024-06-30 14:00:00+00:00,61543.0
2024-06-30 15:00:00+00:00,61680.0
2024-06-30 16:00:00+00:00,61560.0
2024-06-30 17:00:00+00:00,61672.0
2024-06-30 18:00:00+00:00,62026.0
2024-06-30 19:00:00+00:00,61988.0
2024-06-30 20:00:00+00:00,61943.0
2024-06-30 21:00:00+00:00,61902.0
2024-06-30 22:00:00+00:00,62875.0
2024-06-30 23:00:00+00:00,62750.0
2024-07-01 00:00:00+00:00,62904.0
2024-07-01 01:00:00+00:00,63612.0
2024-07-01 02:00:00+00:00,63409.0
2024-07-01 03:00:00+00:00,63399.0
2024-07-01 04:00:00+00:00,63238.0
2024-07-01 05:00:00+00:00,63391.0
2024-07-01 06:00:00+00:00,63371.0
2024-07-01 07:00:00+00:00,63234.0
2024-07-01 08:00:00+00:00,62891.0
2024-07-01 09:00:00+00:00,62911.0
2024-07-01 10:00:00+00:00,62816.0
2024-07-01 11:00:00+00:00,62638.0
2024-07-01 12:00:00+00:00,62852.0
2024-07-01 13:00:00+00:00,62651.0
2024-07-01 14:00:00+00:00,62795.0
2024-07-01 15:00:00+00:00,63109.0
2024-07-01 16:00:00+00:00,63087.0
2024-07-01 17:00:00+00:00,63672.0
2024-07-01 18:00:00+00:00,63619.0
2024-07-01 19:00:00+00:00,63187.0
2024-07-01 20:00:00+00:00,63252.0
2024-07-01 21:00:00+00:00,63085.0
2024-07-01 22:00:00+00:00,62941.0
2024-07-01 23:00:00+00:00,62861.0
2024-07-02 00:00:00+00:00,62896.0
2024-07-02 01:00:00+00:00,62897.0
2024-07-02 02:00:00+00:00,62958.0
2024-07-02 03:00:00+00:00,63094.0
2024-07-02 04:00:00+00:00,62995.0
2024-07-02 05:00:00+00:00,62995.0
2024-07-02 06:00:00+00:00,62839.0
2024-07-02 07:00:00+00:00,62591.0
2024-07-02 08:00:00+00:00,62637.0
2024-07-02 09:00:00+00:00,62629.0
2024-07-02 10:00:00+00:00,62692.0
2024-07-02 11:00:00+00:00,62803.0
2024-07-02 12:00:00+00:00,62843.0
2024-07-02 13:00:00+00:00,62595.0
2024-07-02 14:00:00+00:00,62012.0
2024-07-02 15:00:00+00:00,61912.0
2024-07-02 16:00:00+00:00,61907.0
2024-07-02 17:00:00+00:00,62136.0
2024-07-02 18:00:00+00:00,62313.0
2024-07-02 19:00:00+00:00,61924.0
2024-07-02 20:00:00+00:00,61984.0
2024-07-02 21:00:00+00:00,61910.0
2024-07-02 22:00:00+00:00,62058.0
2024-07-02 23:00:00+00:00,62093.0
2024-07-03 00:00:00+00:00,62046.0
2024-07-03 01:00:00+00:00,61599.0
2024-07-03 02:00:00+00:00,61343.0
2024-07-03 03:00:00+00:00,60968.0
2024-07-03 04:00:00+00:00,60856.0
2024-07-03 05:00:00+00:00,61088.0
2024-07-03 06:00:00+00:00,60985.0
2024-07-03 07:00:00+00:00,60843.0
2024-07-03 08:00:00+00:00,60464.0
2024-07-03 09:00:00+00:00,60581.0
2024-07-03 10:00:00+00:00,60345.0
2024-07-03 11:00:00+00:00,60353.0
2024-07-03 12:00:00+00:00,60005.0
2024-07-03 13:00:00+00:00,60566.0
2024-07-03 14:00:00+00:00,60246.0
2024-07-03 15:00:00+00:00,60141.0
2024-07-03 16:00:00+00:00,60462.0
2024-07-03 17:00:00+00:00,60338.0
2024-07-03 18:00:00+00:00,60214.0
2024-07-03 19:00:00+00:00,59625.0
2024-07-03 20:00:00+00:00,59572.0
2024-07-03 21:00:00+00:00,60222.0
2024-07-03 22:00:00+00:00,60296.0
2024-07-03 23:00:00+00:00,60185.0
2024-07-04 00:00:00+00:00,60393.0
2024-07-04 01:00:00+00:00,58546.0
2024-07-04 02:00:00+00:00,58941.0
2024-07-04 03:00:00+00:00,59073.0
2024-07-04 04:00:00+00:00,58942.0
2024-07-04 05:00:00+00:00,58865.0
2024-07-04 06:00:00+00:00,58775.0
2024-07-04 07:00:00+00:00,58199.0
2024-07-04 08:00:00+00:00,57665.0
2024-07-04 09:00:00+00:00,57716.0
2024-07-04 10:00:00+00:00,57926.0
2024-07-04 11:00:00+00:00,57745.0
2024-07-04 12:00:00+00:00,57220.0
2024-07-04 13:00:00+00:00,57390.0
2024-07-04 14:00:00+00:00,57421.0
2024-07-04 15:00:00+00:00,58110.0
2024-07-04 16:00:00+00:00,58273.0
2024-07-04 17:00:00+00:00,58224.0
2024-07-04 18:00:00+00:00,58143.0
2024-07-04 19:00:00+00:00,58250.0
2024-07-04 20:00:00+00:00,58338.0
2024-07-04 21:00:00+00:00,58473.0
2024-07-04 22:00:00+00:00,58009.0
2024-07-04 23:00:00+00:00,57035.0
2024-07-05 00:00:00+00:00,57356.0
2024-07-05 01:00:00+00:00,57144.0
2024-07-05 02:00:00+00:00,55722.0
2024-07-05 03:00:00+00:00,55215.0
2024-07-05 04:00:00+00:00,53917.0
2024-07-05 05:00:00+00:00,54793.0
2024-07-05 06:00:00+00:00,54269.0
2024-07-05 07:00:00+00:00,54387.0
2024-07-05 08:00:00+00:00,54056.0
2024-07-05 09:00:00+00:00,54512.0
2024-07-05 10:00:00+00:00,54963.0
2024-07-05 11:00:00+00:00,55459.0
2024-07-05 12:00:00+00:00,55022.0
2024-07-05 13:00:00+00:00,55809.0
2024-07-05 14:00:00+00:00,55725.0
2024-07-05 15:00:00+00:00,56630.0
2024-07-05 16:00:00+00:00,56426.0
2024-07-05 17:00:00+00:00,56432.0
2024-07-05 18:00:00+00:00,56519.0
2024-07-05 19:00:00+00:00,56431.0
2024-07-05 20:00:00+00:00,56319.0
2024-07-05 21:00:00+00:00,56486.0
2024-07-05 22:00:00+00:00,56595.0
2024-07-05 23:00:00+00:00,56603.0
2024-07-06 00:00:00+00:00,56572.0
2024-07-06 01:00:00+00:00,56189.0
2024-07-06 02:00:00+00:00,56409.0
2024-07-06 03:00:00+00:00,56386.0
2024-07-06 04:00:00+00:00,56039.0
2024-07-06 05:00:00+00:00,56342.0
2024-07-06 06:00:00+00:00,56384.0
2024-07-06 07:00:00+00:00,56575.0
2024-07-06 08:00:00+00:00,56535.0
2024-07-06 09:00:00+00:00,56740.0
2024-07-06 10:00:00+00:00,56754.0
2024-07-06 11:00:00+00:00,56712.0
2024-07-06 12:00:00+00:00,56726.0
2024-07-06 13:00:00+00:00,56973.0
2024-07-06 14:00:00+00:00,57034.0
2024-07-06 15:00:00+00:00,57295.0
2024-07-06 16:00:00+00:00,57822.0
2024-07-06 17:00:00+00:00,57932.0
2024-07-06 18:00:00+00:00,57759.0
2024-07-06 19:00:00+00:00,57830.0
2024-07-06 20:00:00+00:00,57936.0
2024-07-06 21:00:00+00:00,57841.0
2024-07-06 22:00:00+00:00,58071.0
2024-07-06 23:00:00+00:00,58205.0
2024-07-07 00:00:00+00:00,57897.0
2024-07-07 01:00:00+00:00,58086.0
2024-07-07 02:00:00+00:00,58330.0
2024-07-07 03:00:00+00:00,57936.0
2024-07-07 04:00:00+00:00,57591.0
2024-07-07 05:00:00+00:00,57629.0
2024-07-07 06:00:00+00:00,57633.0
2024-07-07 07:00:00+00:00,57363.0
2024-07-07 08:00:00+00:00,57638.0
2024-07-07 09:00:00+00:00,57718.0
2024-07-07 10:00:00+00:00,57488.0
2024-07-07 11:00:00+00:00,57428.0
2024-07-07 12:00:00+00:00,57321.0
2024-07-07 13:00:00+00:00,56855.0
2024-07-07 14:00:00+00:00,56743.0
2024-07-07 15:00:00+00:00,56796.0
2024-07-07 16:00:00+00:00,57088.0
2024-07-07 17:00:00+00:00,57210.0
2024-07-07 18:00:00+00:00,57151.0
2024-07-07 19:00:00+00:00,57129.0
2024-07-07 20:00:00+00:00,57245.0
2024-07-07 21:00:00+00:00,56559.0
2024-07-07 22:00:00+00:00,56365.0
2024-07-07 23:00:00+00:00,55840.0
2024-07-08 00:00:00+00:00,55060.0
2024-07-08 01:00:00+00:00,54928.0
2024-07-08 02:00:00+00:00,55357.0
2024-07-08 03:00:00+00:00,55131.0
2024-07-08 04:00:00+00:00,55474.0
2024-07-08 05:00:00+00:00,55460.0
2024-07-08 06:00:00+00:00,55615.0
2024-07-08 07:00:00+00:00,55834.0
2024-07-08 08:00:00+00:00,57781.0
2024-07-08 09:00:00+00:00,57508.0
2024-07-08 10:00:00+00:00,56803.0
2024-07-08 11:00:00+00:00,57136.0
2024-07-08 12:00:00+00:00,57125.0
2024-07-08 13:00:00+00:00,57218.0
2024-07-08 14:00:00+00:00,56161.0
2024-07-08 15:00:00+00:00,55724.0
2024-07-08 16:00:00+00:00,55780.0
2024-07-08 17:00:00+00:00,56256.0
2024-07-08 18:00:00+00:00,56248.0
2024-07-08 19:00:00+00:00,56456.0
2024-07-08 20:00:00+00:00,56235.0
2024-07-08 21:00:00+00:00,56634.0
2024-07-08 22:00:00+00:00,56667.0
2024-07-08 23:00:00+00:00,56697.0
2024-07-09 00:00:00+00:00,56518.0
2024-07-09 01:00:00+00:00,56540.0
2024-07-09 02:00:00+00:00,57248.0
2024-07-09 03:00:00+00:00,57144.0
2024-07-09 04:00:00+00:00,57265.0
2024-07-09 05:00:00+00:00,57268.0
2024-07-09 06:00:00+00:00,57453.0
2024-07-09 07:00:00+00:00,57100.0
2024-07-09 08:00:00+00:00,57602.0
2024-07-09 09:00:00+00:00,57561.0
2024-07-09 10:00:00+00:00,57407.0
2024-07-09 11:00:00+00:00,57410.0
2024-07-09 12:00:00+00:00,57314.0
2024-07-09 13:00:00+00:00,57310.0
2024-07-09 14:00:00+00:00,57027.0
2024-07-09 15:00:00+00:00,57451.0
2024-07-09 16:00:00+00:00,57674.0
2024-07-09 17:00:00+00:00,57504.0
2024-07-09 18:00:00+00:00,57896.0
2024-07-09 19:00:00+00:00,57842.0
2024-07-09 20:00:00+00:00,57917.0
2024-07-09 21:00:00+00:00,57780.0
2024-07-09 22:00:00+00:00,57914.0
2024-07-09 23:00:00+00:00,58030.0
2024-07-10 00:00:00+00:00,57465.0
2024-07-10 01:00:00+00:00,57779.0
2024-07-10 02:00:00+00:00,57866.0
2024-07-10 03:00:00+00:00,58168.0
2024-07-10 04:00:00+00:00,59318.0
2024-07-10 05:00:00+00:00,58941.0
2024-07-10 06:00:00+00:00,59208.0
2024-07-10 07:00:00+00:00,58937.0
2024-07-10 08:00:00+00:00,58728.0
2024-07-10 09:00:00+00:00,58469.0
2024-07-10 10:00:00+00:00,58627.0
2024-07-10 11:00:00+00:00,58478.0
2024-07-10 12:00:00+00:00,58138.0
2024-07-10 13:00:00+00:00,57743.0
2024-07-10 14:00:00+00:00,57686.0
2024-07-10 15:00:00+00:00,57676.0
2024-07-10 16:00:00+00:00,57671.0
2024-07-10 17:00:00+00:00,57611.0
2024-07-10 18:00:00+00:00,57606.0
2024-07-10 19:00:00+00:00,57377.0
2024-07-10 20:00:00+00:00,57398.0
2024-07-10 21:00:00+00:00,57415.0
2024-07-10 22:00:00+00:00,57686.0
2024-07-10 23:00:00+00:00,57714.0
2024-07-11 00:00:00+00:00,57611.0
2024-07-11 01:00:00+00:00,58254.0
2024-07-11 02:00:00+00:00,57838.0
2024-07-11 03:00:00+00:00,57537.0
2024-07-11 04:00:00+00:00,57750.0
2024-07-11 05:00:00+00:00,57962.0
2024-07-11 06:00:00+00:00,57967.0
2024-07-11 07:00:00+00:00,58169.0
2024-07-11 08:00:00+00:00,58139.0
2024-07-11 09:00:00+00:00,58262.0
2024-07-11 10:00:00+00:00,58448.0
2024-07-11 11:00:00+00:00,58736.0
2024-07-11 12:00:00+00:00,58777.0
2024-07-11 13:00:00+00:00,58530.0
2024-07-11 14:00:00+00:00,57762.0
2024-07-11 15:00:00+00:00,57383.0
2024-07-11 16:00:00+00:00,57607.0
2024-07-11 17:00:00+00:00,57778.0
2024-07-11 18:00:00+00:00,57815.0
2024-07-11 19:00:00+00:00,57362.0
2024-07-11 20:00:00+00:00,57537.0
2024-07-11 21:00:00+00:00,57446.0
2024-07-11 22:00:00+00:00,57322.0
2024-07-11 23:00:00+00:00,57313.0
2024-07-12 00:00:00+00:00,57159.0
2024-07-12 01:00:00+00:00,56915.0
2024-07-12 02:00:00+00:00,57304.0
2024-07-12 03:00:00+00:00,56885.0
2024-07-12 04:00:00+00:00,56990.0
2024-07-12 05:00:00+00:00,57000.0
2024-07-12 06:00:00+00:00,57190.0
2024-07-12 07:00:00+00:00,57066.0
2024-07-12 08:00:00+00:00,57299.0
2024-07-12 09:00:00+00:00,56933.0
2024-07-12 10:00:00+00:00,57157.0
2024-07-12 11:00:00+00:00,57180.0
2024-07-12 12:00:00+00:00,57353.0
2024-07-12 13:00:00+00:00,57821.0
2024-07-12 14:00:00+00:00,57788.0
2024-07-12 15:00:00+00:00,58190.0
2024-07-12 16:00:00+00:00,58082.0
2024-07-12 17:00:00+00:00,58142.0
2024-07-12 18:00:00+00:00,58266.0
2024-07-12 19:00:00+00:00,57542.0
2024-07-12 20:00:00+00:00,57511.0
2024-07-12 21:00:00+00:00,57567.0
2024-07-12 22:00:00+00:00,57750.0
2024-07-12 23:00:00+00:00,57861.0
2024-07-13 00:00:00+00:00,57803.0
2024-07-13 01:00:00+00:00,57858.0
2024-07-13 02:00:00+00:00,57902.0
2024-07-13 03:00:00+00:00,57786.0
2024-07-13 04:00:00+00:00,57741.0
2024-07-13 05:00:00+00:00,58046.0
2024-07-13 06:00:00+00:00,58014.0
2024-07-13 07:00:00+00:00,58147.0
2024-07-13 08:00:00+00:00,57934.0
2024-07-13 09:00:00+00:00,58644.0
2024-07-13 10:00:00+00:00,58411.0
2024-07-13 11:00:00+00:00,58516.0
2024-07-13 12:00:00+00:00,58741.0
2024-07-13 13:00:00+00:00,58587.0
2024-07-13 14:00:00+00:00,58778.0
2024-07-13 15:00:00+00:00,58813.0
2024-07-13 16:00:00+00:00,58586.0
2024-07-13 17:00:00+00:00,58683.0
2024-07-13 18:00:00+00:00,58614.0
2024-07-13 19:00:00+00:00,58586.0
2024-07-13 20:00:00+00:00,58565.0
2024-07-13 21:00:00+00:00,58665.0
2024-07-13 22:00:00+00:00,59458.0
2024-07-13 23:00:00+00:00,59182.0
2024-07-14 00:00:00+00:00,59736.0
2024-07-14 01:00:00+00:00,59696.0
2024-07-14 02:00:00+00:00,59341.0
2024-07-14 03:00:00+00:00,59446.0
2024-07-14 04:00:00+00:00,59935.0
2024-07-14 05:00:00+00:00,60236.0
2024-07-14 06:00:00+00:00,59853.0
2024-07-14 07:00:00+00:00,60028.0
2024-07-14 08:00:00+00:00,60175.0
2024-07-14 09:00:00+00:00,60159.0
2024-07-14 10:00:00+00:00,59900.0
2024-07-14 11:00:00+00:00,60070.0
2024-07-14 12:00:00+00:00,59561.0
2024-07-14 13:00:00+00:00,59665.0
2024-07-14 14:00:00+00:00,59992.0
2024-07-14 15:00:00+00:00,60062.0
2024-07-14 16:00:00+00:00,60079.0
2024-07-14 17:00:00+00:00,59980.0
2024-07-14 18:00:00+00:00,60004.0
2024-07-14 19:00:00+00:00,59887.0
2024-07-14 20:00:00+00:00,60064.0
2024-07-14 21:00:00+00:00,61254.0
2024-07-14 22:00:00+00:00,60819.0
2024-07-14 23:00:00+00:00,60756.0
2024-07-15 00:00:00+00:00,61189.0
2024-07-15 01:00:00+00:00,61371.0
2024-07-15 02:00:00+00:00,62453.0
2024-07-15 03:00:00+00:00,62613.0
2024-07-15 04:00:00+00:00,62560.0
2024-07-15 05:00:00+00:00,62770.0
2024-07-15 06:00:00+00:00,62842.0
2024-07-15 07:00:00+00:00,62815.0
2024-07-15 08:00:00+00:00,62856.0
2024-07-15 09:00:00+00:00,62633.0
2024-07-15 10:00:00+00:00,62524.0
2024-07-15 11:00:00+00:00,62439.0
2024-07-15 12:00:00+00:00,62590.0
2024-07-15 13:00:00+00:00,62900.0
2024-07-15 14:00:00+00:00,63201.0
2024-07-15 15:00:00+00:00,62984.0
2024-07-15 16:00:00+00:00,63380.0
2024-07-15 17:00:00+00:00,63028.0
2024-07-15 18:00:00+00:00,63465.0
2024-07-15 19:00:00+00:00,63301.0
2024-07-15 20:00:00+00:00,63685.0
2024-07-15 21:00:00+00:00,63492.0
2024-07-15 22:00:00+00:00,64303.0
2024-07-15 23:00:00+00:00,64697.0
2024-07-16 00:00:00+00:00,64591.0
2024-07-16 01:00:00+00:00,64821.0
2024-07-16 02:00:00+00:00,64791.0
2024-07-16 03:00:00+00:00,64728.0
2024-07-16 04:00:00+00:00,64456.0
2024-07-16 05:00:00+00:00,63634.0
2024-07-16 06:00:00+00:00,62900.0
2024-07-16 07:00:00+00:00,62903.0
2024-07-16 08:00:00+00:00,62808.0
2024-07-16 09:00:00+00:00,63162.0
2024-07-16 10:00:00+00:00,63417.0
2024-07-16 11:00:00+00:00,63730.0
2024-07-16 12:00:00+00:00,63727.0
2024-07-16 13:00:00+00:00,63388.0
2024-07-16 14:00:00+00:00,63811.0
2024-07-16 15:00:00+00:00,64851.0
2024-07-16 16:00:00+00:00,64476.0
2024-07-16 17:00:00+00:00,64518.0
2024-07-16 18:00:00+00:00,64763.0
2024-07-16 19:00:00+00:00,65135.0
2024-07-16 20:00:00+00:00,64635.0
2024-07-16 21:00:00+00:00,64471.0
2024-07-16 22:00:00+00:00,64592.0
2024-07-16 23:00:00+00:00,65027.0
2024-07-17 00:00:00+00:00,65480.0
2024-07-17 01:00:00+00:00,65642.0
2024-07-17 02:00:00+00:00,65592.0
2024-07-17 03:00:00+00:00,65670.0
2024-07-17 04:00:00+00:00,65814.0
2024-07-17 05:00:00+00:00,65601.0
2024-07-17 06:00:00+00:00,65551.0
2024-07-17 07:00:00+00:00,65231.0
2024-07-17 08:00:00+00:00,65150.0
2024-07-17 09:00:00+00:00,65295.0
2024-07-17 10:00:00+00:00,65094.0
2024-07-17 11:00:00+00:00,64695.0
2024-07-17 12:00:00+00:00,64707.0
2024-07-17 13:00:00+00:00,65098.0
2024-07-17 14:00:00+00:00,65000.0
2024-07-17 15:00:00+00:00,64681.0
2024-07-17 16:00:00+00:00,64214.0
2024-07-17 17:00:00+00:00,64250.0
2024-07-17 18:00:00+00:00,64481.0
2024-07-17 19:00:00+00:00,64548.0
2024-07-17 20:00:00+00:00,64480.0
2024-07-17 21:00:00+00:00,64287.0
2024-07-17 22:00:00+00:00,64231.0
2024-07-17 23:00:00+00:00,64049.0
2024-07-18 00:00:00+00:00,64408.0
2024-07-18 01:00:00+00:00,64647.0
2024-07-18 02:00:00+00:00,64663.0
2024-07-18 03:00:00+00:00,64834.0
2024-07-18 04:00:00+00:00,64546.0
2024-07-18 05:00:00+00:00,64727.0
2024-07-18 06:00:00+00:00,64971.0
2024-07-18 07:00:00+00:00,64644.0
2024-07-18 08:00:00+00:00,64906.0
2024-07-18 09:00:00+00:00,64828.0
2024-07-18 10:00:00+00:00,64581.0
2024-07-18 11:00:00+00:00,64720.0
2024-07-18 12:00:00+00:00,64813.0
2024-07-18 13:00:00+00:00,64565.0
2024-07-18 14:00:00+00:00,63968.0
2024-07-18 15:00:00+00:00,63507.0
2024-07-18 16:00:00+00:00,63879.0
2024-07-18 17:00:00+00:00,63535.0
2024-07-18 18:00:00+00:00,63501.0
2024-07-18 19:00:00+00:00,63533.0
2024-07-18 20:00:00+00:00,63803.0
2024-07-18 21:00:00+00:00,63823.0
2024-07-18 22:00:00+00:00,64001.0
2024-07-18 23:00:00+00:00,63967.0
2024-07-19 00:00:00+00:00,63580.0
2024-07-19 01:00:00+00:00,63798.0
2024-07-19 02:00:00+00:00,63820.0
2024-07-19 03:00:00+00:00,64304.0
2024-07-19 04:00:00+00:00,64127.0
2024-07-19 05:00:00+00:00,64153.0
2024-07-19 06:00:00+00:00,64196.0
2024-07-19 07:00:00+00:00,63679.0
2024-07-19 08:00:00+00:00,63788.0
2024-07-19 09:00:00+00:00,63666.0
2024-07-19 10:00:00+00:00,63977.0
2024-07-19 11:00:00+00:00,64102.0
2024-07-19 12:00:00+00:00,64386.0
2024-07-19 13:00:00+00:00,65100.0
2024-07-19 14:00:00+00:00,65732.0
2024-07-19 15:00:00+00:00,65814.0
2024-07-19 16:00:00+00:00,66400.0
2024-07-19 17:00:00+00:00,66743.0
2024-07-19 18:00:00+00:00,66775.0
2024-07-19 19:00:00+00:00,67118.0
2024-07-19 20:00:00+00:00,66904.0
2024-07-19 21:00:00+00:00,66855.0
2024-07-19 22:00:00+00:00,66697.0
2024-07-19 23:00:00+00:00,66632.0
2024-07-20 00:00:00+00:00,66400.0
2024-07-20 01:00:00+00:00,66340.0
2024-07-20 02:00:00+00:00,66546.0
2024-07-20 03:00:00+00:00,66567.0
2024-07-20 04:00:00+00:00,66625.0
2024-07-20 05:00:00+00:00,66505.0
2024-07-20 06:00:00+00:00,66598.0
2024-07-20 07:00:00+00:00,66525.0
2024-07-20 08:00:00+00:00,66465.0
2024-07-20 09:00:00+00:00,66555.0
2024-07-20 10:00:00+00:00,66500.0
2024-07-20 11:00:00+00:00,66445.0
2024-07-20 12:00:00+00:00,66446.0
2024-07-20 13:00:00+00:00,66515.0
2024-07-20 14:00:00+00:00,66559.0
2024-07-20 15:00:00+00:00,66800.0
2024-07-20 16:00:00+00:00,66782.0
2024-07-20 17:00:00+00:00,67373.0
2024-07-20 18:00:00+00:00,67443.0
2024-07-20 19:00:00+00:00,67200.0
2024-07-20 20:00:00+00:00,67314.0
2024-07-20 21:00:00+00:00,67070.0
2024-07-20 22:00:00+00:00,67081.0
2024-07-20 23:00:00+00:00,67104.0
2024-07-21 00:00:00+00:00,67035.0
2024-07-21 01:00:00+00:00,67257.0
2024-07-21 02:00:00+00:00,67251.0
2024-07-21 03:00:00+00:00,67148.0
2024-07-21 04:00:00+00:00,67013.0
2024-07-21 05:00:00+00:00,67015.0
2024-07-21 06:00:00+00:00,66697.0
2024-07-21 07:00:00+00:00,66672.0
2024-07-21 08:00:00+00:00,66769.0
2024-07-21 09:00:00+00:00,66941.0
2024-07-21 10:00:00+00:00,66774.0
2024-07-21 11:00:00+00:00,66852.0
2024-07-21 12:00:00+00:00,66906.0
2024-07-21 13:00:00+00:00,66744.0
2024-07-21 14:00:00+00:00,67260.0
2024-07-21 15:00:00+00:00,67138.0
2024-07-21 16:00:00+00:00,67540.0
2024-07-21 17:00:00+00:00,66608.0
2024-07-21 18:00:00+00:00,66840.0
2024-07-21 19:00:00+00:00,67396.0
2024-07-21 20:00:00+00:00,67699.0
2024-07-21 21:00:00+00:00,68163.0
2024-07-21 22:00:00+00:00,67989.0
2024-07-21 23:00:00+00:00,68150.0
2024-07-22 00:00:00+00:00,68160.0
2024-07-22 01:00:00+00:00,67821.0
2024-07-22 02:00:00+00:00,68045.0
2024-07-22 03:00:00+00:00,67850.0
2024-07-22 04:00:00+00:00,67898.0
2024-07-22 05:00:00+00:00,67605.0
2024-07-22 06:00:00+00:00,67390.0
2024-07-22 07:00:00+00:00,67213.0
2024-07-22 08:00:00+00:00,67070.0
2024-07-22 09:00:00+00:00,67398.0
2024-07-22 10:00:00+00:00,67403.0
2024-07-22 11:00:00+00:00,67499.0
2024-07-22 12:00:00+00:00,67680.0
2024-07-22 13:00:00+00:00,67075.0
2024-07-22 14:00:00+00:00,66700.0
2024-07-22 15:00:00+00:00,67043.0
2024-07-22 16:00:00+00:00,67018.0
2024-07-22 17:00:00+00:00,67442.0
2024-07-22 18:00:00+00:00,67423.0
2024-07-22 19:00:00+00:00,68187.0
2024-07-22 20:00:00+00:00,68098.0
2024-07-22 21:00:00+00:00,67817.0
2024-07-22 22:00:00+00:00,67613.0
2024-07-22 23:00:00+00:00,67494.0
2024-07-23 00:00:00+00:00,67456.0
2024-07-23 01:00:00+00:00,67376.0
2024-07-23 02:00:00+00:00,67615.0
2024-07-23 03:00:00+00:00,67438.0
2024-07-23 04:00:00+00:00,66917.0
2024-07-23 05:00:00+00:00,66405.0
2024-07-23 06:00:00+00:00,66503.0
2024-07-23 07:00:00+00:00,66560.0
2024-07-23 08:00:00+00:00,66863.0
2024-07-23 09:00:00+00:00,66903.0
2024-07-23 10:00:00+00:00,66834.0
2024-07-23 11:00:00+00:00,66641.0
2024-07-23 12:00:00+00:00,66471.0
2024-07-23 13:00:00+00:00,66059.0
2024-07-23 14:00:00+00:00,67205.0
2024-07-23 15:00:00+00:00,66553.0
2024-07-23 16:00:00+00:00,65810.0
2024-07-23 17:00:00+00:00,65902.0
2024-07-23 18:00:00+00:00,65838.0
2024-07-23 19:00:00+00:00,65505.0
2024-07-23 20:00:00+00:00,65813.0
2024-07-23 21:00:00+00:00,65867.0
2024-07-23 22:00:00+00:00,65900.0
2024-07-23 23:00:00+00:00,65923.0
2024-07-24 00:00:00+00:00,65776.0
2024-07-24 01:00:00+00:00,65650.0
2024-07-24 02:00:00+00:00,65866.0
2024-07-24 03:00:00+00:00,66032.0
2024-07-24 04:00:00+00:00,65835.0
2024-07-24 05:00:00+00:00,65794.0
2024-07-24 06:00:00+00:00,65874.0
2024-07-24 07:00:00+00:00,66064.0
2024-07-24 08:00:00+00:00,66420.0
2024-07-24 09:00:00+00:00,66394.0
2024-07-24 10:00:00+00:00,66493.0
2024-07-24 11:00:00+00:00,66361.0
2024-07-24 12:00:00+00:00,66205.0
2024-07-24 13:00:00+00:00,66331.0
2024-07-24 14:00:00+00:00,66749.0
2024-07-24 15:00:00+00:00,66157.0
2024-07-24 16:00:00+00:00,66367.0
2024-07-24 17:00:00+00:00,66572.0
2024-07-24 18:00:00+00:00,65746.0
2024-07-24 19:00:00+00:00,65641.0
2024-07-24 20:00:00+00:00,66034.0
2024-07-24 21:00:00+00:00,65638.0
2024-07-24 22:00:00+00:00,65273.0
2024-07-24 23:00:00+00:00,65365.0
2024-07-25 00:00:00+00:00,65501.0
2024-07-25 01:00:00+00:00,64468.0
2024-07-25 02:00:00+00:00,64188.0
2024-07-25 03:00:00+00:00,64068.0
2024-07-25 04:00:00+00:00,64201.0
2024-07-25 05:00:00+00:00,64244.0
2024-07-25 06:00:00+00:00,64304.0
2024-07-25 07:00:00+00:00,64109.0
2024-07-25 08:00:00+00:00,64332.0
2024-07-25 09:00:00+00:00,64291.0
2024-07-25 10:00:00+00:00,64132.0
2024-07-25 11:00:00+00:00,64076.0
2024-07-25 12:00:00+00:00,64100.0
2024-07-25 13:00:00+00:00,64032.0
2024-07-25 14:00:00+00:00,64812.0
2024-07-25 15:00:00+00:00,64764.0
2024-07-25 16:00:00+00:00,64834.0
2024-07-25 17:00:00+00:00,65010.0
2024-07-25 18:00:00+00:00,64529.0
2024-07-25 19:00:00+00:00,64655.0
2024-07-25 20:00:00+00:00,65274.0
2024-07-25 21:00:00+00:00,65811.0
2024-07-25 22:00:00+00:00,65613.0
2024-07-25 23:00:00+00:00,65768.0
2024-07-26 00:00:00+00:00,66348.0
2024-07-26 01:00:00+00:00,66400.0
2024-07-26 02:00:00+00:00,66978.0
2024-07-26 03:00:00+00:00,67011.0
2024-07-26 04:00:00+00:00,67046.0
2024-07-26 05:00:00+00:00,66897.0
2024-07-26 06:00:00+00:00,67027.0
2024-07-26 07:00:00+00:00,66876.0
2024-07-26 08:00:00+00:00,67073.0
2024-07-26 09:00:00+00:00,67275.0
2024-07-26 10:00:00+00:00,67286.0
2024-07-26 11:00:00+00:00,67295.0
2024-07-26 12:00:00+00:00,67285.0
2024-07-26 13:00:00+00:00,67861.0
2024-07-26 14:00:00+00:00,67303.0
2024-07-26 15:00:00+00:00,67529.0
2024-07-26 16:00:00+00:00,67370.0
2024-07-26 17:00:00+00:00,67344.0
2024-07-26 18:00:00+00:00,67543.0
2024-07-26 19:00:00+00:00,67959.0
2024-07-26 20:00:00+00:00,67405.0
2024-07-26 21:00:00+00:00,67921.0
2024-07-26 22:00:00+00:00,67911.0
2024-07-26 23:00:00+00:00,67882.0
2024-07-27 00:00:00+00:00,67852.0
2024-07-27 01:00:00+00:00,67639.0
2024-07-27 02:00:00+00:00,68000.0
2024-07-27 03:00:00+00:00,67770.0
2024-07-27 04:00:00+00:00,67839.0
2024-07-27 05:00:00+00:00,67866.0
2024-07-27 06:00:00+00:00,68069.0
2024-07-27 07:00:00+00:00,68025.0
2024-07-27 08:00:00+00:00,67970.0
2024-07-27 09:00:00+00:00,68200.0
2024-07-27 10:00:00+00:00,68137.0
2024-07-27 11:00:00+00:00,68204.0
2024-07-27 12:00:00+00:00,68388.0
2024-07-27 13:00:00+00:00,69226.0
2024-07-27 14:00:00+00:00,68965.0
2024-07-27 15:00:00+00:00,68835.0
2024-07-27 16:00:00+00:00,68665.0
2024-07-27 17:00:00+00:00,68519.0
2024-07-27 18:00:00+00:00,68504.0
2024-07-27 19:00:00+00:00,68232.0
2024-07-27 20:00:00+00:00,67791.0
2024-07-27 21:00:00+00:00,68868.0
2024-07-27 22:00:00+00:00,68641.0
2024-07-27 23:00:00+00:00,67902.0
2024-07-28 00:00:00+00:00,67956.0
2024-07-28 01:00:00+00:00,68101.0
2024-07-28 02:00:00+00:00,68166.0
2024-07-28 03:00:00+00:00,67957.0
2024-07-28 04:00:00+00:00,67328.0
2024-07-28 05:00:00+00:00,67411.0
2024-07-28 06:00:00+00:00,67467.0
2024-07-28 07:00:00+00:00,67525.0
2024-07-28 08:00:00+00:00,67372.0
2024-07-28 09:00:00+00:00,67414.0
2024-07-28 10:00:00+00:00,67548.0
2024-07-28 11:00:00+00:00,67826.0
2024-07-28 12:00:00+00:00,67998.0
2024-07-28 13:00:00+00:00,67986.0
2024-07-28 14:00:00+00:00,67742.0
2024-07-28 15:00:00+00:00,67650.0
2024-07-28 16:00:00+00:00,67672.0
2024-07-28 17:00:00+00:00,67982.0
2024-07-28 18:00:00+00:00,68235.0
2024-07-28 19:00:00+00:00,68128.0
2024-07-28 20:00:00+00:00,68015.0
2024-07-28 21:00:00+00:00,68027.0
2024-07-28 22:00:00+00:00,68001.0
2024-07-28 23:00:00+00:00,68241.0
2024-07-29 00:00:00+00:00,68712.0
2024-07-29 01:00:00+00:00,68536.0
2024-07-29 02:00:00+00:00,69567.0
2024-07-29 03:00:00+00:00,69361.0
2024-07-29 04:00:00+00:00,69377.0
2024-07-29 05:00:00+00:00,69659.0
2024-07-29 06:00:00+00:00,69608.0
2024-07-29 07:00:00+00:00,69550.0
2024-07-29 08:00:00+00:00,69458.0
2024-07-29 09:00:00+00:00,69526.0
2024-07-29 10:00:00+00:00,69615.0
2024-07-29 11:00:00+00:00,69577.0
2024-07-29 12:00:00+00:00,69788.0
2024-07-29 13:00:00+00:00,69255.0
2024-07-29 14:00:00+00:00,68192.0
2024-07-29 15:00:00+00:00,68073.0
2024-07-29 16:00:00+00:00,66911.0
2024-07-29 17:00:00+00:00,66990.0
2024-07-29 18:00:00+00:00,67400.0
2024-07-29 19:00:00+00:00,67286.0
2024-07-29 20:00:00+00:00,67347.0
2024-07-29 21:00:00+00:00,67476.0
2024-07-29 22:00:00+00:00,67203.0
2024-07-29 23:00:00+00:00,66758.0
2024-07-30 00:00:00+00:00,66585.0
2024-07-30 01:00:00+00:00,66146.0
2024-07-30 02:00:00+00:00,66381.0
2024-07-30 03:00:00+00:00,66578.0
2024-07-30 04:00:00+00:00,66764.0
2024-07-30 05:00:00+00:00,66441.0
2024-07-30 06:00:00+00:00,66721.0
2024-07-30 07:00:00+00:00,66910.0
2024-07-30 08:00:00+00:00,66730.0
2024-07-30 09:00:00+00:00,66576.0
2024-07-30 10:00:00+00:00,66541.0
2024-07-30 11:00:00+00:00,66534.0
2024-07-30 12:00:00+00:00,66630.0
2024-07-30 13:00:00+00:00,66361.0
2024-07-30 14:00:00+00:00,65787.0
2024-07-30 15:00:00+00:00,66210.0
2024-07-30 16:00:00+00:00,66156.0
2024-07-30 17:00:00+00:00,65844.0
2024-07-30 18:00:00+00:00,65801.0
2024-07-30 19:00:00+00:00,65903.0
2024-07-30 20:00:00+00:00,66173.0
2024-07-30 21:00:00+00:00,66288.0
2024-07-30 22:00:00+00:00,66207.0
2024-07-30 23:00:00+00:00,66170.0
2024-07-31 00:00:00+00:00,66324.0
2024-07-31 01:00:00+00:00,66272.0
2024-07-31 02:00:00+00:00,66086.0
2024-07-31 03:00:00+00:00,66020.0
2024-07-31 04:00:00+00:00,65792.0
2024-07-31 05:00:00+00:00,66149.0
2024-07-31 06:00:00+00:00,66431.0
2024-07-31 07:00:00+00:00,66197.0
2024-07-31 08:00:00+00:00,66284.0
2024-07-31 09:00:00+00:00,66230.0
2024-07-31 10:00:00+00:00,65969.0
2024-07-31 11:00:00+00:00,66071.0
2024-07-31 12:00:00+00:00,66125.0
2024-07-31 13:00:00+00:00,66479.0
2024-07-31 14:00:00+00:00,66412.0
2024-07-31 15:00:00+00:00,66356.0
2024-07-31 16:00:00+00:00,66334.0
2024-07-31 17:00:00+00:00,66678.0
2024-07-31 18:00:00+00:00,66510.0
2024-07-31 19:00:00+00:00,65221.0
2024-07-31 20:00:00+00:00,64571.0
2024-07-31 21:00:00+00:00,64951.0
2024-07-31 22:00:00+00:00,64944.0
2024-07-31 23:00:00+00:00,64616.0
2024-08-01 00:00:00+00:00,64631.0
2024-08-01 01:00:00+00:00,64187.0
2024-08-01 02:00:00+00:00,64082.0
2024-08-01 03:00:00+00:00,63911.0
2024-08-01 04:00:00+00:00,63712.0
2024-08-01 05:00:00+00:00,64278.0
2024-08-01 06:00:00+00:00,64200.0
2024-08-01 07:00:00+00:00,64293.0
2024-08-01 08:00:00+00:00,64474.0
2024-08-01 09:00:00+00:00,64432.0
2024-08-01 10:00:00+00:00,64544.0
2024-08-01 11:00:00+00:00,64638.0
2024-08-01 12:00:00+00:00,64865.0
2024-08-01 13:00:00+00:00,64727.0
2024-08-01 14:00:00+00:00,63902.0
2024-08-01 15:00:00+00:00,62869.0
2024-08-01 16:00:00+00:00,62865.0
2024-08-01 17:00:00+00:00,63176.0
2024-08-01 18:00:00+00:00,62924.0
2024-08-01 19:00:00+00:00,63396.0
2024-08-01 20:00:00+00:00,64728.0
2024-08-01 21:00:00+00:00,64850.0
2024-08-01 22:00:00+00:00,65171.0
2024-08-01 23:00:00+00:00,65342.0
2024-08-02 00:00:00+00:00,64881.0
2024-08-02 01:00:00+00:00,64630.0
2024-08-02 02:00:00+00:00,64351.0
2024-08-02 03:00:00+00:00,64580.0
2024-08-02 04:00:00+00:00,64507.0
2024-08-02 05:00:00+00:00,64150.0
2024-08-02 06:00:00+00:00,64437.0
2024-08-02 07:00:00+00:00,64136.0
2024-08-02 08:00:00+00:00,64562.0
2024-08-02 09:00:00+00:00,64482.0
2024-08-02 10:00:00+00:00,64727.0
2024-08-02 11:00:00+00:00,64640.0
2024-08-02 12:00:00+00:00,64823.0
2024-08-02 13:00:00+00:00,65201.0
2024-08-02 14:00:00+00:00,63125.0
2024-08-02 15:00:00+00:00,63375.0
2024-08-02 16:00:00+00:00,63287.0
2024-08-02 17:00:00+00:00,63065.0
2024-08-02 18:00:00+00:00,62861.0
2024-08-02 19:00:00+00:00,62612.0
2024-08-02 20:00:00+00:00,62602.0
2024-08-02 21:00:00+00:00,61945.0
2024-08-02 22:00:00+00:00,61356.0
2024-08-02 23:00:00+00:00,61459.0
2024-08-03 00:00:00+00:00,61097.0
2024-08-03 01:00:00+00:00,61289.0
2024-08-03 02:00:00+00:00,61405.0
2024-08-03 03:00:00+00:00,61851.0
2024-08-03 04:00:00+00:00,61533.0
2024-08-03 05:00:00+00:00,61666.0
2024-08-03 06:00:00+00:00,61788.0
2024-08-03 07:00:00+00:00,61630.0
2024-08-03 08:00:00+00:00,61600.0
2024-08-03 09:00:00+00:00,61709.0
2024-08-03 10:00:00+00:00,61786.0
2024-08-03 11:00:00+00:00,61880.0
2024-08-03 12:00:00+00:00,61964.0
2024-08-03 13:00:00+00:00,61980.0
2024-08-03 14:00:00+00:00,61958.0
2024-08-03 15:00:00+00:00,60852.0
2024-08-03 16:00:00+00:00,60886.0
2024-08-03 17:00:00+00:00,60540.0
2024-08-03 18:00:00+00:00,60214.0
2024-08-03 19:00:00+00:00,60217.0
2024-08-03 20:00:00+00:00,60373.0
2024-08-03 21:00:00+00:00,60621.0
2024-08-03 22:00:00+00:00,60600.0
2024-08-03 23:00:00+00:00,60682.0
2024-08-04 00:00:00+00:00,60711.0
2024-08-04 01:00:00+00:00,60714.0
2024-08-04 02:00:00+00:00,60856.0
2024-08-04 03:00:00+00:00,60706.0
2024-08-04 04:00:00+00:00,60540.0
2024-08-04 05:00:00+00:00,60762.0
2024-08-04 06:00:00+00:00,60787.0
2024-08-04 07:00:00+00:00,60341.0
2024-08-04 08:00:00+00:00,60540.0
2024-08-04 09:00:00+00:00,60670.0
2024-08-04 10:00:00+00:00,60782.0
2024-08-04 11:00:00+00:00,60870.0
2024-08-04 12:00:00+00:00,61020.0
2024-08-04 13:00:00+00:00,60791.0
2024-08-04 14:00:00+00:00,59557.0
2024-08-04 15:00:00+00:00,59061.0
2024-08-04 16:00:00+00:00,58644.0
2024-08-04 17:00:00+00:00,57836.0
2024-08-04 18:00:00+00:00,58727.0
2024-08-04 19:00:00+00:00,59222.0
2024-08-04 20:00:00+00:00,59125.0
2024-08-04 21:00:00+00:00,58436.0
2024-08-04 22:00:00+00:00,58692.0
2024-08-04 23:00:00+00:00,58132.0
2024-08-05 00:00:00+00:00,56116.0
2024-08-05 01:00:00+00:00,54397.0
2024-08-05 02:00:00+00:00,54679.0
2024-08-05 03:00:00+00:00,53856.0
2024-08-05 04:00:00+00:00,53489.0
2024-08-05 05:00:00+00:00,52683.0
2024-08-05 06:00:00+00:00,51562.0
2024-08-05 07:00:00+00:00,52645.0
2024-08-05 08:00:00+00:00,52721.0
2024-08-05 09:00:00+00:00,52630.0
2024-08-05 10:00:00+00:00,51351.0
2024-08-05 11:00:00+00:00,51303.0
2024-08-05 12:00:00+00:00,49787.0
2024-08-05 13:00:00+00:00,51928.0
2024-08-05 14:00:00+00:00,54031.0
2024-08-05 15:00:00+00:00,54283.0
2024-08-05 16:00:00+00:00,54007.0
2024-08-05 17:00:00+00:00,54680.0
2024-08-05 18:00:00+00:00,53072.0
2024-08-05 19:00:00+00:00,53444.0
2024-08-05 20:00:00+00:00,54376.0
2024-08-05 21:00:00+00:00,54351.0
2024-08-05 22:00:00+00:00,54672.0
2024-08-05 23:00:00+00:00,53989.0
2024-08-06 00:00:00+00:00,56013.0
2024-08-06 01:00:00+00:00,55697.0
2024-08-06 02:00:00+00:00,55813.0
2024-08-06 03:00:00+00:00,55640.0
2024-08-06 04:00:00+00:00,55471.0
2024-08-06 05:00:00+00:00,55910.0
2024-08-06 06:00:00+00:00,55761.0
2024-08-06 07:00:00+00:00,55981.0
2024-08-06 08:00:00+00:00,54966.0
2024-08-06 09:00:00+00:00,55192.0
2024-08-06 10:00:00+00:00,55043.0
2024-08-06 11:00:00+00:00,55187.0
2024-08-06 12:00:00+00:00,54752.0
2024-08-06 13:00:00+00:00,55189.0
2024-08-06 14:00:00+00:00,56104.0
2024-08-06 15:00:00+00:00,56397.0
2024-08-06 16:00:00+00:00,56751.0
2024-08-06 17:00:00+00:00,56472.0
2024-08-06 18:00:00+00:00,56705.0
2024-08-06 19:00:00+00:00,56740.0
2024-08-06 20:00:00+00:00,56516.0
2024-08-06 21:00:00+00:00,56430.0
2024-08-06 22:00:00+00:00,56172.0
2024-08-06 23:00:00+00:00,55990.0
2024-08-07 00:00:00+00:00,56246.0
2024-08-07 01:00:00+00:00,56935.0
2024-08-07 02:00:00+00:00,56739.0
2024-08-07 03:00:00+00:00,56838.0
2024-08-07 04:00:00+00:00,57033.0
2024-08-07 05:00:00+00:00,56770.0
2024-08-07 06:00:00+00:00,56812.0
2024-08-07 07:00:00+00:00,56904.0
2024-08-07 08:00:00+00:00,57327.0
2024-08-07 09:00:00+00:00,57330.0
2024-08-07 10:00:00+00:00,57309.0
2024-08-07 11:00:00+00:00,56942.0
2024-08-07 12:00:00+00:00,57273.0
2024-08-07 13:00:00+00:00,56811.0
2024-08-07 14:00:00+00:00,56054.0
2024-08-07 15:00:00+00:00,56080.0
2024-08-07 16:00:00+00:00,56108.0
2024-08-07 17:00:00+00:00,55546.0
2024-08-07 18:00:00+00:00,54785.0
2024-08-07 19:00:00+00:00,54736.0
2024-08-07 20:00:00+00:00,55131.0
2024-08-07 21:00:00+00:00,55392.0
2024-08-07 22:00:00+00:00,55261.0
2024-08-07 23:00:00+00:00,55110.0
2024-08-08 00:00:00+00:00,55276.0
2024-08-08 01:00:00+00:00,56854.0
2024-08-08 02:00:00+00:00,57338.0
2024-08-08 03:00:00+00:00,57032.0
2024-08-08 04:00:00+00:00,56747.0
2024-08-08 05:00:00+00:00,56935.0
2024-08-08 06:00:00+00:00,57196.0
2024-08-08 07:00:00+00:00,57176.0
2024-08-08 08:00:00+00:00,57215.0
2024-08-08 09:00:00+00:00,57318.0
2024-08-08 10:00:00+00:00,57360.0
2024-08-08 11:00:00+00:00,57296.0
2024-08-08 12:00:00+00:00,57901.0
2024-08-08 13:00:00+00:00,57249.0
2024-08-08 14:00:00+00:00,58887.0
2024-08-08 15:00:00+00:00,59395.0
2024-08-08 16:00:00+00:00,59527.0
2024-08-08 17:00:00+00:00,59434.0
2024-08-08 18:00:00+00:00,59300.0
2024-08-08 19:00:00+00:00,59379.0
2024-08-08 20:00:00+00:00,59458.0
2024-08-08 21:00:00+00:00,61139.0
2024-08-08 22:00:00+00:00,62306.0
2024-08-08 23:00:00+00:00,61671.0
2024-08-09 00:00:00+00:00,61186.0
2024-08-09 01:00:00+00:00,61367.0
2024-08-09 02:00:00+00:00,61201.0
2024-08-09 03:00:00+00:00,61330.0
2024-08-09 04:00:00+00:00,60686.0
2024-08-09 05:00:00+00:00,60956.0
2024-08-09 06:00:00+00:00,60863.0
2024-08-09 07:00:00+00:00,60844.0
2024-08-09 08:00:00+00:00,61066.0
2024-08-09 09:00:00+00:00,60736.0
2024-08-09 10:00:00+00:00,60574.0
2024-08-09 11:00:00+00:00,60633.0
2024-08-09 12:00:00+00:00,60519.0
2024-08-09 13:00:00+00:00,60424.0
2024-08-09 14:00:00+00:00,60308.0
2024-08-09 15:00:00+00:00,59776.0
2024-08-09 16:00:00+00:00,60402.0
2024-08-09 17:00:00+00:00,60171.0
2024-08-09 18:00:00+00:00,60290.0
2024-08-09 19:00:00+00:00,60656.0
2024-08-09 20:00:00+00:00,60719.0
2024-08-09 21:00:00+00:00,60718.0
2024-08-09 22:00:00+00:00,60736.0
2024-08-09 23:00:00+00:00,60815.0
2024-08-10 00:00:00+00:00,60519.0
2024-08-10 01:00:00+00:00,60442.0
2024-08-10 02:00:00+00:00,60519.0
2024-08-10 03:00:00+00:00,60425.0
2024-08-10 04:00:00+00:00,60400.0
2024-08-10 05:00:00+00:00,60342.0
2024-08-10 06:00:00+00:00,60427.0
2024-08-10 07:00:00+00:00,60818.0
2024-08-10 08:00:00+00:00,60706.0
2024-08-10 09:00:00+00:00,60865.0
2024-08-10 10:00:00+00:00,60755.0
2024-08-10 11:00:00+00:00,60899.0
2024-08-10 12:00:00+00:00,60700.0
2024-08-10 13:00:00+00:00,60415.0
2024-08-10 14:00:00+00:00,60566.0
2024-08-10 15:00:00+00:00,60490.0
2024-08-10 16:00:00+00:00,60651.0
2024-08-10 17:00:00+00:00,60746.0
2024-08-10 18:00:00+00:00,60933.0
2024-08-10 19:00:00+00:00,60998.0
2024-08-10 20:00:00+00:00,60966.0
2024-08-10 21:00:00+00:00,61054.0
2024-08-10 22:00:00+00:00,60914.0
2024-08-10 23:00:00+00:00,60894.0
2024-08-11 00:00:00+00:00,61068.0
2024-08-11 01:00:00+00:00,61090.0
2024-08-11 02:00:00+00:00,61007.0
2024-08-11 03:00:00+00:00,61063.0
2024-08-11 04:00:00+00:00,60868.0
2024-08-11 05:00:00+00:00,61089.0
2024-08-11 06:00:00+00:00,61089.0
2024-08-11 07:00:00+00:00,61226.0
2024-08-11 08:00:00+00:00,61234.0
2024-08-11 09:00:00+00:00,61079.0
2024-08-11 10:00:00+00:00,61002.0
2024-08-11 11:00:00+00:00,60638.0
2024-08-11 12:00:00+00:00,60460.0
2024-08-11 13:00:00+00:00,60420.0
2024-08-11 14:00:00+00:00,60312.0
2024-08-11 15:00:00+00:00,60100.0
2024-08-11 16:00:00+00:00,60149.0
2024-08-11 17:00:00+00:00,60241.0
2024-08-11 18:00:00+00:00,60234.0
2024-08-11 19:00:00+00:00,59596.0
2024-08-11 20:00:00+00:00,58479.0
2024-08-11 21:00:00+00:00,58994.0
2024-08-11 22:00:00+00:00,58981.0
2024-08-11 23:00:00+00:00,58704.0
2024-08-12 00:00:00+00:00,58429.0
2024-08-12 01:00:00+00:00,58563.0
2024-08-12 02:00:00+00:00,58695.0
2024-08-12 03:00:00+00:00,58490.0
2024-08-12 04:00:00+00:00,58500.0
2024-08-12 05:00:00+00:00,58551.0
2024-08-12 06:00:00+00:00,58382.0
2024-08-12 07:00:00+00:00,58658.0
2024-08-12 08:00:00+00:00,58293.0
2024-08-12 09:00:00+00:00,58273.0
2024-08-12 10:00:00+00:00,58948.0
2024-08-12 11:00:00+00:00,59813.0
2024-08-12 12:00:00+00:00,59701.0
2024-08-12 13:00:00+00:00,58128.0
2024-08-12 14:00:00+00:00,60273.0
2024-08-12 15:00:00+00:00,60180.0
2024-08-12 16:00:00+00:00,59584.0
2024-08-12 17:00:00+00:00,59269.0
2024-08-12 18:00:00+00:00,58496.0
2024-08-12 19:00:00+00:00,59016.0
2024-08-12 20:00:00+00:00,58824.0
2024-08-12 21:00:00+00:00,58943.0
2024-08-12 22:00:00+00:00,59022.0
2024-08-12 23:00:00+00:00,59317.0
2024-08-13 00:00:00+00:00,59768.0
2024-08-13 01:00:00+00:00,59722.0
2024-08-13 02:00:00+00:00,59462.0
2024-08-13 03:00:00+00:00,59027.0
2024-08-13 04:00:00+00:00,59204.0
2024-08-13 05:00:00+00:00,59196.0
2024-08-13 06:00:00+00:00,59346.0
2024-08-13 07:00:00+00:00,59219.0
2024-08-13 08:00:00+00:00,59068.0
2024-08-13 09:00:00+00:00,58926.0
2024-08-13 10:00:00+00:00,58631.0
2024-08-13 11:00:00+00:00,58798.0
2024-08-13 12:00:00+00:00,59090.0
2024-08-13 13:00:00+00:00,59374.0
2024-08-13 14:00:00+00:00,59618.0
2024-08-13 15:00:00+00:00,59450.0
2024-08-13 16:00:00+00:00,61130.0
2024-08-13 17:00:00+00:00,61133.0
2024-08-13 18:00:00+00:00,60767.0
2024-08-13 19:00:00+00:00,60786.0
2024-08-13 20:00:00+00:00,60532.0
2024-08-13 21:00:00+00:00,60997.0
2024-08-13 22:00:00+00:00,60556.0
2024-08-13 23:00:00+00:00,60559.0
2024-08-14 00:00:00+00:00,60760.0
2024-08-14 01:00:00+00:00,60500.0
2024-08-14 02:00:00+00:00,60774.0
2024-08-14 03:00:00+00:00,60921.0
2024-08-14 04:00:00+00:00,60910.0
2024-08-14 05:00:00+00:00,60798.0
2024-08-14 06:00:00+00:00,60835.0
2024-08-14 07:00:00+00:00,60885.0
2024-08-14 08:00:00+00:00,60861.0
2024-08-14 09:00:00+00:00,60825.0
2024-08-14 10:00:00+00:00,61061.0
2024-08-14 11:00:00+00:00,61256.0
2024-08-14 12:00:00+00:00,61040.0
2024-08-14 13:00:00+00:00,59586.0
2024-08-14 14:00:00+00:00,59475.0
2024-08-14 15:00:00+00:00,59399.0
2024-08-14 16:00:00+00:00,59101.0
2024-08-14 17:00:00+00:00,59132.0
2024-08-14 18:00:00+00:00,58962.0
2024-08-14 19:00:00+00:00,58869.0
2024-08-14 20:00:00+00:00,59131.0
2024-08-14 21:00:00+00:00,58892.0
2024-08-14 22:00:00+00:00,58956.0
2024-08-14 23:00:00+00:00,58648.0
2024-08-15 00:00:00+00:00,58958.0
2024-08-15 01:00:00+00:00,58166.0
2024-08-15 02:00:00+00:00,58390.0
2024-08-15 03:00:00+00:00,58413.0
2024-08-15 04:00:00+00:00,58361.0
2024-08-15 05:00:00+00:00,58296.0
2024-08-15 06:00:00+00:00,58080.0
2024-08-15 07:00:00+00:00,58032.0
2024-08-15 08:00:00+00:00,58342.0
2024-08-15 09:00:00+00:00,58381.0
2024-08-15 10:00:00+00:00,58333.0
2024-08-15 11:00:00+00:00,58727.0
2024-08-15 12:00:00+00:00,58769.0
2024-08-15 13:00:00+00:00,59435.0
2024-08-15 14:00:00+00:00,59406.0
2024-08-15 15:00:00+00:00,59656.0
2024-08-15 16:00:00+00:00,59512.0
2024-08-15 17:00:00+00:00,58845.0
2024-08-15 18:00:00+00:00,57835.0
2024-08-15 19:00:00+00:00,57026.0
2024-08-15 20:00:00+00:00,56636.0
2024-08-15 21:00:00+00:00,57608.0
2024-08-15 22:00:00+00:00,57596.0
2024-08-15 23:00:00+00:00,57516.0
2024-08-16 00:00:00+00:00,57453.0
2024-08-16 01:00:00+00:00,57523.0
2024-08-16 02:00:00+00:00,58180.0
2024-08-16 03:00:00+00:00,57872.0
2024-08-16 04:00:00+00:00,58285.0
2024-08-16 05:00:00+00:00,58164.0
2024-08-16 06:00:00+00:00,58501.0
2024-08-16 07:00:00+00:00,58433.0
2024-08-16 08:00:00+00:00,58341.0
2024-08-16 09:00:00+00:00,58651.0
2024-08-16 10:00:00+00:00,58407.0
2024-08-16 11:00:00+00:00,58376.0
2024-08-16 12:00:00+00:00,57842.0
2024-08-16 13:00:00+00:00,58321.0
2024-08-16 14:00:00+00:00,57990.0
2024-08-16 15:00:00+00:00,58035.0
2024-08-16 16:00:00+00:00,58531.0
2024-08-16 17:00:00+00:00,59198.0
2024-08-16 18:00:00+00:00,59437.0
2024-08-16 19:00:00+00:00,59654.0
2024-08-16 20:00:00+00:00,59230.0
2024-08-16 21:00:00+00:00,58999.0
2024-08-16 22:00:00+00:00,58940.0
2024-08-16 23:00:00+00:00,58850.0
2024-08-17 00:00:00+00:00,59150.0
2024-08-17 01:00:00+00:00,59215.0
2024-08-17 02:00:00+00:00,59125.0
2024-08-17 03:00:00+00:00,59128.0
2024-08-17 04:00:00+00:00,59187.0
2024-08-17 05:00:00+00:00,59141.0
2024-08-17 06:00:00+00:00,59142.0
2024-08-17 07:00:00+00:00,59224.0
2024-08-17 08:00:00+00:00,59258.0
2024-08-17 09:00:00+00:00,59296.0
2024-08-17 10:00:00+00:00,59086.0
2024-08-17 11:00:00+00:00,59107.0
2024-08-17 12:00:00+00:00,59206.0
2024-08-17 13:00:00+00:00,59308.0
2024-08-17 14:00:00+00:00,59509.0
2024-08-17 15:00:00+00:00,59370.0
2024-08-17 16:00:00+00:00,59585.0
2024-08-17 17:00:00+00:00,59404.0
2024-08-17 18:00:00+00:00,59392.0
2024-08-17 19:00:00+00:00,59448.0
2024-08-17 20:00:00+00:00,59371.0
2024-08-17 21:00:00+00:00,59288.0
2024-08-17 22:00:00+00:00,59290.0
2024-08-17 23:00:00+00:00,59476.0
2024-08-18 00:00:00+00:00,59651.0
2024-08-18 01:00:00+00:00,59419.0
2024-08-18 02:00:00+00:00,60112.0
2024-08-18 03:00:00+00:00,59307.0
2024-08-18 04:00:00+00:00,59430.0
2024-08-18 05:00:00+00:00,59456.0
2024-08-18 06:00:00+00:00,59568.0
2024-08-18 07:00:00+00:00,59550.0
2024-08-18 08:00:00+00:00,59673.0
2024-08-18 09:00:00+00:00,59854.0
2024-08-18 10:00:00+00:00,59841.0
2024-08-18 11:00:00+00:00,59988.0
2024-08-18 12:00:00+00:00,59950.0
2024-08-18 13:00:00+00:00,59798.0
2024-08-18 14:00:00+00:00,59782.0
2024-08-18 15:00:00+00:00,59830.0
2024-08-18 16:00:00+00:00,59811.0
2024-08-18 17:00:00+00:00,59515.0
2024-08-18 18:00:00+00:00,59569.0
2024-08-18 19:00:00+00:00,59685.0
2024-08-18 20:00:00+00:00,59792.0
2024-08-18 21:00:00+00:00,59411.0
2024-08-18 22:00:00+00:00,59318.0
2024-08-18 23:00:00+00:00,58407.0
2024-08-19 00:00:00+00:00,58321.0
2024-08-19 01:00:00+00:00,58525.0
2024-08-19 02:00:00+00:00,58629.0
2024-08-19 03:00:00+00:00,58704.0
2024-08-19 04:00:00+00:00,58556.0
2024-08-19 05:00:00+00:00,58457.0
2024-08-19 06:00:00+00:00,58544.0
2024-08-19 07:00:00+00:00,58470.0
2024-08-19 08:00:00+00:00,58573.0
2024-08-19 09:00:00+00:00,57985.0
2024-08-19 10:00:00+00:00,58010.0
2024-08-19 11:00:00+00:00,58359.0
2024-08-19 12:00:00+00:00,58382.0
2024-08-19 13:00:00+00:00,58178.0
2024-08-19 14:00:00+00:00,58586.0
2024-08-19 15:00:00+00:00,58512.0
2024-08-19 16:00:00+00:00,58680.0
2024-08-19 17:00:00+00:00,59004.0
2024-08-19 18:00:00+00:00,58979.0
2024-08-19 19:00:00+00:00,58928.0
2024-08-19 20:00:00+00:00,59044.0
2024-08-19 21:00:00+00:00,58930.0
2024-08-19 22:00:00+00:00,59205.0
2024-08-19 23:00:00+00:00,59404.0
2024-08-20 00:00:00+00:00,60453.0
2024-08-20 01:00:00+00:00,60425.0
2024-08-20 02:00:00+00:00,60505.0
2024-08-20 03:00:00+00:00,60596.0
2024-08-20 04:00:00+00:00,60848.0
2024-08-20 05:00:00+00:00,61088.0
2024-08-20 06:00:00+00:00,60933.0
2024-08-20 07:00:00+00:00,60908.0
2024-08-20 08:00:00+00:00,60732.0
2024-08-20 09:00:00+00:00,60835.0
2024-08-20 10:00:00+00:00,60681.0
2024-08-20 11:00:00+00:00,60489.0
2024-08-20 12:00:00+00:00,60657.0
2024-08-20 13:00:00+00:00,60855.0
2024-08-20 14:00:00+00:00,59434.0
2024-08-20 15:00:00+00:00,58805.0
2024-08-20 16:00:00+00:00,58776.0
2024-08-20 17:00:00+00:00,59005.0
2024-08-20 18:00:00+00:00,59165.0
2024-08-20 19:00:00+00:00,59484.0
2024-08-20 20:00:00+00:00,59287.0
2024-08-20 21:00:00+00:00,59258.0
2024-08-20 22:00:00+00:00,59337.0
2024-08-20 23:00:00+00:00,58978.0
2024-08-21 00:00:00+00:00,58964.0
2024-08-21 01:00:00+00:00,59250.0
2024-08-21 02:00:00+00:00,59339.0
2024-08-21 03:00:00+00:00,59290.0
2024-08-21 04:00:00+00:00,59336.0
2024-08-21 05:00:00+00:00,59350.0
2024-08-21 06:00:00+00:00,59594.0
2024-08-21 07:00:00+00:00,59674.0
2024-08-21 08:00:00+00:00,59414.0
2024-08-21 09:00:00+00:00,59257.0
2024-08-21 10:00:00+00:00,59436.0
2024-08-21 11:00:00+00:00,59324.0
2024-08-21 12:00:00+00:00,59477.0
2024-08-21 13:00:00+00:00,59898.0
2024-08-21 14:00:00+00:00,59386.0
2024-08-21 15:00:00+00:00,59485.0
2024-08-21 16:00:00+00:00,59858.0
2024-08-21 17:00:00+00:00,59907.0
2024-08-21 18:00:00+00:00,60738.0
2024-08-21 19:00:00+00:00,61540.0
2024-08-21 20:00:00+00:00,61209.0
2024-08-21 21:00:00+00:00,61206.0
2024-08-21 22:00:00+00:00,61151.0
2024-08-21 23:00:00+00:00,61121.0
2024-08-22 00:00:00+00:00,60797.0
2024-08-22 01:00:00+00:00,60937.0
2024-08-22 02:00:00+00:00,60140.0
2024-08-22 03:00:00+00:00,60524.0
2024-08-22 04:00:00+00:00,60807.0
2024-08-22 05:00:00+00:00,60701.0
2024-08-22 06:00:00+00:00,60741.0
2024-08-22 07:00:00+00:00,60954.0
2024-08-22 08:00:00+00:00,60896.0
2024-08-22 09:00:00+00:00,60866.0
2024-08-22 10:00:00+00:00,61327.0
2024-08-22 11:00:00+00:00,61301.0
2024-08-22 12:00:00+00:00,60864.0
2024-08-22 13:00:00+00:00,60789.0
2024-08-22 14:00:00+00:00,60483.0
2024-08-22 15:00:00+00:00,60375.0
2024-08-22 16:00:00+00:00,60308.0
2024-08-22 17:00:00+00:00,60134.0
2024-08-22 18:00:00+00:00,60312.0
2024-08-22 19:00:00+00:00,60284.0
2024-08-22 20:00:00+00:00,60664.0
2024-08-22 21:00:00+00:00,60531.0
2024-08-22 22:00:00+00:00,60417.0
2024-08-22 23:00:00+00:00,60356.0
2024-08-23 00:00:00+00:00,60704.0
2024-08-23 01:00:00+00:00,60738.0
2024-08-23 02:00:00+00:00,60618.0
2024-08-23 03:00:00+00:00,60569.0
2024-08-23 04:00:00+00:00,60685.0
2024-08-23 05:00:00+00:00,60838.0
2024-08-23 06:00:00+00:00,61168.0
2024-08-23 07:00:00+00:00,61044.0
2024-08-23 08:00:00+00:00,61288.0
2024-08-23 09:00:00+00:00,60987.0
2024-08-23 10:00:00+00:00,61025.0
2024-08-23 11:00:00+00:00,60713.0
2024-08-23 12:00:00+00:00,61111.0
2024-08-23 13:00:00+00:00,61090.0
2024-08-23 14:00:00+00:00,60964.0
2024-08-23 15:00:00+00:00,61504.0
2024-08-23 16:00:00+00:00,61714.0
2024-08-23 17:00:00+00:00,62975.0
2024-08-23 18:00:00+00:00,63123.0
2024-08-23 19:00:00+00:00,63581.0
2024-08-23 20:00:00+00:00,63581.0
2024-08-23 21:00:00+00:00,64356.0
2024-08-23 22:00:00+00:00,64065.0
2024-08-23 23:00:00+00:00,64005.0
2024-08-24 00:00:00+00:00,63935.0
2024-08-24 01:00:00+00:00,63801.0
2024-08-24 02:00:00+00:00,63906.0
2024-08-24 03:00:00+00:00,63801.0
2024-08-24 04:00:00+00:00,63861.0
2024-08-24 05:00:00+00:00,63973.0
2024-08-24 06:00:00+00:00,64039.0
2024-08-24 07:00:00+00:00,64289.0
2024-08-24 08:00:00+00:00,64393.0
2024-08-24 09:00:00+00:00,64310.0
2024-08-24 10:00:00+00:00,64097.0
2024-08-24 11:00:00+00:00,63889.0
2024-08-24 12:00:00+00:00,64070.0
2024-08-24 13:00:00+00:00,64192.0
2024-08-24 14:00:00+00:00,64151.0
2024-08-24 15:00:00+00:00,63947.0
2024-08-24 16:00:00+00:00,64266.0
2024-08-24 17:00:00+00:00,64030.0
2024-08-24 18:00:00+00:00,64200.0
2024-08-24 19:00:00+00:00,64187.0
2024-08-24 20:00:00+00:00,64102.0
2024-08-24 21:00:00+00:00,63594.0
2024-08-24 22:00:00+00:00,63816.0
2024-08-24 23:00:00+00:00,64131.0
2024-08-25 00:00:00+00:00,64159.0
2024-08-25 01:00:00+00:00,64122.0
2024-08-25 02:00:00+00:00,64123.0
2024-08-25 03:00:00+00:00,64076.0
2024-08-25 04:00:00+00:00,64133.0
2024-08-25 05:00:00+00:00,64120.0
2024-08-25 06:00:00+00:00,63968.0
2024-08-25 07:00:00+00:00,63840.0
2024-08-25 08:00:00+00:00,63912.0
2024-08-25 09:00:00+00:00,63833.0
2024-08-25 10:00:00+00:00,63851.0
2024-08-25 11:00:00+00:00,63872.0
2024-08-25 12:00:00+00:00,63911.0
2024-08-25 13:00:00+00:00,64058.0
2024-08-25 14:00:00+00:00,64134.0
2024-08-25 15:00:00+00:00,64111.0
2024-08-25 16:00:00+00:00,64019.0
2024-08-25 17:00:00+00:00,64115.0
2024-08-25 18:00:00+00:00,64134.0
2024-08-25 19:00:00+00:00,64157.0
2024-08-25 20:00:00+00:00,64183.0
2024-08-25 21:00:00+00:00,64365.0
2024-08-25 22:00:00+00:00,64455.0
2024-08-25 23:00:00+00:00,64181.0
2024-08-26 00:00:00+00:00,64070.0
2024-08-26 01:00:00+00:00,63900.0
2024-08-26 02:00:00+00:00,64038.0
2024-08-26 03:00:00+00:00,64085.0
2024-08-26 04:00:00+00:00,63998.0
2024-08-26 05:00:00+00:00,63924.0
2024-08-26 06:00:00+00:00,63697.0
2024-08-26 07:00:00+00:00,63596.0
2024-08-26 08:00:00+00:00,63708.0
2024-08-26 09:00:00+00:00,63828.0
2024-08-26 10:00:00+00:00,63746.0
2024-08-26 11:00:00+00:00,63822.0
2024-08-26 12:00:00+00:00,63604.0
2024-08-26 13:00:00+00:00,63740.0
2024-08-26 14:00:00+00:00,63472.0
2024-08-26 15:00:00+00:00,63505.0
2024-08-26 16:00:00+00:00,63678.0
2024-08-26 17:00:00+00:00,63362.0
2024-08-26 18:00:00+00:00,63620.0
2024-08-26 19:00:00+00:00,63313.0
2024-08-26 20:00:00+00:00,63388.0
2024-08-26 21:00:00+00:00,63119.0
2024-08-26 22:00:00+00:00,62938.0
2024-08-26 23:00:00+00:00,62812.0
2024-08-27 00:00:00+00:00,62689.0
2024-08-27 01:00:00+00:00,62971.0
2024-08-27 02:00:00+00:00,62869.0
2024-08-27 03:00:00+00:00,62941.0
2024-08-27 04:00:00+00:00,63015.0
2024-08-27 05:00:00+00:00,63125.0
2024-08-27 06:00:00+00:00,62749.0
2024-08-27 07:00:00+00:00,62879.0
2024-08-27 08:00:00+00:00,62794.0
2024-08-27 09:00:00+00:00,62659.0
2024-08-27 10:00:00+00:00,62312.0
2024-08-27 11:00:00+00:00,62394.0
2024-08-27 12:00:00+00:00,62397.0
2024-08-27 13:00:00+00:00,62202.0
2024-08-27 14:00:00+00:00,61829.0
2024-08-27 15:00:00+00:00,61696.0
2024-08-27 16:00:00+00:00,61531.0
2024-08-27 17:00:00+00:00,61917.0
2024-08-27 18:00:00+00:00,62072.0
2024-08-27 19:00:00+00:00,62083.0
2024-08-27 20:00:00+00:00,61843.0
2024-08-27 21:00:00+00:00,60391.0
2024-08-27 22:00:00+00:00,59473.0
2024-08-27 23:00:00+00:00,59367.0
2024-08-28 00:00:00+00:00,59056.0
2024-08-28 01:00:00+00:00,59346.0
2024-08-28 02:00:00+00:00,59307.0
2024-08-28 03:00:00+00:00,59602.0
2024-08-28 04:00:00+00:00,59310.0
2024-08-28 05:00:00+00:00,59258.0
2024-08-28 06:00:00+00:00,59161.0
2024-08-28 07:00:00+00:00,58562.0
2024-08-28 08:00:00+00:00,59196.0
2024-08-28 09:00:00+00:00,60170.0
2024-08-28 10:00:00+00:00,59728.0
2024-08-28 11:00:00+00:00,59907.0
2024-08-28 12:00:00+00:00,59919.0
2024-08-28 13:00:00+00:00,59310.0
2024-08-28 14:00:00+00:00,59154.0
2024-08-28 15:00:00+00:00,58962.0
2024-08-28 16:00:00+00:00,59146.0
2024-08-28 17:00:00+00:00,58607.0
2024-08-28 18:00:00+00:00,59465.0
2024-08-28 19:00:00+00:00,58873.0
2024-08-28 20:00:00+00:00,59287.0
2024-08-28 21:00:00+00:00,59092.0
2024-08-28 22:00:00+00:00,59172.0
2024-08-28 23:00:00+00:00,59014.0
2024-08-29 00:00:00+00:00,59186.0
2024-08-29 01:00:00+00:00,58970.0
2024-08-29 02:00:00+00:00,59112.0
2024-08-29 03:00:00+00:00,59120.0
2024-08-29 04:00:00+00:00,59175.0
2024-08-29 05:00:00+00:00,59410.0
2024-08-29 06:00:00+00:00,59539.0
2024-08-29 07:00:00+00:00,59550.0
2024-08-29 08:00:00+00:00,59523.0
2024-08-29 09:00:00+00:00,59557.0
2024-08-29 10:00:00+00:00,59651.0
2024-08-29 11:00:00+00:00,60033.0
2024-08-29 12:00:00+00:00,60295.0
2024-08-29 13:00:00+00:00,60599.0
2024-08-29 14:00:00+00:00,60786.0
2024-08-29 15:00:00+00:00,60747.0
2024-08-29 16:00:00+00:00,60258.0
2024-08-29 17:00:00+00:00,60509.0
2024-08-29 18:00:00+00:00,59122.0
2024-08-29 19:00:00+00:00,59232.0
2024-08-29 20:00:00+00:00,59490.0
2024-08-29 21:00:00+00:00,59450.0
2024-08-29 22:00:00+00:00,59174.0
2024-08-29 23:00:00+00:00,59316.0
2024-08-30 00:00:00+00:00,59170.0
2024-08-30 01:00:00+00:00,59186.0
2024-08-30 02:00:00+00:00,59169.0
2024-08-30 03:00:00+00:00,59004.0
2024-08-30 04:00:00+00:00,58988.0
2024-08-30 05:00:00+00:00,58757.0
2024-08-30 06:00:00+00:00,59331.0
2024-08-30 07:00:00+00:00,59247.0
2024-08-30 08:00:00+00:00,59422.0
2024-08-30 09:00:00+00:00,59558.0
2024-08-30 10:00:00+00:00,59553.0
2024-08-30 11:00:00+00:00,59365.0
2024-08-30 12:00:00+00:00,59512.0
2024-08-30 13:00:00+00:00,59635.0
2024-08-30 14:00:00+00:00,58425.0
2024-08-30 15:00:00+00:00,58056.0
2024-08-30 16:00:00+00:00,58521.0
2024-08-30 17:00:00+00:00,58607.0
2024-08-30 18:00:00+00:00,59346.0
2024-08-30 19:00:00+00:00,58667.0
2024-08-30 20:00:00+00:00,59034.0
2024-08-30 21:00:00+00:00,59032.0
2024-08-30 22:00:00+00:00,59201.0
2024-08-30 23:00:00+00:00,59101.0
2024-08-31 00:00:00+00:00,59209.0
2024-08-31 01:00:00+00:00,59247.0
2024-08-31 02:00:00+00:00,59172.0
2024-08-31 03:00:00+00:00,59206.0
2024-08-31 04:00:00+00:00,59326.0
2024-08-31 05:00:00+00:00,59191.0
2024-08-31 06:00:00+00:00,59135.0
2024-08-31 07:00:00+00:00,59064.0
2024-08-31 08:00:00+00:00,58954.0
2024-08-31 09:00:00+00:00,58886.0
2024-08-31 10:00:00+00:00,59104.0
2024-08-31 11:00:00+00:00,59095.0
2024-08-31 12:00:00+00:00,59162.0
2024-08-31 13:00:00+00:00,58929.0
2024-08-31 14:00:00+00:00,59101.0
2024-08-31 15:00:00+00:00,58993.0
2024-08-31 16:00:00+00:00,58948.0
2024-08-31 17:00:00+00:00,58990.0
2024-08-31 18:00:00+00:00,58901.0
2024-08-31 19:00:00+00:00,58838.0
2024-08-31 20:00:00+00:00,58923.0
2024-08-31 21:00:00+00:00,59032.0
2024-08-31 22:00:00+00:00,59004.0
2024-08-31 23:00:00+00:00,58945.0
2024-09-01 00:00:00+00:00,58911.0
2024-09-01 01:00:00+00:00,58804.0
2024-09-01 02:00:00+00:00,58524.0
2024-09-01 03:00:00+00:00,58505.0
2024-09-01 04:00:00+00:00,58419.0
2024-09-01 05:00:00+00:00,57959.0
2024-09-01 06:00:00+00:00,58170.0
2024-09-01 07:00:00+00:00,58458.0
2024-09-01 08:00:00+00:00,58218.0
2024-09-01 09:00:00+00:00,58183.0
2024-09-01 10:00:00+00:00,57905.0
2024-09-01 11:00:00+00:00,58204.0
2024-09-01 12:00:00+00:00,57990.0
2024-09-01 13:00:00+00:00,58133.0
2024-09-01 14:00:00+00:00,57843.0
2024-09-01 15:00:00+00:00,58190.0
2024-09-01 16:00:00+00:00,58101.0
2024-09-01 17:00:00+00:00,58096.0
2024-09-01 18:00:00+00:00,58512.0
2024-09-01 19:00:00+00:00,58482.0
2024-09-01 20:00:00+00:00,58402.0
2024-09-01 21:00:00+00:00,58320.0
2024-09-01 22:00:00+00:00,57275.0
2024-09-01 23:00:00+00:00,57267.0
2024-09-02 00:00:00+00:00,57433.0
2024-09-02 01:00:00+00:00,57386.0
2024-09-02 02:00:00+00:00,57470.0
2024-09-02 03:00:00+00:00,57722.0
2024-09-02 04:00:00+00:00,57434.0
2024-09-02 05:00:00+00:00,57751.0
2024-09-02 06:00:00+00:00,57660.0
2024-09-02 07:00:00+00:00,57518.0
2024-09-02 08:00:00+00:00,58032.0
2024-09-02 09:00:00+00:00,58374.0
2024-09-02 10:00:00+00:00,58472.0
2024-09-02 11:00:00+00:00,58395.0
2024-09-02 12:00:00+00:00,58362.0
2024-09-02 13:00:00+00:00,58147.0
2024-09-02 14:00:00+00:00,58596.0
2024-09-02 15:00:00+00:00,58516.0
2024-09-02 16:00:00+00:00,58322.0
2024-09-02 17:00:00+00:00,58492.0
2024-09-02 18:00:00+00:00,58462.0
2024-09-02 19:00:00+00:00,58418.0
2024-09-02 20:00:00+00:00,58954.0
2024-09-02 21:00:00+00:00,59012.0
2024-09-02 22:00:00+00:00,59325.0
2024-09-02 23:00:00+00:00,59117.0
2024-09-03 00:00:00+00:00,59234.0
2024-09-03 01:00:00+00:00,59360.0
2024-09-03 02:00:00+00:00,59291.0
2024-09-03 03:00:00+00:00,59090.0
2024-09-03 04:00:00+00:00,59070.0
2024-09-03 05:00:00+00:00,59159.0
2024-09-03 06:00:00+00:00,58862.0
2024-09-03 07:00:00+00:00,59075.0
2024-09-03 08:00:00+00:00,58759.0
2024-09-03 09:00:00+00:00,58836.0
2024-09-03 10:00:00+00:00,59060.0
2024-09-03 11:00:00+00:00,59043.0
2024-09-03 12:00:00+00:00,59110.0
2024-09-03 13:00:00+00:00,58371.0
2024-09-03 14:00:00+00:00,57654.0
2024-09-03 15:00:00+00:00,57701.0
2024-09-03 16:00:00+00:00,57672.0
2024-09-03 17:00:00+00:00,57668.0
2024-09-03 18:00:00+00:00,57899.0
2024-09-03 19:00:00+00:00,58015.0
2024-09-03 20:00:00+00:00,58210.0
2024-09-03 21:00:00+00:00,58100.0
2024-09-03 22:00:00+00:00,57843.0
2024-09-03 23:00:00+00:00,57451.0
2024-09-04 00:00:00+00:00,57108.0
2024-09-04 01:00:00+00:00,56752.0
2024-09-04 02:00:00+00:00,56615.0
2024-09-04 03:00:00+00:00,56637.0
2024-09-04 04:00:00+00:00,56670.0
2024-09-04 05:00:00+00:00,56219.0
2024-09-04 06:00:00+00:00,56237.0
2024-09-04 07:00:00+00:00,56715.0
2024-09-04 08:00:00+00:00,56751.0
2024-09-04 09:00:00+00:00,56580.0
2024-09-04 10:00:00+00:00,56431.0
2024-09-04 11:00:00+00:00,56540.0
2024-09-04 12:00:00+00:00,56576.0
2024-09-04 13:00:00+00:00,56467.0
2024-09-04 14:00:00+00:00,57484.0
2024-09-04 15:00:00+00:00,58099.0
2024-09-04 16:00:00+00:00,58375.0
2024-09-04 17:00:00+00:00,57840.0
2024-09-04 18:00:00+00:00,57648.0
2024-09-04 19:00:00+00:00,58021.0
2024-09-04 20:00:00+00:00,58006.0
2024-09-04 21:00:00+00:00,58074.0
2024-09-04 22:00:00+00:00,58105.0
2024-09-04 23:00:00+00:00,57938.0
2024-09-05 00:00:00+00:00,57975.0
2024-09-05 01:00:00+00:00,57999.0
2024-09-05 02:00:00+00:00,57659.0
2024-09-05 03:00:00+00:00,57095.0
2024-09-05 04:00:00+00:00,57183.0
2024-09-05 05:00:00+00:00,57169.0
2024-09-05 06:00:00+00:00,56885.0
2024-09-05 07:00:00+00:00,57126.0
2024-09-05 08:00:00+00:00,56986.0
2024-09-05 09:00:00+00:00,56771.0
2024-09-05 10:00:00+00:00,56740.0
2024-09-05 11:00:00+00:00,56666.0
2024-09-05 12:00:00+00:00,56638.0
2024-09-05 13:00:00+00:00,57000.0
2024-09-05 14:00:00+00:00,56534.0
2024-09-05 15:00:00+00:00,55951.0
2024-09-05 16:00:00+00:00,56316.0
2024-09-05 17:00:00+00:00,56582.0
2024-09-05 18:00:00+00:00,56522.0
2024-09-05 19:00:00+00:00,56019.0
2024-09-05 20:00:00+00:00,56061.0
2024-09-05 21:00:00+00:00,56111.0
2024-09-05 22:00:00+00:00,56077.0
2024-09-05 23:00:00+00:00,56151.0
2024-09-06 00:00:00+00:00,56142.0
2024-09-06 01:00:00+00:00,56536.0
2024-09-06 02:00:00+00:00,56717.0
2024-09-06 03:00:00+00:00,56558.0
2024-09-06 04:00:00+00:00,56569.0
2024-09-06 05:00:00+00:00,56465.0
2024-09-06 06:00:00+00:00,56399.0
2024-09-06 07:00:00+00:00,55764.0
2024-09-06 08:00:00+00:00,55753.0
2024-09-06 09:00:00+00:00,55867.0
2024-09-06 10:00:00+00:00,56151.0
2024-09-06 11:00:00+00:00,55978.0
2024-09-06 12:00:00+00:00,56850.0
2024-09-06 13:00:00+00:00,55861.0
2024-09-06 14:00:00+00:00,54701.0
2024-09-06 15:00:00+00:00,54020.0
2024-09-06 16:00:00+00:00,54055.0
2024-09-06 17:00:00+00:00,53910.0
2024-09-06 18:00:00+00:00,53323.0
2024-09-06 19:00:00+00:00,53512.0
2024-09-06 20:00:00+00:00,52872.0
2024-09-06 21:00:00+00:00,53758.0
2024-09-06 22:00:00+00:00,53620.0
2024-09-06 23:00:00+00:00,53934.0
2024-09-07 00:00:00+00:00,53896.0
2024-09-07 01:00:00+00:00,53795.0
2024-09-07 02:00:00+00:00,53787.0
2024-09-07 03:00:00+00:00,53797.0
2024-09-07 04:00:00+00:00,54028.0
2024-09-07 05:00:00+00:00,54154.0
2024-09-07 06:00:00+00:00,54291.0
2024-09-07 07:00:00+00:00,54260.0
2024-09-07 08:00:00+00:00,54354.0
2024-09-07 09:00:00+00:00,54226.0
2024-09-07 10:00:00+00:00,54323.0
2024-09-07 11:00:00+00:00,54309.0
2024-09-07 12:00:00+00:00,54547.0
2024-09-07 13:00:00+00:00,54526.0
2024-09-07 14:00:00+00:00,54605.0
2024-09-07 15:00:00+00:00,54751.0
2024-09-07 16:00:00+00:00,54450.0
2024-09-07 17:00:00+00:00,54111.0
2024-09-07 18:00:00+00:00,54269.0
2024-09-07 19:00:00+00:00,54380.0
2024-09-07 20:00:00+00:00,54135.0
2024-09-07 21:00:00+00:00,53907.0
2024-09-07 22:00:00+00:00,53934.0
2024-09-07 23:00:00+00:00,54140.0
2024-09-08 00:00:00+00:00,54117.0
2024-09-08 01:00:00+00:00,54254.0
2024-09-08 02:00:00+00:00,54310.0
2024-09-08 03:00:00+00:00,54367.0
2024-09-08 04:00:00+00:00,54474.0
2024-09-08 05:00:00+00:00,54321.0
2024-09-08 06:00:00+00:00,54272.0
2024-09-08 07:00:00+00:00,54415.0
2024-09-08 08:00:00+00:00,54458.0
2024-09-08 09:00:00+00:00,54427.0
2024-09-08 10:00:00+00:00,54576.0
2024-09-08 11:00:00+00:00,54535.0
2024-09-08 12:00:00+00:00,54169.0
2024-09-08 13:00:00+00:00,54372.0
2024-09-08 14:00:00+00:00,54120.0
2024-09-08 15:00:00+00:00,53670.0
2024-09-08 16:00:00+00:00,53887.0
2024-09-08 17:00:00+00:00,54483.0
2024-09-08 18:00:00+00:00,54395.0
2024-09-08 19:00:00+00:00,54316.0
2024-09-08 20:00:00+00:00,54358.0
2024-09-08 21:00:00+00:00,54444.0
2024-09-08 22:00:00+00:00,54513.0
2024-09-08 23:00:00+00:00,54850.0
2024-09-09 00:00:00+00:00,55023.0
2024-09-09 01:00:00+00:00,55080.0
2024-09-09 02:00:00+00:00,55086.0
2024-09-09 03:00:00+00:00,55094.0
2024-09-09 04:00:00+00:00,54837.0
2024-09-09 05:00:00+00:00,54646.0
2024-09-09 06:00:00+00:00,54882.0
2024-09-09 07:00:00+00:00,54946.0
2024-09-09 08:00:00+00:00,55234.0
2024-09-09 09:00:00+00:00,55130.0
2024-09-09 10:00:00+00:00,55332.0
2024-09-09 11:00:00+00:00,55240.0
2024-09-09 12:00:00+00:00,55324.0
2024-09-09 13:00:00+00:00,55663.0
2024-09-09 14:00:00+00:00,54800.0
2024-09-09 15:00:00+00:00,55365.0
2024-09-09 16:00:00+00:00,56402.0
2024-09-09 17:00:00+00:00,56487.0
2024-09-09 18:00:00+00:00,56500.0
2024-09-09 19:00:00+00:00,57069.0
2024-09-09 20:00:00+00:00,56990.0
2024-09-09 21:00:00+00:00,57434.0
2024-09-09 22:00:00+00:00,57204.0
2024-09-09 23:00:00+00:00,57015.0
2024-09-10 00:00:00+00:00,56950.0
2024-09-10 01:00:00+00:00,56873.0
2024-09-10 02:00:00+00:00,56749.0
2024-09-10 03:00:00+00:00,56496.0
2024-09-10 04:00:00+00:00,56581.0
2024-09-10 05:00:00+00:00,56916.0
2024-09-10 06:00:00+00:00,56806.0
2024-09-10 07:00:00+00:00,57192.0
2024-09-10 08:00:00+00:00,57030.0
2024-09-10 09:00:00+00:00,57063.0
2024-09-10 10:00:00+00:00,57138.0
2024-09-10 11:00:00+00:00,57196.0
2024-09-10 12:00:00+00:00,57179.0
2024-09-10 13:00:00+00:00,56710.0
2024-09-10 14:00:00+00:00,56914.0
2024-09-10 15:00:00+00:00,56549.0
2024-09-10 16:00:00+00:00,56784.0
2024-09-10 17:00:00+00:00,57151.0
2024-09-10 18:00:00+00:00,57562.0
2024-09-10 19:00:00+00:00,57930.0
2024-09-10 20:00:00+00:00,57545.0
2024-09-10 21:00:00+00:00,57496.0
2024-09-10 22:00:00+00:00,57586.0
2024-09-10 23:00:00+00:00,57621.0
2024-09-11 00:00:00+00:00,57621.0
2024-09-11 01:00:00+00:00,56690.0
2024-09-11 02:00:00+00:00,56893.0
2024-09-11 03:00:00+00:00,56784.0
2024-09-11 04:00:00+00:00,56499.0
2024-09-11 05:00:00+00:00,56220.0
2024-09-11 06:00:00+00:00,56442.0
2024-09-11 07:00:00+00:00,56687.0
2024-09-11 08:00:00+00:00,56370.0
2024-09-11 09:00:00+00:00,56651.0
2024-09-11 10:00:00+00:00,56494.0
2024-09-11 11:00:00+00:00,56779.0
2024-09-11 12:00:00+00:00,56720.0
2024-09-11 13:00:00+00:00,55712.0
2024-09-11 14:00:00+00:00,55950.0
2024-09-11 15:00:00+00:00,56674.0
2024-09-11 16:00:00+00:00,57285.0
2024-09-11 17:00:00+00:00,57676.0
2024-09-11 18:00:00+00:00,57477.0
2024-09-11 19:00:00+00:00,57552.0
2024-09-11 20:00:00+00:00,57446.0
2024-09-11 21:00:00+00:00,57326.0
2024-09-11 22:00:00+00:00,57446.0
2024-09-11 23:00:00+00:00,57311.0
2024-09-12 00:00:00+00:00,57593.0
2024-09-12 01:00:00+00:00,58119.0
2024-09-12 02:00:00+00:00,57924.0
2024-09-12 03:00:00+00:00,58210.0
2024-09-12 04:00:00+00:00,58155.0
2024-09-12 05:00:00+00:00,57949.0
2024-09-12 06:00:00+00:00,57919.0
2024-09-12 07:00:00+00:00,58106.0
2024-09-12 08:00:00+00:00,58145.0
2024-09-12 09:00:00+00:00,57997.0
2024-09-12 10:00:00+00:00,57906.0
2024-09-12 11:00:00+00:00,58035.0
2024-09-12 12:00:00+00:00,57674.0
2024-09-12 13:00:00+00:00,57603.0
2024-09-12 14:00:00+00:00,57501.0
2024-09-12 15:00:00+00:00,57475.0
2024-09-12 16:00:00+00:00,58043.0
2024-09-12 17:00:00+00:00,58381.0
2024-09-12 18:00:00+00:00,58148.0
2024-09-12 19:00:00+00:00,58385.0
2024-09-12 20:00:00+00:00,58176.0
2024-09-12 21:00:00+00:00,57891.0
2024-09-12 22:00:00+00:00,58118.0
2024-09-12 23:00:00+00:00,58105.0
2024-09-13 00:00:00+00:00,58003.0
2024-09-13 01:00:00+00:00,58110.0
2024-09-13 02:00:00+00:00,58020.0
2024-09-13 03:00:00+00:00,57822.0
2024-09-13 04:00:00+00:00,57810.0
2024-09-13 05:00:00+00:00,57911.0
2024-09-13 06:00:00+00:00,57729.0
2024-09-13 07:00:00+00:00,58085.0
2024-09-13 08:00:00+00:00,57928.0
2024-09-13 09:00:00+00:00,58025.0
2024-09-13 10:00:00+00:00,58326.0
2024-09-13 11:00:00+00:00,57842.0
2024-09-13 12:00:00+00:00,57873.0
2024-09-13 13:00:00+00:00,58027.0
2024-09-13 14:00:00+00:00,58433.0
2024-09-13 15:00:00+00:00,59637.0
2024-09-13 16:00:00+00:00,59420.0
2024-09-13 17:00:00+00:00,59545.0
2024-09-13 18:00:00+00:00,59721.0
2024-09-13 19:00:00+00:00,59700.0
2024-09-13 20:00:00+00:00,59800.0
2024-09-13 21:00:00+00:00,60248.0
2024-09-13 22:00:00+00:00,60582.0
2024-09-13 23:00:00+00:00,60467.0
2024-09-14 00:00:00+00:00,60385.0
2024-09-14 01:00:00+00:00,60380.0
2024-09-14 02:00:00+00:00,60255.0
2024-09-14 03:00:00+00:00,60292.0
2024-09-14 04:00:00+00:00,60185.0
2024-09-14 05:00:00+00:00,59894.0
2024-09-14 06:00:00+00:00,60015.0
2024-09-14 07:00:00+00:00,60110.0
2024-09-14 08:00:00+00:00,59950.0
2024-09-14 09:00:00+00:00,60042.0
2024-09-14 10:00:00+00:00,59823.0
2024-09-14 11:00:00+00:00,59671.0
2024-09-14 12:00:00+00:00,59757.0
2024-09-14 13:00:00+00:00,59732.0
2024-09-14 14:00:00+00:00,59888.0
2024-09-14 15:00:00+00:00,59846.0
2024-09-14 16:00:00+00:00,59954.0
2024-09-14 17:00:00+00:00,59863.0
2024-09-14 18:00:00+00:00,59756.0
2024-09-14 19:00:00+00:00,59783.0
2024-09-14 20:00:00+00:00,59989.0
2024-09-14 21:00:00+00:00,60000.0
2024-09-14 22:00:00+00:00,59989.0
2024-09-14 23:00:00+00:00,59968.0
2024-09-15 00:00:00+00:00,60003.0
2024-09-15 01:00:00+00:00,60199.0
2024-09-15 02:00:00+00:00,60207.0
2024-09-15 03:00:00+00:00,60132.0
2024-09-15 04:00:00+00:00,60096.0
2024-09-15 05:00:00+00:00,60120.0
2024-09-15 06:00:00+00:00,60129.0
2024-09-15 07:00:00+00:00,60162.0
2024-09-15 08:00:00+00:00,60043.0
2024-09-15 09:00:00+00:00,59985.0
2024-09-15 10:00:00+00:00,59958.0
2024-09-15 11:00:00+00:00,59976.0
2024-09-15 12:00:00+00:00,60083.0
2024-09-15 13:00:00+00:00,60162.0
2024-09-15 14:00:00+00:00,60250.0
2024-09-15 15:00:00+00:00,60313.0
2024-09-15 16:00:00+00:00,59926.0
2024-09-15 17:00:00+00:00,59789.0
2024-09-15 18:00:00+00:00,59949.0
2024-09-15 19:00:00+00:00,59854.0
2024-09-15 20:00:00+00:00,59771.0
2024-09-15 21:00:00+00:00,59636.0
2024-09-15 22:00:00+00:00,59398.0
2024-09-15 23:00:00+00:00,59102.0
2024-09-16 00:00:00+00:00,58633.0
2024-09-16 01:00:00+00:00,58577.0
2024-09-16 02:00:00+00:00,58244.0
2024-09-16 03:00:00+00:00,58547.0
2024-09-16 04:00:00+00:00,58324.0
2024-09-16 05:00:00+00:00,58638.0
2024-09-16 06:00:00+00:00,58682.0
2024-09-16 07:00:00+00:00,58882.0
2024-09-16 08:00:00+00:00,58891.0
2024-09-16 09:00:00+00:00,58606.0
2024-09-16 10:00:00+00:00,58715.0
2024-09-16 11:00:00+00:00,58634.0
2024-09-16 12:00:00+00:00,58506.0
2024-09-16 13:00:00+00:00,58470.0
2024-09-16 14:00:00+00:00,57581.0
2024-09-16 15:00:00+00:00,57868.0
2024-09-16 16:00:00+00:00,57785.0
2024-09-16 17:00:00+00:00,58154.0
2024-09-16 18:00:00+00:00,57870.0
2024-09-16 19:00:00+00:00,57923.0
2024-09-16 20:00:00+00:00,57668.0
2024-09-16 21:00:00+00:00,57980.0
2024-09-16 22:00:00+00:00,57949.0
2024-09-16 23:00:00+00:00,58185.0
2024-09-17 00:00:00+00:00,57593.0
2024-09-17 01:00:00+00:00,57874.0
2024-09-17 02:00:00+00:00,58090.0
2024-09-17 03:00:00+00:00,58038.0
2024-09-17 04:00:00+00:00,58223.0
2024-09-17 05:00:00+00:00,58618.0
2024-09-17 06:00:00+00:00,58462.0
2024-09-17 07:00:00+00:00,58666.0
2024-09-17 08:00:00+00:00,58768.0
2024-09-17 09:00:00+00:00,58944.0
2024-09-17 10:00:00+00:00,59210.0
2024-09-17 11:00:00+00:00,59059.0
2024-09-17 12:00:00+00:00,59355.0
2024-09-17 13:00:00+00:00,58930.0
2024-09-17 14:00:00+00:00,60242.0
2024-09-17 15:00:00+00:00,61107.0
2024-09-17 16:00:00+00:00,60848.0
2024-09-17 17:00:00+00:00,60934.0
2024-09-17 18:00:00+00:00,60504.0
2024-09-17 19:00:00+00:00,59946.0
2024-09-17 20:00:00+00:00,60090.0
2024-09-17 21:00:00+00:00,60305.0
2024-09-17 22:00:00+00:00,60205.0
2024-09-17 23:00:00+00:00,60276.0
2024-09-18 00:00:00+00:00,60204.0
2024-09-18 01:00:00+00:00,60078.0
2024-09-18 02:00:00+00:00,60330.0
2024-09-18 03:00:00+00:00,60491.0
2024-09-18 04:00:00+00:00,60398.0
2024-09-18 05:00:00+00:00,60212.0
2024-09-18 06:00:00+00:00,60435.0
2024-09-18 07:00:00+00:00,60406.0
2024-09-18 08:00:00+00:00,60173.0
2024-09-18 09:00:00+00:00,59630.0
2024-09-18 10:00:00+00:00,59885.0
2024-09-18 11:00:00+00:00,59826.0
2024-09-18 12:00:00+00:00,59957.0
2024-09-18 13:00:00+00:00,59493.0
2024-09-18 14:00:00+00:00,59464.0
2024-09-18 15:00:00+00:00,59406.0
2024-09-18 16:00:00+00:00,59885.0
2024-09-18 17:00:00+00:00,59988.0
2024-09-18 18:00:00+00:00,60591.0
2024-09-18 19:00:00+00:00,60040.0
2024-09-18 20:00:00+00:00,60205.0
2024-09-18 21:00:00+00:00,60171.0
2024-09-18 22:00:00+00:00,60659.0
2024-09-18 23:00:00+00:00,61744.0
2024-09-19 00:00:00+00:00,62216.0
2024-09-19 01:00:00+00:00,61975.0
2024-09-19 02:00:00+00:00,62172.0
2024-09-19 03:00:00+00:00,62086.0
2024-09-19 04:00:00+00:00,62050.0
2024-09-19 05:00:00+00:00,61970.0
2024-09-19 06:00:00+00:00,62004.0
2024-09-19 07:00:00+00:00,62068.0
2024-09-19 08:00:00+00:00,61905.0
2024-09-19 09:00:00+00:00,62246.0
2024-09-19 10:00:00+00:00,62280.0
2024-09-19 11:00:00+00:00,62608.0
2024-09-19 12:00:00+00:00,62891.0
2024-09-19 13:00:00+00:00,63019.0
2024-09-19 14:00:00+00:00,62908.0
2024-09-19 15:00:00+00:00,63122.0
2024-09-19 16:00:00+00:00,63534.0
2024-09-19 17:00:00+00:00,63684.0
2024-09-19 18:00:00+00:00,63599.0
2024-09-19 19:00:00+00:00,63218.0
2024-09-19 20:00:00+00:00,62989.0
2024-09-19 21:00:00+00:00,62855.0
2024-09-19 22:00:00+00:00,62915.0
2024-09-19 23:00:00+00:00,62923.0
2024-09-20 00:00:00+00:00,62727.0
2024-09-20 01:00:00+00:00,63018.0
2024-09-20 02:00:00+00:00,63098.0
2024-09-20 03:00:00+00:00,63730.0
2024-09-20 04:00:00+00:00,63810.0
2024-09-20 05:00:00+00:00,63770.0
2024-09-20 06:00:00+00:00,63761.0
2024-09-20 07:00:00+00:00,63489.0
2024-09-20 08:00:00+00:00,63282.0
2024-09-20 09:00:00+00:00,63452.0
2024-09-20 10:00:00+00:00,63642.0
2024-09-20 11:00:00+00:00,63427.0
2024-09-20 12:00:00+00:00,63399.0
2024-09-20 13:00:00+00:00,62829.0
2024-09-20 14:00:00+00:00,63016.0
2024-09-20 15:00:00+00:00,63127.0
2024-09-20 16:00:00+00:00,62842.0
2024-09-20 17:00:00+00:00,62675.0
2024-09-20 18:00:00+00:00,62830.0
2024-09-20 19:00:00+00:00,62766.0
2024-09-20 20:00:00+00:00,62778.0
2024-09-20 21:00:00+00:00,63084.0
2024-09-20 22:00:00+00:00,63151.0
2024-09-20 23:00:00+00:00,63174.0
2024-09-21 00:00:00+00:00,63140.0
2024-09-21 01:00:00+00:00,62809.0
2024-09-21 02:00:00+00:00,62883.0
2024-09-21 03:00:00+00:00,62861.0
2024-09-21 04:00:00+00:00,62822.0
2024-09-21 05:00:00+00:00,62878.0
2024-09-21 06:00:00+00:00,62967.0
2024-09-21 07:00:00+00:00,63044.0
2024-09-21 08:00:00+00:00,62998.0
2024-09-21 09:00:00+00:00,63095.0
2024-09-21 10:00:00+00:00,62949.0
2024-09-21 11:00:00+00:00,63056.0
2024-09-21 12:00:00+00:00,63126.0
2024-09-21 13:00:00+00:00,63152.0
2024-09-21 14:00:00+00:00,63276.0
2024-09-21 15:00:00+00:00,63142.0
2024-09-21 16:00:00+00:00,63199.0
2024-09-21 17:00:00+00:00,63262.0
2024-09-21 18:00:00+00:00,63240.0
2024-09-21 19:00:00+00:00,63176.0
2024-09-21 20:00:00+00:00,63111.0
2024-09-21 21:00:00+00:00,63064.0
2024-09-21 22:00:00+00:00,63197.0
2024-09-21 23:00:00+00:00,63312.0
2024-09-22 00:00:00+00:00,63201.0
2024-09-22 01:00:00+00:00,63008.0
2024-09-22 02:00:00+00:00,62931.0
2024-09-22 03:00:00+00:00,63082.0
2024-09-22 04:00:00+00:00,63051.0
2024-09-22 05:00:00+00:00,62900.0
2024-09-22 06:00:00+00:00,62839.0
2024-09-22 07:00:00+00:00,62904.0
2024-09-22 08:00:00+00:00,62990.0
2024-09-22 09:00:00+00:00,62666.0
2024-09-22 10:00:00+00:00,62630.0
2024-09-22 11:00:00+00:00,62748.0
2024-09-22 12:00:00+00:00,62759.0
2024-09-22 13:00:00+00:00,62568.0
2024-09-22 14:00:00+00:00,62649.0
2024-09-22 15:00:00+00:00,62629.0
2024-09-22 16:00:00+00:00,62750.0
2024-09-22 17:00:00+00:00,63035.0
2024-09-22 18:00:00+00:00,62940.0
2024-09-22 19:00:00+00:00,63141.0
2024-09-22 20:00:00+00:00,63186.0
2024-09-22 21:00:00+00:00,62762.0
2024-09-22 22:00:00+00:00,63854.0
2024-09-22 23:00:00+00:00,63550.0
2024-09-23 00:00:00+00:00,63549.0
2024-09-23 01:00:00+00:00,63795.0
2024-09-23 02:00:00+00:00,63905.0
2024-09-23 03:00:00+00:00,64331.0
2024-09-23 04:00:00+00:00,63874.0
2024-09-23 05:00:00+00:00,63722.0
2024-09-23 06:00:00+00:00,63636.0
2024-09-23 07:00:00+00:00,63516.0
2024-09-23 08:00:00+00:00,63456.0
2024-09-23 09:00:00+00:00,63606.0
2024-09-23 10:00:00+00:00,63466.0
2024-09-23 11:00:00+00:00,63397.0
2024-09-23 12:00:00+00:00,63278.0
2024-09-23 13:00:00+00:00,63157.0
2024-09-23 14:00:00+00:00,63369.0
2024-09-23 15:00:00+00:00,63593.0
2024-09-23 16:00:00+00:00,63197.0
2024-09-23 17:00:00+00:00,63285.0
2024-09-23 18:00:00+00:00,63401.0
2024-09-23 19:00:00+00:00,63273.0
2024-09-23 20:00:00+00:00,63292.0
2024-09-23 21:00:00+00:00,63355.0
2024-09-23 22:00:00+00:00,63202.0
2024-09-23 23:00:00+00:00,63306.0
2024-09-24 00:00:00+00:00,62889.0
2024-09-24 01:00:00+00:00,62911.0
2024-09-24 02:00:00+00:00,63102.0
2024-09-24 03:00:00+00:00,63100.0
2024-09-24 04:00:00+00:00,63047.0
2024-09-24 05:00:00+00:00,63201.0
2024-09-24 06:00:00+00:00,63280.0
2024-09-24 07:00:00+00:00,63528.0
2024-09-24 08:00:00+00:00,63824.0
2024-09-24 09:00:00+00:00,63503.0
2024-09-24 10:00:00+00:00,63499.0
2024-09-24 11:00:00+00:00,63449.0
2024-09-24 12:00:00+00:00,63425.0
2024-09-24 13:00:00+00:00,63495.0
2024-09-24 14:00:00+00:00,63159.0
2024-09-24 15:00:00+00:00,63124.0
2024-09-24 16:00:00+00:00,63216.0
2024-09-24 17:00:00+00:00,63744.0
2024-09-24 18:00:00+00:00,63700.0
2024-09-24 19:00:00+00:00,64267.0
2024-09-24 20:00:00+00:00,64197.0
2024-09-24 21:00:00+00:00,64008.0
2024-09-24 22:00:00+00:00,64578.0
2024-09-24 23:00:00+00:00,64249.0
2024-09-25 00:00:00+00:00,64115.0
2024-09-25 01:00:00+00:00,64382.0
2024-09-25 02:00:00+00:00,64408.0
2024-09-25 03:00:00+00:00,64446.0
2024-09-25 04:00:00+00:00,64150.0
2024-09-25 05:00:00+00:00,64151.0
2024-09-25 06:00:00+00:00,63773.0
2024-09-25 07:00:00+00:00,63804.0
2024-09-25 08:00:00+00:00,63792.0
2024-09-25 09:00:00+00:00,63578.0
2024-09-25 10:00:00+00:00,63600.0
2024-09-25 11:00:00+00:00,63814.0
2024-09-25 12:00:00+00:00,63569.0
2024-09-25 13:00:00+00:00,63742.0
2024-09-25 14:00:00+00:00,63922.0
2024-09-25 15:00:00+00:00,63467.0
2024-09-25 16:00:00+00:00,63438.0
2024-09-25 17:00:00+00:00,63151.0
2024-09-25 18:00:00+00:00,63345.0
2024-09-25 19:00:00+00:00,63173.0
2024-09-25 20:00:00+00:00,63494.0
2024-09-25 21:00:00+00:00,63420.0
2024-09-25 22:00:00+00:00,63258.0
2024-09-25 23:00:00+00:00,63131.0
2024-09-26 00:00:00+00:00,62933.0
2024-09-26 01:00:00+00:00,63137.0
2024-09-26 02:00:00+00:00,63335.0
2024-09-26 03:00:00+00:00,63487.0
2024-09-26 04:00:00+00:00,63400.0
2024-09-26 05:00:00+00:00,63570.0
2024-09-26 06:00:00+00:00,63695.0
2024-09-26 07:00:00+00:00,63829.0
2024-09-26 08:00:00+00:00,63688.0
2024-09-26 09:00:00+00:00,63769.0
2024-09-26 10:00:00+00:00,64374.0
2024-09-26 11:00:00+00:00,64375.0
2024-09-26 12:00:00+00:00,64462.0
2024-09-26 13:00:00+00:00,64419.0
2024-09-26 14:00:00+00:00,64393.0
2024-09-26 15:00:00+00:00,65198.0
2024-09-26 16:00:00+00:00,65310.0
2024-09-26 17:00:00+00:00,65097.0
2024-09-26 18:00:00+00:00,65258.0
2024-09-26 19:00:00+00:00,64669.0
2024-09-26 20:00:00+00:00,64621.0
2024-09-26 21:00:00+00:00,65019.0
2024-09-26 22:00:00+00:00,65071.0
2024-09-26 23:00:00+00:00,65146.0
2024-09-27 00:00:00+00:00,65212.0
2024-09-27 01:00:00+00:00,65091.0
2024-09-27 02:00:00+00:00,64850.0
2024-09-27 03:00:00+00:00,65328.0
2024-09-27 04:00:00+00:00,65278.0
2024-09-27 05:00:00+00:00,65332.0
2024-09-27 06:00:00+00:00,65319.0
2024-09-27 07:00:00+00:00,65450.0
2024-09-27 08:00:00+00:00,65713.0
2024-09-27 09:00:00+00:00,65730.0
2024-09-27 10:00:00+00:00,65453.0
2024-09-27 11:00:00+00:00,65418.0
2024-09-27 12:00:00+00:00,65707.0
2024-09-27 13:00:00+00:00,65652.0
2024-09-27 14:00:00+00:00,66211.0
2024-09-27 15:00:00+00:00,65954.0
2024-09-27 16:00:00+00:00,66279.0
2024-09-27 17:00:00+00:00,65883.0
2024-09-27 18:00:00+00:00,65844.0
2024-09-27 19:00:00+00:00,65609.0
2024-09-27 20:00:00+00:00,65761.0
2024-09-27 21:00:00+00:00,65792.0
2024-09-27 22:00:00+00:00,65843.0
2024-09-27 23:00:00+00:00,65747.0
2024-09-28 00:00:00+00:00,65871.0
2024-09-28 01:00:00+00:00,65973.0
2024-09-28 02:00:00+00:00,66149.0
2024-09-28 03:00:00+00:00,66050.0
2024-09-28 04:00:00+00:00,65989.0
2024-09-28 05:00:00+00:00,65931.0
2024-09-28 06:00:00+00:00,65777.0
2024-09-28 07:00:00+00:00,65789.0
2024-09-28 08:00:00+00:00,65612.0
2024-09-28 09:00:00+00:00,65599.0
2024-09-28 10:00:00+00:00,65732.0
2024-09-28 11:00:00+00:00,65767.0
2024-09-28 12:00:00+00:00,65530.0
2024-09-28 13:00:00+00:00,65505.0
2024-09-28 14:00:00+00:00,65692.0
2024-09-28 15:00:00+00:00,65597.0
2024-09-28 16:00:00+00:00,65490.0
2024-09-28 17:00:00+00:00,65610.0
2024-09-28 18:00:00+00:00,65670.0
2024-09-28 19:00:00+00:00,65699.0
2024-09-28 20:00:00+00:00,65617.0
2024-09-28 21:00:00+00:00,65673.0
2024-09-28 22:00:00+00:00,65657.0
2024-09-28 23:00:00+00:00,65823.0
2024-09-29 00:00:00+00:00,65663.0
2024-09-29 01:00:00+00:00,65849.0
2024-09-29 02:00:00+00:00,65796.0
2024-09-29 03:00:00+00:00,65790.0
2024-09-29 04:00:00+00:00,65722.0
2024-09-29 05:00:00+00:00,65572.0
2024-09-29 06:00:00+00:00,65483.0
2024-09-29 07:00:00+00:00,65440.0
2024-09-29 08:00:00+00:00,65532.0
2024-09-29 09:00:00+00:00,65565.0
2024-09-29 10:00:00+00:00,65550.0
2024-09-29 11:00:00+00:00,65682.0
2024-09-29 12:00:00+00:00,65610.0
2024-09-29 13:00:00+00:00,65800.0
2024-09-29 14:00:00+00:00,65671.0
2024-09-29 15:00:00+00:00,65731.0
2024-09-29 16:00:00+00:00,65752.0
2024-09-29 17:00:00+00:00,65804.0
2024-09-29 18:00:00+00:00,65771.0
2024-09-29 19:00:00+00:00,65936.0
2024-09-29 20:00:00+00:00,65791.0
2024-09-29 21:00:00+00:00,65852.0
2024-09-29 22:00:00+00:00,65652.0
2024-09-29 23:00:00+00:00,65572.0
2024-09-30 00:00:00+00:00,65447.0
2024-09-30 01:00:00+00:00,64745.0
2024-09-30 02:00:00+00:00,64348.0
2024-09-30 03:00:00+00:00,64536.0
2024-09-30 04:00:00+00:00,64413.0
2024-09-30 05:00:00+00:00,64502.0
2024-09-30 06:00:00+00:00,64316.0
2024-09-30 07:00:00+00:00,64544.0
2024-09-30 08:00:00+00:00,64298.0
2024-09-30 09:00:00+00:00,63505.0
2024-09-30 10:00:00+00:00,63617.0
2024-09-30 11:00:00+00:00,63794.0
2024-09-30 12:00:00+00:00,64026.0
2024-09-30 13:00:00+00:00,63851.0
2024-09-30 14:00:00+00:00,63723.0
2024-09-30 15:00:00+00:00,63536.0
2024-09-30 16:00:00+00:00,63466.0
2024-09-30 17:00:00+00:00,63668.0
2024-09-30 18:00:00+00:00,63297.0
2024-09-30 19:00:00+00:00,63463.0
2024-09-30 20:00:00+00:00,63782.0
2024-09-30 21:00:00+00:00,63676.0
2024-09-30 22:00:00+00:00,63459.0
2024-09-30 23:00:00+00:00,63277.0
2024-10-01 00:00:00+00:00,63500.0
2024-10-01 01:00:00+00:00,63425.0
2024-10-01 02:00:00+00:00,63412.0
2024-10-01 03:00:00+00:00,63687.0
2024-10-01 04:00:00+00:00,63824.0
2024-10-01 05:00:00+00:00,63728.0
2024-10-01 06:00:00+00:00,64000.0
2024-10-01 07:00:00+00:00,64018.0
2024-10-01 08:00:00+00:00,63910.0
2024-10-01 09:00:00+00:00,63824.0
2024-10-01 10:00:00+00:00,63885.0
2024-10-01 11:00:00+00:00,63705.0
2024-10-01 12:00:00+00:00,63645.0
2024-10-01 13:00:00+00:00,62835.0
2024-10-01 14:00:00+00:00,62567.0
2024-10-01 15:00:00+00:00,62603.0
2024-10-01 16:00:00+00:00,62437.0
2024-10-01 17:00:00+00:00,62144.0
2024-10-01 18:00:00+00:00,61979.0
2024-10-01 19:00:00+00:00,61741.0
2024-10-01 20:00:00+00:00,60789.0
2024-10-01 21:00:00+00:00,61132.0
2024-10-01 22:00:00+00:00,60748.0
2024-10-01 23:00:00+00:00,60790.0
2024-10-02 00:00:00+00:00,61020.0
2024-10-02 01:00:00+00:00,61498.0
2024-10-02 02:00:00+00:00,61761.0
2024-10-02 03:00:00+00:00,61727.0
2024-10-02 04:00:00+00:00,61473.0
2024-10-02 05:00:00+00:00,61464.0
2024-10-02 06:00:00+00:00,61667.0
2024-10-02 07:00:00+00:00,61704.0
2024-10-02 08:00:00+00:00,61768.0
2024-10-02 09:00:00+00:00,61251.0
2024-10-02 10:00:00+00:00,61164.0
2024-10-02 11:00:00+00:00,61138.0
2024-10-02 12:00:00+00:00,60771.0
2024-10-02 13:00:00+00:00,61316.0
2024-10-02 14:00:00+00:00,61041.0
2024-10-02 15:00:00+00:00,61844.0
2024-10-02 16:00:00+00:00,61771.0
2024-10-02 17:00:00+00:00,61607.0
2024-10-02 18:00:00+00:00,60727.0
2024-10-02 19:00:00+00:00,60170.0
2024-10-02 20:00:00+00:00,60890.0
2024-10-02 21:00:00+00:00,60812.0
2024-10-02 22:00:00+00:00,60831.0
2024-10-02 23:00:00+00:00,60618.0
2024-10-03 00:00:00+00:00,60963.0
2024-10-03 01:00:00+00:00,61004.0
2024-10-03 02:00:00+00:00,61158.0
2024-10-03 03:00:00+00:00,61442.0
2024-10-03 04:00:00+00:00,61308.0
2024-10-03 05:00:00+00:00,61155.0
2024-10-03 06:00:00+00:00,61308.0
2024-10-03 07:00:00+00:00,60896.0
2024-10-03 08:00:00+00:00,60333.0
2024-10-03 09:00:00+00:00,60689.0
2024-10-03 10:00:00+00:00,61007.0
2024-10-03 11:00:00+00:00,60741.0
2024-10-03 12:00:00+00:00,60436.0
2024-10-03 13:00:00+00:00,60355.0
2024-10-03 14:00:00+00:00,60148.0
2024-10-03 15:00:00+00:00,60615.0
2024-10-03 16:00:00+00:00,60143.0
2024-10-03 17:00:00+00:00,60615.0
2024-10-03 18:00:00+00:00,60701.0
2024-10-03 19:00:00+00:00,61010.0
2024-10-03 20:00:00+00:00,60758.0
2024-10-03 21:00:00+00:00,60788.0
2024-10-03 22:00:00+00:00,60872.0
2024-10-03 23:00:00+00:00,60726.0
2024-10-04 00:00:00+00:00,60475.0
2024-10-04 01:00:00+00:00,61192.0
2024-10-04 02:00:00+00:00,61001.0
2024-10-04 03:00:00+00:00,60921.0
2024-10-04 04:00:00+00:00,60973.0
2024-10-04 05:00:00+00:00,61200.0
2024-10-04 06:00:00+00:00,61085.0
2024-10-04 07:00:00+00:00,61412.0
2024-10-04 08:00:00+00:00,61415.0
2024-10-04 09:00:00+00:00,61310.0
2024-10-04 10:00:00+00:00,61257.0
2024-10-04 11:00:00+00:00,61429.0
2024-10-04 12:00:00+00:00,61901.0
2024-10-04 13:00:00+00:00,61549.0
2024-10-04 14:00:00+00:00,61211.0
2024-10-04 15:00:00+00:00,61852.0
2024-10-04 16:00:00+00:00,62219.0
2024-10-04 17:00:00+00:00,61954.0
2024-10-04 18:00:00+00:00,62320.0
2024-10-04 19:00:00+00:00,62332.0
2024-10-04 20:00:00+00:00,62383.0
2024-10-04 21:00:00+00:00,62240.0
2024-10-04 22:00:00+00:00,62188.0
2024-10-04 23:00:00+00:00,62064.0
2024-10-05 00:00:00+00:00,62145.0
2024-10-05 01:00:00+00:00,62050.0
2024-10-05 02:00:00+00:00,61780.0
2024-10-05 03:00:00+00:00,61846.0
2024-10-05 04:00:00+00:00,61917.0
2024-10-05 05:00:00+00:00,62110.0
2024-10-05 06:00:00+00:00,62198.0
2024-10-05 07:00:00+00:00,62043.0
2024-10-05 08:00:00+00:00,62131.0
2024-10-05 09:00:00+00:00,62222.0
2024-10-05 10:00:00+00:00,62187.0
2024-10-05 11:00:00+00:00,62154.0
2024-10-05 12:00:00+00:00,62288.0
2024-10-05 13:00:00+00:00,62126.0
2024-10-05 14:00:00+00:00,62164.0
2024-10-05 15:00:00+00:00,62136.0
2024-10-05 16:00:00+00:00,61936.0
2024-10-05 17:00:00+00:00,61989.0
2024-10-05 18:00:00+00:00,61842.0
2024-10-05 19:00:00+00:00,61835.0
2024-10-05 20:00:00+00:00,61706.0
2024-10-05 21:00:00+00:00,61837.0
2024-10-05 22:00:00+00:00,62019.0
2024-10-05 23:00:00+00:00,62035.0
2024-10-06 00:00:00+00:00,61907.0
2024-10-06 01:00:00+00:00,62060.0
2024-10-06 02:00:00+00:00,61939.0
2024-10-06 03:00:00+00:00,61856.0
2024-10-06 04:00:00+00:00,61855.0
2024-10-06 05:00:00+00:00,61919.0
2024-10-06 06:00:00+00:00,61940.0
2024-10-06 07:00:00+00:00,61926.0
2024-10-06 08:00:00+00:00,61970.0
2024-10-06 09:00:00+00:00,62044.0
2024-10-06 10:00:00+00:00,61997.0
2024-10-06 11:00:00+00:00,62075.0
2024-10-06 12:00:00+00:00,62193.0
2024-10-06 13:00:00+00:00,62222.0
2024-10-06 14:00:00+00:00,62682.0
2024-10-06 15:00:00+00:00,62684.0
2024-10-06 16:00:00+00:00,62566.0
2024-10-06 17:00:00+00:00,62550.0
2024-10-06 18:00:00+00:00,62694.0
2024-10-06 19:00:00+00:00,62598.0
2024-10-06 20:00:00+00:00,62582.0
2024-10-06 21:00:00+00:00,62271.0
2024-10-06 22:00:00+00:00,62589.0
2024-10-06 23:00:00+00:00,62793.0
2024-10-07 00:00:00+00:00,63648.0
2024-10-07 01:00:00+00:00,63800.0
2024-10-07 02:00:00+00:00,63616.0
2024-10-07 03:00:00+00:00,63500.0
2024-10-07 04:00:00+00:00,63441.0
2024-10-07 05:00:00+00:00,63353.0
2024-10-07 06:00:00+00:00,63673.0
2024-10-07 07:00:00+00:00,63502.0
2024-10-07 08:00:00+00:00,63521.0
2024-10-07 09:00:00+00:00,63185.0
2024-10-07 10:00:00+00:00,62873.0
2024-10-07 11:00:00+00:00,63116.0
2024-10-07 12:00:00+00:00,62859.0
2024-10-07 13:00:00+00:00,63426.0
2024-10-07 14:00:00+00:00,63972.0
2024-10-07 15:00:00+00:00,63623.0
2024-10-07 16:00:00+00:00,63803.0
2024-10-07 17:00:00+00:00,63809.0
2024-10-07 18:00:00+00:00,62824.0
2024-10-07 19:00:00+00:00,63344.0
2024-10-07 20:00:00+00:00,62996.0
2024-10-07 21:00:00+00:00,63345.0
2024-10-07 22:00:00+00:00,62421.0
2024-10-07 23:00:00+00:00,62192.0
2024-10-08 00:00:00+00:00,62519.0
2024-10-08 01:00:00+00:00,62598.0
2024-10-08 02:00:00+00:00,62750.0
2024-10-08 03:00:00+00:00,62604.0
2024-10-08 04:00:00+00:00,62658.0
2024-10-08 05:00:00+00:00,62479.0
2024-10-08 06:00:00+00:00,62478.0
2024-10-08 07:00:00+00:00,62285.0
2024-10-08 08:00:00+00:00,62386.0
2024-10-08 09:00:00+00:00,62507.0
2024-10-08 10:00:00+00:00,62497.0
2024-10-08 11:00:00+00:00,62600.0
2024-10-08 12:00:00+00:00,62416.0
2024-10-08 13:00:00+00:00,63002.0
2024-10-08 14:00:00+00:00,62746.0
2024-10-08 15:00:00+00:00,62255.0
2024-10-08 16:00:00+00:00,62545.0
2024-10-08 17:00:00+00:00,62362.0
2024-10-08 18:00:00+00:00,62080.0
2024-10-08 19:00:00+00:00,62220.0
2024-10-08 20:00:00+00:00,62362.0
2024-10-08 21:00:00+00:00,62408.0
2024-10-08 22:00:00+00:00,62152.0
2024-10-08 23:00:00+00:00,62121.0
2024-10-09 00:00:00+00:00,62126.0
2024-10-09 01:00:00+00:00,62382.0
2024-10-09 02:00:00+00:00,62237.0
2024-10-09 03:00:00+00:00,62366.0
2024-10-09 04:00:00+00:00,62322.0
2024-10-09 05:00:00+00:00,62507.0
2024-10-09 06:00:00+00:00,62412.0
2024-10-09 07:00:00+00:00,62245.0
2024-10-09 08:00:00+00:00,62123.0
2024-10-09 09:00:00+00:00,62235.0
2024-10-09 10:00:00+00:00,62121.0
2024-10-09 11:00:00+00:00,62174.0
2024-10-09 12:00:00+00:00,61952.0
2024-10-09 13:00:00+00:00,61774.0
2024-10-09 14:00:00+00:00,61850.0
2024-10-09 15:00:00+00:00,62290.0
2024-10-09 16:00:00+00:00,61781.0
2024-10-09 17:00:00+00:00,61726.0
2024-10-09 18:00:00+00:00,61160.0
2024-10-09 19:00:00+00:00,61008.0
2024-10-09 20:00:00+00:00,60392.0
2024-10-09 21:00:00+00:00,60869.0
2024-10-09 22:00:00+00:00,60765.0
2024-10-09 23:00:00+00:00,60608.0
2024-10-10 00:00:00+00:00,60420.0
2024-10-10 01:00:00+00:00,60780.0
2024-10-10 02:00:00+00:00,60856.0
2024-10-10 03:00:00+00:00,60849.0
2024-10-10 04:00:00+00:00,60834.0
2024-10-10 05:00:00+00:00,60905.0
2024-10-10 06:00:00+00:00,61119.0
2024-10-10 07:00:00+00:00,60866.0
2024-10-10 08:00:00+00:00,60788.0
2024-10-10 09:00:00+00:00,60902.0
2024-10-10 10:00:00+00:00,61044.0
2024-10-10 11:00:00+00:00,61233.0
2024-10-10 12:00:00+00:00,60933.0
2024-10-10 13:00:00+00:00,60916.0
2024-10-10 14:00:00+00:00,60569.0
2024-10-10 15:00:00+00:00,60767.0
2024-10-10 16:00:00+00:00,60268.0
2024-10-10 17:00:00+00:00,59585.0
2024-10-10 18:00:00+00:00,59474.0
2024-10-10 19:00:00+00:00,59699.0
2024-10-10 20:00:00+00:00,59772.0
2024-10-10 21:00:00+00:00,60172.0
2024-10-10 22:00:00+00:00,60116.0
2024-10-10 23:00:00+00:00,60296.0
2024-10-11 00:00:00+00:00,60161.0
2024-10-11 01:00:00+00:00,60548.0
2024-10-11 02:00:00+00:00,60516.0
2024-10-11 03:00:00+00:00,60581.0
2024-10-11 04:00:00+00:00,60680.0
2024-10-11 05:00:00+00:00,60572.0
2024-10-11 06:00:00+00:00,60769.0
2024-10-11 07:00:00+00:00,60645.0
2024-10-11 08:00:00+00:00,60633.0
2024-10-11 09:00:00+00:00,61060.0
2024-10-11 10:00:00+00:00,61135.0
2024-10-11 11:00:00+00:00,61147.0
2024-10-11 12:00:00+00:00,61361.0
2024-10-11 13:00:00+00:00,61651.0
2024-10-11 14:00:00+00:00,61729.0
2024-10-11 15:00:00+00:00,62239.0
2024-10-11 16:00:00+00:00,62248.0
2024-10-11 17:00:00+00:00,62900.0
2024-10-11 18:00:00+00:00,62908.0
2024-10-11 19:00:00+00:00,63066.0
2024-10-11 20:00:00+00:00,62978.0
2024-10-11 21:00:00+00:00,62832.0
2024-10-11 22:00:00+00:00,62420.0
2024-10-11 23:00:00+00:00,62500.0
2024-10-12 00:00:00+00:00,62817.0
2024-10-12 01:00:00+00:00,62717.0
2024-10-12 02:00:00+00:00,62535.0
2024-10-12 03:00:00+00:00,62542.0
2024-10-12 04:00:00+00:00,62564.0
2024-10-12 05:00:00+00:00,62748.0
2024-10-12 06:00:00+00:00,62665.0
2024-10-12 07:00:00+00:00,62740.0
2024-10-12 08:00:00+00:00,62696.0
2024-10-12 09:00:00+00:00,62820.0
2024-10-12 10:00:00+00:00,63019.0
2024-10-12 11:00:00+00:00,62919.0
2024-10-12 12:00:00+00:00,63024.0
2024-10-12 13:00:00+00:00,63045.0
2024-10-12 14:00:00+00:00,63206.0
2024-10-12 15:00:00+00:00,63133.0
2024-10-12 16:00:00+00:00,63032.0
2024-10-12 17:00:00+00:00,63066.0
2024-10-12 18:00:00+00:00,62917.0
2024-10-12 19:00:00+00:00,62966.0
2024-10-12 20:00:00+00:00,63006.0
2024-10-12 21:00:00+00:00,63195.0
2024-10-12 22:00:00+00:00,63272.0
2024-10-12 23:00:00+00:00,63178.0
2024-10-13 00:00:00+00:00,63162.0
2024-10-13 01:00:00+00:00,62866.0
2024-10-13 02:00:00+00:00,62840.0
2024-10-13 03:00:00+00:00,62678.0
2024-10-13 04:00:00+00:00,62787.0
2024-10-13 05:00:00+00:00,62829.0
2024-10-13 06:00:00+00:00,62848.0
2024-10-13 07:00:00+00:00,62820.0
2024-10-13 08:00:00+00:00,62790.0
2024-10-13 09:00:00+00:00,62800.0
2024-10-13 10:00:00+00:00,62677.0
2024-10-13 11:00:00+00:00,62537.0
2024-10-13 12:00:00+00:00,62647.0
2024-10-13 13:00:00+00:00,62634.0
2024-10-13 14:00:00+00:00,62228.0
2024-10-13 15:00:00+00:00,62194.0
2024-10-13 16:00:00+00:00,62600.0
2024-10-13 17:00:00+00:00,62487.0
2024-10-13 18:00:00+00:00,62381.0
2024-10-13 19:00:00+00:00,62701.0
2024-10-13 20:00:00+00:00,62739.0
2024-10-13 21:00:00+00:00,62863.0
2024-10-13 22:00:00+00:00,62814.0
2024-10-13 23:00:00+00:00,62839.0
2024-10-14 00:00:00+00:00,62491.0
2024-10-14 01:00:00+00:00,62602.0
2024-10-14 02:00:00+00:00,62587.0
2024-10-14 03:00:00+00:00,64288.0
2024-10-14 04:00:00+00:00,64124.0
2024-10-14 05:00:00+00:00,63910.0
2024-10-14 06:00:00+00:00,64065.0
2024-10-14 07:00:00+00:00,64598.0
2024-10-14 08:00:00+00:00,64404.0
2024-10-14 09:00:00+00:00,64800.0
2024-10-14 10:00:00+00:00,64838.0
2024-10-14 11:00:00+00:00,64904.0
2024-10-14 12:00:00+00:00,64835.0
2024-10-14 13:00:00+00:00,65123.0
2024-10-14 14:00:00+00:00,65898.0
2024-10-14 15:00:00+00:00,65862.0
2024-10-14 16:00:00+00:00,65687.0
2024-10-14 17:00:00+00:00,65626.0
2024-10-14 18:00:00+00:00,65753.0
2024-10-14 19:00:00+00:00,65906.0
2024-10-14 20:00:00+00:00,65898.0
2024-10-14 21:00:00+00:00,65758.0
2024-10-14 22:00:00+00:00,66450.0
2024-10-14 23:00:00+00:00,66081.0
2024-10-15 00:00:00+00:00,65923.0
2024-10-15 01:00:00+00:00,65868.0
2024-10-15 02:00:00+00:00,65760.0
2024-10-15 03:00:00+00:00,65402.0
2024-10-15 04:00:00+00:00,65599.0
2024-10-15 05:00:00+00:00,65362.0
2024-10-15 06:00:00+00:00,65552.0
2024-10-15 07:00:00+00:00,65652.0
2024-10-15 08:00:00+00:00,65749.0
2024-10-15 09:00:00+00:00,65629.0
2024-10-15 10:00:00+00:00,65664.0
2024-10-15 11:00:00+00:00,65380.0
2024-10-15 12:00:00+00:00,65781.0
2024-10-15 13:00:00+00:00,67665.0
2024-10-15 14:00:00+00:00,65351.0
2024-10-15 15:00:00+00:00,66010.0
2024-10-15 16:00:00+00:00,66866.0
2024-10-15 17:00:00+00:00,66808.0
2024-10-15 18:00:00+00:00,66902.0
2024-10-15 19:00:00+00:00,66958.0
2024-10-15 20:00:00+00:00,66444.0
2024-10-15 21:00:00+00:00,66415.0
2024-10-15 22:00:00+00:00,66733.0
2024-10-15 23:00:00+00:00,67058.0
2024-10-16 00:00:00+00:00,66861.0
2024-10-16 01:00:00+00:00,67368.0
2024-10-16 02:00:00+00:00,67280.0
2024-10-16 03:00:00+00:00,67089.0
2024-10-16 04:00:00+00:00,66982.0
2024-10-16 05:00:00+00:00,67200.0
2024-10-16 06:00:00+00:00,67038.0
2024-10-16 07:00:00+00:00,66963.0
2024-10-16 08:00:00+00:00,67119.0
2024-10-16 09:00:00+00:00,67414.0
2024-10-16 10:00:00+00:00,67725.0
2024-10-16 11:00:00+00:00,67884.0
2024-10-16 12:00:00+00:00,67824.0
2024-10-16 13:00:00+00:00,67374.0
2024-10-16 14:00:00+00:00,67656.0
2024-10-16 15:00:00+00:00,67736.0
2024-10-16 16:00:00+00:00,67803.0
2024-10-16 17:00:00+00:00,67928.0
2024-10-16 18:00:00+00:00,67803.0
2024-10-16 19:00:00+00:00,67701.0
2024-10-16 20:00:00+00:00,67591.0
2024-10-16 21:00:00+00:00,67539.0
2024-10-16 22:00:00+00:00,67764.0
2024-10-16 23:00:00+00:00,67596.0
2024-10-17 00:00:00+00:00,67688.0
2024-10-17 01:00:00+00:00,67877.0
2024-10-17 02:00:00+00:00,67451.0
2024-10-17 03:00:00+00:00,67574.0
2024-10-17 04:00:00+00:00,67241.0
2024-10-17 05:00:00+00:00,67316.0
2024-10-17 06:00:00+00:00,67136.0
2024-10-17 07:00:00+00:00,67273.0
2024-10-17 08:00:00+00:00,67431.0
2024-10-17 09:00:00+00:00,67168.0
2024-10-17 10:00:00+00:00,67193.0
2024-10-17 11:00:00+00:00,66862.0
2024-10-17 12:00:00+00:00,67154.0
2024-10-17 13:00:00+00:00,66999.0
2024-10-17 14:00:00+00:00,67092.0
2024-10-17 15:00:00+00:00,67567.0
2024-10-17 16:00:00+00:00,67360.0
2024-10-17 17:00:00+00:00,67263.0
2024-10-17 18:00:00+00:00,66907.0
2024-10-17 19:00:00+00:00,66811.0
2024-10-17 20:00:00+00:00,66908.0
2024-10-17 21:00:00+00:00,67052.0
2024-10-17 22:00:00+00:00,67420.0
2024-10-17 23:00:00+00:00,67391.0
2024-10-18 00:00:00+00:00,67181.0
2024-10-18 01:00:00+00:00,68071.0
2024-10-18 02:00:00+00:00,68093.0
2024-10-18 03:00:00+00:00,67525.0
2024-10-18 04:00:00+00:00,67713.0
2024-10-18 05:00:00+00:00,67982.0
2024-10-18 06:00:00+00:00,68082.0
2024-10-18 07:00:00+00:00,67951.0
2024-10-18 08:00:00+00:00,67891.0
2024-10-18 09:00:00+00:00,67779.0
2024-10-18 10:00:00+00:00,67857.0
2024-10-18 11:00:00+00:00,67679.0
2024-10-18 12:00:00+00:00,67642.0
2024-10-18 13:00:00+00:00,68180.0
2024-10-18 14:00:00+00:00,68416.0
2024-10-18 15:00:00+00:00,68724.0
2024-10-18 16:00:00+00:00,68789.0
2024-10-18 17:00:00+00:00,68694.0
2024-10-18 18:00:00+00:00,68882.0
2024-10-18 19:00:00+00:00,68573.0
2024-10-18 20:00:00+00:00,68405.0
2024-10-18 21:00:00+00:00,68396.0
2024-10-18 22:00:00+00:00,68191.0
2024-10-18 23:00:00+00:00,68403.0
2024-10-19 00:00:00+00:00,68310.0
2024-10-19 01:00:00+00:00,68313.0
2024-10-19 02:00:00+00:00,68436.0
2024-10-19 03:00:00+00:00,68433.0
2024-10-19 04:00:00+00:00,68310.0
2024-10-19 05:00:00+00:00,68373.0
2024-10-19 06:00:00+00:00,68317.0
2024-10-19 07:00:00+00:00,68330.0
2024-10-19 08:00:00+00:00,68393.0
2024-10-19 09:00:00+00:00,68334.0
2024-10-19 10:00:00+00:00,68230.0
2024-10-19 11:00:00+00:00,68065.0
2024-10-19 12:00:00+00:00,68196.0
2024-10-19 13:00:00+00:00,68100.0
2024-10-19 14:00:00+00:00,68284.0
2024-10-19 15:00:00+00:00,68214.0
2024-10-19 16:00:00+00:00,68033.0
2024-10-19 17:00:00+00:00,68114.0
2024-10-19 18:00:00+00:00,68170.0
2024-10-19 19:00:00+00:00,68174.0
2024-10-19 20:00:00+00:00,68226.0
2024-10-19 21:00:00+00:00,68211.0
2024-10-19 22:00:00+00:00,68314.0
2024-10-19 23:00:00+00:00,68370.0
2024-10-20 00:00:00+00:00,68221.0
2024-10-20 01:00:00+00:00,68139.0
2024-10-20 02:00:00+00:00,68156.0
2024-10-20 03:00:00+00:00,68167.0
2024-10-20 04:00:00+00:00,68227.0
2024-10-20 05:00:00+00:00,68198.0
2024-10-20 06:00:00+00:00,68374.0
2024-10-20 07:00:00+00:00,68354.0
2024-10-20 08:00:00+00:00,68378.0
2024-10-20 09:00:00+00:00,68415.0
2024-10-20 10:00:00+00:00,68356.0
2024-10-20 11:00:00+00:00,68397.0
2024-10-20 12:00:00+00:00,68246.0
2024-10-20 13:00:00+00:00,68433.0
2024-10-20 14:00:00+00:00,68632.0
2024-10-20 15:00:00+00:00,68615.0
2024-10-20 16:00:00+00:00,68491.0
2024-10-20 17:00:00+00:00,68551.0
2024-10-20 18:00:00+00:00,68587.0
2024-10-20 19:00:00+00:00,68499.0
2024-10-20 20:00:00+00:00,68760.0
2024-10-20 21:00:00+00:00,68756.0
2024-10-20 22:00:00+00:00,69136.0
2024-10-20 23:00:00+00:00,69034.0
2024-10-21 00:00:00+00:00,69164.0
2024-10-21 01:00:00+00:00,69216.0
2024-10-21 02:00:00+00:00,68730.0
2024-10-21 03:00:00+00:00,68949.0
2024-10-21 04:00:00+00:00,69042.0
2024-10-21 05:00:00+00:00,68995.0
2024-10-21 06:00:00+00:00,68697.0
2024-10-21 07:00:00+00:00,68519.0
2024-10-21 08:00:00+00:00,68295.0
2024-10-21 09:00:00+00:00,68388.0
2024-10-21 10:00:00+00:00,68290.0
2024-10-21 11:00:00+00:00,68250.0
2024-10-21 12:00:00+00:00,68216.0
2024-10-21 13:00:00+00:00,67318.0
2024-10-21 14:00:00+00:00,67285.0
2024-10-21 15:00:00+00:00,67350.0
2024-10-21 16:00:00+00:00,67348.0
2024-10-21 17:00:00+00:00,67539.0
2024-10-21 18:00:00+00:00,67344.0
2024-10-21 19:00:00+00:00,67767.0
2024-10-21 20:00:00+00:00,67749.0
2024-10-21 21:00:00+00:00,67798.0
2024-10-21 22:00:00+00:00,67774.0
2024-10-21 23:00:00+00:00,67369.0
2024-10-22 00:00:00+00:00,67136.0
2024-10-22 01:00:00+00:00,67510.0
2024-10-22 02:00:00+00:00,67315.0
2024-10-22 03:00:00+00:00,67397.0
2024-10-22 04:00:00+00:00,67500.0
2024-10-22 05:00:00+00:00,67580.0
2024-10-22 06:00:00+00:00,67576.0
2024-10-22 07:00:00+00:00,67386.0
2024-10-22 08:00:00+00:00,66931.0
2024-10-22 09:00:00+00:00,66940.0
2024-10-22 10:00:00+00:00,67174.0
2024-10-22 11:00:00+00:00,67294.0
2024-10-22 12:00:00+00:00,66973.0
2024-10-22 13:00:00+00:00,66978.0
2024-10-22 14:00:00+00:00,67543.0
2024-10-22 15:00:00+00:00,67265.0
2024-10-22 16:00:00+00:00,66948.0
2024-10-22 17:00:00+00:00,67320.0
2024-10-22 18:00:00+00:00,67365.0
2024-10-22 19:00:00+00:00,67470.0
2024-10-22 20:00:00+00:00,67513.0
2024-10-22 21:00:00+00:00,67517.0
2024-10-22 22:00:00+00:00,67720.0
2024-10-22 23:00:00+00:00,67410.0
2024-10-23 00:00:00+00:00,67157.0
2024-10-23 01:00:00+00:00,67344.0
2024-10-23 02:00:00+00:00,67081.0
2024-10-23 03:00:00+00:00,67066.0
2024-10-23 04:00:00+00:00,67209.0
2024-10-23 05:00:00+00:00,67070.0
2024-10-23 06:00:00+00:00,66903.0
2024-10-23 07:00:00+00:00,66833.0
2024-10-23 08:00:00+00:00,66512.0
2024-10-23 09:00:00+00:00,66490.0
2024-10-23 10:00:00+00:00,66382.0
2024-10-23 11:00:00+00:00,66398.0
2024-10-23 12:00:00+00:00,66399.0
2024-10-23 13:00:00+00:00,66788.0
2024-10-23 14:00:00+00:00,66479.0
2024-10-23 15:00:00+00:00,66204.0
2024-10-23 16:00:00+00:00,65872.0
2024-10-23 17:00:00+00:00,65718.0
2024-10-23 18:00:00+00:00,66057.0
2024-10-23 19:00:00+00:00,66479.0
2024-10-23 20:00:00+00:00,66677.0
2024-10-23 21:00:00+00:00,66419.0
2024-10-23 22:00:00+00:00,66475.0
2024-10-23 23:00:00+00:00,66660.0
2024-10-24 00:00:00+00:00,67447.0
2024-10-24 01:00:00+00:00,67274.0
2024-10-24 02:00:00+00:00,67460.0
2024-10-24 03:00:00+00:00,67209.0
2024-10-24 04:00:00+00:00,67375.0
2024-10-24 05:00:00+00:00,67363.0
2024-10-24 06:00:00+00:00,67124.0
2024-10-24 07:00:00+00:00,67122.0
2024-10-24 08:00:00+00:00,66852.0
2024-10-24 09:00:00+00:00,66875.0
2024-10-24 10:00:00+00:00,66996.0
2024-10-24 11:00:00+00:00,67288.0
2024-10-24 12:00:00+00:00,67503.0
2024-10-24 13:00:00+00:00,67884.0
2024-10-24 14:00:00+00:00,67767.0
2024-10-24 15:00:00+00:00,67672.0
2024-10-24 16:00:00+00:00,67566.0
2024-10-24 17:00:00+00:00,67634.0
2024-10-24 18:00:00+00:00,67804.0
2024-10-24 19:00:00+00:00,68277.0
2024-10-24 20:00:00+00:00,68163.0
2024-10-24 21:00:00+00:00,68322.0
2024-10-24 22:00:00+00:00,68165.0
2024-10-24 23:00:00+00:00,68172.0
2024-10-25 00:00:00+00:00,67972.0
2024-10-25 01:00:00+00:00,67947.0
2024-10-25 02:00:00+00:00,68038.0
2024-10-25 03:00:00+00:00,67970.0
2024-10-25 04:00:00+00:00,67707.0
2024-10-25 05:00:00+00:00,67729.0
2024-10-25 06:00:00+00:00,67613.0
2024-10-25 07:00:00+00:00,67507.0
2024-10-25 08:00:00+00:00,67646.0
2024-10-25 09:00:00+00:00,67822.0
2024-10-25 10:00:00+00:00,67834.0
2024-10-25 11:00:00+00:00,68085.0
2024-10-25 12:00:00+00:00,68041.0
2024-10-25 13:00:00+00:00,68327.0
2024-10-25 14:00:00+00:00,68289.0
2024-10-25 15:00:00+00:00,67654.0
2024-10-25 16:00:00+00:00,67635.0
2024-10-25 17:00:00+00:00,66801.0
2024-10-25 18:00:00+00:00,67000.0
2024-10-25 19:00:00+00:00,66826.0
2024-10-25 20:00:00+00:00,66910.0
2024-10-25 21:00:00+00:00,67271.0
2024-10-25 22:00:00+00:00,66590.0
2024-10-25 23:00:00+00:00,66667.0
2024-10-26 00:00:00+00:00,66726.0
2024-10-26 01:00:00+00:00,66689.0
2024-10-26 02:00:00+00:00,66823.0
2024-10-26 03:00:00+00:00,66884.0
2024-10-26 04:00:00+00:00,66921.0
2024-10-26 05:00:00+00:00,67105.0
2024-10-26 06:00:00+00:00,67144.0
2024-10-26 07:00:00+00:00,66989.0
2024-10-26 08:00:00+00:00,67104.0
2024-10-26 09:00:00+00:00,67035.0
2024-10-26 10:00:00+00:00,67030.0
2024-10-26 11:00:00+00:00,67105.0
2024-10-26 12:00:00+00:00,67007.0
2024-10-26 13:00:00+00:00,66868.0
2024-10-26 14:00:00+00:00,66766.0
2024-10-26 15:00:00+00:00,66858.0
2024-10-26 16:00:00+00:00,66953.0
2024-10-26 17:00:00+00:00,67035.0
2024-10-26 18:00:00+00:00,67010.0
2024-10-26 19:00:00+00:00,67150.0
2024-10-26 20:00:00+00:00,67240.0
2024-10-26 21:00:00+00:00,67146.0
2024-10-26 22:00:00+00:00,67109.0
2024-10-26 23:00:00+00:00,67070.0
2024-10-27 00:00:00+00:00,66990.0
2024-10-27 01:00:00+00:00,67056.0
2024-10-27 02:00:00+00:00,67032.0
2024-10-27 03:00:00+00:00,67268.0
2024-10-27 04:00:00+00:00,67130.0
2024-10-27 05:00:00+00:00,67161.0
2024-10-27 06:00:00+00:00,67170.0
2024-10-27 07:00:00+00:00,67177.0
2024-10-27 08:00:00+00:00,67199.0
2024-10-27 09:00:00+00:00,67125.0
2024-10-27 10:00:00+00:00,67064.0
2024-10-27 11:00:00+00:00,67100.0
2024-10-27 12:00:00+00:00,67378.0
2024-10-27 13:00:00+00:00,67589.0
2024-10-27 14:00:00+00:00,67667.0
2024-10-27 15:00:00+00:00,67760.0
2024-10-27 16:00:00+00:00,67814.0
2024-10-27 17:00:00+00:00,67738.0
2024-10-27 18:00:00+00:00,67532.0
2024-10-27 19:00:00+00:00,67815.0
2024-10-27 20:00:00+00:00,67738.0
2024-10-27 21:00:00+00:00,67901.0
2024-10-27 22:00:00+00:00,68086.0
2024-10-27 23:00:00+00:00,68002.0
2024-10-28 00:00:00+00:00,67831.0
2024-10-28 01:00:00+00:00,67723.0
2024-10-28 02:00:00+00:00,67778.0
2024-10-28 03:00:00+00:00,67695.0
2024-10-28 04:00:00+00:00,67713.0
2024-10-28 05:00:00+00:00,67876.0
2024-10-28 06:00:00+00:00,67930.0
2024-10-28 07:00:00+00:00,68400.0
2024-10-28 08:00:00+00:00,68293.0
2024-10-28 09:00:00+00:00,68542.0
2024-10-28 10:00:00+00:00,68622.0
2024-10-28 11:00:00+00:00,68757.0
2024-10-28 12:00:00+00:00,68892.0
2024-10-28 13:00:00+00:00,68796.0
2024-10-28 14:00:00+00:00,68820.0
2024-10-28 15:00:00+00:00,68455.0
2024-10-28 16:00:00+00:00,68677.0
2024-10-28 17:00:00+00:00,68950.0
2024-10-28 18:00:00+00:00,69174.0
2024-10-28 19:00:00+00:00,69600.0
2024-10-28 20:00:00+00:00,69631.0
2024-10-28 21:00:00+00:00,69770.0
2024-10-28 22:00:00+00:00,69956.0
2024-10-28 23:00:00+00:00,69948.0
2024-10-29 00:00:00+00:00,69943.0
2024-10-29 01:00:00+00:00,70296.0
2024-10-29 02:00:00+00:00,71192.0
2024-10-29 03:00:00+00:00,70935.0
2024-10-29 04:00:00+00:00,71088.0
2024-10-29 05:00:00+00:00,71034.0
2024-10-29 06:00:00+00:00,71251.0
2024-10-29 07:00:00+00:00,71019.0
2024-10-29 08:00:00+00:00,71134.0
2024-10-29 09:00:00+00:00,71295.0
2024-10-29 10:00:00+00:00,71162.0
2024-10-29 11:00:00+00:00,71464.0
2024-10-29 12:00:00+00:00,71113.0
2024-10-29 13:00:00+00:00,71814.0
2024-10-29 14:00:00+00:00,71865.0
2024-10-29 15:00:00+00:00,72393.0
2024-10-29 16:00:00+00:00,72745.0
2024-10-29 17:00:00+00:00,72724.0
2024-10-29 18:00:00+00:00,73172.0
2024-10-29 19:00:00+00:00,72537.0
2024-10-29 20:00:00+00:00,72335.0
2024-10-29 21:00:00+00:00,72315.0
2024-10-29 22:00:00+00:00,72692.0
2024-10-29 23:00:00+00:00,72758.0
2024-10-30 00:00:00+00:00,72314.0
2024-10-30 01:00:00+00:00,72450.0
2024-10-30 02:00:00+00:00,72376.0
2024-10-30 03:00:00+00:00,72275.0
2024-10-30 04:00:00+00:00,72315.0
2024-10-30 05:00:00+00:00,72545.0
2024-10-30 06:00:00+00:00,72332.0
2024-10-30 07:00:00+00:00,72263.0
2024-10-30 08:00:00+00:00,72269.0
2024-10-30 09:00:00+00:00,72613.0
2024-10-30 10:00:00+00:00,72394.0
2024-10-30 11:00:00+00:00,72000.0
2024-10-30 12:00:00+00:00,71889.0
2024-10-30 13:00:00+00:00,71986.0
2024-10-30 14:00:00+00:00,72433.0
2024-10-30 15:00:00+00:00,72065.0
2024-10-30 16:00:00+00:00,72120.0
2024-10-30 17:00:00+00:00,71921.0
2024-10-30 18:00:00+00:00,72001.0
2024-10-30 19:00:00+00:00,71833.0
2024-10-30 20:00:00+00:00,72914.0
2024-10-30 21:00:00+00:00,72419.0
2024-10-30 22:00:00+00:00,72440.0
2024-10-30 23:00:00+00:00,72387.0
2024-10-31 00:00:00+00:00,72208.0
2024-10-31 01:00:00+00:00,72413.0
2024-10-31 02:00:00+00:00,72590.0
2024-10-31 03:00:00+00:00,72378.0
2024-10-31 04:00:00+00:00,72300.0
2024-10-31 05:00:00+00:00,72313.0
2024-10-31 06:00:00+00:00,72224.0
2024-10-31 07:00:00+00:00,72436.0
2024-10-31 08:00:00+00:00,72299.0
2024-10-31 09:00:00+00:00,72320.0
2024-10-31 10:00:00+00:00,72663.0
2024-10-31 11:00:00+00:00,72224.0
2024-10-31 12:00:00+00:00,72125.0
2024-10-31 13:00:00+00:00,71325.0
2024-10-31 14:00:00+00:00,70781.0
2024-10-31 15:00:00+00:00,70655.0
2024-10-31 16:00:00+00:00,70435.0
2024-10-31 17:00:00+00:00,70829.0
2024-10-31 18:00:00+00:00,70679.0
2024-10-31 19:00:00+00:00,70145.0
2024-10-31 20:00:00+00:00,70072.0
2024-10-31 21:00:00+00:00,70492.0
2024-10-31 22:00:00+00:00,70518.0
2024-10-31 23:00:00+00:00,70333.0
2024-11-01 00:00:00+00:00,70201.0
2024-11-01 01:00:00+00:00,69425.0
2024-11-01 02:00:00+00:00,69600.0
2024-11-01 03:00:00+00:00,69397.0
2024-11-01 04:00:00+00:00,69623.0
2024-11-01 05:00:00+00:00,69635.0
2024-11-01 06:00:00+00:00,69235.0
2024-11-01 07:00:00+00:00,69287.0
2024-11-01 08:00:00+00:00,69392.0
2024-11-01 09:00:00+00:00,69558.0
2024-11-01 10:00:00+00:00,70009.0
2024-11-01 11:00:00+00:00,70035.0
2024-11-01 12:00:00+00:00,70371.0
2024-11-01 13:00:00+00:00,71221.0
2024-11-01 14:00:00+00:00,71284.0
2024-11-01 15:00:00+00:00,69393.0
2024-11-01 16:00:00+00:00,69931.0
2024-11-01 17:00:00+00:00,69582.0
2024-11-01 18:00:00+00:00,69158.0
2024-11-01 19:00:00+00:00,69276.0
2024-11-01 20:00:00+00:00,69250.0
2024-11-01 21:00:00+00:00,69273.0
2024-11-01 22:00:00+00:00,69440.0
2024-11-01 23:00:00+00:00,69496.0
2024-11-02 00:00:00+00:00,69666.0
2024-11-02 01:00:00+00:00,69661.0
2024-11-02 02:00:00+00:00,69661.0
2024-11-02 03:00:00+00:00,69598.0
2024-11-02 04:00:00+00:00,69566.0
2024-11-02 05:00:00+00:00,69716.0
2024-11-02 06:00:00+00:00,69756.0
2024-11-02 07:00:00+00:00,69810.0
2024-11-02 08:00:00+00:00,69623.0
2024-11-02 09:00:00+00:00,69547.0
2024-11-02 10:00:00+00:00,69606.0
2024-11-02 11:00:00+00:00,69598.0
2024-11-02 12:00:00+00:00,69441.0
2024-11-02 13:00:00+00:00,69354.0
2024-11-02 14:00:00+00:00,69251.0
2024-11-02 15:00:00+00:00,69382.0
2024-11-02 16:00:00+00:00,69567.0
2024-11-02 17:00:00+00:00,69393.0
2024-11-02 18:00:00+00:00,69412.0
2024-11-02 19:00:00+00:00,69498.0
2024-11-02 20:00:00+00:00,69542.0
2024-11-02 21:00:00+00:00,69427.0
2024-11-02 22:00:00+00:00,69419.0
2024-11-02 23:00:00+00:00,69364.0
2024-11-03 00:00:00+00:00,69150.0
2024-11-03 01:00:00+00:00,68997.0
2024-11-03 02:00:00+00:00,68203.0
2024-11-03 03:00:00+00:00,68361.0
2024-11-03 04:00:00+00:00,68581.0
2024-11-03 05:00:00+00:00,68432.0
2024-11-03 06:00:00+00:00,68573.0
2024-11-03 07:00:00+00:00,68395.0
2024-11-03 08:00:00+00:00,68470.0
2024-11-03 09:00:00+00:00,68232.0
2024-11-03 10:00:00+00:00,68431.0
2024-11-03 11:00:00+00:00,68345.0
2024-11-03 12:00:00+00:00,68480.0
2024-11-03 13:00:00+00:00,68041.0
2024-11-03 14:00:00+00:00,67770.0
2024-11-03 15:00:00+00:00,68074.0
2024-11-03 16:00:00+00:00,68142.0
2024-11-03 17:00:00+00:00,68346.0
2024-11-03 18:00:00+00:00,67997.0
2024-11-03 19:00:00+00:00,68674.0
2024-11-03 20:00:00+00:00,68953.0
2024-11-03 21:00:00+00:00,69121.0
2024-11-03 22:00:00+00:00,68848.0
2024-11-03 23:00:00+00:00,68744.0
2024-11-04 00:00:00+00:00,68698.0
2024-11-04 01:00:00+00:00,68959.0
2024-11-04 02:00:00+00:00,69290.0
2024-11-04 03:00:00+00:00,69037.0
2024-11-04 04:00:00+00:00,69140.0
2024-11-04 05:00:00+00:00,68811.0
2024-11-04 06:00:00+00:00,69119.0
2024-11-04 07:00:00+00:00,68601.0
2024-11-04 08:00:00+00:00,68682.0
2024-11-04 09:00:00+00:00,68626.0
2024-11-04 10:00:00+00:00,68820.0
2024-11-04 11:00:00+00:00,68780.0
2024-11-04 12:00:00+00:00,68954.0
2024-11-04 13:00:00+00:00,68653.0
2024-11-04 14:00:00+00:00,68380.0
2024-11-04 15:00:00+00:00,68628.0
2024-11-04 16:00:00+00:00,67739.0
2024-11-04 17:00:00+00:00,67826.0
2024-11-04 18:00:00+00:00,67647.0
2024-11-04 19:00:00+00:00,67850.0
2024-11-04 20:00:00+00:00,67357.0
2024-11-04 21:00:00+00:00,67111.0
2024-11-04 22:00:00+00:00,67919.0
2024-11-04 23:00:00+00:00,67839.0
2024-11-05 00:00:00+00:00,68024.0
2024-11-05 01:00:00+00:00,67987.0
2024-11-05 02:00:00+00:00,67871.0
2024-11-05 03:00:00+00:00,68237.0
2024-11-05 04:00:00+00:00,68312.0
2024-11-05 05:00:00+00:00,68738.0
2024-11-05 06:00:00+00:00,68773.0
2024-11-05 07:00:00+00:00,68900.0
2024-11-05 08:00:00+00:00,69039.0
2024-11-05 09:00:00+00:00,68780.0
2024-11-05 10:00:00+00:00,68772.0
2024-11-05 11:00:00+00:00,68811.0
2024-11-05 12:00:00+00:00,68873.0
2024-11-05 13:00:00+00:00,68817.0
2024-11-05 14:00:00+00:00,69946.0
2024-11-05 15:00:00+00:00,69611.0
2024-11-05 16:00:00+00:00,70161.0
2024-11-05 17:00:00+00:00,69918.0
2024-11-05 18:00:00+00:00,70195.0
2024-11-05 19:00:00+00:00,68979.0
2024-11-05 20:00:00+00:00,69421.0
2024-11-05 21:00:00+00:00,69142.0
2024-11-05 22:00:00+00:00,69566.0
2024-11-05 23:00:00+00:00,69346.0
2024-11-06 00:00:00+00:00,71070.0
2024-11-06 01:00:00+00:00,71104.0
2024-11-06 02:00:00+00:00,73108.0
2024-11-06 03:00:00+00:00,74395.0
2024-11-06 04:00:00+00:00,74297.0
2024-11-06 05:00:00+00:00,74808.0
2024-11-06 06:00:00+00:00,74303.0
2024-11-06 07:00:00+00:00,73441.0
2024-11-06 08:00:00+00:00,73495.0
2024-11-06 09:00:00+00:00,73808.0
2024-11-06 10:00:00+00:00,73869.0
2024-11-06 11:00:00+00:00,74316.0
2024-11-06 12:00:00+00:00,74217.0
2024-11-06 13:00:00+00:00,74021.0
2024-11-06 14:00:00+00:00,73671.0
2024-11-06 15:00:00+00:00,74309.0
2024-11-06 16:00:00+00:00,74340.0
2024-11-06 17:00:00+00:00,74478.0
2024-11-06 18:00:00+00:00,75252.0
2024-11-06 19:00:00+00:00,75831.0
2024-11-06 20:00:00+00:00,76111.0
2024-11-06 21:00:00+00:00,75918.0
2024-11-06 22:00:00+00:00,75652.0
2024-11-06 23:00:00+00:00,75600.0
2024-11-07 00:00:00+00:00,75381.0
2024-11-07 01:00:00+00:00,75425.0
2024-11-07 02:00:00+00:00,75306.0
2024-11-07 03:00:00+00:00,75073.0
2024-11-07 04:00:00+00:00,74775.0
2024-11-07 05:00:00+00:00,74814.0
2024-11-07 06:00:00+00:00,74812.0
2024-11-07 07:00:00+00:00,74802.0
2024-11-07 08:00:00+00:00,75207.0
2024-11-07 09:00:00+00:00,74968.0
2024-11-07 10:00:00+00:00,75070.0
2024-11-07 11:00:00+00:00,74787.0
2024-11-07 12:00:00+00:00,75041.0
2024-11-07 13:00:00+00:00,74708.0
2024-11-07 14:00:00+00:00,74856.0
2024-11-07 15:00:00+00:00,76114.0
2024-11-07 16:00:00+00:00,75937.0
2024-11-07 17:00:00+00:00,76296.0
2024-11-07 18:00:00+00:00,76623.0
2024-11-07 19:00:00+00:00,76565.0
2024-11-07 20:00:00+00:00,76455.0
2024-11-07 21:00:00+00:00,75902.0
2024-11-07 22:00:00+00:00,75882.0
2024-11-07 23:00:00+00:00,75875.0
2024-11-08 00:00:00+00:00,76045.0
2024-11-08 01:00:00+00:00,76020.0
2024-11-08 02:00:00+00:00,75746.0
2024-11-08 03:00:00+00:00,75935.0
2024-11-08 04:00:00+00:00,75870.0
2024-11-08 05:00:00+00:00,76035.0
2024-11-08 06:00:00+00:00,75920.0
2024-11-08 07:00:00+00:00,76214.0
2024-11-08 08:00:00+00:00,75846.0
2024-11-08 09:00:00+00:00,76000.0
2024-11-08 10:00:00+00:00,76276.0
2024-11-08 11:00:00+00:00,75975.0
2024-11-08 12:00:00+00:00,76103.0
2024-11-08 13:00:00+00:00,76307.0
2024-11-08 14:00:00+00:00,75791.0
2024-11-08 15:00:00+00:00,76465.0
2024-11-08 16:00:00+00:00,75944.0
2024-11-08 17:00:00+00:00,76409.0
2024-11-08 18:00:00+00:00,76832.0
2024-11-08 19:00:00+00:00,76939.0
2024-11-08 20:00:00+00:00,76586.0
2024-11-08 21:00:00+00:00,76487.0
2024-11-08 22:00:00+00:00,76376.0
2024-11-08 23:00:00+00:00,76515.0
2024-11-09 00:00:00+00:00,76440.0
2024-11-09 01:00:00+00:00,76323.0
2024-11-09 02:00:00+00:00,76440.0
2024-11-09 03:00:00+00:00,76351.0
2024-11-09 04:00:00+00:00,76385.0
2024-11-09 05:00:00+00:00,76571.0
2024-11-09 06:00:00+00:00,76528.0
2024-11-09 07:00:00+00:00,76545.0
2024-11-09 08:00:00+00:00,76562.0
2024-11-09 09:00:00+00:00,76561.0
2024-11-09 10:00:00+00:00,76481.0
2024-11-09 11:00:00+00:00,76509.0
2024-11-09 12:00:00+00:00,76295.0
2024-11-09 13:00:00+00:00,76434.0
2024-11-09 14:00:00+00:00,76363.0
2024-11-09 15:00:00+00:00,76322.0
2024-11-09 16:00:00+00:00,76094.0
2024-11-09 17:00:00+00:00,76251.0
2024-11-09 18:00:00+00:00,76378.0
2024-11-09 19:00:00+00:00,76224.0
2024-11-09 20:00:00+00:00,76305.0
2024-11-09 21:00:00+00:00,76463.0
2024-11-09 22:00:00+00:00,76532.0
2024-11-09 23:00:00+00:00,76702.0
2024-11-10 00:00:00+00:00,76899.0
2024-11-10 01:00:00+00:00,76729.0
2024-11-10 02:00:00+00:00,77059.0
2024-11-10 03:00:00+00:00,77242.0
2024-11-10 04:00:00+00:00,79280.0
2024-11-10 05:00:00+00:00,79161.0
2024-11-10 06:00:00+00:00,78969.0
2024-11-10 07:00:00+00:00,78856.0
2024-11-10 08:00:00+00:00,79178.0
2024-11-10 09:00:00+00:00,79426.0
2024-11-10 10:00:00+00:00,79605.0
2024-11-10 11:00:00+00:00,79934.0
2024-11-10 12:00:00+00:00,79717.0
2024-11-10 13:00:00+00:00,79785.0
2024-11-10 14:00:00+00:00,79543.0
2024-11-10 15:00:00+00:00,79731.0
2024-11-10 16:00:00+00:00,79839.0
2024-11-10 17:00:00+00:00,80421.0
2024-11-10 18:00:00+00:00,80617.0
2024-11-10 19:00:00+00:00,79800.0
2024-11-10 20:00:00+00:00,79008.0
2024-11-10 21:00:00+00:00,79936.0
2024-11-10 22:00:00+00:00,80678.0
2024-11-10 23:00:00+00:00,80429.0
2024-11-11 00:00:00+00:00,80640.0
2024-11-11 01:00:00+00:00,81276.0
2024-11-11 02:00:00+00:00,81511.0
2024-11-11 03:00:00+00:00,81680.0
2024-11-11 04:00:00+00:00,81502.0
2024-11-11 05:00:00+00:00,80782.0
2024-11-11 06:00:00+00:00,80949.0
2024-11-11 07:00:00+00:00,81159.0
2024-11-11 08:00:00+00:00,81297.0
2024-11-11 09:00:00+00:00,81755.0
2024-11-11 10:00:00+00:00,82046.0
2024-11-11 11:00:00+00:00,82185.0
2024-11-11 12:00:00+00:00,82200.0
2024-11-11 13:00:00+00:00,81875.0
2024-11-11 14:00:00+00:00,82526.0
2024-11-11 15:00:00+00:00,84100.0
2024-11-11 16:00:00+00:00,84228.0
2024-11-11 17:00:00+00:00,84637.0
2024-11-11 18:00:00+00:00,85900.0
2024-11-11 19:00:00+00:00,86164.0
2024-11-11 20:00:00+00:00,86887.0
2024-11-11 21:00:00+00:00,87959.0
2024-11-11 22:00:00+00:00,88104.0
2024-11-11 23:00:00+00:00,88766.0
2024-11-12 00:00:00+00:00,89077.0
2024-11-12 01:00:00+00:00,88615.0
2024-11-12 02:00:00+00:00,87765.0
2024-11-12 03:00:00+00:00,88157.0
2024-11-12 04:00:00+00:00,88526.0
2024-11-12 05:00:00+00:00,88483.0
2024-11-12 06:00:00+00:00,89654.0
2024-11-12 07:00:00+00:00,89096.0
2024-11-12 08:00:00+00:00,89479.0
2024-11-12 09:00:00+00:00,87758.0
2024-11-12 10:00:00+00:00,86958.0
2024-11-12 11:00:00+00:00,87256.0
2024-11-12 12:00:00+00:00,86440.0
2024-11-12 13:00:00+00:00,86440.0
2024-11-12 14:00:00+00:00,87057.0
2024-11-12 15:00:00+00:00,86659.0
2024-11-12 16:00:00+00:00,87132.0
2024-11-12 17:00:00+00:00,87019.0
2024-11-12 18:00:00+00:00,88856.0
2024-11-12 19:00:00+00:00,88782.0
2024-11-12 20:00:00+00:00,89541.0
2024-11-12 21:00:00+00:00,88293.0
2024-11-12 22:00:00+00:00,88665.0
2024-11-12 23:00:00+00:00,87968.0
2024-11-13 00:00:00+00:00,88096.0
2024-11-13 01:00:00+00:00,88326.0
2024-11-13 02:00:00+00:00,87939.0
2024-11-13 03:00:00+00:00,87186.0
2024-11-13 04:00:00+00:00,87201.0
2024-11-13 05:00:00+00:00,86566.0
2024-11-13 06:00:00+00:00,86486.0
2024-11-13 07:00:00+00:00,87384.0
2024-11-13 08:00:00+00:00,87273.0
2024-11-13 09:00:00+00:00,87445.0
2024-11-13 10:00:00+00:00,87598.0
2024-11-13 11:00:00+00:00,87711.0
2024-11-13 12:00:00+00:00,87675.0
2024-11-13 13:00:00+00:00,89236.0
2024-11-13 14:00:00+00:00,91587.0
2024-11-13 15:00:00+00:00,92626.0
2024-11-13 16:00:00+00:00,92327.0
2024-11-13 17:00:00+00:00,92315.0
2024-11-13 18:00:00+00:00,92877.0
2024-11-13 19:00:00+00:00,90219.0
2024-11-13 20:00:00+00:00,89725.0
2024-11-13 21:00:00+00:00,88538.0
2024-11-13 22:00:00+00:00,89751.0
2024-11-13 23:00:00+00:00,90412.0
2024-11-14 00:00:00+00:00,90171.0
2024-11-14 01:00:00+00:00,90437.0
2024-11-14 02:00:00+00:00,90166.0
2024-11-14 03:00:00+00:00,90002.0
2024-11-14 04:00:00+00:00,90183.0
2024-11-14 05:00:00+00:00,90020.0
2024-11-14 06:00:00+00:00,89352.0
2024-11-14 07:00:00+00:00,90859.0
2024-11-14 08:00:00+00:00,90637.0
2024-11-14 09:00:00+00:00,91013.0
2024-11-14 10:00:00+00:00,91182.0
2024-11-14 11:00:00+00:00,91550.0
2024-11-14 12:00:00+00:00,91300.0
2024-11-14 13:00:00+00:00,90824.0
2024-11-14 14:00:00+00:00,88775.0
2024-11-14 15:00:00+00:00,87957.0
2024-11-14 16:00:00+00:00,89212.0
2024-11-14 17:00:00+00:00,89253.0
2024-11-14 18:00:00+00:00,89134.0
2024-11-14 19:00:00+00:00,89500.0
2024-11-14 20:00:00+00:00,87622.0
2024-11-14 21:00:00+00:00,88248.0
2024-11-14 22:00:00+00:00,87651.0
2024-11-14 23:00:00+00:00,87368.0
2024-11-15 00:00:00+00:00,87909.0
2024-11-15 01:00:00+00:00,88144.0
2024-11-15 02:00:00+00:00,88397.0
2024-11-15 03:00:00+00:00,88243.0
2024-11-15 04:00:00+00:00,87471.0
2024-11-15 05:00:00+00:00,87750.0
2024-11-15 06:00:00+00:00,88210.0
2024-11-15 07:00:00+00:00,87672.0
2024-11-15 08:00:00+00:00,88124.0
2024-11-15 09:00:00+00:00,89228.0
2024-11-15 10:00:00+00:00,89399.0
2024-11-15 11:00:00+00:00,89776.0
2024-11-15 12:00:00+00:00,89801.0
2024-11-15 13:00:00+00:00,90214.0
2024-11-15 14:00:00+00:00,89143.0
2024-11-15 15:00:00+00:00,88451.0
2024-11-15 16:00:00+00:00,89383.0
2024-11-15 17:00:00+00:00,89504.0
2024-11-15 18:00:00+00:00,89390.0
2024-11-15 19:00:00+00:00,90417.0
2024-11-15 20:00:00+00:00,91493.0
2024-11-15 21:00:00+00:00,91752.0
2024-11-15 22:00:00+00:00,91286.0
2024-11-15 23:00:00+00:00,91126.0
2024-11-16 00:00:00+00:00,91089.0
2024-11-16 01:00:00+00:00,91307.0
2024-11-16 02:00:00+00:00,91492.0
2024-11-16 03:00:00+00:00,91322.0
2024-11-16 04:00:00+00:00,91364.0
2024-11-16 05:00:00+00:00,91414.0
2024-11-16 06:00:00+00:00,91278.0
2024-11-16 07:00:00+00:00,91221.0
2024-11-16 08:00:00+00:00,91489.0
2024-11-16 09:00:00+00:00,91313.0
2024-11-16 10:00:00+00:00,91465.0
2024-11-16 11:00:00+00:00,91247.0
2024-11-16 12:00:00+00:00,90960.0
2024-11-16 13:00:00+00:00,90830.0
2024-11-16 14:00:00+00:00,91042.0
2024-11-16 15:00:00+00:00,90583.0
2024-11-16 16:00:00+00:00,90678.0
2024-11-16 17:00:00+00:00,90995.0
2024-11-16 18:00:00+00:00,91380.0
2024-11-16 19:00:00+00:00,91208.0
2024-11-16 20:00:00+00:00,90822.0
2024-11-16 21:00:00+00:00,91076.0
2024-11-16 22:00:00+00:00,90384.0
2024-11-16 23:00:00+00:00,90626.0
2024-11-17 00:00:00+00:00,90886.0
2024-11-17 01:00:00+00:00,90316.0
2024-11-17 02:00:00+00:00,90081.0
2024-11-17 03:00:00+00:00,90315.0
2024-11-17 04:00:00+00:00,90645.0
2024-11-17 05:00:00+00:00,90542.0
2024-11-17 06:00:00+00:00,90731.0
2024-11-17 07:00:00+00:00,90630.0
2024-11-17 08:00:00+00:00,91084.0
2024-11-17 09:00:00+00:00,91411.0
2024-11-17 10:00:00+00:00,91167.0
2024-11-17 11:00:00+00:00,90772.0
2024-11-17 12:00:00+00:00,91159.0
2024-11-17 13:00:00+00:00,90574.0
2024-11-17 14:00:00+00:00,90384.0
2024-11-17 15:00:00+00:00,90329.0
2024-11-17 16:00:00+00:00,90546.0
2024-11-17 17:00:00+00:00,90675.0
2024-11-17 18:00:00+00:00,90013.0
2024-11-17 19:00:00+00:00,90131.0
2024-11-17 20:00:00+00:00,89725.0
2024-11-17 21:00:00+00:00,89189.0
2024-11-17 22:00:00+00:00,89610.0
2024-11-17 23:00:00+00:00,89900.0
2024-11-18 00:00:00+00:00,90001.0
2024-11-18 01:00:00+00:00,90838.0
2024-11-18 02:00:00+00:00,90583.0
2024-11-18 03:00:00+00:00,90756.0
2024-11-18 04:00:00+00:00,90519.0
2024-11-18 05:00:00+00:00,90705.0
2024-11-18 06:00:00+00:00,92219.0
2024-11-18 07:00:00+00:00,91800.0
2024-11-18 08:00:00+00:00,91902.0
2024-11-18 09:00:00+00:00,91825.0
2024-11-18 10:00:00+00:00,91871.0
2024-11-18 11:00:00+00:00,90340.0
2024-11-18 12:00:00+00:00,90584.0
2024-11-18 13:00:00+00:00,89554.0
2024-11-18 14:00:00+00:00,90373.0
2024-11-18 15:00:00+00:00,92445.0
2024-11-18 16:00:00+00:00,91504.0
2024-11-18 17:00:00+00:00,91662.0
2024-11-18 18:00:00+00:00,90427.0
2024-11-18 19:00:00+00:00,90673.0
2024-11-18 20:00:00+00:00,91541.0
2024-11-18 21:00:00+00:00,91364.0
2024-11-18 22:00:00+00:00,91231.0
2024-11-18 23:00:00+00:00,90535.0
2024-11-19 00:00:00+00:00,91116.0
2024-11-19 01:00:00+00:00,90790.0
2024-11-19 02:00:00+00:00,91327.0
2024-11-19 03:00:00+00:00,91515.0
2024-11-19 04:00:00+00:00,91605.0
2024-11-19 05:00:00+00:00,91966.0
2024-11-19 06:00:00+00:00,92038.0
2024-11-19 07:00:00+00:00,91691.0
2024-11-19 08:00:00+00:00,91873.0
2024-11-19 09:00:00+00:00,91777.0
2024-11-19 10:00:00+00:00,91846.0
2024-11-19 11:00:00+00:00,91719.0
2024-11-19 12:00:00+00:00,92541.0
2024-11-19 13:00:00+00:00,91179.0
2024-11-19 14:00:00+00:00,91885.0
2024-11-19 15:00:00+00:00,92454.0
2024-11-19 16:00:00+00:00,92615.0
2024-11-19 17:00:00+00:00,92926.0
2024-11-19 18:00:00+00:00,93699.0
2024-11-19 19:00:00+00:00,93281.0
2024-11-19 20:00:00+00:00,92467.0
2024-11-19 21:00:00+00:00,92240.0
2024-11-19 22:00:00+00:00,91854.0
2024-11-19 23:00:00+00:00,92342.0
2024-11-20 00:00:00+00:00,92067.0
2024-11-20 01:00:00+00:00,92016.0
2024-11-20 02:00:00+00:00,91799.0
2024-11-20 03:00:00+00:00,92093.0
2024-11-20 04:00:00+00:00,92160.0
2024-11-20 05:00:00+00:00,92576.0
2024-11-20 06:00:00+00:00,92454.0
2024-11-20 07:00:00+00:00,92904.0
2024-11-20 08:00:00+00:00,93261.0
2024-11-20 09:00:00+00:00,93131.0
2024-11-20 10:00:00+00:00,93339.0
2024-11-20 11:00:00+00:00,93528.0
2024-11-20 12:00:00+00:00,93593.0
2024-11-20 13:00:00+00:00,94436.0
2024-11-20 14:00:00+00:00,94669.0
2024-11-20 15:00:00+00:00,94777.0
2024-11-20 16:00:00+00:00,94100.0
2024-11-20 17:00:00+00:00,93921.0
2024-11-20 18:00:00+00:00,93706.0
2024-11-20 19:00:00+00:00,94032.0
2024-11-20 20:00:00+00:00,94280.0
2024-11-20 21:00:00+00:00,94369.0
2024-11-20 22:00:00+00:00,94171.0
2024-11-20 23:00:00+00:00,94316.0
2024-11-21 00:00:00+00:00,94764.0
2024-11-21 01:00:00+00:00,94735.0
2024-11-21 02:00:00+00:00,94411.0
2024-11-21 03:00:00+00:00,95860.0
2024-11-21 04:00:00+00:00,97666.0
2024-11-21 05:00:00+00:00,97377.0
2024-11-21 06:00:00+00:00,97066.0
2024-11-21 07:00:00+00:00,96980.0
2024-11-21 08:00:00+00:00,97170.0
2024-11-21 09:00:00+00:00,97673.0
2024-11-21 10:00:00+00:00,97789.0
2024-11-21 11:00:00+00:00,98035.0
2024-11-21 12:00:00+00:00,97363.0
2024-11-21 13:00:00+00:00,97601.0
2024-11-21 14:00:00+00:00,97111.0
2024-11-21 15:00:00+00:00,96740.0
2024-11-21 16:00:00+00:00,97216.0
2024-11-21 17:00:00+00:00,98147.0
2024-11-21 18:00:00+00:00,98330.0
2024-11-21 19:00:00+00:00,97923.0
2024-11-21 20:00:00+00:00,98175.0
2024-11-21 21:00:00+00:00,98017.0
2024-11-21 22:00:00+00:00,98416.0
2024-11-21 23:00:00+00:00,98383.0
2024-11-22 00:00:00+00:00,98063.0
2024-11-22 01:00:00+00:00,98129.0
2024-11-22 02:00:00+00:00,98690.0
2024-11-22 03:00:00+00:00,98917.0
2024-11-22 04:00:00+00:00,98880.0
2024-11-22 05:00:00+00:00,98851.0
2024-11-22 06:00:00+00:00,99098.0
2024-11-22 07:00:00+00:00,99262.0
2024-11-22 08:00:00+00:00,98912.0
2024-11-22 09:00:00+00:00,98801.0
2024-11-22 10:00:00+00:00,98473.0
2024-11-22 11:00:00+00:00,98955.0
2024-11-22 12:00:00+00:00,98718.0
2024-11-22 13:00:00+00:00,97821.0
2024-11-22 14:00:00+00:00,97374.0
2024-11-22 15:00:00+00:00,98716.0
2024-11-22 16:00:00+00:00,98922.0
2024-11-22 17:00:00+00:00,98855.0
2024-11-22 18:00:00+00:00,99167.0
2024-11-22 19:00:00+00:00,99145.0
2024-11-22 20:00:00+00:00,99231.0
2024-11-22 21:00:00+00:00,99342.0
2024-11-22 22:00:00+00:00,98677.0
2024-11-22 23:00:00+00:00,98947.0
2024-11-23 00:00:00+00:00,98693.0
2024-11-23 01:00:00+00:00,98640.0
2024-11-23 02:00:00+00:00,98549.0
2024-11-23 03:00:00+00:00,98730.0
2024-11-23 04:00:00+00:00,98641.0
2024-11-23 05:00:00+00:00,98814.0
2024-11-23 06:00:00+00:00,98786.0
2024-11-23 07:00:00+00:00,98632.0
2024-11-23 08:00:00+00:00,98524.0
2024-11-23 09:00:00+00:00,98526.0
2024-11-23 10:00:00+00:00,98485.0
2024-11-23 11:00:00+00:00,98480.0
2024-11-23 12:00:00+00:00,98689.0
2024-11-23 13:00:00+00:00,98616.0
2024-11-23 14:00:00+00:00,98828.0
2024-11-23 15:00:00+00:00,98441.0
2024-11-23 16:00:00+00:00,97790.0
2024-11-23 17:00:00+00:00,97981.0
2024-11-23 18:00:00+00:00,97932.0
2024-11-23 19:00:00+00:00,97582.0
2024-11-23 20:00:00+00:00,97792.0
2024-11-23 21:00:00+00:00,98049.0
2024-11-23 22:00:00+00:00,97720.0
2024-11-23 23:00:00+00:00,97741.0
2024-11-24 00:00:00+00:00,97990.0
2024-11-24 01:00:00+00:00,98271.0
2024-11-24 02:00:00+00:00,98481.0
2024-11-24 03:00:00+00:00,98275.0
2024-11-24 04:00:00+00:00,98250.0
2024-11-24 05:00:00+00:00,98361.0
2024-11-24 06:00:00+00:00,98437.0
2024-11-24 07:00:00+00:00,98475.0
2024-11-24 08:00:00+00:00,98138.0
2024-11-24 09:00:00+00:00,98019.0
2024-11-24 10:00:00+00:00,97751.0
2024-11-24 11:00:00+00:00,97341.0
2024-11-24 12:00:00+00:00,96987.0
2024-11-24 13:00:00+00:00,97308.0
2024-11-24 14:00:00+00:00,97124.0
2024-11-24 15:00:00+00:00,95982.0
2024-11-24 16:00:00+00:00,96500.0
2024-11-24 17:00:00+00:00,95966.0
2024-11-24 18:00:00+00:00,96600.0
2024-11-24 19:00:00+00:00,96409.0
2024-11-24 20:00:00+00:00,96898.0
2024-11-24 21:00:00+00:00,97034.0
2024-11-24 22:00:00+00:00,98111.0
2024-11-24 23:00:00+00:00,98028.0
2024-11-25 00:00:00+00:00,97841.0
2024-11-25 01:00:00+00:00,97298.0
2024-11-25 02:00:00+00:00,97457.0
2024-11-25 03:00:00+00:00,97965.0
2024-11-25 04:00:00+00:00,97880.0
2024-11-25 05:00:00+00:00,98151.0
2024-11-25 06:00:00+00:00,98156.0
2024-11-25 07:00:00+00:00,98129.0
2024-11-25 08:00:00+00:00,98300.0
2024-11-25 09:00:00+00:00,98584.0
2024-11-25 10:00:00+00:00,98412.0
2024-11-25 11:00:00+00:00,98265.0
2024-11-25 12:00:00+00:00,97977.0
2024-11-25 13:00:00+00:00,97546.0
2024-11-25 14:00:00+00:00,95471.0
2024-11-25 15:00:00+00:00,96054.0
2024-11-25 16:00:00+00:00,95984.0
2024-11-25 17:00:00+00:00,95313.0
2024-11-25 18:00:00+00:00,95217.0
2024-11-25 19:00:00+00:00,94722.0
2024-11-25 20:00:00+00:00,95047.0
2024-11-25 21:00:00+00:00,93828.0
2024-11-25 22:00:00+00:00,94439.0
2024-11-25 23:00:00+00:00,93005.0
2024-11-26 00:00:00+00:00,93856.0
2024-11-26 01:00:00+00:00,94912.0
2024-11-26 02:00:00+00:00,94641.0
2024-11-26 03:00:00+00:00,94539.0
2024-11-26 04:00:00+00:00,94352.0
2024-11-26 05:00:00+00:00,94711.0
2024-11-26 06:00:00+00:00,94553.0
2024-11-26 07:00:00+00:00,93828.0
2024-11-26 08:00:00+00:00,93184.0
2024-11-26 09:00:00+00:00,93576.0
2024-11-26 10:00:00+00:00,92384.0
2024-11-26 11:00:00+00:00,92401.0
2024-11-26 12:00:00+00:00,92212.0
2024-11-26 13:00:00+00:00,92224.0
2024-11-26 14:00:00+00:00,93322.0
2024-11-26 15:00:00+00:00,92854.0
2024-11-26 16:00:00+00:00,94094.0
2024-11-26 17:00:00+00:00,93623.0
2024-11-26 18:00:00+00:00,92150.0
2024-11-26 19:00:00+00:00,91738.0
2024-11-26 20:00:00+00:00,91125.0
2024-11-26 21:00:00+00:00,91763.0
2024-11-26 22:00:00+00:00,91894.0
2024-11-26 23:00:00+00:00,92026.0
2024-11-27 00:00:00+00:00,92009.0
2024-11-27 01:00:00+00:00,92838.0
2024-11-27 02:00:00+00:00,93020.0
2024-11-27 03:00:00+00:00,92659.0
2024-11-27 04:00:00+00:00,92638.0
2024-11-27 05:00:00+00:00,92832.0
2024-11-27 06:00:00+00:00,93123.0
2024-11-27 07:00:00+00:00,93656.0
2024-11-27 08:00:00+00:00,93506.0
2024-11-27 09:00:00+00:00,93465.0
2024-11-27 10:00:00+00:00,93873.0
2024-11-27 11:00:00+00:00,93432.0
2024-11-27 12:00:00+00:00,93563.0
2024-11-27 13:00:00+00:00,94346.0
2024-11-27 14:00:00+00:00,94933.0
2024-11-27 15:00:00+00:00,95654.0
2024-11-27 16:00:00+00:00,95756.0
2024-11-27 17:00:00+00:00,96322.0
2024-11-27 18:00:00+00:00,96197.0
2024-11-27 19:00:00+00:00,96709.0
2024-11-27 20:00:00+00:00,96559.0
2024-11-27 21:00:00+00:00,96333.0
2024-11-27 22:00:00+00:00,96116.0
2024-11-27 23:00:00+00:00,95909.0
2024-11-28 00:00:00+00:00,96625.0
2024-11-28 01:00:00+00:00,96343.0
2024-11-28 02:00:00+00:00,95778.0
2024-11-28 03:00:00+00:00,95545.0
2024-11-28 04:00:00+00:00,95806.0
2024-11-28 05:00:00+00:00,95501.0
2024-11-28 06:00:00+00:00,95536.0
2024-11-28 07:00:00+00:00,95374.0
2024-11-28 08:00:00+00:00,95527.0
2024-11-28 09:00:00+00:00,95030.0
2024-11-28 10:00:00+00:00,95030.0
2024-11-28 11:00:00+00:00,95524.0
2024-11-28 12:00:00+00:00,95545.0
2024-11-28 13:00:00+00:00,95772.0
2024-11-28 14:00:00+00:00,95451.0
2024-11-28 15:00:00+00:00,95071.0
2024-11-28 16:00:00+00:00,95039.0
2024-11-28 17:00:00+00:00,94956.0
2024-11-28 18:00:00+00:00,95384.0
2024-11-28 19:00:00+00:00,95205.0
2024-11-28 20:00:00+00:00,94889.0
2024-11-28 21:00:00+00:00,95213.0
2024-11-28 22:00:00+00:00,95710.0
2024-11-28 23:00:00+00:00,95703.0
2024-11-29 00:00:00+00:00,95541.0
2024-11-29 01:00:00+00:00,95988.0
2024-11-29 02:00:00+00:00,96818.0
2024-11-29 03:00:00+00:00,96659.0
2024-11-29 04:00:00+00:00,96336.0
2024-11-29 05:00:00+00:00,96224.0
2024-11-29 06:00:00+00:00,96343.0
2024-11-29 07:00:00+00:00,95703.0
2024-11-29 08:00:00+00:00,96065.0
2024-11-29 09:00:00+00:00,96449.0
2024-11-29 10:00:00+00:00,96946.0
2024-11-29 11:00:00+00:00,97328.0
2024-11-29 12:00:00+00:00,97006.0
2024-11-29 13:00:00+00:00,97290.0
2024-11-29 14:00:00+00:00,98092.0
2024-11-29 15:00:00+00:00,98084.0
2024-11-29 16:00:00+00:00,97887.0
2024-11-29 17:00:00+00:00,97030.0
2024-11-29 18:00:00+00:00,97245.0
2024-11-29 19:00:00+00:00,97408.0
2024-11-29 20:00:00+00:00,97369.0
2024-11-29 21:00:00+00:00,97448.0
2024-11-29 22:00:00+00:00,97353.0
2024-11-29 23:00:00+00:00,97527.0
2024-11-30 00:00:00+00:00,97054.0
2024-11-30 01:00:00+00:00,96520.0
2024-11-30 02:00:00+00:00,96694.0
2024-11-30 03:00:00+00:00,96726.0
2024-11-30 04:00:00+00:00,96750.0
2024-11-30 05:00:00+00:00,97163.0
2024-11-30 06:00:00+00:00,96708.0
2024-11-30 07:00:00+00:00,96866.0
2024-11-30 08:00:00+00:00,97032.0
2024-11-30 09:00:00+00:00,96852.0
2024-11-30 10:00:00+00:00,96202.0
2024-11-30 11:00:00+00:00,96335.0
2024-11-30 12:00:00+00:00,96620.0
2024-11-30 13:00:00+00:00,96467.0
2024-11-30 14:00:00+00:00,96517.0
2024-11-30 15:00:00+00:00,96705.0
2024-11-30 16:00:00+00:00,96935.0
2024-11-30 17:00:00+00:00,96846.0
2024-11-30 18:00:00+00:00,97035.0
2024-11-30 19:00:00+00:00,97062.0
2024-11-30 20:00:00+00:00,97036.0
2024-11-30 21:00:00+00:00,96852.0
2024-11-30 22:00:00+00:00,96532.0
2024-11-30 23:00:00+00:00,96484.0
2024-12-01 00:00:00+00:00,96401.0
2024-12-01 01:00:00+00:00,96170.0
2024-12-01 02:00:00+00:00,95847.0
2024-12-01 03:00:00+00:00,96403.0
2024-12-01 04:00:00+00:00,96592.0
2024-12-01 05:00:00+00:00,96406.0
2024-12-01 06:00:00+00:00,96409.0
2024-12-01 07:00:00+00:00,96540.0
2024-12-01 08:00:00+00:00,97124.0
2024-12-01 09:00:00+00:00,97108.0
2024-12-01 10:00:00+00:00,96887.0
2024-12-01 11:00:00+00:00,97178.0
2024-12-01 12:00:00+00:00,96840.0
2024-12-01 13:00:00+00:00,97141.0
2024-12-01 14:00:00+00:00,97354.0
2024-12-01 15:00:00+00:00,97095.0
2024-12-01 16:00:00+00:00,97270.0
2024-12-01 17:00:00+00:00,97388.0
2024-12-01 18:00:00+00:00,97174.0
2024-12-01 19:00:00+00:00,97225.0
2024-12-01 20:00:00+00:00,97158.0
2024-12-01 21:00:00+00:00,97845.0
2024-12-01 22:00:00+00:00,97644.0
2024-12-01 23:00:00+00:00,97266.0
2024-12-02 00:00:00+00:00,97533.0
2024-12-02 01:00:00+00:00,98078.0
2024-12-02 02:00:00+00:00,97734.0
2024-12-02 03:00:00+00:00,96538.0
2024-12-02 04:00:00+00:00,96762.0
2024-12-02 05:00:00+00:00,96422.0
2024-12-02 06:00:00+00:00,96338.0
2024-12-02 07:00:00+00:00,96040.0
2024-12-02 08:00:00+00:00,95098.0
2024-12-02 09:00:00+00:00,95550.0
2024-12-02 10:00:00+00:00,95011.0
2024-12-02 11:00:00+00:00,95178.0
2024-12-02 12:00:00+00:00,95022.0
2024-12-02 13:00:00+00:00,95738.0
2024-12-02 14:00:00+00:00,96386.0
2024-12-02 15:00:00+00:00,97128.0
2024-12-02 16:00:00+00:00,96224.0
2024-12-02 17:00:00+00:00,94662.0
2024-12-02 18:00:00+00:00,95688.0
2024-12-02 19:00:00+00:00,95870.0
2024-12-02 20:00:00+00:00,95721.0
2024-12-02 21:00:00+00:00,95457.0
2024-12-02 22:00:00+00:00,95433.0
2024-12-02 23:00:00+00:00,95887.0
2024-12-03 00:00:00+00:00,95874.0
2024-12-03 01:00:00+00:00,95588.0
2024-12-03 02:00:00+00:00,96121.0
2024-12-03 03:00:00+00:00,96145.0
2024-12-03 04:00:00+00:00,95995.0
2024-12-03 05:00:00+00:00,96215.0
2024-12-03 06:00:00+00:00,95717.0
2024-12-03 07:00:00+00:00,95600.0
2024-12-03 08:00:00+00:00,95593.0
2024-12-03 09:00:00+00:00,95327.0
2024-12-03 10:00:00+00:00,94764.0
2024-12-03 11:00:00+00:00,95055.0
2024-12-03 12:00:00+00:00,94875.0
2024-12-03 13:00:00+00:00,93768.0
2024-12-03 14:00:00+00:00,95283.0
2024-12-03 15:00:00+00:00,95746.0
2024-12-03 16:00:00+00:00,95170.0
2024-12-03 17:00:00+00:00,95915.0
2024-12-03 18:00:00+00:00,95546.0
2024-12-03 19:00:00+00:00,95513.0
2024-12-03 20:00:00+00:00,95664.0
2024-12-03 21:00:00+00:00,96079.0
2024-12-03 22:00:00+00:00,96204.0
2024-12-03 23:00:00+00:00,95920.0
2024-12-04 00:00:00+00:00,95821.0
2024-12-04 01:00:00+00:00,96304.0
2024-12-04 02:00:00+00:00,95866.0
2024-12-04 03:00:00+00:00,95871.0
2024-12-04 04:00:00+00:00,96087.0
2024-12-04 05:00:00+00:00,96570.0
2024-12-04 06:00:00+00:00,96638.0
2024-12-04 07:00:00+00:00,96683.0
2024-12-04 08:00:00+00:00,96789.0
2024-12-04 09:00:00+00:00,96926.0
2024-12-04 10:00:00+00:00,96622.0
2024-12-04 11:00:00+00:00,96284.0
2024-12-04 12:00:00+00:00,96040.0
2024-12-04 13:00:00+00:00,95747.0
2024-12-04 14:00:00+00:00,95912.0
2024-12-04 15:00:00+00:00,95820.0
2024-12-04 16:00:00+00:00,94873.0
2024-12-04 17:00:00+00:00,95610.0
2024-12-04 18:00:00+00:00,96172.0
2024-12-04 19:00:00+00:00,97286.0
2024-12-04 20:00:00+00:00,98796.0
2024-12-04 21:00:00+00:00,97779.0
2024-12-04 22:00:00+00:00,98224.0
2024-12-04 23:00:00+00:00,98672.0
2024-12-05 00:00:00+00:00,98388.0
2024-12-05 01:00:00+00:00,98258.0
2024-12-05 02:00:00+00:00,101568.0
2024-12-05 03:00:00+00:00,103141.0
2024-12-05 04:00:00+00:00,103498.0
2024-12-05 05:00:00+00:00,102637.0
2024-12-05 06:00:00+00:00,102005.0
2024-12-05 07:00:00+00:00,102340.0
2024-12-05 08:00:00+00:00,102895.0
2024-12-05 09:00:00+00:00,102839.0
2024-12-05 10:00:00+00:00,102413.0
2024-12-05 11:00:00+00:00,102699.0
2024-12-05 12:00:00+00:00,102968.0
2024-12-05 13:00:00+00:00,102892.0
2024-12-05 14:00:00+00:00,103628.0
2024-12-05 15:00:00+00:00,101383.0
2024-12-05 16:00:00+00:00,101168.0
2024-12-05 17:00:00+00:00,101414.0
2024-12-05 18:00:00+00:00,100292.0
2024-12-05 19:00:00+00:00,99130.0
2024-12-05 20:00:00+00:00,99135.0
2024-12-05 21:00:00+00:00,98963.0
2024-12-05 22:00:00+00:00,96572.0
2024-12-05 23:00:00+00:00,96978.0
2024-12-06 00:00:00+00:00,97604.0
2024-12-06 01:00:00+00:00,98179.0
2024-12-06 02:00:00+00:00,97642.0
2024-12-06 03:00:00+00:00,97802.0
2024-12-06 04:00:00+00:00,97946.0
2024-12-06 05:00:00+00:00,97923.0
2024-12-06 06:00:00+00:00,98131.0
2024-12-06 07:00:00+00:00,98194.0
2024-12-06 08:00:00+00:00,98392.0
2024-12-06 09:00:00+00:00,98030.0
2024-12-06 10:00:00+00:00,98165.0
2024-12-06 11:00:00+00:00,98102.0
2024-12-06 12:00:00+00:00,97652.0
2024-12-06 13:00:00+00:00,98637.0
2024-12-06 14:00:00+00:00,99525.0
2024-12-06 15:00:00+00:00,99337.0
2024-12-06 16:00:00+00:00,99043.0
2024-12-06 17:00:00+00:00,100862.0
2024-12-06 18:00:00+00:00,101420.0
2024-12-06 19:00:00+00:00,101517.0
2024-12-06 20:00:00+00:00,101451.0
2024-12-06 21:00:00+00:00,100438.0
2024-12-06 22:00:00+00:00,100567.0
2024-12-06 23:00:00+00:00,99790.0
2024-12-07 00:00:00+00:00,100334.0
2024-12-07 01:00:00+00:00,100108.0
2024-12-07 02:00:00+00:00,99984.0
2024-12-07 03:00:00+00:00,99360.0
2024-12-07 04:00:00+00:00,99563.0
2024-12-07 05:00:00+00:00,99208.0
2024-12-07 06:00:00+00:00,99392.0
2024-12-07 07:00:00+00:00,99455.0
2024-12-07 08:00:00+00:00,99464.0
2024-12-07 09:00:00+00:00,99713.0
2024-12-07 10:00:00+00:00,99562.0
2024-12-07 11:00:00+00:00,99655.0
2024-12-07 12:00:00+00:00,99459.0
2024-12-07 13:00:00+00:00,99393.0
2024-12-07 14:00:00+00:00,99503.0
2024-12-07 15:00:00+00:00,99808.0
2024-12-07 16:00:00+00:00,99696.0
2024-12-07 17:00:00+00:00,99705.0
2024-12-07 18:00:00+00:00,100190.0
2024-12-07 19:00:00+00:00,100145.0
2024-12-07 20:00:00+00:00,100389.0
2024-12-07 21:00:00+00:00,99948.0
2024-12-07 22:00:00+00:00,99669.0
2024-12-07 23:00:00+00:00,99913.0
2024-12-08 00:00:00+00:00,100065.0
2024-12-08 01:00:00+00:00,99929.0
2024-12-08 02:00:00+00:00,100228.0
2024-12-08 03:00:00+00:00,100001.0
2024-12-08 04:00:00+00:00,99816.0
2024-12-08 05:00:00+00:00,99601.0
2024-12-08 06:00:00+00:00,99750.0
2024-12-08 07:00:00+00:00,99756.0
2024-12-08 08:00:00+00:00,99048.0
2024-12-08 09:00:00+00:00,98968.0
2024-12-08 10:00:00+00:00,99311.0
2024-12-08 11:00:00+00:00,99785.0
2024-12-08 12:00:00+00:00,99995.0
2024-12-08 13:00:00+00:00,100478.0
2024-12-08 14:00:00+00:00,99827.0
2024-12-08 15:00:00+00:00,99987.0
2024-12-08 16:00:00+00:00,99901.0
2024-12-08 17:00:00+00:00,100012.0
2024-12-08 18:00:00+00:00,99716.0
2024-12-08 19:00:00+00:00,100172.0
2024-12-08 20:00:00+00:00,99847.0
2024-12-08 21:00:00+00:00,100096.0
2024-12-08 22:00:00+00:00,100293.0
2024-12-08 23:00:00+00:00,101187.0
2024-12-09 00:00:00+00:00,99716.0
2024-12-09 01:00:00+00:00,99580.0
2024-12-09 02:00:00+00:00,99247.0
2024-12-09 03:00:00+00:00,99155.0
2024-12-09 04:00:00+00:00,99493.0
2024-12-09 05:00:00+00:00,99493.0
2024-12-09 06:00:00+00:00,99088.0
2024-12-09 07:00:00+00:00,99650.0
2024-12-09 08:00:00+00:00,98972.0
2024-12-09 09:00:00+00:00,98451.0
2024-12-09 10:00:00+00:00,98772.0
2024-12-09 11:00:00+00:00,98138.0
2024-12-09 12:00:00+00:00,98657.0
2024-12-09 13:00:00+00:00,99070.0
2024-12-09 14:00:00+00:00,100225.0
2024-12-09 15:00:00+00:00,97848.0
2024-12-09 16:00:00+00:00,97871.0
2024-12-09 17:00:00+00:00,97399.0
2024-12-09 18:00:00+00:00,97827.0
2024-12-09 19:00:00+00:00,97118.0
2024-12-09 20:00:00+00:00,96300.0
2024-12-09 21:00:00+00:00,96959.0
2024-12-09 22:00:00+00:00,97036.0
2024-12-09 23:00:00+00:00,97329.0
2024-12-10 00:00:00+00:00,97896.0
2024-12-10 01:00:00+00:00,97961.0
2024-12-10 02:00:00+00:00,96690.0
2024-12-10 03:00:00+00:00,96947.0
2024-12-10 04:00:00+00:00,97069.0
2024-12-10 05:00:00+00:00,96969.0
2024-12-10 06:00:00+00:00,97470.0
2024-12-10 07:00:00+00:00,97214.0
2024-12-10 08:00:00+00:00,97396.0
2024-12-10 09:00:00+00:00,97523.0
2024-12-10 10:00:00+00:00,97723.0
2024-12-10 11:00:00+00:00,97760.0
2024-12-10 12:00:00+00:00,97190.0
2024-12-10 13:00:00+00:00,97760.0
2024-12-10 14:00:00+00:00,97838.0
2024-12-10 15:00:00+00:00,95651.0
2024-12-10 16:00:00+00:00,96306.0
2024-12-10 17:00:00+00:00,94442.0
2024-12-10 18:00:00+00:00,95087.0
2024-12-10 19:00:00+00:00,95818.0
2024-12-10 20:00:00+00:00,96379.0
2024-12-10 21:00:00+00:00,96830.0
2024-12-10 22:00:00+00:00,96799.0
2024-12-10 23:00:00+00:00,96553.0
2024-12-11 00:00:00+00:00,96368.0
2024-12-11 01:00:00+00:00,95716.0
2024-12-11 02:00:00+00:00,97172.0
2024-12-11 03:00:00+00:00,97364.0
2024-12-11 04:00:00+00:00,97520.0
2024-12-11 05:00:00+00:00,97468.0
2024-12-11 06:00:00+00:00,97660.0
2024-12-11 07:00:00+00:00,97301.0
2024-12-11 08:00:00+00:00,98106.0
2024-12-11 09:00:00+00:00,97988.0
2024-12-11 10:00:00+00:00,98210.0
2024-12-11 11:00:00+00:00,98298.0
2024-12-11 12:00:00+00:00,98221.0
2024-12-11 13:00:00+00:00,98730.0
2024-12-11 14:00:00+00:00,99525.0
2024-12-11 15:00:00+00:00,100373.0
2024-12-11 16:00:00+00:00,100588.0
2024-12-11 17:00:00+00:00,99771.0
2024-12-11 18:00:00+00:00,100365.0
2024-12-11 19:00:00+00:00,101131.0
2024-12-11 20:00:00+00:00,101260.0
2024-12-11 21:00:00+00:00,101512.0
2024-12-11 22:00:00+00:00,101197.0
2024-12-11 23:00:00+00:00,101129.0
2024-12-12 00:00:00+00:00,100768.0
2024-12-12 01:00:00+00:00,100522.0
2024-12-12 02:00:00+00:00,101856.0
2024-12-12 03:00:00+00:00,101074.0
2024-12-12 04:00:00+00:00,100719.0
2024-12-12 05:00:00+00:00,100651.0
2024-12-12 06:00:00+00:00,100608.0
2024-12-12 07:00:00+00:00,100518.0
2024-12-12 08:00:00+00:00,101001.0
2024-12-12 09:00:00+00:00,100824.0
2024-12-12 10:00:00+00:00,100608.0
2024-12-12 11:00:00+00:00,100390.0
2024-12-12 12:00:00+00:00,100847.0
2024-12-12 13:00:00+00:00,100931.0
2024-12-12 14:00:00+00:00,101728.0
2024-12-12 15:00:00+00:00,101833.0
2024-12-12 16:00:00+00:00,101500.0
2024-12-12 17:00:00+00:00,101654.0
2024-12-12 18:00:00+00:00,100881.0
2024-12-12 19:00:00+00:00,99467.0
2024-12-12 20:00:00+00:00,99996.0
2024-12-12 21:00:00+00:00,99716.0
2024-12-12 22:00:00+00:00,100429.0
2024-12-12 23:00:00+00:00,99983.0
2024-12-13 00:00:00+00:00,100054.0
2024-12-13 01:00:00+00:00,99311.0
2024-12-13 02:00:00+00:00,99470.0
2024-12-13 03:00:00+00:00,99721.0
2024-12-13 04:00:00+00:00,99994.0
2024-12-13 05:00:00+00:00,99866.0
2024-12-13 06:00:00+00:00,99656.0
2024-12-13 07:00:00+00:00,100114.0
2024-12-13 08:00:00+00:00,100266.0
2024-12-13 09:00:00+00:00,100095.0
2024-12-13 10:00:00+00:00,100472.0
2024-12-13 11:00:00+00:00,100358.0
2024-12-13 12:00:00+00:00,100305.0
2024-12-13 13:00:00+00:00,100297.0
2024-12-13 14:00:00+00:00,101036.0
2024-12-13 15:00:00+00:00,99820.0
2024-12-13 16:00:00+00:00,100971.0
2024-12-13 17:00:00+00:00,101736.0
2024-12-13 18:00:00+00:00,101477.0
2024-12-13 19:00:00+00:00,101446.0
2024-12-13 20:00:00+00:00,101650.0
2024-12-13 21:00:00+00:00,101283.0
2024-12-13 22:00:00+00:00,101219.0
2024-12-13 23:00:00+00:00,101416.0
2024-12-14 00:00:00+00:00,101297.0
2024-12-14 01:00:00+00:00,102174.0
2024-12-14 02:00:00+00:00,102050.0
2024-12-14 03:00:00+00:00,102091.0
2024-12-14 04:00:00+00:00,101690.0
2024-12-14 05:00:00+00:00,101745.0
2024-12-14 06:00:00+00:00,101922.0
2024-12-14 07:00:00+00:00,101843.0
2024-12-14 08:00:00+00:00,101826.0
2024-12-14 09:00:00+00:00,101574.0
2024-12-14 10:00:00+00:00,101564.0
2024-12-14 11:00:00+00:00,101598.0
2024-12-14 12:00:00+00:00,101309.0
2024-12-14 13:00:00+00:00,101178.0
2024-12-14 14:00:00+00:00,101436.0
2024-12-14 15:00:00+00:00,101634.0
2024-12-14 16:00:00+00:00,101656.0
2024-12-14 17:00:00+00:00,100974.0
2024-12-14 18:00:00+00:00,100896.0
2024-12-14 19:00:00+00:00,101340.0
2024-12-14 20:00:00+00:00,100750.0
2024-12-14 21:00:00+00:00,101078.0
2024-12-14 22:00:00+00:00,101128.0
2024-12-14 23:00:00+00:00,101420.0
2024-12-15 00:00:00+00:00,101460.0
2024-12-15 01:00:00+00:00,102129.0
2024-12-15 02:00:00+00:00,101839.0
2024-12-15 03:00:00+00:00,101739.0
2024-12-15 04:00:00+00:00,102365.0
2024-12-15 05:00:00+00:00,102148.0
2024-12-15 06:00:00+00:00,101753.0
2024-12-15 07:00:00+00:00,101722.0
2024-12-15 08:00:00+00:00,102014.0
2024-12-15 09:00:00+00:00,102262.0
2024-12-15 10:00:00+00:00,102269.0
2024-12-15 11:00:00+00:00,102661.0
2024-12-15 12:00:00+00:00,102960.0
2024-12-15 13:00:00+00:00,102790.0
2024-12-15 14:00:00+00:00,103018.0
2024-12-15 15:00:00+00:00,102702.0
2024-12-15 16:00:00+00:00,103119.0
2024-12-15 17:00:00+00:00,103157.0
2024-12-15 18:00:00+00:00,103207.0
2024-12-15 19:00:00+00:00,103264.0
2024-12-15 20:00:00+00:00,103150.0
2024-12-15 21:00:00+00:00,102847.0
2024-12-15 22:00:00+00:00,103248.0
2024-12-15 23:00:00+00:00,104516.0
2024-12-16 00:00:00+00:00,105492.0
2024-12-16 01:00:00+00:00,105567.0
2024-12-16 02:00:00+00:00,104601.0
2024-12-16 03:00:00+00:00,104580.0
2024-12-16 04:00:00+00:00,104676.0
2024-12-16 05:00:00+00:00,105030.0
2024-12-16 06:00:00+00:00,105180.0
2024-12-16 07:00:00+00:00,105007.0
2024-12-16 08:00:00+00:00,104562.0
2024-12-16 09:00:00+00:00,104696.0
2024-12-16 10:00:00+00:00,104699.0
2024-12-16 11:00:00+00:00,103777.0
2024-12-16 12:00:00+00:00,103670.0
2024-12-16 13:00:00+00:00,103912.0
2024-12-16 14:00:00+00:00,105533.0
2024-12-16 15:00:00+00:00,106353.0
2024-12-16 16:00:00+00:00,106855.0
2024-12-16 17:00:00+00:00,107093.0
2024-12-16 18:00:00+00:00,107120.0
2024-12-16 19:00:00+00:00,106615.0
2024-12-16 20:00:00+00:00,105811.0
2024-12-16 21:00:00+00:00,106077.0
2024-12-16 22:00:00+00:00,105832.0
2024-12-16 23:00:00+00:00,106095.0
2024-12-17 00:00:00+00:00,105860.0
2024-12-17 01:00:00+00:00,106377.0
2024-12-17 02:00:00+00:00,106267.0
2024-12-17 03:00:00+00:00,106879.0
2024-12-17 04:00:00+00:00,106508.0
2024-12-17 05:00:00+00:00,106840.0
2024-12-17 06:00:00+00:00,106552.0
2024-12-17 07:00:00+00:00,106834.0
2024-12-17 08:00:00+00:00,107426.0
2024-12-17 09:00:00+00:00,107326.0
2024-12-17 10:00:00+00:00,107236.0
2024-12-17 11:00:00+00:00,106816.0
2024-12-17 12:00:00+00:00,107135.0
2024-12-17 13:00:00+00:00,107315.0
2024-12-17 14:00:00+00:00,108277.0
2024-12-17 15:00:00+00:00,106455.0
2024-12-17 16:00:00+00:00,107080.0
2024-12-17 17:00:00+00:00,107507.0
2024-12-17 18:00:00+00:00,106562.0
2024-12-17 19:00:00+00:00,106495.0
2024-12-17 20:00:00+00:00,106730.0
2024-12-17 21:00:00+00:00,106390.0
2024-12-17 22:00:00+00:00,105931.0
2024-12-17 23:00:00+00:00,106085.0
2024-12-18 00:00:00+00:00,106065.0
2024-12-18 01:00:00+00:00,105285.0
2024-12-18 02:00:00+00:00,105271.0
2024-12-18 03:00:00+00:00,104724.0
2024-12-18 04:00:00+00:00,103833.0
2024-12-18 05:00:00+00:00,103524.0
2024-12-18 06:00:00+00:00,103751.0
2024-12-18 07:00:00+00:00,104218.0
2024-12-18 08:00:00+00:00,103782.0
2024-12-18 09:00:00+00:00,104016.0
2024-12-18 10:00:00+00:00,104516.0
2024-12-18 11:00:00+00:00,104972.0
2024-12-18 12:00:00+00:00,104865.0
2024-12-18 13:00:00+00:00,104530.0
2024-12-18 14:00:00+00:00,103977.0
2024-12-18 15:00:00+00:00,104387.0
2024-12-18 16:00:00+00:00,104166.0
2024-12-18 17:00:00+00:00,104624.0
2024-12-18 18:00:00+00:00,104783.0
2024-12-18 19:00:00+00:00,102777.0
2024-12-18 20:00:00+00:00,100776.0
2024-12-18 21:00:00+00:00,100963.0
2024-12-18 22:00:00+00:00,101108.0
2024-12-18 23:00:00+00:00,100149.0
2024-12-19 00:00:00+00:00,100777.0
2024-12-19 01:00:00+00:00,99718.0
2024-12-19 02:00:00+00:00,100472.0
2024-12-19 03:00:00+00:00,101142.0
2024-12-19 04:00:00+00:00,100600.0
2024-12-19 05:00:00+00:00,101244.0
2024-12-19 06:00:00+00:00,101130.0
2024-12-19 07:00:00+00:00,101595.0
2024-12-19 08:00:00+00:00,101581.0
2024-12-19 09:00:00+00:00,101768.0
2024-12-19 10:00:00+00:00,102358.0
2024-12-19 11:00:00+00:00,102418.0
2024-12-19 12:00:00+00:00,101960.0
2024-12-19 13:00:00+00:00,101910.0
2024-12-19 14:00:00+00:00,100903.0
2024-12-19 15:00:00+00:00,100612.0
2024-12-19 16:00:00+00:00,100659.0
2024-12-19 17:00:00+00:00,98782.0
2024-12-19 18:00:00+00:00,98868.0
2024-12-19 19:00:00+00:00,97155.0
2024-12-19 20:00:00+00:00,96380.0
2024-12-19 21:00:00+00:00,97352.0
2024-12-19 22:00:00+00:00,98304.0
2024-12-19 23:00:00+00:00,97400.0
2024-12-20 00:00:00+00:00,97189.0
2024-12-20 01:00:00+00:00,96272.0
2024-12-20 02:00:00+00:00,97584.0
2024-12-20 03:00:00+00:00,97056.0
2024-12-20 04:00:00+00:00,97250.0
2024-12-20 05:00:00+00:00,96695.0
2024-12-20 06:00:00+00:00,97246.0
2024-12-20 07:00:00+00:00,97784.0
2024-12-20 08:00:00+00:00,95410.0
2024-12-20 09:00:00+00:00,94752.0
2024-12-20 10:00:00+00:00,94326.0
2024-12-20 11:00:00+00:00,92682.0
2024-12-20 12:00:00+00:00,93896.0
2024-12-20 13:00:00+00:00,95175.0
2024-12-20 14:00:00+00:00,95587.0
2024-12-20 15:00:00+00:00,96942.0
2024-12-20 16:00:00+00:00,96688.0
2024-12-20 17:00:00+00:00,97160.0
2024-12-20 18:00:00+00:00,96941.0
2024-12-20 19:00:00+00:00,97064.0
2024-12-20 20:00:00+00:00,96401.0
2024-12-20 21:00:00+00:00,96573.0
2024-12-20 22:00:00+00:00,97403.0
2024-12-20 23:00:00+00:00,97758.0
2024-12-21 00:00:00+00:00,97468.0
2024-12-21 01:00:00+00:00,97297.0
2024-12-21 02:00:00+00:00,97335.0
2024-12-21 03:00:00+00:00,97441.0
2024-12-21 04:00:00+00:00,97518.0
2024-12-21 05:00:00+00:00,98634.0
2024-12-21 06:00:00+00:00,98681.0
2024-12-21 07:00:00+00:00,98984.0
2024-12-21 08:00:00+00:00,98603.0
2024-12-21 09:00:00+00:00,98513.0
2024-12-21 10:00:00+00:00,98076.0
2024-12-21 11:00:00+00:00,98208.0
2024-12-21 12:00:00+00:00,97091.0
2024-12-21 13:00:00+00:00,97274.0
2024-12-21 14:00:00+00:00,97043.0
2024-12-21 15:00:00+00:00,97465.0
2024-12-21 16:00:00+00:00,97240.0
2024-12-21 17:00:00+00:00,97546.0
2024-12-21 18:00:00+00:00,97359.0
2024-12-21 19:00:00+00:00,97228.0
2024-12-21 20:00:00+00:00,97408.0
2024-12-21 21:00:00+00:00,96842.0
2024-12-21 22:00:00+00:00,97092.0
2024-12-21 23:00:00+00:00,97250.0
2024-12-22 00:00:00+00:00,97203.0
2024-12-22 01:00:00+00:00,97000.0
2024-12-22 02:00:00+00:00,96675.0
2024-12-22 03:00:00+00:00,96940.0
2024-12-22 04:00:00+00:00,96041.0
2024-12-22 05:00:00+00:00,96116.0
2024-12-22 06:00:00+00:00,96699.0
2024-12-22 07:00:00+00:00,96172.0
2024-12-22 08:00:00+00:00,96476.0
2024-12-22 09:00:00+00:00,96883.0
2024-12-22 10:00:00+00:00,96961.0
2024-12-22 11:00:00+00:00,97048.0
2024-12-22 12:00:00+00:00,96936.0
2024-12-22 13:00:00+00:00,96940.0
2024-12-22 14:00:00+00:00,95327.0
2024-12-22 15:00:00+00:00,95321.0
2024-12-22 16:00:00+00:00,95664.0
2024-12-22 17:00:00+00:00,95562.0
2024-12-22 18:00:00+00:00,95913.0
2024-12-22 19:00:00+00:00,94772.0
2024-12-22 20:00:00+00:00,95548.0
2024-12-22 21:00:00+00:00,95166.0
2024-12-22 22:00:00+00:00,95501.0
2024-12-22 23:00:00+00:00,95145.0
2024-12-23 00:00:00+00:00,94355.0
2024-12-23 01:00:00+00:00,94424.0
2024-12-23 02:00:00+00:00,94675.0
2024-12-23 03:00:00+00:00,95970.0
2024-12-23 04:00:00+00:00,95792.0
2024-12-23 05:00:00+00:00,95571.0
2024-12-23 06:00:00+00:00,94775.0
2024-12-23 07:00:00+00:00,95354.0
2024-12-23 08:00:00+00:00,95445.0
2024-12-23 09:00:00+00:00,95968.0
2024-12-23 10:00:00+00:00,96342.0
2024-12-23 11:00:00+00:00,95892.0
2024-12-23 12:00:00+00:00,96260.0
2024-12-23 13:00:00+00:00,94883.0
2024-12-23 14:00:00+00:00,94350.0
2024-12-23 15:00:00+00:00,93203.0
2024-12-23 16:00:00+00:00,93927.0
2024-12-23 17:00:00+00:00,93334.0
2024-12-23 18:00:00+00:00,92712.0
2024-12-23 19:00:00+00:00,93001.0
2024-12-23 20:00:00+00:00,93158.0
2024-12-23 21:00:00+00:00,93919.0
2024-12-23 22:00:00+00:00,95155.0
2024-12-23 23:00:00+00:00,94837.0
2024-12-24 00:00:00+00:00,94507.0
2024-12-24 01:00:00+00:00,94087.0
2024-12-24 02:00:00+00:00,93905.0
2024-12-24 03:00:00+00:00,94310.0
2024-12-24 04:00:00+00:00,94383.0
2024-12-24 05:00:00+00:00,94558.0
2024-12-24 06:00:00+00:00,93874.0
2024-12-24 07:00:00+00:00,94190.0
2024-12-24 08:00:00+00:00,94445.0
2024-12-24 09:00:00+00:00,94020.0
2024-12-24 10:00:00+00:00,93932.0
2024-12-24 11:00:00+00:00,94357.0
2024-12-24 12:00:00+00:00,94273.0
2024-12-24 13:00:00+00:00,96041.0
2024-12-24 14:00:00+00:00,97418.0
2024-12-24 15:00:00+00:00,98256.0
2024-12-24 16:00:00+00:00,98424.0
2024-12-24 17:00:00+00:00,98736.0
2024-12-24 18:00:00+00:00,98560.0
2024-12-24 19:00:00+00:00,97540.0
2024-12-24 20:00:00+00:00,97286.0
2024-12-24 21:00:00+00:00,98361.0
2024-12-24 22:00:00+00:00,98735.0
2024-12-24 23:00:00+00:00,98629.0
2024-12-25 00:00:00+00:00,98395.0
2024-12-25 01:00:00+00:00,97965.0
2024-12-25 02:00:00+00:00,98101.0
2024-12-25 03:00:00+00:00,98001.0
2024-12-25 04:00:00+00:00,98207.0
2024-12-25 05:00:00+00:00,98248.0
2024-12-25 06:00:00+00:00,97863.0
2024-12-25 07:00:00+00:00,98054.0
2024-12-25 08:00:00+00:00,98048.0
2024-12-25 09:00:00+00:00,98153.0
2024-12-25 10:00:00+00:00,98418.0
2024-12-25 11:00:00+00:00,97890.0
2024-12-25 12:00:00+00:00,98144.0
2024-12-25 13:00:00+00:00,98435.0
2024-12-25 14:00:00+00:00,98691.0
2024-12-25 15:00:00+00:00,98495.0
2024-12-25 16:00:00+00:00,98401.0
2024-12-25 17:00:00+00:00,98545.0
2024-12-25 18:00:00+00:00,98731.0
2024-12-25 19:00:00+00:00,99002.0
2024-12-25 20:00:00+00:00,99127.0
2024-12-25 21:00:00+00:00,98477.0
2024-12-25 22:00:00+00:00,98782.0
2024-12-25 23:00:00+00:00,99406.0
2024-12-26 00:00:00+00:00,98998.0
2024-12-26 01:00:00+00:00,99019.0
2024-12-26 02:00:00+00:00,98693.0
2024-12-26 03:00:00+00:00,98951.0
2024-12-26 04:00:00+00:00,98251.0
2024-12-26 05:00:00+00:00,98327.0
2024-12-26 06:00:00+00:00,98078.0
2024-12-26 07:00:00+00:00,97676.0
2024-12-26 08:00:00+00:00,95817.0
2024-12-26 09:00:00+00:00,95391.0
2024-12-26 10:00:00+00:00,95460.0
2024-12-26 11:00:00+00:00,95659.0
2024-12-26 12:00:00+00:00,95632.0
2024-12-26 13:00:00+00:00,95657.0
2024-12-26 14:00:00+00:00,95410.0
2024-12-26 15:00:00+00:00,95984.0
2024-12-26 16:00:00+00:00,96464.0
2024-12-26 17:00:00+00:00,95760.0
2024-12-26 18:00:00+00:00,95684.0
2024-12-26 19:00:00+00:00,96051.0
2024-12-26 20:00:00+00:00,95547.0
2024-12-26 21:00:00+00:00,95779.0
2024-12-26 22:00:00+00:00,95786.0
2024-12-26 23:00:00+00:00,95744.0
2024-12-27 00:00:00+00:00,95744.0
2024-12-27 01:00:00+00:00,95881.0
2024-12-27 02:00:00+00:00,96026.0
2024-12-27 03:00:00+00:00,96380.0
2024-12-27 04:00:00+00:00,96250.0
2024-12-27 05:00:00+00:00,96210.0
2024-12-27 06:00:00+00:00,96551.0
2024-12-27 07:00:00+00:00,95060.0
2024-12-27 08:00:00+00:00,95687.0
2024-12-27 09:00:00+00:00,96733.0
2024-12-27 10:00:00+00:00,96543.0
2024-12-27 11:00:00+00:00,96900.0
2024-12-27 12:00:00+00:00,96650.0
2024-12-27 13:00:00+00:00,96389.0
2024-12-27 14:00:00+00:00,95640.0
2024-12-27 15:00:00+00:00,94530.0
2024-12-27 16:00:00+00:00,94111.0
2024-12-27 17:00:00+00:00,94230.0
2024-12-27 18:00:00+00:00,94499.0
2024-12-27 19:00:00+00:00,94700.0
2024-12-27 20:00:00+00:00,94551.0
2024-12-27 21:00:00+00:00,94491.0
2024-12-27 22:00:00+00:00,94375.0
2024-12-27 23:00:00+00:00,94251.0
2024-12-28 00:00:00+00:00,94350.0
2024-12-28 01:00:00+00:00,94486.0
2024-12-28 02:00:00+00:00,94270.0
2024-12-28 03:00:00+00:00,94537.0
2024-12-28 04:00:00+00:00,94468.0
2024-12-28 05:00:00+00:00,94580.0
2024-12-28 06:00:00+00:00,94413.0
2024-12-28 07:00:00+00:00,94325.0
2024-12-28 08:00:00+00:00,94437.0
2024-12-28 09:00:00+00:00,94530.0
2024-12-28 10:00:00+00:00,94580.0
2024-12-28 11:00:00+00:00,94713.0
2024-12-28 12:00:00+00:00,94555.0
2024-12-28 13:00:00+00:00,94622.0
2024-12-28 14:00:00+00:00,94536.0
2024-12-28 15:00:00+00:00,94390.0
2024-12-28 16:00:00+00:00,94831.0
2024-12-28 17:00:00+00:00,94986.0
2024-12-28 18:00:00+00:00,94796.0
2024-12-28 19:00:00+00:00,94985.0
2024-12-28 20:00:00+00:00,95042.0
2024-12-28 21:00:00+00:00,95117.0
2024-12-28 22:00:00+00:00,95278.0
2024-12-28 23:00:00+00:00,95256.0
2024-12-29 00:00:00+00:00,95115.0
2024-12-29 01:00:00+00:00,94814.0
2024-12-29 02:00:00+00:00,95112.0
2024-12-29 03:00:00+00:00,95125.0
2024-12-29 04:00:00+00:00,95089.0
2024-12-29 05:00:00+00:00,95075.0
2024-12-29 06:00:00+00:00,95130.0
2024-12-29 07:00:00+00:00,95218.0
2024-12-29 08:00:00+00:00,95076.0
2024-12-29 09:00:00+00:00,95133.0
2024-12-29 10:00:00+00:00,95119.0
2024-12-29 11:00:00+00:00,94976.0
2024-12-29 12:00:00+00:00,94860.0
2024-12-29 13:00:00+00:00,94889.0
2024-12-29 14:00:00+00:00,94578.0
2024-12-29 15:00:00+00:00,94466.0
2024-12-29 16:00:00+00:00,93842.0
2024-12-29 17:00:00+00:00,93878.0
2024-12-29 18:00:00+00:00,93593.0
2024-12-29 19:00:00+00:00,93551.0
2024-12-29 20:00:00+00:00,93793.0
2024-12-29 21:00:00+00:00,93292.0
2024-12-29 22:00:00+00:00,93090.0
2024-12-29 23:00:00+00:00,93699.0
2024-12-30 00:00:00+00:00,93528.0
2024-12-30 01:00:00+00:00,93887.0
2024-12-30 02:00:00+00:00,93867.0
2024-12-30 03:00:00+00:00,93668.0
2024-12-30 04:00:00+00:00,93227.0
2024-12-30 05:00:00+00:00,93540.0
2024-12-30 06:00:00+00:00,93855.0
2024-12-30 07:00:00+00:00,93680.0
2024-12-30 08:00:00+00:00,93805.0
2024-12-30 09:00:00+00:00,93834.0
2024-12-30 10:00:00+00:00,93750.0
2024-12-30 11:00:00+00:00,93877.0
2024-12-30 12:00:00+00:00,93708.0
2024-12-30 13:00:00+00:00,92615.0
2024-12-30 14:00:00+00:00,91826.0
2024-12-30 15:00:00+00:00,92078.0
2024-12-30 16:00:00+00:00,92065.0
2024-12-30 17:00:00+00:00,93780.0
2024-12-30 18:00:00+00:00,94557.0
2024-12-30 19:00:00+00:00,94388.0
2024-12-30 20:00:00+00:00,94307.0
2024-12-30 21:00:00+00:00,92030.0
2024-12-30 22:00:00+00:00,92746.0
2024-12-30 23:00:00+00:00,92740.0
2024-12-31 00:00:00+00:00,92399.0
2024-12-31 01:00:00+00:00,92391.0
2024-12-31 02:00:00+00:00,92413.0
2024-12-31 03:00:00+00:00,92468.0
2024-12-31 04:00:00+00:00,92419.0
2024-12-31 05:00:00+00:00,92553.0
2024-12-31 06:00:00+00:00,92778.0
2024-12-31 07:00:00+00:00,92812.0
2024-12-31 08:00:00+00:00,93871.0
2024-12-31 09:00:00+00:00,93990.0
2024-12-31 10:00:00+00:00,94063.0
2024-12-31 11:00:00+00:00,94202.0
2024-12-31 12:00:00+00:00,94511.0
2024-12-31 13:00:00+00:00,95553.0
2024-12-31 14:00:00+00:00,95658.0
2024-12-31 15:00:00+00:00,95386.0
2024-12-31 16:00:00+00:00,94835.0
2024-12-31 17:00:00+00:00,94088.0
2024-12-31 18:00:00+00:00,93851.0
2024-12-31 19:00:00+00:00,94141.0
2024-12-31 20:00:00+00:00,93538.0
2024-12-31 21:00:00+00:00,93857.0
2024-12-31 22:00:00+00:00,93461.0
2024-12-31 23:00:00+00:00,93530.0
2025-01-01 00:00:00+00:00,94344.0
2025-01-01 01:00:00+00:00,93576.0
2025-01-01 02:00:00+00:00,94057.0
2025-01-01 03:00:00+00:00,93802.0
2025-01-01 04:00:00+00:00,93524.0
2025-01-01 05:00:00+00:00,93756.0
2025-01-01 06:00:00+00:00,93721.0
2025-01-01 07:00:00+00:00,93643.0
2025-01-01 08:00:00+00:00,93375.0
2025-01-01 09:00:00+00:00,93369.0
2025-01-01 10:00:00+00:00,93298.0
2025-01-01 11:00:00+00:00,93394.0
2025-01-01 12:00:00+00:00,93773.0
2025-01-01 13:00:00+00:00,93986.0
2025-01-01 14:00:00+00:00,94135.0
2025-01-01 15:00:00+00:00,94412.0
2025-01-01 16:00:00+00:00,94061.0
2025-01-01 17:00:00+00:00,94106.0
2025-01-01 18:00:00+00:00,94300.0
2025-01-01 19:00:00+00:00,94584.0
2025-01-01 20:00:00+00:00,94752.0
2025-01-01 21:00:00+00:00,94947.0
2025-01-01 22:00:00+00:00,94762.0
2025-01-01 23:00:00+00:00,94565.0
2025-01-02 00:00:00+00:00,95105.0
2025-01-02 01:00:00+00:00,94845.0
2025-01-02 02:00:00+00:00,95217.0
2025-01-02 03:00:00+00:00,94986.0
2025-01-02 04:00:00+00:00,95686.0
2025-01-02 05:00:00+00:00,95557.0
2025-01-02 06:00:00+00:00,95548.0
2025-01-02 07:00:00+00:00,95800.0
2025-01-02 08:00:00+00:00,96115.0
2025-01-02 09:00:00+00:00,96717.0
2025-01-02 10:00:00+00:00,96687.0
2025-01-02 11:00:00+00:00,96718.0
2025-01-02 12:00:00+00:00,96825.0
2025-01-02 13:00:00+00:00,96432.0
2025-01-02 14:00:00+00:00,97239.0
2025-01-02 15:00:00+00:00,96427.0
2025-01-02 16:00:00+00:00,97196.0
2025-01-02 17:00:00+00:00,96730.0
2025-01-02 18:00:00+00:00,97289.0
2025-01-02 19:00:00+00:00,97295.0
2025-01-02 20:00:00+00:00,97249.0
2025-01-02 21:00:00+00:00,97164.0
2025-01-02 22:00:00+00:00,96851.0
2025-01-02 23:00:00+00:00,96961.0
2025-01-03 00:00:00+00:00,96797.0
2025-01-03 01:00:00+00:00,96953.0
2025-01-03 02:00:00+00:00,96940.0
2025-01-03 03:00:00+00:00,97025.0
2025-01-03 04:00:00+00:00,96778.0
2025-01-03 05:00:00+00:00,96730.0
2025-01-03 06:00:00+00:00,96513.0
2025-01-03 07:00:00+00:00,96284.0
2025-01-03 08:00:00+00:00,96093.0
2025-01-03 09:00:00+00:00,96519.0
2025-01-03 10:00:00+00:00,96454.0
2025-01-03 11:00:00+00:00,96716.0
2025-01-03 12:00:00+00:00,96630.0
2025-01-03 13:00:00+00:00,96471.0
2025-01-03 14:00:00+00:00,96978.0
2025-01-03 15:00:00+00:00,97492.0
2025-01-03 16:00:00+00:00,97829.0
2025-01-03 17:00:00+00:00,97984.0
2025-01-03 18:00:00+00:00,98496.0
2025-01-03 19:00:00+00:00,98556.0
2025-01-03 20:00:00+00:00,98253.0
2025-01-03 21:00:00+00:00,98209.0
2025-01-03 22:00:00+00:00,98261.0
2025-01-03 23:00:00+00:00,98140.0
2025-01-04 00:00:00+00:00,97911.0
2025-01-04 01:00:00+00:00,97987.0
2025-01-04 02:00:00+00:00,98263.0
2025-01-04 03:00:00+00:00,98145.0
2025-01-04 04:00:00+00:00,97969.0
2025-01-04 05:00:00+00:00,98082.0
2025-01-04 06:00:00+00:00,98092.0
2025-01-04 07:00:00+00:00,98235.0
2025-01-04 08:00:00+00:00,97878.0
2025-01-04 09:00:00+00:00,97662.0
2025-01-04 10:00:00+00:00,97746.0
2025-01-04 11:00:00+00:00,97849.0
2025-01-04 12:00:00+00:00,97843.0
2025-01-04 13:00:00+00:00,97930.0
2025-01-04 14:00:00+00:00,97995.0
2025-01-04 15:00:00+00:00,97618.0
2025-01-04 16:00:00+00:00,97677.0
2025-01-04 17:00:00+00:00,97974.0
2025-01-04 18:00:00+00:00,97926.0
2025-01-04 19:00:00+00:00,98130.0
2025-01-04 20:00:00+00:00,98572.0
2025-01-04 21:00:00+00:00,98337.0
2025-01-04 22:00:00+00:00,98368.0
2025-01-04 23:00:00+00:00,98178.0
2025-01-05 00:00:00+00:00,98176.0
2025-01-05 01:00:00+00:00,98099.0
2025-01-05 02:00:00+00:00,98210.0
2025-01-05 03:00:00+00:00,98162.0
2025-01-05 04:00:00+00:00,98333.0
2025-01-05 05:00:00+00:00,98312.0
2025-01-05 06:00:00+00:00,98420.0
2025-01-05 07:00:00+00:00,98228.0
2025-01-05 08:00:00+00:00,97815.0
2025-01-05 09:00:00+00:00,97617.0
2025-01-05 10:00:00+00:00,97690.0
2025-01-05 11:00:00+00:00,97608.0
2025-01-05 12:00:00+00:00,97720.0
2025-01-05 13:00:00+00:00,97663.0
2025-01-05 14:00:00+00:00,97810.0
2025-01-05 15:00:00+00:00,97991.0
2025-01-05 16:00:00+00:00,97997.0
2025-01-05 17:00:00+00:00,97700.0
2025-01-05 18:00:00+00:00,97872.0
2025-01-05 19:00:00+00:00,98050.0
2025-01-05 20:00:00+00:00,98238.0
2025-01-05 21:00:00+00:00,98472.0
2025-01-05 22:00:00+00:00,98657.0
2025-01-05 23:00:00+00:00,98341.0
2025-01-06 00:00:00+00:00,98184.0
2025-01-06 01:00:00+00:00,98717.0
2025-01-06 02:00:00+00:00,98780.0
2025-01-06 03:00:00+00:00,99002.0
2025-01-06 04:00:00+00:00,99430.0
2025-01-06 05:00:00+00:00,99580.0
2025-01-06 06:00:00+00:00,99469.0
2025-01-06 07:00:00+00:00,99275.0
2025-01-06 08:00:00+00:00,99018.0
2025-01-06 09:00:00+00:00,98980.0
2025-01-06 10:00:00+00:00,98743.0
2025-01-06 11:00:00+00:00,99239.0
2025-01-06 12:00:00+00:00,99120.0
2025-01-06 13:00:00+00:00,99461.0
2025-01-06 14:00:00+00:00,100693.0
2025-01-06 15:00:00+00:00,102118.0
2025-01-06 16:00:00+00:00,102133.0
2025-01-06 17:00:00+00:00,101788.0
2025-01-06 18:00:00+00:00,101703.0
2025-01-06 19:00:00+00:00,101762.0
2025-01-06 20:00:00+00:00,102057.0
2025-01-06 21:00:00+00:00,101546.0
2025-01-06 22:00:00+00:00,101957.0
2025-01-06 23:00:00+00:00,102186.0
2025-01-07 00:00:00+00:00,101997.0
2025-01-07 01:00:00+00:00,101870.0
2025-01-07 02:00:00+00:00,101624.0
2025-01-07 03:00:00+00:00,101651.0
2025-01-07 04:00:00+00:00,101616.0
2025-01-07 05:00:00+00:00,101687.0
2025-01-07 06:00:00+00:00,101760.0
2025-01-07 07:00:00+00:00,101647.0
2025-01-07 08:00:00+00:00,101872.0
2025-01-07 09:00:00+00:00,101668.0
2025-01-07 10:00:00+00:00,101359.0
2025-01-07 11:00:00+00:00,100797.0
2025-01-07 12:00:00+00:00,100720.0
2025-01-07 13:00:00+00:00,100606.0
2025-01-07 14:00:00+00:00,99939.0
2025-01-07 15:00:00+00:00,97906.0
2025-01-07 16:00:00+00:00,97696.0
2025-01-07 17:00:00+00:00,97243.0
2025-01-07 18:00:00+00:00,96721.0
2025-01-07 19:00:00+00:00,96416.0
2025-01-07 20:00:00+00:00,96495.0
2025-01-07 21:00:00+00:00,96462.0
2025-01-07 22:00:00+00:00,97128.0
2025-01-07 23:00:00+00:00,96909.0
2025-01-08 00:00:00+00:00,97209.0
2025-01-08 01:00:00+00:00,96854.0
2025-01-08 02:00:00+00:00,96809.0
2025-01-08 03:00:00+00:00,96488.0
2025-01-08 04:00:00+00:00,96232.0
2025-01-08 05:00:00+00:00,96446.0
2025-01-08 06:00:00+00:00,95240.0
2025-01-08 07:00:00+00:00,95609.0
2025-01-08 08:00:00+00:00,95895.0
2025-01-08 09:00:00+00:00,95384.0
2025-01-08 10:00:00+00:00,95912.0
2025-01-08 11:00:00+00:00,95102.0
2025-01-08 12:00:00+00:00,94843.0
2025-01-08 13:00:00+00:00,95348.0
2025-01-08 14:00:00+00:00,95251.0
2025-01-08 15:00:00+00:00,95456.0
2025-01-08 16:00:00+00:00,94755.0
2025-01-08 17:00:00+00:00,93958.0
2025-01-08 18:00:00+00:00,94196.0
2025-01-08 19:00:00+00:00,94212.0
2025-01-08 20:00:00+00:00,93948.0
2025-01-08 21:00:00+00:00,94409.0
2025-01-08 22:00:00+00:00,95248.0
2025-01-08 23:00:00+00:00,95023.0
2025-01-09 00:00:00+00:00,95111.0
2025-01-09 01:00:00+00:00,94947.0
2025-01-09 02:00:00+00:00,94733.0
2025-01-09 03:00:00+00:00,93967.0
2025-01-09 04:00:00+00:00,94371.0
2025-01-09 05:00:00+00:00,94439.0
2025-01-09 06:00:00+00:00,94053.0
2025-01-09 07:00:00+00:00,93176.0
2025-01-09 08:00:00+00:00,92980.0
2025-01-09 09:00:00+00:00,93465.0
2025-01-09 10:00:00+00:00,93416.0
2025-01-09 11:00:00+00:00,93411.0
2025-01-09 12:00:00+00:00,93369.0
2025-01-09 13:00:00+00:00,91934.0
2025-01-09 14:00:00+00:00,92816.0
2025-01-09 15:00:00+00:00,94211.0
2025-01-09 16:00:00+00:00,94219.0
2025-01-09 17:00:00+00:00,92636.0
2025-01-09 18:00:00+00:00,92977.0
2025-01-09 19:00:00+00:00,91860.0
2025-01-09 20:00:00+00:00,91867.0
2025-01-09 21:00:00+00:00,92063.0
2025-01-09 22:00:00+00:00,92420.0
2025-01-09 23:00:00+00:00,92508.0
2025-01-10 00:00:00+00:00,92725.0
2025-01-10 01:00:00+00:00,93068.0
2025-01-10 02:00:00+00:00,93325.0
2025-01-10 03:00:00+00:00,93656.0
2025-01-10 04:00:00+00:00,93800.0
2025-01-10 05:00:00+00:00,93921.0
2025-01-10 06:00:00+00:00,94198.0
2025-01-10 07:00:00+00:00,94458.0
2025-01-10 08:00:00+00:00,94624.0
2025-01-10 09:00:00+00:00,94739.0
2025-01-10 10:00:00+00:00,95159.0
2025-01-10 11:00:00+00:00,95020.0
2025-01-10 12:00:00+00:00,94990.0
2025-01-10 13:00:00+00:00,93514.0
2025-01-10 14:00:00+00:00,94084.0
2025-01-10 15:00:00+00:00,93696.0
2025-01-10 16:00:00+00:00,93621.0
2025-01-10 17:00:00+00:00,95768.0
2025-01-10 18:00:00+00:00,94809.0
2025-01-10 19:00:00+00:00,95276.0
2025-01-10 20:00:00+00:00,94621.0
2025-01-10 21:00:00+00:00,94572.0
2025-01-10 22:00:00+00:00,94729.0
2025-01-10 23:00:00+00:00,94685.0
2025-01-11 00:00:00+00:00,94561.0
2025-01-11 01:00:00+00:00,94390.0
2025-01-11 02:00:00+00:00,94373.0
2025-01-11 03:00:00+00:00,94164.0
2025-01-11 04:00:00+00:00,94025.0
2025-01-11 05:00:00+00:00,94324.0
2025-01-11 06:00:00+00:00,94168.0
2025-01-11 07:00:00+00:00,94205.0
2025-01-11 08:00:00+00:00,94036.0
2025-01-11 09:00:00+00:00,94294.0
2025-01-11 10:00:00+00:00,94450.0
2025-01-11 11:00:00+00:00,94575.0
2025-01-11 12:00:00+00:00,94510.0
2025-01-11 13:00:00+00:00,94350.0
2025-01-11 14:00:00+00:00,94571.0
2025-01-11 15:00:00+00:00,94372.0
2025-01-11 16:00:00+00:00,94418.0
2025-01-11 17:00:00+00:00,94126.0
2025-01-11 18:00:00+00:00,94233.0
2025-01-11 19:00:00+00:00,94202.0
2025-01-11 20:00:00+00:00,94572.0
2025-01-11 21:00:00+00:00,94896.0
2025-01-11 22:00:00+00:00,94555.0
2025-01-11 23:00:00+00:00,94570.0
2025-01-12 00:00:00+00:00,94412.0
2025-01-12 01:00:00+00:00,94539.0
2025-01-12 02:00:00+00:00,94586.0
2025-01-12 03:00:00+00:00,94588.0
2025-01-12 04:00:00+00:00,94541.0
2025-01-12 05:00:00+00:00,94521.0
2025-01-12 06:00:00+00:00,94329.0
2025-01-12 07:00:00+00:00,94296.0
2025-01-12 08:00:00+00:00,94140.0
2025-01-12 09:00:00+00:00,93863.0
2025-01-12 10:00:00+00:00,93974.0
2025-01-12 11:00:00+00:00,94212.0
2025-01-12 12:00:00+00:00,94300.0
2025-01-12 13:00:00+00:00,94624.0
2025-01-12 14:00:00+00:00,94780.0
2025-01-12 15:00:00+00:00,95044.0
2025-01-12 16:00:00+00:00,95023.0
2025-01-12 17:00:00+00:00,95097.0
2025-01-12 18:00:00+00:00,94962.0
2025-01-12 19:00:00+00:00,94633.0
2025-01-12 20:00:00+00:00,94658.0
2025-01-12 21:00:00+00:00,94304.0
2025-01-12 22:00:00+00:00,93930.0
2025-01-12 23:00:00+00:00,94510.0
2025-01-13 00:00:00+00:00,95286.0
2025-01-13 01:00:00+00:00,94178.0
2025-01-13 02:00:00+00:00,94170.0
2025-01-13 03:00:00+00:00,94218.0
2025-01-13 04:00:00+00:00,94464.0
2025-01-13 05:00:00+00:00,94136.0
2025-01-13 06:00:00+00:00,93601.0
2025-01-13 07:00:00+00:00,93558.0
2025-01-13 08:00:00+00:00,93000.0
2025-01-13 09:00:00+00:00,92805.0
2025-01-13 10:00:00+00:00,91595.0
2025-01-13 11:00:00+00:00,90812.0
2025-01-13 12:00:00+00:00,90697.0
2025-01-13 13:00:00+00:00,91081.0
2025-01-13 14:00:00+00:00,91785.0
2025-01-13 15:00:00+00:00,92082.0
2025-01-13 16:00:00+00:00,91303.0
2025-01-13 17:00:00+00:00,91944.0
2025-01-13 18:00:00+00:00,92038.0
2025-01-13 19:00:00+00:00,92261.0
2025-01-13 20:00:00+00:00,93546.0
2025-01-13 21:00:00+00:00,94173.0
2025-01-13 22:00:00+00:00,94371.0
2025-01-13 23:00:00+00:00,94509.0
2025-01-14 00:00:00+00:00,94463.0
2025-01-14 01:00:00+00:00,94815.0
2025-01-14 02:00:00+00:00,94878.0
2025-01-14 03:00:00+00:00,94850.0
2025-01-14 04:00:00+00:00,95105.0
2025-01-14 05:00:00+00:00,94912.0
2025-01-14 06:00:00+00:00,95015.0
2025-01-14 07:00:00+00:00,94839.0
2025-01-14 08:00:00+00:00,95472.0
2025-01-14 09:00:00+00:00,97150.0
2025-01-14 10:00:00+00:00,96656.0
2025-01-14 11:00:00+00:00,96527.0
2025-01-14 12:00:00+00:00,95970.0
2025-01-14 13:00:00+00:00,96304.0
2025-01-14 14:00:00+00:00,96258.0
2025-01-14 15:00:00+00:00,96416.0
2025-01-14 16:00:00+00:00,95710.0
2025-01-14 17:00:00+00:00,96493.0
2025-01-14 18:00:00+00:00,96734.0
2025-01-14 19:00:00+00:00,96519.0
2025-01-14 20:00:00+00:00,96462.0
2025-01-14 21:00:00+00:00,96440.0
2025-01-14 22:00:00+00:00,96641.0
2025-01-14 23:00:00+00:00,96524.0
2025-01-15 00:00:00+00:00,96852.0
2025-01-15 01:00:00+00:00,97294.0
2025-01-15 02:00:00+00:00,96774.0
2025-01-15 03:00:00+00:00,97282.0
2025-01-15 04:00:00+00:00,97150.0
2025-01-15 05:00:00+00:00,96990.0
2025-01-15 06:00:00+00:00,97066.0
2025-01-15 07:00:00+00:00,97256.0
2025-01-15 08:00:00+00:00,97159.0
2025-01-15 09:00:00+00:00,96783.0
2025-01-15 10:00:00+00:00,96900.0
2025-01-15 11:00:00+00:00,96723.0
2025-01-15 12:00:00+00:00,96902.0
2025-01-15 13:00:00+00:00,98928.0
2025-01-15 14:00:00+00:00,99401.0
2025-01-15 15:00:00+00:00,98956.0
2025-01-15 16:00:00+00:00,98970.0
2025-01-15 17:00:00+00:00,98600.0
2025-01-15 18:00:00+00:00,99420.0
2025-01-15 19:00:00+00:00,99808.0
2025-01-15 20:00:00+00:00,99505.0
2025-01-15 21:00:00+00:00,99630.0
2025-01-15 22:00:00+00:00,99681.0
2025-01-15 23:00:00+00:00,100465.0
2025-01-16 00:00:00+00:00,99840.0
2025-01-16 01:00:00+00:00,100045.0
2025-01-16 02:00:00+00:00,99600.0
2025-01-16 03:00:00+00:00,99438.0
2025-01-16 04:00:00+00:00,99587.0
2025-01-16 05:00:00+00:00,99361.0
2025-01-16 06:00:00+00:00,99762.0
2025-01-16 07:00:00+00:00,99784.0
2025-01-16 08:00:00+00:00,98924.0
2025-01-16 09:00:00+00:00,99126.0
2025-01-16 10:00:00+00:00,99170.0
2025-01-16 11:00:00+00:00,99126.0
2025-01-16 12:00:00+00:00,99355.0
2025-01-16 13:00:00+00:00,99050.0
2025-01-16 14:00:00+00:00,97579.0
2025-01-16 15:00:00+00:00,99256.0
2025-01-16 16:00:00+00:00,99309.0
2025-01-16 17:00:00+00:00,99799.0
2025-01-16 18:00:00+00:00,99533.0
2025-01-16 19:00:00+00:00,100374.0
2025-01-16 20:00:00+00:00,100299.0
2025-01-16 21:00:00+00:00,100106.0
2025-01-16 22:00:00+00:00,99776.0
2025-01-16 23:00:00+00:00,99946.0
2025-01-17 00:00:00+00:00,100100.0
2025-01-17 01:00:00+00:00,101645.0
2025-01-17 02:00:00+00:00,101069.0
2025-01-17 03:00:00+00:00,101017.0
2025-01-17 04:00:00+00:00,101439.0
2025-01-17 05:00:00+00:00,101319.0
2025-01-17 06:00:00+00:00,101384.0
2025-01-17 07:00:00+00:00,101411.0
2025-01-17 08:00:00+00:00,102100.0
2025-01-17 09:00:00+00:00,101834.0
2025-01-17 10:00:00+00:00,102316.0
2025-01-17 11:00:00+00:00,102206.0
2025-01-17 12:00:00+00:00,102728.0
2025-01-17 13:00:00+00:00,102444.0
2025-01-17 14:00:00+00:00,103358.0
2025-01-17 15:00:00+00:00,103989.0
2025-01-17 16:00:00+00:00,104951.0
2025-01-17 17:00:00+00:00,104107.0
2025-01-17 18:00:00+00:00,104801.0
2025-01-17 19:00:00+00:00,105789.0
2025-01-17 20:00:00+00:00,104643.0
2025-01-17 21:00:00+00:00,104560.0
2025-01-17 22:00:00+00:00,104366.0
2025-01-17 23:00:00+00:00,104049.0
2025-01-18 00:00:00+00:00,104611.0
2025-01-18 01:00:00+00:00,104224.0
2025-01-18 02:00:00+00:00,104286.0
2025-01-18 03:00:00+00:00,103530.0
2025-01-18 04:00:00+00:00,103564.0
2025-01-18 05:00:00+00:00,102788.0
2025-01-18 06:00:00+00:00,103409.0
2025-01-18 07:00:00+00:00,102774.0
2025-01-18 08:00:00+00:00,103229.0
2025-01-18 09:00:00+00:00,103128.0
2025-01-18 10:00:00+00:00,103145.0
2025-01-18 11:00:00+00:00,103539.0
2025-01-18 12:00:00+00:00,103413.0
2025-01-18 13:00:00+00:00,104315.0
2025-01-18 14:00:00+00:00,103933.0
2025-01-18 15:00:00+00:00,104522.0
2025-01-18 16:00:00+00:00,103198.0
2025-01-18 17:00:00+00:00,103770.0
2025-01-18 18:00:00+00:00,104052.0
2025-01-18 19:00:00+00:00,104366.0
2025-01-18 20:00:00+00:00,103996.0
2025-01-18 21:00:00+00:00,103848.0
2025-01-18 22:00:00+00:00,104263.0
2025-01-18 23:00:00+00:00,104520.0
2025-01-19 00:00:00+00:00,104080.0
2025-01-19 01:00:00+00:00,104453.0
2025-01-19 02:00:00+00:00,104835.0
2025-01-19 03:00:00+00:00,104956.0
2025-01-19 04:00:00+00:00,105004.0
2025-01-19 05:00:00+00:00,105100.0
2025-01-19 06:00:00+00:00,105540.0
2025-01-19 07:00:00+00:00,105159.0
2025-01-19 08:00:00+00:00,104401.0
2025-01-19 09:00:00+00:00,105274.0
2025-01-19 10:00:00+00:00,104808.0
2025-01-19 11:00:00+00:00,104345.0
2025-01-19 12:00:00+00:00,104909.0
2025-01-19 13:00:00+00:00,104954.0
2025-01-19 14:00:00+00:00,105129.0
2025-01-19 15:00:00+00:00,104904.0
2025-01-19 16:00:00+00:00,104910.0
2025-01-19 17:00:00+00:00,105100.0
2025-01-19 18:00:00+00:00,105025.0
2025-01-19 19:00:00+00:00,106232.0
2025-01-19 20:00:00+00:00,106295.0
2025-01-19 21:00:00+00:00,103680.0
2025-01-19 22:00:00+00:00,103400.0
2025-01-19 23:00:00+00:00,101311.0
2025-01-20 00:00:00+00:00,99758.0
2025-01-20 01:00:00+00:00,100672.0
2025-01-20 02:00:00+00:00,101911.0
2025-01-20 03:00:00+00:00,101880.0
2025-01-20 04:00:00+00:00,102201.0
2025-01-20 05:00:00+00:00,102334.0
2025-01-20 06:00:00+00:00,107543.0
2025-01-20 07:00:00+00:00,107173.0
2025-01-20 08:00:00+00:00,108349.0
2025-01-20 09:00:00+00:00,108179.0
2025-01-20 10:00:00+00:00,108001.0
2025-01-20 11:00:00+00:00,108272.0
2025-01-20 12:00:00+00:00,106948.0
2025-01-20 13:00:00+00:00,108006.0
2025-01-20 14:00:00+00:00,107926.0
2025-01-20 15:00:00+00:00,105000.0
2025-01-20 16:00:00+00:00,106704.0
2025-01-20 17:00:00+00:00,102979.0
2025-01-20 18:00:00+00:00,103929.0
2025-01-20 19:00:00+00:00,103694.0
2025-01-20 20:00:00+00:00,103650.0
2025-01-20 21:00:00+00:00,102600.0
2025-01-20 22:00:00+00:00,103590.0
2025-01-20 23:00:00+00:00,102259.0
2025-01-21 00:00:00+00:00,101181.0
2025-01-21 01:00:00+00:00,101486.0
2025-01-21 02:00:00+00:00,102523.0
2025-01-21 03:00:00+00:00,102916.0
2025-01-21 04:00:00+00:00,102325.0
2025-01-21 05:00:00+00:00,101359.0
2025-01-21 06:00:00+00:00,102162.0
2025-01-21 07:00:00+00:00,101963.0
2025-01-21 08:00:00+00:00,102433.0
2025-01-21 09:00:00+00:00,102681.0
2025-01-21 10:00:00+00:00,103146.0
2025-01-21 11:00:00+00:00,103746.0
2025-01-21 12:00:00+00:00,104505.0
2025-01-21 13:00:00+00:00,104456.0
2025-01-21 14:00:00+00:00,103272.0
2025-01-21 15:00:00+00:00,103932.0
2025-01-21 16:00:00+00:00,104966.0
2025-01-21 17:00:00+00:00,106170.0
2025-01-21 18:00:00+00:00,106849.0
2025-01-21 19:00:00+00:00,107009.0
2025-01-21 20:00:00+00:00,106100.0
2025-01-21 21:00:00+00:00,106769.0
2025-01-21 22:00:00+00:00,105973.0
2025-01-21 23:00:00+00:00,106134.0
2025-01-22 00:00:00+00:00,105927.0
2025-01-22 01:00:00+00:00,105786.0
2025-01-22 02:00:00+00:00,105580.0
2025-01-22 03:00:00+00:00,105589.0
2025-01-22 04:00:00+00:00,105572.0
2025-01-22 05:00:00+00:00,105688.0
2025-01-22 06:00:00+00:00,105371.0
2025-01-22 07:00:00+00:00,105064.0
2025-01-22 08:00:00+00:00,105265.0
2025-01-22 09:00:00+00:00,104988.0
2025-01-22 10:00:00+00:00,105118.0
2025-01-22 11:00:00+00:00,105113.0
2025-01-22 12:00:00+00:00,105266.0
2025-01-22 13:00:00+00:00,104066.0
2025-01-22 14:00:00+00:00,104392.0
2025-01-22 15:00:00+00:00,104153.0
2025-01-22 16:00:00+00:00,103689.0
2025-01-22 17:00:00+00:00,104328.0
2025-01-22 18:00:00+00:00,103881.0
2025-01-22 19:00:00+00:00,104614.0
2025-01-22 20:00:00+00:00,104276.0
2025-01-22 21:00:00+00:00,104061.0
2025-01-22 22:00:00+00:00,103835.0
2025-01-22 23:00:00+00:00,103671.0
2025-01-23 00:00:00+00:00,103269.0
2025-01-23 01:00:00+00:00,102911.0
2025-01-23 02:00:00+00:00,102617.0
2025-01-23 03:00:00+00:00,102412.0
2025-01-23 04:00:00+00:00,102011.0
2025-01-23 05:00:00+00:00,102491.0
2025-01-23 06:00:00+00:00,102228.0
2025-01-23 07:00:00+00:00,102659.0
2025-01-23 08:00:00+00:00,102174.0
2025-01-23 09:00:00+00:00,101628.0
2025-01-23 10:00:00+00:00,101652.0
2025-01-23 11:00:00+00:00,101922.0
2025-01-23 12:00:00+00:00,101602.0
2025-01-23 13:00:00+00:00,102475.0
2025-01-23 14:00:00+00:00,105200.0
2025-01-23 15:00:00+00:00,105236.0
2025-01-23 16:00:00+00:00,105105.0
2025-01-23 17:00:00+00:00,105912.0
2025-01-23 18:00:00+00:00,105396.0
2025-01-23 19:00:00+00:00,103737.0
2025-01-23 20:00:00+00:00,103236.0
2025-01-23 21:00:00+00:00,103007.0
2025-01-23 22:00:00+00:00,103938.0
2025-01-23 23:00:00+00:00,103863.0
2025-01-24 00:00:00+00:00,103413.0
2025-01-24 01:00:00+00:00,103184.0
2025-01-24 02:00:00+00:00,102974.0
2025-01-24 03:00:00+00:00,103832.0
2025-01-24 04:00:00+00:00,104578.0
2025-01-24 05:00:00+00:00,105179.0
2025-01-24 06:00:00+00:00,104949.0
2025-01-24 07:00:00+00:00,105009.0
2025-01-24 08:00:00+00:00,105474.0
2025-01-24 09:00:00+00:00,105113.0
2025-01-24 10:00:00+00:00,105383.0
2025-01-24 11:00:00+00:00,105385.0
2025-01-24 12:00:00+00:00,105505.0
2025-01-24 13:00:00+00:00,105078.0
2025-01-24 14:00:00+00:00,105729.0
2025-01-24 15:00:00+00:00,105828.0
2025-01-24 16:00:00+00:00,105612.0
2025-01-24 17:00:00+00:00,106433.0
2025-01-24 18:00:00+00:00,106305.0
2025-01-24 19:00:00+00:00,105735.0
2025-01-24 20:00:00+00:00,104815.0
2025-01-24 21:00:00+00:00,105069.0
2025-01-24 22:00:00+00:00,104721.0
2025-01-24 23:00:00+00:00,104801.0
2025-01-25 00:00:00+00:00,104373.0
2025-01-25 01:00:00+00:00,104678.0
2025-01-25 02:00:00+00:00,104515.0
2025-01-25 03:00:00+00:00,105147.0
2025-01-25 04:00:00+00:00,104615.0
2025-01-25 05:00:00+00:00,104327.0
2025-01-25 06:00:00+00:00,104267.0
2025-01-25 07:00:00+00:00,104350.0
2025-01-25 08:00:00+00:00,104300.0
2025-01-25 09:00:00+00:00,104309.0
2025-01-25 10:00:00+00:00,104480.0
2025-01-25 11:00:00+00:00,104620.0
2025-01-25 12:00:00+00:00,104689.0
2025-01-25 13:00:00+00:00,104663.0
2025-01-25 14:00:00+00:00,104539.0
2025-01-25 15:00:00+00:00,104847.0
2025-01-25 16:00:00+00:00,104620.0
2025-01-25 17:00:00+00:00,104849.0
2025-01-25 18:00:00+00:00,104950.0
2025-01-25 19:00:00+00:00,104998.0
2025-01-25 20:00:00+00:00,104921.0
2025-01-25 21:00:00+00:00,105066.0
2025-01-25 22:00:00+00:00,105045.0
2025-01-25 23:00:00+00:00,104710.0
2025-01-26 00:00:00+00:00,104581.0
2025-01-26 01:00:00+00:00,104587.0
2025-01-26 02:00:00+00:00,104666.0
2025-01-26 03:00:00+00:00,105025.0
2025-01-26 04:00:00+00:00,105143.0
2025-01-26 05:00:00+00:00,105066.0
2025-01-26 06:00:00+00:00,104970.0
2025-01-26 07:00:00+00:00,104966.0
2025-01-26 08:00:00+00:00,104995.0
2025-01-26 09:00:00+00:00,104598.0
2025-01-26 10:00:00+00:00,104671.0
2025-01-26 11:00:00+00:00,104774.0
2025-01-26 12:00:00+00:00,104865.0
2025-01-26 13:00:00+00:00,104925.0
2025-01-26 14:00:00+00:00,104911.0
2025-01-26 15:00:00+00:00,104935.0
2025-01-26 16:00:00+00:00,104896.0
2025-01-26 17:00:00+00:00,104911.0
2025-01-26 18:00:00+00:00,105157.0
2025-01-26 19:00:00+00:00,105057.0
2025-01-26 20:00:00+00:00,104936.0
2025-01-26 21:00:00+00:00,104527.0
2025-01-26 22:00:00+00:00,104284.0
2025-01-26 23:00:00+00:00,102554.0
2025-01-27 00:00:00+00:00,101681.0
2025-01-27 01:00:00+00:00,101236.0
2025-01-27 02:00:00+00:00,100942.0
2025-01-27 03:00:00+00:00,101345.0
2025-01-27 04:00:00+00:00,100361.0
2025-01-27 05:00:00+00:00,100320.0
2025-01-27 06:00:00+00:00,98899.0
2025-01-27 07:00:00+00:00,98987.0
2025-01-27 08:00:00+00:00,98980.0
2025-01-27 09:00:00+00:00,99367.0
2025-01-27 10:00:00+00:00,98343.0
2025-01-27 11:00:00+00:00,98700.0
2025-01-27 12:00:00+00:00,100565.0
2025-01-27 13:00:00+00:00,100446.0
2025-01-27 14:00:00+00:00,101858.0
2025-01-27 15:00:00+00:00,101056.0
2025-01-27 16:00:00+00:00,99695.0
2025-01-27 17:00:00+00:00,99101.0
2025-01-27 18:00:00+00:00,99141.0
2025-01-27 19:00:00+00:00,99650.0
2025-01-27 20:00:00+00:00,101337.0
2025-01-27 21:00:00+00:00,101298.0
2025-01-27 22:00:00+00:00,101582.0
2025-01-27 23:00:00+00:00,102025.0
2025-01-28 00:00:00+00:00,101816.0
2025-01-28 01:00:00+00:00,101335.0
2025-01-28 02:00:00+00:00,102351.0
2025-01-28 03:00:00+00:00,102595.0
2025-01-28 04:00:00+00:00,102868.0
2025-01-28 05:00:00+00:00,102966.0
2025-01-28 06:00:00+00:00,102699.0
2025-01-28 07:00:00+00:00,102746.0
2025-01-28 08:00:00+00:00,102791.0
2025-01-28 09:00:00+00:00,102911.0
2025-01-28 10:00:00+00:00,102692.0
2025-01-28 11:00:00+00:00,102704.0
2025-01-28 12:00:00+00:00,102550.0
2025-01-28 13:00:00+00:00,102550.0
2025-01-28 14:00:00+00:00,102591.0
2025-01-28 15:00:00+00:00,102719.0
2025-01-28 16:00:00+00:00,102200.0
2025-01-28 17:00:00+00:00,102514.0
2025-01-28 18:00:00+00:00,102144.0
2025-01-28 19:00:00+00:00,102376.0
2025-01-28 20:00:00+00:00,101217.0
2025-01-28 21:00:00+00:00,100269.0
2025-01-28 22:00:00+00:00,101219.0
2025-01-28 23:00:00+00:00,101278.0
2025-01-29 00:00:00+00:00,101643.0
2025-01-29 01:00:00+00:00,101781.0
2025-01-29 02:00:00+00:00,101741.0
2025-01-29 03:00:00+00:00,101971.0
2025-01-29 04:00:00+00:00,101954.0
2025-01-29 05:00:00+00:00,102215.0
2025-01-29 06:00:00+00:00,102763.0
2025-01-29 07:00:00+00:00,102701.0
2025-01-29 08:00:00+00:00,102700.0
2025-01-29 09:00:00+00:00,102290.0
2025-01-29 10:00:00+00:00,102500.0
2025-01-29 11:00:00+00:00,102592.0
2025-01-29 12:00:00+00:00,102203.0
2025-01-29 13:00:00+00:00,101802.0
2025-01-29 14:00:00+00:00,101996.0
2025-01-29 15:00:00+00:00,101920.0
2025-01-29 16:00:00+00:00,102044.0
2025-01-29 17:00:00+00:00,102368.0
2025-01-29 18:00:00+00:00,102804.0
2025-01-29 19:00:00+00:00,103537.0
2025-01-29 20:00:00+00:00,104159.0
2025-01-29 21:00:00+00:00,103679.0
2025-01-29 22:00:00+00:00,103445.0
2025-01-29 23:00:00+00:00,103700.0
2025-01-30 00:00:00+00:00,103987.0
2025-01-30 01:00:00+00:00,104237.0
2025-01-30 02:00:00+00:00,104647.0
2025-01-30 03:00:00+00:00,105167.0
2025-01-30 04:00:00+00:00,105452.0
2025-01-30 05:00:00+00:00,105358.0
2025-01-30 06:00:00+00:00,105160.0
2025-01-30 07:00:00+00:00,105100.0
2025-01-30 08:00:00+00:00,105027.0
2025-01-30 09:00:00+00:00,105397.0
2025-01-30 10:00:00+00:00,105315.0
2025-01-30 11:00:00+00:00,105282.0
2025-01-30 12:00:00+00:00,104987.0
2025-01-30 13:00:00+00:00,104841.0
2025-01-30 14:00:00+00:00,105883.0
2025-01-30 15:00:00+00:00,105517.0
2025-01-30 16:00:00+00:00,105654.0
2025-01-30 17:00:00+00:00,105243.0
2025-01-30 18:00:00+00:00,105530.0
2025-01-30 19:00:00+00:00,105676.0
2025-01-30 20:00:00+00:00,104851.0
2025-01-30 21:00:00+00:00,104985.0
2025-01-30 22:00:00+00:00,105041.0
2025-01-30 23:00:00+00:00,104685.0
2025-01-31 00:00:00+00:00,104853.0
2025-01-31 01:00:00+00:00,104680.0
2025-01-31 02:00:00+00:00,104286.0
2025-01-31 03:00:00+00:00,104274.0
2025-01-31 04:00:00+00:00,103961.0
2025-01-31 05:00:00+00:00,104267.0
2025-01-31 06:00:00+00:00,104468.0
2025-01-31 07:00:00+00:00,104147.0
2025-01-31 08:00:00+00:00,103965.0
2025-01-31 09:00:00+00:00,104206.0
2025-01-31 10:00:00+00:00,104239.0
2025-01-31 11:00:00+00:00,104675.0
2025-01-31 12:00:00+00:00,104664.0
2025-01-31 13:00:00+00:00,104610.0
2025-01-31 14:00:00+00:00,104404.0
2025-01-31 15:00:00+00:00,105405.0
2025-01-31 16:00:00+00:00,105026.0
2025-01-31 17:00:00+00:00,104523.0
2025-01-31 18:00:00+00:00,102570.0
2025-01-31 19:00:00+00:00,102232.0
2025-01-31 20:00:00+00:00,101615.0
2025-01-31 21:00:00+00:00,102075.0
2025-01-31 22:00:00+00:00,102201.0
2025-01-31 23:00:00+00:00,102378.0
2025-02-01 00:00:00+00:00,102430.0
2025-02-01 01:00:00+00:00,102505.0
2025-02-01 02:00:00+00:00,102397.0
2025-02-01 03:00:00+00:00,102174.0
2025-02-01 04:00:00+00:00,102245.0
2025-02-01 05:00:00+00:00,102428.0
2025-02-01 06:00:00+00:00,102344.0
2025-02-01 07:00:00+00:00,102113.0
2025-02-01 08:00:00+00:00,101962.0
2025-02-01 09:00:00+00:00,101622.0
2025-02-01 10:00:00+00:00,101589.0
2025-02-01 11:00:00+00:00,101967.0
2025-02-01 12:00:00+00:00,102197.0
2025-02-01 13:00:00+00:00,101822.0
2025-02-01 14:00:00+00:00,101798.0
2025-02-01 15:00:00+00:00,102024.0
2025-02-01 16:00:00+00:00,101847.0
2025-02-01 17:00:00+00:00,102198.0
2025-02-01 18:00:00+00:00,101949.0
2025-02-01 19:00:00+00:00,101623.0
2025-02-01 20:00:00+00:00,101285.0
2025-02-01 21:00:00+00:00,101137.0
2025-02-01 22:00:00+00:00,100601.0
2025-02-01 23:00:00+00:00,100577.0
2025-02-02 00:00:00+00:00,101188.0
2025-02-02 01:00:00+00:00,101197.0
2025-02-02 02:00:00+00:00,100390.0
2025-02-02 03:00:00+00:00,99158.0
2025-02-02 04:00:00+00:00,99493.0
2025-02-02 05:00:00+00:00,100202.0
2025-02-02 06:00:00+00:00,100219.0
2025-02-02 07:00:00+00:00,99570.0
2025-02-02 08:00:00+00:00,99776.0
2025-02-02 09:00:00+00:00,99620.0
2025-02-02 10:00:00+00:00,99374.0
2025-02-02 11:00:00+00:00,98825.0
2025-02-02 12:00:00+00:00,98136.0
2025-02-02 13:00:00+00:00,98758.0
2025-02-02 14:00:00+00:00,99151.0
2025-02-02 15:00:00+00:00,99293.0
2025-02-02 16:00:00+00:00,98221.0
2025-02-02 17:00:00+00:00,97202.0
2025-02-02 18:00:00+00:00,97049.0
2025-02-02 19:00:00+00:00,98224.0
2025-02-02 20:00:00+00:00,97748.0
2025-02-02 21:00:00+00:00,96986.0
2025-02-02 22:00:00+00:00,97966.0
2025-02-02 23:00:00+00:00,97646.0
2025-02-03 00:00:00+00:00,96448.0
2025-02-03 01:00:00+00:00,93388.0
2025-02-03 02:00:00+00:00,93511.0
2025-02-03 03:00:00+00:00,93999.0
2025-02-03 04:00:00+00:00,92756.0
2025-02-03 05:00:00+00:00,94166.0
2025-02-03 06:00:00+00:00,93856.0
2025-02-03 07:00:00+00:00,95248.0
2025-02-03 08:00:00+00:00,95279.0
2025-02-03 09:00:00+00:00,95222.0
2025-02-03 10:00:00+00:00,95655.0
2025-02-03 11:00:00+00:00,95053.0
2025-02-03 12:00:00+00:00,94707.0
2025-02-03 13:00:00+00:00,94592.0
2025-02-03 14:00:00+00:00,96543.0
2025-02-03 15:00:00+00:00,98804.0
2025-02-03 16:00:00+00:00,98492.0
2025-02-03 17:00:00+00:00,99151.0
2025-02-03 18:00:00+00:00,99766.0
2025-02-03 19:00:00+00:00,101832.0
2025-02-03 20:00:00+00:00,101030.0
2025-02-03 21:00:00+00:00,101733.0
2025-02-03 22:00:00+00:00,101654.0
2025-02-03 23:00:00+00:00,101295.0
2025-02-04 00:00:00+00:00,101024.0
2025-02-04 01:00:00+00:00,101339.0
2025-02-04 02:00:00+00:00,100797.0
2025-02-04 03:00:00+00:00,100581.0
2025-02-04 04:00:00+00:00,100029.0
2025-02-04 05:00:00+00:00,98808.0
2025-02-04 06:00:00+00:00,99329.0
2025-02-04 07:00:00+00:00,98410.0
2025-02-04 08:00:00+00:00,98257.0
2025-02-04 09:00:00+00:00,98313.0
2025-02-04 10:00:00+00:00,98742.0
2025-02-04 11:00:00+00:00,98924.0
2025-02-04 12:00:00+00:00,99326.0
2025-02-04 13:00:00+00:00,98985.0
2025-02-04 14:00:00+00:00,99940.0
2025-02-04 15:00:00+00:00,99311.0
2025-02-04 16:00:00+00:00,99019.0
2025-02-04 17:00:00+00:00,99129.0
2025-02-04 18:00:00+00:00,99376.0
2025-02-04 19:00:00+00:00,98829.0
2025-02-04 20:00:00+00:00,98589.0
2025-02-04 21:00:00+00:00,96463.0
2025-02-04 22:00:00+00:00,97642.0
2025-02-04 23:00:00+00:00,97706.0
2025-02-05 00:00:00+00:00,98218.0
2025-02-05 01:00:00+00:00,97806.0
2025-02-05 02:00:00+00:00,97946.0
2025-02-05 03:00:00+00:00,98001.0
2025-02-05 04:00:00+00:00,98009.0
2025-02-05 05:00:00+00:00,98100.0
2025-02-05 06:00:00+00:00,97619.0
2025-02-05 07:00:00+00:00,97815.0
2025-02-05 08:00:00+00:00,97583.0
2025-02-05 09:00:00+00:00,97362.0
2025-02-05 10:00:00+00:00,97708.0
2025-02-05 11:00:00+00:00,98187.0
2025-02-05 12:00:00+00:00,98034.0
2025-02-05 13:00:00+00:00,98549.0
2025-02-05 14:00:00+00:00,98254.0
2025-02-05 15:00:00+00:00,98065.0
2025-02-05 16:00:00+00:00,97946.0
2025-02-05 17:00:00+00:00,97504.0
2025-02-05 18:00:00+00:00,96673.0
2025-02-05 19:00:00+00:00,97332.0
2025-02-05 20:00:00+00:00,97276.0
2025-02-05 21:00:00+00:00,96880.0
2025-02-05 22:00:00+00:00,96414.0
2025-02-05 23:00:00+00:00,96569.0
2025-02-06 00:00:00+00:00,96780.0
2025-02-06 01:00:00+00:00,97119.0
2025-02-06 02:00:00+00:00,97318.0
2025-02-06 03:00:00+00:00,97309.0
2025-02-06 04:00:00+00:00,97580.0
2025-02-06 05:00:00+00:00,97790.0
2025-02-06 06:00:00+00:00,98342.0
2025-02-06 07:00:00+00:00,98165.0
2025-02-06 08:00:00+00:00,98094.0
2025-02-06 09:00:00+00:00,98558.0
2025-02-06 10:00:00+00:00,98984.0
2025-02-06 11:00:00+00:00,98829.0
2025-02-06 12:00:00+00:00,98317.0
2025-02-06 13:00:00+00:00,98574.0
2025-02-06 14:00:00+00:00,97785.0
2025-02-06 15:00:00+00:00,97293.0
2025-02-06 16:00:00+00:00,96540.0
2025-02-06 17:00:00+00:00,96671.0
2025-02-06 18:00:00+00:00,96278.0
2025-02-06 19:00:00+00:00,95954.0
2025-02-06 20:00:00+00:00,96895.0
2025-02-06 21:00:00+00:00,96770.0
2025-02-06 22:00:00+00:00,96922.0
2025-02-06 23:00:00+00:00,96500.0
2025-02-07 00:00:00+00:00,96459.0
2025-02-07 01:00:00+00:00,97342.0
2025-02-07 02:00:00+00:00,97528.0
2025-02-07 03:00:00+00:00,97408.0
2025-02-07 04:00:00+00:00,97383.0
2025-02-07 05:00:00+00:00,97310.0
2025-02-07 06:00:00+00:00,96716.0
2025-02-07 07:00:00+00:00,96695.0
2025-02-07 08:00:00+00:00,96979.0
2025-02-07 09:00:00+00:00,97236.0
2025-02-07 10:00:00+00:00,97222.0
2025-02-07 11:00:00+00:00,97706.0
2025-02-07 12:00:00+00:00,97921.0
2025-02-07 13:00:00+00:00,98779.0
2025-02-07 14:00:00+00:00,99682.0
2025-02-07 15:00:00+00:00,98246.0
2025-02-07 16:00:00+00:00,97786.0
2025-02-07 17:00:00+00:00,97374.0
2025-02-07 18:00:00+00:00,97702.0
2025-02-07 19:00:00+00:00,96853.0
2025-02-07 20:00:00+00:00,95712.0
2025-02-07 21:00:00+00:00,95950.0
2025-02-07 22:00:00+00:00,96000.0
2025-02-07 23:00:00+00:00,96441.0
2025-02-08 00:00:00+00:00,96605.0
2025-02-08 01:00:00+00:00,96472.0
2025-02-08 02:00:00+00:00,96719.0
2025-02-08 03:00:00+00:00,96647.0
2025-02-08 04:00:00+00:00,96266.0
2025-02-08 05:00:00+00:00,96160.0
2025-02-08 06:00:00+00:00,95952.0
2025-02-08 07:00:00+00:00,96160.0
2025-02-08 08:00:00+00:00,95857.0
2025-02-08 09:00:00+00:00,96120.0
2025-02-08 10:00:00+00:00,95998.0
2025-02-08 11:00:00+00:00,96080.0
2025-02-08 12:00:00+00:00,96011.0
2025-02-08 13:00:00+00:00,96192.0
2025-02-08 14:00:00+00:00,96058.0
2025-02-08 15:00:00+00:00,95803.0
2025-02-08 16:00:00+00:00,96086.0
2025-02-08 17:00:00+00:00,96309.0
2025-02-08 18:00:00+00:00,96469.0
2025-02-08 19:00:00+00:00,96542.0
2025-02-08 20:00:00+00:00,96418.0
2025-02-08 21:00:00+00:00,96495.0
2025-02-08 22:00:00+00:00,96430.0
2025-02-08 23:00:00+00:00,96407.0
2025-02-09 00:00:00+00:00,96520.0
2025-02-09 01:00:00+00:00,96930.0
2025-02-09 02:00:00+00:00,96674.0
2025-02-09 03:00:00+00:00,97267.0
2025-02-09 04:00:00+00:00,97169.0
2025-02-09 05:00:00+00:00,96979.0
2025-02-09 06:00:00+00:00,96951.0
2025-02-09 07:00:00+00:00,97014.0
2025-02-09 08:00:00+00:00,97030.0
2025-02-09 09:00:00+00:00,96881.0
2025-02-09 10:00:00+00:00,96728.0
2025-02-09 11:00:00+00:00,96514.0
2025-02-09 12:00:00+00:00,96488.0
2025-02-09 13:00:00+00:00,95850.0
2025-02-09 14:00:00+00:00,96071.0
2025-02-09 15:00:00+00:00,96448.0
2025-02-09 16:00:00+00:00,96402.0
2025-02-09 17:00:00+00:00,96129.0
2025-02-09 18:00:00+00:00,96174.0
2025-02-09 19:00:00+00:00,96017.0
2025-02-09 20:00:00+00:00,96277.0
2025-02-09 21:00:00+00:00,95120.0
2025-02-09 22:00:00+00:00,95776.0
2025-02-09 23:00:00+00:00,96429.0
2025-02-10 00:00:00+00:00,96684.0
2025-02-10 01:00:00+00:00,95544.0
2025-02-10 02:00:00+00:00,95767.0
2025-02-10 03:00:00+00:00,96765.0
2025-02-10 04:00:00+00:00,96896.0
2025-02-10 05:00:00+00:00,96984.0
2025-02-10 06:00:00+00:00,97116.0
2025-02-10 07:00:00+00:00,97406.0
2025-02-10 08:00:00+00:00,97645.0
2025-02-10 09:00:00+00:00,97640.0
2025-02-10 10:00:00+00:00,97699.0
2025-02-10 11:00:00+00:00,97630.0
2025-02-10 12:00:00+00:00,97322.0
2025-02-10 13:00:00+00:00,98186.0
2025-02-10 14:00:00+00:00,97246.0
2025-02-10 15:00:00+00:00,97189.0
2025-02-10 16:00:00+00:00,97270.0
2025-02-10 17:00:00+00:00,97460.0
2025-02-10 18:00:00+00:00,97528.0
2025-02-10 19:00:00+00:00,97339.0
2025-02-10 20:00:00+00:00,97301.0
2025-02-10 21:00:00+00:00,97355.0
2025-02-10 22:00:00+00:00,97342.0
2025-02-10 23:00:00+00:00,97385.0
2025-02-11 00:00:00+00:00,97750.0
2025-02-11 01:00:00+00:00,97964.0
2025-02-11 02:00:00+00:00,97741.0
2025-02-11 03:00:00+00:00,97572.0
2025-02-11 04:00:00+00:00,98020.0
2025-02-11 05:00:00+00:00,98380.0
2025-02-11 06:00:00+00:00,98388.0
2025-02-11 07:00:00+00:00,98230.0
2025-02-11 08:00:00+00:00,98191.0
2025-02-11 09:00:00+00:00,97957.0
2025-02-11 10:00:00+00:00,97908.0
2025-02-11 11:00:00+00:00,98093.0
2025-02-11 12:00:00+00:00,97712.0
2025-02-11 13:00:00+00:00,96751.0
2025-02-11 14:00:00+00:00,96923.0
2025-02-11 15:00:00+00:00,96982.0
2025-02-11 16:00:00+00:00,96325.0
2025-02-11 17:00:00+00:00,96116.0
2025-02-11 18:00:00+00:00,95428.0
2025-02-11 19:00:00+00:00,94986.0
2025-02-11 20:00:00+00:00,95265.0
2025-02-11 21:00:00+00:00,96338.0
2025-02-11 22:00:00+00:00,95550.0
2025-02-11 23:00:00+00:00,95749.0
2025-02-12 00:00:00+00:00,96021.0
2025-02-12 01:00:00+00:00,96178.0
2025-02-12 02:00:00+00:00,95532.0
2025-02-12 03:00:00+00:00,95256.0
2025-02-12 04:00:00+00:00,95513.0
2025-02-12 05:00:00+00:00,95849.0
2025-02-12 06:00:00+00:00,95793.0
2025-02-12 07:00:00+00:00,96026.0
2025-02-12 08:00:00+00:00,96318.0
2025-02-12 09:00:00+00:00,96093.0
2025-02-12 10:00:00+00:00,95934.0
2025-02-12 11:00:00+00:00,96046.0
2025-02-12 12:00:00+00:00,95933.0
2025-02-12 13:00:00+00:00,94913.0
2025-02-12 14:00:00+00:00,95590.0
2025-02-12 15:00:00+00:00,95768.0
2025-02-12 16:00:00+00:00,96955.0
2025-02-12 17:00:00+00:00,97322.0
2025-02-12 18:00:00+00:00,96873.0
2025-02-12 19:00:00+00:00,97171.0
2025-02-12 20:00:00+00:00,96995.0
2025-02-12 21:00:00+00:00,97607.0
2025-02-12 22:00:00+00:00,97773.0
2025-02-12 23:00:00+00:00,97829.0
2025-02-13 00:00:00+00:00,97783.0
2025-02-13 01:00:00+00:00,97940.0
2025-02-13 02:00:00+00:00,97443.0
2025-02-13 03:00:00+00:00,97463.0
2025-02-13 04:00:00+00:00,96905.0
2025-02-13 05:00:00+00:00,96623.0
2025-02-13 06:00:00+00:00,96007.0
2025-02-13 07:00:00+00:00,96023.0
2025-02-13 08:00:00+00:00,95905.0
2025-02-13 09:00:00+00:00,96214.0
2025-02-13 10:00:00+00:00,96132.0
2025-02-13 11:00:00+00:00,95890.0
2025-02-13 12:00:00+00:00,95780.0
2025-02-13 13:00:00+00:00,96030.0
2025-02-13 14:00:00+00:00,95813.0
2025-02-13 15:00:00+00:00,95942.0
2025-02-13 16:00:00+00:00,95303.0
2025-02-13 17:00:00+00:00,95645.0
2025-02-13 18:00:00+00:00,95936.0
2025-02-13 19:00:00+00:00,95595.0
2025-02-13 20:00:00+00:00,96228.0
2025-02-13 21:00:00+00:00,96445.0
2025-02-13 22:00:00+00:00,96377.0
2025-02-13 23:00:00+00:00,96571.0
2025-02-14 00:00:00+00:00,96724.0
2025-02-14 01:00:00+00:00,96506.0
2025-02-14 02:00:00+00:00,96500.0
2025-02-14 03:00:00+00:00,97109.0
2025-02-14 04:00:00+00:00,96730.0
2025-02-14 05:00:00+00:00,96650.0
2025-02-14 06:00:00+00:00,96800.0
2025-02-14 07:00:00+00:00,96908.0
2025-02-14 08:00:00+00:00,96850.0
2025-02-14 09:00:00+00:00,97076.0
2025-02-14 10:00:00+00:00,96974.0
2025-02-14 11:00:00+00:00,96844.0
2025-02-14 12:00:00+00:00,96615.0
2025-02-14 13:00:00+00:00,96755.0
2025-02-14 14:00:00+00:00,97260.0
2025-02-14 15:00:00+00:00,96887.0
2025-02-14 16:00:00+00:00,97626.0
2025-02-14 17:00:00+00:00,98507.0
2025-02-14 18:00:00+00:00,98171.0
2025-02-14 19:00:00+00:00,97912.0
2025-02-14 20:00:00+00:00,97136.0
2025-02-14 21:00:00+00:00,97408.0
2025-02-14 22:00:00+00:00,97084.0
2025-02-14 23:00:00+00:00,97451.0
2025-02-15 00:00:00+00:00,97423.0
2025-02-15 01:00:00+00:00,97747.0
2025-02-15 02:00:00+00:00,97808.0
2025-02-15 03:00:00+00:00,97626.0
2025-02-15 04:00:00+00:00,97481.0
2025-02-15 05:00:00+00:00,97551.0
2025-02-15 06:00:00+00:00,97437.0
2025-02-15 07:00:00+00:00,97304.0
2025-02-15 08:00:00+00:00,97470.0
2025-02-15 09:00:00+00:00,97520.0
2025-02-15 10:00:00+00:00,97620.0
2025-02-15 11:00:00+00:00,97582.0
2025-02-15 12:00:00+00:00,97715.0
2025-02-15 13:00:00+00:00,97666.0
2025-02-15 14:00:00+00:00,97561.0
2025-02-15 15:00:00+00:00,97600.0
2025-02-15 16:00:00+00:00,97499.0
2025-02-15 17:00:00+00:00,97368.0
2025-02-15 18:00:00+00:00,97492.0
2025-02-15 19:00:00+00:00,97487.0
2025-02-15 20:00:00+00:00,97487.0
2025-02-15 21:00:00+00:00,97648.0
2025-02-15 22:00:00+00:00,97505.0
2025-02-15 23:00:00+00:00,97534.0
2025-02-16 00:00:00+00:00,97546.0
2025-02-16 01:00:00+00:00,97603.0
2025-02-16 02:00:00+00:00,97481.0
2025-02-16 03:00:00+00:00,97491.0
2025-02-16 04:00:00+00:00,97481.0
2025-02-16 05:00:00+00:00,97547.0
2025-02-16 06:00:00+00:00,97430.0
2025-02-16 07:00:00+00:00,97201.0
2025-02-16 08:00:00+00:00,97117.0
2025-02-16 09:00:00+00:00,97315.0
2025-02-16 10:00:00+00:00,97133.0
2025-02-16 11:00:00+00:00,97289.0
2025-02-16 12:00:00+00:00,97088.0
2025-02-16 13:00:00+00:00,96810.0
2025-02-16 14:00:00+00:00,96927.0
2025-02-16 15:00:00+00:00,96851.0
2025-02-16 16:00:00+00:00,97005.0
2025-02-16 17:00:00+00:00,96922.0
2025-02-16 18:00:00+00:00,96819.0
2025-02-16 19:00:00+00:00,97022.0
2025-02-16 20:00:00+00:00,96857.0
2025-02-16 21:00:00+00:00,97132.0
2025-02-16 22:00:00+00:00,96828.0
2025-02-16 23:00:00+00:00,96061.0
2025-02-17 00:00:00+00:00,96258.0
2025-02-17 01:00:00+00:00,96446.0
2025-02-17 02:00:00+00:00,96170.0
2025-02-17 03:00:00+00:00,96166.0
2025-02-17 04:00:00+00:00,95972.0
2025-02-17 05:00:00+00:00,96194.0
2025-02-17 06:00:00+00:00,96347.0
2025-02-17 07:00:00+00:00,96023.0
2025-02-17 08:00:00+00:00,96113.0
2025-02-17 09:00:00+00:00,96121.0
2025-02-17 10:00:00+00:00,96063.0
2025-02-17 11:00:00+00:00,96020.0
2025-02-17 12:00:00+00:00,96416.0
2025-02-17 13:00:00+00:00,96365.0
2025-02-17 14:00:00+00:00,96753.0
2025-02-17 15:00:00+00:00,95614.0
2025-02-17 16:00:00+00:00,95287.0
2025-02-17 17:00:00+00:00,95432.0
2025-02-17 18:00:00+00:00,95295.0
2025-02-17 19:00:00+00:00,95501.0
2025-02-17 20:00:00+00:00,95921.0
2025-02-17 21:00:00+00:00,96363.0
2025-02-17 22:00:00+00:00,95838.0
2025-02-17 23:00:00+00:00,95735.0
2025-02-18 00:00:00+00:00,95594.0
2025-02-18 01:00:00+00:00,96216.0
2025-02-18 02:00:00+00:00,96019.0
2025-02-18 03:00:00+00:00,96151.0
2025-02-18 04:00:00+00:00,96026.0
2025-02-18 05:00:00+00:00,95554.0
2025-02-18 06:00:00+00:00,95341.0
2025-02-18 07:00:00+00:00,95411.0
2025-02-18 08:00:00+00:00,95192.0
2025-02-18 09:00:00+00:00,95742.0
2025-02-18 10:00:00+00:00,95707.0
2025-02-18 11:00:00+00:00,95595.0
2025-02-18 12:00:00+00:00,96148.0
2025-02-18 13:00:00+00:00,96193.0
2025-02-18 14:00:00+00:00,95502.0
2025-02-18 15:00:00+00:00,95519.0
2025-02-18 16:00:00+00:00,94600.0
2025-02-18 17:00:00+00:00,94070.0
2025-02-18 18:00:00+00:00,93883.0
2025-02-18 19:00:00+00:00,94066.0
2025-02-18 20:00:00+00:00,94165.0
2025-02-18 21:00:00+00:00,95040.0
2025-02-18 22:00:00+00:00,95265.0
2025-02-18 23:00:00+00:00,95619.0
2025-02-19 00:00:00+00:00,95304.0
2025-02-19 01:00:00+00:00,95439.0
2025-02-19 02:00:00+00:00,95794.0
2025-02-19 03:00:00+00:00,95678.0
2025-02-19 04:00:00+00:00,95192.0
2025-02-19 05:00:00+00:00,95248.0
2025-02-19 06:00:00+00:00,95585.0
2025-02-19 07:00:00+00:00,95660.0
2025-02-19 08:00:00+00:00,95597.0
2025-02-19 09:00:00+00:00,95914.0
2025-02-19 10:00:00+00:00,96306.0
2025-02-19 11:00:00+00:00,96408.0
2025-02-19 12:00:00+00:00,96158.0
2025-02-19 13:00:00+00:00,96266.0
2025-02-19 14:00:00+00:00,95732.0
2025-02-19 15:00:00+00:00,95905.0
2025-02-19 16:00:00+00:00,96280.0
2025-02-19 17:00:00+00:00,96360.0
2025-02-19 18:00:00+00:00,95631.0
2025-02-19 19:00:00+00:00,96169.0
2025-02-19 20:00:00+00:00,96131.0
2025-02-19 21:00:00+00:00,96282.0
2025-02-19 22:00:00+00:00,96508.0
2025-02-19 23:00:00+00:00,96617.0
2025-02-20 00:00:00+00:00,96826.0
2025-02-20 01:00:00+00:00,96753.0
2025-02-20 02:00:00+00:00,97109.0
2025-02-20 03:00:00+00:00,97028.0
2025-02-20 04:00:00+00:00,97199.0
2025-02-20 05:00:00+00:00,96880.0
2025-02-20 06:00:00+00:00,96879.0
2025-02-20 07:00:00+00:00,96839.0
2025-02-20 08:00:00+00:00,97125.0
2025-02-20 09:00:00+00:00,97155.0
2025-02-20 10:00:00+00:00,97331.0
2025-02-20 11:00:00+00:00,97164.0
2025-02-20 12:00:00+00:00,97388.0
2025-02-20 13:00:00+00:00,97511.0
2025-02-20 14:00:00+00:00,96929.0
2025-02-20 15:00:00+00:00,96861.0
2025-02-20 16:00:00+00:00,97508.0
2025-02-20 17:00:00+00:00,97922.0
2025-02-20 18:00:00+00:00,98242.0
2025-02-20 19:00:00+00:00,98369.0
2025-02-20 20:00:00+00:00,98404.0
2025-02-20 21:00:00+00:00,98050.0
2025-02-20 22:00:00+00:00,98065.0
2025-02-20 23:00:00+00:00,98247.0
2025-02-21 00:00:00+00:00,98186.0
2025-02-21 01:00:00+00:00,98259.0
2025-02-21 02:00:00+00:00,98071.0
2025-02-21 03:00:00+00:00,98114.0
2025-02-21 04:00:00+00:00,98170.0
2025-02-21 05:00:00+00:00,98297.0
2025-02-21 06:00:00+00:00,98375.0
2025-02-21 07:00:00+00:00,98135.0
2025-02-21 08:00:00+00:00,98165.0
2025-02-21 09:00:00+00:00,98295.0
2025-02-21 10:00:00+00:00,98574.0
2025-02-21 11:00:00+00:00,98587.0
2025-02-21 12:00:00+00:00,98853.0
2025-02-21 13:00:00+00:00,99295.0
2025-02-21 14:00:00+00:00,98737.0
2025-02-21 15:00:00+00:00,98075.0
2025-02-21 16:00:00+00:00,98166.0
2025-02-21 17:00:00+00:00,96930.0
2025-02-21 18:00:00+00:00,96511.0
2025-02-21 19:00:00+00:00,95260.0
2025-02-21 20:00:00+00:00,95087.0
2025-02-21 21:00:00+00:00,95423.0
2025-02-21 22:00:00+00:00,95884.0
2025-02-21 23:00:00+00:00,96199.0
2025-02-22 00:00:00+00:00,96231.0
2025-02-22 01:00:00+00:00,96281.0
2025-02-22 02:00:00+00:00,96377.0
2025-02-22 03:00:00+00:00,96310.0
2025-02-22 04:00:00+00:00,96417.0
2025-02-22 05:00:00+00:00,96564.0
2025-02-22 06:00:00+00:00,96441.0
2025-02-22 07:00:00+00:00,96332.0
2025-02-22 08:00:00+00:00,96233.0
2025-02-22 09:00:00+00:00,96529.0
2025-02-22 10:00:00+00:00,96520.0
2025-02-22 11:00:00+00:00,96595.0
2025-02-22 12:00:00+00:00,96839.0
2025-02-22 13:00:00+00:00,96573.0
2025-02-22 14:00:00+00:00,96543.0
2025-02-22 15:00:00+00:00,96614.0
2025-02-22 16:00:00+00:00,96504.0
2025-02-22 17:00:00+00:00,96622.0
2025-02-22 18:00:00+00:00,96437.0
2025-02-22 19:00:00+00:00,96620.0
2025-02-22 20:00:00+00:00,96578.0
2025-02-22 21:00:00+00:00,96658.0
2025-02-22 22:00:00+00:00,96642.0
2025-02-22 23:00:00+00:00,96555.0
2025-02-23 00:00:00+00:00,96627.0
2025-02-23 01:00:00+00:00,96441.0
2025-02-23 02:00:00+00:00,96395.0
2025-02-23 03:00:00+00:00,96421.0
2025-02-23 04:00:00+00:00,96411.0
2025-02-23 05:00:00+00:00,96217.0
2025-02-23 06:00:00+00:00,96329.0
2025-02-23 07:00:00+00:00,96500.0
2025-02-23 08:00:00+00:00,96360.0
2025-02-23 09:00:00+00:00,96264.0
2025-02-23 10:00:00+00:00,96193.0
2025-02-23 11:00:00+00:00,96121.0
2025-02-23 12:00:00+00:00,95723.0
2025-02-23 13:00:00+00:00,95945.0
2025-02-23 14:00:00+00:00,95583.0
2025-02-23 15:00:00+00:00,95447.0
2025-02-23 16:00:00+00:00,95444.0
2025-02-23 17:00:00+00:00,95667.0
2025-02-23 18:00:00+00:00,95744.0
2025-02-23 19:00:00+00:00,95771.0
2025-02-23 20:00:00+00:00,95800.0
2025-02-23 21:00:00+00:00,95778.0
2025-02-23 22:00:00+00:00,95800.0
2025-02-23 23:00:00+00:00,96263.0
2025-02-24 00:00:00+00:00,96272.0
2025-02-24 01:00:00+00:00,95982.0
2025-02-24 02:00:00+00:00,95836.0
2025-02-24 03:00:00+00:00,95447.0
2025-02-24 04:00:00+00:00,95314.0
2025-02-24 05:00:00+00:00,95743.0
2025-02-24 06:00:00+00:00,95871.0
2025-02-24 07:00:00+00:00,95861.0
2025-02-24 08:00:00+00:00,95497.0
2025-02-24 09:00:00+00:00,95761.0
2025-02-24 10:00:00+00:00,95645.0
2025-02-24 11:00:00+00:00,95838.0
2025-02-24 12:00:00+00:00,95800.0
2025-02-24 13:00:00+00:00,95610.0
2025-02-24 14:00:00+00:00,94689.0
2025-02-24 15:00:00+00:00,94377.0
2025-02-24 16:00:00+00:00,94468.0
2025-02-24 17:00:00+00:00,94684.0
2025-02-24 18:00:00+00:00,94198.0
2025-02-24 19:00:00+00:00,93985.0
2025-02-24 20:00:00+00:00,94037.0
2025-02-24 21:00:00+00:00,93988.0
2025-02-24 22:00:00+00:00,92354.0
2025-02-24 23:00:00+00:00,91479.0
2025-02-25 00:00:00+00:00,91812.0
2025-02-25 01:00:00+00:00,91987.0
2025-02-25 02:00:00+00:00,92340.0
2025-02-25 03:00:00+00:00,92128.0
2025-02-25 04:00:00+00:00,91888.0
2025-02-25 05:00:00+00:00,92059.0
2025-02-25 06:00:00+00:00,91260.0
2025-02-25 07:00:00+00:00,89228.0
2025-02-25 08:00:00+00:00,89376.0
2025-02-25 09:00:00+00:00,88295.0
2025-02-25 10:00:00+00:00,88177.0
2025-02-25 11:00:00+00:00,89220.0
2025-02-25 12:00:00+00:00,89358.0
2025-02-25 13:00:00+00:00,88816.0
2025-02-25 14:00:00+00:00,87160.0
2025-02-25 15:00:00+00:00,87251.0
2025-02-25 16:00:00+00:00,87475.0
2025-02-25 17:00:00+00:00,87298.0
2025-02-25 18:00:00+00:00,87083.0
2025-02-25 19:00:00+00:00,87960.0
2025-02-25 20:00:00+00:00,88178.0
2025-02-25 21:00:00+00:00,88824.0
2025-02-25 22:00:00+00:00,88809.0
2025-02-25 23:00:00+00:00,88666.0
2025-02-26 00:00:00+00:00,88146.0
2025-02-26 01:00:00+00:00,88686.0
2025-02-26 02:00:00+00:00,89000.0
2025-02-26 03:00:00+00:00,88883.0
2025-02-26 04:00:00+00:00,88689.0
2025-02-26 05:00:00+00:00,88411.0
2025-02-26 06:00:00+00:00,88915.0
2025-02-26 07:00:00+00:00,88683.0
2025-02-26 08:00:00+00:00,88447.0
2025-02-26 09:00:00+00:00,89084.0
2025-02-26 10:00:00+00:00,89217.0
2025-02-26 11:00:00+00:00,88590.0
2025-02-26 12:00:00+00:00,87937.0
2025-02-26 13:00:00+00:00,87195.0
2025-02-26 14:00:00+00:00,87550.0
2025-02-26 15:00:00+00:00,87500.0
2025-02-26 16:00:00+00:00,86780.0
2025-02-26 17:00:00+00:00,86003.0
2025-02-26 18:00:00+00:00,84113.0
2025-02-26 19:00:00+00:00,83769.0
2025-02-26 20:00:00+00:00,84338.0
2025-02-26 21:00:00+00:00,84569.0
2025-02-26 22:00:00+00:00,84388.0
2025-02-26 23:00:00+00:00,84209.0
2025-02-27 00:00:00+00:00,84679.0
2025-02-27 01:00:00+00:00,84684.0
2025-02-27 02:00:00+00:00,84240.0
2025-02-27 03:00:00+00:00,85181.0
2025-02-27 04:00:00+00:00,85096.0
2025-02-27 05:00:00+00:00,85816.0
2025-02-27 06:00:00+00:00,86205.0
2025-02-27 07:00:00+00:00,86220.0
2025-02-27 08:00:00+00:00,86027.0
2025-02-27 09:00:00+00:00,86132.0
2025-02-27 10:00:00+00:00,86954.0
2025-02-27 11:00:00+00:00,86651.0
2025-02-27 12:00:00+00:00,86284.0
2025-02-27 13:00:00+00:00,86080.0
2025-02-27 14:00:00+00:00,84961.0
2025-02-27 15:00:00+00:00,85480.0
2025-02-27 16:00:00+00:00,84435.0
2025-02-27 17:00:00+00:00,84557.0
2025-02-27 18:00:00+00:00,84601.0
2025-02-27 19:00:00+00:00,84071.0
2025-02-27 20:00:00+00:00,83505.0
2025-02-27 21:00:00+00:00,84402.0
2025-02-27 22:00:00+00:00,84693.0
2025-02-27 23:00:00+00:00,84686.0
2025-02-28 00:00:00+00:00,84241.0
2025-02-28 01:00:00+00:00,81614.0
2025-02-28 02:00:00+00:00,80750.0
2025-02-28 03:00:00+00:00,80400.0
2025-02-28 04:00:00+00:00,80355.0
2025-02-28 05:00:00+00:00,79954.0
2025-02-28 06:00:00+00:00,79316.0
2025-02-28 07:00:00+00:00,79177.0
2025-02-28 08:00:00+00:00,78944.0
2025-02-28 09:00:00+00:00,80293.0
2025-02-28 10:00:00+00:00,79967.0
2025-02-28 11:00:00+00:00,80462.0
2025-02-28 12:00:00+00:00,80750.0
2025-02-28 13:00:00+00:00,81463.0
2025-02-28 14:00:00+00:00,82020.0
2025-02-28 15:00:00+00:00,83953.0
2025-02-28 16:00:00+00:00,84323.0
2025-02-28 17:00:00+00:00,83567.0
2025-02-28 18:00:00+00:00,84428.0
2025-02-28 19:00:00+00:00,84394.0
2025-02-28 20:00:00+00:00,84155.0
2025-02-28 21:00:00+00:00,84212.0
2025-02-28 22:00:00+00:00,84117.0
2025-02-28 23:00:00+00:00,84308.0
2025-03-01 00:00:00+00:00,83812.0
2025-03-01 01:00:00+00:00,84621.0
2025-03-01 02:00:00+00:00,85232.0
2025-03-01 03:00:00+00:00,85318.0
2025-03-01 04:00:00+00:00,86176.0
2025-03-01 05:00:00+00:00,85559.0
2025-03-01 06:00:00+00:00,85020.0
2025-03-01 07:00:00+00:00,84684.0
2025-03-01 08:00:00+00:00,85264.0
2025-03-01 09:00:00+00:00,85346.0
2025-03-01 10:00:00+00:00,84848.0
2025-03-01 11:00:00+00:00,84590.0
2025-03-01 12:00:00+00:00,84715.0
2025-03-01 13:00:00+00:00,84488.0
2025-03-01 14:00:00+00:00,84668.0
2025-03-01 15:00:00+00:00,84748.0
2025-03-01 16:00:00+00:00,85234.0
2025-03-01 17:00:00+00:00,85164.0
2025-03-01 18:00:00+00:00,85279.0
2025-03-01 19:00:00+00:00,85441.0
2025-03-01 20:00:00+00:00,85500.0
2025-03-01 21:00:00+00:00,86034.0
2025-03-01 22:00:00+00:00,86086.0
2025-03-01 23:00:00+00:00,86025.0
2025-03-02 00:00:00+00:00,85994.0
2025-03-02 01:00:00+00:00,86312.0
2025-03-02 02:00:00+00:00,85748.0
2025-03-02 03:00:00+00:00,85831.0
2025-03-02 04:00:00+00:00,85713.0
2025-03-02 05:00:00+00:00,85926.0
2025-03-02 06:00:00+00:00,86265.0
2025-03-02 07:00:00+00:00,86214.0
2025-03-02 08:00:00+00:00,85710.0
2025-03-02 09:00:00+00:00,85843.0
2025-03-02 10:00:00+00:00,85953.0
2025-03-02 11:00:00+00:00,86055.0
2025-03-02 12:00:00+00:00,85942.0
2025-03-02 13:00:00+00:00,85680.0
2025-03-02 14:00:00+00:00,85084.0
2025-03-02 15:00:00+00:00,87417.0
2025-03-02 16:00:00+00:00,91200.0
2025-03-02 17:00:00+00:00,94104.0
2025-03-02 18:00:00+00:00,92806.0
2025-03-02 19:00:00+00:00,93518.0
2025-03-02 20:00:00+00:00,94340.0
2025-03-02 21:00:00+00:00,94305.0
2025-03-02 22:00:00+00:00,94223.0
2025-03-02 23:00:00+00:00,94260.0
2025-03-03 00:00:00+00:00,93321.0
2025-03-03 01:00:00+00:00,93067.0
2025-03-03 02:00:00+00:00,93282.0
2025-03-03 03:00:00+00:00,92700.0
2025-03-03 04:00:00+00:00,92850.0
2025-03-03 05:00:00+00:00,93317.0
2025-03-03 06:00:00+00:00,91624.0
2025-03-03 07:00:00+00:00,92348.0
2025-03-03 08:00:00+00:00,91457.0
2025-03-03 09:00:00+00:00,91823.0
2025-03-03 10:00:00+00:00,92521.0
2025-03-03 11:00:00+00:00,92719.0
2025-03-03 12:00:00+00:00,92984.0
2025-03-03 13:00:00+00:00,93545.0
2025-03-03 14:00:00+00:00,89271.0
2025-03-03 15:00:00+00:00,90049.0
2025-03-03 16:00:00+00:00,90157.0
2025-03-03 17:00:00+00:00,90305.0
2025-03-03 18:00:00+00:00,87121.0
2025-03-03 19:00:00+00:00,85533.0
2025-03-03 20:00:00+00:00,86034.0
2025-03-03 21:00:00+00:00,85310.0
2025-03-03 22:00:00+00:00,86583.0
2025-03-03 23:00:00+00:00,86166.0
2025-03-04 00:00:00+00:00,85993.0
2025-03-04 01:00:00+00:00,83334.0
2025-03-04 02:00:00+00:00,83868.0
2025-03-04 03:00:00+00:00,83940.0
2025-03-04 04:00:00+00:00,83380.0
2025-03-04 05:00:00+00:00,84240.0
2025-03-04 06:00:00+00:00,83821.0
2025-03-04 07:00:00+00:00,83139.0
2025-03-04 08:00:00+00:00,83858.0
2025-03-04 09:00:00+00:00,83707.0
2025-03-04 10:00:00+00:00,83936.0
2025-03-04 11:00:00+00:00,83900.0
2025-03-04 12:00:00+00:00,83730.0
2025-03-04 13:00:00+00:00,82776.0
2025-03-04 14:00:00+00:00,83163.0
2025-03-04 15:00:00+00:00,82950.0
2025-03-04 16:00:00+00:00,83509.0
2025-03-04 17:00:00+00:00,85410.0
2025-03-04 18:00:00+00:00,86730.0
2025-03-04 19:00:00+00:00,88184.0
2025-03-04 20:00:00+00:00,86842.0
2025-03-04 21:00:00+00:00,87520.0
2025-03-04 22:00:00+00:00,87472.0
2025-03-04 23:00:00+00:00,87261.0
2025-03-05 00:00:00+00:00,86786.0
2025-03-05 01:00:00+00:00,87610.0
2025-03-05 02:00:00+00:00,87451.0
2025-03-05 03:00:00+00:00,86829.0
2025-03-05 04:00:00+00:00,86909.0
2025-03-05 05:00:00+00:00,87123.0
2025-03-05 06:00:00+00:00,87451.0
2025-03-05 07:00:00+00:00,87580.0
2025-03-05 08:00:00+00:00,87725.0
2025-03-05 09:00:00+00:00,88427.0
2025-03-05 10:00:00+00:00,89883.0
2025-03-05 11:00:00+00:00,89777.0
2025-03-05 12:00:00+00:00,90321.0
2025-03-05 13:00:00+00:00,89445.0
2025-03-05 14:00:00+00:00,88509.0
2025-03-05 15:00:00+00:00,88307.0
2025-03-05 16:00:00+00:00,88888.0
2025-03-05 17:00:00+00:00,89665.0
2025-03-05 18:00:00+00:00,89675.0
2025-03-05 19:00:00+00:00,89717.0
2025-03-05 20:00:00+00:00,90450.0
2025-03-05 21:00:00+00:00,90314.0
2025-03-05 22:00:00+00:00,90401.0
2025-03-05 23:00:00+00:00,90568.0
2025-03-06 00:00:00+00:00,90027.0
2025-03-06 01:00:00+00:00,91005.0
2025-03-06 02:00:00+00:00,91782.0
2025-03-06 03:00:00+00:00,91574.0
2025-03-06 04:00:00+00:00,92252.0
2025-03-06 05:00:00+00:00,92691.0
2025-03-06 06:00:00+00:00,91896.0
2025-03-06 07:00:00+00:00,91325.0
2025-03-06 08:00:00+00:00,91130.0
2025-03-06 09:00:00+00:00,90721.0
2025-03-06 10:00:00+00:00,91249.0
2025-03-06 11:00:00+00:00,91299.0
2025-03-06 12:00:00+00:00,90055.0
2025-03-06 13:00:00+00:00,89523.0
2025-03-06 14:00:00+00:00,89772.0
2025-03-06 15:00:00+00:00,90780.0
2025-03-06 16:00:00+00:00,89284.0
2025-03-06 17:00:00+00:00,88592.0
2025-03-06 18:00:00+00:00,88387.0
2025-03-06 19:00:00+00:00,88496.0
2025-03-06 20:00:00+00:00,89000.0
2025-03-06 21:00:00+00:00,89891.0
2025-03-06 22:00:00+00:00,90252.0
2025-03-06 23:00:00+00:00,89900.0
2025-03-07 00:00:00+00:00,85486.0
2025-03-07 01:00:00+00:00,88213.0
2025-03-07 02:00:00+00:00,87204.0
2025-03-07 03:00:00+00:00,86953.0
2025-03-07 04:00:00+00:00,87592.0
2025-03-07 05:00:00+00:00,88192.0
2025-03-07 06:00:00+00:00,88186.0
2025-03-07 07:00:00+00:00,88325.0
2025-03-07 08:00:00+00:00,88325.0
2025-03-07 09:00:00+00:00,88900.0
2025-03-07 10:00:00+00:00,89219.0
2025-03-07 11:00:00+00:00,88947.0
2025-03-07 12:00:00+00:00,89040.0
2025-03-07 13:00:00+00:00,89139.0
2025-03-07 14:00:00+00:00,90446.0
2025-03-07 15:00:00+00:00,88440.0
2025-03-07 16:00:00+00:00,87233.0
2025-03-07 17:00:00+00:00,87674.0
2025-03-07 18:00:00+00:00,88573.0
2025-03-07 19:00:00+00:00,87793.0
2025-03-07 20:00:00+00:00,86966.0
2025-03-07 21:00:00+00:00,86274.0
2025-03-07 22:00:00+00:00,86718.0
2025-03-07 23:00:00+00:00,86759.0
2025-03-08 00:00:00+00:00,86695.0
2025-03-08 01:00:00+00:00,86069.0
2025-03-08 02:00:00+00:00,86143.0
2025-03-08 03:00:00+00:00,85870.0
2025-03-08 04:00:00+00:00,86409.0
2025-03-08 05:00:00+00:00,86238.0
2025-03-08 06:00:00+00:00,86436.0
2025-03-08 07:00:00+00:00,86166.0
2025-03-08 08:00:00+00:00,86031.0
2025-03-08 09:00:00+00:00,85912.0
2025-03-08 10:00:00+00:00,86085.0
2025-03-08 11:00:00+00:00,85924.0
2025-03-08 12:00:00+00:00,86164.0
2025-03-08 13:00:00+00:00,86273.0
2025-03-08 14:00:00+00:00,86325.0
2025-03-08 15:00:00+00:00,86364.0
2025-03-08 16:00:00+00:00,86106.0
2025-03-08 17:00:00+00:00,85897.0
2025-03-08 18:00:00+00:00,86005.0
2025-03-08 19:00:00+00:00,86190.0
2025-03-08 20:00:00+00:00,86246.0
2025-03-08 21:00:00+00:00,86195.0
2025-03-08 22:00:00+00:00,86312.0
2025-03-08 23:00:00+00:00,86188.0
2025-03-09 00:00:00+00:00,86393.0
2025-03-09 01:00:00+00:00,86156.0
2025-03-09 02:00:00+00:00,85963.0
2025-03-09 03:00:00+00:00,86080.0
2025-03-09 04:00:00+00:00,86024.0
2025-03-09 05:00:00+00:00,85993.0
2025-03-09 06:00:00+00:00,85866.0
2025-03-09 07:00:00+00:00,85972.0
2025-03-09 08:00:00+00:00,85751.0
2025-03-09 09:00:00+00:00,85534.0
2025-03-09 10:00:00+00:00,84811.0
2025-03-09 11:00:00+00:00,84955.0
2025-03-09 12:00:00+00:00,84559.0
2025-03-09 13:00:00+00:00,83423.0
2025-03-09 14:00:00+00:00,83559.0
2025-03-09 15:00:00+00:00,83038.0
2025-03-09 16:00:00+00:00,82437.0
2025-03-09 17:00:00+00:00,82320.0
2025-03-09 18:00:00+00:00,82609.0
2025-03-09 19:00:00+00:00,82546.0
2025-03-09 20:00:00+00:00,82975.0
2025-03-09 21:00:00+00:00,81775.0
2025-03-09 22:00:00+00:00,80315.0
2025-03-09 23:00:00+00:00,80693.0
2025-03-10 00:00:00+00:00,81215.0
2025-03-10 01:00:00+00:00,81692.0
2025-03-10 02:00:00+00:00,82150.0
2025-03-10 03:00:00+00:00,81995.0
2025-03-10 04:00:00+00:00,82577.0
2025-03-10 05:00:00+00:00,82273.0
2025-03-10 06:00:00+00:00,82292.0
2025-03-10 07:00:00+00:00,82272.0
2025-03-10 08:00:00+00:00,81302.0
2025-03-10 09:00:00+00:00,82450.0
2025-03-10 10:00:00+00:00,82230.0
2025-03-10 11:00:00+00:00,83542.0
2025-03-10 12:00:00+00:00,83213.0
2025-03-10 13:00:00+00:00,81488.0
2025-03-10 14:00:00+00:00,79796.0
2025-03-10 15:00:00+00:00,80011.0
2025-03-10 16:00:00+00:00,78959.0
2025-03-10 17:00:00+00:00,78399.0
2025-03-10 18:00:00+00:00,77615.0
2025-03-10 19:00:00+00:00,79020.0
2025-03-10 20:00:00+00:00,79261.0
2025-03-10 21:00:00+00:00,79531.0
2025-03-10 22:00:00+00:00,79468.0
2025-03-10 23:00:00+00:00,78564.0
2025-03-11 00:00:00+00:00,77613.0
2025-03-11 01:00:00+00:00,79079.0
2025-03-11 02:00:00+00:00,79313.0
2025-03-11 03:00:00+00:00,79487.0
2025-03-11 04:00:00+00:00,79708.0
2025-03-11 05:00:00+00:00,80216.0
2025-03-11 06:00:00+00:00,80071.0
2025-03-11 07:00:00+00:00,80392.0
2025-03-11 08:00:00+00:00,81070.0
2025-03-11 09:00:00+00:00,81414.0
2025-03-11 10:00:00+00:00,81773.0
2025-03-11 11:00:00+00:00,81686.0
2025-03-11 12:00:00+00:00,81205.0
2025-03-11 13:00:00+00:00,80848.0
2025-03-11 14:00:00+00:00,79744.0
2025-03-11 15:00:00+00:00,81181.0
2025-03-11 16:00:00+00:00,81361.0
2025-03-11 17:00:00+00:00,81261.0
2025-03-11 18:00:00+00:00,83252.0
2025-03-11 19:00:00+00:00,83083.0
2025-03-11 20:00:00+00:00,82772.0
2025-03-11 21:00:00+00:00,83073.0
2025-03-11 22:00:00+00:00,83101.0
2025-03-11 23:00:00+00:00,82890.0
2025-03-12 00:00:00+00:00,82724.0
2025-03-12 01:00:00+00:00,83271.0
2025-03-12 02:00:00+00:00,82403.0
2025-03-12 03:00:00+00:00,82099.0
2025-03-12 04:00:00+00:00,81776.0
2025-03-12 05:00:00+00:00,81939.0
2025-03-12 06:00:00+00:00,81383.0
2025-03-12 07:00:00+00:00,82424.0
2025-03-12 08:00:00+00:00,82671.0
2025-03-12 09:00:00+00:00,82661.0
2025-03-12 10:00:00+00:00,82480.0
2025-03-12 11:00:00+00:00,82990.0
2025-03-12 12:00:00+00:00,84027.0
2025-03-12 13:00:00+00:00,82663.0
2025-03-12 14:00:00+00:00,81475.0
2025-03-12 15:00:00+00:00,81647.0
2025-03-12 16:00:00+00:00,81905.0
2025-03-12 17:00:00+00:00,81808.0
2025-03-12 18:00:00+00:00,82594.0
2025-03-12 19:00:00+00:00,82869.0
2025-03-12 20:00:00+00:00,83085.0
2025-03-12 21:00:00+00:00,83062.0
2025-03-12 22:00:00+00:00,83611.0
2025-03-12 23:00:00+00:00,83650.0
2025-03-13 00:00:00+00:00,83427.0
2025-03-13 01:00:00+00:00,83890.0
2025-03-13 02:00:00+00:00,83769.0
2025-03-13 03:00:00+00:00,83550.0
2025-03-13 04:00:00+00:00,83258.0
2025-03-13 05:00:00+00:00,83126.0
2025-03-13 06:00:00+00:00,83250.0
2025-03-13 07:00:00+00:00,83129.0
2025-03-13 08:00:00+00:00,82927.0
2025-03-13 09:00:00+00:00,83389.0
2025-03-13 10:00:00+00:00,83134.0
2025-03-13 11:00:00+00:00,82925.0
2025-03-13 12:00:00+00:00,82487.0
2025-03-13 13:00:00+00:00,81743.0
2025-03-13 14:00:00+00:00,81966.0
2025-03-13 15:00:00+00:00,81000.0
2025-03-13 16:00:00+00:00,80822.0
2025-03-13 17:00:00+00:00,80020.0
2025-03-13 18:00:00+00:00,80768.0
2025-03-13 19:00:00+00:00,80171.0
2025-03-13 20:00:00+00:00,80327.0
2025-03-13 21:00:00+00:00,80757.0
2025-03-13 22:00:00+00:00,81331.0
2025-03-13 23:00:00+00:00,81073.0
2025-03-14 00:00:00+00:00,81436.0
2025-03-14 01:00:00+00:00,81546.0
2025-03-14 02:00:00+00:00,82178.0
2025-03-14 03:00:00+00:00,81854.0
2025-03-14 04:00:00+00:00,81911.0
2025-03-14 05:00:00+00:00,82113.0
2025-03-14 06:00:00+00:00,82002.0
2025-03-14 07:00:00+00:00,82142.0
2025-03-14 08:00:00+00:00,82554.0
2025-03-14 09:00:00+00:00,82740.0
2025-03-14 10:00:00+00:00,83011.0
2025-03-14 11:00:00+00:00,83221.0
2025-03-14 12:00:00+00:00,83392.0
2025-03-14 13:00:00+00:00,83567.0
2025-03-14 14:00:00+00:00,83500.0
2025-03-14 15:00:00+00:00,84715.0
2025-03-14 16:00:00+00:00,84770.0
2025-03-14 17:00:00+00:00,84333.0
2025-03-14 18:00:00+00:00,84531.0
2025-03-14 19:00:00+00:00,84520.0
2025-03-14 20:00:00+00:00,84111.0
2025-03-14 21:00:00+00:00,84179.0
2025-03-14 22:00:00+00:00,84402.0
2025-03-14 23:00:00+00:00,83949.0
2025-03-15 00:00:00+00:00,84260.0
2025-03-15 01:00:00+00:00,84324.0
2025-03-15 02:00:00+00:00,84510.0
2025-03-15 03:00:00+00:00,84460.0
2025-03-15 04:00:00+00:00,84436.0
2025-03-15 05:00:00+00:00,84234.0
2025-03-15 06:00:00+00:00,84166.0
2025-03-15 07:00:00+00:00,83812.0
2025-03-15 08:00:00+00:00,83878.0
2025-03-15 09:00:00+00:00,83936.0
2025-03-15 10:00:00+00:00,83870.0
2025-03-15 11:00:00+00:00,84056.0
2025-03-15 12:00:00+00:00,84114.0
2025-03-15 13:00:00+00:00,84405.0
2025-03-15 14:00:00+00:00,84105.0
2025-03-15 15:00:00+00:00,84300.0
2025-03-15 16:00:00+00:00,84319.0
2025-03-15 17:00:00+00:00,84394.0
2025-03-15 18:00:00+00:00,84190.0
2025-03-15 19:00:00+00:00,84260.0
2025-03-15 20:00:00+00:00,84355.0
2025-03-15 21:00:00+00:00,84354.0
2025-03-15 22:00:00+00:00,84342.0
2025-03-15 23:00:00+00:00,84309.0
2025-03-16 00:00:00+00:00,84222.0
2025-03-16 01:00:00+00:00,83846.0
2025-03-16 02:00:00+00:00,83929.0
2025-03-16 03:00:00+00:00,84294.0
2025-03-16 04:00:00+00:00,84361.0
2025-03-16 05:00:00+00:00,84354.0
2025-03-16 06:00:00+00:00,84180.0
2025-03-16 07:00:00+00:00,84236.0
2025-03-16 08:00:00+00:00,84217.0
2025-03-16 09:00:00+00:00,83860.0
2025-03-16 10:00:00+00:00,83624.0
2025-03-16 11:00:00+00:00,82347.0
2025-03-16 12:00:00+00:00,82705.0
2025-03-16 13:00:00+00:00,82551.0
2025-03-16 14:00:00+00:00,83323.0
2025-03-16 15:00:00+00:00,83274.0
2025-03-16 16:00:00+00:00,83602.0
2025-03-16 17:00:00+00:00,83872.0
2025-03-16 18:00:00+00:00,83661.0
2025-03-16 19:00:00+00:00,83067.0
2025-03-16 20:00:00+00:00,83178.0
2025-03-16 21:00:00+00:00,82729.0
2025-03-16 22:00:00+00:00,82049.0
2025-03-16 23:00:00+00:00,82529.0
2025-03-17 00:00:00+00:00,83012.0
2025-03-17 01:00:00+00:00,83198.0
2025-03-17 02:00:00+00:00,83180.0
2025-03-17 03:00:00+00:00,83631.0
2025-03-17 04:00:00+00:00,83585.0
2025-03-17 05:00:00+00:00,83098.0
2025-03-17 06:00:00+00:00,83185.0
2025-03-17 07:00:00+00:00,83520.0
2025-03-17 08:00:00+00:00,83501.0
2025-03-17 09:00:00+00:00,83620.0
2025-03-17 10:00:00+00:00,83301.0
2025-03-17 11:00:00+00:00,83474.0
2025-03-17 12:00:00+00:00,83004.0
2025-03-17 13:00:00+00:00,82972.0
2025-03-17 14:00:00+00:00,82881.0
2025-03-17 15:00:00+00:00,83498.0
2025-03-17 16:00:00+00:00,83409.0
2025-03-17 17:00:00+00:00,84171.0
2025-03-17 18:00:00+00:00,84469.0
2025-03-17 19:00:00+00:00,84434.0
2025-03-17 20:00:00+00:00,83920.0
2025-03-17 21:00:00+00:00,84027.0
2025-03-17 22:00:00+00:00,84010.0
2025-03-17 23:00:00+00:00,83956.0
2025-03-18 00:00:00+00:00,83748.0
2025-03-18 01:00:00+00:00,83120.0
2025-03-18 02:00:00+00:00,83325.0
2025-03-18 03:00:00+00:00,83101.0
2025-03-18 04:00:00+00:00,82954.0
2025-03-18 05:00:00+00:00,82988.0
2025-03-18 06:00:00+00:00,82404.0
2025-03-18 07:00:00+00:00,83118.0
2025-03-18 08:00:00+00:00,83247.0
2025-03-18 09:00:00+00:00,82812.0
2025-03-18 10:00:00+00:00,82784.0
2025-03-18 11:00:00+00:00,82547.0
2025-03-18 12:00:00+00:00,82357.0
2025-03-18 13:00:00+00:00,81320.0
2025-03-18 14:00:00+00:00,81805.0
2025-03-18 15:00:00+00:00,81556.0
2025-03-18 16:00:00+00:00,81814.0
2025-03-18 17:00:00+00:00,81425.0
2025-03-18 18:00:00+00:00,81844.0
2025-03-18 19:00:00+00:00,82264.0
2025-03-18 20:00:00+00:00,82005.0
2025-03-18 21:00:00+00:00,82008.0
2025-03-18 22:00:00+00:00,82343.0
2025-03-18 23:00:00+00:00,82676.0
2025-03-19 00:00:00+00:00,83072.0
2025-03-19 01:00:00+00:00,82555.0
2025-03-19 02:00:00+00:00,82831.0
2025-03-19 03:00:00+00:00,82998.0
2025-03-19 04:00:00+00:00,82922.0
2025-03-19 05:00:00+00:00,83205.0
2025-03-19 06:00:00+00:00,83158.0
2025-03-19 07:00:00+00:00,83162.0
2025-03-19 08:00:00+00:00,83374.0
2025-03-19 09:00:00+00:00,83496.0
2025-03-19 10:00:00+00:00,83439.0
2025-03-19 11:00:00+00:00,83837.0
2025-03-19 12:00:00+00:00,83715.0
2025-03-19 13:00:00+00:00,84058.0
2025-03-19 14:00:00+00:00,84274.0
2025-03-19 15:00:00+00:00,84695.0
2025-03-19 16:00:00+00:00,84543.0
2025-03-19 17:00:00+00:00,84206.0
2025-03-19 18:00:00+00:00,85572.0
2025-03-19 19:00:00+00:00,85406.0
2025-03-19 20:00:00+00:00,85308.0
2025-03-19 21:00:00+00:00,85590.0
2025-03-19 22:00:00+00:00,86112.0
2025-03-19 23:00:00+00:00,86793.0
2025-03-20 00:00:00+00:00,85992.0
2025-03-20 01:00:00+00:00,85842.0
2025-03-20 02:00:00+00:00,86024.0
2025-03-20 03:00:00+00:00,85855.0
2025-03-20 04:00:00+00:00,85638.0
2025-03-20 05:00:00+00:00,85794.0
2025-03-20 06:00:00+00:00,85723.0
2025-03-20 07:00:00+00:00,85781.0
2025-03-20 08:00:00+00:00,86201.0
2025-03-20 09:00:00+00:00,85841.0
2025-03-20 10:00:00+00:00,85124.0
2025-03-20 11:00:00+00:00,85451.0
2025-03-20 12:00:00+00:00,85297.0
2025-03-20 13:00:00+00:00,85459.0
2025-03-20 14:00:00+00:00,86140.0
2025-03-20 15:00:00+00:00,84659.0
2025-03-20 16:00:00+00:00,83765.0
2025-03-20 17:00:00+00:00,84052.0
2025-03-20 18:00:00+00:00,84013.0
2025-03-20 19:00:00+00:00,84130.0
2025-03-20 20:00:00+00:00,84489.0
2025-03-20 21:00:00+00:00,84326.0
2025-03-20 22:00:00+00:00,84100.0
2025-03-20 23:00:00+00:00,84169.0
2025-03-21 00:00:00+00:00,84453.0
2025-03-21 01:00:00+00:00,84736.0
2025-03-21 02:00:00+00:00,84639.0
2025-03-21 03:00:00+00:00,84403.0
2025-03-21 04:00:00+00:00,84621.0
2025-03-21 05:00:00+00:00,84421.0
2025-03-21 06:00:00+00:00,84165.0
2025-03-21 07:00:00+00:00,83898.0
2025-03-21 08:00:00+00:00,83972.0
2025-03-21 09:00:00+00:00,84100.0
2025-03-21 10:00:00+00:00,84109.0
2025-03-21 11:00:00+00:00,84002.0
2025-03-21 12:00:00+00:00,83425.0
2025-03-21 13:00:00+00:00,83899.0
2025-03-21 14:00:00+00:00,84198.0
2025-03-21 15:00:00+00:00,83525.0
2025-03-21 16:00:00+00:00,84069.0
2025-03-21 17:00:00+00:00,83981.0
2025-03-21 18:00:00+00:00,84059.0
2025-03-21 19:00:00+00:00,83921.0
2025-03-21 20:00:00+00:00,84173.0
2025-03-21 21:00:00+00:00,84359.0
2025-03-21 22:00:00+00:00,84141.0
2025-03-21 23:00:00+00:00,84055.0
2025-03-22 00:00:00+00:00,84148.0
2025-03-22 01:00:00+00:00,84028.0
2025-03-22 02:00:00+00:00,84143.0
2025-03-22 03:00:00+00:00,84215.0
2025-03-22 04:00:00+00:00,84322.0
2025-03-22 05:00:00+00:00,84290.0
2025-03-22 06:00:00+00:00,84297.0
2025-03-22 07:00:00+00:00,84239.0
2025-03-22 08:00:00+00:00,84181.0
2025-03-22 09:00:00+00:00,84314.0
2025-03-22 10:00:00+00:00,84367.0
2025-03-22 11:00:00+00:00,84194.0
2025-03-22 12:00:00+00:00,84185.0
2025-03-22 13:00:00+00:00,84129.0
2025-03-22 14:00:00+00:00,83967.0
2025-03-22 15:00:00+00:00,84068.0
2025-03-22 16:00:00+00:00,84093.0
2025-03-22 17:00:00+00:00,84190.0
2025-03-22 18:00:00+00:00,84195.0
2025-03-22 19:00:00+00:00,84131.0
2025-03-22 20:00:00+00:00,83904.0
2025-03-22 21:00:00+00:00,83975.0
2025-03-22 22:00:00+00:00,83911.0
2025-03-22 23:00:00+00:00,83806.0
2025-03-23 00:00:00+00:00,83959.0
2025-03-23 01:00:00+00:00,84030.0
2025-03-23 02:00:00+00:00,84197.0
2025-03-23 03:00:00+00:00,84199.0
2025-03-23 04:00:00+00:00,84070.0
2025-03-23 05:00:00+00:00,84190.0
2025-03-23 06:00:00+00:00,84194.0
2025-03-23 07:00:00+00:00,84231.0
2025-03-23 08:00:00+00:00,84300.0
2025-03-23 09:00:00+00:00,84280.0
2025-03-23 10:00:00+00:00,84415.0
2025-03-23 11:00:00+00:00,84633.0
2025-03-23 12:00:00+00:00,84682.0
2025-03-23 13:00:00+00:00,85030.0
2025-03-23 14:00:00+00:00,84861.0
2025-03-23 15:00:00+00:00,85142.0
2025-03-23 16:00:00+00:00,85211.0
2025-03-23 17:00:00+00:00,84983.0
2025-03-23 18:00:00+00:00,84940.0
2025-03-23 19:00:00+00:00,84972.0
2025-03-23 20:00:00+00:00,85054.0
2025-03-23 21:00:00+00:00,85144.0
2025-03-23 22:00:00+00:00,85330.0
2025-03-23 23:00:00+00:00,86038.0
2025-03-24 00:00:00+00:00,85990.0
2025-03-24 01:00:00+00:00,85530.0
2025-03-24 02:00:00+00:00,85831.0
2025-03-24 03:00:00+00:00,86502.0
2025-03-24 04:00:00+00:00,86807.0
2025-03-24 05:00:00+00:00,86870.0
2025-03-24 06:00:00+00:00,87091.0
2025-03-24 07:00:00+00:00,86844.0
2025-03-24 08:00:00+00:00,87370.0
2025-03-24 09:00:00+00:00,87128.0
2025-03-24 10:00:00+00:00,87740.0
2025-03-24 11:00:00+00:00,87647.0
2025-03-24 12:00:00+00:00,87300.0
2025-03-24 13:00:00+00:00,87658.0
2025-03-24 14:00:00+00:00,87933.0
2025-03-24 15:00:00+00:00,88284.0
2025-03-24 16:00:00+00:00,88008.0
2025-03-24 17:00:00+00:00,88415.0
2025-03-24 18:00:00+00:00,88400.0
2025-03-24 19:00:00+00:00,88166.0
2025-03-24 20:00:00+00:00,87786.0
2025-03-24 21:00:00+00:00,88068.0
2025-03-24 22:00:00+00:00,87420.0
2025-03-24 23:00:00+00:00,87460.0
2025-03-25 00:00:00+00:00,87566.0
2025-03-25 01:00:00+00:00,87054.0
2025-03-25 02:00:00+00:00,86820.0
2025-03-25 03:00:00+00:00,86469.0
2025-03-25 04:00:00+00:00,86498.0
2025-03-25 05:00:00+00:00,86594.0
2025-03-25 06:00:00+00:00,86502.0
2025-03-25 07:00:00+00:00,86409.0
2025-03-25 08:00:00+00:00,86663.0
2025-03-25 09:00:00+00:00,87182.0
2025-03-25 10:00:00+00:00,87085.0
2025-03-25 11:00:00+00:00,87334.0
2025-03-25 12:00:00+00:00,87057.0
2025-03-25 13:00:00+00:00,87572.0
2025-03-25 14:00:00+00:00,87952.0
2025-03-25 15:00:00+00:00,87732.0
2025-03-25 16:00:00+00:00,87766.0
2025-03-25 17:00:00+00:00,87886.0
2025-03-25 18:00:00+00:00,87753.0
2025-03-25 19:00:00+00:00,88054.0
2025-03-25 20:00:00+00:00,87816.0
2025-03-25 21:00:00+00:00,87717.0
2025-03-25 22:00:00+00:00,87405.0
2025-03-25 23:00:00+00:00,87363.0
2025-03-26 00:00:00+00:00,87607.0
2025-03-26 01:00:00+00:00,87796.0
2025-03-26 02:00:00+00:00,87295.0
2025-03-26 03:00:00+00:00,87123.0
2025-03-26 04:00:00+00:00,87286.0
2025-03-26 05:00:00+00:00,87482.0
2025-03-26 06:00:00+00:00,87863.0
2025-03-26 07:00:00+00:00,88104.0
2025-03-26 08:00:00+00:00,87927.0
2025-03-26 09:00:00+00:00,87900.0
2025-03-26 10:00:00+00:00,88177.0
2025-03-26 11:00:00+00:00,87920.0
2025-03-26 12:00:00+00:00,87775.0
2025-03-26 13:00:00+00:00,86795.0
2025-03-26 14:00:00+00:00,86706.0
2025-03-26 15:00:00+00:00,86687.0
2025-03-26 16:00:00+00:00,86444.0
2025-03-26 17:00:00+00:00,86514.0
2025-03-26 18:00:00+00:00,86147.0
2025-03-26 19:00:00+00:00,86519.0
2025-03-26 20:00:00+00:00,87241.0
2025-03-26 21:00:00+00:00,87061.0
2025-03-26 22:00:00+00:00,86788.0
2025-03-26 23:00:00+00:00,86861.0
2025-03-27 00:00:00+00:00,87243.0
2025-03-27 01:00:00+00:00,87341.0
2025-03-27 02:00:00+00:00,87530.0
2025-03-27 03:00:00+00:00,87627.0
2025-03-27 04:00:00+00:00,87480.0
2025-03-27 05:00:00+00:00,87285.0
2025-03-27 06:00:00+00:00,87309.0
2025-03-27 07:00:00+00:00,87350.0
2025-03-27 08:00:00+00:00,87392.0
2025-03-27 09:00:00+00:00,87378.0
2025-03-27 10:00:00+00:00,87149.0
2025-03-27 11:00:00+00:00,86901.0
2025-03-27 12:00:00+00:00,86700.0
2025-03-27 13:00:00+00:00,86340.0
2025-03-27 14:00:00+00:00,87240.0
2025-03-27 15:00:00+00:00,86915.0
2025-03-27 16:00:00+00:00,86777.0
2025-03-27 17:00:00+00:00,86846.0
2025-03-27 18:00:00+00:00,87160.0
2025-03-27 19:00:00+00:00,87020.0
2025-03-27 20:00:00+00:00,87255.0
2025-03-27 21:00:00+00:00,87531.0
2025-03-27 22:00:00+00:00,87311.0
2025-03-27 23:00:00+00:00,87182.0
2025-03-28 00:00:00+00:00,87292.0
2025-03-28 01:00:00+00:00,87192.0
2025-03-28 02:00:00+00:00,86947.0
2025-03-28 03:00:00+00:00,86745.0
2025-03-28 04:00:00+00:00,86244.0
2025-03-28 05:00:00+00:00,86011.0
2025-03-28 06:00:00+00:00,85681.0
2025-03-28 07:00:00+00:00,85158.0
2025-03-28 08:00:00+00:00,85167.0
2025-03-28 09:00:00+00:00,85108.0
2025-03-28 10:00:00+00:00,84909.0
2025-03-28 11:00:00+00:00,85201.0
2025-03-28 12:00:00+00:00,84992.0
2025-03-28 13:00:00+00:00,84954.0
2025-03-28 14:00:00+00:00,84139.0
2025-03-28 15:00:00+00:00,84007.0
2025-03-28 16:00:00+00:00,83752.0
2025-03-28 17:00:00+00:00,83975.0
2025-03-28 18:00:00+00:00,83840.0
2025-03-28 19:00:00+00:00,83764.0
2025-03-28 20:00:00+00:00,83768.0
2025-03-28 21:00:00+00:00,84018.0
2025-03-28 22:00:00+00:00,84440.0
2025-03-28 23:00:00+00:00,84375.0
2025-03-29 00:00:00+00:00,84350.0
2025-03-29 01:00:00+00:00,84225.0
2025-03-29 02:00:00+00:00,83803.0
2025-03-29 03:00:00+00:00,84120.0
2025-03-29 04:00:00+00:00,84037.0
2025-03-29 05:00:00+00:00,83961.0
2025-03-29 06:00:00+00:00,83752.0
2025-03-29 07:00:00+00:00,83690.0
2025-03-29 08:00:00+00:00,83886.0
2025-03-29 09:00:00+00:00,83506.0
2025-03-29 10:00:00+00:00,82891.0
2025-03-29 11:00:00+00:00,82245.0
2025-03-29 12:00:00+00:00,82414.0
2025-03-29 13:00:00+00:00,82802.0
2025-03-29 14:00:00+00:00,82467.0
2025-03-29 15:00:00+00:00,82371.0
2025-03-29 16:00:00+00:00,82148.0
2025-03-29 17:00:00+00:00,82293.0
2025-03-29 18:00:00+00:00,82310.0
2025-03-29 19:00:00+00:00,82729.0
2025-03-29 20:00:00+00:00,82470.0
2025-03-29 21:00:00+00:00,82482.0
2025-03-29 22:00:00+00:00,82361.0
2025-03-29 23:00:00+00:00,82604.0
2025-03-30 00:00:00+00:00,82766.0
2025-03-30 01:00:00+00:00,82891.0
2025-03-30 02:00:00+00:00,83270.0
2025-03-30 03:00:00+00:00,83043.0
2025-03-30 04:00:00+00:00,83070.0
2025-03-30 05:00:00+00:00,82922.0
2025-03-30 06:00:00+00:00,83145.0
2025-03-30 07:00:00+00:00,83033.0
2025-03-30 08:00:00+00:00,83340.0
2025-03-30 09:00:00+00:00,83454.0
2025-03-30 10:00:00+00:00,83084.0
2025-03-30 11:00:00+00:00,83074.0
2025-03-30 12:00:00+00:00,83023.0
2025-03-30 13:00:00+00:00,82647.0
2025-03-30 14:00:00+00:00,82764.0
2025-03-30 15:00:00+00:00,82693.0
2025-03-30 16:00:00+00:00,82242.0
2025-03-30 17:00:00+00:00,82376.0
2025-03-30 18:00:00+00:00,82700.0
2025-03-30 19:00:00+00:00,82512.0
2025-03-30 20:00:00+00:00,82523.0
2025-03-30 21:00:00+00:00,82191.0
2025-03-30 22:00:00+00:00,82397.0
2025-03-30 23:00:00+00:00,82348.0
2025-03-31 00:00:00+00:00,81599.0
2025-03-31 01:00:00+00:00,81916.0
2025-03-31 02:00:00+00:00,81886.0
2025-03-31 03:00:00+00:00,81487.0
2025-03-31 04:00:00+00:00,81806.0
2025-03-31 05:00:00+00:00,82130.0
2025-03-31 06:00:00+00:00,82017.0
2025-03-31 07:00:00+00:00,81900.0
2025-03-31 08:00:00+00:00,81873.0
2025-03-31 09:00:00+00:00,81411.0
2025-03-31 10:00:00+00:00,82137.0
2025-03-31 11:00:00+00:00,82170.0
2025-03-31 12:00:00+00:00,82735.0
2025-03-31 13:00:00+00:00,82466.0
2025-03-31 14:00:00+00:00,83451.0
2025-03-31 15:00:00+00:00,83378.0
2025-03-31 16:00:00+00:00,83247.0
2025-03-31 17:00:00+00:00,82622.0
2025-03-31 18:00:00+00:00,83239.0
2025-03-31 19:00:00+00:00,82410.0
2025-03-31 20:00:00+00:00,82370.0
2025-03-31 21:00:00+00:00,82503.0
2025-03-31 22:00:00+00:00,82356.0
2025-03-31 23:00:00+00:00,82505.0
2025-04-01 00:00:00+00:00,82600.0
2025-04-01 01:00:00+00:00,82660.0
2025-04-01 02:00:00+00:00,83053.0
2025-04-01 03:00:00+00:00,82929.0
2025-04-01 04:00:00+00:00,83031.0
2025-04-01 05:00:00+00:00,82975.0
2025-04-01 06:00:00+00:00,83426.0
2025-04-01 07:00:00+00:00,83421.0
2025-04-01 08:00:00+00:00,84067.0
2025-04-01 09:00:00+00:00,84318.0
2025-04-01 10:00:00+00:00,84153.0
2025-04-01 11:00:00+00:00,83895.0
2025-04-01 12:00:00+00:00,83578.0
2025-04-01 13:00:00+00:00,83592.0
2025-04-01 14:00:00+00:00,84136.0
2025-04-01 15:00:00+00:00,85250.0
2025-04-01 16:00:00+00:00,85071.0
2025-04-01 17:00:00+00:00,85078.0
2025-04-01 18:00:00+00:00,85070.0
2025-04-01 19:00:00+00:00,84909.0
2025-04-01 20:00:00+00:00,85198.0
2025-04-01 21:00:00+00:00,85192.0
2025-04-01 22:00:00+00:00,85067.0
2025-04-01 23:00:00+00:00,85131.0
2025-04-02 00:00:00+00:00,84934.0
2025-04-02 01:00:00+00:00,85112.0
2025-04-02 02:00:00+00:00,84679.0
2025-04-02 03:00:00+00:00,84504.0
2025-04-02 04:00:00+00:00,84563.0
2025-04-02 05:00:00+00:00,84060.0
2025-04-02 06:00:00+00:00,84075.0
2025-04-02 07:00:00+00:00,84383.0
2025-04-02 08:00:00+00:00,84620.0
2025-04-02 09:00:00+00:00,84990.0
2025-04-02 10:00:00+00:00,84823.0
2025-04-02 11:00:00+00:00,84520.0
2025-04-02 12:00:00+00:00,84996.0
2025-04-02 13:00:00+00:00,85170.0
2025-04-02 14:00:00+00:00,85834.0
2025-04-02 15:00:00+00:00,86700.0
2025-04-02 16:00:00+00:00,87014.0
2025-04-02 17:00:00+00:00,86581.0
2025-04-02 18:00:00+00:00,86253.0
2025-04-02 19:00:00+00:00,86854.0
2025-04-02 20:00:00+00:00,85623.0
2025-04-02 21:00:00+00:00,84809.0
2025-04-02 22:00:00+00:00,82778.0
2025-04-02 23:00:00+00:00,82469.0
2025-04-03 00:00:00+00:00,83171.0
2025-04-03 01:00:00+00:00,83715.0
2025-04-03 02:00:00+00:00,83726.0
2025-04-03 03:00:00+00:00,83443.0
2025-04-03 04:00:00+00:00,83518.0
2025-04-03 05:00:00+00:00,83306.0
2025-04-03 06:00:00+00:00,83011.0
2025-04-03 07:00:00+00:00,83422.0
2025-04-03 08:00:00+00:00,83647.0
2025-04-03 09:00:00+00:00,83443.0
2025-04-03 10:00:00+00:00,83187.0
2025-04-03 11:00:00+00:00,83062.0
2025-04-03 12:00:00+00:00,81904.0
2025-04-03 13:00:00+00:00,82339.0
2025-04-03 14:00:00+00:00,81482.0
2025-04-03 15:00:00+00:00,81991.0
2025-04-03 16:00:00+00:00,81793.0
2025-04-03 17:00:00+00:00,81790.0
2025-04-03 18:00:00+00:00,82080.0
2025-04-03 19:00:00+00:00,81972.0
2025-04-03 20:00:00+00:00,82335.0
2025-04-03 21:00:00+00:00,82694.0
2025-04-03 22:00:00+00:00,82708.0
2025-04-03 23:00:00+00:00,83176.0
2025-04-04 00:00:00+00:00,83013.0
2025-04-04 01:00:00+00:00,82677.0
2025-04-04 02:00:00+00:00,82870.0
2025-04-04 03:00:00+00:00,82787.0
2025-04-04 04:00:00+00:00,82685.0
2025-04-04 05:00:00+00:00,83164.0
2025-04-04 06:00:00+00:00,83019.0
2025-04-04 07:00:00+00:00,83974.0
2025-04-04 08:00:00+00:00,84392.0
2025-04-04 09:00:00+00:00,84553.0
2025-04-04 10:00:00+00:00,82544.0
2025-04-04 11:00:00+00:00,82618.0
2025-04-04 12:00:00+00:00,82838.0
2025-04-04 13:00:00+00:00,83308.0
2025-04-04 14:00:00+00:00,82517.0
2025-04-04 15:00:00+00:00,82814.0
2025-04-04 16:00:00+00:00,83360.0
2025-04-04 17:00:00+00:00,84455.0
2025-04-04 18:00:00+00:00,83966.0
2025-04-04 19:00:00+00:00,83989.0
2025-04-04 20:00:00+00:00,84133.0
2025-04-04 21:00:00+00:00,84150.0
2025-04-04 22:00:00+00:00,84021.0
2025-04-04 23:00:00+00:00,83863.0
2025-04-05 00:00:00+00:00,83759.0
2025-04-05 01:00:00+00:00,83959.0
2025-04-05 02:00:00+00:00,83940.0
2025-04-05 03:00:00+00:00,83600.0
2025-04-05 04:00:00+00:00,83655.0
2025-04-05 05:00:00+00:00,83655.0
2025-04-05 06:00:00+00:00,83437.0
2025-04-05 07:00:00+00:00,83484.0
2025-04-05 08:00:00+00:00,83490.0
2025-04-05 09:00:00+00:00,83807.0
2025-04-05 10:00:00+00:00,83608.0
2025-04-05 11:00:00+00:00,83428.0
2025-04-05 12:00:00+00:00,83246.0
2025-04-05 13:00:00+00:00,82715.0
2025-04-05 14:00:00+00:00,82872.0
2025-04-05 15:00:00+00:00,82580.0
2025-04-05 16:00:00+00:00,82719.0
2025-04-05 17:00:00+00:00,82841.0
2025-04-05 18:00:00+00:00,83010.0
2025-04-05 19:00:00+00:00,82828.0
2025-04-05 20:00:00+00:00,83053.0
2025-04-05 21:00:00+00:00,82893.0
2025-04-05 22:00:00+00:00,83155.0
2025-04-05 23:00:00+00:00,83497.0
2025-04-06 00:00:00+00:00,83489.0
2025-04-06 01:00:00+00:00,83390.0
2025-04-06 02:00:00+00:00,83266.0
2025-04-06 03:00:00+00:00,83314.0
2025-04-06 04:00:00+00:00,83471.0
2025-04-06 05:00:00+00:00,83414.0
2025-04-06 06:00:00+00:00,83078.0
2025-04-06 07:00:00+00:00,82989.0
2025-04-06 08:00:00+00:00,82986.0
2025-04-06 09:00:00+00:00,83039.0
2025-04-06 10:00:00+00:00,82827.0
2025-04-06 11:00:00+00:00,82813.0
2025-04-06 12:00:00+00:00,82660.0
2025-04-06 13:00:00+00:00,82265.0
2025-04-06 14:00:00+00:00,82625.0
2025-04-06 15:00:00+00:00,82508.0
2025-04-06 16:00:00+00:00,81930.0
2025-04-06 17:00:00+00:00,80776.0
2025-04-06 18:00:00+00:00,79072.0
2025-04-06 19:00:00+00:00,79580.0
2025-04-06 20:00:00+00:00,78831.0
2025-04-06 21:00:00+00:00,78909.0
2025-04-06 22:00:00+00:00,78033.0
2025-04-06 23:00:00+00:00,78377.0
2025-04-07 00:00:00+00:00,78274.0
2025-04-07 01:00:00+00:00,79102.0
2025-04-07 02:00:00+00:00,78396.0
2025-04-07 03:00:00+00:00,77650.0
2025-04-07 04:00:00+00:00,76946.0
2025-04-07 05:00:00+00:00,76918.0
2025-04-07 06:00:00+00:00,74780.0
2025-04-07 07:00:00+00:00,75078.0
2025-04-07 08:00:00+00:00,76221.0
2025-04-07 09:00:00+00:00,76249.0
2025-04-07 10:00:00+00:00,76952.0
2025-04-07 11:00:00+00:00,76650.0
2025-04-07 12:00:00+00:00,77299.0
2025-04-07 13:00:00+00:00,78330.0
2025-04-07 14:00:00+00:00,78995.0
2025-04-07 15:00:00+00:00,78428.0
2025-04-07 16:00:00+00:00,77386.0
2025-04-07 17:00:00+00:00,79033.0
2025-04-07 18:00:00+00:00,78437.0
2025-04-07 19:00:00+00:00,78092.0
2025-04-07 20:00:00+00:00,78916.0
2025-04-07 21:00:00+00:00,79210.0
2025-04-07 22:00:00+00:00,79921.0
2025-04-07 23:00:00+00:00,79145.0
2025-04-08 00:00:00+00:00,78992.0
2025-04-08 01:00:00+00:00,80557.0
2025-04-08 02:00:00+00:00,79919.0
2025-04-08 03:00:00+00:00,79867.0
2025-04-08 04:00:00+00:00,80250.0
2025-04-08 05:00:00+00:00,79823.0
2025-04-08 06:00:00+00:00,79422.0
2025-04-08 07:00:00+00:00,79465.0
2025-04-08 08:00:00+00:00,79130.0
2025-04-08 09:00:00+00:00,78872.0
2025-04-08 10:00:00+00:00,78989.0
2025-04-08 11:00:00+00:00,79956.0
2025-04-08 12:00:00+00:00,79803.0
2025-04-08 13:00:00+00:00,79859.0
2025-04-08 14:00:00+00:00,78433.0
2025-04-08 15:00:00+00:00,78456.0
2025-04-08 16:00:00+00:00,77386.0
2025-04-08 17:00:00+00:00,77308.0
2025-04-08 18:00:00+00:00,77207.0
2025-04-08 19:00:00+00:00,76828.0
2025-04-08 20:00:00+00:00,77106.0
2025-04-08 21:00:00+00:00,77064.0
2025-04-08 22:00:00+00:00,76688.0
2025-04-08 23:00:00+00:00,76287.0
2025-04-09 00:00:00+00:00,76479.0
2025-04-09 01:00:00+00:00,76027.0
2025-04-09 02:00:00+00:00,75622.0
2025-04-09 03:00:00+00:00,75013.0
2025-04-09 04:00:00+00:00,76384.0
2025-04-09 05:00:00+00:00,76700.0
2025-04-09 06:00:00+00:00,76799.0
2025-04-09 07:00:00+00:00,77654.0
2025-04-09 08:00:00+00:00,77265.0
2025-04-09 09:00:00+00:00,77432.0
2025-04-09 10:00:00+00:00,77155.0
2025-04-09 11:00:00+00:00,76201.0
2025-04-09 12:00:00+00:00,76735.0
2025-04-09 13:00:00+00:00,77682.0
2025-04-09 14:00:00+00:00,76850.0
2025-04-09 15:00:00+00:00,77235.0
2025-04-09 16:00:00+00:00,78249.0
2025-04-09 17:00:00+00:00,82161.0
2025-04-09 18:00:00+00:00,81750.0
2025-04-09 19:00:00+00:00,82295.0
2025-04-09 20:00:00+00:00,83155.0
2025-04-09 21:00:00+00:00,83248.0
2025-04-09 22:00:00+00:00,83028.0
2025-04-09 23:00:00+00:00,82594.0
2025-04-10 00:00:00+00:00,82320.0
2025-04-10 01:00:00+00:00,82221.0
2025-04-10 02:00:00+00:00,82166.0
2025-04-10 03:00:00+00:00,81756.0
2025-04-10 04:00:00+00:00,81995.0
2025-04-10 05:00:00+00:00,82132.0
2025-04-10 06:00:00+00:00,82111.0
2025-04-10 07:00:00+00:00,81558.0
2025-04-10 08:00:00+00:00,81514.0
2025-04-10 09:00:00+00:00,82002.0
2025-04-10 10:00:00+00:00,81721.0
2025-04-10 11:00:00+00:00,81836.0
2025-04-10 12:00:00+00:00,81670.0
2025-04-10 13:00:00+00:00,80840.0
2025-04-10 14:00:00+00:00,81235.0
2025-04-10 15:00:00+00:00,78735.0
2025-04-10 16:00:00+00:00,79413.0
2025-04-10 17:00:00+00:00,79286.0
2025-04-10 18:00:00+00:00,79448.0
2025-04-10 19:00:00+00:00,79601.0
2025-04-10 20:00:00+00:00,79900.0
2025-04-10 21:00:00+00:00,79666.0
2025-04-10 22:00:00+00:00,79653.0
2025-04-10 23:00:00+00:00,79558.0
2025-04-11 00:00:00+00:00,79001.0
2025-04-11 01:00:00+00:00,80400.0
2025-04-11 02:00:00+00:00,80254.0
2025-04-11 03:00:00+00:00,80807.0
2025-04-11 04:00:00+00:00,80852.0
2025-04-11 05:00:00+00:00,80785.0
2025-04-11 06:00:00+00:00,81066.0
2025-04-11 07:00:00+00:00,81222.0
2025-04-11 08:00:00+00:00,81596.0
2025-04-11 09:00:00+00:00,82400.0
2025-04-11 10:00:00+00:00,82687.0
2025-04-11 11:00:00+00:00,82115.0
2025-04-11 12:00:00+00:00,82094.0
2025-04-11 13:00:00+00:00,82909.0
2025-04-11 14:00:00+00:00,81868.0
2025-04-11 15:00:00+00:00,82495.0
2025-04-11 16:00:00+00:00,82755.0
2025-04-11 17:00:00+00:00,83906.0
2025-04-11 18:00:00+00:00,83574.0
2025-04-11 19:00:00+00:00,83827.0
2025-04-11 20:00:00+00:00,83792.0
2025-04-11 21:00:00+00:00,83630.0
2025-04-11 22:00:00+00:00,83383.0
2025-04-11 23:00:00+00:00,83383.0
2025-04-12 00:00:00+00:00,83329.0
2025-04-12 01:00:00+00:00,83180.0
2025-04-12 02:00:00+00:00,82771.0
2025-04-12 03:00:00+00:00,82933.0
2025-04-12 04:00:00+00:00,83168.0
2025-04-12 05:00:00+00:00,83293.0
2025-04-12 06:00:00+00:00,83525.0
2025-04-12 07:00:00+00:00,83685.0
2025-04-12 08:00:00+00:00,83565.0
2025-04-12 09:00:00+00:00,83506.0
2025-04-12 10:00:00+00:00,83386.0
2025-04-12 11:00:00+00:00,83482.0
2025-04-12 12:00:00+00:00,83786.0
2025-04-12 13:00:00+00:00,84410.0
2025-04-12 14:00:00+00:00,84782.0
2025-04-12 15:00:00+00:00,84978.0
2025-04-12 16:00:00+00:00,84623.0
2025-04-12 17:00:00+00:00,84732.0
2025-04-12 18:00:00+00:00,85131.0
2025-04-12 19:00:00+00:00,84883.0
2025-04-12 20:00:00+00:00,85487.0
2025-04-12 21:00:00+00:00,85327.0
2025-04-12 22:00:00+00:00,85300.0
2025-04-12 23:00:00+00:00,85239.0
2025-04-13 00:00:00+00:00,85455.0
2025-04-13 01:00:00+00:00,85202.0
2025-04-13 02:00:00+00:00,85232.0
2025-04-13 03:00:00+00:00,85390.0
2025-04-13 04:00:00+00:00,84578.0
2025-04-13 05:00:00+00:00,84486.0
2025-04-13 06:00:00+00:00,84566.0
2025-04-13 07:00:00+00:00,84372.0
2025-04-13 08:00:00+00:00,84632.0
2025-04-13 09:00:00+00:00,84859.0
2025-04-13 10:00:00+00:00,84650.0
2025-04-13 11:00:00+00:00,84479.0
2025-04-13 12:00:00+00:00,84411.0
2025-04-13 13:00:00+00:00,83569.0
2025-04-13 14:00:00+00:00,84049.0
2025-04-13 15:00:00+00:00,83802.0
2025-04-13 16:00:00+00:00,84177.0
2025-04-13 17:00:00+00:00,84710.0
2025-04-13 18:00:00+00:00,84695.0
2025-04-13 19:00:00+00:00,83944.0
2025-04-13 20:00:00+00:00,83450.0
2025-04-13 21:00:00+00:00,83560.0
2025-04-13 22:00:00+00:00,83289.0
2025-04-13 23:00:00+00:00,83717.0
2025-04-14 00:00:00+00:00,84293.0
2025-04-14 01:00:00+00:00,84192.0
2025-04-14 02:00:00+00:00,85086.0
2025-04-14 03:00:00+00:00,84531.0
2025-04-14 04:00:00+00:00,84845.0
2025-04-14 05:00:00+00:00,84542.0
2025-04-14 06:00:00+00:00,84586.0
2025-04-14 07:00:00+00:00,84553.0
2025-04-14 08:00:00+00:00,84730.0
2025-04-14 09:00:00+00:00,84406.0
2025-04-14 10:00:00+00:00,84619.0
2025-04-14 11:00:00+00:00,84890.0
2025-04-14 12:00:00+00:00,85090.0
2025-04-14 13:00:00+00:00,84338.0
2025-04-14 14:00:00+00:00,85380.0
2025-04-14 15:00:00+00:00,84065.0
2025-04-14 16:00:00+00:00,84308.0
2025-04-14 17:00:00+00:00,84833.0
2025-04-14 18:00:00+00:00,84952.0
2025-04-14 19:00:00+00:00,84871.0
2025-04-14 20:00:00+00:00,84806.0
2025-04-14 21:00:00+00:00,84667.0
2025-04-14 22:00:00+00:00,84459.0
2025-04-14 23:00:00+00:00,84548.0
2025-04-15 00:00:00+00:00,84878.0
2025-04-15 01:00:00+00:00,84936.0
2025-04-15 02:00:00+00:00,85190.0
2025-04-15 03:00:00+00:00,85368.0
2025-04-15 04:00:00+00:00,85462.0
2025-04-15 05:00:00+00:00,85509.0
2025-04-15 06:00:00+00:00,85365.0
2025-04-15 07:00:00+00:00,85711.0
2025-04-15 08:00:00+00:00,85818.0
2025-04-15 09:00:00+00:00,85966.0
2025-04-15 10:00:00+00:00,85607.0
2025-04-15 11:00:00+00:00,85550.0
2025-04-15 12:00:00+00:00,85792.0
2025-04-15 13:00:00+00:00,85543.0
2025-04-15 14:00:00+00:00,85105.0
2025-04-15 15:00:00+00:00,84864.0
2025-04-15 16:00:00+00:00,84807.0
2025-04-15 17:00:00+00:00,84416.0
2025-04-15 18:00:00+00:00,84140.0
2025-04-15 19:00:00+00:00,83944.0
2025-04-15 20:00:00+00:00,83965.0
2025-04-15 21:00:00+00:00,84121.0
2025-04-15 22:00:00+00:00,83788.0
2025-04-15 23:00:00+00:00,83604.0
2025-04-16 00:00:00+00:00,83097.0
2025-04-16 01:00:00+00:00,83584.0
2025-04-16 02:00:00+00:00,83845.0
2025-04-16 03:00:00+00:00,83635.0
2025-04-16 04:00:00+00:00,83531.0
2025-04-16 05:00:00+00:00,83311.0
2025-04-16 06:00:00+00:00,83600.0
2025-04-16 07:00:00+00:00,83313.0
2025-04-16 08:00:00+00:00,83696.0
2025-04-16 09:00:00+00:00,83551.0
2025-04-16 10:00:00+00:00,83896.0
2025-04-16 11:00:00+00:00,84005.0
2025-04-16 12:00:00+00:00,83705.0
2025-04-16 13:00:00+00:00,83681.0
2025-04-16 14:00:00+00:00,84563.0
2025-04-16 15:00:00+00:00,84800.0
2025-04-16 16:00:00+00:00,85006.0
2025-04-16 17:00:00+00:00,83250.0
2025-04-16 18:00:00+00:00,83980.0
2025-04-16 19:00:00+00:00,84295.0
2025-04-16 20:00:00+00:00,84260.0
2025-04-16 21:00:00+00:00,84509.0
2025-04-16 22:00:00+00:00,84412.0
2025-04-16 23:00:00+00:00,83986.0
2025-04-17 00:00:00+00:00,84175.0
2025-04-17 01:00:00+00:00,84300.0
2025-04-17 02:00:00+00:00,84219.0
2025-04-17 03:00:00+00:00,83950.0
2025-04-17 04:00:00+00:00,84116.0
2025-04-17 05:00:00+00:00,84351.0
2025-04-17 06:00:00+00:00,84741.0
2025-04-17 07:00:00+00:00,84639.0
2025-04-17 08:00:00+00:00,84405.0
2025-04-17 09:00:00+00:00,84437.0
2025-04-17 10:00:00+00:00,84330.0
2025-04-17 11:00:00+00:00,84528.0
2025-04-17 12:00:00+00:00,84748.0
2025-04-17 13:00:00+00:00,84431.0
2025-04-17 14:00:00+00:00,84051.0
2025-04-17 15:00:00+00:00,84500.0
2025-04-17 16:00:00+00:00,84889.0
2025-04-17 17:00:00+00:00,85076.0
2025-04-17 18:00:00+00:00,84867.0
2025-04-17 19:00:00+00:00,84800.0
2025-04-17 20:00:00+00:00,85106.0
2025-04-17 21:00:00+00:00,85016.0
2025-04-17 22:00:00+00:00,84689.0
2025-04-17 23:00:00+00:00,84907.0
2025-04-18 00:00:00+00:00,84776.0
2025-04-18 01:00:00+00:00,84889.0
2025-04-18 02:00:00+00:00,84866.0
2025-04-18 03:00:00+00:00,84797.0
2025-04-18 04:00:00+00:00,84622.0
2025-04-18 05:00:00+00:00,84693.0
2025-04-18 06:00:00+00:00,84676.0
2025-04-18 07:00:00+00:00,84616.0
2025-04-18 08:00:00+00:00,84612.0
2025-04-18 09:00:00+00:00,84506.0
2025-04-18 10:00:00+00:00,84489.0
2025-04-18 11:00:00+00:00,84628.0
2025-04-18 12:00:00+00:00,84592.0
2025-04-18 13:00:00+00:00,84512.0
2025-04-18 14:00:00+00:00,84532.0
2025-04-18 15:00:00+00:00,84330.0
2025-04-18 16:00:00+00:00,84432.0
2025-04-18 17:00:00+00:00,84525.0
2025-04-18 18:00:00+00:00,84583.0
2025-04-18 19:00:00+00:00,84534.0
2025-04-18 20:00:00+00:00,84475.0
2025-04-18 21:00:00+00:00,84582.0
2025-04-18 22:00:00+00:00,84478.0
2025-04-18 23:00:00+00:00,84420.0
2025-04-19 00:00:00+00:00,84393.0
2025-04-19 01:00:00+00:00,84500.0
2025-04-19 02:00:00+00:00,84740.0
2025-04-19 03:00:00+00:00,84839.0
2025-04-19 04:00:00+00:00,84985.0
2025-04-19 05:00:00+00:00,85047.0
2025-04-19 06:00:00+00:00,84897.0
2025-04-19 07:00:00+00:00,85187.0
2025-04-19 08:00:00+00:00,85290.0
2025-04-19 09:00:00+00:00,85316.0
2025-04-19 10:00:00+00:00,85231.0
2025-04-19 11:00:00+00:00,85194.0
2025-04-19 12:00:00+00:00,85267.0
2025-04-19 13:00:00+00:00,85456.0
2025-04-19 14:00:00+00:00,85381.0
2025-04-19 15:00:00+00:00,85150.0
2025-04-19 16:00:00+00:00,84814.0
2025-04-19 17:00:00+00:00,85214.0
2025-04-19 18:00:00+00:00,85106.0
2025-04-19 19:00:00+00:00,85055.0
2025-04-19 20:00:00+00:00,85149.0
2025-04-19 21:00:00+00:00,85304.0
2025-04-19 22:00:00+00:00,85228.0
2025-04-19 23:00:00+00:00,85049.0
2025-04-20 00:00:00+00:00,85130.0
2025-04-20 01:00:00+00:00,85274.0
2025-04-20 02:00:00+00:00,85191.0
2025-04-20 03:00:00+00:00,85120.0
2025-04-20 04:00:00+00:00,85144.0
2025-04-20 05:00:00+00:00,85050.0
2025-04-20 06:00:00+00:00,84907.0
2025-04-20 07:00:00+00:00,84731.0
2025-04-20 08:00:00+00:00,84585.0
2025-04-20 09:00:00+00:00,84486.0
2025-04-20 10:00:00+00:00,84131.0
2025-04-20 11:00:00+00:00,84081.0
2025-04-20 12:00:00+00:00,84314.0
2025-04-20 13:00:00+00:00,84270.0
2025-04-20 14:00:00+00:00,84581.0
2025-04-20 15:00:00+00:00,84296.0
2025-04-20 16:00:00+00:00,84560.0
2025-04-20 17:00:00+00:00,84539.0
2025-04-20 18:00:00+00:00,84534.0
2025-04-20 19:00:00+00:00,84601.0
2025-04-20 20:00:00+00:00,85087.0
2025-04-20 21:00:00+00:00,84974.0
2025-04-20 22:00:00+00:00,84792.0
2025-04-20 23:00:00+00:00,85146.0
2025-04-21 00:00:00+00:00,86585.0
2025-04-21 01:00:00+00:00,87242.0
2025-04-21 02:00:00+00:00,87322.0
2025-04-21 03:00:00+00:00,87175.0
2025-04-21 04:00:00+00:00,87339.0
2025-04-21 05:00:00+00:00,87513.0
2025-04-21 06:00:00+00:00,87478.0
2025-04-21 07:00:00+00:00,87419.0
2025-04-21 08:00:00+00:00,87550.0
2025-04-21 09:00:00+00:00,87484.0
2025-04-21 10:00:00+00:00,87300.0
2025-04-21 11:00:00+00:00,86941.0
2025-04-21 12:00:00+00:00,87006.0
2025-04-21 13:00:00+00:00,87000.0
2025-04-21 14:00:00+00:00,88173.0
2025-04-21 15:00:00+00:00,87993.0
2025-04-21 16:00:00+00:00,87148.0
2025-04-21 17:00:00+00:00,86818.0
2025-04-21 18:00:00+00:00,86761.0
2025-04-21 19:00:00+00:00,87360.0
2025-04-21 20:00:00+00:00,87339.0
2025-04-21 21:00:00+00:00,87231.0
2025-04-21 22:00:00+00:00,87123.0
2025-04-21 23:00:00+00:00,87472.0
2025-04-22 00:00:00+00:00,87650.0
2025-04-22 01:00:00+00:00,88352.0
2025-04-22 02:00:00+00:00,88142.0
2025-04-22 03:00:00+00:00,88118.0
2025-04-22 04:00:00+00:00,88017.0
2025-04-22 05:00:00+00:00,88349.0
2025-04-22 06:00:00+00:00,88198.0
2025-04-22 07:00:00+00:00,88440.0
2025-04-22 08:00:00+00:00,88361.0
2025-04-22 09:00:00+00:00,88539.0
2025-04-22 10:00:00+00:00,88477.0
2025-04-22 11:00:00+00:00,88581.0
2025-04-22 12:00:00+00:00,88948.0
2025-04-22 13:00:00+00:00,90192.0
2025-04-22 14:00:00+00:00,90731.0
2025-04-22 15:00:00+00:00,90876.0
2025-04-22 16:00:00+00:00,90629.0
2025-04-22 17:00:00+00:00,91337.0
2025-04-22 18:00:00+00:00,91438.0
2025-04-22 19:00:00+00:00,91356.0
2025-04-22 20:00:00+00:00,91039.0
2025-04-22 21:00:00+00:00,92998.0
2025-04-22 22:00:00+00:00,92760.0
2025-04-22 23:00:00+00:00,93400.0
2025-04-23 00:00:00+00:00,92869.0
2025-04-23 01:00:00+00:00,92612.0
2025-04-23 02:00:00+00:00,92833.0
2025-04-23 03:00:00+00:00,93129.0
2025-04-23 04:00:00+00:00,93609.0
2025-04-23 05:00:00+00:00,93443.0
2025-04-23 06:00:00+00:00,93588.0
2025-04-23 07:00:00+00:00,94101.0
2025-04-23 08:00:00+00:00,94246.0
2025-04-23 09:00:00+00:00,93860.0
2025-04-23 10:00:00+00:00,93683.0
2025-04-23 11:00:00+00:00,93427.0
2025-04-23 12:00:00+00:00,93685.0
2025-04-23 13:00:00+00:00,92976.0
2025-04-23 14:00:00+00:00,92901.0
2025-04-23 15:00:00+00:00,93133.0
2025-04-23 16:00:00+00:00,93583.0
2025-04-23 17:00:00+00:00,93858.0
2025-04-23 18:00:00+00:00,93563.0
2025-04-23 19:00:00+00:00,93428.0
2025-04-23 20:00:00+00:00,93592.0
2025-04-23 21:00:00+00:00,93432.0
2025-04-23 22:00:00+00:00,93742.0
2025-04-23 23:00:00+00:00,93636.0
2025-04-24 00:00:00+00:00,93321.0
2025-04-24 01:00:00+00:00,93441.0
2025-04-24 02:00:00+00:00,93054.0
2025-04-24 03:00:00+00:00,92622.0
2025-04-24 04:00:00+00:00,92706.0
2025-04-24 05:00:00+00:00,92541.0
2025-04-24 06:00:00+00:00,92349.0
2025-04-24 07:00:00+00:00,92157.0
2025-04-24 08:00:00+00:00,91985.0
2025-04-24 09:00:00+00:00,92438.0
2025-04-24 10:00:00+00:00,92513.0
2025-04-24 11:00:00+00:00,92578.0
2025-04-24 12:00:00+00:00,92733.0
2025-04-24 13:00:00+00:00,92770.0
2025-04-24 14:00:00+00:00,93048.0
2025-04-24 15:00:00+00:00,93160.0
2025-04-24 16:00:00+00:00,93305.0
2025-04-24 17:00:00+00:00,92966.0
2025-04-24 18:00:00+00:00,93342.0
2025-04-24 19:00:00+00:00,93520.0
2025-04-24 20:00:00+00:00,93354.0
2025-04-24 21:00:00+00:00,93322.0
2025-04-24 22:00:00+00:00,93399.0
2025-04-24 23:00:00+00:00,93946.0
2025-04-25 00:00:00+00:00,93867.0
2025-04-25 01:00:00+00:00,93626.0
2025-04-25 02:00:00+00:00,92943.0
2025-04-25 03:00:00+00:00,93260.0
2025-04-25 04:00:00+00:00,93000.0
2025-04-25 05:00:00+00:00,93162.0
2025-04-25 06:00:00+00:00,93499.0
2025-04-25 07:00:00+00:00,93748.0
2025-04-25 08:00:00+00:00,93648.0
2025-04-25 09:00:00+00:00,93785.0
2025-04-25 10:00:00+00:00,93598.0
2025-04-25 11:00:00+00:00,94594.0
2025-04-25 12:00:00+00:00,94372.0
2025-04-25 13:00:00+00:00,94350.0
2025-04-25 14:00:00+00:00,95336.0
2025-04-25 15:00:00+00:00,95013.0
2025-04-25 16:00:00+00:00,95163.0
2025-04-25 17:00:00+00:00,94484.0
2025-04-25 18:00:00+00:00,94920.0
2025-04-25 19:00:00+00:00,95231.0
2025-04-25 20:00:00+00:00,94810.0
2025-04-25 21:00:00+00:00,94558.0
2025-04-25 22:00:00+00:00,94795.0
2025-04-25 23:00:00+00:00,94597.0
2025-04-26 00:00:00+00:00,94853.0
2025-04-26 01:00:00+00:00,94978.0
2025-04-26 02:00:00+00:00,94940.0
2025-04-26 03:00:00+00:00,94690.0
2025-04-26 04:00:00+00:00,94489.0
2025-04-26 05:00:00+00:00,94578.0
2025-04-26 06:00:00+00:00,94601.0
2025-04-26 07:00:00+00:00,94508.0
2025-04-26 08:00:00+00:00,94268.0
2025-04-26 09:00:00+00:00,94228.0
2025-04-26 10:00:00+00:00,94168.0
2025-04-26 11:00:00+00:00,94101.0
2025-04-26 12:00:00+00:00,94199.0
2025-04-26 13:00:00+00:00,94109.0
2025-04-26 14:00:00+00:00,94200.0
2025-04-26 15:00:00+00:00,94334.0
2025-04-26 16:00:00+00:00,94242.0
2025-04-26 17:00:00+00:00,94277.0
2025-04-26 18:00:00+00:00,94097.0
2025-04-26 19:00:00+00:00,94252.0
2025-04-26 20:00:00+00:00,94036.0
2025-04-26 21:00:00+00:00,94313.0
2025-04-26 22:00:00+00:00,94735.0
2025-04-26 23:00:00+00:00,94579.0
2025-04-27 00:00:00+00:00,94831.0
2025-04-27 01:00:00+00:00,94076.0
2025-04-27 02:00:00+00:00,94302.0
2025-04-27 03:00:00+00:00,94120.0
2025-04-27 04:00:00+00:00,93975.0
2025-04-27 05:00:00+00:00,93871.0
2025-04-27 06:00:00+00:00,93969.0
2025-04-27 07:00:00+00:00,94023.0
2025-04-27 08:00:00+00:00,94163.0
2025-04-27 09:00:00+00:00,94115.0
2025-04-27 10:00:00+00:00,94012.0
2025-04-27 11:00:00+00:00,93866.0
2025-04-27 12:00:00+00:00,93690.0
2025-04-27 13:00:00+00:00,94007.0
2025-04-27 14:00:00+00:00,93940.0
2025-04-27 15:00:00+00:00,93852.0
2025-04-27 16:00:00+00:00,93830.0
2025-04-27 17:00:00+00:00,94002.0
2025-04-27 18:00:00+00:00,94254.0
2025-04-27 19:00:00+00:00,94397.0
2025-04-27 20:00:00+00:00,94220.0
2025-04-27 21:00:00+00:00,94290.0
2025-04-27 22:00:00+00:00,93888.0
2025-04-27 23:00:00+00:00,93700.0
2025-04-28 00:00:00+00:00,93372.0
2025-04-28 01:00:00+00:00,92903.0
2025-04-28 02:00:00+00:00,93571.0
2025-04-28 03:00:00+00:00,93813.0
2025-04-28 04:00:00+00:00,93994.0
2025-04-28 05:00:00+00:00,94186.0
2025-04-28 06:00:00+00:00,94540.0
2025-04-28 07:00:00+00:00,94650.0
2025-04-28 08:00:00+00:00,94662.0
2025-04-28 09:00:00+00:00,94686.0
2025-04-28 10:00:00+00:00,95009.0
2025-04-28 11:00:00+00:00,95275.0
2025-04-28 12:00:00+00:00,95297.0
2025-04-28 13:00:00+00:00,93920.0
2025-04-28 14:00:00+00:00,94379.0
2025-04-28 15:00:00+00:00,93783.0
2025-04-28 16:00:00+00:00,93678.0
2025-04-28 17:00:00+00:00,94048.0
2025-04-28 18:00:00+00:00,94140.0
2025-04-28 19:00:00+00:00,94734.0
2025-04-28 20:00:00+00:00,94412.0
2025-04-28 21:00:00+00:00,94495.0
2025-04-28 22:00:00+00:00,94764.0
2025-04-28 23:00:00+00:00,94970.0
2025-04-29 00:00:00+00:00,95019.0
2025-04-29 01:00:00+00:00,94816.0
2025-04-29 02:00:00+00:00,94582.0
2025-04-29 03:00:00+00:00,94613.0
2025-04-29 04:00:00+00:00,94316.0
2025-04-29 05:00:00+00:00,94235.0
2025-04-29 06:00:00+00:00,94730.0
2025-04-29 07:00:00+00:00,94880.0
2025-04-29 08:00:00+00:00,94987.0
2025-04-29 09:00:00+00:00,94944.0
2025-04-29 10:00:00+00:00,94760.0
2025-04-29 11:00:00+00:00,95085.0
2025-04-29 12:00:00+00:00,94770.0
2025-04-29 13:00:00+00:00,94752.0
2025-04-29 14:00:00+00:00,95000.0
2025-04-29 15:00:00+00:00,94793.0
2025-04-29 16:00:00+00:00,94903.0
2025-04-29 17:00:00+00:00,95204.0
2025-04-29 18:00:00+00:00,95341.0
2025-04-29 19:00:00+00:00,95265.0
2025-04-29 20:00:00+00:00,94781.0
2025-04-29 21:00:00+00:00,94693.0
2025-04-29 22:00:00+00:00,94103.0
2025-04-29 23:00:00+00:00,94200.0
2025-04-30 00:00:00+00:00,94486.0
2025-04-30 01:00:00+00:00,94480.0
2025-04-30 02:00:00+00:00,94605.0
2025-04-30 03:00:00+00:00,95000.0
2025-04-30 04:00:00+00:00,95040.0
2025-04-30 05:00:00+00:00,94864.0
2025-04-30 06:00:00+00:00,94721.0
2025-04-30 07:00:00+00:00,94585.0
2025-04-30 08:00:00+00:00,94672.0
2025-04-30 09:00:00+00:00,94931.0
2025-04-30 10:00:00+00:00,94905.0
2025-04-30 11:00:00+00:00,95132.0
2025-04-30 12:00:00+00:00,94491.0
2025-04-30 13:00:00+00:00,92995.0
2025-04-30 14:00:00+00:00,93669.0
2025-04-30 15:00:00+00:00,93952.0
2025-04-30 16:00:00+00:00,93884.0
2025-04-30 17:00:00+00:00,94056.0
2025-04-30 18:00:00+00:00,94035.0
2025-04-30 19:00:00+00:00,94100.0
2025-04-30 20:00:00+00:00,94519.0
2025-04-30 21:00:00+00:00,94388.0
2025-04-30 22:00:00+00:00,94072.0
2025-04-30 23:00:00+00:00,94118.0
2025-05-01 00:00:00+00:00,94350.0
2025-05-01 01:00:00+00:00,94598.0
2025-05-01 02:00:00+00:00,94796.0
2025-05-01 03:00:00+00:00,94739.0
2025-05-01 04:00:00+00:00,94823.0
2025-05-01 05:00:00+00:00,95115.0
2025-05-01 06:00:00+00:00,94846.0
2025-05-01 07:00:00+00:00,94979.0
2025-05-01 08:00:00+00:00,95165.0
2025-05-01 09:00:00+00:00,95482.0
2025-05-01 10:00:00+00:00,96126.0
2025-05-01 11:00:00+00:00,96139.0
2025-05-01 12:00:00+00:00,96331.0
2025-05-01 13:00:00+00:00,95776.0
2025-05-01 14:00:00+00:00,96788.0
2025-05-01 15:00:00+00:00,96805.0
2025-05-01 16:00:00+00:00,96952.0
2025-05-01 17:00:00+00:00,96754.0
2025-05-01 18:00:00+00:00,96819.0
2025-05-01 19:00:00+00:00,96466.0
2025-05-01 20:00:00+00:00,96351.0
2025-05-01 21:00:00+00:00,96426.0
2025-05-01 22:00:00+00:00,96332.0
2025-05-01 23:00:00+00:00,96431.0
2025-05-02 00:00:00+00:00,96988.0
2025-05-02 01:00:00+00:00,96923.0
2025-05-02 02:00:00+00:00,96902.0
2025-05-02 03:00:00+00:00,97062.0
2025-05-02 04:00:00+00:00,96898.0
2025-05-02 05:00:00+00:00,96652.0
2025-05-02 06:00:00+00:00,96681.0
2025-05-02 07:00:00+00:00,96310.0
2025-05-02 08:00:00+00:00,96589.0
2025-05-02 09:00:00+00:00,96559.0
2025-05-02 10:00:00+00:00,96849.0
2025-05-02 11:00:00+00:00,96867.0
2025-05-02 12:00:00+00:00,97142.0
2025-05-02 13:00:00+00:00,96730.0
2025-05-02 14:00:00+00:00,97704.0
2025-05-02 15:00:00+00:00,97264.0
2025-05-02 16:00:00+00:00,97290.0
2025-05-02 17:00:00+00:00,97344.0
2025-05-02 18:00:00+00:00,97110.0
2025-05-02 19:00:00+00:00,96844.0
2025-05-02 20:00:00+00:00,96954.0
2025-05-02 21:00:00+00:00,96652.0
2025-05-02 22:00:00+00:00,96598.0
2025-05-02 23:00:00+00:00,96834.0
2025-05-03 00:00:00+00:00,96648.0
2025-05-03 01:00:00+00:00,96447.0
2025-05-03 02:00:00+00:00,96483.0
2025-05-03 03:00:00+00:00,96293.0
2025-05-03 04:00:00+00:00,96471.0
2025-05-03 05:00:00+00:00,96374.0
2025-05-03 06:00:00+00:00,96117.0
2025-05-03 07:00:00+00:00,96284.0
2025-05-03 08:00:00+00:00,96243.0
2025-05-03 09:00:00+00:00,96217.0
2025-05-03 10:00:00+00:00,95867.0
2025-05-03 11:00:00+00:00,95895.0
2025-05-03 12:00:00+00:00,96060.0
2025-05-03 13:00:00+00:00,96276.0
2025-05-03 14:00:00+00:00,96316.0
2025-05-03 15:00:00+00:00,96363.0
2025-05-03 16:00:00+00:00,96154.0
2025-05-03 17:00:00+00:00,96130.0
2025-05-03 18:00:00+00:00,96092.0
2025-05-03 19:00:00+00:00,96308.0
2025-05-03 20:00:00+00:00,96301.0
2025-05-03 21:00:00+00:00,96229.0
2025-05-03 22:00:00+00:00,96137.0
2025-05-03 23:00:00+00:00,95816.0
2025-05-04 00:00:00+00:00,95827.0
2025-05-04 01:00:00+00:00,96050.0
2025-05-04 02:00:00+00:00,95835.0
2025-05-04 03:00:00+00:00,95674.0
2025-05-04 04:00:00+00:00,95690.0
2025-05-04 05:00:00+00:00,96001.0
2025-05-04 06:00:00+00:00,95872.0
2025-05-04 07:00:00+00:00,95841.0
2025-05-04 08:00:00+00:00,95606.0
2025-05-04 09:00:00+00:00,95442.0
2025-05-04 10:00:00+00:00,95353.0
2025-05-04 11:00:00+00:00,95380.0
2025-05-04 12:00:00+00:00,95432.0
2025-05-04 13:00:00+00:00,95334.0
2025-05-04 14:00:00+00:00,95554.0
2025-05-04 15:00:00+00:00,95424.0
2025-05-04 16:00:00+00:00,95286.0
2025-05-04 17:00:00+00:00,95357.0
2025-05-04 18:00:00+00:00,95324.0
2025-05-04 19:00:00+00:00,95526.0
2025-05-04 20:00:00+00:00,95666.0
2025-05-04 21:00:00+00:00,95620.0
2025-05-04 22:00:00+00:00,94954.0
2025-05-04 23:00:00+00:00,94225.0
2025-05-05 00:00:00+00:00,94661.0
2025-05-05 01:00:00+00:00,93867.0
2025-05-05 02:00:00+00:00,94205.0
2025-05-05 03:00:00+00:00,94013.0
2025-05-05 04:00:00+00:00,94378.0
2025-05-05 05:00:00+00:00,94693.0
2025-05-05 06:00:00+00:00,94721.0
2025-05-05 07:00:00+00:00,94720.0
2025-05-05 08:00:00+00:00,94517.0
2025-05-05 09:00:00+00:00,94526.0
2025-05-05 10:00:00+00:00,94084.0
2025-05-05 11:00:00+00:00,93998.0
2025-05-05 12:00:00+00:00,94286.0
2025-05-05 13:00:00+00:00,94212.0
2025-05-05 14:00:00+00:00,93825.0
2025-05-05 15:00:00+00:00,93724.0
2025-05-05 16:00:00+00:00,94161.0
2025-05-05 17:00:00+00:00,94449.0
2025-05-05 18:00:00+00:00,94694.0
2025-05-05 19:00:00+00:00,94307.0
2025-05-05 20:00:00+00:00,94194.0
2025-05-05 21:00:00+00:00,94663.0
2025-05-05 22:00:00+00:00,95000.0
2025-05-05 23:00:00+00:00,94699.0
2025-05-06 00:00:00+00:00,94554.0
2025-05-06 01:00:00+00:00,94260.0
2025-05-06 02:00:00+00:00,94282.0
2025-05-06 03:00:00+00:00,94417.0
2025-05-06 04:00:00+00:00,94537.0
2025-05-06 05:00:00+00:00,94292.0
2025-05-06 06:00:00+00:00,94458.0
2025-05-06 07:00:00+00:00,94352.0
2025-05-06 08:00:00+00:00,94340.0
2025-05-06 09:00:00+00:00,94180.0
2025-05-06 10:00:00+00:00,93905.0
2025-05-06 11:00:00+00:00,93778.0
2025-05-06 12:00:00+00:00,93900.0
2025-05-06 13:00:00+00:00,93563.0
2025-05-06 14:00:00+00:00,94105.0
2025-05-06 15:00:00+00:00,94513.0
2025-05-06 16:00:00+00:00,94205.0
2025-05-06 17:00:00+00:00,94492.0
2025-05-06 18:00:00+00:00,95030.0
2025-05-06 19:00:00+00:00,94913.0
2025-05-06 20:00:00+00:00,94640.0
2025-05-06 21:00:00+00:00,94654.0
2025-05-06 22:00:00+00:00,96200.0
2025-05-06 23:00:00+00:00,96799.0
2025-05-07 00:00:00+00:00,97386.0
2025-05-07 01:00:00+00:00,97216.0
2025-05-07 02:00:00+00:00,96588.0
2025-05-07 03:00:00+00:00,96472.0
2025-05-07 04:00:00+00:00,96551.0
2025-05-07 05:00:00+00:00,96345.0
2025-05-07 06:00:00+00:00,96517.0
2025-05-07 07:00:00+00:00,96943.0
2025-05-07 08:00:00+00:00,96984.0
2025-05-07 09:00:00+00:00,96944.0
2025-05-07 10:00:00+00:00,96972.0
2025-05-07 11:00:00+00:00,97000.0
2025-05-07 12:00:00+00:00,96924.0
2025-05-07 13:00:00+00:00,96962.0
2025-05-07 14:00:00+00:00,96884.0
2025-05-07 15:00:00+00:00,96889.0
2025-05-07 16:00:00+00:00,96816.0
2025-05-07 17:00:00+00:00,96277.0
2025-05-07 18:00:00+00:00,96550.0
2025-05-07 19:00:00+00:00,96123.0
2025-05-07 20:00:00+00:00,96722.0
2025-05-07 21:00:00+00:00,97085.0
2025-05-07 22:00:00+00:00,97235.0
2025-05-07 23:00:00+00:00,96989.0
2025-05-08 00:00:00+00:00,97729.0
2025-05-08 01:00:00+00:00,97768.0
2025-05-08 02:00:00+00:00,98637.0
2025-05-08 03:00:00+00:00,99106.0
2025-05-08 04:00:00+00:00,98919.0
2025-05-08 05:00:00+00:00,98720.0
2025-05-08 06:00:00+00:00,99003.0
2025-05-08 07:00:00+00:00,99218.0
2025-05-08 08:00:00+00:00,99635.0
2025-05-08 09:00:00+00:00,99760.0
2025-05-08 10:00:00+00:00,99754.0
2025-05-08 11:00:00+00:00,99376.0
2025-05-08 12:00:00+00:00,99258.0
2025-05-08 13:00:00+00:00,99256.0
2025-05-08 14:00:00+00:00,99324.0
2025-05-08 15:00:00+00:00,100717.0
2025-05-08 16:00:00+00:00,101228.0
2025-05-08 17:00:00+00:00,100964.0
2025-05-08 18:00:00+00:00,101317.0
2025-05-08 19:00:00+00:00,101245.0
2025-05-08 20:00:00+00:00,102568.0
2025-05-08 21:00:00+00:00,102810.0
2025-05-08 22:00:00+00:00,102996.0
2025-05-08 23:00:00+00:00,103240.0
2025-05-09 00:00:00+00:00,102779.0
2025-05-09 01:00:00+00:00,103071.0
2025-05-09 02:00:00+00:00,102571.0
2025-05-09 03:00:00+00:00,102411.0
2025-05-09 04:00:00+00:00,102790.0
2025-05-09 05:00:00+00:00,102934.0
2025-05-09 06:00:00+00:00,103180.0
2025-05-09 07:00:00+00:00,103599.0
2025-05-09 08:00:00+00:00,102930.0
2025-05-09 09:00:00+00:00,102882.0
2025-05-09 10:00:00+00:00,103330.0
2025-05-09 11:00:00+00:00,102910.0
2025-05-09 12:00:00+00:00,102864.0
2025-05-09 13:00:00+00:00,103575.0
2025-05-09 14:00:00+00:00,103100.0
2025-05-09 15:00:00+00:00,102856.0
2025-05-09 16:00:00+00:00,102451.0
2025-05-09 17:00:00+00:00,103184.0
2025-05-09 18:00:00+00:00,103147.0
2025-05-09 19:00:00+00:00,103136.0
2025-05-09 20:00:00+00:00,103154.0
2025-05-09 21:00:00+00:00,102945.0
2025-05-09 22:00:00+00:00,102737.0
2025-05-09 23:00:00+00:00,102932.0
2025-05-10 00:00:00+00:00,102817.0
2025-05-10 01:00:00+00:00,102942.0
2025-05-10 02:00:00+00:00,103118.0
2025-05-10 03:00:00+00:00,103183.0
2025-05-10 04:00:00+00:00,103123.0
2025-05-10 05:00:00+00:00,103324.0
2025-05-10 06:00:00+00:00,103906.0
2025-05-10 07:00:00+00:00,103728.0
2025-05-10 08:00:00+00:00,103608.0
2025-05-10 09:00:00+00:00,103748.0
2025-05-10 10:00:00+00:00,103563.0
2025-05-10 11:00:00+00:00,103400.0
2025-05-10 12:00:00+00:00,103660.0
2025-05-10 13:00:00+00:00,103585.0
2025-05-10 14:00:00+00:00,103481.0
2025-05-10 15:00:00+00:00,103101.0
2025-05-10 16:00:00+00:00,103396.0
2025-05-10 17:00:00+00:00,103132.0
2025-05-10 18:00:00+00:00,103199.0
2025-05-10 19:00:00+00:00,103142.0
2025-05-10 20:00:00+00:00,103153.0
2025-05-10 21:00:00+00:00,103707.0
2025-05-10 22:00:00+00:00,103539.0
2025-05-10 23:00:00+00:00,104783.0
2025-05-11 00:00:00+00:00,104394.0
2025-05-11 01:00:00+00:00,104108.0
2025-05-11 02:00:00+00:00,103714.0
2025-05-11 03:00:00+00:00,103962.0
2025-05-11 04:00:00+00:00,104130.0
2025-05-11 05:00:00+00:00,103802.0
2025-05-11 06:00:00+00:00,103814.0
2025-05-11 07:00:00+00:00,103355.0
2025-05-11 08:00:00+00:00,103788.0
2025-05-11 09:00:00+00:00,104301.0
2025-05-11 10:00:00+00:00,104596.0
2025-05-11 11:00:00+00:00,104601.0
2025-05-11 12:00:00+00:00,104561.0
2025-05-11 13:00:00+00:00,103940.0
2025-05-11 14:00:00+00:00,104146.0
2025-05-11 15:00:00+00:00,104097.0
2025-05-11 16:00:00+00:00,103962.0
2025-05-11 17:00:00+00:00,104007.0
2025-05-11 18:00:00+00:00,104504.0
2025-05-11 19:00:00+00:00,104402.0
2025-05-11 20:00:00+00:00,104243.0
2025-05-11 21:00:00+00:00,104344.0
2025-05-11 22:00:00+00:00,103764.0
2025-05-11 23:00:00+00:00,104080.0
2025-05-12 00:00:00+00:00,104565.0
2025-05-12 01:00:00+00:00,103955.0
2025-05-12 02:00:00+00:00,103864.0
2025-05-12 03:00:00+00:00,104073.0
2025-05-12 04:00:00+00:00,104046.0
2025-05-12 05:00:00+00:00,103934.0
2025-05-12 06:00:00+00:00,104368.0
2025-05-12 07:00:00+00:00,104435.0
2025-05-12 08:00:00+00:00,104578.0
2025-05-12 09:00:00+00:00,104411.0
2025-05-12 10:00:00+00:00,104480.0
2025-05-12 11:00:00+00:00,103713.0
2025-05-12 12:00:00+00:00,103844.0
2025-05-12 13:00:00+00:00,104287.0
2025-05-12 14:00:00+00:00,102764.0
2025-05-12 15:00:00+00:00,102471.0
2025-05-12 16:00:00+00:00,102805.0
2025-05-12 17:00:00+00:00,102508.0
2025-05-12 18:00:00+00:00,101578.0
2025-05-12 19:00:00+00:00,101803.0
2025-05-12 20:00:00+00:00,102632.0
2025-05-12 21:00:00+00:00,102457.0
2025-05-12 22:00:00+00:00,102824.0
2025-05-12 23:00:00+00:00,102746.0
2025-05-13 00:00:00+00:00,102230.0
2025-05-13 01:00:00+00:00,102353.0
2025-05-13 02:00:00+00:00,102021.0
2025-05-13 03:00:00+00:00,101667.0
2025-05-13 04:00:00+00:00,102689.0
2025-05-13 05:00:00+00:00,102424.0
2025-05-13 06:00:00+00:00,102500.0
2025-05-13 07:00:00+00:00,102628.0
2025-05-13 08:00:00+00:00,102669.0
2025-05-13 09:00:00+00:00,103406.0
2025-05-13 10:00:00+00:00,103516.0
2025-05-13 11:00:00+00:00,103684.0
2025-05-13 12:00:00+00:00,103629.0
2025-05-13 13:00:00+00:00,103658.0
2025-05-13 14:00:00+00:00,103141.0
2025-05-13 15:00:00+00:00,103629.0
2025-05-13 16:00:00+00:00,103671.0
2025-05-13 17:00:00+00:00,104205.0
2025-05-13 18:00:00+00:00,104307.0
2025-05-13 19:00:00+00:00,104752.0
2025-05-13 20:00:00+00:00,104510.0
2025-05-13 21:00:00+00:00,104293.0
2025-05-13 22:00:00+00:00,104078.0
2025-05-13 23:00:00+00:00,104071.0
2025-05-14 00:00:00+00:00,103857.0
2025-05-14 01:00:00+00:00,103681.0
2025-05-14 02:00:00+00:00,103670.0
2025-05-14 03:00:00+00:00,103535.0
2025-05-14 04:00:00+00:00,103717.0
2025-05-14 05:00:00+00:00,103861.0
2025-05-14 06:00:00+00:00,103710.0
2025-05-14 07:00:00+00:00,103665.0
2025-05-14 08:00:00+00:00,103158.0
2025-05-14 09:00:00+00:00,103436.0
2025-05-14 10:00:00+00:00,103669.0
2025-05-14 11:00:00+00:00,103909.0
2025-05-14 12:00:00+00:00,103965.0
2025-05-14 13:00:00+00:00,103896.0
2025-05-14 14:00:00+00:00,103191.0
2025-05-14 15:00:00+00:00,103456.0
2025-05-14 16:00:00+00:00,103308.0
2025-05-14 17:00:00+00:00,103210.0
2025-05-14 18:00:00+00:00,103478.0
2025-05-14 19:00:00+00:00,103280.0
2025-05-14 20:00:00+00:00,103494.0
2025-05-14 21:00:00+00:00,103596.0
2025-05-14 22:00:00+00:00,103450.0
2025-05-14 23:00:00+00:00,103445.0
2025-05-15 00:00:00+00:00,103753.0
2025-05-15 01:00:00+00:00,102975.0
2025-05-15 02:00:00+00:00,102983.0
2025-05-15 03:00:00+00:00,102691.0
2025-05-15 04:00:00+00:00,102849.0
2025-05-15 05:00:00+00:00,102320.0
2025-05-15 06:00:00+00:00,102210.0
2025-05-15 07:00:00+00:00,101730.0
2025-05-15 08:00:00+00:00,102217.0
2025-05-15 09:00:00+00:00,101769.0
2025-05-15 10:00:00+00:00,101754.0
2025-05-15 11:00:00+00:00,102323.0
2025-05-15 12:00:00+00:00,102520.0
2025-05-15 13:00:00+00:00,102099.0
2025-05-15 14:00:00+00:00,101960.0
2025-05-15 15:00:00+00:00,103192.0
2025-05-15 16:00:00+00:00,103775.0
2025-05-15 17:00:00+00:00,103925.0
2025-05-15 18:00:00+00:00,102647.0
2025-05-15 19:00:00+00:00,103100.0
2025-05-15 20:00:00+00:00,103392.0
2025-05-15 21:00:00+00:00,103236.0
2025-05-15 22:00:00+00:00,103444.0
2025-05-15 23:00:00+00:00,103710.0
2025-05-16 00:00:00+00:00,103707.0
2025-05-16 01:00:00+00:00,104002.0
2025-05-16 02:00:00+00:00,104151.0
2025-05-16 03:00:00+00:00,103972.0
2025-05-16 04:00:00+00:00,103865.0
2025-05-16 05:00:00+00:00,103859.0
2025-05-16 06:00:00+00:00,103947.0
2025-05-16 07:00:00+00:00,103665.0
2025-05-16 08:00:00+00:00,103343.0
2025-05-16 09:00:00+00:00,103756.0
2025-05-16 10:00:00+00:00,103751.0
2025-05-16 11:00:00+00:00,103622.0
2025-05-16 12:00:00+00:00,103449.0
2025-05-16 13:00:00+00:00,103926.0
2025-05-16 14:00:00+00:00,103530.0
2025-05-16 15:00:00+00:00,104137.0
2025-05-16 16:00:00+00:00,104104.0
2025-05-16 17:00:00+00:00,103808.0
2025-05-16 18:00:00+00:00,103638.0
2025-05-16 19:00:00+00:00,103962.0
2025-05-16 20:00:00+00:00,103643.0
2025-05-16 21:00:00+00:00,103557.0
2025-05-16 22:00:00+00:00,103464.0
2025-05-16 23:00:00+00:00,103411.0
2025-05-17 00:00:00+00:00,103303.0
2025-05-17 01:00:00+00:00,102776.0
2025-05-17 02:00:00+00:00,103223.0
2025-05-17 03:00:00+00:00,103460.0
2025-05-17 04:00:00+00:00,103603.0
2025-05-17 05:00:00+00:00,103302.0
2025-05-17 06:00:00+00:00,103434.0
2025-05-17 07:00:00+00:00,103389.0
2025-05-17 08:00:00+00:00,103368.0
2025-05-17 09:00:00+00:00,102851.0
2025-05-17 10:00:00+00:00,102819.0
2025-05-17 11:00:00+00:00,102933.0
2025-05-17 12:00:00+00:00,102887.0
2025-05-17 13:00:00+00:00,102668.0
2025-05-17 14:00:00+00:00,103083.0
2025-05-17 15:00:00+00:00,102900.0
2025-05-17 16:00:00+00:00,102906.0
2025-05-17 17:00:00+00:00,103085.0
2025-05-17 18:00:00+00:00,102951.0
2025-05-17 19:00:00+00:00,103110.0
2025-05-17 20:00:00+00:00,103328.0
2025-05-17 21:00:00+00:00,103204.0
2025-05-17 22:00:00+00:00,102996.0
2025-05-17 23:00:00+00:00,103082.0
2025-05-18 00:00:00+00:00,103326.0
2025-05-18 01:00:00+00:00,103212.0
2025-05-18 02:00:00+00:00,103288.0
2025-05-18 03:00:00+00:00,103234.0
2025-05-18 04:00:00+00:00,103320.0
2025-05-18 05:00:00+00:00,103607.0
2025-05-18 06:00:00+00:00,103420.0
2025-05-18 07:00:00+00:00,103884.0
2025-05-18 08:00:00+00:00,103869.0
2025-05-18 09:00:00+00:00,103825.0
2025-05-18 10:00:00+00:00,103821.0
2025-05-18 11:00:00+00:00,103759.0
2025-05-18 12:00:00+00:00,103923.0
2025-05-18 13:00:00+00:00,104709.0
2025-05-18 14:00:00+00:00,105248.0
2025-05-18 15:00:00+00:00,105485.0
2025-05-18 16:00:00+00:00,105783.0
2025-05-18 17:00:00+00:00,104785.0
2025-05-18 18:00:00+00:00,104462.0
2025-05-18 19:00:00+00:00,103843.0
2025-05-18 20:00:00+00:00,104022.0
2025-05-18 21:00:00+00:00,104139.0
2025-05-18 22:00:00+00:00,105937.0
2025-05-18 23:00:00+00:00,106429.0
2025-05-19 00:00:00+00:00,105231.0
2025-05-19 01:00:00+00:00,105019.0
2025-05-19 02:00:00+00:00,104611.0
2025-05-19 03:00:00+00:00,103567.0
2025-05-19 04:00:00+00:00,102964.0
2025-05-19 05:00:00+00:00,102984.0
2025-05-19 06:00:00+00:00,102156.0
2025-05-19 07:00:00+00:00,103170.0
2025-05-19 08:00:00+00:00,103187.0
2025-05-19 09:00:00+00:00,103021.0
2025-05-19 10:00:00+00:00,102882.0
2025-05-19 11:00:00+00:00,102911.0
2025-05-19 12:00:00+00:00,102432.0
2025-05-19 13:00:00+00:00,103240.0
2025-05-19 14:00:00+00:00,104302.0
2025-05-19 15:00:00+00:00,104750.0
2025-05-19 16:00:00+00:00,105310.0
2025-05-19 17:00:00+00:00,105336.0
2025-05-19 18:00:00+00:00,104744.0
2025-05-19 19:00:00+00:00,105462.0
2025-05-19 20:00:00+00:00,105430.0
2025-05-19 21:00:00+00:00,105393.0
2025-05-19 22:00:00+00:00,105513.0
2025-05-19 23:00:00+00:00,105538.0
2025-05-20 00:00:00+00:00,105686.0
2025-05-20 01:00:00+00:00,106413.0
2025-05-20 02:00:00+00:00,106080.0
2025-05-20 03:00:00+00:00,105719.0
2025-05-20 04:00:00+00:00,106180.0
2025-05-20 05:00:00+00:00,106079.0
2025-05-20 06:00:00+00:00,105410.0
2025-05-20 07:00:00+00:00,104959.0
2025-05-20 08:00:00+00:00,105164.0
2025-05-20 09:00:00+00:00,105231.0
2025-05-20 10:00:00+00:00,104970.0
2025-05-20 11:00:00+00:00,105164.0
2025-05-20 12:00:00+00:00,104718.0
2025-05-20 13:00:00+00:00,104397.0
2025-05-20 14:00:00+00:00,104481.0
2025-05-20 15:00:00+00:00,105288.0
2025-05-20 16:00:00+00:00,105163.0
2025-05-20 17:00:00+00:00,106150.0
2025-05-20 18:00:00+00:00,105231.0
2025-05-20 19:00:00+00:00,106986.0
2025-05-20 20:00:00+00:00,106868.0
2025-05-20 21:00:00+00:00,106571.0
2025-05-20 22:00:00+00:00,106731.0
2025-05-20 23:00:00+00:00,106809.0
2025-05-21 00:00:00+00:00,106698.0
2025-05-21 01:00:00+00:00,106434.0
2025-05-21 02:00:00+00:00,106801.0
2025-05-21 03:00:00+00:00,106788.0
2025-05-21 04:00:00+00:00,107251.0
2025-05-21 05:00:00+00:00,107501.0
2025-05-21 06:00:00+00:00,107719.0
2025-05-21 07:00:00+00:00,106427.0
2025-05-21 08:00:00+00:00,106319.0
2025-05-21 09:00:00+00:00,106138.0
2025-05-21 10:00:00+00:00,106261.0
2025-05-21 11:00:00+00:00,106490.0
2025-05-21 12:00:00+00:00,106506.0
2025-05-21 13:00:00+00:00,107200.0
2025-05-21 14:00:00+00:00,109034.0
2025-05-21 15:00:00+00:00,108942.0
2025-05-21 16:00:00+00:00,109114.0
2025-05-21 17:00:00+00:00,106558.0
2025-05-21 18:00:00+00:00,106906.0
2025-05-21 19:00:00+00:00,108555.0
2025-05-21 20:00:00+00:00,108182.0
2025-05-21 21:00:00+00:00,108361.0
2025-05-21 22:00:00+00:00,108691.0
2025-05-21 23:00:00+00:00,109609.0
2025-05-22 00:00:00+00:00,109925.0
2025-05-22 01:00:00+00:00,109890.0
2025-05-22 02:00:00+00:00,110439.0
2025-05-22 03:00:00+00:00,111743.0
2025-05-22 04:00:00+00:00,111441.0
2025-05-22 05:00:00+00:00,110842.0
2025-05-22 06:00:00+00:00,110570.0
2025-05-22 07:00:00+00:00,110990.0
2025-05-22 08:00:00+00:00,110369.0
2025-05-22 09:00:00+00:00,110764.0
2025-05-22 10:00:00+00:00,110751.0
2025-05-22 11:00:00+00:00,110924.0
2025-05-22 12:00:00+00:00,111572.0
2025-05-22 13:00:00+00:00,110880.0
2025-05-22 14:00:00+00:00,110850.0
2025-05-22 15:00:00+00:00,111257.0
2025-05-22 16:00:00+00:00,111217.0
2025-05-22 17:00:00+00:00,111474.0
2025-05-22 18:00:00+00:00,111691.0
2025-05-22 19:00:00+00:00,111149.0
2025-05-22 20:00:00+00:00,111012.0
2025-05-22 21:00:00+00:00,110780.0
2025-05-22 22:00:00+00:00,110958.0
2025-05-22 23:00:00+00:00,111647.0
2025-05-23 00:00:00+00:00,111567.0
2025-05-23 01:00:00+00:00,111287.0
2025-05-23 02:00:00+00:00,111224.0
2025-05-23 03:00:00+00:00,111052.0
2025-05-23 04:00:00+00:00,110791.0
2025-05-23 05:00:00+00:00,110812.0
2025-05-23 06:00:00+00:00,110480.0
2025-05-23 07:00:00+00:00,110674.0
2025-05-23 08:00:00+00:00,110881.0
2025-05-23 09:00:00+00:00,111279.0
2025-05-23 10:00:00+00:00,111024.0
2025-05-23 11:00:00+00:00,109027.0
2025-05-23 12:00:00+00:00,108397.0
2025-05-23 13:00:00+00:00,109590.0
2025-05-23 14:00:00+00:00,109610.0
2025-05-23 15:00:00+00:00,108886.0
2025-05-23 16:00:00+00:00,109031.0
2025-05-23 17:00:00+00:00,109351.0
2025-05-23 18:00:00+00:00,108752.0
2025-05-23 19:00:00+00:00,108656.0
2025-05-23 20:00:00+00:00,108187.0
2025-05-23 21:00:00+00:00,108240.0
2025-05-23 22:00:00+00:00,107740.0
2025-05-23 23:00:00+00:00,107276.0
2025-05-24 00:00:00+00:00,107323.0
2025-05-24 01:00:00+00:00,107423.0
2025-05-24 02:00:00+00:00,107746.0
2025-05-24 03:00:00+00:00,108296.0
2025-05-24 04:00:00+00:00,108439.0
2025-05-24 05:00:00+00:00,108196.0
2025-05-24 06:00:00+00:00,107921.0
2025-05-24 07:00:00+00:00,107546.0
2025-05-24 08:00:00+00:00,108206.0
2025-05-24 09:00:00+00:00,108126.0
2025-05-24 10:00:00+00:00,109026.0
2025-05-24 11:00:00+00:00,109143.0
2025-05-24 12:00:00+00:00,108736.0
2025-05-24 13:00:00+00:00,108555.0
2025-05-24 14:00:00+00:00,108901.0
2025-05-24 15:00:00+00:00,108897.0
2025-05-24 16:00:00+00:00,108950.0
2025-05-24 17:00:00+00:00,108866.0
2025-05-24 18:00:00+00:00,108784.0
2025-05-24 19:00:00+00:00,108905.0
2025-05-24 20:00:00+00:00,108823.0
2025-05-24 21:00:00+00:00,108785.0
2025-05-24 22:00:00+00:00,108040.0
2025-05-24 23:00:00+00:00,107716.0
2025-05-25 00:00:00+00:00,107393.0
2025-05-25 01:00:00+00:00,107605.0
2025-05-25 02:00:00+00:00,107879.0
2025-05-25 03:00:00+00:00,108060.0
2025-05-25 04:00:00+00:00,108205.0
2025-05-25 05:00:00+00:00,108070.0
2025-05-25 06:00:00+00:00,107900.0
2025-05-25 07:00:00+00:00,107631.0
2025-05-25 08:00:00+00:00,107074.0
2025-05-25 09:00:00+00:00,107102.0
2025-05-25 10:00:00+00:00,106891.0
2025-05-25 11:00:00+00:00,107200.0
2025-05-25 12:00:00+00:00,107477.0
2025-05-25 13:00:00+00:00,107471.0
2025-05-25 14:00:00+00:00,107321.0
2025-05-25 15:00:00+00:00,106932.0
2025-05-25 16:00:00+00:00,107159.0
2025-05-25 17:00:00+00:00,107330.0
2025-05-25 18:00:00+00:00,107387.0
2025-05-25 19:00:00+00:00,107679.0
2025-05-25 20:00:00+00:00,107652.0
2025-05-25 21:00:00+00:00,107422.0
2025-05-25 22:00:00+00:00,109144.0
2025-05-25 23:00:00+00:00,108977.0
2025-05-26 00:00:00+00:00,109532.0
2025-05-26 01:00:00+00:00,109508.0
2025-05-26 02:00:00+00:00,109362.0
2025-05-26 03:00:00+00:00,109600.0
2025-05-26 04:00:00+00:00,109507.0
2025-05-26 05:00:00+00:00,109606.0
2025-05-26 06:00:00+00:00,109920.0
2025-05-26 07:00:00+00:00,110084.0
2025-05-26 08:00:00+00:00,109643.0
2025-05-26 09:00:00+00:00,109665.0
2025-05-26 10:00:00+00:00,109600.0
2025-05-26 11:00:00+00:00,109735.0
2025-05-26 12:00:00+00:00,109782.0
2025-05-26 13:00:00+00:00,109554.0
2025-05-26 14:00:00+00:00,109615.0
2025-05-26 15:00:00+00:00,109971.0
2025-05-26 16:00:00+00:00,109347.0
2025-05-26 17:00:00+00:00,109134.0
2025-05-26 18:00:00+00:00,109045.0
2025-05-26 19:00:00+00:00,109078.0
2025-05-26 20:00:00+00:00,109569.0
2025-05-26 21:00:00+00:00,109304.0
2025-05-26 22:00:00+00:00,109144.0
2025-05-26 23:00:00+00:00,109383.0
2025-05-27 00:00:00+00:00,109120.0
2025-05-27 01:00:00+00:00,108351.0
2025-05-27 02:00:00+00:00,108221.0
2025-05-27 03:00:00+00:00,108821.0
2025-05-27 04:00:00+00:00,108886.0
2025-05-27 05:00:00+00:00,108867.0
2025-05-27 06:00:00+00:00,108775.0
2025-05-27 07:00:00+00:00,109494.0
2025-05-27 08:00:00+00:00,109656.0
2025-05-27 09:00:00+00:00,109788.0
2025-05-27 10:00:00+00:00,109645.0
2025-05-27 11:00:00+00:00,109539.0
2025-05-27 12:00:00+00:00,109552.0
2025-05-27 13:00:00+00:00,109790.0
2025-05-27 14:00:00+00:00,109332.0
2025-05-27 15:00:00+00:00,110088.0
2025-05-27 16:00:00+00:00,110163.0
2025-05-27 17:00:00+00:00,110200.0
2025-05-27 18:00:00+00:00,109847.0
2025-05-27 19:00:00+00:00,109816.0
2025-05-27 20:00:00+00:00,109482.0
2025-05-27 21:00:00+00:00,108817.0
2025-05-27 22:00:00+00:00,108933.0
2025-05-27 23:00:00+00:00,108864.0
2025-05-28 00:00:00+00:00,109132.0
2025-05-28 01:00:00+00:00,108582.0
2025-05-28 02:00:00+00:00,108550.0
2025-05-28 03:00:00+00:00,108794.0
2025-05-28 04:00:00+00:00,108917.0
2025-05-28 05:00:00+00:00,108923.0
2025-05-28 06:00:00+00:00,108664.0
2025-05-28 07:00:00+00:00,108750.0
2025-05-28 08:00:00+00:00,108977.0
2025-05-28 09:00:00+00:00,108743.0
2025-05-28 10:00:00+00:00,108771.0
2025-05-28 11:00:00+00:00,108801.0
2025-05-28 12:00:00+00:00,108829.0
2025-05-28 13:00:00+00:00,108005.0
2025-05-28 14:00:00+00:00,107485.0
2025-05-28 15:00:00+00:00,107072.0
2025-05-28 16:00:00+00:00,107389.0
2025-05-28 17:00:00+00:00,107641.0
2025-05-28 18:00:00+00:00,107426.0
2025-05-28 19:00:00+00:00,106884.0
2025-05-28 20:00:00+00:00,107283.0
2025-05-28 21:00:00+00:00,107456.0
2025-05-28 22:00:00+00:00,107360.0
2025-05-28 23:00:00+00:00,107739.0
2025-05-29 00:00:00+00:00,108252.0
2025-05-29 01:00:00+00:00,108115.0
2025-05-29 02:00:00+00:00,108390.0
2025-05-29 03:00:00+00:00,108003.0
2025-05-29 04:00:00+00:00,107516.0
2025-05-29 05:00:00+00:00,107645.0
2025-05-29 06:00:00+00:00,107872.0
2025-05-29 07:00:00+00:00,107825.0
2025-05-29 08:00:00+00:00,108440.0
2025-05-29 09:00:00+00:00,108467.0
2025-05-29 10:00:00+00:00,108703.0
2025-05-29 11:00:00+00:00,108742.0
2025-05-29 12:00:00+00:00,108380.0
2025-05-29 13:00:00+00:00,107550.0
2025-05-29 14:00:00+00:00,107551.0
2025-05-29 15:00:00+00:00,106966.0
2025-05-29 16:00:00+00:00,106677.0
2025-05-29 17:00:00+00:00,106252.0
2025-05-29 18:00:00+00:00,105796.0
2025-05-29 19:00:00+00:00,105693.0
2025-05-29 20:00:00+00:00,106138.0
2025-05-29 21:00:00+00:00,106425.0
2025-05-29 22:00:00+00:00,105882.0
2025-05-29 23:00:00+00:00,105550.0
2025-05-30 00:00:00+00:00,104881.0
2025-05-30 01:00:00+00:00,105634.0
2025-05-30 02:00:00+00:00,105966.0
2025-05-30 03:00:00+00:00,105982.0
2025-05-30 04:00:00+00:00,106068.0
2025-05-30 05:00:00+00:00,106032.0
2025-05-30 06:00:00+00:00,105682.0
2025-05-30 07:00:00+00:00,104997.0
2025-05-30 08:00:00+00:00,105133.0
2025-05-30 09:00:00+00:00,105641.0
2025-05-30 10:00:00+00:00,105944.0
2025-05-30 11:00:00+00:00,105860.0
2025-05-30 12:00:00+00:00,105666.0
2025-05-30 13:00:00+00:00,105447.0
2025-05-30 14:00:00+00:00,105315.0
2025-05-30 15:00:00+00:00,105500.0
2025-05-30 16:00:00+00:00,103876.0
2025-05-30 17:00:00+00:00,104162.0
2025-05-30 18:00:00+00:00,104855.0
2025-05-30 19:00:00+00:00,104610.0
2025-05-30 20:00:00+00:00,104554.0
2025-05-30 21:00:00+00:00,104600.0
2025-05-30 22:00:00+00:00,103940.0
2025-05-30 23:00:00+00:00,103977.0
2025-05-31 00:00:00+00:00,103948.0
2025-05-31 01:00:00+00:00,103435.0
2025-05-31 02:00:00+00:00,103161.0
2025-05-31 03:00:00+00:00,103643.0
2025-05-31 04:00:00+00:00,103771.0
2025-05-31 05:00:00+00:00,103495.0
2025-05-31 06:00:00+00:00,103816.0
2025-05-31 07:00:00+00:00,103714.0
2025-05-31 08:00:00+00:00,103617.0
2025-05-31 09:00:00+00:00,103515.0
2025-05-31 10:00:00+00:00,103381.0
2025-05-31 11:00:00+00:00,103460.0
2025-05-31 12:00:00+00:00,103999.0
2025-05-31 13:00:00+00:00,104079.0
2025-05-31 14:00:00+00:00,104524.0
2025-05-31 15:00:00+00:00,104513.0
2025-05-31 16:00:00+00:00,104465.0
2025-05-31 17:00:00+00:00,104338.0
2025-05-31 18:00:00+00:00,104470.0
2025-05-31 19:00:00+00:00,104686.0
2025-05-31 20:00:00+00:00,104764.0
2025-05-31 21:00:00+00:00,104861.0
2025-05-31 22:00:00+00:00,104601.0
2025-05-31 23:00:00+00:00,104567.0
2025-06-01 00:00:00+00:00,104414.0
2025-06-01 01:00:00+00:00,104086.0
2025-06-01 02:00:00+00:00,104143.0
2025-06-01 03:00:00+00:00,104334.0
2025-06-01 04:00:00+00:00,104599.0
2025-06-01 05:00:00+00:00,104499.0
2025-06-01 06:00:00+00:00,104223.0
2025-06-01 07:00:00+00:00,104230.0
2025-06-01 08:00:00+00:00,104346.0
2025-06-01 09:00:00+00:00,103887.0
2025-06-01 10:00:00+00:00,103892.0
2025-06-01 11:00:00+00:00,104040.0
2025-06-01 12:00:00+00:00,103918.0
2025-06-01 13:00:00+00:00,104226.0
2025-06-01 14:00:00+00:00,104563.0
2025-06-01 15:00:00+00:00,104677.0
2025-06-01 16:00:00+00:00,104998.0
2025-06-01 17:00:00+00:00,105039.0
2025-06-01 18:00:00+00:00,104870.0
2025-06-01 19:00:00+00:00,105085.0
2025-06-01 20:00:00+00:00,104912.0
2025-06-01 21:00:00+00:00,105450.0
2025-06-01 22:00:00+00:00,105470.0
2025-06-01 23:00:00+00:00,105615.0
2025-06-02 00:00:00+00:00,105392.0
2025-06-02 01:00:00+00:00,105357.0
2025-06-02 02:00:00+00:00,105000.0
2025-06-02 03:00:00+00:00,104787.0
2025-06-02 04:00:00+00:00,104727.0
2025-06-02 05:00:00+00:00,104786.0
2025-06-02 06:00:00+00:00,105116.0
2025-06-02 07:00:00+00:00,105334.0
2025-06-02 08:00:00+00:00,105295.0
2025-06-02 09:00:00+00:00,104536.0
2025-06-02 10:00:00+00:00,104331.0
2025-06-02 11:00:00+00:00,104005.0
2025-06-02 12:00:00+00:00,104147.0
2025-06-02 13:00:00+00:00,103773.0
2025-06-02 14:00:00+00:00,104120.0
2025-06-02 15:00:00+00:00,104382.0
2025-06-02 16:00:00+00:00,104216.0
2025-06-02 17:00:00+00:00,104338.0
2025-06-02 18:00:00+00:00,104306.0
2025-06-02 19:00:00+00:00,104377.0
2025-06-02 20:00:00+00:00,104835.0
2025-06-02 21:00:00+00:00,104874.0
2025-06-02 22:00:00+00:00,105644.0
2025-06-02 23:00:00+00:00,105828.0
2025-06-03 00:00:00+00:00,106232.0
2025-06-03 01:00:00+00:00,106436.0
2025-06-03 02:00:00+00:00,105571.0
2025-06-03 03:00:00+00:00,105427.0
2025-06-03 04:00:00+00:00,105118.0
2025-06-03 05:00:00+00:00,105387.0
2025-06-03 06:00:00+00:00,105365.0
2025-06-03 07:00:00+00:00,105122.0
2025-06-03 08:00:00+00:00,105032.0
2025-06-03 09:00:00+00:00,105144.0
2025-06-03 10:00:00+00:00,105240.0
2025-06-03 11:00:00+00:00,105256.0
2025-06-03 12:00:00+00:00,105275.0
2025-06-03 13:00:00+00:00,105361.0
2025-06-03 14:00:00+00:00,106511.0
2025-06-03 15:00:00+00:00,106551.0
2025-06-03 16:00:00+00:00,105775.0
2025-06-03 17:00:00+00:00,105881.0
2025-06-03 18:00:00+00:00,105942.0
2025-06-03 19:00:00+00:00,106169.0
2025-06-03 20:00:00+00:00,105695.0
2025-06-03 21:00:00+00:00,105305.0
2025-06-03 22:00:00+00:00,105695.0
2025-06-03 23:00:00+00:00,105325.0
2025-06-04 00:00:00+00:00,105421.0
2025-06-04 01:00:00+00:00,105523.0
2025-06-04 02:00:00+00:00,105412.0
2025-06-04 03:00:00+00:00,105464.0
2025-06-04 04:00:00+00:00,105360.0
2025-06-04 05:00:00+00:00,105301.0
2025-06-04 06:00:00+00:00,105237.0
2025-06-04 07:00:00+00:00,105254.0
2025-06-04 08:00:00+00:00,105380.0
2025-06-04 09:00:00+00:00,105769.0
2025-06-04 10:00:00+00:00,105650.0
2025-06-04 11:00:00+00:00,105057.0
2025-06-04 12:00:00+00:00,105001.0
2025-06-04 13:00:00+00:00,104726.0
2025-06-04 14:00:00+00:00,104983.0
2025-06-04 15:00:00+00:00,105239.0
2025-06-04 16:00:00+00:00,105395.0
2025-06-04 17:00:00+00:00,104990.0
2025-06-04 18:00:00+00:00,104900.0
2025-06-04 19:00:00+00:00,104864.0
2025-06-04 20:00:00+00:00,104573.0
2025-06-04 21:00:00+00:00,104881.0
2025-06-04 22:00:00+00:00,104713.0
2025-06-04 23:00:00+00:00,104630.0
2025-06-05 00:00:00+00:00,104915.0
2025-06-05 01:00:00+00:00,104712.0
2025-06-05 02:00:00+00:00,104941.0
2025-06-05 03:00:00+00:00,104981.0
2025-06-05 04:00:00+00:00,105138.0
2025-06-05 05:00:00+00:00,104603.0
2025-06-05 06:00:00+00:00,104402.0
2025-06-05 07:00:00+00:00,104462.0
2025-06-05 08:00:00+00:00,104636.0
2025-06-05 09:00:00+00:00,104849.0
2025-06-05 10:00:00+00:00,104605.0
2025-06-05 11:00:00+00:00,104772.0
2025-06-05 12:00:00+00:00,105595.0
2025-06-05 13:00:00+00:00,104469.0
2025-06-05 14:00:00+00:00,104591.0
2025-06-05 15:00:00+00:00,104483.0
2025-06-05 16:00:00+00:00,103233.0
2025-06-05 17:00:00+00:00,103200.0
2025-06-05 18:00:00+00:00,102965.0
2025-06-05 19:00:00+00:00,101870.0
2025-06-05 20:00:00+00:00,100448.0
2025-06-05 21:00:00+00:00,101506.0
2025-06-05 22:00:00+00:00,101454.0
2025-06-05 23:00:00+00:00,101456.0
2025-06-06 00:00:00+00:00,101856.0
2025-06-06 01:00:00+00:00,101800.0
2025-06-06 02:00:00+00:00,102155.0
2025-06-06 03:00:00+00:00,102450.0
2025-06-06 04:00:00+00:00,102730.0
2025-06-06 05:00:00+00:00,102900.0
2025-06-06 06:00:00+00:00,103121.0
2025-06-06 07:00:00+00:00,103100.0
2025-06-06 08:00:00+00:00,103461.0
2025-06-06 09:00:00+00:00,103594.0
2025-06-06 10:00:00+00:00,103636.0
2025-06-06 11:00:00+00:00,103874.0
2025-06-06 12:00:00+00:00,103705.0
2025-06-06 13:00:00+00:00,104046.0
2025-06-06 14:00:00+00:00,104721.0
2025-06-06 15:00:00+00:00,105036.0
2025-06-06 16:00:00+00:00,104710.0
2025-06-06 17:00:00+00:00,104883.0
2025-06-06 18:00:00+00:00,104449.0
2025-06-06 19:00:00+00:00,104168.0
2025-06-06 20:00:00+00:00,104429.0
2025-06-06 21:00:00+00:00,104327.0
2025-06-06 22:00:00+00:00,104428.0
2025-06-06 23:00:00+00:00,104228.0
2025-06-07 00:00:00+00:00,104458.0
2025-06-07 01:00:00+00:00,104391.0
2025-06-07 02:00:00+00:00,104476.0
2025-06-07 03:00:00+00:00,104843.0
2025-06-07 04:00:00+00:00,104792.0
2025-06-07 05:00:00+00:00,104839.0
2025-06-07 06:00:00+00:00,105292.0
2025-06-07 07:00:00+00:00,104817.0
2025-06-07 08:00:00+00:00,104701.0
2025-06-07 09:00:00+00:00,104787.0
2025-06-07 10:00:00+00:00,105084.0
2025-06-07 11:00:00+00:00,105094.0
2025-06-07 12:00:00+00:00,105414.0
2025-06-07 13:00:00+00:00,105567.0
2025-06-07 14:00:00+00:00,105369.0
2025-06-07 15:00:00+00:00,105506.0
2025-06-07 16:00:00+00:00,105297.0
2025-06-07 17:00:00+00:00,105344.0
2025-06-07 18:00:00+00:00,105568.0
2025-06-07 19:00:00+00:00,105679.0
2025-06-07 20:00:00+00:00,105800.0
2025-06-07 21:00:00+00:00,105715.0
2025-06-07 22:00:00+00:00,105772.0
2025-06-07 23:00:00+00:00,105500.0
2025-06-08 00:00:00+00:00,105420.0
2025-06-08 01:00:00+00:00,105636.0
2025-06-08 02:00:00+00:00,105390.0
2025-06-08 03:00:00+00:00,105416.0
2025-06-08 04:00:00+00:00,105556.0
2025-06-08 05:00:00+00:00,105378.0
2025-06-08 06:00:00+00:00,105389.0
2025-06-08 07:00:00+00:00,105371.0
2025-06-08 08:00:00+00:00,105324.0
2025-06-08 09:00:00+00:00,105078.0
2025-06-08 10:00:00+00:00,105294.0
2025-06-08 11:00:00+00:00,105635.0
2025-06-08 12:00:00+00:00,105660.0
2025-06-08 13:00:00+00:00,105561.0
2025-06-08 14:00:00+00:00,105771.0
2025-06-08 15:00:00+00:00,105922.0
2025-06-08 16:00:00+00:00,106136.0
2025-06-08 17:00:00+00:00,106029.0
2025-06-08 18:00:00+00:00,106242.0
2025-06-08 19:00:00+00:00,106240.0
2025-06-08 20:00:00+00:00,106093.0
2025-06-08 21:00:00+00:00,106274.0
2025-06-08 22:00:00+00:00,105717.0
2025-06-08 23:00:00+00:00,105671.0
2025-06-09 00:00:00+00:00,105650.0
2025-06-09 01:00:00+00:00,105474.0
2025-06-09 02:00:00+00:00,105508.0
2025-06-09 03:00:00+00:00,105611.0
2025-06-09 04:00:00+00:00,105389.0
2025-06-09 05:00:00+00:00,105330.0
2025-06-09 06:00:00+00:00,105652.0
2025-06-09 07:00:00+00:00,105512.0
2025-06-09 08:00:00+00:00,105879.0
2025-06-09 09:00:00+00:00,106585.0
2025-06-09 10:00:00+00:00,107163.0
2025-06-09 11:00:00+00:00,107724.0
2025-06-09 12:00:00+00:00,107705.0
2025-06-09 13:00:00+00:00,106974.0
2025-06-09 14:00:00+00:00,107582.0
2025-06-09 15:00:00+00:00,107593.0
2025-06-09 16:00:00+00:00,107658.0
2025-06-09 17:00:00+00:00,108297.0
2025-06-09 18:00:00+00:00,108416.0
2025-06-09 19:00:00+00:00,108513.0
2025-06-09 20:00:00+00:00,108642.0
2025-06-09 21:00:00+00:00,109924.0
2025-06-09 22:00:00+00:00,110133.0
2025-06-09 23:00:00+00:00,110220.0
2025-06-10 00:00:00+00:00,109876.0
2025-06-10 01:00:00+00:00,109750.0
2025-06-10 02:00:00+00:00,109603.0
2025-06-10 03:00:00+00:00,109518.0
2025-06-10 04:00:00+00:00,109483.0
2025-06-10 05:00:00+00:00,109264.0
2025-06-10 06:00:00+00:00,109451.0
2025-06-10 07:00:00+00:00,109171.0
2025-06-10 08:00:00+00:00,109045.0
2025-06-10 09:00:00+00:00,109474.0
2025-06-10 10:00:00+00:00,109264.0
2025-06-10 11:00:00+00:00,109508.0
2025-06-10 12:00:00+00:00,109655.0
2025-06-10 13:00:00+00:00,109275.0
2025-06-10 14:00:00+00:00,108578.0
2025-06-10 15:00:00+00:00,108973.0
2025-06-10 16:00:00+00:00,108694.0
2025-06-10 17:00:00+00:00,108663.0
2025-06-10 18:00:00+00:00,109240.0
2025-06-10 19:00:00+00:00,109477.0
2025-06-10 20:00:00+00:00,109912.0
2025-06-10 21:00:00+00:00,109818.0
2025-06-10 22:00:00+00:00,109677.0
2025-06-10 23:00:00+00:00,110228.0
2025-06-11 00:00:00+00:00,109775.0
2025-06-11 01:00:00+00:00,109553.0
2025-06-11 02:00:00+00:00,109636.0
2025-06-11 03:00:00+00:00,109671.0
2025-06-11 04:00:00+00:00,109520.0
2025-06-11 05:00:00+00:00,109423.0
2025-06-11 06:00:00+00:00,109538.0
2025-06-11 07:00:00+00:00,109382.0
2025-06-11 08:00:00+00:00,109510.0
2025-06-11 09:00:00+00:00,109212.0
2025-06-11 10:00:00+00:00,109325.0
2025-06-11 11:00:00+00:00,109201.0
2025-06-11 12:00:00+00:00,109668.0
2025-06-11 13:00:00+00:00,109638.0
2025-06-11 14:00:00+00:00,109830.0
2025-06-11 15:00:00+00:00,109698.0
2025-06-11 16:00:00+00:00,109407.0
2025-06-11 17:00:00+00:00,108932.0
2025-06-11 18:00:00+00:00,108755.0
2025-06-11 19:00:00+00:00,108698.0
2025-06-11 20:00:00+00:00,108862.0
2025-06-11 21:00:00+00:00,108451.0
2025-06-11 22:00:00+00:00,108400.0
2025-06-11 23:00:00+00:00,108612.0
2025-06-12 00:00:00+00:00,108665.0
2025-06-12 01:00:00+00:00,108488.0
2025-06-12 02:00:00+00:00,108335.0
2025-06-12 03:00:00+00:00,107832.0
2025-06-12 04:00:00+00:00,107724.0
2025-06-12 05:00:00+00:00,107698.0
2025-06-12 06:00:00+00:00,107859.0
2025-06-12 07:00:00+00:00,107568.0
2025-06-12 08:00:00+00:00,107687.0
2025-06-12 09:00:00+00:00,107451.0
2025-06-12 10:00:00+00:00,107271.0
2025-06-12 11:00:00+00:00,106856.0
2025-06-12 12:00:00+00:00,106940.0
2025-06-12 13:00:00+00:00,107028.0
2025-06-12 14:00:00+00:00,107578.0
2025-06-12 15:00:00+00:00,106968.0
2025-06-12 16:00:00+00:00,107703.0
2025-06-12 17:00:00+00:00,108250.0
2025-06-12 18:00:00+00:00,107530.0
2025-06-12 19:00:00+00:00,106736.0
2025-06-12 20:00:00+00:00,105902.0
2025-06-12 21:00:00+00:00,105827.0
2025-06-12 22:00:00+00:00,105831.0
2025-06-12 23:00:00+00:00,105601.0
2025-06-13 00:00:00+00:00,103738.0
2025-06-13 01:00:00+00:00,103720.0
2025-06-13 02:00:00+00:00,103610.0
2025-06-13 03:00:00+00:00,104251.0
2025-06-13 04:00:00+00:00,104364.0
2025-06-13 05:00:00+00:00,103969.0
2025-06-13 06:00:00+00:00,104683.0
2025-06-13 07:00:00+00:00,104840.0
2025-06-13 08:00:00+00:00,104691.0
2025-06-13 09:00:00+00:00,104773.0
2025-06-13 10:00:00+00:00,104816.0
2025-06-13 11:00:00+00:00,104997.0
2025-06-13 12:00:00+00:00,104806.0
2025-06-13 13:00:00+00:00,104679.0
2025-06-13 14:00:00+00:00,104913.0
2025-06-13 15:00:00+00:00,105388.0
2025-06-13 16:00:00+00:00,105730.0
2025-06-13 17:00:00+00:00,105316.0
2025-06-13 18:00:00+00:00,105130.0
2025-06-13 19:00:00+00:00,105048.0
2025-06-13 20:00:00+00:00,105386.0
2025-06-13 21:00:00+00:00,105563.0
2025-06-13 22:00:00+00:00,105697.0
2025-06-13 23:00:00+00:00,106024.0
2025-06-14 00:00:00+00:00,105759.0
2025-06-14 01:00:00+00:00,105420.0
2025-06-14 02:00:00+00:00,105338.0
2025-06-14 03:00:00+00:00,105186.0
2025-06-14 04:00:00+00:00,105318.0
2025-06-14 05:00:00+00:00,105238.0
2025-06-14 06:00:00+00:00,105045.0
2025-06-14 07:00:00+00:00,105016.0
2025-06-14 08:00:00+00:00,105043.0
2025-06-14 09:00:00+00:00,104821.0
2025-06-14 10:00:00+00:00,104951.0
2025-06-14 11:00:00+00:00,105034.0
2025-06-14 12:00:00+00:00,104988.0
2025-06-14 13:00:00+00:00,104965.0
2025-06-14 14:00:00+00:00,104859.0
2025-06-14 15:00:00+00:00,104781.0
2025-06-14 16:00:00+00:00,104399.0
2025-06-14 17:00:00+00:00,104559.0
2025-06-14 18:00:00+00:00,104848.0
2025-06-14 19:00:00+00:00,104611.0
2025-06-14 20:00:00+00:00,104859.0
2025-06-14 21:00:00+00:00,105278.0
2025-06-14 22:00:00+00:00,105388.0
2025-06-14 23:00:00+00:00,105357.0
2025-06-15 00:00:00+00:00,105594.0
2025-06-15 01:00:00+00:00,105368.0
2025-06-15 02:00:00+00:00,105427.0
2025-06-15 03:00:00+00:00,105431.0
2025-06-15 04:00:00+00:00,105511.0
2025-06-15 05:00:00+00:00,106028.0
2025-06-15 06:00:00+00:00,105409.0
2025-06-15 07:00:00+00:00,105392.0
2025-06-15 08:00:00+00:00,105165.0
2025-06-15 09:00:00+00:00,104885.0
2025-06-15 10:00:00+00:00,105076.0
2025-06-15 11:00:00+00:00,104934.0
2025-06-15 12:00:00+00:00,105240.0
2025-06-15 13:00:00+00:00,105490.0
2025-06-15 14:00:00+00:00,105631.0
2025-06-15 15:00:00+00:00,105534.0
2025-06-15 16:00:00+00:00,105534.0
2025-06-15 17:00:00+00:00,105640.0
2025-06-15 18:00:00+00:00,105442.0
2025-06-15 19:00:00+00:00,105247.0
2025-06-15 20:00:00+00:00,104688.0
2025-06-15 21:00:00+00:00,104753.0
2025-06-15 22:00:00+00:00,105218.0
2025-06-15 23:00:00+00:00,105548.0
2025-06-16 00:00:00+00:00,105396.0
2025-06-16 01:00:00+00:00,105766.0
2025-06-16 02:00:00+00:00,105737.0
2025-06-16 03:00:00+00:00,105876.0
2025-06-16 04:00:00+00:00,106350.0
2025-06-16 05:00:00+00:00,106536.0
2025-06-16 06:00:00+00:00,106542.0
2025-06-16 07:00:00+00:00,107014.0
2025-06-16 08:00:00+00:00,107136.0
2025-06-16 09:00:00+00:00,106920.0
2025-06-16 10:00:00+00:00,106806.0
2025-06-16 11:00:00+00:00,106867.0
2025-06-16 12:00:00+00:00,106631.0
2025-06-16 13:00:00+00:00,107096.0
2025-06-16 14:00:00+00:00,107480.0
2025-06-16 15:00:00+00:00,107379.0
2025-06-16 16:00:00+00:00,107716.0
2025-06-16 17:00:00+00:00,107706.0
2025-06-16 18:00:00+00:00,108221.0
2025-06-16 19:00:00+00:00,108586.0
2025-06-16 20:00:00+00:00,108750.0
2025-06-16 21:00:00+00:00,108490.0
2025-06-16 22:00:00+00:00,107648.0
2025-06-16 23:00:00+00:00,106750.0
2025-06-17 00:00:00+00:00,107195.0
2025-06-17 01:00:00+00:00,107135.0
2025-06-17 02:00:00+00:00,107444.0
2025-06-17 03:00:00+00:00,107559.0
2025-06-17 04:00:00+00:00,107300.0
2025-06-17 05:00:00+00:00,107064.0
2025-06-17 06:00:00+00:00,106788.0
2025-06-17 07:00:00+00:00,106732.0
2025-06-17 08:00:00+00:00,106521.0
2025-06-17 09:00:00+00:00,106129.0
2025-06-17 10:00:00+00:00,105903.0
2025-06-17 11:00:00+00:00,105591.0
2025-06-17 12:00:00+00:00,105460.0
2025-06-17 13:00:00+00:00,105310.0
2025-06-17 14:00:00+00:00,104798.0
2025-06-17 15:00:00+00:00,104193.0
2025-06-17 16:00:00+00:00,103580.0
2025-06-17 17:00:00+00:00,103751.0
2025-06-17 18:00:00+00:00,104369.0
2025-06-17 19:00:00+00:00,104626.0
2025-06-17 20:00:00+00:00,104305.0
2025-06-17 21:00:00+00:00,104501.0
2025-06-17 22:00:00+00:00,104183.0
2025-06-17 23:00:00+00:00,104513.0
2025-06-18 00:00:00+00:00,104790.0
2025-06-18 01:00:00+00:00,104727.0
2025-06-18 02:00:00+00:00,104800.0
2025-06-18 03:00:00+00:00,105125.0
2025-06-18 04:00:00+00:00,105396.0
2025-06-18 05:00:00+00:00,105362.0
2025-06-18 06:00:00+00:00,104919.0
2025-06-18 07:00:00+00:00,104922.0
2025-06-18 08:00:00+00:00,104900.0
2025-06-18 09:00:00+00:00,104652.0
2025-06-18 10:00:00+00:00,104228.0
2025-06-18 11:00:00+00:00,104789.0
2025-06-18 12:00:00+00:00,104477.0
2025-06-18 13:00:00+00:00,104395.0
2025-06-18 14:00:00+00:00,104570.0
2025-06-18 15:00:00+00:00,104744.0
2025-06-18 16:00:00+00:00,104367.0
2025-06-18 17:00:00+00:00,104292.0
2025-06-18 18:00:00+00:00,103560.0
2025-06-18 19:00:00+00:00,103762.0
2025-06-18 20:00:00+00:00,104771.0
2025-06-18 21:00:00+00:00,105031.0
2025-06-18 22:00:00+00:00,104771.0
2025-06-18 23:00:00+00:00,104848.0
2025-06-19 00:00:00+00:00,104902.0
2025-06-19 01:00:00+00:00,104549.0
2025-06-19 02:00:00+00:00,104671.0
2025-06-19 03:00:00+00:00,105042.0
2025-06-19 04:00:00+00:00,105028.0
2025-06-19 05:00:00+00:00,104842.0
2025-06-19 06:00:00+00:00,104648.0
2025-06-19 07:00:00+00:00,104583.0
2025-06-19 08:00:00+00:00,104687.0
2025-06-19 09:00:00+00:00,104952.0
2025-06-19 10:00:00+00:00,104858.0
2025-06-19 11:00:00+00:00,104713.0
2025-06-19 12:00:00+00:00,104706.0
2025-06-19 13:00:00+00:00,104235.0
2025-06-19 14:00:00+00:00,104095.0
2025-06-19 15:00:00+00:00,104046.0
2025-06-19 16:00:00+00:00,103951.0
2025-06-19 17:00:00+00:00,104484.0
2025-06-19 18:00:00+00:00,104359.0
2025-06-19 19:00:00+00:00,104211.0
2025-06-19 20:00:00+00:00,104226.0
2025-06-19 21:00:00+00:00,104289.0
2025-06-19 22:00:00+00:00,104550.0
2025-06-19 23:00:00+00:00,104605.0
2025-06-20 00:00:00+00:00,104650.0
2025-06-20 01:00:00+00:00,104730.0
2025-06-20 02:00:00+00:00,104584.0
2025-06-20 03:00:00+00:00,104556.0
2025-06-20 04:00:00+00:00,104209.0
2025-06-20 05:00:00+00:00,104550.0
2025-06-20 06:00:00+00:00,104683.0
2025-06-20 07:00:00+00:00,105770.0
2025-06-20 08:00:00+00:00,105914.0
2025-06-20 09:00:00+00:00,105901.0
2025-06-20 10:00:00+00:00,105905.0
2025-06-20 11:00:00+00:00,105924.0
2025-06-20 12:00:00+00:00,105934.0
2025-06-20 13:00:00+00:00,105620.0
2025-06-20 14:00:00+00:00,103861.0
2025-06-20 15:00:00+00:00,104167.0
2025-06-20 16:00:00+00:00,103630.0
2025-06-20 17:00:00+00:00,103222.0
2025-06-20 18:00:00+00:00,103132.0
2025-06-20 19:00:00+00:00,103265.0
2025-06-20 20:00:00+00:00,103667.0
2025-06-20 21:00:00+00:00,103500.0
2025-06-20 22:00:00+00:00,103055.0
2025-06-20 23:00:00+00:00,103244.0
2025-06-21 00:00:00+00:00,103200.0
2025-06-21 01:00:00+00:00,103468.0
2025-06-21 02:00:00+00:00,103450.0
2025-06-21 03:00:00+00:00,103436.0
2025-06-21 04:00:00+00:00,103334.0
2025-06-21 05:00:00+00:00,103357.0
2025-06-21 06:00:00+00:00,103517.0
2025-06-21 07:00:00+00:00,103415.0
2025-06-21 08:00:00+00:00,103757.0
2025-06-21 09:00:00+00:00,103787.0
2025-06-21 10:00:00+00:00,103782.0
2025-06-21 11:00:00+00:00,103820.0
2025-06-21 12:00:00+00:00,103756.0
2025-06-21 13:00:00+00:00,103528.0
2025-06-21 14:00:00+00:00,103500.0
2025-06-21 15:00:00+00:00,103518.0
2025-06-21 16:00:00+00:00,103430.0
2025-06-21 17:00:00+00:00,103137.0
2025-06-21 18:00:00+00:00,102613.0
2025-06-21 19:00:00+00:00,102201.0
2025-06-21 20:00:00+00:00,102720.0
2025-06-21 21:00:00+00:00,101401.0
2025-06-21 22:00:00+00:00,101728.0
2025-06-21 23:00:00+00:00,102084.0
2025-06-22 00:00:00+00:00,102816.0
2025-06-22 01:00:00+00:00,102356.0
2025-06-22 02:00:00+00:00,102310.0
2025-06-22 03:00:00+00:00,102341.0
2025-06-22 04:00:00+00:00,102515.0
2025-06-22 05:00:00+00:00,102813.0
2025-06-22 06:00:00+00:00,102700.0
2025-06-22 07:00:00+00:00,102382.0
2025-06-22 08:00:00+00:00,102664.0
2025-06-22 09:00:00+00:00,102155.0
2025-06-22 10:00:00+00:00,102460.0
2025-06-22 11:00:00+00:00,102688.0
2025-06-22 12:00:00+00:00,102706.0
2025-06-22 13:00:00+00:00,100805.0
2025-06-22 14:00:00+00:00,99581.0
2025-06-22 15:00:00+00:00,98872.0
2025-06-22 16:00:00+00:00,99607.0
2025-06-22 17:00:00+00:00,99433.0
2025-06-22 18:00:00+00:00,99380.0
2025-06-22 19:00:00+00:00,98822.0
2025-06-22 20:00:00+00:00,99500.0
2025-06-22 21:00:00+00:00,99136.0
2025-06-22 22:00:00+00:00,100923.0
2025-06-22 23:00:00+00:00,100905.0
2025-06-23 00:00:00+00:00,100856.0
2025-06-23 01:00:00+00:00,101045.0
2025-06-23 02:00:00+00:00,101242.0
2025-06-23 03:00:00+00:00,101116.0
2025-06-23 04:00:00+00:00,101130.0
2025-06-23 05:00:00+00:00,101711.0
2025-06-23 06:00:00+00:00,101892.0
2025-06-23 07:00:00+00:00,101892.0
2025-06-23 08:00:00+00:00,101827.0
2025-06-23 09:00:00+00:00,101525.0
2025-06-23 10:00:00+00:00,101400.0
2025-06-23 11:00:00+00:00,101240.0
2025-06-23 12:00:00+00:00,101629.0
2025-06-23 13:00:00+00:00,102288.0
2025-06-23 14:00:00+00:00,101580.0
2025-06-23 15:00:00+00:00,101383.0
2025-06-23 16:00:00+00:00,100645.0
2025-06-23 17:00:00+00:00,102436.0
2025-06-23 18:00:00+00:00,102878.0
2025-06-23 19:00:00+00:00,103110.0
2025-06-23 20:00:00+00:00,103695.0
2025-06-23 21:00:00+00:00,103645.0
2025-06-23 22:00:00+00:00,105498.0
2025-06-23 23:00:00+00:00,105284.0
2025-06-24 00:00:00+00:00,105090.0
2025-06-24 01:00:00+00:00,105401.0
2025-06-24 02:00:00+00:00,104730.0
2025-06-24 03:00:00+00:00,104876.0
2025-06-24 04:00:00+00:00,104776.0
2025-06-24 05:00:00+00:00,105349.0
2025-06-24 06:00:00+00:00,105603.0
2025-06-24 07:00:00+00:00,104908.0
2025-06-24 08:00:00+00:00,104955.0
2025-06-24 09:00:00+00:00,105150.0
2025-06-24 10:00:00+00:00,105228.0
2025-06-24 11:00:00+00:00,105130.0
2025-06-24 12:00:00+00:00,105148.0
2025-06-24 13:00:00+00:00,105034.0
2025-06-24 14:00:00+00:00,105469.0
2025-06-24 15:00:00+00:00,105181.0
2025-06-24 16:00:00+00:00,106176.0
2025-06-24 17:00:00+00:00,105997.0
2025-06-24 18:00:00+00:00,105470.0
2025-06-24 19:00:00+00:00,105580.0
2025-06-24 20:00:00+00:00,106021.0
2025-06-24 21:00:00+00:00,105933.0
2025-06-24 22:00:00+00:00,105962.0
2025-06-24 23:00:00+00:00,106049.0
2025-06-25 00:00:00+00:00,106350.0
2025-06-25 01:00:00+00:00,106344.0
2025-06-25 02:00:00+00:00,106426.0
2025-06-25 03:00:00+00:00,106178.0
2025-06-25 04:00:00+00:00,106149.0
2025-06-25 05:00:00+00:00,106158.0
2025-06-25 06:00:00+00:00,106361.0
2025-06-25 07:00:00+00:00,106561.0
2025-06-25 08:00:00+00:00,106600.0
2025-06-25 09:00:00+00:00,106600.0
2025-06-25 10:00:00+00:00,107080.0
2025-06-25 11:00:00+00:00,107127.0
2025-06-25 12:00:00+00:00,107166.0
2025-06-25 13:00:00+00:00,107856.0
2025-06-25 14:00:00+00:00,107562.0
2025-06-25 15:00:00+00:00,106981.0
2025-06-25 16:00:00+00:00,107083.0
2025-06-25 17:00:00+00:00,107325.0
2025-06-25 18:00:00+00:00,107343.0
2025-06-25 19:00:00+00:00,107701.0
2025-06-25 20:00:00+00:00,107710.0
2025-06-25 21:00:00+00:00,107496.0
2025-06-25 22:00:00+00:00,107216.0
2025-06-25 23:00:00+00:00,107264.0
2025-06-26 00:00:00+00:00,107263.0
2025-06-26 01:00:00+00:00,107559.0
2025-06-26 02:00:00+00:00,107876.0
2025-06-26 03:00:00+00:00,107807.0
2025-06-26 04:00:00+00:00,107780.0
2025-06-26 05:00:00+00:00,107574.0
2025-06-26 06:00:00+00:00,107701.0
2025-06-26 07:00:00+00:00,107772.0
2025-06-26 08:00:00+00:00,107697.0
2025-06-26 09:00:00+00:00,107264.0
2025-06-26 10:00:00+00:00,107330.0
2025-06-26 11:00:00+00:00,107267.0
2025-06-26 12:00:00+00:00,107065.0
2025-06-26 13:00:00+00:00,106907.0
2025-06-26 14:00:00+00:00,107397.0
2025-06-26 15:00:00+00:00,107252.0
2025-06-26 16:00:00+00:00,107150.0
2025-06-26 17:00:00+00:00,107142.0
2025-06-26 18:00:00+00:00,107327.0
2025-06-26 19:00:00+00:00,107478.0
2025-06-26 20:00:00+00:00,107725.0
2025-06-26 21:00:00+00:00,106967.0
2025-06-26 22:00:00+00:00,106927.0
2025-06-26 23:00:00+00:00,106906.0
2025-06-27 00:00:00+00:00,106623.0
2025-06-27 01:00:00+00:00,107071.0
2025-06-27 02:00:00+00:00,107198.0
2025-06-27 03:00:00+00:00,107420.0
2025-06-27 04:00:00+00:00,107449.0
2025-06-27 05:00:00+00:00,107201.0
2025-06-27 06:00:00+00:00,107221.0
2025-06-27 07:00:00+00:00,106821.0
2025-06-27 08:00:00+00:00,106954.0
2025-06-27 09:00:00+00:00,107035.0
2025-06-27 10:00:00+00:00,106950.0
2025-06-27 11:00:00+00:00,106933.0
2025-06-27 12:00:00+00:00,106633.0
2025-06-27 13:00:00+00:00,106780.0
2025-06-27 14:00:00+00:00,106504.0
2025-06-27 15:00:00+00:00,107269.0
2025-06-27 16:00:00+00:00,107429.0
2025-06-27 17:00:00+00:00,106811.0
2025-06-27 18:00:00+00:00,106650.0
2025-06-27 19:00:00+00:00,106742.0
2025-06-27 20:00:00+00:00,107066.0
2025-06-27 21:00:00+00:00,106998.0
2025-06-27 22:00:00+00:00,107051.0
2025-06-27 23:00:00+00:00,107000.0
2025-06-28 00:00:00+00:00,107006.0
2025-06-28 01:00:00+00:00,107014.0
2025-06-28 02:00:00+00:00,107043.0
2025-06-28 03:00:00+00:00,107242.0
2025-06-28 04:00:00+00:00,107129.0
2025-06-28 05:00:00+00:00,107247.0
2025-06-28 06:00:00+00:00,107365.0
2025-06-28 07:00:00+00:00,107421.0
2025-06-28 08:00:00+00:00,107330.0
2025-06-28 09:00:00+00:00,107254.0
2025-06-28 10:00:00+00:00,107224.0
2025-06-28 11:00:00+00:00,107320.0
2025-06-28 12:00:00+00:00,107291.0
2025-06-28 13:00:00+00:00,107056.0
2025-06-28 14:00:00+00:00,107158.0
2025-06-28 15:00:00+00:00,107402.0
2025-06-28 16:00:00+00:00,107250.0
2025-06-28 17:00:00+00:00,107421.0
2025-06-28 18:00:00+00:00,107281.0
2025-06-28 19:00:00+00:00,107162.0
2025-06-28 20:00:00+00:00,107111.0
2025-06-28 21:00:00+00:00,107265.0
2025-06-28 22:00:00+00:00,107312.0
2025-06-28 23:00:00+00:00,107241.0
2025-06-29 00:00:00+00:00,107415.0
2025-06-29 01:00:00+00:00,107268.0
2025-06-29 02:00:00+00:00,107251.0
2025-06-29 03:00:00+00:00,107158.0
2025-06-29 04:00:00+00:00,107214.0
2025-06-29 05:00:00+00:00,107256.0
2025-06-29 06:00:00+00:00,107321.0
2025-06-29 07:00:00+00:00,107350.0
2025-06-29 08:00:00+00:00,107646.0
2025-06-29 09:00:00+00:00,107839.0
2025-06-29 10:00:00+00:00,108093.0
2025-06-29 11:00:00+00:00,108421.0
2025-06-29 12:00:00+00:00,108136.0
2025-06-29 13:00:00+00:00,108001.0
2025-06-29 14:00:00+00:00,107885.0
2025-06-29 15:00:00+00:00,107694.0
2025-06-29 16:00:00+00:00,107499.0
2025-06-29 17:00:00+00:00,107484.0
2025-06-29 18:00:00+00:00,107570.0
2025-06-29 19:00:00+00:00,107337.0
2025-06-29 20:00:00+00:00,107293.0
2025-06-29 21:00:00+00:00,107488.0
2025-06-29 22:00:00+00:00,108047.0
2025-06-29 23:00:00+00:00,108315.0
2025-06-30 00:00:00+00:00,108662.0
2025-06-30 01:00:00+00:00,108458.0
2025-06-30 02:00:00+00:00,108450.0
2025-06-30 03:00:00+00:00,108467.0
2025-06-30 04:00:00+00:00,108290.0
2025-06-30 05:00:00+00:00,108237.0
2025-06-30 06:00:00+00:00,107504.0
2025-06-30 07:00:00+00:00,107553.0
2025-06-30 08:00:00+00:00,107449.0
2025-06-30 09:00:00+00:00,107417.0
2025-06-30 10:00:00+00:00,107582.0
2025-06-30 11:00:00+00:00,107591.0
2025-06-30 12:00:00+00:00,107529.0
2025-06-30 13:00:00+00:00,107476.0
2025-06-30 14:00:00+00:00,106773.0
2025-06-30 15:00:00+00:00,107518.0
2025-06-30 16:00:00+00:00,107550.0
2025-06-30 17:00:00+00:00,107416.0
2025-06-30 18:00:00+00:00,107187.0
2025-06-30 19:00:00+00:00,107687.0
2025-06-30 20:00:00+00:00,107539.0
2025-06-30 21:00:00+00:00,107062.0
2025-06-30 22:00:00+00:00,107047.0
2025-06-30 23:00:00+00:00,107082.0
2025-07-01 00:00:00+00:00,107320.0
2025-07-01 01:00:00+00:00,107167.0
2025-07-01 02:00:00+00:00,107047.0
2025-07-01 03:00:00+00:00,107151.0
2025-07-01 04:00:00+00:00,106827.0
2025-07-01 05:00:00+00:00,106883.0
2025-07-01 06:00:00+00:00,106836.0
2025-07-01 07:00:00+00:00,107120.0
2025-07-01 08:00:00+00:00,106657.0
2025-07-01 09:00:00+00:00,106492.0
2025-07-01 10:00:00+00:00,106435.0
2025-07-01 11:00:00+00:00,106554.0
2025-07-01 12:00:00+00:00,106363.0
2025-07-01 13:00:00+00:00,106767.0
2025-07-01 14:00:00+00:00,105873.0
2025-07-01 15:00:00+00:00,105910.0
2025-07-01 16:00:00+00:00,106034.0
2025-07-01 17:00:00+00:00,106200.0
2025-07-01 18:00:00+00:00,105689.0
2025-07-01 19:00:00+00:00,105343.0
2025-07-01 20:00:00+00:00,105866.0
2025-07-01 21:00:00+00:00,105750.0
2025-07-01 22:00:00+00:00,105585.0
2025-07-01 23:00:00+00:00,105635.0
2025-07-02 00:00:00+00:00,105340.0
2025-07-02 01:00:00+00:00,105669.0
2025-07-02 02:00:00+00:00,105858.0
2025-07-02 03:00:00+00:00,106149.0
2025-07-02 04:00:00+00:00,106338.0
2025-07-02 05:00:00+00:00,106591.0
2025-07-02 06:00:00+00:00,106966.0
2025-07-02 07:00:00+00:00,107041.0
2025-07-02 08:00:00+00:00,107689.0
2025-07-02 09:00:00+00:00,107594.0
2025-07-02 10:00:00+00:00,107787.0
2025-07-02 11:00:00+00:00,107437.0
2025-07-02 12:00:00+00:00,107337.0
2025-07-02 13:00:00+00:00,107718.0
2025-07-02 14:00:00+00:00,108100.0
2025-07-02 15:00:00+00:00,108713.0
2025-07-02 16:00:00+00:00,109386.0
2025-07-02 17:00:00+00:00,109105.0
2025-07-02 18:00:00+00:00,109493.0
2025-07-02 19:00:00+00:00,109632.0
2025-07-02 20:00:00+00:00,109090.0
2025-07-02 21:00:00+00:00,109395.0
2025-07-02 22:00:00+00:00,109100.0
2025-07-02 23:00:00+00:00,108803.0
2025-07-03 00:00:00+00:00,108891.0
2025-07-03 01:00:00+00:00,108941.0
2025-07-03 02:00:00+00:00,108672.0
2025-07-03 03:00:00+00:00,108593.0
2025-07-03 04:00:00+00:00,108740.0
2025-07-03 05:00:00+00:00,109295.0
2025-07-03 06:00:00+00:00,109427.0
2025-07-03 07:00:00+00:00,109243.0
2025-07-03 08:00:00+00:00,109333.0
2025-07-03 09:00:00+00:00,109896.0
2025-07-03 10:00:00+00:00,109793.0
2025-07-03 11:00:00+00:00,109552.0
2025-07-03 12:00:00+00:00,109113.0
2025-07-03 13:00:00+00:00,110224.0
2025-07-03 14:00:00+00:00,109675.0
2025-07-03 15:00:00+00:00,109064.0
2025-07-03 16:00:00+00:00,109234.0
2025-07-03 17:00:00+00:00,109501.0
2025-07-03 18:00:00+00:00,109638.0
2025-07-03 19:00:00+00:00,109745.0
2025-07-03 20:00:00+00:00,109917.0
2025-07-03 21:00:00+00:00,109741.0
2025-07-03 22:00:00+00:00,109658.0
2025-07-03 23:00:00+00:00,109540.0
2025-07-04 00:00:00+00:00,109416.0
2025-07-04 01:00:00+00:00,109451.0
2025-07-04 02:00:00+00:00,109135.0
2025-07-04 03:00:00+00:00,109187.0
2025-07-04 04:00:00+00:00,108942.0
2025-07-04 05:00:00+00:00,108962.0
2025-07-04 06:00:00+00:00,108964.0
2025-07-04 07:00:00+00:00,108650.0
2025-07-04 08:00:00+00:00,108702.0
2025-07-04 09:00:00+00:00,108933.0
2025-07-04 10:00:00+00:00,108840.0
2025-07-04 11:00:00+00:00,108826.0
2025-07-04 12:00:00+00:00,108675.0
2025-07-04 13:00:00+00:00,107917.0
2025-07-04 14:00:00+00:00,107780.0
2025-07-04 15:00:00+00:00,107553.0
2025-07-04 16:00:00+00:00,107593.0
2025-07-04 17:00:00+00:00,107845.0
2025-07-04 18:00:00+00:00,107461.0
2025-07-04 19:00:00+00:00,107454.0
2025-07-04 20:00:00+00:00,107657.0
2025-07-04 21:00:00+00:00,107880.0
2025-07-04 22:00:00+00:00,108193.0
2025-07-04 23:00:00+00:00,107948.0
2025-07-05 00:00:00+00:00,108142.0
2025-07-05 01:00:00+00:00,107947.0
2025-07-05 02:00:00+00:00,108018.0
2025-07-05 03:00:00+00:00,108108.0
2025-07-05 04:00:00+00:00,108080.0
2025-07-05 05:00:00+00:00,108095.0
2025-07-05 06:00:00+00:00,108226.0
2025-07-05 07:00:00+00:00,108009.0
2025-07-05 08:00:00+00:00,107970.0
2025-07-05 09:00:00+00:00,108034.0
2025-07-05 10:00:00+00:00,108022.0
2025-07-05 11:00:00+00:00,108056.0
2025-07-05 12:00:00+00:00,108100.0
2025-07-05 13:00:00+00:00,108081.0
2025-07-05 14:00:00+00:00,108161.0
2025-07-05 15:00:00+00:00,108018.0
2025-07-05 16:00:00+00:00,108050.0
2025-07-05 17:00:00+00:00,108036.0
2025-07-05 18:00:00+00:00,107936.0
2025-07-05 19:00:00+00:00,108097.0
2025-07-05 20:00:00+00:00,108041.0
2025-07-05 21:00:00+00:00,108034.0
2025-07-05 22:00:00+00:00,108139.0
2025-07-05 23:00:00+00:00,108145.0
2025-07-06 00:00:00+00:00,108168.0
2025-07-06 01:00:00+00:00,108152.0
2025-07-06 02:00:00+00:00,107990.0
2025-07-06 03:00:00+00:00,108000.0
2025-07-06 04:00:00+00:00,107932.0
2025-07-06 05:00:00+00:00,107944.0
2025-07-06 06:00:00+00:00,108061.0
2025-07-06 07:00:00+00:00,107989.0
2025-07-06 08:00:00+00:00,107952.0
2025-07-06 09:00:00+00:00,107811.0
2025-07-06 10:00:00+00:00,107936.0
2025-07-06 11:00:00+00:00,108029.0
2025-07-06 12:00:00+00:00,108198.0
2025-07-06 13:00:00+00:00,108732.0
2025-07-06 14:00:00+00:00,108880.0
2025-07-06 15:00:00+00:00,108860.0
2025-07-06 16:00:00+00:00,108811.0
2025-07-06 17:00:00+00:00,108876.0
2025-07-06 18:00:00+00:00,108433.0
2025-07-06 19:00:00+00:00,108499.0
2025-07-06 20:00:00+00:00,108618.0
2025-07-06 21:00:00+00:00,109166.0
2025-07-06 22:00:00+00:00,109190.0
2025-07-06 23:00:00+00:00,109161.0
2025-07-07 00:00:00+00:00,108785.0
2025-07-07 01:00:00+00:00,108977.0
2025-07-07 02:00:00+00:00,109323.0
2025-07-07 03:00:00+00:00,109356.0
2025-07-07 04:00:00+00:00,109081.0
2025-07-07 05:00:00+00:00,109030.0
2025-07-07 06:00:00+00:00,108731.0
2025-07-07 07:00:00+00:00,109016.0
2025-07-07 08:00:00+00:00,108972.0
2025-07-07 09:00:00+00:00,108808.0
2025-07-07 10:00:00+00:00,108638.0
2025-07-07 11:00:00+00:00,108594.0
2025-07-07 12:00:00+00:00,108302.0
2025-07-07 13:00:00+00:00,108475.0
2025-07-07 14:00:00+00:00,108163.0
2025-07-07 15:00:00+00:00,108245.0
2025-07-07 16:00:00+00:00,107921.0
2025-07-07 17:00:00+00:00,107892.0
2025-07-07 18:00:00+00:00,107975.0
2025-07-07 19:00:00+00:00,107990.0
2025-07-07 20:00:00+00:00,107801.0
2025-07-07 21:00:00+00:00,108105.0
2025-07-07 22:00:00+00:00,107950.0
2025-07-07 23:00:00+00:00,108200.0
2025-07-08 00:00:00+00:00,108238.0
2025-07-08 01:00:00+00:00,107631.0
2025-07-08 02:00:00+00:00,107723.0
2025-07-08 03:00:00+00:00,107851.0
2025-07-08 04:00:00+00:00,107988.0
2025-07-08 05:00:00+00:00,108160.0
2025-07-08 06:00:00+00:00,108241.0
2025-07-08 07:00:00+00:00,108428.0
2025-07-08 08:00:00+00:00,108220.0
2025-07-08 09:00:00+00:00,108412.0
2025-07-08 10:00:00+00:00,108790.0
2025-07-08 11:00:00+00:00,108719.0
2025-07-08 12:00:00+00:00,108914.0
2025-07-08 13:00:00+00:00,108973.0
2025-07-08 14:00:00+00:00,108334.0
2025-07-08 15:00:00+00:00,108203.0
2025-07-08 16:00:00+00:00,108384.0
2025-07-08 17:00:00+00:00,108950.0
2025-07-08 18:00:00+00:00,109117.0
2025-07-08 19:00:00+00:00,108729.0
2025-07-08 20:00:00+00:00,108584.0
2025-07-08 21:00:00+00:00,108848.0
2025-07-08 22:00:00+00:00,108854.0
2025-07-08 23:00:00+00:00,108882.0
2025-07-09 00:00:00+00:00,108897.0
2025-07-09 01:00:00+00:00,108733.0
2025-07-09 02:00:00+00:00,108574.0
2025-07-09 03:00:00+00:00,108313.0
2025-07-09 04:00:00+00:00,108504.0
2025-07-09 05:00:00+00:00,108730.0
2025-07-09 06:00:00+00:00,108793.0
2025-07-09 07:00:00+00:00,108672.0
2025-07-09 08:00:00+00:00,108625.0
2025-07-09 09:00:00+00:00,108708.0
2025-07-09 10:00:00+00:00,108870.0
2025-07-09 11:00:00+00:00,109019.0
2025-07-09 12:00:00+00:00,109299.0
2025-07-09 13:00:00+00:00,109145.0
2025-07-09 14:00:00+00:00,108839.0
2025-07-09 15:00:00+00:00,109010.0
2025-07-09 16:00:00+00:00,109350.0
2025-07-09 17:00:00+00:00,109107.0
2025-07-09 18:00:00+00:00,109491.0
2025-07-09 19:00:00+00:00,111703.0
2025-07-09 20:00:00+00:00,110672.0
2025-07-09 21:00:00+00:00,110789.0
2025-07-09 22:00:00+00:00,111333.0
2025-07-09 23:00:00+00:00,111210.0
2025-07-10 00:00:00+00:00,110865.0
2025-07-10 01:00:00+00:00,111156.0
2025-07-10 02:00:00+00:00,111173.0
2025-07-10 03:00:00+00:00,111026.0
2025-07-10 04:00:00+00:00,111108.0
2025-07-10 05:00:00+00:00,111044.0
2025-07-10 06:00:00+00:00,111178.0
2025-07-10 07:00:00+00:00,111191.0
2025-07-10 08:00:00+00:00,111196.0
2025-07-10 09:00:00+00:00,110994.0
2025-07-10 10:00:00+00:00,111034.0
2025-07-10 11:00:00+00:00,110980.0
2025-07-10 12:00:00+00:00,110827.0
2025-07-10 13:00:00+00:00,110762.0
2025-07-10 14:00:00+00:00,111194.0
2025-07-10 15:00:00+00:00,111360.0
2025-07-10 16:00:00+00:00,112605.0
2025-07-10 17:00:00+00:00,113693.0
2025-07-10 18:00:00+00:00,113381.0
2025-07-10 19:00:00+00:00,113248.0
2025-07-10 20:00:00+00:00,113436.0
2025-07-10 21:00:00+00:00,116459.0
2025-07-10 22:00:00+00:00,115992.0
2025-07-10 23:00:00+00:00,115991.0
2025-07-11 00:00:00+00:00,115556.0
2025-07-11 01:00:00+00:00,115953.0
2025-07-11 02:00:00+00:00,116635.0
2025-07-11 03:00:00+00:00,116854.0
2025-07-11 04:00:00+00:00,116884.0
2025-07-11 05:00:00+00:00,117832.0
2025-07-11 06:00:00+00:00,117640.0
2025-07-11 07:00:00+00:00,117555.0
2025-07-11 08:00:00+00:00,117964.0
2025-07-11 09:00:00+00:00,118449.0
2025-07-11 10:00:00+00:00,117971.0
2025-07-11 11:00:00+00:00,117802.0
2025-07-11 12:00:00+00:00,117857.0
2025-07-11 13:00:00+00:00,117978.0
2025-07-11 14:00:00+00:00,117850.0
2025-07-11 15:00:00+00:00,116909.0
2025-07-11 16:00:00+00:00,117403.0
2025-07-11 17:00:00+00:00,117624.0
2025-07-11 18:00:00+00:00,117691.0
2025-07-11 19:00:00+00:00,118080.0
2025-07-11 20:00:00+00:00,117625.0
2025-07-11 21:00:00+00:00,117590.0
2025-07-11 22:00:00+00:00,117591.0
2025-07-11 23:00:00+00:00,117509.0
2025-07-12 00:00:00+00:00,117380.0
2025-07-12 01:00:00+00:00,117618.0
2025-07-12 02:00:00+00:00,117573.0
2025-07-12 03:00:00+00:00,117753.0
2025-07-12 04:00:00+00:00,117620.0
2025-07-12 05:00:00+00:00,117641.0
2025-07-12 06:00:00+00:00,117801.0
2025-07-12 07:00:00+00:00,117684.0
2025-07-12 08:00:00+00:00,117865.0
2025-07-12 09:00:00+00:00,118124.0
2025-07-12 10:00:00+00:00,118035.0
2025-07-12 11:00:00+00:00,117773.0
2025-07-12 12:00:00+00:00,117494.0
2025-07-12 13:00:00+00:00,117473.0
2025-07-12 14:00:00+00:00,117342.0
2025-07-12 15:00:00+00:00,117067.0
2025-07-12 16:00:00+00:00,117153.0
2025-07-12 17:00:00+00:00,117437.0
2025-07-12 18:00:00+00:00,117465.0
2025-07-12 19:00:00+00:00,117512.0
2025-07-12 20:00:00+00:00,116964.0
2025-07-12 21:00:00+00:00,117446.0
2025-07-12 22:00:00+00:00,117338.0
2025-07-12 23:00:00+00:00,117370.0
2025-07-13 00:00:00+00:00,117259.0
2025-07-13 01:00:00+00:00,117511.0
2025-07-13 02:00:00+00:00,117557.0
2025-07-13 03:00:00+00:00,117707.0
2025-07-13 04:00:00+00:00,117835.0
2025-07-13 05:00:00+00:00,117717.0
2025-07-13 06:00:00+00:00,117837.0
2025-07-13 07:00:00+00:00,117951.0
2025-07-13 08:00:00+00:00,117858.0
2025-07-13 09:00:00+00:00,117696.0
2025-07-13 10:00:00+00:00,117716.0
2025-07-13 11:00:00+00:00,118030.0
2025-07-13 12:00:00+00:00,118366.0
2025-07-13 13:00:00+00:00,118557.0
2025-07-13 14:00:00+00:00,118700.0
2025-07-13 15:00:00+00:00,118623.0
2025-07-13 16:00:00+00:00,118462.0
2025-07-13 17:00:00+00:00,118632.0
2025-07-13 18:00:00+00:00,118940.0
2025-07-13 19:00:00+00:00,118919.0
2025-07-13 20:00:00+00:00,119019.0
2025-07-13 21:00:00+00:00,118599.0
2025-07-13 22:00:00+00:00,118465.0
2025-07-13 23:00:00+00:00,119051.0
2025-07-14 00:00:00+00:00,119034.0
2025-07-14 01:00:00+00:00,119055.0
2025-07-14 02:00:00+00:00,119615.0
2025-07-14 03:00:00+00:00,120725.0
2025-07-14 04:00:00+00:00,121386.0
2025-07-14 05:00:00+00:00,122447.0
2025-07-14 06:00:00+00:00,122120.0
2025-07-14 07:00:00+00:00,122742.0
2025-07-14 08:00:00+00:00,122557.0
2025-07-14 09:00:00+00:00,121991.0
2025-07-14 10:00:00+00:00,121912.0
2025-07-14 11:00:00+00:00,121481.0
2025-07-14 12:00:00+00:00,121896.0
2025-07-14 13:00:00+00:00,121681.0
2025-07-14 14:00:00+00:00,121175.0
2025-07-14 15:00:00+00:00,119890.0
2025-07-14 16:00:00+00:00,120288.0
2025-07-14 17:00:00+00:00,119922.0
2025-07-14 18:00:00+00:00,119640.0
2025-07-14 19:00:00+00:00,119950.0
2025-07-14 20:00:00+00:00,120137.0
2025-07-14 21:00:00+00:00,120019.0
2025-07-14 22:00:00+00:00,120042.0
2025-07-14 23:00:00+00:00,119842.0
2025-07-15 00:00:00+00:00,119480.0
2025-07-15 01:00:00+00:00,118478.0
2025-07-15 02:00:00+00:00,118271.0
2025-07-15 03:00:00+00:00,117211.0
2025-07-15 04:00:00+00:00,117535.0
2025-07-15 05:00:00+00:00,117352.0
2025-07-15 06:00:00+00:00,117100.0
2025-07-15 07:00:00+00:00,116823.0
2025-07-15 08:00:00+00:00,116806.0
2025-07-15 09:00:00+00:00,116800.0
2025-07-15 10:00:00+00:00,117077.0
2025-07-15 11:00:00+00:00,117151.0
2025-07-15 12:00:00+00:00,117210.0
2025-07-15 13:00:00+00:00,118109.0
2025-07-15 14:00:00+00:00,116022.0
2025-07-15 15:00:00+00:00,116431.0
2025-07-15 16:00:00+00:00,117222.0
2025-07-15 17:00:00+00:00,117421.0
2025-07-15 18:00:00+00:00,116739.0
2025-07-15 19:00:00+00:00,116431.0
2025-07-15 20:00:00+00:00,116400.0
2025-07-15 21:00:00+00:00,117574.0
2025-07-15 22:00:00+00:00,117827.0
2025-07-15 23:00:00+00:00,117746.0
2025-07-16 00:00:00+00:00,118127.0
2025-07-16 01:00:00+00:00,117747.0
2025-07-16 02:00:00+00:00,117346.0
2025-07-16 03:00:00+00:00,117500.0
2025-07-16 04:00:00+00:00,117615.0
2025-07-16 05:00:00+00:00,117872.0
2025-07-16 06:00:00+00:00,118272.0
2025-07-16 07:00:00+00:00,118200.0
2025-07-16 08:00:00+00:00,118710.0
2025-07-16 09:00:00+00:00,119208.0
2025-07-16 10:00:00+00:00,118750.0
2025-07-16 11:00:00+00:00,118777.0
2025-07-16 12:00:00+00:00,118609.0
2025-07-16 13:00:00+00:00,118673.0
2025-07-16 14:00:00+00:00,119038.0
2025-07-16 15:00:00+00:00,119068.0
2025-07-16 16:00:00+00:00,119260.0
2025-07-16 17:00:00+00:00,119065.0
2025-07-16 18:00:00+00:00,119505.0
2025-07-16 19:00:00+00:00,119230.0
2025-07-16 20:00:00+00:00,119921.0
2025-07-16 21:00:00+00:00,119292.0
2025-07-16 22:00:00+00:00,118654.0
2025-07-16 23:00:00+00:00,118627.0
2025-07-17 00:00:00+00:00,118885.0
2025-07-17 01:00:00+00:00,118131.0
2025-07-17 02:00:00+00:00,118309.0
2025-07-17 03:00:00+00:00,118090.0
2025-07-17 04:00:00+00:00,118480.0
2025-07-17 05:00:00+00:00,118577.0
2025-07-17 06:00:00+00:00,118435.0
2025-07-17 07:00:00+00:00,118320.0
2025-07-17 08:00:00+00:00,118339.0
2025-07-17 09:00:00+00:00,118803.0
2025-07-17 10:00:00+00:00,118370.0
2025-07-17 11:00:00+00:00,118001.0
2025-07-17 12:00:00+00:00,117882.0
2025-07-17 13:00:00+00:00,118300.0
2025-07-17 14:00:00+00:00,118797.0
2025-07-17 15:00:00+00:00,118912.0
2025-07-17 16:00:00+00:00,118596.0
2025-07-17 17:00:00+00:00,119313.0
2025-07-17 18:00:00+00:00,119640.0
2025-07-17 19:00:00+00:00,119000.0
2025-07-17 20:00:00+00:00,119481.0
2025-07-17 21:00:00+00:00,120318.0
2025-07-17 22:00:00+00:00,119805.0
2025-07-17 23:00:00+00:00,119219.0
2025-07-18 00:00:00+00:00,119783.0
2025-07-18 01:00:00+00:00,120401.0
2025-07-18 02:00:00+00:00,120141.0
2025-07-18 03:00:00+00:00,120258.0
2025-07-18 04:00:00+00:00,120461.0
2025-07-18 05:00:00+00:00,120641.0
2025-07-18 06:00:00+00:00,120294.0
2025-07-18 07:00:00+00:00,119420.0
2025-07-18 08:00:00+00:00,118686.0
2025-07-18 09:00:00+00:00,118936.0
2025-07-18 10:00:00+00:00,119287.0
2025-07-18 11:00:00+00:00,119223.0
2025-07-18 12:00:00+00:00,119486.0
2025-07-18 13:00:00+00:00,118829.0
2025-07-18 14:00:00+00:00,118149.0
2025-07-18 15:00:00+00:00,117867.0
2025-07-18 16:00:00+00:00,117576.0
2025-07-18 17:00:00+00:00,117613.0
2025-07-18 18:00:00+00:00,117324.0
2025-07-18 19:00:00+00:00,117381.0
2025-07-18 20:00:00+00:00,117401.0
2025-07-18 21:00:00+00:00,117692.0
2025-07-18 22:00:00+00:00,117696.0
2025-07-18 23:00:00+00:00,117931.0
2025-07-19 00:00:00+00:00,117754.0
2025-07-19 01:00:00+00:00,118057.0
2025-07-19 02:00:00+00:00,118224.0
2025-07-19 03:00:00+00:00,118350.0
2025-07-19 04:00:00+00:00,118160.0
2025-07-19 05:00:00+00:00,118221.0
2025-07-19 06:00:00+00:00,118190.0
2025-07-19 07:00:00+00:00,118176.0
2025-07-19 08:00:00+00:00,118101.0
2025-07-19 09:00:00+00:00,118241.0
2025-07-19 10:00:00+00:00,118449.0
2025-07-19 11:00:00+00:00,118331.0
2025-07-19 12:00:00+00:00,118245.0
2025-07-19 13:00:00+00:00,118200.0
2025-07-19 14:00:00+00:00,117684.0
2025-07-19 15:00:00+00:00,118059.0
2025-07-19 16:00:00+00:00,117986.0
2025-07-19 17:00:00+00:00,117808.0
2025-07-19 18:00:00+00:00,117858.0
2025-07-19 19:00:00+00:00,118006.0
2025-07-19 20:00:00+00:00,117722.0
2025-07-19 21:00:00+00:00,117699.0
2025-07-19 22:00:00+00:00,117788.0
2025-07-19 23:00:00+00:00,117843.0
2025-07-20 00:00:00+00:00,117954.0
2025-07-20 01:00:00+00:00,117941.0
2025-07-20 02:00:00+00:00,118000.0
2025-07-20 03:00:00+00:00,117976.0
2025-07-20 04:00:00+00:00,117968.0
2025-07-20 05:00:00+00:00,117867.0
2025-07-20 06:00:00+00:00,117841.0
2025-07-20 07:00:00+00:00,118053.0
2025-07-20 08:00:00+00:00,118198.0
2025-07-20 09:00:00+00:00,117954.0
2025-07-20 10:00:00+00:00,117926.0
2025-07-20 11:00:00+00:00,117926.0
2025-07-20 12:00:00+00:00,118119.0
2025-07-20 13:00:00+00:00,118424.0
2025-07-20 14:00:00+00:00,118483.0
2025-07-20 15:00:00+00:00,118723.0
2025-07-20 16:00:00+00:00,118600.0
2025-07-20 17:00:00+00:00,118059.0
2025-07-20 18:00:00+00:00,118406.0
2025-07-20 19:00:00+00:00,118197.0
2025-07-20 20:00:00+00:00,118118.0
2025-07-20 21:00:00+00:00,118037.0
2025-07-20 22:00:00+00:00,117515.0
2025-07-20 23:00:00+00:00,117291.0
2025-07-21 00:00:00+00:00,117387.0
2025-07-21 01:00:00+00:00,117330.0
2025-07-21 02:00:00+00:00,118203.0
2025-07-21 03:00:00+00:00,118430.0
2025-07-21 04:00:00+00:00,118368.0
2025-07-21 05:00:00+00:00,118452.0
2025-07-21 06:00:00+00:00,119213.0
2025-07-21 07:00:00+00:00,119420.0
2025-07-21 08:00:00+00:00,119060.0
2025-07-21 09:00:00+00:00,118743.0
2025-07-21 10:00:00+00:00,118617.0
2025-07-21 11:00:00+00:00,118119.0
2025-07-21 12:00:00+00:00,118226.0
2025-07-21 13:00:00+00:00,118895.0
2025-07-21 14:00:00+00:00,118876.0
2025-07-21 15:00:00+00:00,118378.0
2025-07-21 16:00:00+00:00,117800.0
2025-07-21 17:00:00+00:00,117900.0
2025-07-21 18:00:00+00:00,117190.0
2025-07-21 19:00:00+00:00,116797.0
2025-07-21 20:00:00+00:00,116950.0
2025-07-21 21:00:00+00:00,117233.0
2025-07-21 22:00:00+00:00,117374.0
2025-07-21 23:00:00+00:00,117393.0
2025-07-22 00:00:00+00:00,117139.0
2025-07-22 01:00:00+00:00,117777.0
2025-07-22 02:00:00+00:00,117056.0
2025-07-22 03:00:00+00:00,117236.0
2025-07-22 04:00:00+00:00,116565.0
2025-07-22 05:00:00+00:00,117371.0
2025-07-22 06:00:00+00:00,117858.0
2025-07-22 07:00:00+00:00,118028.0
2025-07-22 08:00:00+00:00,118330.0
2025-07-22 09:00:00+00:00,118409.0
2025-07-22 10:00:00+00:00,119004.0
2025-07-22 11:00:00+00:00,119200.0
2025-07-22 12:00:00+00:00,119345.0
2025-07-22 13:00:00+00:00,118201.0
2025-07-22 14:00:00+00:00,119112.0
2025-07-22 15:00:00+00:00,118963.0
2025-07-22 16:00:00+00:00,118747.0
2025-07-22 17:00:00+00:00,119261.0
2025-07-22 18:00:00+00:00,119817.0
2025-07-22 19:00:00+00:00,119334.0
2025-07-22 20:00:00+00:00,119762.0
2025-07-22 21:00:00+00:00,119466.0
2025-07-22 22:00:00+00:00,119916.0
2025-07-22 23:00:00+00:00,120044.0
2025-07-23 00:00:00+00:00,119660.0
2025-07-23 01:00:00+00:00,119579.0
2025-07-23 02:00:00+00:00,119155.0
2025-07-23 03:00:00+00:00,118676.0
2025-07-23 04:00:00+00:00,119027.0
2025-07-23 05:00:00+00:00,118682.0
2025-07-23 06:00:00+00:00,118475.0
2025-07-23 07:00:00+00:00,118399.0
2025-07-23 08:00:00+00:00,118459.0
2025-07-23 09:00:00+00:00,118066.0
2025-07-23 10:00:00+00:00,118401.0
2025-07-23 11:00:00+00:00,118558.0
2025-07-23 12:00:00+00:00,118012.0
2025-07-23 13:00:00+00:00,117367.0
2025-07-23 14:00:00+00:00,118219.0
2025-07-23 15:00:00+00:00,118590.0
2025-07-23 16:00:00+00:00,117722.0
2025-07-23 17:00:00+00:00,118135.0
2025-07-23 18:00:00+00:00,118405.0
2025-07-23 19:00:00+00:00,118398.0
2025-07-23 20:00:00+00:00,117899.0
2025-07-23 21:00:00+00:00,118187.0
2025-07-23 22:00:00+00:00,118560.0
2025-07-23 23:00:00+00:00,118744.0
2025-07-24 00:00:00+00:00,119055.0
2025-07-24 01:00:00+00:00,119097.0
2025-07-24 02:00:00+00:00,118964.0
2025-07-24 03:00:00+00:00,118514.0
2025-07-24 04:00:00+00:00,117936.0
2025-07-24 05:00:00+00:00,117583.0
2025-07-24 06:00:00+00:00,117436.0
2025-07-24 07:00:00+00:00,118398.0
2025-07-24 08:00:00+00:00,118773.0
2025-07-24 09:00:00+00:00,118495.0
2025-07-24 10:00:00+00:00,118390.0
2025-07-24 11:00:00+00:00,118614.0
2025-07-24 12:00:00+00:00,118520.0
2025-07-24 13:00:00+00:00,118205.0
2025-07-24 14:00:00+00:00,119051.0
2025-07-24 15:00:00+00:00,119122.0
2025-07-24 16:00:00+00:00,118545.0
2025-07-24 17:00:00+00:00,119140.0
2025-07-24 18:00:00+00:00,119053.0
2025-07-24 19:00:00+00:00,118954.0
2025-07-24 20:00:00+00:00,118720.0
2025-07-24 21:00:00+00:00,118530.0
2025-07-24 22:00:00+00:00,118272.0
2025-07-24 23:00:00+00:00,118328.0
2025-07-25 00:00:00+00:00,117649.0
2025-07-25 01:00:00+00:00,117338.0
2025-07-25 02:00:00+00:00,116314.0
2025-07-25 03:00:00+00:00,115401.0
2025-07-25 04:00:00+00:00,116056.0
2025-07-25 05:00:00+00:00,115514.0
2025-07-25 06:00:00+00:00,115288.0
2025-07-25 07:00:00+00:00,115330.0
2025-07-25 08:00:00+00:00,115233.0
2025-07-25 09:00:00+00:00,116062.0
2025-07-25 10:00:00+00:00,116312.0
2025-07-25 11:00:00+00:00,116545.0
2025-07-25 12:00:00+00:00,116103.0
2025-07-25 13:00:00+00:00,116248.0
2025-07-25 14:00:00+00:00,114979.0
2025-07-25 15:00:00+00:00,115735.0
2025-07-25 16:00:00+00:00,116187.0
2025-07-25 17:00:00+00:00,116030.0
2025-07-25 18:00:00+00:00,116494.0
2025-07-25 19:00:00+00:00,116680.0
2025-07-25 20:00:00+00:00,117068.0
2025-07-25 21:00:00+00:00,117227.0
2025-07-25 22:00:00+00:00,117290.0
2025-07-25 23:00:00+00:00,117617.0
2025-07-26 00:00:00+00:00,117500.0
2025-07-26 01:00:00+00:00,117156.0
2025-07-26 02:00:00+00:00,117467.0
2025-07-26 03:00:00+00:00,117470.0
2025-07-26 04:00:00+00:00,117488.0
2025-07-26 05:00:00+00:00,117436.0
2025-07-26 06:00:00+00:00,117324.0
2025-07-26 07:00:00+00:00,117323.0
2025-07-26 08:00:00+00:00,117548.0
2025-07-26 09:00:00+00:00,117571.0
2025-07-26 10:00:00+00:00,117967.0
2025-07-26 11:00:00+00:00,117756.0
2025-07-26 12:00:00+00:00,117893.0
2025-07-26 13:00:00+00:00,118121.0
2025-07-26 14:00:00+00:00,118060.0
2025-07-26 15:00:00+00:00,118142.0
2025-07-26 16:00:00+00:00,118086.0
2025-07-26 17:00:00+00:00,118025.0
2025-07-26 18:00:00+00:00,118091.0
2025-07-26 19:00:00+00:00,118236.0
2025-07-26 20:00:00+00:00,117936.0
2025-07-26 21:00:00+00:00,118021.0
2025-07-26 22:00:00+00:00,117986.0
2025-07-26 23:00:00+00:00,117899.0
2025-07-27 00:00:00+00:00,117939.0
2025-07-27 01:00:00+00:00,118076.0
2025-07-27 02:00:00+00:00,118322.0
2025-07-27 03:00:00+00:00,118175.0
2025-07-27 04:00:00+00:00,118221.0
2025-07-27 05:00:00+00:00,118290.0
2025-07-27 06:00:00+00:00,118262.0
2025-07-27 07:00:00+00:00,118117.0
2025-07-27 08:00:00+00:00,117957.0
2025-07-27 09:00:00+00:00,117940.0
2025-07-27 10:00:00+00:00,118185.0
2025-07-27 11:00:00+00:00,118071.0
2025-07-27 12:00:00+00:00,118090.0
2025-07-27 13:00:00+00:00,118206.0
2025-07-27 14:00:00+00:00,118417.0
2025-07-27 15:00:00+00:00,118587.0
2025-07-27 16:00:00+00:00,119100.0
2025-07-27 17:00:00+00:00,119209.0
2025-07-27 18:00:00+00:00,119026.0
2025-07-27 19:00:00+00:00,118979.0
2025-07-27 20:00:00+00:00,118752.0
2025-07-27 21:00:00+00:00,119288.0
2025-07-27 22:00:00+00:00,119505.0
2025-07-27 23:00:00+00:00,119430.0
2025-07-28 00:00:00+00:00,119251.0
2025-07-28 01:00:00+00:00,119045.0
2025-07-28 02:00:00+00:00,119449.0
2025-07-28 03:00:00+00:00,119288.0
2025-07-28 04:00:00+00:00,119216.0
2025-07-28 05:00:00+00:00,119529.0
2025-07-28 06:00:00+00:00,119456.0
2025-07-28 07:00:00+00:00,118886.0
2025-07-28 08:00:00+00:00,119058.0
2025-07-28 09:00:00+00:00,118922.0
2025-07-28 10:00:00+00:00,118768.0
2025-07-28 11:00:00+00:00,118811.0
2025-07-28 12:00:00+00:00,118837.0
2025-07-28 13:00:00+00:00,118430.0
2025-07-28 14:00:00+00:00,117980.0
2025-07-28 15:00:00+00:00,118160.0
2025-07-28 16:00:00+00:00,118004.0
2025-07-28 17:00:00+00:00,117666.0
2025-07-28 18:00:00+00:00,117780.0
2025-07-28 19:00:00+00:00,118070.0
2025-07-28 20:00:00+00:00,118046.0
2025-07-28 21:00:00+00:00,118122.0
2025-07-28 22:00:00+00:00,117865.0
2025-07-28 23:00:00+00:00,118069.0
2025-07-29 00:00:00+00:00,117977.0
2025-07-29 01:00:00+00:00,117768.0
2025-07-29 02:00:00+00:00,118093.0
2025-07-29 03:00:00+00:00,118762.0
2025-07-29 04:00:00+00:00,118522.0
2025-07-29 05:00:00+00:00,118803.0
2025-07-29 06:00:00+00:00,118751.0
2025-07-29 07:00:00+00:00,118890.0
2025-07-29 08:00:00+00:00,118935.0
2025-07-29 09:00:00+00:00,118779.0
2025-07-29 10:00:00+00:00,118330.0
2025-07-29 11:00:00+00:00,118603.0
2025-07-29 12:00:00+00:00,118900.0
2025-07-29 13:00:00+00:00,118620.0
2025-07-29 14:00:00+00:00,117813.0
2025-07-29 15:00:00+00:00,117373.0
2025-07-29 16:00:00+00:00,117728.0
2025-07-29 17:00:00+00:00,117766.0
2025-07-29 18:00:00+00:00,117610.0
2025-07-29 19:00:00+00:00,117524.0
2025-07-29 20:00:00+00:00,117499.0
2025-07-29 21:00:00+00:00,117590.0
2025-07-29 22:00:00+00:00,117824.0
2025-07-29 23:00:00+00:00,117924.0
2025-07-30 00:00:00+00:00,117721.0
2025-07-30 01:00:00+00:00,117832.0
2025-07-30 02:00:00+00:00,118000.0
2025-07-30 03:00:00+00:00,118130.0
2025-07-30 04:00:00+00:00,117981.0
2025-07-30 05:00:00+00:00,117974.0
2025-07-30 06:00:00+00:00,118259.0
2025-07-30 07:00:00+00:00,118104.0
2025-07-30 08:00:00+00:00,118350.0
2025-07-30 09:00:00+00:00,118122.0
2025-07-30 10:00:00+00:00,117990.0
2025-07-30 11:00:00+00:00,117543.0
2025-07-30 12:00:00+00:00,117690.0
2025-07-30 13:00:00+00:00,117641.0
2025-07-30 14:00:00+00:00,118684.0
2025-07-30 15:00:00+00:00,117992.0
2025-07-30 16:00:00+00:00,117717.0
2025-07-30 17:00:00+00:00,117757.0
2025-07-30 18:00:00+00:00,116472.0
2025-07-30 19:00:00+00:00,116874.0
2025-07-30 20:00:00+00:00,117160.0
2025-07-30 21:00:00+00:00,117301.0
2025-07-30 22:00:00+00:00,117449.0
2025-07-30 23:00:00+00:00,117782.0
2025-07-31 00:00:00+00:00,118382.0
2025-07-31 01:00:00+00:00,118025.0
2025-07-31 02:00:00+00:00,118400.0
2025-07-31 03:00:00+00:00,118445.0
2025-07-31 04:00:00+00:00,118481.0
2025-07-31 05:00:00+00:00,118328.0
2025-07-31 06:00:00+00:00,118676.0
2025-07-31 07:00:00+00:00,118647.0
2025-07-31 08:00:00+00:00,118564.0
2025-07-31 09:00:00+00:00,118583.0
2025-07-31 10:00:00+00:00,118500.0
2025-07-31 11:00:00+00:00,118347.0
2025-07-31 12:00:00+00:00,118602.0
2025-07-31 13:00:00+00:00,118538.0
2025-07-31 14:00:00+00:00,117880.0
2025-07-31 15:00:00+00:00,118274.0
2025-07-31 16:00:00+00:00,118509.0
2025-07-31 17:00:00+00:00,117710.0
2025-07-31 18:00:00+00:00,117616.0
2025-07-31 19:00:00+00:00,116710.0
2025-07-31 20:00:00+00:00,116450.0
2025-07-31 21:00:00+00:00,116472.0
2025-07-31 22:00:00+00:00,115942.0
2025-07-31 23:00:00+00:00,115681.0
2025-08-01 00:00:00+00:00,115351.0
2025-08-01 01:00:00+00:00,115258.0
2025-08-01 02:00:00+00:00,115910.0
2025-08-01 03:00:00+00:00,115591.0
2025-08-01 04:00:00+00:00,115624.0
2025-08-01 05:00:00+00:00,115503.0
2025-08-01 06:00:00+00:00,115100.0
2025-08-01 07:00:00+00:00,115013.0
2025-08-01 08:00:00+00:00,114559.0
2025-08-01 09:00:00+00:00,114887.0
2025-08-01 10:00:00+00:00,114700.0
2025-08-01 11:00:00+00:00,115240.0
2025-08-01 12:00:00+00:00,115674.0
2025-08-01 13:00:00+00:00,114285.0
2025-08-01 14:00:00+00:00,115561.0
2025-08-01 15:00:00+00:00,115288.0
2025-08-01 16:00:00+00:00,114955.0
2025-08-01 17:00:00+00:00,114387.0
2025-08-01 18:00:00+00:00,113787.0
2025-08-01 19:00:00+00:00,113284.0
2025-08-01 20:00:00+00:00,113909.0
2025-08-01 21:00:00+00:00,113839.0
2025-08-01 22:00:00+00:00,113085.0
2025-08-01 23:00:00+00:00,113249.0
2025-08-02 00:00:00+00:00,113779.0
2025-08-02 01:00:00+00:00,113612.0
2025-08-02 02:00:00+00:00,113662.0
2025-08-02 03:00:00+00:00,113864.0
2025-08-02 04:00:00+00:00,113989.0
2025-08-02 05:00:00+00:00,113940.0
2025-08-02 06:00:00+00:00,113668.0
2025-08-02 07:00:00+00:00,113935.0
2025-08-02 08:00:00+00:00,113645.0
2025-08-02 09:00:00+00:00,113659.0
2025-08-02 10:00:00+00:00,113531.0
2025-08-02 11:00:00+00:00,113756.0
2025-08-02 12:00:00+00:00,113594.0
2025-08-02 13:00:00+00:00,113439.0
2025-08-02 14:00:00+00:00,113077.0
2025-08-02 15:00:00+00:00,112817.0
2025-08-02 16:00:00+00:00,113185.0
2025-08-02 17:00:00+00:00,112695.0
2025-08-02 18:00:00+00:00,112286.0
2025-08-02 19:00:00+00:00,112194.0
2025-08-02 20:00:00+00:00,112755.0
2025-08-02 21:00:00+00:00,112814.0
2025-08-02 22:00:00+00:00,112823.0
2025-08-02 23:00:00+00:00,112518.0
2025-08-03 00:00:00+00:00,112920.0
2025-08-03 01:00:00+00:00,113068.0
2025-08-03 02:00:00+00:00,113478.0
2025-08-03 03:00:00+00:00,113563.0
2025-08-03 04:00:00+00:00,113443.0
2025-08-03 05:00:00+00:00,113579.0
2025-08-03 06:00:00+00:00,113529.0
2025-08-03 07:00:00+00:00,113663.0
2025-08-03 08:00:00+00:00,113659.0
2025-08-03 09:00:00+00:00,113616.0
2025-08-03 10:00:00+00:00,113850.0
2025-08-03 11:00:00+00:00,113813.0
2025-08-03 12:00:00+00:00,113964.0
2025-08-03 13:00:00+00:00,113900.0
2025-08-03 14:00:00+00:00,113725.0
2025-08-03 15:00:00+00:00,113893.0
2025-08-03 16:00:00+00:00,113953.0
2025-08-03 17:00:00+00:00,114064.0
2025-08-03 18:00:00+00:00,114324.0
2025-08-03 19:00:00+00:00,114254.0
2025-08-03 20:00:00+00:00,114376.0
2025-08-03 21:00:00+00:00,114367.0
2025-08-03 22:00:00+00:00,114267.0
2025-08-03 23:00:00+00:00,114148.0
2025-08-04 00:00:00+00:00,114860.0
2025-08-04 01:00:00+00:00,114636.0
2025-08-04 02:00:00+00:00,114773.0
2025-08-04 03:00:00+00:00,114522.0
2025-08-04 04:00:00+00:00,114339.0
2025-08-04 05:00:00+00:00,114335.0
2025-08-04 06:00:00+00:00,114376.0
2025-08-04 07:00:00+00:00,114616.0
2025-08-04 08:00:00+00:00,114498.0
2025-08-04 09:00:00+00:00,114281.0
2025-08-04 10:00:00+00:00,114201.0
2025-08-04 11:00:00+00:00,114445.0
2025-08-04 12:00:00+00:00,114397.0
2025-08-04 13:00:00+00:00,114879.0
2025-08-04 14:00:00+00:00,114680.0
2025-08-04 15:00:00+00:00,114746.0
2025-08-04 16:00:00+00:00,115240.0
2025-08-04 17:00:00+00:00,115127.0
2025-08-04 18:00:00+00:00,114888.0
2025-08-04 19:00:00+00:00,114716.0
2025-08-04 20:00:00+00:00,114751.0
2025-08-04 21:00:00+00:00,115071.0
2025-08-04 22:00:00+00:00,115296.0
2025-08-04 23:00:00+00:00,115006.0
2025-08-05 00:00:00+00:00,114849.0
2025-08-05 01:00:00+00:00,114673.0
2025-08-05 02:00:00+00:00,114684.0
2025-08-05 03:00:00+00:00,114213.0
2025-08-05 04:00:00+00:00,114286.0
2025-08-05 05:00:00+00:00,114381.0
2025-08-05 06:00:00+00:00,114139.0
2025-08-05 07:00:00+00:00,113926.0
2025-08-05 08:00:00+00:00,114244.0
2025-08-05 09:00:00+00:00,114657.0
2025-08-05 10:00:00+00:00,114800.0
2025-08-05 11:00:00+00:00,114783.0
2025-08-05 12:00:00+00:00,113890.0
2025-08-05 13:00:00+00:00,114322.0
2025-08-05 14:00:00+00:00,112973.0
2025-08-05 15:00:00+00:00,112883.0
2025-08-05 16:00:00+00:00,113133.0
2025-08-05 17:00:00+00:00,113591.0
2025-08-05 18:00:00+00:00,113610.0
2025-08-05 19:00:00+00:00,113583.0
2025-08-05 20:00:00+00:00,113663.0
2025-08-05 21:00:00+00:00,113550.0
2025-08-05 22:00:00+00:00,113931.0
2025-08-05 23:00:00+00:00,114080.0
2025-08-06 00:00:00+00:00,113848.0
2025-08-06 01:00:00+00:00,113783.0
2025-08-06 02:00:00+00:00,113592.0
2025-08-06 03:00:00+00:00,113470.0
2025-08-06 04:00:00+00:00,113383.0
2025-08-06 05:00:00+00:00,114123.0
2025-08-06 06:00:00+00:00,114050.0
2025-08-06 07:00:00+00:00,114181.0
2025-08-06 08:00:00+00:00,113889.0
2025-08-06 09:00:00+00:00,114043.0
2025-08-06 10:00:00+00:00,114012.0
2025-08-06 11:00:00+00:00,114186.0
2025-08-06 12:00:00+00:00,113876.0
2025-08-06 13:00:00+00:00,114219.0
2025-08-06 14:00:00+00:00,115133.0
2025-08-06 15:00:00+00:00,115361.0
2025-08-06 16:00:00+00:00,115105.0
2025-08-06 17:00:00+00:00,115473.0
2025-08-06 18:00:00+00:00,115370.0
2025-08-06 19:00:00+00:00,115199.0
2025-08-06 20:00:00+00:00,114984.0
2025-08-06 21:00:00+00:00,115003.0
2025-08-06 22:00:00+00:00,115041.0
2025-08-06 23:00:00+00:00,114943.0
2025-08-07 00:00:00+00:00,114848.0
2025-08-07 01:00:00+00:00,114700.0
2025-08-07 02:00:00+00:00,114517.0
2025-08-07 03:00:00+00:00,114499.0
2025-08-07 04:00:00+00:00,114309.0
2025-08-07 05:00:00+00:00,114525.0
2025-08-07 06:00:00+00:00,114604.0
2025-08-07 07:00:00+00:00,114748.0
2025-08-07 08:00:00+00:00,114910.0
2025-08-07 09:00:00+00:00,115016.0
2025-08-07 10:00:00+00:00,116280.0
2025-08-07 11:00:00+00:00,116447.0
2025-08-07 12:00:00+00:00,116317.0
2025-08-07 13:00:00+00:00,116588.0
2025-08-07 14:00:00+00:00,116312.0
2025-08-07 15:00:00+00:00,116630.0
2025-08-07 16:00:00+00:00,116198.0
2025-08-07 17:00:00+00:00,116463.0
2025-08-07 18:00:00+00:00,116518.0
2025-08-07 19:00:00+00:00,117381.0
2025-08-07 20:00:00+00:00,117114.0
2025-08-07 21:00:00+00:00,117026.0
2025-08-07 22:00:00+00:00,117487.0
2025-08-07 23:00:00+00:00,117400.0
2025-08-08 00:00:00+00:00,117206.0
2025-08-08 01:00:00+00:00,116831.0
2025-08-08 02:00:00+00:00,116660.0
2025-08-08 03:00:00+00:00,116687.0
2025-08-08 04:00:00+00:00,116695.0
2025-08-08 05:00:00+00:00,116480.0
2025-08-08 06:00:00+00:00,116693.0
2025-08-08 07:00:00+00:00,116777.0
2025-08-08 08:00:00+00:00,116581.0
2025-08-08 09:00:00+00:00,116634.0
2025-08-08 10:00:00+00:00,116499.0
2025-08-08 11:00:00+00:00,116860.0
2025-08-08 12:00:00+00:00,116449.0
2025-08-08 13:00:00+00:00,116870.0
2025-08-08 14:00:00+00:00,116441.0
2025-08-08 15:00:00+00:00,116157.0
2025-08-08 16:00:00+00:00,116148.0
2025-08-08 17:00:00+00:00,116650.0
2025-08-08 18:00:00+00:00,116450.0
2025-08-08 19:00:00+00:00,116367.0
2025-08-08 20:00:00+00:00,116844.0
2025-08-08 21:00:00+00:00,116878.0
2025-08-08 22:00:00+00:00,116825.0
2025-08-08 23:00:00+00:00,116626.0
2025-08-09 00:00:00+00:00,116536.0
2025-08-09 01:00:00+00:00,116512.0
2025-08-09 02:00:00+00:00,116341.0
2025-08-09 03:00:00+00:00,116323.0
2025-08-09 04:00:00+00:00,116386.0
2025-08-09 05:00:00+00:00,116692.0
2025-08-09 06:00:00+00:00,116611.0
2025-08-09 07:00:00+00:00,116704.0
2025-08-09 08:00:00+00:00,117063.0
2025-08-09 09:00:00+00:00,117460.0
2025-08-09 10:00:00+00:00,117367.0
2025-08-09 11:00:00+00:00,117059.0
2025-08-09 12:00:00+00:00,117041.0
2025-08-09 13:00:00+00:00,116900.0
2025-08-09 14:00:00+00:00,116897.0
2025-08-09 15:00:00+00:00,116828.0
2025-08-09 16:00:00+00:00,116577.0
2025-08-09 17:00:00+00:00,116612.0
2025-08-09 18:00:00+00:00,116557.0
2025-08-09 19:00:00+00:00,116497.0
2025-08-09 20:00:00+00:00,116706.0
2025-08-09 21:00:00+00:00,116454.0
2025-08-09 22:00:00+00:00,116497.0
2025-08-09 23:00:00+00:00,116407.0
2025-08-10 00:00:00+00:00,116705.0
2025-08-10 01:00:00+00:00,116525.0
2025-08-10 02:00:00+00:00,117270.0
2025-08-10 03:00:00+00:00,118489.0
2025-08-10 04:00:00+00:00,118484.0
2025-08-10 05:00:00+00:00,118037.0
2025-08-10 06:00:00+00:00,118044.0
2025-08-10 07:00:00+00:00,117785.0
2025-08-10 08:00:00+00:00,118291.0
2025-08-10 09:00:00+00:00,118267.0
2025-08-10 10:00:00+00:00,117988.0
2025-08-10 11:00:00+00:00,118324.0
2025-08-10 12:00:00+00:00,118501.0
2025-08-10 13:00:00+00:00,118425.0
2025-08-10 14:00:00+00:00,118766.0
2025-08-10 15:00:00+00:00,118777.0
2025-08-10 16:00:00+00:00,118638.0
2025-08-10 17:00:00+00:00,118501.0
2025-08-10 18:00:00+00:00,118516.0
2025-08-10 19:00:00+00:00,118635.0
2025-08-10 20:00:00+00:00,118283.0
2025-08-10 21:00:00+00:00,118686.0
2025-08-10 22:00:00+00:00,119056.0
2025-08-10 23:00:00+00:00,119272.0
2025-08-11 00:00:00+00:00,119104.0
2025-08-11 01:00:00+00:00,119990.0
2025-08-11 02:00:00+00:00,121841.0
2025-08-11 03:00:00+00:00,121710.0
2025-08-11 04:00:00+00:00,122065.0
2025-08-11 05:00:00+00:00,122055.0
2025-08-11 06:00:00+00:00,122297.0
2025-08-11 07:00:00+00:00,121531.0
2025-08-11 08:00:00+00:00,121667.0
2025-08-11 09:00:00+00:00,121433.0
2025-08-11 10:00:00+00:00,121170.0
2025-08-11 11:00:00+00:00,120541.0
2025-08-11 12:00:00+00:00,119638.0
2025-08-11 13:00:00+00:00,119992.0
2025-08-11 14:00:00+00:00,120212.0
2025-08-11 15:00:00+00:00,120275.0
2025-08-11 16:00:00+00:00,119909.0
2025-08-11 17:00:00+00:00,119471.0
2025-08-11 18:00:00+00:00,119754.0
2025-08-11 19:00:00+00:00,119053.0
2025-08-11 20:00:00+00:00,118817.0
2025-08-11 21:00:00+00:00,118700.0
2025-08-11 22:00:00+00:00,118878.0
2025-08-11 23:00:00+00:00,118680.0
2025-08-12 00:00:00+00:00,118941.0
2025-08-12 01:00:00+00:00,118945.0
2025-08-12 02:00:00+00:00,119035.0
2025-08-12 03:00:00+00:00,118845.0
2025-08-12 04:00:00+00:00,119030.0
2025-08-12 05:00:00+00:00,118798.0
2025-08-12 06:00:00+00:00,118812.0
2025-08-12 07:00:00+00:00,118948.0
2025-08-12 08:00:00+00:00,118774.0
2025-08-12 09:00:00+00:00,118377.0
2025-08-12 10:00:00+00:00,118409.0
2025-08-12 11:00:00+00:00,118458.0
2025-08-12 12:00:00+00:00,119200.0
2025-08-12 13:00:00+00:00,118800.0
2025-08-12 14:00:00+00:00,119390.0
2025-08-12 15:00:00+00:00,119889.0
2025-08-12 16:00:00+00:00,119621.0
2025-08-12 17:00:00+00:00,119237.0
2025-08-12 18:00:00+00:00,119295.0
2025-08-12 19:00:00+00:00,119611.0
2025-08-12 20:00:00+00:00,120154.0
2025-08-12 21:00:00+00:00,119876.0
2025-08-12 22:00:00+00:00,120066.0
2025-08-12 23:00:00+00:00,120091.0
2025-08-13 00:00:00+00:00,119678.0
2025-08-13 01:00:00+00:00,119442.0
2025-08-13 02:00:00+00:00,119522.0
2025-08-13 03:00:00+00:00,119461.0
2025-08-13 04:00:00+00:00,119319.0
2025-08-13 05:00:00+00:00,119051.0
2025-08-13 06:00:00+00:00,119407.0
2025-08-13 07:00:00+00:00,119556.0
2025-08-13 08:00:00+00:00,120050.0
2025-08-13 09:00:00+00:00,120133.0
2025-08-13 10:00:00+00:00,120497.0
2025-08-13 11:00:00+00:00,120573.0
2025-08-13 12:00:00+00:00,120294.0
2025-08-13 13:00:00+00:00,121786.0
2025-08-13 14:00:00+00:00,120881.0
2025-08-13 15:00:00+00:00,120921.0
2025-08-13 16:00:00+00:00,121434.0
2025-08-13 17:00:00+00:00,121792.0
2025-08-13 18:00:00+00:00,121603.0
2025-08-13 19:00:00+00:00,122749.0
2025-08-13 20:00:00+00:00,122925.0
2025-08-13 21:00:00+00:00,122575.0
2025-08-13 22:00:00+00:00,122971.0
2025-08-13 23:00:00+00:00,123348.0
2025-08-14 00:00:00+00:00,123890.0
2025-08-14 01:00:00+00:00,123384.0
2025-08-14 02:00:00+00:00,123719.0
2025-08-14 03:00:00+00:00,123401.0
2025-08-14 04:00:00+00:00,123069.0
2025-08-14 05:00:00+00:00,122204.0
2025-08-14 06:00:00+00:00,121827.0
2025-08-14 07:00:00+00:00,121772.0
2025-08-14 08:00:00+00:00,121659.0
2025-08-14 09:00:00+00:00,121652.0
2025-08-14 10:00:00+00:00,120958.0
2025-08-14 11:00:00+00:00,120975.0
2025-08-14 12:00:00+00:00,118864.0
2025-08-14 13:00:00+00:00,118409.0
2025-08-14 14:00:00+00:00,118784.0
2025-08-14 15:00:00+00:00,118200.0
2025-08-14 16:00:00+00:00,117817.0
2025-08-14 17:00:00+00:00,117877.0
2025-08-14 18:00:00+00:00,118057.0
2025-08-14 19:00:00+00:00,117916.0
2025-08-14 20:00:00+00:00,117807.0
2025-08-14 21:00:00+00:00,117845.0
2025-08-14 22:00:00+00:00,118227.0
2025-08-14 23:00:00+00:00,118251.0
2025-08-15 00:00:00+00:00,118143.0
2025-08-15 01:00:00+00:00,118631.0
2025-08-15 02:00:00+00:00,118664.0
2025-08-15 03:00:00+00:00,118934.0
2025-08-15 04:00:00+00:00,118803.0
2025-08-15 05:00:00+00:00,118943.0
2025-08-15 06:00:00+00:00,119065.0
2025-08-15 07:00:00+00:00,118943.0
2025-08-15 08:00:00+00:00,118860.0
2025-08-15 09:00:00+00:00,118694.0
2025-08-15 10:00:00+00:00,118850.0
2025-08-15 11:00:00+00:00,118974.0
2025-08-15 12:00:00+00:00,118612.0
2025-08-15 13:00:00+00:00,117724.0
2025-08-15 14:00:00+00:00,117360.0
2025-08-15 15:00:00+00:00,117225.0
2025-08-15 16:00:00+00:00,117296.0
2025-08-15 17:00:00+00:00,117531.0
2025-08-15 18:00:00+00:00,117106.0
2025-08-15 19:00:00+00:00,116876.0
2025-08-15 20:00:00+00:00,117210.0
2025-08-15 21:00:00+00:00,117267.0
2025-08-15 22:00:00+00:00,117652.0
2025-08-15 23:00:00+00:00,117281.0
2025-08-16 00:00:00+00:00,117696.0
2025-08-16 01:00:00+00:00,117778.0
2025-08-16 02:00:00+00:00,117450.0
2025-08-16 03:00:00+00:00,117391.0
2025-08-16 04:00:00+00:00,117782.0
2025-08-16 05:00:00+00:00,117555.0
2025-08-16 06:00:00+00:00,117336.0
2025-08-16 07:00:00+00:00,117548.0
2025-08-16 08:00:00+00:00,117567.0
2025-08-16 09:00:00+00:00,117254.0
2025-08-16 10:00:00+00:00,117335.0
2025-08-16 11:00:00+00:00,117340.0
2025-08-16 12:00:00+00:00,117690.0
2025-08-16 13:00:00+00:00,117584.0
2025-08-16 14:00:00+00:00,117718.0
2025-08-16 15:00:00+00:00,117628.0
2025-08-16 16:00:00+00:00,117699.0
2025-08-16 17:00:00+00:00,117640.0
2025-08-16 18:00:00+00:00,117641.0
2025-08-16 19:00:00+00:00,117603.0
2025-08-16 20:00:00+00:00,117605.0
2025-08-16 21:00:00+00:00,117380.0
2025-08-16 22:00:00+00:00,117401.0
2025-08-16 23:00:00+00:00,117328.0
2025-08-17 00:00:00+00:00,117187.0
2025-08-17 01:00:00+00:00,117380.0
2025-08-17 02:00:00+00:00,117544.0
2025-08-17 03:00:00+00:00,117629.0
2025-08-17 04:00:00+00:00,118034.0
2025-08-17 05:00:00+00:00,117957.0
2025-08-17 06:00:00+00:00,117883.0
2025-08-17 07:00:00+00:00,117945.0
2025-08-17 08:00:00+00:00,118322.0
2025-08-17 09:00:00+00:00,118283.0
2025-08-17 10:00:00+00:00,118339.0
2025-08-17 11:00:00+00:00,118259.0
2025-08-17 12:00:00+00:00,118117.0
2025-08-17 13:00:00+00:00,118394.0
2025-08-17 14:00:00+00:00,118114.0
2025-08-17 15:00:00+00:00,118200.0
2025-08-17 16:00:00+00:00,117787.0
2025-08-17 17:00:00+00:00,117861.0
2025-08-17 18:00:00+00:00,117511.0
2025-08-17 19:00:00+00:00,117546.0
2025-08-17 20:00:00+00:00,117548.0
2025-08-17 21:00:00+00:00,117667.0
2025-08-17 22:00:00+00:00,117905.0
2025-08-17 23:00:00+00:00,117356.0
2025-08-18 00:00:00+00:00,117250.0
2025-08-18 01:00:00+00:00,116230.0
2025-08-18 02:00:00+00:00,115401.0
2025-08-18 03:00:00+00:00,115269.0
2025-08-18 04:00:00+00:00,115433.0
2025-08-18 05:00:00+00:00,115650.0
2025-08-18 06:00:00+00:00,115211.0
2025-08-18 07:00:00+00:00,115156.0
2025-08-18 08:00:00+00:00,115091.0
2025-08-18 09:00:00+00:00,114987.0
2025-08-18 10:00:00+00:00,115009.0
2025-08-18 11:00:00+00:00,114893.0
2025-08-18 12:00:00+00:00,115470.0
2025-08-18 13:00:00+00:00,114786.0
2025-08-18 14:00:00+00:00,115590.0
2025-08-18 15:00:00+00:00,116083.0
2025-08-18 16:00:00+00:00,115903.0
2025-08-18 17:00:00+00:00,116366.0
2025-08-18 18:00:00+00:00,116440.0
2025-08-18 19:00:00+00:00,116264.0
2025-08-18 20:00:00+00:00,116349.0
2025-08-18 21:00:00+00:00,116605.0
2025-08-18 22:00:00+00:00,116350.0
2025-08-18 23:00:00+00:00,116168.0
2025-08-19 00:00:00+00:00,116507.0
2025-08-19 01:00:00+00:00,115750.0
2025-08-19 02:00:00+00:00,115704.0
2025-08-19 03:00:00+00:00,114751.0
2025-08-19 04:00:00+00:00,115242.0
2025-08-19 05:00:00+00:00,114901.0
2025-08-19 06:00:00+00:00,114953.0
2025-08-19 07:00:00+00:00,114922.0
2025-08-19 08:00:00+00:00,115141.0
2025-08-19 09:00:00+00:00,115281.0
2025-08-19 10:00:00+00:00,115360.0
2025-08-19 11:00:00+00:00,115463.0
2025-08-19 12:00:00+00:00,115556.0
2025-08-19 13:00:00+00:00,115149.0
2025-08-19 14:00:00+00:00,113821.0
2025-08-19 15:00:00+00:00,113728.0
2025-08-19 16:00:00+00:00,113336.0
2025-08-19 17:00:00+00:00,113461.0
2025-08-19 18:00:00+00:00,113001.0
2025-08-19 19:00:00+00:00,113079.0
2025-08-19 20:00:00+00:00,113533.0
2025-08-19 21:00:00+00:00,113375.0
2025-08-19 22:00:00+00:00,113120.0
2025-08-19 23:00:00+00:00,112826.0
2025-08-20 00:00:00+00:00,113170.0
2025-08-20 01:00:00+00:00,112976.0
2025-08-20 02:00:00+00:00,113410.0
2025-08-20 03:00:00+00:00,113484.0
2025-08-20 04:00:00+00:00,113607.0
2025-08-20 05:00:00+00:00,113688.0
2025-08-20 06:00:00+00:00,113632.0
2025-08-20 07:00:00+00:00,113454.0
2025-08-20 08:00:00+00:00,113983.0
2025-08-20 09:00:00+00:00,113684.0
2025-08-20 10:00:00+00:00,113775.0
2025-08-20 11:00:00+00:00,113642.0
2025-08-20 12:00:00+00:00,113621.0
2025-08-20 13:00:00+00:00,112627.0
2025-08-20 14:00:00+00:00,113408.0
2025-08-20 15:00:00+00:00,113315.0
2025-08-20 16:00:00+00:00,113810.0
2025-08-20 17:00:00+00:00,114163.0
2025-08-20 18:00:00+00:00,113457.0
2025-08-20 19:00:00+00:00,114232.0
2025-08-20 20:00:00+00:00,114338.0
2025-08-20 21:00:00+00:00,114296.0
2025-08-20 22:00:00+00:00,114537.0
2025-08-20 23:00:00+00:00,114218.0
2025-08-21 00:00:00+00:00,114250.0
2025-08-21 01:00:00+00:00,114682.0
2025-08-21 02:00:00+00:00,113993.0
2025-08-21 03:00:00+00:00,113918.0
2025-08-21 04:00:00+00:00,113760.0
2025-08-21 05:00:00+00:00,113955.0
2025-08-21 06:00:00+00:00,113765.0
2025-08-21 07:00:00+00:00,113855.0
2025-08-21 08:00:00+00:00,113551.0
2025-08-21 09:00:00+00:00,113350.0
2025-08-21 10:00:00+00:00,113302.0
2025-08-21 11:00:00+00:00,113105.0
2025-08-21 12:00:00+00:00,113052.0
2025-08-21 13:00:00+00:00,113431.0
2025-08-21 14:00:00+00:00,113244.0
2025-08-21 15:00:00+00:00,112746.0
2025-08-21 16:00:00+00:00,112335.0
2025-08-21 17:00:00+00:00,112379.0
2025-08-21 18:00:00+00:00,112556.0
2025-08-21 19:00:00+00:00,112147.0
2025-08-21 20:00:00+00:00,112404.0
2025-08-21 21:00:00+00:00,112588.0
2025-08-21 22:00:00+00:00,112458.0
2025-08-21 23:00:00+00:00,112463.0
2025-08-22 00:00:00+00:00,112595.0
2025-08-22 01:00:00+00:00,112802.0
2025-08-22 02:00:00+00:00,113124.0
2025-08-22 03:00:00+00:00,112904.0
2025-08-22 04:00:00+00:00,112815.0
2025-08-22 05:00:00+00:00,113211.0
2025-08-22 06:00:00+00:00,112956.0
2025-08-22 07:00:00+00:00,113051.0
2025-08-22 08:00:00+00:00,112949.0
2025-08-22 09:00:00+00:00,113036.0
2025-08-22 10:00:00+00:00,112512.0
2025-08-22 11:00:00+00:00,112280.0
2025-08-22 12:00:00+00:00,112303.0
2025-08-22 13:00:00+00:00,112431.0
2025-08-22 14:00:00+00:00,115746.0
2025-08-22 15:00:00+00:00,116314.0
2025-08-22 16:00:00+00:00,116089.0
2025-08-22 17:00:00+00:00,116942.0
2025-08-22 18:00:00+00:00,116753.0
2025-08-22 19:00:00+00:00,116605.0
2025-08-22 20:00:00+00:00,117023.0
2025-08-22 21:00:00+00:00,116992.0
2025-08-22 22:00:00+00:00,116730.0
2025-08-22 23:00:00+00:00,116900.0
2025-08-23 00:00:00+00:00,116831.0
2025-08-23 01:00:00+00:00,116418.0
2025-08-23 02:00:00+00:00,115896.0
2025-08-23 03:00:00+00:00,115531.0
2025-08-23 04:00:00+00:00,115881.0
2025-08-23 05:00:00+00:00,115921.0
2025-08-23 06:00:00+00:00,115751.0
2025-08-23 07:00:00+00:00,115789.0
2025-08-23 08:00:00+00:00,115721.0
2025-08-23 09:00:00+00:00,115747.0
2025-08-23 10:00:00+00:00,115550.0
2025-08-23 11:00:00+00:00,115270.0
2025-08-23 12:00:00+00:00,115192.0
2025-08-23 13:00:00+00:00,114834.0
2025-08-23 14:00:00+00:00,114603.0
2025-08-23 15:00:00+00:00,114793.0
2025-08-23 16:00:00+00:00,114997.0
2025-08-23 17:00:00+00:00,115100.0
2025-08-23 18:00:00+00:00,115140.0
2025-08-23 19:00:00+00:00,115137.0
2025-08-23 20:00:00+00:00,115329.0
2025-08-23 21:00:00+00:00,115023.0
2025-08-23 22:00:00+00:00,115294.0
2025-08-23 23:00:00+00:00,115405.0
2025-08-24 00:00:00+00:00,115364.0
2025-08-24 01:00:00+00:00,115460.0
2025-08-24 02:00:00+00:00,115004.0
2025-08-24 03:00:00+00:00,115043.0
2025-08-24 04:00:00+00:00,115180.0
2025-08-24 05:00:00+00:00,115003.0
2025-08-24 06:00:00+00:00,114861.0
2025-08-24 07:00:00+00:00,114881.0
2025-08-24 08:00:00+00:00,114856.0
2025-08-24 09:00:00+00:00,114859.0
2025-08-24 10:00:00+00:00,114786.0
2025-08-24 11:00:00+00:00,114746.0
2025-08-24 12:00:00+00:00,114692.0
2025-08-24 13:00:00+00:00,114578.0
2025-08-24 14:00:00+00:00,114531.0
2025-08-24 15:00:00+00:00,114421.0
2025-08-24 16:00:00+00:00,114290.0
2025-08-24 17:00:00+00:00,114443.0
2025-08-24 18:00:00+00:00,114657.0
2025-08-24 19:00:00+00:00,112596.0
2025-08-24 20:00:00+00:00,112783.0
2025-08-24 21:00:00+00:00,112990.0
2025-08-24 22:00:00+00:00,113437.0
2025-08-24 23:00:00+00:00,113475.0
2025-08-25 00:00:00+00:00,112629.0
2025-08-25 01:00:00+00:00,113050.0
2025-08-25 02:00:00+00:00,113391.0
2025-08-25 03:00:00+00:00,112890.0
2025-08-25 04:00:00+00:00,112736.0
2025-08-25 05:00:00+00:00,112301.0
2025-08-25 06:00:00+00:00,111900.0
2025-08-25 07:00:00+00:00,111467.0
2025-08-25 08:00:00+00:00,111377.0
2025-08-25 09:00:00+00:00,111765.0
2025-08-25 10:00:00+00:00,110971.0
2025-08-25 11:00:00+00:00,111200.0
2025-08-25 12:00:00+00:00,111565.0
2025-08-25 13:00:00+00:00,111480.0
2025-08-25 14:00:00+00:00,112240.0
2025-08-25 15:00:00+00:00,112173.0
2025-08-25 16:00:00+00:00,112477.0
2025-08-25 17:00:00+00:00,112420.0
2025-08-25 18:00:00+00:00,112369.0
2025-08-25 19:00:00+00:00,110665.0
2025-08-25 20:00:00+00:00,109521.0
2025-08-25 21:00:00+00:00,109851.0
2025-08-25 22:00:00+00:00,110094.0
2025-08-25 23:00:00+00:00,110070.0
2025-08-26 00:00:00+00:00,109072.0
2025-08-26 01:00:00+00:00,109861.0
2025-08-26 02:00:00+00:00,109693.0
2025-08-26 03:00:00+00:00,109846.0
2025-08-26 04:00:00+00:00,110058.0
2025-08-26 05:00:00+00:00,110165.0
2025-08-26 06:00:00+00:00,109954.0
2025-08-26 07:00:00+00:00,110260.0
2025-08-26 08:00:00+00:00,110047.0
2025-08-26 09:00:00+00:00,110114.0
2025-08-26 10:00:00+00:00,110177.0
2025-08-26 11:00:00+00:00,109853.0
2025-08-26 12:00:00+00:00,110174.0
2025-08-26 13:00:00+00:00,110050.0
2025-08-26 14:00:00+00:00,110351.0
2025-08-26 15:00:00+00:00,109623.0
2025-08-26 16:00:00+00:00,110155.0
2025-08-26 17:00:00+00:00,109965.0
2025-08-26 18:00:00+00:00,110685.0
2025-08-26 19:00:00+00:00,111087.0
2025-08-26 20:00:00+00:00,111299.0
2025-08-26 21:00:00+00:00,111559.0
2025-08-26 22:00:00+00:00,111866.0
2025-08-26 23:00:00+00:00,111724.0
2025-08-27 00:00:00+00:00,111330.0
2025-08-27 01:00:00+00:00,111270.0
2025-08-27 02:00:00+00:00,111096.0
2025-08-27 03:00:00+00:00,111388.0
2025-08-27 04:00:00+00:00,111526.0
2025-08-27 05:00:00+00:00,111319.0
2025-08-27 06:00:00+00:00,111004.0
2025-08-27 07:00:00+00:00,110686.0
2025-08-27 08:00:00+00:00,110703.0
2025-08-27 09:00:00+00:00,110769.0
2025-08-27 10:00:00+00:00,110929.0
2025-08-27 11:00:00+00:00,111265.0
2025-08-27 12:00:00+00:00,111290.0
2025-08-27 13:00:00+00:00,111440.0
2025-08-27 14:00:00+00:00,111757.0
2025-08-27 15:00:00+00:00,111962.0
2025-08-27 16:00:00+00:00,112073.0
2025-08-27 17:00:00+00:00,112305.0
2025-08-27 18:00:00+00:00,111914.0
2025-08-27 19:00:00+00:00,112038.0
2025-08-27 20:00:00+00:00,112388.0
2025-08-27 21:00:00+00:00,111473.0
2025-08-27 22:00:00+00:00,111355.0
2025-08-27 23:00:00+00:00,111185.0
2025-08-28 00:00:00+00:00,111291.0
2025-08-28 01:00:00+00:00,111591.0
2025-08-28 02:00:00+00:00,111438.0
2025-08-28 03:00:00+00:00,111946.0
2025-08-28 04:00:00+00:00,112924.0
2025-08-28 05:00:00+00:00,112812.0
2025-08-28 06:00:00+00:00,113169.0
2025-08-28 07:00:00+00:00,113077.0
2025-08-28 08:00:00+00:00,113083.0
2025-08-28 09:00:00+00:00,112825.0
2025-08-28 10:00:00+00:00,113077.0
2025-08-28 11:00:00+00:00,112881.0
2025-08-28 12:00:00+00:00,113191.0
2025-08-28 13:00:00+00:00,112781.0
2025-08-28 14:00:00+00:00,113111.0
2025-08-28 15:00:00+00:00,112621.0
2025-08-28 16:00:00+00:00,112273.0
2025-08-28 17:00:00+00:00,112351.0
2025-08-28 18:00:00+00:00,112323.0
2025-08-28 19:00:00+00:00,111843.0
2025-08-28 20:00:00+00:00,111837.0
2025-08-28 21:00:00+00:00,111963.0
2025-08-28 22:00:00+00:00,112311.0
2025-08-28 23:00:00+00:00,112512.0
2025-08-29 00:00:00+00:00,112171.0
2025-08-29 01:00:00+00:00,111433.0
2025-08-29 02:00:00+00:00,111371.0
2025-08-29 03:00:00+00:00,111642.0
2025-08-29 04:00:00+00:00,111451.0
2025-08-29 05:00:00+00:00,111254.0
2025-08-29 06:00:00+00:00,111230.0
2025-08-29 07:00:00+00:00,109947.0
2025-08-29 08:00:00+00:00,109578.0
2025-08-29 09:00:00+00:00,109708.0
2025-08-29 10:00:00+00:00,109943.0
2025-08-29 11:00:00+00:00,110040.0
2025-08-29 12:00:00+00:00,110664.0
2025-08-29 13:00:00+00:00,109064.0
2025-08-29 14:00:00+00:00,108175.0
2025-08-29 15:00:00+00:00,108337.0
2025-08-29 16:00:00+00:00,108655.0
2025-08-29 17:00:00+00:00,108415.0
2025-08-29 18:00:00+00:00,108101.0
2025-08-29 19:00:00+00:00,108181.0
2025-08-29 20:00:00+00:00,107759.0
2025-08-29 21:00:00+00:00,108411.0
2025-08-29 22:00:00+00:00,108366.0
2025-08-29 23:00:00+00:00,108356.0
2025-08-30 00:00:00+00:00,108273.0
2025-08-30 01:00:00+00:00,107414.0
2025-08-30 02:00:00+00:00,107751.0
2025-08-30 03:00:00+00:00,108394.0
2025-08-30 04:00:00+00:00,108397.0
2025-08-30 05:00:00+00:00,108315.0
2025-08-30 06:00:00+00:00,108289.0
2025-08-30 07:00:00+00:00,108467.0
2025-08-30 08:00:00+00:00,108549.0
2025-08-30 09:00:00+00:00,108492.0
2025-08-30 10:00:00+00:00,108405.0
2025-08-30 11:00:00+00:00,108653.0
2025-08-30 12:00:00+00:00,108590.0
2025-08-30 13:00:00+00:00,108511.0
2025-08-30 14:00:00+00:00,108644.0
2025-08-30 15:00:00+00:00,108835.0
2025-08-30 16:00:00+00:00,108788.0
2025-08-30 17:00:00+00:00,108763.0
2025-08-30 18:00:00+00:00,108724.0
2025-08-30 19:00:00+00:00,108815.0
2025-08-30 20:00:00+00:00,108622.0
2025-08-30 21:00:00+00:00,108553.0
2025-08-30 22:00:00+00:00,108502.0
2025-08-30 23:00:00+00:00,108781.0
2025-08-31 00:00:00+00:00,109358.0
2025-08-31 01:00:00+00:00,109381.0
2025-08-31 02:00:00+00:00,109176.0
2025-08-31 03:00:00+00:00,109180.0
2025-08-31 04:00:00+00:00,108774.0
2025-08-31 05:00:00+00:00,108709.0
2025-08-31 06:00:00+00:00,108655.0
2025-08-31 07:00:00+00:00,108641.0
2025-08-31 08:00:00+00:00,108952.0
2025-08-31 09:00:00+00:00,108470.0
2025-08-31 10:00:00+00:00,108513.0
2025-08-31 11:00:00+00:00,108335.0
2025-08-31 12:00:00+00:00,108267.0
2025-08-31 13:00:00+00:00,108371.0
2025-08-31 14:00:00+00:00,108414.0
2025-08-31 15:00:00+00:00,108750.0
2025-08-31 16:00:00+00:00,108871.0
2025-08-31 17:00:00+00:00,108945.0
2025-08-31 18:00:00+00:00,109087.0
2025-08-31 19:00:00+00:00,108888.0
2025-08-31 20:00:00+00:00,109075.0
2025-08-31 21:00:00+00:00,108988.0
2025-08-31 22:00:00+00:00,108847.0
2025-08-31 23:00:00+00:00,108200.0
2025-09-01 00:00:00+00:00,108170.0
2025-09-01 01:00:00+00:00,108097.0
2025-09-01 02:00:00+00:00,107583.0
2025-09-01 03:00:00+00:00,107608.0
2025-09-01 04:00:00+00:00,107367.0
2025-09-01 05:00:00+00:00,107818.0
2025-09-01 06:00:00+00:00,108023.0
2025-09-01 07:00:00+00:00,109390.0
2025-09-01 08:00:00+00:00,109568.0
2025-09-01 09:00:00+00:00,109488.0
2025-09-01 10:00:00+00:00,108534.0
2025-09-01 11:00:00+00:00,108742.0
2025-09-01 12:00:00+00:00,109071.0
2025-09-01 13:00:00+00:00,108984.0
2025-09-01 14:00:00+00:00,109123.0
2025-09-01 15:00:00+00:00,108750.0
2025-09-01 16:00:00+00:00,108750.0
2025-09-01 17:00:00+00:00,108880.0
2025-09-01 18:00:00+00:00,109195.0
2025-09-01 19:00:00+00:00,109189.0
2025-09-01 20:00:00+00:00,108840.0
2025-09-01 21:00:00+00:00,107750.0
2025-09-01 22:00:00+00:00,108381.0
2025-09-01 23:00:00+00:00,109192.0
2025-09-02 00:00:00+00:00,109000.0
2025-09-02 01:00:00+00:00,109281.0
2025-09-02 02:00:00+00:00,110212.0
2025-09-02 03:00:00+00:00,110303.0
2025-09-02 04:00:00+00:00,110281.0
2025-09-02 05:00:00+00:00,110171.0
2025-09-02 06:00:00+00:00,110334.0
2025-09-02 07:00:00+00:00,110200.0
2025-09-02 08:00:00+00:00,110333.0
2025-09-02 09:00:00+00:00,110427.0
2025-09-02 10:00:00+00:00,110221.0
2025-09-02 11:00:00+00:00,109700.0
2025-09-02 12:00:00+00:00,108741.0
2025-09-02 13:00:00+00:00,111123.0
2025-09-02 14:00:00+00:00,111321.0
2025-09-02 15:00:00+00:00,110794.0
2025-09-02 16:00:00+00:00,110749.0
2025-09-02 17:00:00+00:00,110862.0
2025-09-02 18:00:00+00:00,110595.0
2025-09-02 19:00:00+00:00,110747.0
2025-09-02 20:00:00+00:00,111381.0
2025-09-02 21:00:00+00:00,111100.0
2025-09-02 22:00:00+00:00,111248.0
2025-09-02 23:00:00+00:00,111218.0
2025-09-03 00:00:00+00:00,111297.0
2025-09-03 01:00:00+00:00,111140.0
2025-09-03 02:00:00+00:00,111347.0
2025-09-03 03:00:00+00:00,111002.0
2025-09-03 04:00:00+00:00,110975.0
2025-09-03 05:00:00+00:00,110653.0
2025-09-03 06:00:00+00:00,110682.0
2025-09-03 07:00:00+00:00,111051.0
2025-09-03 08:00:00+00:00,110993.0
2025-09-03 09:00:00+00:00,111267.0
2025-09-03 10:00:00+00:00,111416.0
2025-09-03 11:00:00+00:00,111401.0
2025-09-03 12:00:00+00:00,111066.0
2025-09-03 13:00:00+00:00,111429.0
2025-09-03 14:00:00+00:00,112240.0
2025-09-03 15:00:00+00:00,112189.0
2025-09-03 16:00:00+00:00,111821.0
2025-09-03 17:00:00+00:00,112280.0
2025-09-03 18:00:00+00:00,111965.0
2025-09-03 19:00:00+00:00,112146.0
2025-09-03 20:00:00+00:00,112170.0
2025-09-03 21:00:00+00:00,111924.0
2025-09-03 22:00:00+00:00,111909.0
2025-09-03 23:00:00+00:00,111662.0
2025-09-04 00:00:00+00:00,112020.0
2025-09-04 01:00:00+00:00,111900.0
2025-09-04 02:00:00+00:00,111411.0
2025-09-04 03:00:00+00:00,111110.0
2025-09-04 04:00:00+00:00,110873.0
2025-09-04 05:00:00+00:00,110615.0
2025-09-04 06:00:00+00:00,110346.0
2025-09-04 07:00:00+00:00,110414.0
2025-09-04 08:00:00+00:00,110598.0
2025-09-04 09:00:00+00:00,110782.0
2025-09-04 10:00:00+00:00,110582.0
2025-09-04 11:00:00+00:00,110761.0
2025-09-04 12:00:00+00:00,110883.0
2025-09-04 13:00:00+00:00,110428.0
2025-09-04 14:00:00+00:00,109800.0
2025-09-04 15:00:00+00:00,109451.0
2025-09-04 16:00:00+00:00,109372.0
2025-09-04 17:00:00+00:00,109731.0
2025-09-04 18:00:00+00:00,109922.0
2025-09-04 19:00:00+00:00,109748.0
2025-09-04 20:00:00+00:00,110363.0
2025-09-04 21:00:00+00:00,110441.0
2025-09-04 22:00:00+00:00,111451.0
2025-09-04 23:00:00+00:00,110686.0
2025-09-05 00:00:00+00:00,110430.0
2025-09-05 01:00:00+00:00,111080.0
2025-09-05 02:00:00+00:00,111301.0
2025-09-05 03:00:00+00:00,111277.0
2025-09-05 04:00:00+00:00,111393.0
2025-09-05 05:00:00+00:00,111530.0
2025-09-05 06:00:00+00:00,111861.0
2025-09-05 07:00:00+00:00,112913.0
2025-09-05 08:00:00+00:00,112593.0
2025-09-05 09:00:00+00:00,112271.0
2025-09-05 10:00:00+00:00,112212.0
2025-09-05 11:00:00+00:00,112301.0
2025-09-05 12:00:00+00:00,113175.0
2025-09-05 13:00:00+00:00,113044.0
2025-09-05 14:00:00+00:00,110520.0
2025-09-05 15:00:00+00:00,110660.0
2025-09-05 16:00:00+00:00,110763.0
2025-09-05 17:00:00+00:00,110560.0
2025-09-05 18:00:00+00:00,111156.0
2025-09-05 19:00:00+00:00,111551.0
2025-09-05 20:00:00+00:00,111604.0
2025-09-05 21:00:00+00:00,110555.0
2025-09-05 22:00:00+00:00,110750.0
2025-09-05 23:00:00+00:00,110624.0
2025-09-06 00:00:00+00:00,110735.0
2025-09-06 01:00:00+00:00,110819.0
2025-09-06 02:00:00+00:00,111162.0
2025-09-06 03:00:00+00:00,111048.0
2025-09-06 04:00:00+00:00,110830.0
2025-09-06 05:00:00+00:00,110675.0
2025-09-06 06:00:00+00:00,110698.0
2025-09-06 07:00:00+00:00,110771.0
2025-09-06 08:00:00+00:00,110884.0
2025-09-06 09:00:00+00:00,110651.0
2025-09-06 10:00:00+00:00,110731.0
2025-09-06 11:00:00+00:00,110726.0
2025-09-06 12:00:00+00:00,110776.0
2025-09-06 13:00:00+00:00,110881.0
2025-09-06 14:00:00+00:00,110750.0
2025-09-06 15:00:00+00:00,110340.0
2025-09-06 16:00:00+00:00,110202.0
2025-09-06 17:00:00+00:00,110091.0
2025-09-06 18:00:00+00:00,110182.0
2025-09-06 19:00:00+00:00,110000.0
2025-09-06 20:00:00+00:00,110130.0
2025-09-06 21:00:00+00:00,110159.0
2025-09-06 22:00:00+00:00,110125.0
2025-09-06 23:00:00+00:00,110132.0
2025-09-07 00:00:00+00:00,110302.0
2025-09-07 01:00:00+00:00,110508.0
2025-09-07 02:00:00+00:00,110611.0
2025-09-07 03:00:00+00:00,110596.0
2025-09-07 04:00:00+00:00,110535.0
2025-09-07 05:00:00+00:00,110624.0
2025-09-07 06:00:00+00:00,110470.0
2025-09-07 07:00:00+00:00,110716.0
2025-09-07 08:00:00+00:00,111022.0
2025-09-07 09:00:00+00:00,111066.0
2025-09-07 10:00:00+00:00,111163.0
2025-09-07 11:00:00+00:00,111249.0
2025-09-07 12:00:00+00:00,111077.0
2025-09-07 13:00:00+00:00,111175.0
2025-09-07 14:00:00+00:00,111094.0
2025-09-07 15:00:00+00:00,111290.0
2025-09-07 16:00:00+00:00,111160.0
2025-09-07 17:00:00+00:00,110930.0
2025-09-07 18:00:00+00:00,111010.0
2025-09-07 19:00:00+00:00,111221.0
2025-09-07 20:00:00+00:00,111282.0
2025-09-07 21:00:00+00:00,111002.0
2025-09-07 22:00:00+00:00,111206.0
2025-09-07 23:00:00+00:00,111087.0
2025-09-08 00:00:00+00:00,110768.0
2025-09-08 01:00:00+00:00,110847.0
2025-09-08 02:00:00+00:00,111190.0
2025-09-08 03:00:00+00:00,111000.0
2025-09-08 04:00:00+00:00,110937.0
2025-09-08 05:00:00+00:00,110981.0
2025-09-08 06:00:00+00:00,111061.0
2025-09-08 07:00:00+00:00,111230.0
2025-09-08 08:00:00+00:00,111631.0
2025-09-08 09:00:00+00:00,112045.0
2025-09-08 10:00:00+00:00,111999.0
2025-09-08 11:00:00+00:00,112021.0
2025-09-08 12:00:00+00:00,111998.0
2025-09-08 13:00:00+00:00,111866.0
2025-09-08 14:00:00+00:00,112593.0
2025-09-08 15:00:00+00:00,112588.0
2025-09-08 16:00:00+00:00,112349.0
2025-09-08 17:00:00+00:00,112155.0
2025-09-08 18:00:00+00:00,112413.0
2025-09-08 19:00:00+00:00,112037.0
2025-09-08 20:00:00+00:00,111906.0
2025-09-08 21:00:00+00:00,112290.0
2025-09-08 22:00:00+00:00,112197.0
2025-09-08 23:00:00+00:00,112012.0
2025-09-09 00:00:00+00:00,111598.0
2025-09-09 01:00:00+00:00,111311.0
2025-09-09 02:00:00+00:00,111272.0
2025-09-09 03:00:00+00:00,111642.0
2025-09-09 04:00:00+00:00,111955.0
2025-09-09 05:00:00+00:00,112126.0
2025-09-09 06:00:00+00:00,112976.0
2025-09-09 07:00:00+00:00,112959.0
2025-09-09 08:00:00+00:00,112958.0
2025-09-09 09:00:00+00:00,112924.0
2025-09-09 10:00:00+00:00,112671.0
2025-09-09 11:00:00+00:00,112389.0
2025-09-09 12:00:00+00:00,112616.0
2025-09-09 13:00:00+00:00,112700.0
2025-09-09 14:00:00+00:00,111697.0
2025-09-09 15:00:00+00:00,110822.0
2025-09-09 16:00:00+00:00,110901.0
2025-09-09 17:00:00+00:00,110977.0
2025-09-09 18:00:00+00:00,111089.0
2025-09-09 19:00:00+00:00,111233.0
2025-09-09 20:00:00+00:00,111496.0
2025-09-09 21:00:00+00:00,111255.0
2025-09-09 22:00:00+00:00,111510.0
2025-09-09 23:00:00+00:00,111500.0
2025-09-10 00:00:00+00:00,110968.0
2025-09-10 01:00:00+00:00,110966.0
2025-09-10 02:00:00+00:00,111378.0
2025-09-10 03:00:00+00:00,111507.0
2025-09-10 04:00:00+00:00,111487.0
2025-09-10 05:00:00+00:00,111537.0
2025-09-10 06:00:00+00:00,111751.0
2025-09-10 07:00:00+00:00,112487.0
2025-09-10 08:00:00+00:00,112336.0
2025-09-10 09:00:00+00:00,112221.0
2025-09-10 10:00:00+00:00,112223.0
2025-09-10 11:00:00+00:00,112268.0
2025-09-10 12:00:00+00:00,113381.0
2025-09-10 13:00:00+00:00,113890.0
2025-09-10 14:00:00+00:00,113855.0
2025-09-10 15:00:00+00:00,113812.0
2025-09-10 16:00:00+00:00,113713.0
2025-09-10 17:00:00+00:00,113672.0
2025-09-10 18:00:00+00:00,113546.0
2025-09-10 19:00:00+00:00,113515.0
2025-09-10 20:00:00+00:00,113516.0
2025-09-10 21:00:00+00:00,113766.0
2025-09-10 22:00:00+00:00,113830.0
2025-09-10 23:00:00+00:00,113890.0
2025-09-11 00:00:00+00:00,113821.0
2025-09-11 01:00:00+00:00,113841.0
2025-09-11 02:00:00+00:00,113766.0
2025-09-11 03:00:00+00:00,114341.0
2025-09-11 04:00:00+00:00,114115.0
2025-09-11 05:00:00+00:00,114208.0
2025-09-11 06:00:00+00:00,114278.0
2025-09-11 07:00:00+00:00,114039.0
2025-09-11 08:00:00+00:00,113996.0
2025-09-11 09:00:00+00:00,113849.0
2025-09-11 10:00:00+00:00,113995.0
2025-09-11 11:00:00+00:00,113966.0
2025-09-11 12:00:00+00:00,113942.0
2025-09-11 13:00:00+00:00,114601.0
2025-09-11 14:00:00+00:00,114420.0
2025-09-11 15:00:00+00:00,114118.0
2025-09-11 16:00:00+00:00,114434.0
2025-09-11 17:00:00+00:00,114540.0
2025-09-11 18:00:00+00:00,114261.0
2025-09-11 19:00:00+00:00,114369.0
2025-09-11 20:00:00+00:00,114359.0
2025-09-11 21:00:00+00:00,114438.0
2025-09-11 22:00:00+00:00,115037.0
2025-09-11 23:00:00+00:00,115441.0
2025-09-12 00:00:00+00:00,115769.0
2025-09-12 01:00:00+00:00,115323.0
2025-09-12 02:00:00+00:00,115332.0
2025-09-12 03:00:00+00:00,115139.0
2025-09-12 04:00:00+00:00,115317.0
2025-09-12 05:00:00+00:00,115560.0
2025-09-12 06:00:00+00:00,115250.0
2025-09-12 07:00:00+00:00,115057.0
2025-09-12 08:00:00+00:00,115017.0
2025-09-12 09:00:00+00:00,115002.0
2025-09-12 10:00:00+00:00,114926.0
2025-09-12 11:00:00+00:00,114886.0
2025-09-12 12:00:00+00:00,115046.0
2025-09-12 13:00:00+00:00,115107.0
2025-09-12 14:00:00+00:00,115219.0
2025-09-12 15:00:00+00:00,115062.0
2025-09-12 16:00:00+00:00,115435.0
2025-09-12 17:00:00+00:00,115756.0
2025-09-12 18:00:00+00:00,116435.0
2025-09-12 19:00:00+00:00,116560.0
2025-09-12 20:00:00+00:00,116079.0
2025-09-12 21:00:00+00:00,115774.0
2025-09-12 22:00:00+00:00,115954.0
2025-09-12 23:00:00+00:00,115972.0
2025-09-13 00:00:00+00:00,116139.0
2025-09-13 01:00:00+00:00,115694.0
2025-09-13 02:00:00+00:00,115834.0
2025-09-13 03:00:00+00:00,115908.0
2025-09-13 04:00:00+00:00,115647.0
2025-09-13 05:00:00+00:00,115666.0
2025-09-13 06:00:00+00:00,115691.0
2025-09-13 07:00:00+00:00,115714.0
2025-09-13 08:00:00+00:00,115916.0
2025-09-13 09:00:00+00:00,115971.0
2025-09-13 10:00:00+00:00,115891.0
2025-09-13 11:00:00+00:00,115924.0
2025-09-13 12:00:00+00:00,115944.0
2025-09-13 13:00:00+00:00,115715.0
2025-09-13 14:00:00+00:00,115751.0
2025-09-13 15:00:00+00:00,115730.0
2025-09-13 16:00:00+00:00,115275.0
2025-09-13 17:00:00+00:00,115496.0
2025-09-13 18:00:00+00:00,115569.0
2025-09-13 19:00:00+00:00,115734.0
2025-09-13 20:00:00+00:00,115836.0
2025-09-13 21:00:00+00:00,115855.0
2025-09-13 22:00:00+00:00,115818.0
2025-09-13 23:00:00+00:00,115850.0
2025-09-14 00:00:00+00:00,115873.0
2025-09-14 01:00:00+00:00,115898.0
2025-09-14 02:00:00+00:00,115800.0
2025-09-14 03:00:00+00:00,115618.0
2025-09-14 04:00:00+00:00,115684.0
2025-09-14 05:00:00+00:00,115802.0
2025-09-14 06:00:00+00:00,115678.0
2025-09-14 07:00:00+00:00,115737.0
2025-09-14 08:00:00+00:00,115889.0
2025-09-14 09:00:00+00:00,115992.0
2025-09-14 10:00:00+00:00,115985.0
2025-09-14 11:00:00+00:00,115750.0
2025-09-14 12:00:00+00:00,115720.0
2025-09-14 13:00:00+00:00,115287.0
2025-09-14 14:00:00+00:00,115351.0
2025-09-14 15:00:00+00:00,115167.0
2025-09-14 16:00:00+00:00,115432.0
2025-09-14 17:00:00+00:00,115511.0
2025-09-14 18:00:00+00:00,115338.0
2025-09-14 19:00:00+00:00,115593.0
2025-09-14 20:00:00+00:00,115754.0
2025-09-14 21:00:00+00:00,116019.0
2025-09-14 22:00:00+00:00,115963.0
2025-09-14 23:00:00+00:00,115215.0
2025-09-15 00:00:00+00:00,115026.0
2025-09-15 01:00:00+00:00,115169.0
2025-09-15 02:00:00+00:00,115320.0
2025-09-15 03:00:00+00:00,115382.0
2025-09-15 04:00:00+00:00,116014.0
2025-09-15 05:00:00+00:00,116479.0
2025-09-15 06:00:00+00:00,116074.0
2025-09-15 07:00:00+00:00,115770.0
2025-09-15 08:00:00+00:00,114691.0
2025-09-15 09:00:00+00:00,114807.0
2025-09-15 10:00:00+00:00,114704.0
2025-09-15 11:00:00+00:00,115006.0
2025-09-15 12:00:00+00:00,114686.0
2025-09-15 13:00:00+00:00,114605.0
2025-09-15 14:00:00+00:00,114623.0
2025-09-15 15:00:00+00:00,114802.0
2025-09-15 16:00:00+00:00,114622.0
2025-09-15 17:00:00+00:00,115076.0
2025-09-15 18:00:00+00:00,115278.0
2025-09-15 19:00:00+00:00,115260.0
2025-09-15 20:00:00+00:00,115348.0
2025-09-15 21:00:00+00:00,115464.0
2025-09-15 22:00:00+00:00,115247.0
2025-09-15 23:00:00+00:00,115316.0
2025-09-16 00:00:00+00:00,115042.0
2025-09-16 01:00:00+00:00,114988.0
2025-09-16 02:00:00+00:00,114988.0
2025-09-16 03:00:00+00:00,115269.0
2025-09-16 04:00:00+00:00,115475.0
2025-09-16 05:00:00+00:00,115907.0
2025-09-16 06:00:00+00:00,115722.0
2025-09-16 07:00:00+00:00,115797.0
2025-09-16 08:00:00+00:00,115630.0
2025-09-16 09:00:00+00:00,115436.0
2025-09-16 10:00:00+00:00,115314.0
2025-09-16 11:00:00+00:00,115226.0
2025-09-16 12:00:00+00:00,115386.0
2025-09-16 13:00:00+00:00,115160.0
2025-09-16 14:00:00+00:00,115231.0
2025-09-16 15:00:00+00:00,115870.0
2025-09-16 16:00:00+00:00,116044.0
2025-09-16 17:00:00+00:00,116414.0
2025-09-16 18:00:00+00:00,116377.0
2025-09-16 19:00:00+00:00,116754.0
2025-09-16 20:00:00+00:00,116779.0
2025-09-16 21:00:00+00:00,116749.0
2025-09-16 22:00:00+00:00,116800.0
2025-09-16 23:00:00+00:00,116749.0
2025-09-17 00:00:00+00:00,116524.0
2025-09-17 01:00:00+00:00,116615.0
2025-09-17 02:00:00+00:00,116624.0
2025-09-17 03:00:00+00:00,116301.0
2025-09-17 04:00:00+00:00,116260.0
2025-09-17 05:00:00+00:00,117060.0
2025-09-17 06:00:00+00:00,117168.0
2025-09-17 07:00:00+00:00,117119.0
2025-09-17 08:00:00+00:00,116814.0
2025-09-17 09:00:00+00:00,116520.0
2025-09-17 10:00:00+00:00,116329.0
2025-09-17 11:00:00+00:00,116204.0
2025-09-17 12:00:00+00:00,116147.0
2025-09-17 13:00:00+00:00,116052.0
2025-09-17 14:00:00+00:00,115549.0
2025-09-17 15:00:00+00:00,115823.0
2025-09-17 16:00:00+00:00,115594.0
2025-09-17 17:00:00+00:00,115430.0
2025-09-17 18:00:00+00:00,115206.0
2025-09-17 19:00:00+00:00,115611.0
2025-09-17 20:00:00+00:00,115566.0
2025-09-17 21:00:00+00:00,116012.0
2025-09-17 22:00:00+00:00,116529.0
2025-09-17 23:00:00+00:00,116401.0
2025-09-18 00:00:00+00:00,116297.0
2025-09-18 01:00:00+00:00,116612.0
2025-09-18 02:00:00+00:00,116915.0
2025-09-18 03:00:00+00:00,117561.0
2025-09-18 04:00:00+00:00,117580.0
2025-09-18 05:00:00+00:00,117241.0
2025-09-18 06:00:00+00:00,117052.0
2025-09-18 07:00:00+00:00,117032.0
2025-09-18 08:00:00+00:00,117189.0
2025-09-18 09:00:00+00:00,117265.0
2025-09-18 10:00:00+00:00,117156.0
2025-09-18 11:00:00+00:00,117027.0
2025-09-18 12:00:00+00:00,117069.0
2025-09-18 13:00:00+00:00,117366.0
2025-09-18 14:00:00+00:00,117580.0
2025-09-18 15:00:00+00:00,117537.0
2025-09-18 16:00:00+00:00,117526.0
2025-09-18 17:00:00+00:00,117556.0
2025-09-18 18:00:00+00:00,117785.0
2025-09-18 19:00:00+00:00,117405.0
2025-09-18 20:00:00+00:00,117451.0
2025-09-18 21:00:00+00:00,117240.0
2025-09-18 22:00:00+00:00,117014.0
2025-09-18 23:00:00+00:00,117024.0
2025-09-19 00:00:00+00:00,117375.0
2025-09-19 01:00:00+00:00,117188.0
2025-09-19 02:00:00+00:00,117063.0
2025-09-19 03:00:00+00:00,116924.0
2025-09-19 04:00:00+00:00,116943.0
2025-09-19 05:00:00+00:00,116842.0
2025-09-19 06:00:00+00:00,116627.0
2025-09-19 07:00:00+00:00,116857.0
2025-09-19 08:00:00+00:00,116855.0
2025-09-19 09:00:00+00:00,116430.0
2025-09-19 10:00:00+00:00,116478.0
2025-09-19 11:00:00+00:00,116333.0
2025-09-19 12:00:00+00:00,116115.0
2025-09-19 13:00:00+00:00,116230.0
2025-09-19 14:00:00+00:00,115843.0
2025-09-19 15:00:00+00:00,115816.0
2025-09-19 16:00:00+00:00,116028.0
2025-09-19 17:00:00+00:00,115482.0
2025-09-19 18:00:00+00:00,115366.0
2025-09-19 19:00:00+00:00,115070.0
2025-09-19 20:00:00+00:00,115311.0
2025-09-19 21:00:00+00:00,115420.0
2025-09-19 22:00:00+00:00,115548.0
2025-09-19 23:00:00+00:00,115573.0
2025-09-20 00:00:00+00:00,115677.0
2025-09-20 01:00:00+00:00,115563.0
2025-09-20 02:00:00+00:00,115551.0
2025-09-20 03:00:00+00:00,115407.0
2025-09-20 04:00:00+00:00,115537.0
2025-09-20 05:00:00+00:00,115667.0
2025-09-20 06:00:00+00:00,115643.0
2025-09-20 07:00:00+00:00,115929.0
2025-09-20 08:00:00+00:00,115667.0
2025-09-20 09:00:00+00:00,115623.0
2025-09-20 10:00:00+00:00,115700.0
2025-09-20 11:00:00+00:00,115844.0
2025-09-20 12:00:00+00:00,115842.0
2025-09-20 13:00:00+00:00,115878.0
2025-09-20 14:00:00+00:00,115922.0
2025-09-20 15:00:00+00:00,115959.0
2025-09-20 16:00:00+00:00,116003.0
2025-09-20 17:00:00+00:00,115781.0
2025-09-20 18:00:00+00:00,115659.0
2025-09-20 19:00:00+00:00,115635.0
2025-09-20 20:00:00+00:00,115671.0
2025-09-20 21:00:00+00:00,115733.0
2025-09-20 22:00:00+00:00,115719.0
2025-09-20 23:00:00+00:00,115629.0
2025-09-21 00:00:00+00:00,115599.0
2025-09-21 01:00:00+00:00,115456.0
2025-09-21 02:00:00+00:00,115627.0
2025-09-21 03:00:00+00:00,115625.0
2025-09-21 04:00:00+00:00,115465.0
2025-09-21 05:00:00+00:00,115628.0
2025-09-21 06:00:00+00:00,115648.0
2025-09-21 07:00:00+00:00,115775.0
2025-09-21 08:00:00+00:00,115593.0
2025-09-21 09:00:00+00:00,115636.0
2025-09-21 10:00:00+00:00,115479.0
2025-09-21 11:00:00+00:00,115565.0
2025-09-21 12:00:00+00:00,115624.0
2025-09-21 13:00:00+00:00,115619.0
2025-09-21 14:00:00+00:00,115444.0
2025-09-21 15:00:00+00:00,115467.0
2025-09-21 16:00:00+00:00,115268.0
2025-09-21 17:00:00+00:00,115582.0
2025-09-21 18:00:00+00:00,115489.0
2025-09-21 19:00:00+00:00,115430.0
2025-09-21 20:00:00+00:00,115241.0
2025-09-21 21:00:00+00:00,115361.0
2025-09-21 22:00:00+00:00,115480.0
2025-09-21 23:00:00+00:00,115174.0
2025-09-22 00:00:00+00:00,114331.0
2025-09-22 01:00:00+00:00,114205.0
2025-09-22 02:00:00+00:00,114130.0
2025-09-22 03:00:00+00:00,114610.0
2025-09-22 04:00:00+00:00,114387.0
2025-09-22 05:00:00+00:00,113609.0
2025-09-22 06:00:00+00:00,112765.0
2025-09-22 07:00:00+00:00,112459.0
2025-09-22 08:00:00+00:00,112560.0
2025-09-22 09:00:00+00:00,112285.0
2025-09-22 10:00:00+00:00,112736.0
2025-09-22 11:00:00+00:00,112811.0
2025-09-22 12:00:00+00:00,112678.0
2025-09-22 13:00:00+00:00,113078.0
2025-09-22 14:00:00+00:00,112875.0
2025-09-22 15:00:00+00:00,112765.0
2025-09-22 16:00:00+00:00,112549.0
2025-09-22 17:00:00+00:00,112326.0
2025-09-22 18:00:00+00:00,112373.0
2025-09-22 19:00:00+00:00,112059.0
2025-09-22 20:00:00+00:00,112741.0
2025-09-22 21:00:00+00:00,112921.0
2025-09-22 22:00:00+00:00,112581.0
2025-09-22 23:00:00+00:00,112601.0
2025-09-23 00:00:00+00:00,112339.0
2025-09-23 01:00:00+00:00,112083.0
2025-09-23 02:00:00+00:00,111741.0
2025-09-23 03:00:00+00:00,112284.0
2025-09-23 04:00:00+00:00,112377.0
2025-09-23 05:00:00+00:00,112601.0
2025-09-23 06:00:00+00:00,112920.0
2025-09-23 07:00:00+00:00,113025.0
2025-09-23 08:00:00+00:00,113066.0
2025-09-23 09:00:00+00:00,112876.0
2025-09-23 10:00:00+00:00,112906.0
2025-09-23 11:00:00+00:00,112925.0
2025-09-23 12:00:00+00:00,112874.0
2025-09-23 13:00:00+00:00,112888.0
2025-09-23 14:00:00+00:00,112594.0
2025-09-23 15:00:00+00:00,112820.0
2025-09-23 16:00:00+00:00,112742.0
2025-09-23 17:00:00+00:00,111894.0
2025-09-23 18:00:00+00:00,111713.0
2025-09-23 19:00:00+00:00,111590.0
2025-09-23 20:00:00+00:00,111923.0
2025-09-23 21:00:00+00:00,112100.0
2025-09-23 22:00:00+00:00,112103.0
2025-09-23 23:00:00+00:00,111938.0
2025-09-24 00:00:00+00:00,112158.0
2025-09-24 01:00:00+00:00,112387.0
2025-09-24 02:00:00+00:00,112067.0
2025-09-24 03:00:00+00:00,111628.0
2025-09-24 04:00:00+00:00,112113.0
2025-09-24 05:00:00+00:00,112595.0
2025-09-24 06:00:00+00:00,112545.0
2025-09-24 07:00:00+00:00,112538.0
2025-09-24 08:00:00+00:00,112567.0
2025-09-24 09:00:00+00:00,112686.0
2025-09-24 10:00:00+00:00,112892.0
2025-09-24 11:00:00+00:00,112978.0
2025-09-24 12:00:00+00:00,113015.0
2025-09-24 13:00:00+00:00,112784.0
2025-09-24 14:00:00+00:00,113671.0
2025-09-24 15:00:00+00:00,113300.0
2025-09-24 16:00:00+00:00,113674.0
2025-09-24 17:00:00+00:00,113712.0
2025-09-24 18:00:00+00:00,113600.0
2025-09-24 19:00:00+00:00,113370.0
2025-09-24 20:00:00+00:00,113447.0
2025-09-24 21:00:00+00:00,113293.0
2025-09-24 22:00:00+00:00,113289.0
2025-09-24 23:00:00+00:00,113256.0
2025-09-25 00:00:00+00:00,113010.0
2025-09-25 01:00:00+00:00,112610.0
2025-09-25 02:00:00+00:00,112847.0
2025-09-25 03:00:00+00:00,112477.0
2025-09-25 04:00:00+00:00,111680.0
2025-09-25 05:00:00+00:00,111685.0
2025-09-25 06:00:00+00:00,111471.0
2025-09-25 07:00:00+00:00,111720.0
2025-09-25 08:00:00+00:00,111682.0
2025-09-25 09:00:00+00:00,111521.0
2025-09-25 10:00:00+00:00,111597.0
2025-09-25 11:00:00+00:00,111290.0
2025-09-25 12:00:00+00:00,111045.0
2025-09-25 13:00:00+00:00,110936.0
2025-09-25 14:00:00+00:00,111474.0
2025-09-25 15:00:00+00:00,111538.0
2025-09-25 16:00:00+00:00,110887.0
2025-09-25 17:00:00+00:00,108783.0
2025-09-25 18:00:00+00:00,109713.0
2025-09-25 19:00:00+00:00,109333.0
2025-09-25 20:00:00+00:00,109129.0
2025-09-25 21:00:00+00:00,109351.0
2025-09-25 22:00:00+00:00,109371.0
2025-09-25 23:00:00+00:00,108932.0
2025-09-26 00:00:00+00:00,109421.0
2025-09-26 01:00:00+00:00,109630.0
2025-09-26 02:00:00+00:00,109575.0
2025-09-26 03:00:00+00:00,109525.0
2025-09-26 04:00:00+00:00,109299.0
2025-09-26 05:00:00+00:00,109189.0
2025-09-26 06:00:00+00:00,109297.0
2025-09-26 07:00:00+00:00,109255.0
2025-09-26 08:00:00+00:00,109524.0
2025-09-26 09:00:00+00:00,109516.0
2025-09-26 10:00:00+00:00,108841.0
2025-09-26 11:00:00+00:00,109081.0
2025-09-26 12:00:00+00:00,109331.0
2025-09-26 13:00:00+00:00,109627.0
2025-09-26 14:00:00+00:00,108791.0
2025-09-26 15:00:00+00:00,108972.0
2025-09-26 16:00:00+00:00,109408.0
2025-09-26 17:00:00+00:00,109857.0
2025-09-26 18:00:00+00:00,109675.0
2025-09-26 19:00:00+00:00,109112.0
2025-09-26 20:00:00+00:00,109246.0
2025-09-26 21:00:00+00:00,109419.0
2025-09-26 22:00:00+00:00,109519.0
2025-09-26 23:00:00+00:00,109593.0
2025-09-27 00:00:00+00:00,109607.0
2025-09-27 01:00:00+00:00,109371.0
2025-09-27 02:00:00+00:00,109355.0
2025-09-27 03:00:00+00:00,109502.0
2025-09-27 04:00:00+00:00,109607.0
2025-09-27 05:00:00+00:00,109589.0
2025-09-27 06:00:00+00:00,109491.0
2025-09-27 07:00:00+00:00,109360.0
2025-09-27 08:00:00+00:00,109213.0
2025-09-27 09:00:00+00:00,109257.0
2025-09-27 10:00:00+00:00,109389.0
2025-09-27 11:00:00+00:00,109277.0
2025-09-27 12:00:00+00:00,109352.0
2025-09-27 13:00:00+00:00,109261.0
2025-09-27 14:00:00+00:00,109236.0
2025-09-27 15:00:00+00:00,109343.0
2025-09-27 16:00:00+00:00,109351.0
2025-09-27 17:00:00+00:00,109330.0
2025-09-27 18:00:00+00:00,109381.0
2025-09-27 19:00:00+00:00,109380.0
2025-09-27 20:00:00+00:00,109343.0
2025-09-27 21:00:00+00:00,109429.0
2025-09-27 22:00:00+00:00,109556.0
2025-09-27 23:00:00+00:00,109586.0
2025-09-28 00:00:00+00:00,109562.0
2025-09-28 01:00:00+00:00,109302.0
2025-09-28 02:00:00+00:00,109391.0
2025-09-28 03:00:00+00:00,109396.0
2025-09-28 04:00:00+00:00,109327.0
2025-09-28 05:00:00+00:00,109299.0
2025-09-28 06:00:00+00:00,109367.0
2025-09-28 07:00:00+00:00,109470.0
2025-09-28 08:00:00+00:00,109471.0
2025-09-28 09:00:00+00:00,109465.0
2025-09-28 10:00:00+00:00,109309.0
2025-09-28 11:00:00+00:00,109326.0
2025-09-28 12:00:00+00:00,109256.0
2025-09-28 13:00:00+00:00,109589.0
2025-09-28 14:00:00+00:00,109806.0
2025-09-28 15:00:00+00:00,109991.0
2025-09-28 16:00:00+00:00,110180.0
2025-09-28 17:00:00+00:00,110166.0
2025-09-28 18:00:00+00:00,110250.0
2025-09-28 19:00:00+00:00,110303.0
2025-09-28 20:00:00+00:00,110764.0
2025-09-28 21:00:00+00:00,110787.0
2025-09-28 22:00:00+00:00,111893.0
2025-09-28 23:00:00+00:00,112134.0
2025-09-29 00:00:00+00:00,112217.0
2025-09-29 01:00:00+00:00,111813.0
2025-09-29 02:00:00+00:00,111695.0
2025-09-29 03:00:00+00:00,111826.0
2025-09-29 04:00:00+00:00,111762.0
2025-09-29 05:00:00+00:00,111708.0
2025-09-29 06:00:00+00:00,111592.0
2025-09-29 07:00:00+00:00,111821.0
2025-09-29 08:00:00+00:00,112051.0
2025-09-29 09:00:00+00:00,112066.0
2025-09-29 10:00:00+00:00,112056.0
2025-09-29 11:00:00+00:00,112066.0
2025-09-29 12:00:00+00:00,111974.0
2025-09-29 13:00:00+00:00,113185.0
2025-09-29 14:00:00+00:00,113996.0
2025-09-29 15:00:00+00:00,113763.0
2025-09-29 16:00:00+00:00,113588.0
2025-09-29 17:00:00+00:00,114023.0
2025-09-29 18:00:00+00:00,113987.0
2025-09-29 19:00:00+00:00,114209.0
2025-09-29 20:00:00+00:00,114188.0
2025-09-29 21:00:00+00:00,114111.0
2025-09-29 22:00:00+00:00,114132.0
2025-09-29 23:00:00+00:00,114252.0
2025-09-30 00:00:00+00:00,114476.0
2025-09-30 01:00:00+00:00,114462.0
2025-09-30 02:00:00+00:00,114413.0
2025-09-30 03:00:00+00:00,114312.0
2025-09-30 04:00:00+00:00,114036.0
2025-09-30 05:00:00+00:00,113870.0
2025-09-30 06:00:00+00:00,113847.0
2025-09-30 07:00:00+00:00,113662.0
2025-09-30 08:00:00+00:00,113406.0
2025-09-30 09:00:00+00:00,112738.0
2025-09-30 10:00:00+00:00,112872.0
2025-09-30 11:00:00+00:00,112992.0
2025-09-30 12:00:00+00:00,112938.0
2025-09-30 13:00:00+00:00,113344.0
2025-09-30 14:00:00+00:00,113546.0
2025-09-30 15:00:00+00:00,113064.0
2025-09-30 16:00:00+00:00,112787.0
2025-09-30 17:00:00+00:00,113198.0
2025-09-30 18:00:00+00:00,113675.0
2025-09-30 19:00:00+00:00,114315.0
2025-09-30 20:00:00+00:00,114595.0
2025-09-30 21:00:00+00:00,114122.0
2025-09-30 22:00:00+00:00,113895.0
2025-09-30 23:00:00+00:00,114014.0
2025-10-01 00:00:00+00:00,114198.0
2025-10-01 01:00:00+00:00,114515.0
2025-10-01 02:00:00+00:00,114234.0
2025-10-01 03:00:00+00:00,114135.0
2025-10-01 04:00:00+00:00,114244.0
2025-10-01 05:00:00+00:00,114534.0
2025-10-01 06:00:00+00:00,114212.0
2025-10-01 07:00:00+00:00,114494.0
2025-10-01 08:00:00+00:00,116062.0
2025-10-01 09:00:00+00:00,116360.0
2025-10-01 10:00:00+00:00,116225.0
2025-10-01 11:00:00+00:00,116730.0
2025-10-01 12:00:00+00:00,116353.0
2025-10-01 13:00:00+00:00,116756.0
2025-10-01 14:00:00+00:00,117240.0
2025-10-01 15:00:00+00:00,117368.0
2025-10-01 16:00:00+00:00,117480.0
2025-10-01 17:00:00+00:00,116737.0
2025-10-01 18:00:00+00:00,117186.0
2025-10-01 19:00:00+00:00,117370.0
2025-10-01 20:00:00+00:00,117473.0
2025-10-01 21:00:00+00:00,117500.0
2025-10-01 22:00:00+00:00,117685.0
2025-10-01 23:00:00+00:00,118556.0
2025-10-02 00:00:00+00:00,118400.0
2025-10-02 01:00:00+00:00,118580.0
2025-10-02 02:00:00+00:00,118695.0
2025-10-02 03:00:00+00:00,118689.0
2025-10-02 04:00:00+00:00,118605.0
2025-10-02 05:00:00+00:00,118316.0
2025-10-02 06:00:00+00:00,118588.0
2025-10-02 07:00:00+00:00,118444.0
2025-10-02 08:00:00+00:00,118647.0
2025-10-02 09:00:00+00:00,118830.0
2025-10-02 10:00:00+00:00,118570.0
2025-10-02 11:00:00+00:00,118704.0
2025-10-02 12:00:00+00:00,119374.0
2025-10-02 13:00:00+00:00,119581.0
2025-10-02 14:00:00+00:00,118744.0
2025-10-02 15:00:00+00:00,119866.0
2025-10-02 16:00:00+00:00,119691.0
2025-10-02 17:00:00+00:00,119850.0
2025-10-02 18:00:00+00:00,120459.0
2025-10-02 19:00:00+00:00,120777.0
2025-10-02 20:00:00+00:00,120579.0
2025-10-02 21:00:00+00:00,120075.0
2025-10-02 22:00:00+00:00,120194.0
2025-10-02 23:00:00+00:00,120484.0
2025-10-03 00:00:00+00:00,120091.0
2025-10-03 01:00:00+00:00,119803.0
2025-10-03 02:00:00+00:00,120106.0
2025-10-03 03:00:00+00:00,120169.0
2025-10-03 04:00:00+00:00,119997.0
2025-10-03 05:00:00+00:00,119865.0
2025-10-03 06:00:00+00:00,119865.0
2025-10-03 07:00:00+00:00,119585.0
2025-10-03 08:00:00+00:00,119979.0
2025-10-03 09:00:00+00:00,120253.0
2025-10-03 10:00:00+00:00,120372.0
2025-10-03 11:00:00+00:00,120287.0
2025-10-03 12:00:00+00:00,120285.0
2025-10-03 13:00:00+00:00,120294.0
2025-10-03 14:00:00+00:00,120849.0
2025-10-03 15:00:00+00:00,122223.0
2025-10-03 16:00:00+00:00,122492.0
2025-10-03 17:00:00+00:00,122037.0
2025-10-03 18:00:00+00:00,122503.0
2025-10-03 19:00:00+00:00,122590.0
2025-10-03 20:00:00+00:00,122396.0
2025-10-03 21:00:00+00:00,122238.0
2025-10-03 22:00:00+00:00,122410.0
2025-10-03 23:00:00+00:00,122181.0
2025-10-04 00:00:00+00:00,122057.0
2025-10-04 01:00:00+00:00,121814.0
2025-10-04 02:00:00+00:00,121807.0
2025-10-04 03:00:00+00:00,122183.0
2025-10-04 04:00:00+00:00,122442.0
2025-10-04 05:00:00+00:00,122485.0
2025-10-04 06:00:00+00:00,122383.0
2025-10-04 07:00:00+00:00,122259.0
2025-10-04 08:00:00+00:00,122217.0
2025-10-04 09:00:00+00:00,122154.0
2025-10-04 10:00:00+00:00,122065.0
2025-10-04 11:00:00+00:00,121915.0
2025-10-04 12:00:00+00:00,121951.0
2025-10-04 13:00:00+00:00,122336.0
2025-10-04 14:00:00+00:00,121934.0
2025-10-04 15:00:00+00:00,121755.0
2025-10-04 16:00:00+00:00,121678.0
2025-10-04 17:00:00+00:00,121717.0
2025-10-04 18:00:00+00:00,121548.0
2025-10-04 19:00:00+00:00,121922.0
2025-10-04 20:00:00+00:00,121835.0
2025-10-04 21:00:00+00:00,122158.0
2025-10-04 22:00:00+00:00,122237.0
2025-10-04 23:00:00+00:00,122360.0
2025-10-05 00:00:00+00:00,122112.0
2025-10-05 01:00:00+00:00,122334.0
2025-10-05 02:00:00+00:00,124002.0
2025-10-05 03:00:00+00:00,123731.0
2025-10-05 04:00:00+00:00,125141.0
2025-10-05 05:00:00+00:00,125095.0
2025-10-05 06:00:00+00:00,124950.0
2025-10-05 07:00:00+00:00,124683.0
2025-10-05 08:00:00+00:00,124552.0
2025-10-05 09:00:00+00:00,122974.0
2025-10-05 10:00:00+00:00,122981.0
2025-10-05 11:00:00+00:00,123415.0
2025-10-05 12:00:00+00:00,123039.0
2025-10-05 13:00:00+00:00,123120.0
2025-10-05 14:00:00+00:00,122978.0
2025-10-05 15:00:00+00:00,122754.0
2025-10-05 16:00:00+00:00,123213.0
2025-10-05 17:00:00+00:00,123017.0
2025-10-05 18:00:00+00:00,122967.0
2025-10-05 19:00:00+00:00,122544.0
2025-10-05 20:00:00+00:00,122657.0
2025-10-05 21:00:00+00:00,122698.0
2025-10-05 22:00:00+00:00,123193.0
2025-10-05 23:00:00+00:00,123448.0
2025-10-06 00:00:00+00:00,123304.0
2025-10-06 01:00:00+00:00,123991.0
2025-10-06 02:00:00+00:00,124084.0
2025-10-06 03:00:00+00:00,123784.0
2025-10-06 04:00:00+00:00,123550.0
2025-10-06 05:00:00+00:00,123540.0
2025-10-06 06:00:00+00:00,123912.0
2025-10-06 07:00:00+00:00,123345.0
2025-10-06 08:00:00+00:00,123813.0
2025-10-06 09:00:00+00:00,123923.0
2025-10-06 10:00:00+00:00,123928.0
2025-10-06 11:00:00+00:00,124166.0
2025-10-06 12:00:00+00:00,124505.0
2025-10-06 13:00:00+00:00,124980.0
2025-10-06 14:00:00+00:00,124466.0
2025-10-06 15:00:00+00:00,124945.0
2025-10-06 16:00:00+00:00,125411.0
2025-10-06 17:00:00+00:00,125240.0
2025-10-06 18:00:00+00:00,125982.0
2025-10-06 19:00:00+00:00,125330.0
2025-10-06 20:00:00+00:00,125140.0
2025-10-06 21:00:00+00:00,125045.0
2025-10-06 22:00:00+00:00,124981.0
2025-10-06 23:00:00+00:00,124607.0
2025-10-07 00:00:00+00:00,124826.0
2025-10-07 01:00:00+00:00,124653.0
2025-10-07 02:00:00+00:00,124197.0
2025-10-07 03:00:00+00:00,124247.0
2025-10-07 04:00:00+00:00,124424.0
2025-10-07 05:00:00+00:00,124333.0
2025-10-07 06:00:00+00:00,123841.0
2025-10-07 07:00:00+00:00,123614.0
2025-10-07 08:00:00+00:00,123801.0
2025-10-07 09:00:00+00:00,124031.0
2025-10-07 10:00:00+00:00,124212.0
2025-10-07 11:00:00+00:00,124390.0
2025-10-07 12:00:00+00:00,124864.0
2025-10-07 13:00:00+00:00,123846.0
2025-10-07 14:00:00+00:00,122716.0
2025-10-07 15:00:00+00:00,121817.0
2025-10-07 16:00:00+00:00,121690.0
2025-10-07 17:00:00+00:00,121110.0
2025-10-07 18:00:00+00:00,120850.0
2025-10-07 19:00:00+00:00,121610.0
2025-10-07 20:00:00+00:00,121925.0
2025-10-07 21:00:00+00:00,121981.0
2025-10-07 22:00:00+00:00,121978.0
2025-10-07 23:00:00+00:00,121300.0
2025-10-08 00:00:00+00:00,121896.0
2025-10-08 01:00:00+00:00,121914.0
2025-10-08 02:00:00+00:00,121998.0
2025-10-08 03:00:00+00:00,121336.0
2025-10-08 04:00:00+00:00,121860.0
2025-10-08 05:00:00+00:00,121335.0
2025-10-08 06:00:00+00:00,121755.0
2025-10-08 07:00:00+00:00,121565.0
2025-10-08 08:00:00+00:00,122342.0
2025-10-08 09:00:00+00:00,122500.0
2025-10-08 10:00:00+00:00,122914.0
2025-10-08 11:00:00+00:00,122843.0
2025-10-08 12:00:00+00:00,122605.0
2025-10-08 13:00:00+00:00,122561.0
2025-10-08 14:00:00+00:00,122268.0
2025-10-08 15:00:00+00:00,122130.0
2025-10-08 16:00:00+00:00,123003.0
2025-10-08 17:00:00+00:00,124008.0
2025-10-08 18:00:00+00:00,123408.0
2025-10-08 19:00:00+00:00,123386.0
2025-10-08 20:00:00+00:00,122776.0
2025-10-08 21:00:00+00:00,123223.0
2025-10-08 22:00:00+00:00,123131.0
2025-10-08 23:00:00+00:00,123246.0
2025-10-09 00:00:00+00:00,122768.0
2025-10-09 01:00:00+00:00,122480.0
2025-10-09 02:00:00+00:00,121554.0
2025-10-09 03:00:00+00:00,121993.0
2025-10-09 04:00:00+00:00,122092.0
2025-10-09 05:00:00+00:00,122051.0
2025-10-09 06:00:00+00:00,121897.0
2025-10-09 07:00:00+00:00,121848.0
2025-10-09 08:00:00+00:00,121192.0
2025-10-09 09:00:00+00:00,121750.0
2025-10-09 10:00:00+00:00,122105.0
2025-10-09 11:00:00+00:00,122677.0
2025-10-09 12:00:00+00:00,123503.0
2025-10-09 13:00:00+00:00,122354.0
2025-10-09 14:00:00+00:00,121265.0
2025-10-09 15:00:00+00:00,121084.0
2025-10-09 16:00:00+00:00,119751.0
2025-10-09 17:00:00+00:00,120916.0
2025-10-09 18:00:00+00:00,120593.0
2025-10-09 19:00:00+00:00,120902.0
2025-10-09 20:00:00+00:00,121053.0
2025-10-09 21:00:00+00:00,121430.0
2025-10-09 22:00:00+00:00,121647.0
2025-10-09 23:00:00+00:00,121603.0
2025-10-10 00:00:00+00:00,121710.0
2025-10-10 01:00:00+00:00,121609.0
2025-10-10 02:00:00+00:00,121041.0
2025-10-10 03:00:00+00:00,121002.0
2025-10-10 04:00:00+00:00,121211.0
2025-10-10 05:00:00+00:00,121545.0
2025-10-10 06:00:00+00:00,121330.0
2025-10-10 07:00:00+00:00,120904.0
2025-10-10 08:00:00+00:00,121575.0
2025-10-10 09:00:00+00:00,121267.0
2025-10-10 10:00:00+00:00,121446.0
2025-10-10 11:00:00+00:00,121497.0
2025-10-10 12:00:00+00:00,121553.0
2025-10-10 13:00:00+00:00,121601.0
2025-10-10 14:00:00+00:00,120408.0
2025-10-10 15:00:00+00:00,118963.0
2025-10-10 16:00:00+00:00,118155.0
2025-10-10 17:00:00+00:00,117585.0
2025-10-10 18:00:00+00:00,117162.0
2025-10-10 19:00:00+00:00,116607.0
2025-10-10 20:00:00+00:00,114226.0
2025-10-10 21:00:00+00:00,113183.0
2025-10-10 22:00:00+00:00,113514.0
2025-10-10 23:00:00+00:00,112733.0
2025-10-11 00:00:00+00:00,112443.0
2025-10-11 01:00:00+00:00,111032.0
2025-10-11 02:00:00+00:00,113158.0
2025-10-11 03:00:00+00:00,112266.0
2025-10-11 04:00:00+00:00,112917.0
2025-10-11 05:00:00+00:00,112348.0
2025-10-11 06:00:00+00:00,111995.0
2025-10-11 07:00:00+00:00,110360.0
2025-10-11 08:00:00+00:00,111287.0
2025-10-11 09:00:00+00:00,111599.0
2025-10-11 10:00:00+00:00,112080.0
2025-10-11 11:00:00+00:00,112238.0
2025-10-11 12:00:00+00:00,112348.0
2025-10-11 13:00:00+00:00,112233.0
2025-10-11 14:00:00+00:00,111935.0
2025-10-11 15:00:00+00:00,111740.0
2025-10-11 16:00:00+00:00,111811.0
2025-10-11 17:00:00+00:00,111947.0
2025-10-11 18:00:00+00:00,111901.0
2025-10-11 19:00:00+00:00,111126.0
2025-10-11 20:00:00+00:00,110195.0
2025-10-11 21:00:00+00:00,110835.0
2025-10-11 22:00:00+00:00,110978.0
2025-10-11 23:00:00+00:00,110600.0
2025-10-12 00:00:00+00:00,109589.0
2025-10-12 01:00:00+00:00,109920.0
2025-10-12 02:00:00+00:00,110061.0
2025-10-12 03:00:00+00:00,110638.0
2025-10-12 04:00:00+00:00,111469.0
2025-10-12 05:00:00+00:00,111650.0
2025-10-12 06:00:00+00:00,111634.0
2025-10-12 07:00:00+00:00,111467.0
2025-10-12 08:00:00+00:00,111256.0
2025-10-12 09:00:00+00:00,111777.0
2025-10-12 10:00:00+00:00,111590.0
2025-10-12 11:00:00+00:00,111787.0
2025-10-12 12:00:00+00:00,111734.0
2025-10-12 13:00:00+00:00,111249.0
2025-10-12 14:00:00+00:00,112338.0
2025-10-12 15:00:00+00:00,113167.0
2025-10-12 16:00:00+00:00,114040.0
2025-10-12 17:00:00+00:00,113780.0
2025-10-12 18:00:00+00:00,113824.0
2025-10-12 19:00:00+00:00,114299.0
2025-10-12 20:00:00+00:00,114879.0
2025-10-12 21:00:00+00:00,114855.0
2025-10-12 22:00:00+00:00,115179.0
2025-10-12 23:00:00+00:00,114909.0
2025-10-13 00:00:00+00:00,115234.0
2025-10-13 01:00:00+00:00,115665.0
2025-10-13 02:00:00+00:00,115285.0
2025-10-13 03:00:00+00:00,114793.0
2025-10-13 04:00:00+00:00,114674.0
2025-10-13 05:00:00+00:00,114573.0
2025-10-13 06:00:00+00:00,115180.0
2025-10-13 07:00:00+00:00,115350.0
2025-10-13 08:00:00+00:00,115209.0
2025-10-13 09:00:00+00:00,115071.0
2025-10-13 10:00:00+00:00,114764.0
2025-10-13 11:00:00+00:00,114140.0
2025-10-13 12:00:00+00:00,114361.0
2025-10-13 13:00:00+00:00,115303.0
2025-10-13 14:00:00+00:00,113977.0
2025-10-13 15:00:00+00:00,114268.0
2025-10-13 16:00:00+00:00,114600.0
2025-10-13 17:00:00+00:00,115002.0
2025-10-13 18:00:00+00:00,115104.0
2025-10-13 19:00:00+00:00,115750.0
2025-10-13 20:00:00+00:00,115661.0
2025-10-13 21:00:00+00:00,115668.0
2025-10-13 22:00:00+00:00,115458.0
2025-10-13 23:00:00+00:00,115117.0
2025-10-14 00:00:00+00:00,114914.0
2025-10-14 01:00:00+00:00,114220.0
2025-10-14 02:00:00+00:00,113561.0
2025-10-14 03:00:00+00:00,113431.0
2025-10-14 04:00:00+00:00,113018.0
2025-10-14 05:00:00+00:00,112426.0
2025-10-14 06:00:00+00:00,111914.0
2025-10-14 07:00:00+00:00,111660.0
2025-10-14 08:00:00+00:00,111742.0
2025-10-14 09:00:00+00:00,111231.0
2025-10-14 10:00:00+00:00,110557.0
2025-10-14 11:00:00+00:00,111246.0
2025-10-14 12:00:00+00:00,110749.0
2025-10-14 13:00:00+00:00,110955.0
2025-10-14 14:00:00+00:00,111383.0
2025-10-14 15:00:00+00:00,112863.0
2025-10-14 16:00:00+00:00,112296.0
2025-10-14 17:00:00+00:00,112744.0
2025-10-14 18:00:00+00:00,112790.0
2025-10-14 19:00:00+00:00,112545.0
2025-10-14 20:00:00+00:00,112941.0
2025-10-14 21:00:00+00:00,113064.0
2025-10-14 22:00:00+00:00,113141.0
2025-10-14 23:00:00+00:00,112973.0
2025-10-15 00:00:00+00:00,112927.0
2025-10-15 01:00:00+00:00,112678.0
2025-10-15 02:00:00+00:00,112768.0
2025-10-15 03:00:00+00:00,111968.0
2025-10-15 04:00:00+00:00,112297.0
2025-10-15 05:00:00+00:00,112375.0
2025-10-15 06:00:00+00:00,112399.0
2025-10-15 07:00:00+00:00,112525.0
2025-10-15 08:00:00+00:00,112888.0
2025-10-15 09:00:00+00:00,112497.0
2025-10-15 10:00:00+00:00,112200.0
2025-10-15 11:00:00+00:00,111840.0
2025-10-15 12:00:00+00:00,111654.0
2025-10-15 13:00:00+00:00,111331.0
2025-10-15 14:00:00+00:00,111004.0
2025-10-15 15:00:00+00:00,110748.0
2025-10-15 16:00:00+00:00,110691.0
2025-10-15 17:00:00+00:00,111132.0
2025-10-15 18:00:00+00:00,111381.0
2025-10-15 19:00:00+00:00,111211.0
2025-10-15 20:00:00+00:00,111059.0
2025-10-15 21:00:00+00:00,110794.0
2025-10-15 22:00:00+00:00,110601.0
2025-10-15 23:00:00+00:00,110706.0
2025-10-16 00:00:00+00:00,110380.0
2025-10-16 01:00:00+00:00,111262.0
2025-10-16 02:00:00+00:00,111470.0
2025-10-16 03:00:00+00:00,111289.0
2025-10-16 04:00:00+00:00,110917.0
2025-10-16 05:00:00+00:00,110880.0
2025-10-16 06:00:00+00:00,111624.0
2025-10-16 07:00:00+00:00,110517.0
2025-10-16 08:00:00+00:00,110753.0
2025-10-16 09:00:00+00:00,111102.0
2025-10-16 10:00:00+00:00,111425.0
2025-10-16 11:00:00+00:00,111360.0
2025-10-16 12:00:00+00:00,111466.0
2025-10-16 13:00:00+00:00,110788.0
2025-10-16 14:00:00+00:00,110446.0
2025-10-16 15:00:00+00:00,108464.0
2025-10-16 16:00:00+00:00,109198.0
2025-10-16 17:00:00+00:00,108227.0
2025-10-16 18:00:00+00:00,108605.0
2025-10-16 19:00:00+00:00,108152.0
2025-10-16 20:00:00+00:00,107788.0
2025-10-16 21:00:00+00:00,108382.0
2025-10-16 22:00:00+00:00,107737.0
2025-10-16 23:00:00+00:00,108138.0
2025-10-17 00:00:00+00:00,108760.0
2025-10-17 01:00:00+00:00,108783.0
2025-10-17 02:00:00+00:00,108933.0
2025-10-17 03:00:00+00:00,109128.0
2025-10-17 04:00:00+00:00,108730.0
2025-10-17 05:00:00+00:00,108331.0
2025-10-17 06:00:00+00:00,106697.0
2025-10-17 07:00:00+00:00,105562.0
2025-10-17 08:00:00+00:00,104835.0
2025-10-17 09:00:00+00:00,104474.0
2025-10-17 10:00:00+00:00,104710.0
2025-10-17 11:00:00+00:00,105629.0
2025-10-17 12:00:00+00:00,105296.0
2025-10-17 13:00:00+00:00,105792.0
2025-10-17 14:00:00+00:00,105118.0
2025-10-17 15:00:00+00:00,106730.0
2025-10-17 16:00:00+00:00,106325.0
2025-10-17 17:00:00+00:00,106382.0
2025-10-17 18:00:00+00:00,106586.0
2025-10-17 19:00:00+00:00,106404.0
2025-10-17 20:00:00+00:00,106974.0
2025-10-17 21:00:00+00:00,107233.0
2025-10-17 22:00:00+00:00,106929.0
2025-10-17 23:00:00+00:00,106365.0
2025-10-18 00:00:00+00:00,106791.0
2025-10-18 01:00:00+00:00,107097.0
2025-10-18 02:00:00+00:00,106531.0
2025-10-18 03:00:00+00:00,107018.0
2025-10-18 04:00:00+00:00,106415.0
2025-10-18 05:00:00+00:00,106757.0
2025-10-18 06:00:00+00:00,106791.0
2025-10-18 07:00:00+00:00,106654.0
2025-10-18 08:00:00+00:00,106674.0
2025-10-18 09:00:00+00:00,106848.0
2025-10-18 10:00:00+00:00,106878.0
2025-10-18 11:00:00+00:00,107163.0
2025-10-18 12:00:00+00:00,107019.0
2025-10-18 13:00:00+00:00,106854.0
2025-10-18 14:00:00+00:00,106993.0
2025-10-18 15:00:00+00:00,106895.0
2025-10-18 16:00:00+00:00,106611.0
2025-10-18 17:00:00+00:00,106832.0
2025-10-18 18:00:00+00:00,106810.0
2025-10-18 19:00:00+00:00,107026.0
2025-10-18 20:00:00+00:00,106950.0
2025-10-18 21:00:00+00:00,107108.0
2025-10-18 22:00:00+00:00,107073.0
2025-10-18 23:00:00+00:00,107123.0
2025-10-19 00:00:00+00:00,106850.0
2025-10-19 01:00:00+00:00,106936.0
2025-10-19 02:00:00+00:00,106804.0
2025-10-19 03:00:00+00:00,107225.0
2025-10-19 04:00:00+00:00,107001.0
2025-10-19 05:00:00+00:00,106838.0
2025-10-19 06:00:00+00:00,106724.0
2025-10-19 07:00:00+00:00,106738.0
2025-10-19 08:00:00+00:00,106393.0
2025-10-19 09:00:00+00:00,107358.0
2025-10-19 10:00:00+00:00,107840.0
2025-10-19 11:00:00+00:00,107750.0
2025-10-19 12:00:00+00:00,107629.0
2025-10-19 13:00:00+00:00,108050.0
2025-10-19 14:00:00+00:00,108372.0
2025-10-19 15:00:00+00:00,108449.0
2025-10-19 16:00:00+00:00,108590.0
2025-10-19 17:00:00+00:00,109061.0
2025-10-19 18:00:00+00:00,109331.0
2025-10-19 19:00:00+00:00,108853.0
2025-10-19 20:00:00+00:00,108782.0
2025-10-19 21:00:00+00:00,108697.0
2025-10-19 22:00:00+00:00,109100.0
2025-10-19 23:00:00+00:00,108598.0
2025-10-20 00:00:00+00:00,108005.0
2025-10-20 01:00:00+00:00,108006.0
2025-10-20 02:00:00+00:00,108717.0
2025-10-20 03:00:00+00:00,110099.0
2025-10-20 04:00:00+00:00,110381.0
2025-10-20 05:00:00+00:00,110997.0
2025-10-20 06:00:00+00:00,111252.0
2025-10-20 07:00:00+00:00,111149.0
2025-10-20 08:00:00+00:00,111062.0
2025-10-20 09:00:00+00:00,110936.0
2025-10-20 10:00:00+00:00,110710.0
2025-10-20 11:00:00+00:00,110987.0
2025-10-20 12:00:00+00:00,110814.0
2025-10-20 13:00:00+00:00,111130.0
2025-10-20 14:00:00+00:00,111181.0
2025-10-20 15:00:00+00:00,111106.0
2025-10-20 16:00:00+00:00,110641.0
2025-10-20 17:00:00+00:00,110251.0
2025-10-20 18:00:00+00:00,110884.0
2025-10-20 19:00:00+00:00,110755.0
2025-10-20 20:00:00+00:00,111057.0
2025-10-20 21:00:00+00:00,110519.0
2025-10-20 22:00:00+00:00,110746.0
2025-10-20 23:00:00+00:00,110490.0
2025-10-21 00:00:00+00:00,110402.0
2025-10-21 01:00:00+00:00,109817.0
2025-10-21 02:00:00+00:00,109473.0
2025-10-21 03:00:00+00:00,109024.0
2025-10-21 04:00:00+00:00,107748.0
2025-10-21 05:00:00+00:00,107495.0
2025-10-21 06:00:00+00:00,107856.0
2025-10-21 07:00:00+00:00,108023.0
2025-10-21 08:00:00+00:00,107651.0
2025-10-21 09:00:00+00:00,107709.0
2025-10-21 10:00:00+00:00,108443.0
2025-10-21 11:00:00+00:00,108522.0
2025-10-21 12:00:00+00:00,108737.0
2025-10-21 13:00:00+00:00,108390.0
2025-10-21 14:00:00+00:00,112160.0
2025-10-21 15:00:00+00:00,113400.0
2025-10-21 16:00:00+00:00,112534.0
2025-10-21 17:00:00+00:00,111978.0
2025-10-21 18:00:00+00:00,111950.0
2025-10-21 19:00:00+00:00,111737.0
2025-10-21 20:00:00+00:00,110740.0
2025-10-21 21:00:00+00:00,110769.0
2025-10-21 22:00:00+00:00,109008.0
2025-10-21 23:00:00+00:00,108241.0
2025-10-22 00:00:00+00:00,107914.0
2025-10-22 01:00:00+00:00,108308.0
2025-10-22 02:00:00+00:00,108154.0
2025-10-22 03:00:00+00:00,108164.0
2025-10-22 04:00:00+00:00,108570.0
2025-10-22 05:00:00+00:00,108125.0
2025-10-22 06:00:00+00:00,107936.0
2025-10-22 07:00:00+00:00,108280.0
2025-10-22 08:00:00+00:00,108187.0
2025-10-22 09:00:00+00:00,107916.0
2025-10-22 10:00:00+00:00,107612.0
2025-10-22 11:00:00+00:00,107485.0
2025-10-22 12:00:00+00:00,107988.0
2025-10-22 13:00:00+00:00,108735.0
2025-10-22 14:00:00+00:00,108927.0
2025-10-22 15:00:00+00:00,108365.0
2025-10-22 16:00:00+00:00,108173.0
2025-10-22 17:00:00+00:00,107737.0
2025-10-22 18:00:00+00:00,107979.0
2025-10-22 19:00:00+00:00,107825.0
2025-10-22 20:00:00+00:00,107646.0
2025-10-22 21:00:00+00:00,107159.0
2025-10-22 22:00:00+00:00,107142.0
2025-10-22 23:00:00+00:00,107523.0
2025-10-23 00:00:00+00:00,107820.0
2025-10-23 01:00:00+00:00,108115.0
2025-10-23 02:00:00+00:00,108386.0
2025-10-23 03:00:00+00:00,108342.0
2025-10-23 04:00:00+00:00,108601.0
2025-10-23 05:00:00+00:00,108905.0
2025-10-23 06:00:00+00:00,110201.0
2025-10-23 07:00:00+00:00,109233.0
2025-10-23 08:00:00+00:00,109462.0
2025-10-23 09:00:00+00:00,109393.0
2025-10-23 10:00:00+00:00,109388.0
2025-10-23 11:00:00+00:00,109209.0
2025-10-23 12:00:00+00:00,109130.0
2025-10-23 13:00:00+00:00,109448.0
2025-10-23 14:00:00+00:00,109552.0
2025-10-23 15:00:00+00:00,109867.0
2025-10-23 16:00:00+00:00,110217.0
2025-10-23 17:00:00+00:00,111209.0
2025-10-23 18:00:00+00:00,110526.0
2025-10-23 19:00:00+00:00,110139.0
2025-10-23 20:00:00+00:00,109448.0
2025-10-23 21:00:00+00:00,109491.0
2025-10-23 22:00:00+00:00,109870.0
2025-10-23 23:00:00+00:00,110015.0
2025-10-24 00:00:00+00:00,110447.0
2025-10-24 01:00:00+00:00,110540.0
2025-10-24 02:00:00+00:00,110528.0
2025-10-24 03:00:00+00:00,110412.0
2025-10-24 04:00:00+00:00,111123.0
2025-10-24 05:00:00+00:00,111214.0
2025-10-24 06:00:00+00:00,111440.0
2025-10-24 07:00:00+00:00,111035.0
2025-10-24 08:00:00+00:00,111056.0
2025-10-24 09:00:00+00:00,111306.0
2025-10-24 10:00:00+00:00,111092.0
2025-10-24 11:00:00+00:00,111036.0
2025-10-24 12:00:00+00:00,111269.0
2025-10-24 13:00:00+00:00,110880.0
2025-10-24 14:00:00+00:00,110160.0
2025-10-24 15:00:00+00:00,109995.0
2025-10-24 16:00:00+00:00,110219.0
2025-10-24 17:00:00+00:00,110155.0
2025-10-24 18:00:00+00:00,110551.0
2025-10-24 19:00:00+00:00,110566.0
2025-10-24 20:00:00+00:00,110841.0
2025-10-24 21:00:00+00:00,111030.0
2025-10-24 22:00:00+00:00,110970.0
2025-10-24 23:00:00+00:00,110965.0
2025-10-25 00:00:00+00:00,110731.0
2025-10-25 01:00:00+00:00,111028.0
2025-10-25 02:00:00+00:00,110982.0
2025-10-25 03:00:00+00:00,110974.0
2025-10-25 04:00:00+00:00,111185.0
2025-10-25 05:00:00+00:00,111345.0
2025-10-25 06:00:00+00:00,111318.0
2025-10-25 07:00:00+00:00,111464.0
2025-10-25 08:00:00+00:00,111741.0
2025-10-25 09:00:00+00:00,111495.0
2025-10-25 10:00:00+00:00,111530.0
2025-10-25 11:00:00+00:00,111543.0
2025-10-25 12:00:00+00:00,111876.0
2025-10-25 13:00:00+00:00,111640.0
2025-10-25 14:00:00+00:00,111562.0
2025-10-25 15:00:00+00:00,111349.0
2025-10-25 16:00:00+00:00,111337.0
2025-10-25 17:00:00+00:00,111333.0
2025-10-25 18:00:00+00:00,111679.0
2025-10-25 19:00:00+00:00,111587.0
2025-10-25 20:00:00+00:00,111400.0
2025-10-25 21:00:00+00:00,111436.0
2025-10-25 22:00:00+00:00,111574.0
2025-10-25 23:00:00+00:00,111588.0
2025-10-26 00:00:00+00:00,111675.0
2025-10-26 01:00:00+00:00,111598.0
2025-10-26 02:00:00+00:00,111408.0
2025-10-26 03:00:00+00:00,111215.0
2025-10-26 04:00:00+00:00,111378.0
2025-10-26 05:00:00+00:00,111558.0
2025-10-26 06:00:00+00:00,111575.0
2025-10-26 07:00:00+00:00,111682.0
2025-10-26 08:00:00+00:00,111735.0
2025-10-26 09:00:00+00:00,112491.0
2025-10-26 10:00:00+00:00,112442.0
2025-10-26 11:00:00+00:00,113256.0
2025-10-26 12:00:00+00:00,113540.0
2025-10-26 13:00:00+00:00,113688.0
2025-10-26 14:00:00+00:00,113543.0
2025-10-26 15:00:00+00:00,113655.0
2025-10-26 16:00:00+00:00,113484.0
2025-10-26 17:00:00+00:00,113400.0
2025-10-26 18:00:00+00:00,113555.0
2025-10-26 19:00:00+00:00,113560.0
2025-10-26 20:00:00+00:00,113263.0
2025-10-26 21:00:00+00:00,113452.0
2025-10-26 22:00:00+00:00,114644.0
2025-10-26 23:00:00+00:00,114499.0
2025-10-27 00:00:00+00:00,114720.0
2025-10-27 01:00:00+00:00,115233.0
2025-10-27 02:00:00+00:00,114833.0
2025-10-27 03:00:00+00:00,114943.0
2025-10-27 04:00:00+00:00,115230.0
2025-10-27 05:00:00+00:00,115504.0
2025-10-27 06:00:00+00:00,116002.0
2025-10-27 07:00:00+00:00,115518.0
2025-10-27 08:00:00+00:00,115000.0
2025-10-27 09:00:00+00:00,115195.0
2025-10-27 10:00:00+00:00,115400.0
2025-10-27 11:00:00+00:00,115303.0
2025-10-27 12:00:00+00:00,115012.0
2025-10-27 13:00:00+00:00,115217.0
2025-10-27 14:00:00+00:00,114753.0
2025-10-27 15:00:00+00:00,114916.0
2025-10-27 16:00:00+00:00,115445.0
2025-10-27 17:00:00+00:00,115651.0
2025-10-27 18:00:00+00:00,115288.0
2025-10-27 19:00:00+00:00,114896.0
2025-10-27 20:00:00+00:00,114399.0
2025-10-27 21:00:00+00:00,114235.0
2025-10-27 22:00:00+00:00,114066.0
2025-10-27 23:00:00+00:00,114062.0
2025-10-28 00:00:00+00:00,113925.0
2025-10-28 01:00:00+00:00,114370.0
2025-10-28 02:00:00+00:00,113876.0
2025-10-28 03:00:00+00:00,113860.0
2025-10-28 04:00:00+00:00,113901.0
2025-10-28 05:00:00+00:00,113556.0
2025-10-28 06:00:00+00:00,114062.0
2025-10-28 07:00:00+00:00,114136.0
2025-10-28 08:00:00+00:00,114372.0
2025-10-28 09:00:00+00:00,114468.0
2025-10-28 10:00:00+00:00,114549.0
2025-10-28 11:00:00+00:00,114297.0
2025-10-28 12:00:00+00:00,114410.0
2025-10-28 13:00:00+00:00,115482.0
2025-10-28 14:00:00+00:00,115028.0
2025-10-28 15:00:00+00:00,114593.0
2025-10-28 16:00:00+00:00,115292.0
2025-10-28 17:00:00+00:00,115268.0
2025-10-28 18:00:00+00:00,114985.0
2025-10-28 19:00:00+00:00,113620.0
2025-10-28 20:00:00+00:00,112729.0
2025-10-28 21:00:00+00:00,112930.0
2025-10-28 22:00:00+00:00,113158.0
2025-10-28 23:00:00+00:00,112836.0
2025-10-29 00:00:00+00:00,112376.0
2025-10-29 01:00:00+00:00,112430.0
2025-10-29 02:00:00+00:00,112611.0
2025-10-29 03:00:00+00:00,112452.0
2025-10-29 04:00:00+00:00,112752.0
2025-10-29 05:00:00+00:00,112969.0
2025-10-29 06:00:00+00:00,113233.0
2025-10-29 07:00:00+00:00,113515.0
2025-10-29 08:00:00+00:00,113004.0
2025-10-29 09:00:00+00:00,112919.0
2025-10-29 10:00:00+00:00,112814.0
2025-10-29 11:00:00+00:00,113087.0
2025-10-29 12:00:00+00:00,113108.0
2025-10-29 13:00:00+00:00,112814.0
2025-10-29 14:00:00+00:00,112431.0
2025-10-29 15:00:00+00:00,111454.0
2025-10-29 16:00:00+00:00,111056.0
2025-10-29 17:00:00+00:00,111811.0
2025-10-29 18:00:00+00:00,110754.0
2025-10-29 19:00:00+00:00,110601.0
2025-10-29 20:00:00+00:00,111383.0
2025-10-29 21:00:00+00:00,111573.0
2025-10-29 22:00:00+00:00,110968.0
2025-10-29 23:00:00+00:00,109949.0
2025-10-30 00:00:00+00:00,110497.0
2025-10-30 01:00:00+00:00,110400.0
2025-10-30 02:00:00+00:00,110928.0
2025-10-30 03:00:00+00:00,110694.0
2025-10-30 04:00:00+00:00,108498.0
2025-10-30 05:00:00+00:00,110202.0
2025-10-30 06:00:00+00:00,110730.0
2025-10-30 07:00:00+00:00,111325.0
2025-10-30 08:00:00+00:00,110669.0
2025-10-30 09:00:00+00:00,110122.0
2025-10-30 10:00:00+00:00,110060.0
2025-10-30 11:00:00+00:00,109659.0
2025-10-30 12:00:00+00:00,108327.0
2025-10-30 13:00:00+00:00,107560.0
2025-10-30 14:00:00+00:00,108208.0
2025-10-30 15:00:00+00:00,107662.0
2025-10-30 16:00:00+00:00,108103.0
2025-10-30 17:00:00+00:00,107433.0
2025-10-30 18:00:00+00:00,106775.0
2025-10-30 19:00:00+00:00,106482.0
2025-10-30 20:00:00+00:00,107448.0
2025-10-30 21:00:00+00:00,107877.0
2025-10-30 22:00:00+00:00,107880.0
2025-10-30 23:00:00+00:00,108262.0
2025-10-31 00:00:00+00:00,109289.0
2025-10-31 01:00:00+00:00,109590.0
2025-10-31 02:00:00+00:00,108816.0
2025-10-31 03:00:00+00:00,109188.0
2025-10-31 04:00:00+00:00,110046.0
2025-10-31 05:00:00+00:00,109867.0
2025-10-31 06:00:00+00:00,109598.0
2025-10-31 07:00:00+00:00,109399.0
2025-10-31 08:00:00+00:00,110028.0
2025-10-31 09:00:00+00:00,109823.0
2025-10-31 10:00:00+00:00,109773.0
2025-10-31 11:00:00+00:00,110375.0
2025-10-31 12:00:00+00:00,109614.0
2025-10-31 13:00:00+00:00,110113.0
2025-10-31 14:00:00+00:00,110725.0
2025-10-31 15:00:00+00:00,110133.0
2025-10-31 16:00:00+00:00,108775.0
2025-10-31 17:00:00+00:00,109245.0
2025-10-31 18:00:00+00:00,109388.0
2025-10-31 19:00:00+00:00,109798.0
2025-10-31 20:00:00+00:00,109432.0
2025-10-31 21:00:00+00:00,109519.0
2025-10-31 22:00:00+00:00,109530.0
2025-10-31 23:00:00+00:00,109547.0
2025-11-01 00:00:00+00:00,109668.0
2025-11-01 01:00:00+00:00,109670.0
2025-11-01 02:00:00+00:00,109727.0
2025-11-01 03:00:00+00:00,110184.0
2025-11-01 04:00:00+00:00,110237.0
2025-11-01 05:00:00+00:00,110079.0
2025-11-01 06:00:00+00:00,109949.0
2025-11-01 07:00:00+00:00,110027.0
2025-11-01 08:00:00+00:00,110192.0
2025-11-01 09:00:00+00:00,109950.0
2025-11-01 10:00:00+00:00,110120.0
2025-11-01 11:00:00+00:00,110106.0
2025-11-01 12:00:00+00:00,109968.0
2025-11-01 13:00:00+00:00,109900.0
2025-11-01 14:00:00+00:00,109884.0
2025-11-01 15:00:00+00:00,110255.0
2025-11-01 16:00:00+00:00,110427.0
2025-11-01 17:00:00+00:00,110151.0
2025-11-01 18:00:00+00:00,110280.0
2025-11-01 19:00:00+00:00,110241.0
2025-11-01 20:00:00+00:00,110360.0
2025-11-01 21:00:00+00:00,109819.0
2025-11-01 22:00:00+00:00,110042.0
2025-11-01 23:00:00+00:00,110046.0
2025-11-02 00:00:00+00:00,109918.0
2025-11-02 01:00:00+00:00,109910.0
2025-11-02 02:00:00+00:00,109960.0
2025-11-02 03:00:00+00:00,110000.0
2025-11-02 04:00:00+00:00,110625.0
2025-11-02 05:00:00+00:00,110459.0
2025-11-02 06:00:00+00:00,110612.0
2025-11-02 07:00:00+00:00,110848.0
2025-11-02 08:00:00+00:00,110800.0
2025-11-02 09:00:00+00:00,110657.0
2025-11-02 10:00:00+00:00,110437.0
2025-11-02 11:00:00+00:00,111147.0
2025-11-02 12:00:00+00:00,110691.0
2025-11-02 13:00:00+00:00,110511.0
2025-11-02 14:00:00+00:00,110365.0
2025-11-02 15:00:00+00:00,110047.0
2025-11-02 16:00:00+00:00,110061.0
2025-11-02 17:00:00+00:00,110135.0
2025-11-02 18:00:00+00:00,110284.0
2025-11-02 19:00:00+00:00,110121.0
2025-11-02 20:00:00+00:00,110045.0
2025-11-02 21:00:00+00:00,109940.0
2025-11-02 22:00:00+00:00,109868.0
2025-11-02 23:00:00+00:00,110494.0
2025-11-03 00:00:00+00:00,109688.0
2025-11-03 01:00:00+00:00,109607.0
2025-11-03 02:00:00+00:00,108982.0
2025-11-03 03:00:00+00:00,107877.0
2025-11-03 04:00:00+00:00,107831.0
2025-11-03 05:00:00+00:00,107548.0
2025-11-03 06:00:00+00:00,107435.0
2025-11-03 07:00:00+00:00,107414.0
2025-11-03 08:00:00+00:00,107551.0
2025-11-03 09:00:00+00:00,107163.0
2025-11-03 10:00:00+00:00,106933.0
2025-11-03 11:00:00+00:00,107744.0
2025-11-03 12:00:00+00:00,107711.0
2025-11-03 13:00:00+00:00,107858.0
2025-11-03 14:00:00+00:00,108011.0
2025-11-03 15:00:00+00:00,105701.0
2025-11-03 16:00:00+00:00,106636.0
2025-11-03 17:00:00+00:00,107427.0
2025-11-03 18:00:00+00:00,106906.0
2025-11-03 19:00:00+00:00,107041.0
2025-11-03 20:00:00+00:00,106613.0
2025-11-03 21:00:00+00:00,106840.0
2025-11-03 22:00:00+00:00,106444.0
2025-11-03 23:00:00+00:00,106537.0
2025-11-04 00:00:00+00:00,106417.0
2025-11-04 01:00:00+00:00,106987.0
2025-11-04 02:00:00+00:00,106414.0
2025-11-04 03:00:00+00:00,107093.0
2025-11-04 04:00:00+00:00,106696.0
2025-11-04 05:00:00+00:00,104154.0
2025-11-04 06:00:00+00:00,104701.0
2025-11-04 07:00:00+00:00,104432.0
2025-11-04 08:00:00+00:00,104012.0
2025-11-04 09:00:00+00:00,103816.0
2025-11-04 10:00:00+00:00,103776.0
2025-11-04 11:00:00+00:00,104532.0
2025-11-04 12:00:00+00:00,103905.0
2025-11-04 13:00:00+00:00,103865.0
2025-11-04 14:00:00+00:00,104459.0
2025-11-04 15:00:00+00:00,103153.0
2025-11-04 16:00:00+00:00,102216.0
2025-11-04 17:00:00+00:00,101065.0
2025-11-04 18:00:00+00:00,101319.0
2025-11-04 19:00:00+00:00,100491.0
2025-11-04 20:00:00+00:00,100716.0
2025-11-04 21:00:00+00:00,100265.0
2025-11-04 22:00:00+00:00,101266.0
2025-11-04 23:00:00+00:00,101442.0
2025-11-05 00:00:00+00:00,100529.0
2025-11-05 01:00:00+00:00,100715.0
2025-11-05 02:00:00+00:00,101639.0
2025-11-05 03:00:00+00:00,102094.0
2025-11-05 04:00:00+00:00,101947.0
2025-11-05 05:00:00+00:00,101770.0
2025-11-05 06:00:00+00:00,102069.0
2025-11-05 07:00:00+00:00,101945.0
2025-11-05 08:00:00+00:00,101651.0
2025-11-05 09:00:00+00:00,101950.0
2025-11-05 10:00:00+00:00,101345.0
2025-11-05 11:00:00+00:00,102025.0
2025-11-05 12:00:00+00:00,102616.0
2025-11-05 13:00:00+00:00,102916.0
2025-11-05 14:00:00+00:00,103147.0
2025-11-05 15:00:00+00:00,103677.0
2025-11-05 16:00:00+00:00,103871.0
2025-11-05 17:00:00+00:00,103859.0
2025-11-05 18:00:00+00:00,104294.0
2025-11-05 19:00:00+00:00,103950.0
2025-11-05 20:00:00+00:00,103790.0
2025-11-05 21:00:00+00:00,103624.0
2025-11-05 22:00:00+00:00,103656.0
2025-11-05 23:00:00+00:00,103836.0
2025-11-06 00:00:00+00:00,103641.0
2025-11-06 01:00:00+00:00,103318.0
2025-11-06 02:00:00+00:00,103272.0
2025-11-06 03:00:00+00:00,103604.0
2025-11-06 04:00:00+00:00,103990.0
2025-11-06 05:00:00+00:00,103102.0
2025-11-06 06:00:00+00:00,103267.0
2025-11-06 07:00:00+00:00,103128.0
2025-11-06 08:00:00+00:00,103158.0
2025-11-06 09:00:00+00:00,102756.0
2025-11-06 10:00:00+00:00,103089.0
2025-11-06 11:00:00+00:00,103200.0
2025-11-06 12:00:00+00:00,102520.0
2025-11-06 13:00:00+00:00,103283.0
2025-11-06 14:00:00+00:00,102079.0
2025-11-06 15:00:00+00:00,101965.0
2025-11-06 16:00:00+00:00,100807.0
2025-11-06 17:00:00+00:00,101741.0
2025-11-06 18:00:00+00:00,101665.0
2025-11-06 19:00:00+00:00,101327.0
2025-11-06 20:00:00+00:00,100868.0
2025-11-06 21:00:00+00:00,101066.0
2025-11-06 22:00:00+00:00,101351.0
2025-11-06 23:00:00+00:00,101297.0
2025-11-07 00:00:00+00:00,101425.0
2025-11-07 01:00:00+00:00,101486.0
2025-11-07 02:00:00+00:00,101865.0
2025-11-07 03:00:00+00:00,101859.0
2025-11-07 04:00:00+00:00,101978.0
2025-11-07 05:00:00+00:00,102413.0
2025-11-07 06:00:00+00:00,101775.0
2025-11-07 07:00:00+00:00,101972.0
2025-11-07 08:00:00+00:00,101459.0
2025-11-07 09:00:00+00:00,100967.0
2025-11-07 10:00:00+00:00,100718.0
2025-11-07 11:00:00+00:00,100340.0
2025-11-07 12:00:00+00:00,99590.0
2025-11-07 13:00:00+00:00,100292.0
2025-11-07 14:00:00+00:00,100745.0
2025-11-07 15:00:00+00:00,100756.0
2025-11-07 16:00:00+00:00,101118.0
2025-11-07 17:00:00+00:00,102358.0
2025-11-07 18:00:00+00:00,102566.0
2025-11-07 19:00:00+00:00,103367.0
2025-11-07 20:00:00+00:00,103730.0
2025-11-07 21:00:00+00:00,103840.0
2025-11-07 22:00:00+00:00,103580.0
2025-11-07 23:00:00+00:00,103301.0
2025-11-08 00:00:00+00:00,102661.0
2025-11-08 01:00:00+00:00,102950.0
2025-11-08 02:00:00+00:00,102796.0
2025-11-08 03:00:00+00:00,102521.0
2025-11-08 04:00:00+00:00,102510.0
2025-11-08 05:00:00+00:00,102256.0
2025-11-08 06:00:00+00:00,102175.0
2025-11-08 07:00:00+00:00,102293.0
2025-11-08 08:00:00+00:00,102375.0
2025-11-08 09:00:00+00:00,102341.0
2025-11-08 10:00:00+00:00,102422.0
2025-11-08 11:00:00+00:00,101804.0
2025-11-08 12:00:00+00:00,102004.0
2025-11-08 13:00:00+00:00,101750.0
2025-11-08 14:00:00+00:00,101779.0
2025-11-08 15:00:00+00:00,101670.0
2025-11-08 16:00:00+00:00,101806.0
2025-11-08 17:00:00+00:00,101933.0
2025-11-08 18:00:00+00:00,102075.0
2025-11-08 19:00:00+00:00,101940.0
2025-11-08 20:00:00+00:00,102025.0
2025-11-08 21:00:00+00:00,102224.0
2025-11-08 22:00:00+00:00,102331.0
2025-11-08 23:00:00+00:00,102269.0
2025-11-09 00:00:00+00:00,101748.0
2025-11-09 01:00:00+00:00,101997.0
2025-11-09 02:00:00+00:00,101583.0
2025-11-09 03:00:00+00:00,101609.0
2025-11-09 04:00:00+00:00,101674.0
2025-11-09 05:00:00+00:00,101884.0
2025-11-09 06:00:00+00:00,101711.0
2025-11-09 07:00:00+00:00,101916.0
2025-11-09 08:00:00+00:00,101949.0
2025-11-09 09:00:00+00:00,101595.0
2025-11-09 10:00:00+00:00,101835.0
2025-11-09 11:00:00+00:00,102209.0
2025-11-09 12:00:00+00:00,102052.0
2025-11-09 13:00:00+00:00,102872.0
2025-11-09 14:00:00+00:00,103000.0
2025-11-09 15:00:00+00:00,103715.0
2025-11-09 16:00:00+00:00,103815.0
2025-11-09 17:00:00+00:00,103600.0
2025-11-09 18:00:00+00:00,104486.0
2025-11-09 19:00:00+00:00,104777.0
2025-11-09 20:00:00+00:00,104586.0
2025-11-09 21:00:00+00:00,104487.0
2025-11-09 22:00:00+00:00,104696.0
2025-11-09 23:00:00+00:00,104665.0
2025-11-10 00:00:00+00:00,106260.0
2025-11-10 01:00:00+00:00,105670.0
2025-11-10 02:00:00+00:00,105960.0
2025-11-10 03:00:00+00:00,105982.0
2025-11-10 04:00:00+00:00,106116.0
2025-11-10 05:00:00+00:00,106056.0
2025-11-10 06:00:00+00:00,106173.0
2025-11-10 07:00:00+00:00,106432.0
2025-11-10 08:00:00+00:00,105927.0
2025-11-10 09:00:00+00:00,106405.0
2025-11-10 10:00:00+00:00,105948.0
2025-11-10 11:00:00+00:00,106133.0
2025-11-10 12:00:00+00:00,105900.0
2025-11-10 13:00:00+00:00,106507.0
2025-11-10 14:00:00+00:00,104848.0
2025-11-10 15:00:00+00:00,105026.0
2025-11-10 16:00:00+00:00,105185.0
2025-11-10 17:00:00+00:00,105903.0
2025-11-10 18:00:00+00:00,105427.0
2025-11-10 19:00:00+00:00,105766.0
2025-11-10 20:00:00+00:00,105953.0
2025-11-10 21:00:00+00:00,105563.0
2025-11-10 22:00:00+00:00,106007.0
2025-11-10 23:00:00+00:00,105970.0
2025-11-11 00:00:00+00:00,106088.0
2025-11-11 01:00:00+00:00,106050.0
2025-11-11 02:00:00+00:00,106597.0
2025-11-11 03:00:00+00:00,106412.0
2025-11-11 04:00:00+00:00,105697.0
2025-11-11 05:00:00+00:00,105192.0
2025-11-11 06:00:00+00:00,105201.0
2025-11-11 07:00:00+00:00,104731.0
2025-11-11 08:00:00+00:00,105106.0
2025-11-11 09:00:00+00:00,104911.0
2025-11-11 10:00:00+00:00,105114.0
2025-11-11 11:00:00+00:00,105259.0
2025-11-11 12:00:00+00:00,104497.0
2025-11-11 13:00:00+00:00,104352.0
2025-11-11 14:00:00+00:00,104516.0
2025-11-11 15:00:00+00:00,103421.0
2025-11-11 16:00:00+00:00,103371.0
2025-11-11 17:00:00+00:00,103300.0
2025-11-11 18:00:00+00:00,103359.0
2025-11-11 19:00:00+00:00,103083.0
2025-11-11 20:00:00+00:00,102786.0
2025-11-11 21:00:00+00:00,102601.0
2025-11-11 22:00:00+00:00,102942.0
2025-11-11 23:00:00+00:00,103010.0
2025-11-12 00:00:00+00:00,102829.0
2025-11-12 01:00:00+00:00,103196.0
2025-11-12 02:00:00+00:00,103098.0
2025-11-12 03:00:00+00:00,103273.0
2025-11-12 04:00:00+00:00,103200.0
2025-11-12 05:00:00+00:00,103347.0
2025-11-12 06:00:00+00:00,103306.0
2025-11-12 07:00:00+00:00,103075.0
2025-11-12 08:00:00+00:00,104106.0
2025-11-12 09:00:00+00:00,104482.0
2025-11-12 10:00:00+00:00,104860.0
2025-11-12 11:00:00+00:00,104999.0
2025-11-12 12:00:00+00:00,104953.0
2025-11-12 13:00:00+00:00,105010.0
2025-11-12 14:00:00+00:00,103947.0
2025-11-12 15:00:00+00:00,102111.0
2025-11-12 16:00:00+00:00,101391.0
2025-11-12 17:00:00+00:00,101694.0
2025-11-12 18:00:00+00:00,101491.0
2025-11-12 19:00:00+00:00,101241.0
2025-11-12 20:00:00+00:00,101491.0
2025-11-12 21:00:00+00:00,101876.0
2025-11-12 22:00:00+00:00,101926.0
2025-11-12 23:00:00+00:00,101596.0
2025-11-13 00:00:00+00:00,101814.0
2025-11-13 01:00:00+00:00,101954.0
2025-11-13 02:00:00+00:00,102009.0
2025-11-13 03:00:00+00:00,102080.0
2025-11-13 04:00:00+00:00,102063.0
2025-11-13 05:00:00+00:00,103091.0
2025-11-13 06:00:00+00:00,103545.0
2025-11-13 07:00:00+00:00,103428.0
2025-11-13 08:00:00+00:00,103630.0
2025-11-13 09:00:00+00:00,102792.0
2025-11-13 10:00:00+00:00,102945.0
2025-11-13 11:00:00+00:00,102889.0
2025-11-13 12:00:00+00:00,103094.0
2025-11-13 13:00:00+00:00,102274.0
2025-11-13 14:00:00+00:00,102822.0
2025-11-13 15:00:00+00:00,101314.0
2025-11-13 16:00:00+00:00,100570.0
2025-11-13 17:00:00+00:00,99591.0
2025-11-13 18:00:00+00:00,98536.0
2025-11-13 19:00:00+00:00,98620.0
2025-11-13 20:00:00+00:00,98100.0
2025-11-13 21:00:00+00:00,98761.0
2025-11-13 22:00:00+00:00,99803.0
2025-11-13 23:00:00+00:00,99629.0
2025-11-14 00:00:00+00:00,98932.0
2025-11-14 01:00:00+00:00,99200.0
2025-11-14 02:00:00+00:00,99574.0
2025-11-14 03:00:00+00:00,99097.0
2025-11-14 04:00:00+00:00,97770.0
2025-11-14 05:00:00+00:00,97487.0
2025-11-14 06:00:00+00:00,97517.0
2025-11-14 07:00:00+00:00,97097.0
2025-11-14 08:00:00+00:00,97333.0
2025-11-14 09:00:00+00:00,96801.0
2025-11-14 10:00:00+00:00,96694.0
2025-11-14 11:00:00+00:00,96124.0
2025-11-14 12:00:00+00:00,95327.0
2025-11-14 13:00:00+00:00,95202.0
2025-11-14 14:00:00+00:00,96490.0
2025-11-14 15:00:00+00:00,96755.0
2025-11-14 16:00:00+00:00,96978.0
2025-11-14 17:00:00+00:00,95798.0
2025-11-14 18:00:00+00:00,95023.0
2025-11-14 19:00:00+00:00,95741.0
2025-11-14 20:00:00+00:00,94341.0
2025-11-14 21:00:00+00:00,95019.0
2025-11-14 22:00:00+00:00,95143.0
2025-11-14 23:00:00+00:00,94534.0
2025-11-15 00:00:00+00:00,95112.0
2025-11-15 01:00:00+00:00,95610.0
2025-11-15 02:00:00+00:00,96431.0
2025-11-15 03:00:00+00:00,96382.0
2025-11-15 04:00:00+00:00,96071.0
2025-11-15 05:00:00+00:00,96299.0
2025-11-15 06:00:00+00:00,96088.0
2025-11-15 07:00:00+00:00,96288.0
2025-11-15 08:00:00+00:00,95870.0
2025-11-15 09:00:00+00:00,95776.0
2025-11-15 10:00:00+00:00,95912.0
2025-11-15 11:00:00+00:00,95661.0
2025-11-15 12:00:00+00:00,95770.0
2025-11-15 13:00:00+00:00,96333.0
2025-11-15 14:00:00+00:00,96205.0
2025-11-15 15:00:00+00:00,96220.0
2025-11-15 16:00:00+00:00,96118.0
2025-11-15 17:00:00+00:00,96200.0
2025-11-15 18:00:00+00:00,96014.0
2025-11-15 19:00:00+00:00,95962.0
2025-11-15 20:00:00+00:00,95229.0
2025-11-15 21:00:00+00:00,95234.0
2025-11-15 22:00:00+00:00,95571.0
2025-11-15 23:00:00+00:00,95560.0
2025-11-16 00:00:00+00:00,95314.0
2025-11-16 01:00:00+00:00,95230.0
2025-11-16 02:00:00+00:00,95919.0
2025-11-16 03:00:00+00:00,95775.0
2025-11-16 04:00:00+00:00,95779.0
2025-11-16 05:00:00+00:00,95847.0
2025-11-16 06:00:00+00:00,95755.0
2025-11-16 07:00:00+00:00,96061.0
2025-11-16 08:00:00+00:00,96073.0
2025-11-16 09:00:00+00:00,96578.0
2025-11-16 10:00:00+00:00,96406.0
2025-11-16 11:00:00+00:00,95583.0
2025-11-16 12:00:00+00:00,95720.0
2025-11-16 13:00:00+00:00,95369.0
2025-11-16 14:00:00+00:00,95490.0
2025-11-16 15:00:00+00:00,94536.0
2025-11-16 16:00:00+00:00,94181.0
2025-11-16 17:00:00+00:00,94318.0
2025-11-16 18:00:00+00:00,94012.0
2025-11-16 19:00:00+00:00,93990.0
2025-11-16 20:00:00+00:00,94054.0
2025-11-16 21:00:00+00:00,93460.0
2025-11-16 22:00:00+00:00,94151.0
2025-11-16 23:00:00+00:00,94216.0
2025-11-17 00:00:00+00:00,95261.0
2025-11-17 01:00:00+00:00,94733.0
2025-11-17 02:00:00+00:00,94940.0
2025-11-17 03:00:00+00:00,95465.0
2025-11-17 04:00:00+00:00,95067.0
2025-11-17 05:00:00+00:00,95096.0
2025-11-17 06:00:00+00:00,95242.0
2025-11-17 07:00:00+00:00,95609.0
2025-11-17 08:00:00+00:00,95583.0
2025-11-17 09:00:00+00:00,95617.0
2025-11-17 10:00:00+00:00,95614.0
2025-11-17 11:00:00+00:00,95531.0
2025-11-17 12:00:00+00:00,95285.0
2025-11-17 13:00:00+00:00,93922.0
2025-11-17 14:00:00+00:00,94720.0
2025-11-17 15:00:00+00:00,93913.0
2025-11-17 16:00:00+00:00,94278.0
2025-11-17 17:00:00+00:00,92712.0
2025-11-17 18:00:00+00:00,92496.0
2025-11-17 19:00:00+00:00,91650.0
2025-11-17 20:00:00+00:00,91887.0
2025-11-17 21:00:00+00:00,91919.0
2025-11-17 22:00:00+00:00,92219.0
2025-11-17 23:00:00+00:00,92172.0
2025-11-18 00:00:00+00:00,92123.0
2025-11-18 01:00:00+00:00,91657.0
2025-11-18 02:00:00+00:00,90828.0
2025-11-18 03:00:00+00:00,90801.0
2025-11-18 04:00:00+00:00,90046.0
2025-11-18 05:00:00+00:00,90184.0
2025-11-18 06:00:00+00:00,89615.0
2025-11-18 07:00:00+00:00,90456.0
2025-11-18 08:00:00+00:00,91187.0
2025-11-18 09:00:00+00:00,91361.0
2025-11-18 10:00:00+00:00,91551.0
2025-11-18 11:00:00+00:00,91484.0
2025-11-18 12:00:00+00:00,91482.0
2025-11-18 13:00:00+00:00,91442.0
2025-11-18 14:00:00+00:00,91297.0
2025-11-18 15:00:00+00:00,92865.0
2025-11-18 16:00:00+00:00,93457.0
2025-11-18 17:00:00+00:00,93222.0
2025-11-18 18:00:00+00:00,93296.0
2025-11-18 19:00:00+00:00,93139.0
2025-11-18 20:00:00+00:00,92745.0
2025-11-18 21:00:00+00:00,92443.0
2025-11-18 22:00:00+00:00,93120.0
2025-11-18 23:00:00+00:00,92925.0
2025-11-19 00:00:00+00:00,92383.0
2025-11-19 01:00:00+00:00,92412.0
2025-11-19 02:00:00+00:00,92532.0
2025-11-19 03:00:00+00:00,91839.0
2025-11-19 04:00:00+00:00,91122.0
2025-11-19 05:00:00+00:00,90407.0
2025-11-19 06:00:00+00:00,90932.0
2025-11-19 07:00:00+00:00,91813.0
2025-11-19 08:00:00+00:00,91433.0
2025-11-19 09:00:00+00:00,91481.0
2025-11-19 10:00:00+00:00,91263.0
2025-11-19 11:00:00+00:00,91363.0
2025-11-19 12:00:00+00:00,91733.0
2025-11-19 13:00:00+00:00,91350.0
2025-11-19 14:00:00+00:00,91671.0
2025-11-19 15:00:00+00:00,89888.0
2025-11-19 16:00:00+00:00,89849.0
2025-11-19 17:00:00+00:00,89459.0
2025-11-19 18:00:00+00:00,89200.0
2025-11-19 19:00:00+00:00,88851.0
2025-11-19 20:00:00+00:00,89478.0
2025-11-19 21:00:00+00:00,90568.0
2025-11-19 22:00:00+00:00,90448.0
2025-11-19 23:00:00+00:00,91509.0
2025-11-20 00:00:00+00:00,91867.0
2025-11-20 01:00:00+00:00,92572.0
2025-11-20 02:00:00+00:00,92572.0
2025-11-20 03:00:00+00:00,92422.0
2025-11-20 04:00:00+00:00,92947.0
2025-11-20 05:00:00+00:00,92584.0
2025-11-20 06:00:00+00:00,91947.0
2025-11-20 07:00:00+00:00,92296.0
2025-11-20 08:00:00+00:00,92101.0
2025-11-20 09:00:00+00:00,91868.0
2025-11-20 10:00:00+00:00,91763.0
2025-11-20 11:00:00+00:00,91880.0
2025-11-20 12:00:00+00:00,91797.0
2025-11-20 13:00:00+00:00,91484.0
2025-11-20 14:00:00+00:00,91062.0
2025-11-20 15:00:00+00:00,89810.0
2025-11-20 16:00:00+00:00,87853.0
2025-11-20 17:00:00+00:00,87198.0
2025-11-20 18:00:00+00:00,86439.0
2025-11-20 19:00:00+00:00,86878.0
2025-11-20 20:00:00+00:00,86441.0
2025-11-20 21:00:00+00:00,87237.0
2025-11-20 22:00:00+00:00,88020.0
2025-11-20 23:00:00+00:00,86583.0
2025-11-21 00:00:00+00:00,87241.0
2025-11-21 01:00:00+00:00,87011.0
2025-11-21 02:00:00+00:00,85405.0
2025-11-21 03:00:00+00:00,85780.0
2025-11-21 04:00:00+00:00,86014.0
2025-11-21 05:00:00+00:00,86160.0
2025-11-21 06:00:00+00:00,85531.0
2025-11-21 07:00:00+00:00,84001.0
2025-11-21 08:00:00+00:00,83601.0
2025-11-21 09:00:00+00:00,82181.0
2025-11-21 10:00:00+00:00,82672.0
2025-11-21 11:00:00+00:00,82285.0
2025-11-21 12:00:00+00:00,83243.0
2025-11-21 13:00:00+00:00,84074.0
2025-11-21 14:00:00+00:00,84801.0
2025-11-21 15:00:00+00:00,82897.0
2025-11-21 16:00:00+00:00,84896.0
2025-11-21 17:00:00+00:00,84849.0
2025-11-21 18:00:00+00:00,84541.0
2025-11-21 19:00:00+00:00,84165.0
2025-11-21 20:00:00+00:00,84527.0
2025-11-21 21:00:00+00:00,85150.0
2025-11-21 22:00:00+00:00,84240.0
2025-11-21 23:00:00+00:00,85098.0
2025-11-22 00:00:00+00:00,84701.0
2025-11-22 01:00:00+00:00,85150.0
2025-11-22 02:00:00+00:00,84495.0
2025-11-22 03:00:00+00:00,84401.0
2025-11-22 04:00:00+00:00,84198.0
2025-11-22 05:00:00+00:00,84240.0
2025-11-22 06:00:00+00:00,84597.0
2025-11-22 07:00:00+00:00,84544.0
2025-11-22 08:00:00+00:00,83975.0
2025-11-22 09:00:00+00:00,83893.0
2025-11-22 10:00:00+00:00,83654.0
2025-11-22 11:00:00+00:00,84062.0
2025-11-22 12:00:00+00:00,83840.0
2025-11-22 13:00:00+00:00,83910.0
2025-11-22 14:00:00+00:00,84464.0
2025-11-22 15:00:00+00:00,84253.0
2025-11-22 16:00:00+00:00,84665.0
2025-11-22 17:00:00+00:00,84518.0
2025-11-22 18:00:00+00:00,84622.0
2025-11-22 19:00:00+00:00,84572.0
2025-11-22 20:00:00+00:00,84428.0
2025-11-22 21:00:00+00:00,84375.0
2025-11-22 22:00:00+00:00,85024.0
2025-11-22 23:00:00+00:00,84702.0
2025-11-23 00:00:00+00:00,84934.0
2025-11-23 01:00:00+00:00,85842.0
2025-11-23 02:00:00+00:00,85953.0
2025-11-23 03:00:00+00:00,86268.0
2025-11-23 04:00:00+00:00,86502.0
2025-11-23 05:00:00+00:00,86318.0
2025-11-23 06:00:00+00:00,85821.0
2025-11-23 07:00:00+00:00,85733.0
2025-11-23 08:00:00+00:00,86106.0
2025-11-23 09:00:00+00:00,86364.0
2025-11-23 10:00:00+00:00,86034.0
2025-11-23 11:00:00+00:00,86298.0
2025-11-23 12:00:00+00:00,86498.0
2025-11-23 13:00:00+00:00,86882.0
2025-11-23 14:00:00+00:00,86507.0
2025-11-23 15:00:00+00:00,87030.0
2025-11-23 16:00:00+00:00,86643.0
2025-11-23 17:00:00+00:00,86695.0
2025-11-23 18:00:00+00:00,86948.0
2025-11-23 19:00:00+00:00,87280.0
2025-11-23 20:00:00+00:00,87444.0
2025-11-23 21:00:00+00:00,87947.0
2025-11-23 22:00:00+00:00,87974.0
2025-11-23 23:00:00+00:00,86803.0
2025-11-24 00:00:00+00:00,86692.0
2025-11-24 01:00:00+00:00,87030.0
2025-11-24 02:00:00+00:00,87481.0
2025-11-24 03:00:00+00:00,87407.0
2025-11-24 04:00:00+00:00,86675.0
2025-11-24 05:00:00+00:00,87423.0
2025-11-24 06:00:00+00:00,86848.0
2025-11-24 07:00:00+00:00,87011.0
2025-11-24 08:00:00+00:00,86919.0
2025-11-24 09:00:00+00:00,85897.0
2025-11-24 10:00:00+00:00,86004.0
2025-11-24 11:00:00+00:00,86229.0
2025-11-24 12:00:00+00:00,85960.0
2025-11-24 13:00:00+00:00,86106.0
2025-11-24 14:00:00+00:00,86138.0
2025-11-24 15:00:00+00:00,86577.0
2025-11-24 16:00:00+00:00,87123.0
2025-11-24 17:00:00+00:00,88326.0
2025-11-24 18:00:00+00:00,88660.0
2025-11-24 19:00:00+00:00,88279.0
2025-11-24 20:00:00+00:00,89022.0
2025-11-24 21:00:00+00:00,88696.0
2025-11-24 22:00:00+00:00,88582.0
2025-11-24 23:00:00+00:00,88241.0
2025-11-25 00:00:00+00:00,88060.0
2025-11-25 01:00:00+00:00,87687.0
2025-11-25 02:00:00+00:00,87864.0
2025-11-25 03:00:00+00:00,87760.0
2025-11-25 04:00:00+00:00,88297.0
2025-11-25 05:00:00+00:00,88078.0
2025-11-25 06:00:00+00:00,87961.0
2025-11-25 07:00:00+00:00,87360.0
2025-11-25 08:00:00+00:00,86973.0
2025-11-25 09:00:00+00:00,87182.0
2025-11-25 10:00:00+00:00,87353.0
2025-11-25 11:00:00+00:00,87307.0
2025-11-25 12:00:00+00:00,87472.0
2025-11-25 13:00:00+00:00,87035.0
2025-11-25 14:00:00+00:00,86691.0
2025-11-25 15:00:00+00:00,86949.0
2025-11-25 16:00:00+00:00,87082.0
2025-11-25 17:00:00+00:00,87587.0
2025-11-25 18:00:00+00:00,87192.0
2025-11-25 19:00:00+00:00,86838.0
2025-11-25 20:00:00+00:00,87329.0
2025-11-25 21:00:00+00:00,86981.0
2025-11-25 22:00:00+00:00,87592.0
2025-11-25 23:00:00+00:00,87316.0
2025-11-26 00:00:00+00:00,87531.0
2025-11-26 01:00:00+00:00,87884.0
2025-11-26 02:00:00+00:00,87676.0
2025-11-26 03:00:00+00:00,87070.0
2025-11-26 04:00:00+00:00,87178.0
2025-11-26 05:00:00+00:00,87471.0
2025-11-26 06:00:00+00:00,87754.0
2025-11-26 07:00:00+00:00,87900.0
2025-11-26 08:00:00+00:00,87389.0
2025-11-26 09:00:00+00:00,86788.0
2025-11-26 10:00:00+00:00,86910.0
2025-11-26 11:00:00+00:00,87048.0
2025-11-26 12:00:00+00:00,86599.0
2025-11-26 13:00:00+00:00,87095.0
2025-11-26 14:00:00+00:00,86853.0
2025-11-26 15:00:00+00:00,86938.0
2025-11-26 16:00:00+00:00,87793.0
2025-11-26 17:00:00+00:00,89810.0
2025-11-26 18:00:00+00:00,90108.0
2025-11-26 19:00:00+00:00,89927.0
2025-11-26 20:00:00+00:00,89820.0
2025-11-26 21:00:00+00:00,90152.0
2025-11-26 22:00:00+00:00,90334.0
2025-11-26 23:00:00+00:00,90427.0
2025-11-27 00:00:00+00:00,90433.0
2025-11-27 01:00:00+00:00,91093.0
2025-11-27 02:00:00+00:00,91336.0
2025-11-27 03:00:00+00:00,91037.0
2025-11-27 04:00:00+00:00,91223.0
2025-11-27 05:00:00+00:00,90928.0
2025-11-27 06:00:00+00:00,91202.0
2025-11-27 07:00:00+00:00,91362.0
2025-11-27 08:00:00+00:00,91442.0
2025-11-27 09:00:00+00:00,91533.0
2025-11-27 10:00:00+00:00,91570.0
2025-11-27 11:00:00+00:00,91335.0
2025-11-27 12:00:00+00:00,90951.0
2025-11-27 13:00:00+00:00,90810.0
2025-11-27 14:00:00+00:00,90741.0
2025-11-27 15:00:00+00:00,90908.0
2025-11-27 16:00:00+00:00,91406.0
2025-11-27 17:00:00+00:00,91435.0
2025-11-27 18:00:00+00:00,91731.0
2025-11-27 19:00:00+00:00,91485.0
2025-11-27 20:00:00+00:00,91388.0
2025-11-27 21:00:00+00:00,91376.0
2025-11-27 22:00:00+00:00,91275.0
2025-11-27 23:00:00+00:00,91285.0
2025-11-28 00:00:00+00:00,91164.0
2025-11-28 01:00:00+00:00,90747.0
2025-11-28 02:00:00+00:00,91029.0
2025-11-28 03:00:00+00:00,91162.0
2025-11-28 04:00:00+00:00,91384.0
2025-11-28 05:00:00+00:00,91570.0
2025-11-28 06:00:00+00:00,91247.0
2025-11-28 07:00:00+00:00,90852.0
2025-11-28 08:00:00+00:00,91639.0
2025-11-28 09:00:00+00:00,91557.0
2025-11-28 10:00:00+00:00,91801.0
2025-11-28 11:00:00+00:00,91372.0
2025-11-28 12:00:00+00:00,91473.0
2025-11-28 13:00:00+00:00,92317.0
2025-11-28 14:00:00+00:00,92200.0
2025-11-28 15:00:00+00:00,92316.0
2025-11-28 16:00:00+00:00,90877.0
2025-11-28 17:00:00+00:00,90606.0
2025-11-28 18:00:00+00:00,90774.0
2025-11-28 19:00:00+00:00,91101.0
2025-11-28 20:00:00+00:00,91134.0
2025-11-28 21:00:00+00:00,90814.0
2025-11-28 22:00:00+00:00,91070.0
2025-11-28 23:00:00+00:00,90846.0
2025-11-29 00:00:00+00:00,90846.0
2025-11-29 01:00:00+00:00,90829.0
2025-11-29 02:00:00+00:00,90749.0
2025-11-29 03:00:00+00:00,90627.0
2025-11-29 04:00:00+00:00,90856.0
2025-11-29 05:00:00+00:00,90716.0
2025-11-29 06:00:00+00:00,90515.0
2025-11-29 07:00:00+00:00,90517.0
2025-11-29 08:00:00+00:00,90592.0
2025-11-29 09:00:00+00:00,90519.0
2025-11-29 10:00:00+00:00,90497.0
2025-11-29 11:00:00+00:00,90630.0
2025-11-29 12:00:00+00:00,90568.0
2025-11-29 13:00:00+00:00,90737.0
2025-11-29 14:00:00+00:00,90583.0
2025-11-29 15:00:00+00:00,91034.0
2025-11-29 16:00:00+00:00,90964.0
2025-11-29 17:00:00+00:00,90388.0
2025-11-29 18:00:00+00:00,90650.0
2025-11-29 19:00:00+00:00,90604.0
2025-11-29 20:00:00+00:00,90928.0
2025-11-29 21:00:00+00:00,90973.0
2025-11-29 22:00:00+00:00,90724.0
2025-11-29 23:00:00+00:00,90767.0
2025-11-30 00:00:00+00:00,90846.0
2025-11-30 01:00:00+00:00,90872.0
2025-11-30 02:00:00+00:00,90756.0
2025-11-30 03:00:00+00:00,90882.0
2025-11-30 04:00:00+00:00,90815.0
2025-11-30 05:00:00+00:00,90739.0
2025-11-30 06:00:00+00:00,90847.0
2025-11-30 07:00:00+00:00,90923.0
2025-11-30 08:00:00+00:00,91120.0
2025-11-30 09:00:00+00:00,91351.0
2025-11-30 10:00:00+00:00,91188.0
2025-11-30 11:00:00+00:00,91003.0
2025-11-30 12:00:00+00:00,91434.0
2025-11-30 13:00:00+00:00,91729.0
2025-11-30 14:00:00+00:00,91447.0
2025-11-30 15:00:00+00:00,91399.0
2025-11-30 16:00:00+00:00,91780.0
2025-11-30 17:00:00+00:00,91434.0
2025-11-30 18:00:00+00:00,91416.0
2025-11-30 19:00:00+00:00,91413.0
2025-11-30 20:00:00+00:00,91270.0
2025-11-30 21:00:00+00:00,91139.0
2025-11-30 22:00:00+00:00,91179.0
2025-11-30 23:00:00+00:00,90309.0
2025-12-01 00:00:00+00:00,86957.0
2025-12-01 01:00:00+00:00,87123.0
2025-12-01 02:00:00+00:00,86675.0
2025-12-01 03:00:00+00:00,86323.0
2025-12-01 04:00:00+00:00,85761.0
2025-12-01 05:00:00+00:00,85965.0
2025-12-01 06:00:00+00:00,86186.0
2025-12-01 07:00:00+00:00,86492.0
2025-12-01 08:00:00+00:00,86812.0
2025-12-01 09:00:00+00:00,86658.0
2025-12-01 10:00:00+00:00,86601.0
2025-12-01 11:00:00+00:00,86088.0
2025-12-01 12:00:00+00:00,85393.0
2025-12-01 13:00:00+00:00,85950.0
2025-12-01 14:00:00+00:00,86011.0
2025-12-01 15:00:00+00:00,84642.0
2025-12-01 16:00:00+00:00,84530.0
2025-12-01 17:00:00+00:00,84895.0
2025-12-01 18:00:00+00:00,85157.0
2025-12-01 19:00:00+00:00,84976.0
2025-12-01 20:00:00+00:00,85465.0
2025-12-01 21:00:00+00:00,86385.0
2025-12-01 22:00:00+00:00,86543.0
2025-12-01 23:00:00+00:00,86245.0
2025-12-02 00:00:00+00:00,86477.0
2025-12-02 01:00:00+00:00,86416.0
2025-12-02 02:00:00+00:00,86508.0
2025-12-02 03:00:00+00:00,86939.0
2025-12-02 04:00:00+00:00,86929.0
2025-12-02 05:00:00+00:00,86970.0
2025-12-02 06:00:00+00:00,87048.0
2025-12-02 07:00:00+00:00,86964.0
2025-12-02 08:00:00+00:00,86434.0
2025-12-02 09:00:00+00:00,86736.0
2025-12-02 10:00:00+00:00,87238.0
2025-12-02 11:00:00+00:00,87326.0
2025-12-02 12:00:00+00:00,87226.0
2025-12-02 13:00:00+00:00,87693.0
2025-12-02 14:00:00+00:00,89230.0
2025-12-02 15:00:00+00:00,90781.0
2025-12-02 16:00:00+00:00,90699.0
2025-12-02 17:00:00+00:00,91400.0
2025-12-02 18:00:00+00:00,91897.0
2025-12-02 19:00:00+00:00,91856.0
2025-12-02 20:00:00+00:00,90981.0
2025-12-02 21:00:00+00:00,91513.0
2025-12-02 22:00:00+00:00,91937.0
2025-12-02 23:00:00+00:00,91242.0
2025-12-03 00:00:00+00:00,91622.0
2025-12-03 01:00:00+00:00,92200.0
2025-12-03 02:00:00+00:00,92772.0
2025-12-03 03:00:00+00:00,92583.0
2025-12-03 04:00:00+00:00,93302.0
2025-12-03 05:00:00+00:00,93593.0
2025-12-03 06:00:00+00:00,93396.0
2025-12-03 07:00:00+00:00,92980.0
2025-12-03 08:00:00+00:00,92736.0
2025-12-03 09:00:00+00:00,93129.0
2025-12-03 10:00:00+00:00,92904.0
2025-12-03 11:00:00+00:00,92961.0
2025-12-03 12:00:00+00:00,92888.0
2025-12-03 13:00:00+00:00,93083.0
2025-12-03 14:00:00+00:00,92313.0
2025-12-03 15:00:00+00:00,92338.0
2025-12-03 16:00:00+00:00,92201.0
2025-12-03 17:00:00+00:00,92909.0
2025-12-03 18:00:00+00:00,92587.0
2025-12-03 19:00:00+00:00,93001.0
2025-12-03 20:00:00+00:00,92936.0
2025-12-03 21:00:00+00:00,93655.0
2025-12-03 22:00:00+00:00,93739.0
2025-12-03 23:00:00+00:00,93391.0
2025-12-04 00:00:00+00:00,93012.0
2025-12-04 01:00:00+00:00,93153.0
2025-12-04 02:00:00+00:00,93893.0
2025-12-04 03:00:00+00:00,93501.0
2025-12-04 04:00:00+00:00,93320.0
2025-12-04 05:00:00+00:00,92932.0
2025-12-04 06:00:00+00:00,93096.0
2025-12-04 07:00:00+00:00,93357.0
2025-12-04 08:00:00+00:00,93219.0
2025-12-04 09:00:00+00:00,93405.0
2025-12-04 10:00:00+00:00,93221.0
2025-12-04 11:00:00+00:00,92894.0
2025-12-04 12:00:00+00:00,92952.0
2025-12-04 13:00:00+00:00,92473.0
2025-12-04 14:00:00+00:00,91846.0
2025-12-04 15:00:00+00:00,92921.0
2025-12-04 16:00:00+00:00,92393.0
2025-12-04 17:00:00+00:00,92381.0
2025-12-04 18:00:00+00:00,92082.0
2025-12-04 19:00:00+00:00,91935.0
2025-12-04 20:00:00+00:00,92425.0
2025-12-04 21:00:00+00:00,92116.0
2025-12-04 22:00:00+00:00,92300.0
2025-12-04 23:00:00+00:00,92032.0
2025-12-05 00:00:00+00:00,92260.0
2025-12-05 01:00:00+00:00,92315.0
2025-12-05 02:00:00+00:00,92475.0
2025-12-05 03:00:00+00:00,92106.0
2025-12-05 04:00:00+00:00,91995.0
2025-12-05 05:00:00+00:00,91900.0
2025-12-05 06:00:00+00:00,92236.0
2025-12-05 07:00:00+00:00,92225.0
2025-12-05 08:00:00+00:00,92067.0
2025-12-05 09:00:00+00:00,91077.0
2025-12-05 10:00:00+00:00,91231.0
2025-12-05 11:00:00+00:00,91305.0
2025-12-05 12:00:00+00:00,91198.0
2025-12-05 13:00:00+00:00,90430.0
2025-12-05 14:00:00+00:00,90248.0
2025-12-05 15:00:00+00:00,90406.0
2025-12-05 16:00:00+00:00,88760.0
2025-12-05 17:00:00+00:00,89284.0
2025-12-05 18:00:00+00:00,88898.0
2025-12-05 19:00:00+00:00,89597.0
2025-12-05 20:00:00+00:00,89268.0
2025-12-05 21:00:00+00:00,89144.0
2025-12-05 22:00:00+00:00,89190.0
2025-12-05 23:00:00+00:00,89274.0
2025-12-06 00:00:00+00:00,89371.0
2025-12-06 01:00:00+00:00,89291.0
2025-12-06 02:00:00+00:00,89341.0
2025-12-06 03:00:00+00:00,89633.0
2025-12-06 04:00:00+00:00,89600.0
2025-12-06 05:00:00+00:00,89547.0
2025-12-06 06:00:00+00:00,89643.0
2025-12-06 07:00:00+00:00,89549.0
2025-12-06 08:00:00+00:00,89232.0
2025-12-06 09:00:00+00:00,89531.0
2025-12-06 10:00:00+00:00,89457.0
2025-12-06 11:00:00+00:00,89584.0
2025-12-06 12:00:00+00:00,89530.0
2025-12-06 13:00:00+00:00,89620.0
2025-12-06 14:00:00+00:00,89949.0
2025-12-06 15:00:00+00:00,89718.0
2025-12-06 16:00:00+00:00,89667.0
2025-12-06 17:00:00+00:00,89661.0
2025-12-06 18:00:00+00:00,89611.0
2025-12-06 19:00:00+00:00,89364.0
2025-12-06 20:00:00+00:00,89498.0
2025-12-06 21:00:00+00:00,89370.0
2025-12-06 22:00:00+00:00,89250.0
2025-12-06 23:00:00+00:00,89186.0
2025-12-07 00:00:00+00:00,89351.0
2025-12-07 01:00:00+00:00,89247.0
2025-12-07 02:00:00+00:00,89568.0
2025-12-07 03:00:00+00:00,89680.0
2025-12-07 04:00:00+00:00,89495.0
2025-12-07 05:00:00+00:00,89462.0
2025-12-07 06:00:00+00:00,89671.0
2025-12-07 07:00:00+00:00,89332.0
2025-12-07 08:00:00+00:00,89269.0
2025-12-07 09:00:00+00:00,89062.0
2025-12-07 10:00:00+00:00,89188.0
2025-12-07 11:00:00+00:00,89100.0
2025-12-07 12:00:00+00:00,89433.0
2025-12-07 13:00:00+00:00,89007.0
2025-12-07 14:00:00+00:00,88183.0
2025-12-07 15:00:00+00:00,89511.0
2025-12-07 16:00:00+00:00,89861.0
2025-12-07 17:00:00+00:00,90909.0
2025-12-07 18:00:00+00:00,91335.0
2025-12-07 19:00:00+00:00,91393.0
2025-12-07 20:00:00+00:00,91395.0
2025-12-07 21:00:00+00:00,90193.0
2025-12-07 22:00:00+00:00,89541.0
2025-12-07 23:00:00+00:00,90336.0
2025-12-08 00:00:00+00:00,90301.0
2025-12-08 01:00:00+00:00,90871.0
2025-12-08 02:00:00+00:00,91316.0
2025-12-08 03:00:00+00:00,91036.0
2025-12-08 04:00:00+00:00,91250.0
2025-12-08 05:00:00+00:00,91295.0
2025-12-08 06:00:00+00:00,91428.0
2025-12-08 07:00:00+00:00,91526.0
2025-12-08 08:00:00+00:00,91792.0
2025-12-08 09:00:00+00:00,91871.0
2025-12-08 10:00:00+00:00,92091.0
2025-12-08 11:00:00+00:00,91930.0
2025-12-08 12:00:00+00:00,91730.0
2025-12-08 13:00:00+00:00,91420.0
2025-12-08 14:00:00+00:00,90806.0
2025-12-08 15:00:00+00:00,89908.0
2025-12-08 16:00:00+00:00,89930.0
2025-12-08 17:00:00+00:00,90210.0
2025-12-08 18:00:00+00:00,89866.0
2025-12-08 19:00:00+00:00,90076.0
2025-12-08 20:00:00+00:00,90740.0
2025-12-08 21:00:00+00:00,91257.0
2025-12-08 22:00:00+00:00,90779.0
2025-12-08 23:00:00+00:00,90598.0
2025-12-09 00:00:00+00:00,90351.0
2025-12-09 01:00:00+00:00,90018.0
2025-12-09 02:00:00+00:00,90029.0
2025-12-09 03:00:00+00:00,90370.0
2025-12-09 04:00:00+00:00,89863.0
2025-12-09 05:00:00+00:00,89856.0
2025-12-09 06:00:00+00:00,90128.0
2025-12-09 07:00:00+00:00,90460.0
2025-12-09 08:00:00+00:00,90457.0
2025-12-09 09:00:00+00:00,90101.0
2025-12-09 10:00:00+00:00,90250.0
2025-12-09 11:00:00+00:00,90341.0
2025-12-09 12:00:00+00:00,90529.0
2025-12-09 13:00:00+00:00,90379.0
2025-12-09 14:00:00+00:00,90319.0
2025-12-09 15:00:00+00:00,92671.0
2025-12-09 16:00:00+00:00,94143.0
2025-12-09 17:00:00+00:00,93873.0
2025-12-09 18:00:00+00:00,93884.0
2025-12-09 19:00:00+00:00,93762.0
2025-12-09 20:00:00+00:00,93077.0
2025-12-09 21:00:00+00:00,92601.0
2025-12-09 22:00:00+00:00,92827.0
2025-12-09 23:00:00+00:00,92637.0
2025-12-10 00:00:00+00:00,92090.0
2025-12-10 01:00:00+00:00,92267.0
2025-12-10 02:00:00+00:00,92453.0
2025-12-10 03:00:00+00:00,92363.0
2025-12-10 04:00:00+00:00,92494.0
2025-12-10 05:00:00+00:00,92509.0
2025-12-10 06:00:00+00:00,92653.0
2025-12-10 07:00:00+00:00,92748.0
2025-12-10 08:00:00+00:00,92563.0
2025-12-10 09:00:00+00:00,92877.0
2025-12-10 10:00:00+00:00,92230.0
2025-12-10 11:00:00+00:00,92084.0
2025-12-10 12:00:00+00:00,91946.0
2025-12-10 13:00:00+00:00,92047.0
2025-12-10 14:00:00+00:00,91788.0
2025-12-10 15:00:00+00:00,92021.0
2025-12-10 16:00:00+00:00,92131.0
2025-12-10 17:00:00+00:00,92350.0
2025-12-10 18:00:00+00:00,92453.0
2025-12-10 19:00:00+00:00,92922.0
2025-12-10 20:00:00+00:00,92410.0
2025-12-10 21:00:00+00:00,92316.0
2025-12-10 22:00:00+00:00,92472.0
2025-12-10 23:00:00+00:00,91972.0
2025-12-11 00:00:00+00:00,91349.0
2025-12-11 01:00:00+00:00,90633.0
2025-12-11 02:00:00+00:00,90034.0
2025-12-11 03:00:00+00:00,89830.0
2025-12-11 04:00:00+00:00,90375.0
2025-12-11 05:00:00+00:00,90263.0
2025-12-11 06:00:00+00:00,90242.0
2025-12-11 07:00:00+00:00,90233.0
2025-12-11 08:00:00+00:00,90145.0
2025-12-11 09:00:00+00:00,90190.0
2025-12-11 10:00:00+00:00,90276.0
2025-12-11 11:00:00+00:00,90198.0
2025-12-11 12:00:00+00:00,89982.0
2025-12-11 13:00:00+00:00,90066.0
2025-12-11 14:00:00+00:00,89503.0
2025-12-11 15:00:00+00:00,89828.0
2025-12-11 16:00:00+00:00,89709.0
2025-12-11 17:00:00+00:00,89932.0
2025-12-11 18:00:00+00:00,90657.0
2025-12-11 19:00:00+00:00,90792.0
2025-12-11 20:00:00+00:00,91743.0
2025-12-11 21:00:00+00:00,92824.0
2025-12-11 22:00:00+00:00,92324.0
2025-12-11 23:00:00+00:00,92484.0
2025-12-12 00:00:00+00:00,91545.0
2025-12-12 01:00:00+00:00,92140.0
2025-12-12 02:00:00+00:00,92547.0
2025-12-12 03:00:00+00:00,92237.0
2025-12-12 04:00:00+00:00,92358.0
2025-12-12 05:00:00+00:00,92410.0
2025-12-12 06:00:00+00:00,92475.0
2025-12-12 07:00:00+00:00,92387.0
2025-12-12 08:00:00+00:00,92310.0
2025-12-12 09:00:00+00:00,92480.0
2025-12-12 10:00:00+00:00,92454.0
2025-12-12 11:00:00+00:00,92375.0
2025-12-12 12:00:00+00:00,92385.0
2025-12-12 13:00:00+00:00,92272.0
2025-12-12 14:00:00+00:00,92396.0
2025-12-12 15:00:00+00:00,89880.0
2025-12-12 16:00:00+00:00,90004.0
2025-12-12 17:00:00+00:00,90046.0
2025-12-12 18:00:00+00:00,90334.0
2025-12-12 19:00:00+00:00,90154.0
2025-12-12 20:00:00+00:00,90160.0
2025-12-12 21:00:00+00:00,90144.0
2025-12-12 22:00:00+00:00,90305.0
2025-12-12 23:00:00+00:00,90231.0
2025-12-13 00:00:00+00:00,90276.0
2025-12-13 01:00:00+00:00,90185.0
2025-12-13 02:00:00+00:00,90190.0
2025-12-13 03:00:00+00:00,90300.0
2025-12-13 04:00:00+00:00,90326.0
2025-12-13 05:00:00+00:00,90292.0
2025-12-13 06:00:00+00:00,90305.0
2025-12-13 07:00:00+00:00,90290.0
2025-12-13 08:00:00+00:00,90420.0
2025-12-13 09:00:00+00:00,90374.0
2025-12-13 10:00:00+00:00,90549.0
2025-12-13 11:00:00+00:00,90306.0
2025-12-13 12:00:00+00:00,90314.0
2025-12-13 13:00:00+00:00,90211.0
2025-12-13 14:00:00+00:00,90042.0
2025-12-13 15:00:00+00:00,90051.0
2025-12-13 16:00:00+00:00,90048.0
2025-12-13 17:00:00+00:00,90015.0
2025-12-13 18:00:00+00:00,90092.0
2025-12-13 19:00:00+00:00,90150.0
2025-12-13 20:00:00+00:00,90058.0
2025-12-13 21:00:00+00:00,90123.0
2025-12-13 22:00:00+00:00,90085.0
2025-12-13 23:00:00+00:00,90187.0
2025-12-14 00:00:00+00:00,90298.0
2025-12-14 01:00:00+00:00,90254.0
2025-12-14 02:00:00+00:00,90253.0
2025-12-14 03:00:00+00:00,90218.0
2025-12-14 04:00:00+00:00,90162.0
2025-12-14 05:00:00+00:00,90159.0
2025-12-14 06:00:00+00:00,90109.0
2025-12-14 07:00:00+00:00,90205.0
2025-12-14 08:00:00+00:00,90073.0
2025-12-14 09:00:00+00:00,89982.0
2025-12-14 10:00:00+00:00,89810.0
2025-12-14 11:00:00+00:00,89306.0
2025-12-14 12:00:00+00:00,89377.0
2025-12-14 13:00:00+00:00,89440.0
2025-12-14 14:00:00+00:00,89062.0
2025-12-14 15:00:00+00:00,88977.0
2025-12-14 16:00:00+00:00,88791.0
2025-12-14 17:00:00+00:00,88762.0
2025-12-14 18:00:00+00:00,88955.0
2025-12-14 19:00:00+00:00,88598.0
2025-12-14 20:00:00+00:00,88513.0
2025-12-14 21:00:00+00:00,88401.0
2025-12-14 22:00:00+00:00,88359.0
2025-12-14 23:00:00+00:00,88116.0
2025-12-15 00:00:00+00:00,88420.0
2025-12-15 01:00:00+00:00,89206.0
2025-12-15 02:00:00+00:00,89276.0
2025-12-15 03:00:00+00:00,89242.0
2025-12-15 04:00:00+00:00,89629.0
2025-12-15 05:00:00+00:00,89578.0
2025-12-15 06:00:00+00:00,89696.0
2025-12-15 07:00:00+00:00,89710.0
2025-12-15 08:00:00+00:00,89731.0
2025-12-15 09:00:00+00:00,89826.0
2025-12-15 10:00:00+00:00,89828.0
2025-12-15 11:00:00+00:00,89620.0
2025-12-15 12:00:00+00:00,89662.0
2025-12-15 13:00:00+00:00,89387.0
2025-12-15 14:00:00+00:00,87995.0
2025-12-15 15:00:00+00:00,86990.0
2025-12-15 16:00:00+00:00,86352.0
2025-12-15 17:00:00+00:00,85710.0
2025-12-15 18:00:00+00:00,86143.0
2025-12-15 19:00:00+00:00,86109.0
2025-12-15 20:00:00+00:00,85745.0
2025-12-15 21:00:00+00:00,86200.0
2025-12-15 22:00:00+00:00,86222.0
2025-12-15 23:00:00+00:00,86392.0
2025-12-16 00:00:00+00:00,85826.0
2025-12-16 01:00:00+00:00,85845.0
2025-12-16 02:00:00+00:00,85892.0
2025-12-16 03:00:00+00:00,85836.0
2025-12-16 04:00:00+00:00,85798.0
2025-12-16 05:00:00+00:00,85980.0
2025-12-16 06:00:00+00:00,86458.0
2025-12-16 07:00:00+00:00,85960.0
2025-12-16 08:00:00+00:00,86233.0
2025-12-16 09:00:00+00:00,86310.0
2025-12-16 10:00:00+00:00,86941.0
2025-12-16 11:00:00+00:00,87221.0
2025-12-16 12:00:00+00:00,87169.0
2025-12-16 13:00:00+00:00,86409.0
2025-12-16 14:00:00+00:00,87260.0
2025-12-16 15:00:00+00:00,87934.0
2025-12-16 16:00:00+00:00,87549.0
2025-12-16 17:00:00+00:00,87091.0
2025-12-16 18:00:00+00:00,87746.0
2025-12-16 19:00:00+00:00,87536.0
2025-12-16 20:00:00+00:00,87523.0
2025-12-16 21:00:00+00:00,87720.0
2025-12-16 22:00:00+00:00,87756.0
2025-12-16 23:00:00+00:00,87822.0
2025-12-17 00:00:00+00:00,87492.0
2025-12-17 01:00:00+00:00,87518.0
2025-12-17 02:00:00+00:00,87446.0
2025-12-17 03:00:00+00:00,87174.0
2025-12-17 04:00:00+00:00,86712.0
2025-12-17 05:00:00+00:00,86585.0
2025-12-17 06:00:00+00:00,86730.0
2025-12-17 07:00:00+00:00,87000.0
2025-12-17 08:00:00+00:00,86353.0
2025-12-17 09:00:00+00:00,86376.0
2025-12-17 10:00:00+00:00,86588.0
2025-12-17 11:00:00+00:00,86947.0
2025-12-17 12:00:00+00:00,86990.0
2025-12-17 13:00:00+00:00,87591.0
2025-12-17 14:00:00+00:00,89640.0
2025-12-17 15:00:00+00:00,87186.0
2025-12-17 16:00:00+00:00,86948.0
2025-12-17 17:00:00+00:00,86375.0
2025-12-17 18:00:00+00:00,85793.0
2025-12-17 19:00:00+00:00,85977.0
2025-12-17 20:00:00+00:00,85850.0
2025-12-17 21:00:00+00:00,85937.0
2025-12-17 22:00:00+00:00,86299.0
2025-12-17 23:00:00+00:00,86198.0
2025-12-18 00:00:00+00:00,86187.0
2025-12-18 01:00:00+00:00,86085.0
2025-12-18 02:00:00+00:00,86661.0
2025-12-18 03:00:00+00:00,86595.0
2025-12-18 04:00:00+00:00,86729.0
2025-12-18 05:00:00+00:00,86403.0
2025-12-18 06:00:00+00:00,86616.0
2025-12-18 07:00:00+00:00,86794.0
2025-12-18 08:00:00+00:00,86948.0
2025-12-18 09:00:00+00:00,87247.0
2025-12-18 10:00:00+00:00,87318.0
2025-12-18 11:00:00+00:00,87256.0
2025-12-18 12:00:00+00:00,87220.0
2025-12-18 13:00:00+00:00,88819.0
2025-12-18 14:00:00+00:00,88313.0
2025-12-18 15:00:00+00:00,88485.0
2025-12-18 16:00:00+00:00,87982.0
2025-12-18 17:00:00+00:00,86442.0
2025-12-18 18:00:00+00:00,85933.0
2025-12-18 19:00:00+00:00,84434.0
2025-12-18 20:00:00+00:00,84537.0
2025-12-18 21:00:00+00:00,85583.0
2025-12-18 22:00:00+00:00,85537.0
2025-12-18 23:00:00+00:00,85471.0
2025-12-19 00:00:00+00:00,85564.0
2025-12-19 01:00:00+00:00,85274.0
2025-12-19 02:00:00+00:00,85599.0
2025-12-19 03:00:00+00:00,86854.0
2025-12-19 04:00:00+00:00,87061.0
2025-12-19 05:00:00+00:00,87092.0
2025-12-19 06:00:00+00:00,87440.0
2025-12-19 07:00:00+00:00,87914.0
2025-12-19 08:00:00+00:00,88067.0
2025-12-19 09:00:00+00:00,88066.0
2025-12-19 10:00:00+00:00,88233.0
2025-12-19 11:00:00+00:00,88169.0
2025-12-19 12:00:00+00:00,87823.0
2025-12-19 13:00:00+00:00,87956.0
2025-12-19 14:00:00+00:00,88128.0
2025-12-19 15:00:00+00:00,87907.0
2025-12-19 16:00:00+00:00,87949.0
2025-12-19 17:00:00+00:00,86900.0
2025-12-19 18:00:00+00:00,87117.0
2025-12-19 19:00:00+00:00,87801.0
2025-12-19 20:00:00+00:00,88054.0
2025-12-19 21:00:00+00:00,87799.0
2025-12-19 22:00:00+00:00,88302.0
2025-12-19 23:00:00+00:00,88102.0
2025-12-20 00:00:00+00:00,87960.0
2025-12-20 01:00:00+00:00,88041.0
2025-12-20 02:00:00+00:00,88160.0
2025-12-20 03:00:00+00:00,88168.0
2025-12-20 04:00:00+00:00,88256.0
2025-12-20 05:00:00+00:00,88255.0
2025-12-20 06:00:00+00:00,88258.0
2025-12-20 07:00:00+00:00,88239.0
2025-12-20 08:00:00+00:00,88202.0
2025-12-20 09:00:00+00:00,88178.0
2025-12-20 10:00:00+00:00,88117.0
2025-12-20 11:00:00+00:00,88233.0
2025-12-20 12:00:00+00:00,88203.0
2025-12-20 13:00:00+00:00,88220.0
2025-12-20 14:00:00+00:00,88198.0
2025-12-20 15:00:00+00:00,88134.0
2025-12-20 16:00:00+00:00,88111.0
2025-12-20 17:00:00+00:00,88146.0
2025-12-20 18:00:00+00:00,88270.0
2025-12-20 19:00:00+00:00,88181.0
2025-12-20 20:00:00+00:00,88242.0
2025-12-20 21:00:00+00:00,88175.0
2025-12-20 22:00:00+00:00,88232.0
2025-12-20 23:00:00+00:00,88315.0
2025-12-21 00:00:00+00:00,88348.0
2025-12-21 01:00:00+00:00,87970.0
2025-12-21 02:00:00+00:00,87916.0
2025-12-21 03:00:00+00:00,88040.0
2025-12-21 04:00:00+00:00,88037.0
2025-12-21 05:00:00+00:00,88087.0
2025-12-21 06:00:00+00:00,88048.0
2025-12-21 07:00:00+00:00,88131.0
2025-12-21 08:00:00+00:00,88494.0
2025-12-21 09:00:00+00:00,88848.0
2025-12-21 10:00:00+00:00,88636.0
2025-12-21 11:00:00+00:00,88568.0
2025-12-21 12:00:00+00:00,88591.0
2025-12-21 13:00:00+00:00,87621.0
2025-12-21 14:00:00+00:00,88018.0
2025-12-21 15:00:00+00:00,88025.0
2025-12-21 16:00:00+00:00,88309.0
2025-12-21 17:00:00+00:00,88289.0
2025-12-21 18:00:00+00:00,88416.0
2025-12-21 19:00:00+00:00,88451.0
2025-12-21 20:00:00+00:00,88201.0
2025-12-21 21:00:00+00:00,88114.0
2025-12-21 22:00:00+00:00,88447.0
2025-12-21 23:00:00+00:00,88629.0
2025-12-22 00:00:00+00:00,88579.0
2025-12-22 01:00:00+00:00,88580.0
2025-12-22 02:00:00+00:00,88415.0
2025-12-22 03:00:00+00:00,88740.0
2025-12-22 04:00:00+00:00,88870.0
2025-12-22 05:00:00+00:00,88801.0
2025-12-22 06:00:00+00:00,88873.0
2025-12-22 07:00:00+00:00,89133.0
2025-12-22 08:00:00+00:00,89301.0
2025-12-22 09:00:00+00:00,89790.0
2025-12-22 10:00:00+00:00,89742.0
2025-12-22 11:00:00+00:00,89901.0
2025-12-22 12:00:00+00:00,90174.0
2025-12-22 13:00:00+00:00,89889.0
2025-12-22 14:00:00+00:00,90088.0
2025-12-22 15:00:00+00:00,89688.0
2025-12-22 16:00:00+00:00,89510.0
2025-12-22 17:00:00+00:00,89262.0
2025-12-22 18:00:00+00:00,89096.0
2025-12-22 19:00:00+00:00,88003.0
2025-12-22 20:00:00+00:00,88304.0
2025-12-22 21:00:00+00:00,88226.0
2025-12-22 22:00:00+00:00,88614.0
2025-12-22 23:00:00+00:00,88579.0
2025-12-23 00:00:00+00:00,88722.0
2025-12-23 01:00:00+00:00,88469.0
2025-12-23 02:00:00+00:00,88168.0
2025-12-23 03:00:00+00:00,88128.0
2025-12-23 04:00:00+00:00,87882.0
2025-12-23 05:00:00+00:00,87720.0
2025-12-23 06:00:00+00:00,87354.0
2025-12-23 07:00:00+00:00,87523.0
2025-12-23 08:00:00+00:00,87431.0
2025-12-23 09:00:00+00:00,87480.0
2025-12-23 10:00:00+00:00,87565.0
2025-12-23 11:00:00+00:00,87811.0
2025-12-23 12:00:00+00:00,87741.0
2025-12-23 13:00:00+00:00,87576.0
2025-12-23 14:00:00+00:00,86830.0
2025-12-23 15:00:00+00:00,87411.0
2025-12-23 16:00:00+00:00,87957.0
2025-12-23 17:00:00+00:00,87130.0
2025-12-23 18:00:00+00:00,87934.0
2025-12-23 19:00:00+00:00,87709.0
2025-12-23 20:00:00+00:00,87653.0
2025-12-23 21:00:00+00:00,87680.0
2025-12-23 22:00:00+00:00,87358.0
2025-12-23 23:00:00+00:00,87444.0
2025-12-24 00:00:00+00:00,87614.0
2025-12-24 01:00:00+00:00,87582.0
2025-12-24 02:00:00+00:00,87084.0
2025-12-24 03:00:00+00:00,87300.0
2025-12-24 04:00:00+00:00,87107.0
2025-12-24 05:00:00+00:00,86910.0
2025-12-24 06:00:00+00:00,86977.0
2025-12-24 07:00:00+00:00,86864.0
2025-12-24 08:00:00+00:00,86747.0
2025-12-24 09:00:00+00:00,86760.0
2025-12-24 10:00:00+00:00,87035.0
2025-12-24 11:00:00+00:00,87160.0
2025-12-24 12:00:00+00:00,87395.0
2025-12-24 13:00:00+00:00,87251.0
2025-12-24 14:00:00+00:00,86946.0
2025-12-24 15:00:00+00:00,87012.0
2025-12-24 16:00:00+00:00,87250.0
2025-12-24 17:00:00+00:00,87283.0
2025-12-24 18:00:00+00:00,87427.0
2025-12-24 19:00:00+00:00,87530.0
2025-12-24 20:00:00+00:00,87525.0
2025-12-24 21:00:00+00:00,87662.0
2025-12-24 22:00:00+00:00,87966.0
2025-12-24 23:00:00+00:00,87637.0
2025-12-25 00:00:00+00:00,87531.0
2025-12-25 01:00:00+00:00,87669.0
2025-12-25 02:00:00+00:00,87851.0
2025-12-25 03:00:00+00:00,87807.0
2025-12-25 04:00:00+00:00,87742.0
2025-12-25 05:00:00+00:00,87708.0
2025-12-25 06:00:00+00:00,87795.0
2025-12-25 07:00:00+00:00,87800.0
2025-12-25 08:00:00+00:00,87547.0
2025-12-25 09:00:00+00:00,87484.0
2025-12-25 10:00:00+00:00,87382.0
2025-12-25 11:00:00+00:00,87485.0
2025-12-25 12:00:00+00:00,87521.0
2025-12-25 13:00:00+00:00,87584.0
2025-12-25 14:00:00+00:00,87675.0
2025-12-25 15:00:00+00:00,88340.0
2025-12-25 16:00:00+00:00,88048.0
2025-12-25 17:00:00+00:00,88098.0
2025-12-25 18:00:00+00:00,88205.0
2025-12-25 19:00:00+00:00,88115.0
2025-12-25 20:00:00+00:00,87842.0
2025-12-25 21:00:00+00:00,87864.0
2025-12-25 22:00:00+00:00,87610.0
2025-12-25 23:00:00+00:00,87179.0
2025-12-26 00:00:00+00:00,87084.0
2025-12-26 01:00:00+00:00,87393.0
2025-12-26 02:00:00+00:00,89155.0
2025-12-26 03:00:00+00:00,88797.0
2025-12-26 04:00:00+00:00,88932.0
2025-12-26 05:00:00+00:00,88954.0
2025-12-26 06:00:00+00:00,89095.0
2025-12-26 07:00:00+00:00,88440.0
2025-12-26 08:00:00+00:00,88701.0
2025-12-26 09:00:00+00:00,88774.0
2025-12-26 10:00:00+00:00,88720.0
2025-12-26 11:00:00+00:00,88501.0
2025-12-26 12:00:00+00:00,88643.0
2025-12-26 13:00:00+00:00,88969.0
2025-12-26 14:00:00+00:00,87349.0
2025-12-26 15:00:00+00:00,87102.0
2025-12-26 16:00:00+00:00,86800.0
2025-12-26 17:00:00+00:00,87291.0
2025-12-26 18:00:00+00:00,87231.0
2025-12-26 19:00:00+00:00,87453.0
2025-12-26 20:00:00+00:00,87550.0
2025-12-26 21:00:00+00:00,87428.0
2025-12-26 22:00:00+00:00,87504.0
2025-12-26 23:00:00+00:00,87329.0
2025-12-27 00:00:00+00:00,87354.0
2025-12-27 01:00:00+00:00,87432.0
2025-12-27 02:00:00+00:00,87404.0
2025-12-27 03:00:00+00:00,87471.0
2025-12-27 04:00:00+00:00,87426.0
2025-12-27 05:00:00+00:00,87465.0
2025-12-27 06:00:00+00:00,87431.0
2025-12-27 07:00:00+00:00,87493.0
2025-12-27 08:00:00+00:00,87548.0
2025-12-27 09:00:00+00:00,87574.0
2025-12-27 10:00:00+00:00,87467.0
2025-12-27 11:00:00+00:00,87434.0
2025-12-27 12:00:00+00:00,87435.0
2025-12-27 13:00:00+00:00,87410.0
2025-12-27 14:00:00+00:00,87493.0
2025-12-27 15:00:00+00:00,87519.0
2025-12-27 16:00:00+00:00,87463.0
2025-12-27 17:00:00+00:00,87520.0
2025-12-27 18:00:00+00:00,87464.0
2025-12-27 19:00:00+00:00,87527.0
2025-12-27 20:00:00+00:00,87527.0
2025-12-27 21:00:00+00:00,87629.0
2025-12-27 22:00:00+00:00,87516.0
2025-12-27 23:00:00+00:00,87836.0
2025-12-28 00:00:00+00:00,87820.0
2025-12-28 01:00:00+00:00,87754.0
2025-12-28 02:00:00+00:00,87772.0
2025-12-28 03:00:00+00:00,87700.0
2025-12-28 04:00:00+00:00,87690.0
2025-12-28 05:00:00+00:00,87615.0
2025-12-28 06:00:00+00:00,87691.0
2025-12-28 07:00:00+00:00,87712.0
2025-12-28 08:00:00+00:00,87770.0
2025-12-28 09:00:00+00:00,87774.0
2025-12-28 10:00:00+00:00,87836.0
2025-12-28 11:00:00+00:00,87850.0
2025-12-28 12:00:00+00:00,87821.0
2025-12-28 13:00:00+00:00,87872.0
2025-12-28 14:00:00+00:00,87870.0
2025-12-28 15:00:00+00:00,87799.0
2025-12-28 16:00:00+00:00,87774.0
2025-12-28 17:00:00+00:00,87715.0
2025-12-28 18:00:00+00:00,87553.0
2025-12-28 19:00:00+00:00,87488.0
2025-12-28 20:00:00+00:00,87467.0
2025-12-28 21:00:00+00:00,87543.0
2025-12-28 22:00:00+00:00,87868.0
2025-12-28 23:00:00+00:00,87910.0
2025-12-29 00:00:00+00:00,88260.0
2025-12-29 01:00:00+00:00,88415.0
2025-12-29 02:00:00+00:00,89135.0
2025-12-29 03:00:00+00:00,90101.0
2025-12-29 04:00:00+00:00,90109.0
2025-12-29 05:00:00+00:00,89947.0
2025-12-29 06:00:00+00:00,89741.0
2025-12-29 07:00:00+00:00,89583.0
2025-12-29 08:00:00+00:00,89518.0
2025-12-29 09:00:00+00:00,88071.0
2025-12-29 10:00:00+00:00,87747.0
2025-12-29 11:00:00+00:00,87526.0
2025-12-29 12:00:00+00:00,87325.0
2025-12-29 13:00:00+00:00,87335.0
2025-12-29 14:00:00+00:00,87390.0
2025-12-29 15:00:00+00:00,87642.0
2025-12-29 16:00:00+00:00,87593.0
2025-12-29 17:00:00+00:00,87815.0
2025-12-29 18:00:00+00:00,87426.0
2025-12-29 19:00:00+00:00,87324.0
2025-12-29 20:00:00+00:00,87173.0
2025-12-29 21:00:00+00:00,87296.0
2025-12-29 22:00:00+00:00,87297.0
2025-12-29 23:00:00+00:00,87185.0
2025-12-30 00:00:00+00:00,87216.0
2025-12-30 01:00:00+00:00,87268.0
2025-12-30 02:00:00+00:00,87058.0
2025-12-30 03:00:00+00:00,87329.0
2025-12-30 04:00:00+00:00,87262.0
2025-12-30 05:00:00+00:00,87207.0
2025-12-30 06:00:00+00:00,87405.0
2025-12-30 07:00:00+00:00,87442.0
2025-12-30 08:00:00+00:00,87818.0
2025-12-30 09:00:00+00:00,87953.0
2025-12-30 10:00:00+00:00,87910.0
2025-12-30 11:00:00+00:00,87868.0
2025-12-30 12:00:00+00:00,87996.0
2025-12-30 13:00:00+00:00,88070.0
2025-12-30 14:00:00+00:00,88838.0
2025-12-30 15:00:00+00:00,88970.0
2025-12-30 16:00:00+00:00,88703.0
2025-12-30 17:00:00+00:00,88340.0
2025-12-30 18:00:00+00:00,88263.0
2025-12-30 19:00:00+00:00,88191.0
2025-12-30 20:00:00+00:00,87894.0
2025-12-30 21:00:00+00:00,88244.0
2025-12-30 22:00:00+00:00,88397.0
2025-12-30 23:00:00+00:00,88458.0
2025-12-31 00:00:00+00:00,88232.0
2025-12-31 01:00:00+00:00,88616.0
2025-12-31 02:00:00+00:00,88644.0
2025-12-31 03:00:00+00:00,88425.0
2025-12-31 04:00:00+00:00,88294.0
2025-12-31 05:00:00+00:00,88425.0
2025-12-31 06:00:00+00:00,88483.0
2025-12-31 07:00:00+00:00,88576.0
2025-12-31 08:00:00+00:00,88398.0
2025-12-31 09:00:00+00:00,88631.0
2025-12-31 10:00:00+00:00,88810.0
2025-12-31 11:00:00+00:00,88977.0
2025-12-31 12:00:00+00:00,88747.0
2025-12-31 13:00:00+00:00,88969.0
2025-12-31 14:00:00+00:00,88452.0
2025-12-31 15:00:00+00:00,87912.0
2025-12-31 16:00:00+00:00,87604.0
2025-12-31 17:00:00+00:00,87570.0
2025-12-31 18:00:00+00:00,87642.0
2025-12-31 19:00:00+00:00,87500.0
2025-12-31 20:00:00+00:00,87622.0
2025-12-31 21:00:00+00:00,87753.0
2025-12-31 22:00:00+00:00,87692.0
2025-12-31 23:00:00+00:00,87595.0
2026-01-01 00:00:00+00:00,87759.0
2026-01-01 01:00:00+00:00,87914.0
2026-01-01 02:00:00+00:00,87876.0
2026-01-01 03:00:00+00:00,87822.0
2026-01-01 04:00:00+00:00,87556.0
2026-01-01 05:00:00+00:00,87669.0
2026-01-01 06:00:00+00:00,87612.0
2026-01-01 07:00:00+00:00,87587.0
2026-01-01 08:00:00+00:00,87728.0
2026-01-01 09:00:00+00:00,87838.0
2026-01-01 10:00:00+00:00,87814.0
2026-01-01 11:00:00+00:00,87981.0
2026-01-01 12:00:00+00:00,87900.0
2026-01-01 13:00:00+00:00,87876.0
2026-01-01 14:00:00+00:00,87916.0
2026-01-01 15:00:00+00:00,87993.0
2026-01-01 16:00:00+00:00,87959.0
2026-01-01 17:00:00+00:00,88295.0
2026-01-01 18:00:00+00:00,88166.0
2026-01-01 19:00:00+00:00,88357.0
2026-01-01 20:00:00+00:00,88226.0
2026-01-01 21:00:00+00:00,88364.0
2026-01-01 22:00:00+00:00,88614.0
2026-01-01 23:00:00+00:00,88811.0
2026-01-02 00:00:00+00:00,88806.0
2026-01-02 01:00:00+00:00,88613.0
2026-01-02 02:00:00+00:00,88609.0
2026-01-02 03:00:00+00:00,88920.0
2026-01-02 04:00:00+00:00,88605.0
2026-01-02 05:00:00+00:00,88626.0
