timestamp,open,high,low,close,volume
1768521600000,95605.0,95612.0,95576.0,95581.0,1.953199999999999
1768521660000,95581.0,95679.0,95581.0,95656.0,0.4761
1768521720000,95656.0,95669.0,95634.0,95665.0,0.0398
1768521780000,95665.0,95687.0,95653.0,95678.0,0.0916
1768521840000,95678.0,95686.0,95667.0,95686.0,0.2502
1768521900000,95686.0,95706.0,95684.0,95693.0,0.4503
1768521960000,95693.0,95744.0,95688.0,95713.0,4.0912
1768522020000,95713.0,95713.0,95656.0,95656.0,3.1948
1768522080000,95656.0,95695.0,95656.0,95683.0,0.0772
1768522140000,95683.0,95683.0,95654.0,95654.0,0.0015
1768522200000,95654.0,95654.0,95654.0,95654.0,0.0
1768522260000,95654.0,95685.0,95650.0,95679.0,0.0245999999999999
1768522320000,95679.0,95683.0,95679.0,95683.0,1.7904
1768522380000,95683.0,95683.0,95635.0,95661.0,0.3377999999999999
1768522440000,95661.0,95678.0,95661.0,95676.0,0.0825
1768522500000,95676.0,95716.0,95676.0,95716.0,0.0242
1768522560000,95716.0,95765.0,95716.0,95737.0,0.1439
1768522620000,95737.0,95744.0,95718.0,95735.0,0.5746
1768522680000,95735.0,95769.0,95735.0,95769.0,0.1036
1768522740000,95769.0,95769.0,95769.0,95769.0,0.0
1768522800000,95769.0,95769.0,95746.0,95762.0,0.2895
1768522860000,95762.0,95762.0,95717.0,95717.0,0.016
1768522920000,95717.0,95751.0,95707.0,95751.0,0.5303
1768522980000,95751.0,95751.0,95750.0,95750.0,0.0193
1768523040000,95750.0,95750.0,95627.0,95649.0,0.6113
1768523100000,95649.0,95667.0,95649.0,95667.0,0.0084
1768523160000,95667.0,95690.0,95664.0,95690.0,0.0275
1768523220000,95690.0,95695.0,95684.0,95687.0,0.0667
1768523280000,95687.0,95703.0,95687.0,95703.0,0.0389
1768523340000,95703.0,95703.0,95690.0,95694.0,0.0232
1768523400000,95694.0,95733.0,95673.0,95724.0,1.139399999999999
1768523460000,95724.0,95724.0,95702.0,95718.0,0.4184000000000001
1768523520000,95718.0,95754.0,95718.0,95754.0,0.2585
1768523580000,95754.0,95762.0,95731.0,95735.0,0.2734
1768523640000,95735.0,95780.0,95735.0,95780.0,0.8595
1768523700000,95780.0,95793.0,95760.0,95793.0,4.400800000000004
1768523760000,95793.0,95793.0,95779.0,95787.0,0.0993
1768523820000,95787.0,95796.0,95764.0,95764.0,0.1482
1768523880000,95764.0,95766.0,95761.0,95761.0,0.011
1768523940000,95761.0,95764.0,95761.0,95764.0,0.0011
1768524000000,95764.0,95797.0,95764.0,95790.0,0.3187
1768524060000,95790.0,95790.0,95759.0,95764.0,0.0519
1768524120000,95764.0,95764.0,95756.0,95756.0,0.0586
1768524180000,95756.0,95826.0,95755.0,95804.0,1.360599999999999
1768524240000,95804.0,95806.0,95792.0,95799.0,0.0428
1768524300000,95799.0,95810.0,95765.0,95765.0,0.0355999999999999
1768524360000,95765.0,95770.0,95714.0,95744.0,0.7311
1768524420000,95744.0,95777.0,95744.0,95756.0,0.0671
1768524480000,95756.0,95763.0,95756.0,95763.0,0.0465
1768524540000,95763.0,95763.0,95748.0,95749.0,0.0939
1768524600000,95749.0,95749.0,95717.0,95717.0,0.5675
1768524660000,95717.0,95717.0,95714.0,95714.0,0.8512
1768524720000,95714.0,95714.0,95696.0,95696.0,0.0205
1768524780000,95696.0,95721.0,95696.0,95718.0,0.1704
1768524840000,95718.0,95718.0,95688.0,95688.0,0.0134
1768524900000,95688.0,95688.0,95623.0,95624.0,0.577
1768524960000,95624.0,95635.0,95624.0,95624.0,0.1746
1768525020000,95624.0,95647.0,95621.0,95643.0,0.2146
1768525080000,95643.0,95643.0,95616.0,95616.0,0.0541
1768525140000,95616.0,95632.0,95615.0,95632.0,0.0032
1768525200000,95632.0,95636.0,95619.0,95619.0,0.1408
1768525260000,95619.0,95634.0,95603.0,95603.0,0.2829
1768525320000,95603.0,95620.0,95595.0,95612.0,0.8106
1768525380000,95612.0,95612.0,95612.0,95612.0,0.0
1768525440000,95612.0,95615.0,95600.0,95615.0,0.007
1768525500000,95615.0,95615.0,95528.0,95538.0,0.6805
1768525560000,95538.0,95567.0,95520.0,95532.0,0.5296
1768525620000,95532.0,95532.0,95532.0,95532.0,0.0
1768525680000,95532.0,95540.0,95532.0,95537.0,0.0672
1768525740000,95537.0,95537.0,95507.0,95507.0,0.1139
1768525800000,95507.0,95507.0,95480.0,95480.0,0.0043
1768525860000,95480.0,95480.0,95438.0,95450.0,2.247699999999999
1768525920000,95450.0,95456.0,95442.0,95442.0,0.0719
1768525980000,95442.0,95469.0,95427.0,95469.0,0.1803
1768526040000,95469.0,95482.0,95453.0,95464.0,0.0084
1768526100000,95464.0,95499.0,95464.0,95471.0,0.3887999999999998
1768526160000,95471.0,95495.0,95471.0,95494.0,0.0038
1768526220000,95494.0,95536.0,95494.0,95536.0,0.1204
1768526280000,95536.0,95539.0,95515.0,95515.0,0.1521
1768526340000,95515.0,95515.0,95509.0,95509.0,0.0002
1768526400000,95509.0,95509.0,95505.0,95505.0,0.02
1768526460000,95505.0,95505.0,95501.0,95501.0,0.0005
1768526520000,95501.0,95501.0,95488.0,95488.0,0.0971
1768526580000,95488.0,95537.0,95488.0,95537.0,2.0408
1768526640000,95537.0,95551.0,95534.0,95534.0,0.1589
1768526700000,95534.0,95570.0,95520.0,95520.0,1.3516
1768526760000,95520.0,95542.0,95520.0,95536.0,0.0036
1768526820000,95536.0,95568.0,95536.0,95567.0,0.0267
1768526880000,95567.0,95567.0,95567.0,95567.0,0.0
1768526940000,95567.0,95661.0,95567.0,95648.0,2.290300000000001
1768527000000,95648.0,95729.0,95648.0,95729.0,0.0459
1768527060000,95729.0,95849.0,95729.0,95743.0,1.470099999999999
1768527120000,95743.0,95767.0,95743.0,95767.0,0.0002
1768527180000,95767.0,95801.0,95767.0,95768.0,0.3543
1768527240000,95768.0,95772.0,95739.0,95763.0,0.3834000000000001
1768527300000,95763.0,95772.0,95739.0,95739.0,0.1058000000000001
1768527360000,95739.0,95739.0,95714.0,95714.0,0.0236
1768527420000,95714.0,95723.0,95691.0,95694.0,0.2323
1768527480000,95694.0,95725.0,95690.0,95725.0,0.0499
1768527540000,95725.0,95725.0,95724.0,95724.0,0.0362
1768527600000,95724.0,95724.0,95693.0,95694.0,0.0051
1768527660000,95694.0,95694.0,95694.0,95694.0,0.0
1768527720000,95694.0,95694.0,95649.0,95650.0,0.4493
1768527780000,95650.0,95650.0,95650.0,95650.0,0.007
1768527840000,95650.0,95670.0,95645.0,95649.0,0.4474
1768527900000,95649.0,95667.0,95649.0,95666.0,0.0081
1768527960000,95666.0,95703.0,95666.0,95703.0,0.0033
1768528020000,95703.0,95716.0,95703.0,95716.0,0.0199
1768528080000,95716.0,95725.0,95716.0,95725.0,0.0024
1768528140000,95725.0,95725.0,95725.0,95725.0,0.0
1768528200000,95725.0,95747.0,95725.0,95747.0,0.0206
1768528260000,95747.0,95776.0,95746.0,95746.0,0.0067
1768528320000,95746.0,95746.0,95711.0,95711.0,0.059
1768528380000,95711.0,95718.0,95695.0,95718.0,0.0782
1768528440000,95718.0,95718.0,95686.0,95697.0,0.0583
1768528500000,95697.0,95708.0,95691.0,95708.0,0.0024
1768528560000,95708.0,95708.0,95708.0,95708.0,0.0
1768528620000,95708.0,95713.0,95690.0,95705.0,0.0149
1768528680000,95705.0,95705.0,95666.0,95666.0,0.0253
1768528740000,95666.0,95673.0,95666.0,95673.0,0.001
1768528800000,95673.0,95673.0,95609.0,95609.0,0.3743000000000001
1768528860000,95609.0,95609.0,95586.0,95588.0,0.2397
1768528920000,95588.0,95601.0,95577.0,95581.0,0.1574
1768528980000,95581.0,95581.0,95536.0,95536.0,0.3038
1768529040000,95536.0,95536.0,95444.0,95477.0,5.73980000000001
1768529100000,95477.0,95506.0,95471.0,95481.0,2.2994
1768529160000,95481.0,95529.0,95450.0,95529.0,0.0463
1768529220000,95529.0,95529.0,95458.0,95510.0,0.0588
1768529280000,95510.0,95510.0,95480.0,95493.0,0.0204
1768529340000,95493.0,95508.0,95493.0,95506.0,0.0677
1768529400000,95506.0,95514.0,95500.0,95502.0,0.0607
1768529460000,95502.0,95502.0,95502.0,95502.0,0.0
1768529520000,95502.0,95502.0,95467.0,95468.0,0.0268
1768529580000,95468.0,95468.0,95452.0,95452.0,8.4178
1768529640000,95452.0,95491.0,95452.0,95476.0,0.056
1768529700000,95476.0,95476.0,95400.0,95401.0,2.210300000000001
1768529760000,95401.0,95462.0,95401.0,95454.0,0.0241999999999999
1768529820000,95454.0,95454.0,95419.0,95436.0,0.0077
1768529880000,95436.0,95443.0,95436.0,95443.0,0.0026
1768529940000,95443.0,95462.0,95431.0,95444.0,0.0258
1768530000000,95444.0,95444.0,95390.0,95401.0,2.146399999999999
1768530060000,95401.0,95477.0,95389.0,95477.0,7.6125
1768530120000,95477.0,95507.0,95448.0,95448.0,0.5598
1768530180000,95448.0,95491.0,95448.0,95474.0,0.5362
1768530240000,95474.0,95490.0,95459.0,95489.0,0.2516000000000001
1768530300000,95489.0,95516.0,95477.0,95503.0,0.5592
1768530360000,95503.0,95528.0,95485.0,95528.0,0.0072
1768530420000,95528.0,95577.0,95528.0,95577.0,0.0671
1768530480000,95577.0,95674.0,95554.0,95648.0,1.535999999999998
1768530540000,95648.0,95684.0,95648.0,95667.0,0.0347999999999999
1768530600000,95667.0,95678.0,95638.0,95638.0,0.2142
1768530660000,95638.0,95673.0,95636.0,95642.0,0.3853999999999997
1768530720000,95642.0,95642.0,95631.0,95631.0,0.0007
1768530780000,95631.0,95649.0,95620.0,95620.0,0.2801
1768530840000,95620.0,95629.0,95603.0,95625.0,2.0551
1768530900000,95625.0,95631.0,95622.0,95622.0,0.0268
1768530960000,95622.0,95622.0,95622.0,95622.0,0.0
1768531020000,95622.0,95622.0,95591.0,95591.0,0.0207
1768531080000,95591.0,95591.0,95541.0,95547.0,0.149
1768531140000,95547.0,95558.0,95515.0,95527.0,0.4932
1768531200000,95527.0,95544.0,95524.0,95544.0,0.0043
1768531260000,95544.0,95544.0,95544.0,95544.0,0.0
1768531320000,95544.0,95544.0,95454.0,95483.0,0.9715
1768531380000,95483.0,95483.0,95483.0,95483.0,0.0
1768531440000,95483.0,95483.0,95483.0,95483.0,0.0
1768531500000,95483.0,95512.0,95483.0,95487.0,0.5358
1768531560000,95487.0,95487.0,95487.0,95487.0,0.0
1768531620000,95487.0,95520.0,95487.0,95517.0,0.005
1768531680000,95517.0,95525.0,95517.0,95524.0,0.0066
1768531740000,95524.0,95546.0,95524.0,95544.0,0.0037
1768531800000,95544.0,95544.0,95519.0,95535.0,0.0501
1768531860000,95535.0,95535.0,95502.0,95503.0,0.0492
1768531920000,95503.0,95525.0,95495.0,95512.0,0.1463
1768531980000,95512.0,95512.0,95512.0,95512.0,0.0
1768532040000,95512.0,95512.0,95512.0,95512.0,0.0
1768532100000,95512.0,95512.0,95512.0,95512.0,0.0
1768532160000,95512.0,95537.0,95512.0,95534.0,0.0039
1768532220000,95534.0,95534.0,95517.0,95517.0,0.0034
1768532280000,95517.0,95522.0,95494.0,95522.0,0.0716
1768532340000,95522.0,95525.0,95476.0,95522.0,0.1972
1768532400000,95522.0,95562.0,95522.0,95559.0,0.0353
1768532460000,95559.0,95559.0,95542.0,95542.0,0.005
1768532520000,95542.0,95542.0,95532.0,95532.0,0.0043
1768532580000,95532.0,95532.0,95520.0,95524.0,0.0022
1768532640000,95524.0,95536.0,95520.0,95534.0,0.0049
1768532700000,95534.0,95534.0,95510.0,95530.0,0.0053
1768532760000,95530.0,95551.0,95530.0,95551.0,0.0027
1768532820000,95551.0,95558.0,95544.0,95554.0,0.3193999999999999
1768532880000,95554.0,95570.0,95552.0,95563.0,0.0072
1768532940000,95563.0,95573.0,95563.0,95573.0,0.0089
1768533000000,95573.0,95576.0,95568.0,95568.0,0.0034
1768533060000,95568.0,95568.0,95562.0,95562.0,0.0022
1768533120000,95562.0,95581.0,95562.0,95581.0,0.0025
1768533180000,95581.0,95581.0,95565.0,95578.0,0.0033
1768533240000,95578.0,95578.0,95568.0,95569.0,0.0048
1768533300000,95569.0,95569.0,95495.0,95495.0,0.0512
1768533360000,95495.0,95519.0,95495.0,95519.0,0.0022
1768533420000,95519.0,95519.0,95519.0,95519.0,0.0
1768533480000,95519.0,95522.0,95519.0,95522.0,0.0104
1768533540000,95522.0,95522.0,95522.0,95522.0,0.0
1768533600000,95522.0,95532.0,95522.0,95532.0,0.0004
1768533660000,95532.0,95532.0,95532.0,95532.0,0.0
1768533720000,95532.0,95533.0,95532.0,95533.0,0.0199
1768533780000,95533.0,95533.0,95527.0,95527.0,0.0021
1768533840000,95527.0,95549.0,95527.0,95536.0,0.7136
1768533900000,95536.0,95538.0,95525.0,95538.0,0.0151
1768533960000,95538.0,95538.0,95508.0,95508.0,0.0063
1768534020000,95508.0,95508.0,95506.0,95506.0,0.0105
1768534080000,95506.0,95506.0,95499.0,95499.0,0.0178
1768534140000,95499.0,95507.0,95490.0,95490.0,0.0689
1768534200000,95490.0,95490.0,95484.0,95484.0,0.0026
1768534260000,95484.0,95484.0,95426.0,95426.0,0.2964999999999999
1768534320000,95426.0,95438.0,95410.0,95425.0,0.239
1768534380000,95425.0,95465.0,95396.0,95449.0,0.2994999999999999
1768534440000,95449.0,95464.0,95449.0,95464.0,0.0021
1768534500000,95464.0,95464.0,95423.0,95431.0,0.1034
1768534560000,95431.0,95453.0,95425.0,95447.0,0.2984999999999999
1768534620000,95447.0,95488.0,95447.0,95487.0,0.0469
1768534680000,95487.0,95487.0,95450.0,95450.0,0.0037
1768534740000,95450.0,95453.0,95442.0,95453.0,0.0454
1768534800000,95453.0,95465.0,95449.0,95452.0,0.0115
1768534860000,95452.0,95469.0,95443.0,95446.0,0.0452
1768534920000,95446.0,95464.0,95446.0,95464.0,0.0047
1768534980000,95464.0,95475.0,95459.0,95459.0,0.0061
1768535040000,95459.0,95459.0,95450.0,95450.0,0.001
1768535100000,95450.0,95450.0,95432.0,95432.0,0.0018
1768535160000,95432.0,95449.0,95432.0,95444.0,0.0055
1768535220000,95444.0,95454.0,95423.0,95426.0,0.0556
1768535280000,95426.0,95441.0,95426.0,95441.0,0.0046
1768535340000,95441.0,95441.0,95430.0,95431.0,0.0054
1768535400000,95431.0,95443.0,95418.0,95421.0,0.0186
1768535460000,95421.0,95421.0,95402.0,95402.0,0.0225
1768535520000,95402.0,95415.0,95372.0,95393.0,0.066
1768535580000,95393.0,95402.0,95388.0,95402.0,0.003
1768535640000,95402.0,95410.0,95402.0,95410.0,0.0143
1768535700000,95410.0,95410.0,95406.0,95406.0,0.0018
1768535760000,95406.0,95406.0,95325.0,95327.0,1.339999999999998
1768535820000,95327.0,95363.0,95327.0,95363.0,0.0199
1768535880000,95363.0,95363.0,95358.0,95360.0,0.1376
1768535940000,95360.0,95367.0,95340.0,95341.0,1.2566
1768536000000,95341.0,95356.0,95330.0,95352.0,1.0612
1768536060000,95352.0,95361.0,95352.0,95361.0,0.0009
1768536120000,95361.0,95370.0,95354.0,95354.0,0.0274
1768536180000,95354.0,95354.0,95309.0,95333.0,13.9945
1768536240000,95333.0,95365.0,95333.0,95365.0,0.3473999999999999
1768536300000,95365.0,95389.0,95365.0,95389.0,0.0261
1768536360000,95389.0,95389.0,95355.0,95361.0,0.0016
1768536420000,95361.0,95387.0,95340.0,95372.0,0.2763999999999999
1768536480000,95372.0,95372.0,95367.0,95369.0,0.0011
1768536540000,95369.0,95369.0,95355.0,95359.0,0.2377
1768536600000,95359.0,95385.0,95359.0,95384.0,0.0036
1768536660000,95384.0,95399.0,95384.0,95399.0,0.1121
1768536720000,95399.0,95434.0,95399.0,95413.0,0.07
1768536780000,95413.0,95417.0,95413.0,95417.0,0.022
1768536840000,95417.0,95450.0,95417.0,95429.0,12.42990000000001
1768536900000,95429.0,95478.0,95426.0,95478.0,0.4923
1768536960000,95478.0,95523.0,95478.0,95510.0,0.8144
1768537020000,95510.0,95553.0,95510.0,95537.0,0.1158
1768537080000,95537.0,95551.0,95534.0,95551.0,0.3543
1768537140000,95551.0,95570.0,95528.0,95547.0,1.5351
1768537200000,95547.0,95547.0,95493.0,95494.0,2.147300000000002
1768537260000,95494.0,95494.0,95461.0,95461.0,0.1399
1768537320000,95461.0,95482.0,95461.0,95482.0,0.011
1768537380000,95482.0,95516.0,95482.0,95516.0,0.4765
1768537440000,95516.0,95523.0,95511.0,95522.0,0.0228
1768537500000,95522.0,95550.0,95522.0,95542.0,1.4373
1768537560000,95542.0,95570.0,95542.0,95543.0,0.0617
1768537620000,95543.0,95581.0,95543.0,95550.0,0.0025
1768537680000,95550.0,95550.0,95531.0,95531.0,0.0162
1768537740000,95531.0,95531.0,95386.0,95386.0,8.85030000000001
1768537800000,95386.0,95431.0,95386.0,95431.0,2.252000000000002
1768537860000,95431.0,95433.0,95358.0,95360.0,0.0285
1768537920000,95360.0,95360.0,95358.0,95358.0,0.0212
1768537980000,95358.0,95376.0,95338.0,95338.0,0.1482
1768538040000,95338.0,95369.0,95309.0,95309.0,9.5471
1768538100000,95309.0,95344.0,95270.0,95286.0,1.739399999999998
1768538160000,95286.0,95319.0,95286.0,95318.0,0.2801000000000001
1768538220000,95318.0,95320.0,95314.0,95316.0,0.0222
1768538280000,95316.0,95316.0,95241.0,95282.0,1.882599999999999
1768538340000,95282.0,95288.0,95268.0,95268.0,0.1294
1768538400000,95268.0,95289.0,95187.0,95199.0,2.0727
1768538460000,95199.0,95266.0,95199.0,95264.0,0.1617
1768538520000,95264.0,95268.0,95234.0,95268.0,0.049
1768538580000,95268.0,95269.0,95252.0,95264.0,0.2481999999999999
1768538640000,95264.0,95275.0,95219.0,95219.0,1.636899999999999
1768538700000,95219.0,95290.0,95219.0,95290.0,0.1251000000000001
1768538760000,95290.0,95291.0,95258.0,95258.0,0.0148
1768538820000,95258.0,95286.0,95258.0,95274.0,0.0024
1768538880000,95274.0,95274.0,95200.0,95239.0,1.1817
1768538940000,95239.0,95240.0,95236.0,95238.0,0.027
1768539000000,95238.0,95238.0,95213.0,95215.0,0.5416
1768539060000,95215.0,95224.0,95174.0,95195.0,10.0971
1768539120000,95195.0,95195.0,95145.0,95145.0,0.2392
1768539180000,95145.0,95172.0,95138.0,95158.0,5.0063
1768539240000,95158.0,95185.0,95154.0,95154.0,10.006
1768539300000,95154.0,95190.0,95154.0,95168.0,0.031
1768539360000,95168.0,95179.0,95161.0,95166.0,0.0287
1768539420000,95166.0,95166.0,95141.0,95158.0,0.0292
1768539480000,95158.0,95158.0,95155.0,95155.0,0.0043
1768539540000,95155.0,95267.0,95155.0,95258.0,7.3443
1768539600000,95258.0,95341.0,95243.0,95317.0,0.1879999999999999
1768539660000,95317.0,95399.0,95317.0,95377.0,0.2963999999999999
1768539720000,95377.0,95404.0,95377.0,95399.0,0.1467
1768539780000,95399.0,95399.0,95343.0,95351.0,0.5417
1768539840000,95351.0,95358.0,95317.0,95318.0,0.5933
1768539900000,95318.0,95318.0,95274.0,95310.0,0.3218
1768539960000,95310.0,95316.0,95279.0,95279.0,0.1807
1768540020000,95279.0,95359.0,95279.0,95359.0,0.1343
1768540080000,95359.0,95420.0,95359.0,95420.0,0.1347
1768540140000,95420.0,95424.0,95364.0,95364.0,0.2994
1768540200000,95364.0,95416.0,95364.0,95414.0,0.871
1768540260000,95414.0,95414.0,95410.0,95410.0,0.0001
1768540320000,95410.0,95441.0,95410.0,95434.0,1.0024
1768540380000,95434.0,95452.0,95415.0,95415.0,0.7117
1768540440000,95415.0,95437.0,95408.0,95408.0,0.0081
1768540500000,95408.0,95439.0,95406.0,95439.0,0.0935
1768540560000,95439.0,95439.0,95358.0,95399.0,1.1958
1768540620000,95399.0,95437.0,95399.0,95437.0,2.3591
1768540680000,95437.0,95437.0,95363.0,95363.0,0.0252
1768540740000,95363.0,95396.0,95363.0,95389.0,0.1981000000000001
1768540800000,95389.0,95389.0,95328.0,95360.0,4.76340000000001
1768540860000,95360.0,95360.0,95332.0,95342.0,0.0051
1768540920000,95342.0,95346.0,95294.0,95318.0,0.5878
1768540980000,95318.0,95324.0,95314.0,95324.0,0.0585
1768541040000,95324.0,95324.0,95294.0,95296.0,0.0037
1768541100000,95296.0,95303.0,95270.0,95279.0,0.0319999999999999
1768541160000,95279.0,95308.0,95273.0,95287.0,0.3783999999999999
1768541220000,95287.0,95287.0,95271.0,95271.0,0.5093
1768541280000,95271.0,95305.0,95271.0,95305.0,0.0641
1768541340000,95305.0,95305.0,95301.0,95301.0,0.0576
1768541400000,95301.0,95301.0,95293.0,95293.0,0.1346
1768541460000,95293.0,95310.0,95293.0,95303.0,0.2198
1768541520000,95303.0,95399.0,95303.0,95399.0,0.3509999999999999
1768541580000,95399.0,95399.0,95348.0,95356.0,0.2942
1768541640000,95356.0,95374.0,95351.0,95374.0,0.3152999999999999
1768541700000,95374.0,95401.0,95367.0,95401.0,0.5329
1768541760000,95401.0,95424.0,95401.0,95419.0,0.2532
1768541820000,95419.0,95440.0,95419.0,95440.0,0.0038
1768541880000,95440.0,95490.0,95440.0,95490.0,0.5427
1768541940000,95490.0,95519.0,95439.0,95519.0,2.205599999999999
1768542000000,95519.0,95535.0,95484.0,95484.0,0.1772
1768542060000,95484.0,95537.0,95484.0,95520.0,0.7104
1768542120000,95520.0,95530.0,95512.0,95530.0,0.4395
1768542180000,95530.0,95653.0,95530.0,95616.0,7.31350000000001
1768542240000,95616.0,95619.0,95580.0,95595.0,0.5779
1768542300000,95595.0,95595.0,95569.0,95569.0,0.1415
1768542360000,95569.0,95670.0,95569.0,95670.0,3.447099999999999
1768542420000,95670.0,95670.0,95625.0,95630.0,0.6939
1768542480000,95630.0,95634.0,95608.0,95608.0,0.3158999999999999
1768542540000,95608.0,95649.0,95608.0,95630.0,0.7912
1768542600000,95630.0,95696.0,95599.0,95608.0,5.4369
1768542660000,95608.0,95624.0,95589.0,95624.0,0.3209999999999998
1768542720000,95624.0,95626.0,95596.0,95618.0,0.4574
1768542780000,95618.0,95649.0,95618.0,95631.0,0.109
1768542840000,95631.0,95631.0,95593.0,95619.0,0.6698
1768542900000,95619.0,95634.0,95614.0,95631.0,0.7095
1768542960000,95631.0,95680.0,95631.0,95653.0,0.1114
1768543020000,95653.0,95684.0,95629.0,95680.0,0.3218999999999999
1768543080000,95680.0,95680.0,95640.0,95656.0,0.3445
1768543140000,95656.0,95691.0,95656.0,95673.0,0.2854999999999999
1768543200000,95673.0,95700.0,95661.0,95700.0,0.8636
1768543260000,95700.0,95752.0,95679.0,95680.0,7.34490000000001
1768543320000,95680.0,95730.0,95679.0,95691.0,0.6686
1768543380000,95691.0,95726.0,95691.0,95726.0,0.0868
1768543440000,95726.0,95747.0,95719.0,95738.0,0.4841
1768543500000,95738.0,95810.0,95717.0,95799.0,1.2111
1768543560000,95799.0,95825.0,95790.0,95802.0,0.396
1768543620000,95802.0,95802.0,95705.0,95705.0,1.367
1768543680000,95705.0,95728.0,95680.0,95680.0,2.65
1768543740000,95680.0,95699.0,95680.0,95699.0,0.1271
1768543800000,95699.0,95701.0,95622.0,95622.0,0.4834
1768543860000,95622.0,95662.0,95621.0,95630.0,0.4157999999999999
1768543920000,95630.0,95666.0,95629.0,95666.0,0.6086
1768543980000,95666.0,95666.0,95586.0,95608.0,5.3592
1768544040000,95608.0,95625.0,95597.0,95625.0,0.3148
1768544100000,95625.0,95625.0,95600.0,95600.0,0.3356
1768544160000,95600.0,95624.0,95585.0,95624.0,0.2274
1768544220000,95624.0,95624.0,95608.0,95608.0,0.0105
1768544280000,95608.0,95617.0,95599.0,95617.0,0.0201
1768544340000,95617.0,95617.0,95532.0,95532.0,6.9084
1768544400000,95532.0,95578.0,95532.0,95569.0,0.6316
1768544460000,95569.0,95641.0,95569.0,95641.0,0.8463
1768544520000,95641.0,95671.0,95640.0,95671.0,0.0701
1768544580000,95671.0,95679.0,95653.0,95665.0,0.4802
1768544640000,95665.0,95675.0,95657.0,95671.0,0.0747
1768544700000,95671.0,95677.0,95663.0,95677.0,0.0231
1768544760000,95677.0,95683.0,95663.0,95670.0,0.0313
1768544820000,95670.0,95670.0,95663.0,95663.0,0.001
1768544880000,95663.0,95665.0,95657.0,95657.0,0.2402
1768544940000,95657.0,95657.0,95655.0,95655.0,0.0693
1768545000000,95655.0,95655.0,95655.0,95655.0,0.0
1768545060000,95655.0,95655.0,95655.0,95655.0,0.0
1768545120000,95655.0,95655.0,95628.0,95642.0,0.4430999999999999
1768545180000,95642.0,95657.0,95642.0,95657.0,0.2811
1768545240000,95657.0,95677.0,95656.0,95677.0,0.0218
1768545300000,95677.0,95677.0,95654.0,95659.0,0.0766
1768545360000,95659.0,95659.0,95659.0,95659.0,0.0
1768545420000,95659.0,95659.0,95634.0,95644.0,0.1197
1768545480000,95644.0,95670.0,95633.0,95670.0,0.2215
1768545540000,95670.0,95670.0,95670.0,95670.0,0.0
1768545600000,95670.0,95689.0,95655.0,95689.0,0.8844
1768545660000,95689.0,95742.0,95678.0,95737.0,0.3097
1768545720000,95737.0,95746.0,95728.0,95738.0,1.1739
1768545780000,95738.0,95739.0,95714.0,95721.0,0.1633
1768545840000,95721.0,95729.0,95705.0,95708.0,0.2166999999999999
1768545900000,95708.0,95778.0,95708.0,95752.0,1.7679
1768545960000,95752.0,95752.0,95732.0,95748.0,1.399700000000002
1768546020000,95748.0,95748.0,95729.0,95729.0,0.123
1768546080000,95729.0,95741.0,95714.0,95741.0,0.1304
1768546140000,95741.0,95769.0,95723.0,95737.0,2.348799999999999
1768546200000,95737.0,95745.0,95727.0,95727.0,0.0852
1768546260000,95727.0,95727.0,95677.0,95692.0,0.3497999999999998
1768546320000,95692.0,95735.0,95681.0,95735.0,0.9579
1768546380000,95735.0,95737.0,95715.0,95715.0,2.3893
1768546440000,95715.0,95715.0,95715.0,95715.0,0.0
1768546500000,95715.0,95741.0,95715.0,95741.0,0.0457
1768546560000,95741.0,95770.0,95719.0,95767.0,4.008999999999999
1768546620000,95767.0,95767.0,95726.0,95760.0,1.258
1768546680000,95760.0,95772.0,95751.0,95760.0,0.3791999999999998
1768546740000,95760.0,95771.0,95760.0,95763.0,0.3285
1768546800000,95763.0,95765.0,95756.0,95762.0,0.3014
1768546860000,95762.0,95762.0,95730.0,95741.0,0.0996
1768546920000,95741.0,95746.0,95741.0,95746.0,0.0186
1768546980000,95746.0,95748.0,95740.0,95745.0,1.644800000000001
1768547040000,95745.0,95764.0,95736.0,95764.0,1.22
1768547100000,95764.0,95807.0,95764.0,95783.0,0.3697999999999999
1768547160000,95783.0,95783.0,95727.0,95737.0,0.6092
1768547220000,95737.0,95758.0,95713.0,95741.0,2.3734
1768547280000,95741.0,95741.0,95719.0,95735.0,0.2384999999999999
1768547340000,95735.0,95753.0,95725.0,95753.0,0.2433
1768547400000,95753.0,95753.0,95736.0,95738.0,0.7004
1768547460000,95738.0,95744.0,95720.0,95742.0,0.612
1768547520000,95742.0,95748.0,95728.0,95730.0,1.2562
1768547580000,95730.0,95743.0,95721.0,95729.0,0.1867
1768547640000,95729.0,95737.0,95700.0,95700.0,0.666
1768547700000,95700.0,95701.0,95678.0,95692.0,1.223200000000001
1768547760000,95692.0,95702.0,95651.0,95701.0,0.7897
1768547820000,95701.0,95701.0,95654.0,95684.0,0.3783
1768547880000,95684.0,95699.0,95684.0,95689.0,0.6719
1768547940000,95689.0,95690.0,95663.0,95683.0,0.2197999999999999
1768548000000,95683.0,95718.0,95683.0,95684.0,1.5972
1768548060000,95684.0,95705.0,95683.0,95704.0,0.1515
1768548120000,95704.0,95704.0,95672.0,95672.0,0.3126999999999999
1768548180000,95672.0,95705.0,95672.0,95704.0,3.103499999999999
1768548240000,95704.0,95704.0,95663.0,95691.0,0.4323999999999999
1768548300000,95691.0,95691.0,95665.0,95672.0,0.0722
1768548360000,95672.0,95672.0,95646.0,95653.0,0.4707
1768548420000,95653.0,95653.0,95627.0,95627.0,0.0621
1768548480000,95627.0,95627.0,95588.0,95597.0,0.2632
1768548540000,95597.0,95614.0,95583.0,95613.0,0.3537
1768548600000,95613.0,95613.0,95514.0,95543.0,8.5355
1768548660000,95543.0,95543.0,95511.0,95531.0,0.2705
1768548720000,95531.0,95558.0,95529.0,95542.0,0.3501999999999999
1768548780000,95542.0,95560.0,95542.0,95553.0,0.381
1768548840000,95553.0,95570.0,95543.0,95570.0,0.667
1768548900000,95570.0,95570.0,95523.0,95536.0,0.8601
1768548960000,95536.0,95556.0,95515.0,95516.0,0.8936
1768549020000,95516.0,95547.0,95490.0,95547.0,1.2566
1768549080000,95547.0,95547.0,95498.0,95498.0,0.4942
1768549140000,95498.0,95508.0,95493.0,95498.0,0.2402999999999999
1768549200000,95498.0,95525.0,95498.0,95523.0,0.7143
1768549260000,95523.0,95525.0,95503.0,95518.0,0.5312
1768549320000,95518.0,95531.0,95513.0,95519.0,0.7716
1768549380000,95519.0,95544.0,95479.0,95504.0,1.816200000000002
1768549440000,95504.0,95519.0,95494.0,95512.0,4.6041
1768549500000,95512.0,95564.0,95508.0,95541.0,2.0486
1768549560000,95541.0,95579.0,95541.0,95578.0,3.4032
1768549620000,95578.0,95580.0,95552.0,95565.0,1.3144
1768549680000,95565.0,95569.0,95563.0,95569.0,0.0167
1768549740000,95569.0,95618.0,95567.0,95618.0,3.126499999999999
1768549800000,95618.0,95622.0,95585.0,95598.0,0.4018000000000001
1768549860000,95598.0,95607.0,95570.0,95588.0,1.730400000000001
1768549920000,95588.0,95618.0,95588.0,95618.0,1.2616
1768549980000,95618.0,95627.0,95618.0,95625.0,0.0055
1768550040000,95625.0,95665.0,95621.0,95661.0,7.5545
1768550100000,95661.0,95674.0,95661.0,95667.0,0.1462999999999999
1768550160000,95667.0,95671.0,95667.0,95669.0,0.1095
1768550220000,95669.0,95671.0,95669.0,95671.0,0.0533
1768550280000,95671.0,95699.0,95671.0,95699.0,0.0825
1768550340000,95699.0,95699.0,95657.0,95686.0,1.5989
1768550400000,95686.0,95697.0,95678.0,95693.0,0.82
1768550460000,95693.0,95693.0,95693.0,95693.0,0.0
1768550520000,95693.0,95693.0,95693.0,95693.0,0.0
1768550580000,95693.0,95693.0,95693.0,95693.0,0.0
1768550640000,95693.0,95693.0,95693.0,95693.0,0.0
1768550700000,95693.0,95693.0,95693.0,95693.0,0.0
1768550760000,95693.0,95693.0,95693.0,95693.0,0.0
1768550820000,95693.0,95693.0,95693.0,95693.0,0.0
1768550880000,95693.0,95693.0,95693.0,95693.0,0.0
1768550940000,95693.0,95693.0,95693.0,95693.0,0.0
1768551000000,95693.0,95693.0,95693.0,95693.0,0.0
1768551060000,95693.0,95693.0,95693.0,95693.0,0.0
1768551120000,95693.0,95693.0,95693.0,95693.0,0.0
1768551180000,95693.0,95693.0,95693.0,95693.0,0.0
1768551240000,95693.0,95693.0,95693.0,95693.0,0.0
1768551300000,95693.0,95731.0,95693.0,95731.0,0.0234
1768551360000,95731.0,95731.0,95700.0,95700.0,0.0483
1768551420000,95700.0,95721.0,95700.0,95721.0,0.2098
1768551480000,95721.0,95746.0,95721.0,95735.0,0.2143
1768551540000,95735.0,95750.0,95735.0,95750.0,3.6193
1768551600000,95750.0,95757.0,95742.0,95750.0,2.0951
1768551660000,95750.0,95754.0,95727.0,95750.0,0.0435
1768551720000,95750.0,95750.0,95704.0,95734.0,0.9591
1768551780000,95734.0,95743.0,95720.0,95720.0,0.0026
1768551840000,95720.0,95720.0,95717.0,95717.0,0.0026
1768551900000,95717.0,95741.0,95717.0,95729.0,0.0022
1768551960000,95729.0,95763.0,95729.0,95761.0,1.019
1768552020000,95761.0,95761.0,95745.0,95752.0,0.0403
1768552080000,95752.0,95776.0,95752.0,95776.0,1.0328
1768552140000,95776.0,95838.0,95776.0,95801.0,8.1471
1768552200000,95801.0,95854.0,95788.0,95828.0,2.663200000000001
1768552260000,95828.0,95828.0,95765.0,95765.0,1.4641
1768552320000,95765.0,95791.0,95747.0,95747.0,0.4428999999999999
1768552380000,95747.0,95796.0,95747.0,95753.0,0.2606
1768552440000,95753.0,95762.0,95751.0,95760.0,3.124099999999999
1768552500000,95760.0,95761.0,95677.0,95689.0,9.50619999999999
1768552560000,95689.0,95705.0,95667.0,95667.0,0.64
1768552620000,95667.0,95676.0,95666.0,95676.0,0.0525
1768552680000,95676.0,95694.0,95676.0,95692.0,0.0033
1768552740000,95692.0,95708.0,95691.0,95708.0,0.0028
1768552800000,95708.0,95731.0,95708.0,95731.0,0.51
1768552860000,95731.0,95739.0,95719.0,95739.0,0.1494
1768552920000,95739.0,95739.0,95727.0,95736.0,0.0435
1768552980000,95736.0,95773.0,95735.0,95773.0,0.0787
1768553040000,95773.0,95802.0,95773.0,95777.0,0.7366
1768553100000,95777.0,95777.0,95721.0,95724.0,0.1215
1768553160000,95724.0,95738.0,95680.0,95680.0,2.5355
1768553220000,95680.0,95728.0,95680.0,95695.0,1.5233
1768553280000,95695.0,95774.0,95688.0,95774.0,2.5234
1768553340000,95774.0,95774.0,95720.0,95753.0,0.1921000000000001
1768553400000,95753.0,95774.0,95753.0,95762.0,0.0809
1768553460000,95762.0,95762.0,95746.0,95753.0,0.0231
1768553520000,95753.0,95753.0,95710.0,95710.0,0.0568
1768553580000,95710.0,95743.0,95710.0,95743.0,0.0241
1768553640000,95743.0,95770.0,95743.0,95764.0,0.0374
1768553700000,95764.0,95764.0,95717.0,95730.0,0.0645
1768553760000,95730.0,95730.0,95715.0,95715.0,0.0624
1768553820000,95715.0,95716.0,95709.0,95709.0,0.0451
1768553880000,95709.0,95712.0,95677.0,95677.0,1.9023
1768553940000,95677.0,95677.0,95666.0,95667.0,0.0206
1768554000000,95667.0,95679.0,95647.0,95679.0,1.09
1768554060000,95679.0,95685.0,95659.0,95685.0,0.0718
1768554120000,95685.0,95710.0,95681.0,95710.0,0.0508
1768554180000,95710.0,95710.0,95702.0,95702.0,0.0138
1768554240000,95702.0,95702.0,95685.0,95685.0,0.0067
1768554300000,95685.0,95685.0,95685.0,95685.0,0.0
1768554360000,95685.0,95772.0,95685.0,95772.0,0.2507
1768554420000,95772.0,95772.0,95743.0,95745.0,0.1506
1768554480000,95745.0,95745.0,95734.0,95734.0,0.0087
1768554540000,95734.0,95734.0,95711.0,95718.0,0.0514
1768554600000,95718.0,95745.0,95718.0,95745.0,0.1653
1768554660000,95745.0,95756.0,95744.0,95744.0,0.015
1768554720000,95744.0,95744.0,95701.0,95702.0,3.493700000000001
1768554780000,95702.0,95715.0,95702.0,95711.0,0.005
1768554840000,95711.0,95719.0,95696.0,95696.0,0.3333
1768554900000,95696.0,95696.0,95657.0,95657.0,0.1157
1768554960000,95657.0,95657.0,95595.0,95597.0,2.474500000000001
1768555020000,95597.0,95624.0,95581.0,95624.0,2.170599999999999
1768555080000,95624.0,95624.0,95591.0,95591.0,0.5336
1768555140000,95591.0,95627.0,95591.0,95627.0,0.0048
1768555200000,95627.0,95630.0,95608.0,95614.0,0.1262
1768555260000,95614.0,95614.0,95614.0,95614.0,0.0
1768555320000,95614.0,95630.0,95605.0,95605.0,2.0624
1768555380000,95605.0,95636.0,95605.0,95636.0,0.0141
1768555440000,95636.0,95643.0,95636.0,95643.0,0.0841
1768555500000,95643.0,95644.0,95628.0,95628.0,0.5745
1768555560000,95628.0,95650.0,95628.0,95650.0,1.0027
1768555620000,95650.0,95662.0,95629.0,95662.0,0.0009
1768555680000,95662.0,95691.0,95662.0,95690.0,0.1482
1768555740000,95690.0,95711.0,95690.0,95711.0,0.0205
1768555800000,95711.0,95737.0,95681.0,95683.0,3.780699999999999
1768555860000,95683.0,95683.0,95660.0,95662.0,0.0121
1768555920000,95662.0,95676.0,95658.0,95658.0,1.2573
1768555980000,95658.0,95658.0,95644.0,95644.0,0.0765
1768556040000,95644.0,95668.0,95644.0,95668.0,0.125
1768556100000,95668.0,95668.0,95652.0,95661.0,0.0831
1768556160000,95661.0,95661.0,95661.0,95661.0,0.0
1768556220000,95661.0,95670.0,95643.0,95643.0,0.1271
1768556280000,95643.0,95669.0,95643.0,95657.0,0.0322
1768556340000,95657.0,95680.0,95657.0,95680.0,0.1568
1768556400000,95680.0,95680.0,95653.0,95659.0,0.0694
1768556460000,95659.0,95659.0,95659.0,95659.0,0.0
1768556520000,95659.0,95667.0,95659.0,95667.0,0.0003
1768556580000,95667.0,95671.0,95667.0,95671.0,0.0041
1768556640000,95671.0,95671.0,95671.0,95671.0,0.0
1768556700000,95671.0,95671.0,95660.0,95663.0,0.0037
1768556760000,95663.0,95663.0,95631.0,95631.0,0.0807
1768556820000,95631.0,95631.0,95619.0,95630.0,0.1031
1768556880000,95630.0,95635.0,95615.0,95623.0,0.5148
1768556940000,95623.0,95623.0,95604.0,95604.0,0.056
1768557000000,95604.0,95627.0,95604.0,95609.0,0.194
1768557060000,95609.0,95628.0,95609.0,95628.0,0.0202
1768557120000,95628.0,95660.0,95628.0,95648.0,3.8241
1768557180000,95648.0,95675.0,95648.0,95654.0,0.1012
1768557240000,95654.0,95676.0,95648.0,95648.0,0.0418
1768557300000,95648.0,95648.0,95636.0,95638.0,0.0015
1768557360000,95638.0,95638.0,95630.0,95630.0,0.0012
1768557420000,95630.0,95630.0,95629.0,95629.0,0.0005
1768557480000,95629.0,95635.0,95620.0,95635.0,0.2092
1768557540000,95635.0,95635.0,95635.0,95635.0,0.0
1768557600000,95635.0,95635.0,95622.0,95635.0,1.0159
1768557660000,95635.0,95635.0,95610.0,95610.0,0.0022
1768557720000,95610.0,95610.0,95600.0,95600.0,0.016
1768557780000,95600.0,95600.0,95575.0,95575.0,0.6678
1768557840000,95575.0,95579.0,95570.0,95573.0,0.2049
1768557900000,95573.0,95573.0,95558.0,95559.0,3.162799999999999
1768557960000,95559.0,95559.0,95487.0,95520.0,6.1433
1768558020000,95520.0,95535.0,95520.0,95525.0,1.5
1768558080000,95525.0,95544.0,95525.0,95531.0,0.1643
1768558140000,95531.0,95554.0,95531.0,95554.0,0.2847
1768558200000,95554.0,95573.0,95541.0,95573.0,0.206
1768558260000,95573.0,95573.0,95557.0,95569.0,0.0109
1768558320000,95569.0,95569.0,95569.0,95569.0,0.0
1768558380000,95569.0,95572.0,95563.0,95564.0,0.019
1768558440000,95564.0,95568.0,95564.0,95568.0,0.0004
1768558500000,95568.0,95569.0,95499.0,95499.0,0.4769
1768558560000,95499.0,95499.0,95426.0,95433.0,0.8407
1768558620000,95433.0,95457.0,95429.0,95447.0,0.3005
1768558680000,95447.0,95447.0,95447.0,95447.0,0.0
1768558740000,95447.0,95461.0,95447.0,95451.0,1.0
1768558800000,95451.0,95493.0,95451.0,95493.0,0.0526
1768558860000,95493.0,95493.0,95475.0,95484.0,0.1476
1768558920000,95484.0,95484.0,95451.0,95459.0,0.1369
1768558980000,95459.0,95466.0,95412.0,95426.0,3.4822
1768559040000,95426.0,95426.0,95412.0,95418.0,0.2823
1768559100000,95418.0,95430.0,95412.0,95426.0,0.1781
1768559160000,95426.0,95426.0,95426.0,95426.0,0.0
1768559220000,95426.0,95448.0,95426.0,95448.0,4.035200000000002
1768559280000,95448.0,95448.0,95433.0,95433.0,0.0012
1768559340000,95433.0,95433.0,95417.0,95417.0,0.0631
1768559400000,95417.0,95417.0,95400.0,95417.0,0.7962
1768559460000,95417.0,95424.0,95412.0,95424.0,0.1627
1768559520000,95424.0,95425.0,95403.0,95403.0,0.6095
1768559580000,95403.0,95422.0,95400.0,95411.0,0.8787
1768559640000,95411.0,95419.0,95396.0,95396.0,4.0283
1768559700000,95396.0,95420.0,95396.0,95420.0,0.1177
1768559760000,95420.0,95437.0,95418.0,95436.0,0.2005000000000001
1768559820000,95436.0,95436.0,95364.0,95369.0,1.0337
1768559880000,95369.0,95389.0,95369.0,95389.0,0.0143
1768559940000,95389.0,95389.0,95325.0,95332.0,0.3344
1768560000000,95332.0,95332.0,95330.0,95330.0,0.0001
1768560060000,95330.0,95345.0,95325.0,95325.0,0.4671
1768560120000,95325.0,95326.0,95325.0,95326.0,0.0017
1768560180000,95326.0,95327.0,95322.0,95322.0,0.4001
1768560240000,95322.0,95387.0,95321.0,95386.0,32.3083
1768560300000,95386.0,95430.0,95382.0,95382.0,1.2924
1768560360000,95382.0,95420.0,95382.0,95401.0,0.2758
1768560420000,95401.0,95422.0,95395.0,95421.0,0.3912999999999998
1768560480000,95421.0,95423.0,95410.0,95410.0,0.0176
1768560540000,95410.0,95421.0,95396.0,95396.0,0.2866
1768560600000,95396.0,95414.0,95360.0,95360.0,2.8506
1768560660000,95360.0,95371.0,95308.0,95320.0,2.0882
1768560720000,95320.0,95350.0,95313.0,95345.0,0.1172
1768560780000,95345.0,95345.0,95320.0,95320.0,0.0488
1768560840000,95320.0,95329.0,95308.0,95319.0,0.0422
1768560900000,95319.0,95357.0,95319.0,95354.0,0.2033
1768560960000,95354.0,95354.0,95319.0,95319.0,0.012
1768561020000,95319.0,95324.0,95319.0,95324.0,11.7073
1768561080000,95324.0,95324.0,95321.0,95321.0,0.0398
1768561140000,95321.0,95321.0,95321.0,95321.0,0.0
1768561200000,95321.0,95321.0,95319.0,95319.0,0.3313
1768561260000,95319.0,95319.0,95319.0,95319.0,0.1389
1768561320000,95319.0,95319.0,95279.0,95279.0,32.43380000000002
1768561380000,95279.0,95279.0,95277.0,95277.0,0.0005
1768561440000,95277.0,95298.0,95273.0,95275.0,0.3275
1768561500000,95275.0,95299.0,95261.0,95299.0,0.253
1768561560000,95299.0,95326.0,95299.0,95326.0,0.1261
1768561620000,95326.0,95344.0,95324.0,95344.0,0.2492
1768561680000,95344.0,95367.0,95344.0,95355.0,0.3379999999999999
1768561740000,95355.0,95355.0,95314.0,95338.0,1.4468
1768561800000,95338.0,95365.0,95338.0,95361.0,0.0658
1768561860000,95361.0,95398.0,95361.0,95381.0,0.1978000000000001
1768561920000,95381.0,95391.0,95349.0,95349.0,0.0615
1768561980000,95349.0,95349.0,95308.0,95308.0,2.0138
1768562040000,95308.0,95329.0,95308.0,95321.0,1.4233
1768562100000,95321.0,95348.0,95321.0,95325.0,0.1162
1768562160000,95325.0,95326.0,95300.0,95301.0,6.69560000000001
1768562220000,95301.0,95308.0,95269.0,95281.0,0.2594
1768562280000,95281.0,95353.0,95266.0,95353.0,0.1816
1768562340000,95353.0,95376.0,95353.0,95376.0,0.0125
1768562400000,95376.0,95376.0,95345.0,95345.0,0.0575
1768562460000,95345.0,95345.0,95330.0,95330.0,0.2502
1768562520000,95330.0,95384.0,95330.0,95378.0,1.2285
1768562580000,95378.0,95397.0,95373.0,95397.0,0.0377
1768562640000,95397.0,95397.0,95372.0,95379.0,0.0224
1768562700000,95379.0,95379.0,95346.0,95368.0,0.0389999999999999
1768562760000,95368.0,95379.0,95368.0,95369.0,0.0489
1768562820000,95369.0,95378.0,95328.0,95328.0,0.0798
1768562880000,95328.0,95328.0,95325.0,95328.0,0.3541
1768562940000,95328.0,95350.0,95328.0,95350.0,0.3305999999999999
1768563000000,95350.0,95352.0,95318.0,95331.0,0.0226
1768563060000,95331.0,95335.0,95331.0,95335.0,0.009
1768563120000,95335.0,95358.0,95335.0,95348.0,0.0165
1768563180000,95348.0,95378.0,95348.0,95372.0,0.0514
1768563240000,95372.0,95412.0,95372.0,95412.0,0.079
1768563300000,95412.0,95414.0,95374.0,95387.0,0.8675
1768563360000,95387.0,95400.0,95386.0,95388.0,0.0558
1768563420000,95388.0,95395.0,95356.0,95395.0,0.028
1768563480000,95395.0,95406.0,95373.0,95375.0,0.0617
1768563540000,95375.0,95381.0,95368.0,95381.0,0.0234
1768563600000,95381.0,95381.0,95362.0,95362.0,0.016
1768563660000,95362.0,95365.0,95354.0,95359.0,0.0098
1768563720000,95359.0,95360.0,95357.0,95360.0,0.006
1768563780000,95360.0,95360.0,95330.0,95330.0,0.0128
1768563840000,95330.0,95339.0,95307.0,95311.0,0.0879
1768563900000,95311.0,95335.0,95294.0,95333.0,0.1239
1768563960000,95333.0,95372.0,95333.0,95371.0,0.1239
1768564020000,95371.0,95424.0,95371.0,95424.0,0.0886
1768564080000,95424.0,95436.0,95393.0,95393.0,0.4777
1768564140000,95393.0,95444.0,95393.0,95428.0,3.4251
1768564200000,95428.0,95455.0,95428.0,95455.0,0.0594
1768564260000,95455.0,95466.0,95452.0,95462.0,0.1149
1768564320000,95462.0,95470.0,95462.0,95462.0,0.0324999999999999
1768564380000,95462.0,95476.0,95462.0,95464.0,0.0596
1768564440000,95464.0,95477.0,95459.0,95460.0,0.5092
1768564500000,95460.0,95460.0,95406.0,95420.0,0.7227
1768564560000,95420.0,95443.0,95414.0,95437.0,0.116
1768564620000,95437.0,95437.0,95416.0,95426.0,0.1099
1768564680000,95426.0,95433.0,95417.0,95433.0,0.0519
1768564740000,95433.0,95436.0,95423.0,95430.0,0.0091
1768564800000,95430.0,95443.0,95403.0,95416.0,0.5783
1768564860000,95416.0,95432.0,95413.0,95425.0,0.0473
1768564920000,95425.0,95469.0,95425.0,95469.0,0.568
1768564980000,95469.0,95469.0,95457.0,95460.0,0.006
1768565040000,95460.0,95472.0,95450.0,95472.0,0.1617
1768565100000,95472.0,95473.0,95464.0,95464.0,0.0365
1768565160000,95464.0,95488.0,95464.0,95472.0,1.247799999999999
1768565220000,95472.0,95479.0,95441.0,95465.0,0.3593999999999998
1768565280000,95465.0,95465.0,95458.0,95459.0,0.0944
1768565340000,95459.0,95472.0,95459.0,95472.0,0.044
1768565400000,95472.0,95488.0,95458.0,95460.0,0.1197000000000001
1768565460000,95460.0,95483.0,95460.0,95467.0,0.3305
1768565520000,95467.0,95468.0,95457.0,95457.0,0.0176
1768565580000,95457.0,95459.0,95442.0,95459.0,0.2988999999999999
1768565640000,95459.0,95476.0,95452.0,95476.0,0.0068
1768565700000,95476.0,95496.0,95476.0,95496.0,0.1195
1768565760000,95496.0,95496.0,95494.0,95494.0,16.36119999999999
1768565820000,95494.0,95550.0,95473.0,95512.0,12.4239
1768565880000,95512.0,95519.0,95498.0,95498.0,0.144
1768565940000,95498.0,95518.0,95498.0,95515.0,0.0396
1768566000000,95515.0,95549.0,95501.0,95531.0,9.42570000000001
1768566060000,95531.0,95531.0,95492.0,95492.0,0.002
1768566120000,95492.0,95510.0,95490.0,95510.0,0.1263
1768566180000,95510.0,95530.0,95495.0,95530.0,0.0491
1768566240000,95530.0,95552.0,95519.0,95552.0,1.165399999999999
1768566300000,95552.0,95552.0,95512.0,95518.0,4.1005
1768566360000,95518.0,95534.0,95518.0,95534.0,0.0479
1768566420000,95534.0,95550.0,95534.0,95550.0,0.0058
1768566480000,95550.0,95590.0,95550.0,95575.0,3.702100000000001
1768566540000,95575.0,95584.0,95552.0,95583.0,0.0307
1768566600000,95583.0,95583.0,95550.0,95550.0,0.1063
1768566660000,95550.0,95550.0,95495.0,95503.0,1.26
1768566720000,95503.0,95503.0,95448.0,95471.0,1.7049
1768566780000,95471.0,95481.0,95448.0,95467.0,0.7524
1768566840000,95467.0,95496.0,95459.0,95491.0,0.2375
1768566900000,95491.0,95497.0,95437.0,95446.0,4.146800000000003
1768566960000,95446.0,95462.0,95442.0,95442.0,0.0884
1768567020000,95442.0,95463.0,95436.0,95455.0,0.0873
1768567080000,95455.0,95476.0,95455.0,95475.0,0.4894
1768567140000,95475.0,95497.0,95475.0,95488.0,0.1355
1768567200000,95488.0,95498.0,95483.0,95485.0,0.5449
1768567260000,95485.0,95526.0,95485.0,95514.0,0.0807
1768567320000,95514.0,95514.0,95485.0,95485.0,0.1388
1768567380000,95485.0,95486.0,95485.0,95485.0,0.0188
1768567440000,95485.0,95504.0,95485.0,95504.0,0.9932
1768567500000,95504.0,95511.0,95496.0,95496.0,0.1840999999999999
1768567560000,95496.0,95496.0,95481.0,95493.0,0.0385999999999999
1768567620000,95493.0,95493.0,95445.0,95453.0,0.4219999999999999
1768567680000,95453.0,95453.0,95414.0,95427.0,2.368600000000001
1768567740000,95427.0,95427.0,95409.0,95409.0,0.0091
1768567800000,95409.0,95409.0,95360.0,95369.0,1.3038
1768567860000,95369.0,95399.0,95368.0,95389.0,0.2223
1768567920000,95389.0,95395.0,95375.0,95395.0,0.036
1768567980000,95395.0,95395.0,95392.0,95394.0,0.0462
1768568040000,95394.0,95399.0,95391.0,95392.0,0.0875
1768568100000,95392.0,95439.0,95392.0,95429.0,0.0569
1768568160000,95429.0,95439.0,95427.0,95429.0,0.2042
1768568220000,95429.0,95454.0,95421.0,95421.0,30.85020000000001
1768568280000,95421.0,95450.0,95411.0,95450.0,0.502
1768568340000,95450.0,95450.0,95437.0,95438.0,0.0054
1768568400000,95438.0,95450.0,95429.0,95450.0,0.1115
1768568460000,95450.0,95450.0,95410.0,95410.0,0.0635
1768568520000,95410.0,95439.0,95410.0,95439.0,0.189
1768568580000,95439.0,95468.0,95439.0,95452.0,0.0494
1768568640000,95452.0,95452.0,95440.0,95440.0,0.0001
1768568700000,95440.0,95440.0,95384.0,95406.0,0.4428999999999999
1768568760000,95406.0,95406.0,95388.0,95405.0,0.1028
1768568820000,95405.0,95407.0,95394.0,95394.0,0.0181
1768568880000,95394.0,95416.0,95386.0,95409.0,0.0777
1768568940000,95409.0,95454.0,95409.0,95442.0,0.2264000000000001
1768569000000,95442.0,95461.0,95429.0,95451.0,0.096
1768569060000,95451.0,95464.0,95451.0,95464.0,0.0355
1768569120000,95464.0,95510.0,95464.0,95510.0,0.2882
1768569180000,95510.0,95511.0,95510.0,95510.0,0.2947
1768569240000,95510.0,95535.0,95510.0,95530.0,0.0425
1768569300000,95530.0,95548.0,95528.0,95541.0,0.0811
1768569360000,95541.0,95548.0,95529.0,95529.0,0.0669
1768569420000,95529.0,95538.0,95510.0,95538.0,0.1657
1768569480000,95538.0,95538.0,95510.0,95510.0,8.4425
1768569540000,95510.0,95523.0,95510.0,95510.0,5.3282
1768569600000,95510.0,95511.0,95471.0,95481.0,11.5626
1768569660000,95481.0,95560.0,95481.0,95552.0,0.1328
1768569720000,95552.0,95563.0,95544.0,95545.0,0.0177
1768569780000,95545.0,95549.0,95538.0,95542.0,0.1186
1768569840000,95542.0,95549.0,95542.0,95543.0,0.1145
1768569900000,95543.0,95556.0,95543.0,95556.0,0.0582
1768569960000,95556.0,95562.0,95550.0,95550.0,0.2897000000000001
1768570020000,95550.0,95550.0,95550.0,95550.0,0.0175
1768570080000,95550.0,95550.0,95547.0,95548.0,0.0274
1768570140000,95548.0,95548.0,95530.0,95530.0,0.0106
1768570200000,95530.0,95538.0,95512.0,95538.0,0.3775999999999999
1768570260000,95538.0,95585.0,95526.0,95539.0,1.3784
1768570320000,95539.0,95539.0,95486.0,95501.0,0.6316
1768570380000,95501.0,95501.0,95473.0,95473.0,0.5524
1768570440000,95473.0,95473.0,95437.0,95473.0,2.0045
1768570500000,95473.0,95473.0,95460.0,95460.0,0.0174
1768570560000,95460.0,95465.0,95429.0,95448.0,0.092
1768570620000,95448.0,95472.0,95442.0,95467.0,0.0061
1768570680000,95467.0,95467.0,95420.0,95420.0,0.0066
1768570740000,95420.0,95420.0,95336.0,95336.0,0.9749
1768570800000,95336.0,95336.0,95286.0,95293.0,2.744200000000001
1768570860000,95293.0,95353.0,95293.0,95344.0,0.0854
1768570920000,95344.0,95411.0,95344.0,95411.0,0.3180999999999999
1768570980000,95411.0,95429.0,95411.0,95429.0,0.1697
1768571040000,95429.0,95443.0,95421.0,95421.0,0.0983
1768571100000,95421.0,95470.0,95410.0,95461.0,0.3733
1768571160000,95461.0,95478.0,95441.0,95441.0,0.0373
1768571220000,95441.0,95451.0,95437.0,95450.0,0.0238
1768571280000,95450.0,95485.0,95450.0,95476.0,0.646
1768571340000,95476.0,95482.0,95463.0,95471.0,0.1615
1768571400000,95471.0,95492.0,95471.0,95477.0,0.0256
1768571460000,95477.0,95488.0,95477.0,95482.0,0.0046
1768571520000,95482.0,95482.0,95401.0,95432.0,1.0231
1768571580000,95432.0,95449.0,95430.0,95449.0,0.0081
1768571640000,95449.0,95449.0,95435.0,95440.0,0.1559
1768571700000,95440.0,95440.0,95440.0,95440.0,0.025
1768571760000,95440.0,95457.0,95435.0,95443.0,0.2203
1768571820000,95443.0,95464.0,95443.0,95456.0,0.0708
1768571880000,95456.0,95469.0,95455.0,95455.0,0.1489
1768571940000,95455.0,95455.0,95442.0,95442.0,0.0336
1768572000000,95442.0,95464.0,95439.0,95439.0,0.1726
1768572060000,95439.0,95549.0,95439.0,95549.0,1.149
1768572120000,95549.0,95557.0,95501.0,95501.0,0.8726
1768572180000,95501.0,95501.0,95458.0,95466.0,0.047
1768572240000,95466.0,95501.0,95466.0,95500.0,0.5901
1768572300000,95500.0,95500.0,95488.0,95488.0,0.0012
1768572360000,95488.0,95500.0,95481.0,95491.0,0.2721000000000001
1768572420000,95491.0,95491.0,95445.0,95445.0,3.2489
1768572480000,95445.0,95450.0,95438.0,95449.0,0.4101999999999999
1768572540000,95449.0,95460.0,95449.0,95460.0,0.0584
1768572600000,95460.0,95460.0,95426.0,95437.0,0.1657
1768572660000,95437.0,95439.0,95423.0,95438.0,0.4583
1768572720000,95438.0,95449.0,95433.0,95449.0,0.3926
1768572780000,95449.0,95449.0,95437.0,95437.0,0.0256
1768572840000,95437.0,95439.0,95437.0,95439.0,0.0001
1768572900000,95439.0,95439.0,95418.0,95418.0,0.4163999999999999
1768572960000,95418.0,95418.0,95404.0,95404.0,0.0661
1768573020000,95404.0,95404.0,95372.0,95372.0,0.6841
1768573080000,95372.0,95399.0,95372.0,95394.0,1.1696
1768573140000,95394.0,95414.0,95385.0,95390.0,1.6096
1768573200000,95390.0,95431.0,95385.0,95427.0,0.5063
1768573260000,95427.0,95427.0,95396.0,95406.0,0.1799
1768573320000,95406.0,95430.0,95388.0,95388.0,0.147
1768573380000,95388.0,95388.0,95368.0,95372.0,0.1148
1768573440000,95372.0,95379.0,95367.0,95367.0,0.0132
1768573500000,95367.0,95435.0,95335.0,95435.0,3.253499999999999
1768573560000,95435.0,95515.0,95435.0,95511.0,0.4051
1768573620000,95511.0,95554.0,95511.0,95523.0,1.4244
1768573680000,95523.0,95614.0,95521.0,95599.0,1.873999999999999
1768573740000,95599.0,95728.0,95599.0,95712.0,7.0202
1768573800000,95712.0,95805.0,95623.0,95658.0,4.9384
1768573860000,95658.0,95693.0,95538.0,95573.0,1.460699999999999
1768573920000,95573.0,95620.0,95466.0,95480.0,1.309199999999999
1768573980000,95480.0,95620.0,95455.0,95620.0,0.3295999999999998
1768574040000,95620.0,95658.0,95568.0,95626.0,0.3292999999999999
1768574100000,95626.0,95653.0,95506.0,95506.0,4.5741
1768574160000,95506.0,95510.0,95412.0,95412.0,0.2252
1768574220000,95412.0,95434.0,95242.0,95371.0,2.080000000000001
1768574280000,95371.0,95482.0,95371.0,95450.0,1.7493
1768574340000,95450.0,95492.0,95291.0,95291.0,1.1937
1768574400000,95291.0,95398.0,95267.0,95376.0,0.6308
1768574460000,95376.0,95399.0,95301.0,95399.0,0.2443
1768574520000,95399.0,95406.0,95277.0,95311.0,1.6571
1768574580000,95311.0,95311.0,95272.0,95277.0,0.2658
1768574640000,95277.0,95311.0,95222.0,95229.0,0.1832
1768574700000,95229.0,95493.0,95222.0,95437.0,2.8754
1768574760000,95437.0,95437.0,95350.0,95393.0,0.2545
1768574820000,95393.0,95419.0,95363.0,95412.0,0.8111
1768574880000,95412.0,95437.0,95356.0,95437.0,0.0498
1768574940000,95437.0,95437.0,95266.0,95266.0,0.7452
1768575000000,95266.0,95330.0,95248.0,95274.0,0.3575
1768575060000,95274.0,95365.0,95192.0,95365.0,5.7975
1768575120000,95365.0,95365.0,95277.0,95283.0,0.3252
1768575180000,95283.0,95323.0,95259.0,95319.0,0.4266999999999998
1768575240000,95319.0,95365.0,95277.0,95309.0,2.724399999999999
1768575300000,95309.0,95389.0,95309.0,95358.0,0.3075
1768575360000,95358.0,95358.0,95246.0,95332.0,2.6566
1768575420000,95332.0,95332.0,95245.0,95289.0,0.3873999999999999
1768575480000,95289.0,95289.0,95193.0,95195.0,0.9781
1768575540000,95195.0,95247.0,95180.0,95180.0,2.2061
1768575600000,95180.0,95267.0,95077.0,95267.0,6.1984
1768575660000,95267.0,95270.0,95135.0,95135.0,2.2206
1768575720000,95135.0,95193.0,95059.0,95153.0,31.3001
1768575780000,95153.0,95288.0,95153.0,95288.0,0.1883000000000001
1768575840000,95288.0,95288.0,95212.0,95260.0,4.034599999999998
1768575900000,95260.0,95350.0,95233.0,95281.0,1.1149
1768575960000,95281.0,95426.0,95281.0,95426.0,6.5921
1768576020000,95426.0,95490.0,95387.0,95468.0,1.575399999999999
1768576080000,95468.0,95612.0,95468.0,95612.0,5.8211
1768576140000,95612.0,95612.0,95549.0,95588.0,0.9754
1768576200000,95588.0,95646.0,95547.0,95615.0,1.9665
1768576260000,95615.0,95678.0,95575.0,95652.0,3.8009
1768576320000,95652.0,95659.0,95526.0,95540.0,0.6631
1768576380000,95540.0,95579.0,95527.0,95565.0,1.254
1768576440000,95565.0,95579.0,95510.0,95564.0,2.792899999999999
1768576500000,95564.0,95596.0,95528.0,95542.0,0.8991
1768576560000,95542.0,95542.0,95470.0,95497.0,0.2887
1768576620000,95497.0,95509.0,95431.0,95443.0,0.7862
1768576680000,95443.0,95464.0,95212.0,95239.0,1.0174
1768576740000,95239.0,95241.0,94882.0,94887.0,23.65999999999996
1768576800000,94887.0,95028.0,94855.0,95023.0,15.30249999999997
1768576860000,95023.0,95023.0,94860.0,94863.0,28.35239999999999
1768576920000,94863.0,94959.0,94802.0,94959.0,6.31260000000002
1768576980000,94959.0,95135.0,94890.0,95102.0,14.7861
1768577040000,95102.0,95124.0,94988.0,95003.0,3.2933
1768577100000,95003.0,95100.0,94941.0,94945.0,2.028599999999996
1768577160000,94945.0,95008.0,94912.0,94920.0,5.1453
1768577220000,94920.0,95067.0,94917.0,95067.0,0.5253
1768577280000,95067.0,95074.0,94775.0,94790.0,19.85720000000003
1768577340000,94790.0,94811.0,94682.0,94704.0,13.1531
1768577400000,94704.0,94783.0,94665.0,94762.0,13.09260000000001
1768577460000,94762.0,94814.0,94698.0,94710.0,2.426899999999996
1768577520000,94710.0,94733.0,94619.0,94698.0,9.08990000000002
1768577580000,94698.0,94729.0,94409.0,94594.0,43.31139999999989
1768577640000,94594.0,94594.0,94471.0,94554.0,11.96889999999999
1768577700000,94554.0,94586.0,94390.0,94563.0,5.2718
1768577760000,94563.0,94569.0,94457.0,94544.0,4.8813
1768577820000,94544.0,94645.0,94538.0,94624.0,1.334399999999998
1768577880000,94624.0,94776.0,94603.0,94771.0,5.72670000000001
1768577940000,94771.0,94806.0,94691.0,94751.0,2.021799999999999
1768578000000,94751.0,94751.0,94574.0,94584.0,0.9249
1768578060000,94584.0,94584.0,94393.0,94393.0,7.59300000000002
1768578120000,94393.0,94529.0,94386.0,94440.0,8.88830000000002
1768578180000,94440.0,94530.0,94440.0,94473.0,1.223799999999999
1768578240000,94473.0,94587.0,94465.0,94529.0,4.5987
1768578300000,94529.0,94588.0,94491.0,94588.0,3.061199999999998
1768578360000,94588.0,94600.0,94390.0,94390.0,5.70060000000001
1768578420000,94390.0,94390.0,94297.0,94333.0,6.04290000000001
1768578480000,94333.0,94400.0,94257.0,94350.0,27.77499999999997
1768578540000,94350.0,94415.0,94272.0,94415.0,0.903600000000001
1768578600000,94415.0,94562.0,94383.0,94547.0,3.008799999999999
1768578660000,94547.0,94554.0,94375.0,94527.0,12.91560000000001
1768578720000,94527.0,94527.0,94390.0,94457.0,2.1201
1768578780000,94457.0,94521.0,94378.0,94450.0,18.45839999999998
1768578840000,94450.0,94556.0,94450.0,94553.0,0.9894
1768578900000,94553.0,94656.0,94553.0,94653.0,39.31879999999997
1768578960000,94653.0,94655.0,94581.0,94632.0,6.74370000000001
1768579020000,94632.0,94656.0,94580.0,94656.0,0.5775
1768579080000,94656.0,94676.0,94639.0,94650.0,5.0006
1768579140000,94650.0,94663.0,94567.0,94567.0,1.482199999999999
1768579200000,94567.0,94648.0,94498.0,94627.0,23.62899999999995
1768579260000,94627.0,94678.0,94575.0,94608.0,3.427699999999996
1768579320000,94608.0,94641.0,94545.0,94545.0,4.848
1768579380000,94545.0,94614.0,94532.0,94532.0,2.942599999999997
1768579440000,94532.0,94589.0,94495.0,94579.0,1.045399999999998
1768579500000,94579.0,94671.0,94563.0,94643.0,3.389599999999996
1768579560000,94643.0,94760.0,94643.0,94754.0,10.7249
1768579620000,94754.0,94854.0,94754.0,94834.0,27.24909999999996
1768579680000,94834.0,94850.0,94771.0,94850.0,15.8941
1768579740000,94850.0,94850.0,94783.0,94840.0,6.05180000000001
1768579800000,94840.0,94840.0,94782.0,94782.0,0.9779
1768579860000,94782.0,94788.0,94680.0,94680.0,2.912300000000001
1768579920000,94680.0,94695.0,94640.0,94679.0,0.5473
1768579980000,94679.0,94691.0,94647.0,94661.0,1.365999999999999
1768580040000,94661.0,94798.0,94658.0,94798.0,1.791999999999998
1768580100000,94798.0,94819.0,94683.0,94692.0,2.2954
1768580160000,94692.0,94692.0,94584.0,94621.0,1.966399999999996
1768580220000,94621.0,94748.0,94615.0,94748.0,0.5055
1768580280000,94748.0,94774.0,94714.0,94754.0,0.9408
1768580340000,94754.0,94915.0,94727.0,94892.0,11.5196
1768580400000,94892.0,94916.0,94847.0,94880.0,1.9037
1768580460000,94880.0,94945.0,94832.0,94943.0,1.6671
1768580520000,94943.0,94943.0,94890.0,94913.0,3.813099999999999
1768580580000,94913.0,94931.0,94901.0,94928.0,0.8931
1768580640000,94928.0,94939.0,94899.0,94899.0,0.4517
1768580700000,94899.0,94925.0,94856.0,94925.0,2.110299999999997
1768580760000,94925.0,94925.0,94874.0,94895.0,10.7998
1768580820000,94895.0,94921.0,94856.0,94883.0,0.4368999999999999
1768580880000,94883.0,94922.0,94878.0,94922.0,6.1607
1768580940000,94922.0,94923.0,94852.0,94865.0,0.4252999999999999
1768581000000,94865.0,94866.0,94787.0,94826.0,1.592899999999998
1768581060000,94826.0,94838.0,94817.0,94829.0,0.5741
1768581120000,94829.0,94831.0,94690.0,94690.0,1.2312
1768581180000,94690.0,94756.0,94665.0,94669.0,3.068600000000001
1768581240000,94669.0,94707.0,94669.0,94688.0,0.0426
1768581300000,94688.0,94783.0,94688.0,94763.0,1.5092
1768581360000,94763.0,94851.0,94763.0,94833.0,2.5529
1768581420000,94833.0,94850.0,94816.0,94844.0,0.1947
1768581480000,94844.0,94863.0,94822.0,94822.0,5.7305
1768581540000,94822.0,94878.0,94822.0,94877.0,0.0397
1768581600000,94877.0,94905.0,94877.0,94899.0,0.5327
1768581660000,94899.0,94904.0,94864.0,94904.0,1.9565
1768581720000,94904.0,94908.0,94885.0,94908.0,0.2575
1768581780000,94908.0,94959.0,94907.0,94958.0,1.405499999999999
1768581840000,94958.0,94958.0,94893.0,94893.0,0.167
1768581900000,94893.0,94988.0,94886.0,94962.0,2.529
1768581960000,94962.0,94977.0,94932.0,94968.0,0.0571
1768582020000,94968.0,94983.0,94895.0,94895.0,0.1140000000000001
1768582080000,94895.0,94923.0,94895.0,94922.0,0.3246
1768582140000,94922.0,94959.0,94921.0,94950.0,1.461199999999999
1768582200000,94950.0,94950.0,94909.0,94920.0,0.0375
1768582260000,94920.0,94964.0,94920.0,94961.0,0.1258
1768582320000,94961.0,94973.0,94949.0,94949.0,0.1439
1768582380000,94949.0,94977.0,94943.0,94962.0,0.2328
1768582440000,94962.0,94962.0,94891.0,94911.0,0.844
1768582500000,94911.0,94929.0,94905.0,94929.0,0.0116
1768582560000,94929.0,94929.0,94776.0,94814.0,0.4293999999999999
1768582620000,94814.0,94842.0,94765.0,94826.0,0.1793
1768582680000,94826.0,94845.0,94822.0,94822.0,0.2215
1768582740000,94822.0,94876.0,94822.0,94865.0,0.0569
1768582800000,94865.0,94865.0,94793.0,94793.0,4.7421
1768582860000,94793.0,94799.0,94780.0,94788.0,0.2979000000000001
1768582920000,94788.0,94788.0,94786.0,94788.0,0.0204
1768582980000,94788.0,94813.0,94782.0,94807.0,0.1517
1768583040000,94807.0,94807.0,94784.0,94790.0,0.8194
1768583100000,94790.0,94811.0,94783.0,94811.0,0.0928
1768583160000,94811.0,94811.0,94667.0,94670.0,15.64200000000001
1768583220000,94670.0,94743.0,94670.0,94734.0,0.2078
1768583280000,94734.0,94756.0,94725.0,94728.0,0.133
1768583340000,94728.0,94768.0,94728.0,94760.0,4.128600000000001
1768583400000,94760.0,94771.0,94731.0,94742.0,0.0201
1768583460000,94742.0,94761.0,94725.0,94748.0,0.606
1768583520000,94748.0,94748.0,94641.0,94673.0,0.5927
1768583580000,94673.0,94688.0,94646.0,94688.0,0.6912
1768583640000,94688.0,94778.0,94688.0,94766.0,1.5491
1768583700000,94766.0,94805.0,94766.0,94804.0,0.263
1768583760000,94804.0,94852.0,94779.0,94852.0,21.7861
1768583820000,94852.0,94885.0,94828.0,94837.0,14.43089999999999
1768583880000,94837.0,94895.0,94837.0,94878.0,0.5698
1768583940000,94878.0,94879.0,94833.0,94850.0,0.0537
1768584000000,94850.0,94853.0,94801.0,94818.0,0.1096000000000001
1768584060000,94818.0,94828.0,94775.0,94784.0,0.5175
1768584120000,94784.0,94790.0,94767.0,94787.0,0.0182
1768584180000,94787.0,94802.0,94772.0,94788.0,0.2931
1768584240000,94788.0,94788.0,94689.0,94689.0,0.2038999999999999
1768584300000,94689.0,94694.0,94533.0,94612.0,15.246
1768584360000,94612.0,94646.0,94606.0,94645.0,0.2526
1768584420000,94645.0,94695.0,94632.0,94695.0,0.5138
1768584480000,94695.0,94776.0,94695.0,94728.0,15.8231
1768584540000,94728.0,94755.0,94728.0,94751.0,0.2810999999999999
1768584600000,94751.0,94787.0,94738.0,94742.0,0.2736
1768584660000,94742.0,94820.0,94738.0,94820.0,0.475
1768584720000,94820.0,94834.0,94800.0,94809.0,0.2068
1768584780000,94809.0,94840.0,94809.0,94839.0,0.146
1768584840000,94839.0,94846.0,94807.0,94826.0,1.0227
1768584900000,94826.0,94826.0,94787.0,94790.0,0.2806
1768584960000,94790.0,94798.0,94769.0,94784.0,0.4898
1768585020000,94784.0,94887.0,94784.0,94851.0,1.5512
1768585080000,94851.0,94852.0,94790.0,94804.0,1.2322
1768585140000,94804.0,94835.0,94767.0,94835.0,0.2738
1768585200000,94835.0,94835.0,94806.0,94830.0,0.1997
1768585260000,94830.0,94887.0,94830.0,94879.0,1.4729
1768585320000,94879.0,94894.0,94862.0,94862.0,2.0284
1768585380000,94862.0,94905.0,94862.0,94905.0,0.0209
1768585440000,94905.0,94917.0,94896.0,94917.0,0.5773
1768585500000,94917.0,94917.0,94900.0,94915.0,0.3061
1768585560000,94915.0,94944.0,94829.0,94913.0,1.603599999999999
1768585620000,94913.0,94913.0,94879.0,94879.0,0.2371
1768585680000,94879.0,94879.0,94849.0,94849.0,0.1057
1768585740000,94849.0,94873.0,94834.0,94844.0,0.1517
1768585800000,94844.0,94868.0,94838.0,94844.0,0.7146
1768585860000,94844.0,94860.0,94844.0,94856.0,5.1782
1768585920000,94856.0,94856.0,94805.0,94827.0,0.8019
1768585980000,94827.0,94827.0,94772.0,94807.0,0.4682
1768586040000,94807.0,94807.0,94787.0,94802.0,0.0151
1768586100000,94802.0,94832.0,94802.0,94832.0,0.0353
1768586160000,94832.0,94912.0,94832.0,94905.0,0.697
1768586220000,94905.0,94913.0,94902.0,94913.0,0.2091
1768586280000,94913.0,94966.0,94912.0,94966.0,2.4555
1768586340000,94966.0,95139.0,94966.0,95067.0,10.76720000000001
1768586400000,95067.0,95144.0,95067.0,95122.0,2.878600000000001
1768586460000,95122.0,95134.0,95057.0,95057.0,21.41479999999999
1768586520000,95057.0,95095.0,95057.0,95095.0,0.7638
1768586580000,95095.0,95143.0,95075.0,95140.0,3.3333
1768586640000,95140.0,95208.0,95037.0,95049.0,4.6238
1768586700000,95049.0,95107.0,95049.0,95101.0,0.3822999999999999
1768586760000,95101.0,95143.0,95080.0,95127.0,0.3371
1768586820000,95127.0,95139.0,95078.0,95103.0,14.33390000000001
1768586880000,95103.0,95128.0,95071.0,95128.0,14.0483
1768586940000,95128.0,95128.0,95102.0,95105.0,0.0824
1768587000000,95105.0,95110.0,95076.0,95078.0,0.1536
1768587060000,95078.0,95078.0,95032.0,95069.0,0.3922999999999998
1768587120000,95069.0,95076.0,95048.0,95066.0,0.254
1768587180000,95066.0,95102.0,95066.0,95092.0,0.4063
1768587240000,95092.0,95092.0,95047.0,95047.0,0.253
1768587300000,95047.0,95079.0,95000.0,95079.0,0.1662
1768587360000,95079.0,95114.0,95079.0,95114.0,3.213299999999999
1768587420000,95114.0,95158.0,95107.0,95158.0,2.4918
1768587480000,95158.0,95186.0,95136.0,95136.0,0.4002999999999999
1768587540000,95136.0,95146.0,95126.0,95144.0,0.2394
1768587600000,95144.0,95144.0,95074.0,95074.0,1.1613
1768587660000,95074.0,95081.0,95063.0,95063.0,0.0234
1768587720000,95063.0,95063.0,95031.0,95062.0,0.0681
1768587780000,95062.0,95110.0,95062.0,95110.0,0.5239
1768587840000,95110.0,95129.0,95090.0,95129.0,0.2741
1768587900000,95129.0,95157.0,95116.0,95157.0,0.1264
1768587960000,95157.0,95187.0,95152.0,95152.0,0.0323
1768588020000,95152.0,95193.0,95137.0,95193.0,0.0695
1768588080000,95193.0,95193.0,95135.0,95163.0,0.0903
1768588140000,95163.0,95203.0,95163.0,95179.0,0.4224
1768588200000,95179.0,95204.0,95178.0,95178.0,0.6054
1768588260000,95178.0,95193.0,95168.0,95179.0,0.1183
1768588320000,95179.0,95179.0,95144.0,95145.0,0.4749
1768588380000,95145.0,95153.0,95124.0,95140.0,0.5738
1768588440000,95140.0,95162.0,95140.0,95158.0,0.0026
1768588500000,95158.0,95195.0,95144.0,95144.0,0.0713
1768588560000,95144.0,95161.0,95105.0,95161.0,0.8102
1768588620000,95161.0,95175.0,95149.0,95161.0,0.3338000000000001
1768588680000,95161.0,95161.0,95097.0,95131.0,2.872
1768588740000,95131.0,95131.0,95111.0,95126.0,0.0888
1768588800000,95126.0,95137.0,95092.0,95095.0,0.0054
1768588860000,95095.0,95131.0,95095.0,95131.0,0.011
1768588920000,95131.0,95179.0,95131.0,95179.0,0.0564
1768588980000,95179.0,95179.0,95122.0,95122.0,0.007
1768589040000,95122.0,95122.0,95120.0,95120.0,0.0098
1768589100000,95120.0,95161.0,95112.0,95155.0,0.0655
1768589160000,95155.0,95155.0,95113.0,95113.0,0.0023
1768589220000,95113.0,95126.0,95105.0,95122.0,0.0056
1768589280000,95122.0,95122.0,95046.0,95068.0,5.7281
1768589340000,95068.0,95068.0,94949.0,94994.0,4.7788
1768589400000,94994.0,95038.0,94994.0,95037.0,0.1735
1768589460000,95037.0,95069.0,95037.0,95069.0,0.1798
1768589520000,95069.0,95111.0,95049.0,95054.0,0.2317
1768589580000,95054.0,95096.0,95054.0,95096.0,1.2903
1768589640000,95096.0,95096.0,95067.0,95073.0,0.127
1768589700000,95073.0,95084.0,95027.0,95066.0,0.309
1768589760000,95066.0,95066.0,95026.0,95026.0,0.0758
1768589820000,95026.0,95060.0,95026.0,95046.0,0.5629
1768589880000,95046.0,95046.0,95013.0,95030.0,0.0116
1768589940000,95030.0,95030.0,94994.0,94994.0,1.2863
1768590000000,94994.0,94994.0,94954.0,94959.0,0.2757000000000001
1768590060000,94959.0,94979.0,94941.0,94974.0,3.469800000000001
1768590120000,94974.0,94984.0,94924.0,94953.0,0.0492
1768590180000,94953.0,94969.0,94916.0,94969.0,0.1675
1768590240000,94969.0,94995.0,94968.0,94995.0,0.0459
1768590300000,94995.0,95012.0,94968.0,94986.0,1.0576
1768590360000,94986.0,94991.0,94950.0,94954.0,0.2619999999999999
1768590420000,94954.0,94974.0,94925.0,94974.0,0.5653
1768590480000,94974.0,94974.0,94931.0,94934.0,0.263
1768590540000,94934.0,94971.0,94930.0,94963.0,0.5076
1768590600000,94963.0,94979.0,94958.0,94979.0,0.0372
1768590660000,94979.0,94979.0,94979.0,94979.0,0.0
1768590720000,94979.0,94979.0,94957.0,94972.0,0.0725
1768590780000,94972.0,95005.0,94972.0,95005.0,0.2179
1768590840000,95005.0,95005.0,94975.0,94975.0,0.061
1768590900000,94975.0,94975.0,94958.0,94964.0,0.1697
1768590960000,94964.0,94980.0,94931.0,94961.0,0.5435
1768591020000,94961.0,94961.0,94876.0,94877.0,3.0794
1768591080000,94877.0,94885.0,94865.0,94870.0,1.309
1768591140000,94870.0,94933.0,94870.0,94918.0,1.8799
1768591200000,94918.0,94924.0,94878.0,94881.0,0.1207
1768591260000,94881.0,94891.0,94853.0,94862.0,0.3695999999999999
1768591320000,94862.0,94908.0,94860.0,94888.0,0.2411
1768591380000,94888.0,94939.0,94888.0,94929.0,0.0451
1768591440000,94929.0,94929.0,94904.0,94915.0,0.0227
1768591500000,94915.0,94915.0,94889.0,94896.0,0.1069
1768591560000,94896.0,94901.0,94896.0,94901.0,0.0031
1768591620000,94901.0,94902.0,94883.0,94894.0,0.2742
1768591680000,94894.0,94894.0,94850.0,94850.0,0.0466
1768591740000,94850.0,94850.0,94818.0,94829.0,2.5837
1768591800000,94829.0,94921.0,94828.0,94921.0,0.2957999999999998
1768591860000,94921.0,94973.0,94891.0,94961.0,0.4169999999999999
1768591920000,94961.0,94995.0,94938.0,94991.0,0.2120000000000001
1768591980000,94991.0,95007.0,94991.0,94994.0,0.0802
1768592040000,94994.0,94994.0,94954.0,94978.0,0.2587
1768592100000,94978.0,95029.0,94978.0,95013.0,0.3262
1768592160000,95013.0,95038.0,95000.0,95000.0,0.2707
1768592220000,95000.0,95009.0,94990.0,94990.0,0.0742
1768592280000,94990.0,94990.0,94962.0,94972.0,0.1734
1768592340000,94972.0,94993.0,94964.0,94964.0,0.1041
1768592400000,94964.0,94964.0,94948.0,94953.0,0.0357
1768592460000,94953.0,94953.0,94942.0,94942.0,0.0066
1768592520000,94942.0,94973.0,94933.0,94942.0,0.1135000000000001
1768592580000,94942.0,94942.0,94933.0,94933.0,0.02
1768592640000,94933.0,94933.0,94927.0,94927.0,0.0082
1768592700000,94927.0,94951.0,94920.0,94943.0,0.2106
1768592760000,94943.0,94943.0,94927.0,94932.0,0.0153
1768592820000,94932.0,94949.0,94932.0,94949.0,0.0003
1768592880000,94949.0,94949.0,94949.0,94949.0,0.0
1768592940000,94949.0,94979.0,94949.0,94979.0,0.0262
1768593000000,94979.0,95020.0,94979.0,95020.0,0.0307
1768593060000,95020.0,95020.0,94964.0,94965.0,0.0074
1768593120000,94965.0,94975.0,94938.0,94975.0,0.1472
1768593180000,94975.0,94993.0,94975.0,94993.0,0.0618
1768593240000,94993.0,95032.0,94986.0,94986.0,0.3258
1768593300000,94986.0,94986.0,94949.0,94949.0,0.0587
1768593360000,94949.0,94975.0,94940.0,94975.0,0.0117
1768593420000,94975.0,94986.0,94975.0,94980.0,0.0211
1768593480000,94980.0,95005.0,94980.0,95005.0,0.0614
1768593540000,95005.0,95005.0,94972.0,94972.0,0.37
1768593600000,94972.0,94972.0,94948.0,94948.0,0.2781
1768593660000,94948.0,94954.0,94922.0,94954.0,0.0836
1768593720000,94954.0,94960.0,94935.0,94940.0,0.0315
1768593780000,94940.0,94940.0,94900.0,94900.0,2.9943
1768593840000,94900.0,94900.0,94846.0,94846.0,0.0967
1768593900000,94846.0,94860.0,94800.0,94840.0,0.4108999999999999
1768593960000,94840.0,94840.0,94836.0,94839.0,0.0022
1768594020000,94839.0,94839.0,94713.0,94739.0,15.9543
1768594080000,94739.0,94750.0,94731.0,94744.0,0.1303
1768594140000,94744.0,94744.0,94695.0,94698.0,0.1801
1768594200000,94698.0,94706.0,94659.0,94685.0,1.6362
1768594260000,94685.0,94723.0,94677.0,94711.0,1.6475
1768594320000,94711.0,94742.0,94710.0,94731.0,0.2899999999999998
1768594380000,94731.0,94874.0,94731.0,94873.0,0.9377
1768594440000,94873.0,94874.0,94849.0,94852.0,0.3361
1768594500000,94852.0,94897.0,94852.0,94897.0,0.4771
1768594560000,94897.0,94897.0,94828.0,94884.0,2.526
1768594620000,94884.0,94904.0,94880.0,94904.0,0.5224
1768594680000,94904.0,94947.0,94890.0,94947.0,0.6481
1768594740000,94947.0,94987.0,94931.0,94985.0,0.7
1768594800000,94985.0,95000.0,94985.0,95000.0,0.0528
1768594860000,95000.0,95040.0,95000.0,95015.0,0.0775
1768594920000,95015.0,95033.0,95007.0,95007.0,0.4181999999999999
1768594980000,95007.0,95007.0,94994.0,94994.0,0.0271
1768595040000,94994.0,95006.0,94992.0,94992.0,0.0326
1768595100000,94992.0,95050.0,94992.0,95041.0,0.1073
1768595160000,95041.0,95041.0,95000.0,95029.0,0.5165
1768595220000,95029.0,95029.0,95012.0,95024.0,0.0741
1768595280000,95024.0,95129.0,95009.0,95100.0,9.76100000000001
1768595340000,95100.0,95131.0,95100.0,95109.0,1.8155
1768595400000,95109.0,95109.0,95075.0,95078.0,1.0226
1768595460000,95078.0,95168.0,95078.0,95136.0,18.6912
1768595520000,95136.0,95136.0,95116.0,95134.0,0.4871
1768595580000,95134.0,95156.0,95134.0,95137.0,0.2742999999999999
1768595640000,95137.0,95148.0,95121.0,95125.0,1.0109
1768595700000,95125.0,95146.0,95098.0,95146.0,0.1864
1768595760000,95146.0,95159.0,95130.0,95158.0,1.17
1768595820000,95158.0,95199.0,95158.0,95168.0,12.2192
1768595880000,95168.0,95189.0,95166.0,95186.0,0.3985999999999999
1768595940000,95186.0,95188.0,95140.0,95140.0,1.647199999999999
1768596000000,95140.0,95192.0,95140.0,95184.0,0.5579
1768596060000,95184.0,95213.0,95150.0,95152.0,0.4883
1768596120000,95152.0,95203.0,95148.0,95203.0,0.3774
1768596180000,95203.0,95215.0,95195.0,95215.0,1.4707
1768596240000,95215.0,95240.0,95215.0,95232.0,0.4310999999999998
1768596300000,95232.0,95232.0,95183.0,95230.0,0.5812
1768596360000,95230.0,95240.0,95200.0,95218.0,1.3757
1768596420000,95218.0,95233.0,95218.0,95233.0,0.0678
1768596480000,95233.0,95233.0,95211.0,95212.0,0.5511
1768596540000,95212.0,95224.0,95211.0,95219.0,1.1964
1768596600000,95219.0,95250.0,95211.0,95250.0,1.027800000000001
1768596660000,95250.0,95284.0,95239.0,95264.0,6.7772
1768596720000,95264.0,95283.0,95257.0,95271.0,0.9376
1768596780000,95271.0,95283.0,95271.0,95280.0,0.3781999999999998
1768596840000,95280.0,95325.0,95257.0,95325.0,12.5427
1768596900000,95325.0,95427.0,95311.0,95350.0,4.238299999999997
1768596960000,95350.0,95395.0,95350.0,95380.0,0.3693
1768597020000,95380.0,95409.0,95372.0,95381.0,3.102999999999998
1768597080000,95381.0,95420.0,95381.0,95413.0,0.6498
1768597140000,95413.0,95548.0,95392.0,95547.0,2.784799999999996
1768597200000,95547.0,95562.0,95463.0,95494.0,7.77200000000001
1768597260000,95494.0,95531.0,95404.0,95531.0,2.5287
1768597320000,95531.0,95593.0,95512.0,95512.0,5.174
1768597380000,95512.0,95549.0,95486.0,95496.0,3.315899999999997
1768597440000,95496.0,95534.0,95496.0,95517.0,0.2729
1768597500000,95517.0,95529.0,95514.0,95514.0,0.3586999999999999
1768597560000,95514.0,95531.0,95459.0,95521.0,4.079899999999996
1768597620000,95521.0,95536.0,95496.0,95523.0,0.6007
1768597680000,95523.0,95538.0,95507.0,95529.0,0.6776
1768597740000,95529.0,95537.0,95470.0,95535.0,2.049499999999999
1768597800000,95535.0,95565.0,95524.0,95524.0,0.6926
1768597860000,95524.0,95549.0,95468.0,95500.0,0.8675
1768597920000,95500.0,95500.0,95465.0,95466.0,0.3555
1768597980000,95466.0,95485.0,95433.0,95459.0,0.5843
1768598040000,95459.0,95459.0,95386.0,95388.0,0.6887
1768598100000,95388.0,95411.0,95328.0,95357.0,1.795599999999999
1768598160000,95357.0,95391.0,95357.0,95386.0,0.1455
1768598220000,95386.0,95399.0,95386.0,95399.0,0.288
1768598280000,95399.0,95405.0,95384.0,95392.0,0.3679
1768598340000,95392.0,95394.0,95379.0,95386.0,0.0504
1768598400000,95386.0,95394.0,95381.0,95394.0,0.1526
1768598460000,95394.0,95445.0,95394.0,95435.0,0.0912
1768598520000,95435.0,95446.0,95391.0,95396.0,1.0349
1768598580000,95396.0,95396.0,95373.0,95378.0,0.3433999999999999
1768598640000,95378.0,95391.0,95362.0,95391.0,0.1836
1768598700000,95391.0,95391.0,95364.0,95368.0,0.2797
1768598760000,95368.0,95368.0,95368.0,95368.0,0.0
1768598820000,95368.0,95398.0,95368.0,95398.0,0.2904999999999999
1768598880000,95398.0,95409.0,95386.0,95386.0,0.3478
1768598940000,95386.0,95417.0,95386.0,95388.0,2.138099999999999
1768599000000,95388.0,95406.0,95387.0,95396.0,0.4381999999999999
1768599060000,95396.0,95396.0,95382.0,95385.0,2.462099999999999
1768599120000,95385.0,95402.0,95383.0,95402.0,0.1365
1768599180000,95402.0,95455.0,95402.0,95431.0,0.4763
1768599240000,95431.0,95445.0,95416.0,95420.0,0.5134
1768599300000,95420.0,95420.0,95385.0,95386.0,0.1932
1768599360000,95386.0,95386.0,95354.0,95354.0,0.2343999999999999
1768599420000,95354.0,95459.0,95354.0,95459.0,0.3724999999999998
1768599480000,95459.0,95461.0,95439.0,95460.0,0.3189
1768599540000,95460.0,95517.0,95460.0,95517.0,2.6269
1768599600000,95517.0,95538.0,95510.0,95538.0,0.1917
1768599660000,95538.0,95551.0,95508.0,95526.0,1.4206
1768599720000,95526.0,95526.0,95510.0,95512.0,0.2762999999999999
1768599780000,95512.0,95532.0,95512.0,95523.0,0.895
1768599840000,95523.0,95525.0,95523.0,95525.0,0.0237
1768599900000,95525.0,95526.0,95511.0,95511.0,0.2252
1768599960000,95511.0,95513.0,95473.0,95505.0,0.1390999999999999
1768600020000,95505.0,95513.0,95505.0,95513.0,0.0391
1768600080000,95513.0,95526.0,95511.0,95511.0,1.0109
1768600140000,95511.0,95520.0,95507.0,95507.0,0.2269
1768600200000,95507.0,95542.0,95507.0,95541.0,0.3715999999999999
1768600260000,95541.0,95543.0,95527.0,95535.0,0.4936
1768600320000,95535.0,95544.0,95507.0,95507.0,0.242
1768600380000,95507.0,95510.0,95500.0,95503.0,0.4455999999999999
1768600440000,95503.0,95516.0,95481.0,95481.0,0.5547
1768600500000,95481.0,95481.0,95444.0,95471.0,4.070800000000003
1768600560000,95471.0,95482.0,95453.0,95477.0,0.1112
1768600620000,95477.0,95490.0,95477.0,95484.0,0.0757
1768600680000,95484.0,95490.0,95425.0,95490.0,6.5777
1768600740000,95490.0,95499.0,95458.0,95497.0,6.3373
1768600800000,95497.0,95557.0,95492.0,95516.0,6.2926
1768600860000,95516.0,95516.0,95474.0,95474.0,0.773
1768600920000,95474.0,95485.0,95331.0,95349.0,22.25860000000001
1768600980000,95349.0,95415.0,95345.0,95415.0,0.886
1768601040000,95415.0,95455.0,95383.0,95436.0,1.5607
1768601100000,95436.0,95450.0,95433.0,95446.0,0.4991
1768601160000,95446.0,95465.0,95439.0,95465.0,5.0483
1768601220000,95465.0,95465.0,95456.0,95461.0,0.0021
1768601280000,95461.0,95476.0,95455.0,95465.0,0.9153
1768601340000,95465.0,95465.0,95435.0,95435.0,0.2078000000000001
1768601400000,95435.0,95435.0,95407.0,95412.0,0.2842999999999998
1768601460000,95412.0,95416.0,95408.0,95408.0,0.9988
1768601520000,95408.0,95416.0,95397.0,95397.0,0.7337
1768601580000,95397.0,95397.0,95252.0,95320.0,14.717
1768601640000,95320.0,95364.0,95320.0,95364.0,0.3543999999999998
1768601700000,95364.0,95364.0,95314.0,95334.0,2.1063
1768601760000,95334.0,95341.0,95333.0,95341.0,0.138
1768601820000,95341.0,95397.0,95341.0,95395.0,1.5363
1768601880000,95395.0,95395.0,95368.0,95368.0,0.046
1768601940000,95368.0,95368.0,95350.0,95350.0,0.4115
1768602000000,95350.0,95350.0,95334.0,95334.0,0.0373
1768602060000,95334.0,95334.0,95332.0,95332.0,0.0005
1768602120000,95332.0,95372.0,95332.0,95372.0,0.0366
1768602180000,95372.0,95385.0,95372.0,95385.0,0.0649
1768602240000,95385.0,95394.0,95385.0,95394.0,0.1887
1768602300000,95394.0,95425.0,95389.0,95425.0,0.019
1768602360000,95425.0,95433.0,95425.0,95432.0,0.1772
1768602420000,95432.0,95441.0,95432.0,95441.0,0.1313
1768602480000,95441.0,95441.0,95441.0,95441.0,0.0
1768602540000,95441.0,95441.0,95319.0,95357.0,12.7149
1768602600000,95357.0,95357.0,95291.0,95348.0,2.955599999999998
1768602660000,95348.0,95354.0,95348.0,95354.0,0.0113
1768602720000,95354.0,95366.0,95352.0,95366.0,0.3557
1768602780000,95366.0,95370.0,95366.0,95370.0,0.0181
1768602840000,95370.0,95374.0,95367.0,95367.0,0.1822
1768602900000,95367.0,95379.0,95339.0,95340.0,0.8873
1768602960000,95340.0,95349.0,95323.0,95323.0,0.2519
1768603020000,95323.0,95324.0,95319.0,95319.0,0.2222
1768603080000,95319.0,95339.0,95315.0,95339.0,0.6426
1768603140000,95339.0,95359.0,95339.0,95359.0,3.331
1768603200000,95359.0,95387.0,95356.0,95361.0,2.7144
1768603260000,95361.0,95361.0,95308.0,95308.0,0.1621
1768603320000,95308.0,95311.0,95242.0,95262.0,0.1549
1768603380000,95262.0,95265.0,95241.0,95264.0,0.159
1768603440000,95264.0,95409.0,95230.0,95404.0,10.2985
1768603500000,95404.0,95404.0,95374.0,95383.0,0.507
1768603560000,95383.0,95383.0,95307.0,95307.0,0.0748
1768603620000,95307.0,95383.0,95307.0,95383.0,4.8933
1768603680000,95383.0,95383.0,95374.0,95374.0,0.002
1768603740000,95374.0,95374.0,95374.0,95374.0,0.0
1768603800000,95374.0,95457.0,95374.0,95435.0,4.329100000000004
1768603860000,95435.0,95444.0,95411.0,95433.0,0.2653
1768603920000,95433.0,95440.0,95417.0,95420.0,5.0395
1768603980000,95420.0,95428.0,95392.0,95412.0,0.1473
1768604040000,95412.0,95449.0,95411.0,95449.0,0.2218
1768604100000,95449.0,95466.0,95449.0,95466.0,0.0618
1768604160000,95466.0,95466.0,95440.0,95440.0,0.0002
1768604220000,95440.0,95460.0,95440.0,95460.0,0.0125
1768604280000,95460.0,95460.0,95460.0,95460.0,0.0
1768604340000,95460.0,95496.0,95460.0,95496.0,0.3328999999999999
1768604400000,95496.0,95498.0,95470.0,95470.0,2.0314
1768604460000,95470.0,95483.0,95470.0,95477.0,0.0375
1768604520000,95477.0,95477.0,95441.0,95441.0,0.0139
1768604580000,95441.0,95451.0,95409.0,95450.0,2.9663
1768604640000,95450.0,95479.0,95450.0,95456.0,0.2434
1768604700000,95456.0,95478.0,95455.0,95455.0,0.1231
1768604760000,95455.0,95462.0,95450.0,95450.0,2.1094
1768604820000,95450.0,95450.0,95438.0,95441.0,0.2295
1768604880000,95441.0,95441.0,95441.0,95441.0,0.0
1768604940000,95441.0,95451.0,95414.0,95414.0,0.167
1768605000000,95414.0,95419.0,95411.0,95411.0,0.0419
1768605060000,95411.0,95424.0,95409.0,95424.0,0.0253
1768605120000,95424.0,95436.0,95424.0,95436.0,0.0344
1768605180000,95436.0,95440.0,95436.0,95439.0,0.0527
1768605240000,95439.0,95502.0,95439.0,95502.0,5.3671
1768605300000,95502.0,95502.0,95475.0,95475.0,0.3728999999999999
1768605360000,95475.0,95500.0,95475.0,95500.0,2.0369
1768605420000,95500.0,95500.0,95500.0,95500.0,0.0
1768605480000,95500.0,95500.0,95480.0,95480.0,0.0074
1768605540000,95480.0,95480.0,95463.0,95463.0,0.0429
1768605600000,95463.0,95471.0,95460.0,95471.0,0.0032
1768605660000,95471.0,95479.0,95471.0,95479.0,0.0041
1768605720000,95479.0,95496.0,95479.0,95496.0,0.0194
1768605780000,95496.0,95512.0,95496.0,95512.0,0.0088
1768605840000,95512.0,95521.0,95504.0,95520.0,0.1899
1768605900000,95520.0,95535.0,95520.0,95531.0,0.1374
1768605960000,95531.0,95559.0,95531.0,95546.0,1.3872
1768606020000,95546.0,95546.0,95505.0,95506.0,0.1803999999999999
1768606080000,95506.0,95528.0,95506.0,95528.0,0.0015
1768606140000,95528.0,95528.0,95528.0,95528.0,0.0
1768606200000,95528.0,95528.0,95522.0,95526.0,0.0022
1768606260000,95526.0,95556.0,95525.0,95555.0,0.136
1768606320000,95555.0,95555.0,95555.0,95555.0,0.0
1768606380000,95555.0,95555.0,95555.0,95555.0,0.0
1768606440000,95555.0,95555.0,95528.0,95528.0,0.0077
1768606500000,95528.0,95528.0,95485.0,95485.0,0.13
1768606560000,95485.0,95485.0,95464.0,95464.0,0.0455
1768606620000,95464.0,95464.0,95464.0,95464.0,0.0
1768606680000,95464.0,95489.0,95464.0,95489.0,0.0016
1768606740000,95489.0,95489.0,95489.0,95489.0,0.0
1768606800000,95489.0,95489.0,95489.0,95489.0,0.0
1768606860000,95489.0,95493.0,95480.0,95493.0,0.169
1768606920000,95493.0,95499.0,95491.0,95499.0,0.0064
1768606980000,95499.0,95499.0,95478.0,95478.0,0.0261
1768607040000,95478.0,95478.0,95435.0,95435.0,2.1401
1768607100000,95435.0,95471.0,95435.0,95471.0,0.0039
1768607160000,95471.0,95488.0,95471.0,95488.0,0.0007
1768607220000,95488.0,95525.0,95488.0,95525.0,0.0236
1768607280000,95525.0,95525.0,95514.0,95514.0,0.005
1768607340000,95514.0,95515.0,95514.0,95515.0,0.0445
1768607400000,95515.0,95524.0,95515.0,95524.0,0.0031
1768607460000,95524.0,95524.0,95519.0,95519.0,0.0311
1768607520000,95519.0,95519.0,95516.0,95516.0,0.0015
1768607580000,95516.0,95542.0,95516.0,95542.0,0.0105
1768607640000,95542.0,95545.0,95542.0,95545.0,0.0576
1768607700000,95545.0,95545.0,95545.0,95545.0,0.0
1768607760000,95545.0,95551.0,95545.0,95551.0,0.0151
1768607820000,95551.0,95564.0,95535.0,95547.0,4.0025
1768607880000,95547.0,95548.0,95541.0,95548.0,0.0365
1768607940000,95548.0,95548.0,95523.0,95523.0,2.029
1768608000000,95523.0,95557.0,95523.0,95535.0,0.5547
1768608060000,95535.0,95546.0,95509.0,95509.0,0.0608
1768608120000,95509.0,95509.0,95509.0,95509.0,0.0
1768608180000,95509.0,95509.0,95501.0,95501.0,0.2024
1768608240000,95501.0,95520.0,95501.0,95509.0,0.2237999999999999
1768608300000,95509.0,95523.0,95506.0,95523.0,0.0075
1768608360000,95523.0,95553.0,95523.0,95553.0,0.0524
1768608420000,95553.0,95553.0,95553.0,95553.0,0.0
1768608480000,95553.0,95553.0,95505.0,95505.0,0.0008
1768608540000,95505.0,95505.0,95505.0,95505.0,0.0
1768608600000,95505.0,95542.0,95505.0,95542.0,0.0066
1768608660000,95542.0,95551.0,95542.0,95551.0,0.0199
1768608720000,95551.0,95551.0,95498.0,95498.0,0.0272
1768608780000,95498.0,95510.0,95497.0,95510.0,0.0128
1768608840000,95510.0,95510.0,95510.0,95510.0,0.0
1768608900000,95510.0,95511.0,95506.0,95511.0,0.0146
1768608960000,95511.0,95541.0,95511.0,95541.0,0.0037
1768609020000,95541.0,95543.0,95511.0,95522.0,0.5151
1768609080000,95522.0,95522.0,95521.0,95521.0,0.0034
1768609140000,95521.0,95521.0,95507.0,95507.0,0.0118
1768609200000,95507.0,95521.0,95507.0,95517.0,0.0005
1768609260000,95517.0,95517.0,95517.0,95517.0,0.0
1768609320000,95517.0,95517.0,95502.0,95502.0,0.0012
1768609380000,95502.0,95502.0,95472.0,95474.0,0.1631
1768609440000,95474.0,95474.0,95474.0,95474.0,0.0
1768609500000,95474.0,95514.0,95474.0,95495.0,1.0332
1768609560000,95495.0,95515.0,95490.0,95490.0,1.6143
1768609620000,95490.0,95508.0,95457.0,95457.0,0.1861
1768609680000,95457.0,95471.0,95452.0,95452.0,0.5369
1768609740000,95452.0,95459.0,95452.0,95459.0,0.0003
1768609800000,95459.0,95459.0,95450.0,95450.0,0.3001
1768609860000,95450.0,95450.0,95448.0,95448.0,0.0005
1768609920000,95448.0,95448.0,95427.0,95427.0,0.0243
1768609980000,95427.0,95435.0,95427.0,95435.0,0.0618
1768610040000,95435.0,95435.0,95427.0,95427.0,0.0012
1768610100000,95427.0,95427.0,95409.0,95409.0,0.0298
1768610160000,95409.0,95421.0,95409.0,95421.0,0.1858
1768610220000,95421.0,95476.0,95421.0,95462.0,0.0542
1768610280000,95462.0,95462.0,95445.0,95445.0,0.0499
1768610340000,95445.0,95446.0,95436.0,95436.0,0.0146
1768610400000,95436.0,95436.0,95433.0,95433.0,0.01
1768610460000,95433.0,95433.0,95433.0,95433.0,0.0
1768610520000,95433.0,95481.0,95433.0,95471.0,0.0326
1768610580000,95471.0,95494.0,95471.0,95493.0,0.0215
1768610640000,95493.0,95499.0,95449.0,95449.0,0.0719
1768610700000,95449.0,95457.0,95434.0,95457.0,0.0409
1768610760000,95457.0,95457.0,95457.0,95457.0,0.0
1768610820000,95457.0,95474.0,95457.0,95474.0,0.0052
1768610880000,95474.0,95486.0,95474.0,95486.0,0.0007
1768610940000,95486.0,95505.0,95475.0,95475.0,0.0204
1768611000000,95475.0,95482.0,95461.0,95461.0,0.0132
1768611060000,95461.0,95461.0,95452.0,95452.0,0.002
1768611120000,95452.0,95461.0,95452.0,95461.0,0.012
1768611180000,95461.0,95461.0,95461.0,95461.0,0.0
1768611240000,95461.0,95468.0,95461.0,95468.0,0.0034
1768611300000,95468.0,95469.0,95458.0,95458.0,0.0128
1768611360000,95458.0,95477.0,95458.0,95467.0,0.044
1768611420000,95467.0,95467.0,95467.0,95467.0,0.0
1768611480000,95467.0,95494.0,95467.0,95494.0,0.5353
1768611540000,95494.0,95494.0,95437.0,95443.0,0.1424
1768611600000,95443.0,95444.0,95443.0,95444.0,0.001
1768611660000,95444.0,95469.0,95444.0,95469.0,0.0005
1768611720000,95469.0,95475.0,95466.0,95471.0,2.032
1768611780000,95471.0,95479.0,95471.0,95479.0,0.0143
1768611840000,95479.0,95479.0,95470.0,95474.0,0.0166
1768611900000,95474.0,95474.0,95449.0,95449.0,0.01
1768611960000,95449.0,95449.0,95449.0,95449.0,0.0
1768612020000,95449.0,95495.0,95449.0,95495.0,0.0497
1768612080000,95495.0,95513.0,95495.0,95513.0,0.0284
1768612140000,95513.0,95513.0,95446.0,95446.0,8.6519
1768612200000,95446.0,95454.0,95427.0,95428.0,1.3222
1768612260000,95428.0,95428.0,95428.0,95428.0,0.0
1768612320000,95428.0,95428.0,95428.0,95428.0,0.0
1768612380000,95428.0,95428.0,95415.0,95415.0,0.6043
1768612440000,95415.0,95430.0,95415.0,95430.0,0.0034
1768612500000,95430.0,95443.0,95430.0,95441.0,0.0632
1768612560000,95441.0,95441.0,95440.0,95440.0,0.006
1768612620000,95440.0,95444.0,95440.0,95444.0,0.0005
1768612680000,95444.0,95444.0,95444.0,95444.0,0.0
1768612740000,95444.0,95463.0,95444.0,95457.0,0.0529
1768612800000,95457.0,95457.0,95454.0,95454.0,0.0016
1768612860000,95454.0,95478.0,95454.0,95478.0,0.0003
1768612920000,95478.0,95478.0,95477.0,95477.0,0.0003
1768612980000,95477.0,95477.0,95477.0,95477.0,0.0
1768613040000,95477.0,95477.0,95477.0,95477.0,0.0
1768613100000,95477.0,95477.0,95460.0,95460.0,0.0325
1768613160000,95460.0,95460.0,95460.0,95460.0,0.0
1768613220000,95460.0,95460.0,95443.0,95443.0,0.0012
1768613280000,95443.0,95443.0,95443.0,95443.0,0.0
1768613340000,95443.0,95445.0,95438.0,95445.0,0.3047
1768613400000,95445.0,95445.0,95445.0,95445.0,0.0
1768613460000,95445.0,95445.0,95382.0,95383.0,0.1874
1768613520000,95383.0,95387.0,95374.0,95376.0,0.0443
1768613580000,95376.0,95404.0,95376.0,95398.0,0.0048
1768613640000,95398.0,95437.0,95398.0,95437.0,0.1702
1768613700000,95437.0,95445.0,95437.0,95445.0,0.0167
1768613760000,95445.0,95468.0,95438.0,95438.0,0.2041
1768613820000,95438.0,95438.0,95412.0,95412.0,0.0713
1768613880000,95412.0,95412.0,95401.0,95401.0,0.0025
1768613940000,95401.0,95401.0,95401.0,95401.0,0.0
1768614000000,95401.0,95401.0,95371.0,95391.0,0.0254
1768614060000,95391.0,95391.0,95391.0,95391.0,0.0
1768614120000,95391.0,95391.0,95365.0,95365.0,0.0016
1768614180000,95365.0,95373.0,95365.0,95373.0,0.022
1768614240000,95373.0,95379.0,95368.0,95368.0,0.0182
1768614300000,95368.0,95379.0,95368.0,95373.0,0.0636
1768614360000,95373.0,95373.0,95362.0,95369.0,0.0271
1768614420000,95369.0,95391.0,95364.0,95391.0,0.1823
1768614480000,95391.0,95403.0,95391.0,95403.0,0.0611
1768614540000,95403.0,95403.0,95403.0,95403.0,0.0
1768614600000,95403.0,95403.0,95377.0,95382.0,0.0501
1768614660000,95382.0,95382.0,95382.0,95382.0,0.0
1768614720000,95382.0,95387.0,95382.0,95387.0,0.0001
1768614780000,95387.0,95387.0,95375.0,95375.0,0.0043999999999999
1768614840000,95375.0,95375.0,95375.0,95375.0,0.0
1768614900000,95375.0,95375.0,95375.0,95375.0,0.0
1768614960000,95375.0,95375.0,95367.0,95368.0,0.0012
1768615020000,95368.0,95373.0,95355.0,95356.0,0.123
1768615080000,95356.0,95367.0,95356.0,95367.0,0.0611
1768615140000,95367.0,95373.0,95367.0,95373.0,0.0003
1768615200000,95373.0,95392.0,95373.0,95387.0,0.0433
1768615260000,95387.0,95387.0,95367.0,95367.0,0.0065
1768615320000,95367.0,95367.0,95338.0,95338.0,0.0754
1768615380000,95338.0,95338.0,95338.0,95338.0,0.0
1768615440000,95338.0,95338.0,95325.0,95325.0,6.2505
1768615500000,95325.0,95325.0,95297.0,95320.0,0.3228
1768615560000,95320.0,95323.0,95269.0,95269.0,16.72209999999999
1768615620000,95269.0,95300.0,95258.0,95267.0,1.8457
1768615680000,95267.0,95302.0,95264.0,95265.0,4.65270000000001
1768615740000,95265.0,95272.0,95256.0,95256.0,0.0379
1768615800000,95256.0,95277.0,95256.0,95277.0,0.0002
1768615860000,95277.0,95277.0,95277.0,95277.0,0.0
1768615920000,95277.0,95277.0,95277.0,95277.0,0.0
1768615980000,95277.0,95277.0,95277.0,95277.0,0.0
1768616040000,95277.0,95277.0,95263.0,95263.0,0.0077
1768616100000,95263.0,95263.0,95263.0,95263.0,0.0
1768616160000,95263.0,95263.0,95263.0,95263.0,0.0
1768616220000,95263.0,95264.0,95263.0,95264.0,0.001
1768616280000,95264.0,95264.0,95264.0,95264.0,0.0
1768616340000,95264.0,95271.0,95264.0,95271.0,0.0483
1768616400000,95271.0,95277.0,95271.0,95277.0,0.0001
1768616460000,95277.0,95277.0,95277.0,95277.0,0.0
1768616520000,95277.0,95277.0,95277.0,95277.0,0.0
1768616580000,95277.0,95277.0,95277.0,95277.0,0.0
1768616640000,95277.0,95277.0,95233.0,95233.0,0.0693
1768616700000,95233.0,95236.0,95233.0,95236.0,0.0003
1768616760000,95236.0,95236.0,95233.0,95233.0,0.0222
1768616820000,95233.0,95273.0,95233.0,95273.0,0.0217
1768616880000,95273.0,95274.0,95273.0,95274.0,0.0002
1768616940000,95274.0,95274.0,95274.0,95274.0,0.0
1768617000000,95274.0,95274.0,95226.0,95226.0,0.6148
1768617060000,95226.0,95226.0,95226.0,95226.0,0.0
1768617120000,95226.0,95226.0,95226.0,95226.0,0.0
1768617180000,95226.0,95226.0,95226.0,95226.0,0.0
1768617240000,95226.0,95226.0,95226.0,95226.0,0.0
1768617300000,95226.0,95226.0,95226.0,95226.0,0.0
1768617360000,95226.0,95227.0,95216.0,95225.0,0.0382
1768617420000,95225.0,95236.0,95172.0,95236.0,3.947800000000001
1768617480000,95236.0,95247.0,95236.0,95247.0,0.0208
1768617540000,95247.0,95288.0,95247.0,95288.0,0.0382
1768617600000,95288.0,95331.0,95288.0,95299.0,13.99930000000001
1768617660000,95299.0,95299.0,95299.0,95299.0,0.0
1768617720000,95299.0,95299.0,95284.0,95284.0,0.0065
1768617780000,95284.0,95284.0,95276.0,95276.0,0.025
1768617840000,95276.0,95276.0,95276.0,95276.0,0.0
1768617900000,95276.0,95276.0,95276.0,95276.0,0.0
1768617960000,95276.0,95298.0,95249.0,95289.0,6.8918
1768618020000,95289.0,95289.0,95272.0,95272.0,0.0012
1768618080000,95272.0,95300.0,95272.0,95300.0,0.0025
1768618140000,95300.0,95300.0,95300.0,95300.0,0.0
1768618200000,95300.0,95300.0,95289.0,95289.0,0.0019
1768618260000,95289.0,95333.0,95289.0,95333.0,0.0216
1768618320000,95333.0,95349.0,95333.0,95335.0,0.2011
1768618380000,95335.0,95335.0,95335.0,95335.0,0.0
1768618440000,95335.0,95353.0,95335.0,95353.0,0.0399999999999999
1768618500000,95353.0,95353.0,95352.0,95352.0,0.0011
1768618560000,95352.0,95352.0,95352.0,95352.0,0.0
1768618620000,95352.0,95352.0,95352.0,95352.0,0.0
1768618680000,95352.0,95352.0,95352.0,95352.0,0.0
1768618740000,95352.0,95352.0,95352.0,95352.0,0.0
1768618800000,95352.0,95352.0,95337.0,95337.0,0.0284
1768618860000,95337.0,95337.0,95334.0,95334.0,0.0004
1768618920000,95334.0,95334.0,95325.0,95325.0,0.0005
1768618980000,95325.0,95325.0,95295.0,95295.0,0.024
1768619040000,95295.0,95295.0,95290.0,95290.0,0.0001
1768619100000,95290.0,95290.0,95283.0,95286.0,0.0613
1768619160000,95286.0,95286.0,95286.0,95286.0,0.0
1768619220000,95286.0,95314.0,95276.0,95276.0,2.3388
1768619280000,95276.0,95289.0,95276.0,95289.0,0.02
1768619340000,95289.0,95289.0,95289.0,95289.0,0.0
1768619400000,95289.0,95289.0,95287.0,95289.0,0.0205
1768619460000,95289.0,95289.0,95289.0,95289.0,0.0
1768619520000,95289.0,95289.0,95289.0,95289.0,0.0
1768619580000,95289.0,95301.0,95276.0,95276.0,1.174399999999999
1768619640000,95276.0,95290.0,95276.0,95290.0,0.0236
1768619700000,95290.0,95290.0,95290.0,95290.0,0.0
1768619760000,95290.0,95301.0,95285.0,95288.0,0.3323
1768619820000,95288.0,95288.0,95278.0,95280.0,0.0099
1768619880000,95280.0,95289.0,95280.0,95289.0,0.0075
1768619940000,95289.0,95289.0,95289.0,95289.0,0.0
1768620000000,95289.0,95289.0,95263.0,95263.0,0.022
1768620060000,95263.0,95263.0,95263.0,95263.0,0.0
1768620120000,95263.0,95285.0,95263.0,95285.0,0.01
1768620180000,95285.0,95285.0,95285.0,95285.0,0.0
1768620240000,95285.0,95285.0,95285.0,95285.0,0.0
1768620300000,95285.0,95285.0,95282.0,95282.0,0.0011
1768620360000,95282.0,95282.0,95282.0,95282.0,0.0
1768620420000,95282.0,95282.0,95271.0,95271.0,0.0012
1768620480000,95271.0,95271.0,95271.0,95271.0,0.0
1768620540000,95271.0,95309.0,95271.0,95309.0,4.6566
1768620600000,95309.0,95309.0,95295.0,95295.0,0.0001
1768620660000,95295.0,95295.0,95277.0,95277.0,0.0015
1768620720000,95277.0,95277.0,95257.0,95257.0,0.0205
1768620780000,95257.0,95257.0,95257.0,95257.0,0.0
1768620840000,95257.0,95257.0,95250.0,95250.0,0.0005
1768620900000,95250.0,95250.0,95250.0,95250.0,0.0
1768620960000,95250.0,95252.0,95249.0,95249.0,0.0225
1768621020000,95249.0,95249.0,95249.0,95249.0,0.0
1768621080000,95249.0,95249.0,95249.0,95249.0,0.0
1768621140000,95249.0,95249.0,95249.0,95249.0,0.0
1768621200000,95249.0,95249.0,95249.0,95249.0,0.0
1768621260000,95249.0,95262.0,95249.0,95262.0,0.0046
1768621320000,95262.0,95262.0,95262.0,95262.0,0.0
1768621380000,95262.0,95262.0,95250.0,95250.0,0.3412
1768621440000,95250.0,95313.0,95250.0,95313.0,0.2362
1768621500000,95313.0,95313.0,95248.0,95253.0,5.1698
1768621560000,95253.0,95253.0,95253.0,95253.0,0.0
1768621620000,95253.0,95281.0,95253.0,95281.0,0.0299
1768621680000,95281.0,95297.0,95281.0,95297.0,0.0011
1768621740000,95297.0,95323.0,95297.0,95323.0,0.4424999999999999
1768621800000,95323.0,95337.0,95320.0,95332.0,0.1388
1768621860000,95332.0,95344.0,95332.0,95343.0,0.1365
1768621920000,95343.0,95343.0,95327.0,95327.0,0.001
1768621980000,95327.0,95358.0,95327.0,95358.0,0.0157
1768622040000,95358.0,95358.0,95343.0,95343.0,0.01
1768622100000,95343.0,95357.0,95343.0,95357.0,0.0213
1768622160000,95357.0,95358.0,95357.0,95358.0,0.006
1768622220000,95358.0,95358.0,95358.0,95358.0,0.003
1768622280000,95358.0,95358.0,95348.0,95348.0,0.003
1768622340000,95348.0,95358.0,95344.0,95350.0,2.4067
1768622400000,95350.0,95350.0,95336.0,95336.0,0.0005
1768622460000,95336.0,95342.0,95333.0,95333.0,0.0043999999999999
1768622520000,95333.0,95333.0,95333.0,95333.0,0.0
1768622580000,95333.0,95333.0,95333.0,95333.0,0.0
1768622640000,95333.0,95345.0,95333.0,95345.0,0.0001
1768622700000,95345.0,95345.0,95324.0,95324.0,0.0196
1768622760000,95324.0,95324.0,95300.0,95300.0,0.1022
1768622820000,95300.0,95303.0,95294.0,95303.0,0.1946
1768622880000,95303.0,95303.0,95303.0,95303.0,0.0
1768622940000,95303.0,95303.0,95303.0,95303.0,0.0
1768623000000,95303.0,95303.0,95303.0,95303.0,0.0
1768623060000,95303.0,95303.0,95297.0,95303.0,0.0105
1768623120000,95303.0,95306.0,95303.0,95306.0,0.01
1768623180000,95306.0,95306.0,95306.0,95306.0,0.0
1768623240000,95306.0,95306.0,95306.0,95306.0,0.0
1768623300000,95306.0,95306.0,95263.0,95263.0,0.0179
1768623360000,95263.0,95263.0,95259.0,95262.0,0.0279
1768623420000,95262.0,95262.0,95262.0,95262.0,0.0
1768623480000,95262.0,95262.0,95262.0,95262.0,0.0
1768623540000,95262.0,95262.0,95262.0,95262.0,0.0
1768623600000,95262.0,95262.0,95238.0,95251.0,4.1708
1768623660000,95251.0,95254.0,95251.0,95254.0,0.0002
1768623720000,95254.0,95254.0,95254.0,95254.0,0.0
1768623780000,95254.0,95254.0,95254.0,95254.0,0.0
1768623840000,95254.0,95254.0,95254.0,95254.0,0.0
1768623900000,95254.0,95255.0,95254.0,95255.0,0.0333
1768623960000,95255.0,95255.0,95255.0,95255.0,0.0
1768624020000,95255.0,95268.0,95255.0,95268.0,0.0005
1768624080000,95268.0,95268.0,95268.0,95268.0,0.0
1768624140000,95268.0,95310.0,95268.0,95310.0,0.161
1768624200000,95310.0,95310.0,95288.0,95288.0,0.0016
1768624260000,95288.0,95288.0,95280.0,95280.0,0.0001
1768624320000,95280.0,95280.0,95280.0,95280.0,0.0
1768624380000,95280.0,95286.0,95280.0,95280.0,0.0185
1768624440000,95280.0,95280.0,95280.0,95280.0,0.0
1768624500000,95280.0,95280.0,95247.0,95247.0,0.0201
1768624560000,95247.0,95247.0,95247.0,95247.0,0.0
1768624620000,95247.0,95247.0,95247.0,95247.0,0.0
1768624680000,95247.0,95247.0,95247.0,95247.0,0.0
1768624740000,95247.0,95275.0,95247.0,95275.0,0.01
1768624800000,95275.0,95275.0,95275.0,95275.0,0.0
1768624860000,95275.0,95275.0,95275.0,95275.0,0.0
1768624920000,95275.0,95275.0,95258.0,95258.0,0.0951
1768624980000,95258.0,95258.0,95258.0,95258.0,0.0
1768625040000,95258.0,95331.0,95258.0,95331.0,7.4423
1768625100000,95331.0,95331.0,95311.0,95319.0,0.0507
1768625160000,95319.0,95319.0,95303.0,95303.0,0.004
1768625220000,95303.0,95321.0,95303.0,95321.0,0.0304
1768625280000,95321.0,95331.0,95321.0,95330.0,0.011
1768625340000,95330.0,95331.0,95330.0,95331.0,0.0007
1768625400000,95331.0,95331.0,95331.0,95331.0,0.0
1768625460000,95331.0,95342.0,95331.0,95340.0,0.0906
1768625520000,95340.0,95340.0,95326.0,95326.0,1.999999999999999
1768625580000,95326.0,95336.0,95326.0,95336.0,0.0017
1768625640000,95336.0,95336.0,95336.0,95336.0,0.0
1768625700000,95336.0,95336.0,95332.0,95332.0,0.013
1768625760000,95332.0,95332.0,95332.0,95332.0,0.0
1768625820000,95332.0,95332.0,95332.0,95332.0,0.0
1768625880000,95332.0,95332.0,95332.0,95332.0,0.0
1768625940000,95332.0,95332.0,95269.0,95291.0,12.04230000000001
1768626000000,95291.0,95332.0,95291.0,95332.0,0.2836
1768626060000,95332.0,95343.0,95332.0,95343.0,0.0005
1768626120000,95343.0,95343.0,95320.0,95320.0,0.0005
1768626180000,95320.0,95321.0,95307.0,95307.0,1.5
1768626240000,95307.0,95332.0,95307.0,95332.0,0.0035
1768626300000,95332.0,95336.0,95332.0,95336.0,0.002
1768626360000,95336.0,95336.0,95335.0,95335.0,0.0001
1768626420000,95335.0,95335.0,95335.0,95335.0,0.0
1768626480000,95335.0,95335.0,95318.0,95318.0,0.0772
1768626540000,95318.0,95318.0,95310.0,95310.0,0.0101
1768626600000,95310.0,95328.0,95310.0,95328.0,0.0122
1768626660000,95328.0,95328.0,95321.0,95321.0,0.02
1768626720000,95321.0,95339.0,95321.0,95339.0,3.7213
1768626780000,95339.0,95358.0,95339.0,95358.0,0.0205
1768626840000,95358.0,95376.0,95250.0,95250.0,6.12480000000002
1768626900000,95250.0,95261.0,95250.0,95261.0,0.105
1768626960000,95261.0,95261.0,95261.0,95261.0,0.0
1768627020000,95261.0,95261.0,95261.0,95261.0,0.0
1768627080000,95261.0,95261.0,95261.0,95261.0,0.0
1768627140000,95261.0,95318.0,95261.0,95292.0,5.76920000000001
1768627200000,95292.0,95292.0,95286.0,95286.0,0.1434
1768627260000,95286.0,95286.0,95286.0,95286.0,0.0
1768627320000,95286.0,95298.0,95286.0,95293.0,0.1534
1768627380000,95293.0,95298.0,95293.0,95298.0,0.0144
1768627440000,95298.0,95298.0,95298.0,95298.0,0.0
1768627500000,95298.0,95298.0,95298.0,95298.0,0.0
1768627560000,95298.0,95324.0,95298.0,95323.0,0.0223
1768627620000,95323.0,95323.0,95312.0,95314.0,0.1804
1768627680000,95314.0,95314.0,95304.0,95304.0,0.0105
1768627740000,95304.0,95304.0,95304.0,95304.0,0.0
1768627800000,95304.0,95306.0,95299.0,95299.0,0.1181
1768627860000,95299.0,95299.0,95265.0,95265.0,0.3625999999999999
1768627920000,95265.0,95273.0,95265.0,95273.0,0.0005
1768627980000,95273.0,95273.0,95273.0,95273.0,0.0
1768628040000,95273.0,95280.0,95273.0,95280.0,0.1035
1768628100000,95280.0,95280.0,95280.0,95280.0,0.0
1768628160000,95280.0,95280.0,95272.0,95280.0,0.011
1768628220000,95280.0,95280.0,95280.0,95280.0,0.0
1768628280000,95280.0,95280.0,95273.0,95276.0,0.2637
1768628340000,95276.0,95276.0,95265.0,95266.0,0.0719
1768628400000,95266.0,95266.0,95266.0,95266.0,0.0
1768628460000,95266.0,95303.0,95266.0,95297.0,0.1964
1768628520000,95297.0,95297.0,95276.0,95278.0,0.01
1768628580000,95278.0,95278.0,95278.0,95278.0,0.0
1768628640000,95278.0,95278.0,95278.0,95278.0,0.0
1768628700000,95278.0,95289.0,95278.0,95289.0,0.0002
1768628760000,95289.0,95289.0,95289.0,95289.0,0.0
1768628820000,95289.0,95295.0,95288.0,95288.0,0.0191
1768628880000,95288.0,95288.0,95288.0,95288.0,0.0
1768628940000,95288.0,95294.0,95288.0,95294.0,0.0005
1768629000000,95294.0,95294.0,95281.0,95281.0,0.0307
1768629060000,95281.0,95281.0,95276.0,95276.0,0.0176
1768629120000,95276.0,95276.0,95273.0,95274.0,0.0239
1768629180000,95274.0,95274.0,95274.0,95274.0,0.0
1768629240000,95274.0,95274.0,95274.0,95274.0,0.0
1768629300000,95274.0,95274.0,95265.0,95270.0,0.0018
1768629360000,95270.0,95270.0,95270.0,95270.0,0.0
1768629420000,95270.0,95270.0,95270.0,95270.0,0.0
1768629480000,95270.0,95271.0,95256.0,95259.0,0.294
1768629540000,95259.0,95295.0,95259.0,95288.0,3.7177
1768629600000,95288.0,95288.0,95288.0,95288.0,0.0
1768629660000,95288.0,95288.0,95257.0,95260.0,0.2811
1768629720000,95260.0,95261.0,95250.0,95250.0,0.3037
1768629780000,95250.0,95250.0,95165.0,95202.0,11.5577
1768629840000,95202.0,95209.0,95202.0,95209.0,0.0007
1768629900000,95209.0,95240.0,95209.0,95240.0,0.0216
1768629960000,95240.0,95258.0,95239.0,95247.0,2.3764
1768630020000,95247.0,95247.0,95243.0,95243.0,0.0001
1768630080000,95243.0,95252.0,95243.0,95252.0,0.0038
1768630140000,95252.0,95252.0,95232.0,95238.0,0.0205
1768630200000,95238.0,95238.0,95238.0,95238.0,0.0
1768630260000,95238.0,95238.0,95231.0,95231.0,0.0001
1768630320000,95231.0,95231.0,95231.0,95231.0,0.0
1768630380000,95231.0,95231.0,95212.0,95213.0,0.0054
1768630440000,95213.0,95229.0,95213.0,95224.0,0.018
1768630500000,95224.0,95225.0,95224.0,95225.0,0.0076
1768630560000,95225.0,95225.0,95191.0,95191.0,0.0578
1768630620000,95191.0,95191.0,95191.0,95191.0,0.0
1768630680000,95191.0,95191.0,95191.0,95191.0,0.0
1768630740000,95191.0,95191.0,95191.0,95191.0,0.0
1768630800000,95191.0,95191.0,95191.0,95191.0,0.0
1768630860000,95191.0,95191.0,95191.0,95191.0,0.0
1768630920000,95191.0,95191.0,95189.0,95191.0,0.0006
1768630980000,95191.0,95191.0,95191.0,95191.0,0.0
1768631040000,95191.0,95191.0,95179.0,95179.0,0.0046
1768631100000,95179.0,95179.0,95179.0,95179.0,0.0
1768631160000,95179.0,95202.0,95179.0,95202.0,0.0506
1768631220000,95202.0,95202.0,95197.0,95197.0,0.0311
1768631280000,95197.0,95219.0,95197.0,95210.0,0.0245999999999999
1768631340000,95210.0,95210.0,95200.0,95200.0,0.0015
1768631400000,95200.0,95200.0,95200.0,95200.0,0.0
1768631460000,95200.0,95221.0,95200.0,95221.0,0.0632
1768631520000,95221.0,95233.0,95221.0,95233.0,0.0353
1768631580000,95233.0,95233.0,95233.0,95233.0,0.0
1768631640000,95233.0,95244.0,95233.0,95244.0,0.0001
1768631700000,95244.0,95253.0,95243.0,95253.0,0.0018
1768631760000,95253.0,95290.0,95253.0,95290.0,0.2517
1768631820000,95290.0,95290.0,95290.0,95290.0,0.0
1768631880000,95290.0,95290.0,95290.0,95290.0,0.0
1768631940000,95290.0,95290.0,95290.0,95290.0,0.0
1768632000000,95290.0,95322.0,95290.0,95322.0,0.5676
1768632060000,95322.0,95324.0,95315.0,95315.0,0.2529
1768632120000,95315.0,95321.0,95302.0,95302.0,0.0286
1768632180000,95302.0,95302.0,95260.0,95260.0,0.0024
1768632240000,95260.0,95262.0,95235.0,95235.0,0.5524
1768632300000,95235.0,95235.0,95213.0,95218.0,0.0192
1768632360000,95218.0,95218.0,95206.0,95206.0,0.0006
1768632420000,95206.0,95206.0,95197.0,95200.0,0.6023
1768632480000,95200.0,95214.0,95200.0,95214.0,0.3548
1768632540000,95214.0,95237.0,95214.0,95234.0,0.4883
1768632600000,95234.0,95236.0,95234.0,95236.0,0.0003
1768632660000,95236.0,95236.0,95230.0,95230.0,0.0081
1768632720000,95230.0,95230.0,95230.0,95230.0,0.0
1768632780000,95230.0,95230.0,95230.0,95230.0,0.0886
1768632840000,95230.0,95235.0,95230.0,95235.0,0.0011
1768632900000,95235.0,95235.0,95235.0,95235.0,0.0
1768632960000,95235.0,95235.0,95235.0,95235.0,0.0
1768633020000,95235.0,95242.0,95235.0,95235.0,0.3661
1768633080000,95235.0,95235.0,95235.0,95235.0,0.0
1768633140000,95235.0,95235.0,95214.0,95214.0,0.9149
1768633200000,95214.0,95214.0,95208.0,95208.0,0.0007
1768633260000,95208.0,95208.0,95100.0,95100.0,4.286499999999999
1768633320000,95100.0,95123.0,95087.0,95089.0,5.5
1768633380000,95089.0,95131.0,95089.0,95090.0,1.841899999999999
1768633440000,95090.0,95119.0,95067.0,95119.0,0.932
1768633500000,95119.0,95119.0,95109.0,95109.0,0.0567
1768633560000,95109.0,95163.0,95109.0,95126.0,1.470999999999999
1768633620000,95126.0,95126.0,95119.0,95119.0,0.02
1768633680000,95119.0,95119.0,95108.0,95108.0,0.0005
1768633740000,95108.0,95108.0,95091.0,95091.0,0.0139
1768633800000,95091.0,95106.0,95091.0,95106.0,0.0003
1768633860000,95106.0,95106.0,95106.0,95106.0,0.0
1768633920000,95106.0,95106.0,95085.0,95085.0,0.1096
1768633980000,95085.0,95091.0,95070.0,95087.0,0.5801
1768634040000,95087.0,95105.0,95087.0,95105.0,0.0091
1768634100000,95105.0,95105.0,95081.0,95081.0,0.24
1768634160000,95081.0,95121.0,95081.0,95120.0,2.0636
1768634220000,95120.0,95126.0,95120.0,95124.0,0.0003
1768634280000,95124.0,95124.0,95124.0,95124.0,0.0
1768634340000,95124.0,95124.0,95124.0,95124.0,0.0
1768634400000,95124.0,95124.0,95103.0,95103.0,0.0015
1768634460000,95103.0,95104.0,95101.0,95104.0,0.0035
1768634520000,95104.0,95104.0,95104.0,95104.0,0.0
1768634580000,95104.0,95104.0,95104.0,95104.0,0.0
1768634640000,95104.0,95141.0,95104.0,95141.0,0.0203
1768634700000,95141.0,95170.0,95141.0,95169.0,0.0121
1768634760000,95169.0,95169.0,95152.0,95152.0,0.0005
1768634820000,95152.0,95166.0,95152.0,95166.0,0.1
1768634880000,95166.0,95166.0,95154.0,95158.0,0.0004
1768634940000,95158.0,95158.0,95158.0,95158.0,0.0091
1768635000000,95158.0,95175.0,95158.0,95175.0,0.2375
1768635060000,95175.0,95175.0,95175.0,95175.0,0.0
1768635120000,95175.0,95175.0,95153.0,95155.0,0.4134
1768635180000,95155.0,95155.0,95154.0,95154.0,0.0005
1768635240000,95154.0,95154.0,95140.0,95140.0,0.0155
1768635300000,95140.0,95140.0,95139.0,95139.0,0.0034
1768635360000,95139.0,95139.0,95139.0,95139.0,0.0
1768635420000,95139.0,95144.0,95139.0,95144.0,0.0005
1768635480000,95144.0,95144.0,95135.0,95136.0,0.0326999999999999
1768635540000,95136.0,95136.0,95135.0,95135.0,0.1494
1768635600000,95135.0,95135.0,95135.0,95135.0,0.1736
1768635660000,95135.0,95135.0,95135.0,95135.0,0.2131
1768635720000,95135.0,95135.0,95135.0,95135.0,0.0987
1768635780000,95135.0,95135.0,95135.0,95135.0,0.0945
1768635840000,95135.0,95140.0,95135.0,95135.0,0.4297
1768635900000,95135.0,95135.0,95105.0,95105.0,0.6274
1768635960000,95105.0,95105.0,95097.0,95097.0,0.0728
1768636020000,95097.0,95097.0,95097.0,95097.0,0.0
1768636080000,95097.0,95097.0,95074.0,95074.0,0.3512
1768636140000,95074.0,95083.0,95027.0,95047.0,10.84560000000001
1768636200000,95047.0,95054.0,95019.0,95040.0,0.0693
1768636260000,95040.0,95097.0,95040.0,95097.0,1.165499999999999
1768636320000,95097.0,95109.0,95096.0,95109.0,1.0189
1768636380000,95109.0,95117.0,95088.0,95090.0,0.2706000000000001
1768636440000,95090.0,95105.0,95090.0,95104.0,0.8897
1768636500000,95104.0,95104.0,95051.0,95070.0,1.960599999999999
1768636560000,95070.0,95076.0,95062.0,95062.0,0.128
1768636620000,95062.0,95062.0,95062.0,95062.0,0.0916
1768636680000,95062.0,95090.0,95062.0,95089.0,2.0947
1768636740000,95089.0,95096.0,95071.0,95075.0,0.3988
1768636800000,95075.0,95079.0,95052.0,95079.0,0.88
1768636860000,95079.0,95079.0,95014.0,95017.0,3.915199999999999
1768636920000,95017.0,95065.0,94987.0,95065.0,7.0741
1768636980000,95065.0,95095.0,95061.0,95095.0,0.8437
1768637040000,95095.0,95120.0,95090.0,95120.0,0.1409000000000001
1768637100000,95120.0,95125.0,95086.0,95114.0,0.7184
1768637160000,95114.0,95140.0,95113.0,95140.0,0.7323
1768637220000,95140.0,95166.0,95140.0,95152.0,9.9956
1768637280000,95152.0,95152.0,95152.0,95152.0,0.0
1768637340000,95152.0,95153.0,95150.0,95153.0,0.0323
1768637400000,95153.0,95170.0,95117.0,95123.0,0.3788999999999998
1768637460000,95123.0,95158.0,95123.0,95158.0,0.1104
1768637520000,95158.0,95158.0,95148.0,95148.0,0.0072
1768637580000,95148.0,95148.0,95148.0,95148.0,0.0
1768637640000,95148.0,95163.0,95148.0,95163.0,0.1
1768637700000,95163.0,95163.0,95153.0,95153.0,0.0157
1768637760000,95153.0,95156.0,95153.0,95156.0,0.0003
1768637820000,95156.0,95180.0,95149.0,95149.0,0.1982
1768637880000,95149.0,95149.0,95149.0,95149.0,0.0
1768637940000,95149.0,95149.0,95145.0,95145.0,0.0061
1768638000000,95145.0,95167.0,95145.0,95167.0,0.0013
1768638060000,95167.0,95177.0,95167.0,95177.0,0.0033
1768638120000,95177.0,95180.0,95177.0,95180.0,0.0048
1768638180000,95180.0,95184.0,95168.0,95169.0,0.0269
1768638240000,95169.0,95174.0,95160.0,95173.0,0.6015
1768638300000,95173.0,95173.0,95164.0,95164.0,0.0001
1768638360000,95164.0,95197.0,95164.0,95197.0,0.0153
1768638420000,95197.0,95197.0,95175.0,95187.0,0.138
1768638480000,95187.0,95218.0,95187.0,95218.0,0.398
1768638540000,95218.0,95218.0,95196.0,95196.0,0.0048
1768638600000,95196.0,95196.0,95191.0,95191.0,0.0305
1768638660000,95191.0,95226.0,95191.0,95226.0,0.0464
1768638720000,95226.0,95226.0,95199.0,95209.0,0.0445
1768638780000,95209.0,95209.0,95194.0,95194.0,0.0129
1768638840000,95194.0,95213.0,95187.0,95213.0,0.0186
1768638900000,95213.0,95217.0,95213.0,95217.0,0.0064
1768638960000,95217.0,95217.0,95217.0,95217.0,0.0
1768639020000,95217.0,95217.0,95217.0,95217.0,0.0
1768639080000,95217.0,95242.0,95217.0,95238.0,0.0031
1768639140000,95238.0,95238.0,95219.0,95219.0,0.0341
1768639200000,95219.0,95219.0,95215.0,95215.0,0.0433
1768639260000,95215.0,95215.0,95215.0,95215.0,0.0
1768639320000,95215.0,95222.0,95199.0,95199.0,0.0638
1768639380000,95199.0,95199.0,95199.0,95199.0,0.0
1768639440000,95199.0,95199.0,95199.0,95199.0,0.0
1768639500000,95199.0,95215.0,95199.0,95215.0,0.018
1768639560000,95215.0,95238.0,95215.0,95223.0,2.6762
1768639620000,95223.0,95238.0,95219.0,95238.0,0.2778
1768639680000,95238.0,95239.0,95238.0,95239.0,0.0808
1768639740000,95239.0,95243.0,95239.0,95243.0,0.0002
1768639800000,95243.0,95243.0,95243.0,95243.0,0.0
1768639860000,95243.0,95245.0,95241.0,95245.0,1.0
1768639920000,95245.0,95245.0,95245.0,95245.0,0.0
1768639980000,95245.0,95245.0,95233.0,95238.0,0.0036
1768640040000,95238.0,95238.0,95227.0,95227.0,0.0007
1768640100000,95227.0,95227.0,95227.0,95227.0,0.0
1768640160000,95227.0,95227.0,95226.0,95226.0,0.0031
1768640220000,95226.0,95230.0,95226.0,95230.0,0.0203
1768640280000,95230.0,95234.0,95230.0,95234.0,0.0012
1768640340000,95234.0,95234.0,95233.0,95233.0,0.0002
1768640400000,95233.0,95239.0,95233.0,95239.0,0.0013
1768640460000,95239.0,95239.0,95226.0,95226.0,0.0121
1768640520000,95226.0,95232.0,95222.0,95232.0,0.0059
1768640580000,95232.0,95232.0,95232.0,95232.0,0.0
1768640640000,95232.0,95232.0,95232.0,95232.0,0.0003
1768640700000,95232.0,95232.0,95207.0,95207.0,0.2361000000000001
1768640760000,95207.0,95230.0,95207.0,95221.0,0.0734
1768640820000,95221.0,95228.0,95221.0,95228.0,0.0018
1768640880000,95228.0,95228.0,95228.0,95228.0,0.0
1768640940000,95228.0,95228.0,95227.0,95227.0,0.0257
1768641000000,95227.0,95239.0,95225.0,95226.0,1.3987
1768641060000,95226.0,95227.0,95192.0,95206.0,0.6452
1768641120000,95206.0,95206.0,95196.0,95196.0,0.0372
1768641180000,95196.0,95196.0,95191.0,95196.0,0.1761
1768641240000,95196.0,95196.0,95188.0,95188.0,0.0004
1768641300000,95188.0,95188.0,95171.0,95171.0,0.0413
1768641360000,95171.0,95171.0,95159.0,95159.0,0.0182
1768641420000,95159.0,95159.0,95152.0,95154.0,0.0443
1768641480000,95154.0,95167.0,95154.0,95167.0,0.0015
1768641540000,95167.0,95167.0,95157.0,95157.0,0.0051
1768641600000,95157.0,95157.0,95157.0,95157.0,0.0
1768641660000,95157.0,95157.0,95157.0,95157.0,0.0
1768641720000,95157.0,95157.0,95157.0,95157.0,0.0
1768641780000,95157.0,95157.0,95157.0,95157.0,0.0
1768641840000,95157.0,95188.0,95157.0,95188.0,0.077
1768641900000,95188.0,95188.0,95188.0,95188.0,0.0
1768641960000,95188.0,95204.0,95188.0,95204.0,0.1547
1768642020000,95204.0,95204.0,95204.0,95204.0,0.0
1768642080000,95204.0,95211.0,95204.0,95205.0,0.3
1768642140000,95205.0,95205.0,95205.0,95205.0,0.0
1768642200000,95205.0,95209.0,95205.0,95209.0,0.0001
1768642260000,95209.0,95209.0,95209.0,95209.0,0.0
1768642320000,95209.0,95209.0,95177.0,95178.0,0.0669
1768642380000,95178.0,95179.0,95178.0,95179.0,0.1196
1768642440000,95179.0,95180.0,95175.0,95175.0,0.0278
1768642500000,95175.0,95175.0,95175.0,95175.0,0.0
1768642560000,95175.0,95175.0,95175.0,95175.0,0.0
1768642620000,95175.0,95205.0,95175.0,95205.0,4.0479
1768642680000,95205.0,95217.0,95197.0,95197.0,6.015
1768642740000,95197.0,95197.0,95197.0,95197.0,0.0
1768642800000,95197.0,95202.0,95197.0,95202.0,0.0175
1768642860000,95202.0,95202.0,95202.0,95202.0,0.0
1768642920000,95202.0,95254.0,95202.0,95254.0,1.022600000000001
1768642980000,95254.0,95254.0,95216.0,95227.0,0.2333999999999999
1768643040000,95227.0,95262.0,95227.0,95245.0,0.0311
1768643100000,95245.0,95245.0,95245.0,95245.0,0.0
1768643160000,95245.0,95263.0,95245.0,95263.0,11.2529
1768643220000,95263.0,95263.0,95263.0,95263.0,0.0
1768643280000,95263.0,95274.0,95263.0,95263.0,8.8893
1768643340000,95263.0,95263.0,95257.0,95259.0,0.0043999999999999
1768643400000,95259.0,95259.0,95259.0,95259.0,0.0
1768643460000,95259.0,95259.0,95254.0,95256.0,0.0727
1768643520000,95256.0,95256.0,95256.0,95256.0,0.0
1768643580000,95256.0,95256.0,95256.0,95256.0,0.0
1768643640000,95256.0,95256.0,95256.0,95256.0,0.0
1768643700000,95256.0,95256.0,95249.0,95249.0,0.0012
1768643760000,95249.0,95249.0,95249.0,95249.0,0.0
1768643820000,95249.0,95249.0,95233.0,95233.0,0.0204
1768643880000,95233.0,95245.0,95233.0,95245.0,0.0118
1768643940000,95245.0,95245.0,95245.0,95245.0,0.0
1768644000000,95245.0,95245.0,95243.0,95243.0,0.0044
1768644060000,95243.0,95243.0,95205.0,95217.0,0.3442999999999999
1768644120000,95217.0,95217.0,95199.0,95199.0,0.0971
1768644180000,95199.0,95208.0,95199.0,95208.0,0.0009
1768644240000,95208.0,95227.0,95208.0,95227.0,0.1058
1768644300000,95227.0,95236.0,95218.0,95218.0,0.0538
1768644360000,95218.0,95218.0,95218.0,95218.0,0.0
1768644420000,95218.0,95239.0,95218.0,95239.0,0.0015
1768644480000,95239.0,95239.0,95228.0,95228.0,0.0024
1768644540000,95228.0,95239.0,95228.0,95230.0,0.0104
1768644600000,95230.0,95230.0,95212.0,95212.0,0.0039
1768644660000,95212.0,95213.0,95212.0,95213.0,0.002
1768644720000,95213.0,95213.0,95213.0,95213.0,0.0
1768644780000,95213.0,95214.0,95213.0,95213.0,0.0211
1768644840000,95213.0,95234.0,95213.0,95234.0,0.0048
1768644900000,95234.0,95234.0,95234.0,95234.0,0.0
1768644960000,95234.0,95234.0,95234.0,95234.0,0.0
1768645020000,95234.0,95255.0,95234.0,95239.0,0.3191999999999999
1768645080000,95239.0,95239.0,95233.0,95233.0,0.0012
1768645140000,95233.0,95242.0,95233.0,95242.0,0.0011
1768645200000,95242.0,95242.0,95224.0,95224.0,0.0635
1768645260000,95224.0,95225.0,95224.0,95225.0,0.0001
1768645320000,95225.0,95225.0,95214.0,95214.0,0.0063
1768645380000,95214.0,95214.0,95213.0,95213.0,0.0013
1768645440000,95213.0,95214.0,95213.0,95214.0,0.0558
1768645500000,95214.0,95214.0,95208.0,95209.0,1.3998
1768645560000,95209.0,95210.0,95209.0,95209.0,0.2343
1768645620000,95209.0,95210.0,95208.0,95209.0,0.055
1768645680000,95209.0,95213.0,95209.0,95213.0,3.854399999999998
1768645740000,95213.0,95213.0,95213.0,95213.0,0.0
1768645800000,95213.0,95220.0,95213.0,95219.0,0.001
1768645860000,95219.0,95219.0,95219.0,95219.0,0.0
1768645920000,95219.0,95219.0,95208.0,95208.0,0.0001
1768645980000,95208.0,95208.0,95190.0,95190.0,0.0075
1768646040000,95190.0,95190.0,95190.0,95190.0,0.0
1768646100000,95190.0,95190.0,95190.0,95190.0,0.0
1768646160000,95190.0,95190.0,95173.0,95173.0,0.0039
1768646220000,95173.0,95173.0,95160.0,95160.0,0.3150999999999999
1768646280000,95160.0,95164.0,95152.0,95163.0,0.2693
1768646340000,95163.0,95175.0,95163.0,95175.0,0.0019
1768646400000,95175.0,95175.0,95164.0,95164.0,0.0021
1768646460000,95164.0,95166.0,95163.0,95166.0,0.0505
1768646520000,95166.0,95171.0,95161.0,95161.0,0.1446
1768646580000,95161.0,95161.0,95155.0,95155.0,0.0001
1768646640000,95155.0,95156.0,95141.0,95141.0,0.2333
1768646700000,95141.0,95148.0,95107.0,95107.0,4.047899999999999
1768646760000,95107.0,95109.0,95100.0,95100.0,0.1461
1768646820000,95100.0,95123.0,95093.0,95100.0,0.1277999999999999
1768646880000,95100.0,95113.0,95100.0,95108.0,0.0062
1768646940000,95108.0,95108.0,95103.0,95103.0,0.0037
1768647000000,95103.0,95103.0,95103.0,95103.0,0.0091
1768647060000,95103.0,95103.0,95103.0,95103.0,0.0
1768647120000,95103.0,95103.0,95090.0,95090.0,0.1708
1768647180000,95090.0,95096.0,95089.0,95096.0,0.0314
1768647240000,95096.0,95104.0,95096.0,95098.0,0.0126
1768647300000,95098.0,95098.0,95089.0,95089.0,0.0651
1768647360000,95089.0,95102.0,95089.0,95101.0,0.0348
1768647420000,95101.0,95101.0,95101.0,95101.0,0.0
1768647480000,95101.0,95102.0,95095.0,95095.0,0.0117
1768647540000,95095.0,95095.0,95085.0,95085.0,0.2454
1768647600000,95085.0,95089.0,95080.0,95080.0,1.0534
1768647660000,95080.0,95080.0,95080.0,95080.0,0.0011
1768647720000,95080.0,95080.0,95067.0,95067.0,0.0057
1768647780000,95067.0,95113.0,95067.0,95092.0,0.3323
1768647840000,95092.0,95099.0,95092.0,95095.0,0.2475
1768647900000,95095.0,95102.0,95090.0,95090.0,0.2487
1768647960000,95090.0,95090.0,95090.0,95090.0,0.0
1768648020000,95090.0,95090.0,95066.0,95067.0,0.3181000000000001
1768648080000,95067.0,95067.0,95056.0,95064.0,0.1578
1768648140000,95064.0,95073.0,95045.0,95069.0,0.0038
1768648200000,95069.0,95099.0,95069.0,95099.0,0.0244999999999999
1768648260000,95099.0,95099.0,95094.0,95094.0,0.0001
1768648320000,95094.0,95099.0,95094.0,95097.0,0.0259
1768648380000,95097.0,95103.0,95097.0,95101.0,0.0023
1768648440000,95101.0,95101.0,95101.0,95101.0,0.0
1768648500000,95101.0,95129.0,95101.0,95129.0,0.349
1768648560000,95129.0,95129.0,95120.0,95120.0,0.0445
1768648620000,95120.0,95120.0,95120.0,95120.0,0.0033
1768648680000,95120.0,95140.0,95120.0,95140.0,0.0005
1768648740000,95140.0,95153.0,95140.0,95153.0,0.0071
1768648800000,95153.0,95159.0,95139.0,95159.0,0.1292
1768648860000,95159.0,95172.0,95159.0,95172.0,0.3295999999999998
1768648920000,95172.0,95187.0,95172.0,95185.0,0.0522
1768648980000,95185.0,95215.0,95185.0,95215.0,0.3102
1768649040000,95215.0,95224.0,95206.0,95224.0,0.4768
1768649100000,95224.0,95224.0,95186.0,95198.0,0.2321
1768649160000,95198.0,95219.0,95198.0,95219.0,0.0211
1768649220000,95219.0,95219.0,95210.0,95211.0,0.0024
1768649280000,95211.0,95243.0,95211.0,95242.0,0.4632
1768649340000,95242.0,95271.0,95242.0,95271.0,0.1843
1768649400000,95271.0,95271.0,95247.0,95251.0,0.1559
1768649460000,95251.0,95251.0,95248.0,95249.0,0.0163
1768649520000,95249.0,95249.0,95230.0,95239.0,0.1037
1768649580000,95239.0,95270.0,95239.0,95265.0,0.5679
1768649640000,95265.0,95265.0,95262.0,95262.0,0.0115
1768649700000,95262.0,95271.0,95256.0,95271.0,0.1676
1768649760000,95271.0,95271.0,95264.0,95267.0,0.0106
1768649820000,95267.0,95274.0,95267.0,95274.0,0.1823
1768649880000,95274.0,95283.0,95262.0,95262.0,0.5869
1768649940000,95262.0,95277.0,95262.0,95274.0,0.8819
1768650000000,95274.0,95274.0,95274.0,95274.0,0.0
1768650060000,95274.0,95278.0,95274.0,95278.0,0.0001
1768650120000,95278.0,95281.0,95278.0,95281.0,0.0081
1768650180000,95281.0,95281.0,95276.0,95279.0,0.0513
1768650240000,95279.0,95288.0,95279.0,95288.0,0.0376
1768650300000,95288.0,95288.0,95285.0,95285.0,0.0057
1768650360000,95285.0,95285.0,95284.0,95285.0,0.0597
1768650420000,95285.0,95285.0,95285.0,95285.0,0.8462
1768650480000,95285.0,95285.0,95285.0,95285.0,0.1569
1768650540000,95285.0,95285.0,95269.0,95276.0,0.0795
1768650600000,95276.0,95276.0,95272.0,95274.0,0.4503
1768650660000,95274.0,95274.0,95274.0,95274.0,0.001
1768650720000,95274.0,95274.0,95274.0,95274.0,0.0533
1768650780000,95274.0,95274.0,95271.0,95273.0,0.0525
1768650840000,95273.0,95273.0,95271.0,95271.0,0.002
1768650900000,95271.0,95277.0,95271.0,95277.0,0.0051
1768650960000,95277.0,95277.0,95277.0,95277.0,0.0
1768651020000,95277.0,95277.0,95271.0,95271.0,0.0827
1768651080000,95271.0,95272.0,95271.0,95272.0,0.009
1768651140000,95272.0,95296.0,95272.0,95294.0,0.4306
1768651200000,95294.0,95294.0,95280.0,95280.0,0.0248
1768651260000,95280.0,95280.0,95261.0,95261.0,0.1262
1768651320000,95261.0,95266.0,95261.0,95266.0,0.0147
1768651380000,95266.0,95266.0,95260.0,95260.0,0.021
1768651440000,95260.0,95292.0,95260.0,95279.0,0.0707
1768651500000,95279.0,95282.0,95276.0,95282.0,0.0042
1768651560000,95282.0,95283.0,95280.0,95280.0,0.0205
1768651620000,95280.0,95288.0,95280.0,95288.0,0.01
1768651680000,95288.0,95288.0,95286.0,95287.0,0.0354
1768651740000,95287.0,95291.0,95287.0,95288.0,0.0678
1768651800000,95288.0,95288.0,95288.0,95288.0,0.0
1768651860000,95288.0,95288.0,95286.0,95286.0,0.1123
1768651920000,95286.0,95286.0,95286.0,95286.0,0.0
1768651980000,95286.0,95293.0,95286.0,95288.0,0.0282
1768652040000,95288.0,95331.0,95285.0,95327.0,0.2200999999999999
1768652100000,95327.0,95340.0,95326.0,95340.0,0.0172
1768652160000,95340.0,95391.0,95309.0,95309.0,8.80620000000001
1768652220000,95309.0,95309.0,95268.0,95273.0,0.0345999999999999
1768652280000,95273.0,95289.0,95273.0,95286.0,0.0479
1768652340000,95286.0,95286.0,95259.0,95259.0,0.0332
1768652400000,95259.0,95259.0,95259.0,95259.0,0.2789
1768652460000,95259.0,95286.0,95259.0,95286.0,6.2465
1768652520000,95286.0,95286.0,95259.0,95259.0,0.025
1768652580000,95259.0,95268.0,95259.0,95268.0,0.0004
1768652640000,95268.0,95273.0,95259.0,95259.0,0.0246
1768652700000,95259.0,95259.0,95234.0,95234.0,3.849600000000001
1768652760000,95234.0,95234.0,95219.0,95221.0,0.0767
1768652820000,95221.0,95240.0,95206.0,95240.0,0.0306
1768652880000,95240.0,95240.0,95240.0,95240.0,0.0
1768652940000,95240.0,95246.0,95228.0,95246.0,3.244000000000001
1768653000000,95246.0,95246.0,95246.0,95246.0,0.0011
1768653060000,95246.0,95246.0,95227.0,95227.0,0.0667
1768653120000,95227.0,95228.0,95221.0,95228.0,0.0386
1768653180000,95228.0,95239.0,95228.0,95239.0,0.0002
1768653240000,95239.0,95246.0,95239.0,95244.0,0.0175
1768653300000,95244.0,95244.0,95232.0,95232.0,0.0009
1768653360000,95232.0,95248.0,95232.0,95248.0,0.0004
1768653420000,95248.0,95266.0,95248.0,95262.0,0.0011
1768653480000,95262.0,95265.0,95260.0,95260.0,0.0025999999999999
1768653540000,95260.0,95260.0,95257.0,95257.0,0.0002
1768653600000,95257.0,95257.0,95257.0,95257.0,0.0
1768653660000,95257.0,95257.0,95251.0,95251.0,0.0001
1768653720000,95251.0,95251.0,95232.0,95234.0,0.0112
1768653780000,95234.0,95234.0,95227.0,95227.0,0.0156
1768653840000,95227.0,95240.0,95227.0,95240.0,0.2678
1768653900000,95240.0,95240.0,95229.0,95238.0,0.4631
1768653960000,95238.0,95240.0,95228.0,95240.0,0.0036
1768654020000,95240.0,95255.0,95240.0,95255.0,0.8012
1768654080000,95255.0,95255.0,95241.0,95241.0,0.2011
1768654140000,95241.0,95256.0,95241.0,95256.0,0.0132
1768654200000,95256.0,95256.0,95227.0,95228.0,0.1877
1768654260000,95228.0,95229.0,95227.0,95227.0,0.0642
1768654320000,95227.0,95227.0,95227.0,95227.0,0.0
1768654380000,95227.0,95227.0,95225.0,95225.0,0.0041
1768654440000,95225.0,95229.0,95225.0,95229.0,0.001
1768654500000,95229.0,95229.0,95229.0,95229.0,0.0
1768654560000,95229.0,95239.0,95229.0,95239.0,0.01
1768654620000,95239.0,95239.0,95236.0,95236.0,0.0001
1768654680000,95236.0,95236.0,95236.0,95236.0,0.0
1768654740000,95236.0,95247.0,95236.0,95247.0,0.0006
1768654800000,95247.0,95248.0,95235.0,95235.0,0.2359
1768654860000,95235.0,95235.0,95235.0,95235.0,0.0
1768654920000,95235.0,95235.0,95231.0,95231.0,0.1632
1768654980000,95231.0,95231.0,95231.0,95231.0,0.0271
1768655040000,95231.0,95231.0,95190.0,95193.0,0.0348
1768655100000,95193.0,95193.0,95152.0,95175.0,20.0022
1768655160000,95175.0,95209.0,95175.0,95209.0,0.0367
1768655220000,95209.0,95209.0,95209.0,95209.0,0.0
1768655280000,95209.0,95209.0,95209.0,95209.0,0.0
1768655340000,95209.0,95209.0,95201.0,95201.0,0.0095
1768655400000,95201.0,95201.0,95201.0,95201.0,0.0
1768655460000,95201.0,95224.0,95201.0,95213.0,4.9902
1768655520000,95213.0,95256.0,95213.0,95251.0,5.0259
1768655580000,95251.0,95273.0,95249.0,95270.0,10.0011
1768655640000,95270.0,95270.0,95213.0,95218.0,0.2088000000000001
1768655700000,95218.0,95218.0,95218.0,95218.0,0.0
1768655760000,95218.0,95282.0,95218.0,95282.0,0.2316
1768655820000,95282.0,95334.0,95282.0,95305.0,3.2795
1768655880000,95305.0,95348.0,95300.0,95348.0,0.9928
1768655940000,95348.0,95356.0,95348.0,95356.0,0.0229
1768656000000,95356.0,95363.0,95330.0,95330.0,0.0967
1768656060000,95330.0,95330.0,95319.0,95319.0,0.0513
1768656120000,95319.0,95319.0,95319.0,95319.0,0.0
1768656180000,95319.0,95319.0,95308.0,95308.0,0.0209
1768656240000,95308.0,95324.0,95308.0,95323.0,0.9782
1768656300000,95323.0,95323.0,95307.0,95307.0,0.0772
1768656360000,95307.0,95333.0,95307.0,95333.0,0.0124
1768656420000,95333.0,95333.0,95333.0,95333.0,0.0
1768656480000,95333.0,95353.0,95333.0,95340.0,0.0212
1768656540000,95340.0,95365.0,95340.0,95347.0,0.7837
1768656600000,95347.0,95367.0,95343.0,95356.0,0.0553
1768656660000,95356.0,95361.0,95356.0,95360.0,0.0144
1768656720000,95360.0,95384.0,95354.0,95384.0,1.0259
1768656780000,95384.0,95384.0,95371.0,95371.0,0.1635
1768656840000,95371.0,95371.0,95371.0,95371.0,0.0
1768656900000,95371.0,95371.0,95335.0,95335.0,0.0134
1768656960000,95335.0,95335.0,95335.0,95335.0,0.0
1768657020000,95335.0,95335.0,95311.0,95313.0,0.0798
1768657080000,95313.0,95313.0,95297.0,95300.0,0.0293
1768657140000,95300.0,95338.0,95300.0,95332.0,0.0412999999999999
1768657200000,95332.0,95362.0,95332.0,95352.0,0.3446
1768657260000,95352.0,95352.0,95351.0,95351.0,0.002
1768657320000,95351.0,95425.0,95351.0,95418.0,2.391300000000001
1768657380000,95418.0,95418.0,95405.0,95415.0,0.0582
1768657440000,95415.0,95425.0,95408.0,95414.0,0.1355
1768657500000,95414.0,95414.0,95407.0,95407.0,0.0379
1768657560000,95407.0,95407.0,95388.0,95405.0,0.0101
1768657620000,95405.0,95414.0,95404.0,95404.0,0.1068
1768657680000,95404.0,95404.0,95389.0,95395.0,0.1043
1768657740000,95395.0,95404.0,95395.0,95404.0,5.151
1768657800000,95404.0,95427.0,95404.0,95421.0,0.0370999999999999
1768657860000,95421.0,95429.0,95416.0,95417.0,0.1268
1768657920000,95417.0,95420.0,95412.0,95420.0,0.0336999999999999
1768657980000,95420.0,95420.0,95387.0,95406.0,0.0417
1768658040000,95406.0,95406.0,95386.0,95386.0,0.0213
1768658100000,95386.0,95401.0,95386.0,95399.0,0.0003
1768658160000,95399.0,95406.0,95399.0,95406.0,0.0129
1768658220000,95406.0,95406.0,95402.0,95402.0,0.0611
1768658280000,95402.0,95402.0,95402.0,95402.0,0.0
1768658340000,95402.0,95431.0,95400.0,95427.0,0.3011
1768658400000,95427.0,95427.0,95359.0,95359.0,0.0428999999999999
1768658460000,95359.0,95371.0,95359.0,95363.0,0.0946
1768658520000,95363.0,95363.0,95343.0,95343.0,1.0697
1768658580000,95343.0,95361.0,95343.0,95343.0,0.0264
1768658640000,95343.0,95372.0,95343.0,95372.0,0.0055
1768658700000,95372.0,95372.0,95371.0,95371.0,0.0012
1768658760000,95371.0,95371.0,95361.0,95365.0,0.0222
1768658820000,95365.0,95365.0,95365.0,95365.0,0.0
1768658880000,95365.0,95385.0,95365.0,95370.0,0.22
1768658940000,95370.0,95374.0,95370.0,95372.0,0.0179
1768659000000,95372.0,95372.0,95372.0,95372.0,0.0
1768659060000,95372.0,95372.0,95372.0,95372.0,0.0
1768659120000,95372.0,95388.0,95372.0,95388.0,0.0002
1768659180000,95388.0,95388.0,95387.0,95387.0,0.0061
1768659240000,95387.0,95409.0,95387.0,95409.0,0.11
1768659300000,95409.0,95433.0,95409.0,95433.0,0.3058
1768659360000,95433.0,95460.0,95433.0,95459.0,0.2801
1768659420000,95459.0,95459.0,95426.0,95427.0,0.0462
1768659480000,95427.0,95450.0,95427.0,95450.0,0.0012
1768659540000,95450.0,95450.0,95441.0,95441.0,0.0119
1768659600000,95441.0,95441.0,95418.0,95418.0,1.9461
1768659660000,95418.0,95435.0,95412.0,95427.0,0.3193
1768659720000,95427.0,95429.0,95417.0,95427.0,0.3048
1768659780000,95427.0,95429.0,95421.0,95421.0,0.2321
1768659840000,95421.0,95421.0,95378.0,95378.0,0.1987000000000001
1768659900000,95378.0,95402.0,95365.0,95365.0,0.0273999999999999
1768659960000,95365.0,95380.0,95365.0,95379.0,0.0352
1768660020000,95379.0,95381.0,95376.0,95381.0,0.0032
1768660080000,95381.0,95445.0,95380.0,95439.0,8.01700000000001
1768660140000,95439.0,95460.0,95421.0,95442.0,0.4856
1768660200000,95442.0,95459.0,95434.0,95459.0,0.4002999999999998
1768660260000,95459.0,95475.0,95459.0,95470.0,10.0965
1768660320000,95470.0,95475.0,95470.0,95475.0,0.0246
1768660380000,95475.0,95494.0,95475.0,95485.0,0.0953
1768660440000,95485.0,95500.0,95450.0,95493.0,2.473299999999998
1768660500000,95493.0,95500.0,95478.0,95500.0,0.0706
1768660560000,95500.0,95500.0,95480.0,95494.0,0.2255
1768660620000,95494.0,95496.0,95494.0,95496.0,0.0001
1768660680000,95496.0,95510.0,95496.0,95509.0,0.4545
1768660740000,95509.0,95528.0,95506.0,95523.0,1.6983
1768660800000,95523.0,95533.0,95506.0,95506.0,5.1923
1768660860000,95506.0,95527.0,95506.0,95527.0,0.0284
1768660920000,95527.0,95536.0,95514.0,95515.0,2.0764
1768660980000,95515.0,95532.0,95498.0,95498.0,5.4
1768661040000,95498.0,95501.0,95417.0,95438.0,6.7008
1768661100000,95438.0,95452.0,95424.0,95437.0,0.7967
1768661160000,95437.0,95449.0,95432.0,95435.0,0.2322
1768661220000,95435.0,95435.0,95405.0,95422.0,0.3667
1768661280000,95422.0,95426.0,95417.0,95426.0,2.240000000000001
1768661340000,95426.0,95426.0,95381.0,95388.0,0.3323999999999998
1768661400000,95388.0,95417.0,95388.0,95404.0,0.4316
1768661460000,95404.0,95413.0,95402.0,95410.0,1.1155
1768661520000,95410.0,95420.0,95390.0,95411.0,1.1632
1768661580000,95411.0,95431.0,95411.0,95430.0,0.6272
1768661640000,95430.0,95430.0,95391.0,95391.0,1.523799999999999
1768661700000,95391.0,95429.0,95391.0,95422.0,0.1935
1768661760000,95422.0,95422.0,95401.0,95418.0,1.6267
1768661820000,95418.0,95418.0,95409.0,95409.0,0.0011
1768661880000,95409.0,95413.0,95409.0,95413.0,0.0031
1768661940000,95413.0,95480.0,95410.0,95468.0,10.00790000000001
1768662000000,95468.0,95468.0,95439.0,95439.0,0.1339
1768662060000,95439.0,95465.0,95437.0,95465.0,0.0282
1768662120000,95465.0,95474.0,95465.0,95474.0,0.0458
1768662180000,95474.0,95474.0,95447.0,95465.0,0.0507
1768662240000,95465.0,95469.0,95450.0,95450.0,0.349
1768662300000,95450.0,95463.0,95450.0,95463.0,0.0011
1768662360000,95463.0,95636.0,95463.0,95630.0,41.93549999999996
1768662420000,95630.0,95637.0,95625.0,95625.0,1.3643
1768662480000,95625.0,95625.0,95550.0,95550.0,13.7787
1768662540000,95550.0,95554.0,95548.0,95553.0,1.0256
1768662600000,95553.0,95553.0,95508.0,95514.0,0.276
1768662660000,95514.0,95523.0,95487.0,95491.0,1.309
1768662720000,95491.0,95491.0,95475.0,95475.0,0.0209999999999999
1768662780000,95475.0,95475.0,95475.0,95475.0,0.0
1768662840000,95475.0,95483.0,95473.0,95483.0,0.1951
1768662900000,95483.0,95522.0,95483.0,95522.0,0.5285
1768662960000,95522.0,95549.0,95522.0,95527.0,0.1908
1768663020000,95527.0,95528.0,95503.0,95503.0,0.2916
1768663080000,95503.0,95511.0,95503.0,95511.0,0.1362
1768663140000,95511.0,95529.0,95498.0,95528.0,1.0072
1768663200000,95528.0,95528.0,95496.0,95496.0,0.1064
1768663260000,95496.0,95514.0,95455.0,95514.0,34.02369999999999
1768663320000,95514.0,95514.0,95490.0,95490.0,0.0274
1768663380000,95490.0,95490.0,95398.0,95398.0,2.8511
1768663440000,95398.0,95440.0,95398.0,95440.0,0.2717
1768663500000,95440.0,95469.0,95440.0,95468.0,0.1397
1768663560000,95468.0,95480.0,95458.0,95479.0,0.0541
1768663620000,95479.0,95512.0,95479.0,95511.0,0.1445
1768663680000,95511.0,95526.0,95465.0,95465.0,0.6233
1768663740000,95465.0,95495.0,95465.0,95495.0,0.007
1768663800000,95495.0,95512.0,95495.0,95512.0,0.2650000000000001
1768663860000,95512.0,95525.0,95505.0,95517.0,0.3525000000000001
1768663920000,95517.0,95528.0,95500.0,95506.0,3.215299999999998
1768663980000,95506.0,95534.0,95506.0,95522.0,0.0894
1768664040000,95522.0,95540.0,95516.0,95528.0,0.2234
1768664100000,95528.0,95528.0,95513.0,95523.0,0.002
1768664160000,95523.0,95523.0,95498.0,95498.0,0.2038
1768664220000,95498.0,95506.0,95494.0,95501.0,0.0297
1768664280000,95501.0,95547.0,95501.0,95547.0,1.5535
1768664340000,95547.0,95575.0,95536.0,95543.0,1.9664
1768664400000,95543.0,95572.0,95494.0,95572.0,0.1462
1768664460000,95572.0,95572.0,95488.0,95531.0,6.0011
1768664520000,95531.0,95570.0,95509.0,95556.0,3.576699999999999
1768664580000,95556.0,95566.0,95539.0,95539.0,0.967
1768664640000,95539.0,95552.0,95536.0,95552.0,0.0504
1768664700000,95552.0,95580.0,95552.0,95559.0,0.9481
1768664760000,95559.0,95581.0,95507.0,95518.0,3.017900000000001
1768664820000,95518.0,95518.0,95479.0,95479.0,2.7704
1768664880000,95479.0,95479.0,95460.0,95472.0,0.5513
1768664940000,95472.0,95477.0,95444.0,95444.0,0.4661
1768665000000,95444.0,95445.0,95415.0,95429.0,0.687
1768665060000,95429.0,95429.0,95408.0,95425.0,1.826899999999998
1768665120000,95425.0,95479.0,95412.0,95444.0,1.4796
1768665180000,95444.0,95521.0,95444.0,95521.0,0.8039
1768665240000,95521.0,95543.0,95508.0,95513.0,2.670700000000001
1768665300000,95513.0,95571.0,95502.0,95571.0,1.176899999999999
1768665360000,95571.0,95580.0,95562.0,95562.0,0.8689
1768665420000,95562.0,95567.0,95541.0,95547.0,1.1095
1768665480000,95547.0,95559.0,95521.0,95545.0,0.7831
1768665540000,95545.0,95566.0,95524.0,95566.0,0.8202
1768665600000,95566.0,95566.0,95515.0,95524.0,1.0831
1768665660000,95524.0,95528.0,95477.0,95477.0,0.5562
1768665720000,95477.0,95494.0,95477.0,95494.0,0.2639
1768665780000,95494.0,95522.0,95494.0,95515.0,9.901
1768665840000,95515.0,95530.0,95497.0,95519.0,0.5092
1768665900000,95519.0,95531.0,95508.0,95531.0,0.2212
1768665960000,95531.0,95531.0,95531.0,95531.0,0.0
1768666020000,95531.0,95531.0,95445.0,95457.0,1.8407
1768666080000,95457.0,95481.0,95457.0,95471.0,0.0321
1768666140000,95471.0,95471.0,95441.0,95456.0,0.6212
1768666200000,95456.0,95458.0,95456.0,95458.0,0.0029
1768666260000,95458.0,95458.0,95457.0,95457.0,0.003
1768666320000,95457.0,95479.0,95457.0,95470.0,0.0585
1768666380000,95470.0,95470.0,95469.0,95469.0,0.0041
1768666440000,95469.0,95469.0,95469.0,95469.0,0.0
1768666500000,95469.0,95489.0,95469.0,95476.0,0.0466
1768666560000,95476.0,95485.0,95433.0,95433.0,0.1497
1768666620000,95433.0,95465.0,95433.0,95451.0,0.0312
1768666680000,95451.0,95452.0,95432.0,95432.0,0.0211
1768666740000,95432.0,95442.0,95414.0,95414.0,0.1738
1768666800000,95414.0,95419.0,95414.0,95418.0,0.1321
1768666860000,95418.0,95418.0,95411.0,95415.0,0.2204
1768666920000,95415.0,95415.0,95296.0,95296.0,7.11180000000002
1768666980000,95296.0,95327.0,95250.0,95327.0,0.7793
1768667040000,95327.0,95327.0,95284.0,95310.0,0.1778
1768667100000,95310.0,95310.0,95278.0,95278.0,0.157
1768667160000,95278.0,95299.0,95271.0,95274.0,0.2937000000000001
1768667220000,95274.0,95300.0,95274.0,95300.0,12.5333
1768667280000,95300.0,95371.0,95261.0,95371.0,9.09960000000001
1768667340000,95371.0,95461.0,95357.0,95457.0,4.331100000000001
1768667400000,95457.0,95457.0,95382.0,95387.0,3.0349
1768667460000,95387.0,95414.0,95384.0,95404.0,0.7691
1768667520000,95404.0,95409.0,95374.0,95383.0,0.1282
1768667580000,95383.0,95392.0,95356.0,95356.0,0.1076
1768667640000,95356.0,95356.0,95288.0,95288.0,4.9766
1768667700000,95288.0,95304.0,95274.0,95283.0,0.5264
1768667760000,95283.0,95314.0,95283.0,95303.0,0.1415
1768667820000,95303.0,95308.0,95277.0,95296.0,4.202699999999998
1768667880000,95296.0,95296.0,95273.0,95279.0,0.0474
1768667940000,95279.0,95320.0,95278.0,95319.0,0.2124
1768668000000,95319.0,95398.0,95319.0,95348.0,6.6381
1768668060000,95348.0,95371.0,95346.0,95371.0,0.0494
1768668120000,95371.0,95377.0,95371.0,95377.0,0.0252
1768668180000,95377.0,95378.0,95359.0,95373.0,5.1467
1768668240000,95373.0,95379.0,95349.0,95349.0,0.1043000000000001
1768668300000,95349.0,95351.0,95345.0,95349.0,0.0476
1768668360000,95349.0,95360.0,95324.0,95337.0,0.2740000000000001
1768668420000,95337.0,95348.0,95334.0,95336.0,0.0362
1768668480000,95336.0,95351.0,95290.0,95290.0,5.9379
1768668540000,95290.0,95292.0,95211.0,95219.0,2.866799999999999
1768668600000,95219.0,95221.0,95163.0,95211.0,12.815
1768668660000,95211.0,95211.0,95204.0,95204.0,0.0108
1768668720000,95204.0,95282.0,95204.0,95277.0,16.26750000000002
1768668780000,95277.0,95301.0,95277.0,95301.0,0.0744
1768668840000,95301.0,95301.0,95280.0,95289.0,0.1371
1768668900000,95289.0,95289.0,95265.0,95265.0,0.1472000000000001
1768668960000,95265.0,95269.0,95264.0,95269.0,0.111
1768669020000,95269.0,95282.0,95269.0,95282.0,0.0016
1768669080000,95282.0,95287.0,95278.0,95280.0,0.1356000000000001
1768669140000,95280.0,95280.0,95275.0,95275.0,0.0498
1768669200000,95275.0,95275.0,95256.0,95265.0,0.0124
1768669260000,95265.0,95275.0,95262.0,95275.0,0.11
1768669320000,95275.0,95280.0,95257.0,95263.0,0.2723
1768669380000,95263.0,95269.0,95263.0,95266.0,0.0091
1768669440000,95266.0,95268.0,95266.0,95268.0,0.0139
1768669500000,95268.0,95287.0,95263.0,95287.0,0.3266999999999999
1768669560000,95287.0,95301.0,95279.0,95301.0,0.0324999999999999
1768669620000,95301.0,95324.0,95301.0,95323.0,0.1312
1768669680000,95323.0,95331.0,95302.0,95302.0,0.271
1768669740000,95302.0,95303.0,95298.0,95303.0,0.2305
1768669800000,95303.0,95323.0,95303.0,95323.0,0.01
1768669860000,95323.0,95343.0,95321.0,95343.0,0.0616
1768669920000,95343.0,95343.0,95343.0,95343.0,0.0
1768669980000,95343.0,95350.0,95325.0,95343.0,0.0295
1768670040000,95343.0,95343.0,95335.0,95335.0,0.057
1768670100000,95335.0,95335.0,95324.0,95324.0,0.0077
1768670160000,95324.0,95327.0,95324.0,95327.0,0.0059
1768670220000,95327.0,95342.0,95327.0,95342.0,0.0123
1768670280000,95342.0,95342.0,95311.0,95311.0,0.073
1768670340000,95311.0,95360.0,95311.0,95360.0,0.1469
1768670400000,95360.0,95360.0,95339.0,95342.0,0.2031
1768670460000,95342.0,95361.0,95342.0,95346.0,0.1283
1768670520000,95346.0,95346.0,95336.0,95336.0,0.0005
1768670580000,95336.0,95342.0,95336.0,95342.0,0.1417
1768670640000,95342.0,95354.0,95342.0,95354.0,0.1052
1768670700000,95354.0,95391.0,95354.0,95379.0,0.2834
1768670760000,95379.0,95379.0,95375.0,95378.0,0.1067
1768670820000,95378.0,95384.0,95372.0,95384.0,0.0072
1768670880000,95384.0,95384.0,95377.0,95380.0,0.107
1768670940000,95380.0,95395.0,95380.0,95395.0,0.0003
1768671000000,95395.0,95395.0,95395.0,95395.0,0.0
1768671060000,95395.0,95395.0,95389.0,95389.0,0.0315
1768671120000,95389.0,95389.0,95360.0,95363.0,2.6162
1768671180000,95363.0,95363.0,95363.0,95363.0,0.0
1768671240000,95363.0,95363.0,95363.0,95363.0,0.0
1768671300000,95363.0,95395.0,95363.0,95392.0,0.0052
1768671360000,95392.0,95420.0,95392.0,95401.0,0.3026999999999998
1768671420000,95401.0,95401.0,95380.0,95398.0,0.1242000000000001
1768671480000,95398.0,95419.0,95398.0,95419.0,1.1223
1768671540000,95419.0,95419.0,95397.0,95397.0,0.004
1768671600000,95397.0,95419.0,95397.0,95419.0,0.0211
1768671660000,95419.0,95419.0,95410.0,95416.0,0.0466
1768671720000,95416.0,95416.0,95381.0,95381.0,0.0508
1768671780000,95381.0,95381.0,95378.0,95380.0,0.0161
1768671840000,95380.0,95422.0,95368.0,95422.0,1.1921
1768671900000,95422.0,95422.0,95379.0,95386.0,0.3708999999999999
1768671960000,95386.0,95386.0,95369.0,95370.0,0.054
1768672020000,95370.0,95393.0,95370.0,95393.0,0.0286
1768672080000,95393.0,95393.0,95353.0,95353.0,0.8648
1768672140000,95353.0,95359.0,95352.0,95352.0,0.0032
1768672200000,95352.0,95352.0,95344.0,95345.0,0.0066
1768672260000,95345.0,95355.0,95345.0,95349.0,0.0175
1768672320000,95349.0,95349.0,95327.0,95328.0,0.0546
1768672380000,95328.0,95358.0,95328.0,95349.0,0.0473
1768672440000,95349.0,95351.0,95349.0,95351.0,0.0011
1768672500000,95351.0,95351.0,95290.0,95299.0,0.1482
1768672560000,95299.0,95299.0,95294.0,95296.0,0.0475
1768672620000,95296.0,95337.0,95296.0,95337.0,0.0323
1768672680000,95337.0,95337.0,95325.0,95325.0,0.0057
1768672740000,95325.0,95342.0,95325.0,95342.0,0.042
1768672800000,95342.0,95354.0,95339.0,95347.0,0.5182
1768672860000,95347.0,95356.0,95325.0,95330.0,0.1032
1768672920000,95330.0,95356.0,95318.0,95356.0,0.4001999999999998
1768672980000,95356.0,95365.0,95356.0,95356.0,0.0469
1768673040000,95356.0,95379.0,95356.0,95379.0,0.1257
1768673100000,95379.0,95379.0,95366.0,95368.0,0.0359
1768673160000,95368.0,95379.0,95356.0,95364.0,0.846
1768673220000,95364.0,95371.0,95364.0,95367.0,0.0023
1768673280000,95367.0,95394.0,95367.0,95385.0,0.0983
1768673340000,95385.0,95391.0,95371.0,95391.0,0.5964
1768673400000,95391.0,95414.0,95391.0,95400.0,1.0182
1768673460000,95400.0,95406.0,95400.0,95406.0,0.0006
1768673520000,95406.0,95406.0,95406.0,95406.0,0.0
1768673580000,95406.0,95420.0,95406.0,95417.0,0.0605
1768673640000,95417.0,95417.0,95403.0,95403.0,0.1223
1768673700000,95403.0,95408.0,95395.0,95395.0,0.7853
1768673760000,95395.0,95420.0,95395.0,95420.0,0.0436
1768673820000,95420.0,95427.0,95420.0,95424.0,0.0481
1768673880000,95424.0,95424.0,95423.0,95424.0,0.0362
1768673940000,95424.0,95428.0,95424.0,95428.0,0.0134
1768674000000,95428.0,95435.0,95428.0,95435.0,0.0014
1768674060000,95435.0,95443.0,95435.0,95443.0,0.0348
1768674120000,95443.0,95443.0,95443.0,95443.0,0.0
1768674180000,95443.0,95443.0,95433.0,95433.0,0.05
1768674240000,95433.0,95442.0,95433.0,95441.0,0.1661000000000001
1768674300000,95441.0,95441.0,95429.0,95430.0,0.0197
1768674360000,95430.0,95430.0,95412.0,95412.0,0.0004
1768674420000,95412.0,95435.0,95410.0,95435.0,0.1298
1768674480000,95435.0,95435.0,95421.0,95426.0,0.1144
1768674540000,95426.0,95426.0,95426.0,95426.0,0.0
1768674600000,95426.0,95443.0,95426.0,95443.0,0.0066
1768674660000,95443.0,95448.0,95443.0,95448.0,0.0017
1768674720000,95448.0,95448.0,95448.0,95448.0,0.0
1768674780000,95448.0,95448.0,95437.0,95437.0,0.0219
1768674840000,95437.0,95437.0,95420.0,95420.0,0.0011
1768674900000,95420.0,95420.0,95411.0,95415.0,0.005
1768674960000,95415.0,95421.0,95413.0,95414.0,0.3016
1768675020000,95414.0,95428.0,95414.0,95428.0,0.1142
1768675080000,95428.0,95448.0,95428.0,95429.0,0.1766
1768675140000,95429.0,95446.0,95429.0,95446.0,0.0401999999999999
1768675200000,95446.0,95446.0,95445.0,95446.0,0.0528
1768675260000,95446.0,95446.0,95410.0,95427.0,0.5819
1768675320000,95427.0,95436.0,95427.0,95436.0,0.001
1768675380000,95436.0,95436.0,95436.0,95436.0,0.0
1768675440000,95436.0,95436.0,95424.0,95424.0,0.0324
1768675500000,95424.0,95425.0,95424.0,95425.0,0.0523
1768675560000,95425.0,95425.0,95398.0,95398.0,0.0126
1768675620000,95398.0,95398.0,95398.0,95398.0,0.0
1768675680000,95398.0,95410.0,95379.0,95384.0,6.1397
1768675740000,95384.0,95402.0,95384.0,95402.0,0.0197
1768675800000,95402.0,95402.0,95385.0,95386.0,0.0066
1768675860000,95386.0,95386.0,95381.0,95382.0,0.0027
1768675920000,95382.0,95385.0,95382.0,95385.0,0.0258
1768675980000,95385.0,95385.0,95383.0,95383.0,0.0011
1768676040000,95383.0,95385.0,95383.0,95385.0,1.979
1768676100000,95385.0,95409.0,95385.0,95401.0,0.0023
1768676160000,95401.0,95401.0,95401.0,95401.0,0.0005
1768676220000,95401.0,95413.0,95384.0,95401.0,1.3225
1768676280000,95401.0,95401.0,95393.0,95393.0,0.0122
1768676340000,95393.0,95411.0,95393.0,95411.0,0.0305
1768676400000,95411.0,95411.0,95385.0,95385.0,0.2844
1768676460000,95385.0,95388.0,95372.0,95372.0,0.2888000000000001
1768676520000,95372.0,95372.0,95364.0,95364.0,0.003
1768676580000,95364.0,95385.0,95364.0,95385.0,0.0022
1768676640000,95385.0,95386.0,95385.0,95386.0,0.0003
1768676700000,95386.0,95386.0,95384.0,95386.0,0.0066
1768676760000,95386.0,95386.0,95386.0,95386.0,0.0
1768676820000,95386.0,95386.0,95364.0,95365.0,0.0016
1768676880000,95365.0,95372.0,95365.0,95372.0,0.1011
1768676940000,95372.0,95378.0,95372.0,95378.0,0.0015
1768677000000,95378.0,95378.0,95358.0,95367.0,0.0221
1768677060000,95367.0,95367.0,95361.0,95361.0,0.0005
1768677120000,95361.0,95366.0,95361.0,95362.0,0.2661
1768677180000,95362.0,95362.0,95362.0,95362.0,0.0
1768677240000,95362.0,95368.0,95356.0,95368.0,0.0674
1768677300000,95368.0,95368.0,95368.0,95368.0,0.0
1768677360000,95368.0,95368.0,95353.0,95362.0,0.0541
1768677420000,95362.0,95362.0,95353.0,95353.0,0.0011
1768677480000,95353.0,95365.0,95353.0,95355.0,0.0184
1768677540000,95355.0,95360.0,95334.0,95334.0,1.1004
1768677600000,95334.0,95334.0,95329.0,95330.0,0.1433
1768677660000,95330.0,95330.0,95330.0,95330.0,0.0002
1768677720000,95330.0,95330.0,95315.0,95315.0,0.0002
1768677780000,95315.0,95324.0,95315.0,95324.0,0.0075
1768677840000,95324.0,95330.0,95318.0,95330.0,0.3064
1768677900000,95330.0,95330.0,95330.0,95330.0,0.0
1768677960000,95330.0,95330.0,95330.0,95330.0,0.0
1768678020000,95330.0,95330.0,95314.0,95322.0,0.0779
1768678080000,95322.0,95322.0,95319.0,95319.0,0.0076
1768678140000,95319.0,95321.0,95319.0,95321.0,0.1305
1768678200000,95321.0,95321.0,95319.0,95319.0,0.0334
1768678260000,95319.0,95321.0,95319.0,95321.0,0.0002
1768678320000,95321.0,95321.0,95321.0,95321.0,0.0
1768678380000,95321.0,95327.0,95319.0,95327.0,0.0726
1768678440000,95327.0,95336.0,95325.0,95333.0,0.0435
1768678500000,95333.0,95333.0,95333.0,95333.0,0.0
1768678560000,95333.0,95337.0,95333.0,95337.0,0.0005
1768678620000,95337.0,95347.0,95337.0,95343.0,0.0097
1768678680000,95343.0,95344.0,95343.0,95344.0,0.0057
1768678740000,95344.0,95345.0,95344.0,95345.0,0.0128
1768678800000,95345.0,95346.0,95345.0,95346.0,0.0075
1768678860000,95346.0,95346.0,95344.0,95344.0,0.0293
1768678920000,95344.0,95344.0,95304.0,95304.0,0.3509
1768678980000,95304.0,95305.0,95265.0,95265.0,0.3506
1768679040000,95265.0,95278.0,95265.0,95266.0,0.057
1768679100000,95266.0,95282.0,95265.0,95282.0,0.0325
1768679160000,95282.0,95282.0,95278.0,95278.0,0.007
1768679220000,95278.0,95278.0,95269.0,95269.0,0.0127
1768679280000,95269.0,95275.0,95268.0,95268.0,0.0151
1768679340000,95268.0,95277.0,95268.0,95277.0,0.0011
1768679400000,95277.0,95278.0,95277.0,95278.0,0.0037
1768679460000,95278.0,95278.0,95254.0,95254.0,0.0903
1768679520000,95254.0,95254.0,95254.0,95254.0,0.0
1768679580000,95254.0,95254.0,95254.0,95254.0,0.0
1768679640000,95254.0,95254.0,95254.0,95254.0,0.0
1768679700000,95254.0,95262.0,95254.0,95262.0,0.0095
1768679760000,95262.0,95273.0,95262.0,95273.0,0.0161
1768679820000,95273.0,95273.0,95273.0,95273.0,0.0
1768679880000,95273.0,95273.0,95268.0,95268.0,0.1904
1768679940000,95268.0,95268.0,95268.0,95268.0,0.0
1768680000000,95268.0,95268.0,95262.0,95262.0,0.0956
1768680060000,95262.0,95268.0,95262.0,95268.0,0.0207
1768680120000,95268.0,95272.0,95266.0,95266.0,0.0370999999999999
1768680180000,95266.0,95266.0,95266.0,95266.0,0.0011
1768680240000,95266.0,95266.0,95263.0,95263.0,0.0011
1768680300000,95263.0,95263.0,95262.0,95262.0,0.0001
1768680360000,95262.0,95264.0,95261.0,95264.0,0.0025
1768680420000,95264.0,95265.0,95264.0,95265.0,0.03
1768680480000,95265.0,95268.0,95264.0,95268.0,0.0105
1768680540000,95268.0,95274.0,95268.0,95274.0,0.0006
1768680600000,95274.0,95274.0,95271.0,95271.0,0.0095
1768680660000,95271.0,95273.0,95271.0,95273.0,0.0888
1768680720000,95273.0,95273.0,95272.0,95272.0,0.0641
1768680780000,95272.0,95274.0,95271.0,95274.0,0.0063
1768680840000,95274.0,95274.0,95269.0,95269.0,0.0008
1768680900000,95269.0,95269.0,95269.0,95269.0,0.0
1768680960000,95269.0,95269.0,95269.0,95269.0,0.0
1768681020000,95269.0,95269.0,95261.0,95268.0,0.0007
1768681080000,95268.0,95268.0,95268.0,95268.0,0.0
1768681140000,95268.0,95273.0,95268.0,95273.0,0.0078
1768681200000,95273.0,95305.0,95273.0,95303.0,0.2439999999999999
1768681260000,95303.0,95303.0,95303.0,95303.0,0.0546
1768681320000,95303.0,95305.0,95298.0,95302.0,0.0469
1768681380000,95302.0,95304.0,95302.0,95303.0,0.0104
1768681440000,95303.0,95307.0,95294.0,95307.0,0.0768
1768681500000,95307.0,95307.0,95307.0,95307.0,0.0
1768681560000,95307.0,95307.0,95303.0,95303.0,0.0012
1768681620000,95303.0,95308.0,95303.0,95308.0,0.0009
1768681680000,95308.0,95368.0,95308.0,95323.0,4.7186
1768681740000,95323.0,95323.0,95300.0,95300.0,0.0063
1768681800000,95300.0,95300.0,95274.0,95280.0,0.0028
1768681860000,95280.0,95280.0,95269.0,95269.0,0.0264
1768681920000,95269.0,95269.0,95263.0,95264.0,0.0022
1768681980000,95264.0,95267.0,95264.0,95267.0,0.002
1768682040000,95267.0,95271.0,95267.0,95271.0,0.104
1768682100000,95271.0,95272.0,95266.0,95272.0,0.0027
1768682160000,95272.0,95272.0,95269.0,95269.0,0.0011
1768682220000,95269.0,95280.0,95261.0,95280.0,0.1465
1768682280000,95280.0,95280.0,95262.0,95268.0,0.0202
1768682340000,95268.0,95268.0,95268.0,95268.0,0.0
1768682400000,95268.0,95283.0,95268.0,95283.0,0.0116
1768682460000,95283.0,95283.0,95282.0,95282.0,0.0501
1768682520000,95282.0,95293.0,95282.0,95283.0,0.0694
1768682580000,95283.0,95283.0,95283.0,95283.0,0.0
1768682640000,95283.0,95283.0,95283.0,95283.0,0.0
1768682700000,95283.0,95346.0,95283.0,95333.0,1.6259
1768682760000,95333.0,95350.0,95332.0,95350.0,0.3165999999999999
1768682820000,95350.0,95350.0,95346.0,95346.0,0.002
1768682880000,95346.0,95357.0,95342.0,95355.0,0.5707
1768682940000,95355.0,95372.0,95355.0,95359.0,0.1034
1768683000000,95359.0,95359.0,95339.0,95340.0,0.0035
1768683060000,95340.0,95343.0,95340.0,95342.0,0.0008
1768683120000,95342.0,95342.0,95342.0,95342.0,0.0
1768683180000,95342.0,95344.0,95342.0,95344.0,0.0007
1768683240000,95344.0,95345.0,95342.0,95343.0,0.0172
1768683300000,95343.0,95344.0,95343.0,95344.0,0.0066
1768683360000,95344.0,95344.0,95343.0,95344.0,0.0011
1768683420000,95344.0,95344.0,95344.0,95344.0,0.0157
1768683480000,95344.0,95360.0,95344.0,95360.0,0.0346
1768683540000,95360.0,95360.0,95360.0,95360.0,0.0011
1768683600000,95360.0,95367.0,95360.0,95367.0,0.05
1768683660000,95367.0,95367.0,95364.0,95367.0,0.0177
1768683720000,95367.0,95374.0,95367.0,95370.0,0.0655
1768683780000,95370.0,95374.0,95353.0,95353.0,2.2315
1768683840000,95353.0,95353.0,95353.0,95353.0,0.0
1768683900000,95353.0,95353.0,95346.0,95346.0,0.0246
1768683960000,95346.0,95348.0,95346.0,95348.0,0.0038
1768684020000,95348.0,95355.0,95348.0,95355.0,0.0085
1768684080000,95355.0,95367.0,95355.0,95367.0,0.0089
1768684140000,95367.0,95367.0,95363.0,95365.0,0.0094
1768684200000,95365.0,95365.0,95363.0,95363.0,0.0002
1768684260000,95363.0,95364.0,95363.0,95364.0,0.0023
1768684320000,95364.0,95364.0,95361.0,95361.0,0.0064
1768684380000,95361.0,95361.0,95355.0,95355.0,0.0119
1768684440000,95355.0,95355.0,95325.0,95325.0,0.0041
1768684500000,95325.0,95333.0,95325.0,95332.0,0.0073
1768684560000,95332.0,95334.0,95321.0,95334.0,0.0135
1768684620000,95334.0,95393.0,95334.0,95392.0,0.1428
1768684680000,95392.0,95397.0,95370.0,95370.0,0.0691
1768684740000,95370.0,95370.0,95334.0,95334.0,0.0215
1768684800000,95334.0,95334.0,95314.0,95317.0,1.1016
1768684860000,95317.0,95328.0,95317.0,95328.0,0.0011
1768684920000,95328.0,95359.0,95328.0,95359.0,0.3230999999999999
1768684980000,95359.0,95359.0,95347.0,95347.0,0.3915
1768685040000,95347.0,95347.0,95342.0,95342.0,0.0005
1768685100000,95342.0,95346.0,95342.0,95346.0,0.024
1768685160000,95346.0,95346.0,95346.0,95346.0,0.0
1768685220000,95346.0,95347.0,95346.0,95347.0,0.4022
1768685280000,95347.0,95347.0,95347.0,95347.0,0.0096
1768685340000,95347.0,95347.0,95346.0,95346.0,0.0022
1768685400000,95346.0,95346.0,95292.0,95293.0,0.0445
1768685460000,95293.0,95293.0,95293.0,95293.0,0.004
1768685520000,95293.0,95293.0,95288.0,95288.0,0.0222
1768685580000,95288.0,95295.0,95288.0,95295.0,0.0082
1768685640000,95295.0,95312.0,95295.0,95306.0,0.037
1768685700000,95306.0,95306.0,95306.0,95306.0,0.0
1768685760000,95306.0,95306.0,95302.0,95306.0,3.4663
1768685820000,95306.0,95306.0,95306.0,95306.0,0.0
1768685880000,95306.0,95310.0,95306.0,95308.0,0.003
1768685940000,95308.0,95308.0,95268.0,95268.0,1.8556
1768686000000,95268.0,95278.0,95263.0,95276.0,0.3437
1768686060000,95276.0,95278.0,95276.0,95278.0,0.0027
1768686120000,95278.0,95285.0,95278.0,95285.0,0.0041
1768686180000,95285.0,95285.0,95261.0,95261.0,0.2832
1768686240000,95261.0,95269.0,95261.0,95269.0,0.0201
1768686300000,95269.0,95270.0,95269.0,95270.0,0.0025
1768686360000,95270.0,95273.0,95268.0,95273.0,0.0311
1768686420000,95273.0,95273.0,95266.0,95272.0,0.022
1768686480000,95272.0,95289.0,95261.0,95289.0,2.8436
1768686540000,95289.0,95290.0,95289.0,95290.0,0.0221
1768686600000,95290.0,95290.0,95281.0,95289.0,0.0108
1768686660000,95289.0,95289.0,95267.0,95271.0,0.2019
1768686720000,95271.0,95271.0,95266.0,95269.0,0.0165
1768686780000,95269.0,95269.0,95264.0,95264.0,0.0107
1768686840000,95264.0,95266.0,95262.0,95266.0,0.0662
1768686900000,95266.0,95269.0,95265.0,95268.0,0.1784
1768686960000,95268.0,95268.0,95268.0,95268.0,0.0
1768687020000,95268.0,95270.0,95268.0,95270.0,0.0011
1768687080000,95270.0,95276.0,95270.0,95276.0,0.0011
1768687140000,95276.0,95290.0,95276.0,95290.0,0.1369
1768687200000,95290.0,95290.0,95287.0,95287.0,0.0094
1768687260000,95287.0,95287.0,95286.0,95286.0,0.002
1768687320000,95286.0,95286.0,95270.0,95270.0,0.0464
1768687380000,95270.0,95270.0,95269.0,95269.0,0.0011
1768687440000,95269.0,95269.0,95266.0,95266.0,0.0173
1768687500000,95266.0,95272.0,95266.0,95272.0,0.0011
1768687560000,95272.0,95272.0,95272.0,95272.0,0.002
1768687620000,95272.0,95272.0,95272.0,95272.0,0.0
1768687680000,95272.0,95272.0,95272.0,95272.0,0.0
1768687740000,95272.0,95272.0,95261.0,95270.0,0.0825
1768687800000,95270.0,95270.0,95270.0,95270.0,0.0
1768687860000,95270.0,95270.0,95270.0,95270.0,0.0
1768687920000,95270.0,95273.0,95270.0,95273.0,0.0232
1768687980000,95273.0,95273.0,95136.0,95167.0,31.05219999999999
1768688040000,95167.0,95177.0,95150.0,95150.0,0.0805
1768688100000,95150.0,95182.0,95150.0,95175.0,0.4285000000000001
1768688160000,95175.0,95205.0,95175.0,95205.0,0.2368
1768688220000,95205.0,95215.0,95205.0,95213.0,4.231699999999999
1768688280000,95213.0,95213.0,95213.0,95213.0,0.015
1768688340000,95213.0,95213.0,95210.0,95210.0,0.1189
1768688400000,95210.0,95210.0,95190.0,95190.0,0.4239999999999999
1768688460000,95190.0,95206.0,95190.0,95206.0,0.0241
1768688520000,95206.0,95206.0,95183.0,95191.0,0.5219
1768688580000,95191.0,95198.0,95189.0,95197.0,0.524
1768688640000,95197.0,95202.0,95162.0,95162.0,1.559799999999999
1768688700000,95162.0,95175.0,95134.0,95166.0,3.3672
1768688760000,95166.0,95170.0,95162.0,95162.0,1.7385
1768688820000,95162.0,95162.0,95136.0,95137.0,0.209
1768688880000,95137.0,95147.0,95137.0,95147.0,0.0084
1768688940000,95147.0,95157.0,95147.0,95157.0,0.0102
1768689000000,95157.0,95157.0,95109.0,95109.0,1.2808
1768689060000,95109.0,95138.0,95109.0,95135.0,0.1171
1768689120000,95135.0,95135.0,95124.0,95129.0,0.2409
1768689180000,95129.0,95139.0,95129.0,95139.0,0.002
1768689240000,95139.0,95139.0,95135.0,95135.0,0.002
1768689300000,95135.0,95138.0,95130.0,95130.0,0.2374
1768689360000,95130.0,95130.0,95128.0,95128.0,0.006
1768689420000,95128.0,95128.0,95086.0,95086.0,2.007299999999999
1768689480000,95086.0,95101.0,95018.0,95057.0,6.6466
1768689540000,95057.0,95073.0,95052.0,95053.0,0.5696
1768689600000,95053.0,95107.0,95053.0,95062.0,2.825599999999999
1768689660000,95062.0,95130.0,95058.0,95114.0,4.762
1768689720000,95114.0,95153.0,95112.0,95114.0,0.1222000000000001
1768689780000,95114.0,95154.0,95114.0,95154.0,0.2164
1768689840000,95154.0,95154.0,95106.0,95116.0,0.5458
1768689900000,95116.0,95116.0,95035.0,95035.0,5.0437
1768689960000,95035.0,95092.0,95020.0,95045.0,2.026999999999999
1768690020000,95045.0,95045.0,95012.0,95021.0,0.5007
1768690080000,95021.0,95080.0,95021.0,95080.0,0.6146
1768690140000,95080.0,95080.0,95077.0,95077.0,0.0015
1768690200000,95077.0,95094.0,95077.0,95088.0,0.7797
1768690260000,95088.0,95115.0,95088.0,95115.0,0.0259
1768690320000,95115.0,95115.0,95114.0,95115.0,3.868800000000001
1768690380000,95115.0,95115.0,95096.0,95096.0,1.3278
1768690440000,95096.0,95096.0,95093.0,95093.0,0.0393
1768690500000,95093.0,95194.0,95082.0,95166.0,35.22060000000003
1768690560000,95166.0,95189.0,95149.0,95173.0,14.1704
1768690620000,95173.0,95196.0,95170.0,95196.0,0.2072
1768690680000,95196.0,95225.0,95150.0,95162.0,0.1789
1768690740000,95162.0,95198.0,95137.0,95148.0,0.1515
1768690800000,95148.0,95158.0,95125.0,95158.0,0.1127
1768690860000,95158.0,95181.0,95150.0,95150.0,0.0803
1768690920000,95150.0,95190.0,95133.0,95134.0,1.7888
1768690980000,95134.0,95163.0,95114.0,95116.0,1.3618
1768691040000,95116.0,95140.0,95116.0,95140.0,0.1469
1768691100000,95140.0,95140.0,95140.0,95140.0,0.0
1768691160000,95140.0,95166.0,95129.0,95166.0,0.1346000000000001
1768691220000,95166.0,95176.0,95166.0,95176.0,0.0036
1768691280000,95176.0,95193.0,95176.0,95193.0,0.085
1768691340000,95193.0,95193.0,95186.0,95187.0,0.021
1768691400000,95187.0,95187.0,95169.0,95173.0,0.0061
1768691460000,95173.0,95183.0,95165.0,95165.0,0.001
1768691520000,95165.0,95178.0,95165.0,95178.0,0.0053
1768691580000,95178.0,95178.0,95178.0,95178.0,0.0
1768691640000,95178.0,95178.0,95178.0,95178.0,0.0
1768691700000,95178.0,95178.0,95136.0,95136.0,0.0264
1768691760000,95136.0,95143.0,95136.0,95141.0,0.1317
1768691820000,95141.0,95158.0,95141.0,95158.0,0.2973999999999999
1768691880000,95158.0,95158.0,95153.0,95153.0,0.0509
1768691940000,95153.0,95153.0,95153.0,95153.0,0.0
1768692000000,95153.0,95153.0,95130.0,95142.0,0.0137
1768692060000,95142.0,95142.0,95129.0,95129.0,0.0045
1768692120000,95129.0,95129.0,95125.0,95125.0,0.0205
1768692180000,95125.0,95128.0,95098.0,95122.0,0.4787
1768692240000,95122.0,95122.0,95122.0,95122.0,0.0
1768692300000,95122.0,95156.0,95122.0,95156.0,0.4931
1768692360000,95156.0,95156.0,95130.0,95130.0,0.0022
1768692420000,95130.0,95130.0,95130.0,95130.0,0.0
1768692480000,95130.0,95130.0,95117.0,95117.0,0.002
1768692540000,95117.0,95117.0,95100.0,95100.0,0.05
1768692600000,95100.0,95115.0,95095.0,95115.0,0.1943000000000001
1768692660000,95115.0,95115.0,95115.0,95115.0,0.0
1768692720000,95115.0,95115.0,95110.0,95110.0,0.025
1768692780000,95110.0,95164.0,95110.0,95152.0,2.127199999999999
1768692840000,95152.0,95152.0,95119.0,95119.0,0.0442
1768692900000,95119.0,95141.0,95119.0,95141.0,0.0028
1768692960000,95141.0,95145.0,95140.0,95145.0,0.052
1768693020000,95145.0,95164.0,95129.0,95140.0,0.8072
1768693080000,95140.0,95140.0,95118.0,95118.0,0.0118
1768693140000,95118.0,95118.0,95101.0,95101.0,0.0667
1768693200000,95101.0,95102.0,95101.0,95102.0,0.0004
1768693260000,95102.0,95131.0,95102.0,95131.0,0.0116
1768693320000,95131.0,95134.0,95131.0,95134.0,0.0238
1768693380000,95134.0,95135.0,95128.0,95132.0,0.0263
1768693440000,95132.0,95148.0,95132.0,95148.0,0.0197
1768693500000,95148.0,95148.0,95117.0,95117.0,0.0261
1768693560000,95117.0,95117.0,95113.0,95114.0,0.0242
1768693620000,95114.0,95128.0,95109.0,95128.0,0.0127
1768693680000,95128.0,95128.0,95113.0,95113.0,0.0111
1768693740000,95113.0,95113.0,95112.0,95112.0,0.0042
1768693800000,95112.0,95140.0,95112.0,95140.0,0.012
1768693860000,95140.0,95140.0,95123.0,95123.0,0.0377999999999999
1768693920000,95123.0,95142.0,95119.0,95140.0,0.0538
1768693980000,95140.0,95140.0,95117.0,95119.0,0.0972
1768694040000,95119.0,95119.0,95119.0,95119.0,0.0
1768694100000,95119.0,95119.0,95119.0,95119.0,0.0186
1768694160000,95119.0,95133.0,95119.0,95133.0,0.161
1768694220000,95133.0,95138.0,95110.0,95110.0,0.6002
1768694280000,95110.0,95126.0,95110.0,95123.0,0.0631
1768694340000,95123.0,95136.0,95123.0,95136.0,0.0848
1768694400000,95136.0,95136.0,95107.0,95108.0,0.0369
1768694460000,95108.0,95133.0,95108.0,95133.0,0.1902
1768694520000,95133.0,95133.0,95096.0,95125.0,0.7462
1768694580000,95125.0,95139.0,95074.0,95095.0,0.7846
1768694640000,95095.0,95099.0,95084.0,95086.0,0.9488
1768694700000,95086.0,95162.0,95086.0,95162.0,0.5018
1768694760000,95162.0,95162.0,95146.0,95154.0,0.6917
1768694820000,95154.0,95154.0,95149.0,95154.0,0.0491
1768694880000,95154.0,95154.0,95147.0,95149.0,0.115
1768694940000,95149.0,95198.0,95147.0,95192.0,0.0942
1768695000000,95192.0,95211.0,95189.0,95205.0,2.3143
1768695060000,95205.0,95205.0,95196.0,95196.0,0.0107
1768695120000,95196.0,95197.0,95185.0,95185.0,0.0598
1768695180000,95185.0,95185.0,95164.0,95164.0,0.0243
1768695240000,95164.0,95184.0,95164.0,95172.0,0.022
1768695300000,95172.0,95183.0,95171.0,95178.0,0.1084
1768695360000,95178.0,95208.0,95174.0,95208.0,0.3666
1768695420000,95208.0,95221.0,95208.0,95212.0,0.1331
1768695480000,95212.0,95212.0,95195.0,95195.0,0.022
1768695540000,95195.0,95221.0,95195.0,95212.0,0.1716
1768695600000,95212.0,95236.0,95200.0,95211.0,2.07
1768695660000,95211.0,95211.0,95182.0,95183.0,0.0681
1768695720000,95183.0,95185.0,95182.0,95182.0,0.3331
1768695780000,95182.0,95184.0,95182.0,95183.0,0.306
1768695840000,95183.0,95183.0,95183.0,95183.0,0.0646
1768695900000,95183.0,95183.0,95176.0,95181.0,0.4109
1768695960000,95181.0,95181.0,95173.0,95173.0,0.2866
1768696020000,95173.0,95177.0,95173.0,95176.0,0.1584
1768696080000,95176.0,95200.0,95176.0,95194.0,0.0867
1768696140000,95194.0,95194.0,95168.0,95192.0,0.545
1768696200000,95192.0,95192.0,95169.0,95178.0,0.1319
1768696260000,95178.0,95182.0,95174.0,95177.0,0.0894
1768696320000,95177.0,95188.0,95177.0,95184.0,0.0687
1768696380000,95184.0,95185.0,95176.0,95180.0,0.1064
1768696440000,95180.0,95181.0,95174.0,95180.0,0.1249
1768696500000,95180.0,95235.0,95180.0,95206.0,10.9873
1768696560000,95206.0,95225.0,95206.0,95225.0,0.0107
1768696620000,95225.0,95225.0,95180.0,95181.0,0.1122
1768696680000,95181.0,95181.0,95172.0,95172.0,0.0055
1768696740000,95172.0,95172.0,95165.0,95165.0,0.1023
1768696800000,95165.0,95167.0,95121.0,95121.0,0.0485
1768696860000,95121.0,95121.0,95121.0,95121.0,0.0
1768696920000,95121.0,95140.0,95110.0,95132.0,0.0528
1768696980000,95132.0,95148.0,95132.0,95135.0,0.033
1768697040000,95135.0,95135.0,95124.0,95124.0,0.0341
1768697100000,95124.0,95124.0,95109.0,95111.0,0.0411
1768697160000,95111.0,95111.0,95088.0,95088.0,0.1048
1768697220000,95088.0,95108.0,95085.0,95085.0,0.0727
1768697280000,95085.0,95106.0,95057.0,95091.0,5.5628
1768697340000,95091.0,95115.0,95091.0,95107.0,0.0789
1768697400000,95107.0,95125.0,95098.0,95098.0,0.2169
1768697460000,95098.0,95120.0,95088.0,95120.0,0.125
1768697520000,95120.0,95120.0,95096.0,95098.0,0.0703
1768697580000,95098.0,95098.0,95072.0,95080.0,0.1177
1768697640000,95080.0,95084.0,95076.0,95076.0,0.109
1768697700000,95076.0,95109.0,95076.0,95097.0,0.0705
1768697760000,95097.0,95097.0,95089.0,95094.0,0.1226
1768697820000,95094.0,95099.0,95083.0,95083.0,0.1345
1768697880000,95083.0,95091.0,95083.0,95091.0,0.1151
1768697940000,95091.0,95098.0,95091.0,95098.0,0.021
1768698000000,95098.0,95098.0,95054.0,95065.0,5.2618
1768698060000,95065.0,95065.0,95034.0,95034.0,2.3502
1768698120000,95034.0,95048.0,95016.0,95048.0,2.232599999999998
1768698180000,95048.0,95066.0,95045.0,95045.0,0.1397000000000001
1768698240000,95045.0,95048.0,95045.0,95048.0,0.019
1768698300000,95048.0,95048.0,94916.0,94967.0,21.85519999999992
1768698360000,94967.0,95003.0,94967.0,95003.0,0.1784
1768698420000,95003.0,95003.0,94920.0,94926.0,0.2278
1768698480000,94926.0,94943.0,94923.0,94923.0,0.3418
1768698540000,94923.0,94941.0,94851.0,94881.0,8.958
1768698600000,94881.0,94885.0,94853.0,94863.0,0.258
1768698660000,94863.0,94883.0,94852.0,94852.0,1.1681
1768698720000,94852.0,94888.0,94841.0,94868.0,0.7743
1768698780000,94868.0,94948.0,94868.0,94922.0,0.3755
1768698840000,94922.0,94922.0,94919.0,94919.0,0.0086
1768698900000,94919.0,94920.0,94883.0,94887.0,0.048
1768698960000,94887.0,94914.0,94887.0,94914.0,0.1324
1768699020000,94914.0,94921.0,94908.0,94921.0,0.0477
1768699080000,94921.0,94969.0,94921.0,94957.0,0.047
1768699140000,94957.0,94996.0,94957.0,94996.0,1.0968
1768699200000,94996.0,94996.0,94951.0,94953.0,0.0359
1768699260000,94953.0,94983.0,94953.0,94983.0,0.0239
1768699320000,94983.0,94996.0,94983.0,94989.0,0.0234
1768699380000,94989.0,95003.0,94989.0,95002.0,0.0304
1768699440000,95002.0,95007.0,94982.0,94988.0,1.336
1768699500000,94988.0,94999.0,94983.0,94985.0,0.1038
1768699560000,94985.0,94986.0,94983.0,94986.0,0.0748
1768699620000,94986.0,94986.0,94985.0,94986.0,0.1894
1768699680000,94986.0,95011.0,94985.0,95007.0,3.8483
1768699740000,95007.0,95023.0,95007.0,95023.0,0.0237
1768699800000,95023.0,95032.0,95023.0,95030.0,0.0321
1768699860000,95030.0,95033.0,95021.0,95033.0,0.0384
1768699920000,95033.0,95058.0,95020.0,95020.0,0.0801
1768699980000,95020.0,95020.0,94966.0,94966.0,0.4816
1768700040000,94966.0,95000.0,94966.0,95000.0,0.0389
1768700100000,95000.0,95000.0,94996.0,94996.0,0.0045
1768700160000,94996.0,94996.0,94989.0,94989.0,0.1
1768700220000,94989.0,94989.0,94984.0,94984.0,0.001
1768700280000,94984.0,94984.0,94984.0,94984.0,0.0
1768700340000,94984.0,94984.0,94984.0,94984.0,0.0
1768700400000,94984.0,94987.0,94984.0,94987.0,0.0011
1768700460000,94987.0,94989.0,94987.0,94989.0,0.0001
1768700520000,94989.0,94995.0,94975.0,94988.0,1.0333
1768700580000,94988.0,94988.0,94968.0,94978.0,0.0374
1768700640000,94978.0,94986.0,94955.0,94967.0,2.365600000000001
1768700700000,94967.0,94989.0,94967.0,94989.0,0.0031
1768700760000,94989.0,94989.0,94967.0,94967.0,0.0328999999999999
1768700820000,94967.0,94976.0,94967.0,94976.0,0.0148
1768700880000,94976.0,94982.0,94968.0,94968.0,0.014
1768700940000,94968.0,94975.0,94960.0,94975.0,0.3573
1768701000000,94975.0,94981.0,94966.0,94969.0,0.0373
1768701060000,94969.0,94976.0,94969.0,94976.0,0.0005
1768701120000,94976.0,94976.0,94932.0,94934.0,0.4756
1768701180000,94934.0,94934.0,94912.0,94912.0,0.0422999999999999
1768701240000,94912.0,94913.0,94870.0,94904.0,0.1803
1768701300000,94904.0,94914.0,94898.0,94914.0,0.0333
1768701360000,94914.0,94921.0,94912.0,94921.0,0.012
1768701420000,94921.0,94941.0,94921.0,94941.0,0.002
1768701480000,94941.0,94941.0,94934.0,94934.0,0.0037
1768701540000,94934.0,94954.0,94934.0,94954.0,0.0105
1768701600000,94954.0,94970.0,94944.0,94970.0,0.0241
1768701660000,94970.0,94990.0,94970.0,94988.0,0.3567
1768701720000,94988.0,94992.0,94984.0,94984.0,0.1892
1768701780000,94984.0,95008.0,94984.0,94993.0,0.0442
1768701840000,94993.0,95006.0,94990.0,95006.0,0.2361
1768701900000,95006.0,95006.0,94995.0,94995.0,0.0006
1768701960000,94995.0,94995.0,94965.0,94965.0,0.0447999999999999
1768702020000,94965.0,95011.0,94965.0,95007.0,0.012
1768702080000,95007.0,95007.0,94993.0,95003.0,0.0819
1768702140000,95003.0,95015.0,95003.0,95015.0,0.0005
1768702200000,95015.0,95017.0,94970.0,94993.0,2.266299999999999
1768702260000,94993.0,94993.0,94987.0,94990.0,0.0699
1768702320000,94990.0,94998.0,94990.0,94997.0,0.0682
1768702380000,94997.0,94997.0,94997.0,94997.0,0.0
1768702440000,94997.0,94997.0,94997.0,94997.0,0.0
1768702500000,94997.0,95015.0,94997.0,95015.0,0.034
1768702560000,95015.0,95032.0,95015.0,95032.0,0.0169
1768702620000,95032.0,95055.0,95032.0,95055.0,0.0395
1768702680000,95055.0,95060.0,95044.0,95057.0,0.2224
1768702740000,95057.0,95057.0,95014.0,95029.0,0.0325
1768702800000,95029.0,95038.0,95029.0,95038.0,0.1536
1768702860000,95038.0,95038.0,95038.0,95038.0,0.0
1768702920000,95038.0,95038.0,95038.0,95038.0,0.0
1768702980000,95038.0,95038.0,95038.0,95038.0,0.0
1768703040000,95038.0,95038.0,95024.0,95029.0,0.1072
1768703100000,95029.0,95029.0,95015.0,95015.0,0.0032
1768703160000,95015.0,95015.0,95015.0,95015.0,0.0
1768703220000,95015.0,95015.0,95001.0,95001.0,0.0296
1768703280000,95001.0,95001.0,94994.0,95001.0,0.0241
1768703340000,95001.0,95001.0,94999.0,94999.0,0.0091
1768703400000,94999.0,94999.0,94988.0,94988.0,0.0107
1768703460000,94988.0,94988.0,94984.0,94987.0,0.0616
1768703520000,94987.0,94987.0,94913.0,94945.0,2.911
1768703580000,94945.0,94945.0,94903.0,94903.0,0.0161
1768703640000,94903.0,94911.0,94894.0,94911.0,0.0264
1768703700000,94911.0,94951.0,94911.0,94928.0,0.8613
1768703760000,94928.0,94928.0,94880.0,94880.0,0.9171
1768703820000,94880.0,94896.0,94874.0,94874.0,0.1063
1768703880000,94874.0,94885.0,94855.0,94855.0,0.6433
1768703940000,94855.0,94888.0,94854.0,94888.0,0.0415
1768704000000,94888.0,94889.0,94881.0,94889.0,0.0893
1768704060000,94889.0,94905.0,94889.0,94895.0,0.2984000000000001
1768704120000,94895.0,94910.0,94895.0,94910.0,0.0915
1768704180000,94910.0,94946.0,94910.0,94946.0,0.1036
1768704240000,94946.0,94946.0,94946.0,94946.0,0.0
1768704300000,94946.0,94967.0,94946.0,94967.0,0.0018
1768704360000,94967.0,94992.0,94967.0,94990.0,1.7805
1768704420000,94990.0,94990.0,94986.0,94986.0,0.0012
1768704480000,94986.0,94996.0,94986.0,94996.0,0.0218
1768704540000,94996.0,95003.0,94995.0,95003.0,0.0061
1768704600000,95003.0,95010.0,94959.0,94959.0,0.0237
1768704660000,94959.0,94969.0,94949.0,94949.0,0.0292
1768704720000,94949.0,94949.0,94941.0,94941.0,0.02
1768704780000,94941.0,94947.0,94941.0,94947.0,0.0022
1768704840000,94947.0,94971.0,94947.0,94967.0,0.0302
1768704900000,94967.0,94994.0,94967.0,94994.0,0.0171
1768704960000,94994.0,95008.0,94994.0,95001.0,0.0426
1768705020000,95001.0,95001.0,95001.0,95001.0,0.0
1768705080000,95001.0,95001.0,95001.0,95001.0,0.0
1768705140000,95001.0,95006.0,94998.0,95006.0,0.0017
1768705200000,95006.0,95018.0,95006.0,95010.0,0.0102
1768705260000,95010.0,95027.0,95010.0,95027.0,0.2771
1768705320000,95027.0,95036.0,95019.0,95019.0,0.0085
1768705380000,95019.0,95043.0,95019.0,95043.0,0.1065
1768705440000,95043.0,95050.0,95040.0,95050.0,0.0045
1768705500000,95050.0,95050.0,95027.0,95027.0,0.0078
1768705560000,95027.0,95027.0,95024.0,95024.0,0.0005
1768705620000,95024.0,95024.0,95011.0,95011.0,0.012
1768705680000,95011.0,95011.0,95006.0,95006.0,0.0038
1768705740000,95006.0,95030.0,95006.0,95030.0,0.0239
1768705800000,95030.0,95058.0,95030.0,95044.0,0.1011
1768705860000,95044.0,95054.0,95044.0,95054.0,0.0242
1768705920000,95054.0,95054.0,95051.0,95051.0,0.0006
1768705980000,95051.0,95051.0,95036.0,95049.0,0.0569
1768706040000,95049.0,95049.0,95049.0,95049.0,0.0
1768706100000,95049.0,95049.0,95049.0,95049.0,0.0
1768706160000,95049.0,95059.0,95044.0,95058.0,0.0274
1768706220000,95058.0,95058.0,95031.0,95034.0,0.3664999999999999
1768706280000,95034.0,95041.0,95034.0,95041.0,0.5
1768706340000,95041.0,95058.0,95041.0,95058.0,0.06
1768706400000,95058.0,95067.0,95053.0,95058.0,0.1552
1768706460000,95058.0,95061.0,95030.0,95030.0,0.0285
1768706520000,95030.0,95030.0,95030.0,95030.0,0.0
1768706580000,95030.0,95030.0,95030.0,95030.0,0.0
1768706640000,95030.0,95030.0,95030.0,95030.0,0.0
1768706700000,95030.0,95053.0,95023.0,95051.0,0.0029
1768706760000,95051.0,95069.0,95051.0,95069.0,0.0534
1768706820000,95069.0,95069.0,95063.0,95063.0,0.0051
1768706880000,95063.0,95128.0,95059.0,95128.0,8.7243
1768706940000,95128.0,95132.0,95122.0,95122.0,0.6644
1768707000000,95122.0,95130.0,95117.0,95123.0,0.0994
1768707060000,95123.0,95165.0,95123.0,95147.0,0.9531
1768707120000,95147.0,95182.0,95147.0,95169.0,0.8247
1768707180000,95169.0,95169.0,95149.0,95149.0,0.0495
1768707240000,95149.0,95163.0,95142.0,95142.0,0.1022
1768707300000,95142.0,95154.0,95124.0,95154.0,0.0549
1768707360000,95154.0,95163.0,95151.0,95163.0,0.0023
1768707420000,95163.0,95180.0,95163.0,95169.0,0.1165
1768707480000,95169.0,95169.0,95169.0,95169.0,0.0
1768707540000,95169.0,95171.0,95169.0,95171.0,0.0092
1768707600000,95171.0,95171.0,95171.0,95171.0,0.0
1768707660000,95171.0,95171.0,95165.0,95165.0,0.001
1768707720000,95165.0,95165.0,95150.0,95150.0,0.0097
1768707780000,95150.0,95150.0,95133.0,95142.0,0.0035
1768707840000,95142.0,95142.0,95142.0,95142.0,0.0
1768707900000,95142.0,95159.0,95142.0,95154.0,0.1411
1768707960000,95154.0,95167.0,95154.0,95167.0,0.1007
1768708020000,95167.0,95172.0,95167.0,95172.0,0.001
1768708080000,95172.0,95199.0,95172.0,95177.0,0.0553
1768708140000,95177.0,95177.0,95168.0,95168.0,0.0795
1768708200000,95168.0,95179.0,95168.0,95177.0,0.0012
1768708260000,95177.0,95177.0,95137.0,95138.0,0.0271
1768708320000,95138.0,95139.0,95134.0,95139.0,0.0096
1768708380000,95139.0,95139.0,95132.0,95138.0,0.0193
1768708440000,95138.0,95138.0,95138.0,95138.0,0.0
1768708500000,95138.0,95143.0,95138.0,95143.0,0.0093
1768708560000,95143.0,95150.0,95143.0,95150.0,0.0369
1768708620000,95150.0,95151.0,95150.0,95151.0,0.0024
1768708680000,95151.0,95179.0,95151.0,95179.0,0.1095
1768708740000,95179.0,95179.0,95169.0,95169.0,0.0369
1768708800000,95169.0,95169.0,95134.0,95134.0,0.0458
1768708860000,95134.0,95152.0,95134.0,95152.0,0.0302
1768708920000,95152.0,95164.0,95152.0,95164.0,0.002
1768708980000,95164.0,95167.0,95131.0,95134.0,0.2417000000000001
1768709040000,95134.0,95136.0,95133.0,95134.0,0.0484
1768709100000,95134.0,95167.0,95134.0,95160.0,0.1545
1768709160000,95160.0,95170.0,95160.0,95164.0,0.1854
1768709220000,95164.0,95170.0,95163.0,95170.0,0.1992
1768709280000,95170.0,95170.0,95134.0,95138.0,0.4553
1768709340000,95138.0,95148.0,95138.0,95148.0,0.0987
1768709400000,95148.0,95148.0,95109.0,95109.0,0.0115
1768709460000,95109.0,95109.0,95109.0,95109.0,0.0
1768709520000,95109.0,95110.0,95091.0,95091.0,0.0944
1768709580000,95091.0,95127.0,95091.0,95127.0,0.008
1768709640000,95127.0,95155.0,95127.0,95155.0,1.7145
1768709700000,95155.0,95155.0,95119.0,95119.0,0.0231
1768709760000,95119.0,95119.0,95105.0,95108.0,0.0394
1768709820000,95108.0,95123.0,95101.0,95109.0,0.0788
1768709880000,95109.0,95109.0,95109.0,95109.0,0.0
1768709940000,95109.0,95109.0,95103.0,95103.0,0.0021
1768710000000,95103.0,95105.0,95103.0,95105.0,0.047
1768710060000,95105.0,95125.0,95105.0,95116.0,0.3362
1768710120000,95116.0,95135.0,95116.0,95135.0,0.3077
1768710180000,95135.0,95135.0,95135.0,95135.0,0.0
1768710240000,95135.0,95135.0,95135.0,95135.0,0.0
1768710300000,95135.0,95135.0,95091.0,95091.0,0.0426
1768710360000,95091.0,95091.0,95091.0,95091.0,0.0
1768710420000,95091.0,95091.0,95091.0,95091.0,0.0
1768710480000,95091.0,95091.0,95091.0,95091.0,0.0
1768710540000,95091.0,95093.0,95091.0,95093.0,0.0012
1768710600000,95093.0,95106.0,95093.0,95106.0,0.012
1768710660000,95106.0,95106.0,95078.0,95078.0,0.0004
1768710720000,95078.0,95078.0,95058.0,95058.0,0.0216
1768710780000,95058.0,95058.0,95058.0,95058.0,0.0
1768710840000,95058.0,95058.0,95058.0,95058.0,0.0
1768710900000,95058.0,95069.0,95058.0,95069.0,0.0781
1768710960000,95069.0,95069.0,95069.0,95069.0,0.0
1768711020000,95069.0,95069.0,95069.0,95069.0,0.0
1768711080000,95069.0,95069.0,95069.0,95069.0,0.0
1768711140000,95069.0,95069.0,95069.0,95069.0,0.0
1768711200000,95069.0,95069.0,95069.0,95069.0,0.0
1768711260000,95069.0,95069.0,95062.0,95064.0,0.0003
1768711320000,95064.0,95066.0,95064.0,95066.0,0.0119
1768711380000,95066.0,95067.0,95066.0,95067.0,0.0009
1768711440000,95067.0,95102.0,95067.0,95101.0,0.0131
1768711500000,95101.0,95101.0,95078.0,95078.0,0.0023
1768711560000,95078.0,95078.0,95078.0,95078.0,0.0
1768711620000,95078.0,95078.0,95078.0,95078.0,0.0
1768711680000,95078.0,95078.0,95078.0,95078.0,0.0
1768711740000,95078.0,95078.0,95078.0,95078.0,0.0
1768711800000,95078.0,95095.0,95078.0,95095.0,0.0233
1768711860000,95095.0,95095.0,95095.0,95095.0,0.0
1768711920000,95095.0,95099.0,95095.0,95099.0,0.0013
1768711980000,95099.0,95099.0,95095.0,95095.0,0.05
1768712040000,95095.0,95095.0,95095.0,95095.0,0.0
1768712100000,95095.0,95095.0,95070.0,95070.0,0.0015
1768712160000,95070.0,95070.0,95070.0,95070.0,0.0
1768712220000,95070.0,95070.0,95070.0,95070.0,0.0
1768712280000,95070.0,95095.0,95070.0,95095.0,0.0178
1768712340000,95095.0,95095.0,95095.0,95095.0,0.0
1768712400000,95095.0,95095.0,95095.0,95095.0,0.0
1768712460000,95095.0,95095.0,95095.0,95095.0,0.0
1768712520000,95095.0,95095.0,95063.0,95063.0,0.0012
1768712580000,95063.0,95063.0,95063.0,95063.0,0.0
1768712640000,95063.0,95063.0,95063.0,95063.0,0.0
1768712700000,95063.0,95063.0,95063.0,95063.0,0.0
1768712760000,95063.0,95063.0,95063.0,95063.0,0.0
1768712820000,95063.0,95063.0,95063.0,95063.0,0.0
1768712880000,95063.0,95066.0,95039.0,95058.0,0.0766
1768712940000,95058.0,95058.0,95058.0,95058.0,0.0
1768713000000,95058.0,95058.0,95047.0,95058.0,0.0032
1768713060000,95058.0,95058.0,95058.0,95058.0,0.0
1768713120000,95058.0,95061.0,95058.0,95061.0,0.0023
1768713180000,95061.0,95061.0,95061.0,95061.0,0.0
1768713240000,95061.0,95091.0,95061.0,95091.0,0.0907
1768713300000,95091.0,95091.0,95054.0,95054.0,0.3547999999999999
1768713360000,95054.0,95067.0,95054.0,95067.0,0.0023
1768713420000,95067.0,95070.0,95067.0,95067.0,0.0015
1768713480000,95067.0,95067.0,95067.0,95067.0,0.0
1768713540000,95067.0,95078.0,95067.0,95078.0,0.0277
1768713600000,95078.0,95078.0,95078.0,95078.0,0.0
1768713660000,95078.0,95078.0,95077.0,95077.0,0.0001
1768713720000,95077.0,95089.0,95077.0,95089.0,0.0057
1768713780000,95089.0,95089.0,95089.0,95089.0,0.0
1768713840000,95089.0,95095.0,95089.0,95095.0,0.01
1768713900000,95095.0,95095.0,95095.0,95095.0,0.0
1768713960000,95095.0,95095.0,95095.0,95095.0,0.0
1768714020000,95095.0,95095.0,95082.0,95082.0,0.0009
1768714080000,95082.0,95102.0,95082.0,95102.0,0.0057
1768714140000,95102.0,95131.0,95082.0,95116.0,2.7401
1768714200000,95116.0,95116.0,95080.0,95089.0,0.5835
1768714260000,95089.0,95117.0,95089.0,95117.0,0.0015
1768714320000,95117.0,95117.0,95087.0,95087.0,0.3456999999999998
1768714380000,95087.0,95087.0,95050.0,95050.0,0.2762000000000001
1768714440000,95050.0,95073.0,95050.0,95070.0,0.3763
1768714500000,95070.0,95070.0,95070.0,95070.0,0.0
1768714560000,95070.0,95070.0,95070.0,95070.0,0.0
1768714620000,95070.0,95088.0,95070.0,95088.0,0.0249
1768714680000,95088.0,95101.0,95088.0,95101.0,0.0005
1768714740000,95101.0,95118.0,95101.0,95110.0,0.046
1768714800000,95110.0,95117.0,95107.0,95107.0,0.0124
1768714860000,95107.0,95107.0,95086.0,95104.0,0.0381
1768714920000,95104.0,95104.0,95104.0,95104.0,0.0
1768714980000,95104.0,95142.0,95100.0,95142.0,2.947699999999997
1768715040000,95142.0,95166.0,95142.0,95162.0,0.0162
1768715100000,95162.0,95252.0,95162.0,95204.0,0.1644000000000001
1768715160000,95204.0,95204.0,95196.0,95196.0,0.1157
1768715220000,95196.0,95204.0,95182.0,95204.0,0.2694999999999999
1768715280000,95204.0,95205.0,95200.0,95200.0,0.0288
1768715340000,95200.0,95200.0,95200.0,95200.0,0.0
1768715400000,95200.0,95200.0,95181.0,95181.0,0.2653
1768715460000,95181.0,95181.0,95181.0,95181.0,0.0
1768715520000,95181.0,95181.0,95150.0,95150.0,0.022
1768715580000,95150.0,95150.0,95141.0,95144.0,0.014
1768715640000,95144.0,95158.0,95144.0,95158.0,0.0117
1768715700000,95158.0,95188.0,95130.0,95164.0,2.6801
1768715760000,95164.0,95164.0,95135.0,95135.0,0.0182
1768715820000,95135.0,95135.0,95135.0,95135.0,0.0
1768715880000,95135.0,95189.0,95135.0,95186.0,0.1081
1768715940000,95186.0,95186.0,95169.0,95169.0,0.0011
1768716000000,95169.0,95169.0,95165.0,95165.0,0.0005
1768716060000,95165.0,95165.0,95152.0,95157.0,0.0018
1768716120000,95157.0,95157.0,95157.0,95157.0,0.0
1768716180000,95157.0,95157.0,95152.0,95152.0,0.0011
1768716240000,95152.0,95152.0,95144.0,95144.0,0.0505
1768716300000,95144.0,95161.0,95143.0,95161.0,0.0016
1768716360000,95161.0,95161.0,95161.0,95161.0,0.0
1768716420000,95161.0,95179.0,95161.0,95179.0,0.1218
1768716480000,95179.0,95179.0,95177.0,95177.0,0.0423999999999999
1768716540000,95177.0,95186.0,95177.0,95185.0,0.0203
1768716600000,95185.0,95186.0,95182.0,95182.0,0.0031
1768716660000,95182.0,95182.0,95162.0,95174.0,0.4006
1768716720000,95174.0,95174.0,95174.0,95174.0,0.0
1768716780000,95174.0,95174.0,95164.0,95164.0,0.0136
1768716840000,95164.0,95164.0,95157.0,95157.0,0.0061
1768716900000,95157.0,95157.0,95157.0,95157.0,0.0
1768716960000,95157.0,95164.0,95157.0,95164.0,0.0048
1768717020000,95164.0,95164.0,95164.0,95164.0,0.0
1768717080000,95164.0,95164.0,95164.0,95164.0,0.0
1768717140000,95164.0,95164.0,95155.0,95155.0,0.0005
1768717200000,95155.0,95155.0,95121.0,95121.0,0.1229
1768717260000,95121.0,95121.0,95121.0,95121.0,0.0
1768717320000,95121.0,95141.0,95121.0,95141.0,0.0008
1768717380000,95141.0,95141.0,95141.0,95141.0,0.0
1768717440000,95141.0,95141.0,95141.0,95141.0,0.0
1768717500000,95141.0,95141.0,95141.0,95141.0,0.0
1768717560000,95141.0,95141.0,95141.0,95141.0,0.0
1768717620000,95141.0,95148.0,95136.0,95148.0,0.0013
1768717680000,95148.0,95165.0,95148.0,95164.0,0.0032
1768717740000,95164.0,95169.0,95164.0,95169.0,0.013
1768717800000,95169.0,95178.0,95151.0,95160.0,0.0381
1768717860000,95160.0,95160.0,95140.0,95140.0,0.03
1768717920000,95140.0,95140.0,95136.0,95136.0,0.0066
1768717980000,95136.0,95153.0,95136.0,95151.0,1.0744
1768718040000,95151.0,95186.0,95151.0,95174.0,2.182899999999999
1768718100000,95174.0,95174.0,95174.0,95174.0,0.0
1768718160000,95174.0,95182.0,95174.0,95182.0,0.2143
1768718220000,95182.0,95182.0,95182.0,95182.0,0.0
1768718280000,95182.0,95182.0,95182.0,95182.0,0.0
1768718340000,95182.0,95190.0,95182.0,95190.0,0.0005
1768718400000,95190.0,95190.0,95190.0,95190.0,0.0
1768718460000,95190.0,95198.0,95190.0,95198.0,0.042
1768718520000,95198.0,95198.0,95191.0,95191.0,0.0055
1768718580000,95191.0,95191.0,95188.0,95188.0,0.0289
1768718640000,95188.0,95188.0,95162.0,95169.0,0.0476
1768718700000,95169.0,95169.0,95150.0,95150.0,0.0125
1768718760000,95150.0,95150.0,95150.0,95150.0,0.0
1768718820000,95150.0,95150.0,95150.0,95150.0,0.0
1768718880000,95150.0,95153.0,95150.0,95153.0,0.0046
1768718940000,95153.0,95153.0,95153.0,95153.0,0.0
1768719000000,95153.0,95153.0,95153.0,95153.0,0.0
1768719060000,95153.0,95153.0,95153.0,95153.0,0.0
1768719120000,95153.0,95153.0,95153.0,95153.0,0.0
1768719180000,95153.0,95157.0,95139.0,95139.0,0.2203
1768719240000,95139.0,95139.0,95123.0,95123.0,0.0736
1768719300000,95123.0,95131.0,95123.0,95131.0,0.0511
1768719360000,95131.0,95144.0,95131.0,95144.0,0.0022
1768719420000,95144.0,95144.0,95144.0,95144.0,0.0
1768719480000,95144.0,95156.0,95144.0,95156.0,0.0012
1768719540000,95156.0,95161.0,95156.0,95161.0,0.1514
1768719600000,95161.0,95161.0,95138.0,95138.0,0.3114999999999999
1768719660000,95138.0,95150.0,95131.0,95150.0,0.0476
1768719720000,95150.0,95158.0,95150.0,95158.0,0.0123
1768719780000,95158.0,95158.0,95158.0,95158.0,0.0
1768719840000,95158.0,95163.0,95158.0,95163.0,0.0001
1768719900000,95163.0,95163.0,95134.0,95134.0,0.0056
1768719960000,95134.0,95134.0,95134.0,95134.0,0.0
1768720020000,95134.0,95134.0,95114.0,95117.0,0.0255
1768720080000,95117.0,95140.0,95104.0,95107.0,1.0665
1768720140000,95107.0,95121.0,95107.0,95121.0,0.0002
1768720200000,95121.0,95121.0,95094.0,95094.0,0.3104000000000001
1768720260000,95094.0,95096.0,95089.0,95096.0,0.0202
1768720320000,95096.0,95096.0,95062.0,95063.0,0.1177
1768720380000,95063.0,95069.0,95061.0,95065.0,0.0249
1768720440000,95065.0,95065.0,95060.0,95060.0,0.0157
1768720500000,95060.0,95060.0,95060.0,95060.0,0.0
1768720560000,95060.0,95060.0,95060.0,95060.0,0.0
1768720620000,95060.0,95061.0,95045.0,95052.0,0.0188
1768720680000,95052.0,95052.0,95052.0,95052.0,0.0
1768720740000,95052.0,95072.0,95052.0,95072.0,0.0076
1768720800000,95072.0,95076.0,95072.0,95076.0,0.0012
1768720860000,95076.0,95076.0,95073.0,95073.0,0.0074
1768720920000,95073.0,95073.0,95073.0,95073.0,0.0
1768720980000,95073.0,95102.0,95073.0,95089.0,0.1819
1768721040000,95089.0,95096.0,95089.0,95092.0,0.0284
1768721100000,95092.0,95092.0,95092.0,95092.0,0.0
1768721160000,95092.0,95092.0,95092.0,95092.0,0.0
1768721220000,95092.0,95092.0,95092.0,95092.0,0.0
1768721280000,95092.0,95092.0,95092.0,95092.0,0.0
1768721340000,95092.0,95092.0,95092.0,95092.0,0.0
1768721400000,95092.0,95092.0,95049.0,95057.0,1.739999999999999
1768721460000,95057.0,95063.0,95031.0,95056.0,2.507699999999999
1768721520000,95056.0,95056.0,95056.0,95056.0,0.0
1768721580000,95056.0,95061.0,95039.0,95040.0,0.0477
1768721640000,95040.0,95040.0,95031.0,95031.0,0.0205
1768721700000,95031.0,95046.0,95031.0,95046.0,0.1
1768721760000,95046.0,95046.0,95046.0,95046.0,0.0
1768721820000,95046.0,95048.0,95031.0,95046.0,0.1093
1768721880000,95046.0,95046.0,95030.0,95030.0,0.4395
1768721940000,95030.0,95037.0,95022.0,95028.0,0.0593
1768722000000,95028.0,95028.0,95020.0,95022.0,0.0481
1768722060000,95022.0,95022.0,95022.0,95022.0,0.0243
1768722120000,95022.0,95023.0,95002.0,95023.0,0.0847
1768722180000,95023.0,95026.0,95014.0,95026.0,0.0478
1768722240000,95026.0,95026.0,95026.0,95026.0,0.0
1768722300000,95026.0,95026.0,95026.0,95026.0,0.0
1768722360000,95026.0,95060.0,95026.0,95054.0,0.4926
1768722420000,95054.0,95060.0,95047.0,95060.0,18.4029
1768722480000,95060.0,95060.0,95053.0,95053.0,0.001
1768722540000,95053.0,95053.0,95053.0,95053.0,0.0
1768722600000,95053.0,95071.0,95053.0,95071.0,2.357500000000001
1768722660000,95071.0,95071.0,95053.0,95053.0,0.0595
1768722720000,95053.0,95058.0,95053.0,95054.0,0.2687000000000001
1768722780000,95054.0,95065.0,95049.0,95052.0,0.0416
1768722840000,95052.0,95052.0,95052.0,95052.0,0.0
1768722900000,95052.0,95052.0,95038.0,95038.0,0.0015
1768722960000,95038.0,95038.0,95038.0,95038.0,0.0
1768723020000,95038.0,95045.0,95038.0,95043.0,0.02
1768723080000,95043.0,95068.0,95039.0,95061.0,0.0464
1768723140000,95061.0,95061.0,95010.0,95010.0,0.0225
1768723200000,95010.0,95018.0,95008.0,95008.0,0.1396
1768723260000,95008.0,95050.0,95008.0,95050.0,0.0045
1768723320000,95050.0,95050.0,95013.0,95015.0,0.0046
1768723380000,95015.0,95022.0,95015.0,95022.0,0.0069
1768723440000,95022.0,95022.0,95019.0,95019.0,0.001
1768723500000,95019.0,95019.0,95004.0,95004.0,0.0567
1768723560000,95004.0,95022.0,95004.0,95022.0,0.0014
1768723620000,95022.0,95022.0,95007.0,95007.0,0.0057
1768723680000,95007.0,95018.0,95007.0,95013.0,0.0211
1768723740000,95013.0,95027.0,95013.0,95027.0,0.02
1768723800000,95027.0,95037.0,95027.0,95028.0,0.0398999999999999
1768723860000,95028.0,95028.0,95023.0,95028.0,0.0144
1768723920000,95028.0,95028.0,95028.0,95028.0,0.0
1768723980000,95028.0,95033.0,95028.0,95033.0,0.0424
1768724040000,95033.0,95033.0,95033.0,95033.0,0.0
1768724100000,95033.0,95033.0,95019.0,95032.0,0.0581
1768724160000,95032.0,95032.0,95017.0,95017.0,0.0011
1768724220000,95017.0,95017.0,95017.0,95017.0,0.0
1768724280000,95017.0,95017.0,95017.0,95017.0,0.0
1768724340000,95017.0,95023.0,95017.0,95023.0,0.0106
1768724400000,95023.0,95031.0,95023.0,95031.0,0.0056
1768724460000,95031.0,95039.0,95031.0,95039.0,0.0107
1768724520000,95039.0,95053.0,95039.0,95053.0,0.0073
1768724580000,95053.0,95053.0,95033.0,95051.0,0.045
1768724640000,95051.0,95055.0,95046.0,95046.0,0.0054
1768724700000,95046.0,95062.0,95046.0,95062.0,0.0165
1768724760000,95062.0,95062.0,95062.0,95062.0,0.0
1768724820000,95062.0,95093.0,95062.0,95093.0,0.0117
1768724880000,95093.0,95093.0,95082.0,95092.0,0.1126
1768724940000,95092.0,95092.0,95092.0,95092.0,0.0
1768725000000,95092.0,95097.0,95092.0,95097.0,0.0056
1768725060000,95097.0,95114.0,95090.0,95114.0,3.0033
1768725120000,95114.0,95114.0,95107.0,95110.0,0.025
1768725180000,95110.0,95110.0,95110.0,95110.0,0.0
1768725240000,95110.0,95110.0,95110.0,95110.0,0.0
1768725300000,95110.0,95123.0,95106.0,95114.0,2.0269
1768725360000,95114.0,95114.0,95085.0,95085.0,0.2286000000000001
1768725420000,95085.0,95105.0,95085.0,95105.0,0.004
1768725480000,95105.0,95121.0,95105.0,95121.0,0.001
1768725540000,95121.0,95150.0,95121.0,95150.0,0.1411
1768725600000,95150.0,95154.0,95150.0,95154.0,0.0203
1768725660000,95154.0,95183.0,95154.0,95183.0,0.0083
1768725720000,95183.0,95188.0,95179.0,95179.0,0.6917
1768725780000,95179.0,95180.0,95152.0,95152.0,0.1604
1768725840000,95152.0,95155.0,95150.0,95151.0,0.2675
1768725900000,95151.0,95151.0,95151.0,95151.0,0.0
1768725960000,95151.0,95151.0,95150.0,95150.0,13.0665
1768726020000,95150.0,95150.0,95150.0,95150.0,6.8889
1768726080000,95150.0,95150.0,95150.0,95150.0,0.0
1768726140000,95150.0,95159.0,95150.0,95159.0,0.0059
1768726200000,95159.0,95174.0,95159.0,95174.0,0.0012
1768726260000,95174.0,95174.0,95162.0,95162.0,0.0319
1768726320000,95162.0,95165.0,95162.0,95164.0,0.0313
1768726380000,95164.0,95169.0,95164.0,95169.0,0.0005
1768726440000,95169.0,95169.0,95159.0,95166.0,0.2391
1768726500000,95166.0,95166.0,95154.0,95154.0,0.0001
1768726560000,95154.0,95166.0,95154.0,95166.0,0.0648
1768726620000,95166.0,95166.0,95166.0,95166.0,0.0
1768726680000,95166.0,95166.0,95166.0,95166.0,0.0
1768726740000,95166.0,95166.0,95166.0,95166.0,0.0
1768726800000,95166.0,95169.0,95164.0,95164.0,0.1227
1768726860000,95164.0,95164.0,95147.0,95164.0,0.0073
1768726920000,95164.0,95166.0,95161.0,95165.0,0.3612
1768726980000,95165.0,95168.0,95144.0,95168.0,0.2949000000000001
1768727040000,95168.0,95168.0,95168.0,95168.0,0.0
1768727100000,95168.0,95168.0,95160.0,95161.0,0.021
1768727160000,95161.0,95161.0,95161.0,95161.0,0.0
1768727220000,95161.0,95167.0,95140.0,95140.0,0.1148
1768727280000,95140.0,95143.0,95140.0,95143.0,0.001
1768727340000,95143.0,95144.0,95143.0,95144.0,0.0007
1768727400000,95144.0,95169.0,95144.0,95169.0,0.0017
1768727460000,95169.0,95169.0,95159.0,95159.0,0.0004
1768727520000,95159.0,95159.0,95157.0,95157.0,0.0063
1768727580000,95157.0,95157.0,95157.0,95157.0,0.0
1768727640000,95157.0,95169.0,95157.0,95169.0,0.0017
1768727700000,95169.0,95170.0,95169.0,95169.0,0.0509
1768727760000,95169.0,95171.0,95167.0,95171.0,0.2105
1768727820000,95171.0,95181.0,95171.0,95181.0,0.0066
1768727880000,95181.0,95181.0,95181.0,95181.0,0.0
1768727940000,95181.0,95181.0,95181.0,95181.0,0.0
1768728000000,95181.0,95185.0,95181.0,95185.0,0.001
1768728060000,95185.0,95211.0,95185.0,95206.0,0.0675
1768728120000,95206.0,95206.0,95181.0,95194.0,0.095
1768728180000,95194.0,95194.0,95181.0,95181.0,0.0837
1768728240000,95181.0,95198.0,95181.0,95198.0,0.0147
1768728300000,95198.0,95198.0,95194.0,95195.0,0.071
1768728360000,95195.0,95210.0,95183.0,95184.0,0.6779
1768728420000,95184.0,95184.0,95173.0,95180.0,0.2309000000000001
1768728480000,95180.0,95186.0,95174.0,95184.0,0.1929
1768728540000,95184.0,95190.0,95157.0,95157.0,1.8549
1768728600000,95157.0,95230.0,95157.0,95230.0,1.62
1768728660000,95230.0,95232.0,95209.0,95218.0,0.1759
1768728720000,95218.0,95218.0,95205.0,95205.0,0.2843
1768728780000,95205.0,95237.0,95205.0,95225.0,0.5727
1768728840000,95225.0,95226.0,95211.0,95226.0,0.119
1768728900000,95226.0,95227.0,95222.0,95225.0,0.2202
1768728960000,95225.0,95232.0,95225.0,95232.0,0.2270000000000001
1768729020000,95232.0,95257.0,95232.0,95245.0,0.0698
1768729080000,95245.0,95248.0,95221.0,95222.0,0.3547
1768729140000,95222.0,95234.0,95222.0,95231.0,0.0653
1768729200000,95231.0,95231.0,95201.0,95205.0,0.1342
1768729260000,95205.0,95205.0,95200.0,95201.0,0.0749
1768729320000,95201.0,95234.0,95201.0,95227.0,0.0677
1768729380000,95227.0,95228.0,95217.0,95221.0,0.1521
1768729440000,95221.0,95222.0,95221.0,95221.0,0.0173
1768729500000,95221.0,95251.0,95219.0,95246.0,0.4217999999999998
1768729560000,95246.0,95248.0,95246.0,95248.0,0.0005
1768729620000,95248.0,95252.0,95248.0,95252.0,0.0483
1768729680000,95252.0,95254.0,95249.0,95254.0,0.7618
1768729740000,95254.0,95262.0,95252.0,95262.0,0.4238
1768729800000,95262.0,95262.0,95255.0,95259.0,0.0097
1768729860000,95259.0,95260.0,95251.0,95260.0,0.0415
1768729920000,95260.0,95265.0,95260.0,95265.0,0.2535999999999999
1768729980000,95265.0,95266.0,95265.0,95266.0,0.0006
1768730040000,95266.0,95267.0,95266.0,95267.0,0.0096
1768730100000,95267.0,95267.0,95264.0,95265.0,0.0716
1768730160000,95265.0,95268.0,95265.0,95268.0,0.0264
1768730220000,95268.0,95268.0,95265.0,95266.0,0.0289
1768730280000,95266.0,95266.0,95254.0,95261.0,0.1026
1768730340000,95261.0,95261.0,95249.0,95249.0,0.0265
1768730400000,95249.0,95272.0,95249.0,95272.0,0.3326
1768730460000,95272.0,95272.0,95214.0,95214.0,26.25899999999999
1768730520000,95214.0,95218.0,95210.0,95214.0,0.1134
1768730580000,95214.0,95214.0,95145.0,95145.0,0.1982
1768730640000,95145.0,95145.0,95090.0,95090.0,0.332
1768730700000,95090.0,95111.0,95072.0,95072.0,0.2108000000000001
1768730760000,95072.0,95123.0,95072.0,95122.0,0.3160000000000001
1768730820000,95122.0,95122.0,95100.0,95117.0,0.0156
1768730880000,95117.0,95117.0,95090.0,95109.0,0.1205
1768730940000,95109.0,95144.0,95109.0,95144.0,0.0833
1768731000000,95144.0,95144.0,95123.0,95126.0,0.0733
1768731060000,95126.0,95126.0,95118.0,95118.0,0.0245
1768731120000,95118.0,95141.0,95118.0,95141.0,0.1435
1768731180000,95141.0,95146.0,95140.0,95140.0,0.0373
1768731240000,95140.0,95140.0,95127.0,95127.0,0.001
1768731300000,95127.0,95127.0,95114.0,95114.0,0.0309
1768731360000,95114.0,95120.0,95114.0,95120.0,0.0999
1768731420000,95120.0,95122.0,95107.0,95107.0,0.0335
1768731480000,95107.0,95107.0,95091.0,95105.0,0.2158
1768731540000,95105.0,95105.0,95090.0,95097.0,0.1607
1768731600000,95097.0,95112.0,95097.0,95112.0,0.0601
1768731660000,95112.0,95112.0,95105.0,95105.0,0.0001
1768731720000,95105.0,95105.0,95105.0,95105.0,0.0
1768731780000,95105.0,95109.0,95105.0,95109.0,0.019
1768731840000,95109.0,95135.0,95109.0,95135.0,0.0045
1768731900000,95135.0,95135.0,95133.0,95135.0,0.0607
1768731960000,95135.0,95135.0,95131.0,95131.0,0.0819
1768732020000,95131.0,95131.0,95100.0,95102.0,0.1371
1768732080000,95102.0,95111.0,95102.0,95104.0,0.0829
1768732140000,95104.0,95130.0,95104.0,95130.0,0.1388
1768732200000,95130.0,95130.0,95120.0,95123.0,0.0032
1768732260000,95123.0,95123.0,95106.0,95106.0,1.99
1768732320000,95106.0,95126.0,95106.0,95126.0,0.0004
1768732380000,95126.0,95146.0,95126.0,95146.0,0.0413
1768732440000,95146.0,95150.0,95146.0,95150.0,0.0534
1768732500000,95150.0,95150.0,95148.0,95148.0,0.0167
1768732560000,95148.0,95148.0,95129.0,95129.0,0.0012
1768732620000,95129.0,95129.0,95129.0,95129.0,0.0
1768732680000,95129.0,95129.0,95114.0,95114.0,0.0173
1768732740000,95114.0,95114.0,95101.0,95101.0,0.0007
1768732800000,95101.0,95112.0,95094.0,95094.0,1.1531
1768732860000,95094.0,95115.0,95094.0,95115.0,7.901
1768732920000,95115.0,95143.0,95115.0,95143.0,11.5454
1768732980000,95143.0,95159.0,95143.0,95159.0,0.0458
1768733040000,95159.0,95166.0,95159.0,95166.0,0.0724
1768733100000,95166.0,95166.0,95145.0,95145.0,0.2004
1768733160000,95145.0,95162.0,95145.0,95162.0,0.1137
1768733220000,95162.0,95162.0,95162.0,95162.0,0.0
1768733280000,95162.0,95162.0,95135.0,95148.0,0.1578
1768733340000,95148.0,95148.0,95148.0,95148.0,0.0
1768733400000,95148.0,95148.0,95124.0,95125.0,0.0428
1768733460000,95125.0,95125.0,95125.0,95125.0,0.0
1768733520000,95125.0,95159.0,95125.0,95142.0,0.0018
1768733580000,95142.0,95142.0,95142.0,95142.0,0.0
1768733640000,95142.0,95162.0,95142.0,95162.0,0.0024
1768733700000,95162.0,95162.0,95151.0,95155.0,0.0365
1768733760000,95155.0,95156.0,95155.0,95155.0,0.0154
1768733820000,95155.0,95155.0,95155.0,95155.0,0.0
1768733880000,95155.0,95162.0,95151.0,95159.0,0.0363
1768733940000,95159.0,95162.0,95159.0,95162.0,0.1892
1768734000000,95162.0,95162.0,95139.0,95139.0,0.0231
1768734060000,95139.0,95142.0,95131.0,95131.0,0.1022
1768734120000,95131.0,95131.0,95123.0,95123.0,0.0283
1768734180000,95123.0,95123.0,95113.0,95113.0,0.0003
1768734240000,95113.0,95113.0,95096.0,95096.0,0.0201
1768734300000,95096.0,95096.0,95077.0,95084.0,0.0603
1768734360000,95084.0,95099.0,95081.0,95093.0,0.2567
1768734420000,95093.0,95105.0,95092.0,95105.0,0.0452
1768734480000,95105.0,95105.0,95105.0,95105.0,0.0
1768734540000,95105.0,95105.0,95101.0,95101.0,0.0293
1768734600000,95101.0,95101.0,95092.0,95096.0,0.0214
1768734660000,95096.0,95096.0,95095.0,95095.0,0.0011
1768734720000,95095.0,95097.0,95095.0,95097.0,0.0009
1768734780000,95097.0,95118.0,95097.0,95118.0,0.0678
1768734840000,95118.0,95119.0,95118.0,95119.0,0.0016
1768734900000,95119.0,95119.0,95119.0,95119.0,0.0
1768734960000,95119.0,95119.0,95112.0,95112.0,0.0001
1768735020000,95112.0,95112.0,95107.0,95107.0,0.1209
1768735080000,95107.0,95108.0,95107.0,95107.0,0.0097
1768735140000,95107.0,95107.0,95101.0,95101.0,0.001
1768735200000,95101.0,95101.0,95094.0,95094.0,0.0012
1768735260000,95094.0,95094.0,95092.0,95092.0,0.001
1768735320000,95092.0,95104.0,95092.0,95104.0,0.0015
1768735380000,95104.0,95113.0,95104.0,95113.0,0.0033
1768735440000,95113.0,95113.0,95092.0,95092.0,0.1813000000000001
1768735500000,95092.0,95092.0,95092.0,95092.0,0.0001
1768735560000,95092.0,95102.0,95092.0,95102.0,0.0005
1768735620000,95102.0,95102.0,95102.0,95102.0,0.0
1768735680000,95102.0,95102.0,95102.0,95102.0,0.0
1768735740000,95102.0,95102.0,95075.0,95093.0,6.1875
1768735800000,95093.0,95093.0,95060.0,95073.0,5.032
1768735860000,95073.0,95073.0,95073.0,95073.0,0.0
1768735920000,95073.0,95091.0,95073.0,95078.0,0.0205999999999999
1768735980000,95078.0,95083.0,95078.0,95083.0,0.0001
1768736040000,95083.0,95083.0,95083.0,95083.0,0.0
1768736100000,95083.0,95083.0,95079.0,95079.0,0.0252
1768736160000,95079.0,95079.0,95078.0,95078.0,0.0004
1768736220000,95078.0,95078.0,95060.0,95066.0,0.1685
1768736280000,95066.0,95066.0,95052.0,95052.0,0.3427999999999999
1768736340000,95052.0,95052.0,95052.0,95052.0,0.0
1768736400000,95052.0,95062.0,95050.0,95059.0,0.1393
1768736460000,95059.0,95111.0,95059.0,95109.0,1.1854
1768736520000,95109.0,95110.0,95098.0,95110.0,0.2764
1768736580000,95110.0,95139.0,95109.0,95109.0,2.7223
1768736640000,95109.0,95109.0,95109.0,95109.0,0.0
1768736700000,95109.0,95110.0,95095.0,95104.0,1.7213
1768736760000,95104.0,95121.0,95104.0,95121.0,0.2838000000000001
1768736820000,95121.0,95147.0,95121.0,95147.0,0.046
1768736880000,95147.0,95177.0,95147.0,95170.0,1.8241
1768736940000,95170.0,95175.0,95145.0,95153.0,0.0689
1768737000000,95153.0,95157.0,95153.0,95156.0,0.1007
1768737060000,95156.0,95157.0,95149.0,95149.0,0.2239
1768737120000,95149.0,95176.0,95149.0,95176.0,0.0179
1768737180000,95176.0,95176.0,95165.0,95170.0,0.0524
1768737240000,95170.0,95170.0,95163.0,95170.0,0.0562
1768737300000,95170.0,95171.0,95157.0,95170.0,0.3869000000000001
1768737360000,95170.0,95170.0,95163.0,95169.0,0.157
1768737420000,95169.0,95171.0,95131.0,95131.0,0.0627
1768737480000,95131.0,95144.0,95128.0,95144.0,0.5635
1768737540000,95144.0,95160.0,95144.0,95160.0,0.02
1768737600000,95160.0,95166.0,95160.0,95164.0,3.6582
1768737660000,95164.0,95165.0,95141.0,95141.0,0.0269
1768737720000,95141.0,95145.0,95141.0,95141.0,0.0233
1768737780000,95141.0,95141.0,95139.0,95139.0,0.0011
1768737840000,95139.0,95139.0,95139.0,95139.0,0.0
1768737900000,95139.0,95142.0,95139.0,95142.0,0.0086
1768737960000,95142.0,95142.0,95113.0,95113.0,0.0301
1768738020000,95113.0,95118.0,95099.0,95099.0,0.4688
1768738080000,95099.0,95099.0,95099.0,95099.0,0.0
1768738140000,95099.0,95123.0,95099.0,95123.0,0.001
1768738200000,95123.0,95123.0,95123.0,95123.0,0.0
1768738260000,95123.0,95123.0,95114.0,95114.0,0.0003
1768738320000,95114.0,95114.0,95085.0,95096.0,4.010000000000003
1768738380000,95096.0,95102.0,95096.0,95102.0,0.0092
1768738440000,95102.0,95106.0,95098.0,95098.0,0.0246
1768738500000,95098.0,95115.0,95098.0,95103.0,0.1397
1768738560000,95103.0,95103.0,95094.0,95100.0,0.3534000000000001
1768738620000,95100.0,95100.0,95084.0,95090.0,0.0668
1768738680000,95090.0,95090.0,95084.0,95084.0,0.0368
1768738740000,95084.0,95084.0,95084.0,95084.0,0.0
1768738800000,95084.0,95093.0,95084.0,95093.0,0.0026
1768738860000,95093.0,95102.0,95093.0,95102.0,0.0017
1768738920000,95102.0,95102.0,95100.0,95100.0,0.0294
1768738980000,95100.0,95100.0,95100.0,95100.0,0.0
1768739040000,95100.0,95101.0,95100.0,95101.0,0.01
1768739100000,95101.0,95120.0,95101.0,95109.0,0.3573
1768739160000,95109.0,95109.0,95102.0,95102.0,0.0052
1768739220000,95102.0,95105.0,95102.0,95105.0,0.0012
1768739280000,95105.0,95137.0,95105.0,95136.0,0.0615
1768739340000,95136.0,95138.0,95130.0,95130.0,0.0519
1768739400000,95130.0,95131.0,95128.0,95130.0,0.0022
1768739460000,95130.0,95130.0,95122.0,95122.0,0.0002
1768739520000,95122.0,95136.0,95119.0,95130.0,0.5496
1768739580000,95130.0,95130.0,95119.0,95119.0,0.003
1768739640000,95119.0,95119.0,95112.0,95112.0,0.0014
1768739700000,95112.0,95112.0,95112.0,95112.0,0.0
1768739760000,95112.0,95117.0,95112.0,95117.0,0.0005
1768739820000,95117.0,95158.0,95117.0,95148.0,0.0434
1768739880000,95148.0,95148.0,95148.0,95148.0,0.0
1768739940000,95148.0,95158.0,95148.0,95158.0,0.0583
1768740000000,95158.0,95158.0,95157.0,95157.0,0.0002
1768740060000,95157.0,95157.0,95157.0,95157.0,0.0
1768740120000,95157.0,95157.0,95157.0,95157.0,0.0
1768740180000,95157.0,95157.0,95149.0,95149.0,0.0163
1768740240000,95149.0,95153.0,95149.0,95150.0,0.0012
1768740300000,95150.0,95150.0,95150.0,95150.0,0.0
1768740360000,95150.0,95154.0,95150.0,95154.0,0.0083
1768740420000,95154.0,95154.0,95154.0,95154.0,0.0076
1768740480000,95154.0,95160.0,95148.0,95160.0,0.3179
1768740540000,95160.0,95160.0,95129.0,95132.0,0.0255
1768740600000,95132.0,95136.0,95132.0,95135.0,0.031
1768740660000,95135.0,95136.0,95135.0,95136.0,0.02
1768740720000,95136.0,95136.0,95056.0,95057.0,0.3654999999999998
1768740780000,95057.0,95097.0,95057.0,95095.0,0.9884
1768740840000,95095.0,95095.0,95063.0,95068.0,0.0638
1768740900000,95068.0,95074.0,95068.0,95074.0,0.1204
1768740960000,95074.0,95074.0,95057.0,95057.0,0.0567
1768741020000,95057.0,95062.0,95057.0,95062.0,0.0024
1768741080000,95062.0,95070.0,95060.0,95060.0,0.0325
1768741140000,95060.0,95106.0,95060.0,95092.0,1.983499999999999
1768741200000,95092.0,95092.0,95070.0,95070.0,0.0296
1768741260000,95070.0,95084.0,95070.0,95081.0,0.0313
1768741320000,95081.0,95087.0,95077.0,95087.0,0.3174
1768741380000,95087.0,95088.0,95085.0,95088.0,0.1476
1768741440000,95088.0,95093.0,95088.0,95093.0,0.9194
1768741500000,95093.0,95093.0,95053.0,95061.0,0.2935
1768741560000,95061.0,95061.0,95019.0,95045.0,5.5345
1768741620000,95045.0,95047.0,95039.0,95040.0,0.0316
1768741680000,95040.0,95042.0,94981.0,95041.0,1.610099999999999
1768741740000,95041.0,95041.0,95007.0,95018.0,0.2670999999999999
1768741800000,95018.0,95040.0,95016.0,95017.0,0.0253999999999999
1768741860000,95017.0,95020.0,95017.0,95020.0,0.0004
1768741920000,95020.0,95021.0,95020.0,95021.0,0.0031
1768741980000,95021.0,95024.0,95020.0,95024.0,0.0372
1768742040000,95024.0,95024.0,95024.0,95024.0,0.0
1768742100000,95024.0,95046.0,95018.0,95018.0,0.6007
1768742160000,95018.0,95028.0,95018.0,95022.0,0.0528
1768742220000,95022.0,95032.0,95015.0,95032.0,0.4126
1768742280000,95032.0,95037.0,95031.0,95031.0,0.4041
1768742340000,95031.0,95031.0,94985.0,94985.0,0.1365
1768742400000,94985.0,94985.0,94985.0,94985.0,0.0
1768742460000,94985.0,94988.0,94898.0,94906.0,8.09050000000001
1768742520000,94906.0,94931.0,94906.0,94925.0,0.4926
1768742580000,94925.0,94942.0,94920.0,94925.0,0.1701
1768742640000,94925.0,94945.0,94925.0,94935.0,0.0524
1768742700000,94935.0,94935.0,94868.0,94873.0,1.4692
1768742760000,94873.0,94934.0,94873.0,94918.0,0.0846
1768742820000,94918.0,94945.0,94918.0,94945.0,0.435
1768742880000,94945.0,94945.0,94920.0,94942.0,1.141599999999999
1768742940000,94942.0,94963.0,94942.0,94960.0,1.6162
1768743000000,94960.0,94960.0,94942.0,94953.0,0.2377
1768743060000,94953.0,94953.0,94952.0,94952.0,0.001
1768743120000,94952.0,94952.0,94925.0,94925.0,0.0249
1768743180000,94925.0,94952.0,94925.0,94941.0,0.295
1768743240000,94941.0,94942.0,94934.0,94935.0,0.0524
1768743300000,94935.0,94952.0,94935.0,94952.0,0.1041
1768743360000,94952.0,94979.0,94952.0,94975.0,2.1642
1768743420000,94975.0,94994.0,94975.0,94992.0,0.4634
1768743480000,94992.0,94992.0,94963.0,94967.0,0.1319
1768743540000,94967.0,94975.0,94966.0,94968.0,0.1186
1768743600000,94968.0,95160.0,94968.0,95117.0,22.02170000000003
1768743660000,95117.0,95170.0,95117.0,95143.0,1.1856
1768743720000,95143.0,95169.0,95137.0,95162.0,1.053
1768743780000,95162.0,95170.0,95148.0,95148.0,2.713000000000001
1768743840000,95148.0,95162.0,95147.0,95147.0,0.1252
1768743900000,95147.0,95183.0,95147.0,95175.0,1.3857
1768743960000,95175.0,95190.0,95165.0,95179.0,0.3944
1768744020000,95179.0,95203.0,95176.0,95177.0,0.9131
1768744080000,95177.0,95177.0,95158.0,95177.0,0.0647
1768744140000,95177.0,95177.0,95146.0,95146.0,0.0673
1768744200000,95146.0,95159.0,95137.0,95158.0,6.0396
1768744260000,95158.0,95158.0,95129.0,95140.0,0.2102
1768744320000,95140.0,95150.0,95140.0,95150.0,0.0012
1768744380000,95150.0,95150.0,95137.0,95150.0,0.1456
1768744440000,95150.0,95150.0,95150.0,95150.0,0.0
1768744500000,95150.0,95150.0,95150.0,95150.0,0.0
1768744560000,95150.0,95150.0,95137.0,95138.0,0.0015
1768744620000,95138.0,95138.0,95138.0,95138.0,0.01
1768744680000,95138.0,95138.0,95138.0,95138.0,0.0
1768744740000,95138.0,95138.0,95138.0,95138.0,0.0
1768744800000,95138.0,95138.0,95120.0,95120.0,0.0647
1768744860000,95120.0,95125.0,95119.0,95122.0,0.07
1768744920000,95122.0,95135.0,95122.0,95131.0,0.1161
1768744980000,95131.0,95131.0,95120.0,95120.0,0.2015
1768745040000,95120.0,95130.0,95120.0,95130.0,0.0774
1768745100000,95130.0,95130.0,95112.0,95122.0,1.0332
1768745160000,95122.0,95144.0,95122.0,95143.0,0.0978
1768745220000,95143.0,95143.0,95138.0,95138.0,0.01
1768745280000,95138.0,95138.0,95138.0,95138.0,0.0
1768745340000,95138.0,95138.0,95138.0,95138.0,0.0
1768745400000,95138.0,95138.0,95129.0,95129.0,0.0002
1768745460000,95129.0,95129.0,95129.0,95129.0,0.0
1768745520000,95129.0,95130.0,95129.0,95130.0,0.0091
1768745580000,95130.0,95213.0,95130.0,95189.0,9.78350000000001
1768745640000,95189.0,95243.0,95189.0,95228.0,20.6277
1768745700000,95228.0,95316.0,95220.0,95309.0,1.761799999999999
1768745760000,95309.0,95354.0,95233.0,95238.0,2.365599999999999
1768745820000,95238.0,95279.0,95238.0,95279.0,0.4493
1768745880000,95279.0,95285.0,95269.0,95274.0,0.1207
1768745940000,95274.0,95278.0,95268.0,95268.0,0.0114
1768746000000,95268.0,95283.0,95265.0,95267.0,0.2429
1768746060000,95267.0,95267.0,95200.0,95200.0,0.1776999999999999
1768746120000,95200.0,95200.0,95169.0,95181.0,0.3241
1768746180000,95181.0,95194.0,95177.0,95194.0,0.0402
1768746240000,95194.0,95209.0,95192.0,95192.0,0.0488
1768746300000,95192.0,95203.0,95192.0,95195.0,0.0478
1768746360000,95195.0,95195.0,95129.0,95150.0,0.5942
1768746420000,95150.0,95181.0,95144.0,95181.0,0.1363
1768746480000,95181.0,95190.0,95175.0,95180.0,0.2456
1768746540000,95180.0,95180.0,95154.0,95162.0,0.0596
1768746600000,95162.0,95236.0,95161.0,95229.0,2.803199999999999
1768746660000,95229.0,95257.0,95227.0,95227.0,0.0713
1768746720000,95227.0,95227.0,95220.0,95224.0,0.0392
1768746780000,95224.0,95238.0,95224.0,95238.0,0.0128
1768746840000,95238.0,95238.0,95222.0,95222.0,0.0378
1768746900000,95222.0,95240.0,95220.0,95220.0,0.12
1768746960000,95220.0,95220.0,95214.0,95214.0,0.0047
1768747020000,95214.0,95214.0,95175.0,95175.0,0.0764
1768747080000,95175.0,95175.0,95132.0,95132.0,0.0208
1768747140000,95132.0,95135.0,95118.0,95135.0,0.0739
1768747200000,95135.0,95160.0,95126.0,95126.0,0.0036
1768747260000,95126.0,95141.0,95119.0,95139.0,0.0947
1768747320000,95139.0,95141.0,95125.0,95141.0,2.0
1768747380000,95141.0,95143.0,95125.0,95129.0,11.045
1768747440000,95129.0,95131.0,95124.0,95124.0,0.1
1768747500000,95124.0,95127.0,95114.0,95126.0,1.9902
1768747560000,95126.0,95130.0,95081.0,95081.0,0.4802
1768747620000,95081.0,95082.0,95050.0,95069.0,0.5209
1768747680000,95069.0,95069.0,95042.0,95042.0,2.0624
1768747740000,95042.0,95069.0,95042.0,95060.0,1.0048
1768747800000,95060.0,95069.0,95060.0,95062.0,0.3417
1768747860000,95062.0,95095.0,95060.0,95095.0,0.0593
1768747920000,95095.0,95095.0,95065.0,95069.0,0.2118
1768747980000,95069.0,95069.0,95065.0,95065.0,0.1127
1768748040000,95065.0,95072.0,95065.0,95068.0,0.0309999999999999
1768748100000,95068.0,95073.0,95015.0,95016.0,3.399
1768748160000,95016.0,95016.0,94988.0,94998.0,0.049
1768748220000,94998.0,95023.0,94964.0,94969.0,15.79860000000001
1768748280000,94969.0,94969.0,94918.0,94937.0,0.7364
1768748340000,94937.0,94951.0,94935.0,94951.0,0.0635
1768748400000,94951.0,94990.0,94951.0,94964.0,0.5443
1768748460000,94964.0,94975.0,94936.0,94936.0,0.0479
1768748520000,94936.0,94936.0,94905.0,94931.0,0.3004
1768748580000,94931.0,94993.0,94924.0,94984.0,0.3916999999999999
1768748640000,94984.0,95011.0,94984.0,95001.0,0.0938
1768748700000,95001.0,95013.0,94997.0,95013.0,0.0048
1768748760000,95013.0,95013.0,94948.0,94948.0,0.2344
1768748820000,94948.0,94990.0,94948.0,94988.0,0.003
1768748880000,94988.0,94988.0,94983.0,94984.0,0.0087
1768748940000,94984.0,94984.0,94972.0,94975.0,0.1687
1768749000000,94975.0,95005.0,94975.0,94993.0,0.1450000000000001
1768749060000,94993.0,95006.0,94993.0,95006.0,0.0503
1768749120000,95006.0,95006.0,94978.0,94996.0,0.0736
1768749180000,94996.0,95000.0,94996.0,95000.0,0.2622
1768749240000,95000.0,95000.0,95000.0,95000.0,0.0
1768749300000,95000.0,95000.0,94974.0,94978.0,0.056
1768749360000,94978.0,95003.0,94978.0,95003.0,0.2676
1768749420000,95003.0,95048.0,95003.0,95048.0,0.0405
1768749480000,95048.0,95048.0,95048.0,95048.0,0.0
1768749540000,95048.0,95048.0,95026.0,95026.0,0.003
1768749600000,95026.0,95045.0,95026.0,95045.0,0.0535
1768749660000,95045.0,95048.0,95042.0,95048.0,0.0026
1768749720000,95048.0,95048.0,95031.0,95032.0,0.0325
1768749780000,95032.0,95033.0,95022.0,95022.0,0.093
1768749840000,95022.0,95037.0,95022.0,95037.0,0.0331
1768749900000,95037.0,95037.0,95021.0,95021.0,0.001
1768749960000,95021.0,95022.0,95019.0,95020.0,0.0315
1768750020000,95020.0,95035.0,95020.0,95035.0,0.0072
1768750080000,95035.0,95035.0,95035.0,95035.0,0.0
1768750140000,95035.0,95049.0,95035.0,95049.0,0.001
1768750200000,95049.0,95049.0,95035.0,95035.0,0.0025
1768750260000,95035.0,95035.0,95031.0,95031.0,0.0155
1768750320000,95031.0,95040.0,95021.0,95032.0,0.0139
1768750380000,95032.0,95034.0,95020.0,95020.0,0.081
1768750440000,95020.0,95043.0,95020.0,95020.0,0.1289
1768750500000,95020.0,95031.0,95020.0,95024.0,0.1551
1768750560000,95024.0,95033.0,95024.0,95033.0,0.0029
1768750620000,95033.0,95063.0,95033.0,95061.0,0.0415
1768750680000,95061.0,95066.0,95061.0,95064.0,0.0049
1768750740000,95064.0,95064.0,95054.0,95054.0,0.0041
1768750800000,95054.0,95075.0,95054.0,95074.0,0.2590999999999999
1768750860000,95074.0,95099.0,95074.0,95099.0,0.0614
1768750920000,95099.0,95100.0,95096.0,95096.0,0.0942
1768750980000,95096.0,95100.0,95077.0,95077.0,0.1469
1768751040000,95077.0,95077.0,95024.0,95034.0,0.5301
1768751100000,95034.0,95043.0,95027.0,95034.0,0.013
1768751160000,95034.0,95051.0,95034.0,95051.0,0.0074
1768751220000,95051.0,95080.0,95051.0,95071.0,0.0979
1768751280000,95071.0,95071.0,95057.0,95058.0,0.0031
1768751340000,95058.0,95058.0,95057.0,95058.0,0.0036
1768751400000,95058.0,95058.0,95024.0,95024.0,10.0383
1768751460000,95024.0,95054.0,95024.0,95054.0,0.0209
1768751520000,95054.0,95080.0,95054.0,95072.0,0.0161
1768751580000,95072.0,95081.0,95072.0,95081.0,0.0021
1768751640000,95081.0,95096.0,95081.0,95085.0,0.0171
1768751700000,95085.0,95095.0,95085.0,95095.0,0.0011
1768751760000,95095.0,95095.0,95091.0,95091.0,0.0011
1768751820000,95091.0,95097.0,95091.0,95097.0,0.0021
1768751880000,95097.0,95100.0,95097.0,95099.0,0.1195
1768751940000,95099.0,95100.0,95098.0,95098.0,0.0064
1768752000000,95098.0,95099.0,95078.0,95087.0,0.7548
1768752060000,95087.0,95089.0,95055.0,95070.0,0.177
1768752120000,95070.0,95070.0,95061.0,95069.0,0.1494
1768752180000,95069.0,95087.0,95064.0,95087.0,0.3645000000000001
1768752240000,95087.0,95093.0,95087.0,95093.0,0.0011
1768752300000,95093.0,95166.0,95093.0,95166.0,5.6718
1768752360000,95166.0,95166.0,95136.0,95146.0,0.0385
1768752420000,95146.0,95162.0,95144.0,95154.0,0.0902
1768752480000,95154.0,95157.0,95115.0,95115.0,0.0799
1768752540000,95115.0,95145.0,95114.0,95139.0,0.1799000000000001
1768752600000,95139.0,95151.0,95132.0,95151.0,0.0698
1768752660000,95151.0,95173.0,95144.0,95144.0,0.3756999999999999
1768752720000,95144.0,95144.0,95131.0,95135.0,0.0167
1768752780000,95135.0,95136.0,95124.0,95124.0,0.0709
1768752840000,95124.0,95136.0,95124.0,95136.0,0.0187
1768752900000,95136.0,95146.0,95132.0,95146.0,0.0871
1768752960000,95146.0,95147.0,95141.0,95141.0,0.0011
1768753020000,95141.0,95143.0,95131.0,95142.0,0.0355
1768753080000,95142.0,95142.0,95132.0,95132.0,0.0166
1768753140000,95132.0,95138.0,95105.0,95108.0,1.445199999999999
1768753200000,95108.0,95128.0,95098.0,95116.0,0.4845
1768753260000,95116.0,95151.0,95116.0,95151.0,0.9138
1768753320000,95151.0,95170.0,95145.0,95170.0,0.2934
1768753380000,95170.0,95170.0,95155.0,95155.0,0.0011
1768753440000,95155.0,95156.0,95155.0,95156.0,0.0031
1768753500000,95156.0,95156.0,95106.0,95106.0,0.0767
1768753560000,95106.0,95114.0,95086.0,95086.0,0.184
1768753620000,95086.0,95086.0,95053.0,95071.0,0.0694
1768753680000,95071.0,95082.0,95071.0,95082.0,0.0037
1768753740000,95082.0,95082.0,95078.0,95078.0,0.0121
1768753800000,95078.0,95079.0,95074.0,95075.0,0.0156
1768753860000,95075.0,95075.0,95057.0,95062.0,0.1703
1768753920000,95062.0,95103.0,95062.0,95103.0,1.0356
1768753980000,95103.0,95103.0,95094.0,95094.0,0.0011
1768754040000,95094.0,95094.0,95056.0,95056.0,1.0016
1768754100000,95056.0,95059.0,95056.0,95059.0,0.1214
1768754160000,95059.0,95095.0,95059.0,95094.0,0.0054
1768754220000,95094.0,95121.0,95094.0,95107.0,0.0445
1768754280000,95107.0,95118.0,95107.0,95118.0,0.0491
1768754340000,95118.0,95118.0,95075.0,95084.0,2.0627
1768754400000,95084.0,95126.0,95079.0,95126.0,0.011
1768754460000,95126.0,95129.0,95122.0,95129.0,0.0016
1768754520000,95129.0,95155.0,95129.0,95155.0,0.0575
1768754580000,95155.0,95163.0,95155.0,95161.0,1.5151
1768754640000,95161.0,95165.0,95161.0,95165.0,0.0011
1768754700000,95165.0,95165.0,95146.0,95151.0,0.0021
1768754760000,95151.0,95151.0,95142.0,95149.0,0.044
1768754820000,95149.0,95153.0,95149.0,95153.0,0.0012
1768754880000,95153.0,95154.0,95129.0,95135.0,0.3242999999999999
1768754940000,95135.0,95135.0,95101.0,95101.0,0.0251
1768755000000,95101.0,95142.0,95101.0,95140.0,0.0866
1768755060000,95140.0,95141.0,95140.0,95141.0,0.0011
1768755120000,95141.0,95151.0,95141.0,95151.0,0.0011
1768755180000,95151.0,95161.0,95151.0,95161.0,0.0011
1768755240000,95161.0,95161.0,95148.0,95153.0,0.0013
1768755300000,95153.0,95166.0,95153.0,95166.0,0.0011
1768755360000,95166.0,95166.0,95163.0,95163.0,0.0011
1768755420000,95163.0,95163.0,95162.0,95162.0,0.0011
1768755480000,95162.0,95162.0,95152.0,95152.0,0.0011
1768755540000,95152.0,95156.0,95151.0,95154.0,0.0039
1768755600000,95154.0,95154.0,95149.0,95149.0,0.0778
1768755660000,95149.0,95153.0,95149.0,95153.0,0.0149
1768755720000,95153.0,95154.0,95147.0,95154.0,0.0094
1768755780000,95154.0,95169.0,95154.0,95165.0,0.0133
1768755840000,95165.0,95172.0,95165.0,95171.0,0.0023
1768755900000,95171.0,95208.0,95171.0,95208.0,4.026699999999998
1768755960000,95208.0,95215.0,95208.0,95211.0,1.0108
1768756020000,95211.0,95211.0,95187.0,95189.0,0.0061
1768756080000,95189.0,95189.0,95189.0,95189.0,0.0041
1768756140000,95189.0,95189.0,95188.0,95188.0,0.0012
1768756200000,95188.0,95205.0,95188.0,95198.0,0.1096
1768756260000,95198.0,95215.0,95198.0,95215.0,0.0073
1768756320000,95215.0,95215.0,95203.0,95203.0,0.0066
1768756380000,95203.0,95203.0,95181.0,95187.0,0.2181
1768756440000,95187.0,95204.0,95111.0,95122.0,6.3766
1768756500000,95122.0,95181.0,95122.0,95168.0,0.4901
1768756560000,95168.0,95185.0,95168.0,95178.0,0.0468
1768756620000,95178.0,95214.0,95178.0,95214.0,1.121
1768756680000,95214.0,95223.0,95214.0,95222.0,0.025
1768756740000,95222.0,95225.0,95222.0,95225.0,0.0068
1768756800000,95225.0,95243.0,95224.0,95228.0,1.202899999999999
1768756860000,95228.0,95228.0,95219.0,95219.0,0.0011
1768756920000,95219.0,95239.0,95219.0,95237.0,0.0233
1768756980000,95237.0,95237.0,95209.0,95215.0,0.1141
1768757040000,95215.0,95223.0,95205.0,95218.0,0.0286
1768757100000,95218.0,95256.0,95218.0,95256.0,0.1385999999999999
1768757160000,95256.0,95256.0,95249.0,95250.0,0.0083
1768757220000,95250.0,95251.0,95250.0,95250.0,0.0011
1768757280000,95250.0,95256.0,95250.0,95256.0,0.0082
1768757340000,95256.0,95256.0,95240.0,95240.0,0.0027
1768757400000,95240.0,95247.0,95240.0,95247.0,0.0081
1768757460000,95247.0,95256.0,95247.0,95256.0,0.022
1768757520000,95256.0,95256.0,95238.0,95238.0,0.1227
1768757580000,95238.0,95240.0,95228.0,95236.0,0.1835
1768757640000,95236.0,95256.0,95233.0,95256.0,0.0958
1768757700000,95256.0,95262.0,95226.0,95262.0,0.1685000000000001
1768757760000,95262.0,95262.0,95230.0,95230.0,0.0074
1768757820000,95230.0,95230.0,95186.0,95204.0,0.1146
1768757880000,95204.0,95204.0,95191.0,95192.0,0.0527
1768757940000,95192.0,95205.0,95192.0,95205.0,0.0011
1768758000000,95205.0,95205.0,95165.0,95173.0,1.3722
1768758060000,95173.0,95195.0,95173.0,95195.0,0.0593
1768758120000,95195.0,95196.0,95186.0,95186.0,0.0041
1768758180000,95186.0,95186.0,95179.0,95179.0,0.0011
1768758240000,95179.0,95181.0,95165.0,95166.0,0.0111
1768758300000,95166.0,95166.0,95166.0,95166.0,0.0
1768758360000,95166.0,95172.0,95166.0,95172.0,0.0011
1768758420000,95172.0,95186.0,95171.0,95185.0,0.1153
1768758480000,95185.0,95206.0,95180.0,95206.0,0.0109
1768758540000,95206.0,95206.0,95197.0,95203.0,0.01
1768758600000,95203.0,95203.0,95186.0,95192.0,0.0034
1768758660000,95192.0,95192.0,95189.0,95189.0,0.001
1768758720000,95189.0,95195.0,95189.0,95195.0,0.006
1768758780000,95195.0,95195.0,95177.0,95177.0,0.5673
1768758840000,95177.0,95190.0,95177.0,95183.0,1.0351
1768758900000,95183.0,95200.0,95183.0,95200.0,0.0537
1768758960000,95200.0,95200.0,95183.0,95184.0,0.0037
1768759020000,95184.0,95192.0,95178.0,95192.0,0.0936
1768759080000,95192.0,95196.0,95192.0,95196.0,0.0069
1768759140000,95196.0,95261.0,95196.0,95261.0,2.612299999999999
1768759200000,95261.0,95261.0,95206.0,95206.0,0.1253
1768759260000,95206.0,95226.0,95206.0,95226.0,0.0039
1768759320000,95226.0,95228.0,95225.0,95225.0,0.0014
1768759380000,95225.0,95225.0,95222.0,95224.0,0.1012
1768759440000,95224.0,95224.0,95197.0,95201.0,0.0344
1768759500000,95201.0,95204.0,95201.0,95201.0,0.0824
1768759560000,95201.0,95201.0,95201.0,95201.0,0.0
1768759620000,95201.0,95204.0,95201.0,95204.0,0.0094
1768759680000,95204.0,95204.0,95204.0,95204.0,0.0
1768759740000,95204.0,95204.0,95204.0,95204.0,0.0
1768759800000,95204.0,95204.0,95155.0,95186.0,0.7934
1768759860000,95186.0,95221.0,95186.0,95203.0,0.1582
1768759920000,95203.0,95204.0,95203.0,95204.0,0.0097
1768759980000,95204.0,95217.0,95204.0,95211.0,0.0441
1768760040000,95211.0,95211.0,95203.0,95203.0,0.0425
1768760100000,95203.0,95210.0,95183.0,95185.0,0.013
1768760160000,95185.0,95185.0,95154.0,95164.0,1.0521
1768760220000,95164.0,95175.0,95163.0,95175.0,0.0653
1768760280000,95175.0,95180.0,95175.0,95180.0,0.0479
1768760340000,95180.0,95181.0,95179.0,95179.0,0.0075
1768760400000,95179.0,95179.0,95157.0,95178.0,0.1028
1768760460000,95178.0,95188.0,95168.0,95168.0,0.1022
1768760520000,95168.0,95174.0,95168.0,95173.0,0.0187
1768760580000,95173.0,95179.0,95173.0,95179.0,0.002
1768760640000,95179.0,95209.0,95179.0,95209.0,0.0142
1768760700000,95209.0,95209.0,95204.0,95204.0,0.001
1768760760000,95204.0,95208.0,95204.0,95206.0,0.0112
1768760820000,95206.0,95216.0,95206.0,95216.0,0.0262
1768760880000,95216.0,95408.0,95216.0,95345.0,3.707499999999998
1768760940000,95345.0,95367.0,95345.0,95352.0,0.014
1768761000000,95352.0,95445.0,95350.0,95369.0,26.73339999999999
1768761060000,95369.0,95369.0,95336.0,95336.0,0.1318
1768761120000,95336.0,95336.0,95323.0,95323.0,0.0393
1768761180000,95323.0,95354.0,95296.0,95354.0,14.58800000000001
1768761240000,95354.0,95375.0,95343.0,95343.0,0.5932
1768761300000,95343.0,95349.0,95297.0,95337.0,6.1281
1768761360000,95337.0,95361.0,95337.0,95341.0,0.5231
1768761420000,95341.0,95358.0,95341.0,95341.0,2.0023
1768761480000,95341.0,95341.0,95284.0,95321.0,0.7114
1768761540000,95321.0,95340.0,95300.0,95325.0,0.7868
1768761600000,95325.0,95357.0,95291.0,95334.0,0.8567
1768761660000,95334.0,95336.0,95310.0,95310.0,0.0114
1768761720000,95310.0,95327.0,95310.0,95320.0,0.0151
1768761780000,95320.0,95358.0,95320.0,95351.0,1.5843
1768761840000,95351.0,95351.0,95317.0,95317.0,0.0069
1768761900000,95317.0,95349.0,95317.0,95328.0,0.2878
1768761960000,95328.0,95349.0,95328.0,95349.0,0.0617
1768762020000,95349.0,95447.0,95349.0,95402.0,20.2606
1768762080000,95402.0,95436.0,95402.0,95436.0,0.0206
1768762140000,95436.0,95436.0,95436.0,95436.0,0.0
1768762200000,95436.0,95440.0,95420.0,95439.0,0.0355
1768762260000,95439.0,95439.0,95379.0,95379.0,0.103
1768762320000,95379.0,95432.0,95379.0,95432.0,0.1573
1768762380000,95432.0,95444.0,95410.0,95410.0,0.1659
1768762440000,95410.0,95444.0,95393.0,95444.0,5.0577
1768762500000,95444.0,95486.0,95429.0,95476.0,3.7028
1768762560000,95476.0,95520.0,95471.0,95504.0,2.5505
1768762620000,95504.0,95508.0,95485.0,95493.0,1.047
1768762680000,95493.0,95499.0,95426.0,95426.0,0.2394
1768762740000,95426.0,95441.0,95405.0,95422.0,0.4846
1768762800000,95422.0,95475.0,95422.0,95475.0,0.1101
1768762860000,95475.0,95479.0,95457.0,95479.0,0.4675
1768762920000,95479.0,95492.0,95479.0,95492.0,0.1588
1768762980000,95492.0,95497.0,95466.0,95485.0,0.0088
1768763040000,95485.0,95500.0,95485.0,95500.0,0.177
1768763100000,95500.0,95513.0,95485.0,95485.0,0.1062
1768763160000,95485.0,95485.0,95426.0,95426.0,0.2737
1768763220000,95426.0,95426.0,95418.0,95421.0,0.0288
1768763280000,95421.0,95450.0,95421.0,95446.0,0.2326
1768763340000,95446.0,95460.0,95416.0,95418.0,0.1065
1768763400000,95418.0,95426.0,95418.0,95425.0,0.0013
1768763460000,95425.0,95425.0,95415.0,95416.0,0.0254
1768763520000,95416.0,95416.0,95414.0,95414.0,0.0157
1768763580000,95414.0,95414.0,95411.0,95411.0,0.0059
1768763640000,95411.0,95419.0,95411.0,95415.0,0.0477
1768763700000,95415.0,95441.0,95415.0,95427.0,0.8488
1768763760000,95427.0,95427.0,95427.0,95427.0,0.0
1768763820000,95427.0,95427.0,95367.0,95367.0,0.0936
1768763880000,95367.0,95373.0,95358.0,95373.0,0.0958
1768763940000,95373.0,95398.0,95373.0,95398.0,0.0275
1768764000000,95398.0,95398.0,95398.0,95398.0,0.0
1768764060000,95398.0,95405.0,95398.0,95405.0,0.0001
1768764120000,95405.0,95426.0,95405.0,95422.0,0.0313
1768764180000,95422.0,95423.0,95422.0,95423.0,0.004
1768764240000,95423.0,95465.0,95423.0,95465.0,0.1268
1768764300000,95465.0,95478.0,95462.0,95477.0,0.0412
1768764360000,95477.0,95477.0,95461.0,95464.0,0.0172
1768764420000,95464.0,95464.0,95441.0,95447.0,0.2007
1768764480000,95447.0,95447.0,95442.0,95442.0,0.1151
1768764540000,95442.0,95445.0,95438.0,95438.0,0.0033
1768764600000,95438.0,95439.0,95438.0,95439.0,0.0123
1768764660000,95439.0,95450.0,95421.0,95449.0,0.0298
1768764720000,95449.0,95449.0,95449.0,95449.0,0.0
1768764780000,95449.0,95500.0,95449.0,95476.0,1.3222
1768764840000,95476.0,95476.0,95457.0,95457.0,0.0007
1768764900000,95457.0,95457.0,95451.0,95451.0,0.0096
1768764960000,95451.0,95468.0,95451.0,95468.0,0.0168
1768765020000,95468.0,95468.0,95441.0,95441.0,0.0005
1768765080000,95441.0,95453.0,95429.0,95449.0,0.3737
1768765140000,95449.0,95449.0,95449.0,95449.0,0.0
1768765200000,95449.0,95462.0,95440.0,95440.0,7.7934
1768765260000,95440.0,95447.0,95419.0,95419.0,9.7178
1768765320000,95419.0,95438.0,95419.0,95437.0,1.0002
1768765380000,95437.0,95437.0,95391.0,95397.0,0.0731
1768765440000,95397.0,95397.0,95378.0,95390.0,1.0005
1768765500000,95390.0,95390.0,95390.0,95390.0,0.0
1768765560000,95390.0,95390.0,95350.0,95362.0,0.4356
1768765620000,95362.0,95362.0,95325.0,95329.0,0.6336
1768765680000,95329.0,95333.0,95318.0,95325.0,0.027
1768765740000,95325.0,95367.0,95325.0,95367.0,0.0689
1768765800000,95367.0,95367.0,95354.0,95354.0,0.0221
1768765860000,95354.0,95354.0,95349.0,95349.0,0.0105
1768765920000,95349.0,95350.0,95333.0,95333.0,2.7695
1768765980000,95333.0,95333.0,95314.0,95314.0,0.0013
1768766040000,95314.0,95335.0,95302.0,95335.0,0.2152
1768766100000,95335.0,95368.0,95335.0,95367.0,0.0471
1768766160000,95367.0,95367.0,95358.0,95358.0,0.0035
1768766220000,95358.0,95361.0,95358.0,95361.0,0.2069
1768766280000,95361.0,95369.0,95361.0,95369.0,0.0035
1768766340000,95369.0,95369.0,95358.0,95358.0,0.0007
1768766400000,95358.0,95358.0,95332.0,95332.0,0.0981
1768766460000,95332.0,95357.0,95327.0,95357.0,0.1804
1768766520000,95357.0,95364.0,95357.0,95364.0,0.0063
1768766580000,95364.0,95364.0,95321.0,95321.0,0.0389
1768766640000,95321.0,95341.0,95321.0,95341.0,0.01
1768766700000,95341.0,95341.0,95341.0,95341.0,0.0
1768766760000,95341.0,95341.0,95341.0,95341.0,0.0
1768766820000,95341.0,95341.0,95311.0,95311.0,0.0241
1768766880000,95311.0,95311.0,95287.0,95287.0,0.1083
1768766940000,95287.0,95287.0,95287.0,95287.0,0.0
1768767000000,95287.0,95294.0,95276.0,95284.0,0.0985
1768767060000,95284.0,95307.0,95284.0,95285.0,0.026
1768767120000,95285.0,95305.0,95285.0,95301.0,0.0121
1768767180000,95301.0,95301.0,95268.0,95275.0,0.132
1768767240000,95275.0,95275.0,95275.0,95275.0,0.0
1768767300000,95275.0,95305.0,95275.0,95290.0,1.0485
1768767360000,95290.0,95299.0,95290.0,95299.0,0.0151
1768767420000,95299.0,95307.0,95299.0,95307.0,0.0005
1768767480000,95307.0,95320.0,95307.0,95317.0,0.05
1768767540000,95317.0,95345.0,95317.0,95345.0,0.251
1768767600000,95345.0,95345.0,95323.0,95323.0,0.0412
1768767660000,95323.0,95377.0,95323.0,95377.0,2.0419
1768767720000,95377.0,95405.0,95377.0,95405.0,0.0558
1768767780000,95405.0,95410.0,95405.0,95410.0,0.04
1768767840000,95410.0,95410.0,95410.0,95410.0,0.0
1768767900000,95410.0,95421.0,95410.0,95421.0,0.0089
1768767960000,95421.0,95421.0,95421.0,95421.0,0.0
1768768020000,95421.0,95421.0,95421.0,95421.0,0.0
1768768080000,95421.0,95421.0,95413.0,95418.0,0.0193
1768768140000,95418.0,95427.0,95418.0,95426.0,0.015
1768768200000,95426.0,95428.0,95395.0,95395.0,0.3279
1768768260000,95395.0,95400.0,95379.0,95396.0,0.2223
1768768320000,95396.0,95428.0,95395.0,95419.0,0.0662
1768768380000,95419.0,95419.0,95380.0,95380.0,0.0535
1768768440000,95380.0,95380.0,95380.0,95380.0,0.0
1768768500000,95380.0,95380.0,95380.0,95380.0,0.0
1768768560000,95380.0,95397.0,95380.0,95383.0,0.0102
1768768620000,95383.0,95388.0,95352.0,95352.0,0.0252
1768768680000,95352.0,95352.0,95323.0,95332.0,2.1379
1768768740000,95332.0,95332.0,95299.0,95299.0,0.1681
1768768800000,95299.0,95299.0,95299.0,95299.0,0.0
1768768860000,95299.0,95304.0,95268.0,95270.0,0.0802
1768768920000,95270.0,95296.0,95270.0,95296.0,0.0005
1768768980000,95296.0,95336.0,95296.0,95334.0,0.0425
1768769040000,95334.0,95334.0,95334.0,95334.0,0.0
1768769100000,95334.0,95334.0,95322.0,95322.0,0.0168
1768769160000,95322.0,95322.0,95322.0,95322.0,0.0169
1768769220000,95322.0,95344.0,95322.0,95344.0,0.0014
1768769280000,95344.0,95356.0,95344.0,95355.0,0.0023
1768769340000,95355.0,95355.0,95341.0,95341.0,0.002
1768769400000,95341.0,95341.0,95341.0,95341.0,0.0
1768769460000,95341.0,95341.0,95321.0,95321.0,0.0769
1768769520000,95321.0,95321.0,95321.0,95321.0,0.0
1768769580000,95321.0,95321.0,95293.0,95293.0,0.0775
1768769640000,95293.0,95293.0,95293.0,95293.0,0.0
1768769700000,95293.0,95293.0,95269.0,95269.0,0.2175
1768769760000,95269.0,95291.0,95269.0,95291.0,0.101
1768769820000,95291.0,95291.0,95285.0,95285.0,0.0012
1768769880000,95285.0,95285.0,95285.0,95285.0,0.0
1768769940000,95285.0,95289.0,95281.0,95281.0,0.0641
1768770000000,95281.0,95291.0,95276.0,95276.0,0.0813
1768770060000,95276.0,95276.0,95276.0,95276.0,0.0
1768770120000,95276.0,95302.0,95276.0,95302.0,0.1067
1768770180000,95302.0,95302.0,95302.0,95302.0,0.0091
1768770240000,95302.0,95302.0,95297.0,95297.0,0.0008
1768770300000,95297.0,95297.0,95292.0,95297.0,0.0492
1768770360000,95297.0,95305.0,95295.0,95305.0,0.0265
1768770420000,95305.0,95305.0,95291.0,95291.0,0.0419
1768770480000,95291.0,95295.0,95255.0,95255.0,0.044
1768770540000,95255.0,95290.0,95255.0,95290.0,0.0347
1768770600000,95290.0,95305.0,95290.0,95305.0,0.0048
1768770660000,95305.0,95319.0,95305.0,95319.0,1.0989
1768770720000,95319.0,95319.0,95317.0,95319.0,0.0259
1768770780000,95319.0,95329.0,95319.0,95329.0,0.0005
1768770840000,95329.0,95346.0,95318.0,95327.0,0.0549
1768770900000,95327.0,95332.0,95320.0,95325.0,0.0314
1768770960000,95325.0,95325.0,95313.0,95313.0,0.0005
1768771020000,95313.0,95326.0,95310.0,95310.0,0.0212
1768771080000,95310.0,95310.0,95310.0,95310.0,0.0006
1768771140000,95310.0,95310.0,95310.0,95310.0,0.0
1768771200000,95310.0,95323.0,95310.0,95320.0,0.0081
1768771260000,95320.0,95320.0,95320.0,95320.0,0.0
1768771320000,95320.0,95320.0,95302.0,95310.0,0.0389
1768771380000,95310.0,95310.0,95310.0,95310.0,0.0
1768771440000,95310.0,95310.0,95310.0,95310.0,0.0
1768771500000,95310.0,95310.0,95303.0,95303.0,0.1871
1768771560000,95303.0,95303.0,95303.0,95303.0,0.0
1768771620000,95303.0,95303.0,95290.0,95290.0,0.0305
1768771680000,95290.0,95290.0,95275.0,95275.0,0.0015
1768771740000,95275.0,95297.0,95275.0,95282.0,0.1103
1768771800000,95282.0,95320.0,95282.0,95320.0,0.0383
1768771860000,95320.0,95320.0,95320.0,95320.0,0.0
1768771920000,95320.0,95320.0,95320.0,95320.0,0.0
1768771980000,95320.0,95341.0,95303.0,95341.0,0.1414
1768772040000,95341.0,95353.0,95341.0,95353.0,0.0198
1768772100000,95353.0,95358.0,95353.0,95358.0,0.0107
1768772160000,95358.0,95358.0,95342.0,95342.0,0.0201
1768772220000,95342.0,95363.0,95341.0,95363.0,0.0062
1768772280000,95363.0,95363.0,95363.0,95363.0,0.0
1768772340000,95363.0,95363.0,95363.0,95363.0,0.0
1768772400000,95363.0,95369.0,95359.0,95364.0,0.0211
1768772460000,95364.0,95364.0,95364.0,95364.0,0.0
1768772520000,95364.0,95364.0,95357.0,95357.0,0.0168
1768772580000,95357.0,95372.0,95357.0,95366.0,0.5018
1768772640000,95366.0,95380.0,95366.0,95380.0,0.0005
1768772700000,95380.0,95405.0,95380.0,95405.0,0.0206
1768772760000,95405.0,95424.0,95405.0,95421.0,0.0728
1768772820000,95421.0,95421.0,95403.0,95413.0,0.1187
1768772880000,95413.0,95413.0,95413.0,95413.0,0.0
1768772940000,95413.0,95413.0,95413.0,95413.0,0.0
1768773000000,95413.0,95413.0,95395.0,95395.0,4.8537
1768773060000,95395.0,95396.0,95386.0,95386.0,1.1862
1768773120000,95386.0,95386.0,95350.0,95350.0,0.151
1768773180000,95350.0,95411.0,95350.0,95392.0,2.1694
1768773240000,95392.0,95397.0,95392.0,95397.0,0.0064
1768773300000,95397.0,95415.0,95397.0,95411.0,0.1321
1768773360000,95411.0,95411.0,95411.0,95411.0,0.0
1768773420000,95411.0,95412.0,95407.0,95407.0,0.0136
1768773480000,95407.0,95410.0,95405.0,95410.0,0.0046
1768773540000,95410.0,95410.0,95407.0,95408.0,0.0115
1768773600000,95408.0,95409.0,95393.0,95409.0,0.002
1768773660000,95409.0,95410.0,95397.0,95398.0,0.2769
1768773720000,95398.0,95398.0,95398.0,95398.0,0.0054
1768773780000,95398.0,95423.0,95395.0,95423.0,0.0859
1768773840000,95423.0,95423.0,95421.0,95421.0,0.4094
1768773900000,95421.0,95428.0,95421.0,95426.0,0.0516
1768773960000,95426.0,95459.0,95426.0,95451.0,0.2329
1768774020000,95451.0,95452.0,95449.0,95449.0,0.003
1768774080000,95449.0,95449.0,95439.0,95439.0,0.0033
1768774140000,95439.0,95457.0,95430.0,95457.0,0.3544
1768774200000,95457.0,95458.0,95434.0,95445.0,0.5574
1768774260000,95445.0,95465.0,95438.0,95465.0,0.1705
1768774320000,95465.0,95476.0,95464.0,95476.0,0.1143
1768774380000,95476.0,95527.0,95475.0,95491.0,3.658
1768774440000,95491.0,95501.0,95485.0,95485.0,1.0328
1768774500000,95485.0,95493.0,95481.0,95481.0,1.078
1768774560000,95481.0,95494.0,95481.0,95494.0,0.05
1768774620000,95494.0,95494.0,95476.0,95477.0,17.9215
1768774680000,95477.0,95477.0,95472.0,95472.0,0.0005
1768774740000,95472.0,95472.0,95470.0,95472.0,0.06
1768774800000,95472.0,95472.0,95472.0,95472.0,0.0
1768774860000,95472.0,95472.0,95460.0,95460.0,0.032
1768774920000,95460.0,95460.0,95453.0,95453.0,0.065
1768774980000,95453.0,95453.0,95446.0,95446.0,0.0113
1768775040000,95446.0,95446.0,95446.0,95446.0,0.0
1768775100000,95446.0,95446.0,95446.0,95446.0,0.0
1768775160000,95446.0,95446.0,95446.0,95446.0,0.0
1768775220000,95446.0,95459.0,95446.0,95459.0,0.067
1768775280000,95459.0,95459.0,95440.0,95440.0,0.1518
1768775340000,95440.0,95441.0,95440.0,95441.0,0.0728
1768775400000,95441.0,95441.0,95441.0,95441.0,0.0
1768775460000,95441.0,95450.0,95441.0,95450.0,0.0005
1768775520000,95450.0,95453.0,95450.0,95451.0,0.0003
1768775580000,95451.0,95451.0,95440.0,95440.0,0.0339
1768775640000,95440.0,95440.0,95400.0,95420.0,18.0452
1768775700000,95420.0,95421.0,95420.0,95421.0,0.2608
1768775760000,95421.0,95421.0,95403.0,95403.0,0.193
1768775820000,95403.0,95455.0,95403.0,95453.0,9.6017
1768775880000,95453.0,95453.0,95453.0,95453.0,0.0
1768775940000,95453.0,95453.0,95411.0,95411.0,0.3101
1768776000000,95411.0,95451.0,95409.0,95451.0,0.0203
1768776060000,95451.0,95487.0,95451.0,95487.0,0.1061
1768776120000,95487.0,95487.0,95478.0,95478.0,0.001
1768776180000,95478.0,95478.0,95451.0,95454.0,0.0858
1768776240000,95454.0,95460.0,95454.0,95459.0,0.0847
1768776300000,95459.0,95459.0,95459.0,95459.0,0.0
1768776360000,95459.0,95484.0,95459.0,95484.0,0.0587
1768776420000,95484.0,95484.0,95484.0,95484.0,0.0
1768776480000,95484.0,95484.0,95462.0,95462.0,0.1346
1768776540000,95462.0,95462.0,95441.0,95441.0,0.0131
1768776600000,95441.0,95441.0,95438.0,95438.0,0.0005
1768776660000,95438.0,95461.0,95438.0,95451.0,0.0492
1768776720000,95451.0,95452.0,95441.0,95441.0,0.0715
1768776780000,95441.0,95452.0,95441.0,95451.0,0.1483
1768776840000,95451.0,95511.0,95448.0,95511.0,1.9015
1768776900000,95511.0,95524.0,95505.0,95524.0,0.193
1768776960000,95524.0,95524.0,95495.0,95495.0,0.0005
1768777020000,95495.0,95495.0,95472.0,95472.0,0.0461
1768777080000,95472.0,95472.0,95472.0,95472.0,0.0
1768777140000,95472.0,95472.0,95472.0,95472.0,0.0
1768777200000,95472.0,95483.0,95406.0,95439.0,0.7487
1768777260000,95439.0,95439.0,95420.0,95432.0,0.058
1768777320000,95432.0,95432.0,95332.0,95332.0,0.299
1768777380000,95332.0,95332.0,95181.0,95195.0,3.0437
1768777440000,95195.0,95195.0,94978.0,94985.0,11.5908
1768777500000,94985.0,95001.0,94958.0,94969.0,0.7806
1768777560000,94969.0,94997.0,94942.0,94997.0,0.5482
1768777620000,94997.0,95055.0,94980.0,95054.0,0.8656
1768777680000,95054.0,95101.0,95028.0,95032.0,0.4918
1768777740000,95032.0,95046.0,94993.0,95026.0,1.0037
1768777800000,95026.0,95026.0,94967.0,94967.0,0.9291
1768777860000,94967.0,95059.0,94954.0,95041.0,0.6454
1768777920000,95041.0,95053.0,94997.0,95040.0,0.4399
1768777980000,95040.0,95118.0,95024.0,95088.0,0.6511
1768778040000,95088.0,95104.0,95041.0,95041.0,0.3862
1768778100000,95041.0,95080.0,95037.0,95037.0,0.2593
1768778160000,95037.0,95101.0,95025.0,95101.0,0.1808
1768778220000,95101.0,95132.0,95068.0,95132.0,0.0942
1768778280000,95132.0,95133.0,95114.0,95116.0,1.617
1768778340000,95116.0,95143.0,95064.0,95143.0,0.9271
1768778400000,95143.0,95154.0,95127.0,95127.0,0.421
1768778460000,95127.0,95136.0,95083.0,95083.0,0.405
1768778520000,95083.0,95116.0,94753.0,94758.0,15.9922
1768778580000,94758.0,94886.0,94697.0,94886.0,3.8586
1768778640000,94886.0,94941.0,94847.0,94941.0,7.9065
1768778700000,94941.0,94941.0,94796.0,94802.0,0.4627
1768778760000,94802.0,94802.0,94690.0,94690.0,2.8905
1768778820000,94690.0,94781.0,94686.0,94781.0,0.9721
1768778880000,94781.0,94781.0,94644.0,94645.0,2.3514
1768778940000,94645.0,94645.0,94520.0,94570.0,15.033
1768779000000,94570.0,94649.0,94501.0,94633.0,2.7788
1768779060000,94633.0,94795.0,94610.0,94795.0,3.6829
1768779120000,94795.0,94795.0,94669.0,94778.0,2.6709
1768779180000,94778.0,94798.0,94661.0,94679.0,10.0641
1768779240000,94679.0,94688.0,94510.0,94568.0,32.9399
1768779300000,94568.0,94621.0,94523.0,94592.0,3.0159
1768779360000,94592.0,94637.0,94572.0,94600.0,1.2299
1768779420000,94600.0,94678.0,94600.0,94652.0,7.4515
1768779480000,94652.0,94670.0,94587.0,94587.0,0.2946
1768779540000,94587.0,94606.0,94484.0,94484.0,28.5102
1768779600000,94484.0,94535.0,94429.0,94448.0,3.4279
1768779660000,94448.0,94507.0,94447.0,94470.0,0.1475
1768779720000,94470.0,94482.0,94412.0,94414.0,0.343
1768779780000,94414.0,94495.0,94409.0,94433.0,5.7885
1768779840000,94433.0,94515.0,94400.0,94452.0,1.4876
1768779900000,94452.0,94452.0,94406.0,94415.0,0.2095
1768779960000,94415.0,94415.0,93854.0,94129.0,138.7735
1768780020000,94129.0,94129.0,93756.0,93829.0,69.2654
1768780080000,93829.0,93874.0,93653.0,93820.0,7.7624
1768780140000,93820.0,93913.0,93728.0,93828.0,4.4115
1768780200000,93828.0,94009.0,93749.0,93996.0,16.6253
1768780260000,93996.0,93996.0,93853.0,93996.0,8.6703
1768780320000,93996.0,93996.0,93772.0,93872.0,94.4053
1768780380000,93872.0,93881.0,93715.0,93740.0,2.9915
1768780440000,93740.0,93740.0,93675.0,93709.0,1.7927
1768780500000,93709.0,93777.0,93702.0,93707.0,0.7949
1768780560000,93707.0,93709.0,93577.0,93650.0,15.625
1768780620000,93650.0,93652.0,93575.0,93594.0,2.0934
1768780680000,93594.0,93670.0,93575.0,93660.0,0.6788
1768780740000,93660.0,93689.0,93617.0,93641.0,0.6026
1768780800000,93641.0,93641.0,93277.0,93332.0,52.5504
1768780860000,93332.0,93355.0,92719.0,92750.0,57.3681
1768780920000,92750.0,92835.0,92090.0,92182.0,54.6728
1768780980000,92182.0,92799.0,91851.0,92747.0,57.1494
1768781040000,92747.0,93054.0,92733.0,92964.0,12.5851
1768781100000,92964.0,93099.0,92916.0,92997.0,12.7895
1768781160000,92997.0,93025.0,92672.0,92705.0,14.766
1768781220000,92705.0,92861.0,92630.0,92834.0,17.3078
1768781280000,92834.0,93010.0,92803.0,92957.0,24.0153
1768781340000,92957.0,92963.0,92800.0,92840.0,3.964
1768781400000,92840.0,92865.0,92679.0,92681.0,11.8613
1768781460000,92681.0,92714.0,92547.0,92597.0,1.5052
1768781520000,92597.0,92777.0,92542.0,92754.0,5.3399
1768781580000,92754.0,92770.0,92647.0,92677.0,3.225
1768781640000,92677.0,92685.0,92334.0,92424.0,6.0252
1768781700000,92424.0,92424.0,92212.0,92230.0,17.57
1768781760000,92230.0,92462.0,92080.0,92407.0,11.1905
1768781820000,92407.0,92673.0,92276.0,92673.0,15.5721
1768781880000,92673.0,92678.0,92450.0,92622.0,5.7241
1768781940000,92622.0,92793.0,92602.0,92762.0,7.614
1768782000000,92762.0,92762.0,92304.0,92304.0,4.2796
1768782060000,92304.0,92431.0,92220.0,92322.0,4.1085
1768782120000,92322.0,92461.0,92229.0,92370.0,5.4114
1768782180000,92370.0,92706.0,92359.0,92549.0,24.5458
1768782240000,92549.0,92599.0,92504.0,92574.0,3.2688
1768782300000,92574.0,92579.0,92322.0,92493.0,6.4147
1768782360000,92493.0,92599.0,92437.0,92592.0,8.0981
1768782420000,92592.0,92592.0,92466.0,92508.0,2.2813
1768782480000,92508.0,92583.0,92440.0,92580.0,3.173
1768782540000,92580.0,92672.0,92576.0,92613.0,8.9167
1768782600000,92613.0,92613.0,92231.0,92323.0,10.9217
1768782660000,92323.0,92488.0,92290.0,92396.0,11.529
1768782720000,92396.0,92599.0,92379.0,92565.0,2.3625
1768782780000,92565.0,92651.0,92470.0,92623.0,3.2475
1768782840000,92623.0,92623.0,92505.0,92524.0,2.2422
1768782900000,92524.0,92555.0,92433.0,92493.0,5.4797
1768782960000,92493.0,92594.0,92493.0,92540.0,3.4616
1768783020000,92540.0,92601.0,92478.0,92601.0,3.6331
1768783080000,92601.0,92834.0,92587.0,92767.0,12.0293
1768783140000,92767.0,92835.0,92720.0,92797.0,4.944
1768783200000,92797.0,92821.0,92707.0,92806.0,2.665
1768783260000,92806.0,92854.0,92772.0,92819.0,3.9421
1768783320000,92819.0,93022.0,92779.0,92989.0,17.7395
1768783380000,92989.0,92999.0,92912.0,92959.0,3.0527
1768783440000,92959.0,92967.0,92902.0,92939.0,0.5889
1768783500000,92939.0,92939.0,92782.0,92864.0,2.0393
1768783560000,92864.0,92869.0,92789.0,92861.0,2.9317
1768783620000,92861.0,92893.0,92773.0,92800.0,2.6144
1768783680000,92800.0,92814.0,92715.0,92715.0,1.5705
1768783740000,92715.0,92837.0,92715.0,92837.0,1.2147
1768783800000,92837.0,92837.0,92725.0,92725.0,0.5146
1768783860000,92725.0,92738.0,92677.0,92687.0,0.7925
1768783920000,92687.0,92748.0,92677.0,92748.0,0.4933
1768783980000,92748.0,92748.0,92668.0,92680.0,2.1975
1768784040000,92680.0,92779.0,92680.0,92734.0,7.242
1768784100000,92734.0,92734.0,92677.0,92677.0,0.3727
1768784160000,92677.0,92772.0,92677.0,92682.0,2.9825
1768784220000,92682.0,92748.0,92681.0,92705.0,0.4273
1768784280000,92705.0,92708.0,92685.0,92685.0,0.104
1768784340000,92685.0,92693.0,92678.0,92679.0,0.0706
1768784400000,92679.0,92679.0,92445.0,92564.0,23.4422
1768784460000,92564.0,92632.0,92525.0,92572.0,2.9168
1768784520000,92572.0,92616.0,92544.0,92611.0,1.4845
1768784580000,92611.0,92641.0,92580.0,92605.0,5.2764
1768784640000,92605.0,92641.0,92578.0,92598.0,0.6936
1768784700000,92598.0,92632.0,92568.0,92632.0,2.5327
1768784760000,92632.0,92743.0,92632.0,92743.0,1.5013
1768784820000,92743.0,92743.0,92632.0,92674.0,0.3334
1768784880000,92674.0,92737.0,92653.0,92701.0,2.2181
1768784940000,92701.0,92785.0,92679.0,92737.0,0.503
1768785000000,92737.0,92743.0,92681.0,92720.0,0.8361
1768785060000,92720.0,92767.0,92704.0,92767.0,0.6424
1768785120000,92767.0,92828.0,92751.0,92826.0,0.5945
1768785180000,92826.0,92826.0,92724.0,92724.0,0.6597
1768785240000,92724.0,92745.0,92715.0,92733.0,0.2194
1768785300000,92733.0,92766.0,92693.0,92693.0,2.2133
1768785360000,92693.0,92787.0,92688.0,92787.0,2.1675
1768785420000,92787.0,92797.0,92770.0,92792.0,0.2598
1768785480000,92792.0,92843.0,92731.0,92731.0,9.9857
1768785540000,92731.0,92742.0,92691.0,92742.0,0.4584
1768785600000,92742.0,92748.0,92661.0,92661.0,9.7794
1768785660000,92661.0,92664.0,92571.0,92581.0,0.7108
1768785720000,92581.0,92673.0,92542.0,92654.0,2.5053
1768785780000,92654.0,92663.0,92574.0,92601.0,0.4399
1768785840000,92601.0,92630.0,92564.0,92609.0,0.3526
1768785900000,92609.0,92611.0,92571.0,92585.0,0.4392
1768785960000,92585.0,92611.0,92575.0,92607.0,1.7208
1768786020000,92607.0,92618.0,92557.0,92592.0,0.4151
1768786080000,92592.0,92612.0,92572.0,92582.0,0.6974
1768786140000,92582.0,92591.0,92530.0,92530.0,0.6981
1768786200000,92530.0,92617.0,92517.0,92517.0,1.501
1768786260000,92517.0,92598.0,92489.0,92586.0,0.37
1768786320000,92586.0,92656.0,92586.0,92655.0,0.8021
1768786380000,92655.0,92655.0,92572.0,92591.0,0.5863
1768786440000,92591.0,92707.0,92591.0,92690.0,0.4266
1768786500000,92690.0,92690.0,92650.0,92651.0,0.1152
1768786560000,92651.0,92692.0,92622.0,92692.0,0.2154
1768786620000,92692.0,92727.0,92692.0,92727.0,0.0485
1768786680000,92727.0,92758.0,92683.0,92686.0,0.535
1768786740000,92686.0,92686.0,92568.0,92618.0,1.3679
1768786800000,92618.0,92639.0,92596.0,92639.0,0.2071
1768786860000,92639.0,92658.0,92583.0,92583.0,0.3166
1768786920000,92583.0,92598.0,92523.0,92523.0,0.235
1768786980000,92523.0,92547.0,92523.0,92532.0,0.0732
1768787040000,92532.0,92532.0,92480.0,92489.0,2.9075
1768787100000,92489.0,92489.0,92455.0,92455.0,0.0747
1768787160000,92455.0,92456.0,92388.0,92393.0,5.9335
1768787220000,92393.0,92449.0,92329.0,92333.0,6.0025
1768787280000,92333.0,92355.0,92222.0,92274.0,2.4696
1768787340000,92274.0,92296.0,92195.0,92221.0,13.5041
1768787400000,92221.0,92316.0,92221.0,92238.0,5.7996
1768787460000,92238.0,92315.0,92238.0,92315.0,0.8113
1768787520000,92315.0,92338.0,92284.0,92338.0,1.0098
1768787580000,92338.0,92383.0,92277.0,92299.0,0.7981
1768787640000,92299.0,92327.0,92276.0,92276.0,0.5175
1768787700000,92276.0,92324.0,92276.0,92324.0,0.4928
1768787760000,92324.0,92451.0,92312.0,92446.0,0.7758
1768787820000,92446.0,92558.0,92446.0,92528.0,3.7529
1768787880000,92528.0,92541.0,92474.0,92533.0,2.7623
1768787940000,92533.0,92551.0,92528.0,92551.0,0.2406
1768788000000,92551.0,92567.0,92509.0,92550.0,3.1683
1768788060000,92550.0,92550.0,92449.0,92462.0,4.973
1768788120000,92462.0,92472.0,92418.0,92472.0,0.3497
1768788180000,92472.0,92510.0,92468.0,92480.0,0.4274
1768788240000,92480.0,92500.0,92464.0,92473.0,0.6375
1768788300000,92473.0,92485.0,92471.0,92485.0,0.3254
1768788360000,92485.0,92552.0,92485.0,92551.0,0.264
1768788420000,92551.0,92585.0,92512.0,92549.0,1.0094
1768788480000,92549.0,92549.0,92492.0,92492.0,0.2759
1768788540000,92492.0,92492.0,92379.0,92418.0,0.688
1768788600000,92418.0,92446.0,92414.0,92415.0,0.2163
1768788660000,92415.0,92424.0,92370.0,92393.0,1.1068
1768788720000,92393.0,92421.0,92383.0,92383.0,25.7458
1768788780000,92383.0,92395.0,92361.0,92361.0,0.3404
1768788840000,92361.0,92417.0,92361.0,92391.0,0.6722
1768788900000,92391.0,92391.0,92358.0,92358.0,0.3926
1768788960000,92358.0,92398.0,92355.0,92376.0,0.3078
1768789020000,92376.0,92415.0,92376.0,92415.0,0.644
1768789080000,92415.0,92435.0,92415.0,92435.0,0.6895
1768789140000,92435.0,92451.0,92435.0,92439.0,0.0661
1768789200000,92439.0,92440.0,92439.0,92440.0,0.001
1768789260000,92440.0,92511.0,92440.0,92511.0,0.3853
1768789320000,92511.0,92639.0,92511.0,92639.0,25.3074
1768789380000,92639.0,92640.0,92612.0,92617.0,1.846
1768789440000,92617.0,92617.0,92558.0,92579.0,3.0715
1768789500000,92579.0,92579.0,92448.0,92448.0,0.4323
1768789560000,92448.0,92448.0,92419.0,92419.0,0.1871
1768789620000,92419.0,92431.0,92404.0,92404.0,0.0697
1768789680000,92404.0,92475.0,92404.0,92475.0,2.4509
1768789740000,92475.0,92477.0,92463.0,92475.0,0.4416
1768789800000,92475.0,92479.0,92417.0,92446.0,0.2342
1768789860000,92446.0,92470.0,92444.0,92469.0,0.3206
1768789920000,92469.0,92491.0,92462.0,92491.0,0.1237
1768789980000,92491.0,92564.0,92489.0,92498.0,1.0286
1768790040000,92498.0,92541.0,92498.0,92537.0,2.648
1768790100000,92537.0,92537.0,92478.0,92481.0,0.1781
1768790160000,92481.0,92482.0,92468.0,92478.0,0.0877
1768790220000,92478.0,92508.0,92478.0,92495.0,0.1546
1768790280000,92495.0,92516.0,92495.0,92516.0,0.0475
1768790340000,92516.0,92523.0,92516.0,92516.0,0.0067
1768790400000,92516.0,92553.0,92516.0,92553.0,0.1672
1768790460000,92553.0,92558.0,92553.0,92558.0,0.0006
1768790520000,92558.0,92560.0,92536.0,92536.0,0.2973
1768790580000,92536.0,92553.0,92527.0,92553.0,0.5122
1768790640000,92553.0,92569.0,92533.0,92533.0,0.3456
1768790700000,92533.0,92540.0,92511.0,92517.0,1.339
1768790760000,92517.0,92517.0,92505.0,92505.0,0.0042
1768790820000,92505.0,92509.0,92478.0,92478.0,1.178
1768790880000,92478.0,92514.0,92478.0,92514.0,0.537
1768790940000,92514.0,92581.0,92514.0,92540.0,0.9094
1768791000000,92540.0,92540.0,92526.0,92529.0,0.2128
1768791060000,92529.0,92549.0,92529.0,92549.0,0.3119
1768791120000,92549.0,92588.0,92539.0,92588.0,0.1454
1768791180000,92588.0,92588.0,92547.0,92571.0,0.5437
1768791240000,92571.0,92571.0,92539.0,92539.0,0.3403
1768791300000,92539.0,92539.0,92514.0,92514.0,0.5106
1768791360000,92514.0,92525.0,92504.0,92504.0,0.1684
1768791420000,92504.0,92518.0,92504.0,92512.0,0.1386
1768791480000,92512.0,92536.0,92509.0,92536.0,0.2106
1768791540000,92536.0,92579.0,92535.0,92535.0,1.3099
1768791600000,92535.0,92564.0,92521.0,92564.0,0.1504
1768791660000,92564.0,92598.0,92564.0,92586.0,0.4223
1768791720000,92586.0,92597.0,92557.0,92557.0,0.2407
1768791780000,92557.0,92604.0,92557.0,92604.0,0.2221
1768791840000,92604.0,92604.0,92565.0,92576.0,0.4798
1768791900000,92576.0,92616.0,92576.0,92616.0,0.1924
1768791960000,92616.0,92646.0,92616.0,92624.0,0.3604
1768792020000,92624.0,92624.0,92601.0,92601.0,0.0963
1768792080000,92601.0,92636.0,92601.0,92635.0,0.2543
1768792140000,92635.0,92731.0,92635.0,92689.0,1.7237
1768792200000,92689.0,92708.0,92655.0,92695.0,0.4225
1768792260000,92695.0,92698.0,92675.0,92685.0,0.4302
1768792320000,92685.0,92685.0,92663.0,92663.0,0.0339
1768792380000,92663.0,92676.0,92661.0,92669.0,0.2303
1768792440000,92669.0,92713.0,92669.0,92713.0,0.3057
1768792500000,92713.0,92747.0,92713.0,92747.0,0.1173
1768792560000,92747.0,92749.0,92728.0,92742.0,1.2353
1768792620000,92742.0,92759.0,92736.0,92758.0,0.5652
1768792680000,92758.0,92768.0,92749.0,92766.0,0.5181
1768792740000,92766.0,92766.0,92726.0,92738.0,1.0215
1768792800000,92738.0,92738.0,92695.0,92720.0,0.8955
1768792860000,92720.0,92724.0,92676.0,92681.0,0.2759
1768792920000,92681.0,92685.0,92557.0,92590.0,2.5267
1768792980000,92590.0,92590.0,92500.0,92506.0,1.0311
1768793040000,92506.0,92510.0,92466.0,92510.0,0.6231
1768793100000,92510.0,92530.0,92487.0,92487.0,0.2586
1768793160000,92487.0,92522.0,92484.0,92522.0,0.1253
1768793220000,92522.0,92572.0,92522.0,92548.0,0.7665
1768793280000,92548.0,92556.0,92534.0,92549.0,0.22
1768793340000,92549.0,92549.0,92504.0,92521.0,0.3744
1768793400000,92521.0,92573.0,92515.0,92519.0,0.6011
1768793460000,92519.0,92530.0,92519.0,92524.0,0.1613
1768793520000,92524.0,92547.0,92524.0,92528.0,0.3578
1768793580000,92528.0,92528.0,92493.0,92493.0,0.3892
1768793640000,92493.0,92517.0,92493.0,92517.0,0.2429
1768793700000,92517.0,92566.0,92517.0,92566.0,0.1276
1768793760000,92566.0,92566.0,92554.0,92556.0,0.3387
1768793820000,92556.0,92562.0,92535.0,92535.0,0.1027
1768793880000,92535.0,92580.0,92535.0,92580.0,5.5423
1768793940000,92580.0,92580.0,92528.0,92532.0,0.295
1768794000000,92532.0,92549.0,92532.0,92536.0,0.3506
1768794060000,92536.0,92586.0,92536.0,92557.0,1.9318
1768794120000,92557.0,92596.0,92557.0,92596.0,0.3537
1768794180000,92596.0,92621.0,92593.0,92615.0,2.8697
1768794240000,92615.0,92630.0,92614.0,92619.0,1.0232
1768794300000,92619.0,92619.0,92586.0,92604.0,0.4387
1768794360000,92604.0,92607.0,92598.0,92601.0,0.0414
1768794420000,92601.0,92629.0,92601.0,92629.0,0.2431
1768794480000,92629.0,92646.0,92617.0,92617.0,0.1802
1768794540000,92617.0,92631.0,92617.0,92629.0,0.1518
1768794600000,92629.0,92641.0,92629.0,92641.0,0.1665
1768794660000,92641.0,92641.0,92631.0,92633.0,0.0612
1768794720000,92633.0,92646.0,92633.0,92646.0,0.3029
1768794780000,92646.0,92671.0,92646.0,92671.0,0.101
1768794840000,92671.0,92693.0,92671.0,92690.0,0.2131
1768794900000,92690.0,92690.0,92647.0,92647.0,0.1348
1768794960000,92647.0,92667.0,92647.0,92665.0,0.0677
1768795020000,92665.0,92665.0,92648.0,92648.0,0.0303
1768795080000,92648.0,92657.0,92647.0,92657.0,0.524
1768795140000,92657.0,92676.0,92649.0,92673.0,0.182
1768795200000,92673.0,92673.0,92596.0,92615.0,2.7694
1768795260000,92615.0,92626.0,92590.0,92626.0,1.4495
1768795320000,92626.0,92671.0,92626.0,92669.0,0.8875
1768795380000,92669.0,92722.0,92669.0,92719.0,0.4032
1768795440000,92719.0,92719.0,92614.0,92640.0,7.4428
1768795500000,92640.0,92676.0,92631.0,92665.0,0.2385
1768795560000,92665.0,92665.0,92579.0,92579.0,2.0594
1768795620000,92579.0,92605.0,92568.0,92577.0,8.4292
1768795680000,92577.0,92587.0,92572.0,92580.0,0.3239
1768795740000,92580.0,92603.0,92580.0,92598.0,1.6965
1768795800000,92598.0,92627.0,92593.0,92627.0,0.6792
1768795860000,92627.0,92629.0,92617.0,92617.0,0.0212
1768795920000,92617.0,92621.0,92592.0,92600.0,0.6757
1768795980000,92600.0,92600.0,92600.0,92600.0,0.0
1768796040000,92600.0,92604.0,92587.0,92587.0,0.3229
1768796100000,92587.0,92609.0,92577.0,92603.0,0.3886
1768796160000,92603.0,92603.0,92576.0,92576.0,0.0627
1768796220000,92576.0,92587.0,92565.0,92587.0,0.4697
1768796280000,92587.0,92597.0,92581.0,92597.0,0.391
1768796340000,92597.0,92626.0,92597.0,92626.0,1.5209
1768796400000,92626.0,92626.0,92577.0,92577.0,0.2006
1768796460000,92577.0,92584.0,92565.0,92584.0,0.3946
1768796520000,92584.0,92586.0,92554.0,92554.0,0.7833
1768796580000,92554.0,92554.0,92474.0,92474.0,3.9546
1768796640000,92474.0,92517.0,92474.0,92517.0,1.0432
1768796700000,92517.0,92517.0,92474.0,92492.0,0.1337
1768796760000,92492.0,92520.0,92492.0,92515.0,0.452
1768796820000,92515.0,92589.0,92515.0,92589.0,2.4368
1768796880000,92589.0,92618.0,92584.0,92618.0,2.6976
1768796940000,92618.0,92666.0,92618.0,92666.0,0.1797
1768797000000,92666.0,92666.0,92651.0,92652.0,0.1133
1768797060000,92652.0,92660.0,92643.0,92655.0,0.1878
1768797120000,92655.0,92665.0,92651.0,92665.0,1.1304
1768797180000,92665.0,92670.0,92645.0,92645.0,0.0911
1768797240000,92645.0,92645.0,92623.0,92623.0,0.2555
1768797300000,92623.0,92623.0,92620.0,92620.0,0.0004
1768797360000,92620.0,92627.0,92527.0,92546.0,5.9978
1768797420000,92546.0,92599.0,92544.0,92599.0,0.8515
1768797480000,92599.0,92623.0,92599.0,92623.0,0.1014
1768797540000,92623.0,92638.0,92623.0,92638.0,0.0412
1768797600000,92638.0,92663.0,92638.0,92662.0,0.2159
1768797660000,92662.0,92678.0,92657.0,92678.0,0.5504
1768797720000,92678.0,92678.0,92657.0,92657.0,0.0202
1768797780000,92657.0,92662.0,92657.0,92662.0,0.002
1768797840000,92662.0,92662.0,92636.0,92647.0,0.9363
1768797900000,92647.0,92654.0,92629.0,92638.0,1.2255
1768797960000,92638.0,92660.0,92626.0,92642.0,9.5756
1768798020000,92642.0,92645.0,92630.0,92630.0,0.7174
1768798080000,92630.0,92662.0,92630.0,92662.0,0.1553
1768798140000,92662.0,92662.0,92644.0,92644.0,0.1841
1768798200000,92644.0,92663.0,92644.0,92663.0,0.0201
1768798260000,92663.0,92667.0,92654.0,92667.0,0.0516
1768798320000,92667.0,92702.0,92667.0,92677.0,0.1429
1768798380000,92677.0,92680.0,92671.0,92678.0,0.0762
1768798440000,92678.0,92678.0,92667.0,92667.0,0.002
1768798500000,92667.0,92700.0,92667.0,92699.0,1.178
1768798560000,92699.0,92699.0,92684.0,92692.0,0.0006
1768798620000,92692.0,92722.0,92683.0,92683.0,0.9925
1768798680000,92683.0,92683.0,92673.0,92673.0,0.0314
1768798740000,92673.0,92686.0,92637.0,92637.0,2.46
1768798800000,92637.0,92714.0,92637.0,92714.0,0.5265
1768798860000,92714.0,92719.0,92705.0,92719.0,0.4084
1768798920000,92719.0,92727.0,92713.0,92713.0,0.0579
1768798980000,92713.0,92718.0,92712.0,92712.0,0.0317
1768799040000,92712.0,92718.0,92704.0,92718.0,0.0281
1768799100000,92718.0,92719.0,92703.0,92703.0,0.0818
1768799160000,92703.0,92703.0,92676.0,92676.0,0.0238
1768799220000,92676.0,92686.0,92649.0,92686.0,0.5226
1768799280000,92686.0,92714.0,92686.0,92703.0,0.45
1768799340000,92703.0,92712.0,92694.0,92705.0,0.2448
1768799400000,92705.0,92733.0,92705.0,92733.0,0.07
1768799460000,92733.0,92739.0,92722.0,92733.0,0.0088
1768799520000,92733.0,92733.0,92722.0,92722.0,0.0211
1768799580000,92722.0,92722.0,92670.0,92670.0,0.4014
1768799640000,92670.0,92676.0,92617.0,92617.0,1.3061
1768799700000,92617.0,92633.0,92555.0,92555.0,0.159
1768799760000,92555.0,92570.0,92550.0,92570.0,0.2748
1768799820000,92570.0,92609.0,92568.0,92609.0,0.3101
1768799880000,92609.0,92617.0,92591.0,92617.0,0.0752
1768799940000,92617.0,92617.0,92574.0,92574.0,0.8328
1768800000000,92574.0,92601.0,92553.0,92601.0,0.4803
1768800060000,92601.0,92606.0,92534.0,92585.0,1.3884
1768800120000,92585.0,92592.0,92576.0,92584.0,0.5712
1768800180000,92584.0,92606.0,92584.0,92602.0,0.157
1768800240000,92602.0,92602.0,92568.0,92590.0,1.6399
1768800300000,92590.0,92590.0,92584.0,92584.0,0.0552
1768800360000,92584.0,92607.0,92584.0,92607.0,0.4087
1768800420000,92607.0,92607.0,92538.0,92544.0,1.1353
1768800480000,92544.0,92563.0,92544.0,92563.0,0.3333
1768800540000,92563.0,92635.0,92562.0,92635.0,3.1787
1768800600000,92635.0,92777.0,92635.0,92689.0,2.4748
1768800660000,92689.0,92738.0,92663.0,92666.0,4.8222
1768800720000,92666.0,92685.0,92666.0,92674.0,1.0297
1768800780000,92674.0,92679.0,92624.0,92624.0,2.1288
1768800840000,92624.0,92624.0,92576.0,92579.0,0.6233
1768800900000,92579.0,92605.0,92579.0,92603.0,1.3764
1768800960000,92603.0,92603.0,92561.0,92561.0,0.1671
1768801020000,92561.0,92591.0,92556.0,92577.0,0.2444
1768801080000,92577.0,92584.0,92576.0,92581.0,0.0227
1768801140000,92581.0,92581.0,92568.0,92579.0,0.2579
1768801200000,92579.0,92652.0,92579.0,92652.0,3.6954
1768801260000,92652.0,92652.0,92643.0,92650.0,0.0167
1768801320000,92650.0,92650.0,92615.0,92615.0,0.6213
1768801380000,92615.0,92615.0,92608.0,92609.0,0.1432
1768801440000,92609.0,92609.0,92583.0,92583.0,0.3326
1768801500000,92583.0,92592.0,92581.0,92592.0,0.1445
1768801560000,92592.0,92625.0,92592.0,92625.0,0.5092
1768801620000,92625.0,92625.0,92615.0,92615.0,0.0012
1768801680000,92615.0,92615.0,92577.0,92578.0,1.0199
1768801740000,92578.0,92578.0,92526.0,92539.0,1.5205
1768801800000,92539.0,92572.0,92539.0,92572.0,0.3373
1768801860000,92572.0,92572.0,92513.0,92513.0,0.5028
1768801920000,92513.0,92555.0,92513.0,92517.0,0.8935
1768801980000,92517.0,92533.0,92506.0,92506.0,0.4862
1768802040000,92506.0,92506.0,92485.0,92496.0,0.5826
1768802100000,92496.0,92499.0,92491.0,92499.0,0.25
1768802160000,92499.0,92505.0,92484.0,92484.0,0.3314
1768802220000,92484.0,92499.0,92484.0,92499.0,0.0272
1768802280000,92499.0,92504.0,92472.0,92474.0,0.717
1768802340000,92474.0,92487.0,92472.0,92473.0,0.7743
1768802400000,92473.0,92505.0,92473.0,92505.0,0.9047
1768802460000,92505.0,92506.0,92486.0,92489.0,0.5068
1768802520000,92489.0,92516.0,92489.0,92516.0,0.7424
1768802580000,92516.0,92527.0,92516.0,92527.0,0.0056
1768802640000,92527.0,92545.0,92527.0,92544.0,0.3562
1768802700000,92544.0,92567.0,92517.0,92524.0,0.5145
1768802760000,92524.0,92544.0,92496.0,92540.0,1.1252
1768802820000,92540.0,92547.0,92539.0,92547.0,0.0727
1768802880000,92547.0,92547.0,92514.0,92514.0,0.0847
1768802940000,92514.0,92514.0,92476.0,92476.0,0.8038
1768803000000,92476.0,92495.0,92476.0,92495.0,0.6285
1768803060000,92495.0,92495.0,92452.0,92452.0,1.0539
1768803120000,92452.0,92452.0,92399.0,92440.0,2.8579
1768803180000,92440.0,92470.0,92435.0,92470.0,25.2483
1768803240000,92470.0,92529.0,92470.0,92523.0,0.221
1768803300000,92523.0,92523.0,92440.0,92446.0,0.9126
1768803360000,92446.0,92452.0,92350.0,92368.0,6.7127
1768803420000,92368.0,92437.0,92367.0,92437.0,1.1634
1768803480000,92437.0,92453.0,92429.0,92429.0,0.7452
1768803540000,92429.0,92444.0,92402.0,92444.0,4.4714
1768803600000,92444.0,92480.0,92444.0,92474.0,0.7279
1768803660000,92474.0,92510.0,92474.0,92476.0,0.5265
1768803720000,92476.0,92476.0,92459.0,92471.0,0.4706
1768803780000,92471.0,92476.0,92453.0,92453.0,5.6479
1768803840000,92453.0,92484.0,92453.0,92482.0,0.2744
1768803900000,92482.0,92531.0,92482.0,92531.0,0.1399
1768803960000,92531.0,92542.0,92521.0,92526.0,7.3042
1768804020000,92526.0,92575.0,92526.0,92575.0,1.0802
1768804080000,92575.0,92578.0,92516.0,92525.0,1.0969
1768804140000,92525.0,92536.0,92494.0,92506.0,3.465
1768804200000,92506.0,92523.0,92481.0,92523.0,6.4507
1768804260000,92523.0,92559.0,92521.0,92543.0,1.6027
1768804320000,92543.0,92570.0,92543.0,92564.0,0.9245
1768804380000,92564.0,92585.0,92564.0,92585.0,0.9634
1768804440000,92585.0,92589.0,92569.0,92586.0,1.6355
1768804500000,92586.0,92589.0,92559.0,92573.0,0.3715
1768804560000,92573.0,92581.0,92573.0,92580.0,1.474
1768804620000,92580.0,92588.0,92539.0,92555.0,11.4351
1768804680000,92555.0,92555.0,92506.0,92520.0,0.3942
1768804740000,92520.0,92520.0,92468.0,92476.0,0.3685
1768804800000,92476.0,92494.0,92468.0,92494.0,0.0756
1768804860000,92494.0,92519.0,92487.0,92487.0,0.2681
1768804920000,92487.0,92494.0,92431.0,92440.0,4.36
1768804980000,92440.0,92488.0,92434.0,92488.0,0.2444
1768805040000,92488.0,92516.0,92488.0,92516.0,0.0981
1768805100000,92516.0,92545.0,92516.0,92545.0,0.2105
1768805160000,92545.0,92569.0,92545.0,92545.0,0.1482
1768805220000,92545.0,92545.0,92525.0,92525.0,1.2323
1768805280000,92525.0,92551.0,92513.0,92551.0,1.1795
1768805340000,92551.0,92572.0,92551.0,92560.0,0.4361
1768805400000,92560.0,92569.0,92560.0,92561.0,0.0711
1768805460000,92561.0,92572.0,92561.0,92572.0,0.0011
1768805520000,92572.0,92606.0,92563.0,92606.0,0.3725
1768805580000,92606.0,92607.0,92568.0,92581.0,0.5392
1768805640000,92581.0,92581.0,92553.0,92560.0,0.0841
1768805700000,92560.0,92560.0,92533.0,92533.0,0.153
1768805760000,92533.0,92538.0,92533.0,92538.0,0.0102
1768805820000,92538.0,92539.0,92531.0,92531.0,0.5227
1768805880000,92531.0,92532.0,92525.0,92525.0,0.2087
1768805940000,92525.0,92551.0,92525.0,92551.0,0.1952
1768806000000,92551.0,92575.0,92551.0,92575.0,0.1493
1768806060000,92575.0,92599.0,92575.0,92599.0,0.1178
1768806120000,92599.0,92599.0,92586.0,92591.0,0.0211
1768806180000,92591.0,92611.0,92591.0,92602.0,0.3611
1768806240000,92602.0,92602.0,92579.0,92579.0,0.1993
1768806300000,92579.0,92590.0,92576.0,92586.0,0.0933
1768806360000,92586.0,92591.0,92584.0,92591.0,0.2599
1768806420000,92591.0,92591.0,92539.0,92539.0,0.2929
1768806480000,92539.0,92539.0,92535.0,92535.0,0.0011
1768806540000,92535.0,92562.0,92535.0,92562.0,0.0823
1768806600000,92562.0,92562.0,92532.0,92533.0,0.0707
1768806660000,92533.0,92541.0,92529.0,92541.0,0.0487
1768806720000,92541.0,92569.0,92541.0,92569.0,0.1213
1768806780000,92569.0,92577.0,92559.0,92577.0,0.0514
1768806840000,92577.0,92594.0,92577.0,92594.0,0.1414
1768806900000,92594.0,92594.0,92576.0,92576.0,0.1571
1768806960000,92576.0,92576.0,92570.0,92574.0,0.0111
1768807020000,92574.0,92602.0,92574.0,92602.0,0.8218
1768807080000,92602.0,92631.0,92602.0,92631.0,0.5766
1768807140000,92631.0,92631.0,92610.0,92613.0,0.0709
1768807200000,92613.0,92619.0,92592.0,92619.0,0.4589
1768807260000,92619.0,92619.0,92585.0,92587.0,0.156
1768807320000,92587.0,92600.0,92587.0,92597.0,0.0447
1768807380000,92597.0,92609.0,92591.0,92607.0,0.1905
1768807440000,92607.0,92610.0,92590.0,92609.0,0.0871
1768807500000,92609.0,92611.0,92609.0,92611.0,0.0307
1768807560000,92611.0,92620.0,92609.0,92616.0,0.3783
1768807620000,92616.0,92635.0,92571.0,92571.0,10.5094
1768807680000,92571.0,92581.0,92571.0,92576.0,0.1621
1768807740000,92576.0,92594.0,92576.0,92594.0,0.0706
1768807800000,92594.0,92594.0,92553.0,92561.0,1.9463
1768807860000,92561.0,92582.0,92561.0,92564.0,2.4968
1768807920000,92564.0,92590.0,92564.0,92578.0,0.1593
1768807980000,92578.0,92578.0,92550.0,92558.0,0.7941
1768808040000,92558.0,92561.0,92550.0,92557.0,0.099
1768808100000,92557.0,92575.0,92554.0,92561.0,1.0593
1768808160000,92561.0,92571.0,92553.0,92571.0,0.4122
1768808220000,92571.0,92610.0,92566.0,92589.0,6.3975
1768808280000,92589.0,92591.0,92588.0,92591.0,0.039
1768808340000,92591.0,92614.0,92591.0,92610.0,0.2129
1768808400000,92610.0,92624.0,92610.0,92610.0,1.461
1768808460000,92610.0,92623.0,92610.0,92623.0,2.0184
1768808520000,92623.0,92638.0,92623.0,92627.0,1.5549
1768808580000,92627.0,92656.0,92627.0,92656.0,0.1198
1768808640000,92656.0,92675.0,92645.0,92672.0,0.2174
1768808700000,92672.0,92682.0,92668.0,92668.0,0.563
1768808760000,92668.0,92681.0,92644.0,92644.0,0.1872
1768808820000,92644.0,92646.0,92620.0,92620.0,0.2162
1768808880000,92620.0,92646.0,92616.0,92646.0,0.1189
1768808940000,92646.0,92676.0,92644.0,92672.0,3.2746
1768809000000,92672.0,92706.0,92672.0,92706.0,0.3931
1768809060000,92706.0,92737.0,92706.0,92737.0,1.8635
1768809120000,92737.0,92745.0,92736.0,92736.0,0.0215
1768809180000,92736.0,92747.0,92736.0,92747.0,0.0121
1768809240000,92747.0,92764.0,92745.0,92764.0,0.1661
1768809300000,92764.0,92764.0,92728.0,92737.0,0.7514
1768809360000,92737.0,92778.0,92733.0,92777.0,1.108
1768809420000,92777.0,92792.0,92777.0,92792.0,1.4805
1768809480000,92792.0,92819.0,92792.0,92813.0,1.7088
1768809540000,92813.0,92813.0,92780.0,92790.0,2.4192
1768809600000,92790.0,92795.0,92740.0,92744.0,9.0573
1768809660000,92744.0,92792.0,92744.0,92769.0,1.5436
1768809720000,92769.0,92781.0,92746.0,92746.0,0.3525
1768809780000,92746.0,92746.0,92654.0,92700.0,1.2212
1768809840000,92700.0,92742.0,92700.0,92711.0,0.4022
1768809900000,92711.0,92715.0,92680.0,92680.0,0.2773
1768809960000,92680.0,92714.0,92677.0,92714.0,0.2114
1768810020000,92714.0,92739.0,92705.0,92720.0,1.1089
1768810080000,92720.0,92746.0,92719.0,92746.0,0.2098
1768810140000,92746.0,92746.0,92722.0,92735.0,0.7756
1768810200000,92735.0,92745.0,92735.0,92745.0,0.1483
1768810260000,92745.0,92772.0,92742.0,92748.0,1.1803
1768810320000,92748.0,92757.0,92743.0,92747.0,0.0984
1768810380000,92747.0,92792.0,92747.0,92762.0,0.4885
1768810440000,92762.0,92762.0,92724.0,92726.0,0.4531
1768810500000,92726.0,92735.0,92705.0,92735.0,0.5382
1768810560000,92735.0,92776.0,92727.0,92776.0,1.2018
1768810620000,92776.0,92816.0,92776.0,92816.0,1.1142
1768810680000,92816.0,92879.0,92816.0,92878.0,0.5905
1768810740000,92878.0,92930.0,92878.0,92879.0,1.947
1768810800000,92879.0,93054.0,92874.0,93044.0,0.6559
1768810860000,93044.0,93123.0,92966.0,92973.0,6.4319
1768810920000,92973.0,93075.0,92963.0,93059.0,1.3821
1768810980000,93059.0,93184.0,93059.0,93155.0,8.7656
1768811040000,93155.0,93169.0,93115.0,93167.0,4.2613
1768811100000,93167.0,93167.0,93091.0,93091.0,0.3234
1768811160000,93091.0,93091.0,93020.0,93074.0,0.6613
1768811220000,93074.0,93109.0,93038.0,93068.0,3.5518
1768811280000,93068.0,93085.0,93041.0,93041.0,1.1306
1768811340000,93041.0,93041.0,92928.0,92928.0,4.6992
1768811400000,92928.0,92929.0,92848.0,92929.0,0.9875
1768811460000,92929.0,92929.0,92887.0,92929.0,0.1478
1768811520000,92929.0,92990.0,92929.0,92982.0,0.3846
1768811580000,92982.0,93101.0,92982.0,93101.0,2.6348
1768811640000,93101.0,93122.0,93074.0,93077.0,1.6581
1768811700000,93077.0,93109.0,93027.0,93109.0,6.6553
1768811760000,93109.0,93122.0,93063.0,93063.0,1.9939
1768811820000,93063.0,93111.0,93063.0,93111.0,0.5822
1768811880000,93111.0,93111.0,93070.0,93077.0,0.0266
1768811940000,93077.0,93077.0,93021.0,93021.0,0.2493
1768812000000,93021.0,93021.0,92979.0,92980.0,0.5663
1768812060000,92980.0,93041.0,92980.0,93041.0,0.3613
1768812120000,93041.0,93115.0,93041.0,93110.0,0.4825
1768812180000,93110.0,93116.0,93063.0,93063.0,0.281
1768812240000,93063.0,93121.0,93063.0,93106.0,0.2711
1768812300000,93106.0,93125.0,93094.0,93125.0,0.0473
1768812360000,93125.0,93152.0,93125.0,93152.0,0.6045
1768812420000,93152.0,93186.0,93152.0,93169.0,0.365
1768812480000,93169.0,93232.0,93144.0,93232.0,0.3319
1768812540000,93232.0,93232.0,93182.0,93204.0,0.3154
1768812600000,93204.0,93208.0,93174.0,93174.0,0.0239
1768812660000,93174.0,93211.0,93170.0,93183.0,2.7893
1768812720000,93183.0,93189.0,93155.0,93169.0,1.3831
1768812780000,93169.0,93208.0,93169.0,93200.0,0.2371
1768812840000,93200.0,93224.0,93187.0,93219.0,0.3151
1768812900000,93219.0,93304.0,93218.0,93301.0,3.3532
1768812960000,93301.0,93345.0,93222.0,93222.0,3.9683
1768813020000,93222.0,93276.0,93222.0,93262.0,0.1942
1768813080000,93262.0,93279.0,93246.0,93257.0,1.2506
1768813140000,93257.0,93257.0,93211.0,93211.0,1.6304
1768813200000,93211.0,93225.0,93157.0,93190.0,1.2186
1768813260000,93190.0,93204.0,93151.0,93189.0,1.3104
1768813320000,93189.0,93197.0,93127.0,93127.0,1.2428
1768813380000,93127.0,93146.0,93111.0,93134.0,1.6908
1768813440000,93134.0,93195.0,93133.0,93185.0,0.5591
1768813500000,93185.0,93185.0,93117.0,93148.0,1.3343
1768813560000,93148.0,93160.0,93144.0,93144.0,0.0857
1768813620000,93144.0,93144.0,93116.0,93132.0,0.1127
1768813680000,93132.0,93138.0,93125.0,93125.0,0.0156
1768813740000,93125.0,93143.0,93125.0,93130.0,0.0633
1768813800000,93130.0,93144.0,93091.0,93091.0,0.8724
1768813860000,93091.0,93111.0,93065.0,93065.0,0.3084
1768813920000,93065.0,93065.0,93015.0,93054.0,0.8082
1768813980000,93054.0,93065.0,93021.0,93021.0,0.0532
1768814040000,93021.0,93021.0,92956.0,92994.0,1.3999
1768814100000,92994.0,93053.0,92992.0,93053.0,0.4995
1768814160000,93053.0,93083.0,93046.0,93083.0,0.0641
1768814220000,93083.0,93111.0,93063.0,93063.0,0.1975
1768814280000,93063.0,93063.0,92979.0,93012.0,0.5771
1768814340000,93012.0,93012.0,92905.0,92931.0,1.3245
1768814400000,92931.0,92980.0,92931.0,92980.0,0.104
1768814460000,92980.0,93021.0,92980.0,93021.0,0.0723
1768814520000,93021.0,93051.0,93009.0,93049.0,3.8288
1768814580000,93049.0,93069.0,93036.0,93052.0,0.6218
1768814640000,93052.0,93052.0,93021.0,93040.0,0.3679
1768814700000,93040.0,93068.0,92998.0,92998.0,0.2633
1768814760000,92998.0,93029.0,92987.0,92992.0,2.3796
1768814820000,92992.0,93030.0,92992.0,93021.0,0.1955
1768814880000,93021.0,93041.0,93021.0,93036.0,0.096
1768814940000,93036.0,93036.0,93011.0,93026.0,0.1695
1768815000000,93026.0,93054.0,93024.0,93042.0,0.5262
1768815060000,93042.0,93042.0,93012.0,93012.0,0.1049
1768815120000,93012.0,93012.0,92987.0,93005.0,2.3459
1768815180000,93005.0,93040.0,93005.0,93019.0,0.3208
1768815240000,93019.0,93028.0,92994.0,92994.0,3.5334
1768815300000,92994.0,93015.0,92955.0,92970.0,0.5164
1768815360000,92970.0,92988.0,92952.0,92952.0,0.5411
1768815420000,92952.0,92967.0,92946.0,92967.0,0.2708
1768815480000,92967.0,92967.0,92952.0,92962.0,0.359
1768815540000,92962.0,92972.0,92962.0,92965.0,0.0171
1768815600000,92965.0,92965.0,92936.0,92949.0,0.0621
1768815660000,92949.0,92949.0,92910.0,92930.0,0.2758
1768815720000,92930.0,92986.0,92930.0,92986.0,0.6065
1768815780000,92986.0,92988.0,92906.0,92906.0,0.6515
1768815840000,92906.0,92935.0,92906.0,92921.0,0.6523
1768815900000,92921.0,92947.0,92921.0,92947.0,0.0295
1768815960000,92947.0,93009.0,92947.0,93004.0,2.1272
1768816020000,93004.0,93006.0,92996.0,92997.0,0.0453
1768816080000,92997.0,93027.0,92997.0,93027.0,0.0885
1768816140000,93027.0,93045.0,93019.0,93045.0,1.026
1768816200000,93045.0,93045.0,93029.0,93033.0,0.0294
1768816260000,93033.0,93052.0,93012.0,93041.0,0.2938
1768816320000,93041.0,93041.0,93004.0,93015.0,0.206
1768816380000,93015.0,93016.0,92966.0,92969.0,2.3951
1768816440000,92969.0,92988.0,92966.0,92978.0,0.5085
1768816500000,92978.0,93001.0,92978.0,92985.0,0.5811
1768816560000,92985.0,93002.0,92972.0,92981.0,0.3753
1768816620000,92981.0,92986.0,92975.0,92978.0,0.0416
1768816680000,92978.0,93006.0,92962.0,92994.0,0.2755
1768816740000,92994.0,93009.0,92994.0,93009.0,0.0023
1768816800000,93009.0,93009.0,92963.0,92963.0,0.2723
1768816860000,92963.0,92963.0,92952.0,92952.0,0.1216
1768816920000,92952.0,92952.0,92918.0,92918.0,0.6914
1768816980000,92918.0,92930.0,92916.0,92922.0,0.0124
1768817040000,92922.0,92939.0,92922.0,92922.0,0.0223
1768817100000,92922.0,92943.0,92918.0,92921.0,0.5505
1768817160000,92921.0,92924.0,92835.0,92841.0,0.6192
1768817220000,92841.0,92906.0,92841.0,92906.0,0.0907
1768817280000,92906.0,92910.0,92862.0,92864.0,1.7723
1768817340000,92864.0,92864.0,92841.0,92842.0,0.273
1768817400000,92842.0,92870.0,92842.0,92867.0,1.2626
1768817460000,92867.0,92894.0,92867.0,92894.0,16.3014
1768817520000,92894.0,92903.0,92892.0,92896.0,0.1855
1768817580000,92896.0,92928.0,92896.0,92928.0,0.4637
1768817640000,92928.0,92939.0,92923.0,92929.0,0.193
1768817700000,92929.0,92959.0,92929.0,92959.0,0.0223
1768817760000,92959.0,92984.0,92959.0,92973.0,0.0914
1768817820000,92973.0,92987.0,92970.0,92970.0,0.0791
1768817880000,92970.0,92994.0,92970.0,92971.0,0.2147
1768817940000,92971.0,92990.0,92969.0,92990.0,0.042
1768818000000,92990.0,92993.0,92966.0,92966.0,0.2891
1768818060000,92966.0,92996.0,92966.0,92996.0,0.5977
1768818120000,92996.0,93040.0,92996.0,93019.0,0.7314
1768818180000,93019.0,93027.0,93014.0,93015.0,0.213
1768818240000,93015.0,93036.0,93013.0,93019.0,0.2457
1768818300000,93019.0,93022.0,93019.0,93022.0,0.0011
1768818360000,93022.0,93022.0,92955.0,92955.0,0.6033
1768818420000,92955.0,92968.0,92955.0,92968.0,0.0503
1768818480000,92968.0,92980.0,92964.0,92964.0,0.0256
1768818540000,92964.0,92975.0,92957.0,92960.0,0.0111
1768818600000,92960.0,92963.0,92949.0,92949.0,0.0243
1768818660000,92949.0,92949.0,92930.0,92944.0,0.2413
1768818720000,92944.0,92963.0,92944.0,92963.0,0.0221
1768818780000,92963.0,92963.0,92909.0,92909.0,0.3268
1768818840000,92909.0,92942.0,92909.0,92938.0,0.1698
1768818900000,92938.0,92938.0,92890.0,92890.0,0.0779
1768818960000,92890.0,92932.0,92890.0,92932.0,0.3487
1768819020000,92932.0,92972.0,92932.0,92947.0,0.1138
1768819080000,92947.0,92955.0,92930.0,92933.0,0.049
1768819140000,92933.0,92947.0,92928.0,92947.0,0.0977
1768819200000,92947.0,92951.0,92947.0,92948.0,0.026
1768819260000,92948.0,92970.0,92948.0,92970.0,0.042
1768819320000,92970.0,92990.0,92956.0,92990.0,0.6981
1768819380000,92990.0,93000.0,92985.0,92985.0,0.1753
1768819440000,92985.0,92993.0,92968.0,92968.0,0.1715
1768819500000,92968.0,92990.0,92968.0,92971.0,0.3067
1768819560000,92971.0,93002.0,92971.0,93002.0,0.1754
1768819620000,93002.0,93002.0,92992.0,92992.0,0.0033
1768819680000,92992.0,93004.0,92966.0,92966.0,2.0322
1768819740000,92966.0,92966.0,92942.0,92942.0,1.7873
1768819800000,92942.0,92990.0,92942.0,92990.0,0.2448
1768819860000,92990.0,93015.0,92990.0,93015.0,0.0389
1768819920000,93015.0,93022.0,93014.0,93021.0,0.0131
1768819980000,93021.0,93038.0,93021.0,93024.0,0.3721
1768820040000,93024.0,93025.0,93021.0,93021.0,2.0151
1768820100000,93021.0,93032.0,93015.0,93015.0,0.0037
1768820160000,93015.0,93028.0,93012.0,93028.0,0.0015
1768820220000,93028.0,93032.0,93028.0,93029.0,0.0054
1768820280000,93029.0,93033.0,93017.0,93019.0,0.0695
1768820340000,93019.0,93029.0,93018.0,93029.0,0.0044
1768820400000,93029.0,93040.0,93018.0,93018.0,0.0057
1768820460000,93018.0,93018.0,92986.0,93004.0,0.0486
1768820520000,93004.0,93004.0,92962.0,92970.0,1.6002
1768820580000,92970.0,92978.0,92932.0,92949.0,0.0679
1768820640000,92949.0,92950.0,92949.0,92950.0,0.0003
1768820700000,92950.0,92967.0,92949.0,92949.0,1.9969
1768820760000,92949.0,92981.0,92949.0,92981.0,0.0432
1768820820000,92981.0,92988.0,92969.0,92986.0,0.5845
1768820880000,92986.0,92986.0,92968.0,92981.0,0.0147
1768820940000,92981.0,92981.0,92973.0,92976.0,0.228
1768821000000,92976.0,93002.0,92976.0,92991.0,0.1361
1768821060000,92991.0,92992.0,92953.0,92953.0,0.2203
1768821120000,92953.0,92961.0,92953.0,92961.0,0.0164
1768821180000,92961.0,92967.0,92952.0,92967.0,0.0019
1768821240000,92967.0,92970.0,92967.0,92970.0,0.0946
1768821300000,92970.0,93008.0,92968.0,93006.0,1.6933
1768821360000,93006.0,93014.0,92992.0,93014.0,0.1205
1768821420000,93014.0,93057.0,93012.0,93057.0,3.6416
1768821480000,93057.0,93058.0,93043.0,93043.0,0.0133
1768821540000,93043.0,93043.0,92967.0,92967.0,1.1979
1768821600000,92967.0,92993.0,92967.0,92992.0,0.2723
1768821660000,92992.0,93041.0,92979.0,93041.0,0.8523
1768821720000,93041.0,93100.0,93041.0,93073.0,17.5278
1768821780000,93073.0,93092.0,93060.0,93073.0,0.3014
1768821840000,93073.0,93080.0,93060.0,93079.0,0.0061
1768821900000,93079.0,93095.0,93079.0,93084.0,0.0587
1768821960000,93084.0,93085.0,93073.0,93082.0,0.2668
1768822020000,93082.0,93127.0,93068.0,93110.0,0.1003
1768822080000,93110.0,93122.0,93059.0,93078.0,0.1233
1768822140000,93078.0,93086.0,93075.0,93086.0,0.0017
1768822200000,93086.0,93103.0,93086.0,93103.0,0.0395
1768822260000,93103.0,93107.0,93062.0,93062.0,0.1862
1768822320000,93062.0,93111.0,93062.0,93103.0,0.0714
1768822380000,93103.0,93103.0,93088.0,93088.0,0.4041
1768822440000,93088.0,93088.0,93060.0,93060.0,0.615
1768822500000,93060.0,93115.0,93060.0,93115.0,0.0403
1768822560000,93115.0,93127.0,93113.0,93127.0,0.2272
1768822620000,93127.0,93166.0,93127.0,93166.0,0.233
1768822680000,93166.0,93183.0,93166.0,93183.0,0.0273
1768822740000,93183.0,93230.0,93183.0,93230.0,0.4802
1768822800000,93230.0,93255.0,93230.0,93237.0,1.4997
1768822860000,93237.0,93240.0,93207.0,93207.0,0.723
1768822920000,93207.0,93207.0,93194.0,93194.0,0.0339
1768822980000,93194.0,93195.0,93189.0,93189.0,0.0448
1768823040000,93189.0,93212.0,93189.0,93212.0,1.1769
1768823100000,93212.0,93258.0,93201.0,93257.0,1.2917
1768823160000,93257.0,93293.0,93214.0,93231.0,0.591
1768823220000,93231.0,93231.0,93209.0,93226.0,0.048
1768823280000,93226.0,93226.0,93179.0,93191.0,0.1248
1768823340000,93191.0,93191.0,93166.0,93179.0,0.0888
1768823400000,93179.0,93187.0,93164.0,93171.0,0.0379
1768823460000,93171.0,93171.0,93141.0,93154.0,0.3407
1768823520000,93154.0,93158.0,93142.0,93152.0,0.0027
1768823580000,93152.0,93157.0,93134.0,93146.0,0.1023
1768823640000,93146.0,93157.0,93132.0,93152.0,0.0503
1768823700000,93152.0,93157.0,93142.0,93157.0,0.2417
1768823760000,93157.0,93160.0,93150.0,93154.0,0.0903
1768823820000,93154.0,93166.0,93143.0,93166.0,0.0022
1768823880000,93166.0,93170.0,93150.0,93159.0,2.9918
1768823940000,93159.0,93159.0,93132.0,93132.0,3.038
1768824000000,93132.0,93154.0,93112.0,93113.0,0.419
1768824060000,93113.0,93130.0,93044.0,93044.0,4.2708
1768824120000,93044.0,93095.0,93042.0,93042.0,4.3166
1768824180000,93042.0,93043.0,93009.0,93043.0,0.4003
1768824240000,93043.0,93043.0,92999.0,92999.0,1.2067
1768824300000,92999.0,93023.0,92999.0,93013.0,3.5174
1768824360000,93013.0,93046.0,93013.0,93041.0,0.0416
1768824420000,93041.0,93069.0,93041.0,93069.0,0.0513
1768824480000,93069.0,93076.0,93058.0,93058.0,0.0521
1768824540000,93058.0,93074.0,93058.0,93070.0,0.0077
1768824600000,93070.0,93109.0,93070.0,93070.0,1.0723
1768824660000,93070.0,93070.0,93023.0,93030.0,0.6441
1768824720000,93030.0,93030.0,92975.0,93000.0,1.6662
1768824780000,93000.0,93016.0,92996.0,93011.0,0.0682
1768824840000,93011.0,93015.0,92998.0,92998.0,0.1479
1768824900000,92998.0,93020.0,92998.0,93009.0,0.151
1768824960000,93009.0,93047.0,93009.0,93042.0,0.0807
1768825020000,93042.0,93092.0,93041.0,93092.0,0.1979
1768825080000,93092.0,93107.0,93092.0,93107.0,0.0334
1768825140000,93107.0,93107.0,93070.0,93075.0,0.0502
1768825200000,93075.0,93082.0,93073.0,93082.0,0.1164
1768825260000,93082.0,93101.0,93082.0,93097.0,0.449
1768825320000,93097.0,93097.0,93048.0,93066.0,0.2283
1768825380000,93066.0,93083.0,93066.0,93083.0,0.0423
1768825440000,93083.0,93088.0,93060.0,93060.0,0.1543
1768825500000,93060.0,93076.0,93060.0,93062.0,0.0032
1768825560000,93062.0,93062.0,93045.0,93045.0,0.0748
1768825620000,93045.0,93045.0,92944.0,92978.0,6.668
1768825680000,92978.0,93021.0,92978.0,92996.0,0.5028
1768825740000,92996.0,93009.0,92957.0,92964.0,0.7172
1768825800000,92964.0,93081.0,92964.0,93081.0,13.2022
1768825860000,93081.0,93104.0,93081.0,93101.0,0.1039
1768825920000,93101.0,93132.0,93101.0,93113.0,0.436
1768825980000,93113.0,93135.0,93079.0,93135.0,0.1326
1768826040000,93135.0,93169.0,93135.0,93149.0,0.4173
1768826100000,93149.0,93189.0,93149.0,93150.0,0.2787
1768826160000,93150.0,93176.0,93147.0,93156.0,0.3813
1768826220000,93156.0,93175.0,93156.0,93168.0,0.004
1768826280000,93168.0,93171.0,93136.0,93136.0,0.6674
1768826340000,93136.0,93176.0,93136.0,93161.0,0.2948
1768826400000,93161.0,93167.0,93161.0,93166.0,0.006
1768826460000,93166.0,93200.0,93166.0,93179.0,0.4811
1768826520000,93179.0,93179.0,93128.0,93162.0,4.0906
1768826580000,93162.0,93162.0,93141.0,93141.0,0.3736
1768826640000,93141.0,93141.0,93102.0,93117.0,1.4693
1768826700000,93117.0,93144.0,93099.0,93144.0,0.6601
1768826760000,93144.0,93156.0,93129.0,93156.0,0.0097
1768826820000,93156.0,93156.0,93123.0,93124.0,0.0684
1768826880000,93124.0,93124.0,93045.0,93045.0,0.5699
1768826940000,93045.0,93048.0,93024.0,93024.0,0.642
1768827000000,93024.0,93061.0,93024.0,93061.0,0.0947
1768827060000,93061.0,93065.0,93047.0,93047.0,0.0171
1768827120000,93047.0,93047.0,93003.0,93021.0,0.097
1768827180000,93021.0,93039.0,93016.0,93016.0,0.571
1768827240000,93016.0,93043.0,93010.0,93042.0,1.867
1768827300000,93042.0,93042.0,93008.0,93008.0,0.0429
1768827360000,93008.0,93008.0,92984.0,92985.0,0.8469
1768827420000,92985.0,93036.0,92985.0,93036.0,0.0488
1768827480000,93036.0,93036.0,93007.0,93011.0,0.3345
1768827540000,93011.0,93040.0,93011.0,93036.0,0.4369
1768827600000,93036.0,93036.0,93004.0,93007.0,0.0318
1768827660000,93007.0,93007.0,93005.0,93005.0,0.5022
1768827720000,93005.0,93005.0,92977.0,92977.0,0.0392
1768827780000,92977.0,92986.0,92977.0,92977.0,0.0276
1768827840000,92977.0,92981.0,92955.0,92955.0,0.3206
1768827900000,92955.0,92959.0,92929.0,92931.0,2.2835
1768827960000,92931.0,92936.0,92927.0,92927.0,0.3743
1768828020000,92927.0,92961.0,92927.0,92961.0,0.2253
1768828080000,92961.0,92996.0,92961.0,92972.0,0.1366
1768828140000,92972.0,92984.0,92962.0,92970.0,0.065
1768828200000,92970.0,93004.0,92970.0,92980.0,1.2271
1768828260000,92980.0,92980.0,92967.0,92973.0,0.0531
1768828320000,92973.0,93022.0,92973.0,93011.0,6.1989
1768828380000,93011.0,93011.0,92992.0,92992.0,0.0751
1768828440000,92992.0,92992.0,92930.0,92948.0,13.3238
1768828500000,92948.0,92981.0,92948.0,92981.0,1.7327
1768828560000,92981.0,92981.0,92916.0,92916.0,0.1044
1768828620000,92916.0,92928.0,92911.0,92920.0,0.2651
1768828680000,92920.0,92970.0,92920.0,92939.0,0.3881
1768828740000,92939.0,92939.0,92901.0,92901.0,0.1134
1768828800000,92901.0,92918.0,92859.0,92886.0,0.7293
1768828860000,92886.0,92886.0,92843.0,92871.0,0.244
1768828920000,92871.0,92871.0,92740.0,92855.0,3.9206
1768828980000,92855.0,92897.0,92853.0,92865.0,0.3155
1768829040000,92865.0,92936.0,92834.0,92910.0,2.8158
1768829100000,92910.0,92956.0,92910.0,92946.0,0.4065
1768829160000,92946.0,92947.0,92917.0,92921.0,0.1888
1768829220000,92921.0,92924.0,92908.0,92908.0,0.0567
1768829280000,92908.0,92920.0,92908.0,92918.0,0.0027
1768829340000,92918.0,92926.0,92899.0,92899.0,0.4206
1768829400000,92899.0,92928.0,92899.0,92926.0,0.1345
1768829460000,92926.0,93008.0,92926.0,92966.0,36.4935
1768829520000,92966.0,92999.0,92966.0,92979.0,0.2166
1768829580000,92979.0,92997.0,92979.0,92994.0,0.0067
1768829640000,92994.0,92998.0,92988.0,92988.0,0.0226
1768829700000,92988.0,93002.0,92955.0,92955.0,0.5921
1768829760000,92955.0,92974.0,92955.0,92973.0,0.4658
1768829820000,92973.0,92993.0,92959.0,92993.0,0.1645
1768829880000,92993.0,93013.0,92993.0,93012.0,0.4551
1768829940000,93012.0,93024.0,93012.0,93024.0,0.2821
1768830000000,93024.0,93115.0,93024.0,93115.0,1.1708
1768830060000,93115.0,93115.0,93080.0,93086.0,0.0552
1768830120000,93086.0,93094.0,93086.0,93093.0,0.1135
1768830180000,93093.0,93093.0,93060.0,93060.0,0.4546
1768830240000,93060.0,93060.0,93033.0,93033.0,0.0611
1768830300000,93033.0,93079.0,93032.0,93079.0,0.2432
1768830360000,93079.0,93095.0,93079.0,93081.0,0.1711
1768830420000,93081.0,93081.0,93007.0,93030.0,10.1518
1768830480000,93030.0,93033.0,93006.0,93027.0,14.0161
1768830540000,93027.0,93027.0,92992.0,92992.0,0.1169
1768830600000,92992.0,93044.0,92992.0,93004.0,35.3329
1768830660000,93004.0,93013.0,92990.0,93013.0,0.2944
1768830720000,93013.0,93013.0,92992.0,93009.0,0.1231
1768830780000,93009.0,93009.0,92992.0,92992.0,0.0055
1768830840000,92992.0,92996.0,92985.0,92985.0,0.076
1768830900000,92985.0,92994.0,92985.0,92990.0,0.0044
1768830960000,92990.0,92991.0,92990.0,92991.0,0.0005
1768831020000,92991.0,92992.0,92964.0,92964.0,0.439
1768831080000,92964.0,93675.0,92279.0,92975.0,9.4386
1768831140000,92975.0,92988.0,92974.0,92988.0,0.0308
1768831200000,92988.0,92999.0,92967.0,92977.0,0.4092
1768831260000,92977.0,92998.0,92977.0,92979.0,0.0771
1768831320000,92979.0,92985.0,92930.0,92985.0,0.7922
1768831380000,92985.0,92985.0,92933.0,92933.0,0.2397
1768831440000,92933.0,92944.0,92930.0,92932.0,0.0953
1768831500000,92932.0,92944.0,92919.0,92919.0,0.2922
1768831560000,92919.0,92921.0,92827.0,92839.0,0.6134
1768831620000,92839.0,92876.0,92826.0,92838.0,0.5978
1768831680000,92838.0,92863.0,92838.0,92847.0,0.3297
1768831740000,92847.0,92847.0,92764.0,92829.0,2.1511
1768831800000,92829.0,92857.0,92818.0,92849.0,0.3778
1768831860000,92849.0,92849.0,92811.0,92825.0,3.3272
1768831920000,92825.0,92838.0,92818.0,92826.0,0.427
1768831980000,92826.0,92839.0,92818.0,92839.0,0.1215
1768832040000,92839.0,92849.0,92838.0,92838.0,0.0514
1768832100000,92838.0,92839.0,92815.0,92822.0,1.0682
1768832160000,92822.0,92845.0,92822.0,92838.0,0.1572
1768832220000,92838.0,92846.0,92806.0,92824.0,0.0821
1768832280000,92824.0,92866.0,92824.0,92855.0,0.4373
1768832340000,92855.0,92874.0,92854.0,92870.0,1.3053
1768832400000,92870.0,92933.0,92870.0,92922.0,34.6019
1768832460000,92922.0,92946.0,92911.0,92911.0,0.4849
1768832520000,92911.0,92954.0,92911.0,92939.0,2.5051
1768832580000,92939.0,92939.0,92895.0,92895.0,1.939
1768832640000,92895.0,92904.0,92813.0,92837.0,20.2043
1768832700000,92837.0,92837.0,92750.0,92775.0,15.1381
1768832760000,92775.0,92800.0,92751.0,92787.0,4.316
1768832820000,92787.0,92824.0,92786.0,92808.0,6.3425
1768832880000,92808.0,92865.0,92808.0,92839.0,39.4327
1768832940000,92839.0,92839.0,92819.0,92828.0,0.694
1768833000000,92828.0,92862.0,92827.0,92862.0,0.7067
1768833060000,92862.0,92928.0,92858.0,92895.0,3.2383
1768833120000,92895.0,92955.0,92877.0,92899.0,1.261
1768833180000,92899.0,92929.0,92861.0,92861.0,2.2459
1768833240000,92861.0,92905.0,92858.0,92885.0,0.4673
1768833300000,92885.0,92885.0,92819.0,92820.0,4.4151
1768833360000,92820.0,92827.0,92665.0,92729.0,16.2972
1768833420000,92729.0,92741.0,92671.0,92696.0,2.6353
1768833480000,92696.0,92731.0,92694.0,92694.0,0.303
1768833540000,92694.0,92727.0,92688.0,92727.0,0.2463
1768833600000,92727.0,92772.0,92727.0,92767.0,0.8397
1768833660000,92767.0,92771.0,92734.0,92757.0,1.6266
1768833720000,92757.0,92778.0,92757.0,92778.0,0.0696
1768833780000,92778.0,92806.0,92777.0,92777.0,0.5981
1768833840000,92777.0,92777.0,92763.0,92765.0,0.1407
1768833900000,92765.0,92765.0,92712.0,92718.0,1.7835
1768833960000,92718.0,92760.0,92718.0,92760.0,0.5464
1768834020000,92760.0,92807.0,92759.0,92807.0,2.3517
1768834080000,92807.0,92841.0,92798.0,92826.0,10.617
1768834140000,92826.0,92858.0,92816.0,92837.0,4.8389
1768834200000,92837.0,92876.0,92834.0,92866.0,0.5426
1768834260000,92866.0,92866.0,92836.0,92848.0,0.0257
1768834320000,92848.0,92848.0,92760.0,92760.0,0.4631
1768834380000,92760.0,92805.0,92760.0,92794.0,0.3286
1768834440000,92794.0,92800.0,92788.0,92792.0,0.1446
1768834500000,92792.0,92792.0,92763.0,92763.0,0.0635
1768834560000,92763.0,92786.0,92743.0,92782.0,0.1435
1768834620000,92782.0,92793.0,92782.0,92793.0,0.0056
1768834680000,92793.0,92798.0,92779.0,92791.0,0.0855
1768834740000,92791.0,92791.0,92773.0,92773.0,0.2029
1768834800000,92773.0,92842.0,92773.0,92842.0,0.8709
1768834860000,92842.0,92850.0,92835.0,92849.0,0.4096
1768834920000,92849.0,92911.0,92849.0,92911.0,1.9628
1768834980000,92911.0,92958.0,92897.0,92958.0,0.6867
1768835040000,92958.0,92958.0,92903.0,92916.0,0.3609
1768835100000,92916.0,92926.0,92877.0,92880.0,0.079
1768835160000,92880.0,92938.0,92880.0,92918.0,0.5348
1768835220000,92918.0,92960.0,92890.0,92947.0,0.9564
1768835280000,92947.0,92966.0,92936.0,92953.0,0.1853
1768835340000,92953.0,92959.0,92921.0,92958.0,1.4274
1768835400000,92958.0,93013.0,92952.0,92970.0,4.7391
1768835460000,92970.0,92970.0,92951.0,92958.0,0.2786
1768835520000,92958.0,93000.0,92936.0,92960.0,0.8156
1768835580000,92960.0,92960.0,92899.0,92927.0,11.3713
1768835640000,92927.0,92995.0,92927.0,92995.0,0.3318
1768835700000,92995.0,93017.0,92971.0,93011.0,10.2449
1768835760000,93011.0,93011.0,92945.0,92982.0,0.4229
1768835820000,92982.0,92982.0,92904.0,92904.0,0.194
1768835880000,92904.0,92940.0,92904.0,92924.0,0.1558
1768835940000,92924.0,92973.0,92924.0,92973.0,0.0941
1768836000000,92973.0,92996.0,92960.0,92960.0,0.3444
1768836060000,92960.0,92960.0,92934.0,92951.0,0.2151
1768836120000,92951.0,92970.0,92928.0,92962.0,0.153
1768836180000,92962.0,92967.0,92949.0,92949.0,1.4057
1768836240000,92949.0,92958.0,92949.0,92957.0,0.1872
1768836300000,92957.0,92985.0,92957.0,92985.0,0.1508
1768836360000,92985.0,92996.0,92985.0,92996.0,0.0214
1768836420000,92996.0,93020.0,92996.0,93011.0,0.0849
1768836480000,93011.0,93011.0,92950.0,92950.0,0.1345
1768836540000,92950.0,92950.0,92847.0,92889.0,1.8262
1768836600000,92889.0,92920.0,92889.0,92894.0,0.2749
1768836660000,92894.0,92899.0,92887.0,92899.0,0.0399
1768836720000,92899.0,92900.0,92883.0,92900.0,0.1025
1768836780000,92900.0,92992.0,92900.0,92992.0,0.48
1768836840000,92992.0,93015.0,92992.0,93002.0,0.3259
1768836900000,93002.0,93015.0,92961.0,92961.0,0.0889
1768836960000,92961.0,92978.0,92961.0,92976.0,0.0697
1768837020000,92976.0,92981.0,92903.0,92903.0,8.3737
1768837080000,92903.0,92927.0,92879.0,92921.0,0.1773
1768837140000,92921.0,92929.0,92911.0,92928.0,0.0547
1768837200000,92928.0,92964.0,92928.0,92941.0,2.2849
1768837260000,92941.0,92978.0,92941.0,92955.0,0.4894
1768837320000,92955.0,92971.0,92955.0,92971.0,0.0002
1768837380000,92971.0,92971.0,92966.0,92966.0,0.027
1768837440000,92966.0,92966.0,92944.0,92944.0,0.1124
1768837500000,92944.0,92962.0,92944.0,92959.0,0.081
1768837560000,92959.0,92959.0,92940.0,92948.0,0.1784
1768837620000,92948.0,92949.0,92936.0,92949.0,0.0483
1768837680000,92949.0,92992.0,92949.0,92992.0,1.0681
1768837740000,92992.0,92997.0,92954.0,92967.0,0.7083
1768837800000,92967.0,92967.0,92939.0,92939.0,0.0592
1768837860000,92939.0,92967.0,92939.0,92967.0,0.0677
1768837920000,92967.0,92989.0,92967.0,92989.0,0.0587
1768837980000,92989.0,92991.0,92979.0,92991.0,0.0843
1768838040000,92991.0,93029.0,92991.0,93012.0,0.5901
1768838100000,93012.0,93037.0,92985.0,93024.0,3.1252
1768838160000,93024.0,93036.0,93011.0,93013.0,0.8744
1768838220000,93013.0,93018.0,93011.0,93015.0,0.1375
1768838280000,93015.0,93044.0,93009.0,93044.0,0.4471
1768838340000,93044.0,93044.0,93023.0,93023.0,0.0695
1768838400000,93023.0,93048.0,93005.0,93048.0,1.6317
1768838460000,93048.0,93048.0,93013.0,93025.0,0.8961
1768838520000,93025.0,93063.0,93021.0,93045.0,0.5492
1768838580000,93045.0,93106.0,93041.0,93068.0,0.7547
1768838640000,93068.0,93091.0,93068.0,93084.0,0.3143
1768838700000,93084.0,93109.0,93070.0,93070.0,0.5657
1768838760000,93070.0,93082.0,93056.0,93082.0,0.2365
1768838820000,93082.0,93082.0,93037.0,93037.0,0.0504
1768838880000,93037.0,93040.0,93014.0,93014.0,0.1015
1768838940000,93014.0,93024.0,92980.0,93011.0,0.7394
1768839000000,93011.0,93015.0,92996.0,93015.0,0.0283
1768839060000,93015.0,93023.0,93013.0,93013.0,0.1029
1768839120000,93013.0,93022.0,92994.0,93022.0,0.1914
1768839180000,93022.0,93035.0,93018.0,93035.0,0.34
1768839240000,93035.0,93035.0,92997.0,93021.0,1.3952
1768839300000,93021.0,93021.0,92959.0,92959.0,0.0852
1768839360000,92959.0,93012.0,92959.0,93012.0,0.4665
1768839420000,93012.0,93032.0,93012.0,93014.0,0.0635
1768839480000,93014.0,93028.0,93014.0,93028.0,0.0012
1768839540000,93028.0,93072.0,93028.0,93047.0,0.0861
1768839600000,93047.0,93061.0,93023.0,93048.0,0.2945
1768839660000,93048.0,93096.0,93048.0,93096.0,0.7593
1768839720000,93096.0,93113.0,93082.0,93082.0,0.1786
1768839780000,93082.0,93095.0,93065.0,93095.0,0.4883
1768839840000,93095.0,93103.0,93077.0,93103.0,0.4471
1768839900000,93103.0,93103.0,93100.0,93100.0,0.0257
1768839960000,93100.0,93117.0,93087.0,93087.0,0.5377
1768840020000,93087.0,93155.0,93087.0,93142.0,4.436
1768840080000,93142.0,93142.0,93123.0,93133.0,0.3244
1768840140000,93133.0,93146.0,93133.0,93146.0,0.3793
1768840200000,93146.0,93159.0,93130.0,93159.0,0.2771
1768840260000,93159.0,93183.0,93132.0,93183.0,0.5069
1768840320000,93183.0,93210.0,93182.0,93182.0,0.9391
1768840380000,93182.0,93182.0,93159.0,93180.0,0.196
1768840440000,93180.0,93203.0,93180.0,93203.0,0.0421
1768840500000,93203.0,93207.0,93171.0,93207.0,0.3382
1768840560000,93207.0,93207.0,93155.0,93186.0,0.2643
1768840620000,93186.0,93196.0,93186.0,93196.0,0.0393
1768840680000,93196.0,93209.0,93193.0,93209.0,0.0205
1768840740000,93209.0,93209.0,93184.0,93190.0,0.0241
1768840800000,93190.0,93190.0,93144.0,93144.0,0.0452
1768840860000,93144.0,93158.0,93134.0,93158.0,0.0366
1768840920000,93158.0,93158.0,93123.0,93123.0,0.0323
1768840980000,93123.0,93153.0,93123.0,93153.0,0.1271
1768841040000,93153.0,93163.0,93153.0,93163.0,0.0206
1768841100000,93163.0,93196.0,93163.0,93190.0,0.0501
1768841160000,93190.0,93200.0,93190.0,93200.0,0.0214
1768841220000,93200.0,93202.0,93196.0,93202.0,0.0544
1768841280000,93202.0,93202.0,93148.0,93148.0,0.1328
1768841340000,93148.0,93148.0,93117.0,93117.0,0.1981
1768841400000,93117.0,93123.0,93108.0,93123.0,0.0708
1768841460000,93123.0,93126.0,93123.0,93126.0,0.0199
1768841520000,93126.0,93159.0,93126.0,93159.0,0.042
1768841580000,93159.0,93192.0,93159.0,93192.0,0.0794
1768841640000,93192.0,93350.0,93192.0,93344.0,4.4446
1768841700000,93344.0,93344.0,93279.0,93309.0,2.4937
1768841760000,93309.0,93379.0,93309.0,93322.0,2.4017
1768841820000,93322.0,93322.0,93277.0,93277.0,0.7062
1768841880000,93277.0,93307.0,93277.0,93307.0,0.0239
1768841940000,93307.0,93312.0,93264.0,93270.0,0.8339
1768842000000,93270.0,93277.0,93250.0,93251.0,0.1609
1768842060000,93251.0,93264.0,93241.0,93260.0,0.1628
1768842120000,93260.0,93260.0,93156.0,93204.0,9.9069
1768842180000,93204.0,93204.0,93119.0,93119.0,0.1933
1768842240000,93119.0,93181.0,93111.0,93111.0,2.5623
1768842300000,93111.0,93174.0,93111.0,93174.0,0.6442
1768842360000,93174.0,93179.0,93170.0,93171.0,0.2365
1768842420000,93171.0,93230.0,93151.0,93230.0,0.8366
1768842480000,93230.0,93230.0,93215.0,93217.0,0.0556
1768842540000,93217.0,93243.0,93203.0,93232.0,0.6554
1768842600000,93232.0,93269.0,93232.0,93256.0,0.5598
1768842660000,93256.0,93276.0,93244.0,93276.0,0.0999
1768842720000,93276.0,93316.0,93276.0,93316.0,0.6997
1768842780000,93316.0,93360.0,93316.0,93333.0,9.5559
1768842840000,93333.0,93346.0,93306.0,93319.0,2.6346
1768842900000,93319.0,93335.0,93280.0,93335.0,0.8912
1768842960000,93335.0,93341.0,93316.0,93316.0,0.161
1768843020000,93316.0,93317.0,93292.0,93307.0,0.683
1768843080000,93307.0,93307.0,93307.0,93307.0,0.0
1768843140000,93307.0,93322.0,93302.0,93305.0,0.3326
1768843200000,93305.0,93308.0,93302.0,93308.0,0.3574
1768843260000,93308.0,93308.0,93284.0,93284.0,0.0215
1768843320000,93284.0,93292.0,93280.0,93292.0,0.2084
1768843380000,93292.0,93292.0,93269.0,93269.0,0.0577
1768843440000,93269.0,93291.0,93269.0,93291.0,0.0316
1768843500000,93291.0,93327.0,93291.0,93327.0,0.3764
1768843560000,93327.0,93355.0,93311.0,93338.0,9.1415
1768843620000,93338.0,93338.0,93301.0,93301.0,0.0816
1768843680000,93301.0,93301.0,93242.0,93242.0,0.3845
1768843740000,93242.0,93281.0,93241.0,93281.0,0.1419
1768843800000,93281.0,93281.0,93202.0,93202.0,2.0608
1768843860000,93202.0,93202.0,93123.0,93130.0,0.5051
1768843920000,93130.0,93178.0,93130.0,93178.0,0.749
1768843980000,93178.0,93190.0,93178.0,93190.0,0.0702
1768844040000,93190.0,93190.0,93139.0,93154.0,1.0037
1768844100000,93154.0,93154.0,93126.0,93128.0,0.089
1768844160000,93128.0,93168.0,93128.0,93168.0,0.0471
1768844220000,93168.0,93173.0,93168.0,93173.0,0.0514
1768844280000,93173.0,93173.0,93156.0,93156.0,0.0379
1768844340000,93156.0,93156.0,93125.0,93142.0,1.3008
1768844400000,93142.0,93153.0,93142.0,93153.0,0.4666
1768844460000,93153.0,93161.0,93136.0,93136.0,0.3102
1768844520000,93136.0,93136.0,93110.0,93110.0,0.0782
1768844580000,93110.0,93124.0,93108.0,93124.0,0.079
1768844640000,93124.0,93169.0,93124.0,93148.0,0.6837
1768844700000,93148.0,93148.0,93123.0,93135.0,0.2551
1768844760000,93135.0,93152.0,93128.0,93150.0,0.498
1768844820000,93150.0,93173.0,93150.0,93165.0,0.3492
1768844880000,93165.0,93168.0,93165.0,93168.0,13.2521
1768844940000,93168.0,93168.0,93149.0,93165.0,0.43
1768845000000,93165.0,93168.0,93157.0,93168.0,0.0016
1768845060000,93168.0,93189.0,93168.0,93189.0,2.343
1768845120000,93189.0,93199.0,93189.0,93193.0,0.2806
1768845180000,93193.0,93205.0,93182.0,93201.0,0.7265
1768845240000,93201.0,93202.0,93187.0,93187.0,0.1058
1768845300000,93187.0,93200.0,93181.0,93200.0,0.5697
1768845360000,93200.0,93200.0,93165.0,93177.0,0.328
1768845420000,93177.0,93177.0,93159.0,93174.0,0.0838
1768845480000,93174.0,93197.0,93174.0,93197.0,0.1409
1768845540000,93197.0,93199.0,93184.0,93194.0,0.5722
1768845600000,93194.0,93194.0,93186.0,93189.0,0.2869
1768845660000,93189.0,93217.0,93189.0,93213.0,0.1801
1768845720000,93213.0,93224.0,93184.0,93184.0,0.2241
1768845780000,93184.0,93184.0,93112.0,93144.0,20.6304
1768845840000,93144.0,93144.0,93088.0,93105.0,0.3634
1768845900000,93105.0,93105.0,93101.0,93101.0,0.0236
1768845960000,93101.0,93109.0,93087.0,93100.0,1.0642
1768846020000,93100.0,93100.0,93081.0,93081.0,0.0005
1768846080000,93081.0,93102.0,93065.0,93102.0,0.561
1768846140000,93102.0,93126.0,93102.0,93126.0,0.1017
1768846200000,93126.0,93162.0,93126.0,93145.0,0.4125
1768846260000,93145.0,93151.0,93140.0,93151.0,0.0585
1768846320000,93151.0,93151.0,93071.0,93071.0,0.2154
1768846380000,93071.0,93071.0,93055.0,93055.0,0.7
1768846440000,93055.0,93055.0,93055.0,93055.0,0.0
1768846500000,93055.0,93060.0,93040.0,93060.0,0.5495
1768846560000,93060.0,93060.0,93032.0,93032.0,0.5584
1768846620000,93032.0,93052.0,93032.0,93052.0,0.356
1768846680000,93052.0,93081.0,93034.0,93080.0,1.4287
1768846740000,93080.0,93092.0,93052.0,93061.0,0.4452
1768846800000,93061.0,93061.0,93040.0,93040.0,0.028
1768846860000,93040.0,93040.0,93038.0,93038.0,0.0005
1768846920000,93038.0,93038.0,93000.0,93000.0,0.0917
1768846980000,93000.0,93014.0,92963.0,93014.0,1.77
1768847040000,93014.0,93014.0,93001.0,93014.0,0.1024
1768847100000,93014.0,93014.0,92942.0,92968.0,20.1018
1768847160000,92968.0,92982.0,92940.0,92982.0,0.6544
1768847220000,92982.0,92982.0,92976.0,92976.0,0.0014
1768847280000,92976.0,92978.0,92916.0,92917.0,1.0954
1768847340000,92917.0,92938.0,92917.0,92937.0,0.3199
1768847400000,92937.0,92948.0,92928.0,92948.0,0.2869
1768847460000,92948.0,92948.0,92916.0,92916.0,0.0078
1768847520000,92916.0,92916.0,92867.0,92880.0,10.5372
1768847580000,92880.0,92910.0,92877.0,92877.0,0.7851
1768847640000,92877.0,92942.0,92877.0,92915.0,2.1239
1768847700000,92915.0,92930.0,92910.0,92910.0,0.5985
1768847760000,92910.0,92942.0,92902.0,92942.0,0.5789
1768847820000,92942.0,93008.0,92930.0,93008.0,6.8217
1768847880000,93008.0,93008.0,92990.0,92999.0,17.2603
1768847940000,92999.0,92999.0,92988.0,92988.0,0.5324
1768848000000,92988.0,92995.0,92988.0,92995.0,0.2823
1768848060000,92995.0,93040.0,92995.0,93040.0,2.083
1768848120000,93040.0,93079.0,93035.0,93079.0,3.3738
1768848180000,93079.0,93100.0,93073.0,93084.0,1.1085
1768848240000,93084.0,93087.0,93073.0,93073.0,0.0722
1768848300000,93073.0,93088.0,93065.0,93065.0,0.1535
1768848360000,93065.0,93085.0,93065.0,93085.0,0.0269
1768848420000,93085.0,93085.0,93000.0,93000.0,0.2353
1768848480000,93000.0,93026.0,93000.0,93026.0,0.5029
1768848540000,93026.0,93026.0,93002.0,93015.0,0.0055
1768848600000,93015.0,93015.0,92970.0,92992.0,0.3663
1768848660000,92992.0,93009.0,92992.0,92999.0,0.5351
1768848720000,92999.0,93004.0,92986.0,93002.0,0.2063
1768848780000,93002.0,93027.0,92997.0,93027.0,0.5563
1768848840000,93027.0,93030.0,93005.0,93030.0,0.1446
1768848900000,93030.0,93030.0,93016.0,93016.0,0.1265
1768848960000,93016.0,93016.0,93009.0,93009.0,0.0852
1768849020000,93009.0,93009.0,92987.0,92987.0,0.0525
1768849080000,92987.0,93011.0,92987.0,93011.0,0.3494
1768849140000,93011.0,93016.0,93011.0,93012.0,0.2231
1768849200000,93012.0,93044.0,92997.0,93044.0,0.5545
1768849260000,93044.0,93059.0,93031.0,93047.0,0.6716
1768849320000,93047.0,93057.0,93038.0,93055.0,0.1137
1768849380000,93055.0,93055.0,93037.0,93038.0,0.0479
1768849440000,93038.0,93038.0,92975.0,92982.0,0.2857
1768849500000,92982.0,93026.0,92978.0,92994.0,0.6828
1768849560000,92994.0,92994.0,92974.0,92983.0,0.1161
1768849620000,92983.0,93003.0,92983.0,93002.0,0.0086
1768849680000,93002.0,93013.0,93002.0,93003.0,0.1746
1768849740000,93003.0,93005.0,92983.0,93005.0,5.1441
1768849800000,93005.0,93007.0,92978.0,92978.0,0.1601
1768849860000,92978.0,92982.0,92932.0,92982.0,7.6122
1768849920000,92982.0,93005.0,92982.0,92993.0,0.3054
1768849980000,92993.0,93001.0,92993.0,93001.0,0.1305
1768850040000,93001.0,93050.0,92998.0,93045.0,2.2337
1768850100000,93045.0,93053.0,92997.0,92997.0,0.6896
1768850160000,92997.0,93085.0,92997.0,93065.0,1.0248
1768850220000,93065.0,93086.0,93065.0,93073.0,0.2238
1768850280000,93073.0,93103.0,93073.0,93088.0,0.8168
1768850340000,93088.0,93099.0,93077.0,93080.0,0.1849
1768850400000,93080.0,93080.0,93073.0,93079.0,0.0226
1768850460000,93079.0,93080.0,93053.0,93075.0,0.3803
1768850520000,93075.0,93076.0,93074.0,93074.0,0.0067
1768850580000,93074.0,93074.0,93049.0,93050.0,1.1641
1768850640000,93050.0,93054.0,93047.0,93051.0,0.0111
1768850700000,93051.0,93087.0,93051.0,93073.0,0.4171
1768850760000,93073.0,93073.0,93052.0,93052.0,0.0205
1768850820000,93052.0,93067.0,93040.0,93041.0,0.5942
1768850880000,93041.0,93042.0,93023.0,93042.0,0.0921
1768850940000,93042.0,93055.0,93025.0,93025.0,0.1504
1768851000000,93025.0,93036.0,93023.0,93035.0,0.2467
1768851060000,93035.0,93047.0,93026.0,93026.0,0.4361
1768851120000,93026.0,93026.0,92997.0,93020.0,0.1763
1768851180000,93020.0,93029.0,93014.0,93029.0,0.3876
1768851240000,93029.0,93075.0,93029.0,93075.0,0.3465
1768851300000,93075.0,93076.0,93065.0,93076.0,0.141
1768851360000,93076.0,93076.0,93069.0,93071.0,0.0577
1768851420000,93071.0,93071.0,93045.0,93045.0,0.1728
1768851480000,93045.0,93056.0,93045.0,93047.0,0.5109
1768851540000,93047.0,93053.0,93012.0,93012.0,0.0734
1768851600000,93012.0,93029.0,93012.0,93026.0,0.0725
1768851660000,93026.0,93051.0,93026.0,93051.0,0.4827
1768851720000,93051.0,93061.0,93044.0,93061.0,0.2612
1768851780000,93061.0,93087.0,93061.0,93082.0,0.2887
1768851840000,93082.0,93095.0,93082.0,93094.0,0.6451
1768851900000,93094.0,93123.0,93094.0,93113.0,0.2068
1768851960000,93113.0,93113.0,93077.0,93091.0,0.1699
1768852020000,93091.0,93091.0,93055.0,93055.0,0.3944
1768852080000,93055.0,93094.0,93053.0,93080.0,0.6832
1768852140000,93080.0,93093.0,93075.0,93079.0,0.0965
1768852200000,93079.0,93079.0,93043.0,93049.0,0.3226
1768852260000,93049.0,93053.0,93049.0,93053.0,0.0113
1768852320000,93053.0,93053.0,93043.0,93043.0,0.0005
1768852380000,93043.0,93057.0,93039.0,93057.0,0.1162
1768852440000,93057.0,93066.0,93052.0,93052.0,0.2651
1768852500000,93052.0,93066.0,93052.0,93064.0,0.117
1768852560000,93064.0,93064.0,93053.0,93053.0,0.0059
1768852620000,93053.0,93081.0,93053.0,93081.0,0.2645
1768852680000,93081.0,93082.0,93081.0,93082.0,0.0148
1768852740000,93082.0,93082.0,93059.0,93059.0,0.016
1768852800000,93059.0,93158.0,93059.0,93120.0,6.0231
1768852860000,93120.0,93141.0,93120.0,93141.0,0.0762
1768852920000,93141.0,93156.0,93117.0,93117.0,0.1053
1768852980000,93117.0,93121.0,93112.0,93119.0,0.0362
1768853040000,93119.0,93132.0,93119.0,93127.0,0.0853
1768853100000,93127.0,93131.0,93120.0,93131.0,0.1413
1768853160000,93131.0,93131.0,93114.0,93115.0,0.0951
1768853220000,93115.0,93130.0,93115.0,93129.0,0.1273
1768853280000,93129.0,93129.0,93111.0,93111.0,0.0212
1768853340000,93111.0,93113.0,93111.0,93113.0,0.0576
1768853400000,93113.0,93113.0,93113.0,93113.0,0.0858
1768853460000,93113.0,93175.0,93113.0,93169.0,1.0169
1768853520000,93169.0,93184.0,93123.0,93136.0,0.8616
1768853580000,93136.0,93136.0,93127.0,93127.0,0.0211
1768853640000,93127.0,93127.0,93127.0,93127.0,0.0
1768853700000,93127.0,93134.0,93116.0,93121.0,0.3172
1768853760000,93121.0,93193.0,93121.0,93191.0,0.2969
1768853820000,93191.0,93191.0,93167.0,93167.0,0.0196
1768853880000,93167.0,93186.0,93160.0,93176.0,0.5268
1768853940000,93176.0,93176.0,93167.0,93167.0,0.0436
1768854000000,93167.0,93181.0,93135.0,93154.0,0.2557
1768854060000,93154.0,93199.0,93154.0,93199.0,0.2868
1768854120000,93199.0,93199.0,93165.0,93165.0,0.058
1768854180000,93165.0,93165.0,93159.0,93159.0,0.0069
1768854240000,93159.0,93182.0,93159.0,93182.0,0.0368
1768854300000,93182.0,93186.0,93171.0,93186.0,0.0081
1768854360000,93186.0,93186.0,93181.0,93181.0,0.0292
1768854420000,93181.0,93217.0,93181.0,93212.0,0.4491
1768854480000,93212.0,93245.0,93212.0,93232.0,0.8806
1768854540000,93232.0,93232.0,93205.0,93205.0,0.078
1768854600000,93205.0,93220.0,93172.0,93172.0,0.1632
1768854660000,93172.0,93174.0,93135.0,93135.0,0.523
1768854720000,93135.0,93147.0,93132.0,93146.0,0.3349
1768854780000,93146.0,93150.0,93127.0,93149.0,0.0903
1768854840000,93149.0,93149.0,93135.0,93135.0,0.0477
1768854900000,93135.0,93135.0,93100.0,93110.0,0.1435
1768854960000,93110.0,93145.0,93110.0,93143.0,0.6311
1768855020000,93143.0,93173.0,93143.0,93164.0,0.924
1768855080000,93164.0,93169.0,93153.0,93169.0,0.0225
1768855140000,93169.0,93169.0,93140.0,93147.0,0.0634
1768855200000,93147.0,93151.0,93130.0,93151.0,0.099
1768855260000,93151.0,93151.0,93137.0,93139.0,0.0135
1768855320000,93139.0,93141.0,93138.0,93138.0,0.0191
1768855380000,93138.0,93138.0,93125.0,93125.0,0.0205
1768855440000,93125.0,93125.0,93097.0,93097.0,0.1311
1768855500000,93097.0,93111.0,93088.0,93099.0,0.4615
1768855560000,93099.0,93099.0,93050.0,93070.0,0.3467
1768855620000,93070.0,93099.0,93070.0,93099.0,0.1174
1768855680000,93099.0,93099.0,93091.0,93093.0,0.0075
1768855740000,93093.0,93093.0,93093.0,93093.0,0.0
1768855800000,93093.0,93101.0,93093.0,93101.0,0.0249
1768855860000,93101.0,93111.0,93093.0,93093.0,1.1824
1768855920000,93093.0,93094.0,93085.0,93085.0,0.0489
1768855980000,93085.0,93099.0,93062.0,93062.0,0.1916
1768856040000,93062.0,93078.0,93062.0,93078.0,0.0444
1768856100000,93078.0,93078.0,93062.0,93062.0,0.038
1768856160000,93062.0,93069.0,93062.0,93069.0,0.0127
1768856220000,93069.0,93086.0,93061.0,93086.0,0.0843
1768856280000,93086.0,93111.0,93080.0,93098.0,0.8646
1768856340000,93098.0,93107.0,93080.0,93106.0,0.2777
1768856400000,93106.0,93253.0,93106.0,93214.0,6.5938
1768856460000,93214.0,93217.0,93199.0,93217.0,0.0333
1768856520000,93217.0,93230.0,93208.0,93208.0,0.2509
1768856580000,93208.0,93208.0,93173.0,93196.0,0.0944
1768856640000,93196.0,93243.0,93196.0,93229.0,0.0949
1768856700000,93229.0,93230.0,93229.0,93230.0,0.001
1768856760000,93230.0,93300.0,93203.0,93300.0,27.8432
1768856820000,93300.0,93314.0,93190.0,93190.0,32.655
1768856880000,93190.0,93224.0,93188.0,93198.0,0.6544
1768856940000,93198.0,93199.0,93184.0,93184.0,0.0417
1768857000000,93184.0,93185.0,93182.0,93184.0,0.034
1768857060000,93184.0,93184.0,93148.0,93152.0,0.1179
1768857120000,93152.0,93180.0,93036.0,93049.0,1.333
1768857180000,93049.0,93073.0,93014.0,93049.0,1.0674
1768857240000,93049.0,93070.0,93040.0,93057.0,0.8591
1768857300000,93057.0,93076.0,93057.0,93059.0,0.1262
1768857360000,93059.0,93059.0,93038.0,93048.0,0.3546
1768857420000,93048.0,93048.0,92954.0,92990.0,1.5629
1768857480000,92990.0,93036.0,92990.0,93036.0,1.0962
1768857540000,93036.0,93036.0,93019.0,93019.0,0.0635
1768857600000,93019.0,93048.0,93005.0,93047.0,1.5688
1768857660000,93047.0,93047.0,93014.0,93037.0,0.377
1768857720000,93037.0,93040.0,93037.0,93040.0,0.0181
1768857780000,93040.0,93046.0,93037.0,93045.0,0.025
1768857840000,93045.0,93045.0,92996.0,92996.0,0.4421
1768857900000,92996.0,92996.0,92996.0,92996.0,0.0
1768857960000,92996.0,92996.0,92968.0,92981.0,0.2599
1768858020000,92981.0,92987.0,92981.0,92986.0,0.0198
1768858080000,92986.0,92986.0,92982.0,92986.0,0.1112
1768858140000,92986.0,92986.0,92978.0,92986.0,3.3807
1768858200000,92986.0,93034.0,92984.0,93011.0,14.6467
1768858260000,93011.0,93028.0,93011.0,93018.0,0.0393
1768858320000,93018.0,93023.0,93018.0,93019.0,0.1063
1768858380000,93019.0,93019.0,92992.0,93007.0,0.6481
1768858440000,93007.0,93007.0,92955.0,92955.0,1.0899
1768858500000,92955.0,92994.0,92955.0,92989.0,0.1791
1768858560000,92989.0,92994.0,92980.0,92980.0,0.0203
1768858620000,92980.0,93001.0,92980.0,93001.0,0.013
1768858680000,93001.0,93006.0,93001.0,93006.0,0.0257
1768858740000,93006.0,93007.0,92988.0,92988.0,0.0936
1768858800000,92988.0,93019.0,92982.0,93019.0,0.3722
1768858860000,93019.0,93020.0,93006.0,93008.0,0.5071
1768858920000,93008.0,93008.0,92999.0,93001.0,0.0379
1768858980000,93001.0,93027.0,93001.0,93027.0,0.3456
1768859040000,93027.0,93028.0,92986.0,92999.0,0.3821
1768859100000,92999.0,92999.0,92985.0,92985.0,0.0204
1768859160000,92985.0,93001.0,92985.0,93001.0,0.003
1768859220000,93001.0,93001.0,92985.0,92998.0,0.0461
1768859280000,92998.0,93011.0,92992.0,93006.0,0.4112
1768859340000,93006.0,93006.0,92965.0,92965.0,0.1303
1768859400000,92965.0,93005.0,92965.0,93005.0,0.3698
1768859460000,93005.0,93005.0,92955.0,92955.0,0.4616
1768859520000,92955.0,92966.0,92946.0,92946.0,0.7745
1768859580000,92946.0,92963.0,92946.0,92963.0,0.0504
1768859640000,92963.0,92974.0,92963.0,92974.0,0.0398
1768859700000,92974.0,92986.0,92974.0,92982.0,0.047
1768859760000,92982.0,92982.0,92982.0,92982.0,0.0
1768859820000,92982.0,92991.0,92978.0,92978.0,0.0337
1768859880000,92978.0,92978.0,92976.0,92978.0,0.0273
1768859940000,92978.0,92979.0,92962.0,92962.0,0.0784
1768860000000,92962.0,92977.0,92956.0,92977.0,0.3633
1768860060000,92977.0,92980.0,92963.0,92980.0,0.4412
1768860120000,92980.0,92998.0,92960.0,92960.0,0.8582
1768860180000,92960.0,92988.0,92960.0,92976.0,0.1939
1768860240000,92976.0,92991.0,92976.0,92991.0,1.2
1768860300000,92991.0,92998.0,92986.0,92986.0,0.2558
1768860360000,92986.0,92994.0,92901.0,92920.0,11.3224
1768860420000,92920.0,92920.0,92879.0,92895.0,5.1827
1768860480000,92895.0,92895.0,92880.0,92880.0,1.7366
1768860540000,92880.0,92893.0,92880.0,92890.0,1.0468
1768860600000,92890.0,92890.0,92880.0,92880.0,0.2153
1768860660000,92880.0,92884.0,92880.0,92880.0,0.0803
1768860720000,92880.0,92880.0,92814.0,92839.0,12.8631
1768860780000,92839.0,92839.0,92648.0,92715.0,21.3174
1768860840000,92715.0,92812.0,92685.0,92812.0,2.8958
1768860900000,92812.0,92903.0,92812.0,92903.0,1.8681
1768860960000,92903.0,92930.0,92881.0,92918.0,1.707
1768861020000,92918.0,92936.0,92901.0,92934.0,1.4601
1768861080000,92934.0,92961.0,92932.0,92949.0,5.6275
1768861140000,92949.0,92949.0,92926.0,92926.0,0.2709
1768861200000,92926.0,92940.0,92921.0,92940.0,0.1479
1768861260000,92940.0,92976.0,92921.0,92970.0,0.7174
1768861320000,92970.0,92970.0,92939.0,92940.0,0.404
1768861380000,92940.0,92981.0,92940.0,92973.0,0.4608
1768861440000,92973.0,92973.0,92965.0,92965.0,0.35
1768861500000,92965.0,93017.0,92965.0,92968.0,0.5199
1768861560000,92968.0,92977.0,92952.0,92975.0,0.9069
1768861620000,92975.0,92976.0,92963.0,92963.0,0.0182
1768861680000,92963.0,92963.0,92959.0,92959.0,0.8202
1768861740000,92959.0,92959.0,92918.0,92940.0,1.6584
1768861800000,92940.0,92940.0,92840.0,92840.0,3.9797
1768861860000,92840.0,92885.0,92826.0,92852.0,0.4134
1768861920000,92852.0,92854.0,92817.0,92817.0,0.3157
1768861980000,92817.0,92824.0,92735.0,92741.0,0.5202
1768862040000,92741.0,92800.0,92741.0,92800.0,1.4211
1768862100000,92800.0,92848.0,92793.0,92848.0,1.433
1768862160000,92848.0,92850.0,92829.0,92837.0,0.5414
1768862220000,92837.0,92853.0,92837.0,92852.0,0.4348
1768862280000,92852.0,92857.0,92824.0,92824.0,0.0565
1768862340000,92824.0,92824.0,92780.0,92780.0,0.5084
1768862400000,92780.0,92810.0,92777.0,92810.0,17.0302
1768862460000,92810.0,92856.0,92777.0,92785.0,1.8883
1768862520000,92785.0,92788.0,92765.0,92773.0,0.4165
1768862580000,92773.0,92776.0,92733.0,92733.0,0.1316
1768862640000,92733.0,92770.0,92725.0,92762.0,0.2403
1768862700000,92762.0,92796.0,92762.0,92766.0,0.7732
1768862760000,92766.0,92766.0,92715.0,92715.0,0.2686
1768862820000,92715.0,92749.0,92689.0,92704.0,1.3124
1768862880000,92704.0,92753.0,92703.0,92717.0,1.407
1768862940000,92717.0,92786.0,92717.0,92766.0,1.1464
1768863000000,92766.0,92786.0,92758.0,92786.0,0.4591
1768863060000,92786.0,92786.0,92761.0,92761.0,0.0798
1768863120000,92761.0,92761.0,92743.0,92743.0,0.044
1768863180000,92743.0,92743.0,92688.0,92710.0,0.7093
1768863240000,92710.0,92730.0,92676.0,92676.0,0.6553
1768863300000,92676.0,92704.0,92676.0,92704.0,3.6851
1768863360000,92704.0,92727.0,92700.0,92727.0,1.4344
1768863420000,92727.0,92735.0,92689.0,92689.0,0.4552
1768863480000,92689.0,92689.0,92563.0,92575.0,25.5285
1768863540000,92575.0,92575.0,92509.0,92509.0,6.6696
1768863600000,92509.0,92702.0,92509.0,92702.0,13.4764
1768863660000,92702.0,92702.0,92632.0,92648.0,0.5795
1768863720000,92648.0,92648.0,92575.0,92587.0,1.8514
1768863780000,92587.0,92587.0,92412.0,92429.0,4.1202
1768863840000,92429.0,92501.0,92406.0,92500.0,3.54
1768863900000,92500.0,92502.0,92460.0,92470.0,13.3013
1768863960000,92470.0,92480.0,92405.0,92419.0,13.1047
1768864020000,92419.0,92445.0,92149.0,92228.0,52.2855
1768864080000,92228.0,92480.0,92206.0,92454.0,18.0888
1768864140000,92454.0,92529.0,92426.0,92479.0,4.3504
1768864200000,92479.0,92479.0,92322.0,92367.0,13.425
1768864260000,92367.0,92439.0,92344.0,92439.0,2.2122
1768864320000,92439.0,92447.0,92412.0,92416.0,1.9804
1768864380000,92416.0,92526.0,92416.0,92484.0,1.336
1768864440000,92484.0,92496.0,92388.0,92388.0,2.1314
1768864500000,92388.0,92402.0,92290.0,92312.0,6.2875
1768864560000,92312.0,92318.0,92111.0,92188.0,5.8864
1768864620000,92188.0,92234.0,92130.0,92213.0,5.4102
1768864680000,92213.0,92269.0,92210.0,92258.0,3.0425
1768864740000,92258.0,92336.0,92258.0,92332.0,1.0942
1768864800000,92332.0,92371.0,92322.0,92369.0,2.1743
1768864860000,92369.0,92386.0,92338.0,92371.0,2.4479
1768864920000,92371.0,92375.0,92342.0,92342.0,1.0719
1768864980000,92342.0,92342.0,92293.0,92309.0,2.3136
1768865040000,92309.0,92394.0,92309.0,92369.0,0.6025
1768865100000,92369.0,92513.0,92369.0,92481.0,21.1003
1768865160000,92481.0,92481.0,92402.0,92441.0,6.1549
1768865220000,92441.0,92450.0,92400.0,92400.0,2.4793
1768865280000,92400.0,92491.0,92400.0,92474.0,1.6632
1768865340000,92474.0,92485.0,92464.0,92485.0,3.8387
1768865400000,92485.0,92540.0,92478.0,92532.0,1.0498
1768865460000,92532.0,92698.0,92532.0,92624.0,3.0823
1768865520000,92624.0,92677.0,92596.0,92640.0,1.1304
1768865580000,92640.0,92685.0,92611.0,92668.0,2.1591
1768865640000,92668.0,92700.0,92614.0,92620.0,1.7275
1768865700000,92620.0,92646.0,92613.0,92627.0,0.7297
1768865760000,92627.0,92652.0,92627.0,92628.0,1.3782
1768865820000,92628.0,92643.0,92611.0,92616.0,2.4302
1768865880000,92616.0,92616.0,92567.0,92580.0,1.0093
1768865940000,92580.0,92600.0,92573.0,92590.0,1.1625
1768866000000,92590.0,92603.0,92574.0,92603.0,0.3812
1768866060000,92603.0,92656.0,92603.0,92648.0,5.1869
1768866120000,92648.0,92648.0,92625.0,92639.0,0.419
1768866180000,92639.0,92677.0,92604.0,92604.0,3.8556
1768866240000,92604.0,92615.0,92598.0,92614.0,0.2574
1768866300000,92614.0,92633.0,92589.0,92589.0,0.4505
1768866360000,92589.0,92616.0,92563.0,92581.0,0.5979
1768866420000,92581.0,92630.0,92581.0,92630.0,0.5462
1768866480000,92630.0,92688.0,92629.0,92629.0,0.8081
1768866540000,92629.0,92653.0,92629.0,92639.0,0.22
1768866600000,92639.0,92668.0,92629.0,92629.0,0.6453
1768866660000,92629.0,92630.0,92567.0,92596.0,0.3573
1768866720000,92596.0,92596.0,92574.0,92574.0,0.0816
1768866780000,92574.0,92574.0,92548.0,92557.0,0.588
1768866840000,92557.0,92569.0,92536.0,92569.0,1.1003
1768866900000,92569.0,92580.0,92568.0,92575.0,0.1671
1768866960000,92575.0,92591.0,92575.0,92588.0,0.2328
1768867020000,92588.0,92588.0,92557.0,92571.0,1.0851
1768867080000,92571.0,92581.0,92561.0,92579.0,0.0901
1768867140000,92579.0,92588.0,92573.0,92588.0,0.0964
1768867200000,92588.0,92623.0,92548.0,92555.0,0.7824
1768867260000,92555.0,92617.0,92536.0,92581.0,4.336
1768867320000,92581.0,92610.0,92581.0,92594.0,0.3122
1768867380000,92594.0,92739.0,92584.0,92732.0,2.6405
1768867440000,92732.0,92733.0,92658.0,92724.0,1.0198
1768867500000,92724.0,92830.0,92720.0,92815.0,8.1154
1768867560000,92815.0,92815.0,92723.0,92741.0,0.5877
1768867620000,92741.0,92741.0,92683.0,92694.0,0.2947
1768867680000,92694.0,92709.0,92676.0,92699.0,0.1381
1768867740000,92699.0,92704.0,92687.0,92696.0,0.1129
1768867800000,92696.0,92755.0,92684.0,92755.0,0.5519
1768867860000,92755.0,92755.0,92693.0,92693.0,0.1858
1768867920000,92693.0,92693.0,92634.0,92650.0,0.6577
1768867980000,92650.0,92656.0,92627.0,92641.0,0.6662
1768868040000,92641.0,92674.0,92618.0,92659.0,0.4033
1768868100000,92659.0,92659.0,92589.0,92589.0,0.4038
1768868160000,92589.0,92601.0,92566.0,92589.0,0.2496
1768868220000,92589.0,92595.0,92550.0,92550.0,2.3941
1768868280000,92550.0,92558.0,92510.0,92534.0,2.5802
1768868340000,92534.0,92545.0,92530.0,92545.0,0.0598
1768868400000,92545.0,92548.0,92500.0,92500.0,0.2872
1768868460000,92500.0,92501.0,92469.0,92469.0,0.6153
1768868520000,92469.0,92469.0,92443.0,92459.0,1.1769
1768868580000,92459.0,92488.0,92423.0,92432.0,0.993
1768868640000,92432.0,92432.0,92360.0,92381.0,2.0442
1768868700000,92381.0,92407.0,92348.0,92350.0,1.3757
1768868760000,92350.0,92350.0,92315.0,92315.0,0.2851
1768868820000,92315.0,92369.0,92315.0,92365.0,0.8729
1768868880000,92365.0,92422.0,92365.0,92394.0,0.9114
1768868940000,92394.0,92421.0,92394.0,92415.0,0.0601
1768869000000,92415.0,92490.0,92407.0,92465.0,1.2226
1768869060000,92465.0,92507.0,92465.0,92495.0,4.9493
1768869120000,92495.0,92524.0,92493.0,92499.0,0.3902
1768869180000,92499.0,92512.0,92484.0,92504.0,0.486
1768869240000,92504.0,92511.0,92458.0,92475.0,0.8749
1768869300000,92475.0,92566.0,92467.0,92566.0,1.4084
1768869360000,92566.0,92620.0,92566.0,92620.0,0.7472
1768869420000,92620.0,92623.0,92585.0,92623.0,0.7844
1768869480000,92623.0,92626.0,92597.0,92626.0,0.4044
1768869540000,92626.0,92675.0,92623.0,92662.0,1.6835
1768869600000,92662.0,92662.0,92640.0,92651.0,0.3664
1768869660000,92651.0,92670.0,92634.0,92634.0,0.455
1768869720000,92634.0,92708.0,92634.0,92708.0,1.1484
1768869780000,92708.0,92708.0,92674.0,92686.0,1.2785
1768869840000,92686.0,92686.0,92677.0,92679.0,1.0215
1768869900000,92679.0,92693.0,92671.0,92671.0,0.3299
1768869960000,92671.0,92671.0,92638.0,92669.0,0.1891
1768870020000,92669.0,92674.0,92599.0,92599.0,0.3818
1768870080000,92599.0,92617.0,92599.0,92608.0,0.0619
1768870140000,92608.0,92608.0,92608.0,92608.0,0.0
1768870200000,92608.0,92609.0,92595.0,92599.0,0.0896
1768870260000,92599.0,92599.0,92570.0,92579.0,0.0663
1768870320000,92579.0,92673.0,92572.0,92667.0,0.6213
1768870380000,92667.0,92700.0,92667.0,92687.0,0.8142
1768870440000,92687.0,92687.0,92682.0,92682.0,0.069
1768870500000,92682.0,92682.0,92650.0,92650.0,0.0959
1768870560000,92650.0,92650.0,92628.0,92631.0,0.1033
1768870620000,92631.0,92631.0,92600.0,92619.0,0.1065
1768870680000,92619.0,92636.0,92610.0,92610.0,0.0982
1768870740000,92610.0,92681.0,92587.0,92669.0,7.0118
1768870800000,92669.0,92669.0,92650.0,92660.0,0.068
1768870860000,92660.0,92660.0,92588.0,92591.0,1.2132
1768870920000,92591.0,92591.0,92550.0,92578.0,0.2812
1768870980000,92578.0,92590.0,92568.0,92581.0,0.0643
1768871040000,92581.0,92666.0,92581.0,92666.0,0.6357
1768871100000,92666.0,92748.0,92662.0,92721.0,1.3997
1768871160000,92721.0,92738.0,92717.0,92738.0,0.0415
1768871220000,92738.0,92738.0,92697.0,92705.0,0.0644
1768871280000,92705.0,92705.0,92616.0,92616.0,0.2894
1768871340000,92616.0,92616.0,92570.0,92570.0,0.2568
1768871400000,92570.0,92578.0,92550.0,92554.0,0.1637
1768871460000,92554.0,92554.0,92477.0,92495.0,0.402
1768871520000,92495.0,92524.0,92495.0,92524.0,0.0644
1768871580000,92524.0,92670.0,92524.0,92670.0,0.6604
1768871640000,92670.0,92678.0,92649.0,92675.0,0.0912
1768871700000,92675.0,92692.0,92648.0,92648.0,0.1759
1768871760000,92648.0,92648.0,92611.0,92620.0,0.1336
1768871820000,92620.0,92663.0,92620.0,92663.0,0.1489
1768871880000,92663.0,92756.0,92663.0,92730.0,0.3487
1768871940000,92730.0,92751.0,92721.0,92732.0,0.1955
1768872000000,92732.0,92741.0,92712.0,92724.0,0.1111
1768872060000,92724.0,92765.0,92710.0,92765.0,0.109
1768872120000,92765.0,92806.0,92755.0,92761.0,0.2542
1768872180000,92761.0,92761.0,92735.0,92757.0,0.0915
1768872240000,92757.0,92757.0,92739.0,92749.0,0.06
1768872300000,92749.0,92809.0,92749.0,92763.0,0.329
1768872360000,92763.0,92815.0,92763.0,92810.0,0.6837
1768872420000,92810.0,92824.0,92785.0,92785.0,0.1629
1768872480000,92785.0,92794.0,92767.0,92794.0,0.0832
1768872540000,92794.0,92807.0,92790.0,92807.0,0.051
1768872600000,92807.0,92815.0,92779.0,92796.0,0.1654
1768872660000,92796.0,92796.0,92771.0,92790.0,0.0854
1768872720000,92790.0,92790.0,92744.0,92744.0,0.2221
1768872780000,92744.0,92755.0,92737.0,92737.0,0.5287
1768872840000,92737.0,92756.0,92705.0,92705.0,0.1345
1768872900000,92705.0,92707.0,92690.0,92707.0,0.0352
1768872960000,92707.0,92721.0,92690.0,92690.0,0.15
1768873020000,92690.0,92719.0,92689.0,92689.0,0.1137
1768873080000,92689.0,92689.0,92641.0,92663.0,0.4711
1768873140000,92663.0,92666.0,92659.0,92659.0,0.0274
1768873200000,92659.0,92687.0,92659.0,92687.0,0.0444
1768873260000,92687.0,92687.0,92673.0,92673.0,0.0021
1768873320000,92673.0,92673.0,92618.0,92618.0,0.4366
1768873380000,92618.0,92654.0,92618.0,92645.0,0.068
1768873440000,92645.0,92673.0,92645.0,92672.0,0.4054
1768873500000,92672.0,92692.0,92657.0,92657.0,23.378
1768873560000,92657.0,92706.0,92647.0,92706.0,0.1274
1768873620000,92706.0,92707.0,92700.0,92704.0,0.0628
1768873680000,92704.0,92730.0,92704.0,92729.0,0.0433
1768873740000,92729.0,92765.0,92729.0,92765.0,0.1037
1768873800000,92765.0,92765.0,92731.0,92761.0,0.2925
1768873860000,92761.0,92769.0,92754.0,92769.0,0.1151
1768873920000,92769.0,92788.0,92752.0,92788.0,0.3045
1768873980000,92788.0,92788.0,92770.0,92781.0,23.6728
1768874040000,92781.0,92781.0,92762.0,92774.0,0.0245
1768874100000,92774.0,92791.0,92771.0,92771.0,0.3917
1768874160000,92771.0,92772.0,92755.0,92772.0,0.0655
1768874220000,92772.0,92772.0,92766.0,92766.0,0.0019
1768874280000,92766.0,92798.0,92766.0,92798.0,0.0695
1768874340000,92798.0,92798.0,92640.0,92671.0,16.1977
1768874400000,92671.0,92678.0,92597.0,92640.0,3.3869
1768874460000,92640.0,92641.0,92633.0,92641.0,0.1235
1768874520000,92641.0,92649.0,92615.0,92627.0,0.3782
1768874580000,92627.0,92642.0,92601.0,92622.0,1.7221
1768874640000,92622.0,92622.0,92546.0,92577.0,0.4065
1768874700000,92577.0,92577.0,92521.0,92526.0,0.2589
1768874760000,92526.0,92534.0,92492.0,92527.0,0.2759
1768874820000,92527.0,92542.0,92498.0,92498.0,0.386
1768874880000,92498.0,92498.0,92438.0,92452.0,26.9484
1768874940000,92452.0,92456.0,92418.0,92440.0,0.2478
1768875000000,92440.0,92480.0,92440.0,92460.0,0.3581
1768875060000,92460.0,92480.0,92460.0,92474.0,0.0648
1768875120000,92474.0,92474.0,92416.0,92416.0,0.675
1768875180000,92416.0,92445.0,92416.0,92445.0,0.1182
1768875240000,92445.0,92445.0,92396.0,92426.0,0.3882
1768875300000,92426.0,92426.0,92401.0,92425.0,0.5444
1768875360000,92425.0,92475.0,92404.0,92469.0,0.3876
1768875420000,92469.0,92480.0,92443.0,92480.0,1.7497
1768875480000,92480.0,92480.0,92453.0,92480.0,0.1504
1768875540000,92480.0,92480.0,92468.0,92468.0,0.0449
1768875600000,92468.0,92481.0,92445.0,92481.0,0.3482
1768875660000,92481.0,92481.0,92412.0,92412.0,0.2536
1768875720000,92412.0,92412.0,92340.0,92376.0,1.4083
1768875780000,92376.0,92422.0,92376.0,92419.0,0.3239
1768875840000,92419.0,92454.0,92404.0,92454.0,0.3729
1768875900000,92454.0,92454.0,92434.0,92435.0,0.2425
1768875960000,92435.0,92449.0,92374.0,92374.0,0.6108
1768876020000,92374.0,92393.0,92374.0,92393.0,0.0916
1768876080000,92393.0,92393.0,92325.0,92331.0,0.8159
1768876140000,92331.0,92454.0,92331.0,92443.0,6.6033
1768876200000,92443.0,92521.0,92443.0,92473.0,0.441
1768876260000,92473.0,92547.0,92453.0,92547.0,0.4022
1768876320000,92547.0,92547.0,92518.0,92518.0,0.1793
1768876380000,92518.0,92518.0,92484.0,92513.0,0.4586
1768876440000,92513.0,92537.0,92505.0,92537.0,0.2189
1768876500000,92537.0,92622.0,92537.0,92607.0,0.5292
1768876560000,92607.0,92607.0,92545.0,92545.0,8.5797
1768876620000,92545.0,92551.0,92540.0,92550.0,0.2566
1768876680000,92550.0,92559.0,92541.0,92541.0,0.0142
1768876740000,92541.0,92565.0,92541.0,92565.0,0.0812
1768876800000,92565.0,92565.0,92542.0,92547.0,0.0932
1768876860000,92547.0,92554.0,92541.0,92553.0,0.066
1768876920000,92553.0,92565.0,92553.0,92565.0,0.0403
1768876980000,92565.0,92572.0,92563.0,92563.0,0.0407
1768877040000,92563.0,92563.0,92557.0,92557.0,0.002
1768877100000,92557.0,92650.0,92557.0,92606.0,15.2208
1768877160000,92606.0,92624.0,92589.0,92589.0,0.4793
1768877220000,92589.0,92589.0,92553.0,92553.0,0.1113
1768877280000,92553.0,92553.0,92541.0,92541.0,0.0678
1768877340000,92541.0,92541.0,92534.0,92534.0,0.04
1768877400000,92534.0,92534.0,92511.0,92531.0,0.15
1768877460000,92531.0,92531.0,92513.0,92513.0,0.3244
1768877520000,92513.0,92526.0,92513.0,92526.0,0.0039
1768877580000,92526.0,92541.0,92479.0,92537.0,10.4699
1768877640000,92537.0,92537.0,92500.0,92500.0,0.1156
1768877700000,92500.0,92532.0,92500.0,92532.0,0.1337
1768877760000,92532.0,92532.0,92519.0,92521.0,0.0004
1768877820000,92521.0,92529.0,92505.0,92505.0,0.1468
1768877880000,92505.0,92505.0,92458.0,92487.0,0.4622
1768877940000,92487.0,92598.0,92483.0,92505.0,11.0435
1768878000000,92505.0,92605.0,92505.0,92560.0,3.8301
1768878060000,92560.0,92560.0,92530.0,92538.0,0.1401
1768878120000,92538.0,92538.0,92503.0,92503.0,0.134
1768878180000,92503.0,92511.0,92503.0,92511.0,0.0202
1768878240000,92511.0,92515.0,92492.0,92493.0,0.091
1768878300000,92493.0,92493.0,92471.0,92481.0,1.2712
1768878360000,92481.0,92481.0,92456.0,92456.0,0.0651
1768878420000,92456.0,92463.0,92406.0,92424.0,0.8628
1768878480000,92424.0,92424.0,92401.0,92401.0,0.0819
1768878540000,92401.0,92401.0,92371.0,92376.0,1.1294
1768878600000,92376.0,92376.0,92341.0,92356.0,0.2304
1768878660000,92356.0,92397.0,92350.0,92387.0,0.4097
1768878720000,92387.0,92387.0,92350.0,92356.0,0.2355
1768878780000,92356.0,92384.0,92356.0,92384.0,0.074
1768878840000,92384.0,92384.0,92375.0,92375.0,0.0031
1768878900000,92375.0,92398.0,92375.0,92390.0,0.0951
1768878960000,92390.0,92450.0,92381.0,92429.0,0.3422
1768879020000,92429.0,92441.0,92414.0,92432.0,0.4811
1768879080000,92432.0,92432.0,92416.0,92416.0,0.0605
1768879140000,92416.0,92455.0,92416.0,92453.0,0.1724
1768879200000,92453.0,92457.0,92389.0,92389.0,5.102
1768879260000,92389.0,92389.0,92340.0,92387.0,5.6964
1768879320000,92387.0,92394.0,92371.0,92378.0,0.4036
1768879380000,92378.0,92402.0,92378.0,92390.0,0.3589
1768879440000,92390.0,92390.0,92390.0,92390.0,0.0
1768879500000,92390.0,92390.0,92375.0,92376.0,0.0536
1768879560000,92376.0,92376.0,92343.0,92343.0,0.2247
1768879620000,92343.0,92347.0,92333.0,92347.0,0.1183
1768879680000,92347.0,92360.0,92334.0,92355.0,1.71
1768879740000,92355.0,92355.0,92328.0,92335.0,26.119
1768879800000,92335.0,92335.0,92244.0,92251.0,1.3211
1768879860000,92251.0,92275.0,92203.0,92247.0,2.7315
1768879920000,92247.0,92260.0,92224.0,92242.0,0.308
1768879980000,92242.0,92267.0,92239.0,92260.0,0.186
1768880040000,92260.0,92343.0,92259.0,92316.0,0.9218
1768880100000,92316.0,92324.0,92298.0,92298.0,14.5164
1768880160000,92298.0,92298.0,92254.0,92268.0,0.3113
1768880220000,92268.0,92307.0,92245.0,92307.0,0.6488
1768880280000,92307.0,92348.0,92307.0,92323.0,0.3369
1768880340000,92323.0,92328.0,92309.0,92328.0,0.1234
1768880400000,92328.0,92368.0,92314.0,92314.0,0.5771
1768880460000,92314.0,92339.0,92311.0,92339.0,0.1285
1768880520000,92339.0,92339.0,92313.0,92314.0,0.3565
1768880580000,92314.0,92325.0,92314.0,92318.0,0.06
1768880640000,92318.0,92365.0,92315.0,92365.0,0.3325
1768880700000,92365.0,92365.0,92337.0,92348.0,0.2703
1768880760000,92348.0,92348.0,92318.0,92318.0,0.169
1768880820000,92318.0,92350.0,92315.0,92350.0,0.2371
1768880880000,92350.0,92429.0,92350.0,92419.0,1.0856
1768880940000,92419.0,92424.0,92395.0,92403.0,0.3174
1768881000000,92403.0,92425.0,92391.0,92425.0,0.2268
1768881060000,92425.0,92443.0,92425.0,92443.0,0.099
1768881120000,92443.0,92443.0,92393.0,92423.0,1.17
1768881180000,92423.0,92423.0,92379.0,92379.0,0.1987
1768881240000,92379.0,92379.0,92370.0,92370.0,0.0891
1768881300000,92370.0,92403.0,92368.0,92403.0,0.2137
1768881360000,92403.0,92404.0,92398.0,92398.0,0.0153
1768881420000,92398.0,92405.0,92392.0,92402.0,0.0801
1768881480000,92402.0,92402.0,92387.0,92387.0,0.0205
1768881540000,92387.0,92399.0,92379.0,92388.0,0.1282
1768881600000,92388.0,92388.0,92342.0,92342.0,0.1851
1768881660000,92342.0,92362.0,92335.0,92362.0,0.1662
1768881720000,92362.0,92372.0,92320.0,92335.0,1.5121
1768881780000,92335.0,92362.0,92320.0,92362.0,1.2147
1768881840000,92362.0,92362.0,92352.0,92360.0,0.2432
1768881900000,92360.0,92425.0,92360.0,92425.0,0.3737
1768881960000,92425.0,92433.0,92406.0,92416.0,0.1378
1768882020000,92416.0,92416.0,92379.0,92383.0,0.1427
1768882080000,92383.0,92389.0,92369.0,92389.0,0.1019
1768882140000,92389.0,92395.0,92375.0,92375.0,0.0277
1768882200000,92375.0,92375.0,92348.0,92348.0,0.1051
1768882260000,92348.0,92355.0,92337.0,92353.0,0.1016
1768882320000,92353.0,92353.0,92303.0,92303.0,0.6777
1768882380000,92303.0,92309.0,92261.0,92286.0,0.3369
1768882440000,92286.0,92290.0,92269.0,92269.0,0.2999
1768882500000,92269.0,92275.0,92235.0,92242.0,0.2073
1768882560000,92242.0,92245.0,92223.0,92223.0,0.3521
1768882620000,92223.0,92236.0,92211.0,92211.0,0.0801
1768882680000,92211.0,92237.0,92211.0,92226.0,0.2426
1768882740000,92226.0,92263.0,92226.0,92255.0,0.2133
1768882800000,92255.0,92274.0,92239.0,92239.0,0.2136
1768882860000,92239.0,92239.0,92214.0,92227.0,0.2057
1768882920000,92227.0,92227.0,92193.0,92205.0,0.8947
1768882980000,92205.0,92213.0,92150.0,92194.0,1.7372
1768883040000,92194.0,92208.0,92187.0,92208.0,0.0805
1768883100000,92208.0,92227.0,92207.0,92207.0,0.1136
1768883160000,92207.0,92207.0,92160.0,92187.0,0.3823
1768883220000,92187.0,92195.0,92160.0,92183.0,1.3192
1768883280000,92183.0,92191.0,92170.0,92189.0,0.102
1768883340000,92189.0,92266.0,92189.0,92266.0,2.3161
1768883400000,92266.0,92270.0,92253.0,92269.0,0.0917
1768883460000,92269.0,92294.0,92252.0,92294.0,1.2092
1768883520000,92294.0,92349.0,92291.0,92334.0,0.4422
1768883580000,92334.0,92366.0,92324.0,92366.0,0.206
1768883640000,92366.0,92366.0,92324.0,92324.0,0.1943
1768883700000,92324.0,92324.0,92272.0,92274.0,0.4139
1768883760000,92274.0,92285.0,92268.0,92275.0,0.1452
1768883820000,92275.0,92282.0,92275.0,92282.0,0.0257
1768883880000,92282.0,92284.0,92275.0,92275.0,0.0225
1768883940000,92275.0,92275.0,92275.0,92275.0,0.0
1768884000000,92275.0,92279.0,92261.0,92261.0,0.0616
1768884060000,92261.0,92261.0,92169.0,92169.0,1.4824
1768884120000,92169.0,92196.0,92169.0,92196.0,0.1438
1768884180000,92196.0,92205.0,92196.0,92204.0,0.1035
1768884240000,92204.0,92206.0,92175.0,92175.0,0.137
1768884300000,92175.0,92200.0,92175.0,92197.0,0.3973
1768884360000,92197.0,92197.0,92191.0,92191.0,0.0574
1768884420000,92191.0,92194.0,92191.0,92194.0,0.0566
1768884480000,92194.0,92238.0,92192.0,92192.0,10.1652
1768884540000,92192.0,92210.0,92192.0,92208.0,0.0686
1768884600000,92208.0,92211.0,92199.0,92211.0,0.0249
1768884660000,92211.0,92211.0,92182.0,92182.0,0.1288
1768884720000,92182.0,92182.0,92105.0,92105.0,4.0799
1768884780000,92105.0,92112.0,92019.0,92086.0,3.9165
1768884840000,92086.0,92091.0,92044.0,92067.0,0.6516
1768884900000,92067.0,92068.0,92038.0,92054.0,0.2107
1768884960000,92054.0,92090.0,92054.0,92087.0,1.7452
1768885020000,92087.0,92090.0,92072.0,92079.0,2.122
1768885080000,92079.0,92079.0,91907.0,91972.0,19.9937
1768885140000,91972.0,92039.0,91972.0,92019.0,1.3433
1768885200000,92019.0,92029.0,91712.0,91720.0,22.5897
1768885260000,91720.0,91840.0,91528.0,91786.0,55.085
1768885320000,91786.0,91871.0,91699.0,91699.0,5.1403
1768885380000,91699.0,91714.0,91569.0,91570.0,4.0037
1768885440000,91570.0,91640.0,91550.0,91591.0,11.2399
1768885500000,91591.0,91793.0,91591.0,91769.0,4.8027
1768885560000,91769.0,91769.0,91663.0,91682.0,0.6751
1768885620000,91682.0,91769.0,91682.0,91703.0,2.3441
1768885680000,91703.0,91706.0,91663.0,91674.0,0.5071
1768885740000,91674.0,91686.0,91532.0,91532.0,1.4168
1768885800000,91532.0,91608.0,91530.0,91605.0,4.6584
1768885860000,91605.0,91610.0,91306.0,91376.0,21.9869
1768885920000,91376.0,91433.0,91312.0,91396.0,10.7267
1768885980000,91396.0,91396.0,91339.0,91382.0,3.5958
1768886040000,91382.0,91399.0,91356.0,91371.0,6.4157
1768886100000,91371.0,91378.0,91234.0,91362.0,7.4948
1768886160000,91362.0,91462.0,91350.0,91462.0,3.765
1768886220000,91462.0,91505.0,91390.0,91442.0,5.6977
1768886280000,91442.0,91570.0,91442.0,91570.0,1.8331
1768886340000,91570.0,91655.0,91531.0,91610.0,3.0177
1768886400000,91610.0,91633.0,91561.0,91561.0,2.5661
1768886460000,91561.0,91570.0,91543.0,91562.0,0.258
1768886520000,91562.0,91564.0,91558.0,91559.0,0.015
1768886580000,91559.0,91601.0,91559.0,91575.0,0.2637
1768886640000,91575.0,91628.0,91565.0,91619.0,0.3125
1768886700000,91619.0,91633.0,91601.0,91629.0,1.2608
1768886760000,91629.0,91630.0,91612.0,91620.0,0.2666
1768886820000,91620.0,91692.0,91620.0,91662.0,0.8948
1768886880000,91662.0,91677.0,91652.0,91652.0,3.0856
1768886940000,91652.0,91677.0,91652.0,91677.0,0.259
1768887000000,91677.0,91718.0,91610.0,91647.0,2.5121
1768887060000,91647.0,91692.0,91639.0,91683.0,0.9026
1768887120000,91683.0,91739.0,91683.0,91713.0,0.3097
1768887180000,91713.0,91732.0,91705.0,91732.0,0.0958
1768887240000,91732.0,91733.0,91714.0,91721.0,0.3111
1768887300000,91721.0,91751.0,91700.0,91703.0,1.0088
1768887360000,91703.0,91705.0,91680.0,91691.0,1.364
1768887420000,91691.0,91713.0,91691.0,91709.0,0.0797
1768887480000,91709.0,91732.0,91694.0,91694.0,1.313
1768887540000,91694.0,91695.0,91586.0,91599.0,15.3947
1768887600000,91599.0,91630.0,91599.0,91619.0,0.0438
1768887660000,91619.0,91619.0,91494.0,91520.0,0.4908
1768887720000,91520.0,91543.0,91476.0,91496.0,0.4988
1768887780000,91496.0,91563.0,91496.0,91551.0,4.607
1768887840000,91551.0,91601.0,91551.0,91581.0,0.5726
1768887900000,91581.0,91665.0,91566.0,91664.0,7.4758
1768887960000,91664.0,91693.0,91646.0,91680.0,0.3969
1768888020000,91680.0,91680.0,91575.0,91627.0,1.7721
1768888080000,91627.0,91690.0,91592.0,91677.0,4.9986
1768888140000,91677.0,91709.0,91650.0,91678.0,4.9779
1768888200000,91678.0,91694.0,91662.0,91694.0,0.2048
1768888260000,91694.0,91765.0,91694.0,91765.0,0.798
1768888320000,91765.0,91765.0,91687.0,91687.0,3.9194
1768888380000,91687.0,91687.0,91671.0,91672.0,8.999
1768888440000,91672.0,91672.0,91626.0,91638.0,11.6962
1768888500000,91638.0,91639.0,91623.0,91623.0,20.0553
1768888560000,91623.0,91650.0,91623.0,91625.0,23.026
1768888620000,91625.0,91625.0,91600.0,91623.0,10.2803
1768888680000,91623.0,91623.0,91586.0,91599.0,2.2439
1768888740000,91599.0,91599.0,91561.0,91561.0,0.6956
1768888800000,91561.0,91567.0,91533.0,91553.0,17.3284
1768888860000,91553.0,91569.0,91511.0,91511.0,15.333
1768888920000,91511.0,91530.0,91511.0,91526.0,5.1868
1768888980000,91526.0,91534.0,91520.0,91534.0,19.4541
1768889040000,91534.0,91534.0,91487.0,91487.0,2.562
1768889100000,91487.0,91534.0,91487.0,91533.0,0.3607
1768889160000,91533.0,91543.0,91515.0,91526.0,0.6697
1768889220000,91526.0,91526.0,91487.0,91523.0,0.3912
1768889280000,91523.0,91551.0,91523.0,91537.0,0.3066
1768889340000,91537.0,91537.0,91501.0,91532.0,0.3867
1768889400000,91532.0,91536.0,91511.0,91511.0,0.1942
1768889460000,91511.0,91512.0,91504.0,91504.0,0.0629
1768889520000,91504.0,91504.0,91470.0,91470.0,0.4076
1768889580000,91470.0,91470.0,91409.0,91426.0,43.0046
1768889640000,91426.0,91471.0,91393.0,91402.0,6.5543
1768889700000,91402.0,91442.0,91320.0,91320.0,19.7441
1768889760000,91320.0,91320.0,91108.0,91174.0,21.0631
1768889820000,91174.0,91180.0,90859.0,90900.0,39.9872
1768889880000,90900.0,90955.0,90830.0,90955.0,18.1151
1768889940000,90955.0,90957.0,90804.0,90829.0,4.9519
1768890000000,90829.0,90970.0,90755.0,90970.0,10.1802
1768890060000,90970.0,90996.0,90927.0,90954.0,1.6241
1768890120000,90954.0,91081.0,90928.0,91073.0,16.708
1768890180000,91073.0,91103.0,91013.0,91053.0,11.334
1768890240000,91053.0,91103.0,91035.0,91103.0,26.6338
1768890300000,91103.0,91103.0,91017.0,91032.0,15.0298
1768890360000,91032.0,91103.0,90979.0,91093.0,8.0763
1768890420000,91093.0,91149.0,91062.0,91145.0,11.1465
1768890480000,91145.0,91174.0,91143.0,91143.0,7.5359
1768890540000,91143.0,91190.0,91143.0,91190.0,3.4048
1768890600000,91190.0,91201.0,91100.0,91100.0,8.9075
1768890660000,91100.0,91105.0,90964.0,90964.0,2.6855
1768890720000,90964.0,90999.0,90715.0,90835.0,10.7021
1768890780000,90835.0,90910.0,90794.0,90838.0,10.0996
1768890840000,90838.0,90964.0,90831.0,90954.0,7.0373
1768890900000,90954.0,90965.0,90878.0,90933.0,2.3198
1768890960000,90933.0,91028.0,90897.0,91000.0,10.8448
1768891020000,91000.0,91000.0,90949.0,90990.0,0.4837
1768891080000,90990.0,90990.0,90906.0,90906.0,1.2346
1768891140000,90906.0,90910.0,90804.0,90864.0,9.8495
1768891200000,90864.0,91037.0,90858.0,90993.0,3.6769
1768891260000,90993.0,91019.0,90952.0,90971.0,2.2959
1768891320000,90971.0,91019.0,90950.0,91019.0,1.2552
1768891380000,91019.0,91070.0,91015.0,91041.0,3.5526
1768891440000,91041.0,91075.0,91033.0,91037.0,6.1938
1768891500000,91037.0,91061.0,91017.0,91025.0,1.6309
1768891560000,91025.0,91025.0,90893.0,90934.0,3.6572
1768891620000,90934.0,90970.0,90929.0,90940.0,1.2416
1768891680000,90940.0,90954.0,90872.0,90891.0,2.2496
1768891740000,90891.0,90942.0,90844.0,90889.0,5.4842
1768891800000,90889.0,90889.0,90832.0,90867.0,2.4449
1768891860000,90867.0,90919.0,90857.0,90915.0,2.7039
1768891920000,90915.0,90924.0,90863.0,90866.0,1.6745
1768891980000,90866.0,90889.0,90810.0,90824.0,1.2993
1768892040000,90824.0,90828.0,90688.0,90733.0,8.5011
1768892100000,90733.0,90825.0,90718.0,90825.0,11.5968
1768892160000,90825.0,90860.0,90784.0,90860.0,18.4353
1768892220000,90860.0,90862.0,90798.0,90798.0,2.421
1768892280000,90798.0,90806.0,90778.0,90797.0,2.2952
1768892340000,90797.0,90862.0,90796.0,90857.0,2.4637
1768892400000,90857.0,90930.0,90820.0,90929.0,3.6037
1768892460000,90929.0,90929.0,90820.0,90820.0,1.5755
1768892520000,90820.0,90889.0,90795.0,90889.0,2.2827
1768892580000,90889.0,90935.0,90864.0,90925.0,2.4254
1768892640000,90925.0,90929.0,90798.0,90811.0,1.2436
1768892700000,90811.0,90922.0,90773.0,90922.0,2.2096
1768892760000,90922.0,90964.0,90922.0,90941.0,1.0507
1768892820000,90941.0,90952.0,90881.0,90897.0,1.2791
1768892880000,90897.0,90933.0,90885.0,90932.0,0.3498
1768892940000,90932.0,91068.0,90906.0,91065.0,4.0444
1768893000000,91065.0,91085.0,91011.0,91029.0,1.1016
1768893060000,91029.0,91039.0,91010.0,91012.0,0.4797
1768893120000,91012.0,91015.0,90958.0,90971.0,0.71
1768893180000,90971.0,91010.0,90967.0,90972.0,1.2972
1768893240000,90972.0,90977.0,90955.0,90959.0,0.5659
1768893300000,90959.0,90984.0,90906.0,90983.0,1.7217
1768893360000,90983.0,90992.0,90925.0,90936.0,0.6254
1768893420000,90936.0,90971.0,90936.0,90945.0,0.5491
1768893480000,90945.0,90959.0,90938.0,90939.0,0.0467
1768893540000,90939.0,90947.0,90859.0,90936.0,1.1885
1768893600000,90936.0,90936.0,90843.0,90933.0,11.7813
1768893660000,90933.0,90980.0,90925.0,90935.0,1.414
1768893720000,90935.0,90957.0,90919.0,90929.0,1.4638
1768893780000,90929.0,90983.0,90929.0,90937.0,1.9399
1768893840000,90937.0,90945.0,90906.0,90945.0,1.1492
1768893900000,90945.0,90970.0,90939.0,90939.0,0.4125
1768893960000,90939.0,90974.0,90939.0,90961.0,0.9599
1768894020000,90961.0,91000.0,90961.0,90992.0,1.2515
1768894080000,90992.0,91013.0,90975.0,90991.0,0.6835
1768894140000,90991.0,91010.0,90971.0,90976.0,1.2176
1768894200000,90976.0,90976.0,90916.0,90928.0,0.2517
1768894260000,90928.0,91000.0,90909.0,91000.0,1.2015
1768894320000,91000.0,91055.0,90985.0,91043.0,0.321
1768894380000,91043.0,91072.0,90995.0,91003.0,0.8518
1768894440000,91003.0,91025.0,90999.0,91021.0,0.1659
1768894500000,91021.0,91039.0,90998.0,91013.0,0.9243
1768894560000,91013.0,91086.0,91012.0,91080.0,2.79
1768894620000,91080.0,91112.0,91069.0,91096.0,0.9257
1768894680000,91096.0,91130.0,91037.0,91037.0,2.0643
1768894740000,91037.0,91102.0,91037.0,91102.0,1.8256
1768894800000,91102.0,91133.0,91093.0,91114.0,0.9621
1768894860000,91114.0,91139.0,91105.0,91106.0,0.9628
1768894920000,91106.0,91143.0,91106.0,91143.0,0.3856
1768894980000,91143.0,91147.0,91095.0,91095.0,0.7887
1768895040000,91095.0,91111.0,91095.0,91110.0,0.0073
1768895100000,91110.0,91122.0,91067.0,91122.0,0.9432
1768895160000,91122.0,91122.0,91101.0,91120.0,0.2488
1768895220000,91120.0,91124.0,91104.0,91104.0,0.8971
1768895280000,91104.0,91132.0,91104.0,91122.0,0.3013
1768895340000,91122.0,91164.0,91122.0,91160.0,0.6244
1768895400000,91160.0,91160.0,91120.0,91120.0,1.1644
1768895460000,91120.0,91158.0,91108.0,91158.0,0.6399
1768895520000,91158.0,91229.0,91158.0,91222.0,2.4506
1768895580000,91222.0,91222.0,91171.0,91175.0,1.5217
1768895640000,91175.0,91187.0,91155.0,91155.0,3.072
1768895700000,91155.0,91175.0,91155.0,91171.0,1.0573
1768895760000,91171.0,91172.0,91083.0,91083.0,2.0032
1768895820000,91083.0,91100.0,91065.0,91100.0,0.819
1768895880000,91100.0,91126.0,91096.0,91112.0,3.0582
1768895940000,91112.0,91139.0,91090.0,91091.0,1.0705
1768896000000,91091.0,91100.0,91041.0,91054.0,1.7798
1768896060000,91054.0,91063.0,91041.0,91063.0,1.473
1768896120000,91063.0,91082.0,91004.0,91005.0,2.5427
1768896180000,91005.0,91093.0,90998.0,91093.0,3.2992
1768896240000,91093.0,91093.0,91010.0,91027.0,1.5558
1768896300000,91027.0,91052.0,90971.0,91052.0,1.9711
1768896360000,91052.0,91086.0,91015.0,91031.0,4.6974
1768896420000,91031.0,91050.0,90993.0,91010.0,5.0667
1768896480000,91010.0,91040.0,90994.0,91033.0,0.8317
1768896540000,91033.0,91042.0,91014.0,91019.0,0.5331
1768896600000,91019.0,91027.0,90982.0,91003.0,5.6092
1768896660000,91003.0,91040.0,90980.0,90993.0,1.8432
1768896720000,90993.0,90993.0,90941.0,90954.0,1.5832
1768896780000,90954.0,90954.0,90723.0,90820.0,5.172
1768896840000,90820.0,90940.0,90820.0,90921.0,5.178
1768896900000,90921.0,90952.0,90850.0,90850.0,1.7577
1768896960000,90850.0,90900.0,90823.0,90900.0,0.7184
1768897020000,90900.0,90945.0,90898.0,90945.0,0.5748
1768897080000,90945.0,91023.0,90940.0,91023.0,1.1159
1768897140000,91023.0,91023.0,90939.0,90977.0,1.4086
1768897200000,90977.0,91029.0,90970.0,91029.0,2.2883
1768897260000,91029.0,91090.0,91005.0,91005.0,3.4976
1768897320000,91005.0,91062.0,91005.0,91062.0,0.3592
1768897380000,91062.0,91109.0,91057.0,91109.0,1.8716
1768897440000,91109.0,91109.0,91073.0,91100.0,0.2059
1768897500000,91100.0,91150.0,91100.0,91135.0,3.6538
1768897560000,91135.0,91169.0,91118.0,91160.0,0.9201
1768897620000,91160.0,91175.0,91128.0,91128.0,0.9601
1768897680000,91128.0,91135.0,91058.0,91135.0,0.5103
1768897740000,91135.0,91155.0,91109.0,91114.0,1.1251
1768897800000,91114.0,91114.0,91040.0,91050.0,0.7703
1768897860000,91050.0,91050.0,90965.0,91008.0,0.5306
1768897920000,91008.0,91008.0,90938.0,90950.0,0.9156
1768897980000,90950.0,90985.0,90876.0,90896.0,2.2476
1768898040000,90896.0,90928.0,90872.0,90877.0,0.7881
1768898100000,90877.0,90917.0,90750.0,90754.0,0.7274
1768898160000,90754.0,90805.0,90600.0,90641.0,7.713
1768898220000,90641.0,90717.0,90625.0,90627.0,1.0301
1768898280000,90627.0,90716.0,90568.0,90702.0,11.1879
1768898340000,90702.0,90731.0,90635.0,90667.0,1.2588
1768898400000,90667.0,90726.0,90664.0,90726.0,0.86
1768898460000,90726.0,90800.0,90712.0,90751.0,0.9959
1768898520000,90751.0,90752.0,90682.0,90701.0,1.108
1768898580000,90701.0,90805.0,90699.0,90739.0,2.571
1768898640000,90739.0,90769.0,90738.0,90769.0,0.5673
1768898700000,90769.0,90861.0,90769.0,90843.0,1.8209
1768898760000,90843.0,90843.0,90708.0,90711.0,4.8542
1768898820000,90711.0,90799.0,90711.0,90783.0,0.3056
1768898880000,90783.0,90783.0,90723.0,90774.0,0.4285
1768898940000,90774.0,90825.0,90774.0,90824.0,3.0123
1768899000000,90824.0,90840.0,90800.0,90821.0,0.6322
1768899060000,90821.0,90957.0,90807.0,90917.0,5.4735
1768899120000,90917.0,90985.0,90908.0,90985.0,1.8035
1768899180000,90985.0,90985.0,90914.0,90925.0,2.5805
1768899240000,90925.0,90929.0,90905.0,90905.0,0.5487
1768899300000,90905.0,91034.0,90905.0,90992.0,8.3865
1768899360000,90992.0,91022.0,90989.0,90989.0,0.1407
1768899420000,90989.0,91014.0,90981.0,91014.0,0.1838
1768899480000,91014.0,91021.0,90937.0,91008.0,4.6275
1768899540000,91008.0,91046.0,90965.0,91037.0,6.2433
1768899600000,91037.0,91037.0,90944.0,90980.0,4.7748
1768899660000,90980.0,91034.0,90938.0,90938.0,7.3969
1768899720000,90938.0,90951.0,90922.0,90934.0,5.0167
1768899780000,90934.0,90942.0,90901.0,90934.0,0.6206
1768899840000,90934.0,90960.0,90930.0,90945.0,1.0958
1768899900000,90945.0,91004.0,90945.0,90983.0,3.8088
1768899960000,90983.0,90996.0,90974.0,90996.0,4.0488
1768900020000,90996.0,91000.0,90967.0,90967.0,11.2723
1768900080000,90967.0,91024.0,90967.0,90988.0,2.0027
1768900140000,90988.0,90988.0,90961.0,90961.0,0.0833
1768900200000,90961.0,91012.0,90961.0,90998.0,0.2433
1768900260000,90998.0,91024.0,90988.0,90988.0,2.4806
1768900320000,90988.0,90988.0,90965.0,90978.0,0.0607
1768900380000,90978.0,90999.0,90974.0,90974.0,0.1263
1768900440000,90974.0,90990.0,90947.0,90990.0,0.1864
1768900500000,90990.0,91007.0,90977.0,91007.0,2.4428
1768900560000,91007.0,91012.0,90938.0,90946.0,0.1821
1768900620000,90946.0,90947.0,90883.0,90898.0,5.7921
1768900680000,90898.0,90898.0,90847.0,90862.0,1.0697
1768900740000,90862.0,90875.0,90862.0,90870.0,0.0422
1768900800000,90870.0,90895.0,90870.0,90893.0,0.0711
1768900860000,90893.0,90894.0,90877.0,90894.0,0.0601
1768900920000,90894.0,90915.0,90883.0,90899.0,0.044
1768900980000,90899.0,90921.0,90899.0,90912.0,0.1582
1768901040000,90912.0,90917.0,90889.0,90905.0,1.1261
1768901100000,90905.0,90939.0,90905.0,90935.0,0.5582
1768901160000,90935.0,90960.0,90918.0,90918.0,0.3901
1768901220000,90918.0,90929.0,90903.0,90926.0,0.0646
1768901280000,90926.0,90987.0,90926.0,90977.0,0.3897
1768901340000,90977.0,90989.0,90970.0,90970.0,1.6681
1768901400000,90970.0,90986.0,90905.0,90910.0,1.406
1768901460000,90910.0,90928.0,90909.0,90917.0,0.3179
1768901520000,90917.0,90917.0,90874.0,90898.0,0.6134
1768901580000,90898.0,90901.0,90831.0,90886.0,1.8482
1768901640000,90886.0,90966.0,90883.0,90883.0,0.7208
1768901700000,90883.0,90907.0,90872.0,90872.0,0.1169
1768901760000,90872.0,90901.0,90871.0,90879.0,0.0403
1768901820000,90879.0,90879.0,90805.0,90853.0,0.6435
1768901880000,90853.0,90921.0,90847.0,90921.0,0.7597
1768901940000,90921.0,90971.0,90921.0,90971.0,0.1436
1768902000000,90971.0,90977.0,90945.0,90952.0,0.5083
1768902060000,90952.0,90960.0,90949.0,90956.0,0.039
1768902120000,90956.0,90957.0,90928.0,90946.0,0.4862
1768902180000,90946.0,90958.0,90900.0,90958.0,0.4183
1768902240000,90958.0,90958.0,90932.0,90932.0,0.0347
1768902300000,90932.0,90973.0,90932.0,90957.0,1.4348
1768902360000,90957.0,91001.0,90957.0,90970.0,6.3463
1768902420000,90970.0,90970.0,90919.0,90919.0,0.6919
1768902480000,90919.0,90974.0,90919.0,90927.0,1.1443
1768902540000,90927.0,90964.0,90909.0,90909.0,0.1701
1768902600000,90909.0,90923.0,90874.0,90908.0,0.3696
1768902660000,90908.0,90935.0,90898.0,90929.0,0.0874
1768902720000,90929.0,90956.0,90918.0,90918.0,0.0887
1768902780000,90918.0,90928.0,90878.0,90888.0,1.5645
1768902840000,90888.0,90899.0,90872.0,90899.0,0.0672
1768902900000,90899.0,90934.0,90899.0,90918.0,0.0645
1768902960000,90918.0,90963.0,90918.0,90950.0,0.1014
1768903020000,90950.0,90971.0,90945.0,90964.0,0.6027
1768903080000,90964.0,90972.0,90957.0,90972.0,0.0391
1768903140000,90972.0,90972.0,90972.0,90972.0,0.0
1768903200000,90972.0,90972.0,90926.0,90953.0,1.0669
1768903260000,90953.0,90960.0,90946.0,90960.0,0.04
1768903320000,90960.0,90960.0,90938.0,90938.0,0.0256
1768903380000,90938.0,90963.0,90924.0,90963.0,0.3441
1768903440000,90963.0,90964.0,90925.0,90943.0,0.3416
1768903500000,90943.0,91000.0,90943.0,91000.0,3.129
1768903560000,91000.0,91019.0,90980.0,90980.0,3.7017
1768903620000,90980.0,91004.0,90978.0,91004.0,0.3479
1768903680000,91004.0,91042.0,90999.0,91017.0,0.3577
1768903740000,91017.0,91022.0,90967.0,90992.0,2.888
1768903800000,90992.0,90992.0,90973.0,90976.0,0.0228
1768903860000,90976.0,91045.0,90976.0,91040.0,0.374
1768903920000,91040.0,91047.0,91009.0,91017.0,0.1311
1768903980000,91017.0,91079.0,91001.0,91079.0,2.0744
1768904040000,91079.0,91112.0,91075.0,91112.0,0.4171
1768904100000,91112.0,91116.0,91094.0,91116.0,0.0236
1768904160000,91116.0,91116.0,91083.0,91089.0,0.2064
1768904220000,91089.0,91118.0,91089.0,91118.0,0.147
1768904280000,91118.0,91136.0,91106.0,91136.0,0.1573
1768904340000,91136.0,91145.0,91110.0,91145.0,1.4231
1768904400000,91145.0,91180.0,91112.0,91165.0,2.2758
1768904460000,91165.0,91193.0,91148.0,91148.0,2.003
1768904520000,91148.0,91148.0,91132.0,91145.0,0.1691
1768904580000,91145.0,91169.0,91136.0,91136.0,0.2678
1768904640000,91136.0,91136.0,91111.0,91122.0,0.046
1768904700000,91122.0,91142.0,91114.0,91142.0,2.2915
1768904760000,91142.0,91171.0,91142.0,91170.0,0.2435
1768904820000,91170.0,91198.0,91162.0,91189.0,5.1784
1768904880000,91189.0,91212.0,91170.0,91212.0,0.8783
1768904940000,91212.0,91212.0,91184.0,91211.0,0.1484
1768905000000,91211.0,91225.0,91177.0,91186.0,1.5462
1768905060000,91186.0,91186.0,91169.0,91169.0,0.0811
1768905120000,91169.0,91175.0,91138.0,91154.0,0.6668
1768905180000,91154.0,91201.0,91154.0,91190.0,0.1565
1768905240000,91190.0,91190.0,91138.0,91151.0,5.0741
1768905300000,91151.0,91155.0,91143.0,91150.0,0.2462
1768905360000,91150.0,91157.0,91136.0,91136.0,1.0666
1768905420000,91136.0,91136.0,91080.0,91080.0,4.0423
1768905480000,91080.0,91085.0,91062.0,91077.0,4.0178
1768905540000,91077.0,91112.0,91077.0,91112.0,0.1576
1768905600000,91112.0,91123.0,91104.0,91111.0,1.4361
1768905660000,91111.0,91114.0,91100.0,91114.0,0.1834
1768905720000,91114.0,91119.0,91113.0,91119.0,0.0174
1768905780000,91119.0,91156.0,91104.0,91149.0,0.3721
1768905840000,91149.0,91166.0,91130.0,91162.0,0.4571
1768905900000,91162.0,91163.0,91155.0,91155.0,0.0317
1768905960000,91155.0,91167.0,91155.0,91163.0,0.1234
1768906020000,91163.0,91176.0,91147.0,91147.0,2.2155
1768906080000,91147.0,91179.0,91147.0,91170.0,0.2168
1768906140000,91170.0,91170.0,91157.0,91169.0,0.3919
1768906200000,91169.0,91169.0,91152.0,91167.0,0.0119
1768906260000,91167.0,91180.0,91157.0,91180.0,2.2781
1768906320000,91180.0,91185.0,91146.0,91185.0,0.3006
1768906380000,91185.0,91194.0,91172.0,91194.0,0.1233
1768906440000,91194.0,91215.0,91192.0,91192.0,0.1395
1768906500000,91192.0,91198.0,91192.0,91195.0,0.0126
1768906560000,91195.0,91217.0,91195.0,91203.0,0.6281
1768906620000,91203.0,91225.0,91203.0,91218.0,0.1047
1768906680000,91218.0,91223.0,91216.0,91221.0,0.0411
1768906740000,91221.0,91221.0,91195.0,91196.0,0.0364
1768906800000,91196.0,91244.0,91196.0,91244.0,0.1951
1768906860000,91244.0,91276.0,91230.0,91239.0,5.5037
1768906920000,91239.0,91278.0,91239.0,91278.0,0.085
1768906980000,91278.0,91278.0,91234.0,91272.0,3.293
1768907040000,91272.0,91319.0,91272.0,91309.0,17.8427
1768907100000,91309.0,91309.0,91276.0,91285.0,0.1755
1768907160000,91285.0,91381.0,91285.0,91362.0,25.3255
1768907220000,91362.0,91362.0,91325.0,91338.0,0.4152
1768907280000,91338.0,91365.0,91322.0,91365.0,2.9117
1768907340000,91365.0,91365.0,91322.0,91322.0,1.6258
1768907400000,91322.0,91359.0,91322.0,91359.0,0.0596
1768907460000,91359.0,91359.0,91330.0,91339.0,0.3329
1768907520000,91339.0,91351.0,91327.0,91327.0,0.0392
1768907580000,91327.0,91327.0,91293.0,91311.0,0.4478
1768907640000,91311.0,91311.0,91292.0,91301.0,0.0343
1768907700000,91301.0,91311.0,91294.0,91299.0,0.313
1768907760000,91299.0,91299.0,91272.0,91272.0,0.3413
1768907820000,91272.0,91320.0,91272.0,91320.0,0.4109
1768907880000,91320.0,91320.0,91311.0,91311.0,0.0645
1768907940000,91311.0,91311.0,91299.0,91310.0,0.3637
1768908000000,91310.0,91310.0,91243.0,91243.0,0.5531
1768908060000,91243.0,91275.0,91243.0,91271.0,0.066
1768908120000,91271.0,91271.0,91264.0,91266.0,0.0883
1768908180000,91266.0,91268.0,91266.0,91266.0,0.2812
1768908240000,91266.0,91280.0,91266.0,91268.0,0.3166
1768908300000,91268.0,91307.0,91268.0,91307.0,0.1339
1768908360000,91307.0,91364.0,91307.0,91364.0,1.6796
1768908420000,91364.0,91366.0,91311.0,91366.0,0.3505
1768908480000,91366.0,91366.0,91346.0,91352.0,0.0345
1768908540000,91352.0,91352.0,91313.0,91341.0,0.2211
1768908600000,91341.0,91341.0,91312.0,91312.0,0.3966
1768908660000,91312.0,91312.0,91293.0,91311.0,1.4421
1768908720000,91311.0,91325.0,91308.0,91318.0,0.1849
1768908780000,91318.0,91318.0,91272.0,91281.0,1.9529
1768908840000,91281.0,91281.0,91269.0,91269.0,0.4175
1768908900000,91269.0,91287.0,91269.0,91284.0,0.0511
1768908960000,91284.0,91290.0,91271.0,91271.0,0.1884
1768909020000,91271.0,91271.0,91257.0,91269.0,0.1209
1768909080000,91269.0,91269.0,91249.0,91249.0,0.0109
1768909140000,91249.0,91264.0,91249.0,91264.0,0.0241
1768909200000,91264.0,91264.0,91208.0,91227.0,0.7188
1768909260000,91227.0,91227.0,91185.0,91185.0,2.159
1768909320000,91185.0,91241.0,91185.0,91235.0,4.1272
1768909380000,91235.0,91254.0,91228.0,91254.0,0.059
1768909440000,91254.0,91267.0,91251.0,91267.0,0.1961
1768909500000,91267.0,91270.0,91244.0,91270.0,0.251
1768909560000,91270.0,91275.0,91254.0,91260.0,0.0479
1768909620000,91260.0,91267.0,91260.0,91267.0,0.0001
1768909680000,91267.0,91267.0,91261.0,91263.0,0.036
1768909740000,91263.0,91267.0,91255.0,91267.0,0.3158
1768909800000,91267.0,91267.0,91241.0,91241.0,0.0526
1768909860000,91241.0,91241.0,91188.0,91201.0,4.9933
1768909920000,91201.0,91226.0,91193.0,91194.0,0.1123
1768909980000,91194.0,91206.0,91188.0,91188.0,0.0362
1768910040000,91188.0,91188.0,91166.0,91166.0,0.4538
1768910100000,91166.0,91210.0,91166.0,91199.0,0.7553
1768910160000,91199.0,91216.0,91199.0,91215.0,0.0122
1768910220000,91215.0,91219.0,91201.0,91219.0,0.0323
1768910280000,91219.0,91219.0,91159.0,91159.0,1.9568
1768910340000,91159.0,91159.0,91139.0,91152.0,0.4863
1768910400000,91152.0,91163.0,91109.0,91163.0,2.4686
1768910460000,91163.0,91167.0,91114.0,91125.0,0.9846
1768910520000,91125.0,91141.0,91113.0,91141.0,0.0521
1768910580000,91141.0,91151.0,91141.0,91151.0,0.0437
1768910640000,91151.0,91166.0,91149.0,91166.0,0.0597
1768910700000,91166.0,91166.0,91143.0,91153.0,0.0276
1768910760000,91153.0,91169.0,91153.0,91167.0,0.0425
1768910820000,91167.0,91187.0,91148.0,91187.0,0.2894
1768910880000,91187.0,91210.0,91187.0,91188.0,0.017
1768910940000,91188.0,91226.0,91186.0,91226.0,0.2869
1768911000000,91226.0,91226.0,91196.0,91196.0,0.1734
1768911060000,91196.0,91199.0,91186.0,91192.0,0.2666
1768911120000,91192.0,91213.0,91190.0,91213.0,0.0942
1768911180000,91213.0,91269.0,91212.0,91242.0,6.0615
1768911240000,91242.0,91242.0,91204.0,91204.0,0.162
1768911300000,91204.0,91222.0,91204.0,91222.0,0.0326
1768911360000,91222.0,91230.0,91195.0,91214.0,0.1801
1768911420000,91214.0,91214.0,91202.0,91208.0,0.0346
1768911480000,91208.0,91208.0,91093.0,91103.0,19.8908
1768911540000,91103.0,91103.0,91021.0,91036.0,4.7447
1768911600000,91036.0,91071.0,91035.0,91035.0,15.0674
1768911660000,91035.0,91067.0,91035.0,91035.0,0.0445
1768911720000,91035.0,91050.0,91015.0,91048.0,1.7349
1768911780000,91048.0,91048.0,91024.0,91024.0,0.0111
1768911840000,91024.0,91024.0,90985.0,91001.0,3.3467
1768911900000,91001.0,91046.0,90997.0,91043.0,6.0013
1768911960000,91043.0,91048.0,91030.0,91048.0,0.0284
1768912020000,91048.0,91137.0,91048.0,91105.0,1.2601
1768912080000,91105.0,91126.0,91084.0,91126.0,2.5058
1768912140000,91126.0,91126.0,91082.0,91082.0,0.2139
1768912200000,91082.0,91097.0,91082.0,91088.0,0.0015
1768912260000,91088.0,91148.0,91088.0,91148.0,0.3024
1768912320000,91148.0,91148.0,91085.0,91085.0,0.9422
1768912380000,91085.0,91132.0,91085.0,91132.0,0.8331
1768912440000,91132.0,91145.0,91132.0,91145.0,0.052
1768912500000,91145.0,91159.0,91145.0,91159.0,0.0126
1768912560000,91159.0,91159.0,91155.0,91155.0,0.008
1768912620000,91155.0,91155.0,91099.0,91099.0,0.248
1768912680000,91099.0,91145.0,91099.0,91144.0,0.2191
1768912740000,91144.0,91155.0,91130.0,91139.0,0.1847
1768912800000,91139.0,91139.0,91118.0,91118.0,0.0505
1768912860000,91118.0,91153.0,91118.0,91145.0,0.027
1768912920000,91145.0,91157.0,91145.0,91157.0,0.0258
1768912980000,91157.0,91157.0,91119.0,91119.0,0.0053
1768913040000,91119.0,91128.0,91095.0,91095.0,0.1763
1768913100000,91095.0,91128.0,91095.0,91115.0,0.052
1768913160000,91115.0,91118.0,91098.0,91114.0,0.0628
1768913220000,91114.0,91116.0,91104.0,91116.0,0.0114
1768913280000,91116.0,91135.0,91116.0,91131.0,0.1691
1768913340000,91131.0,91162.0,91131.0,91162.0,0.2482
1768913400000,91162.0,91195.0,91154.0,91186.0,1.3621
1768913460000,91186.0,91186.0,91142.0,91176.0,0.3535
1768913520000,91176.0,91176.0,91141.0,91141.0,0.2469
1768913580000,91141.0,91173.0,91140.0,91173.0,0.5126
1768913640000,91173.0,91173.0,91173.0,91173.0,0.0032
1768913700000,91173.0,91196.0,91171.0,91196.0,0.3132
1768913760000,91196.0,91199.0,91183.0,91199.0,0.1725
1768913820000,91199.0,91215.0,91183.0,91209.0,0.2589
1768913880000,91209.0,91231.0,91195.0,91223.0,1.1825
1768913940000,91223.0,91223.0,91219.0,91219.0,0.0994
1768914000000,91219.0,91219.0,91180.0,91207.0,0.2185
1768914060000,91207.0,91234.0,91174.0,91188.0,3.573
1768914120000,91188.0,91192.0,91110.0,91110.0,0.9763
1768914180000,91110.0,91110.0,91042.0,91063.0,1.4825
1768914240000,91063.0,91073.0,90997.0,91025.0,4.7297
1768914300000,91025.0,91030.0,90932.0,90944.0,5.0309
1768914360000,90944.0,90986.0,90933.0,90935.0,1.633
1768914420000,90935.0,90987.0,90920.0,90956.0,0.271
1768914480000,90956.0,90963.0,90934.0,90960.0,0.0845
1768914540000,90960.0,90975.0,90955.0,90955.0,0.4309
1768914600000,90955.0,90955.0,90888.0,90905.0,0.7387
1768914660000,90905.0,90916.0,90880.0,90880.0,0.3629
1768914720000,90880.0,90898.0,90822.0,90839.0,0.9966
1768914780000,90839.0,90847.0,90810.0,90829.0,1.8406
1768914840000,90829.0,90884.0,90822.0,90850.0,10.8274
1768914900000,90850.0,90884.0,90816.0,90884.0,1.2636
1768914960000,90884.0,90935.0,90883.0,90898.0,0.843
1768915020000,90898.0,90936.0,90888.0,90936.0,0.1535
1768915080000,90936.0,90936.0,90911.0,90912.0,0.0498
1768915140000,90912.0,90962.0,90912.0,90962.0,0.0891
1768915200000,90962.0,90987.0,90928.0,90969.0,0.1389
1768915260000,90969.0,90988.0,90969.0,90973.0,0.0449
1768915320000,90973.0,90973.0,90899.0,90942.0,0.6476
1768915380000,90942.0,90952.0,90924.0,90928.0,0.1976
1768915440000,90928.0,90937.0,90909.0,90937.0,0.0289
1768915500000,90937.0,90937.0,90908.0,90909.0,0.0497
1768915560000,90909.0,90926.0,90871.0,90894.0,0.8694
1768915620000,90894.0,90912.0,90859.0,90896.0,0.2388
1768915680000,90896.0,90899.0,90836.0,90836.0,0.2923
1768915740000,90836.0,90864.0,90809.0,90809.0,0.5213
1768915800000,90809.0,90846.0,90802.0,90816.0,0.381
1768915860000,90816.0,90857.0,90805.0,90832.0,1.3096
1768915920000,90832.0,90864.0,90832.0,90847.0,0.0768
1768915980000,90847.0,90865.0,90746.0,90770.0,7.034
1768916040000,90770.0,90909.0,90703.0,90845.0,3.1195
1768916100000,90845.0,90873.0,90797.0,90835.0,0.3931
1768916160000,90835.0,90883.0,90821.0,90857.0,0.4546
1768916220000,90857.0,90910.0,90845.0,90910.0,5.9285
1768916280000,90910.0,90933.0,90892.0,90899.0,4.512
1768916340000,90899.0,91016.0,90899.0,91016.0,0.2789
1768916400000,91016.0,91058.0,90965.0,91005.0,2.8841
1768916460000,91005.0,91024.0,90963.0,90964.0,0.2528
1768916520000,90964.0,90964.0,90917.0,90929.0,1.9592
1768916580000,90929.0,90961.0,90929.0,90961.0,0.1668
1768916640000,90961.0,90981.0,90954.0,90954.0,0.1535
1768916700000,90954.0,90987.0,90935.0,90987.0,0.1878
1768916760000,90987.0,90987.0,90884.0,90901.0,0.8414
1768916820000,90901.0,90953.0,90901.0,90927.0,0.2727
1768916880000,90927.0,90952.0,90921.0,90945.0,0.1138
1768916940000,90945.0,90965.0,90945.0,90961.0,0.0633
1768917000000,90961.0,90961.0,90871.0,90951.0,1.0399
1768917060000,90951.0,90965.0,90918.0,90957.0,0.3111
1768917120000,90957.0,90971.0,90952.0,90971.0,0.0214
1768917180000,90971.0,90994.0,90959.0,90959.0,0.1008
1768917240000,90959.0,90959.0,90867.0,90867.0,0.9744
1768917300000,90867.0,90901.0,90845.0,90872.0,0.247
1768917360000,90872.0,90873.0,90852.0,90852.0,0.0781
1768917420000,90852.0,90894.0,90852.0,90894.0,0.0451
1768917480000,90894.0,90901.0,90881.0,90881.0,0.1306
1768917540000,90881.0,90894.0,90873.0,90885.0,0.0335
1768917600000,90885.0,90948.0,90885.0,90935.0,0.6536
1768917660000,90935.0,90997.0,90935.0,90997.0,0.1401
1768917720000,90997.0,91028.0,90976.0,91028.0,0.9234
1768917780000,91028.0,91046.0,91022.0,91031.0,1.3055
1768917840000,91031.0,91055.0,91031.0,91055.0,0.2001
1768917900000,91055.0,91073.0,91055.0,91056.0,1.1158
1768917960000,91056.0,91063.0,91039.0,91039.0,0.0753
1768918020000,91039.0,91074.0,91039.0,91060.0,0.6286
1768918080000,91060.0,91060.0,91001.0,91001.0,0.6295
1768918140000,91001.0,91048.0,90990.0,91048.0,0.0519
1768918200000,91048.0,91048.0,91003.0,91003.0,0.2416
1768918260000,91003.0,91059.0,91003.0,91058.0,0.7756
1768918320000,91058.0,91058.0,91012.0,91012.0,1.1211
1768918380000,91012.0,91043.0,91012.0,91043.0,0.0769
1768918440000,91043.0,91047.0,91026.0,91026.0,0.0104
1768918500000,91026.0,91029.0,90992.0,90992.0,0.1229
1768918560000,90992.0,90992.0,90967.0,90967.0,0.0438
1768918620000,90967.0,90967.0,90821.0,90821.0,0.7714
1768918680000,90821.0,90821.0,90765.0,90765.0,1.0931
1768918740000,90765.0,90782.0,90642.0,90692.0,4.4828
1768918800000,90692.0,90829.0,90692.0,90821.0,1.6254
1768918860000,90821.0,90919.0,90821.0,90876.0,0.2927
1768918920000,90876.0,90933.0,90865.0,90933.0,3.0822
1768918980000,90933.0,90933.0,90829.0,90829.0,0.2005
1768919040000,90829.0,90867.0,90811.0,90867.0,0.1621
1768919100000,90867.0,90914.0,90767.0,90831.0,1.9801
1768919160000,90831.0,90889.0,90820.0,90841.0,0.3349
1768919220000,90841.0,90911.0,90841.0,90901.0,7.1379
1768919280000,90901.0,90918.0,90899.0,90912.0,0.3737
1768919340000,90912.0,90931.0,90889.0,90931.0,0.4248
1768919400000,90931.0,91010.0,90813.0,90895.0,19.6607
1768919460000,90895.0,90969.0,90638.0,90740.0,2.4037
1768919520000,90740.0,90815.0,90678.0,90687.0,4.9553
1768919580000,90687.0,90741.0,90657.0,90681.0,0.8162
1768919640000,90681.0,90772.0,90612.0,90747.0,9.0041
1768919700000,90747.0,91028.0,90747.0,90918.0,21.2713
1768919760000,90918.0,90942.0,90672.0,90764.0,5.7174
1768919820000,90764.0,90890.0,90752.0,90819.0,4.6252
1768919880000,90819.0,91179.0,90812.0,91179.0,6.8855
1768919940000,91179.0,91311.0,91117.0,91214.0,13.6646
1768920000000,91214.0,91279.0,91102.0,91102.0,2.5831
1768920060000,91102.0,91136.0,90924.0,90981.0,3.0718
1768920120000,90981.0,90981.0,90742.0,90851.0,4.5948
1768920180000,90851.0,91010.0,90788.0,90890.0,1.2777
1768920240000,90890.0,91089.0,90882.0,91011.0,1.5664
1768920300000,91011.0,91023.0,90791.0,90806.0,1.4806
1768920360000,90806.0,90824.0,90650.0,90699.0,2.0195
1768920420000,90699.0,90735.0,90389.0,90404.0,15.2289
1768920480000,90404.0,90492.0,90285.0,90291.0,22.9577
1768920540000,90291.0,90424.0,90187.0,90372.0,26.2018
1768920600000,90372.0,90500.0,90322.0,90492.0,5.8214
1768920660000,90492.0,90660.0,90492.0,90559.0,4.2667
1768920720000,90559.0,90655.0,90413.0,90654.0,4.8395
1768920780000,90654.0,90661.0,90455.0,90455.0,3.0093
1768920840000,90455.0,90513.0,90409.0,90409.0,1.0847
1768920900000,90409.0,90571.0,90393.0,90506.0,2.7213
1768920960000,90506.0,90567.0,90480.0,90566.0,1.2604
1768921020000,90566.0,90566.0,90454.0,90548.0,5.7043
1768921080000,90548.0,90638.0,90457.0,90468.0,1.7246
1768921140000,90468.0,90512.0,90398.0,90466.0,4.7891
1768921200000,90466.0,90527.0,90409.0,90434.0,0.9615
1768921260000,90434.0,90498.0,90272.0,90334.0,2.5179
1768921320000,90334.0,90422.0,90288.0,90315.0,1.2336
1768921380000,90315.0,90319.0,90112.0,90206.0,16.1868
1768921440000,90206.0,90277.0,90083.0,90254.0,13.2219
1768921500000,90254.0,90319.0,90203.0,90317.0,0.8908
1768921560000,90317.0,90367.0,90203.0,90227.0,0.9031
1768921620000,90227.0,90240.0,90000.0,90058.0,28.5228
1768921680000,90058.0,90140.0,89924.0,89947.0,117.4951
1768921740000,89947.0,89993.0,89833.0,89894.0,15.6882
1768921800000,89894.0,89922.0,89794.0,89921.0,8.0042
1768921860000,89921.0,90233.0,89848.0,90185.0,10.9481
1768921920000,90185.0,90362.0,90152.0,90315.0,5.0459
1768921980000,90315.0,90392.0,90257.0,90263.0,2.7019
1768922040000,90263.0,90263.0,90183.0,90228.0,3.5492
1768922100000,90228.0,90247.0,90135.0,90167.0,3.0849
1768922160000,90167.0,90271.0,90127.0,90271.0,23.4034
1768922220000,90271.0,90431.0,90271.0,90330.0,1.9757
1768922280000,90330.0,90330.0,90047.0,90047.0,3.4303
1768922340000,90047.0,90088.0,89950.0,89980.0,4.6731
1768922400000,89980.0,90120.0,89969.0,90120.0,3.3511
1768922460000,90120.0,90366.0,90080.0,90366.0,9.5352
1768922520000,90366.0,90463.0,90328.0,90409.0,2.2904
1768922580000,90409.0,90428.0,90367.0,90418.0,0.7286
1768922640000,90418.0,90598.0,90396.0,90588.0,16.2732
1768922700000,90588.0,90673.0,90544.0,90568.0,7.4476
1768922760000,90568.0,90608.0,90516.0,90528.0,0.8614
1768922820000,90528.0,90614.0,90489.0,90577.0,2.1361
1768922880000,90577.0,90611.0,90557.0,90557.0,0.3758
1768922940000,90557.0,90606.0,90557.0,90558.0,0.6814
1768923000000,90558.0,90672.0,90483.0,90593.0,1.2478
1768923060000,90593.0,90671.0,90575.0,90658.0,1.7172
1768923120000,90658.0,90674.0,90567.0,90674.0,0.1898
1768923180000,90674.0,90714.0,90636.0,90636.0,0.4495
1768923240000,90636.0,90713.0,90625.0,90676.0,1.2092
1768923300000,90676.0,90757.0,90674.0,90691.0,1.5594
1768923360000,90691.0,90737.0,90637.0,90667.0,0.6895
1768923420000,90667.0,90678.0,90564.0,90592.0,0.4344
1768923480000,90592.0,90653.0,90587.0,90587.0,0.1569
1768923540000,90587.0,90587.0,90522.0,90522.0,0.224
1768923600000,90522.0,90597.0,90522.0,90550.0,1.3346
1768923660000,90550.0,90571.0,90502.0,90512.0,0.7657
1768923720000,90512.0,90555.0,90473.0,90543.0,0.6724
1768923780000,90543.0,90554.0,90489.0,90511.0,0.7578
1768923840000,90511.0,90555.0,90478.0,90492.0,0.2041
1768923900000,90492.0,90492.0,90391.0,90391.0,0.5329
1768923960000,90391.0,90479.0,90383.0,90473.0,0.4055
1768924020000,90473.0,90481.0,90354.0,90366.0,0.3693
1768924080000,90366.0,90388.0,90314.0,90331.0,0.2614
1768924140000,90331.0,90417.0,90320.0,90416.0,0.2984
1768924200000,90416.0,90501.0,90366.0,90501.0,2.185
1768924260000,90501.0,90536.0,90416.0,90416.0,0.3354
1768924320000,90416.0,90440.0,90386.0,90430.0,0.3872
1768924380000,90430.0,90472.0,90405.0,90405.0,0.3875
1768924440000,90405.0,90414.0,90316.0,90316.0,3.3438
1768924500000,90316.0,90363.0,90295.0,90332.0,0.2534
1768924560000,90332.0,90437.0,90332.0,90437.0,0.7021
1768924620000,90437.0,90471.0,90425.0,90445.0,0.1588
1768924680000,90445.0,90456.0,90422.0,90456.0,0.6411
1768924740000,90456.0,90635.0,90456.0,90635.0,0.3387
1768924800000,90635.0,90736.0,90612.0,90718.0,1.6926
1768924860000,90718.0,90749.0,90623.0,90716.0,0.3465
1768924920000,90716.0,90746.0,90658.0,90736.0,1.0299
1768924980000,90736.0,90743.0,90627.0,90661.0,0.6407
1768925040000,90661.0,90664.0,90633.0,90654.0,0.3937
1768925100000,90654.0,90713.0,90610.0,90619.0,3.4214
1768925160000,90619.0,90625.0,90505.0,90623.0,0.7308
1768925220000,90623.0,90653.0,90588.0,90588.0,8.3647
1768925280000,90588.0,90588.0,90493.0,90496.0,0.1257
1768925340000,90496.0,90504.0,90457.0,90461.0,0.3423
1768925400000,90461.0,90639.0,90461.0,90613.0,0.2951
1768925460000,90613.0,90781.0,90613.0,90766.0,1.5212
1768925520000,90766.0,90815.0,90757.0,90781.0,25.9747
1768925580000,90781.0,90783.0,90711.0,90741.0,0.3899
1768925640000,90741.0,90741.0,90687.0,90714.0,2.5705
1768925700000,90714.0,90822.0,90664.0,90821.0,0.5568
1768925760000,90821.0,90840.0,90787.0,90824.0,0.274
1768925820000,90824.0,90874.0,90793.0,90850.0,7.6761
1768925880000,90850.0,90879.0,90812.0,90834.0,0.7126
1768925940000,90834.0,90922.0,90813.0,90922.0,2.7914
1768926000000,90922.0,90922.0,90813.0,90835.0,0.192
1768926060000,90835.0,90923.0,90712.0,90728.0,11.7279
1768926120000,90728.0,90774.0,90701.0,90701.0,0.4435
1768926180000,90701.0,90701.0,90624.0,90641.0,0.1984
1768926240000,90641.0,90641.0,90587.0,90595.0,0.0705
1768926300000,90595.0,90595.0,90561.0,90562.0,0.0744
1768926360000,90562.0,90562.0,90510.0,90554.0,0.1562
1768926420000,90554.0,90587.0,90551.0,90551.0,0.7879
1768926480000,90551.0,90551.0,90530.0,90547.0,0.0094
1768926540000,90547.0,90561.0,90547.0,90561.0,0.0024
1768926600000,90561.0,90599.0,90552.0,90559.0,0.0911
1768926660000,90559.0,90559.0,90559.0,90559.0,0.0
1768926720000,90559.0,90559.0,90559.0,90559.0,0.0
1768926780000,90559.0,90559.0,90559.0,90559.0,0.0
1768926840000,90559.0,90559.0,90559.0,90559.0,0.0
1768926900000,90559.0,90559.0,90559.0,90559.0,0.0
1768926960000,90559.0,90559.0,90559.0,90559.0,0.0
1768927020000,90559.0,90559.0,90559.0,90559.0,0.0
1768927080000,90559.0,90559.0,90559.0,90559.0,0.0
1768927140000,90559.0,90559.0,90559.0,90559.0,0.0
1768927200000,90559.0,90559.0,90327.0,90352.0,1.046
1768927260000,90352.0,90371.0,90180.0,90203.0,2.4795
1768927320000,90203.0,90212.0,90066.0,90113.0,28.0833
1768927380000,90113.0,90122.0,90023.0,90042.0,1.7809
1768927440000,90042.0,90100.0,90011.0,90066.0,1.8416
1768927500000,90066.0,90082.0,89968.0,89973.0,2.6405
1768927560000,89973.0,90082.0,89947.0,90026.0,1.5117
1768927620000,90026.0,90084.0,90007.0,90022.0,7.1273
1768927680000,90022.0,90049.0,89996.0,89999.0,1.9422
1768927740000,89999.0,90052.0,89987.0,90052.0,7.3752
1768927800000,90052.0,90196.0,90052.0,90175.0,25.4112
1768927860000,90175.0,90190.0,90056.0,90056.0,2.1084
1768927920000,90056.0,90101.0,90045.0,90082.0,0.7118
1768927980000,90082.0,90098.0,90026.0,90064.0,15.9711
1768928040000,90064.0,90100.0,90047.0,90049.0,0.5854
1768928100000,90049.0,90092.0,90025.0,90089.0,0.8453
1768928160000,90089.0,90160.0,90089.0,90147.0,0.8336
1768928220000,90147.0,90171.0,90102.0,90128.0,2.7797
1768928280000,90128.0,90162.0,90116.0,90134.0,2.7548
1768928340000,90134.0,90134.0,90088.0,90101.0,0.9787
1768928400000,90101.0,90153.0,90075.0,90075.0,2.1176
1768928460000,90075.0,90131.0,90075.0,90077.0,4.0474
1768928520000,90077.0,90128.0,89990.0,90128.0,4.1689
1768928580000,90128.0,90145.0,90060.0,90060.0,4.1083
1768928640000,90060.0,90178.0,90042.0,90178.0,0.3902
1768928700000,90178.0,90260.0,90178.0,90218.0,1.9882
1768928760000,90218.0,90438.0,90216.0,90377.0,5.216
1768928820000,90377.0,90414.0,90360.0,90367.0,2.0656
1768928880000,90367.0,90368.0,90351.0,90358.0,0.5463
1768928940000,90358.0,90364.0,90287.0,90340.0,1.2662
1768929000000,90340.0,90351.0,90268.0,90351.0,0.7557
1768929060000,90351.0,90374.0,90351.0,90374.0,1.3557
1768929120000,90374.0,90396.0,90370.0,90390.0,0.1002
1768929180000,90390.0,90407.0,90369.0,90369.0,0.9488
1768929240000,90369.0,90411.0,90369.0,90411.0,0.2506
1768929300000,90411.0,90451.0,90373.0,90414.0,0.5324
1768929360000,90414.0,90414.0,90294.0,90294.0,1.3592
1768929420000,90294.0,90329.0,90294.0,90312.0,0.1034
1768929480000,90312.0,90350.0,90285.0,90346.0,4.6981
1768929540000,90346.0,90346.0,90268.0,90278.0,0.7459
1768929600000,90278.0,90334.0,90239.0,90239.0,1.1593
1768929660000,90239.0,90265.0,90228.0,90254.0,0.6334
1768929720000,90254.0,90279.0,90214.0,90239.0,0.4628
1768929780000,90239.0,90243.0,90181.0,90237.0,1.7831
1768929840000,90237.0,90278.0,90224.0,90224.0,0.1222
1768929900000,90224.0,90236.0,90153.0,90158.0,0.5823
1768929960000,90158.0,90236.0,90132.0,90180.0,6.0369
1768930020000,90180.0,90180.0,90126.0,90160.0,0.2698
1768930080000,90160.0,90175.0,90141.0,90163.0,0.7949
1768930140000,90163.0,90163.0,90129.0,90147.0,0.141
1768930200000,90147.0,90151.0,90111.0,90142.0,1.2343
1768930260000,90142.0,90142.0,90090.0,90099.0,0.7853
1768930320000,90099.0,90099.0,90034.0,90085.0,0.1288
1768930380000,90085.0,90085.0,89929.0,89945.0,40.9485
1768930440000,89945.0,89957.0,89878.0,89897.0,37.6936
1768930500000,89897.0,89905.0,89690.0,89755.0,20.1921
1768930560000,89755.0,89762.0,89640.0,89722.0,14.4986
1768930620000,89722.0,89726.0,89652.0,89691.0,1.5668
1768930680000,89691.0,89890.0,89686.0,89863.0,6.8439
1768930740000,89863.0,89863.0,89675.0,89675.0,1.0511
1768930800000,89675.0,89743.0,89621.0,89684.0,3.9268
1768930860000,89684.0,89720.0,89619.0,89631.0,7.2152
1768930920000,89631.0,89746.0,89617.0,89716.0,3.4994
1768930980000,89716.0,89716.0,89651.0,89696.0,0.2029
1768931040000,89696.0,89705.0,89613.0,89613.0,0.6918
1768931100000,89613.0,89684.0,89591.0,89631.0,22.993
1768931160000,89631.0,89631.0,89375.0,89422.0,94.1041
1768931220000,89422.0,89523.0,89421.0,89513.0,4.2217
1768931280000,89513.0,89632.0,89484.0,89600.0,1.4607
1768931340000,89600.0,89703.0,89600.0,89638.0,5.5002
1768931400000,89638.0,89663.0,89496.0,89508.0,3.4203
1768931460000,89508.0,89553.0,89497.0,89523.0,1.2948
1768931520000,89523.0,89587.0,89351.0,89572.0,3.7324
1768931580000,89572.0,89588.0,89513.0,89562.0,1.4746
1768931640000,89562.0,89735.0,89537.0,89735.0,5.9366
1768931700000,89735.0,89735.0,89636.0,89654.0,0.3468
1768931760000,89654.0,89689.0,89613.0,89689.0,0.429
1768931820000,89689.0,89768.0,89681.0,89734.0,1.9198
1768931880000,89734.0,89734.0,89667.0,89707.0,0.246
1768931940000,89707.0,89731.0,89678.0,89697.0,1.055
1768932000000,89697.0,89816.0,89695.0,89790.0,2.4817
1768932060000,89790.0,89845.0,89760.0,89792.0,51.7148
1768932120000,89792.0,89826.0,89766.0,89800.0,1.6063
1768932180000,89800.0,89816.0,89776.0,89807.0,0.4905
1768932240000,89807.0,89825.0,89760.0,89825.0,1.364
1768932300000,89825.0,89843.0,89761.0,89761.0,0.5165
1768932360000,89761.0,89797.0,89733.0,89736.0,2.1556
1768932420000,89736.0,89798.0,89718.0,89789.0,1.02
1768932480000,89789.0,89801.0,89636.0,89692.0,13.6674
1768932540000,89692.0,89716.0,89690.0,89697.0,0.3711
1768932600000,89697.0,89797.0,89697.0,89766.0,1.2062
1768932660000,89766.0,89814.0,89749.0,89768.0,0.2283
1768932720000,89768.0,89783.0,89748.0,89771.0,1.1137
1768932780000,89771.0,89855.0,89771.0,89835.0,6.469
1768932840000,89835.0,89846.0,89805.0,89830.0,0.6108
1768932900000,89830.0,89851.0,89791.0,89820.0,0.8565
1768932960000,89820.0,89879.0,89771.0,89879.0,1.0884
1768933020000,89879.0,89886.0,89824.0,89824.0,1.4957
1768933080000,89824.0,89824.0,89748.0,89748.0,1.9394
1768933140000,89748.0,89748.0,89691.0,89713.0,1.0595
1768933200000,89713.0,89720.0,89571.0,89600.0,3.828
1768933260000,89600.0,89617.0,89585.0,89585.0,0.3438
1768933320000,89585.0,89685.0,89561.0,89685.0,4.3258
1768933380000,89685.0,89685.0,89627.0,89640.0,0.2471
1768933440000,89640.0,89732.0,89627.0,89723.0,0.2619
1768933500000,89723.0,89750.0,89708.0,89748.0,0.2985
1768933560000,89748.0,89813.0,89738.0,89813.0,2.6748
1768933620000,89813.0,89819.0,89777.0,89777.0,0.7933
1768933680000,89777.0,89792.0,89628.0,89651.0,15.4513
1768933740000,89651.0,89713.0,89651.0,89653.0,7.8849
1768933800000,89653.0,89680.0,89608.0,89622.0,4.4137
1768933860000,89622.0,89647.0,89608.0,89621.0,0.6382
1768933920000,89621.0,89638.0,89592.0,89592.0,2.5106
1768933980000,89592.0,89598.0,89550.0,89567.0,2.8348
1768934040000,89567.0,89615.0,89558.0,89610.0,0.3349
1768934100000,89610.0,89625.0,89549.0,89579.0,0.4577
1768934160000,89579.0,89661.0,89440.0,89483.0,22.6656
1768934220000,89483.0,89500.0,89473.0,89493.0,1.62
1768934280000,89493.0,89498.0,89456.0,89487.0,2.0137
1768934340000,89487.0,89526.0,89472.0,89512.0,1.1611
1768934400000,89512.0,89512.0,89384.0,89411.0,1.4986
1768934460000,89411.0,89480.0,89352.0,89461.0,1.6071
1768934520000,89461.0,89474.0,89419.0,89425.0,0.2092
1768934580000,89425.0,89449.0,89376.0,89435.0,4.5904
1768934640000,89435.0,89461.0,89423.0,89437.0,1.9448
1768934700000,89437.0,89452.0,89405.0,89405.0,0.8326
1768934760000,89405.0,89436.0,89396.0,89416.0,0.7732
1768934820000,89416.0,89416.0,89384.0,89398.0,2.4969
1768934880000,89398.0,89480.0,89398.0,89480.0,4.453
1768934940000,89480.0,89540.0,89480.0,89525.0,12.8432
1768935000000,89525.0,89525.0,89487.0,89507.0,0.4916
1768935060000,89507.0,89568.0,89464.0,89542.0,1.6277
1768935120000,89542.0,89546.0,89481.0,89501.0,0.6005
1768935180000,89501.0,89501.0,89424.0,89460.0,0.7848
1768935240000,89460.0,89460.0,89298.0,89340.0,2.6169
1768935300000,89340.0,89400.0,89327.0,89400.0,2.7669
1768935360000,89400.0,89487.0,89372.0,89437.0,1.8729
1768935420000,89437.0,89464.0,89436.0,89436.0,0.1297
1768935480000,89436.0,89494.0,89424.0,89431.0,4.1651
1768935540000,89431.0,89447.0,89406.0,89415.0,0.7288
1768935600000,89415.0,89553.0,89415.0,89503.0,0.7457
1768935660000,89503.0,89551.0,89450.0,89465.0,0.5979
1768935720000,89465.0,89496.0,89447.0,89496.0,0.5602
1768935780000,89496.0,89578.0,89496.0,89524.0,3.2344
1768935840000,89524.0,89524.0,89467.0,89479.0,0.3617
1768935900000,89479.0,89617.0,89479.0,89579.0,2.2272
1768935960000,89579.0,89675.0,89574.0,89675.0,1.1002
1768936020000,89675.0,89692.0,89617.0,89669.0,3.1502
1768936080000,89669.0,89733.0,89669.0,89697.0,1.5071
1768936140000,89697.0,89697.0,89618.0,89650.0,0.2822
1768936200000,89650.0,89650.0,89610.0,89624.0,0.5312
1768936260000,89624.0,89624.0,89576.0,89608.0,0.2293
1768936320000,89608.0,89629.0,89508.0,89516.0,2.4463
1768936380000,89516.0,89516.0,89362.0,89370.0,1.2368
1768936440000,89370.0,89503.0,89370.0,89499.0,1.4453
1768936500000,89499.0,89517.0,89467.0,89503.0,1.662
1768936560000,89503.0,89561.0,89480.0,89542.0,1.1716
1768936620000,89542.0,89626.0,89536.0,89626.0,1.3318
1768936680000,89626.0,89626.0,89550.0,89550.0,1.7304
1768936740000,89550.0,89600.0,89550.0,89590.0,0.0975
1768936800000,89590.0,89606.0,89568.0,89606.0,0.0064
1768936860000,89606.0,89606.0,89538.0,89550.0,0.2502
1768936920000,89550.0,89550.0,89510.0,89514.0,0.6674
1768936980000,89514.0,89514.0,89444.0,89444.0,0.5125
1768937040000,89444.0,89501.0,89422.0,89501.0,0.3885
1768937100000,89501.0,89517.0,89456.0,89456.0,0.7524
1768937160000,89456.0,89493.0,89456.0,89488.0,0.1463
1768937220000,89488.0,89488.0,89441.0,89444.0,0.3901
1768937280000,89444.0,89476.0,89436.0,89437.0,0.3467
1768937340000,89437.0,89476.0,89395.0,89407.0,10.2833
1768937400000,89407.0,89415.0,89256.0,89269.0,32.4807
1768937460000,89269.0,89335.0,89197.0,89291.0,10.6966
1768937520000,89291.0,89415.0,89285.0,89415.0,1.8891
1768937580000,89415.0,89447.0,89334.0,89334.0,1.5428
1768937640000,89334.0,89368.0,89285.0,89324.0,0.5213
1768937700000,89324.0,89355.0,89197.0,89240.0,5.5039
1768937760000,89240.0,89265.0,89210.0,89219.0,10.7293
1768937820000,89219.0,89363.0,89219.0,89340.0,14.8201
1768937880000,89340.0,89379.0,89297.0,89297.0,0.3775
1768937940000,89297.0,89308.0,89232.0,89237.0,0.3175
1768938000000,89237.0,89284.0,89234.0,89284.0,1.5278
1768938060000,89284.0,89426.0,89284.0,89413.0,3.2216
1768938120000,89413.0,89468.0,89396.0,89452.0,3.1953
1768938180000,89452.0,89472.0,89367.0,89390.0,0.6603
1768938240000,89390.0,89403.0,89363.0,89363.0,0.1703
1768938300000,89363.0,89393.0,89290.0,89291.0,3.0405
1768938360000,89291.0,89404.0,89284.0,89404.0,0.3611
1768938420000,89404.0,89404.0,89342.0,89342.0,0.5978
1768938480000,89342.0,89428.0,89340.0,89400.0,7.8941
1768938540000,89400.0,89414.0,89376.0,89394.0,0.3512
1768938600000,89394.0,89472.0,89392.0,89466.0,0.8345
1768938660000,89466.0,89466.0,89421.0,89448.0,0.5896
1768938720000,89448.0,89577.0,89438.0,89577.0,0.3799
1768938780000,89577.0,89682.0,89572.0,89676.0,26.0409
1768938840000,89676.0,89709.0,89637.0,89703.0,8.2851
1768938900000,89703.0,89703.0,89679.0,89681.0,3.2145
1768938960000,89681.0,89689.0,89645.0,89656.0,0.6446
1768939020000,89656.0,89675.0,89644.0,89657.0,3.7733
1768939080000,89657.0,89657.0,89639.0,89651.0,0.535
1768939140000,89651.0,89651.0,89629.0,89642.0,0.1499
1768939200000,89642.0,89642.0,89540.0,89540.0,1.9485
1768939260000,89540.0,89555.0,89515.0,89518.0,0.2763
1768939320000,89518.0,89518.0,89453.0,89453.0,2.122
1768939380000,89453.0,89544.0,89453.0,89529.0,0.1614
1768939440000,89529.0,89529.0,89481.0,89504.0,0.1762
1768939500000,89504.0,89504.0,89402.0,89432.0,1.4827
1768939560000,89432.0,89435.0,89391.0,89391.0,1.273
1768939620000,89391.0,89408.0,89359.0,89408.0,1.7548
1768939680000,89408.0,89473.0,89408.0,89443.0,2.3393
1768939740000,89443.0,89495.0,89426.0,89455.0,1.804
1768939800000,89455.0,89472.0,89404.0,89404.0,0.3647
1768939860000,89404.0,89564.0,89389.0,89478.0,1.6564
1768939920000,89478.0,89478.0,89395.0,89409.0,0.7469
1768939980000,89409.0,89409.0,89378.0,89383.0,1.2924
1768940040000,89383.0,89420.0,89304.0,89317.0,0.8291
1768940100000,89317.0,89363.0,89317.0,89334.0,2.6142
1768940160000,89334.0,89410.0,89322.0,89393.0,0.7708
1768940220000,89393.0,89607.0,89393.0,89598.0,18.4368
1768940280000,89598.0,89744.0,89591.0,89616.0,8.6261
1768940340000,89616.0,89734.0,89616.0,89716.0,11.9957
1768940400000,89716.0,89755.0,89685.0,89723.0,2.7988
1768940460000,89723.0,89724.0,89645.0,89645.0,0.2702
1768940520000,89645.0,89689.0,89645.0,89647.0,2.7625
1768940580000,89647.0,89689.0,89647.0,89654.0,4.0551
1768940640000,89654.0,89735.0,89648.0,89735.0,2.119
1768940700000,89735.0,89748.0,89720.0,89748.0,0.2734
1768940760000,89748.0,89748.0,89649.0,89674.0,7.7136
1768940820000,89674.0,89712.0,89657.0,89693.0,3.2026
1768940880000,89693.0,89694.0,89650.0,89677.0,0.2915
1768940940000,89677.0,89744.0,89677.0,89706.0,1.7193
1768941000000,89706.0,89720.0,89596.0,89596.0,1.3714
1768941060000,89596.0,89633.0,89596.0,89614.0,0.6037
1768941120000,89614.0,89656.0,89603.0,89650.0,0.4803
1768941180000,89650.0,89650.0,89558.0,89606.0,1.3712
1768941240000,89606.0,89613.0,89585.0,89601.0,5.6565
1768941300000,89601.0,89601.0,89549.0,89550.0,2.8481
1768941360000,89550.0,89625.0,89538.0,89573.0,7.8549
1768941420000,89573.0,89588.0,89571.0,89588.0,0.2764
1768941480000,89588.0,89588.0,89540.0,89549.0,0.5128
1768941540000,89549.0,89563.0,89538.0,89547.0,1.4954
1768941600000,89547.0,89596.0,89545.0,89566.0,14.7143
1768941660000,89566.0,89577.0,89532.0,89576.0,0.9744
1768941720000,89576.0,89636.0,89529.0,89572.0,21.669
1768941780000,89572.0,89572.0,89531.0,89564.0,0.7819
1768941840000,89564.0,89580.0,89525.0,89578.0,0.4782
1768941900000,89578.0,89668.0,89554.0,89668.0,1.4912
1768941960000,89668.0,89730.0,89656.0,89691.0,9.656
1768942020000,89691.0,89766.0,89691.0,89749.0,1.1261
1768942080000,89749.0,89774.0,89618.0,89636.0,11.1411
1768942140000,89636.0,89669.0,89636.0,89651.0,0.5602
1768942200000,89651.0,89731.0,89647.0,89729.0,0.6337
1768942260000,89729.0,89746.0,89678.0,89678.0,17.8918
1768942320000,89678.0,89681.0,89630.0,89657.0,1.0864
1768942380000,89657.0,89680.0,89594.0,89594.0,5.4704
1768942440000,89594.0,89597.0,89453.0,89453.0,7.3297
1768942500000,89453.0,89604.0,89444.0,89596.0,1.1198
1768942560000,89596.0,89642.0,89580.0,89616.0,0.4061
1768942620000,89616.0,89662.0,89548.0,89555.0,5.6011
1768942680000,89555.0,89584.0,89527.0,89558.0,0.6407
1768942740000,89558.0,89673.0,89537.0,89673.0,12.6259
1768942800000,89673.0,89698.0,89620.0,89620.0,2.3872
1768942860000,89620.0,89640.0,89561.0,89640.0,0.9018
1768942920000,89640.0,89640.0,89588.0,89612.0,0.214
1768942980000,89612.0,89640.0,89587.0,89587.0,3.9036
1768943040000,89587.0,89600.0,89532.0,89556.0,1.1511
1768943100000,89556.0,89615.0,89556.0,89596.0,0.3354
1768943160000,89596.0,89645.0,89596.0,89640.0,0.4039
1768943220000,89640.0,89699.0,89632.0,89699.0,0.5754
1768943280000,89699.0,89699.0,89640.0,89688.0,0.6704
1768943340000,89688.0,89714.0,89673.0,89714.0,0.3628
1768943400000,89714.0,89733.0,89670.0,89726.0,0.2862
1768943460000,89726.0,89738.0,89700.0,89738.0,0.2851
1768943520000,89738.0,89749.0,89719.0,89749.0,0.4621
1768943580000,89749.0,89749.0,89727.0,89738.0,0.0892
1768943640000,89738.0,89738.0,89700.0,89731.0,0.2963
1768943700000,89731.0,89731.0,89700.0,89716.0,0.2352
1768943760000,89716.0,89716.0,89671.0,89673.0,1.1611
1768943820000,89673.0,89681.0,89642.0,89663.0,0.6739
1768943880000,89663.0,89698.0,89663.0,89667.0,0.2342
1768943940000,89667.0,89667.0,89627.0,89630.0,0.4943
1768944000000,89630.0,89639.0,89586.0,89589.0,0.4115
1768944060000,89589.0,89600.0,89559.0,89586.0,1.7439
1768944120000,89586.0,89614.0,89586.0,89601.0,0.2748
1768944180000,89601.0,89601.0,89570.0,89584.0,0.0742
1768944240000,89584.0,89591.0,89574.0,89591.0,0.1438
1768944300000,89591.0,89598.0,89591.0,89598.0,0.0377
1768944360000,89598.0,89598.0,89552.0,89556.0,0.1968
1768944420000,89556.0,89600.0,89556.0,89600.0,0.1356
1768944480000,89600.0,89600.0,89536.0,89549.0,0.389
1768944540000,89549.0,89571.0,89501.0,89548.0,1.0967
1768944600000,89548.0,89548.0,89505.0,89505.0,0.0668
1768944660000,89505.0,89535.0,89498.0,89535.0,0.1404
1768944720000,89535.0,89535.0,89516.0,89521.0,0.0115
1768944780000,89521.0,89521.0,89424.0,89444.0,1.6383
1768944840000,89444.0,89444.0,89392.0,89408.0,1.4021
1768944900000,89408.0,89454.0,89408.0,89451.0,0.6321
1768944960000,89451.0,89451.0,89391.0,89422.0,0.3728
1768945020000,89422.0,89448.0,89412.0,89448.0,0.1548
1768945080000,89448.0,89460.0,89435.0,89460.0,0.1241
1768945140000,89460.0,89502.0,89459.0,89459.0,0.4088
1768945200000,89459.0,89480.0,89447.0,89447.0,0.8875
1768945260000,89447.0,89449.0,89418.0,89425.0,0.4909
1768945320000,89425.0,89446.0,89416.0,89416.0,4.0588
1768945380000,89416.0,89432.0,89377.0,89427.0,3.4714
1768945440000,89427.0,89456.0,89427.0,89456.0,0.0462
1768945500000,89456.0,89514.0,89456.0,89470.0,0.8446
1768945560000,89470.0,89470.0,89426.0,89444.0,0.2787
1768945620000,89444.0,89444.0,89373.0,89377.0,0.5812
1768945680000,89377.0,89377.0,89351.0,89361.0,0.2307
1768945740000,89361.0,89365.0,89350.0,89350.0,0.0061
1768945800000,89350.0,89366.0,89331.0,89358.0,1.3232
1768945860000,89358.0,89414.0,89358.0,89404.0,1.1374
1768945920000,89404.0,89433.0,89390.0,89405.0,0.6315
1768945980000,89405.0,89412.0,89396.0,89412.0,0.0145
1768946040000,89412.0,89412.0,89393.0,89393.0,0.0573
1768946100000,89393.0,89418.0,89380.0,89418.0,0.1092
1768946160000,89418.0,89435.0,89418.0,89435.0,0.0225
1768946220000,89435.0,89459.0,89435.0,89457.0,0.3429
1768946280000,89457.0,89462.0,89432.0,89462.0,0.027
1768946340000,89462.0,89470.0,89382.0,89383.0,1.1206
1768946400000,89383.0,89398.0,89362.0,89398.0,0.8095
1768946460000,89398.0,89451.0,89396.0,89442.0,0.3525
1768946520000,89442.0,89448.0,89400.0,89447.0,0.2287
1768946580000,89447.0,89464.0,89444.0,89464.0,0.0219
1768946640000,89464.0,89495.0,89460.0,89489.0,0.0957
1768946700000,89489.0,89507.0,89468.0,89479.0,2.715
1768946760000,89479.0,89509.0,89475.0,89509.0,0.1858
1768946820000,89509.0,89537.0,89463.0,89463.0,1.0041
1768946880000,89463.0,89513.0,89446.0,89501.0,0.8204
1768946940000,89501.0,89506.0,89458.0,89496.0,1.1374
1768947000000,89496.0,89509.0,89493.0,89494.0,0.5284
1768947060000,89494.0,89505.0,89473.0,89479.0,23.0962
1768947120000,89479.0,89479.0,89479.0,89479.0,0.0
1768947180000,89479.0,89533.0,89471.0,89530.0,0.5773
1768947240000,89530.0,89547.0,89530.0,89547.0,0.0299
1768947300000,89547.0,89554.0,89538.0,89554.0,0.0169
1768947360000,89554.0,89554.0,89533.0,89550.0,1.0209
1768947420000,89550.0,89558.0,89545.0,89545.0,0.0431
1768947480000,89545.0,89554.0,89541.0,89554.0,0.2337
1768947540000,89554.0,89558.0,89537.0,89558.0,0.2222
1768947600000,89558.0,89558.0,89512.0,89529.0,0.2489
1768947660000,89529.0,89529.0,89510.0,89527.0,0.3155
1768947720000,89527.0,89530.0,89514.0,89516.0,0.2251
1768947780000,89516.0,89530.0,89513.0,89525.0,0.679
1768947840000,89525.0,89525.0,89466.0,89477.0,0.0998
1768947900000,89477.0,89477.0,89466.0,89469.0,0.0031
1768947960000,89469.0,89487.0,89440.0,89485.0,0.31
1768948020000,89485.0,89487.0,89413.0,89431.0,0.6457
1768948080000,89431.0,89431.0,89375.0,89391.0,0.1766
1768948140000,89391.0,89432.0,89377.0,89431.0,0.1654
1768948200000,89431.0,89445.0,89379.0,89379.0,0.5934
1768948260000,89379.0,89388.0,89376.0,89387.0,0.0848
1768948320000,89387.0,89390.0,89376.0,89390.0,0.1116
1768948380000,89390.0,89390.0,87646.0,88093.0,326.9304
1768948440000,88093.0,88436.0,88093.0,88137.0,19.3374
1768948500000,88137.0,88509.0,88019.0,88509.0,24.2888
1768948560000,88509.0,88571.0,88293.0,88324.0,13.7305
1768948620000,88324.0,88434.0,88202.0,88366.0,16.9257
1768948680000,88366.0,88536.0,88318.0,88522.0,4.3462
1768948740000,88522.0,88550.0,88465.0,88465.0,6.4942
1768948800000,88465.0,88489.0,88399.0,88413.0,7.6881
1768948860000,88413.0,88550.0,88408.0,88522.0,0.8664
1768948920000,88522.0,88541.0,88476.0,88501.0,2.6306
1768948980000,88501.0,88501.0,88324.0,88384.0,1.6883
1768949040000,88384.0,88512.0,88370.0,88491.0,3.42
1768949100000,88491.0,88578.0,88491.0,88533.0,4.547
1768949160000,88533.0,88564.0,88316.0,88337.0,4.7494
1768949220000,88337.0,88337.0,88280.0,88299.0,0.3013
1768949280000,88299.0,88439.0,88299.0,88422.0,0.3998
1768949340000,88422.0,88448.0,88353.0,88353.0,0.7779
1768949400000,88353.0,88353.0,88221.0,88264.0,1.8622
1768949460000,88264.0,88290.0,88182.0,88197.0,2.2118
1768949520000,88197.0,88287.0,88107.0,88268.0,6.2692
1768949580000,88268.0,88356.0,88248.0,88355.0,2.904
1768949640000,88355.0,88397.0,88351.0,88376.0,1.1299
1768949700000,88376.0,88414.0,88365.0,88383.0,1.0575
1768949760000,88383.0,88477.0,88383.0,88465.0,0.2895
1768949820000,88465.0,88494.0,88457.0,88464.0,0.4055
1768949880000,88464.0,88464.0,88349.0,88359.0,0.4238
1768949940000,88359.0,88424.0,88357.0,88413.0,0.3626
1768950000000,88413.0,88415.0,88247.0,88337.0,0.9952
1768950060000,88337.0,88337.0,88120.0,88159.0,9.4545
1768950120000,88159.0,88275.0,88159.0,88214.0,1.5233
1768950180000,88214.0,88214.0,88023.0,88033.0,4.0485
1768950240000,88033.0,88105.0,88005.0,88060.0,6.4678
1768950300000,88060.0,88112.0,88012.0,88036.0,2.1146
1768950360000,88036.0,88107.0,87996.0,88081.0,6.1407
1768950420000,88081.0,88101.0,88040.0,88092.0,1.8721
1768950480000,88092.0,88149.0,88075.0,88120.0,2.7449
1768950540000,88120.0,88128.0,88047.0,88067.0,0.3834
1768950600000,88067.0,88149.0,88067.0,88149.0,1.4923
1768950660000,88149.0,88178.0,88087.0,88119.0,1.4205
1768950720000,88119.0,88129.0,88088.0,88129.0,0.7693
1768950780000,88129.0,88156.0,88100.0,88110.0,1.8057
1768950840000,88110.0,88122.0,88106.0,88122.0,0.0978
1768950900000,88122.0,88129.0,88084.0,88113.0,0.2277
1768950960000,88113.0,88138.0,88068.0,88068.0,0.7606
1768951020000,88068.0,88068.0,87798.0,87799.0,16.5605
1768951080000,87799.0,87979.0,87795.0,87914.0,2.618
1768951140000,87914.0,87930.0,87844.0,87900.0,23.751
1768951200000,87900.0,87998.0,87900.0,87919.0,1.7255
1768951260000,87919.0,88067.0,87919.0,88061.0,1.6099
1768951320000,88061.0,88135.0,88040.0,88135.0,5.7682
1768951380000,88135.0,88190.0,88059.0,88085.0,44.4745
1768951440000,88085.0,88085.0,87986.0,88059.0,0.876
1768951500000,88059.0,88096.0,88010.0,88031.0,1.4581
1768951560000,88031.0,88031.0,87919.0,87934.0,0.6965
1768951620000,87934.0,88081.0,87924.0,88070.0,7.0202
1768951680000,88070.0,88105.0,88053.0,88053.0,0.6126
1768951740000,88053.0,88079.0,88022.0,88022.0,0.3637
1768951800000,88022.0,88153.0,88022.0,88153.0,0.3506
1768951860000,88153.0,88202.0,88129.0,88182.0,2.0123
1768951920000,88182.0,88285.0,88169.0,88261.0,5.6029
1768951980000,88261.0,88285.0,88248.0,88271.0,0.4099
1768952040000,88271.0,88316.0,88253.0,88316.0,1.0935
1768952100000,88316.0,88359.0,88316.0,88359.0,0.0347
1768952160000,88359.0,88377.0,88336.0,88367.0,1.7508
1768952220000,88367.0,88374.0,88354.0,88374.0,0.318
1768952280000,88374.0,88410.0,88336.0,88336.0,0.2598
1768952340000,88336.0,88338.0,88300.0,88330.0,0.4426
1768952400000,88330.0,88394.0,88330.0,88365.0,0.5754
1768952460000,88365.0,88378.0,88293.0,88311.0,0.2033
1768952520000,88311.0,88342.0,88272.0,88342.0,0.1933
1768952580000,88342.0,88408.0,88323.0,88400.0,0.3487
1768952640000,88400.0,88448.0,88400.0,88405.0,0.1583
1768952700000,88405.0,88437.0,88364.0,88412.0,11.7439
1768952760000,88412.0,88427.0,88381.0,88383.0,0.0679
1768952820000,88383.0,88387.0,88320.0,88371.0,0.7955
1768952880000,88371.0,88371.0,88257.0,88267.0,1.3408
1768952940000,88267.0,88294.0,88245.0,88272.0,0.857
1768953000000,88272.0,88333.0,88266.0,88322.0,0.6151
1768953060000,88322.0,88370.0,88298.0,88370.0,0.1607
1768953120000,88370.0,88377.0,88301.0,88301.0,0.1671
1768953180000,88301.0,88344.0,88295.0,88304.0,0.3297
1768953240000,88304.0,88381.0,88304.0,88365.0,4.2504
1768953300000,88365.0,88394.0,88350.0,88388.0,0.19
1768953360000,88388.0,88406.0,88379.0,88391.0,0.1449
1768953420000,88391.0,88396.0,88351.0,88359.0,0.4576
1768953480000,88359.0,88368.0,88312.0,88350.0,3.5241
1768953540000,88350.0,88356.0,88347.0,88348.0,0.0182
1768953600000,88348.0,88459.0,88272.0,88440.0,4.958
1768953660000,88440.0,88460.0,88375.0,88421.0,0.6223
1768953720000,88421.0,88438.0,88366.0,88410.0,1.9563
1768953780000,88410.0,88492.0,88410.0,88481.0,0.9252
1768953840000,88481.0,88543.0,88481.0,88493.0,2.39
1768953900000,88493.0,88532.0,88485.0,88522.0,1.2511
1768953960000,88522.0,88522.0,88429.0,88429.0,0.4233
1768954020000,88429.0,88491.0,88428.0,88491.0,0.2437
1768954080000,88491.0,88491.0,88433.0,88433.0,0.3444
1768954140000,88433.0,88464.0,88431.0,88440.0,0.1256
1768954200000,88440.0,88461.0,88412.0,88415.0,0.0821
1768954260000,88415.0,88415.0,88377.0,88391.0,0.7606
1768954320000,88391.0,88419.0,88378.0,88398.0,0.1923
1768954380000,88398.0,88408.0,88369.0,88390.0,0.1522
1768954440000,88390.0,88390.0,88301.0,88343.0,0.2655
1768954500000,88343.0,88380.0,88321.0,88337.0,0.566
1768954560000,88337.0,88337.0,88298.0,88315.0,0.3602
1768954620000,88315.0,88315.0,88235.0,88274.0,11.1317
1768954680000,88274.0,88389.0,88274.0,88359.0,10.1496
1768954740000,88359.0,88365.0,88319.0,88325.0,0.1918
1768954800000,88325.0,88325.0,88143.0,88177.0,8.099
1768954860000,88177.0,88296.0,88177.0,88293.0,10.1569
1768954920000,88293.0,88293.0,88229.0,88258.0,4.7639
1768954980000,88258.0,88266.0,88223.0,88239.0,0.3806
1768955040000,88239.0,88296.0,88239.0,88296.0,0.0481
1768955100000,88296.0,88321.0,88274.0,88274.0,0.0597
1768955160000,88274.0,88305.0,88255.0,88303.0,0.0803
1768955220000,88303.0,88414.0,88303.0,88386.0,0.3989
1768955280000,88386.0,88462.0,88386.0,88462.0,0.4171
1768955340000,88462.0,88532.0,88462.0,88481.0,1.155
1768955400000,88481.0,88486.0,88419.0,88453.0,0.9588
1768955460000,88453.0,88490.0,88453.0,88490.0,0.1347
1768955520000,88490.0,88522.0,88483.0,88522.0,0.1381
1768955580000,88522.0,88522.0,88494.0,88508.0,0.0335
1768955640000,88508.0,88527.0,88490.0,88527.0,0.1206
1768955700000,88527.0,88737.0,88527.0,88696.0,10.6975
1768955760000,88696.0,88814.0,88662.0,88798.0,7.2994
1768955820000,88798.0,88814.0,88762.0,88766.0,0.9728
1768955880000,88766.0,88860.0,88766.0,88814.0,1.5659
1768955940000,88814.0,88847.0,88788.0,88814.0,0.7716
1768956000000,88814.0,88820.0,88747.0,88747.0,0.3908
1768956060000,88747.0,88778.0,88738.0,88757.0,0.1461
1768956120000,88757.0,88770.0,88752.0,88770.0,4.2716
1768956180000,88770.0,88781.0,88770.0,88772.0,0.0297
1768956240000,88772.0,88788.0,88766.0,88766.0,0.0125
1768956300000,88766.0,88781.0,88749.0,88776.0,0.024
1768956360000,88776.0,88780.0,88735.0,88753.0,7.4766
1768956420000,88753.0,88856.0,88753.0,88805.0,0.2875
1768956480000,88805.0,88811.0,88764.0,88811.0,0.1067
1768956540000,88811.0,88838.0,88787.0,88838.0,0.0321
1768956600000,88838.0,88843.0,88808.0,88838.0,0.0859
1768956660000,88838.0,88879.0,88838.0,88857.0,0.5359
1768956720000,88857.0,88880.0,88803.0,88826.0,2.4255
1768956780000,88826.0,88894.0,88826.0,88862.0,0.9246
1768956840000,88862.0,88899.0,88852.0,88852.0,0.2707
1768956900000,88852.0,88864.0,88841.0,88862.0,0.349
1768956960000,88862.0,88862.0,88803.0,88828.0,11.2538
1768957020000,88828.0,88861.0,88828.0,88847.0,5.024
1768957080000,88847.0,88864.0,88847.0,88864.0,0.1127
1768957140000,88864.0,88864.0,88841.0,88857.0,0.0003
1768957200000,88857.0,88863.0,88808.0,88857.0,0.2837
1768957260000,88857.0,88897.0,88833.0,88862.0,0.7578
1768957320000,88862.0,88924.0,88862.0,88913.0,0.375
1768957380000,88913.0,88965.0,88893.0,88958.0,0.6887
1768957440000,88958.0,89004.0,88925.0,88925.0,16.968
1768957500000,88925.0,88928.0,88862.0,88895.0,0.6912
1768957560000,88895.0,88895.0,88757.0,88799.0,7.5268
1768957620000,88799.0,88836.0,88797.0,88836.0,0.379
1768957680000,88836.0,88907.0,88836.0,88906.0,0.2434
1768957740000,88906.0,88911.0,88863.0,88901.0,0.1009
1768957800000,88901.0,89016.0,88901.0,88982.0,1.7457
1768957860000,88982.0,89023.0,88956.0,89002.0,0.2377
1768957920000,89002.0,89010.0,88980.0,88980.0,2.9983
1768957980000,88980.0,89014.0,88958.0,89014.0,0.2809
1768958040000,89014.0,89032.0,88999.0,89013.0,0.6251
1768958100000,89013.0,89050.0,88961.0,88961.0,0.5888
1768958160000,88961.0,88987.0,88953.0,88967.0,0.0876
1768958220000,88967.0,88987.0,88953.0,88980.0,0.0891
1768958280000,88980.0,88988.0,88949.0,88950.0,0.0318
1768958340000,88950.0,88965.0,88932.0,88947.0,0.1119
1768958400000,88947.0,88962.0,88887.0,88904.0,4.3527
1768958460000,88904.0,88930.0,88870.0,88917.0,0.6511
1768958520000,88917.0,88923.0,88835.0,88842.0,0.1476
1768958580000,88842.0,88879.0,88842.0,88879.0,0.1527
1768958640000,88879.0,88939.0,88841.0,88931.0,2.0902
1768958700000,88931.0,88936.0,88905.0,88920.0,0.0261
1768958760000,88920.0,88923.0,88885.0,88923.0,0.4024
1768958820000,88923.0,88931.0,88904.0,88927.0,0.011
1768958880000,88927.0,88928.0,88912.0,88924.0,0.022
1768958940000,88924.0,89004.0,88900.0,88990.0,17.3013
1768959000000,88990.0,89010.0,88965.0,88965.0,1.4777
1768959060000,88965.0,89027.0,88962.0,89027.0,0.2239
1768959120000,89027.0,89027.0,88962.0,88996.0,0.7593
1768959180000,88996.0,89021.0,88961.0,88961.0,0.1157
1768959240000,88961.0,89016.0,88932.0,89007.0,0.6638
1768959300000,89007.0,89045.0,89007.0,89030.0,1.1769
1768959360000,89030.0,89035.0,89002.0,89034.0,0.2147
1768959420000,89034.0,89036.0,89007.0,89021.0,0.0766
1768959480000,89021.0,89021.0,88973.0,88999.0,0.1099
1768959540000,88999.0,88999.0,88975.0,88995.0,0.1612
1768959600000,88995.0,89034.0,88978.0,89009.0,0.1509
1768959660000,89009.0,89037.0,89003.0,89009.0,0.1018
1768959720000,89009.0,89022.0,88952.0,88967.0,0.4121
1768959780000,88967.0,88967.0,88913.0,88933.0,1.8067
1768959840000,88933.0,88955.0,88896.0,88954.0,5.0428
1768959900000,88954.0,88954.0,88897.0,88910.0,0.0786
1768959960000,88910.0,88991.0,88897.0,88990.0,0.1301
1768960020000,88990.0,89013.0,88964.0,89013.0,0.0268
1768960080000,89013.0,89022.0,88987.0,89022.0,0.0653
1768960140000,89022.0,89039.0,88998.0,89015.0,0.2746
1768960200000,89015.0,89015.0,88992.0,89003.0,0.0857
1768960260000,89003.0,89040.0,88975.0,89029.0,0.1066
1768960320000,89029.0,89079.0,89015.0,89079.0,0.1832
1768960380000,89079.0,89079.0,89013.0,89014.0,0.1362
1768960440000,89014.0,89014.0,88958.0,88958.0,0.0989
1768960500000,88958.0,88958.0,88926.0,88941.0,0.0367
1768960560000,88941.0,88959.0,88939.0,88958.0,0.016
1768960620000,88958.0,88958.0,88939.0,88940.0,0.0144
1768960680000,88940.0,88960.0,88935.0,88942.0,0.054
1768960740000,88942.0,88942.0,88919.0,88942.0,2.443
1768960800000,88942.0,88999.0,88937.0,88947.0,0.1495
1768960860000,88947.0,88988.0,88942.0,88988.0,0.0468
1768960920000,88988.0,89078.0,88959.0,89049.0,7.3343
1768960980000,89049.0,89130.0,89040.0,89130.0,0.3483
1768961040000,89130.0,89170.0,89097.0,89106.0,1.0954
1768961100000,89106.0,89250.0,89097.0,89232.0,2.9678
1768961160000,89232.0,89294.0,89178.0,89191.0,9.8978
1768961220000,89191.0,89200.0,89136.0,89136.0,0.109
1768961280000,89136.0,89199.0,89134.0,89199.0,0.057
1768961340000,89199.0,89199.0,89178.0,89178.0,0.0227
1768961400000,89178.0,89178.0,89098.0,89123.0,0.1116
1768961460000,89123.0,89127.0,89112.0,89116.0,0.1069
1768961520000,89116.0,89154.0,89110.0,89154.0,0.0875
1768961580000,89154.0,89192.0,89154.0,89172.0,0.1404
1768961640000,89172.0,89221.0,89172.0,89186.0,0.1447
1768961700000,89186.0,89211.0,89148.0,89148.0,0.2171
1768961760000,89148.0,89182.0,89143.0,89180.0,0.0478
1768961820000,89180.0,89204.0,89168.0,89184.0,0.0667
1768961880000,89184.0,89187.0,89143.0,89144.0,0.088
1768961940000,89144.0,89177.0,89144.0,89170.0,0.0342
1768962000000,89170.0,89228.0,89170.0,89196.0,0.1696
1768962060000,89196.0,89219.0,89187.0,89207.0,0.0683
1768962120000,89207.0,89215.0,89169.0,89173.0,0.0732
1768962180000,89173.0,89173.0,89133.0,89133.0,0.9879
1768962240000,89133.0,89154.0,89115.0,89153.0,0.4156
1768962300000,89153.0,89178.0,89131.0,89131.0,1.4666
1768962360000,89131.0,89131.0,89058.0,89058.0,0.758
1768962420000,89058.0,89079.0,89035.0,89041.0,4.6498
1768962480000,89041.0,89041.0,89009.0,89027.0,0.3718
1768962540000,89027.0,89039.0,89027.0,89028.0,0.0058
1768962600000,89028.0,89043.0,88992.0,88992.0,0.1314
1768962660000,88992.0,89024.0,88975.0,88987.0,0.0484
1768962720000,88987.0,88991.0,88968.0,88987.0,0.62
1768962780000,88987.0,89012.0,88969.0,88970.0,0.1409
1768962840000,88970.0,88970.0,88934.0,88934.0,0.1699
1768962900000,88934.0,88960.0,88904.0,88904.0,0.3156
1768962960000,88904.0,88913.0,88904.0,88913.0,0.0157
1768963020000,88913.0,88957.0,88913.0,88957.0,0.2747
1768963080000,88957.0,88957.0,88928.0,88942.0,0.4562
1768963140000,88942.0,88947.0,88939.0,88940.0,0.0474
1768963200000,88940.0,89087.0,88940.0,89087.0,1.188
1768963260000,89087.0,89092.0,89041.0,89052.0,0.0888
1768963320000,89052.0,89052.0,89004.0,89004.0,0.3381
1768963380000,89004.0,89004.0,88974.0,88990.0,0.1523
1768963440000,88990.0,89013.0,88977.0,89013.0,0.3918
1768963500000,89013.0,89046.0,88988.0,89045.0,0.4984
1768963560000,89045.0,89063.0,89026.0,89063.0,0.0416
1768963620000,89063.0,89088.0,89062.0,89077.0,1.405
1768963680000,89077.0,89077.0,89031.0,89067.0,0.0667
1768963740000,89067.0,89097.0,89035.0,89062.0,0.5637
1768963800000,89062.0,89062.0,89014.0,89014.0,0.0658
1768963860000,89014.0,89026.0,88996.0,88996.0,0.0809
1768963920000,88996.0,89018.0,88971.0,89004.0,0.1534
1768963980000,89004.0,89008.0,88987.0,89001.0,50.2782
1768964040000,89001.0,89010.0,88989.0,88992.0,48.3006
1768964100000,88992.0,89048.0,88992.0,89006.0,0.1092
1768964160000,89006.0,89006.0,88980.0,88998.0,0.0535
1768964220000,88998.0,88998.0,88971.0,88979.0,0.1097
1768964280000,88979.0,88979.0,88960.0,88975.0,0.2112
1768964340000,88975.0,88975.0,88956.0,88959.0,0.0728
1768964400000,88959.0,88992.0,88959.0,88959.0,0.3674
1768964460000,88959.0,89039.0,88959.0,89039.0,0.3737
1768964520000,89039.0,89069.0,89039.0,89061.0,0.2946
1768964580000,89061.0,89093.0,89061.0,89093.0,0.0415
1768964640000,89093.0,89119.0,89093.0,89119.0,1.2179
1768964700000,89119.0,89119.0,89087.0,89090.0,0.0838
1768964760000,89090.0,89090.0,89014.0,89039.0,0.4947
1768964820000,89039.0,89092.0,89039.0,89092.0,0.1096
1768964880000,89092.0,89108.0,89082.0,89100.0,0.0932
1768964940000,89100.0,89102.0,89084.0,89100.0,0.3624
1768965000000,89100.0,89168.0,89078.0,89079.0,5.9394
1768965060000,89079.0,89079.0,89028.0,89028.0,0.1604
1768965120000,89028.0,89040.0,89014.0,89022.0,0.3334
1768965180000,89022.0,89055.0,89022.0,89049.0,0.1079
1768965240000,89049.0,89130.0,89049.0,89130.0,0.4038
1768965300000,89130.0,89142.0,89073.0,89116.0,14.4449
1768965360000,89116.0,89188.0,89116.0,89168.0,0.3382
1768965420000,89168.0,89177.0,89130.0,89142.0,10.2163
1768965480000,89142.0,89152.0,89136.0,89147.0,0.4664
1768965540000,89147.0,89154.0,89131.0,89131.0,0.0467
1768965600000,89131.0,89151.0,89130.0,89138.0,0.4803
1768965660000,89138.0,89152.0,89130.0,89130.0,0.0066
1768965720000,89130.0,89208.0,89130.0,89186.0,0.7457
1768965780000,89186.0,89191.0,89174.0,89187.0,0.2333
1768965840000,89187.0,89187.0,89154.0,89164.0,0.3254
1768965900000,89164.0,89171.0,89143.0,89164.0,0.0235
1768965960000,89164.0,89166.0,89147.0,89147.0,0.6792
1768966020000,89147.0,89165.0,89130.0,89165.0,0.3977
1768966080000,89165.0,89199.0,89165.0,89196.0,0.3117
1768966140000,89196.0,89205.0,89195.0,89197.0,0.4126
1768966200000,89197.0,89199.0,89157.0,89172.0,0.5924
1768966260000,89172.0,89196.0,89162.0,89188.0,0.5122
1768966320000,89188.0,89201.0,89182.0,89198.0,0.4093
1768966380000,89198.0,89205.0,89168.0,89182.0,1.2966
1768966440000,89182.0,89196.0,89177.0,89189.0,0.7361
1768966500000,89189.0,89263.0,89185.0,89256.0,1.0792
1768966560000,89256.0,89308.0,89256.0,89289.0,3.3709
1768966620000,89289.0,89356.0,89289.0,89311.0,1.7574
1768966680000,89311.0,89311.0,89245.0,89302.0,5.6168
1768966740000,89302.0,89304.0,89239.0,89279.0,0.9439
1768966800000,89279.0,89389.0,89279.0,89367.0,8.4496
1768966860000,89367.0,89367.0,89309.0,89310.0,0.3954
1768966920000,89310.0,89389.0,89310.0,89354.0,0.3662
1768966980000,89354.0,89416.0,89353.0,89388.0,0.4381
1768967040000,89388.0,89516.0,89385.0,89476.0,30.8144
1768967100000,89476.0,89476.0,89406.0,89406.0,0.9893
1768967160000,89406.0,89433.0,89393.0,89433.0,0.1854
1768967220000,89433.0,89458.0,89407.0,89458.0,0.6916
1768967280000,89458.0,89458.0,89434.0,89452.0,0.2385
1768967340000,89452.0,89455.0,89416.0,89423.0,0.6737
1768967400000,89423.0,89433.0,89372.0,89372.0,5.0737
1768967460000,89372.0,89381.0,89312.0,89340.0,1.2554
1768967520000,89340.0,89348.0,89340.0,89348.0,0.0573
1768967580000,89348.0,89353.0,89329.0,89353.0,0.1971
1768967640000,89353.0,89359.0,89344.0,89344.0,0.0324
1768967700000,89344.0,89359.0,89344.0,89346.0,0.0048
1768967760000,89346.0,89347.0,89330.0,89347.0,0.0216
1768967820000,89347.0,89361.0,89347.0,89350.0,0.0772
1768967880000,89350.0,89358.0,89347.0,89358.0,0.3997
1768967940000,89358.0,89358.0,89352.0,89354.0,0.1265
1768968000000,89354.0,89354.0,89334.0,89344.0,0.0471
1768968060000,89344.0,89356.0,89341.0,89353.0,0.1392
1768968120000,89353.0,89388.0,89353.0,89388.0,0.0043
1768968180000,89388.0,89394.0,89359.0,89387.0,0.763
1768968240000,89387.0,89402.0,89353.0,89381.0,3.0179
1768968300000,89381.0,89406.0,89381.0,89401.0,0.0023
1768968360000,89401.0,89406.0,89348.0,89348.0,0.1884
1768968420000,89348.0,89400.0,89348.0,89377.0,0.0181
1768968480000,89377.0,89400.0,89361.0,89374.0,3.1718
1768968540000,89374.0,89393.0,89361.0,89393.0,0.1314
1768968600000,89393.0,89396.0,89383.0,89389.0,0.6675
1768968660000,89389.0,89389.0,89375.0,89375.0,0.014
1768968720000,89375.0,89375.0,89355.0,89359.0,0.6292
1768968780000,89359.0,89359.0,89292.0,89306.0,1.9308
1768968840000,89306.0,89306.0,89275.0,89275.0,0.1559
1768968900000,89275.0,89291.0,89261.0,89291.0,0.4196
1768968960000,89291.0,89302.0,89283.0,89283.0,0.0661
1768969020000,89283.0,89317.0,89273.0,89317.0,0.0584
1768969080000,89317.0,89317.0,89306.0,89310.0,0.4677
1768969140000,89310.0,89310.0,89310.0,89310.0,1.0562
1768969200000,89310.0,89354.0,89310.0,89354.0,0.0452
1768969260000,89354.0,89382.0,89354.0,89376.0,0.0586
1768969320000,89376.0,89393.0,89376.0,89393.0,0.0217
1768969380000,89393.0,89408.0,89393.0,89408.0,0.0226
1768969440000,89408.0,89408.0,89390.0,89390.0,1.6674
1768969500000,89390.0,89390.0,89376.0,89376.0,0.0128
1768969560000,89376.0,89412.0,89376.0,89403.0,0.6893
1768969620000,89403.0,89403.0,89401.0,89401.0,0.005
1768969680000,89401.0,89401.0,89401.0,89401.0,0.0
1768969740000,89401.0,89423.0,89401.0,89423.0,0.0688
1768969800000,89423.0,89430.0,89411.0,89415.0,0.0112
1768969860000,89415.0,89423.0,89370.0,89370.0,0.2468
1768969920000,89370.0,89380.0,89343.0,89343.0,0.6787
1768969980000,89343.0,89343.0,89328.0,89328.0,0.0012
1768970040000,89328.0,89336.0,89328.0,89330.0,0.0078
1768970100000,89330.0,89341.0,89330.0,89341.0,0.0054
1768970160000,89341.0,89349.0,89325.0,89349.0,0.0608
1768970220000,89349.0,89362.0,89349.0,89362.0,0.0005
1768970280000,89362.0,89378.0,89353.0,89378.0,0.0388
1768970340000,89378.0,89387.0,89377.0,89379.0,0.0347
1768970400000,89379.0,89400.0,89379.0,89400.0,0.0015
1768970460000,89400.0,89420.0,89400.0,89420.0,0.0232
1768970520000,89420.0,89425.0,89420.0,89425.0,0.0106
1768970580000,89425.0,89430.0,89423.0,89423.0,0.252
1768970640000,89423.0,89493.0,89401.0,89493.0,5.7396
1768970700000,89493.0,89538.0,89473.0,89513.0,1.2501
1768970760000,89513.0,89513.0,89492.0,89507.0,0.2301
1768970820000,89507.0,89545.0,89502.0,89543.0,1.2958
1768970880000,89543.0,89543.0,89498.0,89498.0,0.0236
1768970940000,89498.0,89500.0,89484.0,89493.0,0.0267
1768971000000,89493.0,89500.0,89475.0,89498.0,0.2438
1768971060000,89498.0,89498.0,89470.0,89470.0,0.0927
1768971120000,89470.0,89470.0,89404.0,89407.0,1.5955
1768971180000,89407.0,89440.0,89407.0,89424.0,0.8684
1768971240000,89424.0,89424.0,89404.0,89412.0,0.0704
1768971300000,89412.0,89412.0,89371.0,89374.0,0.3736
1768971360000,89374.0,89375.0,89364.0,89367.0,0.0298
1768971420000,89367.0,89368.0,89362.0,89367.0,0.0107
1768971480000,89367.0,89390.0,89366.0,89390.0,1.0065
1768971540000,89390.0,89390.0,89362.0,89363.0,0.1119
1768971600000,89363.0,89394.0,89363.0,89392.0,0.0753
1768971660000,89392.0,89414.0,89382.0,89414.0,0.0124
1768971720000,89414.0,89422.0,89382.0,89422.0,1.1289
1768971780000,89422.0,89422.0,89400.0,89406.0,0.0233
1768971840000,89406.0,89416.0,89406.0,89416.0,0.5019
1768971900000,89416.0,89429.0,89400.0,89406.0,0.6499
1768971960000,89406.0,89406.0,89377.0,89388.0,0.0827
1768972020000,89388.0,89388.0,89349.0,89382.0,0.1124
1768972080000,89382.0,89480.0,89379.0,89470.0,0.1323
1768972140000,89470.0,89470.0,89441.0,89454.0,0.0371
1768972200000,89454.0,89475.0,89437.0,89475.0,0.006
1768972260000,89475.0,89475.0,89464.0,89464.0,0.0031
1768972320000,89464.0,89465.0,89441.0,89441.0,0.2544
1768972380000,89441.0,89468.0,89441.0,89460.0,1.181
1768972440000,89460.0,89510.0,89460.0,89508.0,3.2097
1768972500000,89508.0,89512.0,89478.0,89478.0,1.1591
1768972560000,89478.0,89481.0,89462.0,89471.0,0.0223
1768972620000,89471.0,89511.0,89471.0,89507.0,0.0697
1768972680000,89507.0,89535.0,89507.0,89525.0,0.0153
1768972740000,89525.0,89540.0,89522.0,89540.0,0.0428
1768972800000,89540.0,89545.0,89510.0,89510.0,2.5698
1768972860000,89510.0,89513.0,89472.0,89493.0,0.1799
1768972920000,89493.0,89504.0,89487.0,89504.0,0.712
1768972980000,89504.0,89517.0,89504.0,89517.0,0.0112
1768973040000,89517.0,89517.0,89503.0,89509.0,0.0211
1768973100000,89509.0,89511.0,89506.0,89506.0,0.0502
1768973160000,89506.0,89506.0,89452.0,89468.0,0.3436
1768973220000,89468.0,89504.0,89468.0,89500.0,0.0566
1768973280000,89500.0,89511.0,89491.0,89511.0,0.0767
1768973340000,89511.0,89527.0,89505.0,89527.0,0.1269
1768973400000,89527.0,89545.0,89521.0,89545.0,1.4154
1768973460000,89545.0,89557.0,89544.0,89552.0,57.9205
1768973520000,89552.0,89651.0,89549.0,89636.0,4.4278
1768973580000,89636.0,89654.0,89613.0,89613.0,0.2134
1768973640000,89613.0,89638.0,89610.0,89638.0,0.1163
1768973700000,89638.0,89638.0,89611.0,89633.0,0.069
1768973760000,89633.0,89700.0,89626.0,89697.0,5.8974
1768973820000,89697.0,89757.0,89691.0,89752.0,8.2803
1768973880000,89752.0,89860.0,89719.0,89815.0,15.0348
1768973940000,89815.0,89822.0,89770.0,89770.0,0.9707
1768974000000,89770.0,89776.0,89756.0,89765.0,0.9916
1768974060000,89765.0,89864.0,89765.0,89861.0,1.0445
1768974120000,89861.0,89861.0,89851.0,89856.0,0.1718
1768974180000,89856.0,89860.0,89855.0,89860.0,0.0343
1768974240000,89860.0,89860.0,89851.0,89857.0,0.1461
1768974300000,89857.0,89900.0,89823.0,89855.0,7.152
1768974360000,89855.0,89965.0,89854.0,89963.0,0.786
1768974420000,89963.0,90048.0,89955.0,90048.0,3.7959
1768974480000,90048.0,90048.0,89956.0,90018.0,0.5485
1768974540000,90018.0,90021.0,89963.0,89969.0,0.1661
1768974600000,89969.0,89969.0,89900.0,89930.0,0.9512
1768974660000,89930.0,89937.0,89894.0,89935.0,4.783
1768974720000,89935.0,89965.0,89922.0,89955.0,0.051
1768974780000,89955.0,89955.0,89924.0,89924.0,0.0324
1768974840000,89924.0,89938.0,89920.0,89928.0,0.121
1768974900000,89928.0,89928.0,89904.0,89904.0,0.1554
1768974960000,89904.0,89904.0,89859.0,89859.0,0.2768
1768975020000,89859.0,89865.0,89838.0,89854.0,0.7502
1768975080000,89854.0,89859.0,89849.0,89854.0,0.0113
1768975140000,89854.0,89879.0,89846.0,89878.0,3.7622
1768975200000,89878.0,89878.0,89808.0,89829.0,0.8607
1768975260000,89829.0,89829.0,89727.0,89754.0,3.665
1768975320000,89754.0,89767.0,89742.0,89742.0,0.2867
1768975380000,89742.0,89742.0,89714.0,89727.0,0.844
1768975440000,89727.0,89779.0,89718.0,89772.0,0.4074
1768975500000,89772.0,89772.0,89722.0,89722.0,0.2777
1768975560000,89722.0,89747.0,89722.0,89747.0,0.0586
1768975620000,89747.0,89768.0,89743.0,89760.0,0.0789
1768975680000,89760.0,89768.0,89742.0,89752.0,0.3841
1768975740000,89752.0,89752.0,89735.0,89746.0,0.0202
1768975800000,89746.0,89792.0,89739.0,89782.0,0.6699
1768975860000,89782.0,89806.0,89766.0,89806.0,0.3206
1768975920000,89806.0,89806.0,89775.0,89775.0,0.0335
1768975980000,89775.0,89792.0,89763.0,89785.0,0.1854
1768976040000,89785.0,89846.0,89769.0,89832.0,5.2712
1768976100000,89832.0,89832.0,89768.0,89768.0,0.2938
1768976160000,89768.0,89794.0,89760.0,89785.0,0.1349
1768976220000,89785.0,89790.0,89771.0,89775.0,0.0434
1768976280000,89775.0,89806.0,89772.0,89777.0,0.2823
1768976340000,89777.0,89777.0,89762.0,89762.0,0.0158
1768976400000,89762.0,89823.0,89760.0,89798.0,2.1573
1768976460000,89798.0,89816.0,89780.0,89793.0,0.1415
1768976520000,89793.0,89793.0,89748.0,89770.0,0.1118
1768976580000,89770.0,89791.0,89770.0,89791.0,0.0055
1768976640000,89791.0,89826.0,89791.0,89826.0,0.054
1768976700000,89826.0,89852.0,89826.0,89840.0,0.1703
1768976760000,89840.0,89840.0,89801.0,89801.0,0.126
1768976820000,89801.0,89801.0,89751.0,89767.0,0.2518
1768976880000,89767.0,89784.0,89767.0,89784.0,0.2521
1768976940000,89784.0,89836.0,89770.0,89813.0,7.7796
1768977000000,89813.0,89813.0,89780.0,89780.0,0.4947
1768977060000,89780.0,89780.0,89750.0,89750.0,0.0999
1768977120000,89750.0,89752.0,89717.0,89752.0,1.8552
1768977180000,89752.0,89758.0,89741.0,89741.0,0.0021
1768977240000,89741.0,89741.0,89661.0,89661.0,1.0837
1768977300000,89661.0,89661.0,89646.0,89646.0,0.0863
1768977360000,89646.0,89646.0,89586.0,89598.0,3.1215
1768977420000,89598.0,89641.0,89592.0,89616.0,0.1811
1768977480000,89616.0,89616.0,89590.0,89590.0,2.0107
1768977540000,89590.0,89590.0,89580.0,89587.0,0.12
1768977600000,89587.0,89587.0,89558.0,89558.0,0.1327
1768977660000,89558.0,89558.0,89523.0,89523.0,17.7806
1768977720000,89523.0,89541.0,89508.0,89530.0,0.5322
1768977780000,89530.0,89585.0,89530.0,89569.0,0.1246
1768977840000,89569.0,89569.0,89542.0,89551.0,0.1393
1768977900000,89551.0,89551.0,89461.0,89461.0,0.5918
1768977960000,89461.0,89467.0,89408.0,89467.0,0.8785
1768978020000,89467.0,89502.0,89467.0,89496.0,0.0811
1768978080000,89496.0,89514.0,89496.0,89504.0,0.0916
1768978140000,89504.0,89525.0,89437.0,89509.0,125.1635
1768978200000,89509.0,89509.0,89474.0,89479.0,0.4464
1768978260000,89479.0,89479.0,89431.0,89451.0,0.2714
1768978320000,89451.0,89487.0,89449.0,89470.0,0.0883
1768978380000,89470.0,89514.0,89470.0,89514.0,0.0548
1768978440000,89514.0,89514.0,89504.0,89508.0,0.0224
1768978500000,89508.0,89555.0,89508.0,89532.0,0.1095
1768978560000,89532.0,89546.0,89522.0,89522.0,0.0564
1768978620000,89522.0,89555.0,89522.0,89549.0,0.4976
1768978680000,89549.0,89563.0,89549.0,89563.0,0.0244
1768978740000,89563.0,89576.0,89563.0,89568.0,0.0029
1768978800000,89568.0,89568.0,89522.0,89522.0,4.3176
1768978860000,89522.0,89522.0,89462.0,89462.0,0.1477
1768978920000,89462.0,89541.0,89457.0,89535.0,0.5625
1768978980000,89535.0,89644.0,89530.0,89644.0,9.0547
1768979040000,89644.0,89665.0,89633.0,89665.0,0.0973
1768979100000,89665.0,89696.0,89628.0,89681.0,0.2602
1768979160000,89681.0,89694.0,89667.0,89687.0,0.0277
1768979220000,89687.0,89687.0,89655.0,89661.0,0.0258
1768979280000,89661.0,89677.0,89654.0,89654.0,0.0106
1768979340000,89654.0,89662.0,89619.0,89619.0,2.3893
1768979400000,89619.0,89619.0,89576.0,89599.0,0.6804
1768979460000,89599.0,89599.0,89568.0,89568.0,0.0493
1768979520000,89568.0,89576.0,89418.0,89418.0,1.5593
1768979580000,89418.0,89449.0,89418.0,89429.0,0.3618
1768979640000,89429.0,89456.0,89429.0,89452.0,0.244
1768979700000,89452.0,89482.0,89452.0,89481.0,0.0599
1768979760000,89481.0,89517.0,89469.0,89495.0,0.1128
1768979820000,89495.0,89512.0,89489.0,89489.0,1.0109
1768979880000,89489.0,89534.0,89489.0,89534.0,0.0396
1768979940000,89534.0,89534.0,89518.0,89523.0,0.0009
1768980000000,89523.0,89556.0,89523.0,89556.0,0.0484
1768980060000,89556.0,89581.0,89550.0,89570.0,0.194
1768980120000,89570.0,89574.0,89556.0,89556.0,0.0775
1768980180000,89556.0,89596.0,89536.0,89536.0,1.411
1768980240000,89536.0,89541.0,89527.0,89541.0,0.0212
1768980300000,89541.0,89549.0,89529.0,89532.0,0.0026
1768980360000,89532.0,89545.0,89527.0,89544.0,0.0144
1768980420000,89544.0,89555.0,89515.0,89515.0,0.5886
1768980480000,89515.0,89524.0,89485.0,89512.0,0.4177
1768980540000,89512.0,89543.0,89512.0,89540.0,0.2512
1768980600000,89540.0,89540.0,89473.0,89473.0,0.2397
1768980660000,89473.0,89473.0,89444.0,89453.0,0.3733
1768980720000,89453.0,89453.0,89334.0,89408.0,16.232
1768980780000,89408.0,89427.0,89338.0,89346.0,5.4169
1768980840000,89346.0,89348.0,89321.0,89346.0,3.5811
1768980900000,89346.0,89350.0,89272.0,89296.0,4.2095
1768980960000,89296.0,89298.0,89234.0,89260.0,1.4215
1768981020000,89260.0,89260.0,89246.0,89255.0,0.755
1768981080000,89255.0,89263.0,89200.0,89221.0,2.5035
1768981140000,89221.0,89221.0,89069.0,89130.0,3.3206
1768981200000,89130.0,89146.0,89108.0,89140.0,0.7517
1768981260000,89140.0,89152.0,89082.0,89146.0,5.5784
1768981320000,89146.0,89159.0,89135.0,89153.0,0.726
1768981380000,89153.0,89156.0,89122.0,89122.0,0.2701
1768981440000,89122.0,89161.0,89100.0,89137.0,1.6322
1768981500000,89137.0,89142.0,89113.0,89115.0,0.3459
1768981560000,89115.0,89148.0,89098.0,89109.0,3.1713
1768981620000,89109.0,89145.0,89109.0,89127.0,0.419
1768981680000,89127.0,89150.0,89100.0,89129.0,3.6443
1768981740000,89129.0,89150.0,89118.0,89139.0,13.9776
1768981800000,89139.0,89184.0,89133.0,89164.0,8.5864
1768981860000,89164.0,89184.0,89142.0,89156.0,0.2433
1768981920000,89156.0,89156.0,89116.0,89129.0,0.214
1768981980000,89129.0,89132.0,89071.0,89112.0,1.1799
1768982040000,89112.0,89112.0,89012.0,89022.0,2.3047
1768982100000,89022.0,89047.0,89022.0,89038.0,0.4989
1768982160000,89038.0,89038.0,88992.0,89006.0,3.6251
1768982220000,89006.0,89107.0,89006.0,89069.0,3.1195
1768982280000,89069.0,89092.0,89036.0,89092.0,6.5021
1768982340000,89092.0,89168.0,89068.0,89138.0,3.4093
1768982400000,89138.0,89181.0,89086.0,89086.0,3.2405
1768982460000,89086.0,89162.0,89086.0,89137.0,2.8134
1768982520000,89137.0,89158.0,89118.0,89153.0,3.2021
1768982580000,89153.0,89155.0,89115.0,89115.0,0.1297
1768982640000,89115.0,89154.0,89111.0,89154.0,0.1554
1768982700000,89154.0,89185.0,89134.0,89185.0,1.4011
1768982760000,89185.0,89190.0,89134.0,89134.0,0.7521
1768982820000,89134.0,89136.0,89060.0,89125.0,0.1829
1768982880000,89125.0,89175.0,89125.0,89175.0,0.0686
1768982940000,89175.0,89226.0,89175.0,89221.0,0.5844
1768983000000,89221.0,89221.0,89180.0,89200.0,0.2244
1768983060000,89200.0,89230.0,89192.0,89223.0,0.1964
1768983120000,89223.0,89223.0,89197.0,89216.0,0.1965
1768983180000,89216.0,89221.0,89212.0,89212.0,0.0265
1768983240000,89212.0,89215.0,89074.0,89074.0,7.9955
1768983300000,89074.0,89212.0,89074.0,89191.0,2.6509
1768983360000,89191.0,89213.0,89191.0,89208.0,0.048
1768983420000,89208.0,89225.0,89177.0,89177.0,0.055
1768983480000,89177.0,89216.0,89157.0,89216.0,0.1263
1768983540000,89216.0,89224.0,89205.0,89223.0,0.0467
1768983600000,89223.0,89320.0,89223.0,89290.0,21.4587
1768983660000,89290.0,89290.0,89255.0,89267.0,1.1605
1768983720000,89267.0,89280.0,89232.0,89273.0,1.0695
1768983780000,89273.0,89304.0,89273.0,89293.0,0.8317
1768983840000,89293.0,89304.0,89260.0,89260.0,1.6724
1768983900000,89260.0,89260.0,89164.0,89164.0,0.735
1768983960000,89164.0,89212.0,89164.0,89212.0,0.5763
1768984020000,89212.0,89232.0,89204.0,89204.0,0.0409
1768984080000,89204.0,89204.0,89173.0,89173.0,1.828
1768984140000,89173.0,89180.0,89171.0,89180.0,0.0036
1768984200000,89180.0,89205.0,89170.0,89205.0,0.0754
1768984260000,89205.0,89205.0,89152.0,89152.0,0.0472
1768984320000,89152.0,89220.0,89152.0,89217.0,5.0553
1768984380000,89217.0,89231.0,89188.0,89209.0,5.3543
1768984440000,89209.0,89215.0,89201.0,89215.0,0.1364
1768984500000,89215.0,89215.0,89174.0,89174.0,0.6398
1768984560000,89174.0,89177.0,89038.0,89038.0,0.2437
1768984620000,89038.0,89107.0,89038.0,89043.0,0.7582
1768984680000,89043.0,89043.0,88912.0,88946.0,2.0267
1768984740000,88946.0,88991.0,88946.0,88977.0,0.149
1768984800000,88977.0,89040.0,88977.0,89017.0,3.6488
1768984860000,89017.0,89035.0,89005.0,89005.0,0.1584
1768984920000,89005.0,89030.0,88990.0,89030.0,1.1341
1768984980000,89030.0,89030.0,88900.0,88920.0,3.4887
1768985040000,88920.0,88950.0,88920.0,88943.0,0.5756
1768985100000,88943.0,88971.0,88943.0,88971.0,1.0461
1768985160000,88971.0,89019.0,88955.0,89006.0,1.3077
1768985220000,89006.0,89006.0,88969.0,88980.0,3.5091
1768985280000,88980.0,89013.0,88960.0,89000.0,3.637
1768985340000,89000.0,89019.0,89000.0,89019.0,5.2539
1768985400000,89019.0,89036.0,89011.0,89036.0,0.0681
1768985460000,89036.0,89072.0,89028.0,89072.0,0.3548
1768985520000,89072.0,89072.0,89071.0,89072.0,0.0276
1768985580000,89072.0,89098.0,89072.0,89083.0,0.4866
1768985640000,89083.0,89089.0,89083.0,89089.0,0.0087
1768985700000,89089.0,89097.0,89078.0,89078.0,10.0301
1768985760000,89078.0,89165.0,89030.0,89157.0,4.5157
1768985820000,89157.0,89176.0,89145.0,89154.0,0.3431
1768985880000,89154.0,89154.0,89106.0,89106.0,0.9574
1768985940000,89106.0,89123.0,89106.0,89118.0,0.0684
1768986000000,89118.0,89138.0,89100.0,89107.0,0.6839
1768986060000,89107.0,89138.0,89103.0,89138.0,0.0631
1768986120000,89138.0,89138.0,89104.0,89104.0,0.0267
1768986180000,89104.0,89155.0,89104.0,89155.0,0.0425
1768986240000,89155.0,89201.0,89154.0,89178.0,0.7247
1768986300000,89178.0,89192.0,89178.0,89182.0,0.1687
1768986360000,89182.0,89182.0,89087.0,89123.0,0.3796
1768986420000,89123.0,89142.0,89120.0,89140.0,0.1121
1768986480000,89140.0,89207.0,89140.0,89165.0,0.3648
1768986540000,89165.0,89178.0,89153.0,89153.0,1.011
1768986600000,89153.0,89205.0,89148.0,89205.0,0.1528
1768986660000,89205.0,89209.0,89189.0,89190.0,0.0569
1768986720000,89190.0,89208.0,89190.0,89201.0,0.0616
1768986780000,89201.0,89201.0,89201.0,89201.0,0.0
1768986840000,89201.0,89237.0,89195.0,89209.0,8.8813
1768986900000,89209.0,89243.0,89206.0,89243.0,0.0375
1768986960000,89243.0,89245.0,89223.0,89238.0,0.0699
1768987020000,89238.0,89238.0,89228.0,89233.0,0.1775
1768987080000,89233.0,89297.0,89233.0,89296.0,0.6959
1768987140000,89296.0,89297.0,89264.0,89275.0,0.2931
1768987200000,89275.0,89304.0,89275.0,89285.0,0.7137
1768987260000,89285.0,89291.0,89265.0,89265.0,0.2125
1768987320000,89265.0,89304.0,89265.0,89304.0,0.1767
1768987380000,89304.0,89304.0,89271.0,89294.0,0.2435
1768987440000,89294.0,89364.0,89294.0,89335.0,1.4857
1768987500000,89335.0,89380.0,89335.0,89347.0,2.0935
1768987560000,89347.0,89382.0,89347.0,89358.0,0.3563
1768987620000,89358.0,89373.0,89331.0,89368.0,0.3709
1768987680000,89368.0,89368.0,89338.0,89338.0,0.0054
1768987740000,89338.0,89342.0,89316.0,89328.0,0.0653
1768987800000,89328.0,89348.0,89326.0,89348.0,0.3807
1768987860000,89348.0,89377.0,89323.0,89373.0,0.2667
1768987920000,89373.0,89373.0,89296.0,89296.0,0.1057
1768987980000,89296.0,89365.0,89296.0,89365.0,0.1507
1768988040000,89365.0,89401.0,89364.0,89381.0,0.3127
1768988100000,89381.0,89421.0,89381.0,89405.0,0.4314
1768988160000,89405.0,89405.0,89329.0,89329.0,0.597
1768988220000,89329.0,89360.0,89325.0,89360.0,0.0137
1768988280000,89360.0,89394.0,89360.0,89387.0,0.0738
1768988340000,89387.0,89387.0,89370.0,89370.0,0.0414
1768988400000,89370.0,89394.0,89370.0,89390.0,0.0556
1768988460000,89390.0,89390.0,89347.0,89348.0,0.179
1768988520000,89348.0,89348.0,89337.0,89337.0,0.0104
1768988580000,89337.0,89337.0,89296.0,89296.0,0.1915
1768988640000,89296.0,89326.0,89272.0,89326.0,0.3482
1768988700000,89326.0,89352.0,89301.0,89312.0,9.2772
1768988760000,89312.0,89312.0,89272.0,89273.0,5.2004
1768988820000,89273.0,89312.0,89264.0,89280.0,4.0036
1768988880000,89280.0,89280.0,89247.0,89255.0,0.0773
1768988940000,89255.0,89255.0,89228.0,89243.0,0.6952
1768989000000,89243.0,89250.0,89240.0,89242.0,0.2593
1768989060000,89242.0,89244.0,89229.0,89244.0,1.2424
1768989120000,89244.0,89267.0,89236.0,89236.0,1.3036
1768989180000,89236.0,89236.0,89166.0,89174.0,0.7015
1768989240000,89174.0,89177.0,89072.0,89101.0,3.3148
1768989300000,89101.0,89125.0,89074.0,89124.0,32.2339
1768989360000,89124.0,89124.0,89052.0,89052.0,3.9722
1768989420000,89052.0,89080.0,89018.0,89078.0,7.2091
1768989480000,89078.0,89092.0,88974.0,88997.0,5.1846
1768989540000,88997.0,89013.0,88986.0,89009.0,22.6918
1768989600000,89009.0,89060.0,88970.0,89060.0,26.2551
1768989660000,89060.0,89098.0,89050.0,89066.0,0.5475
1768989720000,89066.0,89144.0,89066.0,89144.0,1.2953
1768989780000,89144.0,89244.0,89144.0,89228.0,0.7885
1768989840000,89228.0,89268.0,89224.0,89236.0,0.275
1768989900000,89236.0,89237.0,89212.0,89212.0,0.1868
1768989960000,89212.0,89238.0,89212.0,89238.0,0.0247
1768990020000,89238.0,89257.0,89238.0,89257.0,0.0028
1768990080000,89257.0,89257.0,89233.0,89233.0,0.0128
1768990140000,89233.0,89237.0,89204.0,89204.0,0.5228
1768990200000,89204.0,89239.0,89204.0,89225.0,0.1122
1768990260000,89225.0,89225.0,89174.0,89199.0,0.1924
1768990320000,89199.0,89200.0,89174.0,89195.0,0.0756
1768990380000,89195.0,89195.0,89179.0,89184.0,0.0225
1768990440000,89184.0,89235.0,89184.0,89222.0,7.82
1768990500000,89222.0,89253.0,89218.0,89235.0,0.7284
1768990560000,89235.0,89253.0,89220.0,89252.0,0.0662
1768990620000,89252.0,89255.0,89241.0,89241.0,0.1395
1768990680000,89241.0,89249.0,89238.0,89248.0,0.1019
1768990740000,89248.0,89266.0,89248.0,89266.0,0.0126
1768990800000,89266.0,89300.0,89266.0,89299.0,0.4969
1768990860000,89299.0,89299.0,89244.0,89244.0,0.0546
1768990920000,89244.0,89244.0,89204.0,89204.0,0.1086
1768990980000,89204.0,89237.0,89204.0,89225.0,0.1024
1768991040000,89225.0,89225.0,89225.0,89225.0,0.0
1768991100000,89225.0,89242.0,89216.0,89216.0,0.1119
1768991160000,89216.0,89252.0,89216.0,89229.0,2.0307
1768991220000,89229.0,89229.0,89199.0,89199.0,0.0318
1768991280000,89199.0,89230.0,89197.0,89229.0,0.2028
1768991340000,89229.0,89256.0,89229.0,89256.0,0.2057
1768991400000,89256.0,89275.0,89253.0,89253.0,0.4473
1768991460000,89253.0,89253.0,89199.0,89224.0,0.1454
1768991520000,89224.0,89244.0,89224.0,89244.0,0.212
1768991580000,89244.0,89244.0,89244.0,89244.0,0.0
1768991640000,89244.0,89245.0,89216.0,89245.0,0.5266
1768991700000,89245.0,89245.0,89167.0,89187.0,0.2082
1768991760000,89187.0,89188.0,89152.0,89169.0,0.1372
1768991820000,89169.0,89218.0,89169.0,89207.0,0.4171
1768991880000,89207.0,89251.0,89207.0,89251.0,0.1389
1768991940000,89251.0,89288.0,89251.0,89288.0,0.3193
1768992000000,89288.0,89306.0,89277.0,89287.0,1.0787
1768992060000,89287.0,89299.0,89280.0,89299.0,0.1519
1768992120000,89299.0,89299.0,89226.0,89234.0,0.2936
1768992180000,89234.0,89241.0,89223.0,89241.0,0.0105
1768992240000,89241.0,89248.0,89223.0,89231.0,2.2582
1768992300000,89231.0,89231.0,89205.0,89205.0,0.1349
1768992360000,89205.0,89205.0,89187.0,89187.0,0.0427
1768992420000,89187.0,89200.0,89183.0,89183.0,0.1042
1768992480000,89183.0,89228.0,89178.0,89202.0,0.2559
1768992540000,89202.0,89223.0,89202.0,89223.0,0.0134
1768992600000,89223.0,89246.0,89223.0,89237.0,0.2428
1768992660000,89237.0,89238.0,89227.0,89228.0,0.0307
1768992720000,89228.0,89228.0,89228.0,89228.0,0.0
1768992780000,89228.0,89244.0,89203.0,89203.0,0.2408
1768992840000,89203.0,89227.0,89193.0,89196.0,0.0947
1768992900000,89196.0,89196.0,89175.0,89177.0,0.033
1768992960000,89177.0,89184.0,89165.0,89184.0,0.6703
1768993020000,89184.0,89187.0,89159.0,89187.0,0.0517
1768993080000,89187.0,89210.0,89187.0,89194.0,0.0294
1768993140000,89194.0,89194.0,89160.0,89160.0,0.1088
1768993200000,89160.0,89160.0,89095.0,89095.0,0.2938
1768993260000,89095.0,89119.0,89078.0,89082.0,0.1919
1768993320000,89082.0,89123.0,89082.0,89099.0,0.229
1768993380000,89099.0,89104.0,89078.0,89104.0,0.0362
1768993440000,89104.0,89114.0,89095.0,89096.0,5.7412
1768993500000,89096.0,89098.0,89072.0,89076.0,2.9979
1768993560000,89076.0,89103.0,89076.0,89084.0,0.0361
1768993620000,89084.0,89112.0,89084.0,89112.0,0.0014
1768993680000,89112.0,89143.0,89112.0,89139.0,0.0367
1768993740000,89139.0,89159.0,89139.0,89139.0,0.0443
1768993800000,89139.0,89139.0,89139.0,89139.0,0.0
1768993860000,89139.0,89210.0,89139.0,89210.0,0.1438
1768993920000,89210.0,89215.0,89187.0,89187.0,0.0272
1768993980000,89187.0,89225.0,89187.0,89225.0,0.0449
1768994040000,89225.0,89231.0,89219.0,89223.0,0.0951
1768994100000,89223.0,89239.0,89201.0,89239.0,0.0581
1768994160000,89239.0,89239.0,89203.0,89203.0,2.9366
1768994220000,89203.0,89225.0,89199.0,89225.0,0.7362
1768994280000,89225.0,89225.0,89215.0,89215.0,0.0002
1768994340000,89215.0,89295.0,89215.0,89295.0,0.2805
1768994400000,89295.0,89307.0,89279.0,89295.0,1.0327
1768994460000,89295.0,89312.0,89295.0,89312.0,0.072
1768994520000,89312.0,89312.0,89277.0,89288.0,0.3749
1768994580000,89288.0,89288.0,89268.0,89274.0,0.0672
1768994640000,89274.0,89291.0,89272.0,89291.0,0.0172
1768994700000,89291.0,89291.0,89289.0,89289.0,0.0001
1768994760000,89289.0,89289.0,89282.0,89284.0,0.0351
1768994820000,89284.0,89287.0,89254.0,89254.0,0.0656
1768994880000,89254.0,89268.0,89247.0,89255.0,0.0559
1768994940000,89255.0,89258.0,89235.0,89258.0,0.0524
1768995000000,89258.0,89258.0,89235.0,89242.0,0.1501
1768995060000,89242.0,89257.0,89242.0,89242.0,0.0304
1768995120000,89242.0,89259.0,89240.0,89240.0,0.0728
1768995180000,89240.0,89259.0,89234.0,89257.0,1.0648
1768995240000,89257.0,89260.0,89227.0,89252.0,3.4757
1768995300000,89252.0,89252.0,89199.0,89199.0,0.8675
1768995360000,89199.0,89228.0,89189.0,89208.0,2.286
1768995420000,89208.0,89208.0,89187.0,89187.0,0.0223
1768995480000,89187.0,89190.0,89184.0,89190.0,0.0282
1768995540000,89190.0,89195.0,89190.0,89195.0,0.0153
1768995600000,89195.0,89203.0,89157.0,89186.0,0.1475
1768995660000,89186.0,89193.0,89173.0,89193.0,0.1048
1768995720000,89193.0,89210.0,89193.0,89197.0,0.2915
1768995780000,89197.0,89208.0,89190.0,89190.0,0.1397
1768995840000,89190.0,89198.0,89190.0,89198.0,0.0132
1768995900000,89198.0,89216.0,89198.0,89216.0,0.0322
1768995960000,89216.0,89216.0,89173.0,89173.0,0.0374
1768996020000,89173.0,89173.0,89096.0,89096.0,0.2524
1768996080000,89096.0,89144.0,89096.0,89128.0,0.2228
1768996140000,89128.0,89128.0,89019.0,89082.0,1.7113
1768996200000,89082.0,89082.0,89031.0,89036.0,0.1763
1768996260000,89036.0,89041.0,89000.0,89000.0,0.2879
1768996320000,89000.0,89025.0,89000.0,89016.0,0.1096
1768996380000,89016.0,89024.0,88896.0,88920.0,25.7089
1768996440000,88920.0,88926.0,88862.0,88872.0,4.5792
1768996500000,88872.0,88915.0,88862.0,88915.0,0.3751
1768996560000,88915.0,88915.0,88803.0,88830.0,2.1731
1768996620000,88830.0,88859.0,88612.0,88635.0,17.1692
1768996680000,88635.0,88734.0,88619.0,88700.0,6.4427
1768996740000,88700.0,88745.0,88680.0,88715.0,3.7721
1768996800000,88715.0,88753.0,88632.0,88673.0,13.6885
1768996860000,88673.0,88766.0,88673.0,88753.0,3.6829
1768996920000,88753.0,88763.0,88670.0,88753.0,0.5861
1768996980000,88753.0,88753.0,88711.0,88732.0,0.2161
1768997040000,88732.0,88732.0,88645.0,88669.0,8.3002
1768997100000,88669.0,88727.0,88654.0,88654.0,0.735
1768997160000,88654.0,88658.0,88492.0,88509.0,7.7847
1768997220000,88509.0,88734.0,88509.0,88724.0,5.7152
1768997280000,88724.0,88774.0,88636.0,88644.0,1.2335
1768997340000,88644.0,88648.0,88493.0,88528.0,7.3125
1768997400000,88528.0,88544.0,88402.0,88431.0,5.3918
1768997460000,88431.0,88476.0,88333.0,88377.0,8.5196
1768997520000,88377.0,88425.0,88275.0,88325.0,5.492
1768997580000,88325.0,88362.0,88121.0,88268.0,17.5653
1768997640000,88268.0,88308.0,88130.0,88308.0,21.918
1768997700000,88308.0,88357.0,88205.0,88298.0,3.0038
1768997760000,88298.0,88383.0,88241.0,88330.0,2.4123
1768997820000,88330.0,88340.0,88212.0,88223.0,1.7933
1768997880000,88223.0,88368.0,88187.0,88346.0,2.6108
1768997940000,88346.0,88346.0,88242.0,88277.0,0.4839
1768998000000,88277.0,88375.0,88277.0,88319.0,1.4755
1768998060000,88319.0,88336.0,88195.0,88229.0,0.5575
1768998120000,88229.0,88255.0,88139.0,88139.0,0.9296
1768998180000,88139.0,88364.0,88136.0,88361.0,1.3701
1768998240000,88361.0,88428.0,88347.0,88359.0,9.5412
1768998300000,88359.0,88365.0,88235.0,88235.0,13.4176
1768998360000,88235.0,88291.0,88188.0,88219.0,5.1601
1768998420000,88219.0,88319.0,88214.0,88317.0,0.6908
1768998480000,88317.0,88317.0,88255.0,88255.0,0.1191
1768998540000,88255.0,88303.0,88255.0,88267.0,0.2059
1768998600000,88267.0,88269.0,88221.0,88231.0,0.448
1768998660000,88231.0,88256.0,88199.0,88230.0,7.1886
1768998720000,88230.0,88368.0,88230.0,88358.0,2.0468
1768998780000,88358.0,88369.0,88312.0,88357.0,2.5717
1768998840000,88357.0,88428.0,88352.0,88406.0,11.6489
1768998900000,88406.0,88563.0,88393.0,88545.0,31.9324
1768998960000,88545.0,88549.0,88497.0,88503.0,1.5609
1768999020000,88503.0,88569.0,88503.0,88550.0,0.935
1768999080000,88550.0,88608.0,88550.0,88595.0,4.6645
1768999140000,88595.0,88595.0,88572.0,88584.0,0.2262
1768999200000,88584.0,88593.0,88520.0,88553.0,1.9857
1768999260000,88553.0,88561.0,88530.0,88553.0,0.2931
1768999320000,88553.0,88553.0,88531.0,88531.0,0.0337
1768999380000,88531.0,88575.0,88531.0,88532.0,0.1911
1768999440000,88532.0,88553.0,88532.0,88553.0,0.0813
1768999500000,88553.0,88610.0,88541.0,88551.0,1.2111
1768999560000,88551.0,88551.0,88436.0,88462.0,9.9059
1768999620000,88462.0,88498.0,88462.0,88498.0,0.0716
1768999680000,88498.0,88508.0,88493.0,88493.0,0.0725
1768999740000,88493.0,88557.0,88493.0,88557.0,0.5557
1768999800000,88557.0,88659.0,88557.0,88619.0,9.3344
1768999860000,88619.0,88628.0,88589.0,88628.0,0.069
1768999920000,88628.0,88633.0,88589.0,88590.0,0.1257
1768999980000,88590.0,88592.0,88563.0,88592.0,0.35
1769000040000,88592.0,88631.0,88592.0,88631.0,0.0675
1769000100000,88631.0,88659.0,88631.0,88636.0,0.0463
1769000160000,88636.0,88693.0,88636.0,88672.0,0.1444
1769000220000,88672.0,88684.0,88665.0,88665.0,0.2758
1769000280000,88665.0,88668.0,88665.0,88665.0,0.023
1769000340000,88665.0,88687.0,88647.0,88666.0,1.0963
1769000400000,88666.0,88666.0,88596.0,88620.0,0.3798
1769000460000,88620.0,88707.0,88620.0,88707.0,0.3662
1769000520000,88707.0,88707.0,88655.0,88696.0,0.8147
1769000580000,88696.0,88711.0,88675.0,88678.0,0.1197
1769000640000,88678.0,88856.0,88678.0,88856.0,5.3471
1769000700000,88856.0,88898.0,88805.0,88828.0,2.7849
1769000760000,88828.0,88891.0,88828.0,88849.0,0.1649
1769000820000,88849.0,88900.0,88820.0,88898.0,2.978
1769000880000,88898.0,88922.0,88837.0,88837.0,0.9155
1769000940000,88837.0,88867.0,88817.0,88844.0,0.6283
1769001000000,88844.0,88855.0,88827.0,88847.0,0.1753
1769001060000,88847.0,88884.0,88828.0,88881.0,0.3416
1769001120000,88881.0,88881.0,88854.0,88867.0,0.1543
1769001180000,88867.0,88931.0,88867.0,88917.0,1.4966
1769001240000,88917.0,88917.0,88861.0,88870.0,1.4446
1769001300000,88870.0,88899.0,88870.0,88880.0,0.2096
1769001360000,88880.0,88880.0,88805.0,88805.0,1.0773
1769001420000,88805.0,88850.0,88792.0,88850.0,0.2795
1769001480000,88850.0,88850.0,88786.0,88797.0,0.478
1769001540000,88797.0,88811.0,88763.0,88776.0,4.427
1769001600000,88776.0,88793.0,88709.0,88709.0,11.2267
1769001660000,88709.0,88759.0,88709.0,88757.0,1.1446
1769001720000,88757.0,88775.0,88728.0,88729.0,0.2534
1769001780000,88729.0,88758.0,88711.0,88758.0,3.1576
1769001840000,88758.0,88758.0,88716.0,88737.0,0.1793
1769001900000,88737.0,88807.0,88723.0,88723.0,2.8953
1769001960000,88723.0,88795.0,88704.0,88795.0,1.9317
1769002020000,88795.0,88795.0,88724.0,88749.0,0.4434
1769002080000,88749.0,88776.0,88745.0,88747.0,0.1294
1769002140000,88747.0,88784.0,88720.0,88781.0,1.9385
1769002200000,88781.0,88789.0,88749.0,88789.0,0.2819
1769002260000,88789.0,88789.0,88670.0,88710.0,2.67
1769002320000,88710.0,88722.0,88693.0,88715.0,0.1824
1769002380000,88715.0,88758.0,88710.0,88757.0,0.462
1769002440000,88757.0,88944.0,88737.0,88920.0,9.4571
1769002500000,88920.0,88956.0,88902.0,88921.0,4.3992
1769002560000,88921.0,88921.0,88771.0,88771.0,0.3847
1769002620000,88771.0,88774.0,88712.0,88757.0,3.5087
1769002680000,88757.0,88757.0,88713.0,88714.0,0.2036
1769002740000,88714.0,88735.0,88681.0,88735.0,0.4094
1769002800000,88735.0,88742.0,88674.0,88704.0,0.2767
1769002860000,88704.0,88714.0,88671.0,88713.0,0.1875
1769002920000,88713.0,88716.0,88605.0,88633.0,0.6053
1769002980000,88633.0,88669.0,88607.0,88657.0,0.2019
1769003040000,88657.0,88662.0,88633.0,88639.0,0.0297
1769003100000,88639.0,88661.0,88595.0,88612.0,0.1001
1769003160000,88612.0,88679.0,88612.0,88656.0,0.1736
1769003220000,88656.0,88679.0,88607.0,88614.0,0.1114
1769003280000,88614.0,88614.0,88496.0,88515.0,5.3948
1769003340000,88515.0,88572.0,88494.0,88572.0,0.3943
1769003400000,88572.0,88572.0,88508.0,88508.0,0.8314
1769003460000,88508.0,88561.0,88464.0,88561.0,10.5267
1769003520000,88561.0,88606.0,88541.0,88601.0,2.1194
1769003580000,88601.0,88700.0,88601.0,88686.0,0.2525
1769003640000,88686.0,88771.0,88686.0,88725.0,2.6035
1769003700000,88725.0,88743.0,88673.0,88731.0,5.3102
1769003760000,88731.0,88829.0,88712.0,88808.0,37.7447
1769003820000,88808.0,88817.0,88752.0,88802.0,10.251
1769003880000,88802.0,88816.0,88707.0,88733.0,15.3191
1769003940000,88733.0,88747.0,88601.0,88601.0,12.2729
1769004000000,88601.0,88646.0,88544.0,88636.0,5.1322
1769004060000,88636.0,88651.0,88600.0,88627.0,0.2505
1769004120000,88627.0,88641.0,88561.0,88572.0,0.2834
1769004180000,88572.0,88633.0,88557.0,88608.0,0.2843
1769004240000,88608.0,88901.0,88608.0,88747.0,10.4136
1769004300000,88747.0,89250.0,88738.0,89236.0,21.6621
1769004360000,89236.0,89259.0,89079.0,89189.0,8.3188
1769004420000,89189.0,89209.0,89100.0,89120.0,1.9949
1769004480000,89120.0,89182.0,89035.0,89165.0,6.7691
1769004540000,89165.0,89167.0,89045.0,89062.0,10.2216
1769004600000,89062.0,89380.0,89033.0,89322.0,21.2097
1769004660000,89322.0,89494.0,89322.0,89400.0,23.5822
1769004720000,89400.0,89427.0,89269.0,89356.0,12.1017
1769004780000,89356.0,89672.0,89319.0,89567.0,21.7023
1769004840000,89567.0,89586.0,89457.0,89515.0,7.6437
1769004900000,89515.0,89533.0,89360.0,89394.0,11.0253
1769004960000,89394.0,89569.0,89366.0,89507.0,0.762
1769005020000,89507.0,89542.0,89451.0,89490.0,1.2012
1769005080000,89490.0,89604.0,89490.0,89582.0,1.6055
1769005140000,89582.0,89582.0,89418.0,89467.0,2.3858
1769005200000,89467.0,89522.0,89375.0,89416.0,10.2851
1769005260000,89416.0,89451.0,89302.0,89404.0,1.1095
1769005320000,89404.0,89546.0,89373.0,89530.0,2.5749
1769005380000,89530.0,89632.0,89486.0,89616.0,9.5359
1769005440000,89616.0,89632.0,89488.0,89609.0,2.5771
1769005500000,89609.0,89615.0,89391.0,89428.0,1.7451
1769005560000,89428.0,89434.0,89357.0,89359.0,0.7821
1769005620000,89359.0,89381.0,89294.0,89319.0,1.0896
1769005680000,89319.0,89347.0,89271.0,89342.0,2.6932
1769005740000,89342.0,89637.0,89329.0,89546.0,27.1223
1769005800000,89546.0,89939.0,89480.0,89832.0,42.4445
1769005860000,89832.0,89837.0,89611.0,89698.0,15.5635
1769005920000,89698.0,89845.0,89645.0,89689.0,8.5593
1769005980000,89689.0,89896.0,89689.0,89857.0,7.6984
1769006040000,89857.0,89940.0,89821.0,89875.0,1.2534
1769006100000,89875.0,89885.0,89565.0,89565.0,7.387
1769006160000,89565.0,89636.0,89444.0,89466.0,7.9987
1769006220000,89466.0,89556.0,89418.0,89517.0,6.5247
1769006280000,89517.0,89813.0,89482.0,89733.0,3.4954
1769006340000,89733.0,89854.0,89706.0,89731.0,6.1058
1769006400000,89731.0,89747.0,89546.0,89557.0,1.7833
1769006460000,89557.0,89676.0,89517.0,89676.0,1.0469
1769006520000,89676.0,89693.0,89549.0,89664.0,1.826
1769006580000,89664.0,89712.0,89623.0,89628.0,1.3744
1769006640000,89628.0,89674.0,89570.0,89623.0,4.6011
1769006700000,89623.0,89655.0,89486.0,89486.0,0.5899
1769006760000,89486.0,89500.0,89406.0,89426.0,4.6267
1769006820000,89426.0,89686.0,89412.0,89675.0,1.7862
1769006880000,89675.0,89728.0,89521.0,89522.0,3.5111
1769006940000,89522.0,89565.0,89452.0,89502.0,0.604
1769007000000,89502.0,89512.0,89384.0,89467.0,0.8794
1769007060000,89467.0,89516.0,89357.0,89443.0,2.5115
1769007120000,89443.0,89448.0,89300.0,89442.0,6.1786
1769007180000,89442.0,89540.0,89360.0,89531.0,1.3407
1769007240000,89531.0,89615.0,89531.0,89592.0,1.347
1769007300000,89592.0,89639.0,89521.0,89604.0,1.0884
1769007360000,89604.0,89819.0,89595.0,89734.0,7.5365
1769007420000,89734.0,89819.0,89696.0,89819.0,2.2447
1769007480000,89819.0,89879.0,89793.0,89837.0,1.8541
1769007540000,89837.0,89837.0,89726.0,89742.0,1.6896
1769007600000,89742.0,89815.0,89704.0,89776.0,0.9684
1769007660000,89776.0,89797.0,89704.0,89776.0,0.5651
1769007720000,89776.0,89865.0,89753.0,89797.0,0.9257
1769007780000,89797.0,89963.0,89788.0,89949.0,5.4884
1769007840000,89949.0,89964.0,89694.0,89694.0,5.1875
1769007900000,89694.0,89906.0,89694.0,89864.0,1.1112
1769007960000,89864.0,89997.0,89846.0,89876.0,1.8882
1769008020000,89876.0,90168.0,89876.0,90100.0,12.1757
1769008080000,90100.0,90146.0,90046.0,90130.0,13.0962
1769008140000,90130.0,90159.0,90045.0,90087.0,4.8418
1769008200000,90087.0,90175.0,90057.0,90088.0,7.1891
1769008260000,90088.0,90180.0,90067.0,90107.0,22.7806
1769008320000,90107.0,90174.0,90091.0,90161.0,1.9934
1769008380000,90161.0,90163.0,90059.0,90153.0,0.7055
1769008440000,90153.0,90320.0,90117.0,90294.0,6.0411
1769008500000,90294.0,90391.0,90244.0,90293.0,5.1531
1769008560000,90293.0,90427.0,90280.0,90303.0,3.5012
1769008620000,90303.0,90426.0,90303.0,90424.0,3.3828
1769008680000,90424.0,90542.0,90358.0,90440.0,37.1315
1769008740000,90440.0,90515.0,90368.0,90378.0,3.0263
1769008800000,90378.0,90378.0,90192.0,90214.0,3.9404
1769008860000,90214.0,90228.0,90104.0,90149.0,6.0826
1769008920000,90149.0,90248.0,90082.0,90232.0,1.6836
1769008980000,90232.0,90281.0,90165.0,90272.0,1.1494
1769009040000,90272.0,90277.0,90220.0,90220.0,0.7313
1769009100000,90220.0,90270.0,90200.0,90204.0,0.5738
1769009160000,90204.0,90257.0,90188.0,90257.0,0.7785
1769009220000,90257.0,90257.0,90069.0,90095.0,3.3824
1769009280000,90095.0,90106.0,89949.0,90008.0,2.5248
1769009340000,90008.0,90044.0,89906.0,89970.0,14.2111
1769009400000,89970.0,89970.0,89846.0,89928.0,4.7091
1769009460000,89928.0,90029.0,89912.0,89960.0,13.6777
1769009520000,89960.0,90032.0,89900.0,90032.0,1.8255
1769009580000,90032.0,90107.0,90031.0,90074.0,0.7773
1769009640000,90074.0,90160.0,90070.0,90121.0,2.4346
1769009700000,90121.0,90148.0,90061.0,90061.0,48.3235
1769009760000,90061.0,90124.0,90058.0,90086.0,2.3622
1769009820000,90086.0,90124.0,89998.0,89998.0,2.3195
1769009880000,89998.0,89998.0,89775.0,89838.0,4.1623
1769009940000,89838.0,89981.0,89838.0,89960.0,0.2771
1769010000000,89960.0,89960.0,89854.0,89868.0,0.2446
1769010060000,89868.0,90029.0,89868.0,90029.0,0.6117
1769010120000,90029.0,90033.0,89968.0,90006.0,1.7875
1769010180000,90006.0,90010.0,89943.0,89978.0,4.1766
1769010240000,89978.0,90071.0,89976.0,90052.0,0.2487
1769010300000,90052.0,90059.0,90023.0,90033.0,0.3245
1769010360000,90033.0,90033.0,89924.0,89974.0,0.7637
1769010420000,89974.0,90068.0,89970.0,90068.0,3.3238
1769010480000,90068.0,90143.0,90035.0,90136.0,4.0069
1769010540000,90136.0,90158.0,90099.0,90100.0,1.2777
1769010600000,90100.0,90169.0,90082.0,90169.0,0.2761
1769010660000,90169.0,90320.0,90151.0,90292.0,1.8909
1769010720000,90292.0,90292.0,90197.0,90208.0,1.3807
1769010780000,90208.0,90299.0,90180.0,90299.0,0.617
1769010840000,90299.0,90312.0,90266.0,90288.0,0.5582
1769010900000,90288.0,90289.0,90240.0,90285.0,0.4002
1769010960000,90285.0,90294.0,90251.0,90287.0,0.4966
1769011020000,90287.0,90308.0,90220.0,90240.0,0.4337
1769011080000,90240.0,90266.0,90233.0,90263.0,0.2282
1769011140000,90263.0,90263.0,90210.0,90233.0,1.2096
1769011200000,90233.0,90308.0,90226.0,90226.0,0.7713
1769011260000,90226.0,90253.0,90210.0,90227.0,0.3772
1769011320000,90227.0,90241.0,90095.0,90123.0,1.4994
1769011380000,90123.0,90138.0,90021.0,90035.0,1.7776
1769011440000,90035.0,90059.0,89974.0,89996.0,8.6007
1769011500000,89996.0,90023.0,89842.0,89858.0,3.0572
1769011560000,89858.0,89942.0,89858.0,89926.0,1.007
1769011620000,89926.0,89967.0,89852.0,89856.0,0.8582
1769011680000,89856.0,89856.0,89769.0,89800.0,3.5535
1769011740000,89800.0,89800.0,89708.0,89772.0,2.4234
1769011800000,89772.0,89834.0,89733.0,89829.0,0.7692
1769011860000,89829.0,89829.0,89752.0,89796.0,0.462
1769011920000,89796.0,89837.0,89749.0,89829.0,5.7579
1769011980000,89829.0,89882.0,89794.0,89852.0,0.6306
1769012040000,89852.0,89852.0,89690.0,89690.0,1.2554
1769012100000,89690.0,89690.0,89529.0,89650.0,5.431
1769012160000,89650.0,89705.0,89584.0,89696.0,1.1785
1769012220000,89696.0,89729.0,89589.0,89729.0,1.3316
1769012280000,89729.0,89762.0,89698.0,89746.0,0.2754
1769012340000,89746.0,89746.0,89623.0,89624.0,0.4207
1769012400000,89624.0,89650.0,89411.0,89439.0,6.1132
1769012460000,89439.0,89453.0,89381.0,89414.0,25.0796
1769012520000,89414.0,89422.0,89354.0,89417.0,3.1583
1769012580000,89417.0,89434.0,89208.0,89211.0,5.2962
1769012640000,89211.0,89449.0,89205.0,89395.0,9.0856
1769012700000,89395.0,89402.0,89256.0,89297.0,1.3204
1769012760000,89297.0,89465.0,89269.0,89407.0,0.8349
1769012820000,89407.0,89499.0,89407.0,89482.0,0.3512
1769012880000,89482.0,89567.0,89482.0,89567.0,0.449
1769012940000,89567.0,89596.0,89530.0,89535.0,1.5445
1769013000000,89535.0,89535.0,89408.0,89481.0,7.0739
1769013060000,89481.0,89481.0,89361.0,89361.0,2.188
1769013120000,89361.0,89377.0,89253.0,89293.0,6.5624
1769013180000,89293.0,89348.0,89254.0,89274.0,2.4898
1769013240000,89274.0,89278.0,89060.0,89117.0,6.7962
1769013300000,89117.0,89169.0,89056.0,89133.0,3.3823
1769013360000,89133.0,89133.0,88920.0,88943.0,8.2156
1769013420000,88943.0,88945.0,88720.0,88826.0,5.6593
1769013480000,88826.0,88843.0,88705.0,88756.0,9.7945
1769013540000,88756.0,88819.0,88720.0,88818.0,4.7166
1769013600000,88818.0,88818.0,88347.0,88426.0,65.4417
1769013660000,88426.0,88455.0,88350.0,88433.0,6.8226
1769013720000,88433.0,88433.0,88301.0,88308.0,2.1424
1769013780000,88308.0,88437.0,88234.0,88238.0,39.9493
1769013840000,88238.0,88242.0,88054.0,88104.0,17.4587
1769013900000,88104.0,88328.0,88077.0,88293.0,2.6674
1769013960000,88293.0,88337.0,88197.0,88237.0,3.6871
1769014020000,88237.0,88491.0,88227.0,88482.0,5.1039
1769014080000,88482.0,88549.0,88320.0,88389.0,26.7762
1769014140000,88389.0,88618.0,88377.0,88589.0,7.8251
1769014200000,88589.0,88589.0,88331.0,88331.0,2.735
1769014260000,88331.0,88442.0,88295.0,88391.0,1.2756
1769014320000,88391.0,88413.0,88212.0,88212.0,1.6772
1769014380000,88212.0,88421.0,88173.0,88369.0,1.5898
1769014440000,88369.0,88382.0,88204.0,88229.0,1.0822
1769014500000,88229.0,88296.0,88015.0,88038.0,4.6037
1769014560000,88038.0,88038.0,87616.0,87766.0,30.6078
1769014620000,87766.0,87824.0,87547.0,87608.0,9.2413
1769014680000,87608.0,87667.0,87546.0,87610.0,17.2905
1769014740000,87610.0,87623.0,87513.0,87534.0,3.5908
1769014800000,87534.0,87879.0,87526.0,87743.0,34.1684
1769014860000,87743.0,87804.0,87646.0,87663.0,7.3439
1769014920000,87663.0,87698.0,87559.0,87639.0,1.7963
1769014980000,87639.0,87829.0,87639.0,87792.0,2.9778
1769015040000,87792.0,88036.0,87792.0,88028.0,2.4334
1769015100000,88028.0,88072.0,87784.0,87853.0,11.0738
1769015160000,87853.0,88000.0,87853.0,87959.0,1.5838
1769015220000,87959.0,88064.0,87826.0,87870.0,5.8076
1769015280000,87870.0,87870.0,87756.0,87831.0,4.0956
1769015340000,87831.0,87921.0,87743.0,87759.0,1.895
1769015400000,87759.0,87815.0,87740.0,87748.0,10.084
1769015460000,87748.0,87767.0,87578.0,87647.0,3.7236
1769015520000,87647.0,87679.0,87541.0,87541.0,0.8524
1769015580000,87541.0,87619.0,87492.0,87501.0,5.5457
1769015640000,87501.0,87532.0,87208.0,87242.0,14.2079
1769015700000,87242.0,87393.0,87200.0,87252.0,32.3108
1769015760000,87252.0,87432.0,87252.0,87270.0,3.3302
1769015820000,87270.0,87544.0,87270.0,87475.0,3.8739
1769015880000,87475.0,87509.0,87386.0,87453.0,0.8764
1769015940000,87453.0,87794.0,87453.0,87710.0,6.8383
1769016000000,87710.0,87815.0,87603.0,87783.0,1.6299
1769016060000,87783.0,87783.0,87577.0,87577.0,12.2827
1769016120000,87577.0,87628.0,87516.0,87516.0,0.7428
1769016180000,87516.0,87591.0,87426.0,87591.0,3.498
1769016240000,87591.0,87648.0,87548.0,87578.0,0.8623
1769016300000,87578.0,87645.0,87548.0,87596.0,1.7832
1769016360000,87596.0,87735.0,87500.0,87692.0,7.1481
1769016420000,87692.0,87692.0,87501.0,87629.0,0.8888
1769016480000,87629.0,87765.0,87629.0,87664.0,3.8877
1769016540000,87664.0,87800.0,87656.0,87722.0,13.9333
1769016600000,87722.0,87855.0,87622.0,87770.0,13.6838
1769016660000,87770.0,87805.0,87674.0,87677.0,2.2852
1769016720000,87677.0,87677.0,87515.0,87535.0,24.7312
1769016780000,87535.0,87597.0,87446.0,87572.0,5.0868
1769016840000,87572.0,87608.0,87512.0,87547.0,0.7875
1769016900000,87547.0,87620.0,87539.0,87561.0,63.7891
1769016960000,87561.0,87750.0,87535.0,87707.0,1.6209
1769017020000,87707.0,87707.0,87535.0,87540.0,0.5901
1769017080000,87540.0,87717.0,87446.0,87681.0,1.8759
1769017140000,87681.0,87872.0,87634.0,87764.0,9.7094
1769017200000,87764.0,87950.0,87757.0,87878.0,13.4604
1769017260000,87878.0,87923.0,87821.0,87821.0,3.0675
1769017320000,87821.0,87978.0,87821.0,87978.0,1.8944
1769017380000,87978.0,88114.0,87866.0,87890.0,49.0984
1769017440000,87890.0,87942.0,87863.0,87867.0,1.8337
1769017500000,87867.0,87916.0,87804.0,87858.0,0.473
1769017560000,87858.0,87915.0,87819.0,87872.0,1.053
1769017620000,87872.0,87994.0,87872.0,87932.0,2.8365
1769017680000,87932.0,87946.0,87822.0,87890.0,7.3331
1769017740000,87890.0,87942.0,87788.0,87942.0,1.3538
1769017800000,87942.0,87961.0,87856.0,87864.0,1.1771
1769017860000,87864.0,87937.0,87850.0,87915.0,1.2869
1769017920000,87915.0,87977.0,87869.0,87977.0,2.0189
1769017980000,87977.0,88011.0,87864.0,87872.0,8.1397
1769018040000,87872.0,87944.0,87859.0,87898.0,1.9657
1769018100000,87898.0,87910.0,87822.0,87887.0,3.9346
1769018160000,87887.0,87906.0,87794.0,87794.0,0.7221
1769018220000,87794.0,87837.0,87791.0,87817.0,0.6925
1769018280000,87817.0,87966.0,87817.0,87937.0,6.6735
1769018340000,87937.0,87944.0,87877.0,87885.0,1.4809
1769018400000,87885.0,87944.0,87811.0,87816.0,3.1015
1769018460000,87816.0,87877.0,87785.0,87838.0,1.035
1769018520000,87838.0,87864.0,87693.0,87693.0,1.636
1769018580000,87693.0,87693.0,87596.0,87600.0,19.9305
1769018640000,87600.0,87644.0,87528.0,87644.0,6.6441
1769018700000,87644.0,87801.0,87639.0,87727.0,1.3555
1769018760000,87727.0,87833.0,87708.0,87764.0,5.9459
1769018820000,87764.0,87790.0,87680.0,87680.0,2.6842
1769018880000,87680.0,87694.0,87601.0,87641.0,0.4623
1769018940000,87641.0,87648.0,87604.0,87643.0,0.648
1769019000000,87643.0,87814.0,87620.0,87783.0,1.8047
1769019060000,87783.0,87882.0,87762.0,87882.0,0.7072
1769019120000,87882.0,87959.0,87851.0,87917.0,0.5228
1769019180000,87917.0,88045.0,87893.0,87893.0,5.2822
1769019240000,87893.0,87909.0,87825.0,87848.0,0.4347
1769019300000,87848.0,87933.0,87837.0,87837.0,0.6558
1769019360000,87837.0,87880.0,87804.0,87850.0,1.5516
1769019420000,87850.0,87930.0,87844.0,87859.0,0.8487
1769019480000,87859.0,87895.0,87807.0,87871.0,0.5406
1769019540000,87871.0,87895.0,87832.0,87895.0,0.1095
1769019600000,87895.0,87900.0,87797.0,87836.0,1.3526
1769019660000,87836.0,87978.0,87836.0,87936.0,1.7846
1769019720000,87936.0,87971.0,87873.0,87873.0,1.5897
1769019780000,87873.0,87887.0,87798.0,87798.0,1.771
1769019840000,87798.0,87840.0,87790.0,87811.0,0.1704
1769019900000,87811.0,87901.0,87811.0,87877.0,0.4457
1769019960000,87877.0,87963.0,87855.0,87934.0,0.4957
1769020020000,87934.0,87997.0,87860.0,87938.0,0.5908
1769020080000,87938.0,87958.0,87845.0,87884.0,0.5389
1769020140000,87884.0,87965.0,87880.0,87962.0,0.4247
1769020200000,87962.0,88017.0,87927.0,88002.0,1.5088
1769020260000,88002.0,88041.0,87907.0,87996.0,0.5602
1769020320000,87996.0,88014.0,87922.0,87943.0,0.1881
1769020380000,87943.0,87997.0,87929.0,87951.0,0.4462
1769020440000,87951.0,87997.0,87908.0,87922.0,1.3785
1769020500000,87922.0,87986.0,87899.0,87902.0,0.9569
1769020560000,87902.0,88027.0,87902.0,87975.0,0.1599
1769020620000,87975.0,88023.0,87916.0,87970.0,0.518
1769020680000,87970.0,88045.0,87941.0,88044.0,0.2068
1769020740000,88044.0,88104.0,88044.0,88095.0,1.2003
1769020800000,88095.0,88163.0,88061.0,88093.0,2.4973
1769020860000,88093.0,88200.0,88093.0,88119.0,1.6733
1769020920000,88119.0,88119.0,88023.0,88064.0,0.7273
1769020980000,88064.0,88080.0,87991.0,88060.0,0.24
1769021040000,88060.0,88114.0,88060.0,88076.0,3.699
1769021100000,88076.0,88130.0,88071.0,88105.0,0.2921
1769021160000,88105.0,88212.0,88104.0,88212.0,1.903
1769021220000,88212.0,88403.0,88157.0,88375.0,3.6005
1769021280000,88375.0,88526.0,88372.0,88433.0,19.6453
1769021340000,88433.0,88542.0,88352.0,88494.0,4.0647
1769021400000,88494.0,88563.0,88456.0,88456.0,5.0674
1769021460000,88456.0,88572.0,88456.0,88535.0,1.4292
1769021520000,88535.0,88605.0,88391.0,88412.0,1.642
1769021580000,88412.0,88437.0,88357.0,88387.0,1.4428
1769021640000,88387.0,88423.0,88354.0,88380.0,0.7124
1769021700000,88380.0,88484.0,88346.0,88415.0,2.5189
1769021760000,88415.0,88435.0,88353.0,88370.0,1.145
1769021820000,88370.0,88372.0,88319.0,88372.0,0.2348
1769021880000,88372.0,88423.0,88350.0,88400.0,1.3366
1769021940000,88400.0,88432.0,88400.0,88432.0,0.1303
1769022000000,88432.0,88483.0,88387.0,88419.0,2.0564
1769022060000,88419.0,88585.0,88396.0,88564.0,8.3017
1769022120000,88564.0,88592.0,88451.0,88465.0,5.1455
1769022180000,88465.0,88483.0,88357.0,88357.0,0.456
1769022240000,88357.0,88375.0,88271.0,88304.0,5.3278
1769022300000,88304.0,88318.0,88219.0,88246.0,6.5529
1769022360000,88246.0,88337.0,88246.0,88320.0,1.4032
1769022420000,88320.0,88353.0,88286.0,88311.0,0.6833
1769022480000,88311.0,88342.0,88278.0,88301.0,0.4879
1769022540000,88301.0,88301.0,88229.0,88250.0,0.8408
1769022600000,88250.0,88355.0,88250.0,88303.0,13.6439
1769022660000,88303.0,88312.0,88269.0,88312.0,0.0708
1769022720000,88312.0,88322.0,88307.0,88311.0,0.0333
1769022780000,88311.0,88337.0,88281.0,88281.0,0.2812
1769022840000,88281.0,88389.0,88281.0,88349.0,1.3204
1769022900000,88349.0,88381.0,88329.0,88381.0,0.3462
1769022960000,88381.0,88407.0,88317.0,88383.0,1.5409
1769023020000,88383.0,88385.0,88349.0,88385.0,0.5446
1769023080000,88385.0,88393.0,88354.0,88386.0,0.1252
1769023140000,88386.0,88454.0,88332.0,88442.0,0.7938
1769023200000,88442.0,88476.0,88415.0,88423.0,0.6499
1769023260000,88423.0,88446.0,88370.0,88378.0,0.2649
1769023320000,88378.0,88476.0,88366.0,88476.0,0.5248
1769023380000,88476.0,88495.0,88444.0,88463.0,0.0709
1769023440000,88463.0,88629.0,88463.0,88568.0,5.7194
1769023500000,88568.0,88613.0,88519.0,88519.0,4.8143
1769023560000,88519.0,88583.0,88486.0,88489.0,0.792
1769023620000,88489.0,89008.0,88489.0,88955.0,26.0113
1769023680000,88955.0,89557.0,88955.0,89526.0,27.5872
1769023740000,89526.0,89691.0,89391.0,89599.0,16.8694
1769023800000,89599.0,89771.0,89463.0,89746.0,6.6167
1769023860000,89746.0,89813.0,89511.0,89511.0,17.6632
1769023920000,89511.0,89831.0,89511.0,89792.0,16.7418
1769023980000,89792.0,89810.0,89595.0,89707.0,19.7562
1769024040000,89707.0,89980.0,89614.0,89928.0,16.8155
1769024100000,89928.0,89949.0,89800.0,89883.0,57.1264
1769024160000,89883.0,89982.0,89872.0,89901.0,2.7815
1769024220000,89901.0,90168.0,89899.0,90057.0,35.6241
1769024280000,90057.0,90060.0,89875.0,89894.0,6.2686
1769024340000,89894.0,90028.0,89844.0,89859.0,11.7974
1769024400000,89859.0,89992.0,89747.0,89986.0,4.2563
1769024460000,89986.0,90000.0,89880.0,89898.0,93.6908
1769024520000,89898.0,89988.0,89782.0,89988.0,17.7536
1769024580000,89988.0,90046.0,89944.0,89999.0,16.375
1769024640000,89999.0,90072.0,89962.0,89992.0,11.2346
1769024700000,89992.0,90145.0,89967.0,90098.0,5.8279
1769024760000,90098.0,90227.0,90048.0,90185.0,4.2955
1769024820000,90185.0,90250.0,90096.0,90199.0,4.6827
1769024880000,90199.0,90364.0,90199.0,90313.0,11.8876
1769024940000,90313.0,90313.0,90193.0,90280.0,6.9862
1769025000000,90280.0,90400.0,90250.0,90264.0,6.2374
1769025060000,90264.0,90271.0,89846.0,89876.0,17.6011
1769025120000,89876.0,90014.0,89860.0,89979.0,7.8268
1769025180000,89979.0,90165.0,89946.0,90081.0,15.2237
1769025240000,90081.0,90198.0,90059.0,90141.0,9.8767
1769025300000,90141.0,90203.0,90119.0,90149.0,3.1492
1769025360000,90149.0,90341.0,90148.0,90242.0,9.2101
1769025420000,90242.0,90267.0,90135.0,90135.0,3.5123
1769025480000,90135.0,90290.0,90134.0,90274.0,0.8037
1769025540000,90274.0,90321.0,90256.0,90307.0,1.4002
1769025600000,90307.0,90332.0,90127.0,90153.0,3.7972
1769025660000,90153.0,90169.0,90025.0,90061.0,11.2825
1769025720000,90061.0,90075.0,89933.0,89989.0,2.4516
1769025780000,89989.0,90034.0,89922.0,89942.0,8.2762
1769025840000,89942.0,90031.0,89858.0,89971.0,1.74
1769025900000,89971.0,89986.0,89896.0,89915.0,3.719
1769025960000,89915.0,89959.0,89854.0,89890.0,3.4583
1769026020000,89890.0,89962.0,89837.0,89854.0,3.1756
1769026080000,89854.0,89928.0,89743.0,89916.0,8.7899
1769026140000,89916.0,89936.0,89835.0,89854.0,1.2098
1769026200000,89854.0,89858.0,89680.0,89699.0,14.787
1769026260000,89699.0,89720.0,89664.0,89716.0,3.1879
1769026320000,89716.0,89845.0,89687.0,89821.0,4.9311
1769026380000,89821.0,89895.0,89798.0,89812.0,12.1456
1769026440000,89812.0,89901.0,89800.0,89844.0,6.8825
1769026500000,89844.0,89844.0,89679.0,89693.0,3.1833
1769026560000,89693.0,89753.0,89673.0,89753.0,1.241
1769026620000,89753.0,89800.0,89742.0,89776.0,3.2012
1769026680000,89776.0,89796.0,89623.0,89796.0,11.2769
1769026740000,89796.0,89796.0,89566.0,89593.0,10.4802
1769026800000,89593.0,89683.0,89542.0,89565.0,14.0073
1769026860000,89565.0,89580.0,89410.0,89414.0,16.92
1769026920000,89414.0,89576.0,89394.0,89576.0,6.1856
1769026980000,89576.0,89583.0,89510.0,89576.0,0.6978
1769027040000,89576.0,89671.0,89576.0,89649.0,9.9908
1769027100000,89649.0,89649.0,89507.0,89541.0,3.7931
1769027160000,89541.0,89577.0,89482.0,89523.0,4.862
1769027220000,89523.0,89648.0,89488.0,89648.0,1.6408
1769027280000,89648.0,89748.0,89590.0,89724.0,2.792
1769027340000,89724.0,89741.0,89688.0,89688.0,2.1965
1769027400000,89688.0,89750.0,89648.0,89731.0,1.7462
1769027460000,89731.0,89750.0,89554.0,89750.0,4.1303
1769027520000,89750.0,89903.0,89721.0,89889.0,3.2169
1769027580000,89889.0,89913.0,89840.0,89913.0,3.8371
1769027640000,89913.0,89969.0,89896.0,89954.0,5.1362
1769027700000,89954.0,89980.0,89923.0,89923.0,4.1051
1769027760000,89923.0,89963.0,89892.0,89892.0,6.0261
1769027820000,89892.0,89927.0,89861.0,89894.0,1.6631
1769027880000,89894.0,89966.0,89879.0,89915.0,6.9827
1769027940000,89915.0,89916.0,89837.0,89837.0,2.456
1769028000000,89837.0,89877.0,89819.0,89877.0,0.4986
1769028060000,89877.0,89877.0,89677.0,89726.0,16.6056
1769028120000,89726.0,89913.0,89722.0,89907.0,15.1357
1769028180000,89907.0,89913.0,89818.0,89831.0,1.7184
1769028240000,89831.0,89858.0,89819.0,89850.0,0.108
1769028300000,89850.0,89984.0,89850.0,89975.0,12.3939
1769028360000,89975.0,90144.0,89951.0,90132.0,19.3824
1769028420000,90132.0,90147.0,90091.0,90112.0,17.5775
1769028480000,90112.0,90145.0,90058.0,90145.0,0.8628
1769028540000,90145.0,90175.0,90112.0,90112.0,0.4988
1769028600000,90112.0,90120.0,90058.0,90098.0,1.3357
1769028660000,90098.0,90098.0,90005.0,90050.0,2.4064
1769028720000,90050.0,90097.0,90039.0,90096.0,0.5566
1769028780000,90096.0,90128.0,90096.0,90107.0,0.1848
1769028840000,90107.0,90129.0,90077.0,90089.0,0.5731
1769028900000,90089.0,90089.0,90047.0,90065.0,1.0884
1769028960000,90065.0,90119.0,90003.0,90096.0,6.0734
1769029020000,90096.0,90140.0,90055.0,90140.0,5.8408
1769029080000,90140.0,90157.0,90130.0,90141.0,0.5409
1769029140000,90141.0,90172.0,90078.0,90172.0,4.3093
1769029200000,90172.0,90172.0,90003.0,90016.0,2.7895
1769029260000,90016.0,90039.0,89945.0,89995.0,2.0985
1769029320000,89995.0,90001.0,89977.0,89992.0,0.5538
1769029380000,89992.0,90140.0,89910.0,90117.0,17.9528
1769029440000,90117.0,90148.0,90041.0,90049.0,1.4144
1769029500000,90049.0,90049.0,90006.0,90030.0,12.2963
1769029560000,90030.0,90109.0,90013.0,90105.0,2.5051
1769029620000,90105.0,90155.0,90094.0,90096.0,1.7331
1769029680000,90096.0,90124.0,90090.0,90124.0,0.5532
1769029740000,90124.0,90124.0,90074.0,90079.0,0.3089
1769029800000,90079.0,90079.0,89977.0,90012.0,1.6446
1769029860000,90012.0,90046.0,90008.0,90034.0,0.8731
1769029920000,90034.0,90040.0,90027.0,90031.0,0.3362
1769029980000,90031.0,90056.0,90020.0,90056.0,3.4106
1769030040000,90056.0,90070.0,90051.0,90062.0,0.0544
1769030100000,90062.0,90062.0,90026.0,90039.0,0.0323
1769030160000,90039.0,90116.0,90039.0,90097.0,2.3626
1769030220000,90097.0,90217.0,90097.0,90217.0,3.3869
1769030280000,90217.0,90288.0,90217.0,90259.0,0.8516
1769030340000,90259.0,90300.0,90255.0,90264.0,2.1288
1769030400000,90264.0,90266.0,90166.0,90166.0,3.0156
1769030460000,90166.0,90202.0,90160.0,90202.0,1.4317
1769030520000,90202.0,90219.0,90150.0,90150.0,0.644
1769030580000,90150.0,90167.0,90127.0,90138.0,0.5123
1769030640000,90138.0,90138.0,90104.0,90109.0,0.2033
1769030700000,90109.0,90109.0,90069.0,90074.0,0.582
1769030760000,90074.0,90074.0,90012.0,90039.0,1.6406
1769030820000,90039.0,90039.0,90013.0,90018.0,0.01
1769030880000,90018.0,90033.0,89989.0,90033.0,2.152
1769030940000,90033.0,90033.0,90011.0,90023.0,0.4836
1769031000000,90023.0,90066.0,90017.0,90059.0,1.9268
1769031060000,90059.0,90136.0,90059.0,90108.0,0.2733
1769031120000,90108.0,90115.0,90085.0,90085.0,0.1086
1769031180000,90085.0,90138.0,90084.0,90112.0,2.578
1769031240000,90112.0,90112.0,90096.0,90107.0,0.1036
1769031300000,90107.0,90107.0,90043.0,90052.0,0.3873
1769031360000,90052.0,90062.0,90047.0,90062.0,0.2705
1769031420000,90062.0,90106.0,90054.0,90091.0,0.5308
1769031480000,90091.0,90138.0,90087.0,90130.0,1.072
1769031540000,90130.0,90169.0,90129.0,90140.0,0.3507
1769031600000,90140.0,90157.0,90092.0,90157.0,1.1686
1769031660000,90157.0,90202.0,90157.0,90180.0,0.4283
1769031720000,90180.0,90198.0,90170.0,90193.0,0.7954
1769031780000,90193.0,90216.0,90166.0,90166.0,0.3511
1769031840000,90166.0,90198.0,90133.0,90198.0,0.7683
1769031900000,90198.0,90216.0,90176.0,90198.0,0.2727
1769031960000,90198.0,90211.0,90194.0,90211.0,0.0519
1769032020000,90211.0,90211.0,90145.0,90153.0,1.0808
1769032080000,90153.0,90153.0,90119.0,90148.0,0.2954
1769032140000,90148.0,90148.0,90091.0,90102.0,0.7637
1769032200000,90102.0,90141.0,90102.0,90141.0,0.3171
1769032260000,90141.0,90143.0,90136.0,90143.0,0.0005
1769032320000,90143.0,90143.0,90103.0,90140.0,0.1154
1769032380000,90140.0,90189.0,90140.0,90189.0,0.0497
1769032440000,90189.0,90189.0,90149.0,90149.0,1.1619
1769032500000,90149.0,90179.0,90122.0,90122.0,0.8364
1769032560000,90122.0,90152.0,90119.0,90152.0,0.0493
1769032620000,90152.0,90175.0,90141.0,90175.0,0.2027
1769032680000,90175.0,90229.0,90175.0,90223.0,2.4119
1769032740000,90223.0,90223.0,90190.0,90200.0,0.0945
1769032800000,90200.0,90207.0,90165.0,90171.0,0.4057
1769032860000,90171.0,90172.0,90164.0,90172.0,0.2755
1769032920000,90172.0,90192.0,90157.0,90192.0,0.1661
1769032980000,90192.0,90229.0,90192.0,90229.0,0.2389
1769033040000,90229.0,90245.0,90228.0,90243.0,0.2962
1769033100000,90243.0,90243.0,90209.0,90212.0,0.3694
1769033160000,90212.0,90252.0,90212.0,90251.0,0.5533
1769033220000,90251.0,90252.0,90235.0,90240.0,1.0211
1769033280000,90240.0,90241.0,90210.0,90210.0,0.5416
1769033340000,90210.0,90257.0,90210.0,90257.0,0.2049
1769033400000,90257.0,90289.0,90244.0,90244.0,0.6104
1769033460000,90244.0,90346.0,90244.0,90321.0,5.1866
1769033520000,90321.0,90335.0,90303.0,90303.0,1.3846
1769033580000,90303.0,90303.0,90204.0,90215.0,7.2961
1769033640000,90215.0,90215.0,90174.0,90174.0,0.1082
1769033700000,90174.0,90183.0,90154.0,90181.0,0.1356
1769033760000,90181.0,90181.0,90057.0,90085.0,2.7803
1769033820000,90085.0,90148.0,90085.0,90142.0,0.5084
1769033880000,90142.0,90142.0,90098.0,90126.0,0.1671
1769033940000,90126.0,90126.0,90070.0,90072.0,1.1946
1769034000000,90072.0,90072.0,90018.0,90018.0,1.1946
1769034060000,90018.0,90034.0,90007.0,90012.0,0.4828
1769034120000,90012.0,90028.0,89958.0,90028.0,1.3424
1769034180000,90028.0,90028.0,89964.0,89968.0,3.0171
1769034240000,89968.0,89968.0,89913.0,89915.0,0.368
1769034300000,89915.0,89940.0,89877.0,89909.0,0.8572
1769034360000,89909.0,89911.0,89905.0,89909.0,0.3707
1769034420000,89909.0,90008.0,89909.0,89998.0,0.8066
1769034480000,89998.0,89998.0,89975.0,89979.0,0.0379
1769034540000,89979.0,89979.0,89948.0,89948.0,0.2384
1769034600000,89948.0,89948.0,89898.0,89947.0,0.3346
1769034660000,89947.0,89947.0,89881.0,89895.0,1.1153
1769034720000,89895.0,89962.0,89895.0,89949.0,0.895
1769034780000,89949.0,89970.0,89949.0,89970.0,0.0246
1769034840000,89970.0,89970.0,89959.0,89962.0,0.002
1769034900000,89962.0,89994.0,89962.0,89994.0,0.3076
1769034960000,89994.0,90004.0,89994.0,90004.0,0.0203
1769035020000,90004.0,90042.0,90004.0,90007.0,0.4202
1769035080000,90007.0,90007.0,89945.0,89950.0,2.3967
1769035140000,89950.0,89950.0,89850.0,89858.0,1.2453
1769035200000,89858.0,89923.0,89840.0,89863.0,0.8493
1769035260000,89863.0,89935.0,89857.0,89930.0,0.0932
1769035320000,89930.0,89971.0,89903.0,89971.0,0.5301
1769035380000,89971.0,89971.0,89888.0,89888.0,0.1995
1769035440000,89888.0,89939.0,89881.0,89906.0,0.634
1769035500000,89906.0,89960.0,89894.0,89945.0,1.0324
1769035560000,89945.0,89956.0,89896.0,89896.0,1.5638
1769035620000,89896.0,89908.0,89831.0,89831.0,2.2749
1769035680000,89831.0,89883.0,89831.0,89869.0,0.2092
1769035740000,89869.0,89887.0,89869.0,89887.0,0.0916
1769035800000,89887.0,89887.0,89861.0,89865.0,0.1954
1769035860000,89865.0,89865.0,89854.0,89855.0,0.0095
1769035920000,89855.0,89867.0,89830.0,89830.0,0.6768
1769035980000,89830.0,89880.0,89826.0,89880.0,0.0689
1769036040000,89880.0,89928.0,89880.0,89928.0,3.8122
1769036100000,89928.0,89944.0,89907.0,89907.0,3.2123
1769036160000,89907.0,89907.0,89832.0,89832.0,0.1093
1769036220000,89832.0,89832.0,89785.0,89805.0,5.8126
1769036280000,89805.0,89807.0,89805.0,89806.0,0.0047
1769036340000,89806.0,89806.0,89690.0,89706.0,8.4804
1769036400000,89706.0,89758.0,89646.0,89747.0,2.5732
1769036460000,89747.0,89755.0,89726.0,89735.0,0.2651
1769036520000,89735.0,89749.0,89710.0,89749.0,0.1996
1769036580000,89749.0,89856.0,89749.0,89834.0,1.7795
1769036640000,89834.0,89876.0,89832.0,89832.0,0.4174
1769036700000,89832.0,89856.0,89818.0,89856.0,0.5831
1769036760000,89856.0,89907.0,89852.0,89907.0,0.3556
1769036820000,89907.0,89918.0,89880.0,89880.0,0.2074
1769036880000,89880.0,89908.0,89880.0,89908.0,0.2582
1769036940000,89908.0,89919.0,89879.0,89879.0,0.5645
1769037000000,89879.0,89882.0,89838.0,89855.0,0.0769
1769037060000,89855.0,89880.0,89824.0,89824.0,1.1565
1769037120000,89824.0,89867.0,89824.0,89867.0,0.0237
1769037180000,89867.0,89920.0,89867.0,89920.0,0.4607
1769037240000,89920.0,90166.0,89920.0,90135.0,25.8608
1769037300000,90135.0,90135.0,90057.0,90080.0,1.615
1769037360000,90080.0,90094.0,90054.0,90054.0,1.3424
1769037420000,90054.0,90054.0,90014.0,90014.0,0.1447
1769037480000,90014.0,90026.0,90005.0,90005.0,0.6861
1769037540000,90005.0,90005.0,89954.0,89995.0,0.7457
1769037600000,89995.0,89995.0,89929.0,89929.0,0.1335
1769037660000,89929.0,89950.0,89849.0,89849.0,5.3788
1769037720000,89849.0,89873.0,89849.0,89866.0,0.8119
1769037780000,89866.0,89866.0,89828.0,89835.0,0.8904
1769037840000,89835.0,89896.0,89828.0,89884.0,0.185
1769037900000,89884.0,89917.0,89884.0,89917.0,0.0621
1769037960000,89917.0,89932.0,89914.0,89932.0,0.0915
1769038020000,89932.0,89932.0,89922.0,89932.0,0.5006
1769038080000,89932.0,89979.0,89932.0,89979.0,0.1377
1769038140000,89979.0,89979.0,89964.0,89972.0,0.1869
1769038200000,89972.0,89972.0,89902.0,89914.0,0.1143
1769038260000,89914.0,89921.0,89870.0,89870.0,0.3109
1769038320000,89870.0,89882.0,89862.0,89862.0,0.0074
1769038380000,89862.0,89862.0,89846.0,89850.0,0.0861
1769038440000,89850.0,89862.0,89817.0,89850.0,0.1005
1769038500000,89850.0,89850.0,89810.0,89810.0,0.2752
1769038560000,89810.0,89822.0,89778.0,89778.0,1.1683
1769038620000,89778.0,89785.0,89772.0,89778.0,0.1482
1769038680000,89778.0,89813.0,89778.0,89791.0,0.0643
1769038740000,89791.0,89792.0,89723.0,89730.0,0.6103
1769038800000,89730.0,89734.0,89635.0,89645.0,3.0615
1769038860000,89645.0,89655.0,89634.0,89647.0,0.418
1769038920000,89647.0,89667.0,89523.0,89558.0,10.7307
1769038980000,89558.0,89558.0,89519.0,89520.0,0.3871
1769039040000,89520.0,89537.0,89498.0,89498.0,2.5274
1769039100000,89498.0,89546.0,89485.0,89485.0,0.8205
1769039160000,89485.0,89505.0,89457.0,89474.0,4.1808
1769039220000,89474.0,89573.0,89474.0,89508.0,0.6041
1769039280000,89508.0,89523.0,89361.0,89411.0,2.644
1769039340000,89411.0,89411.0,89301.0,89311.0,29.803
1769039400000,89311.0,89379.0,89300.0,89347.0,17.7302
1769039460000,89347.0,89416.0,89310.0,89399.0,0.6441
1769039520000,89399.0,89418.0,89336.0,89373.0,2.5982
1769039580000,89373.0,89401.0,89339.0,89386.0,8.8683
1769039640000,89386.0,89397.0,89356.0,89374.0,7.5474
1769039700000,89374.0,89444.0,89374.0,89413.0,3.7609
1769039760000,89413.0,89443.0,89406.0,89419.0,0.2069
1769039820000,89419.0,89427.0,89387.0,89399.0,0.3729
1769039880000,89399.0,89415.0,89399.0,89399.0,0.0276
1769039940000,89399.0,89416.0,89390.0,89390.0,0.266
1769040000000,89390.0,89491.0,89390.0,89458.0,2.4121
1769040060000,89458.0,89484.0,89407.0,89458.0,1.0249
1769040120000,89458.0,89501.0,89409.0,89462.0,0.3853
1769040180000,89462.0,89500.0,89462.0,89478.0,0.5396
1769040240000,89478.0,89568.0,89453.0,89549.0,1.3767
1769040300000,89549.0,89571.0,89536.0,89553.0,0.7781
1769040360000,89553.0,89558.0,89502.0,89549.0,2.0376
1769040420000,89549.0,89616.0,89522.0,89580.0,8.2871
1769040480000,89580.0,89604.0,89555.0,89600.0,5.1895
1769040540000,89600.0,89633.0,89597.0,89622.0,3.1664
1769040600000,89622.0,89622.0,89555.0,89555.0,5.0281
1769040660000,89555.0,89646.0,89541.0,89628.0,1.5791
1769040720000,89628.0,89676.0,89626.0,89648.0,0.1343
1769040780000,89648.0,89672.0,89648.0,89663.0,1.1179
1769040840000,89663.0,89666.0,89638.0,89656.0,0.2775
1769040900000,89656.0,89656.0,89562.0,89608.0,4.7306
1769040960000,89608.0,89631.0,89576.0,89576.0,0.4398
1769041020000,89576.0,89579.0,89541.0,89578.0,0.4769
1769041080000,89578.0,89710.0,89578.0,89688.0,4.8607
1769041140000,89688.0,89704.0,89668.0,89682.0,0.5691
1769041200000,89682.0,89712.0,89682.0,89704.0,0.3043
1769041260000,89704.0,89704.0,89657.0,89665.0,4.0526
1769041320000,89665.0,89730.0,89665.0,89710.0,0.4331
1769041380000,89710.0,89745.0,89706.0,89745.0,0.1812
1769041440000,89745.0,89760.0,89730.0,89756.0,1.3632
1769041500000,89756.0,89778.0,89756.0,89766.0,0.2763
1769041560000,89766.0,89780.0,89766.0,89770.0,0.0099
1769041620000,89770.0,89848.0,89770.0,89831.0,0.5526
1769041680000,89831.0,89832.0,89769.0,89782.0,1.6004
1769041740000,89782.0,89810.0,89759.0,89782.0,0.8394
1769041800000,89782.0,89841.0,89782.0,89841.0,0.1609
1769041860000,89841.0,89920.0,89841.0,89900.0,1.3894
1769041920000,89900.0,89920.0,89882.0,89911.0,0.6567
1769041980000,89911.0,89911.0,89854.0,89854.0,0.1016
1769042040000,89854.0,89889.0,89839.0,89839.0,0.4151
1769042100000,89839.0,89856.0,89829.0,89829.0,0.5339
1769042160000,89829.0,89846.0,89829.0,89846.0,0.019
1769042220000,89846.0,89883.0,89846.0,89872.0,0.0061
1769042280000,89872.0,89873.0,89855.0,89861.0,0.5498
1769042340000,89861.0,89867.0,89848.0,89867.0,0.0047
1769042400000,89867.0,89870.0,89867.0,89870.0,0.0101
1769042460000,89870.0,89960.0,89870.0,89920.0,0.8994
1769042520000,89920.0,89920.0,89898.0,89898.0,0.0595
1769042580000,89898.0,89901.0,89860.0,89886.0,0.0915
1769042640000,89886.0,89886.0,89884.0,89884.0,0.0032
1769042700000,89884.0,89886.0,89856.0,89886.0,0.1593
1769042760000,89886.0,89916.0,89878.0,89913.0,0.3482
1769042820000,89913.0,89913.0,89899.0,89899.0,0.0217
1769042880000,89899.0,89914.0,89889.0,89914.0,0.1605
1769042940000,89914.0,89919.0,89893.0,89901.0,0.1871
1769043000000,89901.0,89901.0,89882.0,89894.0,0.0022
1769043060000,89894.0,89943.0,89894.0,89943.0,0.0942
1769043120000,89943.0,89983.0,89943.0,89963.0,2.1687
1769043180000,89963.0,89963.0,89912.0,89932.0,0.0382
1769043240000,89932.0,89964.0,89925.0,89935.0,0.7134
1769043300000,89935.0,89957.0,89935.0,89952.0,0.0578
1769043360000,89952.0,89957.0,89942.0,89942.0,0.0022
1769043420000,89942.0,89942.0,89894.0,89894.0,0.4334
1769043480000,89894.0,89894.0,89813.0,89855.0,1.3269
1769043540000,89855.0,89856.0,89855.0,89856.0,0.0109
1769043600000,89856.0,89892.0,89766.0,89788.0,1.6734
1769043660000,89788.0,89805.0,89782.0,89796.0,0.2455
1769043720000,89796.0,89973.0,89796.0,89973.0,2.1581
1769043780000,89973.0,90071.0,89965.0,90004.0,1.0302
1769043840000,90004.0,90004.0,89924.0,89943.0,5.7652
1769043900000,89943.0,89943.0,89841.0,89926.0,3.0242
1769043960000,89926.0,89943.0,89925.0,89931.0,0.2151
1769044020000,89931.0,89931.0,89893.0,89900.0,0.6287
1769044080000,89900.0,89900.0,89845.0,89870.0,0.6514
1769044140000,89870.0,89921.0,89870.0,89916.0,0.549
1769044200000,89916.0,89950.0,89916.0,89922.0,0.3594
1769044260000,89922.0,89922.0,89887.0,89901.0,0.1165
1769044320000,89901.0,89913.0,89901.0,89904.0,0.109
1769044380000,89904.0,89932.0,89904.0,89932.0,0.0713
1769044440000,89932.0,89957.0,89917.0,89957.0,0.2041
1769044500000,89957.0,89973.0,89942.0,89973.0,0.6362
1769044560000,89973.0,90059.0,89973.0,90059.0,0.2448
1769044620000,90059.0,90085.0,90016.0,90051.0,0.6078
1769044680000,90051.0,90098.0,90024.0,90024.0,1.494
1769044740000,90024.0,90061.0,90024.0,90054.0,0.5558
1769044800000,90054.0,90142.0,90032.0,90073.0,0.6941
1769044860000,90073.0,90075.0,90040.0,90040.0,0.3839
1769044920000,90040.0,90066.0,89990.0,89990.0,0.7191
1769044980000,89990.0,90024.0,89989.0,90020.0,0.7451
1769045040000,90020.0,90067.0,90016.0,90067.0,0.7224
1769045100000,90067.0,90086.0,90025.0,90048.0,0.5909
1769045160000,90048.0,90086.0,90044.0,90081.0,0.2884
1769045220000,90081.0,90134.0,90075.0,90096.0,0.8956
1769045280000,90096.0,90096.0,90060.0,90060.0,0.5908
1769045340000,90060.0,90093.0,90060.0,90076.0,0.0746
1769045400000,90076.0,90130.0,90059.0,90103.0,0.3376
1769045460000,90103.0,90103.0,90048.0,90048.0,0.543
1769045520000,90048.0,90048.0,90032.0,90041.0,0.0265
1769045580000,90041.0,90041.0,89986.0,90003.0,1.9067
1769045640000,90003.0,90026.0,89989.0,90014.0,0.4123
1769045700000,90014.0,90014.0,89972.0,90010.0,1.8855
1769045760000,90010.0,90026.0,89997.0,89997.0,0.0667
1769045820000,89997.0,90010.0,89982.0,89988.0,0.2885
1769045880000,89988.0,89988.0,89960.0,89975.0,0.1028
1769045940000,89975.0,89980.0,89964.0,89978.0,0.0313
1769046000000,89978.0,89978.0,89915.0,89925.0,0.4074
1769046060000,89925.0,89925.0,89865.0,89896.0,0.8735
1769046120000,89896.0,89925.0,89896.0,89925.0,0.6256
1769046180000,89925.0,89967.0,89925.0,89945.0,0.4704
1769046240000,89945.0,89945.0,89938.0,89938.0,0.0217
1769046300000,89938.0,89938.0,89900.0,89937.0,0.0724
1769046360000,89937.0,89951.0,89937.0,89939.0,0.0389
1769046420000,89939.0,89978.0,89939.0,89958.0,0.0616
1769046480000,89958.0,89958.0,89956.0,89956.0,0.0005
1769046540000,89956.0,90071.0,89956.0,90071.0,0.8611
1769046600000,90071.0,90073.0,90010.0,90011.0,0.0885
1769046660000,90011.0,90011.0,89957.0,89984.0,0.7201
1769046720000,89984.0,90020.0,89976.0,89987.0,0.4688
1769046780000,89987.0,90040.0,89987.0,90040.0,0.0502
1769046840000,90040.0,90113.0,90040.0,90084.0,0.5086
1769046900000,90084.0,90084.0,90034.0,90034.0,0.074
1769046960000,90034.0,90034.0,90011.0,90011.0,0.0784
1769047020000,90011.0,90044.0,90011.0,90044.0,0.0485
1769047080000,90044.0,90084.0,90044.0,90084.0,0.0295
1769047140000,90084.0,90084.0,90047.0,90047.0,0.0262
1769047200000,90047.0,90049.0,89976.0,89982.0,0.5194
1769047260000,89982.0,90044.0,89975.0,90033.0,0.4765
1769047320000,90033.0,90078.0,90026.0,90026.0,0.1145
1769047380000,90026.0,90026.0,90000.0,90020.0,0.229
1769047440000,90020.0,90027.0,89987.0,89987.0,0.0402
1769047500000,89987.0,90006.0,89987.0,90000.0,0.074
1769047560000,90000.0,90097.0,90000.0,90097.0,11.3952
1769047620000,90097.0,90097.0,89997.0,90026.0,0.8855
1769047680000,90026.0,90063.0,90024.0,90024.0,0.1621
1769047740000,90024.0,90084.0,90024.0,90073.0,0.2976
1769047800000,90073.0,90073.0,89987.0,90001.0,1.0336
1769047860000,90001.0,90047.0,90001.0,90047.0,1.785
1769047920000,90047.0,90077.0,90043.0,90077.0,0.2121
1769047980000,90077.0,90077.0,90044.0,90044.0,0.2419
1769048040000,90044.0,90130.0,90001.0,90113.0,9.0767
1769048100000,90113.0,90117.0,90081.0,90117.0,11.0657
1769048160000,90117.0,90209.0,90117.0,90209.0,0.7953
1769048220000,90209.0,90213.0,90134.0,90142.0,2.7052
1769048280000,90142.0,90180.0,90142.0,90179.0,0.702
1769048340000,90179.0,90207.0,90154.0,90192.0,0.454
1769048400000,90192.0,90211.0,90171.0,90209.0,0.3212
1769048460000,90209.0,90236.0,90204.0,90236.0,0.2202
1769048520000,90236.0,90240.0,90198.0,90198.0,1.1251
1769048580000,90198.0,90228.0,90150.0,90228.0,0.5291
1769048640000,90228.0,90234.0,90214.0,90221.0,0.3237
1769048700000,90221.0,90246.0,90201.0,90246.0,0.3218
1769048760000,90246.0,90311.0,90246.0,90278.0,3.1439
1769048820000,90278.0,90278.0,90231.0,90231.0,0.5159
1769048880000,90231.0,90248.0,90212.0,90248.0,1.52
1769048940000,90248.0,90255.0,90228.0,90235.0,2.0117
1769049000000,90235.0,90235.0,90169.0,90169.0,0.9056
1769049060000,90169.0,90182.0,90026.0,90061.0,3.2095
1769049120000,90061.0,90094.0,90033.0,90094.0,1.2897
1769049180000,90094.0,90094.0,90026.0,90026.0,3.0694
1769049240000,90026.0,90073.0,90026.0,90027.0,0.6269
1769049300000,90027.0,90047.0,90011.0,90011.0,0.212
1769049360000,90011.0,90035.0,90010.0,90035.0,0.0599
1769049420000,90035.0,90035.0,89990.0,89993.0,0.1262
1769049480000,89993.0,90037.0,89993.0,90037.0,0.3739
1769049540000,90037.0,90037.0,90020.0,90032.0,0.0558
1769049600000,90032.0,90032.0,90016.0,90016.0,0.5
1769049660000,90016.0,90016.0,89997.0,89999.0,0.179
1769049720000,89999.0,90074.0,89999.0,90060.0,0.859
1769049780000,90060.0,90090.0,90060.0,90072.0,0.07
1769049840000,90072.0,90085.0,90056.0,90065.0,0.0533
1769049900000,90065.0,90065.0,90029.0,90029.0,0.0561
1769049960000,90029.0,90037.0,90025.0,90037.0,0.0496
1769050020000,90037.0,90037.0,90004.0,90033.0,0.2338
1769050080000,90033.0,90045.0,90033.0,90044.0,0.183
1769050140000,90044.0,90044.0,90016.0,90029.0,0.035
1769050200000,90029.0,90029.0,89928.0,89956.0,0.4066
1769050260000,89956.0,89965.0,89895.0,89895.0,1.0341
1769050320000,89895.0,89916.0,89885.0,89895.0,0.1537
1769050380000,89895.0,89939.0,89882.0,89939.0,0.1679
1769050440000,89939.0,89939.0,89786.0,89816.0,2.3765
1769050500000,89816.0,89832.0,89788.0,89822.0,0.201
1769050560000,89822.0,89855.0,89822.0,89855.0,0.3384
1769050620000,89855.0,89889.0,89855.0,89879.0,0.8246
1769050680000,89879.0,89906.0,89879.0,89884.0,0.4876
1769050740000,89884.0,89905.0,89883.0,89883.0,0.0768
1769050800000,89883.0,89927.0,89883.0,89927.0,0.2686
1769050860000,89927.0,89986.0,89912.0,89962.0,0.7873
1769050920000,89962.0,89962.0,89937.0,89958.0,0.0955
1769050980000,89958.0,89962.0,89947.0,89957.0,2.6346
1769051040000,89957.0,90016.0,89957.0,90008.0,1.1328
1769051100000,90008.0,90051.0,89996.0,90050.0,0.4758
1769051160000,90050.0,90104.0,90046.0,90075.0,0.2884
1769051220000,90075.0,90095.0,90068.0,90088.0,0.1094
1769051280000,90088.0,90097.0,90052.0,90052.0,1.1753
1769051340000,90052.0,90064.0,90044.0,90064.0,0.3362
1769051400000,90064.0,90088.0,90064.0,90088.0,0.6474
1769051460000,90088.0,90101.0,90084.0,90101.0,0.2364
1769051520000,90101.0,90101.0,90066.0,90067.0,0.1282
1769051580000,90067.0,90077.0,90045.0,90045.0,0.0679
1769051640000,90045.0,90064.0,90042.0,90042.0,0.1256
1769051700000,90042.0,90042.0,89989.0,90000.0,1.3887
1769051760000,90000.0,90000.0,89804.0,89804.0,3.5851
1769051820000,89804.0,89884.0,89791.0,89884.0,3.3581
1769051880000,89884.0,89900.0,89869.0,89900.0,0.2456
1769051940000,89900.0,89900.0,89891.0,89891.0,0.0499
1769052000000,89891.0,89944.0,89889.0,89944.0,0.6681
1769052060000,89944.0,89953.0,89944.0,89953.0,0.1274
1769052120000,89953.0,89971.0,89953.0,89971.0,0.2233
1769052180000,89971.0,89971.0,89933.0,89957.0,0.3341
1769052240000,89957.0,89962.0,89933.0,89959.0,0.5012
1769052300000,89959.0,89959.0,89886.0,89886.0,0.3844
1769052360000,89886.0,89894.0,89841.0,89879.0,1.9664
1769052420000,89879.0,89888.0,89879.0,89888.0,0.0566
1769052480000,89888.0,89903.0,89888.0,89903.0,0.0259
1769052540000,89903.0,89903.0,89881.0,89881.0,0.0031
1769052600000,89881.0,89881.0,89799.0,89839.0,1.9933
1769052660000,89839.0,89839.0,89781.0,89800.0,1.3836
1769052720000,89800.0,89805.0,89765.0,89792.0,0.4269
1769052780000,89792.0,89809.0,89766.0,89788.0,1.2584
1769052840000,89788.0,89788.0,89675.0,89676.0,10.6905
1769052900000,89676.0,89715.0,89670.0,89681.0,0.9427
1769052960000,89681.0,89718.0,89639.0,89718.0,3.0212
1769053020000,89718.0,89762.0,89718.0,89762.0,0.4635
1769053080000,89762.0,89762.0,89735.0,89752.0,0.3119
1769053140000,89752.0,89785.0,89752.0,89755.0,0.0478
1769053200000,89755.0,89777.0,89730.0,89772.0,0.3758
1769053260000,89772.0,89785.0,89770.0,89770.0,0.0067
1769053320000,89770.0,89778.0,89759.0,89759.0,0.0192
1769053380000,89759.0,89785.0,89759.0,89785.0,0.0014
1769053440000,89785.0,89785.0,89785.0,89785.0,0.0
1769053500000,89785.0,89831.0,89747.0,89792.0,1.1898
1769053560000,89792.0,89821.0,89792.0,89806.0,0.3418
1769053620000,89806.0,89814.0,89802.0,89814.0,0.0834
1769053680000,89814.0,89819.0,89804.0,89819.0,0.2203
1769053740000,89819.0,89832.0,89803.0,89817.0,0.7278
1769053800000,89817.0,89825.0,89798.0,89802.0,0.2475
1769053860000,89802.0,89830.0,89802.0,89829.0,0.2094
1769053920000,89829.0,89829.0,89802.0,89805.0,0.4033
1769053980000,89805.0,89823.0,89805.0,89808.0,0.0218
1769054040000,89808.0,89818.0,89808.0,89818.0,0.0032
1769054100000,89818.0,89835.0,89818.0,89835.0,0.0219
1769054160000,89835.0,89839.0,89825.0,89839.0,0.0217
1769054220000,89839.0,89845.0,89839.0,89845.0,0.0001
1769054280000,89845.0,89845.0,89832.0,89832.0,0.1481
1769054340000,89832.0,89835.0,89828.0,89835.0,0.0512
1769054400000,89835.0,89855.0,89806.0,89855.0,0.6014
1769054460000,89855.0,89855.0,89808.0,89829.0,4.2939
1769054520000,89829.0,89829.0,89811.0,89829.0,0.3879
1769054580000,89829.0,89829.0,89801.0,89820.0,0.9067
1769054640000,89820.0,89820.0,89784.0,89784.0,0.1866
1769054700000,89784.0,89813.0,89778.0,89813.0,0.574
1769054760000,89813.0,89864.0,89813.0,89864.0,0.2664
1769054820000,89864.0,89900.0,89864.0,89900.0,0.9129
1769054880000,89900.0,89900.0,89873.0,89896.0,0.1147
1769054940000,89896.0,89896.0,89896.0,89896.0,0.0
1769055000000,89896.0,89901.0,89886.0,89901.0,0.09
1769055060000,89901.0,89907.0,89894.0,89894.0,0.0043
1769055120000,89894.0,89924.0,89869.0,89874.0,0.8609
1769055180000,89874.0,89885.0,89824.0,89829.0,0.9316
1769055240000,89829.0,89829.0,89809.0,89813.0,0.0922
1769055300000,89813.0,89841.0,89811.0,89811.0,0.4279
1769055360000,89811.0,89811.0,89759.0,89762.0,0.5502
1769055420000,89762.0,89811.0,89757.0,89808.0,1.2927
1769055480000,89808.0,89881.0,89808.0,89859.0,6.3494
1769055540000,89859.0,89874.0,89850.0,89850.0,0.3046
1769055600000,89850.0,89870.0,89778.0,89802.0,1.1967
1769055660000,89802.0,89841.0,89802.0,89839.0,0.467
1769055720000,89839.0,89841.0,89821.0,89837.0,0.2221
1769055780000,89837.0,89837.0,89821.0,89827.0,0.4112
1769055840000,89827.0,89848.0,89827.0,89848.0,0.0153
1769055900000,89848.0,89861.0,89832.0,89847.0,0.6081
1769055960000,89847.0,89873.0,89847.0,89873.0,0.5671
1769056020000,89873.0,89893.0,89873.0,89893.0,0.1909
1769056080000,89893.0,89924.0,89879.0,89916.0,0.1749
1769056140000,89916.0,89918.0,89897.0,89918.0,0.6117
1769056200000,89918.0,89918.0,89876.0,89918.0,4.415
1769056260000,89918.0,89924.0,89885.0,89890.0,0.0679
1769056320000,89890.0,89891.0,89872.0,89872.0,0.0284
1769056380000,89872.0,89921.0,89872.0,89920.0,0.0731
1769056440000,89920.0,89953.0,89920.0,89937.0,0.1427
1769056500000,89937.0,89948.0,89933.0,89946.0,0.0028
1769056560000,89946.0,89965.0,89946.0,89965.0,0.0414
1769056620000,89965.0,89965.0,89941.0,89941.0,0.0264
1769056680000,89941.0,89941.0,89900.0,89903.0,0.214
1769056740000,89903.0,89903.0,89837.0,89841.0,0.3006
1769056800000,89841.0,89881.0,89841.0,89875.0,0.0109
1769056860000,89875.0,89878.0,89850.0,89850.0,0.5128
1769056920000,89850.0,89875.0,89850.0,89875.0,0.0123
1769056980000,89875.0,89875.0,89864.0,89864.0,0.0201
1769057040000,89864.0,89928.0,89864.0,89928.0,3.5921
1769057100000,89928.0,89953.0,89916.0,89941.0,0.0935
1769057160000,89941.0,89953.0,89933.0,89949.0,0.2484
1769057220000,89949.0,89959.0,89944.0,89946.0,0.2276
1769057280000,89946.0,89946.0,89935.0,89935.0,0.0661
1769057340000,89935.0,89968.0,89933.0,89968.0,0.1043
1769057400000,89968.0,90020.0,89961.0,89974.0,0.5819
1769057460000,89974.0,90004.0,89974.0,90004.0,0.3624
1769057520000,90004.0,90004.0,89969.0,90002.0,1.0929
1769057580000,90002.0,90002.0,89990.0,89999.0,0.0016
1769057640000,89999.0,90013.0,89975.0,89994.0,1.325
1769057700000,89994.0,89994.0,89964.0,89967.0,2.1249
1769057760000,89967.0,89977.0,89967.0,89970.0,0.0332
1769057820000,89970.0,89970.0,89917.0,89968.0,1.7078
1769057880000,89968.0,89986.0,89963.0,89986.0,0.9051
1769057940000,89986.0,90002.0,89924.0,89940.0,3.0086
1769058000000,89940.0,89974.0,89940.0,89949.0,0.7656
1769058060000,89949.0,89949.0,89925.0,89944.0,0.0401
1769058120000,89944.0,89948.0,89929.0,89939.0,0.0377
1769058180000,89939.0,89957.0,89939.0,89957.0,0.024
1769058240000,89957.0,89975.0,89939.0,89975.0,0.0226
1769058300000,89975.0,89993.0,89975.0,89978.0,0.0412
1769058360000,89978.0,89978.0,89959.0,89978.0,0.0328
1769058420000,89978.0,89983.0,89978.0,89983.0,0.1117
1769058480000,89983.0,89995.0,89983.0,89995.0,0.1448
1769058540000,89995.0,90008.0,89987.0,89987.0,0.0034
1769058600000,89987.0,90007.0,89987.0,89992.0,0.3183
1769058660000,89992.0,89992.0,89977.0,89988.0,0.3156
1769058720000,89988.0,89988.0,89959.0,89960.0,0.5463
1769058780000,89960.0,89968.0,89956.0,89968.0,0.0531
1769058840000,89968.0,89982.0,89968.0,89982.0,0.039
1769058900000,89982.0,89988.0,89967.0,89981.0,3.0852
1769058960000,89981.0,89981.0,89956.0,89962.0,0.7281
1769059020000,89962.0,89979.0,89962.0,89964.0,1.03
1769059080000,89964.0,89988.0,89964.0,89981.0,0.0133
1769059140000,89981.0,89981.0,89961.0,89963.0,0.1134
1769059200000,89963.0,89963.0,89934.0,89935.0,0.5063
1769059260000,89935.0,89936.0,89897.0,89897.0,1.0117
1769059320000,89897.0,89929.0,89897.0,89929.0,0.2956
1769059380000,89929.0,89944.0,89929.0,89939.0,0.0401
1769059440000,89939.0,89950.0,89939.0,89950.0,0.0003
1769059500000,89950.0,89977.0,89930.0,89944.0,1.0743
1769059560000,89944.0,89953.0,89944.0,89953.0,0.021
1769059620000,89953.0,89953.0,89924.0,89924.0,0.1504
1769059680000,89924.0,89937.0,89922.0,89937.0,0.318
1769059740000,89937.0,89937.0,89915.0,89915.0,0.5581
1769059800000,89915.0,89930.0,89915.0,89926.0,0.0856
1769059860000,89926.0,89935.0,89919.0,89919.0,0.3221
1769059920000,89919.0,89922.0,89903.0,89922.0,0.297
1769059980000,89922.0,89922.0,89920.0,89920.0,0.0209
1769060040000,89920.0,89920.0,89897.0,89897.0,1.1754
1769060100000,89897.0,89898.0,89858.0,89858.0,0.5831
1769060160000,89858.0,89884.0,89858.0,89884.0,0.3459
1769060220000,89884.0,89908.0,89884.0,89908.0,0.2985
1769060280000,89908.0,89934.0,89908.0,89934.0,0.2943
1769060340000,89934.0,89934.0,89916.0,89933.0,0.0135
1769060400000,89933.0,89933.0,89925.0,89925.0,0.0828
1769060460000,89925.0,89983.0,89923.0,89937.0,2.3152
1769060520000,89937.0,89943.0,89931.0,89937.0,0.1818
1769060580000,89937.0,89937.0,89936.0,89936.0,0.0419
1769060640000,89936.0,89957.0,89936.0,89940.0,0.5667
1769060700000,89940.0,89940.0,89940.0,89940.0,0.0
1769060760000,89940.0,89943.0,89924.0,89938.0,0.7224
1769060820000,89938.0,89938.0,89925.0,89930.0,0.1284
1769060880000,89930.0,89983.0,89930.0,89962.0,0.1831
1769060940000,89962.0,89970.0,89961.0,89961.0,0.0077
1769061000000,89961.0,89981.0,89959.0,89976.0,0.1333
1769061060000,89976.0,89999.0,89954.0,89967.0,1.05
1769061120000,89967.0,89967.0,89950.0,89950.0,0.9949
1769061180000,89950.0,89950.0,89893.0,89893.0,1.3936
1769061240000,89893.0,89911.0,89876.0,89911.0,1.2118
1769061300000,89911.0,89911.0,89866.0,89866.0,0.0564
1769061360000,89866.0,89894.0,89866.0,89884.0,0.3236
1769061420000,89884.0,89907.0,89884.0,89890.0,0.0937
1769061480000,89890.0,89895.0,89890.0,89895.0,0.0179
1769061540000,89895.0,89957.0,89895.0,89957.0,10.9849
1769061600000,89957.0,89986.0,89957.0,89975.0,0.7587
1769061660000,89975.0,90018.0,89975.0,89997.0,2.7665
1769061720000,89997.0,90002.0,89979.0,89993.0,1.5921
1769061780000,89993.0,90018.0,89979.0,90018.0,0.1975
1769061840000,90018.0,90076.0,90011.0,90067.0,0.8541
1769061900000,90067.0,90067.0,90046.0,90061.0,0.5056
1769061960000,90061.0,90061.0,90007.0,90007.0,1.0027
1769062020000,90007.0,90007.0,89941.0,89964.0,1.9048
1769062080000,89964.0,89964.0,89865.0,89866.0,2.4363
1769062140000,89866.0,89903.0,89866.0,89886.0,1.0376
1769062200000,89886.0,89901.0,89870.0,89895.0,1.0226
1769062260000,89895.0,89896.0,89831.0,89840.0,0.7903
1769062320000,89840.0,89864.0,89823.0,89864.0,0.792
1769062380000,89864.0,89878.0,89850.0,89878.0,0.0457
1769062440000,89878.0,89974.0,89878.0,89974.0,3.2793
1769062500000,89974.0,90025.0,89952.0,89952.0,7.0246
1769062560000,89952.0,89977.0,89945.0,89963.0,0.2604
1769062620000,89963.0,89965.0,89936.0,89937.0,0.414
1769062680000,89937.0,89963.0,89917.0,89963.0,0.3803
1769062740000,89963.0,89978.0,89963.0,89977.0,0.6343
1769062800000,89977.0,90000.0,89977.0,89977.0,1.9712
1769062860000,89977.0,90030.0,89977.0,90010.0,1.2133
1769062920000,90010.0,90010.0,89977.0,89977.0,0.4657
1769062980000,89977.0,89977.0,89925.0,89950.0,0.6109
1769063040000,89950.0,89952.0,89936.0,89939.0,0.2089
1769063100000,89939.0,89943.0,89921.0,89929.0,0.2979
1769063160000,89929.0,89943.0,89924.0,89937.0,0.0617
1769063220000,89937.0,89944.0,89933.0,89936.0,0.0124
1769063280000,89936.0,89949.0,89936.0,89949.0,0.0012
1769063340000,89949.0,89950.0,89934.0,89946.0,3.1639
1769063400000,89946.0,90012.0,89930.0,90012.0,0.4681
1769063460000,90012.0,90021.0,89996.0,89996.0,0.8371
1769063520000,89996.0,90005.0,89995.0,89995.0,0.0172
1769063580000,89995.0,89995.0,89995.0,89995.0,0.0
1769063640000,89995.0,90006.0,89987.0,89987.0,0.0274
1769063700000,89987.0,90024.0,89981.0,90023.0,0.0697
1769063760000,90023.0,90057.0,90023.0,90040.0,0.2933
1769063820000,90040.0,90075.0,90040.0,90059.0,0.2378
1769063880000,90059.0,90069.0,90048.0,90069.0,0.1801
1769063940000,90069.0,90070.0,90062.0,90068.0,0.1751
1769064000000,90068.0,90068.0,90041.0,90063.0,0.3081
1769064060000,90063.0,90090.0,90063.0,90090.0,0.152
1769064120000,90090.0,90150.0,90083.0,90121.0,3.1375
1769064180000,90121.0,90121.0,90085.0,90085.0,0.0621
1769064240000,90085.0,90100.0,90085.0,90097.0,0.12
1769064300000,90097.0,90122.0,90097.0,90121.0,0.5002
1769064360000,90121.0,90136.0,90121.0,90131.0,0.2197
1769064420000,90131.0,90154.0,90118.0,90124.0,1.671
1769064480000,90124.0,90130.0,90104.0,90117.0,0.4249
1769064540000,90117.0,90129.0,90117.0,90121.0,0.0733
1769064600000,90121.0,90121.0,90089.0,90090.0,0.1246
