2026-01-19 17:27:35,806 | INFO | binance_fetcher | Binance Client initialized.
2026-01-19 17:27:35,960 | INFO | binance_fetcher | BinanceFuturesFetcher initialized | symbol=BTCUSDT | interval=1m | start=2026-01-06 | end=now
2026-01-19 17:27:35,964 | INFO | binance_fetcher | Fetching BTCUSDT | 2026-01-05 19:00:00 | interval=1m
2026-01-19 17:27:37,239 | INFO | binance_fetcher | Fetching BTCUSDT | 2026-01-06 11:39:00.001000 | interval=1m
2026-01-19 17:27:38,127 | INFO | binance_fetcher | Fetching BTCUSDT | 2026-01-07 04:19:00.001000 | interval=1m
2026-01-19 17:27:39,039 | INFO | binance_fetcher | Fetching BTCUSDT | 2026-01-07 20:59:00.001000 | interval=1m
2026-01-19 17:27:39,939 | INFO | binance_fetcher | Fetching BTCUSDT | 2026-01-08 13:39:00.001000 | interval=1m
2026-01-19 17:27:40,881 | INFO | binance_fetcher | Fetching BTCUSDT | 2026-01-09 06:19:00.001000 | interval=1m
2026-01-19 17:27:41,768 | INFO | binance_fetcher | Fetching BTCUSDT | 2026-01-09 22:59:00.001000 | interval=1m
2026-01-19 17:27:42,652 | INFO | binance_fetcher | Fetching BTCUSDT | 2026-01-10 15:39:00.001000 | interval=1m
2026-01-19 17:27:43,533 | INFO | binance_fetcher | Fetching BTCUSDT | 2026-01-11 08:19:00.001000 | interval=1m
2026-01-19 17:27:44,449 | INFO | binance_fetcher | Fetching BTCUSDT | 2026-01-12 00:59:00.001000 | interval=1m
2026-01-19 17:27:45,342 | INFO | binance_fetcher | Fetching BTCUSDT | 2026-01-12 17:39:00.001000 | interval=1m
2026-01-19 17:27:46,339 | INFO | binance_fetcher | Fetching BTCUSDT | 2026-01-13 10:19:00.001000 | interval=1m
2026-01-19 17:27:47,235 | INFO | binance_fetcher | Fetching BTCUSDT | 2026-01-14 02:59:00.001000 | interval=1m
2026-01-19 17:27:48,118 | INFO | binance_fetcher | Fetching BTCUSDT | 2026-01-14 19:39:00.001000 | interval=1m
2026-01-19 17:27:49,438 | INFO | binance_fetcher | Fetching BTCUSDT | 2026-01-15 12:19:00.001000 | interval=1m
2026-01-19 17:27:50,329 | INFO | binance_fetcher | Fetching BTCUSDT | 2026-01-16 04:59:00.001000 | interval=1m
2026-01-19 17:27:51,227 | INFO | binance_fetcher | Fetching BTCUSDT | 2026-01-16 21:39:00.001000 | interval=1m
2026-01-19 17:27:52,123 | INFO | binance_fetcher | Fetching BTCUSDT | 2026-01-17 14:19:00.001000 | interval=1m
2026-01-19 17:27:53,034 | INFO | binance_fetcher | Fetching BTCUSDT | 2026-01-18 06:59:00.001000 | interval=1m
2026-01-19 17:27:53,958 | INFO | binance_fetcher | Fetching BTCUSDT | 2026-01-18 23:39:00.001000 | interval=1m
2026-01-19 17:27:54,863 | INFO | binance_fetcher | Fetching BTCUSDT | 2026-01-19 07:27:00.001000 | interval=1m
2026-01-19 17:27:55,223 | WARNING | binance_fetcher | No more klines returned from Binance.
2026-01-19 17:27:55,291 | INFO | binance_fetcher | Fetched 19468 rows for BTCUSDT.
2026-01-19 17:28:04,856 | INFO | binance_fetcher | BinanceFuturesFetcher initialized | symbol=ETHUSDT | interval=1m | start=2026-01-06 | end=now
2026-01-19 17:28:04,856 | INFO | binance_fetcher | Fetching ETHUSDT | 2026-01-05 19:00:00 | interval=1m
2026-01-19 17:28:05,742 | INFO | binance_fetcher | Fetching ETHUSDT | 2026-01-06 11:39:00.001000 | interval=1m
2026-01-19 17:28:06,625 | INFO | binance_fetcher | Fetching ETHUSDT | 2026-01-07 04:19:00.001000 | interval=1m
2026-01-19 17:28:07,507 | INFO | binance_fetcher | Fetching ETHUSDT | 2026-01-07 20:59:00.001000 | interval=1m
2026-01-19 17:28:08,394 | INFO | binance_fetcher | Fetching ETHUSDT | 2026-01-08 13:39:00.001000 | interval=1m
2026-01-19 17:28:09,282 | INFO | binance_fetcher | Fetching ETHUSDT | 2026-01-09 06:19:00.001000 | interval=1m
2026-01-19 17:28:10,186 | INFO | binance_fetcher | Fetching ETHUSDT | 2026-01-09 22:59:00.001000 | interval=1m
2026-01-19 17:28:11,121 | INFO | binance_fetcher | Fetching ETHUSDT | 2026-01-10 15:39:00.001000 | interval=1m
2026-01-19 17:28:12,181 | INFO | binance_fetcher | Fetching ETHUSDT | 2026-01-11 08:19:00.001000 | interval=1m
2026-01-19 17:28:13,106 | INFO | binance_fetcher | Fetching ETHUSDT | 2026-01-12 00:59:00.001000 | interval=1m
2026-01-19 17:28:13,998 | INFO | binance_fetcher | Fetching ETHUSDT | 2026-01-12 17:39:00.001000 | interval=1m
2026-01-19 17:28:14,892 | INFO | binance_fetcher | Fetching ETHUSDT | 2026-01-13 10:19:00.001000 | interval=1m
2026-01-19 17:28:15,777 | INFO | binance_fetcher | Fetching ETHUSDT | 2026-01-14 02:59:00.001000 | interval=1m
2026-01-19 17:28:16,720 | INFO | binance_fetcher | Fetching ETHUSDT | 2026-01-14 19:39:00.001000 | interval=1m
2026-01-19 17:28:17,646 | INFO | binance_fetcher | Fetching ETHUSDT | 2026-01-15 12:19:00.001000 | interval=1m
2026-01-19 17:28:18,593 | INFO | binance_fetcher | Fetching ETHUSDT | 2026-01-16 04:59:00.001000 | interval=1m
2026-01-19 17:28:19,479 | INFO | binance_fetcher | Fetching ETHUSDT | 2026-01-16 21:39:00.001000 | interval=1m
2026-01-19 17:28:20,360 | INFO | binance_fetcher | Fetching ETHUSDT | 2026-01-17 14:19:00.001000 | interval=1m
2026-01-19 17:28:21,243 | INFO | binance_fetcher | Fetching ETHUSDT | 2026-01-18 06:59:00.001000 | interval=1m
2026-01-19 17:28:22,165 | INFO | binance_fetcher | Fetching ETHUSDT | 2026-01-18 23:39:00.001000 | interval=1m
2026-01-19 17:28:23,038 | INFO | binance_fetcher | Fetching ETHUSDT | 2026-01-19 07:28:00.001000 | interval=1m
2026-01-19 17:28:23,376 | WARNING | binance_fetcher | No more klines returned from Binance.
2026-01-19 17:28:23,438 | INFO | binance_fetcher | Fetched 19469 rows for ETHUSDT.
2026-01-19 17:28:29,894 | INFO | binance_fetcher | BinanceFuturesFetcher initialized | symbol=BNBUSDT | interval=1m | start=2026-01-06 | end=now
2026-01-19 17:28:29,894 | INFO | binance_fetcher | Fetching BNBUSDT | 2026-01-05 19:00:00 | interval=1m
2026-01-19 17:28:30,774 | INFO | binance_fetcher | Fetching BNBUSDT | 2026-01-06 11:39:00.001000 | interval=1m
2026-01-19 17:28:31,669 | INFO | binance_fetcher | Fetching BNBUSDT | 2026-01-07 04:19:00.001000 | interval=1m
2026-01-19 17:28:32,559 | INFO | binance_fetcher | Fetching BNBUSDT | 2026-01-07 20:59:00.001000 | interval=1m
2026-01-19 17:28:33,442 | INFO | binance_fetcher | Fetching BNBUSDT | 2026-01-08 13:39:00.001000 | interval=1m
2026-01-19 17:28:34,323 | INFO | binance_fetcher | Fetching BNBUSDT | 2026-01-09 06:19:00.001000 | interval=1m
2026-01-19 17:28:35,248 | INFO | binance_fetcher | Fetching BNBUSDT | 2026-01-09 22:59:00.001000 | interval=1m
2026-01-19 17:28:36,132 | INFO | binance_fetcher | Fetching BNBUSDT | 2026-01-10 15:39:00.001000 | interval=1m
2026-01-19 17:28:37,016 | INFO | binance_fetcher | Fetching BNBUSDT | 2026-01-11 08:19:00.001000 | interval=1m
2026-01-19 17:28:37,900 | INFO | binance_fetcher | Fetching BNBUSDT | 2026-01-12 00:59:00.001000 | interval=1m
2026-01-19 17:28:38,788 | INFO | binance_fetcher | Fetching BNBUSDT | 2026-01-12 17:39:00.001000 | interval=1m
2026-01-19 17:28:39,668 | INFO | binance_fetcher | Fetching BNBUSDT | 2026-01-13 10:19:00.001000 | interval=1m
2026-01-19 17:28:40,552 | INFO | binance_fetcher | Fetching BNBUSDT | 2026-01-14 02:59:00.001000 | interval=1m
2026-01-19 17:28:41,441 | INFO | binance_fetcher | Fetching BNBUSDT | 2026-01-14 19:39:00.001000 | interval=1m
2026-01-19 17:28:42,322 | INFO | binance_fetcher | Fetching BNBUSDT | 2026-01-15 12:19:00.001000 | interval=1m
2026-01-19 17:28:43,212 | INFO | binance_fetcher | Fetching BNBUSDT | 2026-01-16 04:59:00.001000 | interval=1m
2026-01-19 17:28:44,109 | INFO | binance_fetcher | Fetching BNBUSDT | 2026-01-16 21:39:00.001000 | interval=1m
2026-01-19 17:28:45,020 | INFO | binance_fetcher | Fetching BNBUSDT | 2026-01-17 14:19:00.001000 | interval=1m
2026-01-19 17:28:45,894 | INFO | binance_fetcher | Fetching BNBUSDT | 2026-01-18 06:59:00.001000 | interval=1m
2026-01-19 17:28:46,770 | INFO | binance_fetcher | Fetching BNBUSDT | 2026-01-18 23:39:00.001000 | interval=1m
2026-01-19 17:28:47,645 | INFO | binance_fetcher | Fetching BNBUSDT | 2026-01-19 07:28:00.001000 | interval=1m
2026-01-19 17:28:47,994 | WARNING | binance_fetcher | No more klines returned from Binance.
2026-01-19 17:28:48,057 | INFO | binance_fetcher | Fetched 19469 rows for BNBUSDT.
2026-01-19 17:28:53,523 | INFO | binance_fetcher | BinanceFuturesFetcher initialized | symbol=ADAUSDT | interval=1m | start=2026-01-06 | end=now
2026-01-19 17:28:53,523 | INFO | binance_fetcher | Fetching ADAUSDT | 2026-01-05 19:00:00 | interval=1m
2026-01-19 17:28:54,410 | INFO | binance_fetcher | Fetching ADAUSDT | 2026-01-06 11:39:00.001000 | interval=1m
2026-01-19 17:28:55,288 | INFO | binance_fetcher | Fetching ADAUSDT | 2026-01-07 04:19:00.001000 | interval=1m
2026-01-19 17:28:56,167 | INFO | binance_fetcher | Fetching ADAUSDT | 2026-01-07 20:59:00.001000 | interval=1m
2026-01-19 17:28:57,044 | INFO | binance_fetcher | Fetching ADAUSDT | 2026-01-08 13:39:00.001000 | interval=1m
2026-01-19 17:28:57,923 | INFO | binance_fetcher | Fetching ADAUSDT | 2026-01-09 06:19:00.001000 | interval=1m
2026-01-19 17:28:59,101 | INFO | binance_fetcher | Fetching ADAUSDT | 2026-01-09 22:59:00.001000 | interval=1m
2026-01-19 17:29:00,040 | INFO | binance_fetcher | Fetching ADAUSDT | 2026-01-10 15:39:00.001000 | interval=1m
2026-01-19 17:29:00,919 | INFO | binance_fetcher | Fetching ADAUSDT | 2026-01-11 08:19:00.001000 | interval=1m
2026-01-19 17:29:01,798 | INFO | binance_fetcher | Fetching ADAUSDT | 2026-01-12 00:59:00.001000 | interval=1m
2026-01-19 17:29:02,687 | INFO | binance_fetcher | Fetching ADAUSDT | 2026-01-12 17:39:00.001000 | interval=1m
2026-01-19 17:29:03,586 | INFO | binance_fetcher | Fetching ADAUSDT | 2026-01-13 10:19:00.001000 | interval=1m
2026-01-19 17:29:04,483 | INFO | binance_fetcher | Fetching ADAUSDT | 2026-01-14 02:59:00.001000 | interval=1m
2026-01-19 17:29:05,399 | INFO | binance_fetcher | Fetching ADAUSDT | 2026-01-14 19:39:00.001000 | interval=1m
2026-01-19 17:29:06,284 | INFO | binance_fetcher | Fetching ADAUSDT | 2026-01-15 12:19:00.001000 | interval=1m
2026-01-19 17:29:07,224 | INFO | binance_fetcher | Fetching ADAUSDT | 2026-01-16 04:59:00.001000 | interval=1m
2026-01-19 17:29:08,147 | INFO | binance_fetcher | Fetching ADAUSDT | 2026-01-16 21:39:00.001000 | interval=1m
2026-01-19 17:29:09,036 | INFO | binance_fetcher | Fetching ADAUSDT | 2026-01-17 14:19:00.001000 | interval=1m
2026-01-19 17:29:09,932 | INFO | binance_fetcher | Fetching ADAUSDT | 2026-01-18 06:59:00.001000 | interval=1m
2026-01-19 17:29:10,819 | INFO | binance_fetcher | Fetching ADAUSDT | 2026-01-18 23:39:00.001000 | interval=1m
2026-01-19 17:29:11,680 | INFO | binance_fetcher | Fetching ADAUSDT | 2026-01-19 07:28:00.001000 | interval=1m
2026-01-19 17:29:12,031 | WARNING | binance_fetcher | No more klines returned from Binance.
2026-01-19 17:29:12,081 | INFO | binance_fetcher | Fetched 19469 rows for ADAUSDT.
2026-01-19 17:29:19,004 | INFO | binance_fetcher | BinanceFuturesFetcher initialized | symbol=XRPUSDT | interval=1m | start=2026-01-06 | end=now
2026-01-19 17:29:19,004 | INFO | binance_fetcher | Fetching XRPUSDT | 2026-01-05 19:00:00 | interval=1m
2026-01-19 17:29:19,886 | INFO | binance_fetcher | Fetching XRPUSDT | 2026-01-06 11:39:00.001000 | interval=1m
2026-01-19 17:29:20,798 | INFO | binance_fetcher | Fetching XRPUSDT | 2026-01-07 04:19:00.001000 | interval=1m
2026-01-19 17:29:21,677 | INFO | binance_fetcher | Fetching XRPUSDT | 2026-01-07 20:59:00.001000 | interval=1m
2026-01-19 17:29:22,559 | INFO | binance_fetcher | Fetching XRPUSDT | 2026-01-08 13:39:00.001000 | interval=1m
2026-01-19 17:29:23,438 | INFO | binance_fetcher | Fetching XRPUSDT | 2026-01-09 06:19:00.001000 | interval=1m
2026-01-19 17:29:24,331 | INFO | binance_fetcher | Fetching XRPUSDT | 2026-01-09 22:59:00.001000 | interval=1m
2026-01-19 17:29:25,211 | INFO | binance_fetcher | Fetching XRPUSDT | 2026-01-10 15:39:00.001000 | interval=1m
2026-01-19 17:29:26,098 | INFO | binance_fetcher | Fetching XRPUSDT | 2026-01-11 08:19:00.001000 | interval=1m
2026-01-19 17:29:26,975 | INFO | binance_fetcher | Fetching XRPUSDT | 2026-01-12 00:59:00.001000 | interval=1m
2026-01-19 17:29:27,866 | INFO | binance_fetcher | Fetching XRPUSDT | 2026-01-12 17:39:00.001000 | interval=1m
2026-01-19 17:29:28,813 | INFO | binance_fetcher | Fetching XRPUSDT | 2026-01-13 10:19:00.001000 | interval=1m
2026-01-19 17:29:29,704 | INFO | binance_fetcher | Fetching XRPUSDT | 2026-01-14 02:59:00.001000 | interval=1m
2026-01-19 17:29:30,588 | INFO | binance_fetcher | Fetching XRPUSDT | 2026-01-14 19:39:00.001000 | interval=1m
2026-01-19 17:29:31,468 | INFO | binance_fetcher | Fetching XRPUSDT | 2026-01-15 12:19:00.001000 | interval=1m
2026-01-19 17:29:32,360 | INFO | binance_fetcher | Fetching XRPUSDT | 2026-01-16 04:59:00.001000 | interval=1m
2026-01-19 17:29:33,248 | INFO | binance_fetcher | Fetching XRPUSDT | 2026-01-16 21:39:00.001000 | interval=1m
2026-01-19 17:29:34,139 | INFO | binance_fetcher | Fetching XRPUSDT | 2026-01-17 14:19:00.001000 | interval=1m
2026-01-19 17:29:35,028 | INFO | binance_fetcher | Fetching XRPUSDT | 2026-01-18 06:59:00.001000 | interval=1m
2026-01-19 17:29:36,146 | INFO | binance_fetcher | Fetching XRPUSDT | 2026-01-18 23:39:00.001000 | interval=1m
2026-01-19 17:29:37,011 | INFO | binance_fetcher | Fetching XRPUSDT | 2026-01-19 07:29:00.001000 | interval=1m
2026-01-19 17:29:37,350 | WARNING | binance_fetcher | No more klines returned from Binance.
2026-01-19 17:29:37,412 | INFO | binance_fetcher | Fetched 19470 rows for XRPUSDT.
2026-01-19 17:29:45,794 | INFO | binance_fetcher | BinanceFuturesFetcher initialized | symbol=DOGEUSDT | interval=1m | start=2026-01-06 | end=now
2026-01-19 17:29:45,794 | INFO | binance_fetcher | Fetching DOGEUSDT | 2026-01-05 19:00:00 | interval=1m
2026-01-19 17:29:46,680 | INFO | binance_fetcher | Fetching DOGEUSDT | 2026-01-06 11:39:00.001000 | interval=1m
2026-01-19 17:29:47,570 | INFO | binance_fetcher | Fetching DOGEUSDT | 2026-01-07 04:19:00.001000 | interval=1m
2026-01-19 17:29:48,451 | INFO | binance_fetcher | Fetching DOGEUSDT | 2026-01-07 20:59:00.001000 | interval=1m
2026-01-19 17:29:49,340 | INFO | binance_fetcher | Fetching DOGEUSDT | 2026-01-08 13:39:00.001000 | interval=1m
2026-01-19 17:29:50,220 | INFO | binance_fetcher | Fetching DOGEUSDT | 2026-01-09 06:19:00.001000 | interval=1m
2026-01-19 17:29:51,099 | INFO | binance_fetcher | Fetching DOGEUSDT | 2026-01-09 22:59:00.001000 | interval=1m
2026-01-19 17:29:51,981 | INFO | binance_fetcher | Fetching DOGEUSDT | 2026-01-10 15:39:00.001000 | interval=1m
2026-01-19 17:29:52,857 | INFO | binance_fetcher | Fetching DOGEUSDT | 2026-01-11 08:19:00.001000 | interval=1m
2026-01-19 17:29:53,742 | INFO | binance_fetcher | Fetching DOGEUSDT | 2026-01-12 00:59:00.001000 | interval=1m
2026-01-19 17:29:54,622 | INFO | binance_fetcher | Fetching DOGEUSDT | 2026-01-12 17:39:00.001000 | interval=1m
2026-01-19 17:29:55,512 | INFO | binance_fetcher | Fetching DOGEUSDT | 2026-01-13 10:19:00.001000 | interval=1m
2026-01-19 17:29:56,406 | INFO | binance_fetcher | Fetching DOGEUSDT | 2026-01-14 02:59:00.001000 | interval=1m
2026-01-19 17:29:57,288 | INFO | binance_fetcher | Fetching DOGEUSDT | 2026-01-14 19:39:00.001000 | interval=1m
2026-01-19 17:29:58,167 | INFO | binance_fetcher | Fetching DOGEUSDT | 2026-01-15 12:19:00.001000 | interval=1m
2026-01-19 17:29:59,045 | INFO | binance_fetcher | Fetching DOGEUSDT | 2026-01-16 04:59:00.001000 | interval=1m
2026-01-19 17:29:59,947 | INFO | binance_fetcher | Fetching DOGEUSDT | 2026-01-16 21:39:00.001000 | interval=1m
2026-01-19 17:30:00,826 | INFO | binance_fetcher | Fetching DOGEUSDT | 2026-01-17 14:19:00.001000 | interval=1m
2026-01-19 17:30:01,702 | INFO | binance_fetcher | Fetching DOGEUSDT | 2026-01-18 06:59:00.001000 | interval=1m
2026-01-19 17:30:02,578 | INFO | binance_fetcher | Fetching DOGEUSDT | 2026-01-18 23:39:00.001000 | interval=1m
2026-01-19 17:30:03,443 | INFO | binance_fetcher | Fetching DOGEUSDT | 2026-01-19 07:29:00.001000 | interval=1m
2026-01-19 17:30:03,802 | WARNING | binance_fetcher | No more klines returned from Binance.
2026-01-19 17:30:03,853 | INFO | binance_fetcher | Fetched 19470 rows for DOGEUSDT.
2026-01-19 17:30:11,879 | INFO | binance_fetcher | BinanceFuturesFetcher initialized | symbol=SOLUSDT | interval=1m | start=2026-01-06 | end=now
2026-01-19 17:30:11,879 | INFO | binance_fetcher | Fetching SOLUSDT | 2026-01-05 19:00:00 | interval=1m
2026-01-19 17:30:12,759 | INFO | binance_fetcher | Fetching SOLUSDT | 2026-01-06 11:39:00.001000 | interval=1m
2026-01-19 17:30:13,657 | INFO | binance_fetcher | Fetching SOLUSDT | 2026-01-07 04:19:00.001000 | interval=1m
2026-01-19 17:30:14,550 | INFO | binance_fetcher | Fetching SOLUSDT | 2026-01-07 20:59:00.001000 | interval=1m
2026-01-19 17:30:15,441 | INFO | binance_fetcher | Fetching SOLUSDT | 2026-01-08 13:39:00.001000 | interval=1m
2026-01-19 17:30:16,325 | INFO | binance_fetcher | Fetching SOLUSDT | 2026-01-09 06:19:00.001000 | interval=1m
2026-01-19 17:30:17,202 | INFO | binance_fetcher | Fetching SOLUSDT | 2026-01-09 22:59:00.001000 | interval=1m
2026-01-19 17:30:18,083 | INFO | binance_fetcher | Fetching SOLUSDT | 2026-01-10 15:39:00.001000 | interval=1m
2026-01-19 17:30:18,961 | INFO | binance_fetcher | Fetching SOLUSDT | 2026-01-11 08:19:00.001000 | interval=1m
2026-01-19 17:30:19,850 | INFO | binance_fetcher | Fetching SOLUSDT | 2026-01-12 00:59:00.001000 | interval=1m
2026-01-19 17:30:20,736 | INFO | binance_fetcher | Fetching SOLUSDT | 2026-01-12 17:39:00.001000 | interval=1m
2026-01-19 17:30:21,619 | INFO | binance_fetcher | Fetching SOLUSDT | 2026-01-13 10:19:00.001000 | interval=1m
2026-01-19 17:30:22,499 | INFO | binance_fetcher | Fetching SOLUSDT | 2026-01-14 02:59:00.001000 | interval=1m
2026-01-19 17:30:23,381 | INFO | binance_fetcher | Fetching SOLUSDT | 2026-01-14 19:39:00.001000 | interval=1m
2026-01-19 17:30:24,265 | INFO | binance_fetcher | Fetching SOLUSDT | 2026-01-15 12:19:00.001000 | interval=1m
2026-01-19 17:30:25,147 | INFO | binance_fetcher | Fetching SOLUSDT | 2026-01-16 04:59:00.001000 | interval=1m
2026-01-19 17:30:26,021 | INFO | binance_fetcher | Fetching SOLUSDT | 2026-01-16 21:39:00.001000 | interval=1m
2026-01-19 17:30:26,899 | INFO | binance_fetcher | Fetching SOLUSDT | 2026-01-17 14:19:00.001000 | interval=1m
2026-01-19 17:30:27,772 | INFO | binance_fetcher | Fetching SOLUSDT | 2026-01-18 06:59:00.001000 | interval=1m
2026-01-19 17:30:28,658 | INFO | binance_fetcher | Fetching SOLUSDT | 2026-01-18 23:39:00.001000 | interval=1m
2026-01-19 17:30:29,525 | INFO | binance_fetcher | Fetching SOLUSDT | 2026-01-19 07:30:00.001000 | interval=1m
2026-01-19 17:30:29,871 | WARNING | binance_fetcher | No more klines returned from Binance.
2026-01-19 17:30:29,924 | INFO | binance_fetcher | Fetched 19471 rows for SOLUSDT.
2026-01-19 17:30:40,017 | INFO | binance_fetcher | BinanceFuturesFetcher initialized | symbol=DOTUSDT | interval=1m | start=2026-01-06 | end=now
2026-01-19 17:30:40,017 | INFO | binance_fetcher | Fetching DOTUSDT | 2026-01-05 19:00:00 | interval=1m
2026-01-19 17:30:40,899 | INFO | binance_fetcher | Fetching DOTUSDT | 2026-01-06 11:39:00.001000 | interval=1m
2026-01-19 17:30:41,788 | INFO | binance_fetcher | Fetching DOTUSDT | 2026-01-07 04:19:00.001000 | interval=1m
2026-01-19 17:30:42,660 | INFO | binance_fetcher | Fetching DOTUSDT | 2026-01-07 20:59:00.001000 | interval=1m
2026-01-19 17:30:43,561 | INFO | binance_fetcher | Fetching DOTUSDT | 2026-01-08 13:39:00.001000 | interval=1m
2026-01-19 17:30:44,441 | INFO | binance_fetcher | Fetching DOTUSDT | 2026-01-09 06:19:00.001000 | interval=1m
2026-01-19 17:30:45,322 | INFO | binance_fetcher | Fetching DOTUSDT | 2026-01-09 22:59:00.001000 | interval=1m
2026-01-19 17:30:46,196 | INFO | binance_fetcher | Fetching DOTUSDT | 2026-01-10 15:39:00.001000 | interval=1m
2026-01-19 17:30:47,069 | INFO | binance_fetcher | Fetching DOTUSDT | 2026-01-11 08:19:00.001000 | interval=1m
2026-01-19 17:30:47,948 | INFO | binance_fetcher | Fetching DOTUSDT | 2026-01-12 00:59:00.001000 | interval=1m
2026-01-19 17:30:48,835 | INFO | binance_fetcher | Fetching DOTUSDT | 2026-01-12 17:39:00.001000 | interval=1m
2026-01-19 17:30:49,729 | INFO | binance_fetcher | Fetching DOTUSDT | 2026-01-13 10:19:00.001000 | interval=1m
2026-01-19 17:30:50,606 | INFO | binance_fetcher | Fetching DOTUSDT | 2026-01-14 02:59:00.001000 | interval=1m
2026-01-19 17:30:51,515 | INFO | binance_fetcher | Fetching DOTUSDT | 2026-01-14 19:39:00.001000 | interval=1m
2026-01-19 17:30:52,388 | INFO | binance_fetcher | Fetching DOTUSDT | 2026-01-15 12:19:00.001000 | interval=1m
2026-01-19 17:30:53,272 | INFO | binance_fetcher | Fetching DOTUSDT | 2026-01-16 04:59:00.001000 | interval=1m
2026-01-19 17:30:54,149 | INFO | binance_fetcher | Fetching DOTUSDT | 2026-01-16 21:39:00.001000 | interval=1m
2026-01-19 17:30:55,038 | INFO | binance_fetcher | Fetching DOTUSDT | 2026-01-17 14:19:00.001000 | interval=1m
2026-01-19 17:30:55,924 | INFO | binance_fetcher | Fetching DOTUSDT | 2026-01-18 06:59:00.001000 | interval=1m
2026-01-19 17:30:56,796 | INFO | binance_fetcher | Fetching DOTUSDT | 2026-01-18 23:39:00.001000 | interval=1m
2026-01-19 17:30:57,657 | INFO | binance_fetcher | Fetching DOTUSDT | 2026-01-19 07:30:00.001000 | interval=1m
2026-01-19 17:30:58,002 | WARNING | binance_fetcher | No more klines returned from Binance.
2026-01-19 17:30:58,060 | INFO | binance_fetcher | Fetched 19471 rows for DOTUSDT.
2026-01-19 17:31:06,513 | INFO | binance_fetcher | BinanceFuturesFetcher initialized | symbol=MATICUSDT | interval=1m | start=2026-01-06 | end=now
2026-01-19 17:31:06,513 | INFO | binance_fetcher | Fetching MATICUSDT | 2026-01-05 19:00:00 | interval=1m
2026-01-19 17:31:06,852 | WARNING | binance_fetcher | No more klines returned from Binance.
2026-01-19 17:31:06,852 | WARNING | binance_fetcher | No data fetched from Binance.
2026-01-19 17:31:06,875 | INFO | binance_fetcher | BinanceFuturesFetcher initialized | symbol=LINKUSDT | interval=1m | start=2026-01-06 | end=now
2026-01-19 17:31:06,875 | INFO | binance_fetcher | Fetching LINKUSDT | 2026-01-05 19:00:00 | interval=1m
2026-01-19 17:31:07,750 | INFO | binance_fetcher | Fetching LINKUSDT | 2026-01-06 11:39:00.001000 | interval=1m
2026-01-19 17:31:08,634 | INFO | binance_fetcher | Fetching LINKUSDT | 2026-01-07 04:19:00.001000 | interval=1m
2026-01-19 17:31:09,512 | INFO | binance_fetcher | Fetching LINKUSDT | 2026-01-07 20:59:00.001000 | interval=1m
2026-01-19 17:31:10,390 | INFO | binance_fetcher | Fetching LINKUSDT | 2026-01-08 13:39:00.001000 | interval=1m
2026-01-19 17:31:11,268 | INFO | binance_fetcher | Fetching LINKUSDT | 2026-01-09 06:19:00.001000 | interval=1m
2026-01-19 17:31:12,149 | INFO | binance_fetcher | Fetching LINKUSDT | 2026-01-09 22:59:00.001000 | interval=1m
2026-01-19 17:31:13,035 | INFO | binance_fetcher | Fetching LINKUSDT | 2026-01-10 15:39:00.001000 | interval=1m
2026-01-19 17:31:13,912 | INFO | binance_fetcher | Fetching LINKUSDT | 2026-01-11 08:19:00.001000 | interval=1m
2026-01-19 17:31:14,792 | INFO | binance_fetcher | Fetching LINKUSDT | 2026-01-12 00:59:00.001000 | interval=1m
2026-01-19 17:31:15,676 | INFO | binance_fetcher | Fetching LINKUSDT | 2026-01-12 17:39:00.001000 | interval=1m
2026-01-19 17:31:16,554 | INFO | binance_fetcher | Fetching LINKUSDT | 2026-01-13 10:19:00.001000 | interval=1m
2026-01-19 17:31:17,433 | INFO | binance_fetcher | Fetching LINKUSDT | 2026-01-14 02:59:00.001000 | interval=1m
2026-01-19 17:31:18,311 | INFO | binance_fetcher | Fetching LINKUSDT | 2026-01-14 19:39:00.001000 | interval=1m
2026-01-19 17:31:19,185 | INFO | binance_fetcher | Fetching LINKUSDT | 2026-01-15 12:19:00.001000 | interval=1m
2026-01-19 17:31:20,068 | INFO | binance_fetcher | Fetching LINKUSDT | 2026-01-16 04:59:00.001000 | interval=1m
2026-01-19 17:31:20,956 | INFO | binance_fetcher | Fetching LINKUSDT | 2026-01-16 21:39:00.001000 | interval=1m
2026-01-19 17:31:21,839 | INFO | binance_fetcher | Fetching LINKUSDT | 2026-01-17 14:19:00.001000 | interval=1m
2026-01-19 17:31:22,815 | INFO | binance_fetcher | Fetching LINKUSDT | 2026-01-18 06:59:00.001000 | interval=1m
2026-01-19 17:31:23,689 | INFO | binance_fetcher | Fetching LINKUSDT | 2026-01-18 23:39:00.001000 | interval=1m
2026-01-19 17:31:24,552 | INFO | binance_fetcher | Fetching LINKUSDT | 2026-01-19 07:31:00.001000 | interval=1m
2026-01-19 17:31:24,932 | WARNING | binance_fetcher | No more klines returned from Binance.
2026-01-19 17:31:24,998 | INFO | binance_fetcher | Fetched 19472 rows for LINKUSDT.
2026-01-19 17:50:43,456 | INFO | binance_fetcher | Binance Client initialized.
2026-01-19 17:50:43,585 | INFO | binance_fetcher | BinanceFuturesFetcher initialized | symbol=BTCUSDT | interval=1m | start=2026-01-06 | end=now
2026-01-19 17:50:43,601 | INFO | binance_fetcher | Fetching BTCUSDT | 2026-01-05 19:00:00 | interval=1m
2026-01-19 17:50:44,895 | INFO | binance_fetcher | Fetching BTCUSDT | 2026-01-06 11:39:00.001000 | interval=1m
2026-01-19 17:50:45,782 | INFO | binance_fetcher | Fetching BTCUSDT | 2026-01-07 04:19:00.001000 | interval=1m
2026-01-19 17:50:46,662 | INFO | binance_fetcher | Fetching BTCUSDT | 2026-01-07 20:59:00.001000 | interval=1m
2026-01-19 17:50:47,545 | INFO | binance_fetcher | Fetching BTCUSDT | 2026-01-08 13:39:00.001000 | interval=1m
2026-01-19 17:50:48,427 | INFO | binance_fetcher | Fetching BTCUSDT | 2026-01-09 06:19:00.001000 | interval=1m
2026-01-19 17:50:49,317 | INFO | binance_fetcher | Fetching BTCUSDT | 2026-01-09 22:59:00.001000 | interval=1m
2026-01-19 17:50:50,196 | INFO | binance_fetcher | Fetching BTCUSDT | 2026-01-10 15:39:00.001000 | interval=1m
2026-01-19 17:50:51,079 | INFO | binance_fetcher | Fetching BTCUSDT | 2026-01-11 08:19:00.001000 | interval=1m
2026-01-19 17:50:51,974 | INFO | binance_fetcher | Fetching BTCUSDT | 2026-01-12 00:59:00.001000 | interval=1m
2026-01-19 17:50:52,863 | INFO | binance_fetcher | Fetching BTCUSDT | 2026-01-12 17:39:00.001000 | interval=1m
2026-01-19 17:51:48,739 | INFO | binance_fetcher | Binance Client initialized.
2026-01-19 17:51:50,007 | INFO | binance_fetcher | BinanceFuturesFetcher initialized | symbol=BTCUSDT | interval=1m | start=2026-01-19 | end=now
2026-01-19 17:51:50,007 | INFO | binance_fetcher | Fetching BTCUSDT | 2026-01-18 19:00:00 | interval=1m
2026-01-19 17:51:51,249 | INFO | binance_fetcher | Fetching BTCUSDT | 2026-01-19 07:51:00.001000 | interval=1m
2026-01-19 17:51:51,601 | WARNING | binance_fetcher | No more klines returned from Binance.
2026-01-19 17:51:51,603 | INFO | binance_fetcher | Fetched 772 rows for BTCUSDT.
2026-01-19 17:51:52,881 | INFO | binance_fetcher | BinanceFuturesFetcher initialized | symbol=ETHUSDT | interval=1m | start=2026-01-19 | end=now
2026-01-19 17:51:52,881 | INFO | binance_fetcher | Fetching ETHUSDT | 2026-01-18 19:00:00 | interval=1m
2026-01-19 17:51:53,756 | INFO | binance_fetcher | Fetching ETHUSDT | 2026-01-19 07:51:00.001000 | interval=1m
2026-01-19 17:51:54,124 | WARNING | binance_fetcher | No more klines returned from Binance.
2026-01-19 17:51:54,124 | INFO | binance_fetcher | Fetched 772 rows for ETHUSDT.
2026-01-19 17:51:55,103 | INFO | binance_fetcher | BinanceFuturesFetcher initialized | symbol=BNBUSDT | interval=1m | start=2026-01-19 | end=now
2026-01-19 17:51:55,103 | INFO | binance_fetcher | Fetching BNBUSDT | 2026-01-18 19:00:00 | interval=1m
2026-01-19 17:51:55,987 | INFO | binance_fetcher | Fetching BNBUSDT | 2026-01-19 07:51:00.001000 | interval=1m
2026-01-19 17:51:56,351 | WARNING | binance_fetcher | No more klines returned from Binance.
2026-01-19 17:51:56,351 | INFO | binance_fetcher | Fetched 772 rows for BNBUSDT.
2026-01-19 17:51:57,538 | INFO | binance_fetcher | BinanceFuturesFetcher initialized | symbol=ADAUSDT | interval=1m | start=2026-01-19 | end=now
2026-01-19 17:51:57,539 | INFO | binance_fetcher | Fetching ADAUSDT | 2026-01-18 19:00:00 | interval=1m
2026-01-19 17:51:58,410 | INFO | binance_fetcher | Fetching ADAUSDT | 2026-01-19 07:51:00.001000 | interval=1m
2026-01-19 17:51:58,771 | WARNING | binance_fetcher | No more klines returned from Binance.
2026-01-19 17:51:58,773 | INFO | binance_fetcher | Fetched 772 rows for ADAUSDT.
2026-01-19 17:51:59,724 | INFO | binance_fetcher | BinanceFuturesFetcher initialized | symbol=XRPUSDT | interval=1m | start=2026-01-19 | end=now
2026-01-19 17:51:59,724 | INFO | binance_fetcher | Fetching XRPUSDT | 2026-01-18 19:00:00 | interval=1m
2026-01-19 17:52:00,601 | INFO | binance_fetcher | Fetching XRPUSDT | 2026-01-19 07:51:00.001000 | interval=1m
2026-01-19 17:52:00,964 | WARNING | binance_fetcher | No more klines returned from Binance.
2026-01-19 17:52:00,964 | INFO | binance_fetcher | Fetched 772 rows for XRPUSDT.
2026-01-19 17:52:01,737 | INFO | binance_fetcher | BinanceFuturesFetcher initialized | symbol=DOGEUSDT | interval=1m | start=2026-01-19 | end=now
2026-01-19 17:52:01,737 | INFO | binance_fetcher | Fetching DOGEUSDT | 2026-01-18 19:00:00 | interval=1m
2026-01-19 17:52:02,614 | INFO | binance_fetcher | Fetching DOGEUSDT | 2026-01-19 07:52:00.001000 | interval=1m
2026-01-19 17:52:02,960 | WARNING | binance_fetcher | No more klines returned from Binance.
2026-01-19 17:52:02,970 | INFO | binance_fetcher | Fetched 773 rows for DOGEUSDT.
2026-01-19 17:52:03,824 | INFO | binance_fetcher | BinanceFuturesFetcher initialized | symbol=SOLUSDT | interval=1m | start=2026-01-19 | end=now
2026-01-19 17:52:03,824 | INFO | binance_fetcher | Fetching SOLUSDT | 2026-01-18 19:00:00 | interval=1m
2026-01-19 17:52:04,699 | INFO | binance_fetcher | Fetching SOLUSDT | 2026-01-19 07:52:00.001000 | interval=1m
2026-01-19 17:52:05,049 | WARNING | binance_fetcher | No more klines returned from Binance.
2026-01-19 17:52:05,053 | INFO | binance_fetcher | Fetched 773 rows for SOLUSDT.
2026-01-19 17:52:05,529 | INFO | binance_fetcher | BinanceFuturesFetcher initialized | symbol=DOTUSDT | interval=1m | start=2026-01-19 | end=now
2026-01-19 17:52:05,529 | INFO | binance_fetcher | Fetching DOTUSDT | 2026-01-18 19:00:00 | interval=1m
2026-01-19 17:52:06,402 | INFO | binance_fetcher | Fetching DOTUSDT | 2026-01-19 07:52:00.001000 | interval=1m
2026-01-19 17:52:06,792 | WARNING | binance_fetcher | No more klines returned from Binance.
2026-01-19 17:52:06,793 | INFO | binance_fetcher | Fetched 773 rows for DOTUSDT.
2026-01-19 17:52:06,936 | INFO | binance_fetcher | BinanceFuturesFetcher initialized | symbol=MATICUSDT | interval=1m | start=2026-01-19 | end=now
2026-01-19 17:52:06,936 | INFO | binance_fetcher | Fetching MATICUSDT | 2026-01-18 19:00:00 | interval=1m
2026-01-19 17:52:07,284 | WARNING | binance_fetcher | No more klines returned from Binance.
2026-01-19 17:52:07,284 | WARNING | binance_fetcher | No data fetched from Binance.
2026-01-19 17:52:07,576 | INFO | binance_fetcher | BinanceFuturesFetcher initialized | symbol=LINKUSDT | interval=1m | start=2026-01-19 | end=now
2026-01-19 17:52:07,576 | INFO | binance_fetcher | Fetching LINKUSDT | 2026-01-18 19:00:00 | interval=1m
2026-01-19 17:52:08,463 | INFO | binance_fetcher | Fetching LINKUSDT | 2026-01-19 07:52:00.001000 | interval=1m
2026-01-19 17:52:08,813 | WARNING | binance_fetcher | No more klines returned from Binance.
2026-01-19 17:52:08,817 | INFO | binance_fetcher | Fetched 773 rows for LINKUSDT.
2026-01-19 17:55:47,748 | INFO | binance_fetcher | Binance Client initialized.
2026-01-19 17:55:48,200 | INFO | binance_fetcher | BinanceFuturesFetcher initialized | symbol=BTCUSDT | interval=1m | start=2026-01-19 | end=now
2026-01-19 17:55:48,200 | INFO | binance_fetcher | Fetching BTCUSDT | 2026-01-18 19:00:00 | interval=1m
2026-01-19 17:55:49,624 | INFO | binance_fetcher | Fetching BTCUSDT | 2026-01-19 07:55:00.001000 | interval=1m
2026-01-19 17:55:49,785 | WARNING | binance_fetcher | No more klines returned from Binance.
2026-01-19 17:55:49,799 | INFO | binance_fetcher | Fetched 776 rows for BTCUSDT.
2026-01-19 17:55:50,146 | INFO | binance_fetcher | BinanceFuturesFetcher initialized | symbol=ETHUSDT | interval=1m | start=2026-01-19 | end=now
2026-01-19 17:55:50,146 | INFO | binance_fetcher | Fetching ETHUSDT | 2026-01-18 19:00:00 | interval=1m
2026-01-19 17:55:50,889 | INFO | binance_fetcher | Fetching ETHUSDT | 2026-01-19 07:55:00.001000 | interval=1m
2026-01-19 17:55:51,048 | WARNING | binance_fetcher | No more klines returned from Binance.
2026-01-19 17:55:51,063 | INFO | binance_fetcher | Fetched 776 rows for ETHUSDT.
2026-01-19 17:55:51,414 | INFO | binance_fetcher | BinanceFuturesFetcher initialized | symbol=BNBUSDT | interval=1m | start=2026-01-19 | end=now
2026-01-19 17:55:51,414 | INFO | binance_fetcher | Fetching BNBUSDT | 2026-01-18 19:00:00 | interval=1m
2026-01-19 17:55:52,111 | INFO | binance_fetcher | Fetching BNBUSDT | 2026-01-19 07:55:00.001000 | interval=1m
2026-01-19 17:55:52,279 | WARNING | binance_fetcher | No more klines returned from Binance.
2026-01-19 17:55:52,287 | INFO | binance_fetcher | Fetched 776 rows for BNBUSDT.
2026-01-19 17:55:52,648 | INFO | binance_fetcher | BinanceFuturesFetcher initialized | symbol=ADAUSDT | interval=1m | start=2026-01-19 | end=now
2026-01-19 17:55:52,648 | INFO | binance_fetcher | Fetching ADAUSDT | 2026-01-18 19:00:00 | interval=1m
2026-01-19 17:55:53,339 | INFO | binance_fetcher | Fetching ADAUSDT | 2026-01-19 07:55:00.001000 | interval=1m
2026-01-19 17:55:53,516 | WARNING | binance_fetcher | No more klines returned from Binance.
2026-01-19 17:55:53,518 | INFO | binance_fetcher | Fetched 776 rows for ADAUSDT.
2026-01-19 17:55:53,861 | INFO | binance_fetcher | BinanceFuturesFetcher initialized | symbol=XRPUSDT | interval=1m | start=2026-01-19 | end=now
2026-01-19 17:55:53,861 | INFO | binance_fetcher | Fetching XRPUSDT | 2026-01-18 19:00:00 | interval=1m
2026-01-19 17:55:54,556 | INFO | binance_fetcher | Fetching XRPUSDT | 2026-01-19 07:55:00.001000 | interval=1m
2026-01-19 17:55:54,742 | WARNING | binance_fetcher | No more klines returned from Binance.
2026-01-19 17:55:54,750 | INFO | binance_fetcher | Fetched 776 rows for XRPUSDT.
2026-01-19 17:55:55,112 | INFO | binance_fetcher | BinanceFuturesFetcher initialized | symbol=DOGEUSDT | interval=1m | start=2026-01-19 | end=now
2026-01-19 17:55:55,112 | INFO | binance_fetcher | Fetching DOGEUSDT | 2026-01-18 19:00:00 | interval=1m
2026-01-19 17:55:55,807 | INFO | binance_fetcher | Fetching DOGEUSDT | 2026-01-19 07:55:00.001000 | interval=1m
2026-01-19 17:55:55,991 | WARNING | binance_fetcher | No more klines returned from Binance.
2026-01-19 17:55:55,994 | INFO | binance_fetcher | Fetched 776 rows for DOGEUSDT.
2026-01-19 17:55:56,348 | INFO | binance_fetcher | BinanceFuturesFetcher initialized | symbol=SOLUSDT | interval=1m | start=2026-01-19 | end=now
2026-01-19 17:55:56,348 | INFO | binance_fetcher | Fetching SOLUSDT | 2026-01-18 19:00:00 | interval=1m
2026-01-19 17:55:57,041 | INFO | binance_fetcher | Fetching SOLUSDT | 2026-01-19 07:55:00.001000 | interval=1m
2026-01-19 17:55:57,214 | WARNING | binance_fetcher | No more klines returned from Binance.
2026-01-19 17:55:57,217 | INFO | binance_fetcher | Fetched 776 rows for SOLUSDT.
2026-01-19 17:55:57,624 | INFO | binance_fetcher | BinanceFuturesFetcher initialized | symbol=DOTUSDT | interval=1m | start=2026-01-19 | end=now
2026-01-19 17:55:57,624 | INFO | binance_fetcher | Fetching DOTUSDT | 2026-01-18 19:00:00 | interval=1m
2026-01-19 17:55:58,321 | INFO | binance_fetcher | Fetching DOTUSDT | 2026-01-19 07:55:00.001000 | interval=1m
2026-01-19 17:55:58,492 | WARNING | binance_fetcher | No more klines returned from Binance.
2026-01-19 17:55:58,508 | INFO | binance_fetcher | Fetched 776 rows for DOTUSDT.
2026-01-19 17:55:58,639 | INFO | binance_fetcher | BinanceFuturesFetcher initialized | symbol=MATICUSDT | interval=1m | start=2026-01-19 | end=now
2026-01-19 17:55:58,639 | INFO | binance_fetcher | Fetching MATICUSDT | 2026-01-18 19:00:00 | interval=1m
2026-01-19 17:55:58,811 | WARNING | binance_fetcher | No more klines returned from Binance.
2026-01-19 17:55:58,811 | WARNING | binance_fetcher | No data fetched from Binance.
2026-01-19 17:55:59,040 | INFO | binance_fetcher | BinanceFuturesFetcher initialized | symbol=LINKUSDT | interval=1m | start=2026-01-19 | end=now
2026-01-19 17:55:59,040 | INFO | binance_fetcher | Fetching LINKUSDT | 2026-01-18 19:00:00 | interval=1m
2026-01-19 17:55:59,743 | INFO | binance_fetcher | Fetching LINKUSDT | 2026-01-19 07:55:00.001000 | interval=1m
2026-01-19 17:55:59,914 | WARNING | binance_fetcher | No more klines returned from Binance.
2026-01-19 17:55:59,917 | INFO | binance_fetcher | Fetched 776 rows for LINKUSDT.
2026-01-20 09:47:09,808 | INFO | binance_fetcher | Binance Client initialized.
2026-01-20 09:47:11,542 | INFO | binance_fetcher | BinanceFuturesFetcher initialized | symbol=BTCUSDT | interval=1m | start=2026-01-19 | end=now
2026-01-20 09:47:11,553 | INFO | binance_fetcher | Fetching BTCUSDT | 2026-01-18 19:00:00 | interval=1m
2026-01-20 09:47:13,015 | INFO | binance_fetcher | Fetching BTCUSDT | 2026-01-19 11:39:00.001000 | interval=1m
2026-01-20 09:47:13,927 | INFO | binance_fetcher | Fetching BTCUSDT | 2026-01-19 23:47:00.001000 | interval=1m
2026-01-20 09:47:14,301 | WARNING | binance_fetcher | No more klines returned from Binance.
2026-01-20 09:47:14,325 | INFO | binance_fetcher | Fetched 1728 rows for BTCUSDT.
2026-01-20 09:47:17,513 | INFO | binance_fetcher | BinanceFuturesFetcher initialized | symbol=ETHUSDT | interval=1m | start=2026-01-19 | end=now
2026-01-20 09:47:17,513 | INFO | binance_fetcher | Fetching ETHUSDT | 2026-01-18 19:00:00 | interval=1m
2026-01-20 09:47:18,447 | INFO | binance_fetcher | Fetching ETHUSDT | 2026-01-19 11:39:00.001000 | interval=1m
2026-01-20 09:47:19,358 | INFO | binance_fetcher | Fetching ETHUSDT | 2026-01-19 23:47:00.001000 | interval=1m
2026-01-20 09:47:19,729 | WARNING | binance_fetcher | No more klines returned from Binance.
2026-01-20 09:47:19,739 | INFO | binance_fetcher | Fetched 1728 rows for ETHUSDT.
2026-01-20 09:47:22,011 | INFO | binance_fetcher | BinanceFuturesFetcher initialized | symbol=BNBUSDT | interval=1m | start=2026-01-19 | end=now
2026-01-20 09:47:22,011 | INFO | binance_fetcher | Fetching BNBUSDT | 2026-01-18 19:00:00 | interval=1m
2026-01-20 09:47:22,939 | INFO | binance_fetcher | Fetching BNBUSDT | 2026-01-19 11:39:00.001000 | interval=1m
2026-01-20 09:47:23,844 | INFO | binance_fetcher | Fetching BNBUSDT | 2026-01-19 23:47:00.001000 | interval=1m
2026-01-20 09:47:24,223 | WARNING | binance_fetcher | No more klines returned from Binance.
2026-01-20 09:47:24,231 | INFO | binance_fetcher | Fetched 1728 rows for BNBUSDT.
2026-01-20 09:47:25,853 | INFO | binance_fetcher | BinanceFuturesFetcher initialized | symbol=ADAUSDT | interval=1m | start=2026-01-19 | end=now
2026-01-20 09:47:25,853 | INFO | binance_fetcher | Fetching ADAUSDT | 2026-01-18 19:00:00 | interval=1m
2026-01-20 09:47:26,773 | INFO | binance_fetcher | Fetching ADAUSDT | 2026-01-19 11:39:00.001000 | interval=1m
2026-01-20 09:47:27,983 | INFO | binance_fetcher | Fetching ADAUSDT | 2026-01-19 23:47:00.001000 | interval=1m
2026-01-20 09:47:28,366 | WARNING | binance_fetcher | No more klines returned from Binance.
2026-01-20 09:47:28,370 | INFO | binance_fetcher | Fetched 1728 rows for ADAUSDT.
2026-01-20 09:47:30,067 | INFO | binance_fetcher | BinanceFuturesFetcher initialized | symbol=XRPUSDT | interval=1m | start=2026-01-19 | end=now
2026-01-20 09:47:30,067 | INFO | binance_fetcher | Fetching XRPUSDT | 2026-01-18 19:00:00 | interval=1m
2026-01-20 09:47:30,995 | INFO | binance_fetcher | Fetching XRPUSDT | 2026-01-19 11:39:00.001000 | interval=1m
2026-01-20 09:47:31,900 | INFO | binance_fetcher | Fetching XRPUSDT | 2026-01-19 23:47:00.001000 | interval=1m
2026-01-20 09:47:32,277 | WARNING | binance_fetcher | No more klines returned from Binance.
2026-01-20 09:47:32,284 | INFO | binance_fetcher | Fetched 1728 rows for XRPUSDT.
2026-01-20 09:47:34,204 | INFO | binance_fetcher | BinanceFuturesFetcher initialized | symbol=DOGEUSDT | interval=1m | start=2026-01-19 | end=now
2026-01-20 09:47:34,204 | INFO | binance_fetcher | Fetching DOGEUSDT | 2026-01-18 19:00:00 | interval=1m
2026-01-20 09:47:35,139 | INFO | binance_fetcher | Fetching DOGEUSDT | 2026-01-19 11:39:00.001000 | interval=1m
2026-01-20 09:47:36,042 | INFO | binance_fetcher | Fetching DOGEUSDT | 2026-01-19 23:47:00.001000 | interval=1m
2026-01-20 09:47:36,415 | WARNING | binance_fetcher | No more klines returned from Binance.
2026-01-20 09:47:36,422 | INFO | binance_fetcher | Fetched 1728 rows for DOGEUSDT.
2026-01-20 09:47:38,044 | INFO | binance_fetcher | BinanceFuturesFetcher initialized | symbol=SOLUSDT | interval=1m | start=2026-01-19 | end=now
2026-01-20 09:47:38,044 | INFO | binance_fetcher | Fetching SOLUSDT | 2026-01-18 19:00:00 | interval=1m
2026-01-20 09:47:38,971 | INFO | binance_fetcher | Fetching SOLUSDT | 2026-01-19 11:39:00.001000 | interval=1m
2026-01-20 09:47:39,876 | INFO | binance_fetcher | Fetching SOLUSDT | 2026-01-19 23:47:00.001000 | interval=1m
2026-01-20 09:47:40,255 | WARNING | binance_fetcher | No more klines returned from Binance.
2026-01-20 09:47:40,259 | INFO | binance_fetcher | Fetched 1728 rows for SOLUSDT.
2026-01-20 09:47:42,042 | INFO | binance_fetcher | BinanceFuturesFetcher initialized | symbol=DOTUSDT | interval=1m | start=2026-01-19 | end=now
2026-01-20 09:47:42,042 | INFO | binance_fetcher | Fetching DOTUSDT | 2026-01-18 19:00:00 | interval=1m
2026-01-20 09:47:42,961 | INFO | binance_fetcher | Fetching DOTUSDT | 2026-01-19 11:39:00.001000 | interval=1m
2026-01-20 09:47:43,870 | INFO | binance_fetcher | Fetching DOTUSDT | 2026-01-19 23:47:00.001000 | interval=1m
2026-01-20 09:47:44,250 | WARNING | binance_fetcher | No more klines returned from Binance.
2026-01-20 09:47:44,254 | INFO | binance_fetcher | Fetched 1728 rows for DOTUSDT.
2026-01-20 09:47:45,029 | INFO | binance_fetcher | BinanceFuturesFetcher initialized | symbol=MATICUSDT | interval=1m | start=2026-01-19 | end=now
2026-01-20 09:47:45,030 | INFO | binance_fetcher | Fetching MATICUSDT | 2026-01-18 19:00:00 | interval=1m
2026-01-20 09:47:45,411 | WARNING | binance_fetcher | No more klines returned from Binance.
2026-01-20 09:47:45,411 | WARNING | binance_fetcher | No data fetched from Binance.
2026-01-20 09:47:46,395 | INFO | binance_fetcher | BinanceFuturesFetcher initialized | symbol=LINKUSDT | interval=1m | start=2026-01-19 | end=now
2026-01-20 09:47:46,395 | INFO | binance_fetcher | Fetching LINKUSDT | 2026-01-18 19:00:00 | interval=1m
2026-01-20 09:47:47,308 | INFO | binance_fetcher | Fetching LINKUSDT | 2026-01-19 11:39:00.001000 | interval=1m
2026-01-20 09:47:48,211 | INFO | binance_fetcher | Fetching LINKUSDT | 2026-01-19 23:47:00.001000 | interval=1m
2026-01-20 09:47:48,577 | WARNING | binance_fetcher | No more klines returned from Binance.
2026-01-20 09:47:48,595 | INFO | binance_fetcher | Fetched 1728 rows for LINKUSDT.
2026-01-20 11:06:13,237 | INFO | binance_fetcher | Binance Client initialized.
2026-01-20 11:06:13,661 | INFO | binance_fetcher | BinanceFuturesFetcher initialized | symbol=BTCUSDT | interval=1m | start=2026-01-06 | end=now
2026-01-20 11:06:13,661 | INFO | binance_fetcher | Fetching BTCUSDT | 2026-01-05 19:00:00 | interval=1m
2026-01-20 11:06:15,074 | INFO | binance_fetcher | Fetching BTCUSDT | 2026-01-06 11:39:00.001000 | interval=1m
2026-01-20 11:06:15,996 | INFO | binance_fetcher | Fetching BTCUSDT | 2026-01-07 04:19:00.001000 | interval=1m
2026-01-20 11:06:16,916 | INFO | binance_fetcher | Fetching BTCUSDT | 2026-01-07 20:59:00.001000 | interval=1m
2026-01-20 11:06:17,838 | INFO | binance_fetcher | Fetching BTCUSDT | 2026-01-08 13:39:00.001000 | interval=1m
2026-01-20 11:06:18,760 | INFO | binance_fetcher | Fetching BTCUSDT | 2026-01-09 06:19:00.001000 | interval=1m
2026-01-20 11:06:19,698 | INFO | binance_fetcher | Fetching BTCUSDT | 2026-01-09 22:59:00.001000 | interval=1m
2026-01-20 11:06:20,621 | INFO | binance_fetcher | Fetching BTCUSDT | 2026-01-10 15:39:00.001000 | interval=1m
2026-01-20 11:06:21,556 | INFO | binance_fetcher | Fetching BTCUSDT | 2026-01-11 08:19:00.001000 | interval=1m
2026-01-20 11:06:22,474 | INFO | binance_fetcher | Fetching BTCUSDT | 2026-01-12 00:59:00.001000 | interval=1m
2026-01-20 11:06:23,698 | INFO | binance_fetcher | Fetching BTCUSDT | 2026-01-12 17:39:00.001000 | interval=1m
2026-01-20 11:06:24,633 | INFO | binance_fetcher | Fetching BTCUSDT | 2026-01-13 10:19:00.001000 | interval=1m
2026-01-20 11:06:25,550 | INFO | binance_fetcher | Fetching BTCUSDT | 2026-01-14 02:59:00.001000 | interval=1m
2026-01-20 11:06:26,484 | INFO | binance_fetcher | Fetching BTCUSDT | 2026-01-14 19:39:00.001000 | interval=1m
2026-01-20 11:06:27,410 | INFO | binance_fetcher | Fetching BTCUSDT | 2026-01-15 12:19:00.001000 | interval=1m
2026-01-20 11:06:28,352 | INFO | binance_fetcher | Fetching BTCUSDT | 2026-01-16 04:59:00.001000 | interval=1m
2026-01-20 11:06:29,269 | INFO | binance_fetcher | Fetching BTCUSDT | 2026-01-16 21:39:00.001000 | interval=1m
2026-01-20 11:06:30,187 | INFO | binance_fetcher | Fetching BTCUSDT | 2026-01-17 14:19:00.001000 | interval=1m
2026-01-20 11:06:31,100 | INFO | binance_fetcher | Fetching BTCUSDT | 2026-01-18 06:59:00.001000 | interval=1m
2026-01-20 11:06:32,014 | INFO | binance_fetcher | Fetching BTCUSDT | 2026-01-18 23:39:00.001000 | interval=1m
2026-01-20 11:06:32,932 | INFO | binance_fetcher | Fetching BTCUSDT | 2026-01-19 16:19:00.001000 | interval=1m
2026-01-20 11:06:33,830 | INFO | binance_fetcher | Fetching BTCUSDT | 2026-01-20 01:06:00.001000 | interval=1m
2026-01-20 11:06:34,220 | WARNING | binance_fetcher | No more klines returned from Binance.
2026-01-20 11:06:34,285 | INFO | binance_fetcher | Fetched 20527 rows for BTCUSDT.
2026-01-20 11:07:36,083 | INFO | binance_fetcher | Binance Client initialized.
2026-01-20 11:08:16,883 | INFO | binance_fetcher | BinanceFuturesFetcher initialized | symbol=BTCUSDT | interval=1m | start=2026-01-06 | end=now
2026-01-20 11:08:16,883 | INFO | binance_fetcher | Fetching BTCUSDT | 2026-01-05 19:00:00 | interval=1m
2026-01-20 11:08:18,264 | INFO | binance_fetcher | Fetching BTCUSDT | 2026-01-06 11:39:00.001000 | interval=1m
2026-01-20 11:08:19,181 | INFO | binance_fetcher | Fetching BTCUSDT | 2026-01-07 04:19:00.001000 | interval=1m
2026-01-20 11:08:20,108 | INFO | binance_fetcher | Fetching BTCUSDT | 2026-01-07 20:59:00.001000 | interval=1m
2026-01-20 11:08:21,147 | INFO | binance_fetcher | Fetching BTCUSDT | 2026-01-08 13:39:00.001000 | interval=1m
2026-01-20 11:08:22,074 | INFO | binance_fetcher | Fetching BTCUSDT | 2026-01-09 06:19:00.001000 | interval=1m
2026-01-20 11:08:23,018 | INFO | binance_fetcher | Fetching BTCUSDT | 2026-01-09 22:59:00.001000 | interval=1m
2026-01-20 11:08:23,935 | INFO | binance_fetcher | Fetching BTCUSDT | 2026-01-10 15:39:00.001000 | interval=1m
2026-01-20 11:08:24,878 | INFO | binance_fetcher | Fetching BTCUSDT | 2026-01-11 08:19:00.001000 | interval=1m
2026-01-20 11:08:25,985 | INFO | binance_fetcher | Fetching BTCUSDT | 2026-01-12 00:59:00.001000 | interval=1m
2026-01-20 11:08:26,915 | INFO | binance_fetcher | Fetching BTCUSDT | 2026-01-12 17:39:00.001000 | interval=1m
2026-01-20 11:08:27,888 | INFO | binance_fetcher | Fetching BTCUSDT | 2026-01-13 10:19:00.001000 | interval=1m
2026-01-20 11:08:28,873 | INFO | binance_fetcher | Fetching BTCUSDT | 2026-01-14 02:59:00.001000 | interval=1m
2026-01-20 11:08:30,096 | INFO | binance_fetcher | Fetching BTCUSDT | 2026-01-14 19:39:00.001000 | interval=1m
2026-01-20 11:08:31,470 | INFO | binance_fetcher | Fetching BTCUSDT | 2026-01-15 12:19:00.001000 | interval=1m
2026-01-20 11:08:32,393 | INFO | binance_fetcher | Fetching BTCUSDT | 2026-01-16 04:59:00.001000 | interval=1m
2026-01-20 11:08:33,308 | INFO | binance_fetcher | Fetching BTCUSDT | 2026-01-16 21:39:00.001000 | interval=1m
2026-01-20 11:08:34,281 | INFO | binance_fetcher | Fetching BTCUSDT | 2026-01-17 14:19:00.001000 | interval=1m
2026-01-20 11:08:35,197 | INFO | binance_fetcher | Fetching BTCUSDT | 2026-01-18 06:59:00.001000 | interval=1m
2026-01-20 11:08:36,424 | INFO | binance_fetcher | Fetching BTCUSDT | 2026-01-18 23:39:00.001000 | interval=1m
2026-01-20 11:08:37,366 | INFO | binance_fetcher | Fetching BTCUSDT | 2026-01-19 16:19:00.001000 | interval=1m
2026-01-20 11:08:38,262 | INFO | binance_fetcher | Fetching BTCUSDT | 2026-01-20 01:08:00.001000 | interval=1m
2026-01-20 11:08:38,628 | WARNING | binance_fetcher | No more klines returned from Binance.
2026-01-20 11:08:38,702 | INFO | binance_fetcher | Fetched 20529 rows for BTCUSDT.
2026-01-20 11:14:11,650 | INFO | binance_fetcher | Binance Client initialized.
2026-01-20 11:14:37,853 | INFO | binance_fetcher | Binance Client initialized.
2026-01-20 11:14:49,167 | INFO | binance_fetcher | Binance Client initialized.
2026-01-20 11:15:15,576 | INFO | binance_fetcher | Binance Client initialized.
2026-01-20 11:15:16,000 | INFO | binance_fetcher | BinanceFuturesFetcher initialized | symbol=BTCUSDT | interval=1m | start=2026-01-06 | end=now
2026-01-20 11:15:16,001 | INFO | binance_fetcher | Fetching BTCUSDT | 2026-01-05 19:00:00 | interval=1m
2026-01-20 11:15:17,361 | INFO | binance_fetcher | Fetching BTCUSDT | 2026-01-06 11:39:00.001000 | interval=1m
2026-01-20 11:15:18,271 | INFO | binance_fetcher | Fetching BTCUSDT | 2026-01-07 04:19:00.001000 | interval=1m
2026-01-20 11:15:19,182 | INFO | binance_fetcher | Fetching BTCUSDT | 2026-01-07 20:59:00.001000 | interval=1m
2026-01-20 11:15:20,090 | INFO | binance_fetcher | Fetching BTCUSDT | 2026-01-08 13:39:00.001000 | interval=1m
2026-01-20 11:15:21,008 | INFO | binance_fetcher | Fetching BTCUSDT | 2026-01-09 06:19:00.001000 | interval=1m
2026-01-20 11:15:21,949 | INFO | binance_fetcher | Fetching BTCUSDT | 2026-01-09 22:59:00.001000 | interval=1m
2026-01-20 11:15:22,854 | INFO | binance_fetcher | Fetching BTCUSDT | 2026-01-10 15:39:00.001000 | interval=1m
2026-01-20 11:15:23,758 | INFO | binance_fetcher | Fetching BTCUSDT | 2026-01-11 08:19:00.001000 | interval=1m
2026-01-20 11:15:24,671 | INFO | binance_fetcher | Fetching BTCUSDT | 2026-01-12 00:59:00.001000 | interval=1m
2026-01-20 11:15:25,591 | INFO | binance_fetcher | Fetching BTCUSDT | 2026-01-12 17:39:00.001000 | interval=1m
2026-01-20 11:15:26,503 | INFO | binance_fetcher | Fetching BTCUSDT | 2026-01-13 10:19:00.001000 | interval=1m
2026-01-20 11:15:27,473 | INFO | binance_fetcher | Fetching BTCUSDT | 2026-01-14 02:59:00.001000 | interval=1m
2026-01-20 11:15:28,385 | INFO | binance_fetcher | Fetching BTCUSDT | 2026-01-14 19:39:00.001000 | interval=1m
2026-01-20 11:15:29,299 | INFO | binance_fetcher | Fetching BTCUSDT | 2026-01-15 12:19:00.001000 | interval=1m
2026-01-20 11:15:30,214 | INFO | binance_fetcher | Fetching BTCUSDT | 2026-01-16 04:59:00.001000 | interval=1m
2026-01-20 11:15:31,119 | INFO | binance_fetcher | Fetching BTCUSDT | 2026-01-16 21:39:00.001000 | interval=1m
2026-01-20 11:15:32,027 | INFO | binance_fetcher | Fetching BTCUSDT | 2026-01-17 14:19:00.001000 | interval=1m
2026-01-20 11:15:32,935 | INFO | binance_fetcher | Fetching BTCUSDT | 2026-01-18 06:59:00.001000 | interval=1m
2026-01-20 11:15:33,845 | INFO | binance_fetcher | Fetching BTCUSDT | 2026-01-18 23:39:00.001000 | interval=1m
2026-01-20 11:15:34,758 | INFO | binance_fetcher | Fetching BTCUSDT | 2026-01-19 16:19:00.001000 | interval=1m
2026-01-20 11:15:35,657 | INFO | binance_fetcher | Fetching BTCUSDT | 2026-01-20 01:15:00.001000 | interval=1m
2026-01-20 11:15:36,039 | WARNING | binance_fetcher | No more klines returned from Binance.
2026-01-20 11:15:36,100 | INFO | binance_fetcher | Fetched 20536 rows for BTCUSDT.
2026-01-20 11:15:50,303 | INFO | binance_fetcher | BinanceFuturesFetcher initialized | symbol=ETHUSDT | interval=1m | start=2026-01-06 | end=now
2026-01-20 11:15:50,303 | INFO | binance_fetcher | Fetching ETHUSDT | 2026-01-05 19:00:00 | interval=1m
2026-01-20 11:15:51,213 | INFO | binance_fetcher | Fetching ETHUSDT | 2026-01-06 11:39:00.001000 | interval=1m
2026-01-20 11:15:52,128 | INFO | binance_fetcher | Fetching ETHUSDT | 2026-01-07 04:19:00.001000 | interval=1m
2026-01-20 11:15:53,058 | INFO | binance_fetcher | Fetching ETHUSDT | 2026-01-07 20:59:00.001000 | interval=1m
2026-01-20 11:15:53,976 | INFO | binance_fetcher | Fetching ETHUSDT | 2026-01-08 13:39:00.001000 | interval=1m
2026-01-20 11:15:54,885 | INFO | binance_fetcher | Fetching ETHUSDT | 2026-01-09 06:19:00.001000 | interval=1m
2026-01-20 11:15:55,796 | INFO | binance_fetcher | Fetching ETHUSDT | 2026-01-09 22:59:00.001000 | interval=1m
2026-01-20 11:15:56,702 | INFO | binance_fetcher | Fetching ETHUSDT | 2026-01-10 15:39:00.001000 | interval=1m
2026-01-20 11:15:57,903 | INFO | binance_fetcher | Fetching ETHUSDT | 2026-01-11 08:19:00.001000 | interval=1m
2026-01-20 11:15:58,817 | INFO | binance_fetcher | Fetching ETHUSDT | 2026-01-12 00:59:00.001000 | interval=1m
2026-01-20 11:15:59,730 | INFO | binance_fetcher | Fetching ETHUSDT | 2026-01-12 17:39:00.001000 | interval=1m
2026-01-20 11:16:00,660 | INFO | binance_fetcher | Fetching ETHUSDT | 2026-01-13 10:19:00.001000 | interval=1m
2026-01-20 11:16:01,573 | INFO | binance_fetcher | Fetching ETHUSDT | 2026-01-14 02:59:00.001000 | interval=1m
2026-01-20 11:16:02,490 | INFO | binance_fetcher | Fetching ETHUSDT | 2026-01-14 19:39:00.001000 | interval=1m
2026-01-20 11:16:03,405 | INFO | binance_fetcher | Fetching ETHUSDT | 2026-01-15 12:19:00.001000 | interval=1m
2026-01-20 11:16:04,322 | INFO | binance_fetcher | Fetching ETHUSDT | 2026-01-16 04:59:00.001000 | interval=1m
2026-01-20 11:16:05,232 | INFO | binance_fetcher | Fetching ETHUSDT | 2026-01-16 21:39:00.001000 | interval=1m
2026-01-20 11:16:06,147 | INFO | binance_fetcher | Fetching ETHUSDT | 2026-01-17 14:19:00.001000 | interval=1m
2026-01-20 11:16:07,058 | INFO | binance_fetcher | Fetching ETHUSDT | 2026-01-18 06:59:00.001000 | interval=1m
2026-01-20 11:16:07,974 | INFO | binance_fetcher | Fetching ETHUSDT | 2026-01-18 23:39:00.001000 | interval=1m
2026-01-20 11:16:08,882 | INFO | binance_fetcher | Fetching ETHUSDT | 2026-01-19 16:19:00.001000 | interval=1m
2026-01-20 11:16:09,778 | INFO | binance_fetcher | Fetching ETHUSDT | 2026-01-20 01:15:00.001000 | interval=1m
2026-01-20 11:16:10,145 | WARNING | binance_fetcher | No more klines returned from Binance.
2026-01-20 11:16:10,220 | INFO | binance_fetcher | Fetched 20536 rows for ETHUSDT.
2026-01-20 11:16:23,789 | INFO | binance_fetcher | BinanceFuturesFetcher initialized | symbol=BNBUSDT | interval=1m | start=2026-01-06 | end=now
2026-01-20 11:16:23,790 | INFO | binance_fetcher | Fetching BNBUSDT | 2026-01-05 19:00:00 | interval=1m
2026-01-20 11:16:24,700 | INFO | binance_fetcher | Fetching BNBUSDT | 2026-01-06 11:39:00.001000 | interval=1m
2026-01-20 11:16:25,618 | INFO | binance_fetcher | Fetching BNBUSDT | 2026-01-07 04:19:00.001000 | interval=1m
2026-01-20 11:16:26,531 | INFO | binance_fetcher | Fetching BNBUSDT | 2026-01-07 20:59:00.001000 | interval=1m
2026-01-20 11:16:27,433 | INFO | binance_fetcher | Fetching BNBUSDT | 2026-01-08 13:39:00.001000 | interval=1m
2026-01-20 11:16:28,397 | INFO | binance_fetcher | Fetching BNBUSDT | 2026-01-09 06:19:00.001000 | interval=1m
2026-01-20 11:16:29,305 | INFO | binance_fetcher | Fetching BNBUSDT | 2026-01-09 22:59:00.001000 | interval=1m
2026-01-20 11:16:30,220 | INFO | binance_fetcher | Fetching BNBUSDT | 2026-01-10 15:39:00.001000 | interval=1m
2026-01-20 11:16:31,130 | INFO | binance_fetcher | Fetching BNBUSDT | 2026-01-11 08:19:00.001000 | interval=1m
2026-01-20 11:16:32,038 | INFO | binance_fetcher | Fetching BNBUSDT | 2026-01-12 00:59:00.001000 | interval=1m
2026-01-20 11:16:32,945 | INFO | binance_fetcher | Fetching BNBUSDT | 2026-01-12 17:39:00.001000 | interval=1m
2026-01-20 11:16:33,853 | INFO | binance_fetcher | Fetching BNBUSDT | 2026-01-13 10:19:00.001000 | interval=1m
2026-01-20 11:16:34,760 | INFO | binance_fetcher | Fetching BNBUSDT | 2026-01-14 02:59:00.001000 | interval=1m
2026-01-20 11:16:35,668 | INFO | binance_fetcher | Fetching BNBUSDT | 2026-01-14 19:39:00.001000 | interval=1m
2026-01-20 11:16:36,580 | INFO | binance_fetcher | Fetching BNBUSDT | 2026-01-15 12:19:00.001000 | interval=1m
2026-01-20 11:16:37,489 | INFO | binance_fetcher | Fetching BNBUSDT | 2026-01-16 04:59:00.001000 | interval=1m
2026-01-20 11:16:38,399 | INFO | binance_fetcher | Fetching BNBUSDT | 2026-01-16 21:39:00.001000 | interval=1m
2026-01-20 11:16:39,303 | INFO | binance_fetcher | Fetching BNBUSDT | 2026-01-17 14:19:00.001000 | interval=1m
2026-01-20 11:16:40,213 | INFO | binance_fetcher | Fetching BNBUSDT | 2026-01-18 06:59:00.001000 | interval=1m
2026-01-20 11:16:41,123 | INFO | binance_fetcher | Fetching BNBUSDT | 2026-01-18 23:39:00.001000 | interval=1m
2026-01-20 11:16:42,031 | INFO | binance_fetcher | Fetching BNBUSDT | 2026-01-19 16:19:00.001000 | interval=1m
2026-01-20 11:16:42,926 | INFO | binance_fetcher | Fetching BNBUSDT | 2026-01-20 01:16:00.001000 | interval=1m
2026-01-20 11:16:43,299 | WARNING | binance_fetcher | No more klines returned from Binance.
2026-01-20 11:16:43,363 | INFO | binance_fetcher | Fetched 20537 rows for BNBUSDT.
2026-01-20 11:16:56,932 | INFO | binance_fetcher | BinanceFuturesFetcher initialized | symbol=ADAUSDT | interval=1m | start=2026-01-06 | end=now
2026-01-20 11:16:56,932 | INFO | binance_fetcher | Fetching ADAUSDT | 2026-01-05 19:00:00 | interval=1m
2026-01-20 11:16:57,842 | INFO | binance_fetcher | Fetching ADAUSDT | 2026-01-06 11:39:00.001000 | interval=1m
2026-01-20 11:16:58,753 | INFO | binance_fetcher | Fetching ADAUSDT | 2026-01-07 04:19:00.001000 | interval=1m
2026-01-20 11:16:59,662 | INFO | binance_fetcher | Fetching ADAUSDT | 2026-01-07 20:59:00.001000 | interval=1m
2026-01-20 11:17:00,574 | INFO | binance_fetcher | Fetching ADAUSDT | 2026-01-08 13:39:00.001000 | interval=1m
2026-01-20 11:17:01,481 | INFO | binance_fetcher | Fetching ADAUSDT | 2026-01-09 06:19:00.001000 | interval=1m
2026-01-20 11:17:02,389 | INFO | binance_fetcher | Fetching ADAUSDT | 2026-01-09 22:59:00.001000 | interval=1m
2026-01-20 11:17:03,298 | INFO | binance_fetcher | Fetching ADAUSDT | 2026-01-10 15:39:00.001000 | interval=1m
2026-01-20 11:17:04,201 | INFO | binance_fetcher | Fetching ADAUSDT | 2026-01-11 08:19:00.001000 | interval=1m
2026-01-20 11:17:05,107 | INFO | binance_fetcher | Fetching ADAUSDT | 2026-01-12 00:59:00.001000 | interval=1m
2026-01-20 11:17:06,018 | INFO | binance_fetcher | Fetching ADAUSDT | 2026-01-12 17:39:00.001000 | interval=1m
2026-01-20 11:17:06,931 | INFO | binance_fetcher | Fetching ADAUSDT | 2026-01-13 10:19:00.001000 | interval=1m
2026-01-20 11:17:07,838 | INFO | binance_fetcher | Fetching ADAUSDT | 2026-01-14 02:59:00.001000 | interval=1m
2026-01-20 11:17:08,741 | INFO | binance_fetcher | Fetching ADAUSDT | 2026-01-14 19:39:00.001000 | interval=1m
2026-01-20 11:17:09,688 | INFO | binance_fetcher | Fetching ADAUSDT | 2026-01-15 12:19:00.001000 | interval=1m
2026-01-20 11:17:10,600 | INFO | binance_fetcher | Fetching ADAUSDT | 2026-01-16 04:59:00.001000 | interval=1m
2026-01-20 11:17:11,504 | INFO | binance_fetcher | Fetching ADAUSDT | 2026-01-16 21:39:00.001000 | interval=1m
2026-01-20 11:17:12,406 | INFO | binance_fetcher | Fetching ADAUSDT | 2026-01-17 14:19:00.001000 | interval=1m
2026-01-20 11:17:13,311 | INFO | binance_fetcher | Fetching ADAUSDT | 2026-01-18 06:59:00.001000 | interval=1m
2026-01-20 11:17:14,215 | INFO | binance_fetcher | Fetching ADAUSDT | 2026-01-18 23:39:00.001000 | interval=1m
2026-01-20 11:17:15,117 | INFO | binance_fetcher | Fetching ADAUSDT | 2026-01-19 16:19:00.001000 | interval=1m
2026-01-20 11:17:16,008 | INFO | binance_fetcher | Fetching ADAUSDT | 2026-01-20 01:16:00.001000 | interval=1m
2026-01-20 11:17:16,392 | WARNING | binance_fetcher | No more klines returned from Binance.
2026-01-20 11:17:16,460 | INFO | binance_fetcher | Fetched 20537 rows for ADAUSDT.
2026-01-20 11:17:30,510 | INFO | binance_fetcher | BinanceFuturesFetcher initialized | symbol=XRPUSDT | interval=1m | start=2026-01-06 | end=now
2026-01-20 11:17:30,510 | INFO | binance_fetcher | Fetching XRPUSDT | 2026-01-05 19:00:00 | interval=1m
2026-01-20 11:17:31,417 | INFO | binance_fetcher | Fetching XRPUSDT | 2026-01-06 11:39:00.001000 | interval=1m
2026-01-20 11:17:32,327 | INFO | binance_fetcher | Fetching XRPUSDT | 2026-01-07 04:19:00.001000 | interval=1m
2026-01-20 11:17:33,235 | INFO | binance_fetcher | Fetching XRPUSDT | 2026-01-07 20:59:00.001000 | interval=1m
2026-01-20 11:17:34,161 | INFO | binance_fetcher | Fetching XRPUSDT | 2026-01-08 13:39:00.001000 | interval=1m
2026-01-20 11:17:35,081 | INFO | binance_fetcher | Fetching XRPUSDT | 2026-01-09 06:19:00.001000 | interval=1m
2026-01-20 11:17:35,994 | INFO | binance_fetcher | Fetching XRPUSDT | 2026-01-09 22:59:00.001000 | interval=1m
2026-01-20 11:17:36,897 | INFO | binance_fetcher | Fetching XRPUSDT | 2026-01-10 15:39:00.001000 | interval=1m
2026-01-20 11:17:37,810 | INFO | binance_fetcher | Fetching XRPUSDT | 2026-01-11 08:19:00.001000 | interval=1m
2026-01-20 11:17:38,723 | INFO | binance_fetcher | Fetching XRPUSDT | 2026-01-12 00:59:00.001000 | interval=1m
2026-01-20 11:17:39,692 | INFO | binance_fetcher | Fetching XRPUSDT | 2026-01-12 17:39:00.001000 | interval=1m
2026-01-20 11:17:40,603 | INFO | binance_fetcher | Fetching XRPUSDT | 2026-01-13 10:19:00.001000 | interval=1m
2026-01-20 11:17:41,510 | INFO | binance_fetcher | Fetching XRPUSDT | 2026-01-14 02:59:00.001000 | interval=1m
2026-01-20 11:17:42,420 | INFO | binance_fetcher | Fetching XRPUSDT | 2026-01-14 19:39:00.001000 | interval=1m
2026-01-20 11:17:43,325 | INFO | binance_fetcher | Fetching XRPUSDT | 2026-01-15 12:19:00.001000 | interval=1m
2026-01-20 11:17:44,235 | INFO | binance_fetcher | Fetching XRPUSDT | 2026-01-16 04:59:00.001000 | interval=1m
2026-01-20 11:17:45,150 | INFO | binance_fetcher | Fetching XRPUSDT | 2026-01-16 21:39:00.001000 | interval=1m
2026-01-20 11:17:46,056 | INFO | binance_fetcher | Fetching XRPUSDT | 2026-01-17 14:19:00.001000 | interval=1m
2026-01-20 11:17:46,969 | INFO | binance_fetcher | Fetching XRPUSDT | 2026-01-18 06:59:00.001000 | interval=1m
2026-01-20 11:17:47,873 | INFO | binance_fetcher | Fetching XRPUSDT | 2026-01-18 23:39:00.001000 | interval=1m
2026-01-20 11:17:48,776 | INFO | binance_fetcher | Fetching XRPUSDT | 2026-01-19 16:19:00.001000 | interval=1m
2026-01-20 11:17:49,668 | INFO | binance_fetcher | Fetching XRPUSDT | 2026-01-20 01:17:00.001000 | interval=1m
2026-01-20 11:17:50,045 | WARNING | binance_fetcher | No more klines returned from Binance.
2026-01-20 11:17:50,104 | INFO | binance_fetcher | Fetched 20538 rows for XRPUSDT.
2026-01-20 11:18:04,103 | INFO | binance_fetcher | BinanceFuturesFetcher initialized | symbol=DOGEUSDT | interval=1m | start=2026-01-06 | end=now
2026-01-20 11:18:04,103 | INFO | binance_fetcher | Fetching DOGEUSDT | 2026-01-05 19:00:00 | interval=1m
2026-01-20 11:18:05,018 | INFO | binance_fetcher | Fetching DOGEUSDT | 2026-01-06 11:39:00.001000 | interval=1m
2026-01-20 11:18:05,935 | INFO | binance_fetcher | Fetching DOGEUSDT | 2026-01-07 04:19:00.001000 | interval=1m
2026-01-20 11:18:06,846 | INFO | binance_fetcher | Fetching DOGEUSDT | 2026-01-07 20:59:00.001000 | interval=1m
2026-01-20 11:18:07,769 | INFO | binance_fetcher | Fetching DOGEUSDT | 2026-01-08 13:39:00.001000 | interval=1m
2026-01-20 11:18:08,673 | INFO | binance_fetcher | Fetching DOGEUSDT | 2026-01-09 06:19:00.001000 | interval=1m
2026-01-20 11:18:09,585 | INFO | binance_fetcher | Fetching DOGEUSDT | 2026-01-09 22:59:00.001000 | interval=1m
2026-01-20 11:18:10,491 | INFO | binance_fetcher | Fetching DOGEUSDT | 2026-01-10 15:39:00.001000 | interval=1m
2026-01-20 11:18:11,400 | INFO | binance_fetcher | Fetching DOGEUSDT | 2026-01-11 08:19:00.001000 | interval=1m
2026-01-20 11:18:12,319 | INFO | binance_fetcher | Fetching DOGEUSDT | 2026-01-12 00:59:00.001000 | interval=1m
2026-01-20 11:18:13,235 | INFO | binance_fetcher | Fetching DOGEUSDT | 2026-01-12 17:39:00.001000 | interval=1m
2026-01-20 11:18:14,147 | INFO | binance_fetcher | Fetching DOGEUSDT | 2026-01-13 10:19:00.001000 | interval=1m
2026-01-20 11:18:15,054 | INFO | binance_fetcher | Fetching DOGEUSDT | 2026-01-14 02:59:00.001000 | interval=1m
2026-01-20 11:18:15,970 | INFO | binance_fetcher | Fetching DOGEUSDT | 2026-01-14 19:39:00.001000 | interval=1m
2026-01-20 11:18:16,879 | INFO | binance_fetcher | Fetching DOGEUSDT | 2026-01-15 12:19:00.001000 | interval=1m
2026-01-20 11:18:17,795 | INFO | binance_fetcher | Fetching DOGEUSDT | 2026-01-16 04:59:00.001000 | interval=1m
2026-01-20 11:18:18,707 | INFO | binance_fetcher | Fetching DOGEUSDT | 2026-01-16 21:39:00.001000 | interval=1m
2026-01-20 11:18:19,613 | INFO | binance_fetcher | Fetching DOGEUSDT | 2026-01-17 14:19:00.001000 | interval=1m
2026-01-20 11:18:20,522 | INFO | binance_fetcher | Fetching DOGEUSDT | 2026-01-18 06:59:00.001000 | interval=1m
2026-01-20 11:18:21,437 | INFO | binance_fetcher | Fetching DOGEUSDT | 2026-01-18 23:39:00.001000 | interval=1m
2026-01-20 11:18:22,346 | INFO | binance_fetcher | Fetching DOGEUSDT | 2026-01-19 16:19:00.001000 | interval=1m
2026-01-20 11:18:23,240 | INFO | binance_fetcher | Fetching DOGEUSDT | 2026-01-20 01:18:00.001000 | interval=1m
2026-01-20 11:18:23,603 | WARNING | binance_fetcher | No more klines returned from Binance.
2026-01-20 11:18:23,677 | INFO | binance_fetcher | Fetched 20539 rows for DOGEUSDT.
2026-01-20 11:18:38,229 | INFO | binance_fetcher | BinanceFuturesFetcher initialized | symbol=SOLUSDT | interval=1m | start=2026-01-06 | end=now
2026-01-20 11:18:38,230 | INFO | binance_fetcher | Fetching SOLUSDT | 2026-01-05 19:00:00 | interval=1m
2026-01-20 11:18:39,138 | INFO | binance_fetcher | Fetching SOLUSDT | 2026-01-06 11:39:00.001000 | interval=1m
2026-01-20 11:18:40,048 | INFO | binance_fetcher | Fetching SOLUSDT | 2026-01-07 04:19:00.001000 | interval=1m
2026-01-20 11:18:40,954 | INFO | binance_fetcher | Fetching SOLUSDT | 2026-01-07 20:59:00.001000 | interval=1m
2026-01-20 11:18:41,865 | INFO | binance_fetcher | Fetching SOLUSDT | 2026-01-08 13:39:00.001000 | interval=1m
2026-01-20 11:18:42,834 | INFO | binance_fetcher | Fetching SOLUSDT | 2026-01-09 06:19:00.001000 | interval=1m
2026-01-20 11:18:43,743 | INFO | binance_fetcher | Fetching SOLUSDT | 2026-01-09 22:59:00.001000 | interval=1m
2026-01-20 11:18:44,651 | INFO | binance_fetcher | Fetching SOLUSDT | 2026-01-10 15:39:00.001000 | interval=1m
2026-01-20 11:18:45,594 | INFO | binance_fetcher | Fetching SOLUSDT | 2026-01-11 08:19:00.001000 | interval=1m
2026-01-20 11:18:46,506 | INFO | binance_fetcher | Fetching SOLUSDT | 2026-01-12 00:59:00.001000 | interval=1m
2026-01-20 11:18:47,417 | INFO | binance_fetcher | Fetching SOLUSDT | 2026-01-12 17:39:00.001000 | interval=1m
2026-01-20 11:18:48,328 | INFO | binance_fetcher | Fetching SOLUSDT | 2026-01-13 10:19:00.001000 | interval=1m
2026-01-20 11:18:49,242 | INFO | binance_fetcher | Fetching SOLUSDT | 2026-01-14 02:59:00.001000 | interval=1m
2026-01-20 11:18:50,153 | INFO | binance_fetcher | Fetching SOLUSDT | 2026-01-14 19:39:00.001000 | interval=1m
2026-01-20 11:18:51,067 | INFO | binance_fetcher | Fetching SOLUSDT | 2026-01-15 12:19:00.001000 | interval=1m
2026-01-20 11:18:52,033 | INFO | binance_fetcher | Fetching SOLUSDT | 2026-01-16 04:59:00.001000 | interval=1m
2026-01-20 11:18:52,946 | INFO | binance_fetcher | Fetching SOLUSDT | 2026-01-16 21:39:00.001000 | interval=1m
2026-01-20 11:18:53,853 | INFO | binance_fetcher | Fetching SOLUSDT | 2026-01-17 14:19:00.001000 | interval=1m
2026-01-20 11:18:54,757 | INFO | binance_fetcher | Fetching SOLUSDT | 2026-01-18 06:59:00.001000 | interval=1m
2026-01-20 11:18:55,662 | INFO | binance_fetcher | Fetching SOLUSDT | 2026-01-18 23:39:00.001000 | interval=1m
2026-01-20 11:18:56,583 | INFO | binance_fetcher | Fetching SOLUSDT | 2026-01-19 16:19:00.001000 | interval=1m
2026-01-20 11:18:57,476 | INFO | binance_fetcher | Fetching SOLUSDT | 2026-01-20 01:18:00.001000 | interval=1m
2026-01-20 11:18:57,843 | WARNING | binance_fetcher | No more klines returned from Binance.
2026-01-20 11:18:57,913 | INFO | binance_fetcher | Fetched 20539 rows for SOLUSDT.
2026-01-20 11:19:12,992 | INFO | binance_fetcher | BinanceFuturesFetcher initialized | symbol=DOTUSDT | interval=1m | start=2026-01-06 | end=now
2026-01-20 11:19:12,993 | INFO | binance_fetcher | Fetching DOTUSDT | 2026-01-05 19:00:00 | interval=1m
2026-01-20 11:19:13,897 | INFO | binance_fetcher | Fetching DOTUSDT | 2026-01-06 11:39:00.001000 | interval=1m
2026-01-20 11:19:14,804 | INFO | binance_fetcher | Fetching DOTUSDT | 2026-01-07 04:19:00.001000 | interval=1m
2026-01-20 11:19:15,707 | INFO | binance_fetcher | Fetching DOTUSDT | 2026-01-07 20:59:00.001000 | interval=1m
2026-01-20 11:19:16,609 | INFO | binance_fetcher | Fetching DOTUSDT | 2026-01-08 13:39:00.001000 | interval=1m
2026-01-20 11:19:17,530 | INFO | binance_fetcher | Fetching DOTUSDT | 2026-01-09 06:19:00.001000 | interval=1m
2026-01-20 11:19:18,442 | INFO | binance_fetcher | Fetching DOTUSDT | 2026-01-09 22:59:00.001000 | interval=1m
2026-01-20 11:19:19,380 | INFO | binance_fetcher | Fetching DOTUSDT | 2026-01-10 15:39:00.001000 | interval=1m
2026-01-20 11:19:20,285 | INFO | binance_fetcher | Fetching DOTUSDT | 2026-01-11 08:19:00.001000 | interval=1m
2026-01-20 11:19:21,188 | INFO | binance_fetcher | Fetching DOTUSDT | 2026-01-12 00:59:00.001000 | interval=1m
2026-01-20 11:19:22,091 | INFO | binance_fetcher | Fetching DOTUSDT | 2026-01-12 17:39:00.001000 | interval=1m
2026-01-20 11:19:22,996 | INFO | binance_fetcher | Fetching DOTUSDT | 2026-01-13 10:19:00.001000 | interval=1m
2026-01-20 11:19:23,918 | INFO | binance_fetcher | Fetching DOTUSDT | 2026-01-14 02:59:00.001000 | interval=1m
2026-01-20 11:19:24,826 | INFO | binance_fetcher | Fetching DOTUSDT | 2026-01-14 19:39:00.001000 | interval=1m
2026-01-20 11:19:25,732 | INFO | binance_fetcher | Fetching DOTUSDT | 2026-01-15 12:19:00.001000 | interval=1m
2026-01-20 11:19:26,641 | INFO | binance_fetcher | Fetching DOTUSDT | 2026-01-16 04:59:00.001000 | interval=1m
2026-01-20 11:19:27,544 | INFO | binance_fetcher | Fetching DOTUSDT | 2026-01-16 21:39:00.001000 | interval=1m
2026-01-20 11:19:28,452 | INFO | binance_fetcher | Fetching DOTUSDT | 2026-01-17 14:19:00.001000 | interval=1m
2026-01-20 11:19:29,354 | INFO | binance_fetcher | Fetching DOTUSDT | 2026-01-18 06:59:00.001000 | interval=1m
2026-01-20 11:19:30,256 | INFO | binance_fetcher | Fetching DOTUSDT | 2026-01-18 23:39:00.001000 | interval=1m
2026-01-20 11:19:31,158 | INFO | binance_fetcher | Fetching DOTUSDT | 2026-01-19 16:19:00.001000 | interval=1m
2026-01-20 11:19:32,062 | INFO | binance_fetcher | Fetching DOTUSDT | 2026-01-20 01:19:00.001000 | interval=1m
2026-01-20 11:19:32,433 | WARNING | binance_fetcher | No more klines returned from Binance.
2026-01-20 11:19:32,506 | INFO | binance_fetcher | Fetched 20540 rows for DOTUSDT.
2026-01-20 11:19:48,763 | INFO | binance_fetcher | BinanceFuturesFetcher initialized | symbol=MATICUSDT | interval=1m | start=2026-01-06 | end=now
2026-01-20 11:19:48,765 | INFO | binance_fetcher | Fetching MATICUSDT | 2026-01-05 19:00:00 | interval=1m
2026-01-20 11:19:49,140 | WARNING | binance_fetcher | No more klines returned from Binance.
2026-01-20 11:19:49,140 | WARNING | binance_fetcher | No data fetched from Binance.
2026-01-20 11:19:49,158 | INFO | binance_fetcher | BinanceFuturesFetcher initialized | symbol=LINKUSDT | interval=1m | start=2026-01-06 | end=now
2026-01-20 11:19:49,158 | INFO | binance_fetcher | Fetching LINKUSDT | 2026-01-05 19:00:00 | interval=1m
2026-01-20 11:19:50,069 | INFO | binance_fetcher | Fetching LINKUSDT | 2026-01-06 11:39:00.001000 | interval=1m
2026-01-20 11:19:51,007 | INFO | binance_fetcher | Fetching LINKUSDT | 2026-01-07 04:19:00.001000 | interval=1m
2026-01-20 11:19:51,975 | INFO | binance_fetcher | Fetching LINKUSDT | 2026-01-07 20:59:00.001000 | interval=1m
2026-01-20 11:19:52,885 | INFO | binance_fetcher | Fetching LINKUSDT | 2026-01-08 13:39:00.001000 | interval=1m
2026-01-20 11:19:53,800 | INFO | binance_fetcher | Fetching LINKUSDT | 2026-01-09 06:19:00.001000 | interval=1m
2026-01-20 11:19:54,718 | INFO | binance_fetcher | Fetching LINKUSDT | 2026-01-09 22:59:00.001000 | interval=1m
2026-01-20 11:19:55,632 | INFO | binance_fetcher | Fetching LINKUSDT | 2026-01-10 15:39:00.001000 | interval=1m
2026-01-20 11:19:56,542 | INFO | binance_fetcher | Fetching LINKUSDT | 2026-01-11 08:19:00.001000 | interval=1m
2026-01-20 11:19:57,463 | INFO | binance_fetcher | Fetching LINKUSDT | 2026-01-12 00:59:00.001000 | interval=1m
2026-01-20 11:19:58,438 | INFO | binance_fetcher | Fetching LINKUSDT | 2026-01-12 17:39:00.001000 | interval=1m
2026-01-20 11:19:59,360 | INFO | binance_fetcher | Fetching LINKUSDT | 2026-01-13 10:19:00.001000 | interval=1m
2026-01-20 11:20:00,290 | INFO | binance_fetcher | Fetching LINKUSDT | 2026-01-14 02:59:00.001000 | interval=1m
2026-01-20 11:20:01,206 | INFO | binance_fetcher | Fetching LINKUSDT | 2026-01-14 19:39:00.001000 | interval=1m
2026-01-20 11:20:02,117 | INFO | binance_fetcher | Fetching LINKUSDT | 2026-01-15 12:19:00.001000 | interval=1m
2026-01-20 11:20:03,028 | INFO | binance_fetcher | Fetching LINKUSDT | 2026-01-16 04:59:00.001000 | interval=1m
2026-01-20 11:20:03,952 | INFO | binance_fetcher | Fetching LINKUSDT | 2026-01-16 21:39:00.001000 | interval=1m
2026-01-20 11:20:04,893 | INFO | binance_fetcher | Fetching LINKUSDT | 2026-01-17 14:19:00.001000 | interval=1m
2026-01-20 11:20:05,811 | INFO | binance_fetcher | Fetching LINKUSDT | 2026-01-18 06:59:00.001000 | interval=1m
2026-01-20 11:20:06,715 | INFO | binance_fetcher | Fetching LINKUSDT | 2026-01-18 23:39:00.001000 | interval=1m
2026-01-20 11:20:07,644 | INFO | binance_fetcher | Fetching LINKUSDT | 2026-01-19 16:19:00.001000 | interval=1m
2026-01-20 11:20:08,534 | INFO | binance_fetcher | Fetching LINKUSDT | 2026-01-20 01:19:00.001000 | interval=1m
2026-01-20 11:20:08,900 | WARNING | binance_fetcher | No more klines returned from Binance.
2026-01-20 11:20:08,963 | INFO | binance_fetcher | Fetched 20540 rows for LINKUSDT.
2026-01-20 11:30:33,693 | INFO | binance_fetcher | Binance Client initialized.
2026-01-20 11:30:33,974 | INFO | binance_fetcher | BinanceFuturesFetcher initialized | symbol=BTCUSDT | interval=1m | start=2026-01-06 | end=now
2026-01-20 11:30:33,975 | INFO | binance_fetcher | Fetching BTCUSDT | 2026-01-05 19:00:00 | interval=1m
2026-01-20 11:30:35,308 | INFO | binance_fetcher | Fetching BTCUSDT | 2026-01-06 11:39:00.001000 | interval=1m
2026-01-20 11:30:36,216 | INFO | binance_fetcher | Fetching BTCUSDT | 2026-01-07 04:19:00.001000 | interval=1m
2026-01-20 11:30:37,152 | INFO | binance_fetcher | Fetching BTCUSDT | 2026-01-07 20:59:00.001000 | interval=1m
2026-01-20 11:30:38,090 | INFO | binance_fetcher | Fetching BTCUSDT | 2026-01-08 13:39:00.001000 | interval=1m
2026-01-20 11:30:39,008 | INFO | binance_fetcher | Fetching BTCUSDT | 2026-01-09 06:19:00.001000 | interval=1m
2026-01-20 11:30:39,924 | INFO | binance_fetcher | Fetching BTCUSDT | 2026-01-09 22:59:00.001000 | interval=1m
2026-01-20 11:30:40,827 | INFO | binance_fetcher | Fetching BTCUSDT | 2026-01-10 15:39:00.001000 | interval=1m
2026-01-20 11:30:41,729 | INFO | binance_fetcher | Fetching BTCUSDT | 2026-01-11 08:19:00.001000 | interval=1m
2026-01-20 11:30:42,636 | INFO | binance_fetcher | Fetching BTCUSDT | 2026-01-12 00:59:00.001000 | interval=1m
2026-01-20 11:30:43,543 | INFO | binance_fetcher | Fetching BTCUSDT | 2026-01-12 17:39:00.001000 | interval=1m
2026-01-20 11:30:44,444 | INFO | binance_fetcher | Fetching BTCUSDT | 2026-01-13 10:19:00.001000 | interval=1m
2026-01-20 11:30:45,346 | INFO | binance_fetcher | Fetching BTCUSDT | 2026-01-14 02:59:00.001000 | interval=1m
2026-01-20 11:30:46,250 | INFO | binance_fetcher | Fetching BTCUSDT | 2026-01-14 19:39:00.001000 | interval=1m
2026-01-20 11:30:47,154 | INFO | binance_fetcher | Fetching BTCUSDT | 2026-01-15 12:19:00.001000 | interval=1m
2026-01-20 11:30:48,062 | INFO | binance_fetcher | Fetching BTCUSDT | 2026-01-16 04:59:00.001000 | interval=1m
2026-01-20 11:30:48,976 | INFO | binance_fetcher | Fetching BTCUSDT | 2026-01-16 21:39:00.001000 | interval=1m
2026-01-20 11:30:49,876 | INFO | binance_fetcher | Fetching BTCUSDT | 2026-01-17 14:19:00.001000 | interval=1m
2026-01-20 11:30:50,781 | INFO | binance_fetcher | Fetching BTCUSDT | 2026-01-18 06:59:00.001000 | interval=1m
2026-01-20 11:30:51,679 | INFO | binance_fetcher | Fetching BTCUSDT | 2026-01-18 23:39:00.001000 | interval=1m
2026-01-20 11:30:52,577 | INFO | binance_fetcher | Fetching BTCUSDT | 2026-01-19 16:19:00.001000 | interval=1m
2026-01-20 11:30:53,470 | INFO | binance_fetcher | Fetching BTCUSDT | 2026-01-20 01:30:00.001000 | interval=1m
2026-01-20 11:30:53,828 | WARNING | binance_fetcher | No more klines returned from Binance.
2026-01-20 11:30:53,902 | INFO | binance_fetcher | Fetched 20551 rows for BTCUSDT.
2026-01-20 11:30:54,268 | INFO | binance_fetcher | BinanceFuturesFetcher initialized | symbol=ETHUSDT | interval=1m | start=2026-01-06 | end=now
2026-01-20 11:30:54,269 | INFO | binance_fetcher | Fetching ETHUSDT | 2026-01-05 19:00:00 | interval=1m
2026-01-20 11:30:55,177 | INFO | binance_fetcher | Fetching ETHUSDT | 2026-01-06 11:39:00.001000 | interval=1m
2026-01-20 11:30:56,085 | INFO | binance_fetcher | Fetching ETHUSDT | 2026-01-07 04:19:00.001000 | interval=1m
2026-01-20 11:30:56,991 | INFO | binance_fetcher | Fetching ETHUSDT | 2026-01-07 20:59:00.001000 | interval=1m
2026-01-20 11:30:57,896 | INFO | binance_fetcher | Fetching ETHUSDT | 2026-01-08 13:39:00.001000 | interval=1m
2026-01-20 11:30:58,800 | INFO | binance_fetcher | Fetching ETHUSDT | 2026-01-09 06:19:00.001000 | interval=1m
2026-01-20 11:30:59,742 | INFO | binance_fetcher | Fetching ETHUSDT | 2026-01-09 22:59:00.001000 | interval=1m
2026-01-20 11:31:00,643 | INFO | binance_fetcher | Fetching ETHUSDT | 2026-01-10 15:39:00.001000 | interval=1m
2026-01-20 11:31:01,546 | INFO | binance_fetcher | Fetching ETHUSDT | 2026-01-11 08:19:00.001000 | interval=1m
2026-01-20 11:31:02,449 | INFO | binance_fetcher | Fetching ETHUSDT | 2026-01-12 00:59:00.001000 | interval=1m
2026-01-20 11:31:03,358 | INFO | binance_fetcher | Fetching ETHUSDT | 2026-01-12 17:39:00.001000 | interval=1m
2026-01-20 11:31:04,306 | INFO | binance_fetcher | Fetching ETHUSDT | 2026-01-13 10:19:00.001000 | interval=1m
2026-01-20 11:31:05,224 | INFO | binance_fetcher | Fetching ETHUSDT | 2026-01-14 02:59:00.001000 | interval=1m
2026-01-20 11:31:06,127 | INFO | binance_fetcher | Fetching ETHUSDT | 2026-01-14 19:39:00.001000 | interval=1m
2026-01-20 11:31:07,035 | INFO | binance_fetcher | Fetching ETHUSDT | 2026-01-15 12:19:00.001000 | interval=1m
2026-01-20 11:31:07,937 | INFO | binance_fetcher | Fetching ETHUSDT | 2026-01-16 04:59:00.001000 | interval=1m
2026-01-20 11:31:08,839 | INFO | binance_fetcher | Fetching ETHUSDT | 2026-01-16 21:39:00.001000 | interval=1m
2026-01-20 11:31:09,740 | INFO | binance_fetcher | Fetching ETHUSDT | 2026-01-17 14:19:00.001000 | interval=1m
2026-01-20 11:31:10,648 | INFO | binance_fetcher | Fetching ETHUSDT | 2026-01-18 06:59:00.001000 | interval=1m
2026-01-20 11:31:11,555 | INFO | binance_fetcher | Fetching ETHUSDT | 2026-01-18 23:39:00.001000 | interval=1m
2026-01-20 11:31:12,458 | INFO | binance_fetcher | Fetching ETHUSDT | 2026-01-19 16:19:00.001000 | interval=1m
2026-01-20 11:31:13,343 | INFO | binance_fetcher | Fetching ETHUSDT | 2026-01-20 01:30:00.001000 | interval=1m
2026-01-20 11:31:13,706 | WARNING | binance_fetcher | No more klines returned from Binance.
2026-01-20 11:31:13,773 | INFO | binance_fetcher | Fetched 20551 rows for ETHUSDT.
2026-01-20 11:31:14,666 | INFO | binance_fetcher | BinanceFuturesFetcher initialized | symbol=BNBUSDT | interval=1m | start=2026-01-06 | end=now
2026-01-20 11:31:14,666 | INFO | binance_fetcher | Fetching BNBUSDT | 2026-01-05 19:00:00 | interval=1m
2026-01-20 11:31:15,569 | INFO | binance_fetcher | Fetching BNBUSDT | 2026-01-06 11:39:00.001000 | interval=1m
2026-01-20 11:31:16,469 | INFO | binance_fetcher | Fetching BNBUSDT | 2026-01-07 04:19:00.001000 | interval=1m
2026-01-20 11:31:17,367 | INFO | binance_fetcher | Fetching BNBUSDT | 2026-01-07 20:59:00.001000 | interval=1m
2026-01-20 11:31:18,269 | INFO | binance_fetcher | Fetching BNBUSDT | 2026-01-08 13:39:00.001000 | interval=1m
2026-01-20 11:31:19,173 | INFO | binance_fetcher | Fetching BNBUSDT | 2026-01-09 06:19:00.001000 | interval=1m
2026-01-20 11:31:20,077 | INFO | binance_fetcher | Fetching BNBUSDT | 2026-01-09 22:59:00.001000 | interval=1m
2026-01-20 11:31:20,982 | INFO | binance_fetcher | Fetching BNBUSDT | 2026-01-10 15:39:00.001000 | interval=1m
2026-01-20 11:31:21,879 | INFO | binance_fetcher | Fetching BNBUSDT | 2026-01-11 08:19:00.001000 | interval=1m
2026-01-20 11:31:22,780 | INFO | binance_fetcher | Fetching BNBUSDT | 2026-01-12 00:59:00.001000 | interval=1m
2026-01-20 11:31:23,699 | INFO | binance_fetcher | Fetching BNBUSDT | 2026-01-12 17:39:00.001000 | interval=1m
2026-01-20 11:31:24,600 | INFO | binance_fetcher | Fetching BNBUSDT | 2026-01-13 10:19:00.001000 | interval=1m
2026-01-20 11:31:25,502 | INFO | binance_fetcher | Fetching BNBUSDT | 2026-01-14 02:59:00.001000 | interval=1m
2026-01-20 11:31:26,435 | INFO | binance_fetcher | Fetching BNBUSDT | 2026-01-14 19:39:00.001000 | interval=1m
2026-01-20 11:31:27,355 | INFO | binance_fetcher | Fetching BNBUSDT | 2026-01-15 12:19:00.001000 | interval=1m
2026-01-20 11:31:28,258 | INFO | binance_fetcher | Fetching BNBUSDT | 2026-01-16 04:59:00.001000 | interval=1m
2026-01-20 11:31:29,175 | INFO | binance_fetcher | Fetching BNBUSDT | 2026-01-16 21:39:00.001000 | interval=1m
2026-01-20 11:31:30,072 | INFO | binance_fetcher | Fetching BNBUSDT | 2026-01-17 14:19:00.001000 | interval=1m
2026-01-20 11:31:30,969 | INFO | binance_fetcher | Fetching BNBUSDT | 2026-01-18 06:59:00.001000 | interval=1m
2026-01-20 11:31:31,866 | INFO | binance_fetcher | Fetching BNBUSDT | 2026-01-18 23:39:00.001000 | interval=1m
2026-01-20 11:31:32,764 | INFO | binance_fetcher | Fetching BNBUSDT | 2026-01-19 16:19:00.001000 | interval=1m
2026-01-20 11:31:33,649 | INFO | binance_fetcher | Fetching BNBUSDT | 2026-01-20 01:31:00.001000 | interval=1m
2026-01-20 11:31:34,007 | WARNING | binance_fetcher | No more klines returned from Binance.
2026-01-20 11:31:34,078 | INFO | binance_fetcher | Fetched 20552 rows for BNBUSDT.
2026-01-20 11:31:35,004 | INFO | binance_fetcher | BinanceFuturesFetcher initialized | symbol=ADAUSDT | interval=1m | start=2026-01-06 | end=now
2026-01-20 11:31:35,005 | INFO | binance_fetcher | Fetching ADAUSDT | 2026-01-05 19:00:00 | interval=1m
2026-01-20 11:31:35,924 | INFO | binance_fetcher | Fetching ADAUSDT | 2026-01-06 11:39:00.001000 | interval=1m
2026-01-20 11:31:36,878 | INFO | binance_fetcher | Fetching ADAUSDT | 2026-01-07 04:19:00.001000 | interval=1m
2026-01-20 11:31:37,792 | INFO | binance_fetcher | Fetching ADAUSDT | 2026-01-07 20:59:00.001000 | interval=1m
2026-01-20 11:31:38,688 | INFO | binance_fetcher | Fetching ADAUSDT | 2026-01-08 13:39:00.001000 | interval=1m
2026-01-20 11:31:39,585 | INFO | binance_fetcher | Fetching ADAUSDT | 2026-01-09 06:19:00.001000 | interval=1m
2026-01-20 11:31:40,491 | INFO | binance_fetcher | Fetching ADAUSDT | 2026-01-09 22:59:00.001000 | interval=1m
2026-01-20 11:31:41,403 | INFO | binance_fetcher | Fetching ADAUSDT | 2026-01-10 15:39:00.001000 | interval=1m
2026-01-20 11:31:42,300 | INFO | binance_fetcher | Fetching ADAUSDT | 2026-01-11 08:19:00.001000 | interval=1m
2026-01-20 11:31:43,206 | INFO | binance_fetcher | Fetching ADAUSDT | 2026-01-12 00:59:00.001000 | interval=1m
2026-01-20 11:31:44,142 | INFO | binance_fetcher | Fetching ADAUSDT | 2026-01-12 17:39:00.001000 | interval=1m
2026-01-20 11:31:45,043 | INFO | binance_fetcher | Fetching ADAUSDT | 2026-01-13 10:19:00.001000 | interval=1m
2026-01-20 11:31:46,006 | INFO | binance_fetcher | Fetching ADAUSDT | 2026-01-14 02:59:00.001000 | interval=1m
2026-01-20 11:31:46,901 | INFO | binance_fetcher | Fetching ADAUSDT | 2026-01-14 19:39:00.001000 | interval=1m
2026-01-20 11:31:47,827 | INFO | binance_fetcher | Fetching ADAUSDT | 2026-01-15 12:19:00.001000 | interval=1m
2026-01-20 11:31:48,727 | INFO | binance_fetcher | Fetching ADAUSDT | 2026-01-16 04:59:00.001000 | interval=1m
2026-01-20 11:31:49,624 | INFO | binance_fetcher | Fetching ADAUSDT | 2026-01-16 21:39:00.001000 | interval=1m
2026-01-20 11:31:50,525 | INFO | binance_fetcher | Fetching ADAUSDT | 2026-01-17 14:19:00.001000 | interval=1m
2026-01-20 11:31:51,424 | INFO | binance_fetcher | Fetching ADAUSDT | 2026-01-18 06:59:00.001000 | interval=1m
2026-01-20 11:31:52,320 | INFO | binance_fetcher | Fetching ADAUSDT | 2026-01-18 23:39:00.001000 | interval=1m
2026-01-20 11:31:53,212 | INFO | binance_fetcher | Fetching ADAUSDT | 2026-01-19 16:19:00.001000 | interval=1m
2026-01-20 11:31:54,113 | INFO | binance_fetcher | Fetching ADAUSDT | 2026-01-20 01:31:00.001000 | interval=1m
2026-01-20 11:31:54,486 | WARNING | binance_fetcher | No more klines returned from Binance.
2026-01-20 11:31:54,545 | INFO | binance_fetcher | Fetched 20552 rows for ADAUSDT.
2026-01-20 11:31:54,930 | INFO | binance_fetcher | BinanceFuturesFetcher initialized | symbol=XRPUSDT | interval=1m | start=2026-01-06 | end=now
2026-01-20 11:31:54,931 | INFO | binance_fetcher | Fetching XRPUSDT | 2026-01-05 19:00:00 | interval=1m
2026-01-20 11:31:55,832 | INFO | binance_fetcher | Fetching XRPUSDT | 2026-01-06 11:39:00.001000 | interval=1m
2026-01-20 11:31:56,735 | INFO | binance_fetcher | Fetching XRPUSDT | 2026-01-07 04:19:00.001000 | interval=1m
2026-01-20 11:31:57,645 | INFO | binance_fetcher | Fetching XRPUSDT | 2026-01-07 20:59:00.001000 | interval=1m
2026-01-20 11:31:58,550 | INFO | binance_fetcher | Fetching XRPUSDT | 2026-01-08 13:39:00.001000 | interval=1m
2026-01-20 11:31:59,451 | INFO | binance_fetcher | Fetching XRPUSDT | 2026-01-09 06:19:00.001000 | interval=1m
2026-01-20 11:32:00,355 | INFO | binance_fetcher | Fetching XRPUSDT | 2026-01-09 22:59:00.001000 | interval=1m
2026-01-20 11:32:01,276 | INFO | binance_fetcher | Fetching XRPUSDT | 2026-01-10 15:39:00.001000 | interval=1m
2026-01-20 11:32:02,181 | INFO | binance_fetcher | Fetching XRPUSDT | 2026-01-11 08:19:00.001000 | interval=1m
2026-01-20 11:32:03,087 | INFO | binance_fetcher | Fetching XRPUSDT | 2026-01-12 00:59:00.001000 | interval=1m
2026-01-20 11:32:03,996 | INFO | binance_fetcher | Fetching XRPUSDT | 2026-01-12 17:39:00.001000 | interval=1m
2026-01-20 11:32:05,212 | INFO | binance_fetcher | Fetching XRPUSDT | 2026-01-13 10:19:00.001000 | interval=1m
2026-01-20 11:32:06,117 | INFO | binance_fetcher | Fetching XRPUSDT | 2026-01-14 02:59:00.001000 | interval=1m
2026-01-20 11:32:07,017 | INFO | binance_fetcher | Fetching XRPUSDT | 2026-01-14 19:39:00.001000 | interval=1m
2026-01-20 11:32:07,920 | INFO | binance_fetcher | Fetching XRPUSDT | 2026-01-15 12:19:00.001000 | interval=1m
2026-01-20 11:32:08,823 | INFO | binance_fetcher | Fetching XRPUSDT | 2026-01-16 04:59:00.001000 | interval=1m
2026-01-20 11:32:09,745 | INFO | binance_fetcher | Fetching XRPUSDT | 2026-01-16 21:39:00.001000 | interval=1m
2026-01-20 11:32:10,962 | INFO | binance_fetcher | Fetching XRPUSDT | 2026-01-17 14:19:00.001000 | interval=1m
2026-01-20 11:32:11,861 | INFO | binance_fetcher | Fetching XRPUSDT | 2026-01-18 06:59:00.001000 | interval=1m
2026-01-20 11:32:12,764 | INFO | binance_fetcher | Fetching XRPUSDT | 2026-01-18 23:39:00.001000 | interval=1m
2026-01-20 11:32:13,666 | INFO | binance_fetcher | Fetching XRPUSDT | 2026-01-19 16:19:00.001000 | interval=1m
2026-01-20 11:32:14,552 | INFO | binance_fetcher | Fetching XRPUSDT | 2026-01-20 01:31:00.001000 | interval=1m
2026-01-20 11:32:14,921 | WARNING | binance_fetcher | No more klines returned from Binance.
2026-01-20 11:32:14,995 | INFO | binance_fetcher | Fetched 20552 rows for XRPUSDT.
2026-01-20 11:32:15,883 | INFO | binance_fetcher | BinanceFuturesFetcher initialized | symbol=DOGEUSDT | interval=1m | start=2026-01-06 | end=now
2026-01-20 11:32:15,884 | INFO | binance_fetcher | Fetching DOGEUSDT | 2026-01-05 19:00:00 | interval=1m
2026-01-20 11:32:17,074 | INFO | binance_fetcher | Fetching DOGEUSDT | 2026-01-06 11:39:00.001000 | interval=1m
2026-01-20 11:32:18,057 | INFO | binance_fetcher | Fetching DOGEUSDT | 2026-01-07 04:19:00.001000 | interval=1m
2026-01-20 11:32:18,959 | INFO | binance_fetcher | Fetching DOGEUSDT | 2026-01-07 20:59:00.001000 | interval=1m
2026-01-20 11:32:19,866 | INFO | binance_fetcher | Fetching DOGEUSDT | 2026-01-08 13:39:00.001000 | interval=1m
2026-01-20 11:32:20,770 | INFO | binance_fetcher | Fetching DOGEUSDT | 2026-01-09 06:19:00.001000 | interval=1m
2026-01-20 11:32:21,675 | INFO | binance_fetcher | Fetching DOGEUSDT | 2026-01-09 22:59:00.001000 | interval=1m
2026-01-20 11:32:22,581 | INFO | binance_fetcher | Fetching DOGEUSDT | 2026-01-10 15:39:00.001000 | interval=1m
2026-01-20 11:32:23,486 | INFO | binance_fetcher | Fetching DOGEUSDT | 2026-01-11 08:19:00.001000 | interval=1m
2026-01-20 11:32:24,383 | INFO | binance_fetcher | Fetching DOGEUSDT | 2026-01-12 00:59:00.001000 | interval=1m
2026-01-20 11:32:25,288 | INFO | binance_fetcher | Fetching DOGEUSDT | 2026-01-12 17:39:00.001000 | interval=1m
2026-01-20 11:32:26,190 | INFO | binance_fetcher | Fetching DOGEUSDT | 2026-01-13 10:19:00.001000 | interval=1m
2026-01-20 11:32:27,091 | INFO | binance_fetcher | Fetching DOGEUSDT | 2026-01-14 02:59:00.001000 | interval=1m
2026-01-20 11:32:27,996 | INFO | binance_fetcher | Fetching DOGEUSDT | 2026-01-14 19:39:00.001000 | interval=1m
2026-01-20 11:32:28,901 | INFO | binance_fetcher | Fetching DOGEUSDT | 2026-01-15 12:19:00.001000 | interval=1m
2026-01-20 11:32:29,804 | INFO | binance_fetcher | Fetching DOGEUSDT | 2026-01-16 04:59:00.001000 | interval=1m
2026-01-20 11:32:30,712 | INFO | binance_fetcher | Fetching DOGEUSDT | 2026-01-16 21:39:00.001000 | interval=1m
2026-01-20 11:32:31,608 | INFO | binance_fetcher | Fetching DOGEUSDT | 2026-01-17 14:19:00.001000 | interval=1m
2026-01-20 11:32:32,510 | INFO | binance_fetcher | Fetching DOGEUSDT | 2026-01-18 06:59:00.001000 | interval=1m
2026-01-20 11:32:33,433 | INFO | binance_fetcher | Fetching DOGEUSDT | 2026-01-18 23:39:00.001000 | interval=1m
2026-01-20 11:32:34,334 | INFO | binance_fetcher | Fetching DOGEUSDT | 2026-01-19 16:19:00.001000 | interval=1m
2026-01-20 11:32:35,221 | INFO | binance_fetcher | Fetching DOGEUSDT | 2026-01-20 01:32:00.001000 | interval=1m
2026-01-20 11:32:35,588 | WARNING | binance_fetcher | No more klines returned from Binance.
2026-01-20 11:32:35,651 | INFO | binance_fetcher | Fetched 20553 rows for DOGEUSDT.
2026-01-20 11:32:36,621 | INFO | binance_fetcher | BinanceFuturesFetcher initialized | symbol=SOLUSDT | interval=1m | start=2026-01-06 | end=now
2026-01-20 11:32:36,621 | INFO | binance_fetcher | Fetching SOLUSDT | 2026-01-05 19:00:00 | interval=1m
2026-01-20 11:32:37,818 | INFO | binance_fetcher | Fetching SOLUSDT | 2026-01-06 11:39:00.001000 | interval=1m
2026-01-20 11:32:38,718 | INFO | binance_fetcher | Fetching SOLUSDT | 2026-01-07 04:19:00.001000 | interval=1m
2026-01-20 11:32:39,622 | INFO | binance_fetcher | Fetching SOLUSDT | 2026-01-07 20:59:00.001000 | interval=1m
2026-01-20 11:32:40,525 | INFO | binance_fetcher | Fetching SOLUSDT | 2026-01-08 13:39:00.001000 | interval=1m
2026-01-20 11:32:41,435 | INFO | binance_fetcher | Fetching SOLUSDT | 2026-01-09 06:19:00.001000 | interval=1m
2026-01-20 11:32:42,338 | INFO | binance_fetcher | Fetching SOLUSDT | 2026-01-09 22:59:00.001000 | interval=1m
2026-01-20 11:32:43,238 | INFO | binance_fetcher | Fetching SOLUSDT | 2026-01-10 15:39:00.001000 | interval=1m
2026-01-20 11:32:44,140 | INFO | binance_fetcher | Fetching SOLUSDT | 2026-01-11 08:19:00.001000 | interval=1m
2026-01-20 11:32:45,041 | INFO | binance_fetcher | Fetching SOLUSDT | 2026-01-12 00:59:00.001000 | interval=1m
2026-01-20 11:32:45,945 | INFO | binance_fetcher | Fetching SOLUSDT | 2026-01-12 17:39:00.001000 | interval=1m
2026-01-20 11:32:46,849 | INFO | binance_fetcher | Fetching SOLUSDT | 2026-01-13 10:19:00.001000 | interval=1m
2026-01-20 11:32:47,752 | INFO | binance_fetcher | Fetching SOLUSDT | 2026-01-14 02:59:00.001000 | interval=1m
2026-01-20 11:32:48,669 | INFO | binance_fetcher | Fetching SOLUSDT | 2026-01-14 19:39:00.001000 | interval=1m
2026-01-20 11:32:49,570 | INFO | binance_fetcher | Fetching SOLUSDT | 2026-01-15 12:19:00.001000 | interval=1m
2026-01-20 11:32:50,469 | INFO | binance_fetcher | Fetching SOLUSDT | 2026-01-16 04:59:00.001000 | interval=1m
2026-01-20 11:32:51,372 | INFO | binance_fetcher | Fetching SOLUSDT | 2026-01-16 21:39:00.001000 | interval=1m
2026-01-20 11:32:52,271 | INFO | binance_fetcher | Fetching SOLUSDT | 2026-01-17 14:19:00.001000 | interval=1m
2026-01-20 11:32:53,172 | INFO | binance_fetcher | Fetching SOLUSDT | 2026-01-18 06:59:00.001000 | interval=1m
2026-01-20 11:32:54,073 | INFO | binance_fetcher | Fetching SOLUSDT | 2026-01-18 23:39:00.001000 | interval=1m
2026-01-20 11:32:54,971 | INFO | binance_fetcher | Fetching SOLUSDT | 2026-01-19 16:19:00.001000 | interval=1m
2026-01-20 11:32:55,864 | INFO | binance_fetcher | Fetching SOLUSDT | 2026-01-20 01:32:00.001000 | interval=1m
2026-01-20 11:32:56,840 | WARNING | binance_fetcher | No more klines returned from Binance.
2026-01-20 11:32:56,905 | INFO | binance_fetcher | Fetched 20553 rows for SOLUSDT.
2026-01-20 11:32:57,810 | INFO | binance_fetcher | BinanceFuturesFetcher initialized | symbol=DOTUSDT | interval=1m | start=2026-01-06 | end=now
2026-01-20 11:32:57,810 | INFO | binance_fetcher | Fetching DOTUSDT | 2026-01-05 19:00:00 | interval=1m
2026-01-20 11:32:58,707 | INFO | binance_fetcher | Fetching DOTUSDT | 2026-01-06 11:39:00.001000 | interval=1m
2026-01-20 11:32:59,607 | INFO | binance_fetcher | Fetching DOTUSDT | 2026-01-07 04:19:00.001000 | interval=1m
2026-01-20 11:33:00,503 | INFO | binance_fetcher | Fetching DOTUSDT | 2026-01-07 20:59:00.001000 | interval=1m
2026-01-20 11:33:01,403 | INFO | binance_fetcher | Fetching DOTUSDT | 2026-01-08 13:39:00.001000 | interval=1m
2026-01-20 11:33:02,297 | INFO | binance_fetcher | Fetching DOTUSDT | 2026-01-09 06:19:00.001000 | interval=1m
2026-01-20 11:33:03,197 | INFO | binance_fetcher | Fetching DOTUSDT | 2026-01-09 22:59:00.001000 | interval=1m
2026-01-20 11:33:04,096 | INFO | binance_fetcher | Fetching DOTUSDT | 2026-01-10 15:39:00.001000 | interval=1m
2026-01-20 11:33:04,988 | INFO | binance_fetcher | Fetching DOTUSDT | 2026-01-11 08:19:00.001000 | interval=1m
2026-01-20 11:33:05,890 | INFO | binance_fetcher | Fetching DOTUSDT | 2026-01-12 00:59:00.001000 | interval=1m
2026-01-20 11:33:06,795 | INFO | binance_fetcher | Fetching DOTUSDT | 2026-01-12 17:39:00.001000 | interval=1m
2026-01-20 11:33:07,691 | INFO | binance_fetcher | Fetching DOTUSDT | 2026-01-13 10:19:00.001000 | interval=1m
2026-01-20 11:33:08,588 | INFO | binance_fetcher | Fetching DOTUSDT | 2026-01-14 02:59:00.001000 | interval=1m
2026-01-20 11:33:09,482 | INFO | binance_fetcher | Fetching DOTUSDT | 2026-01-14 19:39:00.001000 | interval=1m
2026-01-20 11:33:10,378 | INFO | binance_fetcher | Fetching DOTUSDT | 2026-01-15 12:19:00.001000 | interval=1m
2026-01-20 11:33:11,279 | INFO | binance_fetcher | Fetching DOTUSDT | 2026-01-16 04:59:00.001000 | interval=1m
2026-01-20 11:33:12,183 | INFO | binance_fetcher | Fetching DOTUSDT | 2026-01-16 21:39:00.001000 | interval=1m
2026-01-20 11:33:13,077 | INFO | binance_fetcher | Fetching DOTUSDT | 2026-01-17 14:19:00.001000 | interval=1m
2026-01-20 11:33:13,972 | INFO | binance_fetcher | Fetching DOTUSDT | 2026-01-18 06:59:00.001000 | interval=1m
2026-01-20 11:33:14,867 | INFO | binance_fetcher | Fetching DOTUSDT | 2026-01-18 23:39:00.001000 | interval=1m
2026-01-20 11:33:15,757 | INFO | binance_fetcher | Fetching DOTUSDT | 2026-01-19 16:19:00.001000 | interval=1m
2026-01-20 11:33:16,642 | INFO | binance_fetcher | Fetching DOTUSDT | 2026-01-20 01:32:00.001000 | interval=1m
2026-01-20 11:33:17,016 | WARNING | binance_fetcher | No more klines returned from Binance.
2026-01-20 11:33:17,074 | INFO | binance_fetcher | Fetched 20553 rows for DOTUSDT.
2026-01-20 11:33:17,943 | INFO | binance_fetcher | BinanceFuturesFetcher initialized | symbol=MATICUSDT | interval=1m | start=2026-01-06 | end=now
2026-01-20 11:33:17,943 | INFO | binance_fetcher | Fetching MATICUSDT | 2026-01-05 19:00:00 | interval=1m
2026-01-20 11:33:18,300 | WARNING | binance_fetcher | No more klines returned from Binance.
2026-01-20 11:33:18,300 | WARNING | binance_fetcher | No data fetched from Binance.
2026-01-20 11:33:18,329 | INFO | binance_fetcher | BinanceFuturesFetcher initialized | symbol=LINKUSDT | interval=1m | start=2026-01-06 | end=now
2026-01-20 11:33:18,329 | INFO | binance_fetcher | Fetching LINKUSDT | 2026-01-05 19:00:00 | interval=1m
2026-01-20 11:33:19,230 | INFO | binance_fetcher | Fetching LINKUSDT | 2026-01-06 11:39:00.001000 | interval=1m
2026-01-20 11:33:20,134 | INFO | binance_fetcher | Fetching LINKUSDT | 2026-01-07 04:19:00.001000 | interval=1m
2026-01-20 11:33:21,032 | INFO | binance_fetcher | Fetching LINKUSDT | 2026-01-07 20:59:00.001000 | interval=1m
2026-01-20 11:33:21,980 | INFO | binance_fetcher | Fetching LINKUSDT | 2026-01-08 13:39:00.001000 | interval=1m
2026-01-20 11:33:22,895 | INFO | binance_fetcher | Fetching LINKUSDT | 2026-01-09 06:19:00.001000 | interval=1m
2026-01-20 11:33:23,797 | INFO | binance_fetcher | Fetching LINKUSDT | 2026-01-09 22:59:00.001000 | interval=1m
2026-01-20 11:33:24,695 | INFO | binance_fetcher | Fetching LINKUSDT | 2026-01-10 15:39:00.001000 | interval=1m
2026-01-20 11:33:25,598 | INFO | binance_fetcher | Fetching LINKUSDT | 2026-01-11 08:19:00.001000 | interval=1m
2026-01-20 11:33:26,497 | INFO | binance_fetcher | Fetching LINKUSDT | 2026-01-12 00:59:00.001000 | interval=1m
2026-01-20 11:33:27,400 | INFO | binance_fetcher | Fetching LINKUSDT | 2026-01-12 17:39:00.001000 | interval=1m
2026-01-20 11:33:28,302 | INFO | binance_fetcher | Fetching LINKUSDT | 2026-01-13 10:19:00.001000 | interval=1m
2026-01-20 11:33:29,209 | INFO | binance_fetcher | Fetching LINKUSDT | 2026-01-14 02:59:00.001000 | interval=1m
2026-01-20 11:33:30,108 | INFO | binance_fetcher | Fetching LINKUSDT | 2026-01-14 19:39:00.001000 | interval=1m
2026-01-20 11:33:31,014 | INFO | binance_fetcher | Fetching LINKUSDT | 2026-01-15 12:19:00.001000 | interval=1m
2026-01-20 11:33:31,918 | INFO | binance_fetcher | Fetching LINKUSDT | 2026-01-16 04:59:00.001000 | interval=1m
2026-01-20 11:33:32,820 | INFO | binance_fetcher | Fetching LINKUSDT | 2026-01-16 21:39:00.001000 | interval=1m
2026-01-20 11:33:33,726 | INFO | binance_fetcher | Fetching LINKUSDT | 2026-01-17 14:19:00.001000 | interval=1m
2026-01-20 11:33:34,629 | INFO | binance_fetcher | Fetching LINKUSDT | 2026-01-18 06:59:00.001000 | interval=1m
2026-01-20 11:33:35,530 | INFO | binance_fetcher | Fetching LINKUSDT | 2026-01-18 23:39:00.001000 | interval=1m
2026-01-20 11:33:36,432 | INFO | binance_fetcher | Fetching LINKUSDT | 2026-01-19 16:19:00.001000 | interval=1m
2026-01-20 11:33:37,320 | INFO | binance_fetcher | Fetching LINKUSDT | 2026-01-20 01:33:00.001000 | interval=1m
2026-01-20 11:33:37,683 | WARNING | binance_fetcher | No more klines returned from Binance.
2026-01-20 11:33:37,754 | INFO | binance_fetcher | Fetched 20554 rows for LINKUSDT.
2026-01-20 12:29:56,453 | INFO | binance_fetcher | Binance Client initialized.
2026-01-20 12:29:56,856 | INFO | binance_fetcher | BinanceFuturesFetcher initialized | symbol=BTCUSDT | interval=1m | start=2026-01-06 | end=now
2026-01-20 12:29:56,857 | INFO | binance_fetcher | Fetching BTCUSDT | 2026-01-05 19:00:00 | interval=1m
2026-01-20 12:29:58,487 | INFO | binance_fetcher | Fetching BTCUSDT | 2026-01-06 11:39:00.001000 | interval=1m
2026-01-20 12:29:59,502 | INFO | binance_fetcher | Fetching BTCUSDT | 2026-01-07 04:19:00.001000 | interval=1m
2026-01-20 12:30:00,411 | INFO | binance_fetcher | Fetching BTCUSDT | 2026-01-07 20:59:00.001000 | interval=1m
2026-01-20 12:30:01,311 | INFO | binance_fetcher | Fetching BTCUSDT | 2026-01-08 13:39:00.001000 | interval=1m
2026-01-20 12:30:02,206 | INFO | binance_fetcher | Fetching BTCUSDT | 2026-01-09 06:19:00.001000 | interval=1m
2026-01-20 12:30:03,128 | INFO | binance_fetcher | Fetching BTCUSDT | 2026-01-09 22:59:00.001000 | interval=1m
2026-01-20 12:30:04,209 | INFO | binance_fetcher | Fetching BTCUSDT | 2026-01-10 15:39:00.001000 | interval=1m
2026-01-20 12:30:05,205 | INFO | binance_fetcher | Fetching BTCUSDT | 2026-01-11 08:19:00.001000 | interval=1m
2026-01-20 12:30:06,104 | INFO | binance_fetcher | Fetching BTCUSDT | 2026-01-12 00:59:00.001000 | interval=1m
2026-01-20 12:30:07,276 | INFO | binance_fetcher | Fetching BTCUSDT | 2026-01-12 17:39:00.001000 | interval=1m
2026-01-20 12:30:08,186 | INFO | binance_fetcher | Fetching BTCUSDT | 2026-01-13 10:19:00.001000 | interval=1m
2026-01-20 12:30:09,147 | INFO | binance_fetcher | Fetching BTCUSDT | 2026-01-14 02:59:00.001000 | interval=1m
2026-01-20 12:30:10,040 | INFO | binance_fetcher | Fetching BTCUSDT | 2026-01-14 19:39:00.001000 | interval=1m
2026-01-20 12:30:10,955 | INFO | binance_fetcher | Fetching BTCUSDT | 2026-01-15 12:19:00.001000 | interval=1m
2026-01-20 12:30:11,997 | INFO | binance_fetcher | Fetching BTCUSDT | 2026-01-16 04:59:00.001000 | interval=1m
2026-01-20 12:30:13,144 | INFO | binance_fetcher | Fetching BTCUSDT | 2026-01-16 21:39:00.001000 | interval=1m
2026-01-20 12:30:14,072 | INFO | binance_fetcher | Fetching BTCUSDT | 2026-01-17 14:19:00.001000 | interval=1m
2026-01-20 12:30:14,960 | INFO | binance_fetcher | Fetching BTCUSDT | 2026-01-18 06:59:00.001000 | interval=1m
2026-01-20 12:30:15,853 | INFO | binance_fetcher | Fetching BTCUSDT | 2026-01-18 23:39:00.001000 | interval=1m
2026-01-20 12:31:30,889 | INFO | binance_fetcher | Binance Client initialized.
2026-01-20 12:31:31,517 | ERROR | binance_fetcher | Failed to convert dates to timestamps.
Traceback (most recent call last):
  File "C:\Users\Yasir Raza Attari\Desktop\trading\TradeX\Data\binance\binance_fetcher.py", line 62, in _convert_to_timestamp
    start_ts = int(datetime.strptime(self.start_date, "%Y-%m-%d").timestamp() * 1000)
                   ^^^^^^^^^^^^^^^^^^^^^^^^^^^^^^^^^^^^^^^^^^^^^^
  File "c:\Program Files\Miniconda\envs\tradex_env\Lib\_strptime.py", line 567, in _strptime_datetime
    tt, fraction, gmtoff_fraction = _strptime(data_string, format)
                                    ^^^^^^^^^^^^^^^^^^^^^^^^^^^^^^
  File "c:\Program Files\Miniconda\envs\tradex_env\Lib\_strptime.py", line 352, in _strptime
    raise ValueError("unconverted data remains: %s" %
ValueError: unconverted data remains:  01:29:00
2026-01-20 12:32:32,578 | INFO | binance_fetcher | Binance Client initialized.
2026-01-20 12:32:33,186 | INFO | binance_fetcher | BinanceFuturesFetcher initialized | symbol=BTCUSDT | interval=1m | start=2026-01-20 01:29:00 | end=now
2026-01-20 12:32:33,186 | INFO | binance_fetcher | Fetching BTCUSDT | 2026-01-19 20:29:00 | interval=1m
2026-01-20 12:32:34,401 | INFO | binance_fetcher | Fetching BTCUSDT | 2026-01-20 02:32:00.001000 | interval=1m
2026-01-20 12:32:34,759 | WARNING | binance_fetcher | No more klines returned from Binance.
2026-01-20 12:32:34,763 | INFO | binance_fetcher | Fetched 364 rows for BTCUSDT.
2026-01-20 12:32:36,327 | INFO | binance_fetcher | BinanceFuturesFetcher initialized | symbol=ETHUSDT | interval=1m | start=2026-01-20 01:29:00 | end=now
2026-01-20 12:32:36,330 | INFO | binance_fetcher | Fetching ETHUSDT | 2026-01-19 20:29:00 | interval=1m
2026-01-20 12:32:37,217 | INFO | binance_fetcher | Fetching ETHUSDT | 2026-01-20 02:32:00.001000 | interval=1m
2026-01-20 12:32:37,632 | WARNING | binance_fetcher | No more klines returned from Binance.
2026-01-20 12:32:37,634 | INFO | binance_fetcher | Fetched 364 rows for ETHUSDT.
2026-01-20 12:32:38,764 | INFO | binance_fetcher | BinanceFuturesFetcher initialized | symbol=BNBUSDT | interval=1m | start=2026-01-20 01:30:00 | end=now
2026-01-20 12:32:38,769 | INFO | binance_fetcher | Fetching BNBUSDT | 2026-01-19 20:30:00 | interval=1m
2026-01-20 12:32:39,635 | INFO | binance_fetcher | Fetching BNBUSDT | 2026-01-20 02:32:00.001000 | interval=1m
2026-01-20 12:32:39,984 | WARNING | binance_fetcher | No more klines returned from Binance.
2026-01-20 12:32:39,994 | INFO | binance_fetcher | Fetched 363 rows for BNBUSDT.
2026-01-20 12:32:41,223 | INFO | binance_fetcher | BinanceFuturesFetcher initialized | symbol=ADAUSDT | interval=1m | start=2026-01-20 01:30:00 | end=now
2026-01-20 12:32:41,223 | INFO | binance_fetcher | Fetching ADAUSDT | 2026-01-19 20:30:00 | interval=1m
2026-01-20 12:32:42,178 | INFO | binance_fetcher | Fetching ADAUSDT | 2026-01-20 02:32:00.001000 | interval=1m
2026-01-20 12:32:42,656 | WARNING | binance_fetcher | No more klines returned from Binance.
2026-01-20 12:32:42,664 | INFO | binance_fetcher | Fetched 363 rows for ADAUSDT.
2026-01-20 12:32:43,749 | INFO | binance_fetcher | BinanceFuturesFetcher initialized | symbol=XRPUSDT | interval=1m | start=2026-01-20 01:30:00 | end=now
2026-01-20 12:32:43,763 | INFO | binance_fetcher | Fetching XRPUSDT | 2026-01-19 20:30:00 | interval=1m
2026-01-20 12:32:44,633 | INFO | binance_fetcher | Fetching XRPUSDT | 2026-01-20 02:32:00.001000 | interval=1m
2026-01-20 12:32:44,982 | WARNING | binance_fetcher | No more klines returned from Binance.
2026-01-20 12:32:44,997 | INFO | binance_fetcher | Fetched 363 rows for XRPUSDT.
2026-01-20 12:32:46,187 | INFO | binance_fetcher | BinanceFuturesFetcher initialized | symbol=DOGEUSDT | interval=1m | start=2026-01-20 01:31:00 | end=now
2026-01-20 12:32:46,188 | INFO | binance_fetcher | Fetching DOGEUSDT | 2026-01-19 20:31:00 | interval=1m
2026-01-20 12:32:47,126 | INFO | binance_fetcher | Fetching DOGEUSDT | 2026-01-20 02:32:00.001000 | interval=1m
2026-01-20 12:32:47,554 | WARNING | binance_fetcher | No more klines returned from Binance.
2026-01-20 12:32:47,557 | INFO | binance_fetcher | Fetched 362 rows for DOGEUSDT.
2026-01-20 12:32:48,656 | INFO | binance_fetcher | BinanceFuturesFetcher initialized | symbol=SOLUSDT | interval=1m | start=2026-01-20 01:31:00 | end=now
2026-01-20 12:32:48,666 | INFO | binance_fetcher | Fetching SOLUSDT | 2026-01-19 20:31:00 | interval=1m
2026-01-20 12:32:49,572 | INFO | binance_fetcher | Fetching SOLUSDT | 2026-01-20 02:32:00.001000 | interval=1m
2026-01-20 12:32:49,960 | WARNING | binance_fetcher | No more klines returned from Binance.
2026-01-20 12:32:49,963 | INFO | binance_fetcher | Fetched 362 rows for SOLUSDT.
2026-01-20 12:32:51,094 | INFO | binance_fetcher | BinanceFuturesFetcher initialized | symbol=DOTUSDT | interval=1m | start=2026-01-20 01:31:00 | end=now
2026-01-20 12:32:51,098 | INFO | binance_fetcher | Fetching DOTUSDT | 2026-01-19 20:31:00 | interval=1m
2026-01-20 12:32:51,961 | INFO | binance_fetcher | Fetching DOTUSDT | 2026-01-20 02:32:00.001000 | interval=1m
2026-01-20 12:32:52,314 | WARNING | binance_fetcher | No more klines returned from Binance.
2026-01-20 12:32:52,317 | INFO | binance_fetcher | Fetched 362 rows for DOTUSDT.
2026-01-20 12:32:52,553 | INFO | binance_fetcher | BinanceFuturesFetcher initialized | symbol=MATICUSDT | interval=1m | start=2026-01-20 01:31:00 | end=now
2026-01-20 12:32:52,554 | INFO | binance_fetcher | Fetching MATICUSDT | 2026-01-19 20:31:00 | interval=1m
2026-01-20 12:32:52,981 | WARNING | binance_fetcher | No more klines returned from Binance.
2026-01-20 12:32:52,982 | WARNING | binance_fetcher | No data fetched from Binance.
2026-01-20 12:32:53,905 | INFO | binance_fetcher | BinanceFuturesFetcher initialized | symbol=LINKUSDT | interval=1m | start=2026-01-20 01:32:00 | end=now
2026-01-20 12:32:53,906 | INFO | binance_fetcher | Fetching LINKUSDT | 2026-01-19 20:32:00 | interval=1m
2026-01-20 12:32:54,931 | INFO | binance_fetcher | Fetching LINKUSDT | 2026-01-20 02:32:00.001000 | interval=1m
2026-01-20 12:32:55,422 | WARNING | binance_fetcher | No more klines returned from Binance.
2026-01-20 12:32:55,437 | INFO | binance_fetcher | Fetched 361 rows for LINKUSDT.
2026-01-20 12:33:33,095 | INFO | binance_fetcher | Binance Client initialized.
2026-01-20 12:33:34,368 | INFO | binance_fetcher | BinanceFuturesFetcher initialized | symbol=BTCUSDT | interval=1m | start=2026-01-20 02:31:00 | end=now
2026-01-20 12:33:34,368 | INFO | binance_fetcher | Fetching BTCUSDT | 2026-01-19 21:31:00 | interval=1m
2026-01-20 12:33:35,785 | INFO | binance_fetcher | Fetching BTCUSDT | 2026-01-20 02:33:00.001000 | interval=1m
2026-01-20 12:33:36,046 | WARNING | binance_fetcher | No more klines returned from Binance.
2026-01-20 12:33:36,055 | INFO | binance_fetcher | Fetched 303 rows for BTCUSDT.
2026-01-20 12:33:57,773 | INFO | binance_fetcher | Binance Client initialized.
