2026-01-19 17:42:06,934 | INFO | bybit_fetcher | Bybit HTTP client initialized.
2026-01-19 17:43:38,147 | INFO | bybit_fetcher | Bybit HTTP client initialized.
2026-01-19 17:43:38,569 | INFO | bybit_fetcher | BybitFuturesFetcher initialized | BTCUSDT | 2026-01-19 → now
2026-01-19 17:43:38,587 | INFO | bybit_fetcher | Fetching BTCUSDT from 2026-01-18 19:00:00
2026-01-19 17:43:39,436 | INFO | bybit_fetcher | Fetched RAW klines: 1000 rows
2026-01-19 17:43:40,748 | INFO | bybit_fetcher | BybitFuturesFetcher initialized | ETHUSDT | 2026-01-19 → now
2026-01-19 17:43:40,748 | INFO | bybit_fetcher | Fetching ETHUSDT from 2026-01-18 19:00:00
2026-01-19 17:43:41,545 | INFO | bybit_fetcher | Fetched RAW klines: 1000 rows
2026-01-19 17:43:42,832 | INFO | bybit_fetcher | BybitFuturesFetcher initialized | BNBUSDT | 2026-01-19 → now
2026-01-19 17:43:42,832 | INFO | bybit_fetcher | Fetching BNBUSDT from 2026-01-18 19:00:00
2026-01-19 17:43:43,395 | INFO | bybit_fetcher | Fetched RAW klines: 1000 rows
2026-01-19 17:43:44,904 | INFO | bybit_fetcher | BybitFuturesFetcher initialized | ADAUSDT | 2026-01-19 → now
2026-01-19 17:43:44,904 | INFO | bybit_fetcher | Fetching ADAUSDT from 2026-01-18 19:00:00
2026-01-19 17:43:45,452 | INFO | bybit_fetcher | Fetched RAW klines: 1000 rows
2026-01-19 17:43:46,704 | INFO | bybit_fetcher | BybitFuturesFetcher initialized | XRPUSDT | 2026-01-19 → now
2026-01-19 17:43:46,704 | INFO | bybit_fetcher | Fetching XRPUSDT from 2026-01-18 19:00:00
2026-01-19 17:43:47,265 | INFO | bybit_fetcher | Fetched RAW klines: 1000 rows
2026-01-19 17:43:48,443 | INFO | bybit_fetcher | BybitFuturesFetcher initialized | DOGEUSDT | 2026-01-19 → now
2026-01-19 17:43:48,443 | INFO | bybit_fetcher | Fetching DOGEUSDT from 2026-01-18 19:00:00
2026-01-19 17:43:49,240 | INFO | bybit_fetcher | Fetched RAW klines: 1000 rows
2026-01-19 17:43:51,124 | INFO | bybit_fetcher | BybitFuturesFetcher initialized | SOLUSDT | 2026-01-19 → now
2026-01-19 17:43:51,124 | INFO | bybit_fetcher | Fetching SOLUSDT from 2026-01-18 19:00:00
2026-01-19 17:43:51,687 | INFO | bybit_fetcher | Fetched RAW klines: 1000 rows
2026-01-19 17:43:53,194 | INFO | bybit_fetcher | BybitFuturesFetcher initialized | DOTUSDT | 2026-01-19 → now
2026-01-19 17:43:53,194 | INFO | bybit_fetcher | Fetching DOTUSDT from 2026-01-18 19:00:00
2026-01-19 17:43:53,984 | INFO | bybit_fetcher | Fetched RAW klines: 1000 rows
2026-01-19 17:43:54,523 | INFO | bybit_fetcher | BybitFuturesFetcher initialized | MATICUSDT | 2026-01-19 → now
2026-01-19 17:43:54,523 | INFO | bybit_fetcher | Fetching MATICUSDT from 2026-01-18 19:00:00
2026-01-19 17:43:54,811 | INFO | bybit_fetcher | No more klines returned.
2026-01-19 17:43:54,811 | WARNING | bybit_fetcher | No klines fetched.
2026-01-19 17:43:57,100 | INFO | bybit_fetcher | BybitFuturesFetcher initialized | LINKUSDT | 2026-01-19 → now
2026-01-19 17:43:57,101 | INFO | bybit_fetcher | Fetching LINKUSDT from 2026-01-18 19:00:00
2026-01-19 17:43:57,656 | INFO | bybit_fetcher | Fetched RAW klines: 1000 rows
2026-01-19 17:48:00,301 | INFO | bybit_fetcher | Bybit HTTP client initialized.
2026-01-19 17:48:00,895 | INFO | bybit_fetcher | BybitFuturesFetcher initialized | BTCUSDT | 2026-01-19 → now
2026-01-19 17:48:00,896 | INFO | bybit_fetcher | Fetching BTCUSDT from 2026-01-18 19:00:00
2026-01-19 17:48:01,794 | INFO | bybit_fetcher | Fetched RAW klines: 1000 rows
2026-01-19 17:48:02,218 | INFO | bybit_fetcher | BybitFuturesFetcher initialized | ETHUSDT | 2026-01-19 → now
2026-01-19 17:48:02,218 | INFO | bybit_fetcher | Fetching ETHUSDT from 2026-01-18 19:00:00
2026-01-19 17:48:02,783 | INFO | bybit_fetcher | Fetched RAW klines: 1000 rows
2026-01-19 17:48:03,168 | INFO | bybit_fetcher | BybitFuturesFetcher initialized | BNBUSDT | 2026-01-19 → now
2026-01-19 17:48:03,168 | INFO | bybit_fetcher | Fetching BNBUSDT from 2026-01-18 19:00:00
2026-01-19 17:48:03,948 | INFO | bybit_fetcher | Fetched RAW klines: 1000 rows
2026-01-19 17:48:04,333 | INFO | bybit_fetcher | BybitFuturesFetcher initialized | ADAUSDT | 2026-01-19 → now
2026-01-19 17:48:04,333 | INFO | bybit_fetcher | Fetching ADAUSDT from 2026-01-18 19:00:00
2026-01-19 17:48:04,899 | INFO | bybit_fetcher | Fetched RAW klines: 1000 rows
2026-01-19 17:48:05,284 | INFO | bybit_fetcher | BybitFuturesFetcher initialized | XRPUSDT | 2026-01-19 → now
2026-01-19 17:48:05,284 | INFO | bybit_fetcher | Fetching XRPUSDT from 2026-01-18 19:00:00
2026-01-19 17:48:05,841 | INFO | bybit_fetcher | Fetched RAW klines: 1000 rows
2026-01-19 17:48:06,228 | INFO | bybit_fetcher | BybitFuturesFetcher initialized | DOGEUSDT | 2026-01-19 → now
2026-01-19 17:48:06,228 | INFO | bybit_fetcher | Fetching DOGEUSDT from 2026-01-18 19:00:00
2026-01-19 17:48:07,019 | INFO | bybit_fetcher | Fetched RAW klines: 1000 rows
2026-01-19 17:48:07,415 | INFO | bybit_fetcher | BybitFuturesFetcher initialized | SOLUSDT | 2026-01-19 → now
2026-01-19 17:48:07,415 | INFO | bybit_fetcher | Fetching SOLUSDT from 2026-01-18 19:00:00
2026-01-19 17:48:07,975 | INFO | bybit_fetcher | Fetched RAW klines: 1000 rows
2026-01-19 17:48:08,355 | INFO | bybit_fetcher | BybitFuturesFetcher initialized | DOTUSDT | 2026-01-19 → now
2026-01-19 17:48:08,355 | INFO | bybit_fetcher | Fetching DOTUSDT from 2026-01-18 19:00:00
2026-01-19 17:48:08,914 | INFO | bybit_fetcher | Fetched RAW klines: 1000 rows
2026-01-19 17:48:09,105 | INFO | bybit_fetcher | BybitFuturesFetcher initialized | MATICUSDT | 2026-01-19 → now
2026-01-19 17:48:09,105 | INFO | bybit_fetcher | Fetching MATICUSDT from 2026-01-18 19:00:00
2026-01-19 17:48:09,389 | INFO | bybit_fetcher | No more klines returned.
2026-01-19 17:48:09,389 | WARNING | bybit_fetcher | No klines fetched.
2026-01-19 17:48:09,629 | INFO | bybit_fetcher | BybitFuturesFetcher initialized | LINKUSDT | 2026-01-19 → now
2026-01-19 17:48:09,629 | INFO | bybit_fetcher | Fetching LINKUSDT from 2026-01-18 19:00:00
2026-01-19 17:48:10,408 | INFO | bybit_fetcher | Fetched RAW klines: 1000 rows
2026-01-20 09:48:25,168 | INFO | bybit_fetcher | Bybit HTTP client initialized.
2026-01-20 09:48:26,469 | INFO | bybit_fetcher | BybitFuturesFetcher initialized | BTCUSDT | 2026-01-19 → now
2026-01-20 09:48:26,488 | INFO | bybit_fetcher | Fetching BTCUSDT from 2026-01-18 19:00:00
2026-01-20 09:48:27,425 | INFO | bybit_fetcher | Fetching BTCUSDT from 2026-01-19 11:40:00
2026-01-20 09:48:27,821 | INFO | bybit_fetcher | Fetched RAW klines: 2000 rows
2026-01-20 09:48:29,666 | INFO | bybit_fetcher | BybitFuturesFetcher initialized | ETHUSDT | 2026-01-19 → now
2026-01-20 09:48:29,666 | INFO | bybit_fetcher | Fetching ETHUSDT from 2026-01-18 19:00:00
2026-01-20 09:48:30,063 | INFO | bybit_fetcher | Fetching ETHUSDT from 2026-01-19 11:40:00
2026-01-20 09:48:30,466 | INFO | bybit_fetcher | Fetched RAW klines: 2000 rows
2026-01-20 09:48:32,221 | INFO | bybit_fetcher | BybitFuturesFetcher initialized | BNBUSDT | 2026-01-19 → now
2026-01-20 09:48:32,221 | INFO | bybit_fetcher | Fetching BNBUSDT from 2026-01-18 19:00:00
2026-01-20 09:48:32,620 | INFO | bybit_fetcher | Fetching BNBUSDT from 2026-01-19 11:40:00
2026-01-20 09:48:33,021 | INFO | bybit_fetcher | Fetched RAW klines: 2000 rows
2026-01-20 09:48:34,743 | INFO | bybit_fetcher | BybitFuturesFetcher initialized | ADAUSDT | 2026-01-19 → now
2026-01-20 09:48:34,743 | INFO | bybit_fetcher | Fetching ADAUSDT from 2026-01-18 19:00:00
2026-01-20 09:48:35,145 | INFO | bybit_fetcher | Fetching ADAUSDT from 2026-01-19 11:40:00
2026-01-20 09:48:35,550 | INFO | bybit_fetcher | Fetched RAW klines: 2000 rows
2026-01-20 09:48:37,816 | INFO | bybit_fetcher | BybitFuturesFetcher initialized | XRPUSDT | 2026-01-19 → now
2026-01-20 09:48:37,816 | INFO | bybit_fetcher | Fetching XRPUSDT from 2026-01-18 19:00:00
2026-01-20 09:48:38,343 | INFO | bybit_fetcher | Fetching XRPUSDT from 2026-01-19 11:40:00
2026-01-20 09:48:38,736 | INFO | bybit_fetcher | Fetched RAW klines: 2000 rows
2026-01-20 09:48:40,464 | INFO | bybit_fetcher | BybitFuturesFetcher initialized | DOGEUSDT | 2026-01-19 → now
2026-01-20 09:48:40,464 | INFO | bybit_fetcher | Fetching DOGEUSDT from 2026-01-18 19:00:00
2026-01-20 09:48:40,866 | INFO | bybit_fetcher | Fetching DOGEUSDT from 2026-01-19 11:40:00
2026-01-20 09:48:41,262 | INFO | bybit_fetcher | Fetched RAW klines: 2000 rows
2026-01-20 09:48:43,897 | INFO | bybit_fetcher | BybitFuturesFetcher initialized | SOLUSDT | 2026-01-19 → now
2026-01-20 09:48:43,897 | INFO | bybit_fetcher | Fetching SOLUSDT from 2026-01-18 19:00:00
2026-01-20 09:48:44,291 | INFO | bybit_fetcher | Fetching SOLUSDT from 2026-01-19 11:40:00
2026-01-20 09:48:44,687 | INFO | bybit_fetcher | Fetched RAW klines: 2000 rows
2026-01-20 09:48:46,529 | INFO | bybit_fetcher | BybitFuturesFetcher initialized | DOTUSDT | 2026-01-19 → now
2026-01-20 09:48:46,529 | INFO | bybit_fetcher | Fetching DOTUSDT from 2026-01-18 19:00:00
2026-01-20 09:48:46,932 | INFO | bybit_fetcher | Fetching DOTUSDT from 2026-01-19 11:40:00
2026-01-20 09:48:47,336 | INFO | bybit_fetcher | Fetched RAW klines: 2000 rows
2026-01-20 09:48:48,150 | INFO | bybit_fetcher | BybitFuturesFetcher initialized | MATICUSDT | 2026-01-19 → now
2026-01-20 09:48:48,151 | INFO | bybit_fetcher | Fetching MATICUSDT from 2026-01-18 19:00:00
2026-01-20 09:48:48,280 | INFO | bybit_fetcher | No more klines returned.
2026-01-20 09:48:48,280 | WARNING | bybit_fetcher | No klines fetched.
2026-01-20 09:48:49,350 | INFO | bybit_fetcher | BybitFuturesFetcher initialized | LINKUSDT | 2026-01-19 → now
2026-01-20 09:48:49,366 | INFO | bybit_fetcher | Fetching LINKUSDT from 2026-01-18 19:00:00
2026-01-20 09:48:49,761 | INFO | bybit_fetcher | Fetching LINKUSDT from 2026-01-19 11:40:00
2026-01-20 09:48:50,151 | INFO | bybit_fetcher | Fetched RAW klines: 2000 rows
2026-01-20 10:51:22,907 | INFO | bybit_fetcher | Bybit HTTP client initialized.
2026-01-20 10:51:23,692 | INFO | bybit_fetcher | BybitFuturesFetcher initialized | BTCUSDT | 2026-01-06 → now
2026-01-20 10:51:23,692 | INFO | bybit_fetcher | Fetching BTCUSDT from 2026-01-05 19:00:00
2026-01-20 10:51:24,939 | INFO | bybit_fetcher | Fetching BTCUSDT from 2026-01-06 11:40:00
2026-01-20 10:51:26,008 | INFO | bybit_fetcher | Fetching BTCUSDT from 2026-01-07 04:20:00
2026-01-20 10:51:26,660 | INFO | bybit_fetcher | Fetching BTCUSDT from 2026-01-07 21:00:00
2026-01-20 10:51:27,488 | INFO | bybit_fetcher | Fetching BTCUSDT from 2026-01-08 13:40:00
2026-01-20 10:51:28,562 | INFO | bybit_fetcher | Fetching BTCUSDT from 2026-01-09 06:20:00
2026-01-20 10:51:30,293 | INFO | bybit_fetcher | Fetching BTCUSDT from 2026-01-09 23:00:00
2026-01-20 10:51:31,848 | INFO | bybit_fetcher | Fetching BTCUSDT from 2026-01-10 15:40:00
2026-01-20 10:51:33,410 | INFO | bybit_fetcher | Fetching BTCUSDT from 2026-01-11 08:20:00
2026-01-20 10:51:34,246 | INFO | bybit_fetcher | Fetching BTCUSDT from 2026-01-12 01:00:00
2026-01-20 10:51:34,832 | INFO | bybit_fetcher | Fetching BTCUSDT from 2026-01-12 17:40:00
2026-01-20 10:51:35,421 | INFO | bybit_fetcher | Fetching BTCUSDT from 2026-01-13 10:20:00
2026-01-20 10:51:36,013 | INFO | bybit_fetcher | Fetching BTCUSDT from 2026-01-14 03:00:00
2026-01-20 10:51:36,601 | INFO | bybit_fetcher | Fetching BTCUSDT from 2026-01-14 19:40:00
2026-01-20 10:51:38,139 | INFO | bybit_fetcher | Fetching BTCUSDT from 2026-01-15 12:20:00
2026-01-20 10:51:39,679 | INFO | bybit_fetcher | Fetching BTCUSDT from 2026-01-16 05:00:00
2026-01-20 10:51:40,744 | INFO | bybit_fetcher | Fetching BTCUSDT from 2026-01-16 21:40:00
2026-01-20 10:51:41,565 | INFO | bybit_fetcher | Fetching BTCUSDT from 2026-01-17 14:20:00
2026-01-20 10:51:43,102 | INFO | bybit_fetcher | Fetching BTCUSDT from 2026-01-18 07:00:00
2026-01-20 10:51:44,661 | INFO | bybit_fetcher | Fetching BTCUSDT from 2026-01-18 23:40:00
2026-01-20 10:51:45,273 | INFO | bybit_fetcher | Fetching BTCUSDT from 2026-01-19 16:20:00
2026-01-20 10:51:46,030 | INFO | bybit_fetcher | Fetched RAW klines: 20807 rows
2026-01-20 10:54:40,534 | INFO | bybit_fetcher | Bybit HTTP client initialized.
2026-01-20 10:58:59,621 | INFO | bybit_fetcher | Bybit HTTP client initialized.
2026-01-20 10:59:16,906 | INFO | bybit_fetcher | Bybit HTTP client initialized.
2026-01-20 10:59:17,299 | INFO | bybit_fetcher | BybitFuturesFetcher initialized | BTCUSDT | 2026-01-06 → now
2026-01-20 10:59:17,300 | INFO | bybit_fetcher | Fetching BTCUSDT from 2026-01-05 19:00:00
2026-01-20 10:59:18,311 | INFO | bybit_fetcher | Fetching BTCUSDT from 2026-01-06 11:40:00
2026-01-20 10:59:19,389 | INFO | bybit_fetcher | Fetching BTCUSDT from 2026-01-07 04:20:00
2026-01-20 10:59:20,002 | INFO | bybit_fetcher | Fetching BTCUSDT from 2026-01-07 21:00:00
2026-01-20 10:59:21,544 | INFO | bybit_fetcher | Fetching BTCUSDT from 2026-01-08 13:40:00
2026-01-20 10:59:22,609 | INFO | bybit_fetcher | Fetching BTCUSDT from 2026-01-09 06:20:00
2026-01-20 10:59:24,154 | INFO | bybit_fetcher | Fetching BTCUSDT from 2026-01-09 23:00:00
2026-01-20 10:59:25,699 | INFO | bybit_fetcher | Fetching BTCUSDT from 2026-01-10 15:40:00
2026-01-20 10:59:26,769 | INFO | bybit_fetcher | Fetching BTCUSDT from 2026-01-11 08:20:00
2026-01-20 10:59:27,842 | INFO | bybit_fetcher | Fetching BTCUSDT from 2026-01-12 01:00:00
2026-01-20 10:59:28,689 | INFO | bybit_fetcher | Fetching BTCUSDT from 2026-01-12 17:40:00
2026-01-20 10:59:30,245 | INFO | bybit_fetcher | Fetching BTCUSDT from 2026-01-13 10:20:00
2026-01-20 10:59:31,790 | INFO | bybit_fetcher | Fetching BTCUSDT from 2026-01-14 03:00:00
2026-01-20 10:59:32,864 | INFO | bybit_fetcher | Fetching BTCUSDT from 2026-01-14 19:40:00
2026-01-20 10:59:34,027 | INFO | bybit_fetcher | Fetching BTCUSDT from 2026-01-15 12:20:00
2026-01-20 10:59:35,589 | INFO | bybit_fetcher | Fetching BTCUSDT from 2026-01-16 05:00:00
2026-01-20 10:59:36,699 | INFO | bybit_fetcher | Fetching BTCUSDT from 2026-01-16 21:40:00
2026-01-20 10:59:37,828 | INFO | bybit_fetcher | Fetching BTCUSDT from 2026-01-17 14:20:00
2026-01-20 10:59:38,454 | INFO | bybit_fetcher | Fetching BTCUSDT from 2026-01-18 07:00:00
2026-01-20 10:59:39,284 | INFO | bybit_fetcher | Fetching BTCUSDT from 2026-01-18 23:40:00
2026-01-20 10:59:40,227 | INFO | bybit_fetcher | Fetching BTCUSDT from 2026-01-19 16:20:00
2026-01-20 10:59:40,858 | INFO | bybit_fetcher | Fetched RAW klines: 20815 rows
2026-01-20 10:59:53,445 | INFO | bybit_fetcher | BybitFuturesFetcher initialized | ETHUSDT | 2026-01-06 → now
2026-01-20 10:59:53,446 | INFO | bybit_fetcher | Fetching ETHUSDT from 2026-01-05 19:00:00
2026-01-20 10:59:54,036 | INFO | bybit_fetcher | Fetching ETHUSDT from 2026-01-06 11:40:00
2026-01-20 10:59:54,628 | INFO | bybit_fetcher | Fetching ETHUSDT from 2026-01-07 04:20:00
2026-01-20 10:59:55,694 | INFO | bybit_fetcher | Fetching ETHUSDT from 2026-01-07 21:00:00
2026-01-20 10:59:56,541 | INFO | bybit_fetcher | Fetching ETHUSDT from 2026-01-08 13:40:00
2026-01-20 10:59:57,600 | INFO | bybit_fetcher | Fetching ETHUSDT from 2026-01-09 06:20:00
2026-01-20 10:59:58,197 | INFO | bybit_fetcher | Fetching ETHUSDT from 2026-01-09 23:00:00
2026-01-20 10:59:59,050 | INFO | bybit_fetcher | Fetching ETHUSDT from 2026-01-10 15:40:00
2026-01-20 10:59:59,649 | INFO | bybit_fetcher | Fetching ETHUSDT from 2026-01-11 08:20:00
2026-01-20 11:00:00,739 | INFO | bybit_fetcher | Fetching ETHUSDT from 2026-01-12 01:00:00
2026-01-20 11:00:01,808 | INFO | bybit_fetcher | Fetching ETHUSDT from 2026-01-12 17:40:00
2026-01-20 11:00:03,351 | INFO | bybit_fetcher | Fetching ETHUSDT from 2026-01-13 10:20:00
2026-01-20 11:00:04,193 | INFO | bybit_fetcher | Fetching ETHUSDT from 2026-01-14 03:00:00
2026-01-20 11:00:05,259 | INFO | bybit_fetcher | Fetching ETHUSDT from 2026-01-14 19:40:00
2026-01-20 11:00:06,375 | INFO | bybit_fetcher | Fetching ETHUSDT from 2026-01-15 12:20:00
2026-01-20 11:00:06,966 | INFO | bybit_fetcher | Fetching ETHUSDT from 2026-01-16 05:00:00
2026-01-20 11:00:07,816 | INFO | bybit_fetcher | Fetching ETHUSDT from 2026-01-16 21:40:00
2026-01-20 11:00:08,406 | INFO | bybit_fetcher | Fetching ETHUSDT from 2026-01-17 14:20:00
2026-01-20 11:00:09,241 | INFO | bybit_fetcher | Fetching ETHUSDT from 2026-01-18 07:00:00
2026-01-20 11:00:09,823 | INFO | bybit_fetcher | Fetching ETHUSDT from 2026-01-18 23:40:00
2026-01-20 11:00:11,198 | INFO | bybit_fetcher | Fetching ETHUSDT from 2026-01-19 16:20:00
2026-01-20 11:00:12,263 | INFO | bybit_fetcher | Fetched RAW klines: 20815 rows
2026-01-20 11:00:26,859 | INFO | bybit_fetcher | BybitFuturesFetcher initialized | BNBUSDT | 2026-01-06 → now
2026-01-20 11:00:26,859 | INFO | bybit_fetcher | Fetching BNBUSDT from 2026-01-05 19:00:00
2026-01-20 11:00:27,445 | INFO | bybit_fetcher | Fetching BNBUSDT from 2026-01-06 11:40:00
2026-01-20 11:00:28,037 | INFO | bybit_fetcher | Fetching BNBUSDT from 2026-01-07 04:20:00
2026-01-20 11:00:28,859 | INFO | bybit_fetcher | Fetching BNBUSDT from 2026-01-07 21:00:00
2026-01-20 11:00:29,928 | INFO | bybit_fetcher | Fetching BNBUSDT from 2026-01-08 13:40:00
2026-01-20 11:00:30,757 | INFO | bybit_fetcher | Fetching BNBUSDT from 2026-01-09 06:20:00
2026-01-20 11:00:32,289 | INFO | bybit_fetcher | Fetching BNBUSDT from 2026-01-09 23:00:00
2026-01-20 11:00:33,112 | INFO | bybit_fetcher | Fetching BNBUSDT from 2026-01-10 15:40:00
2026-01-20 11:00:34,169 | INFO | bybit_fetcher | Fetching BNBUSDT from 2026-01-11 08:20:00
2026-01-20 11:00:35,253 | INFO | bybit_fetcher | Fetching BNBUSDT from 2026-01-12 01:00:00
2026-01-20 11:00:35,868 | INFO | bybit_fetcher | Fetching BNBUSDT from 2026-01-12 17:40:00
2026-01-20 11:00:37,406 | INFO | bybit_fetcher | Fetching BNBUSDT from 2026-01-13 10:20:00
2026-01-20 11:00:38,230 | INFO | bybit_fetcher | Fetching BNBUSDT from 2026-01-14 03:00:00
2026-01-20 11:00:39,053 | INFO | bybit_fetcher | Fetching BNBUSDT from 2026-01-14 19:40:00
2026-01-20 11:00:39,876 | INFO | bybit_fetcher | Fetching BNBUSDT from 2026-01-15 12:20:00
2026-01-20 11:00:41,414 | INFO | bybit_fetcher | Fetching BNBUSDT from 2026-01-16 05:00:00
2026-01-20 11:00:42,076 | INFO | bybit_fetcher | Fetching BNBUSDT from 2026-01-16 21:40:00
2026-01-20 11:00:42,933 | INFO | bybit_fetcher | Fetching BNBUSDT from 2026-01-17 14:20:00
2026-01-20 11:00:44,494 | INFO | bybit_fetcher | Fetching BNBUSDT from 2026-01-18 07:00:00
2026-01-20 11:00:45,551 | INFO | bybit_fetcher | Fetching BNBUSDT from 2026-01-18 23:40:00
2026-01-20 11:00:47,078 | INFO | bybit_fetcher | Fetching BNBUSDT from 2026-01-19 16:20:00
2026-01-20 11:00:48,165 | INFO | bybit_fetcher | Fetched RAW klines: 20816 rows
2026-01-20 11:00:58,799 | INFO | bybit_fetcher | BybitFuturesFetcher initialized | ADAUSDT | 2026-01-06 → now
2026-01-20 11:00:58,799 | INFO | bybit_fetcher | Fetching ADAUSDT from 2026-01-05 19:00:00
2026-01-20 11:00:59,387 | INFO | bybit_fetcher | Fetching ADAUSDT from 2026-01-06 11:40:00
2026-01-20 11:01:00,214 | INFO | bybit_fetcher | Fetching ADAUSDT from 2026-01-07 04:20:00
2026-01-20 11:01:00,808 | INFO | bybit_fetcher | Fetching ADAUSDT from 2026-01-07 21:00:00
2026-01-20 11:01:01,888 | INFO | bybit_fetcher | Fetching ADAUSDT from 2026-01-08 13:40:00
2026-01-20 11:01:03,433 | INFO | bybit_fetcher | Fetching ADAUSDT from 2026-01-09 06:20:00
2026-01-20 11:01:04,044 | INFO | bybit_fetcher | Fetching ADAUSDT from 2026-01-09 23:00:00
2026-01-20 11:01:05,115 | INFO | bybit_fetcher | Fetching ADAUSDT from 2026-01-10 15:40:00
2026-01-20 11:01:05,945 | INFO | bybit_fetcher | Fetching ADAUSDT from 2026-01-11 08:20:00
2026-01-20 11:01:07,490 | INFO | bybit_fetcher | Fetching ADAUSDT from 2026-01-12 01:00:00
2026-01-20 11:01:08,318 | INFO | bybit_fetcher | Fetching ADAUSDT from 2026-01-12 17:40:00
2026-01-20 11:01:08,916 | INFO | bybit_fetcher | Fetching ADAUSDT from 2026-01-13 10:20:00
2026-01-20 11:01:09,530 | INFO | bybit_fetcher | Fetching ADAUSDT from 2026-01-14 03:00:00
2026-01-20 11:01:11,066 | INFO | bybit_fetcher | Fetching ADAUSDT from 2026-01-14 19:40:00
2026-01-20 11:01:11,655 | INFO | bybit_fetcher | Fetching ADAUSDT from 2026-01-15 12:20:00
2026-01-20 11:01:13,202 | INFO | bybit_fetcher | Fetching ADAUSDT from 2026-01-16 05:00:00
2026-01-20 11:01:14,733 | INFO | bybit_fetcher | Fetching ADAUSDT from 2026-01-16 21:40:00
2026-01-20 11:01:16,283 | INFO | bybit_fetcher | Fetching ADAUSDT from 2026-01-17 14:20:00
2026-01-20 11:01:17,820 | INFO | bybit_fetcher | Fetching ADAUSDT from 2026-01-18 07:00:00
2026-01-20 11:01:18,398 | INFO | bybit_fetcher | Fetching ADAUSDT from 2026-01-18 23:40:00
2026-01-20 11:01:18,984 | INFO | bybit_fetcher | Fetching ADAUSDT from 2026-01-19 16:20:00
2026-01-20 11:01:20,533 | INFO | bybit_fetcher | Fetched RAW klines: 20816 rows
2026-01-20 11:01:31,660 | INFO | bybit_fetcher | BybitFuturesFetcher initialized | XRPUSDT | 2026-01-06 → now
2026-01-20 11:01:31,661 | INFO | bybit_fetcher | Fetching XRPUSDT from 2026-01-05 19:00:00
2026-01-20 11:01:32,260 | INFO | bybit_fetcher | Fetching XRPUSDT from 2026-01-06 11:40:00
2026-01-20 11:01:33,110 | INFO | bybit_fetcher | Fetching XRPUSDT from 2026-01-07 04:20:00
2026-01-20 11:01:34,654 | INFO | bybit_fetcher | Fetching XRPUSDT from 2026-01-07 21:00:00
2026-01-20 11:01:35,735 | INFO | bybit_fetcher | Fetching XRPUSDT from 2026-01-08 13:40:00
2026-01-20 11:01:37,283 | INFO | bybit_fetcher | Fetching XRPUSDT from 2026-01-09 06:20:00
2026-01-20 11:01:38,350 | INFO | bybit_fetcher | Fetching XRPUSDT from 2026-01-09 23:00:00
2026-01-20 11:01:39,173 | INFO | bybit_fetcher | Fetching XRPUSDT from 2026-01-10 15:40:00
2026-01-20 11:01:40,000 | INFO | bybit_fetcher | Fetching XRPUSDT from 2026-01-11 08:20:00
2026-01-20 11:01:40,591 | INFO | bybit_fetcher | Fetching XRPUSDT from 2026-01-12 01:00:00
2026-01-20 11:01:42,153 | INFO | bybit_fetcher | Fetching XRPUSDT from 2026-01-12 17:40:00
2026-01-20 11:01:43,248 | INFO | bybit_fetcher | Fetching XRPUSDT from 2026-01-13 10:20:00
2026-01-20 11:01:43,836 | INFO | bybit_fetcher | Fetching XRPUSDT from 2026-01-14 03:00:00
2026-01-20 11:01:44,899 | INFO | bybit_fetcher | Fetching XRPUSDT from 2026-01-14 19:40:00
2026-01-20 11:01:46,452 | INFO | bybit_fetcher | Fetching XRPUSDT from 2026-01-15 12:20:00
2026-01-20 11:01:47,046 | INFO | bybit_fetcher | Fetching XRPUSDT from 2026-01-16 05:00:00
2026-01-20 11:01:48,117 | INFO | bybit_fetcher | Fetching XRPUSDT from 2026-01-16 21:40:00
2026-01-20 11:01:49,658 | INFO | bybit_fetcher | Fetching XRPUSDT from 2026-01-17 14:20:00
2026-01-20 11:01:50,787 | INFO | bybit_fetcher | Fetching XRPUSDT from 2026-01-18 07:00:00
2026-01-20 11:01:51,366 | INFO | bybit_fetcher | Fetching XRPUSDT from 2026-01-18 23:40:00
2026-01-20 11:01:52,183 | INFO | bybit_fetcher | Fetching XRPUSDT from 2026-01-19 16:20:00
2026-01-20 11:01:52,774 | INFO | bybit_fetcher | Fetched RAW klines: 20817 rows
2026-01-20 11:02:04,852 | INFO | bybit_fetcher | BybitFuturesFetcher initialized | DOGEUSDT | 2026-01-06 → now
2026-01-20 11:02:04,852 | INFO | bybit_fetcher | Fetching DOGEUSDT from 2026-01-05 19:00:00
2026-01-20 11:02:05,443 | INFO | bybit_fetcher | Fetching DOGEUSDT from 2026-01-06 11:40:00
2026-01-20 11:02:06,032 | INFO | bybit_fetcher | Fetching DOGEUSDT from 2026-01-07 04:20:00
2026-01-20 11:02:07,578 | INFO | bybit_fetcher | Fetching DOGEUSDT from 2026-01-07 21:00:00
2026-01-20 11:02:08,646 | INFO | bybit_fetcher | Fetching DOGEUSDT from 2026-01-08 13:40:00
2026-01-20 11:02:09,240 | INFO | bybit_fetcher | Fetching DOGEUSDT from 2026-01-09 06:20:00
2026-01-20 11:02:09,838 | INFO | bybit_fetcher | Fetching DOGEUSDT from 2026-01-09 23:00:00
2026-01-20 11:02:10,424 | INFO | bybit_fetcher | Fetching DOGEUSDT from 2026-01-10 15:40:00
2026-01-20 11:02:11,250 | INFO | bybit_fetcher | Fetching DOGEUSDT from 2026-01-11 08:20:00
2026-01-20 11:02:11,842 | INFO | bybit_fetcher | Fetching DOGEUSDT from 2026-01-12 01:00:00
2026-01-20 11:02:13,378 | INFO | bybit_fetcher | Fetching DOGEUSDT from 2026-01-12 17:40:00
2026-01-20 11:02:13,969 | INFO | bybit_fetcher | Fetching DOGEUSDT from 2026-01-13 10:20:00
2026-01-20 11:02:15,519 | INFO | bybit_fetcher | Fetching DOGEUSDT from 2026-01-14 03:00:00
2026-01-20 11:02:17,059 | INFO | bybit_fetcher | Fetching DOGEUSDT from 2026-01-14 19:40:00
2026-01-20 11:02:18,131 | INFO | bybit_fetcher | Fetching DOGEUSDT from 2026-01-15 12:20:00
2026-01-20 11:02:19,702 | INFO | bybit_fetcher | Fetching DOGEUSDT from 2026-01-16 05:00:00
2026-01-20 11:02:20,319 | INFO | bybit_fetcher | Fetching DOGEUSDT from 2026-01-16 21:40:00
2026-01-20 11:02:21,386 | INFO | bybit_fetcher | Fetching DOGEUSDT from 2026-01-17 14:20:00
2026-01-20 11:02:22,449 | INFO | bybit_fetcher | Fetching DOGEUSDT from 2026-01-18 07:00:00
2026-01-20 11:02:23,512 | INFO | bybit_fetcher | Fetching DOGEUSDT from 2026-01-18 23:40:00
2026-01-20 11:02:24,565 | INFO | bybit_fetcher | Fetching DOGEUSDT from 2026-01-19 16:20:00
2026-01-20 11:02:25,650 | INFO | bybit_fetcher | Fetched RAW klines: 20817 rows
2026-01-20 11:02:37,691 | INFO | bybit_fetcher | BybitFuturesFetcher initialized | SOLUSDT | 2026-01-06 → now
2026-01-20 11:02:37,691 | INFO | bybit_fetcher | Fetching SOLUSDT from 2026-01-05 19:00:00
2026-01-20 11:02:39,222 | INFO | bybit_fetcher | Fetching SOLUSDT from 2026-01-06 11:40:00
2026-01-20 11:02:40,281 | INFO | bybit_fetcher | Fetching SOLUSDT from 2026-01-07 04:20:00
2026-01-20 11:02:41,355 | INFO | bybit_fetcher | Fetching SOLUSDT from 2026-01-07 21:00:00
2026-01-20 11:02:42,427 | INFO | bybit_fetcher | Fetching SOLUSDT from 2026-01-08 13:40:00
2026-01-20 11:02:43,486 | INFO | bybit_fetcher | Fetching SOLUSDT from 2026-01-09 06:20:00
2026-01-20 11:02:44,580 | INFO | bybit_fetcher | Fetching SOLUSDT from 2026-01-09 23:00:00
2026-01-20 11:02:45,165 | INFO | bybit_fetcher | Fetching SOLUSDT from 2026-01-10 15:40:00
2026-01-20 11:02:45,749 | INFO | bybit_fetcher | Fetching SOLUSDT from 2026-01-11 08:20:00
2026-01-20 11:02:46,332 | INFO | bybit_fetcher | Fetching SOLUSDT from 2026-01-12 01:00:00
2026-01-20 11:02:46,919 | INFO | bybit_fetcher | Fetching SOLUSDT from 2026-01-12 17:40:00
2026-01-20 11:02:47,985 | INFO | bybit_fetcher | Fetching SOLUSDT from 2026-01-13 10:20:00
2026-01-20 11:02:49,536 | INFO | bybit_fetcher | Fetching SOLUSDT from 2026-01-14 03:00:00
2026-01-20 11:02:50,606 | INFO | bybit_fetcher | Fetching SOLUSDT from 2026-01-14 19:40:00
2026-01-20 11:02:51,198 | INFO | bybit_fetcher | Fetching SOLUSDT from 2026-01-15 12:20:00
2026-01-20 11:02:51,787 | INFO | bybit_fetcher | Fetching SOLUSDT from 2026-01-16 05:00:00
2026-01-20 11:02:52,611 | INFO | bybit_fetcher | Fetching SOLUSDT from 2026-01-16 21:40:00
2026-01-20 11:02:53,211 | INFO | bybit_fetcher | Fetching SOLUSDT from 2026-01-17 14:20:00
2026-01-20 11:02:54,027 | INFO | bybit_fetcher | Fetching SOLUSDT from 2026-01-18 07:00:00
2026-01-20 11:02:55,084 | INFO | bybit_fetcher | Fetching SOLUSDT from 2026-01-18 23:40:00
2026-01-20 11:02:55,960 | INFO | bybit_fetcher | Fetching SOLUSDT from 2026-01-19 16:20:00
2026-01-20 11:02:57,497 | INFO | bybit_fetcher | Fetched RAW klines: 20818 rows
2026-01-20 11:03:10,039 | INFO | bybit_fetcher | BybitFuturesFetcher initialized | DOTUSDT | 2026-01-06 → now
2026-01-20 11:03:10,039 | INFO | bybit_fetcher | Fetching DOTUSDT from 2026-01-05 19:00:00
2026-01-20 11:03:10,628 | INFO | bybit_fetcher | Fetching DOTUSDT from 2026-01-06 11:40:00
2026-01-20 11:03:11,456 | INFO | bybit_fetcher | Fetching DOTUSDT from 2026-01-07 04:20:00
2026-01-20 11:03:12,102 | INFO | bybit_fetcher | Fetching DOTUSDT from 2026-01-07 21:00:00
2026-01-20 11:03:12,690 | INFO | bybit_fetcher | Fetching DOTUSDT from 2026-01-08 13:40:00
2026-01-20 11:03:14,230 | INFO | bybit_fetcher | Fetching DOTUSDT from 2026-01-09 06:20:00
2026-01-20 11:03:15,058 | INFO | bybit_fetcher | Fetching DOTUSDT from 2026-01-09 23:00:00
2026-01-20 11:03:16,602 | INFO | bybit_fetcher | Fetching DOTUSDT from 2026-01-10 15:40:00
2026-01-20 11:03:18,176 | INFO | bybit_fetcher | Fetching DOTUSDT from 2026-01-11 08:20:00
2026-01-20 11:03:19,727 | INFO | bybit_fetcher | Fetching DOTUSDT from 2026-01-12 01:00:00
2026-01-20 11:03:20,791 | INFO | bybit_fetcher | Fetching DOTUSDT from 2026-01-12 17:40:00
2026-01-20 11:03:21,613 | INFO | bybit_fetcher | Fetching DOTUSDT from 2026-01-13 10:20:00
2026-01-20 11:03:23,156 | INFO | bybit_fetcher | Fetching DOTUSDT from 2026-01-14 03:00:00
2026-01-20 11:03:23,754 | INFO | bybit_fetcher | Fetching DOTUSDT from 2026-01-14 19:40:00
2026-01-20 11:03:24,340 | INFO | bybit_fetcher | Fetching DOTUSDT from 2026-01-15 12:20:00
2026-01-20 11:03:25,182 | INFO | bybit_fetcher | Fetching DOTUSDT from 2026-01-16 05:00:00
2026-01-20 11:03:26,720 | INFO | bybit_fetcher | Fetching DOTUSDT from 2026-01-16 21:40:00
2026-01-20 11:03:27,542 | INFO | bybit_fetcher | Fetching DOTUSDT from 2026-01-17 14:20:00
2026-01-20 11:03:28,367 | INFO | bybit_fetcher | Fetching DOTUSDT from 2026-01-18 07:00:00
2026-01-20 11:03:28,945 | INFO | bybit_fetcher | Fetching DOTUSDT from 2026-01-18 23:40:00
2026-01-20 11:03:29,646 | INFO | bybit_fetcher | Fetching DOTUSDT from 2026-01-19 16:20:00
2026-01-20 11:03:30,234 | INFO | bybit_fetcher | Fetched RAW klines: 20818 rows
2026-01-20 11:03:43,872 | INFO | bybit_fetcher | BybitFuturesFetcher initialized | MATICUSDT | 2026-01-06 → now
2026-01-20 11:03:43,872 | INFO | bybit_fetcher | Fetching MATICUSDT from 2026-01-05 19:00:00
2026-01-20 11:03:44,670 | INFO | bybit_fetcher | No more klines returned.
2026-01-20 11:03:44,670 | WARNING | bybit_fetcher | No klines fetched.
2026-01-20 11:03:44,695 | INFO | bybit_fetcher | BybitFuturesFetcher initialized | LINKUSDT | 2026-01-06 → now
2026-01-20 11:03:44,695 | INFO | bybit_fetcher | Fetching LINKUSDT from 2026-01-05 19:00:00
2026-01-20 11:03:45,309 | INFO | bybit_fetcher | Fetching LINKUSDT from 2026-01-06 11:40:00
2026-01-20 11:03:46,132 | INFO | bybit_fetcher | Fetching LINKUSDT from 2026-01-07 04:20:00
2026-01-20 11:03:46,716 | INFO | bybit_fetcher | Fetching LINKUSDT from 2026-01-07 21:00:00
2026-01-20 11:03:47,327 | INFO | bybit_fetcher | Fetching LINKUSDT from 2026-01-08 13:40:00
2026-01-20 11:03:48,885 | INFO | bybit_fetcher | Fetching LINKUSDT from 2026-01-09 06:20:00
2026-01-20 11:03:49,706 | INFO | bybit_fetcher | Fetching LINKUSDT from 2026-01-09 23:00:00
2026-01-20 11:03:51,252 | INFO | bybit_fetcher | Fetching LINKUSDT from 2026-01-10 15:40:00
2026-01-20 11:03:52,091 | INFO | bybit_fetcher | Fetching LINKUSDT from 2026-01-11 08:20:00
2026-01-20 11:03:53,645 | INFO | bybit_fetcher | Fetching LINKUSDT from 2026-01-12 01:00:00
2026-01-20 11:03:54,234 | INFO | bybit_fetcher | Fetching LINKUSDT from 2026-01-12 17:40:00
2026-01-20 11:03:54,859 | INFO | bybit_fetcher | Fetching LINKUSDT from 2026-01-13 10:20:00
2026-01-20 11:03:55,469 | INFO | bybit_fetcher | Fetching LINKUSDT from 2026-01-14 03:00:00
2026-01-20 11:03:56,537 | INFO | bybit_fetcher | Fetching LINKUSDT from 2026-01-14 19:40:00
2026-01-20 11:03:58,129 | INFO | bybit_fetcher | Fetching LINKUSDT from 2026-01-15 12:20:00
2026-01-20 11:03:58,721 | INFO | bybit_fetcher | Fetching LINKUSDT from 2026-01-16 05:00:00
2026-01-20 11:04:00,265 | INFO | bybit_fetcher | Fetching LINKUSDT from 2026-01-16 21:40:00
2026-01-20 11:04:01,832 | INFO | bybit_fetcher | Fetching LINKUSDT from 2026-01-17 14:20:00
2026-01-20 11:04:03,368 | INFO | bybit_fetcher | Fetching LINKUSDT from 2026-01-18 07:00:00
2026-01-20 11:04:04,903 | INFO | bybit_fetcher | Fetching LINKUSDT from 2026-01-18 23:40:00
2026-01-20 11:04:05,720 | INFO | bybit_fetcher | Fetching LINKUSDT from 2026-01-19 16:20:00
2026-01-20 11:04:07,270 | INFO | bybit_fetcher | Fetched RAW klines: 20819 rows
2026-01-20 11:21:27,786 | INFO | bybit_fetcher | Bybit HTTP client initialized.
2026-01-20 11:22:20,697 | INFO | bybit_fetcher | Bybit HTTP client initialized.
2026-01-20 11:22:21,143 | INFO | bybit_fetcher | BybitFuturesFetcher initialized | BTCUSDT | 2026-01-06 → now
2026-01-20 11:22:21,146 | INFO | bybit_fetcher | Fetching BTCUSDT from 2026-01-05 19:00:00
2026-01-20 11:22:22,165 | INFO | bybit_fetcher | Fetching BTCUSDT from 2026-01-06 11:40:00
2026-01-20 11:22:23,229 | INFO | bybit_fetcher | Fetching BTCUSDT from 2026-01-07 04:20:00
2026-01-20 11:22:24,292 | INFO | bybit_fetcher | Fetching BTCUSDT from 2026-01-07 21:00:00
2026-01-20 11:22:25,350 | INFO | bybit_fetcher | Fetching BTCUSDT from 2026-01-08 13:40:00
2026-01-20 11:22:26,175 | INFO | bybit_fetcher | Fetching BTCUSDT from 2026-01-09 06:20:00
2026-01-20 11:22:26,998 | INFO | bybit_fetcher | Fetching BTCUSDT from 2026-01-09 23:00:00
2026-01-20 11:22:28,059 | INFO | bybit_fetcher | Fetching BTCUSDT from 2026-01-10 15:40:00
2026-01-20 11:22:29,153 | INFO | bybit_fetcher | Fetching BTCUSDT from 2026-01-11 08:20:00
2026-01-20 11:22:29,973 | INFO | bybit_fetcher | Fetching BTCUSDT from 2026-01-12 01:00:00
2026-01-20 11:22:30,807 | INFO | bybit_fetcher | Fetching BTCUSDT from 2026-01-12 17:40:00
2026-01-20 11:22:31,405 | INFO | bybit_fetcher | Fetching BTCUSDT from 2026-01-13 10:20:00
2026-01-20 11:22:32,226 | INFO | bybit_fetcher | Fetching BTCUSDT from 2026-01-14 03:00:00
2026-01-20 11:22:33,293 | INFO | bybit_fetcher | Fetching BTCUSDT from 2026-01-14 19:40:00
2026-01-20 11:22:34,355 | INFO | bybit_fetcher | Fetching BTCUSDT from 2026-01-15 12:20:00
2026-01-20 11:22:35,911 | INFO | bybit_fetcher | Fetching BTCUSDT from 2026-01-16 05:00:00
2026-01-20 11:22:36,976 | INFO | bybit_fetcher | Fetching BTCUSDT from 2026-01-16 21:40:00
2026-01-20 11:22:37,577 | INFO | bybit_fetcher | Fetching BTCUSDT from 2026-01-17 14:20:00
2026-01-20 11:22:39,114 | INFO | bybit_fetcher | Fetching BTCUSDT from 2026-01-18 07:00:00
2026-01-20 11:22:40,173 | INFO | bybit_fetcher | Fetching BTCUSDT from 2026-01-18 23:40:00
2026-01-20 11:22:41,010 | INFO | bybit_fetcher | Fetching BTCUSDT from 2026-01-19 16:20:00
2026-01-20 11:22:41,610 | INFO | bybit_fetcher | Fetched RAW klines: 20838 rows
2026-01-20 11:22:53,738 | INFO | bybit_fetcher | BybitFuturesFetcher initialized | ETHUSDT | 2026-01-06 → now
2026-01-20 11:22:53,739 | INFO | bybit_fetcher | Fetching ETHUSDT from 2026-01-05 19:00:00
2026-01-20 11:22:54,824 | INFO | bybit_fetcher | Fetching ETHUSDT from 2026-01-06 11:40:00
2026-01-20 11:22:55,650 | INFO | bybit_fetcher | Fetching ETHUSDT from 2026-01-07 04:20:00
2026-01-20 11:22:56,713 | INFO | bybit_fetcher | Fetching ETHUSDT from 2026-01-07 21:00:00
2026-01-20 11:22:57,309 | INFO | bybit_fetcher | Fetching ETHUSDT from 2026-01-08 13:40:00
2026-01-20 11:22:57,900 | INFO | bybit_fetcher | Fetching ETHUSDT from 2026-01-09 06:20:00
2026-01-20 11:22:59,439 | INFO | bybit_fetcher | Fetching ETHUSDT from 2026-01-09 23:00:00
2026-01-20 11:23:00,505 | INFO | bybit_fetcher | Fetching ETHUSDT from 2026-01-10 15:40:00
2026-01-20 11:23:01,340 | INFO | bybit_fetcher | Fetching ETHUSDT from 2026-01-11 08:20:00
2026-01-20 11:23:02,258 | INFO | bybit_fetcher | Fetching ETHUSDT from 2026-01-12 01:00:00
2026-01-20 11:23:02,865 | INFO | bybit_fetcher | Fetching ETHUSDT from 2026-01-12 17:40:00
2026-01-20 11:23:04,444 | INFO | bybit_fetcher | Fetching ETHUSDT from 2026-01-13 10:20:00
2026-01-20 11:23:05,267 | INFO | bybit_fetcher | Fetching ETHUSDT from 2026-01-14 03:00:00
2026-01-20 11:23:05,858 | INFO | bybit_fetcher | Fetching ETHUSDT from 2026-01-14 19:40:00
2026-01-20 11:23:07,403 | INFO | bybit_fetcher | Fetching ETHUSDT from 2026-01-15 12:20:00
2026-01-20 11:23:08,226 | INFO | bybit_fetcher | Fetching ETHUSDT from 2026-01-16 05:00:00
2026-01-20 11:23:09,769 | INFO | bybit_fetcher | Fetching ETHUSDT from 2026-01-16 21:40:00
2026-01-20 11:23:11,314 | INFO | bybit_fetcher | Fetching ETHUSDT from 2026-01-17 14:20:00
2026-01-20 11:23:11,900 | INFO | bybit_fetcher | Fetching ETHUSDT from 2026-01-18 07:00:00
2026-01-20 11:23:13,425 | INFO | bybit_fetcher | Fetching ETHUSDT from 2026-01-18 23:40:00
2026-01-20 11:23:14,002 | INFO | bybit_fetcher | Fetching ETHUSDT from 2026-01-19 16:20:00
2026-01-20 11:23:14,593 | INFO | bybit_fetcher | Fetched RAW klines: 20838 rows
2026-01-20 11:23:27,524 | INFO | bybit_fetcher | BybitFuturesFetcher initialized | BNBUSDT | 2026-01-06 → now
2026-01-20 11:23:27,524 | INFO | bybit_fetcher | Fetching BNBUSDT from 2026-01-05 19:00:00
2026-01-20 11:23:29,062 | INFO | bybit_fetcher | Fetching BNBUSDT from 2026-01-06 11:40:00
2026-01-20 11:23:30,121 | INFO | bybit_fetcher | Fetching BNBUSDT from 2026-01-07 04:20:00
2026-01-20 11:23:31,660 | INFO | bybit_fetcher | Fetching BNBUSDT from 2026-01-07 21:00:00
2026-01-20 11:23:32,719 | INFO | bybit_fetcher | Fetching BNBUSDT from 2026-01-08 13:40:00
2026-01-20 11:23:33,777 | INFO | bybit_fetcher | Fetching BNBUSDT from 2026-01-09 06:20:00
2026-01-20 11:23:34,361 | INFO | bybit_fetcher | Fetching BNBUSDT from 2026-01-09 23:00:00
2026-01-20 11:23:35,906 | INFO | bybit_fetcher | Fetching BNBUSDT from 2026-01-10 15:40:00
2026-01-20 11:23:36,963 | INFO | bybit_fetcher | Fetching BNBUSDT from 2026-01-11 08:20:00
2026-01-20 11:23:38,029 | INFO | bybit_fetcher | Fetching BNBUSDT from 2026-01-12 01:00:00
2026-01-20 11:23:39,089 | INFO | bybit_fetcher | Fetching BNBUSDT from 2026-01-12 17:40:00
2026-01-20 11:23:40,140 | INFO | bybit_fetcher | Fetching BNBUSDT from 2026-01-13 10:20:00
2026-01-20 11:23:41,234 | INFO | bybit_fetcher | Fetching BNBUSDT from 2026-01-14 03:00:00
2026-01-20 11:23:42,054 | INFO | bybit_fetcher | Fetching BNBUSDT from 2026-01-14 19:40:00
2026-01-20 11:23:42,868 | INFO | bybit_fetcher | Fetching BNBUSDT from 2026-01-15 12:20:00
2026-01-20 11:23:43,933 | INFO | bybit_fetcher | Fetching BNBUSDT from 2026-01-16 05:00:00
2026-01-20 11:23:44,812 | INFO | bybit_fetcher | Fetching BNBUSDT from 2026-01-16 21:40:00
2026-01-20 11:23:45,392 | INFO | bybit_fetcher | Fetching BNBUSDT from 2026-01-17 14:20:00
2026-01-20 11:23:46,454 | INFO | bybit_fetcher | Fetching BNBUSDT from 2026-01-18 07:00:00
2026-01-20 11:23:47,027 | INFO | bybit_fetcher | Fetching BNBUSDT from 2026-01-18 23:40:00
2026-01-20 11:23:48,083 | INFO | bybit_fetcher | Fetching BNBUSDT from 2026-01-19 16:20:00
2026-01-20 11:23:49,138 | INFO | bybit_fetcher | Fetched RAW klines: 20839 rows
2026-01-20 11:24:04,940 | INFO | bybit_fetcher | BybitFuturesFetcher initialized | ADAUSDT | 2026-01-06 → now
2026-01-20 11:24:04,941 | INFO | bybit_fetcher | Fetching ADAUSDT from 2026-01-05 19:00:00
2026-01-20 11:24:05,526 | INFO | bybit_fetcher | Fetching ADAUSDT from 2026-01-06 11:40:00
2026-01-20 11:24:06,143 | INFO | bybit_fetcher | Fetching ADAUSDT from 2026-01-07 04:20:00
2026-01-20 11:24:07,688 | INFO | bybit_fetcher | Fetching ADAUSDT from 2026-01-07 21:00:00
2026-01-20 11:24:08,510 | INFO | bybit_fetcher | Fetching ADAUSDT from 2026-01-08 13:40:00
2026-01-20 11:24:10,044 | INFO | bybit_fetcher | Fetching ADAUSDT from 2026-01-09 06:20:00
2026-01-20 11:24:11,597 | INFO | bybit_fetcher | Fetching ADAUSDT from 2026-01-09 23:00:00
2026-01-20 11:24:13,145 | INFO | bybit_fetcher | Fetching ADAUSDT from 2026-01-10 15:40:00
2026-01-20 11:24:13,979 | INFO | bybit_fetcher | Fetching ADAUSDT from 2026-01-11 08:20:00
2026-01-20 11:24:14,569 | INFO | bybit_fetcher | Fetching ADAUSDT from 2026-01-12 01:00:00
2026-01-20 11:24:15,639 | INFO | bybit_fetcher | Fetching ADAUSDT from 2026-01-12 17:40:00
2026-01-20 11:24:16,703 | INFO | bybit_fetcher | Fetching ADAUSDT from 2026-01-13 10:20:00
2026-01-20 11:24:17,759 | INFO | bybit_fetcher | Fetching ADAUSDT from 2026-01-14 03:00:00
2026-01-20 11:24:18,580 | INFO | bybit_fetcher | Fetching ADAUSDT from 2026-01-14 19:40:00
2026-01-20 11:24:19,412 | INFO | bybit_fetcher | Fetching ADAUSDT from 2026-01-15 12:20:00
2026-01-20 11:24:20,249 | INFO | bybit_fetcher | Fetching ADAUSDT from 2026-01-16 05:00:00
2026-01-20 11:24:21,309 | INFO | bybit_fetcher | Fetching ADAUSDT from 2026-01-16 21:40:00
2026-01-20 11:24:22,135 | INFO | bybit_fetcher | Fetching ADAUSDT from 2026-01-17 14:20:00
2026-01-20 11:24:23,201 | INFO | bybit_fetcher | Fetching ADAUSDT from 2026-01-18 07:00:00
2026-01-20 11:24:24,260 | INFO | bybit_fetcher | Fetching ADAUSDT from 2026-01-18 23:40:00
2026-01-20 11:24:25,323 | INFO | bybit_fetcher | Fetching ADAUSDT from 2026-01-19 16:20:00
2026-01-20 11:24:26,150 | INFO | bybit_fetcher | Fetched RAW klines: 20839 rows
2026-01-20 11:24:41,086 | INFO | bybit_fetcher | BybitFuturesFetcher initialized | XRPUSDT | 2026-01-06 → now
2026-01-20 11:24:41,087 | INFO | bybit_fetcher | Fetching XRPUSDT from 2026-01-05 19:00:00
2026-01-20 11:24:42,170 | INFO | bybit_fetcher | Fetching XRPUSDT from 2026-01-06 11:40:00
2026-01-20 11:24:43,708 | INFO | bybit_fetcher | Fetching XRPUSDT from 2026-01-07 04:20:00
2026-01-20 11:24:45,250 | INFO | bybit_fetcher | Fetching XRPUSDT from 2026-01-07 21:00:00
2026-01-20 11:24:46,789 | INFO | bybit_fetcher | Fetching XRPUSDT from 2026-01-08 13:40:00
2026-01-20 11:24:47,855 | INFO | bybit_fetcher | Fetching XRPUSDT from 2026-01-09 06:20:00
2026-01-20 11:24:49,395 | INFO | bybit_fetcher | Fetching XRPUSDT from 2026-01-09 23:00:00
2026-01-20 11:24:50,472 | INFO | bybit_fetcher | Fetching XRPUSDT from 2026-01-10 15:40:00
2026-01-20 11:24:52,017 | INFO | bybit_fetcher | Fetching XRPUSDT from 2026-01-11 08:20:00
2026-01-20 11:24:53,564 | INFO | bybit_fetcher | Fetching XRPUSDT from 2026-01-12 01:00:00
2026-01-20 11:24:54,389 | INFO | bybit_fetcher | Fetching XRPUSDT from 2026-01-12 17:40:00
2026-01-20 11:24:55,210 | INFO | bybit_fetcher | Fetching XRPUSDT from 2026-01-13 10:20:00
2026-01-20 11:24:55,797 | INFO | bybit_fetcher | Fetching XRPUSDT from 2026-01-14 03:00:00
2026-01-20 11:24:57,336 | INFO | bybit_fetcher | Fetching XRPUSDT from 2026-01-14 19:40:00
2026-01-20 11:24:58,902 | INFO | bybit_fetcher | Fetching XRPUSDT from 2026-01-15 12:20:00
2026-01-20 11:24:59,546 | INFO | bybit_fetcher | Fetching XRPUSDT from 2026-01-16 05:00:00
2026-01-20 11:25:01,086 | INFO | bybit_fetcher | Fetching XRPUSDT from 2026-01-16 21:40:00
2026-01-20 11:25:01,676 | INFO | bybit_fetcher | Fetching XRPUSDT from 2026-01-17 14:20:00
2026-01-20 11:25:02,548 | INFO | bybit_fetcher | Fetching XRPUSDT from 2026-01-18 07:00:00
2026-01-20 11:25:04,083 | INFO | bybit_fetcher | Fetching XRPUSDT from 2026-01-18 23:40:00
2026-01-20 11:25:05,611 | INFO | bybit_fetcher | Fetching XRPUSDT from 2026-01-19 16:20:00
2026-01-20 11:25:07,145 | INFO | bybit_fetcher | Fetched RAW klines: 20840 rows
2026-01-20 11:25:21,701 | INFO | bybit_fetcher | BybitFuturesFetcher initialized | DOGEUSDT | 2026-01-06 → now
2026-01-20 11:25:21,702 | INFO | bybit_fetcher | Fetching DOGEUSDT from 2026-01-05 19:00:00
2026-01-20 11:25:22,765 | INFO | bybit_fetcher | Fetching DOGEUSDT from 2026-01-06 11:40:00
2026-01-20 11:25:23,828 | INFO | bybit_fetcher | Fetching DOGEUSDT from 2026-01-07 04:20:00
2026-01-20 11:25:24,887 | INFO | bybit_fetcher | Fetching DOGEUSDT from 2026-01-07 21:00:00
2026-01-20 11:25:25,951 | INFO | bybit_fetcher | Fetching DOGEUSDT from 2026-01-08 13:40:00
2026-01-20 11:25:27,493 | INFO | bybit_fetcher | Fetching DOGEUSDT from 2026-01-09 06:20:00
2026-01-20 11:25:28,080 | INFO | bybit_fetcher | Fetching DOGEUSDT from 2026-01-09 23:00:00
2026-01-20 11:25:29,623 | INFO | bybit_fetcher | Fetching DOGEUSDT from 2026-01-10 15:40:00
2026-01-20 11:25:31,167 | INFO | bybit_fetcher | Fetching DOGEUSDT from 2026-01-11 08:20:00
2026-01-20 11:25:32,003 | INFO | bybit_fetcher | Fetching DOGEUSDT from 2026-01-12 01:00:00
2026-01-20 11:25:33,540 | INFO | bybit_fetcher | Fetching DOGEUSDT from 2026-01-12 17:40:00
2026-01-20 11:25:34,123 | INFO | bybit_fetcher | Fetching DOGEUSDT from 2026-01-13 10:20:00
2026-01-20 11:25:35,671 | INFO | bybit_fetcher | Fetching DOGEUSDT from 2026-01-14 03:00:00
2026-01-20 11:25:36,496 | INFO | bybit_fetcher | Fetching DOGEUSDT from 2026-01-14 19:40:00
2026-01-20 11:25:37,082 | INFO | bybit_fetcher | Fetching DOGEUSDT from 2026-01-15 12:20:00
2026-01-20 11:25:38,628 | INFO | bybit_fetcher | Fetching DOGEUSDT from 2026-01-16 05:00:00
2026-01-20 11:25:40,226 | INFO | bybit_fetcher | Fetching DOGEUSDT from 2026-01-16 21:40:00
2026-01-20 11:25:41,059 | INFO | bybit_fetcher | Fetching DOGEUSDT from 2026-01-17 14:20:00
2026-01-20 11:25:42,602 | INFO | bybit_fetcher | Fetching DOGEUSDT from 2026-01-18 07:00:00
2026-01-20 11:25:44,143 | INFO | bybit_fetcher | Fetching DOGEUSDT from 2026-01-18 23:40:00
2026-01-20 11:25:45,674 | INFO | bybit_fetcher | Fetching DOGEUSDT from 2026-01-19 16:20:00
2026-01-20 11:25:47,220 | INFO | bybit_fetcher | Fetched RAW klines: 20841 rows
2026-01-20 11:26:01,977 | INFO | bybit_fetcher | BybitFuturesFetcher initialized | SOLUSDT | 2026-01-06 → now
2026-01-20 11:26:01,977 | INFO | bybit_fetcher | Fetching SOLUSDT from 2026-01-05 19:00:00
2026-01-20 11:26:03,039 | INFO | bybit_fetcher | Fetching SOLUSDT from 2026-01-06 11:40:00
2026-01-20 11:26:04,096 | INFO | bybit_fetcher | Fetching SOLUSDT from 2026-01-07 04:20:00
2026-01-20 11:26:04,921 | INFO | bybit_fetcher | Fetching SOLUSDT from 2026-01-07 21:00:00
2026-01-20 11:26:05,987 | INFO | bybit_fetcher | Fetching SOLUSDT from 2026-01-08 13:40:00
2026-01-20 11:26:07,533 | INFO | bybit_fetcher | Fetching SOLUSDT from 2026-01-09 06:20:00
2026-01-20 11:26:08,602 | INFO | bybit_fetcher | Fetching SOLUSDT from 2026-01-09 23:00:00
2026-01-20 11:26:09,192 | INFO | bybit_fetcher | Fetching SOLUSDT from 2026-01-10 15:40:00
2026-01-20 11:26:10,261 | INFO | bybit_fetcher | Fetching SOLUSDT from 2026-01-11 08:20:00
2026-01-20 11:26:11,099 | INFO | bybit_fetcher | Fetching SOLUSDT from 2026-01-12 01:00:00
2026-01-20 11:26:12,173 | INFO | bybit_fetcher | Fetching SOLUSDT from 2026-01-12 17:40:00
2026-01-20 11:26:12,776 | INFO | bybit_fetcher | Fetching SOLUSDT from 2026-01-13 10:20:00
2026-01-20 11:26:13,373 | INFO | bybit_fetcher | Fetching SOLUSDT from 2026-01-14 03:00:00
2026-01-20 11:26:14,438 | INFO | bybit_fetcher | Fetching SOLUSDT from 2026-01-14 19:40:00
2026-01-20 11:26:15,027 | INFO | bybit_fetcher | Fetching SOLUSDT from 2026-01-15 12:20:00
2026-01-20 11:26:16,578 | INFO | bybit_fetcher | Fetching SOLUSDT from 2026-01-16 05:00:00
2026-01-20 11:26:17,417 | INFO | bybit_fetcher | Fetching SOLUSDT from 2026-01-16 21:40:00
2026-01-20 11:26:18,964 | INFO | bybit_fetcher | Fetching SOLUSDT from 2026-01-17 14:20:00
2026-01-20 11:26:19,552 | INFO | bybit_fetcher | Fetching SOLUSDT from 2026-01-18 07:00:00
2026-01-20 11:26:20,627 | INFO | bybit_fetcher | Fetching SOLUSDT from 2026-01-18 23:40:00
2026-01-20 11:26:21,267 | INFO | bybit_fetcher | Fetching SOLUSDT from 2026-01-19 16:20:00
2026-01-20 11:26:22,802 | INFO | bybit_fetcher | Fetched RAW klines: 20841 rows
2026-01-20 11:26:37,507 | INFO | bybit_fetcher | BybitFuturesFetcher initialized | DOTUSDT | 2026-01-06 → now
2026-01-20 11:26:37,507 | INFO | bybit_fetcher | Fetching DOTUSDT from 2026-01-05 19:00:00
2026-01-20 11:26:38,586 | INFO | bybit_fetcher | Fetching DOTUSDT from 2026-01-06 11:40:00
2026-01-20 11:26:40,142 | INFO | bybit_fetcher | Fetching DOTUSDT from 2026-01-07 04:20:00
2026-01-20 11:26:41,681 | INFO | bybit_fetcher | Fetching DOTUSDT from 2026-01-07 21:00:00
2026-01-20 11:26:43,305 | INFO | bybit_fetcher | Fetching DOTUSDT from 2026-01-08 13:40:00
2026-01-20 11:26:44,040 | INFO | bybit_fetcher | Fetching DOTUSDT from 2026-01-09 06:20:00
2026-01-20 11:26:44,654 | INFO | bybit_fetcher | Fetching DOTUSDT from 2026-01-09 23:00:00
2026-01-20 11:26:46,188 | INFO | bybit_fetcher | Fetching DOTUSDT from 2026-01-10 15:40:00
2026-01-20 11:26:46,784 | INFO | bybit_fetcher | Fetching DOTUSDT from 2026-01-11 08:20:00
2026-01-20 11:26:48,313 | INFO | bybit_fetcher | Fetching DOTUSDT from 2026-01-12 01:00:00
2026-01-20 11:26:49,863 | INFO | bybit_fetcher | Fetching DOTUSDT from 2026-01-12 17:40:00
2026-01-20 11:26:51,409 | INFO | bybit_fetcher | Fetching DOTUSDT from 2026-01-13 10:20:00
2026-01-20 11:26:52,951 | INFO | bybit_fetcher | Fetching DOTUSDT from 2026-01-14 03:00:00
2026-01-20 11:26:54,496 | INFO | bybit_fetcher | Fetching DOTUSDT from 2026-01-14 19:40:00
2026-01-20 11:26:56,039 | INFO | bybit_fetcher | Fetching DOTUSDT from 2026-01-15 12:20:00
2026-01-20 11:26:56,635 | INFO | bybit_fetcher | Fetching DOTUSDT from 2026-01-16 05:00:00
2026-01-20 11:26:57,222 | INFO | bybit_fetcher | Fetching DOTUSDT from 2026-01-16 21:40:00
2026-01-20 11:26:58,759 | INFO | bybit_fetcher | Fetching DOTUSDT from 2026-01-17 14:20:00
2026-01-20 11:26:59,578 | INFO | bybit_fetcher | Fetching DOTUSDT from 2026-01-18 07:00:00
2026-01-20 11:27:01,113 | INFO | bybit_fetcher | Fetching DOTUSDT from 2026-01-18 23:40:00
2026-01-20 11:27:02,169 | INFO | bybit_fetcher | Fetching DOTUSDT from 2026-01-19 16:20:00
2026-01-20 11:27:03,229 | INFO | bybit_fetcher | Fetched RAW klines: 20842 rows
2026-01-20 11:27:18,190 | INFO | bybit_fetcher | BybitFuturesFetcher initialized | MATICUSDT | 2026-01-06 → now
2026-01-20 11:27:18,191 | INFO | bybit_fetcher | Fetching MATICUSDT from 2026-01-05 19:00:00
2026-01-20 11:27:18,503 | INFO | bybit_fetcher | No more klines returned.
2026-01-20 11:27:18,504 | WARNING | bybit_fetcher | No klines fetched.
2026-01-20 11:27:18,518 | INFO | bybit_fetcher | BybitFuturesFetcher initialized | LINKUSDT | 2026-01-06 → now
2026-01-20 11:27:18,518 | INFO | bybit_fetcher | Fetching LINKUSDT from 2026-01-05 19:00:00
2026-01-20 11:27:19,584 | INFO | bybit_fetcher | Fetching LINKUSDT from 2026-01-06 11:40:00
2026-01-20 11:27:20,177 | INFO | bybit_fetcher | Fetching LINKUSDT from 2026-01-07 04:20:00
2026-01-20 11:27:21,002 | INFO | bybit_fetcher | Fetching LINKUSDT from 2026-01-07 21:00:00
2026-01-20 11:27:21,594 | INFO | bybit_fetcher | Fetching LINKUSDT from 2026-01-08 13:40:00
2026-01-20 11:27:23,125 | INFO | bybit_fetcher | Fetching LINKUSDT from 2026-01-09 06:20:00
2026-01-20 11:27:24,188 | INFO | bybit_fetcher | Fetching LINKUSDT from 2026-01-09 23:00:00
2026-01-20 11:27:25,009 | INFO | bybit_fetcher | Fetching LINKUSDT from 2026-01-10 15:40:00
2026-01-20 11:27:26,064 | INFO | bybit_fetcher | Fetching LINKUSDT from 2026-01-11 08:20:00
2026-01-20 11:27:27,604 | INFO | bybit_fetcher | Fetching LINKUSDT from 2026-01-12 01:00:00
2026-01-20 11:27:28,428 | INFO | bybit_fetcher | Fetching LINKUSDT from 2026-01-12 17:40:00
2026-01-20 11:27:29,975 | INFO | bybit_fetcher | Fetching LINKUSDT from 2026-01-13 10:20:00
2026-01-20 11:27:31,513 | INFO | bybit_fetcher | Fetching LINKUSDT from 2026-01-14 03:00:00
2026-01-20 11:27:32,340 | INFO | bybit_fetcher | Fetching LINKUSDT from 2026-01-14 19:40:00
2026-01-20 11:27:33,939 | INFO | bybit_fetcher | Fetching LINKUSDT from 2026-01-15 12:20:00
2026-01-20 11:27:34,525 | INFO | bybit_fetcher | Fetching LINKUSDT from 2026-01-16 05:00:00
2026-01-20 11:27:35,133 | INFO | bybit_fetcher | Fetching LINKUSDT from 2026-01-16 21:40:00
2026-01-20 11:27:35,957 | INFO | bybit_fetcher | Fetching LINKUSDT from 2026-01-17 14:20:00
2026-01-20 11:27:36,536 | INFO | bybit_fetcher | Fetching LINKUSDT from 2026-01-18 07:00:00
2026-01-20 11:27:38,069 | INFO | bybit_fetcher | Fetching LINKUSDT from 2026-01-18 23:40:00
2026-01-20 11:27:39,605 | INFO | bybit_fetcher | Fetching LINKUSDT from 2026-01-19 16:20:00
2026-01-20 11:27:40,180 | INFO | bybit_fetcher | Fetched RAW klines: 20843 rows
2026-01-20 12:07:45,641 | INFO | bybit_fetcher | Bybit HTTP client initialized.
2026-01-20 12:11:40,439 | INFO | bybit_fetcher | Bybit HTTP client initialized.
2026-01-20 12:17:54,771 | INFO | bybit_fetcher | Bybit HTTP client initialized.
2026-01-20 12:17:55,420 | INFO | bybit_fetcher | BybitFuturesFetcher initialized | BTCUSDT | 2026-01-20 06:16:00 → now
2026-01-20 12:17:55,429 | INFO | bybit_fetcher | Fetching BTCUSDT from 2026-01-20 01:16:00
2026-01-20 12:17:56,553 | INFO | bybit_fetcher | Fetched RAW klines: 357 rows
2026-01-20 12:17:58,378 | INFO | bybit_fetcher | BybitFuturesFetcher initialized | ETHUSDT | 2026-01-20 06:16:00 → now
2026-01-20 12:17:58,378 | INFO | bybit_fetcher | Fetching ETHUSDT from 2026-01-20 01:16:00
2026-01-20 12:17:58,943 | INFO | bybit_fetcher | Fetched RAW klines: 357 rows
2026-01-20 12:18:00,272 | INFO | bybit_fetcher | BybitFuturesFetcher initialized | BNBUSDT | 2026-01-20 06:17:00 → now
2026-01-20 12:18:00,275 | INFO | bybit_fetcher | Fetching BNBUSDT from 2026-01-20 01:17:00
2026-01-20 12:18:00,826 | INFO | bybit_fetcher | Fetched RAW klines: 356 rows
2026-01-20 12:18:02,201 | INFO | bybit_fetcher | BybitFuturesFetcher initialized | ADAUSDT | 2026-01-20 06:17:00 → now
2026-01-20 12:18:02,215 | INFO | bybit_fetcher | Fetching ADAUSDT from 2026-01-20 01:17:00
2026-01-20 12:18:02,765 | INFO | bybit_fetcher | Fetched RAW klines: 356 rows
2026-01-20 12:18:04,133 | INFO | bybit_fetcher | BybitFuturesFetcher initialized | XRPUSDT | 2026-01-20 06:18:00 → now
2026-01-20 12:18:04,133 | INFO | bybit_fetcher | Fetching XRPUSDT from 2026-01-20 01:18:00
2026-01-20 12:18:04,685 | INFO | bybit_fetcher | Fetched RAW klines: 355 rows
2026-01-20 12:18:06,017 | INFO | bybit_fetcher | BybitFuturesFetcher initialized | DOGEUSDT | 2026-01-20 06:19:00 → now
2026-01-20 12:18:06,031 | INFO | bybit_fetcher | Fetching DOGEUSDT from 2026-01-20 01:19:00
2026-01-20 12:18:06,581 | INFO | bybit_fetcher | Fetched RAW klines: 354 rows
2026-01-20 12:18:07,886 | INFO | bybit_fetcher | BybitFuturesFetcher initialized | SOLUSDT | 2026-01-20 06:19:00 → now
2026-01-20 12:18:07,899 | INFO | bybit_fetcher | Fetching SOLUSDT from 2026-01-20 01:19:00
2026-01-20 12:18:08,693 | INFO | bybit_fetcher | Fetched RAW klines: 354 rows
2026-01-20 12:18:09,984 | INFO | bybit_fetcher | BybitFuturesFetcher initialized | DOTUSDT | 2026-01-20 06:20:00 → now
2026-01-20 12:18:09,994 | INFO | bybit_fetcher | Fetching DOTUSDT from 2026-01-20 01:20:00
2026-01-20 12:18:10,558 | INFO | bybit_fetcher | Fetched RAW klines: 353 rows
2026-01-20 12:18:10,812 | INFO | bybit_fetcher | BybitFuturesFetcher initialized | MATICUSDT | 2026-01-20 06:20:00 → now
2026-01-20 12:18:10,812 | INFO | bybit_fetcher | Fetching MATICUSDT from 2026-01-20 01:20:00
2026-01-20 12:18:11,100 | INFO | bybit_fetcher | No more klines returned.
2026-01-20 12:18:11,100 | WARNING | bybit_fetcher | No klines fetched.
2026-01-20 12:18:12,071 | INFO | bybit_fetcher | BybitFuturesFetcher initialized | LINKUSDT | 2026-01-20 06:21:00 → now
2026-01-20 12:18:12,073 | INFO | bybit_fetcher | Fetching LINKUSDT from 2026-01-20 01:21:00
2026-01-20 12:18:12,870 | INFO | bybit_fetcher | Fetched RAW klines: 352 rows
2026-01-20 12:19:41,511 | INFO | bybit_fetcher | Bybit HTTP client initialized.
2026-01-20 12:19:42,379 | INFO | bybit_fetcher | BybitFuturesFetcher initialized | BTCUSDT | 2026-01-20 07:11:00 → now
2026-01-20 12:19:42,379 | INFO | bybit_fetcher | Fetching BTCUSDT from 2026-01-20 02:11:00
2026-01-20 12:19:43,961 | INFO | bybit_fetcher | Fetched RAW klines: 304 rows
2026-01-20 12:19:44,451 | INFO | bybit_fetcher | BybitFuturesFetcher initialized | ETHUSDT | 2026-01-20 07:11:00 → now
2026-01-20 12:19:44,463 | INFO | bybit_fetcher | Fetching ETHUSDT from 2026-01-20 02:11:00
2026-01-20 12:19:45,244 | INFO | bybit_fetcher | Fetched RAW klines: 304 rows
2026-01-20 12:19:45,730 | INFO | bybit_fetcher | BybitFuturesFetcher initialized | BNBUSDT | 2026-01-20 07:11:00 → now
2026-01-20 12:19:45,731 | INFO | bybit_fetcher | Fetching BNBUSDT from 2026-01-20 02:11:00
2026-01-20 12:19:46,508 | INFO | bybit_fetcher | Fetched RAW klines: 304 rows
2026-01-20 12:19:46,970 | INFO | bybit_fetcher | BybitFuturesFetcher initialized | ADAUSDT | 2026-01-20 07:11:00 → now
2026-01-20 12:19:46,982 | INFO | bybit_fetcher | Fetching ADAUSDT from 2026-01-20 02:11:00
2026-01-20 12:19:47,545 | INFO | bybit_fetcher | Fetched RAW klines: 304 rows
2026-01-20 12:19:48,067 | INFO | bybit_fetcher | BybitFuturesFetcher initialized | XRPUSDT | 2026-01-20 07:11:00 → now
2026-01-20 12:19:48,067 | INFO | bybit_fetcher | Fetching XRPUSDT from 2026-01-20 02:11:00
2026-01-20 12:19:48,851 | INFO | bybit_fetcher | Fetched RAW klines: 304 rows
2026-01-20 12:19:49,327 | INFO | bybit_fetcher | BybitFuturesFetcher initialized | DOGEUSDT | 2026-01-20 07:11:00 → now
2026-01-20 12:19:49,334 | INFO | bybit_fetcher | Fetching DOGEUSDT from 2026-01-20 02:11:00
2026-01-20 12:19:50,127 | INFO | bybit_fetcher | Fetched RAW klines: 304 rows
2026-01-20 12:19:50,622 | INFO | bybit_fetcher | BybitFuturesFetcher initialized | SOLUSDT | 2026-01-20 07:11:00 → now
2026-01-20 12:19:50,622 | INFO | bybit_fetcher | Fetching SOLUSDT from 2026-01-20 02:11:00
2026-01-20 12:19:51,411 | INFO | bybit_fetcher | Fetched RAW klines: 304 rows
2026-01-20 12:19:51,878 | INFO | bybit_fetcher | BybitFuturesFetcher initialized | DOTUSDT | 2026-01-20 07:11:00 → now
2026-01-20 12:19:51,887 | INFO | bybit_fetcher | Fetching DOTUSDT from 2026-01-20 02:11:00
2026-01-20 12:19:52,442 | INFO | bybit_fetcher | Fetched RAW klines: 304 rows
2026-01-20 12:19:52,654 | INFO | bybit_fetcher | BybitFuturesFetcher initialized | MATICUSDT | 2026-01-20 07:11:00 → now
2026-01-20 12:19:52,654 | INFO | bybit_fetcher | Fetching MATICUSDT from 2026-01-20 02:11:00
2026-01-20 12:19:52,950 | INFO | bybit_fetcher | No more klines returned.
2026-01-20 12:19:52,950 | WARNING | bybit_fetcher | No klines fetched.
2026-01-20 12:19:53,268 | INFO | bybit_fetcher | BybitFuturesFetcher initialized | LINKUSDT | 2026-01-20 07:11:00 → now
2026-01-20 12:19:53,268 | INFO | bybit_fetcher | Fetching LINKUSDT from 2026-01-20 02:11:00
2026-01-20 12:19:54,056 | INFO | bybit_fetcher | Fetched RAW klines: 304 rows
2026-01-20 12:23:59,041 | INFO | bybit_fetcher | Bybit HTTP client initialized.
2026-01-20 12:24:45,039 | INFO | bybit_fetcher | Bybit HTTP client initialized.
2026-01-20 12:27:29,911 | INFO | bybit_fetcher | Bybit HTTP client initialized.
2026-01-20 12:28:44,010 | INFO | bybit_fetcher | Bybit HTTP client initialized.
2026-04-23 17:15:27,161 | INFO | bybit_fetcher | Bybit HTTP client initialized.
2026-04-23 17:15:27,166 | INFO | bybit_fetcher | BybitFuturesFetcher initialized | symbol=BTCUSDT | start=2024-01-01 → end=now
2026-04-23 17:15:27,171 | INFO | bybit_fetcher | Fetching BTCUSDT from 2023-12-31 19:00:00
2026-04-23 17:15:27,953 | INFO | bybit_fetcher | Fetching BTCUSDT from 2024-01-01 11:40:00
2026-04-23 17:15:28,371 | INFO | bybit_fetcher | Fetching BTCUSDT from 2024-01-02 04:20:00
2026-04-23 17:15:28,802 | INFO | bybit_fetcher | Fetching BTCUSDT from 2024-01-02 21:00:00
2026-04-23 17:15:29,236 | INFO | bybit_fetcher | Fetching BTCUSDT from 2024-01-03 13:40:00
2026-04-23 17:15:29,655 | INFO | bybit_fetcher | Fetching BTCUSDT from 2024-01-04 06:20:00
2026-04-23 17:15:30,097 | INFO | bybit_fetcher | Fetching BTCUSDT from 2024-01-04 23:00:00
2026-04-23 17:15:30,517 | INFO | bybit_fetcher | Fetching BTCUSDT from 2024-01-05 15:40:00
2026-04-23 17:15:30,939 | INFO | bybit_fetcher | Fetching BTCUSDT from 2024-01-06 08:20:00
2026-04-23 17:15:31,354 | INFO | bybit_fetcher | Fetching BTCUSDT from 2024-01-07 01:00:00
2026-04-23 17:15:31,784 | INFO | bybit_fetcher | Fetching BTCUSDT from 2024-01-07 17:40:00
2026-04-23 17:15:32,284 | INFO | bybit_fetcher | Fetching BTCUSDT from 2024-01-08 10:20:00
2026-04-23 17:15:32,712 | INFO | bybit_fetcher | Fetching BTCUSDT from 2024-01-09 03:00:00
2026-04-23 17:15:33,299 | INFO | bybit_fetcher | Fetching BTCUSDT from 2024-01-09 19:40:00
2026-04-23 17:15:33,801 | INFO | bybit_fetcher | Fetching BTCUSDT from 2024-01-10 12:20:00
2026-04-23 17:15:34,230 | INFO | bybit_fetcher | Fetching BTCUSDT from 2024-01-11 05:00:00
2026-04-23 17:15:34,647 | INFO | bybit_fetcher | Fetching BTCUSDT from 2024-01-11 21:40:00
2026-04-23 17:15:35,065 | INFO | bybit_fetcher | Fetching BTCUSDT from 2024-01-12 14:20:00
2026-04-23 17:15:35,508 | INFO | bybit_fetcher | Fetching BTCUSDT from 2024-01-13 07:00:00
2026-04-23 17:15:36,131 | INFO | bybit_fetcher | Fetching BTCUSDT from 2024-01-13 23:40:00
2026-04-23 17:15:36,565 | INFO | bybit_fetcher | Fetching BTCUSDT from 2024-01-14 16:20:00
2026-04-23 17:15:37,323 | INFO | bybit_fetcher | Fetching BTCUSDT from 2024-01-15 09:00:00
2026-04-23 17:15:37,758 | INFO | bybit_fetcher | Fetching BTCUSDT from 2024-01-16 01:40:00
2026-04-23 17:15:38,265 | INFO | bybit_fetcher | Fetching BTCUSDT from 2024-01-16 18:20:00
2026-04-23 17:15:38,696 | INFO | bybit_fetcher | Fetching BTCUSDT from 2024-01-17 11:00:00
2026-04-23 17:15:39,296 | INFO | bybit_fetcher | Fetching BTCUSDT from 2024-01-18 03:40:00
2026-04-23 17:15:39,729 | INFO | bybit_fetcher | Fetching BTCUSDT from 2024-01-18 20:20:00
2026-04-23 17:15:40,165 | INFO | bybit_fetcher | Fetching BTCUSDT from 2024-01-19 13:00:00
2026-04-23 17:15:40,930 | INFO | bybit_fetcher | Fetching BTCUSDT from 2024-01-20 05:40:00
2026-04-23 17:15:41,364 | INFO | bybit_fetcher | Fetching BTCUSDT from 2024-01-20 22:20:00
2026-04-23 17:15:42,129 | INFO | bybit_fetcher | Fetching BTCUSDT from 2024-01-21 15:00:00
2026-04-23 17:15:42,561 | INFO | bybit_fetcher | Fetching BTCUSDT from 2024-01-22 07:40:00
2026-04-23 17:15:43,072 | INFO | bybit_fetcher | Fetching BTCUSDT from 2024-01-23 00:20:00
2026-04-23 17:15:43,496 | INFO | bybit_fetcher | Fetching BTCUSDT from 2024-01-23 17:00:00
2026-04-23 17:15:43,928 | INFO | bybit_fetcher | Fetching BTCUSDT from 2024-01-24 09:40:00
2026-04-23 17:15:44,525 | INFO | bybit_fetcher | Fetching BTCUSDT from 2024-01-25 02:20:00
2026-04-23 17:15:44,962 | INFO | bybit_fetcher | Fetching BTCUSDT from 2024-01-25 19:00:00
2026-04-23 17:15:45,461 | INFO | bybit_fetcher | Fetching BTCUSDT from 2024-01-26 11:40:00
2026-04-23 17:15:45,894 | INFO | bybit_fetcher | Fetching BTCUSDT from 2024-01-27 04:20:00
2026-04-23 17:15:46,352 | INFO | bybit_fetcher | Fetching BTCUSDT from 2024-01-27 21:00:00
2026-04-23 17:15:46,853 | INFO | bybit_fetcher | Fetching BTCUSDT from 2024-01-28 13:40:00
2026-04-23 17:15:47,353 | INFO | bybit_fetcher | Fetching BTCUSDT from 2024-01-29 06:20:00
2026-04-23 17:15:47,868 | INFO | bybit_fetcher | Fetching BTCUSDT from 2024-01-29 23:00:00
2026-04-23 17:15:48,293 | INFO | bybit_fetcher | Fetching BTCUSDT from 2024-01-30 15:40:00
2026-04-23 17:15:48,885 | INFO | bybit_fetcher | Fetching BTCUSDT from 2024-01-31 08:20:00
2026-04-23 17:15:49,307 | INFO | bybit_fetcher | Fetching BTCUSDT from 2024-02-01 01:00:00
2026-04-23 17:15:49,759 | INFO | bybit_fetcher | Fetching BTCUSDT from 2024-02-01 17:40:00
2026-04-23 17:15:50,337 | INFO | bybit_fetcher | Fetching BTCUSDT from 2024-02-02 10:20:00
2026-04-23 17:15:50,850 | INFO | bybit_fetcher | Fetching BTCUSDT from 2024-02-03 03:00:00
2026-04-23 17:15:51,276 | INFO | bybit_fetcher | Fetching BTCUSDT from 2024-02-03 19:40:00
2026-04-23 17:15:51,706 | INFO | bybit_fetcher | Fetching BTCUSDT from 2024-02-04 12:20:00
2026-04-23 17:15:52,123 | INFO | bybit_fetcher | Fetching BTCUSDT from 2024-02-05 05:00:00
2026-04-23 17:15:52,723 | INFO | bybit_fetcher | Fetching BTCUSDT from 2024-02-05 21:40:00
2026-04-23 17:15:53,157 | INFO | bybit_fetcher | Fetching BTCUSDT from 2024-02-06 14:20:00
2026-04-23 17:15:53,586 | INFO | bybit_fetcher | Fetching BTCUSDT from 2024-02-07 07:00:00
2026-04-23 17:15:54,008 | INFO | bybit_fetcher | Fetching BTCUSDT from 2024-02-07 23:40:00
2026-04-23 17:15:54,432 | INFO | bybit_fetcher | Fetching BTCUSDT from 2024-02-08 16:20:00
2026-04-23 17:15:54,853 | INFO | bybit_fetcher | Fetching BTCUSDT from 2024-02-09 09:00:00
2026-04-23 17:15:55,276 | INFO | bybit_fetcher | Fetching BTCUSDT from 2024-02-10 01:40:00
2026-04-23 17:15:55,697 | INFO | bybit_fetcher | Fetching BTCUSDT from 2024-02-10 18:20:00
2026-04-23 17:15:56,120 | INFO | bybit_fetcher | Fetching BTCUSDT from 2024-02-11 11:00:00
2026-04-23 17:15:56,712 | INFO | bybit_fetcher | Fetching BTCUSDT from 2024-02-12 03:40:00
2026-04-23 17:15:57,134 | INFO | bybit_fetcher | Fetching BTCUSDT from 2024-02-12 20:20:00
2026-04-23 17:15:57,729 | INFO | bybit_fetcher | Fetching BTCUSDT from 2024-02-13 13:00:00
2026-04-23 17:15:58,244 | INFO | bybit_fetcher | Fetching BTCUSDT from 2024-02-14 05:40:00
2026-04-23 17:15:58,671 | INFO | bybit_fetcher | Fetching BTCUSDT from 2024-02-14 22:20:00
2026-04-23 17:15:59,106 | INFO | bybit_fetcher | Fetching BTCUSDT from 2024-02-15 15:00:00
2026-04-23 17:15:59,684 | INFO | bybit_fetcher | Fetching BTCUSDT from 2024-02-16 07:40:00
2026-04-23 17:16:00,102 | INFO | bybit_fetcher | Fetching BTCUSDT from 2024-02-17 00:20:00
2026-04-23 17:16:00,697 | INFO | bybit_fetcher | Fetching BTCUSDT from 2024-02-17 17:00:00
2026-04-23 17:16:01,119 | INFO | bybit_fetcher | Fetching BTCUSDT from 2024-02-18 09:40:00
2026-04-23 17:16:01,719 | INFO | bybit_fetcher | Fetching BTCUSDT from 2024-02-19 02:20:00
2026-04-23 17:16:02,152 | INFO | bybit_fetcher | Fetching BTCUSDT from 2024-02-19 19:00:00
2026-04-23 17:16:02,585 | INFO | bybit_fetcher | Fetching BTCUSDT from 2024-02-20 11:40:00
2026-04-23 17:16:03,025 | INFO | bybit_fetcher | Fetching BTCUSDT from 2024-02-21 04:20:00
2026-04-23 17:16:03,531 | INFO | bybit_fetcher | Fetching BTCUSDT from 2024-02-21 21:00:00
2026-04-23 17:16:03,949 | INFO | bybit_fetcher | Fetching BTCUSDT from 2024-02-22 13:40:00
2026-04-23 17:16:04,384 | INFO | bybit_fetcher | Fetching BTCUSDT from 2024-02-23 06:20:00
2026-04-23 17:16:04,816 | INFO | bybit_fetcher | Fetching BTCUSDT from 2024-02-23 23:00:00
2026-04-23 17:16:05,250 | INFO | bybit_fetcher | Fetching BTCUSDT from 2024-02-24 15:40:00
2026-04-23 17:16:05,751 | INFO | bybit_fetcher | Fetching BTCUSDT from 2024-02-25 08:20:00
2026-04-23 17:16:06,183 | INFO | bybit_fetcher | Fetching BTCUSDT from 2024-02-26 01:00:00
2026-04-23 17:16:06,614 | INFO | bybit_fetcher | Fetching BTCUSDT from 2024-02-26 17:40:00
2026-04-23 17:16:07,040 | INFO | bybit_fetcher | Fetching BTCUSDT from 2024-02-27 10:20:00
2026-04-23 17:16:07,461 | INFO | bybit_fetcher | Fetching BTCUSDT from 2024-02-28 03:00:00
2026-04-23 17:16:07,882 | INFO | bybit_fetcher | Fetching BTCUSDT from 2024-02-28 19:40:00
2026-04-23 17:16:08,480 | INFO | bybit_fetcher | Fetching BTCUSDT from 2024-02-29 12:20:00
2026-04-23 17:16:08,916 | INFO | bybit_fetcher | Fetching BTCUSDT from 2024-03-01 05:00:00
2026-04-23 17:16:09,683 | INFO | bybit_fetcher | Fetching BTCUSDT from 2024-03-01 21:40:00
2026-04-23 17:16:10,197 | INFO | bybit_fetcher | Fetching BTCUSDT from 2024-03-02 14:20:00
2026-04-23 17:16:10,635 | INFO | bybit_fetcher | Fetching BTCUSDT from 2024-03-03 07:00:00
2026-04-23 17:16:11,134 | INFO | bybit_fetcher | Fetching BTCUSDT from 2024-03-03 23:40:00
2026-04-23 17:16:11,728 | INFO | bybit_fetcher | Fetching BTCUSDT from 2024-03-04 16:20:00
2026-04-23 17:16:12,150 | INFO | bybit_fetcher | Fetching BTCUSDT from 2024-03-05 09:00:00
2026-04-23 17:16:12,745 | INFO | bybit_fetcher | Fetching BTCUSDT from 2024-03-06 01:40:00
2026-04-23 17:16:13,182 | INFO | bybit_fetcher | Fetching BTCUSDT from 2024-03-06 18:20:00
2026-04-23 17:16:13,620 | INFO | bybit_fetcher | Fetching BTCUSDT from 2024-03-07 11:00:00
2026-04-23 17:16:14,056 | INFO | bybit_fetcher | Fetching BTCUSDT from 2024-03-08 03:40:00
2026-04-23 17:16:14,559 | INFO | bybit_fetcher | Fetching BTCUSDT from 2024-03-08 20:20:00
2026-04-23 17:16:15,072 | INFO | bybit_fetcher | Fetching BTCUSDT from 2024-03-09 13:00:00
2026-04-23 17:16:15,509 | INFO | bybit_fetcher | Fetching BTCUSDT from 2024-03-10 05:40:00
2026-04-23 17:16:16,276 | INFO | bybit_fetcher | Fetching BTCUSDT from 2024-03-10 22:20:00
2026-04-23 17:16:16,728 | INFO | bybit_fetcher | Fetching BTCUSDT from 2024-03-11 15:00:00
2026-04-23 17:16:17,152 | INFO | bybit_fetcher | Fetching BTCUSDT from 2024-03-12 07:40:00
2026-04-23 17:16:17,577 | INFO | bybit_fetcher | Fetching BTCUSDT from 2024-03-13 00:20:00
2026-04-23 17:16:17,991 | INFO | bybit_fetcher | Fetching BTCUSDT from 2024-03-13 17:00:00
2026-04-23 17:16:18,415 | INFO | bybit_fetcher | Fetching BTCUSDT from 2024-03-14 09:40:00
2026-04-23 17:16:18,853 | INFO | bybit_fetcher | Fetching BTCUSDT from 2024-03-15 02:20:00
2026-04-23 17:16:19,277 | INFO | bybit_fetcher | Fetching BTCUSDT from 2024-03-15 19:00:00
2026-04-23 17:16:19,696 | INFO | bybit_fetcher | Fetching BTCUSDT from 2024-03-16 11:40:00
2026-04-23 17:16:20,124 | INFO | bybit_fetcher | Fetching BTCUSDT from 2024-03-17 04:20:00
2026-04-23 17:16:20,557 | INFO | bybit_fetcher | Fetching BTCUSDT from 2024-03-17 21:00:00
2026-04-23 17:16:20,993 | INFO | bybit_fetcher | Fetching BTCUSDT from 2024-03-18 13:40:00
2026-04-23 17:16:21,425 | INFO | bybit_fetcher | Fetching BTCUSDT from 2024-03-19 06:20:00
2026-04-23 17:16:21,853 | INFO | bybit_fetcher | Fetching BTCUSDT from 2024-03-19 23:00:00
2026-04-23 17:16:22,275 | INFO | bybit_fetcher | Fetching BTCUSDT from 2024-03-20 15:40:00
2026-04-23 17:16:22,706 | INFO | bybit_fetcher | Fetching BTCUSDT from 2024-03-21 08:20:00
2026-04-23 17:16:23,136 | INFO | bybit_fetcher | Fetching BTCUSDT from 2024-03-22 01:00:00
2026-04-23 17:16:23,634 | INFO | bybit_fetcher | Fetching BTCUSDT from 2024-03-22 17:40:00
2026-04-23 17:16:24,053 | INFO | bybit_fetcher | Fetching BTCUSDT from 2024-03-23 10:20:00
2026-04-23 17:16:24,478 | INFO | bybit_fetcher | Fetching BTCUSDT from 2024-03-24 03:00:00
2026-04-23 17:16:24,908 | INFO | bybit_fetcher | Fetching BTCUSDT from 2024-03-24 19:40:00
2026-04-23 17:16:25,400 | INFO | bybit_fetcher | Fetching BTCUSDT from 2024-03-25 12:20:00
2026-04-23 17:16:25,940 | INFO | bybit_fetcher | Fetching BTCUSDT from 2024-03-26 05:00:00
2026-04-23 17:16:26,372 | INFO | bybit_fetcher | Fetching BTCUSDT from 2024-03-26 21:40:00
2026-04-23 17:16:26,868 | INFO | bybit_fetcher | Fetching BTCUSDT from 2024-03-27 14:20:00
2026-04-23 17:16:27,291 | INFO | bybit_fetcher | Fetching BTCUSDT from 2024-03-28 07:00:00
2026-04-23 17:16:27,729 | INFO | bybit_fetcher | Fetching BTCUSDT from 2024-03-28 23:40:00
2026-04-23 17:16:28,166 | INFO | bybit_fetcher | Fetching BTCUSDT from 2024-03-29 16:20:00
2026-04-23 17:16:28,668 | INFO | bybit_fetcher | Fetching BTCUSDT from 2024-03-30 09:00:00
2026-04-23 17:16:29,400 | INFO | bybit_fetcher | Fetching BTCUSDT from 2024-03-31 01:40:00
2026-04-23 17:16:29,822 | INFO | bybit_fetcher | Fetching BTCUSDT from 2024-03-31 18:20:00
2026-04-23 17:16:30,267 | INFO | bybit_fetcher | Fetching BTCUSDT from 2024-04-01 11:00:00
2026-04-23 17:16:30,697 | INFO | bybit_fetcher | Fetching BTCUSDT from 2024-04-02 03:40:00
2026-04-23 17:16:31,119 | INFO | bybit_fetcher | Fetching BTCUSDT from 2024-04-02 20:20:00
2026-04-23 17:16:31,884 | INFO | bybit_fetcher | Fetching BTCUSDT from 2024-04-03 13:00:00
2026-04-23 17:16:32,481 | INFO | bybit_fetcher | Fetching BTCUSDT from 2024-04-04 05:40:00
2026-04-23 17:16:32,916 | INFO | bybit_fetcher | Fetching BTCUSDT from 2024-04-04 22:20:00
2026-04-23 17:16:33,510 | INFO | bybit_fetcher | Fetching BTCUSDT from 2024-04-05 15:00:00
2026-04-23 17:16:34,025 | INFO | bybit_fetcher | Fetching BTCUSDT from 2024-04-06 07:40:00
2026-04-23 17:16:34,450 | INFO | bybit_fetcher | Fetching BTCUSDT from 2024-04-07 00:20:00
2026-04-23 17:16:35,041 | INFO | bybit_fetcher | Fetching BTCUSDT from 2024-04-07 17:00:00
2026-04-23 17:16:35,634 | INFO | bybit_fetcher | Fetching BTCUSDT from 2024-04-08 09:40:00
2026-04-23 17:16:36,228 | INFO | bybit_fetcher | Fetching BTCUSDT from 2024-04-09 02:20:00
2026-04-23 17:16:36,649 | INFO | bybit_fetcher | Fetching BTCUSDT from 2024-04-09 19:00:00
2026-04-23 17:16:37,072 | INFO | bybit_fetcher | Fetching BTCUSDT from 2024-04-10 11:40:00
2026-04-23 17:16:37,665 | INFO | bybit_fetcher | Fetching BTCUSDT from 2024-04-11 04:20:00
2026-04-23 17:16:38,384 | INFO | bybit_fetcher | Fetching BTCUSDT from 2024-04-11 21:00:00
2026-04-23 17:16:38,915 | INFO | bybit_fetcher | Fetching BTCUSDT from 2024-04-12 13:40:00
2026-04-23 17:16:39,385 | INFO | bybit_fetcher | Fetching BTCUSDT from 2024-04-13 06:20:00
2026-04-23 17:16:40,005 | INFO | bybit_fetcher | Fetching BTCUSDT from 2024-04-13 23:00:00
2026-04-23 17:16:40,603 | INFO | bybit_fetcher | Fetching BTCUSDT from 2024-04-14 15:40:00
2026-04-23 17:16:41,025 | INFO | bybit_fetcher | Fetching BTCUSDT from 2024-04-15 08:20:00
2026-04-23 17:16:41,619 | INFO | bybit_fetcher | Fetching BTCUSDT from 2024-04-16 01:00:00
2026-04-23 17:16:42,150 | INFO | bybit_fetcher | Fetching BTCUSDT from 2024-04-16 17:40:00
2026-04-23 17:16:42,748 | INFO | bybit_fetcher | Fetching BTCUSDT from 2024-04-17 10:20:00
2026-04-23 17:16:43,261 | INFO | bybit_fetcher | Fetching BTCUSDT from 2024-04-18 03:00:00
2026-04-23 17:16:43,696 | INFO | bybit_fetcher | Fetching BTCUSDT from 2024-04-18 19:40:00
2026-04-23 17:16:44,294 | INFO | bybit_fetcher | Fetching BTCUSDT from 2024-04-19 12:20:00
2026-04-23 17:16:44,885 | INFO | bybit_fetcher | Fetching BTCUSDT from 2024-04-20 05:00:00
2026-04-23 17:16:45,312 | INFO | bybit_fetcher | Fetching BTCUSDT from 2024-04-20 21:40:00
2026-04-23 17:16:45,744 | INFO | bybit_fetcher | Fetching BTCUSDT from 2024-04-21 14:20:00
2026-04-23 17:16:46,190 | INFO | bybit_fetcher | Fetching BTCUSDT from 2024-04-22 07:00:00
2026-04-23 17:16:46,792 | INFO | bybit_fetcher | Fetching BTCUSDT from 2024-04-22 23:40:00
2026-04-23 17:16:47,229 | INFO | bybit_fetcher | Fetching BTCUSDT from 2024-04-23 16:20:00
2026-04-23 17:16:47,666 | INFO | bybit_fetcher | Fetching BTCUSDT from 2024-04-24 09:00:00
2026-04-23 17:16:48,166 | INFO | bybit_fetcher | Fetching BTCUSDT from 2024-04-25 01:40:00
2026-04-23 17:16:48,681 | INFO | bybit_fetcher | Fetching BTCUSDT from 2024-04-25 18:20:00
2026-04-23 17:16:49,276 | INFO | bybit_fetcher | Fetching BTCUSDT from 2024-04-26 11:00:00
2026-04-23 17:16:49,791 | INFO | bybit_fetcher | Fetching BTCUSDT from 2024-04-27 03:40:00
2026-04-23 17:16:50,557 | INFO | bybit_fetcher | Fetching BTCUSDT from 2024-04-27 20:20:00
2026-04-23 17:16:50,978 | INFO | bybit_fetcher | Fetching BTCUSDT from 2024-04-28 13:00:00
2026-04-23 17:16:51,744 | INFO | bybit_fetcher | Fetching BTCUSDT from 2024-04-29 05:40:00
2026-04-23 17:16:52,259 | INFO | bybit_fetcher | Fetching BTCUSDT from 2024-04-29 22:20:00
2026-04-23 17:16:52,761 | INFO | bybit_fetcher | Fetching BTCUSDT from 2024-04-30 15:00:00
2026-04-23 17:16:53,197 | INFO | bybit_fetcher | Fetching BTCUSDT from 2024-05-01 07:40:00
2026-04-23 17:16:53,635 | INFO | bybit_fetcher | Fetching BTCUSDT from 2024-05-02 00:20:00
2026-04-23 17:16:54,149 | INFO | bybit_fetcher | Fetching BTCUSDT from 2024-05-02 17:00:00
2026-04-23 17:16:54,586 | INFO | bybit_fetcher | Fetching BTCUSDT from 2024-05-03 09:40:00
2026-04-23 17:16:55,009 | INFO | bybit_fetcher | Fetching BTCUSDT from 2024-05-04 02:20:00
2026-04-23 17:16:55,431 | INFO | bybit_fetcher | Fetching BTCUSDT from 2024-05-04 19:00:00
2026-04-23 17:16:55,851 | INFO | bybit_fetcher | Fetching BTCUSDT from 2024-05-05 11:40:00
2026-04-23 17:16:56,286 | INFO | bybit_fetcher | Fetching BTCUSDT from 2024-05-06 04:20:00
2026-04-23 17:16:57,043 | INFO | bybit_fetcher | Fetching BTCUSDT from 2024-05-06 21:00:00
2026-04-23 17:16:57,477 | INFO | bybit_fetcher | Fetching BTCUSDT from 2024-05-07 13:40:00
2026-04-23 17:16:57,915 | INFO | bybit_fetcher | Fetching BTCUSDT from 2024-05-08 06:20:00
2026-04-23 17:16:58,354 | INFO | bybit_fetcher | Fetching BTCUSDT from 2024-05-08 23:00:00
2026-04-23 17:16:58,853 | INFO | bybit_fetcher | Fetching BTCUSDT from 2024-05-09 15:40:00
2026-04-23 17:16:59,269 | INFO | bybit_fetcher | Fetching BTCUSDT from 2024-05-10 08:20:00
2026-04-23 17:16:59,697 | INFO | bybit_fetcher | Fetching BTCUSDT from 2024-05-11 01:00:00
2026-04-23 17:17:00,134 | INFO | bybit_fetcher | Fetching BTCUSDT from 2024-05-11 17:40:00
2026-04-23 17:17:00,636 | INFO | bybit_fetcher | Fetching BTCUSDT from 2024-05-12 10:20:00
2026-04-23 17:17:01,056 | INFO | bybit_fetcher | Fetching BTCUSDT from 2024-05-13 03:00:00
2026-04-23 17:17:01,572 | INFO | bybit_fetcher | Fetching BTCUSDT from 2024-05-13 19:40:00
2026-04-23 17:17:02,001 | INFO | bybit_fetcher | Fetching BTCUSDT from 2024-05-14 12:20:00
2026-04-23 17:17:02,507 | INFO | bybit_fetcher | Fetching BTCUSDT from 2024-05-15 05:00:00
2026-04-23 17:17:03,101 | INFO | bybit_fetcher | Fetching BTCUSDT from 2024-05-15 21:40:00
2026-04-23 17:17:03,617 | INFO | bybit_fetcher | Fetching BTCUSDT from 2024-05-16 14:20:00
2026-04-23 17:17:04,041 | INFO | bybit_fetcher | Fetching BTCUSDT from 2024-05-17 07:00:00
2026-04-23 17:17:04,544 | INFO | bybit_fetcher | Fetching BTCUSDT from 2024-05-17 23:40:00
2026-04-23 17:17:04,972 | INFO | bybit_fetcher | Fetching BTCUSDT from 2024-05-18 16:20:00
2026-04-23 17:17:05,399 | INFO | bybit_fetcher | Fetching BTCUSDT from 2024-05-19 09:00:00
2026-04-23 17:17:05,995 | INFO | bybit_fetcher | Fetching BTCUSDT from 2024-05-20 01:40:00
2026-04-23 17:17:06,432 | INFO | bybit_fetcher | Fetching BTCUSDT from 2024-05-20 18:20:00
2026-04-23 17:17:06,863 | INFO | bybit_fetcher | Fetching BTCUSDT from 2024-05-21 11:00:00
2026-04-23 17:17:07,300 | INFO | bybit_fetcher | Fetching BTCUSDT from 2024-05-22 03:40:00
2026-04-23 17:17:07,728 | INFO | bybit_fetcher | Fetching BTCUSDT from 2024-05-22 20:20:00
2026-04-23 17:17:08,152 | INFO | bybit_fetcher | Fetching BTCUSDT from 2024-05-23 13:00:00
2026-04-23 17:17:08,588 | INFO | bybit_fetcher | Fetching BTCUSDT from 2024-05-24 05:40:00
2026-04-23 17:17:09,054 | INFO | bybit_fetcher | Fetching BTCUSDT from 2024-05-24 22:20:00
2026-04-23 17:17:09,494 | INFO | bybit_fetcher | Fetching BTCUSDT from 2024-05-25 15:00:00
2026-04-23 17:17:10,087 | INFO | bybit_fetcher | Fetching BTCUSDT from 2024-05-26 07:40:00
2026-04-23 17:17:10,515 | INFO | bybit_fetcher | Fetching BTCUSDT from 2024-05-27 00:20:00
2026-04-23 17:17:11,024 | INFO | bybit_fetcher | Fetching BTCUSDT from 2024-05-27 17:00:00
2026-04-23 17:17:11,463 | INFO | bybit_fetcher | Fetching BTCUSDT from 2024-05-28 09:40:00
2026-04-23 17:17:11,884 | INFO | bybit_fetcher | Fetching BTCUSDT from 2024-05-29 02:20:00
2026-04-23 17:17:12,306 | INFO | bybit_fetcher | Fetching BTCUSDT from 2024-05-29 19:00:00
2026-04-23 17:17:12,744 | INFO | bybit_fetcher | Fetching BTCUSDT from 2024-05-30 11:40:00
2026-04-23 17:17:13,195 | INFO | bybit_fetcher | Fetching BTCUSDT from 2024-05-31 04:20:00
2026-04-23 17:17:13,649 | INFO | bybit_fetcher | Fetching BTCUSDT from 2024-05-31 21:00:00
2026-04-23 17:17:14,103 | INFO | bybit_fetcher | Fetching BTCUSDT from 2024-06-01 13:40:00
2026-04-23 17:17:14,541 | INFO | bybit_fetcher | Fetching BTCUSDT from 2024-06-02 06:20:00
2026-04-23 17:17:14,979 | INFO | bybit_fetcher | Fetching BTCUSDT from 2024-06-02 23:00:00
2026-04-23 17:17:15,542 | INFO | bybit_fetcher | Fetching BTCUSDT from 2024-06-03 15:40:00
2026-04-23 17:17:15,973 | INFO | bybit_fetcher | Fetching BTCUSDT from 2024-06-04 08:20:00
2026-04-23 17:17:16,473 | INFO | bybit_fetcher | Fetching BTCUSDT from 2024-06-05 01:00:00
2026-04-23 17:17:16,910 | INFO | bybit_fetcher | Fetching BTCUSDT from 2024-06-05 17:40:00
2026-04-23 17:17:17,393 | INFO | bybit_fetcher | Fetching BTCUSDT from 2024-06-06 10:20:00
2026-04-23 17:17:17,828 | INFO | bybit_fetcher | Fetching BTCUSDT from 2024-06-07 03:00:00
2026-04-23 17:17:18,306 | INFO | bybit_fetcher | Fetching BTCUSDT from 2024-06-07 19:40:00
2026-04-23 17:17:18,744 | INFO | bybit_fetcher | Fetching BTCUSDT from 2024-06-08 12:20:00
2026-04-23 17:17:19,261 | INFO | bybit_fetcher | Fetching BTCUSDT from 2024-06-09 05:00:00
2026-04-23 17:17:19,697 | INFO | bybit_fetcher | Fetching BTCUSDT from 2024-06-09 21:40:00
2026-04-23 17:17:20,198 | INFO | bybit_fetcher | Fetching BTCUSDT from 2024-06-10 14:20:00
2026-04-23 17:17:20,719 | INFO | bybit_fetcher | Fetching BTCUSDT from 2024-06-11 07:00:00
2026-04-23 17:17:21,150 | INFO | bybit_fetcher | Fetching BTCUSDT from 2024-06-11 23:40:00
2026-04-23 17:17:21,576 | INFO | bybit_fetcher | Fetching BTCUSDT from 2024-06-12 16:20:00
2026-04-23 17:17:22,339 | INFO | bybit_fetcher | Fetching BTCUSDT from 2024-06-13 09:00:00
2026-04-23 17:17:22,774 | INFO | bybit_fetcher | Fetching BTCUSDT from 2024-06-14 01:40:00
2026-04-23 17:17:23,206 | INFO | bybit_fetcher | Fetching BTCUSDT from 2024-06-14 18:20:00
2026-04-23 17:17:23,963 | INFO | bybit_fetcher | Fetching BTCUSDT from 2024-06-15 11:00:00
2026-04-23 17:17:24,402 | INFO | bybit_fetcher | Fetching BTCUSDT from 2024-06-16 03:40:00
2026-04-23 17:17:24,836 | INFO | bybit_fetcher | Fetching BTCUSDT from 2024-06-16 20:20:00
2026-04-23 17:17:25,260 | INFO | bybit_fetcher | Fetching BTCUSDT from 2024-06-17 13:00:00
2026-04-23 17:17:25,713 | INFO | bybit_fetcher | Fetching BTCUSDT from 2024-06-18 05:40:00
2026-04-23 17:17:26,228 | INFO | bybit_fetcher | Fetching BTCUSDT from 2024-06-18 22:20:00
2026-04-23 17:17:26,682 | INFO | bybit_fetcher | Fetching BTCUSDT from 2024-06-19 15:00:00
2026-04-23 17:17:27,119 | INFO | bybit_fetcher | Fetching BTCUSDT from 2024-06-20 07:40:00
2026-04-23 17:17:27,650 | INFO | bybit_fetcher | Fetching BTCUSDT from 2024-06-21 00:20:00
2026-04-23 17:17:28,163 | INFO | bybit_fetcher | Fetching BTCUSDT from 2024-06-21 17:00:00
2026-04-23 17:17:28,963 | INFO | bybit_fetcher | Fetching BTCUSDT from 2024-06-22 09:40:00
2026-04-23 17:17:29,402 | INFO | bybit_fetcher | Fetching BTCUSDT from 2024-06-23 02:20:00
2026-04-23 17:17:29,849 | INFO | bybit_fetcher | Fetching BTCUSDT from 2024-06-23 19:00:00
2026-04-23 17:17:33,333 | INFO | bybit_fetcher | Fetching BTCUSDT from 2024-06-24 11:40:00
2026-04-23 17:17:33,834 | INFO | bybit_fetcher | Fetching BTCUSDT from 2024-06-25 04:20:00
2026-04-23 17:17:34,264 | INFO | bybit_fetcher | Fetching BTCUSDT from 2024-06-25 21:00:00
2026-04-23 17:17:34,767 | INFO | bybit_fetcher | Fetching BTCUSDT from 2024-06-26 13:40:00
2026-04-23 17:17:35,213 | INFO | bybit_fetcher | Fetching BTCUSDT from 2024-06-27 06:20:00
2026-04-23 17:17:35,727 | INFO | bybit_fetcher | Fetching BTCUSDT from 2024-06-27 23:00:00
2026-04-23 17:17:36,586 | INFO | bybit_fetcher | Fetching BTCUSDT from 2024-06-28 15:40:00
2026-04-23 17:17:37,282 | INFO | bybit_fetcher | Fetching BTCUSDT from 2024-06-29 08:20:00
2026-04-23 17:17:37,781 | INFO | bybit_fetcher | Fetching BTCUSDT from 2024-06-30 01:00:00
2026-04-23 17:17:38,544 | INFO | bybit_fetcher | Fetching BTCUSDT from 2024-06-30 17:40:00
2026-04-23 17:17:38,993 | INFO | bybit_fetcher | Fetching BTCUSDT from 2024-07-01 10:20:00
2026-04-23 17:17:39,416 | INFO | bybit_fetcher | Fetching BTCUSDT from 2024-07-02 03:00:00
2026-04-23 17:17:39,845 | INFO | bybit_fetcher | Fetching BTCUSDT from 2024-07-02 19:40:00
2026-04-23 17:17:40,806 | INFO | bybit_fetcher | Fetching BTCUSDT from 2024-07-03 12:20:00
2026-04-23 17:17:41,323 | INFO | bybit_fetcher | Fetching BTCUSDT from 2024-07-04 05:00:00
2026-04-23 17:17:41,761 | INFO | bybit_fetcher | Fetching BTCUSDT from 2024-07-04 21:40:00
2026-04-23 17:17:42,337 | INFO | bybit_fetcher | Fetching BTCUSDT from 2024-07-05 14:20:00
2026-04-23 17:17:42,774 | INFO | bybit_fetcher | Fetching BTCUSDT from 2024-07-06 07:00:00
2026-04-23 17:17:43,197 | INFO | bybit_fetcher | Fetching BTCUSDT from 2024-07-06 23:40:00
2026-04-23 17:17:43,619 | INFO | bybit_fetcher | Fetching BTCUSDT from 2024-07-07 16:20:00
2026-04-23 17:17:44,212 | INFO | bybit_fetcher | Fetching BTCUSDT from 2024-07-08 09:00:00
2026-04-23 17:17:44,634 | INFO | bybit_fetcher | Fetching BTCUSDT from 2024-07-09 01:40:00
2026-04-23 17:17:45,056 | INFO | bybit_fetcher | Fetching BTCUSDT from 2024-07-09 18:20:00
2026-04-23 17:17:45,477 | INFO | bybit_fetcher | Fetching BTCUSDT from 2024-07-10 11:00:00
2026-04-23 17:17:45,915 | INFO | bybit_fetcher | Fetching BTCUSDT from 2024-07-11 03:40:00
2026-04-23 17:17:46,493 | INFO | bybit_fetcher | Fetching BTCUSDT from 2024-07-11 20:20:00
2026-04-23 17:17:46,933 | INFO | bybit_fetcher | Fetching BTCUSDT from 2024-07-12 13:00:00
2026-04-23 17:17:47,540 | INFO | bybit_fetcher | Fetching BTCUSDT from 2024-07-13 05:40:00
2026-04-23 17:17:48,127 | INFO | bybit_fetcher | Fetching BTCUSDT from 2024-07-13 22:20:00
2026-04-23 17:17:48,557 | INFO | bybit_fetcher | Fetching BTCUSDT from 2024-07-14 15:00:00
2026-04-23 17:17:49,149 | INFO | bybit_fetcher | Fetching BTCUSDT from 2024-07-15 07:40:00
2026-04-23 17:17:49,573 | INFO | bybit_fetcher | Fetching BTCUSDT from 2024-07-16 00:20:00
2026-04-23 17:17:49,996 | INFO | bybit_fetcher | Fetching BTCUSDT from 2024-07-16 17:00:00
2026-04-23 17:17:50,433 | INFO | bybit_fetcher | Fetching BTCUSDT from 2024-07-17 09:40:00
2026-04-23 17:17:50,856 | INFO | bybit_fetcher | Fetching BTCUSDT from 2024-07-18 02:20:00
2026-04-23 17:17:51,448 | INFO | bybit_fetcher | Fetching BTCUSDT from 2024-07-18 19:00:00
2026-04-23 17:17:51,874 | INFO | bybit_fetcher | Fetching BTCUSDT from 2024-07-19 11:40:00
2026-04-23 17:17:52,307 | INFO | bybit_fetcher | Fetching BTCUSDT from 2024-07-20 04:20:00
2026-04-23 17:17:52,744 | INFO | bybit_fetcher | Fetching BTCUSDT from 2024-07-20 21:00:00
2026-04-23 17:17:53,244 | INFO | bybit_fetcher | Fetching BTCUSDT from 2024-07-21 13:40:00
2026-04-23 17:17:53,745 | INFO | bybit_fetcher | Fetching BTCUSDT from 2024-07-22 06:20:00
2026-04-23 17:17:54,167 | INFO | bybit_fetcher | Fetching BTCUSDT from 2024-07-22 23:00:00
2026-04-23 17:17:54,745 | INFO | bybit_fetcher | Fetching BTCUSDT from 2024-07-23 15:40:00
2026-04-23 17:17:55,167 | INFO | bybit_fetcher | Fetching BTCUSDT from 2024-07-24 08:20:00
2026-04-23 17:17:55,587 | INFO | bybit_fetcher | Fetching BTCUSDT from 2024-07-25 01:00:00
2026-04-23 17:17:56,027 | INFO | bybit_fetcher | Fetching BTCUSDT from 2024-07-25 17:40:00
2026-04-23 17:17:56,571 | INFO | bybit_fetcher | Fetching BTCUSDT from 2024-07-26 10:20:00
2026-04-23 17:17:56,994 | INFO | bybit_fetcher | Fetching BTCUSDT from 2024-07-27 03:00:00
2026-04-23 17:17:57,416 | INFO | bybit_fetcher | Fetching BTCUSDT from 2024-07-27 19:40:00
2026-04-23 17:17:57,838 | INFO | bybit_fetcher | Fetching BTCUSDT from 2024-07-28 12:20:00
2026-04-23 17:17:58,268 | INFO | bybit_fetcher | Fetching BTCUSDT from 2024-07-29 05:00:00
2026-04-23 17:17:58,867 | INFO | bybit_fetcher | Fetching BTCUSDT from 2024-07-29 21:40:00
2026-04-23 17:17:59,368 | INFO | bybit_fetcher | Fetching BTCUSDT from 2024-07-30 14:20:00
2026-04-23 17:17:59,868 | INFO | bybit_fetcher | Fetching BTCUSDT from 2024-07-31 07:00:00
2026-04-23 17:18:00,464 | INFO | bybit_fetcher | Fetching BTCUSDT from 2024-07-31 23:40:00
2026-04-23 17:18:00,886 | INFO | bybit_fetcher | Fetching BTCUSDT from 2024-08-01 16:20:00
2026-04-23 17:18:01,466 | INFO | bybit_fetcher | Fetching BTCUSDT from 2024-08-02 09:00:00
2026-04-23 17:18:01,885 | INFO | bybit_fetcher | Fetching BTCUSDT from 2024-08-03 01:40:00
2026-04-23 17:18:02,384 | INFO | bybit_fetcher | Fetching BTCUSDT from 2024-08-03 18:20:00
2026-04-23 17:18:02,821 | INFO | bybit_fetcher | Fetching BTCUSDT from 2024-08-04 11:00:00
2026-04-23 17:18:03,229 | INFO | bybit_fetcher | Fetching BTCUSDT from 2024-08-05 03:40:00
2026-04-23 17:18:03,651 | INFO | bybit_fetcher | Fetching BTCUSDT from 2024-08-05 20:20:00
2026-04-23 17:18:04,083 | INFO | bybit_fetcher | Fetching BTCUSDT from 2024-08-06 13:00:00
2026-04-23 17:18:04,509 | INFO | bybit_fetcher | Fetching BTCUSDT from 2024-08-07 05:40:00
2026-04-23 17:18:05,026 | INFO | bybit_fetcher | Fetching BTCUSDT from 2024-08-07 22:20:00
2026-04-23 17:18:05,462 | INFO | bybit_fetcher | Fetching BTCUSDT from 2024-08-08 15:00:00
2026-04-23 17:18:05,884 | INFO | bybit_fetcher | Fetching BTCUSDT from 2024-08-09 07:40:00
2026-04-23 17:18:06,315 | INFO | bybit_fetcher | Fetching BTCUSDT from 2024-08-10 00:20:00
2026-04-23 17:18:06,733 | INFO | bybit_fetcher | Fetching BTCUSDT from 2024-08-10 17:00:00
2026-04-23 17:18:07,165 | INFO | bybit_fetcher | Fetching BTCUSDT from 2024-08-11 09:40:00
2026-04-23 17:18:07,590 | INFO | bybit_fetcher | Fetching BTCUSDT from 2024-08-12 02:20:00
2026-04-23 17:18:08,010 | INFO | bybit_fetcher | Fetching BTCUSDT from 2024-08-12 19:00:00
2026-04-23 17:18:08,448 | INFO | bybit_fetcher | Fetching BTCUSDT from 2024-08-13 11:40:00
2026-04-23 17:18:08,868 | INFO | bybit_fetcher | Fetching BTCUSDT from 2024-08-14 04:20:00
2026-04-23 17:18:09,368 | INFO | bybit_fetcher | Fetching BTCUSDT from 2024-08-14 21:00:00
2026-04-23 17:18:09,805 | INFO | bybit_fetcher | Fetching BTCUSDT from 2024-08-15 13:40:00
2026-04-23 17:18:10,397 | INFO | bybit_fetcher | Fetching BTCUSDT from 2024-08-16 06:20:00
2026-04-23 17:18:10,900 | INFO | bybit_fetcher | Fetching BTCUSDT from 2024-08-16 23:00:00
2026-04-23 17:18:11,322 | INFO | bybit_fetcher | Fetching BTCUSDT from 2024-08-17 15:40:00
2026-04-23 17:18:11,760 | INFO | bybit_fetcher | Fetching BTCUSDT from 2024-08-18 08:20:00
2026-04-23 17:18:12,401 | INFO | bybit_fetcher | Fetching BTCUSDT from 2024-08-19 01:00:00
2026-04-23 17:18:12,855 | INFO | bybit_fetcher | Fetching BTCUSDT from 2024-08-19 17:40:00
2026-04-23 17:18:13,279 | INFO | bybit_fetcher | Fetching BTCUSDT from 2024-08-20 10:20:00
2026-04-23 17:18:13,724 | INFO | bybit_fetcher | Fetching BTCUSDT from 2024-08-21 03:00:00
2026-04-23 17:18:14,245 | INFO | bybit_fetcher | Fetching BTCUSDT from 2024-08-21 19:40:00
2026-04-23 17:18:14,678 | INFO | bybit_fetcher | Fetching BTCUSDT from 2024-08-22 12:20:00
2026-04-23 17:18:15,121 | INFO | bybit_fetcher | Fetching BTCUSDT from 2024-08-23 05:00:00
2026-04-23 17:18:15,556 | INFO | bybit_fetcher | Fetching BTCUSDT from 2024-08-23 21:40:00
2026-04-23 17:18:16,019 | INFO | bybit_fetcher | Fetching BTCUSDT from 2024-08-24 14:20:00
2026-04-23 17:18:16,603 | INFO | bybit_fetcher | Fetching BTCUSDT from 2024-08-25 07:00:00
2026-04-23 17:18:17,025 | INFO | bybit_fetcher | Fetching BTCUSDT from 2024-08-25 23:40:00
2026-04-23 17:18:17,527 | INFO | bybit_fetcher | Fetching BTCUSDT from 2024-08-26 16:20:00
2026-04-23 17:18:17,961 | INFO | bybit_fetcher | Fetching BTCUSDT from 2024-08-27 09:00:00
2026-04-23 17:18:18,412 | INFO | bybit_fetcher | Fetching BTCUSDT from 2024-08-28 01:40:00
2026-04-23 17:18:18,994 | INFO | bybit_fetcher | Fetching BTCUSDT from 2024-08-28 18:20:00
2026-04-23 17:18:19,409 | INFO | bybit_fetcher | Fetching BTCUSDT from 2024-08-29 11:00:00
2026-04-23 17:18:19,853 | INFO | bybit_fetcher | Fetching BTCUSDT from 2024-08-30 03:40:00
2026-04-23 17:18:20,290 | INFO | bybit_fetcher | Fetching BTCUSDT from 2024-08-30 20:20:00
2026-04-23 17:18:20,868 | INFO | bybit_fetcher | Fetching BTCUSDT from 2024-08-31 13:00:00
2026-04-23 17:18:21,463 | INFO | bybit_fetcher | Fetching BTCUSDT from 2024-09-01 05:40:00
2026-04-23 17:18:21,960 | INFO | bybit_fetcher | Fetching BTCUSDT from 2024-09-01 22:20:00
2026-04-23 17:18:22,696 | INFO | bybit_fetcher | Fetching BTCUSDT from 2024-09-02 15:00:00
2026-04-23 17:18:23,273 | INFO | bybit_fetcher | Fetching BTCUSDT from 2024-09-03 07:40:00
2026-04-23 17:18:23,705 | INFO | bybit_fetcher | Fetching BTCUSDT from 2024-09-04 00:20:00
2026-04-23 17:18:24,136 | INFO | bybit_fetcher | Fetching BTCUSDT from 2024-09-04 17:00:00
2026-04-23 17:18:24,728 | INFO | bybit_fetcher | Fetching BTCUSDT from 2024-09-05 09:40:00
2026-04-23 17:18:25,239 | INFO | bybit_fetcher | Fetching BTCUSDT from 2024-09-06 02:20:00
2026-04-23 17:18:25,682 | INFO | bybit_fetcher | Fetching BTCUSDT from 2024-09-06 19:00:00
2026-04-23 17:18:26,197 | INFO | bybit_fetcher | Fetching BTCUSDT from 2024-09-07 11:40:00
2026-04-23 17:18:26,635 | INFO | bybit_fetcher | Fetching BTCUSDT from 2024-09-08 04:20:00
2026-04-23 17:18:27,244 | INFO | bybit_fetcher | Fetching BTCUSDT from 2024-09-08 21:00:00
2026-04-23 17:18:27,744 | INFO | bybit_fetcher | Fetching BTCUSDT from 2024-09-09 13:40:00
2026-04-23 17:18:28,244 | INFO | bybit_fetcher | Fetching BTCUSDT from 2024-09-10 06:20:00
2026-04-23 17:18:28,665 | INFO | bybit_fetcher | Fetching BTCUSDT from 2024-09-10 23:00:00
2026-04-23 17:18:29,103 | INFO | bybit_fetcher | Fetching BTCUSDT from 2024-09-11 15:40:00
2026-04-23 17:18:29,866 | INFO | bybit_fetcher | Fetching BTCUSDT from 2024-09-12 08:20:00
2026-04-23 17:18:30,302 | INFO | bybit_fetcher | Fetching BTCUSDT from 2024-09-13 01:00:00
2026-04-23 17:18:30,743 | INFO | bybit_fetcher | Fetching BTCUSDT from 2024-09-13 17:40:00
2026-04-23 17:18:31,166 | INFO | bybit_fetcher | Fetching BTCUSDT from 2024-09-14 10:20:00
2026-04-23 17:18:31,769 | INFO | bybit_fetcher | Fetching BTCUSDT from 2024-09-15 03:00:00
2026-04-23 17:18:32,182 | INFO | bybit_fetcher | Fetching BTCUSDT from 2024-09-15 19:40:00
2026-04-23 17:18:32,669 | INFO | bybit_fetcher | Fetching BTCUSDT from 2024-09-16 12:20:00
2026-04-23 17:18:33,105 | INFO | bybit_fetcher | Fetching BTCUSDT from 2024-09-17 05:00:00
2026-04-23 17:18:33,541 | INFO | bybit_fetcher | Fetching BTCUSDT from 2024-09-17 21:40:00
2026-04-23 17:18:34,056 | INFO | bybit_fetcher | Fetching BTCUSDT from 2024-09-18 14:20:00
2026-04-23 17:18:34,650 | INFO | bybit_fetcher | Fetching BTCUSDT from 2024-09-19 07:00:00
2026-04-23 17:18:35,150 | INFO | bybit_fetcher | Fetching BTCUSDT from 2024-09-19 23:40:00
2026-04-23 17:18:35,666 | INFO | bybit_fetcher | Fetching BTCUSDT from 2024-09-20 16:20:00
2026-04-23 17:18:36,102 | INFO | bybit_fetcher | Fetching BTCUSDT from 2024-09-21 09:00:00
2026-04-23 17:18:36,539 | INFO | bybit_fetcher | Fetching BTCUSDT from 2024-09-22 01:40:00
2026-04-23 17:18:37,072 | INFO | bybit_fetcher | Fetching BTCUSDT from 2024-09-22 18:20:00
2026-04-23 17:18:37,524 | INFO | bybit_fetcher | Fetching BTCUSDT from 2024-09-23 11:00:00
2026-04-23 17:18:37,949 | INFO | bybit_fetcher | Fetching BTCUSDT from 2024-09-24 03:40:00
2026-04-23 17:18:38,378 | INFO | bybit_fetcher | Fetching BTCUSDT from 2024-09-24 20:20:00
2026-04-23 17:18:38,885 | INFO | bybit_fetcher | Fetching BTCUSDT from 2024-09-25 13:00:00
2026-04-23 17:18:39,313 | INFO | bybit_fetcher | Fetching BTCUSDT from 2024-09-26 05:40:00
2026-04-23 17:18:39,744 | INFO | bybit_fetcher | Fetching BTCUSDT from 2024-09-26 22:20:00
2026-04-23 17:18:40,183 | INFO | bybit_fetcher | Fetching BTCUSDT from 2024-09-27 15:00:00
2026-04-23 17:18:40,618 | INFO | bybit_fetcher | Fetching BTCUSDT from 2024-09-28 07:40:00
2026-04-23 17:18:41,056 | INFO | bybit_fetcher | Fetching BTCUSDT from 2024-09-29 00:20:00
2026-04-23 17:18:41,479 | INFO | bybit_fetcher | Fetching BTCUSDT from 2024-09-29 17:00:00
2026-04-23 17:18:41,979 | INFO | bybit_fetcher | Fetching BTCUSDT from 2024-09-30 09:40:00
2026-04-23 17:18:42,400 | INFO | bybit_fetcher | Fetching BTCUSDT from 2024-10-01 02:20:00
2026-04-23 17:18:42,915 | INFO | bybit_fetcher | Fetching BTCUSDT from 2024-10-01 19:00:00
2026-04-23 17:18:43,495 | INFO | bybit_fetcher | Fetching BTCUSDT from 2024-10-02 11:40:00
2026-04-23 17:18:43,916 | INFO | bybit_fetcher | Fetching BTCUSDT from 2024-10-03 04:20:00
2026-04-23 17:18:44,650 | INFO | bybit_fetcher | Fetching BTCUSDT from 2024-10-03 21:00:00
2026-04-23 17:18:45,228 | INFO | bybit_fetcher | Fetching BTCUSDT from 2024-10-04 13:40:00
2026-04-23 17:18:45,665 | INFO | bybit_fetcher | Fetching BTCUSDT from 2024-10-05 06:20:00
2026-04-23 17:18:46,102 | INFO | bybit_fetcher | Fetching BTCUSDT from 2024-10-05 23:00:00
2026-04-23 17:18:46,524 | INFO | bybit_fetcher | Fetching BTCUSDT from 2024-10-06 15:40:00
2026-04-23 17:18:46,948 | INFO | bybit_fetcher | Fetching BTCUSDT from 2024-10-07 08:20:00
2026-04-23 17:18:47,444 | INFO | bybit_fetcher | Fetching BTCUSDT from 2024-10-08 01:00:00
2026-04-23 17:18:48,213 | INFO | bybit_fetcher | Fetching BTCUSDT from 2024-10-08 17:40:00
2026-04-23 17:18:48,643 | INFO | bybit_fetcher | Fetching BTCUSDT from 2024-10-09 10:20:00
2026-04-23 17:18:49,240 | INFO | bybit_fetcher | Fetching BTCUSDT from 2024-10-10 03:00:00
2026-04-23 17:18:49,827 | INFO | bybit_fetcher | Fetching BTCUSDT from 2024-10-10 19:40:00
2026-04-23 17:18:50,244 | INFO | bybit_fetcher | Fetching BTCUSDT from 2024-10-11 12:20:00
2026-04-23 17:18:50,740 | INFO | bybit_fetcher | Fetching BTCUSDT from 2024-10-12 05:00:00
2026-04-23 17:18:51,165 | INFO | bybit_fetcher | Fetching BTCUSDT from 2024-10-12 21:40:00
2026-04-23 17:18:51,584 | INFO | bybit_fetcher | Fetching BTCUSDT from 2024-10-13 14:20:00
2026-04-23 17:18:52,059 | INFO | bybit_fetcher | Fetching BTCUSDT from 2024-10-14 07:00:00
2026-04-23 17:18:52,477 | INFO | bybit_fetcher | Fetching BTCUSDT from 2024-10-14 23:40:00
2026-04-23 17:18:52,892 | INFO | bybit_fetcher | Fetching BTCUSDT from 2024-10-15 16:20:00
2026-04-23 17:18:53,324 | INFO | bybit_fetcher | Fetching BTCUSDT from 2024-10-16 09:00:00
2026-04-23 17:18:53,743 | INFO | bybit_fetcher | Fetching BTCUSDT from 2024-10-17 01:40:00
2026-04-23 17:18:54,181 | INFO | bybit_fetcher | Fetching BTCUSDT from 2024-10-17 18:20:00
2026-04-23 17:18:54,607 | INFO | bybit_fetcher | Fetching BTCUSDT from 2024-10-18 11:00:00
2026-04-23 17:18:55,040 | INFO | bybit_fetcher | Fetching BTCUSDT from 2024-10-19 03:40:00
2026-04-23 17:18:55,453 | INFO | bybit_fetcher | Fetching BTCUSDT from 2024-10-19 20:20:00
2026-04-23 17:18:55,872 | INFO | bybit_fetcher | Fetching BTCUSDT from 2024-10-20 13:00:00
2026-04-23 17:18:56,291 | INFO | bybit_fetcher | Fetching BTCUSDT from 2024-10-21 05:40:00
2026-04-23 17:18:56,717 | INFO | bybit_fetcher | Fetching BTCUSDT from 2024-10-21 22:20:00
2026-04-23 17:18:57,133 | INFO | bybit_fetcher | Fetching BTCUSDT from 2024-10-22 15:00:00
2026-04-23 17:18:57,556 | INFO | bybit_fetcher | Fetching BTCUSDT from 2024-10-23 07:40:00
2026-04-23 17:18:57,971 | INFO | bybit_fetcher | Fetching BTCUSDT from 2024-10-24 00:20:00
2026-04-23 17:18:58,471 | INFO | bybit_fetcher | Fetching BTCUSDT from 2024-10-24 17:00:00
2026-04-23 17:18:58,885 | INFO | bybit_fetcher | Fetching BTCUSDT from 2024-10-25 09:40:00
2026-04-23 17:18:59,387 | INFO | bybit_fetcher | Fetching BTCUSDT from 2024-10-26 02:20:00
2026-04-23 17:18:59,804 | INFO | bybit_fetcher | Fetching BTCUSDT from 2024-10-26 19:00:00
2026-04-23 17:19:00,233 | INFO | bybit_fetcher | Fetching BTCUSDT from 2024-10-27 11:40:00
2026-04-23 17:19:00,654 | INFO | bybit_fetcher | Fetching BTCUSDT from 2024-10-28 04:20:00
2026-04-23 17:19:01,152 | INFO | bybit_fetcher | Fetching BTCUSDT from 2024-10-28 21:00:00
2026-04-23 17:19:01,653 | INFO | bybit_fetcher | Fetching BTCUSDT from 2024-10-29 13:40:00
2026-04-23 17:19:02,088 | INFO | bybit_fetcher | Fetching BTCUSDT from 2024-10-30 06:20:00
2026-04-23 17:19:02,520 | INFO | bybit_fetcher | Fetching BTCUSDT from 2024-10-30 23:00:00
2026-04-23 17:19:03,280 | INFO | bybit_fetcher | Fetching BTCUSDT from 2024-10-31 15:40:00
2026-04-23 17:19:03,775 | INFO | bybit_fetcher | Fetching BTCUSDT from 2024-11-01 08:20:00
2026-04-23 17:19:04,200 | INFO | bybit_fetcher | Fetching BTCUSDT from 2024-11-02 01:00:00
2026-04-23 17:19:04,634 | INFO | bybit_fetcher | Fetching BTCUSDT from 2024-11-02 17:40:00
2026-04-23 17:19:05,049 | INFO | bybit_fetcher | Fetching BTCUSDT from 2024-11-03 10:20:00
2026-04-23 17:19:05,479 | INFO | bybit_fetcher | Fetching BTCUSDT from 2024-11-04 03:00:00
2026-04-23 17:19:05,900 | INFO | bybit_fetcher | Fetching BTCUSDT from 2024-11-04 19:40:00
2026-04-23 17:19:06,380 | INFO | bybit_fetcher | Fetching BTCUSDT from 2024-11-05 12:20:00
2026-04-23 17:19:06,799 | INFO | bybit_fetcher | Fetching BTCUSDT from 2024-11-06 05:00:00
2026-04-23 17:19:07,223 | INFO | bybit_fetcher | Fetching BTCUSDT from 2024-11-06 21:40:00
2026-04-23 17:19:07,646 | INFO | bybit_fetcher | Fetching BTCUSDT from 2024-11-07 14:20:00
2026-04-23 17:19:08,068 | INFO | bybit_fetcher | Fetching BTCUSDT from 2024-11-08 07:00:00
2026-04-23 17:19:08,497 | INFO | bybit_fetcher | Fetching BTCUSDT from 2024-11-08 23:40:00
2026-04-23 17:19:08,915 | INFO | bybit_fetcher | Fetching BTCUSDT from 2024-11-09 16:20:00
2026-04-23 17:19:09,337 | INFO | bybit_fetcher | Fetching BTCUSDT from 2024-11-10 09:00:00
2026-04-23 17:19:09,826 | INFO | bybit_fetcher | Fetching BTCUSDT from 2024-11-11 01:40:00
2026-04-23 17:19:10,247 | INFO | bybit_fetcher | Fetching BTCUSDT from 2024-11-11 18:20:00
2026-04-23 17:19:10,682 | INFO | bybit_fetcher | Fetching BTCUSDT from 2024-11-12 11:00:00
2026-04-23 17:19:11,099 | INFO | bybit_fetcher | Fetching BTCUSDT from 2024-11-13 03:40:00
2026-04-23 17:19:11,516 | INFO | bybit_fetcher | Fetching BTCUSDT from 2024-11-13 20:20:00
2026-04-23 17:19:11,945 | INFO | bybit_fetcher | Fetching BTCUSDT from 2024-11-14 13:00:00
2026-04-23 17:19:12,698 | INFO | bybit_fetcher | Fetching BTCUSDT from 2024-11-15 05:40:00
2026-04-23 17:19:13,145 | INFO | bybit_fetcher | Fetching BTCUSDT from 2024-11-15 22:20:00
2026-04-23 17:19:13,562 | INFO | bybit_fetcher | Fetching BTCUSDT from 2024-11-16 15:00:00
2026-04-23 17:19:13,981 | INFO | bybit_fetcher | Fetching BTCUSDT from 2024-11-17 07:40:00
2026-04-23 17:19:14,410 | INFO | bybit_fetcher | Fetching BTCUSDT from 2024-11-18 00:20:00
2026-04-23 17:19:14,829 | INFO | bybit_fetcher | Fetching BTCUSDT from 2024-11-18 17:00:00
2026-04-23 17:19:15,245 | INFO | bybit_fetcher | Fetching BTCUSDT from 2024-11-19 09:40:00
2026-04-23 17:19:15,695 | INFO | bybit_fetcher | Fetching BTCUSDT from 2024-11-20 02:20:00
2026-04-23 17:19:16,479 | INFO | bybit_fetcher | Fetching BTCUSDT from 2024-11-20 19:00:00
2026-04-23 17:19:17,245 | INFO | bybit_fetcher | Fetching BTCUSDT from 2024-11-21 11:40:00
2026-04-23 17:19:17,811 | INFO | bybit_fetcher | Fetching BTCUSDT from 2024-11-22 04:20:00
2026-04-23 17:19:18,394 | INFO | bybit_fetcher | Fetching BTCUSDT from 2024-11-22 21:00:00
2026-04-23 17:19:19,167 | INFO | bybit_fetcher | Fetching BTCUSDT from 2024-11-23 13:40:00
2026-04-23 17:19:19,759 | INFO | bybit_fetcher | Fetching BTCUSDT from 2024-11-24 06:20:00
2026-04-23 17:19:20,324 | INFO | bybit_fetcher | Fetching BTCUSDT from 2024-11-24 23:00:00
2026-04-23 17:19:21,093 | INFO | bybit_fetcher | Fetching BTCUSDT from 2024-11-25 15:40:00
2026-04-23 17:19:21,508 | INFO | bybit_fetcher | Fetching BTCUSDT from 2024-11-26 08:20:00
2026-04-23 17:19:22,103 | INFO | bybit_fetcher | Fetching BTCUSDT from 2024-11-27 01:00:00
2026-04-23 17:19:22,691 | INFO | bybit_fetcher | Fetching BTCUSDT from 2024-11-27 17:40:00
2026-04-23 17:19:23,187 | INFO | bybit_fetcher | Fetching BTCUSDT from 2024-11-28 10:20:00
2026-04-23 17:19:23,774 | INFO | bybit_fetcher | Fetching BTCUSDT from 2024-11-29 03:00:00
2026-04-23 17:19:24,359 | INFO | bybit_fetcher | Fetching BTCUSDT from 2024-11-29 19:40:00
2026-04-23 17:19:24,791 | INFO | bybit_fetcher | Fetching BTCUSDT from 2024-11-30 12:20:00
2026-04-23 17:19:25,358 | INFO | bybit_fetcher | Fetching BTCUSDT from 2024-12-01 05:00:00
2026-04-23 17:19:25,793 | INFO | bybit_fetcher | Fetching BTCUSDT from 2024-12-01 21:40:00
2026-04-23 17:19:26,303 | INFO | bybit_fetcher | Fetching BTCUSDT from 2024-12-02 14:20:00
2026-04-23 17:19:26,805 | INFO | bybit_fetcher | Fetching BTCUSDT from 2024-12-03 07:00:00
2026-04-23 17:19:27,392 | INFO | bybit_fetcher | Fetching BTCUSDT from 2024-12-03 23:40:00
2026-04-23 17:19:27,841 | INFO | bybit_fetcher | Fetching BTCUSDT from 2024-12-04 16:20:00
2026-04-23 17:19:28,265 | INFO | bybit_fetcher | Fetching BTCUSDT from 2024-12-05 09:00:00
2026-04-23 17:19:28,869 | INFO | bybit_fetcher | Fetching BTCUSDT from 2024-12-06 01:40:00
2026-04-23 17:19:29,302 | INFO | bybit_fetcher | Fetching BTCUSDT from 2024-12-06 18:20:00
2026-04-23 17:19:29,720 | INFO | bybit_fetcher | Fetching BTCUSDT from 2024-12-07 11:00:00
2026-04-23 17:19:30,154 | INFO | bybit_fetcher | Fetching BTCUSDT from 2024-12-08 03:40:00
2026-04-23 17:19:30,652 | INFO | bybit_fetcher | Fetching BTCUSDT from 2024-12-08 20:20:00
2026-04-23 17:19:31,168 | INFO | bybit_fetcher | Fetching BTCUSDT from 2024-12-09 13:00:00
2026-04-23 17:19:31,684 | INFO | bybit_fetcher | Fetching BTCUSDT from 2024-12-10 05:40:00
2026-04-23 17:19:32,182 | INFO | bybit_fetcher | Fetching BTCUSDT from 2024-12-10 22:20:00
2026-04-23 17:19:32,619 | INFO | bybit_fetcher | Fetching BTCUSDT from 2024-12-11 15:00:00
2026-04-23 17:19:33,132 | INFO | bybit_fetcher | Fetching BTCUSDT from 2024-12-12 07:40:00
2026-04-23 17:19:33,552 | INFO | bybit_fetcher | Fetching BTCUSDT from 2024-12-13 00:20:00
2026-04-23 17:19:34,073 | INFO | bybit_fetcher | Fetching BTCUSDT from 2024-12-13 17:00:00
2026-04-23 17:19:34,575 | INFO | bybit_fetcher | Fetching BTCUSDT from 2024-12-14 09:40:00
2026-04-23 17:19:35,169 | INFO | bybit_fetcher | Fetching BTCUSDT from 2024-12-15 02:20:00
2026-04-23 17:19:35,588 | INFO | bybit_fetcher | Fetching BTCUSDT from 2024-12-15 19:00:00
2026-04-23 17:19:36,085 | INFO | bybit_fetcher | Fetching BTCUSDT from 2024-12-16 11:40:00
2026-04-23 17:19:36,532 | INFO | bybit_fetcher | Fetching BTCUSDT from 2024-12-17 04:20:00
2026-04-23 17:19:37,130 | INFO | bybit_fetcher | Fetching BTCUSDT from 2024-12-17 21:00:00
2026-04-23 17:19:37,563 | INFO | bybit_fetcher | Fetching BTCUSDT from 2024-12-18 13:40:00
2026-04-23 17:19:38,079 | INFO | bybit_fetcher | Fetching BTCUSDT from 2024-12-19 06:20:00
2026-04-23 17:19:38,587 | INFO | bybit_fetcher | Fetching BTCUSDT from 2024-12-19 23:00:00
2026-04-23 17:19:39,078 | INFO | bybit_fetcher | Fetching BTCUSDT from 2024-12-20 15:40:00
2026-04-23 17:19:39,512 | INFO | bybit_fetcher | Fetching BTCUSDT from 2024-12-21 08:20:00
2026-04-23 17:19:40,264 | INFO | bybit_fetcher | Fetching BTCUSDT from 2024-12-22 01:00:00
2026-04-23 17:19:40,696 | INFO | bybit_fetcher | Fetching BTCUSDT from 2024-12-22 17:40:00
2026-04-23 17:19:41,212 | INFO | bybit_fetcher | Fetching BTCUSDT from 2024-12-23 10:20:00
2026-04-23 17:19:41,710 | INFO | bybit_fetcher | Fetching BTCUSDT from 2024-12-24 03:00:00
2026-04-23 17:19:42,211 | INFO | bybit_fetcher | Fetching BTCUSDT from 2024-12-24 19:40:00
2026-04-23 17:19:42,629 | INFO | bybit_fetcher | Fetching BTCUSDT from 2024-12-25 12:20:00
2026-04-23 17:19:43,139 | INFO | bybit_fetcher | Fetching BTCUSDT from 2024-12-26 05:00:00
2026-04-23 17:19:43,641 | INFO | bybit_fetcher | Fetching BTCUSDT from 2024-12-26 21:40:00
2026-04-23 17:19:44,218 | INFO | bybit_fetcher | Fetching BTCUSDT from 2024-12-27 14:20:00
2026-04-23 17:19:44,645 | INFO | bybit_fetcher | Fetching BTCUSDT from 2024-12-28 07:00:00
2026-04-23 17:19:45,144 | INFO | bybit_fetcher | Fetching BTCUSDT from 2024-12-28 23:40:00
2026-04-23 17:19:45,574 | INFO | bybit_fetcher | Fetching BTCUSDT from 2024-12-29 16:20:00
2026-04-23 17:19:45,995 | INFO | bybit_fetcher | Fetching BTCUSDT from 2024-12-30 09:00:00
2026-04-23 17:19:46,444 | INFO | bybit_fetcher | Fetching BTCUSDT from 2024-12-31 01:40:00
2026-04-23 17:19:46,873 | INFO | bybit_fetcher | Fetching BTCUSDT from 2024-12-31 18:20:00
2026-04-23 17:19:47,293 | INFO | bybit_fetcher | Fetching BTCUSDT from 2025-01-01 11:00:00
2026-04-23 17:19:47,888 | INFO | bybit_fetcher | Fetching BTCUSDT from 2025-01-02 03:40:00
2026-04-23 17:19:48,321 | INFO | bybit_fetcher | Fetching BTCUSDT from 2025-01-02 20:20:00
2026-04-23 17:19:48,756 | INFO | bybit_fetcher | Fetching BTCUSDT from 2025-01-03 13:00:00
2026-04-23 17:19:49,233 | INFO | bybit_fetcher | Fetching BTCUSDT from 2025-01-04 05:40:00
2026-04-23 17:19:49,726 | INFO | bybit_fetcher | Fetching BTCUSDT from 2025-01-04 22:20:00
2026-04-23 17:19:50,226 | INFO | bybit_fetcher | Fetching BTCUSDT from 2025-01-05 15:00:00
2026-04-23 17:19:50,653 | INFO | bybit_fetcher | Fetching BTCUSDT from 2025-01-06 07:40:00
2026-04-23 17:19:51,224 | INFO | bybit_fetcher | Fetching BTCUSDT from 2025-01-07 00:20:00
2026-04-23 17:19:52,003 | INFO | bybit_fetcher | Fetching BTCUSDT from 2025-01-07 17:00:00
2026-04-23 17:19:52,438 | INFO | bybit_fetcher | Fetching BTCUSDT from 2025-01-08 09:40:00
2026-04-23 17:19:52,939 | INFO | bybit_fetcher | Fetching BTCUSDT from 2025-01-09 02:20:00
2026-04-23 17:19:53,434 | INFO | bybit_fetcher | Fetching BTCUSDT from 2025-01-09 19:00:00
2026-04-23 17:19:53,915 | INFO | bybit_fetcher | Fetching BTCUSDT from 2025-01-10 11:40:00
2026-04-23 17:19:54,335 | INFO | bybit_fetcher | Fetching BTCUSDT from 2025-01-11 04:20:00
2026-04-23 17:19:54,773 | INFO | bybit_fetcher | Fetching BTCUSDT from 2025-01-11 21:00:00
2026-04-23 17:19:55,202 | INFO | bybit_fetcher | Fetching BTCUSDT from 2025-01-12 13:40:00
2026-04-23 17:19:55,701 | INFO | bybit_fetcher | Fetching BTCUSDT from 2025-01-13 06:20:00
2026-04-23 17:19:56,137 | INFO | bybit_fetcher | Fetching BTCUSDT from 2025-01-13 23:00:00
2026-04-23 17:19:56,562 | INFO | bybit_fetcher | Fetching BTCUSDT from 2025-01-14 15:40:00
2026-04-23 17:19:57,025 | INFO | bybit_fetcher | Fetching BTCUSDT from 2025-01-15 08:20:00
2026-04-23 17:19:57,534 | INFO | bybit_fetcher | Fetching BTCUSDT from 2025-01-16 01:00:00
2026-04-23 17:19:57,952 | INFO | bybit_fetcher | Fetching BTCUSDT from 2025-01-16 17:40:00
2026-04-23 17:19:58,384 | INFO | bybit_fetcher | Fetching BTCUSDT from 2025-01-17 10:20:00
2026-04-23 17:19:58,886 | INFO | bybit_fetcher | Fetching BTCUSDT from 2025-01-18 03:00:00
2026-04-23 17:19:59,460 | INFO | bybit_fetcher | Fetching BTCUSDT from 2025-01-18 19:40:00
2026-04-23 17:19:59,884 | INFO | bybit_fetcher | Fetching BTCUSDT from 2025-01-19 12:20:00
2026-04-23 17:20:00,321 | INFO | bybit_fetcher | Fetching BTCUSDT from 2025-01-20 05:00:00
2026-04-23 17:20:00,815 | INFO | bybit_fetcher | Fetching BTCUSDT from 2025-01-20 21:40:00
2026-04-23 17:20:01,319 | INFO | bybit_fetcher | Fetching BTCUSDT from 2025-01-21 14:20:00
2026-04-23 17:20:01,748 | INFO | bybit_fetcher | Fetching BTCUSDT from 2025-01-22 07:00:00
2026-04-23 17:20:02,167 | INFO | bybit_fetcher | Fetching BTCUSDT from 2025-01-22 23:40:00
2026-04-23 17:20:02,603 | INFO | bybit_fetcher | Fetching BTCUSDT from 2025-01-23 16:20:00
2026-04-23 17:20:03,067 | INFO | bybit_fetcher | Fetching BTCUSDT from 2025-01-24 09:00:00
2026-04-23 17:20:03,501 | INFO | bybit_fetcher | Fetching BTCUSDT from 2025-01-25 01:40:00
2026-04-23 17:20:03,932 | INFO | bybit_fetcher | Fetching BTCUSDT from 2025-01-25 18:20:00
2026-04-23 17:20:04,505 | INFO | bybit_fetcher | Fetching BTCUSDT from 2025-01-26 11:00:00
2026-04-23 17:20:05,012 | INFO | bybit_fetcher | Fetching BTCUSDT from 2025-01-27 03:40:00
2026-04-23 17:20:05,433 | INFO | bybit_fetcher | Fetching BTCUSDT from 2025-01-27 20:20:00
2026-04-23 17:20:05,854 | INFO | bybit_fetcher | Fetching BTCUSDT from 2025-01-28 13:00:00
2026-04-23 17:20:06,282 | INFO | bybit_fetcher | Fetching BTCUSDT from 2025-01-29 05:40:00
2026-04-23 17:20:06,735 | INFO | bybit_fetcher | Fetching BTCUSDT from 2025-01-29 22:20:00
2026-04-23 17:20:07,264 | INFO | bybit_fetcher | Fetching BTCUSDT from 2025-01-30 15:00:00
2026-04-23 17:20:07,781 | INFO | bybit_fetcher | Fetching BTCUSDT from 2025-01-31 07:40:00
2026-04-23 17:20:08,214 | INFO | bybit_fetcher | Fetching BTCUSDT from 2025-02-01 00:20:00
2026-04-23 17:20:08,632 | INFO | bybit_fetcher | Fetching BTCUSDT from 2025-02-01 17:00:00
2026-04-23 17:20:09,135 | INFO | bybit_fetcher | Fetching BTCUSDT from 2025-02-02 09:40:00
2026-04-23 17:20:09,559 | INFO | bybit_fetcher | Fetching BTCUSDT from 2025-02-03 02:20:00
2026-04-23 17:20:09,979 | INFO | bybit_fetcher | Fetching BTCUSDT from 2025-02-03 19:00:00
2026-04-23 17:20:10,739 | INFO | bybit_fetcher | Fetching BTCUSDT from 2025-02-04 11:40:00
2026-04-23 17:20:11,253 | INFO | bybit_fetcher | Fetching BTCUSDT from 2025-02-05 04:20:00
2026-04-23 17:20:11,761 | INFO | bybit_fetcher | Fetching BTCUSDT from 2025-02-05 21:00:00
2026-04-23 17:20:12,545 | INFO | bybit_fetcher | Fetching BTCUSDT from 2025-02-06 13:40:00
2026-04-23 17:20:13,307 | INFO | bybit_fetcher | Fetching BTCUSDT from 2025-02-07 06:20:00
2026-04-23 17:20:13,820 | INFO | bybit_fetcher | Fetching BTCUSDT from 2025-02-07 23:00:00
2026-04-23 17:20:14,407 | INFO | bybit_fetcher | Fetching BTCUSDT from 2025-02-08 15:40:00
2026-04-23 17:20:15,168 | INFO | bybit_fetcher | Fetching BTCUSDT from 2025-02-09 08:20:00
2026-04-23 17:20:15,912 | INFO | bybit_fetcher | Fetching BTCUSDT from 2025-02-10 01:00:00
2026-04-23 17:20:16,421 | INFO | bybit_fetcher | Fetching BTCUSDT from 2025-02-10 17:40:00
2026-04-23 17:20:17,010 | INFO | bybit_fetcher | Fetching BTCUSDT from 2025-02-11 10:20:00
2026-04-23 17:20:17,517 | INFO | bybit_fetcher | Fetching BTCUSDT from 2025-02-12 03:00:00
2026-04-23 17:20:18,106 | INFO | bybit_fetcher | Fetching BTCUSDT from 2025-02-12 19:40:00
2026-04-23 17:20:18,704 | INFO | bybit_fetcher | Fetching BTCUSDT from 2025-02-13 12:20:00
2026-04-23 17:20:19,209 | INFO | bybit_fetcher | Fetching BTCUSDT from 2025-02-14 05:00:00
2026-04-23 17:20:19,724 | INFO | bybit_fetcher | Fetching BTCUSDT from 2025-02-14 21:40:00
2026-04-23 17:20:20,154 | INFO | bybit_fetcher | Fetching BTCUSDT from 2025-02-15 14:20:00
2026-04-23 17:20:20,743 | INFO | bybit_fetcher | Fetching BTCUSDT from 2025-02-16 07:00:00
2026-04-23 17:20:21,186 | INFO | bybit_fetcher | Fetching BTCUSDT from 2025-02-16 23:40:00
2026-04-23 17:20:21,768 | INFO | bybit_fetcher | Fetching BTCUSDT from 2025-02-17 16:20:00
2026-04-23 17:20:22,354 | INFO | bybit_fetcher | Fetching BTCUSDT from 2025-02-18 09:00:00
2026-04-23 17:20:22,777 | INFO | bybit_fetcher | Fetching BTCUSDT from 2025-02-19 01:40:00
2026-04-23 17:20:23,219 | INFO | bybit_fetcher | Fetching BTCUSDT from 2025-02-19 18:20:00
2026-04-23 17:20:23,749 | INFO | bybit_fetcher | Fetching BTCUSDT from 2025-02-20 11:00:00
2026-04-23 17:20:24,337 | INFO | bybit_fetcher | Fetching BTCUSDT from 2025-02-21 03:40:00
2026-04-23 17:20:24,772 | INFO | bybit_fetcher | Fetching BTCUSDT from 2025-02-21 20:20:00
2026-04-23 17:20:25,368 | INFO | bybit_fetcher | Fetching BTCUSDT from 2025-02-22 13:00:00
2026-04-23 17:20:25,888 | INFO | bybit_fetcher | Fetching BTCUSDT from 2025-02-23 05:40:00
2026-04-23 17:20:26,355 | INFO | bybit_fetcher | Fetching BTCUSDT from 2025-02-23 22:20:00
2026-04-23 17:20:26,871 | INFO | bybit_fetcher | Fetching BTCUSDT from 2025-02-24 15:00:00
2026-04-23 17:20:27,549 | INFO | bybit_fetcher | Fetching BTCUSDT from 2025-02-25 07:40:00
2026-04-23 17:20:28,056 | INFO | bybit_fetcher | Fetching BTCUSDT from 2025-02-26 00:20:00
2026-04-23 17:20:28,820 | INFO | bybit_fetcher | Fetching BTCUSDT from 2025-02-26 17:00:00
2026-04-23 17:20:29,353 | INFO | bybit_fetcher | Fetching BTCUSDT from 2025-02-27 09:40:00
2026-04-23 17:20:29,873 | INFO | bybit_fetcher | Fetching BTCUSDT from 2025-02-28 02:20:00
2026-04-23 17:20:30,471 | INFO | bybit_fetcher | Fetching BTCUSDT from 2025-02-28 19:00:00
2026-04-23 17:20:30,900 | INFO | bybit_fetcher | Fetching BTCUSDT from 2025-03-01 11:40:00
2026-04-23 17:20:31,487 | INFO | bybit_fetcher | Fetching BTCUSDT from 2025-03-02 04:20:00
2026-04-23 17:20:31,901 | INFO | bybit_fetcher | Fetching BTCUSDT from 2025-03-02 21:00:00
2026-04-23 17:20:32,345 | INFO | bybit_fetcher | Fetching BTCUSDT from 2025-03-03 13:40:00
2026-04-23 17:20:32,867 | INFO | bybit_fetcher | Fetching BTCUSDT from 2025-03-04 06:20:00
2026-04-23 17:20:33,368 | INFO | bybit_fetcher | Fetching BTCUSDT from 2025-03-04 23:00:00
2026-04-23 17:20:33,887 | INFO | bybit_fetcher | Fetching BTCUSDT from 2025-03-05 15:40:00
2026-04-23 17:20:34,483 | INFO | bybit_fetcher | Fetching BTCUSDT from 2025-03-06 08:20:00
2026-04-23 17:20:35,007 | INFO | bybit_fetcher | Fetching BTCUSDT from 2025-03-07 01:00:00
2026-04-23 17:20:35,422 | INFO | bybit_fetcher | Fetching BTCUSDT from 2025-03-07 17:40:00
2026-04-23 17:20:36,010 | INFO | bybit_fetcher | Fetching BTCUSDT from 2025-03-08 10:20:00
2026-04-23 17:20:36,547 | INFO | bybit_fetcher | Fetching BTCUSDT from 2025-03-09 03:00:00
2026-04-23 17:20:37,044 | INFO | bybit_fetcher | Fetching BTCUSDT from 2025-03-09 19:40:00
2026-04-23 17:20:37,630 | INFO | bybit_fetcher | Fetching BTCUSDT from 2025-03-10 12:20:00
2026-04-23 17:20:38,061 | INFO | bybit_fetcher | Fetching BTCUSDT from 2025-03-11 05:00:00
2026-04-23 17:20:38,484 | INFO | bybit_fetcher | Fetching BTCUSDT from 2025-03-11 21:40:00
2026-04-23 17:20:38,992 | INFO | bybit_fetcher | Fetching BTCUSDT from 2025-03-12 14:20:00
2026-04-23 17:20:39,494 | INFO | bybit_fetcher | Fetching BTCUSDT from 2025-03-13 07:00:00
2026-04-23 17:20:39,995 | INFO | bybit_fetcher | Fetching BTCUSDT from 2025-03-13 23:40:00
2026-04-23 17:20:40,428 | INFO | bybit_fetcher | Fetching BTCUSDT from 2025-03-14 16:20:00
2026-04-23 17:20:40,930 | INFO | bybit_fetcher | Fetching BTCUSDT from 2025-03-15 09:00:00
2026-04-23 17:20:41,357 | INFO | bybit_fetcher | Fetching BTCUSDT from 2025-03-16 01:40:00
2026-04-23 17:20:41,880 | INFO | bybit_fetcher | Fetching BTCUSDT from 2025-03-16 18:20:00
2026-04-23 17:20:42,373 | INFO | bybit_fetcher | Fetching BTCUSDT from 2025-03-17 11:00:00
2026-04-23 17:20:43,292 | INFO | bybit_fetcher | Fetching BTCUSDT from 2025-03-18 03:40:00
2026-04-23 17:20:43,810 | INFO | bybit_fetcher | Fetching BTCUSDT from 2025-03-18 20:20:00
2026-04-23 17:20:44,247 | INFO | bybit_fetcher | Fetching BTCUSDT from 2025-03-19 13:00:00
2026-04-23 17:20:44,753 | INFO | bybit_fetcher | Fetching BTCUSDT from 2025-03-20 05:40:00
2026-04-23 17:20:45,178 | INFO | bybit_fetcher | Fetching BTCUSDT from 2025-03-20 22:20:00
2026-04-23 17:20:45,607 | INFO | bybit_fetcher | Fetching BTCUSDT from 2025-03-21 15:00:00
2026-04-23 17:20:46,194 | INFO | bybit_fetcher | Fetching BTCUSDT from 2025-03-22 07:40:00
2026-04-23 17:20:46,629 | INFO | bybit_fetcher | Fetching BTCUSDT from 2025-03-23 00:20:00
2026-04-23 17:20:47,220 | INFO | bybit_fetcher | Fetching BTCUSDT from 2025-03-23 17:00:00
2026-04-23 17:20:47,729 | INFO | bybit_fetcher | Fetching BTCUSDT from 2025-03-24 09:40:00
2026-04-23 17:20:48,322 | INFO | bybit_fetcher | Fetching BTCUSDT from 2025-03-25 02:20:00
2026-04-23 17:20:48,752 | INFO | bybit_fetcher | Fetching BTCUSDT from 2025-03-25 19:00:00
2026-04-23 17:20:49,245 | INFO | bybit_fetcher | Fetching BTCUSDT from 2025-03-26 11:40:00
2026-04-23 17:20:49,677 | INFO | bybit_fetcher | Fetching BTCUSDT from 2025-03-27 04:20:00
2026-04-23 17:20:50,173 | INFO | bybit_fetcher | Fetching BTCUSDT from 2025-03-27 21:00:00
2026-04-23 17:20:50,679 | INFO | bybit_fetcher | Fetching BTCUSDT from 2025-03-28 13:40:00
2026-04-23 17:20:51,200 | INFO | bybit_fetcher | Fetching BTCUSDT from 2025-03-29 06:20:00
2026-04-23 17:20:51,623 | INFO | bybit_fetcher | Fetching BTCUSDT from 2025-03-29 23:00:00
2026-04-23 17:20:52,056 | INFO | bybit_fetcher | Fetching BTCUSDT from 2025-03-30 15:40:00
2026-04-23 17:20:52,475 | INFO | bybit_fetcher | Fetching BTCUSDT from 2025-03-31 08:20:00
2026-04-23 17:20:52,970 | INFO | bybit_fetcher | Fetching BTCUSDT from 2025-04-01 01:00:00
2026-04-23 17:20:53,402 | INFO | bybit_fetcher | Fetching BTCUSDT from 2025-04-01 17:40:00
2026-04-23 17:20:53,840 | INFO | bybit_fetcher | Fetching BTCUSDT from 2025-04-02 10:20:00
2026-04-23 17:20:54,268 | INFO | bybit_fetcher | Fetching BTCUSDT from 2025-04-03 03:00:00
2026-04-23 17:20:54,854 | INFO | bybit_fetcher | Fetching BTCUSDT from 2025-04-03 19:40:00
2026-04-23 17:20:55,291 | INFO | bybit_fetcher | Fetching BTCUSDT from 2025-04-04 12:20:00
2026-04-23 17:20:55,820 | INFO | bybit_fetcher | Fetching BTCUSDT from 2025-04-05 05:00:00
2026-04-23 17:20:56,322 | INFO | bybit_fetcher | Fetching BTCUSDT from 2025-04-05 21:40:00
2026-04-23 17:20:56,751 | INFO | bybit_fetcher | Fetching BTCUSDT from 2025-04-06 14:20:00
2026-04-23 17:20:57,185 | INFO | bybit_fetcher | Fetching BTCUSDT from 2025-04-07 07:00:00
2026-04-23 17:20:57,620 | INFO | bybit_fetcher | Fetching BTCUSDT from 2025-04-07 23:40:00
2026-04-23 17:20:58,053 | INFO | bybit_fetcher | Fetching BTCUSDT from 2025-04-08 16:20:00
2026-04-23 17:20:58,538 | INFO | bybit_fetcher | Fetching BTCUSDT from 2025-04-09 09:00:00
2026-04-23 17:20:58,989 | INFO | bybit_fetcher | Fetching BTCUSDT from 2025-04-10 01:40:00
2026-04-23 17:20:59,421 | INFO | bybit_fetcher | Fetching BTCUSDT from 2025-04-10 18:20:00
2026-04-23 17:20:59,849 | INFO | bybit_fetcher | Fetching BTCUSDT from 2025-04-11 11:00:00
2026-04-23 17:21:00,334 | INFO | bybit_fetcher | Fetching BTCUSDT from 2025-04-12 03:40:00
2026-04-23 17:21:00,755 | INFO | bybit_fetcher | Fetching BTCUSDT from 2025-04-12 20:20:00
2026-04-23 17:21:01,186 | INFO | bybit_fetcher | Fetching BTCUSDT from 2025-04-13 13:00:00
2026-04-23 17:21:01,615 | INFO | bybit_fetcher | Fetching BTCUSDT from 2025-04-14 05:40:00
2026-04-23 17:21:02,150 | INFO | bybit_fetcher | Fetching BTCUSDT from 2025-04-14 22:20:00
2026-04-23 17:21:02,667 | INFO | bybit_fetcher | Fetching BTCUSDT from 2025-04-15 15:00:00
2026-04-23 17:21:03,101 | INFO | bybit_fetcher | Fetching BTCUSDT from 2025-04-16 07:40:00
2026-04-23 17:21:03,534 | INFO | bybit_fetcher | Fetching BTCUSDT from 2025-04-17 00:20:00
2026-04-23 17:21:03,984 | INFO | bybit_fetcher | Fetching BTCUSDT from 2025-04-17 17:00:00
2026-04-23 17:21:04,422 | INFO | bybit_fetcher | Fetching BTCUSDT from 2025-04-18 09:40:00
2026-04-23 17:21:04,844 | INFO | bybit_fetcher | Fetching BTCUSDT from 2025-04-19 02:20:00
2026-04-23 17:21:05,282 | INFO | bybit_fetcher | Fetching BTCUSDT from 2025-04-19 19:00:00
2026-04-23 17:21:05,742 | INFO | bybit_fetcher | Fetching BTCUSDT from 2025-04-20 11:40:00
2026-04-23 17:21:06,238 | INFO | bybit_fetcher | Fetching BTCUSDT from 2025-04-21 04:20:00
2026-04-23 17:21:06,764 | INFO | bybit_fetcher | Fetching BTCUSDT from 2025-04-21 21:00:00
2026-04-23 17:21:07,197 | INFO | bybit_fetcher | Fetching BTCUSDT from 2025-04-22 13:40:00
2026-04-23 17:21:07,714 | INFO | bybit_fetcher | Fetching BTCUSDT from 2025-04-23 06:20:00
2026-04-23 17:21:08,214 | INFO | bybit_fetcher | Fetching BTCUSDT from 2025-04-23 23:00:00
2026-04-23 17:21:08,632 | INFO | bybit_fetcher | Fetching BTCUSDT from 2025-04-24 15:40:00
2026-04-23 17:21:09,164 | INFO | bybit_fetcher | Fetching BTCUSDT from 2025-04-25 08:20:00
2026-04-23 17:21:09,733 | INFO | bybit_fetcher | Fetching BTCUSDT from 2025-04-26 01:00:00
2026-04-23 17:21:10,210 | INFO | bybit_fetcher | Fetching BTCUSDT from 2025-04-26 17:40:00
2026-04-23 17:21:10,699 | INFO | bybit_fetcher | Fetching BTCUSDT from 2025-04-27 10:20:00
2026-04-23 17:21:11,147 | INFO | bybit_fetcher | Fetching BTCUSDT from 2025-04-28 03:00:00
2026-04-23 17:21:11,649 | INFO | bybit_fetcher | Fetching BTCUSDT from 2025-04-28 19:40:00
2026-04-23 17:21:12,246 | INFO | bybit_fetcher | Fetching BTCUSDT from 2025-04-29 12:20:00
2026-04-23 17:21:12,663 | INFO | bybit_fetcher | Fetching BTCUSDT from 2025-04-30 05:00:00
2026-04-23 17:21:13,177 | INFO | bybit_fetcher | Fetching BTCUSDT from 2025-04-30 21:40:00
2026-04-23 17:21:13,613 | INFO | bybit_fetcher | Fetching BTCUSDT from 2025-05-01 14:20:00
2026-04-23 17:21:14,094 | INFO | bybit_fetcher | Fetching BTCUSDT from 2025-05-02 07:00:00
2026-04-23 17:21:14,512 | INFO | bybit_fetcher | Fetching BTCUSDT from 2025-05-02 23:40:00
2026-04-23 17:21:15,248 | INFO | bybit_fetcher | Fetching BTCUSDT from 2025-05-03 16:20:00
2026-04-23 17:21:15,677 | INFO | bybit_fetcher | Fetching BTCUSDT from 2025-05-04 09:00:00
2026-04-23 17:21:16,178 | INFO | bybit_fetcher | Fetching BTCUSDT from 2025-05-05 01:40:00
2026-04-23 17:21:16,595 | INFO | bybit_fetcher | Fetching BTCUSDT from 2025-05-05 18:20:00
2026-04-23 17:21:17,025 | INFO | bybit_fetcher | Fetching BTCUSDT from 2025-05-06 11:00:00
2026-04-23 17:21:17,547 | INFO | bybit_fetcher | Fetching BTCUSDT from 2025-05-07 03:40:00
2026-04-23 17:21:18,073 | INFO | bybit_fetcher | Fetching BTCUSDT from 2025-05-07 20:20:00
2026-04-23 17:21:18,507 | INFO | bybit_fetcher | Fetching BTCUSDT from 2025-05-08 13:00:00
2026-04-23 17:21:19,007 | INFO | bybit_fetcher | Fetching BTCUSDT from 2025-05-09 05:40:00
2026-04-23 17:21:19,437 | INFO | bybit_fetcher | Fetching BTCUSDT from 2025-05-09 22:20:00
2026-04-23 17:21:19,858 | INFO | bybit_fetcher | Fetching BTCUSDT from 2025-05-10 15:00:00
2026-04-23 17:21:20,291 | INFO | bybit_fetcher | Fetching BTCUSDT from 2025-05-11 07:40:00
2026-04-23 17:21:20,808 | INFO | bybit_fetcher | Fetching BTCUSDT from 2025-05-12 00:20:00
2026-04-23 17:21:21,326 | INFO | bybit_fetcher | Fetching BTCUSDT from 2025-05-12 17:00:00
2026-04-23 17:21:21,753 | INFO | bybit_fetcher | Fetching BTCUSDT from 2025-05-13 09:40:00
2026-04-23 17:21:22,176 | INFO | bybit_fetcher | Fetching BTCUSDT from 2025-05-14 02:20:00
2026-04-23 17:21:22,693 | INFO | bybit_fetcher | Fetching BTCUSDT from 2025-05-14 19:00:00
2026-04-23 17:21:23,120 | INFO | bybit_fetcher | Fetching BTCUSDT from 2025-05-15 11:40:00
2026-04-23 17:21:23,606 | INFO | bybit_fetcher | Fetching BTCUSDT from 2025-05-16 04:20:00
2026-04-23 17:21:24,106 | INFO | bybit_fetcher | Fetching BTCUSDT from 2025-05-16 21:00:00
2026-04-23 17:21:24,609 | INFO | bybit_fetcher | Fetching BTCUSDT from 2025-05-17 13:40:00
2026-04-23 17:21:25,038 | INFO | bybit_fetcher | Fetching BTCUSDT from 2025-05-18 06:20:00
2026-04-23 17:21:25,700 | INFO | bybit_fetcher | Fetching BTCUSDT from 2025-05-18 23:00:00
2026-04-23 17:21:26,206 | INFO | bybit_fetcher | Fetching BTCUSDT from 2025-05-19 15:40:00
2026-04-23 17:21:26,690 | INFO | bybit_fetcher | Fetching BTCUSDT from 2025-05-20 08:20:00
2026-04-23 17:21:27,192 | INFO | bybit_fetcher | Fetching BTCUSDT from 2025-05-21 01:00:00
2026-04-23 17:21:27,616 | INFO | bybit_fetcher | Fetching BTCUSDT from 2025-05-21 17:40:00
2026-04-23 17:21:28,038 | INFO | bybit_fetcher | Fetching BTCUSDT from 2025-05-22 10:20:00
2026-04-23 17:21:28,531 | INFO | bybit_fetcher | Fetching BTCUSDT from 2025-05-23 03:00:00
2026-04-23 17:21:28,950 | INFO | bybit_fetcher | Fetching BTCUSDT from 2025-05-23 19:40:00
2026-04-23 17:21:29,387 | INFO | bybit_fetcher | Fetching BTCUSDT from 2025-05-24 12:20:00
2026-04-23 17:21:29,828 | INFO | bybit_fetcher | Fetching BTCUSDT from 2025-05-25 05:00:00
2026-04-23 17:21:30,415 | INFO | bybit_fetcher | Fetching BTCUSDT from 2025-05-25 21:40:00
2026-04-23 17:21:30,934 | INFO | bybit_fetcher | Fetching BTCUSDT from 2025-05-26 14:20:00
2026-04-23 17:21:31,354 | INFO | bybit_fetcher | Fetching BTCUSDT from 2025-05-27 07:00:00
2026-04-23 17:21:31,870 | INFO | bybit_fetcher | Fetching BTCUSDT from 2025-05-27 23:40:00
2026-04-23 17:21:32,368 | INFO | bybit_fetcher | Fetching BTCUSDT from 2025-05-28 16:20:00
2026-04-23 17:21:32,866 | INFO | bybit_fetcher | Fetching BTCUSDT from 2025-05-29 09:00:00
2026-04-23 17:21:33,634 | INFO | bybit_fetcher | Fetching BTCUSDT from 2025-05-30 01:40:00
2026-04-23 17:21:34,129 | INFO | bybit_fetcher | Fetching BTCUSDT from 2025-05-30 18:20:00
2026-04-23 17:21:34,619 | INFO | bybit_fetcher | Fetching BTCUSDT from 2025-05-31 11:00:00
2026-04-23 17:21:35,216 | INFO | bybit_fetcher | Fetching BTCUSDT from 2025-06-01 03:40:00
2026-04-23 17:21:35,648 | INFO | bybit_fetcher | Fetching BTCUSDT from 2025-06-01 20:20:00
2026-04-23 17:21:36,067 | INFO | bybit_fetcher | Fetching BTCUSDT from 2025-06-02 13:00:00
2026-04-23 17:21:36,493 | INFO | bybit_fetcher | Fetching BTCUSDT from 2025-06-03 05:40:00
2026-04-23 17:21:36,914 | INFO | bybit_fetcher | Fetching BTCUSDT from 2025-06-03 22:20:00
2026-04-23 17:21:37,329 | INFO | bybit_fetcher | Fetching BTCUSDT from 2025-06-04 15:00:00
2026-04-23 17:21:37,778 | INFO | bybit_fetcher | Fetching BTCUSDT from 2025-06-05 07:40:00
2026-04-23 17:21:38,279 | INFO | bybit_fetcher | Fetching BTCUSDT from 2025-06-06 00:20:00
2026-04-23 17:21:38,698 | INFO | bybit_fetcher | Fetching BTCUSDT from 2025-06-06 17:00:00
2026-04-23 17:21:39,131 | INFO | bybit_fetcher | Fetching BTCUSDT from 2025-06-07 09:40:00
2026-04-23 17:21:39,617 | INFO | bybit_fetcher | Fetching BTCUSDT from 2025-06-08 02:20:00
2026-04-23 17:21:40,136 | INFO | bybit_fetcher | Fetching BTCUSDT from 2025-06-08 19:00:00
2026-04-23 17:21:40,625 | INFO | bybit_fetcher | Fetching BTCUSDT from 2025-06-09 11:40:00
2026-04-23 17:21:41,048 | INFO | bybit_fetcher | Fetching BTCUSDT from 2025-06-10 04:20:00
2026-04-23 17:21:41,465 | INFO | bybit_fetcher | Fetching BTCUSDT from 2025-06-10 21:00:00
2026-04-23 17:21:41,974 | INFO | bybit_fetcher | Fetching BTCUSDT from 2025-06-11 13:40:00
2026-04-23 17:21:42,398 | INFO | bybit_fetcher | Fetching BTCUSDT from 2025-06-12 06:20:00
2026-04-23 17:21:42,979 | INFO | bybit_fetcher | Fetching BTCUSDT from 2025-06-12 23:00:00
2026-04-23 17:21:43,401 | INFO | bybit_fetcher | Fetching BTCUSDT from 2025-06-13 15:40:00
2026-04-23 17:21:44,009 | INFO | bybit_fetcher | Fetching BTCUSDT from 2025-06-14 08:20:00
2026-04-23 17:21:44,428 | INFO | bybit_fetcher | Fetching BTCUSDT from 2025-06-15 01:00:00
2026-04-23 17:21:44,860 | INFO | bybit_fetcher | Fetching BTCUSDT from 2025-06-15 17:40:00
2026-04-23 17:21:45,293 | INFO | bybit_fetcher | Fetching BTCUSDT from 2025-06-16 10:20:00
2026-04-23 17:21:45,778 | INFO | bybit_fetcher | Fetching BTCUSDT from 2025-06-17 03:00:00
2026-04-23 17:21:46,276 | INFO | bybit_fetcher | Fetching BTCUSDT from 2025-06-17 19:40:00
2026-04-23 17:21:46,694 | INFO | bybit_fetcher | Fetching BTCUSDT from 2025-06-18 12:20:00
2026-04-23 17:21:47,195 | INFO | bybit_fetcher | Fetching BTCUSDT from 2025-06-19 05:00:00
2026-04-23 17:21:47,627 | INFO | bybit_fetcher | Fetching BTCUSDT from 2025-06-19 21:40:00
2026-04-23 17:21:48,042 | INFO | bybit_fetcher | Fetching BTCUSDT from 2025-06-20 14:20:00
2026-04-23 17:21:48,540 | INFO | bybit_fetcher | Fetching BTCUSDT from 2025-06-21 07:00:00
2026-04-23 17:21:48,955 | INFO | bybit_fetcher | Fetching BTCUSDT from 2025-06-21 23:40:00
2026-04-23 17:21:49,404 | INFO | bybit_fetcher | Fetching BTCUSDT from 2025-06-22 16:20:00
2026-04-23 17:21:49,824 | INFO | bybit_fetcher | Fetching BTCUSDT from 2025-06-23 09:00:00
2026-04-23 17:21:50,323 | INFO | bybit_fetcher | Fetching BTCUSDT from 2025-06-24 01:40:00
2026-04-23 17:21:50,906 | INFO | bybit_fetcher | Fetching BTCUSDT from 2025-06-24 18:20:00
2026-04-23 17:21:51,421 | INFO | bybit_fetcher | Fetching BTCUSDT from 2025-06-25 11:00:00
2026-04-23 17:21:51,918 | INFO | bybit_fetcher | Fetching BTCUSDT from 2025-06-26 03:40:00
2026-04-23 17:21:52,508 | INFO | bybit_fetcher | Fetching BTCUSDT from 2025-06-26 20:20:00
2026-04-23 17:21:53,024 | INFO | bybit_fetcher | Fetching BTCUSDT from 2025-06-27 13:00:00
2026-04-23 17:21:53,525 | INFO | bybit_fetcher | Fetching BTCUSDT from 2025-06-28 05:40:00
2026-04-23 17:21:54,024 | INFO | bybit_fetcher | Fetching BTCUSDT from 2025-06-28 22:20:00
2026-04-23 17:21:54,622 | INFO | bybit_fetcher | Fetching BTCUSDT from 2025-06-29 15:00:00
2026-04-23 17:21:55,390 | INFO | bybit_fetcher | Fetching BTCUSDT from 2025-06-30 07:40:00
2026-04-23 17:21:55,879 | INFO | bybit_fetcher | Fetching BTCUSDT from 2025-07-01 00:20:00
2026-04-23 17:21:56,303 | INFO | bybit_fetcher | Fetching BTCUSDT from 2025-07-01 17:00:00
2026-04-23 17:21:56,722 | INFO | bybit_fetcher | Fetching BTCUSDT from 2025-07-02 09:40:00
2026-04-23 17:21:57,223 | INFO | bybit_fetcher | Fetching BTCUSDT from 2025-07-03 02:20:00
2026-04-23 17:21:57,650 | INFO | bybit_fetcher | Fetching BTCUSDT from 2025-07-03 19:00:00
2026-04-23 17:21:58,155 | INFO | bybit_fetcher | Fetching BTCUSDT from 2025-07-04 11:40:00
2026-04-23 17:21:58,587 | INFO | bybit_fetcher | Fetching BTCUSDT from 2025-07-05 04:20:00
2026-04-23 17:21:59,087 | INFO | bybit_fetcher | Fetching BTCUSDT from 2025-07-05 21:00:00
2026-04-23 17:21:59,517 | INFO | bybit_fetcher | Fetching BTCUSDT from 2025-07-06 13:40:00
2026-04-23 17:22:00,014 | INFO | bybit_fetcher | Fetching BTCUSDT from 2025-07-07 06:20:00
2026-04-23 17:22:00,586 | INFO | bybit_fetcher | Fetching BTCUSDT from 2025-07-07 23:00:00
2026-04-23 17:22:01,020 | INFO | bybit_fetcher | Fetching BTCUSDT from 2025-07-08 15:40:00
2026-04-23 17:22:01,787 | INFO | bybit_fetcher | Fetching BTCUSDT from 2025-07-09 08:20:00
2026-04-23 17:22:02,383 | INFO | bybit_fetcher | Fetching BTCUSDT from 2025-07-10 01:00:00
2026-04-23 17:22:02,804 | INFO | bybit_fetcher | Fetching BTCUSDT from 2025-07-10 17:40:00
2026-04-23 17:22:03,415 | INFO | bybit_fetcher | Fetching BTCUSDT from 2025-07-11 10:20:00
2026-04-23 17:22:03,914 | INFO | bybit_fetcher | Fetching BTCUSDT from 2025-07-12 03:00:00
2026-04-23 17:22:04,336 | INFO | bybit_fetcher | Fetching BTCUSDT from 2025-07-12 19:40:00
2026-04-23 17:22:04,836 | INFO | bybit_fetcher | Fetching BTCUSDT from 2025-07-13 12:20:00
2026-04-23 17:22:05,248 | INFO | bybit_fetcher | Fetching BTCUSDT from 2025-07-14 05:00:00
2026-04-23 17:22:05,730 | INFO | bybit_fetcher | Fetching BTCUSDT from 2025-07-14 21:40:00
2026-04-23 17:22:06,230 | INFO | bybit_fetcher | Fetching BTCUSDT from 2025-07-15 14:20:00
2026-04-23 17:22:06,827 | INFO | bybit_fetcher | Fetching BTCUSDT from 2025-07-16 07:00:00
2026-04-23 17:22:07,315 | INFO | bybit_fetcher | Fetching BTCUSDT from 2025-07-16 23:40:00
2026-04-23 17:22:07,734 | INFO | bybit_fetcher | Fetching BTCUSDT from 2025-07-17 16:20:00
2026-04-23 17:22:08,315 | INFO | bybit_fetcher | Fetching BTCUSDT from 2025-07-18 09:00:00
2026-04-23 17:22:08,742 | INFO | bybit_fetcher | Fetching BTCUSDT from 2025-07-19 01:40:00
2026-04-23 17:22:09,236 | INFO | bybit_fetcher | Fetching BTCUSDT from 2025-07-19 18:20:00
2026-04-23 17:22:09,746 | INFO | bybit_fetcher | Fetching BTCUSDT from 2025-07-20 11:00:00
2026-04-23 17:22:10,182 | INFO | bybit_fetcher | Fetching BTCUSDT from 2025-07-21 03:40:00
2026-04-23 17:22:10,660 | INFO | bybit_fetcher | Fetching BTCUSDT from 2025-07-21 20:20:00
2026-04-23 17:22:11,238 | INFO | bybit_fetcher | Fetching BTCUSDT from 2025-07-22 13:00:00
2026-04-23 17:22:11,664 | INFO | bybit_fetcher | Fetching BTCUSDT from 2025-07-23 05:40:00
2026-04-23 17:22:12,092 | INFO | bybit_fetcher | Fetching BTCUSDT from 2025-07-23 22:20:00
2026-04-23 17:22:12,526 | INFO | bybit_fetcher | Fetching BTCUSDT from 2025-07-24 15:00:00
2026-04-23 17:22:12,948 | INFO | bybit_fetcher | Fetching BTCUSDT from 2025-07-25 07:40:00
2026-04-23 17:22:13,446 | INFO | bybit_fetcher | Fetching BTCUSDT from 2025-07-26 00:20:00
2026-04-23 17:22:13,876 | INFO | bybit_fetcher | Fetching BTCUSDT from 2025-07-26 17:00:00
2026-04-23 17:22:14,291 | INFO | bybit_fetcher | Fetching BTCUSDT from 2025-07-27 09:40:00
2026-04-23 17:22:14,712 | INFO | bybit_fetcher | Fetching BTCUSDT from 2025-07-28 02:20:00
2026-04-23 17:22:15,294 | INFO | bybit_fetcher | Fetching BTCUSDT from 2025-07-28 19:00:00
2026-04-23 17:22:15,712 | INFO | bybit_fetcher | Fetching BTCUSDT from 2025-07-29 11:40:00
2026-04-23 17:22:16,142 | INFO | bybit_fetcher | Fetching BTCUSDT from 2025-07-30 04:20:00
2026-04-23 17:22:16,717 | INFO | bybit_fetcher | Fetching BTCUSDT from 2025-07-30 21:00:00
2026-04-23 17:22:17,211 | INFO | bybit_fetcher | Fetching BTCUSDT from 2025-07-31 13:40:00
2026-04-23 17:22:17,641 | INFO | bybit_fetcher | Fetching BTCUSDT from 2025-08-01 06:20:00
2026-04-23 17:22:18,128 | INFO | bybit_fetcher | Fetching BTCUSDT from 2025-08-01 23:00:00
2026-04-23 17:22:18,555 | INFO | bybit_fetcher | Fetching BTCUSDT from 2025-08-02 15:40:00
2026-04-23 17:22:19,056 | INFO | bybit_fetcher | Fetching BTCUSDT from 2025-08-03 08:20:00
2026-04-23 17:22:19,556 | INFO | bybit_fetcher | Fetching BTCUSDT from 2025-08-04 01:00:00
2026-04-23 17:22:20,071 | INFO | bybit_fetcher | Fetching BTCUSDT from 2025-08-04 17:40:00
2026-04-23 17:22:20,492 | INFO | bybit_fetcher | Fetching BTCUSDT from 2025-08-05 10:20:00
2026-04-23 17:22:21,005 | INFO | bybit_fetcher | Fetching BTCUSDT from 2025-08-06 03:00:00
2026-04-23 17:22:21,437 | INFO | bybit_fetcher | Fetching BTCUSDT from 2025-08-06 19:40:00
2026-04-23 17:22:21,918 | INFO | bybit_fetcher | Fetching BTCUSDT from 2025-08-07 12:20:00
2026-04-23 17:22:22,345 | INFO | bybit_fetcher | Fetching BTCUSDT from 2025-08-08 05:00:00
2026-04-23 17:22:22,841 | INFO | bybit_fetcher | Fetching BTCUSDT from 2025-08-08 21:40:00
2026-04-23 17:22:23,251 | INFO | bybit_fetcher | Fetching BTCUSDT from 2025-08-09 14:20:00
2026-04-23 17:22:23,670 | INFO | bybit_fetcher | Fetching BTCUSDT from 2025-08-10 07:00:00
2026-04-23 17:22:24,506 | INFO | bybit_fetcher | Fetching BTCUSDT from 2025-08-10 23:40:00
2026-04-23 17:22:25,008 | INFO | bybit_fetcher | Fetching BTCUSDT from 2025-08-11 16:20:00
2026-04-23 17:22:25,608 | INFO | bybit_fetcher | Fetching BTCUSDT from 2025-08-12 09:00:00
2026-04-23 17:22:26,122 | INFO | bybit_fetcher | Fetching BTCUSDT from 2025-08-13 01:40:00
2026-04-23 17:22:26,547 | INFO | bybit_fetcher | Fetching BTCUSDT from 2025-08-13 18:20:00
2026-04-23 17:22:26,968 | INFO | bybit_fetcher | Fetching BTCUSDT from 2025-08-14 11:00:00
2026-04-23 17:22:27,468 | INFO | bybit_fetcher | Fetching BTCUSDT from 2025-08-15 03:40:00
2026-04-23 17:22:27,901 | INFO | bybit_fetcher | Fetching BTCUSDT from 2025-08-15 20:20:00
2026-04-23 17:22:28,321 | INFO | bybit_fetcher | Fetching BTCUSDT from 2025-08-16 13:00:00
2026-04-23 17:22:28,828 | INFO | bybit_fetcher | Fetching BTCUSDT from 2025-08-17 05:40:00
2026-04-23 17:22:29,418 | INFO | bybit_fetcher | Fetching BTCUSDT from 2025-08-17 22:20:00
2026-04-23 17:22:29,920 | INFO | bybit_fetcher | Fetching BTCUSDT from 2025-08-18 15:00:00
2026-04-23 17:22:30,353 | INFO | bybit_fetcher | Fetching BTCUSDT from 2025-08-19 07:40:00
2026-04-23 17:22:30,879 | INFO | bybit_fetcher | Fetching BTCUSDT from 2025-08-20 00:20:00
2026-04-23 17:22:31,375 | INFO | bybit_fetcher | Fetching BTCUSDT from 2025-08-20 17:00:00
2026-04-23 17:22:31,847 | INFO | bybit_fetcher | Fetching BTCUSDT from 2025-08-21 09:40:00
2026-04-23 17:22:32,265 | INFO | bybit_fetcher | Fetching BTCUSDT from 2025-08-22 02:20:00
2026-04-23 17:22:32,684 | INFO | bybit_fetcher | Fetching BTCUSDT from 2025-08-22 19:00:00
2026-04-23 17:22:33,184 | INFO | bybit_fetcher | Fetching BTCUSDT from 2025-08-23 11:40:00
2026-04-23 17:22:33,682 | INFO | bybit_fetcher | Fetching BTCUSDT from 2025-08-24 04:20:00
2026-04-23 17:22:34,197 | INFO | bybit_fetcher | Fetching BTCUSDT from 2025-08-24 21:00:00
2026-04-23 17:22:34,618 | INFO | bybit_fetcher | Fetching BTCUSDT from 2025-08-25 13:40:00
2026-04-23 17:22:35,117 | INFO | bybit_fetcher | Fetching BTCUSDT from 2025-08-26 06:20:00
2026-04-23 17:22:35,698 | INFO | bybit_fetcher | Fetching BTCUSDT from 2025-08-26 23:00:00
2026-04-23 17:22:36,202 | INFO | bybit_fetcher | Fetching BTCUSDT from 2025-08-27 15:40:00
2026-04-23 17:22:36,630 | INFO | bybit_fetcher | Fetching BTCUSDT from 2025-08-28 08:20:00
2026-04-23 17:22:37,063 | INFO | bybit_fetcher | Fetching BTCUSDT from 2025-08-29 01:00:00
2026-04-23 17:22:37,593 | INFO | bybit_fetcher | Fetching BTCUSDT from 2025-08-29 17:40:00
2026-04-23 17:22:38,162 | INFO | bybit_fetcher | Fetching BTCUSDT from 2025-08-30 10:20:00
2026-04-23 17:22:38,577 | INFO | bybit_fetcher | Fetching BTCUSDT from 2025-08-31 03:00:00
2026-04-23 17:22:38,995 | INFO | bybit_fetcher | Fetching BTCUSDT from 2025-08-31 19:40:00
2026-04-23 17:22:39,416 | INFO | bybit_fetcher | Fetching BTCUSDT from 2025-09-01 12:20:00
2026-04-23 17:22:39,931 | INFO | bybit_fetcher | Fetching BTCUSDT from 2025-09-02 05:00:00
2026-04-23 17:22:40,366 | INFO | bybit_fetcher | Fetching BTCUSDT from 2025-09-02 21:40:00
2026-04-23 17:22:40,875 | INFO | bybit_fetcher | Fetching BTCUSDT from 2025-09-03 14:20:00
2026-04-23 17:22:41,312 | INFO | bybit_fetcher | Fetching BTCUSDT from 2025-09-04 07:00:00
2026-04-23 17:22:41,728 | INFO | bybit_fetcher | Fetching BTCUSDT from 2025-09-04 23:40:00
2026-04-23 17:22:42,462 | INFO | bybit_fetcher | Fetching BTCUSDT from 2025-09-05 16:20:00
2026-04-23 17:22:42,880 | INFO | bybit_fetcher | Fetching BTCUSDT from 2025-09-06 09:00:00
2026-04-23 17:22:43,307 | INFO | bybit_fetcher | Fetching BTCUSDT from 2025-09-07 01:40:00
2026-04-23 17:22:43,824 | INFO | bybit_fetcher | Fetching BTCUSDT from 2025-09-07 18:20:00
2026-04-23 17:22:44,342 | INFO | bybit_fetcher | Fetching BTCUSDT from 2025-09-08 11:00:00
2026-04-23 17:22:44,942 | INFO | bybit_fetcher | Fetching BTCUSDT from 2025-09-09 03:40:00
2026-04-23 17:22:45,363 | INFO | bybit_fetcher | Fetching BTCUSDT from 2025-09-09 20:20:00
2026-04-23 17:22:45,877 | INFO | bybit_fetcher | Fetching BTCUSDT from 2025-09-10 13:00:00
2026-04-23 17:22:46,308 | INFO | bybit_fetcher | Fetching BTCUSDT from 2025-09-11 05:40:00
2026-04-23 17:22:46,731 | INFO | bybit_fetcher | Fetching BTCUSDT from 2025-09-11 22:20:00
2026-04-23 17:22:47,312 | INFO | bybit_fetcher | Fetching BTCUSDT from 2025-09-12 15:00:00
2026-04-23 17:22:47,797 | INFO | bybit_fetcher | Fetching BTCUSDT from 2025-09-13 07:40:00
2026-04-23 17:22:48,215 | INFO | bybit_fetcher | Fetching BTCUSDT from 2025-09-14 00:20:00
2026-04-23 17:22:48,645 | INFO | bybit_fetcher | Fetching BTCUSDT from 2025-09-14 17:00:00
2026-04-23 17:22:49,068 | INFO | bybit_fetcher | Fetching BTCUSDT from 2025-09-15 09:40:00
2026-04-23 17:22:49,493 | INFO | bybit_fetcher | Fetching BTCUSDT from 2025-09-16 02:20:00
2026-04-23 17:22:49,994 | INFO | bybit_fetcher | Fetching BTCUSDT from 2025-09-16 19:00:00
2026-04-23 17:22:50,427 | INFO | bybit_fetcher | Fetching BTCUSDT from 2025-09-17 11:40:00
2026-04-23 17:22:51,008 | INFO | bybit_fetcher | Fetching BTCUSDT from 2025-09-18 04:20:00
2026-04-23 17:22:51,607 | INFO | bybit_fetcher | Fetching BTCUSDT from 2025-09-18 21:00:00
2026-04-23 17:22:52,123 | INFO | bybit_fetcher | Fetching BTCUSDT from 2025-09-19 13:40:00
2026-04-23 17:22:52,624 | INFO | bybit_fetcher | Fetching BTCUSDT from 2025-09-20 06:20:00
2026-04-23 17:22:53,156 | INFO | bybit_fetcher | Fetching BTCUSDT from 2025-09-20 23:00:00
2026-04-23 17:22:53,657 | INFO | bybit_fetcher | Fetching BTCUSDT from 2025-09-21 15:40:00
2026-04-23 17:22:54,089 | INFO | bybit_fetcher | Fetching BTCUSDT from 2025-09-22 08:20:00
2026-04-23 17:22:54,523 | INFO | bybit_fetcher | Fetching BTCUSDT from 2025-09-23 01:00:00
2026-04-23 17:22:54,952 | INFO | bybit_fetcher | Fetching BTCUSDT from 2025-09-23 17:40:00
2026-04-23 17:22:55,369 | INFO | bybit_fetcher | Fetching BTCUSDT from 2025-09-24 10:20:00
2026-04-23 17:22:55,869 | INFO | bybit_fetcher | Fetching BTCUSDT from 2025-09-25 03:00:00
2026-04-23 17:22:56,290 | INFO | bybit_fetcher | Fetching BTCUSDT from 2025-09-25 19:40:00
2026-04-23 17:22:56,798 | INFO | bybit_fetcher | Fetching BTCUSDT from 2025-09-26 12:20:00
2026-04-23 17:22:57,248 | INFO | bybit_fetcher | Fetching BTCUSDT from 2025-09-27 05:00:00
2026-04-23 17:22:57,856 | INFO | bybit_fetcher | Fetching BTCUSDT from 2025-09-27 21:40:00
2026-04-23 17:22:58,284 | INFO | bybit_fetcher | Fetching BTCUSDT from 2025-09-28 14:20:00
2026-04-23 17:22:58,706 | INFO | bybit_fetcher | Fetching BTCUSDT from 2025-09-29 07:00:00
2026-04-23 17:22:59,135 | INFO | bybit_fetcher | Fetching BTCUSDT from 2025-09-29 23:40:00
2026-04-23 17:22:59,604 | INFO | bybit_fetcher | Fetching BTCUSDT from 2025-09-30 16:20:00
2026-04-23 17:23:00,038 | INFO | bybit_fetcher | Fetching BTCUSDT from 2025-10-01 09:00:00
2026-04-23 17:23:00,459 | INFO | bybit_fetcher | Fetching BTCUSDT from 2025-10-02 01:40:00
2026-04-23 17:23:00,885 | INFO | bybit_fetcher | Fetching BTCUSDT from 2025-10-02 18:20:00
2026-04-23 17:23:01,304 | INFO | bybit_fetcher | Fetching BTCUSDT from 2025-10-03 11:00:00
2026-04-23 17:23:01,749 | INFO | bybit_fetcher | Fetching BTCUSDT from 2025-10-04 03:40:00
2026-04-23 17:23:02,265 | INFO | bybit_fetcher | Fetching BTCUSDT from 2025-10-04 20:20:00
2026-04-23 17:23:02,767 | INFO | bybit_fetcher | Fetching BTCUSDT from 2025-10-05 13:00:00
2026-04-23 17:23:03,298 | INFO | bybit_fetcher | Fetching BTCUSDT from 2025-10-06 05:40:00
2026-04-23 17:23:03,727 | INFO | bybit_fetcher | Fetching BTCUSDT from 2025-10-06 22:20:00
2026-04-23 17:23:04,319 | INFO | bybit_fetcher | Fetching BTCUSDT from 2025-10-07 15:00:00
2026-04-23 17:23:04,816 | INFO | bybit_fetcher | Fetching BTCUSDT from 2025-10-08 07:40:00
2026-04-23 17:23:05,328 | INFO | bybit_fetcher | Fetching BTCUSDT from 2025-10-09 00:20:00
2026-04-23 17:23:05,752 | INFO | bybit_fetcher | Fetching BTCUSDT from 2025-10-09 17:00:00
2026-04-23 17:23:06,497 | INFO | bybit_fetcher | Fetching BTCUSDT from 2025-10-10 09:40:00
2026-04-23 17:23:06,917 | INFO | bybit_fetcher | Fetching BTCUSDT from 2025-10-11 02:20:00
2026-04-23 17:23:07,341 | INFO | bybit_fetcher | Fetching BTCUSDT from 2025-10-11 19:00:00
2026-04-23 17:23:07,766 | INFO | bybit_fetcher | Fetching BTCUSDT from 2025-10-12 11:40:00
2026-04-23 17:23:08,190 | INFO | bybit_fetcher | Fetching BTCUSDT from 2025-10-13 04:20:00
2026-04-23 17:23:08,633 | INFO | bybit_fetcher | Fetching BTCUSDT from 2025-10-13 21:00:00
2026-04-23 17:23:09,150 | INFO | bybit_fetcher | Fetching BTCUSDT from 2025-10-14 13:40:00
2026-04-23 17:23:09,648 | INFO | bybit_fetcher | Fetching BTCUSDT from 2025-10-15 06:20:00
2026-04-23 17:23:10,234 | INFO | bybit_fetcher | Fetching BTCUSDT from 2025-10-15 23:00:00
2026-04-23 17:23:10,719 | INFO | bybit_fetcher | Fetching BTCUSDT from 2025-10-16 15:40:00
2026-04-23 17:23:11,185 | INFO | bybit_fetcher | Fetching BTCUSDT from 2025-10-17 08:20:00
2026-04-23 17:23:11,617 | INFO | bybit_fetcher | Fetching BTCUSDT from 2025-10-18 01:00:00
2026-04-23 17:23:12,047 | INFO | bybit_fetcher | Fetching BTCUSDT from 2025-10-18 17:40:00
2026-04-23 17:23:12,549 | INFO | bybit_fetcher | Fetching BTCUSDT from 2025-10-19 10:20:00
2026-04-23 17:23:13,061 | INFO | bybit_fetcher | Fetching BTCUSDT from 2025-10-20 03:00:00
2026-04-23 17:23:13,486 | INFO | bybit_fetcher | Fetching BTCUSDT from 2025-10-20 19:40:00
2026-04-23 17:23:13,920 | INFO | bybit_fetcher | Fetching BTCUSDT from 2025-10-21 12:20:00
2026-04-23 17:23:14,411 | INFO | bybit_fetcher | Fetching BTCUSDT from 2025-10-22 05:00:00
2026-04-23 17:23:14,841 | INFO | bybit_fetcher | Fetching BTCUSDT from 2025-10-22 21:40:00
2026-04-23 17:23:15,276 | INFO | bybit_fetcher | Fetching BTCUSDT from 2025-10-23 14:20:00
2026-04-23 17:23:15,710 | INFO | bybit_fetcher | Fetching BTCUSDT from 2025-10-24 07:00:00
2026-04-23 17:23:16,136 | INFO | bybit_fetcher | Fetching BTCUSDT from 2025-10-24 23:40:00
2026-04-23 17:23:16,601 | INFO | bybit_fetcher | Fetching BTCUSDT from 2025-10-25 16:20:00
2026-04-23 17:23:17,027 | INFO | bybit_fetcher | Fetching BTCUSDT from 2025-10-26 09:00:00
2026-04-23 17:23:17,627 | INFO | bybit_fetcher | Fetching BTCUSDT from 2025-10-27 01:40:00
2026-04-23 17:23:18,060 | INFO | bybit_fetcher | Fetching BTCUSDT from 2025-10-27 18:20:00
2026-04-23 17:23:18,481 | INFO | bybit_fetcher | Fetching BTCUSDT from 2025-10-28 11:00:00
2026-04-23 17:23:18,963 | INFO | bybit_fetcher | Fetching BTCUSDT from 2025-10-29 03:40:00
2026-04-23 17:23:19,576 | INFO | bybit_fetcher | Fetching BTCUSDT from 2025-10-29 20:20:00
2026-04-23 17:23:20,088 | INFO | bybit_fetcher | Fetching BTCUSDT from 2025-10-30 13:00:00
2026-04-23 17:23:20,593 | INFO | bybit_fetcher | Fetching BTCUSDT from 2025-10-31 05:40:00
2026-04-23 17:23:21,026 | INFO | bybit_fetcher | Fetching BTCUSDT from 2025-10-31 22:20:00
2026-04-23 17:23:21,517 | INFO | bybit_fetcher | Fetching BTCUSDT from 2025-11-01 15:00:00
2026-04-23 17:23:22,026 | INFO | bybit_fetcher | Fetching BTCUSDT from 2025-11-02 07:40:00
2026-04-23 17:23:22,448 | INFO | bybit_fetcher | Fetching BTCUSDT from 2025-11-03 00:20:00
2026-04-23 17:23:22,875 | INFO | bybit_fetcher | Fetching BTCUSDT from 2025-11-03 17:00:00
2026-04-23 17:23:23,359 | INFO | bybit_fetcher | Fetching BTCUSDT from 2025-11-04 09:40:00
2026-04-23 17:23:23,782 | INFO | bybit_fetcher | Fetching BTCUSDT from 2025-11-05 02:20:00
2026-04-23 17:23:24,281 | INFO | bybit_fetcher | Fetching BTCUSDT from 2025-11-05 19:00:00
2026-04-23 17:23:24,709 | INFO | bybit_fetcher | Fetching BTCUSDT from 2025-11-06 11:40:00
2026-04-23 17:23:25,134 | INFO | bybit_fetcher | Fetching BTCUSDT from 2025-11-07 04:20:00
2026-04-23 17:23:25,565 | INFO | bybit_fetcher | Fetching BTCUSDT from 2025-11-07 21:00:00
2026-04-23 17:23:25,985 | INFO | bybit_fetcher | Fetching BTCUSDT from 2025-11-08 13:40:00
2026-04-23 17:23:26,404 | INFO | bybit_fetcher | Fetching BTCUSDT from 2025-11-09 06:20:00
2026-04-23 17:23:26,830 | INFO | bybit_fetcher | Fetching BTCUSDT from 2025-11-09 23:00:00
2026-04-23 17:23:27,263 | INFO | bybit_fetcher | Fetching BTCUSDT from 2025-11-10 15:40:00
2026-04-23 17:23:27,775 | INFO | bybit_fetcher | Fetching BTCUSDT from 2025-11-11 08:20:00
2026-04-23 17:23:28,210 | INFO | bybit_fetcher | Fetching BTCUSDT from 2025-11-12 01:00:00
2026-04-23 17:23:28,655 | INFO | bybit_fetcher | Fetching BTCUSDT from 2025-11-12 17:40:00
2026-04-23 17:23:29,152 | INFO | bybit_fetcher | Fetching BTCUSDT from 2025-11-13 10:20:00
2026-04-23 17:23:29,573 | INFO | bybit_fetcher | Fetching BTCUSDT from 2025-11-14 03:00:00
2026-04-23 17:23:29,994 | INFO | bybit_fetcher | Fetching BTCUSDT from 2025-11-14 19:40:00
2026-04-23 17:23:30,420 | INFO | bybit_fetcher | Fetching BTCUSDT from 2025-11-15 12:20:00
2026-04-23 17:23:30,933 | INFO | bybit_fetcher | Fetching BTCUSDT from 2025-11-16 05:00:00
2026-04-23 17:23:31,355 | INFO | bybit_fetcher | Fetching BTCUSDT from 2025-11-16 21:40:00
2026-04-23 17:23:31,774 | INFO | bybit_fetcher | Fetching BTCUSDT from 2025-11-17 14:20:00
2026-04-23 17:23:32,281 | INFO | bybit_fetcher | Fetching BTCUSDT from 2025-11-18 07:00:00
2026-04-23 17:23:32,777 | INFO | bybit_fetcher | Fetching BTCUSDT from 2025-11-18 23:40:00
2026-04-23 17:23:33,196 | INFO | bybit_fetcher | Fetching BTCUSDT from 2025-11-19 16:20:00
2026-04-23 17:23:33,797 | INFO | bybit_fetcher | Fetching BTCUSDT from 2025-11-20 09:00:00
2026-04-23 17:23:34,403 | INFO | bybit_fetcher | Fetching BTCUSDT from 2025-11-21 01:40:00
2026-04-23 17:23:34,919 | INFO | bybit_fetcher | Fetching BTCUSDT from 2025-11-21 18:20:00
2026-04-23 17:23:35,344 | INFO | bybit_fetcher | Fetching BTCUSDT from 2025-11-22 11:00:00
2026-04-23 17:23:35,832 | INFO | bybit_fetcher | Fetching BTCUSDT from 2025-11-23 03:40:00
2026-04-23 17:23:36,382 | INFO | bybit_fetcher | Fetching BTCUSDT from 2025-11-23 20:20:00
2026-04-23 17:23:36,821 | INFO | bybit_fetcher | Fetching BTCUSDT from 2025-11-24 13:00:00
2026-04-23 17:23:37,279 | INFO | bybit_fetcher | Fetching BTCUSDT from 2025-11-25 05:40:00
2026-04-23 17:23:37,717 | INFO | bybit_fetcher | Fetching BTCUSDT from 2025-11-25 22:20:00
2026-04-23 17:23:38,144 | INFO | bybit_fetcher | Fetching BTCUSDT from 2025-11-26 15:00:00
2026-04-23 17:23:38,573 | INFO | bybit_fetcher | Fetching BTCUSDT from 2025-11-27 07:40:00
2026-04-23 17:23:39,001 | INFO | bybit_fetcher | Fetching BTCUSDT from 2025-11-28 00:20:00
2026-04-23 17:23:39,422 | INFO | bybit_fetcher | Fetching BTCUSDT from 2025-11-28 17:00:00
2026-04-23 17:23:39,842 | INFO | bybit_fetcher | Fetching BTCUSDT from 2025-11-29 09:40:00
2026-04-23 17:23:40,261 | INFO | bybit_fetcher | Fetching BTCUSDT from 2025-11-30 02:20:00
2026-04-23 17:23:40,680 | INFO | bybit_fetcher | Fetching BTCUSDT from 2025-11-30 19:00:00
2026-04-23 17:23:41,093 | INFO | bybit_fetcher | Fetching BTCUSDT from 2025-12-01 11:40:00
2026-04-23 17:23:41,597 | INFO | bybit_fetcher | Fetching BTCUSDT from 2025-12-02 04:20:00
2026-04-23 17:23:42,029 | INFO | bybit_fetcher | Fetching BTCUSDT from 2025-12-02 21:00:00
2026-04-23 17:23:42,465 | INFO | bybit_fetcher | Fetching BTCUSDT from 2025-12-03 13:40:00
2026-04-23 17:23:42,884 | INFO | bybit_fetcher | Fetching BTCUSDT from 2025-12-04 06:20:00
2026-04-23 17:23:43,313 | INFO | bybit_fetcher | Fetching BTCUSDT from 2025-12-04 23:00:00
2026-04-23 17:23:44,089 | INFO | bybit_fetcher | Fetching BTCUSDT from 2025-12-05 15:40:00
2026-04-23 17:23:44,514 | INFO | bybit_fetcher | Fetching BTCUSDT from 2025-12-06 08:20:00
2026-04-23 17:23:45,017 | INFO | bybit_fetcher | Fetching BTCUSDT from 2025-12-07 01:00:00
2026-04-23 17:23:45,451 | INFO | bybit_fetcher | Fetching BTCUSDT from 2025-12-07 17:40:00
2026-04-23 17:23:45,873 | INFO | bybit_fetcher | Fetching BTCUSDT from 2025-12-08 10:20:00
2026-04-23 17:23:46,294 | INFO | bybit_fetcher | Fetching BTCUSDT from 2025-12-09 03:00:00
2026-04-23 17:23:46,730 | INFO | bybit_fetcher | Fetching BTCUSDT from 2025-12-09 19:40:00
2026-04-23 17:23:47,235 | INFO | bybit_fetcher | Fetching BTCUSDT from 2025-12-10 12:20:00
2026-04-23 17:23:47,666 | INFO | bybit_fetcher | Fetching BTCUSDT from 2025-12-11 05:00:00
2026-04-23 17:23:48,107 | INFO | bybit_fetcher | Fetching BTCUSDT from 2025-12-11 21:40:00
2026-04-23 17:23:48,545 | INFO | bybit_fetcher | Fetching BTCUSDT from 2025-12-12 14:20:00
2026-04-23 17:23:48,998 | INFO | bybit_fetcher | Fetching BTCUSDT from 2025-12-13 07:00:00
2026-04-23 17:23:49,428 | INFO | bybit_fetcher | Fetching BTCUSDT from 2025-12-13 23:40:00
2026-04-23 17:23:49,845 | INFO | bybit_fetcher | Fetching BTCUSDT from 2025-12-14 16:20:00
2026-04-23 17:23:50,360 | INFO | bybit_fetcher | Fetching BTCUSDT from 2025-12-15 09:00:00
2026-04-23 17:23:50,945 | INFO | bybit_fetcher | Fetching BTCUSDT from 2025-12-16 01:40:00
2026-04-23 17:23:51,356 | INFO | bybit_fetcher | Fetching BTCUSDT from 2025-12-16 18:20:00
2026-04-23 17:23:51,952 | INFO | bybit_fetcher | Fetching BTCUSDT from 2025-12-17 11:00:00
2026-04-23 17:23:52,374 | INFO | bybit_fetcher | Fetching BTCUSDT from 2025-12-18 03:40:00
2026-04-23 17:23:52,969 | INFO | bybit_fetcher | Fetching BTCUSDT from 2025-12-18 20:20:00
2026-04-23 17:23:53,462 | INFO | bybit_fetcher | Fetching BTCUSDT from 2025-12-19 13:00:00
2026-04-23 17:23:54,216 | INFO | bybit_fetcher | Fetching BTCUSDT from 2025-12-20 05:40:00
2026-04-23 17:23:54,740 | INFO | bybit_fetcher | Fetching BTCUSDT from 2025-12-20 22:20:00
2026-04-23 17:23:55,337 | INFO | bybit_fetcher | Fetching BTCUSDT from 2025-12-21 15:00:00
2026-04-23 17:23:55,838 | INFO | bybit_fetcher | Fetching BTCUSDT from 2025-12-22 07:40:00
2026-04-23 17:23:56,340 | INFO | bybit_fetcher | Fetching BTCUSDT from 2025-12-23 00:20:00
2026-04-23 17:23:56,784 | INFO | bybit_fetcher | Fetching BTCUSDT from 2025-12-23 17:00:00
2026-04-23 17:23:57,204 | INFO | bybit_fetcher | Fetching BTCUSDT from 2025-12-24 09:40:00
2026-04-23 17:23:57,623 | INFO | bybit_fetcher | Fetching BTCUSDT from 2025-12-25 02:20:00
2026-04-23 17:23:58,197 | INFO | bybit_fetcher | Fetching BTCUSDT from 2025-12-25 19:00:00
2026-04-23 17:23:58,697 | INFO | bybit_fetcher | Fetching BTCUSDT from 2025-12-26 11:40:00
2026-04-23 17:23:59,123 | INFO | bybit_fetcher | Fetching BTCUSDT from 2025-12-27 04:20:00
2026-04-23 17:23:59,541 | INFO | bybit_fetcher | Fetching BTCUSDT from 2025-12-27 21:00:00
2026-04-23 17:24:00,122 | INFO | bybit_fetcher | Fetching BTCUSDT from 2025-12-28 13:40:00
2026-04-23 17:24:00,729 | INFO | bybit_fetcher | Fetching BTCUSDT from 2025-12-29 06:20:00
2026-04-23 17:24:01,181 | INFO | bybit_fetcher | Fetching BTCUSDT from 2025-12-29 23:00:00
2026-04-23 17:24:01,790 | INFO | bybit_fetcher | Fetching BTCUSDT from 2025-12-30 15:40:00
2026-04-23 17:24:02,222 | INFO | bybit_fetcher | Fetching BTCUSDT from 2025-12-31 08:20:00
2026-04-23 17:24:02,653 | INFO | bybit_fetcher | Fetching BTCUSDT from 2026-01-01 01:00:00
2026-04-23 17:24:03,259 | INFO | bybit_fetcher | Fetching BTCUSDT from 2026-01-01 17:40:00
2026-04-23 17:24:03,767 | INFO | bybit_fetcher | Fetching BTCUSDT from 2026-01-02 10:20:00
2026-04-23 17:24:04,196 | INFO | bybit_fetcher | Fetching BTCUSDT from 2026-01-03 03:00:00
2026-04-23 17:24:04,699 | INFO | bybit_fetcher | Fetching BTCUSDT from 2026-01-03 19:40:00
2026-04-23 17:24:05,196 | INFO | bybit_fetcher | Fetching BTCUSDT from 2026-01-04 12:20:00
2026-04-23 17:24:05,621 | INFO | bybit_fetcher | Fetching BTCUSDT from 2026-01-05 05:00:00
2026-04-23 17:24:06,040 | INFO | bybit_fetcher | Fetching BTCUSDT from 2026-01-05 21:40:00
2026-04-23 17:24:06,478 | INFO | bybit_fetcher | Fetching BTCUSDT from 2026-01-06 14:20:00
2026-04-23 17:24:06,916 | INFO | bybit_fetcher | Fetching BTCUSDT from 2026-01-07 07:00:00
2026-04-23 17:24:07,353 | INFO | bybit_fetcher | Fetching BTCUSDT from 2026-01-07 23:40:00
2026-04-23 17:24:07,775 | INFO | bybit_fetcher | Fetching BTCUSDT from 2026-01-08 16:20:00
2026-04-23 17:24:08,196 | INFO | bybit_fetcher | Fetching BTCUSDT from 2026-01-09 09:00:00
2026-04-23 17:24:08,620 | INFO | bybit_fetcher | Fetching BTCUSDT from 2026-01-10 01:40:00
2026-04-23 17:24:09,034 | INFO | bybit_fetcher | Fetching BTCUSDT from 2026-01-10 18:20:00
2026-04-23 17:24:09,533 | INFO | bybit_fetcher | Fetching BTCUSDT from 2026-01-11 11:00:00
2026-04-23 17:24:10,133 | INFO | bybit_fetcher | Fetching BTCUSDT from 2026-01-12 03:40:00
2026-04-23 17:24:10,728 | INFO | bybit_fetcher | Fetching BTCUSDT from 2026-01-12 20:20:00
2026-04-23 17:24:11,150 | INFO | bybit_fetcher | Fetching BTCUSDT from 2026-01-13 13:00:00
2026-04-23 17:24:11,647 | INFO | bybit_fetcher | Fetching BTCUSDT from 2026-01-14 05:40:00
2026-04-23 17:24:12,088 | INFO | bybit_fetcher | Fetching BTCUSDT from 2026-01-14 22:20:00
2026-04-23 17:24:12,602 | INFO | bybit_fetcher | Fetching BTCUSDT from 2026-01-15 15:00:00
2026-04-23 17:24:13,024 | INFO | bybit_fetcher | Fetching BTCUSDT from 2026-01-16 07:40:00
2026-04-23 17:24:13,447 | INFO | bybit_fetcher | Fetching BTCUSDT from 2026-01-17 00:20:00
2026-04-23 17:24:13,868 | INFO | bybit_fetcher | Fetching BTCUSDT from 2026-01-17 17:00:00
2026-04-23 17:24:14,297 | INFO | bybit_fetcher | Fetching BTCUSDT from 2026-01-18 09:40:00
2026-04-23 17:24:14,791 | INFO | bybit_fetcher | Fetching BTCUSDT from 2026-01-19 02:20:00
2026-04-23 17:24:15,209 | INFO | bybit_fetcher | Fetching BTCUSDT from 2026-01-19 19:00:00
2026-04-23 17:24:15,629 | INFO | bybit_fetcher | Fetching BTCUSDT from 2026-01-20 11:40:00
2026-04-23 17:24:16,056 | INFO | bybit_fetcher | Fetching BTCUSDT from 2026-01-21 04:20:00
2026-04-23 17:24:16,476 | INFO | bybit_fetcher | Fetching BTCUSDT from 2026-01-21 21:00:00
2026-04-23 17:24:16,979 | INFO | bybit_fetcher | Fetching BTCUSDT from 2026-01-22 13:40:00
2026-04-23 17:24:17,399 | INFO | bybit_fetcher | Fetching BTCUSDT from 2026-01-23 06:20:00
2026-04-23 17:24:17,885 | INFO | bybit_fetcher | Fetching BTCUSDT from 2026-01-23 23:00:00
2026-04-23 17:24:18,384 | INFO | bybit_fetcher | Fetching BTCUSDT from 2026-01-24 15:40:00
2026-04-23 17:24:18,883 | INFO | bybit_fetcher | Fetching BTCUSDT from 2026-01-25 08:20:00
2026-04-23 17:24:19,379 | INFO | bybit_fetcher | Fetching BTCUSDT from 2026-01-26 01:00:00
2026-04-23 17:24:19,807 | INFO | bybit_fetcher | Fetching BTCUSDT from 2026-01-26 17:40:00
2026-04-23 17:24:20,228 | INFO | bybit_fetcher | Fetching BTCUSDT from 2026-01-27 10:20:00
2026-04-23 17:24:20,645 | INFO | bybit_fetcher | Fetching BTCUSDT from 2026-01-28 03:00:00
2026-04-23 17:24:21,071 | INFO | bybit_fetcher | Fetching BTCUSDT from 2026-01-28 19:40:00
2026-04-23 17:24:21,509 | INFO | bybit_fetcher | Fetching BTCUSDT from 2026-01-29 12:20:00
2026-04-23 17:24:21,930 | INFO | bybit_fetcher | Fetching BTCUSDT from 2026-01-30 05:00:00
2026-04-23 17:24:22,357 | INFO | bybit_fetcher | Fetching BTCUSDT from 2026-01-30 21:40:00
2026-04-23 17:24:22,854 | INFO | bybit_fetcher | Fetching BTCUSDT from 2026-01-31 14:20:00
2026-04-23 17:24:23,359 | INFO | bybit_fetcher | Fetching BTCUSDT from 2026-02-01 07:00:00
2026-04-23 17:24:23,791 | INFO | bybit_fetcher | Fetching BTCUSDT from 2026-02-01 23:40:00
2026-04-23 17:24:24,220 | INFO | bybit_fetcher | Fetching BTCUSDT from 2026-02-02 16:20:00
2026-04-23 17:24:24,640 | INFO | bybit_fetcher | Fetching BTCUSDT from 2026-02-03 09:00:00
2026-04-23 17:24:25,056 | INFO | bybit_fetcher | Fetching BTCUSDT from 2026-02-04 01:40:00
2026-04-23 17:24:25,553 | INFO | bybit_fetcher | Fetching BTCUSDT from 2026-02-04 18:20:00
2026-04-23 17:24:25,990 | INFO | bybit_fetcher | Fetching BTCUSDT from 2026-02-05 11:00:00
2026-04-23 17:24:26,431 | INFO | bybit_fetcher | Fetching BTCUSDT from 2026-02-06 03:40:00
2026-04-23 17:24:26,854 | INFO | bybit_fetcher | Fetching BTCUSDT from 2026-02-06 20:20:00
2026-04-23 17:24:27,291 | INFO | bybit_fetcher | Fetching BTCUSDT from 2026-02-07 13:00:00
2026-04-23 17:24:28,298 | INFO | bybit_fetcher | Fetching BTCUSDT from 2026-02-08 05:40:00
2026-04-23 17:24:28,718 | INFO | bybit_fetcher | Fetching BTCUSDT from 2026-02-08 22:20:00
2026-04-23 17:24:29,197 | INFO | bybit_fetcher | Fetching BTCUSDT from 2026-02-09 15:00:00
2026-04-23 17:24:29,617 | INFO | bybit_fetcher | Fetching BTCUSDT from 2026-02-10 07:40:00
2026-04-23 17:24:30,103 | INFO | bybit_fetcher | Fetching BTCUSDT from 2026-02-11 00:20:00
2026-04-23 17:24:30,541 | INFO | bybit_fetcher | Fetching BTCUSDT from 2026-02-11 17:00:00
2026-04-23 17:24:30,962 | INFO | bybit_fetcher | Fetching BTCUSDT from 2026-02-12 09:40:00
2026-04-23 17:24:31,398 | INFO | bybit_fetcher | Fetching BTCUSDT from 2026-02-13 02:20:00
2026-04-23 17:24:31,900 | INFO | bybit_fetcher | Fetching BTCUSDT from 2026-02-13 19:00:00
2026-04-23 17:24:32,337 | INFO | bybit_fetcher | Fetching BTCUSDT from 2026-02-14 11:40:00
2026-04-23 17:24:32,774 | INFO | bybit_fetcher | Fetching BTCUSDT from 2026-02-15 04:20:00
2026-04-23 17:24:33,275 | INFO | bybit_fetcher | Fetching BTCUSDT from 2026-02-15 21:00:00
2026-04-23 17:24:33,700 | INFO | bybit_fetcher | Fetching BTCUSDT from 2026-02-16 13:40:00
2026-04-23 17:24:34,197 | INFO | bybit_fetcher | Fetching BTCUSDT from 2026-02-17 06:20:00
2026-04-23 17:24:34,791 | INFO | bybit_fetcher | Fetching BTCUSDT from 2026-02-17 23:00:00
2026-04-23 17:24:35,212 | INFO | bybit_fetcher | Fetching BTCUSDT from 2026-02-18 15:40:00
2026-04-23 17:24:35,635 | INFO | bybit_fetcher | Fetching BTCUSDT from 2026-02-19 08:20:00
2026-04-23 17:24:36,068 | INFO | bybit_fetcher | Fetching BTCUSDT from 2026-02-20 01:00:00
2026-04-23 17:24:36,509 | INFO | bybit_fetcher | Fetching BTCUSDT from 2026-02-20 17:40:00
2026-04-23 17:24:37,014 | INFO | bybit_fetcher | Fetching BTCUSDT from 2026-02-21 10:20:00
2026-04-23 17:24:37,432 | INFO | bybit_fetcher | Fetching BTCUSDT from 2026-02-22 03:00:00
2026-04-23 17:24:37,853 | INFO | bybit_fetcher | Fetching BTCUSDT from 2026-02-22 19:40:00
2026-04-23 17:24:38,275 | INFO | bybit_fetcher | Fetching BTCUSDT from 2026-02-23 12:20:00
2026-04-23 17:24:38,699 | INFO | bybit_fetcher | Fetching BTCUSDT from 2026-02-24 05:00:00
2026-04-23 17:24:39,133 | INFO | bybit_fetcher | Fetching BTCUSDT from 2026-02-24 21:40:00
2026-04-23 17:24:39,557 | INFO | bybit_fetcher | Fetching BTCUSDT from 2026-02-25 14:20:00
2026-04-23 17:24:39,977 | INFO | bybit_fetcher | Fetching BTCUSDT from 2026-02-26 07:00:00
2026-04-23 17:24:40,479 | INFO | bybit_fetcher | Fetching BTCUSDT from 2026-02-26 23:40:00
2026-04-23 17:24:40,901 | INFO | bybit_fetcher | Fetching BTCUSDT from 2026-02-27 16:20:00
2026-04-23 17:24:41,396 | INFO | bybit_fetcher | Fetching BTCUSDT from 2026-02-28 09:00:00
2026-04-23 17:24:41,821 | INFO | bybit_fetcher | Fetching BTCUSDT from 2026-03-01 01:40:00
2026-04-23 17:24:42,258 | INFO | bybit_fetcher | Fetching BTCUSDT from 2026-03-01 18:20:00
2026-04-23 17:24:42,915 | INFO | bybit_fetcher | Fetching BTCUSDT from 2026-03-02 11:00:00
2026-04-23 17:24:43,528 | INFO | bybit_fetcher | Fetching BTCUSDT from 2026-03-03 03:40:00
2026-04-23 17:24:44,161 | INFO | bybit_fetcher | Fetching BTCUSDT from 2026-03-03 20:20:00
2026-04-23 17:24:44,932 | INFO | bybit_fetcher | Fetching BTCUSDT from 2026-03-04 13:00:00
2026-04-23 17:24:45,692 | INFO | bybit_fetcher | Fetching BTCUSDT from 2026-03-05 05:40:00
2026-04-23 17:24:46,130 | INFO | bybit_fetcher | Fetching BTCUSDT from 2026-03-05 22:20:00
2026-04-23 17:24:46,635 | INFO | bybit_fetcher | Fetching BTCUSDT from 2026-03-06 15:00:00
2026-04-23 17:24:47,136 | INFO | bybit_fetcher | Fetching BTCUSDT from 2026-03-07 07:40:00
2026-04-23 17:24:47,556 | INFO | bybit_fetcher | Fetching BTCUSDT from 2026-03-08 00:20:00
2026-04-23 17:24:47,977 | INFO | bybit_fetcher | Fetching BTCUSDT from 2026-03-08 17:00:00
2026-04-23 17:24:48,572 | INFO | bybit_fetcher | Fetching BTCUSDT from 2026-03-09 09:40:00
2026-04-23 17:24:49,073 | INFO | bybit_fetcher | Fetching BTCUSDT from 2026-03-10 02:20:00
2026-04-23 17:24:49,503 | INFO | bybit_fetcher | Fetching BTCUSDT from 2026-03-10 19:00:00
2026-04-23 17:24:49,916 | INFO | bybit_fetcher | Fetching BTCUSDT from 2026-03-11 11:40:00
2026-04-23 17:24:50,400 | INFO | bybit_fetcher | Fetching BTCUSDT from 2026-03-12 04:20:00
2026-04-23 17:24:50,822 | INFO | bybit_fetcher | Fetching BTCUSDT from 2026-03-12 21:00:00
2026-04-23 17:24:51,244 | INFO | bybit_fetcher | Fetching BTCUSDT from 2026-03-13 13:40:00
2026-04-23 17:24:51,666 | INFO | bybit_fetcher | Fetching BTCUSDT from 2026-03-14 06:20:00
2026-04-23 17:24:52,088 | INFO | bybit_fetcher | Fetching BTCUSDT from 2026-03-14 23:00:00
2026-04-23 17:24:52,508 | INFO | bybit_fetcher | Fetching BTCUSDT from 2026-03-15 15:40:00
2026-04-23 17:24:52,932 | INFO | bybit_fetcher | Fetching BTCUSDT from 2026-03-16 08:20:00
2026-04-23 17:24:53,352 | INFO | bybit_fetcher | Fetching BTCUSDT from 2026-03-17 01:00:00
2026-04-23 17:24:53,776 | INFO | bybit_fetcher | Fetching BTCUSDT from 2026-03-17 17:40:00
2026-04-23 17:24:54,196 | INFO | bybit_fetcher | Fetching BTCUSDT from 2026-03-18 10:20:00
2026-04-23 17:24:54,622 | INFO | bybit_fetcher | Fetching BTCUSDT from 2026-03-19 03:00:00
2026-04-23 17:24:55,042 | INFO | bybit_fetcher | Fetching BTCUSDT from 2026-03-19 19:40:00
2026-04-23 17:24:55,541 | INFO | bybit_fetcher | Fetching BTCUSDT from 2026-03-20 12:20:00
2026-04-23 17:24:56,124 | INFO | bybit_fetcher | Fetching BTCUSDT from 2026-03-21 05:00:00
2026-04-23 17:24:56,623 | INFO | bybit_fetcher | Fetching BTCUSDT from 2026-03-21 21:40:00
2026-04-23 17:24:57,108 | INFO | bybit_fetcher | Fetching BTCUSDT from 2026-03-22 14:20:00
2026-04-23 17:24:57,603 | INFO | bybit_fetcher | Fetching BTCUSDT from 2026-03-23 07:00:00
2026-04-23 17:24:58,025 | INFO | bybit_fetcher | Fetching BTCUSDT from 2026-03-23 23:40:00
2026-04-23 17:24:58,446 | INFO | bybit_fetcher | Fetching BTCUSDT from 2026-03-24 16:20:00
2026-04-23 17:24:58,869 | INFO | bybit_fetcher | Fetching BTCUSDT from 2026-03-25 09:00:00
2026-04-23 17:24:59,290 | INFO | bybit_fetcher | Fetching BTCUSDT from 2026-03-26 01:40:00
2026-04-23 17:24:59,717 | INFO | bybit_fetcher | Fetching BTCUSDT from 2026-03-26 18:20:00
2026-04-23 17:25:00,137 | INFO | bybit_fetcher | Fetching BTCUSDT from 2026-03-27 11:00:00
2026-04-23 17:25:00,556 | INFO | bybit_fetcher | Fetching BTCUSDT from 2026-03-28 03:40:00
2026-04-23 17:25:01,138 | INFO | bybit_fetcher | Fetching BTCUSDT from 2026-03-28 20:20:00
2026-04-23 17:25:01,716 | INFO | bybit_fetcher | Fetching BTCUSDT from 2026-03-29 13:00:00
2026-04-23 17:25:02,136 | INFO | bybit_fetcher | Fetching BTCUSDT from 2026-03-30 05:40:00
2026-04-23 17:25:02,552 | INFO | bybit_fetcher | Fetching BTCUSDT from 2026-03-30 22:20:00
2026-04-23 17:25:02,978 | INFO | bybit_fetcher | Fetching BTCUSDT from 2026-03-31 15:00:00
2026-04-23 17:25:03,401 | INFO | bybit_fetcher | Fetching BTCUSDT from 2026-04-01 07:40:00
2026-04-23 17:25:03,993 | INFO | bybit_fetcher | Fetching BTCUSDT from 2026-04-02 00:20:00
2026-04-23 17:25:04,494 | INFO | bybit_fetcher | Fetching BTCUSDT from 2026-04-02 17:00:00
2026-04-23 17:25:04,994 | INFO | bybit_fetcher | Fetching BTCUSDT from 2026-04-03 09:40:00
2026-04-23 17:25:05,415 | INFO | bybit_fetcher | Fetching BTCUSDT from 2026-04-04 02:20:00
2026-04-23 17:25:05,917 | INFO | bybit_fetcher | Fetching BTCUSDT from 2026-04-04 19:00:00
2026-04-23 17:25:06,339 | INFO | bybit_fetcher | Fetching BTCUSDT from 2026-04-05 11:40:00
2026-04-23 17:25:06,838 | INFO | bybit_fetcher | Fetching BTCUSDT from 2026-04-06 04:20:00
2026-04-23 17:25:07,261 | INFO | bybit_fetcher | Fetching BTCUSDT from 2026-04-06 21:00:00
2026-04-23 17:25:07,839 | INFO | bybit_fetcher | Fetching BTCUSDT from 2026-04-07 13:40:00
2026-04-23 17:25:08,259 | INFO | bybit_fetcher | Fetching BTCUSDT from 2026-04-08 06:20:00
2026-04-23 17:25:09,009 | INFO | bybit_fetcher | Fetching BTCUSDT from 2026-04-08 23:00:00
2026-04-23 17:25:09,451 | INFO | bybit_fetcher | Fetching BTCUSDT from 2026-04-09 15:40:00
2026-04-23 17:25:09,869 | INFO | bybit_fetcher | Fetching BTCUSDT from 2026-04-10 08:20:00
2026-04-23 17:25:10,292 | INFO | bybit_fetcher | Fetching BTCUSDT from 2026-04-11 01:00:00
2026-04-23 17:25:10,710 | INFO | bybit_fetcher | Fetching BTCUSDT from 2026-04-11 17:40:00
2026-04-23 17:25:11,211 | INFO | bybit_fetcher | Fetching BTCUSDT from 2026-04-12 10:20:00
2026-04-23 17:25:11,695 | INFO | bybit_fetcher | Fetching BTCUSDT from 2026-04-13 03:00:00
2026-04-23 17:25:12,114 | INFO | bybit_fetcher | Fetching BTCUSDT from 2026-04-13 19:40:00
2026-04-23 17:25:12,600 | INFO | bybit_fetcher | Fetching BTCUSDT from 2026-04-14 12:20:00
2026-04-23 17:25:13,026 | INFO | bybit_fetcher | Fetching BTCUSDT from 2026-04-15 05:00:00
2026-04-23 17:25:13,446 | INFO | bybit_fetcher | Fetching BTCUSDT from 2026-04-15 21:40:00
2026-04-23 17:25:14,025 | INFO | bybit_fetcher | Fetching BTCUSDT from 2026-04-16 14:20:00
2026-04-23 17:25:14,463 | INFO | bybit_fetcher | Fetching BTCUSDT from 2026-04-17 07:00:00
2026-04-23 17:25:14,885 | INFO | bybit_fetcher | Fetching BTCUSDT from 2026-04-17 23:40:00
2026-04-23 17:25:15,310 | INFO | bybit_fetcher | Fetching BTCUSDT from 2026-04-18 16:20:00
2026-04-23 17:25:16,056 | INFO | bybit_fetcher | Fetching BTCUSDT from 2026-04-19 09:00:00
2026-04-23 17:25:16,480 | INFO | bybit_fetcher | Fetching BTCUSDT from 2026-04-20 01:40:00
2026-04-23 17:25:16,916 | INFO | bybit_fetcher | Fetching BTCUSDT from 2026-04-20 18:20:00
2026-04-23 17:25:17,339 | INFO | bybit_fetcher | Fetching BTCUSDT from 2026-04-21 11:00:00
2026-04-23 17:25:17,750 | INFO | bybit_fetcher | Fetching BTCUSDT from 2026-04-22 03:40:00
2026-04-23 17:25:18,166 | INFO | bybit_fetcher | Fetching BTCUSDT from 2026-04-22 20:20:00
