2026-02-10 17:37:32,809 | INFO | execution_binance_main | Strategy sig_1h_btc_1 → Highest window value among specified patterns: 30
2026-02-10 17:37:32,815 | INFO | execution_binance_main | Strategy sig_1h_btc_2 → Highest window value among specified patterns: 30
2026-02-11 09:59:49,409 | INFO | execution_binance_main | Strategy sig_1h_btc_1 → ALL columns:
2026-02-11 09:59:49,410 | INFO | execution_binance_main |     strategy: sig_1h_btc_1
2026-02-11 09:59:49,410 | INFO | execution_binance_main |     tp: 3
2026-02-11 09:59:49,410 | INFO | execution_binance_main |     sl: 1
2026-02-11 09:59:49,411 | INFO | execution_binance_main |     symbol: btc
2026-02-11 09:59:49,411 | INFO | execution_binance_main |     timehorizon: 1h
2026-02-11 09:59:49,414 | INFO | execution_binance_main |     pnl_sum: 2563.91
2026-02-11 09:59:49,414 | INFO | execution_binance_main |     ema: True
2026-02-11 09:59:49,414 | INFO | execution_binance_main |     midpoint: True
2026-02-11 09:59:49,415 | INFO | execution_binance_main |     midprice: True
2026-02-11 09:59:49,415 | INFO | execution_binance_main |     sar: True
2026-02-11 09:59:49,415 | INFO | execution_binance_main |     sarext: True
2026-02-11 09:59:49,415 | INFO | execution_binance_main |     trima: True
2026-02-11 09:59:49,417 | INFO | execution_binance_main |     wma: True
2026-02-11 09:59:49,417 | INFO | execution_binance_main |     aroonosc: True
2026-02-11 09:59:49,418 | INFO | execution_binance_main |     bop: True
2026-02-11 09:59:49,418 | INFO | execution_binance_main |     cci: True
2026-02-11 09:59:49,419 | INFO | execution_binance_main |     minus_dm: True
2026-02-11 09:59:49,419 | INFO | execution_binance_main |     plus_di: True
2026-02-11 09:59:49,421 | INFO | execution_binance_main |     plus_dm: True
2026-02-11 09:59:49,421 | INFO | execution_binance_main |     ppo: True
2026-02-11 09:59:49,422 | INFO | execution_binance_main |     roc: True
2026-02-11 09:59:49,422 | INFO | execution_binance_main |     stochf: True
2026-02-11 09:59:49,424 | INFO | execution_binance_main |     trix: True
2026-02-11 09:59:49,425 | INFO | execution_binance_main |     willr: True
2026-02-11 09:59:49,426 | INFO | execution_binance_main |     adosc: True
2026-02-11 09:59:49,426 | INFO | execution_binance_main |     trange: True
2026-02-11 09:59:49,427 | INFO | execution_binance_main |     avgprice: True
2026-02-11 09:59:49,427 | INFO | execution_binance_main |     medprice: True
2026-02-11 09:59:49,428 | INFO | execution_binance_main |     typprice: True
2026-02-11 09:59:49,428 | INFO | execution_binance_main |     ht_dcperiod: True
2026-02-11 09:59:49,429 | INFO | execution_binance_main |     ht_phasor: True
2026-02-11 09:59:49,430 | INFO | execution_binance_main |     ht_trendmode: True
2026-02-11 09:59:49,430 | INFO | execution_binance_main |     linearreg_slope: True
2026-02-11 09:59:49,431 | INFO | execution_binance_main |     stddev: True
2026-02-11 09:59:49,431 | INFO | execution_binance_main |     tsf: True
2026-02-11 09:59:49,432 | INFO | execution_binance_main |     var: True
2026-02-11 09:59:49,432 | INFO | execution_binance_main |     cdl3linestrike: True
2026-02-11 09:59:49,432 | INFO | execution_binance_main |     cdl3starsinsouth: True
2026-02-11 09:59:49,433 | INFO | execution_binance_main |     cdl3whitesoldiers: True
2026-02-11 09:59:49,433 | INFO | execution_binance_main |     cdladvanceblock: True
2026-02-11 09:59:49,434 | INFO | execution_binance_main |     cdlbreakaway: True
2026-02-11 09:59:49,434 | INFO | execution_binance_main |     cdlcounterattack: True
2026-02-11 09:59:49,436 | INFO | execution_binance_main |     cdldarkcloudcover: True
2026-02-11 09:59:49,437 | INFO | execution_binance_main |     cdldojistar: True
2026-02-11 09:59:49,438 | INFO | execution_binance_main |     cdleveningdojistar: True
2026-02-11 09:59:49,439 | INFO | execution_binance_main |     cdlgapsidesidewhite: True
2026-02-11 09:59:49,440 | INFO | execution_binance_main |     cdlgravestonedoji: True
2026-02-11 09:59:49,441 | INFO | execution_binance_main |     cdlhangingman: True
2026-02-11 09:59:49,441 | INFO | execution_binance_main |     cdlharami: True
2026-02-11 09:59:49,441 | INFO | execution_binance_main |     cdlhighwave: True
2026-02-11 09:59:49,442 | INFO | execution_binance_main |     cdlhikkake: True
2026-02-11 09:59:49,442 | INFO | execution_binance_main |     cdlhikkakemod: True
2026-02-11 09:59:49,443 | INFO | execution_binance_main |     cdlidentical3crows: True
2026-02-11 09:59:49,443 | INFO | execution_binance_main |     cdlinneck: True
2026-02-11 09:59:49,443 | INFO | execution_binance_main |     cdlkickingbylength: True
2026-02-11 09:59:49,445 | INFO | execution_binance_main |     cdlladderbottom: True
2026-02-11 09:59:49,445 | INFO | execution_binance_main |     cdllongleggeddoji: True
2026-02-11 09:59:49,445 | INFO | execution_binance_main |     cdlmarubozu: True
2026-02-11 09:59:49,446 | INFO | execution_binance_main |     cdlrisefall3methods: True
2026-02-11 09:59:49,446 | INFO | execution_binance_main |     cdlseparatinglines: True
2026-02-11 09:59:49,446 | INFO | execution_binance_main |     cdlshootingstar: True
2026-02-11 09:59:49,447 | INFO | execution_binance_main |     cdlspinningtop: True
2026-02-11 09:59:49,447 | INFO | execution_binance_main |     cdltakuri: True
2026-02-11 09:59:49,447 | INFO | execution_binance_main |     cdltasukigap: True
2026-02-11 09:59:49,449 | INFO | execution_binance_main |     cdlthrusting: True
2026-02-11 09:59:49,449 | INFO | execution_binance_main |     cdlupsidegap2crows: True
2026-02-11 09:59:49,449 | INFO | execution_binance_main |     cdlxsidegap3methods: True
2026-02-11 09:59:49,449 | INFO | execution_binance_main |     ema_period: 30
2026-02-11 09:59:49,451 | INFO | execution_binance_main |     midpoint_period: 14
2026-02-11 09:59:49,451 | INFO | execution_binance_main |     midprice_period: 14
2026-02-11 09:59:49,451 | INFO | execution_binance_main |     trima_period: 30
2026-02-11 09:59:49,452 | INFO | execution_binance_main |     wma_period: 30
2026-02-11 09:59:49,453 | INFO | execution_binance_main |     aroonosc_period: 14
2026-02-11 09:59:49,453 | INFO | execution_binance_main |     cci_period: 14
2026-02-11 09:59:49,454 | INFO | execution_binance_main |     minus_dm_period: 14
2026-02-11 09:59:49,456 | INFO | execution_binance_main |     plus_di_period: 14
2026-02-11 09:59:49,457 | INFO | execution_binance_main |     plus_dm_period: 14
2026-02-11 09:59:49,458 | INFO | execution_binance_main |     ppo_fastperiod: 12
2026-02-11 09:59:49,458 | INFO | execution_binance_main |     ppo_slowperiod: 26
2026-02-11 09:59:49,459 | INFO | execution_binance_main |     roc_period: 10
2026-02-11 09:59:49,459 | INFO | execution_binance_main |     stochf_fastperiod: 14
2026-02-11 09:59:49,460 | INFO | execution_binance_main |     stochf_slowperiod: 3
2026-02-11 09:59:49,460 | INFO | execution_binance_main |     trix_period: 14
2026-02-11 09:59:49,460 | INFO | execution_binance_main |     willr_period: 14
2026-02-11 09:59:49,461 | INFO | execution_binance_main |     adosc_fastperiod: 3
2026-02-11 09:59:49,461 | INFO | execution_binance_main |     adosc_slowperiod: 10
2026-02-11 09:59:49,461 | INFO | execution_binance_main |     linearreg_slope_period: 14
2026-02-11 09:59:49,462 | INFO | execution_binance_main |     stddev_period: 5
2026-02-11 09:59:49,462 | INFO | execution_binance_main |     tsf_period: 14
2026-02-11 09:59:49,462 | INFO | execution_binance_main |     var_period: 5
2026-02-11 09:59:49,463 | INFO | execution_binance_main | Strategy sig_1h_btc_1 → Highest window value among specified patterns: 30
2026-02-11 09:59:49,468 | INFO | execution_binance_main | Strategy sig_1h_btc_2 → ALL columns:
2026-02-11 09:59:49,468 | INFO | execution_binance_main |     strategy: sig_1h_btc_2
2026-02-11 09:59:49,469 | INFO | execution_binance_main |     tp: 3
2026-02-11 09:59:49,470 | INFO | execution_binance_main |     sl: 1
2026-02-11 09:59:49,470 | INFO | execution_binance_main |     symbol: btc
2026-02-11 09:59:49,471 | INFO | execution_binance_main |     timehorizon: 1h
2026-02-11 09:59:49,471 | INFO | execution_binance_main |     pnl_sum: 2861.18
2026-02-11 09:59:49,473 | INFO | execution_binance_main |     bbands: True
2026-02-11 09:59:49,473 | INFO | execution_binance_main |     dema: True
2026-02-11 09:59:49,473 | INFO | execution_binance_main |     kama: True
2026-02-11 09:59:49,475 | INFO | execution_binance_main |     mama: True
2026-02-11 09:59:49,475 | INFO | execution_binance_main |     midpoint: True
2026-02-11 09:59:49,475 | INFO | execution_binance_main |     midprice: True
2026-02-11 09:59:49,475 | INFO | execution_binance_main |     sma: True
2026-02-11 09:59:49,476 | INFO | execution_binance_main |     tema: True
2026-02-11 09:59:49,476 | INFO | execution_binance_main |     wma: True
2026-02-11 09:59:49,477 | INFO | execution_binance_main |     adxr: True
2026-02-11 09:59:49,477 | INFO | execution_binance_main |     apo: True
2026-02-11 09:59:49,477 | INFO | execution_binance_main |     aroon: True
2026-02-11 09:59:49,479 | INFO | execution_binance_main |     aroonosc: True
2026-02-11 09:59:49,479 | INFO | execution_binance_main |     macdext: True
2026-02-11 09:59:49,479 | INFO | execution_binance_main |     mfi: True
2026-02-11 09:59:49,479 | INFO | execution_binance_main |     mom: True
2026-02-11 09:59:49,479 | INFO | execution_binance_main |     plus_di: True
2026-02-11 09:59:49,479 | INFO | execution_binance_main |     rocr: True
2026-02-11 09:59:49,479 | INFO | execution_binance_main |     rsi: True
2026-02-11 09:59:49,479 | INFO | execution_binance_main |     ad: True
2026-02-11 09:59:49,479 | INFO | execution_binance_main |     adosc: True
2026-02-11 09:59:49,483 | INFO | execution_binance_main |     atr: True
2026-02-11 09:59:49,483 | INFO | execution_binance_main |     natr: True
2026-02-11 09:59:49,483 | INFO | execution_binance_main |     ht_phasor: True
2026-02-11 09:59:49,483 | INFO | execution_binance_main |     linearreg: True
2026-02-11 09:59:49,485 | INFO | execution_binance_main |     linearreg_angle: True
2026-02-11 09:59:49,485 | INFO | execution_binance_main |     linearreg_slope: True
2026-02-11 09:59:49,486 | INFO | execution_binance_main |     var: True
2026-02-11 09:59:49,487 | INFO | execution_binance_main |     cdl2crows: True
2026-02-11 09:59:49,487 | INFO | execution_binance_main |     cdl3blackcrows: True
2026-02-11 09:59:49,488 | INFO | execution_binance_main |     cdl3inside: True
2026-02-11 09:59:49,489 | INFO | execution_binance_main |     cdl3linestrike: True
2026-02-11 09:59:49,490 | INFO | execution_binance_main |     cdl3outside: True
2026-02-11 09:59:49,491 | INFO | execution_binance_main |     cdl3whitesoldiers: True
2026-02-11 09:59:49,491 | INFO | execution_binance_main |     cdlabandonedbaby: True
2026-02-11 09:59:49,491 | INFO | execution_binance_main |     cdladvanceblock: True
2026-02-11 09:59:49,492 | INFO | execution_binance_main |     cdlbelthold: True
2026-02-11 09:59:49,492 | INFO | execution_binance_main |     cdlclosingmarubozu: True
2026-02-11 09:59:49,492 | INFO | execution_binance_main |     cdlconcealbabyswall: True
2026-02-11 09:59:49,494 | INFO | execution_binance_main |     cdldarkcloudcover: True
2026-02-11 09:59:49,494 | INFO | execution_binance_main |     cdldoji: True
2026-02-11 09:59:49,494 | INFO | execution_binance_main |     cdleveningstar: True
2026-02-11 09:59:49,494 | INFO | execution_binance_main |     cdlgravestonedoji: True
2026-02-11 09:59:49,494 | INFO | execution_binance_main |     cdlhammer: True
2026-02-11 09:59:49,494 | INFO | execution_binance_main |     cdlharamicross: True
2026-02-11 09:59:49,496 | INFO | execution_binance_main |     cdlidentical3crows: True
2026-02-11 09:59:49,497 | INFO | execution_binance_main |     cdlinvertedhammer: True
2026-02-11 09:59:49,497 | INFO | execution_binance_main |     cdlkicking: True
2026-02-11 09:59:49,498 | INFO | execution_binance_main |     cdllongleggeddoji: True
2026-02-11 09:59:49,498 | INFO | execution_binance_main |     cdlmatchinglow: True
2026-02-11 09:59:49,498 | INFO | execution_binance_main |     cdlmathold: True
2026-02-11 09:59:49,499 | INFO | execution_binance_main |     cdlmorningdojistar: True
2026-02-11 09:59:49,499 | INFO | execution_binance_main |     cdlonneck: True
2026-02-11 09:59:49,499 | INFO | execution_binance_main |     cdlpiercing: True
2026-02-11 09:59:49,499 | INFO | execution_binance_main |     cdlrickshawman: True
2026-02-11 09:59:49,501 | INFO | execution_binance_main |     cdlshootingstar: True
2026-02-11 09:59:49,501 | INFO | execution_binance_main |     cdlspinningtop: True
2026-02-11 09:59:49,502 | INFO | execution_binance_main |     cdlstalledpattern: True
2026-02-11 09:59:49,502 | INFO | execution_binance_main |     cdltakuri: True
2026-02-11 09:59:49,503 | INFO | execution_binance_main |     cdltasukigap: True
2026-02-11 09:59:49,503 | INFO | execution_binance_main |     cdlthrusting: True
2026-02-11 09:59:49,504 | INFO | execution_binance_main |     cdltristar: True
2026-02-11 09:59:49,504 | INFO | execution_binance_main |     cdlunique3river: True
2026-02-11 09:59:49,506 | INFO | execution_binance_main |     cdlupsidegap2crows: True
2026-02-11 09:59:49,507 | INFO | execution_binance_main |     midpoint_period: 14
2026-02-11 09:59:49,507 | INFO | execution_binance_main |     midprice_period: 14
2026-02-11 09:59:49,507 | INFO | execution_binance_main |     wma_period: 30
2026-02-11 09:59:49,508 | INFO | execution_binance_main |     aroonosc_period: 14
2026-02-11 09:59:49,508 | INFO | execution_binance_main |     plus_di_period: 14
2026-02-11 09:59:49,508 | INFO | execution_binance_main |     adosc_fastperiod: 3
2026-02-11 09:59:49,510 | INFO | execution_binance_main |     adosc_slowperiod: 10
2026-02-11 09:59:49,510 | INFO | execution_binance_main |     linearreg_slope_period: 14
2026-02-11 09:59:49,510 | INFO | execution_binance_main |     var_period: 5
2026-02-11 09:59:49,511 | INFO | execution_binance_main |     bbands_period: 5
2026-02-11 09:59:49,512 | INFO | execution_binance_main |     dema_period: 30
2026-02-11 09:59:49,512 | INFO | execution_binance_main |     kama_period: 10
2026-02-11 09:59:49,512 | INFO | execution_binance_main |     sma_period: 30
2026-02-11 09:59:49,513 | INFO | execution_binance_main |     tema_period: 30
2026-02-11 09:59:49,513 | INFO | execution_binance_main |     adxr_period: 14
2026-02-11 09:59:49,513 | INFO | execution_binance_main |     apo_period: 12
2026-02-11 09:59:49,514 | INFO | execution_binance_main |     aroon_period: 14
2026-02-11 09:59:49,514 | INFO | execution_binance_main |     macdext_fastperiod: 12
2026-02-11 09:59:49,514 | INFO | execution_binance_main |     macdext_slowperiod: 26
2026-02-11 09:59:49,514 | INFO | execution_binance_main |     macdext_signalperiod: 9
2026-02-11 09:59:49,515 | INFO | execution_binance_main |     mfi_period: 14
2026-02-11 09:59:49,515 | INFO | execution_binance_main |     mom_period: 10
2026-02-11 09:59:49,515 | INFO | execution_binance_main |     rocr_period: 10
2026-02-11 09:59:49,516 | INFO | execution_binance_main |     rsi_period: 14
2026-02-11 09:59:49,516 | INFO | execution_binance_main |     atr_period: 14
2026-02-11 09:59:49,516 | INFO | execution_binance_main |     natr_period: 14
2026-02-11 09:59:49,517 | INFO | execution_binance_main |     linearreg_period: 14
2026-02-11 09:59:49,517 | INFO | execution_binance_main |     linearreg_angle_period: 14
2026-02-11 09:59:49,518 | INFO | execution_binance_main | Strategy sig_1h_btc_2 → Highest window value among specified patterns: 30
2026-02-11 09:59:49,524 | INFO | execution_binance_main | Strategy sig_1h_btc_3 → ALL columns:
2026-02-11 09:59:49,524 | INFO | execution_binance_main |     strategy: sig_1h_btc_3
2026-02-11 09:59:49,526 | INFO | execution_binance_main |     tp: 3
2026-02-11 09:59:49,526 | INFO | execution_binance_main |     sl: 1
2026-02-11 09:59:49,526 | INFO | execution_binance_main |     symbol: btc
2026-02-11 09:59:49,527 | INFO | execution_binance_main |     timehorizon: 1h
2026-02-11 09:59:49,527 | INFO | execution_binance_main |     pnl_sum: 2793.51
2026-02-11 09:59:49,527 | INFO | execution_binance_main |     bbands: True
2026-02-11 09:59:49,528 | INFO | execution_binance_main |     ema: True
2026-02-11 09:59:49,528 | INFO | execution_binance_main |     kama: True
2026-02-11 09:59:49,528 | INFO | execution_binance_main |     ma: True
2026-02-11 09:59:49,528 | INFO | execution_binance_main |     mama: True
2026-02-11 09:59:49,528 | INFO | execution_binance_main |     midpoint: True
2026-02-11 09:59:49,530 | INFO | execution_binance_main |     midprice: True
2026-02-11 09:59:49,530 | INFO | execution_binance_main |     sarext: True
2026-02-11 09:59:49,530 | INFO | execution_binance_main |     t3: True
2026-02-11 09:59:49,531 | INFO | execution_binance_main |     trima: True
2026-02-11 09:59:49,531 | INFO | execution_binance_main |     wma: True
2026-02-11 09:59:49,532 | INFO | execution_binance_main |     adxr: True
2026-02-11 09:59:49,532 | INFO | execution_binance_main |     cmo: True
2026-02-11 09:59:49,532 | INFO | execution_binance_main |     macd: True
2026-02-11 09:59:49,533 | INFO | execution_binance_main |     minus_di: True
2026-02-11 09:59:49,533 | INFO | execution_binance_main |     minus_dm: True
2026-02-11 09:59:49,534 | INFO | execution_binance_main |     mom: True
2026-02-11 09:59:49,534 | INFO | execution_binance_main |     plus_di: True
2026-02-11 09:59:49,535 | INFO | execution_binance_main |     roc: True
2026-02-11 09:59:49,536 | INFO | execution_binance_main |     rocp: True
2026-02-11 09:59:49,536 | INFO | execution_binance_main |     stoch: True
2026-02-11 09:59:49,538 | INFO | execution_binance_main |     stochf: True
2026-02-11 09:59:49,538 | INFO | execution_binance_main |     stochrsi: True
2026-02-11 09:59:49,538 | INFO | execution_binance_main |     trix: True
2026-02-11 09:59:49,539 | INFO | execution_binance_main |     willr: True
2026-02-11 09:59:49,541 | INFO | execution_binance_main |     obv: True
2026-02-11 09:59:49,541 | INFO | execution_binance_main |     atr: True
2026-02-11 09:59:49,541 | INFO | execution_binance_main |     natr: True
2026-02-11 09:59:49,542 | INFO | execution_binance_main |     medprice: True
2026-02-11 09:59:49,542 | INFO | execution_binance_main |     ht_sine: True
2026-02-11 09:59:49,542 | INFO | execution_binance_main |     linearreg_angle: True
2026-02-11 09:59:49,544 | INFO | execution_binance_main |     var: True
2026-02-11 09:59:49,544 | INFO | execution_binance_main |     cdl3blackcrows: True
2026-02-11 09:59:49,544 | INFO | execution_binance_main |     cdl3inside: True
2026-02-11 09:59:49,544 | INFO | execution_binance_main |     cdl3outside: True
2026-02-11 09:59:49,547 | INFO | execution_binance_main |     cdl3whitesoldiers: True
2026-02-11 09:59:49,547 | INFO | execution_binance_main |     cdlabandonedbaby: True
2026-02-11 09:59:49,547 | INFO | execution_binance_main |     cdlconcealbabyswall: True
2026-02-11 09:59:49,547 | INFO | execution_binance_main |     cdldojistar: True
2026-02-11 09:59:49,549 | INFO | execution_binance_main |     cdldragonflydoji: True
2026-02-11 09:59:49,549 | INFO | execution_binance_main |     cdleveningstar: True
2026-02-11 09:59:49,550 | INFO | execution_binance_main |     cdlgapsidesidewhite: True
2026-02-11 09:59:49,550 | INFO | execution_binance_main |     cdlgravestonedoji: True
2026-02-11 09:59:49,551 | INFO | execution_binance_main |     cdlhammer: True
2026-02-11 09:59:49,553 | INFO | execution_binance_main |     cdlhangingman: True
2026-02-11 09:59:49,554 | INFO | execution_binance_main |     cdlharamicross: True
2026-02-11 09:59:49,555 | INFO | execution_binance_main |     cdlhighwave: True
2026-02-11 09:59:49,556 | INFO | execution_binance_main |     cdlinneck: True
2026-02-11 09:59:49,556 | INFO | execution_binance_main |     cdlladderbottom: True
2026-02-11 09:59:49,557 | INFO | execution_binance_main |     cdlmarubozu: True
2026-02-11 09:59:49,558 | INFO | execution_binance_main |     cdlmathold: True
2026-02-11 09:59:49,558 | INFO | execution_binance_main |     cdlmorningstar: True
2026-02-11 09:59:49,559 | INFO | execution_binance_main |     cdlpiercing: True
2026-02-11 09:59:49,560 | INFO | execution_binance_main |     cdlrickshawman: True
2026-02-11 09:59:49,560 | INFO | execution_binance_main |     cdlseparatinglines: True
2026-02-11 09:59:49,562 | INFO | execution_binance_main |     cdlspinningtop: True
2026-02-11 09:59:49,563 | INFO | execution_binance_main |     cdlsticksandwich: True
2026-02-11 09:59:49,563 | INFO | execution_binance_main |     cdltakuri: True
2026-02-11 09:59:49,564 | INFO | execution_binance_main |     cdltasukigap: True
2026-02-11 09:59:49,564 | INFO | execution_binance_main |     cdltristar: True
2026-02-11 09:59:49,566 | INFO | execution_binance_main |     cdlunique3river: True
2026-02-11 09:59:49,566 | INFO | execution_binance_main |     cdlupsidegap2crows: True
2026-02-11 09:59:49,567 | INFO | execution_binance_main |     cdlxsidegap3methods: True
2026-02-11 09:59:49,568 | INFO | execution_binance_main |     ema_period: 30
2026-02-11 09:59:49,569 | INFO | execution_binance_main |     midpoint_period: 14
2026-02-11 09:59:49,571 | INFO | execution_binance_main |     midprice_period: 14
2026-02-11 09:59:49,572 | INFO | execution_binance_main |     trima_period: 30
2026-02-11 09:59:49,573 | INFO | execution_binance_main |     wma_period: 30
2026-02-11 09:59:49,574 | INFO | execution_binance_main |     minus_dm_period: 14
2026-02-11 09:59:49,575 | INFO | execution_binance_main |     plus_di_period: 14
2026-02-11 09:59:49,575 | INFO | execution_binance_main |     roc_period: 10
2026-02-11 09:59:49,576 | INFO | execution_binance_main |     stochf_fastperiod: 14
2026-02-11 09:59:49,576 | INFO | execution_binance_main |     stochf_slowperiod: 3
2026-02-11 09:59:49,576 | INFO | execution_binance_main |     trix_period: 14
2026-02-11 09:59:49,577 | INFO | execution_binance_main |     willr_period: 14
2026-02-11 09:59:49,577 | INFO | execution_binance_main |     var_period: 5
2026-02-11 09:59:49,578 | INFO | execution_binance_main |     bbands_period: 5
2026-02-11 09:59:49,579 | INFO | execution_binance_main |     kama_period: 10
2026-02-11 09:59:49,580 | INFO | execution_binance_main |     adxr_period: 14
2026-02-11 09:59:49,581 | INFO | execution_binance_main |     mom_period: 10
2026-02-11 09:59:49,582 | INFO | execution_binance_main |     atr_period: 14
2026-02-11 09:59:49,583 | INFO | execution_binance_main |     natr_period: 14
2026-02-11 09:59:49,583 | INFO | execution_binance_main |     linearreg_angle_period: 14
2026-02-11 09:59:49,584 | INFO | execution_binance_main |     ma_period: 30
2026-02-11 09:59:49,585 | INFO | execution_binance_main |     t3_period: 14
2026-02-11 09:59:49,586 | INFO | execution_binance_main |     cmo_period: 14
2026-02-11 09:59:49,586 | INFO | execution_binance_main |     macd_fastperiod: 12
2026-02-11 09:59:49,588 | INFO | execution_binance_main |     macd_slowperiod: 26
2026-02-11 09:59:49,589 | INFO | execution_binance_main |     macd_signalperiod: 9
2026-02-11 09:59:49,590 | INFO | execution_binance_main |     minus_di_period: 14
2026-02-11 09:59:49,590 | INFO | execution_binance_main |     rocp_period: 10
2026-02-11 09:59:49,591 | INFO | execution_binance_main |     stoch_fastk_period: 14
2026-02-11 09:59:49,591 | INFO | execution_binance_main |     stoch_slowk_period: 3
2026-02-11 09:59:49,592 | INFO | execution_binance_main |     stoch_slowd_period: 3
2026-02-11 09:59:49,593 | INFO | execution_binance_main |     stochrsi_period: 14
2026-02-11 09:59:49,593 | INFO | execution_binance_main | Strategy sig_1h_btc_3 → Highest window value among specified patterns: 30
2026-02-11 09:59:49,595 | INFO | execution_binance_main | Strategy sig_1h_btc_4 → ALL columns:
2026-02-11 09:59:49,595 | INFO | execution_binance_main |     strategy: sig_1h_btc_4
2026-02-11 09:59:49,595 | INFO | execution_binance_main |     tp: 3
2026-02-11 09:59:49,599 | INFO | execution_binance_main |     sl: 1
2026-02-11 09:59:49,599 | INFO | execution_binance_main |     symbol: btc
2026-02-11 09:59:49,601 | INFO | execution_binance_main |     timehorizon: 1h
2026-02-11 09:59:49,601 | INFO | execution_binance_main |     pnl_sum: 2693.99
2026-02-11 09:59:49,602 | INFO | execution_binance_main |     bbands: True
2026-02-11 09:59:49,603 | INFO | execution_binance_main |     dema: True
2026-02-11 09:59:49,604 | INFO | execution_binance_main |     ema: True
2026-02-11 09:59:49,606 | INFO | execution_binance_main |     kama: True
2026-02-11 09:59:49,607 | INFO | execution_binance_main |     ma: True
2026-02-11 09:59:49,608 | INFO | execution_binance_main |     sarext: True
2026-02-11 09:59:49,608 | INFO | execution_binance_main |     trima: True
2026-02-11 09:59:49,609 | INFO | execution_binance_main |     wma: True
2026-02-11 09:59:49,609 | INFO | execution_binance_main |     adx: True
2026-02-11 09:59:49,609 | INFO | execution_binance_main |     apo: True
2026-02-11 09:59:49,610 | INFO | execution_binance_main |     cci: True
2026-02-11 09:59:49,611 | INFO | execution_binance_main |     cmo: True
2026-02-11 09:59:49,611 | INFO | execution_binance_main |     macd: True
2026-02-11 09:59:49,612 | INFO | execution_binance_main |     mfi: True
2026-02-11 09:59:49,612 | INFO | execution_binance_main |     minus_dm: True
2026-02-11 09:59:49,613 | INFO | execution_binance_main |     mom: True
2026-02-11 09:59:49,613 | INFO | execution_binance_main |     ppo: True
2026-02-11 09:59:49,613 | INFO | execution_binance_main |     roc: True
2026-02-11 09:59:49,614 | INFO | execution_binance_main |     stoch: True
2026-02-11 09:59:49,614 | INFO | execution_binance_main |     stochrsi: True
2026-02-11 09:59:49,615 | INFO | execution_binance_main |     willr: True
2026-02-11 09:59:49,615 | INFO | execution_binance_main |     ad: True
2026-02-11 09:59:49,617 | INFO | execution_binance_main |     natr: True
2026-02-11 09:59:49,617 | INFO | execution_binance_main |     avgprice: True
2026-02-11 09:59:49,618 | INFO | execution_binance_main |     wclprice: True
2026-02-11 09:59:49,618 | INFO | execution_binance_main |     ht_phasor: True
2026-02-11 09:59:49,619 | INFO | execution_binance_main |     ht_sine: True
2026-02-11 09:59:49,620 | INFO | execution_binance_main |     ht_trendmode: True
2026-02-11 09:59:49,621 | INFO | execution_binance_main |     tsf: True
2026-02-11 09:59:49,622 | INFO | execution_binance_main |     var: True
2026-02-11 09:59:49,622 | INFO | execution_binance_main |     cdl2crows: True
2026-02-11 09:59:49,624 | INFO | execution_binance_main |     cdl3blackcrows: True
2026-02-11 09:59:49,624 | INFO | execution_binance_main |     cdl3linestrike: True
2026-02-11 09:59:49,625 | INFO | execution_binance_main |     cdl3outside: True
2026-02-11 09:59:49,626 | INFO | execution_binance_main |     cdl3starsinsouth: True
2026-02-11 09:59:49,626 | INFO | execution_binance_main |     cdl3whitesoldiers: True
2026-02-11 09:59:49,626 | INFO | execution_binance_main |     cdlabandonedbaby: True
2026-02-11 09:59:49,626 | INFO | execution_binance_main |     cdlbreakaway: True
2026-02-11 09:59:49,627 | INFO | execution_binance_main |     cdlcounterattack: True
2026-02-11 09:59:49,627 | INFO | execution_binance_main |     cdldoji: True
2026-02-11 09:59:49,627 | INFO | execution_binance_main |     cdlgravestonedoji: True
2026-02-11 09:59:49,629 | INFO | execution_binance_main |     cdlhammer: True
2026-02-11 09:59:49,629 | INFO | execution_binance_main |     cdlidentical3crows: True
2026-02-11 09:59:49,629 | INFO | execution_binance_main |     cdlinneck: True
2026-02-11 09:59:49,629 | INFO | execution_binance_main |     cdlinvertedhammer: True
2026-02-11 09:59:49,629 | INFO | execution_binance_main |     cdlkickingbylength: True
2026-02-11 09:59:49,632 | INFO | execution_binance_main |     cdllongleggeddoji: True
2026-02-11 09:59:49,632 | INFO | execution_binance_main |     cdlmatchinglow: True
2026-02-11 09:59:49,633 | INFO | execution_binance_main |     cdlmathold: True
2026-02-11 09:59:49,633 | INFO | execution_binance_main |     cdlmorningstar: True
2026-02-11 09:59:49,633 | INFO | execution_binance_main |     cdlpiercing: True
2026-02-11 09:59:49,634 | INFO | execution_binance_main |     cdlrickshawman: True
2026-02-11 09:59:49,635 | INFO | execution_binance_main |     cdlrisefall3methods: True
2026-02-11 09:59:49,635 | INFO | execution_binance_main |     cdlstalledpattern: True
2026-02-11 09:59:49,636 | INFO | execution_binance_main |     cdlthrusting: True
2026-02-11 09:59:49,638 | INFO | execution_binance_main |     cdlunique3river: True
2026-02-11 09:59:49,638 | INFO | execution_binance_main |     cdlupsidegap2crows: True
2026-02-11 09:59:49,638 | INFO | execution_binance_main |     ema_period: 30
2026-02-11 09:59:49,640 | INFO | execution_binance_main |     trima_period: 30
2026-02-11 09:59:49,641 | INFO | execution_binance_main |     wma_period: 30
2026-02-11 09:59:49,641 | INFO | execution_binance_main |     cci_period: 14
2026-02-11 09:59:49,642 | INFO | execution_binance_main |     minus_dm_period: 14
2026-02-11 09:59:49,642 | INFO | execution_binance_main |     ppo_fastperiod: 12
2026-02-11 09:59:49,642 | INFO | execution_binance_main |     ppo_slowperiod: 26
2026-02-11 09:59:49,642 | INFO | execution_binance_main |     roc_period: 10
2026-02-11 09:59:49,644 | INFO | execution_binance_main |     willr_period: 14
2026-02-11 09:59:49,644 | INFO | execution_binance_main |     tsf_period: 14
2026-02-11 09:59:49,644 | INFO | execution_binance_main |     var_period: 5
2026-02-11 09:59:49,646 | INFO | execution_binance_main |     bbands_period: 5
2026-02-11 09:59:49,647 | INFO | execution_binance_main |     dema_period: 30
2026-02-11 09:59:49,647 | INFO | execution_binance_main |     kama_period: 10
2026-02-11 09:59:49,648 | INFO | execution_binance_main |     apo_period: 12
2026-02-11 09:59:49,648 | INFO | execution_binance_main |     mfi_period: 14
2026-02-11 09:59:49,648 | INFO | execution_binance_main |     mom_period: 10
2026-02-11 09:59:49,650 | INFO | execution_binance_main |     natr_period: 14
2026-02-11 09:59:49,650 | INFO | execution_binance_main |     ma_period: 30
2026-02-11 09:59:49,650 | INFO | execution_binance_main |     cmo_period: 14
2026-02-11 09:59:49,651 | INFO | execution_binance_main |     macd_fastperiod: 12
2026-02-11 09:59:49,652 | INFO | execution_binance_main |     macd_slowperiod: 26
2026-02-11 09:59:49,653 | INFO | execution_binance_main |     macd_signalperiod: 9
2026-02-11 09:59:49,653 | INFO | execution_binance_main |     stoch_fastk_period: 14
2026-02-11 09:59:49,655 | INFO | execution_binance_main |     stoch_slowk_period: 3
2026-02-11 09:59:49,655 | INFO | execution_binance_main |     stoch_slowd_period: 3
2026-02-11 09:59:49,657 | INFO | execution_binance_main |     stochrsi_period: 14
2026-02-11 09:59:49,657 | INFO | execution_binance_main |     adx_period: 14
2026-02-11 09:59:49,658 | INFO | execution_binance_main | Strategy sig_1h_btc_4 → Highest window value among specified patterns: 30
2026-02-11 09:59:49,661 | INFO | execution_binance_main | Strategy sig_1h_btc_5 → ALL columns:
2026-02-11 09:59:49,661 | INFO | execution_binance_main |     strategy: sig_1h_btc_5
2026-02-11 09:59:49,661 | INFO | execution_binance_main |     tp: 3
2026-02-11 09:59:49,661 | INFO | execution_binance_main |     sl: 1
2026-02-11 09:59:49,667 | INFO | execution_binance_main |     symbol: btc
2026-02-11 09:59:49,667 | INFO | execution_binance_main |     timehorizon: 1h
2026-02-11 09:59:49,668 | INFO | execution_binance_main |     pnl_sum: 3041.4
2026-02-11 09:59:49,668 | INFO | execution_binance_main |     bbands: True
2026-02-11 09:59:49,669 | INFO | execution_binance_main |     dema: True
2026-02-11 09:59:49,670 | INFO | execution_binance_main |     ema: True
2026-02-11 09:59:49,670 | INFO | execution_binance_main |     kama: True
2026-02-11 09:59:49,671 | INFO | execution_binance_main |     mama: True
2026-02-11 09:59:49,671 | INFO | execution_binance_main |     midpoint: True
2026-02-11 09:59:49,674 | INFO | execution_binance_main |     midprice: True
2026-02-11 09:59:49,674 | INFO | execution_binance_main |     sarext: True
2026-02-11 09:59:49,674 | INFO | execution_binance_main |     t3: True
2026-02-11 09:59:49,674 | INFO | execution_binance_main |     tema: True
2026-02-11 09:59:49,676 | INFO | execution_binance_main |     trima: True
2026-02-11 09:59:49,676 | INFO | execution_binance_main |     wma: True
2026-02-11 09:59:49,676 | INFO | execution_binance_main |     adx: True
2026-02-11 09:59:49,676 | INFO | execution_binance_main |     apo: True
2026-02-11 09:59:49,676 | INFO | execution_binance_main |     aroon: True
2026-02-11 09:59:49,676 | INFO | execution_binance_main |     bop: True
2026-02-11 09:59:49,678 | INFO | execution_binance_main |     cmo: True
2026-02-11 09:59:49,678 | INFO | execution_binance_main |     dx: True
2026-02-11 09:59:49,679 | INFO | execution_binance_main |     mfi: True
2026-02-11 09:59:49,679 | INFO | execution_binance_main |     minus_di: True
2026-02-11 09:59:49,679 | INFO | execution_binance_main |     minus_dm: True
2026-02-11 09:59:49,680 | INFO | execution_binance_main |     mom: True
2026-02-11 09:59:49,680 | INFO | execution_binance_main |     plus_di: True
2026-02-11 09:59:49,681 | INFO | execution_binance_main |     ppo: True
2026-02-11 09:59:49,681 | INFO | execution_binance_main |     rocp: True
2026-02-11 09:59:49,682 | INFO | execution_binance_main |     ad: True
2026-02-11 09:59:49,682 | INFO | execution_binance_main |     atr: True
2026-02-11 09:59:49,682 | INFO | execution_binance_main |     natr: True
2026-02-11 09:59:49,684 | INFO | execution_binance_main |     medprice: True
2026-02-11 09:59:49,684 | INFO | execution_binance_main |     wclprice: True
2026-02-11 09:59:49,685 | INFO | execution_binance_main |     ht_dcperiod: True
2026-02-11 09:59:49,686 | INFO | execution_binance_main |     ht_phasor: True
2026-02-11 09:59:49,688 | INFO | execution_binance_main |     ht_trendmode: True
2026-02-11 09:59:49,689 | INFO | execution_binance_main |     var: True
2026-02-11 09:59:49,689 | INFO | execution_binance_main |     cdl3starsinsouth: True
2026-02-11 09:59:49,690 | INFO | execution_binance_main |     cdl3whitesoldiers: True
2026-02-11 09:59:49,691 | INFO | execution_binance_main |     cdlclosingmarubozu: True
2026-02-11 09:59:49,691 | INFO | execution_binance_main |     cdldojistar: True
2026-02-11 09:59:49,691 | INFO | execution_binance_main |     cdlgapsidesidewhite: True
2026-02-11 09:59:49,692 | INFO | execution_binance_main |     cdlhighwave: True
2026-02-11 09:59:49,692 | INFO | execution_binance_main |     cdlhikkake: True
2026-02-11 09:59:49,693 | INFO | execution_binance_main |     cdlhikkakemod: True
2026-02-11 09:59:49,694 | INFO | execution_binance_main |     cdlidentical3crows: True
2026-02-11 09:59:49,695 | INFO | execution_binance_main |     cdlinvertedhammer: True
2026-02-11 09:59:49,695 | INFO | execution_binance_main |     cdlkicking: True
2026-02-11 09:59:49,696 | INFO | execution_binance_main |     cdlladderbottom: True
2026-02-11 09:59:49,696 | INFO | execution_binance_main |     cdlmarubozu: True
2026-02-11 09:59:49,697 | INFO | execution_binance_main |     cdlmorningstar: True
2026-02-11 09:59:49,698 | INFO | execution_binance_main |     cdlpiercing: True
2026-02-11 09:59:49,698 | INFO | execution_binance_main |     cdlrisefall3methods: True
2026-02-11 09:59:49,698 | INFO | execution_binance_main |     cdlspinningtop: True
2026-02-11 09:59:49,699 | INFO | execution_binance_main |     cdlstalledpattern: True
2026-02-11 09:59:49,700 | INFO | execution_binance_main |     cdltakuri: True
2026-02-11 09:59:49,700 | INFO | execution_binance_main |     cdltasukigap: True
2026-02-11 09:59:49,701 | INFO | execution_binance_main |     cdlunique3river: True
2026-02-11 09:59:49,701 | INFO | execution_binance_main |     cdlxsidegap3methods: True
2026-02-11 09:59:49,702 | INFO | execution_binance_main |     ema_period: 30
2026-02-11 09:59:49,702 | INFO | execution_binance_main |     midpoint_period: 14
2026-02-11 09:59:49,703 | INFO | execution_binance_main |     midprice_period: 14
2026-02-11 09:59:49,703 | INFO | execution_binance_main |     trima_period: 30
2026-02-11 09:59:49,704 | INFO | execution_binance_main |     wma_period: 30
2026-02-11 09:59:49,704 | INFO | execution_binance_main |     minus_dm_period: 14
2026-02-11 09:59:49,705 | INFO | execution_binance_main |     plus_di_period: 14
2026-02-11 09:59:49,705 | INFO | execution_binance_main |     ppo_fastperiod: 12
2026-02-11 09:59:49,706 | INFO | execution_binance_main |     ppo_slowperiod: 26
2026-02-11 09:59:49,706 | INFO | execution_binance_main |     var_period: 5
2026-02-11 09:59:49,707 | INFO | execution_binance_main |     bbands_period: 5
2026-02-11 09:59:49,708 | INFO | execution_binance_main |     dema_period: 30
2026-02-11 09:59:49,709 | INFO | execution_binance_main |     kama_period: 10
2026-02-11 09:59:49,710 | INFO | execution_binance_main |     tema_period: 30
2026-02-11 09:59:49,711 | INFO | execution_binance_main |     apo_period: 12
2026-02-11 09:59:49,711 | INFO | execution_binance_main |     aroon_period: 14
2026-02-11 09:59:49,712 | INFO | execution_binance_main |     mfi_period: 14
2026-02-11 09:59:49,712 | INFO | execution_binance_main |     mom_period: 10
2026-02-11 09:59:49,712 | INFO | execution_binance_main |     atr_period: 14
2026-02-11 09:59:49,713 | INFO | execution_binance_main |     natr_period: 14
2026-02-11 09:59:49,713 | INFO | execution_binance_main |     t3_period: 14
2026-02-11 09:59:49,713 | INFO | execution_binance_main |     cmo_period: 14
2026-02-11 09:59:49,713 | INFO | execution_binance_main |     minus_di_period: 14
2026-02-11 09:59:49,716 | INFO | execution_binance_main |     rocp_period: 10
2026-02-11 09:59:49,716 | INFO | execution_binance_main |     adx_period: 14
2026-02-11 09:59:49,716 | INFO | execution_binance_main |     dx_period: 14
2026-02-11 09:59:49,717 | INFO | execution_binance_main | Strategy sig_1h_btc_5 → Highest window value among specified patterns: 30
2026-02-11 09:59:49,722 | INFO | execution_binance_main | Strategy sig_1h_btc_6 → ALL columns:
2026-02-11 09:59:49,723 | INFO | execution_binance_main |     strategy: sig_1h_btc_6
2026-02-11 09:59:49,723 | INFO | execution_binance_main |     tp: 3
2026-02-11 09:59:49,723 | INFO | execution_binance_main |     sl: 1
2026-02-11 09:59:49,724 | INFO | execution_binance_main |     symbol: btc
2026-02-11 09:59:49,724 | INFO | execution_binance_main |     timehorizon: 1h
2026-02-11 09:59:49,724 | INFO | execution_binance_main |     pnl_sum: 3267.14
2026-02-11 09:59:49,725 | INFO | execution_binance_main |     ma: True
2026-02-11 09:59:49,726 | INFO | execution_binance_main |     mama: True
2026-02-11 09:59:49,726 | INFO | execution_binance_main |     midprice: True
2026-02-11 09:59:49,726 | INFO | execution_binance_main |     sma: True
2026-02-11 09:59:49,727 | INFO | execution_binance_main |     wma: True
2026-02-11 09:59:49,727 | INFO | execution_binance_main |     adx: True
2026-02-11 09:59:49,727 | INFO | execution_binance_main |     adxr: True
2026-02-11 09:59:49,727 | INFO | execution_binance_main |     apo: True
2026-02-11 09:59:49,727 | INFO | execution_binance_main |     aroon: True
2026-02-11 09:59:49,727 | INFO | execution_binance_main |     aroonosc: True
2026-02-11 09:59:49,727 | INFO | execution_binance_main |     bop: True
2026-02-11 09:59:49,727 | INFO | execution_binance_main |     cmo: True
2026-02-11 09:59:49,727 | INFO | execution_binance_main |     macd: True
2026-02-11 09:59:49,727 | INFO | execution_binance_main |     minus_dm: True
2026-02-11 09:59:49,727 | INFO | execution_binance_main |     mom: True
2026-02-11 09:59:49,731 | INFO | execution_binance_main |     plus_di: True
2026-02-11 09:59:49,731 | INFO | execution_binance_main |     roc: True
2026-02-11 09:59:49,731 | INFO | execution_binance_main |     rocr100: True
2026-02-11 09:59:49,732 | INFO | execution_binance_main |     stoch: True
2026-02-11 09:59:49,732 | INFO | execution_binance_main |     stochrsi: True
2026-02-11 09:59:49,732 | INFO | execution_binance_main |     willr: True
2026-02-11 09:59:49,733 | INFO | execution_binance_main |     obv: True
2026-02-11 09:59:49,733 | INFO | execution_binance_main |     natr: True
2026-02-11 09:59:49,733 | INFO | execution_binance_main |     wclprice: True
2026-02-11 09:59:49,734 | INFO | execution_binance_main |     ht_dcperiod: True
2026-02-11 09:59:49,734 | INFO | execution_binance_main |     ht_dcphase: True
2026-02-11 09:59:49,735 | INFO | execution_binance_main |     ht_phasor: True
2026-02-11 09:59:49,736 | INFO | execution_binance_main |     stddev: True
2026-02-11 09:59:49,736 | INFO | execution_binance_main |     tsf: True
2026-02-11 09:59:49,737 | INFO | execution_binance_main |     var: True
2026-02-11 09:59:49,738 | INFO | execution_binance_main |     cdl2crows: True
2026-02-11 09:59:49,738 | INFO | execution_binance_main |     cdl3blackcrows: True
2026-02-11 09:59:49,740 | INFO | execution_binance_main |     cdl3linestrike: True
2026-02-11 09:59:49,741 | INFO | execution_binance_main |     cdl3outside: True
2026-02-11 09:59:49,741 | INFO | execution_binance_main |     cdl3starsinsouth: True
2026-02-11 09:59:49,742 | INFO | execution_binance_main |     cdlabandonedbaby: True
2026-02-11 09:59:49,742 | INFO | execution_binance_main |     cdlbreakaway: True
2026-02-11 09:59:49,742 | INFO | execution_binance_main |     cdlclosingmarubozu: True
2026-02-11 09:59:49,743 | INFO | execution_binance_main |     cdlconcealbabyswall: True
2026-02-11 09:59:49,743 | INFO | execution_binance_main |     cdlcounterattack: True
2026-02-11 09:59:49,743 | INFO | execution_binance_main |     cdldarkcloudcover: True
2026-02-11 09:59:49,745 | INFO | execution_binance_main |     cdldoji: True
2026-02-11 09:59:49,745 | INFO | execution_binance_main |     cdleveningdojistar: True
2026-02-11 09:59:49,745 | INFO | execution_binance_main |     cdleveningstar: True
2026-02-11 09:59:49,745 | INFO | execution_binance_main |     cdlgravestonedoji: True
2026-02-11 09:59:49,745 | INFO | execution_binance_main |     cdlhangingman: True
2026-02-11 09:59:49,747 | INFO | execution_binance_main |     cdlhighwave: True
2026-02-11 09:59:49,747 | INFO | execution_binance_main |     cdlhikkakemod: True
2026-02-11 09:59:49,747 | INFO | execution_binance_main |     cdlidentical3crows: True
2026-02-11 09:59:49,748 | INFO | execution_binance_main |     cdlinneck: True
2026-02-11 09:59:49,748 | INFO | execution_binance_main |     cdlkicking: True
2026-02-11 09:59:49,748 | INFO | execution_binance_main |     cdllongleggeddoji: True
2026-02-11 09:59:49,749 | INFO | execution_binance_main |     cdllongline: True
2026-02-11 09:59:49,749 | INFO | execution_binance_main |     cdlmarubozu: True
2026-02-11 09:59:49,749 | INFO | execution_binance_main |     cdlonneck: True
2026-02-11 09:59:49,751 | INFO | execution_binance_main |     cdlpiercing: True
2026-02-11 09:59:49,751 | INFO | execution_binance_main |     cdlseparatinglines: True
2026-02-11 09:59:49,752 | INFO | execution_binance_main |     cdlshootingstar: True
2026-02-11 09:59:49,753 | INFO | execution_binance_main |     cdlshortline: True
2026-02-11 09:59:49,753 | INFO | execution_binance_main |     cdlstalledpattern: True
2026-02-11 09:59:49,755 | INFO | execution_binance_main |     cdlunique3river: True
2026-02-11 09:59:49,755 | INFO | execution_binance_main |     midprice_period: 14
2026-02-11 09:59:49,756 | INFO | execution_binance_main |     wma_period: 30
2026-02-11 09:59:49,757 | INFO | execution_binance_main |     aroonosc_period: 14
2026-02-11 09:59:49,758 | INFO | execution_binance_main |     minus_dm_period: 14
2026-02-11 09:59:49,758 | INFO | execution_binance_main |     plus_di_period: 14
2026-02-11 09:59:49,759 | INFO | execution_binance_main |     roc_period: 10
2026-02-11 09:59:49,759 | INFO | execution_binance_main |     willr_period: 14
2026-02-11 09:59:49,759 | INFO | execution_binance_main |     stddev_period: 5
2026-02-11 09:59:49,760 | INFO | execution_binance_main |     tsf_period: 14
2026-02-11 09:59:49,760 | INFO | execution_binance_main |     var_period: 5
2026-02-11 09:59:49,760 | INFO | execution_binance_main |     sma_period: 30
2026-02-11 09:59:49,760 | INFO | execution_binance_main |     adxr_period: 14
2026-02-11 09:59:49,760 | INFO | execution_binance_main |     apo_period: 12
2026-02-11 09:59:49,760 | INFO | execution_binance_main |     aroon_period: 14
2026-02-11 09:59:49,760 | INFO | execution_binance_main |     mom_period: 10
2026-02-11 09:59:49,760 | INFO | execution_binance_main |     natr_period: 14
2026-02-11 09:59:49,760 | INFO | execution_binance_main |     ma_period: 30
2026-02-11 09:59:49,760 | INFO | execution_binance_main |     cmo_period: 14
2026-02-11 09:59:49,760 | INFO | execution_binance_main |     macd_fastperiod: 12
2026-02-11 09:59:49,760 | INFO | execution_binance_main |     macd_slowperiod: 26
2026-02-11 09:59:49,764 | INFO | execution_binance_main |     macd_signalperiod: 9
2026-02-11 09:59:49,764 | INFO | execution_binance_main |     stoch_fastk_period: 14
2026-02-11 09:59:49,765 | INFO | execution_binance_main |     stoch_slowk_period: 3
2026-02-11 09:59:49,765 | INFO | execution_binance_main |     stoch_slowd_period: 3
2026-02-11 09:59:49,765 | INFO | execution_binance_main |     stochrsi_period: 14
2026-02-11 09:59:49,766 | INFO | execution_binance_main |     adx_period: 14
2026-02-11 09:59:49,766 | INFO | execution_binance_main |     rocr100_period: 10
2026-02-11 09:59:49,766 | INFO | execution_binance_main | Strategy sig_1h_btc_6 → Highest window value among specified patterns: 30
2026-02-11 09:59:49,773 | INFO | execution_binance_main | Strategy sig_1h_btc_7 → ALL columns:
2026-02-11 09:59:49,775 | INFO | execution_binance_main |     strategy: sig_1h_btc_7
2026-02-11 09:59:49,775 | INFO | execution_binance_main |     tp: 3
2026-02-11 09:59:49,775 | INFO | execution_binance_main |     sl: 1
2026-02-11 09:59:49,776 | INFO | execution_binance_main |     symbol: btc
2026-02-11 09:59:49,776 | INFO | execution_binance_main |     timehorizon: 1h
2026-02-11 09:59:49,777 | INFO | execution_binance_main |     pnl_sum: 2353.71
2026-02-11 09:59:49,777 | INFO | execution_binance_main |     ma: True
2026-02-11 09:59:49,777 | INFO | execution_binance_main |     mama: True
2026-02-11 09:59:49,777 | INFO | execution_binance_main |     sarext: True
2026-02-11 09:59:49,779 | INFO | execution_binance_main |     t3: True
2026-02-11 09:59:49,779 | INFO | execution_binance_main |     tema: True
2026-02-11 09:59:49,779 | INFO | execution_binance_main |     trima: True
2026-02-11 09:59:49,779 | INFO | execution_binance_main |     apo: True
2026-02-11 09:59:49,779 | INFO | execution_binance_main |     cci: True
2026-02-11 09:59:49,780 | INFO | execution_binance_main |     macdext: True
2026-02-11 09:59:49,780 | INFO | execution_binance_main |     mfi: True
2026-02-11 09:59:49,780 | INFO | execution_binance_main |     minus_dm: True
2026-02-11 09:59:49,780 | INFO | execution_binance_main |     roc: True
2026-02-11 09:59:49,782 | INFO | execution_binance_main |     rocp: True
2026-02-11 09:59:49,782 | INFO | execution_binance_main |     rocr: True
2026-02-11 09:59:49,782 | INFO | execution_binance_main |     rocr100: True
2026-02-11 09:59:49,782 | INFO | execution_binance_main |     stochrsi: True
2026-02-11 09:59:49,783 | INFO | execution_binance_main |     trix: True
2026-02-11 09:59:49,783 | INFO | execution_binance_main |     obv: True
2026-02-11 09:59:49,783 | INFO | execution_binance_main |     atr: True
2026-02-11 09:59:49,783 | INFO | execution_binance_main |     trange: True
2026-02-11 09:59:49,784 | INFO | execution_binance_main |     wclprice: True
2026-02-11 09:59:49,784 | INFO | execution_binance_main |     linearreg_angle: True
2026-02-11 09:59:49,786 | INFO | execution_binance_main |     linearreg_slope: True
2026-02-11 09:59:49,786 | INFO | execution_binance_main |     cdl2crows: True
2026-02-11 09:59:49,787 | INFO | execution_binance_main |     cdl3blackcrows: True
2026-02-11 09:59:49,787 | INFO | execution_binance_main |     cdl3starsinsouth: True
2026-02-11 09:59:49,787 | INFO | execution_binance_main |     cdl3whitesoldiers: True
2026-02-11 09:59:49,789 | INFO | execution_binance_main |     cdlabandonedbaby: True
2026-02-11 09:59:49,789 | INFO | execution_binance_main |     cdladvanceblock: True
2026-02-11 09:59:49,789 | INFO | execution_binance_main |     cdlbreakaway: True
2026-02-11 09:59:49,791 | INFO | execution_binance_main |     cdlclosingmarubozu: True
2026-02-11 09:59:49,791 | INFO | execution_binance_main |     cdlconcealbabyswall: True
2026-02-11 09:59:49,791 | INFO | execution_binance_main |     cdlengulfing: True
2026-02-11 09:59:49,792 | INFO | execution_binance_main |     cdleveningdojistar: True
2026-02-11 09:59:49,792 | INFO | execution_binance_main |     cdlgravestonedoji: True
2026-02-11 09:59:49,792 | INFO | execution_binance_main |     cdlhammer: True
2026-02-11 09:59:49,793 | INFO | execution_binance_main |     cdlhangingman: True
2026-02-11 09:59:49,793 | INFO | execution_binance_main |     cdlhikkakemod: True
2026-02-11 09:59:49,793 | INFO | execution_binance_main |     cdlhomingpigeon: True
2026-02-11 09:59:49,794 | INFO | execution_binance_main |     cdlinvertedhammer: True
2026-02-11 09:59:49,794 | INFO | execution_binance_main |     cdlkickingbylength: True
2026-02-11 09:59:49,794 | INFO | execution_binance_main |     cdlladderbottom: True
2026-02-11 09:59:49,794 | INFO | execution_binance_main |     cdllongleggeddoji: True
2026-02-11 09:59:49,795 | INFO | execution_binance_main |     cdlmatchinglow: True
2026-02-11 09:59:49,795 | INFO | execution_binance_main |     cdlmathold: True
2026-02-11 09:59:49,795 | INFO | execution_binance_main |     cdlmorningdojistar: True
2026-02-11 09:59:49,795 | INFO | execution_binance_main |     cdlmorningstar: True
2026-02-11 09:59:49,796 | INFO | execution_binance_main |     cdlonneck: True
2026-02-11 09:59:49,796 | INFO | execution_binance_main |     cdlrisefall3methods: True
2026-02-11 09:59:49,796 | INFO | execution_binance_main |     cdlseparatinglines: True
2026-02-11 09:59:49,796 | INFO | execution_binance_main |     cdlshootingstar: True
2026-02-11 09:59:49,796 | INFO | execution_binance_main |     cdlspinningtop: True
2026-02-11 09:59:49,796 | INFO | execution_binance_main |     cdltakuri: True
2026-02-11 09:59:49,796 | INFO | execution_binance_main |     cdltristar: True
2026-02-11 09:59:49,796 | INFO | execution_binance_main |     cdlunique3river: True
2026-02-11 09:59:49,796 | INFO | execution_binance_main |     cdlupsidegap2crows: True
2026-02-11 09:59:49,796 | INFO | execution_binance_main |     trima_period: 30
2026-02-11 09:59:49,800 | INFO | execution_binance_main |     cci_period: 14
2026-02-11 09:59:49,800 | INFO | execution_binance_main |     minus_dm_period: 14
2026-02-11 09:59:49,800 | INFO | execution_binance_main |     roc_period: 10
2026-02-11 09:59:49,801 | INFO | execution_binance_main |     trix_period: 14
2026-02-11 09:59:49,801 | INFO | execution_binance_main |     linearreg_slope_period: 14
2026-02-11 09:59:49,802 | INFO | execution_binance_main |     tema_period: 30
2026-02-11 09:59:49,803 | INFO | execution_binance_main |     apo_period: 12
2026-02-11 09:59:49,803 | INFO | execution_binance_main |     macdext_fastperiod: 12
2026-02-11 09:59:49,804 | INFO | execution_binance_main |     macdext_slowperiod: 26
2026-02-11 09:59:49,805 | INFO | execution_binance_main |     macdext_signalperiod: 9
2026-02-11 09:59:49,805 | INFO | execution_binance_main |     mfi_period: 14
2026-02-11 09:59:49,806 | INFO | execution_binance_main |     rocr_period: 10
2026-02-11 09:59:49,807 | INFO | execution_binance_main |     atr_period: 14
2026-02-11 09:59:49,807 | INFO | execution_binance_main |     linearreg_angle_period: 14
2026-02-11 09:59:49,807 | INFO | execution_binance_main |     ma_period: 30
2026-02-11 09:59:49,807 | INFO | execution_binance_main |     t3_period: 14
2026-02-11 09:59:49,808 | INFO | execution_binance_main |     rocp_period: 10
2026-02-11 09:59:49,808 | INFO | execution_binance_main |     stochrsi_period: 14
2026-02-11 09:59:49,808 | INFO | execution_binance_main |     rocr100_period: 10
2026-02-11 09:59:49,808 | INFO | execution_binance_main | Strategy sig_1h_btc_7 → Highest window value among specified patterns: 30
2026-02-11 09:59:49,813 | INFO | execution_binance_main | Strategy sig_1h_btc_8 → ALL columns:
2026-02-11 09:59:49,813 | INFO | execution_binance_main |     strategy: sig_1h_btc_8
2026-02-11 09:59:49,813 | INFO | execution_binance_main |     tp: 3
2026-02-11 09:59:49,813 | INFO | execution_binance_main |     sl: 1
2026-02-11 09:59:49,815 | INFO | execution_binance_main |     symbol: btc
2026-02-11 09:59:49,815 | INFO | execution_binance_main |     timehorizon: 1h
2026-02-11 09:59:49,816 | INFO | execution_binance_main |     pnl_sum: 3982.17
2026-02-11 09:59:49,816 | INFO | execution_binance_main |     bbands: True
2026-02-11 09:59:49,816 | INFO | execution_binance_main |     dema: True
2026-02-11 09:59:49,817 | INFO | execution_binance_main |     ema: True
2026-02-11 09:59:49,817 | INFO | execution_binance_main |     kama: True
2026-02-11 09:59:49,818 | INFO | execution_binance_main |     mama: True
2026-02-11 09:59:49,818 | INFO | execution_binance_main |     sarext: True
2026-02-11 09:59:49,819 | INFO | execution_binance_main |     sma: True
2026-02-11 09:59:49,819 | INFO | execution_binance_main |     t3: True
2026-02-11 09:59:49,821 | INFO | execution_binance_main |     tema: True
2026-02-11 09:59:49,821 | INFO | execution_binance_main |     adx: True
2026-02-11 09:59:49,821 | INFO | execution_binance_main |     apo: True
2026-02-11 09:59:49,822 | INFO | execution_binance_main |     aroon: True
2026-02-11 09:59:49,822 | INFO | execution_binance_main |     aroonosc: True
2026-02-11 09:59:49,822 | INFO | execution_binance_main |     dx: True
2026-02-11 09:59:49,823 | INFO | execution_binance_main |     macdext: True
2026-02-11 09:59:49,824 | INFO | execution_binance_main |     plus_di: True
2026-02-11 09:59:49,825 | INFO | execution_binance_main |     ppo: True
2026-02-11 09:59:49,826 | INFO | execution_binance_main |     roc: True
2026-02-11 09:59:49,827 | INFO | execution_binance_main |     stoch: True
2026-02-11 09:59:49,828 | INFO | execution_binance_main |     stochrsi: True
2026-02-11 09:59:49,828 | INFO | execution_binance_main |     willr: True
2026-02-11 09:59:49,829 | INFO | execution_binance_main |     ad: True
2026-02-11 09:59:49,829 | INFO | execution_binance_main |     adosc: True
2026-02-11 09:59:49,829 | INFO | execution_binance_main |     obv: True
2026-02-11 09:59:49,829 | INFO | execution_binance_main |     atr: True
2026-02-11 09:59:49,830 | INFO | execution_binance_main |     trange: True
2026-02-11 09:59:49,830 | INFO | execution_binance_main |     medprice: True
2026-02-11 09:59:49,831 | INFO | execution_binance_main |     typprice: True
2026-02-11 09:59:49,831 | INFO | execution_binance_main |     ht_phasor: True
2026-02-11 09:59:49,832 | INFO | execution_binance_main |     ht_sine: True
2026-02-11 09:59:49,832 | INFO | execution_binance_main |     ht_trendmode: True
2026-02-11 09:59:49,833 | INFO | execution_binance_main |     linearreg: True
2026-02-11 09:59:49,833 | INFO | execution_binance_main |     linearreg_intercept: True
2026-02-11 09:59:49,833 | INFO | execution_binance_main |     stddev: True
2026-02-11 09:59:49,834 | INFO | execution_binance_main |     tsf: True
2026-02-11 09:59:49,834 | INFO | execution_binance_main |     cdl2crows: True
2026-02-11 09:59:49,835 | INFO | execution_binance_main |     cdl3inside: True
2026-02-11 09:59:49,836 | INFO | execution_binance_main |     cdl3linestrike: True
2026-02-11 09:59:49,836 | INFO | execution_binance_main |     cdl3outside: True
2026-02-11 09:59:49,838 | INFO | execution_binance_main |     cdlbreakaway: True
2026-02-11 09:59:49,838 | INFO | execution_binance_main |     cdlconcealbabyswall: True
2026-02-11 09:59:49,839 | INFO | execution_binance_main |     cdlcounterattack: True
2026-02-11 09:59:49,840 | INFO | execution_binance_main |     cdldragonflydoji: True
2026-02-11 09:59:49,841 | INFO | execution_binance_main |     cdleveningdojistar: True
2026-02-11 09:59:49,842 | INFO | execution_binance_main |     cdlgapsidesidewhite: True
2026-02-11 09:59:49,842 | INFO | execution_binance_main |     cdlhammer: True
2026-02-11 09:59:49,843 | INFO | execution_binance_main |     cdlhangingman: True
2026-02-11 09:59:49,843 | INFO | execution_binance_main |     cdlharami: True
2026-02-11 09:59:49,843 | INFO | execution_binance_main |     cdlhighwave: True
2026-02-11 09:59:49,843 | INFO | execution_binance_main |     cdlhomingpigeon: True
2026-02-11 09:59:49,843 | INFO | execution_binance_main |     cdlinvertedhammer: True
2026-02-11 09:59:49,845 | INFO | execution_binance_main |     cdlkicking: True
2026-02-11 09:59:49,845 | INFO | execution_binance_main |     cdlladderbottom: True
2026-02-11 09:59:49,845 | INFO | execution_binance_main |     cdllongline: True
2026-02-11 09:59:49,845 | INFO | execution_binance_main |     cdlmathold: True
2026-02-11 09:59:49,845 | INFO | execution_binance_main |     cdlmorningstar: True
2026-02-11 09:59:49,845 | INFO | execution_binance_main |     cdlrisefall3methods: True
2026-02-11 09:59:49,847 | INFO | execution_binance_main |     cdlseparatinglines: True
2026-02-11 09:59:49,847 | INFO | execution_binance_main |     cdlspinningtop: True
2026-02-11 09:59:49,847 | INFO | execution_binance_main |     cdlsticksandwich: True
2026-02-11 09:59:49,848 | INFO | execution_binance_main |     cdltasukigap: True
2026-02-11 09:59:49,848 | INFO | execution_binance_main |     cdlthrusting: True
2026-02-11 09:59:49,848 | INFO | execution_binance_main |     cdltristar: True
2026-02-11 09:59:49,848 | INFO | execution_binance_main |     cdlxsidegap3methods: True
2026-02-11 09:59:49,849 | INFO | execution_binance_main |     ema_period: 30
2026-02-11 09:59:49,849 | INFO | execution_binance_main |     aroonosc_period: 14
2026-02-11 09:59:49,849 | INFO | execution_binance_main |     plus_di_period: 14
2026-02-11 09:59:49,850 | INFO | execution_binance_main |     ppo_fastperiod: 12
2026-02-11 09:59:49,850 | INFO | execution_binance_main |     ppo_slowperiod: 26
2026-02-11 09:59:49,850 | INFO | execution_binance_main |     roc_period: 10
2026-02-11 09:59:49,850 | INFO | execution_binance_main |     willr_period: 14
2026-02-11 09:59:49,851 | INFO | execution_binance_main |     adosc_fastperiod: 3
2026-02-11 09:59:49,852 | INFO | execution_binance_main |     adosc_slowperiod: 10
2026-02-11 09:59:49,853 | INFO | execution_binance_main |     stddev_period: 5
2026-02-11 09:59:49,853 | INFO | execution_binance_main |     tsf_period: 14
2026-02-11 09:59:49,854 | INFO | execution_binance_main |     bbands_period: 5
2026-02-11 09:59:49,854 | INFO | execution_binance_main |     dema_period: 30
2026-02-11 09:59:49,854 | INFO | execution_binance_main |     kama_period: 10
2026-02-11 09:59:49,856 | INFO | execution_binance_main |     sma_period: 30
2026-02-11 09:59:49,856 | INFO | execution_binance_main |     tema_period: 30
2026-02-11 09:59:49,856 | INFO | execution_binance_main |     apo_period: 12
2026-02-11 09:59:49,858 | INFO | execution_binance_main |     aroon_period: 14
2026-02-11 09:59:49,858 | INFO | execution_binance_main |     macdext_fastperiod: 12
2026-02-11 09:59:49,858 | INFO | execution_binance_main |     macdext_slowperiod: 26
2026-02-11 09:59:49,858 | INFO | execution_binance_main |     macdext_signalperiod: 9
2026-02-11 09:59:49,858 | INFO | execution_binance_main |     atr_period: 14
2026-02-11 09:59:49,859 | INFO | execution_binance_main |     linearreg_period: 14
2026-02-11 09:59:49,859 | INFO | execution_binance_main |     t3_period: 14
2026-02-11 09:59:49,860 | INFO | execution_binance_main |     stoch_fastk_period: 14
2026-02-11 09:59:49,860 | INFO | execution_binance_main |     stoch_slowk_period: 3
2026-02-11 09:59:49,860 | INFO | execution_binance_main |     stoch_slowd_period: 3
2026-02-11 09:59:49,860 | INFO | execution_binance_main |     stochrsi_period: 14
2026-02-11 09:59:49,860 | INFO | execution_binance_main |     adx_period: 14
2026-02-11 09:59:49,862 | INFO | execution_binance_main |     dx_period: 14
2026-02-11 09:59:49,863 | INFO | execution_binance_main |     linearreg_intercept_period: 14
2026-02-11 09:59:49,863 | INFO | execution_binance_main | Strategy sig_1h_btc_8 → Highest window value among specified patterns: 30
2026-02-11 09:59:49,867 | INFO | execution_binance_main | Strategy sig_1h_btc_9 → ALL columns:
2026-02-11 09:59:49,868 | INFO | execution_binance_main |     strategy: sig_1h_btc_9
2026-02-11 09:59:49,868 | INFO | execution_binance_main |     tp: 3
2026-02-11 09:59:49,870 | INFO | execution_binance_main |     sl: 1
2026-02-11 09:59:49,871 | INFO | execution_binance_main |     symbol: btc
2026-02-11 09:59:49,871 | INFO | execution_binance_main |     timehorizon: 1h
2026-02-11 09:59:49,872 | INFO | execution_binance_main |     pnl_sum: 3829.24
2026-02-11 09:59:49,873 | INFO | execution_binance_main |     bbands: True
2026-02-11 09:59:49,873 | INFO | execution_binance_main |     dema: True
2026-02-11 09:59:49,873 | INFO | execution_binance_main |     ema: True
2026-02-11 09:59:49,874 | INFO | execution_binance_main |     ht_trendline: True
2026-02-11 09:59:49,875 | INFO | execution_binance_main |     ma: True
2026-02-11 09:59:49,875 | INFO | execution_binance_main |     mama: True
2026-02-11 09:59:49,875 | INFO | execution_binance_main |     midpoint: True
2026-02-11 09:59:49,876 | INFO | execution_binance_main |     midprice: True
2026-02-11 09:59:49,876 | INFO | execution_binance_main |     t3: True
2026-02-11 09:59:49,876 | INFO | execution_binance_main |     aroon: True
2026-02-11 09:59:49,876 | INFO | execution_binance_main |     aroonosc: True
2026-02-11 09:59:49,877 | INFO | execution_binance_main |     bop: True
2026-02-11 09:59:49,877 | INFO | execution_binance_main |     cmo: True
2026-02-11 09:59:49,877 | INFO | execution_binance_main |     macd: True
2026-02-11 09:59:49,877 | INFO | execution_binance_main |     macdext: True
2026-02-11 09:59:49,877 | INFO | execution_binance_main |     minus_di: True
2026-02-11 09:59:49,877 | INFO | execution_binance_main |     mom: True
2026-02-11 09:59:49,877 | INFO | execution_binance_main |     rsi: True
2026-02-11 09:59:49,877 | INFO | execution_binance_main |     stoch: True
2026-02-11 09:59:49,880 | INFO | execution_binance_main |     stochrsi: True
2026-02-11 09:59:49,880 | INFO | execution_binance_main |     ad: True
2026-02-11 09:59:49,880 | INFO | execution_binance_main |     obv: True
2026-02-11 09:59:49,881 | INFO | execution_binance_main |     atr: True
2026-02-11 09:59:49,881 | INFO | execution_binance_main |     natr: True
2026-02-11 09:59:49,881 | INFO | execution_binance_main |     trange: True
2026-02-11 09:59:49,882 | INFO | execution_binance_main |     avgprice: True
2026-02-11 09:59:49,882 | INFO | execution_binance_main |     typprice: True
2026-02-11 09:59:49,882 | INFO | execution_binance_main |     ht_dcperiod: True
2026-02-11 09:59:49,883 | INFO | execution_binance_main |     ht_dcphase: True
2026-02-11 09:59:49,883 | INFO | execution_binance_main |     linearreg_intercept: True
2026-02-11 09:59:49,883 | INFO | execution_binance_main |     cdl3blackcrows: True
2026-02-11 09:59:49,884 | INFO | execution_binance_main |     cdl3inside: True
2026-02-11 09:59:49,884 | INFO | execution_binance_main |     cdl3starsinsouth: True
2026-02-11 09:59:49,884 | INFO | execution_binance_main |     cdlabandonedbaby: True
2026-02-11 09:59:49,886 | INFO | execution_binance_main |     cdladvanceblock: True
2026-02-11 09:59:49,887 | INFO | execution_binance_main |     cdlbreakaway: True
2026-02-11 09:59:49,887 | INFO | execution_binance_main |     cdlclosingmarubozu: True
2026-02-11 09:59:49,888 | INFO | execution_binance_main |     cdldoji: True
2026-02-11 09:59:49,888 | INFO | execution_binance_main |     cdleveningdojistar: True
2026-02-11 09:59:49,889 | INFO | execution_binance_main |     cdleveningstar: True
2026-02-11 09:59:49,890 | INFO | execution_binance_main |     cdlhangingman: True
2026-02-11 09:59:49,890 | INFO | execution_binance_main |     cdlharamicross: True
2026-02-11 09:59:49,890 | INFO | execution_binance_main |     cdlhikkakemod: True
2026-02-11 09:59:49,891 | INFO | execution_binance_main |     cdlinneck: True
2026-02-11 09:59:49,891 | INFO | execution_binance_main |     cdlkicking: True
2026-02-11 09:59:49,892 | INFO | execution_binance_main |     cdlmarubozu: True
2026-02-11 09:59:49,892 | INFO | execution_binance_main |     cdlmathold: True
2026-02-11 09:59:49,892 | INFO | execution_binance_main |     cdlmorningdojistar: True
2026-02-11 09:59:49,892 | INFO | execution_binance_main |     cdlmorningstar: True
2026-02-11 09:59:49,894 | INFO | execution_binance_main |     cdlseparatinglines: True
2026-02-11 09:59:49,894 | INFO | execution_binance_main |     cdlshootingstar: True
2026-02-11 09:59:49,894 | INFO | execution_binance_main |     cdlshortline: True
2026-02-11 09:59:49,895 | INFO | execution_binance_main |     cdlstalledpattern: True
2026-02-11 09:59:49,896 | INFO | execution_binance_main |     cdltasukigap: True
2026-02-11 09:59:49,896 | INFO | execution_binance_main |     cdlthrusting: True
2026-02-11 09:59:49,896 | INFO | execution_binance_main |     cdlupsidegap2crows: True
2026-02-11 09:59:49,897 | INFO | execution_binance_main |     cdlxsidegap3methods: True
2026-02-11 09:59:49,897 | INFO | execution_binance_main |     ema_period: 30
2026-02-11 09:59:49,897 | INFO | execution_binance_main |     midpoint_period: 14
2026-02-11 09:59:49,897 | INFO | execution_binance_main |     midprice_period: 14
2026-02-11 09:59:49,898 | INFO | execution_binance_main |     aroonosc_period: 14
2026-02-11 09:59:49,898 | INFO | execution_binance_main |     bbands_period: 5
2026-02-11 09:59:49,898 | INFO | execution_binance_main |     dema_period: 30
2026-02-11 09:59:49,900 | INFO | execution_binance_main |     aroon_period: 14
2026-02-11 09:59:49,900 | INFO | execution_binance_main |     macdext_fastperiod: 12
2026-02-11 09:59:49,900 | INFO | execution_binance_main |     macdext_slowperiod: 26
2026-02-11 09:59:49,901 | INFO | execution_binance_main |     macdext_signalperiod: 9
2026-02-11 09:59:49,901 | INFO | execution_binance_main |     mom_period: 10
2026-02-11 09:59:49,902 | INFO | execution_binance_main |     rsi_period: 14
2026-02-11 09:59:49,903 | INFO | execution_binance_main |     atr_period: 14
2026-02-11 09:59:49,903 | INFO | execution_binance_main |     natr_period: 14
2026-02-11 09:59:49,904 | INFO | execution_binance_main |     ma_period: 30
2026-02-11 09:59:49,904 | INFO | execution_binance_main |     t3_period: 14
2026-02-11 09:59:49,905 | INFO | execution_binance_main |     cmo_period: 14
2026-02-11 09:59:49,906 | INFO | execution_binance_main |     macd_fastperiod: 12
2026-02-11 09:59:49,906 | INFO | execution_binance_main |     macd_slowperiod: 26
2026-02-11 09:59:49,907 | INFO | execution_binance_main |     macd_signalperiod: 9
2026-02-11 09:59:49,907 | INFO | execution_binance_main |     minus_di_period: 14
2026-02-11 09:59:49,907 | INFO | execution_binance_main |     stoch_fastk_period: 14
2026-02-11 09:59:49,908 | INFO | execution_binance_main |     stoch_slowk_period: 3
2026-02-11 09:59:49,908 | INFO | execution_binance_main |     stoch_slowd_period: 3
2026-02-11 09:59:49,908 | INFO | execution_binance_main |     stochrsi_period: 14
2026-02-11 09:59:49,909 | INFO | execution_binance_main |     linearreg_intercept_period: 14
2026-02-11 09:59:49,909 | INFO | execution_binance_main | Strategy sig_1h_btc_9 → Highest window value among specified patterns: 30
2026-02-11 09:59:49,914 | INFO | execution_binance_main | Strategy sig_1h_btc_10 → ALL columns:
2026-02-11 09:59:49,914 | INFO | execution_binance_main |     strategy: sig_1h_btc_10
2026-02-11 09:59:49,914 | INFO | execution_binance_main |     tp: 3
2026-02-11 09:59:49,914 | INFO | execution_binance_main |     sl: 1
2026-02-11 09:59:49,915 | INFO | execution_binance_main |     symbol: btc
2026-02-11 09:59:49,915 | INFO | execution_binance_main |     timehorizon: 1h
2026-02-11 09:59:49,915 | INFO | execution_binance_main |     pnl_sum: 1682.56
2026-02-11 09:59:49,916 | INFO | execution_binance_main |     bbands: True
2026-02-11 09:59:49,916 | INFO | execution_binance_main |     dema: True
2026-02-11 09:59:49,916 | INFO | execution_binance_main |     ht_trendline: True
2026-02-11 09:59:49,917 | INFO | execution_binance_main |     kama: True
2026-02-11 09:59:49,917 | INFO | execution_binance_main |     sarext: True
2026-02-11 09:59:49,917 | INFO | execution_binance_main |     sma: True
2026-02-11 09:59:49,919 | INFO | execution_binance_main |     trima: True
2026-02-11 09:59:49,920 | INFO | execution_binance_main |     apo: True
2026-02-11 09:59:49,920 | INFO | execution_binance_main |     aroon: True
2026-02-11 09:59:49,920 | INFO | execution_binance_main |     bop: True
2026-02-11 09:59:49,920 | INFO | execution_binance_main |     cmo: True
2026-02-11 09:59:49,920 | INFO | execution_binance_main |     dx: True
2026-02-11 09:59:49,923 | INFO | execution_binance_main |     macd: True
2026-02-11 09:59:49,923 | INFO | execution_binance_main |     mfi: True
2026-02-11 09:59:49,923 | INFO | execution_binance_main |     minus_dm: True
2026-02-11 09:59:49,923 | INFO | execution_binance_main |     mom: True
2026-02-11 09:59:49,923 | INFO | execution_binance_main |     plus_di: True
2026-02-11 09:59:49,925 | INFO | execution_binance_main |     plus_dm: True
2026-02-11 09:59:49,925 | INFO | execution_binance_main |     ppo: True
2026-02-11 09:59:49,925 | INFO | execution_binance_main |     roc: True
2026-02-11 09:59:49,926 | INFO | execution_binance_main |     rocr: True
2026-02-11 09:59:49,926 | INFO | execution_binance_main |     rsi: True
2026-02-11 09:59:49,926 | INFO | execution_binance_main |     stochf: True
2026-02-11 09:59:49,926 | INFO | execution_binance_main |     willr: True
2026-02-11 09:59:49,927 | INFO | execution_binance_main |     atr: True
2026-02-11 09:59:49,927 | INFO | execution_binance_main |     trange: True
2026-02-11 09:59:49,927 | INFO | execution_binance_main |     wclprice: True
2026-02-11 09:59:49,928 | INFO | execution_binance_main |     ht_trendmode: True
2026-02-11 09:59:49,928 | INFO | execution_binance_main |     linearreg_intercept: True
2026-02-11 09:59:49,928 | INFO | execution_binance_main |     stddev: True
2026-02-11 09:59:49,928 | INFO | execution_binance_main |     var: True
2026-02-11 09:59:49,929 | INFO | execution_binance_main |     cdl3inside: True
2026-02-11 09:59:49,929 | INFO | execution_binance_main |     cdl3linestrike: True
2026-02-11 09:59:49,929 | INFO | execution_binance_main |     cdl3outside: True
2026-02-11 09:59:49,929 | INFO | execution_binance_main |     cdl3starsinsouth: True
2026-02-11 09:59:49,929 | INFO | execution_binance_main |     cdl3whitesoldiers: True
2026-02-11 09:59:49,929 | INFO | execution_binance_main |     cdladvanceblock: True
2026-02-11 09:59:49,932 | INFO | execution_binance_main |     cdlbelthold: True
2026-02-11 09:59:49,932 | INFO | execution_binance_main |     cdlbreakaway: True
2026-02-11 09:59:49,932 | INFO | execution_binance_main |     cdldoji: True
2026-02-11 09:59:49,932 | INFO | execution_binance_main |     cdldragonflydoji: True
2026-02-11 09:59:49,932 | INFO | execution_binance_main |     cdlgapsidesidewhite: True
2026-02-11 09:59:49,932 | INFO | execution_binance_main |     cdlhammer: True
2026-02-11 09:59:49,932 | INFO | execution_binance_main |     cdlharami: True
2026-02-11 09:59:49,932 | INFO | execution_binance_main |     cdlhighwave: True
2026-02-11 09:59:49,932 | INFO | execution_binance_main |     cdlhikkakemod: True
2026-02-11 09:59:49,934 | INFO | execution_binance_main |     cdlinneck: True
2026-02-11 09:59:49,934 | INFO | execution_binance_main |     cdlkickingbylength: True
2026-02-11 09:59:49,935 | INFO | execution_binance_main |     cdlmatchinglow: True
2026-02-11 09:59:49,935 | INFO | execution_binance_main |     cdlmorningstar: True
2026-02-11 09:59:49,936 | INFO | execution_binance_main |     cdlrickshawman: True
2026-02-11 09:59:49,937 | INFO | execution_binance_main |     cdlrisefall3methods: True
2026-02-11 09:59:49,937 | INFO | execution_binance_main |     cdlstalledpattern: True
2026-02-11 09:59:49,939 | INFO | execution_binance_main |     cdlsticksandwich: True
2026-02-11 09:59:49,939 | INFO | execution_binance_main |     cdltristar: True
2026-02-11 09:59:49,940 | INFO | execution_binance_main |     cdlunique3river: True
2026-02-11 09:59:49,940 | INFO | execution_binance_main |     trima_period: 30
2026-02-11 09:59:49,941 | INFO | execution_binance_main |     minus_dm_period: 14
2026-02-11 09:59:49,941 | INFO | execution_binance_main |     plus_di_period: 14
2026-02-11 09:59:49,941 | INFO | execution_binance_main |     plus_dm_period: 14
2026-02-11 09:59:49,942 | INFO | execution_binance_main |     ppo_fastperiod: 12
2026-02-11 09:59:49,942 | INFO | execution_binance_main |     ppo_slowperiod: 26
2026-02-11 09:59:49,942 | INFO | execution_binance_main |     roc_period: 10
2026-02-11 09:59:49,942 | INFO | execution_binance_main |     stochf_fastperiod: 14
2026-02-11 09:59:49,943 | INFO | execution_binance_main |     stochf_slowperiod: 3
2026-02-11 09:59:49,943 | INFO | execution_binance_main |     willr_period: 14
2026-02-11 09:59:49,943 | INFO | execution_binance_main |     stddev_period: 5
2026-02-11 09:59:49,943 | INFO | execution_binance_main |     var_period: 5
2026-02-11 09:59:49,944 | INFO | execution_binance_main |     bbands_period: 5
2026-02-11 09:59:49,944 | INFO | execution_binance_main |     dema_period: 30
2026-02-11 09:59:49,944 | INFO | execution_binance_main |     kama_period: 10
2026-02-11 09:59:49,944 | INFO | execution_binance_main |     sma_period: 30
2026-02-11 09:59:49,944 | INFO | execution_binance_main |     apo_period: 12
2026-02-11 09:59:49,946 | INFO | execution_binance_main |     aroon_period: 14
2026-02-11 09:59:49,946 | INFO | execution_binance_main |     mfi_period: 14
2026-02-11 09:59:49,946 | INFO | execution_binance_main |     mom_period: 10
2026-02-11 09:59:49,947 | INFO | execution_binance_main |     rocr_period: 10
2026-02-11 09:59:49,947 | INFO | execution_binance_main |     rsi_period: 14
2026-02-11 09:59:49,947 | INFO | execution_binance_main |     atr_period: 14
2026-02-11 09:59:49,947 | INFO | execution_binance_main |     cmo_period: 14
2026-02-11 09:59:49,948 | INFO | execution_binance_main |     macd_fastperiod: 12
2026-02-11 09:59:49,948 | INFO | execution_binance_main |     macd_slowperiod: 26
2026-02-11 09:59:49,948 | INFO | execution_binance_main |     macd_signalperiod: 9
2026-02-11 09:59:49,948 | INFO | execution_binance_main |     dx_period: 14
2026-02-11 09:59:49,949 | INFO | execution_binance_main |     linearreg_intercept_period: 14
2026-02-11 09:59:49,949 | INFO | execution_binance_main | Strategy sig_1h_btc_10 → Highest window value among specified patterns: 30
2026-02-11 09:59:49,954 | INFO | execution_binance_main | Strategy sig_1h_btc_11 → ALL columns:
2026-02-11 09:59:49,954 | INFO | execution_binance_main |     strategy: sig_1h_btc_11
2026-02-11 09:59:49,954 | INFO | execution_binance_main |     tp: 3
2026-02-11 09:59:49,954 | INFO | execution_binance_main |     sl: 1
2026-02-11 09:59:49,957 | INFO | execution_binance_main |     symbol: btc
2026-02-11 09:59:49,957 | INFO | execution_binance_main |     timehorizon: 1h
2026-02-11 09:59:49,957 | INFO | execution_binance_main |     pnl_sum: 2562.47
2026-02-11 09:59:49,958 | INFO | execution_binance_main |     dema: True
2026-02-11 09:59:49,958 | INFO | execution_binance_main |     ht_trendline: True
2026-02-11 09:59:49,958 | INFO | execution_binance_main |     mama: True
2026-02-11 09:59:49,958 | INFO | execution_binance_main |     trima: True
2026-02-11 09:59:49,959 | INFO | execution_binance_main |     wma: True
2026-02-11 09:59:49,959 | INFO | execution_binance_main |     adx: True
2026-02-11 09:59:49,960 | INFO | execution_binance_main |     adxr: True
2026-02-11 09:59:49,960 | INFO | execution_binance_main |     apo: True
2026-02-11 09:59:49,960 | INFO | execution_binance_main |     aroonosc: True
2026-02-11 09:59:49,961 | INFO | execution_binance_main |     cmo: True
2026-02-11 09:59:49,962 | INFO | execution_binance_main |     macdext: True
2026-02-11 09:59:49,962 | INFO | execution_binance_main |     roc: True
2026-02-11 09:59:49,963 | INFO | execution_binance_main |     rocr: True
2026-02-11 09:59:49,963 | INFO | execution_binance_main |     rocr100: True
2026-02-11 09:59:49,963 | INFO | execution_binance_main |     rsi: True
2026-02-11 09:59:49,965 | INFO | execution_binance_main |     stochf: True
2026-02-11 09:59:49,965 | INFO | execution_binance_main |     stochrsi: True
2026-02-11 09:59:49,965 | INFO | execution_binance_main |     adosc: True
2026-02-11 09:59:49,965 | INFO | execution_binance_main |     atr: True
2026-02-11 09:59:49,965 | INFO | execution_binance_main |     natr: True
2026-02-11 09:59:49,967 | INFO | execution_binance_main |     trange: True
2026-02-11 09:59:49,967 | INFO | execution_binance_main |     avgprice: True
2026-02-11 09:59:49,967 | INFO | execution_binance_main |     medprice: True
2026-02-11 09:59:49,967 | INFO | execution_binance_main |     wclprice: True
2026-02-11 09:59:49,968 | INFO | execution_binance_main |     ht_dcperiod: True
2026-02-11 09:59:49,969 | INFO | execution_binance_main |     ht_phasor: True
2026-02-11 09:59:49,969 | INFO | execution_binance_main |     ht_trendmode: True
2026-02-11 09:59:49,971 | INFO | execution_binance_main |     linearreg_intercept: True
2026-02-11 09:59:49,971 | INFO | execution_binance_main |     linearreg_slope: True
2026-02-11 09:59:49,972 | INFO | execution_binance_main |     stddev: True
2026-02-11 09:59:49,972 | INFO | execution_binance_main |     tsf: True
2026-02-11 09:59:49,974 | INFO | execution_binance_main |     cdl2crows: True
2026-02-11 09:59:49,974 | INFO | execution_binance_main |     cdl3blackcrows: True
2026-02-11 09:59:49,974 | INFO | execution_binance_main |     cdl3inside: True
2026-02-11 09:59:49,974 | INFO | execution_binance_main |     cdl3linestrike: True
2026-02-11 09:59:49,975 | INFO | execution_binance_main |     cdl3starsinsouth: True
2026-02-11 09:59:49,975 | INFO | execution_binance_main |     cdladvanceblock: True
2026-02-11 09:59:49,976 | INFO | execution_binance_main |     cdlbreakaway: True
2026-02-11 09:59:49,976 | INFO | execution_binance_main |     cdldarkcloudcover: True
2026-02-11 09:59:49,976 | INFO | execution_binance_main |     cdldojistar: True
2026-02-11 09:59:49,977 | INFO | execution_binance_main |     cdldragonflydoji: True
2026-02-11 09:59:49,977 | INFO | execution_binance_main |     cdlengulfing: True
2026-02-11 09:59:49,978 | INFO | execution_binance_main |     cdleveningdojistar: True
2026-02-11 09:59:49,978 | INFO | execution_binance_main |     cdleveningstar: True
2026-02-11 09:59:49,978 | INFO | execution_binance_main |     cdlgapsidesidewhite: True
2026-02-11 09:59:49,979 | INFO | execution_binance_main |     cdlgravestonedoji: True
2026-02-11 09:59:49,979 | INFO | execution_binance_main |     cdlhammer: True
2026-02-11 09:59:49,979 | INFO | execution_binance_main |     cdlharamicross: True
2026-02-11 09:59:49,981 | INFO | execution_binance_main |     cdlhikkake: True
2026-02-11 09:59:49,981 | INFO | execution_binance_main |     cdlhikkakemod: True
2026-02-11 09:59:49,981 | INFO | execution_binance_main |     cdlidentical3crows: True
2026-02-11 09:59:49,981 | INFO | execution_binance_main |     cdlinneck: True
2026-02-11 09:59:49,981 | INFO | execution_binance_main |     cdlkicking: True
2026-02-11 09:59:49,981 | INFO | execution_binance_main |     cdlkickingbylength: True
2026-02-11 09:59:49,981 | INFO | execution_binance_main |     cdlladderbottom: True
2026-02-11 09:59:49,984 | INFO | execution_binance_main |     cdllongleggeddoji: True
2026-02-11 09:59:49,984 | INFO | execution_binance_main |     cdllongline: True
2026-02-11 09:59:49,985 | INFO | execution_binance_main |     cdlmarubozu: True
2026-02-11 09:59:49,985 | INFO | execution_binance_main |     cdlonneck: True
2026-02-11 09:59:49,987 | INFO | execution_binance_main |     cdlrickshawman: True
2026-02-11 09:59:49,987 | INFO | execution_binance_main |     cdlshootingstar: True
2026-02-11 09:59:49,989 | INFO | execution_binance_main |     cdlshortline: True
2026-02-11 09:59:49,990 | INFO | execution_binance_main |     cdlspinningtop: True
2026-02-11 09:59:49,991 | INFO | execution_binance_main |     cdlsticksandwich: True
2026-02-11 09:59:49,991 | INFO | execution_binance_main |     cdltakuri: True
2026-02-11 09:59:49,991 | INFO | execution_binance_main |     cdlupsidegap2crows: True
2026-02-11 09:59:49,992 | INFO | execution_binance_main |     trima_period: 30
2026-02-11 09:59:49,992 | INFO | execution_binance_main |     wma_period: 30
2026-02-11 09:59:49,993 | INFO | execution_binance_main |     aroonosc_period: 14
2026-02-11 09:59:49,994 | INFO | execution_binance_main |     roc_period: 10
2026-02-11 09:59:49,994 | INFO | execution_binance_main |     stochf_fastperiod: 14
2026-02-11 09:59:49,995 | INFO | execution_binance_main |     stochf_slowperiod: 3
2026-02-11 09:59:49,995 | INFO | execution_binance_main |     adosc_fastperiod: 3
2026-02-11 09:59:49,995 | INFO | execution_binance_main |     adosc_slowperiod: 10
2026-02-11 09:59:49,996 | INFO | execution_binance_main |     linearreg_slope_period: 14
2026-02-11 09:59:49,996 | INFO | execution_binance_main |     stddev_period: 5
2026-02-11 09:59:49,997 | INFO | execution_binance_main |     tsf_period: 14
2026-02-11 09:59:49,998 | INFO | execution_binance_main |     dema_period: 30
2026-02-11 09:59:49,998 | INFO | execution_binance_main |     adxr_period: 14
2026-02-11 09:59:49,998 | INFO | execution_binance_main |     apo_period: 12
2026-02-11 09:59:50,000 | INFO | execution_binance_main |     macdext_fastperiod: 12
2026-02-11 09:59:50,000 | INFO | execution_binance_main |     macdext_slowperiod: 26
2026-02-11 09:59:50,001 | INFO | execution_binance_main |     macdext_signalperiod: 9
2026-02-11 09:59:50,002 | INFO | execution_binance_main |     rocr_period: 10
2026-02-11 09:59:50,002 | INFO | execution_binance_main |     rsi_period: 14
2026-02-11 09:59:50,003 | INFO | execution_binance_main |     atr_period: 14
2026-02-11 09:59:50,004 | INFO | execution_binance_main |     natr_period: 14
2026-02-11 09:59:50,005 | INFO | execution_binance_main |     cmo_period: 14
2026-02-11 09:59:50,005 | INFO | execution_binance_main |     stochrsi_period: 14
2026-02-11 09:59:50,006 | INFO | execution_binance_main |     adx_period: 14
2026-02-11 09:59:50,006 | INFO | execution_binance_main |     rocr100_period: 10
2026-02-11 09:59:50,006 | INFO | execution_binance_main |     linearreg_intercept_period: 14
2026-02-11 09:59:50,007 | INFO | execution_binance_main | Strategy sig_1h_btc_11 → Highest window value among specified patterns: 30
2026-02-11 09:59:50,008 | INFO | execution_binance_main | Strategy sig_1h_btc_12 → ALL columns:
2026-02-11 09:59:50,008 | INFO | execution_binance_main |     strategy: sig_1h_btc_12
2026-02-11 09:59:50,008 | INFO | execution_binance_main |     tp: 3
2026-02-11 09:59:50,008 | INFO | execution_binance_main |     sl: 1
2026-02-11 09:59:50,008 | INFO | execution_binance_main |     symbol: btc
2026-02-11 09:59:50,008 | INFO | execution_binance_main |     timehorizon: 1h
2026-02-11 09:59:50,014 | INFO | execution_binance_main |     pnl_sum: 3215.08
2026-02-11 09:59:50,014 | INFO | execution_binance_main |     bbands: True
2026-02-11 09:59:50,014 | INFO | execution_binance_main |     dema: True
2026-02-11 09:59:50,014 | INFO | execution_binance_main |     ema: True
2026-02-11 09:59:50,014 | INFO | execution_binance_main |     ht_trendline: True
2026-02-11 09:59:50,016 | INFO | execution_binance_main |     sar: True
2026-02-11 09:59:50,016 | INFO | execution_binance_main |     sarext: True
2026-02-11 09:59:50,016 | INFO | execution_binance_main |     sma: True
2026-02-11 09:59:50,018 | INFO | execution_binance_main |     tema: True
2026-02-11 09:59:50,018 | INFO | execution_binance_main |     adxr: True
2026-02-11 09:59:50,019 | INFO | execution_binance_main |     bop: True
2026-02-11 09:59:50,020 | INFO | execution_binance_main |     cmo: True
2026-02-11 09:59:50,020 | INFO | execution_binance_main |     minus_di: True
2026-02-11 09:59:50,021 | INFO | execution_binance_main |     mom: True
2026-02-11 09:59:50,021 | INFO | execution_binance_main |     plus_dm: True
2026-02-11 09:59:50,023 | INFO | execution_binance_main |     roc: True
2026-02-11 09:59:50,023 | INFO | execution_binance_main |     rocr: True
2026-02-11 09:59:50,024 | INFO | execution_binance_main |     willr: True
2026-02-11 09:59:50,024 | INFO | execution_binance_main |     ad: True
2026-02-11 09:59:50,024 | INFO | execution_binance_main |     adosc: True
2026-02-11 09:59:50,026 | INFO | execution_binance_main |     obv: True
2026-02-11 09:59:50,026 | INFO | execution_binance_main |     natr: True
2026-02-11 09:59:50,026 | INFO | execution_binance_main |     trange: True
2026-02-11 09:59:50,026 | INFO | execution_binance_main |     avgprice: True
2026-02-11 09:59:50,027 | INFO | execution_binance_main |     ht_dcperiod: True
2026-02-11 09:59:50,027 | INFO | execution_binance_main |     ht_dcphase: True
2026-02-11 09:59:50,027 | INFO | execution_binance_main |     ht_sine: True
2026-02-11 09:59:50,029 | INFO | execution_binance_main |     ht_trendmode: True
2026-02-11 09:59:50,029 | INFO | execution_binance_main |     linearreg_angle: True
2026-02-11 09:59:50,029 | INFO | execution_binance_main |     stddev: True
2026-02-11 09:59:50,030 | INFO | execution_binance_main |     cdl3blackcrows: True
2026-02-11 09:59:50,030 | INFO | execution_binance_main |     cdl3inside: True
2026-02-11 09:59:50,030 | INFO | execution_binance_main |     cdl3outside: True
2026-02-11 09:59:50,032 | INFO | execution_binance_main |     cdlbreakaway: True
2026-02-11 09:59:50,032 | INFO | execution_binance_main |     cdlconcealbabyswall: True
2026-02-11 09:59:50,032 | INFO | execution_binance_main |     cdleveningstar: True
2026-02-11 09:59:50,032 | INFO | execution_binance_main |     cdlgravestonedoji: True
2026-02-11 09:59:50,033 | INFO | execution_binance_main |     cdlhammer: True
2026-02-11 09:59:50,034 | INFO | execution_binance_main |     cdlharami: True
2026-02-11 09:59:50,034 | INFO | execution_binance_main |     cdlhighwave: True
2026-02-11 09:59:50,034 | INFO | execution_binance_main |     cdlhikkake: True
2026-02-11 09:59:50,036 | INFO | execution_binance_main |     cdlhikkakemod: True
2026-02-11 09:59:50,036 | INFO | execution_binance_main |     cdlhomingpigeon: True
2026-02-11 09:59:50,037 | INFO | execution_binance_main |     cdlidentical3crows: True
2026-02-11 09:59:50,037 | INFO | execution_binance_main |     cdlladderbottom: True
2026-02-11 09:59:50,038 | INFO | execution_binance_main |     cdlmarubozu: True
2026-02-11 09:59:50,038 | INFO | execution_binance_main |     cdlmathold: True
2026-02-11 09:59:50,039 | INFO | execution_binance_main |     cdlmorningstar: True
2026-02-11 09:59:50,039 | INFO | execution_binance_main |     cdlpiercing: True
2026-02-11 09:59:50,040 | INFO | execution_binance_main |     cdlrickshawman: True
2026-02-11 09:59:50,040 | INFO | execution_binance_main |     cdlrisefall3methods: True
2026-02-11 09:59:50,041 | INFO | execution_binance_main |     cdlshootingstar: True
2026-02-11 09:59:50,041 | INFO | execution_binance_main |     cdltristar: True
2026-02-11 09:59:50,042 | INFO | execution_binance_main |     cdlxsidegap3methods: True
2026-02-11 09:59:50,042 | INFO | execution_binance_main |     ema_period: 30
2026-02-11 09:59:50,042 | INFO | execution_binance_main |     plus_dm_period: 14
2026-02-11 09:59:50,043 | INFO | execution_binance_main |     roc_period: 10
2026-02-11 09:59:50,043 | INFO | execution_binance_main |     willr_period: 14
2026-02-11 09:59:50,043 | INFO | execution_binance_main |     adosc_fastperiod: 3
2026-02-11 09:59:50,046 | INFO | execution_binance_main |     adosc_slowperiod: 10
2026-02-11 09:59:50,046 | INFO | execution_binance_main |     stddev_period: 5
2026-02-11 09:59:50,046 | INFO | execution_binance_main |     bbands_period: 5
2026-02-11 09:59:50,046 | INFO | execution_binance_main |     dema_period: 30
2026-02-11 09:59:50,048 | INFO | execution_binance_main |     sma_period: 30
2026-02-11 09:59:50,048 | INFO | execution_binance_main |     tema_period: 30
2026-02-11 09:59:50,048 | INFO | execution_binance_main |     adxr_period: 14
2026-02-11 09:59:50,048 | INFO | execution_binance_main |     mom_period: 10
2026-02-11 09:59:50,049 | INFO | execution_binance_main |     rocr_period: 10
2026-02-11 09:59:50,049 | INFO | execution_binance_main |     natr_period: 14
2026-02-11 09:59:50,049 | INFO | execution_binance_main |     linearreg_angle_period: 14
2026-02-11 09:59:50,050 | INFO | execution_binance_main |     cmo_period: 14
2026-02-11 09:59:50,050 | INFO | execution_binance_main |     minus_di_period: 14
2026-02-11 09:59:50,051 | INFO | execution_binance_main | Strategy sig_1h_btc_12 → Highest window value among specified patterns: 30
2026-02-11 09:59:50,057 | INFO | execution_binance_main | Strategy sig_1h_btc_13 → ALL columns:
2026-02-11 09:59:50,057 | INFO | execution_binance_main |     strategy: sig_1h_btc_13
2026-02-11 09:59:50,057 | INFO | execution_binance_main |     tp: 3
2026-02-11 09:59:50,059 | INFO | execution_binance_main |     sl: 1
2026-02-11 09:59:50,059 | INFO | execution_binance_main |     symbol: btc
2026-02-11 09:59:50,060 | INFO | execution_binance_main |     timehorizon: 1h
2026-02-11 09:59:50,060 | INFO | execution_binance_main |     pnl_sum: 2837.47
2026-02-11 09:59:50,060 | INFO | execution_binance_main |     dema: True
2026-02-11 09:59:50,061 | INFO | execution_binance_main |     ema: True
2026-02-11 09:59:50,061 | INFO | execution_binance_main |     kama: True
2026-02-11 09:59:50,061 | INFO | execution_binance_main |     ma: True
2026-02-11 09:59:50,062 | INFO | execution_binance_main |     mama: True
2026-02-11 09:59:50,062 | INFO | execution_binance_main |     midprice: True
2026-02-11 09:59:50,062 | INFO | execution_binance_main |     sarext: True
2026-02-11 09:59:50,063 | INFO | execution_binance_main |     t3: True
2026-02-11 09:59:50,063 | INFO | execution_binance_main |     adx: True
2026-02-11 09:59:50,063 | INFO | execution_binance_main |     adxr: True
2026-02-11 09:59:50,063 | INFO | execution_binance_main |     apo: True
2026-02-11 09:59:50,064 | INFO | execution_binance_main |     aroon: True
2026-02-11 09:59:50,064 | INFO | execution_binance_main |     cci: True
2026-02-11 09:59:50,064 | INFO | execution_binance_main |     cmo: True
2026-02-11 09:59:50,064 | INFO | execution_binance_main |     dx: True
2026-02-11 09:59:50,065 | INFO | execution_binance_main |     macd: True
2026-02-11 09:59:50,065 | INFO | execution_binance_main |     macdext: True
2026-02-11 09:59:50,065 | INFO | execution_binance_main |     minus_di: True
2026-02-11 09:59:50,065 | INFO | execution_binance_main |     roc: True
2026-02-11 09:59:50,065 | INFO | execution_binance_main |     rocr100: True
2026-02-11 09:59:50,065 | INFO | execution_binance_main |     rsi: True
2026-02-11 09:59:50,067 | INFO | execution_binance_main |     stoch: True
2026-02-11 09:59:50,067 | INFO | execution_binance_main |     stochf: True
2026-02-11 09:59:50,069 | INFO | execution_binance_main |     ad: True
2026-02-11 09:59:50,069 | INFO | execution_binance_main |     adosc: True
2026-02-11 09:59:50,070 | INFO | execution_binance_main |     atr: True
2026-02-11 09:59:50,070 | INFO | execution_binance_main |     natr: True
2026-02-11 09:59:50,071 | INFO | execution_binance_main |     trange: True
2026-02-11 09:59:50,072 | INFO | execution_binance_main |     avgprice: True
2026-02-11 09:59:50,073 | INFO | execution_binance_main |     medprice: True
2026-02-11 09:59:50,073 | INFO | execution_binance_main |     wclprice: True
2026-02-11 09:59:50,073 | INFO | execution_binance_main |     ht_dcphase: True
2026-02-11 09:59:50,075 | INFO | execution_binance_main |     ht_phasor: True
2026-02-11 09:59:50,075 | INFO | execution_binance_main |     ht_sine: True
2026-02-11 09:59:50,075 | INFO | execution_binance_main |     ht_trendmode: True
2026-02-11 09:59:50,075 | INFO | execution_binance_main |     linearreg: True
2026-02-11 09:59:50,075 | INFO | execution_binance_main |     linearreg_angle: True
2026-02-11 09:59:50,075 | INFO | execution_binance_main |     linearreg_slope: True
2026-02-11 09:59:50,077 | INFO | execution_binance_main |     stddev: True
2026-02-11 09:59:50,077 | INFO | execution_binance_main |     cdl2crows: True
2026-02-11 09:59:50,077 | INFO | execution_binance_main |     cdl3blackcrows: True
2026-02-11 09:59:50,077 | INFO | execution_binance_main |     cdl3inside: True
2026-02-11 09:59:50,077 | INFO | execution_binance_main |     cdlabandonedbaby: True
2026-02-11 09:59:50,077 | INFO | execution_binance_main |     cdlbelthold: True
2026-02-11 09:59:50,080 | INFO | execution_binance_main |     cdlconcealbabyswall: True
2026-02-11 09:59:50,080 | INFO | execution_binance_main |     cdldarkcloudcover: True
2026-02-11 09:59:50,080 | INFO | execution_binance_main |     cdldojistar: True
2026-02-11 09:59:50,081 | INFO | execution_binance_main |     cdleveningdojistar: True
2026-02-11 09:59:50,081 | INFO | execution_binance_main |     cdlgapsidesidewhite: True
2026-02-11 09:59:50,081 | INFO | execution_binance_main |     cdlgravestonedoji: True
2026-02-11 09:59:50,082 | INFO | execution_binance_main |     cdlhammer: True
2026-02-11 09:59:50,082 | INFO | execution_binance_main |     cdlhangingman: True
2026-02-11 09:59:50,083 | INFO | execution_binance_main |     cdlharami: True
2026-02-11 09:59:50,083 | INFO | execution_binance_main |     cdlhikkake: True
2026-02-11 09:59:50,084 | INFO | execution_binance_main |     cdlhikkakemod: True
2026-02-11 09:59:50,084 | INFO | execution_binance_main |     cdlidentical3crows: True
2026-02-11 09:59:50,085 | INFO | execution_binance_main |     cdlkickingbylength: True
2026-02-11 09:59:50,085 | INFO | execution_binance_main |     cdllongleggeddoji: True
2026-02-11 09:59:50,086 | INFO | execution_binance_main |     cdllongline: True
2026-02-11 09:59:50,086 | INFO | execution_binance_main |     cdlmatchinglow: True
2026-02-11 09:59:50,088 | INFO | execution_binance_main |     cdlmorningstar: True
2026-02-11 09:59:50,089 | INFO | execution_binance_main |     cdlpiercing: True
2026-02-11 09:59:50,090 | INFO | execution_binance_main |     cdlseparatinglines: True
2026-02-11 09:59:50,091 | INFO | execution_binance_main |     cdlspinningtop: True
2026-02-11 09:59:50,091 | INFO | execution_binance_main |     cdltasukigap: True
2026-02-11 09:59:50,092 | INFO | execution_binance_main |     cdlthrusting: True
2026-02-11 09:59:50,093 | INFO | execution_binance_main |     cdlunique3river: True
2026-02-11 09:59:50,093 | INFO | execution_binance_main |     cdlupsidegap2crows: True
2026-02-11 09:59:50,093 | INFO | execution_binance_main |     cdlxsidegap3methods: True
2026-02-11 09:59:50,093 | INFO | execution_binance_main |     ema_period: 30
2026-02-11 09:59:50,093 | INFO | execution_binance_main |     midprice_period: 14
2026-02-11 09:59:50,096 | INFO | execution_binance_main |     cci_period: 14
2026-02-11 09:59:50,096 | INFO | execution_binance_main |     roc_period: 10
2026-02-11 09:59:50,097 | INFO | execution_binance_main |     stochf_fastperiod: 14
2026-02-11 09:59:50,097 | INFO | execution_binance_main |     stochf_slowperiod: 3
2026-02-11 09:59:50,098 | INFO | execution_binance_main |     adosc_fastperiod: 3
2026-02-11 09:59:50,098 | INFO | execution_binance_main |     adosc_slowperiod: 10
2026-02-11 09:59:50,098 | INFO | execution_binance_main |     linearreg_slope_period: 14
2026-02-11 09:59:50,099 | INFO | execution_binance_main |     stddev_period: 5
2026-02-11 09:59:50,099 | INFO | execution_binance_main |     dema_period: 30
2026-02-11 09:59:50,101 | INFO | execution_binance_main |     kama_period: 10
2026-02-11 09:59:50,101 | INFO | execution_binance_main |     adxr_period: 14
2026-02-11 09:59:50,102 | INFO | execution_binance_main |     apo_period: 12
2026-02-11 09:59:50,103 | INFO | execution_binance_main |     aroon_period: 14
2026-02-11 09:59:50,103 | INFO | execution_binance_main |     macdext_fastperiod: 12
2026-02-11 09:59:50,104 | INFO | execution_binance_main |     macdext_slowperiod: 26
2026-02-11 09:59:50,104 | INFO | execution_binance_main |     macdext_signalperiod: 9
2026-02-11 09:59:50,104 | INFO | execution_binance_main |     rsi_period: 14
2026-02-11 09:59:50,107 | INFO | execution_binance_main |     atr_period: 14
2026-02-11 09:59:50,107 | INFO | execution_binance_main |     natr_period: 14
2026-02-11 09:59:50,107 | INFO | execution_binance_main |     linearreg_period: 14
2026-02-11 09:59:50,108 | INFO | execution_binance_main |     linearreg_angle_period: 14
2026-02-11 09:59:50,108 | INFO | execution_binance_main |     ma_period: 30
2026-02-11 09:59:50,109 | INFO | execution_binance_main |     t3_period: 14
2026-02-11 09:59:50,109 | INFO | execution_binance_main |     cmo_period: 14
2026-02-11 09:59:50,109 | INFO | execution_binance_main |     macd_fastperiod: 12
2026-02-11 09:59:50,110 | INFO | execution_binance_main |     macd_slowperiod: 26
2026-02-11 09:59:50,110 | INFO | execution_binance_main |     macd_signalperiod: 9
2026-02-11 09:59:50,111 | INFO | execution_binance_main |     minus_di_period: 14
2026-02-11 09:59:50,111 | INFO | execution_binance_main |     stoch_fastk_period: 14
2026-02-11 09:59:50,111 | INFO | execution_binance_main |     stoch_slowk_period: 3
2026-02-11 09:59:50,111 | INFO | execution_binance_main |     stoch_slowd_period: 3
2026-02-11 09:59:50,111 | INFO | execution_binance_main |     adx_period: 14
2026-02-11 09:59:50,111 | INFO | execution_binance_main |     dx_period: 14
2026-02-11 09:59:50,114 | INFO | execution_binance_main |     rocr100_period: 10
2026-02-11 09:59:50,114 | INFO | execution_binance_main | Strategy sig_1h_btc_13 → Highest window value among specified patterns: 30
2026-02-11 09:59:50,120 | INFO | execution_binance_main | Strategy sig_1h_btc_14 → ALL columns:
2026-02-11 09:59:50,121 | INFO | execution_binance_main |     strategy: sig_1h_btc_14
2026-02-11 09:59:50,121 | INFO | execution_binance_main |     tp: 3
2026-02-11 09:59:50,123 | INFO | execution_binance_main |     sl: 1
2026-02-11 09:59:50,123 | INFO | execution_binance_main |     symbol: btc
2026-02-11 09:59:50,124 | INFO | execution_binance_main |     timehorizon: 1h
2026-02-11 09:59:50,124 | INFO | execution_binance_main |     pnl_sum: 2452.63
2026-02-11 09:59:50,124 | INFO | execution_binance_main |     bbands: True
2026-02-11 09:59:50,124 | INFO | execution_binance_main |     ht_trendline: True
2026-02-11 09:59:50,125 | INFO | execution_binance_main |     mama: True
2026-02-11 09:59:50,125 | INFO | execution_binance_main |     midprice: True
2026-02-11 09:59:50,125 | INFO | execution_binance_main |     sma: True
2026-02-11 09:59:50,126 | INFO | execution_binance_main |     t3: True
2026-02-11 09:59:50,127 | INFO | execution_binance_main |     tema: True
2026-02-11 09:59:50,127 | INFO | execution_binance_main |     trima: True
2026-02-11 09:59:50,127 | INFO | execution_binance_main |     adx: True
2026-02-11 09:59:50,127 | INFO | execution_binance_main |     aroonosc: True
2026-02-11 09:59:50,127 | INFO | execution_binance_main |     cci: True
2026-02-11 09:59:50,127 | INFO | execution_binance_main |     cmo: True
2026-02-11 09:59:50,127 | INFO | execution_binance_main |     macd: True
2026-02-11 09:59:50,127 | INFO | execution_binance_main |     macdext: True
2026-02-11 09:59:50,127 | INFO | execution_binance_main |     mfi: True
2026-02-11 09:59:50,127 | INFO | execution_binance_main |     ppo: True
2026-02-11 09:59:50,127 | INFO | execution_binance_main |     rocr100: True
2026-02-11 09:59:50,127 | INFO | execution_binance_main |     rsi: True
2026-02-11 09:59:50,127 | INFO | execution_binance_main |     stochrsi: True
2026-02-11 09:59:50,132 | INFO | execution_binance_main |     trix: True
2026-02-11 09:59:50,132 | INFO | execution_binance_main |     willr: True
2026-02-11 09:59:50,133 | INFO | execution_binance_main |     adosc: True
2026-02-11 09:59:50,133 | INFO | execution_binance_main |     obv: True
2026-02-11 09:59:50,133 | INFO | execution_binance_main |     atr: True
2026-02-11 09:59:50,134 | INFO | execution_binance_main |     natr: True
2026-02-11 09:59:50,134 | INFO | execution_binance_main |     trange: True
2026-02-11 09:59:50,135 | INFO | execution_binance_main |     medprice: True
2026-02-11 09:59:50,135 | INFO | execution_binance_main |     wclprice: True
2026-02-11 09:59:50,137 | INFO | execution_binance_main |     linearreg_angle: True
2026-02-11 09:59:50,137 | INFO | execution_binance_main |     linearreg_intercept: True
2026-02-11 09:59:50,137 | INFO | execution_binance_main |     linearreg_slope: True
2026-02-11 09:59:50,139 | INFO | execution_binance_main |     stddev: True
2026-02-11 09:59:50,139 | INFO | execution_binance_main |     tsf: True
2026-02-11 09:59:50,139 | INFO | execution_binance_main |     cdl2crows: True
2026-02-11 09:59:50,139 | INFO | execution_binance_main |     cdl3linestrike: True
2026-02-11 09:59:50,141 | INFO | execution_binance_main |     cdl3starsinsouth: True
2026-02-11 09:59:50,141 | INFO | execution_binance_main |     cdladvanceblock: True
2026-02-11 09:59:50,141 | INFO | execution_binance_main |     cdlbelthold: True
2026-02-11 09:59:50,141 | INFO | execution_binance_main |     cdlclosingmarubozu: True
2026-02-11 09:59:50,141 | INFO | execution_binance_main |     cdlconcealbabyswall: True
2026-02-11 09:59:50,141 | INFO | execution_binance_main |     cdldarkcloudcover: True
2026-02-11 09:59:50,143 | INFO | execution_binance_main |     cdldoji: True
2026-02-11 09:59:50,143 | INFO | execution_binance_main |     cdldojistar: True
2026-02-11 09:59:50,144 | INFO | execution_binance_main |     cdldragonflydoji: True
2026-02-11 09:59:50,144 | INFO | execution_binance_main |     cdleveningdojistar: True
2026-02-11 09:59:50,145 | INFO | execution_binance_main |     cdlgapsidesidewhite: True
2026-02-11 09:59:50,145 | INFO | execution_binance_main |     cdlgravestonedoji: True
2026-02-11 09:59:50,146 | INFO | execution_binance_main |     cdlhammer: True
2026-02-11 09:59:50,146 | INFO | execution_binance_main |     cdlharamicross: True
2026-02-11 09:59:50,147 | INFO | execution_binance_main |     cdlhighwave: True
2026-02-11 09:59:50,148 | INFO | execution_binance_main |     cdlhikkakemod: True
2026-02-11 09:59:50,148 | INFO | execution_binance_main |     cdlidentical3crows: True
2026-02-11 09:59:50,150 | INFO | execution_binance_main |     cdlkicking: True
2026-02-11 09:59:50,150 | INFO | execution_binance_main |     cdlladderbottom: True
2026-02-11 09:59:50,151 | INFO | execution_binance_main |     cdlmarubozu: True
2026-02-11 09:59:50,152 | INFO | execution_binance_main |     cdlmatchinglow: True
2026-02-11 09:59:50,154 | INFO | execution_binance_main |     cdlmorningstar: True
2026-02-11 09:59:50,155 | INFO | execution_binance_main |     cdlonneck: True
2026-02-11 09:59:50,156 | INFO | execution_binance_main |     cdlpiercing: True
2026-02-11 09:59:50,157 | INFO | execution_binance_main |     cdlrickshawman: True
2026-02-11 09:59:50,158 | INFO | execution_binance_main |     cdlrisefall3methods: True
2026-02-11 09:59:50,159 | INFO | execution_binance_main |     cdlshortline: True
2026-02-11 09:59:50,159 | INFO | execution_binance_main |     cdlspinningtop: True
2026-02-11 09:59:50,159 | INFO | execution_binance_main |     cdlsticksandwich: True
2026-02-11 09:59:50,159 | INFO | execution_binance_main |     cdltasukigap: True
2026-02-11 09:59:50,161 | INFO | execution_binance_main |     cdltristar: True
2026-02-11 09:59:50,161 | INFO | execution_binance_main |     cdlunique3river: True
2026-02-11 09:59:50,161 | INFO | execution_binance_main |     cdlupsidegap2crows: True
2026-02-11 09:59:50,164 | INFO | execution_binance_main |     midprice_period: 14
2026-02-11 09:59:50,164 | INFO | execution_binance_main |     trima_period: 30
2026-02-11 09:59:50,164 | INFO | execution_binance_main |     aroonosc_period: 14
2026-02-11 09:59:50,164 | INFO | execution_binance_main |     cci_period: 14
2026-02-11 09:59:50,166 | INFO | execution_binance_main |     ppo_fastperiod: 12
2026-02-11 09:59:50,167 | INFO | execution_binance_main |     ppo_slowperiod: 26
2026-02-11 09:59:50,169 | INFO | execution_binance_main |     trix_period: 14
2026-02-11 09:59:50,171 | INFO | execution_binance_main |     willr_period: 14
2026-02-11 09:59:50,171 | INFO | execution_binance_main |     adosc_fastperiod: 3
2026-02-11 09:59:50,171 | INFO | execution_binance_main |     adosc_slowperiod: 10
2026-02-11 09:59:50,174 | INFO | execution_binance_main |     linearreg_slope_period: 14
2026-02-11 09:59:50,175 | INFO | execution_binance_main |     stddev_period: 5
2026-02-11 09:59:50,176 | INFO | execution_binance_main |     tsf_period: 14
2026-02-11 09:59:50,176 | INFO | execution_binance_main |     bbands_period: 5
2026-02-11 09:59:50,176 | INFO | execution_binance_main |     sma_period: 30
2026-02-11 09:59:50,177 | INFO | execution_binance_main |     tema_period: 30
2026-02-11 09:59:50,177 | INFO | execution_binance_main |     macdext_fastperiod: 12
2026-02-11 09:59:50,178 | INFO | execution_binance_main |     macdext_slowperiod: 26
2026-02-11 09:59:50,179 | INFO | execution_binance_main |     macdext_signalperiod: 9
2026-02-11 09:59:50,179 | INFO | execution_binance_main |     mfi_period: 14
2026-02-11 09:59:50,179 | INFO | execution_binance_main |     rsi_period: 14
2026-02-11 09:59:50,180 | INFO | execution_binance_main |     atr_period: 14
2026-02-11 09:59:50,180 | INFO | execution_binance_main |     natr_period: 14
2026-02-11 09:59:50,181 | INFO | execution_binance_main |     linearreg_angle_period: 14
2026-02-11 09:59:50,181 | INFO | execution_binance_main |     t3_period: 14
2026-02-11 09:59:50,183 | INFO | execution_binance_main |     cmo_period: 14
2026-02-11 09:59:50,183 | INFO | execution_binance_main |     macd_fastperiod: 12
2026-02-11 09:59:50,183 | INFO | execution_binance_main |     macd_slowperiod: 26
2026-02-11 09:59:50,183 | INFO | execution_binance_main |     macd_signalperiod: 9
2026-02-11 09:59:50,184 | INFO | execution_binance_main |     stochrsi_period: 14
2026-02-11 09:59:50,185 | INFO | execution_binance_main |     adx_period: 14
2026-02-11 09:59:50,185 | INFO | execution_binance_main |     rocr100_period: 10
2026-02-11 09:59:50,186 | INFO | execution_binance_main |     linearreg_intercept_period: 14
2026-02-11 09:59:50,186 | INFO | execution_binance_main | Strategy sig_1h_btc_14 → Highest window value among specified patterns: 30
2026-02-11 09:59:50,192 | INFO | execution_binance_main | Strategy sig_1h_btc_15 → ALL columns:
2026-02-11 09:59:50,192 | INFO | execution_binance_main |     strategy: sig_1h_btc_15
2026-02-11 09:59:50,192 | INFO | execution_binance_main |     tp: 3
2026-02-11 09:59:50,193 | INFO | execution_binance_main |     sl: 1
2026-02-11 09:59:50,194 | INFO | execution_binance_main |     symbol: btc
2026-02-11 09:59:50,194 | INFO | execution_binance_main |     timehorizon: 1h
2026-02-11 09:59:50,194 | INFO | execution_binance_main |     pnl_sum: 2752.18
2026-02-11 09:59:50,194 | INFO | execution_binance_main |     bbands: True
2026-02-11 09:59:50,195 | INFO | execution_binance_main |     dema: True
2026-02-11 09:59:50,195 | INFO | execution_binance_main |     ema: True
2026-02-11 09:59:50,195 | INFO | execution_binance_main |     ht_trendline: True
2026-02-11 09:59:50,196 | INFO | execution_binance_main |     ma: True
2026-02-11 09:59:50,196 | INFO | execution_binance_main |     sar: True
2026-02-11 09:59:50,196 | INFO | execution_binance_main |     sma: True
2026-02-11 09:59:50,197 | INFO | execution_binance_main |     tema: True
2026-02-11 09:59:50,197 | INFO | execution_binance_main |     trima: True
2026-02-11 09:59:50,198 | INFO | execution_binance_main |     adx: True
2026-02-11 09:59:50,198 | INFO | execution_binance_main |     cci: True
2026-02-11 09:59:50,198 | INFO | execution_binance_main |     cmo: True
2026-02-11 09:59:50,198 | INFO | execution_binance_main |     dx: True
2026-02-11 09:59:50,201 | INFO | execution_binance_main |     macd: True
2026-02-11 09:59:50,201 | INFO | execution_binance_main |     macdext: True
2026-02-11 09:59:50,202 | INFO | execution_binance_main |     minus_dm: True
2026-02-11 09:59:50,203 | INFO | execution_binance_main |     plus_di: True
2026-02-11 09:59:50,203 | INFO | execution_binance_main |     ppo: True
2026-02-11 09:59:50,204 | INFO | execution_binance_main |     rocp: True
2026-02-11 09:59:50,205 | INFO | execution_binance_main |     rocr: True
2026-02-11 09:59:50,205 | INFO | execution_binance_main |     rocr100: True
2026-02-11 09:59:50,206 | INFO | execution_binance_main |     stochrsi: True
2026-02-11 09:59:50,207 | INFO | execution_binance_main |     trix: True
2026-02-11 09:59:50,207 | INFO | execution_binance_main |     trange: True
2026-02-11 09:59:50,208 | INFO | execution_binance_main |     avgprice: True
2026-02-11 09:59:50,209 | INFO | execution_binance_main |     typprice: True
2026-02-11 09:59:50,209 | INFO | execution_binance_main |     ht_dcperiod: True
2026-02-11 09:59:50,209 | INFO | execution_binance_main |     ht_phasor: True
2026-02-11 09:59:50,209 | INFO | execution_binance_main |     ht_sine: True
2026-02-11 09:59:50,211 | INFO | execution_binance_main |     ht_trendmode: True
2026-02-11 09:59:50,211 | INFO | execution_binance_main |     stddev: True
2026-02-11 09:59:50,211 | INFO | execution_binance_main |     tsf: True
2026-02-11 09:59:50,211 | INFO | execution_binance_main |     var: True
2026-02-11 09:59:50,211 | INFO | execution_binance_main |     cdl3blackcrows: True
2026-02-11 09:59:50,211 | INFO | execution_binance_main |     cdl3inside: True
2026-02-11 09:59:50,211 | INFO | execution_binance_main |     cdl3outside: True
2026-02-11 09:59:50,211 | INFO | execution_binance_main |     cdl3whitesoldiers: True
2026-02-11 09:59:50,211 | INFO | execution_binance_main |     cdladvanceblock: True
2026-02-11 09:59:50,214 | INFO | execution_binance_main |     cdlbreakaway: True
2026-02-11 09:59:50,214 | INFO | execution_binance_main |     cdlconcealbabyswall: True
2026-02-11 09:59:50,215 | INFO | execution_binance_main |     cdldarkcloudcover: True
2026-02-11 09:59:50,215 | INFO | execution_binance_main |     cdldoji: True
2026-02-11 09:59:50,215 | INFO | execution_binance_main |     cdldragonflydoji: True
2026-02-11 09:59:50,216 | INFO | execution_binance_main |     cdlgravestonedoji: True
2026-02-11 09:59:50,216 | INFO | execution_binance_main |     cdlhammer: True
2026-02-11 09:59:50,217 | INFO | execution_binance_main |     cdlhangingman: True
2026-02-11 09:59:50,217 | INFO | execution_binance_main |     cdlharami: True
2026-02-11 09:59:50,218 | INFO | execution_binance_main |     cdlhighwave: True
2026-02-11 09:59:50,219 | INFO | execution_binance_main |     cdlhikkake: True
2026-02-11 09:59:50,220 | INFO | execution_binance_main |     cdlhikkakemod: True
2026-02-11 09:59:50,221 | INFO | execution_binance_main |     cdllongline: True
2026-02-11 09:59:50,221 | INFO | execution_binance_main |     cdlmatchinglow: True
2026-02-11 09:59:50,223 | INFO | execution_binance_main |     cdlonneck: True
2026-02-11 09:59:50,224 | INFO | execution_binance_main |     cdlrickshawman: True
2026-02-11 09:59:50,224 | INFO | execution_binance_main |     cdlrisefall3methods: True
2026-02-11 09:59:50,225 | INFO | execution_binance_main |     cdlshortline: True
2026-02-11 09:59:50,225 | INFO | execution_binance_main |     cdlsticksandwich: True
2026-02-11 09:59:50,225 | INFO | execution_binance_main |     cdltakuri: True
2026-02-11 09:59:50,225 | INFO | execution_binance_main |     cdlthrusting: True
2026-02-11 09:59:50,225 | INFO | execution_binance_main |     ema_period: 30
2026-02-11 09:59:50,225 | INFO | execution_binance_main |     trima_period: 30
2026-02-11 09:59:50,227 | INFO | execution_binance_main |     cci_period: 14
2026-02-11 09:59:50,227 | INFO | execution_binance_main |     minus_dm_period: 14
2026-02-11 09:59:50,227 | INFO | execution_binance_main |     plus_di_period: 14
2026-02-11 09:59:50,227 | INFO | execution_binance_main |     ppo_fastperiod: 12
2026-02-11 09:59:50,227 | INFO | execution_binance_main |     ppo_slowperiod: 26
2026-02-11 09:59:50,227 | INFO | execution_binance_main |     trix_period: 14
2026-02-11 09:59:50,227 | INFO | execution_binance_main |     stddev_period: 5
2026-02-11 09:59:50,227 | INFO | execution_binance_main |     tsf_period: 14
2026-02-11 09:59:50,230 | INFO | execution_binance_main |     var_period: 5
2026-02-11 09:59:50,230 | INFO | execution_binance_main |     bbands_period: 5
2026-02-11 09:59:50,230 | INFO | execution_binance_main |     dema_period: 30
2026-02-11 09:59:50,231 | INFO | execution_binance_main |     sma_period: 30
2026-02-11 09:59:50,231 | INFO | execution_binance_main |     tema_period: 30
2026-02-11 09:59:50,231 | INFO | execution_binance_main |     macdext_fastperiod: 12
2026-02-11 09:59:50,232 | INFO | execution_binance_main |     macdext_slowperiod: 26
2026-02-11 09:59:50,232 | INFO | execution_binance_main |     macdext_signalperiod: 9
2026-02-11 09:59:50,232 | INFO | execution_binance_main |     rocr_period: 10
2026-02-11 09:59:50,232 | INFO | execution_binance_main |     ma_period: 30
2026-02-11 09:59:50,233 | INFO | execution_binance_main |     cmo_period: 14
2026-02-11 09:59:50,233 | INFO | execution_binance_main |     macd_fastperiod: 12
2026-02-11 09:59:50,233 | INFO | execution_binance_main |     macd_slowperiod: 26
2026-02-11 09:59:50,234 | INFO | execution_binance_main |     macd_signalperiod: 9
2026-02-11 09:59:50,234 | INFO | execution_binance_main |     rocp_period: 10
2026-02-11 09:59:50,235 | INFO | execution_binance_main |     stochrsi_period: 14
2026-02-11 09:59:50,236 | INFO | execution_binance_main |     adx_period: 14
2026-02-11 09:59:50,237 | INFO | execution_binance_main |     dx_period: 14
2026-02-11 09:59:50,238 | INFO | execution_binance_main |     rocr100_period: 10
2026-02-11 09:59:50,238 | INFO | execution_binance_main | Strategy sig_1h_btc_15 → Highest window value among specified patterns: 30
2026-02-11 09:59:50,242 | INFO | execution_binance_main | Strategy sig_1h_btc_16 → ALL columns:
2026-02-11 09:59:50,244 | INFO | execution_binance_main |     strategy: sig_1h_btc_16
2026-02-11 09:59:50,244 | INFO | execution_binance_main |     tp: 3
2026-02-11 09:59:50,244 | INFO | execution_binance_main |     sl: 1
2026-02-11 09:59:50,246 | INFO | execution_binance_main |     symbol: btc
2026-02-11 09:59:50,246 | INFO | execution_binance_main |     timehorizon: 1h
2026-02-11 09:59:50,246 | INFO | execution_binance_main |     pnl_sum: 2638.26
2026-02-11 09:59:50,247 | INFO | execution_binance_main |     bbands: True
2026-02-11 09:59:50,247 | INFO | execution_binance_main |     ht_trendline: True
2026-02-11 09:59:50,247 | INFO | execution_binance_main |     kama: True
2026-02-11 09:59:50,248 | INFO | execution_binance_main |     ma: True
2026-02-11 09:59:50,248 | INFO | execution_binance_main |     midpoint: True
2026-02-11 09:59:50,248 | INFO | execution_binance_main |     sar: True
2026-02-11 09:59:50,249 | INFO | execution_binance_main |     t3: True
2026-02-11 09:59:50,249 | INFO | execution_binance_main |     tema: True
2026-02-11 09:59:50,250 | INFO | execution_binance_main |     apo: True
2026-02-11 09:59:50,250 | INFO | execution_binance_main |     aroon: True
2026-02-11 09:59:50,250 | INFO | execution_binance_main |     aroonosc: True
2026-02-11 09:59:50,251 | INFO | execution_binance_main |     cci: True
2026-02-11 09:59:50,252 | INFO | execution_binance_main |     cmo: True
2026-02-11 09:59:50,252 | INFO | execution_binance_main |     dx: True
2026-02-11 09:59:50,253 | INFO | execution_binance_main |     macdext: True
2026-02-11 09:59:50,253 | INFO | execution_binance_main |     minus_di: True
2026-02-11 09:59:50,254 | INFO | execution_binance_main |     minus_dm: True
2026-02-11 09:59:50,254 | INFO | execution_binance_main |     mom: True
2026-02-11 09:59:50,254 | INFO | execution_binance_main |     plus_dm: True
2026-02-11 09:59:50,256 | INFO | execution_binance_main |     roc: True
2026-02-11 09:59:50,256 | INFO | execution_binance_main |     rocp: True
2026-02-11 09:59:50,257 | INFO | execution_binance_main |     rocr100: True
2026-02-11 09:59:50,257 | INFO | execution_binance_main |     rsi: True
2026-02-11 09:59:50,257 | INFO | execution_binance_main |     stoch: True
2026-02-11 09:59:50,258 | INFO | execution_binance_main |     adosc: True
2026-02-11 09:59:50,258 | INFO | execution_binance_main |     atr: True
2026-02-11 09:59:50,258 | INFO | execution_binance_main |     trange: True
2026-02-11 09:59:50,259 | INFO | execution_binance_main |     avgprice: True
2026-02-11 09:59:50,259 | INFO | execution_binance_main |     medprice: True
2026-02-11 09:59:50,259 | INFO | execution_binance_main |     typprice: True
2026-02-11 09:59:50,260 | INFO | execution_binance_main |     wclprice: True
2026-02-11 09:59:50,260 | INFO | execution_binance_main |     ht_phasor: True
2026-02-11 09:59:50,260 | INFO | execution_binance_main |     ht_sine: True
2026-02-11 09:59:50,260 | INFO | execution_binance_main |     ht_trendmode: True
2026-02-11 09:59:50,260 | INFO | execution_binance_main |     linearreg: True
2026-02-11 09:59:50,260 | INFO | execution_binance_main |     linearreg_slope: True
2026-02-11 09:59:50,260 | INFO | execution_binance_main |     stddev: True
2026-02-11 09:59:50,260 | INFO | execution_binance_main |     cdl2crows: True
2026-02-11 09:59:50,260 | INFO | execution_binance_main |     cdl3inside: True
2026-02-11 09:59:50,260 | INFO | execution_binance_main |     cdl3linestrike: True
2026-02-11 09:59:50,260 | INFO | execution_binance_main |     cdl3starsinsouth: True
2026-02-11 09:59:50,260 | INFO | execution_binance_main |     cdlbelthold: True
2026-02-11 09:59:50,260 | INFO | execution_binance_main |     cdlclosingmarubozu: True
2026-02-11 09:59:50,260 | INFO | execution_binance_main |     cdlcounterattack: True
2026-02-11 09:59:50,266 | INFO | execution_binance_main |     cdldarkcloudcover: True
2026-02-11 09:59:50,266 | INFO | execution_binance_main |     cdldoji: True
2026-02-11 09:59:50,266 | INFO | execution_binance_main |     cdldojistar: True
2026-02-11 09:59:50,267 | INFO | execution_binance_main |     cdlhammer: True
2026-02-11 09:59:50,267 | INFO | execution_binance_main |     cdlhikkake: True
2026-02-11 09:59:50,268 | INFO | execution_binance_main |     cdlinneck: True
2026-02-11 09:59:50,268 | INFO | execution_binance_main |     cdlkicking: True
2026-02-11 09:59:50,270 | INFO | execution_binance_main |     cdlladderbottom: True
2026-02-11 09:59:50,270 | INFO | execution_binance_main |     cdllongleggeddoji: True
2026-02-11 09:59:50,271 | INFO | execution_binance_main |     cdllongline: True
2026-02-11 09:59:50,271 | INFO | execution_binance_main |     cdlmatchinglow: True
2026-02-11 09:59:50,273 | INFO | execution_binance_main |     cdlmathold: True
2026-02-11 09:59:50,273 | INFO | execution_binance_main |     cdlseparatinglines: True
2026-02-11 09:59:50,273 | INFO | execution_binance_main |     cdlshootingstar: True
2026-02-11 09:59:50,274 | INFO | execution_binance_main |     cdlshortline: True
2026-02-11 09:59:50,274 | INFO | execution_binance_main |     cdlspinningtop: True
2026-02-11 09:59:50,274 | INFO | execution_binance_main |     cdlstalledpattern: True
2026-02-11 09:59:50,274 | INFO | execution_binance_main |     cdltasukigap: True
2026-02-11 09:59:50,274 | INFO | execution_binance_main |     cdlthrusting: True
2026-02-11 09:59:50,276 | INFO | execution_binance_main |     cdlxsidegap3methods: True
2026-02-11 09:59:50,276 | INFO | execution_binance_main |     midpoint_period: 14
2026-02-11 09:59:50,277 | INFO | execution_binance_main |     aroonosc_period: 14
2026-02-11 09:59:50,277 | INFO | execution_binance_main |     cci_period: 14
2026-02-11 09:59:50,277 | INFO | execution_binance_main |     minus_dm_period: 14
2026-02-11 09:59:50,278 | INFO | execution_binance_main |     plus_dm_period: 14
2026-02-11 09:59:50,278 | INFO | execution_binance_main |     roc_period: 10
2026-02-11 09:59:50,278 | INFO | execution_binance_main |     adosc_fastperiod: 3
2026-02-11 09:59:50,278 | INFO | execution_binance_main |     adosc_slowperiod: 10
2026-02-11 09:59:50,279 | INFO | execution_binance_main |     linearreg_slope_period: 14
2026-02-11 09:59:50,279 | INFO | execution_binance_main |     stddev_period: 5
2026-02-11 09:59:50,279 | INFO | execution_binance_main |     bbands_period: 5
2026-02-11 09:59:50,279 | INFO | execution_binance_main |     kama_period: 10
2026-02-11 09:59:50,280 | INFO | execution_binance_main |     tema_period: 30
2026-02-11 09:59:50,280 | INFO | execution_binance_main |     apo_period: 12
2026-02-11 09:59:50,280 | INFO | execution_binance_main |     aroon_period: 14
2026-02-11 09:59:50,281 | INFO | execution_binance_main |     macdext_fastperiod: 12
2026-02-11 09:59:50,281 | INFO | execution_binance_main |     macdext_slowperiod: 26
2026-02-11 09:59:50,281 | INFO | execution_binance_main |     macdext_signalperiod: 9
2026-02-11 09:59:50,281 | INFO | execution_binance_main |     mom_period: 10
2026-02-11 09:59:50,281 | INFO | execution_binance_main |     rsi_period: 14
2026-02-11 09:59:50,281 | INFO | execution_binance_main |     atr_period: 14
2026-02-11 09:59:50,281 | INFO | execution_binance_main |     linearreg_period: 14
2026-02-11 09:59:50,281 | INFO | execution_binance_main |     ma_period: 30
2026-02-11 09:59:50,281 | INFO | execution_binance_main |     t3_period: 14
2026-02-11 09:59:50,281 | INFO | execution_binance_main |     cmo_period: 14
2026-02-11 09:59:50,284 | INFO | execution_binance_main |     minus_di_period: 14
2026-02-11 09:59:50,284 | INFO | execution_binance_main |     rocp_period: 10
2026-02-11 09:59:50,285 | INFO | execution_binance_main |     stoch_fastk_period: 14
2026-02-11 09:59:50,287 | INFO | execution_binance_main |     stoch_slowk_period: 3
2026-02-11 09:59:50,287 | INFO | execution_binance_main |     stoch_slowd_period: 3
2026-02-11 09:59:50,287 | INFO | execution_binance_main |     dx_period: 14
2026-02-11 09:59:50,289 | INFO | execution_binance_main |     rocr100_period: 10
2026-02-11 09:59:50,289 | INFO | execution_binance_main | Strategy sig_1h_btc_16 → Highest window value among specified patterns: 30
2026-02-11 09:59:50,292 | INFO | execution_binance_main | Strategy sig_1h_btc_17 → ALL columns:
2026-02-11 09:59:50,292 | INFO | execution_binance_main |     strategy: sig_1h_btc_17
2026-02-11 09:59:50,292 | INFO | execution_binance_main |     tp: 3
2026-02-11 09:59:50,292 | INFO | execution_binance_main |     sl: 1
2026-02-11 09:59:50,292 | INFO | execution_binance_main |     symbol: btc
2026-02-11 09:59:50,292 | INFO | execution_binance_main |     timehorizon: 1h
2026-02-11 09:59:50,296 | INFO | execution_binance_main |     pnl_sum: 3465.59
2026-02-11 09:59:50,296 | INFO | execution_binance_main |     bbands: True
2026-02-11 09:59:50,296 | INFO | execution_binance_main |     ht_trendline: True
2026-02-11 09:59:50,296 | INFO | execution_binance_main |     mama: True
2026-02-11 09:59:50,296 | INFO | execution_binance_main |     midprice: True
2026-02-11 09:59:50,296 | INFO | execution_binance_main |     sar: True
2026-02-11 09:59:50,296 | INFO | execution_binance_main |     sarext: True
2026-02-11 09:59:50,296 | INFO | execution_binance_main |     wma: True
2026-02-11 09:59:50,296 | INFO | execution_binance_main |     apo: True
2026-02-11 09:59:50,296 | INFO | execution_binance_main |     aroonosc: True
2026-02-11 09:59:50,296 | INFO | execution_binance_main |     bop: True
2026-02-11 09:59:50,296 | INFO | execution_binance_main |     cci: True
2026-02-11 09:59:50,296 | INFO | execution_binance_main |     cmo: True
2026-02-11 09:59:50,296 | INFO | execution_binance_main |     macd: True
2026-02-11 09:59:50,300 | INFO | execution_binance_main |     mfi: True
2026-02-11 09:59:50,300 | INFO | execution_binance_main |     minus_di: True
2026-02-11 09:59:50,300 | INFO | execution_binance_main |     minus_dm: True
2026-02-11 09:59:50,301 | INFO | execution_binance_main |     ppo: True
2026-02-11 09:59:50,301 | INFO | execution_binance_main |     roc: True
2026-02-11 09:59:50,302 | INFO | execution_binance_main |     rsi: True
2026-02-11 09:59:50,303 | INFO | execution_binance_main |     stoch: True
2026-02-11 09:59:50,304 | INFO | execution_binance_main |     stochf: True
2026-02-11 09:59:50,304 | INFO | execution_binance_main |     stochrsi: True
2026-02-11 09:59:50,305 | INFO | execution_binance_main |     ad: True
2026-02-11 09:59:50,305 | INFO | execution_binance_main |     adosc: True
2026-02-11 09:59:50,305 | INFO | execution_binance_main |     obv: True
2026-02-11 09:59:50,305 | INFO | execution_binance_main |     atr: True
2026-02-11 09:59:50,305 | INFO | execution_binance_main |     trange: True
2026-02-11 09:59:50,308 | INFO | execution_binance_main |     medprice: True
2026-02-11 09:59:50,308 | INFO | execution_binance_main |     ht_dcperiod: True
2026-02-11 09:59:50,308 | INFO | execution_binance_main |     ht_phasor: True
2026-02-11 09:59:50,308 | INFO | execution_binance_main |     ht_sine: True
2026-02-11 09:59:50,308 | INFO | execution_binance_main |     ht_trendmode: True
2026-02-11 09:59:50,308 | INFO | execution_binance_main |     linearreg: True
2026-02-11 09:59:50,310 | INFO | execution_binance_main |     linearreg_angle: True
2026-02-11 09:59:50,310 | INFO | execution_binance_main |     cdl2crows: True
2026-02-11 09:59:50,310 | INFO | execution_binance_main |     cdl3blackcrows: True
2026-02-11 09:59:50,310 | INFO | execution_binance_main |     cdl3inside: True
2026-02-11 09:59:50,311 | INFO | execution_binance_main |     cdl3linestrike: True
2026-02-11 09:59:50,311 | INFO | execution_binance_main |     cdl3outside: True
2026-02-11 09:59:50,312 | INFO | execution_binance_main |     cdl3whitesoldiers: True
2026-02-11 09:59:50,312 | INFO | execution_binance_main |     cdlabandonedbaby: True
2026-02-11 09:59:50,313 | INFO | execution_binance_main |     cdlbreakaway: True
2026-02-11 09:59:50,313 | INFO | execution_binance_main |     cdldragonflydoji: True
2026-02-11 09:59:50,313 | INFO | execution_binance_main |     cdleveningstar: True
2026-02-11 09:59:50,314 | INFO | execution_binance_main |     cdlgravestonedoji: True
2026-02-11 09:59:50,315 | INFO | execution_binance_main |     cdlhangingman: True
2026-02-11 09:59:50,315 | INFO | execution_binance_main |     cdlharami: True
2026-02-11 09:59:50,315 | INFO | execution_binance_main |     cdlhikkake: True
2026-02-11 09:59:50,315 | INFO | execution_binance_main |     cdlhomingpigeon: True
2026-02-11 09:59:50,315 | INFO | execution_binance_main |     cdlinneck: True
2026-02-11 09:59:50,317 | INFO | execution_binance_main |     cdlinvertedhammer: True
2026-02-11 09:59:50,317 | INFO | execution_binance_main |     cdllongline: True
2026-02-11 09:59:50,318 | INFO | execution_binance_main |     cdlmarubozu: True
2026-02-11 09:59:50,318 | INFO | execution_binance_main |     cdlmatchinglow: True
2026-02-11 09:59:50,319 | INFO | execution_binance_main |     cdlonneck: True
2026-02-11 09:59:50,319 | INFO | execution_binance_main |     cdlsticksandwich: True
2026-02-11 09:59:50,320 | INFO | execution_binance_main |     cdltakuri: True
2026-02-11 09:59:50,320 | INFO | execution_binance_main |     cdlthrusting: True
2026-02-11 09:59:50,321 | INFO | execution_binance_main |     cdltristar: True
2026-02-11 09:59:50,321 | INFO | execution_binance_main |     cdlxsidegap3methods: True
2026-02-11 09:59:50,321 | INFO | execution_binance_main |     midprice_period: 14
2026-02-11 09:59:50,322 | INFO | execution_binance_main |     wma_period: 30
2026-02-11 09:59:50,322 | INFO | execution_binance_main |     aroonosc_period: 14
2026-02-11 09:59:50,322 | INFO | execution_binance_main |     cci_period: 14
2026-02-11 09:59:50,323 | INFO | execution_binance_main |     minus_dm_period: 14
2026-02-11 09:59:50,324 | INFO | execution_binance_main |     ppo_fastperiod: 12
2026-02-11 09:59:50,325 | INFO | execution_binance_main |     ppo_slowperiod: 26
2026-02-11 09:59:50,326 | INFO | execution_binance_main |     roc_period: 10
2026-02-11 09:59:50,326 | INFO | execution_binance_main |     stochf_fastperiod: 14
2026-02-11 09:59:50,326 | INFO | execution_binance_main |     stochf_slowperiod: 3
2026-02-11 09:59:50,327 | INFO | execution_binance_main |     adosc_fastperiod: 3
2026-02-11 09:59:50,327 | INFO | execution_binance_main |     adosc_slowperiod: 10
2026-02-11 09:59:50,328 | INFO | execution_binance_main |     bbands_period: 5
2026-02-11 09:59:50,328 | INFO | execution_binance_main |     apo_period: 12
2026-02-11 09:59:50,328 | INFO | execution_binance_main |     mfi_period: 14
2026-02-11 09:59:50,329 | INFO | execution_binance_main |     rsi_period: 14
2026-02-11 09:59:50,329 | INFO | execution_binance_main |     atr_period: 14
2026-02-11 09:59:50,329 | INFO | execution_binance_main |     linearreg_period: 14
2026-02-11 09:59:50,329 | INFO | execution_binance_main |     linearreg_angle_period: 14
2026-02-11 09:59:50,330 | INFO | execution_binance_main |     cmo_period: 14
2026-02-11 09:59:50,330 | INFO | execution_binance_main |     macd_fastperiod: 12
2026-02-11 09:59:50,330 | INFO | execution_binance_main |     macd_slowperiod: 26
2026-02-11 09:59:50,332 | INFO | execution_binance_main |     macd_signalperiod: 9
2026-02-11 09:59:50,332 | INFO | execution_binance_main |     minus_di_period: 14
2026-02-11 09:59:50,332 | INFO | execution_binance_main |     stoch_fastk_period: 14
2026-02-11 09:59:50,333 | INFO | execution_binance_main |     stoch_slowk_period: 3
2026-02-11 09:59:50,333 | INFO | execution_binance_main |     stoch_slowd_period: 3
2026-02-11 09:59:50,334 | INFO | execution_binance_main |     stochrsi_period: 14
2026-02-11 09:59:50,334 | INFO | execution_binance_main | Strategy sig_1h_btc_17 → Highest window value among specified patterns: 30
2026-02-11 09:59:50,341 | INFO | execution_binance_main | Strategy sig_1h_btc_18 → ALL columns:
2026-02-11 09:59:50,341 | INFO | execution_binance_main |     strategy: sig_1h_btc_18
2026-02-11 09:59:50,342 | INFO | execution_binance_main |     tp: 3
2026-02-11 09:59:50,342 | INFO | execution_binance_main |     sl: 1
2026-02-11 09:59:50,342 | INFO | execution_binance_main |     symbol: btc
2026-02-11 09:59:50,342 | INFO | execution_binance_main |     timehorizon: 1h
2026-02-11 09:59:50,342 | INFO | execution_binance_main |     pnl_sum: 2861.77
2026-02-11 09:59:50,342 | INFO | execution_binance_main |     bbands: True
2026-02-11 09:59:50,342 | INFO | execution_binance_main |     ema: True
2026-02-11 09:59:50,342 | INFO | execution_binance_main |     ht_trendline: True
2026-02-11 09:59:50,342 | INFO | execution_binance_main |     kama: True
2026-02-11 09:59:50,342 | INFO | execution_binance_main |     ma: True
2026-02-11 09:59:50,342 | INFO | execution_binance_main |     midprice: True
2026-02-11 09:59:50,342 | INFO | execution_binance_main |     sma: True
2026-02-11 09:59:50,342 | INFO | execution_binance_main |     t3: True
2026-02-11 09:59:50,342 | INFO | execution_binance_main |     trima: True
2026-02-11 09:59:50,342 | INFO | execution_binance_main |     wma: True
2026-02-11 09:59:50,342 | INFO | execution_binance_main |     bop: True
2026-02-11 09:59:50,347 | INFO | execution_binance_main |     macdext: True
2026-02-11 09:59:50,347 | INFO | execution_binance_main |     mfi: True
2026-02-11 09:59:50,348 | INFO | execution_binance_main |     minus_di: True
2026-02-11 09:59:50,348 | INFO | execution_binance_main |     plus_di: True
2026-02-11 09:59:50,348 | INFO | execution_binance_main |     ppo: True
2026-02-11 09:59:50,348 | INFO | execution_binance_main |     roc: True
2026-02-11 09:59:50,349 | INFO | execution_binance_main |     rocp: True
2026-02-11 09:59:50,349 | INFO | execution_binance_main |     rocr: True
2026-02-11 09:59:50,349 | INFO | execution_binance_main |     rsi: True
2026-02-11 09:59:50,350 | INFO | execution_binance_main |     stoch: True
2026-02-11 09:59:50,350 | INFO | execution_binance_main |     stochrsi: True
2026-02-11 09:59:50,350 | INFO | execution_binance_main |     trix: True
2026-02-11 09:59:50,351 | INFO | execution_binance_main |     willr: True
2026-02-11 09:59:50,353 | INFO | execution_binance_main |     trange: True
2026-02-11 09:59:50,353 | INFO | execution_binance_main |     medprice: True
2026-02-11 09:59:50,354 | INFO | execution_binance_main |     ht_dcphase: True
2026-02-11 09:59:50,354 | INFO | execution_binance_main |     linearreg: True
2026-02-11 09:59:50,355 | INFO | execution_binance_main |     linearreg_intercept: True
2026-02-11 09:59:50,355 | INFO | execution_binance_main |     linearreg_slope: True
2026-02-11 09:59:50,355 | INFO | execution_binance_main |     stddev: True
2026-02-11 09:59:50,355 | INFO | execution_binance_main |     tsf: True
2026-02-11 09:59:50,355 | INFO | execution_binance_main |     cdl3inside: True
2026-02-11 09:59:50,355 | INFO | execution_binance_main |     cdl3starsinsouth: True
2026-02-11 09:59:50,358 | INFO | execution_binance_main |     cdlclosingmarubozu: True
2026-02-11 09:59:50,358 | INFO | execution_binance_main |     cdlcounterattack: True
2026-02-11 09:59:50,358 | INFO | execution_binance_main |     cdldarkcloudcover: True
2026-02-11 09:59:50,359 | INFO | execution_binance_main |     cdldoji: True
2026-02-11 09:59:50,359 | INFO | execution_binance_main |     cdldojistar: True
2026-02-11 09:59:50,359 | INFO | execution_binance_main |     cdlgapsidesidewhite: True
2026-02-11 09:59:50,360 | INFO | execution_binance_main |     cdlgravestonedoji: True
2026-02-11 09:59:50,360 | INFO | execution_binance_main |     cdlhammer: True
2026-02-11 09:59:50,360 | INFO | execution_binance_main |     cdlharami: True
2026-02-11 09:59:50,361 | INFO | execution_binance_main |     cdlinneck: True
2026-02-11 09:59:50,361 | INFO | execution_binance_main |     cdlinvertedhammer: True
2026-02-11 09:59:50,361 | INFO | execution_binance_main |     cdlkicking: True
2026-02-11 09:59:50,361 | INFO | execution_binance_main |     cdlkickingbylength: True
2026-02-11 09:59:50,362 | INFO | execution_binance_main |     cdlladderbottom: True
2026-02-11 09:59:50,362 | INFO | execution_binance_main |     cdllongleggeddoji: True
2026-02-11 09:59:50,362 | INFO | execution_binance_main |     cdllongline: True
2026-02-11 09:59:50,362 | INFO | execution_binance_main |     cdlmorningdojistar: True
2026-02-11 09:59:50,362 | INFO | execution_binance_main |     cdlpiercing: True
2026-02-11 09:59:50,362 | INFO | execution_binance_main |     cdlrickshawman: True
2026-02-11 09:59:50,362 | INFO | execution_binance_main |     cdlrisefall3methods: True
2026-02-11 09:59:50,362 | INFO | execution_binance_main |     cdlseparatinglines: True
2026-02-11 09:59:50,362 | INFO | execution_binance_main |     cdlshortline: True
2026-02-11 09:59:50,362 | INFO | execution_binance_main |     cdlspinningtop: True
2026-02-11 09:59:50,366 | INFO | execution_binance_main |     cdlstalledpattern: True
2026-02-11 09:59:50,366 | INFO | execution_binance_main |     cdltristar: True
2026-02-11 09:59:50,366 | INFO | execution_binance_main |     cdlunique3river: True
2026-02-11 09:59:50,366 | INFO | execution_binance_main |     ema_period: 30
2026-02-11 09:59:50,367 | INFO | execution_binance_main |     midprice_period: 14
2026-02-11 09:59:50,367 | INFO | execution_binance_main |     trima_period: 30
2026-02-11 09:59:50,368 | INFO | execution_binance_main |     wma_period: 30
2026-02-11 09:59:50,368 | INFO | execution_binance_main |     plus_di_period: 14
2026-02-11 09:59:50,370 | INFO | execution_binance_main |     ppo_fastperiod: 12
2026-02-11 09:59:50,370 | INFO | execution_binance_main |     ppo_slowperiod: 26
2026-02-11 09:59:50,371 | INFO | execution_binance_main |     roc_period: 10
2026-02-11 09:59:50,371 | INFO | execution_binance_main |     trix_period: 14
2026-02-11 09:59:50,372 | INFO | execution_binance_main |     willr_period: 14
2026-02-11 09:59:50,372 | INFO | execution_binance_main |     linearreg_slope_period: 14
2026-02-11 09:59:50,374 | INFO | execution_binance_main |     stddev_period: 5
2026-02-11 09:59:50,374 | INFO | execution_binance_main |     tsf_period: 14
2026-02-11 09:59:50,374 | INFO | execution_binance_main |     bbands_period: 5
2026-02-11 09:59:50,374 | INFO | execution_binance_main |     kama_period: 10
2026-02-11 09:59:50,375 | INFO | execution_binance_main |     sma_period: 30
2026-02-11 09:59:50,375 | INFO | execution_binance_main |     macdext_fastperiod: 12
2026-02-11 09:59:50,375 | INFO | execution_binance_main |     macdext_slowperiod: 26
2026-02-11 09:59:50,376 | INFO | execution_binance_main |     macdext_signalperiod: 9
2026-02-11 09:59:50,376 | INFO | execution_binance_main |     mfi_period: 14
2026-02-11 09:59:50,376 | INFO | execution_binance_main |     rocr_period: 10
2026-02-11 09:59:50,376 | INFO | execution_binance_main |     rsi_period: 14
2026-02-11 09:59:50,376 | INFO | execution_binance_main |     linearreg_period: 14
2026-02-11 09:59:50,376 | INFO | execution_binance_main |     ma_period: 30
2026-02-11 09:59:50,376 | INFO | execution_binance_main |     t3_period: 14
2026-02-11 09:59:50,379 | INFO | execution_binance_main |     minus_di_period: 14
2026-02-11 09:59:50,379 | INFO | execution_binance_main |     rocp_period: 10
2026-02-11 09:59:50,379 | INFO | execution_binance_main |     stoch_fastk_period: 14
2026-02-11 09:59:50,379 | INFO | execution_binance_main |     stoch_slowk_period: 3
2026-02-11 09:59:50,380 | INFO | execution_binance_main |     stoch_slowd_period: 3
2026-02-11 09:59:50,380 | INFO | execution_binance_main |     stochrsi_period: 14
2026-02-11 09:59:50,381 | INFO | execution_binance_main |     linearreg_intercept_period: 14
2026-02-11 09:59:50,381 | INFO | execution_binance_main | Strategy sig_1h_btc_18 → Highest window value among specified patterns: 30
2026-02-11 09:59:50,385 | INFO | execution_binance_main | Strategy sig_1h_btc_19 → ALL columns:
2026-02-11 09:59:50,386 | INFO | execution_binance_main |     strategy: sig_1h_btc_19
2026-02-11 09:59:50,386 | INFO | execution_binance_main |     tp: 3
2026-02-11 09:59:50,389 | INFO | execution_binance_main |     sl: 1
2026-02-11 09:59:50,390 | INFO | execution_binance_main |     symbol: btc
2026-02-11 09:59:50,390 | INFO | execution_binance_main |     timehorizon: 1h
2026-02-11 09:59:50,390 | INFO | execution_binance_main |     pnl_sum: 1953.34
2026-02-11 09:59:50,390 | INFO | execution_binance_main |     dema: True
2026-02-11 09:59:50,391 | INFO | execution_binance_main |     ema: True
2026-02-11 09:59:50,391 | INFO | execution_binance_main |     ma: True
2026-02-11 09:59:50,391 | INFO | execution_binance_main |     midpoint: True
2026-02-11 09:59:50,393 | INFO | execution_binance_main |     sar: True
2026-02-11 09:59:50,393 | INFO | execution_binance_main |     sarext: True
2026-02-11 09:59:50,393 | INFO | execution_binance_main |     trima: True
2026-02-11 09:59:50,393 | INFO | execution_binance_main |     wma: True
2026-02-11 09:59:50,394 | INFO | execution_binance_main |     adxr: True
2026-02-11 09:59:50,394 | INFO | execution_binance_main |     apo: True
2026-02-11 09:59:50,396 | INFO | execution_binance_main |     aroon: True
2026-02-11 09:59:50,396 | INFO | execution_binance_main |     cci: True
2026-02-11 09:59:50,396 | INFO | execution_binance_main |     cmo: True
2026-02-11 09:59:50,396 | INFO | execution_binance_main |     mfi: True
2026-02-11 09:59:50,396 | INFO | execution_binance_main |     minus_dm: True
2026-02-11 09:59:50,396 | INFO | execution_binance_main |     mom: True
2026-02-11 09:59:50,396 | INFO | execution_binance_main |     plus_di: True
2026-02-11 09:59:50,398 | INFO | execution_binance_main |     plus_dm: True
2026-02-11 09:59:50,398 | INFO | execution_binance_main |     ppo: True
2026-02-11 09:59:50,399 | INFO | execution_binance_main |     roc: True
2026-02-11 09:59:50,399 | INFO | execution_binance_main |     rocr: True
2026-02-11 09:59:50,399 | INFO | execution_binance_main |     rsi: True
2026-02-11 09:59:50,400 | INFO | execution_binance_main |     trix: True
2026-02-11 09:59:50,400 | INFO | execution_binance_main |     willr: True
2026-02-11 09:59:50,401 | INFO | execution_binance_main |     atr: True
2026-02-11 09:59:50,401 | INFO | execution_binance_main |     trange: True
2026-02-11 09:59:50,402 | INFO | execution_binance_main |     ht_dcphase: True
2026-02-11 09:59:50,403 | INFO | execution_binance_main |     ht_phasor: True
2026-02-11 09:59:50,404 | INFO | execution_binance_main |     ht_sine: True
2026-02-11 09:59:50,405 | INFO | execution_binance_main |     linearreg_angle: True
2026-02-11 09:59:50,406 | INFO | execution_binance_main |     linearreg_intercept: True
2026-02-11 09:59:50,407 | INFO | execution_binance_main |     cdl3blackcrows: True
2026-02-11 09:59:50,407 | INFO | execution_binance_main |     cdl3starsinsouth: True
2026-02-11 09:59:50,407 | INFO | execution_binance_main |     cdlbreakaway: True
2026-02-11 09:59:50,408 | INFO | execution_binance_main |     cdlconcealbabyswall: True
2026-02-11 09:59:50,408 | INFO | execution_binance_main |     cdldarkcloudcover: True
2026-02-11 09:59:50,408 | INFO | execution_binance_main |     cdldoji: True
2026-02-11 09:59:50,409 | INFO | execution_binance_main |     cdldragonflydoji: True
2026-02-11 09:59:50,409 | INFO | execution_binance_main |     cdlengulfing: True
2026-02-11 09:59:50,410 | INFO | execution_binance_main |     cdleveningstar: True
2026-02-11 09:59:50,410 | INFO | execution_binance_main |     cdlgapsidesidewhite: True
2026-02-11 09:59:50,410 | INFO | execution_binance_main |     cdlgravestonedoji: True
2026-02-11 09:59:50,411 | INFO | execution_binance_main |     cdlhighwave: True
2026-02-11 09:59:50,411 | INFO | execution_binance_main |     cdlhikkake: True
2026-02-11 09:59:50,412 | INFO | execution_binance_main |     cdlhikkakemod: True
2026-02-11 09:59:50,412 | INFO | execution_binance_main |     cdlhomingpigeon: True
2026-02-11 09:59:50,413 | INFO | execution_binance_main |     cdlinneck: True
2026-02-11 09:59:50,413 | INFO | execution_binance_main |     cdlinvertedhammer: True
2026-02-11 09:59:50,414 | INFO | execution_binance_main |     cdlkicking: True
2026-02-11 09:59:50,414 | INFO | execution_binance_main |     cdlkickingbylength: True
2026-02-11 09:59:50,415 | INFO | execution_binance_main |     cdlmarubozu: True
2026-02-11 09:59:50,415 | INFO | execution_binance_main |     cdlmorningdojistar: True
2026-02-11 09:59:50,415 | INFO | execution_binance_main |     cdlpiercing: True
2026-02-11 09:59:50,415 | INFO | execution_binance_main |     cdlrickshawman: True
2026-02-11 09:59:50,415 | INFO | execution_binance_main |     cdlshootingstar: True
2026-02-11 09:59:50,415 | INFO | execution_binance_main |     cdlshortline: True
2026-02-11 09:59:50,419 | INFO | execution_binance_main |     cdlspinningtop: True
2026-02-11 09:59:50,420 | INFO | execution_binance_main |     cdlsticksandwich: True
2026-02-11 09:59:50,421 | INFO | execution_binance_main |     cdltakuri: True
2026-02-11 09:59:50,422 | INFO | execution_binance_main |     cdltasukigap: True
2026-02-11 09:59:50,422 | INFO | execution_binance_main |     cdlthrusting: True
2026-02-11 09:59:50,423 | INFO | execution_binance_main |     cdltristar: True
2026-02-11 09:59:50,423 | INFO | execution_binance_main |     cdlunique3river: True
2026-02-11 09:59:50,424 | INFO | execution_binance_main |     cdlxsidegap3methods: True
2026-02-11 09:59:50,425 | INFO | execution_binance_main |     ema_period: 30
2026-02-11 09:59:50,425 | INFO | execution_binance_main |     midpoint_period: 14
2026-02-11 09:59:50,425 | INFO | execution_binance_main |     trima_period: 30
2026-02-11 09:59:50,425 | INFO | execution_binance_main |     wma_period: 30
2026-02-11 09:59:50,425 | INFO | execution_binance_main |     cci_period: 14
2026-02-11 09:59:50,427 | INFO | execution_binance_main |     minus_dm_period: 14
2026-02-11 09:59:50,427 | INFO | execution_binance_main |     plus_di_period: 14
2026-02-11 09:59:50,427 | INFO | execution_binance_main |     plus_dm_period: 14
2026-02-11 09:59:50,427 | INFO | execution_binance_main |     ppo_fastperiod: 12
2026-02-11 09:59:50,428 | INFO | execution_binance_main |     ppo_slowperiod: 26
2026-02-11 09:59:50,428 | INFO | execution_binance_main |     roc_period: 10
2026-02-11 09:59:50,428 | INFO | execution_binance_main |     trix_period: 14
2026-02-11 09:59:50,430 | INFO | execution_binance_main |     willr_period: 14
2026-02-11 09:59:50,430 | INFO | execution_binance_main |     dema_period: 30
2026-02-11 09:59:50,430 | INFO | execution_binance_main |     adxr_period: 14
2026-02-11 09:59:50,430 | INFO | execution_binance_main |     apo_period: 12
2026-02-11 09:59:50,431 | INFO | execution_binance_main |     aroon_period: 14
2026-02-11 09:59:50,431 | INFO | execution_binance_main |     mfi_period: 14
2026-02-11 09:59:50,431 | INFO | execution_binance_main |     mom_period: 10
2026-02-11 09:59:50,431 | INFO | execution_binance_main |     rocr_period: 10
2026-02-11 09:59:50,432 | INFO | execution_binance_main |     rsi_period: 14
2026-02-11 09:59:50,432 | INFO | execution_binance_main |     atr_period: 14
2026-02-11 09:59:50,432 | INFO | execution_binance_main |     linearreg_angle_period: 14
2026-02-11 09:59:50,433 | INFO | execution_binance_main |     ma_period: 30
2026-02-11 09:59:50,433 | INFO | execution_binance_main |     cmo_period: 14
2026-02-11 09:59:50,434 | INFO | execution_binance_main |     linearreg_intercept_period: 14
2026-02-11 09:59:50,434 | INFO | execution_binance_main | Strategy sig_1h_btc_19 → Highest window value among specified patterns: 30
2026-02-11 09:59:50,440 | INFO | execution_binance_main | Strategy sig_1h_btc_20 → ALL columns:
2026-02-11 09:59:50,440 | INFO | execution_binance_main |     strategy: sig_1h_btc_20
2026-02-11 09:59:50,441 | INFO | execution_binance_main |     tp: 3
2026-02-11 09:59:50,442 | INFO | execution_binance_main |     sl: 1
2026-02-11 09:59:50,442 | INFO | execution_binance_main |     symbol: btc
2026-02-11 09:59:50,443 | INFO | execution_binance_main |     timehorizon: 1h
2026-02-11 09:59:50,443 | INFO | execution_binance_main |     pnl_sum: 3630.91
2026-02-11 09:59:50,443 | INFO | execution_binance_main |     dema: True
2026-02-11 09:59:50,444 | INFO | execution_binance_main |     kama: True
2026-02-11 09:59:50,444 | INFO | execution_binance_main |     mama: True
2026-02-11 09:59:50,444 | INFO | execution_binance_main |     midprice: True
2026-02-11 09:59:50,445 | INFO | execution_binance_main |     sar: True
2026-02-11 09:59:50,445 | INFO | execution_binance_main |     tema: True
2026-02-11 09:59:50,445 | INFO | execution_binance_main |     wma: True
2026-02-11 09:59:50,446 | INFO | execution_binance_main |     adx: True
2026-02-11 09:59:50,446 | INFO | execution_binance_main |     adxr: True
2026-02-11 09:59:50,447 | INFO | execution_binance_main |     aroon: True
2026-02-11 09:59:50,447 | INFO | execution_binance_main |     bop: True
2026-02-11 09:59:50,447 | INFO | execution_binance_main |     cci: True
2026-02-11 09:59:50,448 | INFO | execution_binance_main |     mfi: True
2026-02-11 09:59:50,448 | INFO | execution_binance_main |     minus_di: True
2026-02-11 09:59:50,448 | INFO | execution_binance_main |     minus_dm: True
2026-02-11 09:59:50,450 | INFO | execution_binance_main |     mom: True
2026-02-11 09:59:50,450 | INFO | execution_binance_main |     plus_dm: True
2026-02-11 09:59:50,451 | INFO | execution_binance_main |     ppo: True
2026-02-11 09:59:50,451 | INFO | execution_binance_main |     roc: True
2026-02-11 09:59:50,452 | INFO | execution_binance_main |     rocr100: True
2026-02-11 09:59:50,453 | INFO | execution_binance_main |     stoch: True
2026-02-11 09:59:50,453 | INFO | execution_binance_main |     stochf: True
2026-02-11 09:59:50,454 | INFO | execution_binance_main |     stochrsi: True
2026-02-11 09:59:50,455 | INFO | execution_binance_main |     willr: True
2026-02-11 09:59:50,456 | INFO | execution_binance_main |     atr: True
2026-02-11 09:59:50,457 | INFO | execution_binance_main |     natr: True
2026-02-11 09:59:50,458 | INFO | execution_binance_main |     avgprice: True
2026-02-11 09:59:50,458 | INFO | execution_binance_main |     ht_dcphase: True
2026-02-11 09:59:50,459 | INFO | execution_binance_main |     ht_phasor: True
2026-02-11 09:59:50,460 | INFO | execution_binance_main |     ht_sine: True
2026-02-11 09:59:50,460 | INFO | execution_binance_main |     linearreg: True
2026-02-11 09:59:50,460 | INFO | execution_binance_main |     var: True
2026-02-11 09:59:50,461 | INFO | execution_binance_main |     cdl3blackcrows: True
2026-02-11 09:59:50,461 | INFO | execution_binance_main |     cdl3inside: True
2026-02-11 09:59:50,461 | INFO | execution_binance_main |     cdl3linestrike: True
2026-02-11 09:59:50,461 | INFO | execution_binance_main |     cdl3whitesoldiers: True
2026-02-11 09:59:50,461 | INFO | execution_binance_main |     cdlabandonedbaby: True
2026-02-11 09:59:50,461 | INFO | execution_binance_main |     cdladvanceblock: True
2026-02-11 09:59:50,463 | INFO | execution_binance_main |     cdlbreakaway: True
2026-02-11 09:59:50,463 | INFO | execution_binance_main |     cdlclosingmarubozu: True
2026-02-11 09:59:50,464 | INFO | execution_binance_main |     cdlconcealbabyswall: True
2026-02-11 09:59:50,464 | INFO | execution_binance_main |     cdldarkcloudcover: True
2026-02-11 09:59:50,465 | INFO | execution_binance_main |     cdldragonflydoji: True
2026-02-11 09:59:50,465 | INFO | execution_binance_main |     cdleveningdojistar: True
2026-02-11 09:59:50,465 | INFO | execution_binance_main |     cdleveningstar: True
2026-02-11 09:59:50,466 | INFO | execution_binance_main |     cdlhammer: True
2026-02-11 09:59:50,466 | INFO | execution_binance_main |     cdlharami: True
2026-02-11 09:59:50,468 | INFO | execution_binance_main |     cdlidentical3crows: True
2026-02-11 09:59:50,468 | INFO | execution_binance_main |     cdlinvertedhammer: True
2026-02-11 09:59:50,469 | INFO | execution_binance_main |     cdlkicking: True
2026-02-11 09:59:50,469 | INFO | execution_binance_main |     cdlkickingbylength: True
2026-02-11 09:59:50,470 | INFO | execution_binance_main |     cdlladderbottom: True
2026-02-11 09:59:50,471 | INFO | execution_binance_main |     cdllongleggeddoji: True
2026-02-11 09:59:50,471 | INFO | execution_binance_main |     cdllongline: True
2026-02-11 09:59:50,472 | INFO | execution_binance_main |     cdlmatchinglow: True
2026-02-11 09:59:50,472 | INFO | execution_binance_main |     cdlmathold: True
2026-02-11 09:59:50,473 | INFO | execution_binance_main |     cdlmorningdojistar: True
2026-02-11 09:59:50,474 | INFO | execution_binance_main |     cdlmorningstar: True
2026-02-11 09:59:50,475 | INFO | execution_binance_main |     cdlonneck: True
2026-02-11 09:59:50,475 | INFO | execution_binance_main |     cdlrickshawman: True
2026-02-11 09:59:50,475 | INFO | execution_binance_main |     cdlrisefall3methods: True
2026-02-11 09:59:50,476 | INFO | execution_binance_main |     cdlshortline: True
2026-02-11 09:59:50,477 | INFO | execution_binance_main |     cdltakuri: True
2026-02-11 09:59:50,477 | INFO | execution_binance_main |     cdltasukigap: True
2026-02-11 09:59:50,477 | INFO | execution_binance_main |     cdlthrusting: True
2026-02-11 09:59:50,477 | INFO | execution_binance_main |     cdltristar: True
2026-02-11 09:59:50,477 | INFO | execution_binance_main |     cdlunique3river: True
2026-02-11 09:59:50,477 | INFO | execution_binance_main |     cdlxsidegap3methods: True
2026-02-11 09:59:50,481 | INFO | execution_binance_main |     midprice_period: 14
2026-02-11 09:59:50,481 | INFO | execution_binance_main |     wma_period: 30
2026-02-11 09:59:50,481 | INFO | execution_binance_main |     cci_period: 14
2026-02-11 09:59:50,482 | INFO | execution_binance_main |     minus_dm_period: 14
2026-02-11 09:59:50,482 | INFO | execution_binance_main |     plus_dm_period: 14
2026-02-11 09:59:50,483 | INFO | execution_binance_main |     ppo_fastperiod: 12
2026-02-11 09:59:50,483 | INFO | execution_binance_main |     ppo_slowperiod: 26
2026-02-11 09:59:50,484 | INFO | execution_binance_main |     roc_period: 10
2026-02-11 09:59:50,485 | INFO | execution_binance_main |     stochf_fastperiod: 14
2026-02-11 09:59:50,485 | INFO | execution_binance_main |     stochf_slowperiod: 3
2026-02-11 09:59:50,486 | INFO | execution_binance_main |     willr_period: 14
2026-02-11 09:59:50,486 | INFO | execution_binance_main |     var_period: 5
2026-02-11 09:59:50,487 | INFO | execution_binance_main |     dema_period: 30
2026-02-11 09:59:50,487 | INFO | execution_binance_main |     kama_period: 10
2026-02-11 09:59:50,488 | INFO | execution_binance_main |     tema_period: 30
2026-02-11 09:59:50,489 | INFO | execution_binance_main |     adxr_period: 14
2026-02-11 09:59:50,490 | INFO | execution_binance_main |     aroon_period: 14
2026-02-11 09:59:50,490 | INFO | execution_binance_main |     mfi_period: 14
2026-02-11 09:59:50,491 | INFO | execution_binance_main |     mom_period: 10
2026-02-11 09:59:50,491 | INFO | execution_binance_main |     atr_period: 14
2026-02-11 09:59:50,491 | INFO | execution_binance_main |     natr_period: 14
2026-02-11 09:59:50,493 | INFO | execution_binance_main |     linearreg_period: 14
2026-02-11 09:59:50,493 | INFO | execution_binance_main |     minus_di_period: 14
2026-02-11 09:59:50,494 | INFO | execution_binance_main |     stoch_fastk_period: 14
2026-02-11 09:59:50,494 | INFO | execution_binance_main |     stoch_slowk_period: 3
2026-02-11 09:59:50,494 | INFO | execution_binance_main |     stoch_slowd_period: 3
2026-02-11 09:59:50,494 | INFO | execution_binance_main |     stochrsi_period: 14
2026-02-11 09:59:50,494 | INFO | execution_binance_main |     adx_period: 14
2026-02-11 09:59:50,496 | INFO | execution_binance_main |     rocr100_period: 10
2026-02-11 09:59:50,496 | INFO | execution_binance_main | Strategy sig_1h_btc_20 → Highest window value among specified patterns: 30
2026-02-11 09:59:50,503 | INFO | execution_binance_main | Strategy sig_1h_btc_21 → ALL columns:
2026-02-11 09:59:50,505 | INFO | execution_binance_main |     strategy: sig_1h_btc_21
2026-02-11 09:59:50,507 | INFO | execution_binance_main |     tp: 3
2026-02-11 09:59:50,508 | INFO | execution_binance_main |     sl: 1
2026-02-11 09:59:50,508 | INFO | execution_binance_main |     symbol: btc
2026-02-11 09:59:50,508 | INFO | execution_binance_main |     timehorizon: 1h
2026-02-11 09:59:50,509 | INFO | execution_binance_main |     pnl_sum: 3023.23
2026-02-11 09:59:50,509 | INFO | execution_binance_main |     dema: True
2026-02-11 09:59:50,510 | INFO | execution_binance_main |     ma: True
2026-02-11 09:59:50,510 | INFO | execution_binance_main |     mama: True
2026-02-11 09:59:50,510 | INFO | execution_binance_main |     sar: True
2026-02-11 09:59:50,511 | INFO | execution_binance_main |     sarext: True
2026-02-11 09:59:50,512 | INFO | execution_binance_main |     tema: True
2026-02-11 09:59:50,513 | INFO | execution_binance_main |     trima: True
2026-02-11 09:59:50,513 | INFO | execution_binance_main |     adxr: True
2026-02-11 09:59:50,513 | INFO | execution_binance_main |     aroon: True
2026-02-11 09:59:50,514 | INFO | execution_binance_main |     bop: True
2026-02-11 09:59:50,514 | INFO | execution_binance_main |     cci: True
2026-02-11 09:59:50,514 | INFO | execution_binance_main |     cmo: True
2026-02-11 09:59:50,516 | INFO | execution_binance_main |     dx: True
2026-02-11 09:59:50,516 | INFO | execution_binance_main |     macd: True
2026-02-11 09:59:50,516 | INFO | execution_binance_main |     macdext: True
2026-02-11 09:59:50,517 | INFO | execution_binance_main |     mfi: True
2026-02-11 09:59:50,517 | INFO | execution_binance_main |     minus_di: True
2026-02-11 09:59:50,518 | INFO | execution_binance_main |     minus_dm: True
2026-02-11 09:59:50,519 | INFO | execution_binance_main |     mom: True
2026-02-11 09:59:50,519 | INFO | execution_binance_main |     plus_dm: True
2026-02-11 09:59:50,520 | INFO | execution_binance_main |     ppo: True
2026-02-11 09:59:50,520 | INFO | execution_binance_main |     rocp: True
2026-02-11 09:59:50,521 | INFO | execution_binance_main |     rsi: True
2026-02-11 09:59:50,522 | INFO | execution_binance_main |     stoch: True
2026-02-11 09:59:50,523 | INFO | execution_binance_main |     stochf: True
2026-02-11 09:59:50,524 | INFO | execution_binance_main |     stochrsi: True
2026-02-11 09:59:50,525 | INFO | execution_binance_main |     willr: True
2026-02-11 09:59:50,525 | INFO | execution_binance_main |     ad: True
2026-02-11 09:59:50,526 | INFO | execution_binance_main |     adosc: True
2026-02-11 09:59:50,526 | INFO | execution_binance_main |     atr: True
2026-02-11 09:59:50,527 | INFO | execution_binance_main |     natr: True
2026-02-11 09:59:50,527 | INFO | execution_binance_main |     trange: True
2026-02-11 09:59:50,527 | INFO | execution_binance_main |     ht_dcperiod: True
2026-02-11 09:59:50,528 | INFO | execution_binance_main |     ht_dcphase: True
2026-02-11 09:59:50,528 | INFO | execution_binance_main |     ht_phasor: True
2026-02-11 09:59:50,528 | INFO | execution_binance_main |     ht_sine: True
2026-02-11 09:59:50,529 | INFO | execution_binance_main |     ht_trendmode: True
2026-02-11 09:59:50,529 | INFO | execution_binance_main |     linearreg: True
2026-02-11 09:59:50,529 | INFO | execution_binance_main |     linearreg_angle: True
2026-02-11 09:59:50,530 | INFO | execution_binance_main |     linearreg_intercept: True
2026-02-11 09:59:50,530 | INFO | execution_binance_main |     stddev: True
2026-02-11 09:59:50,531 | INFO | execution_binance_main |     tsf: True
2026-02-11 09:59:50,531 | INFO | execution_binance_main |     var: True
2026-02-11 09:59:50,531 | INFO | execution_binance_main |     cdl3inside: True
2026-02-11 09:59:50,532 | INFO | execution_binance_main |     cdl3starsinsouth: True
2026-02-11 09:59:50,532 | INFO | execution_binance_main |     cdlclosingmarubozu: True
2026-02-11 09:59:50,532 | INFO | execution_binance_main |     cdlconcealbabyswall: True
2026-02-11 09:59:50,534 | INFO | execution_binance_main |     cdlcounterattack: True
2026-02-11 09:59:50,535 | INFO | execution_binance_main |     cdldarkcloudcover: True
2026-02-11 09:59:50,535 | INFO | execution_binance_main |     cdldoji: True
2026-02-11 09:59:50,536 | INFO | execution_binance_main |     cdldojistar: True
2026-02-11 09:59:50,536 | INFO | execution_binance_main |     cdlgravestonedoji: True
2026-02-11 09:59:50,537 | INFO | execution_binance_main |     cdlhammer: True
2026-02-11 09:59:50,537 | INFO | execution_binance_main |     cdlhangingman: True
2026-02-11 09:59:50,538 | INFO | execution_binance_main |     cdlhikkake: True
2026-02-11 09:59:50,538 | INFO | execution_binance_main |     cdlidentical3crows: True
2026-02-11 09:59:50,541 | INFO | execution_binance_main |     cdlinneck: True
2026-02-11 09:59:50,541 | INFO | execution_binance_main |     cdlinvertedhammer: True
2026-02-11 09:59:50,541 | INFO | execution_binance_main |     cdlladderbottom: True
2026-02-11 09:59:50,542 | INFO | execution_binance_main |     cdlmathold: True
2026-02-11 09:59:50,542 | INFO | execution_binance_main |     cdlmorningdojistar: True
2026-02-11 09:59:50,542 | INFO | execution_binance_main |     cdlmorningstar: True
2026-02-11 09:59:50,543 | INFO | execution_binance_main |     cdlpiercing: True
2026-02-11 09:59:50,543 | INFO | execution_binance_main |     cdlrickshawman: True
2026-02-11 09:59:50,543 | INFO | execution_binance_main |     cdlrisefall3methods: True
2026-02-11 09:59:50,543 | INFO | execution_binance_main |     cdlstalledpattern: True
2026-02-11 09:59:50,544 | INFO | execution_binance_main |     cdlthrusting: True
2026-02-11 09:59:50,544 | INFO | execution_binance_main |     cdltristar: True
2026-02-11 09:59:50,544 | INFO | execution_binance_main |     trima_period: 30
2026-02-11 09:59:50,545 | INFO | execution_binance_main |     cci_period: 14
2026-02-11 09:59:50,546 | INFO | execution_binance_main |     minus_dm_period: 14
2026-02-11 09:59:50,546 | INFO | execution_binance_main |     plus_dm_period: 14
2026-02-11 09:59:50,547 | INFO | execution_binance_main |     ppo_fastperiod: 12
2026-02-11 09:59:50,547 | INFO | execution_binance_main |     ppo_slowperiod: 26
2026-02-11 09:59:50,548 | INFO | execution_binance_main |     stochf_fastperiod: 14
2026-02-11 09:59:50,548 | INFO | execution_binance_main |     stochf_slowperiod: 3
2026-02-11 09:59:50,548 | INFO | execution_binance_main |     willr_period: 14
2026-02-11 09:59:50,549 | INFO | execution_binance_main |     adosc_fastperiod: 3
2026-02-11 09:59:50,549 | INFO | execution_binance_main |     adosc_slowperiod: 10
2026-02-11 09:59:50,549 | INFO | execution_binance_main |     stddev_period: 5
2026-02-11 09:59:50,550 | INFO | execution_binance_main |     tsf_period: 14
2026-02-11 09:59:50,550 | INFO | execution_binance_main |     var_period: 5
2026-02-11 09:59:50,551 | INFO | execution_binance_main |     dema_period: 30
2026-02-11 09:59:50,551 | INFO | execution_binance_main |     tema_period: 30
2026-02-11 09:59:50,552 | INFO | execution_binance_main |     adxr_period: 14
2026-02-11 09:59:50,553 | INFO | execution_binance_main |     aroon_period: 14
2026-02-11 09:59:50,553 | INFO | execution_binance_main |     macdext_fastperiod: 12
2026-02-11 09:59:50,554 | INFO | execution_binance_main |     macdext_slowperiod: 26
2026-02-11 09:59:50,554 | INFO | execution_binance_main |     macdext_signalperiod: 9
2026-02-11 09:59:50,555 | INFO | execution_binance_main |     mfi_period: 14
2026-02-11 09:59:50,555 | INFO | execution_binance_main |     mom_period: 10
2026-02-11 09:59:50,558 | INFO | execution_binance_main |     rsi_period: 14
2026-02-11 09:59:50,558 | INFO | execution_binance_main |     atr_period: 14
2026-02-11 09:59:50,558 | INFO | execution_binance_main |     natr_period: 14
2026-02-11 09:59:50,559 | INFO | execution_binance_main |     linearreg_period: 14
2026-02-11 09:59:50,559 | INFO | execution_binance_main |     linearreg_angle_period: 14
2026-02-11 09:59:50,560 | INFO | execution_binance_main |     ma_period: 30
2026-02-11 09:59:50,560 | INFO | execution_binance_main |     cmo_period: 14
2026-02-11 09:59:50,561 | INFO | execution_binance_main |     macd_fastperiod: 12
2026-02-11 09:59:50,561 | INFO | execution_binance_main |     macd_slowperiod: 26
2026-02-11 09:59:50,562 | INFO | execution_binance_main |     macd_signalperiod: 9
2026-02-11 09:59:50,562 | INFO | execution_binance_main |     minus_di_period: 14
2026-02-11 09:59:50,562 | INFO | execution_binance_main |     rocp_period: 10
2026-02-11 09:59:50,562 | INFO | execution_binance_main |     stoch_fastk_period: 14
2026-02-11 09:59:50,562 | INFO | execution_binance_main |     stoch_slowk_period: 3
2026-02-11 09:59:50,562 | INFO | execution_binance_main |     stoch_slowd_period: 3
2026-02-11 09:59:50,562 | INFO | execution_binance_main |     stochrsi_period: 14
2026-02-11 09:59:50,562 | INFO | execution_binance_main |     dx_period: 14
2026-02-11 09:59:50,562 | INFO | execution_binance_main |     linearreg_intercept_period: 14
2026-02-11 09:59:50,562 | INFO | execution_binance_main | Strategy sig_1h_btc_21 → Highest window value among specified patterns: 30
2026-02-11 09:59:50,573 | INFO | execution_binance_main | Strategy sig_1h_btc_22 → ALL columns:
2026-02-11 09:59:50,574 | INFO | execution_binance_main |     strategy: sig_1h_btc_22
2026-02-11 09:59:50,574 | INFO | execution_binance_main |     tp: 3
2026-02-11 09:59:50,575 | INFO | execution_binance_main |     sl: 1
2026-02-11 09:59:50,575 | INFO | execution_binance_main |     symbol: btc
2026-02-11 09:59:50,575 | INFO | execution_binance_main |     timehorizon: 1h
2026-02-11 09:59:50,576 | INFO | execution_binance_main |     pnl_sum: 4085.31
2026-02-11 09:59:50,576 | INFO | execution_binance_main |     bbands: True
2026-02-11 09:59:50,576 | INFO | execution_binance_main |     dema: True
2026-02-11 09:59:50,577 | INFO | execution_binance_main |     mama: True
2026-02-11 09:59:50,577 | INFO | execution_binance_main |     midpoint: True
2026-02-11 09:59:50,577 | INFO | execution_binance_main |     t3: True
2026-02-11 09:59:50,578 | INFO | execution_binance_main |     trima: True
2026-02-11 09:59:50,578 | INFO | execution_binance_main |     aroonosc: True
2026-02-11 09:59:50,578 | INFO | execution_binance_main |     bop: True
2026-02-11 09:59:50,578 | INFO | execution_binance_main |     cci: True
2026-02-11 09:59:50,578 | INFO | execution_binance_main |     macd: True
2026-02-11 09:59:50,580 | INFO | execution_binance_main |     macdext: True
2026-02-11 09:59:50,580 | INFO | execution_binance_main |     mfi: True
2026-02-11 09:59:50,582 | INFO | execution_binance_main |     mom: True
2026-02-11 09:59:50,582 | INFO | execution_binance_main |     plus_di: True
2026-02-11 09:59:50,582 | INFO | execution_binance_main |     plus_dm: True
2026-02-11 09:59:50,582 | INFO | execution_binance_main |     rocp: True
2026-02-11 09:59:50,583 | INFO | execution_binance_main |     stoch: True
2026-02-11 09:59:50,583 | INFO | execution_binance_main |     stochf: True
2026-02-11 09:59:50,584 | INFO | execution_binance_main |     stochrsi: True
2026-02-11 09:59:50,584 | INFO | execution_binance_main |     trix: True
2026-02-11 09:59:50,585 | INFO | execution_binance_main |     willr: True
2026-02-11 09:59:50,586 | INFO | execution_binance_main |     ad: True
2026-02-11 09:59:50,586 | INFO | execution_binance_main |     obv: True
2026-02-11 09:59:50,587 | INFO | execution_binance_main |     atr: True
2026-02-11 09:59:50,588 | INFO | execution_binance_main |     avgprice: True
2026-02-11 09:59:50,589 | INFO | execution_binance_main |     medprice: True
2026-02-11 09:59:50,589 | INFO | execution_binance_main |     typprice: True
2026-02-11 09:59:50,590 | INFO | execution_binance_main |     wclprice: True
2026-02-11 09:59:50,591 | INFO | execution_binance_main |     ht_phasor: True
2026-02-11 09:59:50,591 | INFO | execution_binance_main |     ht_sine: True
2026-02-11 09:59:50,592 | INFO | execution_binance_main |     linearreg_intercept: True
2026-02-11 09:59:50,592 | INFO | execution_binance_main |     stddev: True
2026-02-11 09:59:50,593 | INFO | execution_binance_main |     tsf: True
2026-02-11 09:59:50,593 | INFO | execution_binance_main |     cdl2crows: True
2026-02-11 09:59:50,594 | INFO | execution_binance_main |     cdl3inside: True
2026-02-11 09:59:50,594 | INFO | execution_binance_main |     cdl3outside: True
2026-02-11 09:59:50,594 | INFO | execution_binance_main |     cdl3starsinsouth: True
2026-02-11 09:59:50,595 | INFO | execution_binance_main |     cdl3whitesoldiers: True
2026-02-11 09:59:50,595 | INFO | execution_binance_main |     cdlabandonedbaby: True
2026-02-11 09:59:50,596 | INFO | execution_binance_main |     cdlbelthold: True
2026-02-11 09:59:50,596 | INFO | execution_binance_main |     cdlclosingmarubozu: True
2026-02-11 09:59:50,598 | INFO | execution_binance_main |     cdlconcealbabyswall: True
2026-02-11 09:59:50,598 | INFO | execution_binance_main |     cdldoji: True
2026-02-11 09:59:50,598 | INFO | execution_binance_main |     cdldojistar: True
2026-02-11 09:59:50,599 | INFO | execution_binance_main |     cdleveningdojistar: True
2026-02-11 09:59:50,599 | INFO | execution_binance_main |     cdleveningstar: True
2026-02-11 09:59:50,600 | INFO | execution_binance_main |     cdlhammer: True
2026-02-11 09:59:50,614 | INFO | execution_binance_main |     cdlharamicross: True
2026-02-11 09:59:50,614 | INFO | execution_binance_main |     cdlhighwave: True
2026-02-11 09:59:50,614 | INFO | execution_binance_main |     cdlhikkakemod: True
2026-02-11 09:59:50,616 | INFO | execution_binance_main |     cdlhomingpigeon: True
2026-02-11 09:59:50,616 | INFO | execution_binance_main |     cdlidentical3crows: True
2026-02-11 09:59:50,616 | INFO | execution_binance_main |     cdlinvertedhammer: True
2026-02-11 09:59:50,618 | INFO | execution_binance_main |     cdlkickingbylength: True
2026-02-11 09:59:50,619 | INFO | execution_binance_main |     cdlladderbottom: True
2026-02-11 09:59:50,619 | INFO | execution_binance_main |     cdllongline: True
2026-02-11 09:59:50,620 | INFO | execution_binance_main |     cdlmathold: True
2026-02-11 09:59:50,620 | INFO | execution_binance_main |     cdlonneck: True
2026-02-11 09:59:50,621 | INFO | execution_binance_main |     cdlrickshawman: True
2026-02-11 09:59:50,621 | INFO | execution_binance_main |     cdlseparatinglines: True
2026-02-11 09:59:50,621 | INFO | execution_binance_main |     cdlshootingstar: True
2026-02-11 09:59:50,621 | INFO | execution_binance_main |     cdlshortline: True
2026-02-11 09:59:50,624 | INFO | execution_binance_main |     cdltasukigap: True
2026-02-11 09:59:50,624 | INFO | execution_binance_main |     cdltristar: True
2026-02-11 09:59:50,624 | INFO | execution_binance_main |     cdlunique3river: True
2026-02-11 09:59:50,624 | INFO | execution_binance_main |     cdlxsidegap3methods: True
2026-02-11 09:59:50,624 | INFO | execution_binance_main |     midpoint_period: 14
2026-02-11 09:59:50,624 | INFO | execution_binance_main |     trima_period: 30
2026-02-11 09:59:50,624 | INFO | execution_binance_main |     aroonosc_period: 14
2026-02-11 09:59:50,624 | INFO | execution_binance_main |     cci_period: 14
2026-02-11 09:59:50,624 | INFO | execution_binance_main |     plus_di_period: 14
2026-02-11 09:59:50,627 | INFO | execution_binance_main |     plus_dm_period: 14
2026-02-11 09:59:50,627 | INFO | execution_binance_main |     stochf_fastperiod: 14
2026-02-11 09:59:50,627 | INFO | execution_binance_main |     stochf_slowperiod: 3
2026-02-11 09:59:50,628 | INFO | execution_binance_main |     trix_period: 14
2026-02-11 09:59:50,628 | INFO | execution_binance_main |     willr_period: 14
2026-02-11 09:59:50,628 | INFO | execution_binance_main |     stddev_period: 5
2026-02-11 09:59:50,630 | INFO | execution_binance_main |     tsf_period: 14
2026-02-11 09:59:50,630 | INFO | execution_binance_main |     bbands_period: 5
2026-02-11 09:59:50,630 | INFO | execution_binance_main |     dema_period: 30
2026-02-11 09:59:50,631 | INFO | execution_binance_main |     macdext_fastperiod: 12
2026-02-11 09:59:50,631 | INFO | execution_binance_main |     macdext_slowperiod: 26
2026-02-11 09:59:50,631 | INFO | execution_binance_main |     macdext_signalperiod: 9
2026-02-11 09:59:50,632 | INFO | execution_binance_main |     mfi_period: 14
2026-02-11 09:59:50,632 | INFO | execution_binance_main |     mom_period: 10
2026-02-11 09:59:50,632 | INFO | execution_binance_main |     atr_period: 14
2026-02-11 09:59:50,632 | INFO | execution_binance_main |     t3_period: 14
2026-02-11 09:59:50,632 | INFO | execution_binance_main |     macd_fastperiod: 12
2026-02-11 09:59:50,634 | INFO | execution_binance_main |     macd_slowperiod: 26
2026-02-11 09:59:50,634 | INFO | execution_binance_main |     macd_signalperiod: 9
2026-02-11 09:59:50,635 | INFO | execution_binance_main |     rocp_period: 10
2026-02-11 09:59:50,636 | INFO | execution_binance_main |     stoch_fastk_period: 14
2026-02-11 09:59:50,636 | INFO | execution_binance_main |     stoch_slowk_period: 3
2026-02-11 09:59:50,637 | INFO | execution_binance_main |     stoch_slowd_period: 3
2026-02-11 09:59:50,637 | INFO | execution_binance_main |     stochrsi_period: 14
2026-02-11 09:59:50,639 | INFO | execution_binance_main |     linearreg_intercept_period: 14
2026-02-11 09:59:50,639 | INFO | execution_binance_main | Strategy sig_1h_btc_22 → Highest window value among specified patterns: 30
2026-02-11 09:59:50,643 | INFO | execution_binance_main | Strategy sig_1h_btc_23 → ALL columns:
2026-02-11 09:59:50,644 | INFO | execution_binance_main |     strategy: sig_1h_btc_23
2026-02-11 09:59:50,644 | INFO | execution_binance_main |     tp: 3
2026-02-11 09:59:50,644 | INFO | execution_binance_main |     sl: 1
2026-02-11 09:59:50,645 | INFO | execution_binance_main |     symbol: btc
2026-02-11 09:59:50,645 | INFO | execution_binance_main |     timehorizon: 1h
2026-02-11 09:59:50,645 | INFO | execution_binance_main |     pnl_sum: 2928.47
2026-02-11 09:59:50,646 | INFO | execution_binance_main |     bbands: True
2026-02-11 09:59:50,646 | INFO | execution_binance_main |     dema: True
2026-02-11 09:59:50,646 | INFO | execution_binance_main |     ht_trendline: True
2026-02-11 09:59:50,647 | INFO | execution_binance_main |     midpoint: True
2026-02-11 09:59:50,647 | INFO | execution_binance_main |     sarext: True
2026-02-11 09:59:50,647 | INFO | execution_binance_main |     sma: True
2026-02-11 09:59:50,648 | INFO | execution_binance_main |     t3: True
2026-02-11 09:59:50,648 | INFO | execution_binance_main |     tema: True
2026-02-11 09:59:50,648 | INFO | execution_binance_main |     adx: True
2026-02-11 09:59:50,649 | INFO | execution_binance_main |     aroonosc: True
2026-02-11 09:59:50,651 | INFO | execution_binance_main |     cmo: True
2026-02-11 09:59:50,651 | INFO | execution_binance_main |     minus_dm: True
2026-02-11 09:59:50,652 | INFO | execution_binance_main |     mom: True
2026-02-11 09:59:50,652 | INFO | execution_binance_main |     roc: True
2026-02-11 09:59:50,653 | INFO | execution_binance_main |     rocp: True
2026-02-11 09:59:50,653 | INFO | execution_binance_main |     rsi: True
2026-02-11 09:59:50,653 | INFO | execution_binance_main |     stoch: True
2026-02-11 09:59:50,655 | INFO | execution_binance_main |     stochf: True
2026-02-11 09:59:50,656 | INFO | execution_binance_main |     stochrsi: True
2026-02-11 09:59:50,656 | INFO | execution_binance_main |     typprice: True
2026-02-11 09:59:50,658 | INFO | execution_binance_main |     wclprice: True
2026-02-11 09:59:50,658 | INFO | execution_binance_main |     ht_dcperiod: True
2026-02-11 09:59:50,658 | INFO | execution_binance_main |     ht_phasor: True
2026-02-11 09:59:50,659 | INFO | execution_binance_main |     ht_sine: True
2026-02-11 09:59:50,659 | INFO | execution_binance_main |     ht_trendmode: True
2026-02-11 09:59:50,660 | INFO | execution_binance_main |     linearreg: True
2026-02-11 09:59:50,660 | INFO | execution_binance_main |     linearreg_intercept: True
2026-02-11 09:59:50,660 | INFO | execution_binance_main |     linearreg_slope: True
2026-02-11 09:59:50,661 | INFO | execution_binance_main |     var: True
2026-02-11 09:59:50,661 | INFO | execution_binance_main |     cdl2crows: True
2026-02-11 09:59:50,661 | INFO | execution_binance_main |     cdl3blackcrows: True
2026-02-11 09:59:50,661 | INFO | execution_binance_main |     cdl3outside: True
2026-02-11 09:59:50,661 | INFO | execution_binance_main |     cdl3whitesoldiers: True
2026-02-11 09:59:50,661 | INFO | execution_binance_main |     cdlabandonedbaby: True
2026-02-11 09:59:50,661 | INFO | execution_binance_main |     cdladvanceblock: True
2026-02-11 09:59:50,664 | INFO | execution_binance_main |     cdlbelthold: True
2026-02-11 09:59:50,664 | INFO | execution_binance_main |     cdlbreakaway: True
2026-02-11 09:59:50,665 | INFO | execution_binance_main |     cdlclosingmarubozu: True
2026-02-11 09:59:50,665 | INFO | execution_binance_main |     cdlconcealbabyswall: True
2026-02-11 09:59:50,666 | INFO | execution_binance_main |     cdleveningdojistar: True
2026-02-11 09:59:50,666 | INFO | execution_binance_main |     cdleveningstar: True
2026-02-11 09:59:50,666 | INFO | execution_binance_main |     cdlhammer: True
2026-02-11 09:59:50,667 | INFO | execution_binance_main |     cdlharami: True
2026-02-11 09:59:50,668 | INFO | execution_binance_main |     cdlhighwave: True
2026-02-11 09:59:50,668 | INFO | execution_binance_main |     cdlhikkake: True
2026-02-11 09:59:50,668 | INFO | execution_binance_main |     cdlidentical3crows: True
2026-02-11 09:59:50,670 | INFO | execution_binance_main |     cdlinvertedhammer: True
2026-02-11 09:59:50,671 | INFO | execution_binance_main |     cdllongleggeddoji: True
2026-02-11 09:59:50,672 | INFO | execution_binance_main |     cdllongline: True
2026-02-11 09:59:50,672 | INFO | execution_binance_main |     cdlmarubozu: True
2026-02-11 09:59:50,674 | INFO | execution_binance_main |     cdlmatchinglow: True
2026-02-11 09:59:50,674 | INFO | execution_binance_main |     cdlmorningstar: True
2026-02-11 09:59:50,674 | INFO | execution_binance_main |     cdlonneck: True
2026-02-11 09:59:50,675 | INFO | execution_binance_main |     cdlshootingstar: True
2026-02-11 09:59:50,675 | INFO | execution_binance_main |     cdlspinningtop: True
2026-02-11 09:59:50,675 | INFO | execution_binance_main |     cdlstalledpattern: True
2026-02-11 09:59:50,676 | INFO | execution_binance_main |     cdlsticksandwich: True
2026-02-11 09:59:50,676 | INFO | execution_binance_main |     cdltristar: True
2026-02-11 09:59:50,676 | INFO | execution_binance_main |     cdlunique3river: True
2026-02-11 09:59:50,676 | INFO | execution_binance_main |     cdlxsidegap3methods: True
2026-02-11 09:59:50,676 | INFO | execution_binance_main |     midpoint_period: 14
2026-02-11 09:59:50,676 | INFO | execution_binance_main |     aroonosc_period: 14
2026-02-11 09:59:50,676 | INFO | execution_binance_main |     minus_dm_period: 14
2026-02-11 09:59:50,679 | INFO | execution_binance_main |     roc_period: 10
2026-02-11 09:59:50,679 | INFO | execution_binance_main |     stochf_fastperiod: 14
2026-02-11 09:59:50,679 | INFO | execution_binance_main |     stochf_slowperiod: 3
2026-02-11 09:59:50,679 | INFO | execution_binance_main |     linearreg_slope_period: 14
2026-02-11 09:59:50,679 | INFO | execution_binance_main |     var_period: 5
2026-02-11 09:59:50,679 | INFO | execution_binance_main |     bbands_period: 5
2026-02-11 09:59:50,681 | INFO | execution_binance_main |     dema_period: 30
2026-02-11 09:59:50,682 | INFO | execution_binance_main |     sma_period: 30
2026-02-11 09:59:50,682 | INFO | execution_binance_main |     tema_period: 30
2026-02-11 09:59:50,683 | INFO | execution_binance_main |     mom_period: 10
2026-02-11 09:59:50,683 | INFO | execution_binance_main |     rsi_period: 14
2026-02-11 09:59:50,684 | INFO | execution_binance_main |     linearreg_period: 14
2026-02-11 09:59:50,684 | INFO | execution_binance_main |     t3_period: 14
2026-02-11 09:59:50,685 | INFO | execution_binance_main |     cmo_period: 14
2026-02-11 09:59:50,686 | INFO | execution_binance_main |     rocp_period: 10
2026-02-11 09:59:50,686 | INFO | execution_binance_main |     stoch_fastk_period: 14
2026-02-11 09:59:50,687 | INFO | execution_binance_main |     stoch_slowk_period: 3
2026-02-11 09:59:50,688 | INFO | execution_binance_main |     stoch_slowd_period: 3
2026-02-11 09:59:50,689 | INFO | execution_binance_main |     stochrsi_period: 14
2026-02-11 09:59:50,689 | INFO | execution_binance_main |     adx_period: 14
2026-02-11 09:59:50,690 | INFO | execution_binance_main |     linearreg_intercept_period: 14
2026-02-11 09:59:50,690 | INFO | execution_binance_main | Strategy sig_1h_btc_23 → Highest window value among specified patterns: 30
2026-02-11 09:59:50,695 | INFO | execution_binance_main | Strategy sig_1h_btc_24 → ALL columns:
2026-02-11 09:59:50,695 | INFO | execution_binance_main |     strategy: sig_1h_btc_24
2026-02-11 09:59:50,695 | INFO | execution_binance_main |     tp: 3
2026-02-11 09:59:50,695 | INFO | execution_binance_main |     sl: 1
2026-02-11 09:59:50,698 | INFO | execution_binance_main |     symbol: btc
2026-02-11 09:59:50,698 | INFO | execution_binance_main |     timehorizon: 1h
2026-02-11 09:59:50,699 | INFO | execution_binance_main |     pnl_sum: 2605.38
2026-02-11 09:59:50,699 | INFO | execution_binance_main |     bbands: True
2026-02-11 09:59:50,700 | INFO | execution_binance_main |     dema: True
2026-02-11 09:59:50,700 | INFO | execution_binance_main |     ema: True
2026-02-11 09:59:50,700 | INFO | execution_binance_main |     ht_trendline: True
2026-02-11 09:59:50,701 | INFO | execution_binance_main |     kama: True
2026-02-11 09:59:50,702 | INFO | execution_binance_main |     mama: True
2026-02-11 09:59:50,702 | INFO | execution_binance_main |     midprice: True
2026-02-11 09:59:50,704 | INFO | execution_binance_main |     sarext: True
2026-02-11 09:59:50,705 | INFO | execution_binance_main |     sma: True
2026-02-11 09:59:50,706 | INFO | execution_binance_main |     tema: True
2026-02-11 09:59:50,707 | INFO | execution_binance_main |     adxr: True
2026-02-11 09:59:50,708 | INFO | execution_binance_main |     apo: True
2026-02-11 09:59:50,708 | INFO | execution_binance_main |     aroon: True
2026-02-11 09:59:50,708 | INFO | execution_binance_main |     dx: True
2026-02-11 09:59:50,709 | INFO | execution_binance_main |     mfi: True
2026-02-11 09:59:50,709 | INFO | execution_binance_main |     mom: True
2026-02-11 09:59:50,710 | INFO | execution_binance_main |     plus_di: True
2026-02-11 09:59:50,710 | INFO | execution_binance_main |     roc: True
2026-02-11 09:59:50,710 | INFO | execution_binance_main |     rocr: True
2026-02-11 09:59:50,710 | INFO | execution_binance_main |     rocr100: True
2026-02-11 09:59:50,710 | INFO | execution_binance_main |     rsi: True
2026-02-11 09:59:50,713 | INFO | execution_binance_main |     stoch: True
2026-02-11 09:59:50,713 | INFO | execution_binance_main |     trix: True
2026-02-11 09:59:50,713 | INFO | execution_binance_main |     willr: True
2026-02-11 09:59:50,713 | INFO | execution_binance_main |     adosc: True
2026-02-11 09:59:50,714 | INFO | execution_binance_main |     obv: True
2026-02-11 09:59:50,714 | INFO | execution_binance_main |     atr: True
2026-02-11 09:59:50,714 | INFO | execution_binance_main |     natr: True
2026-02-11 09:59:50,714 | INFO | execution_binance_main |     trange: True
2026-02-11 09:59:50,715 | INFO | execution_binance_main |     medprice: True
2026-02-11 09:59:50,715 | INFO | execution_binance_main |     typprice: True
2026-02-11 09:59:50,715 | INFO | execution_binance_main |     wclprice: True
2026-02-11 09:59:50,716 | INFO | execution_binance_main |     ht_dcperiod: True
2026-02-11 09:59:50,716 | INFO | execution_binance_main |     ht_dcphase: True
2026-02-11 09:59:50,716 | INFO | execution_binance_main |     ht_phasor: True
2026-02-11 09:59:50,717 | INFO | execution_binance_main |     ht_trendmode: True
2026-02-11 09:59:50,718 | INFO | execution_binance_main |     linearreg_angle: True
2026-02-11 09:59:50,719 | INFO | execution_binance_main |     linearreg_intercept: True
2026-02-11 09:59:50,719 | INFO | execution_binance_main |     linearreg_slope: True
2026-02-11 09:59:50,720 | INFO | execution_binance_main |     tsf: True
2026-02-11 09:59:50,720 | INFO | execution_binance_main |     cdl3blackcrows: True
2026-02-11 09:59:50,722 | INFO | execution_binance_main |     cdl3outside: True
2026-02-11 09:59:50,722 | INFO | execution_binance_main |     cdlabandonedbaby: True
2026-02-11 09:59:50,723 | INFO | execution_binance_main |     cdladvanceblock: True
2026-02-11 09:59:50,724 | INFO | execution_binance_main |     cdlcounterattack: True
2026-02-11 09:59:50,725 | INFO | execution_binance_main |     cdldoji: True
2026-02-11 09:59:50,725 | INFO | execution_binance_main |     cdldojistar: True
2026-02-11 09:59:50,725 | INFO | execution_binance_main |     cdldragonflydoji: True
2026-02-11 09:59:50,727 | INFO | execution_binance_main |     cdleveningdojistar: True
2026-02-11 09:59:50,727 | INFO | execution_binance_main |     cdleveningstar: True
2026-02-11 09:59:50,727 | INFO | execution_binance_main |     cdlgravestonedoji: True
2026-02-11 09:59:50,728 | INFO | execution_binance_main |     cdlhammer: True
2026-02-11 09:59:50,728 | INFO | execution_binance_main |     cdlhangingman: True
2026-02-11 09:59:50,728 | INFO | execution_binance_main |     cdlharami: True
2026-02-11 09:59:50,728 | INFO | execution_binance_main |     cdlharamicross: True
2026-02-11 09:59:50,730 | INFO | execution_binance_main |     cdlhikkake: True
2026-02-11 09:59:50,730 | INFO | execution_binance_main |     cdlhikkakemod: True
2026-02-11 09:59:50,730 | INFO | execution_binance_main |     cdlhomingpigeon: True
2026-02-11 09:59:50,730 | INFO | execution_binance_main |     cdlidentical3crows: True
2026-02-11 09:59:50,731 | INFO | execution_binance_main |     cdllongline: True
2026-02-11 09:59:50,731 | INFO | execution_binance_main |     cdlmarubozu: True
2026-02-11 09:59:50,732 | INFO | execution_binance_main |     cdlmathold: True
2026-02-11 09:59:50,732 | INFO | execution_binance_main |     cdlmorningdojistar: True
2026-02-11 09:59:50,732 | INFO | execution_binance_main |     cdlmorningstar: True
2026-02-11 09:59:50,733 | INFO | execution_binance_main |     cdlonneck: True
2026-02-11 09:59:50,734 | INFO | execution_binance_main |     cdlpiercing: True
2026-02-11 09:59:50,734 | INFO | execution_binance_main |     cdlrisefall3methods: True
2026-02-11 09:59:50,735 | INFO | execution_binance_main |     cdlshootingstar: True
2026-02-11 09:59:50,736 | INFO | execution_binance_main |     cdlspinningtop: True
2026-02-11 09:59:50,736 | INFO | execution_binance_main |     cdltakuri: True
2026-02-11 09:59:50,738 | INFO | execution_binance_main |     cdltasukigap: True
2026-02-11 09:59:50,738 | INFO | execution_binance_main |     cdlthrusting: True
2026-02-11 09:59:50,738 | INFO | execution_binance_main |     cdltristar: True
2026-02-11 09:59:50,739 | INFO | execution_binance_main |     cdlxsidegap3methods: True
2026-02-11 09:59:50,741 | INFO | execution_binance_main |     ema_period: 30
2026-02-11 09:59:50,741 | INFO | execution_binance_main |     midprice_period: 14
2026-02-11 09:59:50,742 | INFO | execution_binance_main |     plus_di_period: 14
2026-02-11 09:59:50,742 | INFO | execution_binance_main |     roc_period: 10
2026-02-11 09:59:50,743 | INFO | execution_binance_main |     trix_period: 14
2026-02-11 09:59:50,743 | INFO | execution_binance_main |     willr_period: 14
2026-02-11 09:59:50,743 | INFO | execution_binance_main |     adosc_fastperiod: 3
2026-02-11 09:59:50,743 | INFO | execution_binance_main |     adosc_slowperiod: 10
2026-02-11 09:59:50,745 | INFO | execution_binance_main |     linearreg_slope_period: 14
2026-02-11 09:59:50,745 | INFO | execution_binance_main |     tsf_period: 14
2026-02-11 09:59:50,745 | INFO | execution_binance_main |     bbands_period: 5
2026-02-11 09:59:50,745 | INFO | execution_binance_main |     dema_period: 30
2026-02-11 09:59:50,745 | INFO | execution_binance_main |     kama_period: 10
2026-02-11 09:59:50,745 | INFO | execution_binance_main |     sma_period: 30
2026-02-11 09:59:50,745 | INFO | execution_binance_main |     tema_period: 30
2026-02-11 09:59:50,748 | INFO | execution_binance_main |     adxr_period: 14
2026-02-11 09:59:50,748 | INFO | execution_binance_main |     apo_period: 12
2026-02-11 09:59:50,749 | INFO | execution_binance_main |     aroon_period: 14
2026-02-11 09:59:50,749 | INFO | execution_binance_main |     mfi_period: 14
2026-02-11 09:59:50,749 | INFO | execution_binance_main |     mom_period: 10
2026-02-11 09:59:50,750 | INFO | execution_binance_main |     rocr_period: 10
2026-02-11 09:59:50,750 | INFO | execution_binance_main |     rsi_period: 14
2026-02-11 09:59:50,751 | INFO | execution_binance_main |     atr_period: 14
2026-02-11 09:59:50,752 | INFO | execution_binance_main |     natr_period: 14
2026-02-11 09:59:50,753 | INFO | execution_binance_main |     linearreg_angle_period: 14
2026-02-11 09:59:50,754 | INFO | execution_binance_main |     stoch_fastk_period: 14
2026-02-11 09:59:50,755 | INFO | execution_binance_main |     stoch_slowk_period: 3
2026-02-11 09:59:50,756 | INFO | execution_binance_main |     stoch_slowd_period: 3
2026-02-11 09:59:50,756 | INFO | execution_binance_main |     dx_period: 14
2026-02-11 09:59:50,758 | INFO | execution_binance_main |     rocr100_period: 10
2026-02-11 09:59:50,758 | INFO | execution_binance_main |     linearreg_intercept_period: 14
2026-02-11 09:59:50,759 | INFO | execution_binance_main | Strategy sig_1h_btc_24 → Highest window value among specified patterns: 30
2026-02-11 09:59:50,762 | INFO | execution_binance_main | Strategy sig_1h_btc_25 → ALL columns:
2026-02-11 09:59:50,762 | INFO | execution_binance_main |     strategy: sig_1h_btc_25
2026-02-11 09:59:50,762 | INFO | execution_binance_main |     tp: 3
2026-02-11 09:59:50,762 | INFO | execution_binance_main |     sl: 1
2026-02-11 09:59:50,766 | INFO | execution_binance_main |     symbol: btc
2026-02-11 09:59:50,767 | INFO | execution_binance_main |     timehorizon: 1h
2026-02-11 09:59:50,768 | INFO | execution_binance_main |     pnl_sum: 2985.52
2026-02-11 09:59:50,768 | INFO | execution_binance_main |     ht_trendline: True
2026-02-11 09:59:50,769 | INFO | execution_binance_main |     midpoint: True
2026-02-11 09:59:50,769 | INFO | execution_binance_main |     midprice: True
2026-02-11 09:59:50,770 | INFO | execution_binance_main |     sar: True
2026-02-11 09:59:50,770 | INFO | execution_binance_main |     sarext: True
2026-02-11 09:59:50,771 | INFO | execution_binance_main |     t3: True
2026-02-11 09:59:50,771 | INFO | execution_binance_main |     wma: True
2026-02-11 09:59:50,773 | INFO | execution_binance_main |     aroon: True
2026-02-11 09:59:50,773 | INFO | execution_binance_main |     aroonosc: True
2026-02-11 09:59:50,773 | INFO | execution_binance_main |     bop: True
2026-02-11 09:59:50,776 | INFO | execution_binance_main |     cmo: True
2026-02-11 09:59:50,776 | INFO | execution_binance_main |     dx: True
2026-02-11 09:59:50,777 | INFO | execution_binance_main |     macd: True
2026-02-11 09:59:50,777 | INFO | execution_binance_main |     minus_dm: True
2026-02-11 09:59:50,777 | INFO | execution_binance_main |     mom: True
2026-02-11 09:59:50,778 | INFO | execution_binance_main |     plus_dm: True
2026-02-11 09:59:50,778 | INFO | execution_binance_main |     ppo: True
2026-02-11 09:59:50,778 | INFO | execution_binance_main |     roc: True
2026-02-11 09:59:50,779 | INFO | execution_binance_main |     rocr: True
2026-02-11 09:59:50,779 | INFO | execution_binance_main |     rocr100: True
2026-02-11 09:59:50,779 | INFO | execution_binance_main |     rsi: True
2026-02-11 09:59:50,780 | INFO | execution_binance_main |     stochf: True
2026-02-11 09:59:50,780 | INFO | execution_binance_main |     stochrsi: True
2026-02-11 09:59:50,781 | INFO | execution_binance_main |     trix: True
2026-02-11 09:59:50,782 | INFO | execution_binance_main |     willr: True
2026-02-11 09:59:50,782 | INFO | execution_binance_main |     adosc: True
2026-02-11 09:59:50,782 | INFO | execution_binance_main |     obv: True
2026-02-11 09:59:50,783 | INFO | execution_binance_main |     natr: True
2026-02-11 09:59:50,783 | INFO | execution_binance_main |     wclprice: True
2026-02-11 09:59:50,785 | INFO | execution_binance_main |     ht_sine: True
2026-02-11 09:59:50,785 | INFO | execution_binance_main |     ht_trendmode: True
2026-02-11 09:59:50,786 | INFO | execution_binance_main |     stddev: True
2026-02-11 09:59:50,786 | INFO | execution_binance_main |     var: True
2026-02-11 09:59:50,787 | INFO | execution_binance_main |     cdl2crows: True
2026-02-11 09:59:50,788 | INFO | execution_binance_main |     cdl3blackcrows: True
2026-02-11 09:59:50,789 | INFO | execution_binance_main |     cdl3inside: True
2026-02-11 09:59:50,789 | INFO | execution_binance_main |     cdl3outside: True
2026-02-11 09:59:50,789 | INFO | execution_binance_main |     cdlabandonedbaby: True
2026-02-11 09:59:50,791 | INFO | execution_binance_main |     cdlclosingmarubozu: True
2026-02-11 09:59:50,791 | INFO | execution_binance_main |     cdlconcealbabyswall: True
2026-02-11 09:59:50,792 | INFO | execution_binance_main |     cdlcounterattack: True
2026-02-11 09:59:50,792 | INFO | execution_binance_main |     cdldarkcloudcover: True
2026-02-11 09:59:50,792 | INFO | execution_binance_main |     cdldoji: True
2026-02-11 09:59:50,793 | INFO | execution_binance_main |     cdldragonflydoji: True
2026-02-11 09:59:50,793 | INFO | execution_binance_main |     cdlgapsidesidewhite: True
2026-02-11 09:59:50,793 | INFO | execution_binance_main |     cdlgravestonedoji: True
2026-02-11 09:59:50,795 | INFO | execution_binance_main |     cdlharami: True
2026-02-11 09:59:50,795 | INFO | execution_binance_main |     cdlharamicross: True
2026-02-11 09:59:50,795 | INFO | execution_binance_main |     cdlhighwave: True
2026-02-11 09:59:50,795 | INFO | execution_binance_main |     cdlhomingpigeon: True
2026-02-11 09:59:50,797 | INFO | execution_binance_main |     cdlidentical3crows: True
2026-02-11 09:59:50,797 | INFO | execution_binance_main |     cdlkicking: True
2026-02-11 09:59:50,797 | INFO | execution_binance_main |     cdlkickingbylength: True
2026-02-11 09:59:50,797 | INFO | execution_binance_main |     cdllongline: True
2026-02-11 09:59:50,799 | INFO | execution_binance_main |     cdlmarubozu: True
2026-02-11 09:59:50,799 | INFO | execution_binance_main |     cdlmorningdojistar: True
2026-02-11 09:59:50,799 | INFO | execution_binance_main |     cdlonneck: True
2026-02-11 09:59:50,800 | INFO | execution_binance_main |     cdlrisefall3methods: True
2026-02-11 09:59:50,800 | INFO | execution_binance_main |     cdlshortline: True
2026-02-11 09:59:50,800 | INFO | execution_binance_main |     cdlstalledpattern: True
2026-02-11 09:59:50,801 | INFO | execution_binance_main |     cdlsticksandwich: True
2026-02-11 09:59:50,802 | INFO | execution_binance_main |     cdltakuri: True
2026-02-11 09:59:50,803 | INFO | execution_binance_main |     cdlthrusting: True
2026-02-11 09:59:50,803 | INFO | execution_binance_main |     cdltristar: True
2026-02-11 09:59:50,804 | INFO | execution_binance_main |     cdlunique3river: True
2026-02-11 09:59:50,805 | INFO | execution_binance_main |     cdlupsidegap2crows: True
2026-02-11 09:59:50,805 | INFO | execution_binance_main |     midpoint_period: 14
2026-02-11 09:59:50,805 | INFO | execution_binance_main |     midprice_period: 14
2026-02-11 09:59:50,806 | INFO | execution_binance_main |     wma_period: 30
2026-02-11 09:59:50,807 | INFO | execution_binance_main |     aroonosc_period: 14
2026-02-11 09:59:50,808 | INFO | execution_binance_main |     minus_dm_period: 14
2026-02-11 09:59:50,808 | INFO | execution_binance_main |     plus_dm_period: 14
2026-02-11 09:59:50,809 | INFO | execution_binance_main |     ppo_fastperiod: 12
2026-02-11 09:59:50,809 | INFO | execution_binance_main |     ppo_slowperiod: 26
2026-02-11 09:59:50,809 | INFO | execution_binance_main |     roc_period: 10
2026-02-11 09:59:50,809 | INFO | execution_binance_main |     stochf_fastperiod: 14
2026-02-11 09:59:50,811 | INFO | execution_binance_main |     stochf_slowperiod: 3
2026-02-11 09:59:50,811 | INFO | execution_binance_main |     trix_period: 14
2026-02-11 09:59:50,811 | INFO | execution_binance_main |     willr_period: 14
2026-02-11 09:59:50,811 | INFO | execution_binance_main |     adosc_fastperiod: 3
2026-02-11 09:59:50,812 | INFO | execution_binance_main |     adosc_slowperiod: 10
2026-02-11 09:59:50,812 | INFO | execution_binance_main |     stddev_period: 5
2026-02-11 09:59:50,813 | INFO | execution_binance_main |     var_period: 5
2026-02-11 09:59:50,813 | INFO | execution_binance_main |     aroon_period: 14
2026-02-11 09:59:50,813 | INFO | execution_binance_main |     mom_period: 10
2026-02-11 09:59:50,813 | INFO | execution_binance_main |     rocr_period: 10
2026-02-11 09:59:50,813 | INFO | execution_binance_main |     rsi_period: 14
2026-02-11 09:59:50,815 | INFO | execution_binance_main |     natr_period: 14
2026-02-11 09:59:50,815 | INFO | execution_binance_main |     t3_period: 14
2026-02-11 09:59:50,815 | INFO | execution_binance_main |     cmo_period: 14
2026-02-11 09:59:50,816 | INFO | execution_binance_main |     macd_fastperiod: 12
2026-02-11 09:59:50,816 | INFO | execution_binance_main |     macd_slowperiod: 26
2026-02-11 09:59:50,816 | INFO | execution_binance_main |     macd_signalperiod: 9
2026-02-11 09:59:50,818 | INFO | execution_binance_main |     stochrsi_period: 14
2026-02-11 09:59:50,819 | INFO | execution_binance_main |     dx_period: 14
2026-02-11 09:59:50,819 | INFO | execution_binance_main |     rocr100_period: 10
2026-02-11 09:59:50,820 | INFO | execution_binance_main | Strategy sig_1h_btc_25 → Highest window value among specified patterns: 30
2026-02-11 09:59:50,827 | INFO | execution_binance_main | Strategy sig_1h_btc_26 → ALL columns:
2026-02-11 09:59:50,828 | INFO | execution_binance_main |     strategy: sig_1h_btc_26
2026-02-11 09:59:50,829 | INFO | execution_binance_main |     tp: 3
2026-02-11 09:59:50,829 | INFO | execution_binance_main |     sl: 1
2026-02-11 09:59:50,830 | INFO | execution_binance_main |     symbol: btc
2026-02-11 09:59:50,830 | INFO | execution_binance_main |     timehorizon: 1h
2026-02-11 09:59:50,830 | INFO | execution_binance_main |     pnl_sum: 3597.77
2026-02-11 09:59:50,830 | INFO | execution_binance_main |     bbands: True
2026-02-11 09:59:50,832 | INFO | execution_binance_main |     dema: True
2026-02-11 09:59:50,832 | INFO | execution_binance_main |     ema: True
2026-02-11 09:59:50,832 | INFO | execution_binance_main |     mama: True
2026-02-11 09:59:50,832 | INFO | execution_binance_main |     midpoint: True
2026-02-11 09:59:50,832 | INFO | execution_binance_main |     midprice: True
2026-02-11 09:59:50,834 | INFO | execution_binance_main |     tema: True
2026-02-11 09:59:50,834 | INFO | execution_binance_main |     wma: True
2026-02-11 09:59:50,835 | INFO | execution_binance_main |     adx: True
2026-02-11 09:59:50,836 | INFO | execution_binance_main |     adxr: True
2026-02-11 09:59:50,836 | INFO | execution_binance_main |     aroon: True
2026-02-11 09:59:50,837 | INFO | execution_binance_main |     aroonosc: True
2026-02-11 09:59:50,837 | INFO | execution_binance_main |     bop: True
2026-02-11 09:59:50,838 | INFO | execution_binance_main |     cmo: True
2026-02-11 09:59:50,839 | INFO | execution_binance_main |     mfi: True
2026-02-11 09:59:50,840 | INFO | execution_binance_main |     plus_di: True
2026-02-11 09:59:50,841 | INFO | execution_binance_main |     plus_dm: True
2026-02-11 09:59:50,841 | INFO | execution_binance_main |     roc: True
2026-02-11 09:59:50,841 | INFO | execution_binance_main |     rocp: True
2026-02-11 09:59:50,842 | INFO | execution_binance_main |     stoch: True
2026-02-11 09:59:50,842 | INFO | execution_binance_main |     stochrsi: True
2026-02-11 09:59:50,842 | INFO | execution_binance_main |     trix: True
2026-02-11 09:59:50,843 | INFO | execution_binance_main |     willr: True
2026-02-11 09:59:50,843 | INFO | execution_binance_main |     ad: True
2026-02-11 09:59:50,843 | INFO | execution_binance_main |     adosc: True
2026-02-11 09:59:50,843 | INFO | execution_binance_main |     obv: True
2026-02-11 09:59:50,843 | INFO | execution_binance_main |     natr: True
2026-02-11 09:59:50,843 | INFO | execution_binance_main |     trange: True
2026-02-11 09:59:50,843 | INFO | execution_binance_main |     avgprice: True
2026-02-11 09:59:50,843 | INFO | execution_binance_main |     medprice: True
2026-02-11 09:59:50,846 | INFO | execution_binance_main |     typprice: True
2026-02-11 09:59:50,846 | INFO | execution_binance_main |     ht_dcphase: True
2026-02-11 09:59:50,846 | INFO | execution_binance_main |     ht_phasor: True
2026-02-11 09:59:50,846 | INFO | execution_binance_main |     ht_trendmode: True
2026-02-11 09:59:50,848 | INFO | execution_binance_main |     linearreg_angle: True
2026-02-11 09:59:50,848 | INFO | execution_binance_main |     linearreg_intercept: True
2026-02-11 09:59:50,848 | INFO | execution_binance_main |     linearreg_slope: True
2026-02-11 09:59:50,849 | INFO | execution_binance_main |     var: True
2026-02-11 09:59:50,849 | INFO | execution_binance_main |     cdl3starsinsouth: True
2026-02-11 09:59:50,850 | INFO | execution_binance_main |     cdlabandonedbaby: True
2026-02-11 09:59:50,850 | INFO | execution_binance_main |     cdladvanceblock: True
2026-02-11 09:59:50,851 | INFO | execution_binance_main |     cdlbelthold: True
2026-02-11 09:59:50,851 | INFO | execution_binance_main |     cdlbreakaway: True
2026-02-11 09:59:50,852 | INFO | execution_binance_main |     cdldoji: True
2026-02-11 09:59:50,853 | INFO | execution_binance_main |     cdldojistar: True
2026-02-11 09:59:50,853 | INFO | execution_binance_main |     cdldragonflydoji: True
2026-02-11 09:59:50,853 | INFO | execution_binance_main |     cdlengulfing: True
2026-02-11 09:59:50,854 | INFO | execution_binance_main |     cdleveningstar: True
2026-02-11 09:59:50,856 | INFO | execution_binance_main |     cdlgapsidesidewhite: True
2026-02-11 09:59:50,856 | INFO | execution_binance_main |     cdlgravestonedoji: True
2026-02-11 09:59:50,857 | INFO | execution_binance_main |     cdlhammer: True
2026-02-11 09:59:50,858 | INFO | execution_binance_main |     cdlharami: True
2026-02-11 09:59:50,858 | INFO | execution_binance_main |     cdlharamicross: True
2026-02-11 09:59:50,859 | INFO | execution_binance_main |     cdlhighwave: True
2026-02-11 09:59:50,859 | INFO | execution_binance_main |     cdlhikkake: True
2026-02-11 09:59:50,860 | INFO | execution_binance_main |     cdlhikkakemod: True
2026-02-11 09:59:50,860 | INFO | execution_binance_main |     cdlhomingpigeon: True
2026-02-11 09:59:50,860 | INFO | execution_binance_main |     cdllongleggeddoji: True
2026-02-11 09:59:50,860 | INFO | execution_binance_main |     cdllongline: True
2026-02-11 09:59:50,862 | INFO | execution_binance_main |     cdlmarubozu: True
2026-02-11 09:59:50,862 | INFO | execution_binance_main |     cdlmatchinglow: True
2026-02-11 09:59:50,862 | INFO | execution_binance_main |     cdlmathold: True
2026-02-11 09:59:50,862 | INFO | execution_binance_main |     cdlmorningstar: True
2026-02-11 09:59:50,864 | INFO | execution_binance_main |     cdlpiercing: True
2026-02-11 09:59:50,864 | INFO | execution_binance_main |     cdlrickshawman: True
2026-02-11 09:59:50,864 | INFO | execution_binance_main |     cdlspinningtop: True
2026-02-11 09:59:50,866 | INFO | execution_binance_main |     cdltakuri: True
2026-02-11 09:59:50,866 | INFO | execution_binance_main |     cdltasukigap: True
2026-02-11 09:59:50,866 | INFO | execution_binance_main |     cdlthrusting: True
2026-02-11 09:59:50,866 | INFO | execution_binance_main |     cdltristar: True
2026-02-11 09:59:50,867 | INFO | execution_binance_main |     cdlunique3river: True
2026-02-11 09:59:50,867 | INFO | execution_binance_main |     cdlupsidegap2crows: True
2026-02-11 09:59:50,868 | INFO | execution_binance_main |     cdlxsidegap3methods: True
2026-02-11 09:59:50,869 | INFO | execution_binance_main |     ema_period: 30
2026-02-11 09:59:50,869 | INFO | execution_binance_main |     midpoint_period: 14
2026-02-11 09:59:50,870 | INFO | execution_binance_main |     midprice_period: 14
2026-02-11 09:59:50,871 | INFO | execution_binance_main |     wma_period: 30
2026-02-11 09:59:50,872 | INFO | execution_binance_main |     aroonosc_period: 14
2026-02-11 09:59:50,872 | INFO | execution_binance_main |     plus_di_period: 14
2026-02-11 09:59:50,873 | INFO | execution_binance_main |     plus_dm_period: 14
2026-02-11 09:59:50,873 | INFO | execution_binance_main |     roc_period: 10
2026-02-11 09:59:50,874 | INFO | execution_binance_main |     trix_period: 14
2026-02-11 09:59:50,875 | INFO | execution_binance_main |     willr_period: 14
2026-02-11 09:59:50,875 | INFO | execution_binance_main |     adosc_fastperiod: 3
2026-02-11 09:59:50,876 | INFO | execution_binance_main |     adosc_slowperiod: 10
2026-02-11 09:59:50,876 | INFO | execution_binance_main |     linearreg_slope_period: 14
2026-02-11 09:59:50,877 | INFO | execution_binance_main |     var_period: 5
2026-02-11 09:59:50,877 | INFO | execution_binance_main |     bbands_period: 5
2026-02-11 09:59:50,877 | INFO | execution_binance_main |     dema_period: 30
2026-02-11 09:59:50,879 | INFO | execution_binance_main |     tema_period: 30
2026-02-11 09:59:50,879 | INFO | execution_binance_main |     adxr_period: 14
2026-02-11 09:59:50,879 | INFO | execution_binance_main |     aroon_period: 14
2026-02-11 09:59:50,880 | INFO | execution_binance_main |     mfi_period: 14
2026-02-11 09:59:50,881 | INFO | execution_binance_main |     natr_period: 14
2026-02-11 09:59:50,881 | INFO | execution_binance_main |     linearreg_angle_period: 14
2026-02-11 09:59:50,882 | INFO | execution_binance_main |     cmo_period: 14
2026-02-11 09:59:50,882 | INFO | execution_binance_main |     rocp_period: 10
2026-02-11 09:59:50,882 | INFO | execution_binance_main |     stoch_fastk_period: 14
2026-02-11 09:59:50,883 | INFO | execution_binance_main |     stoch_slowk_period: 3
2026-02-11 09:59:50,883 | INFO | execution_binance_main |     stoch_slowd_period: 3
2026-02-11 09:59:50,883 | INFO | execution_binance_main |     stochrsi_period: 14
2026-02-11 09:59:50,884 | INFO | execution_binance_main |     adx_period: 14
2026-02-11 09:59:50,885 | INFO | execution_binance_main |     linearreg_intercept_period: 14
2026-02-11 09:59:50,885 | INFO | execution_binance_main | Strategy sig_1h_btc_26 → Highest window value among specified patterns: 30
2026-02-11 09:59:50,892 | INFO | execution_binance_main | Strategy sig_1h_btc_27 → ALL columns:
2026-02-11 09:59:50,892 | INFO | execution_binance_main |     strategy: sig_1h_btc_27
2026-02-11 09:59:50,893 | INFO | execution_binance_main |     tp: 3
2026-02-11 09:59:50,894 | INFO | execution_binance_main |     sl: 1
2026-02-11 09:59:50,894 | INFO | execution_binance_main |     symbol: btc
2026-02-11 09:59:50,895 | INFO | execution_binance_main |     timehorizon: 1h
2026-02-11 09:59:50,895 | INFO | execution_binance_main |     pnl_sum: 2560.18
2026-02-11 09:59:50,896 | INFO | execution_binance_main |     bbands: True
2026-02-11 09:59:50,896 | INFO | execution_binance_main |     dema: True
2026-02-11 09:59:50,896 | INFO | execution_binance_main |     ht_trendline: True
2026-02-11 09:59:50,897 | INFO | execution_binance_main |     mama: True
2026-02-11 09:59:50,898 | INFO | execution_binance_main |     sar: True
2026-02-11 09:59:50,898 | INFO | execution_binance_main |     sarext: True
2026-02-11 09:59:50,899 | INFO | execution_binance_main |     t3: True
2026-02-11 09:59:50,900 | INFO | execution_binance_main |     trima: True
2026-02-11 09:59:50,900 | INFO | execution_binance_main |     wma: True
2026-02-11 09:59:50,902 | INFO | execution_binance_main |     adx: True
2026-02-11 09:59:50,902 | INFO | execution_binance_main |     apo: True
2026-02-11 09:59:50,903 | INFO | execution_binance_main |     aroonosc: True
2026-02-11 09:59:50,903 | INFO | execution_binance_main |     cmo: True
2026-02-11 09:59:50,904 | INFO | execution_binance_main |     dx: True
2026-02-11 09:59:50,906 | INFO | execution_binance_main |     macd: True
2026-02-11 09:59:50,906 | INFO | execution_binance_main |     macdext: True
2026-02-11 09:59:50,906 | INFO | execution_binance_main |     mfi: True
2026-02-11 09:59:50,908 | INFO | execution_binance_main |     minus_di: True
2026-02-11 09:59:50,908 | INFO | execution_binance_main |     minus_dm: True
2026-02-11 09:59:50,908 | INFO | execution_binance_main |     mom: True
2026-02-11 09:59:50,910 | INFO | execution_binance_main |     ppo: True
2026-02-11 09:59:50,910 | INFO | execution_binance_main |     roc: True
2026-02-11 09:59:50,910 | INFO | execution_binance_main |     rocr100: True
2026-02-11 09:59:50,910 | INFO | execution_binance_main |     trix: True
2026-02-11 09:59:50,911 | INFO | execution_binance_main |     ad: True
2026-02-11 09:59:50,912 | INFO | execution_binance_main |     atr: True
2026-02-11 09:59:50,912 | INFO | execution_binance_main |     avgprice: True
2026-02-11 09:59:50,913 | INFO | execution_binance_main |     wclprice: True
2026-02-11 09:59:50,913 | INFO | execution_binance_main |     ht_dcperiod: True
2026-02-11 09:59:50,913 | INFO | execution_binance_main |     ht_dcphase: True
2026-02-11 09:59:50,915 | INFO | execution_binance_main |     ht_phasor: True
2026-02-11 09:59:50,915 | INFO | execution_binance_main |     ht_trendmode: True
2026-02-11 09:59:50,916 | INFO | execution_binance_main |     linearreg_angle: True
2026-02-11 09:59:50,916 | INFO | execution_binance_main |     linearreg_intercept: True
2026-02-11 09:59:50,917 | INFO | execution_binance_main |     stddev: True
2026-02-11 09:59:50,917 | INFO | execution_binance_main |     tsf: True
2026-02-11 09:59:50,918 | INFO | execution_binance_main |     cdl2crows: True
2026-02-11 09:59:50,919 | INFO | execution_binance_main |     cdl3blackcrows: True
2026-02-11 09:59:50,920 | INFO | execution_binance_main |     cdl3inside: True
2026-02-11 09:59:50,921 | INFO | execution_binance_main |     cdl3linestrike: True
2026-02-11 09:59:50,922 | INFO | execution_binance_main |     cdladvanceblock: True
2026-02-11 09:59:50,922 | INFO | execution_binance_main |     cdlbelthold: True
2026-02-11 09:59:50,923 | INFO | execution_binance_main |     cdlclosingmarubozu: True
2026-02-11 09:59:50,923 | INFO | execution_binance_main |     cdlconcealbabyswall: True
2026-02-11 09:59:50,925 | INFO | execution_binance_main |     cdlcounterattack: True
2026-02-11 09:59:50,925 | INFO | execution_binance_main |     cdldarkcloudcover: True
2026-02-11 09:59:50,926 | INFO | execution_binance_main |     cdldoji: True
2026-02-11 09:59:50,927 | INFO | execution_binance_main |     cdldojistar: True
2026-02-11 09:59:50,927 | INFO | execution_binance_main |     cdlengulfing: True
2026-02-11 09:59:50,927 | INFO | execution_binance_main |     cdlgapsidesidewhite: True
2026-02-11 09:59:50,927 | INFO | execution_binance_main |     cdlhammer: True
2026-02-11 09:59:50,929 | INFO | execution_binance_main |     cdlharamicross: True
2026-02-11 09:59:50,929 | INFO | execution_binance_main |     cdlhighwave: True
2026-02-11 09:59:50,929 | INFO | execution_binance_main |     cdlinneck: True
2026-02-11 09:59:50,929 | INFO | execution_binance_main |     cdlkicking: True
2026-02-11 09:59:50,929 | INFO | execution_binance_main |     cdllongline: True
2026-02-11 09:59:50,929 | INFO | execution_binance_main |     cdlmorningdojistar: True
2026-02-11 09:59:50,931 | INFO | execution_binance_main |     cdlonneck: True
2026-02-11 09:59:50,931 | INFO | execution_binance_main |     cdlseparatinglines: True
2026-02-11 09:59:50,931 | INFO | execution_binance_main |     cdlspinningtop: True
2026-02-11 09:59:50,931 | INFO | execution_binance_main |     cdlstalledpattern: True
2026-02-11 09:59:50,932 | INFO | execution_binance_main |     cdltasukigap: True
2026-02-11 09:59:50,932 | INFO | execution_binance_main |     cdltristar: True
2026-02-11 09:59:50,933 | INFO | execution_binance_main |     cdlupsidegap2crows: True
2026-02-11 09:59:50,933 | INFO | execution_binance_main |     cdlxsidegap3methods: True
2026-02-11 09:59:50,934 | INFO | execution_binance_main |     trima_period: 30
2026-02-11 09:59:50,935 | INFO | execution_binance_main |     wma_period: 30
2026-02-11 09:59:50,935 | INFO | execution_binance_main |     aroonosc_period: 14
2026-02-11 09:59:50,936 | INFO | execution_binance_main |     minus_dm_period: 14
2026-02-11 09:59:50,936 | INFO | execution_binance_main |     ppo_fastperiod: 12
2026-02-11 09:59:50,938 | INFO | execution_binance_main |     ppo_slowperiod: 26
2026-02-11 09:59:50,938 | INFO | execution_binance_main |     roc_period: 10
2026-02-11 09:59:50,938 | INFO | execution_binance_main |     trix_period: 14
2026-02-11 09:59:50,939 | INFO | execution_binance_main |     stddev_period: 5
2026-02-11 09:59:50,941 | INFO | execution_binance_main |     tsf_period: 14
2026-02-11 09:59:50,941 | INFO | execution_binance_main |     bbands_period: 5
2026-02-11 09:59:50,942 | INFO | execution_binance_main |     dema_period: 30
2026-02-11 09:59:50,942 | INFO | execution_binance_main |     apo_period: 12
2026-02-11 09:59:50,942 | INFO | execution_binance_main |     macdext_fastperiod: 12
2026-02-11 09:59:50,942 | INFO | execution_binance_main |     macdext_slowperiod: 26
2026-02-11 09:59:50,943 | INFO | execution_binance_main |     macdext_signalperiod: 9
2026-02-11 09:59:50,943 | INFO | execution_binance_main |     mfi_period: 14
2026-02-11 09:59:50,943 | INFO | execution_binance_main |     mom_period: 10
2026-02-11 09:59:50,945 | INFO | execution_binance_main |     atr_period: 14
2026-02-11 09:59:50,945 | INFO | execution_binance_main |     linearreg_angle_period: 14
2026-02-11 09:59:50,945 | INFO | execution_binance_main |     t3_period: 14
2026-02-11 09:59:50,945 | INFO | execution_binance_main |     cmo_period: 14
2026-02-11 09:59:50,946 | INFO | execution_binance_main |     macd_fastperiod: 12
2026-02-11 09:59:50,946 | INFO | execution_binance_main |     macd_slowperiod: 26
2026-02-11 09:59:50,947 | INFO | execution_binance_main |     macd_signalperiod: 9
2026-02-11 09:59:50,948 | INFO | execution_binance_main |     minus_di_period: 14
2026-02-11 09:59:50,948 | INFO | execution_binance_main |     adx_period: 14
2026-02-11 09:59:50,949 | INFO | execution_binance_main |     dx_period: 14
2026-02-11 09:59:50,949 | INFO | execution_binance_main |     rocr100_period: 10
2026-02-11 09:59:50,950 | INFO | execution_binance_main |     linearreg_intercept_period: 14
2026-02-11 09:59:50,950 | INFO | execution_binance_main | Strategy sig_1h_btc_27 → Highest window value among specified patterns: 30
2026-02-11 09:59:50,957 | INFO | execution_binance_main | Strategy sig_1h_btc_28 → ALL columns:
2026-02-11 09:59:50,958 | INFO | execution_binance_main |     strategy: sig_1h_btc_28
2026-02-11 09:59:50,958 | INFO | execution_binance_main |     tp: 3
2026-02-11 09:59:50,959 | INFO | execution_binance_main |     sl: 1
2026-02-11 09:59:50,959 | INFO | execution_binance_main |     symbol: btc
2026-02-11 09:59:50,960 | INFO | execution_binance_main |     timehorizon: 1h
2026-02-11 09:59:50,960 | INFO | execution_binance_main |     pnl_sum: 1417.28
2026-02-11 09:59:50,960 | INFO | execution_binance_main |     bbands: True
2026-02-11 09:59:50,960 | INFO | execution_binance_main |     ema: True
2026-02-11 09:59:50,960 | INFO | execution_binance_main |     ma: True
2026-02-11 09:59:50,963 | INFO | execution_binance_main |     mama: True
2026-02-11 09:59:50,963 | INFO | execution_binance_main |     midpoint: True
2026-02-11 09:59:50,963 | INFO | execution_binance_main |     tema: True
2026-02-11 09:59:50,964 | INFO | execution_binance_main |     adx: True
2026-02-11 09:59:50,964 | INFO | execution_binance_main |     aroonosc: True
2026-02-11 09:59:50,965 | INFO | execution_binance_main |     macd: True
2026-02-11 09:59:50,965 | INFO | execution_binance_main |     minus_di: True
2026-02-11 09:59:50,965 | INFO | execution_binance_main |     plus_di: True
2026-02-11 09:59:50,966 | INFO | execution_binance_main |     ppo: True
2026-02-11 09:59:50,966 | INFO | execution_binance_main |     rsi: True
2026-02-11 09:59:50,968 | INFO | execution_binance_main |     stochrsi: True
2026-02-11 09:59:50,969 | INFO | execution_binance_main |     willr: True
2026-02-11 09:59:50,969 | INFO | execution_binance_main |     adosc: True
2026-02-11 09:59:50,970 | INFO | execution_binance_main |     atr: True
2026-02-11 09:59:50,970 | INFO | execution_binance_main |     natr: True
2026-02-11 09:59:50,973 | INFO | execution_binance_main |     avgprice: True
2026-02-11 09:59:50,973 | INFO | execution_binance_main |     wclprice: True
2026-02-11 09:59:50,973 | INFO | execution_binance_main |     linearreg: True
2026-02-11 09:59:50,975 | INFO | execution_binance_main |     linearreg_intercept: True
2026-02-11 09:59:50,975 | INFO | execution_binance_main |     linearreg_slope: True
2026-02-11 09:59:50,975 | INFO | execution_binance_main |     stddev: True
2026-02-11 09:59:50,977 | INFO | execution_binance_main |     var: True
2026-02-11 09:59:50,977 | INFO | execution_binance_main |     cdl3inside: True
2026-02-11 09:59:50,978 | INFO | execution_binance_main |     cdl3linestrike: True
2026-02-11 09:59:50,978 | INFO | execution_binance_main |     cdl3outside: True
2026-02-11 09:59:50,978 | INFO | execution_binance_main |     cdl3starsinsouth: True
2026-02-11 09:59:50,978 | INFO | execution_binance_main |     cdl3whitesoldiers: True
2026-02-11 09:59:50,978 | INFO | execution_binance_main |     cdlabandonedbaby: True
2026-02-11 09:59:50,978 | INFO | execution_binance_main |     cdladvanceblock: True
2026-02-11 09:59:50,978 | INFO | execution_binance_main |     cdlconcealbabyswall: True
2026-02-11 09:59:50,981 | INFO | execution_binance_main |     cdlcounterattack: True
2026-02-11 09:59:50,981 | INFO | execution_binance_main |     cdldoji: True
2026-02-11 09:59:50,981 | INFO | execution_binance_main |     cdldojistar: True
2026-02-11 09:59:50,983 | INFO | execution_binance_main |     cdldragonflydoji: True
2026-02-11 09:59:50,983 | INFO | execution_binance_main |     cdleveningstar: True
2026-02-11 09:59:50,983 | INFO | execution_binance_main |     cdlgapsidesidewhite: True
2026-02-11 09:59:50,984 | INFO | execution_binance_main |     cdlhammer: True
2026-02-11 09:59:50,985 | INFO | execution_binance_main |     cdlinneck: True
2026-02-11 09:59:50,986 | INFO | execution_binance_main |     cdlinvertedhammer: True
2026-02-11 09:59:50,986 | INFO | execution_binance_main |     cdlkicking: True
2026-02-11 09:59:50,987 | INFO | execution_binance_main |     cdlkickingbylength: True
2026-02-11 09:59:50,988 | INFO | execution_binance_main |     cdllongleggeddoji: True
2026-02-11 09:59:50,990 | INFO | execution_binance_main |     cdlmarubozu: True
2026-02-11 09:59:50,991 | INFO | execution_binance_main |     cdlmathold: True
2026-02-11 09:59:50,991 | INFO | execution_binance_main |     cdlmorningdojistar: True
2026-02-11 09:59:50,992 | INFO | execution_binance_main |     cdlmorningstar: True
2026-02-11 09:59:50,993 | INFO | execution_binance_main |     cdlonneck: True
2026-02-11 09:59:50,993 | INFO | execution_binance_main |     cdlrickshawman: True
2026-02-11 09:59:50,993 | INFO | execution_binance_main |     cdlshootingstar: True
2026-02-11 09:59:50,994 | INFO | execution_binance_main |     cdlshortline: True
2026-02-11 09:59:50,994 | INFO | execution_binance_main |     cdlspinningtop: True
2026-02-11 09:59:50,994 | INFO | execution_binance_main |     cdlstalledpattern: True
2026-02-11 09:59:50,996 | INFO | execution_binance_main |     cdltasukigap: True
2026-02-11 09:59:50,996 | INFO | execution_binance_main |     cdlthrusting: True
2026-02-11 09:59:50,996 | INFO | execution_binance_main |     cdltristar: True
2026-02-11 09:59:50,997 | INFO | execution_binance_main |     cdlunique3river: True
2026-02-11 09:59:50,997 | INFO | execution_binance_main |     ema_period: 30
2026-02-11 09:59:50,997 | INFO | execution_binance_main |     midpoint_period: 14
2026-02-11 09:59:50,998 | INFO | execution_binance_main |     aroonosc_period: 14
2026-02-11 09:59:50,998 | INFO | execution_binance_main |     plus_di_period: 14
2026-02-11 09:59:50,998 | INFO | execution_binance_main |     ppo_fastperiod: 12
2026-02-11 09:59:51,000 | INFO | execution_binance_main |     ppo_slowperiod: 26
2026-02-11 09:59:51,000 | INFO | execution_binance_main |     willr_period: 14
2026-02-11 09:59:51,000 | INFO | execution_binance_main |     adosc_fastperiod: 3
2026-02-11 09:59:51,001 | INFO | execution_binance_main |     adosc_slowperiod: 10
2026-02-11 09:59:51,002 | INFO | execution_binance_main |     linearreg_slope_period: 14
2026-02-11 09:59:51,002 | INFO | execution_binance_main |     stddev_period: 5
2026-02-11 09:59:51,003 | INFO | execution_binance_main |     var_period: 5
2026-02-11 09:59:51,004 | INFO | execution_binance_main |     bbands_period: 5
2026-02-11 09:59:51,005 | INFO | execution_binance_main |     tema_period: 30
2026-02-11 09:59:51,006 | INFO | execution_binance_main |     rsi_period: 14
2026-02-11 09:59:51,007 | INFO | execution_binance_main |     atr_period: 14
2026-02-11 09:59:51,008 | INFO | execution_binance_main |     natr_period: 14
2026-02-11 09:59:51,009 | INFO | execution_binance_main |     linearreg_period: 14
2026-02-11 09:59:51,009 | INFO | execution_binance_main |     ma_period: 30
2026-02-11 09:59:51,010 | INFO | execution_binance_main |     macd_fastperiod: 12
2026-02-11 09:59:51,010 | INFO | execution_binance_main |     macd_slowperiod: 26
2026-02-11 09:59:51,010 | INFO | execution_binance_main |     macd_signalperiod: 9
2026-02-11 09:59:51,011 | INFO | execution_binance_main |     minus_di_period: 14
2026-02-11 09:59:51,011 | INFO | execution_binance_main |     stochrsi_period: 14
2026-02-11 09:59:51,011 | INFO | execution_binance_main |     adx_period: 14
2026-02-11 09:59:51,012 | INFO | execution_binance_main |     linearreg_intercept_period: 14
2026-02-11 09:59:51,012 | INFO | execution_binance_main | Strategy sig_1h_btc_28 → Highest window value among specified patterns: 30
2026-02-11 09:59:51,019 | INFO | execution_binance_main | Strategy sig_1h_btc_29 → ALL columns:
2026-02-11 09:59:51,021 | INFO | execution_binance_main |     strategy: sig_1h_btc_29
2026-02-11 09:59:51,021 | INFO | execution_binance_main |     tp: 3
2026-02-11 09:59:51,022 | INFO | execution_binance_main |     sl: 1
2026-02-11 09:59:51,024 | INFO | execution_binance_main |     symbol: btc
2026-02-11 09:59:51,024 | INFO | execution_binance_main |     timehorizon: 1h
2026-02-11 09:59:51,025 | INFO | execution_binance_main |     pnl_sum: 2869.35
2026-02-11 09:59:51,025 | INFO | execution_binance_main |     bbands: True
2026-02-11 09:59:51,026 | INFO | execution_binance_main |     ema: True
2026-02-11 09:59:51,026 | INFO | execution_binance_main |     ht_trendline: True
2026-02-11 09:59:51,026 | INFO | execution_binance_main |     kama: True
2026-02-11 09:59:51,027 | INFO | execution_binance_main |     mama: True
2026-02-11 09:59:51,028 | INFO | execution_binance_main |     midprice: True
2026-02-11 09:59:51,028 | INFO | execution_binance_main |     sma: True
2026-02-11 09:59:51,028 | INFO | execution_binance_main |     trima: True
2026-02-11 09:59:51,029 | INFO | execution_binance_main |     adxr: True
2026-02-11 09:59:51,029 | INFO | execution_binance_main |     apo: True
2026-02-11 09:59:51,029 | INFO | execution_binance_main |     cci: True
2026-02-11 09:59:51,031 | INFO | execution_binance_main |     cmo: True
2026-02-11 09:59:51,031 | INFO | execution_binance_main |     dx: True
2026-02-11 09:59:51,032 | INFO | execution_binance_main |     macd: True
2026-02-11 09:59:51,033 | INFO | execution_binance_main |     macdext: True
2026-02-11 09:59:51,033 | INFO | execution_binance_main |     mfi: True
2026-02-11 09:59:51,034 | INFO | execution_binance_main |     minus_di: True
2026-02-11 09:59:51,034 | INFO | execution_binance_main |     mom: True
2026-02-11 09:59:51,034 | INFO | execution_binance_main |     plus_dm: True
2026-02-11 09:59:51,035 | INFO | execution_binance_main |     ppo: True
2026-02-11 09:59:51,035 | INFO | execution_binance_main |     rocp: True
2026-02-11 09:59:51,037 | INFO | execution_binance_main |     rocr100: True
2026-02-11 09:59:51,038 | INFO | execution_binance_main |     rsi: True
2026-02-11 09:59:51,039 | INFO | execution_binance_main |     stochf: True
2026-02-11 09:59:51,039 | INFO | execution_binance_main |     stochrsi: True
2026-02-11 09:59:51,040 | INFO | execution_binance_main |     trix: True
2026-02-11 09:59:51,040 | INFO | execution_binance_main |     adosc: True
2026-02-11 09:59:51,040 | INFO | execution_binance_main |     obv: True
2026-02-11 09:59:51,042 | INFO | execution_binance_main |     avgprice: True
2026-02-11 09:59:51,042 | INFO | execution_binance_main |     typprice: True
2026-02-11 09:59:51,043 | INFO | execution_binance_main |     ht_phasor: True
2026-02-11 09:59:51,043 | INFO | execution_binance_main |     ht_sine: True
2026-02-11 09:59:51,043 | INFO | execution_binance_main |     ht_trendmode: True
2026-02-11 09:59:51,043 | INFO | execution_binance_main |     linearreg: True
2026-02-11 09:59:51,043 | INFO | execution_binance_main |     linearreg_angle: True
2026-02-11 09:59:51,045 | INFO | execution_binance_main |     linearreg_intercept: True
2026-02-11 09:59:51,045 | INFO | execution_binance_main |     tsf: True
2026-02-11 09:59:51,045 | INFO | execution_binance_main |     var: True
2026-02-11 09:59:51,045 | INFO | execution_binance_main |     cdl3inside: True
2026-02-11 09:59:51,047 | INFO | execution_binance_main |     cdl3linestrike: True
2026-02-11 09:59:51,048 | INFO | execution_binance_main |     cdl3starsinsouth: True
2026-02-11 09:59:51,048 | INFO | execution_binance_main |     cdl3whitesoldiers: True
2026-02-11 09:59:51,049 | INFO | execution_binance_main |     cdlclosingmarubozu: True
2026-02-11 09:59:51,049 | INFO | execution_binance_main |     cdlconcealbabyswall: True
2026-02-11 09:59:51,050 | INFO | execution_binance_main |     cdldojistar: True
2026-02-11 09:59:51,050 | INFO | execution_binance_main |     cdleveningstar: True
2026-02-11 09:59:51,051 | INFO | execution_binance_main |     cdlgapsidesidewhite: True
2026-02-11 09:59:51,052 | INFO | execution_binance_main |     cdlhangingman: True
2026-02-11 09:59:51,052 | INFO | execution_binance_main |     cdlharamicross: True
2026-02-11 09:59:51,053 | INFO | execution_binance_main |     cdlhighwave: True
2026-02-11 09:59:51,053 | INFO | execution_binance_main |     cdlhikkake: True
2026-02-11 09:59:51,055 | INFO | execution_binance_main |     cdlhikkakemod: True
2026-02-11 09:59:51,056 | INFO | execution_binance_main |     cdlhomingpigeon: True
2026-02-11 09:59:51,057 | INFO | execution_binance_main |     cdlidentical3crows: True
2026-02-11 09:59:51,058 | INFO | execution_binance_main |     cdlinvertedhammer: True
2026-02-11 09:59:51,058 | INFO | execution_binance_main |     cdlkicking: True
2026-02-11 09:59:51,058 | INFO | execution_binance_main |     cdlmatchinglow: True
2026-02-11 09:59:51,058 | INFO | execution_binance_main |     cdlmathold: True
2026-02-11 09:59:51,060 | INFO | execution_binance_main |     cdlmorningdojistar: True
2026-02-11 09:59:51,060 | INFO | execution_binance_main |     cdlonneck: True
2026-02-11 09:59:51,061 | INFO | execution_binance_main |     cdlpiercing: True
2026-02-11 09:59:51,061 | INFO | execution_binance_main |     cdlrickshawman: True
2026-02-11 09:59:51,061 | INFO | execution_binance_main |     cdlrisefall3methods: True
2026-02-11 09:59:51,062 | INFO | execution_binance_main |     cdlseparatinglines: True
2026-02-11 09:59:51,062 | INFO | execution_binance_main |     cdlshortline: True
2026-02-11 09:59:51,062 | INFO | execution_binance_main |     cdlspinningtop: True
2026-02-11 09:59:51,062 | INFO | execution_binance_main |     cdltakuri: True
2026-02-11 09:59:51,062 | INFO | execution_binance_main |     cdltristar: True
2026-02-11 09:59:51,064 | INFO | execution_binance_main |     cdlunique3river: True
2026-02-11 09:59:51,064 | INFO | execution_binance_main |     ema_period: 30
2026-02-11 09:59:51,066 | INFO | execution_binance_main |     midprice_period: 14
2026-02-11 09:59:51,066 | INFO | execution_binance_main |     trima_period: 30
2026-02-11 09:59:51,067 | INFO | execution_binance_main |     cci_period: 14
2026-02-11 09:59:51,067 | INFO | execution_binance_main |     plus_dm_period: 14
2026-02-11 09:59:51,068 | INFO | execution_binance_main |     ppo_fastperiod: 12
2026-02-11 09:59:51,069 | INFO | execution_binance_main |     ppo_slowperiod: 26
2026-02-11 09:59:51,070 | INFO | execution_binance_main |     stochf_fastperiod: 14
2026-02-11 09:59:51,070 | INFO | execution_binance_main |     stochf_slowperiod: 3
2026-02-11 09:59:51,071 | INFO | execution_binance_main |     trix_period: 14
2026-02-11 09:59:51,072 | INFO | execution_binance_main |     adosc_fastperiod: 3
2026-02-11 09:59:51,072 | INFO | execution_binance_main |     adosc_slowperiod: 10
2026-02-11 09:59:51,075 | INFO | execution_binance_main |     tsf_period: 14
2026-02-11 09:59:51,075 | INFO | execution_binance_main |     var_period: 5
2026-02-11 09:59:51,075 | INFO | execution_binance_main |     bbands_period: 5
2026-02-11 09:59:51,075 | INFO | execution_binance_main |     kama_period: 10
2026-02-11 09:59:51,076 | INFO | execution_binance_main |     sma_period: 30
2026-02-11 09:59:51,076 | INFO | execution_binance_main |     adxr_period: 14
2026-02-11 09:59:51,077 | INFO | execution_binance_main |     apo_period: 12
2026-02-11 09:59:51,077 | INFO | execution_binance_main |     macdext_fastperiod: 12
2026-02-11 09:59:51,077 | INFO | execution_binance_main |     macdext_slowperiod: 26
2026-02-11 09:59:51,077 | INFO | execution_binance_main |     macdext_signalperiod: 9
2026-02-11 09:59:51,080 | INFO | execution_binance_main |     mfi_period: 14
2026-02-11 09:59:51,080 | INFO | execution_binance_main |     mom_period: 10
2026-02-11 09:59:51,080 | INFO | execution_binance_main |     rsi_period: 14
2026-02-11 09:59:51,081 | INFO | execution_binance_main |     linearreg_period: 14
2026-02-11 09:59:51,081 | INFO | execution_binance_main |     linearreg_angle_period: 14
2026-02-11 09:59:51,082 | INFO | execution_binance_main |     cmo_period: 14
2026-02-11 09:59:51,082 | INFO | execution_binance_main |     macd_fastperiod: 12
2026-02-11 09:59:51,082 | INFO | execution_binance_main |     macd_slowperiod: 26
2026-02-11 09:59:51,083 | INFO | execution_binance_main |     macd_signalperiod: 9
2026-02-11 09:59:51,083 | INFO | execution_binance_main |     minus_di_period: 14
2026-02-11 09:59:51,084 | INFO | execution_binance_main |     rocp_period: 10
2026-02-11 09:59:51,085 | INFO | execution_binance_main |     stochrsi_period: 14
2026-02-11 09:59:51,086 | INFO | execution_binance_main |     dx_period: 14
2026-02-11 09:59:51,086 | INFO | execution_binance_main |     rocr100_period: 10
2026-02-11 09:59:51,087 | INFO | execution_binance_main |     linearreg_intercept_period: 14
2026-02-11 09:59:51,089 | INFO | execution_binance_main | Strategy sig_1h_btc_29 → Highest window value among specified patterns: 30
2026-02-11 09:59:51,093 | INFO | execution_binance_main | Strategy sig_1h_btc_30 → ALL columns:
2026-02-11 09:59:51,094 | INFO | execution_binance_main |     strategy: sig_1h_btc_30
2026-02-11 09:59:51,094 | INFO | execution_binance_main |     tp: 3
2026-02-11 09:59:51,094 | INFO | execution_binance_main |     sl: 1
2026-02-11 09:59:51,096 | INFO | execution_binance_main |     symbol: btc
2026-02-11 09:59:51,096 | INFO | execution_binance_main |     timehorizon: 1h
2026-02-11 09:59:51,097 | INFO | execution_binance_main |     pnl_sum: 3501.56
2026-02-11 09:59:51,097 | INFO | execution_binance_main |     bbands: True
2026-02-11 09:59:51,097 | INFO | execution_binance_main |     dema: True
2026-02-11 09:59:51,098 | INFO | execution_binance_main |     ema: True
2026-02-11 09:59:51,098 | INFO | execution_binance_main |     kama: True
2026-02-11 09:59:51,099 | INFO | execution_binance_main |     ma: True
2026-02-11 09:59:51,099 | INFO | execution_binance_main |     mama: True
2026-02-11 09:59:51,099 | INFO | execution_binance_main |     midprice: True
2026-02-11 09:59:51,100 | INFO | execution_binance_main |     sar: True
2026-02-11 09:59:51,101 | INFO | execution_binance_main |     wma: True
2026-02-11 09:59:51,101 | INFO | execution_binance_main |     bop: True
2026-02-11 09:59:51,102 | INFO | execution_binance_main |     mfi: True
2026-02-11 09:59:51,102 | INFO | execution_binance_main |     plus_di: True
2026-02-11 09:59:51,103 | INFO | execution_binance_main |     plus_dm: True
2026-02-11 09:59:51,103 | INFO | execution_binance_main |     rocr: True
2026-02-11 09:59:51,105 | INFO | execution_binance_main |     rocr100: True
2026-02-11 09:59:51,105 | INFO | execution_binance_main |     rsi: True
2026-02-11 09:59:51,107 | INFO | execution_binance_main |     stoch: True
2026-02-11 09:59:51,107 | INFO | execution_binance_main |     stochf: True
2026-02-11 09:59:51,109 | INFO | execution_binance_main |     trix: True
2026-02-11 09:59:51,109 | INFO | execution_binance_main |     ad: True
2026-02-11 09:59:51,109 | INFO | execution_binance_main |     obv: True
2026-02-11 09:59:51,110 | INFO | execution_binance_main |     natr: True
2026-02-11 09:59:51,110 | INFO | execution_binance_main |     trange: True
2026-02-11 09:59:51,111 | INFO | execution_binance_main |     medprice: True
2026-02-11 09:59:51,111 | INFO | execution_binance_main |     typprice: True
2026-02-11 09:59:51,112 | INFO | execution_binance_main |     wclprice: True
2026-02-11 09:59:51,112 | INFO | execution_binance_main |     ht_dcperiod: True
2026-02-11 09:59:51,112 | INFO | execution_binance_main |     ht_dcphase: True
2026-02-11 09:59:51,114 | INFO | execution_binance_main |     ht_sine: True
2026-02-11 09:59:51,114 | INFO | execution_binance_main |     ht_trendmode: True
2026-02-11 09:59:51,115 | INFO | execution_binance_main |     linearreg_slope: True
2026-02-11 09:59:51,115 | INFO | execution_binance_main |     tsf: True
2026-02-11 09:59:51,116 | INFO | execution_binance_main |     var: True
2026-02-11 09:59:51,116 | INFO | execution_binance_main |     cdl3blackcrows: True
2026-02-11 09:59:51,117 | INFO | execution_binance_main |     cdl3linestrike: True
2026-02-11 09:59:51,117 | INFO | execution_binance_main |     cdl3outside: True
2026-02-11 09:59:51,118 | INFO | execution_binance_main |     cdl3starsinsouth: True
2026-02-11 09:59:51,119 | INFO | execution_binance_main |     cdl3whitesoldiers: True
2026-02-11 09:59:51,119 | INFO | execution_binance_main |     cdlabandonedbaby: True
2026-02-11 09:59:51,121 | INFO | execution_binance_main |     cdladvanceblock: True
2026-02-11 09:59:51,122 | INFO | execution_binance_main |     cdldoji: True
2026-02-11 09:59:51,122 | INFO | execution_binance_main |     cdlengulfing: True
2026-02-11 09:59:51,124 | INFO | execution_binance_main |     cdlgravestonedoji: True
2026-02-11 09:59:51,124 | INFO | execution_binance_main |     cdlhammer: True
2026-02-11 09:59:51,124 | INFO | execution_binance_main |     cdlhangingman: True
2026-02-11 09:59:51,125 | INFO | execution_binance_main |     cdlharami: True
2026-02-11 09:59:51,125 | INFO | execution_binance_main |     cdlhighwave: True
2026-02-11 09:59:51,126 | INFO | execution_binance_main |     cdlhikkakemod: True
2026-02-11 09:59:51,126 | INFO | execution_binance_main |     cdlhomingpigeon: True
2026-02-11 09:59:51,126 | INFO | execution_binance_main |     cdlidentical3crows: True
2026-02-11 09:59:51,127 | INFO | execution_binance_main |     cdlinneck: True
2026-02-11 09:59:51,127 | INFO | execution_binance_main |     cdlinvertedhammer: True
2026-02-11 09:59:51,127 | INFO | execution_binance_main |     cdlkicking: True
2026-02-11 09:59:51,129 | INFO | execution_binance_main |     cdllongleggeddoji: True
2026-02-11 09:59:51,129 | INFO | execution_binance_main |     cdllongline: True
2026-02-11 09:59:51,129 | INFO | execution_binance_main |     cdlmarubozu: True
2026-02-11 09:59:51,130 | INFO | execution_binance_main |     cdlmorningstar: True
2026-02-11 09:59:51,130 | INFO | execution_binance_main |     cdlrisefall3methods: True
2026-02-11 09:59:51,131 | INFO | execution_binance_main |     cdlshootingstar: True
2026-02-11 09:59:51,131 | INFO | execution_binance_main |     cdlsticksandwich: True
2026-02-11 09:59:51,131 | INFO | execution_binance_main |     cdltristar: True
2026-02-11 09:59:51,132 | INFO | execution_binance_main |     cdlunique3river: True
2026-02-11 09:59:51,132 | INFO | execution_binance_main |     cdlxsidegap3methods: True
2026-02-11 09:59:51,132 | INFO | execution_binance_main |     ema_period: 30
2026-02-11 09:59:51,134 | INFO | execution_binance_main |     midprice_period: 14
2026-02-11 09:59:51,135 | INFO | execution_binance_main |     wma_period: 30
2026-02-11 09:59:51,136 | INFO | execution_binance_main |     plus_di_period: 14
2026-02-11 09:59:51,136 | INFO | execution_binance_main |     plus_dm_period: 14
2026-02-11 09:59:51,137 | INFO | execution_binance_main |     stochf_fastperiod: 14
2026-02-11 09:59:51,137 | INFO | execution_binance_main |     stochf_slowperiod: 3
2026-02-11 09:59:51,138 | INFO | execution_binance_main |     trix_period: 14
2026-02-11 09:59:51,138 | INFO | execution_binance_main |     linearreg_slope_period: 14
2026-02-11 09:59:51,140 | INFO | execution_binance_main |     tsf_period: 14
2026-02-11 09:59:51,141 | INFO | execution_binance_main |     var_period: 5
2026-02-11 09:59:51,141 | INFO | execution_binance_main |     bbands_period: 5
2026-02-11 09:59:51,142 | INFO | execution_binance_main |     dema_period: 30
2026-02-11 09:59:51,142 | INFO | execution_binance_main |     kama_period: 10
2026-02-11 09:59:51,143 | INFO | execution_binance_main |     mfi_period: 14
2026-02-11 09:59:51,143 | INFO | execution_binance_main |     rocr_period: 10
2026-02-11 09:59:51,143 | INFO | execution_binance_main |     rsi_period: 14
2026-02-11 09:59:51,145 | INFO | execution_binance_main |     natr_period: 14
2026-02-11 09:59:51,145 | INFO | execution_binance_main |     ma_period: 30
2026-02-11 09:59:51,145 | INFO | execution_binance_main |     stoch_fastk_period: 14
2026-02-11 09:59:51,146 | INFO | execution_binance_main |     stoch_slowk_period: 3
2026-02-11 09:59:51,147 | INFO | execution_binance_main |     stoch_slowd_period: 3
2026-02-11 09:59:51,147 | INFO | execution_binance_main |     rocr100_period: 10
2026-02-11 09:59:51,148 | INFO | execution_binance_main | Strategy sig_1h_btc_30 → Highest window value among specified patterns: 30
2026-02-11 09:59:51,156 | INFO | execution_binance_main | Strategy sig_1h_btc_31 → ALL columns:
2026-02-11 09:59:51,157 | INFO | execution_binance_main |     strategy: sig_1h_btc_31
2026-02-11 09:59:51,157 | INFO | execution_binance_main |     tp: 3
2026-02-11 09:59:51,157 | INFO | execution_binance_main |     sl: 1
2026-02-11 09:59:51,159 | INFO | execution_binance_main |     symbol: btc
2026-02-11 09:59:51,159 | INFO | execution_binance_main |     timehorizon: 1h
2026-02-11 09:59:51,159 | INFO | execution_binance_main |     pnl_sum: 3387.46
2026-02-11 09:59:51,160 | INFO | execution_binance_main |     bbands: True
2026-02-11 09:59:51,160 | INFO | execution_binance_main |     dema: True
2026-02-11 09:59:51,161 | INFO | execution_binance_main |     ema: True
2026-02-11 09:59:51,161 | INFO | execution_binance_main |     ht_trendline: True
2026-02-11 09:59:51,162 | INFO | execution_binance_main |     ma: True
2026-02-11 09:59:51,163 | INFO | execution_binance_main |     mama: True
2026-02-11 09:59:51,163 | INFO | execution_binance_main |     midprice: True
2026-02-11 09:59:51,163 | INFO | execution_binance_main |     sar: True
2026-02-11 09:59:51,164 | INFO | execution_binance_main |     tema: True
2026-02-11 09:59:51,164 | INFO | execution_binance_main |     trima: True
2026-02-11 09:59:51,165 | INFO | execution_binance_main |     adxr: True
2026-02-11 09:59:51,165 | INFO | execution_binance_main |     bop: True
2026-02-11 09:59:51,165 | INFO | execution_binance_main |     cci: True
2026-02-11 09:59:51,165 | INFO | execution_binance_main |     cmo: True
2026-02-11 09:59:51,167 | INFO | execution_binance_main |     macd: True
2026-02-11 09:59:51,168 | INFO | execution_binance_main |     macdext: True
2026-02-11 09:59:51,168 | INFO | execution_binance_main |     minus_dm: True
2026-02-11 09:59:51,169 | INFO | execution_binance_main |     mom: True
2026-02-11 09:59:51,169 | INFO | execution_binance_main |     plus_di: True
2026-02-11 09:59:51,170 | INFO | execution_binance_main |     roc: True
2026-02-11 09:59:51,171 | INFO | execution_binance_main |     rocr100: True
2026-02-11 09:59:51,171 | INFO | execution_binance_main |     stoch: True
2026-02-11 09:59:51,173 | INFO | execution_binance_main |     stochrsi: True
2026-02-11 09:59:51,173 | INFO | execution_binance_main |     willr: True
2026-02-11 09:59:51,175 | INFO | execution_binance_main |     obv: True
2026-02-11 09:59:51,215 | INFO | execution_binance_main |     atr: True
2026-02-11 09:59:51,225 | INFO | execution_binance_main |     trange: True
2026-02-11 09:59:51,270 | INFO | execution_binance_main |     avgprice: True
2026-02-11 09:59:51,270 | INFO | execution_binance_main |     medprice: True
2026-02-11 09:59:51,270 | INFO | execution_binance_main |     typprice: True
2026-02-11 09:59:51,270 | INFO | execution_binance_main |     wclprice: True
2026-02-11 09:59:51,274 | INFO | execution_binance_main |     ht_sine: True
2026-02-11 09:59:51,274 | INFO | execution_binance_main |     ht_trendmode: True
2026-02-11 09:59:51,274 | INFO | execution_binance_main |     linearreg: True
2026-02-11 09:59:51,274 | INFO | execution_binance_main |     stddev: True
2026-02-11 09:59:51,274 | INFO | execution_binance_main |     tsf: True
2026-02-11 09:59:51,276 | INFO | execution_binance_main |     var: True
2026-02-11 09:59:51,276 | INFO | execution_binance_main |     cdl3blackcrows: True
2026-02-11 09:59:51,276 | INFO | execution_binance_main |     cdl3linestrike: True
2026-02-11 09:59:51,276 | INFO | execution_binance_main |     cdl3outside: True
2026-02-11 09:59:51,278 | INFO | execution_binance_main |     cdlabandonedbaby: True
2026-02-11 09:59:51,278 | INFO | execution_binance_main |     cdlbelthold: True
2026-02-11 09:59:51,278 | INFO | execution_binance_main |     cdlclosingmarubozu: True
2026-02-11 09:59:51,278 | INFO | execution_binance_main |     cdlcounterattack: True
2026-02-11 09:59:51,278 | INFO | execution_binance_main |     cdldoji: True
2026-02-11 09:59:51,278 | INFO | execution_binance_main |     cdldojistar: True
2026-02-11 09:59:51,280 | INFO | execution_binance_main |     cdleveningstar: True
2026-02-11 09:59:51,280 | INFO | execution_binance_main |     cdlgapsidesidewhite: True
2026-02-11 09:59:51,280 | INFO | execution_binance_main |     cdlgravestonedoji: True
2026-02-11 09:59:51,280 | INFO | execution_binance_main |     cdlharami: True
2026-02-11 09:59:51,282 | INFO | execution_binance_main |     cdlharamicross: True
2026-02-11 09:59:51,282 | INFO | execution_binance_main |     cdlhighwave: True
2026-02-11 09:59:51,284 | INFO | execution_binance_main |     cdlhomingpigeon: True
2026-02-11 09:59:51,284 | INFO | execution_binance_main |     cdlinneck: True
2026-02-11 09:59:51,285 | INFO | execution_binance_main |     cdlinvertedhammer: True
2026-02-11 09:59:51,286 | INFO | execution_binance_main |     cdllongleggeddoji: True
2026-02-11 09:59:51,286 | INFO | execution_binance_main |     cdlmarubozu: True
2026-02-11 09:59:51,287 | INFO | execution_binance_main |     cdlmatchinglow: True
2026-02-11 09:59:51,287 | INFO | execution_binance_main |     cdlmathold: True
2026-02-11 09:59:51,288 | INFO | execution_binance_main |     cdlonneck: True
2026-02-11 09:59:51,288 | INFO | execution_binance_main |     cdlpiercing: True
2026-02-11 09:59:51,289 | INFO | execution_binance_main |     cdlrisefall3methods: True
2026-02-11 09:59:51,289 | INFO | execution_binance_main |     cdlseparatinglines: True
2026-02-11 09:59:51,290 | INFO | execution_binance_main |     cdlshortline: True
2026-02-11 09:59:51,290 | INFO | execution_binance_main |     cdlstalledpattern: True
2026-02-11 09:59:51,291 | INFO | execution_binance_main |     cdltakuri: True
2026-02-11 09:59:51,291 | INFO | execution_binance_main |     cdltasukigap: True
2026-02-11 09:59:51,292 | INFO | execution_binance_main |     cdlunique3river: True
2026-02-11 09:59:51,292 | INFO | execution_binance_main |     ema_period: 30
2026-02-11 09:59:51,292 | INFO | execution_binance_main |     midprice_period: 14
2026-02-11 09:59:51,293 | INFO | execution_binance_main |     trima_period: 30
2026-02-11 09:59:51,293 | INFO | execution_binance_main |     cci_period: 14
2026-02-11 09:59:51,294 | INFO | execution_binance_main |     minus_dm_period: 14
2026-02-11 09:59:51,309 | INFO | execution_binance_main |     plus_di_period: 14
2026-02-11 09:59:51,309 | INFO | execution_binance_main |     roc_period: 10
2026-02-11 09:59:51,313 | INFO | execution_binance_main |     willr_period: 14
2026-02-11 09:59:51,313 | INFO | execution_binance_main |     stddev_period: 5
2026-02-11 09:59:51,313 | INFO | execution_binance_main |     tsf_period: 14
2026-02-11 09:59:51,314 | INFO | execution_binance_main |     var_period: 5
2026-02-11 09:59:51,314 | INFO | execution_binance_main |     bbands_period: 5
2026-02-11 09:59:51,315 | INFO | execution_binance_main |     dema_period: 30
2026-02-11 09:59:51,316 | INFO | execution_binance_main |     tema_period: 30
2026-02-11 09:59:51,316 | INFO | execution_binance_main |     adxr_period: 14
2026-02-11 09:59:51,317 | INFO | execution_binance_main |     macdext_fastperiod: 12
2026-02-11 09:59:51,317 | INFO | execution_binance_main |     macdext_slowperiod: 26
2026-02-11 09:59:51,318 | INFO | execution_binance_main |     macdext_signalperiod: 9
2026-02-11 09:59:51,319 | INFO | execution_binance_main |     mom_period: 10
2026-02-11 09:59:51,320 | INFO | execution_binance_main |     atr_period: 14
2026-02-11 09:59:51,320 | INFO | execution_binance_main |     linearreg_period: 14
2026-02-11 09:59:51,321 | INFO | execution_binance_main |     ma_period: 30
2026-02-11 09:59:51,321 | INFO | execution_binance_main |     cmo_period: 14
2026-02-11 09:59:51,321 | INFO | execution_binance_main |     macd_fastperiod: 12
2026-02-11 09:59:51,322 | INFO | execution_binance_main |     macd_slowperiod: 26
2026-02-11 09:59:51,322 | INFO | execution_binance_main |     macd_signalperiod: 9
2026-02-11 09:59:51,323 | INFO | execution_binance_main |     stoch_fastk_period: 14
2026-02-11 09:59:51,323 | INFO | execution_binance_main |     stoch_slowk_period: 3
2026-02-11 09:59:51,324 | INFO | execution_binance_main |     stoch_slowd_period: 3
2026-02-11 09:59:51,325 | INFO | execution_binance_main |     stochrsi_period: 14
2026-02-11 09:59:51,326 | INFO | execution_binance_main |     rocr100_period: 10
2026-02-11 09:59:51,327 | INFO | execution_binance_main | Strategy sig_1h_btc_31 → Highest window value among specified patterns: 30
2026-02-11 09:59:51,331 | INFO | execution_binance_main | Strategy sig_1h_btc_32 → ALL columns:
2026-02-11 09:59:51,331 | INFO | execution_binance_main |     strategy: sig_1h_btc_32
2026-02-11 09:59:51,334 | INFO | execution_binance_main |     tp: 3
2026-02-11 09:59:51,334 | INFO | execution_binance_main |     sl: 1
2026-02-11 09:59:51,335 | INFO | execution_binance_main |     symbol: btc
2026-02-11 09:59:51,336 | INFO | execution_binance_main |     timehorizon: 1h
2026-02-11 09:59:51,336 | INFO | execution_binance_main |     pnl_sum: 3055.41
2026-02-11 09:59:51,337 | INFO | execution_binance_main |     bbands: True
2026-02-11 09:59:51,337 | INFO | execution_binance_main |     kama: True
2026-02-11 09:59:51,338 | INFO | execution_binance_main |     mama: True
2026-02-11 09:59:51,339 | INFO | execution_binance_main |     sarext: True
2026-02-11 09:59:51,341 | INFO | execution_binance_main |     t3: True
2026-02-11 09:59:51,341 | INFO | execution_binance_main |     wma: True
2026-02-11 09:59:51,341 | INFO | execution_binance_main |     adx: True
2026-02-11 09:59:51,341 | INFO | execution_binance_main |     aroon: True
2026-02-11 09:59:51,341 | INFO | execution_binance_main |     aroonosc: True
2026-02-11 09:59:51,342 | INFO | execution_binance_main |     mfi: True
2026-02-11 09:59:51,342 | INFO | execution_binance_main |     mom: True
2026-02-11 09:59:51,342 | INFO | execution_binance_main |     ppo: True
2026-02-11 09:59:51,342 | INFO | execution_binance_main |     roc: True
2026-02-11 09:59:51,342 | INFO | execution_binance_main |     rocr100: True
2026-02-11 09:59:51,342 | INFO | execution_binance_main |     rsi: True
2026-02-11 09:59:51,342 | INFO | execution_binance_main |     stoch: True
2026-02-11 09:59:51,345 | INFO | execution_binance_main |     stochf: True
2026-02-11 09:59:51,345 | INFO | execution_binance_main |     stochrsi: True
2026-02-11 09:59:51,345 | INFO | execution_binance_main |     trix: True
2026-02-11 09:59:51,346 | INFO | execution_binance_main |     willr: True
2026-02-11 09:59:51,346 | INFO | execution_binance_main |     ad: True
2026-02-11 09:59:51,346 | INFO | execution_binance_main |     adosc: True
2026-02-11 09:59:51,347 | INFO | execution_binance_main |     obv: True
2026-02-11 09:59:51,347 | INFO | execution_binance_main |     atr: True
2026-02-11 09:59:51,347 | INFO | execution_binance_main |     natr: True
2026-02-11 09:59:51,348 | INFO | execution_binance_main |     avgprice: True
2026-02-11 09:59:51,348 | INFO | execution_binance_main |     wclprice: True
2026-02-11 09:59:51,348 | INFO | execution_binance_main |     ht_dcperiod: True
2026-02-11 09:59:51,349 | INFO | execution_binance_main |     ht_dcphase: True
2026-02-11 09:59:51,350 | INFO | execution_binance_main |     ht_phasor: True
2026-02-11 09:59:51,350 | INFO | execution_binance_main |     linearreg_intercept: True
2026-02-11 09:59:51,351 | INFO | execution_binance_main |     linearreg_slope: True
2026-02-11 09:59:51,351 | INFO | execution_binance_main |     var: True
2026-02-11 09:59:51,352 | INFO | execution_binance_main |     cdl2crows: True
2026-02-11 09:59:51,353 | INFO | execution_binance_main |     cdl3blackcrows: True
2026-02-11 09:59:51,353 | INFO | execution_binance_main |     cdl3whitesoldiers: True
2026-02-11 09:59:51,353 | INFO | execution_binance_main |     cdlabandonedbaby: True
2026-02-11 09:59:51,355 | INFO | execution_binance_main |     cdlbelthold: True
2026-02-11 09:59:51,355 | INFO | execution_binance_main |     cdlconcealbabyswall: True
2026-02-11 09:59:51,357 | INFO | execution_binance_main |     cdlcounterattack: True
2026-02-11 09:59:51,357 | INFO | execution_binance_main |     cdldoji: True
2026-02-11 09:59:51,357 | INFO | execution_binance_main |     cdldragonflydoji: True
2026-02-11 09:59:51,357 | INFO | execution_binance_main |     cdleveningstar: True
2026-02-11 09:59:51,358 | INFO | execution_binance_main |     cdlgravestonedoji: True
2026-02-11 09:59:51,358 | INFO | execution_binance_main |     cdlharami: True
2026-02-11 09:59:51,358 | INFO | execution_binance_main |     cdlhighwave: True
2026-02-11 09:59:51,359 | INFO | execution_binance_main |     cdlidentical3crows: True
2026-02-11 09:59:51,359 | INFO | execution_binance_main |     cdlinneck: True
2026-02-11 09:59:51,359 | INFO | execution_binance_main |     cdlinvertedhammer: True
2026-02-11 09:59:51,360 | INFO | execution_binance_main |     cdlkicking: True
2026-02-11 09:59:51,360 | INFO | execution_binance_main |     cdlkickingbylength: True
2026-02-11 09:59:51,360 | INFO | execution_binance_main |     cdllongline: True
2026-02-11 09:59:51,360 | INFO | execution_binance_main |     cdlmathold: True
2026-02-11 09:59:51,360 | INFO | execution_binance_main |     cdlmorningdojistar: True
2026-02-11 09:59:51,360 | INFO | execution_binance_main |     cdlmorningstar: True
2026-02-11 09:59:51,360 | INFO | execution_binance_main |     cdlonneck: True
2026-02-11 09:59:51,363 | INFO | execution_binance_main |     cdlrickshawman: True
2026-02-11 09:59:51,363 | INFO | execution_binance_main |     cdlrisefall3methods: True
2026-02-11 09:59:51,363 | INFO | execution_binance_main |     cdlseparatinglines: True
2026-02-11 09:59:51,363 | INFO | execution_binance_main |     cdlshortline: True
2026-02-11 09:59:51,363 | INFO | execution_binance_main |     cdlunique3river: True
2026-02-11 09:59:51,365 | INFO | execution_binance_main |     cdlxsidegap3methods: True
2026-02-11 09:59:51,365 | INFO | execution_binance_main |     wma_period: 30
2026-02-11 09:59:51,365 | INFO | execution_binance_main |     aroonosc_period: 14
2026-02-11 09:59:51,366 | INFO | execution_binance_main |     ppo_fastperiod: 12
2026-02-11 09:59:51,366 | INFO | execution_binance_main |     ppo_slowperiod: 26
2026-02-11 09:59:51,367 | INFO | execution_binance_main |     roc_period: 10
2026-02-11 09:59:51,368 | INFO | execution_binance_main |     stochf_fastperiod: 14
2026-02-11 09:59:51,368 | INFO | execution_binance_main |     stochf_slowperiod: 3
2026-02-11 09:59:51,370 | INFO | execution_binance_main |     trix_period: 14
2026-02-11 09:59:51,370 | INFO | execution_binance_main |     willr_period: 14
2026-02-11 09:59:51,370 | INFO | execution_binance_main |     adosc_fastperiod: 3
2026-02-11 09:59:51,370 | INFO | execution_binance_main |     adosc_slowperiod: 10
2026-02-11 09:59:51,370 | INFO | execution_binance_main |     linearreg_slope_period: 14
2026-02-11 09:59:51,370 | INFO | execution_binance_main |     var_period: 5
2026-02-11 09:59:51,370 | INFO | execution_binance_main |     bbands_period: 5
2026-02-11 09:59:51,370 | INFO | execution_binance_main |     kama_period: 10
2026-02-11 09:59:51,370 | INFO | execution_binance_main |     aroon_period: 14
2026-02-11 09:59:51,375 | INFO | execution_binance_main |     mfi_period: 14
2026-02-11 09:59:51,375 | INFO | execution_binance_main |     mom_period: 10
2026-02-11 09:59:51,376 | INFO | execution_binance_main |     rsi_period: 14
2026-02-11 09:59:51,376 | INFO | execution_binance_main |     atr_period: 14
2026-02-11 09:59:51,377 | INFO | execution_binance_main |     natr_period: 14
2026-02-11 09:59:51,377 | INFO | execution_binance_main |     t3_period: 14
2026-02-11 09:59:51,377 | INFO | execution_binance_main |     stoch_fastk_period: 14
2026-02-11 09:59:51,378 | INFO | execution_binance_main |     stoch_slowk_period: 3
2026-02-11 09:59:51,378 | INFO | execution_binance_main |     stoch_slowd_period: 3
2026-02-11 09:59:51,379 | INFO | execution_binance_main |     stochrsi_period: 14
2026-02-11 09:59:51,379 | INFO | execution_binance_main |     adx_period: 14
2026-02-11 09:59:51,379 | INFO | execution_binance_main |     rocr100_period: 10
2026-02-11 09:59:51,379 | INFO | execution_binance_main |     linearreg_intercept_period: 14
2026-02-11 09:59:51,379 | INFO | execution_binance_main | Strategy sig_1h_btc_32 → Highest window value among specified patterns: 30
2026-02-11 09:59:51,386 | INFO | execution_binance_main | Strategy sig_1h_btc_33 → ALL columns:
2026-02-11 09:59:51,387 | INFO | execution_binance_main |     strategy: sig_1h_btc_33
2026-02-11 09:59:51,388 | INFO | execution_binance_main |     tp: 3
2026-02-11 09:59:51,388 | INFO | execution_binance_main |     sl: 1
2026-02-11 09:59:51,389 | INFO | execution_binance_main |     symbol: btc
2026-02-11 09:59:51,389 | INFO | execution_binance_main |     timehorizon: 1h
2026-02-11 09:59:51,389 | INFO | execution_binance_main |     pnl_sum: 2510.43
2026-02-11 09:59:51,390 | INFO | execution_binance_main |     dema: True
2026-02-11 09:59:51,390 | INFO | execution_binance_main |     ema: True
2026-02-11 09:59:51,390 | INFO | execution_binance_main |     ht_trendline: True
2026-02-11 09:59:51,390 | INFO | execution_binance_main |     ma: True
2026-02-11 09:59:51,391 | INFO | execution_binance_main |     mama: True
2026-02-11 09:59:51,391 | INFO | execution_binance_main |     midprice: True
2026-02-11 09:59:51,391 | INFO | execution_binance_main |     sar: True
2026-02-11 09:59:51,392 | INFO | execution_binance_main |     trima: True
2026-02-11 09:59:51,392 | INFO | execution_binance_main |     adxr: True
2026-02-11 09:59:51,392 | INFO | execution_binance_main |     dx: True
2026-02-11 09:59:51,392 | INFO | execution_binance_main |     macd: True
2026-02-11 09:59:51,394 | INFO | execution_binance_main |     mfi: True
2026-02-11 09:59:51,394 | INFO | execution_binance_main |     mom: True
2026-02-11 09:59:51,394 | INFO | execution_binance_main |     plus_di: True
2026-02-11 09:59:51,395 | INFO | execution_binance_main |     plus_dm: True
2026-02-11 09:59:51,395 | INFO | execution_binance_main |     ppo: True
2026-02-11 09:59:51,396 | INFO | execution_binance_main |     roc: True
2026-02-11 09:59:51,396 | INFO | execution_binance_main |     rocr100: True
2026-02-11 09:59:51,396 | INFO | execution_binance_main |     stoch: True
2026-02-11 09:59:51,396 | INFO | execution_binance_main |     trix: True
2026-02-11 09:59:51,396 | INFO | execution_binance_main |     natr: True
2026-02-11 09:59:51,397 | INFO | execution_binance_main |     avgprice: True
2026-02-11 09:59:51,397 | INFO | execution_binance_main |     typprice: True
2026-02-11 09:59:51,397 | INFO | execution_binance_main |     ht_phasor: True
2026-02-11 09:59:51,398 | INFO | execution_binance_main |     ht_sine: True
2026-02-11 09:59:51,398 | INFO | execution_binance_main |     ht_trendmode: True
2026-02-11 09:59:51,398 | INFO | execution_binance_main |     linearreg: True
2026-02-11 09:59:51,400 | INFO | execution_binance_main |     linearreg_angle: True
2026-02-11 09:59:51,401 | INFO | execution_binance_main |     linearreg_slope: True
2026-02-11 09:59:51,401 | INFO | execution_binance_main |     stddev: True
2026-02-11 09:59:51,402 | INFO | execution_binance_main |     tsf: True
2026-02-11 09:59:51,402 | INFO | execution_binance_main |     cdl3blackcrows: True
2026-02-11 09:59:51,403 | INFO | execution_binance_main |     cdl3linestrike: True
2026-02-11 09:59:51,403 | INFO | execution_binance_main |     cdl3outside: True
2026-02-11 09:59:51,406 | INFO | execution_binance_main |     cdl3starsinsouth: True
2026-02-11 09:59:51,406 | INFO | execution_binance_main |     cdl3whitesoldiers: True
2026-02-11 09:59:51,407 | INFO | execution_binance_main |     cdlabandonedbaby: True
2026-02-11 09:59:51,407 | INFO | execution_binance_main |     cdladvanceblock: True
2026-02-11 09:59:51,408 | INFO | execution_binance_main |     cdlbreakaway: True
2026-02-11 09:59:51,408 | INFO | execution_binance_main |     cdldoji: True
2026-02-11 09:59:51,408 | INFO | execution_binance_main |     cdlgravestonedoji: True
2026-02-11 09:59:51,409 | INFO | execution_binance_main |     cdlhangingman: True
2026-02-11 09:59:51,409 | INFO | execution_binance_main |     cdlhighwave: True
2026-02-11 09:59:51,410 | INFO | execution_binance_main |     cdlhikkake: True
2026-02-11 09:59:51,410 | INFO | execution_binance_main |     cdlhomingpigeon: True
2026-02-11 09:59:51,410 | INFO | execution_binance_main |     cdlidentical3crows: True
2026-02-11 09:59:51,410 | INFO | execution_binance_main |     cdlkicking: True
2026-02-11 09:59:51,410 | INFO | execution_binance_main |     cdlladderbottom: True
2026-02-11 09:59:51,410 | INFO | execution_binance_main |     cdllongline: True
2026-02-11 09:59:51,410 | INFO | execution_binance_main |     cdlmarubozu: True
2026-02-11 09:59:51,410 | INFO | execution_binance_main |     cdlmathold: True
2026-02-11 09:59:51,410 | INFO | execution_binance_main |     cdlmorningstar: True
2026-02-11 09:59:51,410 | INFO | execution_binance_main |     cdlonneck: True
2026-02-11 09:59:51,410 | INFO | execution_binance_main |     cdlpiercing: True
2026-02-11 09:59:51,410 | INFO | execution_binance_main |     cdlrickshawman: True
2026-02-11 09:59:51,410 | INFO | execution_binance_main |     cdlshootingstar: True
2026-02-11 09:59:51,410 | INFO | execution_binance_main |     cdltasukigap: True
2026-02-11 09:59:51,410 | INFO | execution_binance_main |     cdltristar: True
2026-02-11 09:59:51,410 | INFO | execution_binance_main |     cdlunique3river: True
2026-02-11 09:59:51,415 | INFO | execution_binance_main |     cdlxsidegap3methods: True
2026-02-11 09:59:51,415 | INFO | execution_binance_main |     ema_period: 30
2026-02-11 09:59:51,415 | INFO | execution_binance_main |     midprice_period: 14
2026-02-11 09:59:51,415 | INFO | execution_binance_main |     trima_period: 30
2026-02-11 09:59:51,417 | INFO | execution_binance_main |     plus_di_period: 14
2026-02-11 09:59:51,417 | INFO | execution_binance_main |     plus_dm_period: 14
2026-02-11 09:59:51,417 | INFO | execution_binance_main |     ppo_fastperiod: 12
2026-02-11 09:59:51,418 | INFO | execution_binance_main |     ppo_slowperiod: 26
2026-02-11 09:59:51,419 | INFO | execution_binance_main |     roc_period: 10
2026-02-11 09:59:51,419 | INFO | execution_binance_main |     trix_period: 14
2026-02-11 09:59:51,419 | INFO | execution_binance_main |     linearreg_slope_period: 14
2026-02-11 09:59:51,419 | INFO | execution_binance_main |     stddev_period: 5
2026-02-11 09:59:51,419 | INFO | execution_binance_main |     tsf_period: 14
2026-02-11 09:59:51,419 | INFO | execution_binance_main |     dema_period: 30
2026-02-11 09:59:51,419 | INFO | execution_binance_main |     adxr_period: 14
2026-02-11 09:59:51,419 | INFO | execution_binance_main |     mfi_period: 14
2026-02-11 09:59:51,419 | INFO | execution_binance_main |     mom_period: 10
2026-02-11 09:59:51,419 | INFO | execution_binance_main |     natr_period: 14
2026-02-11 09:59:51,419 | INFO | execution_binance_main |     linearreg_period: 14
2026-02-11 09:59:51,419 | INFO | execution_binance_main |     linearreg_angle_period: 14
2026-02-11 09:59:51,419 | INFO | execution_binance_main |     ma_period: 30
2026-02-11 09:59:51,419 | INFO | execution_binance_main |     macd_fastperiod: 12
2026-02-11 09:59:51,419 | INFO | execution_binance_main |     macd_slowperiod: 26
2026-02-11 09:59:51,419 | INFO | execution_binance_main |     macd_signalperiod: 9
2026-02-11 09:59:51,419 | INFO | execution_binance_main |     stoch_fastk_period: 14
2026-02-11 09:59:51,419 | INFO | execution_binance_main |     stoch_slowk_period: 3
2026-02-11 09:59:51,419 | INFO | execution_binance_main |     stoch_slowd_period: 3
2026-02-11 09:59:51,427 | INFO | execution_binance_main |     dx_period: 14
2026-02-11 09:59:51,427 | INFO | execution_binance_main |     rocr100_period: 10
2026-02-11 09:59:51,427 | INFO | execution_binance_main | Strategy sig_1h_btc_33 → Highest window value among specified patterns: 30
2026-02-11 09:59:51,431 | INFO | execution_binance_main | Strategy sig_1h_btc_34 → ALL columns:
2026-02-11 09:59:51,432 | INFO | execution_binance_main |     strategy: sig_1h_btc_34
2026-02-11 09:59:51,432 | INFO | execution_binance_main |     tp: 3
2026-02-11 09:59:51,433 | INFO | execution_binance_main |     sl: 1
2026-02-11 09:59:51,433 | INFO | execution_binance_main |     symbol: btc
2026-02-11 09:59:51,433 | INFO | execution_binance_main |     timehorizon: 1h
2026-02-11 09:59:51,435 | INFO | execution_binance_main |     pnl_sum: 2963.93
2026-02-11 09:59:51,436 | INFO | execution_binance_main |     bbands: True
2026-02-11 09:59:51,436 | INFO | execution_binance_main |     kama: True
2026-02-11 09:59:51,436 | INFO | execution_binance_main |     midpoint: True
2026-02-11 09:59:51,436 | INFO | execution_binance_main |     midprice: True
2026-02-11 09:59:51,436 | INFO | execution_binance_main |     sar: True
2026-02-11 09:59:51,438 | INFO | execution_binance_main |     sarext: True
2026-02-11 09:59:51,438 | INFO | execution_binance_main |     tema: True
2026-02-11 09:59:51,438 | INFO | execution_binance_main |     trima: True
2026-02-11 09:59:51,438 | INFO | execution_binance_main |     apo: True
2026-02-11 09:59:51,438 | INFO | execution_binance_main |     cci: True
2026-02-11 09:59:51,438 | INFO | execution_binance_main |     mom: True
2026-02-11 09:59:51,438 | INFO | execution_binance_main |     plus_di: True
2026-02-11 09:59:51,438 | INFO | execution_binance_main |     plus_dm: True
2026-02-11 09:59:51,438 | INFO | execution_binance_main |     ppo: True
2026-02-11 09:59:51,438 | INFO | execution_binance_main |     roc: True
2026-02-11 09:59:51,438 | INFO | execution_binance_main |     rocr: True
2026-02-11 09:59:51,438 | INFO | execution_binance_main |     rocr100: True
2026-02-11 09:59:51,438 | INFO | execution_binance_main |     rsi: True
2026-02-11 09:59:51,438 | INFO | execution_binance_main |     stoch: True
2026-02-11 09:59:51,438 | INFO | execution_binance_main |     stochf: True
2026-02-11 09:59:51,438 | INFO | execution_binance_main |     stochrsi: True
2026-02-11 09:59:51,438 | INFO | execution_binance_main |     obv: True
2026-02-11 09:59:51,438 | INFO | execution_binance_main |     medprice: True
2026-02-11 09:59:51,438 | INFO | execution_binance_main |     typprice: True
2026-02-11 09:59:51,438 | INFO | execution_binance_main |     ht_dcperiod: True
2026-02-11 09:59:51,438 | INFO | execution_binance_main |     ht_phasor: True
2026-02-11 09:59:51,438 | INFO | execution_binance_main |     linearreg_slope: True
2026-02-11 09:59:51,438 | INFO | execution_binance_main |     stddev: True
2026-02-11 09:59:51,438 | INFO | execution_binance_main |     tsf: True
2026-02-11 09:59:51,438 | INFO | execution_binance_main |     cdl2crows: True
2026-02-11 09:59:51,438 | INFO | execution_binance_main |     cdl3linestrike: True
2026-02-11 09:59:51,438 | INFO | execution_binance_main |     cdl3outside: True
2026-02-11 09:59:51,438 | INFO | execution_binance_main |     cdl3whitesoldiers: True
2026-02-11 09:59:51,438 | INFO | execution_binance_main |     cdlabandonedbaby: True
2026-02-11 09:59:51,438 | INFO | execution_binance_main |     cdlbreakaway: True
2026-02-11 09:59:51,450 | INFO | execution_binance_main |     cdldarkcloudcover: True
2026-02-11 09:59:51,452 | INFO | execution_binance_main |     cdlengulfing: True
2026-02-11 09:59:51,453 | INFO | execution_binance_main |     cdleveningstar: True
2026-02-11 09:59:51,454 | INFO | execution_binance_main |     cdlgapsidesidewhite: True
2026-02-11 09:59:51,454 | INFO | execution_binance_main |     cdlgravestonedoji: True
2026-02-11 09:59:51,454 | INFO | execution_binance_main |     cdlhammer: True
2026-02-11 09:59:51,455 | INFO | execution_binance_main |     cdlhangingman: True
2026-02-11 09:59:51,455 | INFO | execution_binance_main |     cdlhikkake: True
2026-02-11 09:59:51,455 | INFO | execution_binance_main |     cdlhomingpigeon: True
2026-02-11 09:59:51,455 | INFO | execution_binance_main |     cdlidentical3crows: True
2026-02-11 09:59:51,456 | INFO | execution_binance_main |     cdllongline: True
2026-02-11 09:59:51,457 | INFO | execution_binance_main |     cdlmarubozu: True
2026-02-11 09:59:51,457 | INFO | execution_binance_main |     cdlmatchinglow: True
2026-02-11 09:59:51,457 | INFO | execution_binance_main |     cdlmorningstar: True
2026-02-11 09:59:51,457 | INFO | execution_binance_main |     cdlonneck: True
2026-02-11 09:59:51,459 | INFO | execution_binance_main |     cdlpiercing: True
2026-02-11 09:59:51,459 | INFO | execution_binance_main |     cdlrickshawman: True
2026-02-11 09:59:51,459 | INFO | execution_binance_main |     cdlseparatinglines: True
2026-02-11 09:59:51,460 | INFO | execution_binance_main |     cdlshortline: True
2026-02-11 09:59:51,460 | INFO | execution_binance_main |     cdlspinningtop: True
2026-02-11 09:59:51,460 | INFO | execution_binance_main |     cdltakuri: True
2026-02-11 09:59:51,460 | INFO | execution_binance_main |     cdlthrusting: True
2026-02-11 09:59:51,461 | INFO | execution_binance_main |     cdlxsidegap3methods: True
2026-02-11 09:59:51,461 | INFO | execution_binance_main |     midpoint_period: 14
2026-02-11 09:59:51,462 | INFO | execution_binance_main |     midprice_period: 14
2026-02-11 09:59:51,463 | INFO | execution_binance_main |     trima_period: 30
2026-02-11 09:59:51,463 | INFO | execution_binance_main |     cci_period: 14
2026-02-11 09:59:51,463 | INFO | execution_binance_main |     plus_di_period: 14
2026-02-11 09:59:51,464 | INFO | execution_binance_main |     plus_dm_period: 14
2026-02-11 09:59:51,464 | INFO | execution_binance_main |     ppo_fastperiod: 12
2026-02-11 09:59:51,465 | INFO | execution_binance_main |     ppo_slowperiod: 26
2026-02-11 09:59:51,465 | INFO | execution_binance_main |     roc_period: 10
2026-02-11 09:59:51,466 | INFO | execution_binance_main |     stochf_fastperiod: 14
2026-02-11 09:59:51,467 | INFO | execution_binance_main |     stochf_slowperiod: 3
2026-02-11 09:59:51,467 | INFO | execution_binance_main |     linearreg_slope_period: 14
2026-02-11 09:59:51,468 | INFO | execution_binance_main |     stddev_period: 5
2026-02-11 09:59:51,469 | INFO | execution_binance_main |     tsf_period: 14
2026-02-11 09:59:51,469 | INFO | execution_binance_main |     bbands_period: 5
2026-02-11 09:59:51,470 | INFO | execution_binance_main |     kama_period: 10
2026-02-11 09:59:51,470 | INFO | execution_binance_main |     tema_period: 30
2026-02-11 09:59:51,472 | INFO | execution_binance_main |     apo_period: 12
2026-02-11 09:59:51,472 | INFO | execution_binance_main |     mom_period: 10
2026-02-11 09:59:51,474 | INFO | execution_binance_main |     rocr_period: 10
2026-02-11 09:59:51,474 | INFO | execution_binance_main |     rsi_period: 14
2026-02-11 09:59:51,475 | INFO | execution_binance_main |     stoch_fastk_period: 14
2026-02-11 09:59:51,475 | INFO | execution_binance_main |     stoch_slowk_period: 3
2026-02-11 09:59:51,476 | INFO | execution_binance_main |     stoch_slowd_period: 3
2026-02-11 09:59:51,476 | INFO | execution_binance_main |     stochrsi_period: 14
2026-02-11 09:59:51,477 | INFO | execution_binance_main |     rocr100_period: 10
2026-02-11 09:59:51,477 | INFO | execution_binance_main | Strategy sig_1h_btc_34 → Highest window value among specified patterns: 30
2026-02-11 09:59:51,482 | INFO | execution_binance_main | Strategy sig_1h_btc_35 → ALL columns:
2026-02-11 09:59:51,483 | INFO | execution_binance_main |     strategy: sig_1h_btc_35
2026-02-11 09:59:51,483 | INFO | execution_binance_main |     tp: 3
2026-02-11 09:59:51,484 | INFO | execution_binance_main |     sl: 1
2026-02-11 09:59:51,485 | INFO | execution_binance_main |     symbol: btc
2026-02-11 09:59:51,485 | INFO | execution_binance_main |     timehorizon: 1h
2026-02-11 09:59:51,486 | INFO | execution_binance_main |     pnl_sum: 2778.95
2026-02-11 09:59:51,487 | INFO | execution_binance_main |     bbands: True
2026-02-11 09:59:51,488 | INFO | execution_binance_main |     dema: True
2026-02-11 09:59:51,489 | INFO | execution_binance_main |     ema: True
2026-02-11 09:59:51,490 | INFO | execution_binance_main |     ma: True
2026-02-11 09:59:51,490 | INFO | execution_binance_main |     midprice: True
2026-02-11 09:59:51,491 | INFO | execution_binance_main |     sar: True
2026-02-11 09:59:51,491 | INFO | execution_binance_main |     sarext: True
2026-02-11 09:59:51,491 | INFO | execution_binance_main |     sma: True
2026-02-11 09:59:51,492 | INFO | execution_binance_main |     tema: True
2026-02-11 09:59:51,492 | INFO | execution_binance_main |     apo: True
2026-02-11 09:59:51,492 | INFO | execution_binance_main |     aroon: True
2026-02-11 09:59:51,492 | INFO | execution_binance_main |     cci: True
2026-02-11 09:59:51,492 | INFO | execution_binance_main |     dx: True
2026-02-11 09:59:51,492 | INFO | execution_binance_main |     macd: True
2026-02-11 09:59:51,492 | INFO | execution_binance_main |     minus_di: True
2026-02-11 09:59:51,492 | INFO | execution_binance_main |     minus_dm: True
2026-02-11 09:59:51,496 | INFO | execution_binance_main |     mom: True
2026-02-11 09:59:51,496 | INFO | execution_binance_main |     ppo: True
2026-02-11 09:59:51,497 | INFO | execution_binance_main |     roc: True
2026-02-11 09:59:51,497 | INFO | execution_binance_main |     rsi: True
2026-02-11 09:59:51,497 | INFO | execution_binance_main |     stochrsi: True
2026-02-11 09:59:51,499 | INFO | execution_binance_main |     ad: True
2026-02-11 09:59:51,499 | INFO | execution_binance_main |     atr: True
2026-02-11 09:59:51,500 | INFO | execution_binance_main |     trange: True
2026-02-11 09:59:51,500 | INFO | execution_binance_main |     typprice: True
2026-02-11 09:59:51,501 | INFO | execution_binance_main |     wclprice: True
2026-02-11 09:59:51,502 | INFO | execution_binance_main |     ht_phasor: True
2026-02-11 09:59:51,503 | INFO | execution_binance_main |     ht_sine: True
2026-02-11 09:59:51,504 | INFO | execution_binance_main |     ht_trendmode: True
2026-02-11 09:59:51,504 | INFO | execution_binance_main |     linearreg_angle: True
2026-02-11 09:59:51,506 | INFO | execution_binance_main |     var: True
2026-02-11 09:59:51,507 | INFO | execution_binance_main |     cdl2crows: True
2026-02-11 09:59:51,507 | INFO | execution_binance_main |     cdl3outside: True
2026-02-11 09:59:51,508 | INFO | execution_binance_main |     cdlabandonedbaby: True
2026-02-11 09:59:51,508 | INFO | execution_binance_main |     cdladvanceblock: True
2026-02-11 09:59:51,509 | INFO | execution_binance_main |     cdlbelthold: True
2026-02-11 09:59:51,509 | INFO | execution_binance_main |     cdlclosingmarubozu: True
2026-02-11 09:59:51,509 | INFO | execution_binance_main |     cdldarkcloudcover: True
2026-02-11 09:59:51,509 | INFO | execution_binance_main |     cdldojistar: True
2026-02-11 09:59:51,509 | INFO | execution_binance_main |     cdlengulfing: True
2026-02-11 09:59:51,512 | INFO | execution_binance_main |     cdleveningstar: True
2026-02-11 09:59:51,512 | INFO | execution_binance_main |     cdlgapsidesidewhite: True
2026-02-11 09:59:51,512 | INFO | execution_binance_main |     cdlharamicross: True
2026-02-11 09:59:51,513 | INFO | execution_binance_main |     cdlinneck: True
2026-02-11 09:59:51,513 | INFO | execution_binance_main |     cdlkickingbylength: True
2026-02-11 09:59:51,513 | INFO | execution_binance_main |     cdllongline: True
2026-02-11 09:59:51,514 | INFO | execution_binance_main |     cdlmatchinglow: True
2026-02-11 09:59:51,514 | INFO | execution_binance_main |     cdlmathold: True
2026-02-11 09:59:51,514 | INFO | execution_binance_main |     cdlmorningdojistar: True
2026-02-11 09:59:51,515 | INFO | execution_binance_main |     cdlrickshawman: True
2026-02-11 09:59:51,515 | INFO | execution_binance_main |     cdlseparatinglines: True
2026-02-11 09:59:51,515 | INFO | execution_binance_main |     cdlshootingstar: True
2026-02-11 09:59:51,516 | INFO | execution_binance_main |     cdlspinningtop: True
2026-02-11 09:59:51,516 | INFO | execution_binance_main |     cdltasukigap: True
2026-02-11 09:59:51,517 | INFO | execution_binance_main |     cdlthrusting: True
2026-02-11 09:59:51,517 | INFO | execution_binance_main |     cdlunique3river: True
2026-02-11 09:59:51,518 | INFO | execution_binance_main |     cdlupsidegap2crows: True
2026-02-11 09:59:51,518 | INFO | execution_binance_main |     cdlxsidegap3methods: True
2026-02-11 09:59:51,519 | INFO | execution_binance_main |     ema_period: 30
2026-02-11 09:59:51,519 | INFO | execution_binance_main |     midprice_period: 14
2026-02-11 09:59:51,519 | INFO | execution_binance_main |     cci_period: 14
2026-02-11 09:59:51,522 | INFO | execution_binance_main |     minus_dm_period: 14
2026-02-11 09:59:51,522 | INFO | execution_binance_main |     ppo_fastperiod: 12
2026-02-11 09:59:51,522 | INFO | execution_binance_main |     ppo_slowperiod: 26
2026-02-11 09:59:51,522 | INFO | execution_binance_main |     roc_period: 10
2026-02-11 09:59:51,524 | INFO | execution_binance_main |     var_period: 5
2026-02-11 09:59:51,524 | INFO | execution_binance_main |     bbands_period: 5
2026-02-11 09:59:51,524 | INFO | execution_binance_main |     dema_period: 30
2026-02-11 09:59:51,524 | INFO | execution_binance_main |     sma_period: 30
2026-02-11 09:59:51,524 | INFO | execution_binance_main |     tema_period: 30
2026-02-11 09:59:51,524 | INFO | execution_binance_main |     apo_period: 12
2026-02-11 09:59:51,524 | INFO | execution_binance_main |     aroon_period: 14
2026-02-11 09:59:51,526 | INFO | execution_binance_main |     mom_period: 10
2026-02-11 09:59:51,526 | INFO | execution_binance_main |     rsi_period: 14
2026-02-11 09:59:51,526 | INFO | execution_binance_main |     atr_period: 14
2026-02-11 09:59:51,526 | INFO | execution_binance_main |     linearreg_angle_period: 14
2026-02-11 09:59:51,526 | INFO | execution_binance_main |     ma_period: 30
2026-02-11 09:59:51,526 | INFO | execution_binance_main |     macd_fastperiod: 12
2026-02-11 09:59:51,528 | INFO | execution_binance_main |     macd_slowperiod: 26
2026-02-11 09:59:51,528 | INFO | execution_binance_main |     macd_signalperiod: 9
2026-02-11 09:59:51,528 | INFO | execution_binance_main |     minus_di_period: 14
2026-02-11 09:59:51,528 | INFO | execution_binance_main |     stochrsi_period: 14
2026-02-11 09:59:51,528 | INFO | execution_binance_main |     dx_period: 14
2026-02-11 09:59:51,528 | INFO | execution_binance_main | Strategy sig_1h_btc_35 → Highest window value among specified patterns: 30
2026-02-11 09:59:51,533 | INFO | execution_binance_main | Strategy sig_1h_btc_36 → ALL columns:
2026-02-11 09:59:51,534 | INFO | execution_binance_main |     strategy: sig_1h_btc_36
2026-02-11 09:59:51,535 | INFO | execution_binance_main |     tp: 3
2026-02-11 09:59:51,535 | INFO | execution_binance_main |     sl: 1
2026-02-11 09:59:51,535 | INFO | execution_binance_main |     symbol: btc
2026-02-11 09:59:51,535 | INFO | execution_binance_main |     timehorizon: 1h
2026-02-11 09:59:51,538 | INFO | execution_binance_main |     pnl_sum: 2590.38
2026-02-11 09:59:51,538 | INFO | execution_binance_main |     kama: True
2026-02-11 09:59:51,538 | INFO | execution_binance_main |     ma: True
2026-02-11 09:59:51,538 | INFO | execution_binance_main |     mama: True
2026-02-11 09:59:51,538 | INFO | execution_binance_main |     midpoint: True
2026-02-11 09:59:51,538 | INFO | execution_binance_main |     sar: True
2026-02-11 09:59:51,540 | INFO | execution_binance_main |     sarext: True
2026-02-11 09:59:51,540 | INFO | execution_binance_main |     sma: True
2026-02-11 09:59:51,540 | INFO | execution_binance_main |     tema: True
2026-02-11 09:59:51,540 | INFO | execution_binance_main |     adx: True
2026-02-11 09:59:51,540 | INFO | execution_binance_main |     apo: True
2026-02-11 09:59:51,542 | INFO | execution_binance_main |     aroonosc: True
2026-02-11 09:59:51,542 | INFO | execution_binance_main |     cmo: True
2026-02-11 09:59:51,543 | INFO | execution_binance_main |     dx: True
2026-02-11 09:59:51,543 | INFO | execution_binance_main |     mfi: True
2026-02-11 09:59:51,543 | INFO | execution_binance_main |     minus_di: True
2026-02-11 09:59:51,543 | INFO | execution_binance_main |     minus_dm: True
2026-02-11 09:59:51,544 | INFO | execution_binance_main |     mom: True
2026-02-11 09:59:51,544 | INFO | execution_binance_main |     ppo: True
2026-02-11 09:59:51,544 | INFO | execution_binance_main |     roc: True
2026-02-11 09:59:51,545 | INFO | execution_binance_main |     rsi: True
2026-02-11 09:59:51,545 | INFO | execution_binance_main |     stoch: True
2026-02-11 09:59:51,545 | INFO | execution_binance_main |     stochf: True
2026-02-11 09:59:51,547 | INFO | execution_binance_main |     stochrsi: True
2026-02-11 09:59:51,547 | INFO | execution_binance_main |     willr: True
2026-02-11 09:59:51,547 | INFO | execution_binance_main |     adosc: True
2026-02-11 09:59:51,547 | INFO | execution_binance_main |     medprice: True
2026-02-11 09:59:51,547 | INFO | execution_binance_main |     wclprice: True
2026-02-11 09:59:51,547 | INFO | execution_binance_main |     ht_dcphase: True
2026-02-11 09:59:51,547 | INFO | execution_binance_main |     ht_trendmode: True
2026-02-11 09:59:51,549 | INFO | execution_binance_main |     linearreg: True
2026-02-11 09:59:51,550 | INFO | execution_binance_main |     linearreg_angle: True
2026-02-11 09:59:51,550 | INFO | execution_binance_main |     linearreg_slope: True
2026-02-11 09:59:51,551 | INFO | execution_binance_main |     stddev: True
2026-02-11 09:59:51,551 | INFO | execution_binance_main |     var: True
2026-02-11 09:59:51,553 | INFO | execution_binance_main |     cdl2crows: True
2026-02-11 09:59:51,554 | INFO | execution_binance_main |     cdl3blackcrows: True
2026-02-11 09:59:51,554 | INFO | execution_binance_main |     cdl3linestrike: True
2026-02-11 09:59:51,555 | INFO | execution_binance_main |     cdl3outside: True
2026-02-11 09:59:51,556 | INFO | execution_binance_main |     cdl3starsinsouth: True
2026-02-11 09:59:51,557 | INFO | execution_binance_main |     cdl3whitesoldiers: True
2026-02-11 09:59:51,557 | INFO | execution_binance_main |     cdladvanceblock: True
2026-02-11 09:59:51,558 | INFO | execution_binance_main |     cdlbreakaway: True
2026-02-11 09:59:51,558 | INFO | execution_binance_main |     cdlclosingmarubozu: True
2026-02-11 09:59:51,559 | INFO | execution_binance_main |     cdlcounterattack: True
2026-02-11 09:59:51,559 | INFO | execution_binance_main |     cdldarkcloudcover: True
2026-02-11 09:59:51,559 | INFO | execution_binance_main |     cdldojistar: True
2026-02-11 09:59:51,559 | INFO | execution_binance_main |     cdlengulfing: True
2026-02-11 09:59:51,559 | INFO | execution_binance_main |     cdleveningdojistar: True
2026-02-11 09:59:51,559 | INFO | execution_binance_main |     cdlgapsidesidewhite: True
2026-02-11 09:59:51,559 | INFO | execution_binance_main |     cdlgravestonedoji: True
2026-02-11 09:59:51,559 | INFO | execution_binance_main |     cdlhammer: True
2026-02-11 09:59:51,559 | INFO | execution_binance_main |     cdlharami: True
2026-02-11 09:59:51,559 | INFO | execution_binance_main |     cdlharamicross: True
2026-02-11 09:59:51,559 | INFO | execution_binance_main |     cdlhighwave: True
2026-02-11 09:59:51,559 | INFO | execution_binance_main |     cdlhikkake: True
2026-02-11 09:59:51,559 | INFO | execution_binance_main |     cdlhomingpigeon: True
2026-02-11 09:59:51,559 | INFO | execution_binance_main |     cdlkickingbylength: True
2026-02-11 09:59:51,559 | INFO | execution_binance_main |     cdlladderbottom: True
2026-02-11 09:59:51,559 | INFO | execution_binance_main |     cdllongline: True
2026-02-11 09:59:51,559 | INFO | execution_binance_main |     cdlmarubozu: True
2026-02-11 09:59:51,559 | INFO | execution_binance_main |     cdlmatchinglow: True
2026-02-11 09:59:51,565 | INFO | execution_binance_main |     cdlmathold: True
2026-02-11 09:59:51,565 | INFO | execution_binance_main |     cdlonneck: True
2026-02-11 09:59:51,565 | INFO | execution_binance_main |     cdlseparatinglines: True
2026-02-11 09:59:51,565 | INFO | execution_binance_main |     cdlshootingstar: True
2026-02-11 09:59:51,565 | INFO | execution_binance_main |     cdlshortline: True
2026-02-11 09:59:51,565 | INFO | execution_binance_main |     cdlstalledpattern: True
2026-02-11 09:59:51,567 | INFO | execution_binance_main |     cdltakuri: True
2026-02-11 09:59:51,567 | INFO | execution_binance_main |     cdltasukigap: True
2026-02-11 09:59:51,568 | INFO | execution_binance_main |     cdltristar: True
2026-02-11 09:59:51,569 | INFO | execution_binance_main |     cdlupsidegap2crows: True
2026-02-11 09:59:51,569 | INFO | execution_binance_main |     cdlxsidegap3methods: True
2026-02-11 09:59:51,569 | INFO | execution_binance_main |     midpoint_period: 14
2026-02-11 09:59:51,569 | INFO | execution_binance_main |     aroonosc_period: 14
2026-02-11 09:59:51,569 | INFO | execution_binance_main |     minus_dm_period: 14
2026-02-11 09:59:51,572 | INFO | execution_binance_main |     ppo_fastperiod: 12
2026-02-11 09:59:51,572 | INFO | execution_binance_main |     ppo_slowperiod: 26
2026-02-11 09:59:51,572 | INFO | execution_binance_main |     roc_period: 10
2026-02-11 09:59:51,572 | INFO | execution_binance_main |     stochf_fastperiod: 14
2026-02-11 09:59:51,574 | INFO | execution_binance_main |     stochf_slowperiod: 3
2026-02-11 09:59:51,574 | INFO | execution_binance_main |     willr_period: 14
2026-02-11 09:59:51,574 | INFO | execution_binance_main |     adosc_fastperiod: 3
2026-02-11 09:59:51,574 | INFO | execution_binance_main |     adosc_slowperiod: 10
2026-02-11 09:59:51,574 | INFO | execution_binance_main |     linearreg_slope_period: 14
2026-02-11 09:59:51,576 | INFO | execution_binance_main |     stddev_period: 5
2026-02-11 09:59:51,576 | INFO | execution_binance_main |     var_period: 5
2026-02-11 09:59:51,576 | INFO | execution_binance_main |     kama_period: 10
2026-02-11 09:59:51,576 | INFO | execution_binance_main |     sma_period: 30
2026-02-11 09:59:51,577 | INFO | execution_binance_main |     tema_period: 30
2026-02-11 09:59:51,577 | INFO | execution_binance_main |     apo_period: 12
2026-02-11 09:59:51,577 | INFO | execution_binance_main |     mfi_period: 14
2026-02-11 09:59:51,578 | INFO | execution_binance_main |     mom_period: 10
2026-02-11 09:59:51,578 | INFO | execution_binance_main |     rsi_period: 14
2026-02-11 09:59:51,578 | INFO | execution_binance_main |     linearreg_period: 14
2026-02-11 09:59:51,579 | INFO | execution_binance_main |     linearreg_angle_period: 14
2026-02-11 09:59:51,579 | INFO | execution_binance_main |     ma_period: 30
2026-02-11 09:59:51,579 | INFO | execution_binance_main |     cmo_period: 14
2026-02-11 09:59:51,580 | INFO | execution_binance_main |     minus_di_period: 14
2026-02-11 09:59:51,580 | INFO | execution_binance_main |     stoch_fastk_period: 14
2026-02-11 09:59:51,580 | INFO | execution_binance_main |     stoch_slowk_period: 3
2026-02-11 09:59:51,580 | INFO | execution_binance_main |     stoch_slowd_period: 3
2026-02-11 09:59:51,580 | INFO | execution_binance_main |     stochrsi_period: 14
2026-02-11 09:59:51,580 | INFO | execution_binance_main |     adx_period: 14
2026-02-11 09:59:51,583 | INFO | execution_binance_main |     dx_period: 14
2026-02-11 09:59:51,583 | INFO | execution_binance_main | Strategy sig_1h_btc_36 → Highest window value among specified patterns: 30
2026-02-11 09:59:51,586 | INFO | execution_binance_main | Strategy sig_1h_btc_37 → ALL columns:
2026-02-11 09:59:51,586 | INFO | execution_binance_main |     strategy: sig_1h_btc_37
2026-02-11 09:59:51,586 | INFO | execution_binance_main |     tp: 3
2026-02-11 09:59:51,586 | INFO | execution_binance_main |     sl: 1
2026-02-11 09:59:51,586 | INFO | execution_binance_main |     symbol: btc
2026-02-11 09:59:51,586 | INFO | execution_binance_main |     timehorizon: 1h
2026-02-11 09:59:51,586 | INFO | execution_binance_main |     pnl_sum: 3444.99
2026-02-11 09:59:51,586 | INFO | execution_binance_main |     bbands: True
2026-02-11 09:59:51,586 | INFO | execution_binance_main |     dema: True
2026-02-11 09:59:51,586 | INFO | execution_binance_main |     mama: True
2026-02-11 09:59:51,586 | INFO | execution_binance_main |     midprice: True
2026-02-11 09:59:51,586 | INFO | execution_binance_main |     t3: True
2026-02-11 09:59:51,586 | INFO | execution_binance_main |     wma: True
2026-02-11 09:59:51,586 | INFO | execution_binance_main |     adxr: True
2026-02-11 09:59:51,586 | INFO | execution_binance_main |     bop: True
2026-02-11 09:59:51,586 | INFO | execution_binance_main |     cmo: True
2026-02-11 09:59:51,586 | INFO | execution_binance_main |     macd: True
2026-02-11 09:59:51,586 | INFO | execution_binance_main |     macdext: True
2026-02-11 09:59:51,586 | INFO | execution_binance_main |     mfi: True
2026-02-11 09:59:51,586 | INFO | execution_binance_main |     minus_di: True
2026-02-11 09:59:51,586 | INFO | execution_binance_main |     minus_dm: True
2026-02-11 09:59:51,586 | INFO | execution_binance_main |     plus_di: True
2026-02-11 09:59:51,586 | INFO | execution_binance_main |     plus_dm: True
2026-02-11 09:59:51,586 | INFO | execution_binance_main |     ppo: True
2026-02-11 09:59:51,586 | INFO | execution_binance_main |     roc: True
2026-02-11 09:59:51,586 | INFO | execution_binance_main |     rocr100: True
2026-02-11 09:59:51,586 | INFO | execution_binance_main |     rsi: True
2026-02-11 09:59:51,586 | INFO | execution_binance_main |     stochrsi: True
2026-02-11 09:59:51,586 | INFO | execution_binance_main |     willr: True
2026-02-11 09:59:51,586 | INFO | execution_binance_main |     obv: True
2026-02-11 09:59:51,586 | INFO | execution_binance_main |     natr: True
2026-02-11 09:59:51,600 | INFO | execution_binance_main |     trange: True
2026-02-11 09:59:51,600 | INFO | execution_binance_main |     avgprice: True
2026-02-11 09:59:51,602 | INFO | execution_binance_main |     medprice: True
2026-02-11 09:59:51,602 | INFO | execution_binance_main |     typprice: True
2026-02-11 09:59:51,603 | INFO | execution_binance_main |     wclprice: True
2026-02-11 09:59:51,603 | INFO | execution_binance_main |     ht_sine: True
2026-02-11 09:59:51,604 | INFO | execution_binance_main |     linearreg: True
2026-02-11 09:59:51,604 | INFO | execution_binance_main |     linearreg_angle: True
2026-02-11 09:59:51,605 | INFO | execution_binance_main |     linearreg_slope: True
2026-02-11 09:59:51,605 | INFO | execution_binance_main |     tsf: True
2026-02-11 09:59:51,605 | INFO | execution_binance_main |     var: True
2026-02-11 09:59:51,605 | INFO | execution_binance_main |     cdl3linestrike: True
2026-02-11 09:59:51,605 | INFO | execution_binance_main |     cdl3starsinsouth: True
2026-02-11 09:59:51,605 | INFO | execution_binance_main |     cdlabandonedbaby: True
2026-02-11 09:59:51,605 | INFO | execution_binance_main |     cdlbreakaway: True
2026-02-11 09:59:51,605 | INFO | execution_binance_main |     cdlclosingmarubozu: True
2026-02-11 09:59:51,605 | INFO | execution_binance_main |     cdlcounterattack: True
2026-02-11 09:59:51,605 | INFO | execution_binance_main |     cdldarkcloudcover: True
2026-02-11 09:59:51,605 | INFO | execution_binance_main |     cdldojistar: True
2026-02-11 09:59:51,605 | INFO | execution_binance_main |     cdlengulfing: True
2026-02-11 09:59:51,605 | INFO | execution_binance_main |     cdleveningdojistar: True
2026-02-11 09:59:51,605 | INFO | execution_binance_main |     cdlharamicross: True
2026-02-11 09:59:51,605 | INFO | execution_binance_main |     cdlhighwave: True
2026-02-11 09:59:51,605 | INFO | execution_binance_main |     cdlhikkakemod: True
2026-02-11 09:59:51,605 | INFO | execution_binance_main |     cdlhomingpigeon: True
2026-02-11 09:59:51,605 | INFO | execution_binance_main |     cdlinneck: True
2026-02-11 09:59:51,605 | INFO | execution_binance_main |     cdlinvertedhammer: True
2026-02-11 09:59:51,605 | INFO | execution_binance_main |     cdlkicking: True
2026-02-11 09:59:51,605 | INFO | execution_binance_main |     cdllongline: True
2026-02-11 09:59:51,605 | INFO | execution_binance_main |     cdlmorningdojistar: True
2026-02-11 09:59:51,605 | INFO | execution_binance_main |     cdlmorningstar: True
2026-02-11 09:59:51,605 | INFO | execution_binance_main |     cdlpiercing: True
2026-02-11 09:59:51,605 | INFO | execution_binance_main |     cdlrickshawman: True
2026-02-11 09:59:51,605 | INFO | execution_binance_main |     cdlrisefall3methods: True
2026-02-11 09:59:51,605 | INFO | execution_binance_main |     cdlseparatinglines: True
2026-02-11 09:59:51,605 | INFO | execution_binance_main |     cdlshootingstar: True
2026-02-11 09:59:51,605 | INFO | execution_binance_main |     cdlshortline: True
2026-02-11 09:59:51,605 | INFO | execution_binance_main |     cdlspinningtop: True
2026-02-11 09:59:51,605 | INFO | execution_binance_main |     cdlsticksandwich: True
2026-02-11 09:59:51,605 | INFO | execution_binance_main |     cdltakuri: True
2026-02-11 09:59:51,615 | INFO | execution_binance_main |     cdlthrusting: True
2026-02-11 09:59:51,615 | INFO | execution_binance_main |     cdltristar: True
2026-02-11 09:59:51,615 | INFO | execution_binance_main |     cdlunique3river: True
2026-02-11 09:59:51,615 | INFO | execution_binance_main |     midprice_period: 14
2026-02-11 09:59:51,617 | INFO | execution_binance_main |     wma_period: 30
2026-02-11 09:59:51,617 | INFO | execution_binance_main |     minus_dm_period: 14
2026-02-11 09:59:51,618 | INFO | execution_binance_main |     plus_di_period: 14
2026-02-11 09:59:51,618 | INFO | execution_binance_main |     plus_dm_period: 14
2026-02-11 09:59:51,618 | INFO | execution_binance_main |     ppo_fastperiod: 12
2026-02-11 09:59:51,618 | INFO | execution_binance_main |     ppo_slowperiod: 26
2026-02-11 09:59:51,620 | INFO | execution_binance_main |     roc_period: 10
2026-02-11 09:59:51,620 | INFO | execution_binance_main |     willr_period: 14
2026-02-11 09:59:51,620 | INFO | execution_binance_main |     linearreg_slope_period: 14
2026-02-11 09:59:51,620 | INFO | execution_binance_main |     tsf_period: 14
2026-02-11 09:59:51,620 | INFO | execution_binance_main |     var_period: 5
2026-02-11 09:59:51,620 | INFO | execution_binance_main |     bbands_period: 5
2026-02-11 09:59:51,620 | INFO | execution_binance_main |     dema_period: 30
2026-02-11 09:59:51,620 | INFO | execution_binance_main |     adxr_period: 14
2026-02-11 09:59:51,620 | INFO | execution_binance_main |     macdext_fastperiod: 12
2026-02-11 09:59:51,620 | INFO | execution_binance_main |     macdext_slowperiod: 26
2026-02-11 09:59:51,620 | INFO | execution_binance_main |     macdext_signalperiod: 9
2026-02-11 09:59:51,620 | INFO | execution_binance_main |     mfi_period: 14
2026-02-11 09:59:51,625 | INFO | execution_binance_main |     rsi_period: 14
2026-02-11 09:59:51,625 | INFO | execution_binance_main |     natr_period: 14
2026-02-11 09:59:51,625 | INFO | execution_binance_main |     linearreg_period: 14
2026-02-11 09:59:51,625 | INFO | execution_binance_main |     linearreg_angle_period: 14
2026-02-11 09:59:51,626 | INFO | execution_binance_main |     t3_period: 14
2026-02-11 09:59:51,626 | INFO | execution_binance_main |     cmo_period: 14
2026-02-11 09:59:51,627 | INFO | execution_binance_main |     macd_fastperiod: 12
2026-02-11 09:59:51,627 | INFO | execution_binance_main |     macd_slowperiod: 26
2026-02-11 09:59:51,628 | INFO | execution_binance_main |     macd_signalperiod: 9
2026-02-11 09:59:51,629 | INFO | execution_binance_main |     minus_di_period: 14
2026-02-11 09:59:51,629 | INFO | execution_binance_main |     stochrsi_period: 14
2026-02-11 09:59:51,629 | INFO | execution_binance_main |     rocr100_period: 10
2026-02-11 09:59:51,629 | INFO | execution_binance_main | Strategy sig_1h_btc_37 → Highest window value among specified patterns: 30
2026-02-11 09:59:51,634 | INFO | execution_binance_main | Strategy sig_1h_btc_38 → ALL columns:
2026-02-11 09:59:51,635 | INFO | execution_binance_main |     strategy: sig_1h_btc_38
2026-02-11 09:59:51,635 | INFO | execution_binance_main |     tp: 3
2026-02-11 09:59:51,635 | INFO | execution_binance_main |     sl: 1
2026-02-11 09:59:51,637 | INFO | execution_binance_main |     symbol: btc
2026-02-11 09:59:51,638 | INFO | execution_binance_main |     timehorizon: 1h
2026-02-11 09:59:51,639 | INFO | execution_binance_main |     pnl_sum: 2331.85
2026-02-11 09:59:51,639 | INFO | execution_binance_main |     bbands: True
2026-02-11 09:59:51,639 | INFO | execution_binance_main |     ht_trendline: True
2026-02-11 09:59:51,640 | INFO | execution_binance_main |     mama: True
2026-02-11 09:59:51,640 | INFO | execution_binance_main |     midprice: True
2026-02-11 09:59:51,640 | INFO | execution_binance_main |     sarext: True
2026-02-11 09:59:51,640 | INFO | execution_binance_main |     sma: True
2026-02-11 09:59:51,641 | INFO | execution_binance_main |     tema: True
2026-02-11 09:59:51,641 | INFO | execution_binance_main |     trima: True
2026-02-11 09:59:51,641 | INFO | execution_binance_main |     wma: True
2026-02-11 09:59:51,641 | INFO | execution_binance_main |     adx: True
2026-02-11 09:59:51,642 | INFO | execution_binance_main |     aroon: True
2026-02-11 09:59:51,642 | INFO | execution_binance_main |     aroonosc: True
2026-02-11 09:59:51,642 | INFO | execution_binance_main |     cci: True
2026-02-11 09:59:51,644 | INFO | execution_binance_main |     minus_di: True
2026-02-11 09:59:51,644 | INFO | execution_binance_main |     minus_dm: True
2026-02-11 09:59:51,644 | INFO | execution_binance_main |     ppo: True
2026-02-11 09:59:51,644 | INFO | execution_binance_main |     roc: True
2026-02-11 09:59:51,644 | INFO | execution_binance_main |     rocr: True
2026-02-11 09:59:51,645 | INFO | execution_binance_main |     rocr100: True
2026-02-11 09:59:51,645 | INFO | execution_binance_main |     rsi: True
2026-02-11 09:59:51,646 | INFO | execution_binance_main |     stoch: True
2026-02-11 09:59:51,647 | INFO | execution_binance_main |     stochrsi: True
2026-02-11 09:59:51,647 | INFO | execution_binance_main |     willr: True
2026-02-11 09:59:51,647 | INFO | execution_binance_main |     atr: True
2026-02-11 09:59:51,649 | INFO | execution_binance_main |     natr: True
2026-02-11 09:59:51,649 | INFO | execution_binance_main |     medprice: True
2026-02-11 09:59:51,651 | INFO | execution_binance_main |     typprice: True
2026-02-11 09:59:51,653 | INFO | execution_binance_main |     wclprice: True
2026-02-11 09:59:51,654 | INFO | execution_binance_main |     ht_dcperiod: True
2026-02-11 09:59:51,655 | INFO | execution_binance_main |     ht_dcphase: True
2026-02-11 09:59:51,655 | INFO | execution_binance_main |     ht_phasor: True
2026-02-11 09:59:51,656 | INFO | execution_binance_main |     ht_trendmode: True
2026-02-11 09:59:51,656 | INFO | execution_binance_main |     linearreg: True
2026-02-11 09:59:51,657 | INFO | execution_binance_main |     linearreg_angle: True
2026-02-11 09:59:51,657 | INFO | execution_binance_main |     linearreg_intercept: True
2026-02-11 09:59:51,657 | INFO | execution_binance_main |     linearreg_slope: True
2026-02-11 09:59:51,660 | INFO | execution_binance_main |     stddev: True
2026-02-11 09:59:51,660 | INFO | execution_binance_main |     tsf: True
2026-02-11 09:59:51,664 | INFO | execution_binance_main |     var: True
2026-02-11 09:59:51,664 | INFO | execution_binance_main |     cdl3blackcrows: True
2026-02-11 09:59:51,665 | INFO | execution_binance_main |     cdl3inside: True
2026-02-11 09:59:51,665 | INFO | execution_binance_main |     cdl3linestrike: True
2026-02-11 09:59:51,665 | INFO | execution_binance_main |     cdl3starsinsouth: True
2026-02-11 09:59:51,666 | INFO | execution_binance_main |     cdl3whitesoldiers: True
2026-02-11 09:59:51,666 | INFO | execution_binance_main |     cdlabandonedbaby: True
2026-02-11 09:59:51,666 | INFO | execution_binance_main |     cdladvanceblock: True
2026-02-11 09:59:51,668 | INFO | execution_binance_main |     cdlcounterattack: True
2026-02-11 09:59:51,669 | INFO | execution_binance_main |     cdldoji: True
2026-02-11 09:59:51,672 | INFO | execution_binance_main |     cdldragonflydoji: True
2026-02-11 09:59:51,673 | INFO | execution_binance_main |     cdleveningstar: True
2026-02-11 09:59:51,673 | INFO | execution_binance_main |     cdlhammer: True
2026-02-11 09:59:51,674 | INFO | execution_binance_main |     cdlharami: True
2026-02-11 09:59:51,674 | INFO | execution_binance_main |     cdlharamicross: True
2026-02-11 09:59:51,675 | INFO | execution_binance_main |     cdlhikkakemod: True
2026-02-11 09:59:51,675 | INFO | execution_binance_main |     cdlhomingpigeon: True
2026-02-11 09:59:51,675 | INFO | execution_binance_main |     cdlladderbottom: True
2026-02-11 09:59:51,677 | INFO | execution_binance_main |     cdllongleggeddoji: True
2026-02-11 09:59:51,677 | INFO | execution_binance_main |     cdlmatchinglow: True
2026-02-11 09:59:51,677 | INFO | execution_binance_main |     cdlmorningstar: True
2026-02-11 09:59:51,677 | INFO | execution_binance_main |     cdlpiercing: True
2026-02-11 09:59:51,679 | INFO | execution_binance_main |     cdlshortline: True
2026-02-11 09:59:51,679 | INFO | execution_binance_main |     cdlspinningtop: True
2026-02-11 09:59:51,679 | INFO | execution_binance_main |     cdlstalledpattern: True
2026-02-11 09:59:51,681 | INFO | execution_binance_main |     cdlsticksandwich: True
2026-02-11 09:59:51,681 | INFO | execution_binance_main |     cdltakuri: True
2026-02-11 09:59:51,681 | INFO | execution_binance_main |     cdltasukigap: True
2026-02-11 09:59:51,682 | INFO | execution_binance_main |     cdlthrusting: True
2026-02-11 09:59:51,682 | INFO | execution_binance_main |     midprice_period: 14
2026-02-11 09:59:51,684 | INFO | execution_binance_main |     trima_period: 30
2026-02-11 09:59:51,684 | INFO | execution_binance_main |     wma_period: 30
2026-02-11 09:59:51,685 | INFO | execution_binance_main |     aroonosc_period: 14
2026-02-11 09:59:51,685 | INFO | execution_binance_main |     cci_period: 14
2026-02-11 09:59:51,686 | INFO | execution_binance_main |     minus_dm_period: 14
2026-02-11 09:59:51,686 | INFO | execution_binance_main |     ppo_fastperiod: 12
2026-02-11 09:59:51,687 | INFO | execution_binance_main |     ppo_slowperiod: 26
2026-02-11 09:59:51,688 | INFO | execution_binance_main |     roc_period: 10
2026-02-11 09:59:51,688 | INFO | execution_binance_main |     willr_period: 14
2026-02-11 09:59:51,688 | INFO | execution_binance_main |     linearreg_slope_period: 14
2026-02-11 09:59:51,688 | INFO | execution_binance_main |     stddev_period: 5
2026-02-11 09:59:51,688 | INFO | execution_binance_main |     tsf_period: 14
2026-02-11 09:59:51,688 | INFO | execution_binance_main |     var_period: 5
2026-02-11 09:59:51,688 | INFO | execution_binance_main |     bbands_period: 5
2026-02-11 09:59:51,688 | INFO | execution_binance_main |     sma_period: 30
2026-02-11 09:59:51,688 | INFO | execution_binance_main |     tema_period: 30
2026-02-11 09:59:51,688 | INFO | execution_binance_main |     aroon_period: 14
2026-02-11 09:59:51,688 | INFO | execution_binance_main |     rocr_period: 10
2026-02-11 09:59:51,688 | INFO | execution_binance_main |     rsi_period: 14
2026-02-11 09:59:51,688 | INFO | execution_binance_main |     atr_period: 14
2026-02-11 09:59:51,694 | INFO | execution_binance_main |     natr_period: 14
2026-02-11 09:59:51,694 | INFO | execution_binance_main |     linearreg_period: 14
2026-02-11 09:59:51,696 | INFO | execution_binance_main |     linearreg_angle_period: 14
2026-02-11 09:59:51,696 | INFO | execution_binance_main |     minus_di_period: 14
2026-02-11 09:59:51,697 | INFO | execution_binance_main |     stoch_fastk_period: 14
2026-02-11 09:59:51,697 | INFO | execution_binance_main |     stoch_slowk_period: 3
2026-02-11 09:59:51,698 | INFO | execution_binance_main |     stoch_slowd_period: 3
2026-02-11 09:59:51,698 | INFO | execution_binance_main |     stochrsi_period: 14
2026-02-11 09:59:51,698 | INFO | execution_binance_main |     adx_period: 14
2026-02-11 09:59:51,698 | INFO | execution_binance_main |     rocr100_period: 10
2026-02-11 09:59:51,698 | INFO | execution_binance_main |     linearreg_intercept_period: 14
2026-02-11 09:59:51,700 | INFO | execution_binance_main | Strategy sig_1h_btc_38 → Highest window value among specified patterns: 30
2026-02-11 09:59:51,703 | INFO | execution_binance_main | Strategy sig_1h_btc_39 → ALL columns:
2026-02-11 09:59:51,703 | INFO | execution_binance_main |     strategy: sig_1h_btc_39
2026-02-11 09:59:51,703 | INFO | execution_binance_main |     tp: 3
2026-02-11 09:59:51,708 | INFO | execution_binance_main |     sl: 1
2026-02-11 09:59:51,708 | INFO | execution_binance_main |     symbol: btc
2026-02-11 09:59:51,709 | INFO | execution_binance_main |     timehorizon: 1h
2026-02-11 09:59:51,709 | INFO | execution_binance_main |     pnl_sum: 3460.61
2026-02-11 09:59:51,709 | INFO | execution_binance_main |     bbands: True
2026-02-11 09:59:51,710 | INFO | execution_binance_main |     dema: True
2026-02-11 09:59:51,710 | INFO | execution_binance_main |     ema: True
2026-02-11 09:59:51,710 | INFO | execution_binance_main |     ma: True
2026-02-11 09:59:51,711 | INFO | execution_binance_main |     mama: True
2026-02-11 09:59:51,711 | INFO | execution_binance_main |     sarext: True
2026-02-11 09:59:51,713 | INFO | execution_binance_main |     tema: True
2026-02-11 09:59:51,713 | INFO | execution_binance_main |     trima: True
2026-02-11 09:59:51,713 | INFO | execution_binance_main |     wma: True
2026-02-11 09:59:51,713 | INFO | execution_binance_main |     adxr: True
2026-02-11 09:59:51,713 | INFO | execution_binance_main |     aroon: True
2026-02-11 09:59:51,715 | INFO | execution_binance_main |     aroonosc: True
2026-02-11 09:59:51,715 | INFO | execution_binance_main |     bop: True
2026-02-11 09:59:51,715 | INFO | execution_binance_main |     cmo: True
2026-02-11 09:59:51,716 | INFO | execution_binance_main |     dx: True
2026-02-11 09:59:51,718 | INFO | execution_binance_main |     macdext: True
2026-02-11 09:59:51,719 | INFO | execution_binance_main |     mfi: True
2026-02-11 09:59:51,720 | INFO | execution_binance_main |     minus_dm: True
2026-02-11 09:59:51,720 | INFO | execution_binance_main |     mom: True
2026-02-11 09:59:51,722 | INFO | execution_binance_main |     ppo: True
2026-02-11 09:59:51,723 | INFO | execution_binance_main |     roc: True
2026-02-11 09:59:51,723 | INFO | execution_binance_main |     stochrsi: True
2026-02-11 09:59:51,723 | INFO | execution_binance_main |     willr: True
2026-02-11 09:59:51,723 | INFO | execution_binance_main |     obv: True
2026-02-11 09:59:51,724 | INFO | execution_binance_main |     atr: True
2026-02-11 09:59:51,724 | INFO | execution_binance_main |     trange: True
2026-02-11 09:59:51,725 | INFO | execution_binance_main |     typprice: True
2026-02-11 09:59:51,725 | INFO | execution_binance_main |     wclprice: True
2026-02-11 09:59:51,725 | INFO | execution_binance_main |     ht_sine: True
2026-02-11 09:59:51,725 | INFO | execution_binance_main |     linearreg: True
2026-02-11 09:59:51,725 | INFO | execution_binance_main |     linearreg_intercept: True
2026-02-11 09:59:51,725 | INFO | execution_binance_main |     linearreg_slope: True
2026-02-11 09:59:51,728 | INFO | execution_binance_main |     cdl2crows: True
2026-02-11 09:59:51,728 | INFO | execution_binance_main |     cdl3linestrike: True
2026-02-11 09:59:51,729 | INFO | execution_binance_main |     cdl3outside: True
2026-02-11 09:59:51,729 | INFO | execution_binance_main |     cdl3starsinsouth: True
2026-02-11 09:59:51,729 | INFO | execution_binance_main |     cdladvanceblock: True
2026-02-11 09:59:51,730 | INFO | execution_binance_main |     cdlbreakaway: True
2026-02-11 09:59:51,730 | INFO | execution_binance_main |     cdlclosingmarubozu: True
2026-02-11 09:59:51,730 | INFO | execution_binance_main |     cdlcounterattack: True
2026-02-11 09:59:51,731 | INFO | execution_binance_main |     cdldarkcloudcover: True
2026-02-11 09:59:51,731 | INFO | execution_binance_main |     cdlengulfing: True
2026-02-11 09:59:51,731 | INFO | execution_binance_main |     cdleveningdojistar: True
2026-02-11 09:59:51,732 | INFO | execution_binance_main |     cdleveningstar: True
2026-02-11 09:59:51,733 | INFO | execution_binance_main |     cdlgravestonedoji: True
2026-02-11 09:59:51,733 | INFO | execution_binance_main |     cdlharami: True
2026-02-11 09:59:51,734 | INFO | execution_binance_main |     cdlharamicross: True
2026-02-11 09:59:51,735 | INFO | execution_binance_main |     cdlhighwave: True
2026-02-11 09:59:51,735 | INFO | execution_binance_main |     cdlidentical3crows: True
2026-02-11 09:59:51,736 | INFO | execution_binance_main |     cdlinneck: True
2026-02-11 09:59:51,736 | INFO | execution_binance_main |     cdlkicking: True
2026-02-11 09:59:51,738 | INFO | execution_binance_main |     cdlkickingbylength: True
2026-02-11 09:59:51,738 | INFO | execution_binance_main |     cdlladderbottom: True
2026-02-11 09:59:51,739 | INFO | execution_binance_main |     cdllongleggeddoji: True
2026-02-11 09:59:51,739 | INFO | execution_binance_main |     cdllongline: True
2026-02-11 09:59:51,740 | INFO | execution_binance_main |     cdlmathold: True
2026-02-11 09:59:51,740 | INFO | execution_binance_main |     cdlonneck: True
2026-02-11 09:59:51,740 | INFO | execution_binance_main |     cdlpiercing: True
2026-02-11 09:59:51,741 | INFO | execution_binance_main |     cdlshortline: True
2026-02-11 09:59:51,741 | INFO | execution_binance_main |     cdlspinningtop: True
2026-02-11 09:59:51,741 | INFO | execution_binance_main |     cdltasukigap: True
2026-02-11 09:59:51,743 | INFO | execution_binance_main |     cdlthrusting: True
2026-02-11 09:59:51,743 | INFO | execution_binance_main |     cdltristar: True
2026-02-11 09:59:51,744 | INFO | execution_binance_main |     cdlupsidegap2crows: True
2026-02-11 09:59:51,744 | INFO | execution_binance_main |     ema_period: 30
2026-02-11 09:59:51,745 | INFO | execution_binance_main |     trima_period: 30
2026-02-11 09:59:51,745 | INFO | execution_binance_main |     wma_period: 30
2026-02-11 09:59:51,745 | INFO | execution_binance_main |     aroonosc_period: 14
2026-02-11 09:59:51,745 | INFO | execution_binance_main |     minus_dm_period: 14
2026-02-11 09:59:51,746 | INFO | execution_binance_main |     ppo_fastperiod: 12
2026-02-11 09:59:51,746 | INFO | execution_binance_main |     ppo_slowperiod: 26
2026-02-11 09:59:51,746 | INFO | execution_binance_main |     roc_period: 10
2026-02-11 09:59:51,747 | INFO | execution_binance_main |     willr_period: 14
2026-02-11 09:59:51,747 | INFO | execution_binance_main |     linearreg_slope_period: 14
2026-02-11 09:59:51,748 | INFO | execution_binance_main |     bbands_period: 5
2026-02-11 09:59:51,748 | INFO | execution_binance_main |     dema_period: 30
2026-02-11 09:59:51,748 | INFO | execution_binance_main |     tema_period: 30
2026-02-11 09:59:51,749 | INFO | execution_binance_main |     adxr_period: 14
2026-02-11 09:59:51,749 | INFO | execution_binance_main |     aroon_period: 14
2026-02-11 09:59:51,750 | INFO | execution_binance_main |     macdext_fastperiod: 12
2026-02-11 09:59:51,751 | INFO | execution_binance_main |     macdext_slowperiod: 26
2026-02-11 09:59:51,751 | INFO | execution_binance_main |     macdext_signalperiod: 9
2026-02-11 09:59:51,752 | INFO | execution_binance_main |     mfi_period: 14
2026-02-11 09:59:51,753 | INFO | execution_binance_main |     mom_period: 10
2026-02-11 09:59:51,754 | INFO | execution_binance_main |     atr_period: 14
2026-02-11 09:59:51,754 | INFO | execution_binance_main |     linearreg_period: 14
2026-02-11 09:59:51,755 | INFO | execution_binance_main |     ma_period: 30
2026-02-11 09:59:51,756 | INFO | execution_binance_main |     cmo_period: 14
2026-02-11 09:59:51,756 | INFO | execution_binance_main |     stochrsi_period: 14
2026-02-11 09:59:51,756 | INFO | execution_binance_main |     dx_period: 14
2026-02-11 09:59:51,757 | INFO | execution_binance_main |     linearreg_intercept_period: 14
2026-02-11 09:59:51,757 | INFO | execution_binance_main | Strategy sig_1h_btc_39 → Highest window value among specified patterns: 30
2026-02-11 09:59:51,759 | INFO | execution_binance_main | Strategy sig_1h_btc_40 → ALL columns:
2026-02-11 09:59:51,759 | INFO | execution_binance_main |     strategy: sig_1h_btc_40
2026-02-11 09:59:51,759 | INFO | execution_binance_main |     tp: 3
2026-02-11 09:59:51,759 | INFO | execution_binance_main |     sl: 1
2026-02-11 09:59:51,764 | INFO | execution_binance_main |     symbol: btc
2026-02-11 09:59:51,764 | INFO | execution_binance_main |     timehorizon: 1h
2026-02-11 09:59:51,765 | INFO | execution_binance_main |     pnl_sum: 3299.01
2026-02-11 09:59:51,765 | INFO | execution_binance_main |     bbands: True
2026-02-11 09:59:51,765 | INFO | execution_binance_main |     ema: True
2026-02-11 09:59:51,766 | INFO | execution_binance_main |     ht_trendline: True
2026-02-11 09:59:51,766 | INFO | execution_binance_main |     kama: True
2026-02-11 09:59:51,766 | INFO | execution_binance_main |     ma: True
2026-02-11 09:59:51,768 | INFO | execution_binance_main |     mama: True
2026-02-11 09:59:51,769 | INFO | execution_binance_main |     sma: True
2026-02-11 09:59:51,769 | INFO | execution_binance_main |     t3: True
2026-02-11 09:59:51,770 | INFO | execution_binance_main |     trima: True
2026-02-11 09:59:51,770 | INFO | execution_binance_main |     adxr: True
2026-02-11 09:59:51,770 | INFO | execution_binance_main |     bop: True
2026-02-11 09:59:51,770 | INFO | execution_binance_main |     cci: True
2026-02-11 09:59:51,770 | INFO | execution_binance_main |     cmo: True
2026-02-11 09:59:51,770 | INFO | execution_binance_main |     dx: True
2026-02-11 09:59:51,773 | INFO | execution_binance_main |     macd: True
2026-02-11 09:59:51,774 | INFO | execution_binance_main |     minus_dm: True
2026-02-11 09:59:51,774 | INFO | execution_binance_main |     plus_di: True
2026-02-11 09:59:51,774 | INFO | execution_binance_main |     plus_dm: True
2026-02-11 09:59:51,775 | INFO | execution_binance_main |     ppo: True
2026-02-11 09:59:51,775 | INFO | execution_binance_main |     rocr: True
2026-02-11 09:59:51,775 | INFO | execution_binance_main |     rocr100: True
2026-02-11 09:59:51,776 | INFO | execution_binance_main |     rsi: True
2026-02-11 09:59:51,776 | INFO | execution_binance_main |     stoch: True
2026-02-11 09:59:51,776 | INFO | execution_binance_main |     stochf: True
2026-02-11 09:59:51,777 | INFO | execution_binance_main |     stochrsi: True
2026-02-11 09:59:51,777 | INFO | execution_binance_main |     ad: True
2026-02-11 09:59:51,777 | INFO | execution_binance_main |     adosc: True
2026-02-11 09:59:51,777 | INFO | execution_binance_main |     atr: True
2026-02-11 09:59:51,778 | INFO | execution_binance_main |     trange: True
2026-02-11 09:59:51,779 | INFO | execution_binance_main |     medprice: True
2026-02-11 09:59:51,779 | INFO | execution_binance_main |     typprice: True
2026-02-11 09:59:51,779 | INFO | execution_binance_main |     ht_phasor: True
2026-02-11 09:59:51,779 | INFO | execution_binance_main |     ht_sine: True
2026-02-11 09:59:51,779 | INFO | execution_binance_main |     linearreg: True
2026-02-11 09:59:51,779 | INFO | execution_binance_main |     linearreg_angle: True
2026-02-11 09:59:51,779 | INFO | execution_binance_main |     linearreg_intercept: True
2026-02-11 09:59:51,779 | INFO | execution_binance_main |     stddev: True
2026-02-11 09:59:51,782 | INFO | execution_binance_main |     var: True
2026-02-11 09:59:51,782 | INFO | execution_binance_main |     cdl3inside: True
2026-02-11 09:59:51,783 | INFO | execution_binance_main |     cdl3linestrike: True
2026-02-11 09:59:51,783 | INFO | execution_binance_main |     cdl3outside: True
2026-02-11 09:59:51,783 | INFO | execution_binance_main |     cdl3starsinsouth: True
2026-02-11 09:59:51,785 | INFO | execution_binance_main |     cdlbelthold: True
2026-02-11 09:59:51,785 | INFO | execution_binance_main |     cdlconcealbabyswall: True
2026-02-11 09:59:51,786 | INFO | execution_binance_main |     cdldragonflydoji: True
2026-02-11 09:59:51,787 | INFO | execution_binance_main |     cdleveningdojistar: True
2026-02-11 09:59:51,787 | INFO | execution_binance_main |     cdlgapsidesidewhite: True
2026-02-11 09:59:51,787 | INFO | execution_binance_main |     cdlharami: True
2026-02-11 09:59:51,789 | INFO | execution_binance_main |     cdlharamicross: True
2026-02-11 09:59:51,789 | INFO | execution_binance_main |     cdlidentical3crows: True
2026-02-11 09:59:51,789 | INFO | execution_binance_main |     cdlladderbottom: True
2026-02-11 09:59:51,789 | INFO | execution_binance_main |     cdlmatchinglow: True
2026-02-11 09:59:51,790 | INFO | execution_binance_main |     cdlmorningdojistar: True
2026-02-11 09:59:51,790 | INFO | execution_binance_main |     cdlmorningstar: True
2026-02-11 09:59:51,790 | INFO | execution_binance_main |     cdlrickshawman: True
2026-02-11 09:59:51,791 | INFO | execution_binance_main |     cdlseparatinglines: True
2026-02-11 09:59:51,791 | INFO | execution_binance_main |     cdlshortline: True
2026-02-11 09:59:51,791 | INFO | execution_binance_main |     cdlspinningtop: True
2026-02-11 09:59:51,791 | INFO | execution_binance_main |     cdlthrusting: True
2026-02-11 09:59:51,791 | INFO | execution_binance_main |     cdlupsidegap2crows: True
2026-02-11 09:59:51,791 | INFO | execution_binance_main |     ema_period: 30
2026-02-11 09:59:51,794 | INFO | execution_binance_main |     trima_period: 30
2026-02-11 09:59:51,794 | INFO | execution_binance_main |     cci_period: 14
2026-02-11 09:59:51,794 | INFO | execution_binance_main |     minus_dm_period: 14
2026-02-11 09:59:51,795 | INFO | execution_binance_main |     plus_di_period: 14
2026-02-11 09:59:51,795 | INFO | execution_binance_main |     plus_dm_period: 14
2026-02-11 09:59:51,796 | INFO | execution_binance_main |     ppo_fastperiod: 12
2026-02-11 09:59:51,796 | INFO | execution_binance_main |     ppo_slowperiod: 26
2026-02-11 09:59:51,796 | INFO | execution_binance_main |     stochf_fastperiod: 14
2026-02-11 09:59:51,797 | INFO | execution_binance_main |     stochf_slowperiod: 3
2026-02-11 09:59:51,797 | INFO | execution_binance_main |     adosc_fastperiod: 3
2026-02-11 09:59:51,797 | INFO | execution_binance_main |     adosc_slowperiod: 10
2026-02-11 09:59:51,797 | INFO | execution_binance_main |     stddev_period: 5
2026-02-11 09:59:51,798 | INFO | execution_binance_main |     var_period: 5
2026-02-11 09:59:51,798 | INFO | execution_binance_main |     bbands_period: 5
2026-02-11 09:59:51,800 | INFO | execution_binance_main |     kama_period: 10
2026-02-11 09:59:51,800 | INFO | execution_binance_main |     sma_period: 30
2026-02-11 09:59:51,801 | INFO | execution_binance_main |     adxr_period: 14
2026-02-11 09:59:51,801 | INFO | execution_binance_main |     rocr_period: 10
2026-02-11 09:59:51,802 | INFO | execution_binance_main |     rsi_period: 14
2026-02-11 09:59:51,803 | INFO | execution_binance_main |     atr_period: 14
2026-02-11 09:59:51,803 | INFO | execution_binance_main |     linearreg_period: 14
2026-02-11 09:59:51,803 | INFO | execution_binance_main |     linearreg_angle_period: 14
2026-02-11 09:59:51,804 | INFO | execution_binance_main |     ma_period: 30
2026-02-11 09:59:51,806 | INFO | execution_binance_main |     t3_period: 14
2026-02-11 09:59:51,806 | INFO | execution_binance_main |     cmo_period: 14
2026-02-11 09:59:51,806 | INFO | execution_binance_main |     macd_fastperiod: 12
2026-02-11 09:59:51,807 | INFO | execution_binance_main |     macd_slowperiod: 26
2026-02-11 09:59:51,807 | INFO | execution_binance_main |     macd_signalperiod: 9
2026-02-11 09:59:51,807 | INFO | execution_binance_main |     stoch_fastk_period: 14
2026-02-11 09:59:51,807 | INFO | execution_binance_main |     stoch_slowk_period: 3
2026-02-11 09:59:51,808 | INFO | execution_binance_main |     stoch_slowd_period: 3
2026-02-11 09:59:51,808 | INFO | execution_binance_main |     stochrsi_period: 14
2026-02-11 09:59:51,808 | INFO | execution_binance_main |     dx_period: 14
2026-02-11 09:59:51,808 | INFO | execution_binance_main |     rocr100_period: 10
2026-02-11 09:59:51,808 | INFO | execution_binance_main |     linearreg_intercept_period: 14
2026-02-11 09:59:51,808 | INFO | execution_binance_main | Strategy sig_1h_btc_40 → Highest window value among specified patterns: 30
2026-02-11 09:59:51,814 | INFO | execution_binance_main | Strategy sig_1h_btc_41 → ALL columns:
2026-02-11 09:59:51,815 | INFO | execution_binance_main |     strategy: sig_1h_btc_41
2026-02-11 09:59:51,815 | INFO | execution_binance_main |     tp: 3
2026-02-11 09:59:51,817 | INFO | execution_binance_main |     sl: 1
2026-02-11 09:59:51,817 | INFO | execution_binance_main |     symbol: btc
2026-02-11 09:59:51,818 | INFO | execution_binance_main |     timehorizon: 1h
2026-02-11 09:59:51,818 | INFO | execution_binance_main |     pnl_sum: 3210.82
2026-02-11 09:59:51,818 | INFO | execution_binance_main |     bbands: True
2026-02-11 09:59:51,819 | INFO | execution_binance_main |     dema: True
2026-02-11 09:59:51,819 | INFO | execution_binance_main |     ema: True
2026-02-11 09:59:51,820 | INFO | execution_binance_main |     ht_trendline: True
2026-02-11 09:59:51,820 | INFO | execution_binance_main |     ma: True
2026-02-11 09:59:51,821 | INFO | execution_binance_main |     mama: True
2026-02-11 09:59:51,821 | INFO | execution_binance_main |     sarext: True
2026-02-11 09:59:51,822 | INFO | execution_binance_main |     sma: True
2026-02-11 09:59:51,823 | INFO | execution_binance_main |     tema: True
2026-02-11 09:59:51,824 | INFO | execution_binance_main |     wma: True
2026-02-11 09:59:51,825 | INFO | execution_binance_main |     adx: True
2026-02-11 09:59:51,825 | INFO | execution_binance_main |     adxr: True
2026-02-11 09:59:51,826 | INFO | execution_binance_main |     aroonosc: True
2026-02-11 09:59:51,827 | INFO | execution_binance_main |     macd: True
2026-02-11 09:59:51,828 | INFO | execution_binance_main |     mfi: True
2026-02-11 09:59:51,828 | INFO | execution_binance_main |     minus_dm: True
2026-02-11 09:59:51,829 | INFO | execution_binance_main |     roc: True
2026-02-11 09:59:51,829 | INFO | execution_binance_main |     rocp: True
2026-02-11 09:59:51,829 | INFO | execution_binance_main |     rocr100: True
2026-02-11 09:59:51,829 | INFO | execution_binance_main |     rsi: True
2026-02-11 09:59:51,829 | INFO | execution_binance_main |     trix: True
2026-02-11 09:59:51,829 | INFO | execution_binance_main |     willr: True
2026-02-11 09:59:51,829 | INFO | execution_binance_main |     ad: True
2026-02-11 09:59:51,832 | INFO | execution_binance_main |     obv: True
2026-02-11 09:59:51,832 | INFO | execution_binance_main |     typprice: True
2026-02-11 09:59:51,832 | INFO | execution_binance_main |     ht_phasor: True
2026-02-11 09:59:51,833 | INFO | execution_binance_main |     ht_sine: True
2026-02-11 09:59:51,833 | INFO | execution_binance_main |     linearreg: True
2026-02-11 09:59:51,834 | INFO | execution_binance_main |     linearreg_intercept: True
2026-02-11 09:59:51,835 | INFO | execution_binance_main |     stddev: True
2026-02-11 09:59:51,835 | INFO | execution_binance_main |     cdl2crows: True
2026-02-11 09:59:51,836 | INFO | execution_binance_main |     cdl3starsinsouth: True
2026-02-11 09:59:51,837 | INFO | execution_binance_main |     cdlbelthold: True
2026-02-11 09:59:51,838 | INFO | execution_binance_main |     cdlbreakaway: True
2026-02-11 09:59:51,838 | INFO | execution_binance_main |     cdlclosingmarubozu: True
2026-02-11 09:59:51,839 | INFO | execution_binance_main |     cdlconcealbabyswall: True
2026-02-11 09:59:51,839 | INFO | execution_binance_main |     cdlcounterattack: True
2026-02-11 09:59:51,840 | INFO | execution_binance_main |     cdlengulfing: True
2026-02-11 09:59:51,840 | INFO | execution_binance_main |     cdleveningdojistar: True
2026-02-11 09:59:51,840 | INFO | execution_binance_main |     cdlharamicross: True
2026-02-11 09:59:51,840 | INFO | execution_binance_main |     cdlhighwave: True
2026-02-11 09:59:51,842 | INFO | execution_binance_main |     cdlhikkake: True
2026-02-11 09:59:51,842 | INFO | execution_binance_main |     cdlhomingpigeon: True
2026-02-11 09:59:51,842 | INFO | execution_binance_main |     cdlidentical3crows: True
2026-02-11 09:59:51,842 | INFO | execution_binance_main |     cdlkicking: True
2026-02-11 09:59:51,843 | INFO | execution_binance_main |     cdlkickingbylength: True
2026-02-11 09:59:51,844 | INFO | execution_binance_main |     cdlmatchinglow: True
2026-02-11 09:59:51,844 | INFO | execution_binance_main |     cdlmathold: True
2026-02-11 09:59:51,844 | INFO | execution_binance_main |     cdlmorningdojistar: True
2026-02-11 09:59:51,844 | INFO | execution_binance_main |     cdlmorningstar: True
2026-02-11 09:59:51,844 | INFO | execution_binance_main |     cdlpiercing: True
2026-02-11 09:59:51,844 | INFO | execution_binance_main |     cdlrickshawman: True
2026-02-11 09:59:51,844 | INFO | execution_binance_main |     cdlshootingstar: True
2026-02-11 09:59:51,844 | INFO | execution_binance_main |     cdlsticksandwich: True
2026-02-11 09:59:51,844 | INFO | execution_binance_main |     cdltakuri: True
2026-02-11 09:59:51,844 | INFO | execution_binance_main |     cdlthrusting: True
2026-02-11 09:59:51,844 | INFO | execution_binance_main |     cdltristar: True
2026-02-11 09:59:51,844 | INFO | execution_binance_main |     cdlupsidegap2crows: True
2026-02-11 09:59:51,844 | INFO | execution_binance_main |     ema_period: 30
2026-02-11 09:59:51,849 | INFO | execution_binance_main |     wma_period: 30
2026-02-11 09:59:51,849 | INFO | execution_binance_main |     aroonosc_period: 14
2026-02-11 09:59:51,850 | INFO | execution_binance_main |     minus_dm_period: 14
2026-02-11 09:59:51,851 | INFO | execution_binance_main |     roc_period: 10
2026-02-11 09:59:51,851 | INFO | execution_binance_main |     trix_period: 14
2026-02-11 09:59:51,852 | INFO | execution_binance_main |     willr_period: 14
2026-02-11 09:59:51,853 | INFO | execution_binance_main |     stddev_period: 5
2026-02-11 09:59:51,853 | INFO | execution_binance_main |     bbands_period: 5
2026-02-11 09:59:51,853 | INFO | execution_binance_main |     dema_period: 30
2026-02-11 09:59:51,853 | INFO | execution_binance_main |     sma_period: 30
2026-02-11 09:59:51,853 | INFO | execution_binance_main |     tema_period: 30
2026-02-11 09:59:51,853 | INFO | execution_binance_main |     adxr_period: 14
2026-02-11 09:59:51,857 | INFO | execution_binance_main |     mfi_period: 14
2026-02-11 09:59:51,857 | INFO | execution_binance_main |     rsi_period: 14
2026-02-11 09:59:51,857 | INFO | execution_binance_main |     linearreg_period: 14
2026-02-11 09:59:51,859 | INFO | execution_binance_main |     ma_period: 30
2026-02-11 09:59:51,859 | INFO | execution_binance_main |     macd_fastperiod: 12
2026-02-11 09:59:51,859 | INFO | execution_binance_main |     macd_slowperiod: 26
2026-02-11 09:59:51,860 | INFO | execution_binance_main |     macd_signalperiod: 9
2026-02-11 09:59:51,860 | INFO | execution_binance_main |     rocp_period: 10
2026-02-11 09:59:51,860 | INFO | execution_binance_main |     adx_period: 14
2026-02-11 09:59:51,860 | INFO | execution_binance_main |     rocr100_period: 10
2026-02-11 09:59:51,861 | INFO | execution_binance_main |     linearreg_intercept_period: 14
2026-02-11 09:59:51,861 | INFO | execution_binance_main | Strategy sig_1h_btc_41 → Highest window value among specified patterns: 30
2026-02-11 09:59:51,866 | INFO | execution_binance_main | Strategy sig_1h_btc_42 → ALL columns:
2026-02-11 09:59:51,866 | INFO | execution_binance_main |     strategy: sig_1h_btc_42
2026-02-11 09:59:51,868 | INFO | execution_binance_main |     tp: 3
2026-02-11 09:59:51,868 | INFO | execution_binance_main |     sl: 1
2026-02-11 09:59:51,869 | INFO | execution_binance_main |     symbol: btc
2026-02-11 09:59:51,870 | INFO | execution_binance_main |     timehorizon: 1h
2026-02-11 09:59:51,870 | INFO | execution_binance_main |     pnl_sum: 2815.44
2026-02-11 09:59:51,871 | INFO | execution_binance_main |     bbands: True
2026-02-11 09:59:51,872 | INFO | execution_binance_main |     dema: True
2026-02-11 09:59:51,872 | INFO | execution_binance_main |     kama: True
2026-02-11 09:59:51,872 | INFO | execution_binance_main |     mama: True
2026-02-11 09:59:51,873 | INFO | execution_binance_main |     midprice: True
2026-02-11 09:59:51,873 | INFO | execution_binance_main |     sma: True
2026-02-11 09:59:51,874 | INFO | execution_binance_main |     t3: True
2026-02-11 09:59:51,874 | INFO | execution_binance_main |     wma: True
2026-02-11 09:59:51,874 | INFO | execution_binance_main |     aroonosc: True
2026-02-11 09:59:51,875 | INFO | execution_binance_main |     bop: True
2026-02-11 09:59:51,875 | INFO | execution_binance_main |     cci: True
2026-02-11 09:59:51,875 | INFO | execution_binance_main |     cmo: True
2026-02-11 09:59:51,875 | INFO | execution_binance_main |     minus_di: True
2026-02-11 09:59:51,875 | INFO | execution_binance_main |     minus_dm: True
2026-02-11 09:59:51,875 | INFO | execution_binance_main |     plus_di: True
2026-02-11 09:59:51,875 | INFO | execution_binance_main |     plus_dm: True
2026-02-11 09:59:51,875 | INFO | execution_binance_main |     ppo: True
2026-02-11 09:59:51,875 | INFO | execution_binance_main |     rocr: True
2026-02-11 09:59:51,879 | INFO | execution_binance_main |     rocr100: True
2026-02-11 09:59:51,879 | INFO | execution_binance_main |     stochf: True
2026-02-11 09:59:51,879 | INFO | execution_binance_main |     trix: True
2026-02-11 09:59:51,879 | INFO | execution_binance_main |     willr: True
2026-02-11 09:59:51,879 | INFO | execution_binance_main |     adosc: True
2026-02-11 09:59:51,880 | INFO | execution_binance_main |     obv: True
2026-02-11 09:59:51,880 | INFO | execution_binance_main |     trange: True
2026-02-11 09:59:51,880 | INFO | execution_binance_main |     avgprice: True
2026-02-11 09:59:51,880 | INFO | execution_binance_main |     wclprice: True
2026-02-11 09:59:51,882 | INFO | execution_binance_main |     ht_dcphase: True
2026-02-11 09:59:51,882 | INFO | execution_binance_main |     ht_sine: True
2026-02-11 09:59:51,882 | INFO | execution_binance_main |     linearreg: True
2026-02-11 09:59:51,882 | INFO | execution_binance_main |     linearreg_angle: True
2026-02-11 09:59:51,883 | INFO | execution_binance_main |     var: True
2026-02-11 09:59:51,883 | INFO | execution_binance_main |     cdl3blackcrows: True
2026-02-11 09:59:51,884 | INFO | execution_binance_main |     cdl3inside: True
2026-02-11 09:59:51,884 | INFO | execution_binance_main |     cdl3linestrike: True
2026-02-11 09:59:51,885 | INFO | execution_binance_main |     cdl3outside: True
2026-02-11 09:59:51,885 | INFO | execution_binance_main |     cdlbelthold: True
2026-02-11 09:59:51,887 | INFO | execution_binance_main |     cdlbreakaway: True
2026-02-11 09:59:51,887 | INFO | execution_binance_main |     cdlcounterattack: True
2026-02-11 09:59:51,889 | INFO | execution_binance_main |     cdlgravestonedoji: True
2026-02-11 09:59:51,890 | INFO | execution_binance_main |     cdlhammer: True
2026-02-11 09:59:51,890 | INFO | execution_binance_main |     cdlhangingman: True
2026-02-11 09:59:51,891 | INFO | execution_binance_main |     cdlharami: True
2026-02-11 09:59:51,891 | INFO | execution_binance_main |     cdlhighwave: True
2026-02-11 09:59:51,892 | INFO | execution_binance_main |     cdlhikkakemod: True
2026-02-11 09:59:51,892 | INFO | execution_binance_main |     cdlhomingpigeon: True
2026-02-11 09:59:51,892 | INFO | execution_binance_main |     cdlinneck: True
2026-02-11 09:59:51,892 | INFO | execution_binance_main |     cdlinvertedhammer: True
2026-02-11 09:59:51,892 | INFO | execution_binance_main |     cdlkicking: True
2026-02-11 09:59:51,892 | INFO | execution_binance_main |     cdlladderbottom: True
2026-02-11 09:59:51,892 | INFO | execution_binance_main |     cdllongleggeddoji: True
2026-02-11 09:59:51,892 | INFO | execution_binance_main |     cdllongline: True
2026-02-11 09:59:51,892 | INFO | execution_binance_main |     cdlmatchinglow: True
2026-02-11 09:59:51,895 | INFO | execution_binance_main |     cdlmorningdojistar: True
2026-02-11 09:59:51,895 | INFO | execution_binance_main |     cdlmorningstar: True
2026-02-11 09:59:51,895 | INFO | execution_binance_main |     cdlrickshawman: True
2026-02-11 09:59:51,897 | INFO | execution_binance_main |     cdlrisefall3methods: True
2026-02-11 09:59:51,897 | INFO | execution_binance_main |     cdlseparatinglines: True
2026-02-11 09:59:51,897 | INFO | execution_binance_main |     cdlshootingstar: True
2026-02-11 09:59:51,898 | INFO | execution_binance_main |     cdlspinningtop: True
2026-02-11 09:59:51,898 | INFO | execution_binance_main |     cdlstalledpattern: True
2026-02-11 09:59:51,898 | INFO | execution_binance_main |     cdlsticksandwich: True
2026-02-11 09:59:51,898 | INFO | execution_binance_main |     cdltasukigap: True
2026-02-11 09:59:51,899 | INFO | execution_binance_main |     cdltristar: True
2026-02-11 09:59:51,899 | INFO | execution_binance_main |     cdlupsidegap2crows: True
2026-02-11 09:59:51,900 | INFO | execution_binance_main |     cdlxsidegap3methods: True
2026-02-11 09:59:51,901 | INFO | execution_binance_main |     midprice_period: 14
2026-02-11 09:59:51,901 | INFO | execution_binance_main |     wma_period: 30
2026-02-11 09:59:51,902 | INFO | execution_binance_main |     aroonosc_period: 14
2026-02-11 09:59:51,903 | INFO | execution_binance_main |     cci_period: 14
2026-02-11 09:59:51,903 | INFO | execution_binance_main |     minus_dm_period: 14
2026-02-11 09:59:51,903 | INFO | execution_binance_main |     plus_di_period: 14
2026-02-11 09:59:51,905 | INFO | execution_binance_main |     plus_dm_period: 14
2026-02-11 09:59:51,906 | INFO | execution_binance_main |     ppo_fastperiod: 12
2026-02-11 09:59:51,906 | INFO | execution_binance_main |     ppo_slowperiod: 26
2026-02-11 09:59:51,906 | INFO | execution_binance_main |     stochf_fastperiod: 14
2026-02-11 09:59:51,907 | INFO | execution_binance_main |     stochf_slowperiod: 3
2026-02-11 09:59:51,907 | INFO | execution_binance_main |     trix_period: 14
2026-02-11 09:59:51,907 | INFO | execution_binance_main |     willr_period: 14
2026-02-11 09:59:51,908 | INFO | execution_binance_main |     adosc_fastperiod: 3
2026-02-11 09:59:51,908 | INFO | execution_binance_main |     adosc_slowperiod: 10
2026-02-11 09:59:51,908 | INFO | execution_binance_main |     var_period: 5
2026-02-11 09:59:51,908 | INFO | execution_binance_main |     bbands_period: 5
2026-02-11 09:59:51,909 | INFO | execution_binance_main |     dema_period: 30
2026-02-11 09:59:51,909 | INFO | execution_binance_main |     kama_period: 10
2026-02-11 09:59:51,909 | INFO | execution_binance_main |     sma_period: 30
2026-02-11 09:59:51,910 | INFO | execution_binance_main |     rocr_period: 10
2026-02-11 09:59:51,910 | INFO | execution_binance_main |     linearreg_period: 14
2026-02-11 09:59:51,910 | INFO | execution_binance_main |     linearreg_angle_period: 14
2026-02-11 09:59:51,911 | INFO | execution_binance_main |     t3_period: 14
2026-02-11 09:59:51,911 | INFO | execution_binance_main |     cmo_period: 14
2026-02-11 09:59:51,912 | INFO | execution_binance_main |     minus_di_period: 14
2026-02-11 09:59:51,912 | INFO | execution_binance_main |     rocr100_period: 10
2026-02-11 09:59:51,912 | INFO | execution_binance_main | Strategy sig_1h_btc_42 → Highest window value among specified patterns: 30
2026-02-11 09:59:51,917 | INFO | execution_binance_main | Strategy sig_1h_btc_43 → ALL columns:
2026-02-11 09:59:51,917 | INFO | execution_binance_main |     strategy: sig_1h_btc_43
2026-02-11 09:59:51,918 | INFO | execution_binance_main |     tp: 3
2026-02-11 09:59:51,919 | INFO | execution_binance_main |     sl: 1
2026-02-11 09:59:51,919 | INFO | execution_binance_main |     symbol: btc
2026-02-11 09:59:51,920 | INFO | execution_binance_main |     timehorizon: 1h
2026-02-11 09:59:51,920 | INFO | execution_binance_main |     pnl_sum: 3096.5
2026-02-11 09:59:51,921 | INFO | execution_binance_main |     kama: True
2026-02-11 09:59:51,921 | INFO | execution_binance_main |     mama: True
2026-02-11 09:59:51,921 | INFO | execution_binance_main |     midpoint: True
2026-02-11 09:59:51,923 | INFO | execution_binance_main |     midprice: True
2026-02-11 09:59:51,923 | INFO | execution_binance_main |     sma: True
2026-02-11 09:59:51,923 | INFO | execution_binance_main |     tema: True
2026-02-11 09:59:51,924 | INFO | execution_binance_main |     adx: True
2026-02-11 09:59:51,924 | INFO | execution_binance_main |     adxr: True
2026-02-11 09:59:51,924 | INFO | execution_binance_main |     apo: True
2026-02-11 09:59:51,925 | INFO | execution_binance_main |     cci: True
2026-02-11 09:59:51,925 | INFO | execution_binance_main |     dx: True
2026-02-11 09:59:51,925 | INFO | execution_binance_main |     mfi: True
2026-02-11 09:59:51,925 | INFO | execution_binance_main |     plus_di: True
2026-02-11 09:59:51,925 | INFO | execution_binance_main |     plus_dm: True
2026-02-11 09:59:51,925 | INFO | execution_binance_main |     ppo: True
2026-02-11 09:59:51,925 | INFO | execution_binance_main |     roc: True
2026-02-11 09:59:51,925 | INFO | execution_binance_main |     rocr: True
2026-02-11 09:59:51,925 | INFO | execution_binance_main |     rocr100: True
2026-02-11 09:59:51,925 | INFO | execution_binance_main |     rsi: True
2026-02-11 09:59:51,929 | INFO | execution_binance_main |     stochrsi: True
2026-02-11 09:59:51,929 | INFO | execution_binance_main |     willr: True
2026-02-11 09:59:51,929 | INFO | execution_binance_main |     ad: True
2026-02-11 09:59:51,930 | INFO | execution_binance_main |     adosc: True
2026-02-11 09:59:51,930 | INFO | execution_binance_main |     obv: True
2026-02-11 09:59:51,930 | INFO | execution_binance_main |     natr: True
2026-02-11 09:59:51,931 | INFO | execution_binance_main |     ht_dcphase: True
2026-02-11 09:59:51,931 | INFO | execution_binance_main |     ht_sine: True
2026-02-11 09:59:51,931 | INFO | execution_binance_main |     ht_trendmode: True
2026-02-11 09:59:51,931 | INFO | execution_binance_main |     linearreg: True
2026-02-11 09:59:51,932 | INFO | execution_binance_main |     linearreg_angle: True
2026-02-11 09:59:51,932 | INFO | execution_binance_main |     linearreg_intercept: True
2026-02-11 09:59:51,932 | INFO | execution_binance_main |     linearreg_slope: True
2026-02-11 09:59:51,933 | INFO | execution_binance_main |     cdl3starsinsouth: True
2026-02-11 09:59:51,933 | INFO | execution_binance_main |     cdlabandonedbaby: True
2026-02-11 09:59:51,933 | INFO | execution_binance_main |     cdladvanceblock: True
2026-02-11 09:59:51,934 | INFO | execution_binance_main |     cdlbreakaway: True
2026-02-11 09:59:51,935 | INFO | execution_binance_main |     cdlclosingmarubozu: True
2026-02-11 09:59:51,936 | INFO | execution_binance_main |     cdldarkcloudcover: True
2026-02-11 09:59:51,937 | INFO | execution_binance_main |     cdldoji: True
2026-02-11 09:59:51,937 | INFO | execution_binance_main |     cdleveningdojistar: True
2026-02-11 09:59:51,938 | INFO | execution_binance_main |     cdleveningstar: True
2026-02-11 09:59:51,939 | INFO | execution_binance_main |     cdlgapsidesidewhite: True
2026-02-11 09:59:51,939 | INFO | execution_binance_main |     cdlharami: True
2026-02-11 09:59:51,939 | INFO | execution_binance_main |     cdlharamicross: True
2026-02-11 09:59:51,939 | INFO | execution_binance_main |     cdlhighwave: True
2026-02-11 09:59:51,940 | INFO | execution_binance_main |     cdlhikkakemod: True
2026-02-11 09:59:51,940 | INFO | execution_binance_main |     cdlhomingpigeon: True
2026-02-11 09:59:51,940 | INFO | execution_binance_main |     cdlidentical3crows: True
2026-02-11 09:59:51,940 | INFO | execution_binance_main |     cdlinneck: True
2026-02-11 09:59:51,941 | INFO | execution_binance_main |     cdlinvertedhammer: True
2026-02-11 09:59:51,941 | INFO | execution_binance_main |     cdlkicking: True
2026-02-11 09:59:51,941 | INFO | execution_binance_main |     cdllongleggeddoji: True
2026-02-11 09:59:51,941 | INFO | execution_binance_main |     cdlmarubozu: True
2026-02-11 09:59:51,941 | INFO | execution_binance_main |     cdlmatchinglow: True
2026-02-11 09:59:51,941 | INFO | execution_binance_main |     cdlmathold: True
2026-02-11 09:59:51,941 | INFO | execution_binance_main |     cdlmorningdojistar: True
2026-02-11 09:59:51,941 | INFO | execution_binance_main |     cdlonneck: True
2026-02-11 09:59:51,944 | INFO | execution_binance_main |     cdlpiercing: True
2026-02-11 09:59:51,944 | INFO | execution_binance_main |     cdlrisefall3methods: True
2026-02-11 09:59:51,945 | INFO | execution_binance_main |     cdlshootingstar: True
2026-02-11 09:59:51,945 | INFO | execution_binance_main |     cdlsticksandwich: True
2026-02-11 09:59:51,945 | INFO | execution_binance_main |     cdlthrusting: True
2026-02-11 09:59:51,946 | INFO | execution_binance_main |     cdlunique3river: True
2026-02-11 09:59:51,946 | INFO | execution_binance_main |     cdlupsidegap2crows: True
2026-02-11 09:59:51,946 | INFO | execution_binance_main |     midpoint_period: 14
2026-02-11 09:59:51,947 | INFO | execution_binance_main |     midprice_period: 14
2026-02-11 09:59:51,947 | INFO | execution_binance_main |     cci_period: 14
2026-02-11 09:59:51,947 | INFO | execution_binance_main |     plus_di_period: 14
2026-02-11 09:59:51,947 | INFO | execution_binance_main |     plus_dm_period: 14
2026-02-11 09:59:51,948 | INFO | execution_binance_main |     ppo_fastperiod: 12
2026-02-11 09:59:51,948 | INFO | execution_binance_main |     ppo_slowperiod: 26
2026-02-11 09:59:51,948 | INFO | execution_binance_main |     roc_period: 10
2026-02-11 09:59:51,949 | INFO | execution_binance_main |     willr_period: 14
2026-02-11 09:59:51,949 | INFO | execution_binance_main |     adosc_fastperiod: 3
2026-02-11 09:59:51,950 | INFO | execution_binance_main |     adosc_slowperiod: 10
2026-02-11 09:59:51,950 | INFO | execution_binance_main |     linearreg_slope_period: 14
2026-02-11 09:59:51,951 | INFO | execution_binance_main |     kama_period: 10
2026-02-11 09:59:51,952 | INFO | execution_binance_main |     sma_period: 30
2026-02-11 09:59:51,952 | INFO | execution_binance_main |     tema_period: 30
2026-02-11 09:59:51,953 | INFO | execution_binance_main |     adxr_period: 14
2026-02-11 09:59:51,953 | INFO | execution_binance_main |     apo_period: 12
2026-02-11 09:59:51,953 | INFO | execution_binance_main |     mfi_period: 14
2026-02-11 09:59:51,955 | INFO | execution_binance_main |     rocr_period: 10
2026-02-11 09:59:51,957 | INFO | execution_binance_main |     rsi_period: 14
2026-02-11 09:59:51,957 | INFO | execution_binance_main |     natr_period: 14
2026-02-11 09:59:51,963 | INFO | execution_binance_main |     linearreg_period: 14
2026-02-11 09:59:51,963 | INFO | execution_binance_main |     linearreg_angle_period: 14
2026-02-11 09:59:51,964 | INFO | execution_binance_main |     stochrsi_period: 14
2026-02-11 09:59:51,964 | INFO | execution_binance_main |     adx_period: 14
2026-02-11 09:59:51,964 | INFO | execution_binance_main |     dx_period: 14
2026-02-11 09:59:51,964 | INFO | execution_binance_main |     rocr100_period: 10
2026-02-11 09:59:51,966 | INFO | execution_binance_main |     linearreg_intercept_period: 14
2026-02-11 09:59:51,966 | INFO | execution_binance_main | Strategy sig_1h_btc_43 → Highest window value among specified patterns: 30
2026-02-11 09:59:51,973 | INFO | execution_binance_main | Strategy sig_1h_btc_44 → ALL columns:
2026-02-11 09:59:51,974 | INFO | execution_binance_main |     strategy: sig_1h_btc_44
2026-02-11 09:59:51,974 | INFO | execution_binance_main |     tp: 3
2026-02-11 09:59:51,974 | INFO | execution_binance_main |     sl: 1
2026-02-11 09:59:51,975 | INFO | execution_binance_main |     symbol: btc
2026-02-11 09:59:51,975 | INFO | execution_binance_main |     timehorizon: 1h
2026-02-11 09:59:51,976 | INFO | execution_binance_main |     pnl_sum: 2564.38
2026-02-11 09:59:51,976 | INFO | execution_binance_main |     bbands: True
2026-02-11 09:59:51,976 | INFO | execution_binance_main |     dema: True
2026-02-11 09:59:51,976 | INFO | execution_binance_main |     ema: True
2026-02-11 09:59:51,976 | INFO | execution_binance_main |     ht_trendline: True
2026-02-11 09:59:51,978 | INFO | execution_binance_main |     sarext: True
2026-02-11 09:59:51,978 | INFO | execution_binance_main |     tema: True
2026-02-11 09:59:51,978 | INFO | execution_binance_main |     adx: True
2026-02-11 09:59:51,978 | INFO | execution_binance_main |     adxr: True
2026-02-11 09:59:51,979 | INFO | execution_binance_main |     aroon: True
2026-02-11 09:59:51,979 | INFO | execution_binance_main |     aroonosc: True
2026-02-11 09:59:51,980 | INFO | execution_binance_main |     cci: True
2026-02-11 09:59:51,980 | INFO | execution_binance_main |     cmo: True
2026-02-11 09:59:51,980 | INFO | execution_binance_main |     macd: True
2026-02-11 09:59:51,980 | INFO | execution_binance_main |     macdext: True
2026-02-11 09:59:51,982 | INFO | execution_binance_main |     mfi: True
2026-02-11 09:59:51,982 | INFO | execution_binance_main |     minus_dm: True
2026-02-11 09:59:51,982 | INFO | execution_binance_main |     plus_dm: True
2026-02-11 09:59:51,983 | INFO | execution_binance_main |     ppo: True
2026-02-11 09:59:51,983 | INFO | execution_binance_main |     roc: True
2026-02-11 09:59:51,984 | INFO | execution_binance_main |     rocp: True
2026-02-11 09:59:51,985 | INFO | execution_binance_main |     rocr: True
2026-02-11 09:59:51,985 | INFO | execution_binance_main |     stochf: True
2026-02-11 09:59:51,986 | INFO | execution_binance_main |     stochrsi: True
2026-02-11 09:59:51,987 | INFO | execution_binance_main |     trix: True
2026-02-11 09:59:51,987 | INFO | execution_binance_main |     willr: True
2026-02-11 09:59:51,988 | INFO | execution_binance_main |     adosc: True
2026-02-11 09:59:51,988 | INFO | execution_binance_main |     natr: True
2026-02-11 09:59:51,988 | INFO | execution_binance_main |     avgprice: True
2026-02-11 09:59:51,990 | INFO | execution_binance_main |     wclprice: True
2026-02-11 09:59:51,990 | INFO | execution_binance_main |     ht_phasor: True
2026-02-11 09:59:51,990 | INFO | execution_binance_main |     ht_sine: True
2026-02-11 09:59:51,991 | INFO | execution_binance_main |     ht_trendmode: True
2026-02-11 09:59:51,991 | INFO | execution_binance_main |     linearreg: True
2026-02-11 09:59:51,991 | INFO | execution_binance_main |     linearreg_angle: True
2026-02-11 09:59:51,991 | INFO | execution_binance_main |     linearreg_slope: True
2026-02-11 09:59:51,992 | INFO | execution_binance_main |     stddev: True
2026-02-11 09:59:51,992 | INFO | execution_binance_main |     var: True
2026-02-11 09:59:51,992 | INFO | execution_binance_main |     cdl3inside: True
2026-02-11 09:59:51,994 | INFO | execution_binance_main |     cdl3linestrike: True
2026-02-11 09:59:51,994 | INFO | execution_binance_main |     cdlbreakaway: True
2026-02-11 09:59:51,994 | INFO | execution_binance_main |     cdlclosingmarubozu: True
2026-02-11 09:59:51,995 | INFO | execution_binance_main |     cdldarkcloudcover: True
2026-02-11 09:59:51,995 | INFO | execution_binance_main |     cdldojistar: True
2026-02-11 09:59:51,995 | INFO | execution_binance_main |     cdldragonflydoji: True
2026-02-11 09:59:51,996 | INFO | execution_binance_main |     cdleveningdojistar: True
2026-02-11 09:59:51,996 | INFO | execution_binance_main |     cdlgapsidesidewhite: True
2026-02-11 09:59:51,997 | INFO | execution_binance_main |     cdlgravestonedoji: True
2026-02-11 09:59:51,997 | INFO | execution_binance_main |     cdlhangingman: True
2026-02-11 09:59:51,997 | INFO | execution_binance_main |     cdlharamicross: True
2026-02-11 09:59:51,997 | INFO | execution_binance_main |     cdlhikkake: True
2026-02-11 09:59:51,999 | INFO | execution_binance_main |     cdlidentical3crows: True
2026-02-11 09:59:51,999 | INFO | execution_binance_main |     cdlinneck: True
2026-02-11 09:59:51,999 | INFO | execution_binance_main |     cdlinvertedhammer: True
2026-02-11 09:59:52,001 | INFO | execution_binance_main |     cdllongline: True
2026-02-11 09:59:52,001 | INFO | execution_binance_main |     cdlmarubozu: True
2026-02-11 09:59:52,002 | INFO | execution_binance_main |     cdlmorningstar: True
2026-02-11 09:59:52,003 | INFO | execution_binance_main |     cdlonneck: True
2026-02-11 09:59:52,003 | INFO | execution_binance_main |     cdlpiercing: True
2026-02-11 09:59:52,003 | INFO | execution_binance_main |     cdlrisefall3methods: True
2026-02-11 09:59:52,003 | INFO | execution_binance_main |     cdlshootingstar: True
2026-02-11 09:59:52,006 | INFO | execution_binance_main |     cdlshortline: True
2026-02-11 09:59:52,006 | INFO | execution_binance_main |     cdlstalledpattern: True
2026-02-11 09:59:52,006 | INFO | execution_binance_main |     cdltakuri: True
2026-02-11 09:59:52,007 | INFO | execution_binance_main |     cdlupsidegap2crows: True
2026-02-11 09:59:52,007 | INFO | execution_binance_main |     cdlxsidegap3methods: True
2026-02-11 09:59:52,007 | INFO | execution_binance_main |     ema_period: 30
2026-02-11 09:59:52,007 | INFO | execution_binance_main |     aroonosc_period: 14
2026-02-11 09:59:52,008 | INFO | execution_binance_main |     cci_period: 14
2026-02-11 09:59:52,008 | INFO | execution_binance_main |     minus_dm_period: 14
2026-02-11 09:59:52,009 | INFO | execution_binance_main |     plus_dm_period: 14
2026-02-11 09:59:52,009 | INFO | execution_binance_main |     ppo_fastperiod: 12
2026-02-11 09:59:52,009 | INFO | execution_binance_main |     ppo_slowperiod: 26
2026-02-11 09:59:52,010 | INFO | execution_binance_main |     roc_period: 10
2026-02-11 09:59:52,010 | INFO | execution_binance_main |     stochf_fastperiod: 14
2026-02-11 09:59:52,010 | INFO | execution_binance_main |     stochf_slowperiod: 3
2026-02-11 09:59:52,010 | INFO | execution_binance_main |     trix_period: 14
2026-02-11 09:59:52,013 | INFO | execution_binance_main |     willr_period: 14
2026-02-11 09:59:52,013 | INFO | execution_binance_main |     adosc_fastperiod: 3
2026-02-11 09:59:52,013 | INFO | execution_binance_main |     adosc_slowperiod: 10
2026-02-11 09:59:52,014 | INFO | execution_binance_main |     linearreg_slope_period: 14
2026-02-11 09:59:52,014 | INFO | execution_binance_main |     stddev_period: 5
2026-02-11 09:59:52,014 | INFO | execution_binance_main |     var_period: 5
2026-02-11 09:59:52,016 | INFO | execution_binance_main |     bbands_period: 5
2026-02-11 09:59:52,016 | INFO | execution_binance_main |     dema_period: 30
2026-02-11 09:59:52,016 | INFO | execution_binance_main |     tema_period: 30
2026-02-11 09:59:52,017 | INFO | execution_binance_main |     adxr_period: 14
2026-02-11 09:59:52,018 | INFO | execution_binance_main |     aroon_period: 14
2026-02-11 09:59:52,019 | INFO | execution_binance_main |     macdext_fastperiod: 12
2026-02-11 09:59:52,020 | INFO | execution_binance_main |     macdext_slowperiod: 26
2026-02-11 09:59:52,021 | INFO | execution_binance_main |     macdext_signalperiod: 9
2026-02-11 09:59:52,021 | INFO | execution_binance_main |     mfi_period: 14
2026-02-11 09:59:52,021 | INFO | execution_binance_main |     rocr_period: 10
2026-02-11 09:59:52,021 | INFO | execution_binance_main |     natr_period: 14
2026-02-11 09:59:52,021 | INFO | execution_binance_main |     linearreg_period: 14
2026-02-11 09:59:52,025 | INFO | execution_binance_main |     linearreg_angle_period: 14
2026-02-11 09:59:52,025 | INFO | execution_binance_main |     cmo_period: 14
2026-02-11 09:59:52,025 | INFO | execution_binance_main |     macd_fastperiod: 12
2026-02-11 09:59:52,027 | INFO | execution_binance_main |     macd_slowperiod: 26
2026-02-11 09:59:52,027 | INFO | execution_binance_main |     macd_signalperiod: 9
2026-02-11 09:59:52,028 | INFO | execution_binance_main |     rocp_period: 10
2026-02-11 09:59:52,028 | INFO | execution_binance_main |     stochrsi_period: 14
2026-02-11 09:59:52,028 | INFO | execution_binance_main |     adx_period: 14
2026-02-11 09:59:52,028 | INFO | execution_binance_main | Strategy sig_1h_btc_44 → Highest window value among specified patterns: 30
2026-02-11 09:59:52,035 | INFO | execution_binance_main | Strategy sig_1h_btc_45 → ALL columns:
2026-02-11 09:59:52,036 | INFO | execution_binance_main |     strategy: sig_1h_btc_45
2026-02-11 09:59:52,038 | INFO | execution_binance_main |     tp: 3
2026-02-11 09:59:52,039 | INFO | execution_binance_main |     sl: 1
2026-02-11 09:59:52,039 | INFO | execution_binance_main |     symbol: btc
2026-02-11 09:59:52,040 | INFO | execution_binance_main |     timehorizon: 1h
2026-02-11 09:59:52,040 | INFO | execution_binance_main |     pnl_sum: 3055.13
2026-02-11 09:59:52,041 | INFO | execution_binance_main |     dema: True
2026-02-11 09:59:52,041 | INFO | execution_binance_main |     ht_trendline: True
2026-02-11 09:59:52,042 | INFO | execution_binance_main |     kama: True
2026-02-11 09:59:52,042 | INFO | execution_binance_main |     midpoint: True
2026-02-11 09:59:52,043 | INFO | execution_binance_main |     midprice: True
2026-02-11 09:59:52,044 | INFO | execution_binance_main |     sar: True
2026-02-11 09:59:52,044 | INFO | execution_binance_main |     sma: True
2026-02-11 09:59:52,045 | INFO | execution_binance_main |     wma: True
2026-02-11 09:59:52,045 | INFO | execution_binance_main |     adxr: True
2026-02-11 09:59:52,046 | INFO | execution_binance_main |     aroon: True
2026-02-11 09:59:52,046 | INFO | execution_binance_main |     cci: True
2026-02-11 09:59:52,047 | INFO | execution_binance_main |     cmo: True
2026-02-11 09:59:52,047 | INFO | execution_binance_main |     minus_di: True
2026-02-11 09:59:52,047 | INFO | execution_binance_main |     minus_dm: True
2026-02-11 09:59:52,048 | INFO | execution_binance_main |     plus_dm: True
2026-02-11 09:59:52,048 | INFO | execution_binance_main |     roc: True
2026-02-11 09:59:52,048 | INFO | execution_binance_main |     rocr: True
2026-02-11 09:59:52,048 | INFO | execution_binance_main |     stochf: True
2026-02-11 09:59:52,051 | INFO | execution_binance_main |     trix: True
2026-02-11 09:59:52,052 | INFO | execution_binance_main |     willr: True
2026-02-11 09:59:52,052 | INFO | execution_binance_main |     obv: True
2026-02-11 09:59:52,053 | INFO | execution_binance_main |     natr: True
2026-02-11 09:59:52,053 | INFO | execution_binance_main |     trange: True
2026-02-11 09:59:52,055 | INFO | execution_binance_main |     medprice: True
2026-02-11 09:59:52,056 | INFO | execution_binance_main |     wclprice: True
2026-02-11 09:59:52,056 | INFO | execution_binance_main |     ht_phasor: True
2026-02-11 09:59:52,056 | INFO | execution_binance_main |     linearreg: True
2026-02-11 09:59:52,057 | INFO | execution_binance_main |     linearreg_intercept: True
2026-02-11 09:59:52,057 | INFO | execution_binance_main |     linearreg_slope: True
2026-02-11 09:59:52,057 | INFO | execution_binance_main |     stddev: True
2026-02-11 09:59:52,058 | INFO | execution_binance_main |     tsf: True
2026-02-11 09:59:52,058 | INFO | execution_binance_main |     cdl2crows: True
2026-02-11 09:59:52,058 | INFO | execution_binance_main |     cdl3blackcrows: True
2026-02-11 09:59:52,059 | INFO | execution_binance_main |     cdl3inside: True
2026-02-11 09:59:52,060 | INFO | execution_binance_main |     cdl3starsinsouth: True
2026-02-11 09:59:52,061 | INFO | execution_binance_main |     cdlabandonedbaby: True
2026-02-11 09:59:52,061 | INFO | execution_binance_main |     cdladvanceblock: True
2026-02-11 09:59:52,062 | INFO | execution_binance_main |     cdlconcealbabyswall: True
2026-02-11 09:59:52,062 | INFO | execution_binance_main |     cdldoji: True
2026-02-11 09:59:52,063 | INFO | execution_binance_main |     cdldojistar: True
2026-02-11 09:59:52,063 | INFO | execution_binance_main |     cdldragonflydoji: True
2026-02-11 09:59:52,063 | INFO | execution_binance_main |     cdlengulfing: True
2026-02-11 09:59:52,064 | INFO | execution_binance_main |     cdleveningdojistar: True
2026-02-11 09:59:52,064 | INFO | execution_binance_main |     cdleveningstar: True
2026-02-11 09:59:52,065 | INFO | execution_binance_main |     cdlgapsidesidewhite: True
2026-02-11 09:59:52,065 | INFO | execution_binance_main |     cdlhangingman: True
2026-02-11 09:59:52,065 | INFO | execution_binance_main |     cdlharami: True
2026-02-11 09:59:52,067 | INFO | execution_binance_main |     cdlhighwave: True
2026-02-11 09:59:52,068 | INFO | execution_binance_main |     cdlhikkake: True
2026-02-11 09:59:52,068 | INFO | execution_binance_main |     cdlhomingpigeon: True
2026-02-11 09:59:52,069 | INFO | execution_binance_main |     cdlidentical3crows: True
2026-02-11 09:59:52,070 | INFO | execution_binance_main |     cdlinvertedhammer: True
2026-02-11 09:59:52,070 | INFO | execution_binance_main |     cdlladderbottom: True
2026-02-11 09:59:52,071 | INFO | execution_binance_main |     cdllongleggeddoji: True
2026-02-11 09:59:52,071 | INFO | execution_binance_main |     cdllongline: True
2026-02-11 09:59:52,073 | INFO | execution_binance_main |     cdlmarubozu: True
2026-02-11 09:59:52,073 | INFO | execution_binance_main |     cdlmatchinglow: True
2026-02-11 09:59:52,073 | INFO | execution_binance_main |     cdlmorningdojistar: True
2026-02-11 09:59:52,074 | INFO | execution_binance_main |     cdltasukigap: True
2026-02-11 09:59:52,074 | INFO | execution_binance_main |     cdlthrusting: True
2026-02-11 09:59:52,075 | INFO | execution_binance_main |     cdlxsidegap3methods: True
2026-02-11 09:59:52,075 | INFO | execution_binance_main |     midpoint_period: 14
2026-02-11 09:59:52,075 | INFO | execution_binance_main |     midprice_period: 14
2026-02-11 09:59:52,077 | INFO | execution_binance_main |     wma_period: 30
2026-02-11 09:59:52,077 | INFO | execution_binance_main |     cci_period: 14
2026-02-11 09:59:52,077 | INFO | execution_binance_main |     minus_dm_period: 14
2026-02-11 09:59:52,078 | INFO | execution_binance_main |     plus_dm_period: 14
2026-02-11 09:59:52,078 | INFO | execution_binance_main |     roc_period: 10
2026-02-11 09:59:52,078 | INFO | execution_binance_main |     stochf_fastperiod: 14
2026-02-11 09:59:52,079 | INFO | execution_binance_main |     stochf_slowperiod: 3
2026-02-11 09:59:52,079 | INFO | execution_binance_main |     trix_period: 14
2026-02-11 09:59:52,079 | INFO | execution_binance_main |     willr_period: 14
2026-02-11 09:59:52,081 | INFO | execution_binance_main |     linearreg_slope_period: 14
2026-02-11 09:59:52,081 | INFO | execution_binance_main |     stddev_period: 5
2026-02-11 09:59:52,081 | INFO | execution_binance_main |     tsf_period: 14
2026-02-11 09:59:52,082 | INFO | execution_binance_main |     dema_period: 30
2026-02-11 09:59:52,083 | INFO | execution_binance_main |     kama_period: 10
2026-02-11 09:59:52,083 | INFO | execution_binance_main |     sma_period: 30
2026-02-11 09:59:52,084 | INFO | execution_binance_main |     adxr_period: 14
2026-02-11 09:59:52,085 | INFO | execution_binance_main |     aroon_period: 14
2026-02-11 09:59:52,085 | INFO | execution_binance_main |     rocr_period: 10
2026-02-11 09:59:52,087 | INFO | execution_binance_main |     natr_period: 14
2026-02-11 09:59:52,087 | INFO | execution_binance_main |     linearreg_period: 14
2026-02-11 09:59:52,088 | INFO | execution_binance_main |     cmo_period: 14
2026-02-11 09:59:52,088 | INFO | execution_binance_main |     minus_di_period: 14
2026-02-11 09:59:52,089 | INFO | execution_binance_main |     linearreg_intercept_period: 14
2026-02-11 09:59:52,089 | INFO | execution_binance_main | Strategy sig_1h_btc_45 → Highest window value among specified patterns: 30
2026-02-11 09:59:52,091 | INFO | execution_binance_main | Strategy sig_1h_btc_46 → ALL columns:
2026-02-11 09:59:52,091 | INFO | execution_binance_main |     strategy: sig_1h_btc_46
2026-02-11 09:59:52,091 | INFO | execution_binance_main |     tp: 3
2026-02-11 09:59:52,091 | INFO | execution_binance_main |     sl: 1
2026-02-11 09:59:52,095 | INFO | execution_binance_main |     symbol: btc
2026-02-11 09:59:52,095 | INFO | execution_binance_main |     timehorizon: 1h
2026-02-11 09:59:52,096 | INFO | execution_binance_main |     pnl_sum: 3088.59
2026-02-11 09:59:52,096 | INFO | execution_binance_main |     bbands: True
2026-02-11 09:59:52,096 | INFO | execution_binance_main |     dema: True
2026-02-11 09:59:52,097 | INFO | execution_binance_main |     ht_trendline: True
2026-02-11 09:59:52,097 | INFO | execution_binance_main |     kama: True
2026-02-11 09:59:52,097 | INFO | execution_binance_main |     midpoint: True
2026-02-11 09:59:52,098 | INFO | execution_binance_main |     sar: True
2026-02-11 09:59:52,098 | INFO | execution_binance_main |     sarext: True
2026-02-11 09:59:52,098 | INFO | execution_binance_main |     tema: True
2026-02-11 09:59:52,098 | INFO | execution_binance_main |     wma: True
2026-02-11 09:59:52,099 | INFO | execution_binance_main |     adxr: True
2026-02-11 09:59:52,100 | INFO | execution_binance_main |     apo: True
2026-02-11 09:59:52,101 | INFO | execution_binance_main |     dx: True
2026-02-11 09:59:52,101 | INFO | execution_binance_main |     minus_dm: True
2026-02-11 09:59:52,102 | INFO | execution_binance_main |     plus_di: True
2026-02-11 09:59:52,103 | INFO | execution_binance_main |     rocr: True
2026-02-11 09:59:52,103 | INFO | execution_binance_main |     rocr100: True
2026-02-11 09:59:52,103 | INFO | execution_binance_main |     stochf: True
2026-02-11 09:59:52,103 | INFO | execution_binance_main |     trix: True
2026-02-11 09:59:52,105 | INFO | execution_binance_main |     willr: True
2026-02-11 09:59:52,105 | INFO | execution_binance_main |     ad: True
2026-02-11 09:59:52,105 | INFO | execution_binance_main |     obv: True
2026-02-11 09:59:52,106 | INFO | execution_binance_main |     atr: True
2026-02-11 09:59:52,106 | INFO | execution_binance_main |     trange: True
2026-02-11 09:59:52,106 | INFO | execution_binance_main |     medprice: True
2026-02-11 09:59:52,108 | INFO | execution_binance_main |     wclprice: True
2026-02-11 09:59:52,108 | INFO | execution_binance_main |     ht_dcperiod: True
2026-02-11 09:59:52,109 | INFO | execution_binance_main |     ht_dcphase: True
2026-02-11 09:59:52,109 | INFO | execution_binance_main |     linearreg_intercept: True
2026-02-11 09:59:52,110 | INFO | execution_binance_main |     cdl3blackcrows: True
2026-02-11 09:59:52,110 | INFO | execution_binance_main |     cdl3linestrike: True
2026-02-11 09:59:52,110 | INFO | execution_binance_main |     cdl3starsinsouth: True
2026-02-11 09:59:52,111 | INFO | execution_binance_main |     cdl3whitesoldiers: True
2026-02-11 09:59:52,111 | INFO | execution_binance_main |     cdladvanceblock: True
2026-02-11 09:59:52,111 | INFO | execution_binance_main |     cdlbelthold: True
2026-02-11 09:59:52,111 | INFO | execution_binance_main |     cdlbreakaway: True
2026-02-11 09:59:52,112 | INFO | execution_binance_main |     cdldoji: True
2026-02-11 09:59:52,112 | INFO | execution_binance_main |     cdlhammer: True
2026-02-11 09:59:52,114 | INFO | execution_binance_main |     cdlharamicross: True
2026-02-11 09:59:52,114 | INFO | execution_binance_main |     cdlhikkakemod: True
2026-02-11 09:59:52,114 | INFO | execution_binance_main |     cdlidentical3crows: True
2026-02-11 09:59:52,115 | INFO | execution_binance_main |     cdlinvertedhammer: True
2026-02-11 09:59:52,116 | INFO | execution_binance_main |     cdlkickingbylength: True
2026-02-11 09:59:52,116 | INFO | execution_binance_main |     cdlladderbottom: True
2026-02-11 09:59:52,116 | INFO | execution_binance_main |     cdllongleggeddoji: True
2026-02-11 09:59:52,117 | INFO | execution_binance_main |     cdllongline: True
2026-02-11 09:59:52,118 | INFO | execution_binance_main |     cdlmatchinglow: True
2026-02-11 09:59:52,118 | INFO | execution_binance_main |     cdlmathold: True
2026-02-11 09:59:52,119 | INFO | execution_binance_main |     cdlrickshawman: True
2026-02-11 09:59:52,120 | INFO | execution_binance_main |     cdlseparatinglines: True
2026-02-11 09:59:52,120 | INFO | execution_binance_main |     cdlshootingstar: True
2026-02-11 09:59:52,120 | INFO | execution_binance_main |     cdlspinningtop: True
2026-02-11 09:59:52,121 | INFO | execution_binance_main |     cdlstalledpattern: True
2026-02-11 09:59:52,121 | INFO | execution_binance_main |     cdlsticksandwich: True
2026-02-11 09:59:52,122 | INFO | execution_binance_main |     cdltakuri: True
2026-02-11 09:59:52,123 | INFO | execution_binance_main |     cdlupsidegap2crows: True
2026-02-11 09:59:52,123 | INFO | execution_binance_main |     cdlxsidegap3methods: True
2026-02-11 09:59:52,123 | INFO | execution_binance_main |     midpoint_period: 14
2026-02-11 09:59:52,124 | INFO | execution_binance_main |     wma_period: 30
2026-02-11 09:59:52,124 | INFO | execution_binance_main |     minus_dm_period: 14
2026-02-11 09:59:52,125 | INFO | execution_binance_main |     plus_di_period: 14
2026-02-11 09:59:52,125 | INFO | execution_binance_main |     stochf_fastperiod: 14
2026-02-11 09:59:52,125 | INFO | execution_binance_main |     stochf_slowperiod: 3
2026-02-11 09:59:52,127 | INFO | execution_binance_main |     trix_period: 14
2026-02-11 09:59:52,127 | INFO | execution_binance_main |     willr_period: 14
2026-02-11 09:59:52,127 | INFO | execution_binance_main |     bbands_period: 5
2026-02-11 09:59:52,127 | INFO | execution_binance_main |     dema_period: 30
2026-02-11 09:59:52,128 | INFO | execution_binance_main |     kama_period: 10
2026-02-11 09:59:52,128 | INFO | execution_binance_main |     tema_period: 30
2026-02-11 09:59:52,128 | INFO | execution_binance_main |     adxr_period: 14
2026-02-11 09:59:52,129 | INFO | execution_binance_main |     apo_period: 12
2026-02-11 09:59:52,129 | INFO | execution_binance_main |     rocr_period: 10
2026-02-11 09:59:52,130 | INFO | execution_binance_main |     atr_period: 14
2026-02-11 09:59:52,130 | INFO | execution_binance_main |     dx_period: 14
2026-02-11 09:59:52,130 | INFO | execution_binance_main |     rocr100_period: 10
2026-02-11 09:59:52,131 | INFO | execution_binance_main |     linearreg_intercept_period: 14
2026-02-11 09:59:52,131 | INFO | execution_binance_main | Strategy sig_1h_btc_46 → Highest window value among specified patterns: 30
2026-02-11 09:59:52,138 | INFO | execution_binance_main | Strategy sig_1h_btc_47 → ALL columns:
2026-02-11 09:59:52,138 | INFO | execution_binance_main |     strategy: sig_1h_btc_47
2026-02-11 09:59:52,138 | INFO | execution_binance_main |     tp: 3
2026-02-11 09:59:52,140 | INFO | execution_binance_main |     sl: 1
2026-02-11 09:59:52,140 | INFO | execution_binance_main |     symbol: btc
2026-02-11 09:59:52,140 | INFO | execution_binance_main |     timehorizon: 1h
2026-02-11 09:59:52,140 | INFO | execution_binance_main |     pnl_sum: 2780.37
2026-02-11 09:59:52,141 | INFO | execution_binance_main |     bbands: True
2026-02-11 09:59:52,141 | INFO | execution_binance_main |     dema: True
2026-02-11 09:59:52,141 | INFO | execution_binance_main |     ht_trendline: True
2026-02-11 09:59:52,142 | INFO | execution_binance_main |     mama: True
2026-02-11 09:59:52,142 | INFO | execution_binance_main |     sarext: True
2026-02-11 09:59:52,142 | INFO | execution_binance_main |     t3: True
2026-02-11 09:59:52,143 | INFO | execution_binance_main |     trima: True
2026-02-11 09:59:52,143 | INFO | execution_binance_main |     apo: True
2026-02-11 09:59:52,143 | INFO | execution_binance_main |     aroon: True
2026-02-11 09:59:52,144 | INFO | execution_binance_main |     aroonosc: True
2026-02-11 09:59:52,144 | INFO | execution_binance_main |     cci: True
2026-02-11 09:59:52,144 | INFO | execution_binance_main |     cmo: True
2026-02-11 09:59:52,144 | INFO | execution_binance_main |     macd: True
2026-02-11 09:59:52,144 | INFO | execution_binance_main |     macdext: True
2026-02-11 09:59:52,147 | INFO | execution_binance_main |     minus_di: True
2026-02-11 09:59:52,147 | INFO | execution_binance_main |     minus_dm: True
2026-02-11 09:59:52,147 | INFO | execution_binance_main |     rocp: True
2026-02-11 09:59:52,147 | INFO | execution_binance_main |     stochf: True
2026-02-11 09:59:52,148 | INFO | execution_binance_main |     stochrsi: True
2026-02-11 09:59:52,148 | INFO | execution_binance_main |     willr: True
2026-02-11 09:59:52,148 | INFO | execution_binance_main |     adosc: True
2026-02-11 09:59:52,148 | INFO | execution_binance_main |     obv: True
2026-02-11 09:59:52,150 | INFO | execution_binance_main |     atr: True
2026-02-11 09:59:52,150 | INFO | execution_binance_main |     avgprice: True
2026-02-11 09:59:52,151 | INFO | execution_binance_main |     typprice: True
2026-02-11 09:59:52,151 | INFO | execution_binance_main |     wclprice: True
2026-02-11 09:59:52,152 | INFO | execution_binance_main |     ht_dcperiod: True
2026-02-11 09:59:52,153 | INFO | execution_binance_main |     ht_phasor: True
2026-02-11 09:59:52,154 | INFO | execution_binance_main |     ht_trendmode: True
2026-02-11 09:59:52,154 | INFO | execution_binance_main |     linearreg: True
2026-02-11 09:59:52,155 | INFO | execution_binance_main |     linearreg_angle: True
2026-02-11 09:59:52,155 | INFO | execution_binance_main |     linearreg_intercept: True
2026-02-11 09:59:52,156 | INFO | execution_binance_main |     linearreg_slope: True
2026-02-11 09:59:52,156 | INFO | execution_binance_main |     stddev: True
2026-02-11 09:59:52,156 | INFO | execution_binance_main |     var: True
2026-02-11 09:59:52,157 | INFO | execution_binance_main |     cdl3blackcrows: True
2026-02-11 09:59:52,157 | INFO | execution_binance_main |     cdl3inside: True
2026-02-11 09:59:52,157 | INFO | execution_binance_main |     cdl3linestrike: True
2026-02-11 09:59:52,157 | INFO | execution_binance_main |     cdl3starsinsouth: True
2026-02-11 09:59:52,159 | INFO | execution_binance_main |     cdlabandonedbaby: True
2026-02-11 09:59:52,159 | INFO | execution_binance_main |     cdladvanceblock: True
2026-02-11 09:59:52,159 | INFO | execution_binance_main |     cdlclosingmarubozu: True
2026-02-11 09:59:52,160 | INFO | execution_binance_main |     cdlconcealbabyswall: True
2026-02-11 09:59:52,160 | INFO | execution_binance_main |     cdlcounterattack: True
2026-02-11 09:59:52,160 | INFO | execution_binance_main |     cdldarkcloudcover: True
2026-02-11 09:59:52,161 | INFO | execution_binance_main |     cdldojistar: True
2026-02-11 09:59:52,161 | INFO | execution_binance_main |     cdldragonflydoji: True
2026-02-11 09:59:52,161 | INFO | execution_binance_main |     cdlengulfing: True
2026-02-11 09:59:52,161 | INFO | execution_binance_main |     cdleveningdojistar: True
2026-02-11 09:59:52,162 | INFO | execution_binance_main |     cdlgapsidesidewhite: True
2026-02-11 09:59:52,162 | INFO | execution_binance_main |     cdlgravestonedoji: True
2026-02-11 09:59:52,162 | INFO | execution_binance_main |     cdlhammer: True
2026-02-11 09:59:52,163 | INFO | execution_binance_main |     cdlhangingman: True
2026-02-11 09:59:52,163 | INFO | execution_binance_main |     cdlharami: True
2026-02-11 09:59:52,163 | INFO | execution_binance_main |     cdlharamicross: True
2026-02-11 09:59:52,164 | INFO | execution_binance_main |     cdlhighwave: True
2026-02-11 09:59:52,164 | INFO | execution_binance_main |     cdlhomingpigeon: True
2026-02-11 09:59:52,165 | INFO | execution_binance_main |     cdlidentical3crows: True
2026-02-11 09:59:52,165 | INFO | execution_binance_main |     cdlkickingbylength: True
2026-02-11 09:59:52,165 | INFO | execution_binance_main |     cdlmarubozu: True
2026-02-11 09:59:52,166 | INFO | execution_binance_main |     cdlmatchinglow: True
2026-02-11 09:59:52,166 | INFO | execution_binance_main |     cdlmathold: True
2026-02-11 09:59:52,167 | INFO | execution_binance_main |     cdlmorningdojistar: True
2026-02-11 09:59:52,169 | INFO | execution_binance_main |     cdlonneck: True
2026-02-11 09:59:52,169 | INFO | execution_binance_main |     cdlpiercing: True
2026-02-11 09:59:52,169 | INFO | execution_binance_main |     cdlrickshawman: True
2026-02-11 09:59:52,171 | INFO | execution_binance_main |     cdlseparatinglines: True
2026-02-11 09:59:52,171 | INFO | execution_binance_main |     cdlstalledpattern: True
2026-02-11 09:59:52,172 | INFO | execution_binance_main |     cdltasukigap: True
2026-02-11 09:59:52,172 | INFO | execution_binance_main |     cdlthrusting: True
2026-02-11 09:59:52,172 | INFO | execution_binance_main |     cdlxsidegap3methods: True
2026-02-11 09:59:52,173 | INFO | execution_binance_main |     trima_period: 30
2026-02-11 09:59:52,173 | INFO | execution_binance_main |     aroonosc_period: 14
2026-02-11 09:59:52,173 | INFO | execution_binance_main |     cci_period: 14
2026-02-11 09:59:52,174 | INFO | execution_binance_main |     minus_dm_period: 14
2026-02-11 09:59:52,175 | INFO | execution_binance_main |     stochf_fastperiod: 14
2026-02-11 09:59:52,175 | INFO | execution_binance_main |     stochf_slowperiod: 3
2026-02-11 09:59:52,175 | INFO | execution_binance_main |     willr_period: 14
2026-02-11 09:59:52,175 | INFO | execution_binance_main |     adosc_fastperiod: 3
2026-02-11 09:59:52,175 | INFO | execution_binance_main |     adosc_slowperiod: 10
2026-02-11 09:59:52,175 | INFO | execution_binance_main |     linearreg_slope_period: 14
2026-02-11 09:59:52,175 | INFO | execution_binance_main |     stddev_period: 5
2026-02-11 09:59:52,175 | INFO | execution_binance_main |     var_period: 5
2026-02-11 09:59:52,175 | INFO | execution_binance_main |     bbands_period: 5
2026-02-11 09:59:52,175 | INFO | execution_binance_main |     dema_period: 30
2026-02-11 09:59:52,175 | INFO | execution_binance_main |     apo_period: 12
2026-02-11 09:59:52,175 | INFO | execution_binance_main |     aroon_period: 14
2026-02-11 09:59:52,175 | INFO | execution_binance_main |     macdext_fastperiod: 12
2026-02-11 09:59:52,175 | INFO | execution_binance_main |     macdext_slowperiod: 26
2026-02-11 09:59:52,175 | INFO | execution_binance_main |     macdext_signalperiod: 9
2026-02-11 09:59:52,175 | INFO | execution_binance_main |     atr_period: 14
2026-02-11 09:59:52,180 | INFO | execution_binance_main |     linearreg_period: 14
2026-02-11 09:59:52,180 | INFO | execution_binance_main |     linearreg_angle_period: 14
2026-02-11 09:59:52,180 | INFO | execution_binance_main |     t3_period: 14
2026-02-11 09:59:52,181 | INFO | execution_binance_main |     cmo_period: 14
2026-02-11 09:59:52,181 | INFO | execution_binance_main |     macd_fastperiod: 12
2026-02-11 09:59:52,182 | INFO | execution_binance_main |     macd_slowperiod: 26
2026-02-11 09:59:52,182 | INFO | execution_binance_main |     macd_signalperiod: 9
2026-02-11 09:59:52,182 | INFO | execution_binance_main |     minus_di_period: 14
2026-02-11 09:59:52,183 | INFO | execution_binance_main |     rocp_period: 10
2026-02-11 09:59:52,183 | INFO | execution_binance_main |     stochrsi_period: 14
2026-02-11 09:59:52,184 | INFO | execution_binance_main |     linearreg_intercept_period: 14
2026-02-11 09:59:52,186 | INFO | execution_binance_main | Strategy sig_1h_btc_47 → Highest window value among specified patterns: 30
2026-02-11 09:59:52,188 | INFO | execution_binance_main | Strategy sig_1h_btc_48 → ALL columns:
2026-02-11 09:59:52,188 | INFO | execution_binance_main |     strategy: sig_1h_btc_48
2026-02-11 09:59:52,188 | INFO | execution_binance_main |     tp: 3
2026-02-11 09:59:52,188 | INFO | execution_binance_main |     sl: 1
2026-02-11 09:59:52,193 | INFO | execution_binance_main |     symbol: btc
2026-02-11 09:59:52,193 | INFO | execution_binance_main |     timehorizon: 1h
2026-02-11 09:59:52,194 | INFO | execution_binance_main |     pnl_sum: 2873.28
2026-02-11 09:59:52,194 | INFO | execution_binance_main |     bbands: True
2026-02-11 09:59:52,194 | INFO | execution_binance_main |     ema: True
2026-02-11 09:59:52,195 | INFO | execution_binance_main |     kama: True
2026-02-11 09:59:52,195 | INFO | execution_binance_main |     ma: True
2026-02-11 09:59:52,195 | INFO | execution_binance_main |     mama: True
2026-02-11 09:59:52,195 | INFO | execution_binance_main |     midpoint: True
2026-02-11 09:59:52,196 | INFO | execution_binance_main |     midprice: True
2026-02-11 09:59:52,196 | INFO | execution_binance_main |     sarext: True
2026-02-11 09:59:52,196 | INFO | execution_binance_main |     tema: True
2026-02-11 09:59:52,197 | INFO | execution_binance_main |     apo: True
2026-02-11 09:59:52,198 | INFO | execution_binance_main |     aroon: True
2026-02-11 09:59:52,198 | INFO | execution_binance_main |     cci: True
2026-02-11 09:59:52,198 | INFO | execution_binance_main |     cmo: True
2026-02-11 09:59:52,199 | INFO | execution_binance_main |     macdext: True
2026-02-11 09:59:52,200 | INFO | execution_binance_main |     mfi: True
2026-02-11 09:59:52,200 | INFO | execution_binance_main |     minus_di: True
2026-02-11 09:59:52,201 | INFO | execution_binance_main |     minus_dm: True
2026-02-11 09:59:52,201 | INFO | execution_binance_main |     mom: True
2026-02-11 09:59:52,202 | INFO | execution_binance_main |     ppo: True
2026-02-11 09:59:52,203 | INFO | execution_binance_main |     roc: True
2026-02-11 09:59:52,203 | INFO | execution_binance_main |     rocr: True
2026-02-11 09:59:52,204 | INFO | execution_binance_main |     trix: True
2026-02-11 09:59:52,204 | INFO | execution_binance_main |     ad: True
2026-02-11 09:59:52,206 | INFO | execution_binance_main |     obv: True
2026-02-11 09:59:52,206 | INFO | execution_binance_main |     atr: True
2026-02-11 09:59:52,206 | INFO | execution_binance_main |     natr: True
2026-02-11 09:59:52,206 | INFO | execution_binance_main |     typprice: True
2026-02-11 09:59:52,207 | INFO | execution_binance_main |     wclprice: True
2026-02-11 09:59:52,207 | INFO | execution_binance_main |     ht_phasor: True
2026-02-11 09:59:52,208 | INFO | execution_binance_main |     ht_trendmode: True
2026-02-11 09:59:52,208 | INFO | execution_binance_main |     linearreg_intercept: True
2026-02-11 09:59:52,209 | INFO | execution_binance_main |     var: True
2026-02-11 09:59:52,209 | INFO | execution_binance_main |     cdl2crows: True
2026-02-11 09:59:52,209 | INFO | execution_binance_main |     cdl3blackcrows: True
2026-02-11 09:59:52,209 | INFO | execution_binance_main |     cdl3linestrike: True
2026-02-11 09:59:52,209 | INFO | execution_binance_main |     cdl3whitesoldiers: True
2026-02-11 09:59:52,211 | INFO | execution_binance_main |     cdlbelthold: True
2026-02-11 09:59:52,211 | INFO | execution_binance_main |     cdlbreakaway: True
2026-02-11 09:59:52,211 | INFO | execution_binance_main |     cdlconcealbabyswall: True
2026-02-11 09:59:52,211 | INFO | execution_binance_main |     cdlcounterattack: True
2026-02-11 09:59:52,212 | INFO | execution_binance_main |     cdldarkcloudcover: True
2026-02-11 09:59:52,212 | INFO | execution_binance_main |     cdldojistar: True
2026-02-11 09:59:52,212 | INFO | execution_binance_main |     cdlengulfing: True
2026-02-11 09:59:52,213 | INFO | execution_binance_main |     cdlgapsidesidewhite: True
2026-02-11 09:59:52,213 | INFO | execution_binance_main |     cdlhangingman: True
2026-02-11 09:59:52,213 | INFO | execution_binance_main |     cdlhikkake: True
2026-02-11 09:59:52,214 | INFO | execution_binance_main |     cdlhomingpigeon: True
2026-02-11 09:59:52,214 | INFO | execution_binance_main |     cdlinvertedhammer: True
2026-02-11 09:59:52,214 | INFO | execution_binance_main |     cdlkicking: True
2026-02-11 09:59:52,214 | INFO | execution_binance_main |     cdlladderbottom: True
2026-02-11 09:59:52,214 | INFO | execution_binance_main |     cdlmarubozu: True
2026-02-11 09:59:52,214 | INFO | execution_binance_main |     cdlmathold: True
2026-02-11 09:59:52,216 | INFO | execution_binance_main |     cdlmorningdojistar: True
2026-02-11 09:59:52,216 | INFO | execution_binance_main |     cdlonneck: True
2026-02-11 09:59:52,216 | INFO | execution_binance_main |     cdlpiercing: True
2026-02-11 09:59:52,217 | INFO | execution_binance_main |     cdlrisefall3methods: True
2026-02-11 09:59:52,218 | INFO | execution_binance_main |     cdlshootingstar: True
2026-02-11 09:59:52,219 | INFO | execution_binance_main |     cdlshortline: True
2026-02-11 09:59:52,219 | INFO | execution_binance_main |     cdlsticksandwich: True
2026-02-11 09:59:52,220 | INFO | execution_binance_main |     cdltakuri: True
2026-02-11 09:59:52,220 | INFO | execution_binance_main |     ema_period: 30
2026-02-11 09:59:52,221 | INFO | execution_binance_main |     midpoint_period: 14
2026-02-11 09:59:52,222 | INFO | execution_binance_main |     midprice_period: 14
2026-02-11 09:59:52,222 | INFO | execution_binance_main |     cci_period: 14
2026-02-11 09:59:52,222 | INFO | execution_binance_main |     minus_dm_period: 14
2026-02-11 09:59:52,223 | INFO | execution_binance_main |     ppo_fastperiod: 12
2026-02-11 09:59:52,223 | INFO | execution_binance_main |     ppo_slowperiod: 26
2026-02-11 09:59:52,224 | INFO | execution_binance_main |     roc_period: 10
2026-02-11 09:59:52,224 | INFO | execution_binance_main |     trix_period: 14
2026-02-11 09:59:52,224 | INFO | execution_binance_main |     var_period: 5
2026-02-11 09:59:52,224 | INFO | execution_binance_main |     bbands_period: 5
2026-02-11 09:59:52,225 | INFO | execution_binance_main |     kama_period: 10
2026-02-11 09:59:52,225 | INFO | execution_binance_main |     tema_period: 30
2026-02-11 09:59:52,225 | INFO | execution_binance_main |     apo_period: 12
2026-02-11 09:59:52,225 | INFO | execution_binance_main |     aroon_period: 14
2026-02-11 09:59:52,225 | INFO | execution_binance_main |     macdext_fastperiod: 12
2026-02-11 09:59:52,225 | INFO | execution_binance_main |     macdext_slowperiod: 26
2026-02-11 09:59:52,225 | INFO | execution_binance_main |     macdext_signalperiod: 9
2026-02-11 09:59:52,225 | INFO | execution_binance_main |     mfi_period: 14
2026-02-11 09:59:52,225 | INFO | execution_binance_main |     mom_period: 10
2026-02-11 09:59:52,225 | INFO | execution_binance_main |     rocr_period: 10
2026-02-11 09:59:52,225 | INFO | execution_binance_main |     atr_period: 14
2026-02-11 09:59:52,229 | INFO | execution_binance_main |     natr_period: 14
2026-02-11 09:59:52,230 | INFO | execution_binance_main |     ma_period: 30
2026-02-11 09:59:52,230 | INFO | execution_binance_main |     cmo_period: 14
2026-02-11 09:59:52,230 | INFO | execution_binance_main |     minus_di_period: 14
2026-02-11 09:59:52,231 | INFO | execution_binance_main |     linearreg_intercept_period: 14
2026-02-11 09:59:52,231 | INFO | execution_binance_main | Strategy sig_1h_btc_48 → Highest window value among specified patterns: 30
2026-02-11 09:59:52,237 | INFO | execution_binance_main | Strategy sig_1h_btc_49 → ALL columns:
2026-02-11 09:59:52,238 | INFO | execution_binance_main |     strategy: sig_1h_btc_49
2026-02-11 09:59:52,238 | INFO | execution_binance_main |     tp: 3
2026-02-11 09:59:52,238 | INFO | execution_binance_main |     sl: 1
2026-02-11 09:59:52,238 | INFO | execution_binance_main |     symbol: btc
2026-02-11 09:59:52,240 | INFO | execution_binance_main |     timehorizon: 1h
2026-02-11 09:59:52,240 | INFO | execution_binance_main |     pnl_sum: 2752.12
2026-02-11 09:59:52,240 | INFO | execution_binance_main |     ht_trendline: True
2026-02-11 09:59:52,240 | INFO | execution_binance_main |     mama: True
2026-02-11 09:59:52,241 | INFO | execution_binance_main |     midpoint: True
2026-02-11 09:59:52,241 | INFO | execution_binance_main |     sar: True
2026-02-11 09:59:52,241 | INFO | execution_binance_main |     sarext: True
2026-02-11 09:59:52,241 | INFO | execution_binance_main |     sma: True
2026-02-11 09:59:52,243 | INFO | execution_binance_main |     tema: True
2026-02-11 09:59:52,243 | INFO | execution_binance_main |     adxr: True
2026-02-11 09:59:52,243 | INFO | execution_binance_main |     apo: True
2026-02-11 09:59:52,244 | INFO | execution_binance_main |     aroon: True
2026-02-11 09:59:52,244 | INFO | execution_binance_main |     aroonosc: True
2026-02-11 09:59:52,244 | INFO | execution_binance_main |     bop: True
2026-02-11 09:59:52,245 | INFO | execution_binance_main |     cmo: True
2026-02-11 09:59:52,245 | INFO | execution_binance_main |     dx: True
2026-02-11 09:59:52,246 | INFO | execution_binance_main |     mfi: True
2026-02-11 09:59:52,246 | INFO | execution_binance_main |     mom: True
2026-02-11 09:59:52,246 | INFO | execution_binance_main |     ppo: True
2026-02-11 09:59:52,246 | INFO | execution_binance_main |     roc: True
2026-02-11 09:59:52,247 | INFO | execution_binance_main |     rocp: True
2026-02-11 09:59:52,247 | INFO | execution_binance_main |     rocr: True
2026-02-11 09:59:52,248 | INFO | execution_binance_main |     stoch: True
2026-02-11 09:59:52,248 | INFO | execution_binance_main |     stochf: True
2026-02-11 09:59:52,248 | INFO | execution_binance_main |     ad: True
2026-02-11 09:59:52,250 | INFO | execution_binance_main |     atr: True
2026-02-11 09:59:52,250 | INFO | execution_binance_main |     trange: True
2026-02-11 09:59:52,251 | INFO | execution_binance_main |     avgprice: True
2026-02-11 09:59:52,252 | INFO | execution_binance_main |     wclprice: True
2026-02-11 09:59:52,252 | INFO | execution_binance_main |     ht_dcphase: True
2026-02-11 09:59:52,252 | INFO | execution_binance_main |     ht_sine: True
2026-02-11 09:59:52,254 | INFO | execution_binance_main |     ht_trendmode: True
2026-02-11 09:59:52,254 | INFO | execution_binance_main |     linearreg_slope: True
2026-02-11 09:59:52,255 | INFO | execution_binance_main |     cdl2crows: True
2026-02-11 09:59:52,255 | INFO | execution_binance_main |     cdl3blackcrows: True
2026-02-11 09:59:52,255 | INFO | execution_binance_main |     cdl3linestrike: True
2026-02-11 09:59:52,257 | INFO | execution_binance_main |     cdl3whitesoldiers: True
2026-02-11 09:59:52,257 | INFO | execution_binance_main |     cdlbelthold: True
2026-02-11 09:59:52,257 | INFO | execution_binance_main |     cdlbreakaway: True
2026-02-11 09:59:52,258 | INFO | execution_binance_main |     cdlclosingmarubozu: True
2026-02-11 09:59:52,259 | INFO | execution_binance_main |     cdlconcealbabyswall: True
2026-02-11 09:59:52,259 | INFO | execution_binance_main |     cdldoji: True
2026-02-11 09:59:52,259 | INFO | execution_binance_main |     cdldragonflydoji: True
2026-02-11 09:59:52,259 | INFO | execution_binance_main |     cdleveningdojistar: True
2026-02-11 09:59:52,261 | INFO | execution_binance_main |     cdlgapsidesidewhite: True
2026-02-11 09:59:52,261 | INFO | execution_binance_main |     cdlhangingman: True
2026-02-11 09:59:52,261 | INFO | execution_binance_main |     cdlharami: True
2026-02-11 09:59:52,261 | INFO | execution_binance_main |     cdlhighwave: True
2026-02-11 09:59:52,261 | INFO | execution_binance_main |     cdlhikkake: True
2026-02-11 09:59:52,261 | INFO | execution_binance_main |     cdlinneck: True
2026-02-11 09:59:52,261 | INFO | execution_binance_main |     cdlkickingbylength: True
2026-02-11 09:59:52,261 | INFO | execution_binance_main |     cdllongleggeddoji: True
2026-02-11 09:59:52,261 | INFO | execution_binance_main |     cdlmorningdojistar: True
2026-02-11 09:59:52,261 | INFO | execution_binance_main |     cdlmorningstar: True
2026-02-11 09:59:52,264 | INFO | execution_binance_main |     cdlrisefall3methods: True
2026-02-11 09:59:52,264 | INFO | execution_binance_main |     cdlshortline: True
2026-02-11 09:59:52,265 | INFO | execution_binance_main |     cdlstalledpattern: True
2026-02-11 09:59:52,265 | INFO | execution_binance_main |     cdlsticksandwich: True
2026-02-11 09:59:52,266 | INFO | execution_binance_main |     cdltakuri: True
2026-02-11 09:59:52,266 | INFO | execution_binance_main |     cdlunique3river: True
2026-02-11 09:59:52,267 | INFO | execution_binance_main |     cdlupsidegap2crows: True
2026-02-11 09:59:52,268 | INFO | execution_binance_main |     cdlxsidegap3methods: True
2026-02-11 09:59:52,269 | INFO | execution_binance_main |     midpoint_period: 14
2026-02-11 09:59:52,269 | INFO | execution_binance_main |     aroonosc_period: 14
2026-02-11 09:59:52,269 | INFO | execution_binance_main |     ppo_fastperiod: 12
2026-02-11 09:59:52,271 | INFO | execution_binance_main |     ppo_slowperiod: 26
2026-02-11 09:59:52,271 | INFO | execution_binance_main |     roc_period: 10
2026-02-11 09:59:52,271 | INFO | execution_binance_main |     stochf_fastperiod: 14
2026-02-11 09:59:52,271 | INFO | execution_binance_main |     stochf_slowperiod: 3
2026-02-11 09:59:52,273 | INFO | execution_binance_main |     linearreg_slope_period: 14
2026-02-11 09:59:52,273 | INFO | execution_binance_main |     sma_period: 30
2026-02-11 09:59:52,274 | INFO | execution_binance_main |     tema_period: 30
2026-02-11 09:59:52,274 | INFO | execution_binance_main |     adxr_period: 14
2026-02-11 09:59:52,274 | INFO | execution_binance_main |     apo_period: 12
2026-02-11 09:59:52,275 | INFO | execution_binance_main |     aroon_period: 14
2026-02-11 09:59:52,275 | INFO | execution_binance_main |     mfi_period: 14
2026-02-11 09:59:52,275 | INFO | execution_binance_main |     mom_period: 10
2026-02-11 09:59:52,276 | INFO | execution_binance_main |     rocr_period: 10
2026-02-11 09:59:52,276 | INFO | execution_binance_main |     atr_period: 14
2026-02-11 09:59:52,276 | INFO | execution_binance_main |     cmo_period: 14
2026-02-11 09:59:52,276 | INFO | execution_binance_main |     rocp_period: 10
2026-02-11 09:59:52,277 | INFO | execution_binance_main |     stoch_fastk_period: 14
2026-02-11 09:59:52,277 | INFO | execution_binance_main |     stoch_slowk_period: 3
2026-02-11 09:59:52,277 | INFO | execution_binance_main |     stoch_slowd_period: 3
2026-02-11 09:59:52,278 | INFO | execution_binance_main |     dx_period: 14
2026-02-11 09:59:52,278 | INFO | execution_binance_main | Strategy sig_1h_btc_49 → Highest window value among specified patterns: 30
2026-02-11 09:59:52,279 | INFO | execution_binance_main | Strategy sig_1h_btc_50 → ALL columns:
2026-02-11 09:59:52,283 | INFO | execution_binance_main |     strategy: sig_1h_btc_50
2026-02-11 09:59:52,284 | INFO | execution_binance_main |     tp: 3
2026-02-11 09:59:52,284 | INFO | execution_binance_main |     sl: 1
2026-02-11 09:59:52,284 | INFO | execution_binance_main |     symbol: btc
2026-02-11 09:59:52,285 | INFO | execution_binance_main |     timehorizon: 1h
2026-02-11 09:59:52,286 | INFO | execution_binance_main |     pnl_sum: 2726.55
2026-02-11 09:59:52,286 | INFO | execution_binance_main |     ht_trendline: True
2026-02-11 09:59:52,288 | INFO | execution_binance_main |     mama: True
2026-02-11 09:59:52,288 | INFO | execution_binance_main |     midpoint: True
2026-02-11 09:59:52,289 | INFO | execution_binance_main |     midprice: True
2026-02-11 09:59:52,289 | INFO | execution_binance_main |     sar: True
2026-02-11 09:59:52,289 | INFO | execution_binance_main |     sarext: True
2026-02-11 09:59:52,290 | INFO | execution_binance_main |     sma: True
2026-02-11 09:59:52,290 | INFO | execution_binance_main |     tema: True
2026-02-11 09:59:52,290 | INFO | execution_binance_main |     wma: True
2026-02-11 09:59:52,290 | INFO | execution_binance_main |     adxr: True
2026-02-11 09:59:52,291 | INFO | execution_binance_main |     apo: True
2026-02-11 09:59:52,291 | INFO | execution_binance_main |     aroon: True
2026-02-11 09:59:52,291 | INFO | execution_binance_main |     bop: True
2026-02-11 09:59:52,291 | INFO | execution_binance_main |     cci: True
2026-02-11 09:59:52,292 | INFO | execution_binance_main |     cmo: True
2026-02-11 09:59:52,292 | INFO | execution_binance_main |     dx: True
2026-02-11 09:59:52,292 | INFO | execution_binance_main |     macd: True
2026-02-11 09:59:52,292 | INFO | execution_binance_main |     macdext: True
2026-02-11 09:59:52,292 | INFO | execution_binance_main |     plus_di: True
2026-02-11 09:59:52,292 | INFO | execution_binance_main |     plus_dm: True
2026-02-11 09:59:52,292 | INFO | execution_binance_main |     ppo: True
2026-02-11 09:59:52,292 | INFO | execution_binance_main |     rocr100: True
2026-02-11 09:59:52,295 | INFO | execution_binance_main |     stochrsi: True
2026-02-11 09:59:52,296 | INFO | execution_binance_main |     adosc: True
2026-02-11 09:59:52,296 | INFO | execution_binance_main |     atr: True
2026-02-11 09:59:52,296 | INFO | execution_binance_main |     trange: True
2026-02-11 09:59:52,297 | INFO | execution_binance_main |     medprice: True
2026-02-11 09:59:52,297 | INFO | execution_binance_main |     typprice: True
2026-02-11 09:59:52,297 | INFO | execution_binance_main |     wclprice: True
2026-02-11 09:59:52,297 | INFO | execution_binance_main |     ht_dcperiod: True
2026-02-11 09:59:52,298 | INFO | execution_binance_main |     linearreg_slope: True
2026-02-11 09:59:52,298 | INFO | execution_binance_main |     stddev: True
2026-02-11 09:59:52,298 | INFO | execution_binance_main |     var: True
2026-02-11 09:59:52,299 | INFO | execution_binance_main |     cdl2crows: True
2026-02-11 09:59:52,299 | INFO | execution_binance_main |     cdl3blackcrows: True
2026-02-11 09:59:52,299 | INFO | execution_binance_main |     cdl3linestrike: True
2026-02-11 09:59:52,300 | INFO | execution_binance_main |     cdl3starsinsouth: True
2026-02-11 09:59:52,300 | INFO | execution_binance_main |     cdlabandonedbaby: True
2026-02-11 09:59:52,301 | INFO | execution_binance_main |     cdladvanceblock: True
2026-02-11 09:59:52,301 | INFO | execution_binance_main |     cdlclosingmarubozu: True
2026-02-11 09:59:52,302 | INFO | execution_binance_main |     cdlconcealbabyswall: True
2026-02-11 09:59:52,302 | INFO | execution_binance_main |     cdldarkcloudcover: True
2026-02-11 09:59:52,302 | INFO | execution_binance_main |     cdldoji: True
2026-02-11 09:59:52,304 | INFO | execution_binance_main |     cdlengulfing: True
2026-02-11 09:59:52,304 | INFO | execution_binance_main |     cdleveningdojistar: True
2026-02-11 09:59:52,306 | INFO | execution_binance_main |     cdlhammer: True
2026-02-11 09:59:52,306 | INFO | execution_binance_main |     cdlharami: True
2026-02-11 09:59:52,307 | INFO | execution_binance_main |     cdlharamicross: True
2026-02-11 09:59:52,307 | INFO | execution_binance_main |     cdlhikkake: True
2026-02-11 09:59:52,307 | INFO | execution_binance_main |     cdlinneck: True
2026-02-11 09:59:52,308 | INFO | execution_binance_main |     cdlinvertedhammer: True
2026-02-11 09:59:52,308 | INFO | execution_binance_main |     cdlkickingbylength: True
2026-02-11 09:59:52,309 | INFO | execution_binance_main |     cdlladderbottom: True
2026-02-11 09:59:52,309 | INFO | execution_binance_main |     cdllongleggeddoji: True
2026-02-11 09:59:52,309 | INFO | execution_binance_main |     cdllongline: True
2026-02-11 09:59:52,309 | INFO | execution_binance_main |     cdlmathold: True
2026-02-11 09:59:52,310 | INFO | execution_binance_main |     cdlonneck: True
2026-02-11 09:59:52,310 | INFO | execution_binance_main |     cdlpiercing: True
2026-02-11 09:59:52,311 | INFO | execution_binance_main |     cdlstalledpattern: True
2026-02-11 09:59:52,311 | INFO | execution_binance_main |     cdlsticksandwich: True
2026-02-11 09:59:52,312 | INFO | execution_binance_main |     cdlthrusting: True
2026-02-11 09:59:52,312 | INFO | execution_binance_main |     cdltristar: True
2026-02-11 09:59:52,312 | INFO | execution_binance_main |     cdlunique3river: True
2026-02-11 09:59:52,313 | INFO | execution_binance_main |     cdlxsidegap3methods: True
2026-02-11 09:59:52,313 | INFO | execution_binance_main |     midpoint_period: 14
2026-02-11 09:59:52,314 | INFO | execution_binance_main |     midprice_period: 14
2026-02-11 09:59:52,314 | INFO | execution_binance_main |     wma_period: 30
2026-02-11 09:59:52,314 | INFO | execution_binance_main |     cci_period: 14
2026-02-11 09:59:52,315 | INFO | execution_binance_main |     plus_di_period: 14
2026-02-11 09:59:52,316 | INFO | execution_binance_main |     plus_dm_period: 14
2026-02-11 09:59:52,316 | INFO | execution_binance_main |     ppo_fastperiod: 12
2026-02-11 09:59:52,316 | INFO | execution_binance_main |     ppo_slowperiod: 26
2026-02-11 09:59:52,317 | INFO | execution_binance_main |     adosc_fastperiod: 3
2026-02-11 09:59:52,318 | INFO | execution_binance_main |     adosc_slowperiod: 10
2026-02-11 09:59:52,318 | INFO | execution_binance_main |     linearreg_slope_period: 14
2026-02-11 09:59:52,319 | INFO | execution_binance_main |     stddev_period: 5
2026-02-11 09:59:52,319 | INFO | execution_binance_main |     var_period: 5
2026-02-11 09:59:52,320 | INFO | execution_binance_main |     sma_period: 30
2026-02-11 09:59:52,320 | INFO | execution_binance_main |     tema_period: 30
2026-02-11 09:59:52,320 | INFO | execution_binance_main |     adxr_period: 14
2026-02-11 09:59:52,322 | INFO | execution_binance_main |     apo_period: 12
2026-02-11 09:59:52,322 | INFO | execution_binance_main |     aroon_period: 14
2026-02-11 09:59:52,322 | INFO | execution_binance_main |     macdext_fastperiod: 12
2026-02-11 09:59:52,323 | INFO | execution_binance_main |     macdext_slowperiod: 26
2026-02-11 09:59:52,324 | INFO | execution_binance_main |     macdext_signalperiod: 9
2026-02-11 09:59:52,324 | INFO | execution_binance_main |     atr_period: 14
2026-02-11 09:59:52,326 | INFO | execution_binance_main |     cmo_period: 14
2026-02-11 09:59:52,327 | INFO | execution_binance_main |     macd_fastperiod: 12
2026-02-11 09:59:52,327 | INFO | execution_binance_main |     macd_slowperiod: 26
2026-02-11 09:59:52,327 | INFO | execution_binance_main |     macd_signalperiod: 9
2026-02-11 09:59:52,328 | INFO | execution_binance_main |     stochrsi_period: 14
2026-02-11 09:59:52,328 | INFO | execution_binance_main |     dx_period: 14
2026-02-11 09:59:52,328 | INFO | execution_binance_main |     rocr100_period: 10
2026-02-11 09:59:52,330 | INFO | execution_binance_main | Strategy sig_1h_btc_50 → Highest window value among specified patterns: 30
2026-02-11 10:11:29,198 | INFO | execution_binance_main | Strategy sig_1h_btc_1 → Highest window value among specified patterns: 30
2026-02-11 10:11:29,203 | INFO | execution_binance_main | Strategy sig_1h_btc_2 → Highest window value among specified patterns: 30
2026-02-11 10:11:29,208 | INFO | execution_binance_main | Strategy sig_1h_btc_3 → Highest window value among specified patterns: 30
2026-02-11 10:11:29,210 | INFO | execution_binance_main | Strategy sig_1h_btc_4 → Highest window value among specified patterns: 30
2026-02-11 10:11:29,215 | INFO | execution_binance_main | Strategy sig_1h_btc_5 → Highest window value among specified patterns: 30
2026-02-11 10:11:29,220 | INFO | execution_binance_main | Strategy sig_1h_btc_6 → Highest window value among specified patterns: 30
2026-02-11 10:11:29,225 | INFO | execution_binance_main | Strategy sig_1h_btc_7 → Highest window value among specified patterns: 30
2026-02-11 10:11:29,228 | INFO | execution_binance_main | Strategy sig_1h_btc_8 → Highest window value among specified patterns: 30
2026-02-11 10:11:29,230 | INFO | execution_binance_main | Strategy sig_1h_btc_9 → Highest window value among specified patterns: 30
2026-02-11 10:11:29,235 | INFO | execution_binance_main | Strategy sig_1h_btc_10 → Highest window value among specified patterns: 30
2026-02-11 10:11:29,240 | INFO | execution_binance_main | Strategy sig_1h_btc_11 → Highest window value among specified patterns: 30
2026-02-11 10:11:29,244 | INFO | execution_binance_main | Strategy sig_1h_btc_12 → Highest window value among specified patterns: 30
2026-02-11 10:11:29,248 | INFO | execution_binance_main | Strategy sig_1h_btc_13 → Highest window value among specified patterns: 30
2026-02-11 10:11:29,253 | INFO | execution_binance_main | Strategy sig_1h_btc_14 → Highest window value among specified patterns: 30
2026-02-11 10:11:29,257 | INFO | execution_binance_main | Strategy sig_1h_btc_15 → Highest window value among specified patterns: 30
2026-02-11 10:11:29,260 | INFO | execution_binance_main | Strategy sig_1h_btc_16 → Highest window value among specified patterns: 30
2026-02-11 10:11:29,263 | INFO | execution_binance_main | Strategy sig_1h_btc_17 → Highest window value among specified patterns: 30
2026-02-11 10:11:29,269 | INFO | execution_binance_main | Strategy sig_1h_btc_18 → Highest window value among specified patterns: 30
2026-02-11 10:11:29,273 | INFO | execution_binance_main | Strategy sig_1h_btc_19 → Highest window value among specified patterns: 30
2026-02-11 10:11:29,276 | INFO | execution_binance_main | Strategy sig_1h_btc_20 → Highest window value among specified patterns: 30
2026-02-11 10:11:29,282 | INFO | execution_binance_main | Strategy sig_1h_btc_21 → Highest window value among specified patterns: 30
2026-02-11 10:11:29,287 | INFO | execution_binance_main | Strategy sig_1h_btc_22 → Highest window value among specified patterns: 30
2026-02-11 10:11:29,291 | INFO | execution_binance_main | Strategy sig_1h_btc_23 → Highest window value among specified patterns: 30
2026-02-11 10:11:29,294 | INFO | execution_binance_main | Strategy sig_1h_btc_24 → Highest window value among specified patterns: 30
2026-02-11 10:11:29,300 | INFO | execution_binance_main | Strategy sig_1h_btc_25 → Highest window value among specified patterns: 30
2026-02-11 10:11:29,306 | INFO | execution_binance_main | Strategy sig_1h_btc_26 → Highest window value among specified patterns: 30
2026-02-11 10:11:29,311 | INFO | execution_binance_main | Strategy sig_1h_btc_27 → Highest window value among specified patterns: 30
2026-02-11 10:11:29,314 | INFO | execution_binance_main | Strategy sig_1h_btc_28 → Highest window value among specified patterns: 30
2026-02-11 10:11:29,319 | INFO | execution_binance_main | Strategy sig_1h_btc_29 → Highest window value among specified patterns: 30
2026-02-11 10:11:29,323 | INFO | execution_binance_main | Strategy sig_1h_btc_30 → Highest window value among specified patterns: 30
2026-02-11 10:11:29,327 | INFO | execution_binance_main | Strategy sig_1h_btc_31 → Highest window value among specified patterns: 30
2026-02-11 10:11:29,331 | INFO | execution_binance_main | Strategy sig_1h_btc_32 → Highest window value among specified patterns: 30
2026-02-11 10:11:29,336 | INFO | execution_binance_main | Strategy sig_1h_btc_33 → Highest window value among specified patterns: 30
2026-02-11 10:11:29,341 | INFO | execution_binance_main | Strategy sig_1h_btc_34 → Highest window value among specified patterns: 30
2026-02-11 10:11:29,345 | INFO | execution_binance_main | Strategy sig_1h_btc_35 → Highest window value among specified patterns: 30
2026-02-11 10:11:29,349 | INFO | execution_binance_main | Strategy sig_1h_btc_36 → Highest window value among specified patterns: 30
2026-02-11 10:11:29,355 | INFO | execution_binance_main | Strategy sig_1h_btc_37 → Highest window value among specified patterns: 30
2026-02-11 10:11:29,359 | INFO | execution_binance_main | Strategy sig_1h_btc_38 → Highest window value among specified patterns: 30
2026-02-11 10:11:29,364 | INFO | execution_binance_main | Strategy sig_1h_btc_39 → Highest window value among specified patterns: 30
2026-02-11 10:11:29,368 | INFO | execution_binance_main | Strategy sig_1h_btc_40 → Highest window value among specified patterns: 30
2026-02-11 10:11:29,374 | INFO | execution_binance_main | Strategy sig_1h_btc_41 → Highest window value among specified patterns: 30
2026-02-11 10:11:29,377 | INFO | execution_binance_main | Strategy sig_1h_btc_42 → Highest window value among specified patterns: 30
2026-02-11 10:11:29,382 | INFO | execution_binance_main | Strategy sig_1h_btc_43 → Highest window value among specified patterns: 30
2026-02-11 10:11:29,386 | INFO | execution_binance_main | Strategy sig_1h_btc_44 → Highest window value among specified patterns: 30
2026-02-11 10:11:29,390 | INFO | execution_binance_main | Strategy sig_1h_btc_45 → Highest window value among specified patterns: 30
2026-02-11 10:11:29,393 | INFO | execution_binance_main | Strategy sig_1h_btc_46 → Highest window value among specified patterns: 30
2026-02-11 10:11:29,396 | INFO | execution_binance_main | Strategy sig_1h_btc_47 → Highest window value among specified patterns: 30
2026-02-11 10:11:29,401 | INFO | execution_binance_main | Strategy sig_1h_btc_48 → Highest window value among specified patterns: 30
2026-02-11 10:11:29,406 | INFO | execution_binance_main | Strategy sig_1h_btc_49 → Highest window value among specified patterns: 30
2026-02-11 10:11:29,409 | INFO | execution_binance_main | Strategy sig_1h_btc_50 → Highest window value among specified patterns: 30
2026-02-11 10:12:18,825 | INFO | execution_binance_main | Strategy sig_1h_btc_1 → Highest window value among specified patterns: 30
2026-02-11 10:12:18,830 | INFO | execution_binance_main | Strategy sig_1h_btc_2 → Highest window value among specified patterns: 30
2026-02-11 10:12:18,834 | INFO | execution_binance_main | Strategy sig_1h_btc_3 → Highest window value among specified patterns: 30
2026-02-11 10:12:18,839 | INFO | execution_binance_main | Strategy sig_1h_btc_4 → Highest window value among specified patterns: 30
2026-02-11 10:12:18,843 | INFO | execution_binance_main | Strategy sig_1h_btc_5 → Highest window value among specified patterns: 30
2026-02-11 10:12:18,847 | INFO | execution_binance_main | Strategy sig_1h_btc_6 → Highest window value among specified patterns: 30
2026-02-11 10:12:18,851 | INFO | execution_binance_main | Strategy sig_1h_btc_7 → Highest window value among specified patterns: 30
2026-02-11 10:12:18,855 | INFO | execution_binance_main | Strategy sig_1h_btc_8 → Highest window value among specified patterns: 30
2026-02-11 10:12:18,856 | INFO | execution_binance_main | Strategy sig_1h_btc_9 → Highest window value among specified patterns: 30
2026-02-11 10:12:18,861 | INFO | execution_binance_main | Strategy sig_1h_btc_10 → Highest window value among specified patterns: 30
2026-02-11 10:12:18,866 | INFO | execution_binance_main | Strategy sig_1h_btc_11 → Highest window value among specified patterns: 30
2026-02-11 10:12:18,870 | INFO | execution_binance_main | Strategy sig_1h_btc_12 → Highest window value among specified patterns: 30
2026-02-11 10:12:18,874 | INFO | execution_binance_main | Strategy sig_1h_btc_13 → Highest window value among specified patterns: 30
2026-02-11 10:12:18,880 | INFO | execution_binance_main | Strategy sig_1h_btc_14 → Highest window value among specified patterns: 30
2026-02-11 10:12:18,885 | INFO | execution_binance_main | Strategy sig_1h_btc_15 → Highest window value among specified patterns: 30
2026-02-11 10:12:18,891 | INFO | execution_binance_main | Strategy sig_1h_btc_16 → Highest window value among specified patterns: 30
2026-02-11 10:12:18,899 | INFO | execution_binance_main | Strategy sig_1h_btc_17 → Highest window value among specified patterns: 30
2026-02-11 10:12:18,903 | INFO | execution_binance_main | Strategy sig_1h_btc_18 → Highest window value among specified patterns: 30
2026-02-11 10:12:18,910 | INFO | execution_binance_main | Strategy sig_1h_btc_19 → Highest window value among specified patterns: 30
2026-02-11 10:12:18,916 | INFO | execution_binance_main | Strategy sig_1h_btc_20 → Highest window value among specified patterns: 30
2026-02-11 10:12:18,920 | INFO | execution_binance_main | Strategy sig_1h_btc_21 → Highest window value among specified patterns: 30
2026-02-11 10:12:18,928 | INFO | execution_binance_main | Strategy sig_1h_btc_22 → Highest window value among specified patterns: 30
2026-02-11 10:12:18,933 | INFO | execution_binance_main | Strategy sig_1h_btc_23 → Highest window value among specified patterns: 30
2026-02-11 10:12:18,937 | INFO | execution_binance_main | Strategy sig_1h_btc_24 → Highest window value among specified patterns: 30
2026-02-11 10:12:18,944 | INFO | execution_binance_main | Strategy sig_1h_btc_25 → Highest window value among specified patterns: 30
2026-02-11 10:12:18,948 | INFO | execution_binance_main | Strategy sig_1h_btc_26 → Highest window value among specified patterns: 30
2026-02-11 10:12:18,953 | INFO | execution_binance_main | Strategy sig_1h_btc_27 → Highest window value among specified patterns: 30
2026-02-11 10:12:18,960 | INFO | execution_binance_main | Strategy sig_1h_btc_28 → Highest window value among specified patterns: 30
2026-02-11 10:12:18,965 | INFO | execution_binance_main | Strategy sig_1h_btc_29 → Highest window value among specified patterns: 30
2026-02-11 10:12:18,968 | INFO | execution_binance_main | Strategy sig_1h_btc_30 → Highest window value among specified patterns: 30
2026-02-11 10:12:18,977 | INFO | execution_binance_main | Strategy sig_1h_btc_31 → Highest window value among specified patterns: 30
2026-02-11 10:12:18,982 | INFO | execution_binance_main | Strategy sig_1h_btc_32 → Highest window value among specified patterns: 30
2026-02-11 10:12:18,983 | INFO | execution_binance_main | Strategy sig_1h_btc_33 → Highest window value among specified patterns: 30
2026-02-11 10:12:18,991 | INFO | execution_binance_main | Strategy sig_1h_btc_34 → Highest window value among specified patterns: 30
2026-02-11 10:12:18,995 | INFO | execution_binance_main | Strategy sig_1h_btc_35 → Highest window value among specified patterns: 30
2026-02-11 10:12:19,001 | INFO | execution_binance_main | Strategy sig_1h_btc_36 → Highest window value among specified patterns: 30
2026-02-11 10:12:19,008 | INFO | execution_binance_main | Strategy sig_1h_btc_37 → Highest window value among specified patterns: 30
2026-02-11 10:12:19,009 | INFO | execution_binance_main | Strategy sig_1h_btc_38 → Highest window value among specified patterns: 30
2026-02-11 10:12:19,017 | INFO | execution_binance_main | Strategy sig_1h_btc_39 → Highest window value among specified patterns: 30
2026-02-11 10:12:19,022 | INFO | execution_binance_main | Strategy sig_1h_btc_40 → Highest window value among specified patterns: 30
2026-02-11 10:12:19,030 | INFO | execution_binance_main | Strategy sig_1h_btc_41 → Highest window value among specified patterns: 30
2026-02-11 10:12:19,096 | INFO | execution_binance_main | Strategy sig_1h_btc_42 → Highest window value among specified patterns: 30
2026-02-11 10:12:19,116 | INFO | execution_binance_main | Strategy sig_1h_btc_43 → Highest window value among specified patterns: 30
2026-02-11 10:12:19,126 | INFO | execution_binance_main | Strategy sig_1h_btc_44 → Highest window value among specified patterns: 30
2026-02-11 10:12:19,132 | INFO | execution_binance_main | Strategy sig_1h_btc_45 → Highest window value among specified patterns: 30
2026-02-11 10:12:19,155 | INFO | execution_binance_main | Strategy sig_1h_btc_46 → Highest window value among specified patterns: 30
2026-02-11 10:12:19,162 | INFO | execution_binance_main | Strategy sig_1h_btc_47 → Highest window value among specified patterns: 30
2026-02-11 10:12:19,166 | INFO | execution_binance_main | Strategy sig_1h_btc_48 → Highest window value among specified patterns: 30
2026-02-11 10:12:19,175 | INFO | execution_binance_main | Strategy sig_1h_btc_49 → Highest window value among specified patterns: 30
2026-02-11 10:12:19,179 | INFO | execution_binance_main | Strategy sig_1h_btc_50 → Highest window value among specified patterns: 30
2026-02-11 10:12:19,179 | INFO | execution_binance_main | Required 1m candles: 1800
2026-02-11 10:23:07,226 | INFO | execution_binance_main | Strategy sig_1h_btc_1 → Highest window value among specified patterns: 30
2026-02-11 10:23:07,231 | INFO | execution_binance_main | Strategy sig_1h_btc_2 → Highest window value among specified patterns: 30
2026-02-11 10:23:07,236 | INFO | execution_binance_main | Strategy sig_1h_btc_3 → Highest window value among specified patterns: 30
2026-02-11 10:23:07,238 | INFO | execution_binance_main | Strategy sig_1h_btc_4 → Highest window value among specified patterns: 30
2026-02-11 10:23:07,241 | INFO | execution_binance_main | Strategy sig_1h_btc_5 → Highest window value among specified patterns: 30
2026-02-11 10:23:07,244 | INFO | execution_binance_main | Strategy sig_1h_btc_6 → Highest window value among specified patterns: 30
2026-02-11 10:23:07,247 | INFO | execution_binance_main | Strategy sig_1h_btc_7 → Highest window value among specified patterns: 30
2026-02-11 10:23:07,251 | INFO | execution_binance_main | Strategy sig_1h_btc_8 → Highest window value among specified patterns: 30
2026-02-11 10:23:07,254 | INFO | execution_binance_main | Strategy sig_1h_btc_9 → Highest window value among specified patterns: 30
2026-02-11 10:23:07,257 | INFO | execution_binance_main | Strategy sig_1h_btc_10 → Highest window value among specified patterns: 30
2026-02-11 10:23:07,259 | INFO | execution_binance_main | Strategy sig_1h_btc_11 → Highest window value among specified patterns: 30
2026-02-11 10:23:07,262 | INFO | execution_binance_main | Strategy sig_1h_btc_12 → Highest window value among specified patterns: 30
2026-02-11 10:23:07,267 | INFO | execution_binance_main | Strategy sig_1h_btc_13 → Highest window value among specified patterns: 30
2026-02-11 10:23:07,271 | INFO | execution_binance_main | Strategy sig_1h_btc_14 → Highest window value among specified patterns: 30
2026-02-11 10:23:07,274 | INFO | execution_binance_main | Strategy sig_1h_btc_15 → Highest window value among specified patterns: 30
2026-02-11 10:23:07,276 | INFO | execution_binance_main | Strategy sig_1h_btc_16 → Highest window value among specified patterns: 30
2026-02-11 10:23:07,280 | INFO | execution_binance_main | Strategy sig_1h_btc_17 → Highest window value among specified patterns: 30
2026-02-11 10:23:07,283 | INFO | execution_binance_main | Strategy sig_1h_btc_18 → Highest window value among specified patterns: 30
2026-02-11 10:23:07,287 | INFO | execution_binance_main | Strategy sig_1h_btc_19 → Highest window value among specified patterns: 30
2026-02-11 10:23:07,290 | INFO | execution_binance_main | Strategy sig_1h_btc_20 → Highest window value among specified patterns: 30
2026-02-11 10:23:07,292 | INFO | execution_binance_main | Strategy sig_1h_btc_21 → Highest window value among specified patterns: 30
2026-02-11 10:23:07,296 | INFO | execution_binance_main | Strategy sig_1h_btc_22 → Highest window value among specified patterns: 30
2026-02-11 10:23:07,299 | INFO | execution_binance_main | Strategy sig_1h_btc_23 → Highest window value among specified patterns: 30
2026-02-11 10:23:07,302 | INFO | execution_binance_main | Strategy sig_1h_btc_24 → Highest window value among specified patterns: 30
2026-02-11 10:23:07,307 | INFO | execution_binance_main | Strategy sig_1h_btc_25 → Highest window value among specified patterns: 30
2026-02-11 10:23:07,310 | INFO | execution_binance_main | Strategy sig_1h_btc_26 → Highest window value among specified patterns: 30
2026-02-11 10:23:07,311 | INFO | execution_binance_main | Strategy sig_1h_btc_27 → Highest window value among specified patterns: 30
2026-02-11 10:23:07,317 | INFO | execution_binance_main | Strategy sig_1h_btc_28 → Highest window value among specified patterns: 30
2026-02-11 10:23:07,323 | INFO | execution_binance_main | Strategy sig_1h_btc_29 → Highest window value among specified patterns: 30
2026-02-11 10:23:07,327 | INFO | execution_binance_main | Strategy sig_1h_btc_30 → Highest window value among specified patterns: 30
2026-02-11 10:23:07,330 | INFO | execution_binance_main | Strategy sig_1h_btc_31 → Highest window value among specified patterns: 30
2026-02-11 10:23:07,334 | INFO | execution_binance_main | Strategy sig_1h_btc_32 → Highest window value among specified patterns: 30
2026-02-11 10:23:07,338 | INFO | execution_binance_main | Strategy sig_1h_btc_33 → Highest window value among specified patterns: 30
2026-02-11 10:23:07,340 | INFO | execution_binance_main | Strategy sig_1h_btc_34 → Highest window value among specified patterns: 30
2026-02-11 10:23:07,343 | INFO | execution_binance_main | Strategy sig_1h_btc_35 → Highest window value among specified patterns: 30
2026-02-11 10:23:07,346 | INFO | execution_binance_main | Strategy sig_1h_btc_36 → Highest window value among specified patterns: 30
2026-02-11 10:23:07,352 | INFO | execution_binance_main | Strategy sig_1h_btc_37 → Highest window value among specified patterns: 30
2026-02-11 10:23:07,355 | INFO | execution_binance_main | Strategy sig_1h_btc_38 → Highest window value among specified patterns: 30
2026-02-11 10:23:07,356 | INFO | execution_binance_main | Strategy sig_1h_btc_39 → Highest window value among specified patterns: 30
2026-02-11 10:23:07,361 | INFO | execution_binance_main | Strategy sig_1h_btc_40 → Highest window value among specified patterns: 30
2026-02-11 10:23:07,363 | INFO | execution_binance_main | Strategy sig_1h_btc_41 → Highest window value among specified patterns: 30
2026-02-11 10:23:07,365 | INFO | execution_binance_main | Strategy sig_1h_btc_42 → Highest window value among specified patterns: 30
2026-02-11 10:23:07,371 | INFO | execution_binance_main | Strategy sig_1h_btc_43 → Highest window value among specified patterns: 30
2026-02-11 10:23:07,374 | INFO | execution_binance_main | Strategy sig_1h_btc_44 → Highest window value among specified patterns: 30
2026-02-11 10:23:07,375 | INFO | execution_binance_main | Strategy sig_1h_btc_45 → Highest window value among specified patterns: 30
2026-02-11 10:23:07,378 | INFO | execution_binance_main | Strategy sig_1h_btc_46 → Highest window value among specified patterns: 30
2026-02-11 10:23:07,384 | INFO | execution_binance_main | Strategy sig_1h_btc_47 → Highest window value among specified patterns: 30
2026-02-11 10:23:07,386 | INFO | execution_binance_main | Strategy sig_1h_btc_48 → Highest window value among specified patterns: 30
2026-02-11 10:23:07,390 | INFO | execution_binance_main | Strategy sig_1h_btc_49 → Highest window value among specified patterns: 30
2026-02-11 10:23:07,392 | INFO | execution_binance_main | Strategy sig_1h_btc_50 → Highest window value among specified patterns: 30
2026-02-11 10:23:07,393 | INFO | execution_binance_main | Required 1m candles: 1800
2026-02-11 10:26:49,597 | INFO | execution_binance_main | Strategy sig_1h_btc_1 → Highest window value among specified patterns: 30
2026-02-11 10:26:49,605 | INFO | execution_binance_main | Strategy sig_1h_btc_2 → Highest window value among specified patterns: 30
2026-02-11 10:26:49,608 | INFO | execution_binance_main | Strategy sig_1h_btc_3 → Highest window value among specified patterns: 30
2026-02-11 10:26:49,609 | INFO | execution_binance_main | Strategy sig_1h_btc_4 → Highest window value among specified patterns: 30
2026-02-11 10:26:49,616 | INFO | execution_binance_main | Strategy sig_1h_btc_5 → Highest window value among specified patterns: 30
2026-02-11 10:26:49,619 | INFO | execution_binance_main | Strategy sig_1h_btc_6 → Highest window value among specified patterns: 30
2026-02-11 10:26:49,621 | INFO | execution_binance_main | Strategy sig_1h_btc_7 → Highest window value among specified patterns: 30
2026-02-11 10:26:49,624 | INFO | execution_binance_main | Strategy sig_1h_btc_8 → Highest window value among specified patterns: 30
2026-02-11 10:26:49,628 | INFO | execution_binance_main | Strategy sig_1h_btc_9 → Highest window value among specified patterns: 30
2026-02-11 10:26:49,631 | INFO | execution_binance_main | Strategy sig_1h_btc_10 → Highest window value among specified patterns: 30
2026-02-11 10:26:49,634 | INFO | execution_binance_main | Strategy sig_1h_btc_11 → Highest window value among specified patterns: 30
2026-02-11 10:26:49,637 | INFO | execution_binance_main | Strategy sig_1h_btc_12 → Highest window value among specified patterns: 30
2026-02-11 10:26:49,640 | INFO | execution_binance_main | Strategy sig_1h_btc_13 → Highest window value among specified patterns: 30
2026-02-11 10:26:49,643 | INFO | execution_binance_main | Strategy sig_1h_btc_14 → Highest window value among specified patterns: 30
2026-02-11 10:26:49,647 | INFO | execution_binance_main | Strategy sig_1h_btc_15 → Highest window value among specified patterns: 30
2026-02-11 10:26:49,650 | INFO | execution_binance_main | Strategy sig_1h_btc_16 → Highest window value among specified patterns: 30
2026-02-11 10:26:49,652 | INFO | execution_binance_main | Strategy sig_1h_btc_17 → Highest window value among specified patterns: 30
2026-02-11 10:26:49,656 | INFO | execution_binance_main | Strategy sig_1h_btc_18 → Highest window value among specified patterns: 30
2026-02-11 10:26:49,659 | INFO | execution_binance_main | Strategy sig_1h_btc_19 → Highest window value among specified patterns: 30
2026-02-11 10:26:49,664 | INFO | execution_binance_main | Strategy sig_1h_btc_20 → Highest window value among specified patterns: 30
2026-02-11 10:26:49,667 | INFO | execution_binance_main | Strategy sig_1h_btc_21 → Highest window value among specified patterns: 30
2026-02-11 10:26:49,669 | INFO | execution_binance_main | Strategy sig_1h_btc_22 → Highest window value among specified patterns: 30
2026-02-11 10:26:49,673 | INFO | execution_binance_main | Strategy sig_1h_btc_23 → Highest window value among specified patterns: 30
2026-02-11 10:26:49,676 | INFO | execution_binance_main | Strategy sig_1h_btc_24 → Highest window value among specified patterns: 30
2026-02-11 10:26:49,680 | INFO | execution_binance_main | Strategy sig_1h_btc_25 → Highest window value among specified patterns: 30
2026-02-11 10:26:49,684 | INFO | execution_binance_main | Strategy sig_1h_btc_26 → Highest window value among specified patterns: 30
2026-02-11 10:26:49,686 | INFO | execution_binance_main | Strategy sig_1h_btc_27 → Highest window value among specified patterns: 30
2026-02-11 10:26:49,690 | INFO | execution_binance_main | Strategy sig_1h_btc_28 → Highest window value among specified patterns: 30
2026-02-11 10:26:49,693 | INFO | execution_binance_main | Strategy sig_1h_btc_29 → Highest window value among specified patterns: 30
2026-02-11 10:26:49,695 | INFO | execution_binance_main | Strategy sig_1h_btc_30 → Highest window value among specified patterns: 30
2026-02-11 10:26:49,700 | INFO | execution_binance_main | Strategy sig_1h_btc_31 → Highest window value among specified patterns: 30
2026-02-11 10:26:49,703 | INFO | execution_binance_main | Strategy sig_1h_btc_32 → Highest window value among specified patterns: 30
2026-02-11 10:26:49,704 | INFO | execution_binance_main | Strategy sig_1h_btc_33 → Highest window value among specified patterns: 30
2026-02-11 10:26:49,710 | INFO | execution_binance_main | Strategy sig_1h_btc_34 → Highest window value among specified patterns: 30
2026-02-11 10:26:49,713 | INFO | execution_binance_main | Strategy sig_1h_btc_35 → Highest window value among specified patterns: 30
2026-02-11 10:26:49,716 | INFO | execution_binance_main | Strategy sig_1h_btc_36 → Highest window value among specified patterns: 30
2026-02-11 10:26:49,720 | INFO | execution_binance_main | Strategy sig_1h_btc_37 → Highest window value among specified patterns: 30
2026-02-11 10:26:49,726 | INFO | execution_binance_main | Strategy sig_1h_btc_38 → Highest window value among specified patterns: 30
2026-02-11 10:26:49,731 | INFO | execution_binance_main | Strategy sig_1h_btc_39 → Highest window value among specified patterns: 30
2026-02-11 10:26:49,734 | INFO | execution_binance_main | Strategy sig_1h_btc_40 → Highest window value among specified patterns: 30
2026-02-11 10:26:49,736 | INFO | execution_binance_main | Strategy sig_1h_btc_41 → Highest window value among specified patterns: 30
2026-02-11 10:26:49,739 | INFO | execution_binance_main | Strategy sig_1h_btc_42 → Highest window value among specified patterns: 30
2026-02-11 10:26:49,743 | INFO | execution_binance_main | Strategy sig_1h_btc_43 → Highest window value among specified patterns: 30
2026-02-11 10:26:49,746 | INFO | execution_binance_main | Strategy sig_1h_btc_44 → Highest window value among specified patterns: 30
2026-02-11 10:26:49,750 | INFO | execution_binance_main | Strategy sig_1h_btc_45 → Highest window value among specified patterns: 30
2026-02-11 10:26:49,752 | INFO | execution_binance_main | Strategy sig_1h_btc_46 → Highest window value among specified patterns: 30
2026-02-11 10:26:49,756 | INFO | execution_binance_main | Strategy sig_1h_btc_47 → Highest window value among specified patterns: 30
2026-02-11 10:26:49,758 | INFO | execution_binance_main | Strategy sig_1h_btc_48 → Highest window value among specified patterns: 30
2026-02-11 10:26:49,762 | INFO | execution_binance_main | Strategy sig_1h_btc_49 → Highest window value among specified patterns: 30
2026-02-11 10:26:49,765 | INFO | execution_binance_main | Strategy sig_1h_btc_50 → Highest window value among specified patterns: 30
2026-02-11 10:26:49,766 | INFO | execution_binance_main | Required 1m candles: 1800
2026-02-11 10:31:05,427 | INFO | execution_binance_main | Strategy sig_1h_btc_1 → Highest window value among specified patterns: 30
2026-02-11 10:31:05,432 | INFO | execution_binance_main | Strategy sig_1h_btc_2 → Highest window value among specified patterns: 30
2026-02-11 10:31:05,435 | INFO | execution_binance_main | Strategy sig_1h_btc_3 → Highest window value among specified patterns: 30
2026-02-11 10:31:05,440 | INFO | execution_binance_main | Strategy sig_1h_btc_4 → Highest window value among specified patterns: 30
2026-02-11 10:31:05,443 | INFO | execution_binance_main | Strategy sig_1h_btc_5 → Highest window value among specified patterns: 30
2026-02-11 10:31:05,445 | INFO | execution_binance_main | Strategy sig_1h_btc_6 → Highest window value among specified patterns: 30
2026-02-11 10:31:05,449 | INFO | execution_binance_main | Strategy sig_1h_btc_7 → Highest window value among specified patterns: 30
2026-02-11 10:31:05,451 | INFO | execution_binance_main | Strategy sig_1h_btc_8 → Highest window value among specified patterns: 30
2026-02-11 10:31:05,455 | INFO | execution_binance_main | Strategy sig_1h_btc_9 → Highest window value among specified patterns: 30
2026-02-11 10:31:05,459 | INFO | execution_binance_main | Strategy sig_1h_btc_10 → Highest window value among specified patterns: 30
2026-02-11 10:31:05,462 | INFO | execution_binance_main | Strategy sig_1h_btc_11 → Highest window value among specified patterns: 30
2026-02-11 10:31:05,464 | INFO | execution_binance_main | Strategy sig_1h_btc_12 → Highest window value among specified patterns: 30
2026-02-11 10:31:05,468 | INFO | execution_binance_main | Strategy sig_1h_btc_13 → Highest window value among specified patterns: 30
2026-02-11 10:31:05,471 | INFO | execution_binance_main | Strategy sig_1h_btc_14 → Highest window value among specified patterns: 30
2026-02-11 10:31:05,475 | INFO | execution_binance_main | Strategy sig_1h_btc_15 → Highest window value among specified patterns: 30
2026-02-11 10:31:05,478 | INFO | execution_binance_main | Strategy sig_1h_btc_16 → Highest window value among specified patterns: 30
2026-02-11 10:31:05,479 | INFO | execution_binance_main | Strategy sig_1h_btc_17 → Highest window value among specified patterns: 30
2026-02-11 10:31:05,485 | INFO | execution_binance_main | Strategy sig_1h_btc_18 → Highest window value among specified patterns: 30
2026-02-11 10:31:05,489 | INFO | execution_binance_main | Strategy sig_1h_btc_19 → Highest window value among specified patterns: 30
2026-02-11 10:31:05,492 | INFO | execution_binance_main | Strategy sig_1h_btc_20 → Highest window value among specified patterns: 30
2026-02-11 10:31:05,496 | INFO | execution_binance_main | Strategy sig_1h_btc_21 → Highest window value among specified patterns: 30
2026-02-11 10:31:05,499 | INFO | execution_binance_main | Strategy sig_1h_btc_22 → Highest window value among specified patterns: 30
2026-02-11 10:31:05,502 | INFO | execution_binance_main | Strategy sig_1h_btc_23 → Highest window value among specified patterns: 30
2026-02-11 10:31:05,505 | INFO | execution_binance_main | Strategy sig_1h_btc_24 → Highest window value among specified patterns: 30
2026-02-11 10:31:05,509 | INFO | execution_binance_main | Strategy sig_1h_btc_25 → Highest window value among specified patterns: 30
2026-02-11 10:31:05,513 | INFO | execution_binance_main | Strategy sig_1h_btc_26 → Highest window value among specified patterns: 30
2026-02-11 10:31:05,517 | INFO | execution_binance_main | Strategy sig_1h_btc_27 → Highest window value among specified patterns: 30
2026-02-11 10:31:05,521 | INFO | execution_binance_main | Strategy sig_1h_btc_28 → Highest window value among specified patterns: 30
2026-02-11 10:31:05,528 | INFO | execution_binance_main | Strategy sig_1h_btc_29 → Highest window value among specified patterns: 30
2026-02-11 10:31:05,533 | INFO | execution_binance_main | Strategy sig_1h_btc_30 → Highest window value among specified patterns: 30
2026-02-11 10:31:05,539 | INFO | execution_binance_main | Strategy sig_1h_btc_31 → Highest window value among specified patterns: 30
2026-02-11 10:31:05,544 | INFO | execution_binance_main | Strategy sig_1h_btc_32 → Highest window value among specified patterns: 30
2026-02-11 10:31:05,546 | INFO | execution_binance_main | Strategy sig_1h_btc_33 → Highest window value among specified patterns: 30
2026-02-11 10:31:05,546 | INFO | execution_binance_main | Strategy sig_1h_btc_34 → Highest window value among specified patterns: 30
2026-02-11 10:31:05,555 | INFO | execution_binance_main | Strategy sig_1h_btc_35 → Highest window value among specified patterns: 30
2026-02-11 10:31:05,559 | INFO | execution_binance_main | Strategy sig_1h_btc_36 → Highest window value among specified patterns: 30
2026-02-11 10:31:05,563 | INFO | execution_binance_main | Strategy sig_1h_btc_37 → Highest window value among specified patterns: 30
2026-02-11 10:31:05,566 | INFO | execution_binance_main | Strategy sig_1h_btc_38 → Highest window value among specified patterns: 30
2026-02-11 10:31:05,568 | INFO | execution_binance_main | Strategy sig_1h_btc_39 → Highest window value among specified patterns: 30
2026-02-11 10:31:05,575 | INFO | execution_binance_main | Strategy sig_1h_btc_40 → Highest window value among specified patterns: 30
2026-02-11 10:31:05,577 | INFO | execution_binance_main | Strategy sig_1h_btc_41 → Highest window value among specified patterns: 30
2026-02-11 10:31:05,579 | INFO | execution_binance_main | Strategy sig_1h_btc_42 → Highest window value among specified patterns: 30
2026-02-11 10:31:05,584 | INFO | execution_binance_main | Strategy sig_1h_btc_43 → Highest window value among specified patterns: 30
2026-02-11 10:31:05,588 | INFO | execution_binance_main | Strategy sig_1h_btc_44 → Highest window value among specified patterns: 30
2026-02-11 10:31:05,592 | INFO | execution_binance_main | Strategy sig_1h_btc_45 → Highest window value among specified patterns: 30
2026-02-11 10:31:05,595 | INFO | execution_binance_main | Strategy sig_1h_btc_46 → Highest window value among specified patterns: 30
2026-02-11 10:31:05,596 | INFO | execution_binance_main | Strategy sig_1h_btc_47 → Highest window value among specified patterns: 30
2026-02-11 10:31:05,601 | INFO | execution_binance_main | Strategy sig_1h_btc_48 → Highest window value among specified patterns: 30
2026-02-11 10:31:05,606 | INFO | execution_binance_main | Strategy sig_1h_btc_49 → Highest window value among specified patterns: 30
2026-02-11 10:31:05,609 | INFO | execution_binance_main | Strategy sig_1h_btc_50 → Highest window value among specified patterns: 30
2026-02-11 10:31:05,610 | INFO | execution_binance_main | Required 1m candles: 1800
2026-02-11 10:36:36,372 | INFO | execution_binance_main | Strategy sig_1h_btc_1 → Highest window value among specified patterns: 30
2026-02-11 10:36:36,376 | INFO | execution_binance_main | Strategy sig_1h_btc_2 → Highest window value among specified patterns: 30
2026-02-11 10:36:36,379 | INFO | execution_binance_main | Strategy sig_1h_btc_3 → Highest window value among specified patterns: 30
2026-02-11 10:36:36,382 | INFO | execution_binance_main | Strategy sig_1h_btc_4 → Highest window value among specified patterns: 30
2026-02-11 10:36:36,385 | INFO | execution_binance_main | Strategy sig_1h_btc_5 → Highest window value among specified patterns: 30
2026-02-11 10:36:36,389 | INFO | execution_binance_main | Strategy sig_1h_btc_6 → Highest window value among specified patterns: 30
2026-02-11 10:36:36,393 | INFO | execution_binance_main | Strategy sig_1h_btc_7 → Highest window value among specified patterns: 30
2026-02-11 10:36:36,395 | INFO | execution_binance_main | Strategy sig_1h_btc_8 → Highest window value among specified patterns: 30
2026-02-11 10:36:36,399 | INFO | execution_binance_main | Strategy sig_1h_btc_9 → Highest window value among specified patterns: 30
2026-02-11 10:36:36,403 | INFO | execution_binance_main | Strategy sig_1h_btc_10 → Highest window value among specified patterns: 30
2026-02-11 10:36:36,408 | INFO | execution_binance_main | Strategy sig_1h_btc_11 → Highest window value among specified patterns: 30
2026-02-11 10:36:36,410 | INFO | execution_binance_main | Strategy sig_1h_btc_12 → Highest window value among specified patterns: 30
2026-02-11 10:36:36,415 | INFO | execution_binance_main | Strategy sig_1h_btc_13 → Highest window value among specified patterns: 30
2026-02-11 10:36:36,418 | INFO | execution_binance_main | Strategy sig_1h_btc_14 → Highest window value among specified patterns: 30
2026-02-11 10:36:36,421 | INFO | execution_binance_main | Strategy sig_1h_btc_15 → Highest window value among specified patterns: 30
2026-02-11 10:36:36,426 | INFO | execution_binance_main | Strategy sig_1h_btc_16 → Highest window value among specified patterns: 30
2026-02-11 10:36:36,429 | INFO | execution_binance_main | Strategy sig_1h_btc_17 → Highest window value among specified patterns: 30
2026-02-11 10:36:36,432 | INFO | execution_binance_main | Strategy sig_1h_btc_18 → Highest window value among specified patterns: 30
2026-02-11 10:36:36,435 | INFO | execution_binance_main | Strategy sig_1h_btc_19 → Highest window value among specified patterns: 30
2026-02-11 10:36:36,441 | INFO | execution_binance_main | Strategy sig_1h_btc_20 → Highest window value among specified patterns: 30
2026-02-11 10:36:36,444 | INFO | execution_binance_main | Strategy sig_1h_btc_21 → Highest window value among specified patterns: 30
2026-02-11 10:36:36,447 | INFO | execution_binance_main | Strategy sig_1h_btc_22 → Highest window value among specified patterns: 30
2026-02-11 10:36:36,449 | INFO | execution_binance_main | Strategy sig_1h_btc_23 → Highest window value among specified patterns: 30
2026-02-11 10:36:36,454 | INFO | execution_binance_main | Strategy sig_1h_btc_24 → Highest window value among specified patterns: 30
2026-02-11 10:36:36,455 | INFO | execution_binance_main | Strategy sig_1h_btc_25 → Highest window value among specified patterns: 30
2026-02-11 10:36:36,455 | INFO | execution_binance_main | Strategy sig_1h_btc_26 → Highest window value among specified patterns: 30
2026-02-11 10:36:36,465 | INFO | execution_binance_main | Strategy sig_1h_btc_27 → Highest window value among specified patterns: 30
2026-02-11 10:36:36,469 | INFO | execution_binance_main | Strategy sig_1h_btc_28 → Highest window value among specified patterns: 30
2026-02-11 10:36:36,472 | INFO | execution_binance_main | Strategy sig_1h_btc_29 → Highest window value among specified patterns: 30
2026-02-11 10:36:36,477 | INFO | execution_binance_main | Strategy sig_1h_btc_30 → Highest window value among specified patterns: 30
2026-02-11 10:36:36,480 | INFO | execution_binance_main | Strategy sig_1h_btc_31 → Highest window value among specified patterns: 30
2026-02-11 10:36:36,481 | INFO | execution_binance_main | Strategy sig_1h_btc_32 → Highest window value among specified patterns: 30
2026-02-11 10:36:36,487 | INFO | execution_binance_main | Strategy sig_1h_btc_33 → Highest window value among specified patterns: 30
2026-02-11 10:36:36,490 | INFO | execution_binance_main | Strategy sig_1h_btc_34 → Highest window value among specified patterns: 30
2026-02-11 10:36:36,494 | INFO | execution_binance_main | Strategy sig_1h_btc_35 → Highest window value among specified patterns: 30
2026-02-11 10:36:36,497 | INFO | execution_binance_main | Strategy sig_1h_btc_36 → Highest window value among specified patterns: 30
2026-02-11 10:36:36,500 | INFO | execution_binance_main | Strategy sig_1h_btc_37 → Highest window value among specified patterns: 30
2026-02-11 10:36:36,505 | INFO | execution_binance_main | Strategy sig_1h_btc_38 → Highest window value among specified patterns: 30
2026-02-11 10:36:36,509 | INFO | execution_binance_main | Strategy sig_1h_btc_39 → Highest window value among specified patterns: 30
2026-02-11 10:36:36,514 | INFO | execution_binance_main | Strategy sig_1h_btc_40 → Highest window value among specified patterns: 30
2026-02-11 10:36:36,517 | INFO | execution_binance_main | Strategy sig_1h_btc_41 → Highest window value among specified patterns: 30
2026-02-11 10:36:36,524 | INFO | execution_binance_main | Strategy sig_1h_btc_42 → Highest window value among specified patterns: 30
2026-02-11 10:36:36,527 | INFO | execution_binance_main | Strategy sig_1h_btc_43 → Highest window value among specified patterns: 30
2026-02-11 10:36:36,531 | INFO | execution_binance_main | Strategy sig_1h_btc_44 → Highest window value among specified patterns: 30
2026-02-11 10:36:36,534 | INFO | execution_binance_main | Strategy sig_1h_btc_45 → Highest window value among specified patterns: 30
2026-02-11 10:36:36,538 | INFO | execution_binance_main | Strategy sig_1h_btc_46 → Highest window value among specified patterns: 30
2026-02-11 10:36:36,543 | INFO | execution_binance_main | Strategy sig_1h_btc_47 → Highest window value among specified patterns: 30
2026-02-11 10:36:36,545 | INFO | execution_binance_main | Strategy sig_1h_btc_48 → Highest window value among specified patterns: 30
2026-02-11 10:36:36,550 | INFO | execution_binance_main | Strategy sig_1h_btc_49 → Highest window value among specified patterns: 30
2026-02-11 10:36:36,557 | INFO | execution_binance_main | Strategy sig_1h_btc_50 → Highest window value among specified patterns: 30
2026-02-11 10:36:36,557 | INFO | execution_binance_main | Required 1m candles: 1800
2026-02-11 11:15:12,679 | INFO | execution_binance_main | Strategy sig_1h_btc_1 → Highest window value among specified patterns: 30
2026-02-11 11:15:12,691 | INFO | execution_binance_main | Strategy sig_1h_btc_2 → Highest window value among specified patterns: 30
2026-02-11 11:15:12,695 | INFO | execution_binance_main | Strategy sig_1h_btc_3 → Highest window value among specified patterns: 30
2026-02-11 11:15:12,699 | INFO | execution_binance_main | Strategy sig_1h_btc_4 → Highest window value among specified patterns: 30
2026-02-11 11:15:12,704 | INFO | execution_binance_main | Strategy sig_1h_btc_5 → Highest window value among specified patterns: 30
2026-02-11 11:15:12,708 | INFO | execution_binance_main | Strategy sig_1h_btc_6 → Highest window value among specified patterns: 30
2026-02-11 11:15:12,711 | INFO | execution_binance_main | Strategy sig_1h_btc_7 → Highest window value among specified patterns: 30
2026-02-11 11:15:12,716 | INFO | execution_binance_main | Strategy sig_1h_btc_8 → Highest window value among specified patterns: 30
2026-02-11 11:15:12,720 | INFO | execution_binance_main | Strategy sig_1h_btc_9 → Highest window value among specified patterns: 30
2026-02-11 11:15:12,724 | INFO | execution_binance_main | Strategy sig_1h_btc_10 → Highest window value among specified patterns: 30
2026-02-11 11:15:12,728 | INFO | execution_binance_main | Strategy sig_1h_btc_11 → Highest window value among specified patterns: 30
2026-02-11 11:15:12,732 | INFO | execution_binance_main | Strategy sig_1h_btc_12 → Highest window value among specified patterns: 30
2026-02-11 11:15:12,738 | INFO | execution_binance_main | Strategy sig_1h_btc_13 → Highest window value among specified patterns: 30
2026-02-11 11:15:12,744 | INFO | execution_binance_main | Strategy sig_1h_btc_14 → Highest window value among specified patterns: 30
2026-02-11 11:15:12,746 | INFO | execution_binance_main | Strategy sig_1h_btc_15 → Highest window value among specified patterns: 30
2026-02-11 11:15:12,755 | INFO | execution_binance_main | Strategy sig_1h_btc_16 → Highest window value among specified patterns: 30
2026-02-11 11:15:12,755 | INFO | execution_binance_main | Strategy sig_1h_btc_17 → Highest window value among specified patterns: 30
2026-02-11 11:15:12,755 | INFO | execution_binance_main | Strategy sig_1h_btc_18 → Highest window value among specified patterns: 30
2026-02-11 11:15:12,767 | INFO | execution_binance_main | Strategy sig_1h_btc_19 → Highest window value among specified patterns: 30
2026-02-11 11:15:12,771 | INFO | execution_binance_main | Strategy sig_1h_btc_20 → Highest window value among specified patterns: 30
2026-02-11 11:15:12,777 | INFO | execution_binance_main | Strategy sig_1h_btc_21 → Highest window value among specified patterns: 30
2026-02-11 11:15:12,781 | INFO | execution_binance_main | Strategy sig_1h_btc_22 → Highest window value among specified patterns: 30
2026-02-11 11:15:12,785 | INFO | execution_binance_main | Strategy sig_1h_btc_23 → Highest window value among specified patterns: 30
2026-02-11 11:15:12,789 | INFO | execution_binance_main | Strategy sig_1h_btc_24 → Highest window value among specified patterns: 30
2026-02-11 11:15:12,793 | INFO | execution_binance_main | Strategy sig_1h_btc_25 → Highest window value among specified patterns: 30
2026-02-11 11:15:12,797 | INFO | execution_binance_main | Strategy sig_1h_btc_26 → Highest window value among specified patterns: 30
2026-02-11 11:15:12,800 | INFO | execution_binance_main | Strategy sig_1h_btc_27 → Highest window value among specified patterns: 30
2026-02-11 11:15:12,807 | INFO | execution_binance_main | Strategy sig_1h_btc_28 → Highest window value among specified patterns: 30
2026-02-11 11:15:12,815 | INFO | execution_binance_main | Strategy sig_1h_btc_29 → Highest window value among specified patterns: 30
2026-02-11 11:15:12,819 | INFO | execution_binance_main | Strategy sig_1h_btc_30 → Highest window value among specified patterns: 30
2026-02-11 11:15:12,823 | INFO | execution_binance_main | Strategy sig_1h_btc_31 → Highest window value among specified patterns: 30
2026-02-11 11:15:12,828 | INFO | execution_binance_main | Strategy sig_1h_btc_32 → Highest window value among specified patterns: 30
2026-02-11 11:15:12,833 | INFO | execution_binance_main | Strategy sig_1h_btc_33 → Highest window value among specified patterns: 30
2026-02-11 11:15:12,837 | INFO | execution_binance_main | Strategy sig_1h_btc_34 → Highest window value among specified patterns: 30
2026-02-11 11:15:12,843 | INFO | execution_binance_main | Strategy sig_1h_btc_35 → Highest window value among specified patterns: 30
2026-02-11 11:15:12,847 | INFO | execution_binance_main | Strategy sig_1h_btc_36 → Highest window value among specified patterns: 30
2026-02-11 11:15:12,853 | INFO | execution_binance_main | Strategy sig_1h_btc_37 → Highest window value among specified patterns: 30
2026-02-11 11:15:12,858 | INFO | execution_binance_main | Strategy sig_1h_btc_38 → Highest window value among specified patterns: 30
2026-02-11 11:15:12,863 | INFO | execution_binance_main | Strategy sig_1h_btc_39 → Highest window value among specified patterns: 30
2026-02-11 11:15:12,867 | INFO | execution_binance_main | Strategy sig_1h_btc_40 → Highest window value among specified patterns: 30
2026-02-11 11:15:12,873 | INFO | execution_binance_main | Strategy sig_1h_btc_41 → Highest window value among specified patterns: 30
2026-02-11 11:15:12,884 | INFO | execution_binance_main | Strategy sig_1h_btc_42 → Highest window value among specified patterns: 30
2026-02-11 11:15:12,890 | INFO | execution_binance_main | Strategy sig_1h_btc_43 → Highest window value among specified patterns: 30
2026-02-11 11:15:12,896 | INFO | execution_binance_main | Strategy sig_1h_btc_44 → Highest window value among specified patterns: 30
2026-02-11 11:15:12,902 | INFO | execution_binance_main | Strategy sig_1h_btc_45 → Highest window value among specified patterns: 30
2026-02-11 11:15:12,908 | INFO | execution_binance_main | Strategy sig_1h_btc_46 → Highest window value among specified patterns: 30
2026-02-11 11:15:12,915 | INFO | execution_binance_main | Strategy sig_1h_btc_47 → Highest window value among specified patterns: 30
2026-02-11 11:15:12,923 | INFO | execution_binance_main | Strategy sig_1h_btc_48 → Highest window value among specified patterns: 30
2026-02-11 11:15:12,930 | INFO | execution_binance_main | Strategy sig_1h_btc_49 → Highest window value among specified patterns: 30
2026-02-11 11:15:12,937 | INFO | execution_binance_main | Strategy sig_1h_btc_50 → Highest window value among specified patterns: 30
2026-02-11 11:15:12,939 | INFO | execution_binance_main | Required 1m candles: 1800
2026-02-11 11:27:20,805 | INFO | execution_binance_main | Strategy sig_1h_btc_1 → Highest window value: 30
2026-02-11 11:27:20,808 | INFO | execution_binance_main | Strategy sig_1h_btc_2 → Highest window value: 30
2026-02-11 11:27:20,812 | INFO | execution_binance_main | Strategy sig_1h_btc_3 → Highest window value: 30
2026-02-11 11:27:20,815 | INFO | execution_binance_main | Strategy sig_1h_btc_4 → Highest window value: 30
2026-02-11 11:27:20,819 | INFO | execution_binance_main | Strategy sig_1h_btc_5 → Highest window value: 30
2026-02-11 11:27:20,824 | INFO | execution_binance_main | Strategy sig_1h_btc_6 → Highest window value: 30
2026-02-11 11:27:20,828 | INFO | execution_binance_main | Strategy sig_1h_btc_7 → Highest window value: 30
2026-02-11 11:27:20,830 | INFO | execution_binance_main | Strategy sig_1h_btc_8 → Highest window value: 30
2026-02-11 11:27:20,834 | INFO | execution_binance_main | Strategy sig_1h_btc_9 → Highest window value: 30
2026-02-11 11:27:20,834 | INFO | execution_binance_main | Strategy sig_1h_btc_10 → Highest window value: 30
2026-02-11 11:27:20,841 | INFO | execution_binance_main | Strategy sig_1h_btc_11 → Highest window value: 30
2026-02-11 11:27:20,845 | INFO | execution_binance_main | Strategy sig_1h_btc_12 → Highest window value: 30
2026-02-11 11:27:20,849 | INFO | execution_binance_main | Strategy sig_1h_btc_13 → Highest window value: 30
2026-02-11 11:27:20,853 | INFO | execution_binance_main | Strategy sig_1h_btc_14 → Highest window value: 30
2026-02-11 11:27:20,856 | INFO | execution_binance_main | Strategy sig_1h_btc_15 → Highest window value: 30
2026-02-11 11:27:20,862 | INFO | execution_binance_main | Strategy sig_1h_btc_16 → Highest window value: 30
2026-02-11 11:27:20,867 | INFO | execution_binance_main | Strategy sig_1h_btc_17 → Highest window value: 30
2026-02-11 11:27:20,869 | INFO | execution_binance_main | Strategy sig_1h_btc_18 → Highest window value: 30
2026-02-11 11:27:20,869 | INFO | execution_binance_main | Strategy sig_1h_btc_19 → Highest window value: 30
2026-02-11 11:27:20,878 | INFO | execution_binance_main | Strategy sig_1h_btc_20 → Highest window value: 30
2026-02-11 11:27:20,882 | INFO | execution_binance_main | Strategy sig_1h_btc_21 → Highest window value: 30
2026-02-11 11:27:20,887 | INFO | execution_binance_main | Strategy sig_1h_btc_22 → Highest window value: 30
2026-02-11 11:27:20,890 | INFO | execution_binance_main | Strategy sig_1h_btc_23 → Highest window value: 30
2026-02-11 11:27:20,895 | INFO | execution_binance_main | Strategy sig_1h_btc_24 → Highest window value: 30
2026-02-11 11:27:20,898 | INFO | execution_binance_main | Strategy sig_1h_btc_25 → Highest window value: 30
2026-02-11 11:27:20,902 | INFO | execution_binance_main | Strategy sig_1h_btc_26 → Highest window value: 30
2026-02-11 11:27:20,906 | INFO | execution_binance_main | Strategy sig_1h_btc_27 → Highest window value: 30
2026-02-11 11:27:20,909 | INFO | execution_binance_main | Strategy sig_1h_btc_28 → Highest window value: 30
2026-02-11 11:27:20,910 | INFO | execution_binance_main | Strategy sig_1h_btc_29 → Highest window value: 30
2026-02-11 11:27:20,910 | INFO | execution_binance_main | Strategy sig_1h_btc_30 → Highest window value: 30
2026-02-11 11:27:20,910 | INFO | execution_binance_main | Strategy sig_1h_btc_31 → Highest window value: 30
2026-02-11 11:27:20,910 | INFO | execution_binance_main | Strategy sig_1h_btc_32 → Highest window value: 30
2026-02-11 11:27:20,926 | INFO | execution_binance_main | Strategy sig_1h_btc_33 → Highest window value: 30
2026-02-11 11:27:20,926 | INFO | execution_binance_main | Strategy sig_1h_btc_34 → Highest window value: 30
2026-02-11 11:27:20,934 | INFO | execution_binance_main | Strategy sig_1h_btc_35 → Highest window value: 30
2026-02-11 11:27:20,935 | INFO | execution_binance_main | Strategy sig_1h_btc_36 → Highest window value: 30
2026-02-11 11:27:20,945 | INFO | execution_binance_main | Strategy sig_1h_btc_37 → Highest window value: 30
2026-02-11 11:27:20,948 | INFO | execution_binance_main | Strategy sig_1h_btc_38 → Highest window value: 30
2026-02-11 11:27:20,948 | INFO | execution_binance_main | Strategy sig_1h_btc_39 → Highest window value: 30
2026-02-11 11:27:20,948 | INFO | execution_binance_main | Strategy sig_1h_btc_40 → Highest window value: 30
2026-02-11 11:27:20,958 | INFO | execution_binance_main | Strategy sig_1h_btc_41 → Highest window value: 30
2026-02-11 11:27:20,958 | INFO | execution_binance_main | Strategy sig_1h_btc_42 → Highest window value: 30
2026-02-11 11:27:20,967 | INFO | execution_binance_main | Strategy sig_1h_btc_43 → Highest window value: 30
2026-02-11 11:27:20,967 | INFO | execution_binance_main | Strategy sig_1h_btc_44 → Highest window value: 30
2026-02-11 11:27:20,974 | INFO | execution_binance_main | Strategy sig_1h_btc_45 → Highest window value: 30
2026-02-11 11:27:20,991 | INFO | execution_binance_main | Strategy sig_1h_btc_46 → Highest window value: 30
2026-02-11 11:27:20,991 | INFO | execution_binance_main | Strategy sig_1h_btc_47 → Highest window value: 30
2026-02-11 11:27:20,991 | INFO | execution_binance_main | Strategy sig_1h_btc_48 → Highest window value: 30
2026-02-11 11:27:21,002 | INFO | execution_binance_main | Strategy sig_1h_btc_49 → Highest window value: 30
2026-02-11 11:27:21,008 | INFO | execution_binance_main | Strategy sig_1h_btc_50 → Highest window value: 30
2026-02-11 11:27:21,008 | INFO | execution_binance_main | Required 1m candles: 1800
2026-02-11 11:27:40,775 | INFO | execution_binance_main | Fetched 1800 rows of 1m data.
2026-02-11 11:27:40,917 | INFO | execution_binance_main | Resampled to 30 rows of 1h data.
2026-02-11 11:27:40,926 | WARNING | execution_binance_main | No signals generated.
2026-02-11 11:30:59,955 | INFO | execution_binance_main | Strategy sig_1h_btc_1 → Highest window value: 30
2026-02-11 11:30:59,961 | INFO | execution_binance_main | Strategy sig_1h_btc_2 → Highest window value: 30
2026-02-11 11:30:59,965 | INFO | execution_binance_main | Strategy sig_1h_btc_3 → Highest window value: 30
2026-02-11 11:30:59,969 | INFO | execution_binance_main | Strategy sig_1h_btc_4 → Highest window value: 30
2026-02-11 11:30:59,972 | INFO | execution_binance_main | Strategy sig_1h_btc_5 → Highest window value: 30
2026-02-11 11:30:59,977 | INFO | execution_binance_main | Strategy sig_1h_btc_6 → Highest window value: 30
2026-02-11 11:30:59,980 | INFO | execution_binance_main | Strategy sig_1h_btc_7 → Highest window value: 30
2026-02-11 11:30:59,985 | INFO | execution_binance_main | Strategy sig_1h_btc_8 → Highest window value: 30
2026-02-11 11:30:59,988 | INFO | execution_binance_main | Strategy sig_1h_btc_9 → Highest window value: 30
2026-02-11 11:30:59,994 | INFO | execution_binance_main | Strategy sig_1h_btc_10 → Highest window value: 30
2026-02-11 11:30:59,997 | INFO | execution_binance_main | Strategy sig_1h_btc_11 → Highest window value: 30
2026-02-11 11:31:00,000 | INFO | execution_binance_main | Strategy sig_1h_btc_12 → Highest window value: 30
2026-02-11 11:31:00,005 | INFO | execution_binance_main | Strategy sig_1h_btc_13 → Highest window value: 30
2026-02-11 11:31:00,013 | INFO | execution_binance_main | Strategy sig_1h_btc_14 → Highest window value: 30
2026-02-11 11:31:00,018 | INFO | execution_binance_main | Strategy sig_1h_btc_15 → Highest window value: 30
2026-02-11 11:31:00,023 | INFO | execution_binance_main | Strategy sig_1h_btc_16 → Highest window value: 30
2026-02-11 11:31:00,031 | INFO | execution_binance_main | Strategy sig_1h_btc_17 → Highest window value: 30
2026-02-11 11:31:00,035 | INFO | execution_binance_main | Strategy sig_1h_btc_18 → Highest window value: 30
2026-02-11 11:31:00,039 | INFO | execution_binance_main | Strategy sig_1h_btc_19 → Highest window value: 30
2026-02-11 11:31:00,043 | INFO | execution_binance_main | Strategy sig_1h_btc_20 → Highest window value: 30
2026-02-11 11:31:00,048 | INFO | execution_binance_main | Strategy sig_1h_btc_21 → Highest window value: 30
2026-02-11 11:31:00,051 | INFO | execution_binance_main | Strategy sig_1h_btc_22 → Highest window value: 30
2026-02-11 11:31:00,058 | INFO | execution_binance_main | Strategy sig_1h_btc_23 → Highest window value: 30
2026-02-11 11:31:00,063 | INFO | execution_binance_main | Strategy sig_1h_btc_24 → Highest window value: 30
2026-02-11 11:31:00,067 | INFO | execution_binance_main | Strategy sig_1h_btc_25 → Highest window value: 30
2026-02-11 11:31:00,070 | INFO | execution_binance_main | Strategy sig_1h_btc_26 → Highest window value: 30
2026-02-11 11:31:00,076 | INFO | execution_binance_main | Strategy sig_1h_btc_27 → Highest window value: 30
2026-02-11 11:31:00,080 | INFO | execution_binance_main | Strategy sig_1h_btc_28 → Highest window value: 30
2026-02-11 11:31:00,080 | INFO | execution_binance_main | Strategy sig_1h_btc_29 → Highest window value: 30
2026-02-11 11:31:00,088 | INFO | execution_binance_main | Strategy sig_1h_btc_30 → Highest window value: 30
2026-02-11 11:31:00,094 | INFO | execution_binance_main | Strategy sig_1h_btc_31 → Highest window value: 30
2026-02-11 11:31:00,098 | INFO | execution_binance_main | Strategy sig_1h_btc_32 → Highest window value: 30
2026-02-11 11:31:00,101 | INFO | execution_binance_main | Strategy sig_1h_btc_33 → Highest window value: 30
2026-02-11 11:31:00,105 | INFO | execution_binance_main | Strategy sig_1h_btc_34 → Highest window value: 30
2026-02-11 11:31:00,111 | INFO | execution_binance_main | Strategy sig_1h_btc_35 → Highest window value: 30
2026-02-11 11:31:00,115 | INFO | execution_binance_main | Strategy sig_1h_btc_36 → Highest window value: 30
2026-02-11 11:31:00,118 | INFO | execution_binance_main | Strategy sig_1h_btc_37 → Highest window value: 30
2026-02-11 11:31:00,123 | INFO | execution_binance_main | Strategy sig_1h_btc_38 → Highest window value: 30
2026-02-11 11:31:00,129 | INFO | execution_binance_main | Strategy sig_1h_btc_39 → Highest window value: 30
2026-02-11 11:31:00,133 | INFO | execution_binance_main | Strategy sig_1h_btc_40 → Highest window value: 30
2026-02-11 11:31:00,136 | INFO | execution_binance_main | Strategy sig_1h_btc_41 → Highest window value: 30
2026-02-11 11:31:00,140 | INFO | execution_binance_main | Strategy sig_1h_btc_42 → Highest window value: 30
2026-02-11 11:31:00,145 | INFO | execution_binance_main | Strategy sig_1h_btc_43 → Highest window value: 30
2026-02-11 11:31:00,149 | INFO | execution_binance_main | Strategy sig_1h_btc_44 → Highest window value: 30
2026-02-11 11:31:00,152 | INFO | execution_binance_main | Strategy sig_1h_btc_45 → Highest window value: 30
2026-02-11 11:31:00,157 | INFO | execution_binance_main | Strategy sig_1h_btc_46 → Highest window value: 30
2026-02-11 11:31:00,161 | INFO | execution_binance_main | Strategy sig_1h_btc_47 → Highest window value: 30
2026-02-11 11:31:00,166 | INFO | execution_binance_main | Strategy sig_1h_btc_48 → Highest window value: 30
2026-02-11 11:31:00,169 | INFO | execution_binance_main | Strategy sig_1h_btc_49 → Highest window value: 30
2026-02-11 11:31:00,174 | INFO | execution_binance_main | Strategy sig_1h_btc_50 → Highest window value: 30
2026-02-11 11:31:00,174 | INFO | execution_binance_main | Required 1m candles: 3000
2026-02-11 11:31:14,463 | INFO | execution_binance_main | Fetched 3000 rows of 1m data.
2026-02-11 11:31:14,565 | INFO | execution_binance_main | Resampled to 50 rows of 1h data.
2026-02-11 11:31:14,581 | WARNING | execution_binance_main | No signals generated.
2026-02-11 11:38:48,646 | INFO | execution_binance_main | Strategy sig_1h_btc_1 → Highest window value: 30
2026-02-11 11:38:48,646 | INFO | execution_binance_main | Strategy sig_1h_btc_2 → Highest window value: 30
2026-02-11 11:38:48,657 | INFO | execution_binance_main | Strategy sig_1h_btc_3 → Highest window value: 30
2026-02-11 11:38:48,661 | INFO | execution_binance_main | Strategy sig_1h_btc_4 → Highest window value: 30
2026-02-11 11:38:48,667 | INFO | execution_binance_main | Strategy sig_1h_btc_5 → Highest window value: 30
2026-02-11 11:38:48,669 | INFO | execution_binance_main | Strategy sig_1h_btc_6 → Highest window value: 30
2026-02-11 11:38:48,678 | INFO | execution_binance_main | Strategy sig_1h_btc_7 → Highest window value: 30
2026-02-11 11:38:48,680 | INFO | execution_binance_main | Strategy sig_1h_btc_8 → Highest window value: 30
2026-02-11 11:38:48,686 | INFO | execution_binance_main | Strategy sig_1h_btc_9 → Highest window value: 30
2026-02-11 11:38:48,693 | INFO | execution_binance_main | Strategy sig_1h_btc_10 → Highest window value: 30
2026-02-11 11:38:48,697 | INFO | execution_binance_main | Strategy sig_1h_btc_11 → Highest window value: 30
2026-02-11 11:38:48,703 | INFO | execution_binance_main | Strategy sig_1h_btc_12 → Highest window value: 30
2026-02-11 11:38:48,710 | INFO | execution_binance_main | Strategy sig_1h_btc_13 → Highest window value: 30
2026-02-11 11:38:48,718 | INFO | execution_binance_main | Strategy sig_1h_btc_14 → Highest window value: 30
2026-02-11 11:38:48,720 | INFO | execution_binance_main | Strategy sig_1h_btc_15 → Highest window value: 30
2026-02-11 11:38:48,727 | INFO | execution_binance_main | Strategy sig_1h_btc_16 → Highest window value: 30
2026-02-11 11:38:48,734 | INFO | execution_binance_main | Strategy sig_1h_btc_17 → Highest window value: 30
2026-02-11 11:38:48,737 | INFO | execution_binance_main | Strategy sig_1h_btc_18 → Highest window value: 30
2026-02-11 11:38:48,743 | INFO | execution_binance_main | Strategy sig_1h_btc_19 → Highest window value: 30
2026-02-11 11:38:48,753 | INFO | execution_binance_main | Strategy sig_1h_btc_20 → Highest window value: 30
2026-02-11 11:38:48,758 | INFO | execution_binance_main | Strategy sig_1h_btc_21 → Highest window value: 30
2026-02-11 11:38:48,762 | INFO | execution_binance_main | Strategy sig_1h_btc_22 → Highest window value: 30
2026-02-11 11:38:48,768 | INFO | execution_binance_main | Strategy sig_1h_btc_23 → Highest window value: 30
2026-02-11 11:38:48,772 | INFO | execution_binance_main | Strategy sig_1h_btc_24 → Highest window value: 30
2026-02-11 11:38:48,778 | INFO | execution_binance_main | Strategy sig_1h_btc_25 → Highest window value: 30
2026-02-11 11:38:48,782 | INFO | execution_binance_main | Strategy sig_1h_btc_26 → Highest window value: 30
2026-02-11 11:38:48,788 | INFO | execution_binance_main | Strategy sig_1h_btc_27 → Highest window value: 30
2026-02-11 11:38:48,792 | INFO | execution_binance_main | Strategy sig_1h_btc_28 → Highest window value: 30
2026-02-11 11:38:48,796 | INFO | execution_binance_main | Strategy sig_1h_btc_29 → Highest window value: 30
2026-02-11 11:38:48,802 | INFO | execution_binance_main | Strategy sig_1h_btc_30 → Highest window value: 30
2026-02-11 11:38:48,807 | INFO | execution_binance_main | Strategy sig_1h_btc_31 → Highest window value: 30
2026-02-11 11:38:48,812 | INFO | execution_binance_main | Strategy sig_1h_btc_32 → Highest window value: 30
2026-02-11 11:38:48,817 | INFO | execution_binance_main | Strategy sig_1h_btc_33 → Highest window value: 30
2026-02-11 11:38:48,822 | INFO | execution_binance_main | Strategy sig_1h_btc_34 → Highest window value: 30
2026-02-11 11:38:48,826 | INFO | execution_binance_main | Strategy sig_1h_btc_35 → Highest window value: 30
2026-02-11 11:38:48,830 | INFO | execution_binance_main | Strategy sig_1h_btc_36 → Highest window value: 30
2026-02-11 11:38:48,836 | INFO | execution_binance_main | Strategy sig_1h_btc_37 → Highest window value: 30
2026-02-11 11:38:48,841 | INFO | execution_binance_main | Strategy sig_1h_btc_38 → Highest window value: 30
2026-02-11 11:38:48,846 | INFO | execution_binance_main | Strategy sig_1h_btc_39 → Highest window value: 30
2026-02-11 11:38:48,851 | INFO | execution_binance_main | Strategy sig_1h_btc_40 → Highest window value: 30
2026-02-11 11:38:48,851 | INFO | execution_binance_main | Strategy sig_1h_btc_41 → Highest window value: 30
2026-02-11 11:38:48,861 | INFO | execution_binance_main | Strategy sig_1h_btc_42 → Highest window value: 30
2026-02-11 11:38:48,866 | INFO | execution_binance_main | Strategy sig_1h_btc_43 → Highest window value: 30
2026-02-11 11:38:48,871 | INFO | execution_binance_main | Strategy sig_1h_btc_44 → Highest window value: 30
2026-02-11 11:38:48,876 | INFO | execution_binance_main | Strategy sig_1h_btc_45 → Highest window value: 30
2026-02-11 11:38:48,880 | INFO | execution_binance_main | Strategy sig_1h_btc_46 → Highest window value: 30
2026-02-11 11:38:48,885 | INFO | execution_binance_main | Strategy sig_1h_btc_47 → Highest window value: 30
2026-02-11 11:38:48,891 | INFO | execution_binance_main | Strategy sig_1h_btc_48 → Highest window value: 30
2026-02-11 11:38:48,893 | INFO | execution_binance_main | Strategy sig_1h_btc_49 → Highest window value: 30
2026-02-11 11:38:48,899 | INFO | execution_binance_main | Strategy sig_1h_btc_50 → Highest window value: 30
2026-02-11 11:38:48,899 | INFO | execution_binance_main | Required 1m candles: 3000
2026-02-11 11:39:05,418 | INFO | execution_binance_main | Fetched 3000 rows of 1m data.
2026-02-11 11:39:05,522 | INFO | execution_binance_main | Resampled to 50 rows of 1h data.
2026-02-11 11:39:05,560 | WARNING | execution_binance_main | No signals generated.
2026-02-11 11:46:45,061 | INFO | execution_binance_main | Strategy sig_1h_btc_1 → Highest window value: 30
2026-02-11 11:46:45,065 | INFO | execution_binance_main | Strategy sig_1h_btc_2 → Highest window value: 30
2026-02-11 11:46:45,069 | INFO | execution_binance_main | Strategy sig_1h_btc_3 → Highest window value: 30
2026-02-11 11:46:45,073 | INFO | execution_binance_main | Strategy sig_1h_btc_4 → Highest window value: 30
2026-02-11 11:46:45,076 | INFO | execution_binance_main | Strategy sig_1h_btc_5 → Highest window value: 30
2026-02-11 11:46:45,079 | INFO | execution_binance_main | Strategy sig_1h_btc_6 → Highest window value: 30
2026-02-11 11:46:45,081 | INFO | execution_binance_main | Strategy sig_1h_btc_7 → Highest window value: 30
2026-02-11 11:46:45,084 | INFO | execution_binance_main | Strategy sig_1h_btc_8 → Highest window value: 30
2026-02-11 11:46:45,088 | INFO | execution_binance_main | Strategy sig_1h_btc_9 → Highest window value: 30
2026-02-11 11:46:45,091 | INFO | execution_binance_main | Strategy sig_1h_btc_10 → Highest window value: 30
2026-02-11 11:46:45,097 | INFO | execution_binance_main | Strategy sig_1h_btc_11 → Highest window value: 30
2026-02-11 11:46:45,099 | INFO | execution_binance_main | Strategy sig_1h_btc_12 → Highest window value: 30
2026-02-11 11:46:45,105 | INFO | execution_binance_main | Strategy sig_1h_btc_13 → Highest window value: 30
2026-02-11 11:46:45,108 | INFO | execution_binance_main | Strategy sig_1h_btc_14 → Highest window value: 30
2026-02-11 11:46:45,111 | INFO | execution_binance_main | Strategy sig_1h_btc_15 → Highest window value: 30
2026-02-11 11:46:45,115 | INFO | execution_binance_main | Strategy sig_1h_btc_16 → Highest window value: 30
2026-02-11 11:46:45,117 | INFO | execution_binance_main | Strategy sig_1h_btc_17 → Highest window value: 30
2026-02-11 11:46:45,120 | INFO | execution_binance_main | Strategy sig_1h_btc_18 → Highest window value: 30
2026-02-11 11:46:45,123 | INFO | execution_binance_main | Strategy sig_1h_btc_19 → Highest window value: 30
2026-02-11 11:46:45,127 | INFO | execution_binance_main | Strategy sig_1h_btc_20 → Highest window value: 30
2026-02-11 11:46:45,130 | INFO | execution_binance_main | Strategy sig_1h_btc_21 → Highest window value: 30
2026-02-11 11:46:45,133 | INFO | execution_binance_main | Strategy sig_1h_btc_22 → Highest window value: 30
2026-02-11 11:46:45,136 | INFO | execution_binance_main | Strategy sig_1h_btc_23 → Highest window value: 30
2026-02-11 11:46:45,140 | INFO | execution_binance_main | Strategy sig_1h_btc_24 → Highest window value: 30
2026-02-11 11:46:45,143 | INFO | execution_binance_main | Strategy sig_1h_btc_25 → Highest window value: 30
2026-02-11 11:46:45,145 | INFO | execution_binance_main | Strategy sig_1h_btc_26 → Highest window value: 30
2026-02-11 11:46:45,150 | INFO | execution_binance_main | Strategy sig_1h_btc_27 → Highest window value: 30
2026-02-11 11:46:45,153 | INFO | execution_binance_main | Strategy sig_1h_btc_28 → Highest window value: 30
2026-02-11 11:46:45,153 | INFO | execution_binance_main | Strategy sig_1h_btc_29 → Highest window value: 30
2026-02-11 11:46:45,160 | INFO | execution_binance_main | Strategy sig_1h_btc_30 → Highest window value: 30
2026-02-11 11:46:45,163 | INFO | execution_binance_main | Strategy sig_1h_btc_31 → Highest window value: 30
2026-02-11 11:46:45,165 | INFO | execution_binance_main | Strategy sig_1h_btc_32 → Highest window value: 30
2026-02-11 11:46:45,171 | INFO | execution_binance_main | Strategy sig_1h_btc_33 → Highest window value: 30
2026-02-11 11:46:45,175 | INFO | execution_binance_main | Strategy sig_1h_btc_34 → Highest window value: 30
2026-02-11 11:46:45,176 | INFO | execution_binance_main | Strategy sig_1h_btc_35 → Highest window value: 30
2026-02-11 11:46:45,179 | INFO | execution_binance_main | Strategy sig_1h_btc_36 → Highest window value: 30
2026-02-11 11:46:45,183 | INFO | execution_binance_main | Strategy sig_1h_btc_37 → Highest window value: 30
2026-02-11 11:46:45,187 | INFO | execution_binance_main | Strategy sig_1h_btc_38 → Highest window value: 30
2026-02-11 11:46:45,191 | INFO | execution_binance_main | Strategy sig_1h_btc_39 → Highest window value: 30
2026-02-11 11:46:45,194 | INFO | execution_binance_main | Strategy sig_1h_btc_40 → Highest window value: 30
2026-02-11 11:46:45,197 | INFO | execution_binance_main | Strategy sig_1h_btc_41 → Highest window value: 30
2026-02-11 11:46:45,198 | INFO | execution_binance_main | Strategy sig_1h_btc_42 → Highest window value: 30
2026-02-11 11:46:45,204 | INFO | execution_binance_main | Strategy sig_1h_btc_43 → Highest window value: 30
2026-02-11 11:46:45,208 | INFO | execution_binance_main | Strategy sig_1h_btc_44 → Highest window value: 30
2026-02-11 11:46:45,212 | INFO | execution_binance_main | Strategy sig_1h_btc_45 → Highest window value: 30
2026-02-11 11:46:45,214 | INFO | execution_binance_main | Strategy sig_1h_btc_46 → Highest window value: 30
2026-02-11 11:46:45,217 | INFO | execution_binance_main | Strategy sig_1h_btc_47 → Highest window value: 30
2026-02-11 11:46:45,222 | INFO | execution_binance_main | Strategy sig_1h_btc_48 → Highest window value: 30
2026-02-11 11:46:45,226 | INFO | execution_binance_main | Strategy sig_1h_btc_49 → Highest window value: 30
2026-02-11 11:46:45,231 | INFO | execution_binance_main | Strategy sig_1h_btc_50 → Highest window value: 30
2026-02-11 11:46:45,231 | INFO | execution_binance_main | Required 1m candles: 3000
2026-02-11 11:46:57,182 | INFO | execution_binance_main | Fetched 3000 rows of 1m data.
2026-02-11 11:46:57,290 | INFO | execution_binance_main | Resampled to 50 rows of 1h data.
2026-02-11 11:51:27,925 | INFO | execution_binance_main | Strategy sig_1h_btc_1 → Highest window value: 30
2026-02-11 11:51:27,931 | INFO | execution_binance_main | Strategy sig_1h_btc_2 → Highest window value: 30
2026-02-11 11:51:27,938 | INFO | execution_binance_main | Strategy sig_1h_btc_3 → Highest window value: 30
2026-02-11 11:51:27,941 | INFO | execution_binance_main | Strategy sig_1h_btc_4 → Highest window value: 30
2026-02-11 11:51:27,943 | INFO | execution_binance_main | Strategy sig_1h_btc_5 → Highest window value: 30
2026-02-11 11:51:27,949 | INFO | execution_binance_main | Strategy sig_1h_btc_6 → Highest window value: 30
2026-02-11 11:51:27,954 | INFO | execution_binance_main | Strategy sig_1h_btc_7 → Highest window value: 30
2026-02-11 11:51:27,957 | INFO | execution_binance_main | Strategy sig_1h_btc_8 → Highest window value: 30
2026-02-11 11:51:27,962 | INFO | execution_binance_main | Strategy sig_1h_btc_9 → Highest window value: 30
2026-02-11 11:51:27,967 | INFO | execution_binance_main | Strategy sig_1h_btc_10 → Highest window value: 30
2026-02-11 11:51:27,971 | INFO | execution_binance_main | Strategy sig_1h_btc_11 → Highest window value: 30
2026-02-11 11:51:27,983 | INFO | execution_binance_main | Strategy sig_1h_btc_12 → Highest window value: 30
2026-02-11 11:51:28,022 | INFO | execution_binance_main | Strategy sig_1h_btc_13 → Highest window value: 30
2026-02-11 11:51:28,062 | INFO | execution_binance_main | Strategy sig_1h_btc_14 → Highest window value: 30
2026-02-11 11:51:28,066 | INFO | execution_binance_main | Strategy sig_1h_btc_15 → Highest window value: 30
2026-02-11 11:51:28,073 | INFO | execution_binance_main | Strategy sig_1h_btc_16 → Highest window value: 30
2026-02-11 11:51:28,079 | INFO | execution_binance_main | Strategy sig_1h_btc_17 → Highest window value: 30
2026-02-11 11:51:28,086 | INFO | execution_binance_main | Strategy sig_1h_btc_18 → Highest window value: 30
2026-02-11 11:51:28,104 | INFO | execution_binance_main | Strategy sig_1h_btc_19 → Highest window value: 30
2026-02-11 11:51:28,107 | INFO | execution_binance_main | Strategy sig_1h_btc_20 → Highest window value: 30
2026-02-11 11:51:28,115 | INFO | execution_binance_main | Strategy sig_1h_btc_21 → Highest window value: 30
2026-02-11 11:51:28,116 | INFO | execution_binance_main | Strategy sig_1h_btc_22 → Highest window value: 30
2026-02-11 11:51:28,123 | INFO | execution_binance_main | Strategy sig_1h_btc_23 → Highest window value: 30
2026-02-11 11:51:28,127 | INFO | execution_binance_main | Strategy sig_1h_btc_24 → Highest window value: 30
2026-02-11 11:51:28,133 | INFO | execution_binance_main | Strategy sig_1h_btc_25 → Highest window value: 30
2026-02-11 11:51:28,138 | INFO | execution_binance_main | Strategy sig_1h_btc_26 → Highest window value: 30
2026-02-11 11:51:28,143 | INFO | execution_binance_main | Strategy sig_1h_btc_27 → Highest window value: 30
2026-02-11 11:51:28,149 | INFO | execution_binance_main | Strategy sig_1h_btc_28 → Highest window value: 30
2026-02-11 11:51:28,155 | INFO | execution_binance_main | Strategy sig_1h_btc_29 → Highest window value: 30
2026-02-11 11:51:28,160 | INFO | execution_binance_main | Strategy sig_1h_btc_30 → Highest window value: 30
2026-02-11 11:51:28,163 | INFO | execution_binance_main | Strategy sig_1h_btc_31 → Highest window value: 30
2026-02-11 11:51:28,172 | INFO | execution_binance_main | Strategy sig_1h_btc_32 → Highest window value: 30
2026-02-11 11:51:28,176 | INFO | execution_binance_main | Strategy sig_1h_btc_33 → Highest window value: 30
2026-02-11 11:51:28,182 | INFO | execution_binance_main | Strategy sig_1h_btc_34 → Highest window value: 30
2026-02-11 11:51:28,187 | INFO | execution_binance_main | Strategy sig_1h_btc_35 → Highest window value: 30
2026-02-11 11:51:28,192 | INFO | execution_binance_main | Strategy sig_1h_btc_36 → Highest window value: 30
2026-02-11 11:51:28,199 | INFO | execution_binance_main | Strategy sig_1h_btc_37 → Highest window value: 30
2026-02-11 11:51:28,202 | INFO | execution_binance_main | Strategy sig_1h_btc_38 → Highest window value: 30
2026-02-11 11:51:28,208 | INFO | execution_binance_main | Strategy sig_1h_btc_39 → Highest window value: 30
2026-02-11 11:51:28,214 | INFO | execution_binance_main | Strategy sig_1h_btc_40 → Highest window value: 30
2026-02-11 11:51:28,218 | INFO | execution_binance_main | Strategy sig_1h_btc_41 → Highest window value: 30
2026-02-11 11:51:28,222 | INFO | execution_binance_main | Strategy sig_1h_btc_42 → Highest window value: 30
2026-02-11 11:51:28,224 | INFO | execution_binance_main | Strategy sig_1h_btc_43 → Highest window value: 30
2026-02-11 11:51:28,234 | INFO | execution_binance_main | Strategy sig_1h_btc_44 → Highest window value: 30
2026-02-11 11:51:28,238 | INFO | execution_binance_main | Strategy sig_1h_btc_45 → Highest window value: 30
2026-02-11 11:51:28,240 | INFO | execution_binance_main | Strategy sig_1h_btc_46 → Highest window value: 30
2026-02-11 11:51:28,249 | INFO | execution_binance_main | Strategy sig_1h_btc_47 → Highest window value: 30
2026-02-11 11:51:28,253 | INFO | execution_binance_main | Strategy sig_1h_btc_48 → Highest window value: 30
2026-02-11 11:51:28,258 | INFO | execution_binance_main | Strategy sig_1h_btc_49 → Highest window value: 30
2026-02-11 11:51:28,263 | INFO | execution_binance_main | Strategy sig_1h_btc_50 → Highest window value: 30
2026-02-11 11:51:28,264 | INFO | execution_binance_main | Required 1m candles: 3000
2026-02-11 11:51:40,102 | INFO | execution_binance_main | Fetched 3000 rows of 1m data.
2026-02-11 11:51:40,162 | INFO | execution_binance_main | Resampled to 50 rows of 1h data.
2026-02-11 11:51:44,718 | INFO | execution_binance_main | Latest Signals: {'sig_1h_btc_1': -1, 'sig_1h_btc_2': 0, 'sig_1h_btc_3': 0, 'sig_1h_btc_4': 0, 'sig_1h_btc_5': 0, 'sig_1h_btc_6': 0, 'sig_1h_btc_7': 0, 'sig_1h_btc_8': 0, 'sig_1h_btc_9': 0, 'sig_1h_btc_10': 0, 'sig_1h_btc_11': 0, 'sig_1h_btc_12': 0, 'sig_1h_btc_13': 0, 'sig_1h_btc_14': 0, 'sig_1h_btc_15': 0, 'sig_1h_btc_16': 0, 'sig_1h_btc_17': 0, 'sig_1h_btc_18': 0, 'sig_1h_btc_19': 0, 'sig_1h_btc_20': 0, 'sig_1h_btc_21': 0, 'sig_1h_btc_22': 0, 'sig_1h_btc_23': 0, 'sig_1h_btc_24': 0, 'sig_1h_btc_25': 0, 'sig_1h_btc_26': 0, 'sig_1h_btc_27': 0, 'sig_1h_btc_28': 0, 'sig_1h_btc_29': 0, 'sig_1h_btc_30': 0, 'sig_1h_btc_31': 0, 'sig_1h_btc_32': 0, 'sig_1h_btc_33': 0, 'sig_1h_btc_34': 0, 'sig_1h_btc_35': 0, 'sig_1h_btc_36': 0, 'sig_1h_btc_37': 0, 'sig_1h_btc_38': 0, 'sig_1h_btc_39': 0, 'sig_1h_btc_40': 0, 'sig_1h_btc_41': 0, 'sig_1h_btc_42': 0, 'sig_1h_btc_43': 0, 'sig_1h_btc_44': 0, 'sig_1h_btc_45': 0, 'sig_1h_btc_46': 0, 'sig_1h_btc_47': 0, 'sig_1h_btc_48': 0, 'sig_1h_btc_49': 0, 'sig_1h_btc_50': 0}
2026-02-11 12:02:29,779 | INFO | execution_binance_main | Strategy sig_1h_btc_1 → Highest window value: 30
2026-02-11 12:02:29,786 | INFO | execution_binance_main | Strategy sig_1h_btc_2 → Highest window value: 30
2026-02-11 12:02:29,790 | INFO | execution_binance_main | Strategy sig_1h_btc_3 → Highest window value: 30
2026-02-11 12:02:29,792 | INFO | execution_binance_main | Strategy sig_1h_btc_4 → Highest window value: 30
2026-02-11 12:02:29,798 | INFO | execution_binance_main | Strategy sig_1h_btc_5 → Highest window value: 30
2026-02-11 12:02:29,803 | INFO | execution_binance_main | Strategy sig_1h_btc_6 → Highest window value: 30
2026-02-11 12:02:29,805 | INFO | execution_binance_main | Strategy sig_1h_btc_7 → Highest window value: 30
2026-02-11 12:02:29,809 | INFO | execution_binance_main | Strategy sig_1h_btc_8 → Highest window value: 30
2026-02-11 12:02:29,814 | INFO | execution_binance_main | Strategy sig_1h_btc_9 → Highest window value: 30
2026-02-11 12:02:29,819 | INFO | execution_binance_main | Strategy sig_1h_btc_10 → Highest window value: 30
2026-02-11 12:02:29,823 | INFO | execution_binance_main | Strategy sig_1h_btc_11 → Highest window value: 30
2026-02-11 12:02:29,823 | INFO | execution_binance_main | Strategy sig_1h_btc_12 → Highest window value: 30
2026-02-11 12:02:29,831 | INFO | execution_binance_main | Strategy sig_1h_btc_13 → Highest window value: 30
2026-02-11 12:02:29,837 | INFO | execution_binance_main | Strategy sig_1h_btc_14 → Highest window value: 30
2026-02-11 12:02:29,838 | INFO | execution_binance_main | Strategy sig_1h_btc_15 → Highest window value: 30
2026-02-11 12:02:29,838 | INFO | execution_binance_main | Strategy sig_1h_btc_16 → Highest window value: 30
2026-02-11 12:02:29,848 | INFO | execution_binance_main | Strategy sig_1h_btc_17 → Highest window value: 30
2026-02-11 12:02:29,853 | INFO | execution_binance_main | Strategy sig_1h_btc_18 → Highest window value: 30
2026-02-11 12:02:29,857 | INFO | execution_binance_main | Strategy sig_1h_btc_19 → Highest window value: 30
2026-02-11 12:02:29,859 | INFO | execution_binance_main | Strategy sig_1h_btc_20 → Highest window value: 30
2026-02-11 12:02:29,867 | INFO | execution_binance_main | Strategy sig_1h_btc_21 → Highest window value: 30
2026-02-11 12:02:29,872 | INFO | execution_binance_main | Strategy sig_1h_btc_22 → Highest window value: 30
2026-02-11 12:02:29,872 | INFO | execution_binance_main | Strategy sig_1h_btc_23 → Highest window value: 30
2026-02-11 12:02:29,879 | INFO | execution_binance_main | Strategy sig_1h_btc_24 → Highest window value: 30
2026-02-11 12:02:29,883 | INFO | execution_binance_main | Strategy sig_1h_btc_25 → Highest window value: 30
2026-02-11 12:02:29,890 | INFO | execution_binance_main | Strategy sig_1h_btc_26 → Highest window value: 30
2026-02-11 12:02:29,894 | INFO | execution_binance_main | Strategy sig_1h_btc_27 → Highest window value: 30
2026-02-11 12:02:29,901 | INFO | execution_binance_main | Strategy sig_1h_btc_28 → Highest window value: 30
2026-02-11 12:02:29,905 | INFO | execution_binance_main | Strategy sig_1h_btc_29 → Highest window value: 30
2026-02-11 12:02:29,909 | INFO | execution_binance_main | Strategy sig_1h_btc_30 → Highest window value: 30
2026-02-11 12:02:29,911 | INFO | execution_binance_main | Strategy sig_1h_btc_31 → Highest window value: 30
2026-02-11 12:02:29,919 | INFO | execution_binance_main | Strategy sig_1h_btc_32 → Highest window value: 30
2026-02-11 12:02:29,922 | INFO | execution_binance_main | Strategy sig_1h_btc_33 → Highest window value: 30
2026-02-11 12:02:29,925 | INFO | execution_binance_main | Strategy sig_1h_btc_34 → Highest window value: 30
2026-02-11 12:02:29,930 | INFO | execution_binance_main | Strategy sig_1h_btc_35 → Highest window value: 30
2026-02-11 12:02:29,935 | INFO | execution_binance_main | Strategy sig_1h_btc_36 → Highest window value: 30
2026-02-11 12:02:29,938 | INFO | execution_binance_main | Strategy sig_1h_btc_37 → Highest window value: 30
2026-02-11 12:02:29,938 | INFO | execution_binance_main | Strategy sig_1h_btc_38 → Highest window value: 30
2026-02-11 12:02:29,949 | INFO | execution_binance_main | Strategy sig_1h_btc_39 → Highest window value: 30
2026-02-11 12:02:29,954 | INFO | execution_binance_main | Strategy sig_1h_btc_40 → Highest window value: 30
2026-02-11 12:02:29,957 | INFO | execution_binance_main | Strategy sig_1h_btc_41 → Highest window value: 30
2026-02-11 12:02:29,959 | INFO | execution_binance_main | Strategy sig_1h_btc_42 → Highest window value: 30
2026-02-11 12:02:29,967 | INFO | execution_binance_main | Strategy sig_1h_btc_43 → Highest window value: 30
2026-02-11 12:02:29,972 | INFO | execution_binance_main | Strategy sig_1h_btc_44 → Highest window value: 30
2026-02-11 12:02:29,977 | INFO | execution_binance_main | Strategy sig_1h_btc_45 → Highest window value: 30
2026-02-11 12:02:29,983 | INFO | execution_binance_main | Strategy sig_1h_btc_46 → Highest window value: 30
2026-02-11 12:02:29,989 | INFO | execution_binance_main | Strategy sig_1h_btc_47 → Highest window value: 30
2026-02-11 12:02:29,991 | INFO | execution_binance_main | Strategy sig_1h_btc_48 → Highest window value: 30
2026-02-11 12:02:29,997 | INFO | execution_binance_main | Strategy sig_1h_btc_49 → Highest window value: 30
2026-02-11 12:02:30,002 | INFO | execution_binance_main | Strategy sig_1h_btc_50 → Highest window value: 30
2026-02-11 12:02:30,002 | INFO | execution_binance_main | Required 1m candles: 3000
2026-02-11 12:02:43,962 | INFO | execution_binance_main | Fetched 3000 rows of 1m data.
2026-02-11 12:02:44,055 | INFO | execution_binance_main | Resampled to 50 rows of 1h data.
2026-02-11 12:02:47,754 | INFO | execution_binance_main | Latest Signals: {'sig_1h_btc_1': -1, 'sig_1h_btc_2': 0, 'sig_1h_btc_3': 0, 'sig_1h_btc_4': 0, 'sig_1h_btc_5': 0, 'sig_1h_btc_6': 0, 'sig_1h_btc_7': 0, 'sig_1h_btc_8': 0, 'sig_1h_btc_9': 0, 'sig_1h_btc_10': 0, 'sig_1h_btc_11': 0, 'sig_1h_btc_12': 0, 'sig_1h_btc_13': 0, 'sig_1h_btc_14': 0, 'sig_1h_btc_15': 0, 'sig_1h_btc_16': 0, 'sig_1h_btc_17': 0, 'sig_1h_btc_18': 0, 'sig_1h_btc_19': 0, 'sig_1h_btc_20': 0, 'sig_1h_btc_21': 0, 'sig_1h_btc_22': 0, 'sig_1h_btc_23': 0, 'sig_1h_btc_24': 0, 'sig_1h_btc_25': 0, 'sig_1h_btc_26': 0, 'sig_1h_btc_27': 0, 'sig_1h_btc_28': 0, 'sig_1h_btc_29': 0, 'sig_1h_btc_30': 0, 'sig_1h_btc_31': 0, 'sig_1h_btc_32': 0, 'sig_1h_btc_33': 0, 'sig_1h_btc_34': 0, 'sig_1h_btc_35': 0, 'sig_1h_btc_36': 0, 'sig_1h_btc_37': 0, 'sig_1h_btc_38': 0, 'sig_1h_btc_39': 0, 'sig_1h_btc_40': 0, 'sig_1h_btc_41': 0, 'sig_1h_btc_42': 0, 'sig_1h_btc_43': 0, 'sig_1h_btc_44': 0, 'sig_1h_btc_45': 0, 'sig_1h_btc_46': 0, 'sig_1h_btc_47': 0, 'sig_1h_btc_48': 0, 'sig_1h_btc_49': 0, 'sig_1h_btc_50': 0}
2026-02-11 12:08:30,690 | INFO | execution_binance_main | Strategy sig_1h_btc_1 → Highest window value: 30
2026-02-11 12:08:30,692 | INFO | execution_binance_main | Strategy sig_1h_btc_2 → Highest window value: 30
2026-02-11 12:08:30,703 | INFO | execution_binance_main | Strategy sig_1h_btc_3 → Highest window value: 30
2026-02-11 12:08:30,707 | INFO | execution_binance_main | Strategy sig_1h_btc_4 → Highest window value: 30
2026-02-11 12:08:30,714 | INFO | execution_binance_main | Strategy sig_1h_btc_5 → Highest window value: 30
2026-02-11 12:08:30,718 | INFO | execution_binance_main | Strategy sig_1h_btc_6 → Highest window value: 30
2026-02-11 12:08:30,722 | INFO | execution_binance_main | Strategy sig_1h_btc_7 → Highest window value: 30
2026-02-11 12:08:30,727 | INFO | execution_binance_main | Strategy sig_1h_btc_8 → Highest window value: 30
2026-02-11 12:08:30,732 | INFO | execution_binance_main | Strategy sig_1h_btc_9 → Highest window value: 30
2026-02-11 12:08:30,738 | INFO | execution_binance_main | Strategy sig_1h_btc_10 → Highest window value: 30
2026-02-11 12:08:30,742 | INFO | execution_binance_main | Strategy sig_1h_btc_11 → Highest window value: 30
2026-02-11 12:08:30,746 | INFO | execution_binance_main | Strategy sig_1h_btc_12 → Highest window value: 30
2026-02-11 12:08:30,752 | INFO | execution_binance_main | Strategy sig_1h_btc_13 → Highest window value: 30
2026-02-11 12:08:30,756 | INFO | execution_binance_main | Strategy sig_1h_btc_14 → Highest window value: 30
2026-02-11 12:08:30,762 | INFO | execution_binance_main | Strategy sig_1h_btc_15 → Highest window value: 30
2026-02-11 12:08:30,767 | INFO | execution_binance_main | Strategy sig_1h_btc_16 → Highest window value: 30
2026-02-11 12:08:30,772 | INFO | execution_binance_main | Strategy sig_1h_btc_17 → Highest window value: 30
2026-02-11 12:08:30,775 | INFO | execution_binance_main | Strategy sig_1h_btc_18 → Highest window value: 30
2026-02-11 12:08:30,781 | INFO | execution_binance_main | Strategy sig_1h_btc_19 → Highest window value: 30
2026-02-11 12:08:30,787 | INFO | execution_binance_main | Strategy sig_1h_btc_20 → Highest window value: 30
2026-02-11 12:08:30,793 | INFO | execution_binance_main | Strategy sig_1h_btc_21 → Highest window value: 30
2026-02-11 12:08:30,799 | INFO | execution_binance_main | Strategy sig_1h_btc_22 → Highest window value: 30
2026-02-11 12:08:30,805 | INFO | execution_binance_main | Strategy sig_1h_btc_23 → Highest window value: 30
2026-02-11 12:08:30,807 | INFO | execution_binance_main | Strategy sig_1h_btc_24 → Highest window value: 30
2026-02-11 12:08:30,814 | INFO | execution_binance_main | Strategy sig_1h_btc_25 → Highest window value: 30
2026-02-11 12:08:30,817 | INFO | execution_binance_main | Strategy sig_1h_btc_26 → Highest window value: 30
2026-02-11 12:08:30,824 | INFO | execution_binance_main | Strategy sig_1h_btc_27 → Highest window value: 30
2026-02-11 12:08:30,829 | INFO | execution_binance_main | Strategy sig_1h_btc_28 → Highest window value: 30
2026-02-11 12:08:30,834 | INFO | execution_binance_main | Strategy sig_1h_btc_29 → Highest window value: 30
2026-02-11 12:08:30,841 | INFO | execution_binance_main | Strategy sig_1h_btc_30 → Highest window value: 30
2026-02-11 12:08:30,846 | INFO | execution_binance_main | Strategy sig_1h_btc_31 → Highest window value: 30
2026-02-11 12:08:30,855 | INFO | execution_binance_main | Strategy sig_1h_btc_32 → Highest window value: 30
2026-02-11 12:08:30,861 | INFO | execution_binance_main | Strategy sig_1h_btc_33 → Highest window value: 30
2026-02-11 12:08:30,869 | INFO | execution_binance_main | Strategy sig_1h_btc_34 → Highest window value: 30
2026-02-11 12:08:30,875 | INFO | execution_binance_main | Strategy sig_1h_btc_35 → Highest window value: 30
2026-02-11 12:08:30,884 | INFO | execution_binance_main | Strategy sig_1h_btc_36 → Highest window value: 30
2026-02-11 12:08:30,894 | INFO | execution_binance_main | Strategy sig_1h_btc_37 → Highest window value: 30
2026-02-11 12:08:30,902 | INFO | execution_binance_main | Strategy sig_1h_btc_38 → Highest window value: 30
2026-02-11 12:08:30,908 | INFO | execution_binance_main | Strategy sig_1h_btc_39 → Highest window value: 30
2026-02-11 12:08:30,918 | INFO | execution_binance_main | Strategy sig_1h_btc_40 → Highest window value: 30
2026-02-11 12:08:30,927 | INFO | execution_binance_main | Strategy sig_1h_btc_41 → Highest window value: 30
2026-02-11 12:08:30,935 | INFO | execution_binance_main | Strategy sig_1h_btc_42 → Highest window value: 30
2026-02-11 12:08:30,941 | INFO | execution_binance_main | Strategy sig_1h_btc_43 → Highest window value: 30
2026-02-11 12:08:30,951 | INFO | execution_binance_main | Strategy sig_1h_btc_44 → Highest window value: 30
2026-02-11 12:08:30,959 | INFO | execution_binance_main | Strategy sig_1h_btc_45 → Highest window value: 30
2026-02-11 12:08:30,965 | INFO | execution_binance_main | Strategy sig_1h_btc_46 → Highest window value: 30
2026-02-11 12:08:30,973 | INFO | execution_binance_main | Strategy sig_1h_btc_47 → Highest window value: 30
2026-02-11 12:08:30,985 | INFO | execution_binance_main | Strategy sig_1h_btc_48 → Highest window value: 30
2026-02-11 12:08:30,991 | INFO | execution_binance_main | Strategy sig_1h_btc_49 → Highest window value: 30
2026-02-11 12:08:31,001 | INFO | execution_binance_main | Strategy sig_1h_btc_50 → Highest window value: 30
2026-02-11 12:08:31,005 | INFO | execution_binance_main | Required 1m candles: 3000
2026-02-11 12:08:55,519 | INFO | execution_binance_main | Fetched 3000 rows of 1m data.
2026-02-11 12:08:55,735 | INFO | execution_binance_main | Resampled to 50 rows of 1h data.
2026-02-11 12:08:59,423 | INFO | execution_binance_main | Latest Signals: {'sig_1h_btc_1': -1, 'sig_1h_btc_2': 0, 'sig_1h_btc_3': 0, 'sig_1h_btc_4': 0, 'sig_1h_btc_5': 0, 'sig_1h_btc_6': 0, 'sig_1h_btc_7': 0, 'sig_1h_btc_8': 0, 'sig_1h_btc_9': 0, 'sig_1h_btc_10': 0, 'sig_1h_btc_11': 0, 'sig_1h_btc_12': 0, 'sig_1h_btc_13': 0, 'sig_1h_btc_14': 0, 'sig_1h_btc_15': 0, 'sig_1h_btc_16': 0, 'sig_1h_btc_17': 0, 'sig_1h_btc_18': 0, 'sig_1h_btc_19': 0, 'sig_1h_btc_20': 0, 'sig_1h_btc_21': 0, 'sig_1h_btc_22': 0, 'sig_1h_btc_23': 0, 'sig_1h_btc_24': 0, 'sig_1h_btc_25': 0, 'sig_1h_btc_26': 0, 'sig_1h_btc_27': 0, 'sig_1h_btc_28': 0, 'sig_1h_btc_29': 0, 'sig_1h_btc_30': 0, 'sig_1h_btc_31': 0, 'sig_1h_btc_32': 0, 'sig_1h_btc_33': 0, 'sig_1h_btc_34': 0, 'sig_1h_btc_35': 0, 'sig_1h_btc_36': 0, 'sig_1h_btc_37': 0, 'sig_1h_btc_38': 0, 'sig_1h_btc_39': 0, 'sig_1h_btc_40': 0, 'sig_1h_btc_41': 0, 'sig_1h_btc_42': 0, 'sig_1h_btc_43': 0, 'sig_1h_btc_44': 0, 'sig_1h_btc_45': 0, 'sig_1h_btc_46': 0, 'sig_1h_btc_47': 0, 'sig_1h_btc_48': 0, 'sig_1h_btc_49': 0, 'sig_1h_btc_50': 0}
2026-02-11 12:12:53,521 | INFO | execution_binance_main | Strategy sig_1h_btc_1 → Highest window value: 30
2026-02-11 12:12:53,521 | INFO | execution_binance_main | Strategy sig_1h_btc_2 → Highest window value: 30
2026-02-11 12:12:53,533 | INFO | execution_binance_main | Strategy sig_1h_btc_3 → Highest window value: 30
2026-02-11 12:12:53,540 | INFO | execution_binance_main | Strategy sig_1h_btc_4 → Highest window value: 30
2026-02-11 12:12:53,545 | INFO | execution_binance_main | Strategy sig_1h_btc_5 → Highest window value: 30
2026-02-11 12:12:53,549 | INFO | execution_binance_main | Strategy sig_1h_btc_6 → Highest window value: 30
2026-02-11 12:12:53,551 | INFO | execution_binance_main | Strategy sig_1h_btc_7 → Highest window value: 30
2026-02-11 12:12:53,560 | INFO | execution_binance_main | Strategy sig_1h_btc_8 → Highest window value: 30
2026-02-11 12:12:53,564 | INFO | execution_binance_main | Strategy sig_1h_btc_9 → Highest window value: 30
2026-02-11 12:12:53,568 | INFO | execution_binance_main | Strategy sig_1h_btc_10 → Highest window value: 30
2026-02-11 12:12:53,577 | INFO | execution_binance_main | Strategy sig_1h_btc_11 → Highest window value: 30
2026-02-11 12:12:53,582 | INFO | execution_binance_main | Strategy sig_1h_btc_12 → Highest window value: 30
2026-02-11 12:12:53,591 | INFO | execution_binance_main | Strategy sig_1h_btc_13 → Highest window value: 30
2026-02-11 12:12:53,598 | INFO | execution_binance_main | Strategy sig_1h_btc_14 → Highest window value: 30
2026-02-11 12:12:53,602 | INFO | execution_binance_main | Strategy sig_1h_btc_15 → Highest window value: 30
2026-02-11 12:12:53,610 | INFO | execution_binance_main | Strategy sig_1h_btc_16 → Highest window value: 30
2026-02-11 12:12:53,615 | INFO | execution_binance_main | Strategy sig_1h_btc_17 → Highest window value: 30
2026-02-11 12:12:53,618 | INFO | execution_binance_main | Strategy sig_1h_btc_18 → Highest window value: 30
2026-02-11 12:12:53,625 | INFO | execution_binance_main | Strategy sig_1h_btc_19 → Highest window value: 30
2026-02-11 12:12:53,630 | INFO | execution_binance_main | Strategy sig_1h_btc_20 → Highest window value: 30
2026-02-11 12:12:53,632 | INFO | execution_binance_main | Strategy sig_1h_btc_21 → Highest window value: 30
2026-02-11 12:12:53,641 | INFO | execution_binance_main | Strategy sig_1h_btc_22 → Highest window value: 30
2026-02-11 12:12:53,646 | INFO | execution_binance_main | Strategy sig_1h_btc_23 → Highest window value: 30
2026-02-11 12:12:53,651 | INFO | execution_binance_main | Strategy sig_1h_btc_24 → Highest window value: 30
2026-02-11 12:12:53,657 | INFO | execution_binance_main | Strategy sig_1h_btc_25 → Highest window value: 30
2026-02-11 12:12:53,662 | INFO | execution_binance_main | Strategy sig_1h_btc_26 → Highest window value: 30
2026-02-11 12:12:53,666 | INFO | execution_binance_main | Strategy sig_1h_btc_27 → Highest window value: 30
2026-02-11 12:12:53,673 | INFO | execution_binance_main | Strategy sig_1h_btc_28 → Highest window value: 30
2026-02-11 12:12:53,678 | INFO | execution_binance_main | Strategy sig_1h_btc_29 → Highest window value: 30
2026-02-11 12:12:53,683 | INFO | execution_binance_main | Strategy sig_1h_btc_30 → Highest window value: 30
2026-02-11 12:12:53,691 | INFO | execution_binance_main | Strategy sig_1h_btc_31 → Highest window value: 30
2026-02-11 12:12:53,697 | INFO | execution_binance_main | Strategy sig_1h_btc_32 → Highest window value: 30
2026-02-11 12:12:53,702 | INFO | execution_binance_main | Strategy sig_1h_btc_33 → Highest window value: 30
2026-02-11 12:12:53,706 | INFO | execution_binance_main | Strategy sig_1h_btc_34 → Highest window value: 30
2026-02-11 12:12:53,712 | INFO | execution_binance_main | Strategy sig_1h_btc_35 → Highest window value: 30
2026-02-11 12:12:53,716 | INFO | execution_binance_main | Strategy sig_1h_btc_36 → Highest window value: 30
2026-02-11 12:12:53,725 | INFO | execution_binance_main | Strategy sig_1h_btc_37 → Highest window value: 30
2026-02-11 12:12:53,731 | INFO | execution_binance_main | Strategy sig_1h_btc_38 → Highest window value: 30
2026-02-11 12:12:53,735 | INFO | execution_binance_main | Strategy sig_1h_btc_39 → Highest window value: 30
2026-02-11 12:12:53,740 | INFO | execution_binance_main | Strategy sig_1h_btc_40 → Highest window value: 30
2026-02-11 12:12:53,748 | INFO | execution_binance_main | Strategy sig_1h_btc_41 → Highest window value: 30
2026-02-11 12:12:53,751 | INFO | execution_binance_main | Strategy sig_1h_btc_42 → Highest window value: 30
2026-02-11 12:12:53,757 | INFO | execution_binance_main | Strategy sig_1h_btc_43 → Highest window value: 30
2026-02-11 12:12:53,764 | INFO | execution_binance_main | Strategy sig_1h_btc_44 → Highest window value: 30
2026-02-11 12:12:53,766 | INFO | execution_binance_main | Strategy sig_1h_btc_45 → Highest window value: 30
2026-02-11 12:12:53,774 | INFO | execution_binance_main | Strategy sig_1h_btc_46 → Highest window value: 30
2026-02-11 12:12:53,779 | INFO | execution_binance_main | Strategy sig_1h_btc_47 → Highest window value: 30
2026-02-11 12:12:53,785 | INFO | execution_binance_main | Strategy sig_1h_btc_48 → Highest window value: 30
2026-02-11 12:12:53,789 | INFO | execution_binance_main | Strategy sig_1h_btc_49 → Highest window value: 30
2026-02-11 12:12:53,796 | INFO | execution_binance_main | Strategy sig_1h_btc_50 → Highest window value: 30
2026-02-11 12:12:53,797 | INFO | execution_binance_main | Required 1m candles: 1800
2026-02-11 12:13:10,129 | INFO | execution_binance_main | Fetched 1800 rows of 1m data.
2026-02-11 12:13:10,353 | INFO | execution_binance_main | Resampled to 30 rows of 1h data.
2026-02-11 12:13:14,006 | INFO | execution_binance_main | Latest Signals: {'sig_1h_btc_1': 0, 'sig_1h_btc_2': 0, 'sig_1h_btc_3': 0, 'sig_1h_btc_4': 0, 'sig_1h_btc_5': 0, 'sig_1h_btc_6': 0, 'sig_1h_btc_7': 0, 'sig_1h_btc_8': 0, 'sig_1h_btc_9': 0, 'sig_1h_btc_10': 0, 'sig_1h_btc_11': 0, 'sig_1h_btc_12': 0, 'sig_1h_btc_13': 0, 'sig_1h_btc_14': 0, 'sig_1h_btc_15': 0, 'sig_1h_btc_16': 0, 'sig_1h_btc_17': 0, 'sig_1h_btc_18': 0, 'sig_1h_btc_19': 0, 'sig_1h_btc_20': 0, 'sig_1h_btc_21': 0, 'sig_1h_btc_22': 0, 'sig_1h_btc_23': 0, 'sig_1h_btc_24': 0, 'sig_1h_btc_25': 0, 'sig_1h_btc_26': 0, 'sig_1h_btc_27': 0, 'sig_1h_btc_28': 0, 'sig_1h_btc_29': 0, 'sig_1h_btc_30': 0, 'sig_1h_btc_31': 0, 'sig_1h_btc_32': 0, 'sig_1h_btc_33': 0, 'sig_1h_btc_34': 0, 'sig_1h_btc_35': 0, 'sig_1h_btc_36': 0, 'sig_1h_btc_37': 0, 'sig_1h_btc_38': 0, 'sig_1h_btc_39': 0, 'sig_1h_btc_40': 0, 'sig_1h_btc_41': 0, 'sig_1h_btc_42': 0, 'sig_1h_btc_43': 0, 'sig_1h_btc_44': 0, 'sig_1h_btc_45': 0, 'sig_1h_btc_46': 0, 'sig_1h_btc_47': 0, 'sig_1h_btc_48': 0, 'sig_1h_btc_49': 0, 'sig_1h_btc_50': 0}
2026-02-11 13:04:33,504 | INFO | execution_binance_main | Strategy sig_1h_btc_22 → Highest window value: 30
2026-02-11 13:04:33,510 | INFO | execution_binance_main | Strategy sig_1h_btc_8 → Highest window value: 30
2026-02-11 13:04:33,514 | INFO | execution_binance_main | Strategy sig_1h_btc_9 → Highest window value: 30
2026-02-11 13:04:33,519 | INFO | execution_binance_main | Strategy sig_1h_btc_20 → Highest window value: 30
2026-02-11 13:04:33,525 | INFO | execution_binance_main | Strategy sig_1h_btc_26 → Highest window value: 30
2026-02-11 13:04:33,525 | INFO | execution_binance_main | Required 1m candles: 1800
2026-02-11 13:04:48,261 | INFO | execution_binance_main | Fetched 1800 rows of 1m data.
2026-02-11 13:04:48,412 | INFO | execution_binance_main | Resampled to 30 rows of 1h data.
2026-02-11 13:04:48,773 | INFO | execution_binance_main | Latest Signals: {'sig_1h_btc_22': 0, 'sig_1h_btc_8': 0, 'sig_1h_btc_9': 0, 'sig_1h_btc_20': 0, 'sig_1h_btc_26': 0}
2026-02-11 13:10:42,396 | INFO | execution_binance_main | Strategy sig_1h_btc_28 → Highest window value: 30
2026-02-11 13:10:42,403 | INFO | execution_binance_main | Strategy sig_1h_btc_10 → Highest window value: 30
2026-02-11 13:10:42,405 | INFO | execution_binance_main | Strategy sig_1h_btc_19 → Highest window value: 30
2026-02-11 13:10:42,409 | INFO | execution_binance_main | Strategy sig_1h_btc_38 → Highest window value: 30
2026-02-11 13:10:42,414 | INFO | execution_binance_main | Strategy sig_1h_btc_7 → Highest window value: 30
2026-02-11 13:10:42,416 | INFO | execution_binance_main | Required 1m candles: 1800
2026-02-11 13:10:52,587 | INFO | execution_binance_main | Fetched 1800 rows of 1m data.
2026-02-11 13:10:52,717 | INFO | execution_binance_main | Resampled to 30 rows of 1h data.
2026-02-11 13:11:10,089 | INFO | execution_binance_main | Strategy sig_1h_btc_28 → Highest window value: 30
2026-02-11 13:11:10,101 | INFO | execution_binance_main | Strategy sig_1h_btc_10 → Highest window value: 30
2026-02-11 13:11:10,112 | INFO | execution_binance_main | Strategy sig_1h_btc_19 → Highest window value: 30
2026-02-11 13:11:10,121 | INFO | execution_binance_main | Strategy sig_1h_btc_38 → Highest window value: 30
2026-02-11 13:11:10,133 | INFO | execution_binance_main | Strategy sig_1h_btc_7 → Highest window value: 30
2026-02-11 13:11:10,133 | INFO | execution_binance_main | Required 1m candles: 1800
2026-02-11 13:11:18,528 | INFO | execution_binance_main | Fetched 1800 rows of 1m data.
2026-02-11 13:11:18,563 | INFO | execution_binance_main | Resampled to 30 rows of 1h data.
2026-02-11 13:11:18,760 | INFO | execution_binance_main | Latest Signals: {'sig_1h_btc_28': 0, 'sig_1h_btc_10': 0, 'sig_1h_btc_19': 0, 'sig_1h_btc_38': 0, 'sig_1h_btc_7': 0}
2026-02-11 13:16:04,453 | INFO | execution_binance_main | Strategy sig_1h_btc_28 → Highest window value: 30
2026-02-11 13:16:04,457 | INFO | execution_binance_main | Strategy sig_1h_btc_10 → Highest window value: 30
2026-02-11 13:16:04,463 | INFO | execution_binance_main | Strategy sig_1h_btc_19 → Highest window value: 30
2026-02-11 13:16:04,469 | INFO | execution_binance_main | Strategy sig_1h_btc_38 → Highest window value: 30
2026-02-11 13:16:04,471 | INFO | execution_binance_main | Strategy sig_1h_btc_7 → Highest window value: 30
2026-02-11 13:16:04,471 | INFO | execution_binance_main | Required 1m candles: 4800
2026-02-11 13:16:17,079 | INFO | execution_binance_main | Fetched 4800 rows of 1m data.
2026-02-11 13:16:17,258 | INFO | execution_binance_main | Resampled to 80 rows of 1h data.
2026-02-11 13:16:17,698 | INFO | execution_binance_main | Latest Signals: {'sig_1h_btc_28': 0, 'sig_1h_btc_10': -1, 'sig_1h_btc_19': -1, 'sig_1h_btc_38': 0, 'sig_1h_btc_7': 0}
2026-02-11 13:18:58,970 | INFO | execution_binance_main | Strategy sig_1h_btc_28 → Highest window value: 30
2026-02-11 13:18:58,971 | INFO | execution_binance_main | Strategy sig_1h_btc_10 → Highest window value: 30
2026-02-11 13:18:58,976 | INFO | execution_binance_main | Strategy sig_1h_btc_19 → Highest window value: 30
2026-02-11 13:18:58,980 | INFO | execution_binance_main | Strategy sig_1h_btc_38 → Highest window value: 30
2026-02-11 13:18:58,986 | INFO | execution_binance_main | Strategy sig_1h_btc_7 → Highest window value: 30
2026-02-11 13:18:58,986 | INFO | execution_binance_main | Required 1m candles: 4800
2026-02-11 13:19:09,208 | INFO | execution_binance_main | Fetched 4800 rows of 1m data.
2026-02-11 13:19:09,354 | INFO | execution_binance_main | Resampled to 80 rows of 1h data.
2026-02-11 13:19:09,719 | INFO | execution_binance_main | Latest Signals: {'sig_1h_btc_28': array([], dtype=int8), 'sig_1h_btc_10': array([-1, -1, -1, -1, -1, -1,  1,  1, -1, -1, -1, -1,  1, -1, -1, -1, -1],
      dtype=int8), 'sig_1h_btc_19': array([-1, -1, -1, -1, -1,  1,  1, -1, -1, -1, -1,  1, -1,  1, -1, -1],
      dtype=int8), 'sig_1h_btc_38': array([], dtype=int8), 'sig_1h_btc_7': array([], dtype=int8)}
2026-02-11 13:20:20,230 | INFO | execution_binance_main | Strategy sig_1h_btc_28 → Highest window value: 30
2026-02-11 13:20:20,232 | INFO | execution_binance_main | Strategy sig_1h_btc_10 → Highest window value: 30
2026-02-11 13:20:20,239 | INFO | execution_binance_main | Strategy sig_1h_btc_19 → Highest window value: 30
2026-02-11 13:20:20,241 | INFO | execution_binance_main | Strategy sig_1h_btc_38 → Highest window value: 30
2026-02-11 13:20:20,247 | INFO | execution_binance_main | Strategy sig_1h_btc_7 → Highest window value: 30
2026-02-11 13:20:20,249 | INFO | execution_binance_main | Required 1m candles: 1800
2026-02-11 13:20:29,080 | INFO | execution_binance_main | Fetched 1800 rows of 1m data.
2026-02-11 13:20:29,116 | INFO | execution_binance_main | Resampled to 30 rows of 1h data.
2026-02-11 13:20:29,351 | INFO | execution_binance_main | Latest Signals: {'sig_1h_btc_28': array([], dtype=int8), 'sig_1h_btc_10': array([], dtype=int8), 'sig_1h_btc_19': array([], dtype=int8), 'sig_1h_btc_38': array([], dtype=int8), 'sig_1h_btc_7': array([], dtype=int8)}
2026-02-11 13:21:15,136 | INFO | execution_binance_main | Strategy sig_1h_btc_28 → Highest window value: 30
2026-02-11 13:21:15,142 | INFO | execution_binance_main | Strategy sig_1h_btc_10 → Highest window value: 30
2026-02-11 13:21:15,146 | INFO | execution_binance_main | Strategy sig_1h_btc_19 → Highest window value: 30
2026-02-11 13:21:15,153 | INFO | execution_binance_main | Strategy sig_1h_btc_38 → Highest window value: 30
2026-02-11 13:21:15,159 | INFO | execution_binance_main | Strategy sig_1h_btc_7 → Highest window value: 30
2026-02-11 13:21:15,159 | INFO | execution_binance_main | Required 1m candles: 5400
2026-02-11 13:21:23,335 | INFO | execution_binance_main | Fetched 5400 rows of 1m data.
2026-02-11 13:21:23,365 | INFO | execution_binance_main | Resampled to 90 rows of 1h data.
2026-02-11 13:21:23,596 | INFO | execution_binance_main | Latest Signals: {'sig_1h_btc_28': array([ 1, -1, -1], dtype=int8), 'sig_1h_btc_10': array([-1,  1,  1, -1, -1, -1,  1,  1, -1, -1, -1, -1, -1, -1, -1, -1,  1,
        1, -1, -1, -1, -1,  1, -1, -1, -1, -1], dtype=int8), 'sig_1h_btc_19': array([ 1,  1,  1, -1, -1, -1,  0, -1, -1, -1, -1, -1, -1, -1, -1,  1,  1,
       -1, -1, -1, -1,  1, -1,  1, -1, -1], dtype=int8), 'sig_1h_btc_38': array([ 1, -1, -1], dtype=int8), 'sig_1h_btc_7': array([ 1, -1, -1], dtype=int8)}
2026-02-11 13:23:19,304 | INFO | execution_binance_main | Strategy sig_1h_btc_28 → Highest window value: 30
2026-02-11 13:23:19,322 | INFO | execution_binance_main | Strategy sig_1h_btc_10 → Highest window value: 30
2026-02-11 13:23:19,328 | INFO | execution_binance_main | Strategy sig_1h_btc_19 → Highest window value: 30
2026-02-11 13:23:19,334 | INFO | execution_binance_main | Strategy sig_1h_btc_38 → Highest window value: 30
2026-02-11 13:23:19,339 | INFO | execution_binance_main | Strategy sig_1h_btc_7 → Highest window value: 30
2026-02-11 13:23:19,341 | INFO | execution_binance_main | Required 1m candles: 5400
2026-02-11 13:23:27,940 | INFO | execution_binance_main | Fetched 5400 rows of 1m data.
2026-02-11 13:23:28,045 | INFO | execution_binance_main | Resampled to 90 rows of 1h data.
2026-02-11 13:23:28,326 | INFO | execution_binance_main | Latest Signals: {'sig_1h_btc_28': -1, 'sig_1h_btc_10': -1, 'sig_1h_btc_19': -1, 'sig_1h_btc_38': -1, 'sig_1h_btc_7': -1}
2026-02-11 13:26:55,262 | INFO | execution_binance_main | Strategy sig_1h_btc_28 → Highest window value: 30
2026-02-11 13:26:55,266 | INFO | execution_binance_main | Strategy sig_1h_btc_10 → Highest window value: 30
2026-02-11 13:26:55,272 | INFO | execution_binance_main | Strategy sig_1h_btc_19 → Highest window value: 30
2026-02-11 13:26:55,276 | INFO | execution_binance_main | Strategy sig_1h_btc_38 → Highest window value: 30
2026-02-11 13:26:55,281 | INFO | execution_binance_main | Strategy sig_1h_btc_7 → Highest window value: 30
2026-02-11 13:26:55,281 | INFO | execution_binance_main | Required 1m candles: 1800
2026-02-11 13:27:05,922 | INFO | execution_binance_main | Fetched 1800 rows of 1m data.
2026-02-11 13:27:06,158 | INFO | execution_binance_main | Resampled to 30 rows of 1h data.
2026-02-11 13:27:06,572 | INFO | execution_binance_main | Latest Signals: {'sig_1h_btc_28': 0, 'sig_1h_btc_10': 0, 'sig_1h_btc_19': 0, 'sig_1h_btc_38': 0, 'sig_1h_btc_7': 0}
2026-02-11 13:27:24,769 | INFO | execution_binance_main | Strategy sig_1h_btc_28 → Highest window value: 30
2026-02-11 13:27:24,775 | INFO | execution_binance_main | Strategy sig_1h_btc_10 → Highest window value: 30
2026-02-11 13:27:24,780 | INFO | execution_binance_main | Strategy sig_1h_btc_19 → Highest window value: 30
2026-02-11 13:27:24,785 | INFO | execution_binance_main | Strategy sig_1h_btc_38 → Highest window value: 30
2026-02-11 13:27:24,790 | INFO | execution_binance_main | Strategy sig_1h_btc_7 → Highest window value: 30
2026-02-11 13:27:24,791 | INFO | execution_binance_main | Required 1m candles: 5400
2026-02-11 13:27:32,996 | INFO | execution_binance_main | Fetched 5400 rows of 1m data.
2026-02-11 13:27:33,037 | INFO | execution_binance_main | Resampled to 90 rows of 1h data.
2026-02-11 13:27:33,271 | INFO | execution_binance_main | Latest Signals: {'sig_1h_btc_28': -1, 'sig_1h_btc_10': -1, 'sig_1h_btc_19': -1, 'sig_1h_btc_38': -1, 'sig_1h_btc_7': -1}
2026-02-11 15:04:56,317 | INFO | execution_binance_main | Running strategy execution for timeframe: 5m
2026-02-11 15:04:56,317 | INFO | execution_binance_main | Waiting 4 seconds until next valid 5m time...
2026-02-11 15:05:00,332 | INFO | execution_binance_main | Current time 10:05:00 is valid for 5m execution.
2026-02-11 15:05:00,492 | INFO | execution_binance_main | Strategy sig_5m_btc_3 → Highest window value: 30
2026-02-11 15:05:00,493 | INFO | execution_binance_main | Strategy sig_5m_btc_4 → Highest window value: 30
2026-02-11 15:05:00,493 | INFO | execution_binance_main | Strategy sig_5m_btc_6 → Highest window value: 30
2026-02-11 15:05:00,493 | INFO | execution_binance_main | Strategy sig_5m_btc_7 → Highest window value: 30
2026-02-11 15:05:00,494 | INFO | execution_binance_main | Strategy sig_5m_btc_1 → Highest window value: 30
2026-02-11 15:05:00,494 | INFO | execution_binance_main | Required 1m candles: 150
2026-02-11 15:05:18,617 | INFO | execution_binance_main | Fetched 150 rows of 1m data.
2026-02-11 15:05:18,690 | INFO | execution_binance_main | Resampled to 30 rows of 5m data.
2026-02-11 15:05:18,742 | INFO | execution_binance_main | Latest Signals: {'sig_5m_btc_3': 0, 'sig_5m_btc_4': 0, 'sig_5m_btc_6': 0, 'sig_5m_btc_7': 0, 'sig_5m_btc_1': 0}
2026-02-11 15:07:25,767 | INFO | execution_binance_main | Running strategy execution for timeframe: 5m
2026-02-11 15:07:25,767 | INFO | execution_binance_main | Waiting 155 seconds until next valid 5m time...
2026-02-11 15:10:00,775 | INFO | execution_binance_main | Current time 10:10:00 is valid for 5m execution.
2026-02-11 15:10:00,975 | INFO | execution_binance_main | Strategy sig_5m_btc_3 → Highest window value: 30
2026-02-11 15:10:00,975 | INFO | execution_binance_main | Strategy sig_5m_btc_4 → Highest window value: 30
2026-02-11 15:10:00,977 | INFO | execution_binance_main | Strategy sig_5m_btc_6 → Highest window value: 30
2026-02-11 15:10:00,977 | INFO | execution_binance_main | Strategy sig_5m_btc_7 → Highest window value: 30
2026-02-11 15:10:00,977 | INFO | execution_binance_main | Strategy sig_5m_btc_1 → Highest window value: 30
2026-02-11 15:10:00,978 | INFO | execution_binance_main | Required 1m candles: 450
2026-02-11 15:10:08,687 | INFO | execution_binance_main | Fetched 450 rows of 1m data.
2026-02-11 15:10:08,705 | INFO | execution_binance_main | Resampled to 90 rows of 5m data.
2026-02-11 15:10:08,751 | INFO | execution_binance_main | Latest Signals: {'sig_5m_btc_3': -1, 'sig_5m_btc_4': -1, 'sig_5m_btc_6': -1, 'sig_5m_btc_7': -1, 'sig_5m_btc_1': -1}
2026-02-11 15:11:02,090 | INFO | execution_binance_main | Running strategy execution for timeframe: 15m
2026-02-11 15:11:02,092 | INFO | execution_binance_main | Waiting 238 seconds until next valid 15m time...
2026-02-11 15:15:00,102 | INFO | execution_binance_main | Current time 10:15:00 is valid for 15m execution.
2026-02-11 15:15:00,365 | INFO | execution_binance_main | Strategy sig_15m_btc_11 → Highest window value: 30
2026-02-11 15:15:00,365 | INFO | execution_binance_main | Strategy sig_15m_btc_9 → Highest window value: 30
2026-02-11 15:15:00,365 | INFO | execution_binance_main | Strategy sig_15m_btc_5 → Highest window value: 30
2026-02-11 15:15:00,365 | INFO | execution_binance_main | Strategy sig_15m_btc_4 → Highest window value: 30
2026-02-11 15:15:00,365 | INFO | execution_binance_main | Strategy sig_15m_btc_6 → Highest window value: 30
2026-02-11 15:15:00,365 | INFO | execution_binance_main | Required 1m candles: 1350
2026-02-11 15:15:09,147 | INFO | execution_binance_main | Fetched 1350 rows of 1m data.
2026-02-11 15:15:09,195 | INFO | execution_binance_main | Resampled to 90 rows of 15m data.
2026-02-11 15:15:09,244 | INFO | execution_binance_main | Latest Signals: {'sig_15m_btc_11': -1, 'sig_15m_btc_9': -1, 'sig_15m_btc_5': -1, 'sig_15m_btc_4': 0, 'sig_15m_btc_6': -1}
2026-02-11 15:19:40,790 | INFO | execution_binance_main | Running strategy execution for timeframe: 5m
2026-02-11 15:19:40,790 | INFO | execution_binance_main | Waiting 20 seconds until next valid 5m time...
2026-02-11 15:20:00,798 | INFO | execution_binance_main | Current time 10:20:00 is valid for 5m execution.
2026-02-11 15:20:01,108 | INFO | execution_binance_main | Strategy sig_5m_btc_3 → Highest window value: 30
2026-02-11 15:20:01,108 | INFO | execution_binance_main | Strategy sig_5m_btc_4 → Highest window value: 30
2026-02-11 15:20:01,108 | INFO | execution_binance_main | Strategy sig_5m_btc_6 → Highest window value: 30
2026-02-11 15:20:01,110 | INFO | execution_binance_main | Strategy sig_5m_btc_7 → Highest window value: 30
2026-02-11 15:20:01,110 | INFO | execution_binance_main | Strategy sig_5m_btc_1 → Highest window value: 30
2026-02-11 15:20:01,110 | INFO | execution_binance_main | Required 1m candles: 450
2026-02-11 15:20:12,135 | INFO | execution_binance_main | Fetched 450 rows of 1m data.
2026-02-11 15:20:12,209 | INFO | execution_binance_main | Resampled to 90 rows of 5m data.
2026-02-11 15:20:12,287 | INFO | execution_binance_main | sig_5m_btc_3 → Signal: -1 at 2026-02-11 05:00:00+00:00
2026-02-11 15:20:12,288 | INFO | execution_binance_main | sig_5m_btc_4 → Signal: -1 at 2026-02-11 05:00:00+00:00
2026-02-11 15:20:12,288 | INFO | execution_binance_main | sig_5m_btc_6 → Signal: -1 at 2026-02-11 05:00:00+00:00
2026-02-11 15:20:12,288 | INFO | execution_binance_main | sig_5m_btc_7 → Signal: -1 at 2026-02-11 05:00:00+00:00
2026-02-11 15:20:12,289 | INFO | execution_binance_main | sig_5m_btc_1 → Signal: -1 at 2026-02-11 05:00:00+00:00
2026-02-11 15:24:27,735 | INFO | execution_binance_main | Running strategy execution for timeframe: 5m
2026-02-11 15:24:27,735 | INFO | execution_binance_main | Waiting 33 seconds until next valid 5m time...
2026-02-11 15:25:00,736 | INFO | execution_binance_main | Current time 10:25:00 is valid for 5m execution.
2026-02-11 15:25:01,162 | INFO | execution_binance_main | Strategy sig_5m_btc_3 → Highest window value: 30
2026-02-11 15:25:01,163 | INFO | execution_binance_main | Strategy sig_5m_btc_4 → Highest window value: 30
2026-02-11 15:25:01,164 | INFO | execution_binance_main | Strategy sig_5m_btc_6 → Highest window value: 30
2026-02-11 15:25:01,165 | INFO | execution_binance_main | Strategy sig_5m_btc_7 → Highest window value: 30
2026-02-11 15:25:01,165 | INFO | execution_binance_main | Strategy sig_5m_btc_1 → Highest window value: 30
2026-02-11 15:25:01,166 | INFO | execution_binance_main | Required 1m candles: 150
2026-02-11 15:25:17,420 | INFO | execution_binance_main | Fetched 150 rows of 1m data.
2026-02-11 15:25:17,508 | INFO | execution_binance_main | Resampled to 30 rows of 5m data.
2026-02-11 15:25:17,571 | INFO | execution_binance_main | sig_5m_btc_3 → Signal: 0 at None
2026-02-11 15:25:17,571 | INFO | execution_binance_main | sig_5m_btc_4 → Signal: 0 at None
2026-02-11 15:25:17,572 | INFO | execution_binance_main | sig_5m_btc_6 → Signal: 0 at None
2026-02-11 15:25:17,572 | INFO | execution_binance_main | sig_5m_btc_7 → Signal: 0 at None
2026-02-11 15:25:17,572 | INFO | execution_binance_main | sig_5m_btc_1 → Signal: 0 at None
2026-02-11 15:26:32,033 | INFO | execution_binance_main | Running strategy execution for timeframe: 5m
2026-02-11 15:26:32,033 | INFO | execution_binance_main | Waiting 208 seconds until next valid 5m time...
2026-02-11 15:30:00,037 | INFO | execution_binance_main | Current time 10:30:00 is valid for 5m execution.
2026-02-11 15:30:00,269 | INFO | execution_binance_main | Strategy sig_5m_btc_3 → Highest window value: 30
2026-02-11 15:30:00,269 | INFO | execution_binance_main | Strategy sig_5m_btc_4 → Highest window value: 30
2026-02-11 15:30:00,269 | INFO | execution_binance_main | Strategy sig_5m_btc_6 → Highest window value: 30
2026-02-11 15:30:00,269 | INFO | execution_binance_main | Strategy sig_5m_btc_7 → Highest window value: 30
2026-02-11 15:30:00,269 | INFO | execution_binance_main | Strategy sig_5m_btc_1 → Highest window value: 30
2026-02-11 15:30:00,269 | INFO | execution_binance_main | Required 1m candles: 300
2026-02-11 15:30:13,623 | INFO | execution_binance_main | Fetched 300 rows of 1m data.
2026-02-11 15:30:13,728 | INFO | execution_binance_main | Resampled to 60 rows of 5m data.
2026-02-11 15:30:13,799 | INFO | execution_binance_main | sig_5m_btc_3 → Signal: 0 at None
2026-02-11 15:30:13,799 | INFO | execution_binance_main | sig_5m_btc_4 → Signal: 0 at None
2026-02-11 15:30:13,800 | INFO | execution_binance_main | sig_5m_btc_6 → Signal: 0 at None
2026-02-11 15:30:13,800 | INFO | execution_binance_main | sig_5m_btc_7 → Signal: 0 at None
2026-02-11 15:30:13,800 | INFO | execution_binance_main | sig_5m_btc_1 → Signal: 0 at None
2026-02-11 15:32:20,160 | INFO | execution_binance_main | Running strategy execution for timeframe: 5m
2026-02-11 15:32:20,160 | INFO | execution_binance_main | Waiting 160 seconds until next valid 5m time...
2026-02-11 15:35:00,169 | INFO | execution_binance_main | Current time 10:35:00 is valid for 5m execution.
2026-02-11 15:35:00,385 | INFO | execution_binance_main | Strategy sig_5m_btc_3 → Highest window value: 30
2026-02-11 15:35:00,385 | INFO | execution_binance_main | Strategy sig_5m_btc_4 → Highest window value: 30
2026-02-11 15:35:00,386 | INFO | execution_binance_main | Strategy sig_5m_btc_6 → Highest window value: 30
2026-02-11 15:35:00,387 | INFO | execution_binance_main | Strategy sig_5m_btc_7 → Highest window value: 30
2026-02-11 15:35:00,387 | INFO | execution_binance_main | Strategy sig_5m_btc_1 → Highest window value: 30
2026-02-11 15:35:00,387 | INFO | execution_binance_main | Required 1m candles: 150
2026-02-11 15:35:12,136 | INFO | execution_binance_main | Fetched 150 rows of 1m data.
2026-02-11 15:35:12,216 | INFO | execution_binance_main | Resampled to 30 rows of 5m data.
2026-02-11 15:35:12,302 | INFO | execution_binance_main | sig_5m_btc_3 → Signal: 0 at None
2026-02-11 15:35:12,305 | INFO | execution_binance_main | sig_5m_btc_4 → Signal: 0 at None
2026-02-11 15:35:12,305 | INFO | execution_binance_main | sig_5m_btc_6 → Signal: 0 at None
2026-02-11 15:35:12,306 | INFO | execution_binance_main | sig_5m_btc_7 → Signal: 0 at None
2026-02-11 15:35:12,306 | INFO | execution_binance_main | sig_5m_btc_1 → Signal: 0 at None
2026-02-11 15:37:17,878 | INFO | execution_binance_main | Running strategy execution for timeframe: 5m
2026-02-11 15:37:17,878 | INFO | execution_binance_main | Waiting 163 seconds until next valid 5m time...
2026-02-11 15:40:00,887 | INFO | execution_binance_main | Current time 10:40:00 is valid for 5m execution.
2026-02-11 15:40:01,080 | INFO | execution_binance_main | Strategy sig_5m_btc_3 → Highest window value: 30
2026-02-11 15:40:01,081 | INFO | execution_binance_main | Strategy sig_5m_btc_4 → Highest window value: 30
2026-02-11 15:40:01,081 | INFO | execution_binance_main | Strategy sig_5m_btc_6 → Highest window value: 30
2026-02-11 15:40:01,082 | INFO | execution_binance_main | Strategy sig_5m_btc_7 → Highest window value: 30
2026-02-11 15:40:01,082 | INFO | execution_binance_main | Strategy sig_5m_btc_1 → Highest window value: 30
2026-02-11 15:40:01,082 | INFO | execution_binance_main | Required 1m candles: 150
2026-02-11 15:40:09,807 | INFO | execution_binance_main | Fetched 150 rows of 1m data.
2026-02-11 15:40:09,860 | INFO | execution_binance_main | Resampled to 30 rows of 5m data.
2026-02-11 15:40:09,925 | INFO | execution_binance_main | sig_5m_btc_3 → Signal: 0 at None
2026-02-11 15:40:09,926 | INFO | execution_binance_main | sig_5m_btc_4 → Signal: 0 at None
2026-02-11 15:40:09,926 | INFO | execution_binance_main | sig_5m_btc_6 → Signal: 0 at None
2026-02-11 15:40:09,926 | INFO | execution_binance_main | sig_5m_btc_7 → Signal: 0 at None
2026-02-11 15:40:09,926 | INFO | execution_binance_main | sig_5m_btc_1 → Signal: 0 at None
2026-02-11 15:44:47,599 | INFO | execution_binance_main | Running strategy execution for timeframe: 5m
2026-02-11 15:44:47,599 | INFO | execution_binance_main | Waiting 13 seconds until next valid 5m time...
2026-02-11 15:45:00,620 | INFO | execution_binance_main | Current time 10:45:00 is valid for 5m execution.
2026-02-11 15:45:01,063 | INFO | execution_binance_main | Strategy sig_5m_btc_3 → Highest window value: 30
2026-02-11 15:45:01,063 | INFO | execution_binance_main | Strategy sig_5m_btc_4 → Highest window value: 30
2026-02-11 15:45:01,063 | INFO | execution_binance_main | Strategy sig_5m_btc_6 → Highest window value: 30
2026-02-11 15:45:01,063 | INFO | execution_binance_main | Strategy sig_5m_btc_7 → Highest window value: 30
2026-02-11 15:45:01,063 | INFO | execution_binance_main | Strategy sig_5m_btc_1 → Highest window value: 30
2026-02-11 15:45:01,063 | INFO | execution_binance_main | Required 1m candles: 150
2026-02-11 15:45:16,127 | INFO | execution_binance_main | Fetched 150 rows of 1m data.
2026-02-11 15:45:16,256 | INFO | execution_binance_main | Resampled to 30 rows of 5m data.
2026-02-11 15:45:17,291 | INFO | execution_binance_main | sig_5m_btc_3 → Signal: 0 at None
2026-02-11 15:45:17,291 | INFO | execution_binance_main | sig_5m_btc_4 → Signal: 0 at None
2026-02-11 15:45:17,292 | INFO | execution_binance_main | sig_5m_btc_6 → Signal: 0 at None
2026-02-11 15:45:17,292 | INFO | execution_binance_main | sig_5m_btc_7 → Signal: 0 at None
2026-02-11 15:45:17,292 | INFO | execution_binance_main | sig_5m_btc_1 → Signal: 0 at None
2026-02-11 16:05:10,555 | INFO | execution_binance_main | Running strategy execution for timeframe: 5m
2026-02-11 16:05:10,555 | INFO | execution_binance_main | Current time 11:05:10 is valid for 5m execution.
2026-02-11 16:05:11,076 | INFO | execution_binance_main | Strategy sig_5m_btc_3 → Highest window value: 30
2026-02-11 16:05:11,081 | INFO | execution_binance_main | Strategy sig_5m_btc_4 → Highest window value: 30
2026-02-11 16:05:11,081 | INFO | execution_binance_main | Strategy sig_5m_btc_6 → Highest window value: 30
2026-02-11 16:05:11,081 | INFO | execution_binance_main | Strategy sig_5m_btc_7 → Highest window value: 30
2026-02-11 16:05:11,083 | INFO | execution_binance_main | Strategy sig_5m_btc_1 → Highest window value: 30
2026-02-11 16:05:11,084 | INFO | execution_binance_main | Required 1m candles: 450
2026-02-11 16:05:28,315 | INFO | execution_binance_main | Fetched 450 rows of 1m data.
2026-02-11 16:05:28,404 | INFO | execution_binance_main | Resampled to 90 rows of 5m data.
2026-02-11 16:05:29,717 | INFO | execution_binance_main | sig_5m_btc_3 → Signal: -1 at 2026-02-11 05:00:00+00:00
2026-02-11 16:05:29,717 | INFO | execution_binance_main | sig_5m_btc_4 → Signal: -1 at 2026-02-11 05:00:00+00:00
2026-02-11 16:05:29,717 | INFO | execution_binance_main | sig_5m_btc_6 → Signal: -1 at 2026-02-11 05:00:00+00:00
2026-02-11 16:05:29,717 | INFO | execution_binance_main | sig_5m_btc_7 → Signal: -1 at 2026-02-11 05:00:00+00:00
2026-02-11 16:05:29,717 | INFO | execution_binance_main | sig_5m_btc_1 → Signal: -1 at 2026-02-11 05:00:00+00:00
2026-02-11 16:07:19,147 | INFO | execution_binance_main | Running strategy execution for timeframe: 15m
2026-02-11 16:07:19,147 | INFO | execution_binance_main | Waiting 461 seconds until next valid 15m time...
2026-02-11 16:15:00,242 | INFO | execution_binance_main | Current time 11:15:00 is valid for 15m execution.
2026-02-11 16:15:01,757 | INFO | execution_binance_main | Strategy sig_15m_btc_11 → Highest window value: 30
2026-02-11 16:15:01,757 | INFO | execution_binance_main | Strategy sig_15m_btc_9 → Highest window value: 30
2026-02-11 16:15:01,757 | INFO | execution_binance_main | Strategy sig_15m_btc_5 → Highest window value: 30
2026-02-11 16:15:01,757 | INFO | execution_binance_main | Strategy sig_15m_btc_4 → Highest window value: 30
2026-02-11 16:15:01,762 | INFO | execution_binance_main | Strategy sig_15m_btc_6 → Highest window value: 30
2026-02-11 16:15:01,762 | INFO | execution_binance_main | Required 1m candles: 1350
2026-02-11 16:15:18,991 | INFO | execution_binance_main | Fetched 1350 rows of 1m data.
2026-02-11 16:15:19,105 | INFO | execution_binance_main | Resampled to 90 rows of 15m data.
2026-02-11 16:15:20,851 | INFO | execution_binance_main | sig_15m_btc_11 → Signal: -1 at 2026-02-11 05:00:00+00:00
2026-02-11 16:15:20,851 | INFO | execution_binance_main | sig_15m_btc_9 → Signal: -1 at 2026-02-11 05:00:00+00:00
2026-02-11 16:15:20,853 | INFO | execution_binance_main | sig_15m_btc_5 → Signal: -1 at 2026-02-11 05:00:00+00:00
2026-02-11 16:15:20,853 | INFO | execution_binance_main | sig_15m_btc_4 → Signal: 0 at 2026-02-11 05:00:00+00:00
2026-02-11 16:15:20,856 | INFO | execution_binance_main | sig_15m_btc_6 → Signal: -1 at 2026-02-11 05:00:00+00:00
2026-02-11 16:18:12,130 | ERROR | execution_binance_main | Usage: python main.py <timeframe> (e.g., 1h, 15m, 5m)
2026-02-11 16:19:15,225 | INFO | execution_binance_main | Running strategy execution for timeframe: 5m
2026-02-11 16:19:15,225 | INFO | execution_binance_main | Waiting 45 seconds until next valid 5m time...
2026-02-11 16:20:00,236 | INFO | execution_binance_main | Current time 11:20:00 is valid for 5m execution.
2026-02-11 16:20:00,746 | INFO | execution_binance_main | Strategy sig_5m_btc_3 → Highest window value: 30
2026-02-11 16:20:00,746 | INFO | execution_binance_main | Strategy sig_5m_btc_4 → Highest window value: 30
2026-02-11 16:20:00,746 | INFO | execution_binance_main | Strategy sig_5m_btc_6 → Highest window value: 30
2026-02-11 16:20:00,751 | INFO | execution_binance_main | Strategy sig_5m_btc_7 → Highest window value: 30
2026-02-11 16:20:00,752 | INFO | execution_binance_main | Strategy sig_5m_btc_1 → Highest window value: 30
2026-02-11 16:20:00,752 | INFO | execution_binance_main | Required 1m candles: 450
2026-02-11 16:20:15,803 | INFO | execution_binance_main | Fetched 450 rows of 1m data.
2026-02-11 16:20:15,910 | INFO | execution_binance_main | Resampled to 90 rows of 5m data.
2026-02-11 16:20:16,002 | INFO | execution_binance_main | sig_5m_btc_3 → Signal: -1 at 2026-02-11 05:00:00+00:00
2026-02-11 16:20:16,006 | INFO | execution_binance_main | sig_5m_btc_4 → Signal: -1 at 2026-02-11 05:00:00+00:00
2026-02-11 16:20:16,006 | INFO | execution_binance_main | sig_5m_btc_6 → Signal: -1 at 2026-02-11 05:00:00+00:00
2026-02-11 16:20:16,006 | INFO | execution_binance_main | sig_5m_btc_7 → Signal: -1 at 2026-02-11 05:00:00+00:00
2026-02-11 16:20:16,006 | INFO | execution_binance_main | sig_5m_btc_1 → Signal: -1 at 2026-02-11 05:00:00+00:00
2026-02-11 16:22:28,077 | INFO | execution_binance_main | Running strategy execution for timeframe: 5m
2026-02-11 16:22:28,077 | INFO | execution_binance_main | Waiting 152 seconds until next valid 5m time...
2026-02-11 16:25:00,077 | INFO | execution_binance_main | Current time 11:25:00 is valid for 5m execution.
2026-02-11 16:25:00,529 | INFO | execution_binance_main | Strategy sig_5m_btc_3 → Highest window value: 30
2026-02-11 16:25:00,532 | INFO | execution_binance_main | Strategy sig_5m_btc_4 → Highest window value: 30
2026-02-11 16:25:00,532 | INFO | execution_binance_main | Strategy sig_5m_btc_6 → Highest window value: 30
2026-02-11 16:25:00,532 | INFO | execution_binance_main | Strategy sig_5m_btc_7 → Highest window value: 30
2026-02-11 16:25:00,535 | INFO | execution_binance_main | Strategy sig_5m_btc_1 → Highest window value: 30
2026-02-11 16:25:00,535 | INFO | execution_binance_main | Required 1m candles: 450
2026-02-11 16:25:16,411 | INFO | execution_binance_main | Fetched 450 rows of 1m data.
2026-02-11 16:25:16,505 | INFO | execution_binance_main | Resampled to 90 rows of 5m data.
2026-02-11 16:25:16,589 | INFO | execution_binance_main | sig_5m_btc_3 → Signal: -1 at 2026-02-11 05:00:00+00:00
2026-02-11 16:25:16,589 | INFO | execution_binance_main | sig_5m_btc_4 → Signal: -1 at 2026-02-11 05:00:00+00:00
2026-02-11 16:25:16,589 | INFO | execution_binance_main | sig_5m_btc_6 → Signal: -1 at 2026-02-11 05:00:00+00:00
2026-02-11 16:25:16,591 | INFO | execution_binance_main | sig_5m_btc_7 → Signal: -1 at 2026-02-11 05:00:00+00:00
2026-02-11 16:25:16,591 | INFO | execution_binance_main | sig_5m_btc_1 → Signal: -1 at 2026-02-11 05:00:00+00:00
