timestamp,open,high,low,close,volume
1767675840000,2.21,2.21,2.207,2.208,1292.19
1767675900000,2.209,2.211,2.209,2.211,4532.23
1767675960000,2.212,2.215,2.212,2.215,279.4
1767676020000,2.214,2.214,2.209,2.21,12547.51
1767676080000,2.21,2.212,2.209,2.211,4851.02
1767676140000,2.21,2.211,2.21,2.21,5414.01
1767676200000,2.21,2.211,2.21,2.211,2651.87
1767676260000,2.21,2.211,2.21,2.21,476.76
1767676320000,2.211,2.216,2.211,2.215,3316.65
1767676380000,2.215,2.218,2.215,2.217,2451.16
1767676440000,2.217,2.217,2.215,2.216,366.31
1767676500000,2.216,2.22,2.216,2.219,2391.52
1767676560000,2.219,2.219,2.218,2.218,688.2
1767676620000,2.219,2.219,2.218,2.219,1533.73
1767676680000,2.218,2.218,2.216,2.216,1809.07
1767676740000,2.217,2.219,2.216,2.219,2181.45
1767676800000,2.219,2.222,2.218,2.218,2274.64
1767676860000,2.218,2.218,2.217,2.217,841.81
1767676920000,2.216,2.216,2.215,2.215,1026.77
1767676980000,2.215,2.223,2.215,2.223,13125.42
1767677040000,2.223,2.224,2.219,2.22,3854.71
1767677100000,2.219,2.219,2.215,2.216,4954.18
1767677160000,2.216,2.216,2.214,2.215,158.99
1767677220000,2.215,2.215,2.215,2.215,7.4
1767677280000,2.215,2.218,2.215,2.218,1920.26
1767677340000,2.218,2.219,2.218,2.219,610.28
1767677400000,2.219,2.223,2.219,2.223,3455.03
1767677460000,2.223,2.227,2.223,2.226,5753.49
1767677520000,2.227,2.228,2.226,2.226,5137.6
1767677580000,2.227,2.227,2.222,2.223,922.0
1767677640000,2.222,2.222,2.22,2.22,199.33
1767677700000,2.22,2.221,2.218,2.22,4921.91
1767677760000,2.22,2.22,2.218,2.219,194.7
1767677820000,2.219,2.22,2.219,2.219,969.16
1767677880000,2.218,2.219,2.217,2.219,3034.06
1767677940000,2.219,2.221,2.218,2.221,1314.37
1767678000000,2.221,2.221,2.217,2.217,347.63
1767678060000,2.217,2.217,2.217,2.217,1591.71
1767678120000,2.217,2.217,2.216,2.216,388.06
1767678180000,2.216,2.223,2.216,2.223,7333.66
1767678240000,2.223,2.223,2.223,2.223,1439.75
1767678300000,2.222,2.222,2.219,2.219,588.31
1767678360000,2.22,2.222,2.22,2.221,2428.98
1767678420000,2.222,2.222,2.219,2.221,2511.96
1767678480000,2.221,2.221,2.214,2.216,1465.9
1767678540000,2.216,2.222,2.216,2.222,863.3
1767678600000,2.221,2.221,2.22,2.221,411.03
1767678660000,2.222,2.222,2.221,2.221,2344.94
1767678720000,2.221,2.221,2.22,2.221,983.93
1767678780000,2.22,2.22,2.218,2.219,2814.16
1767678840000,2.219,2.221,2.218,2.219,3115.78
1767678900000,2.219,2.219,2.212,2.213,12901.49
1767678960000,2.213,2.213,2.212,2.212,237.16
1767679020000,2.212,2.213,2.212,2.213,3711.2
1767679080000,2.213,2.213,2.211,2.211,4057.63
1767679140000,2.211,2.212,2.211,2.211,2131.88
1767679200000,2.211,2.212,2.207,2.212,4460.09
1767679260000,2.212,2.215,2.212,2.215,5066.45
1767679320000,2.215,2.215,2.214,2.214,12404.81
1767679380000,2.214,2.214,2.212,2.212,21210.54
1767679440000,2.213,2.216,2.213,2.216,1582.39
1767679500000,2.216,2.217,2.212,2.212,1552.67
1767679560000,2.213,2.214,2.213,2.214,67.46
1767679620000,2.215,2.215,2.214,2.214,147.88
1767679680000,2.214,2.214,2.214,2.214,31.19
1767679740000,2.213,2.213,2.212,2.213,2025.77
1767679800000,2.213,2.214,2.213,2.214,2528.91
1767679860000,2.214,2.217,2.214,2.217,1195.93
1767679920000,2.218,2.22,2.217,2.217,4929.94
1767679980000,2.216,2.217,2.214,2.214,294.99
1767680040000,2.214,2.214,2.213,2.214,530.18
1767680100000,2.214,2.214,2.21,2.21,3922.43
1767680160000,2.21,2.211,2.21,2.211,919.63
1767680220000,2.211,2.212,2.21,2.211,4737.54
1767680280000,2.21,2.211,2.209,2.209,4316.7
1767680340000,2.209,2.209,2.199,2.201,26203.51
1767680400000,2.201,2.204,2.201,2.204,6963.4
1767680460000,2.203,2.205,2.203,2.204,3863.0
1767680520000,2.204,2.206,2.204,2.204,4474.95
1767680580000,2.204,2.207,2.204,2.207,4170.63
1767680640000,2.208,2.209,2.206,2.207,10117.53
1767680700000,2.208,2.209,2.207,2.209,4307.07
1767680760000,2.21,2.213,2.209,2.212,5283.21
1767680820000,2.211,2.215,2.211,2.215,2933.78
1767680880000,2.216,2.216,2.214,2.215,4730.61
1767680940000,2.216,2.216,2.215,2.216,1833.33
1767681000000,2.216,2.22,2.216,2.219,1447.78
1767681060000,2.22,2.224,2.219,2.219,8724.84
1767681120000,2.219,2.223,2.219,2.223,2252.24
1767681180000,2.223,2.225,2.223,2.224,2121.53
1767681240000,2.225,2.229,2.224,2.229,16690.55
1767681300000,2.228,2.228,2.224,2.224,2197.39
1767681360000,2.225,2.225,2.222,2.223,4632.28
1767681420000,2.223,2.227,2.223,2.226,7916.32
1767681480000,2.227,2.228,2.226,2.227,665.82
1767681540000,2.228,2.236,2.228,2.235,48625.26
1767681600000,2.234,2.242,2.232,2.237,38000.97
1767681660000,2.237,2.238,2.233,2.236,9371.68
1767681720000,2.236,2.237,2.235,2.236,7829.36
1767681780000,2.235,2.242,2.235,2.239,32578.89
1767681840000,2.239,2.246,2.237,2.245,27864.73
1767681900000,2.244,2.246,2.239,2.245,30827.8
1767681960000,2.244,2.245,2.239,2.245,20347.81
1767682020000,2.244,2.244,2.237,2.24,12052.11
1767682080000,2.24,2.243,2.238,2.24,24690.24
1767682140000,2.24,2.241,2.237,2.239,5619.92
1767682200000,2.238,2.24,2.238,2.24,14655.32
1767682260000,2.239,2.239,2.236,2.238,23563.59
1767682320000,2.237,2.239,2.236,2.237,976.5
1767682380000,2.236,2.238,2.236,2.237,705.95
1767682440000,2.236,2.238,2.236,2.238,569.15
1767682500000,2.237,2.238,2.236,2.238,1733.88
1767682560000,2.237,2.237,2.237,2.237,2266.7
1767682620000,2.236,2.237,2.236,2.237,253.83
1767682680000,2.238,2.238,2.236,2.236,477.08
1767682740000,2.235,2.235,2.234,2.234,765.45
1767682800000,2.234,2.235,2.233,2.235,2961.42
1767682860000,2.234,2.234,2.234,2.234,170.83
1767682920000,2.233,2.235,2.232,2.234,1409.16
1767682980000,2.233,2.233,2.231,2.231,2315.39
1767683040000,2.231,2.232,2.228,2.228,6137.72
1767683100000,2.229,2.231,2.229,2.229,557.78
1767683160000,2.228,2.229,2.228,2.229,621.76
1767683220000,2.228,2.228,2.225,2.226,1370.91
1767683280000,2.226,2.226,2.224,2.225,4944.24
1767683340000,2.224,2.226,2.224,2.226,1871.99
1767683400000,2.224,2.226,2.224,2.225,2330.71
1767683460000,2.225,2.225,2.222,2.223,4911.01
1767683520000,2.222,2.222,2.218,2.221,8927.84
1767683580000,2.221,2.221,2.219,2.219,2953.15
1767683640000,2.218,2.218,2.218,2.218,2177.96
1767683700000,2.218,2.222,2.218,2.22,964.66
1767683760000,2.22,2.222,2.22,2.222,1436.27
1767683820000,2.221,2.222,2.22,2.22,2177.99
1767683880000,2.221,2.221,2.219,2.219,1816.28
1767683940000,2.218,2.221,2.218,2.221,744.53
1767684000000,2.221,2.221,2.22,2.22,1422.1
1767684060000,2.219,2.22,2.218,2.218,782.02
1767684120000,2.218,2.22,2.216,2.217,1868.24
1767684180000,2.216,2.216,2.209,2.209,14684.06
1767684240000,2.209,2.21,2.203,2.205,10508.69
1767684300000,2.204,2.207,2.203,2.207,6490.21
1767684360000,2.206,2.208,2.206,2.207,3920.07
1767684420000,2.206,2.208,2.206,2.207,4598.49
1767684480000,2.206,2.208,2.205,2.205,2336.71
1767684540000,2.206,2.206,2.204,2.205,3398.48
1767684600000,2.204,2.206,2.199,2.2,18236.63
1767684660000,2.2,2.2,2.198,2.2,3518.4
1767684720000,2.199,2.2,2.199,2.2,6164.89
1767684780000,2.2,2.2,2.197,2.197,5140.63
1767684840000,2.197,2.199,2.197,2.198,2708.25
1767684900000,2.198,2.198,2.197,2.198,230.0
1767684960000,2.197,2.199,2.197,2.199,5310.14
1767685020000,2.198,2.198,2.196,2.198,13794.04
1767685080000,2.197,2.197,2.194,2.196,6570.45
1767685140000,2.196,2.196,2.19,2.19,27442.34
1767685200000,2.191,2.192,2.19,2.191,4023.79
1767685260000,2.191,2.195,2.188,2.194,26997.21
1767685320000,2.194,2.196,2.194,2.194,4010.92
1767685380000,2.194,2.196,2.194,2.195,7584.96
1767685440000,2.196,2.196,2.195,2.195,2373.8
1767685500000,2.196,2.196,2.192,2.192,2620.86
1767685560000,2.191,2.191,2.189,2.189,9209.69
1767685620000,2.188,2.189,2.185,2.189,10156.87
1767685680000,2.19,2.191,2.189,2.189,131.52
1767685740000,2.189,2.189,2.186,2.186,1543.33
1767685800000,2.186,2.187,2.183,2.184,8763.59
1767685860000,2.184,2.186,2.179,2.186,22036.14
1767685920000,2.186,2.187,2.185,2.187,10000.55
1767685980000,2.187,2.191,2.187,2.191,7393.55
1767686040000,2.191,2.192,2.19,2.191,2991.32
1767686100000,2.191,2.193,2.189,2.189,3860.92
1767686160000,2.19,2.191,2.189,2.19,1115.57
1767686220000,2.189,2.189,2.187,2.188,2483.23
1767686280000,2.187,2.188,2.187,2.188,569.54
1767686340000,2.187,2.188,2.186,2.188,359.92
1767686400000,2.188,2.19,2.188,2.189,1380.67
1767686460000,2.19,2.19,2.187,2.187,1384.92
1767686520000,2.188,2.195,2.188,2.194,5350.65
1767686580000,2.194,2.197,2.194,2.197,9956.41
1767686640000,2.196,2.197,2.194,2.197,4849.05
1767686700000,2.198,2.199,2.197,2.199,3218.05
1767686760000,2.2,2.206,2.199,2.204,6256.0
1767686820000,2.205,2.207,2.204,2.206,2282.85
1767686880000,2.206,2.207,2.204,2.207,1390.08
1767686940000,2.207,2.207,2.203,2.204,869.79
1767687000000,2.204,2.204,2.201,2.201,2654.05
1767687060000,2.202,2.206,2.202,2.206,1359.98
1767687120000,2.206,2.206,2.202,2.202,505.25
1767687180000,2.203,2.203,2.202,2.203,521.12
1767687240000,2.203,2.203,2.199,2.2,13493.16
1767687300000,2.202,2.202,2.199,2.2,3158.87
1767687360000,2.199,2.199,2.196,2.198,2204.91
1767687420000,2.199,2.202,2.199,2.2,1229.29
1767687480000,2.199,2.199,2.195,2.195,4056.28
1767687540000,2.197,2.198,2.195,2.196,978.41
1767687600000,2.197,2.202,2.197,2.202,14708.04
1767687660000,2.201,2.202,2.198,2.198,1500.32
1767687720000,2.197,2.197,2.193,2.194,2344.6
1767687780000,2.194,2.195,2.194,2.194,1773.19
1767687840000,2.194,2.194,2.193,2.193,4442.89
1767687900000,2.193,2.194,2.193,2.194,4048.58
1767687960000,2.195,2.195,2.187,2.187,4738.71
1767688020000,2.188,2.188,2.187,2.188,842.14
1767688080000,2.187,2.187,2.185,2.187,1289.22
1767688140000,2.188,2.191,2.188,2.191,673.54
1767688200000,2.189,2.19,2.186,2.187,2412.9
1767688260000,2.187,2.187,2.184,2.186,5051.33
1767688320000,2.187,2.193,2.187,2.191,2054.39
1767688380000,2.191,2.192,2.191,2.191,11.54
1767688440000,2.19,2.19,2.19,2.19,3.42
1767688500000,2.191,2.191,2.188,2.189,4991.39
1767688560000,2.189,2.189,2.188,2.189,928.24
1767688620000,2.189,2.19,2.189,2.19,6792.55
1767688680000,2.19,2.191,2.189,2.191,1472.73
1767688740000,2.191,2.192,2.19,2.19,4326.88
1767688800000,2.19,2.19,2.189,2.189,6394.65
1767688860000,2.189,2.191,2.189,2.191,904.62
1767688920000,2.191,2.193,2.191,2.192,8721.06
1767688980000,2.192,2.194,2.192,2.194,3567.47
1767689040000,2.195,2.195,2.191,2.191,5084.09
1767689100000,2.192,2.192,2.192,2.192,4820.79
1767689160000,2.191,2.191,2.19,2.19,4714.91
1767689220000,2.189,2.189,2.187,2.187,9167.94
1767689280000,2.188,2.189,2.188,2.188,2735.9
1767689340000,2.189,2.191,2.189,2.191,2519.89
1767689400000,2.191,2.191,2.189,2.19,2118.3
1767689460000,2.19,2.191,2.19,2.191,625.42
1767689520000,2.191,2.191,2.191,2.191,2893.66
1767689580000,2.191,2.194,2.19,2.194,3052.45
1767689640000,2.195,2.197,2.193,2.193,1113.94
1767689700000,2.193,2.195,2.192,2.192,2796.53
1767689760000,2.192,2.193,2.191,2.191,1752.74
1767689820000,2.191,2.192,2.19,2.192,2919.28
1767689880000,2.192,2.192,2.19,2.191,2106.06
1767689940000,2.192,2.193,2.19,2.19,7197.57
1767690000000,2.191,2.191,2.187,2.187,3790.93
1767690060000,2.188,2.191,2.188,2.191,3378.49
1767690120000,2.191,2.195,2.191,2.195,1837.53
1767690180000,2.194,2.198,2.194,2.198,10765.12
1767690240000,2.198,2.199,2.197,2.198,1240.55
1767690300000,2.198,2.201,2.198,2.201,6828.08
1767690360000,2.201,2.203,2.201,2.203,3456.07
1767690420000,2.202,2.202,2.2,2.2,5294.96
1767690480000,2.2,2.2,2.194,2.195,2986.33
1767690540000,2.194,2.194,2.191,2.192,3715.74
1767690600000,2.192,2.193,2.192,2.193,1100.23
1767690660000,2.193,2.193,2.192,2.193,2085.54
1767690720000,2.194,2.196,2.194,2.195,2562.32
1767690780000,2.195,2.196,2.194,2.195,6165.47
1767690840000,2.194,2.194,2.193,2.193,6314.15
1767690900000,2.194,2.197,2.194,2.197,7019.06
1767690960000,2.197,2.199,2.197,2.199,2650.05
1767691020000,2.199,2.199,2.196,2.197,10004.61
1767691080000,2.197,2.198,2.196,2.197,9315.2
1767691140000,2.197,2.197,2.196,2.196,3055.64
1767691200000,2.196,2.197,2.196,2.197,4471.12
1767691260000,2.197,2.199,2.197,2.197,6776.31
1767691320000,2.197,2.198,2.194,2.195,8332.72
1767691380000,2.195,2.197,2.195,2.196,7357.96
1767691440000,2.197,2.198,2.196,2.196,6599.58
1767691500000,2.197,2.197,2.194,2.195,3330.6
1767691560000,2.195,2.196,2.195,2.196,1579.62
1767691620000,2.196,2.196,2.194,2.196,2916.4
1767691680000,2.195,2.195,2.193,2.193,2077.93
1767691740000,2.194,2.194,2.191,2.191,1324.14
1767691800000,2.192,2.193,2.191,2.192,7419.99
1767691860000,2.191,2.192,2.191,2.192,189.2
1767691920000,2.191,2.192,2.19,2.19,16551.8
1767691980000,2.191,2.193,2.19,2.193,61534.21
1767692040000,2.192,2.193,2.192,2.192,1864.46
1767692100000,2.193,2.193,2.191,2.191,537.4
1767692160000,2.19,2.19,2.189,2.19,2834.93
1767692220000,2.19,2.191,2.189,2.19,725.44
1767692280000,2.191,2.191,2.188,2.19,160.12
1767692340000,2.189,2.189,2.188,2.189,3174.19
1767692400000,2.189,2.191,2.189,2.191,1041.17
1767692460000,2.192,2.193,2.191,2.193,1474.24
1767692520000,2.192,2.192,2.19,2.192,441.67
1767692580000,2.193,2.194,2.193,2.194,141.37
1767692640000,2.193,2.193,2.193,2.193,147.03
1767692700000,2.192,2.192,2.191,2.192,112.23
1767692760000,2.192,2.194,2.191,2.194,3210.98
1767692820000,2.193,2.193,2.192,2.193,936.18
1767692880000,2.193,2.193,2.192,2.193,2811.37
1767692940000,2.192,2.194,2.192,2.194,4603.38
1767693000000,2.193,2.193,2.192,2.193,526.66
1767693060000,2.193,2.194,2.193,2.193,1007.71
1767693120000,2.192,2.193,2.191,2.192,1503.55
1767693180000,2.191,2.191,2.191,2.191,179.96
1767693240000,2.191,2.194,2.19,2.191,4302.46
1767693300000,2.191,2.192,2.19,2.19,809.33
1767693360000,2.191,2.193,2.191,2.191,933.5
1767693420000,2.19,2.19,2.187,2.187,842.56
1767693480000,2.188,2.19,2.187,2.19,4853.08
1767693540000,2.189,2.189,2.187,2.187,4061.35
1767693600000,2.187,2.188,2.186,2.187,5093.7
1767693660000,2.187,2.187,2.183,2.184,7198.25
1767693720000,2.184,2.187,2.183,2.187,6129.97
1767693780000,2.188,2.188,2.187,2.188,4827.95
1767693840000,2.188,2.193,2.188,2.193,4852.21
1767693900000,2.192,2.192,2.189,2.189,2121.27
1767693960000,2.189,2.189,2.185,2.186,31233.95
1767694020000,2.186,2.188,2.185,2.187,1974.47
1767694080000,2.187,2.189,2.187,2.187,902.09
1767694140000,2.188,2.198,2.185,2.198,48060.88
1767694200000,2.197,2.197,2.195,2.196,8968.86
1767694260000,2.196,2.201,2.195,2.197,21216.44
1767694320000,2.197,2.199,2.197,2.199,1324.19
1767694380000,2.198,2.199,2.198,2.199,1484.03
1767694440000,2.199,2.199,2.196,2.196,944.04
1767694500000,2.197,2.197,2.196,2.197,1379.35
1767694560000,2.198,2.198,2.194,2.194,5378.88
1767694620000,2.193,2.194,2.193,2.194,295.73
1767694680000,2.193,2.193,2.192,2.192,291.07
1767694740000,2.193,2.193,2.189,2.189,4475.61
1767694800000,2.189,2.189,2.184,2.186,6486.08
1767694860000,2.187,2.189,2.186,2.189,3052.85
1767694920000,2.188,2.188,2.186,2.187,3436.32
1767694980000,2.187,2.189,2.187,2.189,1379.6
1767695040000,2.189,2.191,2.189,2.189,2108.57
1767695100000,2.189,2.192,2.189,2.192,3406.21
1767695160000,2.192,2.192,2.189,2.191,5069.66
1767695220000,2.192,2.192,2.191,2.192,1158.47
1767695280000,2.192,2.194,2.192,2.194,775.79
1767695340000,2.193,2.194,2.193,2.193,2815.38
1767695400000,2.193,2.193,2.191,2.191,4288.17
1767695460000,2.192,2.196,2.192,2.194,3041.49
1767695520000,2.194,2.196,2.194,2.196,2304.92
1767695580000,2.196,2.199,2.196,2.199,264.21
1767695640000,2.2,2.201,2.199,2.201,5538.62
1767695700000,2.2,2.202,2.2,2.202,548.07
1767695760000,2.201,2.201,2.2,2.201,4750.41
1767695820000,2.201,2.202,2.2,2.202,3251.03
1767695880000,2.202,2.203,2.201,2.202,10051.27
1767695940000,2.202,2.203,2.202,2.203,1220.7
1767696000000,2.203,2.205,2.201,2.204,13909.34
1767696060000,2.204,2.205,2.204,2.205,2772.24
1767696120000,2.205,2.208,2.205,2.207,6371.36
1767696180000,2.207,2.208,2.207,2.207,532.68
1767696240000,2.207,2.208,2.207,2.208,3320.48
1767696300000,2.207,2.207,2.206,2.206,3239.51
1767696360000,2.206,2.206,2.206,2.206,365.53
1767696420000,2.206,2.208,2.206,2.208,704.31
1767696480000,2.207,2.21,2.207,2.209,4951.65
1767696540000,2.209,2.21,2.208,2.209,4081.17
1767696600000,2.209,2.209,2.205,2.207,8077.94
1767696660000,2.207,2.208,2.206,2.208,4097.26
1767696720000,2.208,2.209,2.207,2.209,3075.58
1767696780000,2.208,2.211,2.208,2.21,5467.08
1767696840000,2.209,2.21,2.208,2.208,4301.89
1767696900000,2.208,2.209,2.208,2.209,109.04
1767696960000,2.209,2.209,2.207,2.207,8863.3
1767697020000,2.208,2.209,2.208,2.209,880.53
1767697080000,2.208,2.208,2.206,2.208,2027.87
1767697140000,2.207,2.208,2.207,2.208,658.02
1767697200000,2.208,2.208,2.206,2.206,1353.74
1767697260000,2.207,2.207,2.204,2.207,6063.36
1767697320000,2.207,2.212,2.207,2.212,16648.45
1767697380000,2.211,2.213,2.211,2.213,2701.8
1767697440000,2.212,2.214,2.212,2.213,14907.29
1767697500000,2.213,2.213,2.208,2.208,1331.96
1767697560000,2.208,2.212,2.208,2.211,1895.29
1767697620000,2.211,2.211,2.21,2.21,289.08
1767697680000,2.209,2.212,2.209,2.211,2275.24
1767697740000,2.211,2.213,2.211,2.212,850.37
1767697800000,2.213,2.215,2.213,2.214,2748.77
1767697860000,2.214,2.215,2.214,2.215,628.78
1767697920000,2.215,2.216,2.215,2.216,978.36
1767697980000,2.216,2.217,2.216,2.217,2665.99
1767698040000,2.217,2.217,2.214,2.214,5973.6
1767698100000,2.213,2.213,2.211,2.212,170.83
1767698160000,2.212,2.213,2.212,2.213,336.34
1767698220000,2.213,2.213,2.208,2.209,3677.64
1767698280000,2.209,2.211,2.209,2.211,981.19
1767698340000,2.212,2.213,2.211,2.211,1748.08
1767698400000,2.211,2.212,2.211,2.211,466.75
1767698460000,2.211,2.212,2.211,2.212,504.94
1767698520000,2.211,2.214,2.211,2.214,6086.78
1767698580000,2.215,2.215,2.215,2.215,557.95
1767698640000,2.215,2.215,2.211,2.212,4172.1
1767698700000,2.212,2.215,2.212,2.215,29112.67
1767698760000,2.215,2.215,2.214,2.214,3612.85
1767698820000,2.215,2.217,2.215,2.217,657.71
1767698880000,2.216,2.218,2.216,2.216,2439.09
1767698940000,2.217,2.218,2.217,2.217,3040.89
1767699000000,2.217,2.217,2.213,2.213,5085.14
1767699060000,2.214,2.217,2.214,2.215,1254.93
1767699120000,2.216,2.217,2.213,2.214,2948.72
1767699180000,2.214,2.216,2.214,2.214,674.76
1767699240000,2.214,2.216,2.214,2.214,9964.69
1767699300000,2.214,2.215,2.212,2.215,599.4
1767699360000,2.215,2.216,2.215,2.215,528.98
1767699420000,2.216,2.217,2.215,2.215,2447.53
1767699480000,2.215,2.219,2.215,2.219,1615.47
1767699540000,2.219,2.22,2.218,2.218,1980.69
1767699600000,2.219,2.219,2.217,2.217,806.68
1767699660000,2.216,2.216,2.216,2.216,76.36
1767699720000,2.216,2.218,2.216,2.217,1861.61
1767699780000,2.217,2.217,2.217,2.217,172.07
1767699840000,2.216,2.22,2.216,2.22,4616.18
1767699900000,2.22,2.222,2.22,2.221,28108.82
1767699960000,2.222,2.222,2.22,2.22,397.33
1767700020000,2.22,2.221,2.218,2.218,2997.03
1767700080000,2.219,2.22,2.219,2.22,742.97
1767700140000,2.221,2.224,2.221,2.224,10796.28
1767700200000,2.224,2.225,2.223,2.224,4522.46
1767700260000,2.223,2.224,2.223,2.224,778.84
1767700320000,2.224,2.224,2.219,2.221,954.84
1767700380000,2.22,2.221,2.22,2.22,67.22
1767700440000,2.219,2.22,2.219,2.22,402.1
1767700500000,2.22,2.22,2.217,2.217,952.2
1767700560000,2.217,2.22,2.217,2.218,1555.18
1767700620000,2.219,2.221,2.219,2.22,2909.2
1767700680000,2.22,2.22,2.218,2.218,162.66
1767700740000,2.219,2.22,2.218,2.22,836.2
1767700800000,2.219,2.219,2.218,2.219,366.08
1767700860000,2.219,2.22,2.218,2.22,2458.56
1767700920000,2.22,2.224,2.219,2.224,1387.95
1767700980000,2.223,2.223,2.219,2.219,1579.4
1767701040000,2.219,2.22,2.219,2.22,3556.27
1767701100000,2.219,2.22,2.219,2.219,1081.08
1767701160000,2.219,2.229,2.219,2.228,9838.92
1767701220000,2.227,2.229,2.226,2.229,9868.88
1767701280000,2.229,2.229,2.221,2.223,25593.82
1767701340000,2.224,2.225,2.224,2.225,5402.02
1767701400000,2.225,2.226,2.225,2.225,69.81
1767701460000,2.226,2.228,2.226,2.227,3133.05
1767701520000,2.226,2.23,2.226,2.229,7941.45
1767701580000,2.229,2.23,2.229,2.23,1859.46
1767701640000,2.23,2.231,2.23,2.23,5918.93
1767701700000,2.23,2.23,2.228,2.228,6882.75
1767701760000,2.229,2.231,2.229,2.231,1265.94
1767701820000,2.231,2.233,2.231,2.232,16326.38
1767701880000,2.232,2.234,2.231,2.231,21173.26
1767701940000,2.232,2.236,2.232,2.236,7876.74
1767702000000,2.236,2.239,2.236,2.237,18382.65
1767702060000,2.237,2.237,2.233,2.235,2655.33
1767702120000,2.235,2.235,2.234,2.234,4776.07
1767702180000,2.233,2.235,2.233,2.235,987.58
1767702240000,2.236,2.236,2.235,2.236,3485.33
1767702300000,2.236,2.237,2.236,2.237,2879.33
1767702360000,2.236,2.236,2.233,2.235,37883.78
1767702420000,2.236,2.24,2.236,2.24,10566.56
1767702480000,2.239,2.24,2.238,2.238,5772.86
1767702540000,2.238,2.24,2.236,2.238,4499.4
1767702600000,2.238,2.242,2.238,2.241,7053.74
1767702660000,2.241,2.242,2.24,2.241,9199.12
1767702720000,2.241,2.242,2.239,2.241,6002.61
1767702780000,2.241,2.242,2.24,2.241,4954.3
1767702840000,2.241,2.243,2.241,2.243,3264.31
1767702900000,2.242,2.244,2.24,2.24,14859.4
1767702960000,2.24,2.242,2.24,2.241,4397.76
1767703020000,2.241,2.241,2.24,2.241,3276.19
1767703080000,2.241,2.241,2.238,2.239,12541.95
1767703140000,2.239,2.24,2.235,2.235,9032.45
1767703200000,2.235,2.241,2.235,2.238,8263.68
1767703260000,2.238,2.238,2.236,2.236,2575.68
1767703320000,2.236,2.237,2.235,2.235,1660.36
1767703380000,2.236,2.238,2.236,2.238,746.21
1767703440000,2.238,2.24,2.237,2.238,2115.77
1767703500000,2.238,2.24,2.238,2.239,2350.88
1767703560000,2.239,2.239,2.238,2.238,874.82
1767703620000,2.238,2.238,2.237,2.238,3061.22
1767703680000,2.238,2.238,2.237,2.237,2190.1
1767703740000,2.237,2.239,2.237,2.239,1301.45
1767703800000,2.239,2.243,2.239,2.243,5703.63
1767703860000,2.242,2.243,2.241,2.242,5052.87
1767703920000,2.241,2.244,2.241,2.244,7939.34
1767703980000,2.244,2.245,2.242,2.245,13831.15
1767704040000,2.245,2.248,2.244,2.247,13603.0
1767704100000,2.248,2.248,2.239,2.239,24586.0
1767704160000,2.24,2.243,2.24,2.243,3716.3
1767704220000,2.242,2.242,2.239,2.24,5738.88
1767704280000,2.239,2.241,2.239,2.24,7712.74
1767704340000,2.24,2.24,2.238,2.239,2783.4
1767704400000,2.239,2.239,2.234,2.238,6531.24
1767704460000,2.238,2.24,2.236,2.237,2793.6
1767704520000,2.237,2.24,2.237,2.238,3970.86
1767704580000,2.237,2.239,2.236,2.237,2881.9
1767704640000,2.237,2.238,2.234,2.234,5992.89
1767704700000,2.233,2.234,2.23,2.23,8819.08
1767704760000,2.231,2.233,2.231,2.233,13564.43
1767704820000,2.232,2.233,2.23,2.23,7168.62
1767704880000,2.229,2.229,2.221,2.222,56109.12
1767704940000,2.221,2.228,2.221,2.224,20777.63
1767705000000,2.224,2.226,2.222,2.222,10360.33
1767705060000,2.223,2.227,2.222,2.227,7054.74
1767705120000,2.226,2.227,2.225,2.226,1960.21
1767705180000,2.226,2.231,2.226,2.23,5093.52
1767705240000,2.231,2.236,2.23,2.236,15272.85
1767705300000,2.235,2.239,2.233,2.234,17362.66
1767705360000,2.233,2.235,2.233,2.234,5152.75
1767705420000,2.234,2.234,2.225,2.229,26759.54
1767705480000,2.228,2.23,2.227,2.23,14379.51
1767705540000,2.231,2.233,2.23,2.23,7042.64
1767705600000,2.229,2.232,2.229,2.232,11272.65
1767705660000,2.232,2.234,2.231,2.234,3663.18
1767705720000,2.234,2.235,2.233,2.235,8611.1
1767705780000,2.236,2.236,2.23,2.232,66152.48
1767705840000,2.231,2.233,2.229,2.23,17945.12
1767705900000,2.23,2.231,2.229,2.23,5309.8
1767705960000,2.229,2.23,2.227,2.229,5865.72
1767706020000,2.228,2.228,2.227,2.228,2074.0
1767706080000,2.229,2.23,2.229,2.229,504.22
1767706140000,2.229,2.231,2.227,2.231,1290.05
1767706200000,2.231,2.231,2.23,2.23,2403.95
1767706260000,2.23,2.237,2.23,2.237,6839.55
1767706320000,2.238,2.238,2.237,2.237,2325.05
1767706380000,2.236,2.236,2.232,2.232,709.4
1767706440000,2.233,2.234,2.231,2.231,1088.91
1767706500000,2.231,2.231,2.229,2.229,1200.49
1767706560000,2.231,2.231,2.229,2.229,128.73
1767706620000,2.23,2.23,2.228,2.23,3507.4
1767706680000,2.231,2.234,2.231,2.232,6975.52
1767706740000,2.232,2.232,2.23,2.231,2036.17
1767706800000,2.231,2.232,2.229,2.231,3702.98
1767706860000,2.231,2.234,2.231,2.234,1699.26
1767706920000,2.233,2.235,2.232,2.233,4856.84
1767706980000,2.233,2.235,2.233,2.235,824.27
1767707040000,2.234,2.234,2.233,2.233,841.82
1767707100000,2.234,2.235,2.233,2.234,5230.75
1767707160000,2.233,2.233,2.227,2.227,9730.09
1767707220000,2.228,2.229,2.227,2.227,4451.51
1767707280000,2.227,2.228,2.223,2.224,7698.9
1767707340000,2.225,2.226,2.224,2.226,983.58
1767707400000,2.226,2.228,2.224,2.227,19067.57
1767707460000,2.227,2.23,2.226,2.23,2525.43
1767707520000,2.23,2.23,2.228,2.229,1351.26
1767707580000,2.229,2.231,2.228,2.231,1196.05
1767707640000,2.231,2.232,2.23,2.23,1321.68
1767707700000,2.231,2.231,2.229,2.231,880.98
1767707760000,2.231,2.232,2.23,2.231,1280.91
1767707820000,2.231,2.231,2.23,2.23,28.52
1767707880000,2.23,2.23,2.23,2.23,877.24
1767707940000,2.23,2.23,2.226,2.226,2502.48
1767708000000,2.226,2.228,2.226,2.228,2174.02
1767708060000,2.227,2.229,2.226,2.227,10006.01
1767708120000,2.228,2.228,2.225,2.225,3354.08
1767708180000,2.225,2.227,2.225,2.227,537.13
1767708240000,2.228,2.231,2.228,2.23,1541.53
1767708300000,2.229,2.23,2.228,2.23,6480.19
1767708360000,2.231,2.234,2.23,2.234,4658.97
1767708420000,2.233,2.238,2.232,2.238,6342.93
1767708480000,2.237,2.238,2.235,2.238,8061.07
1767708540000,2.238,2.238,2.235,2.236,3534.0
1767708600000,2.236,2.239,2.236,2.238,3912.97
1767708660000,2.239,2.243,2.239,2.242,7954.95
1767708720000,2.242,2.255,2.242,2.246,66863.36
1767708780000,2.248,2.251,2.247,2.251,8491.78
1767708840000,2.25,2.251,2.246,2.249,10557.1
1767708900000,2.25,2.257,2.25,2.256,8047.38
1767708960000,2.255,2.26,2.255,2.257,9601.49
1767709020000,2.257,2.259,2.257,2.257,5065.12
1767709080000,2.257,2.258,2.251,2.251,11880.46
1767709140000,2.251,2.258,2.251,2.256,8078.16
1767709200000,2.256,2.258,2.253,2.257,12674.94
1767709260000,2.257,2.258,2.256,2.256,17890.23
1767709320000,2.256,2.256,2.254,2.254,3418.03
1767709380000,2.255,2.258,2.254,2.255,31229.41
1767709440000,2.256,2.263,2.253,2.259,39944.13
1767709500000,2.258,2.259,2.252,2.255,16201.49
1767709560000,2.255,2.255,2.251,2.254,8288.28
1767709620000,2.254,2.259,2.253,2.258,18584.61
1767709680000,2.258,2.26,2.257,2.258,7016.35
1767709740000,2.259,2.26,2.258,2.26,5840.97
1767709800000,2.261,2.261,2.255,2.256,12102.29
1767709860000,2.256,2.257,2.251,2.251,6550.09
1767709920000,2.252,2.253,2.245,2.25,16049.67
1767709980000,2.251,2.254,2.251,2.254,4678.34
1767710040000,2.255,2.258,2.249,2.251,16431.54
1767710100000,2.251,2.253,2.248,2.252,11921.23
1767710160000,2.252,2.255,2.251,2.253,14333.51
1767710220000,2.253,2.254,2.245,2.245,23727.51
1767710280000,2.246,2.251,2.244,2.25,20712.4
1767710340000,2.25,2.254,2.249,2.25,12788.46
1767710400000,2.251,2.254,2.246,2.246,45065.15
1767710460000,2.246,2.248,2.244,2.247,13262.53
1767710520000,2.246,2.248,2.243,2.248,6025.57
1767710580000,2.247,2.249,2.234,2.237,20457.52
1767710640000,2.238,2.238,2.234,2.236,16410.58
1767710700000,2.236,2.236,2.23,2.233,19386.78
1767710760000,2.234,2.237,2.232,2.235,8065.08
1767710820000,2.235,2.235,2.224,2.225,19761.15
1767710880000,2.225,2.225,2.214,2.218,46228.14
1767710940000,2.217,2.225,2.211,2.225,43400.13
1767711000000,2.224,2.23,2.224,2.23,13663.88
1767711060000,2.229,2.229,2.224,2.225,15310.64
1767711120000,2.225,2.226,2.213,2.214,42257.96
1767711180000,2.214,2.214,2.211,2.211,17640.62
1767711240000,2.211,2.218,2.211,2.216,9214.55
1767711300000,2.217,2.217,2.211,2.211,10230.15
1767711360000,2.21,2.211,2.208,2.209,26232.4
1767711420000,2.209,2.213,2.209,2.213,29694.42
1767711480000,2.212,2.219,2.212,2.219,12395.19
1767711540000,2.22,2.222,2.219,2.22,8456.18
1767711600000,2.22,2.222,2.217,2.221,5265.41
1767711660000,2.222,2.223,2.218,2.22,6679.05
1767711720000,2.22,2.221,2.218,2.221,1940.2
1767711780000,2.221,2.227,2.221,2.226,4689.92
1767711840000,2.226,2.226,2.221,2.222,5698.51
1767711900000,2.222,2.226,2.222,2.223,3140.89
1767711960000,2.223,2.23,2.222,2.23,6764.65
1767712020000,2.23,2.235,2.229,2.23,8779.57
1767712080000,2.23,2.232,2.228,2.228,3287.46
1767712140000,2.228,2.233,2.226,2.233,1945.88
1767712200000,2.233,2.234,2.22,2.221,42105.62
1767712260000,2.22,2.222,2.218,2.221,7733.9
1767712320000,2.222,2.226,2.221,2.222,3632.47
1767712380000,2.222,2.228,2.222,2.227,4977.5
1767712440000,2.226,2.227,2.224,2.224,19044.99
1767712500000,2.224,2.23,2.224,2.228,5254.2
1767712560000,2.227,2.23,2.226,2.23,48316.88
1767712620000,2.229,2.232,2.229,2.23,44844.44
1767712680000,2.23,2.233,2.23,2.232,7303.14
1767712740000,2.231,2.233,2.23,2.23,2742.4
1767712800000,2.23,2.235,2.228,2.229,12558.54
1767712860000,2.229,2.232,2.228,2.232,2199.2
1767712920000,2.232,2.237,2.231,2.236,3603.13
1767712980000,2.236,2.237,2.232,2.232,9231.58
1767713040000,2.231,2.233,2.231,2.233,2376.71
1767713100000,2.233,2.234,2.231,2.231,11322.35
1767713160000,2.23,2.238,2.23,2.236,4747.18
1767713220000,2.236,2.239,2.236,2.237,3311.32
1767713280000,2.237,2.238,2.234,2.234,1926.92
1767713340000,2.234,2.236,2.233,2.234,4769.73
1767713400000,2.234,2.236,2.233,2.234,3346.44
1767713460000,2.234,2.236,2.232,2.232,1279.84
1767713520000,2.232,2.232,2.227,2.231,7879.65
1767713580000,2.231,2.231,2.226,2.228,10297.55
1767713640000,2.227,2.228,2.226,2.228,5047.61
1767713700000,2.228,2.229,2.224,2.225,7835.98
1767713760000,2.225,2.226,2.213,2.214,29830.75
1767713820000,2.213,2.213,2.204,2.206,45501.56
1767713880000,2.206,2.206,2.203,2.204,16300.49
1767713940000,2.204,2.205,2.196,2.196,39253.09
1767714000000,2.196,2.199,2.196,2.197,6599.34
1767714060000,2.198,2.202,2.192,2.194,19861.47
1767714120000,2.193,2.193,2.188,2.189,29686.74
1767714180000,2.19,2.198,2.19,2.198,23373.23
1767714240000,2.198,2.198,2.193,2.195,12815.92
1767714300000,2.194,2.194,2.187,2.188,14860.15
1767714360000,2.188,2.2,2.186,2.198,12896.75
1767714420000,2.198,2.2,2.192,2.194,9625.04
1767714480000,2.194,2.197,2.193,2.195,8497.17
1767714540000,2.194,2.197,2.191,2.195,22498.95
1767714600000,2.196,2.196,2.192,2.192,8516.89
1767714660000,2.191,2.195,2.19,2.19,2518.91
1767714720000,2.19,2.191,2.185,2.185,9504.67
1767714780000,2.186,2.188,2.185,2.186,9166.39
1767714840000,2.187,2.189,2.186,2.188,3057.63
1767714900000,2.189,2.189,2.186,2.186,2584.62
1767714960000,2.186,2.187,2.184,2.186,11839.63
1767715020000,2.185,2.192,2.185,2.191,1579.09
1767715080000,2.19,2.192,2.189,2.19,9865.49
1767715140000,2.192,2.199,2.192,2.198,4248.47
1767715200000,2.198,2.2,2.196,2.2,6349.95
1767715260000,2.2,2.204,2.2,2.202,7540.22
1767715320000,2.203,2.205,2.199,2.199,3397.51
1767715380000,2.2,2.203,2.199,2.203,2175.25
1767715440000,2.203,2.203,2.199,2.199,5034.63
1767715500000,2.199,2.201,2.197,2.197,3707.17
1767715560000,2.198,2.201,2.194,2.195,8155.1
1767715620000,2.194,2.194,2.175,2.18,103239.61
1767715680000,2.179,2.184,2.17,2.175,50521.13
1767715740000,2.176,2.183,2.176,2.182,13010.99
1767715800000,2.182,2.187,2.182,2.187,8546.4
1767715860000,2.187,2.187,2.185,2.185,3491.89
1767715920000,2.185,2.191,2.185,2.189,4564.36
1767715980000,2.19,2.193,2.19,2.191,8109.3
1767716040000,2.19,2.191,2.188,2.191,4249.4
1767716100000,2.191,2.194,2.191,2.192,6004.86
1767716160000,2.193,2.195,2.19,2.19,7174.82
1767716220000,2.19,2.196,2.19,2.192,4699.98
1767716280000,2.193,2.195,2.191,2.191,4315.04
1767716340000,2.191,2.194,2.191,2.191,3868.04
1767716400000,2.192,2.192,2.185,2.188,5044.6
1767716460000,2.188,2.188,2.181,2.182,5799.37
1767716520000,2.183,2.184,2.181,2.184,3664.59
1767716580000,2.185,2.187,2.182,2.183,7795.58
1767716640000,2.184,2.186,2.182,2.182,906.69
1767716700000,2.182,2.184,2.169,2.175,17179.42
1767716760000,2.175,2.175,2.168,2.17,32731.81
1767716820000,2.17,2.174,2.167,2.173,15766.56
1767716880000,2.173,2.174,2.169,2.171,12504.25
1767716940000,2.171,2.172,2.162,2.164,31495.97
1767717000000,2.164,2.172,2.162,2.171,11523.89
1767717060000,2.172,2.176,2.17,2.172,5062.05
1767717120000,2.173,2.173,2.169,2.17,13964.81
1767717180000,2.17,2.17,2.165,2.166,5775.07
1767717240000,2.165,2.167,2.16,2.167,26513.7
1767717300000,2.167,2.168,2.162,2.164,4562.07
1767717360000,2.164,2.171,2.164,2.168,8915.57
1767717420000,2.169,2.169,2.165,2.166,4461.9
1767717480000,2.167,2.167,2.162,2.164,2328.13
1767717540000,2.163,2.166,2.163,2.164,8298.55
1767717600000,2.164,2.164,2.159,2.16,3426.1
1767717660000,2.161,2.163,2.16,2.161,4205.75
1767717720000,2.162,2.165,2.161,2.165,11390.52
1767717780000,2.165,2.165,2.147,2.147,52491.45
1767717840000,2.148,2.157,2.148,2.157,29388.82
1767717900000,2.157,2.157,2.152,2.156,18634.1
1767717960000,2.156,2.158,2.154,2.157,11735.94
1767718020000,2.158,2.159,2.149,2.149,30700.91
1767718080000,2.15,2.155,2.149,2.152,17256.16
1767718140000,2.153,2.155,2.151,2.155,7054.24
1767718200000,2.156,2.161,2.155,2.161,4945.19
1767718260000,2.161,2.168,2.161,2.165,23209.05
1767718320000,2.164,2.165,2.161,2.162,5834.49
1767718380000,2.162,2.17,2.162,2.168,5349.33
1767718440000,2.168,2.17,2.166,2.167,4016.12
1767718500000,2.166,2.166,2.162,2.162,2803.29
1767718560000,2.163,2.166,2.163,2.165,2170.38
1767718620000,2.164,2.168,2.164,2.168,6494.19
1767718680000,2.168,2.169,2.167,2.168,4098.0
1767718740000,2.168,2.169,2.167,2.167,2036.89
1767718800000,2.167,2.167,2.16,2.162,6124.56
1767718860000,2.163,2.165,2.162,2.163,10329.78
1767718920000,2.163,2.163,2.162,2.163,1888.72
1767718980000,2.164,2.168,2.164,2.165,2323.49
1767719040000,2.164,2.171,2.163,2.169,9969.03
1767719100000,2.168,2.168,2.167,2.167,568.36
1767719160000,2.167,2.171,2.167,2.171,3268.51
1767719220000,2.171,2.175,2.171,2.175,14537.25
1767719280000,2.174,2.176,2.173,2.175,3820.24
1767719340000,2.174,2.174,2.17,2.17,7453.07
1767719400000,2.17,2.171,2.167,2.167,3856.48
1767719460000,2.167,2.17,2.167,2.17,719.63
1767719520000,2.171,2.172,2.169,2.171,2284.18
1767719580000,2.171,2.173,2.17,2.173,2780.37
1767719640000,2.172,2.172,2.169,2.169,11851.52
1767719700000,2.17,2.172,2.168,2.17,30021.86
1767719760000,2.17,2.175,2.17,2.171,42006.98
1767719820000,2.171,2.174,2.17,2.17,8860.46
1767719880000,2.17,2.17,2.163,2.163,9055.16
1767719940000,2.163,2.164,2.16,2.164,6920.78
1767720000000,2.164,2.17,2.164,2.169,5429.47
1767720060000,2.169,2.172,2.168,2.171,2621.74
1767720120000,2.171,2.173,2.171,2.171,1970.92
1767720180000,2.172,2.176,2.171,2.176,30965.89
1767720240000,2.176,2.178,2.174,2.176,3223.73
1767720300000,2.177,2.183,2.177,2.181,24174.04
1767720360000,2.182,2.182,2.177,2.178,6921.5
1767720420000,2.178,2.182,2.178,2.181,4745.6
1767720480000,2.181,2.181,2.178,2.178,1141.68
1767720540000,2.178,2.178,2.177,2.178,935.31
1767720600000,2.178,2.18,2.177,2.177,2102.24
1767720660000,2.177,2.178,2.176,2.178,539.26
1767720720000,2.177,2.179,2.176,2.179,1454.71
1767720780000,2.178,2.182,2.178,2.181,4668.26
1767720840000,2.181,2.183,2.181,2.183,4254.35
1767720900000,2.183,2.186,2.183,2.184,11866.67
1767720960000,2.183,2.184,2.18,2.181,7663.49
1767721020000,2.18,2.186,2.18,2.186,13889.77
1767721080000,2.184,2.184,2.182,2.182,3478.78
1767721140000,2.182,2.182,2.177,2.18,17038.53
1767721200000,2.179,2.179,2.167,2.168,9600.74
1767721260000,2.167,2.17,2.165,2.167,18936.78
1767721320000,2.167,2.167,2.165,2.165,1381.91
1767721380000,2.166,2.167,2.162,2.164,3149.05
1767721440000,2.164,2.165,2.162,2.164,4344.1
1767721500000,2.163,2.163,2.156,2.158,23313.99
1767721560000,2.157,2.161,2.156,2.158,4230.61
1767721620000,2.158,2.158,2.151,2.152,18682.38
1767721680000,2.151,2.151,2.138,2.143,68120.72
1767721740000,2.143,2.143,2.132,2.132,42079.45
1767721800000,2.133,2.144,2.133,2.143,26591.07
1767721860000,2.143,2.146,2.142,2.145,7641.69
1767721920000,2.144,2.145,2.143,2.143,3261.04
1767721980000,2.143,2.145,2.138,2.144,15119.87
1767722040000,2.144,2.144,2.138,2.138,10947.99
1767722100000,2.138,2.138,2.128,2.132,28881.67
1767722160000,2.133,2.134,2.118,2.123,55383.2
1767722220000,2.123,2.125,2.112,2.12,88416.82
1767722280000,2.12,2.125,2.12,2.121,18524.42
1767722340000,2.121,2.121,2.118,2.12,11370.15
1767722400000,2.12,2.123,2.114,2.123,25353.38
1767722460000,2.123,2.135,2.123,2.134,12991.41
1767722520000,2.134,2.136,2.13,2.136,19626.96
1767722580000,2.135,2.143,2.134,2.143,16678.45
1767722640000,2.143,2.143,2.14,2.14,7893.19
1767722700000,2.142,2.143,2.137,2.143,18353.93
1767722760000,2.143,2.147,2.142,2.145,7169.6
1767722820000,2.146,2.147,2.144,2.146,7643.74
1767722880000,2.146,2.149,2.145,2.149,6984.12
1767722940000,2.149,2.152,2.148,2.15,10849.03
1767723000000,2.149,2.152,2.147,2.149,19492.57
1767723060000,2.149,2.153,2.149,2.152,6826.29
1767723120000,2.151,2.154,2.151,2.154,2842.99
1767723180000,2.154,2.154,2.152,2.152,3963.17
1767723240000,2.152,2.153,2.15,2.151,3018.27
1767723300000,2.151,2.153,2.149,2.149,7984.75
1767723360000,2.149,2.154,2.149,2.152,6009.31
1767723420000,2.151,2.156,2.151,2.154,6866.44
1767723480000,2.154,2.154,2.152,2.153,2668.72
1767723540000,2.152,2.152,2.148,2.148,6287.76
1767723600000,2.149,2.151,2.148,2.15,3709.3
1767723660000,2.149,2.153,2.149,2.152,3596.91
1767723720000,2.151,2.153,2.151,2.151,2398.92
1767723780000,2.15,2.153,2.15,2.152,860.63
1767723840000,2.152,2.152,2.15,2.152,4894.06
1767723900000,2.151,2.153,2.151,2.152,1396.51
1767723960000,2.151,2.152,2.149,2.15,9452.58
1767724020000,2.15,2.154,2.15,2.153,5414.47
1767724080000,2.152,2.157,2.151,2.156,14715.18
1767724140000,2.155,2.155,2.152,2.153,2677.93
1767724200000,2.153,2.154,2.152,2.153,3760.17
1767724260000,2.152,2.152,2.15,2.151,5690.44
1767724320000,2.152,2.154,2.152,2.154,3828.45
1767724380000,2.155,2.155,2.154,2.155,408.6
1767724440000,2.155,2.155,2.154,2.154,982.4
1767724500000,2.154,2.157,2.154,2.155,3114.27
1767724560000,2.156,2.157,2.155,2.155,1155.92
1767724620000,2.155,2.156,2.151,2.152,21030.49
1767724680000,2.152,2.154,2.152,2.152,2231.55
1767724740000,2.153,2.153,2.146,2.147,8106.7
1767724800000,2.147,2.152,2.147,2.15,5344.89
1767724860000,2.15,2.153,2.15,2.151,3748.51
1767724920000,2.151,2.152,2.15,2.152,2726.42
1767724980000,2.151,2.151,2.15,2.151,287.95
1767725040000,2.151,2.153,2.151,2.153,2922.72
1767725100000,2.152,2.156,2.152,2.156,3041.73
1767725160000,2.155,2.156,2.155,2.156,4160.12
1767725220000,2.155,2.159,2.154,2.158,3005.51
1767725280000,2.158,2.163,2.157,2.161,6471.63
1767725340000,2.161,2.162,2.159,2.159,2708.55
1767725400000,2.158,2.158,2.155,2.156,4488.33
1767725460000,2.156,2.158,2.155,2.157,7262.33
1767725520000,2.157,2.159,2.156,2.158,5048.03
1767725580000,2.158,2.159,2.157,2.158,2119.55
1767725640000,2.158,2.159,2.157,2.158,3844.2
1767725700000,2.157,2.158,2.157,2.158,3020.33
1767725760000,2.157,2.16,2.157,2.158,3042.42
1767725820000,2.157,2.159,2.155,2.158,870.78
1767725880000,2.157,2.157,2.156,2.157,445.48
1767725940000,2.157,2.157,2.156,2.156,1173.31
1767726000000,2.156,2.158,2.156,2.157,6776.89
1767726060000,2.156,2.157,2.155,2.155,1104.01
1767726120000,2.155,2.155,2.152,2.154,3200.58
1767726180000,2.152,2.155,2.152,2.155,4761.84
1767726240000,2.155,2.156,2.153,2.154,6475.86
1767726300000,2.153,2.157,2.153,2.155,4461.6
1767726360000,2.156,2.158,2.156,2.157,4400.46
1767726420000,2.156,2.158,2.156,2.157,4635.24
1767726480000,2.157,2.159,2.157,2.157,6345.38
1767726540000,2.156,2.157,2.154,2.156,4255.34
1767726600000,2.156,2.156,2.155,2.155,2633.18
1767726660000,2.154,2.156,2.154,2.156,2877.56
1767726720000,2.155,2.155,2.153,2.153,2502.61
1767726780000,2.154,2.157,2.153,2.157,3867.66
1767726840000,2.157,2.159,2.157,2.158,8218.88
1767726900000,2.158,2.159,2.158,2.158,809.49
1767726960000,2.158,2.158,2.153,2.155,3343.13
1767727020000,2.155,2.159,2.155,2.159,499.41
1767727080000,2.159,2.159,2.155,2.155,55.77
1767727140000,2.156,2.156,2.155,2.156,910.86
1767727200000,2.155,2.155,2.154,2.154,1064.93
1767727260000,2.155,2.155,2.151,2.152,6669.41
1767727320000,2.152,2.152,2.15,2.152,2483.17
1767727380000,2.151,2.153,2.151,2.153,872.76
1767727440000,2.154,2.156,2.154,2.154,1439.38
1767727500000,2.154,2.154,2.152,2.153,2978.56
1767727560000,2.153,2.154,2.153,2.153,1420.47
1767727620000,2.153,2.158,2.153,2.155,10381.0
1767727680000,2.156,2.156,2.154,2.155,1451.61
1767727740000,2.155,2.155,2.154,2.154,2022.07
1767727800000,2.154,2.155,2.154,2.154,1718.74
1767727860000,2.155,2.156,2.155,2.156,185.32
1767727920000,2.155,2.158,2.155,2.158,3281.82
1767727980000,2.158,2.158,2.156,2.156,682.38
1767728040000,2.155,2.156,2.155,2.156,1531.15
1767728100000,2.155,2.155,2.152,2.152,1520.44
1767728160000,2.153,2.154,2.15,2.15,3543.92
1767728220000,2.15,2.151,2.15,2.15,1369.29
1767728280000,2.15,2.15,2.149,2.149,2570.2
1767728340000,2.149,2.15,2.149,2.15,1394.46
1767728400000,2.15,2.151,2.149,2.151,2643.95
1767728460000,2.151,2.151,2.149,2.149,160.98
1767728520000,2.149,2.149,2.147,2.147,685.59
1767728580000,2.148,2.148,2.147,2.147,255.23
1767728640000,2.147,2.147,2.147,2.147,3227.64
1767728700000,2.148,2.151,2.148,2.15,1025.73
1767728760000,2.15,2.151,2.15,2.151,1534.5
1767728820000,2.151,2.151,2.15,2.15,1897.01
1767728880000,2.15,2.151,2.15,2.151,135.36
1767728940000,2.151,2.152,2.151,2.152,499.68
1767729000000,2.151,2.151,2.148,2.149,977.7
1767729060000,2.149,2.15,2.147,2.147,736.57
1767729120000,2.147,2.149,2.147,2.148,925.79
1767729180000,2.148,2.148,2.146,2.147,808.24
1767729240000,2.148,2.148,2.146,2.148,438.15
1767729300000,2.147,2.149,2.147,2.149,139.47
1767729360000,2.149,2.15,2.149,2.15,465.49
1767729420000,2.15,2.15,2.149,2.149,665.08
1767729480000,2.149,2.149,2.149,2.149,49.94
1767729540000,2.149,2.149,2.149,2.149,1405.38
1767729600000,2.149,2.155,2.149,2.155,1469.63
1767729660000,2.155,2.158,2.155,2.157,1356.97
1767729720000,2.157,2.161,2.157,2.16,3440.57
1767729780000,2.161,2.161,2.158,2.158,3635.71
1767729840000,2.157,2.163,2.157,2.162,1730.26
1767729900000,2.162,2.164,2.161,2.163,5307.18
1767729960000,2.163,2.166,2.163,2.164,7532.0
1767730020000,2.164,2.164,2.163,2.163,426.86
1767730080000,2.163,2.164,2.162,2.163,958.27
1767730140000,2.164,2.165,2.162,2.162,531.76
1767730200000,2.163,2.163,2.16,2.16,695.15
1767730260000,2.16,2.162,2.16,2.162,282.12
1767730320000,2.162,2.162,2.161,2.161,227.54
1767730380000,2.161,2.162,2.161,2.162,484.96
1767730440000,2.162,2.162,2.162,2.162,2861.21
1767730500000,2.162,2.162,2.161,2.161,618.05
1767730560000,2.161,2.166,2.161,2.166,2746.79
1767730620000,2.166,2.166,2.165,2.166,1706.92
1767730680000,2.166,2.167,2.166,2.167,869.94
1767730740000,2.167,2.169,2.167,2.169,3135.66
1767730800000,2.169,2.17,2.168,2.17,1750.21
1767730860000,2.169,2.172,2.169,2.172,9432.47
1767730920000,2.172,2.173,2.17,2.172,3856.17
1767730980000,2.171,2.173,2.171,2.172,3026.29
1767731040000,2.172,2.174,2.172,2.174,3510.5
1767731100000,2.174,2.174,2.174,2.174,905.27
1767731160000,2.174,2.174,2.172,2.172,276.69
1767731220000,2.173,2.173,2.173,2.173,409.08
1767731280000,2.174,2.174,2.173,2.173,464.86
1767731340000,2.173,2.173,2.173,2.173,280.22
1767731400000,2.172,2.174,2.172,2.174,2959.06
1767731460000,2.174,2.175,2.173,2.175,2740.84
1767731520000,2.175,2.176,2.175,2.175,3999.71
1767731580000,2.175,2.178,2.173,2.175,5187.24
1767731640000,2.174,2.176,2.174,2.175,375.15
1767731700000,2.175,2.177,2.175,2.177,523.51
1767731760000,2.177,2.177,2.176,2.176,525.67
1767731820000,2.175,2.177,2.175,2.177,223.85
1767731880000,2.176,2.176,2.176,2.176,128.23
1767731940000,2.177,2.177,2.175,2.176,641.8
1767732000000,2.176,2.178,2.176,2.178,515.56
1767732060000,2.178,2.18,2.178,2.179,3742.72
1767732120000,2.179,2.179,2.177,2.178,1025.82
1767732180000,2.178,2.18,2.178,2.18,265.88
1767732240000,2.179,2.179,2.178,2.178,377.7
1767732300000,2.178,2.18,2.178,2.179,2280.72
1767732360000,2.178,2.179,2.177,2.178,3661.51
1767732420000,2.177,2.177,2.176,2.176,7931.72
1767732480000,2.175,2.177,2.175,2.177,319.91
1767732540000,2.176,2.177,2.176,2.177,461.47
1767732600000,2.177,2.179,2.177,2.179,2782.61
1767732660000,2.178,2.178,2.175,2.177,1081.38
1767732720000,2.176,2.176,2.172,2.173,1725.94
1767732780000,2.172,2.175,2.172,2.174,2820.01
1767732840000,2.174,2.175,2.173,2.175,2428.7
1767732900000,2.176,2.177,2.174,2.174,1908.2
1767732960000,2.174,2.174,2.173,2.173,188.65
1767733020000,2.174,2.174,2.173,2.173,30.41
1767733080000,2.174,2.174,2.173,2.174,179.38
1767733140000,2.173,2.173,2.172,2.172,915.62
1767733200000,2.172,2.176,2.172,2.173,2606.44
1767733260000,2.172,2.173,2.172,2.172,711.5
1767733320000,2.173,2.175,2.173,2.174,3344.97
1767733380000,2.173,2.174,2.173,2.174,320.96
1767733440000,2.174,2.174,2.17,2.17,1821.99
1767733500000,2.169,2.17,2.168,2.168,1747.46
1767733560000,2.169,2.169,2.166,2.167,1972.01
1767733620000,2.168,2.168,2.167,2.168,1099.75
1767733680000,2.167,2.167,2.165,2.165,298.02
1767733740000,2.165,2.165,2.165,2.165,127.46
1767733800000,2.165,2.167,2.165,2.167,1742.63
1767733860000,2.167,2.172,2.167,2.172,2448.74
1767733920000,2.173,2.183,2.173,2.179,25034.72
1767733980000,2.18,2.183,2.179,2.181,44700.21
1767734040000,2.182,2.185,2.182,2.185,8399.65
1767734100000,2.183,2.201,2.183,2.2,59392.0
1767734160000,2.2,2.209,2.199,2.208,58901.8
1767734220000,2.207,2.22,2.206,2.214,60021.22
1767734280000,2.214,2.217,2.205,2.206,33899.61
1767734340000,2.207,2.21,2.202,2.209,6442.62
1767734400000,2.209,2.21,2.204,2.204,4055.19
1767734460000,2.205,2.206,2.198,2.2,5767.05
1767734520000,2.2,2.204,2.198,2.204,2511.59
1767734580000,2.205,2.208,2.205,2.206,3377.88
1767734640000,2.207,2.209,2.205,2.206,2612.45
1767734700000,2.206,2.206,2.2,2.204,4797.74
1767734760000,2.203,2.205,2.203,2.204,5330.04
1767734820000,2.204,2.207,2.204,2.207,912.13
1767734880000,2.207,2.207,2.206,2.206,186.04
1767734940000,2.207,2.209,2.207,2.208,4905.58
1767735000000,2.209,2.211,2.208,2.21,4554.27
1767735060000,2.211,2.215,2.211,2.214,5506.91
1767735120000,2.214,2.216,2.211,2.211,4189.35
1767735180000,2.211,2.214,2.21,2.213,3725.08
1767735240000,2.213,2.222,2.213,2.221,8267.32
1767735300000,2.22,2.22,2.214,2.214,1836.6
1767735360000,2.214,2.215,2.209,2.21,10083.5
1767735420000,2.21,2.212,2.209,2.211,3844.61
1767735480000,2.211,2.211,2.209,2.209,9419.97
1767735540000,2.209,2.209,2.207,2.208,6718.77
1767735600000,2.208,2.208,2.207,2.207,338.53
1767735660000,2.208,2.213,2.208,2.211,1597.48
1767735720000,2.212,2.217,2.212,2.217,2865.45
1767735780000,2.218,2.22,2.218,2.219,5028.49
1767735840000,2.219,2.221,2.218,2.22,23682.02
1767735900000,2.219,2.223,2.219,2.222,8405.92
1767735960000,2.222,2.226,2.22,2.222,65185.96
1767736020000,2.223,2.226,2.221,2.225,14748.68
1767736080000,2.225,2.23,2.22,2.221,43006.8
1767736140000,2.22,2.223,2.22,2.222,9553.07
1767736200000,2.222,2.222,2.217,2.218,4236.41
1767736260000,2.219,2.219,2.21,2.21,8853.07
1767736320000,2.211,2.219,2.211,2.219,20880.6
1767736380000,2.219,2.223,2.219,2.223,5008.95
1767736440000,2.224,2.224,2.223,2.223,1519.56
1767736500000,2.223,2.224,2.222,2.223,5577.0
1767736560000,2.223,2.225,2.222,2.225,1839.49
1767736620000,2.224,2.229,2.223,2.227,21393.03
1767736680000,2.227,2.228,2.225,2.226,1608.55
1767736740000,2.225,2.225,2.223,2.223,2902.01
1767736800000,2.224,2.228,2.224,2.225,6828.16
1767736860000,2.225,2.23,2.225,2.229,12656.7
1767736920000,2.23,2.23,2.227,2.229,8872.74
1767736980000,2.229,2.23,2.229,2.229,2745.92
1767737040000,2.229,2.23,2.222,2.228,34047.29
1767737100000,2.229,2.23,2.227,2.228,3277.46
1767737160000,2.227,2.227,2.222,2.222,2646.17
1767737220000,2.222,2.224,2.222,2.224,7645.17
1767737280000,2.224,2.226,2.224,2.226,2368.97
1767737340000,2.227,2.235,2.227,2.229,25567.1
1767737400000,2.229,2.23,2.225,2.225,3629.33
1767737460000,2.225,2.225,2.218,2.219,6856.65
1767737520000,2.221,2.223,2.22,2.22,3775.13
1767737580000,2.219,2.221,2.219,2.221,13958.75
1767737640000,2.22,2.222,2.219,2.221,1625.23
1767737700000,2.222,2.225,2.222,2.223,12011.65
1767737760000,2.222,2.223,2.216,2.216,3778.37
1767737820000,2.217,2.217,2.214,2.217,8026.8
1767737880000,2.217,2.219,2.217,2.219,2737.65
1767737940000,2.218,2.218,2.213,2.214,5252.7
1767738000000,2.213,2.213,2.209,2.212,28601.91
1767738060000,2.212,2.214,2.212,2.212,4399.59
1767738120000,2.212,2.213,2.212,2.213,1932.82
1767738180000,2.213,2.213,2.211,2.211,3326.53
1767738240000,2.211,2.215,2.211,2.215,2599.94
1767738300000,2.216,2.216,2.214,2.215,727.07
1767738360000,2.214,2.214,2.21,2.21,2308.05
1767738420000,2.21,2.212,2.21,2.211,1463.43
1767738480000,2.212,2.217,2.212,2.214,11392.24
1767738540000,2.214,2.214,2.213,2.213,298.02
1767738600000,2.215,2.216,2.213,2.214,2049.99
1767738660000,2.213,2.214,2.213,2.214,1729.2
1767738720000,2.213,2.213,2.209,2.209,1242.89
1767738780000,2.209,2.21,2.208,2.209,2651.67
1767738840000,2.209,2.209,2.208,2.208,467.46
1767738900000,2.209,2.209,2.207,2.208,511.07
1767738960000,2.208,2.21,2.205,2.209,10437.72
1767739020000,2.21,2.211,2.209,2.211,149.46
1767739080000,2.211,2.211,2.207,2.207,1276.74
1767739140000,2.207,2.208,2.207,2.208,2485.43
1767739200000,2.209,2.211,2.209,2.21,1405.75
1767739260000,2.209,2.209,2.207,2.207,483.44
1767739320000,2.209,2.21,2.209,2.209,1913.7
1767739380000,2.208,2.209,2.208,2.209,896.6
1767739440000,2.208,2.211,2.207,2.211,5477.24
1767739500000,2.211,2.212,2.211,2.211,2127.62
1767739560000,2.212,2.213,2.211,2.213,1452.27
1767739620000,2.213,2.218,2.213,2.216,25752.6
1767739680000,2.216,2.218,2.215,2.217,2626.82
1767739740000,2.218,2.222,2.218,2.221,7401.64
1767739800000,2.221,2.221,2.22,2.22,1046.68
1767739860000,2.22,2.221,2.219,2.219,982.09
1767739920000,2.219,2.221,2.217,2.22,1770.73
1767739980000,2.219,2.22,2.218,2.22,657.06
1767740040000,2.22,2.221,2.22,2.22,3074.0
1767740100000,2.22,2.22,2.219,2.22,761.28
1767740160000,2.219,2.221,2.219,2.22,1192.24
1767740220000,2.219,2.222,2.219,2.222,2955.47
1767740280000,2.222,2.223,2.221,2.221,2244.22
1767740340000,2.22,2.221,2.211,2.221,36638.11
1767740400000,2.221,2.227,2.221,2.227,24846.64
1767740460000,2.227,2.228,2.227,2.228,1015.61
1767740520000,2.228,2.228,2.226,2.227,4364.69
1767740580000,2.228,2.228,2.225,2.227,1217.84
1767740640000,2.227,2.23,2.227,2.23,1609.49
1767740700000,2.229,2.229,2.225,2.226,7103.54
1767740760000,2.226,2.226,2.224,2.225,6132.48
1767740820000,2.225,2.227,2.225,2.227,1729.64
1767740880000,2.227,2.231,2.227,2.231,3453.34
1767740940000,2.231,2.231,2.23,2.23,612.05
1767741000000,2.23,2.241,2.23,2.241,51639.72
1767741060000,2.241,2.242,2.238,2.238,11288.3
1767741120000,2.238,2.239,2.231,2.237,34208.55
1767741180000,2.237,2.238,2.234,2.236,4403.14
1767741240000,2.236,2.237,2.236,2.237,4849.82
1767741300000,2.237,2.24,2.237,2.238,2415.36
1767741360000,2.238,2.239,2.237,2.237,2538.38
1767741420000,2.237,2.237,2.233,2.235,2096.34
1767741480000,2.235,2.235,2.23,2.23,3500.63
1767741540000,2.231,2.233,2.231,2.233,5770.23
1767741600000,2.233,2.233,2.229,2.23,4059.79
1767741660000,2.23,2.23,2.226,2.228,6547.73
1767741720000,2.228,2.228,2.225,2.225,3125.0
1767741780000,2.225,2.226,2.225,2.226,6451.94
1767741840000,2.225,2.225,2.224,2.224,720.55
1767741900000,2.224,2.224,2.223,2.224,1171.22
1767741960000,2.223,2.229,2.223,2.229,18128.64
1767742020000,2.229,2.231,2.228,2.231,4504.59
1767742080000,2.23,2.232,2.23,2.232,516.47
1767742140000,2.232,2.232,2.231,2.232,489.36
1767742200000,2.231,2.232,2.231,2.231,757.03
1767742260000,2.231,2.233,2.231,2.231,810.33
1767742320000,2.231,2.235,2.231,2.235,946.37
1767742380000,2.235,2.235,2.233,2.233,1249.63
1767742440000,2.233,2.236,2.233,2.236,1192.34
1767742500000,2.235,2.24,2.235,2.239,2793.69
1767742560000,2.24,2.24,2.234,2.234,19757.62
1767742620000,2.234,2.234,2.232,2.232,2725.68
1767742680000,2.233,2.234,2.23,2.231,4982.6
1767742740000,2.232,2.232,2.232,2.232,296.48
1767742800000,2.232,2.233,2.231,2.232,2177.84
1767742860000,2.231,2.231,2.228,2.229,4954.44
1767742920000,2.229,2.23,2.229,2.229,440.34
1767742980000,2.228,2.229,2.228,2.229,1839.55
1767743040000,2.229,2.229,2.228,2.229,2338.16
1767743100000,2.228,2.228,2.227,2.228,1678.36
1767743160000,2.227,2.228,2.227,2.228,90.72
1767743220000,2.227,2.233,2.227,2.232,3920.02
1767743280000,2.233,2.233,2.232,2.232,1082.35
1767743340000,2.231,2.232,2.228,2.23,5529.29
1767743400000,2.23,2.235,2.23,2.234,3651.16
1767743460000,2.233,2.236,2.231,2.235,7967.08
1767743520000,2.235,2.236,2.232,2.236,3092.23
1767743580000,2.235,2.235,2.234,2.234,923.5
1767743640000,2.234,2.236,2.233,2.236,5473.19
1767743700000,2.235,2.236,2.235,2.236,69.26
1767743760000,2.235,2.237,2.235,2.237,3241.92
1767743820000,2.236,2.236,2.236,2.236,356.21
1767743880000,2.236,2.236,2.235,2.235,4887.48
1767743940000,2.235,2.235,2.234,2.235,75.76
1767744000000,2.234,2.235,2.231,2.231,3818.51
1767744060000,2.231,2.233,2.231,2.233,1435.12
1767744120000,2.233,2.233,2.23,2.231,4691.95
1767744180000,2.233,2.237,2.233,2.236,4434.84
1767744240000,2.235,2.235,2.233,2.233,4996.84
1767744300000,2.235,2.236,2.235,2.235,1516.31
1767744360000,2.235,2.235,2.232,2.233,3488.26
1767744420000,2.233,2.233,2.23,2.23,1003.4
1767744480000,2.23,2.23,2.228,2.229,634.68
1767744540000,2.229,2.23,2.229,2.23,1405.32
1767744600000,2.229,2.229,2.228,2.229,1083.59
1767744660000,2.229,2.229,2.228,2.228,66.97
1767744720000,2.228,2.228,2.226,2.227,3077.33
1767744780000,2.227,2.229,2.227,2.227,1739.81
1767744840000,2.227,2.228,2.227,2.228,469.1
1767744900000,2.227,2.228,2.226,2.228,5085.45
1767744960000,2.229,2.232,2.229,2.23,6073.27
1767745020000,2.23,2.231,2.23,2.231,778.53
1767745080000,2.23,2.23,2.227,2.229,5810.1
1767745140000,2.229,2.23,2.229,2.23,36.61
1767745200000,2.229,2.229,2.226,2.227,2458.88
1767745260000,2.228,2.232,2.228,2.232,1870.01
1767745320000,2.233,2.233,2.228,2.228,2930.31
1767745380000,2.227,2.227,2.223,2.223,4023.94
1767745440000,2.223,2.223,2.222,2.223,454.59
1767745500000,2.223,2.223,2.221,2.222,1798.67
1767745560000,2.222,2.223,2.222,2.223,255.83
1767745620000,2.223,2.223,2.221,2.222,558.8
1767745680000,2.223,2.223,2.219,2.22,9587.7
1767745740000,2.219,2.22,2.218,2.22,1399.52
1767745800000,2.22,2.22,2.22,2.22,69.18
1767745860000,2.22,2.22,2.219,2.219,834.9
1767745920000,2.218,2.219,2.217,2.218,2525.25
1767745980000,2.218,2.218,2.216,2.216,5617.26
1767746040000,2.216,2.218,2.216,2.218,1359.24
1767746100000,2.218,2.219,2.218,2.218,4163.76
1767746160000,2.217,2.217,2.216,2.217,112.07
1767746220000,2.216,2.216,2.214,2.214,2924.65
1767746280000,2.214,2.214,2.213,2.213,2359.53
1767746340000,2.213,2.213,2.211,2.212,3025.8
1767746400000,2.212,2.212,2.208,2.21,5880.83
1767746460000,2.209,2.209,2.204,2.206,3293.15
1767746520000,2.206,2.207,2.205,2.207,2079.74
1767746580000,2.206,2.208,2.206,2.208,939.34
1767746640000,2.207,2.208,2.206,2.208,2733.86
1767746700000,2.207,2.208,2.207,2.208,1465.5
1767746760000,2.207,2.207,2.203,2.203,7754.56
1767746820000,2.204,2.206,2.203,2.204,6697.17
1767746880000,2.204,2.205,2.201,2.203,2861.32
1767746940000,2.203,2.203,2.201,2.201,1811.63
1767747000000,2.201,2.202,2.199,2.202,3751.73
1767747060000,2.202,2.203,2.2,2.201,818.95
1767747120000,2.201,2.201,2.199,2.199,949.98
1767747180000,2.2,2.201,2.199,2.201,820.9
1767747240000,2.202,2.202,2.201,2.201,579.49
1767747300000,2.201,2.202,2.2,2.201,165.72
1767747360000,2.202,2.202,2.201,2.201,3472.02
1767747420000,2.2,2.2,2.198,2.198,4264.79
1767747480000,2.198,2.198,2.193,2.195,3795.59
1767747540000,2.194,2.197,2.191,2.195,32568.66
1767747600000,2.195,2.199,2.194,2.198,1616.77
1767747660000,2.198,2.204,2.198,2.204,2971.53
1767747720000,2.203,2.203,2.2,2.201,917.35
1767747780000,2.201,2.201,2.198,2.198,5543.35
1767747840000,2.199,2.2,2.197,2.2,183.06
1767747900000,2.2,2.2,2.198,2.2,252.02
1767747960000,2.201,2.202,2.199,2.199,963.95
1767748020000,2.2,2.201,2.2,2.201,2760.55
1767748080000,2.201,2.201,2.201,2.201,88.47
1767748140000,2.2,2.2,2.199,2.199,126.29
1767748200000,2.199,2.199,2.199,2.199,58.48
1767748260000,2.199,2.199,2.198,2.199,3747.48
1767748320000,2.199,2.199,2.199,2.199,298.19
1767748380000,2.198,2.198,2.197,2.197,1351.54
1767748440000,2.196,2.196,2.195,2.195,1171.61
1767748500000,2.195,2.195,2.189,2.191,9197.87
1767748560000,2.19,2.19,2.185,2.185,11064.59
1767748620000,2.186,2.189,2.186,2.188,927.38
1767748680000,2.188,2.188,2.184,2.184,3629.51
1767748740000,2.185,2.186,2.182,2.182,3042.93
1767748800000,2.182,2.183,2.181,2.181,5713.18
1767748860000,2.181,2.185,2.181,2.185,9104.49
1767748920000,2.186,2.192,2.186,2.192,2447.49
1767748980000,2.192,2.192,2.189,2.191,515.98
1767749040000,2.191,2.193,2.191,2.193,1239.41
1767749100000,2.193,2.199,2.193,2.198,9969.29
1767749160000,2.199,2.2,2.198,2.198,2412.13
1767749220000,2.199,2.199,2.196,2.196,533.7
1767749280000,2.196,2.196,2.194,2.194,2294.2
1767749340000,2.195,2.195,2.193,2.194,1030.73
1767749400000,2.194,2.195,2.194,2.194,1764.17
1767749460000,2.193,2.193,2.192,2.192,988.5
1767749520000,2.191,2.191,2.189,2.189,2047.03
1767749580000,2.19,2.19,2.188,2.188,1139.65
1767749640000,2.188,2.189,2.188,2.189,1028.62
1767749700000,2.189,2.192,2.188,2.192,4199.22
1767749760000,2.193,2.193,2.187,2.187,1076.22
1767749820000,2.188,2.189,2.184,2.185,13930.76
1767749880000,2.185,2.186,2.184,2.186,1523.05
1767749940000,2.186,2.189,2.186,2.189,1120.21
1767750000000,2.189,2.189,2.188,2.188,554.02
1767750060000,2.188,2.19,2.188,2.189,2917.5
1767750120000,2.188,2.189,2.188,2.188,828.77
1767750180000,2.188,2.188,2.187,2.188,296.23
1767750240000,2.188,2.188,2.187,2.187,182.08
1767750300000,2.186,2.188,2.186,2.186,2355.58
1767750360000,2.185,2.189,2.185,2.189,1341.39
1767750420000,2.188,2.188,2.185,2.186,2459.76
1767750480000,2.185,2.186,2.184,2.184,1489.66
1767750540000,2.184,2.185,2.184,2.185,736.72
1767750600000,2.184,2.184,2.181,2.182,3965.64
1767750660000,2.182,2.182,2.18,2.181,12521.44
1767750720000,2.181,2.184,2.181,2.184,659.01
1767750780000,2.184,2.186,2.184,2.186,300.27
1767750840000,2.186,2.186,2.184,2.184,201.29
1767750900000,2.185,2.185,2.184,2.184,536.97
1767750960000,2.184,2.185,2.184,2.185,847.55
1767751020000,2.185,2.187,2.185,2.187,382.22
1767751080000,2.186,2.186,2.185,2.185,801.35
1767751140000,2.184,2.185,2.184,2.184,465.26
1767751200000,2.184,2.187,2.184,2.185,4965.92
1767751260000,2.185,2.185,2.182,2.182,1999.56
1767751320000,2.182,2.182,2.175,2.175,12412.7
1767751380000,2.175,2.182,2.174,2.181,10561.54
1767751440000,2.181,2.181,2.177,2.178,3423.4
1767751500000,2.179,2.189,2.178,2.186,7348.14
1767751560000,2.185,2.185,2.182,2.182,1691.35
1767751620000,2.182,2.184,2.182,2.184,2954.69
1767751680000,2.184,2.184,2.183,2.183,590.72
1767751740000,2.183,2.183,2.183,2.183,531.02
1767751800000,2.183,2.186,2.182,2.186,4869.15
1767751860000,2.186,2.186,2.179,2.18,90151.5
1767751920000,2.18,2.18,2.177,2.178,3239.97
1767751980000,2.177,2.179,2.177,2.179,3025.48
1767752040000,2.18,2.184,2.18,2.183,46941.22
1767752100000,2.182,2.182,2.181,2.182,1331.11
1767752160000,2.182,2.182,2.18,2.181,995.61
1767752220000,2.182,2.182,2.179,2.179,1795.48
1767752280000,2.179,2.18,2.178,2.178,3459.11
1767752340000,2.178,2.178,2.178,2.178,0.0
1767752400000,2.178,2.178,2.177,2.178,560.61
1767752460000,2.177,2.179,2.177,2.179,871.08
1767752520000,2.179,2.181,2.179,2.181,1246.79
1767752580000,2.18,2.18,2.179,2.18,747.41
1767752640000,2.179,2.181,2.178,2.178,4050.74
1767752700000,2.179,2.183,2.179,2.183,823.71
1767752760000,2.183,2.188,2.183,2.186,986.27
1767752820000,2.185,2.186,2.185,2.185,713.11
1767752880000,2.184,2.184,2.184,2.184,584.73
1767752940000,2.183,2.184,2.183,2.183,2624.55
1767753000000,2.182,2.182,2.178,2.178,4813.28
1767753060000,2.178,2.178,2.175,2.177,10108.34
1767753120000,2.176,2.178,2.176,2.178,3263.31
1767753180000,2.178,2.186,2.178,2.186,1510.92
1767753240000,2.185,2.185,2.184,2.184,4221.95
1767753300000,2.184,2.184,2.182,2.182,11209.7
1767753360000,2.181,2.182,2.18,2.182,1843.11
1767753420000,2.182,2.186,2.182,2.185,5511.19
1767753480000,2.185,2.186,2.185,2.185,2804.48
1767753540000,2.186,2.19,2.186,2.19,3104.07
1767753600000,2.189,2.189,2.185,2.185,7421.66
1767753660000,2.185,2.185,2.184,2.184,991.97
1767753720000,2.184,2.184,2.184,2.184,2981.14
1767753780000,2.184,2.184,2.183,2.184,8152.01
1767753840000,2.185,2.187,2.185,2.187,106.63
1767753900000,2.186,2.186,2.185,2.185,4733.01
1767753960000,2.184,2.188,2.184,2.188,125.02
1767754020000,2.188,2.189,2.188,2.189,2353.51
1767754080000,2.188,2.19,2.188,2.19,8201.69
1767754140000,2.189,2.191,2.189,2.191,3200.9
1767754200000,2.191,2.191,2.188,2.189,3348.66
1767754260000,2.189,2.191,2.189,2.19,3093.52
1767754320000,2.19,2.191,2.189,2.189,1910.61
1767754380000,2.19,2.194,2.19,2.193,2599.54
1767754440000,2.192,2.192,2.191,2.191,4544.91
1767754500000,2.192,2.193,2.192,2.193,3508.82
1767754560000,2.194,2.197,2.194,2.196,4297.39
1767754620000,2.196,2.196,2.193,2.193,4611.44
1767754680000,2.193,2.194,2.191,2.192,4988.9
1767754740000,2.192,2.193,2.192,2.193,281.78
1767754800000,2.193,2.196,2.193,2.196,1815.64
1767754860000,2.197,2.198,2.194,2.198,4599.0
1767754920000,2.198,2.199,2.198,2.198,4312.25
1767754980000,2.197,2.198,2.197,2.198,2251.82
1767755040000,2.198,2.199,2.198,2.198,1810.93
1767755100000,2.199,2.2,2.199,2.199,1564.13
1767755160000,2.199,2.2,2.198,2.198,5080.69
1767755220000,2.197,2.197,2.193,2.193,2732.01
1767755280000,2.192,2.193,2.192,2.193,1719.44
1767755340000,2.194,2.196,2.194,2.196,754.8
1767755400000,2.197,2.198,2.197,2.197,1280.48
1767755460000,2.198,2.198,2.196,2.196,3715.52
1767755520000,2.197,2.199,2.197,2.198,2860.69
1767755580000,2.198,2.198,2.198,2.198,4053.82
1767755640000,2.199,2.2,2.199,2.199,1613.58
1767755700000,2.199,2.199,2.198,2.198,5531.93
1767755760000,2.197,2.197,2.197,2.197,188.87
1767755820000,2.198,2.199,2.198,2.199,4643.38
1767755880000,2.199,2.2,2.199,2.199,4672.33
1767755940000,2.2,2.203,2.2,2.202,2591.28
1767756000000,2.203,2.205,2.203,2.204,943.82
1767756060000,2.204,2.204,2.202,2.202,2482.44
1767756120000,2.201,2.201,2.201,2.201,438.34
1767756180000,2.201,2.201,2.2,2.2,74.35
1767756240000,2.199,2.201,2.199,2.201,2589.92
1767756300000,2.201,2.201,2.201,2.201,194.04
1767756360000,2.201,2.201,2.2,2.2,251.76
1767756420000,2.2,2.2,2.199,2.199,16.45
1767756480000,2.2,2.201,2.2,2.2,946.1
1767756540000,2.199,2.199,2.199,2.199,162.67
1767756600000,2.198,2.199,2.198,2.199,1052.33
1767756660000,2.198,2.198,2.196,2.197,1860.81
1767756720000,2.196,2.196,2.192,2.192,2177.27
1767756780000,2.191,2.192,2.191,2.192,989.63
1767756840000,2.191,2.191,2.187,2.189,7333.05
1767756900000,2.189,2.189,2.187,2.188,1404.91
1767756960000,2.187,2.187,2.187,2.187,154.98
1767757020000,2.187,2.187,2.187,2.187,1383.48
1767757080000,2.187,2.187,2.187,2.187,52.24
1767757140000,2.187,2.187,2.187,2.187,0.0
1767757200000,2.187,2.187,2.187,2.187,373.17
1767757260000,2.186,2.186,2.184,2.184,2557.16
1767757320000,2.185,2.187,2.185,2.187,496.75
1767757380000,2.187,2.187,2.186,2.186,2511.92
1767757440000,2.186,2.186,2.185,2.186,469.27
1767757500000,2.186,2.186,2.184,2.185,4192.9
1767757560000,2.186,2.191,2.186,2.19,5183.55
1767757620000,2.19,2.19,2.189,2.19,5098.52
1767757680000,2.19,2.19,2.19,2.19,61.95
1767757740000,2.191,2.191,2.19,2.19,2109.98
1767757800000,2.19,2.191,2.19,2.19,5028.6
1767757860000,2.191,2.192,2.191,2.192,1534.09
1767757920000,2.192,2.192,2.189,2.19,2700.85
1767757980000,2.19,2.19,2.19,2.19,214.19
1767758040000,2.19,2.191,2.19,2.191,1552.98
1767758100000,2.191,2.191,2.191,2.191,61.59
1767758160000,2.19,2.19,2.19,2.19,1809.15
1767758220000,2.191,2.191,2.191,2.191,159.74
1767758280000,2.191,2.192,2.19,2.19,1804.7
1767758340000,2.19,2.19,2.19,2.19,0.0
1767758400000,2.19,2.191,2.19,2.19,1989.67
1767758460000,2.191,2.191,2.19,2.19,2271.66
1767758520000,2.189,2.19,2.189,2.19,3007.13
1767758580000,2.19,2.195,2.19,2.195,14696.5
1767758640000,2.195,2.197,2.195,2.197,3363.18
1767758700000,2.196,2.198,2.196,2.198,501.85
1767758760000,2.199,2.199,2.198,2.199,5714.48
1767758820000,2.199,2.199,2.193,2.194,8816.19
1767758880000,2.195,2.195,2.193,2.193,4413.32
1767758940000,2.194,2.195,2.194,2.194,1711.57
1767759000000,2.194,2.195,2.194,2.195,912.84
1767759060000,2.195,2.197,2.195,2.196,1042.82
1767759120000,2.196,2.196,2.194,2.194,1603.12
1767759180000,2.193,2.194,2.193,2.193,810.2
1767759240000,2.195,2.195,2.194,2.194,105.04
1767759300000,2.194,2.194,2.192,2.192,2595.92
1767759360000,2.192,2.192,2.192,2.192,2588.7
1767759420000,2.191,2.191,2.19,2.19,548.82
1767759480000,2.191,2.193,2.191,2.193,119.09
1767759540000,2.193,2.193,2.191,2.191,2125.09
1767759600000,2.192,2.193,2.192,2.193,2366.4
1767759660000,2.194,2.197,2.194,2.197,1016.74
1767759720000,2.197,2.2,2.197,2.2,5824.24
1767759780000,2.2,2.203,2.2,2.202,17026.12
1767759840000,2.202,2.202,2.199,2.199,6098.28
1767759900000,2.2,2.202,2.2,2.202,1911.11
1767759960000,2.201,2.201,2.198,2.198,5495.57
1767760020000,2.198,2.198,2.197,2.198,388.82
1767760080000,2.199,2.199,2.198,2.198,2065.32
1767760140000,2.198,2.198,2.198,2.198,827.92
1767760200000,2.198,2.199,2.198,2.198,1335.19
1767760260000,2.199,2.201,2.198,2.201,5623.14
1767760320000,2.201,2.202,2.201,2.202,1484.88
1767760380000,2.201,2.202,2.201,2.202,492.73
1767760440000,2.202,2.202,2.201,2.201,5525.71
1767760500000,2.201,2.201,2.197,2.197,3823.52
1767760560000,2.197,2.199,2.197,2.199,162.5
1767760620000,2.199,2.199,2.198,2.199,2533.66
1767760680000,2.198,2.199,2.198,2.198,3848.86
1767760740000,2.198,2.198,2.195,2.195,4632.23
1767760800000,2.196,2.2,2.196,2.2,1940.39
1767760860000,2.2,2.202,2.2,2.202,1349.16
1767760920000,2.202,2.207,2.202,2.207,8623.12
1767760980000,2.207,2.209,2.207,2.208,13353.97
1767761040000,2.208,2.209,2.208,2.209,3440.73
1767761100000,2.21,2.21,2.207,2.209,930.92
1767761160000,2.208,2.208,2.204,2.204,11894.32
1767761220000,2.204,2.204,2.202,2.202,535.26
1767761280000,2.201,2.201,2.198,2.198,893.95
1767761340000,2.198,2.198,2.196,2.196,5842.07
1767761400000,2.195,2.196,2.194,2.195,1304.19
1767761460000,2.195,2.197,2.195,2.197,1020.68
1767761520000,2.195,2.196,2.194,2.196,2259.84
1767761580000,2.196,2.196,2.195,2.195,95.17
1767761640000,2.196,2.196,2.193,2.193,3744.14
1767761700000,2.193,2.193,2.192,2.192,1402.55
1767761760000,2.192,2.195,2.192,2.195,4127.8
1767761820000,2.194,2.195,2.194,2.194,141.24
1767761880000,2.194,2.195,2.194,2.195,149.23
1767761940000,2.196,2.196,2.195,2.195,107.16
1767762000000,2.196,2.196,2.195,2.196,2323.02
1767762060000,2.197,2.199,2.197,2.199,6747.08
1767762120000,2.2,2.2,2.199,2.199,7599.28
1767762180000,2.2,2.2,2.199,2.2,5921.65
1767762240000,2.201,2.201,2.201,2.201,91.6
1767762300000,2.201,2.201,2.197,2.197,6904.77
1767762360000,2.197,2.199,2.197,2.199,2591.91
1767762420000,2.2,2.201,2.2,2.201,1549.73
1767762480000,2.201,2.202,2.201,2.201,2984.28
1767762540000,2.201,2.202,2.201,2.202,8362.06
1767762600000,2.203,2.204,2.203,2.204,1781.44
1767762660000,2.203,2.204,2.203,2.203,1249.75
1767762720000,2.202,2.204,2.202,2.203,4417.82
1767762780000,2.204,2.208,2.204,2.207,3117.55
1767762840000,2.207,2.207,2.207,2.207,2453.19
1767762900000,2.207,2.21,2.207,2.21,6654.17
1767762960000,2.21,2.213,2.21,2.213,8896.18
1767763020000,2.213,2.214,2.213,2.213,2462.67
1767763080000,2.213,2.213,2.212,2.212,2382.59
1767763140000,2.212,2.213,2.211,2.213,4086.62
1767763200000,2.213,2.213,2.212,2.212,3702.36
1767763260000,2.213,2.213,2.212,2.213,288.64
1767763320000,2.213,2.213,2.206,2.206,3164.42
1767763380000,2.206,2.206,2.202,2.202,1996.19
1767763440000,2.202,2.202,2.201,2.201,565.78
1767763500000,2.202,2.202,2.2,2.2,1568.89
1767763560000,2.201,2.201,2.199,2.199,175.09
1767763620000,2.198,2.199,2.197,2.197,113.42
1767763680000,2.197,2.198,2.197,2.198,2084.47
1767763740000,2.198,2.198,2.197,2.197,44.08
1767763800000,2.198,2.204,2.198,2.204,2090.4
1767763860000,2.205,2.21,2.203,2.209,19854.69
1767763920000,2.209,2.212,2.207,2.212,1643.38
1767763980000,2.212,2.215,2.212,2.212,1081.54
1767764040000,2.212,2.213,2.211,2.211,2323.52
1767764100000,2.21,2.212,2.209,2.212,1371.23
1767764160000,2.21,2.211,2.209,2.209,115.43
1767764220000,2.21,2.21,2.208,2.208,213.07
1767764280000,2.207,2.207,2.206,2.206,644.29
1767764340000,2.207,2.21,2.207,2.21,2612.86
1767764400000,2.211,2.211,2.209,2.209,348.75
1767764460000,2.208,2.209,2.208,2.209,4312.84
1767764520000,2.209,2.209,2.206,2.206,1879.69
1767764580000,2.206,2.207,2.205,2.205,559.48
1767764640000,2.205,2.205,2.203,2.203,417.35
1767764700000,2.203,2.203,2.198,2.198,2045.34
1767764760000,2.197,2.2,2.197,2.2,3098.12
1767764820000,2.2,2.2,2.199,2.199,2033.7
1767764880000,2.199,2.199,2.194,2.196,8591.02
1767764940000,2.197,2.197,2.195,2.197,899.33
1767765000000,2.197,2.198,2.196,2.198,740.68
1767765060000,2.198,2.199,2.197,2.198,730.83
1767765120000,2.198,2.199,2.197,2.199,3409.8
1767765180000,2.199,2.199,2.198,2.199,366.98
1767765240000,2.198,2.198,2.196,2.198,2512.53
1767765300000,2.197,2.197,2.195,2.195,575.2
1767765360000,2.197,2.198,2.196,2.196,1360.16
1767765420000,2.196,2.197,2.196,2.196,401.42
1767765480000,2.196,2.197,2.195,2.195,2262.54
1767765540000,2.195,2.196,2.195,2.196,26.33
1767765600000,2.195,2.196,2.195,2.196,3388.54
1767765660000,2.196,2.196,2.195,2.196,995.61
1767765720000,2.195,2.196,2.194,2.195,4669.42
1767765780000,2.196,2.197,2.196,2.197,794.48
1767765840000,2.196,2.196,2.193,2.194,5856.88
1767765900000,2.193,2.195,2.193,2.194,4023.22
1767765960000,2.194,2.195,2.192,2.192,1186.57
1767766020000,2.192,2.194,2.19,2.193,3434.01
1767766080000,2.192,2.193,2.191,2.192,1170.64
1767766140000,2.192,2.194,2.192,2.194,515.33
1767766200000,2.194,2.199,2.194,2.199,8282.16
1767766260000,2.198,2.198,2.197,2.198,4013.25
1767766320000,2.197,2.197,2.194,2.194,733.95
1767766380000,2.193,2.194,2.192,2.194,304.08
1767766440000,2.193,2.193,2.193,2.193,153.16
1767766500000,2.193,2.194,2.193,2.193,44.37
1767766560000,2.193,2.195,2.193,2.195,1247.09
1767766620000,2.195,2.197,2.195,2.196,1816.17
1767766680000,2.197,2.197,2.196,2.196,1707.59
1767766740000,2.196,2.196,2.194,2.194,1209.73
1767766800000,2.193,2.194,2.193,2.194,49.22
1767766860000,2.194,2.198,2.194,2.198,562.77
1767766920000,2.199,2.2,2.199,2.2,699.96
1767766980000,2.199,2.2,2.198,2.2,427.9
1767767040000,2.2,2.2,2.2,2.2,20.96
1767767100000,2.201,2.202,2.2,2.201,1046.77
1767767160000,2.2,2.2,2.2,2.2,20.93
1767767220000,2.2,2.2,2.199,2.199,47.64
1767767280000,2.2,2.2,2.2,2.2,95.27
1767767340000,2.2,2.2,2.2,2.2,1306.14
1767767400000,2.2,2.201,2.2,2.201,66.73
1767767460000,2.2,2.202,2.2,2.202,378.88
1767767520000,2.201,2.201,2.198,2.199,3457.43
1767767580000,2.199,2.199,2.197,2.198,146.28
1767767640000,2.198,2.198,2.197,2.198,192.43
1767767700000,2.197,2.197,2.194,2.195,1054.85
1767767760000,2.195,2.196,2.194,2.195,1949.34
1767767820000,2.194,2.194,2.192,2.193,2572.52
1767767880000,2.193,2.193,2.191,2.191,4063.22
1767767940000,2.193,2.194,2.193,2.193,475.37
1767768000000,2.194,2.194,2.192,2.192,171.08
1767768060000,2.193,2.194,2.193,2.193,129.38
1767768120000,2.194,2.194,2.193,2.194,42.46
1767768180000,2.193,2.193,2.19,2.191,5121.45
1767768240000,2.191,2.191,2.191,2.191,955.53
1767768300000,2.19,2.191,2.19,2.191,889.32
1767768360000,2.191,2.193,2.191,2.192,2702.69
1767768420000,2.192,2.193,2.192,2.193,1235.65
1767768480000,2.193,2.193,2.193,2.193,20.9
1767768540000,2.193,2.195,2.193,2.195,1035.38
1767768600000,2.194,2.194,2.193,2.194,924.69
1767768660000,2.195,2.196,2.195,2.195,1454.75
1767768720000,2.195,2.196,2.194,2.194,3894.08
1767768780000,2.194,2.194,2.192,2.192,402.06
1767768840000,2.192,2.193,2.191,2.192,209.83
1767768900000,2.192,2.193,2.192,2.192,96.41
1767768960000,2.192,2.193,2.192,2.192,554.75
1767769020000,2.193,2.193,2.192,2.193,76.39
1767769080000,2.192,2.193,2.191,2.193,200.27
1767769140000,2.193,2.193,2.192,2.193,1545.19
1767769200000,2.192,2.194,2.192,2.194,505.48
1767769260000,2.194,2.195,2.194,2.195,390.39
1767769320000,2.195,2.197,2.195,2.197,1825.76
1767769380000,2.197,2.197,2.196,2.197,616.35
1767769440000,2.196,2.198,2.196,2.197,1741.57
1767769500000,2.197,2.197,2.196,2.196,335.15
1767769560000,2.197,2.197,2.196,2.196,43.49
1767769620000,2.196,2.197,2.196,2.197,151.83
1767769680000,2.196,2.197,2.196,2.196,410.61
1767769740000,2.196,2.196,2.195,2.195,514.24
1767769800000,2.196,2.199,2.195,2.199,1134.62
1767769860000,2.198,2.2,2.198,2.2,638.24
1767769920000,2.2,2.203,2.2,2.202,2284.06
1767769980000,2.203,2.206,2.203,2.205,1271.66
1767770040000,2.205,2.207,2.204,2.206,2497.04
1767770100000,2.207,2.21,2.206,2.209,1485.74
1767770160000,2.208,2.215,2.208,2.214,8463.34
1767770220000,2.213,2.215,2.212,2.215,6701.52
1767770280000,2.213,2.214,2.213,2.214,862.27
1767770340000,2.214,2.217,2.214,2.216,6115.72
1767770400000,2.216,2.216,2.214,2.214,4766.08
1767770460000,2.214,2.214,2.211,2.213,2680.12
1767770520000,2.213,2.214,2.211,2.214,15172.35
1767770580000,2.215,2.215,2.213,2.214,4301.0
1767770640000,2.214,2.216,2.212,2.216,6317.79
1767770700000,2.216,2.219,2.216,2.218,6882.24
1767770760000,2.219,2.221,2.218,2.22,11168.17
1767770820000,2.22,2.221,2.22,2.22,2141.82
1767770880000,2.221,2.221,2.22,2.221,1751.75
1767770940000,2.221,2.221,2.22,2.22,2075.97
1767771000000,2.22,2.224,2.22,2.223,14597.72
1767771060000,2.223,2.225,2.221,2.223,9615.26
1767771120000,2.223,2.226,2.223,2.224,6487.09
1767771180000,2.225,2.23,2.225,2.229,15806.38
1767771240000,2.229,2.229,2.226,2.226,4822.69
1767771300000,2.226,2.229,2.225,2.229,8643.94
1767771360000,2.229,2.231,2.229,2.23,5424.27
1767771420000,2.231,2.235,2.231,2.235,29066.18
1767771480000,2.234,2.239,2.234,2.237,21937.45
1767771540000,2.236,2.237,2.231,2.233,2334.24
1767771600000,2.232,2.232,2.227,2.228,6514.79
1767771660000,2.229,2.234,2.229,2.234,2770.13
1767771720000,2.233,2.233,2.23,2.23,6877.05
1767771780000,2.23,2.231,2.229,2.231,811.58
1767771840000,2.23,2.233,2.228,2.231,3250.22
1767771900000,2.231,2.231,2.23,2.23,2042.86
1767771960000,2.231,2.232,2.23,2.231,1617.01
1767772020000,2.231,2.234,2.231,2.233,9648.49
1767772080000,2.233,2.234,2.233,2.234,5948.67
1767772140000,2.234,2.238,2.232,2.232,25210.21
1767772200000,2.233,2.235,2.233,2.234,3143.69
1767772260000,2.235,2.236,2.233,2.236,4273.77
1767772320000,2.236,2.237,2.234,2.236,8423.13
1767772380000,2.236,2.239,2.236,2.237,10056.55
1767772440000,2.236,2.237,2.236,2.236,573.49
1767772500000,2.236,2.236,2.235,2.236,3579.05
1767772560000,2.236,2.238,2.236,2.237,2627.29
1767772620000,2.237,2.237,2.235,2.236,6311.87
1767772680000,2.236,2.239,2.236,2.238,8678.3
1767772740000,2.238,2.239,2.237,2.239,8847.73
1767772800000,2.24,2.247,2.238,2.245,25632.46
1767772860000,2.245,2.245,2.241,2.242,4042.84
1767772920000,2.242,2.244,2.242,2.242,5220.67
1767772980000,2.242,2.242,2.235,2.237,19754.86
1767773040000,2.237,2.237,2.234,2.235,2824.61
1767773100000,2.235,2.237,2.234,2.235,8302.42
1767773160000,2.235,2.236,2.234,2.235,5998.2
1767773220000,2.234,2.237,2.232,2.237,6192.77
1767773280000,2.237,2.237,2.233,2.233,3068.16
1767773340000,2.234,2.235,2.233,2.234,2174.32
1767773400000,2.234,2.235,2.233,2.233,1502.1
1767773460000,2.234,2.234,2.231,2.231,1944.19
1767773520000,2.231,2.233,2.228,2.228,2417.67
1767773580000,2.228,2.23,2.228,2.23,3013.03
1767773640000,2.229,2.23,2.228,2.228,239.03
1767773700000,2.229,2.231,2.229,2.231,753.85
1767773760000,2.231,2.233,2.23,2.233,1262.88
1767773820000,2.232,2.234,2.232,2.233,42.61
1767773880000,2.233,2.233,2.23,2.23,2140.16
1767773940000,2.231,2.233,2.231,2.233,7755.99
1767774000000,2.232,2.233,2.231,2.232,1366.77
1767774060000,2.231,2.233,2.23,2.232,688.35
1767774120000,2.232,2.232,2.229,2.229,1369.33
1767774180000,2.229,2.229,2.222,2.222,4545.15
1767774240000,2.221,2.223,2.221,2.222,1006.97
1767774300000,2.222,2.222,2.221,2.222,2207.28
1767774360000,2.222,2.222,2.218,2.219,5771.77
1767774420000,2.219,2.221,2.219,2.221,1238.44
1767774480000,2.221,2.222,2.221,2.222,2473.64
1767774540000,2.221,2.222,2.221,2.222,689.36
1767774600000,2.223,2.225,2.222,2.224,2131.5
1767774660000,2.225,2.23,2.225,2.229,15602.34
1767774720000,2.228,2.23,2.227,2.23,1609.26
1767774780000,2.231,2.231,2.226,2.226,4015.78
1767774840000,2.225,2.225,2.224,2.224,258.85
1767774900000,2.225,2.225,2.222,2.222,2972.1
1767774960000,2.223,2.223,2.222,2.223,173.45
1767775020000,2.224,2.225,2.223,2.225,261.57
1767775080000,2.226,2.227,2.225,2.225,273.43
1767775140000,2.225,2.226,2.224,2.225,686.8
1767775200000,2.226,2.226,2.22,2.222,19209.39
1767775260000,2.223,2.223,2.22,2.222,954.12
1767775320000,2.222,2.225,2.222,2.223,3463.98
1767775380000,2.222,2.225,2.222,2.224,3433.79
1767775440000,2.224,2.226,2.224,2.224,2814.08
1767775500000,2.223,2.226,2.223,2.224,5875.88
1767775560000,2.224,2.228,2.224,2.227,1642.8
1767775620000,2.226,2.226,2.224,2.225,2391.15
1767775680000,2.226,2.227,2.225,2.225,843.8
1767775740000,2.226,2.226,2.224,2.226,1448.96
1767775800000,2.226,2.227,2.226,2.227,1927.23
1767775860000,2.227,2.238,2.227,2.238,10118.21
1767775920000,2.237,2.244,2.237,2.239,39335.89
1767775980000,2.239,2.249,2.238,2.245,29354.62
1767776040000,2.245,2.246,2.239,2.239,6269.16
1767776100000,2.239,2.241,2.239,2.241,2659.38
1767776160000,2.24,2.244,2.24,2.243,8469.21
1767776220000,2.242,2.242,2.237,2.237,340.25
1767776280000,2.236,2.239,2.236,2.239,1603.67
1767776340000,2.239,2.239,2.237,2.237,1868.87
1767776400000,2.237,2.237,2.229,2.23,3149.22
1767776460000,2.229,2.234,2.229,2.233,2751.21
1767776520000,2.233,2.236,2.233,2.234,1593.82
1767776580000,2.233,2.233,2.232,2.232,924.57
1767776640000,2.231,2.233,2.231,2.233,671.07
1767776700000,2.232,2.232,2.23,2.23,2856.37
1767776760000,2.231,2.231,2.226,2.226,13438.07
1767776820000,2.227,2.228,2.222,2.226,14223.37
1767776880000,2.226,2.227,2.223,2.226,7700.55
1767776940000,2.227,2.234,2.227,2.232,20134.05
1767777000000,2.233,2.235,2.233,2.233,5738.12
1767777060000,2.233,2.236,2.229,2.23,23105.81
1767777120000,2.229,2.231,2.229,2.231,17579.78
1767777180000,2.231,2.233,2.227,2.229,13744.61
1767777240000,2.23,2.231,2.227,2.227,1124.69
1767777300000,2.226,2.23,2.226,2.23,3518.17
1767777360000,2.231,2.231,2.227,2.227,4018.79
1767777420000,2.226,2.23,2.226,2.229,2625.41
1767777480000,2.228,2.228,2.218,2.218,18326.55
1767777540000,2.218,2.219,2.215,2.216,8933.69
1767777600000,2.216,2.217,2.215,2.215,15937.89
1767777660000,2.216,2.217,2.213,2.215,6569.45
1767777720000,2.215,2.215,2.209,2.209,9060.25
1767777780000,2.21,2.212,2.208,2.212,13286.03
1767777840000,2.213,2.215,2.211,2.211,2457.94
1767777900000,2.211,2.212,2.21,2.212,8592.76
1767777960000,2.211,2.213,2.21,2.212,3385.63
1767778020000,2.212,2.212,2.209,2.211,3510.68
1767778080000,2.211,2.211,2.21,2.21,2318.56
1767778140000,2.209,2.212,2.208,2.209,10684.44
1767778200000,2.21,2.214,2.21,2.213,16718.39
1767778260000,2.213,2.213,2.207,2.207,4586.24
1767778320000,2.207,2.21,2.205,2.205,7859.24
1767778380000,2.206,2.207,2.2,2.204,129018.63
1767778440000,2.203,2.203,2.198,2.2,33240.65
1767778500000,2.201,2.201,2.199,2.201,9831.27
1767778560000,2.201,2.203,2.2,2.2,1810.5
1767778620000,2.2,2.202,2.199,2.201,5228.19
1767778680000,2.2,2.201,2.2,2.2,1266.32
1767778740000,2.199,2.201,2.199,2.201,5452.17
1767778800000,2.201,2.201,2.199,2.199,2823.97
1767778860000,2.199,2.201,2.196,2.196,21559.31
1767778920000,2.196,2.196,2.191,2.196,11719.23
1767778980000,2.197,2.197,2.195,2.196,1746.44
1767779040000,2.196,2.197,2.195,2.195,468.23
1767779100000,2.195,2.195,2.191,2.192,3126.71
1767779160000,2.191,2.191,2.184,2.184,33345.69
1767779220000,2.183,2.184,2.179,2.181,26545.59
1767779280000,2.181,2.184,2.181,2.183,12783.87
1767779340000,2.182,2.188,2.182,2.188,8101.25
1767779400000,2.189,2.189,2.184,2.186,6895.39
1767779460000,2.187,2.189,2.186,2.187,3343.6
1767779520000,2.188,2.188,2.186,2.188,3956.54
1767779580000,2.187,2.191,2.187,2.19,12515.14
1767779640000,2.189,2.191,2.189,2.189,17214.6
1767779700000,2.188,2.189,2.186,2.187,8623.59
1767779760000,2.188,2.188,2.185,2.187,1906.56
1767779820000,2.186,2.187,2.185,2.185,2287.14
1767779880000,2.185,2.186,2.185,2.186,1969.06
1767779940000,2.186,2.186,2.183,2.183,2069.03
1767780000000,2.183,2.186,2.181,2.186,6438.96
1767780060000,2.186,2.186,2.183,2.183,3193.53
1767780120000,2.183,2.184,2.183,2.184,1193.53
1767780180000,2.184,2.19,2.183,2.189,8049.56
1767780240000,2.188,2.188,2.186,2.186,180.74
1767780300000,2.186,2.187,2.185,2.186,1816.75
1767780360000,2.187,2.188,2.185,2.188,1113.4
1767780420000,2.187,2.191,2.187,2.189,8038.02
1767780480000,2.189,2.189,2.187,2.188,2477.84
1767780540000,2.188,2.191,2.188,2.191,171.1
1767780600000,2.19,2.191,2.186,2.189,2504.46
1767780660000,2.189,2.189,2.187,2.189,1866.92
1767780720000,2.189,2.189,2.187,2.187,1506.98
1767780780000,2.188,2.189,2.187,2.188,2107.99
1767780840000,2.188,2.188,2.186,2.186,5835.71
1767780900000,2.186,2.186,2.184,2.184,1472.81
1767780960000,2.185,2.185,2.184,2.185,1038.7
1767781020000,2.185,2.186,2.184,2.186,572.08
1767781080000,2.186,2.186,2.183,2.183,2814.09
1767781140000,2.183,2.183,2.181,2.183,2238.35
1767781200000,2.182,2.183,2.182,2.182,563.17
1767781260000,2.182,2.184,2.182,2.184,1127.28
1767781320000,2.183,2.184,2.182,2.183,4914.97
1767781380000,2.182,2.182,2.18,2.181,2430.02
1767781440000,2.181,2.181,2.179,2.179,2261.82
1767781500000,2.179,2.18,2.179,2.179,6927.3
1767781560000,2.179,2.179,2.179,2.179,333.28
1767781620000,2.18,2.181,2.18,2.181,7370.19
1767781680000,2.181,2.181,2.178,2.179,2875.04
1767781740000,2.179,2.181,2.179,2.181,102.76
1767781800000,2.182,2.182,2.18,2.181,1145.67
1767781860000,2.181,2.184,2.181,2.184,2527.65
1767781920000,2.185,2.189,2.185,2.188,17350.73
1767781980000,2.188,2.188,2.186,2.187,2284.83
1767782040000,2.186,2.186,2.184,2.186,2647.34
1767782100000,2.186,2.187,2.186,2.187,1616.83
1767782160000,2.187,2.187,2.186,2.186,1477.82
1767782220000,2.187,2.19,2.185,2.19,2442.46
1767782280000,2.191,2.191,2.187,2.188,6111.99
1767782340000,2.188,2.188,2.184,2.186,2601.06
1767782400000,2.185,2.186,2.184,2.186,2215.82
1767782460000,2.186,2.186,2.184,2.185,2872.4
1767782520000,2.186,2.186,2.183,2.184,2844.64
1767782580000,2.185,2.185,2.184,2.185,462.0
1767782640000,2.184,2.184,2.182,2.183,1583.91
1767782700000,2.183,2.185,2.182,2.183,1610.49
1767782760000,2.183,2.186,2.183,2.185,114.34
1767782820000,2.185,2.186,2.185,2.185,432.87
1767782880000,2.186,2.186,2.184,2.186,906.83
1767782940000,2.185,2.187,2.185,2.187,1274.68
1767783000000,2.188,2.188,2.186,2.188,930.77
1767783060000,2.188,2.188,2.183,2.184,10379.09
1767783120000,2.185,2.185,2.183,2.184,1301.31
1767783180000,2.184,2.186,2.182,2.184,1265.73
1767783240000,2.185,2.186,2.184,2.185,3410.13
1767783300000,2.186,2.186,2.182,2.184,5056.25
1767783360000,2.183,2.184,2.183,2.184,926.21
1767783420000,2.184,2.184,2.183,2.183,370.92
1767783480000,2.183,2.185,2.182,2.184,17093.99
1767783540000,2.184,2.186,2.183,2.183,288.1
1767783600000,2.183,2.183,2.18,2.18,2739.71
1767783660000,2.18,2.182,2.18,2.181,1868.11
1767783720000,2.181,2.182,2.18,2.182,2107.66
1767783780000,2.182,2.183,2.182,2.182,33.02
1767783840000,2.182,2.184,2.182,2.184,528.88
1767783900000,2.185,2.189,2.185,2.187,1157.82
1767783960000,2.188,2.19,2.188,2.19,1404.76
1767784020000,2.19,2.191,2.188,2.19,1909.0
1767784080000,2.19,2.19,2.188,2.188,2356.12
1767784140000,2.189,2.189,2.188,2.189,513.04
1767784200000,2.189,2.189,2.188,2.188,946.1
1767784260000,2.189,2.189,2.184,2.185,21982.29
1767784320000,2.185,2.186,2.184,2.186,13792.42
1767784380000,2.186,2.186,2.185,2.185,68.39
1767784440000,2.186,2.187,2.185,2.186,472.78
1767784500000,2.186,2.189,2.186,2.189,1395.15
1767784560000,2.189,2.189,2.187,2.189,549.65
1767784620000,2.189,2.19,2.188,2.188,2956.06
1767784680000,2.189,2.19,2.189,2.19,412.81
1767784740000,2.191,2.191,2.19,2.191,42.25
1767784800000,2.19,2.19,2.187,2.189,853.99
1767784860000,2.189,2.191,2.189,2.19,1810.39
1767784920000,2.19,2.192,2.19,2.192,2965.64
1767784980000,2.191,2.191,2.19,2.19,3263.93
1767785040000,2.19,2.192,2.19,2.191,136.27
1767785100000,2.19,2.19,2.188,2.189,1093.5
1767785160000,2.188,2.189,2.188,2.189,69.66
1767785220000,2.189,2.189,2.187,2.187,5752.52
1767785280000,2.187,2.187,2.186,2.186,2030.95
1767785340000,2.186,2.187,2.186,2.187,398.96
1767785400000,2.186,2.186,2.185,2.186,1816.62
1767785460000,2.185,2.185,2.184,2.185,1422.83
1767785520000,2.184,2.187,2.184,2.187,6778.03
1767785580000,2.188,2.188,2.185,2.187,9871.96
1767785640000,2.187,2.188,2.187,2.187,2233.54
1767785700000,2.187,2.19,2.187,2.19,2087.45
1767785760000,2.19,2.19,2.187,2.187,1089.71
1767785820000,2.188,2.189,2.188,2.189,453.3
1767785880000,2.19,2.19,2.19,2.19,338.91
1767785940000,2.19,2.19,2.19,2.19,891.5
1767786000000,2.19,2.192,2.19,2.192,5021.69
1767786060000,2.191,2.191,2.19,2.19,1782.21
1767786120000,2.189,2.19,2.188,2.188,555.59
1767786180000,2.189,2.191,2.189,2.19,9623.82
1767786240000,2.189,2.189,2.187,2.187,5780.66
1767786300000,2.188,2.188,2.186,2.187,2072.88
1767786360000,2.188,2.188,2.186,2.186,1951.58
1767786420000,2.186,2.189,2.186,2.189,9935.66
1767786480000,2.188,2.189,2.188,2.189,1417.08
1767786540000,2.188,2.188,2.186,2.186,1262.62
1767786600000,2.187,2.19,2.187,2.19,1802.07
1767786660000,2.19,2.193,2.188,2.192,1090.72
1767786720000,2.193,2.195,2.193,2.195,710.05
1767786780000,2.195,2.197,2.194,2.196,10021.97
1767786840000,2.196,2.199,2.194,2.195,3735.47
1767786900000,2.194,2.197,2.194,2.196,524.76
1767786960000,2.195,2.196,2.194,2.195,9334.59
1767787020000,2.196,2.198,2.195,2.196,14794.38
1767787080000,2.196,2.197,2.196,2.196,1793.92
1767787140000,2.196,2.2,2.196,2.199,12018.13
1767787200000,2.198,2.198,2.197,2.197,596.75
1767787260000,2.197,2.198,2.196,2.198,224.44
1767787320000,2.197,2.197,2.193,2.194,3403.28
1767787380000,2.193,2.195,2.193,2.195,5346.14
1767787440000,2.196,2.196,2.195,2.195,1809.92
1767787500000,2.194,2.194,2.193,2.193,2941.29
1767787560000,2.192,2.192,2.187,2.187,2103.61
1767787620000,2.187,2.189,2.184,2.186,4152.38
1767787680000,2.186,2.188,2.186,2.188,1588.35
1767787740000,2.187,2.188,2.187,2.187,376.51
1767787800000,2.187,2.189,2.186,2.189,1262.32
1767787860000,2.189,2.19,2.189,2.19,359.98
1767787920000,2.19,2.191,2.19,2.19,464.82
1767787980000,2.191,2.191,2.19,2.19,406.24
1767788040000,2.191,2.191,2.189,2.189,3381.54
1767788100000,2.189,2.191,2.189,2.19,2703.52
1767788160000,2.191,2.193,2.191,2.193,2345.24
1767788220000,2.194,2.195,2.193,2.193,1606.09
1767788280000,2.192,2.192,2.189,2.19,10039.62
1767788340000,2.189,2.191,2.189,2.191,1355.57
1767788400000,2.191,2.193,2.19,2.192,2056.74
1767788460000,2.192,2.192,2.19,2.19,1630.3
1767788520000,2.19,2.19,2.187,2.187,1154.55
1767788580000,2.188,2.189,2.187,2.188,885.53
1767788640000,2.188,2.188,2.186,2.186,1104.9
1767788700000,2.185,2.185,2.183,2.183,1518.96
1767788760000,2.183,2.183,2.181,2.181,3893.22
1767788820000,2.182,2.184,2.182,2.184,3620.89
1767788880000,2.184,2.184,2.182,2.182,2887.02
1767788940000,2.182,2.183,2.182,2.183,14.02
1767789000000,2.183,2.184,2.183,2.184,143.74
1767789060000,2.184,2.185,2.184,2.185,356.77
1767789120000,2.184,2.185,2.184,2.185,505.71
1767789180000,2.184,2.184,2.174,2.178,46495.48
1767789240000,2.178,2.18,2.176,2.176,11194.87
1767789300000,2.176,2.177,2.176,2.177,2395.89
1767789360000,2.177,2.179,2.177,2.177,2132.88
1767789420000,2.177,2.179,2.177,2.178,2695.77
1767789480000,2.178,2.178,2.176,2.178,732.46
1767789540000,2.179,2.179,2.178,2.178,492.03
1767789600000,2.179,2.179,2.177,2.178,735.42
1767789660000,2.178,2.179,2.177,2.179,3417.77
1767789720000,2.179,2.179,2.176,2.177,1516.53
1767789780000,2.177,2.18,2.177,2.179,892.75
1767789840000,2.18,2.18,2.179,2.179,1765.42
1767789900000,2.18,2.181,2.178,2.18,6356.55
1767789960000,2.181,2.181,2.18,2.18,1249.96
1767790020000,2.18,2.18,2.179,2.179,446.62
1767790080000,2.18,2.181,2.179,2.18,1586.42
1767790140000,2.181,2.181,2.181,2.181,1833.09
1767790200000,2.181,2.181,2.179,2.181,506.7
1767790260000,2.181,2.181,2.178,2.181,2184.24
1767790320000,2.181,2.181,2.18,2.181,2665.23
1767790380000,2.181,2.181,2.177,2.177,600.81
1767790440000,2.177,2.179,2.176,2.179,6397.05
1767790500000,2.178,2.178,2.174,2.174,683.25
1767790560000,2.175,2.176,2.174,2.175,2151.19
1767790620000,2.176,2.176,2.175,2.175,829.56
1767790680000,2.175,2.176,2.175,2.176,1346.08
1767790740000,2.176,2.177,2.174,2.177,2219.06
1767790800000,2.177,2.179,2.177,2.179,1520.91
1767790860000,2.18,2.181,2.179,2.181,2896.79
1767790920000,2.181,2.181,2.179,2.179,1387.14
1767790980000,2.18,2.18,2.179,2.179,77.04
1767791040000,2.179,2.182,2.179,2.182,664.65
1767791100000,2.181,2.181,2.181,2.181,250.49
1767791160000,2.181,2.181,2.179,2.18,941.89
1767791220000,2.179,2.179,2.173,2.174,5383.27
1767791280000,2.174,2.176,2.174,2.175,525.15
1767791340000,2.174,2.174,2.168,2.17,13219.6
1767791400000,2.17,2.174,2.17,2.173,1804.04
1767791460000,2.174,2.178,2.174,2.178,11309.61
1767791520000,2.178,2.178,2.175,2.175,1296.58
1767791580000,2.175,2.175,2.169,2.17,20542.24
1767791640000,2.17,2.17,2.17,2.17,882.82
1767791700000,2.17,2.175,2.169,2.175,2315.95
1767791760000,2.174,2.178,2.174,2.178,2050.98
1767791820000,2.178,2.18,2.176,2.18,644.23
1767791880000,2.18,2.18,2.177,2.179,387.61
1767791940000,2.179,2.179,2.176,2.177,969.27
1767792000000,2.176,2.181,2.176,2.181,3499.15
1767792060000,2.182,2.187,2.182,2.187,31026.21
1767792120000,2.187,2.187,2.183,2.183,20959.34
1767792180000,2.182,2.182,2.18,2.181,5389.54
1767792240000,2.181,2.184,2.18,2.184,392.75
1767792300000,2.185,2.185,2.182,2.183,306.92
1767792360000,2.184,2.188,2.184,2.188,1938.65
1767792420000,2.189,2.19,2.187,2.187,4382.43
1767792480000,2.188,2.188,2.182,2.182,3215.42
1767792540000,2.181,2.184,2.181,2.183,252.07
1767792600000,2.183,2.183,2.181,2.183,6514.2
1767792660000,2.183,2.183,2.181,2.181,871.42
1767792720000,2.181,2.181,2.18,2.18,6412.8
1767792780000,2.18,2.181,2.179,2.18,2805.05
1767792840000,2.18,2.181,2.18,2.18,781.56
1767792900000,2.179,2.179,2.177,2.179,761.16
1767792960000,2.178,2.178,2.176,2.176,655.8
1767793020000,2.176,2.177,2.176,2.176,1773.41
1767793080000,2.176,2.176,2.173,2.173,3596.65
1767793140000,2.174,2.176,2.173,2.176,1137.31
1767793200000,2.176,2.176,2.175,2.176,1814.26
1767793260000,2.177,2.179,2.176,2.179,855.75
1767793320000,2.179,2.179,2.177,2.178,1509.26
1767793380000,2.178,2.178,2.177,2.177,2077.42
1767793440000,2.178,2.178,2.177,2.177,1205.6
1767793500000,2.178,2.179,2.178,2.178,599.88
1767793560000,2.177,2.177,2.173,2.173,1596.98
1767793620000,2.173,2.174,2.173,2.174,412.2
1767793680000,2.173,2.175,2.173,2.175,576.57
1767793740000,2.176,2.177,2.174,2.175,527.34
1767793800000,2.174,2.174,2.169,2.171,4361.66
1767793860000,2.171,2.172,2.17,2.172,3002.71
1767793920000,2.172,2.173,2.171,2.173,832.69
1767793980000,2.172,2.172,2.17,2.171,711.82
1767794040000,2.171,2.172,2.17,2.17,405.95
1767794100000,2.17,2.171,2.169,2.169,4510.72
1767794160000,2.169,2.171,2.166,2.167,5563.32
1767794220000,2.168,2.169,2.168,2.168,2087.57
1767794280000,2.168,2.168,2.165,2.167,18064.89
1767794340000,2.167,2.168,2.167,2.167,159.41
1767794400000,2.168,2.168,2.167,2.167,2643.4
1767794460000,2.166,2.166,2.158,2.158,59728.53
1767794520000,2.16,2.161,2.15,2.152,29209.54
1767794580000,2.151,2.158,2.149,2.158,19587.1
1767794640000,2.157,2.16,2.156,2.156,7561.21
1767794700000,2.156,2.157,2.155,2.155,2063.7
1767794760000,2.154,2.155,2.148,2.153,50191.92
1767794820000,2.152,2.154,2.152,2.153,1971.01
1767794880000,2.154,2.156,2.153,2.153,3317.4
1767794940000,2.153,2.155,2.152,2.152,1723.33
1767795000000,2.152,2.154,2.152,2.154,5709.31
1767795060000,2.153,2.154,2.148,2.149,6925.22
1767795120000,2.149,2.15,2.148,2.148,2858.27
1767795180000,2.147,2.15,2.144,2.15,7927.17
1767795240000,2.149,2.151,2.149,2.149,3045.83
1767795300000,2.149,2.153,2.149,2.153,3015.15
1767795360000,2.153,2.153,2.148,2.148,2146.05
1767795420000,2.149,2.15,2.146,2.147,9978.78
1767795480000,2.147,2.147,2.142,2.144,7483.18
1767795540000,2.144,2.144,2.142,2.143,6174.97
1767795600000,2.143,2.148,2.142,2.148,9051.88
1767795660000,2.147,2.147,2.142,2.146,14503.84
1767795720000,2.147,2.148,2.143,2.144,2271.42
1767795780000,2.145,2.147,2.145,2.146,4279.88
1767795840000,2.146,2.146,2.144,2.145,2527.1
1767795900000,2.145,2.146,2.143,2.146,6147.59
1767795960000,2.146,2.146,2.142,2.142,5428.55
1767796020000,2.144,2.144,2.142,2.143,4830.02
1767796080000,2.143,2.143,2.141,2.142,5990.88
1767796140000,2.143,2.143,2.141,2.142,4018.05
1767796200000,2.143,2.15,2.142,2.147,13468.14
1767796260000,2.147,2.149,2.13,2.137,104562.65
1767796320000,2.136,2.15,2.134,2.15,25612.54
1767796380000,2.15,2.151,2.143,2.143,13684.1
1767796440000,2.144,2.152,2.144,2.151,7054.83
1767796500000,2.151,2.157,2.144,2.157,9577.1
1767796560000,2.158,2.162,2.154,2.158,24150.57
1767796620000,2.157,2.157,2.151,2.152,5653.06
1767796680000,2.153,2.16,2.153,2.158,9670.44
1767796740000,2.158,2.16,2.152,2.158,6688.64
1767796800000,2.159,2.161,2.156,2.156,27809.35
1767796860000,2.157,2.167,2.157,2.165,18565.29
1767796920000,2.165,2.167,2.163,2.165,7081.31
1767796980000,2.166,2.167,2.163,2.163,5779.16
1767797040000,2.163,2.163,2.159,2.16,6197.53
1767797100000,2.161,2.165,2.16,2.165,3075.06
1767797160000,2.165,2.172,2.163,2.169,46579.99
1767797220000,2.168,2.17,2.167,2.17,4200.63
1767797280000,2.168,2.168,2.165,2.167,3041.31
1767797340000,2.167,2.167,2.162,2.163,1706.98
1767797400000,2.162,2.167,2.161,2.165,3854.63
1767797460000,2.165,2.166,2.161,2.165,3779.14
1767797520000,2.166,2.166,2.163,2.166,2448.02
1767797580000,2.167,2.169,2.164,2.169,1717.85
1767797640000,2.168,2.168,2.163,2.164,586.0
1767797700000,2.164,2.173,2.164,2.171,4601.64
1767797760000,2.171,2.172,2.17,2.17,1732.88
1767797820000,2.169,2.169,2.163,2.165,1438.17
1767797880000,2.166,2.167,2.165,2.166,310.09
1767797940000,2.167,2.167,2.166,2.167,641.41
1767798000000,2.167,2.168,2.159,2.159,5259.19
1767798060000,2.158,2.162,2.155,2.155,3336.23
1767798120000,2.154,2.154,2.143,2.145,26725.08
1767798180000,2.145,2.145,2.139,2.142,27246.0
1767798240000,2.143,2.145,2.14,2.145,11506.56
1767798300000,2.146,2.148,2.143,2.148,4320.11
1767798360000,2.149,2.152,2.149,2.152,4457.76
1767798420000,2.152,2.152,2.149,2.15,1917.04
1767798480000,2.15,2.151,2.146,2.147,13319.22
1767798540000,2.148,2.148,2.143,2.145,1789.83
1767798600000,2.146,2.149,2.145,2.149,2973.86
1767798660000,2.148,2.149,2.146,2.149,1148.32
1767798720000,2.148,2.15,2.146,2.146,2010.87
1767798780000,2.148,2.149,2.146,2.147,1702.47
1767798840000,2.147,2.147,2.146,2.146,1123.88
1767798900000,2.147,2.147,2.143,2.145,2408.05
1767798960000,2.145,2.146,2.144,2.145,2934.49
1767799020000,2.145,2.145,2.136,2.14,11269.56
1767799080000,2.139,2.14,2.128,2.128,16028.31
1767799140000,2.128,2.135,2.127,2.134,23373.14
1767799200000,2.134,2.135,2.129,2.134,9751.32
1767799260000,2.134,2.138,2.129,2.138,9314.61
1767799320000,2.138,2.138,2.132,2.133,10904.34
1767799380000,2.134,2.14,2.134,2.14,9623.39
1767799440000,2.139,2.139,2.137,2.138,818.52
1767799500000,2.139,2.14,2.134,2.137,1495.75
1767799560000,2.136,2.136,2.133,2.134,2814.54
1767799620000,2.133,2.135,2.133,2.135,1324.25
1767799680000,2.134,2.142,2.134,2.141,19038.36
1767799740000,2.141,2.146,2.14,2.141,7958.73
1767799800000,2.141,2.141,2.135,2.135,1300.76
1767799860000,2.135,2.136,2.134,2.135,784.9
1767799920000,2.134,2.138,2.133,2.138,5148.78
1767799980000,2.138,2.139,2.136,2.137,5438.23
1767800040000,2.137,2.138,2.135,2.136,2111.25
1767800100000,2.137,2.142,2.137,2.14,1542.01
1767800160000,2.14,2.146,2.139,2.145,2175.21
1767800220000,2.145,2.147,2.142,2.142,1994.12
1767800280000,2.142,2.145,2.136,2.136,22959.54
1767800340000,2.135,2.137,2.132,2.134,5185.36
1767800400000,2.135,2.139,2.135,2.139,1155.48
1767800460000,2.139,2.141,2.139,2.14,1824.64
1767800520000,2.14,2.14,2.137,2.137,668.48
1767800580000,2.138,2.138,2.137,2.137,409.37
1767800640000,2.138,2.138,2.137,2.138,457.96
1767800700000,2.138,2.139,2.138,2.138,13436.08
1767800760000,2.139,2.139,2.133,2.135,2920.47
1767800820000,2.136,2.139,2.136,2.138,4835.87
1767800880000,2.138,2.14,2.138,2.14,13645.83
1767800940000,2.14,2.143,2.14,2.142,2548.95
1767801000000,2.141,2.143,2.139,2.14,415.28
1767801060000,2.139,2.143,2.139,2.141,1323.41
1767801120000,2.141,2.142,2.14,2.14,5239.7
1767801180000,2.139,2.139,2.138,2.138,969.32
1767801240000,2.139,2.139,2.139,2.139,30.14
1767801300000,2.138,2.138,2.137,2.138,239.27
1767801360000,2.139,2.139,2.134,2.136,4510.92
1767801420000,2.136,2.136,2.136,2.136,3571.3
1767801480000,2.136,2.136,2.136,2.136,97.81
1767801540000,2.136,2.137,2.136,2.136,2038.9
1767801600000,2.136,2.137,2.134,2.136,385.6
1767801660000,2.136,2.136,2.134,2.134,569.87
1767801720000,2.135,2.14,2.135,2.14,13004.84
1767801780000,2.14,2.141,2.139,2.14,3314.64
1767801840000,2.141,2.142,2.138,2.14,488.82
1767801900000,2.141,2.144,2.141,2.144,1647.38
1767801960000,2.143,2.144,2.142,2.144,28665.87
1767802020000,2.143,2.145,2.142,2.142,6227.46
1767802080000,2.142,2.146,2.142,2.146,2462.1
1767802140000,2.147,2.147,2.145,2.147,714.03
1767802200000,2.146,2.146,2.144,2.145,2788.88
1767802260000,2.145,2.147,2.145,2.146,2438.13
1767802320000,2.147,2.149,2.145,2.147,1444.08
1767802380000,2.148,2.149,2.148,2.149,770.62
1767802440000,2.148,2.151,2.148,2.149,3716.83
1767802500000,2.149,2.149,2.147,2.149,2778.39
1767802560000,2.149,2.149,2.146,2.146,2043.96
1767802620000,2.147,2.147,2.145,2.147,1331.54
1767802680000,2.146,2.148,2.146,2.148,97.79
1767802740000,2.146,2.148,2.146,2.146,5732.31
1767802800000,2.146,2.147,2.145,2.145,629.74
1767802860000,2.145,2.146,2.143,2.143,7353.09
1767802920000,2.143,2.151,2.143,2.149,6184.12
1767802980000,2.149,2.152,2.148,2.152,2278.48
1767803040000,2.152,2.154,2.149,2.151,6258.39
1767803100000,2.151,2.151,2.149,2.149,1645.36
1767803160000,2.149,2.15,2.148,2.149,1711.98
1767803220000,2.15,2.15,2.15,2.15,284.47
1767803280000,2.15,2.15,2.147,2.147,2681.54
1767803340000,2.146,2.148,2.145,2.148,6381.21
1767803400000,2.149,2.15,2.147,2.148,4875.26
1767803460000,2.149,2.149,2.148,2.148,326.29
1767803520000,2.148,2.151,2.148,2.148,1333.7
1767803580000,2.148,2.148,2.143,2.144,3168.42
1767803640000,2.144,2.145,2.139,2.142,11046.34
1767803700000,2.14,2.14,2.136,2.136,1839.65
1767803760000,2.136,2.136,2.131,2.133,9952.37
1767803820000,2.134,2.141,2.134,2.141,22633.62
1767803880000,2.141,2.141,2.139,2.14,432.31
1767803940000,2.141,2.143,2.14,2.14,1892.54
1767804000000,2.141,2.141,2.139,2.14,1589.25
1767804060000,2.14,2.143,2.14,2.143,139.67
1767804120000,2.143,2.143,2.143,2.143,5.6
1767804180000,2.143,2.146,2.143,2.146,914.53
1767804240000,2.147,2.148,2.147,2.147,288.76
1767804300000,2.148,2.15,2.148,2.149,2758.66
1767804360000,2.149,2.151,2.147,2.151,1799.87
1767804420000,2.151,2.151,2.148,2.151,2432.51
1767804480000,2.151,2.151,2.149,2.15,6088.09
1767804540000,2.15,2.15,2.146,2.147,2253.07
1767804600000,2.146,2.148,2.145,2.145,2477.95
1767804660000,2.145,2.145,2.141,2.143,1848.26
1767804720000,2.143,2.143,2.139,2.139,10716.0
1767804780000,2.14,2.141,2.14,2.141,467.59
1767804840000,2.14,2.141,2.139,2.141,1834.11
1767804900000,2.141,2.143,2.141,2.143,705.48
1767804960000,2.142,2.143,2.142,2.143,945.8
1767805020000,2.143,2.143,2.142,2.143,568.15
1767805080000,2.142,2.144,2.142,2.143,513.21
1767805140000,2.143,2.143,2.142,2.143,367.11
1767805200000,2.143,2.143,2.141,2.142,5889.77
1767805260000,2.141,2.143,2.14,2.142,1827.82
1767805320000,2.142,2.144,2.14,2.14,6599.98
1767805380000,2.14,2.142,2.14,2.142,2249.01
1767805440000,2.142,2.142,2.141,2.142,2277.21
1767805500000,2.143,2.148,2.143,2.147,8174.98
1767805560000,2.146,2.148,2.146,2.147,334.25
1767805620000,2.147,2.147,2.145,2.147,628.54
1767805680000,2.148,2.15,2.147,2.149,354.08
1767805740000,2.149,2.149,2.148,2.149,314.72
1767805800000,2.148,2.149,2.145,2.146,4087.7
1767805860000,2.146,2.149,2.146,2.149,379.93
1767805920000,2.148,2.148,2.148,2.148,413.81
1767805980000,2.148,2.148,2.147,2.147,707.82
1767806040000,2.148,2.148,2.147,2.147,724.5
1767806100000,2.146,2.149,2.146,2.148,1246.0
1767806160000,2.148,2.153,2.148,2.153,3861.72
1767806220000,2.153,2.155,2.153,2.155,4825.54
1767806280000,2.154,2.157,2.152,2.157,3921.65
1767806340000,2.156,2.157,2.154,2.157,4812.97
1767806400000,2.157,2.16,2.157,2.159,5860.45
1767806460000,2.16,2.161,2.159,2.159,2981.34
1767806520000,2.16,2.163,2.16,2.163,2544.36
1767806580000,2.162,2.167,2.162,2.164,8032.51
1767806640000,2.164,2.167,2.163,2.164,4850.21
1767806700000,2.164,2.164,2.161,2.163,1489.9
1767806760000,2.163,2.167,2.163,2.167,5497.19
1767806820000,2.166,2.167,2.166,2.167,1440.41
1767806880000,2.167,2.167,2.166,2.166,1119.56
1767806940000,2.167,2.167,2.165,2.165,1878.98
1767807000000,2.166,2.167,2.166,2.167,6197.13
1767807060000,2.168,2.169,2.168,2.168,5387.87
1767807120000,2.169,2.171,2.169,2.17,5574.48
1767807180000,2.17,2.173,2.17,2.172,7408.84
1767807240000,2.172,2.172,2.172,2.172,3993.92
1767807300000,2.172,2.172,2.17,2.172,1863.6
1767807360000,2.172,2.172,2.167,2.168,19152.06
1767807420000,2.169,2.169,2.165,2.166,2802.26
1767807480000,2.165,2.165,2.163,2.164,4664.71
1767807540000,2.164,2.164,2.163,2.163,1466.13
1767807600000,2.163,2.164,2.163,2.163,1552.64
1767807660000,2.162,2.162,2.159,2.16,2224.66
1767807720000,2.159,2.16,2.157,2.157,1313.49
1767807780000,2.157,2.159,2.153,2.159,6735.19
1767807840000,2.16,2.162,2.158,2.162,11375.74
1767807900000,2.162,2.162,2.161,2.161,399.84
1767807960000,2.161,2.162,2.161,2.162,2875.82
1767808020000,2.162,2.163,2.161,2.161,170.03
1767808080000,2.162,2.162,2.157,2.157,573.36
1767808140000,2.157,2.157,2.155,2.155,3071.71
1767808200000,2.154,2.154,2.151,2.152,4346.3
1767808260000,2.152,2.152,2.149,2.15,4463.56
1767808320000,2.15,2.15,2.148,2.15,1159.51
1767808380000,2.151,2.153,2.151,2.152,269.05
1767808440000,2.152,2.154,2.152,2.153,1525.41
1767808500000,2.153,2.154,2.153,2.154,878.37
1767808560000,2.155,2.155,2.153,2.153,1582.83
1767808620000,2.153,2.153,2.152,2.152,236.99
1767808680000,2.151,2.152,2.15,2.152,170.96
1767808740000,2.152,2.152,2.152,2.152,441.24
1767808800000,2.153,2.153,2.151,2.151,724.26
1767808860000,2.15,2.152,2.15,2.152,675.67
1767808920000,2.152,2.153,2.151,2.152,438.99
1767808980000,2.151,2.154,2.151,2.153,1669.33
1767809040000,2.152,2.154,2.151,2.152,876.92
1767809100000,2.152,2.153,2.152,2.153,928.85
1767809160000,2.154,2.154,2.152,2.152,467.02
1767809220000,2.152,2.155,2.152,2.155,684.84
1767809280000,2.155,2.155,2.148,2.149,7564.88
1767809340000,2.15,2.154,2.15,2.154,1471.29
1767809400000,2.153,2.153,2.151,2.153,18025.71
1767809460000,2.153,2.154,2.153,2.154,1603.61
1767809520000,2.153,2.158,2.153,2.157,69.22
1767809580000,2.156,2.159,2.155,2.158,5881.32
1767809640000,2.158,2.158,2.158,2.158,12.81
1767809700000,2.158,2.158,2.155,2.155,3515.54
1767809760000,2.156,2.157,2.156,2.156,148.99
1767809820000,2.157,2.157,2.156,2.156,1148.62
1767809880000,2.156,2.157,2.156,2.156,156.33
1767809940000,2.157,2.158,2.157,2.158,305.56
1767810000000,2.158,2.159,2.158,2.158,703.15
1767810060000,2.159,2.159,2.158,2.158,876.12
1767810120000,2.157,2.157,2.154,2.154,1407.21
1767810180000,2.155,2.157,2.155,2.157,1242.57
1767810240000,2.157,2.157,2.155,2.155,1799.27
1767810300000,2.155,2.155,2.146,2.147,23999.96
1767810360000,2.147,2.15,2.147,2.15,2458.64
1767810420000,2.151,2.151,2.151,2.151,1489.72
1767810480000,2.152,2.159,2.152,2.159,12017.89
1767810540000,2.159,2.16,2.159,2.159,1674.19
1767810600000,2.159,2.169,2.159,2.169,22180.66
1767810660000,2.169,2.17,2.163,2.163,4598.65
1767810720000,2.164,2.167,2.16,2.163,54524.48
1767810780000,2.162,2.166,2.162,2.165,7796.38
1767810840000,2.164,2.164,2.163,2.163,4762.53
1767810900000,2.162,2.164,2.162,2.162,3325.12
1767810960000,2.161,2.161,2.159,2.16,1672.37
1767811020000,2.159,2.159,2.159,2.159,2364.82
1767811080000,2.159,2.159,2.158,2.158,376.48
1767811140000,2.157,2.158,2.157,2.158,675.37
1767811200000,2.159,2.161,2.159,2.16,2621.35
1767811260000,2.16,2.16,2.159,2.16,1540.16
1767811320000,2.16,2.16,2.157,2.157,1308.23
1767811380000,2.157,2.157,2.157,2.157,209.66
1767811440000,2.157,2.157,2.155,2.155,1384.91
1767811500000,2.155,2.155,2.152,2.152,5238.3
1767811560000,2.153,2.154,2.152,2.154,2038.16
1767811620000,2.153,2.157,2.152,2.157,2822.56
1767811680000,2.157,2.16,2.156,2.16,1965.5
1767811740000,2.16,2.16,2.16,2.16,0.0
1767811800000,2.158,2.159,2.157,2.159,497.13
1767811860000,2.159,2.159,2.158,2.158,616.81
1767811920000,2.158,2.158,2.155,2.155,507.04
1767811980000,2.155,2.155,2.153,2.153,814.69
1767812040000,2.153,2.154,2.149,2.15,8887.94
1767812100000,2.15,2.151,2.149,2.149,3967.41
1767812160000,2.148,2.151,2.147,2.147,5607.02
1767812220000,2.147,2.148,2.146,2.146,4671.17
1767812280000,2.147,2.149,2.146,2.149,959.38
1767812340000,2.15,2.152,2.15,2.152,238.34
1767812400000,2.152,2.154,2.152,2.154,466.84
1767812460000,2.154,2.157,2.153,2.157,7299.28
1767812520000,2.157,2.157,2.156,2.156,500.01
1767812580000,2.156,2.156,2.153,2.153,692.68
1767812640000,2.153,2.154,2.152,2.153,3176.34
1767812700000,2.153,2.155,2.149,2.149,1178.81
1767812760000,2.148,2.149,2.147,2.148,1756.36
1767812820000,2.147,2.149,2.144,2.145,3821.94
1767812880000,2.145,2.146,2.145,2.145,1311.9
1767812940000,2.144,2.144,2.14,2.141,7130.41
1767813000000,2.14,2.142,2.14,2.141,2293.64
1767813060000,2.141,2.141,2.137,2.139,4674.14
1767813120000,2.139,2.14,2.135,2.136,5498.82
1767813180000,2.136,2.137,2.135,2.135,3519.01
1767813240000,2.135,2.137,2.134,2.135,13906.52
1767813300000,2.135,2.137,2.135,2.136,3202.3
1767813360000,2.135,2.136,2.133,2.134,4160.38
1767813420000,2.133,2.134,2.13,2.134,20345.7
1767813480000,2.135,2.138,2.134,2.138,2869.8
1767813540000,2.138,2.138,2.135,2.137,11486.88
1767813600000,2.137,2.137,2.134,2.134,1489.21
1767813660000,2.134,2.136,2.133,2.133,521.85
1767813720000,2.134,2.135,2.134,2.134,469.57
1767813780000,2.135,2.136,2.135,2.135,166.46
1767813840000,2.135,2.135,2.132,2.133,2368.88
1767813900000,2.133,2.133,2.132,2.132,174.62
1767813960000,2.132,2.134,2.132,2.134,5100.71
1767814020000,2.134,2.135,2.134,2.135,781.11
1767814080000,2.135,2.136,2.134,2.136,2185.65
1767814140000,2.137,2.138,2.136,2.138,113.33
1767814200000,2.138,2.143,2.137,2.142,3564.3
1767814260000,2.143,2.147,2.143,2.145,1841.02
1767814320000,2.146,2.147,2.145,2.147,1409.69
1767814380000,2.147,2.148,2.147,2.147,125.97
1767814440000,2.148,2.15,2.147,2.147,10960.02
1767814500000,2.146,2.147,2.145,2.147,2177.57
1767814560000,2.147,2.148,2.145,2.148,982.88
1767814620000,2.148,2.153,2.148,2.151,7245.87
1767814680000,2.151,2.151,2.15,2.151,2166.38
1767814740000,2.152,2.152,2.151,2.152,3030.62
1767814800000,2.15,2.15,2.145,2.145,871.4
1767814860000,2.144,2.144,2.143,2.143,476.23
1767814920000,2.143,2.145,2.143,2.145,1502.87
1767814980000,2.146,2.146,2.145,2.146,29.42
1767815040000,2.146,2.146,2.146,2.146,290.07
1767815100000,2.147,2.148,2.147,2.148,206.5
1767815160000,2.148,2.148,2.148,2.148,313.18
1767815220000,2.147,2.148,2.147,2.148,73.22
1767815280000,2.148,2.149,2.147,2.147,1114.07
1767815340000,2.147,2.147,2.146,2.146,3441.6
1767815400000,2.148,2.148,2.147,2.148,661.63
1767815460000,2.148,2.151,2.148,2.151,1704.11
1767815520000,2.152,2.152,2.149,2.15,1465.2
1767815580000,2.15,2.152,2.149,2.149,1471.74
1767815640000,2.148,2.148,2.146,2.146,1552.99
1767815700000,2.145,2.148,2.145,2.148,3304.98
1767815760000,2.147,2.147,2.146,2.146,1110.97
1767815820000,2.146,2.147,2.145,2.146,78.72
1767815880000,2.145,2.147,2.145,2.147,1171.81
1767815940000,2.147,2.147,2.145,2.146,996.16
1767816000000,2.146,2.146,2.145,2.146,1144.7
1767816060000,2.147,2.148,2.147,2.148,1760.05
1767816120000,2.149,2.149,2.147,2.147,2130.16
1767816180000,2.146,2.146,2.144,2.144,2724.75
1767816240000,2.144,2.144,2.143,2.144,3151.17
1767816300000,2.145,2.147,2.145,2.146,1314.65
1767816360000,2.147,2.147,2.146,2.146,529.0
1767816420000,2.146,2.146,2.144,2.144,1896.11
1767816480000,2.143,2.143,2.14,2.142,4806.18
1767816540000,2.142,2.142,2.138,2.139,2283.15
1767816600000,2.139,2.139,2.138,2.139,636.71
1767816660000,2.139,2.14,2.139,2.139,384.07
1767816720000,2.138,2.138,2.134,2.134,1981.82
1767816780000,2.135,2.135,2.131,2.132,17337.5
1767816840000,2.132,2.133,2.13,2.132,7994.6
1767816900000,2.131,2.134,2.131,2.133,2474.9
1767816960000,2.133,2.133,2.132,2.132,1542.0
1767817020000,2.132,2.134,2.132,2.133,6418.95
1767817080000,2.134,2.135,2.134,2.134,1066.98
1767817140000,2.134,2.135,2.134,2.135,1016.28
1767817200000,2.135,2.135,2.133,2.134,6092.81
1767817260000,2.134,2.135,2.133,2.133,256.96
1767817320000,2.134,2.134,2.131,2.131,2603.21
1767817380000,2.131,2.131,2.126,2.128,14717.32
1767817440000,2.128,2.128,2.124,2.126,7242.96
1767817500000,2.126,2.127,2.126,2.127,2390.29
1767817560000,2.127,2.129,2.127,2.129,2755.48
1767817620000,2.13,2.13,2.126,2.127,2946.12
1767817680000,2.126,2.126,2.125,2.125,539.7
1767817740000,2.126,2.127,2.125,2.126,3771.4
1767817800000,2.126,2.128,2.126,2.127,993.98
1767817860000,2.128,2.131,2.128,2.13,440.32
1767817920000,2.13,2.13,2.129,2.129,2640.51
1767817980000,2.13,2.133,2.13,2.133,917.54
1767818040000,2.133,2.133,2.131,2.131,873.5
1767818100000,2.13,2.131,2.128,2.128,473.17
1767818160000,2.128,2.131,2.128,2.131,92.62
1767818220000,2.132,2.134,2.132,2.134,143.0
1767818280000,2.134,2.135,2.134,2.135,320.68
1767818340000,2.136,2.136,2.135,2.136,815.28
1767818400000,2.135,2.137,2.135,2.137,815.65
1767818460000,2.136,2.136,2.134,2.134,3623.04
1767818520000,2.134,2.134,2.133,2.133,210.42
1767818580000,2.133,2.133,2.132,2.132,299.82
1767818640000,2.132,2.132,2.132,2.132,4.94
1767818700000,2.131,2.131,2.129,2.129,1647.68
1767818760000,2.129,2.133,2.129,2.133,1480.85
1767818820000,2.133,2.133,2.131,2.131,2024.84
1767818880000,2.13,2.13,2.13,2.13,29.52
1767818940000,2.129,2.132,2.129,2.132,2313.46
1767819000000,2.133,2.135,2.132,2.134,1583.77
1767819060000,2.134,2.134,2.132,2.132,523.51
1767819120000,2.133,2.134,2.132,2.134,649.46
1767819180000,2.134,2.134,2.133,2.134,373.36
1767819240000,2.133,2.134,2.133,2.134,96.49
1767819300000,2.134,2.135,2.134,2.135,753.18
1767819360000,2.136,2.136,2.134,2.134,303.52
1767819420000,2.134,2.135,2.133,2.134,1594.92
1767819480000,2.134,2.135,2.133,2.134,699.95
1767819540000,2.135,2.135,2.135,2.135,2465.57
1767819600000,2.135,2.137,2.135,2.137,1357.99
1767819660000,2.136,2.139,2.136,2.137,636.21
1767819720000,2.136,2.136,2.134,2.136,1372.89
1767819780000,2.136,2.136,2.135,2.135,971.67
1767819840000,2.135,2.135,2.134,2.134,24.02
1767819900000,2.135,2.135,2.135,2.135,482.95
1767819960000,2.135,2.135,2.133,2.133,42.4
1767820020000,2.134,2.134,2.134,2.134,244.13
1767820080000,2.134,2.138,2.134,2.138,8622.18
1767820140000,2.137,2.138,2.137,2.138,17.31
1767820200000,2.138,2.138,2.135,2.135,1379.47
1767820260000,2.134,2.135,2.133,2.135,145.57
1767820320000,2.136,2.137,2.135,2.135,216.25
1767820380000,2.136,2.139,2.136,2.139,859.48
1767820440000,2.138,2.138,2.138,2.138,476.36
1767820500000,2.138,2.138,2.135,2.135,457.76
1767820560000,2.135,2.135,2.133,2.134,12734.12
1767820620000,2.134,2.134,2.134,2.134,396.4
1767820680000,2.134,2.138,2.134,2.138,3568.47
1767820740000,2.137,2.137,2.136,2.136,977.44
1767820800000,2.136,2.136,2.134,2.136,7209.6
1767820860000,2.135,2.135,2.135,2.135,368.08
1767820920000,2.135,2.135,2.134,2.134,166.2
1767820980000,2.135,2.135,2.134,2.134,853.64
1767821040000,2.134,2.135,2.133,2.135,2300.02
1767821100000,2.135,2.135,2.134,2.134,2108.75
1767821160000,2.135,2.136,2.135,2.135,344.58
1767821220000,2.137,2.137,2.136,2.137,985.27
1767821280000,2.137,2.138,2.137,2.138,343.2
1767821340000,2.139,2.139,2.137,2.138,631.82
1767821400000,2.138,2.138,2.138,2.138,123.06
1767821460000,2.139,2.141,2.139,2.141,3109.99
1767821520000,2.141,2.141,2.14,2.14,225.78
1767821580000,2.14,2.14,2.137,2.137,1940.34
1767821640000,2.137,2.138,2.137,2.138,403.02
1767821700000,2.138,2.138,2.137,2.137,41.68
1767821760000,2.136,2.136,2.132,2.132,1101.35
1767821820000,2.133,2.133,2.133,2.133,10.2
1767821880000,2.134,2.134,2.133,2.133,24.89
1767821940000,2.133,2.133,2.132,2.133,587.49
1767822000000,2.133,2.135,2.133,2.135,225.18
1767822060000,2.136,2.136,2.136,2.136,20.07
1767822120000,2.136,2.136,2.136,2.136,7.38
1767822180000,2.137,2.137,2.136,2.136,110.6
1767822240000,2.136,2.136,2.135,2.135,90.86
1767822300000,2.136,2.136,2.134,2.134,1297.74
1767822360000,2.135,2.135,2.133,2.134,446.8
1767822420000,2.134,2.135,2.134,2.135,1419.39
1767822480000,2.135,2.135,2.135,2.135,434.66
1767822540000,2.135,2.135,2.135,2.135,916.78
1767822600000,2.135,2.135,2.134,2.134,2092.04
1767822660000,2.134,2.134,2.134,2.134,12.21
1767822720000,2.133,2.134,2.133,2.133,263.35
1767822780000,2.133,2.134,2.133,2.134,572.73
1767822840000,2.134,2.134,2.134,2.134,24.04
1767822900000,2.133,2.134,2.133,2.134,552.54
1767822960000,2.134,2.135,2.133,2.134,1771.04
1767823020000,2.133,2.134,2.131,2.132,3481.85
1767823080000,2.133,2.133,2.132,2.132,46.22
1767823140000,2.133,2.133,2.133,2.133,403.13
1767823200000,2.132,2.132,2.13,2.13,2482.76
1767823260000,2.129,2.129,2.128,2.128,1056.73
1767823320000,2.127,2.128,2.127,2.128,313.33
1767823380000,2.128,2.129,2.127,2.127,1033.4
1767823440000,2.127,2.128,2.126,2.126,4346.27
1767823500000,2.126,2.128,2.125,2.128,965.23
1767823560000,2.129,2.131,2.129,2.131,177.42
1767823620000,2.13,2.13,2.129,2.13,992.97
1767823680000,2.131,2.132,2.131,2.132,692.39
1767823740000,2.132,2.133,2.132,2.133,106.25
1767823800000,2.133,2.133,2.131,2.131,185.56
1767823860000,2.132,2.134,2.132,2.134,150.63
1767823920000,2.134,2.135,2.133,2.135,2959.48
1767823980000,2.134,2.137,2.134,2.137,2028.24
1767824040000,2.136,2.136,2.133,2.133,1943.68
1767824100000,2.132,2.134,2.132,2.134,696.61
1767824160000,2.134,2.134,2.133,2.133,53.13
1767824220000,2.133,2.133,2.133,2.133,194.72
1767824280000,2.133,2.133,2.133,2.133,0.0
1767824340000,2.133,2.135,2.133,2.135,960.23
1767824400000,2.135,2.137,2.135,2.137,1192.14
1767824460000,2.138,2.138,2.137,2.138,655.65
1767824520000,2.138,2.138,2.138,2.138,152.73
1767824580000,2.139,2.14,2.139,2.14,365.99
1767824640000,2.139,2.139,2.139,2.139,705.86
1767824700000,2.139,2.139,2.139,2.139,180.91
1767824760000,2.138,2.138,2.138,2.138,393.53
1767824820000,2.139,2.141,2.139,2.139,6314.77
1767824880000,2.139,2.14,2.139,2.14,810.44
1767824940000,2.14,2.14,2.139,2.139,361.89
1767825000000,2.139,2.141,2.139,2.141,129.74
1767825060000,2.142,2.149,2.142,2.149,8683.1
1767825120000,2.149,2.152,2.149,2.151,2873.97
1767825180000,2.15,2.152,2.148,2.148,12165.17
1767825240000,2.148,2.148,2.146,2.146,2931.33
1767825300000,2.145,2.145,2.14,2.14,5134.66
1767825360000,2.141,2.142,2.141,2.142,243.42
1767825420000,2.143,2.143,2.143,2.143,522.86
1767825480000,2.143,2.143,2.14,2.14,3553.16
1767825540000,2.14,2.141,2.139,2.139,1596.61
1767825600000,2.138,2.139,2.138,2.138,87.57
1767825660000,2.137,2.138,2.137,2.137,1869.32
1767825720000,2.136,2.138,2.135,2.138,3333.61
1767825780000,2.138,2.138,2.137,2.137,155.34
1767825840000,2.137,2.138,2.136,2.136,238.75
1767825900000,2.136,2.136,2.135,2.135,1561.23
1767825960000,2.135,2.137,2.135,2.137,3118.75
1767826020000,2.137,2.137,2.137,2.137,366.37
1767826080000,2.136,2.136,2.135,2.135,83.81
1767826140000,2.135,2.135,2.134,2.135,161.44
1767826200000,2.134,2.135,2.131,2.131,4239.1
1767826260000,2.131,2.131,2.127,2.127,2913.22
1767826320000,2.126,2.129,2.125,2.129,4166.89
1767826380000,2.13,2.131,2.13,2.13,264.11
1767826440000,2.13,2.135,2.13,2.135,428.72
1767826500000,2.135,2.135,2.135,2.135,8.5
1767826560000,2.134,2.135,2.134,2.135,609.54
1767826620000,2.135,2.136,2.135,2.136,934.78
1767826680000,2.135,2.135,2.135,2.135,5.01
1767826740000,2.135,2.135,2.134,2.134,483.67
1767826800000,2.133,2.133,2.129,2.129,6847.76
1767826860000,2.13,2.131,2.13,2.131,751.26
1767826920000,2.13,2.13,2.129,2.129,500.42
1767826980000,2.128,2.128,2.122,2.122,3588.79
1767827040000,2.123,2.126,2.12,2.122,5735.15
1767827100000,2.122,2.124,2.122,2.123,2776.74
1767827160000,2.123,2.126,2.123,2.126,2125.27
1767827220000,2.124,2.124,2.122,2.123,5900.06
1767827280000,2.124,2.126,2.124,2.126,276.38
1767827340000,2.126,2.128,2.126,2.126,1821.74
1767827400000,2.126,2.128,2.126,2.128,966.84
1767827460000,2.128,2.132,2.128,2.132,1962.53
1767827520000,2.133,2.133,2.132,2.132,2194.99
1767827580000,2.132,2.136,2.132,2.135,1283.03
1767827640000,2.134,2.138,2.134,2.138,4747.93
1767827700000,2.139,2.145,2.138,2.142,10080.8
1767827760000,2.142,2.148,2.142,2.148,6232.52
1767827820000,2.148,2.148,2.143,2.147,3298.05
1767827880000,2.148,2.148,2.144,2.146,5980.26
1767827940000,2.147,2.154,2.147,2.152,12834.49
1767828000000,2.151,2.151,2.147,2.149,1054.23
1767828060000,2.149,2.15,2.149,2.149,485.21
1767828120000,2.148,2.156,2.147,2.156,5634.73
1767828180000,2.155,2.155,2.151,2.154,9208.25
1767828240000,2.154,2.157,2.154,2.156,4345.83
1767828300000,2.155,2.156,2.151,2.151,4925.19
1767828360000,2.152,2.159,2.152,2.158,14698.81
1767828420000,2.158,2.158,2.153,2.154,3100.78
1767828480000,2.155,2.157,2.155,2.156,5969.22
1767828540000,2.156,2.156,2.154,2.154,1228.25
1767828600000,2.154,2.155,2.154,2.154,3723.15
1767828660000,2.154,2.155,2.154,2.155,1688.74
1767828720000,2.154,2.154,2.153,2.153,765.9
1767828780000,2.152,2.152,2.149,2.149,1091.08
1767828840000,2.148,2.148,2.147,2.148,119.51
1767828900000,2.147,2.147,2.144,2.144,1955.42
1767828960000,2.145,2.147,2.145,2.146,1785.85
1767829020000,2.146,2.147,2.145,2.147,1370.21
1767829080000,2.146,2.147,2.146,2.147,3230.8
1767829140000,2.146,2.146,2.145,2.145,4769.24
1767829200000,2.144,2.145,2.144,2.144,321.11
1767829260000,2.144,2.145,2.144,2.145,1969.31
1767829320000,2.145,2.145,2.144,2.144,34.75
1767829380000,2.144,2.144,2.143,2.143,260.27
1767829440000,2.143,2.143,2.143,2.143,27.22
1767829500000,2.143,2.144,2.141,2.141,725.25
1767829560000,2.141,2.141,2.141,2.141,1374.46
1767829620000,2.141,2.142,2.141,2.142,7.6
1767829680000,2.142,2.143,2.142,2.143,788.35
1767829740000,2.142,2.143,2.142,2.142,76.29
1767829800000,2.142,2.143,2.141,2.142,721.89
1767829860000,2.142,2.143,2.141,2.143,1088.01
1767829920000,2.143,2.144,2.143,2.144,1927.97
1767829980000,2.143,2.144,2.143,2.144,142.93
1767830040000,2.144,2.144,2.143,2.143,973.0
1767830100000,2.144,2.144,2.144,2.144,1409.66
1767830160000,2.145,2.147,2.145,2.146,4642.09
1767830220000,2.145,2.145,2.144,2.144,113.29
1767830280000,2.145,2.145,2.145,2.145,20.41
1767830340000,2.146,2.146,2.145,2.145,158.89
1767830400000,2.145,2.145,2.141,2.141,4820.71
1767830460000,2.142,2.146,2.142,2.145,4937.74
1767830520000,2.146,2.151,2.145,2.15,2604.49
1767830580000,2.15,2.151,2.146,2.146,1942.9
1767830640000,2.145,2.145,2.144,2.145,444.75
1767830700000,2.146,2.147,2.145,2.145,610.56
1767830760000,2.145,2.147,2.145,2.146,360.33
1767830820000,2.146,2.146,2.146,2.146,74.43
1767830880000,2.145,2.145,2.144,2.144,6067.69
1767830940000,2.144,2.145,2.144,2.145,1179.42
1767831000000,2.145,2.145,2.143,2.145,430.15
1767831060000,2.144,2.144,2.143,2.143,22.87
1767831120000,2.143,2.143,2.142,2.142,280.17
1767831180000,2.141,2.141,2.141,2.141,171.7
1767831240000,2.141,2.142,2.141,2.141,247.92
1767831300000,2.141,2.141,2.138,2.138,570.03
1767831360000,2.137,2.14,2.137,2.14,2166.03
1767831420000,2.141,2.144,2.141,2.143,352.98
1767831480000,2.142,2.143,2.142,2.142,1043.21
1767831540000,2.143,2.143,2.142,2.142,578.12
1767831600000,2.142,2.144,2.141,2.141,1151.99
1767831660000,2.141,2.141,2.139,2.139,1975.61
1767831720000,2.139,2.14,2.138,2.139,1598.77
1767831780000,2.14,2.14,2.139,2.139,1400.04
1767831840000,2.139,2.14,2.138,2.14,3725.52
1767831900000,2.141,2.143,2.141,2.141,956.75
1767831960000,2.142,2.142,2.141,2.141,120.7
1767832020000,2.141,2.141,2.138,2.139,3794.33
1767832080000,2.139,2.14,2.139,2.139,444.02
1767832140000,2.139,2.14,2.139,2.139,823.67
1767832200000,2.14,2.141,2.14,2.141,196.57
1767832260000,2.14,2.14,2.138,2.139,767.01
1767832320000,2.14,2.141,2.139,2.139,3339.56
1767832380000,2.14,2.141,2.14,2.141,198.53
1767832440000,2.141,2.142,2.141,2.141,375.64
1767832500000,2.141,2.141,2.139,2.139,893.02
1767832560000,2.14,2.14,2.138,2.14,4293.7
1767832620000,2.14,2.142,2.139,2.139,206.54
1767832680000,2.14,2.141,2.14,2.141,86.14
1767832740000,2.141,2.141,2.141,2.141,0.0
1767832800000,2.141,2.142,2.141,2.141,43.32
1767832860000,2.142,2.142,2.142,2.142,820.11
1767832920000,2.142,2.142,2.141,2.142,474.88
1767832980000,2.142,2.143,2.142,2.143,140.12
1767833040000,2.143,2.144,2.143,2.144,466.95
1767833100000,2.145,2.15,2.145,2.15,3038.92
1767833160000,2.151,2.153,2.151,2.153,797.37
1767833220000,2.152,2.155,2.152,2.154,1026.14
1767833280000,2.154,2.154,2.152,2.154,2249.09
1767833340000,2.153,2.153,2.149,2.151,4453.86
1767833400000,2.15,2.15,2.149,2.149,202.63
1767833460000,2.148,2.148,2.147,2.148,36.47
1767833520000,2.148,2.153,2.148,2.153,615.04
1767833580000,2.152,2.155,2.152,2.155,9359.66
1767833640000,2.154,2.156,2.153,2.156,986.24
1767833700000,2.156,2.156,2.155,2.155,739.07
1767833760000,2.154,2.154,2.153,2.153,752.4
1767833820000,2.153,2.153,2.152,2.152,136.84
1767833880000,2.152,2.154,2.152,2.152,68.68
1767833940000,2.152,2.152,2.152,2.152,9.75
1767834000000,2.152,2.152,2.148,2.15,12586.14
1767834060000,2.15,2.151,2.15,2.15,2134.21
1767834120000,2.151,2.153,2.151,2.151,366.44
1767834180000,2.152,2.152,2.15,2.152,386.01
1767834240000,2.153,2.153,2.152,2.153,710.6
1767834300000,2.153,2.155,2.153,2.154,976.58
1767834360000,2.154,2.155,2.154,2.154,874.16
1767834420000,2.154,2.154,2.152,2.152,891.57
1767834480000,2.151,2.151,2.15,2.151,1453.48
1767834540000,2.151,2.151,2.151,2.151,210.56
1767834600000,2.151,2.152,2.151,2.152,42.05
1767834660000,2.151,2.154,2.151,2.153,1747.58
1767834720000,2.153,2.153,2.152,2.152,752.76
1767834780000,2.152,2.152,2.151,2.151,1961.84
1767834840000,2.15,2.152,2.15,2.152,1078.9
1767834900000,2.151,2.152,2.15,2.152,174.3
1767834960000,2.151,2.151,2.146,2.146,1563.27
1767835020000,2.145,2.145,2.145,2.145,1157.97
1767835080000,2.145,2.147,2.145,2.147,427.08
1767835140000,2.146,2.146,2.145,2.145,152.48
1767835200000,2.146,2.147,2.146,2.146,61.44
1767835260000,2.146,2.148,2.146,2.147,342.41
1767835320000,2.146,2.15,2.146,2.149,2920.94
1767835380000,2.149,2.152,2.149,2.151,384.4
1767835440000,2.15,2.154,2.149,2.154,7770.26
1767835500000,2.153,2.153,2.15,2.151,5001.48
1767835560000,2.15,2.152,2.149,2.151,6167.61
1767835620000,2.15,2.153,2.15,2.151,3157.74
1767835680000,2.151,2.152,2.151,2.152,1088.69
1767835740000,2.151,2.157,2.151,2.153,23647.55
1767835800000,2.153,2.153,2.151,2.151,2599.71
1767835860000,2.15,2.15,2.149,2.15,634.27
1767835920000,2.15,2.152,2.15,2.152,396.24
1767835980000,2.151,2.151,2.149,2.149,1322.07
1767836040000,2.148,2.149,2.148,2.148,120.8
1767836100000,2.148,2.148,2.148,2.148,362.44
1767836160000,2.147,2.148,2.147,2.148,469.93
1767836220000,2.147,2.148,2.144,2.144,860.02
1767836280000,2.143,2.146,2.143,2.146,2635.66
1767836340000,2.146,2.146,2.146,2.146,672.25
1767836400000,2.145,2.146,2.145,2.145,275.06
1767836460000,2.145,2.147,2.144,2.147,3736.88
1767836520000,2.146,2.146,2.145,2.146,297.7
1767836580000,2.146,2.147,2.146,2.146,686.33
1767836640000,2.146,2.146,2.146,2.146,0.0
1767836700000,2.145,2.145,2.144,2.144,26.61
1767836760000,2.145,2.147,2.144,2.147,294.63
1767836820000,2.147,2.148,2.146,2.146,488.48
1767836880000,2.147,2.147,2.147,2.147,40.22
1767836940000,2.146,2.148,2.146,2.148,571.92
1767837000000,2.147,2.147,2.146,2.146,4971.36
1767837060000,2.147,2.148,2.146,2.147,1917.04
1767837120000,2.146,2.148,2.146,2.148,386.19
1767837180000,2.148,2.151,2.148,2.151,2279.61
1767837240000,2.149,2.15,2.148,2.149,420.74
1767837300000,2.149,2.15,2.148,2.149,525.81
1767837360000,2.15,2.151,2.15,2.151,92.15
1767837420000,2.151,2.154,2.151,2.153,2739.83
1767837480000,2.152,2.152,2.152,2.152,13.64
1767837540000,2.153,2.153,2.151,2.151,133.9
1767837600000,2.15,2.151,2.149,2.151,2663.4
1767837660000,2.151,2.153,2.148,2.151,22343.98
1767837720000,2.15,2.151,2.15,2.15,1615.06
1767837780000,2.15,2.151,2.148,2.148,216.4
1767837840000,2.147,2.148,2.146,2.148,5097.79
1767837900000,2.148,2.151,2.148,2.151,1574.19
1767837960000,2.15,2.154,2.15,2.153,1212.17
1767838020000,2.153,2.154,2.152,2.153,364.96
1767838080000,2.153,2.155,2.153,2.153,214.95
1767838140000,2.153,2.154,2.152,2.153,331.6
1767838200000,2.153,2.154,2.153,2.154,311.63
1767838260000,2.153,2.153,2.15,2.15,916.41
1767838320000,2.15,2.152,2.149,2.152,7289.94
1767838380000,2.152,2.154,2.152,2.154,1207.46
1767838440000,2.154,2.157,2.154,2.156,2016.64
1767838500000,2.156,2.156,2.151,2.153,4007.19
1767838560000,2.154,2.156,2.154,2.156,544.46
1767838620000,2.155,2.156,2.155,2.156,253.73
1767838680000,2.155,2.157,2.155,2.155,410.23
1767838740000,2.155,2.155,2.154,2.155,542.83
1767838800000,2.154,2.154,2.152,2.152,900.61
1767838860000,2.152,2.152,2.151,2.151,104.17
1767838920000,2.151,2.151,2.15,2.15,358.47
1767838980000,2.15,2.15,2.147,2.147,1746.01
1767839040000,2.146,2.146,2.14,2.141,6430.82
1767839100000,2.141,2.141,2.14,2.14,742.24
1767839160000,2.14,2.143,2.14,2.142,642.76
1767839220000,2.142,2.143,2.142,2.143,414.46
1767839280000,2.143,2.143,2.143,2.143,25.89
1767839340000,2.142,2.143,2.14,2.143,3339.56
1767839400000,2.142,2.142,2.141,2.141,30.26
1767839460000,2.14,2.142,2.14,2.142,1286.46
1767839520000,2.142,2.143,2.142,2.142,290.72
1767839580000,2.141,2.141,2.138,2.139,546.13
1767839640000,2.14,2.141,2.14,2.14,745.12
1767839700000,2.139,2.139,2.137,2.137,1783.82
1767839760000,2.137,2.137,2.135,2.135,2055.38
1767839820000,2.134,2.134,2.131,2.132,9467.75
1767839880000,2.132,2.132,2.13,2.13,2827.77
1767839940000,2.132,2.132,2.131,2.131,474.35
1767840000000,2.132,2.136,2.132,2.136,2703.33
1767840060000,2.136,2.136,2.136,2.136,220.05
1767840120000,2.136,2.136,2.133,2.133,65.3
1767840180000,2.132,2.135,2.132,2.135,324.8
1767840240000,2.135,2.137,2.135,2.137,604.7
1767840300000,2.138,2.139,2.138,2.138,235.45
1767840360000,2.137,2.137,2.133,2.133,3781.2
1767840420000,2.132,2.133,2.131,2.132,1589.19
1767840480000,2.131,2.132,2.131,2.132,2216.6
1767840540000,2.132,2.134,2.132,2.134,281.09
1767840600000,2.135,2.135,2.133,2.133,48.71
1767840660000,2.133,2.135,2.133,2.135,838.49
1767840720000,2.134,2.135,2.133,2.135,51.44
1767840780000,2.135,2.136,2.135,2.135,213.19
1767840840000,2.135,2.136,2.134,2.136,1647.9
1767840900000,2.136,2.136,2.136,2.136,1068.56
1767840960000,2.136,2.137,2.136,2.136,1102.34
1767841020000,2.136,2.136,2.134,2.134,2864.78
1767841080000,2.134,2.136,2.134,2.136,1076.72
1767841140000,2.136,2.136,2.135,2.135,1391.14
1767841200000,2.135,2.135,2.135,2.135,1348.78
1767841260000,2.134,2.134,2.133,2.134,119.19
1767841320000,2.135,2.138,2.135,2.138,588.71
1767841380000,2.139,2.142,2.139,2.141,2682.78
1767841440000,2.141,2.143,2.141,2.143,1374.81
1767841500000,2.144,2.149,2.144,2.147,1832.11
1767841560000,2.146,2.147,2.146,2.147,657.22
1767841620000,2.146,2.146,2.143,2.145,1169.25
1767841680000,2.146,2.147,2.146,2.146,161.3
1767841740000,2.146,2.147,2.146,2.147,75.74
1767841800000,2.145,2.148,2.145,2.148,2998.98
1767841860000,2.148,2.148,2.148,2.148,0.0
1767841920000,2.148,2.149,2.147,2.149,543.49
1767841980000,2.149,2.149,2.147,2.147,1521.11
1767842040000,2.147,2.147,2.147,2.147,150.18
1767842100000,2.147,2.148,2.147,2.148,137.95
1767842160000,2.147,2.149,2.147,2.148,799.47
1767842220000,2.148,2.148,2.146,2.146,488.08
1767842280000,2.146,2.146,2.144,2.144,682.9
1767842340000,2.143,2.144,2.143,2.144,244.33
1767842400000,2.144,2.144,2.143,2.143,581.08
1767842460000,2.143,2.143,2.143,2.143,15.4
1767842520000,2.143,2.144,2.143,2.144,829.75
1767842580000,2.144,2.144,2.143,2.143,827.78
1767842640000,2.144,2.144,2.142,2.142,170.8
1767842700000,2.142,2.143,2.142,2.143,214.49
1767842760000,2.143,2.143,2.139,2.139,1572.74
1767842820000,2.139,2.139,2.139,2.139,190.51
1767842880000,2.138,2.138,2.137,2.137,87.58
1767842940000,2.136,2.136,2.135,2.136,1327.05
1767843000000,2.137,2.138,2.137,2.137,273.89
1767843060000,2.138,2.141,2.138,2.141,763.24
1767843120000,2.141,2.141,2.14,2.14,1035.02
1767843180000,2.14,2.141,2.14,2.141,430.05
1767843240000,2.141,2.141,2.14,2.14,648.35
1767843300000,2.141,2.141,2.141,2.141,678.76
1767843360000,2.141,2.141,2.14,2.141,171.29
1767843420000,2.142,2.142,2.141,2.141,372.49
1767843480000,2.142,2.142,2.141,2.141,186.02
1767843540000,2.142,2.142,2.142,2.142,7.86
1767843600000,2.142,2.142,2.141,2.141,30.81
1767843660000,2.141,2.141,2.136,2.137,8076.71
1767843720000,2.137,2.137,2.13,2.13,2735.76
1767843780000,2.13,2.13,2.124,2.124,11455.89
1767843840000,2.124,2.125,2.117,2.124,19394.2
1767843900000,2.125,2.128,2.125,2.125,2398.67
1767843960000,2.125,2.126,2.125,2.125,1561.73
1767844020000,2.125,2.125,2.123,2.123,657.07
1767844080000,2.123,2.123,2.119,2.122,3594.53
1767844140000,2.122,2.126,2.122,2.124,6049.89
1767844200000,2.125,2.128,2.125,2.127,1748.37
1767844260000,2.126,2.127,2.125,2.127,497.21
1767844320000,2.127,2.128,2.124,2.128,7687.81
1767844380000,2.128,2.129,2.125,2.125,1361.65
1767844440000,2.126,2.126,2.121,2.121,748.37
1767844500000,2.122,2.122,2.12,2.122,1072.76
1767844560000,2.121,2.122,2.121,2.121,133.37
1767844620000,2.122,2.123,2.122,2.123,1362.52
1767844680000,2.123,2.123,2.121,2.121,92.57
1767844740000,2.121,2.122,2.12,2.12,703.61
1767844800000,2.12,2.122,2.118,2.122,1961.48
1767844860000,2.123,2.126,2.123,2.123,7367.57
1767844920000,2.123,2.127,2.123,2.127,1011.37
1767844980000,2.126,2.127,2.126,2.127,1186.52
1767845040000,2.126,2.127,2.126,2.127,354.67
1767845100000,2.128,2.131,2.128,2.128,689.91
1767845160000,2.128,2.129,2.128,2.129,459.19
1767845220000,2.128,2.128,2.126,2.126,2276.88
1767845280000,2.126,2.126,2.122,2.122,524.07
1767845340000,2.121,2.121,2.118,2.118,1661.57
1767845400000,2.119,2.122,2.119,2.122,2958.11
1767845460000,2.121,2.126,2.121,2.124,1353.37
1767845520000,2.123,2.123,2.123,2.123,205.01
1767845580000,2.122,2.122,2.122,2.122,28.54
1767845640000,2.122,2.123,2.122,2.123,279.16
1767845700000,2.124,2.127,2.124,2.126,871.15
1767845760000,2.125,2.125,2.123,2.123,5072.82
1767845820000,2.124,2.124,2.123,2.124,1558.98
1767845880000,2.125,2.126,2.125,2.125,103.01
1767845940000,2.125,2.126,2.125,2.126,258.58
1767846000000,2.126,2.126,2.124,2.124,734.09
1767846060000,2.125,2.125,2.124,2.125,2584.98
1767846120000,2.125,2.125,2.125,2.125,313.4
1767846180000,2.125,2.125,2.125,2.125,5.68
1767846240000,2.126,2.128,2.126,2.127,784.11
1767846300000,2.129,2.137,2.129,2.137,3199.0
1767846360000,2.137,2.14,2.137,2.14,3932.18
1767846420000,2.141,2.141,2.139,2.14,6419.88
1767846480000,2.14,2.14,2.139,2.14,2860.52
1767846540000,2.139,2.142,2.139,2.142,4052.12
1767846600000,2.142,2.144,2.142,2.142,3033.64
1767846660000,2.142,2.143,2.141,2.143,2939.5
1767846720000,2.143,2.143,2.142,2.143,380.39
1767846780000,2.142,2.145,2.142,2.145,2558.13
1767846840000,2.145,2.145,2.143,2.144,1144.7
1767846900000,2.145,2.145,2.144,2.145,308.94
1767846960000,2.145,2.145,2.143,2.144,271.19
1767847020000,2.143,2.143,2.141,2.141,334.59
1767847080000,2.141,2.141,2.139,2.141,349.85
1767847140000,2.141,2.142,2.141,2.142,2265.5
1767847200000,2.143,2.143,2.143,2.143,22.01
1767847260000,2.143,2.143,2.143,2.143,25.15
1767847320000,2.143,2.143,2.143,2.143,0.0
1767847380000,2.143,2.143,2.142,2.142,3098.39
1767847440000,2.143,2.143,2.14,2.14,4849.2
1767847500000,2.141,2.144,2.141,2.143,1172.3
1767847560000,2.144,2.145,2.143,2.143,781.26
1767847620000,2.142,2.142,2.141,2.141,428.14
1767847680000,2.14,2.14,2.139,2.14,444.78
1767847740000,2.141,2.141,2.141,2.141,58.46
1767847800000,2.141,2.141,2.138,2.138,468.08
1767847860000,2.139,2.139,2.138,2.139,1613.74
1767847920000,2.138,2.14,2.138,2.139,2931.99
1767847980000,2.139,2.14,2.138,2.139,421.31
1767848040000,2.139,2.139,2.137,2.137,391.15
1767848100000,2.138,2.138,2.136,2.136,152.83
1767848160000,2.137,2.137,2.137,2.137,8.46
1767848220000,2.137,2.137,2.137,2.137,106.5
1767848280000,2.138,2.139,2.138,2.138,985.93
1767848340000,2.138,2.138,2.138,2.138,42.05
1767848400000,2.138,2.142,2.138,2.142,280.92
1767848460000,2.142,2.142,2.138,2.138,658.62
1767848520000,2.138,2.14,2.138,2.139,669.42
1767848580000,2.14,2.142,2.14,2.142,764.0
1767848640000,2.143,2.144,2.142,2.144,106.22
1767848700000,2.144,2.146,2.143,2.144,1167.28
1767848760000,2.144,2.144,2.142,2.142,280.25
1767848820000,2.143,2.146,2.142,2.146,2373.35
1767848880000,2.146,2.146,2.145,2.146,666.67
1767848940000,2.147,2.148,2.145,2.146,3450.45
1767849000000,2.147,2.147,2.146,2.146,9569.67
1767849060000,2.145,2.145,2.144,2.145,65.78
1767849120000,2.145,2.146,2.144,2.144,657.4
1767849180000,2.144,2.144,2.142,2.142,4148.83
1767849240000,2.143,2.143,2.143,2.143,28.04
1767849300000,2.142,2.144,2.142,2.144,809.77
1767849360000,2.143,2.144,2.143,2.143,113.58
1767849420000,2.143,2.144,2.143,2.143,41.29
1767849480000,2.142,2.142,2.141,2.142,254.9
1767849540000,2.142,2.143,2.142,2.143,121.7
1767849600000,2.144,2.144,2.144,2.144,4.67
1767849660000,2.144,2.146,2.144,2.145,2638.29
1767849720000,2.144,2.145,2.144,2.145,1223.35
1767849780000,2.144,2.145,2.143,2.144,2024.73
1767849840000,2.144,2.144,2.144,2.144,451.73
1767849900000,2.143,2.143,2.14,2.14,311.88
1767849960000,2.14,2.141,2.139,2.141,325.04
1767850020000,2.141,2.141,2.14,2.14,1718.7
1767850080000,2.139,2.14,2.139,2.14,894.28
1767850140000,2.14,2.14,2.139,2.139,306.23
1767850200000,2.14,2.141,2.14,2.141,241.82
1767850260000,2.141,2.142,2.141,2.142,515.09
1767850320000,2.143,2.146,2.143,2.146,1380.51
1767850380000,2.147,2.148,2.146,2.147,1804.78
1767850440000,2.147,2.147,2.146,2.147,870.31
1767850500000,2.148,2.15,2.148,2.148,1347.93
1767850560000,2.149,2.149,2.145,2.146,7453.79
1767850620000,2.147,2.147,2.147,2.147,423.43
1767850680000,2.148,2.149,2.147,2.147,3037.75
1767850740000,2.148,2.15,2.148,2.15,1301.43
1767850800000,2.15,2.151,2.149,2.149,6191.8
1767850860000,2.148,2.148,2.146,2.146,1883.44
1767850920000,2.145,2.146,2.143,2.143,1370.71
1767850980000,2.142,2.143,2.139,2.139,3440.01
1767851040000,2.139,2.139,2.139,2.139,22.79
1767851100000,2.14,2.141,2.138,2.138,495.26
1767851160000,2.14,2.14,2.139,2.139,17.59
1767851220000,2.137,2.137,2.135,2.136,2176.93
1767851280000,2.137,2.137,2.137,2.137,295.3
1767851340000,2.138,2.139,2.137,2.139,690.36
1767851400000,2.139,2.14,2.139,2.139,262.7
1767851460000,2.139,2.139,2.138,2.138,2606.12
1767851520000,2.137,2.137,2.134,2.135,1822.24
1767851580000,2.135,2.136,2.133,2.136,917.14
1767851640000,2.135,2.135,2.135,2.135,83.96
1767851700000,2.134,2.134,2.133,2.134,1280.5
1767851760000,2.134,2.134,2.134,2.134,72.3
1767851820000,2.133,2.133,2.132,2.132,2466.88
1767851880000,2.132,2.134,2.132,2.133,2688.18
1767851940000,2.134,2.134,2.134,2.134,1102.33
1767852000000,2.134,2.137,2.134,2.136,383.16
1767852060000,2.137,2.137,2.134,2.134,250.55
1767852120000,2.134,2.135,2.133,2.135,67.48
1767852180000,2.135,2.136,2.135,2.135,487.43
1767852240000,2.135,2.135,2.131,2.131,277.92
1767852300000,2.132,2.132,2.122,2.123,7816.75
1767852360000,2.123,2.126,2.122,2.126,4895.06
1767852420000,2.126,2.126,2.124,2.125,1176.69
1767852480000,2.126,2.127,2.123,2.124,586.86
1767852540000,2.123,2.127,2.123,2.126,1016.22
1767852600000,2.127,2.128,2.126,2.127,1001.97
1767852660000,2.126,2.126,2.12,2.12,6421.31
1767852720000,2.121,2.125,2.121,2.121,5350.55
1767852780000,2.121,2.123,2.12,2.123,1401.96
1767852840000,2.123,2.124,2.122,2.124,1758.44
1767852900000,2.124,2.124,2.121,2.122,6221.59
1767852960000,2.122,2.122,2.12,2.12,3600.58
1767853020000,2.12,2.12,2.108,2.114,41335.15
1767853080000,2.114,2.116,2.114,2.114,3307.71
1767853140000,2.114,2.114,2.111,2.112,2898.92
1767853200000,2.114,2.12,2.113,2.12,2987.63
1767853260000,2.12,2.122,2.118,2.119,2080.73
1767853320000,2.12,2.12,2.115,2.115,3104.32
1767853380000,2.115,2.115,2.114,2.114,773.66
1767853440000,2.115,2.117,2.11,2.11,4886.19
1767853500000,2.11,2.112,2.109,2.112,2626.76
1767853560000,2.112,2.113,2.111,2.112,3116.57
1767853620000,2.111,2.114,2.111,2.114,778.41
1767853680000,2.113,2.113,2.11,2.113,3004.33
1767853740000,2.112,2.112,2.109,2.111,303.59
1767853800000,2.112,2.113,2.111,2.112,5610.6
1767853860000,2.112,2.114,2.112,2.113,99.42
1767853920000,2.112,2.114,2.112,2.114,2298.91
1767853980000,2.115,2.116,2.115,2.116,356.23
1767854040000,2.115,2.116,2.113,2.113,527.84
1767854100000,2.114,2.114,2.113,2.113,171.03
1767854160000,2.113,2.113,2.111,2.113,3805.83
1767854220000,2.114,2.121,2.114,2.12,2130.96
1767854280000,2.121,2.122,2.12,2.12,2098.12
1767854340000,2.12,2.12,2.119,2.119,489.56
1767854400000,2.118,2.118,2.117,2.117,847.44
1767854460000,2.118,2.12,2.117,2.12,517.01
1767854520000,2.119,2.12,2.119,2.12,650.97
1767854580000,2.119,2.119,2.119,2.119,242.2
1767854640000,2.119,2.119,2.119,2.119,147.73
1767854700000,2.118,2.119,2.117,2.118,1089.52
1767854760000,2.117,2.117,2.117,2.117,390.75
1767854820000,2.116,2.117,2.114,2.114,1120.94
1767854880000,2.113,2.113,2.113,2.113,593.84
1767854940000,2.113,2.113,2.11,2.111,778.98
1767855000000,2.111,2.113,2.107,2.107,3133.74
1767855060000,2.108,2.114,2.108,2.114,1202.99
1767855120000,2.114,2.114,2.111,2.112,2242.62
1767855180000,2.111,2.113,2.11,2.111,1020.26
1767855240000,2.11,2.11,2.108,2.108,1057.63
1767855300000,2.108,2.111,2.108,2.109,12590.33
1767855360000,2.109,2.11,2.105,2.105,2431.2
1767855420000,2.104,2.106,2.1,2.102,26752.85
1767855480000,2.103,2.104,2.102,2.102,4295.18
1767855540000,2.102,2.102,2.096,2.096,15562.41
1767855600000,2.096,2.103,2.096,2.103,4917.41
1767855660000,2.101,2.101,2.084,2.089,72878.18
1767855720000,2.09,2.102,2.09,2.098,15108.46
1767855780000,2.098,2.1,2.086,2.09,47529.56
1767855840000,2.09,2.095,2.09,2.094,20206.4
1767855900000,2.093,2.096,2.09,2.096,6722.26
1767855960000,2.097,2.097,2.093,2.093,26164.92
1767856020000,2.093,2.102,2.093,2.1,5137.3
1767856080000,2.1,2.101,2.099,2.099,630.51
1767856140000,2.099,2.099,2.096,2.099,6637.29
1767856200000,2.099,2.105,2.099,2.104,2767.09
1767856260000,2.105,2.105,2.103,2.104,519.02
1767856320000,2.103,2.103,2.101,2.102,2588.3
1767856380000,2.102,2.106,2.102,2.105,1500.23
1767856440000,2.105,2.107,2.105,2.105,7012.01
1767856500000,2.105,2.107,2.104,2.106,982.51
1767856560000,2.106,2.107,2.106,2.107,2891.35
1767856620000,2.107,2.107,2.106,2.106,6043.28
1767856680000,2.106,2.108,2.106,2.108,336.11
1767856740000,2.107,2.11,2.107,2.109,1609.06
1767856800000,2.109,2.11,2.107,2.107,5378.9
1767856860000,2.108,2.11,2.108,2.109,5677.91
1767856920000,2.109,2.111,2.109,2.11,7154.87
1767856980000,2.11,2.117,2.109,2.113,21065.35
1767857040000,2.113,2.115,2.113,2.113,3314.43
1767857100000,2.114,2.117,2.114,2.117,1827.84
1767857160000,2.116,2.118,2.116,2.117,544.48
1767857220000,2.118,2.12,2.117,2.119,14511.58
1767857280000,2.118,2.119,2.117,2.118,1867.63
1767857340000,2.118,2.12,2.118,2.118,962.85
1767857400000,2.12,2.123,2.12,2.12,6355.57
1767857460000,2.12,2.122,2.119,2.122,950.64
1767857520000,2.122,2.125,2.122,2.123,4625.89
1767857580000,2.124,2.127,2.124,2.124,4012.09
1767857640000,2.126,2.128,2.126,2.128,7737.6
1767857700000,2.128,2.13,2.127,2.129,5980.65
1767857760000,2.129,2.133,2.128,2.129,20593.54
1767857820000,2.128,2.129,2.126,2.129,8860.24
1767857880000,2.129,2.129,2.127,2.127,1787.01
1767857940000,2.127,2.127,2.125,2.125,133.45
1767858000000,2.125,2.126,2.124,2.126,2430.78
1767858060000,2.127,2.13,2.127,2.13,1883.01
1767858120000,2.13,2.133,2.13,2.131,9912.27
1767858180000,2.131,2.132,2.128,2.128,318.87
1767858240000,2.128,2.128,2.127,2.127,1598.62
1767858300000,2.128,2.129,2.128,2.129,3620.73
1767858360000,2.128,2.128,2.127,2.127,103.59
1767858420000,2.128,2.132,2.128,2.13,1328.26
1767858480000,2.129,2.129,2.125,2.125,6620.55
1767858540000,2.126,2.128,2.126,2.126,1342.9
1767858600000,2.127,2.128,2.127,2.128,974.7
1767858660000,2.129,2.129,2.127,2.129,749.36
1767858720000,2.129,2.131,2.128,2.13,15986.99
1767858780000,2.13,2.131,2.128,2.129,2143.58
1767858840000,2.128,2.13,2.128,2.13,1242.22
1767858900000,2.13,2.131,2.128,2.128,2737.11
1767858960000,2.128,2.129,2.128,2.128,1163.59
1767859020000,2.128,2.13,2.128,2.129,2588.33
1767859080000,2.128,2.128,2.128,2.128,12.34
1767859140000,2.128,2.129,2.128,2.129,218.69
1767859200000,2.128,2.133,2.128,2.133,2143.62
1767859260000,2.133,2.136,2.132,2.132,16344.4
1767859320000,2.132,2.134,2.132,2.132,801.82
1767859380000,2.131,2.132,2.13,2.131,3041.01
1767859440000,2.132,2.133,2.132,2.133,617.93
1767859500000,2.134,2.136,2.134,2.134,704.89
1767859560000,2.134,2.134,2.13,2.132,672.59
1767859620000,2.131,2.131,2.13,2.131,611.32
1767859680000,2.131,2.136,2.131,2.136,529.73
1767859740000,2.135,2.136,2.135,2.136,2054.47
1767859800000,2.135,2.135,2.133,2.133,921.2
1767859860000,2.133,2.134,2.133,2.134,479.32
1767859920000,2.134,2.134,2.134,2.134,1449.42
1767859980000,2.134,2.135,2.133,2.133,963.3
1767860040000,2.134,2.135,2.134,2.135,29.96
1767860100000,2.134,2.135,2.134,2.135,119.94
1767860160000,2.136,2.138,2.136,2.137,5479.8
1767860220000,2.138,2.139,2.137,2.138,8547.75
1767860280000,2.139,2.141,2.139,2.14,1523.23
1767860340000,2.14,2.14,2.135,2.137,1509.56
1767860400000,2.138,2.139,2.138,2.138,395.03
1767860460000,2.137,2.138,2.136,2.137,605.61
1767860520000,2.138,2.138,2.135,2.136,1513.89
1767860580000,2.136,2.137,2.135,2.136,2201.16
1767860640000,2.136,2.139,2.136,2.138,5352.06
1767860700000,2.138,2.139,2.138,2.139,2797.89
1767860760000,2.138,2.138,2.137,2.137,647.2
1767860820000,2.137,2.139,2.137,2.137,3534.51
1767860880000,2.137,2.138,2.137,2.138,2289.29
1767860940000,2.137,2.138,2.136,2.136,1291.7
1767861000000,2.137,2.14,2.137,2.138,10230.72
1767861060000,2.138,2.138,2.133,2.134,12290.42
1767861120000,2.133,2.134,2.133,2.133,1723.3
1767861180000,2.133,2.133,2.129,2.129,2885.0
1767861240000,2.13,2.131,2.129,2.13,871.66
1767861300000,2.131,2.131,2.13,2.131,192.49
1767861360000,2.129,2.129,2.127,2.127,1853.11
1767861420000,2.127,2.127,2.125,2.125,588.68
1767861480000,2.125,2.125,2.123,2.123,687.23
1767861540000,2.124,2.125,2.122,2.122,804.65
1767861600000,2.123,2.125,2.122,2.123,94.12
1767861660000,2.122,2.124,2.122,2.123,640.22
1767861720000,2.123,2.123,2.123,2.123,315.94
1767861780000,2.124,2.125,2.124,2.125,208.11
1767861840000,2.125,2.125,2.124,2.125,252.36
1767861900000,2.124,2.125,2.123,2.125,923.19
1767861960000,2.125,2.125,2.123,2.123,1383.02
1767862020000,2.123,2.123,2.12,2.121,2460.58
1767862080000,2.122,2.122,2.122,2.122,877.9
1767862140000,2.121,2.122,2.121,2.122,223.46
1767862200000,2.122,2.122,2.12,2.121,2211.09
1767862260000,2.121,2.121,2.118,2.119,68837.27
1767862320000,2.119,2.119,2.116,2.118,4400.75
1767862380000,2.118,2.119,2.114,2.114,12213.15
1767862440000,2.115,2.116,2.114,2.115,1924.47
1767862500000,2.115,2.116,2.115,2.116,1655.84
1767862560000,2.117,2.117,2.11,2.112,4278.09
1767862620000,2.112,2.112,2.111,2.111,1212.74
1767862680000,2.111,2.112,2.111,2.112,1531.49
1767862740000,2.112,2.113,2.112,2.113,94.79
1767862800000,2.113,2.116,2.113,2.115,2278.11
1767862860000,2.115,2.117,2.114,2.114,2202.2
1767862920000,2.115,2.115,2.113,2.114,1034.11
1767862980000,2.114,2.117,2.113,2.117,269.51
1767863040000,2.118,2.119,2.117,2.118,631.39
1767863100000,2.118,2.119,2.117,2.119,4117.62
1767863160000,2.118,2.123,2.118,2.122,3087.14
1767863220000,2.122,2.122,2.121,2.121,1177.83
1767863280000,2.122,2.122,2.12,2.121,148.85
1767863340000,2.121,2.123,2.121,2.123,2482.2
1767863400000,2.123,2.123,2.122,2.122,650.53
1767863460000,2.122,2.123,2.122,2.122,1732.09
1767863520000,2.122,2.122,2.122,2.122,474.78
1767863580000,2.122,2.122,2.12,2.12,656.48
1767863640000,2.12,2.12,2.119,2.119,2984.7
1767863700000,2.119,2.119,2.116,2.116,779.09
1767863760000,2.117,2.118,2.116,2.116,451.03
1767863820000,2.116,2.116,2.116,2.116,3116.08
1767863880000,2.115,2.115,2.109,2.11,6037.56
1767863940000,2.111,2.111,2.108,2.108,15319.46
1767864000000,2.108,2.109,2.106,2.108,3620.31
1767864060000,2.108,2.108,2.107,2.108,1503.9
1767864120000,2.107,2.108,2.107,2.107,3450.09
1767864180000,2.106,2.106,2.104,2.105,4101.37
1767864240000,2.105,2.105,2.103,2.104,12562.9
1767864300000,2.104,2.105,2.103,2.103,37336.34
1767864360000,2.103,2.105,2.103,2.105,303.12
1767864420000,2.105,2.105,2.104,2.104,103.39
1767864480000,2.104,2.104,2.103,2.103,1996.14
1767864540000,2.103,2.104,2.099,2.1,14157.29
1767864600000,2.1,2.101,2.1,2.1,15137.9
1767864660000,2.101,2.101,2.1,2.1,1465.46
1767864720000,2.1,2.101,2.096,2.101,57049.12
1767864780000,2.101,2.104,2.101,2.104,2113.56
1767864840000,2.103,2.104,2.103,2.104,641.3
1767864900000,2.104,2.106,2.104,2.106,1164.99
1767864960000,2.105,2.105,2.104,2.104,4362.48
1767865020000,2.104,2.105,2.104,2.105,646.38
1767865080000,2.105,2.105,2.102,2.103,1637.59
1767865140000,2.104,2.104,2.101,2.102,14578.55
1767865200000,2.102,2.103,2.102,2.102,71.27
1767865260000,2.102,2.102,2.098,2.099,1047.68
1767865320000,2.1,2.101,2.1,2.1,336.96
1767865380000,2.101,2.103,2.101,2.103,363.66
1767865440000,2.102,2.104,2.102,2.104,1202.92
1767865500000,2.103,2.107,2.103,2.107,2810.54
1767865560000,2.108,2.108,2.102,2.102,2780.36
1767865620000,2.102,2.104,2.102,2.104,2535.82
1767865680000,2.105,2.108,2.105,2.107,691.82
1767865740000,2.108,2.109,2.107,2.109,528.18
1767865800000,2.108,2.109,2.108,2.109,582.72
1767865860000,2.108,2.108,2.107,2.107,483.98
1767865920000,2.106,2.106,2.104,2.105,91.21
1767865980000,2.105,2.106,2.104,2.104,2257.43
1767866040000,2.104,2.104,2.104,2.104,352.79
1767866100000,2.104,2.104,2.103,2.104,95.57
1767866160000,2.103,2.103,2.101,2.101,2201.34
1767866220000,2.1,2.1,2.096,2.096,4474.53
1767866280000,2.097,2.098,2.094,2.098,19254.01
1767866340000,2.099,2.099,2.097,2.097,2197.9
1767866400000,2.097,2.099,2.096,2.097,4337.89
1767866460000,2.096,2.096,2.09,2.09,6608.76
1767866520000,2.09,2.09,2.086,2.087,16261.03
1767866580000,2.087,2.087,2.084,2.087,11400.63
1767866640000,2.086,2.09,2.086,2.089,2504.8
1767866700000,2.089,2.097,2.088,2.097,2860.38
1767866760000,2.096,2.099,2.095,2.097,3029.35
1767866820000,2.097,2.099,2.095,2.098,2612.14
1767866880000,2.099,2.102,2.096,2.096,4443.53
1767866940000,2.097,2.097,2.095,2.095,781.19
1767867000000,2.094,2.097,2.094,2.097,491.69
1767867060000,2.097,2.098,2.097,2.098,743.62
1767867120000,2.099,2.099,2.097,2.097,1318.51
1767867180000,2.096,2.102,2.096,2.102,4097.93
1767867240000,2.102,2.102,2.101,2.101,1277.17
1767867300000,2.101,2.102,2.099,2.1,2461.2
1767867360000,2.101,2.101,2.1,2.101,605.87
1767867420000,2.102,2.107,2.102,2.107,6729.87
1767867480000,2.106,2.108,2.105,2.108,2778.72
1767867540000,2.108,2.11,2.107,2.108,5138.51
1767867600000,2.107,2.108,2.107,2.107,2171.81
1767867660000,2.108,2.111,2.106,2.106,13545.56
1767867720000,2.106,2.108,2.105,2.107,8974.73
1767867780000,2.107,2.111,2.107,2.11,1858.17
1767867840000,2.111,2.116,2.111,2.115,65729.75
1767867900000,2.114,2.116,2.113,2.115,2112.55
1767867960000,2.116,2.119,2.116,2.117,3553.21
1767868020000,2.116,2.117,2.116,2.117,336.44
1767868080000,2.117,2.117,2.116,2.117,508.95
1767868140000,2.117,2.118,2.117,2.118,3545.25
1767868200000,2.117,2.119,2.117,2.119,1438.56
1767868260000,2.118,2.119,2.117,2.119,650.25
1767868320000,2.117,2.118,2.116,2.116,1009.0
1767868380000,2.116,2.117,2.116,2.116,449.88
1767868440000,2.115,2.115,2.113,2.114,833.74
1767868500000,2.116,2.117,2.116,2.117,2061.44
1767868560000,2.117,2.117,2.116,2.116,1502.76
1767868620000,2.115,2.117,2.114,2.116,3182.71
1767868680000,2.115,2.115,2.113,2.113,912.01
1767868740000,2.113,2.113,2.112,2.112,32.44
1767868800000,2.113,2.114,2.113,2.113,329.51
1767868860000,2.113,2.113,2.112,2.113,1008.12
1767868920000,2.113,2.114,2.113,2.114,37.29
1767868980000,2.114,2.114,2.114,2.114,658.4
1767869040000,2.113,2.114,2.112,2.113,8573.91
1767869100000,2.114,2.116,2.114,2.116,2413.33
1767869160000,2.117,2.118,2.116,2.118,2347.94
1767869220000,2.119,2.119,2.117,2.117,352.14
1767869280000,2.116,2.116,2.116,2.116,41.62
1767869340000,2.117,2.119,2.117,2.118,610.39
1767869400000,2.119,2.121,2.119,2.121,4296.73
1767869460000,2.12,2.121,2.12,2.121,186.39
1767869520000,2.121,2.121,2.12,2.12,355.3
1767869580000,2.12,2.127,2.12,2.123,106613.26
1767869640000,2.123,2.127,2.123,2.126,6343.48
1767869700000,2.125,2.128,2.124,2.127,12792.92
1767869760000,2.126,2.129,2.126,2.128,12419.7
1767869820000,2.128,2.131,2.127,2.13,7677.51
1767869880000,2.129,2.13,2.125,2.126,3156.59
1767869940000,2.126,2.126,2.126,2.126,5390.11
1767870000000,2.126,2.128,2.126,2.128,2940.09
1767870060000,2.129,2.129,2.128,2.128,2725.06
1767870120000,2.128,2.129,2.127,2.129,2505.67
1767870180000,2.128,2.128,2.127,2.127,351.71
1767870240000,2.128,2.129,2.126,2.126,3006.32
1767870300000,2.126,2.126,2.118,2.119,10511.64
1767870360000,2.118,2.12,2.118,2.118,636.88
1767870420000,2.117,2.117,2.115,2.117,2096.67
1767870480000,2.117,2.117,2.116,2.116,1175.56
1767870540000,2.115,2.116,2.115,2.116,255.77
1767870600000,2.116,2.121,2.116,2.12,2427.62
1767870660000,2.12,2.12,2.12,2.12,265.88
1767870720000,2.12,2.12,2.119,2.12,200.73
1767870780000,2.119,2.119,2.119,2.119,3010.27
1767870840000,2.118,2.118,2.118,2.118,557.55
1767870900000,2.118,2.12,2.118,2.12,2252.85
1767870960000,2.121,2.124,2.121,2.123,207.06
1767871020000,2.123,2.123,2.119,2.119,920.77
1767871080000,2.119,2.12,2.119,2.119,338.41
1767871140000,2.12,2.122,2.12,2.122,386.69
1767871200000,2.122,2.122,2.108,2.113,69082.67
1767871260000,2.113,2.113,2.112,2.113,1750.23
1767871320000,2.114,2.114,2.112,2.113,4078.49
1767871380000,2.113,2.113,2.112,2.113,312.09
1767871440000,2.112,2.112,2.11,2.11,2670.67
1767871500000,2.111,2.113,2.108,2.113,15764.27
1767871560000,2.112,2.113,2.112,2.113,2133.23
1767871620000,2.114,2.115,2.113,2.113,2158.47
1767871680000,2.114,2.114,2.114,2.114,396.8
1767871740000,2.115,2.115,2.113,2.113,62.71
1767871800000,2.114,2.116,2.114,2.116,526.98
1767871860000,2.116,2.117,2.111,2.115,29675.89
1767871920000,2.115,2.117,2.114,2.115,820.56
1767871980000,2.115,2.115,2.114,2.115,998.98
1767872040000,2.116,2.117,2.116,2.117,319.87
1767872100000,2.117,2.117,2.111,2.111,1218.02
1767872160000,2.112,2.115,2.112,2.114,3964.82
1767872220000,2.115,2.115,2.113,2.113,558.55
1767872280000,2.112,2.112,2.111,2.111,388.27
1767872340000,2.112,2.115,2.112,2.115,875.73
1767872400000,2.116,2.121,2.116,2.121,2670.06
1767872460000,2.121,2.124,2.12,2.124,8314.58
1767872520000,2.125,2.126,2.123,2.124,1031.33
1767872580000,2.124,2.124,2.121,2.121,14609.39
1767872640000,2.121,2.121,2.117,2.117,10624.36
1767872700000,2.118,2.12,2.118,2.12,1882.48
1767872760000,2.119,2.119,2.117,2.117,7412.08
1767872820000,2.118,2.12,2.118,2.12,720.7
1767872880000,2.121,2.123,2.121,2.121,12219.51
1767872940000,2.122,2.124,2.122,2.123,2945.75
1767873000000,2.124,2.125,2.122,2.124,9090.33
1767873060000,2.123,2.126,2.123,2.126,4706.29
1767873120000,2.126,2.127,2.124,2.125,2412.86
1767873180000,2.124,2.125,2.124,2.125,247.51
1767873240000,2.125,2.125,2.123,2.123,1674.64
1767873300000,2.124,2.127,2.124,2.126,712.09
1767873360000,2.126,2.127,2.125,2.126,1588.5
1767873420000,2.126,2.126,2.124,2.124,957.36
1767873480000,2.124,2.124,2.123,2.123,458.58
1767873540000,2.124,2.124,2.123,2.123,597.02
1767873600000,2.124,2.126,2.124,2.125,4787.61
1767873660000,2.126,2.127,2.124,2.126,2073.38
1767873720000,2.125,2.125,2.121,2.122,899.19
1767873780000,2.123,2.123,2.117,2.118,14392.03
1767873840000,2.118,2.121,2.118,2.121,1697.86
1767873900000,2.122,2.124,2.122,2.123,873.66
1767873960000,2.124,2.124,2.121,2.121,583.17
1767874020000,2.121,2.121,2.114,2.114,1911.77
1767874080000,2.114,2.114,2.109,2.109,658.49
1767874140000,2.108,2.112,2.108,2.111,5599.23
1767874200000,2.111,2.111,2.106,2.106,446.31
1767874260000,2.108,2.108,2.106,2.108,6787.4
1767874320000,2.108,2.112,2.105,2.111,4924.5
1767874380000,2.112,2.113,2.109,2.109,6321.45
1767874440000,2.11,2.11,2.109,2.109,1777.39
1767874500000,2.11,2.112,2.11,2.112,66.37
1767874560000,2.113,2.114,2.113,2.113,89.0
1767874620000,2.113,2.113,2.112,2.112,722.31
1767874680000,2.111,2.111,2.109,2.109,1343.79
1767874740000,2.109,2.112,2.108,2.112,9776.73
1767874800000,2.112,2.114,2.111,2.114,6318.01
1767874860000,2.114,2.114,2.111,2.113,5887.18
1767874920000,2.112,2.113,2.112,2.113,1507.4
1767874980000,2.113,2.114,2.112,2.113,7234.93
1767875040000,2.113,2.114,2.112,2.112,1161.32
1767875100000,2.112,2.112,2.111,2.112,68.83
1767875160000,2.112,2.114,2.112,2.114,91.82
1767875220000,2.113,2.114,2.113,2.113,1260.89
1767875280000,2.114,2.114,2.111,2.113,9645.72
1767875340000,2.113,2.114,2.113,2.114,27.68
1767875400000,2.113,2.114,2.113,2.114,5556.15
1767875460000,2.115,2.115,2.115,2.115,1082.97
1767875520000,2.113,2.113,2.11,2.11,1312.01
1767875580000,2.109,2.109,2.108,2.108,1875.94
1767875640000,2.108,2.108,2.106,2.107,1394.95
1767875700000,2.107,2.107,2.103,2.106,7524.82
1767875760000,2.106,2.106,2.102,2.102,3301.66
1767875820000,2.102,2.102,2.101,2.102,198.19
1767875880000,2.103,2.104,2.102,2.102,4191.31
1767875940000,2.103,2.104,2.103,2.104,513.99
1767876000000,2.104,2.106,2.103,2.106,1416.5
1767876060000,2.106,2.106,2.105,2.105,757.51
1767876120000,2.105,2.107,2.105,2.105,139.36
1767876180000,2.105,2.106,2.105,2.106,84.36
1767876240000,2.107,2.108,2.107,2.107,316.97
1767876300000,2.107,2.109,2.106,2.106,2619.13
1767876360000,2.105,2.105,2.103,2.104,233.12
1767876420000,2.102,2.104,2.102,2.104,103.11
1767876480000,2.104,2.105,2.103,2.103,2298.74
1767876540000,2.103,2.104,2.103,2.103,434.21
1767876600000,2.103,2.104,2.101,2.104,2348.57
1767876660000,2.104,2.105,2.102,2.102,510.54
1767876720000,2.102,2.102,2.1,2.1,4232.89
1767876780000,2.101,2.101,2.099,2.099,5309.83
1767876840000,2.099,2.099,2.095,2.097,4993.64
1767876900000,2.097,2.1,2.097,2.1,649.1
1767876960000,2.1,2.101,2.1,2.1,56.83
1767877020000,2.101,2.102,2.101,2.102,857.32
1767877080000,2.103,2.103,2.101,2.102,977.08
1767877140000,2.103,2.104,2.102,2.103,352.27
1767877200000,2.103,2.103,2.101,2.101,567.15
1767877260000,2.101,2.103,2.101,2.103,736.54
1767877320000,2.103,2.104,2.102,2.103,287.58
1767877380000,2.104,2.105,2.103,2.103,1348.49
1767877440000,2.104,2.105,2.103,2.103,1576.67
1767877500000,2.103,2.103,2.102,2.102,1239.06
1767877560000,2.102,2.104,2.102,2.103,4513.63
1767877620000,2.104,2.105,2.104,2.104,1664.07
1767877680000,2.104,2.104,2.102,2.102,1139.19
1767877740000,2.103,2.104,2.103,2.103,738.04
1767877800000,2.104,2.104,2.104,2.104,319.09
1767877860000,2.105,2.106,2.105,2.106,5934.89
1767877920000,2.106,2.106,2.105,2.106,594.38
1767877980000,2.106,2.106,2.105,2.105,216.7
1767878040000,2.105,2.105,2.102,2.102,1262.64
1767878100000,2.102,2.105,2.102,2.105,2370.59
1767878160000,2.105,2.105,2.1,2.101,2703.46
1767878220000,2.101,2.103,2.098,2.102,3824.78
1767878280000,2.101,2.105,2.101,2.105,669.64
1767878340000,2.104,2.104,2.103,2.103,1019.13
1767878400000,2.102,2.104,2.102,2.104,565.99
1767878460000,2.104,2.104,2.102,2.102,305.81
1767878520000,2.101,2.102,2.101,2.101,915.13
1767878580000,2.1,2.101,2.1,2.101,999.64
1767878640000,2.1,2.102,2.1,2.102,4436.83
1767878700000,2.103,2.104,2.103,2.104,387.75
1767878760000,2.103,2.104,2.102,2.104,1277.45
1767878820000,2.103,2.103,2.103,2.103,20.0
1767878880000,2.103,2.104,2.103,2.103,547.77
1767878940000,2.102,2.104,2.102,2.103,421.23
1767879000000,2.104,2.104,2.101,2.103,3528.68
1767879060000,2.103,2.103,2.101,2.102,1344.96
1767879120000,2.102,2.102,2.097,2.098,4633.02
1767879180000,2.096,2.097,2.093,2.094,8976.56
1767879240000,2.094,2.095,2.093,2.095,2129.98
1767879300000,2.094,2.094,2.092,2.093,9207.72
1767879360000,2.093,2.093,2.091,2.091,2388.55
1767879420000,2.092,2.092,2.089,2.09,5893.69
1767879480000,2.09,2.092,2.09,2.091,1540.84
1767879540000,2.092,2.095,2.092,2.095,1467.71
1767879600000,2.094,2.095,2.093,2.093,971.74
1767879660000,2.093,2.096,2.093,2.096,384.39
1767879720000,2.096,2.096,2.096,2.096,1218.45
1767879780000,2.096,2.096,2.096,2.096,6.37
1767879840000,2.096,2.097,2.096,2.097,117.48
1767879900000,2.097,2.101,2.097,2.101,1813.56
1767879960000,2.1,2.102,2.099,2.101,2913.01
1767880020000,2.1,2.1,2.099,2.099,3255.89
1767880080000,2.098,2.098,2.096,2.096,653.0
1767880140000,2.096,2.098,2.096,2.098,2665.42
1767880200000,2.097,2.099,2.096,2.098,1462.96
1767880260000,2.099,2.1,2.098,2.099,587.88
1767880320000,2.098,2.098,2.096,2.097,588.44
1767880380000,2.096,2.098,2.094,2.098,3446.4
1767880440000,2.098,2.1,2.097,2.099,1778.28
1767880500000,2.099,2.103,2.098,2.103,4346.27
1767880560000,2.102,2.102,2.099,2.101,3598.67
1767880620000,2.101,2.103,2.1,2.103,3300.05
1767880680000,2.103,2.104,2.102,2.102,56.41
1767880740000,2.103,2.106,2.102,2.106,833.03
1767880800000,2.104,2.104,2.102,2.102,2594.98
1767880860000,2.101,2.101,2.099,2.099,6027.75
1767880920000,2.099,2.1,2.099,2.1,107.0
1767880980000,2.1,2.1,2.098,2.098,5715.08
1767881040000,2.098,2.098,2.095,2.097,5105.41
1767881100000,2.096,2.1,2.092,2.099,12754.38
1767881160000,2.099,2.105,2.099,2.102,15453.46
1767881220000,2.101,2.102,2.1,2.102,90.53
1767881280000,2.103,2.104,2.101,2.101,856.95
1767881340000,2.101,2.108,2.101,2.105,32223.22
1767881400000,2.106,2.108,2.106,2.108,5598.65
1767881460000,2.108,2.109,2.107,2.107,1330.36
1767881520000,2.107,2.107,2.105,2.106,2016.26
1767881580000,2.106,2.107,2.105,2.107,902.71
1767881640000,2.105,2.105,2.101,2.102,3310.93
1767881700000,2.102,2.102,2.1,2.101,1242.76
1767881760000,2.1,2.1,2.098,2.099,142.84
1767881820000,2.099,2.103,2.099,2.103,1496.26
1767881880000,2.104,2.105,2.103,2.103,597.8
1767881940000,2.103,2.103,2.101,2.101,5530.2
1767882000000,2.102,2.102,2.1,2.1,1940.62
1767882060000,2.1,2.1,2.096,2.097,6893.4
1767882120000,2.096,2.097,2.095,2.096,2591.7
1767882180000,2.097,2.099,2.097,2.099,1357.61
1767882240000,2.1,2.1,2.098,2.098,678.85
1767882300000,2.097,2.097,2.095,2.096,3081.32
1767882360000,2.096,2.099,2.09,2.097,18999.61
1767882420000,2.097,2.098,2.096,2.098,3338.05
1767882480000,2.098,2.099,2.094,2.094,1871.2
1767882540000,2.096,2.099,2.096,2.099,1458.4
1767882600000,2.098,2.1,2.095,2.096,5626.42
1767882660000,2.097,2.098,2.091,2.097,11304.9
1767882720000,2.097,2.102,2.097,2.101,15973.66
1767882780000,2.1,2.104,2.099,2.104,7621.73
1767882840000,2.104,2.107,2.102,2.107,3061.36
1767882900000,2.105,2.108,2.103,2.103,6161.21
1767882960000,2.103,2.108,2.103,2.107,7591.63
1767883020000,2.106,2.107,2.1,2.1,3986.66
1767883080000,2.101,2.101,2.099,2.101,1546.61
1767883140000,2.102,2.104,2.098,2.098,4878.2
1767883200000,2.099,2.107,2.098,2.107,12767.43
1767883260000,2.107,2.11,2.105,2.106,14105.58
1767883320000,2.105,2.106,2.097,2.097,32236.89
1767883380000,2.097,2.098,2.094,2.094,9942.73
1767883440000,2.094,2.099,2.094,2.095,6412.0
1767883500000,2.095,2.095,2.089,2.093,25021.09
1767883560000,2.094,2.108,2.094,2.108,9067.17
1767883620000,2.109,2.115,2.108,2.109,26531.33
1767883680000,2.109,2.109,2.106,2.109,2296.41
1767883740000,2.11,2.113,2.109,2.11,3531.79
1767883800000,2.109,2.112,2.107,2.112,1903.81
1767883860000,2.111,2.116,2.11,2.112,4508.29
1767883920000,2.112,2.121,2.11,2.119,11770.53
1767883980000,2.118,2.124,2.118,2.121,14581.77
1767884040000,2.121,2.123,2.116,2.116,6911.8
1767884100000,2.115,2.12,2.114,2.117,3195.92
1767884160000,2.117,2.117,2.114,2.114,4970.07
1767884220000,2.114,2.114,2.11,2.113,3219.0
1767884280000,2.113,2.123,2.113,2.12,13763.4
1767884340000,2.119,2.124,2.117,2.121,22059.53
1767884400000,2.121,2.123,2.119,2.119,9312.17
1767884460000,2.12,2.122,2.117,2.119,11672.14
1767884520000,2.119,2.119,2.116,2.117,6488.73
1767884580000,2.116,2.116,2.111,2.112,2155.08
1767884640000,2.111,2.113,2.11,2.113,3001.28
1767884700000,2.112,2.121,2.112,2.121,3310.53
1767884760000,2.122,2.129,2.122,2.123,16372.82
1767884820000,2.122,2.128,2.12,2.124,5143.26
1767884880000,2.123,2.127,2.121,2.125,6913.09
1767884940000,2.124,2.127,2.124,2.126,2259.09
1767885000000,2.125,2.126,2.123,2.126,2419.19
1767885060000,2.126,2.129,2.125,2.129,5598.31
1767885120000,2.129,2.133,2.125,2.126,16816.7
1767885180000,2.125,2.125,2.12,2.121,2690.53
1767885240000,2.12,2.122,2.12,2.121,1943.13
1767885300000,2.121,2.126,2.118,2.124,11826.6
1767885360000,2.124,2.128,2.123,2.127,3789.28
1767885420000,2.126,2.126,2.12,2.121,5714.29
1767885480000,2.121,2.126,2.121,2.124,2044.6
1767885540000,2.123,2.125,2.122,2.122,817.64
1767885600000,2.121,2.125,2.12,2.125,3093.94
1767885660000,2.126,2.132,2.123,2.125,15098.0
1767885720000,2.124,2.124,2.122,2.122,1663.62
1767885780000,2.121,2.134,2.121,2.132,15383.64
1767885840000,2.133,2.138,2.131,2.133,15811.49
1767885900000,2.133,2.138,2.133,2.133,5243.59
1767885960000,2.134,2.136,2.134,2.136,1039.53
1767886020000,2.136,2.137,2.134,2.136,2295.77
1767886080000,2.136,2.139,2.135,2.136,7452.8
1767886140000,2.137,2.14,2.136,2.139,5047.97
1767886200000,2.139,2.139,2.134,2.134,1965.88
1767886260000,2.135,2.139,2.133,2.139,6763.16
1767886320000,2.14,2.144,2.14,2.14,24369.87
1767886380000,2.139,2.139,2.135,2.136,10059.64
1767886440000,2.136,2.14,2.135,2.137,4401.86
1767886500000,2.137,2.137,2.134,2.135,2716.7
1767886560000,2.135,2.135,2.13,2.132,2499.46
1767886620000,2.132,2.135,2.132,2.135,1529.01
1767886680000,2.136,2.139,2.134,2.134,1833.34
1767886740000,2.134,2.138,2.134,2.136,10343.92
1767886800000,2.137,2.142,2.137,2.141,6908.06
1767886860000,2.142,2.152,2.142,2.151,23470.04
1767886920000,2.15,2.154,2.146,2.146,12767.68
1767886980000,2.145,2.147,2.142,2.147,1836.35
1767887040000,2.146,2.146,2.139,2.139,2599.02
1767887100000,2.14,2.141,2.138,2.14,4527.9
1767887160000,2.139,2.139,2.138,2.138,1210.74
1767887220000,2.138,2.138,2.136,2.138,905.69
1767887280000,2.137,2.137,2.133,2.135,5495.89
1767887340000,2.136,2.139,2.135,2.138,8989.5
1767887400000,2.139,2.144,2.139,2.143,2828.56
1767887460000,2.143,2.148,2.142,2.147,19175.28
1767887520000,2.146,2.149,2.146,2.146,3982.09
1767887580000,2.146,2.146,2.143,2.144,1717.27
1767887640000,2.144,2.144,2.142,2.142,1295.08
1767887700000,2.142,2.146,2.142,2.145,164.28
1767887760000,2.145,2.145,2.144,2.145,6056.84
1767887820000,2.145,2.149,2.145,2.148,5340.98
1767887880000,2.15,2.152,2.15,2.152,5565.77
1767887940000,2.153,2.157,2.152,2.156,21417.12
1767888000000,2.155,2.159,2.154,2.155,17945.3
1767888060000,2.155,2.156,2.152,2.154,6517.4
1767888120000,2.154,2.154,2.147,2.147,8402.34
1767888180000,2.148,2.148,2.145,2.148,5593.19
1767888240000,2.148,2.148,2.145,2.145,3181.83
1767888300000,2.145,2.148,2.144,2.148,5404.05
1767888360000,2.148,2.151,2.147,2.149,5506.82
1767888420000,2.148,2.15,2.147,2.147,3013.0
1767888480000,2.146,2.146,2.144,2.144,3208.29
1767888540000,2.143,2.143,2.142,2.143,3294.28
1767888600000,2.144,2.147,2.144,2.144,4830.28
1767888660000,2.143,2.143,2.138,2.139,7523.96
1767888720000,2.14,2.143,2.14,2.143,316.7
1767888780000,2.143,2.143,2.14,2.14,2248.47
1767888840000,2.141,2.141,2.135,2.135,2058.13
1767888900000,2.135,2.138,2.134,2.134,1109.05
1767888960000,2.134,2.135,2.133,2.134,1762.47
1767889020000,2.135,2.137,2.135,2.136,1391.7
1767889080000,2.135,2.135,2.132,2.133,5314.09
1767889140000,2.134,2.134,2.13,2.131,3404.14
1767889200000,2.132,2.133,2.132,2.133,1859.21
1767889260000,2.133,2.138,2.133,2.137,17112.26
1767889320000,2.137,2.137,2.134,2.137,20184.6
1767889380000,2.137,2.143,2.137,2.143,11069.59
1767889440000,2.144,2.144,2.14,2.143,9070.03
1767889500000,2.142,2.143,2.139,2.14,1923.58
1767889560000,2.14,2.142,2.139,2.139,703.64
1767889620000,2.138,2.138,2.137,2.137,1732.21
1767889680000,2.137,2.137,2.135,2.135,1767.62
1767889740000,2.136,2.138,2.136,2.138,284.07
1767889800000,2.137,2.138,2.133,2.134,3915.04
1767889860000,2.135,2.135,2.135,2.135,291.05
1767889920000,2.135,2.137,2.135,2.136,1042.29
1767889980000,2.137,2.14,2.137,2.139,1509.78
1767890040000,2.138,2.139,2.134,2.134,9965.95
1767890100000,2.135,2.135,2.132,2.132,3908.13
1767890160000,2.131,2.131,2.125,2.125,9087.0
1767890220000,2.126,2.129,2.125,2.129,2692.3
1767890280000,2.128,2.13,2.128,2.13,1626.39
1767890340000,2.13,2.132,2.129,2.129,1303.77
1767890400000,2.13,2.13,2.127,2.13,2138.85
1767890460000,2.129,2.132,2.128,2.132,951.08
1767890520000,2.133,2.14,2.133,2.139,655.65
1767890580000,2.14,2.146,2.14,2.145,6488.49
1767890640000,2.145,2.145,2.141,2.143,7974.46
1767890700000,2.143,2.147,2.143,2.146,2866.11
1767890760000,2.145,2.147,2.144,2.144,2310.83
1767890820000,2.144,2.149,2.143,2.149,2830.5
1767890880000,2.148,2.151,2.148,2.151,5013.12
1767890940000,2.151,2.151,2.146,2.147,4141.34
1767891000000,2.147,2.148,2.144,2.145,1239.12
1767891060000,2.145,2.146,2.142,2.143,3077.56
1767891120000,2.143,2.143,2.14,2.142,747.57
1767891180000,2.141,2.141,2.138,2.138,2253.38
1767891240000,2.138,2.14,2.138,2.139,7114.2
1767891300000,2.139,2.14,2.138,2.14,2295.5
1767891360000,2.141,2.142,2.14,2.14,2099.38
1767891420000,2.14,2.14,2.139,2.14,5746.36
1767891480000,2.141,2.142,2.141,2.142,937.48
1767891540000,2.143,2.148,2.143,2.148,1296.09
1767891600000,2.148,2.152,2.147,2.149,4544.74
1767891660000,2.148,2.149,2.145,2.147,3838.31
1767891720000,2.148,2.152,2.147,2.147,3615.61
1767891780000,2.147,2.151,2.146,2.15,5641.35
1767891840000,2.15,2.151,2.148,2.149,3630.39
1767891900000,2.149,2.149,2.144,2.145,6939.26
1767891960000,2.146,2.149,2.146,2.149,1992.25
1767892020000,2.15,2.151,2.148,2.148,1524.88
1767892080000,2.148,2.154,2.148,2.151,3995.09
1767892140000,2.15,2.15,2.148,2.148,3104.63
1767892200000,2.147,2.149,2.147,2.147,2579.96
1767892260000,2.147,2.149,2.147,2.148,922.11
1767892320000,2.148,2.149,2.147,2.147,556.85
1767892380000,2.147,2.149,2.146,2.149,260.54
1767892440000,2.148,2.148,2.146,2.146,2191.23
1767892500000,2.145,2.147,2.145,2.146,1128.36
1767892560000,2.145,2.146,2.144,2.146,3443.3
1767892620000,2.146,2.147,2.146,2.147,1178.99
1767892680000,2.146,2.146,2.144,2.144,1963.91
1767892740000,2.143,2.143,2.142,2.142,3599.9
1767892800000,2.142,2.142,2.14,2.142,2223.71
1767892860000,2.143,2.143,2.142,2.142,5622.17
1767892920000,2.143,2.145,2.143,2.144,366.5
1767892980000,2.143,2.143,2.142,2.143,310.8
1767893040000,2.142,2.143,2.142,2.142,632.35
1767893100000,2.142,2.143,2.14,2.141,429.32
1767893160000,2.141,2.141,2.135,2.136,8960.32
1767893220000,2.134,2.138,2.134,2.136,4008.06
1767893280000,2.136,2.137,2.133,2.133,8814.67
1767893340000,2.133,2.134,2.132,2.132,1803.52
1767893400000,2.133,2.138,2.133,2.136,4855.27
1767893460000,2.136,2.138,2.135,2.137,9785.41
1767893520000,2.137,2.14,2.137,2.138,234.65
1767893580000,2.137,2.139,2.137,2.138,1786.07
1767893640000,2.138,2.14,2.138,2.14,346.32
1767893700000,2.14,2.141,2.139,2.139,823.19
1767893760000,2.138,2.141,2.138,2.14,2311.05
1767893820000,2.14,2.14,2.136,2.136,3212.75
1767893880000,2.136,2.137,2.136,2.137,543.68
1767893940000,2.137,2.141,2.137,2.141,968.01
1767894000000,2.141,2.142,2.141,2.141,1201.21
1767894060000,2.141,2.141,2.14,2.14,853.83
1767894120000,2.141,2.141,2.139,2.139,2634.5
1767894180000,2.139,2.141,2.139,2.139,1410.33
1767894240000,2.139,2.14,2.139,2.14,902.32
1767894300000,2.14,2.142,2.139,2.14,3029.12
1767894360000,2.14,2.14,2.14,2.14,29.68
1767894420000,2.14,2.144,2.14,2.143,3713.02
1767894480000,2.143,2.146,2.143,2.143,2632.43
1767894540000,2.143,2.143,2.142,2.142,2485.39
1767894600000,2.143,2.145,2.143,2.145,1580.86
1767894660000,2.145,2.148,2.145,2.148,1386.78
1767894720000,2.148,2.151,2.147,2.149,2519.55
1767894780000,2.149,2.149,2.147,2.148,7788.19
1767894840000,2.149,2.149,2.147,2.149,2853.52
1767894900000,2.149,2.15,2.148,2.15,1922.16
1767894960000,2.15,2.151,2.149,2.151,1957.18
1767895020000,2.151,2.152,2.149,2.152,3613.79
1767895080000,2.152,2.152,2.15,2.15,3407.19
1767895140000,2.15,2.15,2.149,2.149,917.44
1767895200000,2.148,2.148,2.147,2.148,742.75
1767895260000,2.149,2.149,2.147,2.147,3161.84
1767895320000,2.148,2.149,2.147,2.148,4015.01
1767895380000,2.148,2.15,2.148,2.15,39.32
1767895440000,2.15,2.151,2.148,2.148,5559.99
1767895500000,2.148,2.148,2.144,2.144,911.08
1767895560000,2.145,2.146,2.144,2.144,885.92
1767895620000,2.144,2.145,2.143,2.144,1111.3
1767895680000,2.145,2.145,2.143,2.144,1380.27
1767895740000,2.145,2.145,2.145,2.145,1007.74
1767895800000,2.145,2.145,2.143,2.144,5030.36
1767895860000,2.143,2.144,2.139,2.143,5408.78
1767895920000,2.143,2.143,2.139,2.139,5373.9
1767895980000,2.139,2.139,2.138,2.138,1546.26
1767896040000,2.138,2.138,2.137,2.137,161.77
1767896100000,2.136,2.137,2.135,2.135,5408.09
1767896160000,2.135,2.136,2.134,2.135,1862.21
1767896220000,2.136,2.138,2.135,2.138,2179.99
1767896280000,2.138,2.138,2.135,2.136,1296.91
1767896340000,2.136,2.138,2.136,2.138,1100.46
1767896400000,2.138,2.138,2.138,2.138,3785.18
1767896460000,2.138,2.138,2.137,2.137,709.6
1767896520000,2.137,2.137,2.134,2.134,2850.08
1767896580000,2.134,2.138,2.134,2.138,1075.15
1767896640000,2.139,2.139,2.135,2.135,2435.45
1767896700000,2.135,2.136,2.135,2.135,690.48
1767896760000,2.135,2.136,2.134,2.135,1579.24
1767896820000,2.134,2.135,2.134,2.135,4552.03
1767896880000,2.135,2.136,2.135,2.136,2329.88
1767896940000,2.136,2.137,2.135,2.135,3950.8
1767897000000,2.134,2.135,2.134,2.134,6777.24
1767897060000,2.134,2.136,2.134,2.134,5501.68
1767897120000,2.134,2.135,2.133,2.133,1940.54
1767897180000,2.132,2.133,2.132,2.132,2347.95
1767897240000,2.131,2.132,2.129,2.13,7746.96
1767897300000,2.13,2.131,2.13,2.13,818.21
1767897360000,2.131,2.132,2.13,2.13,1798.07
1767897420000,2.129,2.129,2.127,2.128,4986.94
1767897480000,2.128,2.128,2.127,2.127,1265.21
1767897540000,2.126,2.127,2.124,2.125,3118.27
1767897600000,2.125,2.125,2.118,2.118,11185.8
1767897660000,2.118,2.119,2.118,2.118,2591.13
1767897720000,2.118,2.122,2.118,2.122,5520.09
1767897780000,2.122,2.122,2.122,2.122,35.28
1767897840000,2.121,2.122,2.12,2.12,724.39
1767897900000,2.12,2.121,2.12,2.12,580.38
1767897960000,2.12,2.124,2.12,2.123,662.32
1767898020000,2.121,2.123,2.12,2.123,668.13
1767898080000,2.123,2.124,2.123,2.123,420.67
1767898140000,2.122,2.122,2.122,2.122,1579.48
1767898200000,2.122,2.123,2.122,2.122,2081.46
1767898260000,2.123,2.124,2.121,2.121,566.15
1767898320000,2.121,2.122,2.119,2.122,3511.95
1767898380000,2.122,2.122,2.121,2.122,218.72
1767898440000,2.121,2.122,2.121,2.122,113.5
1767898500000,2.121,2.121,2.118,2.118,1295.89
1767898560000,2.118,2.118,2.114,2.116,8172.43
1767898620000,2.115,2.116,2.114,2.115,2162.72
1767898680000,2.116,2.117,2.116,2.117,63.79
1767898740000,2.118,2.119,2.117,2.119,1010.79
1767898800000,2.119,2.12,2.117,2.118,3635.73
1767898860000,2.117,2.118,2.117,2.118,4827.82
1767898920000,2.118,2.119,2.118,2.119,635.94
1767898980000,2.12,2.123,2.12,2.123,849.32
1767899040000,2.123,2.124,2.123,2.124,24.11
1767899100000,2.124,2.129,2.124,2.129,2540.4
1767899160000,2.129,2.129,2.127,2.127,1352.32
1767899220000,2.127,2.132,2.127,2.129,6162.49
1767899280000,2.129,2.13,2.129,2.13,2950.08
1767899340000,2.13,2.131,2.13,2.131,4784.65
1767899400000,2.13,2.13,2.128,2.128,2259.9
1767899460000,2.128,2.128,2.126,2.127,7490.94
1767899520000,2.128,2.13,2.128,2.128,5961.85
1767899580000,2.128,2.128,2.128,2.128,250.14
1767899640000,2.127,2.127,2.126,2.126,697.89
1767899700000,2.125,2.125,2.118,2.118,2559.02
1767899760000,2.119,2.119,2.113,2.117,14328.48
1767899820000,2.116,2.117,2.115,2.117,962.85
1767899880000,2.118,2.119,2.117,2.117,88.82
1767899940000,2.117,2.121,2.116,2.119,23524.69
1767900000000,2.119,2.12,2.119,2.12,2173.58
1767900060000,2.12,2.12,2.117,2.118,1556.53
1767900120000,2.119,2.121,2.119,2.121,1236.68
1767900180000,2.12,2.121,2.12,2.121,736.08
1767900240000,2.122,2.122,2.122,2.122,32.98
1767900300000,2.121,2.121,2.119,2.119,126.27
1767900360000,2.118,2.118,2.118,2.118,162.18
1767900420000,2.118,2.118,2.117,2.117,1015.79
1767900480000,2.118,2.118,2.117,2.117,427.17
1767900540000,2.119,2.119,2.118,2.118,624.52
1767900600000,2.119,2.123,2.119,2.121,496.77
1767900660000,2.121,2.122,2.121,2.121,1011.06
1767900720000,2.122,2.123,2.12,2.122,25902.18
1767900780000,2.122,2.123,2.122,2.123,304.79
1767900840000,2.124,2.127,2.124,2.127,1073.68
1767900900000,2.127,2.127,2.125,2.126,48.94
1767900960000,2.125,2.125,2.124,2.124,830.8
1767901020000,2.124,2.124,2.124,2.124,123.35
1767901080000,2.125,2.128,2.125,2.128,104.86
1767901140000,2.128,2.128,2.127,2.127,193.38
1767901200000,2.126,2.126,2.125,2.125,1178.47
1767901260000,2.124,2.124,2.123,2.123,1798.27
1767901320000,2.123,2.123,2.122,2.123,526.57
1767901380000,2.123,2.124,2.12,2.12,1059.07
1767901440000,2.121,2.122,2.121,2.121,197.32
1767901500000,2.121,2.121,2.119,2.119,704.22
1767901560000,2.119,2.119,2.119,2.119,489.65
1767901620000,2.119,2.12,2.118,2.118,1325.1
1767901680000,2.119,2.119,2.118,2.118,99.0
1767901740000,2.119,2.119,2.117,2.119,1729.48
1767901800000,2.119,2.12,2.119,2.12,201.93
1767901860000,2.12,2.12,2.12,2.12,282.93
1767901920000,2.119,2.119,2.118,2.118,1267.92
1767901980000,2.117,2.118,2.116,2.118,598.92
1767902040000,2.118,2.118,2.118,2.118,114.73
1767902100000,2.117,2.117,2.115,2.116,2221.57
1767902160000,2.116,2.116,2.112,2.113,3011.23
1767902220000,2.113,2.114,2.111,2.112,3507.99
1767902280000,2.113,2.115,2.113,2.115,935.94
1767902340000,2.115,2.116,2.115,2.116,1072.93
1767902400000,2.116,2.116,2.111,2.111,2327.2
1767902460000,2.111,2.111,2.107,2.108,7780.48
1767902520000,2.109,2.109,2.104,2.107,6089.21
1767902580000,2.107,2.107,2.103,2.103,31747.82
1767902640000,2.103,2.104,2.102,2.104,7133.17
1767902700000,2.104,2.105,2.101,2.103,2974.72
1767902760000,2.103,2.103,2.099,2.103,8172.96
1767902820000,2.103,2.103,2.099,2.1,5934.98
1767902880000,2.1,2.101,2.097,2.098,2748.96
1767902940000,2.098,2.1,2.098,2.1,3882.18
1767903000000,2.101,2.105,2.101,2.103,3760.06
1767903060000,2.102,2.102,2.098,2.098,3134.65
1767903120000,2.098,2.098,2.098,2.098,9.67
1767903180000,2.099,2.099,2.099,2.099,854.81
1767903240000,2.099,2.099,2.097,2.098,1458.14
1767903300000,2.098,2.098,2.096,2.098,1016.81
1767903360000,2.098,2.098,2.097,2.097,2386.5
1767903420000,2.097,2.097,2.097,2.097,1851.36
1767903480000,2.097,2.101,2.097,2.101,862.72
1767903540000,2.101,2.102,2.099,2.1,547.68
1767903600000,2.1,2.101,2.098,2.099,1915.31
1767903660000,2.099,2.099,2.097,2.097,6376.86
1767903720000,2.097,2.098,2.096,2.098,754.59
1767903780000,2.099,2.1,2.098,2.1,13231.81
1767903840000,2.099,2.099,2.096,2.096,9014.26
1767903900000,2.096,2.097,2.096,2.097,2445.36
1767903960000,2.096,2.097,2.095,2.097,942.69
1767904020000,2.096,2.096,2.094,2.095,1642.43
1767904080000,2.095,2.097,2.095,2.097,9073.89
1767904140000,2.097,2.097,2.096,2.097,1928.95
1767904200000,2.098,2.099,2.098,2.098,10475.59
1767904260000,2.098,2.099,2.097,2.099,2143.0
1767904320000,2.098,2.099,2.097,2.097,5270.33
1767904380000,2.098,2.099,2.098,2.099,25276.32
1767904440000,2.099,2.099,2.098,2.099,3605.45
1767904500000,2.099,2.102,2.098,2.099,5608.97
1767904560000,2.099,2.101,2.099,2.1,3028.87
1767904620000,2.1,2.1,2.099,2.1,1745.17
1767904680000,2.1,2.103,2.1,2.103,1346.68
1767904740000,2.102,2.102,2.101,2.102,1948.16
1767904800000,2.103,2.106,2.103,2.105,988.56
1767904860000,2.105,2.105,2.103,2.103,999.52
1767904920000,2.103,2.105,2.103,2.105,747.04
1767904980000,2.106,2.106,2.105,2.106,11568.13
1767905040000,2.107,2.107,2.105,2.105,15028.21
1767905100000,2.105,2.105,2.104,2.105,107.81
1767905160000,2.105,2.105,2.105,2.105,59.3
1767905220000,2.105,2.107,2.105,2.106,1211.56
1767905280000,2.105,2.106,2.105,2.105,543.48
1767905340000,2.105,2.106,2.105,2.106,3135.89
1767905400000,2.105,2.105,2.103,2.103,3884.13
1767905460000,2.104,2.105,2.104,2.105,2515.26
1767905520000,2.105,2.108,2.105,2.107,526.21
1767905580000,2.108,2.109,2.108,2.109,381.93
1767905640000,2.109,2.109,2.107,2.107,691.66
1767905700000,2.107,2.11,2.107,2.11,430.18
1767905760000,2.111,2.112,2.11,2.111,2036.65
1767905820000,2.109,2.109,2.108,2.108,90.34
1767905880000,2.108,2.108,2.108,2.108,12.34
1767905940000,2.108,2.108,2.106,2.108,4007.84
1767906000000,2.108,2.108,2.107,2.108,761.91
1767906060000,2.108,2.108,2.104,2.105,35737.91
1767906120000,2.106,2.107,2.106,2.107,1012.19
1767906180000,2.107,2.107,2.106,2.106,1640.9
1767906240000,2.106,2.108,2.106,2.108,1872.92
1767906300000,2.109,2.111,2.109,2.111,1804.04
1767906360000,2.11,2.11,2.11,2.11,345.02
1767906420000,2.109,2.109,2.109,2.109,448.67
1767906480000,2.109,2.111,2.109,2.111,255.61
1767906540000,2.111,2.112,2.111,2.112,916.04
1767906600000,2.112,2.112,2.111,2.111,1740.2
1767906660000,2.111,2.111,2.11,2.11,1911.8
1767906720000,2.11,2.113,2.11,2.112,3097.31
1767906780000,2.113,2.113,2.11,2.111,1581.23
1767906840000,2.111,2.111,2.11,2.111,1095.4
1767906900000,2.11,2.111,2.11,2.111,235.48
1767906960000,2.111,2.111,2.11,2.11,2388.23
1767907020000,2.109,2.11,2.105,2.106,5894.8
1767907080000,2.106,2.11,2.106,2.11,4099.02
1767907140000,2.109,2.109,2.109,2.109,741.66
1767907200000,2.109,2.109,2.109,2.109,0.0
1767907260000,2.109,2.109,2.107,2.107,1022.16
1767907320000,2.107,2.107,2.105,2.105,2596.84
1767907380000,2.107,2.107,2.107,2.107,1847.37
1767907440000,2.108,2.11,2.108,2.109,107.86
1767907500000,2.108,2.108,2.106,2.106,124.08
1767907560000,2.107,2.11,2.107,2.108,3619.45
1767907620000,2.108,2.11,2.108,2.11,2002.51
1767907680000,2.109,2.109,2.109,2.109,324.92
1767907740000,2.108,2.108,2.108,2.108,14.96
1767907800000,2.107,2.108,2.107,2.108,15.6
1767907860000,2.108,2.109,2.108,2.109,690.65
1767907920000,2.108,2.108,2.107,2.108,1176.03
1767907980000,2.109,2.11,2.109,2.11,143.1
1767908040000,2.111,2.113,2.111,2.112,431.61
1767908100000,2.112,2.114,2.112,2.113,1470.49
1767908160000,2.112,2.114,2.112,2.114,5012.01
1767908220000,2.114,2.116,2.114,2.116,4274.15
1767908280000,2.116,2.119,2.116,2.119,9104.61
1767908340000,2.119,2.121,2.119,2.12,3450.0
1767908400000,2.119,2.119,2.118,2.119,3782.74
1767908460000,2.119,2.12,2.119,2.12,2902.75
1767908520000,2.121,2.124,2.121,2.122,3368.1
1767908580000,2.122,2.122,2.12,2.12,132.56
1767908640000,2.121,2.121,2.119,2.119,70.93
1767908700000,2.119,2.119,2.118,2.119,672.83
1767908760000,2.119,2.119,2.118,2.118,311.73
1767908820000,2.117,2.117,2.116,2.117,1131.23
1767908880000,2.117,2.117,2.117,2.117,3514.42
1767908940000,2.117,2.118,2.117,2.118,1741.8
1767909000000,2.118,2.119,2.118,2.119,143.63
1767909060000,2.118,2.12,2.118,2.119,226.17
1767909120000,2.12,2.121,2.12,2.12,432.55
1767909180000,2.121,2.121,2.121,2.121,14.51
1767909240000,2.12,2.12,2.12,2.12,10.0
1767909300000,2.12,2.12,2.12,2.12,467.29
1767909360000,2.121,2.122,2.121,2.122,792.78
1767909420000,2.122,2.124,2.122,2.124,3884.44
1767909480000,2.123,2.123,2.121,2.122,1437.94
1767909540000,2.122,2.122,2.121,2.121,550.21
1767909600000,2.121,2.122,2.121,2.121,750.14
1767909660000,2.12,2.121,2.12,2.121,1586.64
1767909720000,2.121,2.121,2.121,2.121,9.43
1767909780000,2.122,2.124,2.122,2.124,1481.33
1767909840000,2.123,2.123,2.122,2.122,1474.77
1767909900000,2.121,2.121,2.12,2.121,2287.52
1767909960000,2.121,2.121,2.119,2.119,2960.66
1767910020000,2.118,2.12,2.118,2.12,2286.41
1767910080000,2.12,2.121,2.12,2.121,326.72
1767910140000,2.12,2.12,2.119,2.119,520.02
1767910200000,2.12,2.122,2.12,2.122,1313.69
1767910260000,2.122,2.122,2.122,2.122,5175.54
1767910320000,2.122,2.123,2.122,2.122,713.27
1767910380000,2.123,2.132,2.123,2.129,7303.19
1767910440000,2.129,2.129,2.126,2.128,2183.13
1767910500000,2.127,2.127,2.12,2.12,4400.78
1767910560000,2.121,2.126,2.121,2.125,916.2
1767910620000,2.125,2.125,2.124,2.125,221.64
1767910680000,2.126,2.126,2.125,2.125,983.94
1767910740000,2.125,2.126,2.125,2.126,805.52
1767910800000,2.126,2.126,2.124,2.124,471.99
1767910860000,2.124,2.124,2.123,2.124,188.88
1767910920000,2.124,2.125,2.124,2.125,1394.83
1767910980000,2.125,2.125,2.124,2.124,560.62
1767911040000,2.125,2.125,2.125,2.125,2.35
1767911100000,2.124,2.124,2.122,2.122,659.46
1767911160000,2.122,2.122,2.121,2.121,1067.48
1767911220000,2.12,2.12,2.118,2.118,2284.79
1767911280000,2.118,2.119,2.118,2.119,1934.49
1767911340000,2.119,2.119,2.119,2.119,28.62
1767911400000,2.119,2.119,2.117,2.117,435.08
1767911460000,2.117,2.117,2.116,2.116,423.34
1767911520000,2.116,2.116,2.113,2.113,327.33
1767911580000,2.113,2.113,2.112,2.112,1609.37
1767911640000,2.113,2.115,2.113,2.115,34.19
1767911700000,2.114,2.114,2.114,2.114,58.26
1767911760000,2.113,2.114,2.111,2.111,52626.94
1767911820000,2.112,2.116,2.112,2.116,531.17
1767911880000,2.115,2.115,2.11,2.11,405.91
1767911940000,2.11,2.11,2.107,2.109,2004.0
1767912000000,2.109,2.111,2.108,2.111,4203.34
1767912060000,2.11,2.111,2.108,2.111,5906.75
1767912120000,2.11,2.112,2.11,2.112,2077.76
1767912180000,2.111,2.112,2.111,2.112,276.18
1767912240000,2.112,2.112,2.112,2.112,19.98
1767912300000,2.113,2.113,2.113,2.113,25.6
1767912360000,2.114,2.116,2.114,2.116,1362.8
1767912420000,2.116,2.116,2.116,2.116,0.0
1767912480000,2.117,2.117,2.117,2.117,34.14
1767912540000,2.118,2.118,2.117,2.118,2753.98
1767912600000,2.117,2.117,2.117,2.117,9.96
1767912660000,2.118,2.118,2.117,2.117,100.85
1767912720000,2.118,2.119,2.118,2.118,125.45
1767912780000,2.118,2.121,2.118,2.12,149.97
1767912840000,2.12,2.121,2.12,2.12,26.73
1767912900000,2.12,2.12,2.12,2.12,10.21
1767912960000,2.12,2.12,2.12,2.12,190.76
1767913020000,2.12,2.12,2.12,2.12,0.0
1767913080000,2.121,2.121,2.12,2.121,1170.87
1767913140000,2.12,2.12,2.119,2.12,150.63
1767913200000,2.121,2.121,2.12,2.12,439.66
1767913260000,2.119,2.119,2.118,2.119,1367.43
1767913320000,2.12,2.121,2.12,2.121,22.46
1767913380000,2.121,2.121,2.12,2.12,293.9
1767913440000,2.12,2.12,2.119,2.12,441.25
1767913500000,2.12,2.122,2.12,2.122,300.94
1767913560000,2.123,2.125,2.123,2.125,1554.27
1767913620000,2.125,2.125,2.123,2.123,1577.13
1767913680000,2.124,2.125,2.124,2.124,100.01
1767913740000,2.124,2.124,2.122,2.122,508.98
1767913800000,2.122,2.122,2.122,2.122,55.62
1767913860000,2.121,2.123,2.121,2.122,887.37
1767913920000,2.123,2.123,2.122,2.122,143.33
1767913980000,2.122,2.123,2.122,2.122,239.27
1767914040000,2.121,2.122,2.121,2.121,718.66
1767914100000,2.121,2.122,2.121,2.122,3234.56
1767914160000,2.122,2.122,2.122,2.122,2118.0
1767914220000,2.123,2.124,2.123,2.124,1501.45
1767914280000,2.124,2.124,2.123,2.123,312.57
1767914340000,2.124,2.124,2.124,2.124,149.14
1767914400000,2.123,2.124,2.123,2.123,121.21
1767914460000,2.123,2.123,2.123,2.123,80.02
1767914520000,2.123,2.124,2.123,2.124,307.01
1767914580000,2.125,2.125,2.125,2.125,61.17
1767914640000,2.125,2.125,2.124,2.124,20.72
1767914700000,2.123,2.123,2.122,2.122,1108.28
1767914760000,2.122,2.122,2.122,2.122,0.0
1767914820000,2.122,2.122,2.122,2.122,0.0
1767914880000,2.123,2.123,2.123,2.123,31.15
1767914940000,2.123,2.124,2.123,2.124,772.03
1767915000000,2.123,2.123,2.122,2.123,470.94
1767915060000,2.122,2.122,2.122,2.122,306.81
1767915120000,2.121,2.121,2.12,2.12,297.92
1767915180000,2.119,2.119,2.115,2.115,759.88
1767915240000,2.115,2.115,2.112,2.112,1175.86
1767915300000,2.112,2.113,2.11,2.113,2023.93
1767915360000,2.112,2.112,2.112,2.112,96.21
1767915420000,2.113,2.113,2.113,2.113,144.65
1767915480000,2.113,2.113,2.113,2.113,764.3
1767915540000,2.113,2.113,2.113,2.113,32.79
1767915600000,2.114,2.114,2.113,2.113,3724.37
1767915660000,2.113,2.113,2.113,2.113,94.96
1767915720000,2.114,2.115,2.113,2.115,2597.75
1767915780000,2.114,2.114,2.114,2.114,295.22
1767915840000,2.114,2.114,2.112,2.113,586.96
1767915900000,2.113,2.113,2.113,2.113,0.0
1767915960000,2.114,2.114,2.113,2.113,431.42
1767916020000,2.113,2.113,2.113,2.113,537.52
1767916080000,2.113,2.114,2.113,2.114,1317.44
1767916140000,2.115,2.115,2.115,2.115,322.09
1767916200000,2.115,2.115,2.115,2.115,4.49
1767916260000,2.114,2.114,2.112,2.112,509.34
1767916320000,2.112,2.112,2.111,2.111,663.63
1767916380000,2.111,2.111,2.11,2.111,1709.0
1767916440000,2.11,2.111,2.11,2.111,147.22
1767916500000,2.111,2.111,2.111,2.111,2055.89
1767916560000,2.111,2.111,2.111,2.111,55.76
1767916620000,2.111,2.111,2.11,2.11,126.18
1767916680000,2.111,2.111,2.11,2.11,19.14
1767916740000,2.111,2.111,2.111,2.111,5.45
1767916800000,2.111,2.112,2.111,2.112,4164.55
1767916860000,2.112,2.112,2.112,2.112,567.98
1767916920000,2.113,2.113,2.113,2.113,912.81
1767916980000,2.112,2.112,2.112,2.112,156.94
1767917040000,2.112,2.115,2.112,2.115,290.59
1767917100000,2.114,2.115,2.112,2.115,707.82
1767917160000,2.115,2.116,2.115,2.116,58.71
1767917220000,2.115,2.116,2.114,2.116,870.15
1767917280000,2.115,2.115,2.114,2.114,91.76
1767917340000,2.114,2.115,2.113,2.115,1150.57
1767917400000,2.115,2.116,2.115,2.116,22.28
1767917460000,2.116,2.116,2.115,2.115,395.6
1767917520000,2.116,2.118,2.116,2.117,1123.21
1767917580000,2.117,2.118,2.117,2.118,840.73
1767917640000,2.118,2.118,2.117,2.118,361.47
1767917700000,2.118,2.118,2.115,2.118,14315.6
1767917760000,2.118,2.119,2.116,2.116,3501.15
1767917820000,2.116,2.117,2.116,2.117,88.52
1767917880000,2.117,2.117,2.107,2.108,33586.67
1767917940000,2.107,2.11,2.107,2.108,14837.64
1767918000000,2.108,2.109,2.104,2.104,20610.51
1767918060000,2.104,2.109,2.103,2.105,48322.89
1767918120000,2.106,2.106,2.099,2.101,22589.84
1767918180000,2.101,2.103,2.101,2.103,6465.54
1767918240000,2.103,2.103,2.103,2.103,0.0
1767918300000,2.101,2.101,2.1,2.1,1736.56
1767918360000,2.099,2.099,2.096,2.097,7405.05
1767918420000,2.097,2.1,2.097,2.099,16784.16
1767918480000,2.099,2.099,2.097,2.097,5763.91
1767918540000,2.097,2.098,2.097,2.098,2216.84
1767918600000,2.098,2.1,2.098,2.099,1291.23
1767918660000,2.1,2.1,2.099,2.099,570.71
1767918720000,2.1,2.102,2.1,2.101,3426.29
1767918780000,2.101,2.103,2.101,2.103,506.64
1767918840000,2.104,2.104,2.103,2.103,386.46
1767918900000,2.104,2.104,2.1,2.101,1954.41
1767918960000,2.102,2.104,2.102,2.104,1310.75
1767919020000,2.104,2.104,2.104,2.104,939.51
1767919080000,2.103,2.106,2.103,2.106,1471.01
1767919140000,2.106,2.106,2.103,2.103,654.35
1767919200000,2.104,2.104,2.104,2.104,156.99
1767919260000,2.104,2.104,2.103,2.103,822.34
1767919320000,2.103,2.103,2.103,2.103,20.0
1767919380000,2.103,2.104,2.103,2.104,1141.18
1767919440000,2.104,2.105,2.103,2.105,1448.78
1767919500000,2.104,2.105,2.104,2.104,757.47
1767919560000,2.104,2.105,2.104,2.105,1944.61
1767919620000,2.105,2.106,2.105,2.106,1086.82
1767919680000,2.105,2.105,2.105,2.105,12.54
1767919740000,2.105,2.105,2.104,2.105,52.17
1767919800000,2.105,2.105,2.102,2.103,1634.58
1767919860000,2.102,2.103,2.102,2.103,264.64
1767919920000,2.102,2.103,2.102,2.102,1859.16
1767919980000,2.102,2.102,2.101,2.102,2333.39
1767920040000,2.101,2.103,2.101,2.102,3001.88
1767920100000,2.101,2.101,2.101,2.101,997.91
1767920160000,2.101,2.103,2.101,2.103,2581.94
1767920220000,2.103,2.105,2.103,2.104,1092.39
1767920280000,2.104,2.105,2.104,2.105,265.43
1767920340000,2.105,2.105,2.105,2.105,0.0
1767920400000,2.105,2.106,2.105,2.106,137.63
1767920460000,2.106,2.106,2.106,2.106,920.27
1767920520000,2.106,2.106,2.105,2.105,340.54
1767920580000,2.105,2.105,2.105,2.105,0.0
1767920640000,2.107,2.109,2.107,2.107,1639.41
1767920700000,2.107,2.107,2.105,2.106,1044.45
1767920760000,2.106,2.106,2.105,2.106,1544.52
1767920820000,2.106,2.106,2.105,2.105,1763.15
1767920880000,2.105,2.105,2.104,2.105,20.85
1767920940000,2.106,2.107,2.106,2.106,301.75
1767921000000,2.106,2.106,2.106,2.106,153.23
1767921060000,2.106,2.106,2.104,2.104,643.24
1767921120000,2.104,2.104,2.104,2.104,29.61
1767921180000,2.105,2.105,2.105,2.105,4.75
1767921240000,2.105,2.105,2.105,2.105,3.0
1767921300000,2.104,2.105,2.104,2.105,58.28
1767921360000,2.106,2.106,2.104,2.104,67.13
1767921420000,2.104,2.104,2.103,2.103,279.56
1767921480000,2.104,2.105,2.104,2.105,378.43
1767921540000,2.105,2.105,2.104,2.104,661.11
1767921600000,2.104,2.105,2.104,2.105,333.11
1767921660000,2.104,2.104,2.104,2.104,60.86
1767921720000,2.103,2.103,2.099,2.1,2096.32
1767921780000,2.1,2.1,2.099,2.099,2777.09
1767921840000,2.099,2.099,2.098,2.098,272.99
1767921900000,2.098,2.098,2.097,2.097,1283.02
1767921960000,2.096,2.096,2.096,2.096,2938.83
1767922020000,2.095,2.095,2.09,2.092,11370.31
1767922080000,2.092,2.11,2.092,2.109,39197.9
1767922140000,2.108,2.125,2.108,2.121,46014.02
1767922200000,2.121,2.126,2.114,2.114,19437.03
1767922260000,2.113,2.113,2.111,2.112,1806.24
1767922320000,2.111,2.113,2.109,2.112,6872.73
1767922380000,2.112,2.112,2.111,2.112,2317.25
1767922440000,2.111,2.111,2.099,2.099,33751.23
1767922500000,2.1,2.1,2.095,2.1,17183.41
1767922560000,2.099,2.1,2.09,2.091,29318.74
1767922620000,2.092,2.093,2.085,2.087,35817.52
1767922680000,2.087,2.093,2.087,2.092,9239.92
1767922740000,2.093,2.095,2.093,2.093,2306.26
1767922800000,2.093,2.094,2.093,2.094,4540.81
1767922860000,2.093,2.093,2.091,2.092,769.96
1767922920000,2.092,2.093,2.091,2.091,554.2
1767922980000,2.09,2.091,2.09,2.091,2309.69
1767923040000,2.092,2.092,2.091,2.091,192.16
1767923100000,2.091,2.094,2.091,2.094,7321.07
1767923160000,2.093,2.093,2.092,2.092,465.5
1767923220000,2.092,2.092,2.092,2.092,3.58
1767923280000,2.092,2.094,2.092,2.094,1083.16
1767923340000,2.095,2.097,2.095,2.096,2344.58
1767923400000,2.096,2.096,2.091,2.092,1924.28
1767923460000,2.093,2.097,2.092,2.092,21691.62
1767923520000,2.092,2.093,2.09,2.091,2249.98
1767923580000,2.091,2.093,2.091,2.092,3228.54
1767923640000,2.093,2.095,2.093,2.095,1015.45
1767923700000,2.094,2.096,2.094,2.096,1390.41
1767923760000,2.096,2.099,2.096,2.098,1363.91
1767923820000,2.098,2.1,2.098,2.1,3014.53
1767923880000,2.1,2.1,2.097,2.098,2961.73
1767923940000,2.099,2.099,2.097,2.097,1193.25
1767924000000,2.096,2.097,2.095,2.096,732.24
1767924060000,2.096,2.096,2.094,2.094,256.23
1767924120000,2.094,2.095,2.091,2.093,6741.55
1767924180000,2.094,2.096,2.094,2.096,596.67
1767924240000,2.096,2.101,2.096,2.098,2147.2
1767924300000,2.099,2.101,2.099,2.101,473.36
1767924360000,2.101,2.11,2.101,2.109,23576.73
1767924420000,2.109,2.111,2.107,2.11,5634.85
1767924480000,2.111,2.111,2.109,2.109,2960.71
1767924540000,2.109,2.111,2.108,2.111,762.09
1767924600000,2.111,2.115,2.111,2.114,9026.82
1767924660000,2.113,2.114,2.113,2.113,3905.56
1767924720000,2.113,2.114,2.113,2.113,1123.04
1767924780000,2.113,2.115,2.113,2.114,6249.56
1767924840000,2.114,2.114,2.113,2.113,155.59
1767924900000,2.112,2.113,2.112,2.113,631.57
1767924960000,2.113,2.113,2.112,2.112,400.66
1767925020000,2.112,2.112,2.11,2.11,142.91
1767925080000,2.111,2.112,2.11,2.11,131.35
1767925140000,2.109,2.109,2.107,2.108,2644.8
1767925200000,2.109,2.112,2.109,2.112,1336.21
1767925260000,2.111,2.111,2.109,2.109,378.18
1767925320000,2.109,2.109,2.109,2.109,414.3
1767925380000,2.11,2.111,2.11,2.111,239.54
1767925440000,2.111,2.111,2.109,2.109,20.68
1767925500000,2.108,2.108,2.108,2.108,194.51
1767925560000,2.109,2.109,2.108,2.109,506.59
1767925620000,2.108,2.108,2.105,2.105,54.11
1767925680000,2.105,2.105,2.105,2.105,1257.48
1767925740000,2.106,2.106,2.104,2.104,544.87
1767925800000,2.105,2.105,2.105,2.105,309.33
1767925860000,2.106,2.106,2.105,2.105,199.16
1767925920000,2.104,2.104,2.102,2.102,373.58
1767925980000,2.101,2.102,2.101,2.102,3168.03
1767926040000,2.102,2.102,2.102,2.102,39.38
1767926100000,2.102,2.102,2.102,2.102,134.72
1767926160000,2.102,2.103,2.102,2.103,158.43
1767926220000,2.104,2.104,2.103,2.103,55.9
1767926280000,2.102,2.102,2.102,2.102,128.91
1767926340000,2.101,2.101,2.1,2.1,30.14
1767926400000,2.1,2.1,2.097,2.097,645.42
1767926460000,2.098,2.099,2.098,2.099,542.91
1767926520000,2.099,2.1,2.099,2.099,1772.11
1767926580000,2.101,2.101,2.1,2.1,696.86
1767926640000,2.101,2.101,2.101,2.101,14.92
1767926700000,2.102,2.102,2.102,2.102,69.77
1767926760000,2.101,2.101,2.1,2.101,4059.06
1767926820000,2.101,2.101,2.099,2.099,3837.46
1767926880000,2.099,2.099,2.098,2.098,310.96
1767926940000,2.098,2.098,2.098,2.098,190.65
1767927000000,2.097,2.097,2.096,2.096,1637.55
1767927060000,2.095,2.097,2.095,2.097,4035.23
1767927120000,2.096,2.096,2.095,2.096,1625.65
1767927180000,2.096,2.096,2.093,2.095,6514.09
1767927240000,2.095,2.095,2.093,2.093,1925.2
1767927300000,2.094,2.094,2.094,2.094,17.7
1767927360000,2.093,2.093,2.093,2.093,96.51
1767927420000,2.093,2.093,2.092,2.092,1412.43
1767927480000,2.092,2.092,2.092,2.092,1509.94
1767927540000,2.093,2.093,2.092,2.092,1059.22
1767927600000,2.092,2.092,2.092,2.092,1178.94
1767927660000,2.092,2.092,2.091,2.092,1916.43
1767927720000,2.091,2.091,2.09,2.091,1068.34
1767927780000,2.092,2.094,2.092,2.094,452.43
1767927840000,2.094,2.095,2.093,2.093,1893.9
1767927900000,2.094,2.094,2.093,2.093,311.96
1767927960000,2.094,2.097,2.094,2.097,180.92
1767928020000,2.098,2.098,2.097,2.097,60.66
1767928080000,2.098,2.1,2.098,2.099,395.59
1767928140000,2.099,2.099,2.098,2.098,622.87
1767928200000,2.099,2.101,2.099,2.101,188.02
1767928260000,2.101,2.102,2.101,2.102,90.86
1767928320000,2.101,2.101,2.101,2.101,79.66
1767928380000,2.101,2.102,2.101,2.102,285.56
1767928440000,2.102,2.103,2.102,2.103,1125.54
1767928500000,2.104,2.104,2.103,2.103,942.66
1767928560000,2.103,2.104,2.103,2.104,187.04
1767928620000,2.104,2.104,2.103,2.103,871.78
1767928680000,2.103,2.103,2.102,2.102,566.16
1767928740000,2.102,2.104,2.102,2.104,637.06
1767928800000,2.105,2.109,2.105,2.107,1318.81
1767928860000,2.107,2.107,2.106,2.106,1037.55
1767928920000,2.106,2.106,2.105,2.105,1517.76
1767928980000,2.104,2.104,2.104,2.104,464.85
1767929040000,2.103,2.103,2.1,2.1,2406.19
1767929100000,2.1,2.1,2.099,2.099,20.25
1767929160000,2.098,2.098,2.098,2.098,9.93
1767929220000,2.098,2.098,2.096,2.098,4696.65
1767929280000,2.098,2.098,2.094,2.094,2739.58
1767929340000,2.094,2.094,2.087,2.093,26715.48
1767929400000,2.094,2.094,2.092,2.092,3225.19
1767929460000,2.092,2.096,2.092,2.096,1953.88
1767929520000,2.096,2.098,2.096,2.098,7643.89
1767929580000,2.099,2.099,2.098,2.098,1440.15
1767929640000,2.097,2.097,2.097,2.097,3904.17
1767929700000,2.097,2.099,2.097,2.099,933.83
1767929760000,2.1,2.103,2.1,2.103,312.34
1767929820000,2.103,2.103,2.103,2.103,2.53
1767929880000,2.103,2.103,2.103,2.103,31.3
1767929940000,2.103,2.106,2.103,2.106,176.38
1767930000000,2.105,2.106,2.105,2.106,717.14
1767930060000,2.104,2.104,2.103,2.103,107.0
1767930120000,2.103,2.103,2.102,2.102,179.24
1767930180000,2.104,2.104,2.104,2.104,4.75
1767930240000,2.104,2.104,2.103,2.103,1186.96
1767930300000,2.103,2.103,2.1,2.102,2934.09
1767930360000,2.102,2.109,2.102,2.109,18075.36
1767930420000,2.109,2.11,2.108,2.109,2705.49
1767930480000,2.109,2.11,2.108,2.108,3092.74
1767930540000,2.109,2.109,2.108,2.108,143.93
1767930600000,2.107,2.108,2.107,2.108,441.42
1767930660000,2.109,2.109,2.108,2.108,4262.38
1767930720000,2.108,2.11,2.108,2.108,484.09
1767930780000,2.108,2.109,2.108,2.108,207.45
1767930840000,2.108,2.111,2.108,2.111,1570.07
1767930900000,2.112,2.112,2.111,2.111,885.24
1767930960000,2.112,2.112,2.11,2.112,819.77
1767931020000,2.112,2.112,2.111,2.111,935.49
1767931080000,2.11,2.111,2.11,2.111,130.76
1767931140000,2.111,2.112,2.111,2.112,971.1
1767931200000,2.112,2.112,2.112,2.112,340.16
1767931260000,2.113,2.114,2.109,2.109,2178.58
1767931320000,2.109,2.112,2.109,2.112,2498.43
1767931380000,2.112,2.112,2.11,2.11,44.96
1767931440000,2.11,2.112,2.11,2.112,2512.32
1767931500000,2.111,2.111,2.11,2.11,113.57
1767931560000,2.109,2.109,2.109,2.109,156.83
1767931620000,2.109,2.109,2.108,2.108,499.67
1767931680000,2.108,2.109,2.108,2.108,559.57
1767931740000,2.108,2.108,2.108,2.108,788.53
1767931800000,2.108,2.108,2.105,2.106,489.76
1767931860000,2.105,2.106,2.105,2.106,1105.94
1767931920000,2.105,2.107,2.105,2.106,961.53
1767931980000,2.107,2.107,2.107,2.107,188.68
1767932040000,2.106,2.106,2.106,2.106,713.01
1767932100000,2.106,2.106,2.105,2.105,17.25
1767932160000,2.106,2.108,2.106,2.108,1607.95
1767932220000,2.108,2.108,2.108,2.108,0.0
1767932280000,2.108,2.11,2.108,2.11,1703.89
1767932340000,2.109,2.109,2.109,2.109,11.1
1767932400000,2.109,2.109,2.109,2.109,17.1
1767932460000,2.11,2.11,2.11,2.11,371.14
1767932520000,2.11,2.11,2.108,2.109,791.61
1767932580000,2.11,2.11,2.11,2.11,314.97
1767932640000,2.111,2.112,2.111,2.112,127.82
1767932700000,2.112,2.112,2.112,2.112,1426.62
1767932760000,2.112,2.112,2.11,2.11,64.56
1767932820000,2.112,2.112,2.112,2.112,133.52
1767932880000,2.112,2.112,2.112,2.112,26.41
1767932940000,2.112,2.112,2.111,2.111,127.39
1767933000000,2.112,2.112,2.112,2.112,304.19
1767933060000,2.112,2.112,2.112,2.112,16.85
1767933120000,2.111,2.111,2.107,2.107,10457.58
1767933180000,2.108,2.108,2.106,2.106,739.66
1767933240000,2.106,2.106,2.106,2.106,14.56
1767933300000,2.106,2.106,2.103,2.103,385.3
1767933360000,2.102,2.102,2.102,2.102,314.46
1767933420000,2.102,2.102,2.101,2.101,314.76
1767933480000,2.101,2.101,2.101,2.101,0.0
1767933540000,2.102,2.103,2.102,2.102,673.77
1767933600000,2.103,2.106,2.103,2.106,601.26
1767933660000,2.106,2.106,2.106,2.106,1545.96
1767933720000,2.105,2.105,2.104,2.104,22.14
1767933780000,2.104,2.104,2.104,2.104,0.0
1767933840000,2.103,2.103,2.103,2.103,183.63
1767933900000,2.104,2.104,2.104,2.104,11.3
1767933960000,2.104,2.104,2.104,2.104,26.92
1767934020000,2.104,2.104,2.104,2.104,80.9
1767934080000,2.104,2.104,2.104,2.104,0.0
1767934140000,2.103,2.103,2.103,2.103,176.17
1767934200000,2.103,2.105,2.103,2.104,2740.92
1767934260000,2.104,2.104,2.103,2.103,153.48
1767934320000,2.104,2.104,2.103,2.103,997.77
1767934380000,2.104,2.105,2.104,2.104,1112.92
1767934440000,2.103,2.103,2.103,2.103,2.92
1767934500000,2.103,2.105,2.103,2.104,687.0
1767934560000,2.104,2.104,2.104,2.104,0.0
1767934620000,2.103,2.104,2.103,2.104,454.4
1767934680000,2.104,2.104,2.104,2.104,32.16
1767934740000,2.103,2.103,2.103,2.103,21.92
1767934800000,2.104,2.106,2.104,2.106,466.63
1767934860000,2.107,2.107,2.106,2.107,2244.33
1767934920000,2.106,2.106,2.106,2.106,758.8
1767934980000,2.106,2.106,2.106,2.106,0.0
1767935040000,2.108,2.11,2.108,2.11,110.02
1767935100000,2.109,2.109,2.108,2.108,362.03
1767935160000,2.107,2.107,2.107,2.107,337.42
1767935220000,2.106,2.106,2.105,2.105,29.83
1767935280000,2.104,2.104,2.104,2.104,39.39
1767935340000,2.105,2.105,2.105,2.105,15.57
1767935400000,2.104,2.104,2.103,2.103,742.41
1767935460000,2.104,2.106,2.104,2.106,1955.97
1767935520000,2.106,2.106,2.106,2.106,10.34
1767935580000,2.105,2.105,2.104,2.104,47.26
1767935640000,2.105,2.107,2.105,2.107,280.24
1767935700000,2.106,2.107,2.105,2.105,490.88
1767935760000,2.105,2.105,2.104,2.104,415.2
1767935820000,2.104,2.105,2.104,2.105,1053.65
1767935880000,2.104,2.104,2.103,2.103,929.8
1767935940000,2.103,2.103,2.1,2.1,4497.71
1767936000000,2.1,2.101,2.1,2.1,2562.09
1767936060000,2.1,2.101,2.1,2.1,1633.21
1767936120000,2.099,2.101,2.099,2.101,421.28
1767936180000,2.101,2.101,2.101,2.101,27.42
1767936240000,2.101,2.101,2.101,2.101,588.87
1767936300000,2.102,2.102,2.102,2.102,437.14
1767936360000,2.103,2.103,2.103,2.103,317.53
1767936420000,2.102,2.102,2.102,2.102,23.5
1767936480000,2.102,2.102,2.101,2.101,368.59
1767936540000,2.102,2.102,2.102,2.102,4.25
1767936600000,2.102,2.102,2.102,2.102,85.35
1767936660000,2.102,2.102,2.102,2.102,26.51
1767936720000,2.103,2.103,2.101,2.101,335.3
1767936780000,2.101,2.101,2.1,2.1,315.63
1767936840000,2.1,2.101,2.099,2.101,4319.9
1767936900000,2.099,2.101,2.099,2.101,62.49
1767936960000,2.1,2.1,2.1,2.1,61.29
1767937020000,2.099,2.099,2.097,2.097,932.55
1767937080000,2.097,2.098,2.097,2.098,632.21
1767937140000,2.098,2.1,2.098,2.1,369.56
1767937200000,2.101,2.103,2.101,2.103,99.37
1767937260000,2.103,2.103,2.103,2.103,24.11
1767937320000,2.103,2.103,2.103,2.103,0.0
1767937380000,2.102,2.102,2.102,2.102,7.5
1767937440000,2.101,2.101,2.101,2.101,72.76
1767937500000,2.101,2.102,2.101,2.102,351.57
1767937560000,2.103,2.103,2.103,2.103,359.43
1767937620000,2.102,2.102,2.101,2.102,1195.96
1767937680000,2.102,2.102,2.102,2.102,306.16
1767937740000,2.102,2.102,2.102,2.102,50.28
1767937800000,2.102,2.102,2.102,2.102,12.04
1767937860000,2.103,2.103,2.102,2.102,7.91
1767937920000,2.102,2.105,2.102,2.105,2161.95
1767937980000,2.105,2.105,2.103,2.103,139.51
1767938040000,2.103,2.103,2.103,2.103,65.43
1767938100000,2.104,2.106,2.104,2.106,448.55
1767938160000,2.107,2.108,2.107,2.108,413.74
1767938220000,2.107,2.108,2.106,2.106,3518.74
1767938280000,2.106,2.107,2.106,2.107,1438.89
1767938340000,2.107,2.107,2.107,2.107,470.71
1767938400000,2.108,2.108,2.106,2.106,17.25
1767938460000,2.107,2.107,2.106,2.106,108.56
1767938520000,2.105,2.106,2.105,2.105,2141.53
1767938580000,2.105,2.105,2.104,2.104,237.67
1767938640000,2.105,2.105,2.104,2.104,47.16
1767938700000,2.105,2.105,2.105,2.105,943.55
1767938760000,2.104,2.104,2.103,2.104,35.99
1767938820000,2.104,2.104,2.104,2.104,16.08
1767938880000,2.104,2.104,2.104,2.104,0.0
1767938940000,2.104,2.104,2.104,2.104,29.8
1767939000000,2.104,2.104,2.104,2.104,48.5
1767939060000,2.104,2.104,2.104,2.104,42.39
1767939120000,2.104,2.109,2.104,2.108,17588.95
1767939180000,2.109,2.109,2.107,2.108,961.94
1767939240000,2.108,2.111,2.108,2.109,12083.42
1767939300000,2.108,2.108,2.107,2.108,346.81
1767939360000,2.108,2.113,2.108,2.113,1124.11
1767939420000,2.112,2.112,2.11,2.112,2867.0
1767939480000,2.111,2.111,2.107,2.109,962.31
1767939540000,2.109,2.11,2.109,2.109,213.47
1767939600000,2.109,2.109,2.109,2.109,414.95
1767939660000,2.109,2.109,2.108,2.108,159.91
1767939720000,2.107,2.109,2.107,2.109,108.63
1767939780000,2.108,2.109,2.108,2.109,58.94
1767939840000,2.108,2.108,2.107,2.108,140.35
1767939900000,2.108,2.109,2.108,2.109,121.33
1767939960000,2.109,2.109,2.108,2.108,283.41
1767940020000,2.107,2.107,2.106,2.106,16.34
1767940080000,2.107,2.107,2.107,2.107,10.0
1767940140000,2.108,2.108,2.106,2.106,363.37
1767940200000,2.106,2.106,2.106,2.106,653.55
1767940260000,2.107,2.107,2.107,2.107,159.84
1767940320000,2.106,2.106,2.106,2.106,19.76
1767940380000,2.106,2.111,2.106,2.111,199.79
1767940440000,2.112,2.112,2.111,2.111,2250.86
1767940500000,2.11,2.11,2.109,2.109,1565.26
1767940560000,2.109,2.109,2.109,2.109,36.33
1767940620000,2.109,2.109,2.109,2.109,6186.43
1767940680000,2.108,2.109,2.107,2.109,4090.09
1767940740000,2.108,2.109,2.108,2.109,4000.63
1767940800000,2.109,2.112,2.109,2.112,1006.93
1767940860000,2.111,2.111,2.111,2.111,2096.16
1767940920000,2.111,2.112,2.111,2.111,423.72
1767940980000,2.112,2.113,2.112,2.113,385.06
1767941040000,2.112,2.112,2.112,2.112,632.98
1767941100000,2.112,2.112,2.112,2.112,7.47
1767941160000,2.113,2.113,2.113,2.113,5.0
1767941220000,2.112,2.113,2.112,2.113,24.01
1767941280000,2.113,2.113,2.112,2.113,622.54
1767941340000,2.114,2.115,2.114,2.114,1018.87
1767941400000,2.115,2.118,2.115,2.117,8733.43
1767941460000,2.116,2.117,2.115,2.115,2433.07
1767941520000,2.116,2.117,2.116,2.116,398.32
1767941580000,2.117,2.117,2.115,2.115,525.48
1767941640000,2.115,2.116,2.115,2.115,1723.55
1767941700000,2.116,2.117,2.116,2.116,385.57
1767941760000,2.116,2.116,2.116,2.116,237.85
1767941820000,2.117,2.117,2.114,2.115,3175.49
1767941880000,2.116,2.116,2.116,2.116,65.21
1767941940000,2.116,2.116,2.116,2.116,3.28
1767942000000,2.116,2.116,2.115,2.115,294.62
1767942060000,2.114,2.114,2.114,2.114,15.05
1767942120000,2.114,2.114,2.114,2.114,50.23
1767942180000,2.113,2.113,2.113,2.113,82.82
1767942240000,2.113,2.114,2.112,2.114,2277.45
1767942300000,2.114,2.114,2.112,2.112,927.11
1767942360000,2.113,2.113,2.11,2.11,789.28
1767942420000,2.11,2.11,2.11,2.11,271.15
1767942480000,2.111,2.112,2.111,2.112,248.9
1767942540000,2.112,2.112,2.111,2.112,424.97
1767942600000,2.111,2.111,2.111,2.111,2.85
1767942660000,2.111,2.111,2.11,2.11,216.8
1767942720000,2.111,2.113,2.111,2.113,174.18
1767942780000,2.113,2.113,2.113,2.113,861.52
1767942840000,2.113,2.113,2.113,2.113,0.0
1767942900000,2.112,2.112,2.111,2.111,381.19
1767942960000,2.111,2.111,2.111,2.111,0.0
1767943020000,2.111,2.112,2.111,2.112,1641.41
1767943080000,2.112,2.112,2.111,2.111,8.45
1767943140000,2.111,2.112,2.111,2.112,18.93
1767943200000,2.112,2.113,2.112,2.113,707.59
1767943260000,2.113,2.113,2.112,2.112,4287.53
1767943320000,2.112,2.112,2.11,2.11,532.73
1767943380000,2.111,2.112,2.111,2.112,159.08
1767943440000,2.112,2.113,2.112,2.113,236.5
1767943500000,2.112,2.112,2.111,2.112,6405.35
1767943560000,2.112,2.112,2.112,2.112,238.53
1767943620000,2.113,2.113,2.111,2.111,507.86
1767943680000,2.111,2.113,2.111,2.112,7721.29
1767943740000,2.113,2.113,2.113,2.113,283.95
1767943800000,2.112,2.112,2.11,2.11,231.6
1767943860000,2.111,2.111,2.11,2.11,145.81
1767943920000,2.11,2.11,2.109,2.11,908.38
1767943980000,2.11,2.11,2.107,2.107,850.76
1767944040000,2.107,2.108,2.106,2.107,4100.52
1767944100000,2.107,2.11,2.107,2.11,675.9
1767944160000,2.109,2.11,2.109,2.11,492.14
1767944220000,2.109,2.112,2.109,2.111,5427.29
1767944280000,2.11,2.111,2.11,2.111,733.33
1767944340000,2.112,2.114,2.112,2.112,713.95
1767944400000,2.113,2.114,2.112,2.112,3143.84
1767944460000,2.112,2.112,2.11,2.11,1330.61
1767944520000,2.111,2.111,2.109,2.11,865.55
1767944580000,2.111,2.111,2.109,2.109,805.26
1767944640000,2.109,2.109,2.108,2.108,425.73
1767944700000,2.109,2.109,2.107,2.107,2907.02
1767944760000,2.107,2.107,2.106,2.107,1845.33
1767944820000,2.107,2.11,2.107,2.11,679.32
1767944880000,2.109,2.109,2.107,2.108,442.17
1767944940000,2.108,2.109,2.107,2.108,628.43
1767945000000,2.108,2.109,2.107,2.107,767.26
1767945060000,2.108,2.109,2.107,2.107,429.56
1767945120000,2.107,2.109,2.107,2.108,755.21
1767945180000,2.108,2.109,2.108,2.108,373.13
1767945240000,2.109,2.11,2.108,2.11,474.38
1767945300000,2.111,2.111,2.108,2.108,813.6
1767945360000,2.107,2.107,2.105,2.105,836.0
1767945420000,2.106,2.106,2.105,2.106,338.97
1767945480000,2.105,2.106,2.105,2.105,314.28
1767945540000,2.105,2.106,2.105,2.106,409.4
1767945600000,2.105,2.108,2.104,2.108,962.52
1767945660000,2.107,2.107,2.105,2.105,265.86
1767945720000,2.105,2.105,2.104,2.104,125.68
1767945780000,2.103,2.105,2.102,2.104,624.14
1767945840000,2.103,2.103,2.096,2.098,25203.19
1767945900000,2.097,2.101,2.096,2.099,5799.07
1767945960000,2.099,2.101,2.097,2.098,4924.84
1767946020000,2.098,2.101,2.098,2.098,1225.33
1767946080000,2.098,2.1,2.097,2.1,593.64
1767946140000,2.1,2.101,2.1,2.101,954.93
1767946200000,2.102,2.105,2.102,2.105,908.57
1767946260000,2.103,2.103,2.103,2.103,12.7
1767946320000,2.103,2.103,2.101,2.101,1032.09
1767946380000,2.101,2.101,2.101,2.101,210.56
1767946440000,2.1,2.1,2.099,2.1,2578.83
1767946500000,2.099,2.101,2.098,2.101,1196.29
1767946560000,2.1,2.101,2.099,2.101,1577.49
1767946620000,2.101,2.104,2.101,2.104,1392.46
1767946680000,2.103,2.103,2.1,2.1,400.96
1767946740000,2.101,2.103,2.101,2.103,39.55
1767946800000,2.103,2.103,2.1,2.102,2019.13
1767946860000,2.101,2.101,2.101,2.101,57.61
1767946920000,2.102,2.103,2.102,2.103,93.74
1767946980000,2.103,2.105,2.103,2.105,284.54
1767947040000,2.105,2.105,2.104,2.104,293.64
1767947100000,2.104,2.104,2.104,2.104,14.4
1767947160000,2.103,2.103,2.103,2.103,24.14
1767947220000,2.102,2.102,2.102,2.102,105.9
1767947280000,2.102,2.102,2.1,2.1,793.84
1767947340000,2.099,2.099,2.097,2.099,566.28
1767947400000,2.099,2.1,2.099,2.1,3336.88
1767947460000,2.1,2.1,2.096,2.096,2289.26
1767947520000,2.097,2.097,2.09,2.092,4863.25
1767947580000,2.092,2.094,2.092,2.093,1551.43
1767947640000,2.093,2.095,2.093,2.095,70.65
1767947700000,2.095,2.097,2.095,2.096,1435.32
1767947760000,2.097,2.097,2.093,2.093,292.54
1767947820000,2.093,2.093,2.09,2.09,1871.83
1767947880000,2.091,2.093,2.089,2.09,7570.23
1767947940000,2.09,2.09,2.088,2.088,2033.15
1767948000000,2.088,2.092,2.088,2.092,1093.11
1767948060000,2.092,2.092,2.091,2.091,509.39
1767948120000,2.091,2.091,2.087,2.087,1164.28
1767948180000,2.087,2.089,2.068,2.08,108062.15
1767948240000,2.08,2.083,2.08,2.081,22175.46
1767948300000,2.08,2.081,2.076,2.076,4722.84
1767948360000,2.076,2.078,2.072,2.073,19913.2
1767948420000,2.073,2.076,2.068,2.07,28421.24
1767948480000,2.069,2.069,2.063,2.063,33773.79
1767948540000,2.064,2.07,2.063,2.069,18140.39
1767948600000,2.068,2.068,2.062,2.067,25340.37
1767948660000,2.068,2.069,2.066,2.066,1901.85
1767948720000,2.066,2.066,2.064,2.064,419.61
1767948780000,2.064,2.067,2.061,2.066,11651.84
1767948840000,2.065,2.065,2.062,2.063,9645.7
1767948900000,2.064,2.068,2.064,2.067,1634.53
1767948960000,2.068,2.07,2.065,2.07,5605.53
1767949020000,2.07,2.072,2.07,2.07,2083.78
1767949080000,2.07,2.072,2.069,2.071,933.67
1767949140000,2.071,2.073,2.071,2.073,3651.62
1767949200000,2.073,2.08,2.071,2.08,3386.38
1767949260000,2.08,2.081,2.079,2.08,2380.65
1767949320000,2.082,2.084,2.077,2.079,18792.01
1767949380000,2.079,2.083,2.079,2.081,1661.54
1767949440000,2.082,2.085,2.082,2.083,1076.11
1767949500000,2.083,2.084,2.081,2.083,2625.65
1767949560000,2.082,2.082,2.081,2.081,1825.95
1767949620000,2.081,2.082,2.081,2.081,930.05
1767949680000,2.082,2.086,2.082,2.084,1388.42
1767949740000,2.085,2.088,2.085,2.087,1541.72
1767949800000,2.086,2.089,2.085,2.085,10538.2
1767949860000,2.086,2.086,2.085,2.085,2354.45
1767949920000,2.085,2.085,2.084,2.085,2167.87
1767949980000,2.085,2.086,2.084,2.085,2570.08
1767950040000,2.085,2.085,2.085,2.085,154.77
1767950100000,2.085,2.085,2.082,2.082,1786.23
1767950160000,2.083,2.083,2.081,2.081,2100.91
1767950220000,2.081,2.082,2.081,2.081,562.35
1767950280000,2.082,2.082,2.081,2.081,289.45
1767950340000,2.082,2.086,2.082,2.084,2857.97
1767950400000,2.085,2.089,2.085,2.087,1487.12
1767950460000,2.087,2.093,2.087,2.092,5768.29
1767950520000,2.092,2.094,2.091,2.092,3780.36
1767950580000,2.092,2.096,2.092,2.094,6694.48
1767950640000,2.093,2.093,2.091,2.091,79.15
1767950700000,2.092,2.092,2.092,2.092,66.72
1767950760000,2.092,2.093,2.092,2.092,739.48
1767950820000,2.093,2.093,2.092,2.093,352.22
1767950880000,2.093,2.093,2.09,2.09,1396.84
1767950940000,2.09,2.092,2.09,2.092,245.17
1767951000000,2.091,2.091,2.091,2.091,10.29
1767951060000,2.09,2.09,2.089,2.09,850.69
1767951120000,2.09,2.09,2.089,2.089,461.46
1767951180000,2.089,2.091,2.089,2.091,466.6
1767951240000,2.091,2.093,2.091,2.091,1527.78
1767951300000,2.091,2.091,2.089,2.089,1114.11
1767951360000,2.089,2.09,2.089,2.09,2264.82
1767951420000,2.09,2.09,2.089,2.089,290.28
1767951480000,2.089,2.089,2.088,2.088,311.88
1767951540000,2.089,2.089,2.088,2.089,752.78
1767951600000,2.089,2.089,2.089,2.089,119.28
1767951660000,2.09,2.09,2.089,2.09,96.3
1767951720000,2.089,2.09,2.089,2.09,1766.24
1767951780000,2.09,2.09,2.09,2.09,727.74
1767951840000,2.089,2.09,2.089,2.09,120.18
1767951900000,2.089,2.089,2.085,2.086,2399.01
1767951960000,2.086,2.087,2.086,2.087,1700.2
1767952020000,2.087,2.088,2.087,2.088,3270.15
1767952080000,2.087,2.088,2.087,2.088,24.08
1767952140000,2.088,2.088,2.087,2.087,258.1
1767952200000,2.088,2.088,2.087,2.087,732.11
1767952260000,2.087,2.089,2.087,2.087,155.0
1767952320000,2.087,2.087,2.087,2.087,200.54
1767952380000,2.089,2.089,2.087,2.087,1030.15
1767952440000,2.087,2.087,2.086,2.087,621.52
1767952500000,2.086,2.086,2.084,2.084,5296.56
1767952560000,2.084,2.084,2.082,2.082,1797.46
1767952620000,2.083,2.083,2.083,2.083,1567.36
1767952680000,2.083,2.083,2.083,2.083,0.0
1767952740000,2.083,2.083,2.083,2.083,125.83
1767952800000,2.083,2.083,2.083,2.083,329.96
1767952860000,2.082,2.083,2.081,2.083,5293.54
1767952920000,2.082,2.082,2.08,2.08,1432.27
1767952980000,2.08,2.08,2.079,2.079,127.5
1767953040000,2.078,2.079,2.078,2.079,188.74
1767953100000,2.079,2.084,2.079,2.084,4503.18
1767953160000,2.084,2.085,2.084,2.085,384.28
1767953220000,2.085,2.087,2.085,2.087,191.99
1767953280000,2.086,2.086,2.085,2.085,2474.27
1767953340000,2.086,2.089,2.086,2.088,773.74
1767953400000,2.088,2.089,2.086,2.086,4605.73
1767953460000,2.087,2.087,2.087,2.087,31.61
1767953520000,2.087,2.087,2.087,2.087,483.15
1767953580000,2.086,2.086,2.085,2.085,2484.09
1767953640000,2.086,2.086,2.084,2.084,691.62
1767953700000,2.084,2.084,2.084,2.084,14.88
1767953760000,2.083,2.084,2.082,2.084,2412.19
1767953820000,2.084,2.084,2.083,2.083,1382.01
1767953880000,2.082,2.082,2.081,2.081,685.83
1767953940000,2.081,2.082,2.08,2.08,3006.98
1767954000000,2.08,2.081,2.079,2.081,2718.81
1767954060000,2.08,2.08,2.079,2.079,606.2
1767954120000,2.079,2.08,2.079,2.08,1267.91
1767954180000,2.08,2.081,2.08,2.081,3321.38
1767954240000,2.081,2.083,2.081,2.082,615.65
1767954300000,2.082,2.083,2.082,2.083,616.04
1767954360000,2.082,2.084,2.082,2.084,440.72
1767954420000,2.085,2.085,2.083,2.083,233.43
1767954480000,2.083,2.083,2.083,2.083,2.41
1767954540000,2.082,2.082,2.082,2.082,14.9
1767954600000,2.081,2.081,2.077,2.079,5095.13
1767954660000,2.078,2.079,2.078,2.079,232.92
1767954720000,2.078,2.078,2.078,2.078,94.01
1767954780000,2.078,2.079,2.078,2.079,1257.45
1767954840000,2.079,2.079,2.078,2.078,285.15
1767954900000,2.079,2.079,2.077,2.078,1490.98
1767954960000,2.078,2.079,2.077,2.079,2296.35
1767955020000,2.079,2.08,2.078,2.079,2915.4
1767955080000,2.08,2.082,2.08,2.081,4344.54
1767955140000,2.08,2.081,2.08,2.081,171.21
1767955200000,2.082,2.082,2.081,2.081,3045.88
1767955260000,2.081,2.083,2.081,2.083,388.95
1767955320000,2.082,2.084,2.082,2.084,2847.87
1767955380000,2.083,2.083,2.082,2.082,455.6
1767955440000,2.082,2.082,2.082,2.082,681.14
1767955500000,2.081,2.081,2.08,2.081,913.68
1767955560000,2.082,2.082,2.081,2.082,1259.46
1767955620000,2.082,2.083,2.081,2.082,1743.75
1767955680000,2.082,2.082,2.081,2.082,196.19
1767955740000,2.082,2.082,2.082,2.082,199.47
1767955800000,2.083,2.085,2.083,2.085,585.73
1767955860000,2.084,2.085,2.083,2.083,321.81
1767955920000,2.082,2.085,2.082,2.085,236.33
1767955980000,2.084,2.085,2.084,2.085,587.28
1767956040000,2.084,2.084,2.083,2.083,726.27
1767956100000,2.083,2.084,2.083,2.083,1201.0
1767956160000,2.083,2.084,2.083,2.084,198.69
1767956220000,2.083,2.084,2.083,2.084,33.89
1767956280000,2.083,2.083,2.082,2.082,530.57
1767956340000,2.082,2.082,2.081,2.082,987.0
1767956400000,2.083,2.083,2.083,2.083,292.99
1767956460000,2.083,2.084,2.082,2.082,699.98
1767956520000,2.082,2.084,2.082,2.084,483.25
1767956580000,2.084,2.085,2.084,2.084,832.3
1767956640000,2.084,2.085,2.084,2.085,381.68
1767956700000,2.085,2.087,2.085,2.087,1634.29
1767956760000,2.087,2.087,2.086,2.086,2564.34
1767956820000,2.086,2.086,2.086,2.086,618.11
1767956880000,2.085,2.085,2.083,2.083,348.44
1767956940000,2.084,2.084,2.082,2.082,299.01
1767957000000,2.082,2.083,2.082,2.083,756.85
1767957060000,2.083,2.083,2.082,2.083,201.1
1767957120000,2.082,2.083,2.081,2.082,3424.02
1767957180000,2.082,2.083,2.082,2.083,419.56
1767957240000,2.084,2.086,2.083,2.086,5312.5
1767957300000,2.087,2.088,2.086,2.087,1024.44
1767957360000,2.086,2.087,2.086,2.087,100.51
1767957420000,2.087,2.087,2.086,2.086,352.1
1767957480000,2.085,2.088,2.085,2.088,2218.41
1767957540000,2.088,2.091,2.088,2.09,4605.6
1767957600000,2.09,2.09,2.086,2.086,8757.11
1767957660000,2.086,2.086,2.086,2.086,28.99
1767957720000,2.087,2.087,2.087,2.087,1476.28
1767957780000,2.086,2.086,2.084,2.085,429.0
1767957840000,2.085,2.086,2.085,2.085,532.78
1767957900000,2.084,2.085,2.084,2.084,311.13
1767957960000,2.085,2.086,2.085,2.086,535.44
1767958020000,2.086,2.086,2.084,2.085,2028.57
1767958080000,2.086,2.086,2.085,2.086,79.99
1767958140000,2.085,2.086,2.085,2.086,2593.04
1767958200000,2.086,2.086,2.085,2.085,216.61
1767958260000,2.086,2.086,2.084,2.086,2702.38
1767958320000,2.087,2.087,2.086,2.086,248.37
1767958380000,2.086,2.09,2.086,2.09,761.49
1767958440000,2.09,2.091,2.09,2.09,230.32
1767958500000,2.089,2.089,2.089,2.089,1594.79
1767958560000,2.088,2.088,2.087,2.087,1291.21
1767958620000,2.086,2.087,2.085,2.085,5130.27
1767958680000,2.084,2.085,2.083,2.084,1538.76
1767958740000,2.084,2.084,2.083,2.083,1598.84
1767958800000,2.083,2.084,2.083,2.083,200.61
1767958860000,2.082,2.082,2.082,2.082,4.8
1767958920000,2.083,2.083,2.082,2.082,19.4
1767958980000,2.083,2.083,2.082,2.083,61.98
1767959040000,2.083,2.083,2.083,2.083,246.92
1767959100000,2.084,2.085,2.084,2.084,735.11
1767959160000,2.084,2.084,2.082,2.082,27.58
1767959220000,2.082,2.082,2.08,2.08,8466.05
1767959280000,2.081,2.081,2.08,2.081,109.48
1767959340000,2.082,2.085,2.082,2.085,1474.86
1767959400000,2.085,2.086,2.084,2.086,245.63
1767959460000,2.086,2.086,2.085,2.085,303.59
1767959520000,2.086,2.086,2.085,2.085,24.65
1767959580000,2.085,2.085,2.084,2.084,1152.78
1767959640000,2.083,2.083,2.083,2.083,28.67
1767959700000,2.082,2.082,2.08,2.081,55.95
1767959760000,2.081,2.081,2.079,2.079,50.63
1767959820000,2.08,2.081,2.08,2.081,485.06
1767959880000,2.081,2.081,2.081,2.081,15.59
1767959940000,2.08,2.08,2.08,2.08,228.48
1767960000000,2.08,2.081,2.079,2.079,247.26
1767960060000,2.08,2.081,2.08,2.08,72.76
1767960120000,2.08,2.081,2.08,2.081,1292.15
1767960180000,2.081,2.081,2.08,2.081,118.99
1767960240000,2.082,2.082,2.08,2.08,2401.28
1767960300000,2.081,2.083,2.08,2.082,2145.52
1767960360000,2.083,2.084,2.082,2.082,658.38
1767960420000,2.081,2.081,2.079,2.08,1248.65
1767960480000,2.08,2.08,2.079,2.079,368.55
1767960540000,2.079,2.079,2.076,2.076,1321.95
1767960600000,2.076,2.076,2.072,2.072,4772.2
1767960660000,2.073,2.074,2.072,2.073,3108.6
1767960720000,2.073,2.074,2.072,2.072,4595.73
1767960780000,2.072,2.073,2.07,2.07,5519.2
1767960840000,2.07,2.07,2.068,2.068,5516.56
1767960900000,2.069,2.069,2.065,2.066,11099.18
1767960960000,2.066,2.066,2.064,2.065,1495.98
1767961020000,2.065,2.065,2.062,2.063,5905.45
1767961080000,2.063,2.065,2.062,2.063,14090.17
1767961140000,2.062,2.062,2.06,2.061,11511.35
1767961200000,2.062,2.062,2.06,2.06,3636.66
1767961260000,2.06,2.061,2.059,2.061,11965.61
1767961320000,2.06,2.061,2.059,2.061,1976.73
1767961380000,2.062,2.063,2.062,2.063,1582.59
1767961440000,2.062,2.066,2.062,2.066,4017.25
1767961500000,2.066,2.066,2.065,2.066,734.86
1767961560000,2.065,2.065,2.063,2.063,1169.04
1767961620000,2.063,2.065,2.063,2.065,4517.58
1767961680000,2.065,2.065,2.064,2.065,804.11
1767961740000,2.065,2.066,2.064,2.065,6152.89
1767961800000,2.065,2.066,2.064,2.064,3561.65
1767961860000,2.065,2.065,2.062,2.062,16101.33
1767961920000,2.061,2.061,2.059,2.06,1434.46
1767961980000,2.06,2.065,2.059,2.065,13807.73
1767962040000,2.065,2.067,2.061,2.062,6721.93
1767962100000,2.062,2.062,2.06,2.06,1889.28
1767962160000,2.06,2.061,2.059,2.059,4257.29
1767962220000,2.059,2.061,2.059,2.06,1586.1
1767962280000,2.06,2.061,2.054,2.056,28699.66
1767962340000,2.057,2.057,2.056,2.057,3527.32
1767962400000,2.057,2.061,2.057,2.061,1831.33
1767962460000,2.061,2.061,2.06,2.061,4288.99
1767962520000,2.061,2.061,2.06,2.061,1242.61
1767962580000,2.061,2.061,2.06,2.061,5138.35
1767962640000,2.06,2.06,2.059,2.059,5341.57
1767962700000,2.059,2.06,2.059,2.06,301.48
1767962760000,2.06,2.06,2.057,2.059,2634.02
1767962820000,2.059,2.06,2.058,2.06,1981.11
1767962880000,2.06,2.064,2.06,2.061,3068.17
1767962940000,2.06,2.063,2.059,2.06,6950.44
1767963000000,2.059,2.062,2.058,2.062,7327.23
1767963060000,2.063,2.063,2.057,2.058,20893.98
1767963120000,2.058,2.059,2.057,2.057,4618.07
1767963180000,2.058,2.058,2.049,2.054,40852.57
1767963240000,2.054,2.056,2.054,2.055,5966.25
1767963300000,2.055,2.056,2.055,2.056,4365.13
1767963360000,2.056,2.057,2.056,2.057,15945.49
1767963420000,2.056,2.057,2.055,2.057,1410.29
1767963480000,2.058,2.058,2.056,2.056,300.76
1767963540000,2.056,2.058,2.056,2.057,4874.17
1767963600000,2.057,2.061,2.055,2.061,6381.65
1767963660000,2.06,2.06,2.058,2.06,1034.03
1767963720000,2.06,2.062,2.06,2.062,2366.97
1767963780000,2.062,2.063,2.06,2.062,1282.66
1767963840000,2.061,2.063,2.061,2.062,3770.39
1767963900000,2.062,2.062,2.061,2.062,2511.52
1767963960000,2.061,2.063,2.061,2.063,1422.95
1767964020000,2.063,2.064,2.061,2.061,801.87
1767964080000,2.061,2.062,2.059,2.062,1675.57
1767964140000,2.062,2.064,2.057,2.058,15128.73
1767964200000,2.059,2.063,2.059,2.062,6572.35
1767964260000,2.063,2.068,2.062,2.065,28626.44
1767964320000,2.065,2.072,2.065,2.071,11344.77
1767964380000,2.07,2.071,2.066,2.067,4249.47
1767964440000,2.067,2.069,2.066,2.069,1616.43
1767964500000,2.069,2.07,2.069,2.07,706.44
1767964560000,2.071,2.073,2.07,2.071,1302.28
1767964620000,2.07,2.07,2.07,2.07,174.66
1767964680000,2.071,2.071,2.068,2.069,1116.29
1767964740000,2.07,2.07,2.07,2.07,129.58
1767964800000,2.069,2.072,2.068,2.068,4158.74
1767964860000,2.069,2.072,2.069,2.072,1043.74
1767964920000,2.073,2.075,2.073,2.074,782.63
1767964980000,2.073,2.073,2.067,2.067,4030.82
1767965040000,2.067,2.068,2.067,2.068,2375.72
1767965100000,2.069,2.07,2.067,2.067,6894.18
1767965160000,2.068,2.07,2.068,2.07,64.74
1767965220000,2.07,2.073,2.07,2.07,896.95
1767965280000,2.071,2.073,2.071,2.073,1300.37
1767965340000,2.072,2.073,2.069,2.069,2938.26
1767965400000,2.069,2.084,2.068,2.068,79184.07
1767965460000,2.069,2.069,2.063,2.068,12977.5
1767965520000,2.068,2.071,2.066,2.069,22060.43
1767965580000,2.069,2.07,2.066,2.066,671.38
1767965640000,2.067,2.075,2.067,2.074,12541.31
1767965700000,2.074,2.08,2.074,2.08,4134.31
1767965760000,2.08,2.081,2.077,2.08,3968.96
1767965820000,2.08,2.08,2.077,2.078,8387.44
1767965880000,2.078,2.078,2.073,2.074,8872.43
1767965940000,2.074,2.074,2.074,2.074,178.96
1767966000000,2.075,2.077,2.075,2.077,256.24
1767966060000,2.076,2.076,2.072,2.073,17648.71
1767966120000,2.074,2.074,2.069,2.07,17650.76
1767966180000,2.071,2.071,2.067,2.068,821.23
1767966240000,2.069,2.069,2.067,2.068,516.92
1767966300000,2.068,2.069,2.068,2.069,4545.7
1767966360000,2.069,2.069,2.069,2.069,3533.81
1767966420000,2.068,2.068,2.065,2.065,2152.22
1767966480000,2.066,2.066,2.063,2.063,3604.68
1767966540000,2.064,2.065,2.062,2.063,2490.27
1767966600000,2.064,2.064,2.063,2.064,255.38
1767966660000,2.065,2.067,2.065,2.067,393.48
1767966720000,2.066,2.071,2.066,2.071,24937.97
1767966780000,2.071,2.073,2.071,2.071,9554.55
1767966840000,2.072,2.074,2.072,2.074,866.82
1767966900000,2.074,2.074,2.072,2.073,3787.6
1767966960000,2.073,2.073,2.071,2.071,3797.15
1767967020000,2.072,2.073,2.071,2.071,814.23
1767967080000,2.071,2.071,2.07,2.07,347.11
1767967140000,2.07,2.07,2.069,2.069,1280.22
1767967200000,2.07,2.071,2.069,2.069,470.95
1767967260000,2.069,2.069,2.066,2.066,5203.11
1767967320000,2.068,2.071,2.068,2.07,1210.42
1767967380000,2.07,2.07,2.07,2.07,3.62
1767967440000,2.07,2.07,2.069,2.069,120.9
1767967500000,2.069,2.069,2.065,2.065,3196.87
1767967560000,2.065,2.066,2.065,2.066,504.43
1767967620000,2.066,2.066,2.064,2.064,6343.69
1767967680000,2.063,2.063,2.057,2.058,23576.99
1767967740000,2.058,2.058,2.051,2.053,11092.27
1767967800000,2.054,2.056,2.054,2.056,1980.66
1767967860000,2.055,2.055,2.054,2.055,5040.78
1767967920000,2.055,2.056,2.05,2.054,11034.43
1767967980000,2.055,2.06,2.055,2.06,5080.86
1767968040000,2.06,2.06,2.058,2.058,1850.52
1767968100000,2.059,2.059,2.057,2.059,744.09
1767968160000,2.059,2.061,2.059,2.061,531.96
1767968220000,2.06,2.06,2.058,2.058,696.01
1767968280000,2.059,2.059,2.058,2.058,70.31
1767968340000,2.058,2.059,2.058,2.059,3905.15
1767968400000,2.059,2.06,2.057,2.06,1136.9
1767968460000,2.061,2.063,2.061,2.062,159.14
1767968520000,2.061,2.061,2.054,2.058,4239.5
1767968580000,2.058,2.059,2.057,2.059,645.67
1767968640000,2.059,2.061,2.059,2.059,2725.0
1767968700000,2.059,2.062,2.059,2.061,8443.7
1767968760000,2.061,2.061,2.06,2.061,1765.37
1767968820000,2.061,2.061,2.059,2.06,445.8
1767968880000,2.061,2.064,2.061,2.064,291.38
1767968940000,2.063,2.064,2.062,2.063,8817.39
1767969000000,2.064,2.066,2.063,2.065,2844.52
1767969060000,2.064,2.064,2.059,2.059,14831.84
1767969120000,2.059,2.061,2.056,2.056,3074.78
1767969180000,2.056,2.058,2.052,2.055,4860.22
1767969240000,2.054,2.056,2.048,2.056,13408.01
1767969300000,2.056,2.056,2.051,2.056,2308.47
1767969360000,2.057,2.06,2.055,2.06,7731.95
1767969420000,2.059,2.066,2.057,2.066,412.6
1767969480000,2.066,2.073,2.062,2.062,27864.01
1767969540000,2.061,2.065,2.061,2.062,984.31
1767969600000,2.063,2.063,2.058,2.059,1651.89
1767969660000,2.06,2.062,2.059,2.06,5159.15
1767969720000,2.06,2.061,2.058,2.058,610.05
1767969780000,2.058,2.059,2.057,2.057,927.19
1767969840000,2.057,2.058,2.054,2.056,2262.26
1767969900000,2.056,2.061,2.055,2.061,23939.95
1767969960000,2.062,2.062,2.055,2.057,4041.49
1767970020000,2.058,2.06,2.056,2.059,3525.87
1767970080000,2.058,2.061,2.051,2.051,11165.04
1767970140000,2.051,2.054,2.049,2.054,8986.92
1767970200000,2.054,2.057,2.054,2.057,6636.48
1767970260000,2.058,2.059,2.055,2.059,1442.14
1767970320000,2.058,2.059,2.055,2.056,2851.58
1767970380000,2.055,2.059,2.054,2.058,3487.17
1767970440000,2.059,2.062,2.059,2.059,2715.36
1767970500000,2.058,2.059,2.055,2.058,13996.61
1767970560000,2.057,2.059,2.054,2.055,1452.25
1767970620000,2.055,2.058,2.055,2.055,763.97
1767970680000,2.056,2.06,2.055,2.06,2361.62
1767970740000,2.061,2.062,2.06,2.06,16270.23
1767970800000,2.061,2.065,2.058,2.059,10919.34
1767970860000,2.059,2.059,2.055,2.055,2098.44
1767970920000,2.055,2.064,2.055,2.064,6292.63
1767970980000,2.064,2.067,2.062,2.064,4472.31
1767971040000,2.064,2.065,2.06,2.06,2355.32
1767971100000,2.06,2.061,2.056,2.057,3284.62
1767971160000,2.057,2.058,2.052,2.053,4312.9
1767971220000,2.052,2.059,2.051,2.059,3021.63
1767971280000,2.06,2.062,2.056,2.059,1018.67
1767971340000,2.06,2.061,2.058,2.061,975.2
1767971400000,2.061,2.067,2.061,2.066,1224.32
1767971460000,2.066,2.066,2.058,2.059,2982.52
1767971520000,2.059,2.065,2.059,2.065,1754.25
1767971580000,2.066,2.068,2.065,2.068,1228.29
1767971640000,2.068,2.07,2.066,2.067,4376.93
1767971700000,2.067,2.067,2.064,2.067,952.56
1767971760000,2.068,2.072,2.068,2.069,2980.2
1767971820000,2.068,2.068,2.064,2.064,900.24
1767971880000,2.064,2.066,2.063,2.065,3222.73
1767971940000,2.065,2.068,2.065,2.068,5926.73
1767972000000,2.068,2.07,2.066,2.07,3436.77
1767972060000,2.07,2.075,2.069,2.075,4385.96
1767972120000,2.075,2.085,2.075,2.082,16279.21
1767972180000,2.081,2.083,2.08,2.081,6708.9
1767972240000,2.082,2.089,2.082,2.088,9342.62
1767972300000,2.088,2.094,2.086,2.093,18832.24
1767972360000,2.093,2.098,2.093,2.096,12760.01
1767972420000,2.097,2.104,2.097,2.104,20742.52
1767972480000,2.105,2.118,2.104,2.116,50313.08
1767972540000,2.115,2.12,2.112,2.114,42209.85
1767972600000,2.114,2.121,2.11,2.111,37910.05
1767972660000,2.11,2.111,2.106,2.111,5769.56
1767972720000,2.112,2.126,2.111,2.125,15927.6
1767972780000,2.125,2.128,2.119,2.123,20612.16
1767972840000,2.123,2.127,2.12,2.125,12846.29
1767972900000,2.125,2.138,2.125,2.131,45191.06
1767972960000,2.132,2.134,2.124,2.125,19285.48
1767973020000,2.125,2.135,2.125,2.134,13521.8
1767973080000,2.134,2.136,2.125,2.125,20047.05
1767973140000,2.125,2.126,2.12,2.12,11357.62
1767973200000,2.121,2.125,2.118,2.118,26865.07
1767973260000,2.119,2.122,2.113,2.113,9979.58
1767973320000,2.115,2.115,2.112,2.115,3224.05
1767973380000,2.116,2.119,2.112,2.112,6132.71
1767973440000,2.113,2.113,2.109,2.109,6252.24
1767973500000,2.109,2.116,2.107,2.114,3677.46
1767973560000,2.114,2.118,2.114,2.117,5810.82
1767973620000,2.117,2.122,2.116,2.122,7812.13
1767973680000,2.122,2.123,2.116,2.116,9889.47
1767973740000,2.115,2.116,2.11,2.112,12816.85
1767973800000,2.113,2.116,2.113,2.114,3198.68
1767973860000,2.115,2.118,2.113,2.113,9994.42
1767973920000,2.113,2.113,2.11,2.111,4300.89
1767973980000,2.112,2.116,2.11,2.11,7008.83
1767974040000,2.111,2.112,2.102,2.103,10903.23
1767974100000,2.102,2.102,2.087,2.09,46622.27
1767974160000,2.091,2.098,2.091,2.092,12267.93
1767974220000,2.092,2.096,2.092,2.096,14839.55
1767974280000,2.097,2.104,2.097,2.103,1582.18
1767974340000,2.104,2.105,2.103,2.105,4457.26
1767974400000,2.106,2.108,2.105,2.105,13173.62
1767974460000,2.106,2.11,2.105,2.11,6700.68
1767974520000,2.111,2.121,2.111,2.117,19642.22
1767974580000,2.117,2.12,2.116,2.117,2023.18
1767974640000,2.117,2.124,2.116,2.121,26104.86
1767974700000,2.122,2.124,2.12,2.12,5277.81
1767974760000,2.12,2.122,2.118,2.122,625.83
1767974820000,2.121,2.121,2.117,2.121,7473.26
1767974880000,2.121,2.123,2.119,2.12,2183.87
1767974940000,2.119,2.123,2.119,2.12,1524.31
1767975000000,2.119,2.12,2.117,2.118,2511.24
1767975060000,2.119,2.123,2.119,2.123,2289.76
1767975120000,2.122,2.122,2.118,2.119,12133.86
1767975180000,2.119,2.128,2.119,2.128,14479.13
1767975240000,2.127,2.137,2.126,2.135,42537.51
1767975300000,2.135,2.137,2.129,2.13,10739.96
1767975360000,2.13,2.138,2.13,2.132,19472.91
1767975420000,2.133,2.134,2.129,2.133,6965.5
1767975480000,2.132,2.142,2.132,2.14,19567.33
1767975540000,2.14,2.144,2.139,2.139,15181.96
1767975600000,2.14,2.14,2.135,2.136,9392.44
1767975660000,2.137,2.138,2.129,2.129,12795.13
1767975720000,2.13,2.131,2.126,2.127,3048.38
1767975780000,2.127,2.129,2.126,2.127,4730.82
1767975840000,2.128,2.128,2.124,2.126,2067.5
1767975900000,2.125,2.126,2.118,2.119,8643.38
1767975960000,2.119,2.121,2.117,2.119,3764.98
1767976020000,2.118,2.118,2.115,2.116,4031.57
1767976080000,2.117,2.12,2.115,2.116,2537.18
1767976140000,2.117,2.118,2.116,2.117,7790.69
1767976200000,2.118,2.119,2.115,2.116,1943.45
1767976260000,2.117,2.123,2.117,2.122,4903.59
1767976320000,2.121,2.121,2.117,2.12,1111.69
1767976380000,2.121,2.122,2.12,2.12,185.38
1767976440000,2.119,2.119,2.113,2.113,4930.73
1767976500000,2.113,2.114,2.112,2.112,646.88
1767976560000,2.113,2.114,2.112,2.114,1077.51
1767976620000,2.115,2.115,2.111,2.112,1757.49
1767976680000,2.113,2.115,2.112,2.112,705.15
1767976740000,2.113,2.114,2.112,2.114,595.56
1767976800000,2.115,2.116,2.112,2.114,1474.37
1767976860000,2.115,2.116,2.115,2.116,382.5
1767976920000,2.116,2.117,2.114,2.116,1009.61
1767976980000,2.116,2.118,2.116,2.118,1302.2
1767977040000,2.118,2.119,2.116,2.116,730.05
1767977100000,2.117,2.117,2.115,2.116,355.94
1767977160000,2.117,2.119,2.117,2.118,7207.83
1767977220000,2.119,2.12,2.118,2.119,591.38
1767977280000,2.119,2.124,2.119,2.124,1342.91
1767977340000,2.123,2.123,2.12,2.122,6889.88
1767977400000,2.121,2.122,2.121,2.122,357.41
1767977460000,2.122,2.122,2.118,2.12,994.04
1767977520000,2.121,2.123,2.12,2.12,5047.58
1767977580000,2.12,2.122,2.12,2.122,1090.56
1767977640000,2.121,2.121,2.118,2.12,764.94
1767977700000,2.119,2.119,2.116,2.116,1194.7
1767977760000,2.117,2.12,2.117,2.12,1647.9
1767977820000,2.121,2.123,2.121,2.122,314.44
1767977880000,2.122,2.122,2.119,2.12,443.17
1767977940000,2.12,2.122,2.12,2.122,1205.97
1767978000000,2.122,2.123,2.121,2.121,1208.65
1767978060000,2.121,2.122,2.12,2.121,640.92
1767978120000,2.121,2.121,2.12,2.121,75.55
1767978180000,2.121,2.122,2.12,2.12,2984.78
1767978240000,2.119,2.119,2.117,2.119,730.48
1767978300000,2.12,2.122,2.12,2.122,3865.96
1767978360000,2.122,2.122,2.118,2.118,681.95
1767978420000,2.117,2.119,2.116,2.119,11962.95
1767978480000,2.119,2.119,2.116,2.116,1561.13
1767978540000,2.116,2.116,2.115,2.115,289.32
1767978600000,2.115,2.116,2.112,2.113,10135.83
1767978660000,2.113,2.113,2.109,2.11,15704.34
1767978720000,2.11,2.112,2.109,2.11,1205.34
1767978780000,2.109,2.109,2.106,2.108,12927.37
1767978840000,2.107,2.11,2.107,2.11,3045.29
1767978900000,2.11,2.11,2.105,2.106,11687.51
1767978960000,2.106,2.107,2.099,2.1,12639.15
1767979020000,2.099,2.1,2.095,2.1,8156.47
1767979080000,2.1,2.1,2.095,2.095,6817.54
1767979140000,2.096,2.097,2.092,2.092,5380.76
1767979200000,2.093,2.096,2.093,2.096,4444.17
1767979260000,2.095,2.097,2.094,2.097,2913.33
1767979320000,2.098,2.1,2.097,2.1,492.04
1767979380000,2.1,2.102,2.099,2.101,2814.36
1767979440000,2.101,2.104,2.101,2.103,51.64
1767979500000,2.104,2.104,2.102,2.102,216.31
1767979560000,2.104,2.104,2.101,2.102,2363.31
1767979620000,2.103,2.103,2.102,2.102,497.8
1767979680000,2.103,2.104,2.102,2.102,2223.86
1767979740000,2.103,2.103,2.101,2.101,1342.96
1767979800000,2.102,2.102,2.097,2.097,2126.74
1767979860000,2.098,2.1,2.096,2.1,604.68
1767979920000,2.101,2.104,2.1,2.1,321.46
1767979980000,2.099,2.101,2.098,2.098,2487.94
1767980040000,2.098,2.098,2.094,2.094,5211.37
1767980100000,2.095,2.097,2.095,2.097,438.66
1767980160000,2.096,2.096,2.092,2.096,2134.13
1767980220000,2.096,2.101,2.096,2.098,1520.81
1767980280000,2.098,2.103,2.098,2.103,157.44
1767980340000,2.102,2.103,2.1,2.1,893.92
1767980400000,2.1,2.1,2.098,2.1,3252.22
1767980460000,2.1,2.1,2.099,2.1,527.12
1767980520000,2.101,2.102,2.1,2.1,982.26
1767980580000,2.099,2.099,2.099,2.099,59.9
1767980640000,2.099,2.099,2.098,2.098,1210.3
1767980700000,2.099,2.099,2.097,2.098,569.58
1767980760000,2.097,2.099,2.097,2.099,171.74
1767980820000,2.1,2.107,2.1,2.107,1744.75
1767980880000,2.108,2.109,2.108,2.109,2279.96
1767980940000,2.11,2.112,2.11,2.112,1344.88
1767981000000,2.112,2.116,2.112,2.113,1270.19
1767981060000,2.112,2.114,2.11,2.114,822.5
1767981120000,2.114,2.115,2.113,2.114,1314.58
1767981180000,2.114,2.115,2.112,2.112,1871.9
1767981240000,2.112,2.112,2.111,2.111,758.97
1767981300000,2.111,2.111,2.11,2.111,586.96
1767981360000,2.11,2.112,2.11,2.112,364.97
1767981420000,2.111,2.113,2.111,2.111,607.69
1767981480000,2.11,2.11,2.11,2.11,529.86
1767981540000,2.111,2.111,2.11,2.11,1043.35
1767981600000,2.11,2.111,2.107,2.109,4061.16
1767981660000,2.109,2.11,2.108,2.11,1052.95
1767981720000,2.11,2.11,2.108,2.11,498.48
1767981780000,2.11,2.112,2.109,2.112,5542.05
1767981840000,2.111,2.111,2.11,2.11,614.57
1767981900000,2.109,2.11,2.107,2.11,1456.27
1767981960000,2.109,2.11,2.107,2.107,2146.38
1767982020000,2.107,2.107,2.107,2.107,153.0
1767982080000,2.106,2.106,2.103,2.103,648.25
1767982140000,2.104,2.104,2.102,2.102,51.03
1767982200000,2.102,2.102,2.1,2.101,1805.99
1767982260000,2.1,2.101,2.099,2.099,208.25
1767982320000,2.099,2.101,2.098,2.098,1523.62
1767982380000,2.098,2.1,2.097,2.1,846.6
1767982440000,2.098,2.098,2.098,2.098,1012.36
1767982500000,2.098,2.098,2.091,2.092,4253.17
1767982560000,2.091,2.092,2.086,2.086,19268.16
1767982620000,2.087,2.087,2.085,2.086,4189.26
1767982680000,2.087,2.088,2.085,2.085,1328.06
1767982740000,2.086,2.087,2.085,2.086,810.63
1767982800000,2.086,2.087,2.085,2.086,635.01
1767982860000,2.085,2.087,2.084,2.084,1610.9
1767982920000,2.084,2.085,2.08,2.08,11414.74
1767982980000,2.08,2.08,2.078,2.079,9183.96
1767983040000,2.079,2.081,2.079,2.079,1142.82
1767983100000,2.079,2.079,2.075,2.079,2045.34
1767983160000,2.08,2.081,2.075,2.075,4149.94
1767983220000,2.075,2.076,2.073,2.075,3150.61
1767983280000,2.074,2.074,2.071,2.074,8111.93
1767983340000,2.073,2.075,2.072,2.073,934.07
1767983400000,2.072,2.073,2.071,2.072,2158.32
1767983460000,2.074,2.074,2.063,2.068,39766.91
1767983520000,2.068,2.073,2.064,2.073,11310.48
1767983580000,2.072,2.074,2.071,2.073,3161.65
1767983640000,2.073,2.076,2.072,2.076,8007.75
1767983700000,2.076,2.085,2.075,2.084,9135.62
1767983760000,2.085,2.085,2.081,2.081,5106.29
1767983820000,2.081,2.083,2.081,2.082,300.08
1767983880000,2.082,2.084,2.081,2.083,2008.19
1767983940000,2.083,2.083,2.08,2.08,2540.85
1767984000000,2.08,2.082,2.08,2.082,527.59
1767984060000,2.082,2.082,2.08,2.082,1800.43
1767984120000,2.082,2.086,2.082,2.085,4579.93
1767984180000,2.085,2.085,2.083,2.084,1227.84
1767984240000,2.084,2.085,2.082,2.082,192.13
1767984300000,2.083,2.083,2.082,2.083,1423.67
1767984360000,2.083,2.083,2.079,2.08,2973.48
1767984420000,2.08,2.085,2.08,2.085,294.75
1767984480000,2.085,2.086,2.085,2.086,983.94
1767984540000,2.086,2.087,2.086,2.086,713.6
1767984600000,2.087,2.088,2.085,2.087,754.51
1767984660000,2.087,2.087,2.085,2.086,368.21
1767984720000,2.085,2.088,2.085,2.086,1243.03
1767984780000,2.086,2.087,2.085,2.086,285.78
1767984840000,2.088,2.088,2.086,2.087,158.39
1767984900000,2.088,2.089,2.087,2.089,692.64
1767984960000,2.089,2.089,2.087,2.087,2102.77
1767985020000,2.087,2.088,2.086,2.088,3727.25
1767985080000,2.087,2.087,2.086,2.086,845.82
1767985140000,2.086,2.086,2.084,2.084,176.59
1767985200000,2.084,2.084,2.081,2.082,917.37
1767985260000,2.082,2.082,2.077,2.077,1553.44
1767985320000,2.077,2.077,2.075,2.077,846.11
1767985380000,2.078,2.078,2.076,2.078,179.42
1767985440000,2.077,2.077,2.076,2.077,1939.02
1767985500000,2.076,2.076,2.076,2.076,142.66
1767985560000,2.077,2.077,2.074,2.074,512.6
1767985620000,2.073,2.078,2.073,2.078,1560.14
1767985680000,2.078,2.079,2.077,2.078,11577.8
1767985740000,2.077,2.077,2.076,2.076,12.15
1767985800000,2.076,2.076,2.071,2.071,774.46
1767985860000,2.071,2.073,2.07,2.072,580.15
1767985920000,2.072,2.072,2.072,2.072,160.62
1767985980000,2.071,2.071,2.068,2.069,12386.9
1767986040000,2.07,2.07,2.068,2.068,986.15
1767986100000,2.07,2.07,2.07,2.07,15.33
1767986160000,2.069,2.069,2.064,2.065,5006.51
1767986220000,2.066,2.066,2.062,2.065,4036.27
1767986280000,2.066,2.067,2.065,2.065,3435.31
1767986340000,2.066,2.067,2.066,2.066,661.76
1767986400000,2.066,2.066,2.063,2.063,3225.25
1767986460000,2.062,2.064,2.061,2.063,1757.03
1767986520000,2.064,2.064,2.061,2.064,794.44
1767986580000,2.065,2.065,2.064,2.064,375.3
1767986640000,2.064,2.066,2.064,2.065,844.64
1767986700000,2.064,2.064,2.061,2.064,1221.95
1767986760000,2.065,2.066,2.065,2.066,1073.72
1767986820000,2.065,2.065,2.064,2.064,107.4
1767986880000,2.063,2.065,2.062,2.065,121.44
1767986940000,2.064,2.064,2.063,2.064,105.6
1767987000000,2.064,2.064,2.062,2.063,1958.42
1767987060000,2.064,2.064,2.061,2.061,597.53
1767987120000,2.061,2.062,2.059,2.06,8037.22
1767987180000,2.06,2.06,2.058,2.06,2207.3
1767987240000,2.06,2.063,2.06,2.061,1895.38
1767987300000,2.061,2.067,2.061,2.066,2739.18
1767987360000,2.065,2.067,2.064,2.066,3707.51
1767987420000,2.065,2.066,2.063,2.064,1587.12
1767987480000,2.063,2.064,2.063,2.064,3912.13
1767987540000,2.064,2.065,2.064,2.064,2585.15
1767987600000,2.064,2.064,2.064,2.064,183.82
1767987660000,2.065,2.065,2.065,2.065,818.01
1767987720000,2.065,2.065,2.065,2.065,336.26
1767987780000,2.064,2.064,2.064,2.064,5.26
1767987840000,2.066,2.066,2.063,2.063,1613.33
1767987900000,2.064,2.064,2.063,2.064,7338.19
1767987960000,2.065,2.07,2.065,2.07,2078.75
1767988020000,2.071,2.073,2.07,2.073,2028.59
1767988080000,2.072,2.072,2.069,2.071,1296.54
1767988140000,2.071,2.071,2.069,2.069,755.33
1767988200000,2.069,2.073,2.069,2.073,655.4
1767988260000,2.074,2.074,2.072,2.072,512.41
1767988320000,2.072,2.075,2.072,2.073,6541.73
1767988380000,2.072,2.072,2.071,2.071,91.79
1767988440000,2.071,2.071,2.067,2.067,1968.37
1767988500000,2.067,2.067,2.067,2.067,2377.47
1767988560000,2.068,2.068,2.066,2.066,691.02
1767988620000,2.066,2.067,2.066,2.067,30.9
1767988680000,2.067,2.068,2.066,2.066,1944.74
1767988740000,2.066,2.066,2.064,2.064,1296.05
1767988800000,2.064,2.065,2.062,2.065,69653.22
1767988860000,2.065,2.067,2.064,2.067,686.34
1767988920000,2.067,2.067,2.064,2.064,387.1
1767988980000,2.065,2.069,2.065,2.069,3460.17
1767989040000,2.069,2.071,2.067,2.068,10807.26
1767989100000,2.068,2.068,2.066,2.067,574.13
1767989160000,2.067,2.069,2.067,2.069,2784.85
1767989220000,2.069,2.069,2.067,2.069,2756.04
1767989280000,2.068,2.068,2.067,2.068,4400.21
1767989340000,2.068,2.07,2.068,2.07,1154.02
1767989400000,2.071,2.072,2.07,2.07,371.08
1767989460000,2.07,2.071,2.069,2.069,563.36
1767989520000,2.068,2.07,2.068,2.07,212.57
1767989580000,2.069,2.069,2.068,2.069,235.25
1767989640000,2.068,2.068,2.067,2.067,48.21
1767989700000,2.068,2.07,2.067,2.069,1489.11
1767989760000,2.069,2.07,2.065,2.065,3288.17
1767989820000,2.065,2.066,2.065,2.066,2385.1
1767989880000,2.067,2.067,2.066,2.066,223.96
1767989940000,2.067,2.068,2.067,2.068,170.8
1767990000000,2.068,2.072,2.068,2.072,981.5
1767990060000,2.072,2.073,2.072,2.072,284.48
1767990120000,2.072,2.072,2.068,2.068,797.13
1767990180000,2.068,2.068,2.068,2.068,303.14
1767990240000,2.069,2.072,2.069,2.072,1425.9
1767990300000,2.071,2.073,2.071,2.073,423.04
1767990360000,2.072,2.072,2.07,2.07,1376.98
1767990420000,2.07,2.07,2.07,2.07,0.0
1767990480000,2.072,2.072,2.069,2.069,3117.69
1767990540000,2.07,2.071,2.07,2.07,16.91
1767990600000,2.07,2.076,2.07,2.076,8252.82
1767990660000,2.076,2.079,2.076,2.078,6819.53
1767990720000,2.078,2.081,2.078,2.081,2467.91
1767990780000,2.081,2.086,2.081,2.083,16349.9
1767990840000,2.083,2.087,2.083,2.086,3103.61
1767990900000,2.086,2.087,2.083,2.083,7692.82
1767990960000,2.084,2.087,2.084,2.086,5534.01
1767991020000,2.085,2.087,2.085,2.086,2257.08
1767991080000,2.085,2.085,2.084,2.085,1710.72
1767991140000,2.085,2.085,2.083,2.083,183.7
1767991200000,2.083,2.083,2.081,2.082,1810.21
1767991260000,2.081,2.081,2.078,2.078,2262.39
1767991320000,2.078,2.078,2.075,2.075,1006.56
1767991380000,2.074,2.074,2.071,2.072,1976.02
1767991440000,2.073,2.073,2.071,2.073,340.44
1767991500000,2.073,2.078,2.073,2.076,1663.64
1767991560000,2.077,2.079,2.077,2.078,1295.8
1767991620000,2.078,2.079,2.078,2.078,1318.75
1767991680000,2.078,2.079,2.077,2.079,1356.0
1767991740000,2.08,2.08,2.079,2.08,769.53
1767991800000,2.08,2.08,2.079,2.079,549.19
1767991860000,2.078,2.079,2.076,2.077,1054.84
1767991920000,2.076,2.077,2.076,2.076,557.8
1767991980000,2.076,2.077,2.075,2.076,1335.07
1767992040000,2.076,2.078,2.075,2.078,2668.19
1767992100000,2.078,2.079,2.075,2.078,1022.78
1767992160000,2.078,2.079,2.078,2.079,1821.25
1767992220000,2.078,2.078,2.077,2.077,118.58
1767992280000,2.076,2.076,2.075,2.076,4117.02
1767992340000,2.075,2.076,2.073,2.076,4213.89
1767992400000,2.076,2.076,2.073,2.074,1249.1
1767992460000,2.075,2.076,2.075,2.075,286.34
1767992520000,2.075,2.077,2.075,2.077,576.04
1767992580000,2.076,2.076,2.076,2.076,477.26
1767992640000,2.075,2.075,2.073,2.075,1154.92
1767992700000,2.076,2.077,2.073,2.075,7565.41
1767992760000,2.074,2.074,2.072,2.072,4574.4
1767992820000,2.072,2.078,2.071,2.078,6755.65
1767992880000,2.077,2.082,2.076,2.081,3495.21
1767992940000,2.08,2.081,2.079,2.081,4814.92
1767993000000,2.082,2.082,2.077,2.078,742.49
1767993060000,2.078,2.078,2.077,2.077,311.82
1767993120000,2.078,2.08,2.078,2.079,961.43
1767993180000,2.078,2.078,2.076,2.076,1099.85
1767993240000,2.076,2.078,2.076,2.078,2017.5
1767993300000,2.078,2.078,2.077,2.078,1106.48
1767993360000,2.077,2.077,2.075,2.076,1770.36
1767993420000,2.077,2.08,2.077,2.08,410.95
1767993480000,2.08,2.08,2.079,2.08,1028.9
1767993540000,2.08,2.081,2.08,2.081,1915.27
1767993600000,2.081,2.082,2.081,2.082,765.7
1767993660000,2.082,2.082,2.079,2.081,1256.92
1767993720000,2.081,2.082,2.081,2.081,619.49
1767993780000,2.082,2.083,2.082,2.082,1117.47
1767993840000,2.082,2.082,2.082,2.082,0.0
1767993900000,2.081,2.083,2.081,2.083,1368.68
1767993960000,2.082,2.084,2.082,2.083,1243.41
1767994020000,2.084,2.09,2.083,2.086,29942.68
1767994080000,2.086,2.092,2.086,2.091,15562.43
1767994140000,2.091,2.091,2.089,2.089,947.05
1767994200000,2.088,2.089,2.088,2.089,538.92
1767994260000,2.088,2.094,2.088,2.093,4567.52
1767994320000,2.094,2.094,2.092,2.092,2937.54
1767994380000,2.092,2.094,2.089,2.089,833.43
1767994440000,2.089,2.089,2.086,2.086,365.02
1767994500000,2.086,2.086,2.086,2.086,99.12
1767994560000,2.085,2.085,2.077,2.082,41052.5
1767994620000,2.082,2.083,2.082,2.082,4001.85
1767994680000,2.082,2.082,2.08,2.082,5272.26
1767994740000,2.082,2.084,2.082,2.084,2656.37
1767994800000,2.084,2.084,2.083,2.083,51.54
1767994860000,2.083,2.083,2.083,2.083,0.0
1767994920000,2.083,2.083,2.083,2.083,866.49
1767994980000,2.084,2.085,2.084,2.085,99.4
1767995040000,2.085,2.085,2.085,2.085,95.09
1767995100000,2.085,2.086,2.084,2.084,6590.9
1767995160000,2.084,2.084,2.084,2.084,409.17
1767995220000,2.085,2.085,2.085,2.085,12.37
1767995280000,2.085,2.086,2.085,2.086,31.45
1767995340000,2.085,2.085,2.084,2.084,22.86
1767995400000,2.085,2.086,2.084,2.085,498.07
1767995460000,2.086,2.086,2.084,2.086,1680.66
1767995520000,2.086,2.086,2.083,2.083,690.71
1767995580000,2.083,2.085,2.083,2.085,4132.27
1767995640000,2.086,2.086,2.085,2.086,1499.93
1767995700000,2.087,2.087,2.087,2.087,2.87
1767995760000,2.086,2.087,2.086,2.087,1581.42
1767995820000,2.086,2.088,2.086,2.087,3274.37
1767995880000,2.086,2.086,2.086,2.086,3.54
1767995940000,2.087,2.087,2.086,2.087,286.87
1767996000000,2.086,2.086,2.084,2.085,4767.04
1767996060000,2.086,2.086,2.086,2.086,865.25
1767996120000,2.086,2.086,2.083,2.083,1319.71
1767996180000,2.084,2.086,2.084,2.086,194.91
1767996240000,2.085,2.085,2.085,2.085,9.79
1767996300000,2.085,2.085,2.083,2.083,913.58
1767996360000,2.082,2.082,2.082,2.082,3.41
1767996420000,2.082,2.084,2.082,2.084,5109.32
1767996480000,2.085,2.087,2.085,2.087,310.22
1767996540000,2.086,2.087,2.086,2.087,221.52
1767996600000,2.088,2.089,2.087,2.087,3160.9
1767996660000,2.087,2.088,2.087,2.088,856.05
1767996720000,2.087,2.087,2.086,2.086,3095.32
1767996780000,2.086,2.086,2.081,2.083,8497.02
1767996840000,2.082,2.084,2.082,2.084,414.6
1767996900000,2.084,2.084,2.083,2.083,31.56
1767996960000,2.084,2.087,2.084,2.086,6444.42
1767997020000,2.086,2.087,2.085,2.085,1822.46
1767997080000,2.085,2.085,2.084,2.084,413.63
1767997140000,2.083,2.086,2.082,2.086,326.48
1767997200000,2.086,2.086,2.085,2.086,437.87
1767997260000,2.084,2.084,2.083,2.083,17.31
1767997320000,2.084,2.086,2.083,2.086,2463.05
1767997380000,2.086,2.086,2.085,2.085,262.7
1767997440000,2.084,2.084,2.083,2.084,2383.11
1767997500000,2.083,2.083,2.081,2.081,438.8
1767997560000,2.08,2.081,2.079,2.081,1472.14
1767997620000,2.08,2.08,2.079,2.079,13.69
1767997680000,2.08,2.081,2.08,2.081,404.62
1767997740000,2.081,2.087,2.081,2.086,2286.42
1767997800000,2.087,2.087,2.085,2.085,471.85
1767997860000,2.086,2.09,2.086,2.088,614.37
1767997920000,2.088,2.089,2.088,2.089,310.92
1767997980000,2.088,2.093,2.088,2.093,4901.27
1767998040000,2.093,2.095,2.092,2.093,3943.99
1767998100000,2.092,2.093,2.092,2.093,259.15
1767998160000,2.092,2.092,2.091,2.091,1857.54
1767998220000,2.09,2.09,2.089,2.089,283.33
1767998280000,2.09,2.091,2.09,2.09,1796.89
1767998340000,2.091,2.092,2.091,2.092,1644.23
1767998400000,2.092,2.092,2.089,2.092,4175.34
1767998460000,2.091,2.091,2.09,2.09,103.0
1767998520000,2.09,2.091,2.088,2.088,344.23
1767998580000,2.088,2.088,2.088,2.088,1394.36
1767998640000,2.088,2.088,2.088,2.088,7.87
1767998700000,2.088,2.088,2.087,2.088,63.73
1767998760000,2.088,2.088,2.087,2.087,65.09
1767998820000,2.087,2.088,2.087,2.088,81.62
1767998880000,2.088,2.089,2.088,2.089,20.1
1767998940000,2.09,2.091,2.089,2.09,4380.93
1767999000000,2.09,2.09,2.088,2.088,1154.45
1767999060000,2.088,2.089,2.087,2.088,2596.92
1767999120000,2.088,2.092,2.088,2.09,12396.63
1767999180000,2.09,2.091,2.09,2.09,5954.29
1767999240000,2.091,2.091,2.089,2.089,1618.76
1767999300000,2.089,2.09,2.089,2.09,855.42
1767999360000,2.09,2.09,2.09,2.09,23.36
1767999420000,2.09,2.091,2.09,2.09,1287.39
1767999480000,2.09,2.09,2.089,2.09,754.99
1767999540000,2.09,2.09,2.09,2.09,16.41
1767999600000,2.09,2.09,2.089,2.09,1711.71
1767999660000,2.089,2.09,2.087,2.09,4095.2
1767999720000,2.089,2.092,2.088,2.092,6162.01
1767999780000,2.092,2.092,2.09,2.09,1285.22
1767999840000,2.09,2.091,2.09,2.09,1856.36
1767999900000,2.09,2.091,2.089,2.089,3296.53
1767999960000,2.09,2.091,2.089,2.091,105.87
1768000020000,2.092,2.092,2.092,2.092,17.81
1768000080000,2.092,2.092,2.09,2.091,226.52
1768000140000,2.091,2.091,2.089,2.089,59.83
1768000200000,2.089,2.091,2.089,2.091,134.76
1768000260000,2.091,2.093,2.091,2.092,3831.0
1768000320000,2.092,2.092,2.09,2.091,1362.53
1768000380000,2.091,2.091,2.091,2.091,49.73
1768000440000,2.091,2.091,2.091,2.091,5.05
1768000500000,2.091,2.091,2.09,2.09,1193.43
1768000560000,2.09,2.091,2.09,2.091,985.62
1768000620000,2.091,2.091,2.091,2.091,538.03
1768000680000,2.091,2.091,2.089,2.089,718.42
1768000740000,2.088,2.088,2.088,2.088,302.6
1768000800000,2.088,2.088,2.088,2.088,10.08
1768000860000,2.088,2.088,2.088,2.088,0.0
1768000920000,2.088,2.09,2.088,2.09,1142.1
1768000980000,2.09,2.09,2.089,2.089,490.53
1768001040000,2.088,2.091,2.088,2.091,494.84
1768001100000,2.091,2.092,2.091,2.092,340.71
1768001160000,2.091,2.093,2.091,2.093,198.95
1768001220000,2.093,2.093,2.092,2.092,304.7
1768001280000,2.091,2.091,2.091,2.091,33.99
1768001340000,2.091,2.091,2.09,2.09,1241.54
1768001400000,2.09,2.09,2.088,2.089,208.27
1768001460000,2.088,2.088,2.087,2.088,470.94
1768001520000,2.088,2.089,2.088,2.089,269.7
1768001580000,2.089,2.089,2.089,2.089,586.29
1768001640000,2.089,2.09,2.089,2.089,128.11
1768001700000,2.089,2.09,2.089,2.09,186.52
1768001760000,2.089,2.089,2.088,2.088,611.01
1768001820000,2.088,2.088,2.087,2.087,2031.17
1768001880000,2.087,2.088,2.085,2.085,1302.96
1768001940000,2.084,2.084,2.083,2.084,1241.34
1768002000000,2.084,2.084,2.084,2.084,50.1
1768002060000,2.085,2.086,2.084,2.086,849.51
1768002120000,2.086,2.086,2.085,2.085,1066.01
1768002180000,2.084,2.085,2.084,2.085,653.95
1768002240000,2.085,2.085,2.085,2.085,192.18
1768002300000,2.084,2.085,2.084,2.085,187.6
1768002360000,2.084,2.084,2.084,2.084,644.26
1768002420000,2.084,2.085,2.084,2.085,360.48
1768002480000,2.085,2.086,2.085,2.086,323.69
1768002540000,2.086,2.086,2.084,2.085,236.65
1768002600000,2.085,2.085,2.084,2.084,820.89
1768002660000,2.084,2.086,2.084,2.085,290.04
1768002720000,2.084,2.084,2.081,2.082,4937.09
1768002780000,2.082,2.082,2.082,2.082,104.22
1768002840000,2.081,2.083,2.081,2.083,515.45
1768002900000,2.082,2.082,2.08,2.082,749.4
1768002960000,2.081,2.081,2.081,2.081,384.03
1768003020000,2.081,2.082,2.081,2.082,716.13
1768003080000,2.082,2.083,2.082,2.083,311.87
1768003140000,2.084,2.084,2.083,2.083,297.37
1768003200000,2.083,2.085,2.083,2.085,3607.99
1768003260000,2.084,2.084,2.084,2.084,22.42
1768003320000,2.084,2.087,2.084,2.087,467.95
1768003380000,2.086,2.086,2.085,2.085,34.69
1768003440000,2.085,2.085,2.084,2.084,4806.86
1768003500000,2.084,2.085,2.084,2.084,127.54
1768003560000,2.084,2.084,2.083,2.083,1305.35
1768003620000,2.084,2.084,2.084,2.084,55.79
1768003680000,2.084,2.084,2.084,2.084,37.45
1768003740000,2.084,2.085,2.084,2.084,30.63
1768003800000,2.084,2.084,2.083,2.083,804.58
1768003860000,2.083,2.084,2.083,2.084,952.88
1768003920000,2.083,2.083,2.082,2.083,1019.94
1768003980000,2.082,2.082,2.081,2.081,717.82
1768004040000,2.081,2.081,2.081,2.081,357.88
1768004100000,2.08,2.081,2.08,2.081,118.97
1768004160000,2.08,2.081,2.079,2.079,1454.72
1768004220000,2.08,2.08,2.08,2.08,5.42
1768004280000,2.08,2.082,2.08,2.082,475.91
1768004340000,2.081,2.081,2.08,2.081,429.22
1768004400000,2.081,2.082,2.081,2.082,499.31
1768004460000,2.082,2.082,2.079,2.079,455.98
1768004520000,2.078,2.08,2.078,2.08,1241.09
1768004580000,2.08,2.08,2.08,2.08,7.59
1768004640000,2.081,2.081,2.081,2.081,85.76
1768004700000,2.082,2.082,2.081,2.082,86.37
1768004760000,2.081,2.081,2.081,2.081,7.96
1768004820000,2.082,2.082,2.082,2.082,122.17
1768004880000,2.083,2.083,2.083,2.083,40.03
1768004940000,2.084,2.084,2.084,2.084,281.45
1768005000000,2.085,2.085,2.085,2.085,20.46
1768005060000,2.085,2.086,2.085,2.085,964.87
1768005120000,2.084,2.084,2.084,2.084,131.61
1768005180000,2.085,2.085,2.085,2.085,12.14
1768005240000,2.085,2.085,2.084,2.084,222.88
1768005300000,2.083,2.083,2.083,2.083,652.26
1768005360000,2.083,2.083,2.082,2.082,255.6
1768005420000,2.082,2.082,2.081,2.082,252.47
1768005480000,2.082,2.082,2.082,2.082,0.0
1768005540000,2.082,2.082,2.081,2.081,405.55
1768005600000,2.082,2.083,2.082,2.083,131.28
1768005660000,2.083,2.083,2.083,2.083,457.37
1768005720000,2.082,2.082,2.082,2.082,20.16
1768005780000,2.081,2.081,2.081,2.081,31.57
1768005840000,2.08,2.08,2.08,2.08,157.24
1768005900000,2.08,2.08,2.08,2.08,12.72
1768005960000,2.079,2.079,2.078,2.078,870.32
1768006020000,2.078,2.08,2.077,2.08,604.04
1768006080000,2.079,2.08,2.079,2.08,6.69
1768006140000,2.08,2.08,2.079,2.079,173.73
1768006200000,2.078,2.08,2.078,2.079,247.96
1768006260000,2.079,2.079,2.079,2.079,74.82
1768006320000,2.079,2.079,2.079,2.079,52.58
1768006380000,2.079,2.079,2.079,2.079,372.02
1768006440000,2.078,2.078,2.078,2.078,4.86
1768006500000,2.079,2.079,2.077,2.077,158.03
1768006560000,2.078,2.079,2.078,2.079,1373.41
1768006620000,2.078,2.079,2.078,2.079,169.72
1768006680000,2.079,2.079,2.079,2.079,9.12
1768006740000,2.079,2.08,2.079,2.08,212.78
1768006800000,2.08,2.08,2.08,2.08,369.1
1768006860000,2.081,2.083,2.081,2.083,1701.72
1768006920000,2.083,2.084,2.083,2.083,127.71
1768006980000,2.083,2.083,2.083,2.083,248.35
1768007040000,2.083,2.083,2.083,2.083,9.89
1768007100000,2.083,2.083,2.083,2.083,4.94
1768007160000,2.084,2.086,2.084,2.086,531.91
1768007220000,2.085,2.085,2.082,2.083,1080.94
1768007280000,2.083,2.084,2.083,2.084,316.63
1768007340000,2.084,2.085,2.083,2.083,438.34
1768007400000,2.082,2.083,2.082,2.083,162.18
1768007460000,2.082,2.082,2.08,2.08,533.84
1768007520000,2.081,2.082,2.081,2.082,598.31
1768007580000,2.082,2.082,2.082,2.082,46.53
1768007640000,2.083,2.084,2.083,2.084,190.84
1768007700000,2.084,2.084,2.084,2.084,30.65
1768007760000,2.085,2.086,2.085,2.085,57.55
1768007820000,2.086,2.086,2.085,2.086,78.75
1768007880000,2.087,2.087,2.086,2.086,310.95
1768007940000,2.086,2.086,2.085,2.086,173.35
1768008000000,2.085,2.086,2.084,2.085,384.33
1768008060000,2.086,2.087,2.085,2.087,327.09
1768008120000,2.087,2.089,2.087,2.087,1413.52
1768008180000,2.086,2.086,2.086,2.086,67.86
1768008240000,2.086,2.086,2.086,2.086,0.0
1768008300000,2.086,2.087,2.085,2.087,396.62
1768008360000,2.087,2.087,2.087,2.087,73.03
1768008420000,2.087,2.088,2.086,2.086,855.4
1768008480000,2.087,2.088,2.087,2.088,147.16
1768008540000,2.088,2.088,2.088,2.088,0.0
1768008600000,2.087,2.087,2.087,2.087,358.89
1768008660000,2.086,2.087,2.086,2.087,37.59
1768008720000,2.088,2.09,2.088,2.09,890.49
1768008780000,2.09,2.091,2.09,2.09,120.8
1768008840000,2.09,2.09,2.09,2.09,279.31
1768008900000,2.09,2.09,2.089,2.09,424.77
1768008960000,2.088,2.089,2.088,2.089,34.57
1768009020000,2.089,2.089,2.089,2.089,582.05
1768009080000,2.09,2.09,2.089,2.09,5868.09
1768009140000,2.09,2.091,2.088,2.088,240.54
1768009200000,2.089,2.089,2.089,2.089,112.59
1768009260000,2.088,2.091,2.088,2.091,314.34
1768009320000,2.091,2.091,2.091,2.091,0.0
1768009380000,2.09,2.09,2.09,2.09,10.72
1768009440000,2.09,2.091,2.09,2.091,1165.6
1768009500000,2.091,2.093,2.091,2.093,395.16
1768009560000,2.093,2.093,2.092,2.092,61.14
1768009620000,2.091,2.091,2.091,2.091,584.3
1768009680000,2.091,2.091,2.09,2.091,139.3
1768009740000,2.091,2.091,2.09,2.091,976.03
1768009800000,2.091,2.092,2.091,2.091,1707.66
1768009860000,2.09,2.09,2.09,2.09,525.39
1768009920000,2.089,2.09,2.088,2.088,259.73
1768009980000,2.088,2.089,2.087,2.087,1765.82
1768010040000,2.087,2.088,2.086,2.088,1991.03
1768010100000,2.087,2.089,2.087,2.088,1186.98
1768010160000,2.087,2.087,2.087,2.087,14.16
1768010220000,2.087,2.088,2.087,2.088,62.93
1768010280000,2.088,2.088,2.088,2.088,208.18
1768010340000,2.088,2.088,2.088,2.088,73.63
1768010400000,2.088,2.088,2.088,2.088,30.78
1768010460000,2.088,2.089,2.088,2.088,360.33
1768010520000,2.087,2.088,2.087,2.087,50.34
1768010580000,2.087,2.088,2.087,2.088,61.65
1768010640000,2.088,2.088,2.087,2.087,548.78
1768010700000,2.087,2.087,2.086,2.087,46.95
1768010760000,2.086,2.087,2.086,2.086,774.52
1768010820000,2.085,2.085,2.085,2.085,156.54
1768010880000,2.084,2.084,2.084,2.084,670.26
1768010940000,2.083,2.083,2.083,2.083,19.64
1768011000000,2.084,2.084,2.083,2.084,484.84
1768011060000,2.083,2.083,2.083,2.083,57.43
1768011120000,2.084,2.085,2.084,2.085,282.57
1768011180000,2.086,2.086,2.086,2.086,169.45
1768011240000,2.086,2.086,2.086,2.086,1218.41
1768011300000,2.086,2.086,2.085,2.085,1267.28
1768011360000,2.084,2.085,2.083,2.083,322.93
1768011420000,2.083,2.083,2.083,2.083,362.88
1768011480000,2.084,2.084,2.083,2.084,546.37
1768011540000,2.084,2.084,2.083,2.083,1239.16
1768011600000,2.084,2.084,2.083,2.083,515.12
1768011660000,2.083,2.083,2.082,2.083,169.53
1768011720000,2.083,2.086,2.083,2.086,196.03
1768011780000,2.085,2.086,2.085,2.086,121.47
1768011840000,2.086,2.086,2.083,2.083,146.46
1768011900000,2.083,2.084,2.083,2.084,13270.5
1768011960000,2.084,2.084,2.083,2.083,1145.35
1768012020000,2.084,2.084,2.083,2.083,1256.56
1768012080000,2.083,2.083,2.083,2.083,41.04
1768012140000,2.083,2.083,2.083,2.083,0.0
1768012200000,2.083,2.083,2.083,2.083,598.64
1768012260000,2.082,2.082,2.082,2.082,365.08
1768012320000,2.081,2.081,2.081,2.081,577.09
1768012380000,2.081,2.082,2.081,2.081,1673.67
1768012440000,2.081,2.081,2.08,2.08,586.66
1768012500000,2.08,2.08,2.079,2.079,783.07
1768012560000,2.08,2.08,2.078,2.078,484.67
1768012620000,2.078,2.078,2.076,2.078,1017.31
1768012680000,2.076,2.077,2.073,2.074,14562.69
1768012740000,2.074,2.075,2.074,2.074,1283.39
1768012800000,2.075,2.075,2.075,2.075,408.22
1768012860000,2.075,2.075,2.071,2.072,2170.99
1768012920000,2.072,2.073,2.072,2.073,554.22
1768012980000,2.073,2.074,2.073,2.074,53.67
1768013040000,2.074,2.074,2.074,2.074,0.0
1768013100000,2.074,2.075,2.074,2.075,885.71
1768013160000,2.074,2.076,2.074,2.076,167.19
1768013220000,2.075,2.075,2.072,2.072,722.92
1768013280000,2.072,2.074,2.072,2.074,434.73
1768013340000,2.074,2.075,2.074,2.075,71.18
1768013400000,2.075,2.075,2.075,2.075,830.09
1768013460000,2.075,2.076,2.074,2.075,981.33
1768013520000,2.074,2.076,2.074,2.075,223.55
1768013580000,2.075,2.076,2.075,2.076,34.95
1768013640000,2.075,2.076,2.075,2.075,22.89
1768013700000,2.075,2.077,2.075,2.077,421.78
1768013760000,2.076,2.077,2.076,2.077,1002.19
1768013820000,2.077,2.077,2.075,2.075,445.34
1768013880000,2.076,2.076,2.076,2.076,595.1
1768013940000,2.076,2.076,2.076,2.076,0.0
1768014000000,2.076,2.077,2.076,2.077,58.84
1768014060000,2.077,2.077,2.077,2.077,221.94
1768014120000,2.076,2.076,2.074,2.076,256.02
1768014180000,2.076,2.076,2.076,2.076,0.0
1768014240000,2.076,2.076,2.076,2.076,0.0
1768014300000,2.075,2.075,2.075,2.075,60.42
1768014360000,2.075,2.075,2.072,2.072,2867.27
1768014420000,2.071,2.071,2.069,2.071,6927.77
1768014480000,2.07,2.071,2.069,2.07,1306.11
1768014540000,2.07,2.071,2.07,2.071,79.99
1768014600000,2.07,2.071,2.069,2.071,1578.35
1768014660000,2.072,2.073,2.072,2.073,1075.85
1768014720000,2.072,2.073,2.072,2.073,272.84
1768014780000,2.072,2.072,2.071,2.071,1695.01
1768014840000,2.071,2.072,2.071,2.071,872.2
1768014900000,2.071,2.072,2.071,2.072,547.03
1768014960000,2.072,2.075,2.072,2.074,1650.58
1768015020000,2.073,2.073,2.072,2.073,390.76
1768015080000,2.074,2.074,2.074,2.074,1508.52
1768015140000,2.074,2.076,2.074,2.076,349.5
1768015200000,2.075,2.075,2.074,2.074,409.51
1768015260000,2.073,2.074,2.073,2.074,142.98
1768015320000,2.074,2.076,2.074,2.076,219.68
1768015380000,2.075,2.075,2.075,2.075,107.05
1768015440000,2.075,2.076,2.075,2.075,419.95
1768015500000,2.074,2.076,2.074,2.076,232.19
1768015560000,2.077,2.077,2.077,2.077,76.4
1768015620000,2.077,2.078,2.077,2.078,690.25
1768015680000,2.078,2.078,2.078,2.078,3912.24
1768015740000,2.078,2.079,2.077,2.079,337.18
1768015800000,2.079,2.08,2.078,2.078,1438.35
1768015860000,2.078,2.08,2.078,2.079,695.08
1768015920000,2.078,2.079,2.077,2.079,808.48
1768015980000,2.078,2.078,2.076,2.077,175.41
1768016040000,2.076,2.078,2.076,2.078,5687.52
1768016100000,2.078,2.078,2.075,2.076,2018.65
1768016160000,2.075,2.077,2.075,2.077,338.55
1768016220000,2.076,2.077,2.076,2.077,687.17
1768016280000,2.077,2.077,2.076,2.077,323.73
1768016340000,2.076,2.078,2.076,2.078,242.16
1768016400000,2.077,2.08,2.077,2.08,10600.48
1768016460000,2.081,2.081,2.08,2.081,664.77
1768016520000,2.082,2.082,2.082,2.082,1775.64
1768016580000,2.082,2.082,2.08,2.08,194.39
1768016640000,2.08,2.082,2.08,2.082,1652.87
1768016700000,2.082,2.083,2.082,2.083,71.94
1768016760000,2.083,2.084,2.083,2.084,1243.05
1768016820000,2.085,2.086,2.084,2.086,2043.41
1768016880000,2.086,2.086,2.086,2.086,382.19
1768016940000,2.087,2.087,2.086,2.086,3428.76
1768017000000,2.086,2.087,2.086,2.086,2319.85
1768017060000,2.086,2.087,2.085,2.086,531.16
1768017120000,2.086,2.087,2.086,2.087,143.56
1768017180000,2.087,2.088,2.087,2.087,84.01
1768017240000,2.087,2.089,2.087,2.089,1448.47
1768017300000,2.088,2.09,2.088,2.089,13233.07
1768017360000,2.089,2.089,2.089,2.089,982.49
1768017420000,2.089,2.09,2.089,2.09,51.03
1768017480000,2.09,2.09,2.09,2.09,969.55
1768017540000,2.09,2.09,2.089,2.09,877.27
1768017600000,2.09,2.09,2.089,2.089,1091.36
1768017660000,2.09,2.09,2.09,2.09,999.17
1768017720000,2.09,2.091,2.089,2.089,652.93
1768017780000,2.089,2.089,2.086,2.086,933.88
1768017840000,2.087,2.087,2.086,2.086,1193.68
1768017900000,2.085,2.085,2.083,2.083,1975.96
1768017960000,2.082,2.083,2.08,2.083,499.65
1768018020000,2.082,2.082,2.08,2.082,1654.38
1768018080000,2.081,2.081,2.079,2.081,1471.48
1768018140000,2.081,2.083,2.08,2.083,599.01
1768018200000,2.083,2.085,2.082,2.084,1642.61
1768018260000,2.084,2.084,2.081,2.081,215.38
1768018320000,2.081,2.081,2.081,2.081,78.19
1768018380000,2.082,2.083,2.081,2.082,343.09
1768018440000,2.082,2.082,2.08,2.08,230.33
1768018500000,2.08,2.082,2.08,2.082,625.73
1768018560000,2.082,2.082,2.082,2.082,403.83
1768018620000,2.082,2.082,2.082,2.082,67.57
1768018680000,2.082,2.082,2.081,2.081,15.74
1768018740000,2.081,2.081,2.08,2.08,33.77
1768018800000,2.081,2.081,2.079,2.079,349.84
1768018860000,2.08,2.08,2.079,2.079,640.64
1768018920000,2.08,2.08,2.08,2.08,264.94
1768018980000,2.081,2.081,2.08,2.08,524.87
1768019040000,2.079,2.08,2.079,2.079,124.61
1768019100000,2.078,2.078,2.078,2.078,3.61
1768019160000,2.078,2.079,2.078,2.079,98.04
1768019220000,2.079,2.079,2.078,2.078,21.19
1768019280000,2.079,2.079,2.079,2.079,58.59
1768019340000,2.08,2.08,2.079,2.08,861.52
1768019400000,2.081,2.082,2.081,2.081,274.83
1768019460000,2.081,2.081,2.08,2.08,553.56
1768019520000,2.081,2.081,2.081,2.081,145.86
1768019580000,2.081,2.081,2.08,2.081,504.41
1768019640000,2.081,2.081,2.081,2.081,118.53
1768019700000,2.082,2.083,2.082,2.083,553.7
1768019760000,2.082,2.082,2.08,2.08,269.21
1768019820000,2.081,2.082,2.081,2.081,504.28
1768019880000,2.081,2.081,2.08,2.081,1189.82
1768019940000,2.082,2.083,2.082,2.083,757.8
1768020000000,2.082,2.083,2.082,2.083,208.95
1768020060000,2.084,2.084,2.084,2.084,1322.01
1768020120000,2.085,2.085,2.084,2.085,385.76
1768020180000,2.084,2.085,2.084,2.085,265.39
1768020240000,2.085,2.086,2.085,2.086,210.72
1768020300000,2.086,2.086,2.084,2.085,943.19
1768020360000,2.084,2.084,2.083,2.083,1308.9
1768020420000,2.083,2.083,2.083,2.083,415.94
1768020480000,2.082,2.082,2.082,2.082,27.29
1768020540000,2.083,2.085,2.083,2.084,296.96
1768020600000,2.084,2.086,2.083,2.085,454.53
1768020660000,2.084,2.084,2.082,2.083,121.0
1768020720000,2.082,2.083,2.082,2.083,65.64
1768020780000,2.083,2.084,2.082,2.082,175.28
1768020840000,2.083,2.087,2.083,2.085,8445.08
1768020900000,2.086,2.091,2.086,2.091,3908.46
1768020960000,2.091,2.091,2.087,2.087,5742.34
1768021020000,2.087,2.087,2.087,2.087,4638.47
1768021080000,2.087,2.087,2.086,2.086,1924.93
1768021140000,2.086,2.086,2.086,2.086,1514.31
1768021200000,2.086,2.089,2.086,2.089,50.42
1768021260000,2.089,2.089,2.089,2.089,1544.16
1768021320000,2.088,2.088,2.087,2.088,492.92
1768021380000,2.088,2.088,2.087,2.087,2078.81
1768021440000,2.086,2.086,2.085,2.086,333.96
1768021500000,2.087,2.087,2.086,2.086,186.04
1768021560000,2.086,2.086,2.086,2.086,47.85
1768021620000,2.087,2.089,2.087,2.088,214.48
1768021680000,2.088,2.088,2.088,2.088,4.41
1768021740000,2.088,2.089,2.088,2.089,387.32
1768021800000,2.089,2.09,2.088,2.09,1362.55
1768021860000,2.089,2.09,2.089,2.089,782.85
1768021920000,2.088,2.088,2.086,2.086,887.25
1768021980000,2.086,2.087,2.085,2.087,1837.77
1768022040000,2.087,2.088,2.087,2.088,1774.15
1768022100000,2.089,2.089,2.089,2.089,328.8
1768022160000,2.089,2.089,2.087,2.088,1938.95
1768022220000,2.088,2.088,2.088,2.088,374.99
1768022280000,2.088,2.088,2.088,2.088,2.76
1768022340000,2.088,2.088,2.087,2.087,31.95
1768022400000,2.087,2.087,2.086,2.086,1954.53
1768022460000,2.087,2.087,2.087,2.087,218.65
1768022520000,2.086,2.086,2.086,2.086,19.41
1768022580000,2.086,2.086,2.085,2.085,722.95
1768022640000,2.086,2.086,2.086,2.086,224.3
1768022700000,2.086,2.087,2.086,2.086,221.59
1768022760000,2.086,2.088,2.086,2.088,213.44
1768022820000,2.087,2.087,2.086,2.086,327.39
1768022880000,2.087,2.087,2.086,2.086,13.53
1768022940000,2.086,2.087,2.086,2.087,764.87
1768023000000,2.088,2.088,2.088,2.088,135.32
1768023060000,2.088,2.088,2.086,2.086,1676.89
1768023120000,2.087,2.087,2.086,2.086,131.52
1768023180000,2.086,2.086,2.086,2.086,161.95
1768023240000,2.086,2.087,2.086,2.087,1146.86
1768023300000,2.088,2.088,2.088,2.088,662.73
1768023360000,2.089,2.09,2.089,2.09,1280.26
1768023420000,2.09,2.092,2.09,2.092,2086.82
1768023480000,2.092,2.093,2.092,2.093,967.64
1768023540000,2.092,2.094,2.092,2.093,1767.79
1768023600000,2.092,2.094,2.092,2.094,3224.48
1768023660000,2.094,2.095,2.093,2.094,2600.55
1768023720000,2.094,2.094,2.093,2.094,4046.83
1768023780000,2.094,2.094,2.092,2.092,2615.9
1768023840000,2.092,2.092,2.09,2.09,2563.03
1768023900000,2.09,2.091,2.088,2.088,5139.22
1768023960000,2.089,2.089,2.087,2.087,4433.59
1768024020000,2.088,2.088,2.085,2.085,5496.19
1768024080000,2.085,2.086,2.085,2.086,4464.58
1768024140000,2.085,2.086,2.085,2.085,3296.5
1768024200000,2.085,2.085,2.083,2.083,1387.29
1768024260000,2.084,2.085,2.083,2.085,2386.66
1768024320000,2.085,2.085,2.084,2.085,1407.59
1768024380000,2.085,2.086,2.085,2.086,722.17
1768024440000,2.086,2.087,2.085,2.086,645.05
1768024500000,2.086,2.087,2.086,2.086,67.56
1768024560000,2.086,2.087,2.086,2.087,1167.91
1768024620000,2.087,2.087,2.086,2.086,76.15
1768024680000,2.087,2.087,2.086,2.086,716.51
1768024740000,2.085,2.085,2.085,2.085,702.8
1768024800000,2.085,2.086,2.084,2.085,230.12
1768024860000,2.086,2.087,2.086,2.086,191.65
1768024920000,2.086,2.087,2.086,2.086,498.8
1768024980000,2.086,2.086,2.086,2.086,373.99
1768025040000,2.085,2.085,2.085,2.085,9.85
1768025100000,2.085,2.087,2.085,2.086,938.04
1768025160000,2.086,2.086,2.086,2.086,374.15
1768025220000,2.086,2.086,2.085,2.085,137.36
1768025280000,2.085,2.086,2.085,2.086,757.47
1768025340000,2.086,2.086,2.086,2.086,801.55
1768025400000,2.086,2.086,2.086,2.086,23.94
1768025460000,2.086,2.086,2.085,2.085,477.36
1768025520000,2.085,2.085,2.085,2.085,265.39
1768025580000,2.085,2.085,2.084,2.084,114.07
1768025640000,2.083,2.085,2.083,2.084,539.61
1768025700000,2.084,2.085,2.083,2.084,519.39
1768025760000,2.084,2.085,2.081,2.081,3493.38
1768025820000,2.081,2.082,2.08,2.081,4093.6
1768025880000,2.08,2.082,2.08,2.081,391.53
1768025940000,2.081,2.081,2.077,2.078,3428.24
1768026000000,2.078,2.078,2.077,2.077,1013.75
1768026060000,2.078,2.078,2.076,2.077,306.64
1768026120000,2.077,2.078,2.077,2.078,193.54
1768026180000,2.078,2.078,2.077,2.077,702.99
1768026240000,2.078,2.079,2.078,2.079,929.32
1768026300000,2.079,2.08,2.079,2.08,475.87
1768026360000,2.08,2.081,2.079,2.081,160.17
1768026420000,2.081,2.081,2.081,2.081,364.4
1768026480000,2.082,2.083,2.082,2.083,200.6
1768026540000,2.083,2.084,2.083,2.084,935.82
1768026600000,2.084,2.084,2.083,2.083,289.86
1768026660000,2.082,2.082,2.081,2.081,223.83
1768026720000,2.08,2.081,2.08,2.081,326.02
1768026780000,2.081,2.082,2.081,2.082,386.14
1768026840000,2.083,2.083,2.082,2.083,412.61
1768026900000,2.082,2.083,2.082,2.083,503.24
1768026960000,2.084,2.084,2.084,2.084,338.38
1768027020000,2.084,2.086,2.084,2.085,915.79
1768027080000,2.086,2.087,2.086,2.087,2436.69
1768027140000,2.087,2.087,2.087,2.087,822.74
1768027200000,2.088,2.088,2.087,2.088,276.19
1768027260000,2.088,2.088,2.088,2.088,725.65
1768027320000,2.088,2.088,2.087,2.088,822.51
1768027380000,2.089,2.089,2.089,2.089,1337.29
1768027440000,2.089,2.089,2.089,2.089,857.85
1768027500000,2.089,2.091,2.089,2.09,737.66
1768027560000,2.09,2.091,2.09,2.09,1098.08
1768027620000,2.091,2.091,2.091,2.091,179.02
1768027680000,2.091,2.092,2.091,2.091,561.04
1768027740000,2.091,2.092,2.091,2.092,351.1
1768027800000,2.091,2.092,2.091,2.091,636.19
1768027860000,2.09,2.091,2.089,2.091,3876.87
1768027920000,2.091,2.092,2.09,2.09,1113.16
1768027980000,2.09,2.09,2.088,2.089,2897.25
1768028040000,2.089,2.09,2.089,2.089,1956.06
1768028100000,2.089,2.089,2.088,2.088,1709.14
1768028160000,2.088,2.088,2.088,2.088,1601.26
1768028220000,2.088,2.088,2.087,2.088,2985.05
1768028280000,2.087,2.088,2.085,2.088,8762.71
1768028340000,2.087,2.087,2.087,2.087,5989.5
1768028400000,2.087,2.088,2.086,2.088,1143.24
1768028460000,2.088,2.09,2.088,2.09,3215.02
1768028520000,2.09,2.09,2.09,2.09,103.05
1768028580000,2.09,2.091,2.09,2.091,956.61
1768028640000,2.092,2.094,2.092,2.094,1661.49
1768028700000,2.093,2.095,2.092,2.094,755.39
1768028760000,2.095,2.098,2.094,2.097,10368.79
1768028820000,2.097,2.098,2.096,2.098,3508.65
1768028880000,2.097,2.099,2.097,2.098,5494.84
1768028940000,2.098,2.099,2.098,2.099,6186.94
1768029000000,2.098,2.1,2.097,2.099,8541.34
1768029060000,2.1,2.104,2.1,2.103,22870.58
1768029120000,2.104,2.111,2.103,2.111,43491.72
1768029180000,2.111,2.115,2.11,2.115,18012.32
1768029240000,2.114,2.116,2.112,2.115,10122.18
1768029300000,2.115,2.116,2.112,2.113,10325.83
1768029360000,2.113,2.114,2.111,2.112,8185.78
1768029420000,2.112,2.113,2.112,2.112,3988.72
1768029480000,2.112,2.113,2.109,2.11,27829.55
1768029540000,2.111,2.111,2.109,2.109,3155.73
1768029600000,2.109,2.112,2.109,2.11,5445.71
1768029660000,2.11,2.111,2.108,2.108,12290.09
1768029720000,2.109,2.109,2.107,2.107,7444.32
1768029780000,2.107,2.107,2.105,2.106,5497.44
1768029840000,2.106,2.106,2.104,2.104,17649.15
1768029900000,2.105,2.106,2.104,2.105,32978.48
1768029960000,2.105,2.108,2.105,2.107,8793.22
1768030020000,2.108,2.108,2.104,2.104,8727.91
1768030080000,2.105,2.105,2.104,2.105,674.8
1768030140000,2.105,2.105,2.105,2.105,164.76
1768030200000,2.106,2.106,2.104,2.104,467.75
1768030260000,2.103,2.103,2.102,2.103,3287.2
1768030320000,2.103,2.104,2.103,2.104,119.64
1768030380000,2.104,2.105,2.104,2.104,188.78
1768030440000,2.105,2.105,2.104,2.104,737.87
1768030500000,2.105,2.105,2.103,2.103,55.36
1768030560000,2.103,2.105,2.103,2.105,1264.52
1768030620000,2.106,2.106,2.104,2.104,362.84
1768030680000,2.104,2.105,2.103,2.105,304.6
1768030740000,2.105,2.105,2.102,2.102,4076.84
1768030800000,2.102,2.102,2.1,2.101,341.58
1768030860000,2.1,2.101,2.1,2.101,932.62
1768030920000,2.101,2.101,2.101,2.101,41.36
1768030980000,2.101,2.102,2.1,2.1,684.59
1768031040000,2.1,2.102,2.1,2.102,195.37
1768031100000,2.102,2.102,2.102,2.102,0.0
1768031160000,2.103,2.104,2.103,2.104,94.35
1768031220000,2.104,2.106,2.104,2.104,1013.82
1768031280000,2.104,2.104,2.104,2.104,19.52
1768031340000,2.103,2.103,2.102,2.103,1045.05
1768031400000,2.103,2.103,2.102,2.102,61.43
1768031460000,2.102,2.103,2.102,2.103,611.06
1768031520000,2.103,2.103,2.102,2.102,385.33
1768031580000,2.101,2.102,2.1,2.101,13451.28
1768031640000,2.1,2.102,2.1,2.102,2047.97
1768031700000,2.102,2.102,2.102,2.102,427.79
1768031760000,2.103,2.104,2.103,2.104,367.56
1768031820000,2.104,2.104,2.102,2.103,598.32
1768031880000,2.104,2.104,2.102,2.102,74.9
1768031940000,2.102,2.103,2.102,2.103,1489.48
1768032000000,2.102,2.102,2.101,2.101,116.32
1768032060000,2.101,2.102,2.101,2.101,119.85
1768032120000,2.102,2.102,2.102,2.102,32.9
1768032180000,2.102,2.102,2.101,2.101,111.78
1768032240000,2.101,2.102,2.101,2.102,29.27
1768032300000,2.102,2.103,2.102,2.102,435.26
1768032360000,2.102,2.102,2.1,2.101,992.89
1768032420000,2.1,2.101,2.099,2.099,1596.64
1768032480000,2.099,2.099,2.098,2.098,357.54
1768032540000,2.098,2.099,2.098,2.098,363.93
1768032600000,2.098,2.099,2.098,2.099,146.76
1768032660000,2.099,2.099,2.096,2.096,1357.99
1768032720000,2.097,2.098,2.096,2.097,992.36
1768032780000,2.097,2.097,2.096,2.097,2102.96
1768032840000,2.096,2.099,2.095,2.099,133.4
1768032900000,2.099,2.099,2.098,2.099,284.12
1768032960000,2.098,2.098,2.097,2.097,829.25
1768033020000,2.096,2.096,2.091,2.091,4432.63
1768033080000,2.092,2.092,2.091,2.091,1238.23
1768033140000,2.091,2.092,2.09,2.091,1128.78
1768033200000,2.091,2.091,2.091,2.091,1255.18
1768033260000,2.092,2.092,2.091,2.091,1007.39
1768033320000,2.091,2.092,2.091,2.092,438.16
1768033380000,2.091,2.091,2.088,2.088,304.6
1768033440000,2.089,2.09,2.088,2.088,859.07
1768033500000,2.088,2.089,2.088,2.088,208.49
1768033560000,2.089,2.089,2.088,2.089,99.56
1768033620000,2.089,2.089,2.089,2.089,449.2
1768033680000,2.088,2.089,2.086,2.087,5755.93
1768033740000,2.087,2.087,2.085,2.087,1392.26
1768033800000,2.087,2.087,2.086,2.087,435.57
1768033860000,2.086,2.086,2.083,2.084,3761.83
1768033920000,2.083,2.084,2.081,2.083,5354.14
1768033980000,2.083,2.083,2.082,2.083,945.06
1768034040000,2.083,2.085,2.082,2.084,6780.8
1768034100000,2.084,2.085,2.084,2.085,270.05
1768034160000,2.084,2.084,2.083,2.083,789.72
1768034220000,2.083,2.083,2.083,2.083,23.38
1768034280000,2.083,2.084,2.083,2.084,1076.47
1768034340000,2.084,2.085,2.084,2.085,116.78
1768034400000,2.085,2.085,2.085,2.085,426.48
1768034460000,2.085,2.086,2.085,2.085,44.73
1768034520000,2.085,2.085,2.085,2.085,805.92
1768034580000,2.085,2.086,2.084,2.084,607.59
1768034640000,2.084,2.085,2.084,2.084,147.6
1768034700000,2.084,2.085,2.084,2.084,283.67
1768034760000,2.084,2.085,2.084,2.084,934.02
1768034820000,2.084,2.084,2.083,2.083,2201.39
1768034880000,2.083,2.085,2.083,2.083,534.96
1768034940000,2.083,2.083,2.082,2.083,3603.09
1768035000000,2.084,2.084,2.082,2.082,1307.87
1768035060000,2.082,2.082,2.081,2.082,3920.71
1768035120000,2.082,2.082,2.082,2.082,216.97
1768035180000,2.082,2.083,2.082,2.083,84.39
1768035240000,2.083,2.086,2.083,2.086,1106.91
1768035300000,2.086,2.086,2.085,2.085,1025.88
1768035360000,2.085,2.085,2.084,2.085,1019.89
1768035420000,2.086,2.087,2.086,2.087,450.8
1768035480000,2.088,2.089,2.087,2.089,846.17
1768035540000,2.088,2.09,2.088,2.09,91.81
1768035600000,2.091,2.091,2.091,2.091,1224.68
1768035660000,2.092,2.094,2.092,2.094,261.44
1768035720000,2.095,2.095,2.095,2.095,48.79
1768035780000,2.095,2.096,2.094,2.095,11736.69
1768035840000,2.096,2.099,2.096,2.098,6232.86
1768035900000,2.097,2.097,2.096,2.096,800.52
1768035960000,2.096,2.099,2.096,2.099,983.5
1768036020000,2.098,2.098,2.094,2.094,799.31
1768036080000,2.094,2.097,2.093,2.097,6853.88
1768036140000,2.096,2.096,2.093,2.093,1214.62
1768036200000,2.093,2.094,2.093,2.093,1526.86
1768036260000,2.093,2.094,2.093,2.093,3134.54
1768036320000,2.093,2.094,2.093,2.093,3419.52
1768036380000,2.093,2.094,2.093,2.093,4102.39
1768036440000,2.094,2.095,2.093,2.095,2601.44
1768036500000,2.096,2.096,2.096,2.096,305.38
1768036560000,2.096,2.097,2.096,2.097,365.69
1768036620000,2.097,2.097,2.095,2.096,12286.46
1768036680000,2.096,2.097,2.093,2.094,9222.36
1768036740000,2.094,2.099,2.094,2.099,4812.52
1768036800000,2.1,2.102,2.1,2.101,2643.08
1768036860000,2.101,2.101,2.1,2.1,10944.87
1768036920000,2.1,2.102,2.1,2.102,2178.5
1768036980000,2.102,2.103,2.1,2.101,2054.11
1768037040000,2.101,2.101,2.101,2.101,7.5
1768037100000,2.101,2.105,2.101,2.104,5579.92
1768037160000,2.104,2.106,2.103,2.104,4581.19
1768037220000,2.104,2.106,2.104,2.105,3218.93
1768037280000,2.105,2.106,2.104,2.104,2986.83
1768037340000,2.104,2.105,2.104,2.104,1018.5
1768037400000,2.104,2.104,2.103,2.103,517.88
1768037460000,2.103,2.104,2.103,2.103,1405.6
1768037520000,2.104,2.105,2.104,2.105,210.47
1768037580000,2.104,2.105,2.102,2.104,11347.33
1768037640000,2.104,2.104,2.103,2.104,174.84
1768037700000,2.103,2.104,2.103,2.103,1123.22
1768037760000,2.103,2.103,2.102,2.103,4192.19
1768037820000,2.103,2.103,2.103,2.103,5.0
1768037880000,2.104,2.106,2.104,2.104,10175.07
1768037940000,2.104,2.105,2.102,2.103,8839.2
1768038000000,2.104,2.104,2.104,2.104,926.75
1768038060000,2.105,2.105,2.105,2.105,6778.25
1768038120000,2.104,2.105,2.104,2.104,231.35
1768038180000,2.104,2.105,2.104,2.105,252.66
1768038240000,2.104,2.106,2.104,2.106,19254.55
1768038300000,2.105,2.105,2.105,2.105,997.88
1768038360000,2.104,2.105,2.104,2.105,638.29
1768038420000,2.105,2.11,2.105,2.108,18688.82
1768038480000,2.108,2.108,2.105,2.105,1277.01
1768038540000,2.105,2.106,2.104,2.104,1175.42
1768038600000,2.104,2.105,2.103,2.103,342.8
1768038660000,2.103,2.104,2.102,2.103,739.64
1768038720000,2.103,2.105,2.103,2.103,10959.64
1768038780000,2.103,2.104,2.103,2.103,1241.63
1768038840000,2.102,2.104,2.102,2.104,945.75
1768038900000,2.104,2.105,2.104,2.105,3081.38
1768038960000,2.105,2.105,2.104,2.105,216.04
1768039020000,2.105,2.105,2.104,2.105,1444.29
1768039080000,2.105,2.105,2.105,2.105,113.77
1768039140000,2.105,2.107,2.105,2.107,549.91
1768039200000,2.107,2.107,2.106,2.107,159.19
1768039260000,2.106,2.106,2.106,2.106,64.27
1768039320000,2.105,2.105,2.101,2.102,1911.18
1768039380000,2.102,2.103,2.102,2.103,763.58
1768039440000,2.103,2.103,2.103,2.103,134.68
1768039500000,2.102,2.102,2.101,2.101,607.32
1768039560000,2.1,2.101,2.1,2.101,130.85
1768039620000,2.102,2.103,2.102,2.102,1178.57
1768039680000,2.102,2.102,2.1,2.101,18151.24
1768039740000,2.101,2.101,2.101,2.101,3.8
1768039800000,2.101,2.101,2.1,2.101,951.24
1768039860000,2.101,2.101,2.101,2.101,4138.18
1768039920000,2.101,2.102,2.1,2.101,2141.47
1768039980000,2.101,2.101,2.099,2.1,4115.57
1768040040000,2.099,2.1,2.099,2.1,227.44
1768040100000,2.101,2.102,2.101,2.101,1104.79
1768040160000,2.101,2.101,2.101,2.101,564.79
1768040220000,2.1,2.1,2.099,2.1,1637.18
1768040280000,2.1,2.1,2.1,2.1,16.52
1768040340000,2.099,2.101,2.099,2.101,816.17
1768040400000,2.101,2.101,2.101,2.101,30.21
1768040460000,2.101,2.101,2.1,2.101,120.75
1768040520000,2.1,2.1,2.098,2.099,2349.49
1768040580000,2.098,2.099,2.098,2.098,123.95
1768040640000,2.098,2.099,2.098,2.099,390.1
1768040700000,2.098,2.098,2.097,2.098,2888.98
1768040760000,2.097,2.099,2.096,2.098,10564.79
1768040820000,2.098,2.099,2.098,2.099,227.54
1768040880000,2.099,2.1,2.099,2.1,19.31
1768040940000,2.1,2.1,2.1,2.1,0.0
1768041000000,2.099,2.1,2.099,2.1,12.38
1768041060000,2.099,2.099,2.099,2.099,325.82
1768041120000,2.099,2.099,2.099,2.099,426.6
1768041180000,2.099,2.101,2.099,2.101,522.18
1768041240000,2.1,2.1,2.1,2.1,115.3
1768041300000,2.101,2.101,2.101,2.101,222.8
1768041360000,2.1,2.102,2.1,2.102,630.24
1768041420000,2.101,2.102,2.101,2.102,164.92
1768041480000,2.102,2.103,2.102,2.102,1724.99
1768041540000,2.103,2.104,2.103,2.104,129.19
1768041600000,2.105,2.105,2.105,2.105,501.39
1768041660000,2.105,2.105,2.105,2.105,3371.63
1768041720000,2.104,2.105,2.104,2.105,134.44
1768041780000,2.104,2.104,2.102,2.102,160.99
1768041840000,2.103,2.103,2.102,2.102,31.84
1768041900000,2.102,2.103,2.102,2.103,390.78
1768041960000,2.104,2.104,2.104,2.104,18.22
1768042020000,2.104,2.105,2.104,2.105,347.55
1768042080000,2.104,2.105,2.104,2.105,45.18
1768042140000,2.105,2.106,2.105,2.106,377.11
1768042200000,2.106,2.108,2.106,2.107,1282.59
1768042260000,2.107,2.107,2.105,2.105,806.76
1768042320000,2.105,2.106,2.105,2.105,521.62
1768042380000,2.105,2.106,2.105,2.105,4045.55
1768042440000,2.105,2.105,2.105,2.105,26.18
1768042500000,2.105,2.106,2.105,2.106,230.97
1768042560000,2.105,2.105,2.105,2.105,35.02
1768042620000,2.106,2.107,2.106,2.107,121.53
1768042680000,2.108,2.108,2.106,2.106,78.65
1768042740000,2.105,2.108,2.105,2.108,895.26
1768042800000,2.108,2.108,2.106,2.106,470.29
1768042860000,2.106,2.106,2.104,2.104,94.69
1768042920000,2.105,2.106,2.105,2.105,121.76
1768042980000,2.105,2.105,2.103,2.104,1520.19
1768043040000,2.103,2.103,2.103,2.103,5.16
1768043100000,2.104,2.104,2.103,2.103,4554.24
1768043160000,2.103,2.103,2.103,2.103,483.56
1768043220000,2.102,2.102,2.101,2.101,91.27
1768043280000,2.101,2.103,2.101,2.102,51.65
1768043340000,2.102,2.102,2.102,2.102,9.63
1768043400000,2.102,2.104,2.102,2.104,569.87
1768043460000,2.104,2.105,2.104,2.105,32.74
1768043520000,2.104,2.104,2.102,2.102,6693.41
1768043580000,2.103,2.104,2.103,2.103,102.54
1768043640000,2.104,2.104,2.103,2.103,424.53
1768043700000,2.102,2.102,2.101,2.102,400.15
1768043760000,2.102,2.102,2.102,2.102,771.63
1768043820000,2.102,2.103,2.102,2.102,1349.99
1768043880000,2.102,2.102,2.101,2.101,1680.74
1768043940000,2.101,2.101,2.101,2.101,520.52
1768044000000,2.101,2.102,2.101,2.102,393.94
1768044060000,2.102,2.102,2.102,2.102,25.27
1768044120000,2.102,2.102,2.102,2.102,0.0
1768044180000,2.102,2.103,2.102,2.103,34.71
1768044240000,2.103,2.103,2.103,2.103,10.71
1768044300000,2.102,2.102,2.101,2.101,1002.86
1768044360000,2.101,2.102,2.101,2.102,181.34
1768044420000,2.101,2.102,2.101,2.102,17.33
1768044480000,2.102,2.102,2.102,2.102,9.67
1768044540000,2.101,2.101,2.101,2.101,287.94
1768044600000,2.102,2.103,2.102,2.103,1574.83
1768044660000,2.103,2.103,2.103,2.103,0.0
1768044720000,2.103,2.103,2.103,2.103,9.51
1768044780000,2.102,2.103,2.102,2.103,56.89
1768044840000,2.102,2.102,2.102,2.102,4.95
1768044900000,2.103,2.103,2.102,2.102,705.07
1768044960000,2.101,2.101,2.099,2.1,485.44
1768045020000,2.1,2.101,2.1,2.101,1141.2
1768045080000,2.1,2.1,2.1,2.1,314.91
1768045140000,2.1,2.1,2.1,2.1,0.0
1768045200000,2.1,2.101,2.1,2.101,53.87
1768045260000,2.102,2.102,2.102,2.102,10.18
1768045320000,2.102,2.102,2.101,2.101,36.67
1768045380000,2.102,2.104,2.102,2.104,971.66
1768045440000,2.104,2.105,2.104,2.105,58.72
1768045500000,2.105,2.106,2.105,2.105,2153.34
1768045560000,2.105,2.106,2.105,2.105,339.15
1768045620000,2.105,2.105,2.105,2.105,40.77
1768045680000,2.104,2.104,2.103,2.103,488.8
1768045740000,2.102,2.102,2.101,2.101,759.37
1768045800000,2.101,2.102,2.1,2.1,135.0
1768045860000,2.1,2.103,2.1,2.103,265.06
1768045920000,2.103,2.104,2.103,2.103,38.05
1768045980000,2.102,2.103,2.102,2.102,571.14
1768046040000,2.102,2.102,2.102,2.102,0.0
1768046100000,2.102,2.103,2.102,2.103,559.98
1768046160000,2.104,2.104,2.103,2.103,256.88
1768046220000,2.104,2.107,2.104,2.107,1238.58
1768046280000,2.107,2.107,2.107,2.107,343.49
1768046340000,2.107,2.107,2.107,2.107,559.54
1768046400000,2.107,2.108,2.107,2.108,1521.42
1768046460000,2.107,2.108,2.107,2.108,127.35
1768046520000,2.107,2.107,2.107,2.107,588.29
1768046580000,2.107,2.107,2.107,2.107,18.04
1768046640000,2.107,2.108,2.107,2.108,58.87
1768046700000,2.107,2.109,2.107,2.108,5095.1
1768046760000,2.108,2.109,2.108,2.109,247.98
1768046820000,2.108,2.108,2.106,2.106,571.53
1768046880000,2.106,2.107,2.106,2.107,19.38
1768046940000,2.107,2.107,2.107,2.107,30.39
1768047000000,2.106,2.107,2.106,2.107,63.47
1768047060000,2.107,2.107,2.105,2.105,259.25
1768047120000,2.105,2.105,2.105,2.105,48.34
1768047180000,2.105,2.107,2.105,2.107,269.35
1768047240000,2.107,2.107,2.107,2.107,600.0
1768047300000,2.107,2.107,2.106,2.107,60.44
1768047360000,2.106,2.108,2.106,2.108,22.88
1768047420000,2.107,2.11,2.107,2.109,5313.44
1768047480000,2.109,2.109,2.109,2.109,0.0
1768047540000,2.109,2.109,2.109,2.109,52.41
1768047600000,2.108,2.11,2.107,2.109,3176.31
1768047660000,2.108,2.109,2.108,2.109,86.64
1768047720000,2.109,2.11,2.109,2.11,385.63
1768047780000,2.109,2.109,2.108,2.108,112.01
1768047840000,2.108,2.109,2.108,2.108,359.36
1768047900000,2.108,2.108,2.107,2.107,34.85
1768047960000,2.108,2.108,2.107,2.107,56.54
1768048020000,2.108,2.108,2.108,2.108,12.01
1768048080000,2.108,2.108,2.107,2.108,72.83
1768048140000,2.107,2.107,2.107,2.107,13.15
1768048200000,2.108,2.108,2.108,2.108,82.16
1768048260000,2.107,2.109,2.107,2.109,405.27
1768048320000,2.108,2.108,2.106,2.106,1515.18
1768048380000,2.106,2.107,2.105,2.106,374.19
1768048440000,2.106,2.107,2.106,2.107,80.79
1768048500000,2.108,2.108,2.108,2.108,1225.67
1768048560000,2.108,2.11,2.108,2.109,1647.45
1768048620000,2.108,2.108,2.108,2.108,31.02
1768048680000,2.108,2.11,2.108,2.109,1291.78
1768048740000,2.109,2.109,2.109,2.109,47.43
1768048800000,2.109,2.11,2.109,2.109,277.72
1768048860000,2.109,2.11,2.109,2.11,131.3
1768048920000,2.11,2.11,2.11,2.11,31.71
1768048980000,2.109,2.111,2.109,2.109,13071.27
1768049040000,2.109,2.11,2.109,2.11,67.35
1768049100000,2.109,2.109,2.109,2.109,42.28
1768049160000,2.11,2.11,2.109,2.109,39.87
1768049220000,2.109,2.109,2.108,2.108,1653.98
1768049280000,2.109,2.109,2.109,2.109,730.77
1768049340000,2.109,2.11,2.109,2.109,40.25
1768049400000,2.11,2.11,2.109,2.109,763.27
1768049460000,2.109,2.111,2.108,2.108,7088.47
1768049520000,2.108,2.109,2.108,2.109,3007.16
1768049580000,2.11,2.112,2.11,2.111,884.61
1768049640000,2.111,2.113,2.111,2.113,9185.07
1768049700000,2.113,2.118,2.112,2.116,25959.3
1768049760000,2.116,2.117,2.115,2.117,5080.26
1768049820000,2.118,2.123,2.118,2.122,18783.05
1768049880000,2.123,2.127,2.122,2.124,24705.15
1768049940000,2.124,2.124,2.122,2.123,2204.29
1768050000000,2.124,2.124,2.123,2.124,1082.54
1768050060000,2.124,2.124,2.123,2.123,1183.53
1768050120000,2.123,2.124,2.123,2.123,968.16
1768050180000,2.123,2.123,2.12,2.121,3650.85
1768050240000,2.121,2.122,2.12,2.121,2779.51
1768050300000,2.121,2.122,2.121,2.121,1058.91
1768050360000,2.121,2.121,2.119,2.12,8541.77
1768050420000,2.12,2.12,2.119,2.119,3608.49
1768050480000,2.12,2.12,2.119,2.119,35.48
1768050540000,2.119,2.12,2.119,2.12,312.59
1768050600000,2.119,2.121,2.119,2.121,1698.08
1768050660000,2.12,2.12,2.119,2.119,83.95
1768050720000,2.119,2.12,2.118,2.119,1094.19
1768050780000,2.119,2.119,2.118,2.118,774.61
1768050840000,2.119,2.119,2.119,2.119,56539.89
1768050900000,2.12,2.12,2.119,2.12,390.71
1768050960000,2.119,2.121,2.119,2.121,2344.25
1768051020000,2.122,2.123,2.122,2.123,296.77
1768051080000,2.123,2.123,2.121,2.123,1207.07
1768051140000,2.124,2.127,2.124,2.125,25238.67
1768051200000,2.125,2.126,2.122,2.123,3363.85
1768051260000,2.123,2.124,2.123,2.124,282.86
1768051320000,2.124,2.124,2.123,2.123,606.91
1768051380000,2.123,2.123,2.122,2.122,7022.29
1768051440000,2.121,2.123,2.121,2.123,398.01
1768051500000,2.123,2.123,2.123,2.123,535.06
1768051560000,2.123,2.123,2.122,2.122,1155.98
1768051620000,2.123,2.123,2.122,2.122,1060.02
1768051680000,2.122,2.122,2.122,2.122,0.0
1768051740000,2.122,2.123,2.122,2.123,146.48
1768051800000,2.122,2.123,2.122,2.123,131.96
1768051860000,2.122,2.123,2.122,2.123,83.15
1768051920000,2.123,2.125,2.123,2.125,2475.14
1768051980000,2.124,2.126,2.124,2.125,2453.53
1768052040000,2.125,2.126,2.125,2.126,1879.18
1768052100000,2.125,2.125,2.124,2.124,887.53
1768052160000,2.125,2.126,2.124,2.125,1618.39
1768052220000,2.125,2.128,2.125,2.127,3245.14
1768052280000,2.127,2.128,2.126,2.127,3405.11
1768052340000,2.127,2.128,2.126,2.128,2791.57
1768052400000,2.127,2.128,2.127,2.128,1096.48
1768052460000,2.128,2.128,2.128,2.128,2616.85
1768052520000,2.128,2.129,2.128,2.128,934.82
1768052580000,2.128,2.129,2.127,2.129,1245.78
1768052640000,2.129,2.129,2.129,2.129,1901.53
1768052700000,2.13,2.13,2.129,2.13,7401.66
1768052760000,2.13,2.13,2.129,2.13,4160.34
1768052820000,2.129,2.129,2.128,2.129,3135.81
1768052880000,2.129,2.13,2.129,2.129,132.69
1768052940000,2.129,2.129,2.127,2.128,2323.42
1768053000000,2.129,2.129,2.126,2.126,570.07
1768053060000,2.126,2.127,2.125,2.125,1610.28
1768053120000,2.125,2.127,2.125,2.126,2027.86
1768053180000,2.126,2.127,2.125,2.125,1125.4
1768053240000,2.124,2.125,2.122,2.124,635.99
1768053300000,2.125,2.127,2.125,2.126,767.2
1768053360000,2.127,2.127,2.122,2.124,19525.83
1768053420000,2.125,2.125,2.124,2.124,405.5
1768053480000,2.123,2.125,2.123,2.124,2706.64
1768053540000,2.124,2.125,2.124,2.125,942.49
1768053600000,2.125,2.126,2.123,2.124,3226.22
1768053660000,2.125,2.126,2.124,2.125,1533.58
1768053720000,2.125,2.126,2.124,2.125,669.54
1768053780000,2.126,2.126,2.126,2.126,237.35
1768053840000,2.126,2.126,2.124,2.124,1483.58
1768053900000,2.124,2.124,2.123,2.123,605.67
1768053960000,2.124,2.124,2.123,2.123,2882.78
1768054020000,2.122,2.123,2.121,2.122,1684.58
1768054080000,2.122,2.122,2.122,2.122,95.56
1768054140000,2.122,2.123,2.121,2.123,85.2
1768054200000,2.122,2.122,2.121,2.121,2522.29
1768054260000,2.121,2.122,2.116,2.117,18766.81
1768054320000,2.116,2.117,2.116,2.116,835.52
1768054380000,2.117,2.117,2.116,2.117,1728.3
1768054440000,2.118,2.118,2.117,2.117,990.65
1768054500000,2.117,2.117,2.116,2.116,920.4
1768054560000,2.115,2.116,2.114,2.115,1183.52
1768054620000,2.115,2.116,2.115,2.115,125.0
1768054680000,2.115,2.116,2.115,2.116,320.55
1768054740000,2.116,2.116,2.116,2.116,7.63
1768054800000,2.116,2.116,2.116,2.116,2.94
1768054860000,2.116,2.116,2.116,2.116,105.82
1768054920000,2.116,2.118,2.115,2.117,2399.27
1768054980000,2.118,2.12,2.118,2.119,16345.33
1768055040000,2.12,2.121,2.118,2.118,1807.32
1768055100000,2.118,2.119,2.118,2.119,1015.11
1768055160000,2.118,2.118,2.114,2.115,890.82
1768055220000,2.114,2.114,2.114,2.114,13.26
1768055280000,2.114,2.114,2.114,2.114,907.21
1768055340000,2.114,2.114,2.114,2.114,0.0
1768055400000,2.114,2.114,2.113,2.114,464.47
1768055460000,2.114,2.114,2.113,2.113,3679.72
1768055520000,2.112,2.113,2.109,2.113,22548.56
1768055580000,2.114,2.114,2.112,2.112,819.08
1768055640000,2.112,2.112,2.112,2.112,93.32
1768055700000,2.112,2.113,2.112,2.112,274.16
1768055760000,2.112,2.112,2.112,2.112,8.06
1768055820000,2.112,2.113,2.112,2.113,705.14
1768055880000,2.113,2.115,2.113,2.115,3433.92
1768055940000,2.114,2.114,2.113,2.113,710.13
1768056000000,2.113,2.114,2.113,2.114,65.59
1768056060000,2.113,2.113,2.112,2.113,1828.84
1768056120000,2.112,2.113,2.112,2.112,2609.95
1768056180000,2.112,2.114,2.112,2.112,14033.98
1768056240000,2.112,2.112,2.112,2.112,0.0
1768056300000,2.112,2.114,2.112,2.112,565.12
1768056360000,2.113,2.113,2.113,2.113,29.86
1768056420000,2.113,2.117,2.113,2.117,29006.27
1768056480000,2.116,2.116,2.116,2.116,796.95
1768056540000,2.116,2.117,2.116,2.116,1576.33
1768056600000,2.117,2.117,2.116,2.117,571.64
1768056660000,2.117,2.118,2.117,2.118,502.31
1768056720000,2.118,2.119,2.118,2.118,794.28
1768056780000,2.118,2.118,2.117,2.117,200.44
1768056840000,2.116,2.116,2.116,2.116,1723.88
1768056900000,2.115,2.116,2.115,2.116,4001.04
1768056960000,2.117,2.118,2.117,2.117,2451.9
1768057020000,2.117,2.117,2.116,2.116,1989.02
1768057080000,2.117,2.119,2.117,2.117,471.84
1768057140000,2.117,2.119,2.117,2.119,309.46
1768057200000,2.119,2.119,2.119,2.119,508.18
1768057260000,2.119,2.122,2.119,2.121,4816.61
1768057320000,2.121,2.124,2.121,2.124,1856.06
1768057380000,2.124,2.124,2.122,2.123,7617.3
1768057440000,2.123,2.125,2.123,2.125,3928.76
1768057500000,2.124,2.125,2.122,2.123,1280.76
1768057560000,2.123,2.124,2.122,2.122,3227.06
1768057620000,2.121,2.121,2.116,2.117,5982.4
1768057680000,2.117,2.117,2.117,2.117,104.3
1768057740000,2.118,2.121,2.118,2.121,287.81
1768057800000,2.12,2.121,2.119,2.119,196.22
1768057860000,2.119,2.121,2.119,2.121,18.77
1768057920000,2.12,2.121,2.12,2.12,260.02
1768057980000,2.12,2.121,2.12,2.121,11.32
1768058040000,2.121,2.121,2.12,2.12,21.44
1768058100000,2.12,2.121,2.12,2.121,447.72
1768058160000,2.119,2.12,2.119,2.12,92.23
1768058220000,2.12,2.121,2.12,2.12,4570.25
1768058280000,2.12,2.121,2.12,2.121,29.1
1768058340000,2.12,2.12,2.119,2.12,843.33
1768058400000,2.118,2.119,2.117,2.117,157.63
1768058460000,2.117,2.117,2.116,2.117,6820.71
1768058520000,2.116,2.116,2.116,2.116,7.56
1768058580000,2.116,2.116,2.116,2.116,282.56
1768058640000,2.116,2.117,2.116,2.116,256.12
1768058700000,2.116,2.117,2.114,2.114,4949.99
1768058760000,2.114,2.116,2.114,2.116,926.11
1768058820000,2.116,2.116,2.115,2.115,2676.66
1768058880000,2.115,2.115,2.115,2.115,100.0
1768058940000,2.115,2.115,2.115,2.115,29.33
1768059000000,2.115,2.115,2.114,2.115,130.74
1768059060000,2.114,2.116,2.114,2.115,1389.47
1768059120000,2.116,2.116,2.116,2.116,1171.59
1768059180000,2.116,2.117,2.116,2.117,848.55
1768059240000,2.118,2.12,2.118,2.12,884.1
1768059300000,2.118,2.12,2.118,2.12,485.82
1768059360000,2.119,2.119,2.117,2.117,1203.87
1768059420000,2.117,2.117,2.117,2.117,75.27
1768059480000,2.117,2.117,2.117,2.117,406.76
1768059540000,2.118,2.119,2.118,2.119,735.44
1768059600000,2.119,2.12,2.119,2.12,212.35
1768059660000,2.12,2.121,2.12,2.12,1986.83
1768059720000,2.12,2.12,2.12,2.12,14.41
1768059780000,2.12,2.12,2.12,2.12,232.26
1768059840000,2.121,2.121,2.12,2.12,21.58
1768059900000,2.121,2.121,2.119,2.119,2320.98
1768059960000,2.119,2.121,2.118,2.12,5850.25
1768060020000,2.12,2.121,2.12,2.121,643.11
1768060080000,2.121,2.121,2.121,2.121,796.87
1768060140000,2.121,2.121,2.121,2.121,756.31
1768060200000,2.121,2.121,2.12,2.12,95.93
1768060260000,2.121,2.121,2.121,2.121,184.17
1768060320000,2.122,2.123,2.122,2.122,852.98
1768060380000,2.121,2.122,2.121,2.122,45.72
1768060440000,2.121,2.121,2.12,2.121,156.04
1768060500000,2.12,2.12,2.118,2.119,153.19
1768060560000,2.12,2.12,2.119,2.119,16.01
1768060620000,2.119,2.119,2.119,2.119,3.0
1768060680000,2.119,2.119,2.119,2.119,856.45
1768060740000,2.118,2.119,2.118,2.119,123.39
1768060800000,2.118,2.118,2.117,2.117,577.44
1768060860000,2.117,2.117,2.117,2.117,246.06
1768060920000,2.116,2.118,2.116,2.116,784.62
1768060980000,2.116,2.116,2.115,2.115,112.05
1768061040000,2.115,2.116,2.115,2.115,58.18
1768061100000,2.115,2.115,2.113,2.113,78.96
1768061160000,2.114,2.114,2.113,2.113,849.68
1768061220000,2.113,2.114,2.113,2.114,265.76
1768061280000,2.114,2.115,2.114,2.115,3583.37
1768061340000,2.114,2.115,2.114,2.114,1410.12
1768061400000,2.114,2.115,2.114,2.114,1388.69
1768061460000,2.113,2.113,2.113,2.113,911.22
1768061520000,2.112,2.112,2.11,2.111,9587.19
1768061580000,2.111,2.111,2.11,2.11,1927.79
1768061640000,2.11,2.111,2.11,2.111,1284.39
1768061700000,2.11,2.111,2.11,2.11,91.17
1768061760000,2.11,2.11,2.109,2.109,1369.76
1768061820000,2.109,2.11,2.108,2.108,543.34
1768061880000,2.108,2.109,2.108,2.108,439.31
1768061940000,2.107,2.108,2.107,2.108,112.17
1768062000000,2.108,2.108,2.108,2.108,7.68
1768062060000,2.107,2.11,2.107,2.11,3117.43
1768062120000,2.11,2.11,2.109,2.11,891.53
1768062180000,2.11,2.111,2.11,2.111,96.87
1768062240000,2.11,2.111,2.11,2.11,2010.35
1768062300000,2.11,2.111,2.11,2.111,745.92
1768062360000,2.111,2.111,2.111,2.111,1262.33
1768062420000,2.112,2.112,2.11,2.11,167.17
1768062480000,2.11,2.111,2.11,2.111,1028.08
1768062540000,2.111,2.111,2.11,2.11,2552.57
1768062600000,2.11,2.11,2.109,2.109,466.41
1768062660000,2.108,2.108,2.107,2.107,243.86
1768062720000,2.107,2.109,2.107,2.109,336.72
1768062780000,2.109,2.109,2.109,2.109,189.64
1768062840000,2.109,2.11,2.109,2.11,556.39
1768062900000,2.11,2.111,2.11,2.111,194.79
1768062960000,2.112,2.114,2.111,2.113,1045.07
1768063020000,2.114,2.115,2.112,2.112,3702.45
1768063080000,2.112,2.112,2.112,2.112,2231.18
1768063140000,2.112,2.112,2.111,2.112,429.25
1768063200000,2.112,2.112,2.111,2.111,162.76
1768063260000,2.112,2.112,2.111,2.111,524.31
1768063320000,2.111,2.111,2.11,2.11,960.15
1768063380000,2.11,2.11,2.109,2.109,110.39
1768063440000,2.109,2.109,2.109,2.109,181.48
1768063500000,2.109,2.11,2.108,2.108,774.02
1768063560000,2.109,2.109,2.106,2.107,2547.36
1768063620000,2.107,2.108,2.107,2.107,902.97
1768063680000,2.107,2.107,2.107,2.107,2045.1
1768063740000,2.106,2.106,2.105,2.105,1047.39
1768063800000,2.104,2.104,2.102,2.104,2135.49
1768063860000,2.105,2.105,2.104,2.104,2067.5
1768063920000,2.105,2.105,2.104,2.104,1182.14
1768063980000,2.104,2.105,2.104,2.105,1157.09
1768064040000,2.105,2.106,2.105,2.106,14.28
1768064100000,2.105,2.105,2.105,2.105,14.76
1768064160000,2.106,2.107,2.106,2.107,226.11
1768064220000,2.107,2.107,2.107,2.107,56.55
1768064280000,2.107,2.107,2.107,2.107,13.34
1768064340000,2.107,2.107,2.107,2.107,30.14
1768064400000,2.108,2.109,2.108,2.109,790.02
1768064460000,2.108,2.109,2.108,2.109,90.03
1768064520000,2.109,2.11,2.109,2.11,664.04
1768064580000,2.11,2.111,2.11,2.111,336.68
1768064640000,2.111,2.111,2.11,2.11,1697.48
1768064700000,2.11,2.11,2.109,2.109,1591.87
1768064760000,2.11,2.112,2.11,2.112,2183.18
1768064820000,2.112,2.112,2.112,2.112,0.0
1768064880000,2.111,2.111,2.11,2.111,282.77
1768064940000,2.112,2.112,2.112,2.112,60.33
1768065000000,2.112,2.112,2.111,2.111,210.2
1768065060000,2.111,2.112,2.111,2.111,382.77
1768065120000,2.111,2.111,2.111,2.111,3.03
1768065180000,2.111,2.111,2.111,2.111,236.85
1768065240000,2.111,2.113,2.111,2.113,1871.74
1768065300000,2.112,2.115,2.112,2.114,530.87
1768065360000,2.114,2.115,2.114,2.114,90.59
1768065420000,2.114,2.114,2.114,2.114,191.83
1768065480000,2.114,2.115,2.114,2.115,85.75
1768065540000,2.116,2.118,2.116,2.117,1408.8
1768065600000,2.117,2.117,2.117,2.117,125.23
1768065660000,2.117,2.117,2.117,2.117,111.97
1768065720000,2.117,2.117,2.117,2.117,73.22
1768065780000,2.118,2.119,2.118,2.118,346.45
1768065840000,2.118,2.119,2.118,2.118,341.97
1768065900000,2.118,2.119,2.118,2.118,305.66
1768065960000,2.119,2.119,2.119,2.119,30.85
1768066020000,2.118,2.118,2.118,2.118,23.6
1768066080000,2.118,2.118,2.118,2.118,10.06
1768066140000,2.118,2.119,2.118,2.119,25.22
1768066200000,2.118,2.118,2.118,2.118,10.58
1768066260000,2.118,2.118,2.115,2.115,1088.65
1768066320000,2.114,2.114,2.114,2.114,32.55
1768066380000,2.113,2.114,2.113,2.113,168.23
1768066440000,2.113,2.113,2.112,2.112,416.56
1768066500000,2.112,2.112,2.112,2.112,10.52
1768066560000,2.112,2.112,2.111,2.112,95.63
1768066620000,2.111,2.111,2.11,2.11,147.93
1768066680000,2.109,2.11,2.109,2.11,1413.14
1768066740000,2.11,2.11,2.11,2.11,0.0
1768066800000,2.109,2.11,2.108,2.11,1484.28
1768066860000,2.11,2.11,2.11,2.11,135.53
1768066920000,2.11,2.11,2.109,2.109,325.51
1768066980000,2.109,2.11,2.109,2.11,91.11
1768067040000,2.11,2.11,2.11,2.11,45.94
1768067100000,2.11,2.111,2.109,2.111,1011.79
1768067160000,2.11,2.11,2.108,2.108,1186.54
1768067220000,2.107,2.108,2.107,2.107,244.73
1768067280000,2.108,2.108,2.106,2.108,303.09
1768067340000,2.108,2.108,2.108,2.108,5.0
1768067400000,2.107,2.107,2.107,2.107,346.59
1768067460000,2.106,2.107,2.105,2.106,3029.6
1768067520000,2.105,2.105,2.103,2.103,213.16
1768067580000,2.103,2.105,2.101,2.103,3312.96
1768067640000,2.103,2.103,2.099,2.1,8184.76
1768067700000,2.1,2.1,2.098,2.099,1952.43
1768067760000,2.1,2.101,2.099,2.1,1104.83
1768067820000,2.1,2.101,2.099,2.099,342.94
1768067880000,2.099,2.1,2.097,2.098,1954.68
1768067940000,2.098,2.1,2.098,2.1,814.85
1768068000000,2.1,2.103,2.1,2.103,1107.04
1768068060000,2.102,2.102,2.101,2.102,1218.56
1768068120000,2.101,2.103,2.101,2.103,175.17
1768068180000,2.102,2.102,2.101,2.102,521.92
1768068240000,2.101,2.101,2.099,2.099,771.11
1768068300000,2.098,2.1,2.098,2.1,43.86
1768068360000,2.099,2.1,2.098,2.1,3187.93
1768068420000,2.099,2.101,2.099,2.1,4504.94
1768068480000,2.099,2.1,2.099,2.1,17.37
1768068540000,2.099,2.099,2.099,2.099,233.15
1768068600000,2.099,2.099,2.099,2.099,0.0
1768068660000,2.099,2.099,2.097,2.097,775.25
1768068720000,2.099,2.099,2.099,2.099,23.82
1768068780000,2.099,2.099,2.099,2.099,2.46
1768068840000,2.099,2.099,2.099,2.099,0.0
1768068900000,2.099,2.099,2.099,2.099,97.77
1768068960000,2.098,2.098,2.097,2.097,1997.02
1768069020000,2.097,2.1,2.097,2.1,594.25
1768069080000,2.1,2.101,2.1,2.101,1399.8
1768069140000,2.102,2.104,2.102,2.104,330.87
1768069200000,2.103,2.104,2.103,2.104,470.05
1768069260000,2.104,2.105,2.104,2.105,139.04
1768069320000,2.105,2.105,2.105,2.105,54.8
1768069380000,2.104,2.104,2.103,2.103,137.15
1768069440000,2.104,2.104,2.104,2.104,45.52
1768069500000,2.104,2.106,2.104,2.106,1138.69
1768069560000,2.105,2.107,2.105,2.105,222.64
1768069620000,2.105,2.106,2.105,2.106,412.35
1768069680000,2.105,2.105,2.104,2.104,538.66
1768069740000,2.104,2.106,2.104,2.106,544.79
1768069800000,2.106,2.106,2.105,2.106,339.28
1768069860000,2.107,2.107,2.107,2.107,1022.38
1768069920000,2.108,2.109,2.108,2.109,1886.17
1768069980000,2.108,2.108,2.106,2.106,952.67
1768070040000,2.107,2.107,2.107,2.107,704.82
1768070100000,2.107,2.107,2.107,2.107,51.49
1768070160000,2.107,2.108,2.107,2.108,153.75
1768070220000,2.107,2.108,2.107,2.108,293.29
1768070280000,2.107,2.107,2.105,2.107,8022.97
1768070340000,2.107,2.107,2.106,2.106,166.47
1768070400000,2.106,2.107,2.105,2.107,1301.52
1768070460000,2.106,2.107,2.106,2.106,111.94
1768070520000,2.106,2.106,2.106,2.106,468.78
1768070580000,2.106,2.106,2.106,2.106,461.68
1768070640000,2.106,2.107,2.106,2.106,244.86
1768070700000,2.105,2.106,2.105,2.106,42.62
1768070760000,2.106,2.106,2.104,2.104,856.02
1768070820000,2.104,2.104,2.103,2.103,84.13
1768070880000,2.103,2.103,2.103,2.103,13.2
1768070940000,2.103,2.104,2.103,2.103,440.89
1768071000000,2.104,2.104,2.104,2.104,67.87
1768071060000,2.103,2.103,2.103,2.103,388.53
1768071120000,2.103,2.104,2.103,2.103,385.31
1768071180000,2.103,2.104,2.103,2.103,132.34
1768071240000,2.103,2.103,2.103,2.103,324.45
1768071300000,2.104,2.105,2.104,2.104,5136.28
1768071360000,2.103,2.104,2.103,2.104,19.18
1768071420000,2.104,2.104,2.103,2.103,196.1
1768071480000,2.104,2.104,2.103,2.104,553.11
1768071540000,2.103,2.103,2.102,2.102,1073.47
1768071600000,2.102,2.104,2.102,2.104,285.49
1768071660000,2.104,2.105,2.103,2.103,4751.87
1768071720000,2.103,2.103,2.103,2.103,0.0
1768071780000,2.102,2.102,2.102,2.102,3.0
1768071840000,2.103,2.104,2.103,2.103,986.88
1768071900000,2.105,2.105,2.105,2.105,19.5
1768071960000,2.105,2.109,2.105,2.109,1432.38
1768072020000,2.109,2.11,2.109,2.11,341.68
1768072080000,2.11,2.111,2.11,2.11,1504.71
1768072140000,2.111,2.111,2.111,2.111,147.65
1768072200000,2.112,2.114,2.112,2.114,672.45
1768072260000,2.113,2.113,2.113,2.113,29.26
1768072320000,2.113,2.113,2.112,2.112,940.0
1768072380000,2.112,2.113,2.112,2.113,752.38
1768072440000,2.113,2.115,2.113,2.115,907.84
1768072500000,2.115,2.115,2.113,2.114,9890.44
1768072560000,2.113,2.113,2.112,2.112,39.24
1768072620000,2.113,2.116,2.113,2.115,3255.39
1768072680000,2.116,2.116,2.114,2.114,8397.42
1768072740000,2.114,2.114,2.113,2.114,567.4
1768072800000,2.114,2.115,2.114,2.114,383.36
1768072860000,2.115,2.115,2.115,2.115,252.08
1768072920000,2.116,2.116,2.116,2.116,30.15
1768072980000,2.116,2.117,2.116,2.117,2547.45
1768073040000,2.117,2.117,2.117,2.117,269.19
1768073100000,2.117,2.118,2.117,2.118,1080.09
1768073160000,2.118,2.118,2.117,2.117,225.11
1768073220000,2.118,2.118,2.118,2.118,34.41
1768073280000,2.119,2.12,2.118,2.118,223.79
1768073340000,2.118,2.119,2.118,2.119,445.49
1768073400000,2.119,2.12,2.119,2.12,1820.25
1768073460000,2.121,2.122,2.12,2.121,1601.38
1768073520000,2.121,2.121,2.121,2.121,2032.02
1768073580000,2.12,2.12,2.119,2.12,2592.24
1768073640000,2.12,2.121,2.12,2.121,113.84
1768073700000,2.121,2.121,2.12,2.12,889.69
1768073760000,2.12,2.12,2.12,2.12,1656.01
1768073820000,2.12,2.121,2.12,2.12,129.14
1768073880000,2.121,2.122,2.121,2.121,314.86
1768073940000,2.12,2.12,2.12,2.12,37.73
1768074000000,2.121,2.122,2.121,2.122,226.59
1768074060000,2.122,2.122,2.122,2.122,101.0
1768074120000,2.121,2.121,2.121,2.121,1372.42
1768074180000,2.121,2.121,2.12,2.121,252.41
1768074240000,2.12,2.121,2.12,2.121,41.63
1768074300000,2.121,2.121,2.119,2.119,367.19
1768074360000,2.119,2.12,2.119,2.12,39.02
1768074420000,2.119,2.12,2.119,2.119,38.29
1768074480000,2.12,2.121,2.12,2.121,367.03
1768074540000,2.121,2.121,2.12,2.12,54.07
1768074600000,2.12,2.12,2.119,2.119,2582.8
1768074660000,2.119,2.12,2.119,2.119,844.15
1768074720000,2.118,2.121,2.118,2.121,3273.47
1768074780000,2.121,2.122,2.121,2.121,76.35
1768074840000,2.122,2.123,2.122,2.122,1507.39
1768074900000,2.121,2.121,2.121,2.121,2.41
1768074960000,2.121,2.122,2.121,2.122,55.69
1768075020000,2.122,2.123,2.122,2.123,4677.16
1768075080000,2.124,2.126,2.124,2.125,3499.44
1768075140000,2.125,2.128,2.125,2.128,14075.91
1768075200000,2.128,2.13,2.128,2.129,12149.67
1768075260000,2.129,2.13,2.126,2.126,49673.76
1768075320000,2.125,2.127,2.125,2.126,877.42
1768075380000,2.127,2.128,2.127,2.127,614.84
1768075440000,2.125,2.125,2.125,2.125,2772.52
1768075500000,2.125,2.125,2.124,2.124,824.85
1768075560000,2.124,2.125,2.123,2.124,8364.43
1768075620000,2.125,2.125,2.125,2.125,794.71
1768075680000,2.126,2.126,2.123,2.123,559.52
1768075740000,2.123,2.123,2.123,2.123,6.38
1768075800000,2.122,2.122,2.122,2.122,109.86
1768075860000,2.122,2.122,2.118,2.12,8804.3
1768075920000,2.121,2.122,2.121,2.121,1844.26
1768075980000,2.121,2.121,2.12,2.12,552.52
1768076040000,2.121,2.121,2.121,2.121,7.44
1768076100000,2.121,2.121,2.121,2.121,948.49
1768076160000,2.121,2.121,2.121,2.121,160.97
1768076220000,2.122,2.122,2.121,2.121,7206.78
1768076280000,2.121,2.122,2.12,2.121,30.75
1768076340000,2.12,2.12,2.12,2.12,184.75
1768076400000,2.12,2.12,2.12,2.12,26.88
1768076460000,2.12,2.12,2.12,2.12,28.77
1768076520000,2.12,2.121,2.119,2.119,1254.3
1768076580000,2.118,2.119,2.118,2.119,4046.73
1768076640000,2.119,2.121,2.119,2.121,1972.3
1768076700000,2.121,2.121,2.121,2.121,168.06
1768076760000,2.121,2.121,2.121,2.121,0.0
1768076820000,2.121,2.121,2.12,2.12,471.04
1768076880000,2.119,2.12,2.119,2.12,51.34
1768076940000,2.12,2.12,2.12,2.12,260.77
1768077000000,2.12,2.12,2.12,2.12,6.01
1768077060000,2.12,2.121,2.119,2.12,489.06
1768077120000,2.12,2.12,2.12,2.12,0.0
1768077180000,2.12,2.12,2.119,2.12,98.95
1768077240000,2.119,2.119,2.116,2.117,4007.23
1768077300000,2.118,2.118,2.117,2.117,324.11
1768077360000,2.117,2.117,2.117,2.117,933.03
1768077420000,2.118,2.119,2.116,2.116,1243.34
1768077480000,2.117,2.117,2.117,2.117,768.22
1768077540000,2.118,2.118,2.117,2.117,92.73
1768077600000,2.116,2.117,2.116,2.117,164.68
1768077660000,2.118,2.118,2.117,2.117,329.18
1768077720000,2.118,2.118,2.118,2.118,79.71
1768077780000,2.118,2.118,2.116,2.116,70.49
1768077840000,2.117,2.117,2.116,2.116,21.38
1768077900000,2.116,2.116,2.116,2.116,0.0
1768077960000,2.116,2.116,2.116,2.116,214.21
1768078020000,2.116,2.117,2.116,2.117,153.72
1768078080000,2.117,2.117,2.117,2.117,47.23
1768078140000,2.117,2.118,2.117,2.117,141.27
1768078200000,2.117,2.117,2.117,2.117,897.36
1768078260000,2.117,2.117,2.116,2.117,34.95
1768078320000,2.117,2.117,2.117,2.117,86.09
1768078380000,2.117,2.117,2.115,2.115,3417.55
1768078440000,2.115,2.115,2.115,2.115,413.29
1768078500000,2.115,2.115,2.115,2.115,109.92
1768078560000,2.115,2.116,2.115,2.115,430.89
1768078620000,2.115,2.115,2.115,2.115,108.13
1768078680000,2.115,2.116,2.115,2.116,138.1
1768078740000,2.116,2.116,2.115,2.116,373.13
1768078800000,2.115,2.115,2.115,2.115,146.3
1768078860000,2.114,2.114,2.114,2.114,829.67
1768078920000,2.114,2.114,2.113,2.114,807.76
1768078980000,2.114,2.116,2.114,2.116,192.97
1768079040000,2.116,2.117,2.116,2.116,175.45
1768079100000,2.115,2.115,2.111,2.112,2739.29
1768079160000,2.112,2.113,2.112,2.113,1164.93
1768079220000,2.112,2.112,2.112,2.112,32.2
1768079280000,2.112,2.113,2.111,2.111,155.1
1768079340000,2.111,2.111,2.111,2.111,260.74
1768079400000,2.111,2.112,2.111,2.112,912.64
1768079460000,2.111,2.112,2.111,2.111,22.28
1768079520000,2.112,2.113,2.112,2.113,12.22
1768079580000,2.112,2.112,2.111,2.111,19.75
1768079640000,2.112,2.113,2.112,2.112,409.1
1768079700000,2.112,2.112,2.112,2.112,3.55
1768079760000,2.112,2.112,2.11,2.11,555.53
1768079820000,2.111,2.112,2.11,2.111,450.8
1768079880000,2.11,2.11,2.108,2.109,1078.42
1768079940000,2.11,2.11,2.109,2.109,22.76
1768080000000,2.109,2.109,2.109,2.109,8.54
1768080060000,2.108,2.11,2.108,2.11,9141.63
1768080120000,2.11,2.111,2.11,2.111,144.14
1768080180000,2.11,2.111,2.11,2.111,867.77
1768080240000,2.111,2.113,2.111,2.113,678.62
1768080300000,2.113,2.113,2.113,2.113,959.91
1768080360000,2.112,2.112,2.111,2.111,904.3
1768080420000,2.11,2.11,2.11,2.11,2.36
1768080480000,2.11,2.11,2.109,2.109,3254.11
1768080540000,2.109,2.109,2.109,2.109,454.81
1768080600000,2.11,2.111,2.11,2.111,1355.1
1768080660000,2.111,2.111,2.111,2.111,754.23
1768080720000,2.11,2.11,2.109,2.109,188.48
1768080780000,2.108,2.109,2.108,2.109,791.99
1768080840000,2.109,2.109,2.109,2.109,2535.49
1768080900000,2.109,2.109,2.109,2.109,6.02
1768080960000,2.109,2.11,2.109,2.11,1670.17
1768081020000,2.11,2.11,2.108,2.108,7390.44
1768081080000,2.108,2.108,2.107,2.107,3481.38
1768081140000,2.106,2.107,2.106,2.107,1034.71
1768081200000,2.106,2.106,2.106,2.106,5.0
1768081260000,2.107,2.109,2.107,2.109,2955.3
1768081320000,2.109,2.109,2.108,2.108,36.93
1768081380000,2.109,2.109,2.109,2.109,7.47
1768081440000,2.11,2.11,2.108,2.108,74.65
1768081500000,2.108,2.108,2.108,2.108,12.41
1768081560000,2.108,2.108,2.106,2.106,652.53
1768081620000,2.106,2.106,2.106,2.106,36.51
1768081680000,2.106,2.106,2.106,2.106,23.48
1768081740000,2.107,2.107,2.105,2.107,137.57
1768081800000,2.106,2.106,2.106,2.106,15.18
1768081860000,2.106,2.106,2.104,2.104,6829.38
1768081920000,2.104,2.105,2.104,2.104,2794.17
1768081980000,2.104,2.104,2.104,2.104,2.75
1768082040000,2.104,2.104,2.104,2.104,0.0
1768082100000,2.104,2.104,2.104,2.104,253.75
1768082160000,2.104,2.105,2.104,2.105,475.98
1768082220000,2.105,2.105,2.105,2.105,547.92
1768082280000,2.105,2.105,2.105,2.105,213.3
1768082340000,2.104,2.104,2.103,2.103,1388.64
1768082400000,2.103,2.103,2.103,2.103,25.74
1768082460000,2.103,2.103,2.103,2.103,48.73
1768082520000,2.103,2.103,2.103,2.103,0.0
1768082580000,2.102,2.102,2.1,2.101,5188.96
1768082640000,2.101,2.101,2.098,2.099,1999.96
1768082700000,2.099,2.099,2.096,2.099,6426.94
1768082760000,2.098,2.098,2.097,2.097,2240.6
1768082820000,2.097,2.098,2.097,2.098,358.72
1768082880000,2.097,2.097,2.097,2.097,20.74
1768082940000,2.098,2.098,2.097,2.098,1223.38
1768083000000,2.098,2.098,2.098,2.098,32.63
1768083060000,2.099,2.102,2.099,2.102,4810.58
1768083120000,2.102,2.103,2.101,2.103,839.8
1768083180000,2.103,2.103,2.099,2.1,5908.86
1768083240000,2.1,2.1,2.1,2.1,0.0
1768083300000,2.1,2.1,2.099,2.1,838.77
1768083360000,2.1,2.1,2.099,2.1,2505.47
1768083420000,2.1,2.1,2.099,2.1,826.66
1768083480000,2.101,2.102,2.1,2.101,344.3
1768083540000,2.101,2.102,2.101,2.101,3075.95
1768083600000,2.1,2.1,2.099,2.099,977.54
1768083660000,2.099,2.1,2.099,2.099,2975.93
1768083720000,2.099,2.099,2.099,2.099,1699.64
1768083780000,2.099,2.099,2.099,2.099,113.15
1768083840000,2.099,2.099,2.099,2.099,103.38
1768083900000,2.099,2.1,2.099,2.1,518.1
1768083960000,2.1,2.1,2.1,2.1,215.47
1768084020000,2.1,2.1,2.099,2.099,55.2
1768084080000,2.099,2.099,2.099,2.099,0.0
1768084140000,2.1,2.101,2.1,2.101,1459.96
1768084200000,2.101,2.103,2.101,2.102,1561.76
1768084260000,2.103,2.103,2.103,2.103,646.84
1768084320000,2.103,2.105,2.103,2.105,729.02
1768084380000,2.106,2.106,2.106,2.106,19.06
1768084440000,2.107,2.108,2.107,2.107,1151.23
1768084500000,2.106,2.107,2.106,2.107,23.32
1768084560000,2.107,2.107,2.105,2.105,2246.01
1768084620000,2.105,2.105,2.105,2.105,753.25
1768084680000,2.105,2.105,2.104,2.105,1268.32
1768084740000,2.105,2.105,2.105,2.105,25.05
1768084800000,2.106,2.106,2.103,2.103,7123.29
1768084860000,2.102,2.102,2.101,2.102,853.55
1768084920000,2.102,2.102,2.102,2.102,0.0
1768084980000,2.102,2.102,2.101,2.101,157.06
1768085040000,2.101,2.101,2.101,2.101,0.0
1768085100000,2.102,2.103,2.102,2.102,147.65
1768085160000,2.102,2.103,2.099,2.099,1575.91
1768085220000,2.099,2.099,2.098,2.098,1183.13
1768085280000,2.098,2.098,2.097,2.097,99.91
1768085340000,2.098,2.098,2.097,2.097,386.41
1768085400000,2.097,2.097,2.093,2.094,5245.8
1768085460000,2.094,2.094,2.091,2.092,4469.98
1768085520000,2.092,2.092,2.09,2.091,5341.8
1768085580000,2.09,2.09,2.088,2.089,3264.9
1768085640000,2.089,2.09,2.089,2.089,1168.81
1768085700000,2.089,2.089,2.088,2.089,3479.46
1768085760000,2.09,2.09,2.09,2.09,127.9
1768085820000,2.091,2.091,2.09,2.09,2782.62
1768085880000,2.09,2.09,2.084,2.087,8029.84
1768085940000,2.085,2.087,2.084,2.087,6419.19
1768086000000,2.087,2.089,2.086,2.089,1403.48
1768086060000,2.09,2.09,2.087,2.087,2037.56
1768086120000,2.088,2.09,2.088,2.09,314.35
1768086180000,2.091,2.095,2.091,2.093,2520.75
1768086240000,2.093,2.094,2.093,2.093,10069.64
1768086300000,2.092,2.094,2.091,2.092,4611.57
1768086360000,2.092,2.095,2.092,2.093,8590.18
1768086420000,2.093,2.093,2.091,2.091,3278.38
1768086480000,2.091,2.093,2.091,2.093,351.72
1768086540000,2.093,2.093,2.092,2.093,379.46
1768086600000,2.093,2.093,2.092,2.092,50.4
1768086660000,2.092,2.092,2.091,2.091,810.0
1768086720000,2.091,2.092,2.091,2.092,1191.89
1768086780000,2.092,2.092,2.09,2.09,1475.14
1768086840000,2.09,2.09,2.09,2.09,861.24
1768086900000,2.09,2.091,2.09,2.091,4556.03
1768086960000,2.091,2.091,2.091,2.091,1283.8
1768087020000,2.091,2.092,2.09,2.09,4930.15
1768087080000,2.091,2.091,2.09,2.09,40.48
1768087140000,2.091,2.091,2.09,2.09,236.67
1768087200000,2.091,2.093,2.091,2.092,316.56
1768087260000,2.092,2.092,2.092,2.092,761.94
1768087320000,2.092,2.093,2.091,2.093,4417.19
1768087380000,2.094,2.094,2.094,2.094,97.13
1768087440000,2.093,2.093,2.092,2.093,1740.48
1768087500000,2.093,2.094,2.093,2.094,121.39
1768087560000,2.094,2.094,2.093,2.094,217.95
1768087620000,2.094,2.094,2.093,2.094,678.93
1768087680000,2.094,2.096,2.093,2.096,679.87
1768087740000,2.097,2.097,2.096,2.096,462.22
1768087800000,2.095,2.095,2.094,2.094,394.49
1768087860000,2.094,2.095,2.094,2.094,736.99
1768087920000,2.094,2.094,2.094,2.094,7.53
1768087980000,2.094,2.094,2.094,2.094,10.53
1768088040000,2.094,2.094,2.094,2.094,20.76
1768088100000,2.093,2.093,2.09,2.091,1495.26
1768088160000,2.091,2.091,2.09,2.091,277.89
1768088220000,2.09,2.09,2.088,2.089,2154.07
1768088280000,2.09,2.092,2.09,2.092,567.05
1768088340000,2.092,2.092,2.092,2.092,0.0
1768088400000,2.091,2.092,2.091,2.092,28.9
1768088460000,2.091,2.092,2.091,2.092,6267.92
1768088520000,2.093,2.094,2.093,2.094,32.85
1768088580000,2.095,2.095,2.095,2.095,2688.16
1768088640000,2.095,2.095,2.095,2.095,46.66
1768088700000,2.095,2.095,2.094,2.094,120.77
1768088760000,2.094,2.094,2.094,2.094,0.0
1768088820000,2.094,2.096,2.094,2.096,911.6
1768088880000,2.095,2.096,2.095,2.096,257.96
1768088940000,2.096,2.097,2.096,2.097,1823.7
1768089000000,2.096,2.097,2.096,2.096,877.49
1768089060000,2.096,2.097,2.095,2.095,911.96
1768089120000,2.095,2.095,2.094,2.094,1175.52
1768089180000,2.094,2.094,2.094,2.094,177.57
1768089240000,2.094,2.094,2.094,2.094,160.27
1768089300000,2.094,2.094,2.093,2.093,2736.64
1768089360000,2.093,2.093,2.091,2.092,2407.61
1768089420000,2.092,2.092,2.092,2.092,0.0
1768089480000,2.092,2.092,2.092,2.092,1079.33
1768089540000,2.092,2.093,2.092,2.093,1592.02
1768089600000,2.093,2.093,2.093,2.093,81.55
1768089660000,2.092,2.092,2.091,2.091,2626.73
1768089720000,2.091,2.091,2.09,2.09,1434.64
1768089780000,2.09,2.09,2.09,2.09,0.0
1768089840000,2.09,2.09,2.09,2.09,2798.34
1768089900000,2.09,2.091,2.089,2.089,3370.53
1768089960000,2.089,2.089,2.089,2.089,1058.31
1768090020000,2.089,2.089,2.087,2.087,1579.52
1768090080000,2.087,2.088,2.087,2.087,3608.12
1768090140000,2.087,2.087,2.086,2.086,486.75
1768090200000,2.085,2.088,2.085,2.088,1826.33
1768090260000,2.088,2.088,2.088,2.088,3.83
1768090320000,2.089,2.09,2.089,2.09,1262.56
1768090380000,2.091,2.092,2.091,2.092,111.82
1768090440000,2.092,2.092,2.092,2.092,374.97
1768090500000,2.093,2.093,2.092,2.092,1551.3
1768090560000,2.093,2.094,2.093,2.093,43.38
1768090620000,2.093,2.095,2.093,2.094,813.95
1768090680000,2.093,2.093,2.093,2.093,5.35
1768090740000,2.094,2.094,2.092,2.092,95.43
1768090800000,2.091,2.092,2.091,2.092,2893.45
1768090860000,2.092,2.092,2.092,2.092,142.94
1768090920000,2.093,2.093,2.091,2.091,1265.46
1768090980000,2.091,2.091,2.091,2.091,7.56
1768091040000,2.092,2.094,2.092,2.094,1032.28
1768091100000,2.094,2.094,2.093,2.093,625.77
1768091160000,2.094,2.094,2.094,2.094,76.81
1768091220000,2.094,2.094,2.093,2.093,801.44
1768091280000,2.093,2.094,2.093,2.093,97.7
1768091340000,2.094,2.094,2.094,2.094,690.09
1768091400000,2.094,2.094,2.094,2.094,349.29
1768091460000,2.094,2.094,2.094,2.094,340.72
1768091520000,2.093,2.094,2.093,2.094,395.9
1768091580000,2.093,2.093,2.092,2.092,32.1
1768091640000,2.092,2.092,2.092,2.092,95.6
1768091700000,2.092,2.092,2.092,2.092,132.26
1768091760000,2.091,2.091,2.09,2.091,311.41
1768091820000,2.09,2.09,2.088,2.088,1946.47
1768091880000,2.088,2.088,2.088,2.088,3.36
1768091940000,2.087,2.089,2.087,2.089,3437.59
1768092000000,2.089,2.089,2.089,2.089,26.91
1768092060000,2.089,2.089,2.087,2.087,78.78
1768092120000,2.088,2.089,2.088,2.089,1540.7
1768092180000,2.088,2.088,2.087,2.087,195.32
1768092240000,2.087,2.087,2.086,2.086,877.2
1768092300000,2.086,2.087,2.086,2.087,523.4
1768092360000,2.087,2.089,2.087,2.089,2910.82
1768092420000,2.09,2.09,2.09,2.09,105.37
1768092480000,2.091,2.093,2.091,2.092,1474.52
1768092540000,2.091,2.092,2.091,2.092,3349.79
1768092600000,2.092,2.092,2.092,2.092,0.0
1768092660000,2.093,2.093,2.092,2.092,376.79
1768092720000,2.092,2.092,2.091,2.091,671.22
1768092780000,2.091,2.092,2.091,2.092,1188.38
1768092840000,2.091,2.091,2.091,2.091,9.92
1768092900000,2.092,2.093,2.092,2.093,320.21
1768092960000,2.093,2.093,2.093,2.093,24.47
1768093020000,2.092,2.092,2.091,2.092,481.56
1768093080000,2.093,2.093,2.093,2.093,741.15
1768093140000,2.094,2.094,2.092,2.092,2058.15
1768093200000,2.092,2.092,2.091,2.091,37.79
1768093260000,2.091,2.091,2.091,2.091,20.02
1768093320000,2.092,2.092,2.092,2.092,41.08
1768093380000,2.093,2.094,2.093,2.094,213.8
1768093440000,2.094,2.094,2.094,2.094,85.0
1768093500000,2.094,2.094,2.094,2.094,224.68
1768093560000,2.094,2.094,2.094,2.094,0.0
1768093620000,2.095,2.095,2.095,2.095,397.04
1768093680000,2.096,2.096,2.093,2.093,1881.02
1768093740000,2.093,2.093,2.093,2.093,295.53
1768093800000,2.093,2.093,2.092,2.092,128.44
1768093860000,2.092,2.092,2.091,2.091,12.56
1768093920000,2.091,2.091,2.089,2.089,386.81
1768093980000,2.09,2.09,2.09,2.09,5.04
1768094040000,2.091,2.091,2.091,2.091,471.74
1768094100000,2.092,2.092,2.091,2.091,100.09
1768094160000,2.091,2.091,2.091,2.091,2.85
1768094220000,2.092,2.092,2.092,2.092,717.01
1768094280000,2.091,2.091,2.091,2.091,12.35
1768094340000,2.091,2.092,2.091,2.092,294.97
1768094400000,2.092,2.092,2.092,2.092,12.28
1768094460000,2.093,2.093,2.093,2.093,65.27
1768094520000,2.094,2.094,2.094,2.094,298.09
1768094580000,2.094,2.094,2.093,2.093,133.64
1768094640000,2.092,2.092,2.091,2.091,4925.02
1768094700000,2.092,2.093,2.091,2.093,1131.74
1768094760000,2.094,2.094,2.093,2.093,50.35
1768094820000,2.094,2.094,2.094,2.094,286.57
1768094880000,2.093,2.094,2.093,2.093,446.03
1768094940000,2.093,2.093,2.093,2.093,14.6
1768095000000,2.093,2.093,2.092,2.092,6.94
1768095060000,2.092,2.092,2.091,2.091,1232.91
1768095120000,2.091,2.091,2.091,2.091,105.75
1768095180000,2.091,2.092,2.091,2.091,605.39
1768095240000,2.091,2.093,2.091,2.093,313.99
1768095300000,2.093,2.093,2.093,2.093,52.7
1768095360000,2.092,2.092,2.092,2.092,194.23
1768095420000,2.091,2.091,2.091,2.091,180.91
1768095480000,2.092,2.093,2.092,2.093,28.36
1768095540000,2.093,2.094,2.093,2.094,203.7
1768095600000,2.095,2.096,2.095,2.095,945.05
1768095660000,2.095,2.095,2.094,2.094,2398.68
1768095720000,2.094,2.095,2.094,2.095,222.96
1768095780000,2.096,2.096,2.096,2.096,1226.31
1768095840000,2.097,2.097,2.097,2.097,6.97
1768095900000,2.097,2.097,2.096,2.096,265.2
1768095960000,2.096,2.096,2.096,2.096,20.6
1768096020000,2.096,2.096,2.096,2.096,166.19
1768096080000,2.096,2.096,2.095,2.095,15.98
1768096140000,2.095,2.095,2.094,2.094,1104.47
1768096200000,2.095,2.096,2.095,2.095,298.67
1768096260000,2.095,2.096,2.095,2.095,867.93
1768096320000,2.095,2.097,2.095,2.095,450.36
1768096380000,2.094,2.095,2.094,2.094,195.55
1768096440000,2.094,2.095,2.094,2.095,38.17
1768096500000,2.095,2.095,2.094,2.095,40.65
1768096560000,2.095,2.095,2.095,2.095,131.63
1768096620000,2.096,2.096,2.096,2.096,1042.74
1768096680000,2.096,2.096,2.096,2.096,0.0
1768096740000,2.096,2.096,2.096,2.096,0.0
1768096800000,2.097,2.097,2.097,2.097,376.05
1768096860000,2.097,2.097,2.097,2.097,994.64
1768096920000,2.097,2.097,2.096,2.096,5667.26
1768096980000,2.096,2.096,2.096,2.096,203.18
1768097040000,2.095,2.096,2.095,2.096,311.42
1768097100000,2.096,2.096,2.095,2.095,158.72
1768097160000,2.094,2.094,2.094,2.094,438.47
1768097220000,2.094,2.094,2.093,2.094,1660.64
1768097280000,2.094,2.094,2.094,2.094,198.09
1768097340000,2.095,2.095,2.095,2.095,7.8
1768097400000,2.096,2.096,2.096,2.096,158.88
1768097460000,2.097,2.099,2.097,2.099,2283.86
1768097520000,2.099,2.099,2.097,2.098,452.51
1768097580000,2.098,2.101,2.098,2.101,14322.14
1768097640000,2.1,2.103,2.1,2.102,18544.25
1768097700000,2.102,2.103,2.101,2.102,583.05
1768097760000,2.103,2.103,2.103,2.103,822.2
1768097820000,2.103,2.104,2.102,2.102,609.95
1768097880000,2.102,2.102,2.101,2.101,130.76
1768097940000,2.1,2.1,2.1,2.1,5.99
1768098000000,2.101,2.101,2.1,2.1,296.24
1768098060000,2.1,2.1,2.099,2.099,1474.13
1768098120000,2.098,2.098,2.097,2.097,64.72
1768098180000,2.097,2.098,2.097,2.098,548.12
1768098240000,2.098,2.099,2.098,2.099,855.91
1768098300000,2.099,2.1,2.099,2.1,64.92
1768098360000,2.101,2.103,2.1,2.102,338.44
1768098420000,2.103,2.103,2.103,2.103,85.48
1768098480000,2.103,2.104,2.103,2.103,307.23
1768098540000,2.103,2.103,2.103,2.103,12.35
1768098600000,2.102,2.102,2.101,2.101,741.86
1768098660000,2.1,2.1,2.1,2.1,172.21
1768098720000,2.1,2.1,2.1,2.1,0.0
1768098780000,2.1,2.1,2.1,2.1,279.41
1768098840000,2.1,2.1,2.1,2.1,127.73
1768098900000,2.101,2.102,2.098,2.099,34778.36
1768098960000,2.099,2.1,2.099,2.1,6.78
1768099020000,2.099,2.099,2.098,2.098,559.47
1768099080000,2.098,2.098,2.098,2.098,0.0
1768099140000,2.098,2.098,2.098,2.098,216.34
1768099200000,2.099,2.101,2.099,2.1,2377.71
1768099260000,2.1,2.1,2.1,2.1,217.87
1768099320000,2.1,2.101,2.1,2.101,458.87
1768099380000,2.101,2.101,2.101,2.101,0.0
1768099440000,2.101,2.101,2.101,2.101,0.0
1768099500000,2.099,2.099,2.099,2.099,28.7
1768099560000,2.1,2.1,2.1,2.1,1710.52
1768099620000,2.1,2.1,2.099,2.099,113.98
1768099680000,2.1,2.1,2.099,2.099,36.34
1768099740000,2.1,2.1,2.1,2.1,337.73
1768099800000,2.099,2.099,2.098,2.098,130.5
1768099860000,2.098,2.098,2.097,2.098,740.76
1768099920000,2.098,2.098,2.096,2.096,297.64
1768099980000,2.096,2.096,2.095,2.095,1206.54
1768100040000,2.095,2.096,2.095,2.096,261.98
1768100100000,2.095,2.096,2.095,2.095,1233.75
1768100160000,2.095,2.095,2.095,2.095,36.16
1768100220000,2.096,2.096,2.096,2.096,15.39
1768100280000,2.095,2.095,2.095,2.095,1010.93
1768100340000,2.094,2.095,2.094,2.095,246.75
1768100400000,2.096,2.096,2.096,2.096,75.61
1768100460000,2.096,2.096,2.096,2.096,221.61
1768100520000,2.095,2.096,2.095,2.096,638.52
1768100580000,2.096,2.096,2.096,2.096,0.0
1768100640000,2.095,2.095,2.094,2.094,708.26
1768100700000,2.094,2.094,2.094,2.094,13.28
1768100760000,2.094,2.095,2.094,2.095,124.41
1768100820000,2.094,2.096,2.094,2.096,57.78
1768100880000,2.095,2.095,2.095,2.095,18.34
1768100940000,2.096,2.096,2.096,2.096,3.89
1768101000000,2.095,2.095,2.095,2.095,24.21
1768101060000,2.095,2.096,2.095,2.096,2301.46
1768101120000,2.096,2.096,2.096,2.096,0.0
1768101180000,2.097,2.097,2.097,2.097,3.81
1768101240000,2.097,2.097,2.097,2.097,63.63
1768101300000,2.096,2.096,2.096,2.096,110.0
1768101360000,2.097,2.097,2.097,2.097,7.23
1768101420000,2.097,2.099,2.097,2.099,176.31
1768101480000,2.099,2.1,2.099,2.1,125.62
1768101540000,2.101,2.102,2.101,2.102,580.03
1768101600000,2.101,2.101,2.098,2.098,1055.78
1768101660000,2.099,2.099,2.099,2.099,59.53
1768101720000,2.099,2.1,2.099,2.1,394.36
1768101780000,2.099,2.099,2.097,2.097,489.52
1768101840000,2.096,2.098,2.096,2.097,229.81
1768101900000,2.098,2.098,2.098,2.098,7.29
1768101960000,2.099,2.1,2.097,2.098,2634.95
1768102020000,2.097,2.097,2.097,2.097,64.87
1768102080000,2.096,2.096,2.096,2.096,2349.04
1768102140000,2.096,2.096,2.096,2.096,99.22
1768102200000,2.096,2.098,2.096,2.097,2171.02
1768102260000,2.097,2.097,2.097,2.097,363.49
1768102320000,2.096,2.097,2.096,2.097,34.99
1768102380000,2.097,2.097,2.097,2.097,234.78
1768102440000,2.098,2.1,2.098,2.1,1349.54
1768102500000,2.1,2.1,2.1,2.1,0.0
1768102560000,2.099,2.1,2.099,2.1,48.91
1768102620000,2.1,2.1,2.1,2.1,0.0
1768102680000,2.1,2.1,2.099,2.099,348.21
1768102740000,2.1,2.1,2.099,2.1,178.28
1768102800000,2.1,2.1,2.1,2.1,118.07
1768102860000,2.099,2.1,2.099,2.1,562.82
1768102920000,2.1,2.1,2.1,2.1,7.5
1768102980000,2.1,2.1,2.1,2.1,0.0
1768103040000,2.1,2.1,2.1,2.1,0.0
1768103100000,2.099,2.1,2.099,2.1,236.27
1768103160000,2.099,2.1,2.099,2.1,136.25
1768103220000,2.1,2.1,2.1,2.1,0.0
1768103280000,2.1,2.102,2.1,2.1,2318.99
1768103340000,2.1,2.1,2.1,2.1,48.04
1768103400000,2.1,2.1,2.1,2.1,15.93
1768103460000,2.1,2.101,2.1,2.1,102.86
1768103520000,2.1,2.102,2.1,2.1,881.24
1768103580000,2.1,2.101,2.1,2.101,303.93
1768103640000,2.101,2.101,2.1,2.1,173.46
1768103700000,2.1,2.1,2.1,2.1,12.12
1768103760000,2.101,2.101,2.1,2.1,99.47
1768103820000,2.101,2.101,2.101,2.101,17.57
1768103880000,2.101,2.102,2.101,2.102,489.62
1768103940000,2.102,2.102,2.101,2.101,150.5
1768104000000,2.1,2.101,2.1,2.1,329.17
1768104060000,2.1,2.1,2.1,2.1,158.55
1768104120000,2.1,2.1,2.1,2.1,242.4
1768104180000,2.1,2.102,2.1,2.101,10840.57
1768104240000,2.101,2.101,2.1,2.1,176.82
1768104300000,2.1,2.1,2.099,2.099,644.15
1768104360000,2.099,2.1,2.099,2.1,2231.87
1768104420000,2.101,2.102,2.101,2.101,3176.37
1768104480000,2.101,2.101,2.1,2.1,829.37
1768104540000,2.1,2.1,2.1,2.1,93.33
1768104600000,2.1,2.102,2.1,2.1,3472.33
1768104660000,2.1,2.1,2.099,2.099,1225.36
1768104720000,2.099,2.099,2.097,2.097,3060.62
1768104780000,2.098,2.098,2.097,2.098,40.65
1768104840000,2.098,2.098,2.097,2.097,297.51
1768104900000,2.098,2.098,2.098,2.098,125.12
1768104960000,2.098,2.098,2.097,2.097,44.81
1768105020000,2.098,2.098,2.096,2.096,2060.23
1768105080000,2.096,2.096,2.095,2.095,4774.89
1768105140000,2.095,2.095,2.094,2.094,199.9
1768105200000,2.095,2.095,2.095,2.095,9.58
1768105260000,2.095,2.095,2.094,2.095,229.45
1768105320000,2.096,2.097,2.096,2.097,24.74
1768105380000,2.097,2.097,2.096,2.096,621.95
1768105440000,2.097,2.097,2.097,2.097,307.7
1768105500000,2.096,2.096,2.096,2.096,346.4
1768105560000,2.096,2.096,2.095,2.096,2763.16
1768105620000,2.096,2.096,2.096,2.096,17.53
1768105680000,2.096,2.097,2.096,2.097,7.31
1768105740000,2.096,2.096,2.096,2.096,871.27
1768105800000,2.097,2.097,2.097,2.097,127.27
1768105860000,2.098,2.098,2.097,2.097,45.77
1768105920000,2.097,2.097,2.097,2.097,6.6
1768105980000,2.098,2.1,2.098,2.099,625.18
1768106040000,2.1,2.1,2.099,2.099,148.39
1768106100000,2.1,2.101,2.1,2.101,175.07
1768106160000,2.101,2.101,2.101,2.101,1581.17
1768106220000,2.102,2.102,2.102,2.102,504.78
1768106280000,2.101,2.101,2.099,2.1,2526.45
1768106340000,2.1,2.1,2.1,2.1,84.19
1768106400000,2.099,2.1,2.099,2.1,279.45
1768106460000,2.1,2.101,2.1,2.101,827.18
1768106520000,2.1,2.1,2.099,2.099,784.56
1768106580000,2.099,2.099,2.099,2.099,36.17
1768106640000,2.099,2.099,2.099,2.099,17.16
1768106700000,2.099,2.099,2.099,2.099,0.0
1768106760000,2.099,2.1,2.099,2.1,175.63
1768106820000,2.1,2.1,2.1,2.1,0.0
1768106880000,2.101,2.101,2.101,2.101,65.92
1768106940000,2.101,2.101,2.1,2.1,1058.22
1768107000000,2.101,2.102,2.101,2.102,2513.18
1768107060000,2.102,2.102,2.102,2.102,227.02
1768107120000,2.102,2.104,2.102,2.103,2110.07
1768107180000,2.103,2.105,2.103,2.105,4422.27
1768107240000,2.104,2.105,2.104,2.105,702.68
1768107300000,2.104,2.106,2.104,2.106,194.99
1768107360000,2.106,2.107,2.106,2.106,1567.63
1768107420000,2.107,2.107,2.105,2.106,4166.27
1768107480000,2.105,2.106,2.105,2.106,801.35
1768107540000,2.106,2.106,2.106,2.106,139.57
1768107600000,2.106,2.106,2.106,2.106,321.54
1768107660000,2.106,2.106,2.105,2.105,1188.94
1768107720000,2.106,2.107,2.106,2.107,52.68
1768107780000,2.106,2.106,2.106,2.106,39.6
1768107840000,2.106,2.106,2.105,2.105,1418.17
1768107900000,2.105,2.105,2.105,2.105,475.4
1768107960000,2.105,2.106,2.105,2.106,11.84
1768108020000,2.106,2.107,2.106,2.107,994.84
1768108080000,2.106,2.106,2.106,2.106,430.93
1768108140000,2.107,2.109,2.107,2.108,3481.32
1768108200000,2.108,2.108,2.108,2.108,558.01
1768108260000,2.108,2.108,2.108,2.108,17.11
1768108320000,2.108,2.108,2.107,2.107,278.67
1768108380000,2.108,2.108,2.108,2.108,15.61
1768108440000,2.108,2.108,2.108,2.108,0.0
1768108500000,2.107,2.108,2.107,2.107,38.6
1768108560000,2.108,2.108,2.107,2.107,113.98
1768108620000,2.108,2.108,2.108,2.108,16.92
1768108680000,2.107,2.107,2.105,2.105,477.05
1768108740000,2.105,2.105,2.105,2.105,1003.32
1768108800000,2.104,2.104,2.103,2.104,1933.46
1768108860000,2.104,2.104,2.103,2.103,270.45
1768108920000,2.103,2.104,2.103,2.104,72.63
1768108980000,2.103,2.103,2.103,2.103,639.68
1768109040000,2.103,2.104,2.103,2.104,207.22
1768109100000,2.104,2.104,2.103,2.104,113.19
1768109160000,2.104,2.104,2.104,2.104,7.5
1768109220000,2.105,2.105,2.104,2.104,427.56
1768109280000,2.103,2.104,2.103,2.103,85.05
1768109340000,2.104,2.104,2.104,2.104,30.41
1768109400000,2.103,2.103,2.103,2.103,408.27
1768109460000,2.104,2.105,2.104,2.105,776.55
1768109520000,2.106,2.107,2.104,2.105,1404.32
1768109580000,2.104,2.104,2.102,2.102,105.85
1768109640000,2.103,2.104,2.103,2.103,251.42
1768109700000,2.104,2.104,2.103,2.103,20.52
1768109760000,2.103,2.103,2.103,2.103,0.0
1768109820000,2.102,2.102,2.102,2.102,19.64
1768109880000,2.101,2.101,2.101,2.101,12.58
1768109940000,2.102,2.104,2.102,2.104,1255.35
1768110000000,2.103,2.104,2.103,2.104,3768.43
1768110060000,2.105,2.106,2.105,2.106,19.36
1768110120000,2.106,2.106,2.106,2.106,0.0
1768110180000,2.105,2.105,2.105,2.105,2.37
1768110240000,2.106,2.106,2.105,2.105,6861.93
1768110300000,2.106,2.106,2.106,2.106,21.67
1768110360000,2.105,2.109,2.105,2.109,1741.09
1768110420000,2.109,2.109,2.108,2.108,586.58
1768110480000,2.107,2.107,2.106,2.106,481.92
1768110540000,2.106,2.106,2.106,2.106,687.72
1768110600000,2.107,2.107,2.106,2.107,323.43
1768110660000,2.106,2.106,2.104,2.104,1095.45
1768110720000,2.105,2.106,2.105,2.105,155.01
1768110780000,2.105,2.105,2.103,2.105,3311.14
1768110840000,2.105,2.107,2.105,2.106,8253.05
1768110900000,2.106,2.107,2.106,2.107,713.01
1768110960000,2.107,2.107,2.105,2.105,3913.71
1768111020000,2.105,2.106,2.105,2.106,638.96
1768111080000,2.106,2.106,2.106,2.106,27.65
1768111140000,2.106,2.106,2.106,2.106,0.0
1768111200000,2.106,2.106,2.105,2.105,824.67
1768111260000,2.106,2.106,2.106,2.106,189.93
1768111320000,2.106,2.106,2.106,2.106,16.28
1768111380000,2.105,2.106,2.105,2.106,28.97
1768111440000,2.106,2.107,2.106,2.107,11.91
1768111500000,2.106,2.106,2.105,2.105,1492.15
1768111560000,2.105,2.105,2.104,2.104,21.41
1768111620000,2.104,2.107,2.104,2.107,3125.27
1768111680000,2.107,2.109,2.107,2.109,204.7
1768111740000,2.109,2.111,2.109,2.111,1561.15
1768111800000,2.111,2.111,2.11,2.11,549.8
1768111860000,2.111,2.111,2.11,2.11,3073.86
1768111920000,2.11,2.111,2.11,2.111,1232.88
1768111980000,2.11,2.11,2.11,2.11,1396.58
1768112040000,2.11,2.11,2.11,2.11,61.41
1768112100000,2.109,2.11,2.109,2.11,1227.36
1768112160000,2.11,2.111,2.109,2.11,3571.1
1768112220000,2.11,2.11,2.11,2.11,638.59
1768112280000,2.109,2.109,2.107,2.107,715.36
1768112340000,2.106,2.106,2.102,2.103,1013.55
1768112400000,2.103,2.104,2.102,2.102,140.84
1768112460000,2.101,2.101,2.099,2.101,2821.62
1768112520000,2.101,2.102,2.1,2.1,424.93
1768112580000,2.1,2.1,2.1,2.1,581.65
1768112640000,2.101,2.102,2.101,2.102,125.24
1768112700000,2.101,2.101,2.1,2.1,77.18
1768112760000,2.101,2.101,2.101,2.101,251.24
1768112820000,2.102,2.102,2.101,2.102,1938.61
1768112880000,2.101,2.102,2.101,2.102,15.77
1768112940000,2.102,2.102,2.101,2.102,934.31
1768113000000,2.102,2.103,2.101,2.102,155.42
1768113060000,2.102,2.102,2.102,2.102,0.0
1768113120000,2.102,2.103,2.101,2.101,5234.97
1768113180000,2.101,2.101,2.1,2.101,534.36
1768113240000,2.101,2.102,2.101,2.102,140.2
1768113300000,2.101,2.101,2.101,2.101,80.7
1768113360000,2.101,2.102,2.101,2.102,559.6
1768113420000,2.101,2.101,2.101,2.101,31.99
1768113480000,2.102,2.102,2.101,2.101,289.27
1768113540000,2.101,2.101,2.101,2.101,16.45
1768113600000,2.101,2.101,2.101,2.101,5.41
1768113660000,2.102,2.103,2.102,2.102,5134.52
1768113720000,2.102,2.102,2.102,2.102,528.75
1768113780000,2.102,2.103,2.102,2.103,606.88
1768113840000,2.103,2.103,2.103,2.103,24.68
1768113900000,2.104,2.105,2.104,2.105,402.49
1768113960000,2.105,2.105,2.104,2.104,41.05
1768114020000,2.103,2.103,2.103,2.103,36.98
1768114080000,2.104,2.104,2.104,2.104,32.5
1768114140000,2.104,2.104,2.104,2.104,0.0
1768114200000,2.104,2.104,2.104,2.104,0.0
1768114260000,2.105,2.105,2.105,2.105,47.53
1768114320000,2.106,2.108,2.106,2.108,170.98
1768114380000,2.108,2.108,2.108,2.108,666.6
1768114440000,2.109,2.11,2.109,2.11,155.0
1768114500000,2.11,2.111,2.11,2.111,508.28
1768114560000,2.111,2.111,2.111,2.111,11.02
1768114620000,2.111,2.111,2.111,2.111,602.47
1768114680000,2.112,2.112,2.11,2.11,269.48
1768114740000,2.11,2.11,2.11,2.11,824.49
1768114800000,2.11,2.11,2.11,2.11,131.86
1768114860000,2.111,2.111,2.111,2.111,39.58
1768114920000,2.111,2.111,2.111,2.111,384.89
1768114980000,2.111,2.112,2.111,2.112,811.12
1768115040000,2.111,2.112,2.11,2.11,480.47
1768115100000,2.111,2.111,2.111,2.111,41.47
1768115160000,2.111,2.111,2.111,2.111,78.86
1768115220000,2.111,2.112,2.111,2.111,541.31
1768115280000,2.111,2.112,2.111,2.111,723.46
1768115340000,2.11,2.11,2.109,2.109,5232.2
1768115400000,2.108,2.11,2.108,2.11,1428.96
1768115460000,2.11,2.11,2.11,2.11,559.59
1768115520000,2.11,2.11,2.11,2.11,685.57
1768115580000,2.109,2.109,2.109,2.109,868.22
1768115640000,2.109,2.109,2.109,2.109,11.91
1768115700000,2.109,2.111,2.109,2.11,729.24
1768115760000,2.11,2.111,2.11,2.111,56.27
1768115820000,2.11,2.11,2.11,2.11,33.17
1768115880000,2.11,2.11,2.11,2.11,1087.09
1768115940000,2.109,2.109,2.109,2.109,21.76
1768116000000,2.11,2.11,2.11,2.11,462.9
1768116060000,2.11,2.11,2.109,2.109,446.66
1768116120000,2.109,2.109,2.108,2.108,251.05
1768116180000,2.108,2.109,2.108,2.109,857.66
1768116240000,2.109,2.115,2.109,2.112,39154.3
1768116300000,2.112,2.112,2.111,2.112,1703.84
1768116360000,2.112,2.114,2.112,2.113,1203.0
1768116420000,2.113,2.113,2.112,2.112,978.41
1768116480000,2.111,2.111,2.111,2.111,206.95
1768116540000,2.112,2.112,2.112,2.112,728.25
1768116600000,2.113,2.113,2.112,2.112,1365.29
1768116660000,2.112,2.113,2.112,2.113,787.63
1768116720000,2.113,2.114,2.113,2.114,870.77
1768116780000,2.114,2.115,2.113,2.114,3472.75
1768116840000,2.115,2.115,2.115,2.115,9.57
1768116900000,2.114,2.114,2.114,2.114,297.54
1768116960000,2.115,2.115,2.114,2.115,258.11
1768117020000,2.114,2.114,2.112,2.113,146.83
1768117080000,2.112,2.112,2.112,2.112,433.58
1768117140000,2.113,2.113,2.113,2.113,909.25
1768117200000,2.114,2.114,2.113,2.114,2127.98
1768117260000,2.114,2.114,2.112,2.113,2695.31
1768117320000,2.114,2.115,2.113,2.114,1003.34
1768117380000,2.115,2.115,2.114,2.114,252.15
1768117440000,2.115,2.115,2.114,2.115,2398.93
1768117500000,2.115,2.115,2.114,2.114,1328.59
1768117560000,2.114,2.114,2.112,2.112,92.12
1768117620000,2.112,2.112,2.112,2.112,0.0
1768117680000,2.114,2.114,2.113,2.113,1048.77
1768117740000,2.114,2.114,2.114,2.114,13.51
1768117800000,2.114,2.115,2.114,2.114,691.06
1768117860000,2.114,2.115,2.114,2.115,275.27
1768117920000,2.115,2.118,2.115,2.116,10520.23
1768117980000,2.116,2.117,2.116,2.116,1800.41
1768118040000,2.116,2.117,2.116,2.117,2206.22
1768118100000,2.117,2.117,2.116,2.117,6389.0
1768118160000,2.117,2.117,2.117,2.117,6.52
1768118220000,2.116,2.118,2.116,2.117,5290.17
1768118280000,2.117,2.118,2.117,2.117,73.66
1768118340000,2.117,2.117,2.116,2.116,5328.69
1768118400000,2.116,2.116,2.115,2.115,243.99
1768118460000,2.115,2.115,2.115,2.115,110.51
1768118520000,2.114,2.114,2.113,2.114,4945.66
1768118580000,2.114,2.115,2.114,2.114,930.96
1768118640000,2.115,2.115,2.111,2.111,274.07
1768118700000,2.111,2.112,2.111,2.112,473.58
1768118760000,2.11,2.11,2.11,2.11,537.86
1768118820000,2.11,2.11,2.11,2.11,21.92
1768118880000,2.111,2.112,2.111,2.112,403.61
1768118940000,2.112,2.112,2.112,2.112,180.1
1768119000000,2.111,2.112,2.111,2.112,53.89
1768119060000,2.112,2.112,2.112,2.112,26.91
1768119120000,2.113,2.114,2.109,2.112,16619.54
1768119180000,2.111,2.112,2.111,2.112,302.7
1768119240000,2.111,2.111,2.111,2.111,33.4
1768119300000,2.111,2.112,2.111,2.112,216.55
1768119360000,2.112,2.113,2.112,2.113,1042.92
1768119420000,2.112,2.112,2.112,2.112,7.1
1768119480000,2.112,2.112,2.112,2.112,9.46
1768119540000,2.112,2.113,2.112,2.113,100.24
1768119600000,2.113,2.113,2.113,2.113,90.5
1768119660000,2.113,2.113,2.111,2.111,1700.29
1768119720000,2.112,2.113,2.112,2.113,786.58
1768119780000,2.114,2.114,2.113,2.113,14.46
1768119840000,2.113,2.114,2.113,2.114,114.94
1768119900000,2.114,2.114,2.114,2.114,175.73
1768119960000,2.113,2.113,2.111,2.111,253.97
1768120020000,2.111,2.112,2.11,2.11,49.44
1768120080000,2.111,2.112,2.111,2.112,9978.53
1768120140000,2.112,2.112,2.112,2.112,7.47
1768120200000,2.113,2.113,2.113,2.113,12.34
1768120260000,2.113,2.113,2.113,2.113,31.34
1768120320000,2.113,2.114,2.113,2.113,2570.72
1768120380000,2.113,2.114,2.113,2.114,282.9
1768120440000,2.114,2.114,2.114,2.114,563.78
1768120500000,2.115,2.115,2.115,2.115,459.7
1768120560000,2.115,2.116,2.115,2.116,1679.94
1768120620000,2.115,2.116,2.115,2.116,3456.38
1768120680000,2.116,2.116,2.115,2.115,1575.54
1768120740000,2.115,2.115,2.112,2.112,795.57
1768120800000,2.111,2.111,2.109,2.11,766.85
1768120860000,2.11,2.112,2.11,2.112,1005.16
1768120920000,2.112,2.113,2.112,2.113,197.1
1768120980000,2.112,2.112,2.112,2.112,238.63
1768121040000,2.111,2.111,2.111,2.111,20.0
1768121100000,2.111,2.111,2.11,2.111,282.1
1768121160000,2.11,2.11,2.109,2.109,54.14
1768121220000,2.109,2.11,2.109,2.11,368.9
1768121280000,2.109,2.11,2.109,2.11,201.12
1768121340000,2.11,2.111,2.11,2.111,2550.75
1768121400000,2.111,2.111,2.111,2.111,14.94
1768121460000,2.111,2.111,2.111,2.111,53.84
1768121520000,2.111,2.111,2.111,2.111,58.08
1768121580000,2.111,2.112,2.111,2.112,70.35
1768121640000,2.112,2.112,2.111,2.111,2413.54
1768121700000,2.111,2.111,2.111,2.111,48.46
1768121760000,2.111,2.119,2.111,2.117,34249.28
1768121820000,2.118,2.119,2.115,2.115,10297.26
1768121880000,2.115,2.116,2.114,2.115,963.84
1768121940000,2.116,2.116,2.115,2.115,19.97
1768122000000,2.114,2.115,2.114,2.114,866.15
1768122060000,2.115,2.118,2.115,2.117,1549.12
1768122120000,2.117,2.117,2.116,2.117,1227.64
1768122180000,2.116,2.116,2.115,2.115,452.86
1768122240000,2.115,2.115,2.115,2.115,116.23
1768122300000,2.115,2.115,2.115,2.115,3.0
1768122360000,2.115,2.116,2.115,2.116,66.45
1768122420000,2.115,2.115,2.115,2.115,815.08
1768122480000,2.115,2.116,2.115,2.116,1495.37
1768122540000,2.116,2.116,2.116,2.116,36.91
1768122600000,2.117,2.119,2.117,2.117,8871.72
1768122660000,2.117,2.119,2.116,2.118,13205.29
1768122720000,2.117,2.118,2.117,2.118,271.44
1768122780000,2.117,2.118,2.117,2.117,2800.82
1768122840000,2.117,2.117,2.117,2.117,543.02
1768122900000,2.118,2.119,2.118,2.119,3014.41
1768122960000,2.118,2.118,2.117,2.118,618.61
1768123020000,2.117,2.117,2.116,2.116,132.65
1768123080000,2.117,2.119,2.117,2.117,965.68
1768123140000,2.118,2.119,2.118,2.119,84.16
1768123200000,2.118,2.118,2.118,2.118,137.81
1768123260000,2.119,2.119,2.119,2.119,1430.5
1768123320000,2.119,2.12,2.118,2.119,237.87
1768123380000,2.119,2.12,2.119,2.119,113.82
1768123440000,2.119,2.119,2.118,2.118,100.19
1768123500000,2.118,2.119,2.118,2.118,2840.96
1768123560000,2.118,2.118,2.118,2.118,563.85
1768123620000,2.118,2.118,2.117,2.117,56.64
1768123680000,2.117,2.117,2.117,2.117,0.0
1768123740000,2.118,2.118,2.118,2.118,44.29
1768123800000,2.118,2.118,2.117,2.117,332.6
1768123860000,2.117,2.117,2.117,2.117,464.57
1768123920000,2.118,2.118,2.117,2.117,411.64
1768123980000,2.117,2.117,2.117,2.117,2.36
1768124040000,2.118,2.119,2.117,2.117,6203.6
1768124100000,2.116,2.116,2.113,2.113,654.33
1768124160000,2.114,2.114,2.114,2.114,1288.33
1768124220000,2.114,2.114,2.114,2.114,44.99
1768124280000,2.114,2.114,2.114,2.114,0.0
1768124340000,2.113,2.113,2.113,2.113,29.29
1768124400000,2.113,2.113,2.112,2.112,562.51
1768124460000,2.112,2.112,2.111,2.111,1005.92
1768124520000,2.112,2.113,2.111,2.113,1475.63
1768124580000,2.113,2.113,2.113,2.113,252.69
1768124640000,2.114,2.114,2.113,2.113,23.5
1768124700000,2.114,2.114,2.114,2.114,20.49
1768124760000,2.114,2.114,2.114,2.114,218.7
1768124820000,2.115,2.115,2.115,2.115,589.38
1768124880000,2.115,2.116,2.115,2.116,820.65
1768124940000,2.116,2.117,2.115,2.115,157.56
1768125000000,2.115,2.118,2.115,2.115,4667.8
1768125060000,2.116,2.117,2.115,2.116,1784.86
1768125120000,2.115,2.116,2.115,2.116,325.08
1768125180000,2.116,2.117,2.115,2.116,88.85
1768125240000,2.117,2.117,2.116,2.117,2825.38
1768125300000,2.116,2.116,2.116,2.116,186.28
1768125360000,2.116,2.116,2.115,2.116,1063.88
1768125420000,2.115,2.117,2.115,2.117,328.39
1768125480000,2.117,2.117,2.115,2.115,4236.3
1768125540000,2.116,2.116,2.115,2.116,2412.3
1768125600000,2.115,2.115,2.114,2.114,137.73
1768125660000,2.115,2.115,2.114,2.114,339.88
1768125720000,2.115,2.115,2.115,2.115,909.28
1768125780000,2.114,2.115,2.114,2.114,1221.28
1768125840000,2.114,2.114,2.112,2.112,2099.72
1768125900000,2.112,2.112,2.11,2.11,279.54
1768125960000,2.109,2.109,2.108,2.108,1906.64
1768126020000,2.109,2.11,2.109,2.11,395.49
1768126080000,2.11,2.11,2.109,2.109,1320.98
1768126140000,2.11,2.112,2.11,2.112,6947.18
1768126200000,2.112,2.114,2.112,2.114,572.87
1768126260000,2.114,2.115,2.114,2.115,184.28
1768126320000,2.116,2.116,2.115,2.115,43.55
1768126380000,2.115,2.116,2.115,2.116,21.22
1768126440000,2.116,2.116,2.116,2.116,190.05
1768126500000,2.116,2.116,2.114,2.114,1024.37
1768126560000,2.115,2.115,2.115,2.115,377.82
1768126620000,2.116,2.116,2.112,2.112,1431.54
1768126680000,2.112,2.112,2.11,2.11,4082.09
1768126740000,2.111,2.112,2.111,2.111,449.58
1768126800000,2.111,2.111,2.111,2.111,104.56
1768126860000,2.11,2.111,2.11,2.111,894.92
1768126920000,2.111,2.112,2.111,2.112,405.03
1768126980000,2.112,2.112,2.112,2.112,86.02
1768127040000,2.111,2.113,2.11,2.112,37795.31
1768127100000,2.112,2.112,2.111,2.111,3260.66
1768127160000,2.111,2.113,2.111,2.113,2379.53
1768127220000,2.112,2.112,2.111,2.111,501.58
1768127280000,2.111,2.111,2.111,2.111,95.44
1768127340000,2.112,2.112,2.112,2.112,9.95
1768127400000,2.111,2.111,2.111,2.111,17.38
1768127460000,2.112,2.112,2.112,2.112,2.36
1768127520000,2.111,2.112,2.111,2.112,20.34
1768127580000,2.111,2.111,2.111,2.111,47.37
1768127640000,2.112,2.112,2.112,2.112,1312.61
1768127700000,2.113,2.113,2.111,2.111,1637.45
1768127760000,2.112,2.113,2.112,2.112,358.56
1768127820000,2.111,2.111,2.11,2.111,321.57
1768127880000,2.11,2.11,2.11,2.11,23.32
1768127940000,2.109,2.109,2.109,2.109,247.05
1768128000000,2.11,2.11,2.11,2.11,573.63
1768128060000,2.11,2.11,2.11,2.11,19.11
1768128120000,2.111,2.111,2.111,2.111,1221.7
1768128180000,2.11,2.111,2.11,2.111,31.18
1768128240000,2.11,2.11,2.108,2.108,610.62
1768128300000,2.109,2.109,2.109,2.109,45.43
1768128360000,2.11,2.11,2.108,2.108,117.7
1768128420000,2.108,2.108,2.108,2.108,0.0
1768128480000,2.109,2.11,2.108,2.108,1391.7
1768128540000,2.107,2.107,2.106,2.107,762.91
1768128600000,2.107,2.107,2.107,2.107,1651.79
1768128660000,2.107,2.109,2.107,2.107,413.46
1768128720000,2.107,2.108,2.106,2.108,216.48
1768128780000,2.107,2.108,2.107,2.107,426.83
1768128840000,2.107,2.107,2.106,2.107,1103.92
1768128900000,2.107,2.108,2.107,2.107,1504.5
1768128960000,2.107,2.107,2.107,2.107,246.13
1768129020000,2.108,2.108,2.107,2.107,93.19
1768129080000,2.107,2.107,2.107,2.107,65.0
1768129140000,2.108,2.108,2.108,2.108,7.5
1768129200000,2.109,2.111,2.109,2.109,686.29
1768129260000,2.109,2.109,2.109,2.109,553.1
1768129320000,2.108,2.108,2.108,2.108,976.24
1768129380000,2.109,2.109,2.108,2.108,316.65
1768129440000,2.108,2.108,2.107,2.107,502.37
1768129500000,2.107,2.107,2.106,2.106,280.83
1768129560000,2.106,2.106,2.105,2.106,4615.39
1768129620000,2.106,2.106,2.106,2.106,333.5
1768129680000,2.106,2.106,2.105,2.106,242.67
1768129740000,2.105,2.106,2.105,2.105,44.33
1768129800000,2.105,2.107,2.105,2.107,450.5
1768129860000,2.108,2.109,2.108,2.109,310.55
1768129920000,2.11,2.11,2.11,2.11,1087.04
1768129980000,2.11,2.11,2.109,2.109,311.2
1768130040000,2.11,2.11,2.11,2.11,27.41
1768130100000,2.109,2.109,2.109,2.109,198.51
1768130160000,2.11,2.11,2.109,2.11,69.89
1768130220000,2.109,2.109,2.109,2.109,1189.52
1768130280000,2.11,2.112,2.11,2.112,3320.08
1768130340000,2.111,2.111,2.111,2.111,3.89
1768130400000,2.111,2.112,2.111,2.112,627.72
1768130460000,2.111,2.112,2.111,2.112,146.1
1768130520000,2.111,2.111,2.11,2.111,224.81
1768130580000,2.111,2.111,2.109,2.11,541.42
1768130640000,2.109,2.109,2.109,2.109,14.83
1768130700000,2.11,2.11,2.11,2.11,66.88
1768130760000,2.11,2.11,2.108,2.109,4119.3
1768130820000,2.109,2.11,2.109,2.109,150.2
1768130880000,2.109,2.109,2.109,2.109,0.0
1768130940000,2.11,2.11,2.11,2.11,28.43
1768131000000,2.11,2.11,2.11,2.11,567.94
1768131060000,2.11,2.114,2.11,2.114,83651.01
1768131120000,2.114,2.114,2.113,2.114,2026.63
1768131180000,2.114,2.114,2.113,2.114,1459.65
1768131240000,2.113,2.113,2.113,2.113,265.35
1768131300000,2.113,2.114,2.113,2.114,136.86
1768131360000,2.113,2.113,2.113,2.113,22.82
1768131420000,2.113,2.113,2.113,2.113,918.42
1768131480000,2.114,2.114,2.113,2.114,68.19
1768131540000,2.114,2.114,2.114,2.114,31.62
1768131600000,2.114,2.115,2.114,2.115,559.9
1768131660000,2.114,2.114,2.114,2.114,80.09
1768131720000,2.114,2.114,2.114,2.114,201.37
1768131780000,2.114,2.114,2.114,2.114,0.0
1768131840000,2.113,2.113,2.113,2.113,1953.68
1768131900000,2.113,2.114,2.113,2.114,224.79
1768131960000,2.113,2.113,2.111,2.111,1833.93
1768132020000,2.111,2.111,2.111,2.111,12.5
1768132080000,2.112,2.112,2.108,2.11,36069.83
1768132140000,2.11,2.11,2.11,2.11,0.0
1768132200000,2.108,2.109,2.108,2.109,136.95
1768132260000,2.108,2.108,2.106,2.108,2299.24
1768132320000,2.108,2.108,2.107,2.107,345.59
1768132380000,2.107,2.107,2.107,2.107,127.02
1768132440000,2.107,2.107,2.106,2.106,712.4
1768132500000,2.107,2.108,2.107,2.108,1176.97
1768132560000,2.109,2.11,2.109,2.11,129.44
1768132620000,2.109,2.112,2.109,2.112,712.44
1768132680000,2.111,2.111,2.11,2.11,2671.13
1768132740000,2.11,2.111,2.11,2.111,2206.0
1768132800000,2.11,2.111,2.11,2.11,202.92
1768132860000,2.111,2.111,2.109,2.109,3825.17
1768132920000,2.11,2.111,2.11,2.111,5321.96
1768132980000,2.11,2.111,2.11,2.111,28.18
1768133040000,2.111,2.112,2.111,2.112,28.7
1768133100000,2.113,2.113,2.113,2.113,612.25
1768133160000,2.114,2.114,2.114,2.114,69.82
1768133220000,2.113,2.113,2.111,2.112,3910.94
1768133280000,2.113,2.113,2.112,2.113,3193.09
1768133340000,2.113,2.113,2.111,2.112,1536.61
1768133400000,2.112,2.113,2.112,2.113,24.05
1768133460000,2.113,2.113,2.111,2.113,3287.29
1768133520000,2.113,2.115,2.113,2.114,268.28
1768133580000,2.113,2.114,2.113,2.113,2118.96
1768133640000,2.113,2.114,2.113,2.114,86.82
1768133700000,2.114,2.114,2.114,2.114,133.23
1768133760000,2.114,2.114,2.112,2.113,6371.71
1768133820000,2.113,2.115,2.113,2.114,2929.96
1768133880000,2.114,2.116,2.114,2.116,3595.41
1768133940000,2.116,2.118,2.115,2.116,5172.05
1768134000000,2.116,2.116,2.115,2.115,1017.32
1768134060000,2.115,2.115,2.113,2.113,5119.1
1768134120000,2.113,2.114,2.113,2.114,2480.42
1768134180000,2.114,2.114,2.114,2.114,350.0
1768134240000,2.115,2.116,2.113,2.113,2105.87
1768134300000,2.113,2.113,2.111,2.112,2164.03
1768134360000,2.113,2.113,2.112,2.112,1156.06
1768134420000,2.113,2.113,2.112,2.112,1841.63
1768134480000,2.113,2.113,2.112,2.112,64.0
1768134540000,2.113,2.113,2.111,2.111,1010.67
1768134600000,2.111,2.111,2.111,2.111,0.0
1768134660000,2.112,2.114,2.112,2.112,1721.1
1768134720000,2.112,2.113,2.112,2.113,3494.36
1768134780000,2.114,2.114,2.113,2.113,429.24
1768134840000,2.112,2.113,2.112,2.113,56.56
1768134900000,2.114,2.116,2.114,2.116,374.7
1768134960000,2.115,2.115,2.115,2.115,303.32
1768135020000,2.114,2.114,2.114,2.114,3.7
1768135080000,2.115,2.115,2.115,2.115,419.37
1768135140000,2.115,2.115,2.115,2.115,0.0
1768135200000,2.115,2.116,2.115,2.116,1571.92
1768135260000,2.115,2.116,2.115,2.116,1144.72
1768135320000,2.116,2.116,2.116,2.116,31.16
1768135380000,2.116,2.116,2.116,2.116,14.18
1768135440000,2.117,2.118,2.117,2.117,1059.75
1768135500000,2.116,2.117,2.116,2.117,706.42
1768135560000,2.118,2.123,2.118,2.122,21586.96
1768135620000,2.122,2.125,2.122,2.124,10667.0
1768135680000,2.123,2.125,2.121,2.122,4092.35
1768135740000,2.122,2.123,2.122,2.122,3372.66
1768135800000,2.122,2.123,2.12,2.12,832.73
1768135860000,2.12,2.12,2.117,2.118,8824.81
1768135920000,2.119,2.122,2.118,2.122,1598.01
1768135980000,2.122,2.123,2.121,2.122,1450.18
1768136040000,2.122,2.122,2.122,2.122,23.17
1768136100000,2.123,2.123,2.123,2.123,940.8
1768136160000,2.123,2.123,2.122,2.122,718.08
1768136220000,2.123,2.123,2.123,2.123,1214.37
1768136280000,2.123,2.124,2.122,2.122,3195.57
1768136340000,2.122,2.122,2.122,2.122,0.0
1768136400000,2.123,2.125,2.123,2.123,728.86
1768136460000,2.123,2.124,2.123,2.123,317.18
1768136520000,2.124,2.124,2.123,2.123,2508.16
1768136580000,2.122,2.122,2.12,2.12,8958.39
1768136640000,2.12,2.121,2.12,2.12,117.52
1768136700000,2.12,2.122,2.12,2.122,1011.64
1768136760000,2.121,2.122,2.12,2.12,436.25
1768136820000,2.12,2.122,2.12,2.121,2607.13
1768136880000,2.12,2.12,2.118,2.118,214.63
1768136940000,2.119,2.12,2.119,2.119,408.01
1768137000000,2.119,2.119,2.119,2.119,104.96
1768137060000,2.12,2.12,2.118,2.118,527.03
1768137120000,2.119,2.121,2.119,2.121,4213.17
1768137180000,2.121,2.121,2.121,2.121,50.44
1768137240000,2.121,2.121,2.12,2.12,745.99
1768137300000,2.12,2.121,2.12,2.121,4136.77
1768137360000,2.121,2.121,2.12,2.12,166.34
1768137420000,2.12,2.12,2.118,2.118,134.8
1768137480000,2.117,2.117,2.116,2.116,1070.38
1768137540000,2.116,2.117,2.115,2.115,3396.78
1768137600000,2.115,2.116,2.115,2.115,597.94
1768137660000,2.116,2.116,2.112,2.112,1218.67
1768137720000,2.112,2.112,2.112,2.112,12.36
1768137780000,2.113,2.113,2.113,2.113,6.83
1768137840000,2.112,2.112,2.111,2.111,3696.24
1768137900000,2.112,2.112,2.111,2.112,22.3
1768137960000,2.111,2.111,2.109,2.109,501.72
1768138020000,2.109,2.11,2.108,2.109,8332.98
1768138080000,2.109,2.109,2.108,2.109,96.3
1768138140000,2.108,2.108,2.107,2.107,3146.63
1768138200000,2.107,2.108,2.105,2.105,7504.04
1768138260000,2.105,2.105,2.104,2.104,253.48
1768138320000,2.104,2.105,2.104,2.105,128.21
1768138380000,2.104,2.104,2.104,2.104,1816.64
1768138440000,2.104,2.104,2.102,2.104,1999.26
1768138500000,2.103,2.104,2.101,2.103,2891.11
1768138560000,2.103,2.104,2.102,2.104,4225.65
1768138620000,2.104,2.104,2.104,2.104,1534.66
1768138680000,2.104,2.104,2.104,2.104,46.02
1768138740000,2.104,2.104,2.104,2.104,87.99
1768138800000,2.105,2.105,2.105,2.105,1359.74
1768138860000,2.104,2.105,2.102,2.102,869.52
1768138920000,2.103,2.103,2.102,2.102,576.23
1768138980000,2.102,2.102,2.101,2.101,1224.95
1768139040000,2.101,2.102,2.1,2.101,2379.06
1768139100000,2.101,2.102,2.101,2.102,1081.16
1768139160000,2.103,2.103,2.102,2.103,81.73
1768139220000,2.103,2.103,2.102,2.102,3066.75
1768139280000,2.101,2.102,2.101,2.101,244.1
1768139340000,2.101,2.103,2.101,2.103,191.93
1768139400000,2.102,2.104,2.102,2.104,139.98
1768139460000,2.103,2.104,2.103,2.103,148.77
1768139520000,2.104,2.104,2.104,2.104,88.94
1768139580000,2.105,2.105,2.103,2.103,121.03
1768139640000,2.103,2.103,2.103,2.103,232.3
1768139700000,2.103,2.104,2.103,2.103,630.03
1768139760000,2.103,2.103,2.103,2.103,1127.33
1768139820000,2.102,2.102,2.101,2.101,1086.44
1768139880000,2.102,2.102,2.1,2.101,8971.7
1768139940000,2.101,2.103,2.101,2.102,992.29
1768140000000,2.102,2.102,2.101,2.101,88.58
1768140060000,2.101,2.101,2.1,2.101,2907.27
1768140120000,2.1,2.101,2.1,2.101,2329.36
1768140180000,2.1,2.1,2.1,2.1,63.97
1768140240000,2.101,2.102,2.101,2.102,630.83
1768140300000,2.102,2.105,2.102,2.104,256.31
1768140360000,2.103,2.103,2.102,2.103,482.3
1768140420000,2.102,2.103,2.102,2.103,4913.91
1768140480000,2.102,2.103,2.102,2.102,5018.76
1768140540000,2.102,2.102,2.102,2.102,0.0
1768140600000,2.102,2.102,2.101,2.101,3517.82
1768140660000,2.102,2.102,2.102,2.102,165.69
1768140720000,2.102,2.102,2.102,2.102,94.38
1768140780000,2.102,2.102,2.101,2.101,88.35
1768140840000,2.101,2.103,2.101,2.103,568.25
1768140900000,2.102,2.102,2.1,2.1,1674.33
1768140960000,2.1,2.101,2.099,2.099,1155.16
1768141020000,2.099,2.101,2.099,2.101,2499.05
1768141080000,2.101,2.101,2.1,2.101,2229.77
1768141140000,2.102,2.102,2.102,2.102,4830.52
1768141200000,2.103,2.103,2.103,2.103,1095.21
1768141260000,2.104,2.104,2.103,2.104,1442.83
1768141320000,2.104,2.104,2.102,2.103,523.87
1768141380000,2.104,2.104,2.103,2.103,177.35
1768141440000,2.104,2.104,2.103,2.104,686.84
1768141500000,2.103,2.104,2.103,2.104,31.89
1768141560000,2.104,2.104,2.104,2.104,19.08
1768141620000,2.104,2.104,2.103,2.104,82.7
1768141680000,2.104,2.104,2.103,2.104,351.47
1768141740000,2.104,2.104,2.104,2.104,4.0
1768141800000,2.104,2.104,2.104,2.104,63.02
1768141860000,2.105,2.107,2.104,2.104,2170.0
1768141920000,2.105,2.105,2.103,2.103,1044.69
1768141980000,2.102,2.103,2.102,2.103,475.19
1768142040000,2.104,2.104,2.104,2.104,621.48
1768142100000,2.104,2.105,2.104,2.104,1388.71
1768142160000,2.103,2.104,2.103,2.103,301.87
1768142220000,2.104,2.104,2.104,2.104,485.44
1768142280000,2.105,2.105,2.104,2.105,273.15
1768142340000,2.105,2.105,2.103,2.104,282.93
1768142400000,2.103,2.103,2.102,2.103,8983.28
1768142460000,2.102,2.102,2.101,2.101,2368.89
1768142520000,2.101,2.101,2.1,2.101,2269.7
1768142580000,2.101,2.101,2.099,2.099,8188.25
1768142640000,2.098,2.101,2.098,2.1,2145.31
1768142700000,2.101,2.102,2.101,2.101,1382.45
1768142760000,2.103,2.103,2.103,2.103,330.0
1768142820000,2.102,2.103,2.102,2.102,195.74
1768142880000,2.102,2.103,2.102,2.103,615.38
1768142940000,2.103,2.103,2.102,2.102,17.25
1768143000000,2.102,2.102,2.099,2.099,916.74
1768143060000,2.099,2.1,2.099,2.1,566.3
1768143120000,2.1,2.101,2.1,2.1,2931.06
1768143180000,2.101,2.103,2.101,2.103,1881.71
1768143240000,2.102,2.107,2.102,2.107,882.74
1768143300000,2.108,2.109,2.107,2.108,797.37
1768143360000,2.109,2.111,2.109,2.11,340.95
1768143420000,2.11,2.11,2.109,2.109,1666.7
1768143480000,2.109,2.115,2.109,2.114,6254.76
1768143540000,2.115,2.117,2.109,2.111,24301.34
1768143600000,2.111,2.114,2.107,2.107,4519.67
1768143660000,2.107,2.108,2.107,2.107,524.51
1768143720000,2.108,2.108,2.107,2.107,330.94
1768143780000,2.107,2.107,2.106,2.107,526.1
1768143840000,2.106,2.106,2.103,2.104,2165.4
1768143900000,2.104,2.104,2.103,2.103,1847.56
1768143960000,2.103,2.104,2.103,2.103,770.61
1768144020000,2.103,2.104,2.103,2.103,693.5
1768144080000,2.102,2.102,2.102,2.102,14.89
1768144140000,2.102,2.103,2.102,2.102,185.94
1768144200000,2.102,2.103,2.101,2.102,1732.91
1768144260000,2.102,2.102,2.099,2.099,2609.21
1768144320000,2.099,2.101,2.099,2.101,3272.07
1768144380000,2.1,2.1,2.095,2.096,6113.98
1768144440000,2.096,2.097,2.096,2.097,1827.36
1768144500000,2.097,2.097,2.095,2.095,1405.05
1768144560000,2.096,2.099,2.096,2.099,507.17
1768144620000,2.099,2.1,2.098,2.099,1655.37
1768144680000,2.099,2.1,2.099,2.099,2624.18
1768144740000,2.099,2.099,2.098,2.098,171.56
1768144800000,2.098,2.099,2.097,2.097,744.4
1768144860000,2.097,2.097,2.096,2.097,655.77
1768144920000,2.097,2.098,2.097,2.098,261.42
1768144980000,2.097,2.097,2.097,2.097,19.82
1768145040000,2.098,2.098,2.098,2.098,68.18
1768145100000,2.099,2.1,2.099,2.1,530.73
1768145160000,2.098,2.098,2.098,2.098,114.82
1768145220000,2.098,2.098,2.095,2.095,10873.46
1768145280000,2.095,2.096,2.095,2.096,314.59
1768145340000,2.096,2.097,2.095,2.095,3848.1
1768145400000,2.096,2.096,2.092,2.094,4572.88
1768145460000,2.094,2.098,2.093,2.097,3896.04
1768145520000,2.096,2.097,2.095,2.095,1440.69
1768145580000,2.095,2.095,2.094,2.094,83.74
1768145640000,2.093,2.094,2.093,2.094,1334.57
1768145700000,2.094,2.094,2.093,2.094,577.47
1768145760000,2.093,2.093,2.092,2.092,958.67
1768145820000,2.093,2.093,2.092,2.093,1819.32
1768145880000,2.094,2.094,2.094,2.094,197.93
1768145940000,2.093,2.094,2.093,2.093,543.92
1768146000000,2.093,2.093,2.093,2.093,14.66
1768146060000,2.093,2.093,2.092,2.092,1260.89
1768146120000,2.092,2.092,2.088,2.09,11576.15
1768146180000,2.09,2.09,2.082,2.086,20869.93
1768146240000,2.086,2.086,2.083,2.084,4880.25
1768146300000,2.085,2.085,2.082,2.083,6218.16
1768146360000,2.083,2.086,2.083,2.085,2851.63
1768146420000,2.086,2.086,2.084,2.085,1397.98
1768146480000,2.084,2.084,2.073,2.078,25738.72
1768146540000,2.077,2.077,2.07,2.072,36857.82
1768146600000,2.071,2.074,2.071,2.073,9307.79
1768146660000,2.074,2.075,2.072,2.075,7909.78
1768146720000,2.074,2.077,2.072,2.077,2455.98
1768146780000,2.077,2.077,2.076,2.077,373.14
1768146840000,2.077,2.077,2.077,2.077,599.8
1768146900000,2.076,2.077,2.075,2.077,5174.36
1768146960000,2.076,2.079,2.076,2.078,2116.67
1768147020000,2.079,2.081,2.079,2.08,3841.84
1768147080000,2.079,2.081,2.079,2.08,268.06
1768147140000,2.079,2.08,2.079,2.079,982.4
1768147200000,2.079,2.08,2.077,2.08,5347.91
1768147260000,2.079,2.083,2.079,2.083,4790.84
1768147320000,2.083,2.084,2.079,2.08,3263.99
1768147380000,2.08,2.081,2.08,2.08,201.76
1768147440000,2.08,2.082,2.08,2.081,779.55
1768147500000,2.082,2.082,2.08,2.081,101.99
1768147560000,2.081,2.082,2.081,2.081,407.02
1768147620000,2.081,2.082,2.079,2.079,1460.99
1768147680000,2.079,2.08,2.079,2.08,665.04
1768147740000,2.08,2.081,2.079,2.079,1256.55
1768147800000,2.079,2.079,2.077,2.077,1267.5
1768147860000,2.077,2.078,2.076,2.077,2295.06
1768147920000,2.077,2.078,2.076,2.076,2653.02
1768147980000,2.076,2.076,2.076,2.076,2190.07
1768148040000,2.075,2.075,2.073,2.074,4147.29
1768148100000,2.074,2.074,2.073,2.074,233.17
1768148160000,2.074,2.077,2.073,2.076,4663.67
1768148220000,2.077,2.077,2.076,2.076,6405.69
1768148280000,2.075,2.075,2.073,2.073,918.94
1768148340000,2.074,2.078,2.074,2.078,2114.77
1768148400000,2.079,2.08,2.078,2.08,530.42
1768148460000,2.079,2.079,2.078,2.078,2665.83
1768148520000,2.078,2.082,2.078,2.082,1918.05
1768148580000,2.082,2.082,2.081,2.081,531.94
1768148640000,2.081,2.081,2.08,2.081,1281.2
1768148700000,2.082,2.082,2.082,2.082,2.95
1768148760000,2.082,2.082,2.079,2.079,2623.93
1768148820000,2.08,2.084,2.08,2.083,7938.72
1768148880000,2.083,2.089,2.083,2.089,18739.18
1768148940000,2.089,2.095,2.088,2.09,15999.56
1768149000000,2.091,2.102,2.091,2.101,36494.29
1768149060000,2.101,2.112,2.101,2.11,73152.71
1768149120000,2.111,2.112,2.105,2.112,29867.68
1768149180000,2.11,2.11,2.103,2.103,1433.78
1768149240000,2.104,2.105,2.103,2.104,2356.6
1768149300000,2.105,2.111,2.105,2.109,2239.47
1768149360000,2.11,2.111,2.109,2.109,3275.26
1768149420000,2.11,2.11,2.108,2.108,7657.84
1768149480000,2.109,2.109,2.108,2.108,157.68
1768149540000,2.107,2.107,2.106,2.106,126.89
1768149600000,2.106,2.106,2.106,2.106,663.08
1768149660000,2.106,2.106,2.105,2.105,815.23
1768149720000,2.104,2.105,2.104,2.104,201.41
1768149780000,2.104,2.104,2.103,2.104,34.7
1768149840000,2.104,2.105,2.104,2.104,297.76
1768149900000,2.105,2.105,2.104,2.104,708.43
1768149960000,2.105,2.105,2.102,2.102,1402.74
1768150020000,2.101,2.103,2.101,2.102,3729.24
1768150080000,2.101,2.101,2.099,2.1,1326.73
1768150140000,2.098,2.098,2.094,2.094,4328.16
1768150200000,2.095,2.095,2.092,2.092,4681.0
1768150260000,2.092,2.093,2.091,2.091,2765.56
1768150320000,2.092,2.097,2.092,2.095,890.24
1768150380000,2.095,2.096,2.093,2.093,2892.83
1768150440000,2.093,2.096,2.093,2.096,792.26
1768150500000,2.097,2.097,2.096,2.096,648.34
1768150560000,2.096,2.096,2.096,2.096,299.17
1768150620000,2.096,2.096,2.096,2.096,4.1
1768150680000,2.096,2.096,2.096,2.096,38.9
1768150740000,2.096,2.097,2.096,2.096,372.66
1768150800000,2.097,2.098,2.096,2.098,3215.81
1768150860000,2.098,2.098,2.097,2.097,92.54
1768150920000,2.097,2.097,2.096,2.096,527.15
1768150980000,2.097,2.097,2.095,2.095,2128.59
1768151040000,2.095,2.096,2.095,2.096,30.66
1768151100000,2.097,2.098,2.097,2.098,41.34
1768151160000,2.098,2.099,2.098,2.099,422.1
1768151220000,2.098,2.1,2.098,2.1,4809.2
1768151280000,2.1,2.1,2.1,2.1,107.54
1768151340000,2.101,2.102,2.101,2.102,380.65
1768151400000,2.103,2.104,2.103,2.104,3154.76
1768151460000,2.105,2.105,2.105,2.105,404.96
1768151520000,2.106,2.106,2.105,2.105,114.33
1768151580000,2.104,2.104,2.102,2.102,216.44
1768151640000,2.102,2.102,2.101,2.101,23.73
1768151700000,2.102,2.102,2.096,2.096,1911.21
1768151760000,2.096,2.097,2.096,2.096,450.12
1768151820000,2.097,2.097,2.097,2.097,412.31
1768151880000,2.096,2.096,2.095,2.095,612.67
1768151940000,2.094,2.095,2.094,2.095,256.29
1768152000000,2.096,2.096,2.094,2.095,4193.28
1768152060000,2.096,2.096,2.095,2.095,2462.92
1768152120000,2.095,2.098,2.095,2.098,1109.73
1768152180000,2.097,2.098,2.097,2.097,2811.3
1768152240000,2.096,2.096,2.096,2.096,176.02
1768152300000,2.095,2.095,2.095,2.095,22.46
1768152360000,2.095,2.096,2.094,2.094,105.91
1768152420000,2.094,2.095,2.094,2.095,217.57
1768152480000,2.094,2.094,2.094,2.094,19.21
1768152540000,2.095,2.095,2.094,2.095,34.75
1768152600000,2.094,2.094,2.093,2.093,744.17
1768152660000,2.093,2.093,2.093,2.093,422.48
1768152720000,2.094,2.095,2.094,2.095,72.62
1768152780000,2.096,2.096,2.096,2.096,468.61
1768152840000,2.096,2.097,2.096,2.097,95.14
1768152900000,2.096,2.096,2.094,2.094,7307.52
1768152960000,2.093,2.093,2.091,2.091,1180.62
1768153020000,2.091,2.091,2.087,2.087,19169.86
1768153080000,2.087,2.09,2.087,2.088,5031.53
1768153140000,2.089,2.091,2.089,2.089,623.82
1768153200000,2.09,2.09,2.09,2.09,82.76
1768153260000,2.089,2.09,2.089,2.09,82.14
1768153320000,2.089,2.091,2.089,2.091,1207.82
1768153380000,2.091,2.091,2.091,2.091,54.89
1768153440000,2.092,2.096,2.092,2.096,2459.38
1768153500000,2.096,2.096,2.093,2.093,688.52
1768153560000,2.092,2.094,2.092,2.093,1445.26
1768153620000,2.093,2.093,2.092,2.092,162.08
1768153680000,2.092,2.092,2.092,2.092,0.0
1768153740000,2.093,2.096,2.093,2.095,1099.71
1768153800000,2.095,2.097,2.095,2.097,379.81
1768153860000,2.097,2.098,2.096,2.096,5094.42
1768153920000,2.097,2.098,2.097,2.097,2195.7
1768153980000,2.097,2.1,2.097,2.099,984.5
1768154040000,2.099,2.1,2.099,2.1,795.09
1768154100000,2.1,2.102,2.1,2.1,1426.41
1768154160000,2.101,2.102,2.1,2.1,454.04
1768154220000,2.101,2.101,2.099,2.1,1011.05
1768154280000,2.101,2.101,2.101,2.101,338.66
1768154340000,2.101,2.102,2.101,2.102,610.97
1768154400000,2.102,2.102,2.102,2.102,420.28
1768154460000,2.101,2.101,2.099,2.099,539.66
1768154520000,2.098,2.098,2.097,2.097,840.66
1768154580000,2.097,2.097,2.095,2.095,1316.79
1768154640000,2.096,2.097,2.095,2.095,1088.98
1768154700000,2.095,2.096,2.095,2.095,99.43
1768154760000,2.094,2.095,2.094,2.095,258.47
1768154820000,2.094,2.095,2.093,2.094,1024.56
1768154880000,2.095,2.097,2.095,2.097,345.71
1768154940000,2.096,2.097,2.096,2.096,517.07
1768155000000,2.096,2.097,2.096,2.097,47.32
1768155060000,2.097,2.097,2.097,2.097,11.93
1768155120000,2.097,2.097,2.096,2.096,137.75
1768155180000,2.096,2.096,2.096,2.096,20.08
1768155240000,2.096,2.096,2.096,2.096,262.12
1768155300000,2.097,2.098,2.097,2.097,164.52
1768155360000,2.096,2.096,2.093,2.093,678.08
1768155420000,2.093,2.094,2.093,2.093,444.32
1768155480000,2.094,2.095,2.094,2.095,28.58
1768155540000,2.094,2.094,2.092,2.092,502.42
1768155600000,2.093,2.093,2.092,2.093,502.7
1768155660000,2.092,2.093,2.092,2.093,167.23
1768155720000,2.092,2.092,2.092,2.092,12.32
1768155780000,2.092,2.092,2.091,2.091,58.81
1768155840000,2.091,2.091,2.091,2.091,49.6
1768155900000,2.09,2.09,2.09,2.09,15.79
1768155960000,2.09,2.09,2.087,2.088,3075.45
1768156020000,2.089,2.091,2.089,2.091,546.54
1768156080000,2.09,2.09,2.09,2.09,28.48
1768156140000,2.091,2.091,2.091,2.091,15.0
1768156200000,2.092,2.092,2.092,2.092,25.18
1768156260000,2.093,2.093,2.092,2.093,616.82
1768156320000,2.093,2.093,2.092,2.093,891.67
1768156380000,2.092,2.094,2.092,2.094,1050.87
1768156440000,2.094,2.094,2.094,2.094,0.0
1768156500000,2.093,2.093,2.089,2.09,5134.43
1768156560000,2.089,2.09,2.089,2.089,1851.14
1768156620000,2.088,2.089,2.088,2.089,201.51
1768156680000,2.089,2.089,2.088,2.089,689.54
1768156740000,2.089,2.09,2.089,2.09,169.61
1768156800000,2.09,2.09,2.089,2.089,330.59
1768156860000,2.09,2.091,2.09,2.091,39.13
1768156920000,2.091,2.093,2.091,2.092,1448.43
1768156980000,2.092,2.092,2.091,2.092,183.86
1768157040000,2.092,2.093,2.092,2.093,116.56
1768157100000,2.093,2.095,2.093,2.095,676.63
1768157160000,2.095,2.095,2.095,2.095,6.2
1768157220000,2.095,2.095,2.095,2.095,0.0
1768157280000,2.094,2.095,2.093,2.095,2645.11
1768157340000,2.095,2.095,2.094,2.094,149.94
1768157400000,2.094,2.094,2.092,2.092,270.67
1768157460000,2.092,2.093,2.091,2.091,594.57
1768157520000,2.091,2.093,2.091,2.093,308.32
1768157580000,2.093,2.095,2.093,2.095,207.88
1768157640000,2.095,2.098,2.094,2.097,695.82
1768157700000,2.098,2.099,2.098,2.099,4439.97
1768157760000,2.099,2.099,2.098,2.098,886.14
1768157820000,2.098,2.098,2.096,2.097,437.32
1768157880000,2.096,2.097,2.096,2.097,311.61
1768157940000,2.097,2.097,2.096,2.097,176.05
1768158000000,2.097,2.098,2.097,2.097,67.32
1768158060000,2.097,2.098,2.097,2.097,4574.5
1768158120000,2.097,2.097,2.097,2.097,766.62
1768158180000,2.096,2.096,2.096,2.096,87.56
1768158240000,2.097,2.099,2.097,2.099,2530.73
1768158300000,2.098,2.098,2.098,2.098,77.8
1768158360000,2.098,2.098,2.096,2.096,1043.83
1768158420000,2.097,2.097,2.096,2.096,259.12
1768158480000,2.096,2.097,2.096,2.097,1136.03
1768158540000,2.097,2.097,2.096,2.096,121.23
1768158600000,2.097,2.097,2.097,2.097,526.77
1768158660000,2.097,2.1,2.097,2.1,2521.37
1768158720000,2.101,2.101,2.1,2.101,2072.33
1768158780000,2.101,2.101,2.101,2.101,403.77
1768158840000,2.101,2.101,2.101,2.101,0.0
1768158900000,2.101,2.102,2.101,2.102,93.91
1768158960000,2.101,2.101,2.096,2.096,2680.7
1768159020000,2.095,2.096,2.094,2.096,695.41
1768159080000,2.096,2.097,2.095,2.096,899.43
1768159140000,2.096,2.098,2.096,2.097,1783.12
1768159200000,2.098,2.099,2.097,2.097,205.3
1768159260000,2.097,2.097,2.097,2.097,0.0
1768159320000,2.098,2.098,2.098,2.098,47.66
1768159380000,2.098,2.098,2.098,2.098,3183.71
1768159440000,2.097,2.097,2.097,2.097,132.14
1768159500000,2.097,2.097,2.096,2.096,500.0
1768159560000,2.095,2.095,2.095,2.095,680.05
1768159620000,2.095,2.095,2.095,2.095,6.92
1768159680000,2.096,2.098,2.096,2.098,116.03
1768159740000,2.098,2.098,2.098,2.098,0.0
1768159800000,2.096,2.098,2.096,2.098,992.17
1768159860000,2.098,2.098,2.098,2.098,1041.21
1768159920000,2.098,2.098,2.097,2.097,163.26
1768159980000,2.097,2.097,2.096,2.096,1012.86
1768160040000,2.096,2.096,2.095,2.096,72.95
1768160100000,2.096,2.096,2.095,2.095,155.35
1768160160000,2.094,2.094,2.093,2.094,838.49
1768160220000,2.095,2.095,2.095,2.095,955.4
1768160280000,2.095,2.095,2.095,2.095,909.8
1768160340000,2.094,2.094,2.094,2.094,1138.46
1768160400000,2.094,2.094,2.093,2.094,631.8
1768160460000,2.095,2.097,2.095,2.096,1008.18
1768160520000,2.096,2.096,2.095,2.095,23.77
1768160580000,2.094,2.094,2.094,2.094,521.62
1768160640000,2.094,2.094,2.093,2.093,436.56
1768160700000,2.093,2.093,2.092,2.092,2135.37
1768160760000,2.091,2.091,2.088,2.089,1699.11
1768160820000,2.089,2.089,2.087,2.088,706.18
1768160880000,2.087,2.087,2.086,2.086,634.24
1768160940000,2.087,2.09,2.087,2.09,935.18
1768161000000,2.09,2.09,2.089,2.089,484.22
1768161060000,2.089,2.089,2.088,2.088,449.33
1768161120000,2.087,2.089,2.087,2.088,379.66
1768161180000,2.087,2.088,2.087,2.087,118.1
1768161240000,2.087,2.091,2.087,2.09,1981.66
1768161300000,2.09,2.09,2.088,2.089,1368.71
1768161360000,2.09,2.091,2.09,2.091,707.27
1768161420000,2.09,2.09,2.09,2.09,153.23
1768161480000,2.09,2.091,2.09,2.091,25.97
1768161540000,2.09,2.09,2.089,2.09,899.95
1768161600000,2.089,2.089,2.084,2.086,3542.11
1768161660000,2.085,2.085,2.082,2.082,904.33
1768161720000,2.082,2.083,2.08,2.083,3998.91
1768161780000,2.082,2.082,2.082,2.082,419.37
1768161840000,2.081,2.082,2.08,2.081,4344.57
1768161900000,2.08,2.08,2.07,2.071,17463.49
1768161960000,2.071,2.075,2.065,2.074,18255.89
1768162020000,2.075,2.075,2.071,2.072,4185.18
1768162080000,2.072,2.072,2.071,2.071,1325.08
1768162140000,2.071,2.073,2.071,2.072,2213.51
1768162200000,2.072,2.072,2.071,2.071,4023.77
1768162260000,2.071,2.072,2.069,2.072,4223.36
1768162320000,2.071,2.074,2.071,2.074,2568.41
1768162380000,2.074,2.075,2.073,2.074,1300.39
1768162440000,2.074,2.074,2.072,2.073,607.58
1768162500000,2.072,2.072,2.067,2.067,5546.38
1768162560000,2.068,2.068,2.065,2.067,5335.23
1768162620000,2.067,2.067,2.061,2.065,10841.46
1768162680000,2.064,2.064,2.061,2.063,7221.91
1768162740000,2.063,2.063,2.061,2.063,4056.72
1768162800000,2.062,2.063,2.061,2.063,5973.85
1768162860000,2.062,2.063,2.061,2.063,3070.77
1768162920000,2.063,2.066,2.063,2.066,3632.98
1768162980000,2.066,2.069,2.065,2.066,15802.87
1768163040000,2.066,2.066,2.062,2.063,4208.62
1768163100000,2.063,2.063,2.062,2.062,1337.24
1768163160000,2.062,2.066,2.062,2.066,1060.59
1768163220000,2.066,2.066,2.064,2.066,3634.19
1768163280000,2.066,2.067,2.066,2.066,2049.56
1768163340000,2.066,2.066,2.066,2.066,116.06
1768163400000,2.065,2.066,2.064,2.064,2792.46
1768163460000,2.063,2.064,2.061,2.061,1195.28
1768163520000,2.061,2.066,2.061,2.066,5586.49
1768163580000,2.065,2.068,2.065,2.066,2623.09
1768163640000,2.066,2.068,2.066,2.067,1139.72
1768163700000,2.067,2.069,2.067,2.067,174.24
1768163760000,2.068,2.07,2.068,2.07,944.45
1768163820000,2.069,2.069,2.069,2.069,518.97
1768163880000,2.069,2.07,2.069,2.069,445.11
1768163940000,2.069,2.07,2.069,2.07,2096.76
1768164000000,2.07,2.07,2.068,2.068,5177.08
1768164060000,2.068,2.069,2.068,2.068,286.86
1768164120000,2.068,2.068,2.066,2.066,965.46
1768164180000,2.066,2.066,2.065,2.065,493.18
1768164240000,2.065,2.066,2.065,2.066,356.47
1768164300000,2.067,2.068,2.066,2.068,85.24
1768164360000,2.068,2.069,2.068,2.068,228.14
1768164420000,2.068,2.068,2.067,2.067,88.72
1768164480000,2.067,2.067,2.067,2.067,367.09
1768164540000,2.068,2.069,2.068,2.069,1624.03
1768164600000,2.068,2.068,2.067,2.067,781.52
1768164660000,2.067,2.068,2.066,2.067,8502.2
1768164720000,2.067,2.068,2.067,2.067,570.37
1768164780000,2.067,2.069,2.067,2.067,1269.37
1768164840000,2.067,2.068,2.067,2.068,441.71
1768164900000,2.068,2.07,2.068,2.07,826.3
1768164960000,2.069,2.069,2.069,2.069,11.72
1768165020000,2.07,2.071,2.069,2.071,1181.46
1768165080000,2.071,2.072,2.07,2.07,2880.91
1768165140000,2.069,2.07,2.069,2.069,664.36
1768165200000,2.068,2.068,2.064,2.067,90176.45
1768165260000,2.067,2.067,2.065,2.065,2013.99
1768165320000,2.066,2.067,2.066,2.066,2173.6
1768165380000,2.066,2.066,2.065,2.065,2882.71
1768165440000,2.065,2.065,2.058,2.06,15484.59
1768165500000,2.06,2.06,2.055,2.059,11719.64
1768165560000,2.058,2.061,2.058,2.061,4235.63
1768165620000,2.061,2.062,2.059,2.059,2308.27
1768165680000,2.06,2.062,2.06,2.06,4048.72
1768165740000,2.06,2.06,2.059,2.059,609.9
1768165800000,2.059,2.061,2.059,2.061,912.92
1768165860000,2.061,2.062,2.061,2.062,871.6
1768165920000,2.062,2.062,2.061,2.061,841.55
1768165980000,2.061,2.062,2.061,2.062,159.61
1768166040000,2.062,2.062,2.062,2.062,1030.14
1768166100000,2.061,2.062,2.061,2.061,3160.8
1768166160000,2.062,2.066,2.062,2.065,1782.24
1768166220000,2.064,2.065,2.064,2.065,337.63
1768166280000,2.066,2.067,2.066,2.066,62.62
1768166340000,2.065,2.065,2.065,2.065,162.89
1768166400000,2.065,2.065,2.064,2.064,590.29
1768166460000,2.064,2.064,2.063,2.063,424.48
1768166520000,2.063,2.064,2.063,2.064,286.1
1768166580000,2.065,2.065,2.064,2.064,296.88
1768166640000,2.065,2.066,2.065,2.065,2423.68
1768166700000,2.065,2.066,2.065,2.066,1886.71
1768166760000,2.065,2.065,2.065,2.065,264.6
1768166820000,2.065,2.065,2.065,2.065,536.61
1768166880000,2.064,2.064,2.062,2.062,237.94
1768166940000,2.063,2.063,2.063,2.063,414.32
1768167000000,2.063,2.066,2.063,2.066,2655.59
1768167060000,2.067,2.067,2.066,2.066,665.19
1768167120000,2.065,2.065,2.063,2.063,444.53
1768167180000,2.063,2.064,2.063,2.064,852.19
1768167240000,2.065,2.065,2.064,2.064,190.82
1768167300000,2.065,2.065,2.064,2.064,106.37
1768167360000,2.064,2.064,2.062,2.062,5187.68
1768167420000,2.062,2.062,2.062,2.062,624.45
1768167480000,2.061,2.061,2.061,2.061,212.65
1768167540000,2.062,2.062,2.061,2.061,35.34
1768167600000,2.061,2.061,2.06,2.061,188.63
1768167660000,2.061,2.064,2.061,2.064,46.89
1768167720000,2.065,2.065,2.065,2.065,182.89
1768167780000,2.065,2.065,2.065,2.065,312.59
1768167840000,2.065,2.065,2.064,2.064,407.05
1768167900000,2.065,2.065,2.065,2.065,132.83
1768167960000,2.065,2.065,2.064,2.065,1475.67
1768168020000,2.066,2.067,2.065,2.067,164.09
1768168080000,2.067,2.068,2.067,2.068,155.0
1768168140000,2.068,2.068,2.068,2.068,0.0
1768168200000,2.069,2.07,2.068,2.07,543.65
1768168260000,2.068,2.07,2.067,2.067,3170.99
1768168320000,2.067,2.071,2.067,2.07,2070.37
1768168380000,2.071,2.076,2.071,2.074,10254.43
1768168440000,2.073,2.073,2.073,2.073,583.52
1768168500000,2.073,2.074,2.073,2.073,1082.15
1768168560000,2.074,2.074,2.072,2.072,961.71
1768168620000,2.074,2.075,2.074,2.075,61.6
1768168680000,2.075,2.075,2.074,2.074,547.0
1768168740000,2.075,2.076,2.074,2.074,1755.35
1768168800000,2.074,2.074,2.072,2.072,1403.95
1768168860000,2.072,2.072,2.068,2.068,1247.51
1768168920000,2.067,2.067,2.066,2.066,1336.49
1768168980000,2.067,2.067,2.063,2.064,3872.57
1768169040000,2.063,2.063,2.06,2.061,1963.68
1768169100000,2.06,2.06,2.056,2.058,6869.22
1768169160000,2.058,2.059,2.058,2.058,1485.67
1768169220000,2.057,2.057,2.057,2.057,119.73
1768169280000,2.058,2.058,2.047,2.051,25931.33
1768169340000,2.051,2.052,2.05,2.051,10006.39
1768169400000,2.051,2.052,2.05,2.051,3546.9
1768169460000,2.052,2.052,2.049,2.051,8008.07
1768169520000,2.051,2.053,2.05,2.053,626.46
1768169580000,2.053,2.059,2.053,2.057,3901.35
1768169640000,2.057,2.06,2.057,2.057,2119.1
1768169700000,2.057,2.059,2.057,2.059,1027.4
1768169760000,2.058,2.058,2.057,2.058,5660.62
1768169820000,2.057,2.057,2.053,2.054,1994.77
1768169880000,2.054,2.055,2.051,2.052,5934.09
1768169940000,2.052,2.053,2.052,2.053,31.74
1768170000000,2.054,2.056,2.054,2.056,88.57
1768170060000,2.057,2.058,2.055,2.056,8470.23
1768170120000,2.057,2.057,2.056,2.056,141.58
1768170180000,2.056,2.057,2.056,2.057,150.1
1768170240000,2.058,2.061,2.058,2.061,398.67
1768170300000,2.061,2.061,2.06,2.06,195.72
1768170360000,2.061,2.062,2.061,2.062,494.96
1768170420000,2.061,2.061,2.06,2.061,163.18
1768170480000,2.06,2.06,2.06,2.06,1640.45
1768170540000,2.06,2.06,2.058,2.058,721.37
1768170600000,2.059,2.059,2.057,2.059,316.61
1768170660000,2.059,2.061,2.059,2.061,1842.87
1768170720000,2.061,2.061,2.058,2.058,1805.2
1768170780000,2.059,2.06,2.059,2.06,532.53
1768170840000,2.061,2.061,2.06,2.06,270.23
1768170900000,2.061,2.061,2.058,2.058,1069.56
1768170960000,2.058,2.058,2.054,2.054,3924.77
1768171020000,2.053,2.054,2.052,2.054,1643.56
1768171080000,2.054,2.057,2.054,2.057,524.94
1768171140000,2.057,2.058,2.057,2.058,597.31
1768171200000,2.058,2.06,2.058,2.058,1143.3
1768171260000,2.06,2.063,2.06,2.063,1282.22
1768171320000,2.062,2.062,2.061,2.062,294.11
1768171380000,2.062,2.063,2.062,2.063,1871.76
1768171440000,2.063,2.064,2.063,2.063,3342.51
1768171500000,2.062,2.062,2.06,2.06,143.08
1768171560000,2.06,2.062,2.06,2.062,110.64
1768171620000,2.062,2.063,2.062,2.063,58.55
1768171680000,2.062,2.063,2.061,2.061,444.88
1768171740000,2.06,2.06,2.058,2.06,2194.38
1768171800000,2.059,2.06,2.059,2.059,84.62
1768171860000,2.059,2.059,2.057,2.057,558.61
1768171920000,2.057,2.057,2.056,2.056,790.54
1768171980000,2.056,2.057,2.056,2.057,160.67
1768172040000,2.056,2.056,2.054,2.054,436.95
1768172100000,2.054,2.055,2.054,2.055,672.91
1768172160000,2.056,2.056,2.055,2.055,71.74
1768172220000,2.055,2.056,2.055,2.056,3205.56
1768172280000,2.055,2.055,2.055,2.055,351.18
1768172340000,2.054,2.054,2.052,2.052,626.65
1768172400000,2.052,2.054,2.051,2.052,1285.88
1768172460000,2.053,2.055,2.053,2.053,548.51
1768172520000,2.053,2.054,2.044,2.046,12937.57
1768172580000,2.046,2.05,2.045,2.048,4010.96
1768172640000,2.048,2.048,2.037,2.043,34054.84
1768172700000,2.042,2.042,2.034,2.04,15578.88
1768172760000,2.041,2.042,2.04,2.04,2912.93
1768172820000,2.039,2.048,2.039,2.048,3224.52
1768172880000,2.047,2.048,2.046,2.046,2135.93
1768172940000,2.046,2.051,2.046,2.051,4268.29
1768173000000,2.051,2.058,2.051,2.056,1407.48
1768173060000,2.057,2.058,2.053,2.056,2830.11
1768173120000,2.055,2.059,2.055,2.059,17218.01
1768173180000,2.059,2.06,2.056,2.056,1639.6
1768173240000,2.056,2.06,2.056,2.06,2053.63
1768173300000,2.06,2.066,2.06,2.062,2688.58
1768173360000,2.064,2.066,2.063,2.066,3764.03
1768173420000,2.066,2.069,2.065,2.067,2522.84
1768173480000,2.067,2.069,2.065,2.069,1360.54
1768173540000,2.069,2.073,2.069,2.073,4225.15
1768173600000,2.073,2.075,2.071,2.071,4904.75
1768173660000,2.071,2.071,2.065,2.065,8923.19
1768173720000,2.066,2.066,2.062,2.062,5452.7
1768173780000,2.061,2.063,2.061,2.063,18740.22
1768173840000,2.063,2.064,2.061,2.061,1162.93
1768173900000,2.06,2.061,2.06,2.061,729.52
1768173960000,2.061,2.064,2.061,2.063,1580.52
1768174020000,2.063,2.064,2.06,2.061,12837.86
1768174080000,2.062,2.063,2.062,2.063,436.08
1768174140000,2.064,2.064,2.06,2.06,38.31
1768174200000,2.06,2.06,2.058,2.059,417.3
1768174260000,2.059,2.06,2.058,2.059,446.62
1768174320000,2.059,2.061,2.059,2.061,1017.43
1768174380000,2.062,2.063,2.061,2.063,1488.07
1768174440000,2.063,2.063,2.061,2.061,943.04
1768174500000,2.06,2.061,2.059,2.06,4396.54
1768174560000,2.06,2.061,2.06,2.06,427.32
1768174620000,2.059,2.059,2.056,2.057,7333.15
1768174680000,2.057,2.058,2.057,2.058,1156.48
1768174740000,2.058,2.058,2.058,2.058,5.52
1768174800000,2.057,2.059,2.056,2.058,179.81
1768174860000,2.059,2.059,2.057,2.057,99.25
1768174920000,2.057,2.058,2.057,2.058,83.74
1768174980000,2.059,2.065,2.059,2.064,7625.46
1768175040000,2.064,2.065,2.064,2.065,175.52
1768175100000,2.064,2.064,2.063,2.063,2209.55
1768175160000,2.063,2.067,2.063,2.067,1337.28
1768175220000,2.066,2.066,2.066,2.066,48.4
1768175280000,2.066,2.066,2.065,2.065,138.6
1768175340000,2.065,2.065,2.064,2.064,308.72
1768175400000,2.064,2.065,2.064,2.065,1045.23
1768175460000,2.064,2.064,2.064,2.064,361.13
1768175520000,2.064,2.066,2.064,2.065,1444.93
1768175580000,2.065,2.068,2.065,2.065,1506.02
1768175640000,2.065,2.067,2.065,2.067,51.96
1768175700000,2.068,2.073,2.067,2.071,15225.58
1768175760000,2.07,2.072,2.068,2.07,7649.36
1768175820000,2.069,2.069,2.067,2.068,1317.22
1768175880000,2.069,2.07,2.069,2.07,21.71
1768175940000,2.069,2.07,2.069,2.07,962.65
1768176000000,2.071,2.071,2.065,2.066,1016.22
1768176060000,2.066,2.07,2.066,2.068,13898.85
1768176120000,2.067,2.072,2.067,2.07,9350.43
1768176180000,2.07,2.073,2.07,2.072,12060.85
1768176240000,2.072,2.072,2.067,2.067,1168.17
1768176300000,2.067,2.068,2.064,2.065,3310.66
1768176360000,2.066,2.066,2.065,2.065,104.88
1768176420000,2.064,2.064,2.064,2.064,65.62
1768176480000,2.063,2.064,2.063,2.064,478.31
1768176540000,2.064,2.064,2.061,2.061,1932.8
1768176600000,2.062,2.064,2.062,2.064,1068.13
1768176660000,2.064,2.065,2.063,2.063,475.08
1768176720000,2.062,2.064,2.061,2.063,840.76
1768176780000,2.064,2.064,2.063,2.063,137.63
1768176840000,2.065,2.066,2.065,2.066,636.96
1768176900000,2.065,2.066,2.064,2.064,166.0
1768176960000,2.065,2.069,2.065,2.067,1546.44
1768177020000,2.068,2.075,2.068,2.074,3573.02
1768177080000,2.074,2.079,2.074,2.077,13458.63
1768177140000,2.078,2.082,2.077,2.08,13249.96
1768177200000,2.08,2.083,2.08,2.082,9110.32
1768177260000,2.082,2.083,2.081,2.081,5177.66
1768177320000,2.08,2.08,2.073,2.074,3402.17
1768177380000,2.074,2.079,2.074,2.079,2712.82
1768177440000,2.08,2.08,2.079,2.08,1421.4
1768177500000,2.08,2.08,2.077,2.079,2938.97
1768177560000,2.079,2.079,2.078,2.078,3135.48
1768177620000,2.078,2.08,2.078,2.08,844.46
1768177680000,2.08,2.08,2.079,2.08,556.03
1768177740000,2.08,2.08,2.079,2.08,263.83
1768177800000,2.079,2.082,2.078,2.082,2694.73
1768177860000,2.081,2.083,2.08,2.08,20610.83
1768177920000,2.08,2.08,2.072,2.073,3177.56
1768177980000,2.072,2.072,2.07,2.071,1197.43
1768178040000,2.071,2.071,2.068,2.07,4891.75
1768178100000,2.07,2.07,2.068,2.068,456.39
1768178160000,2.068,2.069,2.067,2.068,961.9
1768178220000,2.069,2.072,2.069,2.07,11481.9
1768178280000,2.071,2.071,2.058,2.064,8379.98
1768178340000,2.064,2.065,2.062,2.065,2387.68
1768178400000,2.066,2.066,2.064,2.064,816.08
1768178460000,2.063,2.063,2.06,2.06,2568.93
1768178520000,2.06,2.06,2.059,2.06,2170.28
1768178580000,2.06,2.06,2.058,2.059,2187.11
1768178640000,2.059,2.06,2.058,2.06,2616.76
1768178700000,2.06,2.06,2.058,2.058,2112.77
1768178760000,2.059,2.062,2.059,2.06,260.9
1768178820000,2.06,2.063,2.06,2.063,865.16
1768178880000,2.061,2.063,2.059,2.061,1153.26
1768178940000,2.061,2.062,2.06,2.062,155.49
1768179000000,2.062,2.062,2.057,2.057,2224.07
1768179060000,2.058,2.058,2.05,2.051,8430.23
1768179120000,2.05,2.053,2.048,2.052,20175.38
1768179180000,2.052,2.052,2.05,2.05,944.91
1768179240000,2.051,2.059,2.051,2.059,198.73
1768179300000,2.06,2.063,2.058,2.06,2823.22
1768179360000,2.061,2.065,2.061,2.065,165.4
1768179420000,2.066,2.073,2.066,2.073,3567.19
1768179480000,2.073,2.075,2.071,2.075,1505.48
1768179540000,2.076,2.08,2.075,2.079,3974.36
1768179600000,2.079,2.088,2.075,2.075,23149.72
1768179660000,2.075,2.082,2.075,2.08,3391.65
1768179720000,2.08,2.085,2.08,2.083,4582.56
1768179780000,2.083,2.092,2.083,2.092,13339.02
1768179840000,2.093,2.097,2.092,2.094,18602.07
1768179900000,2.095,2.096,2.092,2.095,8485.55
1768179960000,2.096,2.098,2.091,2.092,9713.73
1768180020000,2.092,2.092,2.086,2.087,4619.74
1768180080000,2.088,2.091,2.086,2.088,2128.78
1768180140000,2.089,2.089,2.086,2.087,85.01
1768180200000,2.087,2.088,2.086,2.088,1926.09
1768180260000,2.088,2.092,2.087,2.089,7773.56
1768180320000,2.089,2.089,2.087,2.089,7640.27
1768180380000,2.088,2.088,2.087,2.088,342.27
1768180440000,2.088,2.09,2.088,2.09,378.23
1768180500000,2.089,2.089,2.084,2.085,708.37
1768180560000,2.084,2.087,2.084,2.087,2336.6
1768180620000,2.088,2.094,2.088,2.091,24556.13
1768180680000,2.092,2.093,2.092,2.092,5190.18
1768180740000,2.091,2.094,2.09,2.092,7195.72
1768180800000,2.092,2.094,2.09,2.094,6627.97
1768180860000,2.095,2.098,2.093,2.093,1222.01
1768180920000,2.093,2.096,2.093,2.095,4002.9
1768180980000,2.096,2.101,2.096,2.1,8156.78
1768181040000,2.099,2.101,2.098,2.101,19914.28
1768181100000,2.101,2.101,2.094,2.096,2832.96
1768181160000,2.095,2.095,2.094,2.094,1323.31
1768181220000,2.095,2.099,2.094,2.099,1414.41
1768181280000,2.099,2.103,2.099,2.101,8946.77
1768181340000,2.101,2.103,2.101,2.103,2972.12
1768181400000,2.104,2.106,2.1,2.1,8816.83
1768181460000,2.1,2.101,2.097,2.101,2682.4
1768181520000,2.101,2.105,2.101,2.105,5460.35
1768181580000,2.104,2.104,2.097,2.097,5727.33
1768181640000,2.096,2.097,2.089,2.09,2872.58
1768181700000,2.09,2.091,2.086,2.091,8399.94
1768181760000,2.092,2.093,2.091,2.093,9364.95
1768181820000,2.094,2.094,2.089,2.091,5991.97
1768181880000,2.091,2.093,2.091,2.092,3050.72
1768181940000,2.091,2.091,2.088,2.088,817.59
1768182000000,2.088,2.089,2.087,2.089,1306.53
1768182060000,2.089,2.09,2.088,2.09,2778.45
1768182120000,2.091,2.091,2.09,2.091,1045.48
1768182180000,2.091,2.095,2.091,2.095,3347.76
1768182240000,2.094,2.094,2.093,2.093,50.11
1768182300000,2.092,2.093,2.092,2.093,127.17
1768182360000,2.093,2.099,2.093,2.096,7727.97
1768182420000,2.097,2.099,2.096,2.096,80.94
1768182480000,2.096,2.096,2.095,2.096,1347.28
1768182540000,2.096,2.104,2.096,2.102,976.7
1768182600000,2.101,2.103,2.101,2.103,578.25
1768182660000,2.103,2.103,2.1,2.1,1231.14
1768182720000,2.1,2.102,2.099,2.099,1402.3
1768182780000,2.099,2.1,2.098,2.098,1452.69
1768182840000,2.098,2.098,2.095,2.097,1735.12
1768182900000,2.098,2.101,2.097,2.099,3048.66
1768182960000,2.099,2.099,2.098,2.098,2338.11
1768183020000,2.098,2.098,2.097,2.097,573.84
1768183080000,2.097,2.098,2.096,2.098,74.16
1768183140000,2.096,2.099,2.096,2.099,261.46
1768183200000,2.099,2.102,2.099,2.102,492.97
1768183260000,2.102,2.103,2.098,2.101,2896.5
1768183320000,2.101,2.105,2.101,2.104,5001.82
1768183380000,2.105,2.108,2.104,2.106,6951.5
1768183440000,2.106,2.109,2.106,2.108,3314.92
1768183500000,2.107,2.107,2.107,2.107,1175.12
1768183560000,2.108,2.11,2.106,2.109,7572.7
1768183620000,2.109,2.111,2.108,2.108,3587.61
1768183680000,2.109,2.112,2.109,2.111,5404.36
1768183740000,2.11,2.111,2.109,2.111,1377.83
1768183800000,2.111,2.112,2.11,2.11,2150.33
1768183860000,2.11,2.111,2.107,2.107,825.8
1768183920000,2.107,2.113,2.107,2.112,3029.74
1768183980000,2.112,2.115,2.112,2.115,6043.93
1768184040000,2.115,2.121,2.115,2.12,27805.18
1768184100000,2.12,2.129,2.12,2.125,32501.26
1768184160000,2.125,2.128,2.122,2.123,8246.2
1768184220000,2.123,2.125,2.12,2.121,6242.61
1768184280000,2.12,2.12,2.119,2.119,2205.79
1768184340000,2.12,2.12,2.119,2.119,1321.76
1768184400000,2.119,2.12,2.114,2.114,2944.91
1768184460000,2.115,2.116,2.114,2.114,2031.75
1768184520000,2.114,2.114,2.11,2.111,3076.28
1768184580000,2.112,2.112,2.11,2.11,1970.64
1768184640000,2.11,2.111,2.109,2.111,1220.74
1768184700000,2.11,2.111,2.11,2.11,264.53
1768184760000,2.11,2.112,2.11,2.11,2748.29
1768184820000,2.111,2.113,2.11,2.112,5742.42
1768184880000,2.112,2.116,2.112,2.116,9286.37
1768184940000,2.116,2.12,2.116,2.118,2272.35
1768185000000,2.118,2.119,2.118,2.118,404.66
1768185060000,2.118,2.119,2.116,2.116,1885.31
1768185120000,2.116,2.116,2.114,2.114,998.58
1768185180000,2.113,2.115,2.113,2.114,2413.77
1768185240000,2.114,2.115,2.113,2.113,2779.36
1768185300000,2.113,2.116,2.113,2.116,306.65
1768185360000,2.116,2.118,2.116,2.118,865.46
1768185420000,2.118,2.12,2.118,2.119,5121.99
1768185480000,2.119,2.123,2.119,2.123,1097.69
1768185540000,2.123,2.123,2.12,2.12,1665.25
1768185600000,2.121,2.124,2.12,2.121,7082.93
1768185660000,2.121,2.124,2.121,2.124,937.96
1768185720000,2.123,2.123,2.122,2.123,130.19
1768185780000,2.123,2.126,2.123,2.125,1815.55
1768185840000,2.125,2.125,2.123,2.124,1287.35
1768185900000,2.124,2.127,2.124,2.125,2261.86
1768185960000,2.126,2.13,2.126,2.13,13022.96
1768186020000,2.13,2.132,2.129,2.13,10340.61
1768186080000,2.13,2.133,2.129,2.131,2259.09
1768186140000,2.131,2.134,2.131,2.133,3101.76
1768186200000,2.134,2.139,2.134,2.137,26208.78
1768186260000,2.137,2.141,2.137,2.139,16401.19
1768186320000,2.139,2.14,2.138,2.138,11501.68
1768186380000,2.138,2.139,2.135,2.138,7515.32
1768186440000,2.137,2.138,2.134,2.138,5674.88
1768186500000,2.139,2.143,2.139,2.14,8481.32
1768186560000,2.14,2.141,2.139,2.141,1375.2
1768186620000,2.141,2.141,2.138,2.138,4591.49
1768186680000,2.138,2.139,2.138,2.138,942.84
1768186740000,2.137,2.138,2.137,2.137,1724.23
1768186800000,2.138,2.143,2.136,2.136,7913.6
1768186860000,2.136,2.137,2.131,2.134,19328.59
1768186920000,2.134,2.135,2.133,2.134,7509.98
1768186980000,2.133,2.137,2.133,2.137,2305.77
1768187040000,2.136,2.138,2.136,2.136,2810.04
1768187100000,2.135,2.139,2.135,2.137,4286.12
1768187160000,2.136,2.137,2.135,2.136,4161.37
1768187220000,2.136,2.139,2.135,2.138,1844.67
1768187280000,2.139,2.141,2.139,2.14,3483.81
1768187340000,2.14,2.14,2.139,2.14,1650.04
1768187400000,2.141,2.142,2.138,2.139,3604.49
1768187460000,2.139,2.142,2.139,2.142,829.71
1768187520000,2.142,2.145,2.141,2.143,4742.94
1768187580000,2.144,2.15,2.144,2.149,16086.46
1768187640000,2.149,2.149,2.147,2.149,5009.31
1768187700000,2.149,2.15,2.148,2.148,15942.32
1768187760000,2.148,2.149,2.146,2.148,9142.99
1768187820000,2.148,2.151,2.147,2.149,9155.26
1768187880000,2.149,2.15,2.148,2.148,371.05
1768187940000,2.147,2.147,2.145,2.145,1900.28
1768188000000,2.144,2.145,2.143,2.144,1281.6
1768188060000,2.144,2.147,2.144,2.147,2419.81
1768188120000,2.146,2.148,2.145,2.147,438.06
1768188180000,2.147,2.149,2.145,2.146,9428.02
1768188240000,2.146,2.15,2.146,2.149,1225.92
1768188300000,2.15,2.151,2.149,2.15,4379.42
1768188360000,2.15,2.153,2.15,2.15,10383.27
1768188420000,2.149,2.15,2.148,2.149,3577.59
1768188480000,2.149,2.152,2.149,2.152,6442.79
1768188540000,2.151,2.151,2.149,2.149,1207.08
1768188600000,2.149,2.151,2.149,2.15,2107.23
1768188660000,2.15,2.153,2.148,2.148,5919.61
1768188720000,2.148,2.148,2.142,2.144,19480.76
1768188780000,2.144,2.145,2.14,2.143,12551.39
1768188840000,2.143,2.144,2.141,2.143,1647.08
1768188900000,2.143,2.144,2.14,2.14,3196.94
1768188960000,2.139,2.14,2.133,2.134,9314.89
1768189020000,2.134,2.134,2.132,2.132,5584.8
1768189080000,2.132,2.134,2.132,2.132,4474.12
1768189140000,2.133,2.136,2.131,2.132,9607.5
1768189200000,2.133,2.134,2.13,2.131,5690.51
1768189260000,2.131,2.131,2.129,2.129,8740.22
1768189320000,2.129,2.129,2.128,2.129,6235.82
1768189380000,2.128,2.13,2.127,2.13,1891.89
1768189440000,2.13,2.13,2.127,2.127,2656.81
1768189500000,2.128,2.128,2.127,2.128,3464.06
1768189560000,2.128,2.129,2.126,2.127,3304.6
1768189620000,2.127,2.127,2.125,2.125,2622.8
1768189680000,2.125,2.125,2.124,2.124,1758.03
1768189740000,2.124,2.125,2.124,2.124,147.65
1768189800000,2.124,2.125,2.123,2.123,2138.24
1768189860000,2.124,2.126,2.124,2.126,3436.94
1768189920000,2.126,2.126,2.123,2.123,1072.48
1768189980000,2.123,2.123,2.121,2.122,4084.08
1768190040000,2.122,2.123,2.122,2.123,2459.15
1768190100000,2.123,2.125,2.122,2.122,2377.24
1768190160000,2.122,2.122,2.121,2.121,2140.99
1768190220000,2.121,2.121,2.117,2.118,4243.75
1768190280000,2.118,2.118,2.114,2.116,7267.63
1768190340000,2.115,2.116,2.114,2.115,1846.67
1768190400000,2.116,2.117,2.116,2.116,1773.91
1768190460000,2.117,2.118,2.117,2.117,1505.09
1768190520000,2.117,2.118,2.117,2.118,1761.85
1768190580000,2.117,2.117,2.112,2.113,10906.49
1768190640000,2.113,2.114,2.112,2.114,4631.66
1768190700000,2.115,2.115,2.113,2.114,2878.91
1768190760000,2.113,2.117,2.113,2.117,2788.07
1768190820000,2.117,2.118,2.116,2.118,1932.96
1768190880000,2.119,2.121,2.116,2.12,4280.99
1768190940000,2.119,2.119,2.116,2.116,673.35
1768191000000,2.116,2.116,2.115,2.116,159.02
1768191060000,2.115,2.115,2.115,2.115,1845.84
1768191120000,2.115,2.121,2.115,2.121,590.19
1768191180000,2.121,2.122,2.119,2.12,5686.74
1768191240000,2.12,2.122,2.12,2.122,1339.85
1768191300000,2.122,2.124,2.121,2.123,9648.9
1768191360000,2.123,2.123,2.123,2.123,1711.98
1768191420000,2.122,2.122,2.118,2.118,2086.2
1768191480000,2.118,2.12,2.118,2.119,1143.43
1768191540000,2.12,2.12,2.119,2.12,93.87
1768191600000,2.118,2.12,2.118,2.12,436.47
1768191660000,2.119,2.119,2.118,2.118,47.41
1768191720000,2.118,2.119,2.117,2.119,1673.27
1768191780000,2.119,2.119,2.119,2.119,0.0
1768191840000,2.118,2.119,2.118,2.119,68.3
1768191900000,2.118,2.118,2.117,2.118,3137.11
1768191960000,2.117,2.117,2.116,2.117,693.32
1768192020000,2.118,2.118,2.116,2.118,102.63
1768192080000,2.117,2.118,2.117,2.118,2610.48
1768192140000,2.117,2.118,2.117,2.118,162.85
1768192200000,2.118,2.119,2.118,2.119,941.78
1768192260000,2.117,2.117,2.117,2.117,1180.93
1768192320000,2.118,2.119,2.118,2.119,1236.41
1768192380000,2.12,2.123,2.12,2.123,1928.78
1768192440000,2.123,2.127,2.123,2.127,2837.57
1768192500000,2.127,2.127,2.126,2.126,522.39
1768192560000,2.126,2.129,2.126,2.126,2656.53
1768192620000,2.126,2.129,2.126,2.126,961.53
1768192680000,2.126,2.13,2.126,2.129,3563.0
1768192740000,2.129,2.129,2.128,2.128,648.23
1768192800000,2.128,2.128,2.128,2.128,1977.14
1768192860000,2.129,2.13,2.129,2.129,2100.54
1768192920000,2.129,2.129,2.129,2.129,27.6
1768192980000,2.129,2.129,2.128,2.128,213.81
1768193040000,2.127,2.127,2.127,2.127,22.34
1768193100000,2.127,2.129,2.127,2.129,5781.99
1768193160000,2.128,2.13,2.128,2.13,398.34
1768193220000,2.131,2.132,2.131,2.132,6137.17
1768193280000,2.133,2.135,2.133,2.135,378.46
1768193340000,2.134,2.135,2.133,2.135,1107.5
1768193400000,2.134,2.134,2.133,2.133,614.31
1768193460000,2.132,2.132,2.131,2.131,490.0
1768193520000,2.131,2.132,2.131,2.132,141.79
1768193580000,2.131,2.131,2.131,2.131,121.31
1768193640000,2.131,2.131,2.131,2.131,0.0
1768193700000,2.131,2.131,2.13,2.13,765.04
1768193760000,2.13,2.132,2.13,2.132,208.48
1768193820000,2.131,2.131,2.13,2.131,948.66
1768193880000,2.131,2.132,2.131,2.131,452.18
1768193940000,2.131,2.132,2.131,2.132,36.13
1768194000000,2.131,2.131,2.128,2.128,2639.37
1768194060000,2.128,2.128,2.123,2.123,10010.12
1768194120000,2.122,2.126,2.122,2.124,6677.48
1768194180000,2.124,2.127,2.124,2.127,88.29
1768194240000,2.127,2.129,2.127,2.129,315.17
1768194300000,2.129,2.13,2.127,2.128,446.02
1768194360000,2.129,2.13,2.129,2.13,1152.7
1768194420000,2.129,2.129,2.128,2.128,1681.3
1768194480000,2.128,2.131,2.128,2.131,551.73
1768194540000,2.13,2.132,2.13,2.132,1352.06
1768194600000,2.132,2.135,2.132,2.134,2324.61
1768194660000,2.133,2.133,2.13,2.133,1859.63
1768194720000,2.134,2.134,2.131,2.131,1325.61
1768194780000,2.131,2.132,2.13,2.132,10338.5
1768194840000,2.13,2.13,2.128,2.128,711.88
1768194900000,2.128,2.128,2.126,2.126,1081.3
1768194960000,2.126,2.128,2.126,2.128,2309.48
1768195020000,2.128,2.13,2.128,2.129,1412.04
1768195080000,2.13,2.132,2.13,2.132,47.08
1768195140000,2.132,2.132,2.132,2.132,34.56
1768195200000,2.133,2.136,2.133,2.135,6351.28
1768195260000,2.134,2.137,2.134,2.135,16535.96
1768195320000,2.135,2.135,2.131,2.131,1359.09
1768195380000,2.131,2.131,2.129,2.13,2034.06
1768195440000,2.13,2.131,2.13,2.131,512.38
1768195500000,2.131,2.132,2.13,2.13,1019.5
1768195560000,2.13,2.13,2.13,2.13,816.21
1768195620000,2.13,2.131,2.13,2.131,494.02
1768195680000,2.13,2.134,2.13,2.133,531.8
1768195740000,2.133,2.133,2.131,2.131,1732.6
1768195800000,2.131,2.132,2.131,2.132,697.12
1768195860000,2.132,2.133,2.131,2.131,4097.6
1768195920000,2.132,2.132,2.131,2.132,462.97
1768195980000,2.13,2.13,2.127,2.128,11779.17
1768196040000,2.129,2.131,2.129,2.131,1815.21
1768196100000,2.131,2.131,2.128,2.128,248.6
1768196160000,2.128,2.129,2.128,2.128,1549.87
1768196220000,2.128,2.128,2.127,2.127,36.7
1768196280000,2.126,2.126,2.125,2.126,1194.2
1768196340000,2.126,2.128,2.126,2.128,1337.08
1768196400000,2.129,2.129,2.127,2.127,136.58
1768196460000,2.127,2.127,2.126,2.126,615.53
1768196520000,2.125,2.125,2.124,2.124,758.66
1768196580000,2.124,2.124,2.121,2.121,2209.21
1768196640000,2.121,2.122,2.12,2.121,5191.13
1768196700000,2.122,2.123,2.122,2.122,343.88
1768196760000,2.123,2.123,2.122,2.122,145.04
1768196820000,2.122,2.122,2.122,2.122,13.31
1768196880000,2.121,2.122,2.121,2.122,3143.33
1768196940000,2.122,2.122,2.122,2.122,43.47
1768197000000,2.121,2.121,2.12,2.12,158.09
1768197060000,2.121,2.122,2.121,2.121,773.01
1768197120000,2.12,2.121,2.119,2.119,822.77
1768197180000,2.119,2.119,2.119,2.119,831.37
1768197240000,2.119,2.122,2.119,2.122,988.61
1768197300000,2.122,2.122,2.122,2.122,1963.6
1768197360000,2.122,2.122,2.121,2.121,234.18
1768197420000,2.121,2.121,2.12,2.121,34.18
1768197480000,2.122,2.122,2.121,2.121,104.87
1768197540000,2.121,2.121,2.12,2.121,2068.83
1768197600000,2.122,2.122,2.12,2.121,2274.09
1768197660000,2.12,2.12,2.116,2.118,4404.19
1768197720000,2.118,2.119,2.118,2.119,261.74
1768197780000,2.119,2.119,2.114,2.116,23257.71
1768197840000,2.114,2.115,2.113,2.115,1972.75
1768197900000,2.115,2.115,2.115,2.115,12.37
1768197960000,2.115,2.117,2.115,2.117,2533.99
1768198020000,2.118,2.118,2.118,2.118,75.15
1768198080000,2.118,2.123,2.118,2.123,1758.84
1768198140000,2.122,2.122,2.118,2.118,991.81
1768198200000,2.118,2.119,2.118,2.119,805.09
1768198260000,2.12,2.123,2.12,2.123,110.47
1768198320000,2.123,2.124,2.12,2.121,1337.32
1768198380000,2.12,2.12,2.117,2.118,1664.33
1768198440000,2.119,2.119,2.119,2.119,16.02
1768198500000,2.12,2.122,2.12,2.121,1988.56
1768198560000,2.12,2.12,2.119,2.119,17.6
1768198620000,2.119,2.119,2.118,2.119,47.92
1768198680000,2.118,2.118,2.114,2.116,3388.97
1768198740000,2.116,2.117,2.116,2.117,42.08
1768198800000,2.117,2.117,2.116,2.116,295.07
1768198860000,2.116,2.116,2.115,2.115,808.06
1768198920000,2.115,2.116,2.115,2.115,191.86
1768198980000,2.114,2.114,2.112,2.112,1891.9
1768199040000,2.113,2.114,2.113,2.113,1197.03
1768199100000,2.113,2.114,2.112,2.112,7271.11
1768199160000,2.112,2.113,2.111,2.112,1267.04
1768199220000,2.113,2.113,2.109,2.11,7702.2
1768199280000,2.11,2.111,2.11,2.111,4078.18
1768199340000,2.112,2.112,2.112,2.112,2004.79
1768199400000,2.111,2.112,2.11,2.111,1572.17
1768199460000,2.11,2.111,2.11,2.111,281.26
1768199520000,2.111,2.112,2.111,2.112,1232.91
1768199580000,2.112,2.112,2.111,2.112,196.49
1768199640000,2.111,2.112,2.11,2.11,8571.39
1768199700000,2.111,2.111,2.107,2.107,5807.11
1768199760000,2.107,2.107,2.105,2.106,5423.03
1768199820000,2.105,2.107,2.105,2.106,2724.92
1768199880000,2.106,2.106,2.102,2.104,9400.56
1768199940000,2.104,2.104,2.101,2.101,7214.51
1768200000000,2.102,2.102,2.101,2.101,1703.61
1768200060000,2.102,2.105,2.102,2.104,1576.09
1768200120000,2.104,2.106,2.104,2.106,1859.57
1768200180000,2.106,2.107,2.105,2.107,1331.58
1768200240000,2.106,2.107,2.105,2.105,464.77
1768200300000,2.105,2.105,2.103,2.104,2237.53
1768200360000,2.104,2.105,2.104,2.105,1983.81
1768200420000,2.104,2.105,2.103,2.103,10665.26
1768200480000,2.103,2.104,2.103,2.103,846.41
1768200540000,2.103,2.103,2.102,2.103,2548.25
1768200600000,2.104,2.104,2.102,2.102,854.93
1768200660000,2.102,2.102,2.1,2.1,2602.88
1768200720000,2.101,2.101,2.101,2.101,584.28
1768200780000,2.101,2.101,2.1,2.101,546.97
1768200840000,2.102,2.102,2.1,2.1,679.93
1768200900000,2.101,2.102,2.101,2.102,2735.64
1768200960000,2.102,2.103,2.101,2.103,556.41
1768201020000,2.104,2.104,2.104,2.104,369.85
1768201080000,2.103,2.103,2.102,2.103,946.99
1768201140000,2.102,2.102,2.102,2.102,257.92
1768201200000,2.102,2.104,2.102,2.103,1290.04
1768201260000,2.103,2.103,2.102,2.102,950.5
1768201320000,2.102,2.104,2.102,2.104,1134.34
1768201380000,2.105,2.107,2.105,2.107,623.33
1768201440000,2.107,2.11,2.107,2.11,2163.83
1768201500000,2.11,2.111,2.11,2.111,472.3
1768201560000,2.112,2.115,2.112,2.115,4849.02
1768201620000,2.116,2.117,2.114,2.115,11518.19
1768201680000,2.116,2.116,2.114,2.114,1816.13
1768201740000,2.115,2.115,2.111,2.112,7005.66
1768201800000,2.113,2.113,2.112,2.112,4051.23
1768201860000,2.111,2.111,2.11,2.11,162.42
1768201920000,2.11,2.111,2.11,2.11,43.9
1768201980000,2.111,2.111,2.108,2.108,7136.14
1768202040000,2.107,2.107,2.105,2.105,2520.09
1768202100000,2.105,2.108,2.105,2.108,960.15
1768202160000,2.107,2.108,2.107,2.107,634.88
1768202220000,2.106,2.106,2.104,2.105,484.94
1768202280000,2.104,2.104,2.101,2.102,2609.29
1768202340000,2.102,2.102,2.098,2.098,15189.2
1768202400000,2.097,2.099,2.097,2.098,5097.04
1768202460000,2.098,2.1,2.098,2.099,584.97
1768202520000,2.099,2.099,2.099,2.099,107.56
1768202580000,2.098,2.099,2.098,2.099,463.16
1768202640000,2.099,2.1,2.099,2.099,2110.9
1768202700000,2.099,2.099,2.099,2.099,745.84
1768202760000,2.098,2.098,2.098,2.098,415.11
1768202820000,2.098,2.101,2.098,2.099,950.92
1768202880000,2.098,2.099,2.098,2.099,554.37
1768202940000,2.1,2.1,2.099,2.099,760.48
1768203000000,2.098,2.098,2.095,2.098,2495.31
1768203060000,2.097,2.097,2.089,2.091,8020.15
1768203120000,2.091,2.092,2.088,2.089,6881.81
1768203180000,2.089,2.092,2.081,2.085,55071.06
1768203240000,2.084,2.085,2.081,2.083,11180.31
1768203300000,2.082,2.083,2.079,2.082,12329.75
1768203360000,2.083,2.083,2.079,2.079,11212.59
1768203420000,2.08,2.08,2.077,2.077,9127.69
1768203480000,2.077,2.079,2.075,2.078,16952.91
1768203540000,2.079,2.079,2.077,2.079,6051.26
1768203600000,2.079,2.08,2.078,2.078,3551.75
1768203660000,2.078,2.079,2.078,2.079,549.52
1768203720000,2.079,2.079,2.077,2.078,162.66
1768203780000,2.079,2.079,2.076,2.078,10603.98
1768203840000,2.077,2.077,2.077,2.077,2091.24
1768203900000,2.078,2.079,2.073,2.074,19272.29
1768203960000,2.074,2.074,2.071,2.072,9925.57
1768204020000,2.072,2.074,2.07,2.074,8334.08
1768204080000,2.074,2.076,2.073,2.076,3467.84
1768204140000,2.075,2.075,2.072,2.073,1674.42
1768204200000,2.073,2.075,2.072,2.073,4419.29
1768204260000,2.073,2.073,2.069,2.069,2288.27
1768204320000,2.069,2.072,2.069,2.071,6712.84
1768204380000,2.07,2.07,2.065,2.066,17065.43
1768204440000,2.065,2.067,2.064,2.064,20971.97
1768204500000,2.064,2.066,2.063,2.064,9803.84
1768204560000,2.065,2.066,2.064,2.065,16330.23
1768204620000,2.065,2.068,2.065,2.066,9014.78
1768204680000,2.066,2.067,2.063,2.065,9608.74
1768204740000,2.064,2.064,2.063,2.064,1530.02
1768204800000,2.064,2.069,2.063,2.068,7396.46
1768204860000,2.068,2.069,2.066,2.067,4855.33
1768204920000,2.067,2.073,2.067,2.073,9168.23
1768204980000,2.072,2.073,2.07,2.07,3098.96
1768205040000,2.071,2.072,2.068,2.071,17241.54
1768205100000,2.071,2.075,2.071,2.074,3579.01
1768205160000,2.073,2.073,2.072,2.073,3882.62
1768205220000,2.072,2.079,2.072,2.079,11121.21
1768205280000,2.079,2.08,2.077,2.078,15983.65
1768205340000,2.077,2.08,2.076,2.08,17952.51
1768205400000,2.08,2.082,2.079,2.08,12987.12
1768205460000,2.08,2.08,2.075,2.075,14222.84
1768205520000,2.075,2.075,2.073,2.074,3737.85
1768205580000,2.074,2.078,2.074,2.077,1753.99
1768205640000,2.076,2.076,2.071,2.072,1967.73
1768205700000,2.072,2.073,2.072,2.073,1396.39
1768205760000,2.073,2.073,2.07,2.07,3086.74
1768205820000,2.07,2.07,2.068,2.068,1601.42
1768205880000,2.068,2.075,2.068,2.075,6035.36
1768205940000,2.075,2.077,2.074,2.076,12735.18
1768206000000,2.075,2.076,2.074,2.074,18186.42
1768206060000,2.075,2.075,2.07,2.074,21465.97
1768206120000,2.075,2.077,2.074,2.074,16746.11
1768206180000,2.075,2.076,2.073,2.073,9434.62
1768206240000,2.074,2.075,2.072,2.073,4920.95
1768206300000,2.073,2.073,2.07,2.072,3281.81
1768206360000,2.073,2.075,2.073,2.074,1804.52
1768206420000,2.075,2.077,2.075,2.077,1677.54
1768206480000,2.077,2.078,2.077,2.077,142.4
1768206540000,2.078,2.078,2.077,2.078,5141.6
1768206600000,2.077,2.078,2.074,2.075,45358.64
1768206660000,2.075,2.075,2.072,2.072,17004.15
1768206720000,2.072,2.072,2.063,2.063,27796.22
1768206780000,2.063,2.067,2.061,2.063,23807.47
1768206840000,2.063,2.065,2.061,2.061,22023.37
1768206900000,2.061,2.064,2.056,2.057,90206.06
1768206960000,2.056,2.056,2.047,2.053,40111.52
1768207020000,2.053,2.053,2.044,2.05,25062.61
1768207080000,2.049,2.052,2.048,2.052,7278.62
1768207140000,2.052,2.053,2.05,2.05,8202.1
1768207200000,2.049,2.05,2.046,2.049,10097.78
1768207260000,2.048,2.049,2.045,2.046,20594.21
1768207320000,2.046,2.051,2.044,2.047,7371.6
1768207380000,2.047,2.049,2.044,2.047,6283.1
1768207440000,2.047,2.047,2.044,2.046,7756.32
1768207500000,2.045,2.045,2.038,2.039,31277.11
1768207560000,2.039,2.041,2.038,2.04,11003.67
1768207620000,2.039,2.04,2.037,2.038,6011.94
1768207680000,2.038,2.038,2.033,2.036,19038.58
1768207740000,2.036,2.046,2.035,2.045,16198.41
1768207800000,2.045,2.045,2.04,2.041,9467.44
1768207860000,2.041,2.044,2.039,2.044,6814.36
1768207920000,2.044,2.048,2.044,2.046,13663.63
1768207980000,2.046,2.047,2.044,2.045,9422.0
1768208040000,2.045,2.049,2.043,2.048,9071.88
1768208100000,2.048,2.049,2.046,2.048,5944.75
1768208160000,2.049,2.052,2.048,2.051,6062.43
1768208220000,2.051,2.052,2.048,2.051,2508.33
1768208280000,2.051,2.053,2.049,2.051,4409.08
1768208340000,2.05,2.051,2.049,2.05,3194.31
1768208400000,2.051,2.052,2.048,2.051,3767.39
1768208460000,2.051,2.052,2.049,2.049,7453.84
1768208520000,2.05,2.05,2.045,2.045,3029.16
1768208580000,2.045,2.047,2.045,2.046,2160.75
1768208640000,2.046,2.053,2.046,2.053,14232.43
1768208700000,2.052,2.056,2.052,2.053,4660.22
1768208760000,2.052,2.055,2.05,2.055,1991.36
1768208820000,2.055,2.056,2.054,2.055,3276.25
1768208880000,2.056,2.056,2.052,2.052,1625.1
1768208940000,2.052,2.053,2.049,2.05,2631.46
1768209000000,2.05,2.051,2.049,2.051,2577.33
1768209060000,2.05,2.051,2.049,2.05,2820.67
1768209120000,2.051,2.052,2.05,2.05,3053.88
1768209180000,2.051,2.052,2.051,2.052,1197.42
1768209240000,2.052,2.052,2.05,2.052,3306.39
1768209300000,2.052,2.054,2.052,2.052,3487.06
1768209360000,2.052,2.056,2.051,2.056,6837.4
1768209420000,2.055,2.055,2.053,2.055,1719.25
1768209480000,2.055,2.056,2.054,2.055,1536.24
1768209540000,2.056,2.056,2.053,2.054,3897.99
1768209600000,2.053,2.055,2.052,2.054,2847.09
1768209660000,2.054,2.056,2.053,2.054,7253.5
1768209720000,2.055,2.055,2.054,2.055,2141.22
1768209780000,2.056,2.058,2.056,2.057,3036.68
1768209840000,2.057,2.059,2.055,2.056,7967.96
1768209900000,2.057,2.057,2.056,2.056,2178.96
1768209960000,2.057,2.057,2.051,2.051,5578.7
1768210020000,2.05,2.054,2.05,2.054,6326.55
1768210080000,2.054,2.054,2.052,2.053,7231.34
1768210140000,2.052,2.053,2.052,2.053,2412.27
1768210200000,2.052,2.055,2.051,2.055,6698.8
1768210260000,2.054,2.059,2.054,2.059,15244.95
1768210320000,2.059,2.059,2.058,2.059,3822.74
1768210380000,2.059,2.059,2.055,2.056,14329.89
1768210440000,2.055,2.057,2.055,2.057,2845.11
1768210500000,2.058,2.058,2.057,2.058,2046.92
1768210560000,2.058,2.058,2.055,2.056,10619.48
1768210620000,2.056,2.058,2.055,2.057,17227.18
1768210680000,2.057,2.057,2.054,2.055,12288.14
1768210740000,2.055,2.055,2.053,2.054,10995.3
1768210800000,2.053,2.057,2.053,2.057,9466.58
1768210860000,2.057,2.058,2.055,2.058,5800.02
1768210920000,2.058,2.059,2.056,2.059,5195.42
1768210980000,2.059,2.059,2.056,2.058,7994.58
1768211040000,2.057,2.058,2.057,2.057,3270.82
1768211100000,2.056,2.059,2.056,2.059,3391.79
1768211160000,2.059,2.059,2.057,2.058,2973.76
1768211220000,2.058,2.059,2.057,2.058,15024.27
1768211280000,2.058,2.058,2.056,2.056,12180.23
1768211340000,2.056,2.058,2.056,2.058,5252.76
1768211400000,2.058,2.058,2.053,2.053,8385.69
1768211460000,2.052,2.054,2.051,2.054,18528.72
1768211520000,2.054,2.054,2.05,2.05,2482.85
1768211580000,2.05,2.051,2.05,2.051,3295.95
1768211640000,2.05,2.051,2.049,2.05,5000.76
1768211700000,2.049,2.049,2.048,2.048,2044.55
1768211760000,2.048,2.05,2.048,2.048,205.12
1768211820000,2.049,2.051,2.049,2.051,2162.28
1768211880000,2.05,2.05,2.05,2.05,106.06
1768211940000,2.051,2.052,2.051,2.051,463.21
1768212000000,2.052,2.053,2.05,2.053,3359.89
1768212060000,2.052,2.052,2.05,2.051,57.95
1768212120000,2.051,2.051,2.049,2.049,1432.5
1768212180000,2.049,2.053,2.049,2.053,2770.11
1768212240000,2.053,2.058,2.053,2.058,7477.62
1768212300000,2.058,2.061,2.058,2.06,1466.47
1768212360000,2.059,2.06,2.059,2.059,6700.66
1768212420000,2.058,2.058,2.055,2.056,1497.31
1768212480000,2.056,2.057,2.055,2.056,1367.17
1768212540000,2.057,2.057,2.056,2.056,1387.43
1768212600000,2.055,2.057,2.055,2.057,2493.47
1768212660000,2.057,2.058,2.057,2.057,3035.4
1768212720000,2.056,2.057,2.056,2.057,856.36
1768212780000,2.057,2.057,2.053,2.053,371.3
1768212840000,2.053,2.053,2.053,2.053,11.3
1768212900000,2.053,2.054,2.052,2.052,1360.54
1768212960000,2.052,2.053,2.051,2.051,6085.12
1768213020000,2.052,2.052,2.051,2.051,110.27
1768213080000,2.052,2.057,2.052,2.057,3402.36
1768213140000,2.057,2.058,2.057,2.058,96.34
1768213200000,2.057,2.057,2.056,2.056,324.7
1768213260000,2.056,2.056,2.055,2.055,585.17
1768213320000,2.055,2.055,2.054,2.054,56.32
1768213380000,2.053,2.053,2.051,2.051,5312.08
1768213440000,2.051,2.053,2.051,2.053,2734.22
1768213500000,2.053,2.053,2.052,2.052,1420.23
1768213560000,2.052,2.053,2.052,2.052,3742.32
1768213620000,2.052,2.052,2.049,2.05,1984.39
1768213680000,2.05,2.05,2.05,2.05,2654.59
1768213740000,2.051,2.051,2.051,2.051,2267.55
1768213800000,2.051,2.054,2.051,2.052,6364.53
1768213860000,2.052,2.053,2.052,2.053,431.25
1768213920000,2.052,2.052,2.051,2.052,496.74
1768213980000,2.053,2.053,2.053,2.053,169.25
1768214040000,2.053,2.055,2.053,2.055,2751.4
1768214100000,2.054,2.055,2.054,2.054,2215.47
1768214160000,2.053,2.053,2.051,2.052,1240.8
1768214220000,2.053,2.054,2.053,2.054,2510.64
1768214280000,2.054,2.054,2.053,2.053,533.52
1768214340000,2.053,2.054,2.053,2.053,2604.05
1768214400000,2.052,2.052,2.052,2.052,291.61
1768214460000,2.052,2.052,2.052,2.052,251.83
1768214520000,2.052,2.052,2.051,2.051,287.2
1768214580000,2.05,2.05,2.049,2.049,119.0
1768214640000,2.05,2.051,2.05,2.051,2430.12
1768214700000,2.051,2.051,2.049,2.049,88.2
1768214760000,2.049,2.049,2.049,2.049,274.85
1768214820000,2.05,2.05,2.049,2.049,151.53
1768214880000,2.05,2.051,2.05,2.05,2333.96
1768214940000,2.05,2.05,2.048,2.048,605.42
1768215000000,2.048,2.048,2.046,2.046,446.84
1768215060000,2.045,2.05,2.044,2.049,4851.14
1768215120000,2.049,2.049,2.047,2.047,2627.3
1768215180000,2.047,2.048,2.046,2.046,6904.24
1768215240000,2.047,2.049,2.047,2.049,572.65
1768215300000,2.048,2.048,2.047,2.047,2043.25
1768215360000,2.047,2.048,2.047,2.048,340.16
1768215420000,2.048,2.048,2.046,2.046,67.23
1768215480000,2.047,2.049,2.047,2.049,145.07
1768215540000,2.048,2.048,2.047,2.048,5277.38
1768215600000,2.048,2.05,2.048,2.049,3171.9
1768215660000,2.048,2.049,2.048,2.049,3143.24
1768215720000,2.049,2.05,2.049,2.05,497.19
1768215780000,2.049,2.05,2.049,2.05,31.15
1768215840000,2.05,2.051,2.049,2.051,652.41
1768215900000,2.052,2.053,2.05,2.053,2646.24
1768215960000,2.052,2.053,2.052,2.053,374.92
1768216020000,2.053,2.053,2.052,2.052,2370.39
1768216080000,2.052,2.052,2.051,2.051,2908.14
1768216140000,2.052,2.054,2.052,2.054,958.22
1768216200000,2.053,2.054,2.053,2.054,1682.83
1768216260000,2.054,2.054,2.054,2.054,883.0
1768216320000,2.054,2.055,2.054,2.054,615.42
1768216380000,2.055,2.055,2.055,2.055,855.51
1768216440000,2.055,2.055,2.053,2.053,2170.15
1768216500000,2.053,2.053,2.051,2.053,1000.84
1768216560000,2.053,2.053,2.05,2.051,4468.67
1768216620000,2.051,2.051,2.051,2.051,286.27
1768216680000,2.051,2.053,2.051,2.051,1812.84
1768216740000,2.052,2.052,2.051,2.051,33.98
1768216800000,2.051,2.051,2.051,2.051,425.91
1768216860000,2.051,2.053,2.051,2.053,558.11
1768216920000,2.053,2.054,2.052,2.053,344.27
1768216980000,2.053,2.055,2.053,2.054,337.49
1768217040000,2.055,2.059,2.055,2.059,1179.25
1768217100000,2.058,2.061,2.058,2.06,4058.24
1768217160000,2.06,2.064,2.06,2.061,5916.16
1768217220000,2.06,2.061,2.059,2.061,122.51
1768217280000,2.06,2.06,2.059,2.059,1587.89
1768217340000,2.06,2.061,2.06,2.06,2585.83
1768217400000,2.059,2.059,2.059,2.059,116.15
1768217460000,2.06,2.062,2.06,2.061,8285.0
1768217520000,2.06,2.06,2.058,2.058,1424.84
1768217580000,2.059,2.059,2.058,2.058,79.72
1768217640000,2.059,2.062,2.059,2.062,440.58
1768217700000,2.061,2.064,2.061,2.064,3941.24
1768217760000,2.063,2.063,2.059,2.061,701.55
1768217820000,2.061,2.061,2.06,2.06,56.99
1768217880000,2.06,2.06,2.058,2.058,1630.57
1768217940000,2.058,2.058,2.057,2.057,1995.99
1768218000000,2.058,2.058,2.055,2.057,10357.32
1768218060000,2.058,2.06,2.058,2.059,3304.06
1768218120000,2.058,2.058,2.057,2.057,1580.82
1768218180000,2.058,2.059,2.058,2.059,607.02
1768218240000,2.06,2.06,2.059,2.06,131.34
1768218300000,2.06,2.06,2.059,2.06,2973.09
1768218360000,2.061,2.061,2.057,2.058,3866.7
1768218420000,2.059,2.059,2.059,2.059,27.41
1768218480000,2.06,2.061,2.06,2.061,1096.29
1768218540000,2.061,2.061,2.061,2.061,10.37
1768218600000,2.061,2.061,2.061,2.061,322.6
1768218660000,2.06,2.06,2.059,2.06,598.81
1768218720000,2.061,2.061,2.061,2.061,696.03
1768218780000,2.061,2.062,2.061,2.061,294.41
1768218840000,2.061,2.062,2.061,2.061,1538.52
1768218900000,2.06,2.06,2.059,2.059,14786.47
1768218960000,2.059,2.06,2.059,2.06,351.19
1768219020000,2.059,2.059,2.059,2.059,196.1
1768219080000,2.06,2.06,2.06,2.06,198.26
1768219140000,2.06,2.06,2.059,2.059,102.15
1768219200000,2.058,2.058,2.057,2.058,154.09
1768219260000,2.057,2.058,2.057,2.058,632.61
1768219320000,2.057,2.057,2.057,2.057,375.34
1768219380000,2.057,2.057,2.057,2.057,182.67
1768219440000,2.058,2.058,2.058,2.058,87.21
1768219500000,2.059,2.062,2.059,2.061,3380.28
1768219560000,2.06,2.06,2.059,2.06,1438.0
1768219620000,2.06,2.06,2.059,2.059,181.35
1768219680000,2.058,2.059,2.057,2.057,511.87
1768219740000,2.057,2.057,2.057,2.057,807.89
1768219800000,2.057,2.058,2.056,2.058,648.34
1768219860000,2.057,2.057,2.057,2.057,186.02
1768219920000,2.057,2.058,2.057,2.057,1309.99
1768219980000,2.057,2.057,2.055,2.056,1743.56
1768220040000,2.055,2.056,2.055,2.056,29.88
1768220100000,2.055,2.057,2.055,2.056,2178.0
1768220160000,2.056,2.056,2.056,2.056,1736.81
1768220220000,2.056,2.058,2.056,2.057,370.75
1768220280000,2.058,2.058,2.057,2.058,364.44
1768220340000,2.058,2.058,2.056,2.056,1351.09
1768220400000,2.055,2.056,2.054,2.056,2281.04
1768220460000,2.055,2.057,2.055,2.055,1019.71
1768220520000,2.055,2.056,2.055,2.056,75.12
1768220580000,2.057,2.059,2.057,2.059,635.15
1768220640000,2.06,2.06,2.059,2.059,468.26
1768220700000,2.059,2.059,2.058,2.058,2122.41
1768220760000,2.058,2.058,2.058,2.058,97.78
1768220820000,2.059,2.059,2.058,2.058,477.25
1768220880000,2.057,2.057,2.055,2.055,99.56
1768220940000,2.054,2.055,2.053,2.055,513.32
1768221000000,2.055,2.055,2.055,2.055,1256.47
1768221060000,2.055,2.055,2.054,2.054,4138.98
1768221120000,2.054,2.054,2.054,2.054,4.26
1768221180000,2.055,2.055,2.053,2.053,529.46
1768221240000,2.054,2.055,2.053,2.055,411.46
1768221300000,2.054,2.055,2.054,2.055,293.01
1768221360000,2.055,2.055,2.054,2.054,213.45
1768221420000,2.053,2.053,2.05,2.05,1080.16
1768221480000,2.052,2.052,2.051,2.052,364.24
1768221540000,2.051,2.051,2.051,2.051,466.06
1768221600000,2.05,2.05,2.049,2.05,311.76
1768221660000,2.05,2.051,2.05,2.051,152.22
1768221720000,2.052,2.053,2.052,2.052,1270.96
1768221780000,2.052,2.052,2.051,2.051,357.27
1768221840000,2.051,2.051,2.051,2.051,331.74
1768221900000,2.05,2.051,2.05,2.051,775.19
1768221960000,2.05,2.05,2.049,2.049,44.81
1768222020000,2.049,2.05,2.049,2.05,674.71
1768222080000,2.05,2.05,2.05,2.05,10.57
1768222140000,2.05,2.051,2.05,2.051,50.13
1768222200000,2.052,2.053,2.052,2.053,527.23
1768222260000,2.053,2.055,2.053,2.054,570.1
1768222320000,2.053,2.056,2.053,2.055,9654.94
1768222380000,2.054,2.054,2.052,2.053,3869.01
1768222440000,2.053,2.053,2.052,2.053,919.13
1768222500000,2.054,2.056,2.054,2.054,11882.79
1768222560000,2.055,2.055,2.05,2.05,9158.6
1768222620000,2.05,2.05,2.049,2.049,587.51
1768222680000,2.049,2.051,2.049,2.051,399.58
1768222740000,2.051,2.051,2.05,2.051,79.32
1768222800000,2.051,2.051,2.049,2.051,292.89
1768222860000,2.049,2.049,2.048,2.049,1005.05
1768222920000,2.05,2.054,2.05,2.053,5481.84
1768222980000,2.053,2.055,2.052,2.054,12479.05
1768223040000,2.055,2.055,2.052,2.052,3576.14
1768223100000,2.052,2.052,2.051,2.051,237.1
1768223160000,2.051,2.051,2.048,2.048,813.99
1768223220000,2.048,2.048,2.043,2.043,2787.28
1768223280000,2.044,2.044,2.043,2.044,847.7
1768223340000,2.043,2.043,2.042,2.043,1494.76
1768223400000,2.044,2.046,2.044,2.045,3966.08
1768223460000,2.045,2.046,2.044,2.044,2430.17
1768223520000,2.044,2.045,2.043,2.043,3829.36
1768223580000,2.044,2.044,2.04,2.041,7192.04
1768223640000,2.04,2.041,2.038,2.04,8317.74
1768223700000,2.041,2.045,2.041,2.044,2016.02
1768223760000,2.045,2.045,2.044,2.045,1468.61
1768223820000,2.045,2.046,2.043,2.043,863.8
1768223880000,2.043,2.045,2.043,2.044,627.78
1768223940000,2.043,2.045,2.043,2.045,4562.04
1768224000000,2.045,2.045,2.044,2.045,1113.62
1768224060000,2.045,2.046,2.045,2.045,2173.86
1768224120000,2.045,2.045,2.044,2.044,3006.69
1768224180000,2.044,2.044,2.044,2.044,1002.42
1768224240000,2.044,2.044,2.042,2.042,716.4
1768224300000,2.041,2.043,2.04,2.043,3474.64
1768224360000,2.042,2.042,2.04,2.042,800.77
1768224420000,2.041,2.041,2.04,2.04,16.37
1768224480000,2.042,2.043,2.042,2.043,435.93
1768224540000,2.043,2.043,2.043,2.043,875.23
1768224600000,2.043,2.044,2.043,2.043,1968.21
1768224660000,2.042,2.042,2.041,2.042,430.17
1768224720000,2.043,2.045,2.043,2.045,591.12
1768224780000,2.045,2.046,2.045,2.046,346.96
1768224840000,2.045,2.046,2.044,2.046,215.97
1768224900000,2.047,2.048,2.047,2.047,672.62
1768224960000,2.047,2.048,2.046,2.047,1635.38
1768225020000,2.046,2.046,2.044,2.045,3022.17
1768225080000,2.044,2.046,2.044,2.046,198.75
1768225140000,2.046,2.046,2.046,2.046,693.82
1768225200000,2.046,2.047,2.044,2.044,11922.7
1768225260000,2.044,2.044,2.042,2.042,243.71
1768225320000,2.042,2.042,2.039,2.04,2166.93
1768225380000,2.039,2.039,2.037,2.038,2445.07
1768225440000,2.038,2.039,2.038,2.038,680.79
1768225500000,2.038,2.038,2.035,2.037,10808.9
1768225560000,2.036,2.036,2.03,2.034,14603.95
1768225620000,2.034,2.04,2.034,2.04,4720.59
1768225680000,2.039,2.039,2.038,2.038,632.17
1768225740000,2.039,2.04,2.037,2.039,1842.94
1768225800000,2.039,2.039,2.039,2.039,0.0
1768225860000,2.039,2.04,2.039,2.04,638.7
1768225920000,2.039,2.04,2.038,2.038,475.33
1768225980000,2.038,2.04,2.038,2.04,689.82
1768226040000,2.04,2.04,2.039,2.039,363.76
1768226100000,2.039,2.039,2.038,2.039,79.35
1768226160000,2.039,2.04,2.039,2.039,223.1
1768226220000,2.038,2.039,2.038,2.038,85.33
1768226280000,2.038,2.039,2.038,2.038,694.72
1768226340000,2.037,2.037,2.036,2.036,637.31
1768226400000,2.036,2.039,2.036,2.038,3813.0
1768226460000,2.038,2.041,2.037,2.038,9224.4
1768226520000,2.039,2.039,2.038,2.038,596.43
1768226580000,2.037,2.04,2.037,2.04,1000.33
1768226640000,2.04,2.04,2.038,2.038,25.19
1768226700000,2.038,2.045,2.038,2.043,3279.01
1768226760000,2.043,2.045,2.043,2.045,436.18
1768226820000,2.045,2.045,2.044,2.044,3162.98
1768226880000,2.043,2.044,2.043,2.044,1039.31
1768226940000,2.043,2.046,2.043,2.045,1334.79
1768227000000,2.045,2.045,2.045,2.045,827.42
1768227060000,2.045,2.045,2.044,2.045,156.86
1768227120000,2.045,2.045,2.044,2.044,82.01
1768227180000,2.044,2.044,2.043,2.043,1593.63
1768227240000,2.043,2.044,2.043,2.043,338.37
1768227300000,2.043,2.044,2.043,2.044,416.18
1768227360000,2.043,2.043,2.04,2.041,3522.29
1768227420000,2.041,2.041,2.035,2.036,6779.44
1768227480000,2.036,2.042,2.033,2.041,31237.62
1768227540000,2.04,2.041,2.039,2.039,5219.47
1768227600000,2.04,2.041,2.038,2.038,1488.8
1768227660000,2.038,2.039,2.033,2.033,6607.99
1768227720000,2.034,2.035,2.033,2.035,14230.67
1768227780000,2.034,2.035,2.033,2.034,1504.01
1768227840000,2.034,2.034,2.022,2.029,96730.34
1768227900000,2.029,2.035,2.027,2.033,8047.74
1768227960000,2.033,2.034,2.032,2.032,2581.27
1768228020000,2.032,2.035,2.03,2.034,5901.68
1768228080000,2.035,2.037,2.035,2.036,9163.95
1768228140000,2.036,2.036,2.034,2.035,1671.42
1768228200000,2.035,2.039,2.034,2.039,7340.82
1768228260000,2.039,2.044,2.037,2.043,17154.79
1768228320000,2.044,2.054,2.043,2.052,26766.73
1768228380000,2.051,2.055,2.051,2.055,6235.65
1768228440000,2.055,2.056,2.049,2.051,7089.19
1768228500000,2.049,2.051,2.047,2.047,2875.35
1768228560000,2.047,2.051,2.047,2.048,2604.41
1768228620000,2.047,2.049,2.046,2.047,1315.42
1768228680000,2.048,2.057,2.048,2.057,4223.06
1768228740000,2.057,2.067,2.057,2.063,25023.39
1768228800000,2.064,2.066,2.056,2.057,8037.3
1768228860000,2.056,2.059,2.054,2.059,3673.43
1768228920000,2.058,2.06,2.056,2.058,6784.01
1768228980000,2.058,2.058,2.053,2.053,8297.67
1768229040000,2.053,2.057,2.052,2.057,1536.48
1768229100000,2.056,2.056,2.053,2.053,1272.57
1768229160000,2.053,2.053,2.049,2.051,1119.84
1768229220000,2.052,2.058,2.052,2.058,1765.96
1768229280000,2.057,2.059,2.057,2.058,3909.05
1768229340000,2.059,2.059,2.058,2.059,3789.69
1768229400000,2.059,2.063,2.058,2.063,4716.3
1768229460000,2.064,2.067,2.063,2.067,6967.45
1768229520000,2.068,2.068,2.058,2.058,9187.81
1768229580000,2.057,2.058,2.056,2.057,491.72
1768229640000,2.057,2.057,2.054,2.055,2659.34
1768229700000,2.054,2.058,2.054,2.058,145.01
1768229760000,2.059,2.059,2.058,2.059,719.36
1768229820000,2.06,2.061,2.056,2.056,8214.03
1768229880000,2.057,2.059,2.057,2.058,445.63
1768229940000,2.058,2.061,2.058,2.06,1162.73
1768230000000,2.061,2.061,2.057,2.057,784.23
1768230060000,2.058,2.059,2.057,2.057,4486.28
1768230120000,2.056,2.056,2.054,2.055,2677.99
1768230180000,2.055,2.055,2.052,2.055,1130.32
1768230240000,2.056,2.057,2.052,2.052,3639.6
1768230300000,2.052,2.055,2.052,2.055,338.4
1768230360000,2.054,2.057,2.053,2.057,4396.0
1768230420000,2.058,2.058,2.055,2.057,1383.41
1768230480000,2.057,2.06,2.057,2.06,3632.23
1768230540000,2.06,2.06,2.058,2.058,5182.36
1768230600000,2.058,2.06,2.056,2.058,2585.11
1768230660000,2.057,2.057,2.056,2.057,2137.78
1768230720000,2.056,2.056,2.054,2.056,134.45
1768230780000,2.057,2.061,2.057,2.06,3628.21
1768230840000,2.059,2.061,2.059,2.061,1179.65
1768230900000,2.061,2.062,2.06,2.062,3050.91
1768230960000,2.061,2.064,2.061,2.061,2716.47
1768231020000,2.061,2.065,2.061,2.064,977.33
1768231080000,2.065,2.07,2.064,2.07,11176.0
1768231140000,2.07,2.072,2.069,2.07,10730.71
1768231200000,2.07,2.08,2.07,2.074,38065.42
1768231260000,2.073,2.073,2.069,2.069,13116.52
1768231320000,2.068,2.07,2.067,2.07,4040.98
1768231380000,2.069,2.073,2.068,2.071,6077.4
1768231440000,2.071,2.075,2.071,2.075,4704.13
1768231500000,2.075,2.08,2.075,2.079,5883.52
1768231560000,2.078,2.079,2.074,2.074,5003.96
1768231620000,2.076,2.077,2.073,2.073,2541.27
1768231680000,2.074,2.078,2.074,2.077,2669.55
1768231740000,2.078,2.079,2.076,2.078,4419.97
1768231800000,2.078,2.078,2.073,2.073,877.95
1768231860000,2.074,2.074,2.072,2.072,2304.97
1768231920000,2.072,2.073,2.072,2.073,4310.58
1768231980000,2.073,2.077,2.073,2.076,1419.34
1768232040000,2.076,2.077,2.075,2.076,3685.71
1768232100000,2.076,2.079,2.076,2.077,1253.83
1768232160000,2.078,2.081,2.074,2.075,6848.06
1768232220000,2.074,2.08,2.074,2.08,913.87
1768232280000,2.08,2.083,2.08,2.082,11635.38
1768232340000,2.081,2.082,2.08,2.081,3651.63
1768232400000,2.081,2.082,2.079,2.082,2070.95
1768232460000,2.081,2.085,2.08,2.084,5827.28
1768232520000,2.084,2.087,2.084,2.085,5263.47
1768232580000,2.085,2.085,2.082,2.084,2700.98
1768232640000,2.084,2.089,2.084,2.087,8202.35
1768232700000,2.086,2.087,2.082,2.084,3136.82
1768232760000,2.085,2.089,2.085,2.086,10878.8
1768232820000,2.086,2.089,2.085,2.089,387.1
1768232880000,2.089,2.089,2.083,2.084,2517.21
1768232940000,2.084,2.085,2.083,2.085,627.15
1768233000000,2.085,2.087,2.084,2.085,1802.09
1768233060000,2.085,2.086,2.083,2.086,1633.48
1768233120000,2.086,2.086,2.085,2.086,848.65
1768233180000,2.087,2.088,2.086,2.086,5084.09
1768233240000,2.085,2.089,2.084,2.087,880.18
1768233300000,2.088,2.089,2.087,2.088,326.61
1768233360000,2.088,2.088,2.087,2.088,349.11
1768233420000,2.087,2.088,2.087,2.087,522.19
1768233480000,2.088,2.088,2.087,2.087,652.11
1768233540000,2.087,2.087,2.086,2.087,5435.82
1768233600000,2.087,2.09,2.086,2.087,5340.04
1768233660000,2.087,2.09,2.086,2.089,2522.82
1768233720000,2.089,2.09,2.088,2.088,505.6
1768233780000,2.088,2.088,2.085,2.087,3590.82
1768233840000,2.087,2.09,2.087,2.09,1217.19
1768233900000,2.091,2.094,2.091,2.093,5256.67
1768233960000,2.092,2.092,2.084,2.084,2108.7
1768234020000,2.085,2.09,2.084,2.09,2677.14
1768234080000,2.088,2.09,2.088,2.09,1026.94
1768234140000,2.091,2.091,2.088,2.09,8896.68
1768234200000,2.09,2.09,2.089,2.09,6991.75
1768234260000,2.09,2.09,2.089,2.09,896.11
1768234320000,2.091,2.094,2.089,2.089,2978.12
1768234380000,2.088,2.09,2.087,2.089,2435.07
1768234440000,2.089,2.089,2.087,2.088,9962.74
1768234500000,2.088,2.09,2.087,2.089,1803.29
1768234560000,2.09,2.094,2.09,2.093,3728.73
1768234620000,2.093,2.093,2.089,2.09,1818.02
1768234680000,2.09,2.093,2.089,2.091,34964.29
1768234740000,2.091,2.092,2.087,2.087,86268.9
1768234800000,2.088,2.091,2.088,2.09,4780.4
1768234860000,2.09,2.091,2.087,2.087,397.83
1768234920000,2.086,2.09,2.082,2.09,2500.85
1768234980000,2.09,2.091,2.089,2.091,1423.49
1768235040000,2.092,2.094,2.092,2.094,2826.25
1768235100000,2.094,2.098,2.094,2.098,11857.75
1768235160000,2.098,2.099,2.097,2.098,6796.94
1768235220000,2.099,2.1,2.098,2.099,4751.78
1768235280000,2.1,2.104,2.099,2.103,20932.77
1768235340000,2.103,2.107,2.103,2.106,8410.84
1768235400000,2.107,2.112,2.107,2.11,18624.67
1768235460000,2.111,2.113,2.108,2.112,9522.6
1768235520000,2.112,2.115,2.112,2.114,7337.5
1768235580000,2.113,2.113,2.1,2.1,3887.94
1768235640000,2.101,2.103,2.1,2.102,3808.48
1768235700000,2.102,2.107,2.102,2.107,6716.32
1768235760000,2.106,2.107,2.102,2.102,733.21
1768235820000,2.102,2.103,2.101,2.102,1126.13
1768235880000,2.102,2.103,2.097,2.101,18025.59
1768235940000,2.102,2.102,2.099,2.101,7010.24
1768236000000,2.101,2.104,2.1,2.1,1719.31
1768236060000,2.099,2.101,2.098,2.1,1189.02
1768236120000,2.099,2.101,2.097,2.101,3190.53
1768236180000,2.1,2.1,2.099,2.1,1012.09
1768236240000,2.1,2.1,2.098,2.1,5089.67
1768236300000,2.099,2.102,2.097,2.097,12905.47
1768236360000,2.098,2.1,2.092,2.092,3060.54
1768236420000,2.093,2.093,2.084,2.084,21171.1
1768236480000,2.085,2.085,2.081,2.082,14004.59
1768236540000,2.083,2.084,2.082,2.082,6044.22
1768236600000,2.083,2.087,2.083,2.087,6677.33
1768236660000,2.087,2.087,2.084,2.085,7234.18
1768236720000,2.086,2.089,2.086,2.086,4100.2
1768236780000,2.086,2.087,2.086,2.087,2254.55
1768236840000,2.087,2.088,2.086,2.087,4122.48
1768236900000,2.087,2.088,2.086,2.088,6737.2
1768236960000,2.089,2.09,2.089,2.09,2181.42
1768237020000,2.091,2.091,2.089,2.09,1928.46
1768237080000,2.091,2.091,2.087,2.087,2846.76
1768237140000,2.088,2.089,2.088,2.089,791.71
1768237200000,2.089,2.089,2.086,2.087,1084.38
1768237260000,2.087,2.089,2.087,2.089,4087.75
1768237320000,2.088,2.093,2.088,2.093,5850.11
1768237380000,2.094,2.095,2.091,2.095,4808.08
1768237440000,2.095,2.096,2.095,2.095,2104.89
1768237500000,2.095,2.095,2.094,2.094,1063.77
1768237560000,2.094,2.095,2.092,2.093,1529.44
1768237620000,2.094,2.096,2.091,2.093,5882.74
1768237680000,2.092,2.092,2.091,2.092,4058.08
1768237740000,2.092,2.093,2.089,2.089,741.19
1768237800000,2.088,2.088,2.085,2.085,6792.38
1768237860000,2.086,2.087,2.081,2.081,1561.53
1768237920000,2.083,2.084,2.081,2.084,6869.08
1768237980000,2.084,2.087,2.08,2.081,5435.59
1768238040000,2.082,2.086,2.081,2.086,771.35
1768238100000,2.085,2.085,2.084,2.084,6629.76
1768238160000,2.085,2.085,2.083,2.084,1346.05
1768238220000,2.085,2.086,2.084,2.086,102.51
1768238280000,2.086,2.086,2.084,2.084,716.5
1768238340000,2.085,2.086,2.085,2.086,266.28
1768238400000,2.087,2.087,2.085,2.086,450.05
1768238460000,2.087,2.09,2.085,2.085,1377.72
1768238520000,2.084,2.084,2.078,2.078,7604.61
1768238580000,2.078,2.08,2.076,2.077,7010.81
1768238640000,2.078,2.079,2.076,2.078,4224.01
1768238700000,2.078,2.078,2.071,2.073,19999.42
1768238760000,2.073,2.073,2.07,2.073,5717.61
1768238820000,2.073,2.074,2.072,2.074,239.1
1768238880000,2.073,2.074,2.072,2.073,2009.11
1768238940000,2.073,2.073,2.072,2.072,1981.89
1768239000000,2.072,2.072,2.068,2.069,3212.08
1768239060000,2.07,2.071,2.068,2.068,5430.83
1768239120000,2.067,2.068,2.061,2.062,11416.71
1768239180000,2.063,2.063,2.056,2.056,6571.37
1768239240000,2.056,2.059,2.054,2.057,8392.3
1768239300000,2.057,2.06,2.055,2.06,4433.27
1768239360000,2.061,2.064,2.06,2.064,2742.96
1768239420000,2.062,2.067,2.061,2.067,2968.3
1768239480000,2.068,2.068,2.064,2.064,1859.76
1768239540000,2.064,2.065,2.063,2.065,805.93
1768239600000,2.065,2.066,2.061,2.065,2466.05
1768239660000,2.066,2.067,2.065,2.067,815.87
1768239720000,2.066,2.066,2.064,2.064,251.1
1768239780000,2.064,2.069,2.064,2.068,16255.16
1768239840000,2.067,2.067,2.065,2.065,1550.15
1768239900000,2.064,2.066,2.064,2.066,2044.66
1768239960000,2.066,2.067,2.065,2.066,151.42
1768240020000,2.066,2.067,2.066,2.066,437.37
1768240080000,2.066,2.071,2.066,2.071,3783.17
1768240140000,2.071,2.073,2.071,2.071,2533.19
1768240200000,2.07,2.072,2.069,2.069,911.78
1768240260000,2.068,2.068,2.068,2.068,217.28
1768240320000,2.068,2.07,2.068,2.07,1122.32
1768240380000,2.069,2.071,2.069,2.071,6098.98
1768240440000,2.072,2.077,2.072,2.077,1931.92
1768240500000,2.077,2.078,2.076,2.076,2864.57
1768240560000,2.076,2.077,2.076,2.076,3198.5
1768240620000,2.075,2.076,2.07,2.071,34669.12
1768240680000,2.071,2.073,2.07,2.072,35625.0
1768240740000,2.073,2.074,2.072,2.073,383.09
1768240800000,2.074,2.074,2.072,2.073,4758.91
1768240860000,2.074,2.076,2.074,2.076,2554.86
1768240920000,2.076,2.076,2.074,2.074,780.28
1768240980000,2.074,2.076,2.074,2.075,2065.56
1768241040000,2.075,2.075,2.073,2.073,4305.09
1768241100000,2.074,2.076,2.074,2.076,561.38
1768241160000,2.076,2.077,2.076,2.076,434.42
1768241220000,2.075,2.075,2.074,2.074,1521.26
1768241280000,2.075,2.078,2.075,2.078,2452.95
1768241340000,2.078,2.082,2.078,2.08,5404.15
1768241400000,2.079,2.085,2.079,2.085,4646.7
1768241460000,2.084,2.087,2.08,2.081,3312.5
1768241520000,2.08,2.081,2.08,2.08,91.58
1768241580000,2.081,2.082,2.081,2.082,82.45
1768241640000,2.081,2.081,2.079,2.08,1007.35
1768241700000,2.079,2.079,2.078,2.078,678.61
1768241760000,2.079,2.082,2.079,2.082,6651.03
1768241820000,2.081,2.082,2.081,2.082,1788.82
1768241880000,2.08,2.08,2.078,2.08,757.41
1768241940000,2.08,2.081,2.079,2.08,202.23
1768242000000,2.08,2.083,2.08,2.082,8261.87
1768242060000,2.083,2.086,2.083,2.085,2826.75
1768242120000,2.085,2.087,2.085,2.085,591.62
1768242180000,2.084,2.084,2.083,2.084,537.89
1768242240000,2.084,2.084,2.083,2.084,228.09
1768242300000,2.085,2.086,2.085,2.085,1742.49
1768242360000,2.084,2.084,2.082,2.082,153.12
1768242420000,2.084,2.084,2.083,2.084,163.99
1768242480000,2.085,2.087,2.085,2.087,278.83
1768242540000,2.087,2.089,2.086,2.087,3491.05
1768242600000,2.087,2.087,2.085,2.086,3522.7
1768242660000,2.087,2.087,2.084,2.084,1166.91
1768242720000,2.084,2.084,2.081,2.081,3696.81
1768242780000,2.081,2.081,2.08,2.08,6582.26
1768242840000,2.08,2.08,2.075,2.075,68512.4
1768242900000,2.075,2.075,2.073,2.074,22078.43
1768242960000,2.075,2.075,2.069,2.07,15358.14
1768243020000,2.07,2.07,2.064,2.069,6349.72
1768243080000,2.069,2.071,2.068,2.069,759.84
1768243140000,2.07,2.073,2.07,2.073,1148.26
1768243200000,2.072,2.072,2.066,2.067,643.57
1768243260000,2.068,2.069,2.066,2.066,215.26
1768243320000,2.067,2.067,2.066,2.067,3717.56
1768243380000,2.067,2.069,2.067,2.069,1260.98
1768243440000,2.068,2.069,2.068,2.068,6125.48
1768243500000,2.067,2.068,2.067,2.068,57.94
1768243560000,2.069,2.07,2.067,2.067,1339.74
1768243620000,2.068,2.071,2.067,2.071,498.87
1768243680000,2.071,2.071,2.067,2.068,4133.59
1768243740000,2.068,2.069,2.068,2.068,1235.06
1768243800000,2.068,2.07,2.068,2.07,510.57
1768243860000,2.07,2.071,2.069,2.071,558.21
1768243920000,2.07,2.07,2.069,2.069,1907.76
1768243980000,2.069,2.071,2.069,2.071,259.41
1768244040000,2.07,2.071,2.069,2.069,576.01
1768244100000,2.069,2.071,2.069,2.071,225.77
1768244160000,2.07,2.07,2.07,2.07,213.64
1768244220000,2.07,2.072,2.07,2.072,83.27
1768244280000,2.071,2.071,2.071,2.071,33.8
1768244340000,2.07,2.07,2.07,2.07,55.29
1768244400000,2.07,2.071,2.067,2.067,1865.87
1768244460000,2.068,2.068,2.062,2.063,4253.82
1768244520000,2.064,2.064,2.063,2.063,1053.63
1768244580000,2.064,2.065,2.064,2.064,2212.96
1768244640000,2.063,2.063,2.061,2.062,3391.77
1768244700000,2.062,2.064,2.061,2.064,249.05
1768244760000,2.065,2.066,2.065,2.065,49.13
1768244820000,2.065,2.069,2.065,2.069,582.34
1768244880000,2.069,2.071,2.067,2.071,511.08
1768244940000,2.07,2.072,2.07,2.071,983.36
1768245000000,2.072,2.074,2.071,2.073,1186.79
1768245060000,2.074,2.074,2.068,2.068,11353.86
1768245120000,2.067,2.068,2.066,2.066,4573.71
1768245180000,2.067,2.069,2.067,2.069,2354.81
1768245240000,2.068,2.068,2.067,2.067,140.4
1768245300000,2.067,2.069,2.067,2.068,112.9
1768245360000,2.068,2.07,2.068,2.07,163.65
1768245420000,2.071,2.072,2.071,2.072,114.98
1768245480000,2.072,2.076,2.072,2.074,678.67
1768245540000,2.075,2.075,2.073,2.073,559.09
1768245600000,2.073,2.075,2.072,2.075,61.04
1768245660000,2.074,2.075,2.074,2.075,101.49
1768245720000,2.074,2.074,2.073,2.073,134.09
1768245780000,2.073,2.075,2.073,2.073,1696.09
1768245840000,2.073,2.073,2.071,2.071,1666.67
1768245900000,2.072,2.072,2.071,2.072,50.42
1768245960000,2.072,2.072,2.071,2.071,22.84
1768246020000,2.072,2.072,2.069,2.069,283.39
1768246080000,2.069,2.069,2.068,2.069,2410.51
1768246140000,2.07,2.071,2.07,2.071,24.15
1768246200000,2.071,2.073,2.071,2.072,720.77
1768246260000,2.073,2.075,2.073,2.074,1606.65
1768246320000,2.074,2.074,2.074,2.074,37.32
1768246380000,2.074,2.074,2.074,2.074,0.0
1768246440000,2.073,2.073,2.072,2.072,65.59
1768246500000,2.073,2.073,2.073,2.073,37.83
1768246560000,2.072,2.072,2.069,2.069,396.32
1768246620000,2.069,2.071,2.069,2.071,313.36
1768246680000,2.07,2.07,2.07,2.07,8.16
1768246740000,2.07,2.07,2.069,2.069,25.33
1768246800000,2.069,2.07,2.069,2.069,5938.56
1768246860000,2.07,2.071,2.069,2.069,409.07
1768246920000,2.069,2.069,2.069,2.069,47.99
1768246980000,2.069,2.069,2.069,2.069,111.56
1768247040000,2.068,2.068,2.068,2.068,211.54
1768247100000,2.068,2.068,2.066,2.067,346.77
1768247160000,2.065,2.066,2.065,2.066,226.14
1768247220000,2.066,2.067,2.065,2.066,11331.95
1768247280000,2.066,2.067,2.066,2.066,2057.35
1768247340000,2.065,2.067,2.065,2.067,1125.37
1768247400000,2.067,2.068,2.067,2.068,19.6
1768247460000,2.069,2.072,2.069,2.071,136.58
1768247520000,2.072,2.073,2.072,2.073,686.59
1768247580000,2.073,2.073,2.073,2.073,32.62
1768247640000,2.072,2.075,2.072,2.075,1088.07
1768247700000,2.073,2.073,2.073,2.073,114.01
1768247760000,2.074,2.076,2.074,2.075,260.89
1768247820000,2.075,2.077,2.075,2.076,180.78
1768247880000,2.077,2.077,2.076,2.077,179.92
1768247940000,2.076,2.076,2.074,2.074,2799.05
1768248000000,2.074,2.074,2.072,2.073,1172.05
1768248060000,2.073,2.073,2.072,2.073,37.33
1768248120000,2.073,2.077,2.073,2.077,1735.04
1768248180000,2.076,2.08,2.076,2.079,2577.55
1768248240000,2.079,2.081,2.077,2.08,4717.12
1768248300000,2.081,2.082,2.08,2.08,977.4
1768248360000,2.081,2.084,2.081,2.083,2339.28
1768248420000,2.084,2.085,2.084,2.085,1465.37
1768248480000,2.084,2.085,2.084,2.084,1650.32
1768248540000,2.084,2.084,2.081,2.081,899.85
1768248600000,2.08,2.081,2.078,2.081,770.94
1768248660000,2.081,2.081,2.08,2.08,113.07
1768248720000,2.08,2.082,2.08,2.082,357.36
1768248780000,2.081,2.081,2.08,2.08,387.91
1768248840000,2.079,2.081,2.079,2.081,320.25
1768248900000,2.08,2.08,2.074,2.075,1540.02
1768248960000,2.075,2.075,2.075,2.075,38.19
1768249020000,2.074,2.075,2.074,2.074,818.42
1768249080000,2.073,2.073,2.069,2.069,3436.54
1768249140000,2.069,2.07,2.069,2.07,328.23
1768249200000,2.07,2.07,2.07,2.07,10.96
1768249260000,2.07,2.071,2.07,2.07,43.65
1768249320000,2.071,2.073,2.071,2.073,5154.35
1768249380000,2.072,2.072,2.072,2.072,443.76
1768249440000,2.073,2.075,2.073,2.073,85.03
1768249500000,2.073,2.073,2.072,2.072,333.56
1768249560000,2.071,2.072,2.07,2.07,999.37
1768249620000,2.071,2.071,2.067,2.067,9875.33
1768249680000,2.067,2.067,2.066,2.067,514.79
1768249740000,2.066,2.069,2.066,2.069,181.08
1768249800000,2.069,2.069,2.067,2.067,2833.65
1768249860000,2.066,2.066,2.065,2.065,1371.16
1768249920000,2.064,2.064,2.062,2.063,6826.64
1768249980000,2.064,2.064,2.059,2.06,3748.11
1768250040000,2.06,2.061,2.06,2.061,1428.1
1768250100000,2.06,2.06,2.059,2.059,3544.02
1768250160000,2.06,2.06,2.059,2.06,102.11
1768250220000,2.06,2.062,2.06,2.062,738.2
1768250280000,2.063,2.063,2.061,2.061,742.62
1768250340000,2.061,2.061,2.061,2.061,0.0
1768250400000,2.062,2.062,2.06,2.06,457.53
1768250460000,2.06,2.06,2.058,2.06,1368.04
1768250520000,2.06,2.06,2.058,2.059,201.22
1768250580000,2.059,2.06,2.058,2.059,328.12
1768250640000,2.059,2.059,2.058,2.058,164.83
1768250700000,2.059,2.059,2.057,2.059,317.56
1768250760000,2.059,2.059,2.056,2.057,1322.89
1768250820000,2.056,2.058,2.056,2.058,179.23
1768250880000,2.059,2.061,2.058,2.059,441.33
1768250940000,2.058,2.061,2.058,2.061,355.3
1768251000000,2.06,2.06,2.058,2.058,2804.09
1768251060000,2.058,2.059,2.058,2.058,366.9
1768251120000,2.058,2.058,2.057,2.057,1548.7
1768251180000,2.057,2.061,2.057,2.059,1788.34
1768251240000,2.058,2.059,2.057,2.057,1288.84
1768251300000,2.058,2.058,2.057,2.058,224.4
1768251360000,2.059,2.06,2.057,2.057,212.44
1768251420000,2.057,2.057,2.056,2.056,603.33
1768251480000,2.056,2.057,2.056,2.057,135.72
1768251540000,2.057,2.06,2.057,2.06,6777.54
1768251600000,2.059,2.06,2.058,2.059,1615.3
1768251660000,2.058,2.058,2.055,2.056,65552.74
1768251720000,2.055,2.055,2.053,2.054,4369.94
1768251780000,2.054,2.054,2.051,2.052,4485.7
1768251840000,2.052,2.052,2.051,2.051,3688.08
1768251900000,2.051,2.052,2.05,2.052,7056.89
1768251960000,2.053,2.056,2.053,2.056,845.34
1768252020000,2.055,2.056,2.053,2.056,331.15
1768252080000,2.057,2.057,2.057,2.057,7.29
1768252140000,2.057,2.059,2.057,2.059,401.82
1768252200000,2.06,2.06,2.06,2.06,283.3
1768252260000,2.06,2.06,2.056,2.056,916.75
1768252320000,2.057,2.059,2.057,2.059,800.09
1768252380000,2.058,2.06,2.057,2.058,3273.58
1768252440000,2.059,2.06,2.059,2.059,700.05
1768252500000,2.06,2.061,2.06,2.061,128.77
1768252560000,2.06,2.06,2.057,2.058,970.16
1768252620000,2.057,2.058,2.057,2.057,558.79
1768252680000,2.057,2.059,2.057,2.057,2425.21
1768252740000,2.057,2.057,2.057,2.057,189.56
1768252800000,2.056,2.058,2.056,2.058,59.47
1768252860000,2.058,2.059,2.056,2.056,2365.68
1768252920000,2.055,2.055,2.055,2.055,765.14
1768252980000,2.055,2.055,2.054,2.054,794.5
1768253040000,2.054,2.057,2.053,2.053,2648.21
1768253100000,2.053,2.058,2.052,2.057,8845.16
1768253160000,2.056,2.056,2.054,2.054,1310.95
1768253220000,2.054,2.056,2.054,2.056,1225.4
1768253280000,2.055,2.056,2.054,2.054,79.7
1768253340000,2.053,2.054,2.053,2.054,1317.56
1768253400000,2.054,2.054,2.053,2.053,383.37
1768253460000,2.053,2.053,2.053,2.053,7.68
1768253520000,2.053,2.053,2.052,2.052,138.14
1768253580000,2.051,2.052,2.05,2.051,1373.93
1768253640000,2.052,2.052,2.051,2.051,160.23
1768253700000,2.052,2.053,2.051,2.051,536.95
1768253760000,2.051,2.052,2.051,2.052,154.16
1768253820000,2.052,2.052,2.05,2.05,636.48
1768253880000,2.051,2.053,2.051,2.052,681.03
1768253940000,2.052,2.053,2.052,2.053,30.85
1768254000000,2.053,2.054,2.053,2.053,515.28
1768254060000,2.053,2.053,2.053,2.053,0.0
1768254120000,2.054,2.054,2.054,2.054,382.21
1768254180000,2.053,2.053,2.05,2.05,1470.36
1768254240000,2.05,2.051,2.049,2.05,2120.26
1768254300000,2.049,2.05,2.049,2.05,1577.84
1768254360000,2.05,2.052,2.049,2.049,739.78
1768254420000,2.048,2.049,2.046,2.048,4347.12
1768254480000,2.048,2.051,2.048,2.051,6657.73
1768254540000,2.051,2.051,2.05,2.05,29.38
1768254600000,2.049,2.049,2.045,2.045,2084.81
1768254660000,2.044,2.045,2.043,2.045,3672.81
1768254720000,2.045,2.045,2.044,2.044,1432.85
1768254780000,2.043,2.044,2.043,2.044,1507.65
1768254840000,2.044,2.044,2.038,2.04,6420.0
1768254900000,2.04,2.042,2.039,2.042,3255.52
1768254960000,2.042,2.043,2.041,2.042,2710.53
1768255020000,2.042,2.043,2.042,2.042,605.08
1768255080000,2.042,2.044,2.041,2.044,10833.44
1768255140000,2.045,2.048,2.045,2.048,1066.93
1768255200000,2.048,2.055,2.047,2.055,4763.86
1768255260000,2.055,2.057,2.053,2.054,5564.32
1768255320000,2.055,2.058,2.055,2.058,1532.11
1768255380000,2.057,2.057,2.055,2.056,230.15
1768255440000,2.055,2.056,2.055,2.056,586.67
1768255500000,2.055,2.055,2.053,2.053,872.32
1768255560000,2.052,2.054,2.052,2.054,277.45
1768255620000,2.055,2.056,2.053,2.054,5133.83
1768255680000,2.055,2.056,2.055,2.055,20.21
1768255740000,2.056,2.058,2.056,2.058,2689.95
1768255800000,2.058,2.058,2.056,2.056,1601.81
1768255860000,2.057,2.057,2.055,2.055,852.31
1768255920000,2.056,2.056,2.056,2.056,7.68
1768255980000,2.056,2.059,2.056,2.057,3155.13
1768256040000,2.056,2.056,2.056,2.056,651.51
1768256100000,2.055,2.055,2.049,2.05,707.98
1768256160000,2.05,2.053,2.05,2.053,338.94
1768256220000,2.054,2.055,2.053,2.054,773.71
1768256280000,2.054,2.054,2.052,2.053,2791.34
1768256340000,2.053,2.054,2.052,2.054,3171.58
1768256400000,2.055,2.057,2.055,2.056,1036.07
1768256460000,2.056,2.056,2.056,2.056,60.87
1768256520000,2.056,2.056,2.054,2.054,797.33
1768256580000,2.054,2.055,2.054,2.055,2350.44
1768256640000,2.055,2.056,2.055,2.056,469.39
1768256700000,2.057,2.057,2.057,2.057,247.89
1768256760000,2.057,2.058,2.057,2.057,2142.85
1768256820000,2.057,2.057,2.056,2.057,237.77
1768256880000,2.056,2.056,2.055,2.055,499.56
1768256940000,2.055,2.055,2.055,2.055,30.18
1768257000000,2.054,2.054,2.053,2.053,1978.93
1768257060000,2.052,2.054,2.052,2.054,846.83
1768257120000,2.055,2.057,2.055,2.056,341.58
1768257180000,2.055,2.058,2.055,2.058,1743.01
1768257240000,2.059,2.06,2.059,2.059,1533.8
1768257300000,2.059,2.059,2.057,2.057,2358.16
1768257360000,2.056,2.056,2.052,2.053,1288.15
1768257420000,2.052,2.055,2.052,2.055,440.96
1768257480000,2.055,2.056,2.055,2.055,172.57
1768257540000,2.056,2.059,2.056,2.059,2366.91
1768257600000,2.059,2.059,2.057,2.058,2429.08
1768257660000,2.058,2.059,2.058,2.059,2318.12
1768257720000,2.059,2.059,2.059,2.059,227.74
1768257780000,2.059,2.059,2.059,2.059,5.88
1768257840000,2.06,2.061,2.058,2.058,3723.33
1768257900000,2.057,2.057,2.057,2.057,349.39
1768257960000,2.058,2.058,2.056,2.056,1671.24
1768258020000,2.056,2.057,2.055,2.055,44.37
1768258080000,2.055,2.055,2.054,2.054,1333.65
1768258140000,2.055,2.055,2.055,2.055,504.15
1768258200000,2.055,2.055,2.055,2.055,5.14
1768258260000,2.054,2.054,2.054,2.054,58.75
1768258320000,2.054,2.054,2.053,2.054,570.95
1768258380000,2.054,2.054,2.053,2.054,677.91
1768258440000,2.054,2.054,2.054,2.054,0.0
1768258500000,2.054,2.054,2.054,2.054,458.67
1768258560000,2.054,2.055,2.054,2.055,34.34
1768258620000,2.055,2.055,2.055,2.055,2264.41
1768258680000,2.056,2.056,2.056,2.056,350.1
1768258740000,2.055,2.055,2.055,2.055,2079.46
1768258800000,2.055,2.055,2.055,2.055,567.05
1768258860000,2.055,2.056,2.055,2.056,104.17
1768258920000,2.055,2.055,2.051,2.051,4037.51
1768258980000,2.051,2.051,2.05,2.051,1800.67
1768259040000,2.05,2.05,2.048,2.048,1505.32
1768259100000,2.049,2.049,2.048,2.048,1564.29
1768259160000,2.048,2.05,2.048,2.05,105.51
1768259220000,2.05,2.05,2.05,2.05,886.86
1768259280000,2.05,2.05,2.046,2.048,9249.43
1768259340000,2.047,2.048,2.046,2.046,3380.51
1768259400000,2.045,2.047,2.044,2.044,4248.26
1768259460000,2.045,2.045,2.045,2.045,1741.28
1768259520000,2.046,2.049,2.046,2.048,48.82
1768259580000,2.049,2.051,2.049,2.049,3342.08
1768259640000,2.049,2.049,2.049,2.049,692.99
1768259700000,2.049,2.05,2.049,2.05,324.15
1768259760000,2.051,2.051,2.05,2.051,188.69
1768259820000,2.05,2.05,2.047,2.048,3817.91
1768259880000,2.049,2.05,2.049,2.05,29.32
1768259940000,2.05,2.05,2.05,2.05,0.0
1768260000000,2.049,2.05,2.049,2.05,1020.06
1768260060000,2.05,2.05,2.05,2.05,235.15
1768260120000,2.049,2.051,2.049,2.051,5415.82
1768260180000,2.049,2.05,2.049,2.05,686.67
1768260240000,2.051,2.051,2.051,2.051,893.47
1768260300000,2.052,2.052,2.052,2.052,25.53
1768260360000,2.053,2.053,2.053,2.053,201.98
1768260420000,2.054,2.057,2.054,2.056,1655.8
1768260480000,2.056,2.058,2.056,2.058,1464.47
1768260540000,2.058,2.058,2.057,2.057,550.59
1768260600000,2.057,2.057,2.056,2.056,2401.94
1768260660000,2.056,2.059,2.056,2.059,486.73
1768260720000,2.059,2.06,2.057,2.058,4820.84
1768260780000,2.058,2.058,2.054,2.054,3616.26
1768260840000,2.054,2.054,2.054,2.054,249.85
1768260900000,2.054,2.054,2.052,2.053,4461.31
1768260960000,2.054,2.055,2.054,2.054,3322.6
1768261020000,2.055,2.055,2.055,2.055,2080.46
1768261080000,2.055,2.055,2.055,2.055,0.0
1768261140000,2.055,2.056,2.055,2.055,1549.4
1768261200000,2.055,2.055,2.054,2.054,914.52
1768261260000,2.055,2.056,2.055,2.056,1555.21
1768261320000,2.056,2.056,2.055,2.056,19.63
1768261380000,2.055,2.055,2.055,2.055,757.34
1768261440000,2.055,2.056,2.055,2.055,191.48
1768261500000,2.055,2.055,2.053,2.053,962.95
1768261560000,2.053,2.054,2.052,2.053,1603.76
1768261620000,2.052,2.053,2.052,2.053,1053.66
1768261680000,2.053,2.054,2.053,2.054,753.71
1768261740000,2.053,2.053,2.053,2.053,3.65
1768261800000,2.053,2.054,2.053,2.054,16.27
1768261860000,2.054,2.054,2.054,2.054,2019.14
1768261920000,2.055,2.055,2.054,2.054,1539.58
1768261980000,2.055,2.055,2.054,2.054,94.71
1768262040000,2.054,2.055,2.054,2.054,442.11
1768262100000,2.055,2.055,2.055,2.055,728.37
1768262160000,2.055,2.055,2.054,2.054,352.4
1768262220000,2.055,2.055,2.054,2.054,606.35
1768262280000,2.054,2.054,2.054,2.054,6177.96
1768262340000,2.055,2.055,2.055,2.055,24.33
1768262400000,2.054,2.054,2.052,2.053,4531.71
1768262460000,2.053,2.054,2.052,2.054,3844.85
1768262520000,2.055,2.056,2.054,2.056,2141.27
1768262580000,2.057,2.057,2.056,2.056,32.23
1768262640000,2.056,2.057,2.056,2.057,939.83
1768262700000,2.058,2.058,2.058,2.058,3353.99
1768262760000,2.058,2.061,2.058,2.059,8437.58
1768262820000,2.059,2.059,2.055,2.055,320.44
1768262880000,2.056,2.059,2.056,2.058,1286.91
1768262940000,2.058,2.059,2.058,2.059,425.64
1768263000000,2.059,2.063,2.059,2.06,14863.23
1768263060000,2.06,2.062,2.06,2.06,12598.83
1768263120000,2.059,2.059,2.056,2.057,6069.61
1768263180000,2.056,2.056,2.055,2.056,1485.58
1768263240000,2.056,2.056,2.054,2.054,11781.5
1768263300000,2.055,2.055,2.054,2.055,4089.48
1768263360000,2.055,2.055,2.054,2.055,473.19
1768263420000,2.056,2.058,2.056,2.058,868.54
1768263480000,2.059,2.059,2.057,2.057,535.33
1768263540000,2.057,2.057,2.057,2.057,518.36
1768263600000,2.057,2.058,2.057,2.058,83.29
1768263660000,2.057,2.06,2.057,2.058,8601.26
1768263720000,2.057,2.06,2.057,2.06,709.13
1768263780000,2.059,2.063,2.058,2.059,52062.34
1768263840000,2.058,2.058,2.056,2.058,21882.62
1768263900000,2.057,2.058,2.056,2.058,13983.55
1768263960000,2.057,2.058,2.056,2.057,14203.36
1768264020000,2.056,2.057,2.054,2.055,39011.84
1768264080000,2.054,2.056,2.054,2.055,5891.51
1768264140000,2.055,2.056,2.054,2.054,1655.6
1768264200000,2.054,2.056,2.054,2.056,1570.06
1768264260000,2.055,2.056,2.053,2.055,34055.77
1768264320000,2.056,2.056,2.056,2.056,1556.51
1768264380000,2.055,2.06,2.055,2.057,124592.31
1768264440000,2.057,2.059,2.057,2.059,13264.51
1768264500000,2.059,2.061,2.059,2.061,1370.73
1768264560000,2.061,2.064,2.061,2.063,3509.06
1768264620000,2.063,2.064,2.063,2.063,863.76
1768264680000,2.063,2.066,2.063,2.065,21734.09
1768264740000,2.063,2.064,2.06,2.061,3674.23
1768264800000,2.06,2.061,2.059,2.061,16185.85
1768264860000,2.06,2.06,2.058,2.058,21552.16
1768264920000,2.058,2.058,2.055,2.057,9092.19
1768264980000,2.058,2.059,2.058,2.059,1839.21
1768265040000,2.059,2.06,2.059,2.059,78.2
1768265100000,2.06,2.062,2.06,2.061,7966.35
1768265160000,2.062,2.063,2.062,2.063,122.7
1768265220000,2.062,2.062,2.061,2.061,1701.14
1768265280000,2.062,2.063,2.062,2.063,5957.54
1768265340000,2.063,2.064,2.063,2.064,927.56
1768265400000,2.063,2.065,2.063,2.064,197.62
1768265460000,2.064,2.067,2.064,2.067,12236.07
1768265520000,2.067,2.067,2.067,2.067,618.65
1768265580000,2.067,2.067,2.067,2.067,1712.79
1768265640000,2.068,2.068,2.067,2.068,1321.03
1768265700000,2.068,2.068,2.068,2.068,228.9
1768265760000,2.068,2.068,2.067,2.067,321.59
1768265820000,2.067,2.07,2.067,2.068,5170.32
1768265880000,2.068,2.069,2.068,2.069,1082.64
1768265940000,2.069,2.069,2.068,2.068,18.06
1768266000000,2.069,2.07,2.069,2.069,8525.22
1768266060000,2.069,2.07,2.067,2.067,4440.57
1768266120000,2.066,2.067,2.066,2.067,956.22
1768266180000,2.067,2.069,2.067,2.069,2412.82
1768266240000,2.069,2.07,2.068,2.069,8098.22
1768266300000,2.069,2.07,2.069,2.07,2636.29
1768266360000,2.07,2.073,2.07,2.073,4486.64
1768266420000,2.073,2.077,2.073,2.077,13307.17
1768266480000,2.077,2.078,2.076,2.077,4575.6
1768266540000,2.077,2.077,2.075,2.077,2605.52
1768266600000,2.076,2.078,2.076,2.077,83.75
1768266660000,2.077,2.077,2.075,2.075,921.4
1768266720000,2.074,2.076,2.074,2.076,1735.45
1768266780000,2.076,2.077,2.076,2.076,3699.03
1768266840000,2.077,2.078,2.076,2.078,22.19
1768266900000,2.077,2.077,2.076,2.076,1780.12
1768266960000,2.077,2.079,2.077,2.079,4192.16
1768267020000,2.079,2.079,2.079,2.079,90.49
1768267080000,2.079,2.079,2.075,2.075,4025.67
1768267140000,2.075,2.078,2.075,2.077,1247.66
1768267200000,2.078,2.079,2.078,2.078,6398.77
1768267260000,2.078,2.079,2.078,2.079,22.01
1768267320000,2.078,2.079,2.078,2.079,27.17
1768267380000,2.079,2.079,2.078,2.078,2570.44
1768267440000,2.079,2.079,2.078,2.078,1591.68
1768267500000,2.078,2.079,2.078,2.079,2660.09
1768267560000,2.079,2.079,2.077,2.077,5108.66
1768267620000,2.076,2.076,2.073,2.075,3838.3
1768267680000,2.076,2.077,2.076,2.077,1610.56
1768267740000,2.077,2.078,2.077,2.078,1657.35
1768267800000,2.077,2.078,2.077,2.078,2392.77
1768267860000,2.078,2.08,2.076,2.077,34700.03
1768267920000,2.077,2.079,2.077,2.079,4232.36
1768267980000,2.078,2.078,2.076,2.077,1668.03
1768268040000,2.077,2.077,2.073,2.073,5354.73
1768268100000,2.073,2.073,2.072,2.073,4218.85
1768268160000,2.072,2.072,2.071,2.071,2408.19
1768268220000,2.072,2.073,2.071,2.071,5691.04
1768268280000,2.071,2.073,2.07,2.073,5344.33
1768268340000,2.073,2.075,2.073,2.074,628.07
1768268400000,2.075,2.075,2.074,2.074,61.79
1768268460000,2.074,2.076,2.072,2.072,7082.5
1768268520000,2.071,2.072,2.071,2.072,7008.01
1768268580000,2.072,2.074,2.072,2.074,4252.09
1768268640000,2.074,2.074,2.074,2.074,25.49
1768268700000,2.073,2.075,2.072,2.075,737.23
1768268760000,2.074,2.074,2.074,2.074,294.18
1768268820000,2.075,2.078,2.075,2.078,13793.56
1768268880000,2.077,2.078,2.076,2.078,1237.07
1768268940000,2.078,2.079,2.077,2.078,1097.59
1768269000000,2.078,2.078,2.078,2.078,817.2
1768269060000,2.079,2.079,2.078,2.078,1961.75
1768269120000,2.078,2.078,2.078,2.078,683.17
1768269180000,2.077,2.077,2.075,2.075,2830.79
1768269240000,2.074,2.078,2.074,2.077,61479.84
1768269300000,2.078,2.078,2.078,2.078,160.45
1768269360000,2.077,2.083,2.077,2.08,29277.7
1768269420000,2.081,2.081,2.08,2.08,14.32
1768269480000,2.08,2.081,2.08,2.081,361.78
1768269540000,2.082,2.082,2.082,2.082,1685.37
1768269600000,2.081,2.081,2.079,2.081,8462.58
1768269660000,2.082,2.085,2.082,2.084,4261.28
1768269720000,2.085,2.088,2.084,2.087,8473.35
1768269780000,2.087,2.093,2.087,2.093,20075.81
1768269840000,2.093,2.097,2.093,2.095,11556.33
1768269900000,2.094,2.097,2.094,2.097,3809.95
1768269960000,2.096,2.096,2.083,2.085,58013.49
1768270020000,2.084,2.085,2.077,2.078,152766.47
1768270080000,2.078,2.078,2.074,2.074,15429.04
1768270140000,2.073,2.075,2.072,2.073,4918.21
1768270200000,2.074,2.074,2.072,2.073,1899.39
1768270260000,2.072,2.073,2.072,2.073,2292.59
1768270320000,2.073,2.074,2.073,2.074,39.9
1768270380000,2.073,2.076,2.073,2.076,1009.34
1768270440000,2.077,2.077,2.075,2.075,5131.82
1768270500000,2.076,2.078,2.076,2.078,185.61
1768270560000,2.078,2.078,2.077,2.078,2423.1
1768270620000,2.077,2.077,2.077,2.077,9.97
1768270680000,2.078,2.078,2.077,2.077,624.77
1768270740000,2.076,2.076,2.075,2.075,211.94
1768270800000,2.076,2.076,2.075,2.075,1106.75
1768270860000,2.075,2.075,2.073,2.073,662.0
1768270920000,2.072,2.075,2.072,2.074,4377.63
1768270980000,2.074,2.074,2.072,2.072,1478.26
1768271040000,2.071,2.072,2.071,2.071,774.66
1768271100000,2.07,2.071,2.069,2.069,3902.69
1768271160000,2.069,2.069,2.068,2.068,657.1
1768271220000,2.069,2.071,2.069,2.069,6051.55
1768271280000,2.068,2.07,2.068,2.069,26.9
1768271340000,2.07,2.071,2.068,2.068,5729.15
1768271400000,2.068,2.07,2.068,2.07,328.64
1768271460000,2.07,2.071,2.069,2.07,266.21
1768271520000,2.07,2.07,2.07,2.07,1378.38
1768271580000,2.071,2.071,2.069,2.069,314.29
1768271640000,2.069,2.069,2.067,2.069,1571.35
1768271700000,2.069,2.069,2.069,2.069,495.44
1768271760000,2.069,2.069,2.069,2.069,310.51
1768271820000,2.068,2.068,2.067,2.067,1142.04
1768271880000,2.067,2.067,2.066,2.066,1416.46
1768271940000,2.066,2.066,2.064,2.065,8709.94
1768272000000,2.064,2.065,2.062,2.064,14389.14
1768272060000,2.064,2.064,2.064,2.064,1665.97
1768272120000,2.064,2.064,2.064,2.064,977.97
1768272180000,2.063,2.064,2.063,2.063,1295.66
1768272240000,2.062,2.063,2.059,2.061,8844.54
1768272300000,2.061,2.061,2.06,2.061,2831.65
1768272360000,2.061,2.062,2.061,2.061,103.78
1768272420000,2.061,2.062,2.06,2.061,8996.77
1768272480000,2.061,2.061,2.06,2.06,4204.29
1768272540000,2.06,2.062,2.06,2.061,2365.33
1768272600000,2.062,2.064,2.062,2.064,2128.9
1768272660000,2.064,2.064,2.063,2.063,436.66
1768272720000,2.062,2.062,2.06,2.062,2129.44
1768272780000,2.062,2.064,2.062,2.064,759.45
1768272840000,2.064,2.065,2.063,2.063,23447.49
1768272900000,2.062,2.063,2.062,2.063,99.53
1768272960000,2.063,2.063,2.062,2.062,134.46
1768273020000,2.062,2.062,2.061,2.061,5482.1
1768273080000,2.061,2.061,2.061,2.061,984.26
1768273140000,2.06,2.06,2.058,2.059,7782.7
1768273200000,2.059,2.06,2.058,2.058,6914.42
1768273260000,2.057,2.059,2.057,2.059,6427.69
1768273320000,2.059,2.06,2.059,2.059,105.12
1768273380000,2.059,2.06,2.059,2.06,479.0
1768273440000,2.059,2.06,2.059,2.059,705.13
1768273500000,2.06,2.06,2.059,2.059,219.36
1768273560000,2.059,2.059,2.058,2.058,2579.34
1768273620000,2.058,2.058,2.057,2.057,3701.18
1768273680000,2.056,2.057,2.055,2.055,4664.5
1768273740000,2.055,2.055,2.054,2.054,1082.9
1768273800000,2.055,2.059,2.055,2.058,24864.56
1768273860000,2.059,2.059,2.055,2.055,3646.98
1768273920000,2.056,2.058,2.055,2.058,3599.85
1768273980000,2.058,2.059,2.058,2.058,2678.71
1768274040000,2.057,2.058,2.057,2.058,995.08
1768274100000,2.058,2.062,2.058,2.061,1425.33
1768274160000,2.06,2.062,2.06,2.062,695.99
1768274220000,2.062,2.062,2.062,2.062,1161.94
1768274280000,2.062,2.063,2.062,2.062,249.99
1768274340000,2.061,2.062,2.061,2.062,12.76
1768274400000,2.061,2.061,2.059,2.059,2069.54
1768274460000,2.06,2.062,2.06,2.062,720.46
1768274520000,2.062,2.066,2.062,2.066,1002.11
1768274580000,2.067,2.067,2.065,2.066,2137.94
1768274640000,2.066,2.066,2.066,2.066,3532.87
1768274700000,2.066,2.066,2.065,2.066,1062.55
1768274760000,2.066,2.066,2.066,2.066,38.29
1768274820000,2.065,2.066,2.065,2.065,996.86
1768274880000,2.066,2.066,2.066,2.066,196.12
1768274940000,2.065,2.066,2.065,2.066,403.42
1768275000000,2.066,2.066,2.064,2.066,732.09
1768275060000,2.065,2.066,2.064,2.066,278.22
1768275120000,2.065,2.065,2.064,2.064,213.33
1768275180000,2.063,2.063,2.06,2.06,1829.0
1768275240000,2.06,2.061,2.06,2.061,160.18
1768275300000,2.062,2.063,2.062,2.063,226.92
1768275360000,2.063,2.064,2.063,2.064,493.97
1768275420000,2.064,2.064,2.064,2.064,0.0
1768275480000,2.063,2.063,2.061,2.062,809.83
1768275540000,2.061,2.061,2.061,2.061,1504.13
1768275600000,2.06,2.062,2.06,2.062,575.31
1768275660000,2.061,2.062,2.061,2.062,260.27
1768275720000,2.062,2.063,2.062,2.063,20.28
1768275780000,2.063,2.065,2.063,2.065,711.39
1768275840000,2.065,2.065,2.064,2.064,68.35
1768275900000,2.065,2.065,2.063,2.063,30.93
1768275960000,2.062,2.063,2.061,2.063,384.22
1768276020000,2.063,2.067,2.063,2.067,1640.1
1768276080000,2.067,2.068,2.066,2.067,1821.87
1768276140000,2.067,2.067,2.066,2.067,314.07
1768276200000,2.066,2.066,2.064,2.064,170.86
1768276260000,2.063,2.063,2.062,2.063,271.38
1768276320000,2.063,2.063,2.063,2.063,1790.36
1768276380000,2.062,2.062,2.062,2.062,16.39
1768276440000,2.062,2.063,2.062,2.062,204.57
1768276500000,2.063,2.065,2.063,2.065,4441.91
1768276560000,2.065,2.065,2.064,2.064,43.29
1768276620000,2.064,2.066,2.064,2.065,725.56
1768276680000,2.065,2.065,2.065,2.065,302.94
1768276740000,2.064,2.065,2.064,2.065,234.13
1768276800000,2.065,2.068,2.065,2.066,1339.43
1768276860000,2.066,2.072,2.066,2.071,1773.47
1768276920000,2.07,2.071,2.069,2.07,152.92
1768276980000,2.068,2.068,2.066,2.066,254.9
1768277040000,2.066,2.067,2.066,2.067,794.39
1768277100000,2.068,2.071,2.068,2.071,3004.26
1768277160000,2.071,2.071,2.069,2.069,651.34
1768277220000,2.068,2.068,2.067,2.067,532.22
1768277280000,2.067,2.068,2.067,2.068,1658.29
1768277340000,2.068,2.069,2.068,2.069,268.91
1768277400000,2.069,2.07,2.069,2.069,508.71
1768277460000,2.068,2.076,2.068,2.075,29453.13
1768277520000,2.075,2.082,2.075,2.08,18519.46
1768277580000,2.081,2.081,2.078,2.079,6910.2
1768277640000,2.08,2.08,2.079,2.08,845.35
1768277700000,2.08,2.08,2.08,2.08,1284.42
1768277760000,2.081,2.082,2.081,2.081,1670.74
1768277820000,2.081,2.081,2.079,2.079,3573.79
1768277880000,2.08,2.081,2.078,2.078,1972.95
1768277940000,2.077,2.077,2.077,2.077,13.68
1768278000000,2.077,2.077,2.076,2.076,565.41
1768278060000,2.075,2.076,2.074,2.075,1026.82
1768278120000,2.075,2.079,2.075,2.077,1515.07
1768278180000,2.077,2.077,2.076,2.076,1408.73
1768278240000,2.075,2.075,2.072,2.073,1859.56
1768278300000,2.073,2.075,2.073,2.075,2494.1
1768278360000,2.074,2.074,2.072,2.072,332.32
1768278420000,2.072,2.074,2.072,2.072,68.23
1768278480000,2.071,2.073,2.071,2.072,807.32
1768278540000,2.071,2.074,2.071,2.074,7593.67
1768278600000,2.074,2.074,2.074,2.074,20.63
1768278660000,2.073,2.074,2.073,2.073,258.65
1768278720000,2.072,2.072,2.071,2.071,1153.77
1768278780000,2.071,2.071,2.07,2.07,815.04
1768278840000,2.069,2.069,2.068,2.069,2024.26
1768278900000,2.068,2.068,2.067,2.068,313.05
1768278960000,2.068,2.068,2.068,2.068,9.73
1768279020000,2.068,2.07,2.068,2.069,14207.88
1768279080000,2.069,2.07,2.068,2.068,9080.36
1768279140000,2.069,2.07,2.069,2.07,729.57
1768279200000,2.07,2.071,2.07,2.071,170.83
1768279260000,2.072,2.075,2.072,2.075,274.66
1768279320000,2.075,2.075,2.075,2.075,2218.06
1768279380000,2.075,2.076,2.074,2.075,628.67
1768279440000,2.076,2.078,2.076,2.077,277.75
1768279500000,2.077,2.077,2.076,2.076,412.97
1768279560000,2.075,2.075,2.075,2.075,70.89
1768279620000,2.076,2.076,2.075,2.075,5558.38
1768279680000,2.074,2.074,2.074,2.074,211.18
1768279740000,2.074,2.074,2.074,2.074,15.0
1768279800000,2.074,2.074,2.074,2.074,137.66
1768279860000,2.073,2.073,2.073,2.073,821.29
1768279920000,2.073,2.074,2.073,2.074,432.22
1768279980000,2.075,2.075,2.074,2.075,32.46
1768280040000,2.075,2.076,2.075,2.076,849.31
1768280100000,2.075,2.079,2.075,2.079,188.14
1768280160000,2.079,2.08,2.079,2.079,3272.03
1768280220000,2.079,2.079,2.079,2.079,563.27
1768280280000,2.079,2.08,2.079,2.08,586.41
1768280340000,2.08,2.081,2.08,2.08,1691.06
1768280400000,2.081,2.082,2.08,2.082,2221.71
1768280460000,2.083,2.091,2.083,2.088,6030.15
1768280520000,2.089,2.091,2.087,2.087,3106.97
1768280580000,2.087,2.088,2.086,2.086,236.97
1768280640000,2.086,2.086,2.084,2.084,1881.67
1768280700000,2.084,2.084,2.082,2.083,1129.3
1768280760000,2.083,2.084,2.083,2.083,186.44
1768280820000,2.084,2.084,2.084,2.084,12.37
1768280880000,2.084,2.085,2.083,2.083,499.26
1768280940000,2.083,2.086,2.083,2.086,186.98
1768281000000,2.086,2.088,2.086,2.087,633.26
1768281060000,2.087,2.087,2.087,2.087,357.01
1768281120000,2.088,2.088,2.088,2.088,1506.66
1768281180000,2.088,2.09,2.088,2.09,1452.12
1768281240000,2.09,2.091,2.089,2.09,2167.46
1768281300000,2.091,2.092,2.09,2.09,1668.34
1768281360000,2.09,2.092,2.09,2.09,1752.88
1768281420000,2.09,2.094,2.09,2.093,7378.84
1768281480000,2.094,2.1,2.094,2.098,16195.18
1768281540000,2.098,2.102,2.098,2.1,22792.83
1768281600000,2.101,2.106,2.101,2.103,11683.04
1768281660000,2.104,2.107,2.102,2.102,7784.08
1768281720000,2.102,2.102,2.095,2.096,2979.74
1768281780000,2.096,2.097,2.095,2.095,7869.44
1768281840000,2.095,2.101,2.095,2.101,1667.15
1768281900000,2.101,2.104,2.101,2.104,2363.31
1768281960000,2.103,2.104,2.102,2.104,9950.03
1768282020000,2.104,2.104,2.103,2.104,1602.0
1768282080000,2.104,2.105,2.101,2.102,4078.59
1768282140000,2.102,2.104,2.101,2.101,1528.3
1768282200000,2.104,2.104,2.101,2.102,7581.7
1768282260000,2.102,2.102,2.099,2.099,2008.7
1768282320000,2.099,2.1,2.098,2.099,3674.65
1768282380000,2.1,2.1,2.096,2.096,6658.32
1768282440000,2.096,2.096,2.095,2.096,2282.62
1768282500000,2.095,2.095,2.093,2.095,3539.63
1768282560000,2.096,2.097,2.095,2.095,1221.27
1768282620000,2.096,2.097,2.095,2.096,500.57
1768282680000,2.096,2.096,2.095,2.095,1732.76
1768282740000,2.095,2.096,2.095,2.096,415.84
1768282800000,2.096,2.097,2.094,2.095,1584.96
1768282860000,2.095,2.095,2.095,2.095,83.82
1768282920000,2.095,2.095,2.094,2.095,827.11
1768282980000,2.095,2.095,2.095,2.095,546.11
1768283040000,2.095,2.096,2.095,2.096,523.73
1768283100000,2.095,2.095,2.093,2.093,1106.31
1768283160000,2.092,2.094,2.092,2.093,2023.18
1768283220000,2.093,2.094,2.093,2.094,1033.02
1768283280000,2.094,2.095,2.094,2.095,830.48
1768283340000,2.096,2.098,2.096,2.098,2681.36
1768283400000,2.097,2.097,2.094,2.094,2966.25
1768283460000,2.093,2.093,2.091,2.091,2457.29
1768283520000,2.092,2.097,2.092,2.096,9890.96
1768283580000,2.095,2.096,2.093,2.093,2155.74
1768283640000,2.092,2.093,2.092,2.092,1432.04
1768283700000,2.092,2.094,2.092,2.093,185.6
1768283760000,2.094,2.094,2.091,2.093,3007.68
1768283820000,2.094,2.094,2.093,2.093,280.58
1768283880000,2.093,2.093,2.092,2.092,172.78
1768283940000,2.091,2.092,2.09,2.092,2899.71
1768284000000,2.093,2.094,2.092,2.092,5046.43
1768284060000,2.091,2.094,2.091,2.094,1178.91
1768284120000,2.094,2.099,2.094,2.098,3302.13
1768284180000,2.099,2.099,2.098,2.099,4843.68
1768284240000,2.099,2.1,2.096,2.096,2649.07
1768284300000,2.096,2.098,2.095,2.095,3898.93
1768284360000,2.094,2.094,2.091,2.091,14013.02
1768284420000,2.092,2.096,2.092,2.093,4215.03
1768284480000,2.094,2.097,2.094,2.096,3698.71
1768284540000,2.096,2.096,2.095,2.096,988.93
1768284600000,2.095,2.095,2.095,2.095,1886.07
1768284660000,2.095,2.095,2.094,2.094,774.22
1768284720000,2.093,2.094,2.093,2.093,7340.6
1768284780000,2.094,2.094,2.093,2.094,483.19
1768284840000,2.094,2.096,2.094,2.096,4918.99
1768284900000,2.096,2.096,2.095,2.095,460.51
1768284960000,2.095,2.097,2.095,2.097,3160.31
1768285020000,2.096,2.097,2.096,2.097,279.66
1768285080000,2.096,2.097,2.096,2.096,525.51
1768285140000,2.096,2.096,2.092,2.092,2484.51
1768285200000,2.092,2.095,2.092,2.093,2730.51
1768285260000,2.093,2.093,2.093,2.093,19.84
1768285320000,2.093,2.094,2.092,2.094,307.9
1768285380000,2.094,2.096,2.094,2.096,49.05
1768285440000,2.097,2.097,2.095,2.095,181.12
1768285500000,2.095,2.096,2.094,2.094,4446.92
1768285560000,2.093,2.094,2.093,2.094,61.02
1768285620000,2.094,2.096,2.094,2.096,2949.71
1768285680000,2.096,2.097,2.094,2.095,8402.8
1768285740000,2.095,2.095,2.092,2.092,7454.69
1768285800000,2.091,2.094,2.091,2.094,4065.99
1768285860000,2.095,2.096,2.095,2.095,243.58
1768285920000,2.095,2.095,2.095,2.095,12.31
1768285980000,2.094,2.094,2.094,2.094,14.94
1768286040000,2.093,2.094,2.093,2.094,109.69
1768286100000,2.093,2.095,2.093,2.095,1188.27
1768286160000,2.095,2.095,2.094,2.094,163.64
1768286220000,2.093,2.095,2.093,2.095,195.29
1768286280000,2.095,2.095,2.094,2.094,296.51
1768286340000,2.095,2.095,2.094,2.095,906.22
1768286400000,2.096,2.096,2.094,2.094,318.81
1768286460000,2.094,2.094,2.094,2.094,550.16
1768286520000,2.094,2.094,2.094,2.094,65.76
1768286580000,2.094,2.094,2.092,2.092,1211.42
1768286640000,2.091,2.091,2.089,2.09,2615.01
1768286700000,2.09,2.094,2.09,2.092,6996.47
1768286760000,2.092,2.093,2.091,2.091,752.03
1768286820000,2.091,2.091,2.09,2.09,2487.68
1768286880000,2.091,2.092,2.091,2.092,819.26
1768286940000,2.091,2.094,2.091,2.094,1457.35
1768287000000,2.095,2.096,2.093,2.094,10865.92
1768287060000,2.094,2.094,2.092,2.094,5082.27
1768287120000,2.094,2.1,2.093,2.099,22431.59
1768287180000,2.099,2.102,2.099,2.101,3758.31
1768287240000,2.101,2.101,2.098,2.098,1514.69
1768287300000,2.098,2.098,2.098,2.098,1012.36
1768287360000,2.098,2.098,2.096,2.097,942.8
1768287420000,2.097,2.099,2.097,2.098,1427.72
1768287480000,2.098,2.098,2.097,2.097,282.52
1768287540000,2.097,2.098,2.097,2.097,276.84
1768287600000,2.097,2.098,2.096,2.098,324.22
1768287660000,2.097,2.098,2.096,2.096,1980.56
1768287720000,2.096,2.097,2.096,2.097,1047.97
1768287780000,2.097,2.098,2.097,2.097,6169.14
1768287840000,2.096,2.096,2.092,2.092,7812.3
1768287900000,2.092,2.092,2.092,2.092,26.71
1768287960000,2.092,2.092,2.092,2.092,351.61
1768288020000,2.092,2.095,2.092,2.095,1594.54
1768288080000,2.094,2.094,2.092,2.092,941.44
1768288140000,2.092,2.092,2.091,2.091,124.85
1768288200000,2.091,2.093,2.091,2.092,333.93
1768288260000,2.091,2.092,2.091,2.092,109.87
1768288320000,2.092,2.092,2.092,2.092,130.01
1768288380000,2.093,2.093,2.093,2.093,14.98
1768288440000,2.093,2.093,2.093,2.093,59.98
1768288500000,2.094,2.094,2.092,2.092,245.62
1768288560000,2.091,2.091,2.089,2.09,3688.74
1768288620000,2.09,2.09,2.087,2.088,1258.51
1768288680000,2.088,2.088,2.088,2.088,258.7
1768288740000,2.087,2.088,2.085,2.088,3991.25
1768288800000,2.087,2.088,2.085,2.085,1756.24
1768288860000,2.086,2.086,2.086,2.086,307.13
1768288920000,2.085,2.088,2.085,2.088,1724.44
1768288980000,2.089,2.089,2.088,2.088,35.27
1768289040000,2.088,2.089,2.087,2.088,1334.46
1768289100000,2.087,2.088,2.087,2.088,359.07
1768289160000,2.088,2.088,2.087,2.087,226.76
1768289220000,2.086,2.087,2.086,2.087,62.16
1768289280000,2.086,2.086,2.086,2.086,7.2
1768289340000,2.086,2.086,2.086,2.086,174.04
1768289400000,2.086,2.086,2.085,2.086,430.2
1768289460000,2.086,2.086,2.086,2.086,247.7
1768289520000,2.086,2.088,2.086,2.088,575.32
1768289580000,2.087,2.087,2.085,2.085,5001.93
1768289640000,2.085,2.086,2.085,2.086,62.38
1768289700000,2.085,2.086,2.085,2.086,423.92
1768289760000,2.086,2.086,2.085,2.085,568.31
1768289820000,2.085,2.085,2.084,2.085,712.19
1768289880000,2.085,2.085,2.084,2.084,59.11
1768289940000,2.084,2.084,2.084,2.084,700.06
1768290000000,2.084,2.084,2.084,2.084,1005.02
1768290060000,2.084,2.085,2.083,2.083,745.69
1768290120000,2.084,2.084,2.082,2.082,1431.37
1768290180000,2.083,2.083,2.081,2.081,1084.08
1768290240000,2.082,2.083,2.082,2.083,1187.68
1768290300000,2.083,2.083,2.083,2.083,249.58
1768290360000,2.083,2.083,2.082,2.082,1554.29
1768290420000,2.081,2.081,2.079,2.081,7255.12
1768290480000,2.081,2.081,2.081,2.081,1540.86
1768290540000,2.081,2.081,2.08,2.08,237.09
1768290600000,2.08,2.08,2.078,2.078,3769.6
1768290660000,2.079,2.079,2.078,2.079,1467.86
1768290720000,2.079,2.079,2.078,2.079,69.44
1768290780000,2.08,2.081,2.08,2.081,1555.16
1768290840000,2.08,2.08,2.079,2.079,427.1
1768290900000,2.08,2.081,2.08,2.081,52.57
1768290960000,2.081,2.081,2.08,2.08,2221.78
1768291020000,2.08,2.08,2.08,2.08,0.0
1768291080000,2.079,2.08,2.079,2.079,709.41
1768291140000,2.08,2.08,2.08,2.08,56.85
1768291200000,2.079,2.081,2.079,2.081,199.69
1768291260000,2.081,2.082,2.081,2.081,291.05
1768291320000,2.081,2.082,2.081,2.082,171.78
1768291380000,2.082,2.083,2.082,2.082,6399.53
1768291440000,2.083,2.084,2.082,2.084,159.62
1768291500000,2.084,2.084,2.084,2.084,118.18
1768291560000,2.084,2.084,2.084,2.084,666.0
1768291620000,2.085,2.086,2.084,2.086,381.12
1768291680000,2.086,2.086,2.085,2.086,94.8
1768291740000,2.087,2.089,2.086,2.086,1149.44
1768291800000,2.085,2.085,2.084,2.084,1583.26
1768291860000,2.084,2.084,2.082,2.082,299.86
1768291920000,2.082,2.082,2.082,2.082,15.02
1768291980000,2.082,2.083,2.081,2.083,6720.1
1768292040000,2.082,2.082,2.081,2.082,127.4
1768292100000,2.082,2.082,2.081,2.081,39.82
1768292160000,2.082,2.083,2.082,2.083,385.69
1768292220000,2.083,2.083,2.083,2.083,1150.17
1768292280000,2.083,2.083,2.082,2.082,854.91
1768292340000,2.082,2.082,2.081,2.082,202.3
1768292400000,2.083,2.084,2.083,2.084,856.6
1768292460000,2.083,2.083,2.083,2.083,83.49
1768292520000,2.084,2.084,2.082,2.082,270.19
1768292580000,2.082,2.082,2.082,2.082,183.04
1768292640000,2.082,2.082,2.082,2.082,0.0
1768292700000,2.082,2.083,2.08,2.081,10774.86
1768292760000,2.082,2.082,2.082,2.082,5.24
1768292820000,2.081,2.081,2.079,2.079,1782.15
1768292880000,2.079,2.08,2.078,2.079,1402.75
1768292940000,2.08,2.08,2.079,2.079,378.14
1768293000000,2.079,2.08,2.078,2.078,978.2
1768293060000,2.078,2.078,2.078,2.078,521.98
1768293120000,2.078,2.078,2.078,2.078,517.27
1768293180000,2.078,2.078,2.078,2.078,0.0
1768293240000,2.077,2.079,2.077,2.079,189.04
1768293300000,2.08,2.08,2.079,2.079,184.37
1768293360000,2.079,2.082,2.079,2.082,2093.79
1768293420000,2.083,2.085,2.083,2.085,844.27
1768293480000,2.085,2.085,2.085,2.085,1298.39
1768293540000,2.086,2.086,2.086,2.086,1680.83
1768293600000,2.085,2.085,2.084,2.085,6499.2
1768293660000,2.085,2.085,2.085,2.085,2.87
1768293720000,2.085,2.085,2.085,2.085,228.69
1768293780000,2.086,2.087,2.086,2.086,876.03
1768293840000,2.086,2.086,2.086,2.086,10.43
1768293900000,2.086,2.086,2.086,2.086,112.26
1768293960000,2.086,2.087,2.086,2.087,165.31
1768294020000,2.087,2.088,2.087,2.088,1059.12
1768294080000,2.089,2.089,2.088,2.088,89.14
1768294140000,2.088,2.088,2.088,2.088,0.0
1768294200000,2.089,2.092,2.089,2.092,3189.57
1768294260000,2.092,2.095,2.092,2.093,6811.04
1768294320000,2.094,2.095,2.094,2.095,197.25
1768294380000,2.095,2.095,2.092,2.092,2428.39
1768294440000,2.094,2.095,2.093,2.093,567.51
1768294500000,2.093,2.093,2.091,2.091,2249.39
1768294560000,2.091,2.092,2.091,2.092,61.0
1768294620000,2.092,2.093,2.092,2.092,1098.83
1768294680000,2.093,2.093,2.091,2.091,58.3
1768294740000,2.091,2.092,2.091,2.092,1724.48
1768294800000,2.091,2.093,2.091,2.091,4684.36
1768294860000,2.092,2.092,2.091,2.092,141.51
1768294920000,2.091,2.093,2.091,2.093,3881.82
1768294980000,2.093,2.096,2.092,2.092,3270.39
1768295040000,2.092,2.095,2.092,2.095,322.65
1768295100000,2.095,2.095,2.094,2.094,652.05
1768295160000,2.093,2.093,2.092,2.093,450.08
1768295220000,2.093,2.094,2.092,2.094,161.12
1768295280000,2.093,2.093,2.092,2.092,1001.1
1768295340000,2.093,2.096,2.092,2.095,1238.54
1768295400000,2.095,2.095,2.094,2.095,673.65
1768295460000,2.095,2.095,2.095,2.095,10.13
1768295520000,2.096,2.096,2.096,2.096,255.27
1768295580000,2.097,2.097,2.097,2.097,1338.88
1768295640000,2.097,2.098,2.097,2.097,1387.87
1768295700000,2.098,2.098,2.093,2.093,2104.24
1768295760000,2.094,2.096,2.094,2.095,744.08
1768295820000,2.094,2.094,2.092,2.092,1050.58
1768295880000,2.092,2.092,2.09,2.09,84.72
1768295940000,2.09,2.091,2.09,2.09,3528.86
1768296000000,2.091,2.093,2.091,2.092,387.47
1768296060000,2.093,2.098,2.093,2.097,5231.57
1768296120000,2.098,2.099,2.092,2.092,1831.99
1768296180000,2.091,2.091,2.09,2.091,972.66
1768296240000,2.09,2.095,2.09,2.095,1508.17
1768296300000,2.094,2.094,2.092,2.093,685.09
1768296360000,2.092,2.095,2.092,2.094,111.88
1768296420000,2.094,2.095,2.094,2.095,124.32
1768296480000,2.095,2.095,2.095,2.095,877.6
1768296540000,2.095,2.095,2.095,2.095,0.0
1768296600000,2.095,2.095,2.093,2.093,526.79
1768296660000,2.093,2.094,2.093,2.094,2073.34
1768296720000,2.094,2.096,2.094,2.096,374.75
1768296780000,2.097,2.097,2.097,2.097,903.89
1768296840000,2.096,2.096,2.091,2.091,898.46
1768296900000,2.091,2.093,2.089,2.09,2034.78
1768296960000,2.091,2.091,2.09,2.09,3104.58
1768297020000,2.09,2.091,2.09,2.09,682.7
1768297080000,2.09,2.091,2.09,2.09,466.94
1768297140000,2.09,2.092,2.09,2.092,766.36
1768297200000,2.092,2.092,2.086,2.086,5062.75
1768297260000,2.086,2.087,2.083,2.083,2114.52
1768297320000,2.084,2.084,2.073,2.073,11989.71
1768297380000,2.073,2.081,2.072,2.079,16127.74
1768297440000,2.079,2.079,2.076,2.077,6887.61
1768297500000,2.077,2.078,2.076,2.076,2257.3
1768297560000,2.077,2.091,2.075,2.09,91000.63
1768297620000,2.09,2.092,2.09,2.092,7883.74
1768297680000,2.092,2.092,2.089,2.091,5257.62
1768297740000,2.09,2.091,2.09,2.091,1670.51
1768297800000,2.091,2.093,2.091,2.093,2528.89
1768297860000,2.093,2.094,2.092,2.092,5451.4
1768297920000,2.092,2.092,2.088,2.088,2924.68
1768297980000,2.088,2.09,2.087,2.087,1159.3
1768298040000,2.087,2.087,2.083,2.084,2236.06
1768298100000,2.083,2.083,2.081,2.082,691.36
1768298160000,2.082,2.082,2.082,2.082,1062.33
1768298220000,2.083,2.083,2.081,2.081,4218.48
1768298280000,2.081,2.082,2.081,2.082,1784.93
1768298340000,2.081,2.081,2.081,2.081,54.02
