2026-03-27 09:57:20,845 | INFO | data_pipeline | Fetching data: schema=data_binance, table=btc_1m, start=2023-01-01, end=2026-02-17
2026-03-27 09:57:35,883 | INFO | data_pipeline | Fetched 1,645,921 rows for btc.
2026-03-27 09:57:35,884 | INFO | data_pipeline | Resampling to 1h…
2026-03-27 09:57:36,532 | INFO | data_pipeline | Resampled shape: (27433, 6)
2026-03-27 09:57:36,532 | INFO | data_pipeline | Generating 126 indicator(s)…
2026-03-27 09:57:36,670 | INFO | data_pipeline | Feature shape after generation: (27433, 144)
2026-03-27 09:57:36,672 | INFO | data_pipeline | Running ADF stationarity tests…
2026-03-27 09:57:39,181 | INFO | data_pipeline | [ADF] 'open' — NON-STATIONARY  (p=0.4929, stat=-1.5814)
2026-03-27 09:57:41,655 | INFO | data_pipeline | [ADF] 'high' — NON-STATIONARY  (p=0.4924, stat=-1.5824)
2026-03-27 09:57:44,336 | INFO | data_pipeline | [ADF] 'low' — NON-STATIONARY  (p=0.4929, stat=-1.5814)
2026-03-27 09:57:46,972 | INFO | data_pipeline | [ADF] 'close' — NON-STATIONARY  (p=0.4930, stat=-1.5812)
2026-03-27 09:57:52,461 | INFO | data_pipeline | [ADF] 'BB_UPPER' — NON-STATIONARY  (p=0.4899, stat=-1.5875)
2026-03-27 09:57:55,250 | INFO | data_pipeline | [ADF] 'BB_MIDDLE' — NON-STATIONARY  (p=0.4829, stat=-1.6013)
2026-03-27 09:57:58,057 | INFO | data_pipeline | [ADF] 'BB_LOWER' — NON-STATIONARY  (p=0.4907, stat=-1.5858)
2026-03-27 09:58:00,842 | INFO | data_pipeline | [ADF] 'DEMA_14' — NON-STATIONARY  (p=0.4893, stat=-1.5886)
2026-03-27 09:58:03,550 | INFO | data_pipeline | [ADF] 'EMA_14' — NON-STATIONARY  (p=0.4919, stat=-1.5835)
2026-03-27 09:58:06,301 | INFO | data_pipeline | [ADF] 'HT_TRENDLINE' — NON-STATIONARY  (p=0.4859, stat=-1.5954)
2026-03-27 09:58:09,022 | INFO | data_pipeline | [ADF] 'KAMA_14' — NON-STATIONARY  (p=0.4926, stat=-1.5821)
2026-03-27 09:58:11,817 | INFO | data_pipeline | [ADF] 'MA_14' — NON-STATIONARY  (p=0.4837, stat=-1.5997)
2026-03-27 09:58:14,573 | INFO | data_pipeline | [ADF] 'MIDPOINT_14' — NON-STATIONARY  (p=0.4905, stat=-1.5863)
2026-03-27 09:58:17,235 | INFO | data_pipeline | [ADF] 'MIDPRICE_14' — NON-STATIONARY  (p=0.4875, stat=-1.5922)
2026-03-27 09:58:19,936 | INFO | data_pipeline | [ADF] 'SAR' — NON-STATIONARY  (p=0.4881, stat=-1.5910)
2026-03-27 09:58:25,369 | INFO | data_pipeline | [ADF] 'SMA_14' — NON-STATIONARY  (p=0.4837, stat=-1.5997)
2026-03-27 09:58:28,081 | INFO | data_pipeline | [ADF] 'T3_14' — NON-STATIONARY  (p=0.4854, stat=-1.5964)
2026-03-27 09:58:30,758 | INFO | data_pipeline | [ADF] 'TEMA_14' — NON-STATIONARY  (p=0.4916, stat=-1.5841)
2026-03-27 09:58:33,546 | INFO | data_pipeline | [ADF] 'TRIMA_14' — NON-STATIONARY  (p=0.4931, stat=-1.5811)
2026-03-27 09:58:36,242 | INFO | data_pipeline | [ADF] 'WMA_14' — NON-STATIONARY  (p=0.4919, stat=-1.5835)
2026-03-27 09:59:47,190 | INFO | data_pipeline | [ADF] 'AVGPRICE' — NON-STATIONARY  (p=0.4928, stat=-1.5816)
2026-03-27 09:59:49,906 | INFO | data_pipeline | [ADF] 'MEDPRICE' — NON-STATIONARY  (p=0.4931, stat=-1.5810)
2026-03-27 09:59:52,555 | INFO | data_pipeline | [ADF] 'TYPPRICE' — NON-STATIONARY  (p=0.4919, stat=-1.5834)
2026-03-27 09:59:55,234 | INFO | data_pipeline | [ADF] 'WCLPRICE' — NON-STATIONARY  (p=0.4920, stat=-1.5833)
2026-03-27 10:00:16,704 | INFO | data_pipeline | [ADF] 'LINEARREG_14' — NON-STATIONARY  (p=0.4908, stat=-1.5856)
2026-03-27 10:00:22,315 | INFO | data_pipeline | [ADF] 'LINEARREG_INTERCEPT_14' — NON-STATIONARY  (p=0.4912, stat=-1.5848)
2026-03-27 10:00:31,203 | INFO | data_pipeline | [ADF] 'TSF_14' — NON-STATIONARY  (p=0.4912, stat=-1.5849)
2026-03-27 10:00:34,170 | INFO | data_pipeline | [ADF] Tested 65 column(s): 38 stationary, 27 non-stationary.
2026-03-27 10:00:34,204 | INFO | data_pipeline | [make_stationary] Differencing 27 non-stationary column(s)…
2026-03-27 10:00:37,142 | INFO | data_pipeline | [make_stationary] 'open' became stationary after 1 diff(s)  (p=0.0000).
2026-03-27 10:00:39,804 | INFO | data_pipeline | [make_stationary] 'high' became stationary after 1 diff(s)  (p=0.0000).
2026-03-27 10:00:42,403 | INFO | data_pipeline | [make_stationary] 'low' became stationary after 1 diff(s)  (p=0.0000).
2026-03-27 10:00:44,960 | INFO | data_pipeline | [make_stationary] 'close' became stationary after 1 diff(s)  (p=0.0000).
2026-03-27 10:00:47,604 | INFO | data_pipeline | [make_stationary] 'BB_UPPER' became stationary after 1 diff(s)  (p=0.0000).
2026-03-27 10:00:50,333 | INFO | data_pipeline | [make_stationary] 'BB_MIDDLE' became stationary after 1 diff(s)  (p=0.0000).
2026-03-27 10:00:52,975 | INFO | data_pipeline | [make_stationary] 'BB_LOWER' became stationary after 1 diff(s)  (p=0.0000).
2026-03-27 10:00:55,632 | INFO | data_pipeline | [make_stationary] 'DEMA_14' became stationary after 1 diff(s)  (p=0.0000).
2026-03-27 10:00:58,307 | INFO | data_pipeline | [make_stationary] 'EMA_14' became stationary after 1 diff(s)  (p=0.0000).
2026-03-27 10:01:01,175 | INFO | data_pipeline | [make_stationary] 'HT_TRENDLINE' became stationary after 1 diff(s)  (p=0.0000).
2026-03-27 10:01:04,019 | INFO | data_pipeline | [make_stationary] 'KAMA_14' became stationary after 1 diff(s)  (p=0.0000).
2026-03-27 10:01:07,004 | INFO | data_pipeline | [make_stationary] 'MA_14' became stationary after 1 diff(s)  (p=0.0000).
2026-03-27 10:01:09,958 | INFO | data_pipeline | [make_stationary] 'MIDPOINT_14' became stationary after 1 diff(s)  (p=0.0000).
2026-03-27 10:01:13,591 | INFO | data_pipeline | [make_stationary] 'MIDPRICE_14' became stationary after 1 diff(s)  (p=0.0000).
2026-03-27 10:01:16,693 | INFO | data_pipeline | [make_stationary] 'SAR' became stationary after 1 diff(s)  (p=0.0000).
2026-03-27 10:01:19,698 | INFO | data_pipeline | [make_stationary] 'SMA_14' became stationary after 1 diff(s)  (p=0.0000).
2026-03-27 10:01:22,513 | INFO | data_pipeline | [make_stationary] 'T3_14' became stationary after 1 diff(s)  (p=0.0000).
2026-03-27 10:01:25,313 | INFO | data_pipeline | [make_stationary] 'TEMA_14' became stationary after 1 diff(s)  (p=0.0000).
2026-03-27 10:01:28,220 | INFO | data_pipeline | [make_stationary] 'TRIMA_14' became stationary after 1 diff(s)  (p=0.0000).
2026-03-27 10:01:31,082 | INFO | data_pipeline | [make_stationary] 'WMA_14' became stationary after 1 diff(s)  (p=0.0000).
2026-03-27 10:01:34,060 | INFO | data_pipeline | [make_stationary] 'AVGPRICE' became stationary after 1 diff(s)  (p=0.0000).
2026-03-27 10:01:37,367 | INFO | data_pipeline | [make_stationary] 'MEDPRICE' became stationary after 1 diff(s)  (p=0.0000).
2026-03-27 10:01:40,805 | INFO | data_pipeline | [make_stationary] 'TYPPRICE' became stationary after 1 diff(s)  (p=0.0000).
2026-03-27 10:01:44,268 | INFO | data_pipeline | [make_stationary] 'WCLPRICE' became stationary after 1 diff(s)  (p=0.0000).
2026-03-27 10:01:47,742 | INFO | data_pipeline | [make_stationary] 'LINEARREG_14' became stationary after 1 diff(s)  (p=0.0000).
2026-03-27 10:01:51,455 | INFO | data_pipeline | [make_stationary] 'LINEARREG_INTERCEPT_14' became stationary after 1 diff(s)  (p=0.0000).
2026-03-27 10:01:55,105 | INFO | data_pipeline | [make_stationary] 'TSF_14' became stationary after 1 diff(s)  (p=0.0000).
2026-03-27 10:01:55,186 | INFO | data_pipeline | [make_stationary] Shape after differencing & dropna: (27345, 144)
2026-03-27 10:01:55,187 | INFO | data_pipeline | Differencing summary: open=1d, high=1d, low=1d, close=1d, BB_UPPER=1d, BB_MIDDLE=1d, BB_LOWER=1d, DEMA_14=1d, EMA_14=1d, HT_TRENDLINE=1d, KAMA_14=1d, MA_14=1d, MIDPOINT_14=1d, MIDPRICE_14=1d, SAR=1d, SMA_14=1d, T3_14=1d, TEMA_14=1d, TRIMA_14=1d, WMA_14=1d, AVGPRICE=1d, MEDPRICE=1d, TYPPRICE=1d, WCLPRICE=1d, LINEARREG_14=1d, LINEARREG_INTERCEPT_14=1d, TSF_14=1d
2026-03-27 10:01:55,211 | INFO | data_pipeline | train_ratio=0.8 → split at row 21876/27345 → split_date='2025-07-04 04:00:00' (80% train / 20% test)
2026-03-27 10:01:55,274 | INFO | data_pipeline | Classification target created — shape: (27345, 142), class counts:
{-1: 20522, 1: 6802, 0: 21}
2026-03-27 10:01:55,459 | INFO | data_pipeline | Classification target created — shape: (27345, 142), class counts:
{-1: 20522, 1: 6802, 0: 21}
2026-03-27 10:03:12,724 | INFO | data_pipeline | Regression target created — shape: (27331, 142)
2026-03-27 10:03:13,053 | INFO | data_pipeline | Regression target created — shape: (27331, 142)
2026-03-27 10:12:44,084 | INFO | data_pipeline | Fetching data: schema=data_binance, table=btc_1m, start=2023-01-01, end=2026-02-17
2026-03-27 10:12:58,867 | INFO | data_pipeline | Fetched 1,645,921 rows for btc.
2026-03-27 10:12:58,867 | INFO | data_pipeline | Resampling to 1h…
2026-03-27 10:12:59,934 | INFO | data_pipeline | Resampled shape: (27433, 6)
2026-03-27 10:12:59,934 | INFO | data_pipeline | Generating 126 indicator(s)…
2026-03-27 10:13:00,176 | INFO | data_pipeline | Feature shape after generation: (27433, 144)
2026-03-27 10:13:00,178 | INFO | data_pipeline | Running ADF stationarity tests…
2026-03-27 10:13:02,644 | INFO | data_pipeline | [ADF] 'open' — NON-STATIONARY  (p=0.4929, stat=-1.5814)
2026-03-27 10:13:04,931 | INFO | data_pipeline | [ADF] 'high' — NON-STATIONARY  (p=0.4924, stat=-1.5824)
2026-03-27 10:13:07,236 | INFO | data_pipeline | [ADF] 'low' — NON-STATIONARY  (p=0.4929, stat=-1.5814)
2026-03-27 10:13:09,527 | INFO | data_pipeline | [ADF] 'close' — NON-STATIONARY  (p=0.4930, stat=-1.5812)
2026-03-27 10:13:14,228 | INFO | data_pipeline | [ADF] 'BB_UPPER' — NON-STATIONARY  (p=0.4899, stat=-1.5875)
2026-03-27 10:13:16,706 | INFO | data_pipeline | [ADF] 'BB_MIDDLE' — NON-STATIONARY  (p=0.4829, stat=-1.6013)
2026-03-27 10:13:19,101 | INFO | data_pipeline | [ADF] 'BB_LOWER' — NON-STATIONARY  (p=0.4907, stat=-1.5858)
2026-03-27 10:13:21,639 | INFO | data_pipeline | [ADF] 'DEMA_14' — NON-STATIONARY  (p=0.4893, stat=-1.5886)
2026-03-27 10:13:24,352 | INFO | data_pipeline | [ADF] 'EMA_14' — NON-STATIONARY  (p=0.4919, stat=-1.5835)
2026-03-27 10:13:27,222 | INFO | data_pipeline | [ADF] 'HT_TRENDLINE' — NON-STATIONARY  (p=0.4859, stat=-1.5954)
2026-03-27 10:13:30,055 | INFO | data_pipeline | [ADF] 'KAMA_14' — NON-STATIONARY  (p=0.4926, stat=-1.5821)
2026-03-27 10:13:32,927 | INFO | data_pipeline | [ADF] 'MA_14' — NON-STATIONARY  (p=0.4837, stat=-1.5997)
2026-03-27 10:13:35,840 | INFO | data_pipeline | [ADF] 'MIDPOINT_14' — NON-STATIONARY  (p=0.4905, stat=-1.5863)
2026-03-27 10:13:38,615 | INFO | data_pipeline | [ADF] 'MIDPRICE_14' — NON-STATIONARY  (p=0.4875, stat=-1.5922)
2026-03-27 10:13:41,383 | INFO | data_pipeline | [ADF] 'SAR' — NON-STATIONARY  (p=0.4881, stat=-1.5910)
2026-03-27 10:13:47,843 | INFO | data_pipeline | [ADF] 'SMA_14' — NON-STATIONARY  (p=0.4837, stat=-1.5997)
2026-03-27 10:13:51,980 | INFO | data_pipeline | [ADF] 'T3_14' — NON-STATIONARY  (p=0.4854, stat=-1.5964)
2026-03-27 10:13:56,351 | INFO | data_pipeline | [ADF] 'TEMA_14' — NON-STATIONARY  (p=0.4916, stat=-1.5841)
2026-03-27 10:14:00,590 | INFO | data_pipeline | [ADF] 'TRIMA_14' — NON-STATIONARY  (p=0.4931, stat=-1.5811)
2026-03-27 10:14:05,255 | INFO | data_pipeline | [ADF] 'WMA_14' — NON-STATIONARY  (p=0.4919, stat=-1.5835)
2026-03-27 10:15:54,998 | INFO | data_pipeline | [ADF] 'AVGPRICE' — NON-STATIONARY  (p=0.4928, stat=-1.5816)
2026-03-27 10:15:58,937 | INFO | data_pipeline | [ADF] 'MEDPRICE' — NON-STATIONARY  (p=0.4931, stat=-1.5810)
2026-03-27 10:16:03,323 | INFO | data_pipeline | [ADF] 'TYPPRICE' — NON-STATIONARY  (p=0.4919, stat=-1.5834)
2026-03-27 10:16:07,323 | INFO | data_pipeline | [ADF] 'WCLPRICE' — NON-STATIONARY  (p=0.4920, stat=-1.5833)
2026-03-27 10:16:36,657 | INFO | data_pipeline | [ADF] 'LINEARREG_14' — NON-STATIONARY  (p=0.4908, stat=-1.5856)
2026-03-27 10:16:44,735 | INFO | data_pipeline | [ADF] 'LINEARREG_INTERCEPT_14' — NON-STATIONARY  (p=0.4912, stat=-1.5848)
2026-03-27 10:16:56,524 | INFO | data_pipeline | [ADF] 'TSF_14' — NON-STATIONARY  (p=0.4912, stat=-1.5849)
2026-03-27 10:17:00,283 | INFO | data_pipeline | [ADF] Tested 65 column(s): 38 stationary, 27 non-stationary.
2026-03-27 10:17:00,323 | INFO | data_pipeline | [make_stationary] Differencing 27 non-stationary column(s)…
2026-03-27 10:17:03,791 | INFO | data_pipeline | [make_stationary] 'open' became stationary after 1 diff(s)  (p=0.0000).
2026-03-27 10:17:06,584 | INFO | data_pipeline | [make_stationary] 'high' became stationary after 1 diff(s)  (p=0.0000).
2026-03-27 10:17:09,631 | INFO | data_pipeline | [make_stationary] 'low' became stationary after 1 diff(s)  (p=0.0000).
2026-03-27 10:17:12,411 | INFO | data_pipeline | [make_stationary] 'close' became stationary after 1 diff(s)  (p=0.0000).
2026-03-27 10:17:15,341 | INFO | data_pipeline | [make_stationary] 'BB_UPPER' became stationary after 1 diff(s)  (p=0.0000).
2026-03-27 10:17:18,724 | INFO | data_pipeline | [make_stationary] 'BB_MIDDLE' became stationary after 1 diff(s)  (p=0.0000).
2026-03-27 10:17:21,725 | INFO | data_pipeline | [make_stationary] 'BB_LOWER' became stationary after 1 diff(s)  (p=0.0000).
2026-03-27 10:17:52,278 | INFO | data_pipeline | Fetching data: schema=data_binance, table=btc_1m, start=2023-01-01, end=2026-02-17
2026-03-27 10:18:04,017 | INFO | data_pipeline | Fetched 1,645,921 rows for btc.
2026-03-27 10:18:04,017 | INFO | data_pipeline | Resampling to 1h…
2026-03-27 10:18:04,959 | INFO | data_pipeline | Resampled shape: (27433, 6)
2026-03-27 10:18:04,959 | INFO | data_pipeline | Generating 126 indicator(s)…
2026-03-27 10:18:05,162 | INFO | data_pipeline | Feature shape after generation: (27433, 144)
2026-03-27 10:18:05,164 | INFO | data_pipeline | Running ADF stationarity tests…
2026-03-27 10:18:09,374 | INFO | data_pipeline | [ADF] 'open' — NON-STATIONARY  (p=0.4929, stat=-1.5814)
2026-03-27 10:18:13,360 | INFO | data_pipeline | [ADF] 'high' — NON-STATIONARY  (p=0.4924, stat=-1.5824)
2026-03-27 10:18:17,533 | INFO | data_pipeline | [ADF] 'low' — NON-STATIONARY  (p=0.4929, stat=-1.5814)
2026-03-27 10:18:21,720 | INFO | data_pipeline | [ADF] 'close' — NON-STATIONARY  (p=0.4930, stat=-1.5812)
2026-03-27 10:18:30,594 | INFO | data_pipeline | [ADF] 'BB_UPPER' — NON-STATIONARY  (p=0.4899, stat=-1.5875)
2026-03-27 10:18:35,045 | INFO | data_pipeline | [ADF] 'BB_MIDDLE' — NON-STATIONARY  (p=0.4829, stat=-1.6013)
2026-03-27 10:18:39,722 | INFO | data_pipeline | [ADF] 'BB_LOWER' — NON-STATIONARY  (p=0.4907, stat=-1.5858)
2026-03-27 10:18:44,170 | INFO | data_pipeline | [ADF] 'DEMA_14' — NON-STATIONARY  (p=0.4893, stat=-1.5886)
2026-03-27 10:18:48,684 | INFO | data_pipeline | [ADF] 'EMA_14' — NON-STATIONARY  (p=0.4919, stat=-1.5835)
2026-03-27 10:18:52,965 | INFO | data_pipeline | [ADF] 'HT_TRENDLINE' — NON-STATIONARY  (p=0.4859, stat=-1.5954)
2026-03-27 10:18:57,420 | INFO | data_pipeline | [ADF] 'KAMA_14' — NON-STATIONARY  (p=0.4926, stat=-1.5821)
2026-03-27 10:19:01,402 | INFO | data_pipeline | [ADF] 'MA_14' — NON-STATIONARY  (p=0.4837, stat=-1.5997)
2026-03-27 10:19:05,984 | INFO | data_pipeline | [ADF] 'MIDPOINT_14' — NON-STATIONARY  (p=0.4905, stat=-1.5863)
2026-03-27 10:19:10,526 | INFO | data_pipeline | [ADF] 'MIDPRICE_14' — NON-STATIONARY  (p=0.4875, stat=-1.5922)
2026-03-27 10:19:14,698 | INFO | data_pipeline | [ADF] 'SAR' — NON-STATIONARY  (p=0.4881, stat=-1.5910)
2026-03-27 10:19:23,417 | INFO | data_pipeline | [ADF] 'SMA_14' — NON-STATIONARY  (p=0.4837, stat=-1.5997)
2026-03-27 10:19:27,285 | INFO | data_pipeline | [ADF] 'T3_14' — NON-STATIONARY  (p=0.4854, stat=-1.5964)
2026-03-27 10:19:30,096 | INFO | data_pipeline | [ADF] 'TEMA_14' — NON-STATIONARY  (p=0.4916, stat=-1.5841)
2026-03-27 10:19:32,875 | INFO | data_pipeline | [ADF] 'TRIMA_14' — NON-STATIONARY  (p=0.4931, stat=-1.5811)
2026-03-27 10:19:35,403 | INFO | data_pipeline | [ADF] 'WMA_14' — NON-STATIONARY  (p=0.4919, stat=-1.5835)
2026-03-27 10:20:50,326 | INFO | data_pipeline | [ADF] 'AVGPRICE' — NON-STATIONARY  (p=0.4928, stat=-1.5816)
2026-03-27 10:20:53,191 | INFO | data_pipeline | [ADF] 'MEDPRICE' — NON-STATIONARY  (p=0.4931, stat=-1.5810)
2026-03-27 10:20:56,017 | INFO | data_pipeline | [ADF] 'TYPPRICE' — NON-STATIONARY  (p=0.4919, stat=-1.5834)
2026-03-27 10:20:58,856 | INFO | data_pipeline | [ADF] 'WCLPRICE' — NON-STATIONARY  (p=0.4920, stat=-1.5833)
2026-03-27 10:21:21,771 | INFO | data_pipeline | [ADF] 'LINEARREG_14' — NON-STATIONARY  (p=0.4908, stat=-1.5856)
2026-03-27 10:21:27,607 | INFO | data_pipeline | [ADF] 'LINEARREG_INTERCEPT_14' — NON-STATIONARY  (p=0.4912, stat=-1.5848)
2026-03-27 10:21:36,367 | INFO | data_pipeline | [ADF] 'TSF_14' — NON-STATIONARY  (p=0.4912, stat=-1.5849)
2026-03-27 10:21:39,302 | INFO | data_pipeline | [ADF] Tested 65 column(s): 38 stationary, 27 non-stationary.
2026-03-27 10:21:39,323 | INFO | data_pipeline | [make_stationary] Differencing 27 non-stationary column(s)…
2026-03-27 10:21:42,232 | INFO | data_pipeline | [make_stationary] 'open' became stationary after 1 diff(s)  (p=0.0000).
2026-03-27 10:21:45,098 | INFO | data_pipeline | [make_stationary] 'high' became stationary after 1 diff(s)  (p=0.0000).
2026-03-27 10:21:47,993 | INFO | data_pipeline | [make_stationary] 'low' became stationary after 1 diff(s)  (p=0.0000).
2026-03-27 10:21:50,818 | INFO | data_pipeline | [make_stationary] 'close' became stationary after 1 diff(s)  (p=0.0000).
2026-03-27 10:21:53,719 | INFO | data_pipeline | [make_stationary] 'BB_UPPER' became stationary after 1 diff(s)  (p=0.0000).
2026-03-27 10:21:56,653 | INFO | data_pipeline | [make_stationary] 'BB_MIDDLE' became stationary after 1 diff(s)  (p=0.0000).
2026-03-27 10:21:59,538 | INFO | data_pipeline | [make_stationary] 'BB_LOWER' became stationary after 1 diff(s)  (p=0.0000).
2026-03-27 10:22:02,411 | INFO | data_pipeline | [make_stationary] 'DEMA_14' became stationary after 1 diff(s)  (p=0.0000).
2026-03-27 10:22:05,242 | INFO | data_pipeline | [make_stationary] 'EMA_14' became stationary after 1 diff(s)  (p=0.0000).
2026-03-27 10:22:08,154 | INFO | data_pipeline | [make_stationary] 'HT_TRENDLINE' became stationary after 1 diff(s)  (p=0.0000).
2026-03-27 10:22:11,019 | INFO | data_pipeline | [make_stationary] 'KAMA_14' became stationary after 1 diff(s)  (p=0.0000).
2026-03-27 10:22:14,077 | INFO | data_pipeline | [make_stationary] 'MA_14' became stationary after 1 diff(s)  (p=0.0000).
2026-03-27 10:22:17,208 | INFO | data_pipeline | [make_stationary] 'MIDPOINT_14' became stationary after 1 diff(s)  (p=0.0000).
2026-03-27 10:22:20,083 | INFO | data_pipeline | [make_stationary] 'MIDPRICE_14' became stationary after 1 diff(s)  (p=0.0000).
2026-03-27 10:22:22,924 | INFO | data_pipeline | [make_stationary] 'SAR' became stationary after 1 diff(s)  (p=0.0000).
2026-03-27 10:22:25,863 | INFO | data_pipeline | [make_stationary] 'SMA_14' became stationary after 1 diff(s)  (p=0.0000).
2026-03-27 10:22:28,709 | INFO | data_pipeline | [make_stationary] 'T3_14' became stationary after 1 diff(s)  (p=0.0000).
2026-03-27 10:22:31,569 | INFO | data_pipeline | [make_stationary] 'TEMA_14' became stationary after 1 diff(s)  (p=0.0000).
2026-03-27 10:22:34,529 | INFO | data_pipeline | [make_stationary] 'TRIMA_14' became stationary after 1 diff(s)  (p=0.0000).
2026-03-27 10:22:37,427 | INFO | data_pipeline | [make_stationary] 'WMA_14' became stationary after 1 diff(s)  (p=0.0000).
2026-03-27 10:22:40,239 | INFO | data_pipeline | [make_stationary] 'AVGPRICE' became stationary after 1 diff(s)  (p=0.0000).
2026-03-27 10:22:43,103 | INFO | data_pipeline | [make_stationary] 'MEDPRICE' became stationary after 1 diff(s)  (p=0.0000).
2026-03-27 10:22:45,902 | INFO | data_pipeline | [make_stationary] 'TYPPRICE' became stationary after 1 diff(s)  (p=0.0000).
2026-03-27 10:22:48,744 | INFO | data_pipeline | [make_stationary] 'WCLPRICE' became stationary after 1 diff(s)  (p=0.0000).
2026-03-27 10:22:51,618 | INFO | data_pipeline | [make_stationary] 'LINEARREG_14' became stationary after 1 diff(s)  (p=0.0000).
2026-03-27 10:22:54,810 | INFO | data_pipeline | [make_stationary] 'LINEARREG_INTERCEPT_14' became stationary after 1 diff(s)  (p=0.0000).
2026-03-27 10:22:57,742 | INFO | data_pipeline | [make_stationary] 'TSF_14' became stationary after 1 diff(s)  (p=0.0000).
2026-03-27 10:22:57,820 | INFO | data_pipeline | [make_stationary] Shape after differencing & dropna: (27345, 144)
2026-03-27 10:22:57,820 | INFO | data_pipeline | Differencing summary: open=1d, high=1d, low=1d, close=1d, BB_UPPER=1d, BB_MIDDLE=1d, BB_LOWER=1d, DEMA_14=1d, EMA_14=1d, HT_TRENDLINE=1d, KAMA_14=1d, MA_14=1d, MIDPOINT_14=1d, MIDPRICE_14=1d, SAR=1d, SMA_14=1d, T3_14=1d, TEMA_14=1d, TRIMA_14=1d, WMA_14=1d, AVGPRICE=1d, MEDPRICE=1d, TYPPRICE=1d, WCLPRICE=1d, LINEARREG_14=1d, LINEARREG_INTERCEPT_14=1d, TSF_14=1d
2026-03-27 10:22:57,836 | INFO | data_pipeline | train_ratio=0.8 → split at row 21876/27345 → split_date='2025-07-04 04:00:00' (80% train / 20% test)
2026-03-27 10:22:57,885 | INFO | data_pipeline | Classification target created — shape: (27345, 142), class counts:
{-1: 20522, 1: 6802, 0: 21}
2026-03-27 10:56:00,693 | INFO | data_pipeline | Classification target created — shape: (27345, 142), class counts:
{-1: 20522, 1: 6802, 0: 21}
2026-03-27 11:27:13,560 | INFO | data_pipeline | Regression target created — shape: (27331, 142)
2026-03-27 12:15:05,242 | INFO | data_pipeline | Regression target created — shape: (27331, 142)
2026-03-27 12:58:39,670 | INFO | data_pipeline | Fetching data: schema=data_binance, table=btc_1m, start=2023-01-01, end=2026-02-17
2026-03-27 12:58:52,510 | INFO | data_pipeline | Fetched 1,645,921 rows for btc.
2026-03-27 12:58:52,510 | INFO | data_pipeline | Resampling to 1h…
2026-03-27 12:58:53,224 | INFO | data_pipeline | Resampled shape: (27433, 6)
2026-03-27 12:58:53,226 | INFO | data_pipeline | Generating 125 indicator(s)…
2026-03-27 12:58:53,351 | INFO | data_pipeline | Feature shape after generation: (27433, 143)
2026-03-27 12:58:53,351 | INFO | data_pipeline | Running ADF stationarity tests…
2026-03-27 12:58:56,007 | INFO | data_pipeline | [ADF] 'open' — NON-STATIONARY  (p=0.4929, stat=-1.5814)
2026-03-27 12:58:58,544 | INFO | data_pipeline | [ADF] 'high' — NON-STATIONARY  (p=0.4924, stat=-1.5824)
2026-03-27 12:59:01,213 | INFO | data_pipeline | [ADF] 'low' — NON-STATIONARY  (p=0.4929, stat=-1.5814)
2026-03-27 12:59:03,813 | INFO | data_pipeline | [ADF] 'close' — NON-STATIONARY  (p=0.4930, stat=-1.5812)
2026-03-27 12:59:42,023 | INFO | data_pipeline | [ADF] 'MIDPOINT_14' — NON-STATIONARY  (p=0.4905, stat=-1.5863)
2026-03-27 12:59:51,274 | INFO | data_pipeline | [ADF] 'DEMA_14' — NON-STATIONARY  (p=0.4893, stat=-1.5886)
2026-03-27 13:00:08,476 | INFO | data_pipeline | [ADF] 'TEMA_14' — NON-STATIONARY  (p=0.4916, stat=-1.5841)
2026-03-27 13:00:11,611 | INFO | data_pipeline | [ADF] 'WMA_14' — NON-STATIONARY  (p=0.4919, stat=-1.5835)
2026-03-27 13:00:24,183 | INFO | data_pipeline | [ADF] 'EMA_14' — NON-STATIONARY  (p=0.4919, stat=-1.5835)
2026-03-27 13:00:27,308 | INFO | data_pipeline | [ADF] 'KAMA_14' — NON-STATIONARY  (p=0.4926, stat=-1.5821)
2026-03-27 13:00:46,092 | INFO | data_pipeline | [ADF] 'BB_UPPER' — NON-STATIONARY  (p=0.4899, stat=-1.5875)
2026-03-27 13:00:49,298 | INFO | data_pipeline | [ADF] 'BB_MIDDLE' — NON-STATIONARY  (p=0.4829, stat=-1.6013)
2026-03-27 13:00:52,439 | INFO | data_pipeline | [ADF] 'BB_LOWER' — NON-STATIONARY  (p=0.4907, stat=-1.5858)
2026-03-27 13:00:58,680 | INFO | data_pipeline | [ADF] 'TRIMA_14' — NON-STATIONARY  (p=0.4931, stat=-1.5811)
2026-03-27 13:01:11,007 | INFO | data_pipeline | [ADF] 'WCLPRICE' — NON-STATIONARY  (p=0.4920, stat=-1.5833)
2026-03-27 13:01:13,974 | INFO | data_pipeline | [ADF] 'MA_14' — NON-STATIONARY  (p=0.4837, stat=-1.5997)
2026-03-27 13:01:20,246 | INFO | data_pipeline | [ADF] 'SMA_14' — NON-STATIONARY  (p=0.4837, stat=-1.5997)
2026-03-27 13:01:26,579 | INFO | data_pipeline | [ADF] 'LINEARREG_14' — NON-STATIONARY  (p=0.4908, stat=-1.5856)
2026-03-27 13:01:32,894 | INFO | data_pipeline | [ADF] 'MEDPRICE' — NON-STATIONARY  (p=0.4931, stat=-1.5810)
2026-03-27 13:01:36,071 | INFO | data_pipeline | [ADF] 'LINEARREG_INTERCEPT_14' — NON-STATIONARY  (p=0.4912, stat=-1.5848)
2026-03-27 13:01:39,165 | INFO | data_pipeline | [ADF] 'TYPPRICE' — NON-STATIONARY  (p=0.4919, stat=-1.5834)
2026-03-27 13:01:42,330 | INFO | data_pipeline | [ADF] 'MIDPRICE_14' — NON-STATIONARY  (p=0.4875, stat=-1.5922)
2026-03-27 13:01:45,266 | INFO | data_pipeline | [ADF] 'T3_14' — NON-STATIONARY  (p=0.4854, stat=-1.5964)
2026-03-27 13:01:57,292 | INFO | data_pipeline | [ADF] 'HT_TRENDLINE' — NON-STATIONARY  (p=0.4859, stat=-1.5954)
2026-03-27 13:02:03,495 | INFO | data_pipeline | [ADF] 'AVGPRICE' — NON-STATIONARY  (p=0.4928, stat=-1.5816)
2026-03-27 13:02:06,595 | INFO | data_pipeline | [ADF] 'SAR' — NON-STATIONARY  (p=0.4881, stat=-1.5910)
2026-03-27 13:02:09,770 | INFO | data_pipeline | [ADF] 'TSF_14' — NON-STATIONARY  (p=0.4912, stat=-1.5849)
2026-03-27 13:02:09,770 | INFO | data_pipeline | [ADF] Tested 64 column(s): 37 stationary, 27 non-stationary.
2026-03-27 13:02:09,809 | INFO | data_pipeline | [make_stationary] Differencing 27 non-stationary column(s)…
2026-03-27 13:02:13,010 | INFO | data_pipeline | [make_stationary] 'open' became stationary after 1 diff(s)  (p=0.0000).
2026-03-27 13:02:15,834 | INFO | data_pipeline | [make_stationary] 'high' became stationary after 1 diff(s)  (p=0.0000).
2026-03-27 13:02:18,714 | INFO | data_pipeline | [make_stationary] 'low' became stationary after 1 diff(s)  (p=0.0000).
2026-03-27 13:02:21,791 | INFO | data_pipeline | [make_stationary] 'close' became stationary after 1 diff(s)  (p=0.0000).
2026-03-27 13:02:24,989 | INFO | data_pipeline | [make_stationary] 'MIDPOINT_14' became stationary after 1 diff(s)  (p=0.0000).
2026-03-27 13:02:28,103 | INFO | data_pipeline | [make_stationary] 'DEMA_14' became stationary after 1 diff(s)  (p=0.0000).
2026-03-27 13:02:31,251 | INFO | data_pipeline | [make_stationary] 'TEMA_14' became stationary after 1 diff(s)  (p=0.0000).
2026-03-27 13:02:34,387 | INFO | data_pipeline | [make_stationary] 'WMA_14' became stationary after 1 diff(s)  (p=0.0000).
2026-03-27 13:02:37,480 | INFO | data_pipeline | [make_stationary] 'EMA_14' became stationary after 1 diff(s)  (p=0.0000).
2026-03-27 13:02:40,613 | INFO | data_pipeline | [make_stationary] 'KAMA_14' became stationary after 1 diff(s)  (p=0.0000).
2026-03-27 13:02:43,773 | INFO | data_pipeline | [make_stationary] 'BB_UPPER' became stationary after 1 diff(s)  (p=0.0000).
2026-03-27 13:02:46,949 | INFO | data_pipeline | [make_stationary] 'BB_MIDDLE' became stationary after 1 diff(s)  (p=0.0000).
2026-03-27 13:02:50,099 | INFO | data_pipeline | [make_stationary] 'BB_LOWER' became stationary after 1 diff(s)  (p=0.0000).
2026-03-27 13:02:53,317 | INFO | data_pipeline | [make_stationary] 'TRIMA_14' became stationary after 1 diff(s)  (p=0.0000).
2026-03-27 13:02:56,871 | INFO | data_pipeline | [make_stationary] 'WCLPRICE' became stationary after 1 diff(s)  (p=0.0000).
2026-03-27 13:03:00,230 | INFO | data_pipeline | [make_stationary] 'MA_14' became stationary after 1 diff(s)  (p=0.0000).
2026-03-27 13:03:03,459 | INFO | data_pipeline | [make_stationary] 'SMA_14' became stationary after 1 diff(s)  (p=0.0000).
2026-03-27 13:03:06,651 | INFO | data_pipeline | [make_stationary] 'LINEARREG_14' became stationary after 1 diff(s)  (p=0.0000).
2026-03-27 13:03:09,770 | INFO | data_pipeline | [make_stationary] 'MEDPRICE' became stationary after 1 diff(s)  (p=0.0000).
2026-03-27 13:03:12,988 | INFO | data_pipeline | [make_stationary] 'LINEARREG_INTERCEPT_14' became stationary after 1 diff(s)  (p=0.0000).
2026-03-27 13:03:16,093 | INFO | data_pipeline | [make_stationary] 'TYPPRICE' became stationary after 1 diff(s)  (p=0.0000).
2026-03-27 13:03:19,209 | INFO | data_pipeline | [make_stationary] 'MIDPRICE_14' became stationary after 1 diff(s)  (p=0.0000).
2026-03-27 13:03:22,294 | INFO | data_pipeline | [make_stationary] 'T3_14' became stationary after 1 diff(s)  (p=0.0000).
2026-03-27 13:03:25,488 | INFO | data_pipeline | [make_stationary] 'HT_TRENDLINE' became stationary after 1 diff(s)  (p=0.0000).
2026-03-27 13:03:28,620 | INFO | data_pipeline | [make_stationary] 'AVGPRICE' became stationary after 1 diff(s)  (p=0.0000).
2026-03-27 13:03:31,750 | INFO | data_pipeline | [make_stationary] 'SAR' became stationary after 1 diff(s)  (p=0.0000).
2026-03-27 13:03:34,952 | INFO | data_pipeline | [make_stationary] 'TSF_14' became stationary after 1 diff(s)  (p=0.0000).
2026-03-27 13:03:35,024 | INFO | data_pipeline | [make_stationary] Shape after differencing & dropna: (27345, 143)
2026-03-27 13:03:35,026 | INFO | data_pipeline | Differencing summary: open=1d, high=1d, low=1d, close=1d, MIDPOINT_14=1d, DEMA_14=1d, TEMA_14=1d, WMA_14=1d, EMA_14=1d, KAMA_14=1d, BB_UPPER=1d, BB_MIDDLE=1d, BB_LOWER=1d, TRIMA_14=1d, WCLPRICE=1d, MA_14=1d, SMA_14=1d, LINEARREG_14=1d, MEDPRICE=1d, LINEARREG_INTERCEPT_14=1d, TYPPRICE=1d, MIDPRICE_14=1d, T3_14=1d, HT_TRENDLINE=1d, AVGPRICE=1d, SAR=1d, TSF_14=1d
2026-03-27 13:34:26,837 | INFO | data_pipeline | Fetching data: schema=data_binance, table=btc_1m, start=2023-01-01, end=2026-02-17
2026-03-27 13:34:52,823 | INFO | data_pipeline | Fetched 1,645,921 rows for btc.
2026-03-27 13:34:52,823 | INFO | data_pipeline | Resampling to 1h…
2026-03-27 13:34:53,421 | INFO | data_pipeline | Resampled shape: (27433, 6)
2026-03-27 13:34:53,421 | INFO | data_pipeline | Generating 125 indicator(s)…
2026-03-27 13:34:53,559 | INFO | data_pipeline | Feature shape after generation: (27433, 143)
2026-03-27 13:34:53,559 | INFO | data_pipeline | Running ADF stationarity tests…
2026-03-27 13:34:56,064 | INFO | data_pipeline | [ADF] 'open' — NON-STATIONARY  (p=0.4929, stat=-1.5814)
2026-03-27 13:34:58,607 | INFO | data_pipeline | [ADF] 'high' — NON-STATIONARY  (p=0.4924, stat=-1.5824)
2026-03-27 13:35:01,099 | INFO | data_pipeline | [ADF] 'low' — NON-STATIONARY  (p=0.4929, stat=-1.5814)
2026-03-27 13:35:03,576 | INFO | data_pipeline | [ADF] 'close' — NON-STATIONARY  (p=0.4930, stat=-1.5812)
2026-03-27 13:35:11,556 | INFO | data_pipeline | [ADF] 'WMA_14' — NON-STATIONARY  (p=0.4919, stat=-1.5835)
2026-03-27 13:35:14,237 | INFO | data_pipeline | [ADF] 'SAR' — NON-STATIONARY  (p=0.4881, stat=-1.5910)
2026-03-27 13:35:27,933 | INFO | data_pipeline | [ADF] 'WCLPRICE' — NON-STATIONARY  (p=0.4920, stat=-1.5833)
2026-03-27 13:35:44,513 | INFO | data_pipeline | [ADF] 'KAMA_14' — NON-STATIONARY  (p=0.4926, stat=-1.5821)
2026-03-27 13:35:49,958 | INFO | data_pipeline | [ADF] 'AVGPRICE' — NON-STATIONARY  (p=0.4928, stat=-1.5816)
2026-03-27 13:35:52,643 | INFO | data_pipeline | [ADF] 'TYPPRICE' — NON-STATIONARY  (p=0.4919, stat=-1.5834)
2026-03-27 13:36:14,433 | INFO | data_pipeline | [ADF] 'MA_14' — NON-STATIONARY  (p=0.4837, stat=-1.5997)
2026-03-27 13:36:17,347 | INFO | data_pipeline | [ADF] 'LINEARREG_INTERCEPT_14' — NON-STATIONARY  (p=0.4912, stat=-1.5848)
2026-03-27 13:36:23,194 | INFO | data_pipeline | [ADF] 'SMA_14' — NON-STATIONARY  (p=0.4837, stat=-1.5997)
2026-03-27 13:36:26,139 | INFO | data_pipeline | [ADF] 'TSF_14' — NON-STATIONARY  (p=0.4912, stat=-1.5849)
2026-03-27 13:36:55,112 | INFO | data_pipeline | [ADF] 'TEMA_14' — NON-STATIONARY  (p=0.4916, stat=-1.5841)
2026-03-27 13:36:57,993 | INFO | data_pipeline | [ADF] 'MIDPRICE_14' — NON-STATIONARY  (p=0.4875, stat=-1.5922)
2026-03-27 13:37:03,805 | INFO | data_pipeline | [ADF] 'MEDPRICE' — NON-STATIONARY  (p=0.4931, stat=-1.5810)
2026-03-27 13:37:09,484 | INFO | data_pipeline | [ADF] 'BB_UPPER' — NON-STATIONARY  (p=0.4899, stat=-1.5875)
2026-03-27 13:37:12,424 | INFO | data_pipeline | [ADF] 'BB_MIDDLE' — NON-STATIONARY  (p=0.4829, stat=-1.6013)
2026-03-27 13:37:15,253 | INFO | data_pipeline | [ADF] 'BB_LOWER' — NON-STATIONARY  (p=0.4907, stat=-1.5858)
2026-03-27 13:37:21,025 | INFO | data_pipeline | [ADF] 'DEMA_14' — NON-STATIONARY  (p=0.4893, stat=-1.5886)
2026-03-27 13:37:26,687 | INFO | data_pipeline | [ADF] 'T3_14' — NON-STATIONARY  (p=0.4854, stat=-1.5964)
2026-03-27 13:37:29,609 | INFO | data_pipeline | [ADF] 'HT_TRENDLINE' — NON-STATIONARY  (p=0.4859, stat=-1.5954)
2026-03-27 13:37:32,492 | INFO | data_pipeline | [ADF] 'EMA_14' — NON-STATIONARY  (p=0.4919, stat=-1.5835)
2026-03-27 13:37:41,165 | INFO | data_pipeline | [ADF] 'LINEARREG_14' — NON-STATIONARY  (p=0.4908, stat=-1.5856)
2026-03-27 13:37:44,072 | INFO | data_pipeline | [ADF] 'TRIMA_14' — NON-STATIONARY  (p=0.4931, stat=-1.5811)
2026-03-27 13:37:52,848 | INFO | data_pipeline | [ADF] 'MIDPOINT_14' — NON-STATIONARY  (p=0.4905, stat=-1.5863)
2026-03-27 13:37:52,848 | INFO | data_pipeline | [ADF] Tested 64 column(s): 37 stationary, 27 non-stationary.
2026-03-27 13:37:52,870 | INFO | data_pipeline | [make_stationary] Differencing 27 non-stationary column(s)…
2026-03-27 13:37:55,727 | INFO | data_pipeline | [make_stationary] 'open' became stationary after 1 diff(s)  (p=0.0000).
2026-03-27 13:37:58,482 | INFO | data_pipeline | [make_stationary] 'high' became stationary after 1 diff(s)  (p=0.0000).
2026-03-27 13:38:01,368 | INFO | data_pipeline | [make_stationary] 'low' became stationary after 1 diff(s)  (p=0.0000).
2026-03-27 13:38:04,598 | INFO | data_pipeline | [make_stationary] 'close' became stationary after 1 diff(s)  (p=0.0000).
2026-03-27 13:38:07,628 | INFO | data_pipeline | [make_stationary] 'WMA_14' became stationary after 1 diff(s)  (p=0.0000).
2026-03-27 13:38:10,517 | INFO | data_pipeline | [make_stationary] 'SAR' became stationary after 1 diff(s)  (p=0.0000).
2026-03-27 13:38:13,338 | INFO | data_pipeline | [make_stationary] 'WCLPRICE' became stationary after 1 diff(s)  (p=0.0000).
2026-03-27 13:38:16,162 | INFO | data_pipeline | [make_stationary] 'KAMA_14' became stationary after 1 diff(s)  (p=0.0000).
2026-03-27 13:38:18,997 | INFO | data_pipeline | [make_stationary] 'AVGPRICE' became stationary after 1 diff(s)  (p=0.0000).
2026-03-27 13:38:21,849 | INFO | data_pipeline | [make_stationary] 'TYPPRICE' became stationary after 1 diff(s)  (p=0.0000).
2026-03-27 13:38:24,729 | INFO | data_pipeline | [make_stationary] 'MA_14' became stationary after 1 diff(s)  (p=0.0000).
2026-03-27 13:38:27,496 | INFO | data_pipeline | [make_stationary] 'LINEARREG_INTERCEPT_14' became stationary after 1 diff(s)  (p=0.0000).
2026-03-27 13:38:30,156 | INFO | data_pipeline | [make_stationary] 'SMA_14' became stationary after 1 diff(s)  (p=0.0000).
2026-03-27 13:38:32,872 | INFO | data_pipeline | [make_stationary] 'TSF_14' became stationary after 1 diff(s)  (p=0.0000).
2026-03-27 13:38:35,725 | INFO | data_pipeline | [make_stationary] 'TEMA_14' became stationary after 1 diff(s)  (p=0.0000).
2026-03-27 13:38:38,631 | INFO | data_pipeline | [make_stationary] 'MIDPRICE_14' became stationary after 1 diff(s)  (p=0.0000).
2026-03-27 13:38:41,523 | INFO | data_pipeline | [make_stationary] 'MEDPRICE' became stationary after 1 diff(s)  (p=0.0000).
2026-03-27 13:38:44,366 | INFO | data_pipeline | [make_stationary] 'BB_UPPER' became stationary after 1 diff(s)  (p=0.0000).
2026-03-27 13:38:47,368 | INFO | data_pipeline | [make_stationary] 'BB_MIDDLE' became stationary after 1 diff(s)  (p=0.0000).
2026-03-27 13:38:50,294 | INFO | data_pipeline | [make_stationary] 'BB_LOWER' became stationary after 1 diff(s)  (p=0.0000).
2026-03-27 13:38:53,123 | INFO | data_pipeline | [make_stationary] 'DEMA_14' became stationary after 1 diff(s)  (p=0.0000).
2026-03-27 13:38:55,949 | INFO | data_pipeline | [make_stationary] 'T3_14' became stationary after 1 diff(s)  (p=0.0000).
2026-03-27 13:38:59,297 | INFO | data_pipeline | [make_stationary] 'HT_TRENDLINE' became stationary after 1 diff(s)  (p=0.0000).
2026-03-27 13:39:02,639 | INFO | data_pipeline | [make_stationary] 'EMA_14' became stationary after 1 diff(s)  (p=0.0000).
2026-03-27 13:39:05,568 | INFO | data_pipeline | [make_stationary] 'LINEARREG_14' became stationary after 1 diff(s)  (p=0.0000).
2026-03-27 13:39:08,471 | INFO | data_pipeline | [make_stationary] 'TRIMA_14' became stationary after 1 diff(s)  (p=0.0000).
2026-03-27 13:39:11,404 | INFO | data_pipeline | [make_stationary] 'MIDPOINT_14' became stationary after 1 diff(s)  (p=0.0000).
2026-03-27 13:39:11,473 | INFO | data_pipeline | [make_stationary] Shape after differencing & dropna: (27345, 143)
2026-03-27 13:39:11,473 | INFO | data_pipeline | Differencing summary: open=1d, high=1d, low=1d, close=1d, WMA_14=1d, SAR=1d, WCLPRICE=1d, KAMA_14=1d, AVGPRICE=1d, TYPPRICE=1d, MA_14=1d, LINEARREG_INTERCEPT_14=1d, SMA_14=1d, TSF_14=1d, TEMA_14=1d, MIDPRICE_14=1d, MEDPRICE=1d, BB_UPPER=1d, BB_MIDDLE=1d, BB_LOWER=1d, DEMA_14=1d, T3_14=1d, HT_TRENDLINE=1d, EMA_14=1d, LINEARREG_14=1d, TRIMA_14=1d, MIDPOINT_14=1d
2026-03-27 13:39:11,572 | INFO | data_pipeline | train_ratio=0.8 → split at row 21946/27433 → split_date='2025-07-03 10:00:00' (80% train / 20% test)
2026-03-27 13:39:11,653 | INFO | data_pipeline | Classification target created — shape: (27345, 141), class counts:
{1: 13089, -1: 12129, 0: 2127}
2026-03-27 14:06:08,443 | INFO | data_pipeline | Classification target created — shape: (27345, 141), class counts:
{1: 13089, -1: 12129, 0: 2127}
2026-03-27 14:11:09,054 | INFO | data_pipeline | Regression target created — shape: (27345, 141)
2026-03-30 10:57:55,723 | INFO | data_pipeline | Fetching data: schema=data_binance, table=btc_1m, start=2023-01-01, end=2026-02-17
2026-03-30 10:58:20,782 | INFO | data_pipeline | Fetched 1,645,921 rows for btc.
2026-03-30 10:58:20,782 | INFO | data_pipeline | Resampling to 1h…
2026-03-30 10:58:21,797 | INFO | data_pipeline | Resampled shape: (27433, 6)
2026-03-30 10:58:21,797 | INFO | data_pipeline | Generating 71 indicator(s)…
2026-03-30 10:58:22,038 | INFO | data_pipeline | Feature shape after generation: (27433, 89)
2026-03-30 10:58:22,038 | INFO | data_pipeline | Running ADF stationarity tests…
2026-03-30 10:58:24,962 | INFO | data_pipeline | [ADF] 'open' — NON-STATIONARY  (p=0.4929, stat=-1.5814)
2026-03-30 10:58:27,621 | INFO | data_pipeline | [ADF] 'high' — NON-STATIONARY  (p=0.4924, stat=-1.5824)
2026-03-30 10:58:30,296 | INFO | data_pipeline | [ADF] 'low' — NON-STATIONARY  (p=0.4929, stat=-1.5814)
2026-03-30 10:58:32,889 | INFO | data_pipeline | [ADF] 'close' — NON-STATIONARY  (p=0.4930, stat=-1.5812)
2026-03-30 10:58:38,401 | INFO | data_pipeline | [ADF] 'BB_UPPER' — NON-STATIONARY  (p=0.4899, stat=-1.5875)
2026-03-30 10:58:41,518 | INFO | data_pipeline | [ADF] 'BB_MIDDLE' — NON-STATIONARY  (p=0.4829, stat=-1.6013)
2026-03-30 10:58:44,406 | INFO | data_pipeline | [ADF] 'BB_LOWER' — NON-STATIONARY  (p=0.4907, stat=-1.5858)
2026-03-30 10:58:47,294 | INFO | data_pipeline | [ADF] 'DEMA_14' — NON-STATIONARY  (p=0.4893, stat=-1.5886)
2026-03-30 10:58:50,191 | INFO | data_pipeline | [ADF] 'EMA_14' — NON-STATIONARY  (p=0.4919, stat=-1.5835)
2026-03-30 10:58:53,428 | INFO | data_pipeline | [ADF] 'HT_TRENDLINE' — NON-STATIONARY  (p=0.4859, stat=-1.5954)
2026-03-30 10:58:56,635 | INFO | data_pipeline | [ADF] 'KAMA_14' — NON-STATIONARY  (p=0.4926, stat=-1.5821)
2026-03-30 10:58:59,845 | INFO | data_pipeline | [ADF] 'MA_14' — NON-STATIONARY  (p=0.4837, stat=-1.5997)
2026-03-30 10:59:02,993 | INFO | data_pipeline | [ADF] 'MIDPOINT_14' — NON-STATIONARY  (p=0.4905, stat=-1.5863)
2026-03-30 10:59:06,011 | INFO | data_pipeline | [ADF] 'MIDPRICE_14' — NON-STATIONARY  (p=0.4875, stat=-1.5922)
2026-03-30 10:59:09,120 | INFO | data_pipeline | [ADF] 'SAR' — NON-STATIONARY  (p=0.4881, stat=-1.5910)
2026-03-30 10:59:15,137 | INFO | data_pipeline | [ADF] 'SMA_14' — NON-STATIONARY  (p=0.4837, stat=-1.5997)
2026-03-30 10:59:18,152 | INFO | data_pipeline | [ADF] 'T3_14' — NON-STATIONARY  (p=0.4854, stat=-1.5964)
2026-03-30 10:59:21,179 | INFO | data_pipeline | [ADF] 'TEMA_14' — NON-STATIONARY  (p=0.4916, stat=-1.5841)
2026-03-30 10:59:24,396 | INFO | data_pipeline | [ADF] 'TRIMA_14' — NON-STATIONARY  (p=0.4931, stat=-1.5811)
2026-03-30 10:59:27,421 | INFO | data_pipeline | [ADF] 'WMA_14' — NON-STATIONARY  (p=0.4919, stat=-1.5835)
2026-03-30 11:00:54,993 | INFO | data_pipeline | [ADF] 'AVGPRICE' — NON-STATIONARY  (p=0.4928, stat=-1.5816)
2026-03-30 11:00:58,435 | INFO | data_pipeline | [ADF] 'MEDPRICE' — NON-STATIONARY  (p=0.4931, stat=-1.5810)
2026-03-30 11:01:01,833 | INFO | data_pipeline | [ADF] 'TYPPRICE' — NON-STATIONARY  (p=0.4919, stat=-1.5834)
2026-03-30 11:01:05,102 | INFO | data_pipeline | [ADF] 'WCLPRICE' — NON-STATIONARY  (p=0.4920, stat=-1.5833)
2026-03-30 11:01:33,120 | INFO | data_pipeline | [ADF] 'LINEARREG_14' — NON-STATIONARY  (p=0.4908, stat=-1.5856)
2026-03-30 11:01:40,186 | INFO | data_pipeline | [ADF] 'LINEARREG_INTERCEPT_14' — NON-STATIONARY  (p=0.4912, stat=-1.5848)
2026-03-30 11:01:50,802 | INFO | data_pipeline | [ADF] 'TSF_14' — NON-STATIONARY  (p=0.4912, stat=-1.5849)
2026-03-30 11:01:54,951 | INFO | data_pipeline | [ADF] Tested 65 column(s): 38 stationary, 27 non-stationary.
2026-03-30 11:01:54,977 | INFO | data_pipeline | [make_stationary] Differencing 27 non-stationary column(s)…
2026-03-30 11:02:00,044 | INFO | data_pipeline | [make_stationary] 'open' became stationary after 1 diff(s)  (p=0.0000).
2026-03-30 11:02:05,736 | INFO | data_pipeline | [make_stationary] 'high' became stationary after 1 diff(s)  (p=0.0000).
2026-03-30 11:02:11,297 | INFO | data_pipeline | [make_stationary] 'low' became stationary after 1 diff(s)  (p=0.0000).
2026-03-30 11:02:17,277 | INFO | data_pipeline | [make_stationary] 'close' became stationary after 1 diff(s)  (p=0.0000).
2026-03-30 11:02:22,663 | INFO | data_pipeline | [make_stationary] 'BB_UPPER' became stationary after 1 diff(s)  (p=0.0000).
2026-03-30 11:02:28,220 | INFO | data_pipeline | [make_stationary] 'BB_MIDDLE' became stationary after 1 diff(s)  (p=0.0000).
2026-03-30 11:02:33,647 | INFO | data_pipeline | [make_stationary] 'BB_LOWER' became stationary after 1 diff(s)  (p=0.0000).
2026-03-30 11:02:38,853 | INFO | data_pipeline | [make_stationary] 'DEMA_14' became stationary after 1 diff(s)  (p=0.0000).
2026-03-30 11:02:43,991 | INFO | data_pipeline | [make_stationary] 'EMA_14' became stationary after 1 diff(s)  (p=0.0000).
2026-03-30 11:02:49,330 | INFO | data_pipeline | [make_stationary] 'HT_TRENDLINE' became stationary after 1 diff(s)  (p=0.0000).
2026-03-30 11:02:54,514 | INFO | data_pipeline | [make_stationary] 'KAMA_14' became stationary after 1 diff(s)  (p=0.0000).
2026-03-30 11:02:59,827 | INFO | data_pipeline | [make_stationary] 'MA_14' became stationary after 1 diff(s)  (p=0.0000).
2026-03-30 11:03:05,091 | INFO | data_pipeline | [make_stationary] 'MIDPOINT_14' became stationary after 1 diff(s)  (p=0.0000).
2026-03-30 11:03:10,251 | INFO | data_pipeline | [make_stationary] 'MIDPRICE_14' became stationary after 1 diff(s)  (p=0.0000).
2026-03-30 11:03:15,615 | INFO | data_pipeline | [make_stationary] 'SAR' became stationary after 1 diff(s)  (p=0.0000).
2026-03-30 11:03:20,740 | INFO | data_pipeline | [make_stationary] 'SMA_14' became stationary after 1 diff(s)  (p=0.0000).
2026-03-30 11:03:26,146 | INFO | data_pipeline | [make_stationary] 'T3_14' became stationary after 1 diff(s)  (p=0.0000).
2026-03-30 11:03:31,245 | INFO | data_pipeline | [make_stationary] 'TEMA_14' became stationary after 1 diff(s)  (p=0.0000).
2026-03-30 11:03:36,602 | INFO | data_pipeline | [make_stationary] 'TRIMA_14' became stationary after 1 diff(s)  (p=0.0000).
2026-03-30 11:03:41,442 | INFO | data_pipeline | [make_stationary] 'WMA_14' became stationary after 1 diff(s)  (p=0.0000).
2026-03-30 11:03:46,455 | INFO | data_pipeline | [make_stationary] 'AVGPRICE' became stationary after 1 diff(s)  (p=0.0000).
2026-03-30 11:03:51,634 | INFO | data_pipeline | [make_stationary] 'MEDPRICE' became stationary after 1 diff(s)  (p=0.0000).
2026-03-30 11:03:56,398 | INFO | data_pipeline | [make_stationary] 'TYPPRICE' became stationary after 1 diff(s)  (p=0.0000).
2026-03-30 11:04:01,571 | INFO | data_pipeline | [make_stationary] 'WCLPRICE' became stationary after 1 diff(s)  (p=0.0000).
2026-03-30 11:04:07,036 | INFO | data_pipeline | [make_stationary] 'LINEARREG_14' became stationary after 1 diff(s)  (p=0.0000).
2026-03-30 11:04:12,622 | INFO | data_pipeline | [make_stationary] 'LINEARREG_INTERCEPT_14' became stationary after 1 diff(s)  (p=0.0000).
2026-03-30 11:04:18,096 | INFO | data_pipeline | [make_stationary] 'TSF_14' became stationary after 1 diff(s)  (p=0.0000).
2026-03-30 11:04:18,179 | INFO | data_pipeline | [make_stationary] Shape after differencing & dropna: (27345, 89)
2026-03-30 11:04:18,179 | INFO | data_pipeline | Differencing summary: open=1d, high=1d, low=1d, close=1d, BB_UPPER=1d, BB_MIDDLE=1d, BB_LOWER=1d, DEMA_14=1d, EMA_14=1d, HT_TRENDLINE=1d, KAMA_14=1d, MA_14=1d, MIDPOINT_14=1d, MIDPRICE_14=1d, SAR=1d, SMA_14=1d, T3_14=1d, TEMA_14=1d, TRIMA_14=1d, WMA_14=1d, AVGPRICE=1d, MEDPRICE=1d, TYPPRICE=1d, WCLPRICE=1d, LINEARREG_14=1d, LINEARREG_INTERCEPT_14=1d, TSF_14=1d
2026-03-30 11:04:18,210 | INFO | data_pipeline | train_ratio=0.8 → split at row 21876/27345 → split_date='2025-07-04 04:00:00' (80% train / 20% test)
2026-03-30 11:12:47,353 | INFO | data_pipeline | Fetching data: schema=data_binance, table=btc_1m, start=2023-01-01, end=2026-02-17
2026-03-30 11:14:23,116 | INFO | data_pipeline | Fetching data: schema=data_binance, table=btc_1m, start=2023-01-01, end=2026-02-17
2026-03-30 11:14:34,603 | INFO | data_pipeline | Fetched 1,645,921 rows for btc.
2026-03-30 11:14:34,603 | INFO | data_pipeline | Resampling to 1h…
2026-03-30 11:14:35,361 | INFO | data_pipeline | Resampled shape: (27433, 6)
2026-03-30 11:14:35,361 | INFO | data_pipeline | Generating 71 indicator(s)…
2026-03-30 11:14:35,482 | INFO | data_pipeline | Feature shape after generation: (27433, 89)
2026-03-30 11:14:35,482 | INFO | data_pipeline | Running ADF stationarity tests…
2026-03-30 11:14:38,494 | INFO | data_pipeline | [ADF] 'open' — NON-STATIONARY  (p=0.4929, stat=-1.5814)
2026-03-30 11:14:41,578 | INFO | data_pipeline | [ADF] 'high' — NON-STATIONARY  (p=0.4924, stat=-1.5824)
2026-03-30 11:14:44,619 | INFO | data_pipeline | [ADF] 'low' — NON-STATIONARY  (p=0.4929, stat=-1.5814)
2026-03-30 11:14:47,653 | INFO | data_pipeline | [ADF] 'close' — NON-STATIONARY  (p=0.4930, stat=-1.5812)
2026-03-30 11:14:53,944 | INFO | data_pipeline | [ADF] 'BB_UPPER' — NON-STATIONARY  (p=0.4899, stat=-1.5875)
2026-03-30 11:14:57,078 | INFO | data_pipeline | [ADF] 'BB_MIDDLE' — NON-STATIONARY  (p=0.4829, stat=-1.6013)
2026-03-30 11:15:00,285 | INFO | data_pipeline | [ADF] 'BB_LOWER' — NON-STATIONARY  (p=0.4907, stat=-1.5858)
2026-03-30 11:15:03,405 | INFO | data_pipeline | [ADF] 'DEMA_14' — NON-STATIONARY  (p=0.4893, stat=-1.5886)
2026-03-30 11:15:06,458 | INFO | data_pipeline | [ADF] 'EMA_14' — NON-STATIONARY  (p=0.4919, stat=-1.5835)
2026-03-30 11:15:09,561 | INFO | data_pipeline | [ADF] 'HT_TRENDLINE' — NON-STATIONARY  (p=0.4859, stat=-1.5954)
2026-03-30 11:15:12,720 | INFO | data_pipeline | [ADF] 'KAMA_14' — NON-STATIONARY  (p=0.4926, stat=-1.5821)
2026-03-30 11:15:15,902 | INFO | data_pipeline | [ADF] 'MA_14' — NON-STATIONARY  (p=0.4837, stat=-1.5997)
2026-03-30 11:15:19,106 | INFO | data_pipeline | [ADF] 'MIDPOINT_14' — NON-STATIONARY  (p=0.4905, stat=-1.5863)
2026-03-30 11:15:22,186 | INFO | data_pipeline | [ADF] 'MIDPRICE_14' — NON-STATIONARY  (p=0.4875, stat=-1.5922)
2026-03-30 11:15:25,231 | INFO | data_pipeline | [ADF] 'SAR' — NON-STATIONARY  (p=0.4881, stat=-1.5910)
2026-03-30 11:15:31,330 | INFO | data_pipeline | [ADF] 'SMA_14' — NON-STATIONARY  (p=0.4837, stat=-1.5997)
2026-03-30 11:15:34,554 | INFO | data_pipeline | [ADF] 'T3_14' — NON-STATIONARY  (p=0.4854, stat=-1.5964)
2026-03-30 11:15:37,576 | INFO | data_pipeline | [ADF] 'TEMA_14' — NON-STATIONARY  (p=0.4916, stat=-1.5841)
2026-03-30 11:15:40,795 | INFO | data_pipeline | [ADF] 'TRIMA_14' — NON-STATIONARY  (p=0.4931, stat=-1.5811)
2026-03-30 11:15:43,920 | INFO | data_pipeline | [ADF] 'WMA_14' — NON-STATIONARY  (p=0.4919, stat=-1.5835)
2026-03-30 11:17:13,459 | INFO | data_pipeline | [ADF] 'AVGPRICE' — NON-STATIONARY  (p=0.4928, stat=-1.5816)
2026-03-30 11:17:18,927 | INFO | data_pipeline | [ADF] 'MEDPRICE' — NON-STATIONARY  (p=0.4931, stat=-1.5810)
2026-03-30 11:17:24,040 | INFO | data_pipeline | [ADF] 'TYPPRICE' — NON-STATIONARY  (p=0.4919, stat=-1.5834)
2026-03-30 11:17:28,875 | INFO | data_pipeline | [ADF] 'WCLPRICE' — NON-STATIONARY  (p=0.4920, stat=-1.5833)
2026-03-30 11:18:13,848 | INFO | data_pipeline | [ADF] 'LINEARREG_14' — NON-STATIONARY  (p=0.4908, stat=-1.5856)
2026-03-30 11:18:21,140 | INFO | data_pipeline | [ADF] 'LINEARREG_INTERCEPT_14' — NON-STATIONARY  (p=0.4912, stat=-1.5848)
2026-03-30 11:18:32,128 | INFO | data_pipeline | [ADF] 'TSF_14' — NON-STATIONARY  (p=0.4912, stat=-1.5849)
2026-03-30 11:18:35,635 | INFO | data_pipeline | [ADF] Tested 65 column(s): 38 stationary, 27 non-stationary.
2026-03-30 11:18:35,664 | INFO | data_pipeline | [make_stationary] Differencing 27 non-stationary column(s)…
2026-03-30 11:18:39,235 | INFO | data_pipeline | [make_stationary] 'open' became stationary after 1 diff(s)  (p=0.0000).
2026-03-30 11:18:42,712 | INFO | data_pipeline | [make_stationary] 'high' became stationary after 1 diff(s)  (p=0.0000).
2026-03-30 11:18:46,091 | INFO | data_pipeline | [make_stationary] 'low' became stationary after 1 diff(s)  (p=0.0000).
2026-03-30 11:18:49,483 | INFO | data_pipeline | [make_stationary] 'close' became stationary after 1 diff(s)  (p=0.0000).
2026-03-30 11:18:52,972 | INFO | data_pipeline | [make_stationary] 'BB_UPPER' became stationary after 1 diff(s)  (p=0.0000).
2026-03-30 11:18:56,588 | INFO | data_pipeline | [make_stationary] 'BB_MIDDLE' became stationary after 1 diff(s)  (p=0.0000).
2026-03-30 11:19:00,015 | INFO | data_pipeline | [make_stationary] 'BB_LOWER' became stationary after 1 diff(s)  (p=0.0000).
2026-03-30 11:19:03,530 | INFO | data_pipeline | [make_stationary] 'DEMA_14' became stationary after 1 diff(s)  (p=0.0000).
2026-03-30 11:19:07,011 | INFO | data_pipeline | [make_stationary] 'EMA_14' became stationary after 1 diff(s)  (p=0.0000).
2026-03-30 11:19:10,646 | INFO | data_pipeline | [make_stationary] 'HT_TRENDLINE' became stationary after 1 diff(s)  (p=0.0000).
2026-03-30 11:19:14,176 | INFO | data_pipeline | [make_stationary] 'KAMA_14' became stationary after 1 diff(s)  (p=0.0000).
2026-03-30 11:19:17,671 | INFO | data_pipeline | [make_stationary] 'MA_14' became stationary after 1 diff(s)  (p=0.0000).
2026-03-30 11:19:21,287 | INFO | data_pipeline | [make_stationary] 'MIDPOINT_14' became stationary after 1 diff(s)  (p=0.0000).
2026-03-30 11:19:24,981 | INFO | data_pipeline | [make_stationary] 'MIDPRICE_14' became stationary after 1 diff(s)  (p=0.0000).
2026-03-30 11:19:28,411 | INFO | data_pipeline | [make_stationary] 'SAR' became stationary after 1 diff(s)  (p=0.0000).
2026-03-30 11:19:32,103 | INFO | data_pipeline | [make_stationary] 'SMA_14' became stationary after 1 diff(s)  (p=0.0000).
2026-03-30 11:19:35,577 | INFO | data_pipeline | [make_stationary] 'T3_14' became stationary after 1 diff(s)  (p=0.0000).
2026-03-30 11:19:39,028 | INFO | data_pipeline | [make_stationary] 'TEMA_14' became stationary after 1 diff(s)  (p=0.0000).
2026-03-30 11:19:42,727 | INFO | data_pipeline | [make_stationary] 'TRIMA_14' became stationary after 1 diff(s)  (p=0.0000).
2026-03-30 11:19:46,238 | INFO | data_pipeline | [make_stationary] 'WMA_14' became stationary after 1 diff(s)  (p=0.0000).
2026-03-30 11:19:49,804 | INFO | data_pipeline | [make_stationary] 'AVGPRICE' became stationary after 1 diff(s)  (p=0.0000).
2026-03-30 11:19:53,493 | INFO | data_pipeline | [make_stationary] 'MEDPRICE' became stationary after 1 diff(s)  (p=0.0000).
2026-03-30 11:19:56,975 | INFO | data_pipeline | [make_stationary] 'TYPPRICE' became stationary after 1 diff(s)  (p=0.0000).
2026-03-30 11:20:00,539 | INFO | data_pipeline | [make_stationary] 'WCLPRICE' became stationary after 1 diff(s)  (p=0.0000).
2026-03-30 11:20:04,096 | INFO | data_pipeline | [make_stationary] 'LINEARREG_14' became stationary after 1 diff(s)  (p=0.0000).
2026-03-30 11:20:07,806 | INFO | data_pipeline | [make_stationary] 'LINEARREG_INTERCEPT_14' became stationary after 1 diff(s)  (p=0.0000).
2026-03-30 11:20:11,459 | INFO | data_pipeline | [make_stationary] 'TSF_14' became stationary after 1 diff(s)  (p=0.0000).
2026-03-30 11:20:11,500 | INFO | data_pipeline | [make_stationary] Shape after differencing & dropna: (27345, 89)
2026-03-30 11:20:11,500 | INFO | data_pipeline | Differencing summary: open=1d, high=1d, low=1d, close=1d, BB_UPPER=1d, BB_MIDDLE=1d, BB_LOWER=1d, DEMA_14=1d, EMA_14=1d, HT_TRENDLINE=1d, KAMA_14=1d, MA_14=1d, MIDPOINT_14=1d, MIDPRICE_14=1d, SAR=1d, SMA_14=1d, T3_14=1d, TEMA_14=1d, TRIMA_14=1d, WMA_14=1d, AVGPRICE=1d, MEDPRICE=1d, TYPPRICE=1d, WCLPRICE=1d, LINEARREG_14=1d, LINEARREG_INTERCEPT_14=1d, TSF_14=1d
2026-03-30 11:20:11,517 | INFO | data_pipeline | train_ratio=0.8 → split at row 21876/27345 → split_date='2025-07-04 04:00:00' (80% train / 20% test)
2026-03-30 11:20:11,551 | INFO | data_pipeline | Classification target created — shape: (27345, 87), class counts:
{-1: 20522, 1: 6802, 0: 21}
2026-03-30 11:42:29,724 | INFO | data_pipeline | Fetching data: schema=data_binance, table=btc_1m, start=2023-01-01, end=2026-02-17
2026-03-30 11:42:48,462 | INFO | data_pipeline | Fetched 1,645,921 rows for btc.
2026-03-30 11:42:48,462 | INFO | data_pipeline | Resampling to 1h…
2026-03-30 11:42:49,241 | INFO | data_pipeline | Resampled shape: (27433, 6)
2026-03-30 11:42:49,241 | INFO | data_pipeline | Generating 71 indicator(s)…
2026-03-30 11:42:49,364 | INFO | data_pipeline | Feature shape after generation: (27433, 89)
2026-03-30 11:42:49,364 | INFO | data_pipeline | Running ADF stationarity tests…
2026-03-30 11:42:53,337 | INFO | data_pipeline | [ADF] 'open' — NON-STATIONARY  (p=0.4929, stat=-1.5814)
2026-03-30 11:42:57,054 | INFO | data_pipeline | [ADF] 'high' — NON-STATIONARY  (p=0.4924, stat=-1.5824)
2026-03-30 11:43:00,689 | INFO | data_pipeline | [ADF] 'low' — NON-STATIONARY  (p=0.4929, stat=-1.5814)
2026-03-30 11:43:04,375 | INFO | data_pipeline | [ADF] 'close' — NON-STATIONARY  (p=0.4930, stat=-1.5812)
2026-03-30 11:43:12,030 | INFO | data_pipeline | [ADF] 'BB_UPPER' — NON-STATIONARY  (p=0.4899, stat=-1.5875)
2026-03-30 11:43:15,847 | INFO | data_pipeline | [ADF] 'BB_MIDDLE' — NON-STATIONARY  (p=0.4829, stat=-1.6013)
2026-03-30 11:43:19,699 | INFO | data_pipeline | [ADF] 'BB_LOWER' — NON-STATIONARY  (p=0.4907, stat=-1.5858)
2026-03-30 11:43:23,374 | INFO | data_pipeline | [ADF] 'DEMA_14' — NON-STATIONARY  (p=0.4893, stat=-1.5886)
2026-03-30 11:43:27,172 | INFO | data_pipeline | [ADF] 'EMA_14' — NON-STATIONARY  (p=0.4919, stat=-1.5835)
2026-03-30 11:43:30,919 | INFO | data_pipeline | [ADF] 'HT_TRENDLINE' — NON-STATIONARY  (p=0.4859, stat=-1.5954)
2026-03-30 11:43:34,496 | INFO | data_pipeline | [ADF] 'KAMA_14' — NON-STATIONARY  (p=0.4926, stat=-1.5821)
2026-03-30 11:43:38,203 | INFO | data_pipeline | [ADF] 'MA_14' — NON-STATIONARY  (p=0.4837, stat=-1.5997)
2026-03-30 11:43:42,244 | INFO | data_pipeline | [ADF] 'MIDPOINT_14' — NON-STATIONARY  (p=0.4905, stat=-1.5863)
2026-03-30 11:43:48,104 | INFO | data_pipeline | [ADF] 'MIDPRICE_14' — NON-STATIONARY  (p=0.4875, stat=-1.5922)
2026-03-30 11:43:53,725 | INFO | data_pipeline | [ADF] 'SAR' — NON-STATIONARY  (p=0.4881, stat=-1.5910)
2026-03-30 11:44:01,311 | INFO | data_pipeline | [ADF] 'SMA_14' — NON-STATIONARY  (p=0.4837, stat=-1.5997)
2026-03-30 11:44:05,106 | INFO | data_pipeline | [ADF] 'T3_14' — NON-STATIONARY  (p=0.4854, stat=-1.5964)
2026-03-30 11:44:09,027 | INFO | data_pipeline | [ADF] 'TEMA_14' — NON-STATIONARY  (p=0.4916, stat=-1.5841)
2026-03-30 11:44:12,446 | INFO | data_pipeline | [ADF] 'TRIMA_14' — NON-STATIONARY  (p=0.4931, stat=-1.5811)
2026-03-30 11:44:17,057 | INFO | data_pipeline | [ADF] 'WMA_14' — NON-STATIONARY  (p=0.4919, stat=-1.5835)
2026-03-30 11:46:15,651 | INFO | data_pipeline | [ADF] 'AVGPRICE' — NON-STATIONARY  (p=0.4928, stat=-1.5816)
2026-03-30 11:46:20,372 | INFO | data_pipeline | [ADF] 'MEDPRICE' — NON-STATIONARY  (p=0.4931, stat=-1.5810)
2026-03-30 11:46:25,108 | INFO | data_pipeline | [ADF] 'TYPPRICE' — NON-STATIONARY  (p=0.4919, stat=-1.5834)
2026-03-30 11:46:29,641 | INFO | data_pipeline | [ADF] 'WCLPRICE' — NON-STATIONARY  (p=0.4920, stat=-1.5833)
2026-03-30 11:47:06,355 | INFO | data_pipeline | [ADF] 'LINEARREG_14' — NON-STATIONARY  (p=0.4908, stat=-1.5856)
2026-03-30 11:47:15,734 | INFO | data_pipeline | [ADF] 'LINEARREG_INTERCEPT_14' — NON-STATIONARY  (p=0.4912, stat=-1.5848)
2026-03-30 11:47:30,150 | INFO | data_pipeline | [ADF] 'TSF_14' — NON-STATIONARY  (p=0.4912, stat=-1.5849)
2026-03-30 11:47:35,136 | INFO | data_pipeline | [ADF] Tested 65 column(s): 38 stationary, 27 non-stationary.
2026-03-30 11:47:35,158 | INFO | data_pipeline | [make_stationary] Differencing 27 non-stationary column(s)…
2026-03-30 11:47:40,027 | INFO | data_pipeline | [make_stationary] 'open' became stationary after 1 diff(s)  (p=0.0000).
2026-03-30 11:47:44,491 | INFO | data_pipeline | [make_stationary] 'high' became stationary after 1 diff(s)  (p=0.0000).
2026-03-30 11:47:49,159 | INFO | data_pipeline | [make_stationary] 'low' became stationary after 1 diff(s)  (p=0.0000).
2026-03-30 11:47:53,909 | INFO | data_pipeline | [make_stationary] 'close' became stationary after 1 diff(s)  (p=0.0000).
2026-03-30 11:47:58,381 | INFO | data_pipeline | [make_stationary] 'BB_UPPER' became stationary after 1 diff(s)  (p=0.0000).
2026-03-30 11:48:03,288 | INFO | data_pipeline | [make_stationary] 'BB_MIDDLE' became stationary after 1 diff(s)  (p=0.0000).
2026-03-30 11:48:07,937 | INFO | data_pipeline | [make_stationary] 'BB_LOWER' became stationary after 1 diff(s)  (p=0.0000).
2026-03-30 11:48:11,976 | INFO | data_pipeline | [make_stationary] 'DEMA_14' became stationary after 1 diff(s)  (p=0.0000).
2026-03-30 11:48:15,698 | INFO | data_pipeline | [make_stationary] 'EMA_14' became stationary after 1 diff(s)  (p=0.0000).
2026-03-30 11:48:19,243 | INFO | data_pipeline | [make_stationary] 'HT_TRENDLINE' became stationary after 1 diff(s)  (p=0.0000).
2026-03-30 11:48:23,034 | INFO | data_pipeline | [make_stationary] 'KAMA_14' became stationary after 1 diff(s)  (p=0.0000).
2026-03-30 11:48:26,624 | INFO | data_pipeline | [make_stationary] 'MA_14' became stationary after 1 diff(s)  (p=0.0000).
2026-03-30 11:48:29,914 | INFO | data_pipeline | [make_stationary] 'MIDPOINT_14' became stationary after 1 diff(s)  (p=0.0000).
2026-03-30 11:48:33,770 | INFO | data_pipeline | [make_stationary] 'MIDPRICE_14' became stationary after 1 diff(s)  (p=0.0000).
2026-03-30 11:48:38,317 | INFO | data_pipeline | [make_stationary] 'SAR' became stationary after 1 diff(s)  (p=0.0000).
2026-03-30 11:48:42,933 | INFO | data_pipeline | [make_stationary] 'SMA_14' became stationary after 1 diff(s)  (p=0.0000).
2026-03-30 11:48:47,444 | INFO | data_pipeline | [make_stationary] 'T3_14' became stationary after 1 diff(s)  (p=0.0000).
2026-03-30 11:48:51,788 | INFO | data_pipeline | [make_stationary] 'TEMA_14' became stationary after 1 diff(s)  (p=0.0000).
2026-03-30 11:48:56,058 | INFO | data_pipeline | [make_stationary] 'TRIMA_14' became stationary after 1 diff(s)  (p=0.0000).
2026-03-30 11:49:00,233 | INFO | data_pipeline | [make_stationary] 'WMA_14' became stationary after 1 diff(s)  (p=0.0000).
2026-03-30 11:49:04,266 | INFO | data_pipeline | [make_stationary] 'AVGPRICE' became stationary after 1 diff(s)  (p=0.0000).
2026-03-30 11:49:08,422 | INFO | data_pipeline | [make_stationary] 'MEDPRICE' became stationary after 1 diff(s)  (p=0.0000).
2026-03-30 11:49:12,906 | INFO | data_pipeline | [make_stationary] 'TYPPRICE' became stationary after 1 diff(s)  (p=0.0000).
2026-03-30 11:49:17,429 | INFO | data_pipeline | [make_stationary] 'WCLPRICE' became stationary after 1 diff(s)  (p=0.0000).
2026-03-30 11:49:22,520 | INFO | data_pipeline | [make_stationary] 'LINEARREG_14' became stationary after 1 diff(s)  (p=0.0000).
2026-03-30 11:49:27,209 | INFO | data_pipeline | [make_stationary] 'LINEARREG_INTERCEPT_14' became stationary after 1 diff(s)  (p=0.0000).
2026-03-30 11:49:32,176 | INFO | data_pipeline | [make_stationary] 'TSF_14' became stationary after 1 diff(s)  (p=0.0000).
2026-03-30 11:49:32,246 | INFO | data_pipeline | [make_stationary] Shape after differencing & dropna: (27345, 89)
2026-03-30 11:49:32,248 | INFO | data_pipeline | Differencing summary: open=1d, high=1d, low=1d, close=1d, BB_UPPER=1d, BB_MIDDLE=1d, BB_LOWER=1d, DEMA_14=1d, EMA_14=1d, HT_TRENDLINE=1d, KAMA_14=1d, MA_14=1d, MIDPOINT_14=1d, MIDPRICE_14=1d, SAR=1d, SMA_14=1d, T3_14=1d, TEMA_14=1d, TRIMA_14=1d, WMA_14=1d, AVGPRICE=1d, MEDPRICE=1d, TYPPRICE=1d, WCLPRICE=1d, LINEARREG_14=1d, LINEARREG_INTERCEPT_14=1d, TSF_14=1d
2026-03-30 11:49:32,280 | INFO | data_pipeline | train_ratio=0.8 → split at row 21876/27345 → split_date='2025-07-04 04:00:00' (80% train / 20% test)
2026-03-30 11:49:32,326 | INFO | data_pipeline | Classification target created — shape: (27345, 87), class counts:
{-1: 20522, 1: 6802, 0: 21}
2026-03-30 12:44:47,834 | INFO | data_pipeline | Classification target created — shape: (27345, 87), class counts:
{-1: 20522, 1: 6802, 0: 21}
2026-03-30 12:49:41,864 | INFO | data_pipeline | Fetching data: schema=data_binance, table=btc_1m, start=2023-01-01, end=2026-02-17
2026-03-30 12:49:57,602 | INFO | data_pipeline | Fetched 1,645,921 rows for btc.
2026-03-30 12:49:57,602 | INFO | data_pipeline | Resampling to 1h…
2026-03-30 12:49:58,402 | INFO | data_pipeline | Resampled shape: (27433, 6)
2026-03-30 12:49:58,402 | INFO | data_pipeline | Generating 71 indicator(s)…
2026-03-30 12:49:58,569 | INFO | data_pipeline | Feature shape after generation: (27433, 89)
2026-03-30 12:49:58,569 | INFO | data_pipeline | Running ADF stationarity tests…
2026-03-30 12:50:01,258 | INFO | data_pipeline | [ADF] 'open' — NON-STATIONARY  (p=0.4929, stat=-1.5814)
2026-03-30 12:50:03,852 | INFO | data_pipeline | [ADF] 'high' — NON-STATIONARY  (p=0.4924, stat=-1.5824)
2026-03-30 12:50:06,569 | INFO | data_pipeline | [ADF] 'low' — NON-STATIONARY  (p=0.4929, stat=-1.5814)
2026-03-30 12:50:09,260 | INFO | data_pipeline | [ADF] 'close' — NON-STATIONARY  (p=0.4930, stat=-1.5812)
2026-03-30 12:50:14,926 | INFO | data_pipeline | [ADF] 'BB_UPPER' — NON-STATIONARY  (p=0.4899, stat=-1.5875)
2026-03-30 12:50:17,689 | INFO | data_pipeline | [ADF] 'BB_MIDDLE' — NON-STATIONARY  (p=0.4829, stat=-1.6013)
2026-03-30 12:50:20,390 | INFO | data_pipeline | [ADF] 'BB_LOWER' — NON-STATIONARY  (p=0.4907, stat=-1.5858)
2026-03-30 12:50:23,090 | INFO | data_pipeline | [ADF] 'DEMA_14' — NON-STATIONARY  (p=0.4893, stat=-1.5886)
2026-03-30 12:50:26,224 | INFO | data_pipeline | [ADF] 'EMA_14' — NON-STATIONARY  (p=0.4919, stat=-1.5835)
2026-03-30 12:50:29,416 | INFO | data_pipeline | [ADF] 'HT_TRENDLINE' — NON-STATIONARY  (p=0.4859, stat=-1.5954)
2026-03-30 12:50:32,503 | INFO | data_pipeline | [ADF] 'KAMA_14' — NON-STATIONARY  (p=0.4926, stat=-1.5821)
2026-03-30 12:50:36,315 | INFO | data_pipeline | [ADF] 'MA_14' — NON-STATIONARY  (p=0.4837, stat=-1.5997)
2026-03-30 12:50:40,682 | INFO | data_pipeline | [ADF] 'MIDPOINT_14' — NON-STATIONARY  (p=0.4905, stat=-1.5863)
2026-03-30 12:50:45,009 | INFO | data_pipeline | [ADF] 'MIDPRICE_14' — NON-STATIONARY  (p=0.4875, stat=-1.5922)
2026-03-30 12:50:50,253 | INFO | data_pipeline | [ADF] 'SAR' — NON-STATIONARY  (p=0.4881, stat=-1.5910)
2026-03-30 12:50:59,051 | INFO | data_pipeline | [ADF] 'SMA_14' — NON-STATIONARY  (p=0.4837, stat=-1.5997)
2026-03-30 12:51:03,252 | INFO | data_pipeline | [ADF] 'T3_14' — NON-STATIONARY  (p=0.4854, stat=-1.5964)
2026-03-30 12:51:07,222 | INFO | data_pipeline | [ADF] 'TEMA_14' — NON-STATIONARY  (p=0.4916, stat=-1.5841)
2026-03-30 12:51:12,310 | INFO | data_pipeline | [ADF] 'TRIMA_14' — NON-STATIONARY  (p=0.4931, stat=-1.5811)
2026-03-30 12:51:16,672 | INFO | data_pipeline | [ADF] 'WMA_14' — NON-STATIONARY  (p=0.4919, stat=-1.5835)
2026-03-30 12:53:06,843 | INFO | data_pipeline | [ADF] 'AVGPRICE' — NON-STATIONARY  (p=0.4928, stat=-1.5816)
2026-03-30 12:53:11,207 | INFO | data_pipeline | [ADF] 'MEDPRICE' — NON-STATIONARY  (p=0.4931, stat=-1.5810)
2026-03-30 12:53:15,559 | INFO | data_pipeline | [ADF] 'TYPPRICE' — NON-STATIONARY  (p=0.4919, stat=-1.5834)
2026-03-30 12:53:19,805 | INFO | data_pipeline | [ADF] 'WCLPRICE' — NON-STATIONARY  (p=0.4920, stat=-1.5833)
2026-03-30 12:53:51,831 | INFO | data_pipeline | [ADF] 'LINEARREG_14' — NON-STATIONARY  (p=0.4908, stat=-1.5856)
2026-03-30 12:53:58,218 | INFO | data_pipeline | [ADF] 'LINEARREG_INTERCEPT_14' — NON-STATIONARY  (p=0.4912, stat=-1.5848)
2026-03-30 12:54:06,732 | INFO | data_pipeline | [ADF] 'TSF_14' — NON-STATIONARY  (p=0.4912, stat=-1.5849)
2026-03-30 12:54:09,699 | INFO | data_pipeline | [ADF] Tested 65 column(s): 38 stationary, 27 non-stationary.
2026-03-30 12:54:09,729 | INFO | data_pipeline | [make_stationary] Differencing 27 non-stationary column(s)…
2026-03-30 12:54:12,691 | INFO | data_pipeline | [make_stationary] 'open' became stationary after 1 diff(s)  (p=0.0000).
2026-03-30 12:54:15,489 | INFO | data_pipeline | [make_stationary] 'high' became stationary after 1 diff(s)  (p=0.0000).
2026-03-30 12:54:18,212 | INFO | data_pipeline | [make_stationary] 'low' became stationary after 1 diff(s)  (p=0.0000).
2026-03-30 12:54:20,898 | INFO | data_pipeline | [make_stationary] 'close' became stationary after 1 diff(s)  (p=0.0000).
2026-03-30 12:54:23,626 | INFO | data_pipeline | [make_stationary] 'BB_UPPER' became stationary after 1 diff(s)  (p=0.0000).
2026-03-30 12:54:26,346 | INFO | data_pipeline | [make_stationary] 'BB_MIDDLE' became stationary after 1 diff(s)  (p=0.0000).
2026-03-30 12:54:29,049 | INFO | data_pipeline | [make_stationary] 'BB_LOWER' became stationary after 1 diff(s)  (p=0.0000).
2026-03-30 12:54:31,780 | INFO | data_pipeline | [make_stationary] 'DEMA_14' became stationary after 1 diff(s)  (p=0.0000).
2026-03-30 12:54:34,500 | INFO | data_pipeline | [make_stationary] 'EMA_14' became stationary after 1 diff(s)  (p=0.0000).
2026-03-30 12:54:37,300 | INFO | data_pipeline | [make_stationary] 'HT_TRENDLINE' became stationary after 1 diff(s)  (p=0.0000).
2026-03-30 12:54:39,987 | INFO | data_pipeline | [make_stationary] 'KAMA_14' became stationary after 1 diff(s)  (p=0.0000).
2026-03-30 12:54:42,816 | INFO | data_pipeline | [make_stationary] 'MA_14' became stationary after 1 diff(s)  (p=0.0000).
2026-03-30 12:54:45,630 | INFO | data_pipeline | [make_stationary] 'MIDPOINT_14' became stationary after 1 diff(s)  (p=0.0000).
2026-03-30 12:54:48,354 | INFO | data_pipeline | [make_stationary] 'MIDPRICE_14' became stationary after 1 diff(s)  (p=0.0000).
2026-03-30 12:54:51,049 | INFO | data_pipeline | [make_stationary] 'SAR' became stationary after 1 diff(s)  (p=0.0000).
2026-03-30 12:54:53,945 | INFO | data_pipeline | [make_stationary] 'SMA_14' became stationary after 1 diff(s)  (p=0.0000).
2026-03-30 12:54:56,855 | INFO | data_pipeline | [make_stationary] 'T3_14' became stationary after 1 diff(s)  (p=0.0000).
2026-03-30 12:54:59,750 | INFO | data_pipeline | [make_stationary] 'TEMA_14' became stationary after 1 diff(s)  (p=0.0000).
2026-03-30 12:55:02,743 | INFO | data_pipeline | [make_stationary] 'TRIMA_14' became stationary after 1 diff(s)  (p=0.0000).
2026-03-30 12:55:05,675 | INFO | data_pipeline | [make_stationary] 'WMA_14' became stationary after 1 diff(s)  (p=0.0000).
2026-03-30 12:55:08,414 | INFO | data_pipeline | [make_stationary] 'AVGPRICE' became stationary after 1 diff(s)  (p=0.0000).
2026-03-30 12:55:11,045 | INFO | data_pipeline | [make_stationary] 'MEDPRICE' became stationary after 1 diff(s)  (p=0.0000).
2026-03-30 12:55:14,023 | INFO | data_pipeline | [make_stationary] 'TYPPRICE' became stationary after 1 diff(s)  (p=0.0000).
2026-03-30 12:55:17,800 | INFO | data_pipeline | [make_stationary] 'WCLPRICE' became stationary after 1 diff(s)  (p=0.0000).
2026-03-30 12:55:21,957 | INFO | data_pipeline | [make_stationary] 'LINEARREG_14' became stationary after 1 diff(s)  (p=0.0000).
2026-03-30 12:55:26,501 | INFO | data_pipeline | [make_stationary] 'LINEARREG_INTERCEPT_14' became stationary after 1 diff(s)  (p=0.0000).
2026-03-30 12:55:31,293 | INFO | data_pipeline | [make_stationary] 'TSF_14' became stationary after 1 diff(s)  (p=0.0000).
2026-03-30 12:55:31,353 | INFO | data_pipeline | [make_stationary] Shape after differencing & dropna: (27345, 89)
2026-03-30 12:55:31,353 | INFO | data_pipeline | Differencing summary: open=1d, high=1d, low=1d, close=1d, BB_UPPER=1d, BB_MIDDLE=1d, BB_LOWER=1d, DEMA_14=1d, EMA_14=1d, HT_TRENDLINE=1d, KAMA_14=1d, MA_14=1d, MIDPOINT_14=1d, MIDPRICE_14=1d, SAR=1d, SMA_14=1d, T3_14=1d, TEMA_14=1d, TRIMA_14=1d, WMA_14=1d, AVGPRICE=1d, MEDPRICE=1d, TYPPRICE=1d, WCLPRICE=1d, LINEARREG_14=1d, LINEARREG_INTERCEPT_14=1d, TSF_14=1d
2026-03-30 12:55:31,373 | INFO | data_pipeline | train_ratio=0.8 → split at row 21876/27345 → split_date='2025-07-04 04:00:00' (80% train / 20% test)
2026-03-30 12:55:31,422 | INFO | data_pipeline | Classification target created — shape: (27345, 87), class counts:
{-1: 20522, 1: 6802, 0: 21}
2026-03-30 15:29:56,804 | INFO | data_pipeline | Classification target created — shape: (27345, 87), class counts:
{-1: 20522, 1: 6802, 0: 21}
2026-03-30 15:41:25,471 | INFO | data_pipeline | Fetching data: schema=data_binance, table=btc_1m, start=2023-01-01, end=2026-02-17
2026-03-30 15:41:47,085 | INFO | data_pipeline | Fetched 1,645,921 rows for btc.
2026-03-30 15:41:47,085 | INFO | data_pipeline | Resampling to 1h…
2026-03-30 15:41:47,773 | INFO | data_pipeline | Resampled shape: (27433, 6)
2026-03-30 15:41:47,773 | INFO | data_pipeline | Generating 71 indicator(s)…
2026-03-30 15:41:47,886 | INFO | data_pipeline | Feature shape after generation: (27433, 89)
2026-03-30 15:41:47,886 | INFO | data_pipeline | Running ADF stationarity tests…
2026-03-30 15:41:50,835 | INFO | data_pipeline | [ADF] 'open' — NON-STATIONARY  (p=0.4929, stat=-1.5814)
2026-03-30 15:42:29,296 | INFO | data_pipeline | Fetching data: schema=data_binance, table=btc_1m, start=2023-01-01, end=2026-03-30
2026-03-30 15:42:39,718 | INFO | data_pipeline | Fetched 1,704,961 rows for btc.
2026-03-30 15:42:39,718 | INFO | data_pipeline | Resampling to 1h…
2026-03-30 15:42:40,412 | INFO | data_pipeline | Resampled shape: (28417, 6)
2026-03-30 15:42:40,414 | INFO | data_pipeline | Generating 71 indicator(s)…
2026-03-30 15:42:40,528 | INFO | data_pipeline | Feature shape after generation: (28417, 89)
2026-03-30 15:42:40,528 | INFO | data_pipeline | Running ADF stationarity tests…
2026-03-30 15:42:43,953 | INFO | data_pipeline | [ADF] 'open' — NON-STATIONARY  (p=0.4742, stat=-1.6171)
2026-03-30 15:42:47,484 | INFO | data_pipeline | [ADF] 'high' — NON-STATIONARY  (p=0.4740, stat=-1.6175)
2026-03-30 15:42:51,057 | INFO | data_pipeline | [ADF] 'low' — NON-STATIONARY  (p=0.4741, stat=-1.6173)
2026-03-30 15:42:54,584 | INFO | data_pipeline | [ADF] 'close' — NON-STATIONARY  (p=0.4744, stat=-1.6168)
2026-03-30 15:43:01,744 | INFO | data_pipeline | [ADF] 'BB_UPPER' — NON-STATIONARY  (p=0.4697, stat=-1.6258)
2026-03-30 15:43:05,397 | INFO | data_pipeline | [ADF] 'BB_MIDDLE' — NON-STATIONARY  (p=0.4672, stat=-1.6305)
2026-03-30 15:43:08,972 | INFO | data_pipeline | [ADF] 'BB_LOWER' — NON-STATIONARY  (p=0.4715, stat=-1.6224)
2026-03-30 15:43:12,553 | INFO | data_pipeline | [ADF] 'DEMA_14' — NON-STATIONARY  (p=0.4715, stat=-1.6223)
2026-03-30 15:43:16,070 | INFO | data_pipeline | [ADF] 'EMA_14' — NON-STATIONARY  (p=0.4729, stat=-1.6197)
2026-03-30 15:43:19,672 | INFO | data_pipeline | [ADF] 'HT_TRENDLINE' — NON-STATIONARY  (p=0.4684, stat=-1.6283)
2026-03-30 15:43:23,211 | INFO | data_pipeline | [ADF] 'KAMA_14' — NON-STATIONARY  (p=0.4759, stat=-1.6139)
2026-03-30 15:43:26,839 | INFO | data_pipeline | [ADF] 'MA_14' — NON-STATIONARY  (p=0.4712, stat=-1.6230)
2026-03-30 15:43:30,399 | INFO | data_pipeline | [ADF] 'MIDPOINT_14' — NON-STATIONARY  (p=0.4719, stat=-1.6216)
2026-03-30 15:43:33,958 | INFO | data_pipeline | [ADF] 'MIDPRICE_14' — NON-STATIONARY  (p=0.4681, stat=-1.6288)
2026-03-30 15:43:37,503 | INFO | data_pipeline | [ADF] 'SAR' — NON-STATIONARY  (p=0.4678, stat=-1.6295)
2026-03-30 15:43:44,589 | INFO | data_pipeline | [ADF] 'SMA_14' — NON-STATIONARY  (p=0.4712, stat=-1.6230)
2026-03-30 15:43:48,059 | INFO | data_pipeline | [ADF] 'T3_14' — NON-STATIONARY  (p=0.4653, stat=-1.6341)
2026-03-30 15:43:51,521 | INFO | data_pipeline | [ADF] 'TEMA_14' — NON-STATIONARY  (p=0.4730, stat=-1.6196)
2026-03-30 15:43:55,266 | INFO | data_pipeline | [ADF] 'TRIMA_14' — NON-STATIONARY  (p=0.4720, stat=-1.6213)
2026-03-30 15:43:58,844 | INFO | data_pipeline | [ADF] 'WMA_14' — NON-STATIONARY  (p=0.4729, stat=-1.6197)
2026-03-30 15:45:30,631 | INFO | data_pipeline | [ADF] 'AVGPRICE' — NON-STATIONARY  (p=0.4742, stat=-1.6172)
2026-03-30 15:45:34,163 | INFO | data_pipeline | [ADF] 'MEDPRICE' — NON-STATIONARY  (p=0.4741, stat=-1.6174)
2026-03-30 15:45:37,800 | INFO | data_pipeline | [ADF] 'TYPPRICE' — NON-STATIONARY  (p=0.4730, stat=-1.6194)
2026-03-30 15:45:41,583 | INFO | data_pipeline | [ADF] 'WCLPRICE' — NON-STATIONARY  (p=0.4731, stat=-1.6193)
2026-03-30 15:46:09,671 | INFO | data_pipeline | [ADF] 'LINEARREG_14' — NON-STATIONARY  (p=0.4718, stat=-1.6218)
2026-03-30 15:46:16,813 | INFO | data_pipeline | [ADF] 'LINEARREG_INTERCEPT_14' — NON-STATIONARY  (p=0.4727, stat=-1.6200)
2026-03-30 15:46:27,147 | INFO | data_pipeline | [ADF] 'TSF_14' — NON-STATIONARY  (p=0.4722, stat=-1.6210)
2026-03-30 15:46:30,942 | INFO | data_pipeline | [ADF] Tested 65 column(s): 38 stationary, 27 non-stationary.
2026-03-30 15:46:30,965 | INFO | data_pipeline | [make_stationary] Differencing 27 non-stationary column(s)…
2026-03-30 15:46:34,179 | INFO | data_pipeline | [make_stationary] 'open' became stationary after 1 diff(s)  (p=0.0000).
2026-03-30 15:46:37,544 | INFO | data_pipeline | [make_stationary] 'high' became stationary after 1 diff(s)  (p=0.0000).
2026-03-30 15:46:41,075 | INFO | data_pipeline | [make_stationary] 'low' became stationary after 1 diff(s)  (p=0.0000).
2026-03-30 15:46:44,564 | INFO | data_pipeline | [make_stationary] 'close' became stationary after 1 diff(s)  (p=0.0000).
2026-03-30 15:46:48,069 | INFO | data_pipeline | [make_stationary] 'BB_UPPER' became stationary after 1 diff(s)  (p=0.0000).
2026-03-30 15:46:51,689 | INFO | data_pipeline | [make_stationary] 'BB_MIDDLE' became stationary after 1 diff(s)  (p=0.0000).
2026-03-30 15:46:55,223 | INFO | data_pipeline | [make_stationary] 'BB_LOWER' became stationary after 1 diff(s)  (p=0.0000).
2026-03-30 15:46:58,744 | INFO | data_pipeline | [make_stationary] 'DEMA_14' became stationary after 1 diff(s)  (p=0.0000).
2026-03-30 15:47:02,283 | INFO | data_pipeline | [make_stationary] 'EMA_14' became stationary after 1 diff(s)  (p=0.0000).
2026-03-30 15:47:05,846 | INFO | data_pipeline | [make_stationary] 'HT_TRENDLINE' became stationary after 1 diff(s)  (p=0.0000).
2026-03-30 15:47:09,442 | INFO | data_pipeline | [make_stationary] 'KAMA_14' became stationary after 1 diff(s)  (p=0.0000).
2026-03-30 15:47:12,978 | INFO | data_pipeline | [make_stationary] 'MA_14' became stationary after 1 diff(s)  (p=0.0000).
2026-03-30 15:47:16,351 | INFO | data_pipeline | [make_stationary] 'MIDPOINT_14' became stationary after 1 diff(s)  (p=0.0000).
2026-03-30 15:47:20,079 | INFO | data_pipeline | [make_stationary] 'MIDPRICE_14' became stationary after 1 diff(s)  (p=0.0000).
2026-03-30 15:47:23,728 | INFO | data_pipeline | [make_stationary] 'SAR' became stationary after 1 diff(s)  (p=0.0000).
2026-03-30 15:47:28,024 | INFO | data_pipeline | [make_stationary] 'SMA_14' became stationary after 1 diff(s)  (p=0.0000).
2026-03-30 15:47:31,656 | INFO | data_pipeline | [make_stationary] 'T3_14' became stationary after 1 diff(s)  (p=0.0000).
2026-03-30 15:47:35,048 | INFO | data_pipeline | [make_stationary] 'TEMA_14' became stationary after 1 diff(s)  (p=0.0000).
2026-03-30 15:47:38,360 | INFO | data_pipeline | [make_stationary] 'TRIMA_14' became stationary after 1 diff(s)  (p=0.0000).
2026-03-30 15:47:41,720 | INFO | data_pipeline | [make_stationary] 'WMA_14' became stationary after 1 diff(s)  (p=0.0000).
2026-03-30 15:47:45,234 | INFO | data_pipeline | [make_stationary] 'AVGPRICE' became stationary after 1 diff(s)  (p=0.0000).
2026-03-30 15:47:48,667 | INFO | data_pipeline | [make_stationary] 'MEDPRICE' became stationary after 1 diff(s)  (p=0.0000).
2026-03-30 15:47:52,074 | INFO | data_pipeline | [make_stationary] 'TYPPRICE' became stationary after 1 diff(s)  (p=0.0000).
2026-03-30 15:47:55,496 | INFO | data_pipeline | [make_stationary] 'WCLPRICE' became stationary after 1 diff(s)  (p=0.0000).
2026-03-30 15:47:59,036 | INFO | data_pipeline | [make_stationary] 'LINEARREG_14' became stationary after 1 diff(s)  (p=0.0000).
2026-03-30 15:48:02,591 | INFO | data_pipeline | [make_stationary] 'LINEARREG_INTERCEPT_14' became stationary after 1 diff(s)  (p=0.0000).
2026-03-30 15:48:06,200 | INFO | data_pipeline | [make_stationary] 'TSF_14' became stationary after 1 diff(s)  (p=0.0000).
2026-03-30 15:48:06,249 | INFO | data_pipeline | [make_stationary] Shape after differencing & dropna: (28329, 89)
2026-03-30 15:48:06,249 | INFO | data_pipeline | Differencing summary: open=1d, high=1d, low=1d, close=1d, BB_UPPER=1d, BB_MIDDLE=1d, BB_LOWER=1d, DEMA_14=1d, EMA_14=1d, HT_TRENDLINE=1d, KAMA_14=1d, MA_14=1d, MIDPOINT_14=1d, MIDPRICE_14=1d, SAR=1d, SMA_14=1d, T3_14=1d, TEMA_14=1d, TRIMA_14=1d, WMA_14=1d, AVGPRICE=1d, MEDPRICE=1d, TYPPRICE=1d, WCLPRICE=1d, LINEARREG_14=1d, LINEARREG_INTERCEPT_14=1d, TSF_14=1d
2026-03-30 15:48:06,266 | INFO | data_pipeline | train_ratio=0.8 → split at row 22663/28329 → split_date='2025-08-05 23:00:00' (80% train / 20% test)
2026-03-30 15:48:56,495 | INFO | data_pipeline | Fetching data: schema=data_binance, table=btc_1m, start=2023-01-01, end=2026-03-30
2026-03-30 15:49:12,888 | INFO | data_pipeline | Fetched 1,704,961 rows for btc.
2026-03-30 15:49:12,888 | INFO | data_pipeline | Resampling to 1h…
2026-03-30 15:49:13,877 | INFO | data_pipeline | Resampled shape: (28417, 6)
2026-03-30 15:49:13,877 | INFO | data_pipeline | Generating 71 indicator(s)…
2026-03-30 15:49:13,982 | INFO | data_pipeline | Feature shape after generation: (28417, 89)
2026-03-30 15:49:13,982 | INFO | data_pipeline | Running ADF stationarity tests…
2026-03-30 15:49:16,856 | INFO | data_pipeline | [ADF] 'open' — NON-STATIONARY  (p=0.4742, stat=-1.6171)
2026-03-30 15:49:20,165 | INFO | data_pipeline | [ADF] 'high' — NON-STATIONARY  (p=0.4740, stat=-1.6175)
2026-03-30 15:49:23,394 | INFO | data_pipeline | [ADF] 'low' — NON-STATIONARY  (p=0.4741, stat=-1.6173)
2026-03-30 15:49:26,514 | INFO | data_pipeline | [ADF] 'close' — NON-STATIONARY  (p=0.4744, stat=-1.6168)
2026-03-30 15:49:32,916 | INFO | data_pipeline | [ADF] 'BB_UPPER' — NON-STATIONARY  (p=0.4697, stat=-1.6258)
2026-03-30 15:49:36,552 | INFO | data_pipeline | [ADF] 'BB_MIDDLE' — NON-STATIONARY  (p=0.4672, stat=-1.6305)
2026-03-30 15:49:40,170 | INFO | data_pipeline | [ADF] 'BB_LOWER' — NON-STATIONARY  (p=0.4715, stat=-1.6224)
2026-03-30 15:49:43,758 | INFO | data_pipeline | [ADF] 'DEMA_14' — NON-STATIONARY  (p=0.4715, stat=-1.6223)
2026-03-30 15:49:47,358 | INFO | data_pipeline | [ADF] 'EMA_14' — NON-STATIONARY  (p=0.4729, stat=-1.6197)
2026-03-30 15:49:51,007 | INFO | data_pipeline | [ADF] 'HT_TRENDLINE' — NON-STATIONARY  (p=0.4684, stat=-1.6283)
2026-03-30 15:49:54,497 | INFO | data_pipeline | [ADF] 'KAMA_14' — NON-STATIONARY  (p=0.4759, stat=-1.6139)
2026-03-30 15:49:58,093 | INFO | data_pipeline | [ADF] 'MA_14' — NON-STATIONARY  (p=0.4712, stat=-1.6230)
2026-03-30 15:50:01,646 | INFO | data_pipeline | [ADF] 'MIDPOINT_14' — NON-STATIONARY  (p=0.4719, stat=-1.6216)
2026-03-30 15:50:05,191 | INFO | data_pipeline | [ADF] 'MIDPRICE_14' — NON-STATIONARY  (p=0.4681, stat=-1.6288)
2026-03-30 15:50:09,201 | INFO | data_pipeline | [ADF] 'SAR' — NON-STATIONARY  (p=0.4678, stat=-1.6295)
2026-03-30 15:50:16,663 | INFO | data_pipeline | [ADF] 'SMA_14' — NON-STATIONARY  (p=0.4712, stat=-1.6230)
2026-03-30 15:50:20,136 | INFO | data_pipeline | [ADF] 'T3_14' — NON-STATIONARY  (p=0.4653, stat=-1.6341)
2026-03-30 15:50:23,665 | INFO | data_pipeline | [ADF] 'TEMA_14' — NON-STATIONARY  (p=0.4730, stat=-1.6196)
2026-03-30 15:50:27,206 | INFO | data_pipeline | [ADF] 'TRIMA_14' — NON-STATIONARY  (p=0.4720, stat=-1.6213)
2026-03-30 15:50:30,645 | INFO | data_pipeline | [ADF] 'WMA_14' — NON-STATIONARY  (p=0.4729, stat=-1.6197)
2026-03-30 15:52:02,072 | INFO | data_pipeline | [ADF] 'AVGPRICE' — NON-STATIONARY  (p=0.4742, stat=-1.6172)
2026-03-30 15:52:05,509 | INFO | data_pipeline | [ADF] 'MEDPRICE' — NON-STATIONARY  (p=0.4741, stat=-1.6174)
2026-03-30 15:52:08,953 | INFO | data_pipeline | [ADF] 'TYPPRICE' — NON-STATIONARY  (p=0.4730, stat=-1.6194)
2026-03-30 15:52:12,373 | INFO | data_pipeline | [ADF] 'WCLPRICE' — NON-STATIONARY  (p=0.4731, stat=-1.6193)
2026-03-30 15:52:40,098 | INFO | data_pipeline | [ADF] 'LINEARREG_14' — NON-STATIONARY  (p=0.4718, stat=-1.6218)
2026-03-30 15:52:47,020 | INFO | data_pipeline | [ADF] 'LINEARREG_INTERCEPT_14' — NON-STATIONARY  (p=0.4727, stat=-1.6200)
2026-03-30 15:52:58,101 | INFO | data_pipeline | [ADF] 'TSF_14' — NON-STATIONARY  (p=0.4722, stat=-1.6210)
2026-03-30 15:53:01,658 | INFO | data_pipeline | [ADF] Tested 65 column(s): 38 stationary, 27 non-stationary.
2026-03-30 15:53:01,682 | INFO | data_pipeline | [make_stationary] Differencing 27 non-stationary column(s)…
2026-03-30 15:53:05,139 | INFO | data_pipeline | [make_stationary] 'open' became stationary after 1 diff(s)  (p=0.0000).
2026-03-30 15:53:08,560 | INFO | data_pipeline | [make_stationary] 'high' became stationary after 1 diff(s)  (p=0.0000).
2026-03-30 15:53:12,059 | INFO | data_pipeline | [make_stationary] 'low' became stationary after 1 diff(s)  (p=0.0000).
2026-03-30 15:53:15,552 | INFO | data_pipeline | [make_stationary] 'close' became stationary after 1 diff(s)  (p=0.0000).
2026-03-30 15:53:19,080 | INFO | data_pipeline | [make_stationary] 'BB_UPPER' became stationary after 1 diff(s)  (p=0.0000).
2026-03-30 15:53:22,928 | INFO | data_pipeline | [make_stationary] 'BB_MIDDLE' became stationary after 1 diff(s)  (p=0.0000).
2026-03-30 15:53:26,452 | INFO | data_pipeline | [make_stationary] 'BB_LOWER' became stationary after 1 diff(s)  (p=0.0000).
2026-03-30 15:53:29,937 | INFO | data_pipeline | [make_stationary] 'DEMA_14' became stationary after 1 diff(s)  (p=0.0000).
2026-03-30 15:53:33,365 | INFO | data_pipeline | [make_stationary] 'EMA_14' became stationary after 1 diff(s)  (p=0.0000).
2026-03-30 15:53:36,980 | INFO | data_pipeline | [make_stationary] 'HT_TRENDLINE' became stationary after 1 diff(s)  (p=0.0000).
2026-03-30 15:53:40,605 | INFO | data_pipeline | [make_stationary] 'KAMA_14' became stationary after 1 diff(s)  (p=0.0000).
2026-03-30 15:53:44,181 | INFO | data_pipeline | [make_stationary] 'MA_14' became stationary after 1 diff(s)  (p=0.0000).
2026-03-30 15:53:47,969 | INFO | data_pipeline | [make_stationary] 'MIDPOINT_14' became stationary after 1 diff(s)  (p=0.0000).
2026-03-30 15:53:51,744 | INFO | data_pipeline | [make_stationary] 'MIDPRICE_14' became stationary after 1 diff(s)  (p=0.0000).
2026-03-30 15:53:55,226 | INFO | data_pipeline | [make_stationary] 'SAR' became stationary after 1 diff(s)  (p=0.0000).
2026-03-30 15:53:58,511 | INFO | data_pipeline | [make_stationary] 'SMA_14' became stationary after 1 diff(s)  (p=0.0000).
2026-03-30 15:54:01,860 | INFO | data_pipeline | [make_stationary] 'T3_14' became stationary after 1 diff(s)  (p=0.0000).
2026-03-30 15:54:05,085 | INFO | data_pipeline | [make_stationary] 'TEMA_14' became stationary after 1 diff(s)  (p=0.0000).
2026-03-30 15:54:08,548 | INFO | data_pipeline | [make_stationary] 'TRIMA_14' became stationary after 1 diff(s)  (p=0.0000).
2026-03-30 15:54:11,913 | INFO | data_pipeline | [make_stationary] 'WMA_14' became stationary after 1 diff(s)  (p=0.0000).
2026-03-30 15:54:15,308 | INFO | data_pipeline | [make_stationary] 'AVGPRICE' became stationary after 1 diff(s)  (p=0.0000).
2026-03-30 15:54:18,718 | INFO | data_pipeline | [make_stationary] 'MEDPRICE' became stationary after 1 diff(s)  (p=0.0000).
2026-03-30 15:54:22,090 | INFO | data_pipeline | [make_stationary] 'TYPPRICE' became stationary after 1 diff(s)  (p=0.0000).
2026-03-30 15:54:25,419 | INFO | data_pipeline | [make_stationary] 'WCLPRICE' became stationary after 1 diff(s)  (p=0.0000).
2026-03-30 15:54:28,874 | INFO | data_pipeline | [make_stationary] 'LINEARREG_14' became stationary after 1 diff(s)  (p=0.0000).
2026-03-30 15:54:32,314 | INFO | data_pipeline | [make_stationary] 'LINEARREG_INTERCEPT_14' became stationary after 1 diff(s)  (p=0.0000).
2026-03-30 15:54:35,772 | INFO | data_pipeline | [make_stationary] 'TSF_14' became stationary after 1 diff(s)  (p=0.0000).
2026-03-30 15:54:35,821 | INFO | data_pipeline | [make_stationary] Shape after differencing & dropna: (28329, 89)
2026-03-30 15:54:35,822 | INFO | data_pipeline | Differencing summary: open=1d, high=1d, low=1d, close=1d, BB_UPPER=1d, BB_MIDDLE=1d, BB_LOWER=1d, DEMA_14=1d, EMA_14=1d, HT_TRENDLINE=1d, KAMA_14=1d, MA_14=1d, MIDPOINT_14=1d, MIDPRICE_14=1d, SAR=1d, SMA_14=1d, T3_14=1d, TEMA_14=1d, TRIMA_14=1d, WMA_14=1d, AVGPRICE=1d, MEDPRICE=1d, TYPPRICE=1d, WCLPRICE=1d, LINEARREG_14=1d, LINEARREG_INTERCEPT_14=1d, TSF_14=1d
2026-03-30 15:54:35,838 | INFO | data_pipeline | train_ratio=0.8 → split at row 22663/28329 → split_date='2025-08-05 23:00:00' (80% train / 20% test)
2026-03-30 15:54:35,870 | INFO | data_pipeline | Classification target created — shape: (28329, 87), class counts:
{-1: 21268, 1: 7040, 0: 21}
2026-03-30 16:40:19,416 | INFO | data_pipeline | Classification target created — shape: (28329, 87), class counts:
{-1: 21268, 1: 7040, 0: 21}
2026-03-30 16:58:50,419 | INFO | data_pipeline | Fetching data: schema=data_binance, table=btc_1m, start=2023-01-01, end=2026-03-30
2026-03-30 16:59:06,284 | INFO | data_pipeline | Fetched 1,704,961 rows for btc.
2026-03-30 16:59:06,284 | INFO | data_pipeline | Resampling to 1h…
2026-03-30 16:59:07,160 | INFO | data_pipeline | Resampled shape: (28417, 6)
2026-03-30 16:59:07,160 | INFO | data_pipeline | Generating 71 indicator(s)…
2026-03-30 16:59:07,428 | INFO | data_pipeline | Feature shape after generation: (28417, 89)
2026-03-30 16:59:07,431 | INFO | data_pipeline | Running ADF stationarity tests…
2026-03-30 16:59:10,520 | INFO | data_pipeline | [ADF] 'open' — NON-STATIONARY  (p=0.4742, stat=-1.6171)
2026-03-30 16:59:13,601 | INFO | data_pipeline | [ADF] 'high' — NON-STATIONARY  (p=0.4740, stat=-1.6175)
2026-03-30 16:59:16,883 | INFO | data_pipeline | [ADF] 'low' — NON-STATIONARY  (p=0.4741, stat=-1.6173)
2026-03-30 16:59:20,171 | INFO | data_pipeline | [ADF] 'close' — NON-STATIONARY  (p=0.4744, stat=-1.6168)
2026-03-30 16:59:26,977 | INFO | data_pipeline | [ADF] 'BB_UPPER' — NON-STATIONARY  (p=0.4697, stat=-1.6258)
2026-03-30 16:59:30,339 | INFO | data_pipeline | [ADF] 'BB_MIDDLE' — NON-STATIONARY  (p=0.4672, stat=-1.6305)
2026-03-30 16:59:33,694 | INFO | data_pipeline | [ADF] 'BB_LOWER' — NON-STATIONARY  (p=0.4715, stat=-1.6224)
2026-03-30 16:59:37,081 | INFO | data_pipeline | [ADF] 'DEMA_14' — NON-STATIONARY  (p=0.4715, stat=-1.6223)
2026-03-30 16:59:40,323 | INFO | data_pipeline | [ADF] 'EMA_14' — NON-STATIONARY  (p=0.4729, stat=-1.6197)
2026-03-30 16:59:43,688 | INFO | data_pipeline | [ADF] 'HT_TRENDLINE' — NON-STATIONARY  (p=0.4684, stat=-1.6283)
2026-03-30 16:59:47,023 | INFO | data_pipeline | [ADF] 'KAMA_14' — NON-STATIONARY  (p=0.4759, stat=-1.6139)
2026-03-30 16:59:50,436 | INFO | data_pipeline | [ADF] 'MA_14' — NON-STATIONARY  (p=0.4712, stat=-1.6230)
2026-03-30 16:59:53,832 | INFO | data_pipeline | [ADF] 'MIDPOINT_14' — NON-STATIONARY  (p=0.4719, stat=-1.6216)
2026-03-30 16:59:57,218 | INFO | data_pipeline | [ADF] 'MIDPRICE_14' — NON-STATIONARY  (p=0.4681, stat=-1.6288)
2026-03-30 17:00:00,574 | INFO | data_pipeline | [ADF] 'SAR' — NON-STATIONARY  (p=0.4678, stat=-1.6295)
2026-03-30 17:00:06,941 | INFO | data_pipeline | [ADF] 'SMA_14' — NON-STATIONARY  (p=0.4712, stat=-1.6230)
2026-03-30 17:00:09,870 | INFO | data_pipeline | [ADF] 'T3_14' — NON-STATIONARY  (p=0.4653, stat=-1.6341)
2026-03-30 17:00:12,990 | INFO | data_pipeline | [ADF] 'TEMA_14' — NON-STATIONARY  (p=0.4730, stat=-1.6196)
2026-03-30 17:00:16,152 | INFO | data_pipeline | [ADF] 'TRIMA_14' — NON-STATIONARY  (p=0.4720, stat=-1.6213)
2026-03-30 17:00:19,136 | INFO | data_pipeline | [ADF] 'WMA_14' — NON-STATIONARY  (p=0.4729, stat=-1.6197)
2026-03-30 17:04:10,718 | INFO | data_pipeline | [ADF] 'AVGPRICE' — NON-STATIONARY  (p=0.4742, stat=-1.6172)
2026-03-30 17:18:14,907 | INFO | data_pipeline | [ADF] 'MEDPRICE' — NON-STATIONARY  (p=0.4741, stat=-1.6174)
2026-03-30 17:18:19,737 | INFO | data_pipeline | [ADF] 'TYPPRICE' — NON-STATIONARY  (p=0.4730, stat=-1.6194)
2026-03-30 17:18:25,541 | INFO | data_pipeline | [ADF] 'WCLPRICE' — NON-STATIONARY  (p=0.4731, stat=-1.6193)
2026-03-30 17:18:54,343 | INFO | data_pipeline | Fetching data: schema=data_binance, table=btc_1m, start=2023-01-01, end=2026-03-30
2026-03-30 17:19:03,043 | INFO | data_pipeline | Fetched 1,704,961 rows for btc.
2026-03-30 17:19:03,043 | INFO | data_pipeline | Resampling to 1h…
2026-03-30 17:19:03,641 | INFO | data_pipeline | Resampled shape: (28417, 6)
2026-03-30 17:19:03,641 | INFO | data_pipeline | Generating 71 indicator(s)…
2026-03-30 17:19:03,742 | INFO | data_pipeline | Feature shape after generation: (28417, 89)
2026-03-30 17:19:03,745 | INFO | data_pipeline | Running ADF stationarity tests…
2026-03-30 17:19:06,786 | INFO | data_pipeline | [ADF] 'open' — NON-STATIONARY  (p=0.4742, stat=-1.6171)
2026-03-30 17:19:09,705 | INFO | data_pipeline | [ADF] 'high' — NON-STATIONARY  (p=0.4740, stat=-1.6175)
2026-03-30 17:19:12,570 | INFO | data_pipeline | [ADF] 'low' — NON-STATIONARY  (p=0.4741, stat=-1.6173)
2026-03-30 17:19:15,556 | INFO | data_pipeline | [ADF] 'close' — NON-STATIONARY  (p=0.4744, stat=-1.6168)
2026-03-30 17:19:22,067 | INFO | data_pipeline | [ADF] 'BB_UPPER' — NON-STATIONARY  (p=0.4697, stat=-1.6258)
2026-03-30 17:19:25,315 | INFO | data_pipeline | [ADF] 'BB_MIDDLE' — NON-STATIONARY  (p=0.4672, stat=-1.6305)
2026-03-30 17:19:28,534 | INFO | data_pipeline | [ADF] 'BB_LOWER' — NON-STATIONARY  (p=0.4715, stat=-1.6224)
2026-03-30 17:19:31,683 | INFO | data_pipeline | [ADF] 'DEMA_14' — NON-STATIONARY  (p=0.4715, stat=-1.6223)
2026-03-30 17:19:35,189 | INFO | data_pipeline | [ADF] 'EMA_14' — NON-STATIONARY  (p=0.4729, stat=-1.6197)
2026-03-30 17:19:38,365 | INFO | data_pipeline | [ADF] 'HT_TRENDLINE' — NON-STATIONARY  (p=0.4684, stat=-1.6283)
2026-03-30 17:19:41,670 | INFO | data_pipeline | [ADF] 'KAMA_14' — NON-STATIONARY  (p=0.4759, stat=-1.6139)
2026-03-30 17:19:45,036 | INFO | data_pipeline | [ADF] 'MA_14' — NON-STATIONARY  (p=0.4712, stat=-1.6230)
2026-03-30 17:19:48,310 | INFO | data_pipeline | [ADF] 'MIDPOINT_14' — NON-STATIONARY  (p=0.4719, stat=-1.6216)
2026-03-30 17:19:51,564 | INFO | data_pipeline | [ADF] 'MIDPRICE_14' — NON-STATIONARY  (p=0.4681, stat=-1.6288)
2026-03-30 17:19:54,880 | INFO | data_pipeline | [ADF] 'SAR' — NON-STATIONARY  (p=0.4678, stat=-1.6295)
2026-03-30 17:20:01,561 | INFO | data_pipeline | [ADF] 'SMA_14' — NON-STATIONARY  (p=0.4712, stat=-1.6230)
2026-03-30 17:20:04,855 | INFO | data_pipeline | [ADF] 'T3_14' — NON-STATIONARY  (p=0.4653, stat=-1.6341)
2026-03-30 17:20:08,074 | INFO | data_pipeline | [ADF] 'TEMA_14' — NON-STATIONARY  (p=0.4730, stat=-1.6196)
2026-03-30 17:20:11,467 | INFO | data_pipeline | [ADF] 'TRIMA_14' — NON-STATIONARY  (p=0.4720, stat=-1.6213)
2026-03-30 17:20:14,798 | INFO | data_pipeline | [ADF] 'WMA_14' — NON-STATIONARY  (p=0.4729, stat=-1.6197)
2026-03-30 17:21:44,787 | INFO | data_pipeline | [ADF] 'AVGPRICE' — NON-STATIONARY  (p=0.4742, stat=-1.6172)
2026-03-30 17:21:49,790 | INFO | data_pipeline | [ADF] 'MEDPRICE' — NON-STATIONARY  (p=0.4741, stat=-1.6174)
2026-03-30 17:22:13,292 | INFO | data_pipeline | [ADF] 'TYPPRICE' — NON-STATIONARY  (p=0.4730, stat=-1.6194)
2026-03-30 17:22:53,420 | INFO | data_pipeline | [ADF] 'WCLPRICE' — NON-STATIONARY  (p=0.4731, stat=-1.6193)
2026-03-30 17:23:27,195 | INFO | data_pipeline | [ADF] 'LINEARREG_14' — NON-STATIONARY  (p=0.4718, stat=-1.6218)
2026-03-30 17:23:34,002 | INFO | data_pipeline | [ADF] 'LINEARREG_INTERCEPT_14' — NON-STATIONARY  (p=0.4727, stat=-1.6200)
2026-03-30 17:23:44,309 | INFO | data_pipeline | [ADF] 'TSF_14' — NON-STATIONARY  (p=0.4722, stat=-1.6210)
2026-03-30 17:23:47,820 | INFO | data_pipeline | [ADF] Tested 65 column(s): 38 stationary, 27 non-stationary.
2026-03-30 17:23:47,839 | INFO | data_pipeline | [make_stationary] Differencing 27 non-stationary column(s)…
2026-03-30 17:23:51,197 | INFO | data_pipeline | [make_stationary] 'open' became stationary after 1 diff(s)  (p=0.0000).
2026-03-30 17:23:54,704 | INFO | data_pipeline | [make_stationary] 'high' became stationary after 1 diff(s)  (p=0.0000).
2026-03-30 17:23:58,034 | INFO | data_pipeline | [make_stationary] 'low' became stationary after 1 diff(s)  (p=0.0000).
2026-03-30 17:24:01,307 | INFO | data_pipeline | [make_stationary] 'close' became stationary after 1 diff(s)  (p=0.0000).
2026-03-30 17:24:04,754 | INFO | data_pipeline | [make_stationary] 'BB_UPPER' became stationary after 1 diff(s)  (p=0.0000).
2026-03-30 17:24:08,375 | INFO | data_pipeline | [make_stationary] 'BB_MIDDLE' became stationary after 1 diff(s)  (p=0.0000).
2026-03-30 17:24:11,897 | INFO | data_pipeline | [make_stationary] 'BB_LOWER' became stationary after 1 diff(s)  (p=0.0000).
2026-03-30 17:24:15,224 | INFO | data_pipeline | [make_stationary] 'DEMA_14' became stationary after 1 diff(s)  (p=0.0000).
2026-03-30 17:24:18,743 | INFO | data_pipeline | [make_stationary] 'EMA_14' became stationary after 1 diff(s)  (p=0.0000).
2026-03-30 17:24:22,187 | INFO | data_pipeline | [make_stationary] 'HT_TRENDLINE' became stationary after 1 diff(s)  (p=0.0000).
2026-03-30 17:24:25,533 | INFO | data_pipeline | [make_stationary] 'KAMA_14' became stationary after 1 diff(s)  (p=0.0000).
2026-03-30 17:24:29,082 | INFO | data_pipeline | [make_stationary] 'MA_14' became stationary after 1 diff(s)  (p=0.0000).
2026-03-30 17:24:32,556 | INFO | data_pipeline | [make_stationary] 'MIDPOINT_14' became stationary after 1 diff(s)  (p=0.0000).
2026-03-30 17:24:35,976 | INFO | data_pipeline | [make_stationary] 'MIDPRICE_14' became stationary after 1 diff(s)  (p=0.0000).
2026-03-30 17:24:39,427 | INFO | data_pipeline | [make_stationary] 'SAR' became stationary after 1 diff(s)  (p=0.0000).
2026-03-30 17:24:42,942 | INFO | data_pipeline | [make_stationary] 'SMA_14' became stationary after 1 diff(s)  (p=0.0000).
2026-03-30 17:24:46,230 | INFO | data_pipeline | [make_stationary] 'T3_14' became stationary after 1 diff(s)  (p=0.0000).
2026-03-30 17:24:49,596 | INFO | data_pipeline | [make_stationary] 'TEMA_14' became stationary after 1 diff(s)  (p=0.0000).
2026-03-30 17:24:52,966 | INFO | data_pipeline | [make_stationary] 'TRIMA_14' became stationary after 1 diff(s)  (p=0.0000).
2026-03-30 17:24:56,022 | INFO | data_pipeline | [make_stationary] 'WMA_14' became stationary after 1 diff(s)  (p=0.0000).
2026-03-30 17:24:59,008 | INFO | data_pipeline | [make_stationary] 'AVGPRICE' became stationary after 1 diff(s)  (p=0.0000).
2026-03-30 17:25:02,079 | INFO | data_pipeline | [make_stationary] 'MEDPRICE' became stationary after 1 diff(s)  (p=0.0000).
2026-03-30 17:25:05,306 | INFO | data_pipeline | [make_stationary] 'TYPPRICE' became stationary after 1 diff(s)  (p=0.0000).
2026-03-30 17:25:08,654 | INFO | data_pipeline | [make_stationary] 'WCLPRICE' became stationary after 1 diff(s)  (p=0.0000).
2026-03-30 17:25:12,040 | INFO | data_pipeline | [make_stationary] 'LINEARREG_14' became stationary after 1 diff(s)  (p=0.0000).
2026-03-30 17:25:15,490 | INFO | data_pipeline | [make_stationary] 'LINEARREG_INTERCEPT_14' became stationary after 1 diff(s)  (p=0.0000).
2026-03-30 17:25:19,018 | INFO | data_pipeline | [make_stationary] 'TSF_14' became stationary after 1 diff(s)  (p=0.0000).
2026-03-30 17:25:19,065 | INFO | data_pipeline | [make_stationary] Shape after differencing & dropna: (28329, 89)
2026-03-30 17:25:19,065 | INFO | data_pipeline | Differencing summary: open=1d, high=1d, low=1d, close=1d, BB_UPPER=1d, BB_MIDDLE=1d, BB_LOWER=1d, DEMA_14=1d, EMA_14=1d, HT_TRENDLINE=1d, KAMA_14=1d, MA_14=1d, MIDPOINT_14=1d, MIDPRICE_14=1d, SAR=1d, SMA_14=1d, T3_14=1d, TEMA_14=1d, TRIMA_14=1d, WMA_14=1d, AVGPRICE=1d, MEDPRICE=1d, TYPPRICE=1d, WCLPRICE=1d, LINEARREG_14=1d, LINEARREG_INTERCEPT_14=1d, TSF_14=1d
2026-03-30 17:25:19,087 | INFO | data_pipeline | train_ratio=0.8 → split at row 22663/28329 → split_date='2025-08-05 23:00:00' (80% train / 20% test)
2026-03-30 17:25:19,123 | INFO | data_pipeline | Classification target created — shape: (28329, 87), class counts:
{-1: 21268, 1: 7040, 0: 21}
2026-03-30 17:25:19,149 | INFO | data_pipeline | Classification target created — shape: (28329, 87), class counts:
{-1: 21268, 1: 7040, 0: 21}
2026-03-30 17:25:19,172 | INFO | data_pipeline | Classification target created — shape: (28329, 87), class counts:
{-1: 21268, 1: 7040, 0: 21}
2026-03-30 17:33:04,742 | INFO | data_pipeline | Classification target created — shape: (28329, 87), class counts:
{-1: 21268, 1: 7040, 0: 21}
2026-03-30 17:36:01,058 | INFO | data_pipeline | Classification target created — shape: (28329, 87), class counts:
{-1: 21268, 1: 7040, 0: 21}
2026-03-30 17:40:20,632 | INFO | data_pipeline | Classification target created — shape: (28329, 87), class counts:
{-1: 21268, 1: 7040, 0: 21}
2026-03-30 17:52:10,532 | INFO | data_pipeline | Fetching data: schema=data_binance, table=btc_1m, start=2023-01-01, end=2026-03-30
2026-03-30 17:52:22,396 | INFO | data_pipeline | Fetched 1,704,961 rows for btc.
2026-03-30 17:52:22,396 | INFO | data_pipeline | Resampling to 1h…
2026-03-30 17:52:23,606 | INFO | data_pipeline | Resampled shape: (28417, 6)
2026-03-30 17:52:23,606 | INFO | data_pipeline | Generating 71 indicator(s)…
2026-03-30 17:52:23,714 | INFO | data_pipeline | Feature shape after generation: (28417, 89)
2026-03-30 17:52:23,715 | INFO | data_pipeline | Running ADF stationarity tests…
2026-03-30 17:52:26,727 | INFO | data_pipeline | [ADF] 'open' — NON-STATIONARY  (p=0.4742, stat=-1.6171)
2026-03-30 17:52:29,649 | INFO | data_pipeline | [ADF] 'high' — NON-STATIONARY  (p=0.4740, stat=-1.6175)
2026-03-30 17:52:32,770 | INFO | data_pipeline | [ADF] 'low' — NON-STATIONARY  (p=0.4741, stat=-1.6173)
2026-03-30 17:52:35,358 | INFO | data_pipeline | [ADF] 'close' — NON-STATIONARY  (p=0.4744, stat=-1.6168)
2026-03-30 17:52:40,920 | INFO | data_pipeline | [ADF] 'BB_UPPER' — NON-STATIONARY  (p=0.4697, stat=-1.6258)
2026-03-30 17:52:43,667 | INFO | data_pipeline | [ADF] 'BB_MIDDLE' — NON-STATIONARY  (p=0.4672, stat=-1.6305)
2026-03-30 17:52:46,346 | INFO | data_pipeline | [ADF] 'BB_LOWER' — NON-STATIONARY  (p=0.4715, stat=-1.6224)
2026-03-30 17:52:49,045 | INFO | data_pipeline | [ADF] 'DEMA_14' — NON-STATIONARY  (p=0.4715, stat=-1.6223)
2026-03-30 17:52:51,706 | INFO | data_pipeline | [ADF] 'EMA_14' — NON-STATIONARY  (p=0.4729, stat=-1.6197)
2026-03-30 17:52:54,448 | INFO | data_pipeline | [ADF] 'HT_TRENDLINE' — NON-STATIONARY  (p=0.4684, stat=-1.6283)
2026-03-30 17:52:57,120 | INFO | data_pipeline | [ADF] 'KAMA_14' — NON-STATIONARY  (p=0.4759, stat=-1.6139)
2026-03-30 17:52:59,872 | INFO | data_pipeline | [ADF] 'MA_14' — NON-STATIONARY  (p=0.4712, stat=-1.6230)
2026-03-30 17:53:02,597 | INFO | data_pipeline | [ADF] 'MIDPOINT_14' — NON-STATIONARY  (p=0.4719, stat=-1.6216)
2026-03-30 17:53:05,733 | INFO | data_pipeline | [ADF] 'MIDPRICE_14' — NON-STATIONARY  (p=0.4681, stat=-1.6288)
2026-03-30 17:53:08,850 | INFO | data_pipeline | [ADF] 'SAR' — NON-STATIONARY  (p=0.4678, stat=-1.6295)
2026-03-30 17:53:14,936 | INFO | data_pipeline | [ADF] 'SMA_14' — NON-STATIONARY  (p=0.4712, stat=-1.6230)
2026-03-30 17:53:17,903 | INFO | data_pipeline | [ADF] 'T3_14' — NON-STATIONARY  (p=0.4653, stat=-1.6341)
2026-03-30 17:53:20,845 | INFO | data_pipeline | [ADF] 'TEMA_14' — NON-STATIONARY  (p=0.4730, stat=-1.6196)
2026-03-30 17:53:23,892 | INFO | data_pipeline | [ADF] 'TRIMA_14' — NON-STATIONARY  (p=0.4720, stat=-1.6213)
2026-03-30 17:53:26,825 | INFO | data_pipeline | [ADF] 'WMA_14' — NON-STATIONARY  (p=0.4729, stat=-1.6197)
2026-03-30 17:54:49,948 | INFO | data_pipeline | [ADF] 'AVGPRICE' — NON-STATIONARY  (p=0.4742, stat=-1.6172)
2026-03-30 17:54:53,714 | INFO | data_pipeline | [ADF] 'MEDPRICE' — NON-STATIONARY  (p=0.4741, stat=-1.6174)
2026-03-30 17:54:56,952 | INFO | data_pipeline | [ADF] 'TYPPRICE' — NON-STATIONARY  (p=0.4730, stat=-1.6194)
2026-03-30 17:55:00,140 | INFO | data_pipeline | [ADF] 'WCLPRICE' — NON-STATIONARY  (p=0.4731, stat=-1.6193)
2026-03-30 17:55:29,082 | INFO | data_pipeline | [ADF] 'LINEARREG_14' — NON-STATIONARY  (p=0.4718, stat=-1.6218)
2026-03-30 17:55:36,465 | INFO | data_pipeline | [ADF] 'LINEARREG_INTERCEPT_14' — NON-STATIONARY  (p=0.4727, stat=-1.6200)
2026-03-30 17:55:46,732 | INFO | data_pipeline | [ADF] 'TSF_14' — NON-STATIONARY  (p=0.4722, stat=-1.6210)
2026-03-30 17:55:50,403 | INFO | data_pipeline | [ADF] Tested 65 column(s): 38 stationary, 27 non-stationary.
2026-03-30 17:55:50,434 | INFO | data_pipeline | [make_stationary] Differencing 27 non-stationary column(s)…
2026-03-30 17:55:54,244 | INFO | data_pipeline | [make_stationary] 'open' became stationary after 1 diff(s)  (p=0.0000).
2026-03-30 17:55:58,340 | INFO | data_pipeline | [make_stationary] 'high' became stationary after 1 diff(s)  (p=0.0000).
2026-03-30 17:56:03,143 | INFO | data_pipeline | [make_stationary] 'low' became stationary after 1 diff(s)  (p=0.0000).
2026-03-30 17:56:06,762 | INFO | data_pipeline | [make_stationary] 'close' became stationary after 1 diff(s)  (p=0.0000).
2026-03-30 17:56:10,358 | INFO | data_pipeline | [make_stationary] 'BB_UPPER' became stationary after 1 diff(s)  (p=0.0000).
2026-03-30 17:56:14,511 | INFO | data_pipeline | [make_stationary] 'BB_MIDDLE' became stationary after 1 diff(s)  (p=0.0000).
2026-03-30 17:56:18,113 | INFO | data_pipeline | [make_stationary] 'BB_LOWER' became stationary after 1 diff(s)  (p=0.0000).
2026-03-30 17:56:21,502 | INFO | data_pipeline | [make_stationary] 'DEMA_14' became stationary after 1 diff(s)  (p=0.0000).
2026-03-30 17:56:24,815 | INFO | data_pipeline | [make_stationary] 'EMA_14' became stationary after 1 diff(s)  (p=0.0000).
2026-03-30 17:56:28,383 | INFO | data_pipeline | [make_stationary] 'HT_TRENDLINE' became stationary after 1 diff(s)  (p=0.0000).
2026-03-30 17:56:31,712 | INFO | data_pipeline | [make_stationary] 'KAMA_14' became stationary after 1 diff(s)  (p=0.0000).
2026-03-30 17:56:35,137 | INFO | data_pipeline | [make_stationary] 'MA_14' became stationary after 1 diff(s)  (p=0.0000).
2026-03-30 17:56:38,525 | INFO | data_pipeline | [make_stationary] 'MIDPOINT_14' became stationary after 1 diff(s)  (p=0.0000).
2026-03-30 17:56:41,876 | INFO | data_pipeline | [make_stationary] 'MIDPRICE_14' became stationary after 1 diff(s)  (p=0.0000).
2026-03-30 17:56:45,212 | INFO | data_pipeline | [make_stationary] 'SAR' became stationary after 1 diff(s)  (p=0.0000).
2026-03-30 17:56:48,647 | INFO | data_pipeline | [make_stationary] 'SMA_14' became stationary after 1 diff(s)  (p=0.0000).
2026-03-30 17:56:51,976 | INFO | data_pipeline | [make_stationary] 'T3_14' became stationary after 1 diff(s)  (p=0.0000).
2026-03-30 17:56:55,305 | INFO | data_pipeline | [make_stationary] 'TEMA_14' became stationary after 1 diff(s)  (p=0.0000).
2026-03-30 17:56:58,977 | INFO | data_pipeline | [make_stationary] 'TRIMA_14' became stationary after 1 diff(s)  (p=0.0000).
2026-03-30 17:57:02,962 | INFO | data_pipeline | [make_stationary] 'WMA_14' became stationary after 1 diff(s)  (p=0.0000).
2026-03-30 17:57:06,356 | INFO | data_pipeline | [make_stationary] 'AVGPRICE' became stationary after 1 diff(s)  (p=0.0000).
2026-03-30 17:57:09,764 | INFO | data_pipeline | [make_stationary] 'MEDPRICE' became stationary after 1 diff(s)  (p=0.0000).
2026-03-30 17:57:13,107 | INFO | data_pipeline | [make_stationary] 'TYPPRICE' became stationary after 1 diff(s)  (p=0.0000).
2026-03-30 17:57:16,477 | INFO | data_pipeline | [make_stationary] 'WCLPRICE' became stationary after 1 diff(s)  (p=0.0000).
2026-03-30 17:57:19,896 | INFO | data_pipeline | [make_stationary] 'LINEARREG_14' became stationary after 1 diff(s)  (p=0.0000).
2026-03-30 17:57:23,371 | INFO | data_pipeline | [make_stationary] 'LINEARREG_INTERCEPT_14' became stationary after 1 diff(s)  (p=0.0000).
2026-03-30 17:57:26,809 | INFO | data_pipeline | [make_stationary] 'TSF_14' became stationary after 1 diff(s)  (p=0.0000).
2026-03-30 17:57:26,860 | INFO | data_pipeline | [make_stationary] Shape after differencing & dropna: (28329, 89)
2026-03-30 17:57:26,861 | INFO | data_pipeline | Differencing summary: open=1d, high=1d, low=1d, close=1d, BB_UPPER=1d, BB_MIDDLE=1d, BB_LOWER=1d, DEMA_14=1d, EMA_14=1d, HT_TRENDLINE=1d, KAMA_14=1d, MA_14=1d, MIDPOINT_14=1d, MIDPRICE_14=1d, SAR=1d, SMA_14=1d, T3_14=1d, TEMA_14=1d, TRIMA_14=1d, WMA_14=1d, AVGPRICE=1d, MEDPRICE=1d, TYPPRICE=1d, WCLPRICE=1d, LINEARREG_14=1d, LINEARREG_INTERCEPT_14=1d, TSF_14=1d
2026-03-30 17:57:26,876 | INFO | data_pipeline | train_ratio=0.8 → split at row 22663/28329 → split_date='2025-08-05 23:00:00' (80% train / 20% test)
2026-03-30 17:57:26,914 | INFO | data_pipeline | Classification target created — shape: (28329, 87), class counts:
{-1: 21268, 1: 7040, 0: 21}
2026-03-31 10:02:14,353 | INFO | data_pipeline | Fetching data: schema=data_binance, table=btc_1m, start=2023-01-01, end=2026-03-30
2026-03-31 10:02:32,394 | INFO | data_pipeline | Fetched 1,704,961 rows for btc.
2026-03-31 10:02:32,395 | INFO | data_pipeline | Resampling to 1h…
2026-03-31 10:02:33,333 | INFO | data_pipeline | Resampled shape: (28417, 6)
2026-03-31 10:02:33,333 | INFO | data_pipeline | Generating 71 indicator(s)…
2026-03-31 10:02:33,499 | INFO | data_pipeline | Feature shape after generation: (28417, 89)
2026-03-31 10:02:33,500 | INFO | data_pipeline | Running ADF stationarity tests…
2026-03-31 10:02:37,494 | INFO | data_pipeline | [ADF] 'open' — NON-STATIONARY  (p=0.4742, stat=-1.6171)
2026-03-31 10:02:41,858 | INFO | data_pipeline | [ADF] 'high' — NON-STATIONARY  (p=0.4740, stat=-1.6175)
2026-03-31 10:02:46,051 | INFO | data_pipeline | [ADF] 'low' — NON-STATIONARY  (p=0.4741, stat=-1.6173)
2026-03-31 10:02:50,850 | INFO | data_pipeline | [ADF] 'close' — NON-STATIONARY  (p=0.4744, stat=-1.6168)
2026-03-31 10:02:59,432 | INFO | data_pipeline | [ADF] 'BB_UPPER' — NON-STATIONARY  (p=0.4697, stat=-1.6258)
2026-03-31 10:03:03,458 | INFO | data_pipeline | [ADF] 'BB_MIDDLE' — NON-STATIONARY  (p=0.4672, stat=-1.6305)
2026-03-31 10:03:07,721 | INFO | data_pipeline | [ADF] 'BB_LOWER' — NON-STATIONARY  (p=0.4715, stat=-1.6224)
2026-03-31 10:03:12,092 | INFO | data_pipeline | [ADF] 'DEMA_14' — NON-STATIONARY  (p=0.4715, stat=-1.6223)
2026-03-31 10:03:16,745 | INFO | data_pipeline | [ADF] 'EMA_14' — NON-STATIONARY  (p=0.4729, stat=-1.6197)
2026-03-31 10:03:21,577 | INFO | data_pipeline | [ADF] 'HT_TRENDLINE' — NON-STATIONARY  (p=0.4684, stat=-1.6283)
2026-03-31 10:03:25,791 | INFO | data_pipeline | [ADF] 'KAMA_14' — NON-STATIONARY  (p=0.4759, stat=-1.6139)
2026-03-31 10:03:29,762 | INFO | data_pipeline | [ADF] 'MA_14' — NON-STATIONARY  (p=0.4712, stat=-1.6230)
2026-03-31 10:03:34,447 | INFO | data_pipeline | [ADF] 'MIDPOINT_14' — NON-STATIONARY  (p=0.4719, stat=-1.6216)
2026-03-31 10:03:38,548 | INFO | data_pipeline | [ADF] 'MIDPRICE_14' — NON-STATIONARY  (p=0.4681, stat=-1.6288)
2026-03-31 10:03:43,171 | INFO | data_pipeline | [ADF] 'SAR' — NON-STATIONARY  (p=0.4678, stat=-1.6295)
2026-03-31 10:03:52,444 | INFO | data_pipeline | [ADF] 'SMA_14' — NON-STATIONARY  (p=0.4712, stat=-1.6230)
2026-03-31 10:03:56,965 | INFO | data_pipeline | [ADF] 'T3_14' — NON-STATIONARY  (p=0.4653, stat=-1.6341)
2026-03-31 10:04:01,454 | INFO | data_pipeline | [ADF] 'TEMA_14' — NON-STATIONARY  (p=0.4730, stat=-1.6196)
2026-03-31 10:04:06,036 | INFO | data_pipeline | [ADF] 'TRIMA_14' — NON-STATIONARY  (p=0.4720, stat=-1.6213)
2026-03-31 10:04:09,812 | INFO | data_pipeline | [ADF] 'WMA_14' — NON-STATIONARY  (p=0.4729, stat=-1.6197)
2026-03-31 10:06:08,444 | INFO | data_pipeline | [ADF] 'AVGPRICE' — NON-STATIONARY  (p=0.4742, stat=-1.6172)
2026-03-31 10:06:13,076 | INFO | data_pipeline | [ADF] 'MEDPRICE' — NON-STATIONARY  (p=0.4741, stat=-1.6174)
2026-03-31 10:06:17,628 | INFO | data_pipeline | [ADF] 'TYPPRICE' — NON-STATIONARY  (p=0.4730, stat=-1.6194)
2026-03-31 10:06:22,215 | INFO | data_pipeline | [ADF] 'WCLPRICE' — NON-STATIONARY  (p=0.4731, stat=-1.6193)
2026-03-31 10:06:59,114 | INFO | data_pipeline | [ADF] 'LINEARREG_14' — NON-STATIONARY  (p=0.4718, stat=-1.6218)
2026-03-31 10:07:08,396 | INFO | data_pipeline | [ADF] 'LINEARREG_INTERCEPT_14' — NON-STATIONARY  (p=0.4727, stat=-1.6200)
2026-03-31 10:07:22,804 | INFO | data_pipeline | [ADF] 'TSF_14' — NON-STATIONARY  (p=0.4722, stat=-1.6210)
2026-03-31 10:07:27,263 | INFO | data_pipeline | [ADF] Tested 65 column(s): 38 stationary, 27 non-stationary.
2026-03-31 10:07:27,330 | INFO | data_pipeline | [make_stationary] Differencing 27 non-stationary column(s)…
2026-03-31 10:07:31,751 | INFO | data_pipeline | [make_stationary] 'open' became stationary after 1 diff(s)  (p=0.0000).
2026-03-31 10:07:36,242 | INFO | data_pipeline | [make_stationary] 'high' became stationary after 1 diff(s)  (p=0.0000).
2026-03-31 10:07:40,719 | INFO | data_pipeline | [make_stationary] 'low' became stationary after 1 diff(s)  (p=0.0000).
2026-03-31 10:07:44,920 | INFO | data_pipeline | [make_stationary] 'close' became stationary after 1 diff(s)  (p=0.0000).
2026-03-31 10:07:48,971 | INFO | data_pipeline | [make_stationary] 'BB_UPPER' became stationary after 1 diff(s)  (p=0.0000).
2026-03-31 10:07:52,902 | INFO | data_pipeline | [make_stationary] 'BB_MIDDLE' became stationary after 1 diff(s)  (p=0.0000).
2026-03-31 10:07:56,954 | INFO | data_pipeline | [make_stationary] 'BB_LOWER' became stationary after 1 diff(s)  (p=0.0000).
2026-03-31 10:08:00,960 | INFO | data_pipeline | [make_stationary] 'DEMA_14' became stationary after 1 diff(s)  (p=0.0000).
2026-03-31 10:08:03,728 | INFO | data_pipeline | [make_stationary] 'EMA_14' became stationary after 1 diff(s)  (p=0.0000).
2026-03-31 10:08:06,466 | INFO | data_pipeline | [make_stationary] 'HT_TRENDLINE' became stationary after 1 diff(s)  (p=0.0000).
2026-03-31 10:08:09,138 | INFO | data_pipeline | [make_stationary] 'KAMA_14' became stationary after 1 diff(s)  (p=0.0000).
2026-03-31 10:08:12,269 | INFO | data_pipeline | [make_stationary] 'MA_14' became stationary after 1 diff(s)  (p=0.0000).
2026-03-31 10:08:15,882 | INFO | data_pipeline | [make_stationary] 'MIDPOINT_14' became stationary after 1 diff(s)  (p=0.0000).
2026-03-31 10:08:19,154 | INFO | data_pipeline | [make_stationary] 'MIDPRICE_14' became stationary after 1 diff(s)  (p=0.0000).
2026-03-31 10:08:22,290 | INFO | data_pipeline | [make_stationary] 'SAR' became stationary after 1 diff(s)  (p=0.0000).
2026-03-31 10:08:25,535 | INFO | data_pipeline | [make_stationary] 'SMA_14' became stationary after 1 diff(s)  (p=0.0000).
2026-03-31 10:08:28,648 | INFO | data_pipeline | [make_stationary] 'T3_14' became stationary after 1 diff(s)  (p=0.0000).
2026-03-31 10:08:31,802 | INFO | data_pipeline | [make_stationary] 'TEMA_14' became stationary after 1 diff(s)  (p=0.0000).
2026-03-31 10:08:35,012 | INFO | data_pipeline | [make_stationary] 'TRIMA_14' became stationary after 1 diff(s)  (p=0.0000).
2026-03-31 10:08:37,919 | INFO | data_pipeline | [make_stationary] 'WMA_14' became stationary after 1 diff(s)  (p=0.0000).
2026-03-31 10:08:40,851 | INFO | data_pipeline | [make_stationary] 'AVGPRICE' became stationary after 1 diff(s)  (p=0.0000).
2026-03-31 10:08:43,812 | INFO | data_pipeline | [make_stationary] 'MEDPRICE' became stationary after 1 diff(s)  (p=0.0000).
2026-03-31 10:08:46,804 | INFO | data_pipeline | [make_stationary] 'TYPPRICE' became stationary after 1 diff(s)  (p=0.0000).
2026-03-31 10:08:49,575 | INFO | data_pipeline | [make_stationary] 'WCLPRICE' became stationary after 1 diff(s)  (p=0.0000).
2026-03-31 10:08:52,291 | INFO | data_pipeline | [make_stationary] 'LINEARREG_14' became stationary after 1 diff(s)  (p=0.0000).
2026-03-31 10:08:55,128 | INFO | data_pipeline | [make_stationary] 'LINEARREG_INTERCEPT_14' became stationary after 1 diff(s)  (p=0.0000).
2026-03-31 10:08:58,153 | INFO | data_pipeline | [make_stationary] 'TSF_14' became stationary after 1 diff(s)  (p=0.0000).
2026-03-31 10:08:58,185 | INFO | data_pipeline | [make_stationary] Shape after differencing & dropna: (28329, 89)
2026-03-31 10:08:58,199 | INFO | data_pipeline | Differencing summary: open=1d, high=1d, low=1d, close=1d, BB_UPPER=1d, BB_MIDDLE=1d, BB_LOWER=1d, DEMA_14=1d, EMA_14=1d, HT_TRENDLINE=1d, KAMA_14=1d, MA_14=1d, MIDPOINT_14=1d, MIDPRICE_14=1d, SAR=1d, SMA_14=1d, T3_14=1d, TEMA_14=1d, TRIMA_14=1d, WMA_14=1d, AVGPRICE=1d, MEDPRICE=1d, TYPPRICE=1d, WCLPRICE=1d, LINEARREG_14=1d, LINEARREG_INTERCEPT_14=1d, TSF_14=1d
2026-03-31 10:08:58,220 | INFO | data_pipeline | train_ratio=0.8 → split at row 22663/28329 → split_date='2025-08-05 23:00:00' (80% train / 20% test)
2026-03-31 10:08:58,261 | INFO | data_pipeline | Classification target created — shape: (28329, 87), class counts:
{-1: 21268, 1: 7040, 0: 21}
2026-03-31 10:47:01,534 | INFO | data_pipeline | Classification target created — shape: (28329, 87), class counts:
{-1: 21268, 1: 7040, 0: 21}
2026-03-31 10:53:09,076 | INFO | data_pipeline | Fetching data: schema=data_binance, table=btc_1m, start=2023-01-01, end=2026-03-30
2026-03-31 10:53:28,218 | INFO | data_pipeline | Fetched 1,704,961 rows for btc.
2026-03-31 10:53:28,231 | INFO | data_pipeline | Resampling to 1h…
2026-03-31 10:53:29,278 | INFO | data_pipeline | Resampled shape: (28417, 6)
2026-03-31 10:53:29,279 | INFO | data_pipeline | Generating 71 indicator(s)…
2026-03-31 10:53:29,418 | INFO | data_pipeline | Feature shape after generation: (28417, 89)
2026-03-31 10:53:29,418 | INFO | data_pipeline | Running ADF stationarity tests…
2026-03-31 10:53:34,085 | INFO | data_pipeline | [ADF] 'open' — NON-STATIONARY  (p=0.4742, stat=-1.6171)
2026-03-31 10:53:38,638 | INFO | data_pipeline | [ADF] 'high' — NON-STATIONARY  (p=0.4740, stat=-1.6175)
2026-03-31 10:53:43,382 | INFO | data_pipeline | [ADF] 'low' — NON-STATIONARY  (p=0.4741, stat=-1.6173)
2026-03-31 10:53:47,943 | INFO | data_pipeline | [ADF] 'close' — NON-STATIONARY  (p=0.4744, stat=-1.6168)
2026-03-31 10:53:57,245 | INFO | data_pipeline | [ADF] 'BB_UPPER' — NON-STATIONARY  (p=0.4697, stat=-1.6258)
2026-03-31 10:54:02,429 | INFO | data_pipeline | [ADF] 'BB_MIDDLE' — NON-STATIONARY  (p=0.4672, stat=-1.6305)
2026-03-31 10:54:07,041 | INFO | data_pipeline | [ADF] 'BB_LOWER' — NON-STATIONARY  (p=0.4715, stat=-1.6224)
2026-03-31 10:54:11,999 | INFO | data_pipeline | [ADF] 'DEMA_14' — NON-STATIONARY  (p=0.4715, stat=-1.6223)
2026-03-31 10:54:16,882 | INFO | data_pipeline | [ADF] 'EMA_14' — NON-STATIONARY  (p=0.4729, stat=-1.6197)
2026-03-31 10:54:21,452 | INFO | data_pipeline | [ADF] 'HT_TRENDLINE' — NON-STATIONARY  (p=0.4684, stat=-1.6283)
2026-03-31 10:54:26,287 | INFO | data_pipeline | [ADF] 'KAMA_14' — NON-STATIONARY  (p=0.4759, stat=-1.6139)
2026-03-31 10:54:31,287 | INFO | data_pipeline | [ADF] 'MA_14' — NON-STATIONARY  (p=0.4712, stat=-1.6230)
2026-03-31 10:54:35,823 | INFO | data_pipeline | [ADF] 'MIDPOINT_14' — NON-STATIONARY  (p=0.4719, stat=-1.6216)
2026-03-31 10:54:40,378 | INFO | data_pipeline | [ADF] 'MIDPRICE_14' — NON-STATIONARY  (p=0.4681, stat=-1.6288)
2026-03-31 10:54:45,120 | INFO | data_pipeline | [ADF] 'SAR' — NON-STATIONARY  (p=0.4678, stat=-1.6295)
2026-03-31 10:54:54,890 | INFO | data_pipeline | [ADF] 'SMA_14' — NON-STATIONARY  (p=0.4712, stat=-1.6230)
2026-03-31 10:54:59,692 | INFO | data_pipeline | [ADF] 'T3_14' — NON-STATIONARY  (p=0.4653, stat=-1.6341)
2026-03-31 10:55:04,354 | INFO | data_pipeline | [ADF] 'TEMA_14' — NON-STATIONARY  (p=0.4730, stat=-1.6196)
2026-03-31 10:55:09,435 | INFO | data_pipeline | [ADF] 'TRIMA_14' — NON-STATIONARY  (p=0.4720, stat=-1.6213)
2026-03-31 10:55:14,094 | INFO | data_pipeline | [ADF] 'WMA_14' — NON-STATIONARY  (p=0.4729, stat=-1.6197)
2026-03-31 10:57:13,486 | INFO | data_pipeline | [ADF] 'AVGPRICE' — NON-STATIONARY  (p=0.4742, stat=-1.6172)
2026-03-31 10:57:18,023 | INFO | data_pipeline | [ADF] 'MEDPRICE' — NON-STATIONARY  (p=0.4741, stat=-1.6174)
2026-03-31 10:57:22,549 | INFO | data_pipeline | [ADF] 'TYPPRICE' — NON-STATIONARY  (p=0.4730, stat=-1.6194)
2026-03-31 10:57:27,118 | INFO | data_pipeline | [ADF] 'WCLPRICE' — NON-STATIONARY  (p=0.4731, stat=-1.6193)
2026-03-31 10:58:02,076 | INFO | data_pipeline | [ADF] 'LINEARREG_14' — NON-STATIONARY  (p=0.4718, stat=-1.6218)
2026-03-31 10:58:09,573 | INFO | data_pipeline | [ADF] 'LINEARREG_INTERCEPT_14' — NON-STATIONARY  (p=0.4727, stat=-1.6200)
2026-03-31 10:58:21,566 | INFO | data_pipeline | [ADF] 'TSF_14' — NON-STATIONARY  (p=0.4722, stat=-1.6210)
2026-03-31 10:58:25,774 | INFO | data_pipeline | [ADF] Tested 65 column(s): 38 stationary, 27 non-stationary.
2026-03-31 10:58:25,805 | INFO | data_pipeline | [make_stationary] Differencing 27 non-stationary column(s)…
2026-03-31 10:58:29,138 | INFO | data_pipeline | [make_stationary] 'open' became stationary after 1 diff(s)  (p=0.0000).
2026-03-31 10:58:32,009 | INFO | data_pipeline | [make_stationary] 'high' became stationary after 1 diff(s)  (p=0.0000).
2026-03-31 10:58:34,833 | INFO | data_pipeline | [make_stationary] 'low' became stationary after 1 diff(s)  (p=0.0000).
2026-03-31 10:58:37,666 | INFO | data_pipeline | [make_stationary] 'close' became stationary after 1 diff(s)  (p=0.0000).
2026-03-31 10:58:40,481 | INFO | data_pipeline | [make_stationary] 'BB_UPPER' became stationary after 1 diff(s)  (p=0.0000).
2026-03-31 10:58:43,362 | INFO | data_pipeline | [make_stationary] 'BB_MIDDLE' became stationary after 1 diff(s)  (p=0.0000).
2026-03-31 10:58:46,163 | INFO | data_pipeline | [make_stationary] 'BB_LOWER' became stationary after 1 diff(s)  (p=0.0000).
2026-03-31 10:58:48,991 | INFO | data_pipeline | [make_stationary] 'DEMA_14' became stationary after 1 diff(s)  (p=0.0000).
2026-03-31 10:58:51,804 | INFO | data_pipeline | [make_stationary] 'EMA_14' became stationary after 1 diff(s)  (p=0.0000).
2026-03-31 10:58:54,850 | INFO | data_pipeline | [make_stationary] 'HT_TRENDLINE' became stationary after 1 diff(s)  (p=0.0000).
2026-03-31 10:58:57,763 | INFO | data_pipeline | [make_stationary] 'KAMA_14' became stationary after 1 diff(s)  (p=0.0000).
2026-03-31 10:59:00,898 | INFO | data_pipeline | [make_stationary] 'MA_14' became stationary after 1 diff(s)  (p=0.0000).
2026-03-31 10:59:03,762 | INFO | data_pipeline | [make_stationary] 'MIDPOINT_14' became stationary after 1 diff(s)  (p=0.0000).
2026-03-31 10:59:06,796 | INFO | data_pipeline | [make_stationary] 'MIDPRICE_14' became stationary after 1 diff(s)  (p=0.0000).
2026-03-31 10:59:10,056 | INFO | data_pipeline | [make_stationary] 'SAR' became stationary after 1 diff(s)  (p=0.0000).
2026-03-31 10:59:13,306 | INFO | data_pipeline | [make_stationary] 'SMA_14' became stationary after 1 diff(s)  (p=0.0000).
2026-03-31 10:59:16,423 | INFO | data_pipeline | [make_stationary] 'T3_14' became stationary after 1 diff(s)  (p=0.0000).
2026-03-31 10:59:19,636 | INFO | data_pipeline | [make_stationary] 'TEMA_14' became stationary after 1 diff(s)  (p=0.0000).
2026-03-31 10:59:22,791 | INFO | data_pipeline | [make_stationary] 'TRIMA_14' became stationary after 1 diff(s)  (p=0.0000).
2026-03-31 10:59:25,910 | INFO | data_pipeline | [make_stationary] 'WMA_14' became stationary after 1 diff(s)  (p=0.0000).
2026-03-31 10:59:29,326 | INFO | data_pipeline | [make_stationary] 'AVGPRICE' became stationary after 1 diff(s)  (p=0.0000).
2026-03-31 10:59:32,550 | INFO | data_pipeline | [make_stationary] 'MEDPRICE' became stationary after 1 diff(s)  (p=0.0000).
2026-03-31 10:59:35,735 | INFO | data_pipeline | [make_stationary] 'TYPPRICE' became stationary after 1 diff(s)  (p=0.0000).
2026-03-31 10:59:39,075 | INFO | data_pipeline | [make_stationary] 'WCLPRICE' became stationary after 1 diff(s)  (p=0.0000).
2026-03-31 10:59:42,393 | INFO | data_pipeline | [make_stationary] 'LINEARREG_14' became stationary after 1 diff(s)  (p=0.0000).
2026-03-31 10:59:45,856 | INFO | data_pipeline | [make_stationary] 'LINEARREG_INTERCEPT_14' became stationary after 1 diff(s)  (p=0.0000).
2026-03-31 10:59:49,018 | INFO | data_pipeline | [make_stationary] 'TSF_14' became stationary after 1 diff(s)  (p=0.0000).
2026-03-31 10:59:49,063 | INFO | data_pipeline | [make_stationary] Shape after differencing & dropna: (28329, 89)
2026-03-31 10:59:49,063 | INFO | data_pipeline | Differencing summary: open=1d, high=1d, low=1d, close=1d, BB_UPPER=1d, BB_MIDDLE=1d, BB_LOWER=1d, DEMA_14=1d, EMA_14=1d, HT_TRENDLINE=1d, KAMA_14=1d, MA_14=1d, MIDPOINT_14=1d, MIDPRICE_14=1d, SAR=1d, SMA_14=1d, T3_14=1d, TEMA_14=1d, TRIMA_14=1d, WMA_14=1d, AVGPRICE=1d, MEDPRICE=1d, TYPPRICE=1d, WCLPRICE=1d, LINEARREG_14=1d, LINEARREG_INTERCEPT_14=1d, TSF_14=1d
2026-03-31 10:59:49,084 | INFO | data_pipeline | train_ratio=0.8 → split at row 22663/28329 → split_date='2025-08-05 23:00:00' (80% train / 20% test)
2026-03-31 10:59:49,156 | INFO | data_pipeline | Classification target created — shape: (28329, 87), class counts:
{-1: 21268, 1: 7040, 0: 21}
2026-03-31 11:55:43,782 | INFO | data_pipeline | Classification target created — shape: (28329, 87), class counts:
{-1: 21268, 1: 7040, 0: 21}
2026-03-31 12:10:17,219 | INFO | data_pipeline | Fetching data: schema=data_binance, table=btc_1m, start=2023-01-01, end=2026-03-30
2026-03-31 12:10:34,452 | INFO | data_pipeline | Fetched 1,704,961 rows for btc.
2026-03-31 12:10:34,452 | INFO | data_pipeline | Resampling to 1h…
2026-03-31 12:10:35,149 | INFO | data_pipeline | Resampled shape: (28417, 6)
2026-03-31 12:10:35,150 | INFO | data_pipeline | Generating 71 indicator(s)…
2026-03-31 12:10:35,253 | INFO | data_pipeline | Feature shape after generation: (28417, 89)
2026-03-31 12:10:35,253 | INFO | data_pipeline | Running ADF stationarity tests…
2026-03-31 12:10:38,186 | INFO | data_pipeline | [ADF] 'open' — NON-STATIONARY  (p=0.4742, stat=-1.6171)
2026-03-31 12:10:41,168 | INFO | data_pipeline | [ADF] 'high' — NON-STATIONARY  (p=0.4740, stat=-1.6175)
2026-03-31 12:10:44,173 | INFO | data_pipeline | [ADF] 'low' — NON-STATIONARY  (p=0.4741, stat=-1.6173)
2026-03-31 12:10:47,165 | INFO | data_pipeline | [ADF] 'close' — NON-STATIONARY  (p=0.4744, stat=-1.6168)
2026-03-31 12:10:53,448 | INFO | data_pipeline | [ADF] 'BB_UPPER' — NON-STATIONARY  (p=0.4697, stat=-1.6258)
2026-03-31 12:10:56,874 | INFO | data_pipeline | [ADF] 'BB_MIDDLE' — NON-STATIONARY  (p=0.4672, stat=-1.6305)
2026-03-31 12:11:00,224 | INFO | data_pipeline | [ADF] 'BB_LOWER' — NON-STATIONARY  (p=0.4715, stat=-1.6224)
2026-03-31 12:11:03,526 | INFO | data_pipeline | [ADF] 'DEMA_14' — NON-STATIONARY  (p=0.4715, stat=-1.6223)
2026-03-31 12:11:06,835 | INFO | data_pipeline | [ADF] 'EMA_14' — NON-STATIONARY  (p=0.4729, stat=-1.6197)
2026-03-31 12:11:10,165 | INFO | data_pipeline | [ADF] 'HT_TRENDLINE' — NON-STATIONARY  (p=0.4684, stat=-1.6283)
2026-03-31 12:11:13,697 | INFO | data_pipeline | [ADF] 'KAMA_14' — NON-STATIONARY  (p=0.4759, stat=-1.6139)
2026-03-31 12:11:17,898 | INFO | data_pipeline | [ADF] 'MA_14' — NON-STATIONARY  (p=0.4712, stat=-1.6230)
2026-03-31 12:11:22,885 | INFO | data_pipeline | [ADF] 'MIDPOINT_14' — NON-STATIONARY  (p=0.4719, stat=-1.6216)
2026-03-31 12:11:27,471 | INFO | data_pipeline | [ADF] 'MIDPRICE_14' — NON-STATIONARY  (p=0.4681, stat=-1.6288)
2026-03-31 12:11:31,783 | INFO | data_pipeline | [ADF] 'SAR' — NON-STATIONARY  (p=0.4678, stat=-1.6295)
2026-03-31 12:11:40,145 | INFO | data_pipeline | [ADF] 'SMA_14' — NON-STATIONARY  (p=0.4712, stat=-1.6230)
2026-03-31 12:11:44,361 | INFO | data_pipeline | [ADF] 'T3_14' — NON-STATIONARY  (p=0.4653, stat=-1.6341)
2026-03-31 12:11:48,492 | INFO | data_pipeline | [ADF] 'TEMA_14' — NON-STATIONARY  (p=0.4730, stat=-1.6196)
2026-03-31 12:11:53,271 | INFO | data_pipeline | [ADF] 'TRIMA_14' — NON-STATIONARY  (p=0.4720, stat=-1.6213)
2026-03-31 12:11:58,123 | INFO | data_pipeline | [ADF] 'WMA_14' — NON-STATIONARY  (p=0.4729, stat=-1.6197)
2026-03-31 12:13:33,477 | INFO | data_pipeline | [ADF] 'AVGPRICE' — NON-STATIONARY  (p=0.4742, stat=-1.6172)
2026-03-31 12:13:36,391 | INFO | data_pipeline | [ADF] 'MEDPRICE' — NON-STATIONARY  (p=0.4741, stat=-1.6174)
2026-03-31 12:13:39,257 | INFO | data_pipeline | [ADF] 'TYPPRICE' — NON-STATIONARY  (p=0.4730, stat=-1.6194)
2026-03-31 12:13:42,334 | INFO | data_pipeline | [ADF] 'WCLPRICE' — NON-STATIONARY  (p=0.4731, stat=-1.6193)
2026-03-31 12:14:07,554 | INFO | data_pipeline | [ADF] 'LINEARREG_14' — NON-STATIONARY  (p=0.4718, stat=-1.6218)
2026-03-31 12:14:13,852 | INFO | data_pipeline | [ADF] 'LINEARREG_INTERCEPT_14' — NON-STATIONARY  (p=0.4727, stat=-1.6200)
2026-03-31 12:14:22,935 | INFO | data_pipeline | [ADF] 'TSF_14' — NON-STATIONARY  (p=0.4722, stat=-1.6210)
2026-03-31 12:14:26,157 | INFO | data_pipeline | [ADF] Tested 65 column(s): 38 stationary, 27 non-stationary.
2026-03-31 12:14:26,180 | INFO | data_pipeline | [make_stationary] Differencing 27 non-stationary column(s)…
2026-03-31 12:14:29,364 | INFO | data_pipeline | [make_stationary] 'open' became stationary after 1 diff(s)  (p=0.0000).
2026-03-31 12:14:32,512 | INFO | data_pipeline | [make_stationary] 'high' became stationary after 1 diff(s)  (p=0.0000).
2026-03-31 12:14:35,696 | INFO | data_pipeline | [make_stationary] 'low' became stationary after 1 diff(s)  (p=0.0000).
2026-03-31 12:14:38,866 | INFO | data_pipeline | [make_stationary] 'close' became stationary after 1 diff(s)  (p=0.0000).
2026-03-31 12:14:42,033 | INFO | data_pipeline | [make_stationary] 'BB_UPPER' became stationary after 1 diff(s)  (p=0.0000).
2026-03-31 12:14:45,287 | INFO | data_pipeline | [make_stationary] 'BB_MIDDLE' became stationary after 1 diff(s)  (p=0.0000).
2026-03-31 12:14:48,494 | INFO | data_pipeline | [make_stationary] 'BB_LOWER' became stationary after 1 diff(s)  (p=0.0000).
2026-03-31 12:14:51,529 | INFO | data_pipeline | [make_stationary] 'DEMA_14' became stationary after 1 diff(s)  (p=0.0000).
2026-03-31 12:14:54,537 | INFO | data_pipeline | [make_stationary] 'EMA_14' became stationary after 1 diff(s)  (p=0.0000).
2026-03-31 12:14:57,973 | INFO | data_pipeline | [make_stationary] 'HT_TRENDLINE' became stationary after 1 diff(s)  (p=0.0000).
2026-03-31 12:15:02,451 | INFO | data_pipeline | [make_stationary] 'KAMA_14' became stationary after 1 diff(s)  (p=0.0000).
2026-03-31 12:15:06,715 | INFO | data_pipeline | [make_stationary] 'MA_14' became stationary after 1 diff(s)  (p=0.0000).
2026-03-31 12:15:11,109 | INFO | data_pipeline | [make_stationary] 'MIDPOINT_14' became stationary after 1 diff(s)  (p=0.0000).
2026-03-31 12:15:15,967 | INFO | data_pipeline | [make_stationary] 'MIDPRICE_14' became stationary after 1 diff(s)  (p=0.0000).
2026-03-31 12:15:20,216 | INFO | data_pipeline | [make_stationary] 'SAR' became stationary after 1 diff(s)  (p=0.0000).
2026-03-31 12:15:24,356 | INFO | data_pipeline | [make_stationary] 'SMA_14' became stationary after 1 diff(s)  (p=0.0000).
2026-03-31 12:15:28,416 | INFO | data_pipeline | [make_stationary] 'T3_14' became stationary after 1 diff(s)  (p=0.0000).
2026-03-31 12:15:32,665 | INFO | data_pipeline | [make_stationary] 'TEMA_14' became stationary after 1 diff(s)  (p=0.0000).
2026-03-31 12:15:37,082 | INFO | data_pipeline | [make_stationary] 'TRIMA_14' became stationary after 1 diff(s)  (p=0.0000).
2026-03-31 12:15:41,140 | INFO | data_pipeline | [make_stationary] 'WMA_14' became stationary after 1 diff(s)  (p=0.0000).
2026-03-31 12:15:45,586 | INFO | data_pipeline | [make_stationary] 'AVGPRICE' became stationary after 1 diff(s)  (p=0.0000).
2026-03-31 12:15:49,926 | INFO | data_pipeline | [make_stationary] 'MEDPRICE' became stationary after 1 diff(s)  (p=0.0000).
2026-03-31 12:15:54,241 | INFO | data_pipeline | [make_stationary] 'TYPPRICE' became stationary after 1 diff(s)  (p=0.0000).
2026-03-31 12:15:58,544 | INFO | data_pipeline | [make_stationary] 'WCLPRICE' became stationary after 1 diff(s)  (p=0.0000).
2026-03-31 12:16:03,296 | INFO | data_pipeline | [make_stationary] 'LINEARREG_14' became stationary after 1 diff(s)  (p=0.0000).
2026-03-31 12:16:07,694 | INFO | data_pipeline | [make_stationary] 'LINEARREG_INTERCEPT_14' became stationary after 1 diff(s)  (p=0.0000).
2026-03-31 12:16:12,462 | INFO | data_pipeline | [make_stationary] 'TSF_14' became stationary after 1 diff(s)  (p=0.0000).
2026-03-31 12:16:12,520 | INFO | data_pipeline | [make_stationary] Shape after differencing & dropna: (28329, 89)
2026-03-31 12:16:12,520 | INFO | data_pipeline | Differencing summary: open=1d, high=1d, low=1d, close=1d, BB_UPPER=1d, BB_MIDDLE=1d, BB_LOWER=1d, DEMA_14=1d, EMA_14=1d, HT_TRENDLINE=1d, KAMA_14=1d, MA_14=1d, MIDPOINT_14=1d, MIDPRICE_14=1d, SAR=1d, SMA_14=1d, T3_14=1d, TEMA_14=1d, TRIMA_14=1d, WMA_14=1d, AVGPRICE=1d, MEDPRICE=1d, TYPPRICE=1d, WCLPRICE=1d, LINEARREG_14=1d, LINEARREG_INTERCEPT_14=1d, TSF_14=1d
2026-03-31 12:16:12,548 | INFO | data_pipeline | train_ratio=0.8 → split at row 22663/28329 → split_date='2025-08-05 23:00:00' (80% train / 20% test)
2026-03-31 12:16:12,610 | INFO | data_pipeline | Classification target created — shape: (28329, 87), class counts:
{-1: 21268, 1: 7040, 0: 21}
2026-03-31 12:42:57,211 | INFO | data_pipeline | Classification target created — shape: (28329, 87), class counts:
{-1: 21268, 1: 7040, 0: 21}
2026-03-31 12:49:28,240 | INFO | data_pipeline | Fetching data: schema=data_binance, table=btc_1m, start=2023-01-01, end=2026-03-30
2026-03-31 12:49:46,030 | INFO | data_pipeline | Fetched 1,704,961 rows for btc.
2026-03-31 12:49:46,030 | INFO | data_pipeline | Resampling to 1h…
2026-03-31 12:49:46,947 | INFO | data_pipeline | Resampled shape: (28417, 6)
2026-03-31 12:49:46,947 | INFO | data_pipeline | Generating 71 indicator(s)…
2026-03-31 12:49:47,138 | INFO | data_pipeline | Feature shape after generation: (28417, 89)
2026-03-31 12:49:47,138 | INFO | data_pipeline | Running ADF stationarity tests…
2026-03-31 12:49:50,014 | INFO | data_pipeline | [ADF] 'open' — NON-STATIONARY  (p=0.4742, stat=-1.6171)
2026-03-31 12:49:52,866 | INFO | data_pipeline | [ADF] 'high' — NON-STATIONARY  (p=0.4740, stat=-1.6175)
2026-03-31 12:49:55,772 | INFO | data_pipeline | [ADF] 'low' — NON-STATIONARY  (p=0.4741, stat=-1.6173)
2026-03-31 12:49:58,626 | INFO | data_pipeline | [ADF] 'close' — NON-STATIONARY  (p=0.4744, stat=-1.6168)
2026-03-31 12:50:05,013 | INFO | data_pipeline | [ADF] 'BB_UPPER' — NON-STATIONARY  (p=0.4697, stat=-1.6258)
2026-03-31 12:50:08,412 | INFO | data_pipeline | [ADF] 'BB_MIDDLE' — NON-STATIONARY  (p=0.4672, stat=-1.6305)
2026-03-31 12:50:11,752 | INFO | data_pipeline | [ADF] 'BB_LOWER' — NON-STATIONARY  (p=0.4715, stat=-1.6224)
2026-03-31 12:50:15,071 | INFO | data_pipeline | [ADF] 'DEMA_14' — NON-STATIONARY  (p=0.4715, stat=-1.6223)
2026-03-31 12:50:18,335 | INFO | data_pipeline | [ADF] 'EMA_14' — NON-STATIONARY  (p=0.4729, stat=-1.6197)
2026-03-31 12:50:21,524 | INFO | data_pipeline | [ADF] 'HT_TRENDLINE' — NON-STATIONARY  (p=0.4684, stat=-1.6283)
2026-03-31 12:50:24,754 | INFO | data_pipeline | [ADF] 'KAMA_14' — NON-STATIONARY  (p=0.4759, stat=-1.6139)
2026-03-31 12:50:28,033 | INFO | data_pipeline | [ADF] 'MA_14' — NON-STATIONARY  (p=0.4712, stat=-1.6230)
2026-03-31 12:50:31,304 | INFO | data_pipeline | [ADF] 'MIDPOINT_14' — NON-STATIONARY  (p=0.4719, stat=-1.6216)
2026-03-31 12:50:34,373 | INFO | data_pipeline | [ADF] 'MIDPRICE_14' — NON-STATIONARY  (p=0.4681, stat=-1.6288)
2026-03-31 12:50:37,539 | INFO | data_pipeline | [ADF] 'SAR' — NON-STATIONARY  (p=0.4678, stat=-1.6295)
2026-03-31 12:50:44,158 | INFO | data_pipeline | [ADF] 'SMA_14' — NON-STATIONARY  (p=0.4712, stat=-1.6230)
2026-03-31 12:50:47,531 | INFO | data_pipeline | [ADF] 'T3_14' — NON-STATIONARY  (p=0.4653, stat=-1.6341)
2026-03-31 12:50:50,700 | INFO | data_pipeline | [ADF] 'TEMA_14' — NON-STATIONARY  (p=0.4730, stat=-1.6196)
2026-03-31 12:50:53,990 | INFO | data_pipeline | [ADF] 'TRIMA_14' — NON-STATIONARY  (p=0.4720, stat=-1.6213)
2026-03-31 12:50:57,144 | INFO | data_pipeline | [ADF] 'WMA_14' — NON-STATIONARY  (p=0.4729, stat=-1.6197)
2026-03-31 12:52:59,682 | INFO | data_pipeline | [ADF] 'AVGPRICE' — NON-STATIONARY  (p=0.4742, stat=-1.6172)
2026-03-31 12:53:04,196 | INFO | data_pipeline | [ADF] 'MEDPRICE' — NON-STATIONARY  (p=0.4741, stat=-1.6174)
2026-03-31 12:53:08,489 | INFO | data_pipeline | [ADF] 'TYPPRICE' — NON-STATIONARY  (p=0.4730, stat=-1.6194)
2026-03-31 12:53:13,007 | INFO | data_pipeline | [ADF] 'WCLPRICE' — NON-STATIONARY  (p=0.4731, stat=-1.6193)
2026-03-31 12:53:38,842 | INFO | data_pipeline | [ADF] 'LINEARREG_14' — NON-STATIONARY  (p=0.4718, stat=-1.6218)
2026-03-31 12:53:45,304 | INFO | data_pipeline | [ADF] 'LINEARREG_INTERCEPT_14' — NON-STATIONARY  (p=0.4727, stat=-1.6200)
2026-03-31 12:53:55,096 | INFO | data_pipeline | [ADF] 'TSF_14' — NON-STATIONARY  (p=0.4722, stat=-1.6210)
2026-03-31 12:53:58,420 | INFO | data_pipeline | [ADF] Tested 65 column(s): 38 stationary, 27 non-stationary.
2026-03-31 12:53:58,451 | INFO | data_pipeline | [make_stationary] Differencing 27 non-stationary column(s)…
2026-03-31 12:54:01,709 | INFO | data_pipeline | [make_stationary] 'open' became stationary after 1 diff(s)  (p=0.0000).
2026-03-31 12:54:04,915 | INFO | data_pipeline | [make_stationary] 'high' became stationary after 1 diff(s)  (p=0.0000).
2026-03-31 12:54:08,566 | INFO | data_pipeline | [make_stationary] 'low' became stationary after 1 diff(s)  (p=0.0000).
2026-03-31 12:54:11,779 | INFO | data_pipeline | [make_stationary] 'close' became stationary after 1 diff(s)  (p=0.0000).
2026-03-31 12:54:15,062 | INFO | data_pipeline | [make_stationary] 'BB_UPPER' became stationary after 1 diff(s)  (p=0.0000).
2026-03-31 12:54:18,336 | INFO | data_pipeline | [make_stationary] 'BB_MIDDLE' became stationary after 1 diff(s)  (p=0.0000).
2026-03-31 12:54:21,556 | INFO | data_pipeline | [make_stationary] 'BB_LOWER' became stationary after 1 diff(s)  (p=0.0000).
2026-03-31 12:54:24,876 | INFO | data_pipeline | [make_stationary] 'DEMA_14' became stationary after 1 diff(s)  (p=0.0000).
2026-03-31 12:54:28,061 | INFO | data_pipeline | [make_stationary] 'EMA_14' became stationary after 1 diff(s)  (p=0.0000).
2026-03-31 12:54:31,340 | INFO | data_pipeline | [make_stationary] 'HT_TRENDLINE' became stationary after 1 diff(s)  (p=0.0000).
2026-03-31 12:54:34,506 | INFO | data_pipeline | [make_stationary] 'KAMA_14' became stationary after 1 diff(s)  (p=0.0000).
2026-03-31 12:54:37,741 | INFO | data_pipeline | [make_stationary] 'MA_14' became stationary after 1 diff(s)  (p=0.0000).
2026-03-31 12:54:40,969 | INFO | data_pipeline | [make_stationary] 'MIDPOINT_14' became stationary after 1 diff(s)  (p=0.0000).
2026-03-31 12:54:44,201 | INFO | data_pipeline | [make_stationary] 'MIDPRICE_14' became stationary after 1 diff(s)  (p=0.0000).
2026-03-31 12:54:47,374 | INFO | data_pipeline | [make_stationary] 'SAR' became stationary after 1 diff(s)  (p=0.0000).
2026-03-31 12:54:50,638 | INFO | data_pipeline | [make_stationary] 'SMA_14' became stationary after 1 diff(s)  (p=0.0000).
2026-03-31 12:54:53,820 | INFO | data_pipeline | [make_stationary] 'T3_14' became stationary after 1 diff(s)  (p=0.0000).
2026-03-31 12:54:57,003 | INFO | data_pipeline | [make_stationary] 'TEMA_14' became stationary after 1 diff(s)  (p=0.0000).
2026-03-31 12:55:00,260 | INFO | data_pipeline | [make_stationary] 'TRIMA_14' became stationary after 1 diff(s)  (p=0.0000).
2026-03-31 12:55:03,350 | INFO | data_pipeline | [make_stationary] 'WMA_14' became stationary after 1 diff(s)  (p=0.0000).
2026-03-31 12:55:06,511 | INFO | data_pipeline | [make_stationary] 'AVGPRICE' became stationary after 1 diff(s)  (p=0.0000).
2026-03-31 12:55:09,670 | INFO | data_pipeline | [make_stationary] 'MEDPRICE' became stationary after 1 diff(s)  (p=0.0000).
2026-03-31 12:55:12,865 | INFO | data_pipeline | [make_stationary] 'TYPPRICE' became stationary after 1 diff(s)  (p=0.0000).
2026-03-31 12:55:16,068 | INFO | data_pipeline | [make_stationary] 'WCLPRICE' became stationary after 1 diff(s)  (p=0.0000).
2026-03-31 12:55:19,313 | INFO | data_pipeline | [make_stationary] 'LINEARREG_14' became stationary after 1 diff(s)  (p=0.0000).
2026-03-31 12:55:22,561 | INFO | data_pipeline | [make_stationary] 'LINEARREG_INTERCEPT_14' became stationary after 1 diff(s)  (p=0.0000).
2026-03-31 12:55:25,888 | INFO | data_pipeline | [make_stationary] 'TSF_14' became stationary after 1 diff(s)  (p=0.0000).
2026-03-31 12:55:25,946 | INFO | data_pipeline | [make_stationary] Shape after differencing & dropna: (28329, 89)
2026-03-31 12:55:25,947 | INFO | data_pipeline | Differencing summary: open=1d, high=1d, low=1d, close=1d, BB_UPPER=1d, BB_MIDDLE=1d, BB_LOWER=1d, DEMA_14=1d, EMA_14=1d, HT_TRENDLINE=1d, KAMA_14=1d, MA_14=1d, MIDPOINT_14=1d, MIDPRICE_14=1d, SAR=1d, SMA_14=1d, T3_14=1d, TEMA_14=1d, TRIMA_14=1d, WMA_14=1d, AVGPRICE=1d, MEDPRICE=1d, TYPPRICE=1d, WCLPRICE=1d, LINEARREG_14=1d, LINEARREG_INTERCEPT_14=1d, TSF_14=1d
2026-03-31 12:55:25,971 | INFO | data_pipeline | train_ratio=0.8 → split at row 22663/28329 → split_date='2025-08-05 23:00:00' (80% train / 20% test)
2026-03-31 12:55:26,024 | INFO | data_pipeline | Classification target created — shape: (28329, 87), class counts:
{-1: 21268, 1: 7040, 0: 21}
2026-03-31 13:34:55,752 | INFO | data_pipeline | Classification target created — shape: (28329, 87), class counts:
{-1: 21268, 1: 7040, 0: 21}
2026-03-31 14:14:17,229 | INFO | data_pipeline | Fetching data: schema=data_binance, table=btc_1m, start=2023-01-01, end=2026-03-30
2026-03-31 14:14:32,052 | INFO | data_pipeline | Fetched 1,704,961 rows for btc.
2026-03-31 14:14:32,052 | INFO | data_pipeline | Resampling to 1h…
2026-03-31 14:14:32,722 | INFO | data_pipeline | Resampled shape: (28417, 6)
2026-03-31 14:14:32,722 | INFO | data_pipeline | Generating 71 indicator(s)…
2026-03-31 14:14:32,836 | INFO | data_pipeline | Feature shape after generation: (28417, 89)
2026-03-31 14:14:32,837 | INFO | data_pipeline | Running ADF stationarity tests…
2026-03-31 14:14:35,632 | INFO | data_pipeline | [ADF] 'open' — NON-STATIONARY  (p=0.4742, stat=-1.6171)
2026-03-31 14:14:38,323 | INFO | data_pipeline | [ADF] 'high' — NON-STATIONARY  (p=0.4740, stat=-1.6175)
2026-03-31 14:14:41,206 | INFO | data_pipeline | [ADF] 'low' — NON-STATIONARY  (p=0.4741, stat=-1.6173)
2026-03-31 14:14:44,233 | INFO | data_pipeline | [ADF] 'close' — NON-STATIONARY  (p=0.4744, stat=-1.6168)
2026-03-31 14:14:50,381 | INFO | data_pipeline | [ADF] 'BB_UPPER' — NON-STATIONARY  (p=0.4697, stat=-1.6258)
2026-03-31 14:14:53,526 | INFO | data_pipeline | [ADF] 'BB_MIDDLE' — NON-STATIONARY  (p=0.4672, stat=-1.6305)
2026-03-31 14:14:56,646 | INFO | data_pipeline | [ADF] 'BB_LOWER' — NON-STATIONARY  (p=0.4715, stat=-1.6224)
2026-03-31 14:14:59,715 | INFO | data_pipeline | [ADF] 'DEMA_14' — NON-STATIONARY  (p=0.4715, stat=-1.6223)
2026-03-31 14:15:02,810 | INFO | data_pipeline | [ADF] 'EMA_14' — NON-STATIONARY  (p=0.4729, stat=-1.6197)
2026-03-31 14:15:06,425 | INFO | data_pipeline | [ADF] 'HT_TRENDLINE' — NON-STATIONARY  (p=0.4684, stat=-1.6283)
2026-03-31 14:15:09,522 | INFO | data_pipeline | [ADF] 'KAMA_14' — NON-STATIONARY  (p=0.4759, stat=-1.6139)
2026-03-31 14:15:12,689 | INFO | data_pipeline | [ADF] 'MA_14' — NON-STATIONARY  (p=0.4712, stat=-1.6230)
2026-03-31 14:15:15,529 | INFO | data_pipeline | [ADF] 'MIDPOINT_14' — NON-STATIONARY  (p=0.4719, stat=-1.6216)
2026-03-31 14:15:18,310 | INFO | data_pipeline | [ADF] 'MIDPRICE_14' — NON-STATIONARY  (p=0.4681, stat=-1.6288)
2026-03-31 14:15:21,325 | INFO | data_pipeline | [ADF] 'SAR' — NON-STATIONARY  (p=0.4678, stat=-1.6295)
2026-03-31 14:15:27,570 | INFO | data_pipeline | [ADF] 'SMA_14' — NON-STATIONARY  (p=0.4712, stat=-1.6230)
2026-03-31 14:15:30,458 | INFO | data_pipeline | [ADF] 'T3_14' — NON-STATIONARY  (p=0.4653, stat=-1.6341)
2026-03-31 14:15:33,514 | INFO | data_pipeline | [ADF] 'TEMA_14' — NON-STATIONARY  (p=0.4730, stat=-1.6196)
2026-03-31 14:15:36,680 | INFO | data_pipeline | [ADF] 'TRIMA_14' — NON-STATIONARY  (p=0.4720, stat=-1.6213)
2026-03-31 14:15:39,772 | INFO | data_pipeline | [ADF] 'WMA_14' — NON-STATIONARY  (p=0.4729, stat=-1.6197)
2026-03-31 14:17:03,254 | INFO | data_pipeline | [ADF] 'AVGPRICE' — NON-STATIONARY  (p=0.4742, stat=-1.6172)
2026-03-31 14:17:06,533 | INFO | data_pipeline | [ADF] 'MEDPRICE' — NON-STATIONARY  (p=0.4741, stat=-1.6174)
2026-03-31 14:17:09,774 | INFO | data_pipeline | [ADF] 'TYPPRICE' — NON-STATIONARY  (p=0.4730, stat=-1.6194)
2026-03-31 14:17:13,021 | INFO | data_pipeline | [ADF] 'WCLPRICE' — NON-STATIONARY  (p=0.4731, stat=-1.6193)
2026-03-31 14:17:38,188 | INFO | data_pipeline | [ADF] 'LINEARREG_14' — NON-STATIONARY  (p=0.4718, stat=-1.6218)
2026-03-31 14:17:44,224 | INFO | data_pipeline | [ADF] 'LINEARREG_INTERCEPT_14' — NON-STATIONARY  (p=0.4727, stat=-1.6200)
2026-03-31 14:17:53,951 | INFO | data_pipeline | [ADF] 'TSF_14' — NON-STATIONARY  (p=0.4722, stat=-1.6210)
2026-03-31 14:17:57,221 | INFO | data_pipeline | [ADF] Tested 65 column(s): 38 stationary, 27 non-stationary.
2026-03-31 14:17:57,239 | INFO | data_pipeline | [make_stationary] Differencing 27 non-stationary column(s)…
2026-03-31 14:18:00,513 | INFO | data_pipeline | [make_stationary] 'open' became stationary after 1 diff(s)  (p=0.0000).
2026-03-31 14:18:04,038 | INFO | data_pipeline | [make_stationary] 'high' became stationary after 1 diff(s)  (p=0.0000).
2026-03-31 14:18:07,339 | INFO | data_pipeline | [make_stationary] 'low' became stationary after 1 diff(s)  (p=0.0000).
2026-03-31 14:18:10,311 | INFO | data_pipeline | [make_stationary] 'close' became stationary after 1 diff(s)  (p=0.0000).
2026-03-31 14:18:13,318 | INFO | data_pipeline | [make_stationary] 'BB_UPPER' became stationary after 1 diff(s)  (p=0.0000).
2026-03-31 14:18:16,334 | INFO | data_pipeline | [make_stationary] 'BB_MIDDLE' became stationary after 1 diff(s)  (p=0.0000).
2026-03-31 14:18:19,499 | INFO | data_pipeline | [make_stationary] 'BB_LOWER' became stationary after 1 diff(s)  (p=0.0000).
2026-03-31 14:18:22,662 | INFO | data_pipeline | [make_stationary] 'DEMA_14' became stationary after 1 diff(s)  (p=0.0000).
2026-03-31 14:18:25,803 | INFO | data_pipeline | [make_stationary] 'EMA_14' became stationary after 1 diff(s)  (p=0.0000).
2026-03-31 14:18:29,029 | INFO | data_pipeline | [make_stationary] 'HT_TRENDLINE' became stationary after 1 diff(s)  (p=0.0000).
2026-03-31 14:18:32,181 | INFO | data_pipeline | [make_stationary] 'KAMA_14' became stationary after 1 diff(s)  (p=0.0000).
2026-03-31 14:18:35,499 | INFO | data_pipeline | [make_stationary] 'MA_14' became stationary after 1 diff(s)  (p=0.0000).
2026-03-31 14:18:38,717 | INFO | data_pipeline | [make_stationary] 'MIDPOINT_14' became stationary after 1 diff(s)  (p=0.0000).
2026-03-31 14:18:41,896 | INFO | data_pipeline | [make_stationary] 'MIDPRICE_14' became stationary after 1 diff(s)  (p=0.0000).
2026-03-31 14:18:45,287 | INFO | data_pipeline | [make_stationary] 'SAR' became stationary after 1 diff(s)  (p=0.0000).
2026-03-31 14:18:48,545 | INFO | data_pipeline | [make_stationary] 'SMA_14' became stationary after 1 diff(s)  (p=0.0000).
2026-03-31 14:18:51,699 | INFO | data_pipeline | [make_stationary] 'T3_14' became stationary after 1 diff(s)  (p=0.0000).
2026-03-31 14:18:54,886 | INFO | data_pipeline | [make_stationary] 'TEMA_14' became stationary after 1 diff(s)  (p=0.0000).
2026-03-31 14:18:58,129 | INFO | data_pipeline | [make_stationary] 'TRIMA_14' became stationary after 1 diff(s)  (p=0.0000).
2026-03-31 14:19:01,184 | INFO | data_pipeline | [make_stationary] 'WMA_14' became stationary after 1 diff(s)  (p=0.0000).
2026-03-31 14:34:53,407 | INFO | data_pipeline | [make_stationary] 'AVGPRICE' became stationary after 1 diff(s)  (p=0.0000).
2026-03-31 14:34:58,270 | INFO | data_pipeline | [make_stationary] 'MEDPRICE' became stationary after 1 diff(s)  (p=0.0000).
2026-03-31 14:35:01,916 | INFO | data_pipeline | [make_stationary] 'TYPPRICE' became stationary after 1 diff(s)  (p=0.0000).
2026-03-31 14:35:05,594 | INFO | data_pipeline | [make_stationary] 'WCLPRICE' became stationary after 1 diff(s)  (p=0.0000).
2026-03-31 14:35:08,874 | INFO | data_pipeline | [make_stationary] 'LINEARREG_14' became stationary after 1 diff(s)  (p=0.0000).
2026-03-31 14:35:12,148 | INFO | data_pipeline | [make_stationary] 'LINEARREG_INTERCEPT_14' became stationary after 1 diff(s)  (p=0.0000).
2026-03-31 14:35:15,371 | INFO | data_pipeline | [make_stationary] 'TSF_14' became stationary after 1 diff(s)  (p=0.0000).
2026-03-31 14:35:15,409 | INFO | data_pipeline | [make_stationary] Shape after differencing & dropna: (28329, 89)
2026-03-31 14:35:15,409 | INFO | data_pipeline | Differencing summary: open=1d, high=1d, low=1d, close=1d, BB_UPPER=1d, BB_MIDDLE=1d, BB_LOWER=1d, DEMA_14=1d, EMA_14=1d, HT_TRENDLINE=1d, KAMA_14=1d, MA_14=1d, MIDPOINT_14=1d, MIDPRICE_14=1d, SAR=1d, SMA_14=1d, T3_14=1d, TEMA_14=1d, TRIMA_14=1d, WMA_14=1d, AVGPRICE=1d, MEDPRICE=1d, TYPPRICE=1d, WCLPRICE=1d, LINEARREG_14=1d, LINEARREG_INTERCEPT_14=1d, TSF_14=1d
2026-03-31 14:35:15,451 | INFO | data_pipeline | train_ratio=0.8 → split at row 22663/28329 → split_date='2025-08-05 23:00:00' (80% train / 20% test)
2026-03-31 14:35:15,513 | INFO | data_pipeline | Classification target created — shape: (28329, 87), class counts:
{-1: 21268, 1: 7040, 0: 21}
2026-03-31 15:10:16,945 | INFO | data_pipeline | Classification target created — shape: (28329, 87), class counts:
{-1: 21268, 1: 7040, 0: 21}
2026-03-31 15:40:50,563 | INFO | data_pipeline | Fetching data: schema=data_binance, table=btc_1m, start=2023-01-01, end=2026-03-30
2026-03-31 15:41:19,620 | INFO | data_pipeline | Fetched 1,704,961 rows for btc.
2026-03-31 15:41:19,625 | INFO | data_pipeline | Resampling to 1h…
2026-03-31 15:41:20,838 | INFO | data_pipeline | Resampled shape: (28417, 6)
2026-03-31 15:41:20,838 | INFO | data_pipeline | Generating 71 indicator(s)…
2026-03-31 15:41:21,030 | INFO | data_pipeline | Feature shape after generation: (28417, 89)
2026-03-31 15:41:21,030 | INFO | data_pipeline | Running ADF stationarity tests…
2026-03-31 15:41:26,638 | INFO | data_pipeline | [ADF] 'open' — NON-STATIONARY  (p=0.4742, stat=-1.6171)
2026-03-31 15:41:32,264 | INFO | data_pipeline | [ADF] 'high' — NON-STATIONARY  (p=0.4740, stat=-1.6175)
2026-03-31 15:41:38,168 | INFO | data_pipeline | [ADF] 'low' — NON-STATIONARY  (p=0.4741, stat=-1.6173)
2026-03-31 15:41:44,342 | INFO | data_pipeline | [ADF] 'close' — NON-STATIONARY  (p=0.4744, stat=-1.6168)
2026-03-31 15:41:55,238 | INFO | data_pipeline | [ADF] 'BB_UPPER' — NON-STATIONARY  (p=0.4697, stat=-1.6258)
2026-03-31 15:42:01,090 | INFO | data_pipeline | [ADF] 'BB_MIDDLE' — NON-STATIONARY  (p=0.4672, stat=-1.6305)
2026-03-31 15:42:06,900 | INFO | data_pipeline | [ADF] 'BB_LOWER' — NON-STATIONARY  (p=0.4715, stat=-1.6224)
2026-03-31 15:42:12,893 | INFO | data_pipeline | [ADF] 'DEMA_14' — NON-STATIONARY  (p=0.4715, stat=-1.6223)
2026-03-31 15:42:18,372 | INFO | data_pipeline | [ADF] 'EMA_14' — NON-STATIONARY  (p=0.4729, stat=-1.6197)
2026-03-31 15:42:24,195 | INFO | data_pipeline | [ADF] 'HT_TRENDLINE' — NON-STATIONARY  (p=0.4684, stat=-1.6283)
2026-03-31 15:42:29,809 | INFO | data_pipeline | [ADF] 'KAMA_14' — NON-STATIONARY  (p=0.4759, stat=-1.6139)
2026-03-31 15:42:35,367 | INFO | data_pipeline | [ADF] 'MA_14' — NON-STATIONARY  (p=0.4712, stat=-1.6230)
2026-03-31 15:42:41,253 | INFO | data_pipeline | [ADF] 'MIDPOINT_14' — NON-STATIONARY  (p=0.4719, stat=-1.6216)
2026-03-31 15:42:47,161 | INFO | data_pipeline | [ADF] 'MIDPRICE_14' — NON-STATIONARY  (p=0.4681, stat=-1.6288)
2026-03-31 15:42:53,261 | INFO | data_pipeline | [ADF] 'SAR' — NON-STATIONARY  (p=0.4678, stat=-1.6295)
2026-03-31 15:43:04,955 | INFO | data_pipeline | [ADF] 'SMA_14' — NON-STATIONARY  (p=0.4712, stat=-1.6230)
2026-03-31 15:43:10,433 | INFO | data_pipeline | [ADF] 'T3_14' — NON-STATIONARY  (p=0.4653, stat=-1.6341)
2026-03-31 15:43:15,554 | INFO | data_pipeline | [ADF] 'TEMA_14' — NON-STATIONARY  (p=0.4730, stat=-1.6196)
2026-03-31 15:43:21,145 | INFO | data_pipeline | [ADF] 'TRIMA_14' — NON-STATIONARY  (p=0.4720, stat=-1.6213)
2026-03-31 15:43:26,791 | INFO | data_pipeline | [ADF] 'WMA_14' — NON-STATIONARY  (p=0.4729, stat=-1.6197)
2026-03-31 15:45:57,830 | INFO | data_pipeline | [ADF] 'AVGPRICE' — NON-STATIONARY  (p=0.4742, stat=-1.6172)
2026-03-31 15:46:03,235 | INFO | data_pipeline | [ADF] 'MEDPRICE' — NON-STATIONARY  (p=0.4741, stat=-1.6174)
2026-03-31 15:46:08,809 | INFO | data_pipeline | [ADF] 'TYPPRICE' — NON-STATIONARY  (p=0.4730, stat=-1.6194)
2026-03-31 15:46:14,331 | INFO | data_pipeline | [ADF] 'WCLPRICE' — NON-STATIONARY  (p=0.4731, stat=-1.6193)
2026-03-31 15:46:58,972 | INFO | data_pipeline | [ADF] 'LINEARREG_14' — NON-STATIONARY  (p=0.4718, stat=-1.6218)
2026-03-31 15:47:10,217 | INFO | data_pipeline | [ADF] 'LINEARREG_INTERCEPT_14' — NON-STATIONARY  (p=0.4727, stat=-1.6200)
2026-03-31 15:47:26,495 | INFO | data_pipeline | [ADF] 'TSF_14' — NON-STATIONARY  (p=0.4722, stat=-1.6210)
2026-03-31 15:47:32,037 | INFO | data_pipeline | [ADF] Tested 65 column(s): 38 stationary, 27 non-stationary.
2026-03-31 15:47:32,075 | INFO | data_pipeline | [make_stationary] Differencing 27 non-stationary column(s)…
2026-03-31 15:47:37,788 | INFO | data_pipeline | [make_stationary] 'open' became stationary after 1 diff(s)  (p=0.0000).
2026-03-31 15:47:43,421 | INFO | data_pipeline | [make_stationary] 'high' became stationary after 1 diff(s)  (p=0.0000).
2026-03-31 15:47:49,038 | INFO | data_pipeline | [make_stationary] 'low' became stationary after 1 diff(s)  (p=0.0000).
2026-03-31 15:47:54,803 | INFO | data_pipeline | [make_stationary] 'close' became stationary after 1 diff(s)  (p=0.0000).
2026-03-31 15:48:00,322 | INFO | data_pipeline | [make_stationary] 'BB_UPPER' became stationary after 1 diff(s)  (p=0.0000).
2026-03-31 15:48:05,555 | INFO | data_pipeline | [make_stationary] 'BB_MIDDLE' became stationary after 1 diff(s)  (p=0.0000).
2026-03-31 15:48:11,034 | INFO | data_pipeline | [make_stationary] 'BB_LOWER' became stationary after 1 diff(s)  (p=0.0000).
2026-03-31 15:48:16,480 | INFO | data_pipeline | [make_stationary] 'DEMA_14' became stationary after 1 diff(s)  (p=0.0000).
2026-03-31 15:48:21,920 | INFO | data_pipeline | [make_stationary] 'EMA_14' became stationary after 1 diff(s)  (p=0.0000).
2026-03-31 15:48:27,333 | INFO | data_pipeline | [make_stationary] 'HT_TRENDLINE' became stationary after 1 diff(s)  (p=0.0000).
2026-03-31 15:48:32,483 | INFO | data_pipeline | [make_stationary] 'KAMA_14' became stationary after 1 diff(s)  (p=0.0000).
2026-03-31 15:48:38,437 | INFO | data_pipeline | [make_stationary] 'MA_14' became stationary after 1 diff(s)  (p=0.0000).
2026-03-31 15:48:44,199 | INFO | data_pipeline | [make_stationary] 'MIDPOINT_14' became stationary after 1 diff(s)  (p=0.0000).
2026-03-31 15:48:50,166 | INFO | data_pipeline | [make_stationary] 'MIDPRICE_14' became stationary after 1 diff(s)  (p=0.0000).
2026-03-31 15:48:56,279 | INFO | data_pipeline | [make_stationary] 'SAR' became stationary after 1 diff(s)  (p=0.0000).
2026-03-31 15:49:02,505 | INFO | data_pipeline | [make_stationary] 'SMA_14' became stationary after 1 diff(s)  (p=0.0000).
2026-03-31 15:49:08,368 | INFO | data_pipeline | [make_stationary] 'T3_14' became stationary after 1 diff(s)  (p=0.0000).
2026-03-31 15:49:14,010 | INFO | data_pipeline | [make_stationary] 'TEMA_14' became stationary after 1 diff(s)  (p=0.0000).
2026-03-31 15:49:19,613 | INFO | data_pipeline | [make_stationary] 'TRIMA_14' became stationary after 1 diff(s)  (p=0.0000).
2026-03-31 15:49:25,350 | INFO | data_pipeline | [make_stationary] 'WMA_14' became stationary after 1 diff(s)  (p=0.0000).
2026-03-31 15:49:31,080 | INFO | data_pipeline | [make_stationary] 'AVGPRICE' became stationary after 1 diff(s)  (p=0.0000).
2026-03-31 15:49:37,497 | INFO | data_pipeline | [make_stationary] 'MEDPRICE' became stationary after 1 diff(s)  (p=0.0000).
2026-03-31 15:49:43,732 | INFO | data_pipeline | [make_stationary] 'TYPPRICE' became stationary after 1 diff(s)  (p=0.0000).
2026-03-31 15:49:49,795 | INFO | data_pipeline | [make_stationary] 'WCLPRICE' became stationary after 1 diff(s)  (p=0.0000).
2026-03-31 15:49:56,053 | INFO | data_pipeline | [make_stationary] 'LINEARREG_14' became stationary after 1 diff(s)  (p=0.0000).
2026-03-31 15:50:02,089 | INFO | data_pipeline | [make_stationary] 'LINEARREG_INTERCEPT_14' became stationary after 1 diff(s)  (p=0.0000).
2026-03-31 15:50:08,169 | INFO | data_pipeline | [make_stationary] 'TSF_14' became stationary after 1 diff(s)  (p=0.0000).
2026-03-31 15:50:08,268 | INFO | data_pipeline | [make_stationary] Shape after differencing & dropna: (28329, 89)
2026-03-31 15:50:08,270 | INFO | data_pipeline | Differencing summary: open=1d, high=1d, low=1d, close=1d, BB_UPPER=1d, BB_MIDDLE=1d, BB_LOWER=1d, DEMA_14=1d, EMA_14=1d, HT_TRENDLINE=1d, KAMA_14=1d, MA_14=1d, MIDPOINT_14=1d, MIDPRICE_14=1d, SAR=1d, SMA_14=1d, T3_14=1d, TEMA_14=1d, TRIMA_14=1d, WMA_14=1d, AVGPRICE=1d, MEDPRICE=1d, TYPPRICE=1d, WCLPRICE=1d, LINEARREG_14=1d, LINEARREG_INTERCEPT_14=1d, TSF_14=1d
2026-03-31 15:50:08,311 | INFO | data_pipeline | train_ratio=0.8 → split at row 22663/28329 → split_date='2025-08-05 23:00:00' (80% train / 20% test)
2026-03-31 15:50:08,386 | INFO | data_pipeline | Classification target created — shape: (28329, 87), class counts:
{-1: 21268, 1: 7040, 0: 21}
2026-03-31 16:43:28,385 | INFO | data_pipeline | Classification target created — shape: (28329, 87), class counts:
{-1: 21268, 1: 7040, 0: 21}
2026-03-31 16:49:07,675 | INFO | data_pipeline | Fetching data: schema=data_binance, table=btc_1m, start=2023-01-01, end=2026-03-30
2026-03-31 16:49:23,264 | INFO | data_pipeline | Fetched 1,704,961 rows for btc.
2026-03-31 16:49:23,264 | INFO | data_pipeline | Resampling to 1h…
2026-03-31 16:49:24,084 | INFO | data_pipeline | Resampled shape: (28417, 6)
2026-03-31 16:49:24,084 | INFO | data_pipeline | Generating 71 indicator(s)…
2026-03-31 16:49:24,231 | INFO | data_pipeline | Feature shape after generation: (28417, 89)
2026-03-31 16:49:24,231 | INFO | data_pipeline | Running ADF stationarity tests…
2026-03-31 16:49:27,704 | INFO | data_pipeline | [ADF] 'open' — NON-STATIONARY  (p=0.4742, stat=-1.6171)
2026-03-31 16:49:31,347 | INFO | data_pipeline | [ADF] 'high' — NON-STATIONARY  (p=0.4740, stat=-1.6175)
2026-03-31 16:49:34,973 | INFO | data_pipeline | [ADF] 'low' — NON-STATIONARY  (p=0.4741, stat=-1.6173)
2026-03-31 16:49:38,547 | INFO | data_pipeline | [ADF] 'close' — NON-STATIONARY  (p=0.4744, stat=-1.6168)
2026-03-31 16:49:45,807 | INFO | data_pipeline | [ADF] 'BB_UPPER' — NON-STATIONARY  (p=0.4697, stat=-1.6258)
2026-03-31 16:49:49,472 | INFO | data_pipeline | [ADF] 'BB_MIDDLE' — NON-STATIONARY  (p=0.4672, stat=-1.6305)
2026-03-31 16:49:53,062 | INFO | data_pipeline | [ADF] 'BB_LOWER' — NON-STATIONARY  (p=0.4715, stat=-1.6224)
2026-03-31 16:49:56,524 | INFO | data_pipeline | [ADF] 'DEMA_14' — NON-STATIONARY  (p=0.4715, stat=-1.6223)
2026-03-31 16:50:00,005 | INFO | data_pipeline | [ADF] 'EMA_14' — NON-STATIONARY  (p=0.4729, stat=-1.6197)
2026-03-31 16:50:03,537 | INFO | data_pipeline | [ADF] 'HT_TRENDLINE' — NON-STATIONARY  (p=0.4684, stat=-1.6283)
2026-03-31 16:50:07,020 | INFO | data_pipeline | [ADF] 'KAMA_14' — NON-STATIONARY  (p=0.4759, stat=-1.6139)
2026-03-31 16:50:10,597 | INFO | data_pipeline | [ADF] 'MA_14' — NON-STATIONARY  (p=0.4712, stat=-1.6230)
2026-03-31 16:50:14,122 | INFO | data_pipeline | [ADF] 'MIDPOINT_14' — NON-STATIONARY  (p=0.4719, stat=-1.6216)
2026-03-31 16:50:17,641 | INFO | data_pipeline | [ADF] 'MIDPRICE_14' — NON-STATIONARY  (p=0.4681, stat=-1.6288)
2026-03-31 16:50:21,129 | INFO | data_pipeline | [ADF] 'SAR' — NON-STATIONARY  (p=0.4678, stat=-1.6295)
2026-03-31 16:50:28,125 | INFO | data_pipeline | [ADF] 'SMA_14' — NON-STATIONARY  (p=0.4712, stat=-1.6230)
2026-03-31 16:50:31,627 | INFO | data_pipeline | [ADF] 'T3_14' — NON-STATIONARY  (p=0.4653, stat=-1.6341)
2026-03-31 16:50:35,120 | INFO | data_pipeline | [ADF] 'TEMA_14' — NON-STATIONARY  (p=0.4730, stat=-1.6196)
2026-03-31 16:50:38,782 | INFO | data_pipeline | [ADF] 'TRIMA_14' — NON-STATIONARY  (p=0.4720, stat=-1.6213)
2026-03-31 16:50:42,324 | INFO | data_pipeline | [ADF] 'WMA_14' — NON-STATIONARY  (p=0.4729, stat=-1.6197)
2026-03-31 16:52:11,541 | INFO | data_pipeline | [ADF] 'AVGPRICE' — NON-STATIONARY  (p=0.4742, stat=-1.6172)
2026-03-31 16:52:15,018 | INFO | data_pipeline | [ADF] 'MEDPRICE' — NON-STATIONARY  (p=0.4741, stat=-1.6174)
2026-03-31 16:52:18,476 | INFO | data_pipeline | [ADF] 'TYPPRICE' — NON-STATIONARY  (p=0.4730, stat=-1.6194)
2026-03-31 16:52:22,014 | INFO | data_pipeline | [ADF] 'WCLPRICE' — NON-STATIONARY  (p=0.4731, stat=-1.6193)
2026-03-31 16:52:49,028 | INFO | data_pipeline | [ADF] 'LINEARREG_14' — NON-STATIONARY  (p=0.4718, stat=-1.6218)
2026-03-31 16:52:56,064 | INFO | data_pipeline | [ADF] 'LINEARREG_INTERCEPT_14' — NON-STATIONARY  (p=0.4727, stat=-1.6200)
2026-03-31 16:53:07,005 | INFO | data_pipeline | [ADF] 'TSF_14' — NON-STATIONARY  (p=0.4722, stat=-1.6210)
2026-03-31 16:53:10,568 | INFO | data_pipeline | [ADF] Tested 65 column(s): 38 stationary, 27 non-stationary.
2026-03-31 16:53:10,590 | INFO | data_pipeline | [make_stationary] Differencing 27 non-stationary column(s)…
2026-03-31 16:53:14,022 | INFO | data_pipeline | [make_stationary] 'open' became stationary after 1 diff(s)  (p=0.0000).
2026-03-31 16:53:17,412 | INFO | data_pipeline | [make_stationary] 'high' became stationary after 1 diff(s)  (p=0.0000).
2026-03-31 16:53:20,669 | INFO | data_pipeline | [make_stationary] 'low' became stationary after 1 diff(s)  (p=0.0000).
2026-03-31 16:53:24,086 | INFO | data_pipeline | [make_stationary] 'close' became stationary after 1 diff(s)  (p=0.0000).
2026-03-31 16:53:27,549 | INFO | data_pipeline | [make_stationary] 'BB_UPPER' became stationary after 1 diff(s)  (p=0.0000).
2026-03-31 16:53:31,104 | INFO | data_pipeline | [make_stationary] 'BB_MIDDLE' became stationary after 1 diff(s)  (p=0.0000).
2026-03-31 16:53:34,602 | INFO | data_pipeline | [make_stationary] 'BB_LOWER' became stationary after 1 diff(s)  (p=0.0000).
2026-03-31 16:53:38,223 | INFO | data_pipeline | [make_stationary] 'DEMA_14' became stationary after 1 diff(s)  (p=0.0000).
2026-03-31 16:53:41,792 | INFO | data_pipeline | [make_stationary] 'EMA_14' became stationary after 1 diff(s)  (p=0.0000).
2026-03-31 16:53:45,650 | INFO | data_pipeline | [make_stationary] 'HT_TRENDLINE' became stationary after 1 diff(s)  (p=0.0000).
2026-03-31 16:53:49,269 | INFO | data_pipeline | [make_stationary] 'KAMA_14' became stationary after 1 diff(s)  (p=0.0000).
2026-03-31 16:53:53,503 | INFO | data_pipeline | [make_stationary] 'MA_14' became stationary after 1 diff(s)  (p=0.0000).
2026-03-31 16:53:57,665 | INFO | data_pipeline | [make_stationary] 'MIDPOINT_14' became stationary after 1 diff(s)  (p=0.0000).
2026-03-31 16:54:00,936 | INFO | data_pipeline | [make_stationary] 'MIDPRICE_14' became stationary after 1 diff(s)  (p=0.0000).
2026-03-31 16:54:04,547 | INFO | data_pipeline | [make_stationary] 'SAR' became stationary after 1 diff(s)  (p=0.0000).
2026-03-31 16:54:08,317 | INFO | data_pipeline | [make_stationary] 'SMA_14' became stationary after 1 diff(s)  (p=0.0000).
2026-03-31 16:54:11,924 | INFO | data_pipeline | [make_stationary] 'T3_14' became stationary after 1 diff(s)  (p=0.0000).
2026-03-31 16:54:15,514 | INFO | data_pipeline | [make_stationary] 'TEMA_14' became stationary after 1 diff(s)  (p=0.0000).
2026-03-31 16:54:19,179 | INFO | data_pipeline | [make_stationary] 'TRIMA_14' became stationary after 1 diff(s)  (p=0.0000).
2026-03-31 16:54:22,778 | INFO | data_pipeline | [make_stationary] 'WMA_14' became stationary after 1 diff(s)  (p=0.0000).
2026-03-31 16:54:26,403 | INFO | data_pipeline | [make_stationary] 'AVGPRICE' became stationary after 1 diff(s)  (p=0.0000).
2026-03-31 16:54:30,049 | INFO | data_pipeline | [make_stationary] 'MEDPRICE' became stationary after 1 diff(s)  (p=0.0000).
2026-03-31 16:54:33,660 | INFO | data_pipeline | [make_stationary] 'TYPPRICE' became stationary after 1 diff(s)  (p=0.0000).
2026-03-31 16:54:37,204 | INFO | data_pipeline | [make_stationary] 'WCLPRICE' became stationary after 1 diff(s)  (p=0.0000).
2026-03-31 16:54:40,896 | INFO | data_pipeline | [make_stationary] 'LINEARREG_14' became stationary after 1 diff(s)  (p=0.0000).
2026-03-31 16:54:44,610 | INFO | data_pipeline | [make_stationary] 'LINEARREG_INTERCEPT_14' became stationary after 1 diff(s)  (p=0.0000).
2026-03-31 16:54:48,262 | INFO | data_pipeline | [make_stationary] 'TSF_14' became stationary after 1 diff(s)  (p=0.0000).
2026-03-31 16:54:48,305 | INFO | data_pipeline | [make_stationary] Shape after differencing & dropna: (28329, 89)
2026-03-31 16:54:48,305 | INFO | data_pipeline | Differencing summary: open=1d, high=1d, low=1d, close=1d, BB_UPPER=1d, BB_MIDDLE=1d, BB_LOWER=1d, DEMA_14=1d, EMA_14=1d, HT_TRENDLINE=1d, KAMA_14=1d, MA_14=1d, MIDPOINT_14=1d, MIDPRICE_14=1d, SAR=1d, SMA_14=1d, T3_14=1d, TEMA_14=1d, TRIMA_14=1d, WMA_14=1d, AVGPRICE=1d, MEDPRICE=1d, TYPPRICE=1d, WCLPRICE=1d, LINEARREG_14=1d, LINEARREG_INTERCEPT_14=1d, TSF_14=1d
2026-03-31 16:54:48,337 | INFO | data_pipeline | train_ratio=0.8 → split at row 22663/28329 → split_date='2025-08-05 23:00:00' (80% train / 20% test)
2026-03-31 16:54:48,378 | INFO | data_pipeline | Classification target created — shape: (28329, 87), class counts:
{-1: 21268, 1: 7040, 0: 21}
2026-04-01 09:56:55,237 | INFO | data_pipeline | Classification target created — shape: (28329, 87), class counts:
{-1: 21268, 1: 7040, 0: 21}
2026-04-01 10:27:13,883 | INFO | data_pipeline | Fetching data: schema=data_binance, table=btc_1m, start=2023-01-01, end=2026-03-30
2026-04-01 10:27:38,174 | INFO | data_pipeline | Fetched 1,704,961 rows for btc.
2026-04-01 10:27:38,174 | INFO | data_pipeline | Resampling to 1h…
2026-04-01 10:27:39,193 | INFO | data_pipeline | Resampled shape: (28417, 6)
2026-04-01 10:27:39,194 | INFO | data_pipeline | Generating 71 indicator(s)…
2026-04-01 10:27:39,333 | INFO | data_pipeline | Feature shape after generation: (28417, 89)
2026-04-01 10:27:39,333 | INFO | data_pipeline | Running ADF stationarity tests…
2026-04-01 10:27:43,978 | INFO | data_pipeline | [ADF] 'open' — NON-STATIONARY  (p=0.4742, stat=-1.6171)
2026-04-01 10:27:48,423 | INFO | data_pipeline | [ADF] 'high' — NON-STATIONARY  (p=0.4740, stat=-1.6175)
2026-04-01 10:27:52,751 | INFO | data_pipeline | [ADF] 'low' — NON-STATIONARY  (p=0.4741, stat=-1.6173)
2026-04-01 10:27:57,047 | INFO | data_pipeline | [ADF] 'close' — NON-STATIONARY  (p=0.4744, stat=-1.6168)
2026-04-01 10:28:06,824 | INFO | data_pipeline | [ADF] 'BB_UPPER' — NON-STATIONARY  (p=0.4697, stat=-1.6258)
2026-04-01 10:28:11,200 | INFO | data_pipeline | [ADF] 'BB_MIDDLE' — NON-STATIONARY  (p=0.4672, stat=-1.6305)
2026-04-01 10:28:15,540 | INFO | data_pipeline | [ADF] 'BB_LOWER' — NON-STATIONARY  (p=0.4715, stat=-1.6224)
2026-04-01 10:28:19,542 | INFO | data_pipeline | [ADF] 'DEMA_14' — NON-STATIONARY  (p=0.4715, stat=-1.6223)
2026-04-01 10:28:23,501 | INFO | data_pipeline | [ADF] 'EMA_14' — NON-STATIONARY  (p=0.4729, stat=-1.6197)
2026-04-01 10:28:27,963 | INFO | data_pipeline | [ADF] 'HT_TRENDLINE' — NON-STATIONARY  (p=0.4684, stat=-1.6283)
2026-04-01 10:28:30,891 | INFO | data_pipeline | [ADF] 'KAMA_14' — NON-STATIONARY  (p=0.4759, stat=-1.6139)
2026-04-01 10:28:33,832 | INFO | data_pipeline | [ADF] 'MA_14' — NON-STATIONARY  (p=0.4712, stat=-1.6230)
2026-04-01 10:28:36,852 | INFO | data_pipeline | [ADF] 'MIDPOINT_14' — NON-STATIONARY  (p=0.4719, stat=-1.6216)
2026-04-01 10:28:39,875 | INFO | data_pipeline | [ADF] 'MIDPRICE_14' — NON-STATIONARY  (p=0.4681, stat=-1.6288)
2026-04-01 10:28:42,848 | INFO | data_pipeline | [ADF] 'SAR' — NON-STATIONARY  (p=0.4678, stat=-1.6295)
2026-04-01 10:28:49,072 | INFO | data_pipeline | [ADF] 'SMA_14' — NON-STATIONARY  (p=0.4712, stat=-1.6230)
2026-04-01 10:28:52,060 | INFO | data_pipeline | [ADF] 'T3_14' — NON-STATIONARY  (p=0.4653, stat=-1.6341)
2026-04-01 10:28:55,165 | INFO | data_pipeline | [ADF] 'TEMA_14' — NON-STATIONARY  (p=0.4730, stat=-1.6196)
2026-04-01 10:28:58,387 | INFO | data_pipeline | [ADF] 'TRIMA_14' — NON-STATIONARY  (p=0.4720, stat=-1.6213)
2026-04-01 10:29:01,542 | INFO | data_pipeline | [ADF] 'WMA_14' — NON-STATIONARY  (p=0.4729, stat=-1.6197)
2026-04-01 10:30:23,815 | INFO | data_pipeline | [ADF] 'AVGPRICE' — NON-STATIONARY  (p=0.4742, stat=-1.6172)
2026-04-01 10:30:27,003 | INFO | data_pipeline | [ADF] 'MEDPRICE' — NON-STATIONARY  (p=0.4741, stat=-1.6174)
2026-04-01 10:30:30,143 | INFO | data_pipeline | [ADF] 'TYPPRICE' — NON-STATIONARY  (p=0.4730, stat=-1.6194)
2026-04-01 10:30:33,264 | INFO | data_pipeline | [ADF] 'WCLPRICE' — NON-STATIONARY  (p=0.4731, stat=-1.6193)
2026-04-01 10:30:57,683 | INFO | data_pipeline | [ADF] 'LINEARREG_14' — NON-STATIONARY  (p=0.4718, stat=-1.6218)
2026-04-01 10:31:03,991 | INFO | data_pipeline | [ADF] 'LINEARREG_INTERCEPT_14' — NON-STATIONARY  (p=0.4727, stat=-1.6200)
2026-04-01 10:31:13,509 | INFO | data_pipeline | [ADF] 'TSF_14' — NON-STATIONARY  (p=0.4722, stat=-1.6210)
2026-04-01 10:31:16,519 | INFO | data_pipeline | [ADF] Tested 65 column(s): 38 stationary, 27 non-stationary.
2026-04-01 10:31:16,528 | INFO | data_pipeline | [make_stationary] Differencing 27 non-stationary column(s)…
2026-04-01 10:31:19,626 | INFO | data_pipeline | [make_stationary] 'open' became stationary after 1 diff(s)  (p=0.0000).
2026-04-01 10:31:22,761 | INFO | data_pipeline | [make_stationary] 'high' became stationary after 1 diff(s)  (p=0.0000).
2026-04-01 10:31:26,002 | INFO | data_pipeline | [make_stationary] 'low' became stationary after 1 diff(s)  (p=0.0000).
2026-04-01 10:31:29,123 | INFO | data_pipeline | [make_stationary] 'close' became stationary after 1 diff(s)  (p=0.0000).
2026-04-01 10:31:32,318 | INFO | data_pipeline | [make_stationary] 'BB_UPPER' became stationary after 1 diff(s)  (p=0.0000).
2026-04-01 10:31:35,477 | INFO | data_pipeline | [make_stationary] 'BB_MIDDLE' became stationary after 1 diff(s)  (p=0.0000).
2026-04-01 10:31:38,584 | INFO | data_pipeline | [make_stationary] 'BB_LOWER' became stationary after 1 diff(s)  (p=0.0000).
2026-04-01 10:31:41,631 | INFO | data_pipeline | [make_stationary] 'DEMA_14' became stationary after 1 diff(s)  (p=0.0000).
2026-04-01 10:31:44,700 | INFO | data_pipeline | [make_stationary] 'EMA_14' became stationary after 1 diff(s)  (p=0.0000).
2026-04-01 10:31:47,902 | INFO | data_pipeline | [make_stationary] 'HT_TRENDLINE' became stationary after 1 diff(s)  (p=0.0000).
2026-04-01 10:31:50,970 | INFO | data_pipeline | [make_stationary] 'KAMA_14' became stationary after 1 diff(s)  (p=0.0000).
2026-04-01 10:31:54,146 | INFO | data_pipeline | [make_stationary] 'MA_14' became stationary after 1 diff(s)  (p=0.0000).
2026-04-01 10:31:57,248 | INFO | data_pipeline | [make_stationary] 'MIDPOINT_14' became stationary after 1 diff(s)  (p=0.0000).
2026-04-01 10:32:00,163 | INFO | data_pipeline | [make_stationary] 'MIDPRICE_14' became stationary after 1 diff(s)  (p=0.0000).
2026-04-01 10:32:03,445 | INFO | data_pipeline | [make_stationary] 'SAR' became stationary after 1 diff(s)  (p=0.0000).
2026-04-01 10:32:06,770 | INFO | data_pipeline | [make_stationary] 'SMA_14' became stationary after 1 diff(s)  (p=0.0000).
2026-04-01 10:32:09,945 | INFO | data_pipeline | [make_stationary] 'T3_14' became stationary after 1 diff(s)  (p=0.0000).
2026-04-01 10:32:13,156 | INFO | data_pipeline | [make_stationary] 'TEMA_14' became stationary after 1 diff(s)  (p=0.0000).
2026-04-01 10:32:16,393 | INFO | data_pipeline | [make_stationary] 'TRIMA_14' became stationary after 1 diff(s)  (p=0.0000).
2026-04-01 10:32:19,541 | INFO | data_pipeline | [make_stationary] 'WMA_14' became stationary after 1 diff(s)  (p=0.0000).
2026-04-01 10:32:22,676 | INFO | data_pipeline | [make_stationary] 'AVGPRICE' became stationary after 1 diff(s)  (p=0.0000).
2026-04-01 10:32:25,852 | INFO | data_pipeline | [make_stationary] 'MEDPRICE' became stationary after 1 diff(s)  (p=0.0000).
2026-04-01 10:32:29,205 | INFO | data_pipeline | [make_stationary] 'TYPPRICE' became stationary after 1 diff(s)  (p=0.0000).
2026-04-01 10:32:33,146 | INFO | data_pipeline | [make_stationary] 'WCLPRICE' became stationary after 1 diff(s)  (p=0.0000).
2026-04-01 10:32:36,910 | INFO | data_pipeline | [make_stationary] 'LINEARREG_14' became stationary after 1 diff(s)  (p=0.0000).
2026-04-01 10:32:40,693 | INFO | data_pipeline | [make_stationary] 'LINEARREG_INTERCEPT_14' became stationary after 1 diff(s)  (p=0.0000).
2026-04-01 10:32:44,388 | INFO | data_pipeline | [make_stationary] 'TSF_14' became stationary after 1 diff(s)  (p=0.0000).
2026-04-01 10:32:44,441 | INFO | data_pipeline | [make_stationary] Shape after differencing & dropna: (28329, 89)
2026-04-01 10:32:44,441 | INFO | data_pipeline | Differencing summary: open=1d, high=1d, low=1d, close=1d, BB_UPPER=1d, BB_MIDDLE=1d, BB_LOWER=1d, DEMA_14=1d, EMA_14=1d, HT_TRENDLINE=1d, KAMA_14=1d, MA_14=1d, MIDPOINT_14=1d, MIDPRICE_14=1d, SAR=1d, SMA_14=1d, T3_14=1d, TEMA_14=1d, TRIMA_14=1d, WMA_14=1d, AVGPRICE=1d, MEDPRICE=1d, TYPPRICE=1d, WCLPRICE=1d, LINEARREG_14=1d, LINEARREG_INTERCEPT_14=1d, TSF_14=1d
2026-04-01 10:32:44,458 | INFO | data_pipeline | train_ratio=0.8 → split at row 22663/28329 → split_date='2025-08-05 23:00:00' (80% train / 20% test)
2026-04-01 10:32:44,504 | INFO | data_pipeline | Classification target created — shape: (28329, 87), class counts:
{-1: 21268, 1: 7040, 0: 21}
2026-04-01 11:44:29,989 | INFO | data_pipeline | Classification target created — shape: (28329, 87), class counts:
{-1: 21268, 1: 7040, 0: 21}
2026-04-01 11:58:58,935 | INFO | data_pipeline | Fetching data: schema=data_binance, table=btc_1m, start=2023-01-01, end=2026-03-30
2026-04-01 11:59:21,621 | INFO | data_pipeline | Fetched 1,704,961 rows for btc.
2026-04-01 11:59:21,621 | INFO | data_pipeline | Resampling to 1h…
2026-04-01 11:59:22,280 | INFO | data_pipeline | Resampled shape: (28417, 6)
2026-04-01 11:59:22,280 | INFO | data_pipeline | Generating 71 indicator(s)…
2026-04-01 11:59:22,393 | INFO | data_pipeline | Feature shape after generation: (28417, 89)
2026-04-01 11:59:22,402 | INFO | data_pipeline | Running ADF stationarity tests…
2026-04-01 11:59:25,555 | INFO | data_pipeline | [ADF] 'open' — NON-STATIONARY  (p=0.4742, stat=-1.6171)
2026-04-01 11:59:28,801 | INFO | data_pipeline | [ADF] 'high' — NON-STATIONARY  (p=0.4740, stat=-1.6175)
2026-04-01 11:59:32,150 | INFO | data_pipeline | [ADF] 'low' — NON-STATIONARY  (p=0.4741, stat=-1.6173)
2026-04-01 11:59:35,661 | INFO | data_pipeline | [ADF] 'close' — NON-STATIONARY  (p=0.4744, stat=-1.6168)
2026-04-01 11:59:42,520 | INFO | data_pipeline | [ADF] 'BB_UPPER' — NON-STATIONARY  (p=0.4697, stat=-1.6258)
2026-04-01 11:59:46,072 | INFO | data_pipeline | [ADF] 'BB_MIDDLE' — NON-STATIONARY  (p=0.4672, stat=-1.6305)
2026-04-01 11:59:50,006 | INFO | data_pipeline | [ADF] 'BB_LOWER' — NON-STATIONARY  (p=0.4715, stat=-1.6224)
2026-04-01 11:59:54,285 | INFO | data_pipeline | [ADF] 'DEMA_14' — NON-STATIONARY  (p=0.4715, stat=-1.6223)
2026-04-01 11:59:59,763 | INFO | data_pipeline | [ADF] 'EMA_14' — NON-STATIONARY  (p=0.4729, stat=-1.6197)
2026-04-01 12:00:05,547 | INFO | data_pipeline | [ADF] 'HT_TRENDLINE' — NON-STATIONARY  (p=0.4684, stat=-1.6283)
2026-04-01 12:00:11,781 | INFO | data_pipeline | [ADF] 'KAMA_14' — NON-STATIONARY  (p=0.4759, stat=-1.6139)
2026-04-01 12:00:18,448 | INFO | data_pipeline | [ADF] 'MA_14' — NON-STATIONARY  (p=0.4712, stat=-1.6230)
2026-04-01 12:00:24,227 | INFO | data_pipeline | [ADF] 'MIDPOINT_14' — NON-STATIONARY  (p=0.4719, stat=-1.6216)
2026-04-01 12:00:30,616 | INFO | data_pipeline | [ADF] 'MIDPRICE_14' — NON-STATIONARY  (p=0.4681, stat=-1.6288)
2026-04-01 12:00:35,858 | INFO | data_pipeline | [ADF] 'SAR' — NON-STATIONARY  (p=0.4678, stat=-1.6295)
2026-04-01 12:00:48,603 | INFO | data_pipeline | [ADF] 'SMA_14' — NON-STATIONARY  (p=0.4712, stat=-1.6230)
2026-04-01 12:00:54,834 | INFO | data_pipeline | [ADF] 'T3_14' — NON-STATIONARY  (p=0.4653, stat=-1.6341)
2026-04-01 12:01:01,014 | INFO | data_pipeline | [ADF] 'TEMA_14' — NON-STATIONARY  (p=0.4730, stat=-1.6196)
2026-04-01 12:01:07,584 | INFO | data_pipeline | [ADF] 'TRIMA_14' — NON-STATIONARY  (p=0.4720, stat=-1.6213)
2026-04-01 12:01:14,301 | INFO | data_pipeline | [ADF] 'WMA_14' — NON-STATIONARY  (p=0.4729, stat=-1.6197)
2026-04-01 12:03:51,667 | INFO | data_pipeline | [ADF] 'AVGPRICE' — NON-STATIONARY  (p=0.4742, stat=-1.6172)
2026-04-01 12:03:57,961 | INFO | data_pipeline | [ADF] 'MEDPRICE' — NON-STATIONARY  (p=0.4741, stat=-1.6174)
2026-04-01 12:04:04,539 | INFO | data_pipeline | [ADF] 'TYPPRICE' — NON-STATIONARY  (p=0.4730, stat=-1.6194)
2026-04-01 12:04:11,023 | INFO | data_pipeline | [ADF] 'WCLPRICE' — NON-STATIONARY  (p=0.4731, stat=-1.6193)
2026-04-01 12:05:01,733 | INFO | data_pipeline | [ADF] 'LINEARREG_14' — NON-STATIONARY  (p=0.4718, stat=-1.6218)
2026-04-01 12:05:15,562 | INFO | data_pipeline | [ADF] 'LINEARREG_INTERCEPT_14' — NON-STATIONARY  (p=0.4727, stat=-1.6200)
2026-04-01 12:05:36,137 | INFO | data_pipeline | [ADF] 'TSF_14' — NON-STATIONARY  (p=0.4722, stat=-1.6210)
2026-04-01 12:05:42,942 | INFO | data_pipeline | [ADF] Tested 65 column(s): 38 stationary, 27 non-stationary.
2026-04-01 12:05:42,998 | INFO | data_pipeline | [make_stationary] Differencing 27 non-stationary column(s)…
2026-04-01 12:05:49,609 | INFO | data_pipeline | [make_stationary] 'open' became stationary after 1 diff(s)  (p=0.0000).
2026-04-01 12:05:55,755 | INFO | data_pipeline | [make_stationary] 'high' became stationary after 1 diff(s)  (p=0.0000).
2026-04-01 12:06:02,338 | INFO | data_pipeline | [make_stationary] 'low' became stationary after 1 diff(s)  (p=0.0000).
2026-04-01 12:06:08,491 | INFO | data_pipeline | [make_stationary] 'close' became stationary after 1 diff(s)  (p=0.0000).
2026-04-01 12:06:15,086 | INFO | data_pipeline | [make_stationary] 'BB_UPPER' became stationary after 1 diff(s)  (p=0.0000).
2026-04-01 12:06:21,962 | INFO | data_pipeline | [make_stationary] 'BB_MIDDLE' became stationary after 1 diff(s)  (p=0.0000).
2026-04-01 12:06:28,170 | INFO | data_pipeline | [make_stationary] 'BB_LOWER' became stationary after 1 diff(s)  (p=0.0000).
2026-04-01 12:06:33,866 | INFO | data_pipeline | [make_stationary] 'DEMA_14' became stationary after 1 diff(s)  (p=0.0000).
2026-04-01 12:06:39,943 | INFO | data_pipeline | [make_stationary] 'EMA_14' became stationary after 1 diff(s)  (p=0.0000).
2026-04-01 12:06:46,568 | INFO | data_pipeline | [make_stationary] 'HT_TRENDLINE' became stationary after 1 diff(s)  (p=0.0000).
2026-04-01 12:06:52,957 | INFO | data_pipeline | [make_stationary] 'KAMA_14' became stationary after 1 diff(s)  (p=0.0000).
2026-04-01 12:06:59,554 | INFO | data_pipeline | [make_stationary] 'MA_14' became stationary after 1 diff(s)  (p=0.0000).
2026-04-01 12:07:05,951 | INFO | data_pipeline | [make_stationary] 'MIDPOINT_14' became stationary after 1 diff(s)  (p=0.0000).
2026-04-01 12:07:12,426 | INFO | data_pipeline | [make_stationary] 'MIDPRICE_14' became stationary after 1 diff(s)  (p=0.0000).
2026-04-01 12:07:18,990 | INFO | data_pipeline | [make_stationary] 'SAR' became stationary after 1 diff(s)  (p=0.0000).
2026-04-01 12:07:25,598 | INFO | data_pipeline | [make_stationary] 'SMA_14' became stationary after 1 diff(s)  (p=0.0000).
2026-04-01 12:07:31,430 | INFO | data_pipeline | [make_stationary] 'T3_14' became stationary after 1 diff(s)  (p=0.0000).
2026-04-01 12:07:37,476 | INFO | data_pipeline | [make_stationary] 'TEMA_14' became stationary after 1 diff(s)  (p=0.0000).
2026-04-01 12:07:44,508 | INFO | data_pipeline | [make_stationary] 'TRIMA_14' became stationary after 1 diff(s)  (p=0.0000).
2026-04-01 12:07:50,884 | INFO | data_pipeline | [make_stationary] 'WMA_14' became stationary after 1 diff(s)  (p=0.0000).
2026-04-01 12:07:57,327 | INFO | data_pipeline | [make_stationary] 'AVGPRICE' became stationary after 1 diff(s)  (p=0.0000).
2026-04-01 12:08:03,290 | INFO | data_pipeline | [make_stationary] 'MEDPRICE' became stationary after 1 diff(s)  (p=0.0000).
2026-04-01 12:08:09,470 | INFO | data_pipeline | [make_stationary] 'TYPPRICE' became stationary after 1 diff(s)  (p=0.0000).
2026-04-01 12:08:15,875 | INFO | data_pipeline | [make_stationary] 'WCLPRICE' became stationary after 1 diff(s)  (p=0.0000).
2026-04-01 12:08:22,423 | INFO | data_pipeline | [make_stationary] 'LINEARREG_14' became stationary after 1 diff(s)  (p=0.0000).
2026-04-01 12:08:29,051 | INFO | data_pipeline | [make_stationary] 'LINEARREG_INTERCEPT_14' became stationary after 1 diff(s)  (p=0.0000).
2026-04-01 12:08:35,349 | INFO | data_pipeline | [make_stationary] 'TSF_14' became stationary after 1 diff(s)  (p=0.0000).
2026-04-01 12:08:35,461 | INFO | data_pipeline | [make_stationary] Shape after differencing & dropna: (28329, 89)
2026-04-01 12:08:35,461 | INFO | data_pipeline | Differencing summary: open=1d, high=1d, low=1d, close=1d, BB_UPPER=1d, BB_MIDDLE=1d, BB_LOWER=1d, DEMA_14=1d, EMA_14=1d, HT_TRENDLINE=1d, KAMA_14=1d, MA_14=1d, MIDPOINT_14=1d, MIDPRICE_14=1d, SAR=1d, SMA_14=1d, T3_14=1d, TEMA_14=1d, TRIMA_14=1d, WMA_14=1d, AVGPRICE=1d, MEDPRICE=1d, TYPPRICE=1d, WCLPRICE=1d, LINEARREG_14=1d, LINEARREG_INTERCEPT_14=1d, TSF_14=1d
2026-04-01 12:08:35,575 | INFO | data_pipeline | train_ratio=0.8 → split at row 22663/28329 → split_date='2025-08-05 23:00:00' (80% train / 20% test)
2026-04-01 12:08:35,678 | INFO | data_pipeline | Classification target created — shape: (28329, 87), class counts:
{-1: 21268, 1: 7040, 0: 21}
2026-04-01 13:24:22,861 | INFO | data_pipeline | Classification target created — shape: (28329, 87), class counts:
{-1: 21268, 1: 7040, 0: 21}
2026-04-01 14:40:15,119 | INFO | data_pipeline | Classification target created — shape: (28329, 87), class counts:
{-1: 21268, 1: 7040, 0: 21}
2026-04-01 17:51:47,992 | INFO | data_pipeline | Classification target created — shape: (28329, 87), class counts:
{-1: 21268, 1: 7040, 0: 21}
2026-04-01 17:51:50,501 | INFO | data_pipeline | Regression target created — shape: (28315, 87)
2026-04-02 11:15:23,818 | INFO | data_pipeline | Fetching data: schema=data_binance, table=btc_1m, start=2023-01-01, end=2026-03-30
2026-04-02 11:15:40,302 | INFO | data_pipeline | Fetched 1,704,961 rows for btc.
2026-04-02 11:15:40,302 | INFO | data_pipeline | Resampling to 1h…
2026-04-02 11:15:41,138 | INFO | data_pipeline | Resampled shape: (28417, 6)
2026-04-02 11:15:41,138 | INFO | data_pipeline | Generating 71 indicator(s)…
2026-04-02 11:15:41,295 | INFO | data_pipeline | Feature shape after generation: (28417, 89)
2026-04-02 11:15:41,295 | INFO | data_pipeline | Running ADF stationarity tests…
2026-04-02 11:15:44,063 | INFO | data_pipeline | [ADF] 'open' — NON-STATIONARY  (p=0.4742, stat=-1.6171)
2026-04-02 11:15:46,932 | INFO | data_pipeline | [ADF] 'high' — NON-STATIONARY  (p=0.4740, stat=-1.6175)
2026-04-02 11:15:50,050 | INFO | data_pipeline | [ADF] 'low' — NON-STATIONARY  (p=0.4741, stat=-1.6173)
2026-04-02 11:15:53,202 | INFO | data_pipeline | [ADF] 'close' — NON-STATIONARY  (p=0.4744, stat=-1.6168)
2026-04-02 11:15:59,810 | INFO | data_pipeline | [ADF] 'BB_UPPER' — NON-STATIONARY  (p=0.4697, stat=-1.6258)
2026-04-02 11:16:03,193 | INFO | data_pipeline | [ADF] 'BB_MIDDLE' — NON-STATIONARY  (p=0.4672, stat=-1.6305)
2026-04-02 11:16:06,515 | INFO | data_pipeline | [ADF] 'BB_LOWER' — NON-STATIONARY  (p=0.4715, stat=-1.6224)
2026-04-02 11:16:09,832 | INFO | data_pipeline | [ADF] 'DEMA_14' — NON-STATIONARY  (p=0.4715, stat=-1.6223)
2026-04-02 11:16:13,106 | INFO | data_pipeline | [ADF] 'EMA_14' — NON-STATIONARY  (p=0.4729, stat=-1.6197)
2026-04-02 11:16:16,449 | INFO | data_pipeline | [ADF] 'HT_TRENDLINE' — NON-STATIONARY  (p=0.4684, stat=-1.6283)
2026-04-02 11:16:19,698 | INFO | data_pipeline | [ADF] 'KAMA_14' — NON-STATIONARY  (p=0.4759, stat=-1.6139)
2026-04-02 11:16:23,081 | INFO | data_pipeline | [ADF] 'MA_14' — NON-STATIONARY  (p=0.4712, stat=-1.6230)
2026-04-02 11:16:26,412 | INFO | data_pipeline | [ADF] 'MIDPOINT_14' — NON-STATIONARY  (p=0.4719, stat=-1.6216)
2026-04-02 11:16:29,717 | INFO | data_pipeline | [ADF] 'MIDPRICE_14' — NON-STATIONARY  (p=0.4681, stat=-1.6288)
2026-04-02 11:16:33,029 | INFO | data_pipeline | [ADF] 'SAR' — NON-STATIONARY  (p=0.4678, stat=-1.6295)
2026-04-02 11:16:39,562 | INFO | data_pipeline | [ADF] 'SMA_14' — NON-STATIONARY  (p=0.4712, stat=-1.6230)
2026-04-02 11:16:42,598 | INFO | data_pipeline | [ADF] 'T3_14' — NON-STATIONARY  (p=0.4653, stat=-1.6341)
2026-04-02 11:16:45,576 | INFO | data_pipeline | [ADF] 'TEMA_14' — NON-STATIONARY  (p=0.4730, stat=-1.6196)
2026-04-02 11:16:48,854 | INFO | data_pipeline | [ADF] 'TRIMA_14' — NON-STATIONARY  (p=0.4720, stat=-1.6213)
2026-04-02 11:16:52,081 | INFO | data_pipeline | [ADF] 'WMA_14' — NON-STATIONARY  (p=0.4729, stat=-1.6197)
2026-04-02 11:18:14,776 | INFO | data_pipeline | [ADF] 'AVGPRICE' — NON-STATIONARY  (p=0.4742, stat=-1.6172)
2026-04-02 11:18:18,013 | INFO | data_pipeline | [ADF] 'MEDPRICE' — NON-STATIONARY  (p=0.4741, stat=-1.6174)
2026-04-02 11:18:21,210 | INFO | data_pipeline | [ADF] 'TYPPRICE' — NON-STATIONARY  (p=0.4730, stat=-1.6194)
2026-04-02 11:18:24,409 | INFO | data_pipeline | [ADF] 'WCLPRICE' — NON-STATIONARY  (p=0.4731, stat=-1.6193)
2026-04-02 11:18:49,296 | INFO | data_pipeline | [ADF] 'LINEARREG_14' — NON-STATIONARY  (p=0.4718, stat=-1.6218)
2026-04-02 11:18:55,711 | INFO | data_pipeline | [ADF] 'LINEARREG_INTERCEPT_14' — NON-STATIONARY  (p=0.4727, stat=-1.6200)
2026-04-02 11:19:05,362 | INFO | data_pipeline | [ADF] 'TSF_14' — NON-STATIONARY  (p=0.4722, stat=-1.6210)
2026-04-02 11:19:08,683 | INFO | data_pipeline | [ADF] Tested 65 column(s): 38 stationary, 27 non-stationary.
2026-04-02 11:19:08,707 | INFO | data_pipeline | [make_stationary] Differencing 27 non-stationary column(s)…
2026-04-02 11:19:11,988 | INFO | data_pipeline | [make_stationary] 'open' became stationary after 1 diff(s)  (p=0.0000).
2026-04-02 11:19:15,690 | INFO | data_pipeline | [make_stationary] 'high' became stationary after 1 diff(s)  (p=0.0000).
2026-04-02 11:19:19,854 | INFO | data_pipeline | [make_stationary] 'low' became stationary after 1 diff(s)  (p=0.0000).
2026-04-02 11:19:23,569 | INFO | data_pipeline | [make_stationary] 'close' became stationary after 1 diff(s)  (p=0.0000).
2026-04-02 11:19:26,648 | INFO | data_pipeline | [make_stationary] 'BB_UPPER' became stationary after 1 diff(s)  (p=0.0000).
2026-04-02 11:19:29,954 | INFO | data_pipeline | [make_stationary] 'BB_MIDDLE' became stationary after 1 diff(s)  (p=0.0000).
2026-04-02 11:19:33,291 | INFO | data_pipeline | [make_stationary] 'BB_LOWER' became stationary after 1 diff(s)  (p=0.0000).
2026-04-02 11:19:36,740 | INFO | data_pipeline | [make_stationary] 'DEMA_14' became stationary after 1 diff(s)  (p=0.0000).
2026-04-02 11:19:40,309 | INFO | data_pipeline | [make_stationary] 'EMA_14' became stationary after 1 diff(s)  (p=0.0000).
2026-04-02 11:19:43,920 | INFO | data_pipeline | [make_stationary] 'HT_TRENDLINE' became stationary after 1 diff(s)  (p=0.0000).
2026-04-02 11:19:47,596 | INFO | data_pipeline | [make_stationary] 'KAMA_14' became stationary after 1 diff(s)  (p=0.0000).
2026-04-02 11:19:51,153 | INFO | data_pipeline | [make_stationary] 'MA_14' became stationary after 1 diff(s)  (p=0.0000).
2026-04-02 11:19:54,888 | INFO | data_pipeline | [make_stationary] 'MIDPOINT_14' became stationary after 1 diff(s)  (p=0.0000).
2026-04-02 11:19:58,553 | INFO | data_pipeline | [make_stationary] 'MIDPRICE_14' became stationary after 1 diff(s)  (p=0.0000).
2026-04-02 11:20:02,174 | INFO | data_pipeline | [make_stationary] 'SAR' became stationary after 1 diff(s)  (p=0.0000).
2026-04-02 11:20:05,837 | INFO | data_pipeline | [make_stationary] 'SMA_14' became stationary after 1 diff(s)  (p=0.0000).
2026-04-02 11:20:09,797 | INFO | data_pipeline | [make_stationary] 'T3_14' became stationary after 1 diff(s)  (p=0.0000).
2026-04-02 11:20:13,992 | INFO | data_pipeline | [make_stationary] 'TEMA_14' became stationary after 1 diff(s)  (p=0.0000).
2026-04-02 11:20:17,938 | INFO | data_pipeline | [make_stationary] 'TRIMA_14' became stationary after 1 diff(s)  (p=0.0000).
2026-04-02 11:20:21,562 | INFO | data_pipeline | [make_stationary] 'WMA_14' became stationary after 1 diff(s)  (p=0.0000).
2026-04-02 11:20:25,231 | INFO | data_pipeline | [make_stationary] 'AVGPRICE' became stationary after 1 diff(s)  (p=0.0000).
2026-04-02 11:20:28,972 | INFO | data_pipeline | [make_stationary] 'MEDPRICE' became stationary after 1 diff(s)  (p=0.0000).
2026-04-02 11:20:32,693 | INFO | data_pipeline | [make_stationary] 'TYPPRICE' became stationary after 1 diff(s)  (p=0.0000).
2026-04-02 11:20:36,289 | INFO | data_pipeline | [make_stationary] 'WCLPRICE' became stationary after 1 diff(s)  (p=0.0000).
2026-04-02 11:20:39,964 | INFO | data_pipeline | [make_stationary] 'LINEARREG_14' became stationary after 1 diff(s)  (p=0.0000).
2026-04-02 11:20:43,608 | INFO | data_pipeline | [make_stationary] 'LINEARREG_INTERCEPT_14' became stationary after 1 diff(s)  (p=0.0000).
2026-04-02 11:20:47,389 | INFO | data_pipeline | [make_stationary] 'TSF_14' became stationary after 1 diff(s)  (p=0.0000).
2026-04-02 11:20:47,433 | INFO | data_pipeline | [make_stationary] Shape after differencing & dropna: (28329, 89)
2026-04-02 11:20:47,433 | INFO | data_pipeline | Differencing summary: open=1d, high=1d, low=1d, close=1d, BB_UPPER=1d, BB_MIDDLE=1d, BB_LOWER=1d, DEMA_14=1d, EMA_14=1d, HT_TRENDLINE=1d, KAMA_14=1d, MA_14=1d, MIDPOINT_14=1d, MIDPRICE_14=1d, SAR=1d, SMA_14=1d, T3_14=1d, TEMA_14=1d, TRIMA_14=1d, WMA_14=1d, AVGPRICE=1d, MEDPRICE=1d, TYPPRICE=1d, WCLPRICE=1d, LINEARREG_14=1d, LINEARREG_INTERCEPT_14=1d, TSF_14=1d
2026-04-02 11:20:47,459 | INFO | data_pipeline | train_ratio=0.8 → split at row 22663/28329 → split_date='2025-08-05 23:00:00' (80% train / 20% test)
2026-04-02 11:20:47,501 | INFO | data_pipeline | Classification target created — shape: (28329, 87), class counts:
{-1: 21268, 1: 7040, 0: 21}
2026-04-02 11:47:21,725 | INFO | data_pipeline | Fetching data: schema=data_binance, table=btc_1m, start=2023-01-01, end=2026-03-30
2026-04-02 11:47:32,903 | INFO | data_pipeline | Fetched 1,704,961 rows for btc.
2026-04-02 11:47:32,903 | INFO | data_pipeline | Resampling to 1h…
2026-04-02 11:47:33,785 | INFO | data_pipeline | Resampled shape: (28417, 6)
2026-04-02 11:47:33,785 | INFO | data_pipeline | Generating 71 indicator(s)…
2026-04-02 11:47:33,955 | INFO | data_pipeline | Feature shape after generation: (28417, 89)
2026-04-02 11:47:33,955 | INFO | data_pipeline | Running ADF stationarity tests…
2026-04-02 11:47:36,924 | INFO | data_pipeline | [ADF] 'open' — NON-STATIONARY  (p=0.4742, stat=-1.6171)
2026-04-02 11:47:39,917 | INFO | data_pipeline | [ADF] 'high' — NON-STATIONARY  (p=0.4740, stat=-1.6175)
2026-04-02 11:47:42,945 | INFO | data_pipeline | [ADF] 'low' — NON-STATIONARY  (p=0.4741, stat=-1.6173)
2026-04-02 11:47:46,048 | INFO | data_pipeline | [ADF] 'close' — NON-STATIONARY  (p=0.4744, stat=-1.6168)
2026-04-02 11:47:52,483 | INFO | data_pipeline | [ADF] 'BB_UPPER' — NON-STATIONARY  (p=0.4697, stat=-1.6258)
2026-04-02 11:47:55,763 | INFO | data_pipeline | [ADF] 'BB_MIDDLE' — NON-STATIONARY  (p=0.4672, stat=-1.6305)
2026-04-02 11:47:58,950 | INFO | data_pipeline | [ADF] 'BB_LOWER' — NON-STATIONARY  (p=0.4715, stat=-1.6224)
2026-04-02 11:48:02,107 | INFO | data_pipeline | [ADF] 'DEMA_14' — NON-STATIONARY  (p=0.4715, stat=-1.6223)
2026-04-02 11:48:05,219 | INFO | data_pipeline | [ADF] 'EMA_14' — NON-STATIONARY  (p=0.4729, stat=-1.6197)
2026-04-02 11:48:08,470 | INFO | data_pipeline | [ADF] 'HT_TRENDLINE' — NON-STATIONARY  (p=0.4684, stat=-1.6283)
2026-04-02 11:48:11,711 | INFO | data_pipeline | [ADF] 'KAMA_14' — NON-STATIONARY  (p=0.4759, stat=-1.6139)
2026-04-02 11:48:14,978 | INFO | data_pipeline | [ADF] 'MA_14' — NON-STATIONARY  (p=0.4712, stat=-1.6230)
2026-04-02 11:48:18,203 | INFO | data_pipeline | [ADF] 'MIDPOINT_14' — NON-STATIONARY  (p=0.4719, stat=-1.6216)
2026-04-02 11:48:21,386 | INFO | data_pipeline | [ADF] 'MIDPRICE_14' — NON-STATIONARY  (p=0.4681, stat=-1.6288)
2026-04-02 11:48:24,601 | INFO | data_pipeline | [ADF] 'SAR' — NON-STATIONARY  (p=0.4678, stat=-1.6295)
2026-04-02 11:48:31,020 | INFO | data_pipeline | [ADF] 'SMA_14' — NON-STATIONARY  (p=0.4712, stat=-1.6230)
2026-04-02 11:48:34,219 | INFO | data_pipeline | [ADF] 'T3_14' — NON-STATIONARY  (p=0.4653, stat=-1.6341)
2026-04-02 11:48:37,369 | INFO | data_pipeline | [ADF] 'TEMA_14' — NON-STATIONARY  (p=0.4730, stat=-1.6196)
2026-04-02 11:48:40,599 | INFO | data_pipeline | [ADF] 'TRIMA_14' — NON-STATIONARY  (p=0.4720, stat=-1.6213)
2026-04-02 11:48:43,785 | INFO | data_pipeline | [ADF] 'WMA_14' — NON-STATIONARY  (p=0.4729, stat=-1.6197)
2026-04-02 11:50:06,772 | INFO | data_pipeline | [ADF] 'AVGPRICE' — NON-STATIONARY  (p=0.4742, stat=-1.6172)
2026-04-02 11:50:10,001 | INFO | data_pipeline | [ADF] 'MEDPRICE' — NON-STATIONARY  (p=0.4741, stat=-1.6174)
2026-04-02 11:50:13,190 | INFO | data_pipeline | [ADF] 'TYPPRICE' — NON-STATIONARY  (p=0.4730, stat=-1.6194)
2026-04-02 11:50:16,412 | INFO | data_pipeline | [ADF] 'WCLPRICE' — NON-STATIONARY  (p=0.4731, stat=-1.6193)
2026-04-02 11:50:42,341 | INFO | data_pipeline | [ADF] 'LINEARREG_14' — NON-STATIONARY  (p=0.4718, stat=-1.6218)
2026-04-02 11:50:48,413 | INFO | data_pipeline | [ADF] 'LINEARREG_INTERCEPT_14' — NON-STATIONARY  (p=0.4727, stat=-1.6200)
2026-04-02 11:50:57,774 | INFO | data_pipeline | [ADF] 'TSF_14' — NON-STATIONARY  (p=0.4722, stat=-1.6210)
2026-04-02 11:51:01,069 | INFO | data_pipeline | [ADF] Tested 65 column(s): 38 stationary, 27 non-stationary.
2026-04-02 11:51:01,095 | INFO | data_pipeline | [make_stationary] Differencing 27 non-stationary column(s)…
2026-04-02 11:51:04,392 | INFO | data_pipeline | [make_stationary] 'open' became stationary after 1 diff(s)  (p=0.0000).
2026-04-02 11:51:07,574 | INFO | data_pipeline | [make_stationary] 'high' became stationary after 1 diff(s)  (p=0.0000).
2026-04-02 11:51:10,576 | INFO | data_pipeline | [make_stationary] 'low' became stationary after 1 diff(s)  (p=0.0000).
2026-04-02 11:51:13,576 | INFO | data_pipeline | [make_stationary] 'close' became stationary after 1 diff(s)  (p=0.0000).
2026-04-02 11:51:16,927 | INFO | data_pipeline | [make_stationary] 'BB_UPPER' became stationary after 1 diff(s)  (p=0.0000).
2026-04-02 11:51:20,172 | INFO | data_pipeline | [make_stationary] 'BB_MIDDLE' became stationary after 1 diff(s)  (p=0.0000).
2026-04-02 11:51:23,290 | INFO | data_pipeline | [make_stationary] 'BB_LOWER' became stationary after 1 diff(s)  (p=0.0000).
2026-04-02 11:51:26,410 | INFO | data_pipeline | [make_stationary] 'DEMA_14' became stationary after 1 diff(s)  (p=0.0000).
2026-04-02 11:51:29,499 | INFO | data_pipeline | [make_stationary] 'EMA_14' became stationary after 1 diff(s)  (p=0.0000).
2026-04-02 11:51:32,696 | INFO | data_pipeline | [make_stationary] 'HT_TRENDLINE' became stationary after 1 diff(s)  (p=0.0000).
2026-04-02 11:51:35,835 | INFO | data_pipeline | [make_stationary] 'KAMA_14' became stationary after 1 diff(s)  (p=0.0000).
2026-04-02 11:51:39,027 | INFO | data_pipeline | [make_stationary] 'MA_14' became stationary after 1 diff(s)  (p=0.0000).
2026-04-02 11:51:42,223 | INFO | data_pipeline | [make_stationary] 'MIDPOINT_14' became stationary after 1 diff(s)  (p=0.0000).
2026-04-02 11:51:45,373 | INFO | data_pipeline | [make_stationary] 'MIDPRICE_14' became stationary after 1 diff(s)  (p=0.0000).
2026-04-02 11:51:48,423 | INFO | data_pipeline | [make_stationary] 'SAR' became stationary after 1 diff(s)  (p=0.0000).
2026-04-02 11:51:51,538 | INFO | data_pipeline | [make_stationary] 'SMA_14' became stationary after 1 diff(s)  (p=0.0000).
2026-04-02 11:51:54,621 | INFO | data_pipeline | [make_stationary] 'T3_14' became stationary after 1 diff(s)  (p=0.0000).
2026-04-02 11:51:57,741 | INFO | data_pipeline | [make_stationary] 'TEMA_14' became stationary after 1 diff(s)  (p=0.0000).
2026-04-02 11:52:00,961 | INFO | data_pipeline | [make_stationary] 'TRIMA_14' became stationary after 1 diff(s)  (p=0.0000).
2026-04-02 11:52:04,037 | INFO | data_pipeline | [make_stationary] 'WMA_14' became stationary after 1 diff(s)  (p=0.0000).
2026-04-02 11:52:07,152 | INFO | data_pipeline | [make_stationary] 'AVGPRICE' became stationary after 1 diff(s)  (p=0.0000).
2026-04-02 11:52:10,604 | INFO | data_pipeline | [make_stationary] 'MEDPRICE' became stationary after 1 diff(s)  (p=0.0000).
2026-04-02 11:52:13,672 | INFO | data_pipeline | [make_stationary] 'TYPPRICE' became stationary after 1 diff(s)  (p=0.0000).
2026-04-02 11:52:16,795 | INFO | data_pipeline | [make_stationary] 'WCLPRICE' became stationary after 1 diff(s)  (p=0.0000).
2026-04-02 11:52:20,027 | INFO | data_pipeline | [make_stationary] 'LINEARREG_14' became stationary after 1 diff(s)  (p=0.0000).
2026-04-02 11:52:23,215 | INFO | data_pipeline | [make_stationary] 'LINEARREG_INTERCEPT_14' became stationary after 1 diff(s)  (p=0.0000).
2026-04-02 11:52:26,373 | INFO | data_pipeline | [make_stationary] 'TSF_14' became stationary after 1 diff(s)  (p=0.0000).
2026-04-02 11:52:26,424 | INFO | data_pipeline | [make_stationary] Shape after differencing & dropna: (28329, 89)
2026-04-02 11:52:26,424 | INFO | data_pipeline | Differencing summary: open=1d, high=1d, low=1d, close=1d, BB_UPPER=1d, BB_MIDDLE=1d, BB_LOWER=1d, DEMA_14=1d, EMA_14=1d, HT_TRENDLINE=1d, KAMA_14=1d, MA_14=1d, MIDPOINT_14=1d, MIDPRICE_14=1d, SAR=1d, SMA_14=1d, T3_14=1d, TEMA_14=1d, TRIMA_14=1d, WMA_14=1d, AVGPRICE=1d, MEDPRICE=1d, TYPPRICE=1d, WCLPRICE=1d, LINEARREG_14=1d, LINEARREG_INTERCEPT_14=1d, TSF_14=1d
2026-04-02 11:52:26,440 | INFO | data_pipeline | train_ratio=0.8 → split at row 22663/28329 → split_date='2025-08-05 23:00:00' (80% train / 20% test)
2026-04-02 11:52:26,475 | INFO | data_pipeline | Classification target created — shape: (28329, 87), class counts:
{-1: 21268, 1: 7040, 0: 21}
2026-04-02 11:54:21,195 | INFO | data_pipeline | Classification target created — shape: (28329, 87), class counts:
{-1: 21268, 1: 7040, 0: 21}
2026-04-02 12:04:46,304 | INFO | data_pipeline | Fetching data: schema=data_binance, table=btc_1m, start=2023-01-01, end=2026-03-30
2026-04-02 12:04:56,555 | INFO | data_pipeline | Fetched 1,704,961 rows for btc.
2026-04-02 12:04:56,555 | INFO | data_pipeline | Resampling to 1h…
2026-04-02 12:04:57,345 | INFO | data_pipeline | Resampled shape: (28417, 6)
2026-04-02 12:04:57,347 | INFO | data_pipeline | Generating 71 indicator(s)…
2026-04-02 12:04:57,497 | INFO | data_pipeline | Feature shape after generation: (28417, 89)
2026-04-02 12:04:57,497 | INFO | data_pipeline | Running ADF stationarity tests…
2026-04-02 12:05:00,526 | INFO | data_pipeline | [ADF] 'open' — NON-STATIONARY  (p=0.4742, stat=-1.6171)
2026-04-02 12:05:03,839 | INFO | data_pipeline | [ADF] 'high' — NON-STATIONARY  (p=0.4740, stat=-1.6175)
2026-04-02 12:05:07,000 | INFO | data_pipeline | [ADF] 'low' — NON-STATIONARY  (p=0.4741, stat=-1.6173)
2026-04-02 12:05:10,457 | INFO | data_pipeline | [ADF] 'close' — NON-STATIONARY  (p=0.4744, stat=-1.6168)
2026-04-02 12:05:17,341 | INFO | data_pipeline | [ADF] 'BB_UPPER' — NON-STATIONARY  (p=0.4697, stat=-1.6258)
2026-04-02 12:05:20,777 | INFO | data_pipeline | [ADF] 'BB_MIDDLE' — NON-STATIONARY  (p=0.4672, stat=-1.6305)
2026-04-02 12:05:24,454 | INFO | data_pipeline | [ADF] 'BB_LOWER' — NON-STATIONARY  (p=0.4715, stat=-1.6224)
2026-04-02 12:05:27,674 | INFO | data_pipeline | [ADF] 'DEMA_14' — NON-STATIONARY  (p=0.4715, stat=-1.6223)
2026-04-02 12:05:30,885 | INFO | data_pipeline | [ADF] 'EMA_14' — NON-STATIONARY  (p=0.4729, stat=-1.6197)
2026-04-02 12:05:34,310 | INFO | data_pipeline | [ADF] 'HT_TRENDLINE' — NON-STATIONARY  (p=0.4684, stat=-1.6283)
2026-04-02 12:05:38,389 | INFO | data_pipeline | [ADF] 'KAMA_14' — NON-STATIONARY  (p=0.4759, stat=-1.6139)
2026-04-02 12:05:42,002 | INFO | data_pipeline | [ADF] 'MA_14' — NON-STATIONARY  (p=0.4712, stat=-1.6230)
2026-04-02 12:05:46,522 | INFO | data_pipeline | [ADF] 'MIDPOINT_14' — NON-STATIONARY  (p=0.4719, stat=-1.6216)
2026-04-02 12:05:50,236 | INFO | data_pipeline | [ADF] 'MIDPRICE_14' — NON-STATIONARY  (p=0.4681, stat=-1.6288)
2026-04-02 12:05:53,776 | INFO | data_pipeline | [ADF] 'SAR' — NON-STATIONARY  (p=0.4678, stat=-1.6295)
2026-04-02 12:06:03,457 | INFO | data_pipeline | [ADF] 'SMA_14' — NON-STATIONARY  (p=0.4712, stat=-1.6230)
2026-04-02 12:06:07,556 | INFO | data_pipeline | [ADF] 'T3_14' — NON-STATIONARY  (p=0.4653, stat=-1.6341)
2026-04-02 12:06:10,506 | INFO | data_pipeline | [ADF] 'TEMA_14' — NON-STATIONARY  (p=0.4730, stat=-1.6196)
2026-04-02 12:06:13,798 | INFO | data_pipeline | [ADF] 'TRIMA_14' — NON-STATIONARY  (p=0.4720, stat=-1.6213)
2026-04-02 12:06:17,022 | INFO | data_pipeline | [ADF] 'WMA_14' — NON-STATIONARY  (p=0.4729, stat=-1.6197)
2026-04-02 12:07:39,957 | INFO | data_pipeline | [ADF] 'AVGPRICE' — NON-STATIONARY  (p=0.4742, stat=-1.6172)
2026-04-02 12:07:43,073 | INFO | data_pipeline | [ADF] 'MEDPRICE' — NON-STATIONARY  (p=0.4741, stat=-1.6174)
2026-04-02 12:07:46,242 | INFO | data_pipeline | [ADF] 'TYPPRICE' — NON-STATIONARY  (p=0.4730, stat=-1.6194)
2026-04-02 12:07:49,435 | INFO | data_pipeline | [ADF] 'WCLPRICE' — NON-STATIONARY  (p=0.4731, stat=-1.6193)
2026-04-02 12:08:13,817 | INFO | data_pipeline | [ADF] 'LINEARREG_14' — NON-STATIONARY  (p=0.4718, stat=-1.6218)
2026-04-02 12:08:20,228 | INFO | data_pipeline | [ADF] 'LINEARREG_INTERCEPT_14' — NON-STATIONARY  (p=0.4727, stat=-1.6200)
2026-04-02 12:08:29,840 | INFO | data_pipeline | [ADF] 'TSF_14' — NON-STATIONARY  (p=0.4722, stat=-1.6210)
2026-04-02 12:08:33,069 | INFO | data_pipeline | [ADF] Tested 65 column(s): 38 stationary, 27 non-stationary.
2026-04-02 12:08:33,089 | INFO | data_pipeline | [make_stationary] Differencing 27 non-stationary column(s)…
2026-04-02 12:08:36,253 | INFO | data_pipeline | [make_stationary] 'open' became stationary after 1 diff(s)  (p=0.0000).
2026-04-02 12:08:39,460 | INFO | data_pipeline | [make_stationary] 'high' became stationary after 1 diff(s)  (p=0.0000).
2026-04-02 12:08:42,696 | INFO | data_pipeline | [make_stationary] 'low' became stationary after 1 diff(s)  (p=0.0000).
2026-04-02 12:08:45,937 | INFO | data_pipeline | [make_stationary] 'close' became stationary after 1 diff(s)  (p=0.0000).
2026-04-02 12:08:49,040 | INFO | data_pipeline | [make_stationary] 'BB_UPPER' became stationary after 1 diff(s)  (p=0.0000).
2026-04-02 12:08:52,826 | INFO | data_pipeline | [make_stationary] 'BB_MIDDLE' became stationary after 1 diff(s)  (p=0.0000).
2026-04-02 12:08:56,099 | INFO | data_pipeline | [make_stationary] 'BB_LOWER' became stationary after 1 diff(s)  (p=0.0000).
2026-04-02 12:08:59,285 | INFO | data_pipeline | [make_stationary] 'DEMA_14' became stationary after 1 diff(s)  (p=0.0000).
2026-04-02 12:09:02,454 | INFO | data_pipeline | [make_stationary] 'EMA_14' became stationary after 1 diff(s)  (p=0.0000).
2026-04-02 12:09:05,697 | INFO | data_pipeline | [make_stationary] 'HT_TRENDLINE' became stationary after 1 diff(s)  (p=0.0000).
2026-04-02 12:09:08,904 | INFO | data_pipeline | [make_stationary] 'KAMA_14' became stationary after 1 diff(s)  (p=0.0000).
2026-04-02 12:09:12,166 | INFO | data_pipeline | [make_stationary] 'MA_14' became stationary after 1 diff(s)  (p=0.0000).
2026-04-02 12:09:15,411 | INFO | data_pipeline | [make_stationary] 'MIDPOINT_14' became stationary after 1 diff(s)  (p=0.0000).
2026-04-02 12:09:18,460 | INFO | data_pipeline | [make_stationary] 'MIDPRICE_14' became stationary after 1 diff(s)  (p=0.0000).
2026-04-02 12:09:21,679 | INFO | data_pipeline | [make_stationary] 'SAR' became stationary after 1 diff(s)  (p=0.0000).
2026-04-02 12:09:24,959 | INFO | data_pipeline | [make_stationary] 'SMA_14' became stationary after 1 diff(s)  (p=0.0000).
2026-04-02 12:09:28,150 | INFO | data_pipeline | [make_stationary] 'T3_14' became stationary after 1 diff(s)  (p=0.0000).
2026-04-02 12:09:31,342 | INFO | data_pipeline | [make_stationary] 'TEMA_14' became stationary after 1 diff(s)  (p=0.0000).
2026-04-02 12:09:34,638 | INFO | data_pipeline | [make_stationary] 'TRIMA_14' became stationary after 1 diff(s)  (p=0.0000).
2026-04-02 12:09:37,824 | INFO | data_pipeline | [make_stationary] 'WMA_14' became stationary after 1 diff(s)  (p=0.0000).
2026-04-02 12:09:40,987 | INFO | data_pipeline | [make_stationary] 'AVGPRICE' became stationary after 1 diff(s)  (p=0.0000).
2026-04-02 12:09:44,160 | INFO | data_pipeline | [make_stationary] 'MEDPRICE' became stationary after 1 diff(s)  (p=0.0000).
2026-04-02 12:09:47,327 | INFO | data_pipeline | [make_stationary] 'TYPPRICE' became stationary after 1 diff(s)  (p=0.0000).
2026-04-02 12:09:50,501 | INFO | data_pipeline | [make_stationary] 'WCLPRICE' became stationary after 1 diff(s)  (p=0.0000).
2026-04-02 12:09:53,706 | INFO | data_pipeline | [make_stationary] 'LINEARREG_14' became stationary after 1 diff(s)  (p=0.0000).
2026-04-02 12:09:56,939 | INFO | data_pipeline | [make_stationary] 'LINEARREG_INTERCEPT_14' became stationary after 1 diff(s)  (p=0.0000).
2026-04-02 12:10:00,105 | INFO | data_pipeline | [make_stationary] 'TSF_14' became stationary after 1 diff(s)  (p=0.0000).
2026-04-02 12:10:00,146 | INFO | data_pipeline | [make_stationary] Shape after differencing & dropna: (28329, 89)
2026-04-02 12:10:00,192 | INFO | data_pipeline | Differencing summary: open=1d, high=1d, low=1d, close=1d, BB_UPPER=1d, BB_MIDDLE=1d, BB_LOWER=1d, DEMA_14=1d, EMA_14=1d, HT_TRENDLINE=1d, KAMA_14=1d, MA_14=1d, MIDPOINT_14=1d, MIDPRICE_14=1d, SAR=1d, SMA_14=1d, T3_14=1d, TEMA_14=1d, TRIMA_14=1d, WMA_14=1d, AVGPRICE=1d, MEDPRICE=1d, TYPPRICE=1d, WCLPRICE=1d, LINEARREG_14=1d, LINEARREG_INTERCEPT_14=1d, TSF_14=1d
2026-04-02 12:10:00,259 | INFO | data_pipeline | train_ratio=0.8 → split at row 22663/28329 → split_date='2025-08-05 23:00:00' (80% train / 20% test)
2026-04-02 12:10:00,615 | INFO | data_pipeline | Classification target created — shape: (28329, 87), class counts:
{-1: 21268, 1: 7040, 0: 21}
2026-04-02 12:19:52,503 | INFO | data_pipeline | Classification target created — shape: (28329, 87), class counts:
{-1: 21268, 1: 7040, 0: 21}
2026-04-02 12:33:37,660 | INFO | data_pipeline | Fetching data: schema=data_binance, table=btc_1m, start=2023-01-01, end=2026-03-30
2026-04-02 12:33:52,911 | INFO | data_pipeline | Fetched 1,704,961 rows for btc.
2026-04-02 12:33:52,911 | INFO | data_pipeline | Resampling to 1h…
2026-04-02 12:33:53,903 | INFO | data_pipeline | Resampled shape: (28417, 6)
2026-04-02 12:33:53,903 | INFO | data_pipeline | Generating 71 indicator(s)…
2026-04-02 12:33:54,181 | INFO | data_pipeline | Feature shape after generation: (28417, 89)
2026-04-02 12:33:54,186 | INFO | data_pipeline | Running ADF stationarity tests…
2026-04-02 12:33:57,614 | INFO | data_pipeline | [ADF] 'open' — NON-STATIONARY  (p=0.4742, stat=-1.6171)
2026-04-02 12:34:00,819 | INFO | data_pipeline | [ADF] 'high' — NON-STATIONARY  (p=0.4740, stat=-1.6175)
2026-04-02 12:34:04,044 | INFO | data_pipeline | [ADF] 'low' — NON-STATIONARY  (p=0.4741, stat=-1.6173)
2026-04-02 12:34:06,920 | INFO | data_pipeline | [ADF] 'close' — NON-STATIONARY  (p=0.4744, stat=-1.6168)
2026-04-02 12:34:13,465 | INFO | data_pipeline | [ADF] 'BB_UPPER' — NON-STATIONARY  (p=0.4697, stat=-1.6258)
2026-04-02 12:34:16,813 | INFO | data_pipeline | [ADF] 'BB_MIDDLE' — NON-STATIONARY  (p=0.4672, stat=-1.6305)
2026-04-02 12:34:20,047 | INFO | data_pipeline | [ADF] 'BB_LOWER' — NON-STATIONARY  (p=0.4715, stat=-1.6224)
2026-04-02 12:34:23,258 | INFO | data_pipeline | [ADF] 'DEMA_14' — NON-STATIONARY  (p=0.4715, stat=-1.6223)
2026-04-02 12:34:26,440 | INFO | data_pipeline | [ADF] 'EMA_14' — NON-STATIONARY  (p=0.4729, stat=-1.6197)
2026-04-02 12:34:29,703 | INFO | data_pipeline | [ADF] 'HT_TRENDLINE' — NON-STATIONARY  (p=0.4684, stat=-1.6283)
2026-04-02 12:34:32,891 | INFO | data_pipeline | [ADF] 'KAMA_14' — NON-STATIONARY  (p=0.4759, stat=-1.6139)
2026-04-02 12:34:36,136 | INFO | data_pipeline | [ADF] 'MA_14' — NON-STATIONARY  (p=0.4712, stat=-1.6230)
2026-04-02 12:34:39,381 | INFO | data_pipeline | [ADF] 'MIDPOINT_14' — NON-STATIONARY  (p=0.4719, stat=-1.6216)
2026-04-02 12:34:42,603 | INFO | data_pipeline | [ADF] 'MIDPRICE_14' — NON-STATIONARY  (p=0.4681, stat=-1.6288)
2026-04-02 12:34:45,760 | INFO | data_pipeline | [ADF] 'SAR' — NON-STATIONARY  (p=0.4678, stat=-1.6295)
2026-04-02 12:34:52,234 | INFO | data_pipeline | [ADF] 'SMA_14' — NON-STATIONARY  (p=0.4712, stat=-1.6230)
2026-04-02 12:34:55,448 | INFO | data_pipeline | [ADF] 'T3_14' — NON-STATIONARY  (p=0.4653, stat=-1.6341)
2026-04-02 12:34:58,612 | INFO | data_pipeline | [ADF] 'TEMA_14' — NON-STATIONARY  (p=0.4730, stat=-1.6196)
2026-04-02 12:35:01,925 | INFO | data_pipeline | [ADF] 'TRIMA_14' — NON-STATIONARY  (p=0.4720, stat=-1.6213)
2026-04-02 12:35:05,121 | INFO | data_pipeline | [ADF] 'WMA_14' — NON-STATIONARY  (p=0.4729, stat=-1.6197)
2026-04-02 12:36:28,902 | INFO | data_pipeline | [ADF] 'AVGPRICE' — NON-STATIONARY  (p=0.4742, stat=-1.6172)
2026-04-02 12:36:32,042 | INFO | data_pipeline | [ADF] 'MEDPRICE' — NON-STATIONARY  (p=0.4741, stat=-1.6174)
2026-04-02 12:36:35,167 | INFO | data_pipeline | [ADF] 'TYPPRICE' — NON-STATIONARY  (p=0.4730, stat=-1.6194)
2026-04-02 12:36:38,272 | INFO | data_pipeline | [ADF] 'WCLPRICE' — NON-STATIONARY  (p=0.4731, stat=-1.6193)
2026-04-02 12:37:03,999 | INFO | data_pipeline | [ADF] 'LINEARREG_14' — NON-STATIONARY  (p=0.4718, stat=-1.6218)
2026-04-02 12:37:12,842 | INFO | data_pipeline | [ADF] 'LINEARREG_INTERCEPT_14' — NON-STATIONARY  (p=0.4727, stat=-1.6200)
2026-04-02 12:37:25,208 | INFO | data_pipeline | [ADF] 'TSF_14' — NON-STATIONARY  (p=0.4722, stat=-1.6210)
2026-04-02 12:37:28,412 | INFO | data_pipeline | [ADF] Tested 65 column(s): 38 stationary, 27 non-stationary.
2026-04-02 12:37:28,433 | INFO | data_pipeline | [make_stationary] Differencing 27 non-stationary column(s)…
2026-04-02 12:37:31,404 | INFO | data_pipeline | [make_stationary] 'open' became stationary after 1 diff(s)  (p=0.0000).
2026-04-02 12:37:34,644 | INFO | data_pipeline | [make_stationary] 'high' became stationary after 1 diff(s)  (p=0.0000).
2026-04-02 12:37:38,012 | INFO | data_pipeline | [make_stationary] 'low' became stationary after 1 diff(s)  (p=0.0000).
2026-04-02 12:37:41,401 | INFO | data_pipeline | [make_stationary] 'close' became stationary after 1 diff(s)  (p=0.0000).
2026-04-02 12:37:44,726 | INFO | data_pipeline | [make_stationary] 'BB_UPPER' became stationary after 1 diff(s)  (p=0.0000).
2026-04-02 12:37:47,709 | INFO | data_pipeline | [make_stationary] 'BB_MIDDLE' became stationary after 1 diff(s)  (p=0.0000).
2026-04-02 12:37:50,859 | INFO | data_pipeline | [make_stationary] 'BB_LOWER' became stationary after 1 diff(s)  (p=0.0000).
2026-04-02 12:37:54,239 | INFO | data_pipeline | [make_stationary] 'DEMA_14' became stationary after 1 diff(s)  (p=0.0000).
2026-04-02 12:37:57,466 | INFO | data_pipeline | [make_stationary] 'EMA_14' became stationary after 1 diff(s)  (p=0.0000).
2026-04-02 12:38:00,975 | INFO | data_pipeline | [make_stationary] 'HT_TRENDLINE' became stationary after 1 diff(s)  (p=0.0000).
2026-04-02 12:38:04,718 | INFO | data_pipeline | [make_stationary] 'KAMA_14' became stationary after 1 diff(s)  (p=0.0000).
2026-04-02 12:38:08,322 | INFO | data_pipeline | [make_stationary] 'MA_14' became stationary after 1 diff(s)  (p=0.0000).
2026-04-02 12:38:11,493 | INFO | data_pipeline | [make_stationary] 'MIDPOINT_14' became stationary after 1 diff(s)  (p=0.0000).
2026-04-02 12:38:14,498 | INFO | data_pipeline | [make_stationary] 'MIDPRICE_14' became stationary after 1 diff(s)  (p=0.0000).
2026-04-02 12:38:17,606 | INFO | data_pipeline | [make_stationary] 'SAR' became stationary after 1 diff(s)  (p=0.0000).
2026-04-02 12:38:20,781 | INFO | data_pipeline | [make_stationary] 'SMA_14' became stationary after 1 diff(s)  (p=0.0000).
2026-04-02 12:38:23,903 | INFO | data_pipeline | [make_stationary] 'T3_14' became stationary after 1 diff(s)  (p=0.0000).
2026-04-02 12:38:27,017 | INFO | data_pipeline | [make_stationary] 'TEMA_14' became stationary after 1 diff(s)  (p=0.0000).
2026-04-02 12:38:30,191 | INFO | data_pipeline | [make_stationary] 'TRIMA_14' became stationary after 1 diff(s)  (p=0.0000).
2026-04-02 12:38:33,331 | INFO | data_pipeline | [make_stationary] 'WMA_14' became stationary after 1 diff(s)  (p=0.0000).
2026-04-02 12:38:36,408 | INFO | data_pipeline | [make_stationary] 'AVGPRICE' became stationary after 1 diff(s)  (p=0.0000).
2026-04-02 12:38:39,491 | INFO | data_pipeline | [make_stationary] 'MEDPRICE' became stationary after 1 diff(s)  (p=0.0000).
2026-04-02 12:38:42,582 | INFO | data_pipeline | [make_stationary] 'TYPPRICE' became stationary after 1 diff(s)  (p=0.0000).
2026-04-02 12:38:45,702 | INFO | data_pipeline | [make_stationary] 'WCLPRICE' became stationary after 1 diff(s)  (p=0.0000).
2026-04-02 12:38:48,901 | INFO | data_pipeline | [make_stationary] 'LINEARREG_14' became stationary after 1 diff(s)  (p=0.0000).
2026-04-02 12:38:52,235 | INFO | data_pipeline | [make_stationary] 'LINEARREG_INTERCEPT_14' became stationary after 1 diff(s)  (p=0.0000).
2026-04-02 12:38:55,743 | INFO | data_pipeline | [make_stationary] 'TSF_14' became stationary after 1 diff(s)  (p=0.0000).
2026-04-02 12:38:55,792 | INFO | data_pipeline | [make_stationary] Shape after differencing & dropna: (28329, 89)
2026-04-02 12:38:55,793 | INFO | data_pipeline | Differencing summary: open=1d, high=1d, low=1d, close=1d, BB_UPPER=1d, BB_MIDDLE=1d, BB_LOWER=1d, DEMA_14=1d, EMA_14=1d, HT_TRENDLINE=1d, KAMA_14=1d, MA_14=1d, MIDPOINT_14=1d, MIDPRICE_14=1d, SAR=1d, SMA_14=1d, T3_14=1d, TEMA_14=1d, TRIMA_14=1d, WMA_14=1d, AVGPRICE=1d, MEDPRICE=1d, TYPPRICE=1d, WCLPRICE=1d, LINEARREG_14=1d, LINEARREG_INTERCEPT_14=1d, TSF_14=1d
2026-04-02 12:38:55,808 | INFO | data_pipeline | train_ratio=0.8 → split at row 22663/28329 → split_date='2025-08-05 23:00:00' (80% train / 20% test)
2026-04-02 12:38:55,844 | INFO | data_pipeline | Classification target created — shape: (28329, 87), class counts:
{-1: 21268, 1: 7040, 0: 21}
2026-04-02 13:00:44,641 | INFO | data_pipeline | Fetching data: schema=data_binance, table=btc_1m, start=2023-01-01, end=2026-03-30
2026-04-02 13:01:05,760 | INFO | data_pipeline | Fetched 1,704,961 rows for btc.
2026-04-02 13:01:05,760 | INFO | data_pipeline | Resampling to 1h…
2026-04-02 13:01:06,810 | INFO | data_pipeline | Resampled shape: (28417, 6)
2026-04-02 13:01:06,810 | INFO | data_pipeline | Generating 71 indicator(s)…
2026-04-02 13:01:07,005 | INFO | data_pipeline | Feature shape after generation: (28417, 89)
2026-04-02 13:01:07,005 | INFO | data_pipeline | Running ADF stationarity tests…
2026-04-02 13:01:10,151 | INFO | data_pipeline | [ADF] 'open' — NON-STATIONARY  (p=0.4742, stat=-1.6171)
2026-04-02 13:01:13,234 | INFO | data_pipeline | [ADF] 'high' — NON-STATIONARY  (p=0.4740, stat=-1.6175)
2026-04-02 13:01:16,222 | INFO | data_pipeline | [ADF] 'low' — NON-STATIONARY  (p=0.4741, stat=-1.6173)
2026-04-02 13:01:19,337 | INFO | data_pipeline | [ADF] 'close' — NON-STATIONARY  (p=0.4744, stat=-1.6168)
2026-04-02 13:01:25,252 | INFO | data_pipeline | [ADF] 'BB_UPPER' — NON-STATIONARY  (p=0.4697, stat=-1.6258)
2026-04-02 13:01:28,284 | INFO | data_pipeline | [ADF] 'BB_MIDDLE' — NON-STATIONARY  (p=0.4672, stat=-1.6305)
2026-04-02 13:01:31,213 | INFO | data_pipeline | [ADF] 'BB_LOWER' — NON-STATIONARY  (p=0.4715, stat=-1.6224)
2026-04-02 13:01:34,149 | INFO | data_pipeline | [ADF] 'DEMA_14' — NON-STATIONARY  (p=0.4715, stat=-1.6223)
2026-04-02 13:01:37,063 | INFO | data_pipeline | [ADF] 'EMA_14' — NON-STATIONARY  (p=0.4729, stat=-1.6197)
2026-04-02 13:01:40,056 | INFO | data_pipeline | [ADF] 'HT_TRENDLINE' — NON-STATIONARY  (p=0.4684, stat=-1.6283)
2026-04-02 13:01:43,243 | INFO | data_pipeline | [ADF] 'KAMA_14' — NON-STATIONARY  (p=0.4759, stat=-1.6139)
2026-04-02 13:01:46,808 | INFO | data_pipeline | [ADF] 'MA_14' — NON-STATIONARY  (p=0.4712, stat=-1.6230)
2026-04-02 13:01:50,308 | INFO | data_pipeline | [ADF] 'MIDPOINT_14' — NON-STATIONARY  (p=0.4719, stat=-1.6216)
2026-04-02 13:01:53,558 | INFO | data_pipeline | [ADF] 'MIDPRICE_14' — NON-STATIONARY  (p=0.4681, stat=-1.6288)
2026-04-02 13:01:56,776 | INFO | data_pipeline | [ADF] 'SAR' — NON-STATIONARY  (p=0.4678, stat=-1.6295)
2026-04-02 13:02:03,296 | INFO | data_pipeline | [ADF] 'SMA_14' — NON-STATIONARY  (p=0.4712, stat=-1.6230)
2026-04-02 13:02:06,500 | INFO | data_pipeline | [ADF] 'T3_14' — NON-STATIONARY  (p=0.4653, stat=-1.6341)
2026-04-02 13:02:09,723 | INFO | data_pipeline | [ADF] 'TEMA_14' — NON-STATIONARY  (p=0.4730, stat=-1.6196)
2026-04-02 13:02:13,016 | INFO | data_pipeline | [ADF] 'TRIMA_14' — NON-STATIONARY  (p=0.4720, stat=-1.6213)
2026-04-02 13:02:16,198 | INFO | data_pipeline | [ADF] 'WMA_14' — NON-STATIONARY  (p=0.4729, stat=-1.6197)
2026-04-02 13:03:43,204 | INFO | data_pipeline | [ADF] 'AVGPRICE' — NON-STATIONARY  (p=0.4742, stat=-1.6172)
2026-04-02 13:03:46,571 | INFO | data_pipeline | [ADF] 'MEDPRICE' — NON-STATIONARY  (p=0.4741, stat=-1.6174)
2026-04-02 13:03:49,930 | INFO | data_pipeline | [ADF] 'TYPPRICE' — NON-STATIONARY  (p=0.4730, stat=-1.6194)
2026-04-02 13:03:53,259 | INFO | data_pipeline | [ADF] 'WCLPRICE' — NON-STATIONARY  (p=0.4731, stat=-1.6193)
2026-04-02 13:04:20,364 | INFO | data_pipeline | [ADF] 'LINEARREG_14' — NON-STATIONARY  (p=0.4718, stat=-1.6218)
2026-04-02 13:04:27,229 | INFO | data_pipeline | [ADF] 'LINEARREG_INTERCEPT_14' — NON-STATIONARY  (p=0.4727, stat=-1.6200)
2026-04-02 13:04:37,453 | INFO | data_pipeline | [ADF] 'TSF_14' — NON-STATIONARY  (p=0.4722, stat=-1.6210)
2026-04-02 13:04:40,916 | INFO | data_pipeline | [ADF] Tested 65 column(s): 38 stationary, 27 non-stationary.
2026-04-02 13:04:40,940 | INFO | data_pipeline | [make_stationary] Differencing 27 non-stationary column(s)…
2026-04-02 13:04:44,317 | INFO | data_pipeline | [make_stationary] 'open' became stationary after 1 diff(s)  (p=0.0000).
2026-04-02 13:04:47,735 | INFO | data_pipeline | [make_stationary] 'high' became stationary after 1 diff(s)  (p=0.0000).
2026-04-02 13:04:51,149 | INFO | data_pipeline | [make_stationary] 'low' became stationary after 1 diff(s)  (p=0.0000).
2026-04-02 13:04:54,537 | INFO | data_pipeline | [make_stationary] 'close' became stationary after 1 diff(s)  (p=0.0000).
2026-04-02 13:04:57,932 | INFO | data_pipeline | [make_stationary] 'BB_UPPER' became stationary after 1 diff(s)  (p=0.0000).
2026-04-02 13:05:01,697 | INFO | data_pipeline | [make_stationary] 'BB_MIDDLE' became stationary after 1 diff(s)  (p=0.0000).
2026-04-02 13:05:05,360 | INFO | data_pipeline | [make_stationary] 'BB_LOWER' became stationary after 1 diff(s)  (p=0.0000).
2026-04-02 13:05:08,662 | INFO | data_pipeline | [make_stationary] 'DEMA_14' became stationary after 1 diff(s)  (p=0.0000).
2026-04-02 13:05:12,214 | INFO | data_pipeline | [make_stationary] 'EMA_14' became stationary after 1 diff(s)  (p=0.0000).
2026-04-02 13:05:15,645 | INFO | data_pipeline | [make_stationary] 'HT_TRENDLINE' became stationary after 1 diff(s)  (p=0.0000).
2026-04-02 13:05:18,913 | INFO | data_pipeline | [make_stationary] 'KAMA_14' became stationary after 1 diff(s)  (p=0.0000).
2026-04-02 13:05:22,327 | INFO | data_pipeline | [make_stationary] 'MA_14' became stationary after 1 diff(s)  (p=0.0000).
2026-04-02 13:05:25,702 | INFO | data_pipeline | [make_stationary] 'MIDPOINT_14' became stationary after 1 diff(s)  (p=0.0000).
2026-04-02 13:05:29,032 | INFO | data_pipeline | [make_stationary] 'MIDPRICE_14' became stationary after 1 diff(s)  (p=0.0000).
2026-04-02 13:05:32,370 | INFO | data_pipeline | [make_stationary] 'SAR' became stationary after 1 diff(s)  (p=0.0000).
2026-04-02 13:05:35,812 | INFO | data_pipeline | [make_stationary] 'SMA_14' became stationary after 1 diff(s)  (p=0.0000).
2026-04-02 13:05:39,147 | INFO | data_pipeline | [make_stationary] 'T3_14' became stationary after 1 diff(s)  (p=0.0000).
2026-04-02 13:05:42,458 | INFO | data_pipeline | [make_stationary] 'TEMA_14' became stationary after 1 diff(s)  (p=0.0000).
2026-04-02 13:05:45,920 | INFO | data_pipeline | [make_stationary] 'TRIMA_14' became stationary after 1 diff(s)  (p=0.0000).
2026-04-02 13:05:49,282 | INFO | data_pipeline | [make_stationary] 'WMA_14' became stationary after 1 diff(s)  (p=0.0000).
2026-04-02 13:05:52,606 | INFO | data_pipeline | [make_stationary] 'AVGPRICE' became stationary after 1 diff(s)  (p=0.0000).
2026-04-02 13:05:55,932 | INFO | data_pipeline | [make_stationary] 'MEDPRICE' became stationary after 1 diff(s)  (p=0.0000).
2026-04-02 13:05:59,281 | INFO | data_pipeline | [make_stationary] 'TYPPRICE' became stationary after 1 diff(s)  (p=0.0000).
2026-04-02 13:06:02,600 | INFO | data_pipeline | [make_stationary] 'WCLPRICE' became stationary after 1 diff(s)  (p=0.0000).
2026-04-02 13:06:06,044 | INFO | data_pipeline | [make_stationary] 'LINEARREG_14' became stationary after 1 diff(s)  (p=0.0000).
2026-04-02 13:06:09,466 | INFO | data_pipeline | [make_stationary] 'LINEARREG_INTERCEPT_14' became stationary after 1 diff(s)  (p=0.0000).
2026-04-02 13:06:12,903 | INFO | data_pipeline | [make_stationary] 'TSF_14' became stationary after 1 diff(s)  (p=0.0000).
2026-04-02 13:06:12,957 | INFO | data_pipeline | [make_stationary] Shape after differencing & dropna: (28329, 89)
2026-04-02 13:06:12,958 | INFO | data_pipeline | Differencing summary: open=1d, high=1d, low=1d, close=1d, BB_UPPER=1d, BB_MIDDLE=1d, BB_LOWER=1d, DEMA_14=1d, EMA_14=1d, HT_TRENDLINE=1d, KAMA_14=1d, MA_14=1d, MIDPOINT_14=1d, MIDPRICE_14=1d, SAR=1d, SMA_14=1d, T3_14=1d, TEMA_14=1d, TRIMA_14=1d, WMA_14=1d, AVGPRICE=1d, MEDPRICE=1d, TYPPRICE=1d, WCLPRICE=1d, LINEARREG_14=1d, LINEARREG_INTERCEPT_14=1d, TSF_14=1d
2026-04-02 13:06:12,977 | INFO | data_pipeline | train_ratio=0.8 → split at row 22663/28329 → split_date='2025-08-05 23:00:00' (80% train / 20% test)
2026-04-02 13:06:13,050 | INFO | data_pipeline | Classification target created — shape: (28329, 87), class counts:
{-1: 21268, 1: 7040, 0: 21}
2026-04-02 14:09:03,387 | INFO | data_pipeline | Fetching data: schema=data_binance, table=btc_1m, start=2023-01-01, end=2026-03-30
2026-04-02 14:09:17,742 | INFO | data_pipeline | Fetched 1,704,961 rows for btc.
2026-04-02 14:09:17,742 | INFO | data_pipeline | Resampling to 1h…
2026-04-02 14:09:18,724 | INFO | data_pipeline | Resampled shape: (28417, 6)
2026-04-02 14:09:18,725 | INFO | data_pipeline | Generating 71 indicator(s)…
2026-04-02 14:09:18,920 | INFO | data_pipeline | Feature shape after generation: (28417, 89)
2026-04-02 14:09:18,922 | INFO | data_pipeline | Running ADF stationarity tests…
2026-04-02 14:09:22,201 | INFO | data_pipeline | [ADF] 'open' — NON-STATIONARY  (p=0.4742, stat=-1.6171)
2026-04-02 14:09:24,990 | INFO | data_pipeline | [ADF] 'high' — NON-STATIONARY  (p=0.4740, stat=-1.6175)
2026-04-02 14:09:27,848 | INFO | data_pipeline | [ADF] 'low' — NON-STATIONARY  (p=0.4741, stat=-1.6173)
2026-04-02 14:09:31,966 | INFO | data_pipeline | [ADF] 'close' — NON-STATIONARY  (p=0.4744, stat=-1.6168)
2026-04-02 14:09:38,877 | INFO | data_pipeline | [ADF] 'BB_UPPER' — NON-STATIONARY  (p=0.4697, stat=-1.6258)
2026-04-02 14:09:42,055 | INFO | data_pipeline | [ADF] 'BB_MIDDLE' — NON-STATIONARY  (p=0.4672, stat=-1.6305)
2026-04-02 14:09:45,245 | INFO | data_pipeline | [ADF] 'BB_LOWER' — NON-STATIONARY  (p=0.4715, stat=-1.6224)
2026-04-02 14:09:48,379 | INFO | data_pipeline | [ADF] 'DEMA_14' — NON-STATIONARY  (p=0.4715, stat=-1.6223)
2026-04-02 14:09:51,390 | INFO | data_pipeline | [ADF] 'EMA_14' — NON-STATIONARY  (p=0.4729, stat=-1.6197)
2026-04-02 14:09:54,557 | INFO | data_pipeline | [ADF] 'HT_TRENDLINE' — NON-STATIONARY  (p=0.4684, stat=-1.6283)
2026-04-02 14:09:57,708 | INFO | data_pipeline | [ADF] 'KAMA_14' — NON-STATIONARY  (p=0.4759, stat=-1.6139)
2026-04-02 14:10:00,915 | INFO | data_pipeline | [ADF] 'MA_14' — NON-STATIONARY  (p=0.4712, stat=-1.6230)
2026-04-02 14:10:04,065 | INFO | data_pipeline | [ADF] 'MIDPOINT_14' — NON-STATIONARY  (p=0.4719, stat=-1.6216)
2026-04-02 14:10:07,117 | INFO | data_pipeline | [ADF] 'MIDPRICE_14' — NON-STATIONARY  (p=0.4681, stat=-1.6288)
2026-04-02 14:10:10,178 | INFO | data_pipeline | [ADF] 'SAR' — NON-STATIONARY  (p=0.4678, stat=-1.6295)
2026-04-02 14:10:16,395 | INFO | data_pipeline | [ADF] 'SMA_14' — NON-STATIONARY  (p=0.4712, stat=-1.6230)
2026-04-02 14:10:19,469 | INFO | data_pipeline | [ADF] 'T3_14' — NON-STATIONARY  (p=0.4653, stat=-1.6341)
2026-04-02 14:10:22,551 | INFO | data_pipeline | [ADF] 'TEMA_14' — NON-STATIONARY  (p=0.4730, stat=-1.6196)
2026-04-02 14:10:25,732 | INFO | data_pipeline | [ADF] 'TRIMA_14' — NON-STATIONARY  (p=0.4720, stat=-1.6213)
2026-04-02 14:10:28,802 | INFO | data_pipeline | [ADF] 'WMA_14' — NON-STATIONARY  (p=0.4729, stat=-1.6197)
2026-04-02 14:11:49,920 | INFO | data_pipeline | [ADF] 'AVGPRICE' — NON-STATIONARY  (p=0.4742, stat=-1.6172)
2026-04-02 14:11:53,056 | INFO | data_pipeline | [ADF] 'MEDPRICE' — NON-STATIONARY  (p=0.4741, stat=-1.6174)
2026-04-02 14:11:56,233 | INFO | data_pipeline | [ADF] 'TYPPRICE' — NON-STATIONARY  (p=0.4730, stat=-1.6194)
2026-04-02 14:11:59,388 | INFO | data_pipeline | [ADF] 'WCLPRICE' — NON-STATIONARY  (p=0.4731, stat=-1.6193)
2026-04-02 14:12:24,800 | INFO | data_pipeline | [ADF] 'LINEARREG_14' — NON-STATIONARY  (p=0.4718, stat=-1.6218)
2026-04-02 14:12:31,204 | INFO | data_pipeline | [ADF] 'LINEARREG_INTERCEPT_14' — NON-STATIONARY  (p=0.4727, stat=-1.6200)
2026-04-02 14:12:40,897 | INFO | data_pipeline | [ADF] 'TSF_14' — NON-STATIONARY  (p=0.4722, stat=-1.6210)
2026-04-02 14:12:44,191 | INFO | data_pipeline | [ADF] Tested 65 column(s): 38 stationary, 27 non-stationary.
2026-04-02 14:12:44,214 | INFO | data_pipeline | [make_stationary] Differencing 27 non-stationary column(s)…
2026-04-02 14:12:47,400 | INFO | data_pipeline | [make_stationary] 'open' became stationary after 1 diff(s)  (p=0.0000).
2026-04-02 14:12:50,577 | INFO | data_pipeline | [make_stationary] 'high' became stationary after 1 diff(s)  (p=0.0000).
2026-04-02 14:12:53,776 | INFO | data_pipeline | [make_stationary] 'low' became stationary after 1 diff(s)  (p=0.0000).
2026-04-02 14:12:56,833 | INFO | data_pipeline | [make_stationary] 'close' became stationary after 1 diff(s)  (p=0.0000).
2026-04-02 14:12:59,990 | INFO | data_pipeline | [make_stationary] 'BB_UPPER' became stationary after 1 diff(s)  (p=0.0000).
2026-04-02 14:13:03,169 | INFO | data_pipeline | [make_stationary] 'BB_MIDDLE' became stationary after 1 diff(s)  (p=0.0000).
2026-04-02 14:13:06,362 | INFO | data_pipeline | [make_stationary] 'BB_LOWER' became stationary after 1 diff(s)  (p=0.0000).
2026-04-02 14:13:09,523 | INFO | data_pipeline | [make_stationary] 'DEMA_14' became stationary after 1 diff(s)  (p=0.0000).
2026-04-02 14:13:12,682 | INFO | data_pipeline | [make_stationary] 'EMA_14' became stationary after 1 diff(s)  (p=0.0000).
2026-04-02 14:13:15,920 | INFO | data_pipeline | [make_stationary] 'HT_TRENDLINE' became stationary after 1 diff(s)  (p=0.0000).
2026-04-02 14:13:19,105 | INFO | data_pipeline | [make_stationary] 'KAMA_14' became stationary after 1 diff(s)  (p=0.0000).
2026-04-02 14:13:22,334 | INFO | data_pipeline | [make_stationary] 'MA_14' became stationary after 1 diff(s)  (p=0.0000).
2026-04-02 14:13:25,564 | INFO | data_pipeline | [make_stationary] 'MIDPOINT_14' became stationary after 1 diff(s)  (p=0.0000).
2026-04-02 14:13:28,724 | INFO | data_pipeline | [make_stationary] 'MIDPRICE_14' became stationary after 1 diff(s)  (p=0.0000).
2026-04-02 14:13:31,925 | INFO | data_pipeline | [make_stationary] 'SAR' became stationary after 1 diff(s)  (p=0.0000).
2026-04-02 14:13:35,212 | INFO | data_pipeline | [make_stationary] 'SMA_14' became stationary after 1 diff(s)  (p=0.0000).
2026-04-02 14:13:38,329 | INFO | data_pipeline | [make_stationary] 'T3_14' became stationary after 1 diff(s)  (p=0.0000).
2026-04-02 14:13:41,491 | INFO | data_pipeline | [make_stationary] 'TEMA_14' became stationary after 1 diff(s)  (p=0.0000).
2026-04-02 14:13:44,766 | INFO | data_pipeline | [make_stationary] 'TRIMA_14' became stationary after 1 diff(s)  (p=0.0000).
2026-04-02 14:13:47,914 | INFO | data_pipeline | [make_stationary] 'WMA_14' became stationary after 1 diff(s)  (p=0.0000).
2026-04-02 14:13:51,086 | INFO | data_pipeline | [make_stationary] 'AVGPRICE' became stationary after 1 diff(s)  (p=0.0000).
2026-04-02 14:13:54,292 | INFO | data_pipeline | [make_stationary] 'MEDPRICE' became stationary after 1 diff(s)  (p=0.0000).
2026-04-02 14:13:57,435 | INFO | data_pipeline | [make_stationary] 'TYPPRICE' became stationary after 1 diff(s)  (p=0.0000).
2026-04-02 14:14:00,631 | INFO | data_pipeline | [make_stationary] 'WCLPRICE' became stationary after 1 diff(s)  (p=0.0000).
2026-04-02 14:14:03,906 | INFO | data_pipeline | [make_stationary] 'LINEARREG_14' became stationary after 1 diff(s)  (p=0.0000).
2026-04-02 14:14:07,201 | INFO | data_pipeline | [make_stationary] 'LINEARREG_INTERCEPT_14' became stationary after 1 diff(s)  (p=0.0000).
2026-04-02 14:14:10,491 | INFO | data_pipeline | [make_stationary] 'TSF_14' became stationary after 1 diff(s)  (p=0.0000).
2026-04-02 14:14:10,541 | INFO | data_pipeline | [make_stationary] Shape after differencing & dropna: (28329, 89)
2026-04-02 14:14:10,542 | INFO | data_pipeline | Differencing summary: open=1d, high=1d, low=1d, close=1d, BB_UPPER=1d, BB_MIDDLE=1d, BB_LOWER=1d, DEMA_14=1d, EMA_14=1d, HT_TRENDLINE=1d, KAMA_14=1d, MA_14=1d, MIDPOINT_14=1d, MIDPRICE_14=1d, SAR=1d, SMA_14=1d, T3_14=1d, TEMA_14=1d, TRIMA_14=1d, WMA_14=1d, AVGPRICE=1d, MEDPRICE=1d, TYPPRICE=1d, WCLPRICE=1d, LINEARREG_14=1d, LINEARREG_INTERCEPT_14=1d, TSF_14=1d
2026-04-02 14:14:10,556 | INFO | data_pipeline | train_ratio=0.8 → split at row 22663/28329 → split_date='2025-08-05 23:00:00' (80% train / 20% test)
2026-04-02 14:14:10,596 | INFO | data_pipeline | Classification target created — shape: (28329, 87), class counts:
{-1: 21268, 1: 7040, 0: 21}
2026-04-02 18:11:03,100 | INFO | data_pipeline | Classification target created — shape: (28329, 87), class counts:
{-1: 21268, 1: 7040, 0: 21}
2026-04-03 10:18:03,635 | INFO | data_pipeline | Regression target created — shape: (28315, 87)
2026-04-03 10:25:04,047 | INFO | data_pipeline | Regression target created — shape: (28315, 87)
2026-04-03 10:27:43,519 | INFO | data_pipeline | Regression target created — shape: (28315, 87)
2026-04-03 10:36:45,794 | INFO | data_pipeline | Fetching data: schema=data_binance, table=btc_1m, start=2023-01-01, end=2026-03-30
2026-04-03 10:37:02,506 | INFO | data_pipeline | Fetched 1,704,961 rows for btc.
2026-04-03 10:37:02,507 | INFO | data_pipeline | Resampling to 1h…
2026-04-03 10:37:03,369 | INFO | data_pipeline | Resampled shape: (28417, 6)
2026-04-03 10:37:03,378 | INFO | data_pipeline | Generating 71 indicator(s)…
2026-04-03 10:37:03,545 | INFO | data_pipeline | Feature shape after generation: (28417, 89)
2026-04-03 10:37:03,545 | INFO | data_pipeline | Running ADF stationarity tests…
2026-04-03 10:37:07,292 | INFO | data_pipeline | [ADF] 'open' — NON-STATIONARY  (p=0.4742, stat=-1.6171)
2026-04-03 10:37:10,931 | INFO | data_pipeline | [ADF] 'high' — NON-STATIONARY  (p=0.4740, stat=-1.6175)
2026-04-03 10:37:14,851 | INFO | data_pipeline | [ADF] 'low' — NON-STATIONARY  (p=0.4741, stat=-1.6173)
2026-04-03 10:37:18,729 | INFO | data_pipeline | [ADF] 'close' — NON-STATIONARY  (p=0.4744, stat=-1.6168)
2026-04-03 10:37:26,444 | INFO | data_pipeline | [ADF] 'BB_UPPER' — NON-STATIONARY  (p=0.4697, stat=-1.6258)
2026-04-03 10:37:30,373 | INFO | data_pipeline | [ADF] 'BB_MIDDLE' — NON-STATIONARY  (p=0.4672, stat=-1.6305)
2026-04-03 10:37:34,215 | INFO | data_pipeline | [ADF] 'BB_LOWER' — NON-STATIONARY  (p=0.4715, stat=-1.6224)
2026-04-03 10:37:38,046 | INFO | data_pipeline | [ADF] 'DEMA_14' — NON-STATIONARY  (p=0.4715, stat=-1.6223)
2026-04-03 10:37:41,849 | INFO | data_pipeline | [ADF] 'EMA_14' — NON-STATIONARY  (p=0.4729, stat=-1.6197)
2026-04-03 10:37:45,633 | INFO | data_pipeline | [ADF] 'HT_TRENDLINE' — NON-STATIONARY  (p=0.4684, stat=-1.6283)
2026-04-03 10:37:49,093 | INFO | data_pipeline | [ADF] 'KAMA_14' — NON-STATIONARY  (p=0.4759, stat=-1.6139)
2026-04-03 10:37:52,713 | INFO | data_pipeline | [ADF] 'MA_14' — NON-STATIONARY  (p=0.4712, stat=-1.6230)
2026-04-03 10:37:56,640 | INFO | data_pipeline | [ADF] 'MIDPOINT_14' — NON-STATIONARY  (p=0.4719, stat=-1.6216)
2026-04-03 10:38:01,444 | INFO | data_pipeline | [ADF] 'MIDPRICE_14' — NON-STATIONARY  (p=0.4681, stat=-1.6288)
2026-04-03 10:38:05,793 | INFO | data_pipeline | [ADF] 'SAR' — NON-STATIONARY  (p=0.4678, stat=-1.6295)
2026-04-03 10:38:16,275 | INFO | data_pipeline | [ADF] 'SMA_14' — NON-STATIONARY  (p=0.4712, stat=-1.6230)
2026-04-03 10:38:20,844 | INFO | data_pipeline | [ADF] 'T3_14' — NON-STATIONARY  (p=0.4653, stat=-1.6341)
2026-04-03 10:38:25,345 | INFO | data_pipeline | [ADF] 'TEMA_14' — NON-STATIONARY  (p=0.4730, stat=-1.6196)
2026-04-03 10:38:30,763 | INFO | data_pipeline | [ADF] 'TRIMA_14' — NON-STATIONARY  (p=0.4720, stat=-1.6213)
2026-04-03 10:38:35,768 | INFO | data_pipeline | [ADF] 'WMA_14' — NON-STATIONARY  (p=0.4729, stat=-1.6197)
2026-04-03 10:40:25,082 | INFO | data_pipeline | [ADF] 'AVGPRICE' — NON-STATIONARY  (p=0.4742, stat=-1.6172)
2026-04-03 10:40:29,100 | INFO | data_pipeline | [ADF] 'MEDPRICE' — NON-STATIONARY  (p=0.4741, stat=-1.6174)
2026-04-03 10:40:33,202 | INFO | data_pipeline | [ADF] 'TYPPRICE' — NON-STATIONARY  (p=0.4730, stat=-1.6194)
2026-04-03 10:40:37,134 | INFO | data_pipeline | [ADF] 'WCLPRICE' — NON-STATIONARY  (p=0.4731, stat=-1.6193)
2026-04-03 10:41:08,998 | INFO | data_pipeline | [ADF] 'LINEARREG_14' — NON-STATIONARY  (p=0.4718, stat=-1.6218)
2026-04-03 10:41:17,184 | INFO | data_pipeline | [ADF] 'LINEARREG_INTERCEPT_14' — NON-STATIONARY  (p=0.4727, stat=-1.6200)
2026-04-03 10:41:29,606 | INFO | data_pipeline | [ADF] 'TSF_14' — NON-STATIONARY  (p=0.4722, stat=-1.6210)
2026-04-03 10:41:33,784 | INFO | data_pipeline | [ADF] Tested 65 column(s): 38 stationary, 27 non-stationary.
2026-04-03 10:41:33,815 | INFO | data_pipeline | [make_stationary] Differencing 27 non-stationary column(s)…
2026-04-03 10:41:37,685 | INFO | data_pipeline | [make_stationary] 'open' became stationary after 1 diff(s)  (p=0.0000).
2026-04-03 10:41:41,554 | INFO | data_pipeline | [make_stationary] 'high' became stationary after 1 diff(s)  (p=0.0000).
2026-04-03 10:41:45,374 | INFO | data_pipeline | [make_stationary] 'low' became stationary after 1 diff(s)  (p=0.0000).
2026-04-03 10:41:49,458 | INFO | data_pipeline | [make_stationary] 'close' became stationary after 1 diff(s)  (p=0.0000).
2026-04-03 10:41:53,616 | INFO | data_pipeline | [make_stationary] 'BB_UPPER' became stationary after 1 diff(s)  (p=0.0000).
2026-04-03 10:41:57,840 | INFO | data_pipeline | [make_stationary] 'BB_MIDDLE' became stationary after 1 diff(s)  (p=0.0000).
2026-04-03 10:42:02,073 | INFO | data_pipeline | [make_stationary] 'BB_LOWER' became stationary after 1 diff(s)  (p=0.0000).
2026-04-03 10:42:06,388 | INFO | data_pipeline | [make_stationary] 'DEMA_14' became stationary after 1 diff(s)  (p=0.0000).
2026-04-03 10:42:10,371 | INFO | data_pipeline | [make_stationary] 'EMA_14' became stationary after 1 diff(s)  (p=0.0000).
2026-04-03 10:42:14,703 | INFO | data_pipeline | [make_stationary] 'HT_TRENDLINE' became stationary after 1 diff(s)  (p=0.0000).
2026-04-03 10:42:18,801 | INFO | data_pipeline | [make_stationary] 'KAMA_14' became stationary after 1 diff(s)  (p=0.0000).
2026-04-03 10:42:23,033 | INFO | data_pipeline | [make_stationary] 'MA_14' became stationary after 1 diff(s)  (p=0.0000).
2026-04-03 10:42:27,201 | INFO | data_pipeline | [make_stationary] 'MIDPOINT_14' became stationary after 1 diff(s)  (p=0.0000).
2026-04-03 10:42:31,309 | INFO | data_pipeline | [make_stationary] 'MIDPRICE_14' became stationary after 1 diff(s)  (p=0.0000).
2026-04-03 10:42:35,426 | INFO | data_pipeline | [make_stationary] 'SAR' became stationary after 1 diff(s)  (p=0.0000).
2026-04-03 10:42:39,656 | INFO | data_pipeline | [make_stationary] 'SMA_14' became stationary after 1 diff(s)  (p=0.0000).
2026-04-03 10:42:43,809 | INFO | data_pipeline | [make_stationary] 'T3_14' became stationary after 1 diff(s)  (p=0.0000).
2026-04-03 10:42:48,015 | INFO | data_pipeline | [make_stationary] 'TEMA_14' became stationary after 1 diff(s)  (p=0.0000).
2026-04-03 10:42:52,362 | INFO | data_pipeline | [make_stationary] 'TRIMA_14' became stationary after 1 diff(s)  (p=0.0000).
2026-04-03 10:42:56,449 | INFO | data_pipeline | [make_stationary] 'WMA_14' became stationary after 1 diff(s)  (p=0.0000).
2026-04-03 10:43:00,548 | INFO | data_pipeline | [make_stationary] 'AVGPRICE' became stationary after 1 diff(s)  (p=0.0000).
2026-04-03 10:43:04,653 | INFO | data_pipeline | [make_stationary] 'MEDPRICE' became stationary after 1 diff(s)  (p=0.0000).
2026-04-03 10:43:08,704 | INFO | data_pipeline | [make_stationary] 'TYPPRICE' became stationary after 1 diff(s)  (p=0.0000).
2026-04-03 10:43:12,519 | INFO | data_pipeline | [make_stationary] 'WCLPRICE' became stationary after 1 diff(s)  (p=0.0000).
2026-04-03 10:43:16,729 | INFO | data_pipeline | [make_stationary] 'LINEARREG_14' became stationary after 1 diff(s)  (p=0.0000).
2026-04-03 10:43:20,841 | INFO | data_pipeline | [make_stationary] 'LINEARREG_INTERCEPT_14' became stationary after 1 diff(s)  (p=0.0000).
2026-04-03 10:43:24,947 | INFO | data_pipeline | [make_stationary] 'TSF_14' became stationary after 1 diff(s)  (p=0.0000).
2026-04-03 10:43:25,005 | INFO | data_pipeline | [make_stationary] Shape after differencing & dropna: (28329, 89)
2026-04-03 10:43:25,006 | INFO | data_pipeline | Differencing summary: open=1d, high=1d, low=1d, close=1d, BB_UPPER=1d, BB_MIDDLE=1d, BB_LOWER=1d, DEMA_14=1d, EMA_14=1d, HT_TRENDLINE=1d, KAMA_14=1d, MA_14=1d, MIDPOINT_14=1d, MIDPRICE_14=1d, SAR=1d, SMA_14=1d, T3_14=1d, TEMA_14=1d, TRIMA_14=1d, WMA_14=1d, AVGPRICE=1d, MEDPRICE=1d, TYPPRICE=1d, WCLPRICE=1d, LINEARREG_14=1d, LINEARREG_INTERCEPT_14=1d, TSF_14=1d
2026-04-03 10:43:25,029 | INFO | data_pipeline | train_ratio=0.8 → split at row 22663/28329 → split_date='2025-08-05 23:00:00' (80% train / 20% test)
2026-04-03 10:43:25,095 | INFO | data_pipeline | Regression target created — shape: (28315, 87)
2026-04-03 12:04:17,399 | INFO | data_pipeline | Regression target created — shape: (28315, 87)
2026-04-03 12:11:32,205 | INFO | data_pipeline | Fetching data: schema=data_binance, table=btc_1m, start=2023-01-01, end=2026-03-30
2026-04-03 12:11:49,626 | INFO | data_pipeline | Fetched 1,704,961 rows for btc.
2026-04-03 12:11:49,626 | INFO | data_pipeline | Resampling to 1h…
2026-04-03 12:11:50,342 | INFO | data_pipeline | Resampled shape: (28417, 6)
2026-04-03 12:11:50,342 | INFO | data_pipeline | Generating 71 indicator(s)…
2026-04-03 12:11:50,455 | INFO | data_pipeline | Feature shape after generation: (28417, 89)
2026-04-03 12:11:50,456 | INFO | data_pipeline | Running ADF stationarity tests…
2026-04-03 12:11:53,938 | INFO | data_pipeline | [ADF] 'open' — NON-STATIONARY  (p=0.4742, stat=-1.6171)
2026-04-03 12:11:57,537 | INFO | data_pipeline | [ADF] 'high' — NON-STATIONARY  (p=0.4740, stat=-1.6175)
2026-04-03 12:12:01,615 | INFO | data_pipeline | [ADF] 'low' — NON-STATIONARY  (p=0.4741, stat=-1.6173)
2026-04-03 12:12:05,589 | INFO | data_pipeline | [ADF] 'close' — NON-STATIONARY  (p=0.4744, stat=-1.6168)
2026-04-03 12:12:14,351 | INFO | data_pipeline | [ADF] 'BB_UPPER' — NON-STATIONARY  (p=0.4697, stat=-1.6258)
2026-04-03 12:12:18,183 | INFO | data_pipeline | [ADF] 'BB_MIDDLE' — NON-STATIONARY  (p=0.4672, stat=-1.6305)
2026-04-03 12:12:22,560 | INFO | data_pipeline | [ADF] 'BB_LOWER' — NON-STATIONARY  (p=0.4715, stat=-1.6224)
2026-04-03 12:12:26,684 | INFO | data_pipeline | [ADF] 'DEMA_14' — NON-STATIONARY  (p=0.4715, stat=-1.6223)
2026-04-03 12:12:30,704 | INFO | data_pipeline | [ADF] 'EMA_14' — NON-STATIONARY  (p=0.4729, stat=-1.6197)
2026-04-03 12:12:34,953 | INFO | data_pipeline | [ADF] 'HT_TRENDLINE' — NON-STATIONARY  (p=0.4684, stat=-1.6283)
2026-04-03 12:12:39,067 | INFO | data_pipeline | [ADF] 'KAMA_14' — NON-STATIONARY  (p=0.4759, stat=-1.6139)
2026-04-03 12:12:43,265 | INFO | data_pipeline | [ADF] 'MA_14' — NON-STATIONARY  (p=0.4712, stat=-1.6230)
2026-04-03 12:12:47,439 | INFO | data_pipeline | [ADF] 'MIDPOINT_14' — NON-STATIONARY  (p=0.4719, stat=-1.6216)
2026-04-03 12:12:51,535 | INFO | data_pipeline | [ADF] 'MIDPRICE_14' — NON-STATIONARY  (p=0.4681, stat=-1.6288)
2026-04-03 12:12:55,723 | INFO | data_pipeline | [ADF] 'SAR' — NON-STATIONARY  (p=0.4678, stat=-1.6295)
2026-04-03 12:13:04,193 | INFO | data_pipeline | [ADF] 'SMA_14' — NON-STATIONARY  (p=0.4712, stat=-1.6230)
2026-04-03 12:13:08,249 | INFO | data_pipeline | [ADF] 'T3_14' — NON-STATIONARY  (p=0.4653, stat=-1.6341)
2026-04-03 12:13:12,294 | INFO | data_pipeline | [ADF] 'TEMA_14' — NON-STATIONARY  (p=0.4730, stat=-1.6196)
2026-04-03 12:13:16,622 | INFO | data_pipeline | [ADF] 'TRIMA_14' — NON-STATIONARY  (p=0.4720, stat=-1.6213)
2026-04-03 12:13:20,825 | INFO | data_pipeline | [ADF] 'WMA_14' — NON-STATIONARY  (p=0.4729, stat=-1.6197)
2026-04-03 12:15:04,277 | INFO | data_pipeline | [ADF] 'AVGPRICE' — NON-STATIONARY  (p=0.4742, stat=-1.6172)
2026-04-03 12:15:08,002 | INFO | data_pipeline | [ADF] 'MEDPRICE' — NON-STATIONARY  (p=0.4741, stat=-1.6174)
2026-04-03 12:15:11,456 | INFO | data_pipeline | [ADF] 'TYPPRICE' — NON-STATIONARY  (p=0.4730, stat=-1.6194)
2026-04-03 12:15:14,879 | INFO | data_pipeline | [ADF] 'WCLPRICE' — NON-STATIONARY  (p=0.4731, stat=-1.6193)
2026-04-03 12:15:45,310 | INFO | data_pipeline | [ADF] 'LINEARREG_14' — NON-STATIONARY  (p=0.4718, stat=-1.6218)
2026-04-03 12:15:53,028 | INFO | data_pipeline | [ADF] 'LINEARREG_INTERCEPT_14' — NON-STATIONARY  (p=0.4727, stat=-1.6200)
2026-04-03 12:16:04,769 | INFO | data_pipeline | [ADF] 'TSF_14' — NON-STATIONARY  (p=0.4722, stat=-1.6210)
2026-04-03 12:16:08,812 | INFO | data_pipeline | [ADF] Tested 65 column(s): 38 stationary, 27 non-stationary.
2026-04-03 12:16:08,841 | INFO | data_pipeline | [make_stationary] Differencing 27 non-stationary column(s)…
2026-04-03 12:16:12,907 | INFO | data_pipeline | [make_stationary] 'open' became stationary after 1 diff(s)  (p=0.0000).
2026-04-03 12:16:16,704 | INFO | data_pipeline | [make_stationary] 'high' became stationary after 1 diff(s)  (p=0.0000).
2026-04-03 12:16:20,692 | INFO | data_pipeline | [make_stationary] 'low' became stationary after 1 diff(s)  (p=0.0000).
2026-04-03 12:16:24,736 | INFO | data_pipeline | [make_stationary] 'close' became stationary after 1 diff(s)  (p=0.0000).
2026-04-03 12:16:28,516 | INFO | data_pipeline | [make_stationary] 'BB_UPPER' became stationary after 1 diff(s)  (p=0.0000).
2026-04-03 12:16:32,711 | INFO | data_pipeline | [make_stationary] 'BB_MIDDLE' became stationary after 1 diff(s)  (p=0.0000).
2026-04-03 12:16:36,533 | INFO | data_pipeline | [make_stationary] 'BB_LOWER' became stationary after 1 diff(s)  (p=0.0000).
2026-04-03 12:16:40,284 | INFO | data_pipeline | [make_stationary] 'DEMA_14' became stationary after 1 diff(s)  (p=0.0000).
2026-04-03 12:16:44,089 | INFO | data_pipeline | [make_stationary] 'EMA_14' became stationary after 1 diff(s)  (p=0.0000).
2026-04-03 12:16:47,887 | INFO | data_pipeline | [make_stationary] 'HT_TRENDLINE' became stationary after 1 diff(s)  (p=0.0000).
2026-04-03 12:16:51,670 | INFO | data_pipeline | [make_stationary] 'KAMA_14' became stationary after 1 diff(s)  (p=0.0000).
2026-04-03 12:16:55,516 | INFO | data_pipeline | [make_stationary] 'MA_14' became stationary after 1 diff(s)  (p=0.0000).
2026-04-03 12:16:59,281 | INFO | data_pipeline | [make_stationary] 'MIDPOINT_14' became stationary after 1 diff(s)  (p=0.0000).
2026-04-03 12:17:03,145 | INFO | data_pipeline | [make_stationary] 'MIDPRICE_14' became stationary after 1 diff(s)  (p=0.0000).
2026-04-03 12:17:06,947 | INFO | data_pipeline | [make_stationary] 'SAR' became stationary after 1 diff(s)  (p=0.0000).
2026-04-03 12:17:10,936 | INFO | data_pipeline | [make_stationary] 'SMA_14' became stationary after 1 diff(s)  (p=0.0000).
2026-04-03 12:17:14,923 | INFO | data_pipeline | [make_stationary] 'T3_14' became stationary after 1 diff(s)  (p=0.0000).
2026-04-03 12:17:18,313 | INFO | data_pipeline | [make_stationary] 'TEMA_14' became stationary after 1 diff(s)  (p=0.0000).
2026-04-03 12:17:22,006 | INFO | data_pipeline | [make_stationary] 'TRIMA_14' became stationary after 1 diff(s)  (p=0.0000).
2026-04-03 12:17:25,826 | INFO | data_pipeline | [make_stationary] 'WMA_14' became stationary after 1 diff(s)  (p=0.0000).
2026-04-03 12:17:29,624 | INFO | data_pipeline | [make_stationary] 'AVGPRICE' became stationary after 1 diff(s)  (p=0.0000).
2026-04-03 12:17:33,336 | INFO | data_pipeline | [make_stationary] 'MEDPRICE' became stationary after 1 diff(s)  (p=0.0000).
2026-04-03 12:17:36,753 | INFO | data_pipeline | [make_stationary] 'TYPPRICE' became stationary after 1 diff(s)  (p=0.0000).
2026-04-03 12:17:40,330 | INFO | data_pipeline | [make_stationary] 'WCLPRICE' became stationary after 1 diff(s)  (p=0.0000).
2026-04-03 12:17:44,006 | INFO | data_pipeline | [make_stationary] 'LINEARREG_14' became stationary after 1 diff(s)  (p=0.0000).
2026-04-03 12:17:47,735 | INFO | data_pipeline | [make_stationary] 'LINEARREG_INTERCEPT_14' became stationary after 1 diff(s)  (p=0.0000).
2026-04-03 12:17:51,442 | INFO | data_pipeline | [make_stationary] 'TSF_14' became stationary after 1 diff(s)  (p=0.0000).
2026-04-03 12:17:51,506 | INFO | data_pipeline | [make_stationary] Shape after differencing & dropna: (28329, 89)
2026-04-03 12:17:51,507 | INFO | data_pipeline | Differencing summary: open=1d, high=1d, low=1d, close=1d, BB_UPPER=1d, BB_MIDDLE=1d, BB_LOWER=1d, DEMA_14=1d, EMA_14=1d, HT_TRENDLINE=1d, KAMA_14=1d, MA_14=1d, MIDPOINT_14=1d, MIDPRICE_14=1d, SAR=1d, SMA_14=1d, T3_14=1d, TEMA_14=1d, TRIMA_14=1d, WMA_14=1d, AVGPRICE=1d, MEDPRICE=1d, TYPPRICE=1d, WCLPRICE=1d, LINEARREG_14=1d, LINEARREG_INTERCEPT_14=1d, TSF_14=1d
2026-04-03 12:17:51,535 | INFO | data_pipeline | train_ratio=0.8 → split at row 22663/28329 → split_date='2025-08-05 23:00:00' (80% train / 20% test)
2026-04-03 12:17:51,603 | INFO | data_pipeline | Regression target created — shape: (28315, 87)
2026-04-03 14:05:26,693 | INFO | data_pipeline | Fetching data: schema=data_binance, table=btc_1m, start=2023-01-01, end=2026-03-30
2026-04-03 14:05:42,397 | INFO | data_pipeline | Fetched 1,704,961 rows for btc.
2026-04-03 14:05:42,397 | INFO | data_pipeline | Resampling to 1h…
2026-04-03 14:05:43,197 | INFO | data_pipeline | Resampled shape: (28417, 6)
2026-04-03 14:05:43,197 | INFO | data_pipeline | Generating 71 indicator(s)…
2026-04-03 14:05:43,330 | INFO | data_pipeline | Feature shape after generation: (28417, 89)
2026-04-03 14:05:43,330 | INFO | data_pipeline | Running ADF stationarity tests…
2026-04-03 14:05:47,339 | INFO | data_pipeline | [ADF] 'open' — NON-STATIONARY  (p=0.4742, stat=-1.6171)
2026-04-03 14:05:50,649 | INFO | data_pipeline | [ADF] 'high' — NON-STATIONARY  (p=0.4740, stat=-1.6175)
2026-04-03 14:05:54,174 | INFO | data_pipeline | [ADF] 'low' — NON-STATIONARY  (p=0.4741, stat=-1.6173)
2026-04-03 14:05:57,489 | INFO | data_pipeline | [ADF] 'close' — NON-STATIONARY  (p=0.4744, stat=-1.6168)
2026-04-03 14:06:04,358 | INFO | data_pipeline | [ADF] 'BB_UPPER' — NON-STATIONARY  (p=0.4697, stat=-1.6258)
2026-04-03 14:06:07,868 | INFO | data_pipeline | [ADF] 'BB_MIDDLE' — NON-STATIONARY  (p=0.4672, stat=-1.6305)
2026-04-03 14:06:11,524 | INFO | data_pipeline | [ADF] 'BB_LOWER' — NON-STATIONARY  (p=0.4715, stat=-1.6224)
2026-04-03 14:06:14,925 | INFO | data_pipeline | [ADF] 'DEMA_14' — NON-STATIONARY  (p=0.4715, stat=-1.6223)
2026-04-03 14:06:18,160 | INFO | data_pipeline | [ADF] 'EMA_14' — NON-STATIONARY  (p=0.4729, stat=-1.6197)
2026-04-03 14:06:21,777 | INFO | data_pipeline | [ADF] 'HT_TRENDLINE' — NON-STATIONARY  (p=0.4684, stat=-1.6283)
2026-04-03 14:06:25,469 | INFO | data_pipeline | [ADF] 'KAMA_14' — NON-STATIONARY  (p=0.4759, stat=-1.6139)
2026-04-03 14:06:29,421 | INFO | data_pipeline | [ADF] 'MA_14' — NON-STATIONARY  (p=0.4712, stat=-1.6230)
2026-04-03 14:06:33,223 | INFO | data_pipeline | [ADF] 'MIDPOINT_14' — NON-STATIONARY  (p=0.4719, stat=-1.6216)
2026-04-03 14:06:37,020 | INFO | data_pipeline | [ADF] 'MIDPRICE_14' — NON-STATIONARY  (p=0.4681, stat=-1.6288)
2026-04-03 14:06:40,550 | INFO | data_pipeline | [ADF] 'SAR' — NON-STATIONARY  (p=0.4678, stat=-1.6295)
2026-04-03 14:06:47,328 | INFO | data_pipeline | [ADF] 'SMA_14' — NON-STATIONARY  (p=0.4712, stat=-1.6230)
2026-04-03 14:06:50,628 | INFO | data_pipeline | [ADF] 'T3_14' — NON-STATIONARY  (p=0.4653, stat=-1.6341)
2026-04-03 14:06:54,573 | INFO | data_pipeline | [ADF] 'TEMA_14' — NON-STATIONARY  (p=0.4730, stat=-1.6196)
2026-04-03 14:06:58,527 | INFO | data_pipeline | [ADF] 'TRIMA_14' — NON-STATIONARY  (p=0.4720, stat=-1.6213)
2026-04-03 14:07:02,366 | INFO | data_pipeline | [ADF] 'WMA_14' — NON-STATIONARY  (p=0.4729, stat=-1.6197)
2026-04-03 14:08:35,623 | INFO | data_pipeline | [ADF] 'AVGPRICE' — NON-STATIONARY  (p=0.4742, stat=-1.6172)
2026-04-03 14:08:39,122 | INFO | data_pipeline | [ADF] 'MEDPRICE' — NON-STATIONARY  (p=0.4741, stat=-1.6174)
2026-04-03 14:08:42,563 | INFO | data_pipeline | [ADF] 'TYPPRICE' — NON-STATIONARY  (p=0.4730, stat=-1.6194)
2026-04-03 14:08:46,178 | INFO | data_pipeline | [ADF] 'WCLPRICE' — NON-STATIONARY  (p=0.4731, stat=-1.6193)
2026-04-03 14:09:21,335 | INFO | data_pipeline | [ADF] 'LINEARREG_14' — NON-STATIONARY  (p=0.4718, stat=-1.6218)
2026-04-03 14:09:31,318 | INFO | data_pipeline | [ADF] 'LINEARREG_INTERCEPT_14' — NON-STATIONARY  (p=0.4727, stat=-1.6200)
2026-04-03 14:09:44,999 | INFO | data_pipeline | [ADF] 'TSF_14' — NON-STATIONARY  (p=0.4722, stat=-1.6210)
2026-04-03 14:09:49,900 | INFO | data_pipeline | [ADF] Tested 65 column(s): 38 stationary, 27 non-stationary.
2026-04-03 14:09:49,928 | INFO | data_pipeline | [make_stationary] Differencing 27 non-stationary column(s)…
2026-04-03 14:09:54,713 | INFO | data_pipeline | [make_stationary] 'open' became stationary after 1 diff(s)  (p=0.0000).
2026-04-03 14:09:59,542 | INFO | data_pipeline | [make_stationary] 'high' became stationary after 1 diff(s)  (p=0.0000).
2026-04-03 14:10:04,424 | INFO | data_pipeline | [make_stationary] 'low' became stationary after 1 diff(s)  (p=0.0000).
2026-04-03 14:10:09,357 | INFO | data_pipeline | [make_stationary] 'close' became stationary after 1 diff(s)  (p=0.0000).
2026-04-03 14:10:14,032 | INFO | data_pipeline | [make_stationary] 'BB_UPPER' became stationary after 1 diff(s)  (p=0.0000).
2026-04-03 14:10:18,462 | INFO | data_pipeline | [make_stationary] 'BB_MIDDLE' became stationary after 1 diff(s)  (p=0.0000).
2026-04-03 14:10:22,746 | INFO | data_pipeline | [make_stationary] 'BB_LOWER' became stationary after 1 diff(s)  (p=0.0000).
2026-04-03 14:10:27,680 | INFO | data_pipeline | [make_stationary] 'DEMA_14' became stationary after 1 diff(s)  (p=0.0000).
2026-04-03 14:10:32,257 | INFO | data_pipeline | [make_stationary] 'EMA_14' became stationary after 1 diff(s)  (p=0.0000).
2026-04-03 14:10:37,002 | INFO | data_pipeline | [make_stationary] 'HT_TRENDLINE' became stationary after 1 diff(s)  (p=0.0000).
2026-04-03 14:10:41,534 | INFO | data_pipeline | [make_stationary] 'KAMA_14' became stationary after 1 diff(s)  (p=0.0000).
2026-04-03 14:10:46,663 | INFO | data_pipeline | [make_stationary] 'MA_14' became stationary after 1 diff(s)  (p=0.0000).
2026-04-03 14:10:52,278 | INFO | data_pipeline | [make_stationary] 'MIDPOINT_14' became stationary after 1 diff(s)  (p=0.0000).
2026-04-03 14:10:57,931 | INFO | data_pipeline | [make_stationary] 'MIDPRICE_14' became stationary after 1 diff(s)  (p=0.0000).
2026-04-03 14:11:03,728 | INFO | data_pipeline | [make_stationary] 'SAR' became stationary after 1 diff(s)  (p=0.0000).
2026-04-03 14:11:09,797 | INFO | data_pipeline | [make_stationary] 'SMA_14' became stationary after 1 diff(s)  (p=0.0000).
2026-04-03 14:11:15,431 | INFO | data_pipeline | [make_stationary] 'T3_14' became stationary after 1 diff(s)  (p=0.0000).
2026-04-03 14:11:21,054 | INFO | data_pipeline | [make_stationary] 'TEMA_14' became stationary after 1 diff(s)  (p=0.0000).
2026-04-03 14:11:27,042 | INFO | data_pipeline | [make_stationary] 'TRIMA_14' became stationary after 1 diff(s)  (p=0.0000).
2026-04-03 14:11:32,711 | INFO | data_pipeline | [make_stationary] 'WMA_14' became stationary after 1 diff(s)  (p=0.0000).
2026-04-03 14:11:38,366 | INFO | data_pipeline | [make_stationary] 'AVGPRICE' became stationary after 1 diff(s)  (p=0.0000).
2026-04-03 14:11:44,248 | INFO | data_pipeline | [make_stationary] 'MEDPRICE' became stationary after 1 diff(s)  (p=0.0000).
2026-04-03 14:11:49,789 | INFO | data_pipeline | [make_stationary] 'TYPPRICE' became stationary after 1 diff(s)  (p=0.0000).
2026-04-03 14:11:55,455 | INFO | data_pipeline | [make_stationary] 'WCLPRICE' became stationary after 1 diff(s)  (p=0.0000).
2026-04-03 14:12:01,428 | INFO | data_pipeline | [make_stationary] 'LINEARREG_14' became stationary after 1 diff(s)  (p=0.0000).
2026-04-03 14:12:07,429 | INFO | data_pipeline | [make_stationary] 'LINEARREG_INTERCEPT_14' became stationary after 1 diff(s)  (p=0.0000).
2026-04-03 14:12:13,494 | INFO | data_pipeline | [make_stationary] 'TSF_14' became stationary after 1 diff(s)  (p=0.0000).
2026-04-03 14:12:13,610 | INFO | data_pipeline | [make_stationary] Shape after differencing & dropna: (28329, 89)
2026-04-03 14:12:13,610 | INFO | data_pipeline | Differencing summary: open=1d, high=1d, low=1d, close=1d, BB_UPPER=1d, BB_MIDDLE=1d, BB_LOWER=1d, DEMA_14=1d, EMA_14=1d, HT_TRENDLINE=1d, KAMA_14=1d, MA_14=1d, MIDPOINT_14=1d, MIDPRICE_14=1d, SAR=1d, SMA_14=1d, T3_14=1d, TEMA_14=1d, TRIMA_14=1d, WMA_14=1d, AVGPRICE=1d, MEDPRICE=1d, TYPPRICE=1d, WCLPRICE=1d, LINEARREG_14=1d, LINEARREG_INTERCEPT_14=1d, TSF_14=1d
2026-04-03 14:12:13,666 | INFO | data_pipeline | train_ratio=0.8 → split at row 22663/28329 → split_date='2025-08-05 23:00:00' (80% train / 20% test)
2026-04-03 14:12:13,765 | INFO | data_pipeline | Regression target created — shape: (28315, 87)
2026-04-03 14:20:11,851 | INFO | data_pipeline | Regression target created — shape: (28315, 87)
2026-04-03 14:23:52,914 | INFO | data_pipeline | Regression target created — shape: (28315, 87)
2026-04-03 14:42:18,551 | INFO | data_pipeline | Regression target created — shape: (28315, 87)
2026-04-03 14:53:51,341 | INFO | data_pipeline | Fetching data: schema=data_binance, table=btc_1m, start=2023-01-01, end=2026-03-30
2026-04-03 14:54:08,057 | INFO | data_pipeline | Fetched 1,704,961 rows for btc.
2026-04-03 14:54:08,057 | INFO | data_pipeline | Resampling to 1h…
2026-04-03 14:54:08,800 | INFO | data_pipeline | Resampled shape: (28417, 6)
2026-04-03 14:54:08,800 | INFO | data_pipeline | Generating 71 indicator(s)…
2026-04-03 14:54:08,948 | INFO | data_pipeline | Feature shape after generation: (28417, 89)
2026-04-03 14:54:08,948 | INFO | data_pipeline | Running ADF stationarity tests…
2026-04-03 14:54:12,263 | INFO | data_pipeline | [ADF] 'open' — NON-STATIONARY  (p=0.4742, stat=-1.6171)
2026-04-03 14:54:15,478 | INFO | data_pipeline | [ADF] 'high' — NON-STATIONARY  (p=0.4740, stat=-1.6175)
2026-04-03 14:54:18,738 | INFO | data_pipeline | [ADF] 'low' — NON-STATIONARY  (p=0.4741, stat=-1.6173)
2026-04-03 14:54:22,182 | INFO | data_pipeline | [ADF] 'close' — NON-STATIONARY  (p=0.4744, stat=-1.6168)
2026-04-03 14:54:29,185 | INFO | data_pipeline | [ADF] 'BB_UPPER' — NON-STATIONARY  (p=0.4697, stat=-1.6258)
2026-04-03 14:54:33,240 | INFO | data_pipeline | [ADF] 'BB_MIDDLE' — NON-STATIONARY  (p=0.4672, stat=-1.6305)
2026-04-03 14:54:36,986 | INFO | data_pipeline | [ADF] 'BB_LOWER' — NON-STATIONARY  (p=0.4715, stat=-1.6224)
2026-04-03 14:54:40,114 | INFO | data_pipeline | [ADF] 'DEMA_14' — NON-STATIONARY  (p=0.4715, stat=-1.6223)
2026-04-03 14:54:43,628 | INFO | data_pipeline | [ADF] 'EMA_14' — NON-STATIONARY  (p=0.4729, stat=-1.6197)
2026-04-03 14:54:47,143 | INFO | data_pipeline | [ADF] 'HT_TRENDLINE' — NON-STATIONARY  (p=0.4684, stat=-1.6283)
2026-04-03 14:54:50,498 | INFO | data_pipeline | [ADF] 'KAMA_14' — NON-STATIONARY  (p=0.4759, stat=-1.6139)
2026-04-03 14:54:54,009 | INFO | data_pipeline | [ADF] 'MA_14' — NON-STATIONARY  (p=0.4712, stat=-1.6230)
2026-04-03 14:54:57,475 | INFO | data_pipeline | [ADF] 'MIDPOINT_14' — NON-STATIONARY  (p=0.4719, stat=-1.6216)
2026-04-03 14:55:00,887 | INFO | data_pipeline | [ADF] 'MIDPRICE_14' — NON-STATIONARY  (p=0.4681, stat=-1.6288)
2026-04-03 14:55:04,404 | INFO | data_pipeline | [ADF] 'SAR' — NON-STATIONARY  (p=0.4678, stat=-1.6295)
2026-04-03 14:55:11,357 | INFO | data_pipeline | [ADF] 'SMA_14' — NON-STATIONARY  (p=0.4712, stat=-1.6230)
2026-04-03 14:55:14,846 | INFO | data_pipeline | [ADF] 'T3_14' — NON-STATIONARY  (p=0.4653, stat=-1.6341)
2026-04-03 14:55:18,747 | INFO | data_pipeline | [ADF] 'TEMA_14' — NON-STATIONARY  (p=0.4730, stat=-1.6196)
2026-04-03 14:55:22,034 | INFO | data_pipeline | [ADF] 'TRIMA_14' — NON-STATIONARY  (p=0.4720, stat=-1.6213)
2026-04-03 14:55:25,275 | INFO | data_pipeline | [ADF] 'WMA_14' — NON-STATIONARY  (p=0.4729, stat=-1.6197)
2026-04-03 14:56:55,957 | INFO | data_pipeline | [ADF] 'AVGPRICE' — NON-STATIONARY  (p=0.4742, stat=-1.6172)
2026-04-03 14:56:59,604 | INFO | data_pipeline | [ADF] 'MEDPRICE' — NON-STATIONARY  (p=0.4741, stat=-1.6174)
2026-04-03 14:57:02,955 | INFO | data_pipeline | [ADF] 'TYPPRICE' — NON-STATIONARY  (p=0.4730, stat=-1.6194)
2026-04-03 14:57:06,351 | INFO | data_pipeline | [ADF] 'WCLPRICE' — NON-STATIONARY  (p=0.4731, stat=-1.6193)
2026-04-03 14:57:33,440 | INFO | data_pipeline | [ADF] 'LINEARREG_14' — NON-STATIONARY  (p=0.4718, stat=-1.6218)
2026-04-03 14:57:40,374 | INFO | data_pipeline | [ADF] 'LINEARREG_INTERCEPT_14' — NON-STATIONARY  (p=0.4727, stat=-1.6200)
2026-04-03 14:57:51,228 | INFO | data_pipeline | [ADF] 'TSF_14' — NON-STATIONARY  (p=0.4722, stat=-1.6210)
2026-04-03 14:57:54,728 | INFO | data_pipeline | [ADF] Tested 65 column(s): 38 stationary, 27 non-stationary.
2026-04-03 14:57:54,750 | INFO | data_pipeline | [make_stationary] Differencing 27 non-stationary column(s)…
2026-04-03 14:57:58,248 | INFO | data_pipeline | [make_stationary] 'open' became stationary after 1 diff(s)  (p=0.0000).
2026-04-03 14:58:01,575 | INFO | data_pipeline | [make_stationary] 'high' became stationary after 1 diff(s)  (p=0.0000).
2026-04-03 14:58:04,821 | INFO | data_pipeline | [make_stationary] 'low' became stationary after 1 diff(s)  (p=0.0000).
2026-04-03 14:58:08,155 | INFO | data_pipeline | [make_stationary] 'close' became stationary after 1 diff(s)  (p=0.0000).
2026-04-03 14:58:11,722 | INFO | data_pipeline | [make_stationary] 'BB_UPPER' became stationary after 1 diff(s)  (p=0.0000).
2026-04-03 14:58:15,265 | INFO | data_pipeline | [make_stationary] 'BB_MIDDLE' became stationary after 1 diff(s)  (p=0.0000).
2026-04-03 14:58:18,698 | INFO | data_pipeline | [make_stationary] 'BB_LOWER' became stationary after 1 diff(s)  (p=0.0000).
2026-04-03 14:58:22,026 | INFO | data_pipeline | [make_stationary] 'DEMA_14' became stationary after 1 diff(s)  (p=0.0000).
2026-04-03 14:58:25,470 | INFO | data_pipeline | [make_stationary] 'EMA_14' became stationary after 1 diff(s)  (p=0.0000).
2026-04-03 14:58:28,955 | INFO | data_pipeline | [make_stationary] 'HT_TRENDLINE' became stationary after 1 diff(s)  (p=0.0000).
2026-04-03 14:58:32,472 | INFO | data_pipeline | [make_stationary] 'KAMA_14' became stationary after 1 diff(s)  (p=0.0000).
2026-04-03 14:58:35,871 | INFO | data_pipeline | [make_stationary] 'MA_14' became stationary after 1 diff(s)  (p=0.0000).
2026-04-03 14:58:39,191 | INFO | data_pipeline | [make_stationary] 'MIDPOINT_14' became stationary after 1 diff(s)  (p=0.0000).
2026-04-03 14:58:42,639 | INFO | data_pipeline | [make_stationary] 'MIDPRICE_14' became stationary after 1 diff(s)  (p=0.0000).
2026-04-03 14:58:46,849 | INFO | data_pipeline | [make_stationary] 'SAR' became stationary after 1 diff(s)  (p=0.0000).
2026-04-03 14:58:51,675 | INFO | data_pipeline | [make_stationary] 'SMA_14' became stationary after 1 diff(s)  (p=0.0000).
2026-04-03 14:58:55,247 | INFO | data_pipeline | [make_stationary] 'T3_14' became stationary after 1 diff(s)  (p=0.0000).
2026-04-03 14:58:58,778 | INFO | data_pipeline | [make_stationary] 'TEMA_14' became stationary after 1 diff(s)  (p=0.0000).
2026-04-03 14:59:02,388 | INFO | data_pipeline | [make_stationary] 'TRIMA_14' became stationary after 1 diff(s)  (p=0.0000).
2026-04-03 14:59:05,873 | INFO | data_pipeline | [make_stationary] 'WMA_14' became stationary after 1 diff(s)  (p=0.0000).
2026-04-03 14:59:09,234 | INFO | data_pipeline | [make_stationary] 'AVGPRICE' became stationary after 1 diff(s)  (p=0.0000).
2026-04-03 14:59:12,581 | INFO | data_pipeline | [make_stationary] 'MEDPRICE' became stationary after 1 diff(s)  (p=0.0000).
2026-04-03 14:59:16,119 | INFO | data_pipeline | [make_stationary] 'TYPPRICE' became stationary after 1 diff(s)  (p=0.0000).
2026-04-03 14:59:19,628 | INFO | data_pipeline | [make_stationary] 'WCLPRICE' became stationary after 1 diff(s)  (p=0.0000).
2026-04-03 14:59:23,209 | INFO | data_pipeline | [make_stationary] 'LINEARREG_14' became stationary after 1 diff(s)  (p=0.0000).
2026-04-03 14:59:26,721 | INFO | data_pipeline | [make_stationary] 'LINEARREG_INTERCEPT_14' became stationary after 1 diff(s)  (p=0.0000).
2026-04-03 14:59:30,323 | INFO | data_pipeline | [make_stationary] 'TSF_14' became stationary after 1 diff(s)  (p=0.0000).
2026-04-03 14:59:30,372 | INFO | data_pipeline | [make_stationary] Shape after differencing & dropna: (28329, 89)
2026-04-03 14:59:30,372 | INFO | data_pipeline | Differencing summary: open=1d, high=1d, low=1d, close=1d, BB_UPPER=1d, BB_MIDDLE=1d, BB_LOWER=1d, DEMA_14=1d, EMA_14=1d, HT_TRENDLINE=1d, KAMA_14=1d, MA_14=1d, MIDPOINT_14=1d, MIDPRICE_14=1d, SAR=1d, SMA_14=1d, T3_14=1d, TEMA_14=1d, TRIMA_14=1d, WMA_14=1d, AVGPRICE=1d, MEDPRICE=1d, TYPPRICE=1d, WCLPRICE=1d, LINEARREG_14=1d, LINEARREG_INTERCEPT_14=1d, TSF_14=1d
2026-04-03 14:59:30,393 | INFO | data_pipeline | train_ratio=0.8 → split at row 22663/28329 → split_date='2025-08-05 23:00:00' (80% train / 20% test)
2026-04-03 14:59:30,441 | INFO | data_pipeline | Regression target created — shape: (28315, 87)
2026-04-03 15:57:18,747 | INFO | data_pipeline | Regression target created — shape: (28315, 87)
2026-04-06 09:35:21,619 | INFO | data_pipeline | Fetching data: schema=data_binance, table=btc_1m, start=2023-01-01, end=2026-03-30
2026-04-06 09:35:33,840 | INFO | data_pipeline | Fetched 1,704,961 rows for btc.
2026-04-06 09:35:33,840 | INFO | data_pipeline | Resampling to 1h…
2026-04-06 09:35:34,599 | INFO | data_pipeline | Resampled shape: (28417, 6)
2026-04-06 09:35:34,599 | INFO | data_pipeline | Generating 71 indicator(s)…
2026-04-06 09:35:34,735 | INFO | data_pipeline | Feature shape after generation: (28417, 89)
2026-04-06 09:35:34,735 | INFO | data_pipeline | Running ADF stationarity tests…
2026-04-06 09:35:37,931 | INFO | data_pipeline | [ADF] 'open' — NON-STATIONARY  (p=0.4742, stat=-1.6171)
2026-04-06 09:35:41,223 | INFO | data_pipeline | [ADF] 'high' — NON-STATIONARY  (p=0.4740, stat=-1.6175)
2026-04-06 09:35:44,580 | INFO | data_pipeline | [ADF] 'low' — NON-STATIONARY  (p=0.4741, stat=-1.6173)
2026-04-06 09:35:47,874 | INFO | data_pipeline | [ADF] 'close' — NON-STATIONARY  (p=0.4744, stat=-1.6168)
2026-04-06 09:35:54,583 | INFO | data_pipeline | [ADF] 'BB_UPPER' — NON-STATIONARY  (p=0.4697, stat=-1.6258)
2026-04-06 09:35:57,970 | INFO | data_pipeline | [ADF] 'BB_MIDDLE' — NON-STATIONARY  (p=0.4672, stat=-1.6305)
2026-04-06 09:36:01,312 | INFO | data_pipeline | [ADF] 'BB_LOWER' — NON-STATIONARY  (p=0.4715, stat=-1.6224)
2026-04-06 09:36:04,630 | INFO | data_pipeline | [ADF] 'DEMA_14' — NON-STATIONARY  (p=0.4715, stat=-1.6223)
2026-04-06 09:36:07,894 | INFO | data_pipeline | [ADF] 'EMA_14' — NON-STATIONARY  (p=0.4729, stat=-1.6197)
2026-04-06 09:36:11,292 | INFO | data_pipeline | [ADF] 'HT_TRENDLINE' — NON-STATIONARY  (p=0.4684, stat=-1.6283)
2026-04-06 09:36:14,784 | INFO | data_pipeline | [ADF] 'KAMA_14' — NON-STATIONARY  (p=0.4759, stat=-1.6139)
2026-04-06 09:36:18,236 | INFO | data_pipeline | [ADF] 'MA_14' — NON-STATIONARY  (p=0.4712, stat=-1.6230)
2026-04-06 09:36:21,603 | INFO | data_pipeline | [ADF] 'MIDPOINT_14' — NON-STATIONARY  (p=0.4719, stat=-1.6216)
2026-04-06 09:36:24,917 | INFO | data_pipeline | [ADF] 'MIDPRICE_14' — NON-STATIONARY  (p=0.4681, stat=-1.6288)
2026-04-06 09:36:28,298 | INFO | data_pipeline | [ADF] 'SAR' — NON-STATIONARY  (p=0.4678, stat=-1.6295)
2026-04-06 09:36:35,146 | INFO | data_pipeline | [ADF] 'SMA_14' — NON-STATIONARY  (p=0.4712, stat=-1.6230)
2026-04-06 09:36:38,529 | INFO | data_pipeline | [ADF] 'T3_14' — NON-STATIONARY  (p=0.4653, stat=-1.6341)
2026-04-06 09:36:42,204 | INFO | data_pipeline | [ADF] 'TEMA_14' — NON-STATIONARY  (p=0.4730, stat=-1.6196)
2026-04-06 09:36:46,030 | INFO | data_pipeline | [ADF] 'TRIMA_14' — NON-STATIONARY  (p=0.4720, stat=-1.6213)
2026-04-06 09:36:49,488 | INFO | data_pipeline | [ADF] 'WMA_14' — NON-STATIONARY  (p=0.4729, stat=-1.6197)
2026-04-06 09:38:22,087 | INFO | data_pipeline | [ADF] 'AVGPRICE' — NON-STATIONARY  (p=0.4742, stat=-1.6172)
2026-04-06 09:38:25,483 | INFO | data_pipeline | [ADF] 'MEDPRICE' — NON-STATIONARY  (p=0.4741, stat=-1.6174)
2026-04-06 09:38:28,568 | INFO | data_pipeline | [ADF] 'TYPPRICE' — NON-STATIONARY  (p=0.4730, stat=-1.6194)
2026-04-06 09:38:32,080 | INFO | data_pipeline | [ADF] 'WCLPRICE' — NON-STATIONARY  (p=0.4731, stat=-1.6193)
2026-04-06 09:38:59,423 | INFO | data_pipeline | [ADF] 'LINEARREG_14' — NON-STATIONARY  (p=0.4718, stat=-1.6218)
2026-04-06 09:39:06,361 | INFO | data_pipeline | [ADF] 'LINEARREG_INTERCEPT_14' — NON-STATIONARY  (p=0.4727, stat=-1.6200)
2026-04-06 09:39:16,829 | INFO | data_pipeline | [ADF] 'TSF_14' — NON-STATIONARY  (p=0.4722, stat=-1.6210)
2026-04-06 09:39:20,073 | INFO | data_pipeline | [ADF] Tested 65 column(s): 38 stationary, 27 non-stationary.
2026-04-06 09:39:20,098 | INFO | data_pipeline | [make_stationary] Differencing 27 non-stationary column(s)…
2026-04-06 09:39:23,470 | INFO | data_pipeline | [make_stationary] 'open' became stationary after 1 diff(s)  (p=0.0000).
2026-04-06 09:39:26,897 | INFO | data_pipeline | [make_stationary] 'high' became stationary after 1 diff(s)  (p=0.0000).
2026-04-06 09:39:30,853 | INFO | data_pipeline | [make_stationary] 'low' became stationary after 1 diff(s)  (p=0.0000).
2026-04-06 09:39:34,270 | INFO | data_pipeline | [make_stationary] 'close' became stationary after 1 diff(s)  (p=0.0000).
2026-04-06 09:39:37,657 | INFO | data_pipeline | [make_stationary] 'BB_UPPER' became stationary after 1 diff(s)  (p=0.0000).
2026-04-06 09:39:41,140 | INFO | data_pipeline | [make_stationary] 'BB_MIDDLE' became stationary after 1 diff(s)  (p=0.0000).
2026-04-06 09:39:44,594 | INFO | data_pipeline | [make_stationary] 'BB_LOWER' became stationary after 1 diff(s)  (p=0.0000).
2026-04-06 09:39:48,041 | INFO | data_pipeline | [make_stationary] 'DEMA_14' became stationary after 1 diff(s)  (p=0.0000).
2026-04-06 09:39:51,045 | INFO | data_pipeline | [make_stationary] 'EMA_14' became stationary after 1 diff(s)  (p=0.0000).
2026-04-06 09:39:54,167 | INFO | data_pipeline | [make_stationary] 'HT_TRENDLINE' became stationary after 1 diff(s)  (p=0.0000).
2026-04-06 09:39:57,254 | INFO | data_pipeline | [make_stationary] 'KAMA_14' became stationary after 1 diff(s)  (p=0.0000).
2026-04-06 09:40:00,483 | INFO | data_pipeline | [make_stationary] 'MA_14' became stationary after 1 diff(s)  (p=0.0000).
2026-04-06 09:40:03,669 | INFO | data_pipeline | [make_stationary] 'MIDPOINT_14' became stationary after 1 diff(s)  (p=0.0000).
2026-04-06 09:40:06,894 | INFO | data_pipeline | [make_stationary] 'MIDPRICE_14' became stationary after 1 diff(s)  (p=0.0000).
2026-04-06 09:40:10,218 | INFO | data_pipeline | [make_stationary] 'SAR' became stationary after 1 diff(s)  (p=0.0000).
2026-04-06 09:40:13,502 | INFO | data_pipeline | [make_stationary] 'SMA_14' became stationary after 1 diff(s)  (p=0.0000).
2026-04-06 09:40:17,130 | INFO | data_pipeline | [make_stationary] 'T3_14' became stationary after 1 diff(s)  (p=0.0000).
2026-04-06 09:40:20,621 | INFO | data_pipeline | [make_stationary] 'TEMA_14' became stationary after 1 diff(s)  (p=0.0000).
2026-04-06 09:40:24,172 | INFO | data_pipeline | [make_stationary] 'TRIMA_14' became stationary after 1 diff(s)  (p=0.0000).
2026-04-06 09:40:27,328 | INFO | data_pipeline | [make_stationary] 'WMA_14' became stationary after 1 diff(s)  (p=0.0000).
2026-04-06 09:40:30,497 | INFO | data_pipeline | [make_stationary] 'AVGPRICE' became stationary after 1 diff(s)  (p=0.0000).
2026-04-06 09:40:33,687 | INFO | data_pipeline | [make_stationary] 'MEDPRICE' became stationary after 1 diff(s)  (p=0.0000).
2026-04-06 09:40:36,884 | INFO | data_pipeline | [make_stationary] 'TYPPRICE' became stationary after 1 diff(s)  (p=0.0000).
2026-04-06 09:40:40,082 | INFO | data_pipeline | [make_stationary] 'WCLPRICE' became stationary after 1 diff(s)  (p=0.0000).
2026-04-06 09:40:43,320 | INFO | data_pipeline | [make_stationary] 'LINEARREG_14' became stationary after 1 diff(s)  (p=0.0000).
2026-04-06 09:40:46,531 | INFO | data_pipeline | [make_stationary] 'LINEARREG_INTERCEPT_14' became stationary after 1 diff(s)  (p=0.0000).
2026-04-06 09:40:49,713 | INFO | data_pipeline | [make_stationary] 'TSF_14' became stationary after 1 diff(s)  (p=0.0000).
2026-04-06 09:40:49,808 | INFO | data_pipeline | [make_stationary] Shape after differencing & dropna: (28329, 89)
2026-04-06 09:40:49,808 | INFO | data_pipeline | Differencing summary: open=1d, high=1d, low=1d, close=1d, BB_UPPER=1d, BB_MIDDLE=1d, BB_LOWER=1d, DEMA_14=1d, EMA_14=1d, HT_TRENDLINE=1d, KAMA_14=1d, MA_14=1d, MIDPOINT_14=1d, MIDPRICE_14=1d, SAR=1d, SMA_14=1d, T3_14=1d, TEMA_14=1d, TRIMA_14=1d, WMA_14=1d, AVGPRICE=1d, MEDPRICE=1d, TYPPRICE=1d, WCLPRICE=1d, LINEARREG_14=1d, LINEARREG_INTERCEPT_14=1d, TSF_14=1d
2026-04-06 09:40:49,883 | INFO | data_pipeline | train_ratio=0.8 → split at row 22663/28329 → split_date='2025-08-05 23:00:00' (80% train / 20% test)
2026-04-06 09:40:49,978 | INFO | data_pipeline | Regression target created — shape: (28315, 87)
2026-04-06 10:22:37,136 | INFO | data_pipeline | Regression target created — shape: (28315, 87)
2026-04-06 11:10:24,290 | INFO | data_pipeline | Regression target created — shape: (28315, 87)
2026-04-06 12:10:05,893 | INFO | data_pipeline | Fetching data: schema=data_binance, table=btc_1m, start=2023-01-01, end=2026-03-30
2026-04-06 12:10:32,018 | INFO | data_pipeline | Fetched 1,704,961 rows for btc.
2026-04-06 12:10:32,018 | INFO | data_pipeline | Resampling to 1h…
2026-04-06 12:10:32,686 | INFO | data_pipeline | Resampled shape: (28417, 6)
2026-04-06 12:10:32,686 | INFO | data_pipeline | Generating 71 indicator(s)…
2026-04-06 12:10:32,810 | INFO | data_pipeline | Feature shape after generation: (28417, 89)
2026-04-06 12:10:32,810 | INFO | data_pipeline | Running ADF stationarity tests…
2026-04-06 12:10:35,821 | INFO | data_pipeline | [ADF] 'open' — NON-STATIONARY  (p=0.4742, stat=-1.6171)
2026-04-06 12:10:38,941 | INFO | data_pipeline | [ADF] 'high' — NON-STATIONARY  (p=0.4740, stat=-1.6175)
2026-04-06 12:10:42,544 | INFO | data_pipeline | [ADF] 'low' — NON-STATIONARY  (p=0.4741, stat=-1.6173)
2026-04-06 12:10:46,015 | INFO | data_pipeline | [ADF] 'close' — NON-STATIONARY  (p=0.4744, stat=-1.6168)
2026-04-06 12:10:53,295 | INFO | data_pipeline | [ADF] 'BB_UPPER' — NON-STATIONARY  (p=0.4697, stat=-1.6258)
2026-04-06 12:10:56,890 | INFO | data_pipeline | [ADF] 'BB_MIDDLE' — NON-STATIONARY  (p=0.4672, stat=-1.6305)
2026-04-06 12:11:00,429 | INFO | data_pipeline | [ADF] 'BB_LOWER' — NON-STATIONARY  (p=0.4715, stat=-1.6224)
2026-04-06 12:11:03,889 | INFO | data_pipeline | [ADF] 'DEMA_14' — NON-STATIONARY  (p=0.4715, stat=-1.6223)
2026-04-06 12:11:07,342 | INFO | data_pipeline | [ADF] 'EMA_14' — NON-STATIONARY  (p=0.4729, stat=-1.6197)
2026-04-06 12:11:10,913 | INFO | data_pipeline | [ADF] 'HT_TRENDLINE' — NON-STATIONARY  (p=0.4684, stat=-1.6283)
2026-04-06 12:11:14,386 | INFO | data_pipeline | [ADF] 'KAMA_14' — NON-STATIONARY  (p=0.4759, stat=-1.6139)
2026-04-06 12:11:17,873 | INFO | data_pipeline | [ADF] 'MA_14' — NON-STATIONARY  (p=0.4712, stat=-1.6230)
2026-04-06 12:11:21,378 | INFO | data_pipeline | [ADF] 'MIDPOINT_14' — NON-STATIONARY  (p=0.4719, stat=-1.6216)
2026-04-06 12:11:24,876 | INFO | data_pipeline | [ADF] 'MIDPRICE_14' — NON-STATIONARY  (p=0.4681, stat=-1.6288)
2026-04-06 12:11:28,339 | INFO | data_pipeline | [ADF] 'SAR' — NON-STATIONARY  (p=0.4678, stat=-1.6295)
2026-04-06 12:11:35,283 | INFO | data_pipeline | [ADF] 'SMA_14' — NON-STATIONARY  (p=0.4712, stat=-1.6230)
2026-04-06 12:11:38,765 | INFO | data_pipeline | [ADF] 'T3_14' — NON-STATIONARY  (p=0.4653, stat=-1.6341)
2026-04-06 12:11:42,886 | INFO | data_pipeline | [ADF] 'TEMA_14' — NON-STATIONARY  (p=0.4730, stat=-1.6196)
2026-04-06 12:11:47,782 | INFO | data_pipeline | [ADF] 'TRIMA_14' — NON-STATIONARY  (p=0.4720, stat=-1.6213)
2026-04-06 12:11:52,334 | INFO | data_pipeline | [ADF] 'WMA_14' — NON-STATIONARY  (p=0.4729, stat=-1.6197)
2026-04-06 12:13:56,147 | INFO | data_pipeline | [ADF] 'AVGPRICE' — NON-STATIONARY  (p=0.4742, stat=-1.6172)
2026-04-06 12:14:01,071 | INFO | data_pipeline | [ADF] 'MEDPRICE' — NON-STATIONARY  (p=0.4741, stat=-1.6174)
2026-04-06 12:14:05,967 | INFO | data_pipeline | [ADF] 'TYPPRICE' — NON-STATIONARY  (p=0.4730, stat=-1.6194)
2026-04-06 12:14:10,377 | INFO | data_pipeline | [ADF] 'WCLPRICE' — NON-STATIONARY  (p=0.4731, stat=-1.6193)
2026-04-06 12:14:46,692 | INFO | data_pipeline | [ADF] 'LINEARREG_14' — NON-STATIONARY  (p=0.4718, stat=-1.6218)
2026-04-06 12:14:56,022 | INFO | data_pipeline | [ADF] 'LINEARREG_INTERCEPT_14' — NON-STATIONARY  (p=0.4727, stat=-1.6200)
2026-04-06 12:15:10,623 | INFO | data_pipeline | [ADF] 'TSF_14' — NON-STATIONARY  (p=0.4722, stat=-1.6210)
2026-04-06 12:15:15,409 | INFO | data_pipeline | [ADF] Tested 65 column(s): 38 stationary, 27 non-stationary.
2026-04-06 12:15:15,432 | INFO | data_pipeline | [make_stationary] Differencing 27 non-stationary column(s)…
2026-04-06 12:15:20,009 | INFO | data_pipeline | [make_stationary] 'open' became stationary after 1 diff(s)  (p=0.0000).
2026-04-06 12:15:24,154 | INFO | data_pipeline | [make_stationary] 'high' became stationary after 1 diff(s)  (p=0.0000).
2026-04-06 12:15:29,101 | INFO | data_pipeline | [make_stationary] 'low' became stationary after 1 diff(s)  (p=0.0000).
2026-04-06 12:15:33,838 | INFO | data_pipeline | [make_stationary] 'close' became stationary after 1 diff(s)  (p=0.0000).
2026-04-06 12:15:38,374 | INFO | data_pipeline | [make_stationary] 'BB_UPPER' became stationary after 1 diff(s)  (p=0.0000).
2026-04-06 12:15:41,868 | INFO | data_pipeline | [make_stationary] 'BB_MIDDLE' became stationary after 1 diff(s)  (p=0.0000).
2026-04-06 12:15:46,601 | INFO | data_pipeline | [make_stationary] 'BB_LOWER' became stationary after 1 diff(s)  (p=0.0000).
2026-04-06 12:15:51,391 | INFO | data_pipeline | [make_stationary] 'DEMA_14' became stationary after 1 diff(s)  (p=0.0000).
2026-04-06 12:15:56,031 | INFO | data_pipeline | [make_stationary] 'EMA_14' became stationary after 1 diff(s)  (p=0.0000).
2026-04-06 12:16:00,895 | INFO | data_pipeline | [make_stationary] 'HT_TRENDLINE' became stationary after 1 diff(s)  (p=0.0000).
2026-04-06 12:16:06,100 | INFO | data_pipeline | [make_stationary] 'KAMA_14' became stationary after 1 diff(s)  (p=0.0000).
2026-04-06 12:16:11,213 | INFO | data_pipeline | [make_stationary] 'MA_14' became stationary after 1 diff(s)  (p=0.0000).
2026-04-06 12:16:15,938 | INFO | data_pipeline | [make_stationary] 'MIDPOINT_14' became stationary after 1 diff(s)  (p=0.0000).
2026-04-06 12:16:20,864 | INFO | data_pipeline | [make_stationary] 'MIDPRICE_14' became stationary after 1 diff(s)  (p=0.0000).
2026-04-06 12:16:25,445 | INFO | data_pipeline | [make_stationary] 'SAR' became stationary after 1 diff(s)  (p=0.0000).
2026-04-06 12:16:30,320 | INFO | data_pipeline | [make_stationary] 'SMA_14' became stationary after 1 diff(s)  (p=0.0000).
2026-04-06 12:16:34,859 | INFO | data_pipeline | [make_stationary] 'T3_14' became stationary after 1 diff(s)  (p=0.0000).
2026-04-06 12:16:39,703 | INFO | data_pipeline | [make_stationary] 'TEMA_14' became stationary after 1 diff(s)  (p=0.0000).
2026-04-06 12:16:44,521 | INFO | data_pipeline | [make_stationary] 'TRIMA_14' became stationary after 1 diff(s)  (p=0.0000).
2026-04-06 12:16:49,412 | INFO | data_pipeline | [make_stationary] 'WMA_14' became stationary after 1 diff(s)  (p=0.0000).
2026-04-06 12:16:54,175 | INFO | data_pipeline | [make_stationary] 'AVGPRICE' became stationary after 1 diff(s)  (p=0.0000).
2026-04-06 12:16:58,671 | INFO | data_pipeline | [make_stationary] 'MEDPRICE' became stationary after 1 diff(s)  (p=0.0000).
2026-04-06 12:17:03,233 | INFO | data_pipeline | [make_stationary] 'TYPPRICE' became stationary after 1 diff(s)  (p=0.0000).
2026-04-06 12:17:07,970 | INFO | data_pipeline | [make_stationary] 'WCLPRICE' became stationary after 1 diff(s)  (p=0.0000).
2026-04-06 12:17:12,921 | INFO | data_pipeline | [make_stationary] 'LINEARREG_14' became stationary after 1 diff(s)  (p=0.0000).
2026-04-06 12:17:17,984 | INFO | data_pipeline | [make_stationary] 'LINEARREG_INTERCEPT_14' became stationary after 1 diff(s)  (p=0.0000).
2026-04-06 12:17:22,878 | INFO | data_pipeline | [make_stationary] 'TSF_14' became stationary after 1 diff(s)  (p=0.0000).
2026-04-06 12:17:22,938 | INFO | data_pipeline | [make_stationary] Shape after differencing & dropna: (28329, 89)
2026-04-06 12:17:22,938 | INFO | data_pipeline | Differencing summary: open=1d, high=1d, low=1d, close=1d, BB_UPPER=1d, BB_MIDDLE=1d, BB_LOWER=1d, DEMA_14=1d, EMA_14=1d, HT_TRENDLINE=1d, KAMA_14=1d, MA_14=1d, MIDPOINT_14=1d, MIDPRICE_14=1d, SAR=1d, SMA_14=1d, T3_14=1d, TEMA_14=1d, TRIMA_14=1d, WMA_14=1d, AVGPRICE=1d, MEDPRICE=1d, TYPPRICE=1d, WCLPRICE=1d, LINEARREG_14=1d, LINEARREG_INTERCEPT_14=1d, TSF_14=1d
2026-04-06 12:17:22,975 | INFO | data_pipeline | train_ratio=0.8 → split at row 22663/28329 → split_date='2025-08-05 23:00:00' (80% train / 20% test)
2026-04-06 12:17:23,047 | INFO | data_pipeline | Regression target created — shape: (28315, 87)
2026-04-06 13:49:44,259 | INFO | data_pipeline | Regression target created — shape: (28315, 87)
2026-04-06 15:17:52,997 | INFO | data_pipeline | Fetching data: schema=data_binance, table=btc_1m, start=2023-01-01, end=2026-03-30
2026-04-06 15:18:05,428 | INFO | data_pipeline | Fetched 1,704,961 rows for btc.
2026-04-06 15:18:05,428 | INFO | data_pipeline | Resampling to 1h…
2026-04-06 15:18:06,286 | INFO | data_pipeline | Resampled shape: (28417, 6)
2026-04-06 15:18:06,286 | INFO | data_pipeline | Generating 71 indicator(s)…
2026-04-06 15:18:06,431 | INFO | data_pipeline | Feature shape after generation: (28417, 89)
2026-04-06 15:18:06,431 | INFO | data_pipeline | Running ADF stationarity tests…
2026-04-06 15:18:09,857 | INFO | data_pipeline | [ADF] 'open' — NON-STATIONARY  (p=0.4742, stat=-1.6171)
2026-04-06 15:18:13,260 | INFO | data_pipeline | [ADF] 'high' — NON-STATIONARY  (p=0.4740, stat=-1.6175)
2026-04-06 15:18:16,707 | INFO | data_pipeline | [ADF] 'low' — NON-STATIONARY  (p=0.4741, stat=-1.6173)
2026-04-06 15:18:20,247 | INFO | data_pipeline | [ADF] 'close' — NON-STATIONARY  (p=0.4744, stat=-1.6168)
2026-04-06 15:18:26,878 | INFO | data_pipeline | [ADF] 'BB_UPPER' — NON-STATIONARY  (p=0.4697, stat=-1.6258)
2026-04-06 15:18:30,494 | INFO | data_pipeline | [ADF] 'BB_MIDDLE' — NON-STATIONARY  (p=0.4672, stat=-1.6305)
2026-04-06 15:18:34,029 | INFO | data_pipeline | [ADF] 'BB_LOWER' — NON-STATIONARY  (p=0.4715, stat=-1.6224)
2026-04-06 15:18:37,599 | INFO | data_pipeline | [ADF] 'DEMA_14' — NON-STATIONARY  (p=0.4715, stat=-1.6223)
2026-04-06 15:18:41,155 | INFO | data_pipeline | [ADF] 'EMA_14' — NON-STATIONARY  (p=0.4729, stat=-1.6197)
2026-04-06 15:18:44,790 | INFO | data_pipeline | [ADF] 'HT_TRENDLINE' — NON-STATIONARY  (p=0.4684, stat=-1.6283)
2026-04-06 15:18:48,290 | INFO | data_pipeline | [ADF] 'KAMA_14' — NON-STATIONARY  (p=0.4759, stat=-1.6139)
2026-04-06 15:18:51,894 | INFO | data_pipeline | [ADF] 'MA_14' — NON-STATIONARY  (p=0.4712, stat=-1.6230)
2026-04-06 15:18:55,468 | INFO | data_pipeline | [ADF] 'MIDPOINT_14' — NON-STATIONARY  (p=0.4719, stat=-1.6216)
2026-04-06 15:18:59,019 | INFO | data_pipeline | [ADF] 'MIDPRICE_14' — NON-STATIONARY  (p=0.4681, stat=-1.6288)
2026-04-06 15:19:02,624 | INFO | data_pipeline | [ADF] 'SAR' — NON-STATIONARY  (p=0.4678, stat=-1.6295)
2026-04-06 15:19:09,750 | INFO | data_pipeline | [ADF] 'SMA_14' — NON-STATIONARY  (p=0.4712, stat=-1.6230)
2026-04-06 15:19:13,327 | INFO | data_pipeline | [ADF] 'T3_14' — NON-STATIONARY  (p=0.4653, stat=-1.6341)
2026-04-06 15:19:16,859 | INFO | data_pipeline | [ADF] 'TEMA_14' — NON-STATIONARY  (p=0.4730, stat=-1.6196)
2026-04-06 15:19:20,494 | INFO | data_pipeline | [ADF] 'TRIMA_14' — NON-STATIONARY  (p=0.4720, stat=-1.6213)
2026-04-06 15:19:24,050 | INFO | data_pipeline | [ADF] 'WMA_14' — NON-STATIONARY  (p=0.4729, stat=-1.6197)
2026-04-06 15:20:53,138 | INFO | data_pipeline | [ADF] 'AVGPRICE' — NON-STATIONARY  (p=0.4742, stat=-1.6172)
2026-04-06 15:20:56,515 | INFO | data_pipeline | [ADF] 'MEDPRICE' — NON-STATIONARY  (p=0.4741, stat=-1.6174)
2026-04-06 15:20:59,876 | INFO | data_pipeline | [ADF] 'TYPPRICE' — NON-STATIONARY  (p=0.4730, stat=-1.6194)
2026-04-06 15:21:03,386 | INFO | data_pipeline | [ADF] 'WCLPRICE' — NON-STATIONARY  (p=0.4731, stat=-1.6193)
2026-04-06 15:21:30,546 | INFO | data_pipeline | [ADF] 'LINEARREG_14' — NON-STATIONARY  (p=0.4718, stat=-1.6218)
2026-04-06 15:21:37,521 | INFO | data_pipeline | [ADF] 'LINEARREG_INTERCEPT_14' — NON-STATIONARY  (p=0.4727, stat=-1.6200)
2026-04-06 15:21:48,663 | INFO | data_pipeline | [ADF] 'TSF_14' — NON-STATIONARY  (p=0.4722, stat=-1.6210)
2026-04-06 15:21:52,325 | INFO | data_pipeline | [ADF] Tested 65 column(s): 38 stationary, 27 non-stationary.
2026-04-06 15:21:52,348 | INFO | data_pipeline | [make_stationary] Differencing 27 non-stationary column(s)…
2026-04-06 15:21:55,910 | INFO | data_pipeline | [make_stationary] 'open' became stationary after 1 diff(s)  (p=0.0000).
2026-04-06 15:21:59,454 | INFO | data_pipeline | [make_stationary] 'high' became stationary after 1 diff(s)  (p=0.0000).
2026-04-06 15:22:03,209 | INFO | data_pipeline | [make_stationary] 'low' became stationary after 1 diff(s)  (p=0.0000).
2026-04-06 15:22:06,963 | INFO | data_pipeline | [make_stationary] 'close' became stationary after 1 diff(s)  (p=0.0000).
2026-04-06 15:22:10,862 | INFO | data_pipeline | [make_stationary] 'BB_UPPER' became stationary after 1 diff(s)  (p=0.0000).
2026-04-06 15:22:14,468 | INFO | data_pipeline | [make_stationary] 'BB_MIDDLE' became stationary after 1 diff(s)  (p=0.0000).
2026-04-06 15:22:18,222 | INFO | data_pipeline | [make_stationary] 'BB_LOWER' became stationary after 1 diff(s)  (p=0.0000).
2026-04-06 15:22:22,002 | INFO | data_pipeline | [make_stationary] 'DEMA_14' became stationary after 1 diff(s)  (p=0.0000).
2026-04-06 15:22:25,706 | INFO | data_pipeline | [make_stationary] 'EMA_14' became stationary after 1 diff(s)  (p=0.0000).
2026-04-06 15:22:29,518 | INFO | data_pipeline | [make_stationary] 'HT_TRENDLINE' became stationary after 1 diff(s)  (p=0.0000).
2026-04-06 15:22:33,223 | INFO | data_pipeline | [make_stationary] 'KAMA_14' became stationary after 1 diff(s)  (p=0.0000).
2026-04-06 15:22:37,060 | INFO | data_pipeline | [make_stationary] 'MA_14' became stationary after 1 diff(s)  (p=0.0000).
2026-04-06 15:22:41,304 | INFO | data_pipeline | [make_stationary] 'MIDPOINT_14' became stationary after 1 diff(s)  (p=0.0000).
2026-04-06 15:22:45,151 | INFO | data_pipeline | [make_stationary] 'MIDPRICE_14' became stationary after 1 diff(s)  (p=0.0000).
2026-04-06 15:22:49,338 | INFO | data_pipeline | [make_stationary] 'SAR' became stationary after 1 diff(s)  (p=0.0000).
2026-04-06 15:22:53,316 | INFO | data_pipeline | [make_stationary] 'SMA_14' became stationary after 1 diff(s)  (p=0.0000).
2026-04-06 15:22:57,042 | INFO | data_pipeline | [make_stationary] 'T3_14' became stationary after 1 diff(s)  (p=0.0000).
2026-04-06 15:23:00,760 | INFO | data_pipeline | [make_stationary] 'TEMA_14' became stationary after 1 diff(s)  (p=0.0000).
2026-04-06 15:23:04,580 | INFO | data_pipeline | [make_stationary] 'TRIMA_14' became stationary after 1 diff(s)  (p=0.0000).
2026-04-06 15:23:08,285 | INFO | data_pipeline | [make_stationary] 'WMA_14' became stationary after 1 diff(s)  (p=0.0000).
2026-04-06 15:23:12,005 | INFO | data_pipeline | [make_stationary] 'AVGPRICE' became stationary after 1 diff(s)  (p=0.0000).
2026-04-06 15:23:15,710 | INFO | data_pipeline | [make_stationary] 'MEDPRICE' became stationary after 1 diff(s)  (p=0.0000).
2026-04-06 15:23:19,398 | INFO | data_pipeline | [make_stationary] 'TYPPRICE' became stationary after 1 diff(s)  (p=0.0000).
2026-04-06 15:23:23,109 | INFO | data_pipeline | [make_stationary] 'WCLPRICE' became stationary after 1 diff(s)  (p=0.0000).
2026-04-06 15:23:26,924 | INFO | data_pipeline | [make_stationary] 'LINEARREG_14' became stationary after 1 diff(s)  (p=0.0000).
2026-04-06 15:23:30,745 | INFO | data_pipeline | [make_stationary] 'LINEARREG_INTERCEPT_14' became stationary after 1 diff(s)  (p=0.0000).
2026-04-06 15:23:34,569 | INFO | data_pipeline | [make_stationary] 'TSF_14' became stationary after 1 diff(s)  (p=0.0000).
2026-04-06 15:23:34,618 | INFO | data_pipeline | [make_stationary] Shape after differencing & dropna: (28329, 89)
2026-04-06 15:23:34,618 | INFO | data_pipeline | Differencing summary: open=1d, high=1d, low=1d, close=1d, BB_UPPER=1d, BB_MIDDLE=1d, BB_LOWER=1d, DEMA_14=1d, EMA_14=1d, HT_TRENDLINE=1d, KAMA_14=1d, MA_14=1d, MIDPOINT_14=1d, MIDPRICE_14=1d, SAR=1d, SMA_14=1d, T3_14=1d, TEMA_14=1d, TRIMA_14=1d, WMA_14=1d, AVGPRICE=1d, MEDPRICE=1d, TYPPRICE=1d, WCLPRICE=1d, LINEARREG_14=1d, LINEARREG_INTERCEPT_14=1d, TSF_14=1d
2026-04-06 15:23:34,641 | INFO | data_pipeline | train_ratio=0.8 → split at row 22663/28329 → split_date='2025-08-05 23:00:00' (80% train / 20% test)
2026-04-06 15:23:34,704 | INFO | data_pipeline | Regression target created — shape: (28315, 87)
2026-04-07 09:25:46,158 | INFO | data_pipeline | Fetching data: schema=data_binance, table=btc_1m, start=2025-03-30, end=2026-03-31
2026-04-07 09:26:03,162 | INFO | data_pipeline | Fetched 527,041 rows for btc.
2026-04-07 09:26:10,033 | INFO | data_pipeline | Resampling to 1h…
2026-04-07 09:26:10,329 | INFO | data_pipeline | Resampled shape: (8785, 6)
2026-04-07 09:26:10,424 | INFO | data_pipeline | Generating 71 indicator(s)…
2026-04-07 09:26:10,513 | INFO | data_pipeline | Feature shape after generation: (8785, 89)
2026-04-07 09:26:10,513 | INFO | data_pipeline | Running ADF stationarity tests…
2026-04-07 09:26:11,266 | INFO | data_pipeline | [ADF] 'open' — NON-STATIONARY  (p=0.8633, stat=-0.6330)
2026-04-07 09:26:11,746 | INFO | data_pipeline | [ADF] 'high' — NON-STATIONARY  (p=0.8710, stat=-0.6000)
2026-04-07 09:26:12,248 | INFO | data_pipeline | [ADF] 'low' — NON-STATIONARY  (p=0.8451, stat=-0.7063)
2026-04-07 09:26:12,779 | INFO | data_pipeline | [ADF] 'close' — NON-STATIONARY  (p=0.8655, stat=-0.6240)
2026-04-07 09:26:13,856 | INFO | data_pipeline | [ADF] 'BB_UPPER' — NON-STATIONARY  (p=0.9012, stat=-0.4512)
2026-04-07 09:26:14,448 | INFO | data_pipeline | [ADF] 'BB_MIDDLE' — NON-STATIONARY  (p=0.9142, stat=-0.3747)
2026-04-07 09:26:15,035 | INFO | data_pipeline | [ADF] 'BB_LOWER' — NON-STATIONARY  (p=0.8728, stat=-0.5919)
2026-04-07 09:26:15,505 | INFO | data_pipeline | [ADF] 'DEMA_14' — NON-STATIONARY  (p=0.8054, stat=-0.8456)
2026-04-07 09:26:16,043 | INFO | data_pipeline | [ADF] 'EMA_14' — NON-STATIONARY  (p=0.8782, stat=-0.5672)
2026-04-07 09:26:16,776 | INFO | data_pipeline | [ADF] 'HT_TRENDLINE' — NON-STATIONARY  (p=0.9138, stat=-0.3773)
2026-04-07 09:26:17,510 | INFO | data_pipeline | [ADF] 'KAMA_14' — NON-STATIONARY  (p=0.8913, stat=-0.5037)
2026-04-07 09:26:18,278 | INFO | data_pipeline | [ADF] 'MA_14' — NON-STATIONARY  (p=0.8844, stat=-0.5379)
2026-04-07 09:26:19,114 | INFO | data_pipeline | [ADF] 'MIDPOINT_14' — NON-STATIONARY  (p=0.8639, stat=-0.6307)
2026-04-07 09:26:20,013 | INFO | data_pipeline | [ADF] 'MIDPRICE_14' — NON-STATIONARY  (p=0.8477, stat=-0.6965)
2026-04-07 09:26:20,856 | INFO | data_pipeline | [ADF] 'SAR' — NON-STATIONARY  (p=0.8477, stat=-0.6964)
2026-04-07 09:26:22,536 | INFO | data_pipeline | [ADF] 'SMA_14' — NON-STATIONARY  (p=0.8844, stat=-0.5379)
2026-04-07 09:26:23,384 | INFO | data_pipeline | [ADF] 'T3_14' — NON-STATIONARY  (p=0.8773, stat=-0.5714)
2026-04-07 09:26:24,174 | INFO | data_pipeline | [ADF] 'TEMA_14' — NON-STATIONARY  (p=0.9067, stat=-0.4203)
2026-04-07 09:26:24,875 | INFO | data_pipeline | [ADF] 'TRIMA_14' — NON-STATIONARY  (p=0.8413, stat=-0.7206)
2026-04-07 09:26:25,646 | INFO | data_pipeline | [ADF] 'WMA_14' — NON-STATIONARY  (p=0.8834, stat=-0.5427)
2026-04-07 09:26:39,215 | INFO | data_pipeline | [ADF] 'AD' — NON-STATIONARY  (p=0.3566, stat=-1.8487)
2026-04-07 09:26:40,218 | INFO | data_pipeline | [ADF] 'OBV' — NON-STATIONARY  (p=0.9812, stat=0.3921)
2026-04-07 09:26:42,269 | INFO | data_pipeline | [ADF] 'AVGPRICE' — NON-STATIONARY  (p=0.8663, stat=-0.6202)
2026-04-07 09:26:42,756 | INFO | data_pipeline | [ADF] 'MEDPRICE' — NON-STATIONARY  (p=0.8541, stat=-0.6710)
2026-04-07 09:26:43,243 | INFO | data_pipeline | [ADF] 'TYPPRICE' — NON-STATIONARY  (p=0.8585, stat=-0.6533)
2026-04-07 09:26:43,756 | INFO | data_pipeline | [ADF] 'WCLPRICE' — NON-STATIONARY  (p=0.8586, stat=-0.6530)
2026-04-07 09:26:47,844 | INFO | data_pipeline | [ADF] 'LINEARREG_14' — NON-STATIONARY  (p=0.8637, stat=-0.6317)
2026-04-07 09:26:48,857 | INFO | data_pipeline | [ADF] 'LINEARREG_INTERCEPT_14' — NON-STATIONARY  (p=0.8523, stat=-0.6781)
2026-04-07 09:26:50,399 | INFO | data_pipeline | [ADF] 'TSF_14' — NON-STATIONARY  (p=0.8619, stat=-0.6393)
2026-04-07 09:26:50,895 | INFO | data_pipeline | [ADF] Tested 65 column(s): 36 stationary, 29 non-stationary.
2026-04-07 09:26:50,901 | INFO | data_pipeline | [make_stationary] Differencing 29 non-stationary column(s)…
2026-04-07 09:26:51,455 | INFO | data_pipeline | [make_stationary] 'open' became stationary after 1 diff(s)  (p=0.0000).
2026-04-07 09:26:51,993 | INFO | data_pipeline | [make_stationary] 'high' became stationary after 1 diff(s)  (p=0.0000).
2026-04-07 09:26:52,503 | INFO | data_pipeline | [make_stationary] 'low' became stationary after 1 diff(s)  (p=0.0000).
2026-04-07 09:26:52,996 | INFO | data_pipeline | [make_stationary] 'close' became stationary after 1 diff(s)  (p=0.0000).
2026-04-07 09:26:53,506 | INFO | data_pipeline | [make_stationary] 'BB_UPPER' became stationary after 1 diff(s)  (p=0.0000).
2026-04-07 09:26:54,015 | INFO | data_pipeline | [make_stationary] 'BB_MIDDLE' became stationary after 1 diff(s)  (p=0.0000).
2026-04-07 09:26:54,584 | INFO | data_pipeline | [make_stationary] 'BB_LOWER' became stationary after 1 diff(s)  (p=0.0000).
2026-04-07 09:26:55,125 | INFO | data_pipeline | [make_stationary] 'DEMA_14' became stationary after 1 diff(s)  (p=0.0000).
2026-04-07 09:26:55,723 | INFO | data_pipeline | [make_stationary] 'EMA_14' became stationary after 1 diff(s)  (p=0.0000).
2026-04-07 09:26:56,269 | INFO | data_pipeline | [make_stationary] 'HT_TRENDLINE' became stationary after 1 diff(s)  (p=0.0000).
2026-04-07 09:26:56,763 | INFO | data_pipeline | [make_stationary] 'KAMA_14' became stationary after 1 diff(s)  (p=0.0000).
2026-04-07 09:26:57,316 | INFO | data_pipeline | [make_stationary] 'MA_14' became stationary after 1 diff(s)  (p=0.0000).
2026-04-07 09:26:57,825 | INFO | data_pipeline | [make_stationary] 'MIDPOINT_14' became stationary after 1 diff(s)  (p=0.0000).
2026-04-07 09:26:58,359 | INFO | data_pipeline | [make_stationary] 'MIDPRICE_14' became stationary after 1 diff(s)  (p=0.0000).
2026-04-07 09:26:58,887 | INFO | data_pipeline | [make_stationary] 'SAR' became stationary after 1 diff(s)  (p=0.0000).
2026-04-07 09:26:59,418 | INFO | data_pipeline | [make_stationary] 'SMA_14' became stationary after 1 diff(s)  (p=0.0000).
2026-04-07 09:26:59,946 | INFO | data_pipeline | [make_stationary] 'T3_14' became stationary after 1 diff(s)  (p=0.0000).
2026-04-07 09:27:00,484 | INFO | data_pipeline | [make_stationary] 'TEMA_14' became stationary after 1 diff(s)  (p=0.0000).
2026-04-07 09:27:01,003 | INFO | data_pipeline | [make_stationary] 'TRIMA_14' became stationary after 1 diff(s)  (p=0.0000).
2026-04-07 09:27:01,506 | INFO | data_pipeline | [make_stationary] 'WMA_14' became stationary after 1 diff(s)  (p=0.0000).
2026-04-07 09:27:02,010 | INFO | data_pipeline | [make_stationary] 'AD' became stationary after 1 diff(s)  (p=0.0000).
2026-04-07 09:27:02,493 | INFO | data_pipeline | [make_stationary] 'OBV' became stationary after 1 diff(s)  (p=0.0000).
2026-04-07 09:27:02,989 | INFO | data_pipeline | [make_stationary] 'AVGPRICE' became stationary after 1 diff(s)  (p=0.0000).
2026-04-07 09:27:03,482 | INFO | data_pipeline | [make_stationary] 'MEDPRICE' became stationary after 1 diff(s)  (p=0.0000).
2026-04-07 09:27:03,982 | INFO | data_pipeline | [make_stationary] 'TYPPRICE' became stationary after 1 diff(s)  (p=0.0000).
2026-04-07 09:27:04,465 | INFO | data_pipeline | [make_stationary] 'WCLPRICE' became stationary after 1 diff(s)  (p=0.0000).
2026-04-07 09:27:04,979 | INFO | data_pipeline | [make_stationary] 'LINEARREG_14' became stationary after 1 diff(s)  (p=0.0000).
2026-04-07 09:27:05,503 | INFO | data_pipeline | [make_stationary] 'LINEARREG_INTERCEPT_14' became stationary after 1 diff(s)  (p=0.0000).
2026-04-07 09:27:06,018 | INFO | data_pipeline | [make_stationary] 'TSF_14' became stationary after 1 diff(s)  (p=0.0000).
2026-04-07 09:27:06,036 | INFO | data_pipeline | [make_stationary] Shape after differencing & dropna: (8697, 89)
2026-04-07 09:27:06,036 | INFO | data_pipeline | Differencing summary: open=1d, high=1d, low=1d, close=1d, BB_UPPER=1d, BB_MIDDLE=1d, BB_LOWER=1d, DEMA_14=1d, EMA_14=1d, HT_TRENDLINE=1d, KAMA_14=1d, MA_14=1d, MIDPOINT_14=1d, MIDPRICE_14=1d, SAR=1d, SMA_14=1d, T3_14=1d, TEMA_14=1d, TRIMA_14=1d, WMA_14=1d, AD=1d, OBV=1d, AVGPRICE=1d, MEDPRICE=1d, TYPPRICE=1d, WCLPRICE=1d, LINEARREG_14=1d, LINEARREG_INTERCEPT_14=1d, TSF_14=1d
2026-04-07 09:27:07,214 | INFO | data_pipeline | Regression target created — shape: (8683, 87)
2026-04-07 09:31:43,305 | INFO | data_pipeline | Fetching data: schema=data_binance, table=eth_1m, start=2025-03-30, end=2026-03-31
2026-04-07 09:32:02,046 | INFO | data_pipeline | Fetched 527,041 rows for eth.
2026-04-07 09:32:10,434 | INFO | data_pipeline | Resampling to 1h…
2026-04-07 09:32:10,707 | INFO | data_pipeline | Resampled shape: (8785, 6)
2026-04-07 09:32:10,881 | INFO | data_pipeline | Generating 71 indicator(s)…
2026-04-07 09:32:10,936 | INFO | data_pipeline | Feature shape after generation: (8785, 89)
2026-04-07 09:32:10,936 | INFO | data_pipeline | Running ADF stationarity tests…
2026-04-07 09:32:11,837 | INFO | data_pipeline | [ADF] 'open' — NON-STATIONARY  (p=0.6319, stat=-1.2940)
2026-04-07 09:32:12,584 | INFO | data_pipeline | [ADF] 'high' — NON-STATIONARY  (p=0.6289, stat=-1.3006)
2026-04-07 09:32:13,295 | INFO | data_pipeline | [ADF] 'low' — NON-STATIONARY  (p=0.6322, stat=-1.2933)
2026-04-07 09:32:13,996 | INFO | data_pipeline | [ADF] 'close' — NON-STATIONARY  (p=0.6325, stat=-1.2928)
2026-04-07 09:32:15,590 | INFO | data_pipeline | [ADF] 'BB_UPPER' — NON-STATIONARY  (p=0.6252, stat=-1.3086)
2026-04-07 09:32:16,411 | INFO | data_pipeline | [ADF] 'BB_MIDDLE' — NON-STATIONARY  (p=0.6829, stat=-1.1782)
2026-04-07 09:32:17,146 | INFO | data_pipeline | [ADF] 'BB_LOWER' — NON-STATIONARY  (p=0.5790, stat=-1.4069)
2026-04-07 09:32:17,811 | INFO | data_pipeline | [ADF] 'DEMA_14' — NON-STATIONARY  (p=0.5702, stat=-1.4250)
2026-04-07 09:32:18,510 | INFO | data_pipeline | [ADF] 'EMA_14' — NON-STATIONARY  (p=0.5982, stat=-1.3666)
2026-04-07 09:32:19,260 | INFO | data_pipeline | [ADF] 'HT_TRENDLINE' — NON-STATIONARY  (p=0.6363, stat=-1.2844)
2026-04-07 09:32:20,034 | INFO | data_pipeline | [ADF] 'KAMA_14' — NON-STATIONARY  (p=0.6201, stat=-1.3198)
2026-04-07 09:32:20,770 | INFO | data_pipeline | [ADF] 'MA_14' — NON-STATIONARY  (p=0.6170, stat=-1.3264)
2026-04-07 09:32:21,557 | INFO | data_pipeline | [ADF] 'MIDPOINT_14' — NON-STATIONARY  (p=0.5966, stat=-1.3700)
2026-04-07 09:32:22,406 | INFO | data_pipeline | [ADF] 'MIDPRICE_14' — NON-STATIONARY  (p=0.5565, stat=-1.4532)
2026-04-07 09:32:23,225 | INFO | data_pipeline | [ADF] 'SAR' — NON-STATIONARY  (p=0.5749, stat=-1.4153)
2026-04-07 09:32:24,841 | INFO | data_pipeline | [ADF] 'SMA_14' — NON-STATIONARY  (p=0.6170, stat=-1.3264)
2026-04-07 09:32:25,629 | INFO | data_pipeline | [ADF] 'T3_14' — NON-STATIONARY  (p=0.6096, stat=-1.3424)
2026-04-07 09:32:26,391 | INFO | data_pipeline | [ADF] 'TEMA_14' — NON-STATIONARY  (p=0.5792, stat=-1.4064)
2026-04-07 09:32:27,222 | INFO | data_pipeline | [ADF] 'TRIMA_14' — NON-STATIONARY  (p=0.5561, stat=-1.4540)
2026-04-07 09:32:27,993 | INFO | data_pipeline | [ADF] 'WMA_14' — NON-STATIONARY  (p=0.6111, stat=-1.3391)
2026-04-07 09:32:42,529 | INFO | data_pipeline | [ADF] 'AD' — NON-STATIONARY  (p=0.3862, stat=-1.7884)
2026-04-07 09:32:44,347 | INFO | data_pipeline | [ADF] 'OBV' — NON-STATIONARY  (p=0.9851, stat=0.5074)
2026-04-07 09:32:47,976 | INFO | data_pipeline | [ADF] 'AVGPRICE' — NON-STATIONARY  (p=0.6457, stat=-1.2635)
2026-04-07 09:32:48,745 | INFO | data_pipeline | [ADF] 'MEDPRICE' — NON-STATIONARY  (p=0.6435, stat=-1.2684)
2026-04-07 09:32:49,537 | INFO | data_pipeline | [ADF] 'TYPPRICE' — NON-STATIONARY  (p=0.6437, stat=-1.2680)
2026-04-07 09:32:50,242 | INFO | data_pipeline | [ADF] 'WCLPRICE' — NON-STATIONARY  (p=0.6177, stat=-1.3249)
2026-04-07 09:32:56,272 | INFO | data_pipeline | [ADF] 'LINEARREG_14' — NON-STATIONARY  (p=0.5855, stat=-1.3933)
2026-04-07 09:32:57,751 | INFO | data_pipeline | [ADF] 'LINEARREG_INTERCEPT_14' — NON-STATIONARY  (p=0.5709, stat=-1.4236)
2026-04-07 09:33:00,116 | INFO | data_pipeline | [ADF] 'TSF_14' — NON-STATIONARY  (p=0.5846, stat=-1.3952)
2026-04-07 09:33:00,916 | INFO | data_pipeline | [ADF] Tested 65 column(s): 36 stationary, 29 non-stationary.
2026-04-07 09:33:00,933 | INFO | data_pipeline | [make_stationary] Differencing 29 non-stationary column(s)…
2026-04-07 09:33:01,688 | INFO | data_pipeline | [make_stationary] 'open' became stationary after 1 diff(s)  (p=0.0000).
2026-04-07 09:33:02,427 | INFO | data_pipeline | [make_stationary] 'high' became stationary after 1 diff(s)  (p=0.0000).
2026-04-07 09:33:03,189 | INFO | data_pipeline | [make_stationary] 'low' became stationary after 1 diff(s)  (p=0.0000).
2026-04-07 09:33:04,035 | INFO | data_pipeline | [make_stationary] 'close' became stationary after 1 diff(s)  (p=0.0000).
2026-04-07 09:33:04,866 | INFO | data_pipeline | [make_stationary] 'BB_UPPER' became stationary after 1 diff(s)  (p=0.0000).
2026-04-07 09:33:05,651 | INFO | data_pipeline | [make_stationary] 'BB_MIDDLE' became stationary after 1 diff(s)  (p=0.0000).
2026-04-07 09:33:06,409 | INFO | data_pipeline | [make_stationary] 'BB_LOWER' became stationary after 1 diff(s)  (p=0.0000).
2026-04-07 09:33:07,196 | INFO | data_pipeline | [make_stationary] 'DEMA_14' became stationary after 1 diff(s)  (p=0.0000).
2026-04-07 09:33:08,064 | INFO | data_pipeline | [make_stationary] 'EMA_14' became stationary after 1 diff(s)  (p=0.0000).
2026-04-07 09:33:08,849 | INFO | data_pipeline | [make_stationary] 'HT_TRENDLINE' became stationary after 1 diff(s)  (p=0.0000).
2026-04-07 09:33:09,697 | INFO | data_pipeline | [make_stationary] 'KAMA_14' became stationary after 1 diff(s)  (p=0.0000).
2026-04-07 09:33:10,935 | INFO | data_pipeline | [make_stationary] 'MA_14' became stationary after 1 diff(s)  (p=0.0000).
2026-04-07 09:33:11,718 | INFO | data_pipeline | [make_stationary] 'MIDPOINT_14' became stationary after 1 diff(s)  (p=0.0000).
2026-04-07 09:33:12,441 | INFO | data_pipeline | [make_stationary] 'MIDPRICE_14' became stationary after 1 diff(s)  (p=0.0000).
2026-04-07 09:33:13,178 | INFO | data_pipeline | [make_stationary] 'SAR' became stationary after 1 diff(s)  (p=0.0000).
2026-04-07 09:33:13,941 | INFO | data_pipeline | [make_stationary] 'SMA_14' became stationary after 1 diff(s)  (p=0.0000).
2026-04-07 09:33:14,776 | INFO | data_pipeline | [make_stationary] 'T3_14' became stationary after 1 diff(s)  (p=0.0000).
2026-04-07 09:33:15,631 | INFO | data_pipeline | [make_stationary] 'TEMA_14' became stationary after 1 diff(s)  (p=0.0000).
2026-04-07 09:33:16,571 | INFO | data_pipeline | [make_stationary] 'TRIMA_14' became stationary after 1 diff(s)  (p=0.0000).
2026-04-07 09:33:17,456 | INFO | data_pipeline | [make_stationary] 'WMA_14' became stationary after 1 diff(s)  (p=0.0000).
2026-04-07 09:33:18,279 | INFO | data_pipeline | [make_stationary] 'AD' became stationary after 1 diff(s)  (p=0.0000).
2026-04-07 09:33:19,180 | INFO | data_pipeline | [make_stationary] 'OBV' became stationary after 1 diff(s)  (p=0.0000).
2026-04-07 09:33:20,050 | INFO | data_pipeline | [make_stationary] 'AVGPRICE' became stationary after 1 diff(s)  (p=0.0000).
2026-04-07 09:33:20,914 | INFO | data_pipeline | [make_stationary] 'MEDPRICE' became stationary after 1 diff(s)  (p=0.0000).
2026-04-07 09:33:22,151 | INFO | data_pipeline | [make_stationary] 'TYPPRICE' became stationary after 1 diff(s)  (p=0.0000).
2026-04-07 09:33:23,073 | INFO | data_pipeline | [make_stationary] 'WCLPRICE' became stationary after 1 diff(s)  (p=0.0000).
2026-04-07 09:33:23,900 | INFO | data_pipeline | [make_stationary] 'LINEARREG_14' became stationary after 1 diff(s)  (p=0.0000).
2026-04-07 09:33:24,663 | INFO | data_pipeline | [make_stationary] 'LINEARREG_INTERCEPT_14' became stationary after 1 diff(s)  (p=0.0000).
2026-04-07 09:33:25,411 | INFO | data_pipeline | [make_stationary] 'TSF_14' became stationary after 1 diff(s)  (p=0.0000).
2026-04-07 09:33:25,434 | INFO | data_pipeline | [make_stationary] Shape after differencing & dropna: (8697, 89)
2026-04-07 09:33:25,434 | INFO | data_pipeline | Differencing summary: open=1d, high=1d, low=1d, close=1d, BB_UPPER=1d, BB_MIDDLE=1d, BB_LOWER=1d, DEMA_14=1d, EMA_14=1d, HT_TRENDLINE=1d, KAMA_14=1d, MA_14=1d, MIDPOINT_14=1d, MIDPRICE_14=1d, SAR=1d, SMA_14=1d, T3_14=1d, TEMA_14=1d, TRIMA_14=1d, WMA_14=1d, AD=1d, OBV=1d, AVGPRICE=1d, MEDPRICE=1d, TYPPRICE=1d, WCLPRICE=1d, LINEARREG_14=1d, LINEARREG_INTERCEPT_14=1d, TSF_14=1d
2026-04-07 09:33:27,160 | INFO | data_pipeline | Regression target created — shape: (8683, 87)
2026-04-07 09:35:28,923 | INFO | data_pipeline | Fetching data: schema=data_binance, table=btc_1m, start=2025-03-30, end=2026-03-31
2026-04-07 09:35:37,408 | INFO | data_pipeline | Fetched 527,041 rows for btc.
2026-04-07 09:35:42,107 | INFO | data_pipeline | Resampling to 1h…
2026-04-07 09:35:42,277 | INFO | data_pipeline | Resampled shape: (8785, 6)
2026-04-07 09:35:42,361 | INFO | data_pipeline | Generating 71 indicator(s)…
2026-04-07 09:35:42,404 | INFO | data_pipeline | Feature shape after generation: (8785, 89)
2026-04-07 09:35:42,404 | INFO | data_pipeline | Running ADF stationarity tests…
2026-04-07 09:35:42,863 | INFO | data_pipeline | [ADF] 'open' — NON-STATIONARY  (p=0.8633, stat=-0.6330)
2026-04-07 09:35:43,267 | INFO | data_pipeline | [ADF] 'high' — NON-STATIONARY  (p=0.8710, stat=-0.6000)
2026-04-07 09:35:43,628 | INFO | data_pipeline | [ADF] 'low' — NON-STATIONARY  (p=0.8451, stat=-0.7063)
2026-04-07 09:35:44,007 | INFO | data_pipeline | [ADF] 'close' — NON-STATIONARY  (p=0.8655, stat=-0.6240)
2026-04-07 09:35:44,771 | INFO | data_pipeline | [ADF] 'BB_UPPER' — NON-STATIONARY  (p=0.9012, stat=-0.4512)
2026-04-07 09:35:45,163 | INFO | data_pipeline | [ADF] 'BB_MIDDLE' — NON-STATIONARY  (p=0.9142, stat=-0.3747)
2026-04-07 09:35:45,541 | INFO | data_pipeline | [ADF] 'BB_LOWER' — NON-STATIONARY  (p=0.8728, stat=-0.5919)
2026-04-07 09:35:45,911 | INFO | data_pipeline | [ADF] 'DEMA_14' — NON-STATIONARY  (p=0.8054, stat=-0.8456)
2026-04-07 09:35:46,282 | INFO | data_pipeline | [ADF] 'EMA_14' — NON-STATIONARY  (p=0.8782, stat=-0.5672)
2026-04-07 09:35:46,656 | INFO | data_pipeline | [ADF] 'HT_TRENDLINE' — NON-STATIONARY  (p=0.9138, stat=-0.3773)
2026-04-07 09:35:47,033 | INFO | data_pipeline | [ADF] 'KAMA_14' — NON-STATIONARY  (p=0.8913, stat=-0.5037)
2026-04-07 09:35:47,420 | INFO | data_pipeline | [ADF] 'MA_14' — NON-STATIONARY  (p=0.8844, stat=-0.5379)
2026-04-07 09:35:47,818 | INFO | data_pipeline | [ADF] 'MIDPOINT_14' — NON-STATIONARY  (p=0.8639, stat=-0.6307)
2026-04-07 09:35:48,212 | INFO | data_pipeline | [ADF] 'MIDPRICE_14' — NON-STATIONARY  (p=0.8477, stat=-0.6965)
2026-04-07 09:35:48,649 | INFO | data_pipeline | [ADF] 'SAR' — NON-STATIONARY  (p=0.8477, stat=-0.6964)
2026-04-07 09:35:49,636 | INFO | data_pipeline | [ADF] 'SMA_14' — NON-STATIONARY  (p=0.8844, stat=-0.5379)
2026-04-07 09:35:50,211 | INFO | data_pipeline | [ADF] 'T3_14' — NON-STATIONARY  (p=0.8773, stat=-0.5714)
2026-04-07 09:35:50,727 | INFO | data_pipeline | [ADF] 'TEMA_14' — NON-STATIONARY  (p=0.9067, stat=-0.4203)
2026-04-07 09:35:51,273 | INFO | data_pipeline | [ADF] 'TRIMA_14' — NON-STATIONARY  (p=0.8413, stat=-0.7206)
2026-04-07 09:35:51,791 | INFO | data_pipeline | [ADF] 'WMA_14' — NON-STATIONARY  (p=0.8834, stat=-0.5427)
2026-04-07 09:36:06,089 | INFO | data_pipeline | [ADF] 'AD' — NON-STATIONARY  (p=0.3566, stat=-1.8487)
2026-04-07 09:36:07,620 | INFO | data_pipeline | [ADF] 'OBV' — NON-STATIONARY  (p=0.9812, stat=0.3921)
2026-04-07 09:36:10,946 | INFO | data_pipeline | [ADF] 'AVGPRICE' — NON-STATIONARY  (p=0.8663, stat=-0.6202)
2026-04-07 09:36:11,690 | INFO | data_pipeline | [ADF] 'MEDPRICE' — NON-STATIONARY  (p=0.8541, stat=-0.6710)
2026-04-07 09:36:12,409 | INFO | data_pipeline | [ADF] 'TYPPRICE' — NON-STATIONARY  (p=0.8585, stat=-0.6533)
2026-04-07 09:36:13,445 | INFO | data_pipeline | [ADF] 'WCLPRICE' — NON-STATIONARY  (p=0.8586, stat=-0.6530)
2026-04-07 09:36:19,305 | INFO | data_pipeline | [ADF] 'LINEARREG_14' — NON-STATIONARY  (p=0.8637, stat=-0.6317)
2026-04-07 09:36:20,845 | INFO | data_pipeline | [ADF] 'LINEARREG_INTERCEPT_14' — NON-STATIONARY  (p=0.8523, stat=-0.6781)
2026-04-07 09:36:23,206 | INFO | data_pipeline | [ADF] 'TSF_14' — NON-STATIONARY  (p=0.8619, stat=-0.6393)
2026-04-07 09:36:23,946 | INFO | data_pipeline | [ADF] Tested 65 column(s): 36 stationary, 29 non-stationary.
2026-04-07 09:36:23,954 | INFO | data_pipeline | [make_stationary] Differencing 29 non-stationary column(s)…
2026-04-07 09:36:24,680 | INFO | data_pipeline | [make_stationary] 'open' became stationary after 1 diff(s)  (p=0.0000).
2026-04-07 09:36:25,397 | INFO | data_pipeline | [make_stationary] 'high' became stationary after 1 diff(s)  (p=0.0000).
2026-04-07 09:36:26,190 | INFO | data_pipeline | [make_stationary] 'low' became stationary after 1 diff(s)  (p=0.0000).
2026-04-07 09:36:26,921 | INFO | data_pipeline | [make_stationary] 'close' became stationary after 1 diff(s)  (p=0.0000).
2026-04-07 09:36:27,655 | INFO | data_pipeline | [make_stationary] 'BB_UPPER' became stationary after 1 diff(s)  (p=0.0000).
2026-04-07 09:36:28,389 | INFO | data_pipeline | [make_stationary] 'BB_MIDDLE' became stationary after 1 diff(s)  (p=0.0000).
2026-04-07 09:36:29,088 | INFO | data_pipeline | [make_stationary] 'BB_LOWER' became stationary after 1 diff(s)  (p=0.0000).
2026-04-07 09:36:29,762 | INFO | data_pipeline | [make_stationary] 'DEMA_14' became stationary after 1 diff(s)  (p=0.0000).
2026-04-07 09:36:30,480 | INFO | data_pipeline | [make_stationary] 'EMA_14' became stationary after 1 diff(s)  (p=0.0000).
2026-04-07 09:36:31,163 | INFO | data_pipeline | [make_stationary] 'HT_TRENDLINE' became stationary after 1 diff(s)  (p=0.0000).
2026-04-07 09:36:31,923 | INFO | data_pipeline | [make_stationary] 'KAMA_14' became stationary after 1 diff(s)  (p=0.0000).
2026-04-07 09:36:32,698 | INFO | data_pipeline | [make_stationary] 'MA_14' became stationary after 1 diff(s)  (p=0.0000).
2026-04-07 09:36:33,453 | INFO | data_pipeline | [make_stationary] 'MIDPOINT_14' became stationary after 1 diff(s)  (p=0.0000).
2026-04-07 09:36:34,236 | INFO | data_pipeline | [make_stationary] 'MIDPRICE_14' became stationary after 1 diff(s)  (p=0.0000).
2026-04-07 09:36:34,985 | INFO | data_pipeline | [make_stationary] 'SAR' became stationary after 1 diff(s)  (p=0.0000).
2026-04-07 09:36:35,819 | INFO | data_pipeline | [make_stationary] 'SMA_14' became stationary after 1 diff(s)  (p=0.0000).
2026-04-07 09:36:36,634 | INFO | data_pipeline | [make_stationary] 'T3_14' became stationary after 1 diff(s)  (p=0.0000).
2026-04-07 09:36:37,478 | INFO | data_pipeline | [make_stationary] 'TEMA_14' became stationary after 1 diff(s)  (p=0.0000).
2026-04-07 09:36:38,311 | INFO | data_pipeline | [make_stationary] 'TRIMA_14' became stationary after 1 diff(s)  (p=0.0000).
2026-04-07 09:36:39,127 | INFO | data_pipeline | [make_stationary] 'WMA_14' became stationary after 1 diff(s)  (p=0.0000).
2026-04-07 09:36:39,921 | INFO | data_pipeline | [make_stationary] 'AD' became stationary after 1 diff(s)  (p=0.0000).
2026-04-07 09:36:40,672 | INFO | data_pipeline | [make_stationary] 'OBV' became stationary after 1 diff(s)  (p=0.0000).
2026-04-07 09:36:41,389 | INFO | data_pipeline | [make_stationary] 'AVGPRICE' became stationary after 1 diff(s)  (p=0.0000).
2026-04-07 09:36:42,176 | INFO | data_pipeline | [make_stationary] 'MEDPRICE' became stationary after 1 diff(s)  (p=0.0000).
2026-04-07 09:36:42,921 | INFO | data_pipeline | [make_stationary] 'TYPPRICE' became stationary after 1 diff(s)  (p=0.0000).
2026-04-07 09:36:43,681 | INFO | data_pipeline | [make_stationary] 'WCLPRICE' became stationary after 1 diff(s)  (p=0.0000).
2026-04-07 09:36:44,446 | INFO | data_pipeline | [make_stationary] 'LINEARREG_14' became stationary after 1 diff(s)  (p=0.0000).
2026-04-07 09:36:45,223 | INFO | data_pipeline | [make_stationary] 'LINEARREG_INTERCEPT_14' became stationary after 1 diff(s)  (p=0.0000).
2026-04-07 09:36:45,998 | INFO | data_pipeline | [make_stationary] 'TSF_14' became stationary after 1 diff(s)  (p=0.0000).
2026-04-07 09:36:46,017 | INFO | data_pipeline | [make_stationary] Shape after differencing & dropna: (8697, 89)
2026-04-07 09:36:46,017 | INFO | data_pipeline | Differencing summary: open=1d, high=1d, low=1d, close=1d, BB_UPPER=1d, BB_MIDDLE=1d, BB_LOWER=1d, DEMA_14=1d, EMA_14=1d, HT_TRENDLINE=1d, KAMA_14=1d, MA_14=1d, MIDPOINT_14=1d, MIDPRICE_14=1d, SAR=1d, SMA_14=1d, T3_14=1d, TEMA_14=1d, TRIMA_14=1d, WMA_14=1d, AD=1d, OBV=1d, AVGPRICE=1d, MEDPRICE=1d, TYPPRICE=1d, WCLPRICE=1d, LINEARREG_14=1d, LINEARREG_INTERCEPT_14=1d, TSF_14=1d
2026-04-07 09:36:47,539 | INFO | data_pipeline | Regression target created — shape: (8683, 87)
2026-04-07 09:48:23,926 | INFO | data_pipeline | Fetching data: schema=data_binance, table=btc_1m, start=2025-03-30, end=2026-03-31
2026-04-07 09:48:37,259 | INFO | data_pipeline | Fetched 527,041 rows for btc.
2026-04-07 09:48:42,031 | INFO | data_pipeline | Resampling to 1h…
2026-04-07 09:48:42,573 | INFO | data_pipeline | Resampled shape: (8785, 6)
2026-04-07 09:48:42,663 | INFO | data_pipeline | Generating 71 indicator(s)…
2026-04-07 09:48:42,794 | INFO | data_pipeline | Feature shape after generation: (8785, 89)
2026-04-07 09:48:42,794 | INFO | data_pipeline | Running ADF stationarity tests…
2026-04-07 09:48:43,333 | INFO | data_pipeline | [ADF] 'open' — NON-STATIONARY  (p=0.8633, stat=-0.6330)
2026-04-07 09:48:43,748 | INFO | data_pipeline | [ADF] 'high' — NON-STATIONARY  (p=0.8710, stat=-0.6000)
2026-04-07 09:48:44,164 | INFO | data_pipeline | [ADF] 'low' — NON-STATIONARY  (p=0.8451, stat=-0.7063)
2026-04-07 09:48:44,586 | INFO | data_pipeline | [ADF] 'close' — NON-STATIONARY  (p=0.8655, stat=-0.6240)
2026-04-07 09:48:45,411 | INFO | data_pipeline | [ADF] 'BB_UPPER' — NON-STATIONARY  (p=0.9012, stat=-0.4512)
2026-04-07 09:48:45,797 | INFO | data_pipeline | [ADF] 'BB_MIDDLE' — NON-STATIONARY  (p=0.9142, stat=-0.3747)
2026-04-07 09:48:46,174 | INFO | data_pipeline | [ADF] 'BB_LOWER' — NON-STATIONARY  (p=0.8728, stat=-0.5919)
2026-04-07 09:48:46,541 | INFO | data_pipeline | [ADF] 'DEMA_14' — NON-STATIONARY  (p=0.8054, stat=-0.8456)
2026-04-07 09:48:46,904 | INFO | data_pipeline | [ADF] 'EMA_14' — NON-STATIONARY  (p=0.8782, stat=-0.5672)
2026-04-07 09:48:47,303 | INFO | data_pipeline | [ADF] 'HT_TRENDLINE' — NON-STATIONARY  (p=0.9138, stat=-0.3773)
2026-04-07 09:48:47,758 | INFO | data_pipeline | [ADF] 'KAMA_14' — NON-STATIONARY  (p=0.8913, stat=-0.5037)
2026-04-07 09:48:48,258 | INFO | data_pipeline | [ADF] 'MA_14' — NON-STATIONARY  (p=0.8844, stat=-0.5379)
2026-04-07 09:48:48,729 | INFO | data_pipeline | [ADF] 'MIDPOINT_14' — NON-STATIONARY  (p=0.8639, stat=-0.6307)
2026-04-07 09:48:49,191 | INFO | data_pipeline | [ADF] 'MIDPRICE_14' — NON-STATIONARY  (p=0.8477, stat=-0.6965)
2026-04-07 09:48:49,666 | INFO | data_pipeline | [ADF] 'SAR' — NON-STATIONARY  (p=0.8477, stat=-0.6964)
2026-04-07 09:48:50,585 | INFO | data_pipeline | [ADF] 'SMA_14' — NON-STATIONARY  (p=0.8844, stat=-0.5379)
2026-04-07 09:48:51,047 | INFO | data_pipeline | [ADF] 'T3_14' — NON-STATIONARY  (p=0.8773, stat=-0.5714)
2026-04-07 09:48:51,533 | INFO | data_pipeline | [ADF] 'TEMA_14' — NON-STATIONARY  (p=0.9067, stat=-0.4203)
2026-04-07 09:48:52,054 | INFO | data_pipeline | [ADF] 'TRIMA_14' — NON-STATIONARY  (p=0.8413, stat=-0.7206)
2026-04-07 09:48:52,562 | INFO | data_pipeline | [ADF] 'WMA_14' — NON-STATIONARY  (p=0.8834, stat=-0.5427)
2026-04-07 09:49:14,645 | INFO | data_pipeline | Fetching data: schema=data_binance, table=btc_1m, start=2025-03-30, end=2026-03-31
2026-04-07 09:49:22,988 | INFO | data_pipeline | Fetched 527,041 rows for btc.
2026-04-07 09:49:28,281 | INFO | data_pipeline | Resampling to 1h…
2026-04-07 09:49:28,429 | INFO | data_pipeline | Resampled shape: (8785, 6)
2026-04-07 09:49:28,518 | INFO | data_pipeline | Generating 71 indicator(s)…
2026-04-07 09:49:28,547 | INFO | data_pipeline | Feature shape after generation: (8785, 89)
2026-04-07 09:49:28,547 | INFO | data_pipeline | Running ADF stationarity tests…
2026-04-07 09:49:29,008 | INFO | data_pipeline | [ADF] 'open' — NON-STATIONARY  (p=0.8633, stat=-0.6330)
2026-04-07 09:49:29,486 | INFO | data_pipeline | [ADF] 'high' — NON-STATIONARY  (p=0.8710, stat=-0.6000)
2026-04-07 09:49:29,951 | INFO | data_pipeline | [ADF] 'low' — NON-STATIONARY  (p=0.8451, stat=-0.7063)
2026-04-07 09:49:30,436 | INFO | data_pipeline | [ADF] 'close' — NON-STATIONARY  (p=0.8655, stat=-0.6240)
2026-04-07 09:49:31,439 | INFO | data_pipeline | [ADF] 'BB_UPPER' — NON-STATIONARY  (p=0.9012, stat=-0.4512)
2026-04-07 09:49:31,966 | INFO | data_pipeline | [ADF] 'BB_MIDDLE' — NON-STATIONARY  (p=0.9142, stat=-0.3747)
2026-04-07 09:49:32,473 | INFO | data_pipeline | [ADF] 'BB_LOWER' — NON-STATIONARY  (p=0.8728, stat=-0.5919)
2026-04-07 09:49:32,980 | INFO | data_pipeline | [ADF] 'DEMA_14' — NON-STATIONARY  (p=0.8054, stat=-0.8456)
2026-04-07 09:49:33,489 | INFO | data_pipeline | [ADF] 'EMA_14' — NON-STATIONARY  (p=0.8782, stat=-0.5672)
2026-04-07 09:49:34,030 | INFO | data_pipeline | [ADF] 'HT_TRENDLINE' — NON-STATIONARY  (p=0.9138, stat=-0.3773)
2026-04-07 09:49:34,553 | INFO | data_pipeline | [ADF] 'KAMA_14' — NON-STATIONARY  (p=0.8913, stat=-0.5037)
2026-04-07 09:49:35,072 | INFO | data_pipeline | [ADF] 'MA_14' — NON-STATIONARY  (p=0.8844, stat=-0.5379)
2026-04-07 09:49:35,617 | INFO | data_pipeline | [ADF] 'MIDPOINT_14' — NON-STATIONARY  (p=0.8639, stat=-0.6307)
2026-04-07 09:49:36,154 | INFO | data_pipeline | [ADF] 'MIDPRICE_14' — NON-STATIONARY  (p=0.8477, stat=-0.6965)
2026-04-07 09:49:36,690 | INFO | data_pipeline | [ADF] 'SAR' — NON-STATIONARY  (p=0.8477, stat=-0.6964)
2026-04-07 09:49:37,780 | INFO | data_pipeline | [ADF] 'SMA_14' — NON-STATIONARY  (p=0.8844, stat=-0.5379)
2026-04-07 09:49:38,354 | INFO | data_pipeline | [ADF] 'T3_14' — NON-STATIONARY  (p=0.8773, stat=-0.5714)
2026-04-07 09:49:38,965 | INFO | data_pipeline | [ADF] 'TEMA_14' — NON-STATIONARY  (p=0.9067, stat=-0.4203)
2026-04-07 09:49:39,587 | INFO | data_pipeline | [ADF] 'TRIMA_14' — NON-STATIONARY  (p=0.8413, stat=-0.7206)
2026-04-07 09:49:40,107 | INFO | data_pipeline | [ADF] 'WMA_14' — NON-STATIONARY  (p=0.8834, stat=-0.5427)
2026-04-07 09:49:53,202 | INFO | data_pipeline | [ADF] 'AD' — NON-STATIONARY  (p=0.3566, stat=-1.8487)
2026-04-07 09:49:54,814 | INFO | data_pipeline | [ADF] 'OBV' — NON-STATIONARY  (p=0.9812, stat=0.3921)
2026-04-07 09:49:57,791 | INFO | data_pipeline | [ADF] 'AVGPRICE' — NON-STATIONARY  (p=0.8663, stat=-0.6202)
2026-04-07 09:49:58,514 | INFO | data_pipeline | [ADF] 'MEDPRICE' — NON-STATIONARY  (p=0.8541, stat=-0.6710)
2026-04-07 09:49:59,344 | INFO | data_pipeline | [ADF] 'TYPPRICE' — NON-STATIONARY  (p=0.8585, stat=-0.6533)
2026-04-07 09:50:00,123 | INFO | data_pipeline | [ADF] 'WCLPRICE' — NON-STATIONARY  (p=0.8586, stat=-0.6530)
2026-04-07 09:50:06,068 | INFO | data_pipeline | [ADF] 'LINEARREG_14' — NON-STATIONARY  (p=0.8637, stat=-0.6317)
2026-04-07 09:50:07,466 | INFO | data_pipeline | [ADF] 'LINEARREG_INTERCEPT_14' — NON-STATIONARY  (p=0.8523, stat=-0.6781)
2026-04-07 09:50:09,662 | INFO | data_pipeline | [ADF] 'TSF_14' — NON-STATIONARY  (p=0.8619, stat=-0.6393)
2026-04-07 09:50:10,555 | INFO | data_pipeline | [ADF] Tested 65 column(s): 36 stationary, 29 non-stationary.
2026-04-07 09:50:10,565 | INFO | data_pipeline | [make_stationary] Differencing 29 non-stationary column(s)…
2026-04-07 09:50:11,345 | INFO | data_pipeline | [make_stationary] 'open' became stationary after 1 diff(s)  (p=0.0000).
2026-04-07 09:50:12,106 | INFO | data_pipeline | [make_stationary] 'high' became stationary after 1 diff(s)  (p=0.0000).
2026-04-07 09:50:12,940 | INFO | data_pipeline | [make_stationary] 'low' became stationary after 1 diff(s)  (p=0.0000).
2026-04-07 09:50:13,711 | INFO | data_pipeline | [make_stationary] 'close' became stationary after 1 diff(s)  (p=0.0000).
2026-04-07 09:50:14,537 | INFO | data_pipeline | [make_stationary] 'BB_UPPER' became stationary after 1 diff(s)  (p=0.0000).
2026-04-07 09:50:15,341 | INFO | data_pipeline | [make_stationary] 'BB_MIDDLE' became stationary after 1 diff(s)  (p=0.0000).
2026-04-07 09:50:16,162 | INFO | data_pipeline | [make_stationary] 'BB_LOWER' became stationary after 1 diff(s)  (p=0.0000).
2026-04-07 09:50:16,953 | INFO | data_pipeline | [make_stationary] 'DEMA_14' became stationary after 1 diff(s)  (p=0.0000).
2026-04-07 09:50:17,747 | INFO | data_pipeline | [make_stationary] 'EMA_14' became stationary after 1 diff(s)  (p=0.0000).
2026-04-07 09:50:18,531 | INFO | data_pipeline | [make_stationary] 'HT_TRENDLINE' became stationary after 1 diff(s)  (p=0.0000).
2026-04-07 09:50:19,416 | INFO | data_pipeline | [make_stationary] 'KAMA_14' became stationary after 1 diff(s)  (p=0.0000).
2026-04-07 09:50:20,285 | INFO | data_pipeline | [make_stationary] 'MA_14' became stationary after 1 diff(s)  (p=0.0000).
2026-04-07 09:50:21,164 | INFO | data_pipeline | [make_stationary] 'MIDPOINT_14' became stationary after 1 diff(s)  (p=0.0000).
2026-04-07 09:50:22,035 | INFO | data_pipeline | [make_stationary] 'MIDPRICE_14' became stationary after 1 diff(s)  (p=0.0000).
2026-04-07 09:50:22,809 | INFO | data_pipeline | [make_stationary] 'SAR' became stationary after 1 diff(s)  (p=0.0000).
2026-04-07 09:50:23,612 | INFO | data_pipeline | [make_stationary] 'SMA_14' became stationary after 1 diff(s)  (p=0.0000).
2026-04-07 09:50:24,278 | INFO | data_pipeline | [make_stationary] 'T3_14' became stationary after 1 diff(s)  (p=0.0000).
2026-04-07 09:50:25,097 | INFO | data_pipeline | [make_stationary] 'TEMA_14' became stationary after 1 diff(s)  (p=0.0000).
2026-04-07 09:50:25,744 | INFO | data_pipeline | [make_stationary] 'TRIMA_14' became stationary after 1 diff(s)  (p=0.0000).
2026-04-07 09:50:26,578 | INFO | data_pipeline | [make_stationary] 'WMA_14' became stationary after 1 diff(s)  (p=0.0000).
2026-04-07 09:50:27,449 | INFO | data_pipeline | [make_stationary] 'AD' became stationary after 1 diff(s)  (p=0.0000).
2026-04-07 09:50:28,283 | INFO | data_pipeline | [make_stationary] 'OBV' became stationary after 1 diff(s)  (p=0.0000).
2026-04-07 09:50:29,109 | INFO | data_pipeline | [make_stationary] 'AVGPRICE' became stationary after 1 diff(s)  (p=0.0000).
2026-04-07 09:50:29,956 | INFO | data_pipeline | [make_stationary] 'MEDPRICE' became stationary after 1 diff(s)  (p=0.0000).
2026-04-07 09:50:30,712 | INFO | data_pipeline | [make_stationary] 'TYPPRICE' became stationary after 1 diff(s)  (p=0.0000).
2026-04-07 09:50:31,489 | INFO | data_pipeline | [make_stationary] 'WCLPRICE' became stationary after 1 diff(s)  (p=0.0000).
2026-04-07 09:50:32,363 | INFO | data_pipeline | [make_stationary] 'LINEARREG_14' became stationary after 1 diff(s)  (p=0.0000).
2026-04-07 09:50:33,192 | INFO | data_pipeline | [make_stationary] 'LINEARREG_INTERCEPT_14' became stationary after 1 diff(s)  (p=0.0000).
2026-04-07 09:50:33,936 | INFO | data_pipeline | [make_stationary] 'TSF_14' became stationary after 1 diff(s)  (p=0.0000).
2026-04-07 09:50:33,957 | INFO | data_pipeline | [make_stationary] Shape after differencing & dropna: (8697, 89)
2026-04-07 09:50:33,957 | INFO | data_pipeline | Differencing summary: open=1d, high=1d, low=1d, close=1d, BB_UPPER=1d, BB_MIDDLE=1d, BB_LOWER=1d, DEMA_14=1d, EMA_14=1d, HT_TRENDLINE=1d, KAMA_14=1d, MA_14=1d, MIDPOINT_14=1d, MIDPRICE_14=1d, SAR=1d, SMA_14=1d, T3_14=1d, TEMA_14=1d, TRIMA_14=1d, WMA_14=1d, AD=1d, OBV=1d, AVGPRICE=1d, MEDPRICE=1d, TYPPRICE=1d, WCLPRICE=1d, LINEARREG_14=1d, LINEARREG_INTERCEPT_14=1d, TSF_14=1d
2026-04-07 09:50:35,489 | INFO | data_pipeline | Regression target created — shape: (8683, 87)
2026-04-07 09:57:49,904 | INFO | data_pipeline | Fetching data: schema=data_binance, table=btc_1m, start=2025-03-30, end=2026-03-31
2026-04-07 09:58:17,261 | INFO | data_pipeline | Fetching data: schema=data_binance, table=btc_1m, start=2025-03-30, end=2026-03-31
2026-04-07 09:58:25,489 | INFO | data_pipeline | Fetched 527,041 rows for btc.
2026-04-07 09:58:30,416 | INFO | data_pipeline | Resampling to 1h…
2026-04-07 09:58:30,652 | INFO | data_pipeline | Resampled shape: (8785, 6)
2026-04-07 09:58:30,740 | INFO | data_pipeline | Generating 71 indicator(s)…
2026-04-07 09:58:30,843 | INFO | data_pipeline | Feature shape after generation: (8785, 89)
2026-04-07 09:58:30,843 | INFO | data_pipeline | Running ADF stationarity tests…
2026-04-07 09:58:31,333 | INFO | data_pipeline | [ADF] 'open' — NON-STATIONARY  (p=0.8633, stat=-0.6330)
2026-04-07 09:58:31,707 | INFO | data_pipeline | [ADF] 'high' — NON-STATIONARY  (p=0.8710, stat=-0.6000)
2026-04-07 09:58:32,072 | INFO | data_pipeline | [ADF] 'low' — NON-STATIONARY  (p=0.8451, stat=-0.7063)
2026-04-07 09:58:32,435 | INFO | data_pipeline | [ADF] 'close' — NON-STATIONARY  (p=0.8655, stat=-0.6240)
2026-04-07 09:58:33,231 | INFO | data_pipeline | [ADF] 'BB_UPPER' — NON-STATIONARY  (p=0.9012, stat=-0.4512)
2026-04-07 09:58:33,623 | INFO | data_pipeline | [ADF] 'BB_MIDDLE' — NON-STATIONARY  (p=0.9142, stat=-0.3747)
2026-04-07 09:58:34,069 | INFO | data_pipeline | [ADF] 'BB_LOWER' — NON-STATIONARY  (p=0.8728, stat=-0.5919)
2026-04-07 09:58:34,537 | INFO | data_pipeline | [ADF] 'DEMA_14' — NON-STATIONARY  (p=0.8054, stat=-0.8456)
2026-04-07 09:58:35,026 | INFO | data_pipeline | [ADF] 'EMA_14' — NON-STATIONARY  (p=0.8782, stat=-0.5672)
2026-04-07 09:58:35,524 | INFO | data_pipeline | [ADF] 'HT_TRENDLINE' — NON-STATIONARY  (p=0.9138, stat=-0.3773)
2026-04-07 09:58:36,037 | INFO | data_pipeline | [ADF] 'KAMA_14' — NON-STATIONARY  (p=0.8913, stat=-0.5037)
2026-04-07 09:58:36,587 | INFO | data_pipeline | [ADF] 'MA_14' — NON-STATIONARY  (p=0.8844, stat=-0.5379)
2026-04-07 09:58:37,125 | INFO | data_pipeline | [ADF] 'MIDPOINT_14' — NON-STATIONARY  (p=0.8639, stat=-0.6307)
2026-04-07 09:58:37,662 | INFO | data_pipeline | [ADF] 'MIDPRICE_14' — NON-STATIONARY  (p=0.8477, stat=-0.6965)
2026-04-07 09:58:38,174 | INFO | data_pipeline | [ADF] 'SAR' — NON-STATIONARY  (p=0.8477, stat=-0.6964)
2026-04-07 09:58:39,193 | INFO | data_pipeline | [ADF] 'SMA_14' — NON-STATIONARY  (p=0.8844, stat=-0.5379)
2026-04-07 09:58:39,707 | INFO | data_pipeline | [ADF] 'T3_14' — NON-STATIONARY  (p=0.8773, stat=-0.5714)
2026-04-07 09:58:40,222 | INFO | data_pipeline | [ADF] 'TEMA_14' — NON-STATIONARY  (p=0.9067, stat=-0.4203)
2026-04-07 09:58:40,740 | INFO | data_pipeline | [ADF] 'TRIMA_14' — NON-STATIONARY  (p=0.8413, stat=-0.7206)
2026-04-07 09:58:41,261 | INFO | data_pipeline | [ADF] 'WMA_14' — NON-STATIONARY  (p=0.8834, stat=-0.5427)
2026-04-07 09:58:51,471 | INFO | data_pipeline | [ADF] 'AD' — NON-STATIONARY  (p=0.3566, stat=-1.8487)
2026-04-07 09:58:52,388 | INFO | data_pipeline | [ADF] 'OBV' — NON-STATIONARY  (p=0.9812, stat=0.3921)
2026-04-07 09:58:54,282 | INFO | data_pipeline | [ADF] 'AVGPRICE' — NON-STATIONARY  (p=0.8663, stat=-0.6202)
2026-04-07 09:58:54,773 | INFO | data_pipeline | [ADF] 'MEDPRICE' — NON-STATIONARY  (p=0.8541, stat=-0.6710)
2026-04-07 09:58:55,264 | INFO | data_pipeline | [ADF] 'TYPPRICE' — NON-STATIONARY  (p=0.8585, stat=-0.6533)
2026-04-07 09:58:55,761 | INFO | data_pipeline | [ADF] 'WCLPRICE' — NON-STATIONARY  (p=0.8586, stat=-0.6530)
2026-04-07 09:58:59,714 | INFO | data_pipeline | [ADF] 'LINEARREG_14' — NON-STATIONARY  (p=0.8637, stat=-0.6317)
2026-04-07 09:59:00,733 | INFO | data_pipeline | [ADF] 'LINEARREG_INTERCEPT_14' — NON-STATIONARY  (p=0.8523, stat=-0.6781)
2026-04-07 09:59:02,258 | INFO | data_pipeline | [ADF] 'TSF_14' — NON-STATIONARY  (p=0.8619, stat=-0.6393)
2026-04-07 09:59:02,755 | INFO | data_pipeline | [ADF] Tested 65 column(s): 36 stationary, 29 non-stationary.
2026-04-07 09:59:02,756 | INFO | data_pipeline | [make_stationary] Differencing 29 non-stationary column(s)…
2026-04-07 09:59:03,266 | INFO | data_pipeline | [make_stationary] 'open' became stationary after 1 diff(s)  (p=0.0000).
2026-04-07 09:59:03,757 | INFO | data_pipeline | [make_stationary] 'high' became stationary after 1 diff(s)  (p=0.0000).
2026-04-07 09:59:04,253 | INFO | data_pipeline | [make_stationary] 'low' became stationary after 1 diff(s)  (p=0.0000).
2026-04-07 09:59:04,737 | INFO | data_pipeline | [make_stationary] 'close' became stationary after 1 diff(s)  (p=0.0000).
2026-04-07 09:59:05,253 | INFO | data_pipeline | [make_stationary] 'BB_UPPER' became stationary after 1 diff(s)  (p=0.0000).
2026-04-07 09:59:05,764 | INFO | data_pipeline | [make_stationary] 'BB_MIDDLE' became stationary after 1 diff(s)  (p=0.0000).
2026-04-07 09:59:06,257 | INFO | data_pipeline | [make_stationary] 'BB_LOWER' became stationary after 1 diff(s)  (p=0.0000).
2026-04-07 09:59:06,749 | INFO | data_pipeline | [make_stationary] 'DEMA_14' became stationary after 1 diff(s)  (p=0.0000).
2026-04-07 09:59:07,256 | INFO | data_pipeline | [make_stationary] 'EMA_14' became stationary after 1 diff(s)  (p=0.0000).
2026-04-07 09:59:07,761 | INFO | data_pipeline | [make_stationary] 'HT_TRENDLINE' became stationary after 1 diff(s)  (p=0.0000).
2026-04-07 09:59:08,267 | INFO | data_pipeline | [make_stationary] 'KAMA_14' became stationary after 1 diff(s)  (p=0.0000).
2026-04-07 09:59:08,790 | INFO | data_pipeline | [make_stationary] 'MA_14' became stationary after 1 diff(s)  (p=0.0000).
2026-04-07 09:59:09,298 | INFO | data_pipeline | [make_stationary] 'MIDPOINT_14' became stationary after 1 diff(s)  (p=0.0000).
2026-04-07 09:59:09,795 | INFO | data_pipeline | [make_stationary] 'MIDPRICE_14' became stationary after 1 diff(s)  (p=0.0000).
2026-04-07 09:59:10,297 | INFO | data_pipeline | [make_stationary] 'SAR' became stationary after 1 diff(s)  (p=0.0000).
2026-04-07 09:59:10,812 | INFO | data_pipeline | [make_stationary] 'SMA_14' became stationary after 1 diff(s)  (p=0.0000).
2026-04-07 09:59:11,303 | INFO | data_pipeline | [make_stationary] 'T3_14' became stationary after 1 diff(s)  (p=0.0000).
2026-04-07 09:59:11,809 | INFO | data_pipeline | [make_stationary] 'TEMA_14' became stationary after 1 diff(s)  (p=0.0000).
2026-04-07 09:59:12,332 | INFO | data_pipeline | [make_stationary] 'TRIMA_14' became stationary after 1 diff(s)  (p=0.0000).
2026-04-07 09:59:12,818 | INFO | data_pipeline | [make_stationary] 'WMA_14' became stationary after 1 diff(s)  (p=0.0000).
2026-04-07 09:59:13,339 | INFO | data_pipeline | [make_stationary] 'AD' became stationary after 1 diff(s)  (p=0.0000).
2026-04-07 09:59:13,829 | INFO | data_pipeline | [make_stationary] 'OBV' became stationary after 1 diff(s)  (p=0.0000).
2026-04-07 09:59:14,326 | INFO | data_pipeline | [make_stationary] 'AVGPRICE' became stationary after 1 diff(s)  (p=0.0000).
2026-04-07 09:59:14,802 | INFO | data_pipeline | [make_stationary] 'MEDPRICE' became stationary after 1 diff(s)  (p=0.0000).
2026-04-07 09:59:15,275 | INFO | data_pipeline | [make_stationary] 'TYPPRICE' became stationary after 1 diff(s)  (p=0.0000).
2026-04-07 09:59:15,710 | INFO | data_pipeline | [make_stationary] 'WCLPRICE' became stationary after 1 diff(s)  (p=0.0000).
2026-04-07 09:59:16,188 | INFO | data_pipeline | [make_stationary] 'LINEARREG_14' became stationary after 1 diff(s)  (p=0.0000).
2026-04-07 09:59:16,659 | INFO | data_pipeline | [make_stationary] 'LINEARREG_INTERCEPT_14' became stationary after 1 diff(s)  (p=0.0000).
2026-04-07 09:59:17,144 | INFO | data_pipeline | [make_stationary] 'TSF_14' became stationary after 1 diff(s)  (p=0.0000).
2026-04-07 09:59:17,145 | INFO | data_pipeline | [make_stationary] Shape after differencing & dropna: (8697, 89)
2026-04-07 09:59:17,145 | INFO | data_pipeline | Differencing summary: open=1d, high=1d, low=1d, close=1d, BB_UPPER=1d, BB_MIDDLE=1d, BB_LOWER=1d, DEMA_14=1d, EMA_14=1d, HT_TRENDLINE=1d, KAMA_14=1d, MA_14=1d, MIDPOINT_14=1d, MIDPRICE_14=1d, SAR=1d, SMA_14=1d, T3_14=1d, TEMA_14=1d, TRIMA_14=1d, WMA_14=1d, AD=1d, OBV=1d, AVGPRICE=1d, MEDPRICE=1d, TYPPRICE=1d, WCLPRICE=1d, LINEARREG_14=1d, LINEARREG_INTERCEPT_14=1d, TSF_14=1d
2026-04-07 09:59:18,386 | INFO | data_pipeline | Regression target created — shape: (8683, 87)
2026-04-07 10:49:46,434 | INFO | data_pipeline | Fetching data: schema=data_binance, table=btc_1m, start=2025-03-30, end=2026-03-31
2026-04-07 10:50:03,545 | INFO | data_pipeline | Fetched 527,041 rows for btc.
2026-04-07 10:50:09,985 | INFO | data_pipeline | Resampling to 1h…
2026-04-07 10:50:10,509 | INFO | data_pipeline | Resampled shape: (8785, 6)
2026-04-07 10:50:10,599 | INFO | data_pipeline | Generating 71 indicator(s)…
2026-04-07 10:50:10,673 | INFO | data_pipeline | Feature shape after generation: (8785, 89)
2026-04-07 10:50:10,673 | INFO | data_pipeline | Running ADF stationarity tests…
2026-04-07 10:50:11,226 | INFO | data_pipeline | [ADF] 'open' — NON-STATIONARY  (p=0.8633, stat=-0.6330)
2026-04-07 10:50:11,707 | INFO | data_pipeline | [ADF] 'high' — NON-STATIONARY  (p=0.8710, stat=-0.6000)
2026-04-07 10:50:12,163 | INFO | data_pipeline | [ADF] 'low' — NON-STATIONARY  (p=0.8451, stat=-0.7063)
2026-04-07 10:50:12,633 | INFO | data_pipeline | [ADF] 'close' — NON-STATIONARY  (p=0.8655, stat=-0.6240)
2026-04-07 10:50:13,622 | INFO | data_pipeline | [ADF] 'BB_UPPER' — NON-STATIONARY  (p=0.9012, stat=-0.4512)
2026-04-07 10:50:14,123 | INFO | data_pipeline | [ADF] 'BB_MIDDLE' — NON-STATIONARY  (p=0.9142, stat=-0.3747)
2026-04-07 10:50:14,627 | INFO | data_pipeline | [ADF] 'BB_LOWER' — NON-STATIONARY  (p=0.8728, stat=-0.5919)
2026-04-07 10:50:15,112 | INFO | data_pipeline | [ADF] 'DEMA_14' — NON-STATIONARY  (p=0.8054, stat=-0.8456)
2026-04-07 10:50:15,606 | INFO | data_pipeline | [ADF] 'EMA_14' — NON-STATIONARY  (p=0.8782, stat=-0.5672)
2026-04-07 10:50:16,134 | INFO | data_pipeline | [ADF] 'HT_TRENDLINE' — NON-STATIONARY  (p=0.9138, stat=-0.3773)
2026-04-07 10:50:16,652 | INFO | data_pipeline | [ADF] 'KAMA_14' — NON-STATIONARY  (p=0.8913, stat=-0.5037)
2026-04-07 10:50:17,180 | INFO | data_pipeline | [ADF] 'MA_14' — NON-STATIONARY  (p=0.8844, stat=-0.5379)
2026-04-07 10:50:17,695 | INFO | data_pipeline | [ADF] 'MIDPOINT_14' — NON-STATIONARY  (p=0.8639, stat=-0.6307)
2026-04-07 10:50:18,258 | INFO | data_pipeline | [ADF] 'MIDPRICE_14' — NON-STATIONARY  (p=0.8477, stat=-0.6965)
2026-04-07 10:50:18,813 | INFO | data_pipeline | [ADF] 'SAR' — NON-STATIONARY  (p=0.8477, stat=-0.6964)
2026-04-07 10:50:20,037 | INFO | data_pipeline | [ADF] 'SMA_14' — NON-STATIONARY  (p=0.8844, stat=-0.5379)
2026-04-07 10:50:20,648 | INFO | data_pipeline | [ADF] 'T3_14' — NON-STATIONARY  (p=0.8773, stat=-0.5714)
2026-04-07 10:50:21,255 | INFO | data_pipeline | [ADF] 'TEMA_14' — NON-STATIONARY  (p=0.9067, stat=-0.4203)
2026-04-07 10:50:21,864 | INFO | data_pipeline | [ADF] 'TRIMA_14' — NON-STATIONARY  (p=0.8413, stat=-0.7206)
2026-04-07 10:50:22,467 | INFO | data_pipeline | [ADF] 'WMA_14' — NON-STATIONARY  (p=0.8834, stat=-0.5427)
2026-04-07 10:50:34,072 | INFO | data_pipeline | [ADF] 'AD' — NON-STATIONARY  (p=0.3566, stat=-1.8487)
2026-04-07 10:50:35,211 | INFO | data_pipeline | [ADF] 'OBV' — NON-STATIONARY  (p=0.9812, stat=0.3921)
2026-04-07 10:50:37,462 | INFO | data_pipeline | [ADF] 'AVGPRICE' — NON-STATIONARY  (p=0.8663, stat=-0.6202)
2026-04-07 10:50:38,168 | INFO | data_pipeline | [ADF] 'MEDPRICE' — NON-STATIONARY  (p=0.8541, stat=-0.6710)
2026-04-07 10:50:38,720 | INFO | data_pipeline | [ADF] 'TYPPRICE' — NON-STATIONARY  (p=0.8585, stat=-0.6533)
2026-04-07 10:50:39,282 | INFO | data_pipeline | [ADF] 'WCLPRICE' — NON-STATIONARY  (p=0.8586, stat=-0.6530)
2026-04-07 10:50:44,077 | INFO | data_pipeline | [ADF] 'LINEARREG_14' — NON-STATIONARY  (p=0.8637, stat=-0.6317)
2026-04-07 10:50:45,353 | INFO | data_pipeline | [ADF] 'LINEARREG_INTERCEPT_14' — NON-STATIONARY  (p=0.8523, stat=-0.6781)
2026-04-07 10:50:47,106 | INFO | data_pipeline | [ADF] 'TSF_14' — NON-STATIONARY  (p=0.8619, stat=-0.6393)
2026-04-07 10:50:47,596 | INFO | data_pipeline | [ADF] Tested 65 column(s): 36 stationary, 29 non-stationary.
2026-04-07 10:50:47,602 | INFO | data_pipeline | [make_stationary] Differencing 29 non-stationary column(s)…
2026-04-07 10:50:48,273 | INFO | data_pipeline | [make_stationary] 'open' became stationary after 1 diff(s)  (p=0.0000).
2026-04-07 10:50:48,870 | INFO | data_pipeline | [make_stationary] 'high' became stationary after 1 diff(s)  (p=0.0000).
2026-04-07 10:50:49,428 | INFO | data_pipeline | [make_stationary] 'low' became stationary after 1 diff(s)  (p=0.0000).
2026-04-07 10:50:49,903 | INFO | data_pipeline | [make_stationary] 'close' became stationary after 1 diff(s)  (p=0.0000).
2026-04-07 10:50:50,391 | INFO | data_pipeline | [make_stationary] 'BB_UPPER' became stationary after 1 diff(s)  (p=0.0000).
2026-04-07 10:50:50,908 | INFO | data_pipeline | [make_stationary] 'BB_MIDDLE' became stationary after 1 diff(s)  (p=0.0000).
2026-04-07 10:50:51,504 | INFO | data_pipeline | [make_stationary] 'BB_LOWER' became stationary after 1 diff(s)  (p=0.0000).
2026-04-07 10:50:52,017 | INFO | data_pipeline | [make_stationary] 'DEMA_14' became stationary after 1 diff(s)  (p=0.0000).
2026-04-07 10:50:52,558 | INFO | data_pipeline | [make_stationary] 'EMA_14' became stationary after 1 diff(s)  (p=0.0000).
2026-04-07 10:50:53,089 | INFO | data_pipeline | [make_stationary] 'HT_TRENDLINE' became stationary after 1 diff(s)  (p=0.0000).
2026-04-07 10:50:53,700 | INFO | data_pipeline | [make_stationary] 'KAMA_14' became stationary after 1 diff(s)  (p=0.0000).
2026-04-07 10:50:54,288 | INFO | data_pipeline | [make_stationary] 'MA_14' became stationary after 1 diff(s)  (p=0.0000).
2026-04-07 10:50:54,850 | INFO | data_pipeline | [make_stationary] 'MIDPOINT_14' became stationary after 1 diff(s)  (p=0.0000).
2026-04-07 10:50:55,404 | INFO | data_pipeline | [make_stationary] 'MIDPRICE_14' became stationary after 1 diff(s)  (p=0.0000).
2026-04-07 10:50:55,954 | INFO | data_pipeline | [make_stationary] 'SAR' became stationary after 1 diff(s)  (p=0.0000).
2026-04-07 10:50:56,548 | INFO | data_pipeline | [make_stationary] 'SMA_14' became stationary after 1 diff(s)  (p=0.0000).
2026-04-07 10:50:57,086 | INFO | data_pipeline | [make_stationary] 'T3_14' became stationary after 1 diff(s)  (p=0.0000).
2026-04-07 10:50:57,626 | INFO | data_pipeline | [make_stationary] 'TEMA_14' became stationary after 1 diff(s)  (p=0.0000).
2026-04-07 10:50:58,184 | INFO | data_pipeline | [make_stationary] 'TRIMA_14' became stationary after 1 diff(s)  (p=0.0000).
2026-04-07 10:50:58,740 | INFO | data_pipeline | [make_stationary] 'WMA_14' became stationary after 1 diff(s)  (p=0.0000).
2026-04-07 10:50:59,289 | INFO | data_pipeline | [make_stationary] 'AD' became stationary after 1 diff(s)  (p=0.0000).
2026-04-07 10:50:59,802 | INFO | data_pipeline | [make_stationary] 'OBV' became stationary after 1 diff(s)  (p=0.0000).
2026-04-07 10:51:00,358 | INFO | data_pipeline | [make_stationary] 'AVGPRICE' became stationary after 1 diff(s)  (p=0.0000).
2026-04-07 10:51:00,929 | INFO | data_pipeline | [make_stationary] 'MEDPRICE' became stationary after 1 diff(s)  (p=0.0000).
2026-04-07 10:51:01,449 | INFO | data_pipeline | [make_stationary] 'TYPPRICE' became stationary after 1 diff(s)  (p=0.0000).
2026-04-07 10:51:01,919 | INFO | data_pipeline | [make_stationary] 'WCLPRICE' became stationary after 1 diff(s)  (p=0.0000).
2026-04-07 10:51:02,377 | INFO | data_pipeline | [make_stationary] 'LINEARREG_14' became stationary after 1 diff(s)  (p=0.0000).
2026-04-07 10:51:02,845 | INFO | data_pipeline | [make_stationary] 'LINEARREG_INTERCEPT_14' became stationary after 1 diff(s)  (p=0.0000).
2026-04-07 10:51:03,325 | INFO | data_pipeline | [make_stationary] 'TSF_14' became stationary after 1 diff(s)  (p=0.0000).
2026-04-07 10:51:03,341 | INFO | data_pipeline | [make_stationary] Shape after differencing & dropna: (8697, 89)
2026-04-07 10:51:03,342 | INFO | data_pipeline | Differencing summary: open=1d, high=1d, low=1d, close=1d, BB_UPPER=1d, BB_MIDDLE=1d, BB_LOWER=1d, DEMA_14=1d, EMA_14=1d, HT_TRENDLINE=1d, KAMA_14=1d, MA_14=1d, MIDPOINT_14=1d, MIDPRICE_14=1d, SAR=1d, SMA_14=1d, T3_14=1d, TEMA_14=1d, TRIMA_14=1d, WMA_14=1d, AD=1d, OBV=1d, AVGPRICE=1d, MEDPRICE=1d, TYPPRICE=1d, WCLPRICE=1d, LINEARREG_14=1d, LINEARREG_INTERCEPT_14=1d, TSF_14=1d
2026-04-07 10:51:04,504 | INFO | data_pipeline | Regression target created — shape: (8683, 87)
2026-04-07 10:51:40,476 | INFO | data_pipeline | Fetching data: schema=data_binance, table=btc_1m, start=2025-03-30, end=2026-03-31
2026-04-07 10:51:48,849 | INFO | data_pipeline | Fetched 527,041 rows for btc.
2026-04-07 10:51:54,429 | INFO | data_pipeline | Resampling to 1h…
2026-04-07 10:51:54,580 | INFO | data_pipeline | Resampled shape: (8785, 6)
2026-04-07 10:51:54,668 | INFO | data_pipeline | Generating 71 indicator(s)…
2026-04-07 10:51:54,705 | INFO | data_pipeline | Feature shape after generation: (8785, 89)
2026-04-07 10:51:54,705 | INFO | data_pipeline | Running ADF stationarity tests…
2026-04-07 10:51:55,139 | INFO | data_pipeline | [ADF] 'open' — NON-STATIONARY  (p=0.8633, stat=-0.6330)
2026-04-07 10:51:55,612 | INFO | data_pipeline | [ADF] 'high' — NON-STATIONARY  (p=0.8710, stat=-0.6000)
2026-04-07 10:51:56,066 | INFO | data_pipeline | [ADF] 'low' — NON-STATIONARY  (p=0.8451, stat=-0.7063)
2026-04-07 10:51:56,529 | INFO | data_pipeline | [ADF] 'close' — NON-STATIONARY  (p=0.8655, stat=-0.6240)
2026-04-07 10:51:57,508 | INFO | data_pipeline | [ADF] 'BB_UPPER' — NON-STATIONARY  (p=0.9012, stat=-0.4512)
2026-04-07 10:51:57,995 | INFO | data_pipeline | [ADF] 'BB_MIDDLE' — NON-STATIONARY  (p=0.9142, stat=-0.3747)
2026-04-07 10:51:58,460 | INFO | data_pipeline | [ADF] 'BB_LOWER' — NON-STATIONARY  (p=0.8728, stat=-0.5919)
2026-04-07 10:51:58,936 | INFO | data_pipeline | [ADF] 'DEMA_14' — NON-STATIONARY  (p=0.8054, stat=-0.8456)
2026-04-07 10:51:59,393 | INFO | data_pipeline | [ADF] 'EMA_14' — NON-STATIONARY  (p=0.8782, stat=-0.5672)
2026-04-07 10:51:59,869 | INFO | data_pipeline | [ADF] 'HT_TRENDLINE' — NON-STATIONARY  (p=0.9138, stat=-0.3773)
2026-04-07 10:52:00,371 | INFO | data_pipeline | [ADF] 'KAMA_14' — NON-STATIONARY  (p=0.8913, stat=-0.5037)
2026-04-07 10:52:00,885 | INFO | data_pipeline | [ADF] 'MA_14' — NON-STATIONARY  (p=0.8844, stat=-0.5379)
2026-04-07 10:52:01,380 | INFO | data_pipeline | [ADF] 'MIDPOINT_14' — NON-STATIONARY  (p=0.8639, stat=-0.6307)
2026-04-07 10:52:01,871 | INFO | data_pipeline | [ADF] 'MIDPRICE_14' — NON-STATIONARY  (p=0.8477, stat=-0.6965)
2026-04-07 10:52:02,367 | INFO | data_pipeline | [ADF] 'SAR' — NON-STATIONARY  (p=0.8477, stat=-0.6964)
2026-04-07 10:52:03,395 | INFO | data_pipeline | [ADF] 'SMA_14' — NON-STATIONARY  (p=0.8844, stat=-0.5379)
2026-04-07 10:52:03,906 | INFO | data_pipeline | [ADF] 'T3_14' — NON-STATIONARY  (p=0.8773, stat=-0.5714)
2026-04-07 10:52:04,435 | INFO | data_pipeline | [ADF] 'TEMA_14' — NON-STATIONARY  (p=0.9067, stat=-0.4203)
2026-04-07 10:52:04,960 | INFO | data_pipeline | [ADF] 'TRIMA_14' — NON-STATIONARY  (p=0.8413, stat=-0.7206)
2026-04-07 10:52:05,457 | INFO | data_pipeline | [ADF] 'WMA_14' — NON-STATIONARY  (p=0.8834, stat=-0.5427)
2026-04-07 10:52:15,377 | INFO | data_pipeline | [ADF] 'AD' — NON-STATIONARY  (p=0.3566, stat=-1.8487)
2026-04-07 10:52:16,373 | INFO | data_pipeline | [ADF] 'OBV' — NON-STATIONARY  (p=0.9812, stat=0.3921)
2026-04-07 10:52:18,453 | INFO | data_pipeline | [ADF] 'AVGPRICE' — NON-STATIONARY  (p=0.8663, stat=-0.6202)
2026-04-07 10:52:18,928 | INFO | data_pipeline | [ADF] 'MEDPRICE' — NON-STATIONARY  (p=0.8541, stat=-0.6710)
2026-04-07 10:52:19,411 | INFO | data_pipeline | [ADF] 'TYPPRICE' — NON-STATIONARY  (p=0.8585, stat=-0.6533)
2026-04-07 10:52:19,902 | INFO | data_pipeline | [ADF] 'WCLPRICE' — NON-STATIONARY  (p=0.8586, stat=-0.6530)
2026-04-07 10:52:24,189 | INFO | data_pipeline | [ADF] 'LINEARREG_14' — NON-STATIONARY  (p=0.8637, stat=-0.6317)
2026-04-07 10:52:25,247 | INFO | data_pipeline | [ADF] 'LINEARREG_INTERCEPT_14' — NON-STATIONARY  (p=0.8523, stat=-0.6781)
2026-04-07 10:52:26,865 | INFO | data_pipeline | [ADF] 'TSF_14' — NON-STATIONARY  (p=0.8619, stat=-0.6393)
2026-04-07 10:52:27,398 | INFO | data_pipeline | [ADF] Tested 65 column(s): 36 stationary, 29 non-stationary.
2026-04-07 10:52:27,399 | INFO | data_pipeline | [make_stationary] Differencing 29 non-stationary column(s)…
2026-04-07 10:52:27,924 | INFO | data_pipeline | [make_stationary] 'open' became stationary after 1 diff(s)  (p=0.0000).
2026-04-07 10:52:28,438 | INFO | data_pipeline | [make_stationary] 'high' became stationary after 1 diff(s)  (p=0.0000).
2026-04-07 10:52:28,980 | INFO | data_pipeline | [make_stationary] 'low' became stationary after 1 diff(s)  (p=0.0000).
2026-04-07 10:52:29,472 | INFO | data_pipeline | [make_stationary] 'close' became stationary after 1 diff(s)  (p=0.0000).
2026-04-07 10:52:30,001 | INFO | data_pipeline | [make_stationary] 'BB_UPPER' became stationary after 1 diff(s)  (p=0.0000).
2026-04-07 10:52:30,550 | INFO | data_pipeline | [make_stationary] 'BB_MIDDLE' became stationary after 1 diff(s)  (p=0.0000).
2026-04-07 10:52:31,109 | INFO | data_pipeline | [make_stationary] 'BB_LOWER' became stationary after 1 diff(s)  (p=0.0000).
2026-04-07 10:52:31,612 | INFO | data_pipeline | [make_stationary] 'DEMA_14' became stationary after 1 diff(s)  (p=0.0000).
2026-04-07 10:52:32,116 | INFO | data_pipeline | [make_stationary] 'EMA_14' became stationary after 1 diff(s)  (p=0.0000).
2026-04-07 10:52:32,629 | INFO | data_pipeline | [make_stationary] 'HT_TRENDLINE' became stationary after 1 diff(s)  (p=0.0000).
2026-04-07 10:52:33,144 | INFO | data_pipeline | [make_stationary] 'KAMA_14' became stationary after 1 diff(s)  (p=0.0000).
2026-04-07 10:52:33,682 | INFO | data_pipeline | [make_stationary] 'MA_14' became stationary after 1 diff(s)  (p=0.0000).
2026-04-07 10:52:34,255 | INFO | data_pipeline | [make_stationary] 'MIDPOINT_14' became stationary after 1 diff(s)  (p=0.0000).
2026-04-07 10:52:34,789 | INFO | data_pipeline | [make_stationary] 'MIDPRICE_14' became stationary after 1 diff(s)  (p=0.0000).
2026-04-07 10:52:35,317 | INFO | data_pipeline | [make_stationary] 'SAR' became stationary after 1 diff(s)  (p=0.0000).
2026-04-07 10:52:35,848 | INFO | data_pipeline | [make_stationary] 'SMA_14' became stationary after 1 diff(s)  (p=0.0000).
2026-04-07 10:52:36,362 | INFO | data_pipeline | [make_stationary] 'T3_14' became stationary after 1 diff(s)  (p=0.0000).
2026-04-07 10:52:36,877 | INFO | data_pipeline | [make_stationary] 'TEMA_14' became stationary after 1 diff(s)  (p=0.0000).
2026-04-07 10:52:37,426 | INFO | data_pipeline | [make_stationary] 'TRIMA_14' became stationary after 1 diff(s)  (p=0.0000).
2026-04-07 10:52:37,941 | INFO | data_pipeline | [make_stationary] 'WMA_14' became stationary after 1 diff(s)  (p=0.0000).
2026-04-07 10:52:38,493 | INFO | data_pipeline | [make_stationary] 'AD' became stationary after 1 diff(s)  (p=0.0000).
2026-04-07 10:52:39,002 | INFO | data_pipeline | [make_stationary] 'OBV' became stationary after 1 diff(s)  (p=0.0000).
2026-04-07 10:52:39,520 | INFO | data_pipeline | [make_stationary] 'AVGPRICE' became stationary after 1 diff(s)  (p=0.0000).
2026-04-07 10:52:40,021 | INFO | data_pipeline | [make_stationary] 'MEDPRICE' became stationary after 1 diff(s)  (p=0.0000).
2026-04-07 10:52:40,525 | INFO | data_pipeline | [make_stationary] 'TYPPRICE' became stationary after 1 diff(s)  (p=0.0000).
2026-04-07 10:52:41,046 | INFO | data_pipeline | [make_stationary] 'WCLPRICE' became stationary after 1 diff(s)  (p=0.0000).
2026-04-07 10:52:41,588 | INFO | data_pipeline | [make_stationary] 'LINEARREG_14' became stationary after 1 diff(s)  (p=0.0000).
2026-04-07 10:52:42,139 | INFO | data_pipeline | [make_stationary] 'LINEARREG_INTERCEPT_14' became stationary after 1 diff(s)  (p=0.0000).
2026-04-07 10:52:42,679 | INFO | data_pipeline | [make_stationary] 'TSF_14' became stationary after 1 diff(s)  (p=0.0000).
2026-04-07 10:52:42,698 | INFO | data_pipeline | [make_stationary] Shape after differencing & dropna: (8697, 89)
2026-04-07 10:52:42,699 | INFO | data_pipeline | Differencing summary: open=1d, high=1d, low=1d, close=1d, BB_UPPER=1d, BB_MIDDLE=1d, BB_LOWER=1d, DEMA_14=1d, EMA_14=1d, HT_TRENDLINE=1d, KAMA_14=1d, MA_14=1d, MIDPOINT_14=1d, MIDPRICE_14=1d, SAR=1d, SMA_14=1d, T3_14=1d, TEMA_14=1d, TRIMA_14=1d, WMA_14=1d, AD=1d, OBV=1d, AVGPRICE=1d, MEDPRICE=1d, TYPPRICE=1d, WCLPRICE=1d, LINEARREG_14=1d, LINEARREG_INTERCEPT_14=1d, TSF_14=1d
2026-04-07 10:52:43,911 | INFO | data_pipeline | Regression target created — shape: (8683, 87)
2026-04-08 10:55:47,249 | INFO | data_pipeline | Fetching data: schema=data_binance, table=btc_1m, start=2025-03-29, end=2026-03-30
2026-04-08 10:56:24,087 | INFO | data_pipeline | Fetching data: schema=data_binance, table=btc_1m, start=2025-03-29, end=2026-03-30
2026-04-08 10:56:34,535 | INFO | data_pipeline | Fetched 527,041 rows for btc.
2026-04-08 10:56:34,535 | INFO | data_pipeline | Resampling to 1h…
2026-04-08 10:56:35,102 | INFO | data_pipeline | Resampled shape: (8785, 6)
2026-04-08 10:56:35,102 | INFO | data_pipeline | Generating 71 indicator(s)…
2026-04-08 10:56:35,208 | INFO | data_pipeline | Feature shape after generation: (8785, 89)
2026-04-08 10:56:35,208 | INFO | data_pipeline | Running ADF stationarity tests…
2026-04-08 10:56:35,732 | INFO | data_pipeline | [ADF] 'open' — NON-STATIONARY  (p=0.8767, stat=-0.5740)
2026-04-08 10:56:36,188 | INFO | data_pipeline | [ADF] 'high' — NON-STATIONARY  (p=0.8825, stat=-0.5469)
2026-04-08 10:56:36,614 | INFO | data_pipeline | [ADF] 'low' — NON-STATIONARY  (p=0.8585, stat=-0.6534)
2026-04-08 10:56:37,064 | INFO | data_pipeline | [ADF] 'close' — NON-STATIONARY  (p=0.8754, stat=-0.5800)
2026-04-08 10:56:38,062 | INFO | data_pipeline | [ADF] 'BB_UPPER' — NON-STATIONARY  (p=0.9126, stat=-0.3850)
2026-04-08 10:56:38,652 | INFO | data_pipeline | [ADF] 'BB_MIDDLE' — NON-STATIONARY  (p=0.9121, stat=-0.3877)
2026-04-08 10:56:39,261 | INFO | data_pipeline | [ADF] 'BB_LOWER' — NON-STATIONARY  (p=0.8719, stat=-0.5961)
2026-04-08 10:56:39,834 | INFO | data_pipeline | [ADF] 'DEMA_14' — NON-STATIONARY  (p=0.8243, stat=-0.7821)
2026-04-08 10:56:40,417 | INFO | data_pipeline | [ADF] 'EMA_14' — NON-STATIONARY  (p=0.8837, stat=-0.5413)
2026-04-08 10:56:40,981 | INFO | data_pipeline | [ADF] 'HT_TRENDLINE' — NON-STATIONARY  (p=0.8997, stat=-0.4592)
2026-04-08 10:56:41,589 | INFO | data_pipeline | [ADF] 'KAMA_14' — NON-STATIONARY  (p=0.9003, stat=-0.4561)
2026-04-08 10:56:42,261 | INFO | data_pipeline | [ADF] 'MA_14' — NON-STATIONARY  (p=0.8865, stat=-0.5274)
2026-04-08 10:56:42,898 | INFO | data_pipeline | [ADF] 'MIDPOINT_14' — NON-STATIONARY  (p=0.8730, stat=-0.5908)
2026-04-08 10:56:43,492 | INFO | data_pipeline | [ADF] 'MIDPRICE_14' — NON-STATIONARY  (p=0.8624, stat=-0.6371)
2026-04-08 10:56:44,087 | INFO | data_pipeline | [ADF] 'SAR' — NON-STATIONARY  (p=0.8587, stat=-0.6524)
2026-04-08 10:56:45,264 | INFO | data_pipeline | [ADF] 'SMA_14' — NON-STATIONARY  (p=0.8865, stat=-0.5274)
2026-04-08 10:56:45,879 | INFO | data_pipeline | [ADF] 'T3_14' — NON-STATIONARY  (p=0.8759, stat=-0.5777)
2026-04-08 10:56:46,477 | INFO | data_pipeline | [ADF] 'TEMA_14' — NON-STATIONARY  (p=0.9008, stat=-0.4532)
2026-04-08 10:56:47,081 | INFO | data_pipeline | [ADF] 'TRIMA_14' — NON-STATIONARY  (p=0.8454, stat=-0.7050)
2026-04-08 10:56:47,659 | INFO | data_pipeline | [ADF] 'WMA_14' — NON-STATIONARY  (p=0.8953, stat=-0.4829)
2026-04-08 10:56:59,523 | INFO | data_pipeline | [ADF] 'AD' — NON-STATIONARY  (p=0.3670, stat=-1.8272)
2026-04-08 10:57:00,754 | INFO | data_pipeline | [ADF] 'OBV' — NON-STATIONARY  (p=0.9834, stat=0.4524)
2026-04-08 10:57:03,270 | INFO | data_pipeline | [ADF] 'AVGPRICE' — NON-STATIONARY  (p=0.8793, stat=-0.5623)
2026-04-08 10:57:03,860 | INFO | data_pipeline | [ADF] 'MEDPRICE' — NON-STATIONARY  (p=0.8680, stat=-0.6132)
2026-04-08 10:57:04,470 | INFO | data_pipeline | [ADF] 'TYPPRICE' — NON-STATIONARY  (p=0.8720, stat=-0.5955)
2026-04-08 10:57:05,045 | INFO | data_pipeline | [ADF] 'WCLPRICE' — NON-STATIONARY  (p=0.8716, stat=-0.5974)
2026-04-08 10:57:09,893 | INFO | data_pipeline | [ADF] 'LINEARREG_14' — NON-STATIONARY  (p=0.8692, stat=-0.6081)
2026-04-08 10:57:11,101 | INFO | data_pipeline | [ADF] 'LINEARREG_INTERCEPT_14' — NON-STATIONARY  (p=0.8633, stat=-0.6331)
2026-04-08 10:57:12,990 | INFO | data_pipeline | [ADF] 'TSF_14' — NON-STATIONARY  (p=0.8673, stat=-0.6161)
2026-04-08 10:57:13,609 | INFO | data_pipeline | [ADF] Tested 65 column(s): 36 stationary, 29 non-stationary.
2026-04-08 10:57:13,609 | INFO | data_pipeline | [make_stationary] Differencing 29 non-stationary column(s)…
2026-04-08 10:57:14,223 | INFO | data_pipeline | [make_stationary] 'open' became stationary after 1 diff(s)  (p=0.0000).
2026-04-08 10:57:14,820 | INFO | data_pipeline | [make_stationary] 'high' became stationary after 1 diff(s)  (p=0.0000).
2026-04-08 10:57:15,431 | INFO | data_pipeline | [make_stationary] 'low' became stationary after 1 diff(s)  (p=0.0000).
2026-04-08 10:57:16,060 | INFO | data_pipeline | [make_stationary] 'close' became stationary after 1 diff(s)  (p=0.0000).
2026-04-08 10:57:16,682 | INFO | data_pipeline | [make_stationary] 'BB_UPPER' became stationary after 1 diff(s)  (p=0.0000).
2026-04-08 10:57:17,309 | INFO | data_pipeline | [make_stationary] 'BB_MIDDLE' became stationary after 1 diff(s)  (p=0.0000).
2026-04-08 10:57:17,995 | INFO | data_pipeline | [make_stationary] 'BB_LOWER' became stationary after 1 diff(s)  (p=0.0000).
2026-04-08 10:57:18,593 | INFO | data_pipeline | [make_stationary] 'DEMA_14' became stationary after 1 diff(s)  (p=0.0000).
2026-04-08 10:57:19,203 | INFO | data_pipeline | [make_stationary] 'EMA_14' became stationary after 1 diff(s)  (p=0.0000).
2026-04-08 10:57:19,805 | INFO | data_pipeline | [make_stationary] 'HT_TRENDLINE' became stationary after 1 diff(s)  (p=0.0000).
2026-04-08 10:57:20,390 | INFO | data_pipeline | [make_stationary] 'KAMA_14' became stationary after 1 diff(s)  (p=0.0000).
2026-04-08 10:57:21,023 | INFO | data_pipeline | [make_stationary] 'MA_14' became stationary after 1 diff(s)  (p=0.0000).
2026-04-08 10:57:21,625 | INFO | data_pipeline | [make_stationary] 'MIDPOINT_14' became stationary after 1 diff(s)  (p=0.0000).
2026-04-08 10:57:22,245 | INFO | data_pipeline | [make_stationary] 'MIDPRICE_14' became stationary after 1 diff(s)  (p=0.0000).
2026-04-08 10:57:22,894 | INFO | data_pipeline | [make_stationary] 'SAR' became stationary after 1 diff(s)  (p=0.0000).
2026-04-08 10:57:23,495 | INFO | data_pipeline | [make_stationary] 'SMA_14' became stationary after 1 diff(s)  (p=0.0000).
2026-04-08 10:57:24,118 | INFO | data_pipeline | [make_stationary] 'T3_14' became stationary after 1 diff(s)  (p=0.0000).
2026-04-08 10:57:24,720 | INFO | data_pipeline | [make_stationary] 'TEMA_14' became stationary after 1 diff(s)  (p=0.0000).
2026-04-08 10:57:25,320 | INFO | data_pipeline | [make_stationary] 'TRIMA_14' became stationary after 1 diff(s)  (p=0.0000).
2026-04-08 10:57:25,897 | INFO | data_pipeline | [make_stationary] 'WMA_14' became stationary after 1 diff(s)  (p=0.0000).
2026-04-08 10:57:26,506 | INFO | data_pipeline | [make_stationary] 'AD' became stationary after 1 diff(s)  (p=0.0000).
2026-04-08 10:57:27,059 | INFO | data_pipeline | [make_stationary] 'OBV' became stationary after 1 diff(s)  (p=0.0000).
2026-04-08 10:57:27,638 | INFO | data_pipeline | [make_stationary] 'AVGPRICE' became stationary after 1 diff(s)  (p=0.0000).
2026-04-08 10:57:28,213 | INFO | data_pipeline | [make_stationary] 'MEDPRICE' became stationary after 1 diff(s)  (p=0.0000).
2026-04-08 10:57:28,796 | INFO | data_pipeline | [make_stationary] 'TYPPRICE' became stationary after 1 diff(s)  (p=0.0000).
2026-04-08 10:57:29,410 | INFO | data_pipeline | [make_stationary] 'WCLPRICE' became stationary after 1 diff(s)  (p=0.0000).
2026-04-08 10:57:30,050 | INFO | data_pipeline | [make_stationary] 'LINEARREG_14' became stationary after 1 diff(s)  (p=0.0000).
2026-04-08 10:57:30,680 | INFO | data_pipeline | [make_stationary] 'LINEARREG_INTERCEPT_14' became stationary after 1 diff(s)  (p=0.0000).
2026-04-08 10:57:31,309 | INFO | data_pipeline | [make_stationary] 'TSF_14' became stationary after 1 diff(s)  (p=0.0000).
2026-04-08 10:57:31,327 | INFO | data_pipeline | [make_stationary] Shape after differencing & dropna: (8697, 89)
2026-04-08 10:57:31,327 | INFO | data_pipeline | Differencing summary: open=1d, high=1d, low=1d, close=1d, BB_UPPER=1d, BB_MIDDLE=1d, BB_LOWER=1d, DEMA_14=1d, EMA_14=1d, HT_TRENDLINE=1d, KAMA_14=1d, MA_14=1d, MIDPOINT_14=1d, MIDPRICE_14=1d, SAR=1d, SMA_14=1d, T3_14=1d, TEMA_14=1d, TRIMA_14=1d, WMA_14=1d, AD=1d, OBV=1d, AVGPRICE=1d, MEDPRICE=1d, TYPPRICE=1d, WCLPRICE=1d, LINEARREG_14=1d, LINEARREG_INTERCEPT_14=1d, TSF_14=1d
2026-04-08 10:57:31,330 | INFO | data_pipeline | train_ratio=0.7 → split at row 6087/8697 → split_date='2025-12-11 07:00:00' (70% train / 30% test)
2026-04-08 10:57:31,347 | INFO | data_pipeline | Classification target created — shape: (8697, 87), class counts:
{-1: 6516, 1: 2165, 0: 16}
2026-04-08 11:06:55,587 | INFO | data_pipeline | Classification target created — shape: (8697, 87), class counts:
{-1: 6516, 1: 2165, 0: 16}
2026-04-08 11:14:54,476 | INFO | data_pipeline | Classification target created — shape: (8697, 87), class counts:
{-1: 6516, 1: 2165, 0: 16}
2026-04-08 12:40:24,996 | INFO | data_pipeline | Classification target created — shape: (8697, 87), class counts:
{-1: 6516, 1: 2165, 0: 16}
2026-04-08 12:48:42,326 | INFO | data_pipeline | Regression target created — shape: (8683, 87)
2026-04-08 13:00:09,616 | INFO | data_pipeline | Regression target created — shape: (8683, 87)
2026-04-08 13:09:16,072 | INFO | data_pipeline | Regression target created — shape: (8683, 87)
2026-04-08 14:18:08,575 | INFO | data_pipeline | Regression target created — shape: (8683, 87)
2026-04-08 15:19:18,562 | INFO | data_pipeline | Fetching data: schema=data_binance, table=btc_1m, start=2025-03-29, end=2026-03-30
2026-04-08 15:19:33,436 | INFO | data_pipeline | Fetched 527,041 rows for btc.
2026-04-08 15:19:33,438 | INFO | data_pipeline | Resampling to 1h…
2026-04-08 15:19:33,939 | INFO | data_pipeline | Resampled shape: (8785, 6)
2026-04-08 15:19:33,939 | INFO | data_pipeline | Generating 71 indicator(s)…
2026-04-08 15:19:34,032 | INFO | data_pipeline | Feature shape after generation: (8785, 89)
2026-04-08 15:19:34,032 | INFO | data_pipeline | Running ADF stationarity tests…
2026-04-08 15:19:34,606 | INFO | data_pipeline | [ADF] 'open' — NON-STATIONARY  (p=0.8767, stat=-0.5740)
2026-04-08 15:19:35,033 | INFO | data_pipeline | [ADF] 'high' — NON-STATIONARY  (p=0.8825, stat=-0.5469)
2026-04-08 15:19:35,473 | INFO | data_pipeline | [ADF] 'low' — NON-STATIONARY  (p=0.8585, stat=-0.6534)
2026-04-08 15:19:35,899 | INFO | data_pipeline | [ADF] 'close' — NON-STATIONARY  (p=0.8754, stat=-0.5800)
2026-04-08 15:19:36,869 | INFO | data_pipeline | [ADF] 'BB_UPPER' — NON-STATIONARY  (p=0.9126, stat=-0.3850)
2026-04-08 15:19:37,484 | INFO | data_pipeline | [ADF] 'BB_MIDDLE' — NON-STATIONARY  (p=0.9121, stat=-0.3877)
2026-04-08 15:19:38,114 | INFO | data_pipeline | [ADF] 'BB_LOWER' — NON-STATIONARY  (p=0.8719, stat=-0.5961)
2026-04-08 15:19:38,717 | INFO | data_pipeline | [ADF] 'DEMA_14' — NON-STATIONARY  (p=0.8243, stat=-0.7821)
2026-04-08 15:19:39,300 | INFO | data_pipeline | [ADF] 'EMA_14' — NON-STATIONARY  (p=0.8837, stat=-0.5413)
2026-04-08 15:19:39,911 | INFO | data_pipeline | [ADF] 'HT_TRENDLINE' — NON-STATIONARY  (p=0.8997, stat=-0.4592)
2026-04-08 15:19:40,499 | INFO | data_pipeline | [ADF] 'KAMA_14' — NON-STATIONARY  (p=0.9003, stat=-0.4561)
2026-04-08 15:19:41,121 | INFO | data_pipeline | [ADF] 'MA_14' — NON-STATIONARY  (p=0.8865, stat=-0.5274)
2026-04-08 15:19:41,732 | INFO | data_pipeline | [ADF] 'MIDPOINT_14' — NON-STATIONARY  (p=0.8730, stat=-0.5908)
2026-04-08 15:19:42,345 | INFO | data_pipeline | [ADF] 'MIDPRICE_14' — NON-STATIONARY  (p=0.8624, stat=-0.6371)
2026-04-08 15:19:42,986 | INFO | data_pipeline | [ADF] 'SAR' — NON-STATIONARY  (p=0.8587, stat=-0.6524)
2026-04-08 15:19:44,270 | INFO | data_pipeline | [ADF] 'SMA_14' — NON-STATIONARY  (p=0.8865, stat=-0.5274)
2026-04-08 15:19:44,885 | INFO | data_pipeline | [ADF] 'T3_14' — NON-STATIONARY  (p=0.8759, stat=-0.5777)
2026-04-08 15:19:45,513 | INFO | data_pipeline | [ADF] 'TEMA_14' — NON-STATIONARY  (p=0.9008, stat=-0.4532)
2026-04-08 15:19:46,129 | INFO | data_pipeline | [ADF] 'TRIMA_14' — NON-STATIONARY  (p=0.8454, stat=-0.7050)
2026-04-08 15:19:46,722 | INFO | data_pipeline | [ADF] 'WMA_14' — NON-STATIONARY  (p=0.8953, stat=-0.4829)
2026-04-08 15:19:58,538 | INFO | data_pipeline | [ADF] 'AD' — NON-STATIONARY  (p=0.3670, stat=-1.8272)
2026-04-08 15:19:59,822 | INFO | data_pipeline | [ADF] 'OBV' — NON-STATIONARY  (p=0.9834, stat=0.4524)
2026-04-08 15:20:02,400 | INFO | data_pipeline | [ADF] 'AVGPRICE' — NON-STATIONARY  (p=0.8793, stat=-0.5623)
2026-04-08 15:20:03,053 | INFO | data_pipeline | [ADF] 'MEDPRICE' — NON-STATIONARY  (p=0.8680, stat=-0.6132)
2026-04-08 15:20:03,669 | INFO | data_pipeline | [ADF] 'TYPPRICE' — NON-STATIONARY  (p=0.8720, stat=-0.5955)
2026-04-08 15:20:04,285 | INFO | data_pipeline | [ADF] 'WCLPRICE' — NON-STATIONARY  (p=0.8716, stat=-0.5974)
2026-04-08 15:20:09,236 | INFO | data_pipeline | [ADF] 'LINEARREG_14' — NON-STATIONARY  (p=0.8692, stat=-0.6081)
2026-04-08 15:20:10,549 | INFO | data_pipeline | [ADF] 'LINEARREG_INTERCEPT_14' — NON-STATIONARY  (p=0.8633, stat=-0.6331)
2026-04-08 15:20:12,431 | INFO | data_pipeline | [ADF] 'TSF_14' — NON-STATIONARY  (p=0.8673, stat=-0.6161)
2026-04-08 15:20:13,022 | INFO | data_pipeline | [ADF] Tested 65 column(s): 36 stationary, 29 non-stationary.
2026-04-08 15:20:13,022 | INFO | data_pipeline | [make_stationary] Differencing 29 non-stationary column(s)…
2026-04-08 15:20:13,700 | INFO | data_pipeline | [make_stationary] 'open' became stationary after 1 diff(s)  (p=0.0000).
2026-04-08 15:20:14,264 | INFO | data_pipeline | [make_stationary] 'high' became stationary after 1 diff(s)  (p=0.0000).
2026-04-08 15:20:14,866 | INFO | data_pipeline | [make_stationary] 'low' became stationary after 1 diff(s)  (p=0.0000).
2026-04-08 15:20:15,473 | INFO | data_pipeline | [make_stationary] 'close' became stationary after 1 diff(s)  (p=0.0000).
2026-04-08 15:20:16,104 | INFO | data_pipeline | [make_stationary] 'BB_UPPER' became stationary after 1 diff(s)  (p=0.0000).
2026-04-08 15:20:16,772 | INFO | data_pipeline | [make_stationary] 'BB_MIDDLE' became stationary after 1 diff(s)  (p=0.0000).
2026-04-08 15:20:17,391 | INFO | data_pipeline | [make_stationary] 'BB_LOWER' became stationary after 1 diff(s)  (p=0.0000).
2026-04-08 15:20:18,034 | INFO | data_pipeline | [make_stationary] 'DEMA_14' became stationary after 1 diff(s)  (p=0.0000).
2026-04-08 15:20:18,645 | INFO | data_pipeline | [make_stationary] 'EMA_14' became stationary after 1 diff(s)  (p=0.0000).
2026-04-08 15:20:19,275 | INFO | data_pipeline | [make_stationary] 'HT_TRENDLINE' became stationary after 1 diff(s)  (p=0.0000).
2026-04-08 15:20:19,904 | INFO | data_pipeline | [make_stationary] 'KAMA_14' became stationary after 1 diff(s)  (p=0.0000).
2026-04-08 15:20:20,545 | INFO | data_pipeline | [make_stationary] 'MA_14' became stationary after 1 diff(s)  (p=0.0000).
2026-04-08 15:20:21,196 | INFO | data_pipeline | [make_stationary] 'MIDPOINT_14' became stationary after 1 diff(s)  (p=0.0000).
2026-04-08 15:20:21,823 | INFO | data_pipeline | [make_stationary] 'MIDPRICE_14' became stationary after 1 diff(s)  (p=0.0000).
2026-04-08 15:20:22,491 | INFO | data_pipeline | [make_stationary] 'SAR' became stationary after 1 diff(s)  (p=0.0000).
2026-04-08 15:20:23,159 | INFO | data_pipeline | [make_stationary] 'SMA_14' became stationary after 1 diff(s)  (p=0.0000).
2026-04-08 15:20:23,770 | INFO | data_pipeline | [make_stationary] 'T3_14' became stationary after 1 diff(s)  (p=0.0000).
2026-04-08 15:20:24,408 | INFO | data_pipeline | [make_stationary] 'TEMA_14' became stationary after 1 diff(s)  (p=0.0000).
2026-04-08 15:20:25,045 | INFO | data_pipeline | [make_stationary] 'TRIMA_14' became stationary after 1 diff(s)  (p=0.0000).
2026-04-08 15:20:25,676 | INFO | data_pipeline | [make_stationary] 'WMA_14' became stationary after 1 diff(s)  (p=0.0000).
2026-04-08 15:20:26,306 | INFO | data_pipeline | [make_stationary] 'AD' became stationary after 1 diff(s)  (p=0.0000).
2026-04-08 15:20:26,907 | INFO | data_pipeline | [make_stationary] 'OBV' became stationary after 1 diff(s)  (p=0.0000).
2026-04-08 15:20:27,506 | INFO | data_pipeline | [make_stationary] 'AVGPRICE' became stationary after 1 diff(s)  (p=0.0000).
2026-04-08 15:20:28,112 | INFO | data_pipeline | [make_stationary] 'MEDPRICE' became stationary after 1 diff(s)  (p=0.0000).
2026-04-08 15:20:28,722 | INFO | data_pipeline | [make_stationary] 'TYPPRICE' became stationary after 1 diff(s)  (p=0.0000).
2026-04-08 15:20:29,305 | INFO | data_pipeline | [make_stationary] 'WCLPRICE' became stationary after 1 diff(s)  (p=0.0000).
2026-04-08 15:20:30,044 | INFO | data_pipeline | [make_stationary] 'LINEARREG_14' became stationary after 1 diff(s)  (p=0.0000).
2026-04-08 15:20:30,669 | INFO | data_pipeline | [make_stationary] 'LINEARREG_INTERCEPT_14' became stationary after 1 diff(s)  (p=0.0000).
2026-04-08 15:20:31,305 | INFO | data_pipeline | [make_stationary] 'TSF_14' became stationary after 1 diff(s)  (p=0.0000).
2026-04-08 15:20:31,327 | INFO | data_pipeline | [make_stationary] Shape after differencing & dropna: (8697, 89)
2026-04-08 15:20:31,327 | INFO | data_pipeline | Differencing summary: open=1d, high=1d, low=1d, close=1d, BB_UPPER=1d, BB_MIDDLE=1d, BB_LOWER=1d, DEMA_14=1d, EMA_14=1d, HT_TRENDLINE=1d, KAMA_14=1d, MA_14=1d, MIDPOINT_14=1d, MIDPRICE_14=1d, SAR=1d, SMA_14=1d, T3_14=1d, TEMA_14=1d, TRIMA_14=1d, WMA_14=1d, AD=1d, OBV=1d, AVGPRICE=1d, MEDPRICE=1d, TYPPRICE=1d, WCLPRICE=1d, LINEARREG_14=1d, LINEARREG_INTERCEPT_14=1d, TSF_14=1d
2026-04-08 15:20:31,345 | INFO | data_pipeline | train_ratio=0.7 → split at row 6087/8697 → split_date='2025-12-11 07:00:00' (70% train / 30% test)
2026-04-08 15:20:31,359 | INFO | data_pipeline | Classification target created — shape: (8697, 87), class counts:
{-1: 6516, 1: 2165, 0: 16}
2026-04-08 15:20:34,750 | INFO | data_pipeline | Classification target created — shape: (8697, 87), class counts:
{-1: 6516, 1: 2165, 0: 16}
2026-04-08 15:20:34,911 | INFO | data_pipeline | Classification target created — shape: (8697, 87), class counts:
{-1: 6516, 1: 2165, 0: 16}
2026-04-08 15:20:35,119 | INFO | data_pipeline | Classification target created — shape: (8697, 87), class counts:
{-1: 6516, 1: 2165, 0: 16}
2026-04-08 15:20:35,280 | INFO | data_pipeline | Regression target created — shape: (8683, 87)
2026-04-08 15:20:35,459 | INFO | data_pipeline | Regression target created — shape: (8683, 87)
2026-04-08 15:20:35,646 | INFO | data_pipeline | Regression target created — shape: (8683, 87)
2026-04-08 15:20:35,811 | INFO | data_pipeline | Regression target created — shape: (8683, 87)
2026-04-08 15:25:09,145 | INFO | data_pipeline | Fetching data: schema=data_binance, table=btc_1m, start=2025-03-29, end=2026-03-30
2026-04-08 15:25:24,993 | INFO | data_pipeline | Fetched 527,041 rows for btc.
2026-04-08 15:25:24,993 | INFO | data_pipeline | Resampling to 1h…
2026-04-08 15:25:25,258 | INFO | data_pipeline | Resampled shape: (8785, 6)
2026-04-08 15:25:25,258 | INFO | data_pipeline | Generating 71 indicator(s)…
2026-04-08 15:25:25,310 | INFO | data_pipeline | Feature shape after generation: (8785, 89)
2026-04-08 15:25:25,311 | INFO | data_pipeline | Running ADF stationarity tests…
2026-04-08 15:25:26,204 | INFO | data_pipeline | [ADF] 'open' — NON-STATIONARY  (p=0.8767, stat=-0.5740)
2026-04-08 15:25:27,134 | INFO | data_pipeline | [ADF] 'high' — NON-STATIONARY  (p=0.8825, stat=-0.5469)
2026-04-08 15:25:27,791 | INFO | data_pipeline | [ADF] 'low' — NON-STATIONARY  (p=0.8585, stat=-0.6534)
2026-04-08 15:25:28,610 | INFO | data_pipeline | [ADF] 'close' — NON-STATIONARY  (p=0.8754, stat=-0.5800)
2026-04-08 15:25:30,316 | INFO | data_pipeline | [ADF] 'BB_UPPER' — NON-STATIONARY  (p=0.9126, stat=-0.3850)
2026-04-08 15:25:31,225 | INFO | data_pipeline | [ADF] 'BB_MIDDLE' — NON-STATIONARY  (p=0.9121, stat=-0.3877)
2026-04-08 15:25:32,155 | INFO | data_pipeline | [ADF] 'BB_LOWER' — NON-STATIONARY  (p=0.8719, stat=-0.5961)
2026-04-08 15:25:32,954 | INFO | data_pipeline | [ADF] 'DEMA_14' — NON-STATIONARY  (p=0.8243, stat=-0.7821)
2026-04-08 15:25:33,755 | INFO | data_pipeline | [ADF] 'EMA_14' — NON-STATIONARY  (p=0.8837, stat=-0.5413)
2026-04-08 15:25:34,487 | INFO | data_pipeline | [ADF] 'HT_TRENDLINE' — NON-STATIONARY  (p=0.8997, stat=-0.4592)
2026-04-08 15:25:35,254 | INFO | data_pipeline | [ADF] 'KAMA_14' — NON-STATIONARY  (p=0.9003, stat=-0.4561)
2026-04-08 15:25:36,164 | INFO | data_pipeline | [ADF] 'MA_14' — NON-STATIONARY  (p=0.8865, stat=-0.5274)
2026-04-08 15:25:37,212 | INFO | data_pipeline | [ADF] 'MIDPOINT_14' — NON-STATIONARY  (p=0.8730, stat=-0.5908)
2026-04-08 15:25:38,053 | INFO | data_pipeline | [ADF] 'MIDPRICE_14' — NON-STATIONARY  (p=0.8624, stat=-0.6371)
2026-04-08 15:25:38,968 | INFO | data_pipeline | [ADF] 'SAR' — NON-STATIONARY  (p=0.8587, stat=-0.6524)
2026-04-08 15:25:40,664 | INFO | data_pipeline | [ADF] 'SMA_14' — NON-STATIONARY  (p=0.8865, stat=-0.5274)
2026-04-08 15:25:41,484 | INFO | data_pipeline | [ADF] 'T3_14' — NON-STATIONARY  (p=0.8759, stat=-0.5777)
2026-04-08 15:25:42,387 | INFO | data_pipeline | [ADF] 'TEMA_14' — NON-STATIONARY  (p=0.9008, stat=-0.4532)
2026-04-08 15:25:43,266 | INFO | data_pipeline | [ADF] 'TRIMA_14' — NON-STATIONARY  (p=0.8454, stat=-0.7050)
2026-04-08 15:25:44,099 | INFO | data_pipeline | [ADF] 'WMA_14' — NON-STATIONARY  (p=0.8953, stat=-0.4829)
2026-04-08 15:26:00,439 | INFO | data_pipeline | [ADF] 'AD' — NON-STATIONARY  (p=0.3670, stat=-1.8272)
2026-04-08 15:26:02,116 | INFO | data_pipeline | [ADF] 'OBV' — NON-STATIONARY  (p=0.9834, stat=0.4524)
2026-04-08 15:26:05,584 | INFO | data_pipeline | [ADF] 'AVGPRICE' — NON-STATIONARY  (p=0.8793, stat=-0.5623)
2026-04-08 15:26:06,403 | INFO | data_pipeline | [ADF] 'MEDPRICE' — NON-STATIONARY  (p=0.8680, stat=-0.6132)
2026-04-08 15:26:07,275 | INFO | data_pipeline | [ADF] 'TYPPRICE' — NON-STATIONARY  (p=0.8720, stat=-0.5955)
2026-04-08 15:26:08,136 | INFO | data_pipeline | [ADF] 'WCLPRICE' — NON-STATIONARY  (p=0.8716, stat=-0.5974)
2026-04-08 15:26:15,052 | INFO | data_pipeline | [ADF] 'LINEARREG_14' — NON-STATIONARY  (p=0.8692, stat=-0.6081)
2026-04-08 15:26:16,831 | INFO | data_pipeline | [ADF] 'LINEARREG_INTERCEPT_14' — NON-STATIONARY  (p=0.8633, stat=-0.6331)
2026-04-08 15:26:19,595 | INFO | data_pipeline | [ADF] 'TSF_14' — NON-STATIONARY  (p=0.8673, stat=-0.6161)
2026-04-08 15:26:20,695 | INFO | data_pipeline | [ADF] Tested 65 column(s): 36 stationary, 29 non-stationary.
2026-04-08 15:26:20,695 | INFO | data_pipeline | [make_stationary] Differencing 29 non-stationary column(s)…
2026-04-08 15:26:21,586 | INFO | data_pipeline | [make_stationary] 'open' became stationary after 1 diff(s)  (p=0.0000).
2026-04-08 15:26:22,493 | INFO | data_pipeline | [make_stationary] 'high' became stationary after 1 diff(s)  (p=0.0000).
2026-04-08 15:26:23,361 | INFO | data_pipeline | [make_stationary] 'low' became stationary after 1 diff(s)  (p=0.0000).
2026-04-08 15:26:24,226 | INFO | data_pipeline | [make_stationary] 'close' became stationary after 1 diff(s)  (p=0.0000).
2026-04-08 15:26:25,160 | INFO | data_pipeline | [make_stationary] 'BB_UPPER' became stationary after 1 diff(s)  (p=0.0000).
2026-04-08 15:26:26,099 | INFO | data_pipeline | [make_stationary] 'BB_MIDDLE' became stationary after 1 diff(s)  (p=0.0000).
2026-04-08 15:26:27,057 | INFO | data_pipeline | [make_stationary] 'BB_LOWER' became stationary after 1 diff(s)  (p=0.0000).
2026-04-08 15:26:28,025 | INFO | data_pipeline | [make_stationary] 'DEMA_14' became stationary after 1 diff(s)  (p=0.0000).
2026-04-08 15:26:29,031 | INFO | data_pipeline | [make_stationary] 'EMA_14' became stationary after 1 diff(s)  (p=0.0000).
2026-04-08 15:26:30,099 | INFO | data_pipeline | [make_stationary] 'HT_TRENDLINE' became stationary after 1 diff(s)  (p=0.0000).
2026-04-08 15:26:31,093 | INFO | data_pipeline | [make_stationary] 'KAMA_14' became stationary after 1 diff(s)  (p=0.0000).
2026-04-08 15:26:32,123 | INFO | data_pipeline | [make_stationary] 'MA_14' became stationary after 1 diff(s)  (p=0.0000).
2026-04-08 15:26:33,175 | INFO | data_pipeline | [make_stationary] 'MIDPOINT_14' became stationary after 1 diff(s)  (p=0.0000).
2026-04-08 15:26:34,188 | INFO | data_pipeline | [make_stationary] 'MIDPRICE_14' became stationary after 1 diff(s)  (p=0.0000).
2026-04-08 15:26:35,221 | INFO | data_pipeline | [make_stationary] 'SAR' became stationary after 1 diff(s)  (p=0.0000).
2026-04-08 15:26:36,257 | INFO | data_pipeline | [make_stationary] 'SMA_14' became stationary after 1 diff(s)  (p=0.0000).
2026-04-08 15:26:37,269 | INFO | data_pipeline | [make_stationary] 'T3_14' became stationary after 1 diff(s)  (p=0.0000).
2026-04-08 15:26:38,402 | INFO | data_pipeline | [make_stationary] 'TEMA_14' became stationary after 1 diff(s)  (p=0.0000).
2026-04-08 15:26:39,488 | INFO | data_pipeline | [make_stationary] 'TRIMA_14' became stationary after 1 diff(s)  (p=0.0000).
2026-04-08 15:26:40,493 | INFO | data_pipeline | [make_stationary] 'WMA_14' became stationary after 1 diff(s)  (p=0.0000).
2026-04-08 15:26:41,503 | INFO | data_pipeline | [make_stationary] 'AD' became stationary after 1 diff(s)  (p=0.0000).
2026-04-08 15:26:42,602 | INFO | data_pipeline | [make_stationary] 'OBV' became stationary after 1 diff(s)  (p=0.0000).
2026-04-08 15:26:43,599 | INFO | data_pipeline | [make_stationary] 'AVGPRICE' became stationary after 1 diff(s)  (p=0.0000).
2026-04-08 15:26:44,552 | INFO | data_pipeline | [make_stationary] 'MEDPRICE' became stationary after 1 diff(s)  (p=0.0000).
2026-04-08 15:26:45,570 | INFO | data_pipeline | [make_stationary] 'TYPPRICE' became stationary after 1 diff(s)  (p=0.0000).
2026-04-08 15:26:46,586 | INFO | data_pipeline | [make_stationary] 'WCLPRICE' became stationary after 1 diff(s)  (p=0.0000).
2026-04-08 15:26:47,647 | INFO | data_pipeline | [make_stationary] 'LINEARREG_14' became stationary after 1 diff(s)  (p=0.0000).
2026-04-08 15:26:48,680 | INFO | data_pipeline | [make_stationary] 'LINEARREG_INTERCEPT_14' became stationary after 1 diff(s)  (p=0.0000).
2026-04-08 15:26:49,727 | INFO | data_pipeline | [make_stationary] 'TSF_14' became stationary after 1 diff(s)  (p=0.0000).
2026-04-08 15:26:49,754 | INFO | data_pipeline | [make_stationary] Shape after differencing & dropna: (8697, 89)
2026-04-08 15:26:49,754 | INFO | data_pipeline | Differencing summary: open=1d, high=1d, low=1d, close=1d, BB_UPPER=1d, BB_MIDDLE=1d, BB_LOWER=1d, DEMA_14=1d, EMA_14=1d, HT_TRENDLINE=1d, KAMA_14=1d, MA_14=1d, MIDPOINT_14=1d, MIDPRICE_14=1d, SAR=1d, SMA_14=1d, T3_14=1d, TEMA_14=1d, TRIMA_14=1d, WMA_14=1d, AD=1d, OBV=1d, AVGPRICE=1d, MEDPRICE=1d, TYPPRICE=1d, WCLPRICE=1d, LINEARREG_14=1d, LINEARREG_INTERCEPT_14=1d, TSF_14=1d
2026-04-08 15:26:49,775 | INFO | data_pipeline | train_ratio=0.7 → split at row 6087/8697 → split_date='2025-12-11 07:00:00' (70% train / 30% test)
2026-04-08 15:26:49,800 | INFO | data_pipeline | Classification target created — shape: (8697, 87), class counts:
{-1: 6516, 1: 2165, 0: 16}
2026-04-08 15:38:14,792 | INFO | data_pipeline | Classification target created — shape: (8697, 87), class counts:
{-1: 6516, 1: 2165, 0: 16}
2026-04-08 15:55:38,046 | INFO | data_pipeline | Classification target created — shape: (8697, 87), class counts:
{-1: 6516, 1: 2165, 0: 16}
2026-04-08 16:36:19,654 | INFO | data_pipeline | Classification target created — shape: (8697, 87), class counts:
{-1: 6516, 1: 2165, 0: 16}
2026-04-08 16:46:29,411 | INFO | data_pipeline | Regression target created — shape: (8683, 87)
2026-04-08 16:58:59,108 | INFO | data_pipeline | Regression target created — shape: (8683, 87)
2026-04-08 17:22:31,875 | INFO | data_pipeline | Regression target created — shape: (8683, 87)
2026-04-08 17:51:05,116 | INFO | data_pipeline | Regression target created — shape: (8683, 87)
2026-04-09 09:35:46,994 | INFO | data_pipeline | Fetching data: schema=data_binance, table=btc_1m, start=2025-03-29, end=2026-03-30
2026-04-09 09:36:05,579 | INFO | data_pipeline | Fetched 527,041 rows for btc.
2026-04-09 09:36:05,579 | INFO | data_pipeline | Resampling to 1h…
2026-04-09 09:36:05,851 | INFO | data_pipeline | Resampled shape: (8785, 6)
2026-04-09 09:36:05,851 | INFO | data_pipeline | Generating 71 indicator(s)…
2026-04-09 09:36:05,933 | INFO | data_pipeline | Feature shape after generation: (8785, 89)
2026-04-09 09:36:05,933 | INFO | data_pipeline | Running ADF stationarity tests…
2026-04-09 09:36:06,612 | INFO | data_pipeline | [ADF] 'open' — NON-STATIONARY  (p=0.8767, stat=-0.5740)
2026-04-09 09:36:07,220 | INFO | data_pipeline | [ADF] 'high' — NON-STATIONARY  (p=0.8825, stat=-0.5469)
2026-04-09 09:36:08,018 | INFO | data_pipeline | [ADF] 'low' — NON-STATIONARY  (p=0.8585, stat=-0.6534)
2026-04-09 09:36:08,773 | INFO | data_pipeline | [ADF] 'close' — NON-STATIONARY  (p=0.8754, stat=-0.5800)
2026-04-09 09:36:10,260 | INFO | data_pipeline | [ADF] 'BB_UPPER' — NON-STATIONARY  (p=0.9126, stat=-0.3850)
2026-04-09 09:36:10,967 | INFO | data_pipeline | [ADF] 'BB_MIDDLE' — NON-STATIONARY  (p=0.9121, stat=-0.3877)
2026-04-09 09:36:11,687 | INFO | data_pipeline | [ADF] 'BB_LOWER' — NON-STATIONARY  (p=0.8719, stat=-0.5961)
2026-04-09 09:36:12,396 | INFO | data_pipeline | [ADF] 'DEMA_14' — NON-STATIONARY  (p=0.8243, stat=-0.7821)
2026-04-09 09:36:13,008 | INFO | data_pipeline | [ADF] 'EMA_14' — NON-STATIONARY  (p=0.8837, stat=-0.5413)
2026-04-09 09:36:13,593 | INFO | data_pipeline | [ADF] 'HT_TRENDLINE' — NON-STATIONARY  (p=0.8997, stat=-0.4592)
2026-04-09 09:36:14,257 | INFO | data_pipeline | [ADF] 'KAMA_14' — NON-STATIONARY  (p=0.9003, stat=-0.4561)
2026-04-09 09:36:14,865 | INFO | data_pipeline | [ADF] 'MA_14' — NON-STATIONARY  (p=0.8865, stat=-0.5274)
2026-04-09 09:36:15,474 | INFO | data_pipeline | [ADF] 'MIDPOINT_14' — NON-STATIONARY  (p=0.8730, stat=-0.5908)
2026-04-09 09:36:16,087 | INFO | data_pipeline | [ADF] 'MIDPRICE_14' — NON-STATIONARY  (p=0.8624, stat=-0.6371)
2026-04-09 09:36:16,685 | INFO | data_pipeline | [ADF] 'SAR' — NON-STATIONARY  (p=0.8587, stat=-0.6524)
2026-04-09 09:36:18,055 | INFO | data_pipeline | [ADF] 'SMA_14' — NON-STATIONARY  (p=0.8865, stat=-0.5274)
2026-04-09 09:36:18,713 | INFO | data_pipeline | [ADF] 'T3_14' — NON-STATIONARY  (p=0.8759, stat=-0.5777)
2026-04-09 09:36:19,399 | INFO | data_pipeline | [ADF] 'TEMA_14' — NON-STATIONARY  (p=0.9008, stat=-0.4532)
2026-04-09 09:36:20,050 | INFO | data_pipeline | [ADF] 'TRIMA_14' — NON-STATIONARY  (p=0.8454, stat=-0.7050)
2026-04-09 09:36:20,685 | INFO | data_pipeline | [ADF] 'WMA_14' — NON-STATIONARY  (p=0.8953, stat=-0.4829)
2026-04-09 09:36:32,968 | INFO | data_pipeline | [ADF] 'AD' — NON-STATIONARY  (p=0.3670, stat=-1.8272)
2026-04-09 09:36:34,250 | INFO | data_pipeline | [ADF] 'OBV' — NON-STATIONARY  (p=0.9834, stat=0.4524)
2026-04-09 09:36:36,779 | INFO | data_pipeline | [ADF] 'AVGPRICE' — NON-STATIONARY  (p=0.8793, stat=-0.5623)
2026-04-09 09:36:37,383 | INFO | data_pipeline | [ADF] 'MEDPRICE' — NON-STATIONARY  (p=0.8680, stat=-0.6132)
2026-04-09 09:36:37,995 | INFO | data_pipeline | [ADF] 'TYPPRICE' — NON-STATIONARY  (p=0.8720, stat=-0.5955)
2026-04-09 09:36:38,594 | INFO | data_pipeline | [ADF] 'WCLPRICE' — NON-STATIONARY  (p=0.8716, stat=-0.5974)
2026-04-09 09:36:43,357 | INFO | data_pipeline | [ADF] 'LINEARREG_14' — NON-STATIONARY  (p=0.8692, stat=-0.6081)
2026-04-09 09:36:44,633 | INFO | data_pipeline | [ADF] 'LINEARREG_INTERCEPT_14' — NON-STATIONARY  (p=0.8633, stat=-0.6331)
2026-04-09 09:36:46,508 | INFO | data_pipeline | [ADF] 'TSF_14' — NON-STATIONARY  (p=0.8673, stat=-0.6161)
2026-04-09 09:36:47,116 | INFO | data_pipeline | [ADF] Tested 65 column(s): 36 stationary, 29 non-stationary.
2026-04-09 09:36:47,127 | INFO | data_pipeline | [make_stationary] Differencing 29 non-stationary column(s)…
2026-04-09 09:36:47,746 | INFO | data_pipeline | [make_stationary] 'open' became stationary after 1 diff(s)  (p=0.0000).
2026-04-09 09:36:48,342 | INFO | data_pipeline | [make_stationary] 'high' became stationary after 1 diff(s)  (p=0.0000).
2026-04-09 09:36:48,959 | INFO | data_pipeline | [make_stationary] 'low' became stationary after 1 diff(s)  (p=0.0000).
2026-04-09 09:36:49,561 | INFO | data_pipeline | [make_stationary] 'close' became stationary after 1 diff(s)  (p=0.0000).
2026-04-09 09:36:50,171 | INFO | data_pipeline | [make_stationary] 'BB_UPPER' became stationary after 1 diff(s)  (p=0.0000).
2026-04-09 09:36:50,810 | INFO | data_pipeline | [make_stationary] 'BB_MIDDLE' became stationary after 1 diff(s)  (p=0.0000).
2026-04-09 09:36:51,410 | INFO | data_pipeline | [make_stationary] 'BB_LOWER' became stationary after 1 diff(s)  (p=0.0000).
2026-04-09 09:36:52,011 | INFO | data_pipeline | [make_stationary] 'DEMA_14' became stationary after 1 diff(s)  (p=0.0000).
2026-04-09 09:36:52,628 | INFO | data_pipeline | [make_stationary] 'EMA_14' became stationary after 1 diff(s)  (p=0.0000).
2026-04-09 09:36:53,220 | INFO | data_pipeline | [make_stationary] 'HT_TRENDLINE' became stationary after 1 diff(s)  (p=0.0000).
2026-04-09 09:36:53,816 | INFO | data_pipeline | [make_stationary] 'KAMA_14' became stationary after 1 diff(s)  (p=0.0000).
2026-04-09 09:36:54,457 | INFO | data_pipeline | [make_stationary] 'MA_14' became stationary after 1 diff(s)  (p=0.0000).
2026-04-09 09:36:55,077 | INFO | data_pipeline | [make_stationary] 'MIDPOINT_14' became stationary after 1 diff(s)  (p=0.0000).
2026-04-09 09:36:55,721 | INFO | data_pipeline | [make_stationary] 'MIDPRICE_14' became stationary after 1 diff(s)  (p=0.0000).
2026-04-09 09:36:56,337 | INFO | data_pipeline | [make_stationary] 'SAR' became stationary after 1 diff(s)  (p=0.0000).
2026-04-09 09:36:56,960 | INFO | data_pipeline | [make_stationary] 'SMA_14' became stationary after 1 diff(s)  (p=0.0000).
2026-04-09 09:36:57,554 | INFO | data_pipeline | [make_stationary] 'T3_14' became stationary after 1 diff(s)  (p=0.0000).
2026-04-09 09:36:58,164 | INFO | data_pipeline | [make_stationary] 'TEMA_14' became stationary after 1 diff(s)  (p=0.0000).
2026-04-09 09:36:58,803 | INFO | data_pipeline | [make_stationary] 'TRIMA_14' became stationary after 1 diff(s)  (p=0.0000).
2026-04-09 09:36:59,424 | INFO | data_pipeline | [make_stationary] 'WMA_14' became stationary after 1 diff(s)  (p=0.0000).
2026-04-09 09:37:00,065 | INFO | data_pipeline | [make_stationary] 'AD' became stationary after 1 diff(s)  (p=0.0000).
2026-04-09 09:37:00,672 | INFO | data_pipeline | [make_stationary] 'OBV' became stationary after 1 diff(s)  (p=0.0000).
2026-04-09 09:37:01,288 | INFO | data_pipeline | [make_stationary] 'AVGPRICE' became stationary after 1 diff(s)  (p=0.0000).
2026-04-09 09:37:01,885 | INFO | data_pipeline | [make_stationary] 'MEDPRICE' became stationary after 1 diff(s)  (p=0.0000).
2026-04-09 09:37:02,479 | INFO | data_pipeline | [make_stationary] 'TYPPRICE' became stationary after 1 diff(s)  (p=0.0000).
2026-04-09 09:37:03,071 | INFO | data_pipeline | [make_stationary] 'WCLPRICE' became stationary after 1 diff(s)  (p=0.0000).
2026-04-09 09:37:03,750 | INFO | data_pipeline | [make_stationary] 'LINEARREG_14' became stationary after 1 diff(s)  (p=0.0000).
2026-04-09 09:37:04,375 | INFO | data_pipeline | [make_stationary] 'LINEARREG_INTERCEPT_14' became stationary after 1 diff(s)  (p=0.0000).
2026-04-09 09:37:04,997 | INFO | data_pipeline | [make_stationary] 'TSF_14' became stationary after 1 diff(s)  (p=0.0000).
2026-04-09 09:37:05,004 | INFO | data_pipeline | [make_stationary] Shape after differencing & dropna: (8697, 89)
2026-04-09 09:37:05,004 | INFO | data_pipeline | Differencing summary: open=1d, high=1d, low=1d, close=1d, BB_UPPER=1d, BB_MIDDLE=1d, BB_LOWER=1d, DEMA_14=1d, EMA_14=1d, HT_TRENDLINE=1d, KAMA_14=1d, MA_14=1d, MIDPOINT_14=1d, MIDPRICE_14=1d, SAR=1d, SMA_14=1d, T3_14=1d, TEMA_14=1d, TRIMA_14=1d, WMA_14=1d, AD=1d, OBV=1d, AVGPRICE=1d, MEDPRICE=1d, TYPPRICE=1d, WCLPRICE=1d, LINEARREG_14=1d, LINEARREG_INTERCEPT_14=1d, TSF_14=1d
2026-04-09 09:37:05,023 | INFO | data_pipeline | train_ratio=0.7 → split at row 6087/8697 → split_date='2025-12-11 07:00:00' (70% train / 30% test)
2026-04-09 09:37:05,044 | INFO | data_pipeline | Classification target created — shape: (8697, 87), class counts:
{-1: 6516, 1: 2165, 0: 16}
2026-04-09 09:50:44,266 | INFO | data_pipeline | Classification target created — shape: (8697, 87), class counts:
{-1: 6516, 1: 2165, 0: 16}
2026-04-09 10:07:54,611 | INFO | data_pipeline | Classification target created — shape: (8697, 87), class counts:
{-1: 6516, 1: 2165, 0: 16}
2026-04-09 10:35:31,269 | INFO | data_pipeline | Fetching data: schema=data_binance, table=btc_1m, start=2025-03-29, end=2026-03-30
2026-04-09 10:35:44,392 | INFO | data_pipeline | Fetched 527,041 rows for btc.
2026-04-09 10:35:44,392 | INFO | data_pipeline | Resampling to 1h…
2026-04-09 10:35:44,779 | INFO | data_pipeline | Resampled shape: (8785, 6)
2026-04-09 10:35:44,779 | INFO | data_pipeline | Generating 71 indicator(s)…
2026-04-09 10:35:44,863 | INFO | data_pipeline | Feature shape after generation: (8785, 89)
2026-04-09 10:35:44,863 | INFO | data_pipeline | Running ADF stationarity tests…
2026-04-09 10:35:45,424 | INFO | data_pipeline | [ADF] 'open' — NON-STATIONARY  (p=0.8767, stat=-0.5740)
2026-04-09 10:35:45,869 | INFO | data_pipeline | [ADF] 'high' — NON-STATIONARY  (p=0.8825, stat=-0.5469)
2026-04-09 10:35:46,300 | INFO | data_pipeline | [ADF] 'low' — NON-STATIONARY  (p=0.8585, stat=-0.6534)
2026-04-09 10:35:46,749 | INFO | data_pipeline | [ADF] 'close' — NON-STATIONARY  (p=0.8754, stat=-0.5800)
2026-04-09 10:35:47,748 | INFO | data_pipeline | [ADF] 'BB_UPPER' — NON-STATIONARY  (p=0.9126, stat=-0.3850)
2026-04-09 10:35:48,333 | INFO | data_pipeline | [ADF] 'BB_MIDDLE' — NON-STATIONARY  (p=0.9121, stat=-0.3877)
2026-04-09 10:35:48,921 | INFO | data_pipeline | [ADF] 'BB_LOWER' — NON-STATIONARY  (p=0.8719, stat=-0.5961)
2026-04-09 10:35:49,481 | INFO | data_pipeline | [ADF] 'DEMA_14' — NON-STATIONARY  (p=0.8243, stat=-0.7821)
2026-04-09 10:35:50,063 | INFO | data_pipeline | [ADF] 'EMA_14' — NON-STATIONARY  (p=0.8837, stat=-0.5413)
2026-04-09 10:35:50,749 | INFO | data_pipeline | [ADF] 'HT_TRENDLINE' — NON-STATIONARY  (p=0.8997, stat=-0.4592)
2026-04-09 10:35:51,331 | INFO | data_pipeline | [ADF] 'KAMA_14' — NON-STATIONARY  (p=0.9003, stat=-0.4561)
2026-04-09 10:35:51,930 | INFO | data_pipeline | [ADF] 'MA_14' — NON-STATIONARY  (p=0.8865, stat=-0.5274)
2026-04-09 10:35:52,511 | INFO | data_pipeline | [ADF] 'MIDPOINT_14' — NON-STATIONARY  (p=0.8730, stat=-0.5908)
2026-04-09 10:35:53,097 | INFO | data_pipeline | [ADF] 'MIDPRICE_14' — NON-STATIONARY  (p=0.8624, stat=-0.6371)
2026-04-09 10:35:53,663 | INFO | data_pipeline | [ADF] 'SAR' — NON-STATIONARY  (p=0.8587, stat=-0.6524)
2026-04-09 10:35:54,823 | INFO | data_pipeline | [ADF] 'SMA_14' — NON-STATIONARY  (p=0.8865, stat=-0.5274)
2026-04-09 10:35:55,399 | INFO | data_pipeline | [ADF] 'T3_14' — NON-STATIONARY  (p=0.8759, stat=-0.5777)
2026-04-09 10:35:56,007 | INFO | data_pipeline | [ADF] 'TEMA_14' — NON-STATIONARY  (p=0.9008, stat=-0.4532)
2026-04-09 10:35:56,596 | INFO | data_pipeline | [ADF] 'TRIMA_14' — NON-STATIONARY  (p=0.8454, stat=-0.7050)
2026-04-09 10:35:57,166 | INFO | data_pipeline | [ADF] 'WMA_14' — NON-STATIONARY  (p=0.8953, stat=-0.4829)
2026-04-09 10:36:09,785 | INFO | data_pipeline | [ADF] 'AD' — NON-STATIONARY  (p=0.3670, stat=-1.8272)
2026-04-09 10:36:11,062 | INFO | data_pipeline | [ADF] 'OBV' — NON-STATIONARY  (p=0.9834, stat=0.4524)
2026-04-09 10:36:13,442 | INFO | data_pipeline | [ADF] 'AVGPRICE' — NON-STATIONARY  (p=0.8793, stat=-0.5623)
2026-04-09 10:36:14,054 | INFO | data_pipeline | [ADF] 'MEDPRICE' — NON-STATIONARY  (p=0.8680, stat=-0.6132)
2026-04-09 10:36:14,652 | INFO | data_pipeline | [ADF] 'TYPPRICE' — NON-STATIONARY  (p=0.8720, stat=-0.5955)
2026-04-09 10:36:15,212 | INFO | data_pipeline | [ADF] 'WCLPRICE' — NON-STATIONARY  (p=0.8716, stat=-0.5974)
2026-04-09 10:36:19,649 | INFO | data_pipeline | [ADF] 'LINEARREG_14' — NON-STATIONARY  (p=0.8692, stat=-0.6081)
2026-04-09 10:36:20,762 | INFO | data_pipeline | [ADF] 'LINEARREG_INTERCEPT_14' — NON-STATIONARY  (p=0.8633, stat=-0.6331)
2026-04-09 10:36:22,552 | INFO | data_pipeline | [ADF] 'TSF_14' — NON-STATIONARY  (p=0.8673, stat=-0.6161)
2026-04-09 10:36:23,124 | INFO | data_pipeline | [ADF] Tested 65 column(s): 36 stationary, 29 non-stationary.
2026-04-09 10:36:23,133 | INFO | data_pipeline | [make_stationary] Differencing 29 non-stationary column(s)…
2026-04-09 10:36:23,788 | INFO | data_pipeline | [make_stationary] 'open' became stationary after 1 diff(s)  (p=0.0000).
2026-04-09 10:36:24,334 | INFO | data_pipeline | [make_stationary] 'high' became stationary after 1 diff(s)  (p=0.0000).
2026-04-09 10:36:24,876 | INFO | data_pipeline | [make_stationary] 'low' became stationary after 1 diff(s)  (p=0.0000).
2026-04-09 10:36:25,441 | INFO | data_pipeline | [make_stationary] 'close' became stationary after 1 diff(s)  (p=0.0000).
2026-04-09 10:36:26,047 | INFO | data_pipeline | [make_stationary] 'BB_UPPER' became stationary after 1 diff(s)  (p=0.0000).
2026-04-09 10:36:26,651 | INFO | data_pipeline | [make_stationary] 'BB_MIDDLE' became stationary after 1 diff(s)  (p=0.0000).
2026-04-09 10:36:27,242 | INFO | data_pipeline | [make_stationary] 'BB_LOWER' became stationary after 1 diff(s)  (p=0.0000).
2026-04-09 10:36:27,784 | INFO | data_pipeline | [make_stationary] 'DEMA_14' became stationary after 1 diff(s)  (p=0.0000).
2026-04-09 10:36:28,318 | INFO | data_pipeline | [make_stationary] 'EMA_14' became stationary after 1 diff(s)  (p=0.0000).
2026-04-09 10:36:28,873 | INFO | data_pipeline | [make_stationary] 'HT_TRENDLINE' became stationary after 1 diff(s)  (p=0.0000).
2026-04-09 10:36:29,419 | INFO | data_pipeline | [make_stationary] 'KAMA_14' became stationary after 1 diff(s)  (p=0.0000).
2026-04-09 10:36:29,982 | INFO | data_pipeline | [make_stationary] 'MA_14' became stationary after 1 diff(s)  (p=0.0000).
2026-04-09 10:36:30,537 | INFO | data_pipeline | [make_stationary] 'MIDPOINT_14' became stationary after 1 diff(s)  (p=0.0000).
2026-04-09 10:36:31,109 | INFO | data_pipeline | [make_stationary] 'MIDPRICE_14' became stationary after 1 diff(s)  (p=0.0000).
2026-04-09 10:36:31,675 | INFO | data_pipeline | [make_stationary] 'SAR' became stationary after 1 diff(s)  (p=0.0000).
2026-04-09 10:36:32,227 | INFO | data_pipeline | [make_stationary] 'SMA_14' became stationary after 1 diff(s)  (p=0.0000).
2026-04-09 10:36:32,758 | INFO | data_pipeline | [make_stationary] 'T3_14' became stationary after 1 diff(s)  (p=0.0000).
2026-04-09 10:36:33,320 | INFO | data_pipeline | [make_stationary] 'TEMA_14' became stationary after 1 diff(s)  (p=0.0000).
2026-04-09 10:36:33,890 | INFO | data_pipeline | [make_stationary] 'TRIMA_14' became stationary after 1 diff(s)  (p=0.0000).
2026-04-09 10:36:34,439 | INFO | data_pipeline | [make_stationary] 'WMA_14' became stationary after 1 diff(s)  (p=0.0000).
2026-04-09 10:36:35,006 | INFO | data_pipeline | [make_stationary] 'AD' became stationary after 1 diff(s)  (p=0.0000).
2026-04-09 10:36:35,555 | INFO | data_pipeline | [make_stationary] 'OBV' became stationary after 1 diff(s)  (p=0.0000).
2026-04-09 10:36:36,117 | INFO | data_pipeline | [make_stationary] 'AVGPRICE' became stationary after 1 diff(s)  (p=0.0000).
2026-04-09 10:36:36,662 | INFO | data_pipeline | [make_stationary] 'MEDPRICE' became stationary after 1 diff(s)  (p=0.0000).
2026-04-09 10:36:37,203 | INFO | data_pipeline | [make_stationary] 'TYPPRICE' became stationary after 1 diff(s)  (p=0.0000).
2026-04-09 10:36:37,741 | INFO | data_pipeline | [make_stationary] 'WCLPRICE' became stationary after 1 diff(s)  (p=0.0000).
2026-04-09 10:36:38,305 | INFO | data_pipeline | [make_stationary] 'LINEARREG_14' became stationary after 1 diff(s)  (p=0.0000).
2026-04-09 10:36:38,874 | INFO | data_pipeline | [make_stationary] 'LINEARREG_INTERCEPT_14' became stationary after 1 diff(s)  (p=0.0000).
2026-04-09 10:36:39,452 | INFO | data_pipeline | [make_stationary] 'TSF_14' became stationary after 1 diff(s)  (p=0.0000).
2026-04-09 10:36:39,457 | INFO | data_pipeline | [make_stationary] Shape after differencing & dropna: (8697, 89)
2026-04-09 10:36:39,457 | INFO | data_pipeline | Differencing summary: open=1d, high=1d, low=1d, close=1d, BB_UPPER=1d, BB_MIDDLE=1d, BB_LOWER=1d, DEMA_14=1d, EMA_14=1d, HT_TRENDLINE=1d, KAMA_14=1d, MA_14=1d, MIDPOINT_14=1d, MIDPRICE_14=1d, SAR=1d, SMA_14=1d, T3_14=1d, TEMA_14=1d, TRIMA_14=1d, WMA_14=1d, AD=1d, OBV=1d, AVGPRICE=1d, MEDPRICE=1d, TYPPRICE=1d, WCLPRICE=1d, LINEARREG_14=1d, LINEARREG_INTERCEPT_14=1d, TSF_14=1d
2026-04-09 10:36:39,513 | INFO | data_pipeline | train_ratio=0.7 → split at row 6087/8697 → split_date='2025-12-11 07:00:00' (70% train / 30% test)
2026-04-09 10:36:39,549 | INFO | data_pipeline | Classification target created — shape: (8697, 87), class counts:
{-1: 6516, 1: 2165, 0: 16}
2026-04-09 11:11:02,623 | INFO | data_pipeline | Classification target created — shape: (8697, 87), class counts:
{-1: 6516, 1: 2165, 0: 16}
2026-04-09 12:01:05,456 | INFO | data_pipeline | Fetching data: schema=data_binance, table=btc_1m, start=2025-03-29, end=2026-03-30
2026-04-09 12:01:23,841 | INFO | data_pipeline | Fetched 527,041 rows for btc.
2026-04-09 12:01:23,841 | INFO | data_pipeline | Resampling to 1h…
2026-04-09 12:01:24,213 | INFO | data_pipeline | Resampled shape: (8785, 6)
2026-04-09 12:01:24,213 | INFO | data_pipeline | Generating 71 indicator(s)…
2026-04-09 12:01:24,352 | INFO | data_pipeline | Feature shape after generation: (8785, 89)
2026-04-09 12:01:24,354 | INFO | data_pipeline | Running ADF stationarity tests…
2026-04-09 12:01:24,952 | INFO | data_pipeline | [ADF] 'open' — NON-STATIONARY  (p=0.8767, stat=-0.5740)
2026-04-09 12:01:25,550 | INFO | data_pipeline | [ADF] 'high' — NON-STATIONARY  (p=0.8825, stat=-0.5469)
2026-04-09 12:01:25,984 | INFO | data_pipeline | [ADF] 'low' — NON-STATIONARY  (p=0.8585, stat=-0.6534)
2026-04-09 12:01:26,387 | INFO | data_pipeline | [ADF] 'close' — NON-STATIONARY  (p=0.8754, stat=-0.5800)
2026-04-09 12:01:27,211 | INFO | data_pipeline | [ADF] 'BB_UPPER' — NON-STATIONARY  (p=0.9126, stat=-0.3850)
2026-04-09 12:01:27,611 | INFO | data_pipeline | [ADF] 'BB_MIDDLE' — NON-STATIONARY  (p=0.9121, stat=-0.3877)
2026-04-09 12:01:28,000 | INFO | data_pipeline | [ADF] 'BB_LOWER' — NON-STATIONARY  (p=0.8719, stat=-0.5961)
2026-04-09 12:01:28,368 | INFO | data_pipeline | [ADF] 'DEMA_14' — NON-STATIONARY  (p=0.8243, stat=-0.7821)
2026-04-09 12:01:28,750 | INFO | data_pipeline | [ADF] 'EMA_14' — NON-STATIONARY  (p=0.8837, stat=-0.5413)
2026-04-09 12:01:29,119 | INFO | data_pipeline | [ADF] 'HT_TRENDLINE' — NON-STATIONARY  (p=0.8997, stat=-0.4592)
2026-04-09 12:01:29,519 | INFO | data_pipeline | [ADF] 'KAMA_14' — NON-STATIONARY  (p=0.9003, stat=-0.4561)
2026-04-09 12:01:29,984 | INFO | data_pipeline | [ADF] 'MA_14' — NON-STATIONARY  (p=0.8865, stat=-0.5274)
2026-04-09 12:01:30,389 | INFO | data_pipeline | [ADF] 'MIDPOINT_14' — NON-STATIONARY  (p=0.8730, stat=-0.5908)
2026-04-09 12:01:30,794 | INFO | data_pipeline | [ADF] 'MIDPRICE_14' — NON-STATIONARY  (p=0.8624, stat=-0.6371)
2026-04-09 12:01:31,197 | INFO | data_pipeline | [ADF] 'SAR' — NON-STATIONARY  (p=0.8587, stat=-0.6524)
2026-04-09 12:01:32,019 | INFO | data_pipeline | [ADF] 'SMA_14' — NON-STATIONARY  (p=0.8865, stat=-0.5274)
2026-04-09 12:01:32,415 | INFO | data_pipeline | [ADF] 'T3_14' — NON-STATIONARY  (p=0.8759, stat=-0.5777)
2026-04-09 12:01:32,820 | INFO | data_pipeline | [ADF] 'TEMA_14' — NON-STATIONARY  (p=0.9008, stat=-0.4532)
2026-04-09 12:01:33,249 | INFO | data_pipeline | [ADF] 'TRIMA_14' — NON-STATIONARY  (p=0.8454, stat=-0.7050)
2026-04-09 12:01:33,650 | INFO | data_pipeline | [ADF] 'WMA_14' — NON-STATIONARY  (p=0.8953, stat=-0.4829)
2026-04-09 12:01:42,558 | INFO | data_pipeline | [ADF] 'AD' — NON-STATIONARY  (p=0.3670, stat=-1.8272)
2026-04-09 12:01:43,637 | INFO | data_pipeline | [ADF] 'OBV' — NON-STATIONARY  (p=0.9834, stat=0.4524)
2026-04-09 12:01:45,815 | INFO | data_pipeline | [ADF] 'AVGPRICE' — NON-STATIONARY  (p=0.8793, stat=-0.5623)
2026-04-09 12:01:46,330 | INFO | data_pipeline | [ADF] 'MEDPRICE' — NON-STATIONARY  (p=0.8680, stat=-0.6132)
2026-04-09 12:01:46,848 | INFO | data_pipeline | [ADF] 'TYPPRICE' — NON-STATIONARY  (p=0.8720, stat=-0.5955)
2026-04-09 12:01:47,380 | INFO | data_pipeline | [ADF] 'WCLPRICE' — NON-STATIONARY  (p=0.8716, stat=-0.5974)
2026-04-09 12:01:51,559 | INFO | data_pipeline | [ADF] 'LINEARREG_14' — NON-STATIONARY  (p=0.8692, stat=-0.6081)
2026-04-09 12:01:52,630 | INFO | data_pipeline | [ADF] 'LINEARREG_INTERCEPT_14' — NON-STATIONARY  (p=0.8633, stat=-0.6331)
2026-04-09 12:01:54,269 | INFO | data_pipeline | [ADF] 'TSF_14' — NON-STATIONARY  (p=0.8673, stat=-0.6161)
2026-04-09 12:01:54,829 | INFO | data_pipeline | [ADF] Tested 65 column(s): 36 stationary, 29 non-stationary.
2026-04-09 12:01:54,831 | INFO | data_pipeline | [make_stationary] Differencing 29 non-stationary column(s)…
2026-04-09 12:01:55,363 | INFO | data_pipeline | [make_stationary] 'open' became stationary after 1 diff(s)  (p=0.0000).
2026-04-09 12:01:55,895 | INFO | data_pipeline | [make_stationary] 'high' became stationary after 1 diff(s)  (p=0.0000).
2026-04-09 12:01:56,428 | INFO | data_pipeline | [make_stationary] 'low' became stationary after 1 diff(s)  (p=0.0000).
2026-04-09 12:01:56,937 | INFO | data_pipeline | [make_stationary] 'close' became stationary after 1 diff(s)  (p=0.0000).
2026-04-09 12:01:57,494 | INFO | data_pipeline | [make_stationary] 'BB_UPPER' became stationary after 1 diff(s)  (p=0.0000).
2026-04-09 12:01:58,038 | INFO | data_pipeline | [make_stationary] 'BB_MIDDLE' became stationary after 1 diff(s)  (p=0.0000).
2026-04-09 12:01:58,553 | INFO | data_pipeline | [make_stationary] 'BB_LOWER' became stationary after 1 diff(s)  (p=0.0000).
2026-04-09 12:01:59,065 | INFO | data_pipeline | [make_stationary] 'DEMA_14' became stationary after 1 diff(s)  (p=0.0000).
2026-04-09 12:01:59,607 | INFO | data_pipeline | [make_stationary] 'EMA_14' became stationary after 1 diff(s)  (p=0.0000).
2026-04-09 12:02:00,144 | INFO | data_pipeline | [make_stationary] 'HT_TRENDLINE' became stationary after 1 diff(s)  (p=0.0000).
2026-04-09 12:02:00,678 | INFO | data_pipeline | [make_stationary] 'KAMA_14' became stationary after 1 diff(s)  (p=0.0000).
2026-04-09 12:02:01,219 | INFO | data_pipeline | [make_stationary] 'MA_14' became stationary after 1 diff(s)  (p=0.0000).
2026-04-09 12:02:01,739 | INFO | data_pipeline | [make_stationary] 'MIDPOINT_14' became stationary after 1 diff(s)  (p=0.0000).
2026-04-09 12:02:02,292 | INFO | data_pipeline | [make_stationary] 'MIDPRICE_14' became stationary after 1 diff(s)  (p=0.0000).
2026-04-09 12:02:02,818 | INFO | data_pipeline | [make_stationary] 'SAR' became stationary after 1 diff(s)  (p=0.0000).
2026-04-09 12:02:03,369 | INFO | data_pipeline | [make_stationary] 'SMA_14' became stationary after 1 diff(s)  (p=0.0000).
2026-04-09 12:02:03,877 | INFO | data_pipeline | [make_stationary] 'T3_14' became stationary after 1 diff(s)  (p=0.0000).
2026-04-09 12:02:04,413 | INFO | data_pipeline | [make_stationary] 'TEMA_14' became stationary after 1 diff(s)  (p=0.0000).
2026-04-09 12:02:04,941 | INFO | data_pipeline | [make_stationary] 'TRIMA_14' became stationary after 1 diff(s)  (p=0.0000).
2026-04-09 12:02:05,482 | INFO | data_pipeline | [make_stationary] 'WMA_14' became stationary after 1 diff(s)  (p=0.0000).
2026-04-09 12:02:06,023 | INFO | data_pipeline | [make_stationary] 'AD' became stationary after 1 diff(s)  (p=0.0000).
2026-04-09 12:02:06,534 | INFO | data_pipeline | [make_stationary] 'OBV' became stationary after 1 diff(s)  (p=0.0000).
2026-04-09 12:02:07,047 | INFO | data_pipeline | [make_stationary] 'AVGPRICE' became stationary after 1 diff(s)  (p=0.0000).
2026-04-09 12:02:07,595 | INFO | data_pipeline | [make_stationary] 'MEDPRICE' became stationary after 1 diff(s)  (p=0.0000).
2026-04-09 12:02:08,100 | INFO | data_pipeline | [make_stationary] 'TYPPRICE' became stationary after 1 diff(s)  (p=0.0000).
2026-04-09 12:02:08,618 | INFO | data_pipeline | [make_stationary] 'WCLPRICE' became stationary after 1 diff(s)  (p=0.0000).
2026-04-09 12:02:09,181 | INFO | data_pipeline | [make_stationary] 'LINEARREG_14' became stationary after 1 diff(s)  (p=0.0000).
2026-04-09 12:02:09,704 | INFO | data_pipeline | [make_stationary] 'LINEARREG_INTERCEPT_14' became stationary after 1 diff(s)  (p=0.0000).
2026-04-09 12:02:10,265 | INFO | data_pipeline | [make_stationary] 'TSF_14' became stationary after 1 diff(s)  (p=0.0000).
2026-04-09 12:02:10,273 | INFO | data_pipeline | [make_stationary] Shape after differencing & dropna: (8697, 89)
2026-04-09 12:02:10,273 | INFO | data_pipeline | Differencing summary: open=1d, high=1d, low=1d, close=1d, BB_UPPER=1d, BB_MIDDLE=1d, BB_LOWER=1d, DEMA_14=1d, EMA_14=1d, HT_TRENDLINE=1d, KAMA_14=1d, MA_14=1d, MIDPOINT_14=1d, MIDPRICE_14=1d, SAR=1d, SMA_14=1d, T3_14=1d, TEMA_14=1d, TRIMA_14=1d, WMA_14=1d, AD=1d, OBV=1d, AVGPRICE=1d, MEDPRICE=1d, TYPPRICE=1d, WCLPRICE=1d, LINEARREG_14=1d, LINEARREG_INTERCEPT_14=1d, TSF_14=1d
2026-04-09 12:02:10,292 | INFO | data_pipeline | train_ratio=0.7 → split at row 6087/8697 → split_date='2025-12-11 07:00:00' (70% train / 30% test)
2026-04-09 12:02:10,305 | INFO | data_pipeline | Classification target created — shape: (8697, 87), class counts:
{-1: 6516, 1: 2165, 0: 16}
2026-04-09 12:21:04,562 | INFO | data_pipeline | Classification target created — shape: (8697, 87), class counts:
{-1: 6516, 1: 2165, 0: 16}
2026-04-09 12:47:08,007 | INFO | data_pipeline | Fetching data: schema=data_binance, table=btc_1m, start=2025-03-29, end=2026-03-30
2026-04-09 12:47:28,065 | INFO | data_pipeline | Fetched 527,041 rows for btc.
2026-04-09 12:47:28,065 | INFO | data_pipeline | Resampling to 1h…
2026-04-09 12:47:28,490 | INFO | data_pipeline | Resampled shape: (8785, 6)
2026-04-09 12:47:28,490 | INFO | data_pipeline | Generating 71 indicator(s)…
2026-04-09 12:47:28,574 | INFO | data_pipeline | Feature shape after generation: (8785, 89)
2026-04-09 12:47:28,574 | INFO | data_pipeline | Running ADF stationarity tests…
2026-04-09 12:47:29,107 | INFO | data_pipeline | [ADF] 'open' — NON-STATIONARY  (p=0.8767, stat=-0.5740)
2026-04-09 12:47:29,495 | INFO | data_pipeline | [ADF] 'high' — NON-STATIONARY  (p=0.8825, stat=-0.5469)
2026-04-09 12:47:29,856 | INFO | data_pipeline | [ADF] 'low' — NON-STATIONARY  (p=0.8585, stat=-0.6534)
2026-04-09 12:47:30,214 | INFO | data_pipeline | [ADF] 'close' — NON-STATIONARY  (p=0.8754, stat=-0.5800)
2026-04-09 12:47:30,972 | INFO | data_pipeline | [ADF] 'BB_UPPER' — NON-STATIONARY  (p=0.9126, stat=-0.3850)
2026-04-09 12:47:31,347 | INFO | data_pipeline | [ADF] 'BB_MIDDLE' — NON-STATIONARY  (p=0.9121, stat=-0.3877)
2026-04-09 12:47:31,718 | INFO | data_pipeline | [ADF] 'BB_LOWER' — NON-STATIONARY  (p=0.8719, stat=-0.5961)
2026-04-09 12:47:32,078 | INFO | data_pipeline | [ADF] 'DEMA_14' — NON-STATIONARY  (p=0.8243, stat=-0.7821)
2026-04-09 12:47:32,438 | INFO | data_pipeline | [ADF] 'EMA_14' — NON-STATIONARY  (p=0.8837, stat=-0.5413)
2026-04-09 12:47:32,806 | INFO | data_pipeline | [ADF] 'HT_TRENDLINE' — NON-STATIONARY  (p=0.8997, stat=-0.4592)
2026-04-09 12:47:33,177 | INFO | data_pipeline | [ADF] 'KAMA_14' — NON-STATIONARY  (p=0.9003, stat=-0.4561)
2026-04-09 12:47:33,566 | INFO | data_pipeline | [ADF] 'MA_14' — NON-STATIONARY  (p=0.8865, stat=-0.5274)
2026-04-09 12:47:33,941 | INFO | data_pipeline | [ADF] 'MIDPOINT_14' — NON-STATIONARY  (p=0.8730, stat=-0.5908)
2026-04-09 12:47:34,349 | INFO | data_pipeline | [ADF] 'MIDPRICE_14' — NON-STATIONARY  (p=0.8624, stat=-0.6371)
2026-04-09 12:47:34,807 | INFO | data_pipeline | [ADF] 'SAR' — NON-STATIONARY  (p=0.8587, stat=-0.6524)
2026-04-09 12:47:35,761 | INFO | data_pipeline | [ADF] 'SMA_14' — NON-STATIONARY  (p=0.8865, stat=-0.5274)
2026-04-09 12:47:36,208 | INFO | data_pipeline | [ADF] 'T3_14' — NON-STATIONARY  (p=0.8759, stat=-0.5777)
2026-04-09 12:47:36,670 | INFO | data_pipeline | [ADF] 'TEMA_14' — NON-STATIONARY  (p=0.9008, stat=-0.4532)
2026-04-09 12:47:37,134 | INFO | data_pipeline | [ADF] 'TRIMA_14' — NON-STATIONARY  (p=0.8454, stat=-0.7050)
2026-04-09 12:47:37,583 | INFO | data_pipeline | [ADF] 'WMA_14' — NON-STATIONARY  (p=0.8953, stat=-0.4829)
2026-04-09 12:47:47,127 | INFO | data_pipeline | [ADF] 'AD' — NON-STATIONARY  (p=0.3670, stat=-1.8272)
2026-04-09 12:47:48,076 | INFO | data_pipeline | [ADF] 'OBV' — NON-STATIONARY  (p=0.9834, stat=0.4524)
2026-04-09 12:47:50,038 | INFO | data_pipeline | [ADF] 'AVGPRICE' — NON-STATIONARY  (p=0.8793, stat=-0.5623)
2026-04-09 12:47:50,496 | INFO | data_pipeline | [ADF] 'MEDPRICE' — NON-STATIONARY  (p=0.8680, stat=-0.6132)
2026-04-09 12:47:51,002 | INFO | data_pipeline | [ADF] 'TYPPRICE' — NON-STATIONARY  (p=0.8720, stat=-0.5955)
2026-04-09 12:47:51,505 | INFO | data_pipeline | [ADF] 'WCLPRICE' — NON-STATIONARY  (p=0.8716, stat=-0.5974)
2026-04-09 12:47:55,595 | INFO | data_pipeline | [ADF] 'LINEARREG_14' — NON-STATIONARY  (p=0.8692, stat=-0.6081)
2026-04-09 12:47:56,620 | INFO | data_pipeline | [ADF] 'LINEARREG_INTERCEPT_14' — NON-STATIONARY  (p=0.8633, stat=-0.6331)
2026-04-09 12:47:58,195 | INFO | data_pipeline | [ADF] 'TSF_14' — NON-STATIONARY  (p=0.8673, stat=-0.6161)
2026-04-09 12:47:58,710 | INFO | data_pipeline | [ADF] Tested 65 column(s): 36 stationary, 29 non-stationary.
2026-04-09 12:47:58,712 | INFO | data_pipeline | [make_stationary] Differencing 29 non-stationary column(s)…
2026-04-09 12:47:59,220 | INFO | data_pipeline | [make_stationary] 'open' became stationary after 1 diff(s)  (p=0.0000).
2026-04-09 12:47:59,779 | INFO | data_pipeline | [make_stationary] 'high' became stationary after 1 diff(s)  (p=0.0000).
2026-04-09 12:48:00,291 | INFO | data_pipeline | [make_stationary] 'low' became stationary after 1 diff(s)  (p=0.0000).
2026-04-09 12:48:00,822 | INFO | data_pipeline | [make_stationary] 'close' became stationary after 1 diff(s)  (p=0.0000).
2026-04-09 12:48:01,348 | INFO | data_pipeline | [make_stationary] 'BB_UPPER' became stationary after 1 diff(s)  (p=0.0000).
2026-04-09 12:48:01,880 | INFO | data_pipeline | [make_stationary] 'BB_MIDDLE' became stationary after 1 diff(s)  (p=0.0000).
2026-04-09 12:48:02,409 | INFO | data_pipeline | [make_stationary] 'BB_LOWER' became stationary after 1 diff(s)  (p=0.0000).
2026-04-09 12:48:02,904 | INFO | data_pipeline | [make_stationary] 'DEMA_14' became stationary after 1 diff(s)  (p=0.0000).
2026-04-09 12:48:03,401 | INFO | data_pipeline | [make_stationary] 'EMA_14' became stationary after 1 diff(s)  (p=0.0000).
2026-04-09 12:48:03,910 | INFO | data_pipeline | [make_stationary] 'HT_TRENDLINE' became stationary after 1 diff(s)  (p=0.0000).
2026-04-09 12:48:04,413 | INFO | data_pipeline | [make_stationary] 'KAMA_14' became stationary after 1 diff(s)  (p=0.0000).
2026-04-09 12:48:04,938 | INFO | data_pipeline | [make_stationary] 'MA_14' became stationary after 1 diff(s)  (p=0.0000).
2026-04-09 12:48:05,464 | INFO | data_pipeline | [make_stationary] 'MIDPOINT_14' became stationary after 1 diff(s)  (p=0.0000).
2026-04-09 12:48:05,993 | INFO | data_pipeline | [make_stationary] 'MIDPRICE_14' became stationary after 1 diff(s)  (p=0.0000).
2026-04-09 12:48:06,510 | INFO | data_pipeline | [make_stationary] 'SAR' became stationary after 1 diff(s)  (p=0.0000).
2026-04-09 12:48:07,035 | INFO | data_pipeline | [make_stationary] 'SMA_14' became stationary after 1 diff(s)  (p=0.0000).
2026-04-09 12:48:07,528 | INFO | data_pipeline | [make_stationary] 'T3_14' became stationary after 1 diff(s)  (p=0.0000).
2026-04-09 12:48:08,052 | INFO | data_pipeline | [make_stationary] 'TEMA_14' became stationary after 1 diff(s)  (p=0.0000).
2026-04-09 12:48:08,577 | INFO | data_pipeline | [make_stationary] 'TRIMA_14' became stationary after 1 diff(s)  (p=0.0000).
2026-04-09 12:48:09,084 | INFO | data_pipeline | [make_stationary] 'WMA_14' became stationary after 1 diff(s)  (p=0.0000).
2026-04-09 12:48:09,614 | INFO | data_pipeline | [make_stationary] 'AD' became stationary after 1 diff(s)  (p=0.0000).
2026-04-09 12:48:10,100 | INFO | data_pipeline | [make_stationary] 'OBV' became stationary after 1 diff(s)  (p=0.0000).
2026-04-09 12:48:10,598 | INFO | data_pipeline | [make_stationary] 'AVGPRICE' became stationary after 1 diff(s)  (p=0.0000).
2026-04-09 12:48:11,103 | INFO | data_pipeline | [make_stationary] 'MEDPRICE' became stationary after 1 diff(s)  (p=0.0000).
2026-04-09 12:48:11,583 | INFO | data_pipeline | [make_stationary] 'TYPPRICE' became stationary after 1 diff(s)  (p=0.0000).
2026-04-09 12:48:12,116 | INFO | data_pipeline | [make_stationary] 'WCLPRICE' became stationary after 1 diff(s)  (p=0.0000).
2026-04-09 12:48:12,689 | INFO | data_pipeline | [make_stationary] 'LINEARREG_14' became stationary after 1 diff(s)  (p=0.0000).
2026-04-09 12:48:13,254 | INFO | data_pipeline | [make_stationary] 'LINEARREG_INTERCEPT_14' became stationary after 1 diff(s)  (p=0.0000).
2026-04-09 12:48:13,772 | INFO | data_pipeline | [make_stationary] 'TSF_14' became stationary after 1 diff(s)  (p=0.0000).
2026-04-09 12:48:13,800 | INFO | data_pipeline | [make_stationary] Shape after differencing & dropna: (8697, 89)
2026-04-09 12:48:13,800 | INFO | data_pipeline | Differencing summary: open=1d, high=1d, low=1d, close=1d, BB_UPPER=1d, BB_MIDDLE=1d, BB_LOWER=1d, DEMA_14=1d, EMA_14=1d, HT_TRENDLINE=1d, KAMA_14=1d, MA_14=1d, MIDPOINT_14=1d, MIDPRICE_14=1d, SAR=1d, SMA_14=1d, T3_14=1d, TEMA_14=1d, TRIMA_14=1d, WMA_14=1d, AD=1d, OBV=1d, AVGPRICE=1d, MEDPRICE=1d, TYPPRICE=1d, WCLPRICE=1d, LINEARREG_14=1d, LINEARREG_INTERCEPT_14=1d, TSF_14=1d
2026-04-09 12:48:13,800 | INFO | data_pipeline | train_ratio=0.7 → split at row 6087/8697 → split_date='2025-12-11 07:00:00' (70% train / 30% test)
2026-04-09 12:48:13,855 | INFO | data_pipeline | Classification target created — shape: (8697, 87), class counts:
{-1: 6516, 1: 2165, 0: 16}
2026-04-09 13:08:50,916 | INFO | data_pipeline | Fetching data: schema=data_binance, table=btc_1m, start=2025-03-29, end=2026-03-30
2026-04-09 13:09:15,507 | INFO | data_pipeline | Fetched 527,041 rows for btc.
2026-04-09 13:09:15,507 | INFO | data_pipeline | Resampling to 1h…
2026-04-09 13:09:16,091 | INFO | data_pipeline | Resampled shape: (8785, 6)
2026-04-09 13:09:16,091 | INFO | data_pipeline | Generating 71 indicator(s)…
2026-04-09 13:09:16,169 | INFO | data_pipeline | Feature shape after generation: (8785, 89)
2026-04-09 13:09:16,169 | INFO | data_pipeline | Running ADF stationarity tests…
2026-04-09 13:09:16,668 | INFO | data_pipeline | [ADF] 'open' — NON-STATIONARY  (p=0.8767, stat=-0.5740)
2026-04-09 13:09:17,044 | INFO | data_pipeline | [ADF] 'high' — NON-STATIONARY  (p=0.8825, stat=-0.5469)
2026-04-09 13:09:17,405 | INFO | data_pipeline | [ADF] 'low' — NON-STATIONARY  (p=0.8585, stat=-0.6534)
2026-04-09 13:09:17,787 | INFO | data_pipeline | [ADF] 'close' — NON-STATIONARY  (p=0.8754, stat=-0.5800)
2026-04-09 13:09:18,596 | INFO | data_pipeline | [ADF] 'BB_UPPER' — NON-STATIONARY  (p=0.9126, stat=-0.3850)
2026-04-09 13:09:18,999 | INFO | data_pipeline | [ADF] 'BB_MIDDLE' — NON-STATIONARY  (p=0.9121, stat=-0.3877)
2026-04-09 13:09:19,463 | INFO | data_pipeline | [ADF] 'BB_LOWER' — NON-STATIONARY  (p=0.8719, stat=-0.5961)
2026-04-09 13:09:19,862 | INFO | data_pipeline | [ADF] 'DEMA_14' — NON-STATIONARY  (p=0.8243, stat=-0.7821)
2026-04-09 13:09:20,238 | INFO | data_pipeline | [ADF] 'EMA_14' — NON-STATIONARY  (p=0.8837, stat=-0.5413)
2026-04-09 13:09:20,619 | INFO | data_pipeline | [ADF] 'HT_TRENDLINE' — NON-STATIONARY  (p=0.8997, stat=-0.4592)
2026-04-09 13:09:21,001 | INFO | data_pipeline | [ADF] 'KAMA_14' — NON-STATIONARY  (p=0.9003, stat=-0.4561)
2026-04-09 13:09:21,406 | INFO | data_pipeline | [ADF] 'MA_14' — NON-STATIONARY  (p=0.8865, stat=-0.5274)
2026-04-09 13:09:21,788 | INFO | data_pipeline | [ADF] 'MIDPOINT_14' — NON-STATIONARY  (p=0.8730, stat=-0.5908)
2026-04-09 13:09:22,176 | INFO | data_pipeline | [ADF] 'MIDPRICE_14' — NON-STATIONARY  (p=0.8624, stat=-0.6371)
2026-04-09 13:09:22,557 | INFO | data_pipeline | [ADF] 'SAR' — NON-STATIONARY  (p=0.8587, stat=-0.6524)
2026-04-09 13:09:23,344 | INFO | data_pipeline | [ADF] 'SMA_14' — NON-STATIONARY  (p=0.8865, stat=-0.5274)
2026-04-09 13:09:23,713 | INFO | data_pipeline | [ADF] 'T3_14' — NON-STATIONARY  (p=0.8759, stat=-0.5777)
2026-04-09 13:09:24,115 | INFO | data_pipeline | [ADF] 'TEMA_14' — NON-STATIONARY  (p=0.9008, stat=-0.4532)
2026-04-09 13:09:24,533 | INFO | data_pipeline | [ADF] 'TRIMA_14' — NON-STATIONARY  (p=0.8454, stat=-0.7050)
2026-04-09 13:09:24,951 | INFO | data_pipeline | [ADF] 'WMA_14' — NON-STATIONARY  (p=0.8953, stat=-0.4829)
2026-04-09 13:09:34,984 | INFO | data_pipeline | [ADF] 'AD' — NON-STATIONARY  (p=0.3670, stat=-1.8272)
2026-04-09 13:09:35,989 | INFO | data_pipeline | [ADF] 'OBV' — NON-STATIONARY  (p=0.9834, stat=0.4524)
2026-04-09 13:09:38,073 | INFO | data_pipeline | [ADF] 'AVGPRICE' — NON-STATIONARY  (p=0.8793, stat=-0.5623)
2026-04-09 13:09:38,569 | INFO | data_pipeline | [ADF] 'MEDPRICE' — NON-STATIONARY  (p=0.8680, stat=-0.6132)
2026-04-09 13:09:39,072 | INFO | data_pipeline | [ADF] 'TYPPRICE' — NON-STATIONARY  (p=0.8720, stat=-0.5955)
2026-04-09 13:09:39,584 | INFO | data_pipeline | [ADF] 'WCLPRICE' — NON-STATIONARY  (p=0.8716, stat=-0.5974)
2026-04-09 13:09:43,686 | INFO | data_pipeline | [ADF] 'LINEARREG_14' — NON-STATIONARY  (p=0.8692, stat=-0.6081)
2026-04-09 13:09:44,704 | INFO | data_pipeline | [ADF] 'LINEARREG_INTERCEPT_14' — NON-STATIONARY  (p=0.8633, stat=-0.6331)
2026-04-09 13:09:46,279 | INFO | data_pipeline | [ADF] 'TSF_14' — NON-STATIONARY  (p=0.8673, stat=-0.6161)
2026-04-09 13:09:46,783 | INFO | data_pipeline | [ADF] Tested 65 column(s): 36 stationary, 29 non-stationary.
2026-04-09 13:09:46,788 | INFO | data_pipeline | [make_stationary] Differencing 29 non-stationary column(s)…
2026-04-09 13:09:47,282 | INFO | data_pipeline | [make_stationary] 'open' became stationary after 1 diff(s)  (p=0.0000).
2026-04-09 13:09:47,775 | INFO | data_pipeline | [make_stationary] 'high' became stationary after 1 diff(s)  (p=0.0000).
2026-04-09 13:09:48,267 | INFO | data_pipeline | [make_stationary] 'low' became stationary after 1 diff(s)  (p=0.0000).
2026-04-09 13:09:48,757 | INFO | data_pipeline | [make_stationary] 'close' became stationary after 1 diff(s)  (p=0.0000).
2026-04-09 13:09:49,267 | INFO | data_pipeline | [make_stationary] 'BB_UPPER' became stationary after 1 diff(s)  (p=0.0000).
2026-04-09 13:09:49,793 | INFO | data_pipeline | [make_stationary] 'BB_MIDDLE' became stationary after 1 diff(s)  (p=0.0000).
2026-04-09 13:09:50,329 | INFO | data_pipeline | [make_stationary] 'BB_LOWER' became stationary after 1 diff(s)  (p=0.0000).
2026-04-09 13:09:50,824 | INFO | data_pipeline | [make_stationary] 'DEMA_14' became stationary after 1 diff(s)  (p=0.0000).
2026-04-09 13:09:51,319 | INFO | data_pipeline | [make_stationary] 'EMA_14' became stationary after 1 diff(s)  (p=0.0000).
2026-04-09 13:09:51,822 | INFO | data_pipeline | [make_stationary] 'HT_TRENDLINE' became stationary after 1 diff(s)  (p=0.0000).
2026-04-09 13:09:52,317 | INFO | data_pipeline | [make_stationary] 'KAMA_14' became stationary after 1 diff(s)  (p=0.0000).
2026-04-09 13:09:52,837 | INFO | data_pipeline | [make_stationary] 'MA_14' became stationary after 1 diff(s)  (p=0.0000).
2026-04-09 13:09:53,348 | INFO | data_pipeline | [make_stationary] 'MIDPOINT_14' became stationary after 1 diff(s)  (p=0.0000).
2026-04-09 13:09:53,856 | INFO | data_pipeline | [make_stationary] 'MIDPRICE_14' became stationary after 1 diff(s)  (p=0.0000).
2026-04-09 13:09:54,351 | INFO | data_pipeline | [make_stationary] 'SAR' became stationary after 1 diff(s)  (p=0.0000).
2026-04-09 13:09:54,896 | INFO | data_pipeline | [make_stationary] 'SMA_14' became stationary after 1 diff(s)  (p=0.0000).
2026-04-09 13:09:55,386 | INFO | data_pipeline | [make_stationary] 'T3_14' became stationary after 1 diff(s)  (p=0.0000).
2026-04-09 13:09:55,893 | INFO | data_pipeline | [make_stationary] 'TEMA_14' became stationary after 1 diff(s)  (p=0.0000).
2026-04-09 13:09:56,416 | INFO | data_pipeline | [make_stationary] 'TRIMA_14' became stationary after 1 diff(s)  (p=0.0000).
2026-04-09 13:09:56,912 | INFO | data_pipeline | [make_stationary] 'WMA_14' became stationary after 1 diff(s)  (p=0.0000).
2026-04-09 13:09:57,420 | INFO | data_pipeline | [make_stationary] 'AD' became stationary after 1 diff(s)  (p=0.0000).
2026-04-09 13:09:57,899 | INFO | data_pipeline | [make_stationary] 'OBV' became stationary after 1 diff(s)  (p=0.0000).
2026-04-09 13:09:58,391 | INFO | data_pipeline | [make_stationary] 'AVGPRICE' became stationary after 1 diff(s)  (p=0.0000).
2026-04-09 13:09:58,880 | INFO | data_pipeline | [make_stationary] 'MEDPRICE' became stationary after 1 diff(s)  (p=0.0000).
2026-04-09 13:09:59,375 | INFO | data_pipeline | [make_stationary] 'TYPPRICE' became stationary after 1 diff(s)  (p=0.0000).
2026-04-09 13:09:59,881 | INFO | data_pipeline | [make_stationary] 'WCLPRICE' became stationary after 1 diff(s)  (p=0.0000).
2026-04-09 13:10:00,403 | INFO | data_pipeline | [make_stationary] 'LINEARREG_14' became stationary after 1 diff(s)  (p=0.0000).
2026-04-09 13:10:00,916 | INFO | data_pipeline | [make_stationary] 'LINEARREG_INTERCEPT_14' became stationary after 1 diff(s)  (p=0.0000).
2026-04-09 13:10:01,426 | INFO | data_pipeline | [make_stationary] 'TSF_14' became stationary after 1 diff(s)  (p=0.0000).
2026-04-09 13:10:01,443 | INFO | data_pipeline | [make_stationary] Shape after differencing & dropna: (8697, 89)
2026-04-09 13:10:01,443 | INFO | data_pipeline | Differencing summary: open=1d, high=1d, low=1d, close=1d, BB_UPPER=1d, BB_MIDDLE=1d, BB_LOWER=1d, DEMA_14=1d, EMA_14=1d, HT_TRENDLINE=1d, KAMA_14=1d, MA_14=1d, MIDPOINT_14=1d, MIDPRICE_14=1d, SAR=1d, SMA_14=1d, T3_14=1d, TEMA_14=1d, TRIMA_14=1d, WMA_14=1d, AD=1d, OBV=1d, AVGPRICE=1d, MEDPRICE=1d, TYPPRICE=1d, WCLPRICE=1d, LINEARREG_14=1d, LINEARREG_INTERCEPT_14=1d, TSF_14=1d
2026-04-09 13:10:01,448 | INFO | data_pipeline | train_ratio=0.7 → split at row 6087/8697 → split_date='2025-12-11 07:00:00' (70% train / 30% test)
2026-04-09 13:10:01,467 | INFO | data_pipeline | Classification target created — shape: (8697, 87), class counts:
{-1: 6516, 1: 2165, 0: 16}
2026-04-09 13:12:46,383 | INFO | data_pipeline | Fetching data: schema=data_binance, table=btc_1m, start=2025-03-29, end=2026-03-30
2026-04-09 13:12:57,390 | INFO | data_pipeline | Fetched 527,041 rows for btc.
2026-04-09 13:12:57,390 | INFO | data_pipeline | Resampling to 1h…
2026-04-09 13:12:57,564 | INFO | data_pipeline | Resampled shape: (8785, 6)
2026-04-09 13:12:57,566 | INFO | data_pipeline | Generating 71 indicator(s)…
2026-04-09 13:12:57,600 | INFO | data_pipeline | Feature shape after generation: (8785, 89)
2026-04-09 13:12:57,600 | INFO | data_pipeline | Running ADF stationarity tests…
2026-04-09 13:12:58,132 | INFO | data_pipeline | [ADF] 'open' — NON-STATIONARY  (p=0.8767, stat=-0.5740)
2026-04-09 13:12:58,711 | INFO | data_pipeline | [ADF] 'high' — NON-STATIONARY  (p=0.8825, stat=-0.5469)
2026-04-09 13:12:59,320 | INFO | data_pipeline | [ADF] 'low' — NON-STATIONARY  (p=0.8585, stat=-0.6534)
2026-04-09 13:12:59,879 | INFO | data_pipeline | [ADF] 'close' — NON-STATIONARY  (p=0.8754, stat=-0.5800)
2026-04-09 13:13:00,995 | INFO | data_pipeline | [ADF] 'BB_UPPER' — NON-STATIONARY  (p=0.9126, stat=-0.3850)
2026-04-09 13:13:01,542 | INFO | data_pipeline | [ADF] 'BB_MIDDLE' — NON-STATIONARY  (p=0.9121, stat=-0.3877)
2026-04-09 13:13:02,055 | INFO | data_pipeline | [ADF] 'BB_LOWER' — NON-STATIONARY  (p=0.8719, stat=-0.5961)
2026-04-09 13:13:02,539 | INFO | data_pipeline | [ADF] 'DEMA_14' — NON-STATIONARY  (p=0.8243, stat=-0.7821)
2026-04-09 13:13:03,024 | INFO | data_pipeline | [ADF] 'EMA_14' — NON-STATIONARY  (p=0.8837, stat=-0.5413)
2026-04-09 13:13:03,514 | INFO | data_pipeline | [ADF] 'HT_TRENDLINE' — NON-STATIONARY  (p=0.8997, stat=-0.4592)
2026-04-09 13:13:04,015 | INFO | data_pipeline | [ADF] 'KAMA_14' — NON-STATIONARY  (p=0.9003, stat=-0.4561)
2026-04-09 13:13:04,509 | INFO | data_pipeline | [ADF] 'MA_14' — NON-STATIONARY  (p=0.8865, stat=-0.5274)
2026-04-09 13:13:05,035 | INFO | data_pipeline | [ADF] 'MIDPOINT_14' — NON-STATIONARY  (p=0.8730, stat=-0.5908)
2026-04-09 13:13:05,596 | INFO | data_pipeline | [ADF] 'MIDPRICE_14' — NON-STATIONARY  (p=0.8624, stat=-0.6371)
2026-04-09 13:13:06,182 | INFO | data_pipeline | [ADF] 'SAR' — NON-STATIONARY  (p=0.8587, stat=-0.6524)
2026-04-09 13:13:07,313 | INFO | data_pipeline | [ADF] 'SMA_14' — NON-STATIONARY  (p=0.8865, stat=-0.5274)
2026-04-09 13:13:07,852 | INFO | data_pipeline | [ADF] 'T3_14' — NON-STATIONARY  (p=0.8759, stat=-0.5777)
2026-04-09 13:13:08,443 | INFO | data_pipeline | [ADF] 'TEMA_14' — NON-STATIONARY  (p=0.9008, stat=-0.4532)
2026-04-09 13:13:09,011 | INFO | data_pipeline | [ADF] 'TRIMA_14' — NON-STATIONARY  (p=0.8454, stat=-0.7050)
2026-04-09 13:13:09,546 | INFO | data_pipeline | [ADF] 'WMA_14' — NON-STATIONARY  (p=0.8953, stat=-0.4829)
2026-04-09 13:13:20,693 | INFO | data_pipeline | [ADF] 'AD' — NON-STATIONARY  (p=0.3670, stat=-1.8272)
2026-04-09 13:13:21,814 | INFO | data_pipeline | [ADF] 'OBV' — NON-STATIONARY  (p=0.9834, stat=0.4524)
2026-04-09 13:13:23,927 | INFO | data_pipeline | [ADF] 'AVGPRICE' — NON-STATIONARY  (p=0.8793, stat=-0.5623)
2026-04-09 13:13:24,424 | INFO | data_pipeline | [ADF] 'MEDPRICE' — NON-STATIONARY  (p=0.8680, stat=-0.6132)
2026-04-09 13:13:24,920 | INFO | data_pipeline | [ADF] 'TYPPRICE' — NON-STATIONARY  (p=0.8720, stat=-0.5955)
2026-04-09 13:13:25,440 | INFO | data_pipeline | [ADF] 'WCLPRICE' — NON-STATIONARY  (p=0.8716, stat=-0.5974)
2026-04-09 13:13:29,599 | INFO | data_pipeline | [ADF] 'LINEARREG_14' — NON-STATIONARY  (p=0.8692, stat=-0.6081)
2026-04-09 13:13:30,741 | INFO | data_pipeline | [ADF] 'LINEARREG_INTERCEPT_14' — NON-STATIONARY  (p=0.8633, stat=-0.6331)
2026-04-09 13:13:32,480 | INFO | data_pipeline | [ADF] 'TSF_14' — NON-STATIONARY  (p=0.8673, stat=-0.6161)
2026-04-09 13:13:33,007 | INFO | data_pipeline | [ADF] Tested 65 column(s): 36 stationary, 29 non-stationary.
2026-04-09 13:13:33,014 | INFO | data_pipeline | [make_stationary] Differencing 29 non-stationary column(s)…
2026-04-09 13:13:33,554 | INFO | data_pipeline | [make_stationary] 'open' became stationary after 1 diff(s)  (p=0.0000).
2026-04-09 13:13:34,090 | INFO | data_pipeline | [make_stationary] 'high' became stationary after 1 diff(s)  (p=0.0000).
2026-04-09 13:13:34,620 | INFO | data_pipeline | [make_stationary] 'low' became stationary after 1 diff(s)  (p=0.0000).
2026-04-09 13:13:35,232 | INFO | data_pipeline | [make_stationary] 'close' became stationary after 1 diff(s)  (p=0.0000).
2026-04-09 13:13:35,829 | INFO | data_pipeline | [make_stationary] 'BB_UPPER' became stationary after 1 diff(s)  (p=0.0000).
2026-04-09 13:13:36,390 | INFO | data_pipeline | [make_stationary] 'BB_MIDDLE' became stationary after 1 diff(s)  (p=0.0000).
2026-04-09 13:13:36,951 | INFO | data_pipeline | [make_stationary] 'BB_LOWER' became stationary after 1 diff(s)  (p=0.0000).
2026-04-09 13:13:37,488 | INFO | data_pipeline | [make_stationary] 'DEMA_14' became stationary after 1 diff(s)  (p=0.0000).
2026-04-09 13:13:38,037 | INFO | data_pipeline | [make_stationary] 'EMA_14' became stationary after 1 diff(s)  (p=0.0000).
2026-04-09 13:13:38,602 | INFO | data_pipeline | [make_stationary] 'HT_TRENDLINE' became stationary after 1 diff(s)  (p=0.0000).
2026-04-09 13:13:39,118 | INFO | data_pipeline | [make_stationary] 'KAMA_14' became stationary after 1 diff(s)  (p=0.0000).
2026-04-09 13:13:39,648 | INFO | data_pipeline | [make_stationary] 'MA_14' became stationary after 1 diff(s)  (p=0.0000).
2026-04-09 13:13:40,159 | INFO | data_pipeline | [make_stationary] 'MIDPOINT_14' became stationary after 1 diff(s)  (p=0.0000).
2026-04-09 13:13:40,681 | INFO | data_pipeline | [make_stationary] 'MIDPRICE_14' became stationary after 1 diff(s)  (p=0.0000).
2026-04-09 13:13:41,196 | INFO | data_pipeline | [make_stationary] 'SAR' became stationary after 1 diff(s)  (p=0.0000).
2026-04-09 13:13:41,712 | INFO | data_pipeline | [make_stationary] 'SMA_14' became stationary after 1 diff(s)  (p=0.0000).
2026-04-09 13:13:42,197 | INFO | data_pipeline | [make_stationary] 'T3_14' became stationary after 1 diff(s)  (p=0.0000).
2026-04-09 13:13:42,696 | INFO | data_pipeline | [make_stationary] 'TEMA_14' became stationary after 1 diff(s)  (p=0.0000).
2026-04-09 13:13:43,203 | INFO | data_pipeline | [make_stationary] 'TRIMA_14' became stationary after 1 diff(s)  (p=0.0000).
2026-04-09 13:13:43,689 | INFO | data_pipeline | [make_stationary] 'WMA_14' became stationary after 1 diff(s)  (p=0.0000).
2026-04-09 13:13:44,196 | INFO | data_pipeline | [make_stationary] 'AD' became stationary after 1 diff(s)  (p=0.0000).
2026-04-09 13:13:44,711 | INFO | data_pipeline | [make_stationary] 'OBV' became stationary after 1 diff(s)  (p=0.0000).
2026-04-09 13:13:45,240 | INFO | data_pipeline | [make_stationary] 'AVGPRICE' became stationary after 1 diff(s)  (p=0.0000).
2026-04-09 13:13:45,791 | INFO | data_pipeline | [make_stationary] 'MEDPRICE' became stationary after 1 diff(s)  (p=0.0000).
2026-04-09 13:13:46,335 | INFO | data_pipeline | [make_stationary] 'TYPPRICE' became stationary after 1 diff(s)  (p=0.0000).
2026-04-09 13:13:46,866 | INFO | data_pipeline | [make_stationary] 'WCLPRICE' became stationary after 1 diff(s)  (p=0.0000).
2026-04-09 13:13:47,417 | INFO | data_pipeline | [make_stationary] 'LINEARREG_14' became stationary after 1 diff(s)  (p=0.0000).
2026-04-09 13:13:47,966 | INFO | data_pipeline | [make_stationary] 'LINEARREG_INTERCEPT_14' became stationary after 1 diff(s)  (p=0.0000).
2026-04-09 13:13:48,523 | INFO | data_pipeline | [make_stationary] 'TSF_14' became stationary after 1 diff(s)  (p=0.0000).
2026-04-09 13:13:48,528 | INFO | data_pipeline | [make_stationary] Shape after differencing & dropna: (8697, 89)
2026-04-09 13:13:48,528 | INFO | data_pipeline | Differencing summary: open=1d, high=1d, low=1d, close=1d, BB_UPPER=1d, BB_MIDDLE=1d, BB_LOWER=1d, DEMA_14=1d, EMA_14=1d, HT_TRENDLINE=1d, KAMA_14=1d, MA_14=1d, MIDPOINT_14=1d, MIDPRICE_14=1d, SAR=1d, SMA_14=1d, T3_14=1d, TEMA_14=1d, TRIMA_14=1d, WMA_14=1d, AD=1d, OBV=1d, AVGPRICE=1d, MEDPRICE=1d, TYPPRICE=1d, WCLPRICE=1d, LINEARREG_14=1d, LINEARREG_INTERCEPT_14=1d, TSF_14=1d
2026-04-09 13:13:48,554 | INFO | data_pipeline | train_ratio=0.7 → split at row 6087/8697 → split_date='2025-12-11 07:00:00' (70% train / 30% test)
2026-04-09 13:13:48,561 | INFO | data_pipeline | Classification target created — shape: (8697, 87), class counts:
{-1: 6516, 1: 2165, 0: 16}
2026-04-09 13:36:01,058 | INFO | data_pipeline | Classification target created — shape: (8697, 87), class counts:
{-1: 6516, 1: 2165, 0: 16}
2026-04-09 14:05:37,276 | INFO | data_pipeline | Fetching data: schema=data_binance, table=btc_1m, start=2025-03-29, end=2026-03-30
2026-04-09 14:05:49,650 | INFO | data_pipeline | Fetched 527,041 rows for btc.
2026-04-09 14:05:49,652 | INFO | data_pipeline | Resampling to 1h…
2026-04-09 14:05:49,949 | INFO | data_pipeline | Resampled shape: (8785, 6)
2026-04-09 14:05:49,949 | INFO | data_pipeline | Generating 71 indicator(s)…
2026-04-09 14:05:50,018 | INFO | data_pipeline | Feature shape after generation: (8785, 89)
2026-04-09 14:05:50,018 | INFO | data_pipeline | Running ADF stationarity tests…
2026-04-09 14:05:50,620 | INFO | data_pipeline | [ADF] 'open' — NON-STATIONARY  (p=0.8767, stat=-0.5740)
2026-04-09 14:05:51,154 | INFO | data_pipeline | [ADF] 'high' — NON-STATIONARY  (p=0.8825, stat=-0.5469)
2026-04-09 14:05:51,716 | INFO | data_pipeline | [ADF] 'low' — NON-STATIONARY  (p=0.8585, stat=-0.6534)
2026-04-09 14:05:52,280 | INFO | data_pipeline | [ADF] 'close' — NON-STATIONARY  (p=0.8754, stat=-0.5800)
2026-04-09 14:05:53,451 | INFO | data_pipeline | [ADF] 'BB_UPPER' — NON-STATIONARY  (p=0.9126, stat=-0.3850)
2026-04-09 14:05:54,064 | INFO | data_pipeline | [ADF] 'BB_MIDDLE' — NON-STATIONARY  (p=0.9121, stat=-0.3877)
2026-04-09 14:05:54,684 | INFO | data_pipeline | [ADF] 'BB_LOWER' — NON-STATIONARY  (p=0.8719, stat=-0.5961)
2026-04-09 14:05:55,256 | INFO | data_pipeline | [ADF] 'DEMA_14' — NON-STATIONARY  (p=0.8243, stat=-0.7821)
2026-04-09 14:05:55,839 | INFO | data_pipeline | [ADF] 'EMA_14' — NON-STATIONARY  (p=0.8837, stat=-0.5413)
2026-04-09 14:05:56,418 | INFO | data_pipeline | [ADF] 'HT_TRENDLINE' — NON-STATIONARY  (p=0.8997, stat=-0.4592)
2026-04-09 14:05:56,997 | INFO | data_pipeline | [ADF] 'KAMA_14' — NON-STATIONARY  (p=0.9003, stat=-0.4561)
2026-04-09 14:05:57,591 | INFO | data_pipeline | [ADF] 'MA_14' — NON-STATIONARY  (p=0.8865, stat=-0.5274)
2026-04-09 14:05:58,178 | INFO | data_pipeline | [ADF] 'MIDPOINT_14' — NON-STATIONARY  (p=0.8730, stat=-0.5908)
2026-04-09 14:05:58,798 | INFO | data_pipeline | [ADF] 'MIDPRICE_14' — NON-STATIONARY  (p=0.8624, stat=-0.6371)
2026-04-09 14:05:59,384 | INFO | data_pipeline | [ADF] 'SAR' — NON-STATIONARY  (p=0.8587, stat=-0.6524)
2026-04-09 14:06:00,601 | INFO | data_pipeline | [ADF] 'SMA_14' — NON-STATIONARY  (p=0.8865, stat=-0.5274)
2026-04-09 14:06:01,197 | INFO | data_pipeline | [ADF] 'T3_14' — NON-STATIONARY  (p=0.8759, stat=-0.5777)
2026-04-09 14:06:01,815 | INFO | data_pipeline | [ADF] 'TEMA_14' — NON-STATIONARY  (p=0.9008, stat=-0.4532)
2026-04-09 14:06:02,448 | INFO | data_pipeline | [ADF] 'TRIMA_14' — NON-STATIONARY  (p=0.8454, stat=-0.7050)
2026-04-09 14:06:03,058 | INFO | data_pipeline | [ADF] 'WMA_14' — NON-STATIONARY  (p=0.8953, stat=-0.4829)
2026-04-09 14:06:15,196 | INFO | data_pipeline | [ADF] 'AD' — NON-STATIONARY  (p=0.3670, stat=-1.8272)
2026-04-09 14:06:16,325 | INFO | data_pipeline | [ADF] 'OBV' — NON-STATIONARY  (p=0.9834, stat=0.4524)
2026-04-09 14:06:18,669 | INFO | data_pipeline | [ADF] 'AVGPRICE' — NON-STATIONARY  (p=0.8793, stat=-0.5623)
2026-04-09 14:06:19,221 | INFO | data_pipeline | [ADF] 'MEDPRICE' — NON-STATIONARY  (p=0.8680, stat=-0.6132)
2026-04-09 14:06:19,755 | INFO | data_pipeline | [ADF] 'TYPPRICE' — NON-STATIONARY  (p=0.8720, stat=-0.5955)
2026-04-09 14:06:20,294 | INFO | data_pipeline | [ADF] 'WCLPRICE' — NON-STATIONARY  (p=0.8716, stat=-0.5974)
2026-04-09 14:06:24,662 | INFO | data_pipeline | [ADF] 'LINEARREG_14' — NON-STATIONARY  (p=0.8692, stat=-0.6081)
2026-04-09 14:06:25,802 | INFO | data_pipeline | [ADF] 'LINEARREG_INTERCEPT_14' — NON-STATIONARY  (p=0.8633, stat=-0.6331)
2026-04-09 14:06:27,545 | INFO | data_pipeline | [ADF] 'TSF_14' — NON-STATIONARY  (p=0.8673, stat=-0.6161)
2026-04-09 14:06:28,147 | INFO | data_pipeline | [ADF] Tested 65 column(s): 36 stationary, 29 non-stationary.
2026-04-09 14:06:28,153 | INFO | data_pipeline | [make_stationary] Differencing 29 non-stationary column(s)…
2026-04-09 14:06:28,764 | INFO | data_pipeline | [make_stationary] 'open' became stationary after 1 diff(s)  (p=0.0000).
2026-04-09 14:06:29,367 | INFO | data_pipeline | [make_stationary] 'high' became stationary after 1 diff(s)  (p=0.0000).
2026-04-09 14:06:29,968 | INFO | data_pipeline | [make_stationary] 'low' became stationary after 1 diff(s)  (p=0.0000).
2026-04-09 14:06:30,564 | INFO | data_pipeline | [make_stationary] 'close' became stationary after 1 diff(s)  (p=0.0000).
2026-04-09 14:06:31,172 | INFO | data_pipeline | [make_stationary] 'BB_UPPER' became stationary after 1 diff(s)  (p=0.0000).
2026-04-09 14:06:31,852 | INFO | data_pipeline | [make_stationary] 'BB_MIDDLE' became stationary after 1 diff(s)  (p=0.0000).
2026-04-09 14:06:32,496 | INFO | data_pipeline | [make_stationary] 'BB_LOWER' became stationary after 1 diff(s)  (p=0.0000).
2026-04-09 14:06:33,075 | INFO | data_pipeline | [make_stationary] 'DEMA_14' became stationary after 1 diff(s)  (p=0.0000).
2026-04-09 14:06:33,673 | INFO | data_pipeline | [make_stationary] 'EMA_14' became stationary after 1 diff(s)  (p=0.0000).
2026-04-09 14:06:34,290 | INFO | data_pipeline | [make_stationary] 'HT_TRENDLINE' became stationary after 1 diff(s)  (p=0.0000).
2026-04-09 14:06:34,911 | INFO | data_pipeline | [make_stationary] 'KAMA_14' became stationary after 1 diff(s)  (p=0.0000).
2026-04-09 14:06:35,539 | INFO | data_pipeline | [make_stationary] 'MA_14' became stationary after 1 diff(s)  (p=0.0000).
2026-04-09 14:06:36,153 | INFO | data_pipeline | [make_stationary] 'MIDPOINT_14' became stationary after 1 diff(s)  (p=0.0000).
2026-04-09 14:06:36,771 | INFO | data_pipeline | [make_stationary] 'MIDPRICE_14' became stationary after 1 diff(s)  (p=0.0000).
2026-04-09 14:06:37,403 | INFO | data_pipeline | [make_stationary] 'SAR' became stationary after 1 diff(s)  (p=0.0000).
2026-04-09 14:06:38,021 | INFO | data_pipeline | [make_stationary] 'SMA_14' became stationary after 1 diff(s)  (p=0.0000).
2026-04-09 14:06:38,628 | INFO | data_pipeline | [make_stationary] 'T3_14' became stationary after 1 diff(s)  (p=0.0000).
2026-04-09 14:06:39,251 | INFO | data_pipeline | [make_stationary] 'TEMA_14' became stationary after 1 diff(s)  (p=0.0000).
2026-04-09 14:06:39,879 | INFO | data_pipeline | [make_stationary] 'TRIMA_14' became stationary after 1 diff(s)  (p=0.0000).
2026-04-09 14:06:40,479 | INFO | data_pipeline | [make_stationary] 'WMA_14' became stationary after 1 diff(s)  (p=0.0000).
2026-04-09 14:06:41,092 | INFO | data_pipeline | [make_stationary] 'AD' became stationary after 1 diff(s)  (p=0.0000).
2026-04-09 14:06:41,675 | INFO | data_pipeline | [make_stationary] 'OBV' became stationary after 1 diff(s)  (p=0.0000).
2026-04-09 14:06:42,276 | INFO | data_pipeline | [make_stationary] 'AVGPRICE' became stationary after 1 diff(s)  (p=0.0000).
2026-04-09 14:06:42,869 | INFO | data_pipeline | [make_stationary] 'MEDPRICE' became stationary after 1 diff(s)  (p=0.0000).
2026-04-09 14:06:43,457 | INFO | data_pipeline | [make_stationary] 'TYPPRICE' became stationary after 1 diff(s)  (p=0.0000).
2026-04-09 14:06:44,060 | INFO | data_pipeline | [make_stationary] 'WCLPRICE' became stationary after 1 diff(s)  (p=0.0000).
2026-04-09 14:06:44,693 | INFO | data_pipeline | [make_stationary] 'LINEARREG_14' became stationary after 1 diff(s)  (p=0.0000).
2026-04-09 14:06:45,328 | INFO | data_pipeline | [make_stationary] 'LINEARREG_INTERCEPT_14' became stationary after 1 diff(s)  (p=0.0000).
2026-04-09 14:06:45,969 | INFO | data_pipeline | [make_stationary] 'TSF_14' became stationary after 1 diff(s)  (p=0.0000).
2026-04-09 14:06:45,988 | INFO | data_pipeline | [make_stationary] Shape after differencing & dropna: (8697, 89)
2026-04-09 14:06:45,988 | INFO | data_pipeline | Differencing summary: open=1d, high=1d, low=1d, close=1d, BB_UPPER=1d, BB_MIDDLE=1d, BB_LOWER=1d, DEMA_14=1d, EMA_14=1d, HT_TRENDLINE=1d, KAMA_14=1d, MA_14=1d, MIDPOINT_14=1d, MIDPRICE_14=1d, SAR=1d, SMA_14=1d, T3_14=1d, TEMA_14=1d, TRIMA_14=1d, WMA_14=1d, AD=1d, OBV=1d, AVGPRICE=1d, MEDPRICE=1d, TYPPRICE=1d, WCLPRICE=1d, LINEARREG_14=1d, LINEARREG_INTERCEPT_14=1d, TSF_14=1d
2026-04-09 14:06:46,000 | INFO | data_pipeline | train_ratio=0.7 → split at row 6087/8697 → split_date='2025-12-11 07:00:00' (70% train / 30% test)
2026-04-09 14:06:46,022 | INFO | data_pipeline | Regression target created — shape: (8683, 87)
2026-04-09 14:35:04,652 | INFO | data_pipeline | Regression target created — shape: (8683, 87)
2026-04-09 14:45:26,469 | INFO | data_pipeline | Regression target created — shape: (8683, 87)
2026-04-09 14:51:20,062 | INFO | data_pipeline | Fetching data: schema=data_binance, table=btc_1m, start=2025-03-29, end=2026-03-30
2026-04-09 14:51:41,794 | INFO | data_pipeline | Fetched 527,041 rows for btc.
2026-04-09 14:51:41,794 | INFO | data_pipeline | Resampling to 1h…
2026-04-09 14:51:42,021 | INFO | data_pipeline | Resampled shape: (8785, 6)
2026-04-09 14:51:42,021 | INFO | data_pipeline | Generating 71 indicator(s)…
2026-04-09 14:51:42,072 | INFO | data_pipeline | Feature shape after generation: (8785, 89)
2026-04-09 14:51:42,072 | INFO | data_pipeline | Running ADF stationarity tests…
2026-04-09 14:51:42,546 | INFO | data_pipeline | [ADF] 'open' — NON-STATIONARY  (p=0.8767, stat=-0.5740)
2026-04-09 14:51:43,090 | INFO | data_pipeline | [ADF] 'high' — NON-STATIONARY  (p=0.8825, stat=-0.5469)
2026-04-09 14:51:43,606 | INFO | data_pipeline | [ADF] 'low' — NON-STATIONARY  (p=0.8585, stat=-0.6534)
2026-04-09 14:51:44,061 | INFO | data_pipeline | [ADF] 'close' — NON-STATIONARY  (p=0.8754, stat=-0.5800)
2026-04-09 14:51:44,959 | INFO | data_pipeline | [ADF] 'BB_UPPER' — NON-STATIONARY  (p=0.9126, stat=-0.3850)
2026-04-09 14:51:45,435 | INFO | data_pipeline | [ADF] 'BB_MIDDLE' — NON-STATIONARY  (p=0.9121, stat=-0.3877)
2026-04-09 14:51:46,033 | INFO | data_pipeline | [ADF] 'BB_LOWER' — NON-STATIONARY  (p=0.8719, stat=-0.5961)
2026-04-09 14:51:46,650 | INFO | data_pipeline | [ADF] 'DEMA_14' — NON-STATIONARY  (p=0.8243, stat=-0.7821)
2026-04-09 14:51:47,256 | INFO | data_pipeline | [ADF] 'EMA_14' — NON-STATIONARY  (p=0.8837, stat=-0.5413)
2026-04-09 14:51:47,856 | INFO | data_pipeline | [ADF] 'HT_TRENDLINE' — NON-STATIONARY  (p=0.8997, stat=-0.4592)
2026-04-09 14:51:48,485 | INFO | data_pipeline | [ADF] 'KAMA_14' — NON-STATIONARY  (p=0.9003, stat=-0.4561)
2026-04-09 14:51:49,133 | INFO | data_pipeline | [ADF] 'MA_14' — NON-STATIONARY  (p=0.8865, stat=-0.5274)
2026-04-09 14:51:49,795 | INFO | data_pipeline | [ADF] 'MIDPOINT_14' — NON-STATIONARY  (p=0.8730, stat=-0.5908)
2026-04-09 14:51:50,432 | INFO | data_pipeline | [ADF] 'MIDPRICE_14' — NON-STATIONARY  (p=0.8624, stat=-0.6371)
2026-04-09 14:51:51,092 | INFO | data_pipeline | [ADF] 'SAR' — NON-STATIONARY  (p=0.8587, stat=-0.6524)
2026-04-09 14:51:52,411 | INFO | data_pipeline | [ADF] 'SMA_14' — NON-STATIONARY  (p=0.8865, stat=-0.5274)
2026-04-09 14:51:53,055 | INFO | data_pipeline | [ADF] 'T3_14' — NON-STATIONARY  (p=0.8759, stat=-0.5777)
2026-04-09 14:51:53,757 | INFO | data_pipeline | [ADF] 'TEMA_14' — NON-STATIONARY  (p=0.9008, stat=-0.4532)
2026-04-09 14:51:54,450 | INFO | data_pipeline | [ADF] 'TRIMA_14' — NON-STATIONARY  (p=0.8454, stat=-0.7050)
2026-04-09 14:51:55,106 | INFO | data_pipeline | [ADF] 'WMA_14' — NON-STATIONARY  (p=0.8953, stat=-0.4829)
2026-04-09 14:52:08,199 | INFO | data_pipeline | [ADF] 'AD' — NON-STATIONARY  (p=0.3670, stat=-1.8272)
2026-04-09 14:52:09,488 | INFO | data_pipeline | [ADF] 'OBV' — NON-STATIONARY  (p=0.9834, stat=0.4524)
2026-04-09 14:52:12,051 | INFO | data_pipeline | [ADF] 'AVGPRICE' — NON-STATIONARY  (p=0.8793, stat=-0.5623)
2026-04-09 14:52:12,674 | INFO | data_pipeline | [ADF] 'MEDPRICE' — NON-STATIONARY  (p=0.8680, stat=-0.6132)
2026-04-09 14:52:13,316 | INFO | data_pipeline | [ADF] 'TYPPRICE' — NON-STATIONARY  (p=0.8720, stat=-0.5955)
2026-04-09 14:52:13,947 | INFO | data_pipeline | [ADF] 'WCLPRICE' — NON-STATIONARY  (p=0.8716, stat=-0.5974)
2026-04-09 14:52:19,117 | INFO | data_pipeline | [ADF] 'LINEARREG_14' — NON-STATIONARY  (p=0.8692, stat=-0.6081)
2026-04-09 14:52:20,393 | INFO | data_pipeline | [ADF] 'LINEARREG_INTERCEPT_14' — NON-STATIONARY  (p=0.8633, stat=-0.6331)
2026-04-09 14:52:22,341 | INFO | data_pipeline | [ADF] 'TSF_14' — NON-STATIONARY  (p=0.8673, stat=-0.6161)
2026-04-09 14:52:23,044 | INFO | data_pipeline | [ADF] Tested 65 column(s): 36 stationary, 29 non-stationary.
2026-04-09 14:52:23,046 | INFO | data_pipeline | [make_stationary] Differencing 29 non-stationary column(s)…
2026-04-09 14:52:23,766 | INFO | data_pipeline | [make_stationary] 'open' became stationary after 1 diff(s)  (p=0.0000).
2026-04-09 14:52:24,667 | INFO | data_pipeline | [make_stationary] 'high' became stationary after 1 diff(s)  (p=0.0000).
2026-04-09 14:52:25,655 | INFO | data_pipeline | [make_stationary] 'low' became stationary after 1 diff(s)  (p=0.0000).
2026-04-09 14:52:26,630 | INFO | data_pipeline | [make_stationary] 'close' became stationary after 1 diff(s)  (p=0.0000).
2026-04-09 14:52:27,457 | INFO | data_pipeline | [make_stationary] 'BB_UPPER' became stationary after 1 diff(s)  (p=0.0000).
2026-04-09 14:52:28,423 | INFO | data_pipeline | [make_stationary] 'BB_MIDDLE' became stationary after 1 diff(s)  (p=0.0000).
2026-04-09 14:52:29,389 | INFO | data_pipeline | [make_stationary] 'BB_LOWER' became stationary after 1 diff(s)  (p=0.0000).
2026-04-09 14:52:30,284 | INFO | data_pipeline | [make_stationary] 'DEMA_14' became stationary after 1 diff(s)  (p=0.0000).
2026-04-09 14:52:31,317 | INFO | data_pipeline | [make_stationary] 'EMA_14' became stationary after 1 diff(s)  (p=0.0000).
2026-04-09 14:52:32,240 | INFO | data_pipeline | [make_stationary] 'HT_TRENDLINE' became stationary after 1 diff(s)  (p=0.0000).
2026-04-09 14:52:33,118 | INFO | data_pipeline | [make_stationary] 'KAMA_14' became stationary after 1 diff(s)  (p=0.0000).
2026-04-09 14:52:33,928 | INFO | data_pipeline | [make_stationary] 'MA_14' became stationary after 1 diff(s)  (p=0.0000).
2026-04-09 14:52:34,834 | INFO | data_pipeline | [make_stationary] 'MIDPOINT_14' became stationary after 1 diff(s)  (p=0.0000).
2026-04-09 14:52:35,882 | INFO | data_pipeline | [make_stationary] 'MIDPRICE_14' became stationary after 1 diff(s)  (p=0.0000).
2026-04-09 14:52:36,848 | INFO | data_pipeline | [make_stationary] 'SAR' became stationary after 1 diff(s)  (p=0.0000).
2026-04-09 14:52:37,822 | INFO | data_pipeline | [make_stationary] 'SMA_14' became stationary after 1 diff(s)  (p=0.0000).
2026-04-09 14:52:38,687 | INFO | data_pipeline | [make_stationary] 'T3_14' became stationary after 1 diff(s)  (p=0.0000).
2026-04-09 14:52:39,674 | INFO | data_pipeline | [make_stationary] 'TEMA_14' became stationary after 1 diff(s)  (p=0.0000).
2026-04-09 14:52:40,633 | INFO | data_pipeline | [make_stationary] 'TRIMA_14' became stationary after 1 diff(s)  (p=0.0000).
2026-04-09 14:52:41,436 | INFO | data_pipeline | [make_stationary] 'WMA_14' became stationary after 1 diff(s)  (p=0.0000).
2026-04-09 14:52:42,262 | INFO | data_pipeline | [make_stationary] 'AD' became stationary after 1 diff(s)  (p=0.0000).
2026-04-09 14:52:43,078 | INFO | data_pipeline | [make_stationary] 'OBV' became stationary after 1 diff(s)  (p=0.0000).
2026-04-09 14:52:43,862 | INFO | data_pipeline | [make_stationary] 'AVGPRICE' became stationary after 1 diff(s)  (p=0.0000).
2026-04-09 14:52:44,737 | INFO | data_pipeline | [make_stationary] 'MEDPRICE' became stationary after 1 diff(s)  (p=0.0000).
2026-04-09 14:52:45,596 | INFO | data_pipeline | [make_stationary] 'TYPPRICE' became stationary after 1 diff(s)  (p=0.0000).
2026-04-09 14:52:46,496 | INFO | data_pipeline | [make_stationary] 'WCLPRICE' became stationary after 1 diff(s)  (p=0.0000).
2026-04-09 14:52:47,387 | INFO | data_pipeline | [make_stationary] 'LINEARREG_14' became stationary after 1 diff(s)  (p=0.0000).
2026-04-09 14:52:48,254 | INFO | data_pipeline | [make_stationary] 'LINEARREG_INTERCEPT_14' became stationary after 1 diff(s)  (p=0.0000).
2026-04-09 14:52:49,152 | INFO | data_pipeline | [make_stationary] 'TSF_14' became stationary after 1 diff(s)  (p=0.0000).
2026-04-09 14:52:49,180 | INFO | data_pipeline | [make_stationary] Shape after differencing & dropna: (8697, 89)
2026-04-09 14:52:49,180 | INFO | data_pipeline | Differencing summary: open=1d, high=1d, low=1d, close=1d, BB_UPPER=1d, BB_MIDDLE=1d, BB_LOWER=1d, DEMA_14=1d, EMA_14=1d, HT_TRENDLINE=1d, KAMA_14=1d, MA_14=1d, MIDPOINT_14=1d, MIDPRICE_14=1d, SAR=1d, SMA_14=1d, T3_14=1d, TEMA_14=1d, TRIMA_14=1d, WMA_14=1d, AD=1d, OBV=1d, AVGPRICE=1d, MEDPRICE=1d, TYPPRICE=1d, WCLPRICE=1d, LINEARREG_14=1d, LINEARREG_INTERCEPT_14=1d, TSF_14=1d
2026-04-09 14:52:49,197 | INFO | data_pipeline | train_ratio=0.7 → split at row 6087/8697 → split_date='2025-12-11 07:00:00' (70% train / 30% test)
2026-04-09 14:52:49,220 | INFO | data_pipeline | Regression target created — shape: (8683, 87)
2026-04-09 15:14:38,433 | INFO | data_pipeline | Regression target created — shape: (8683, 87)
2026-04-09 15:30:59,275 | INFO | data_pipeline | Regression target created — shape: (8683, 87)
2026-04-09 15:33:36,972 | INFO | data_pipeline | Fetching data: schema=data_binance, table=btc_1m, start=2025-03-29, end=2026-03-30
2026-04-09 15:33:51,666 | INFO | data_pipeline | Fetched 527,041 rows for btc.
2026-04-09 15:33:51,666 | INFO | data_pipeline | Resampling to 1h…
2026-04-09 15:33:51,903 | INFO | data_pipeline | Resampled shape: (8785, 6)
2026-04-09 15:33:51,903 | INFO | data_pipeline | Generating 71 indicator(s)…
2026-04-09 15:33:51,957 | INFO | data_pipeline | Feature shape after generation: (8785, 89)
2026-04-09 15:33:51,957 | INFO | data_pipeline | Running ADF stationarity tests…
2026-04-09 15:33:52,431 | INFO | data_pipeline | [ADF] 'open' — NON-STATIONARY  (p=0.8767, stat=-0.5740)
2026-04-09 15:33:52,863 | INFO | data_pipeline | [ADF] 'high' — NON-STATIONARY  (p=0.8825, stat=-0.5469)
2026-04-09 15:33:53,307 | INFO | data_pipeline | [ADF] 'low' — NON-STATIONARY  (p=0.8585, stat=-0.6534)
2026-04-09 15:33:53,753 | INFO | data_pipeline | [ADF] 'close' — NON-STATIONARY  (p=0.8754, stat=-0.5800)
2026-04-09 15:33:54,925 | INFO | data_pipeline | [ADF] 'BB_UPPER' — NON-STATIONARY  (p=0.9126, stat=-0.3850)
2026-04-09 15:33:55,601 | INFO | data_pipeline | [ADF] 'BB_MIDDLE' — NON-STATIONARY  (p=0.9121, stat=-0.3877)
2026-04-09 15:33:56,259 | INFO | data_pipeline | [ADF] 'BB_LOWER' — NON-STATIONARY  (p=0.8719, stat=-0.5961)
2026-04-09 15:33:56,999 | INFO | data_pipeline | [ADF] 'DEMA_14' — NON-STATIONARY  (p=0.8243, stat=-0.7821)
2026-04-09 15:33:57,660 | INFO | data_pipeline | [ADF] 'EMA_14' — NON-STATIONARY  (p=0.8837, stat=-0.5413)
2026-04-09 15:33:58,307 | INFO | data_pipeline | [ADF] 'HT_TRENDLINE' — NON-STATIONARY  (p=0.8997, stat=-0.4592)
2026-04-09 15:33:58,937 | INFO | data_pipeline | [ADF] 'KAMA_14' — NON-STATIONARY  (p=0.9003, stat=-0.4561)
2026-04-09 15:33:59,577 | INFO | data_pipeline | [ADF] 'MA_14' — NON-STATIONARY  (p=0.8865, stat=-0.5274)
2026-04-09 15:34:00,259 | INFO | data_pipeline | [ADF] 'MIDPOINT_14' — NON-STATIONARY  (p=0.8730, stat=-0.5908)
2026-04-09 15:34:00,914 | INFO | data_pipeline | [ADF] 'MIDPRICE_14' — NON-STATIONARY  (p=0.8624, stat=-0.6371)
2026-04-09 15:34:01,626 | INFO | data_pipeline | [ADF] 'SAR' — NON-STATIONARY  (p=0.8587, stat=-0.6524)
2026-04-09 15:34:02,888 | INFO | data_pipeline | [ADF] 'SMA_14' — NON-STATIONARY  (p=0.8865, stat=-0.5274)
2026-04-09 15:34:03,505 | INFO | data_pipeline | [ADF] 'T3_14' — NON-STATIONARY  (p=0.8759, stat=-0.5777)
2026-04-09 15:34:04,172 | INFO | data_pipeline | [ADF] 'TEMA_14' — NON-STATIONARY  (p=0.9008, stat=-0.4532)
2026-04-09 15:34:04,853 | INFO | data_pipeline | [ADF] 'TRIMA_14' — NON-STATIONARY  (p=0.8454, stat=-0.7050)
2026-04-09 15:34:05,547 | INFO | data_pipeline | [ADF] 'WMA_14' — NON-STATIONARY  (p=0.8953, stat=-0.4829)
2026-04-09 15:34:18,772 | INFO | data_pipeline | [ADF] 'AD' — NON-STATIONARY  (p=0.3670, stat=-1.8272)
2026-04-09 15:34:20,072 | INFO | data_pipeline | [ADF] 'OBV' — NON-STATIONARY  (p=0.9834, stat=0.4524)
2026-04-09 15:34:22,768 | INFO | data_pipeline | [ADF] 'AVGPRICE' — NON-STATIONARY  (p=0.8793, stat=-0.5623)
2026-04-09 15:34:23,408 | INFO | data_pipeline | [ADF] 'MEDPRICE' — NON-STATIONARY  (p=0.8680, stat=-0.6132)
2026-04-09 15:34:24,038 | INFO | data_pipeline | [ADF] 'TYPPRICE' — NON-STATIONARY  (p=0.8720, stat=-0.5955)
2026-04-09 15:34:24,680 | INFO | data_pipeline | [ADF] 'WCLPRICE' — NON-STATIONARY  (p=0.8716, stat=-0.5974)
2026-04-09 15:34:29,750 | INFO | data_pipeline | [ADF] 'LINEARREG_14' — NON-STATIONARY  (p=0.8692, stat=-0.6081)
2026-04-09 15:34:31,185 | INFO | data_pipeline | [ADF] 'LINEARREG_INTERCEPT_14' — NON-STATIONARY  (p=0.8633, stat=-0.6331)
2026-04-09 15:34:33,529 | INFO | data_pipeline | [ADF] 'TSF_14' — NON-STATIONARY  (p=0.8673, stat=-0.6161)
2026-04-09 15:34:34,196 | INFO | data_pipeline | [ADF] Tested 65 column(s): 36 stationary, 29 non-stationary.
2026-04-09 15:34:34,198 | INFO | data_pipeline | [make_stationary] Differencing 29 non-stationary column(s)…
2026-04-09 15:34:34,866 | INFO | data_pipeline | [make_stationary] 'open' became stationary after 1 diff(s)  (p=0.0000).
2026-04-09 15:34:35,528 | INFO | data_pipeline | [make_stationary] 'high' became stationary after 1 diff(s)  (p=0.0000).
2026-04-09 15:34:36,170 | INFO | data_pipeline | [make_stationary] 'low' became stationary after 1 diff(s)  (p=0.0000).
2026-04-09 15:34:36,808 | INFO | data_pipeline | [make_stationary] 'close' became stationary after 1 diff(s)  (p=0.0000).
2026-04-09 15:34:37,467 | INFO | data_pipeline | [make_stationary] 'BB_UPPER' became stationary after 1 diff(s)  (p=0.0000).
2026-04-09 15:34:38,134 | INFO | data_pipeline | [make_stationary] 'BB_MIDDLE' became stationary after 1 diff(s)  (p=0.0000).
2026-04-09 15:34:38,796 | INFO | data_pipeline | [make_stationary] 'BB_LOWER' became stationary after 1 diff(s)  (p=0.0000).
2026-04-09 15:34:39,433 | INFO | data_pipeline | [make_stationary] 'DEMA_14' became stationary after 1 diff(s)  (p=0.0000).
2026-04-09 15:34:40,072 | INFO | data_pipeline | [make_stationary] 'EMA_14' became stationary after 1 diff(s)  (p=0.0000).
2026-04-09 15:34:40,735 | INFO | data_pipeline | [make_stationary] 'HT_TRENDLINE' became stationary after 1 diff(s)  (p=0.0000).
2026-04-09 15:34:41,388 | INFO | data_pipeline | [make_stationary] 'KAMA_14' became stationary after 1 diff(s)  (p=0.0000).
2026-04-09 15:34:42,054 | INFO | data_pipeline | [make_stationary] 'MA_14' became stationary after 1 diff(s)  (p=0.0000).
2026-04-09 15:34:42,715 | INFO | data_pipeline | [make_stationary] 'MIDPOINT_14' became stationary after 1 diff(s)  (p=0.0000).
2026-04-09 15:34:43,378 | INFO | data_pipeline | [make_stationary] 'MIDPRICE_14' became stationary after 1 diff(s)  (p=0.0000).
2026-04-09 15:34:44,052 | INFO | data_pipeline | [make_stationary] 'SAR' became stationary after 1 diff(s)  (p=0.0000).
2026-04-09 15:34:44,718 | INFO | data_pipeline | [make_stationary] 'SMA_14' became stationary after 1 diff(s)  (p=0.0000).
2026-04-09 15:34:45,352 | INFO | data_pipeline | [make_stationary] 'T3_14' became stationary after 1 diff(s)  (p=0.0000).
2026-04-09 15:34:46,040 | INFO | data_pipeline | [make_stationary] 'TEMA_14' became stationary after 1 diff(s)  (p=0.0000).
2026-04-09 15:34:46,701 | INFO | data_pipeline | [make_stationary] 'TRIMA_14' became stationary after 1 diff(s)  (p=0.0000).
2026-04-09 15:34:47,340 | INFO | data_pipeline | [make_stationary] 'WMA_14' became stationary after 1 diff(s)  (p=0.0000).
2026-04-09 15:34:48,017 | INFO | data_pipeline | [make_stationary] 'AD' became stationary after 1 diff(s)  (p=0.0000).
2026-04-09 15:34:48,628 | INFO | data_pipeline | [make_stationary] 'OBV' became stationary after 1 diff(s)  (p=0.0000).
2026-04-09 15:34:49,267 | INFO | data_pipeline | [make_stationary] 'AVGPRICE' became stationary after 1 diff(s)  (p=0.0000).
2026-04-09 15:34:49,915 | INFO | data_pipeline | [make_stationary] 'MEDPRICE' became stationary after 1 diff(s)  (p=0.0000).
2026-04-09 15:34:50,573 | INFO | data_pipeline | [make_stationary] 'TYPPRICE' became stationary after 1 diff(s)  (p=0.0000).
2026-04-09 15:34:51,238 | INFO | data_pipeline | [make_stationary] 'WCLPRICE' became stationary after 1 diff(s)  (p=0.0000).
2026-04-09 15:34:51,939 | INFO | data_pipeline | [make_stationary] 'LINEARREG_14' became stationary after 1 diff(s)  (p=0.0000).
2026-04-09 15:34:52,703 | INFO | data_pipeline | [make_stationary] 'LINEARREG_INTERCEPT_14' became stationary after 1 diff(s)  (p=0.0000).
2026-04-09 15:34:53,426 | INFO | data_pipeline | [make_stationary] 'TSF_14' became stationary after 1 diff(s)  (p=0.0000).
2026-04-09 15:34:53,456 | INFO | data_pipeline | [make_stationary] Shape after differencing & dropna: (8697, 89)
2026-04-09 15:34:53,458 | INFO | data_pipeline | Differencing summary: open=1d, high=1d, low=1d, close=1d, BB_UPPER=1d, BB_MIDDLE=1d, BB_LOWER=1d, DEMA_14=1d, EMA_14=1d, HT_TRENDLINE=1d, KAMA_14=1d, MA_14=1d, MIDPOINT_14=1d, MIDPRICE_14=1d, SAR=1d, SMA_14=1d, T3_14=1d, TEMA_14=1d, TRIMA_14=1d, WMA_14=1d, AD=1d, OBV=1d, AVGPRICE=1d, MEDPRICE=1d, TYPPRICE=1d, WCLPRICE=1d, LINEARREG_14=1d, LINEARREG_INTERCEPT_14=1d, TSF_14=1d
2026-04-09 15:34:53,471 | INFO | data_pipeline | train_ratio=0.7 → split at row 6087/8697 → split_date='2025-12-11 07:00:00' (70% train / 30% test)
2026-04-09 15:34:53,487 | INFO | data_pipeline | Classification target created — shape: (8697, 87), class counts:
{-1: 6516, 1: 2165, 0: 16}
2026-04-09 16:16:48,877 | INFO | data_pipeline | Fetching data: schema=data_binance, table=btc_1m, start=2025-03-29, end=2026-03-30
2026-04-09 16:17:04,660 | INFO | data_pipeline | Fetched 527,041 rows for btc.
2026-04-09 16:17:04,660 | INFO | data_pipeline | Resampling to 1h…
2026-04-09 16:17:05,187 | INFO | data_pipeline | Resampled shape: (8785, 6)
2026-04-09 16:17:05,187 | INFO | data_pipeline | Generating 71 indicator(s)…
2026-04-09 16:17:05,267 | INFO | data_pipeline | Feature shape after generation: (8785, 89)
2026-04-09 16:17:05,268 | INFO | data_pipeline | Running ADF stationarity tests…
2026-04-09 16:17:05,774 | INFO | data_pipeline | [ADF] 'open' — NON-STATIONARY  (p=0.8767, stat=-0.5740)
2026-04-09 16:17:06,150 | INFO | data_pipeline | [ADF] 'high' — NON-STATIONARY  (p=0.8825, stat=-0.5469)
2026-04-09 16:17:06,510 | INFO | data_pipeline | [ADF] 'low' — NON-STATIONARY  (p=0.8585, stat=-0.6534)
2026-04-09 16:17:06,870 | INFO | data_pipeline | [ADF] 'close' — NON-STATIONARY  (p=0.8754, stat=-0.5800)
2026-04-09 16:17:07,625 | INFO | data_pipeline | [ADF] 'BB_UPPER' — NON-STATIONARY  (p=0.9126, stat=-0.3850)
2026-04-09 16:17:08,002 | INFO | data_pipeline | [ADF] 'BB_MIDDLE' — NON-STATIONARY  (p=0.9121, stat=-0.3877)
2026-04-09 16:17:08,395 | INFO | data_pipeline | [ADF] 'BB_LOWER' — NON-STATIONARY  (p=0.8719, stat=-0.5961)
2026-04-09 16:17:08,764 | INFO | data_pipeline | [ADF] 'DEMA_14' — NON-STATIONARY  (p=0.8243, stat=-0.7821)
2026-04-09 16:17:09,129 | INFO | data_pipeline | [ADF] 'EMA_14' — NON-STATIONARY  (p=0.8837, stat=-0.5413)
2026-04-09 16:17:09,500 | INFO | data_pipeline | [ADF] 'HT_TRENDLINE' — NON-STATIONARY  (p=0.8997, stat=-0.4592)
2026-04-09 16:17:09,897 | INFO | data_pipeline | [ADF] 'KAMA_14' — NON-STATIONARY  (p=0.9003, stat=-0.4561)
2026-04-09 16:17:10,368 | INFO | data_pipeline | [ADF] 'MA_14' — NON-STATIONARY  (p=0.8865, stat=-0.5274)
2026-04-09 16:17:10,940 | INFO | data_pipeline | [ADF] 'MIDPOINT_14' — NON-STATIONARY  (p=0.8730, stat=-0.5908)
2026-04-09 16:17:11,447 | INFO | data_pipeline | [ADF] 'MIDPRICE_14' — NON-STATIONARY  (p=0.8624, stat=-0.6371)
2026-04-09 16:17:11,950 | INFO | data_pipeline | [ADF] 'SAR' — NON-STATIONARY  (p=0.8587, stat=-0.6524)
2026-04-09 16:17:12,999 | INFO | data_pipeline | [ADF] 'SMA_14' — NON-STATIONARY  (p=0.8865, stat=-0.5274)
2026-04-09 16:17:13,498 | INFO | data_pipeline | [ADF] 'T3_14' — NON-STATIONARY  (p=0.8759, stat=-0.5777)
2026-04-09 16:17:14,006 | INFO | data_pipeline | [ADF] 'TEMA_14' — NON-STATIONARY  (p=0.9008, stat=-0.4532)
2026-04-09 16:17:14,519 | INFO | data_pipeline | [ADF] 'TRIMA_14' — NON-STATIONARY  (p=0.8454, stat=-0.7050)
2026-04-09 16:17:15,029 | INFO | data_pipeline | [ADF] 'WMA_14' — NON-STATIONARY  (p=0.8953, stat=-0.4829)
2026-04-09 16:17:25,333 | INFO | data_pipeline | [ADF] 'AD' — NON-STATIONARY  (p=0.3670, stat=-1.8272)
2026-04-09 16:17:26,415 | INFO | data_pipeline | [ADF] 'OBV' — NON-STATIONARY  (p=0.9834, stat=0.4524)
2026-04-09 16:17:28,597 | INFO | data_pipeline | [ADF] 'AVGPRICE' — NON-STATIONARY  (p=0.8793, stat=-0.5623)
2026-04-09 16:17:29,125 | INFO | data_pipeline | [ADF] 'MEDPRICE' — NON-STATIONARY  (p=0.8680, stat=-0.6132)
2026-04-09 16:17:29,656 | INFO | data_pipeline | [ADF] 'TYPPRICE' — NON-STATIONARY  (p=0.8720, stat=-0.5955)
2026-04-09 16:17:30,182 | INFO | data_pipeline | [ADF] 'WCLPRICE' — NON-STATIONARY  (p=0.8716, stat=-0.5974)
2026-04-09 16:17:34,590 | INFO | data_pipeline | [ADF] 'LINEARREG_14' — NON-STATIONARY  (p=0.8692, stat=-0.6081)
2026-04-09 16:17:35,740 | INFO | data_pipeline | [ADF] 'LINEARREG_INTERCEPT_14' — NON-STATIONARY  (p=0.8633, stat=-0.6331)
2026-04-09 16:17:37,480 | INFO | data_pipeline | [ADF] 'TSF_14' — NON-STATIONARY  (p=0.8673, stat=-0.6161)
2026-04-09 16:17:38,053 | INFO | data_pipeline | [ADF] Tested 65 column(s): 36 stationary, 29 non-stationary.
2026-04-09 16:17:38,060 | INFO | data_pipeline | [make_stationary] Differencing 29 non-stationary column(s)…
2026-04-09 16:17:38,640 | INFO | data_pipeline | [make_stationary] 'open' became stationary after 1 diff(s)  (p=0.0000).
2026-04-09 16:17:39,192 | INFO | data_pipeline | [make_stationary] 'high' became stationary after 1 diff(s)  (p=0.0000).
2026-04-09 16:17:39,735 | INFO | data_pipeline | [make_stationary] 'low' became stationary after 1 diff(s)  (p=0.0000).
2026-04-09 16:17:40,279 | INFO | data_pipeline | [make_stationary] 'close' became stationary after 1 diff(s)  (p=0.0000).
2026-04-09 16:17:40,855 | INFO | data_pipeline | [make_stationary] 'BB_UPPER' became stationary after 1 diff(s)  (p=0.0000).
2026-04-09 16:17:41,436 | INFO | data_pipeline | [make_stationary] 'BB_MIDDLE' became stationary after 1 diff(s)  (p=0.0000).
2026-04-09 16:17:42,005 | INFO | data_pipeline | [make_stationary] 'BB_LOWER' became stationary after 1 diff(s)  (p=0.0000).
2026-04-09 16:17:42,545 | INFO | data_pipeline | [make_stationary] 'DEMA_14' became stationary after 1 diff(s)  (p=0.0000).
2026-04-09 16:17:43,126 | INFO | data_pipeline | [make_stationary] 'EMA_14' became stationary after 1 diff(s)  (p=0.0000).
2026-04-09 16:17:43,696 | INFO | data_pipeline | [make_stationary] 'HT_TRENDLINE' became stationary after 1 diff(s)  (p=0.0000).
2026-04-09 16:17:44,253 | INFO | data_pipeline | [make_stationary] 'KAMA_14' became stationary after 1 diff(s)  (p=0.0000).
2026-04-09 16:17:44,828 | INFO | data_pipeline | [make_stationary] 'MA_14' became stationary after 1 diff(s)  (p=0.0000).
2026-04-09 16:17:45,399 | INFO | data_pipeline | [make_stationary] 'MIDPOINT_14' became stationary after 1 diff(s)  (p=0.0000).
2026-04-09 16:17:45,968 | INFO | data_pipeline | [make_stationary] 'MIDPRICE_14' became stationary after 1 diff(s)  (p=0.0000).
2026-04-09 16:17:46,562 | INFO | data_pipeline | [make_stationary] 'SAR' became stationary after 1 diff(s)  (p=0.0000).
2026-04-09 16:17:47,144 | INFO | data_pipeline | [make_stationary] 'SMA_14' became stationary after 1 diff(s)  (p=0.0000).
2026-04-09 16:17:47,742 | INFO | data_pipeline | [make_stationary] 'T3_14' became stationary after 1 diff(s)  (p=0.0000).
2026-04-09 16:17:48,337 | INFO | data_pipeline | [make_stationary] 'TEMA_14' became stationary after 1 diff(s)  (p=0.0000).
2026-04-09 16:17:48,920 | INFO | data_pipeline | [make_stationary] 'TRIMA_14' became stationary after 1 diff(s)  (p=0.0000).
2026-04-09 16:17:49,473 | INFO | data_pipeline | [make_stationary] 'WMA_14' became stationary after 1 diff(s)  (p=0.0000).
2026-04-09 16:17:50,041 | INFO | data_pipeline | [make_stationary] 'AD' became stationary after 1 diff(s)  (p=0.0000).
2026-04-09 16:17:50,581 | INFO | data_pipeline | [make_stationary] 'OBV' became stationary after 1 diff(s)  (p=0.0000).
2026-04-09 16:17:51,129 | INFO | data_pipeline | [make_stationary] 'AVGPRICE' became stationary after 1 diff(s)  (p=0.0000).
2026-04-09 16:17:51,695 | INFO | data_pipeline | [make_stationary] 'MEDPRICE' became stationary after 1 diff(s)  (p=0.0000).
2026-04-09 16:17:52,242 | INFO | data_pipeline | [make_stationary] 'TYPPRICE' became stationary after 1 diff(s)  (p=0.0000).
2026-04-09 16:17:52,795 | INFO | data_pipeline | [make_stationary] 'WCLPRICE' became stationary after 1 diff(s)  (p=0.0000).
2026-04-09 16:17:53,380 | INFO | data_pipeline | [make_stationary] 'LINEARREG_14' became stationary after 1 diff(s)  (p=0.0000).
2026-04-09 16:17:53,954 | INFO | data_pipeline | [make_stationary] 'LINEARREG_INTERCEPT_14' became stationary after 1 diff(s)  (p=0.0000).
2026-04-09 16:17:54,528 | INFO | data_pipeline | [make_stationary] 'TSF_14' became stationary after 1 diff(s)  (p=0.0000).
2026-04-09 16:17:54,550 | INFO | data_pipeline | [make_stationary] Shape after differencing & dropna: (8697, 89)
2026-04-09 16:17:54,550 | INFO | data_pipeline | Differencing summary: open=1d, high=1d, low=1d, close=1d, BB_UPPER=1d, BB_MIDDLE=1d, BB_LOWER=1d, DEMA_14=1d, EMA_14=1d, HT_TRENDLINE=1d, KAMA_14=1d, MA_14=1d, MIDPOINT_14=1d, MIDPRICE_14=1d, SAR=1d, SMA_14=1d, T3_14=1d, TEMA_14=1d, TRIMA_14=1d, WMA_14=1d, AD=1d, OBV=1d, AVGPRICE=1d, MEDPRICE=1d, TYPPRICE=1d, WCLPRICE=1d, LINEARREG_14=1d, LINEARREG_INTERCEPT_14=1d, TSF_14=1d
2026-04-09 16:17:54,563 | INFO | data_pipeline | train_ratio=0.7 → split at row 6087/8697 → split_date='2025-12-11 07:00:00' (70% train / 30% test)
2026-04-09 16:17:54,581 | INFO | data_pipeline | Classification target created — shape: (8697, 87), class counts:
{-1: 6516, 1: 2165, 0: 16}
2026-04-09 16:30:23,900 | INFO | data_pipeline | Fetching data: schema=data_binance, table=btc_1m, start=2025-03-29, end=2026-03-30
2026-04-09 16:30:46,246 | INFO | data_pipeline | Fetched 527,041 rows for btc.
2026-04-09 16:30:46,246 | INFO | data_pipeline | Resampling to 1h…
2026-04-09 16:30:46,796 | INFO | data_pipeline | Resampled shape: (8785, 6)
2026-04-09 16:30:46,796 | INFO | data_pipeline | Generating 71 indicator(s)…
2026-04-09 16:30:46,868 | INFO | data_pipeline | Feature shape after generation: (8785, 89)
2026-04-09 16:30:46,868 | INFO | data_pipeline | Running ADF stationarity tests…
2026-04-09 16:30:47,528 | INFO | data_pipeline | [ADF] 'open' — NON-STATIONARY  (p=0.8767, stat=-0.5740)
2026-04-09 16:30:47,891 | INFO | data_pipeline | [ADF] 'high' — NON-STATIONARY  (p=0.8825, stat=-0.5469)
2026-04-09 16:30:48,251 | INFO | data_pipeline | [ADF] 'low' — NON-STATIONARY  (p=0.8585, stat=-0.6534)
2026-04-09 16:30:48,602 | INFO | data_pipeline | [ADF] 'close' — NON-STATIONARY  (p=0.8754, stat=-0.5800)
2026-04-09 16:30:49,353 | INFO | data_pipeline | [ADF] 'BB_UPPER' — NON-STATIONARY  (p=0.9126, stat=-0.3850)
2026-04-09 16:30:49,736 | INFO | data_pipeline | [ADF] 'BB_MIDDLE' — NON-STATIONARY  (p=0.9121, stat=-0.3877)
2026-04-09 16:30:50,106 | INFO | data_pipeline | [ADF] 'BB_LOWER' — NON-STATIONARY  (p=0.8719, stat=-0.5961)
2026-04-09 16:30:50,465 | INFO | data_pipeline | [ADF] 'DEMA_14' — NON-STATIONARY  (p=0.8243, stat=-0.7821)
2026-04-09 16:30:50,845 | INFO | data_pipeline | [ADF] 'EMA_14' — NON-STATIONARY  (p=0.8837, stat=-0.5413)
2026-04-09 16:30:51,218 | INFO | data_pipeline | [ADF] 'HT_TRENDLINE' — NON-STATIONARY  (p=0.8997, stat=-0.4592)
2026-04-09 16:30:51,591 | INFO | data_pipeline | [ADF] 'KAMA_14' — NON-STATIONARY  (p=0.9003, stat=-0.4561)
2026-04-09 16:30:51,975 | INFO | data_pipeline | [ADF] 'MA_14' — NON-STATIONARY  (p=0.8865, stat=-0.5274)
2026-04-09 16:30:52,349 | INFO | data_pipeline | [ADF] 'MIDPOINT_14' — NON-STATIONARY  (p=0.8730, stat=-0.5908)
2026-04-09 16:30:52,718 | INFO | data_pipeline | [ADF] 'MIDPRICE_14' — NON-STATIONARY  (p=0.8624, stat=-0.6371)
2026-04-09 16:30:53,105 | INFO | data_pipeline | [ADF] 'SAR' — NON-STATIONARY  (p=0.8587, stat=-0.6524)
2026-04-09 16:30:53,966 | INFO | data_pipeline | [ADF] 'SMA_14' — NON-STATIONARY  (p=0.8865, stat=-0.5274)
2026-04-09 16:30:54,376 | INFO | data_pipeline | [ADF] 'T3_14' — NON-STATIONARY  (p=0.8759, stat=-0.5777)
2026-04-09 16:30:54,760 | INFO | data_pipeline | [ADF] 'TEMA_14' — NON-STATIONARY  (p=0.9008, stat=-0.4532)
2026-04-09 16:30:55,149 | INFO | data_pipeline | [ADF] 'TRIMA_14' — NON-STATIONARY  (p=0.8454, stat=-0.7050)
2026-04-09 16:30:55,526 | INFO | data_pipeline | [ADF] 'WMA_14' — NON-STATIONARY  (p=0.8953, stat=-0.4829)
2026-04-09 16:31:05,263 | INFO | data_pipeline | [ADF] 'AD' — NON-STATIONARY  (p=0.3670, stat=-1.8272)
2026-04-09 16:31:06,325 | INFO | data_pipeline | [ADF] 'OBV' — NON-STATIONARY  (p=0.9834, stat=0.4524)
2026-04-09 16:31:08,482 | INFO | data_pipeline | [ADF] 'AVGPRICE' — NON-STATIONARY  (p=0.8793, stat=-0.5623)
2026-04-09 16:31:09,027 | INFO | data_pipeline | [ADF] 'MEDPRICE' — NON-STATIONARY  (p=0.8680, stat=-0.6132)
2026-04-09 16:31:09,553 | INFO | data_pipeline | [ADF] 'TYPPRICE' — NON-STATIONARY  (p=0.8720, stat=-0.5955)
2026-04-09 16:31:10,068 | INFO | data_pipeline | [ADF] 'WCLPRICE' — NON-STATIONARY  (p=0.8716, stat=-0.5974)
2026-04-09 16:31:14,197 | INFO | data_pipeline | [ADF] 'LINEARREG_14' — NON-STATIONARY  (p=0.8692, stat=-0.6081)
2026-04-09 16:31:15,221 | INFO | data_pipeline | [ADF] 'LINEARREG_INTERCEPT_14' — NON-STATIONARY  (p=0.8633, stat=-0.6331)
2026-04-09 16:31:16,827 | INFO | data_pipeline | [ADF] 'TSF_14' — NON-STATIONARY  (p=0.8673, stat=-0.6161)
2026-04-09 16:31:17,350 | INFO | data_pipeline | [ADF] Tested 65 column(s): 36 stationary, 29 non-stationary.
2026-04-09 16:31:17,350 | INFO | data_pipeline | [make_stationary] Differencing 29 non-stationary column(s)…
2026-04-09 16:31:17,860 | INFO | data_pipeline | [make_stationary] 'open' became stationary after 1 diff(s)  (p=0.0000).
2026-04-09 16:31:18,379 | INFO | data_pipeline | [make_stationary] 'high' became stationary after 1 diff(s)  (p=0.0000).
2026-04-09 16:31:18,895 | INFO | data_pipeline | [make_stationary] 'low' became stationary after 1 diff(s)  (p=0.0000).
2026-04-09 16:31:19,437 | INFO | data_pipeline | [make_stationary] 'close' became stationary after 1 diff(s)  (p=0.0000).
2026-04-09 16:31:19,982 | INFO | data_pipeline | [make_stationary] 'BB_UPPER' became stationary after 1 diff(s)  (p=0.0000).
2026-04-09 16:31:20,543 | INFO | data_pipeline | [make_stationary] 'BB_MIDDLE' became stationary after 1 diff(s)  (p=0.0000).
2026-04-09 16:31:21,098 | INFO | data_pipeline | [make_stationary] 'BB_LOWER' became stationary after 1 diff(s)  (p=0.0000).
2026-04-09 16:31:21,638 | INFO | data_pipeline | [make_stationary] 'DEMA_14' became stationary after 1 diff(s)  (p=0.0000).
2026-04-09 16:31:22,202 | INFO | data_pipeline | [make_stationary] 'EMA_14' became stationary after 1 diff(s)  (p=0.0000).
2026-04-09 16:31:22,751 | INFO | data_pipeline | [make_stationary] 'HT_TRENDLINE' became stationary after 1 diff(s)  (p=0.0000).
2026-04-09 16:31:23,301 | INFO | data_pipeline | [make_stationary] 'KAMA_14' became stationary after 1 diff(s)  (p=0.0000).
2026-04-09 16:31:23,865 | INFO | data_pipeline | [make_stationary] 'MA_14' became stationary after 1 diff(s)  (p=0.0000).
2026-04-09 16:31:24,422 | INFO | data_pipeline | [make_stationary] 'MIDPOINT_14' became stationary after 1 diff(s)  (p=0.0000).
2026-04-09 16:31:24,974 | INFO | data_pipeline | [make_stationary] 'MIDPRICE_14' became stationary after 1 diff(s)  (p=0.0000).
2026-04-09 16:31:25,531 | INFO | data_pipeline | [make_stationary] 'SAR' became stationary after 1 diff(s)  (p=0.0000).
2026-04-09 16:31:26,116 | INFO | data_pipeline | [make_stationary] 'SMA_14' became stationary after 1 diff(s)  (p=0.0000).
2026-04-09 16:31:26,666 | INFO | data_pipeline | [make_stationary] 'T3_14' became stationary after 1 diff(s)  (p=0.0000).
2026-04-09 16:31:27,237 | INFO | data_pipeline | [make_stationary] 'TEMA_14' became stationary after 1 diff(s)  (p=0.0000).
2026-04-09 16:31:27,794 | INFO | data_pipeline | [make_stationary] 'TRIMA_14' became stationary after 1 diff(s)  (p=0.0000).
2026-04-09 16:31:28,344 | INFO | data_pipeline | [make_stationary] 'WMA_14' became stationary after 1 diff(s)  (p=0.0000).
2026-04-09 16:31:28,893 | INFO | data_pipeline | [make_stationary] 'AD' became stationary after 1 diff(s)  (p=0.0000).
2026-04-09 16:31:29,429 | INFO | data_pipeline | [make_stationary] 'OBV' became stationary after 1 diff(s)  (p=0.0000).
2026-04-09 16:31:29,967 | INFO | data_pipeline | [make_stationary] 'AVGPRICE' became stationary after 1 diff(s)  (p=0.0000).
2026-04-09 16:31:30,523 | INFO | data_pipeline | [make_stationary] 'MEDPRICE' became stationary after 1 diff(s)  (p=0.0000).
2026-04-09 16:31:31,064 | INFO | data_pipeline | [make_stationary] 'TYPPRICE' became stationary after 1 diff(s)  (p=0.0000).
2026-04-09 16:31:31,595 | INFO | data_pipeline | [make_stationary] 'WCLPRICE' became stationary after 1 diff(s)  (p=0.0000).
2026-04-09 16:31:32,157 | INFO | data_pipeline | [make_stationary] 'LINEARREG_14' became stationary after 1 diff(s)  (p=0.0000).
2026-04-09 16:31:32,783 | INFO | data_pipeline | [make_stationary] 'LINEARREG_INTERCEPT_14' became stationary after 1 diff(s)  (p=0.0000).
2026-04-09 16:31:33,345 | INFO | data_pipeline | [make_stationary] 'TSF_14' became stationary after 1 diff(s)  (p=0.0000).
2026-04-09 16:31:33,365 | INFO | data_pipeline | [make_stationary] Shape after differencing & dropna: (8697, 89)
2026-04-09 16:31:33,365 | INFO | data_pipeline | Differencing summary: open=1d, high=1d, low=1d, close=1d, BB_UPPER=1d, BB_MIDDLE=1d, BB_LOWER=1d, DEMA_14=1d, EMA_14=1d, HT_TRENDLINE=1d, KAMA_14=1d, MA_14=1d, MIDPOINT_14=1d, MIDPRICE_14=1d, SAR=1d, SMA_14=1d, T3_14=1d, TEMA_14=1d, TRIMA_14=1d, WMA_14=1d, AD=1d, OBV=1d, AVGPRICE=1d, MEDPRICE=1d, TYPPRICE=1d, WCLPRICE=1d, LINEARREG_14=1d, LINEARREG_INTERCEPT_14=1d, TSF_14=1d
2026-04-09 16:31:33,378 | INFO | data_pipeline | train_ratio=0.7 → split at row 6087/8697 → split_date='2025-12-11 07:00:00' (70% train / 30% test)
2026-04-09 16:31:33,393 | INFO | data_pipeline | Classification target created — shape: (8697, 87), class counts:
{-1: 6516, 1: 2165, 0: 16}
2026-04-09 16:39:44,445 | INFO | data_pipeline | Fetching data: schema=data_binance, table=btc_1m, start=2025-03-29, end=2026-03-30
2026-04-09 16:39:57,170 | INFO | data_pipeline | Fetched 527,041 rows for btc.
2026-04-09 16:39:57,170 | INFO | data_pipeline | Resampling to 1h…
2026-04-09 16:39:57,574 | INFO | data_pipeline | Resampled shape: (8785, 6)
2026-04-09 16:39:57,574 | INFO | data_pipeline | Generating 71 indicator(s)…
2026-04-09 16:39:57,657 | INFO | data_pipeline | Feature shape after generation: (8785, 89)
2026-04-09 16:39:57,658 | INFO | data_pipeline | Running ADF stationarity tests…
2026-04-09 16:39:58,139 | INFO | data_pipeline | [ADF] 'open' — NON-STATIONARY  (p=0.8767, stat=-0.5740)
2026-04-09 16:39:58,521 | INFO | data_pipeline | [ADF] 'high' — NON-STATIONARY  (p=0.8825, stat=-0.5469)
2026-04-09 16:39:58,881 | INFO | data_pipeline | [ADF] 'low' — NON-STATIONARY  (p=0.8585, stat=-0.6534)
2026-04-09 16:39:59,248 | INFO | data_pipeline | [ADF] 'close' — NON-STATIONARY  (p=0.8754, stat=-0.5800)
2026-04-09 16:40:00,048 | INFO | data_pipeline | [ADF] 'BB_UPPER' — NON-STATIONARY  (p=0.9126, stat=-0.3850)
2026-04-09 16:40:00,424 | INFO | data_pipeline | [ADF] 'BB_MIDDLE' — NON-STATIONARY  (p=0.9121, stat=-0.3877)
2026-04-09 16:40:00,804 | INFO | data_pipeline | [ADF] 'BB_LOWER' — NON-STATIONARY  (p=0.8719, stat=-0.5961)
2026-04-09 16:40:01,168 | INFO | data_pipeline | [ADF] 'DEMA_14' — NON-STATIONARY  (p=0.8243, stat=-0.7821)
2026-04-09 16:40:01,524 | INFO | data_pipeline | [ADF] 'EMA_14' — NON-STATIONARY  (p=0.8837, stat=-0.5413)
2026-04-09 16:40:01,893 | INFO | data_pipeline | [ADF] 'HT_TRENDLINE' — NON-STATIONARY  (p=0.8997, stat=-0.4592)
2026-04-09 16:40:02,261 | INFO | data_pipeline | [ADF] 'KAMA_14' — NON-STATIONARY  (p=0.9003, stat=-0.4561)
2026-04-09 16:40:02,640 | INFO | data_pipeline | [ADF] 'MA_14' — NON-STATIONARY  (p=0.8865, stat=-0.5274)
2026-04-09 16:40:03,014 | INFO | data_pipeline | [ADF] 'MIDPOINT_14' — NON-STATIONARY  (p=0.8730, stat=-0.5908)
2026-04-09 16:40:03,386 | INFO | data_pipeline | [ADF] 'MIDPRICE_14' — NON-STATIONARY  (p=0.8624, stat=-0.6371)
2026-04-09 16:40:03,781 | INFO | data_pipeline | [ADF] 'SAR' — NON-STATIONARY  (p=0.8587, stat=-0.6524)
2026-04-09 16:40:04,687 | INFO | data_pipeline | [ADF] 'SMA_14' — NON-STATIONARY  (p=0.8865, stat=-0.5274)
2026-04-09 16:40:05,132 | INFO | data_pipeline | [ADF] 'T3_14' — NON-STATIONARY  (p=0.8759, stat=-0.5777)
2026-04-09 16:40:05,601 | INFO | data_pipeline | [ADF] 'TEMA_14' — NON-STATIONARY  (p=0.9008, stat=-0.4532)
2026-04-09 16:40:06,068 | INFO | data_pipeline | [ADF] 'TRIMA_14' — NON-STATIONARY  (p=0.8454, stat=-0.7050)
2026-04-09 16:40:06,528 | INFO | data_pipeline | [ADF] 'WMA_14' — NON-STATIONARY  (p=0.8953, stat=-0.4829)
2026-04-09 16:40:16,291 | INFO | data_pipeline | [ADF] 'AD' — NON-STATIONARY  (p=0.3670, stat=-1.8272)
2026-04-09 16:40:17,295 | INFO | data_pipeline | [ADF] 'OBV' — NON-STATIONARY  (p=0.9834, stat=0.4524)
2026-04-09 16:40:19,418 | INFO | data_pipeline | [ADF] 'AVGPRICE' — NON-STATIONARY  (p=0.8793, stat=-0.5623)
2026-04-09 16:40:19,945 | INFO | data_pipeline | [ADF] 'MEDPRICE' — NON-STATIONARY  (p=0.8680, stat=-0.6132)
2026-04-09 16:40:20,464 | INFO | data_pipeline | [ADF] 'TYPPRICE' — NON-STATIONARY  (p=0.8720, stat=-0.5955)
2026-04-09 16:40:20,967 | INFO | data_pipeline | [ADF] 'WCLPRICE' — NON-STATIONARY  (p=0.8716, stat=-0.5974)
2026-04-09 16:40:25,017 | INFO | data_pipeline | [ADF] 'LINEARREG_14' — NON-STATIONARY  (p=0.8692, stat=-0.6081)
2026-04-09 16:40:26,037 | INFO | data_pipeline | [ADF] 'LINEARREG_INTERCEPT_14' — NON-STATIONARY  (p=0.8633, stat=-0.6331)
2026-04-09 16:40:27,584 | INFO | data_pipeline | [ADF] 'TSF_14' — NON-STATIONARY  (p=0.8673, stat=-0.6161)
2026-04-09 16:40:28,092 | INFO | data_pipeline | [ADF] Tested 65 column(s): 36 stationary, 29 non-stationary.
2026-04-09 16:40:28,092 | INFO | data_pipeline | [make_stationary] Differencing 29 non-stationary column(s)…
2026-04-09 16:40:28,610 | INFO | data_pipeline | [make_stationary] 'open' became stationary after 1 diff(s)  (p=0.0000).
2026-04-09 16:40:29,122 | INFO | data_pipeline | [make_stationary] 'high' became stationary after 1 diff(s)  (p=0.0000).
2026-04-09 16:40:29,628 | INFO | data_pipeline | [make_stationary] 'low' became stationary after 1 diff(s)  (p=0.0000).
2026-04-09 16:40:30,143 | INFO | data_pipeline | [make_stationary] 'close' became stationary after 1 diff(s)  (p=0.0000).
2026-04-09 16:40:30,653 | INFO | data_pipeline | [make_stationary] 'BB_UPPER' became stationary after 1 diff(s)  (p=0.0000).
2026-04-09 16:40:31,185 | INFO | data_pipeline | [make_stationary] 'BB_MIDDLE' became stationary after 1 diff(s)  (p=0.0000).
2026-04-09 16:40:31,715 | INFO | data_pipeline | [make_stationary] 'BB_LOWER' became stationary after 1 diff(s)  (p=0.0000).
2026-04-09 16:40:32,205 | INFO | data_pipeline | [make_stationary] 'DEMA_14' became stationary after 1 diff(s)  (p=0.0000).
2026-04-09 16:40:32,693 | INFO | data_pipeline | [make_stationary] 'EMA_14' became stationary after 1 diff(s)  (p=0.0000).
2026-04-09 16:40:33,196 | INFO | data_pipeline | [make_stationary] 'HT_TRENDLINE' became stationary after 1 diff(s)  (p=0.0000).
2026-04-09 16:40:33,696 | INFO | data_pipeline | [make_stationary] 'KAMA_14' became stationary after 1 diff(s)  (p=0.0000).
2026-04-09 16:40:34,209 | INFO | data_pipeline | [make_stationary] 'MA_14' became stationary after 1 diff(s)  (p=0.0000).
2026-04-09 16:40:34,715 | INFO | data_pipeline | [make_stationary] 'MIDPOINT_14' became stationary after 1 diff(s)  (p=0.0000).
2026-04-09 16:40:35,219 | INFO | data_pipeline | [make_stationary] 'MIDPRICE_14' became stationary after 1 diff(s)  (p=0.0000).
2026-04-09 16:40:35,721 | INFO | data_pipeline | [make_stationary] 'SAR' became stationary after 1 diff(s)  (p=0.0000).
2026-04-09 16:40:36,237 | INFO | data_pipeline | [make_stationary] 'SMA_14' became stationary after 1 diff(s)  (p=0.0000).
2026-04-09 16:40:36,729 | INFO | data_pipeline | [make_stationary] 'T3_14' became stationary after 1 diff(s)  (p=0.0000).
2026-04-09 16:40:37,233 | INFO | data_pipeline | [make_stationary] 'TEMA_14' became stationary after 1 diff(s)  (p=0.0000).
2026-04-09 16:40:37,755 | INFO | data_pipeline | [make_stationary] 'TRIMA_14' became stationary after 1 diff(s)  (p=0.0000).
2026-04-09 16:40:38,253 | INFO | data_pipeline | [make_stationary] 'WMA_14' became stationary after 1 diff(s)  (p=0.0000).
2026-04-09 16:40:38,780 | INFO | data_pipeline | [make_stationary] 'AD' became stationary after 1 diff(s)  (p=0.0000).
2026-04-09 16:40:39,267 | INFO | data_pipeline | [make_stationary] 'OBV' became stationary after 1 diff(s)  (p=0.0000).
2026-04-09 16:40:39,757 | INFO | data_pipeline | [make_stationary] 'AVGPRICE' became stationary after 1 diff(s)  (p=0.0000).
2026-04-09 16:40:40,268 | INFO | data_pipeline | [make_stationary] 'MEDPRICE' became stationary after 1 diff(s)  (p=0.0000).
2026-04-09 16:40:40,766 | INFO | data_pipeline | [make_stationary] 'TYPPRICE' became stationary after 1 diff(s)  (p=0.0000).
2026-04-09 16:40:41,242 | INFO | data_pipeline | [make_stationary] 'WCLPRICE' became stationary after 1 diff(s)  (p=0.0000).
2026-04-09 16:40:41,761 | INFO | data_pipeline | [make_stationary] 'LINEARREG_14' became stationary after 1 diff(s)  (p=0.0000).
2026-04-09 16:40:42,283 | INFO | data_pipeline | [make_stationary] 'LINEARREG_INTERCEPT_14' became stationary after 1 diff(s)  (p=0.0000).
2026-04-09 16:40:42,810 | INFO | data_pipeline | [make_stationary] 'TSF_14' became stationary after 1 diff(s)  (p=0.0000).
2026-04-09 16:40:42,830 | INFO | data_pipeline | [make_stationary] Shape after differencing & dropna: (8697, 89)
2026-04-09 16:40:42,830 | INFO | data_pipeline | Differencing summary: open=1d, high=1d, low=1d, close=1d, BB_UPPER=1d, BB_MIDDLE=1d, BB_LOWER=1d, DEMA_14=1d, EMA_14=1d, HT_TRENDLINE=1d, KAMA_14=1d, MA_14=1d, MIDPOINT_14=1d, MIDPRICE_14=1d, SAR=1d, SMA_14=1d, T3_14=1d, TEMA_14=1d, TRIMA_14=1d, WMA_14=1d, AD=1d, OBV=1d, AVGPRICE=1d, MEDPRICE=1d, TYPPRICE=1d, WCLPRICE=1d, LINEARREG_14=1d, LINEARREG_INTERCEPT_14=1d, TSF_14=1d
2026-04-09 16:40:42,840 | INFO | data_pipeline | train_ratio=0.7 → split at row 6087/8697 → split_date='2025-12-11 07:00:00' (70% train / 30% test)
2026-04-09 16:40:42,852 | WARNING | data_pipeline | [create_classification_target] Neutral class is only 0.3% of data (threshold=0.003). Reassigning neutral rows by return sign to avoid degenerate class weights. Consider raising `threshold`.
2026-04-09 16:40:42,862 | INFO | data_pipeline | Classification target created — shape: (8697, 87), class counts:
{-1: 6531, 1: 2166}
2026-04-09 17:38:46,866 | INFO | data_pipeline | Fetching data: schema=data_binance, table=btc_1m, start=2025-03-29, end=2026-03-30
2026-04-09 17:39:00,459 | INFO | data_pipeline | Fetched 527,041 rows for btc.
2026-04-09 17:39:00,459 | INFO | data_pipeline | Resampling to 1h…
2026-04-09 17:39:00,752 | INFO | data_pipeline | Resampled shape: (8785, 6)
2026-04-09 17:39:00,752 | INFO | data_pipeline | Generating 71 indicator(s)…
2026-04-09 17:39:00,832 | INFO | data_pipeline | Feature shape after generation: (8785, 89)
2026-04-09 17:39:00,833 | INFO | data_pipeline | Running ADF stationarity tests…
2026-04-09 17:39:01,375 | INFO | data_pipeline | [ADF] 'open' — NON-STATIONARY  (p=0.8767, stat=-0.5740)
2026-04-09 17:39:01,823 | INFO | data_pipeline | [ADF] 'high' — NON-STATIONARY  (p=0.8825, stat=-0.5469)
2026-04-09 17:39:02,195 | INFO | data_pipeline | [ADF] 'low' — NON-STATIONARY  (p=0.8585, stat=-0.6534)
2026-04-09 17:39:02,565 | INFO | data_pipeline | [ADF] 'close' — NON-STATIONARY  (p=0.8754, stat=-0.5800)
2026-04-09 17:39:03,327 | INFO | data_pipeline | [ADF] 'BB_UPPER' — NON-STATIONARY  (p=0.9126, stat=-0.3850)
2026-04-09 17:39:03,707 | INFO | data_pipeline | [ADF] 'BB_MIDDLE' — NON-STATIONARY  (p=0.9121, stat=-0.3877)
2026-04-09 17:39:04,085 | INFO | data_pipeline | [ADF] 'BB_LOWER' — NON-STATIONARY  (p=0.8719, stat=-0.5961)
2026-04-09 17:39:04,456 | INFO | data_pipeline | [ADF] 'DEMA_14' — NON-STATIONARY  (p=0.8243, stat=-0.7821)
2026-04-09 17:39:04,825 | INFO | data_pipeline | [ADF] 'EMA_14' — NON-STATIONARY  (p=0.8837, stat=-0.5413)
2026-04-09 17:39:05,185 | INFO | data_pipeline | [ADF] 'HT_TRENDLINE' — NON-STATIONARY  (p=0.8997, stat=-0.4592)
2026-04-09 17:39:05,560 | INFO | data_pipeline | [ADF] 'KAMA_14' — NON-STATIONARY  (p=0.9003, stat=-0.4561)
2026-04-09 17:39:05,952 | INFO | data_pipeline | [ADF] 'MA_14' — NON-STATIONARY  (p=0.8865, stat=-0.5274)
2026-04-09 17:39:06,338 | INFO | data_pipeline | [ADF] 'MIDPOINT_14' — NON-STATIONARY  (p=0.8730, stat=-0.5908)
2026-04-09 17:39:06,725 | INFO | data_pipeline | [ADF] 'MIDPRICE_14' — NON-STATIONARY  (p=0.8624, stat=-0.6371)
2026-04-09 17:39:07,111 | INFO | data_pipeline | [ADF] 'SAR' — NON-STATIONARY  (p=0.8587, stat=-0.6524)
2026-04-09 17:39:07,881 | INFO | data_pipeline | [ADF] 'SMA_14' — NON-STATIONARY  (p=0.8865, stat=-0.5274)
2026-04-09 17:39:08,249 | INFO | data_pipeline | [ADF] 'T3_14' — NON-STATIONARY  (p=0.8759, stat=-0.5777)
2026-04-09 17:39:08,658 | INFO | data_pipeline | [ADF] 'TEMA_14' — NON-STATIONARY  (p=0.9008, stat=-0.4532)
2026-04-09 17:39:09,093 | INFO | data_pipeline | [ADF] 'TRIMA_14' — NON-STATIONARY  (p=0.8454, stat=-0.7050)
2026-04-09 17:39:09,564 | INFO | data_pipeline | [ADF] 'WMA_14' — NON-STATIONARY  (p=0.8953, stat=-0.4829)
2026-04-09 17:39:19,795 | INFO | data_pipeline | [ADF] 'AD' — NON-STATIONARY  (p=0.3670, stat=-1.8272)
2026-04-09 17:39:20,888 | INFO | data_pipeline | [ADF] 'OBV' — NON-STATIONARY  (p=0.9834, stat=0.4524)
2026-04-09 17:39:23,125 | INFO | data_pipeline | [ADF] 'AVGPRICE' — NON-STATIONARY  (p=0.8793, stat=-0.5623)
2026-04-09 17:39:23,667 | INFO | data_pipeline | [ADF] 'MEDPRICE' — NON-STATIONARY  (p=0.8680, stat=-0.6132)
2026-04-09 17:39:24,217 | INFO | data_pipeline | [ADF] 'TYPPRICE' — NON-STATIONARY  (p=0.8720, stat=-0.5955)
2026-04-09 17:39:24,780 | INFO | data_pipeline | [ADF] 'WCLPRICE' — NON-STATIONARY  (p=0.8716, stat=-0.5974)
2026-04-09 17:39:29,140 | INFO | data_pipeline | [ADF] 'LINEARREG_14' — NON-STATIONARY  (p=0.8692, stat=-0.6081)
2026-04-09 17:39:30,251 | INFO | data_pipeline | [ADF] 'LINEARREG_INTERCEPT_14' — NON-STATIONARY  (p=0.8633, stat=-0.6331)
2026-04-09 17:39:31,940 | INFO | data_pipeline | [ADF] 'TSF_14' — NON-STATIONARY  (p=0.8673, stat=-0.6161)
2026-04-09 17:39:32,483 | INFO | data_pipeline | [ADF] Tested 65 column(s): 36 stationary, 29 non-stationary.
2026-04-09 17:39:32,495 | INFO | data_pipeline | [make_stationary] Differencing 29 non-stationary column(s)…
2026-04-09 17:39:33,035 | INFO | data_pipeline | [make_stationary] 'open' became stationary after 1 diff(s)  (p=0.0000).
2026-04-09 17:39:33,569 | INFO | data_pipeline | [make_stationary] 'high' became stationary after 1 diff(s)  (p=0.0000).
2026-04-09 17:39:34,121 | INFO | data_pipeline | [make_stationary] 'low' became stationary after 1 diff(s)  (p=0.0000).
2026-04-09 17:39:34,670 | INFO | data_pipeline | [make_stationary] 'close' became stationary after 1 diff(s)  (p=0.0000).
2026-04-09 17:39:35,224 | INFO | data_pipeline | [make_stationary] 'BB_UPPER' became stationary after 1 diff(s)  (p=0.0000).
2026-04-09 17:39:35,788 | INFO | data_pipeline | [make_stationary] 'BB_MIDDLE' became stationary after 1 diff(s)  (p=0.0000).
2026-04-09 17:39:36,342 | INFO | data_pipeline | [make_stationary] 'BB_LOWER' became stationary after 1 diff(s)  (p=0.0000).
2026-04-09 17:39:36,874 | INFO | data_pipeline | [make_stationary] 'DEMA_14' became stationary after 1 diff(s)  (p=0.0000).
2026-04-09 17:39:37,401 | INFO | data_pipeline | [make_stationary] 'EMA_14' became stationary after 1 diff(s)  (p=0.0000).
2026-04-09 17:39:37,955 | INFO | data_pipeline | [make_stationary] 'HT_TRENDLINE' became stationary after 1 diff(s)  (p=0.0000).
2026-04-09 17:39:38,493 | INFO | data_pipeline | [make_stationary] 'KAMA_14' became stationary after 1 diff(s)  (p=0.0000).
2026-04-09 17:39:39,077 | INFO | data_pipeline | [make_stationary] 'MA_14' became stationary after 1 diff(s)  (p=0.0000).
2026-04-09 17:39:39,651 | INFO | data_pipeline | [make_stationary] 'MIDPOINT_14' became stationary after 1 diff(s)  (p=0.0000).
2026-04-09 17:39:40,210 | INFO | data_pipeline | [make_stationary] 'MIDPRICE_14' became stationary after 1 diff(s)  (p=0.0000).
2026-04-09 17:39:40,762 | INFO | data_pipeline | [make_stationary] 'SAR' became stationary after 1 diff(s)  (p=0.0000).
2026-04-09 17:39:41,326 | INFO | data_pipeline | [make_stationary] 'SMA_14' became stationary after 1 diff(s)  (p=0.0000).
2026-04-09 17:39:41,855 | INFO | data_pipeline | [make_stationary] 'T3_14' became stationary after 1 diff(s)  (p=0.0000).
2026-04-09 17:39:42,408 | INFO | data_pipeline | [make_stationary] 'TEMA_14' became stationary after 1 diff(s)  (p=0.0000).
2026-04-09 17:39:43,009 | INFO | data_pipeline | [make_stationary] 'TRIMA_14' became stationary after 1 diff(s)  (p=0.0000).
2026-04-09 17:39:43,530 | INFO | data_pipeline | [make_stationary] 'WMA_14' became stationary after 1 diff(s)  (p=0.0000).
2026-04-09 17:39:44,046 | INFO | data_pipeline | [make_stationary] 'AD' became stationary after 1 diff(s)  (p=0.0000).
2026-04-09 17:39:44,555 | INFO | data_pipeline | [make_stationary] 'OBV' became stationary after 1 diff(s)  (p=0.0000).
2026-04-09 17:39:45,068 | INFO | data_pipeline | [make_stationary] 'AVGPRICE' became stationary after 1 diff(s)  (p=0.0000).
2026-04-09 17:39:45,572 | INFO | data_pipeline | [make_stationary] 'MEDPRICE' became stationary after 1 diff(s)  (p=0.0000).
2026-04-09 17:39:46,079 | INFO | data_pipeline | [make_stationary] 'TYPPRICE' became stationary after 1 diff(s)  (p=0.0000).
2026-04-09 17:39:46,595 | INFO | data_pipeline | [make_stationary] 'WCLPRICE' became stationary after 1 diff(s)  (p=0.0000).
2026-04-09 17:39:47,150 | INFO | data_pipeline | [make_stationary] 'LINEARREG_14' became stationary after 1 diff(s)  (p=0.0000).
2026-04-09 17:39:47,688 | INFO | data_pipeline | [make_stationary] 'LINEARREG_INTERCEPT_14' became stationary after 1 diff(s)  (p=0.0000).
2026-04-09 17:39:48,231 | INFO | data_pipeline | [make_stationary] 'TSF_14' became stationary after 1 diff(s)  (p=0.0000).
2026-04-09 17:39:48,247 | INFO | data_pipeline | [make_stationary] Shape after differencing & dropna: (8697, 89)
2026-04-09 17:39:48,247 | INFO | data_pipeline | Differencing summary: open=1d, high=1d, low=1d, close=1d, BB_UPPER=1d, BB_MIDDLE=1d, BB_LOWER=1d, DEMA_14=1d, EMA_14=1d, HT_TRENDLINE=1d, KAMA_14=1d, MA_14=1d, MIDPOINT_14=1d, MIDPRICE_14=1d, SAR=1d, SMA_14=1d, T3_14=1d, TEMA_14=1d, TRIMA_14=1d, WMA_14=1d, AD=1d, OBV=1d, AVGPRICE=1d, MEDPRICE=1d, TYPPRICE=1d, WCLPRICE=1d, LINEARREG_14=1d, LINEARREG_INTERCEPT_14=1d, TSF_14=1d
2026-04-09 17:39:48,261 | INFO | data_pipeline | train_ratio=0.7 → split at row 6087/8697 → split_date='2025-12-11 07:00:00' (70% train / 30% test)
2026-04-09 17:39:48,302 | INFO | data_pipeline | Regression target created — shape: (8683, 87)
2026-04-10 09:44:30,638 | INFO | data_pipeline | Fetching data: schema=data_binance, table=btc_1m, start=2025-03-29, end=2026-03-30
2026-04-10 09:44:51,358 | INFO | data_pipeline | Fetched 527,041 rows for btc.
2026-04-10 09:44:51,358 | INFO | data_pipeline | Resampling to 1h…
2026-04-10 09:44:51,711 | INFO | data_pipeline | Resampled shape: (8785, 6)
2026-04-10 09:44:51,711 | INFO | data_pipeline | Generating 71 indicator(s)…
2026-04-10 09:44:51,777 | INFO | data_pipeline | Feature shape after generation: (8785, 89)
2026-04-10 09:44:51,777 | INFO | data_pipeline | Running ADF stationarity tests…
2026-04-10 09:44:52,527 | INFO | data_pipeline | [ADF] 'open' — NON-STATIONARY  (p=0.8767, stat=-0.5740)
2026-04-10 09:44:53,297 | INFO | data_pipeline | [ADF] 'high' — NON-STATIONARY  (p=0.8825, stat=-0.5469)
2026-04-10 09:44:53,965 | INFO | data_pipeline | [ADF] 'low' — NON-STATIONARY  (p=0.8585, stat=-0.6534)
2026-04-10 09:44:54,584 | INFO | data_pipeline | [ADF] 'close' — NON-STATIONARY  (p=0.8754, stat=-0.5800)
2026-04-10 09:44:55,825 | INFO | data_pipeline | [ADF] 'BB_UPPER' — NON-STATIONARY  (p=0.9126, stat=-0.3850)
2026-04-10 09:44:56,435 | INFO | data_pipeline | [ADF] 'BB_MIDDLE' — NON-STATIONARY  (p=0.9121, stat=-0.3877)
2026-04-10 09:44:57,055 | INFO | data_pipeline | [ADF] 'BB_LOWER' — NON-STATIONARY  (p=0.8719, stat=-0.5961)
2026-04-10 09:44:57,663 | INFO | data_pipeline | [ADF] 'DEMA_14' — NON-STATIONARY  (p=0.8243, stat=-0.7821)
2026-04-10 09:44:58,224 | INFO | data_pipeline | [ADF] 'EMA_14' — NON-STATIONARY  (p=0.8837, stat=-0.5413)
2026-04-10 09:44:58,807 | INFO | data_pipeline | [ADF] 'HT_TRENDLINE' — NON-STATIONARY  (p=0.8997, stat=-0.4592)
2026-04-10 09:44:59,401 | INFO | data_pipeline | [ADF] 'KAMA_14' — NON-STATIONARY  (p=0.9003, stat=-0.4561)
2026-04-10 09:44:59,992 | INFO | data_pipeline | [ADF] 'MA_14' — NON-STATIONARY  (p=0.8865, stat=-0.5274)
2026-04-10 09:45:00,610 | INFO | data_pipeline | [ADF] 'MIDPOINT_14' — NON-STATIONARY  (p=0.8730, stat=-0.5908)
2026-04-10 09:45:01,261 | INFO | data_pipeline | [ADF] 'MIDPRICE_14' — NON-STATIONARY  (p=0.8624, stat=-0.6371)
2026-04-10 09:45:01,916 | INFO | data_pipeline | [ADF] 'SAR' — NON-STATIONARY  (p=0.8587, stat=-0.6524)
2026-04-10 09:45:03,145 | INFO | data_pipeline | [ADF] 'SMA_14' — NON-STATIONARY  (p=0.8865, stat=-0.5274)
2026-04-10 09:45:03,735 | INFO | data_pipeline | [ADF] 'T3_14' — NON-STATIONARY  (p=0.8759, stat=-0.5777)
2026-04-10 09:45:04,290 | INFO | data_pipeline | [ADF] 'TEMA_14' — NON-STATIONARY  (p=0.9008, stat=-0.4532)
2026-04-10 09:45:04,880 | INFO | data_pipeline | [ADF] 'TRIMA_14' — NON-STATIONARY  (p=0.8454, stat=-0.7050)
2026-04-10 09:45:05,493 | INFO | data_pipeline | [ADF] 'WMA_14' — NON-STATIONARY  (p=0.8953, stat=-0.4829)
2026-04-10 09:45:17,229 | INFO | data_pipeline | [ADF] 'AD' — NON-STATIONARY  (p=0.3670, stat=-1.8272)
2026-04-10 09:45:18,565 | INFO | data_pipeline | [ADF] 'OBV' — NON-STATIONARY  (p=0.9834, stat=0.4524)
2026-04-10 09:45:21,003 | INFO | data_pipeline | [ADF] 'AVGPRICE' — NON-STATIONARY  (p=0.8793, stat=-0.5623)
2026-04-10 09:45:21,553 | INFO | data_pipeline | [ADF] 'MEDPRICE' — NON-STATIONARY  (p=0.8680, stat=-0.6132)
2026-04-10 09:45:22,101 | INFO | data_pipeline | [ADF] 'TYPPRICE' — NON-STATIONARY  (p=0.8720, stat=-0.5955)
2026-04-10 09:45:22,671 | INFO | data_pipeline | [ADF] 'WCLPRICE' — NON-STATIONARY  (p=0.8716, stat=-0.5974)
2026-04-10 09:45:27,452 | INFO | data_pipeline | [ADF] 'LINEARREG_14' — NON-STATIONARY  (p=0.8692, stat=-0.6081)
2026-04-10 09:45:28,607 | INFO | data_pipeline | [ADF] 'LINEARREG_INTERCEPT_14' — NON-STATIONARY  (p=0.8633, stat=-0.6331)
2026-04-10 09:45:30,429 | INFO | data_pipeline | [ADF] 'TSF_14' — NON-STATIONARY  (p=0.8673, stat=-0.6161)
2026-04-10 09:45:31,093 | INFO | data_pipeline | [ADF] Tested 65 column(s): 36 stationary, 29 non-stationary.
2026-04-10 09:45:31,101 | INFO | data_pipeline | [make_stationary] Differencing 29 non-stationary column(s)…
2026-04-10 09:45:31,726 | INFO | data_pipeline | [make_stationary] 'open' became stationary after 1 diff(s)  (p=0.0000).
2026-04-10 09:45:32,344 | INFO | data_pipeline | [make_stationary] 'high' became stationary after 1 diff(s)  (p=0.0000).
2026-04-10 09:45:32,910 | INFO | data_pipeline | [make_stationary] 'low' became stationary after 1 diff(s)  (p=0.0000).
2026-04-10 09:45:33,476 | INFO | data_pipeline | [make_stationary] 'close' became stationary after 1 diff(s)  (p=0.0000).
2026-04-10 09:45:34,036 | INFO | data_pipeline | [make_stationary] 'BB_UPPER' became stationary after 1 diff(s)  (p=0.0000).
2026-04-10 09:45:34,616 | INFO | data_pipeline | [make_stationary] 'BB_MIDDLE' became stationary after 1 diff(s)  (p=0.0000).
2026-04-10 09:45:35,188 | INFO | data_pipeline | [make_stationary] 'BB_LOWER' became stationary after 1 diff(s)  (p=0.0000).
2026-04-10 09:45:35,742 | INFO | data_pipeline | [make_stationary] 'DEMA_14' became stationary after 1 diff(s)  (p=0.0000).
2026-04-10 09:45:36,311 | INFO | data_pipeline | [make_stationary] 'EMA_14' became stationary after 1 diff(s)  (p=0.0000).
2026-04-10 09:45:36,884 | INFO | data_pipeline | [make_stationary] 'HT_TRENDLINE' became stationary after 1 diff(s)  (p=0.0000).
2026-04-10 09:45:37,538 | INFO | data_pipeline | [make_stationary] 'KAMA_14' became stationary after 1 diff(s)  (p=0.0000).
2026-04-10 09:45:38,207 | INFO | data_pipeline | [make_stationary] 'MA_14' became stationary after 1 diff(s)  (p=0.0000).
2026-04-10 09:45:38,927 | INFO | data_pipeline | [make_stationary] 'MIDPOINT_14' became stationary after 1 diff(s)  (p=0.0000).
2026-04-10 09:45:39,540 | INFO | data_pipeline | [make_stationary] 'MIDPRICE_14' became stationary after 1 diff(s)  (p=0.0000).
2026-04-10 09:45:40,110 | INFO | data_pipeline | [make_stationary] 'SAR' became stationary after 1 diff(s)  (p=0.0000).
2026-04-10 09:45:40,689 | INFO | data_pipeline | [make_stationary] 'SMA_14' became stationary after 1 diff(s)  (p=0.0000).
2026-04-10 09:45:41,330 | INFO | data_pipeline | [make_stationary] 'T3_14' became stationary after 1 diff(s)  (p=0.0000).
2026-04-10 09:45:42,044 | INFO | data_pipeline | [make_stationary] 'TEMA_14' became stationary after 1 diff(s)  (p=0.0000).
2026-04-10 09:45:42,707 | INFO | data_pipeline | [make_stationary] 'TRIMA_14' became stationary after 1 diff(s)  (p=0.0000).
2026-04-10 09:45:43,292 | INFO | data_pipeline | [make_stationary] 'WMA_14' became stationary after 1 diff(s)  (p=0.0000).
2026-04-10 09:45:43,873 | INFO | data_pipeline | [make_stationary] 'AD' became stationary after 1 diff(s)  (p=0.0000).
2026-04-10 09:45:44,514 | INFO | data_pipeline | [make_stationary] 'OBV' became stationary after 1 diff(s)  (p=0.0000).
2026-04-10 09:45:45,139 | INFO | data_pipeline | [make_stationary] 'AVGPRICE' became stationary after 1 diff(s)  (p=0.0000).
2026-04-10 09:45:45,710 | INFO | data_pipeline | [make_stationary] 'MEDPRICE' became stationary after 1 diff(s)  (p=0.0000).
2026-04-10 09:45:46,249 | INFO | data_pipeline | [make_stationary] 'TYPPRICE' became stationary after 1 diff(s)  (p=0.0000).
2026-04-10 09:45:46,794 | INFO | data_pipeline | [make_stationary] 'WCLPRICE' became stationary after 1 diff(s)  (p=0.0000).
2026-04-10 09:45:47,432 | INFO | data_pipeline | [make_stationary] 'LINEARREG_14' became stationary after 1 diff(s)  (p=0.0000).
2026-04-10 09:45:48,085 | INFO | data_pipeline | [make_stationary] 'LINEARREG_INTERCEPT_14' became stationary after 1 diff(s)  (p=0.0000).
2026-04-10 09:45:48,737 | INFO | data_pipeline | [make_stationary] 'TSF_14' became stationary after 1 diff(s)  (p=0.0000).
2026-04-10 09:45:48,757 | INFO | data_pipeline | [make_stationary] Shape after differencing & dropna: (8697, 89)
2026-04-10 09:45:48,757 | INFO | data_pipeline | Differencing summary: open=1d, high=1d, low=1d, close=1d, BB_UPPER=1d, BB_MIDDLE=1d, BB_LOWER=1d, DEMA_14=1d, EMA_14=1d, HT_TRENDLINE=1d, KAMA_14=1d, MA_14=1d, MIDPOINT_14=1d, MIDPRICE_14=1d, SAR=1d, SMA_14=1d, T3_14=1d, TEMA_14=1d, TRIMA_14=1d, WMA_14=1d, AD=1d, OBV=1d, AVGPRICE=1d, MEDPRICE=1d, TYPPRICE=1d, WCLPRICE=1d, LINEARREG_14=1d, LINEARREG_INTERCEPT_14=1d, TSF_14=1d
2026-04-10 09:45:48,770 | INFO | data_pipeline | train_ratio=0.7 → split at row 6087/8697 → split_date='2025-12-11 07:00:00' (70% train / 30% test)
2026-04-10 09:45:48,795 | INFO | data_pipeline | Regression target created — shape: (8683, 87)
2026-04-10 10:08:19,600 | INFO | data_pipeline | Fetching data: schema=data_binance, table=btc_1m, start=2025-03-29, end=2026-03-30
2026-04-10 10:08:38,757 | INFO | data_pipeline | Fetched 527,041 rows for btc.
2026-04-10 10:08:38,757 | INFO | data_pipeline | Resampling to 1h…
2026-04-10 10:08:38,994 | INFO | data_pipeline | Resampled shape: (8785, 6)
2026-04-10 10:08:38,994 | INFO | data_pipeline | Generating 71 indicator(s)…
2026-04-10 10:08:39,049 | INFO | data_pipeline | Feature shape after generation: (8785, 89)
2026-04-10 10:08:39,049 | INFO | data_pipeline | Running ADF stationarity tests…
2026-04-10 10:08:39,654 | INFO | data_pipeline | [ADF] 'open' — NON-STATIONARY  (p=0.8767, stat=-0.5740)
2026-04-10 10:08:40,248 | INFO | data_pipeline | [ADF] 'high' — NON-STATIONARY  (p=0.8825, stat=-0.5469)
2026-04-10 10:08:40,831 | INFO | data_pipeline | [ADF] 'low' — NON-STATIONARY  (p=0.8585, stat=-0.6534)
2026-04-10 10:08:41,413 | INFO | data_pipeline | [ADF] 'close' — NON-STATIONARY  (p=0.8754, stat=-0.5800)
2026-04-10 10:08:42,632 | INFO | data_pipeline | [ADF] 'BB_UPPER' — NON-STATIONARY  (p=0.9126, stat=-0.3850)
2026-04-10 10:08:43,230 | INFO | data_pipeline | [ADF] 'BB_MIDDLE' — NON-STATIONARY  (p=0.9121, stat=-0.3877)
2026-04-10 10:08:43,834 | INFO | data_pipeline | [ADF] 'BB_LOWER' — NON-STATIONARY  (p=0.8719, stat=-0.5961)
2026-04-10 10:08:44,415 | INFO | data_pipeline | [ADF] 'DEMA_14' — NON-STATIONARY  (p=0.8243, stat=-0.7821)
2026-04-10 10:08:44,996 | INFO | data_pipeline | [ADF] 'EMA_14' — NON-STATIONARY  (p=0.8837, stat=-0.5413)
2026-04-10 10:08:45,599 | INFO | data_pipeline | [ADF] 'HT_TRENDLINE' — NON-STATIONARY  (p=0.8997, stat=-0.4592)
2026-04-10 10:08:46,213 | INFO | data_pipeline | [ADF] 'KAMA_14' — NON-STATIONARY  (p=0.9003, stat=-0.4561)
2026-04-10 10:08:46,991 | INFO | data_pipeline | [ADF] 'MA_14' — NON-STATIONARY  (p=0.8865, stat=-0.5274)
2026-04-10 10:08:47,639 | INFO | data_pipeline | [ADF] 'MIDPOINT_14' — NON-STATIONARY  (p=0.8730, stat=-0.5908)
2026-04-10 10:08:48,314 | INFO | data_pipeline | [ADF] 'MIDPRICE_14' — NON-STATIONARY  (p=0.8624, stat=-0.6371)
2026-04-10 10:08:48,955 | INFO | data_pipeline | [ADF] 'SAR' — NON-STATIONARY  (p=0.8587, stat=-0.6524)
2026-04-10 10:08:50,179 | INFO | data_pipeline | [ADF] 'SMA_14' — NON-STATIONARY  (p=0.8865, stat=-0.5274)
2026-04-10 10:08:50,759 | INFO | data_pipeline | [ADF] 'T3_14' — NON-STATIONARY  (p=0.8759, stat=-0.5777)
2026-04-10 10:08:51,362 | INFO | data_pipeline | [ADF] 'TEMA_14' — NON-STATIONARY  (p=0.9008, stat=-0.4532)
2026-04-10 10:08:51,957 | INFO | data_pipeline | [ADF] 'TRIMA_14' — NON-STATIONARY  (p=0.8454, stat=-0.7050)
2026-04-10 10:08:52,526 | INFO | data_pipeline | [ADF] 'WMA_14' — NON-STATIONARY  (p=0.8953, stat=-0.4829)
2026-04-10 10:09:03,749 | INFO | data_pipeline | [ADF] 'AD' — NON-STATIONARY  (p=0.3670, stat=-1.8272)
2026-04-10 10:09:04,931 | INFO | data_pipeline | [ADF] 'OBV' — NON-STATIONARY  (p=0.9834, stat=0.4524)
2026-04-10 10:09:07,596 | INFO | data_pipeline | [ADF] 'AVGPRICE' — NON-STATIONARY  (p=0.8793, stat=-0.5623)
2026-04-10 10:09:08,197 | INFO | data_pipeline | [ADF] 'MEDPRICE' — NON-STATIONARY  (p=0.8680, stat=-0.6132)
2026-04-10 10:09:08,767 | INFO | data_pipeline | [ADF] 'TYPPRICE' — NON-STATIONARY  (p=0.8720, stat=-0.5955)
2026-04-10 10:09:09,348 | INFO | data_pipeline | [ADF] 'WCLPRICE' — NON-STATIONARY  (p=0.8716, stat=-0.5974)
2026-04-10 10:09:14,318 | INFO | data_pipeline | [ADF] 'LINEARREG_14' — NON-STATIONARY  (p=0.8692, stat=-0.6081)
2026-04-10 10:09:15,517 | INFO | data_pipeline | [ADF] 'LINEARREG_INTERCEPT_14' — NON-STATIONARY  (p=0.8633, stat=-0.6331)
2026-04-10 10:09:17,282 | INFO | data_pipeline | [ADF] 'TSF_14' — NON-STATIONARY  (p=0.8673, stat=-0.6161)
2026-04-10 10:09:17,865 | INFO | data_pipeline | [ADF] Tested 65 column(s): 36 stationary, 29 non-stationary.
2026-04-10 10:09:17,878 | INFO | data_pipeline | [make_stationary] Differencing 29 non-stationary column(s)…
2026-04-10 10:09:18,462 | INFO | data_pipeline | [make_stationary] 'open' became stationary after 1 diff(s)  (p=0.0000).
2026-04-10 10:09:19,028 | INFO | data_pipeline | [make_stationary] 'high' became stationary after 1 diff(s)  (p=0.0000).
2026-04-10 10:09:19,598 | INFO | data_pipeline | [make_stationary] 'low' became stationary after 1 diff(s)  (p=0.0000).
2026-04-10 10:09:20,175 | INFO | data_pipeline | [make_stationary] 'close' became stationary after 1 diff(s)  (p=0.0000).
2026-04-10 10:09:20,770 | INFO | data_pipeline | [make_stationary] 'BB_UPPER' became stationary after 1 diff(s)  (p=0.0000).
2026-04-10 10:09:21,366 | INFO | data_pipeline | [make_stationary] 'BB_MIDDLE' became stationary after 1 diff(s)  (p=0.0000).
2026-04-10 10:09:21,967 | INFO | data_pipeline | [make_stationary] 'BB_LOWER' became stationary after 1 diff(s)  (p=0.0000).
2026-04-10 10:09:22,541 | INFO | data_pipeline | [make_stationary] 'DEMA_14' became stationary after 1 diff(s)  (p=0.0000).
2026-04-10 10:09:23,127 | INFO | data_pipeline | [make_stationary] 'EMA_14' became stationary after 1 diff(s)  (p=0.0000).
2026-04-10 10:09:23,707 | INFO | data_pipeline | [make_stationary] 'HT_TRENDLINE' became stationary after 1 diff(s)  (p=0.0000).
2026-04-10 10:09:24,281 | INFO | data_pipeline | [make_stationary] 'KAMA_14' became stationary after 1 diff(s)  (p=0.0000).
2026-04-10 10:09:24,883 | INFO | data_pipeline | [make_stationary] 'MA_14' became stationary after 1 diff(s)  (p=0.0000).
2026-04-10 10:09:25,459 | INFO | data_pipeline | [make_stationary] 'MIDPOINT_14' became stationary after 1 diff(s)  (p=0.0000).
2026-04-10 10:09:26,047 | INFO | data_pipeline | [make_stationary] 'MIDPRICE_14' became stationary after 1 diff(s)  (p=0.0000).
2026-04-10 10:09:26,607 | INFO | data_pipeline | [make_stationary] 'SAR' became stationary after 1 diff(s)  (p=0.0000).
2026-04-10 10:09:27,188 | INFO | data_pipeline | [make_stationary] 'SMA_14' became stationary after 1 diff(s)  (p=0.0000).
2026-04-10 10:09:27,740 | INFO | data_pipeline | [make_stationary] 'T3_14' became stationary after 1 diff(s)  (p=0.0000).
2026-04-10 10:09:28,342 | INFO | data_pipeline | [make_stationary] 'TEMA_14' became stationary after 1 diff(s)  (p=0.0000).
2026-04-10 10:09:28,931 | INFO | data_pipeline | [make_stationary] 'TRIMA_14' became stationary after 1 diff(s)  (p=0.0000).
2026-04-10 10:09:29,487 | INFO | data_pipeline | [make_stationary] 'WMA_14' became stationary after 1 diff(s)  (p=0.0000).
2026-04-10 10:09:30,072 | INFO | data_pipeline | [make_stationary] 'AD' became stationary after 1 diff(s)  (p=0.0000).
2026-04-10 10:09:30,627 | INFO | data_pipeline | [make_stationary] 'OBV' became stationary after 1 diff(s)  (p=0.0000).
2026-04-10 10:09:31,176 | INFO | data_pipeline | [make_stationary] 'AVGPRICE' became stationary after 1 diff(s)  (p=0.0000).
2026-04-10 10:09:31,729 | INFO | data_pipeline | [make_stationary] 'MEDPRICE' became stationary after 1 diff(s)  (p=0.0000).
2026-04-10 10:09:32,292 | INFO | data_pipeline | [make_stationary] 'TYPPRICE' became stationary after 1 diff(s)  (p=0.0000).
2026-04-10 10:09:32,868 | INFO | data_pipeline | [make_stationary] 'WCLPRICE' became stationary after 1 diff(s)  (p=0.0000).
2026-04-10 10:09:33,438 | INFO | data_pipeline | [make_stationary] 'LINEARREG_14' became stationary after 1 diff(s)  (p=0.0000).
2026-04-10 10:09:34,101 | INFO | data_pipeline | [make_stationary] 'LINEARREG_INTERCEPT_14' became stationary after 1 diff(s)  (p=0.0000).
2026-04-10 10:09:34,693 | INFO | data_pipeline | [make_stationary] 'TSF_14' became stationary after 1 diff(s)  (p=0.0000).
2026-04-10 10:09:34,709 | INFO | data_pipeline | [make_stationary] Shape after differencing & dropna: (8697, 89)
2026-04-10 10:09:34,709 | INFO | data_pipeline | Differencing summary: open=1d, high=1d, low=1d, close=1d, BB_UPPER=1d, BB_MIDDLE=1d, BB_LOWER=1d, DEMA_14=1d, EMA_14=1d, HT_TRENDLINE=1d, KAMA_14=1d, MA_14=1d, MIDPOINT_14=1d, MIDPRICE_14=1d, SAR=1d, SMA_14=1d, T3_14=1d, TEMA_14=1d, TRIMA_14=1d, WMA_14=1d, AD=1d, OBV=1d, AVGPRICE=1d, MEDPRICE=1d, TYPPRICE=1d, WCLPRICE=1d, LINEARREG_14=1d, LINEARREG_INTERCEPT_14=1d, TSF_14=1d
2026-04-10 10:09:34,729 | INFO | data_pipeline | train_ratio=0.7 → split at row 6087/8697 → split_date='2025-12-11 07:00:00' (70% train / 30% test)
2026-04-10 10:09:34,752 | INFO | data_pipeline | Regression target created — shape: (8683, 87)
2026-04-10 10:57:03,538 | INFO | data_pipeline | Fetching data: schema=data_binance, table=btc_1m, start=2025-03-29, end=2026-03-30
2026-04-10 10:57:19,858 | INFO | data_pipeline | Fetched 527,041 rows for btc.
2026-04-10 10:57:19,858 | INFO | data_pipeline | Resampling to 1h…
2026-04-10 10:57:20,172 | INFO | data_pipeline | Resampled shape: (8785, 6)
2026-04-10 10:57:20,172 | INFO | data_pipeline | Generating 71 indicator(s)…
2026-04-10 10:57:20,229 | INFO | data_pipeline | Feature shape after generation: (8785, 89)
2026-04-10 10:57:20,230 | INFO | data_pipeline | Running ADF stationarity tests…
2026-04-10 10:57:20,895 | INFO | data_pipeline | [ADF] 'open' — NON-STATIONARY  (p=0.8767, stat=-0.5740)
2026-04-10 10:57:21,509 | INFO | data_pipeline | [ADF] 'high' — NON-STATIONARY  (p=0.8825, stat=-0.5469)
2026-04-10 10:57:22,120 | INFO | data_pipeline | [ADF] 'low' — NON-STATIONARY  (p=0.8585, stat=-0.6534)
2026-04-10 10:57:22,778 | INFO | data_pipeline | [ADF] 'close' — NON-STATIONARY  (p=0.8754, stat=-0.5800)
2026-04-10 10:57:24,096 | INFO | data_pipeline | [ADF] 'BB_UPPER' — NON-STATIONARY  (p=0.9126, stat=-0.3850)
2026-04-10 10:57:24,783 | INFO | data_pipeline | [ADF] 'BB_MIDDLE' — NON-STATIONARY  (p=0.9121, stat=-0.3877)
2026-04-10 10:57:25,446 | INFO | data_pipeline | [ADF] 'BB_LOWER' — NON-STATIONARY  (p=0.8719, stat=-0.5961)
2026-04-10 10:57:26,055 | INFO | data_pipeline | [ADF] 'DEMA_14' — NON-STATIONARY  (p=0.8243, stat=-0.7821)
2026-04-10 10:57:26,659 | INFO | data_pipeline | [ADF] 'EMA_14' — NON-STATIONARY  (p=0.8837, stat=-0.5413)
2026-04-10 10:57:27,271 | INFO | data_pipeline | [ADF] 'HT_TRENDLINE' — NON-STATIONARY  (p=0.8997, stat=-0.4592)
2026-04-10 10:57:27,887 | INFO | data_pipeline | [ADF] 'KAMA_14' — NON-STATIONARY  (p=0.9003, stat=-0.4561)
2026-04-10 10:57:28,553 | INFO | data_pipeline | [ADF] 'MA_14' — NON-STATIONARY  (p=0.8865, stat=-0.5274)
2026-04-10 10:57:29,220 | INFO | data_pipeline | [ADF] 'MIDPOINT_14' — NON-STATIONARY  (p=0.8730, stat=-0.5908)
2026-04-10 10:57:29,899 | INFO | data_pipeline | [ADF] 'MIDPRICE_14' — NON-STATIONARY  (p=0.8624, stat=-0.6371)
2026-04-10 10:57:30,560 | INFO | data_pipeline | [ADF] 'SAR' — NON-STATIONARY  (p=0.8587, stat=-0.6524)
2026-04-10 10:57:31,863 | INFO | data_pipeline | [ADF] 'SMA_14' — NON-STATIONARY  (p=0.8865, stat=-0.5274)
2026-04-10 10:57:32,463 | INFO | data_pipeline | [ADF] 'T3_14' — NON-STATIONARY  (p=0.8759, stat=-0.5777)
2026-04-10 10:57:33,082 | INFO | data_pipeline | [ADF] 'TEMA_14' — NON-STATIONARY  (p=0.9008, stat=-0.4532)
2026-04-10 10:57:33,697 | INFO | data_pipeline | [ADF] 'TRIMA_14' — NON-STATIONARY  (p=0.8454, stat=-0.7050)
2026-04-10 10:57:34,297 | INFO | data_pipeline | [ADF] 'WMA_14' — NON-STATIONARY  (p=0.8953, stat=-0.4829)
2026-04-10 10:57:45,903 | INFO | data_pipeline | [ADF] 'AD' — NON-STATIONARY  (p=0.3670, stat=-1.8272)
2026-04-10 10:57:47,069 | INFO | data_pipeline | [ADF] 'OBV' — NON-STATIONARY  (p=0.9834, stat=0.4524)
2026-04-10 10:57:49,414 | INFO | data_pipeline | [ADF] 'AVGPRICE' — NON-STATIONARY  (p=0.8793, stat=-0.5623)
2026-04-10 10:57:49,992 | INFO | data_pipeline | [ADF] 'MEDPRICE' — NON-STATIONARY  (p=0.8680, stat=-0.6132)
2026-04-10 10:57:50,574 | INFO | data_pipeline | [ADF] 'TYPPRICE' — NON-STATIONARY  (p=0.8720, stat=-0.5955)
2026-04-10 10:57:51,149 | INFO | data_pipeline | [ADF] 'WCLPRICE' — NON-STATIONARY  (p=0.8716, stat=-0.5974)
2026-04-10 10:57:55,982 | INFO | data_pipeline | [ADF] 'LINEARREG_14' — NON-STATIONARY  (p=0.8692, stat=-0.6081)
2026-04-10 10:57:57,316 | INFO | data_pipeline | [ADF] 'LINEARREG_INTERCEPT_14' — NON-STATIONARY  (p=0.8633, stat=-0.6331)
2026-04-10 10:57:59,223 | INFO | data_pipeline | [ADF] 'TSF_14' — NON-STATIONARY  (p=0.8673, stat=-0.6161)
2026-04-10 10:57:59,858 | INFO | data_pipeline | [ADF] Tested 65 column(s): 36 stationary, 29 non-stationary.
2026-04-10 10:57:59,867 | INFO | data_pipeline | [make_stationary] Differencing 29 non-stationary column(s)…
2026-04-10 10:58:00,499 | INFO | data_pipeline | [make_stationary] 'open' became stationary after 1 diff(s)  (p=0.0000).
2026-04-10 10:58:01,128 | INFO | data_pipeline | [make_stationary] 'high' became stationary after 1 diff(s)  (p=0.0000).
2026-04-10 10:58:01,734 | INFO | data_pipeline | [make_stationary] 'low' became stationary after 1 diff(s)  (p=0.0000).
2026-04-10 10:58:02,365 | INFO | data_pipeline | [make_stationary] 'close' became stationary after 1 diff(s)  (p=0.0000).
2026-04-10 10:58:02,994 | INFO | data_pipeline | [make_stationary] 'BB_UPPER' became stationary after 1 diff(s)  (p=0.0000).
2026-04-10 10:58:03,640 | INFO | data_pipeline | [make_stationary] 'BB_MIDDLE' became stationary after 1 diff(s)  (p=0.0000).
2026-04-10 10:58:04,254 | INFO | data_pipeline | [make_stationary] 'BB_LOWER' became stationary after 1 diff(s)  (p=0.0000).
2026-04-10 10:58:04,869 | INFO | data_pipeline | [make_stationary] 'DEMA_14' became stationary after 1 diff(s)  (p=0.0000).
2026-04-10 10:58:05,446 | INFO | data_pipeline | [make_stationary] 'EMA_14' became stationary after 1 diff(s)  (p=0.0000).
2026-04-10 10:58:06,044 | INFO | data_pipeline | [make_stationary] 'HT_TRENDLINE' became stationary after 1 diff(s)  (p=0.0000).
2026-04-10 10:58:06,640 | INFO | data_pipeline | [make_stationary] 'KAMA_14' became stationary after 1 diff(s)  (p=0.0000).
2026-04-10 10:58:07,291 | INFO | data_pipeline | [make_stationary] 'MA_14' became stationary after 1 diff(s)  (p=0.0000).
2026-04-10 10:58:07,916 | INFO | data_pipeline | [make_stationary] 'MIDPOINT_14' became stationary after 1 diff(s)  (p=0.0000).
2026-04-10 10:58:08,557 | INFO | data_pipeline | [make_stationary] 'MIDPRICE_14' became stationary after 1 diff(s)  (p=0.0000).
2026-04-10 10:58:09,276 | INFO | data_pipeline | [make_stationary] 'SAR' became stationary after 1 diff(s)  (p=0.0000).
2026-04-10 10:58:10,188 | INFO | data_pipeline | [make_stationary] 'SMA_14' became stationary after 1 diff(s)  (p=0.0000).
2026-04-10 10:58:11,085 | INFO | data_pipeline | [make_stationary] 'T3_14' became stationary after 1 diff(s)  (p=0.0000).
2026-04-10 10:58:11,955 | INFO | data_pipeline | [make_stationary] 'TEMA_14' became stationary after 1 diff(s)  (p=0.0000).
2026-04-10 10:58:12,814 | INFO | data_pipeline | [make_stationary] 'TRIMA_14' became stationary after 1 diff(s)  (p=0.0000).
2026-04-10 10:58:13,649 | INFO | data_pipeline | [make_stationary] 'WMA_14' became stationary after 1 diff(s)  (p=0.0000).
2026-04-10 10:58:14,460 | INFO | data_pipeline | [make_stationary] 'AD' became stationary after 1 diff(s)  (p=0.0000).
2026-04-10 10:58:15,345 | INFO | data_pipeline | [make_stationary] 'OBV' became stationary after 1 diff(s)  (p=0.0000).
2026-04-10 10:58:16,141 | INFO | data_pipeline | [make_stationary] 'AVGPRICE' became stationary after 1 diff(s)  (p=0.0000).
2026-04-10 10:58:16,909 | INFO | data_pipeline | [make_stationary] 'MEDPRICE' became stationary after 1 diff(s)  (p=0.0000).
2026-04-10 10:58:17,630 | INFO | data_pipeline | [make_stationary] 'TYPPRICE' became stationary after 1 diff(s)  (p=0.0000).
2026-04-10 10:58:18,426 | INFO | data_pipeline | [make_stationary] 'WCLPRICE' became stationary after 1 diff(s)  (p=0.0000).
2026-04-10 10:58:19,231 | INFO | data_pipeline | [make_stationary] 'LINEARREG_14' became stationary after 1 diff(s)  (p=0.0000).
2026-04-10 10:58:19,928 | INFO | data_pipeline | [make_stationary] 'LINEARREG_INTERCEPT_14' became stationary after 1 diff(s)  (p=0.0000).
2026-04-10 10:58:20,580 | INFO | data_pipeline | [make_stationary] 'TSF_14' became stationary after 1 diff(s)  (p=0.0000).
2026-04-10 10:58:20,606 | INFO | data_pipeline | [make_stationary] Shape after differencing & dropna: (8697, 89)
2026-04-10 10:58:20,606 | INFO | data_pipeline | Differencing summary: open=1d, high=1d, low=1d, close=1d, BB_UPPER=1d, BB_MIDDLE=1d, BB_LOWER=1d, DEMA_14=1d, EMA_14=1d, HT_TRENDLINE=1d, KAMA_14=1d, MA_14=1d, MIDPOINT_14=1d, MIDPRICE_14=1d, SAR=1d, SMA_14=1d, T3_14=1d, TEMA_14=1d, TRIMA_14=1d, WMA_14=1d, AD=1d, OBV=1d, AVGPRICE=1d, MEDPRICE=1d, TYPPRICE=1d, WCLPRICE=1d, LINEARREG_14=1d, LINEARREG_INTERCEPT_14=1d, TSF_14=1d
2026-04-10 10:58:20,617 | INFO | data_pipeline | train_ratio=0.7 → split at row 6087/8697 → split_date='2025-12-11 07:00:00' (70% train / 30% test)
2026-04-10 10:58:20,646 | INFO | data_pipeline | Regression target created — shape: (8683, 87)
2026-04-10 11:22:25,702 | INFO | data_pipeline | Fetching data: schema=data_binance, table=btc_1m, start=2025-03-29, end=2026-03-30
2026-04-10 11:22:40,429 | INFO | data_pipeline | Fetched 527,041 rows for btc.
2026-04-10 11:22:40,429 | INFO | data_pipeline | Resampling to 1h…
2026-04-10 11:22:40,672 | INFO | data_pipeline | Resampled shape: (8785, 6)
2026-04-10 11:22:40,674 | INFO | data_pipeline | Generating 71 indicator(s)…
2026-04-10 11:22:40,724 | INFO | data_pipeline | Feature shape after generation: (8785, 89)
2026-04-10 11:22:40,724 | INFO | data_pipeline | Running ADF stationarity tests…
2026-04-10 11:22:41,299 | INFO | data_pipeline | [ADF] 'open' — NON-STATIONARY  (p=0.8767, stat=-0.5740)
2026-04-10 11:22:41,882 | INFO | data_pipeline | [ADF] 'high' — NON-STATIONARY  (p=0.8825, stat=-0.5469)
2026-04-10 11:22:42,438 | INFO | data_pipeline | [ADF] 'low' — NON-STATIONARY  (p=0.8585, stat=-0.6534)
2026-04-10 11:22:43,007 | INFO | data_pipeline | [ADF] 'close' — NON-STATIONARY  (p=0.8754, stat=-0.5800)
2026-04-10 11:22:44,154 | INFO | data_pipeline | [ADF] 'BB_UPPER' — NON-STATIONARY  (p=0.9126, stat=-0.3850)
2026-04-10 11:22:44,739 | INFO | data_pipeline | [ADF] 'BB_MIDDLE' — NON-STATIONARY  (p=0.9121, stat=-0.3877)
2026-04-10 11:22:45,389 | INFO | data_pipeline | [ADF] 'BB_LOWER' — NON-STATIONARY  (p=0.8719, stat=-0.5961)
2026-04-10 11:22:45,941 | INFO | data_pipeline | [ADF] 'DEMA_14' — NON-STATIONARY  (p=0.8243, stat=-0.7821)
2026-04-10 11:22:46,488 | INFO | data_pipeline | [ADF] 'EMA_14' — NON-STATIONARY  (p=0.8837, stat=-0.5413)
2026-04-10 11:22:47,122 | INFO | data_pipeline | [ADF] 'HT_TRENDLINE' — NON-STATIONARY  (p=0.8997, stat=-0.4592)
2026-04-10 11:22:47,758 | INFO | data_pipeline | [ADF] 'KAMA_14' — NON-STATIONARY  (p=0.9003, stat=-0.4561)
2026-04-10 11:22:48,427 | INFO | data_pipeline | [ADF] 'MA_14' — NON-STATIONARY  (p=0.8865, stat=-0.5274)
2026-04-10 11:22:49,351 | INFO | data_pipeline | [ADF] 'MIDPOINT_14' — NON-STATIONARY  (p=0.8730, stat=-0.5908)
2026-04-10 11:22:50,265 | INFO | data_pipeline | [ADF] 'MIDPRICE_14' — NON-STATIONARY  (p=0.8624, stat=-0.6371)
2026-04-10 11:22:51,095 | INFO | data_pipeline | [ADF] 'SAR' — NON-STATIONARY  (p=0.8587, stat=-0.6524)
2026-04-10 11:22:52,662 | INFO | data_pipeline | [ADF] 'SMA_14' — NON-STATIONARY  (p=0.8865, stat=-0.5274)
2026-04-10 11:22:53,374 | INFO | data_pipeline | [ADF] 'T3_14' — NON-STATIONARY  (p=0.8759, stat=-0.5777)
2026-04-10 11:22:54,157 | INFO | data_pipeline | [ADF] 'TEMA_14' — NON-STATIONARY  (p=0.9008, stat=-0.4532)
2026-04-10 11:22:55,046 | INFO | data_pipeline | [ADF] 'TRIMA_14' — NON-STATIONARY  (p=0.8454, stat=-0.7050)
2026-04-10 11:22:55,863 | INFO | data_pipeline | [ADF] 'WMA_14' — NON-STATIONARY  (p=0.8953, stat=-0.4829)
2026-04-10 11:23:12,622 | INFO | data_pipeline | [ADF] 'AD' — NON-STATIONARY  (p=0.3670, stat=-1.8272)
2026-04-10 11:23:14,375 | INFO | data_pipeline | [ADF] 'OBV' — NON-STATIONARY  (p=0.9834, stat=0.4524)
2026-04-10 11:23:18,209 | INFO | data_pipeline | [ADF] 'AVGPRICE' — NON-STATIONARY  (p=0.8793, stat=-0.5623)
2026-04-10 11:23:19,305 | INFO | data_pipeline | [ADF] 'MEDPRICE' — NON-STATIONARY  (p=0.8680, stat=-0.6132)
2026-04-10 11:23:20,376 | INFO | data_pipeline | [ADF] 'TYPPRICE' — NON-STATIONARY  (p=0.8720, stat=-0.5955)
2026-04-10 11:23:21,332 | INFO | data_pipeline | [ADF] 'WCLPRICE' — NON-STATIONARY  (p=0.8716, stat=-0.5974)
2026-04-10 11:23:27,390 | INFO | data_pipeline | [ADF] 'LINEARREG_14' — NON-STATIONARY  (p=0.8692, stat=-0.6081)
2026-04-10 11:23:28,938 | INFO | data_pipeline | [ADF] 'LINEARREG_INTERCEPT_14' — NON-STATIONARY  (p=0.8633, stat=-0.6331)
2026-04-10 11:23:31,276 | INFO | data_pipeline | [ADF] 'TSF_14' — NON-STATIONARY  (p=0.8673, stat=-0.6161)
2026-04-10 11:23:32,069 | INFO | data_pipeline | [ADF] Tested 65 column(s): 36 stationary, 29 non-stationary.
2026-04-10 11:23:32,069 | INFO | data_pipeline | [make_stationary] Differencing 29 non-stationary column(s)…
2026-04-10 11:23:32,971 | INFO | data_pipeline | [make_stationary] 'open' became stationary after 1 diff(s)  (p=0.0000).
2026-04-10 11:23:33,897 | INFO | data_pipeline | [make_stationary] 'high' became stationary after 1 diff(s)  (p=0.0000).
2026-04-10 11:23:34,701 | INFO | data_pipeline | [make_stationary] 'low' became stationary after 1 diff(s)  (p=0.0000).
2026-04-10 11:23:35,464 | INFO | data_pipeline | [make_stationary] 'close' became stationary after 1 diff(s)  (p=0.0000).
2026-04-10 11:23:36,242 | INFO | data_pipeline | [make_stationary] 'BB_UPPER' became stationary after 1 diff(s)  (p=0.0000).
2026-04-10 11:23:37,048 | INFO | data_pipeline | [make_stationary] 'BB_MIDDLE' became stationary after 1 diff(s)  (p=0.0000).
2026-04-10 11:23:37,797 | INFO | data_pipeline | [make_stationary] 'BB_LOWER' became stationary after 1 diff(s)  (p=0.0000).
2026-04-10 11:23:38,549 | INFO | data_pipeline | [make_stationary] 'DEMA_14' became stationary after 1 diff(s)  (p=0.0000).
2026-04-10 11:23:39,297 | INFO | data_pipeline | [make_stationary] 'EMA_14' became stationary after 1 diff(s)  (p=0.0000).
2026-04-10 11:23:40,015 | INFO | data_pipeline | [make_stationary] 'HT_TRENDLINE' became stationary after 1 diff(s)  (p=0.0000).
2026-04-10 11:23:40,751 | INFO | data_pipeline | [make_stationary] 'KAMA_14' became stationary after 1 diff(s)  (p=0.0000).
2026-04-10 11:23:41,499 | INFO | data_pipeline | [make_stationary] 'MA_14' became stationary after 1 diff(s)  (p=0.0000).
2026-04-10 11:23:42,237 | INFO | data_pipeline | [make_stationary] 'MIDPOINT_14' became stationary after 1 diff(s)  (p=0.0000).
2026-04-10 11:23:43,012 | INFO | data_pipeline | [make_stationary] 'MIDPRICE_14' became stationary after 1 diff(s)  (p=0.0000).
2026-04-10 11:23:43,749 | INFO | data_pipeline | [make_stationary] 'SAR' became stationary after 1 diff(s)  (p=0.0000).
2026-04-10 11:23:44,336 | INFO | data_pipeline | [make_stationary] 'SMA_14' became stationary after 1 diff(s)  (p=0.0000).
2026-04-10 11:23:44,946 | INFO | data_pipeline | [make_stationary] 'T3_14' became stationary after 1 diff(s)  (p=0.0000).
2026-04-10 11:23:45,756 | INFO | data_pipeline | [make_stationary] 'TEMA_14' became stationary after 1 diff(s)  (p=0.0000).
2026-04-10 11:23:46,526 | INFO | data_pipeline | [make_stationary] 'TRIMA_14' became stationary after 1 diff(s)  (p=0.0000).
2026-04-10 11:23:47,279 | INFO | data_pipeline | [make_stationary] 'WMA_14' became stationary after 1 diff(s)  (p=0.0000).
2026-04-10 11:23:47,992 | INFO | data_pipeline | [make_stationary] 'AD' became stationary after 1 diff(s)  (p=0.0000).
2026-04-10 11:23:48,720 | INFO | data_pipeline | [make_stationary] 'OBV' became stationary after 1 diff(s)  (p=0.0000).
2026-04-10 11:23:49,460 | INFO | data_pipeline | [make_stationary] 'AVGPRICE' became stationary after 1 diff(s)  (p=0.0000).
2026-04-10 11:23:50,236 | INFO | data_pipeline | [make_stationary] 'MEDPRICE' became stationary after 1 diff(s)  (p=0.0000).
2026-04-10 11:23:51,020 | INFO | data_pipeline | [make_stationary] 'TYPPRICE' became stationary after 1 diff(s)  (p=0.0000).
2026-04-10 11:23:51,750 | INFO | data_pipeline | [make_stationary] 'WCLPRICE' became stationary after 1 diff(s)  (p=0.0000).
2026-04-10 11:23:52,523 | INFO | data_pipeline | [make_stationary] 'LINEARREG_14' became stationary after 1 diff(s)  (p=0.0000).
2026-04-10 11:23:53,297 | INFO | data_pipeline | [make_stationary] 'LINEARREG_INTERCEPT_14' became stationary after 1 diff(s)  (p=0.0000).
2026-04-10 11:23:54,073 | INFO | data_pipeline | [make_stationary] 'TSF_14' became stationary after 1 diff(s)  (p=0.0000).
2026-04-10 11:23:54,091 | INFO | data_pipeline | [make_stationary] Shape after differencing & dropna: (8697, 89)
2026-04-10 11:23:54,091 | INFO | data_pipeline | Differencing summary: open=1d, high=1d, low=1d, close=1d, BB_UPPER=1d, BB_MIDDLE=1d, BB_LOWER=1d, DEMA_14=1d, EMA_14=1d, HT_TRENDLINE=1d, KAMA_14=1d, MA_14=1d, MIDPOINT_14=1d, MIDPRICE_14=1d, SAR=1d, SMA_14=1d, T3_14=1d, TEMA_14=1d, TRIMA_14=1d, WMA_14=1d, AD=1d, OBV=1d, AVGPRICE=1d, MEDPRICE=1d, TYPPRICE=1d, WCLPRICE=1d, LINEARREG_14=1d, LINEARREG_INTERCEPT_14=1d, TSF_14=1d
2026-04-10 11:23:54,123 | INFO | data_pipeline | train_ratio=0.7 → split at row 6087/8697 → split_date='2025-12-11 07:00:00' (70% train / 30% test)
2026-04-10 11:23:54,156 | INFO | data_pipeline | Regression target created — shape: (8683, 87)
2026-04-10 12:15:50,562 | INFO | data_pipeline | Fetching data: schema=data_binance, table=btc_1m, start=2025-03-29, end=2026-03-30
2026-04-10 12:16:05,278 | INFO | data_pipeline | Fetched 527,041 rows for btc.
2026-04-10 12:16:05,278 | INFO | data_pipeline | Resampling to 1h…
2026-04-10 12:16:05,503 | INFO | data_pipeline | Resampled shape: (8785, 6)
2026-04-10 12:16:05,503 | INFO | data_pipeline | Generating 71 indicator(s)…
2026-04-10 12:16:05,550 | INFO | data_pipeline | Feature shape after generation: (8785, 89)
2026-04-10 12:16:05,551 | INFO | data_pipeline | Running ADF stationarity tests…
2026-04-10 12:16:06,086 | INFO | data_pipeline | [ADF] 'open' — NON-STATIONARY  (p=0.8767, stat=-0.5740)
2026-04-10 12:16:06,639 | INFO | data_pipeline | [ADF] 'high' — NON-STATIONARY  (p=0.8825, stat=-0.5469)
2026-04-10 12:16:07,219 | INFO | data_pipeline | [ADF] 'low' — NON-STATIONARY  (p=0.8585, stat=-0.6534)
2026-04-10 12:16:07,776 | INFO | data_pipeline | [ADF] 'close' — NON-STATIONARY  (p=0.8754, stat=-0.5800)
2026-04-10 12:16:08,899 | INFO | data_pipeline | [ADF] 'BB_UPPER' — NON-STATIONARY  (p=0.9126, stat=-0.3850)
2026-04-10 12:16:09,438 | INFO | data_pipeline | [ADF] 'BB_MIDDLE' — NON-STATIONARY  (p=0.9121, stat=-0.3877)
2026-04-10 12:16:09,979 | INFO | data_pipeline | [ADF] 'BB_LOWER' — NON-STATIONARY  (p=0.8719, stat=-0.5961)
2026-04-10 12:16:10,528 | INFO | data_pipeline | [ADF] 'DEMA_14' — NON-STATIONARY  (p=0.8243, stat=-0.7821)
2026-04-10 12:16:11,052 | INFO | data_pipeline | [ADF] 'EMA_14' — NON-STATIONARY  (p=0.8837, stat=-0.5413)
2026-04-10 12:16:11,595 | INFO | data_pipeline | [ADF] 'HT_TRENDLINE' — NON-STATIONARY  (p=0.8997, stat=-0.4592)
2026-04-10 12:16:12,137 | INFO | data_pipeline | [ADF] 'KAMA_14' — NON-STATIONARY  (p=0.9003, stat=-0.4561)
2026-04-10 12:16:12,736 | INFO | data_pipeline | [ADF] 'MA_14' — NON-STATIONARY  (p=0.8865, stat=-0.5274)
2026-04-10 12:16:13,340 | INFO | data_pipeline | [ADF] 'MIDPOINT_14' — NON-STATIONARY  (p=0.8730, stat=-0.5908)
2026-04-10 12:16:13,924 | INFO | data_pipeline | [ADF] 'MIDPRICE_14' — NON-STATIONARY  (p=0.8624, stat=-0.6371)
2026-04-10 12:16:14,779 | INFO | data_pipeline | [ADF] 'SAR' — NON-STATIONARY  (p=0.8587, stat=-0.6524)
2026-04-10 12:16:16,529 | INFO | data_pipeline | [ADF] 'SMA_14' — NON-STATIONARY  (p=0.8865, stat=-0.5274)
2026-04-10 12:16:17,353 | INFO | data_pipeline | [ADF] 'T3_14' — NON-STATIONARY  (p=0.8759, stat=-0.5777)
2026-04-10 12:16:18,188 | INFO | data_pipeline | [ADF] 'TEMA_14' — NON-STATIONARY  (p=0.9008, stat=-0.4532)
2026-04-10 12:16:19,048 | INFO | data_pipeline | [ADF] 'TRIMA_14' — NON-STATIONARY  (p=0.8454, stat=-0.7050)
2026-04-10 12:16:19,941 | INFO | data_pipeline | [ADF] 'WMA_14' — NON-STATIONARY  (p=0.8953, stat=-0.4829)
2026-04-10 12:16:35,162 | INFO | data_pipeline | [ADF] 'AD' — NON-STATIONARY  (p=0.3670, stat=-1.8272)
2026-04-10 12:16:36,658 | INFO | data_pipeline | [ADF] 'OBV' — NON-STATIONARY  (p=0.9834, stat=0.4524)
2026-04-10 12:16:39,322 | INFO | data_pipeline | [ADF] 'AVGPRICE' — NON-STATIONARY  (p=0.8793, stat=-0.5623)
2026-04-10 12:16:39,877 | INFO | data_pipeline | [ADF] 'MEDPRICE' — NON-STATIONARY  (p=0.8680, stat=-0.6132)
2026-04-10 12:16:40,473 | INFO | data_pipeline | [ADF] 'TYPPRICE' — NON-STATIONARY  (p=0.8720, stat=-0.5955)
2026-04-10 12:16:41,280 | INFO | data_pipeline | [ADF] 'WCLPRICE' — NON-STATIONARY  (p=0.8716, stat=-0.5974)
2026-04-10 12:16:47,662 | INFO | data_pipeline | [ADF] 'LINEARREG_14' — NON-STATIONARY  (p=0.8692, stat=-0.6081)
2026-04-10 12:16:49,375 | INFO | data_pipeline | [ADF] 'LINEARREG_INTERCEPT_14' — NON-STATIONARY  (p=0.8633, stat=-0.6331)
2026-04-10 12:16:51,796 | INFO | data_pipeline | [ADF] 'TSF_14' — NON-STATIONARY  (p=0.8673, stat=-0.6161)
2026-04-10 12:16:52,571 | INFO | data_pipeline | [ADF] Tested 65 column(s): 36 stationary, 29 non-stationary.
2026-04-10 12:16:52,583 | INFO | data_pipeline | [make_stationary] Differencing 29 non-stationary column(s)…
2026-04-10 12:16:53,322 | INFO | data_pipeline | [make_stationary] 'open' became stationary after 1 diff(s)  (p=0.0000).
2026-04-10 12:16:54,082 | INFO | data_pipeline | [make_stationary] 'high' became stationary after 1 diff(s)  (p=0.0000).
2026-04-10 12:16:54,811 | INFO | data_pipeline | [make_stationary] 'low' became stationary after 1 diff(s)  (p=0.0000).
2026-04-10 12:16:55,537 | INFO | data_pipeline | [make_stationary] 'close' became stationary after 1 diff(s)  (p=0.0000).
2026-04-10 12:16:56,302 | INFO | data_pipeline | [make_stationary] 'BB_UPPER' became stationary after 1 diff(s)  (p=0.0000).
2026-04-10 12:16:57,037 | INFO | data_pipeline | [make_stationary] 'BB_MIDDLE' became stationary after 1 diff(s)  (p=0.0000).
2026-04-10 12:16:57,768 | INFO | data_pipeline | [make_stationary] 'BB_LOWER' became stationary after 1 diff(s)  (p=0.0000).
2026-04-10 12:16:58,484 | INFO | data_pipeline | [make_stationary] 'DEMA_14' became stationary after 1 diff(s)  (p=0.0000).
2026-04-10 12:16:59,204 | INFO | data_pipeline | [make_stationary] 'EMA_14' became stationary after 1 diff(s)  (p=0.0000).
2026-04-10 12:16:59,950 | INFO | data_pipeline | [make_stationary] 'HT_TRENDLINE' became stationary after 1 diff(s)  (p=0.0000).
2026-04-10 12:17:00,684 | INFO | data_pipeline | [make_stationary] 'KAMA_14' became stationary after 1 diff(s)  (p=0.0000).
2026-04-10 12:17:01,403 | INFO | data_pipeline | [make_stationary] 'MA_14' became stationary after 1 diff(s)  (p=0.0000).
2026-04-10 12:17:02,271 | INFO | data_pipeline | [make_stationary] 'MIDPOINT_14' became stationary after 1 diff(s)  (p=0.0000).
2026-04-10 12:17:03,218 | INFO | data_pipeline | [make_stationary] 'MIDPRICE_14' became stationary after 1 diff(s)  (p=0.0000).
2026-04-10 12:17:04,056 | INFO | data_pipeline | [make_stationary] 'SAR' became stationary after 1 diff(s)  (p=0.0000).
2026-04-10 12:17:04,850 | INFO | data_pipeline | [make_stationary] 'SMA_14' became stationary after 1 diff(s)  (p=0.0000).
2026-04-10 12:17:05,631 | INFO | data_pipeline | [make_stationary] 'T3_14' became stationary after 1 diff(s)  (p=0.0000).
2026-04-10 12:17:06,336 | INFO | data_pipeline | [make_stationary] 'TEMA_14' became stationary after 1 diff(s)  (p=0.0000).
2026-04-10 12:17:07,120 | INFO | data_pipeline | [make_stationary] 'TRIMA_14' became stationary after 1 diff(s)  (p=0.0000).
2026-04-10 12:17:07,840 | INFO | data_pipeline | [make_stationary] 'WMA_14' became stationary after 1 diff(s)  (p=0.0000).
2026-04-10 12:17:08,665 | INFO | data_pipeline | [make_stationary] 'AD' became stationary after 1 diff(s)  (p=0.0000).
2026-04-10 12:17:09,389 | INFO | data_pipeline | [make_stationary] 'OBV' became stationary after 1 diff(s)  (p=0.0000).
2026-04-10 12:17:10,113 | INFO | data_pipeline | [make_stationary] 'AVGPRICE' became stationary after 1 diff(s)  (p=0.0000).
2026-04-10 12:17:10,827 | INFO | data_pipeline | [make_stationary] 'MEDPRICE' became stationary after 1 diff(s)  (p=0.0000).
2026-04-10 12:17:11,561 | INFO | data_pipeline | [make_stationary] 'TYPPRICE' became stationary after 1 diff(s)  (p=0.0000).
2026-04-10 12:17:12,277 | INFO | data_pipeline | [make_stationary] 'WCLPRICE' became stationary after 1 diff(s)  (p=0.0000).
2026-04-10 12:17:13,030 | INFO | data_pipeline | [make_stationary] 'LINEARREG_14' became stationary after 1 diff(s)  (p=0.0000).
2026-04-10 12:17:13,792 | INFO | data_pipeline | [make_stationary] 'LINEARREG_INTERCEPT_14' became stationary after 1 diff(s)  (p=0.0000).
2026-04-10 12:17:14,564 | INFO | data_pipeline | [make_stationary] 'TSF_14' became stationary after 1 diff(s)  (p=0.0000).
2026-04-10 12:17:14,577 | INFO | data_pipeline | [make_stationary] Shape after differencing & dropna: (8697, 89)
2026-04-10 12:17:14,577 | INFO | data_pipeline | Differencing summary: open=1d, high=1d, low=1d, close=1d, BB_UPPER=1d, BB_MIDDLE=1d, BB_LOWER=1d, DEMA_14=1d, EMA_14=1d, HT_TRENDLINE=1d, KAMA_14=1d, MA_14=1d, MIDPOINT_14=1d, MIDPRICE_14=1d, SAR=1d, SMA_14=1d, T3_14=1d, TEMA_14=1d, TRIMA_14=1d, WMA_14=1d, AD=1d, OBV=1d, AVGPRICE=1d, MEDPRICE=1d, TYPPRICE=1d, WCLPRICE=1d, LINEARREG_14=1d, LINEARREG_INTERCEPT_14=1d, TSF_14=1d
2026-04-10 12:17:14,607 | INFO | data_pipeline | train_ratio=0.7 → split at row 6087/8697 → split_date='2025-12-11 07:00:00' (70% train / 30% test)
2026-04-10 12:17:14,628 | INFO | data_pipeline | Regression target created — shape: (8683, 87)
2026-04-10 12:36:59,938 | INFO | data_pipeline | Fetching data: schema=data_binance, table=btc_1m, start=2025-03-29, end=2026-03-30
2026-04-10 12:37:31,393 | INFO | data_pipeline | Fetching data: schema=data_binance, table=btc_1m, start=2025-03-29, end=2026-03-30
2026-04-10 12:37:43,311 | INFO | data_pipeline | Fetched 527,041 rows for btc.
2026-04-10 12:37:43,311 | INFO | data_pipeline | Resampling to 1h…
2026-04-10 12:37:43,557 | INFO | data_pipeline | Resampled shape: (8785, 6)
2026-04-10 12:37:43,557 | INFO | data_pipeline | Generating 71 indicator(s)…
2026-04-10 12:37:43,618 | INFO | data_pipeline | Feature shape after generation: (8785, 89)
2026-04-10 12:37:43,619 | INFO | data_pipeline | Running ADF stationarity tests…
2026-04-10 12:37:44,206 | INFO | data_pipeline | [ADF] 'open' — NON-STATIONARY  (p=0.8767, stat=-0.5740)
2026-04-10 12:37:44,781 | INFO | data_pipeline | [ADF] 'high' — NON-STATIONARY  (p=0.8825, stat=-0.5469)
2026-04-10 12:37:45,355 | INFO | data_pipeline | [ADF] 'low' — NON-STATIONARY  (p=0.8585, stat=-0.6534)
2026-04-10 12:37:45,961 | INFO | data_pipeline | [ADF] 'close' — NON-STATIONARY  (p=0.8754, stat=-0.5800)
2026-04-10 12:37:47,182 | INFO | data_pipeline | [ADF] 'BB_UPPER' — NON-STATIONARY  (p=0.9126, stat=-0.3850)
2026-04-10 12:37:47,807 | INFO | data_pipeline | [ADF] 'BB_MIDDLE' — NON-STATIONARY  (p=0.9121, stat=-0.3877)
2026-04-10 12:37:48,411 | INFO | data_pipeline | [ADF] 'BB_LOWER' — NON-STATIONARY  (p=0.8719, stat=-0.5961)
2026-04-10 12:37:48,994 | INFO | data_pipeline | [ADF] 'DEMA_14' — NON-STATIONARY  (p=0.8243, stat=-0.7821)
2026-04-10 12:37:49,581 | INFO | data_pipeline | [ADF] 'EMA_14' — NON-STATIONARY  (p=0.8837, stat=-0.5413)
2026-04-10 12:37:50,180 | INFO | data_pipeline | [ADF] 'HT_TRENDLINE' — NON-STATIONARY  (p=0.8997, stat=-0.4592)
2026-04-10 12:37:50,772 | INFO | data_pipeline | [ADF] 'KAMA_14' — NON-STATIONARY  (p=0.9003, stat=-0.4561)
2026-04-10 12:37:51,406 | INFO | data_pipeline | [ADF] 'MA_14' — NON-STATIONARY  (p=0.8865, stat=-0.5274)
2026-04-10 12:37:52,056 | INFO | data_pipeline | [ADF] 'MIDPOINT_14' — NON-STATIONARY  (p=0.8730, stat=-0.5908)
2026-04-10 12:37:52,648 | INFO | data_pipeline | [ADF] 'MIDPRICE_14' — NON-STATIONARY  (p=0.8624, stat=-0.6371)
2026-04-10 12:37:53,266 | INFO | data_pipeline | [ADF] 'SAR' — NON-STATIONARY  (p=0.8587, stat=-0.6524)
2026-04-10 12:37:54,480 | INFO | data_pipeline | [ADF] 'SMA_14' — NON-STATIONARY  (p=0.8865, stat=-0.5274)
2026-04-10 12:37:55,061 | INFO | data_pipeline | [ADF] 'T3_14' — NON-STATIONARY  (p=0.8759, stat=-0.5777)
2026-04-10 12:37:55,673 | INFO | data_pipeline | [ADF] 'TEMA_14' — NON-STATIONARY  (p=0.9008, stat=-0.4532)
2026-04-10 12:37:56,276 | INFO | data_pipeline | [ADF] 'TRIMA_14' — NON-STATIONARY  (p=0.8454, stat=-0.7050)
2026-04-10 12:37:56,901 | INFO | data_pipeline | [ADF] 'WMA_14' — NON-STATIONARY  (p=0.8953, stat=-0.4829)
2026-04-10 12:38:08,226 | INFO | data_pipeline | [ADF] 'AD' — NON-STATIONARY  (p=0.3670, stat=-1.8272)
2026-04-10 12:38:09,428 | INFO | data_pipeline | [ADF] 'OBV' — NON-STATIONARY  (p=0.9834, stat=0.4524)
2026-04-10 12:38:11,790 | INFO | data_pipeline | [ADF] 'AVGPRICE' — NON-STATIONARY  (p=0.8793, stat=-0.5623)
2026-04-10 12:38:12,365 | INFO | data_pipeline | [ADF] 'MEDPRICE' — NON-STATIONARY  (p=0.8680, stat=-0.6132)
2026-04-10 12:38:12,931 | INFO | data_pipeline | [ADF] 'TYPPRICE' — NON-STATIONARY  (p=0.8720, stat=-0.5955)
2026-04-10 12:38:13,494 | INFO | data_pipeline | [ADF] 'WCLPRICE' — NON-STATIONARY  (p=0.8716, stat=-0.5974)
2026-04-10 12:38:18,039 | INFO | data_pipeline | [ADF] 'LINEARREG_14' — NON-STATIONARY  (p=0.8692, stat=-0.6081)
2026-04-10 12:38:19,209 | INFO | data_pipeline | [ADF] 'LINEARREG_INTERCEPT_14' — NON-STATIONARY  (p=0.8633, stat=-0.6331)
2026-04-10 12:38:21,010 | INFO | data_pipeline | [ADF] 'TSF_14' — NON-STATIONARY  (p=0.8673, stat=-0.6161)
2026-04-10 12:38:21,593 | INFO | data_pipeline | [ADF] Tested 65 column(s): 36 stationary, 29 non-stationary.
2026-04-10 12:38:21,595 | INFO | data_pipeline | [make_stationary] Differencing 29 non-stationary column(s)…
2026-04-10 12:38:22,178 | INFO | data_pipeline | [make_stationary] 'open' became stationary after 1 diff(s)  (p=0.0000).
2026-04-10 12:38:22,743 | INFO | data_pipeline | [make_stationary] 'high' became stationary after 1 diff(s)  (p=0.0000).
2026-04-10 12:38:23,326 | INFO | data_pipeline | [make_stationary] 'low' became stationary after 1 diff(s)  (p=0.0000).
2026-04-10 12:38:23,904 | INFO | data_pipeline | [make_stationary] 'close' became stationary after 1 diff(s)  (p=0.0000).
2026-04-10 12:38:24,490 | INFO | data_pipeline | [make_stationary] 'BB_UPPER' became stationary after 1 diff(s)  (p=0.0000).
2026-04-10 12:38:25,081 | INFO | data_pipeline | [make_stationary] 'BB_MIDDLE' became stationary after 1 diff(s)  (p=0.0000).
2026-04-10 12:38:25,666 | INFO | data_pipeline | [make_stationary] 'BB_LOWER' became stationary after 1 diff(s)  (p=0.0000).
2026-04-10 12:38:26,224 | INFO | data_pipeline | [make_stationary] 'DEMA_14' became stationary after 1 diff(s)  (p=0.0000).
2026-04-10 12:38:26,791 | INFO | data_pipeline | [make_stationary] 'EMA_14' became stationary after 1 diff(s)  (p=0.0000).
2026-04-10 12:38:27,373 | INFO | data_pipeline | [make_stationary] 'HT_TRENDLINE' became stationary after 1 diff(s)  (p=0.0000).
2026-04-10 12:38:27,940 | INFO | data_pipeline | [make_stationary] 'KAMA_14' became stationary after 1 diff(s)  (p=0.0000).
2026-04-10 12:38:28,529 | INFO | data_pipeline | [make_stationary] 'MA_14' became stationary after 1 diff(s)  (p=0.0000).
2026-04-10 12:38:29,101 | INFO | data_pipeline | [make_stationary] 'MIDPOINT_14' became stationary after 1 diff(s)  (p=0.0000).
2026-04-10 12:38:29,698 | INFO | data_pipeline | [make_stationary] 'MIDPRICE_14' became stationary after 1 diff(s)  (p=0.0000).
2026-04-10 12:38:30,309 | INFO | data_pipeline | [make_stationary] 'SAR' became stationary after 1 diff(s)  (p=0.0000).
2026-04-10 12:38:30,897 | INFO | data_pipeline | [make_stationary] 'SMA_14' became stationary after 1 diff(s)  (p=0.0000).
2026-04-10 12:38:31,445 | INFO | data_pipeline | [make_stationary] 'T3_14' became stationary after 1 diff(s)  (p=0.0000).
2026-04-10 12:38:32,027 | INFO | data_pipeline | [make_stationary] 'TEMA_14' became stationary after 1 diff(s)  (p=0.0000).
2026-04-10 12:38:32,645 | INFO | data_pipeline | [make_stationary] 'TRIMA_14' became stationary after 1 diff(s)  (p=0.0000).
2026-04-10 12:38:33,212 | INFO | data_pipeline | [make_stationary] 'WMA_14' became stationary after 1 diff(s)  (p=0.0000).
2026-04-10 12:38:33,789 | INFO | data_pipeline | [make_stationary] 'AD' became stationary after 1 diff(s)  (p=0.0000).
2026-04-10 12:38:34,353 | INFO | data_pipeline | [make_stationary] 'OBV' became stationary after 1 diff(s)  (p=0.0000).
2026-04-10 12:38:34,905 | INFO | data_pipeline | [make_stationary] 'AVGPRICE' became stationary after 1 diff(s)  (p=0.0000).
2026-04-10 12:38:35,457 | INFO | data_pipeline | [make_stationary] 'MEDPRICE' became stationary after 1 diff(s)  (p=0.0000).
2026-04-10 12:38:36,014 | INFO | data_pipeline | [make_stationary] 'TYPPRICE' became stationary after 1 diff(s)  (p=0.0000).
2026-04-10 12:38:36,575 | INFO | data_pipeline | [make_stationary] 'WCLPRICE' became stationary after 1 diff(s)  (p=0.0000).
2026-04-10 12:38:37,201 | INFO | data_pipeline | [make_stationary] 'LINEARREG_14' became stationary after 1 diff(s)  (p=0.0000).
2026-04-10 12:38:37,799 | INFO | data_pipeline | [make_stationary] 'LINEARREG_INTERCEPT_14' became stationary after 1 diff(s)  (p=0.0000).
2026-04-10 12:38:38,405 | INFO | data_pipeline | [make_stationary] 'TSF_14' became stationary after 1 diff(s)  (p=0.0000).
2026-04-10 12:38:38,423 | INFO | data_pipeline | [make_stationary] Shape after differencing & dropna: (8697, 89)
2026-04-10 12:38:38,423 | INFO | data_pipeline | Differencing summary: open=1d, high=1d, low=1d, close=1d, BB_UPPER=1d, BB_MIDDLE=1d, BB_LOWER=1d, DEMA_14=1d, EMA_14=1d, HT_TRENDLINE=1d, KAMA_14=1d, MA_14=1d, MIDPOINT_14=1d, MIDPRICE_14=1d, SAR=1d, SMA_14=1d, T3_14=1d, TEMA_14=1d, TRIMA_14=1d, WMA_14=1d, AD=1d, OBV=1d, AVGPRICE=1d, MEDPRICE=1d, TYPPRICE=1d, WCLPRICE=1d, LINEARREG_14=1d, LINEARREG_INTERCEPT_14=1d, TSF_14=1d
2026-04-10 12:38:38,437 | INFO | data_pipeline | train_ratio=0.7 → split at row 6087/8697 → split_date='2025-12-11 07:00:00' (70% train / 30% test)
2026-04-10 12:38:38,464 | INFO | data_pipeline | Regression target created — shape: (8683, 87)
2026-04-10 13:35:20,661 | INFO | data_pipeline | Fetching data: schema=data_binance, table=btc_1m, start=2025-03-29, end=2026-03-30
2026-04-10 13:35:37,936 | INFO | data_pipeline | Fetched 527,041 rows for btc.
2026-04-10 13:35:37,937 | INFO | data_pipeline | Resampling to 1h…
2026-04-10 13:35:38,168 | INFO | data_pipeline | Resampled shape: (8785, 6)
2026-04-10 13:35:38,168 | INFO | data_pipeline | Generating 71 indicator(s)…
2026-04-10 13:35:38,227 | INFO | data_pipeline | Feature shape after generation: (8785, 89)
2026-04-10 13:35:38,227 | INFO | data_pipeline | Running ADF stationarity tests…
2026-04-10 13:35:38,790 | INFO | data_pipeline | [ADF] 'open' — NON-STATIONARY  (p=0.8767, stat=-0.5740)
2026-04-10 13:35:39,324 | INFO | data_pipeline | [ADF] 'high' — NON-STATIONARY  (p=0.8825, stat=-0.5469)
2026-04-10 13:35:39,850 | INFO | data_pipeline | [ADF] 'low' — NON-STATIONARY  (p=0.8585, stat=-0.6534)
2026-04-10 13:35:40,390 | INFO | data_pipeline | [ADF] 'close' — NON-STATIONARY  (p=0.8754, stat=-0.5800)
2026-04-10 13:35:41,495 | INFO | data_pipeline | [ADF] 'BB_UPPER' — NON-STATIONARY  (p=0.9126, stat=-0.3850)
2026-04-10 13:35:42,064 | INFO | data_pipeline | [ADF] 'BB_MIDDLE' — NON-STATIONARY  (p=0.9121, stat=-0.3877)
2026-04-10 13:35:42,599 | INFO | data_pipeline | [ADF] 'BB_LOWER' — NON-STATIONARY  (p=0.8719, stat=-0.5961)
2026-04-10 13:35:43,122 | INFO | data_pipeline | [ADF] 'DEMA_14' — NON-STATIONARY  (p=0.8243, stat=-0.7821)
2026-04-10 13:35:43,635 | INFO | data_pipeline | [ADF] 'EMA_14' — NON-STATIONARY  (p=0.8837, stat=-0.5413)
2026-04-10 13:35:44,183 | INFO | data_pipeline | [ADF] 'HT_TRENDLINE' — NON-STATIONARY  (p=0.8997, stat=-0.4592)
2026-04-10 13:35:44,720 | INFO | data_pipeline | [ADF] 'KAMA_14' — NON-STATIONARY  (p=0.9003, stat=-0.4561)
2026-04-10 13:35:45,270 | INFO | data_pipeline | [ADF] 'MA_14' — NON-STATIONARY  (p=0.8865, stat=-0.5274)
2026-04-10 13:35:45,808 | INFO | data_pipeline | [ADF] 'MIDPOINT_14' — NON-STATIONARY  (p=0.8730, stat=-0.5908)
2026-04-10 13:35:46,338 | INFO | data_pipeline | [ADF] 'MIDPRICE_14' — NON-STATIONARY  (p=0.8624, stat=-0.6371)
2026-04-10 13:35:46,873 | INFO | data_pipeline | [ADF] 'SAR' — NON-STATIONARY  (p=0.8587, stat=-0.6524)
2026-04-10 13:35:47,932 | INFO | data_pipeline | [ADF] 'SMA_14' — NON-STATIONARY  (p=0.8865, stat=-0.5274)
2026-04-10 13:35:48,436 | INFO | data_pipeline | [ADF] 'T3_14' — NON-STATIONARY  (p=0.8759, stat=-0.5777)
2026-04-10 13:35:48,986 | INFO | data_pipeline | [ADF] 'TEMA_14' — NON-STATIONARY  (p=0.9008, stat=-0.4532)
2026-04-10 13:35:49,527 | INFO | data_pipeline | [ADF] 'TRIMA_14' — NON-STATIONARY  (p=0.8454, stat=-0.7050)
2026-04-10 13:35:50,070 | INFO | data_pipeline | [ADF] 'WMA_14' — NON-STATIONARY  (p=0.8953, stat=-0.4829)
2026-04-10 13:36:01,178 | INFO | data_pipeline | [ADF] 'AD' — NON-STATIONARY  (p=0.3670, stat=-1.8272)
2026-04-10 13:36:02,275 | INFO | data_pipeline | [ADF] 'OBV' — NON-STATIONARY  (p=0.9834, stat=0.4524)
2026-04-10 13:36:04,430 | INFO | data_pipeline | [ADF] 'AVGPRICE' — NON-STATIONARY  (p=0.8793, stat=-0.5623)
2026-04-10 13:36:04,940 | INFO | data_pipeline | [ADF] 'MEDPRICE' — NON-STATIONARY  (p=0.8680, stat=-0.6132)
2026-04-10 13:36:05,458 | INFO | data_pipeline | [ADF] 'TYPPRICE' — NON-STATIONARY  (p=0.8720, stat=-0.5955)
2026-04-10 13:36:05,972 | INFO | data_pipeline | [ADF] 'WCLPRICE' — NON-STATIONARY  (p=0.8716, stat=-0.5974)
2026-04-10 13:36:10,139 | INFO | data_pipeline | [ADF] 'LINEARREG_14' — NON-STATIONARY  (p=0.8692, stat=-0.6081)
2026-04-10 13:36:11,188 | INFO | data_pipeline | [ADF] 'LINEARREG_INTERCEPT_14' — NON-STATIONARY  (p=0.8633, stat=-0.6331)
2026-04-10 13:36:12,790 | INFO | data_pipeline | [ADF] 'TSF_14' — NON-STATIONARY  (p=0.8673, stat=-0.6161)
2026-04-10 13:36:13,308 | INFO | data_pipeline | [ADF] Tested 65 column(s): 36 stationary, 29 non-stationary.
2026-04-10 13:36:13,312 | INFO | data_pipeline | [make_stationary] Differencing 29 non-stationary column(s)…
2026-04-10 13:36:13,846 | INFO | data_pipeline | [make_stationary] 'open' became stationary after 1 diff(s)  (p=0.0000).
2026-04-10 13:36:14,387 | INFO | data_pipeline | [make_stationary] 'high' became stationary after 1 diff(s)  (p=0.0000).
2026-04-10 13:36:14,912 | INFO | data_pipeline | [make_stationary] 'low' became stationary after 1 diff(s)  (p=0.0000).
2026-04-10 13:36:15,433 | INFO | data_pipeline | [make_stationary] 'close' became stationary after 1 diff(s)  (p=0.0000).
2026-04-10 13:36:15,974 | INFO | data_pipeline | [make_stationary] 'BB_UPPER' became stationary after 1 diff(s)  (p=0.0000).
2026-04-10 13:36:16,531 | INFO | data_pipeline | [make_stationary] 'BB_MIDDLE' became stationary after 1 diff(s)  (p=0.0000).
2026-04-10 13:36:17,051 | INFO | data_pipeline | [make_stationary] 'BB_LOWER' became stationary after 1 diff(s)  (p=0.0000).
2026-04-10 13:36:17,560 | INFO | data_pipeline | [make_stationary] 'DEMA_14' became stationary after 1 diff(s)  (p=0.0000).
2026-04-10 13:36:18,078 | INFO | data_pipeline | [make_stationary] 'EMA_14' became stationary after 1 diff(s)  (p=0.0000).
2026-04-10 13:36:18,588 | INFO | data_pipeline | [make_stationary] 'HT_TRENDLINE' became stationary after 1 diff(s)  (p=0.0000).
2026-04-10 13:36:19,139 | INFO | data_pipeline | [make_stationary] 'KAMA_14' became stationary after 1 diff(s)  (p=0.0000).
2026-04-10 13:36:19,681 | INFO | data_pipeline | [make_stationary] 'MA_14' became stationary after 1 diff(s)  (p=0.0000).
2026-04-10 13:36:20,213 | INFO | data_pipeline | [make_stationary] 'MIDPOINT_14' became stationary after 1 diff(s)  (p=0.0000).
2026-04-10 13:36:20,744 | INFO | data_pipeline | [make_stationary] 'MIDPRICE_14' became stationary after 1 diff(s)  (p=0.0000).
2026-04-10 13:36:21,275 | INFO | data_pipeline | [make_stationary] 'SAR' became stationary after 1 diff(s)  (p=0.0000).
2026-04-10 13:36:21,810 | INFO | data_pipeline | [make_stationary] 'SMA_14' became stationary after 1 diff(s)  (p=0.0000).
2026-04-10 13:36:22,328 | INFO | data_pipeline | [make_stationary] 'T3_14' became stationary after 1 diff(s)  (p=0.0000).
2026-04-10 13:36:22,872 | INFO | data_pipeline | [make_stationary] 'TEMA_14' became stationary after 1 diff(s)  (p=0.0000).
2026-04-10 13:36:23,408 | INFO | data_pipeline | [make_stationary] 'TRIMA_14' became stationary after 1 diff(s)  (p=0.0000).
2026-04-10 13:36:23,938 | INFO | data_pipeline | [make_stationary] 'WMA_14' became stationary after 1 diff(s)  (p=0.0000).
2026-04-10 13:36:24,498 | INFO | data_pipeline | [make_stationary] 'AD' became stationary after 1 diff(s)  (p=0.0000).
2026-04-10 13:36:25,009 | INFO | data_pipeline | [make_stationary] 'OBV' became stationary after 1 diff(s)  (p=0.0000).
2026-04-10 13:36:25,539 | INFO | data_pipeline | [make_stationary] 'AVGPRICE' became stationary after 1 diff(s)  (p=0.0000).
2026-04-10 13:36:26,049 | INFO | data_pipeline | [make_stationary] 'MEDPRICE' became stationary after 1 diff(s)  (p=0.0000).
2026-04-10 13:36:26,564 | INFO | data_pipeline | [make_stationary] 'TYPPRICE' became stationary after 1 diff(s)  (p=0.0000).
2026-04-10 13:36:27,080 | INFO | data_pipeline | [make_stationary] 'WCLPRICE' became stationary after 1 diff(s)  (p=0.0000).
2026-04-10 13:36:27,619 | INFO | data_pipeline | [make_stationary] 'LINEARREG_14' became stationary after 1 diff(s)  (p=0.0000).
2026-04-10 13:36:28,170 | INFO | data_pipeline | [make_stationary] 'LINEARREG_INTERCEPT_14' became stationary after 1 diff(s)  (p=0.0000).
2026-04-10 13:36:28,712 | INFO | data_pipeline | [make_stationary] 'TSF_14' became stationary after 1 diff(s)  (p=0.0000).
2026-04-10 13:36:28,734 | INFO | data_pipeline | [make_stationary] Shape after differencing & dropna: (8697, 89)
2026-04-10 13:36:28,734 | INFO | data_pipeline | Differencing summary: open=1d, high=1d, low=1d, close=1d, BB_UPPER=1d, BB_MIDDLE=1d, BB_LOWER=1d, DEMA_14=1d, EMA_14=1d, HT_TRENDLINE=1d, KAMA_14=1d, MA_14=1d, MIDPOINT_14=1d, MIDPRICE_14=1d, SAR=1d, SMA_14=1d, T3_14=1d, TEMA_14=1d, TRIMA_14=1d, WMA_14=1d, AD=1d, OBV=1d, AVGPRICE=1d, MEDPRICE=1d, TYPPRICE=1d, WCLPRICE=1d, LINEARREG_14=1d, LINEARREG_INTERCEPT_14=1d, TSF_14=1d
2026-04-10 13:36:28,747 | INFO | data_pipeline | train_ratio=0.7 → split at row 6087/8697 → split_date='2025-12-11 07:00:00' (70% train / 30% test)
2026-04-10 13:36:28,770 | INFO | data_pipeline | Regression target created — shape: (8683, 87)
2026-04-10 14:14:52,319 | INFO | data_pipeline | Fetching data: schema=data_binance, table=btc_1m, start=2025-03-29, end=2026-03-30
2026-04-10 14:15:04,604 | INFO | data_pipeline | Fetched 527,041 rows for btc.
2026-04-10 14:15:04,604 | INFO | data_pipeline | Resampling to 1h…
2026-04-10 14:15:04,831 | INFO | data_pipeline | Resampled shape: (8785, 6)
2026-04-10 14:15:04,831 | INFO | data_pipeline | Generating 71 indicator(s)…
2026-04-10 14:15:04,882 | INFO | data_pipeline | Feature shape after generation: (8785, 89)
2026-04-10 14:15:04,882 | INFO | data_pipeline | Running ADF stationarity tests…
2026-04-10 14:15:05,436 | INFO | data_pipeline | [ADF] 'open' — NON-STATIONARY  (p=0.8767, stat=-0.5740)
2026-04-10 14:15:05,997 | INFO | data_pipeline | [ADF] 'high' — NON-STATIONARY  (p=0.8825, stat=-0.5469)
2026-04-10 14:15:06,536 | INFO | data_pipeline | [ADF] 'low' — NON-STATIONARY  (p=0.8585, stat=-0.6534)
2026-04-10 14:15:07,079 | INFO | data_pipeline | [ADF] 'close' — NON-STATIONARY  (p=0.8754, stat=-0.5800)
2026-04-10 14:15:08,205 | INFO | data_pipeline | [ADF] 'BB_UPPER' — NON-STATIONARY  (p=0.9126, stat=-0.3850)
2026-04-10 14:15:08,767 | INFO | data_pipeline | [ADF] 'BB_MIDDLE' — NON-STATIONARY  (p=0.9121, stat=-0.3877)
2026-04-10 14:15:09,293 | INFO | data_pipeline | [ADF] 'BB_LOWER' — NON-STATIONARY  (p=0.8719, stat=-0.5961)
2026-04-10 14:15:09,817 | INFO | data_pipeline | [ADF] 'DEMA_14' — NON-STATIONARY  (p=0.8243, stat=-0.7821)
2026-04-10 14:15:10,362 | INFO | data_pipeline | [ADF] 'EMA_14' — NON-STATIONARY  (p=0.8837, stat=-0.5413)
2026-04-10 14:15:10,898 | INFO | data_pipeline | [ADF] 'HT_TRENDLINE' — NON-STATIONARY  (p=0.8997, stat=-0.4592)
2026-04-10 14:15:11,422 | INFO | data_pipeline | [ADF] 'KAMA_14' — NON-STATIONARY  (p=0.9003, stat=-0.4561)
2026-04-10 14:15:11,992 | INFO | data_pipeline | [ADF] 'MA_14' — NON-STATIONARY  (p=0.8865, stat=-0.5274)
2026-04-10 14:15:12,529 | INFO | data_pipeline | [ADF] 'MIDPOINT_14' — NON-STATIONARY  (p=0.8730, stat=-0.5908)
2026-04-10 14:15:13,058 | INFO | data_pipeline | [ADF] 'MIDPRICE_14' — NON-STATIONARY  (p=0.8624, stat=-0.6371)
2026-04-10 14:15:13,596 | INFO | data_pipeline | [ADF] 'SAR' — NON-STATIONARY  (p=0.8587, stat=-0.6524)
2026-04-10 14:15:14,670 | INFO | data_pipeline | [ADF] 'SMA_14' — NON-STATIONARY  (p=0.8865, stat=-0.5274)
2026-04-10 14:15:15,196 | INFO | data_pipeline | [ADF] 'T3_14' — NON-STATIONARY  (p=0.8759, stat=-0.5777)
2026-04-10 14:15:15,734 | INFO | data_pipeline | [ADF] 'TEMA_14' — NON-STATIONARY  (p=0.9008, stat=-0.4532)
2026-04-10 14:15:16,285 | INFO | data_pipeline | [ADF] 'TRIMA_14' — NON-STATIONARY  (p=0.8454, stat=-0.7050)
2026-04-10 14:15:16,822 | INFO | data_pipeline | [ADF] 'WMA_14' — NON-STATIONARY  (p=0.8953, stat=-0.4829)
2026-04-10 14:15:27,861 | INFO | data_pipeline | [ADF] 'AD' — NON-STATIONARY  (p=0.3670, stat=-1.8272)
2026-04-10 14:15:28,959 | INFO | data_pipeline | [ADF] 'OBV' — NON-STATIONARY  (p=0.9834, stat=0.4524)
2026-04-10 14:15:31,330 | INFO | data_pipeline | [ADF] 'AVGPRICE' — NON-STATIONARY  (p=0.8793, stat=-0.5623)
2026-04-10 14:15:31,904 | INFO | data_pipeline | [ADF] 'MEDPRICE' — NON-STATIONARY  (p=0.8680, stat=-0.6132)
2026-04-10 14:15:32,483 | INFO | data_pipeline | [ADF] 'TYPPRICE' — NON-STATIONARY  (p=0.8720, stat=-0.5955)
2026-04-10 14:15:33,072 | INFO | data_pipeline | [ADF] 'WCLPRICE' — NON-STATIONARY  (p=0.8716, stat=-0.5974)
2026-04-10 14:15:37,586 | INFO | data_pipeline | [ADF] 'LINEARREG_14' — NON-STATIONARY  (p=0.8692, stat=-0.6081)
2026-04-10 14:15:38,724 | INFO | data_pipeline | [ADF] 'LINEARREG_INTERCEPT_14' — NON-STATIONARY  (p=0.8633, stat=-0.6331)
2026-04-10 14:15:40,471 | INFO | data_pipeline | [ADF] 'TSF_14' — NON-STATIONARY  (p=0.8673, stat=-0.6161)
2026-04-10 14:15:41,034 | INFO | data_pipeline | [ADF] Tested 65 column(s): 36 stationary, 29 non-stationary.
2026-04-10 14:15:41,036 | INFO | data_pipeline | [make_stationary] Differencing 29 non-stationary column(s)…
2026-04-10 14:15:41,600 | INFO | data_pipeline | [make_stationary] 'open' became stationary after 1 diff(s)  (p=0.0000).
2026-04-10 14:15:42,168 | INFO | data_pipeline | [make_stationary] 'high' became stationary after 1 diff(s)  (p=0.0000).
2026-04-10 14:15:42,735 | INFO | data_pipeline | [make_stationary] 'low' became stationary after 1 diff(s)  (p=0.0000).
2026-04-10 14:15:43,304 | INFO | data_pipeline | [make_stationary] 'close' became stationary after 1 diff(s)  (p=0.0000).
2026-04-10 14:15:43,852 | INFO | data_pipeline | [make_stationary] 'BB_UPPER' became stationary after 1 diff(s)  (p=0.0000).
2026-04-10 14:15:44,437 | INFO | data_pipeline | [make_stationary] 'BB_MIDDLE' became stationary after 1 diff(s)  (p=0.0000).
2026-04-10 14:15:45,053 | INFO | data_pipeline | [make_stationary] 'BB_LOWER' became stationary after 1 diff(s)  (p=0.0000).
2026-04-10 14:15:45,611 | INFO | data_pipeline | [make_stationary] 'DEMA_14' became stationary after 1 diff(s)  (p=0.0000).
2026-04-10 14:15:46,195 | INFO | data_pipeline | [make_stationary] 'EMA_14' became stationary after 1 diff(s)  (p=0.0000).
2026-04-10 14:15:46,785 | INFO | data_pipeline | [make_stationary] 'HT_TRENDLINE' became stationary after 1 diff(s)  (p=0.0000).
2026-04-10 14:15:47,361 | INFO | data_pipeline | [make_stationary] 'KAMA_14' became stationary after 1 diff(s)  (p=0.0000).
2026-04-10 14:15:47,952 | INFO | data_pipeline | [make_stationary] 'MA_14' became stationary after 1 diff(s)  (p=0.0000).
2026-04-10 14:15:48,522 | INFO | data_pipeline | [make_stationary] 'MIDPOINT_14' became stationary after 1 diff(s)  (p=0.0000).
2026-04-10 14:15:49,079 | INFO | data_pipeline | [make_stationary] 'MIDPRICE_14' became stationary after 1 diff(s)  (p=0.0000).
2026-04-10 14:15:49,659 | INFO | data_pipeline | [make_stationary] 'SAR' became stationary after 1 diff(s)  (p=0.0000).
2026-04-10 14:15:50,251 | INFO | data_pipeline | [make_stationary] 'SMA_14' became stationary after 1 diff(s)  (p=0.0000).
2026-04-10 14:15:50,811 | INFO | data_pipeline | [make_stationary] 'T3_14' became stationary after 1 diff(s)  (p=0.0000).
2026-04-10 14:15:51,394 | INFO | data_pipeline | [make_stationary] 'TEMA_14' became stationary after 1 diff(s)  (p=0.0000).
2026-04-10 14:15:51,968 | INFO | data_pipeline | [make_stationary] 'TRIMA_14' became stationary after 1 diff(s)  (p=0.0000).
2026-04-10 14:15:52,524 | INFO | data_pipeline | [make_stationary] 'WMA_14' became stationary after 1 diff(s)  (p=0.0000).
2026-04-10 14:15:53,119 | INFO | data_pipeline | [make_stationary] 'AD' became stationary after 1 diff(s)  (p=0.0000).
2026-04-10 14:15:53,682 | INFO | data_pipeline | [make_stationary] 'OBV' became stationary after 1 diff(s)  (p=0.0000).
2026-04-10 14:15:54,255 | INFO | data_pipeline | [make_stationary] 'AVGPRICE' became stationary after 1 diff(s)  (p=0.0000).
2026-04-10 14:15:54,837 | INFO | data_pipeline | [make_stationary] 'MEDPRICE' became stationary after 1 diff(s)  (p=0.0000).
2026-04-10 14:15:55,443 | INFO | data_pipeline | [make_stationary] 'TYPPRICE' became stationary after 1 diff(s)  (p=0.0000).
2026-04-10 14:15:56,022 | INFO | data_pipeline | [make_stationary] 'WCLPRICE' became stationary after 1 diff(s)  (p=0.0000).
2026-04-10 14:15:56,628 | INFO | data_pipeline | [make_stationary] 'LINEARREG_14' became stationary after 1 diff(s)  (p=0.0000).
2026-04-10 14:15:57,190 | INFO | data_pipeline | [make_stationary] 'LINEARREG_INTERCEPT_14' became stationary after 1 diff(s)  (p=0.0000).
2026-04-10 14:15:57,751 | INFO | data_pipeline | [make_stationary] 'TSF_14' became stationary after 1 diff(s)  (p=0.0000).
2026-04-10 14:15:57,772 | INFO | data_pipeline | [make_stationary] Shape after differencing & dropna: (8697, 89)
2026-04-10 14:15:57,772 | INFO | data_pipeline | Differencing summary: open=1d, high=1d, low=1d, close=1d, BB_UPPER=1d, BB_MIDDLE=1d, BB_LOWER=1d, DEMA_14=1d, EMA_14=1d, HT_TRENDLINE=1d, KAMA_14=1d, MA_14=1d, MIDPOINT_14=1d, MIDPRICE_14=1d, SAR=1d, SMA_14=1d, T3_14=1d, TEMA_14=1d, TRIMA_14=1d, WMA_14=1d, AD=1d, OBV=1d, AVGPRICE=1d, MEDPRICE=1d, TYPPRICE=1d, WCLPRICE=1d, LINEARREG_14=1d, LINEARREG_INTERCEPT_14=1d, TSF_14=1d
2026-04-10 14:15:57,784 | INFO | data_pipeline | train_ratio=0.7 → split at row 6087/8697 → split_date='2025-12-11 07:00:00' (70% train / 30% test)
2026-04-10 14:15:57,809 | INFO | data_pipeline | Regression target created — shape: (8683, 87)
2026-04-10 14:25:10,856 | INFO | data_pipeline | Fetching data: schema=data_binance, table=btc_1m, start=2025-03-29, end=2026-03-30
2026-04-10 14:25:21,130 | INFO | data_pipeline | Fetched 527,041 rows for btc.
2026-04-10 14:25:21,130 | INFO | data_pipeline | Resampling to 1h…
2026-04-10 14:25:21,356 | INFO | data_pipeline | Resampled shape: (8785, 6)
2026-04-10 14:25:21,356 | INFO | data_pipeline | Generating 71 indicator(s)…
2026-04-10 14:25:21,411 | INFO | data_pipeline | Feature shape after generation: (8785, 89)
2026-04-10 14:25:21,412 | INFO | data_pipeline | Running ADF stationarity tests…
2026-04-10 14:25:21,866 | INFO | data_pipeline | [ADF] 'open' — NON-STATIONARY  (p=0.8767, stat=-0.5740)
2026-04-10 14:25:22,336 | INFO | data_pipeline | [ADF] 'high' — NON-STATIONARY  (p=0.8825, stat=-0.5469)
2026-04-10 14:25:22,805 | INFO | data_pipeline | [ADF] 'low' — NON-STATIONARY  (p=0.8585, stat=-0.6534)
2026-04-10 14:25:23,280 | INFO | data_pipeline | [ADF] 'close' — NON-STATIONARY  (p=0.8754, stat=-0.5800)
2026-04-10 14:25:24,239 | INFO | data_pipeline | [ADF] 'BB_UPPER' — NON-STATIONARY  (p=0.9126, stat=-0.3850)
2026-04-10 14:25:24,708 | INFO | data_pipeline | [ADF] 'BB_MIDDLE' — NON-STATIONARY  (p=0.9121, stat=-0.3877)
2026-04-10 14:25:25,168 | INFO | data_pipeline | [ADF] 'BB_LOWER' — NON-STATIONARY  (p=0.8719, stat=-0.5961)
2026-04-10 14:25:25,620 | INFO | data_pipeline | [ADF] 'DEMA_14' — NON-STATIONARY  (p=0.8243, stat=-0.7821)
2026-04-10 14:25:26,099 | INFO | data_pipeline | [ADF] 'EMA_14' — NON-STATIONARY  (p=0.8837, stat=-0.5413)
2026-04-10 14:25:26,649 | INFO | data_pipeline | [ADF] 'HT_TRENDLINE' — NON-STATIONARY  (p=0.8997, stat=-0.4592)
2026-04-10 14:25:27,296 | INFO | data_pipeline | [ADF] 'KAMA_14' — NON-STATIONARY  (p=0.9003, stat=-0.4561)
2026-04-10 14:25:27,896 | INFO | data_pipeline | [ADF] 'MA_14' — NON-STATIONARY  (p=0.8865, stat=-0.5274)
2026-04-10 14:25:28,490 | INFO | data_pipeline | [ADF] 'MIDPOINT_14' — NON-STATIONARY  (p=0.8730, stat=-0.5908)
2026-04-10 14:25:29,096 | INFO | data_pipeline | [ADF] 'MIDPRICE_14' — NON-STATIONARY  (p=0.8624, stat=-0.6371)
2026-04-10 14:25:29,699 | INFO | data_pipeline | [ADF] 'SAR' — NON-STATIONARY  (p=0.8587, stat=-0.6524)
2026-04-10 14:25:30,901 | INFO | data_pipeline | [ADF] 'SMA_14' — NON-STATIONARY  (p=0.8865, stat=-0.5274)
2026-04-10 14:25:31,475 | INFO | data_pipeline | [ADF] 'T3_14' — NON-STATIONARY  (p=0.8759, stat=-0.5777)
2026-04-10 14:25:32,103 | INFO | data_pipeline | [ADF] 'TEMA_14' — NON-STATIONARY  (p=0.9008, stat=-0.4532)
2026-04-10 14:25:32,719 | INFO | data_pipeline | [ADF] 'TRIMA_14' — NON-STATIONARY  (p=0.8454, stat=-0.7050)
2026-04-10 14:25:33,333 | INFO | data_pipeline | [ADF] 'WMA_14' — NON-STATIONARY  (p=0.8953, stat=-0.4829)
2026-04-10 14:25:44,877 | INFO | data_pipeline | [ADF] 'AD' — NON-STATIONARY  (p=0.3670, stat=-1.8272)
2026-04-10 14:25:45,991 | INFO | data_pipeline | [ADF] 'OBV' — NON-STATIONARY  (p=0.9834, stat=0.4524)
2026-04-10 14:25:48,338 | INFO | data_pipeline | [ADF] 'AVGPRICE' — NON-STATIONARY  (p=0.8793, stat=-0.5623)
2026-04-10 14:25:48,894 | INFO | data_pipeline | [ADF] 'MEDPRICE' — NON-STATIONARY  (p=0.8680, stat=-0.6132)
2026-04-10 14:25:49,450 | INFO | data_pipeline | [ADF] 'TYPPRICE' — NON-STATIONARY  (p=0.8720, stat=-0.5955)
2026-04-10 14:25:49,994 | INFO | data_pipeline | [ADF] 'WCLPRICE' — NON-STATIONARY  (p=0.8716, stat=-0.5974)
2026-04-10 14:25:54,558 | INFO | data_pipeline | [ADF] 'LINEARREG_14' — NON-STATIONARY  (p=0.8692, stat=-0.6081)
2026-04-10 14:25:55,685 | INFO | data_pipeline | [ADF] 'LINEARREG_INTERCEPT_14' — NON-STATIONARY  (p=0.8633, stat=-0.6331)
2026-04-10 14:25:57,439 | INFO | data_pipeline | [ADF] 'TSF_14' — NON-STATIONARY  (p=0.8673, stat=-0.6161)
2026-04-10 14:25:57,986 | INFO | data_pipeline | [ADF] Tested 65 column(s): 36 stationary, 29 non-stationary.
2026-04-10 14:25:57,994 | INFO | data_pipeline | [make_stationary] Differencing 29 non-stationary column(s)…
2026-04-10 14:25:58,562 | INFO | data_pipeline | [make_stationary] 'open' became stationary after 1 diff(s)  (p=0.0000).
2026-04-10 14:25:59,119 | INFO | data_pipeline | [make_stationary] 'high' became stationary after 1 diff(s)  (p=0.0000).
2026-04-10 14:25:59,670 | INFO | data_pipeline | [make_stationary] 'low' became stationary after 1 diff(s)  (p=0.0000).
2026-04-10 14:26:00,287 | INFO | data_pipeline | [make_stationary] 'close' became stationary after 1 diff(s)  (p=0.0000).
2026-04-10 14:26:00,970 | INFO | data_pipeline | [make_stationary] 'BB_UPPER' became stationary after 1 diff(s)  (p=0.0000).
2026-04-10 14:26:01,584 | INFO | data_pipeline | [make_stationary] 'BB_MIDDLE' became stationary after 1 diff(s)  (p=0.0000).
2026-04-10 14:26:02,208 | INFO | data_pipeline | [make_stationary] 'BB_LOWER' became stationary after 1 diff(s)  (p=0.0000).
2026-04-10 14:26:02,781 | INFO | data_pipeline | [make_stationary] 'DEMA_14' became stationary after 1 diff(s)  (p=0.0000).
2026-04-10 14:26:03,368 | INFO | data_pipeline | [make_stationary] 'EMA_14' became stationary after 1 diff(s)  (p=0.0000).
2026-04-10 14:26:03,912 | INFO | data_pipeline | [make_stationary] 'HT_TRENDLINE' became stationary after 1 diff(s)  (p=0.0000).
2026-04-10 14:26:04,472 | INFO | data_pipeline | [make_stationary] 'KAMA_14' became stationary after 1 diff(s)  (p=0.0000).
2026-04-10 14:26:05,042 | INFO | data_pipeline | [make_stationary] 'MA_14' became stationary after 1 diff(s)  (p=0.0000).
2026-04-10 14:26:05,601 | INFO | data_pipeline | [make_stationary] 'MIDPOINT_14' became stationary after 1 diff(s)  (p=0.0000).
2026-04-10 14:26:06,174 | INFO | data_pipeline | [make_stationary] 'MIDPRICE_14' became stationary after 1 diff(s)  (p=0.0000).
2026-04-10 14:26:06,758 | INFO | data_pipeline | [make_stationary] 'SAR' became stationary after 1 diff(s)  (p=0.0000).
2026-04-10 14:26:07,339 | INFO | data_pipeline | [make_stationary] 'SMA_14' became stationary after 1 diff(s)  (p=0.0000).
2026-04-10 14:26:07,881 | INFO | data_pipeline | [make_stationary] 'T3_14' became stationary after 1 diff(s)  (p=0.0000).
2026-04-10 14:26:08,449 | INFO | data_pipeline | [make_stationary] 'TEMA_14' became stationary after 1 diff(s)  (p=0.0000).
2026-04-10 14:26:09,048 | INFO | data_pipeline | [make_stationary] 'TRIMA_14' became stationary after 1 diff(s)  (p=0.0000).
2026-04-10 14:26:09,614 | INFO | data_pipeline | [make_stationary] 'WMA_14' became stationary after 1 diff(s)  (p=0.0000).
2026-04-10 14:26:10,168 | INFO | data_pipeline | [make_stationary] 'AD' became stationary after 1 diff(s)  (p=0.0000).
2026-04-10 14:26:10,712 | INFO | data_pipeline | [make_stationary] 'OBV' became stationary after 1 diff(s)  (p=0.0000).
2026-04-10 14:26:11,267 | INFO | data_pipeline | [make_stationary] 'AVGPRICE' became stationary after 1 diff(s)  (p=0.0000).
2026-04-10 14:26:11,806 | INFO | data_pipeline | [make_stationary] 'MEDPRICE' became stationary after 1 diff(s)  (p=0.0000).
2026-04-10 14:26:12,404 | INFO | data_pipeline | [make_stationary] 'TYPPRICE' became stationary after 1 diff(s)  (p=0.0000).
2026-04-10 14:26:12,953 | INFO | data_pipeline | [make_stationary] 'WCLPRICE' became stationary after 1 diff(s)  (p=0.0000).
2026-04-10 14:26:13,524 | INFO | data_pipeline | [make_stationary] 'LINEARREG_14' became stationary after 1 diff(s)  (p=0.0000).
2026-04-10 14:26:14,090 | INFO | data_pipeline | [make_stationary] 'LINEARREG_INTERCEPT_14' became stationary after 1 diff(s)  (p=0.0000).
2026-04-10 14:26:14,686 | INFO | data_pipeline | [make_stationary] 'TSF_14' became stationary after 1 diff(s)  (p=0.0000).
2026-04-10 14:26:14,704 | INFO | data_pipeline | [make_stationary] Shape after differencing & dropna: (8697, 89)
2026-04-10 14:26:14,704 | INFO | data_pipeline | Differencing summary: open=1d, high=1d, low=1d, close=1d, BB_UPPER=1d, BB_MIDDLE=1d, BB_LOWER=1d, DEMA_14=1d, EMA_14=1d, HT_TRENDLINE=1d, KAMA_14=1d, MA_14=1d, MIDPOINT_14=1d, MIDPRICE_14=1d, SAR=1d, SMA_14=1d, T3_14=1d, TEMA_14=1d, TRIMA_14=1d, WMA_14=1d, AD=1d, OBV=1d, AVGPRICE=1d, MEDPRICE=1d, TYPPRICE=1d, WCLPRICE=1d, LINEARREG_14=1d, LINEARREG_INTERCEPT_14=1d, TSF_14=1d
2026-04-10 14:26:14,708 | INFO | data_pipeline | train_ratio=0.7 → split at row 6087/8697 → split_date='2025-12-11 07:00:00' (70% train / 30% test)
2026-04-10 14:26:14,742 | INFO | data_pipeline | Regression target created — shape: (8683, 87)
2026-04-10 15:00:01,014 | INFO | data_pipeline | Fetching data: schema=data_binance, table=btc_1m, start=2025-03-29, end=2026-03-30
2026-04-10 15:00:20,670 | INFO | data_pipeline | Fetched 527,041 rows for btc.
2026-04-10 15:00:20,670 | INFO | data_pipeline | Resampling to 1h…
2026-04-10 15:00:20,921 | INFO | data_pipeline | Resampled shape: (8785, 6)
2026-04-10 15:00:20,921 | INFO | data_pipeline | Generating 71 indicator(s)…
2026-04-10 15:00:20,981 | INFO | data_pipeline | Feature shape after generation: (8785, 89)
2026-04-10 15:00:20,982 | INFO | data_pipeline | Running ADF stationarity tests…
2026-04-10 15:00:21,477 | INFO | data_pipeline | [ADF] 'open' — NON-STATIONARY  (p=0.8767, stat=-0.5740)
2026-04-10 15:00:21,945 | INFO | data_pipeline | [ADF] 'high' — NON-STATIONARY  (p=0.8825, stat=-0.5469)
2026-04-10 15:00:22,539 | INFO | data_pipeline | [ADF] 'low' — NON-STATIONARY  (p=0.8585, stat=-0.6534)
2026-04-10 15:00:22,990 | INFO | data_pipeline | [ADF] 'close' — NON-STATIONARY  (p=0.8754, stat=-0.5800)
2026-04-10 15:00:23,950 | INFO | data_pipeline | [ADF] 'BB_UPPER' — NON-STATIONARY  (p=0.9126, stat=-0.3850)
2026-04-10 15:00:24,427 | INFO | data_pipeline | [ADF] 'BB_MIDDLE' — NON-STATIONARY  (p=0.9121, stat=-0.3877)
2026-04-10 15:00:24,914 | INFO | data_pipeline | [ADF] 'BB_LOWER' — NON-STATIONARY  (p=0.8719, stat=-0.5961)
2026-04-10 15:00:25,465 | INFO | data_pipeline | [ADF] 'DEMA_14' — NON-STATIONARY  (p=0.8243, stat=-0.7821)
2026-04-10 15:00:26,034 | INFO | data_pipeline | [ADF] 'EMA_14' — NON-STATIONARY  (p=0.8837, stat=-0.5413)
2026-04-10 15:00:26,593 | INFO | data_pipeline | [ADF] 'HT_TRENDLINE' — NON-STATIONARY  (p=0.8997, stat=-0.4592)
2026-04-10 15:00:27,192 | INFO | data_pipeline | [ADF] 'KAMA_14' — NON-STATIONARY  (p=0.9003, stat=-0.4561)
2026-04-10 15:00:27,666 | INFO | data_pipeline | [ADF] 'MA_14' — NON-STATIONARY  (p=0.8865, stat=-0.5274)
2026-04-10 15:00:28,138 | INFO | data_pipeline | [ADF] 'MIDPOINT_14' — NON-STATIONARY  (p=0.8730, stat=-0.5908)
2026-04-10 15:00:28,610 | INFO | data_pipeline | [ADF] 'MIDPRICE_14' — NON-STATIONARY  (p=0.8624, stat=-0.6371)
2026-04-10 15:00:29,110 | INFO | data_pipeline | [ADF] 'SAR' — NON-STATIONARY  (p=0.8587, stat=-0.6524)
2026-04-10 15:00:30,071 | INFO | data_pipeline | [ADF] 'SMA_14' — NON-STATIONARY  (p=0.8865, stat=-0.5274)
2026-04-10 15:00:30,524 | INFO | data_pipeline | [ADF] 'T3_14' — NON-STATIONARY  (p=0.8759, stat=-0.5777)
2026-04-10 15:00:31,076 | INFO | data_pipeline | [ADF] 'TEMA_14' — NON-STATIONARY  (p=0.9008, stat=-0.4532)
2026-04-10 15:00:31,692 | INFO | data_pipeline | [ADF] 'TRIMA_14' — NON-STATIONARY  (p=0.8454, stat=-0.7050)
2026-04-10 15:00:32,293 | INFO | data_pipeline | [ADF] 'WMA_14' — NON-STATIONARY  (p=0.8953, stat=-0.4829)
2026-04-10 15:00:44,027 | INFO | data_pipeline | [ADF] 'AD' — NON-STATIONARY  (p=0.3670, stat=-1.8272)
2026-04-10 15:00:45,213 | INFO | data_pipeline | [ADF] 'OBV' — NON-STATIONARY  (p=0.9834, stat=0.4524)
2026-04-10 15:00:47,531 | INFO | data_pipeline | [ADF] 'AVGPRICE' — NON-STATIONARY  (p=0.8793, stat=-0.5623)
2026-04-10 15:00:48,104 | INFO | data_pipeline | [ADF] 'MEDPRICE' — NON-STATIONARY  (p=0.8680, stat=-0.6132)
2026-04-10 15:00:48,726 | INFO | data_pipeline | [ADF] 'TYPPRICE' — NON-STATIONARY  (p=0.8720, stat=-0.5955)
2026-04-10 15:00:49,308 | INFO | data_pipeline | [ADF] 'WCLPRICE' — NON-STATIONARY  (p=0.8716, stat=-0.5974)
2026-04-10 15:00:53,952 | INFO | data_pipeline | [ADF] 'LINEARREG_14' — NON-STATIONARY  (p=0.8692, stat=-0.6081)
2026-04-10 15:00:55,125 | INFO | data_pipeline | [ADF] 'LINEARREG_INTERCEPT_14' — NON-STATIONARY  (p=0.8633, stat=-0.6331)
2026-04-10 15:00:56,863 | INFO | data_pipeline | [ADF] 'TSF_14' — NON-STATIONARY  (p=0.8673, stat=-0.6161)
2026-04-10 15:00:57,434 | INFO | data_pipeline | [ADF] Tested 65 column(s): 36 stationary, 29 non-stationary.
2026-04-10 15:00:57,448 | INFO | data_pipeline | [make_stationary] Differencing 29 non-stationary column(s)…
2026-04-10 15:00:58,100 | INFO | data_pipeline | [make_stationary] 'open' became stationary after 1 diff(s)  (p=0.0000).
2026-04-10 15:00:58,656 | INFO | data_pipeline | [make_stationary] 'high' became stationary after 1 diff(s)  (p=0.0000).
2026-04-10 15:00:59,292 | INFO | data_pipeline | [make_stationary] 'low' became stationary after 1 diff(s)  (p=0.0000).
2026-04-10 15:00:59,858 | INFO | data_pipeline | [make_stationary] 'close' became stationary after 1 diff(s)  (p=0.0000).
2026-04-10 15:01:00,490 | INFO | data_pipeline | [make_stationary] 'BB_UPPER' became stationary after 1 diff(s)  (p=0.0000).
2026-04-10 15:01:01,038 | INFO | data_pipeline | [make_stationary] 'BB_MIDDLE' became stationary after 1 diff(s)  (p=0.0000).
2026-04-10 15:01:01,634 | INFO | data_pipeline | [make_stationary] 'BB_LOWER' became stationary after 1 diff(s)  (p=0.0000).
2026-04-10 15:01:02,204 | INFO | data_pipeline | [make_stationary] 'DEMA_14' became stationary after 1 diff(s)  (p=0.0000).
2026-04-10 15:01:02,766 | INFO | data_pipeline | [make_stationary] 'EMA_14' became stationary after 1 diff(s)  (p=0.0000).
2026-04-10 15:01:03,369 | INFO | data_pipeline | [make_stationary] 'HT_TRENDLINE' became stationary after 1 diff(s)  (p=0.0000).
2026-04-10 15:01:03,928 | INFO | data_pipeline | [make_stationary] 'KAMA_14' became stationary after 1 diff(s)  (p=0.0000).
2026-04-10 15:01:04,508 | INFO | data_pipeline | [make_stationary] 'MA_14' became stationary after 1 diff(s)  (p=0.0000).
2026-04-10 15:01:05,091 | INFO | data_pipeline | [make_stationary] 'MIDPOINT_14' became stationary after 1 diff(s)  (p=0.0000).
2026-04-10 15:01:05,724 | INFO | data_pipeline | [make_stationary] 'MIDPRICE_14' became stationary after 1 diff(s)  (p=0.0000).
2026-04-10 15:01:06,288 | INFO | data_pipeline | [make_stationary] 'SAR' became stationary after 1 diff(s)  (p=0.0000).
2026-04-10 15:01:06,938 | INFO | data_pipeline | [make_stationary] 'SMA_14' became stationary after 1 diff(s)  (p=0.0000).
2026-04-10 15:01:07,511 | INFO | data_pipeline | [make_stationary] 'T3_14' became stationary after 1 diff(s)  (p=0.0000).
2026-04-10 15:01:08,140 | INFO | data_pipeline | [make_stationary] 'TEMA_14' became stationary after 1 diff(s)  (p=0.0000).
2026-04-10 15:01:08,703 | INFO | data_pipeline | [make_stationary] 'TRIMA_14' became stationary after 1 diff(s)  (p=0.0000).
2026-04-10 15:01:09,287 | INFO | data_pipeline | [make_stationary] 'WMA_14' became stationary after 1 diff(s)  (p=0.0000).
2026-04-10 15:01:09,868 | INFO | data_pipeline | [make_stationary] 'AD' became stationary after 1 diff(s)  (p=0.0000).
2026-04-10 15:01:10,495 | INFO | data_pipeline | [make_stationary] 'OBV' became stationary after 1 diff(s)  (p=0.0000).
2026-04-10 15:01:11,096 | INFO | data_pipeline | [make_stationary] 'AVGPRICE' became stationary after 1 diff(s)  (p=0.0000).
2026-04-10 15:01:11,676 | INFO | data_pipeline | [make_stationary] 'MEDPRICE' became stationary after 1 diff(s)  (p=0.0000).
2026-04-10 15:01:12,281 | INFO | data_pipeline | [make_stationary] 'TYPPRICE' became stationary after 1 diff(s)  (p=0.0000).
2026-04-10 15:01:12,830 | INFO | data_pipeline | [make_stationary] 'WCLPRICE' became stationary after 1 diff(s)  (p=0.0000).
2026-04-10 15:01:13,442 | INFO | data_pipeline | [make_stationary] 'LINEARREG_14' became stationary after 1 diff(s)  (p=0.0000).
2026-04-10 15:01:14,061 | INFO | data_pipeline | [make_stationary] 'LINEARREG_INTERCEPT_14' became stationary after 1 diff(s)  (p=0.0000).
2026-04-10 15:01:14,645 | INFO | data_pipeline | [make_stationary] 'TSF_14' became stationary after 1 diff(s)  (p=0.0000).
2026-04-10 15:01:14,665 | INFO | data_pipeline | [make_stationary] Shape after differencing & dropna: (8697, 89)
2026-04-10 15:01:14,665 | INFO | data_pipeline | Differencing summary: open=1d, high=1d, low=1d, close=1d, BB_UPPER=1d, BB_MIDDLE=1d, BB_LOWER=1d, DEMA_14=1d, EMA_14=1d, HT_TRENDLINE=1d, KAMA_14=1d, MA_14=1d, MIDPOINT_14=1d, MIDPRICE_14=1d, SAR=1d, SMA_14=1d, T3_14=1d, TEMA_14=1d, TRIMA_14=1d, WMA_14=1d, AD=1d, OBV=1d, AVGPRICE=1d, MEDPRICE=1d, TYPPRICE=1d, WCLPRICE=1d, LINEARREG_14=1d, LINEARREG_INTERCEPT_14=1d, TSF_14=1d
2026-04-10 15:01:14,686 | INFO | data_pipeline | train_ratio=0.7 → split at row 6087/8697 → split_date='2025-12-11 07:00:00' (70% train / 30% test)
2026-04-10 15:01:14,722 | INFO | data_pipeline | Regression target created — shape: (8683, 87)
2026-04-10 15:10:52,088 | INFO | data_pipeline | Fetching data: schema=data_binance, table=btc_1m, start=2025-03-29, end=2026-03-30
2026-04-10 15:11:08,416 | INFO | data_pipeline | Fetched 527,041 rows for btc.
2026-04-10 15:11:08,416 | INFO | data_pipeline | Resampling to 1h…
2026-04-10 15:11:08,871 | INFO | data_pipeline | Resampled shape: (8785, 6)
2026-04-10 15:11:08,871 | INFO | data_pipeline | Generating 71 indicator(s)…
2026-04-10 15:11:08,936 | INFO | data_pipeline | Feature shape after generation: (8785, 89)
2026-04-10 15:11:08,941 | INFO | data_pipeline | Running ADF stationarity tests…
2026-04-10 15:11:09,757 | INFO | data_pipeline | [ADF] 'open' — NON-STATIONARY  (p=0.8767, stat=-0.5740)
2026-04-10 15:11:10,393 | INFO | data_pipeline | [ADF] 'high' — NON-STATIONARY  (p=0.8825, stat=-0.5469)
2026-04-10 15:11:11,121 | INFO | data_pipeline | [ADF] 'low' — NON-STATIONARY  (p=0.8585, stat=-0.6534)
2026-04-10 15:11:11,746 | INFO | data_pipeline | [ADF] 'close' — NON-STATIONARY  (p=0.8754, stat=-0.5800)
2026-04-10 15:11:13,239 | INFO | data_pipeline | [ADF] 'BB_UPPER' — NON-STATIONARY  (p=0.9126, stat=-0.3850)
2026-04-10 15:11:13,914 | INFO | data_pipeline | [ADF] 'BB_MIDDLE' — NON-STATIONARY  (p=0.9121, stat=-0.3877)
2026-04-10 15:11:14,506 | INFO | data_pipeline | [ADF] 'BB_LOWER' — NON-STATIONARY  (p=0.8719, stat=-0.5961)
2026-04-10 15:11:15,325 | INFO | data_pipeline | [ADF] 'DEMA_14' — NON-STATIONARY  (p=0.8243, stat=-0.7821)
2026-04-10 15:11:16,143 | INFO | data_pipeline | [ADF] 'EMA_14' — NON-STATIONARY  (p=0.8837, stat=-0.5413)
2026-04-10 15:11:16,921 | INFO | data_pipeline | [ADF] 'HT_TRENDLINE' — NON-STATIONARY  (p=0.8997, stat=-0.4592)
2026-04-10 15:11:17,771 | INFO | data_pipeline | [ADF] 'KAMA_14' — NON-STATIONARY  (p=0.9003, stat=-0.4561)
2026-04-10 15:11:18,478 | INFO | data_pipeline | [ADF] 'MA_14' — NON-STATIONARY  (p=0.8865, stat=-0.5274)
2026-04-10 15:11:19,192 | INFO | data_pipeline | [ADF] 'MIDPOINT_14' — NON-STATIONARY  (p=0.8730, stat=-0.5908)
2026-04-10 15:11:19,933 | INFO | data_pipeline | [ADF] 'MIDPRICE_14' — NON-STATIONARY  (p=0.8624, stat=-0.6371)
2026-04-10 15:11:20,634 | INFO | data_pipeline | [ADF] 'SAR' — NON-STATIONARY  (p=0.8587, stat=-0.6524)
2026-04-10 15:11:22,236 | INFO | data_pipeline | [ADF] 'SMA_14' — NON-STATIONARY  (p=0.8865, stat=-0.5274)
2026-04-10 15:11:23,018 | INFO | data_pipeline | [ADF] 'T3_14' — NON-STATIONARY  (p=0.8759, stat=-0.5777)
2026-04-10 15:11:23,822 | INFO | data_pipeline | [ADF] 'TEMA_14' — NON-STATIONARY  (p=0.9008, stat=-0.4532)
2026-04-10 15:11:24,546 | INFO | data_pipeline | [ADF] 'TRIMA_14' — NON-STATIONARY  (p=0.8454, stat=-0.7050)
2026-04-10 15:11:25,291 | INFO | data_pipeline | [ADF] 'WMA_14' — NON-STATIONARY  (p=0.8953, stat=-0.4829)
2026-04-10 15:11:40,450 | INFO | data_pipeline | [ADF] 'AD' — NON-STATIONARY  (p=0.3670, stat=-1.8272)
2026-04-10 15:11:41,934 | INFO | data_pipeline | [ADF] 'OBV' — NON-STATIONARY  (p=0.9834, stat=0.4524)
2026-04-10 15:11:45,005 | INFO | data_pipeline | [ADF] 'AVGPRICE' — NON-STATIONARY  (p=0.8793, stat=-0.5623)
2026-04-10 15:11:45,878 | INFO | data_pipeline | [ADF] 'MEDPRICE' — NON-STATIONARY  (p=0.8680, stat=-0.6132)
2026-04-10 15:11:46,537 | INFO | data_pipeline | [ADF] 'TYPPRICE' — NON-STATIONARY  (p=0.8720, stat=-0.5955)
2026-04-10 15:11:47,360 | INFO | data_pipeline | [ADF] 'WCLPRICE' — NON-STATIONARY  (p=0.8716, stat=-0.5974)
2026-04-10 15:11:53,335 | INFO | data_pipeline | [ADF] 'LINEARREG_14' — NON-STATIONARY  (p=0.8692, stat=-0.6081)
2026-04-10 15:11:54,731 | INFO | data_pipeline | [ADF] 'LINEARREG_INTERCEPT_14' — NON-STATIONARY  (p=0.8633, stat=-0.6331)
2026-04-10 15:11:57,226 | INFO | data_pipeline | [ADF] 'TSF_14' — NON-STATIONARY  (p=0.8673, stat=-0.6161)
2026-04-10 15:11:57,999 | INFO | data_pipeline | [ADF] Tested 65 column(s): 36 stationary, 29 non-stationary.
2026-04-10 15:11:58,000 | INFO | data_pipeline | [make_stationary] Differencing 29 non-stationary column(s)…
2026-04-10 15:11:58,767 | INFO | data_pipeline | [make_stationary] 'open' became stationary after 1 diff(s)  (p=0.0000).
2026-04-10 15:11:59,574 | INFO | data_pipeline | [make_stationary] 'high' became stationary after 1 diff(s)  (p=0.0000).
2026-04-10 15:12:00,441 | INFO | data_pipeline | [make_stationary] 'low' became stationary after 1 diff(s)  (p=0.0000).
2026-04-10 15:12:01,187 | INFO | data_pipeline | [make_stationary] 'close' became stationary after 1 diff(s)  (p=0.0000).
2026-04-10 15:12:02,106 | INFO | data_pipeline | [make_stationary] 'BB_UPPER' became stationary after 1 diff(s)  (p=0.0000).
2026-04-10 15:12:02,837 | INFO | data_pipeline | [make_stationary] 'BB_MIDDLE' became stationary after 1 diff(s)  (p=0.0000).
2026-04-10 15:12:03,545 | INFO | data_pipeline | [make_stationary] 'BB_LOWER' became stationary after 1 diff(s)  (p=0.0000).
2026-04-10 15:12:04,206 | INFO | data_pipeline | [make_stationary] 'DEMA_14' became stationary after 1 diff(s)  (p=0.0000).
2026-04-10 15:12:05,052 | INFO | data_pipeline | [make_stationary] 'EMA_14' became stationary after 1 diff(s)  (p=0.0000).
2026-04-10 15:12:05,794 | INFO | data_pipeline | [make_stationary] 'HT_TRENDLINE' became stationary after 1 diff(s)  (p=0.0000).
2026-04-10 15:12:06,526 | INFO | data_pipeline | [make_stationary] 'KAMA_14' became stationary after 1 diff(s)  (p=0.0000).
2026-04-10 15:12:07,291 | INFO | data_pipeline | [make_stationary] 'MA_14' became stationary after 1 diff(s)  (p=0.0000).
2026-04-10 15:12:08,090 | INFO | data_pipeline | [make_stationary] 'MIDPOINT_14' became stationary after 1 diff(s)  (p=0.0000).
2026-04-10 15:12:08,860 | INFO | data_pipeline | [make_stationary] 'MIDPRICE_14' became stationary after 1 diff(s)  (p=0.0000).
2026-04-10 15:12:09,629 | INFO | data_pipeline | [make_stationary] 'SAR' became stationary after 1 diff(s)  (p=0.0000).
2026-04-10 15:12:10,703 | INFO | data_pipeline | [make_stationary] 'SMA_14' became stationary after 1 diff(s)  (p=0.0000).
2026-04-10 15:12:11,318 | INFO | data_pipeline | [make_stationary] 'T3_14' became stationary after 1 diff(s)  (p=0.0000).
2026-04-10 15:12:12,115 | INFO | data_pipeline | [make_stationary] 'TEMA_14' became stationary after 1 diff(s)  (p=0.0000).
2026-04-10 15:12:12,960 | INFO | data_pipeline | [make_stationary] 'TRIMA_14' became stationary after 1 diff(s)  (p=0.0000).
2026-04-10 15:12:13,664 | INFO | data_pipeline | [make_stationary] 'WMA_14' became stationary after 1 diff(s)  (p=0.0000).
2026-04-10 15:12:14,394 | INFO | data_pipeline | [make_stationary] 'AD' became stationary after 1 diff(s)  (p=0.0000).
2026-04-10 15:12:15,085 | INFO | data_pipeline | [make_stationary] 'OBV' became stationary after 1 diff(s)  (p=0.0000).
2026-04-10 15:12:15,768 | INFO | data_pipeline | [make_stationary] 'AVGPRICE' became stationary after 1 diff(s)  (p=0.0000).
2026-04-10 15:12:16,538 | INFO | data_pipeline | [make_stationary] 'MEDPRICE' became stationary after 1 diff(s)  (p=0.0000).
2026-04-10 15:12:17,199 | INFO | data_pipeline | [make_stationary] 'TYPPRICE' became stationary after 1 diff(s)  (p=0.0000).
2026-04-10 15:12:17,933 | INFO | data_pipeline | [make_stationary] 'WCLPRICE' became stationary after 1 diff(s)  (p=0.0000).
2026-04-10 15:12:18,786 | INFO | data_pipeline | [make_stationary] 'LINEARREG_14' became stationary after 1 diff(s)  (p=0.0000).
2026-04-10 15:12:19,451 | INFO | data_pipeline | [make_stationary] 'LINEARREG_INTERCEPT_14' became stationary after 1 diff(s)  (p=0.0000).
2026-04-10 15:12:20,275 | INFO | data_pipeline | [make_stationary] 'TSF_14' became stationary after 1 diff(s)  (p=0.0000).
2026-04-10 15:12:20,280 | INFO | data_pipeline | [make_stationary] Shape after differencing & dropna: (8697, 89)
2026-04-10 15:12:20,280 | INFO | data_pipeline | Differencing summary: open=1d, high=1d, low=1d, close=1d, BB_UPPER=1d, BB_MIDDLE=1d, BB_LOWER=1d, DEMA_14=1d, EMA_14=1d, HT_TRENDLINE=1d, KAMA_14=1d, MA_14=1d, MIDPOINT_14=1d, MIDPRICE_14=1d, SAR=1d, SMA_14=1d, T3_14=1d, TEMA_14=1d, TRIMA_14=1d, WMA_14=1d, AD=1d, OBV=1d, AVGPRICE=1d, MEDPRICE=1d, TYPPRICE=1d, WCLPRICE=1d, LINEARREG_14=1d, LINEARREG_INTERCEPT_14=1d, TSF_14=1d
2026-04-10 15:12:20,306 | INFO | data_pipeline | train_ratio=0.7 → split at row 6087/8697 → split_date='2025-12-11 07:00:00' (70% train / 30% test)
2026-04-10 15:12:20,334 | INFO | data_pipeline | Regression target created — shape: (8683, 87)
2026-04-10 15:29:05,732 | INFO | data_pipeline | Fetching data: schema=data_binance, table=btc_1m, start=2025-03-29, end=2026-03-30
2026-04-10 15:29:21,523 | INFO | data_pipeline | Fetched 527,041 rows for btc.
2026-04-10 15:29:21,523 | INFO | data_pipeline | Resampling to 1h…
2026-04-10 15:29:21,925 | INFO | data_pipeline | Resampled shape: (8785, 6)
2026-04-10 15:29:21,925 | INFO | data_pipeline | Generating 71 indicator(s)…
2026-04-10 15:29:22,008 | INFO | data_pipeline | Feature shape after generation: (8785, 89)
2026-04-10 15:29:22,008 | INFO | data_pipeline | Running ADF stationarity tests…
2026-04-10 15:29:22,860 | INFO | data_pipeline | [ADF] 'open' — NON-STATIONARY  (p=0.8767, stat=-0.5740)
2026-04-10 15:29:23,564 | INFO | data_pipeline | [ADF] 'high' — NON-STATIONARY  (p=0.8825, stat=-0.5469)
2026-04-10 15:29:24,328 | INFO | data_pipeline | [ADF] 'low' — NON-STATIONARY  (p=0.8585, stat=-0.6534)
2026-04-10 15:29:25,037 | INFO | data_pipeline | [ADF] 'close' — NON-STATIONARY  (p=0.8754, stat=-0.5800)
2026-04-10 15:29:26,433 | INFO | data_pipeline | [ADF] 'BB_UPPER' — NON-STATIONARY  (p=0.9126, stat=-0.3850)
2026-04-10 15:29:27,165 | INFO | data_pipeline | [ADF] 'BB_MIDDLE' — NON-STATIONARY  (p=0.9121, stat=-0.3877)
2026-04-10 15:29:27,899 | INFO | data_pipeline | [ADF] 'BB_LOWER' — NON-STATIONARY  (p=0.8719, stat=-0.5961)
2026-04-10 15:29:28,579 | INFO | data_pipeline | [ADF] 'DEMA_14' — NON-STATIONARY  (p=0.8243, stat=-0.7821)
2026-04-10 15:29:29,279 | INFO | data_pipeline | [ADF] 'EMA_14' — NON-STATIONARY  (p=0.8837, stat=-0.5413)
2026-04-10 15:29:30,013 | INFO | data_pipeline | [ADF] 'HT_TRENDLINE' — NON-STATIONARY  (p=0.8997, stat=-0.4592)
2026-04-10 15:29:30,681 | INFO | data_pipeline | [ADF] 'KAMA_14' — NON-STATIONARY  (p=0.9003, stat=-0.4561)
2026-04-10 15:29:31,393 | INFO | data_pipeline | [ADF] 'MA_14' — NON-STATIONARY  (p=0.8865, stat=-0.5274)
2026-04-10 15:29:32,111 | INFO | data_pipeline | [ADF] 'MIDPOINT_14' — NON-STATIONARY  (p=0.8730, stat=-0.5908)
2026-04-10 15:29:32,832 | INFO | data_pipeline | [ADF] 'MIDPRICE_14' — NON-STATIONARY  (p=0.8624, stat=-0.6371)
2026-04-10 15:29:33,548 | INFO | data_pipeline | [ADF] 'SAR' — NON-STATIONARY  (p=0.8587, stat=-0.6524)
2026-04-10 15:29:34,967 | INFO | data_pipeline | [ADF] 'SMA_14' — NON-STATIONARY  (p=0.8865, stat=-0.5274)
2026-04-10 15:29:35,656 | INFO | data_pipeline | [ADF] 'T3_14' — NON-STATIONARY  (p=0.8759, stat=-0.5777)
2026-04-10 15:29:36,375 | INFO | data_pipeline | [ADF] 'TEMA_14' — NON-STATIONARY  (p=0.9008, stat=-0.4532)
2026-04-10 15:29:37,130 | INFO | data_pipeline | [ADF] 'TRIMA_14' — NON-STATIONARY  (p=0.8454, stat=-0.7050)
2026-04-10 15:29:37,820 | INFO | data_pipeline | [ADF] 'WMA_14' — NON-STATIONARY  (p=0.8953, stat=-0.4829)
2026-04-10 15:29:51,423 | INFO | data_pipeline | [ADF] 'AD' — NON-STATIONARY  (p=0.3670, stat=-1.8272)
2026-04-10 15:29:52,814 | INFO | data_pipeline | [ADF] 'OBV' — NON-STATIONARY  (p=0.9834, stat=0.4524)
2026-04-10 15:29:55,734 | INFO | data_pipeline | [ADF] 'AVGPRICE' — NON-STATIONARY  (p=0.8793, stat=-0.5623)
2026-04-10 15:29:56,413 | INFO | data_pipeline | [ADF] 'MEDPRICE' — NON-STATIONARY  (p=0.8680, stat=-0.6132)
2026-04-10 15:29:57,114 | INFO | data_pipeline | [ADF] 'TYPPRICE' — NON-STATIONARY  (p=0.8720, stat=-0.5955)
2026-04-10 15:29:57,831 | INFO | data_pipeline | [ADF] 'WCLPRICE' — NON-STATIONARY  (p=0.8716, stat=-0.5974)
2026-04-10 15:30:03,513 | INFO | data_pipeline | [ADF] 'LINEARREG_14' — NON-STATIONARY  (p=0.8692, stat=-0.6081)
2026-04-10 15:30:04,875 | INFO | data_pipeline | [ADF] 'LINEARREG_INTERCEPT_14' — NON-STATIONARY  (p=0.8633, stat=-0.6331)
2026-04-10 15:30:06,956 | INFO | data_pipeline | [ADF] 'TSF_14' — NON-STATIONARY  (p=0.8673, stat=-0.6161)
2026-04-10 15:30:07,630 | INFO | data_pipeline | [ADF] Tested 65 column(s): 36 stationary, 29 non-stationary.
2026-04-10 15:30:07,630 | INFO | data_pipeline | [make_stationary] Differencing 29 non-stationary column(s)…
2026-04-10 15:30:08,309 | INFO | data_pipeline | [make_stationary] 'open' became stationary after 1 diff(s)  (p=0.0000).
2026-04-10 15:30:08,973 | INFO | data_pipeline | [make_stationary] 'high' became stationary after 1 diff(s)  (p=0.0000).
2026-04-10 15:30:09,703 | INFO | data_pipeline | [make_stationary] 'low' became stationary after 1 diff(s)  (p=0.0000).
2026-04-10 15:30:10,443 | INFO | data_pipeline | [make_stationary] 'close' became stationary after 1 diff(s)  (p=0.0000).
2026-04-10 15:30:11,186 | INFO | data_pipeline | [make_stationary] 'BB_UPPER' became stationary after 1 diff(s)  (p=0.0000).
2026-04-10 15:30:11,907 | INFO | data_pipeline | [make_stationary] 'BB_MIDDLE' became stationary after 1 diff(s)  (p=0.0000).
2026-04-10 15:30:12,620 | INFO | data_pipeline | [make_stationary] 'BB_LOWER' became stationary after 1 diff(s)  (p=0.0000).
2026-04-10 15:30:13,299 | INFO | data_pipeline | [make_stationary] 'DEMA_14' became stationary after 1 diff(s)  (p=0.0000).
2026-04-10 15:30:13,957 | INFO | data_pipeline | [make_stationary] 'EMA_14' became stationary after 1 diff(s)  (p=0.0000).
2026-04-10 15:30:14,676 | INFO | data_pipeline | [make_stationary] 'HT_TRENDLINE' became stationary after 1 diff(s)  (p=0.0000).
2026-04-10 15:30:15,367 | INFO | data_pipeline | [make_stationary] 'KAMA_14' became stationary after 1 diff(s)  (p=0.0000).
2026-04-10 15:30:16,051 | INFO | data_pipeline | [make_stationary] 'MA_14' became stationary after 1 diff(s)  (p=0.0000).
2026-04-10 15:30:16,768 | INFO | data_pipeline | [make_stationary] 'MIDPOINT_14' became stationary after 1 diff(s)  (p=0.0000).
2026-04-10 15:30:17,469 | INFO | data_pipeline | [make_stationary] 'MIDPRICE_14' became stationary after 1 diff(s)  (p=0.0000).
2026-04-10 15:30:18,170 | INFO | data_pipeline | [make_stationary] 'SAR' became stationary after 1 diff(s)  (p=0.0000).
2026-04-10 15:30:18,856 | INFO | data_pipeline | [make_stationary] 'SMA_14' became stationary after 1 diff(s)  (p=0.0000).
2026-04-10 15:30:19,517 | INFO | data_pipeline | [make_stationary] 'T3_14' became stationary after 1 diff(s)  (p=0.0000).
2026-04-10 15:30:20,234 | INFO | data_pipeline | [make_stationary] 'TEMA_14' became stationary after 1 diff(s)  (p=0.0000).
2026-04-10 15:30:20,984 | INFO | data_pipeline | [make_stationary] 'TRIMA_14' became stationary after 1 diff(s)  (p=0.0000).
2026-04-10 15:30:21,685 | INFO | data_pipeline | [make_stationary] 'WMA_14' became stationary after 1 diff(s)  (p=0.0000).
2026-04-10 15:30:22,397 | INFO | data_pipeline | [make_stationary] 'AD' became stationary after 1 diff(s)  (p=0.0000).
2026-04-10 15:30:23,082 | INFO | data_pipeline | [make_stationary] 'OBV' became stationary after 1 diff(s)  (p=0.0000).
2026-04-10 15:30:23,749 | INFO | data_pipeline | [make_stationary] 'AVGPRICE' became stationary after 1 diff(s)  (p=0.0000).
2026-04-10 15:30:24,430 | INFO | data_pipeline | [make_stationary] 'MEDPRICE' became stationary after 1 diff(s)  (p=0.0000).
2026-04-10 15:30:25,090 | INFO | data_pipeline | [make_stationary] 'TYPPRICE' became stationary after 1 diff(s)  (p=0.0000).
2026-04-10 15:30:25,778 | INFO | data_pipeline | [make_stationary] 'WCLPRICE' became stationary after 1 diff(s)  (p=0.0000).
2026-04-10 15:30:26,464 | INFO | data_pipeline | [make_stationary] 'LINEARREG_14' became stationary after 1 diff(s)  (p=0.0000).
2026-04-10 15:30:27,168 | INFO | data_pipeline | [make_stationary] 'LINEARREG_INTERCEPT_14' became stationary after 1 diff(s)  (p=0.0000).
2026-04-10 15:30:27,876 | INFO | data_pipeline | [make_stationary] 'TSF_14' became stationary after 1 diff(s)  (p=0.0000).
2026-04-10 15:30:27,899 | INFO | data_pipeline | [make_stationary] Shape after differencing & dropna: (8697, 89)
2026-04-10 15:30:27,899 | INFO | data_pipeline | Differencing summary: open=1d, high=1d, low=1d, close=1d, BB_UPPER=1d, BB_MIDDLE=1d, BB_LOWER=1d, DEMA_14=1d, EMA_14=1d, HT_TRENDLINE=1d, KAMA_14=1d, MA_14=1d, MIDPOINT_14=1d, MIDPRICE_14=1d, SAR=1d, SMA_14=1d, T3_14=1d, TEMA_14=1d, TRIMA_14=1d, WMA_14=1d, AD=1d, OBV=1d, AVGPRICE=1d, MEDPRICE=1d, TYPPRICE=1d, WCLPRICE=1d, LINEARREG_14=1d, LINEARREG_INTERCEPT_14=1d, TSF_14=1d
2026-04-10 15:30:27,913 | INFO | data_pipeline | train_ratio=0.7 → split at row 6087/8697 → split_date='2025-12-11 07:00:00' (70% train / 30% test)
2026-04-10 15:30:27,934 | INFO | data_pipeline | Regression target created — shape: (8683, 87)
2026-04-10 15:53:14,875 | INFO | data_pipeline | Fetching data: schema=data_binance, table=btc_1m, start=2025-03-29, end=2026-03-30
2026-04-10 15:53:31,294 | INFO | data_pipeline | Fetched 527,041 rows for btc.
2026-04-10 15:53:31,294 | INFO | data_pipeline | Resampling to 1h…
2026-04-10 15:53:31,560 | INFO | data_pipeline | Resampled shape: (8785, 6)
2026-04-10 15:53:31,560 | INFO | data_pipeline | Generating 71 indicator(s)…
2026-04-10 15:53:31,621 | INFO | data_pipeline | Feature shape after generation: (8785, 89)
2026-04-10 15:53:31,622 | INFO | data_pipeline | Running ADF stationarity tests…
2026-04-10 15:53:32,328 | INFO | data_pipeline | [ADF] 'open' — NON-STATIONARY  (p=0.8767, stat=-0.5740)
2026-04-10 15:53:33,014 | INFO | data_pipeline | [ADF] 'high' — NON-STATIONARY  (p=0.8825, stat=-0.5469)
2026-04-10 15:53:33,697 | INFO | data_pipeline | [ADF] 'low' — NON-STATIONARY  (p=0.8585, stat=-0.6534)
2026-04-10 15:53:34,457 | INFO | data_pipeline | [ADF] 'close' — NON-STATIONARY  (p=0.8754, stat=-0.5800)
2026-04-10 15:53:35,960 | INFO | data_pipeline | [ADF] 'BB_UPPER' — NON-STATIONARY  (p=0.9126, stat=-0.3850)
2026-04-10 15:53:36,686 | INFO | data_pipeline | [ADF] 'BB_MIDDLE' — NON-STATIONARY  (p=0.9121, stat=-0.3877)
2026-04-10 15:53:37,423 | INFO | data_pipeline | [ADF] 'BB_LOWER' — NON-STATIONARY  (p=0.8719, stat=-0.5961)
2026-04-10 15:53:38,198 | INFO | data_pipeline | [ADF] 'DEMA_14' — NON-STATIONARY  (p=0.8243, stat=-0.7821)
2026-04-10 15:53:38,939 | INFO | data_pipeline | [ADF] 'EMA_14' — NON-STATIONARY  (p=0.8837, stat=-0.5413)
2026-04-10 15:53:39,657 | INFO | data_pipeline | [ADF] 'HT_TRENDLINE' — NON-STATIONARY  (p=0.8997, stat=-0.4592)
2026-04-10 15:53:40,363 | INFO | data_pipeline | [ADF] 'KAMA_14' — NON-STATIONARY  (p=0.9003, stat=-0.4561)
2026-04-10 15:53:41,192 | INFO | data_pipeline | [ADF] 'MA_14' — NON-STATIONARY  (p=0.8865, stat=-0.5274)
2026-04-10 15:53:41,950 | INFO | data_pipeline | [ADF] 'MIDPOINT_14' — NON-STATIONARY  (p=0.8730, stat=-0.5908)
2026-04-10 15:53:42,700 | INFO | data_pipeline | [ADF] 'MIDPRICE_14' — NON-STATIONARY  (p=0.8624, stat=-0.6371)
2026-04-10 15:53:43,411 | INFO | data_pipeline | [ADF] 'SAR' — NON-STATIONARY  (p=0.8587, stat=-0.6524)
2026-04-10 15:53:44,854 | INFO | data_pipeline | [ADF] 'SMA_14' — NON-STATIONARY  (p=0.8865, stat=-0.5274)
2026-04-10 15:53:45,548 | INFO | data_pipeline | [ADF] 'T3_14' — NON-STATIONARY  (p=0.8759, stat=-0.5777)
2026-04-10 15:53:46,323 | INFO | data_pipeline | [ADF] 'TEMA_14' — NON-STATIONARY  (p=0.9008, stat=-0.4532)
2026-04-10 15:53:47,150 | INFO | data_pipeline | [ADF] 'TRIMA_14' — NON-STATIONARY  (p=0.8454, stat=-0.7050)
2026-04-10 15:53:47,841 | INFO | data_pipeline | [ADF] 'WMA_14' — NON-STATIONARY  (p=0.8953, stat=-0.4829)
2026-04-10 15:54:01,858 | INFO | data_pipeline | [ADF] 'AD' — NON-STATIONARY  (p=0.3670, stat=-1.8272)
2026-04-10 15:54:03,287 | INFO | data_pipeline | [ADF] 'OBV' — NON-STATIONARY  (p=0.9834, stat=0.4524)
2026-04-10 15:54:06,338 | INFO | data_pipeline | [ADF] 'AVGPRICE' — NON-STATIONARY  (p=0.8793, stat=-0.5623)
2026-04-10 15:54:07,120 | INFO | data_pipeline | [ADF] 'MEDPRICE' — NON-STATIONARY  (p=0.8680, stat=-0.6132)
2026-04-10 15:54:07,857 | INFO | data_pipeline | [ADF] 'TYPPRICE' — NON-STATIONARY  (p=0.8720, stat=-0.5955)
2026-04-10 15:54:08,585 | INFO | data_pipeline | [ADF] 'WCLPRICE' — NON-STATIONARY  (p=0.8716, stat=-0.5974)
2026-04-10 15:54:14,261 | INFO | data_pipeline | [ADF] 'LINEARREG_14' — NON-STATIONARY  (p=0.8692, stat=-0.6081)
2026-04-10 15:54:15,711 | INFO | data_pipeline | [ADF] 'LINEARREG_INTERCEPT_14' — NON-STATIONARY  (p=0.8633, stat=-0.6331)
2026-04-10 15:54:18,024 | INFO | data_pipeline | [ADF] 'TSF_14' — NON-STATIONARY  (p=0.8673, stat=-0.6161)
2026-04-10 15:54:18,726 | INFO | data_pipeline | [ADF] Tested 65 column(s): 36 stationary, 29 non-stationary.
2026-04-10 15:54:18,730 | INFO | data_pipeline | [make_stationary] Differencing 29 non-stationary column(s)…
2026-04-10 15:54:19,423 | INFO | data_pipeline | [make_stationary] 'open' became stationary after 1 diff(s)  (p=0.0000).
2026-04-10 15:54:20,113 | INFO | data_pipeline | [make_stationary] 'high' became stationary after 1 diff(s)  (p=0.0000).
2026-04-10 15:54:20,801 | INFO | data_pipeline | [make_stationary] 'low' became stationary after 1 diff(s)  (p=0.0000).
2026-04-10 15:54:21,480 | INFO | data_pipeline | [make_stationary] 'close' became stationary after 1 diff(s)  (p=0.0000).
2026-04-10 15:54:22,220 | INFO | data_pipeline | [make_stationary] 'BB_UPPER' became stationary after 1 diff(s)  (p=0.0000).
2026-04-10 15:54:22,975 | INFO | data_pipeline | [make_stationary] 'BB_MIDDLE' became stationary after 1 diff(s)  (p=0.0000).
2026-04-10 15:54:23,709 | INFO | data_pipeline | [make_stationary] 'BB_LOWER' became stationary after 1 diff(s)  (p=0.0000).
2026-04-10 15:54:24,397 | INFO | data_pipeline | [make_stationary] 'DEMA_14' became stationary after 1 diff(s)  (p=0.0000).
2026-04-10 15:54:25,065 | INFO | data_pipeline | [make_stationary] 'EMA_14' became stationary after 1 diff(s)  (p=0.0000).
2026-04-10 15:54:25,751 | INFO | data_pipeline | [make_stationary] 'HT_TRENDLINE' became stationary after 1 diff(s)  (p=0.0000).
2026-04-10 15:54:26,451 | INFO | data_pipeline | [make_stationary] 'KAMA_14' became stationary after 1 diff(s)  (p=0.0000).
2026-04-10 15:54:27,215 | INFO | data_pipeline | [make_stationary] 'MA_14' became stationary after 1 diff(s)  (p=0.0000).
2026-04-10 15:54:27,925 | INFO | data_pipeline | [make_stationary] 'MIDPOINT_14' became stationary after 1 diff(s)  (p=0.0000).
2026-04-10 15:54:28,638 | INFO | data_pipeline | [make_stationary] 'MIDPRICE_14' became stationary after 1 diff(s)  (p=0.0000).
2026-04-10 15:54:29,360 | INFO | data_pipeline | [make_stationary] 'SAR' became stationary after 1 diff(s)  (p=0.0000).
2026-04-10 15:54:30,086 | INFO | data_pipeline | [make_stationary] 'SMA_14' became stationary after 1 diff(s)  (p=0.0000).
2026-04-10 15:54:30,754 | INFO | data_pipeline | [make_stationary] 'T3_14' became stationary after 1 diff(s)  (p=0.0000).
2026-04-10 15:54:31,467 | INFO | data_pipeline | [make_stationary] 'TEMA_14' became stationary after 1 diff(s)  (p=0.0000).
2026-04-10 15:54:32,201 | INFO | data_pipeline | [make_stationary] 'TRIMA_14' became stationary after 1 diff(s)  (p=0.0000).
2026-04-10 15:54:32,886 | INFO | data_pipeline | [make_stationary] 'WMA_14' became stationary after 1 diff(s)  (p=0.0000).
2026-04-10 15:54:33,620 | INFO | data_pipeline | [make_stationary] 'AD' became stationary after 1 diff(s)  (p=0.0000).
2026-04-10 15:54:34,326 | INFO | data_pipeline | [make_stationary] 'OBV' became stationary after 1 diff(s)  (p=0.0000).
2026-04-10 15:54:35,018 | INFO | data_pipeline | [make_stationary] 'AVGPRICE' became stationary after 1 diff(s)  (p=0.0000).
2026-04-10 15:54:35,698 | INFO | data_pipeline | [make_stationary] 'MEDPRICE' became stationary after 1 diff(s)  (p=0.0000).
2026-04-10 15:54:36,370 | INFO | data_pipeline | [make_stationary] 'TYPPRICE' became stationary after 1 diff(s)  (p=0.0000).
2026-04-10 15:54:37,065 | INFO | data_pipeline | [make_stationary] 'WCLPRICE' became stationary after 1 diff(s)  (p=0.0000).
2026-04-10 15:54:37,792 | INFO | data_pipeline | [make_stationary] 'LINEARREG_14' became stationary after 1 diff(s)  (p=0.0000).
2026-04-10 15:54:38,497 | INFO | data_pipeline | [make_stationary] 'LINEARREG_INTERCEPT_14' became stationary after 1 diff(s)  (p=0.0000).
2026-04-10 15:54:39,225 | INFO | data_pipeline | [make_stationary] 'TSF_14' became stationary after 1 diff(s)  (p=0.0000).
2026-04-10 15:54:39,244 | INFO | data_pipeline | [make_stationary] Shape after differencing & dropna: (8697, 89)
2026-04-10 15:54:39,244 | INFO | data_pipeline | Differencing summary: open=1d, high=1d, low=1d, close=1d, BB_UPPER=1d, BB_MIDDLE=1d, BB_LOWER=1d, DEMA_14=1d, EMA_14=1d, HT_TRENDLINE=1d, KAMA_14=1d, MA_14=1d, MIDPOINT_14=1d, MIDPRICE_14=1d, SAR=1d, SMA_14=1d, T3_14=1d, TEMA_14=1d, TRIMA_14=1d, WMA_14=1d, AD=1d, OBV=1d, AVGPRICE=1d, MEDPRICE=1d, TYPPRICE=1d, WCLPRICE=1d, LINEARREG_14=1d, LINEARREG_INTERCEPT_14=1d, TSF_14=1d
2026-04-10 15:54:39,258 | INFO | data_pipeline | train_ratio=0.7 → split at row 6087/8697 → split_date='2025-12-11 07:00:00' (70% train / 30% test)
2026-04-10 15:54:39,286 | INFO | data_pipeline | Regression target created — shape: (8683, 87)
2026-04-14 09:39:37,129 | INFO | data_pipeline | Fetching data: schema=data_binance, table=btc_1m, start=2025-03-29, end=2026-03-30
2026-04-14 09:39:54,380 | INFO | data_pipeline | Fetched 527,041 rows for btc.
2026-04-14 09:39:54,386 | INFO | data_pipeline | Resampling to 1h…
2026-04-14 09:39:54,668 | INFO | data_pipeline | Resampled shape: (8785, 6)
2026-04-14 09:39:54,668 | INFO | data_pipeline | Generating 71 indicator(s)…
2026-04-14 09:39:54,718 | INFO | data_pipeline | Feature shape after generation: (8785, 89)
2026-04-14 09:39:54,719 | INFO | data_pipeline | Running ADF stationarity tests…
2026-04-14 09:39:55,129 | INFO | data_pipeline | [ADF] 'open' — NON-STATIONARY  (p=0.8767, stat=-0.5740)
2026-04-14 09:39:55,541 | INFO | data_pipeline | [ADF] 'high' — NON-STATIONARY  (p=0.8825, stat=-0.5469)
2026-04-14 09:39:55,959 | INFO | data_pipeline | [ADF] 'low' — NON-STATIONARY  (p=0.8585, stat=-0.6534)
2026-04-14 09:39:56,423 | INFO | data_pipeline | [ADF] 'close' — NON-STATIONARY  (p=0.8754, stat=-0.5800)
2026-04-14 09:39:57,406 | INFO | data_pipeline | [ADF] 'BB_UPPER' — NON-STATIONARY  (p=0.9126, stat=-0.3850)
2026-04-14 09:39:57,931 | INFO | data_pipeline | [ADF] 'BB_MIDDLE' — NON-STATIONARY  (p=0.9121, stat=-0.3877)
2026-04-14 09:39:58,546 | INFO | data_pipeline | [ADF] 'BB_LOWER' — NON-STATIONARY  (p=0.8719, stat=-0.5961)
2026-04-14 09:39:59,076 | INFO | data_pipeline | [ADF] 'DEMA_14' — NON-STATIONARY  (p=0.8243, stat=-0.7821)
2026-04-14 09:39:59,577 | INFO | data_pipeline | [ADF] 'EMA_14' — NON-STATIONARY  (p=0.8837, stat=-0.5413)
2026-04-14 09:40:00,078 | INFO | data_pipeline | [ADF] 'HT_TRENDLINE' — NON-STATIONARY  (p=0.8997, stat=-0.4592)
2026-04-14 09:40:00,563 | INFO | data_pipeline | [ADF] 'KAMA_14' — NON-STATIONARY  (p=0.9003, stat=-0.4561)
2026-04-14 09:40:01,064 | INFO | data_pipeline | [ADF] 'MA_14' — NON-STATIONARY  (p=0.8865, stat=-0.5274)
2026-04-14 09:40:01,566 | INFO | data_pipeline | [ADF] 'MIDPOINT_14' — NON-STATIONARY  (p=0.8730, stat=-0.5908)
2026-04-14 09:40:02,088 | INFO | data_pipeline | [ADF] 'MIDPRICE_14' — NON-STATIONARY  (p=0.8624, stat=-0.6371)
2026-04-14 09:40:02,595 | INFO | data_pipeline | [ADF] 'SAR' — NON-STATIONARY  (p=0.8587, stat=-0.6524)
2026-04-14 09:40:03,722 | INFO | data_pipeline | [ADF] 'SMA_14' — NON-STATIONARY  (p=0.8865, stat=-0.5274)
2026-04-14 09:40:04,257 | INFO | data_pipeline | [ADF] 'T3_14' — NON-STATIONARY  (p=0.8759, stat=-0.5777)
2026-04-14 09:40:04,801 | INFO | data_pipeline | [ADF] 'TEMA_14' — NON-STATIONARY  (p=0.9008, stat=-0.4532)
2026-04-14 09:40:05,373 | INFO | data_pipeline | [ADF] 'TRIMA_14' — NON-STATIONARY  (p=0.8454, stat=-0.7050)
2026-04-14 09:40:05,900 | INFO | data_pipeline | [ADF] 'WMA_14' — NON-STATIONARY  (p=0.8953, stat=-0.4829)
2026-04-14 09:40:16,206 | INFO | data_pipeline | [ADF] 'AD' — NON-STATIONARY  (p=0.3670, stat=-1.8272)
2026-04-14 09:40:17,287 | INFO | data_pipeline | [ADF] 'OBV' — NON-STATIONARY  (p=0.9834, stat=0.4524)
2026-04-14 09:40:19,416 | INFO | data_pipeline | [ADF] 'AVGPRICE' — NON-STATIONARY  (p=0.8793, stat=-0.5623)
2026-04-14 09:40:19,928 | INFO | data_pipeline | [ADF] 'MEDPRICE' — NON-STATIONARY  (p=0.8680, stat=-0.6132)
2026-04-14 09:40:20,441 | INFO | data_pipeline | [ADF] 'TYPPRICE' — NON-STATIONARY  (p=0.8720, stat=-0.5955)
2026-04-14 09:40:20,950 | INFO | data_pipeline | [ADF] 'WCLPRICE' — NON-STATIONARY  (p=0.8716, stat=-0.5974)
2026-04-14 09:40:25,169 | INFO | data_pipeline | [ADF] 'LINEARREG_14' — NON-STATIONARY  (p=0.8692, stat=-0.6081)
2026-04-14 09:40:26,224 | INFO | data_pipeline | [ADF] 'LINEARREG_INTERCEPT_14' — NON-STATIONARY  (p=0.8633, stat=-0.6331)
2026-04-14 09:40:27,864 | INFO | data_pipeline | [ADF] 'TSF_14' — NON-STATIONARY  (p=0.8673, stat=-0.6161)
2026-04-14 09:40:28,387 | INFO | data_pipeline | [ADF] Tested 65 column(s): 36 stationary, 29 non-stationary.
2026-04-14 09:40:28,392 | INFO | data_pipeline | [make_stationary] Differencing 29 non-stationary column(s)…
2026-04-14 09:40:28,908 | INFO | data_pipeline | [make_stationary] 'open' became stationary after 1 diff(s)  (p=0.0000).
2026-04-14 09:40:29,419 | INFO | data_pipeline | [make_stationary] 'high' became stationary after 1 diff(s)  (p=0.0000).
2026-04-14 09:40:29,920 | INFO | data_pipeline | [make_stationary] 'low' became stationary after 1 diff(s)  (p=0.0000).
2026-04-14 09:40:30,446 | INFO | data_pipeline | [make_stationary] 'close' became stationary after 1 diff(s)  (p=0.0000).
2026-04-14 09:40:30,978 | INFO | data_pipeline | [make_stationary] 'BB_UPPER' became stationary after 1 diff(s)  (p=0.0000).
2026-04-14 09:40:31,513 | INFO | data_pipeline | [make_stationary] 'BB_MIDDLE' became stationary after 1 diff(s)  (p=0.0000).
2026-04-14 09:40:32,058 | INFO | data_pipeline | [make_stationary] 'BB_LOWER' became stationary after 1 diff(s)  (p=0.0000).
2026-04-14 09:40:32,573 | INFO | data_pipeline | [make_stationary] 'DEMA_14' became stationary after 1 diff(s)  (p=0.0000).
2026-04-14 09:40:33,081 | INFO | data_pipeline | [make_stationary] 'EMA_14' became stationary after 1 diff(s)  (p=0.0000).
2026-04-14 09:40:33,604 | INFO | data_pipeline | [make_stationary] 'HT_TRENDLINE' became stationary after 1 diff(s)  (p=0.0000).
2026-04-14 09:40:34,115 | INFO | data_pipeline | [make_stationary] 'KAMA_14' became stationary after 1 diff(s)  (p=0.0000).
2026-04-14 09:40:34,638 | INFO | data_pipeline | [make_stationary] 'MA_14' became stationary after 1 diff(s)  (p=0.0000).
2026-04-14 09:40:35,155 | INFO | data_pipeline | [make_stationary] 'MIDPOINT_14' became stationary after 1 diff(s)  (p=0.0000).
2026-04-14 09:40:35,671 | INFO | data_pipeline | [make_stationary] 'MIDPRICE_14' became stationary after 1 diff(s)  (p=0.0000).
2026-04-14 09:40:36,192 | INFO | data_pipeline | [make_stationary] 'SAR' became stationary after 1 diff(s)  (p=0.0000).
2026-04-14 09:40:36,809 | INFO | data_pipeline | [make_stationary] 'SMA_14' became stationary after 1 diff(s)  (p=0.0000).
2026-04-14 09:40:37,439 | INFO | data_pipeline | [make_stationary] 'T3_14' became stationary after 1 diff(s)  (p=0.0000).
2026-04-14 09:40:38,084 | INFO | data_pipeline | [make_stationary] 'TEMA_14' became stationary after 1 diff(s)  (p=0.0000).
2026-04-14 09:40:38,729 | INFO | data_pipeline | [make_stationary] 'TRIMA_14' became stationary after 1 diff(s)  (p=0.0000).
2026-04-14 09:40:39,369 | INFO | data_pipeline | [make_stationary] 'WMA_14' became stationary after 1 diff(s)  (p=0.0000).
2026-04-14 09:40:40,025 | INFO | data_pipeline | [make_stationary] 'AD' became stationary after 1 diff(s)  (p=0.0000).
2026-04-14 09:40:40,557 | INFO | data_pipeline | [make_stationary] 'OBV' became stationary after 1 diff(s)  (p=0.0000).
2026-04-14 09:40:41,054 | INFO | data_pipeline | [make_stationary] 'AVGPRICE' became stationary after 1 diff(s)  (p=0.0000).
2026-04-14 09:40:41,569 | INFO | data_pipeline | [make_stationary] 'MEDPRICE' became stationary after 1 diff(s)  (p=0.0000).
2026-04-14 09:40:42,102 | INFO | data_pipeline | [make_stationary] 'TYPPRICE' became stationary after 1 diff(s)  (p=0.0000).
2026-04-14 09:40:42,626 | INFO | data_pipeline | [make_stationary] 'WCLPRICE' became stationary after 1 diff(s)  (p=0.0000).
2026-04-14 09:40:43,152 | INFO | data_pipeline | [make_stationary] 'LINEARREG_14' became stationary after 1 diff(s)  (p=0.0000).
2026-04-14 09:40:43,685 | INFO | data_pipeline | [make_stationary] 'LINEARREG_INTERCEPT_14' became stationary after 1 diff(s)  (p=0.0000).
2026-04-14 09:40:44,233 | INFO | data_pipeline | [make_stationary] 'TSF_14' became stationary after 1 diff(s)  (p=0.0000).
2026-04-14 09:40:44,253 | INFO | data_pipeline | [make_stationary] Shape after differencing & dropna: (8697, 89)
2026-04-14 09:40:44,255 | INFO | data_pipeline | Differencing summary: open=1d, high=1d, low=1d, close=1d, BB_UPPER=1d, BB_MIDDLE=1d, BB_LOWER=1d, DEMA_14=1d, EMA_14=1d, HT_TRENDLINE=1d, KAMA_14=1d, MA_14=1d, MIDPOINT_14=1d, MIDPRICE_14=1d, SAR=1d, SMA_14=1d, T3_14=1d, TEMA_14=1d, TRIMA_14=1d, WMA_14=1d, AD=1d, OBV=1d, AVGPRICE=1d, MEDPRICE=1d, TYPPRICE=1d, WCLPRICE=1d, LINEARREG_14=1d, LINEARREG_INTERCEPT_14=1d, TSF_14=1d
2026-04-14 09:40:44,268 | INFO | data_pipeline | train_ratio=0.7 → split at row 6087/8697 → split_date='2025-12-11 07:00:00' (70% train / 30% test)
2026-04-14 09:40:44,305 | INFO | data_pipeline | Regression target created — shape: (8683, 87)
2026-04-14 10:34:04,319 | INFO | data_pipeline | Fetching data: schema=data_binance, table=btc_1m, start=2025-03-29, end=2026-03-30
2026-04-14 10:34:17,524 | INFO | data_pipeline | Fetched 527,041 rows for btc.
2026-04-14 10:34:17,525 | INFO | data_pipeline | Resampling to 1h…
2026-04-14 10:34:17,728 | INFO | data_pipeline | Resampled shape: (8785, 6)
2026-04-14 10:34:17,728 | INFO | data_pipeline | Generating 71 indicator(s)…
2026-04-14 10:34:17,783 | INFO | data_pipeline | Feature shape after generation: (8785, 89)
2026-04-14 10:34:17,783 | INFO | data_pipeline | Running ADF stationarity tests…
2026-04-14 10:34:18,187 | INFO | data_pipeline | [ADF] 'open' — NON-STATIONARY  (p=0.8767, stat=-0.5740)
2026-04-14 10:34:18,553 | INFO | data_pipeline | [ADF] 'high' — NON-STATIONARY  (p=0.8825, stat=-0.5469)
2026-04-14 10:34:18,937 | INFO | data_pipeline | [ADF] 'low' — NON-STATIONARY  (p=0.8585, stat=-0.6534)
2026-04-14 10:34:19,313 | INFO | data_pipeline | [ADF] 'close' — NON-STATIONARY  (p=0.8754, stat=-0.5800)
2026-04-14 10:34:20,304 | INFO | data_pipeline | [ADF] 'BB_UPPER' — NON-STATIONARY  (p=0.9126, stat=-0.3850)
2026-04-14 10:34:20,843 | INFO | data_pipeline | [ADF] 'BB_MIDDLE' — NON-STATIONARY  (p=0.9121, stat=-0.3877)
2026-04-14 10:34:21,449 | INFO | data_pipeline | [ADF] 'BB_LOWER' — NON-STATIONARY  (p=0.8719, stat=-0.5961)
2026-04-14 10:34:22,001 | INFO | data_pipeline | [ADF] 'DEMA_14' — NON-STATIONARY  (p=0.8243, stat=-0.7821)
2026-04-14 10:34:22,508 | INFO | data_pipeline | [ADF] 'EMA_14' — NON-STATIONARY  (p=0.8837, stat=-0.5413)
2026-04-14 10:34:23,030 | INFO | data_pipeline | [ADF] 'HT_TRENDLINE' — NON-STATIONARY  (p=0.8997, stat=-0.4592)
2026-04-14 10:34:23,540 | INFO | data_pipeline | [ADF] 'KAMA_14' — NON-STATIONARY  (p=0.9003, stat=-0.4561)
2026-04-14 10:34:24,082 | INFO | data_pipeline | [ADF] 'MA_14' — NON-STATIONARY  (p=0.8865, stat=-0.5274)
2026-04-14 10:34:24,659 | INFO | data_pipeline | [ADF] 'MIDPOINT_14' — NON-STATIONARY  (p=0.8730, stat=-0.5908)
2026-04-14 10:34:25,287 | INFO | data_pipeline | [ADF] 'MIDPRICE_14' — NON-STATIONARY  (p=0.8624, stat=-0.6371)
2026-04-14 10:34:25,955 | INFO | data_pipeline | [ADF] 'SAR' — NON-STATIONARY  (p=0.8587, stat=-0.6524)
2026-04-14 10:34:27,327 | INFO | data_pipeline | [ADF] 'SMA_14' — NON-STATIONARY  (p=0.8865, stat=-0.5274)
2026-04-14 10:34:28,001 | INFO | data_pipeline | [ADF] 'T3_14' — NON-STATIONARY  (p=0.8759, stat=-0.5777)
2026-04-14 10:34:28,548 | INFO | data_pipeline | [ADF] 'TEMA_14' — NON-STATIONARY  (p=0.9008, stat=-0.4532)
2026-04-14 10:34:29,196 | INFO | data_pipeline | [ADF] 'TRIMA_14' — NON-STATIONARY  (p=0.8454, stat=-0.7050)
2026-04-14 10:34:29,763 | INFO | data_pipeline | [ADF] 'WMA_14' — NON-STATIONARY  (p=0.8953, stat=-0.4829)
2026-04-14 10:34:40,977 | INFO | data_pipeline | [ADF] 'AD' — NON-STATIONARY  (p=0.3670, stat=-1.8272)
2026-04-14 10:34:42,133 | INFO | data_pipeline | [ADF] 'OBV' — NON-STATIONARY  (p=0.9834, stat=0.4524)
2026-04-14 10:34:44,513 | INFO | data_pipeline | [ADF] 'AVGPRICE' — NON-STATIONARY  (p=0.8793, stat=-0.5623)
2026-04-14 10:34:45,046 | INFO | data_pipeline | [ADF] 'MEDPRICE' — NON-STATIONARY  (p=0.8680, stat=-0.6132)
2026-04-14 10:34:45,596 | INFO | data_pipeline | [ADF] 'TYPPRICE' — NON-STATIONARY  (p=0.8720, stat=-0.5955)
2026-04-14 10:34:46,127 | INFO | data_pipeline | [ADF] 'WCLPRICE' — NON-STATIONARY  (p=0.8716, stat=-0.5974)
2026-04-14 10:34:51,271 | INFO | data_pipeline | [ADF] 'LINEARREG_14' — NON-STATIONARY  (p=0.8692, stat=-0.6081)
2026-04-14 10:34:52,380 | INFO | data_pipeline | [ADF] 'LINEARREG_INTERCEPT_14' — NON-STATIONARY  (p=0.8633, stat=-0.6331)
2026-04-14 10:34:54,026 | INFO | data_pipeline | [ADF] 'TSF_14' — NON-STATIONARY  (p=0.8673, stat=-0.6161)
2026-04-14 10:34:54,575 | INFO | data_pipeline | [ADF] Tested 65 column(s): 36 stationary, 29 non-stationary.
2026-04-14 10:34:54,583 | INFO | data_pipeline | [make_stationary] Differencing 29 non-stationary column(s)…
2026-04-14 10:34:55,185 | INFO | data_pipeline | [make_stationary] 'open' became stationary after 1 diff(s)  (p=0.0000).
2026-04-14 10:34:55,723 | INFO | data_pipeline | [make_stationary] 'high' became stationary after 1 diff(s)  (p=0.0000).
2026-04-14 10:34:56,245 | INFO | data_pipeline | [make_stationary] 'low' became stationary after 1 diff(s)  (p=0.0000).
2026-04-14 10:34:56,774 | INFO | data_pipeline | [make_stationary] 'close' became stationary after 1 diff(s)  (p=0.0000).
2026-04-14 10:34:57,316 | INFO | data_pipeline | [make_stationary] 'BB_UPPER' became stationary after 1 diff(s)  (p=0.0000).
2026-04-14 10:34:57,911 | INFO | data_pipeline | [make_stationary] 'BB_MIDDLE' became stationary after 1 diff(s)  (p=0.0000).
2026-04-14 10:34:58,461 | INFO | data_pipeline | [make_stationary] 'BB_LOWER' became stationary after 1 diff(s)  (p=0.0000).
2026-04-14 10:34:59,009 | INFO | data_pipeline | [make_stationary] 'DEMA_14' became stationary after 1 diff(s)  (p=0.0000).
2026-04-14 10:34:59,540 | INFO | data_pipeline | [make_stationary] 'EMA_14' became stationary after 1 diff(s)  (p=0.0000).
2026-04-14 10:35:00,090 | INFO | data_pipeline | [make_stationary] 'HT_TRENDLINE' became stationary after 1 diff(s)  (p=0.0000).
2026-04-14 10:35:00,627 | INFO | data_pipeline | [make_stationary] 'KAMA_14' became stationary after 1 diff(s)  (p=0.0000).
2026-04-14 10:35:01,243 | INFO | data_pipeline | [make_stationary] 'MA_14' became stationary after 1 diff(s)  (p=0.0000).
2026-04-14 10:35:01,944 | INFO | data_pipeline | [make_stationary] 'MIDPOINT_14' became stationary after 1 diff(s)  (p=0.0000).
2026-04-14 10:35:02,663 | INFO | data_pipeline | [make_stationary] 'MIDPRICE_14' became stationary after 1 diff(s)  (p=0.0000).
2026-04-14 10:35:03,241 | INFO | data_pipeline | [make_stationary] 'SAR' became stationary after 1 diff(s)  (p=0.0000).
2026-04-14 10:35:03,871 | INFO | data_pipeline | [make_stationary] 'SMA_14' became stationary after 1 diff(s)  (p=0.0000).
2026-04-14 10:35:04,479 | INFO | data_pipeline | [make_stationary] 'T3_14' became stationary after 1 diff(s)  (p=0.0000).
2026-04-14 10:35:05,079 | INFO | data_pipeline | [make_stationary] 'TEMA_14' became stationary after 1 diff(s)  (p=0.0000).
2026-04-14 10:35:05,631 | INFO | data_pipeline | [make_stationary] 'TRIMA_14' became stationary after 1 diff(s)  (p=0.0000).
2026-04-14 10:35:06,167 | INFO | data_pipeline | [make_stationary] 'WMA_14' became stationary after 1 diff(s)  (p=0.0000).
2026-04-14 10:35:06,723 | INFO | data_pipeline | [make_stationary] 'AD' became stationary after 1 diff(s)  (p=0.0000).
2026-04-14 10:35:07,241 | INFO | data_pipeline | [make_stationary] 'OBV' became stationary after 1 diff(s)  (p=0.0000).
2026-04-14 10:35:07,805 | INFO | data_pipeline | [make_stationary] 'AVGPRICE' became stationary after 1 diff(s)  (p=0.0000).
2026-04-14 10:35:08,342 | INFO | data_pipeline | [make_stationary] 'MEDPRICE' became stationary after 1 diff(s)  (p=0.0000).
2026-04-14 10:35:08,890 | INFO | data_pipeline | [make_stationary] 'TYPPRICE' became stationary after 1 diff(s)  (p=0.0000).
2026-04-14 10:35:09,419 | INFO | data_pipeline | [make_stationary] 'WCLPRICE' became stationary after 1 diff(s)  (p=0.0000).
2026-04-14 10:35:09,982 | INFO | data_pipeline | [make_stationary] 'LINEARREG_14' became stationary after 1 diff(s)  (p=0.0000).
2026-04-14 10:35:10,517 | INFO | data_pipeline | [make_stationary] 'LINEARREG_INTERCEPT_14' became stationary after 1 diff(s)  (p=0.0000).
2026-04-14 10:35:11,081 | INFO | data_pipeline | [make_stationary] 'TSF_14' became stationary after 1 diff(s)  (p=0.0000).
2026-04-14 10:35:11,106 | INFO | data_pipeline | [make_stationary] Shape after differencing & dropna: (8697, 89)
2026-04-14 10:35:11,106 | INFO | data_pipeline | Differencing summary: open=1d, high=1d, low=1d, close=1d, BB_UPPER=1d, BB_MIDDLE=1d, BB_LOWER=1d, DEMA_14=1d, EMA_14=1d, HT_TRENDLINE=1d, KAMA_14=1d, MA_14=1d, MIDPOINT_14=1d, MIDPRICE_14=1d, SAR=1d, SMA_14=1d, T3_14=1d, TEMA_14=1d, TRIMA_14=1d, WMA_14=1d, AD=1d, OBV=1d, AVGPRICE=1d, MEDPRICE=1d, TYPPRICE=1d, WCLPRICE=1d, LINEARREG_14=1d, LINEARREG_INTERCEPT_14=1d, TSF_14=1d
2026-04-14 10:35:11,106 | INFO | data_pipeline | train_ratio=0.7 → split at row 6087/8697 → split_date='2025-12-11 07:00:00' (70% train / 30% test)
2026-04-14 10:35:11,138 | INFO | data_pipeline | Regression target created — shape: (8683, 87)
2026-04-14 10:39:04,114 | INFO | data_pipeline | Fetching data: schema=data_binance, table=btc_1m, start=2025-03-29, end=2026-03-30
2026-04-14 10:39:13,654 | INFO | data_pipeline | Fetched 527,041 rows for btc.
2026-04-14 10:39:13,654 | INFO | data_pipeline | Resampling to 1h…
2026-04-14 10:39:13,921 | INFO | data_pipeline | Resampled shape: (8785, 6)
2026-04-14 10:39:13,921 | INFO | data_pipeline | Generating 71 indicator(s)…
2026-04-14 10:39:13,961 | INFO | data_pipeline | Feature shape after generation: (8785, 89)
2026-04-14 10:39:13,961 | INFO | data_pipeline | Running ADF stationarity tests…
2026-04-14 10:39:14,457 | INFO | data_pipeline | [ADF] 'open' — NON-STATIONARY  (p=0.8767, stat=-0.5740)
2026-04-14 10:39:14,824 | INFO | data_pipeline | [ADF] 'high' — NON-STATIONARY  (p=0.8825, stat=-0.5469)
2026-04-14 10:39:15,200 | INFO | data_pipeline | [ADF] 'low' — NON-STATIONARY  (p=0.8585, stat=-0.6534)
2026-04-14 10:39:15,577 | INFO | data_pipeline | [ADF] 'close' — NON-STATIONARY  (p=0.8754, stat=-0.5800)
2026-04-14 10:39:16,351 | INFO | data_pipeline | [ADF] 'BB_UPPER' — NON-STATIONARY  (p=0.9126, stat=-0.3850)
2026-04-14 10:39:16,743 | INFO | data_pipeline | [ADF] 'BB_MIDDLE' — NON-STATIONARY  (p=0.9121, stat=-0.3877)
2026-04-14 10:39:17,127 | INFO | data_pipeline | [ADF] 'BB_LOWER' — NON-STATIONARY  (p=0.8719, stat=-0.5961)
2026-04-14 10:39:17,491 | INFO | data_pipeline | [ADF] 'DEMA_14' — NON-STATIONARY  (p=0.8243, stat=-0.7821)
2026-04-14 10:39:17,874 | INFO | data_pipeline | [ADF] 'EMA_14' — NON-STATIONARY  (p=0.8837, stat=-0.5413)
2026-04-14 10:39:18,263 | INFO | data_pipeline | [ADF] 'HT_TRENDLINE' — NON-STATIONARY  (p=0.8997, stat=-0.4592)
2026-04-14 10:39:18,726 | INFO | data_pipeline | [ADF] 'KAMA_14' — NON-STATIONARY  (p=0.9003, stat=-0.4561)
2026-04-14 10:39:19,226 | INFO | data_pipeline | [ADF] 'MA_14' — NON-STATIONARY  (p=0.8865, stat=-0.5274)
2026-04-14 10:39:19,721 | INFO | data_pipeline | [ADF] 'MIDPOINT_14' — NON-STATIONARY  (p=0.8730, stat=-0.5908)
2026-04-14 10:39:20,243 | INFO | data_pipeline | [ADF] 'MIDPRICE_14' — NON-STATIONARY  (p=0.8624, stat=-0.6371)
2026-04-14 10:39:20,742 | INFO | data_pipeline | [ADF] 'SAR' — NON-STATIONARY  (p=0.8587, stat=-0.6524)
2026-04-14 10:39:21,761 | INFO | data_pipeline | [ADF] 'SMA_14' — NON-STATIONARY  (p=0.8865, stat=-0.5274)
2026-04-14 10:39:22,357 | INFO | data_pipeline | [ADF] 'T3_14' — NON-STATIONARY  (p=0.8759, stat=-0.5777)
2026-04-14 10:39:22,941 | INFO | data_pipeline | [ADF] 'TEMA_14' — NON-STATIONARY  (p=0.9008, stat=-0.4532)
2026-04-14 10:39:23,638 | INFO | data_pipeline | [ADF] 'TRIMA_14' — NON-STATIONARY  (p=0.8454, stat=-0.7050)
2026-04-14 10:39:24,511 | INFO | data_pipeline | [ADF] 'WMA_14' — NON-STATIONARY  (p=0.8953, stat=-0.4829)
2026-04-14 10:39:40,043 | INFO | data_pipeline | [ADF] 'AD' — NON-STATIONARY  (p=0.3670, stat=-1.8272)
2026-04-14 10:39:41,578 | INFO | data_pipeline | [ADF] 'OBV' — NON-STATIONARY  (p=0.9834, stat=0.4524)
2026-04-14 10:39:44,594 | INFO | data_pipeline | [ADF] 'AVGPRICE' — NON-STATIONARY  (p=0.8793, stat=-0.5623)
2026-04-14 10:39:45,401 | INFO | data_pipeline | [ADF] 'MEDPRICE' — NON-STATIONARY  (p=0.8680, stat=-0.6132)
2026-04-14 10:39:46,373 | INFO | data_pipeline | [ADF] 'TYPPRICE' — NON-STATIONARY  (p=0.8720, stat=-0.5955)
2026-04-14 10:39:47,035 | INFO | data_pipeline | [ADF] 'WCLPRICE' — NON-STATIONARY  (p=0.8716, stat=-0.5974)
2026-04-14 10:39:52,731 | INFO | data_pipeline | [ADF] 'LINEARREG_14' — NON-STATIONARY  (p=0.8692, stat=-0.6081)
2026-04-14 10:39:54,132 | INFO | data_pipeline | [ADF] 'LINEARREG_INTERCEPT_14' — NON-STATIONARY  (p=0.8633, stat=-0.6331)
2026-04-14 10:39:56,438 | INFO | data_pipeline | [ADF] 'TSF_14' — NON-STATIONARY  (p=0.8673, stat=-0.6161)
2026-04-14 10:39:57,237 | INFO | data_pipeline | [ADF] Tested 65 column(s): 36 stationary, 29 non-stationary.
2026-04-14 10:39:57,238 | INFO | data_pipeline | [make_stationary] Differencing 29 non-stationary column(s)…
2026-04-14 10:39:58,024 | INFO | data_pipeline | [make_stationary] 'open' became stationary after 1 diff(s)  (p=0.0000).
2026-04-14 10:39:58,872 | INFO | data_pipeline | [make_stationary] 'high' became stationary after 1 diff(s)  (p=0.0000).
2026-04-14 10:39:59,564 | INFO | data_pipeline | [make_stationary] 'low' became stationary after 1 diff(s)  (p=0.0000).
2026-04-14 10:40:00,316 | INFO | data_pipeline | [make_stationary] 'close' became stationary after 1 diff(s)  (p=0.0000).
2026-04-14 10:40:01,104 | INFO | data_pipeline | [make_stationary] 'BB_UPPER' became stationary after 1 diff(s)  (p=0.0000).
2026-04-14 10:40:01,921 | INFO | data_pipeline | [make_stationary] 'BB_MIDDLE' became stationary after 1 diff(s)  (p=0.0000).
2026-04-14 10:40:02,779 | INFO | data_pipeline | [make_stationary] 'BB_LOWER' became stationary after 1 diff(s)  (p=0.0000).
2026-04-14 10:40:03,585 | INFO | data_pipeline | [make_stationary] 'DEMA_14' became stationary after 1 diff(s)  (p=0.0000).
2026-04-14 10:40:04,430 | INFO | data_pipeline | [make_stationary] 'EMA_14' became stationary after 1 diff(s)  (p=0.0000).
2026-04-14 10:40:05,331 | INFO | data_pipeline | [make_stationary] 'HT_TRENDLINE' became stationary after 1 diff(s)  (p=0.0000).
2026-04-14 10:40:06,087 | INFO | data_pipeline | [make_stationary] 'KAMA_14' became stationary after 1 diff(s)  (p=0.0000).
2026-04-14 10:40:06,960 | INFO | data_pipeline | [make_stationary] 'MA_14' became stationary after 1 diff(s)  (p=0.0000).
2026-04-14 10:40:07,784 | INFO | data_pipeline | [make_stationary] 'MIDPOINT_14' became stationary after 1 diff(s)  (p=0.0000).
2026-04-14 10:40:08,509 | INFO | data_pipeline | [make_stationary] 'MIDPRICE_14' became stationary after 1 diff(s)  (p=0.0000).
2026-04-14 10:40:09,433 | INFO | data_pipeline | [make_stationary] 'SAR' became stationary after 1 diff(s)  (p=0.0000).
2026-04-14 10:40:10,159 | INFO | data_pipeline | [make_stationary] 'SMA_14' became stationary after 1 diff(s)  (p=0.0000).
2026-04-14 10:40:10,889 | INFO | data_pipeline | [make_stationary] 'T3_14' became stationary after 1 diff(s)  (p=0.0000).
2026-04-14 10:40:11,734 | INFO | data_pipeline | [make_stationary] 'TEMA_14' became stationary after 1 diff(s)  (p=0.0000).
2026-04-14 10:40:12,610 | INFO | data_pipeline | [make_stationary] 'TRIMA_14' became stationary after 1 diff(s)  (p=0.0000).
2026-04-14 10:40:13,497 | INFO | data_pipeline | [make_stationary] 'WMA_14' became stationary after 1 diff(s)  (p=0.0000).
2026-04-14 10:40:14,558 | INFO | data_pipeline | [make_stationary] 'AD' became stationary after 1 diff(s)  (p=0.0000).
2026-04-14 10:40:15,290 | INFO | data_pipeline | [make_stationary] 'OBV' became stationary after 1 diff(s)  (p=0.0000).
2026-04-14 10:40:16,068 | INFO | data_pipeline | [make_stationary] 'AVGPRICE' became stationary after 1 diff(s)  (p=0.0000).
2026-04-14 10:40:16,784 | INFO | data_pipeline | [make_stationary] 'MEDPRICE' became stationary after 1 diff(s)  (p=0.0000).
2026-04-14 10:40:17,441 | INFO | data_pipeline | [make_stationary] 'TYPPRICE' became stationary after 1 diff(s)  (p=0.0000).
2026-04-14 10:40:18,153 | INFO | data_pipeline | [make_stationary] 'WCLPRICE' became stationary after 1 diff(s)  (p=0.0000).
2026-04-14 10:40:18,908 | INFO | data_pipeline | [make_stationary] 'LINEARREG_14' became stationary after 1 diff(s)  (p=0.0000).
2026-04-14 10:40:19,706 | INFO | data_pipeline | [make_stationary] 'LINEARREG_INTERCEPT_14' became stationary after 1 diff(s)  (p=0.0000).
2026-04-14 10:40:20,491 | INFO | data_pipeline | [make_stationary] 'TSF_14' became stationary after 1 diff(s)  (p=0.0000).
2026-04-14 10:40:20,514 | INFO | data_pipeline | [make_stationary] Shape after differencing & dropna: (8697, 89)
2026-04-14 10:40:20,515 | INFO | data_pipeline | Differencing summary: open=1d, high=1d, low=1d, close=1d, BB_UPPER=1d, BB_MIDDLE=1d, BB_LOWER=1d, DEMA_14=1d, EMA_14=1d, HT_TRENDLINE=1d, KAMA_14=1d, MA_14=1d, MIDPOINT_14=1d, MIDPRICE_14=1d, SAR=1d, SMA_14=1d, T3_14=1d, TEMA_14=1d, TRIMA_14=1d, WMA_14=1d, AD=1d, OBV=1d, AVGPRICE=1d, MEDPRICE=1d, TYPPRICE=1d, WCLPRICE=1d, LINEARREG_14=1d, LINEARREG_INTERCEPT_14=1d, TSF_14=1d
2026-04-14 10:40:20,531 | INFO | data_pipeline | train_ratio=0.7 → split at row 6087/8697 → split_date='2025-12-11 07:00:00' (70% train / 30% test)
2026-04-14 10:40:20,559 | INFO | data_pipeline | Regression target created — shape: (8683, 87)
2026-04-14 12:11:04,949 | INFO | data_pipeline | Fetching data: schema=data_binance, table=btc_1m, start=2025-03-29, end=2026-03-30
2026-04-14 12:11:25,826 | INFO | data_pipeline | Fetched 527,041 rows for btc.
2026-04-14 12:11:25,826 | INFO | data_pipeline | Resampling to 1h…
2026-04-14 12:11:26,346 | INFO | data_pipeline | Resampled shape: (8785, 6)
2026-04-14 12:11:26,346 | INFO | data_pipeline | Generating 71 indicator(s)…
2026-04-14 12:11:26,570 | INFO | data_pipeline | Feature shape after generation: (8785, 89)
2026-04-14 12:11:26,570 | INFO | data_pipeline | Running ADF stationarity tests…
2026-04-14 12:11:27,712 | INFO | data_pipeline | [ADF] 'open' — NON-STATIONARY  (p=0.8767, stat=-0.5740)
2026-04-14 12:11:28,282 | INFO | data_pipeline | [ADF] 'high' — NON-STATIONARY  (p=0.8825, stat=-0.5469)
2026-04-14 12:11:28,971 | INFO | data_pipeline | [ADF] 'low' — NON-STATIONARY  (p=0.8585, stat=-0.6534)
2026-04-14 12:11:29,639 | INFO | data_pipeline | [ADF] 'close' — NON-STATIONARY  (p=0.8754, stat=-0.5800)
2026-04-14 12:11:30,941 | INFO | data_pipeline | [ADF] 'BB_UPPER' — NON-STATIONARY  (p=0.9126, stat=-0.3850)
2026-04-14 12:11:31,547 | INFO | data_pipeline | [ADF] 'BB_MIDDLE' — NON-STATIONARY  (p=0.9121, stat=-0.3877)
2026-04-14 12:11:32,143 | INFO | data_pipeline | [ADF] 'BB_LOWER' — NON-STATIONARY  (p=0.8719, stat=-0.5961)
2026-04-14 12:11:32,772 | INFO | data_pipeline | [ADF] 'DEMA_14' — NON-STATIONARY  (p=0.8243, stat=-0.7821)
2026-04-14 12:11:33,424 | INFO | data_pipeline | [ADF] 'EMA_14' — NON-STATIONARY  (p=0.8837, stat=-0.5413)
2026-04-14 12:11:34,066 | INFO | data_pipeline | [ADF] 'HT_TRENDLINE' — NON-STATIONARY  (p=0.8997, stat=-0.4592)
2026-04-14 12:11:34,704 | INFO | data_pipeline | [ADF] 'KAMA_14' — NON-STATIONARY  (p=0.9003, stat=-0.4561)
2026-04-14 12:11:35,406 | INFO | data_pipeline | [ADF] 'MA_14' — NON-STATIONARY  (p=0.8865, stat=-0.5274)
2026-04-14 12:11:36,125 | INFO | data_pipeline | [ADF] 'MIDPOINT_14' — NON-STATIONARY  (p=0.8730, stat=-0.5908)
2026-04-14 12:11:36,850 | INFO | data_pipeline | [ADF] 'MIDPRICE_14' — NON-STATIONARY  (p=0.8624, stat=-0.6371)
2026-04-14 12:11:37,499 | INFO | data_pipeline | [ADF] 'SAR' — NON-STATIONARY  (p=0.8587, stat=-0.6524)
2026-04-14 12:11:38,783 | INFO | data_pipeline | [ADF] 'SMA_14' — NON-STATIONARY  (p=0.8865, stat=-0.5274)
2026-04-14 12:11:39,409 | INFO | data_pipeline | [ADF] 'T3_14' — NON-STATIONARY  (p=0.8759, stat=-0.5777)
2026-04-14 12:11:40,095 | INFO | data_pipeline | [ADF] 'TEMA_14' — NON-STATIONARY  (p=0.9008, stat=-0.4532)
2026-04-14 12:11:40,802 | INFO | data_pipeline | [ADF] 'TRIMA_14' — NON-STATIONARY  (p=0.8454, stat=-0.7050)
2026-04-14 12:11:41,513 | INFO | data_pipeline | [ADF] 'WMA_14' — NON-STATIONARY  (p=0.8953, stat=-0.4829)
2026-04-14 12:11:55,352 | INFO | data_pipeline | [ADF] 'AD' — NON-STATIONARY  (p=0.3670, stat=-1.8272)
2026-04-14 12:11:56,755 | INFO | data_pipeline | [ADF] 'OBV' — NON-STATIONARY  (p=0.9834, stat=0.4524)
2026-04-14 12:11:58,735 | INFO | data_pipeline | [ADF] 'AVGPRICE' — NON-STATIONARY  (p=0.8793, stat=-0.5623)
2026-04-14 12:11:59,225 | INFO | data_pipeline | [ADF] 'MEDPRICE' — NON-STATIONARY  (p=0.8680, stat=-0.6132)
2026-04-14 12:11:59,686 | INFO | data_pipeline | [ADF] 'TYPPRICE' — NON-STATIONARY  (p=0.8720, stat=-0.5955)
2026-04-14 12:12:00,164 | INFO | data_pipeline | [ADF] 'WCLPRICE' — NON-STATIONARY  (p=0.8716, stat=-0.5974)
2026-04-14 12:12:05,348 | INFO | data_pipeline | [ADF] 'LINEARREG_14' — NON-STATIONARY  (p=0.8692, stat=-0.6081)
2026-04-14 12:12:06,661 | INFO | data_pipeline | [ADF] 'LINEARREG_INTERCEPT_14' — NON-STATIONARY  (p=0.8633, stat=-0.6331)
2026-04-14 12:12:08,721 | INFO | data_pipeline | [ADF] 'TSF_14' — NON-STATIONARY  (p=0.8673, stat=-0.6161)
2026-04-14 12:12:09,324 | INFO | data_pipeline | [ADF] Tested 65 column(s): 36 stationary, 29 non-stationary.
2026-04-14 12:12:09,328 | INFO | data_pipeline | [make_stationary] Differencing 29 non-stationary column(s)…
2026-04-14 12:12:09,944 | INFO | data_pipeline | [make_stationary] 'open' became stationary after 1 diff(s)  (p=0.0000).
2026-04-14 12:12:10,561 | INFO | data_pipeline | [make_stationary] 'high' became stationary after 1 diff(s)  (p=0.0000).
2026-04-14 12:12:11,170 | INFO | data_pipeline | [make_stationary] 'low' became stationary after 1 diff(s)  (p=0.0000).
2026-04-14 12:12:11,793 | INFO | data_pipeline | [make_stationary] 'close' became stationary after 1 diff(s)  (p=0.0000).
2026-04-14 12:12:12,403 | INFO | data_pipeline | [make_stationary] 'BB_UPPER' became stationary after 1 diff(s)  (p=0.0000).
2026-04-14 12:12:13,090 | INFO | data_pipeline | [make_stationary] 'BB_MIDDLE' became stationary after 1 diff(s)  (p=0.0000).
2026-04-14 12:12:13,728 | INFO | data_pipeline | [make_stationary] 'BB_LOWER' became stationary after 1 diff(s)  (p=0.0000).
2026-04-14 12:12:14,336 | INFO | data_pipeline | [make_stationary] 'DEMA_14' became stationary after 1 diff(s)  (p=0.0000).
2026-04-14 12:12:14,996 | INFO | data_pipeline | [make_stationary] 'EMA_14' became stationary after 1 diff(s)  (p=0.0000).
2026-04-14 12:12:15,597 | INFO | data_pipeline | [make_stationary] 'HT_TRENDLINE' became stationary after 1 diff(s)  (p=0.0000).
2026-04-14 12:12:16,314 | INFO | data_pipeline | [make_stationary] 'KAMA_14' became stationary after 1 diff(s)  (p=0.0000).
2026-04-14 12:12:16,976 | INFO | data_pipeline | [make_stationary] 'MA_14' became stationary after 1 diff(s)  (p=0.0000).
2026-04-14 12:12:17,629 | INFO | data_pipeline | [make_stationary] 'MIDPOINT_14' became stationary after 1 diff(s)  (p=0.0000).
2026-04-14 12:12:18,330 | INFO | data_pipeline | [make_stationary] 'MIDPRICE_14' became stationary after 1 diff(s)  (p=0.0000).
2026-04-14 12:12:18,950 | INFO | data_pipeline | [make_stationary] 'SAR' became stationary after 1 diff(s)  (p=0.0000).
2026-04-14 12:12:19,555 | INFO | data_pipeline | [make_stationary] 'SMA_14' became stationary after 1 diff(s)  (p=0.0000).
2026-04-14 12:12:20,137 | INFO | data_pipeline | [make_stationary] 'T3_14' became stationary after 1 diff(s)  (p=0.0000).
2026-04-14 12:12:20,736 | INFO | data_pipeline | [make_stationary] 'TEMA_14' became stationary after 1 diff(s)  (p=0.0000).
2026-04-14 12:12:21,355 | INFO | data_pipeline | [make_stationary] 'TRIMA_14' became stationary after 1 diff(s)  (p=0.0000).
2026-04-14 12:12:21,978 | INFO | data_pipeline | [make_stationary] 'WMA_14' became stationary after 1 diff(s)  (p=0.0000).
2026-04-14 12:12:22,590 | INFO | data_pipeline | [make_stationary] 'AD' became stationary after 1 diff(s)  (p=0.0000).
2026-04-14 12:12:23,204 | INFO | data_pipeline | [make_stationary] 'OBV' became stationary after 1 diff(s)  (p=0.0000).
2026-04-14 12:12:23,783 | INFO | data_pipeline | [make_stationary] 'AVGPRICE' became stationary after 1 diff(s)  (p=0.0000).
2026-04-14 12:12:24,382 | INFO | data_pipeline | [make_stationary] 'MEDPRICE' became stationary after 1 diff(s)  (p=0.0000).
2026-04-14 12:12:24,992 | INFO | data_pipeline | [make_stationary] 'TYPPRICE' became stationary after 1 diff(s)  (p=0.0000).
2026-04-14 12:12:25,578 | INFO | data_pipeline | [make_stationary] 'WCLPRICE' became stationary after 1 diff(s)  (p=0.0000).
2026-04-14 12:12:26,196 | INFO | data_pipeline | [make_stationary] 'LINEARREG_14' became stationary after 1 diff(s)  (p=0.0000).
2026-04-14 12:12:26,820 | INFO | data_pipeline | [make_stationary] 'LINEARREG_INTERCEPT_14' became stationary after 1 diff(s)  (p=0.0000).
2026-04-14 12:12:27,434 | INFO | data_pipeline | [make_stationary] 'TSF_14' became stationary after 1 diff(s)  (p=0.0000).
2026-04-14 12:12:27,450 | INFO | data_pipeline | [make_stationary] Shape after differencing & dropna: (8697, 89)
2026-04-14 12:12:27,450 | INFO | data_pipeline | Differencing summary: open=1d, high=1d, low=1d, close=1d, BB_UPPER=1d, BB_MIDDLE=1d, BB_LOWER=1d, DEMA_14=1d, EMA_14=1d, HT_TRENDLINE=1d, KAMA_14=1d, MA_14=1d, MIDPOINT_14=1d, MIDPRICE_14=1d, SAR=1d, SMA_14=1d, T3_14=1d, TEMA_14=1d, TRIMA_14=1d, WMA_14=1d, AD=1d, OBV=1d, AVGPRICE=1d, MEDPRICE=1d, TYPPRICE=1d, WCLPRICE=1d, LINEARREG_14=1d, LINEARREG_INTERCEPT_14=1d, TSF_14=1d
2026-04-14 12:12:27,456 | INFO | data_pipeline | train_ratio=0.7 → split at row 6087/8697 → split_date='2025-12-11 07:00:00' (70% train / 30% test)
2026-04-14 12:12:27,481 | INFO | data_pipeline | Regression target created — shape: (8683, 87)
2026-04-14 12:28:27,511 | INFO | data_pipeline | Fetching data: schema=data_binance, table=btc_1m, start=2025-03-29, end=2026-03-30
2026-04-14 12:28:45,622 | INFO | data_pipeline | Fetched 527,041 rows for btc.
2026-04-14 12:28:45,622 | INFO | data_pipeline | Resampling to 1h…
2026-04-14 12:28:46,068 | INFO | data_pipeline | Resampled shape: (8785, 6)
2026-04-14 12:28:46,069 | INFO | data_pipeline | Generating 71 indicator(s)…
2026-04-14 12:28:46,142 | INFO | data_pipeline | Feature shape after generation: (8785, 89)
2026-04-14 12:28:46,143 | INFO | data_pipeline | Running ADF stationarity tests…
2026-04-14 12:28:47,134 | INFO | data_pipeline | [ADF] 'open' — NON-STATIONARY  (p=0.8767, stat=-0.5740)
2026-04-14 12:28:47,708 | INFO | data_pipeline | [ADF] 'high' — NON-STATIONARY  (p=0.8825, stat=-0.5469)
2026-04-14 12:28:48,238 | INFO | data_pipeline | [ADF] 'low' — NON-STATIONARY  (p=0.8585, stat=-0.6534)
2026-04-14 12:28:48,803 | INFO | data_pipeline | [ADF] 'close' — NON-STATIONARY  (p=0.8754, stat=-0.5800)
2026-04-14 12:28:49,981 | INFO | data_pipeline | [ADF] 'BB_UPPER' — NON-STATIONARY  (p=0.9126, stat=-0.3850)
2026-04-14 12:28:50,951 | INFO | data_pipeline | [ADF] 'BB_MIDDLE' — NON-STATIONARY  (p=0.9121, stat=-0.3877)
2026-04-14 12:28:51,510 | INFO | data_pipeline | [ADF] 'BB_LOWER' — NON-STATIONARY  (p=0.8719, stat=-0.5961)
2026-04-14 12:28:51,996 | INFO | data_pipeline | [ADF] 'DEMA_14' — NON-STATIONARY  (p=0.8243, stat=-0.7821)
2026-04-14 12:28:52,502 | INFO | data_pipeline | [ADF] 'EMA_14' — NON-STATIONARY  (p=0.8837, stat=-0.5413)
2026-04-14 12:28:53,072 | INFO | data_pipeline | [ADF] 'HT_TRENDLINE' — NON-STATIONARY  (p=0.8997, stat=-0.4592)
2026-04-14 12:28:53,639 | INFO | data_pipeline | [ADF] 'KAMA_14' — NON-STATIONARY  (p=0.9003, stat=-0.4561)
2026-04-14 12:28:54,240 | INFO | data_pipeline | [ADF] 'MA_14' — NON-STATIONARY  (p=0.8865, stat=-0.5274)
2026-04-14 12:28:54,723 | INFO | data_pipeline | [ADF] 'MIDPOINT_14' — NON-STATIONARY  (p=0.8730, stat=-0.5908)
2026-04-14 12:28:55,222 | INFO | data_pipeline | [ADF] 'MIDPRICE_14' — NON-STATIONARY  (p=0.8624, stat=-0.6371)
2026-04-14 12:28:55,707 | INFO | data_pipeline | [ADF] 'SAR' — NON-STATIONARY  (p=0.8587, stat=-0.6524)
2026-04-14 12:28:57,169 | INFO | data_pipeline | [ADF] 'SMA_14' — NON-STATIONARY  (p=0.8865, stat=-0.5274)
2026-04-14 12:28:57,956 | INFO | data_pipeline | [ADF] 'T3_14' — NON-STATIONARY  (p=0.8759, stat=-0.5777)
2026-04-14 12:28:58,830 | INFO | data_pipeline | [ADF] 'TEMA_14' — NON-STATIONARY  (p=0.9008, stat=-0.4532)
2026-04-14 12:28:59,815 | INFO | data_pipeline | [ADF] 'TRIMA_14' — NON-STATIONARY  (p=0.8454, stat=-0.7050)
2026-04-14 12:29:00,859 | INFO | data_pipeline | [ADF] 'WMA_14' — NON-STATIONARY  (p=0.8953, stat=-0.4829)
2026-04-14 12:29:19,250 | INFO | data_pipeline | [ADF] 'AD' — NON-STATIONARY  (p=0.3670, stat=-1.8272)
2026-04-14 12:29:21,018 | INFO | data_pipeline | [ADF] 'OBV' — NON-STATIONARY  (p=0.9834, stat=0.4524)
2026-04-14 12:29:24,347 | INFO | data_pipeline | [ADF] 'AVGPRICE' — NON-STATIONARY  (p=0.8793, stat=-0.5623)
2026-04-14 12:29:25,262 | INFO | data_pipeline | [ADF] 'MEDPRICE' — NON-STATIONARY  (p=0.8680, stat=-0.6132)
2026-04-14 12:29:26,163 | INFO | data_pipeline | [ADF] 'TYPPRICE' — NON-STATIONARY  (p=0.8720, stat=-0.5955)
2026-04-14 12:29:27,030 | INFO | data_pipeline | [ADF] 'WCLPRICE' — NON-STATIONARY  (p=0.8716, stat=-0.5974)
2026-04-14 12:29:34,319 | INFO | data_pipeline | [ADF] 'LINEARREG_14' — NON-STATIONARY  (p=0.8692, stat=-0.6081)
2026-04-14 12:29:35,990 | INFO | data_pipeline | [ADF] 'LINEARREG_INTERCEPT_14' — NON-STATIONARY  (p=0.8633, stat=-0.6331)
2026-04-14 12:29:38,633 | INFO | data_pipeline | [ADF] 'TSF_14' — NON-STATIONARY  (p=0.8673, stat=-0.6161)
2026-04-14 12:29:39,358 | INFO | data_pipeline | [ADF] Tested 65 column(s): 36 stationary, 29 non-stationary.
2026-04-14 12:29:39,365 | INFO | data_pipeline | [make_stationary] Differencing 29 non-stationary column(s)…
2026-04-14 12:29:40,090 | INFO | data_pipeline | [make_stationary] 'open' became stationary after 1 diff(s)  (p=0.0000).
2026-04-14 12:29:40,723 | INFO | data_pipeline | [make_stationary] 'high' became stationary after 1 diff(s)  (p=0.0000).
2026-04-14 12:29:41,337 | INFO | data_pipeline | [make_stationary] 'low' became stationary after 1 diff(s)  (p=0.0000).
2026-04-14 12:29:41,959 | INFO | data_pipeline | [make_stationary] 'close' became stationary after 1 diff(s)  (p=0.0000).
2026-04-14 12:29:42,608 | INFO | data_pipeline | [make_stationary] 'BB_UPPER' became stationary after 1 diff(s)  (p=0.0000).
2026-04-14 12:29:43,297 | INFO | data_pipeline | [make_stationary] 'BB_MIDDLE' became stationary after 1 diff(s)  (p=0.0000).
2026-04-14 12:29:44,031 | INFO | data_pipeline | [make_stationary] 'BB_LOWER' became stationary after 1 diff(s)  (p=0.0000).
2026-04-14 12:29:44,690 | INFO | data_pipeline | [make_stationary] 'DEMA_14' became stationary after 1 diff(s)  (p=0.0000).
2026-04-14 12:29:45,336 | INFO | data_pipeline | [make_stationary] 'EMA_14' became stationary after 1 diff(s)  (p=0.0000).
2026-04-14 12:29:45,981 | INFO | data_pipeline | [make_stationary] 'HT_TRENDLINE' became stationary after 1 diff(s)  (p=0.0000).
2026-04-14 12:29:46,739 | INFO | data_pipeline | [make_stationary] 'KAMA_14' became stationary after 1 diff(s)  (p=0.0000).
2026-04-14 12:29:47,570 | INFO | data_pipeline | [make_stationary] 'MA_14' became stationary after 1 diff(s)  (p=0.0000).
2026-04-14 12:29:48,330 | INFO | data_pipeline | [make_stationary] 'MIDPOINT_14' became stationary after 1 diff(s)  (p=0.0000).
2026-04-14 12:29:49,076 | INFO | data_pipeline | [make_stationary] 'MIDPRICE_14' became stationary after 1 diff(s)  (p=0.0000).
2026-04-14 12:29:49,866 | INFO | data_pipeline | [make_stationary] 'SAR' became stationary after 1 diff(s)  (p=0.0000).
2026-04-14 12:29:50,754 | INFO | data_pipeline | [make_stationary] 'SMA_14' became stationary after 1 diff(s)  (p=0.0000).
2026-04-14 12:29:51,353 | INFO | data_pipeline | [make_stationary] 'T3_14' became stationary after 1 diff(s)  (p=0.0000).
2026-04-14 12:29:52,112 | INFO | data_pipeline | [make_stationary] 'TEMA_14' became stationary after 1 diff(s)  (p=0.0000).
2026-04-14 12:29:52,897 | INFO | data_pipeline | [make_stationary] 'TRIMA_14' became stationary after 1 diff(s)  (p=0.0000).
2026-04-14 12:29:53,559 | INFO | data_pipeline | [make_stationary] 'WMA_14' became stationary after 1 diff(s)  (p=0.0000).
2026-04-14 12:29:54,339 | INFO | data_pipeline | [make_stationary] 'AD' became stationary after 1 diff(s)  (p=0.0000).
2026-04-14 12:29:55,027 | INFO | data_pipeline | [make_stationary] 'OBV' became stationary after 1 diff(s)  (p=0.0000).
2026-04-14 12:29:55,746 | INFO | data_pipeline | [make_stationary] 'AVGPRICE' became stationary after 1 diff(s)  (p=0.0000).
2026-04-14 12:29:56,495 | INFO | data_pipeline | [make_stationary] 'MEDPRICE' became stationary after 1 diff(s)  (p=0.0000).
2026-04-14 12:29:57,158 | INFO | data_pipeline | [make_stationary] 'TYPPRICE' became stationary after 1 diff(s)  (p=0.0000).
2026-04-14 12:29:57,894 | INFO | data_pipeline | [make_stationary] 'WCLPRICE' became stationary after 1 diff(s)  (p=0.0000).
2026-04-14 12:29:58,654 | INFO | data_pipeline | [make_stationary] 'LINEARREG_14' became stationary after 1 diff(s)  (p=0.0000).
2026-04-14 12:29:59,335 | INFO | data_pipeline | [make_stationary] 'LINEARREG_INTERCEPT_14' became stationary after 1 diff(s)  (p=0.0000).
2026-04-14 12:30:00,122 | INFO | data_pipeline | [make_stationary] 'TSF_14' became stationary after 1 diff(s)  (p=0.0000).
2026-04-14 12:30:00,150 | INFO | data_pipeline | [make_stationary] Shape after differencing & dropna: (8697, 89)
2026-04-14 12:30:00,150 | INFO | data_pipeline | Differencing summary: open=1d, high=1d, low=1d, close=1d, BB_UPPER=1d, BB_MIDDLE=1d, BB_LOWER=1d, DEMA_14=1d, EMA_14=1d, HT_TRENDLINE=1d, KAMA_14=1d, MA_14=1d, MIDPOINT_14=1d, MIDPRICE_14=1d, SAR=1d, SMA_14=1d, T3_14=1d, TEMA_14=1d, TRIMA_14=1d, WMA_14=1d, AD=1d, OBV=1d, AVGPRICE=1d, MEDPRICE=1d, TYPPRICE=1d, WCLPRICE=1d, LINEARREG_14=1d, LINEARREG_INTERCEPT_14=1d, TSF_14=1d
2026-04-14 12:30:00,169 | INFO | data_pipeline | train_ratio=0.7 → split at row 6087/8697 → split_date='2025-12-11 07:00:00' (70% train / 30% test)
2026-04-14 12:30:00,197 | INFO | data_pipeline | Regression target created — shape: (8683, 87)
