2026-01-20 13:53:12,598 | WARNING | kraken_fetcher | Kraken API credentials not found. Public endpoints will still work.
2026-01-20 13:53:13,361 | INFO | kraken_fetcher | KrakenFuturesFetcher initialized | BTC | trade | 2026-01-06 → now
2026-01-20 13:53:13,362 | INFO | kraken_fetcher | Fetching BTC from 1767639600 → 1768881193
2026-01-20 13:53:14,471 | ERROR | kraken_fetcher | Request error: 400 Client Error: Bad Request for url: https://futures.kraken.com/api/charts/v1/trade/BTC/1m?from=1767639600&to=1768881193
2026-01-20 13:53:14,471 | WARNING | kraken_fetcher | No data fetched.
2026-01-20 13:53:14,496 | INFO | kraken_fetcher | KrakenFuturesFetcher initialized | ETH | trade | 2026-01-06 → now
2026-01-20 13:53:14,496 | INFO | kraken_fetcher | Fetching ETH from 1767639600 → 1768881194
2026-01-20 13:53:15,244 | ERROR | kraken_fetcher | Request error: 400 Client Error: Bad Request for url: https://futures.kraken.com/api/charts/v1/trade/ETH/1m?from=1767639600&to=1768881194
2026-01-20 13:53:15,244 | WARNING | kraken_fetcher | No data fetched.
2026-01-20 13:53:15,264 | INFO | kraken_fetcher | KrakenFuturesFetcher initialized | BNB | trade | 2026-01-06 → now
2026-01-20 13:53:15,265 | INFO | kraken_fetcher | Fetching BNB from 1767639600 → 1768881195
2026-01-20 13:53:16,015 | ERROR | kraken_fetcher | Request error: 400 Client Error: Bad Request for url: https://futures.kraken.com/api/charts/v1/trade/BNB/1m?from=1767639600&to=1768881195
2026-01-20 13:53:16,015 | WARNING | kraken_fetcher | No data fetched.
2026-01-20 13:53:16,022 | INFO | kraken_fetcher | KrakenFuturesFetcher initialized | ADA | trade | 2026-01-06 → now
2026-01-20 13:53:16,023 | INFO | kraken_fetcher | Fetching ADA from 1767639600 → 1768881196
2026-01-20 13:53:17,317 | ERROR | kraken_fetcher | Request error: 400 Client Error: Bad Request for url: https://futures.kraken.com/api/charts/v1/trade/ADA/1m?from=1767639600&to=1768881196
2026-01-20 13:53:17,317 | WARNING | kraken_fetcher | No data fetched.
2026-01-20 13:53:17,325 | INFO | kraken_fetcher | KrakenFuturesFetcher initialized | XRP | trade | 2026-01-06 → now
2026-01-20 13:53:17,326 | INFO | kraken_fetcher | Fetching XRP from 1767639600 → 1768881197
2026-01-20 13:53:18,627 | ERROR | kraken_fetcher | Request error: 400 Client Error: Bad Request for url: https://futures.kraken.com/api/charts/v1/trade/XRP/1m?from=1767639600&to=1768881197
2026-01-20 13:53:18,627 | WARNING | kraken_fetcher | No data fetched.
2026-01-20 13:53:18,645 | INFO | kraken_fetcher | KrakenFuturesFetcher initialized | DOGE | trade | 2026-01-06 → now
2026-01-20 13:53:18,645 | INFO | kraken_fetcher | Fetching DOGE from 1767639600 → 1768881198
2026-01-20 13:53:19,398 | ERROR | kraken_fetcher | Request error: 400 Client Error: Bad Request for url: https://futures.kraken.com/api/charts/v1/trade/DOGE/1m?from=1767639600&to=1768881198
2026-01-20 13:53:19,398 | WARNING | kraken_fetcher | No data fetched.
2026-01-20 13:53:19,417 | INFO | kraken_fetcher | KrakenFuturesFetcher initialized | SOL | trade | 2026-01-06 → now
2026-01-20 13:53:19,417 | INFO | kraken_fetcher | Fetching SOL from 1767639600 → 1768881199
2026-01-20 13:53:20,147 | ERROR | kraken_fetcher | Request error: 400 Client Error: Bad Request for url: https://futures.kraken.com/api/charts/v1/trade/SOL/1m?from=1767639600&to=1768881199
2026-01-20 13:53:20,147 | WARNING | kraken_fetcher | No data fetched.
2026-01-20 13:53:20,157 | INFO | kraken_fetcher | KrakenFuturesFetcher initialized | DOT | trade | 2026-01-06 → now
2026-01-20 13:53:20,157 | INFO | kraken_fetcher | Fetching DOT from 1767639600 → 1768881200
2026-01-20 13:53:20,908 | ERROR | kraken_fetcher | Request error: 400 Client Error: Bad Request for url: https://futures.kraken.com/api/charts/v1/trade/DOT/1m?from=1767639600&to=1768881200
2026-01-20 13:53:20,908 | WARNING | kraken_fetcher | No data fetched.
2026-01-20 13:53:20,924 | INFO | kraken_fetcher | KrakenFuturesFetcher initialized | MATIC | trade | 2026-01-06 → now
2026-01-20 13:53:20,924 | INFO | kraken_fetcher | Fetching MATIC from 1767639600 → 1768881200
2026-01-20 13:53:22,215 | ERROR | kraken_fetcher | Request error: 400 Client Error: Bad Request for url: https://futures.kraken.com/api/charts/v1/trade/MATIC/1m?from=1767639600&to=1768881200
2026-01-20 13:53:22,215 | WARNING | kraken_fetcher | No data fetched.
2026-01-20 13:53:22,228 | INFO | kraken_fetcher | KrakenFuturesFetcher initialized | LINK | trade | 2026-01-06 → now
2026-01-20 13:53:22,228 | INFO | kraken_fetcher | Fetching LINK from 1767639600 → 1768881202
2026-01-20 13:53:23,056 | ERROR | kraken_fetcher | Request error: 400 Client Error: Bad Request for url: https://futures.kraken.com/api/charts/v1/trade/LINK/1m?from=1767639600&to=1768881202
2026-01-20 13:53:23,056 | WARNING | kraken_fetcher | No data fetched.
2026-01-20 13:55:38,868 | WARNING | kraken_fetcher | Kraken API credentials not found. Public endpoints will still work.
2026-01-20 13:55:39,496 | INFO | kraken_fetcher | KrakenFuturesFetcher initialized | PI_BTCUSDT | trade | 2026-01-06 → now
2026-01-20 13:55:39,497 | INFO | kraken_fetcher | Fetching PI_BTCUSDT from 1767639600 → 1768881339
2026-01-20 13:55:40,387 | INFO | kraken_fetcher | No more candles returned.
2026-01-20 13:55:40,388 | WARNING | kraken_fetcher | No data fetched.
2026-01-20 13:55:40,401 | INFO | kraken_fetcher | KrakenFuturesFetcher initialized | PI_ETHUSDT | trade | 2026-01-06 → now
2026-01-20 13:55:40,402 | INFO | kraken_fetcher | Fetching PI_ETHUSDT from 1767639600 → 1768881340
2026-01-20 13:55:41,355 | INFO | kraken_fetcher | No more candles returned.
2026-01-20 13:55:41,355 | WARNING | kraken_fetcher | No data fetched.
2026-01-20 13:55:41,375 | INFO | kraken_fetcher | KrakenFuturesFetcher initialized | PI_BNBUSDT | trade | 2026-01-06 → now
2026-01-20 13:55:41,376 | INFO | kraken_fetcher | Fetching PI_BNBUSDT from 1767639600 → 1768881341
2026-01-20 13:55:42,530 | INFO | kraken_fetcher | No more candles returned.
2026-01-20 13:55:42,530 | WARNING | kraken_fetcher | No data fetched.
2026-01-20 13:55:42,549 | INFO | kraken_fetcher | KrakenFuturesFetcher initialized | PI_ADAUSDT | trade | 2026-01-06 → now
2026-01-20 13:55:42,550 | INFO | kraken_fetcher | Fetching PI_ADAUSDT from 1767639600 → 1768881342
2026-01-20 13:55:43,444 | INFO | kraken_fetcher | No more candles returned.
2026-01-20 13:55:43,459 | WARNING | kraken_fetcher | No data fetched.
2026-01-20 13:55:43,466 | INFO | kraken_fetcher | KrakenFuturesFetcher initialized | PI_XRPUSDT | trade | 2026-01-06 → now
2026-01-20 13:55:43,466 | INFO | kraken_fetcher | Fetching PI_XRPUSDT from 1767639600 → 1768881343
2026-01-20 13:55:44,342 | INFO | kraken_fetcher | No more candles returned.
2026-01-20 13:55:44,342 | WARNING | kraken_fetcher | No data fetched.
2026-01-20 13:55:44,358 | INFO | kraken_fetcher | KrakenFuturesFetcher initialized | PI_DOGEUSDT | trade | 2026-01-06 → now
2026-01-20 13:55:44,358 | INFO | kraken_fetcher | Fetching PI_DOGEUSDT from 1767639600 → 1768881344
2026-01-20 13:55:45,180 | INFO | kraken_fetcher | No more candles returned.
2026-01-20 13:55:45,180 | WARNING | kraken_fetcher | No data fetched.
2026-01-20 13:55:45,191 | INFO | kraken_fetcher | KrakenFuturesFetcher initialized | PI_SOLUSDT | trade | 2026-01-06 → now
2026-01-20 13:55:45,192 | INFO | kraken_fetcher | Fetching PI_SOLUSDT from 1767639600 → 1768881345
2026-01-20 13:55:46,215 | INFO | kraken_fetcher | No more candles returned.
2026-01-20 13:55:46,215 | WARNING | kraken_fetcher | No data fetched.
2026-01-20 13:55:46,227 | INFO | kraken_fetcher | KrakenFuturesFetcher initialized | PI_DOTUSDT | trade | 2026-01-06 → now
2026-01-20 13:55:46,228 | INFO | kraken_fetcher | Fetching PI_DOTUSDT from 1767639600 → 1768881346
2026-01-20 13:55:46,997 | INFO | kraken_fetcher | No more candles returned.
2026-01-20 13:55:46,997 | WARNING | kraken_fetcher | No data fetched.
2026-01-20 13:55:47,006 | INFO | kraken_fetcher | KrakenFuturesFetcher initialized | PI_MATICUSDT | trade | 2026-01-06 → now
2026-01-20 13:55:47,008 | INFO | kraken_fetcher | Fetching PI_MATICUSDT from 1767639600 → 1768881347
2026-01-20 13:55:47,813 | INFO | kraken_fetcher | No more candles returned.
2026-01-20 13:55:47,813 | WARNING | kraken_fetcher | No data fetched.
2026-01-20 13:55:47,823 | INFO | kraken_fetcher | KrakenFuturesFetcher initialized | PI_LINKUSDT | trade | 2026-01-06 → now
2026-01-20 13:55:47,823 | INFO | kraken_fetcher | Fetching PI_LINKUSDT from 1767639600 → 1768881347
2026-01-20 13:55:48,596 | INFO | kraken_fetcher | No more candles returned.
2026-01-20 13:55:48,596 | WARNING | kraken_fetcher | No data fetched.
2026-01-20 13:59:01,656 | INFO | kraken_fetcher | KrakenFuturesFetcher initialized | PI_BTCUSDT | trade | 2026-01-06 → now
2026-01-20 13:59:01,656 | INFO | kraken_fetcher | Fetching PI_BTCUSDT from 1767639600 → 1768881541
2026-01-20 13:59:03,157 | INFO | kraken_fetcher | No more candles returned.
2026-01-20 13:59:03,157 | WARNING | kraken_fetcher | No data fetched.
2026-01-20 13:59:03,169 | INFO | kraken_fetcher | KrakenFuturesFetcher initialized | PI_ETHUSDT | trade | 2026-01-06 → now
2026-01-20 13:59:03,169 | INFO | kraken_fetcher | Fetching PI_ETHUSDT from 1767639600 → 1768881543
2026-01-20 13:59:05,020 | INFO | kraken_fetcher | No more candles returned.
2026-01-20 13:59:05,020 | WARNING | kraken_fetcher | No data fetched.
2026-01-20 13:59:05,028 | INFO | kraken_fetcher | KrakenFuturesFetcher initialized | PI_BNBUSDT | trade | 2026-01-06 → now
2026-01-20 13:59:05,028 | INFO | kraken_fetcher | Fetching PI_BNBUSDT from 1767639600 → 1768881545
2026-01-20 13:59:05,807 | INFO | kraken_fetcher | No more candles returned.
2026-01-20 13:59:05,807 | WARNING | kraken_fetcher | No data fetched.
2026-01-20 13:59:05,822 | INFO | kraken_fetcher | KrakenFuturesFetcher initialized | PI_ADAUSDT | trade | 2026-01-06 → now
2026-01-20 13:59:05,822 | INFO | kraken_fetcher | Fetching PI_ADAUSDT from 1767639600 → 1768881545
2026-01-20 13:59:07,619 | INFO | kraken_fetcher | No more candles returned.
2026-01-20 13:59:07,619 | WARNING | kraken_fetcher | No data fetched.
2026-01-20 13:59:07,628 | INFO | kraken_fetcher | KrakenFuturesFetcher initialized | PI_XRPUSDT | trade | 2026-01-06 → now
2026-01-20 13:59:07,628 | INFO | kraken_fetcher | Fetching PI_XRPUSDT from 1767639600 → 1768881547
2026-01-20 13:59:08,425 | INFO | kraken_fetcher | No more candles returned.
2026-01-20 13:59:08,425 | WARNING | kraken_fetcher | No data fetched.
2026-01-20 13:59:08,434 | INFO | kraken_fetcher | KrakenFuturesFetcher initialized | PI_DOGEUSDT | trade | 2026-01-06 → now
2026-01-20 13:59:08,434 | INFO | kraken_fetcher | Fetching PI_DOGEUSDT from 1767639600 → 1768881548
2026-01-20 13:59:09,792 | INFO | kraken_fetcher | No more candles returned.
2026-01-20 13:59:09,792 | WARNING | kraken_fetcher | No data fetched.
2026-01-20 13:59:09,809 | INFO | kraken_fetcher | KrakenFuturesFetcher initialized | PI_SOLUSDT | trade | 2026-01-06 → now
2026-01-20 13:59:09,809 | INFO | kraken_fetcher | Fetching PI_SOLUSDT from 1767639600 → 1768881549
2026-01-20 13:59:10,651 | INFO | kraken_fetcher | No more candles returned.
2026-01-20 13:59:10,651 | WARNING | kraken_fetcher | No data fetched.
2026-01-20 13:59:10,658 | INFO | kraken_fetcher | KrakenFuturesFetcher initialized | PI_DOTUSDT | trade | 2026-01-06 → now
2026-01-20 13:59:10,658 | INFO | kraken_fetcher | Fetching PI_DOTUSDT from 1767639600 → 1768881550
2026-01-20 13:59:11,605 | INFO | kraken_fetcher | No more candles returned.
2026-01-20 13:59:11,605 | WARNING | kraken_fetcher | No data fetched.
2026-01-20 13:59:11,611 | INFO | kraken_fetcher | KrakenFuturesFetcher initialized | PI_MATICUSDT | trade | 2026-01-06 → now
2026-01-20 13:59:11,611 | INFO | kraken_fetcher | Fetching PI_MATICUSDT from 1767639600 → 1768881551
2026-01-20 13:59:12,409 | INFO | kraken_fetcher | No more candles returned.
2026-01-20 13:59:12,409 | WARNING | kraken_fetcher | No data fetched.
2026-01-20 13:59:12,420 | INFO | kraken_fetcher | KrakenFuturesFetcher initialized | PI_LINKUSDT | trade | 2026-01-06 → now
2026-01-20 13:59:12,428 | INFO | kraken_fetcher | Fetching PI_LINKUSDT from 1767639600 → 1768881552
2026-01-20 13:59:13,252 | INFO | kraken_fetcher | No more candles returned.
2026-01-20 13:59:13,252 | WARNING | kraken_fetcher | No data fetched.
2026-01-20 14:13:12,494 | INFO | kraken_fetcher | KrakenFuturesFetcher initialized | PI_XBTUSD | trade | 2026-01-06 → now
2026-01-20 14:13:12,494 | INFO | kraken_fetcher | Fetching PI_XBTUSD from 1767639600 → 1768882392
2026-01-20 14:13:14,260 | INFO | kraken_fetcher | Fetching PI_XBTUSD from 1767759541 → 1768882392
2026-01-20 14:13:15,875 | INFO | kraken_fetcher | Fetching PI_XBTUSD from 1767879541 → 1768882392
2026-01-20 14:13:17,526 | INFO | kraken_fetcher | Fetching PI_XBTUSD from 1767999541 → 1768882392
2026-01-20 14:13:19,402 | INFO | kraken_fetcher | Fetching PI_XBTUSD from 1768119541 → 1768882392
2026-01-20 14:13:20,740 | INFO | kraken_fetcher | Fetching PI_XBTUSD from 1768239541 → 1768882392
2026-01-20 14:13:22,753 | INFO | kraken_fetcher | Fetching PI_XBTUSD from 1768359541 → 1768882392
2026-01-20 14:13:25,235 | INFO | kraken_fetcher | Fetching PI_XBTUSD from 1768479541 → 1768882392
2026-01-20 14:13:26,532 | INFO | kraken_fetcher | Fetching PI_XBTUSD from 1768599541 → 1768882392
2026-01-20 14:13:27,915 | INFO | kraken_fetcher | Fetching PI_XBTUSD from 1768719541 → 1768882392
2026-01-20 14:13:29,458 | INFO | kraken_fetcher | Fetching PI_XBTUSD from 1768839541 → 1768882392
2026-01-20 14:13:30,895 | INFO | kraken_fetcher | Fetching PI_XBTUSD from 1768882381 → 1768882392
2026-01-20 14:13:31,656 | INFO | kraken_fetcher | No more candles returned.
2026-01-20 14:13:31,670 | INFO | kraken_fetcher | Fetched 20714 rows for PI_XBTUSD.
2026-01-20 14:38:17,506 | INFO | kraken_fetcher | KrakenFuturesFetcher initialized | PI_XBTUSD | trade | 2026-01-06 → now
2026-01-20 14:38:17,506 | INFO | kraken_fetcher | Fetching PI_XBTUSD from 1767639600 → 1768883897
2026-01-20 14:38:19,871 | INFO | kraken_fetcher | Fetching PI_XBTUSD from 1767759541 → 1768883897
2026-01-20 14:38:21,233 | INFO | kraken_fetcher | Fetching PI_XBTUSD from 1767879541 → 1768883897
2026-01-20 14:38:22,668 | INFO | kraken_fetcher | Fetching PI_XBTUSD from 1767999541 → 1768883897
2026-01-20 14:38:24,625 | INFO | kraken_fetcher | Fetching PI_XBTUSD from 1768119541 → 1768883897
2026-01-20 14:38:26,631 | INFO | kraken_fetcher | Fetching PI_XBTUSD from 1768239541 → 1768883897
2026-01-20 14:38:29,468 | INFO | kraken_fetcher | Fetching PI_XBTUSD from 1768359541 → 1768883897
2026-01-20 14:38:30,848 | INFO | kraken_fetcher | Fetching PI_XBTUSD from 1768479541 → 1768883897
2026-01-20 14:38:32,699 | INFO | kraken_fetcher | Fetching PI_XBTUSD from 1768599541 → 1768883897
2026-01-20 14:38:33,866 | INFO | kraken_fetcher | Fetching PI_XBTUSD from 1768719541 → 1768883897
2026-01-20 14:38:37,088 | INFO | kraken_fetcher | Fetching PI_XBTUSD from 1768839541 → 1768883897
2026-01-20 14:38:38,211 | INFO | kraken_fetcher | Fetching PI_XBTUSD from 1768883881 → 1768883897
2026-01-20 14:38:38,990 | INFO | kraken_fetcher | No more candles returned.
2026-01-20 14:38:39,006 | INFO | kraken_fetcher | Fetched 20739 rows for PI_XBTUSD.
2026-01-20 14:41:32,488 | INFO | kraken_fetcher | KrakenFuturesFetcher initialized | PI_XBTUSD | trade | 2026-01-06 → now
2026-01-20 14:41:32,489 | INFO | kraken_fetcher | Fetching PI_XBTUSD from 1767639600 → 1768884092
2026-01-20 14:41:34,707 | INFO | kraken_fetcher | Fetching PI_XBTUSD from 1767759541 → 1768884092
2026-01-20 14:41:36,628 | INFO | kraken_fetcher | Fetching PI_XBTUSD from 1767879541 → 1768884092
2026-01-20 14:41:37,853 | INFO | kraken_fetcher | Fetching PI_XBTUSD from 1767999541 → 1768884092
2026-01-20 14:41:39,833 | INFO | kraken_fetcher | Fetching PI_XBTUSD from 1768119541 → 1768884092
2026-01-20 14:41:41,922 | INFO | kraken_fetcher | Fetching PI_XBTUSD from 1768239541 → 1768884092
2026-01-20 14:41:44,235 | INFO | kraken_fetcher | Fetching PI_XBTUSD from 1768359541 → 1768884092
2026-01-20 14:41:45,561 | INFO | kraken_fetcher | Fetching PI_XBTUSD from 1768479541 → 1768884092
2026-01-20 14:41:47,330 | INFO | kraken_fetcher | Fetching PI_XBTUSD from 1768599541 → 1768884092
2026-01-20 14:41:48,980 | INFO | kraken_fetcher | Fetching PI_XBTUSD from 1768719541 → 1768884092
2026-01-20 14:41:50,386 | INFO | kraken_fetcher | Fetching PI_XBTUSD from 1768839541 → 1768884092
2026-01-20 14:41:51,638 | INFO | kraken_fetcher | Fetching PI_XBTUSD from 1768884061 → 1768884092
2026-01-20 14:41:52,396 | INFO | kraken_fetcher | No more candles returned.
2026-01-20 14:41:52,404 | INFO | kraken_fetcher | Fetched 20742 rows for PI_XBTUSD.
2026-01-20 14:47:35,873 | INFO | kraken_fetcher | KrakenFuturesFetcher initialized | PI_XBTUSD | trade | 2026-01-06 → now
2026-01-20 14:47:35,874 | INFO | kraken_fetcher | Fetching PI_XBTUSD from 1767639600 → 1768884455
2026-01-20 14:47:37,165 | INFO | kraken_fetcher | Fetching PI_XBTUSD from 1767759541 → 1768884455
2026-01-20 14:47:38,713 | INFO | kraken_fetcher | Fetching PI_XBTUSD from 1767879541 → 1768884455
2026-01-20 14:47:40,709 | INFO | kraken_fetcher | Fetching PI_XBTUSD from 1767999541 → 1768884455
2026-01-20 14:47:43,344 | INFO | kraken_fetcher | Fetching PI_XBTUSD from 1768119541 → 1768884455
2026-01-20 14:47:45,355 | INFO | kraken_fetcher | Fetching PI_XBTUSD from 1768239541 → 1768884455
2026-01-20 14:47:47,095 | INFO | kraken_fetcher | Fetching PI_XBTUSD from 1768359541 → 1768884455
2026-01-20 14:47:50,031 | INFO | kraken_fetcher | Fetching PI_XBTUSD from 1768479541 → 1768884455
2026-01-20 14:47:51,310 | INFO | kraken_fetcher | Fetching PI_XBTUSD from 1768599541 → 1768884455
2026-01-20 14:47:54,001 | INFO | kraken_fetcher | Fetching PI_XBTUSD from 1768719541 → 1768884455
2026-01-20 14:47:55,777 | INFO | kraken_fetcher | Fetching PI_XBTUSD from 1768839541 → 1768884455
2026-01-20 14:47:57,015 | INFO | kraken_fetcher | Fetching PI_XBTUSD from 1768884421 → 1768884455
2026-01-20 14:47:58,816 | INFO | kraken_fetcher | No more candles returned.
2026-01-20 14:47:58,823 | INFO | kraken_fetcher | Fetched 20748 rows for PI_XBTUSD.
2026-01-20 14:53:20,884 | INFO | kraken_fetcher | KrakenFuturesFetcher initialized | PI_XBTUSD | trade | 2026-01-06 → now
2026-01-20 14:53:20,885 | INFO | kraken_fetcher | Fetching PI_XBTUSD from 1767639600 → 1768884800
2026-01-20 14:53:22,357 | INFO | kraken_fetcher | Fetching PI_XBTUSD from 1767759541 → 1768884800
2026-01-20 14:53:25,108 | INFO | kraken_fetcher | Fetching PI_XBTUSD from 1767879541 → 1768884800
2026-01-20 14:53:27,352 | INFO | kraken_fetcher | Fetching PI_XBTUSD from 1767999541 → 1768884800
2026-01-20 14:53:30,089 | INFO | kraken_fetcher | Fetching PI_XBTUSD from 1768119541 → 1768884800
2026-01-20 14:53:31,814 | INFO | kraken_fetcher | Fetching PI_XBTUSD from 1768239541 → 1768884800
2026-01-20 14:53:33,117 | INFO | kraken_fetcher | Fetching PI_XBTUSD from 1768359541 → 1768884800
2026-01-20 14:53:34,413 | INFO | kraken_fetcher | Fetching PI_XBTUSD from 1768479541 → 1768884800
2026-01-20 14:53:36,967 | INFO | kraken_fetcher | Fetching PI_XBTUSD from 1768599541 → 1768884800
2026-01-20 14:53:38,710 | INFO | kraken_fetcher | Fetching PI_XBTUSD from 1768719541 → 1768884800
2026-01-20 14:53:40,619 | INFO | kraken_fetcher | Fetching PI_XBTUSD from 1768839541 → 1768884800
2026-01-20 14:53:42,073 | INFO | kraken_fetcher | Fetching PI_XBTUSD from 1768884781 → 1768884800
2026-01-20 14:53:42,916 | INFO | kraken_fetcher | No more candles returned.
2026-01-20 14:53:42,938 | INFO | kraken_fetcher | Fetched 20754 rows for PI_XBTUSD.
2026-01-20 15:02:25,611 | INFO | kraken_fetcher | KrakenFuturesFetcher initialized | PI_XBTUSD | trade | 2026-01-06 → now
2026-01-20 15:02:25,614 | INFO | kraken_fetcher | Fetching PI_XBTUSD from 1767639600 → 1768885345
2026-01-20 15:02:28,945 | INFO | kraken_fetcher | Fetching PI_XBTUSD from 1767759541 → 1768885345
2026-01-20 15:02:31,657 | INFO | kraken_fetcher | Fetching PI_XBTUSD from 1767879541 → 1768885345
2026-01-20 15:02:34,276 | INFO | kraken_fetcher | Fetching PI_XBTUSD from 1767999541 → 1768885345
2026-01-20 15:02:36,183 | INFO | kraken_fetcher | Fetching PI_XBTUSD from 1768119541 → 1768885345
2026-01-20 15:02:38,698 | INFO | kraken_fetcher | Fetching PI_XBTUSD from 1768239541 → 1768885345
2026-01-20 15:02:40,258 | INFO | kraken_fetcher | Fetching PI_XBTUSD from 1768359541 → 1768885345
2026-01-20 15:02:41,479 | INFO | kraken_fetcher | Fetching PI_XBTUSD from 1768479541 → 1768885345
2026-01-20 15:02:43,498 | INFO | kraken_fetcher | Fetching PI_XBTUSD from 1768599541 → 1768885345
2026-01-20 15:02:47,061 | INFO | kraken_fetcher | Fetching PI_XBTUSD from 1768719541 → 1768885345
2026-01-20 15:02:48,312 | INFO | kraken_fetcher | Fetching PI_XBTUSD from 1768839541 → 1768885345
2026-01-20 15:02:49,418 | INFO | kraken_fetcher | Fetching PI_XBTUSD from 1768885321 → 1768885345
2026-01-20 15:02:50,145 | INFO | kraken_fetcher | No more candles returned.
2026-01-20 15:02:50,154 | INFO | kraken_fetcher | Fetched 20763 rows for PI_XBTUSD.
2026-01-20 15:03:33,602 | INFO | kraken_fetcher | KrakenFuturesFetcher initialized | PI_XBTUSD | trade | 2026-01-06 → now
2026-01-20 15:03:33,603 | INFO | kraken_fetcher | Fetching PI_XBTUSD from 1767639600 → 1768885413
2026-01-20 15:03:35,212 | INFO | kraken_fetcher | Fetching PI_XBTUSD from 1767759541 → 1768885413
2026-01-20 15:03:38,276 | INFO | kraken_fetcher | Fetching PI_XBTUSD from 1767879541 → 1768885413
2026-01-20 15:03:39,647 | INFO | kraken_fetcher | Fetching PI_XBTUSD from 1767999541 → 1768885413
2026-01-20 15:03:40,880 | INFO | kraken_fetcher | Fetching PI_XBTUSD from 1768119541 → 1768885413
2026-01-20 15:03:42,355 | INFO | kraken_fetcher | Fetching PI_XBTUSD from 1768239541 → 1768885413
2026-01-20 15:03:43,543 | INFO | kraken_fetcher | Fetching PI_XBTUSD from 1768359541 → 1768885413
2026-01-20 15:03:44,830 | INFO | kraken_fetcher | Fetching PI_XBTUSD from 1768479541 → 1768885413
2026-01-20 15:03:46,915 | INFO | kraken_fetcher | Fetching PI_XBTUSD from 1768599541 → 1768885413
2026-01-20 15:03:49,170 | INFO | kraken_fetcher | Fetching PI_XBTUSD from 1768719541 → 1768885413
2026-01-20 15:03:51,683 | INFO | kraken_fetcher | Fetching PI_XBTUSD from 1768839541 → 1768885413
2026-01-20 15:03:53,175 | INFO | kraken_fetcher | Fetching PI_XBTUSD from 1768885381 → 1768885413
2026-01-20 15:03:54,539 | INFO | kraken_fetcher | No more candles returned.
2026-01-20 15:03:54,544 | INFO | kraken_fetcher | Fetched 20764 rows for PI_XBTUSD.
2026-01-20 15:07:28,539 | INFO | kraken_fetcher | KrakenFuturesFetcher initialized | PI_XBTUSD | trade | 2026-01-06 → now
2026-01-20 15:07:28,540 | INFO | kraken_fetcher | Fetching PI_XBTUSD from 1767639600 → 1768885648
2026-01-20 15:07:31,593 | INFO | kraken_fetcher | Fetching PI_XBTUSD from 1767759541 → 1768885648
2026-01-20 15:07:32,953 | INFO | kraken_fetcher | Fetching PI_XBTUSD from 1767879541 → 1768885648
2026-01-20 15:07:34,937 | INFO | kraken_fetcher | Fetching PI_XBTUSD from 1767999541 → 1768885648
2026-01-20 15:07:36,823 | INFO | kraken_fetcher | Fetching PI_XBTUSD from 1768119541 → 1768885648
2026-01-20 15:07:38,686 | INFO | kraken_fetcher | Fetching PI_XBTUSD from 1768239541 → 1768885648
2026-01-20 15:07:42,224 | INFO | kraken_fetcher | Fetching PI_XBTUSD from 1768359541 → 1768885648
2026-01-20 15:07:45,861 | INFO | kraken_fetcher | Fetching PI_XBTUSD from 1768479541 → 1768885648
2026-01-20 15:07:47,525 | INFO | kraken_fetcher | Fetching PI_XBTUSD from 1768599541 → 1768885648
2026-01-20 15:07:49,042 | INFO | kraken_fetcher | Fetching PI_XBTUSD from 1768719541 → 1768885648
2026-01-20 15:07:50,125 | INFO | kraken_fetcher | Fetching PI_XBTUSD from 1768839541 → 1768885648
2026-01-20 15:07:51,204 | INFO | kraken_fetcher | Fetching PI_XBTUSD from 1768885621 → 1768885648
2026-01-20 15:07:51,916 | INFO | kraken_fetcher | No more candles returned.
2026-01-20 15:07:51,936 | INFO | kraken_fetcher | Fetched 20768 rows for PI_XBTUSD.
2026-01-20 15:10:35,320 | INFO | kraken_fetcher | KrakenFuturesFetcher initialized | PI_XBTUSD | trade | 2026-01-06 → now
2026-01-20 15:10:35,345 | INFO | kraken_fetcher | Fetching PI_XBTUSD from 1767639600 → 1768885835
2026-01-20 15:10:38,348 | INFO | kraken_fetcher | Fetching PI_XBTUSD from 1767759541 → 1768885835
2026-01-20 15:10:40,084 | INFO | kraken_fetcher | Fetching PI_XBTUSD from 1767879541 → 1768885835
2026-01-20 15:10:42,059 | INFO | kraken_fetcher | Fetching PI_XBTUSD from 1767999541 → 1768885835
2026-01-20 15:10:44,089 | INFO | kraken_fetcher | Fetching PI_XBTUSD from 1768119541 → 1768885835
2026-01-20 15:10:45,908 | INFO | kraken_fetcher | Fetching PI_XBTUSD from 1768239541 → 1768885835
2026-01-20 15:10:47,936 | INFO | kraken_fetcher | Fetching PI_XBTUSD from 1768359541 → 1768885835
2026-01-20 15:10:49,178 | INFO | kraken_fetcher | Fetching PI_XBTUSD from 1768479541 → 1768885835
2026-01-20 15:10:50,935 | INFO | kraken_fetcher | Fetching PI_XBTUSD from 1768599541 → 1768885835
2026-01-20 15:10:52,619 | INFO | kraken_fetcher | Fetching PI_XBTUSD from 1768719541 → 1768885835
2026-01-20 15:10:53,868 | INFO | kraken_fetcher | Fetching PI_XBTUSD from 1768839541 → 1768885835
2026-01-20 15:10:55,223 | INFO | kraken_fetcher | Fetching PI_XBTUSD from 1768885801 → 1768885835
2026-01-20 15:10:55,994 | INFO | kraken_fetcher | No more candles returned.
2026-01-20 15:10:56,020 | INFO | kraken_fetcher | Fetched 20771 rows for PI_XBTUSD.
2026-01-20 15:14:28,959 | INFO | kraken_fetcher | KrakenFuturesFetcher initialized | PI_XBTUSD | trade | 2026-01-06 → now
2026-01-20 15:14:28,960 | INFO | kraken_fetcher | Fetching PI_XBTUSD from 1767639600 → 1768886068
2026-01-20 15:14:30,364 | INFO | kraken_fetcher | Fetching PI_XBTUSD from 1767759541 → 1768886068
2026-01-20 15:14:32,025 | INFO | kraken_fetcher | Fetching PI_XBTUSD from 1767879541 → 1768886068
2026-01-20 15:14:34,183 | INFO | kraken_fetcher | Fetching PI_XBTUSD from 1767999541 → 1768886068
2026-01-20 15:14:35,611 | INFO | kraken_fetcher | Fetching PI_XBTUSD from 1768119541 → 1768886068
2026-01-20 15:14:37,175 | INFO | kraken_fetcher | Fetching PI_XBTUSD from 1768239541 → 1768886068
2026-01-20 15:14:39,016 | INFO | kraken_fetcher | Fetching PI_XBTUSD from 1768359541 → 1768886068
2026-01-20 15:14:40,282 | INFO | kraken_fetcher | Fetching PI_XBTUSD from 1768479541 → 1768886068
2026-01-20 15:14:41,528 | INFO | kraken_fetcher | Fetching PI_XBTUSD from 1768599541 → 1768886068
2026-01-20 15:14:42,935 | INFO | kraken_fetcher | Fetching PI_XBTUSD from 1768719541 → 1768886068
2026-01-20 15:14:44,039 | INFO | kraken_fetcher | Fetching PI_XBTUSD from 1768839541 → 1768886068
2026-01-20 15:14:45,174 | INFO | kraken_fetcher | Fetching PI_XBTUSD from 1768886041 → 1768886068
2026-01-20 15:14:45,935 | INFO | kraken_fetcher | No more candles returned.
2026-01-20 15:14:45,942 | INFO | kraken_fetcher | Fetched 20775 rows for PI_XBTUSD.
2026-01-20 15:16:54,536 | INFO | kraken_fetcher | KrakenFuturesFetcher initialized | PI_XBTUSD | trade | 2026-01-06 → now
2026-01-20 15:16:54,537 | INFO | kraken_fetcher | Fetching PI_XBTUSD from 1767639600 → 1768886214
2026-01-20 15:16:56,431 | INFO | kraken_fetcher | Fetching PI_XBTUSD from 1767759541 → 1768886214
2026-01-20 15:16:58,693 | INFO | kraken_fetcher | Fetching PI_XBTUSD from 1767879541 → 1768886214
2026-01-20 15:17:01,225 | INFO | kraken_fetcher | Fetching PI_XBTUSD from 1767999541 → 1768886214
2026-01-20 15:17:02,958 | INFO | kraken_fetcher | Fetching PI_XBTUSD from 1768119541 → 1768886214
2026-01-20 15:17:06,122 | INFO | kraken_fetcher | Fetching PI_XBTUSD from 1768239541 → 1768886214
2026-01-20 15:17:07,379 | INFO | kraken_fetcher | Fetching PI_XBTUSD from 1768359541 → 1768886214
2026-01-20 15:17:10,004 | INFO | kraken_fetcher | Fetching PI_XBTUSD from 1768479541 → 1768886214
2026-01-20 15:17:11,514 | INFO | kraken_fetcher | Fetching PI_XBTUSD from 1768599541 → 1768886214
2026-01-20 15:17:14,749 | INFO | kraken_fetcher | Fetching PI_XBTUSD from 1768719541 → 1768886214
2026-01-20 15:17:15,906 | INFO | kraken_fetcher | Fetching PI_XBTUSD from 1768839541 → 1768886214
2026-01-20 15:17:17,017 | INFO | kraken_fetcher | Fetching PI_XBTUSD from 1768886161 → 1768886214
2026-01-20 15:17:17,764 | INFO | kraken_fetcher | No more candles returned.
2026-01-20 15:17:17,780 | INFO | kraken_fetcher | Fetched 20777 rows for PI_XBTUSD.
2026-01-20 15:20:14,342 | INFO | kraken_fetcher | KrakenFuturesFetcher initialized | PI_XBTUSD | trade | 2026-01-06 → now
2026-01-20 15:20:14,343 | INFO | kraken_fetcher | Fetching PI_XBTUSD from 1767639600 → 1768886414
2026-01-20 15:20:16,272 | INFO | kraken_fetcher | Fetching PI_XBTUSD from 1767759541 → 1768886414
2026-01-20 15:20:17,707 | INFO | kraken_fetcher | Fetching PI_XBTUSD from 1767879541 → 1768886414
2026-01-20 15:20:19,703 | INFO | kraken_fetcher | Fetching PI_XBTUSD from 1767999541 → 1768886414
2026-01-20 15:20:22,054 | INFO | kraken_fetcher | Fetching PI_XBTUSD from 1768119541 → 1768886414
2026-01-20 15:20:23,440 | INFO | kraken_fetcher | Fetching PI_XBTUSD from 1768239541 → 1768886414
2026-01-20 15:20:24,609 | INFO | kraken_fetcher | Fetching PI_XBTUSD from 1768359541 → 1768886414
2026-01-20 15:20:25,906 | INFO | kraken_fetcher | Fetching PI_XBTUSD from 1768479541 → 1768886414
2026-01-20 15:20:27,189 | INFO | kraken_fetcher | Fetching PI_XBTUSD from 1768599541 → 1768886414
2026-01-20 15:20:28,500 | INFO | kraken_fetcher | Fetching PI_XBTUSD from 1768719541 → 1768886414
2026-01-20 15:20:30,940 | INFO | kraken_fetcher | Fetching PI_XBTUSD from 1768839541 → 1768886414
2026-01-20 15:20:32,506 | INFO | kraken_fetcher | Fetching PI_XBTUSD from 1768886401 → 1768886414
2026-01-20 15:20:33,274 | INFO | kraken_fetcher | No more candles returned.
2026-01-20 15:20:33,290 | INFO | kraken_fetcher | Fetched 20781 rows for PI_XBTUSD.
2026-01-20 15:21:23,332 | INFO | kraken_fetcher | KrakenFuturesFetcher initialized | PI_XBTUSD | trade | 2026-01-06 → now
2026-01-20 15:21:23,332 | INFO | kraken_fetcher | Fetching PI_XBTUSD from 1767639600 → 1768886483
2026-01-20 15:21:24,629 | INFO | kraken_fetcher | Fetching PI_XBTUSD from 1767759541 → 1768886483
2026-01-20 15:21:26,854 | INFO | kraken_fetcher | Fetching PI_XBTUSD from 1767879541 → 1768886483
2026-01-20 15:21:29,639 | INFO | kraken_fetcher | Fetching PI_XBTUSD from 1767999541 → 1768886483
2026-01-20 15:21:31,129 | INFO | kraken_fetcher | Fetching PI_XBTUSD from 1768119541 → 1768886483
2026-01-20 15:21:34,460 | INFO | kraken_fetcher | Fetching PI_XBTUSD from 1768239541 → 1768886483
2026-01-20 15:21:36,349 | INFO | kraken_fetcher | Fetching PI_XBTUSD from 1768359541 → 1768886483
2026-01-20 15:21:38,159 | INFO | kraken_fetcher | Fetching PI_XBTUSD from 1768479541 → 1768886483
2026-01-20 15:21:39,637 | INFO | kraken_fetcher | Fetching PI_XBTUSD from 1768599541 → 1768886483
2026-01-20 15:21:42,106 | INFO | kraken_fetcher | Fetching PI_XBTUSD from 1768719541 → 1768886483
2026-01-20 15:21:43,461 | INFO | kraken_fetcher | Fetching PI_XBTUSD from 1768839541 → 1768886483
2026-01-20 15:21:45,630 | INFO | kraken_fetcher | Fetching PI_XBTUSD from 1768886461 → 1768886483
2026-01-20 15:21:47,028 | INFO | kraken_fetcher | No more candles returned.
2026-01-20 15:21:47,039 | INFO | kraken_fetcher | Fetched 20782 rows for PI_XBTUSD.
2026-01-20 15:23:07,231 | INFO | kraken_fetcher | KrakenFuturesFetcher initialized | PI_XBTUSD | trade | 2026-01-06 → now
2026-01-20 15:23:07,233 | INFO | kraken_fetcher | Fetching PI_XBTUSD from 1767639600 → 1768886587
2026-01-20 15:23:08,598 | INFO | kraken_fetcher | Fetching PI_XBTUSD from 1767759541 → 1768886587
2026-01-20 15:23:09,990 | INFO | kraken_fetcher | Fetching PI_XBTUSD from 1767879541 → 1768886587
2026-01-20 15:23:11,405 | INFO | kraken_fetcher | Fetching PI_XBTUSD from 1767999541 → 1768886587
2026-01-20 15:23:13,370 | INFO | kraken_fetcher | Fetching PI_XBTUSD from 1768119541 → 1768886587
2026-01-20 15:23:14,609 | INFO | kraken_fetcher | Fetching PI_XBTUSD from 1768239541 → 1768886587
2026-01-20 15:23:16,023 | INFO | kraken_fetcher | Fetching PI_XBTUSD from 1768359541 → 1768886587
2026-01-20 15:23:18,582 | INFO | kraken_fetcher | Fetching PI_XBTUSD from 1768479541 → 1768886587
2026-01-20 15:23:21,159 | INFO | kraken_fetcher | Fetching PI_XBTUSD from 1768599541 → 1768886587
2026-01-20 15:23:22,455 | INFO | kraken_fetcher | Fetching PI_XBTUSD from 1768719541 → 1768886587
2026-01-20 15:23:24,005 | INFO | kraken_fetcher | Fetching PI_XBTUSD from 1768839541 → 1768886587
2026-01-20 15:23:26,042 | INFO | kraken_fetcher | Fetching PI_XBTUSD from 1768886581 → 1768886587
2026-01-20 15:23:26,846 | INFO | kraken_fetcher | No more candles returned.
2026-01-20 15:23:26,855 | INFO | kraken_fetcher | Fetched 20784 rows for PI_XBTUSD.
2026-01-20 15:24:18,409 | INFO | kraken_fetcher | KrakenFuturesFetcher initialized | PI_XBTUSD | trade | 2026-01-06 → now
2026-01-20 15:24:18,410 | INFO | kraken_fetcher | Fetching PI_XBTUSD from 1767639600 → 1768886658
2026-01-20 15:24:19,970 | INFO | kraken_fetcher | Fetching PI_XBTUSD from 1767759541 → 1768886658
2026-01-20 15:24:22,914 | INFO | kraken_fetcher | Fetching PI_XBTUSD from 1767879541 → 1768886658
2026-01-20 15:24:24,147 | INFO | kraken_fetcher | Fetching PI_XBTUSD from 1767999541 → 1768886658
2026-01-20 15:24:25,367 | INFO | kraken_fetcher | Fetching PI_XBTUSD from 1768119541 → 1768886658
2026-01-20 15:24:26,759 | INFO | kraken_fetcher | Fetching PI_XBTUSD from 1768239541 → 1768886658
2026-01-20 15:24:28,119 | INFO | kraken_fetcher | Fetching PI_XBTUSD from 1768359541 → 1768886658
2026-01-20 15:24:30,631 | INFO | kraken_fetcher | Fetching PI_XBTUSD from 1768479541 → 1768886658
2026-01-20 15:24:33,151 | INFO | kraken_fetcher | Fetching PI_XBTUSD from 1768599541 → 1768886658
2026-01-20 15:24:34,781 | INFO | kraken_fetcher | Fetching PI_XBTUSD from 1768719541 → 1768886658
2026-01-20 15:24:35,915 | INFO | kraken_fetcher | Fetching PI_XBTUSD from 1768839541 → 1768886658
2026-01-20 15:24:38,143 | INFO | kraken_fetcher | Fetching PI_XBTUSD from 1768886641 → 1768886658
2026-01-20 15:24:38,913 | INFO | kraken_fetcher | No more candles returned.
2026-01-20 15:24:38,930 | INFO | kraken_fetcher | Fetched 20785 rows for PI_XBTUSD.
2026-01-20 15:29:04,795 | INFO | kraken_fetcher | KrakenFuturesFetcher initialized | PI_XBTUSD | trade | 2026-01-06 → now
2026-01-20 15:29:04,796 | INFO | kraken_fetcher | Fetching PI_XBTUSD from 1767639600 → 1768886944
2026-01-20 15:29:06,088 | INFO | kraken_fetcher | Fetching PI_XBTUSD from 1767759541 → 1768886944
2026-01-20 15:29:07,791 | INFO | kraken_fetcher | Fetching PI_XBTUSD from 1767879541 → 1768886944
2026-01-20 15:29:09,604 | INFO | kraken_fetcher | Fetching PI_XBTUSD from 1767999541 → 1768886944
2026-01-20 15:29:11,232 | INFO | kraken_fetcher | Fetching PI_XBTUSD from 1768119541 → 1768886944
2026-01-20 15:29:13,155 | INFO | kraken_fetcher | Fetching PI_XBTUSD from 1768239541 → 1768886944
2026-01-20 15:29:15,027 | INFO | kraken_fetcher | Fetching PI_XBTUSD from 1768359541 → 1768886944
2026-01-20 15:29:17,645 | INFO | kraken_fetcher | Fetching PI_XBTUSD from 1768479541 → 1768886944
2026-01-20 15:29:19,090 | INFO | kraken_fetcher | Fetching PI_XBTUSD from 1768599541 → 1768886944
2026-01-20 15:29:20,313 | INFO | kraken_fetcher | Fetching PI_XBTUSD from 1768719541 → 1768886944
2026-01-20 15:29:21,407 | INFO | kraken_fetcher | Fetching PI_XBTUSD from 1768839541 → 1768886944
2026-01-20 15:29:22,682 | INFO | kraken_fetcher | Fetching PI_XBTUSD from 1768886941 → 1768886944
2026-01-20 15:29:23,407 | INFO | kraken_fetcher | No more candles returned.
2026-01-20 15:29:23,425 | INFO | kraken_fetcher | Fetched 20790 rows for PI_XBTUSD.
2026-01-20 15:31:24,339 | INFO | kraken_fetcher | KrakenFuturesFetcher initialized | PI_XBTUSD | trade | 2026-01-06 → now
2026-01-20 15:31:24,340 | INFO | kraken_fetcher | Fetching PI_XBTUSD from 1767639600 → 1768887084
2026-01-20 15:31:27,361 | INFO | kraken_fetcher | Fetching PI_XBTUSD from 1767759541 → 1768887084
2026-01-20 15:31:29,404 | INFO | kraken_fetcher | Fetching PI_XBTUSD from 1767879541 → 1768887084
2026-01-20 15:31:30,691 | INFO | kraken_fetcher | Fetching PI_XBTUSD from 1767999541 → 1768887084
2026-01-20 15:31:32,071 | INFO | kraken_fetcher | Fetching PI_XBTUSD from 1768119541 → 1768887084
2026-01-20 15:31:33,859 | INFO | kraken_fetcher | Fetching PI_XBTUSD from 1768239541 → 1768887084
2026-01-20 15:31:35,194 | INFO | kraken_fetcher | Fetching PI_XBTUSD from 1768359541 → 1768887084
2026-01-20 15:31:36,776 | INFO | kraken_fetcher | Fetching PI_XBTUSD from 1768479541 → 1768887084
2026-01-20 15:31:39,516 | INFO | kraken_fetcher | Fetching PI_XBTUSD from 1768599541 → 1768887084
2026-01-20 15:31:40,865 | INFO | kraken_fetcher | Fetching PI_XBTUSD from 1768719541 → 1768887084
2026-01-20 15:31:41,997 | INFO | kraken_fetcher | Fetching PI_XBTUSD from 1768839541 → 1768887084
2026-01-20 15:31:43,408 | INFO | kraken_fetcher | Fetching PI_XBTUSD from 1768887061 → 1768887084
2026-01-20 15:31:44,144 | INFO | kraken_fetcher | No more candles returned.
2026-01-20 15:31:44,153 | INFO | kraken_fetcher | Fetched 20792 rows for PI_XBTUSD.
2026-01-20 15:33:09,832 | INFO | kraken_fetcher | KrakenFuturesFetcher initialized | PI_XBTUSD | trade | 2026-01-06 → now
2026-01-20 15:33:09,833 | INFO | kraken_fetcher | Fetching PI_XBTUSD from 1767639600 → 1768887189
2026-01-20 15:33:11,230 | INFO | kraken_fetcher | Fetching PI_XBTUSD from 1767759541 → 1768887189
2026-01-20 15:33:12,971 | INFO | kraken_fetcher | Fetching PI_XBTUSD from 1767879541 → 1768887189
2026-01-20 15:33:14,336 | INFO | kraken_fetcher | Fetching PI_XBTUSD from 1767999541 → 1768887189
2026-01-20 15:33:16,939 | INFO | kraken_fetcher | Fetching PI_XBTUSD from 1768119541 → 1768887189
2026-01-20 15:33:18,386 | INFO | kraken_fetcher | Fetching PI_XBTUSD from 1768239541 → 1768887189
2026-01-20 15:33:20,085 | INFO | kraken_fetcher | Fetching PI_XBTUSD from 1768359541 → 1768887189
2026-01-20 15:33:21,256 | INFO | kraken_fetcher | Fetching PI_XBTUSD from 1768479541 → 1768887189
2026-01-20 15:33:22,440 | INFO | kraken_fetcher | Fetching PI_XBTUSD from 1768599541 → 1768887189
2026-01-20 15:33:23,607 | INFO | kraken_fetcher | Fetching PI_XBTUSD from 1768719541 → 1768887189
2026-01-20 15:33:24,698 | INFO | kraken_fetcher | Fetching PI_XBTUSD from 1768839541 → 1768887189
2026-01-20 15:33:26,873 | INFO | kraken_fetcher | Fetching PI_XBTUSD from 1768887181 → 1768887189
2026-01-20 15:33:28,665 | INFO | kraken_fetcher | No more candles returned.
2026-01-20 15:33:28,674 | INFO | kraken_fetcher | Fetched 20794 rows for PI_XBTUSD.
2026-01-20 15:35:20,458 | INFO | kraken_fetcher | KrakenFuturesFetcher initialized | PI_XBTUSD | trade | 2026-01-06 → now
2026-01-20 15:35:20,459 | INFO | kraken_fetcher | Fetching PI_XBTUSD from 1767639600 → 1768887320
2026-01-20 15:35:21,805 | INFO | kraken_fetcher | Fetching PI_XBTUSD from 1767759541 → 1768887320
2026-01-20 15:35:24,400 | INFO | kraken_fetcher | Fetching PI_XBTUSD from 1767879541 → 1768887320
2026-01-20 15:35:25,745 | INFO | kraken_fetcher | Fetching PI_XBTUSD from 1767999541 → 1768887320
2026-01-20 15:35:29,313 | INFO | kraken_fetcher | Fetching PI_XBTUSD from 1768119541 → 1768887320
2026-01-20 15:35:32,208 | INFO | kraken_fetcher | Fetching PI_XBTUSD from 1768239541 → 1768887320
2026-01-20 15:35:33,718 | INFO | kraken_fetcher | Fetching PI_XBTUSD from 1768359541 → 1768887320
2026-01-20 15:35:35,278 | INFO | kraken_fetcher | Fetching PI_XBTUSD from 1768479541 → 1768887320
2026-01-20 15:35:37,043 | INFO | kraken_fetcher | Fetching PI_XBTUSD from 1768599541 → 1768887320
2026-01-20 15:35:40,974 | INFO | kraken_fetcher | Fetching PI_XBTUSD from 1768719541 → 1768887320
2026-01-20 15:35:42,580 | INFO | kraken_fetcher | Fetching PI_XBTUSD from 1768839541 → 1768887320
2026-01-20 15:35:43,896 | INFO | kraken_fetcher | Fetching PI_XBTUSD from 1768887301 → 1768887320
2026-01-20 15:35:44,660 | INFO | kraken_fetcher | No more candles returned.
2026-01-20 15:35:44,668 | INFO | kraken_fetcher | Fetched 20796 rows for PI_XBTUSD.
2026-01-20 15:38:47,715 | INFO | kraken_fetcher | KrakenFuturesFetcher initialized | PI_XBTUSD | trade | 2026-01-06 → now
2026-01-20 15:38:47,716 | INFO | kraken_fetcher | Fetching PI_XBTUSD from 1767639600 → 1768887527
2026-01-20 15:38:50,467 | INFO | kraken_fetcher | Fetching PI_XBTUSD from 1767759541 → 1768887527
2026-01-20 15:38:51,714 | INFO | kraken_fetcher | Fetching PI_XBTUSD from 1767879541 → 1768887527
2026-01-20 15:38:53,294 | INFO | kraken_fetcher | Fetching PI_XBTUSD from 1767999541 → 1768887527
2026-01-20 15:38:54,804 | INFO | kraken_fetcher | Fetching PI_XBTUSD from 1768119541 → 1768887527
2026-01-20 15:38:56,234 | INFO | kraken_fetcher | Fetching PI_XBTUSD from 1768239541 → 1768887527
2026-01-20 15:38:58,062 | INFO | kraken_fetcher | Fetching PI_XBTUSD from 1768359541 → 1768887527
2026-01-20 15:39:00,075 | INFO | kraken_fetcher | Fetching PI_XBTUSD from 1768479541 → 1768887527
2026-01-20 15:39:01,890 | INFO | kraken_fetcher | Fetching PI_XBTUSD from 1768599541 → 1768887527
2026-01-20 15:39:03,674 | INFO | kraken_fetcher | Fetching PI_XBTUSD from 1768719541 → 1768887527
2026-01-20 15:39:05,910 | INFO | kraken_fetcher | Fetching PI_XBTUSD from 1768839541 → 1768887527
2026-01-20 15:39:07,538 | INFO | kraken_fetcher | Fetching PI_XBTUSD from 1768887481 → 1768887527
2026-01-20 15:39:08,296 | INFO | kraken_fetcher | No more candles returned.
2026-01-20 15:39:08,302 | INFO | kraken_fetcher | Fetched 20799 rows for PI_XBTUSD.
2026-01-20 15:40:42,953 | INFO | kraken_fetcher | KrakenFuturesFetcher initialized | PI_XBTUSD | trade | 2026-01-06 → now
2026-01-20 15:40:42,954 | INFO | kraken_fetcher | Fetching PI_XBTUSD from 1767639600 → 1768887642
2026-01-20 15:40:46,714 | INFO | kraken_fetcher | Fetching PI_XBTUSD from 1767759541 → 1768887642
2026-01-20 15:40:49,271 | INFO | kraken_fetcher | Fetching PI_XBTUSD from 1767879541 → 1768887642
2026-01-20 15:40:50,972 | INFO | kraken_fetcher | Fetching PI_XBTUSD from 1767999541 → 1768887642
2026-01-20 15:40:52,809 | INFO | kraken_fetcher | Fetching PI_XBTUSD from 1768119541 → 1768887642
2026-01-20 15:40:54,170 | INFO | kraken_fetcher | Fetching PI_XBTUSD from 1768239541 → 1768887642
2026-01-20 15:40:56,896 | INFO | kraken_fetcher | Fetching PI_XBTUSD from 1768359541 → 1768887642
2026-01-20 15:40:58,188 | INFO | kraken_fetcher | Fetching PI_XBTUSD from 1768479541 → 1768887642
2026-01-20 15:40:59,541 | INFO | kraken_fetcher | Fetching PI_XBTUSD from 1768599541 → 1768887642
2026-01-20 15:41:01,548 | INFO | kraken_fetcher | Fetching PI_XBTUSD from 1768719541 → 1768887642
2026-01-20 15:41:04,126 | INFO | kraken_fetcher | Fetching PI_XBTUSD from 1768839541 → 1768887642
2026-01-20 15:41:05,347 | INFO | kraken_fetcher | Fetching PI_XBTUSD from 1768887601 → 1768887642
2026-01-20 15:41:06,103 | INFO | kraken_fetcher | No more candles returned.
2026-01-20 15:41:06,117 | INFO | kraken_fetcher | Fetched 20801 rows for PI_XBTUSD.
2026-01-20 15:44:04,027 | INFO | kraken_fetcher | KrakenFuturesFetcher initialized | PI_XBTUSD | trade | 2026-01-06 → now
2026-01-20 15:44:04,027 | INFO | kraken_fetcher | Fetching PI_XBTUSD from 1767639600 → 1768887844
2026-01-20 15:44:08,106 | INFO | kraken_fetcher | Fetching PI_XBTUSD from 1767759541 → 1768887844
2026-01-20 15:44:11,029 | INFO | kraken_fetcher | Fetching PI_XBTUSD from 1767879541 → 1768887844
2026-01-20 15:44:12,963 | INFO | kraken_fetcher | Fetching PI_XBTUSD from 1767999541 → 1768887844
2026-01-20 15:44:16,290 | INFO | kraken_fetcher | Fetching PI_XBTUSD from 1768119541 → 1768887844
2026-01-20 15:44:18,882 | INFO | kraken_fetcher | Fetching PI_XBTUSD from 1768239541 → 1768887844
2026-01-20 15:44:20,407 | INFO | kraken_fetcher | Fetching PI_XBTUSD from 1768359541 → 1768887844
2026-01-20 15:44:22,910 | INFO | kraken_fetcher | Fetching PI_XBTUSD from 1768479541 → 1768887844
2026-01-20 15:44:24,276 | INFO | kraken_fetcher | Fetching PI_XBTUSD from 1768599541 → 1768887844
2026-01-20 15:44:25,537 | INFO | kraken_fetcher | Fetching PI_XBTUSD from 1768719541 → 1768887844
2026-01-20 15:44:26,710 | INFO | kraken_fetcher | Fetching PI_XBTUSD from 1768839541 → 1768887844
2026-01-20 15:44:27,937 | INFO | kraken_fetcher | Fetching PI_XBTUSD from 1768887841 → 1768887844
2026-01-20 15:44:28,689 | INFO | kraken_fetcher | No more candles returned.
2026-01-20 15:44:28,689 | INFO | kraken_fetcher | Fetched 20805 rows for PI_XBTUSD.
2026-01-20 15:48:07,034 | INFO | kraken_fetcher | KrakenFuturesFetcher initialized | PI_XBTUSD | trade | 2026-01-06 → now
2026-01-20 15:48:07,034 | INFO | kraken_fetcher | Fetching PI_XBTUSD from 1767639600 → 1768888087
2026-01-20 15:48:08,839 | INFO | kraken_fetcher | Fetching PI_XBTUSD from 1767759541 → 1768888087
2026-01-20 15:48:11,651 | INFO | kraken_fetcher | Fetching PI_XBTUSD from 1767879541 → 1768888087
2026-01-20 15:48:13,077 | INFO | kraken_fetcher | Fetching PI_XBTUSD from 1767999541 → 1768888087
2026-01-20 15:48:15,238 | INFO | kraken_fetcher | Fetching PI_XBTUSD from 1768119541 → 1768888087
2026-01-20 15:48:17,270 | INFO | kraken_fetcher | Fetching PI_XBTUSD from 1768239541 → 1768888087
2026-01-20 15:48:19,147 | INFO | kraken_fetcher | Fetching PI_XBTUSD from 1768359541 → 1768888087
2026-01-20 15:48:20,855 | INFO | kraken_fetcher | Fetching PI_XBTUSD from 1768479541 → 1768888087
2026-01-20 15:48:23,471 | INFO | kraken_fetcher | Fetching PI_XBTUSD from 1768599541 → 1768888087
2026-01-20 15:48:25,057 | INFO | kraken_fetcher | Fetching PI_XBTUSD from 1768719541 → 1768888087
2026-01-20 15:48:26,370 | INFO | kraken_fetcher | Fetching PI_XBTUSD from 1768839541 → 1768888087
2026-01-20 15:48:27,769 | INFO | kraken_fetcher | Fetching PI_XBTUSD from 1768888081 → 1768888087
2026-01-20 15:48:28,535 | INFO | kraken_fetcher | No more candles returned.
2026-01-20 15:48:28,552 | INFO | kraken_fetcher | Fetched 20809 rows for PI_XBTUSD.
2026-01-20 15:49:37,362 | INFO | kraken_fetcher | KrakenFuturesFetcher initialized | PI_XBTUSD | trade | 2026-01-06 → now
2026-01-20 15:49:37,363 | INFO | kraken_fetcher | Fetching PI_XBTUSD from 1767639600 → 1768888177
2026-01-20 15:49:38,971 | INFO | kraken_fetcher | Fetching PI_XBTUSD from 1767759541 → 1768888177
2026-01-20 15:49:41,770 | INFO | kraken_fetcher | Fetching PI_XBTUSD from 1767879541 → 1768888177
2026-01-20 15:49:43,206 | INFO | kraken_fetcher | Fetching PI_XBTUSD from 1767999541 → 1768888177
2026-01-20 15:49:44,579 | INFO | kraken_fetcher | Fetching PI_XBTUSD from 1768119541 → 1768888177
2026-01-20 15:49:45,782 | INFO | kraken_fetcher | Fetching PI_XBTUSD from 1768239541 → 1768888177
2026-01-20 15:49:47,744 | INFO | kraken_fetcher | Fetching PI_XBTUSD from 1768359541 → 1768888177
2026-01-20 15:49:49,355 | INFO | kraken_fetcher | Fetching PI_XBTUSD from 1768479541 → 1768888177
2026-01-20 15:49:50,700 | INFO | kraken_fetcher | Fetching PI_XBTUSD from 1768599541 → 1768888177
2026-01-20 15:49:51,945 | INFO | kraken_fetcher | Fetching PI_XBTUSD from 1768719541 → 1768888177
2026-01-20 15:49:54,555 | INFO | kraken_fetcher | Fetching PI_XBTUSD from 1768839541 → 1768888177
2026-01-20 15:49:55,842 | INFO | kraken_fetcher | Fetching PI_XBTUSD from 1768888141 → 1768888177
2026-01-20 15:49:57,373 | INFO | kraken_fetcher | No more candles returned.
2026-01-20 15:49:57,386 | INFO | kraken_fetcher | Fetched 20810 rows for PI_XBTUSD.
2026-01-20 15:51:28,305 | INFO | kraken_fetcher | KrakenFuturesFetcher initialized | PI_XBTUSD | trade | 2026-01-06 → now
2026-01-20 15:51:28,306 | INFO | kraken_fetcher | Fetching PI_XBTUSD from 1767639600 → 1768888288
2026-01-20 15:51:29,936 | INFO | kraken_fetcher | Fetching PI_XBTUSD from 1767759541 → 1768888288
2026-01-20 15:51:33,127 | INFO | kraken_fetcher | Fetching PI_XBTUSD from 1767879541 → 1768888288
2026-01-20 15:51:35,512 | INFO | kraken_fetcher | Fetching PI_XBTUSD from 1767999541 → 1768888288
2026-01-20 15:51:36,761 | INFO | kraken_fetcher | Fetching PI_XBTUSD from 1768119541 → 1768888288
2026-01-20 15:51:38,600 | INFO | kraken_fetcher | Fetching PI_XBTUSD from 1768239541 → 1768888288
2026-01-20 15:51:39,796 | INFO | kraken_fetcher | Fetching PI_XBTUSD from 1768359541 → 1768888288
2026-01-20 15:51:41,533 | INFO | kraken_fetcher | Fetching PI_XBTUSD from 1768479541 → 1768888288
2026-01-20 15:51:43,773 | INFO | kraken_fetcher | Fetching PI_XBTUSD from 1768599541 → 1768888288
2026-01-20 15:51:46,395 | INFO | kraken_fetcher | Fetching PI_XBTUSD from 1768719541 → 1768888288
2026-01-20 15:51:47,584 | INFO | kraken_fetcher | Fetching PI_XBTUSD from 1768839541 → 1768888288
2026-01-20 15:51:49,376 | INFO | kraken_fetcher | Fetching PI_XBTUSD from 1768888261 → 1768888288
2026-01-20 15:51:50,726 | INFO | kraken_fetcher | No more candles returned.
2026-01-20 15:51:50,734 | INFO | kraken_fetcher | Fetched 20812 rows for PI_XBTUSD.
2026-01-20 15:52:13,895 | INFO | kraken_fetcher | KrakenFuturesFetcher initialized | PI_XBTUSD | trade | 2026-01-06 → now
2026-01-20 15:52:13,896 | INFO | kraken_fetcher | Fetching PI_XBTUSD from 1767639600 → 1768888333
2026-01-20 15:52:15,753 | INFO | kraken_fetcher | Fetching PI_XBTUSD from 1767759541 → 1768888333
2026-01-20 15:52:16,937 | INFO | kraken_fetcher | Fetching PI_XBTUSD from 1767879541 → 1768888333
2026-01-20 15:52:18,706 | INFO | kraken_fetcher | Fetching PI_XBTUSD from 1767999541 → 1768888333
2026-01-20 15:52:20,104 | INFO | kraken_fetcher | Fetching PI_XBTUSD from 1768119541 → 1768888333
2026-01-20 15:52:21,357 | INFO | kraken_fetcher | Fetching PI_XBTUSD from 1768239541 → 1768888333
2026-01-20 15:52:23,320 | INFO | kraken_fetcher | Fetching PI_XBTUSD from 1768359541 → 1768888333
2026-01-20 15:52:24,692 | INFO | kraken_fetcher | Fetching PI_XBTUSD from 1768479541 → 1768888333
2026-01-20 15:52:26,247 | INFO | kraken_fetcher | Fetching PI_XBTUSD from 1768599541 → 1768888333
2026-01-20 15:52:27,492 | INFO | kraken_fetcher | Fetching PI_XBTUSD from 1768719541 → 1768888333
2026-01-20 15:52:28,909 | INFO | kraken_fetcher | Fetching PI_XBTUSD from 1768839541 → 1768888333
2026-01-20 15:52:30,102 | INFO | kraken_fetcher | Fetching PI_XBTUSD from 1768888321 → 1768888333
2026-01-20 15:52:31,052 | INFO | kraken_fetcher | No more candles returned.
2026-01-20 15:52:31,060 | INFO | kraken_fetcher | Fetched 20813 rows for PI_XBTUSD.
2026-01-20 15:52:52,794 | INFO | kraken_fetcher | KrakenFuturesFetcher initialized | PI_XBTUSD | trade | 2026-01-06 → now
2026-01-20 15:52:52,795 | INFO | kraken_fetcher | Fetching PI_XBTUSD from 1767639600 → 1768888372
2026-01-20 15:52:54,198 | INFO | kraken_fetcher | Fetching PI_XBTUSD from 1767759541 → 1768888372
2026-01-20 15:52:56,574 | INFO | kraken_fetcher | Fetching PI_XBTUSD from 1767879541 → 1768888372
2026-01-20 15:52:59,247 | INFO | kraken_fetcher | Fetching PI_XBTUSD from 1767999541 → 1768888372
2026-01-20 15:53:00,694 | INFO | kraken_fetcher | Fetching PI_XBTUSD from 1768119541 → 1768888372
2026-01-20 15:53:02,067 | INFO | kraken_fetcher | Fetching PI_XBTUSD from 1768239541 → 1768888372
2026-01-20 15:53:03,325 | INFO | kraken_fetcher | Fetching PI_XBTUSD from 1768359541 → 1768888372
2026-01-20 15:53:04,670 | INFO | kraken_fetcher | Fetching PI_XBTUSD from 1768479541 → 1768888372
2026-01-20 15:53:07,390 | INFO | kraken_fetcher | Fetching PI_XBTUSD from 1768599541 → 1768888372
2026-01-20 15:53:10,081 | INFO | kraken_fetcher | Fetching PI_XBTUSD from 1768719541 → 1768888372
2026-01-20 15:53:11,712 | INFO | kraken_fetcher | Fetching PI_XBTUSD from 1768839541 → 1768888372
2026-01-20 15:53:13,212 | INFO | kraken_fetcher | Fetching PI_XBTUSD from 1768888321 → 1768888372
2026-01-20 15:53:13,952 | INFO | kraken_fetcher | No more candles returned.
2026-01-20 15:53:13,962 | INFO | kraken_fetcher | Fetched 20813 rows for PI_XBTUSD.
2026-01-20 15:53:41,353 | INFO | kraken_fetcher | KrakenFuturesFetcher initialized | PI_XBTUSD | trade | 2026-01-06 → now
2026-01-20 15:53:41,354 | INFO | kraken_fetcher | Fetching PI_XBTUSD from 1767639600 → 1768888421
2026-01-20 15:53:43,700 | INFO | kraken_fetcher | Fetching PI_XBTUSD from 1767759541 → 1768888421
2026-01-20 15:53:45,022 | INFO | kraken_fetcher | Fetching PI_XBTUSD from 1767879541 → 1768888421
2026-01-20 15:53:46,416 | INFO | kraken_fetcher | Fetching PI_XBTUSD from 1767999541 → 1768888421
2026-01-20 15:53:47,605 | INFO | kraken_fetcher | Fetching PI_XBTUSD from 1768119541 → 1768888421
2026-01-20 15:53:49,557 | INFO | kraken_fetcher | Fetching PI_XBTUSD from 1768239541 → 1768888421
2026-01-20 15:53:51,184 | INFO | kraken_fetcher | Fetching PI_XBTUSD from 1768359541 → 1768888421
2026-01-20 15:53:52,485 | INFO | kraken_fetcher | Fetching PI_XBTUSD from 1768479541 → 1768888421
2026-01-20 15:53:53,654 | INFO | kraken_fetcher | Fetching PI_XBTUSD from 1768599541 → 1768888421
2026-01-20 15:53:55,985 | INFO | kraken_fetcher | Fetching PI_XBTUSD from 1768719541 → 1768888421
2026-01-20 15:53:57,768 | INFO | kraken_fetcher | Fetching PI_XBTUSD from 1768839541 → 1768888421
2026-01-20 15:54:00,033 | INFO | kraken_fetcher | Fetching PI_XBTUSD from 1768888381 → 1768888421
2026-01-20 15:54:00,796 | INFO | kraken_fetcher | No more candles returned.
2026-01-20 15:54:00,802 | INFO | kraken_fetcher | Fetched 20814 rows for PI_XBTUSD.
2026-01-20 15:56:38,719 | INFO | kraken_fetcher | KrakenFuturesFetcher initialized | PI_XBTUSD | trade | 2026-01-06 → now
2026-01-20 15:56:38,720 | INFO | kraken_fetcher | Fetching PI_XBTUSD from 1767639600 → 1768888598
2026-01-20 15:56:40,069 | INFO | kraken_fetcher | Fetching PI_XBTUSD from 1767759541 → 1768888598
2026-01-20 15:56:41,314 | INFO | kraken_fetcher | Fetching PI_XBTUSD from 1767879541 → 1768888598
2026-01-20 15:56:45,159 | INFO | kraken_fetcher | Fetching PI_XBTUSD from 1767999541 → 1768888598
2026-01-20 15:56:46,369 | INFO | kraken_fetcher | Fetching PI_XBTUSD from 1768119541 → 1768888598
2026-01-20 15:56:48,360 | INFO | kraken_fetcher | Fetching PI_XBTUSD from 1768239541 → 1768888598
2026-01-20 15:56:49,881 | INFO | kraken_fetcher | Fetching PI_XBTUSD from 1768359541 → 1768888598
2026-01-20 15:56:51,801 | INFO | kraken_fetcher | Fetching PI_XBTUSD from 1768479541 → 1768888598
2026-01-20 15:56:53,396 | INFO | kraken_fetcher | Fetching PI_XBTUSD from 1768599541 → 1768888598
2026-01-20 15:56:54,855 | INFO | kraken_fetcher | Fetching PI_XBTUSD from 1768719541 → 1768888598
2026-01-20 15:56:56,227 | INFO | kraken_fetcher | Fetching PI_XBTUSD from 1768839541 → 1768888598
2026-01-20 15:56:58,549 | INFO | kraken_fetcher | Fetching PI_XBTUSD from 1768888561 → 1768888598
2026-01-20 15:56:59,280 | INFO | kraken_fetcher | No more candles returned.
2026-01-20 15:56:59,298 | INFO | kraken_fetcher | Fetched 20817 rows for PI_XBTUSD.
2026-01-20 16:02:38,481 | INFO | kraken_fetcher | KrakenFuturesFetcher initialized | PI_ETHUSD | trade | 2026-01-06 → now
2026-01-20 16:02:38,482 | INFO | kraken_fetcher | Fetching PI_ETHUSD from 1767639600 → 1768888958
2026-01-20 16:02:39,911 | INFO | kraken_fetcher | Fetching PI_ETHUSD from 1767759541 → 1768888958
2026-01-20 16:02:41,448 | INFO | kraken_fetcher | Fetching PI_ETHUSD from 1767879541 → 1768888958
2026-01-20 16:02:44,233 | INFO | kraken_fetcher | Fetching PI_ETHUSD from 1767999541 → 1768888958
2026-01-20 16:02:46,223 | INFO | kraken_fetcher | Fetching PI_ETHUSD from 1768119541 → 1768888958
2026-01-20 16:02:47,471 | INFO | kraken_fetcher | Fetching PI_ETHUSD from 1768239541 → 1768888958
2026-01-20 16:02:49,520 | INFO | kraken_fetcher | Fetching PI_ETHUSD from 1768359541 → 1768888958
2026-01-20 16:02:51,351 | INFO | kraken_fetcher | Fetching PI_ETHUSD from 1768479541 → 1768888958
2026-01-20 16:02:52,875 | INFO | kraken_fetcher | Fetching PI_ETHUSD from 1768599541 → 1768888958
2026-01-20 16:02:54,695 | INFO | kraken_fetcher | Fetching PI_ETHUSD from 1768719541 → 1768888958
2026-01-20 16:02:56,184 | INFO | kraken_fetcher | Fetching PI_ETHUSD from 1768839541 → 1768888958
2026-01-20 16:02:57,723 | INFO | kraken_fetcher | Fetching PI_ETHUSD from 1768888921 → 1768888958
2026-01-20 16:02:58,457 | INFO | kraken_fetcher | No more candles returned.
2026-01-20 16:02:58,468 | INFO | kraken_fetcher | Fetched 20823 rows for PI_ETHUSD.
2026-01-20 16:42:23,407 | INFO | kraken_fetcher | KrakenFuturesFetcher initialized | PI_XBTUSD | ohlc | 2026-01-06 → now
2026-01-20 16:42:23,407 | INFO | kraken_fetcher | Fetching PI_XBTUSD from 1767639600 → 1768891343
2026-01-20 16:42:24,478 | ERROR | kraken_fetcher | Request error: 400 Client Error: Bad Request for url: https://futures.kraken.com/api/charts/v1/ohlc/PI_XBTUSD/1m?from=1767639600&to=1768891343
2026-01-20 16:42:24,478 | WARNING | kraken_fetcher | No data fetched.
2026-01-20 16:42:24,509 | INFO | kraken_fetcher | KrakenFuturesFetcher initialized | PI_ETHUSD | ohlc | 2026-01-06 → now
2026-01-20 16:42:24,509 | INFO | kraken_fetcher | Fetching PI_ETHUSD from 1767639600 → 1768891344
2026-01-20 16:42:25,913 | ERROR | kraken_fetcher | Request error: 400 Client Error: Bad Request for url: https://futures.kraken.com/api/charts/v1/ohlc/PI_ETHUSD/1m?from=1767639600&to=1768891344
2026-01-20 16:42:25,913 | WARNING | kraken_fetcher | No data fetched.
2026-01-20 16:42:25,937 | INFO | kraken_fetcher | KrakenFuturesFetcher initialized | PI_BNBUSD | ohlc | 2026-01-06 → now
2026-01-20 16:42:25,937 | INFO | kraken_fetcher | Fetching PI_BNBUSD from 1767639600 → 1768891345
2026-01-20 16:42:26,839 | ERROR | kraken_fetcher | Request error: 400 Client Error: Bad Request for url: https://futures.kraken.com/api/charts/v1/ohlc/PI_BNBUSD/1m?from=1767639600&to=1768891345
2026-01-20 16:42:26,839 | WARNING | kraken_fetcher | No data fetched.
2026-01-20 16:42:26,858 | INFO | kraken_fetcher | KrakenFuturesFetcher initialized | PI_ADAUSD | ohlc | 2026-01-06 → now
2026-01-20 16:42:26,861 | INFO | kraken_fetcher | Fetching PI_ADAUSD from 1767639600 → 1768891346
2026-01-20 16:42:27,626 | ERROR | kraken_fetcher | Request error: 400 Client Error: Bad Request for url: https://futures.kraken.com/api/charts/v1/ohlc/PI_ADAUSD/1m?from=1767639600&to=1768891346
2026-01-20 16:42:27,626 | WARNING | kraken_fetcher | No data fetched.
2026-01-20 16:42:27,634 | INFO | kraken_fetcher | KrakenFuturesFetcher initialized | PI_XRPUSD | ohlc | 2026-01-06 → now
2026-01-20 16:42:27,634 | INFO | kraken_fetcher | Fetching PI_XRPUSD from 1767639600 → 1768891347
2026-01-20 16:42:28,955 | ERROR | kraken_fetcher | Request error: 400 Client Error: Bad Request for url: https://futures.kraken.com/api/charts/v1/ohlc/PI_XRPUSD/1m?from=1767639600&to=1768891347
2026-01-20 16:42:28,955 | WARNING | kraken_fetcher | No data fetched.
2026-01-20 16:42:28,966 | INFO | kraken_fetcher | KrakenFuturesFetcher initialized | PI_DOGEUSD | ohlc | 2026-01-06 → now
2026-01-20 16:42:28,966 | INFO | kraken_fetcher | Fetching PI_DOGEUSD from 1767639600 → 1768891348
2026-01-20 16:42:29,737 | ERROR | kraken_fetcher | Request error: 400 Client Error: Bad Request for url: https://futures.kraken.com/api/charts/v1/ohlc/PI_DOGEUSD/1m?from=1767639600&to=1768891348
2026-01-20 16:42:29,737 | WARNING | kraken_fetcher | No data fetched.
2026-01-20 16:42:29,751 | INFO | kraken_fetcher | KrakenFuturesFetcher initialized | PI_SOLUSD | ohlc | 2026-01-06 → now
2026-01-20 16:42:29,751 | INFO | kraken_fetcher | Fetching PI_SOLUSD from 1767639600 → 1768891349
2026-01-20 16:42:30,577 | ERROR | kraken_fetcher | Request error: 400 Client Error: Bad Request for url: https://futures.kraken.com/api/charts/v1/ohlc/PI_SOLUSD/1m?from=1767639600&to=1768891349
2026-01-20 16:42:30,577 | WARNING | kraken_fetcher | No data fetched.
2026-01-20 16:42:30,582 | INFO | kraken_fetcher | KrakenFuturesFetcher initialized | PI_DOTUSD | ohlc | 2026-01-06 → now
2026-01-20 16:42:30,590 | INFO | kraken_fetcher | Fetching PI_DOTUSD from 1767639600 → 1768891350
2026-01-20 16:42:31,391 | ERROR | kraken_fetcher | Request error: 400 Client Error: Bad Request for url: https://futures.kraken.com/api/charts/v1/ohlc/PI_DOTUSD/1m?from=1767639600&to=1768891350
2026-01-20 16:42:31,391 | WARNING | kraken_fetcher | No data fetched.
2026-01-20 16:42:31,395 | INFO | kraken_fetcher | KrakenFuturesFetcher initialized | PI_MATICUSD | ohlc | 2026-01-06 → now
2026-01-20 16:42:31,395 | INFO | kraken_fetcher | Fetching PI_MATICUSD from 1767639600 → 1768891351
2026-01-20 16:42:32,155 | ERROR | kraken_fetcher | Request error: 400 Client Error: Bad Request for url: https://futures.kraken.com/api/charts/v1/ohlc/PI_MATICUSD/1m?from=1767639600&to=1768891351
2026-01-20 16:42:32,155 | WARNING | kraken_fetcher | No data fetched.
2026-01-20 16:42:32,168 | INFO | kraken_fetcher | KrakenFuturesFetcher initialized | PI_LINKUSD | ohlc | 2026-01-06 → now
2026-01-20 16:42:32,168 | INFO | kraken_fetcher | Fetching PI_LINKUSD from 1767639600 → 1768891352
2026-01-20 16:42:33,170 | ERROR | kraken_fetcher | Request error: 400 Client Error: Bad Request for url: https://futures.kraken.com/api/charts/v1/ohlc/PI_LINKUSD/1m?from=1767639600&to=1768891352
2026-01-20 16:42:33,170 | WARNING | kraken_fetcher | No data fetched.
2026-01-20 16:42:33,192 | INFO | kraken_fetcher | KrakenFuturesFetcher initialized | PI_LTCUSD | ohlc | 2026-01-06 → now
2026-01-20 16:42:33,192 | INFO | kraken_fetcher | Fetching PI_LTCUSD from 1767639600 → 1768891353
2026-01-20 16:42:34,033 | ERROR | kraken_fetcher | Request error: 400 Client Error: Bad Request for url: https://futures.kraken.com/api/charts/v1/ohlc/PI_LTCUSD/1m?from=1767639600&to=1768891353
2026-01-20 16:42:34,033 | WARNING | kraken_fetcher | No data fetched.
2026-01-20 16:44:35,652 | INFO | kraken_fetcher | KrakenFuturesFetcher initialized | PI_XBTUSD | trade | 2026-01-06 → now
2026-01-20 16:44:35,652 | INFO | kraken_fetcher | Fetching PI_XBTUSD from 1767639600 → 1768891475
2026-01-20 16:44:37,430 | INFO | kraken_fetcher | Fetching PI_XBTUSD from 1767759541 → 1768891475
2026-01-20 16:44:38,741 | INFO | kraken_fetcher | Fetching PI_XBTUSD from 1767879541 → 1768891475
2026-01-20 16:44:40,124 | INFO | kraken_fetcher | Fetching PI_XBTUSD from 1767999541 → 1768891475
2026-01-20 16:44:41,435 | INFO | kraken_fetcher | Fetching PI_XBTUSD from 1768119541 → 1768891475
2026-01-20 16:44:43,260 | INFO | kraken_fetcher | Fetching PI_XBTUSD from 1768239541 → 1768891475
2026-01-20 16:44:44,674 | INFO | kraken_fetcher | Fetching PI_XBTUSD from 1768359541 → 1768891475
2026-01-20 16:44:46,173 | INFO | kraken_fetcher | Fetching PI_XBTUSD from 1768479541 → 1768891475
2026-01-20 16:44:47,841 | INFO | kraken_fetcher | Fetching PI_XBTUSD from 1768599541 → 1768891475
2026-01-20 16:44:49,365 | INFO | kraken_fetcher | Fetching PI_XBTUSD from 1768719541 → 1768891475
2026-01-20 16:44:50,684 | INFO | kraken_fetcher | Fetching PI_XBTUSD from 1768839541 → 1768891475
2026-01-20 16:44:52,033 | INFO | kraken_fetcher | Fetching PI_XBTUSD from 1768891441 → 1768891475
2026-01-20 16:44:52,813 | INFO | kraken_fetcher | No more candles returned.
2026-01-20 16:44:52,831 | INFO | kraken_fetcher | Fetched 20865 rows for PI_XBTUSD.
2026-01-20 17:18:19,428 | INFO | kraken_fetcher | KrakenFuturesFetcher initialized | symbol=BTC/USD | timeframe=1m | start=2026-01-01 | end=2026-01-20
2026-01-20 17:18:19,428 | INFO | kraken_fetcher | Fetching BTC/USD | 2025-12-31 19:00:00 | timeframe=1m
2026-01-20 17:22:11,103 | INFO | kraken_fetcher | KrakenFuturesFetcher initialized | symbol=BTC/USD | timeframe=1m | start=2026-01-01 | end=2026-01-20
2026-01-20 17:22:11,103 | INFO | kraken_fetcher | Fetching BTC/USD | 2025-12-31 19:00:00 | timeframe=1m
2026-01-20 17:25:59,931 | INFO | kraken_fetcher | KrakenFuturesFetcher initialized | symbol=BTC/USD | timeframe=1m | start=2026-01-01 | end=2026-01-20
2026-01-20 17:25:59,931 | INFO | kraken_fetcher | Fetching BTC/USD | 2025-12-31 19:00:00 | timeframe=1m
2026-01-20 17:29:34,625 | INFO | kraken_fetcher | KrakenFuturesFetcher initialized | symbol=BTC/USD | timeframe=1m | start=2026-01-01 | end=2026-01-20
2026-01-20 17:29:34,625 | INFO | kraken_fetcher | Fetching BTC/USD | 2025-12-31 19:00:00 | timeframe=1m
2026-01-20 17:35:09,167 | INFO | kraken_fetcher | KrakenFuturesFetcher initialized | symbol=BTC/USD | timeframe=1m | start=2026-01-01 | end=2026-01-20
2026-01-20 17:35:09,167 | INFO | kraken_fetcher | Fetching BTC/USD | 2025-12-31 19:00:00 | timeframe=1m
2026-01-20 17:39:04,491 | INFO | kraken_fetcher | KrakenFuturesFetcher initialized | symbol=BTC/USD | timeframe=1m | start=2026-01-01 | end=2026-01-20
2026-01-20 17:39:04,491 | INFO | kraken_fetcher | Fetching BTC/USD | 2025-12-31 19:00:00 | timeframe=1m
2026-01-20 17:41:57,413 | INFO | kraken_fetcher | KrakenFuturesFetcher initialized | symbol=BTC/USD | timeframe=1m | start=2026-01-06 | end=now
2026-01-20 17:41:57,413 | INFO | kraken_fetcher | Fetching BTC/USD | 2026-01-05 19:00:00 | timeframe=1m
2026-01-20 17:42:00,647 | INFO | kraken_fetcher | Fetching BTC/USD | 2026-01-20 02:15:00.001000 | timeframe=1m
2026-01-20 17:42:01,794 | INFO | kraken_fetcher | Fetching BTC/USD | 2026-01-20 03:55:00.001000 | timeframe=1m
2026-01-20 17:42:03,242 | INFO | kraken_fetcher | Fetching BTC/USD | 2026-01-20 05:35:00.001000 | timeframe=1m
2026-01-20 17:42:04,238 | INFO | kraken_fetcher | Fetching BTC/USD | 2026-01-20 07:15:00.001000 | timeframe=1m
2026-01-20 17:42:06,003 | INFO | kraken_fetcher | KrakenFuturesFetcher initialized | symbol=ETH/USD | timeframe=1m | start=2026-01-06 | end=now
2026-01-20 17:42:06,019 | INFO | kraken_fetcher | Fetching ETH/USD | 2026-01-05 19:00:00 | timeframe=1m
2026-01-20 17:42:09,142 | INFO | kraken_fetcher | Fetching ETH/USD | 2026-01-20 02:15:00.001000 | timeframe=1m
2026-01-20 17:42:10,764 | INFO | kraken_fetcher | Fetching ETH/USD | 2026-01-20 03:55:00.001000 | timeframe=1m
2026-01-20 17:42:11,630 | INFO | kraken_fetcher | Fetching ETH/USD | 2026-01-20 05:35:00.001000 | timeframe=1m
2026-01-20 17:42:12,857 | INFO | kraken_fetcher | Fetching ETH/USD | 2026-01-20 07:15:00.001000 | timeframe=1m
2026-01-20 17:42:14,520 | INFO | kraken_fetcher | KrakenFuturesFetcher initialized | symbol=BNB/USD | timeframe=1m | start=2026-01-06 | end=now
2026-01-20 17:42:14,537 | INFO | kraken_fetcher | Fetching BNB/USD | 2026-01-05 19:00:00 | timeframe=1m
2026-01-20 17:42:17,603 | INFO | kraken_fetcher | Fetching BNB/USD | 2026-01-20 02:15:00.001000 | timeframe=1m
2026-01-20 17:42:18,913 | INFO | kraken_fetcher | Fetching BNB/USD | 2026-01-20 03:55:00.001000 | timeframe=1m
2026-01-20 17:42:20,047 | INFO | kraken_fetcher | Fetching BNB/USD | 2026-01-20 05:35:00.001000 | timeframe=1m
2026-01-20 17:42:21,234 | INFO | kraken_fetcher | Fetching BNB/USD | 2026-01-20 07:15:00.001000 | timeframe=1m
2026-01-20 17:42:23,081 | INFO | kraken_fetcher | KrakenFuturesFetcher initialized | symbol=ADA/USD | timeframe=1m | start=2026-01-06 | end=now
2026-01-20 17:42:23,097 | INFO | kraken_fetcher | Fetching ADA/USD | 2026-01-05 19:00:00 | timeframe=1m
2026-01-20 17:42:26,188 | INFO | kraken_fetcher | Fetching ADA/USD | 2026-01-20 02:15:00.001000 | timeframe=1m
2026-01-20 17:42:27,375 | INFO | kraken_fetcher | Fetching ADA/USD | 2026-01-20 03:55:00.001000 | timeframe=1m
2026-01-20 17:42:28,562 | INFO | kraken_fetcher | Fetching ADA/USD | 2026-01-20 05:35:00.001000 | timeframe=1m
2026-01-20 17:42:30,159 | INFO | kraken_fetcher | Fetching ADA/USD | 2026-01-20 07:15:00.001000 | timeframe=1m
2026-01-20 17:42:31,396 | INFO | kraken_fetcher | KrakenFuturesFetcher initialized | symbol=XRP/USD | timeframe=1m | start=2026-01-06 | end=now
2026-01-20 17:42:31,412 | INFO | kraken_fetcher | Fetching XRP/USD | 2026-01-05 19:00:00 | timeframe=1m
2026-01-20 17:42:34,642 | INFO | kraken_fetcher | Fetching XRP/USD | 2026-01-20 02:15:00.001000 | timeframe=1m
2026-01-20 17:42:35,809 | INFO | kraken_fetcher | Fetching XRP/USD | 2026-01-20 03:55:00.001000 | timeframe=1m
2026-01-20 17:42:37,155 | INFO | kraken_fetcher | Fetching XRP/USD | 2026-01-20 05:35:00.001000 | timeframe=1m
2026-01-20 17:42:38,203 | INFO | kraken_fetcher | Fetching XRP/USD | 2026-01-20 07:15:00.001000 | timeframe=1m
2026-01-20 17:42:39,829 | INFO | kraken_fetcher | KrakenFuturesFetcher initialized | symbol=DOGE/USD | timeframe=1m | start=2026-01-06 | end=now
2026-01-20 17:42:39,845 | INFO | kraken_fetcher | Fetching DOGE/USD | 2026-01-05 19:00:00 | timeframe=1m
2026-01-20 17:42:43,076 | INFO | kraken_fetcher | Fetching DOGE/USD | 2026-01-20 02:16:00.001000 | timeframe=1m
2026-01-20 17:42:44,156 | INFO | kraken_fetcher | Fetching DOGE/USD | 2026-01-20 03:56:00.001000 | timeframe=1m
2026-01-20 17:42:45,348 | INFO | kraken_fetcher | Fetching DOGE/USD | 2026-01-20 05:36:00.001000 | timeframe=1m
2026-01-20 17:42:46,542 | INFO | kraken_fetcher | Fetching DOGE/USD | 2026-01-20 07:16:00.001000 | timeframe=1m
2026-01-20 17:42:48,580 | INFO | kraken_fetcher | KrakenFuturesFetcher initialized | symbol=SOL/USD | timeframe=1m | start=2026-01-06 | end=now
2026-01-20 17:42:48,605 | INFO | kraken_fetcher | Fetching SOL/USD | 2026-01-05 19:00:00 | timeframe=1m
2026-01-20 17:42:51,604 | INFO | kraken_fetcher | Fetching SOL/USD | 2026-01-20 02:16:00.001000 | timeframe=1m
2026-01-20 17:42:52,837 | INFO | kraken_fetcher | Fetching SOL/USD | 2026-01-20 03:56:00.001000 | timeframe=1m
2026-01-20 17:42:55,081 | INFO | kraken_fetcher | Fetching SOL/USD | 2026-01-20 05:36:00.001000 | timeframe=1m
2026-01-20 17:42:55,963 | INFO | kraken_fetcher | Fetching SOL/USD | 2026-01-20 07:16:00.001000 | timeframe=1m
2026-01-20 17:42:57,932 | INFO | kraken_fetcher | KrakenFuturesFetcher initialized | symbol=DOT/USD | timeframe=1m | start=2026-01-06 | end=now
2026-01-20 17:42:57,948 | INFO | kraken_fetcher | Fetching DOT/USD | 2026-01-05 19:00:00 | timeframe=1m
2026-01-20 17:43:01,108 | INFO | kraken_fetcher | Fetching DOT/USD | 2026-01-20 02:16:00.001000 | timeframe=1m
2026-01-20 17:43:02,339 | INFO | kraken_fetcher | Fetching DOT/USD | 2026-01-20 03:56:00.001000 | timeframe=1m
2026-01-20 17:43:03,896 | INFO | kraken_fetcher | Fetching DOT/USD | 2026-01-20 05:36:00.001000 | timeframe=1m
2026-01-20 17:43:04,751 | INFO | kraken_fetcher | Fetching DOT/USD | 2026-01-20 07:16:00.001000 | timeframe=1m
2026-01-20 17:43:06,426 | INFO | kraken_fetcher | KrakenFuturesFetcher initialized | symbol=MATIC/USD | timeframe=1m | start=2026-01-06 | end=now
2026-01-20 17:43:06,442 | INFO | kraken_fetcher | Fetching MATIC/USD | 2026-01-05 19:00:00 | timeframe=1m
2026-01-20 17:43:08,178 | ERROR | kraken_fetcher | Exchange error: kraken does not have market symbol MATIC/USD
2026-01-20 17:43:08,178 | WARNING | kraken_fetcher | No data fetched from Kraken.
2026-01-20 17:43:08,178 | INFO | kraken_fetcher | KrakenFuturesFetcher initialized | symbol=LINK/USD | timeframe=1m | start=2026-01-06 | end=now
2026-01-20 17:43:08,194 | INFO | kraken_fetcher | Fetching LINK/USD | 2026-01-05 19:00:00 | timeframe=1m
2026-01-20 17:43:11,356 | INFO | kraken_fetcher | Fetching LINK/USD | 2026-01-20 02:16:00.001000 | timeframe=1m
2026-01-20 17:43:12,469 | INFO | kraken_fetcher | Fetching LINK/USD | 2026-01-20 03:56:00.001000 | timeframe=1m
2026-01-20 17:43:13,676 | INFO | kraken_fetcher | Fetching LINK/USD | 2026-01-20 05:36:00.001000 | timeframe=1m
2026-01-20 17:43:15,081 | INFO | kraken_fetcher | Fetching LINK/USD | 2026-01-20 07:16:00.001000 | timeframe=1m
2026-01-20 17:43:16,520 | INFO | kraken_fetcher | KrakenFuturesFetcher initialized | symbol=LTC/USD | timeframe=1m | start=2026-01-06 | end=now
2026-01-20 17:43:16,536 | INFO | kraken_fetcher | Fetching LTC/USD | 2026-01-05 19:00:00 | timeframe=1m
2026-01-20 17:43:19,683 | INFO | kraken_fetcher | Fetching LTC/USD | 2026-01-20 02:16:00.001000 | timeframe=1m
2026-01-20 17:43:20,747 | INFO | kraken_fetcher | Fetching LTC/USD | 2026-01-20 03:56:00.001000 | timeframe=1m
2026-01-20 17:43:22,448 | INFO | kraken_fetcher | Fetching LTC/USD | 2026-01-20 05:36:00.001000 | timeframe=1m
2026-01-20 17:43:23,431 | INFO | kraken_fetcher | Fetching LTC/USD | 2026-01-20 07:16:00.001000 | timeframe=1m
2026-01-20 17:48:38,812 | INFO | kraken_fetcher | KrakenFuturesFetcher initialized | symbol=BTC/USD | timeframe=1m | start=2026-01-06 | end=now
2026-01-20 17:48:38,812 | INFO | kraken_fetcher | Fetching BTC/USD | 2026-01-05 19:00:00 | timeframe=1m
2026-01-20 17:48:41,873 | INFO | kraken_fetcher | Fetching BTC/USD | 2026-01-20 02:22:00.001000 | timeframe=1m
2026-01-20 17:48:43,107 | INFO | kraken_fetcher | Fetching BTC/USD | 2026-01-20 04:02:00.001000 | timeframe=1m
2026-01-20 17:48:44,517 | INFO | kraken_fetcher | Fetching BTC/USD | 2026-01-20 05:42:00.001000 | timeframe=1m
2026-01-20 17:48:45,539 | INFO | kraken_fetcher | Fetching BTC/USD | 2026-01-20 07:22:00.001000 | timeframe=1m
2026-01-20 17:48:47,296 | INFO | kraken_fetcher | KrakenFuturesFetcher initialized | symbol=ETH/USD | timeframe=1m | start=2026-01-06 | end=now
2026-01-20 17:48:47,312 | INFO | kraken_fetcher | Fetching ETH/USD | 2026-01-05 19:00:00 | timeframe=1m
2026-01-20 17:48:50,412 | INFO | kraken_fetcher | Fetching ETH/USD | 2026-01-20 02:22:00.001000 | timeframe=1m
2026-01-20 17:48:51,698 | INFO | kraken_fetcher | Fetching ETH/USD | 2026-01-20 04:02:00.001000 | timeframe=1m
2026-01-20 17:48:52,746 | INFO | kraken_fetcher | Fetching ETH/USD | 2026-01-20 05:42:00.001000 | timeframe=1m
2026-01-20 17:48:54,017 | INFO | kraken_fetcher | Fetching ETH/USD | 2026-01-20 07:22:00.001000 | timeframe=1m
2026-01-20 17:48:55,627 | INFO | kraken_fetcher | KrakenFuturesFetcher initialized | symbol=BNB/USD | timeframe=1m | start=2026-01-06 | end=now
2026-01-20 17:48:55,643 | INFO | kraken_fetcher | Fetching BNB/USD | 2026-01-05 19:00:00 | timeframe=1m
2026-01-20 17:48:58,638 | INFO | kraken_fetcher | Fetching BNB/USD | 2026-01-20 02:22:00.001000 | timeframe=1m
2026-01-20 17:48:59,869 | INFO | kraken_fetcher | Fetching BNB/USD | 2026-01-20 04:02:00.001000 | timeframe=1m
2026-01-20 17:49:01,122 | INFO | kraken_fetcher | Fetching BNB/USD | 2026-01-20 05:42:00.001000 | timeframe=1m
2026-01-20 17:49:02,342 | INFO | kraken_fetcher | Fetching BNB/USD | 2026-01-20 07:22:00.001000 | timeframe=1m
2026-01-20 17:49:03,918 | INFO | kraken_fetcher | KrakenFuturesFetcher initialized | symbol=ADA/USD | timeframe=1m | start=2026-01-06 | end=now
2026-01-20 17:49:03,934 | INFO | kraken_fetcher | Fetching ADA/USD | 2026-01-05 19:00:00 | timeframe=1m
2026-01-20 17:49:07,019 | INFO | kraken_fetcher | Fetching ADA/USD | 2026-01-20 02:22:00.001000 | timeframe=1m
2026-01-20 17:49:08,169 | INFO | kraken_fetcher | Fetching ADA/USD | 2026-01-20 04:02:00.001000 | timeframe=1m
2026-01-20 17:49:09,423 | INFO | kraken_fetcher | Fetching ADA/USD | 2026-01-20 05:42:00.001000 | timeframe=1m
2026-01-20 17:49:10,651 | INFO | kraken_fetcher | Fetching ADA/USD | 2026-01-20 07:22:00.001000 | timeframe=1m
2026-01-20 17:49:12,227 | INFO | kraken_fetcher | KrakenFuturesFetcher initialized | symbol=XRP/USD | timeframe=1m | start=2026-01-06 | end=now
2026-01-20 17:49:12,243 | INFO | kraken_fetcher | Fetching XRP/USD | 2026-01-05 19:00:00 | timeframe=1m
2026-01-20 17:49:15,278 | INFO | kraken_fetcher | Fetching XRP/USD | 2026-01-20 02:22:00.001000 | timeframe=1m
2026-01-20 17:49:16,951 | INFO | kraken_fetcher | Fetching XRP/USD | 2026-01-20 04:02:00.001000 | timeframe=1m
2026-01-20 17:49:17,756 | INFO | kraken_fetcher | Fetching XRP/USD | 2026-01-20 05:42:00.001000 | timeframe=1m
2026-01-20 17:49:18,973 | INFO | kraken_fetcher | Fetching XRP/USD | 2026-01-20 07:22:00.001000 | timeframe=1m
2026-01-20 17:49:20,565 | INFO | kraken_fetcher | KrakenFuturesFetcher initialized | symbol=DOGE/USD | timeframe=1m | start=2026-01-06 | end=now
2026-01-20 17:49:20,581 | INFO | kraken_fetcher | Fetching DOGE/USD | 2026-01-05 19:00:00 | timeframe=1m
2026-01-20 17:49:23,709 | INFO | kraken_fetcher | Fetching DOGE/USD | 2026-01-20 02:22:00.001000 | timeframe=1m
2026-01-20 17:49:24,870 | INFO | kraken_fetcher | Fetching DOGE/USD | 2026-01-20 04:02:00.001000 | timeframe=1m
2026-01-20 17:49:26,094 | INFO | kraken_fetcher | Fetching DOGE/USD | 2026-01-20 05:42:00.001000 | timeframe=1m
2026-01-20 17:49:27,338 | INFO | kraken_fetcher | Fetching DOGE/USD | 2026-01-20 07:22:00.001000 | timeframe=1m
2026-01-20 17:49:28,956 | INFO | kraken_fetcher | KrakenFuturesFetcher initialized | symbol=SOL/USD | timeframe=1m | start=2026-01-06 | end=now
2026-01-20 17:49:28,972 | INFO | kraken_fetcher | Fetching SOL/USD | 2026-01-05 19:00:00 | timeframe=1m
2026-01-20 17:49:32,009 | INFO | kraken_fetcher | Fetching SOL/USD | 2026-01-20 02:22:00.001000 | timeframe=1m
2026-01-20 17:49:33,337 | INFO | kraken_fetcher | Fetching SOL/USD | 2026-01-20 04:02:00.001000 | timeframe=1m
2026-01-20 17:49:34,395 | INFO | kraken_fetcher | Fetching SOL/USD | 2026-01-20 05:42:00.001000 | timeframe=1m
2026-01-20 17:49:35,639 | INFO | kraken_fetcher | Fetching SOL/USD | 2026-01-20 07:22:00.001000 | timeframe=1m
2026-01-20 17:49:37,331 | INFO | kraken_fetcher | KrakenFuturesFetcher initialized | symbol=DOT/USD | timeframe=1m | start=2026-01-06 | end=now
2026-01-20 17:49:37,346 | INFO | kraken_fetcher | Fetching DOT/USD | 2026-01-05 19:00:00 | timeframe=1m
2026-01-20 17:49:40,457 | INFO | kraken_fetcher | Fetching DOT/USD | 2026-01-20 02:23:00.001000 | timeframe=1m
2026-01-20 17:49:41,642 | INFO | kraken_fetcher | Fetching DOT/USD | 2026-01-20 04:03:00.001000 | timeframe=1m
2026-01-20 17:49:42,833 | INFO | kraken_fetcher | Fetching DOT/USD | 2026-01-20 05:43:00.001000 | timeframe=1m
2026-01-20 17:49:44,032 | INFO | kraken_fetcher | Fetching DOT/USD | 2026-01-20 07:23:00.001000 | timeframe=1m
2026-01-20 17:49:45,620 | INFO | kraken_fetcher | KrakenFuturesFetcher initialized | symbol=MATIC/USD | timeframe=1m | start=2026-01-06 | end=now
2026-01-20 17:49:45,636 | INFO | kraken_fetcher | Fetching MATIC/USD | 2026-01-05 19:00:00 | timeframe=1m
2026-01-20 17:49:47,440 | ERROR | kraken_fetcher | Exchange error: kraken does not have market symbol MATIC/USD
2026-01-20 17:49:47,440 | WARNING | kraken_fetcher | No data fetched from Kraken.
2026-01-20 17:49:47,456 | INFO | kraken_fetcher | KrakenFuturesFetcher initialized | symbol=LINK/USD | timeframe=1m | start=2026-01-06 | end=now
2026-01-20 17:49:47,472 | INFO | kraken_fetcher | Fetching LINK/USD | 2026-01-05 19:00:00 | timeframe=1m
2026-01-20 17:49:50,736 | INFO | kraken_fetcher | Fetching LINK/USD | 2026-01-20 02:23:00.001000 | timeframe=1m
2026-01-20 17:49:51,811 | INFO | kraken_fetcher | Fetching LINK/USD | 2026-01-20 04:03:00.001000 | timeframe=1m
2026-01-20 17:49:53,024 | INFO | kraken_fetcher | Fetching LINK/USD | 2026-01-20 05:43:00.001000 | timeframe=1m
2026-01-20 17:49:54,580 | INFO | kraken_fetcher | Fetching LINK/USD | 2026-01-20 07:23:00.001000 | timeframe=1m
2026-01-20 17:49:55,847 | INFO | kraken_fetcher | KrakenFuturesFetcher initialized | symbol=LTC/USD | timeframe=1m | start=2026-01-06 | end=now
2026-01-20 17:49:55,863 | INFO | kraken_fetcher | Fetching LTC/USD | 2026-01-05 19:00:00 | timeframe=1m
2026-01-20 17:49:58,914 | INFO | kraken_fetcher | Fetching LTC/USD | 2026-01-20 02:23:00.001000 | timeframe=1m
2026-01-20 17:50:00,146 | INFO | kraken_fetcher | Fetching LTC/USD | 2026-01-20 04:03:00.001000 | timeframe=1m
2026-01-20 17:50:01,311 | INFO | kraken_fetcher | Fetching LTC/USD | 2026-01-20 05:43:00.001000 | timeframe=1m
2026-01-20 17:50:02,559 | INFO | kraken_fetcher | Fetching LTC/USD | 2026-01-20 07:23:00.001000 | timeframe=1m
2026-01-20 18:00:51,501 | INFO | kraken_fetcher | KrakenFuturesFetcher initialized | symbol=BTC/USD | timeframe=1m | start=2026-01-20 09:01:00 | end=now
2026-01-20 18:00:51,501 | INFO | kraken_fetcher | Fetching BTC/USD | 2026-01-20 04:01:00 | timeframe=1m
2026-01-20 18:00:55,218 | INFO | kraken_fetcher | Fetching BTC/USD | 2026-01-20 05:40:00.001000 | timeframe=1m
2026-01-20 18:00:56,409 | INFO | kraken_fetcher | Fetching BTC/USD | 2026-01-20 07:20:00.001000 | timeframe=1m
2026-01-20 18:00:57,622 | INFO | kraken_fetcher | KrakenFuturesFetcher initialized | symbol=ETH/USD | timeframe=1m | start=2026-01-20 09:01:00 | end=now
2026-01-20 18:00:57,638 | INFO | kraken_fetcher | Fetching ETH/USD | 2026-01-20 04:01:00 | timeframe=1m
2026-01-20 18:01:01,091 | INFO | kraken_fetcher | Fetching ETH/USD | 2026-01-20 05:40:00.001000 | timeframe=1m
2026-01-20 18:01:01,912 | INFO | kraken_fetcher | Fetching ETH/USD | 2026-01-20 07:20:00.001000 | timeframe=1m
2026-01-20 18:01:03,246 | INFO | kraken_fetcher | KrakenFuturesFetcher initialized | symbol=BNB/USD | timeframe=1m | start=2026-01-20 09:01:00 | end=now
2026-01-20 18:01:03,262 | INFO | kraken_fetcher | Fetching BNB/USD | 2026-01-20 04:01:00 | timeframe=1m
2026-01-20 18:01:06,367 | INFO | kraken_fetcher | Fetching BNB/USD | 2026-01-20 05:40:00.001000 | timeframe=1m
2026-01-20 18:01:07,720 | INFO | kraken_fetcher | Fetching BNB/USD | 2026-01-20 07:20:00.001000 | timeframe=1m
2026-01-20 18:01:08,799 | INFO | kraken_fetcher | KrakenFuturesFetcher initialized | symbol=ADA/USD | timeframe=1m | start=2026-01-20 09:01:00 | end=now
2026-01-20 18:01:08,815 | INFO | kraken_fetcher | Fetching ADA/USD | 2026-01-20 04:01:00 | timeframe=1m
2026-01-20 18:01:11,893 | INFO | kraken_fetcher | Fetching ADA/USD | 2026-01-20 05:40:00.001000 | timeframe=1m
2026-01-20 18:01:13,096 | INFO | kraken_fetcher | Fetching ADA/USD | 2026-01-20 07:20:00.001000 | timeframe=1m
2026-01-20 18:01:14,334 | INFO | kraken_fetcher | KrakenFuturesFetcher initialized | symbol=XRP/USD | timeframe=1m | start=2026-01-20 09:01:00 | end=now
2026-01-20 18:01:14,350 | INFO | kraken_fetcher | Fetching XRP/USD | 2026-01-20 04:01:00 | timeframe=1m
2026-01-20 18:01:17,877 | INFO | kraken_fetcher | Fetching XRP/USD | 2026-01-20 05:40:00.001000 | timeframe=1m
2026-01-20 18:01:18,765 | INFO | kraken_fetcher | Fetching XRP/USD | 2026-01-20 07:20:00.001000 | timeframe=1m
2026-01-20 18:01:20,047 | INFO | kraken_fetcher | KrakenFuturesFetcher initialized | symbol=DOGE/USD | timeframe=1m | start=2026-01-20 09:01:00 | end=now
2026-01-20 18:01:20,071 | INFO | kraken_fetcher | Fetching DOGE/USD | 2026-01-20 04:01:00 | timeframe=1m
2026-01-20 18:01:23,182 | INFO | kraken_fetcher | Fetching DOGE/USD | 2026-01-20 05:40:00.001000 | timeframe=1m
2026-01-20 18:01:24,382 | INFO | kraken_fetcher | Fetching DOGE/USD | 2026-01-20 07:20:00.001000 | timeframe=1m
2026-01-20 18:01:25,632 | INFO | kraken_fetcher | KrakenFuturesFetcher initialized | symbol=SOL/USD | timeframe=1m | start=2026-01-20 09:01:00 | end=now
2026-01-20 18:01:25,648 | INFO | kraken_fetcher | Fetching SOL/USD | 2026-01-20 04:01:00 | timeframe=1m
2026-01-20 18:01:28,829 | INFO | kraken_fetcher | Fetching SOL/USD | 2026-01-20 05:40:00.001000 | timeframe=1m
2026-01-20 18:01:30,044 | INFO | kraken_fetcher | Fetching SOL/USD | 2026-01-20 07:20:00.001000 | timeframe=1m
2026-01-20 18:01:31,273 | INFO | kraken_fetcher | KrakenFuturesFetcher initialized | symbol=DOT/USD | timeframe=1m | start=2026-01-20 09:02:00 | end=now
2026-01-20 18:01:31,289 | INFO | kraken_fetcher | Fetching DOT/USD | 2026-01-20 04:02:00 | timeframe=1m
2026-01-20 18:01:34,332 | INFO | kraken_fetcher | Fetching DOT/USD | 2026-01-20 05:41:00.001000 | timeframe=1m
2026-01-20 18:01:35,604 | INFO | kraken_fetcher | Fetching DOT/USD | 2026-01-20 07:21:00.001000 | timeframe=1m
2026-01-20 18:01:37,220 | INFO | kraken_fetcher | KrakenFuturesFetcher initialized | symbol=MATIC/USD | timeframe=1m | start=2026-01-20 09:02:00 | end=now
2026-01-20 18:01:37,236 | INFO | kraken_fetcher | Fetching MATIC/USD | 2026-01-20 04:02:00 | timeframe=1m
2026-01-20 18:01:39,077 | ERROR | kraken_fetcher | Exchange error: kraken does not have market symbol MATIC/USD
2026-01-20 18:01:39,077 | WARNING | kraken_fetcher | No data fetched from Kraken.
2026-01-20 18:01:39,116 | INFO | kraken_fetcher | KrakenFuturesFetcher initialized | symbol=LINK/USD | timeframe=1m | start=2026-01-20 09:02:00 | end=now
2026-01-20 18:01:39,132 | INFO | kraken_fetcher | Fetching LINK/USD | 2026-01-20 04:02:00 | timeframe=1m
2026-01-20 18:01:42,215 | INFO | kraken_fetcher | Fetching LINK/USD | 2026-01-20 05:41:00.001000 | timeframe=1m
2026-01-20 18:01:43,400 | INFO | kraken_fetcher | Fetching LINK/USD | 2026-01-20 07:21:00.001000 | timeframe=1m
2026-01-20 18:01:44,649 | INFO | kraken_fetcher | KrakenFuturesFetcher initialized | symbol=LTC/USD | timeframe=1m | start=2026-01-20 09:02:00 | end=now
2026-01-20 18:01:44,665 | INFO | kraken_fetcher | Fetching LTC/USD | 2026-01-20 04:02:00 | timeframe=1m
2026-01-20 18:01:47,731 | INFO | kraken_fetcher | Fetching LTC/USD | 2026-01-20 05:41:00.001000 | timeframe=1m
2026-01-20 18:01:48,886 | INFO | kraken_fetcher | Fetching LTC/USD | 2026-01-20 07:21:00.001000 | timeframe=1m
2026-01-20 18:04:03,408 | INFO | kraken_fetcher | KrakenFuturesFetcher initialized | symbol=BTC/USD | timeframe=1m | start=2026-01-20 09:01:00 | end=now
2026-01-20 18:04:03,408 | INFO | kraken_fetcher | Fetching BTC/USD | 2026-01-20 04:01:00 | timeframe=1m
2026-01-20 18:04:07,166 | INFO | kraken_fetcher | KrakenFuturesFetcher initialized | symbol=ETH/USD | timeframe=1m | start=2026-01-20 09:01:00 | end=now
2026-01-20 18:04:07,182 | INFO | kraken_fetcher | Fetching ETH/USD | 2026-01-20 04:01:00 | timeframe=1m
2026-01-20 18:04:10,495 | INFO | kraken_fetcher | KrakenFuturesFetcher initialized | symbol=BNB/USD | timeframe=1m | start=2026-01-20 09:01:00 | end=now
2026-01-20 18:04:10,510 | INFO | kraken_fetcher | Fetching BNB/USD | 2026-01-20 04:01:00 | timeframe=1m
2026-01-20 18:04:13,857 | INFO | kraken_fetcher | KrakenFuturesFetcher initialized | symbol=ADA/USD | timeframe=1m | start=2026-01-20 09:01:00 | end=now
2026-01-20 18:04:13,872 | INFO | kraken_fetcher | Fetching ADA/USD | 2026-01-20 04:01:00 | timeframe=1m
2026-01-20 18:04:17,517 | INFO | kraken_fetcher | KrakenFuturesFetcher initialized | symbol=XRP/USD | timeframe=1m | start=2026-01-20 09:01:00 | end=now
2026-01-20 18:04:17,532 | INFO | kraken_fetcher | Fetching XRP/USD | 2026-01-20 04:01:00 | timeframe=1m
2026-01-20 18:04:21,365 | INFO | kraken_fetcher | KrakenFuturesFetcher initialized | symbol=DOGE/USD | timeframe=1m | start=2026-01-20 09:01:00 | end=now
2026-01-20 18:04:21,380 | INFO | kraken_fetcher | Fetching DOGE/USD | 2026-01-20 04:01:00 | timeframe=1m
2026-01-20 18:04:24,703 | INFO | kraken_fetcher | KrakenFuturesFetcher initialized | symbol=SOL/USD | timeframe=1m | start=2026-01-20 09:01:00 | end=now
2026-01-20 18:04:24,718 | INFO | kraken_fetcher | Fetching SOL/USD | 2026-01-20 04:01:00 | timeframe=1m
2026-01-20 18:04:28,015 | INFO | kraken_fetcher | KrakenFuturesFetcher initialized | symbol=DOT/USD | timeframe=1m | start=2026-01-20 09:02:00 | end=now
2026-01-20 18:04:28,030 | INFO | kraken_fetcher | Fetching DOT/USD | 2026-01-20 04:02:00 | timeframe=1m
2026-01-20 18:04:31,387 | INFO | kraken_fetcher | KrakenFuturesFetcher initialized | symbol=MATIC/USD | timeframe=1m | start=2026-01-20 09:02:00 | end=now
2026-01-20 18:04:31,401 | INFO | kraken_fetcher | Fetching MATIC/USD | 2026-01-20 04:02:00 | timeframe=1m
2026-01-20 18:04:33,113 | ERROR | kraken_fetcher | Exchange error: kraken does not have market symbol MATIC/USD
2026-01-20 18:04:33,114 | WARNING | kraken_fetcher | No data fetched from Kraken.
2026-01-20 18:04:33,129 | INFO | kraken_fetcher | KrakenFuturesFetcher initialized | symbol=LINK/USD | timeframe=1m | start=2026-01-20 09:02:00 | end=now
2026-01-20 18:04:33,146 | INFO | kraken_fetcher | Fetching LINK/USD | 2026-01-20 04:02:00 | timeframe=1m
2026-01-20 18:04:36,902 | INFO | kraken_fetcher | KrakenFuturesFetcher initialized | symbol=LTC/USD | timeframe=1m | start=2026-01-20 09:02:00 | end=now
2026-01-20 18:04:36,918 | INFO | kraken_fetcher | Fetching LTC/USD | 2026-01-20 04:02:00 | timeframe=1m
2026-01-20 18:10:04,438 | INFO | kraken_fetcher | KrakenFuturesFetcher initialized | symbol=BTC/USD | timeframe=1m | start=2026-01-06 | end=now
2026-01-20 18:10:04,439 | INFO | kraken_fetcher | Fetching BTC/USD | 2026-01-05 19:00:00 | timeframe=1m
2026-01-20 18:10:09,016 | INFO | kraken_fetcher | KrakenFuturesFetcher initialized | symbol=ETH/USD | timeframe=1m | start=2026-01-06 | end=now
2026-01-20 18:10:09,036 | INFO | kraken_fetcher | Fetching ETH/USD | 2026-01-05 19:00:00 | timeframe=1m
2026-01-20 18:10:14,201 | INFO | kraken_fetcher | KrakenFuturesFetcher initialized | symbol=BNB/USD | timeframe=1m | start=2026-01-06 | end=now
2026-01-20 18:10:14,217 | INFO | kraken_fetcher | Fetching BNB/USD | 2026-01-05 19:00:00 | timeframe=1m
2026-01-20 18:10:17,832 | INFO | kraken_fetcher | KrakenFuturesFetcher initialized | symbol=ADA/USD | timeframe=1m | start=2026-01-06 | end=now
2026-01-20 18:10:17,847 | INFO | kraken_fetcher | Fetching ADA/USD | 2026-01-05 19:00:00 | timeframe=1m
2026-01-20 18:10:21,449 | INFO | kraken_fetcher | KrakenFuturesFetcher initialized | symbol=XRP/USD | timeframe=1m | start=2026-01-06 | end=now
2026-01-20 18:10:21,465 | INFO | kraken_fetcher | Fetching XRP/USD | 2026-01-05 19:00:00 | timeframe=1m
2026-01-20 18:10:25,273 | INFO | kraken_fetcher | KrakenFuturesFetcher initialized | symbol=DOGE/USD | timeframe=1m | start=2026-01-06 | end=now
2026-01-20 18:10:25,289 | INFO | kraken_fetcher | Fetching DOGE/USD | 2026-01-05 19:00:00 | timeframe=1m
2026-01-20 18:10:29,547 | INFO | kraken_fetcher | KrakenFuturesFetcher initialized | symbol=SOL/USD | timeframe=1m | start=2026-01-06 | end=now
2026-01-20 18:10:29,563 | INFO | kraken_fetcher | Fetching SOL/USD | 2026-01-05 19:00:00 | timeframe=1m
2026-01-20 18:10:33,176 | INFO | kraken_fetcher | KrakenFuturesFetcher initialized | symbol=DOT/USD | timeframe=1m | start=2026-01-06 | end=now
2026-01-20 18:10:33,192 | INFO | kraken_fetcher | Fetching DOT/USD | 2026-01-05 19:00:00 | timeframe=1m
2026-01-20 18:10:36,780 | INFO | kraken_fetcher | KrakenFuturesFetcher initialized | symbol=MATIC/USD | timeframe=1m | start=2026-01-06 | end=now
2026-01-20 18:10:36,797 | INFO | kraken_fetcher | Fetching MATIC/USD | 2026-01-05 19:00:00 | timeframe=1m
2026-01-20 18:10:38,567 | ERROR | kraken_fetcher | Exchange error: kraken does not have market symbol MATIC/USD
2026-01-20 18:10:38,567 | WARNING | kraken_fetcher | No data fetched from Kraken.
2026-01-20 18:10:38,581 | INFO | kraken_fetcher | KrakenFuturesFetcher initialized | symbol=LINK/USD | timeframe=1m | start=2026-01-06 | end=now
2026-01-20 18:10:38,609 | INFO | kraken_fetcher | Fetching LINK/USD | 2026-01-05 19:00:00 | timeframe=1m
2026-01-20 18:10:43,123 | INFO | kraken_fetcher | KrakenFuturesFetcher initialized | symbol=LTC/USD | timeframe=1m | start=2026-01-06 | end=now
2026-01-20 18:10:43,142 | INFO | kraken_fetcher | Fetching LTC/USD | 2026-01-05 19:00:00 | timeframe=1m
2026-01-20 18:44:18,168 | INFO | kraken_fetcher | KrakenFuturesFetcher initialized | symbol=BTC/USD | timeframe=1m | start=2026-01-20 13:03:00 | end=now
2026-01-20 18:44:18,168 | INFO | kraken_fetcher | Fetching BTC/USD | from 2026-01-20 08:03:00
2026-01-20 18:44:21,789 | INFO | kraken_fetcher | KrakenFuturesFetcher initialized | symbol=ETH/USD | timeframe=1m | start=2026-01-20 13:03:00 | end=now
2026-01-20 18:44:21,806 | INFO | kraken_fetcher | Fetching ETH/USD | from 2026-01-20 08:03:00
2026-01-20 18:44:25,786 | INFO | kraken_fetcher | KrakenFuturesFetcher initialized | symbol=BNB/USD | timeframe=1m | start=2026-01-20 13:03:00 | end=now
2026-01-20 18:44:25,804 | INFO | kraken_fetcher | Fetching BNB/USD | from 2026-01-20 08:03:00
2026-01-20 18:44:29,120 | INFO | kraken_fetcher | KrakenFuturesFetcher initialized | symbol=ADA/USD | timeframe=1m | start=2026-01-20 13:03:00 | end=now
2026-01-20 18:44:29,136 | INFO | kraken_fetcher | Fetching ADA/USD | from 2026-01-20 08:03:00
2026-01-20 18:44:32,257 | INFO | kraken_fetcher | KrakenFuturesFetcher initialized | symbol=XRP/USD | timeframe=1m | start=2026-01-20 13:03:00 | end=now
2026-01-20 18:44:32,272 | INFO | kraken_fetcher | Fetching XRP/USD | from 2026-01-20 08:03:00
2026-01-20 18:44:35,627 | INFO | kraken_fetcher | KrakenFuturesFetcher initialized | symbol=DOGE/USD | timeframe=1m | start=2026-01-20 13:03:00 | end=now
2026-01-20 18:44:35,648 | INFO | kraken_fetcher | Fetching DOGE/USD | from 2026-01-20 08:03:00
2026-01-20 18:44:38,884 | INFO | kraken_fetcher | KrakenFuturesFetcher initialized | symbol=SOL/USD | timeframe=1m | start=2026-01-20 13:03:00 | end=now
2026-01-20 18:44:38,901 | INFO | kraken_fetcher | Fetching SOL/USD | from 2026-01-20 08:03:00
2026-01-20 18:44:42,118 | INFO | kraken_fetcher | KrakenFuturesFetcher initialized | symbol=DOT/USD | timeframe=1m | start=2026-01-20 13:03:00 | end=now
2026-01-20 18:44:42,135 | INFO | kraken_fetcher | Fetching DOT/USD | from 2026-01-20 08:03:00
2026-01-20 18:46:13,230 | INFO | kraken_fetcher | KrakenFuturesFetcher initialized | symbol=BTC/USD | timeframe=1m | start=2026-01-06 | end=now
2026-01-20 18:46:13,230 | INFO | kraken_fetcher | Fetching BTC/USD | from 2026-01-05 19:00:00
2026-01-20 18:46:17,033 | INFO | kraken_fetcher | KrakenFuturesFetcher initialized | symbol=ETH/USD | timeframe=1m | start=2026-01-06 | end=now
2026-01-20 18:46:17,050 | INFO | kraken_fetcher | Fetching ETH/USD | from 2026-01-05 19:00:00
2026-01-20 18:46:20,656 | INFO | kraken_fetcher | KrakenFuturesFetcher initialized | symbol=BNB/USD | timeframe=1m | start=2026-01-06 | end=now
2026-01-20 18:46:20,672 | INFO | kraken_fetcher | Fetching BNB/USD | from 2026-01-05 19:00:00
2026-01-20 18:46:24,278 | INFO | kraken_fetcher | KrakenFuturesFetcher initialized | symbol=ADA/USD | timeframe=1m | start=2026-01-06 | end=now
2026-01-20 18:46:24,293 | INFO | kraken_fetcher | Fetching ADA/USD | from 2026-01-05 19:00:00
2026-01-20 18:46:27,897 | INFO | kraken_fetcher | KrakenFuturesFetcher initialized | symbol=XRP/USD | timeframe=1m | start=2026-01-06 | end=now
2026-01-20 18:46:27,912 | INFO | kraken_fetcher | Fetching XRP/USD | from 2026-01-05 19:00:00
2026-01-20 18:46:31,863 | INFO | kraken_fetcher | KrakenFuturesFetcher initialized | symbol=DOGE/USD | timeframe=1m | start=2026-01-06 | end=now
2026-01-20 18:46:31,879 | INFO | kraken_fetcher | Fetching DOGE/USD | from 2026-01-05 19:00:00
2026-01-20 18:46:35,544 | INFO | kraken_fetcher | KrakenFuturesFetcher initialized | symbol=SOL/USD | timeframe=1m | start=2026-01-06 | end=now
2026-01-20 18:46:35,559 | INFO | kraken_fetcher | Fetching SOL/USD | from 2026-01-05 19:00:00
2026-01-20 18:46:39,267 | INFO | kraken_fetcher | KrakenFuturesFetcher initialized | symbol=DOT/USD | timeframe=1m | start=2026-01-06 | end=now
2026-01-20 18:46:39,282 | INFO | kraken_fetcher | Fetching DOT/USD | from 2026-01-05 19:00:00
2026-01-20 18:46:42,970 | INFO | kraken_fetcher | KrakenFuturesFetcher initialized | symbol=MATIC/USD | timeframe=1m | start=2026-01-06 | end=now
2026-01-20 18:46:42,987 | INFO | kraken_fetcher | Fetching MATIC/USD | from 2026-01-05 19:00:00
2026-01-20 18:46:44,667 | ERROR | kraken_fetcher | Exchange error: kraken does not have market symbol MATIC/USD
2026-01-20 18:46:44,667 | WARNING | kraken_fetcher | No data fetched from Kraken.
2026-01-20 18:46:44,689 | INFO | kraken_fetcher | KrakenFuturesFetcher initialized | symbol=LINK/USD | timeframe=1m | start=2026-01-06 | end=now
2026-01-20 18:46:44,705 | INFO | kraken_fetcher | Fetching LINK/USD | from 2026-01-05 19:00:00
2026-01-20 18:46:48,608 | INFO | kraken_fetcher | KrakenFuturesFetcher initialized | symbol=LTC/USD | timeframe=1m | start=2026-01-06 | end=now
2026-01-20 18:46:48,624 | INFO | kraken_fetcher | Fetching LTC/USD | from 2026-01-05 19:00:00
2026-01-20 18:47:42,860 | INFO | kraken_fetcher | KrakenFuturesFetcher initialized | symbol=BTC/USD | timeframe=1m | start=2026-01-20 13:39:00 | end=now
2026-01-20 18:47:42,861 | INFO | kraken_fetcher | Fetching BTC/USD | from 2026-01-20 08:39:00
2026-01-20 18:47:46,703 | INFO | kraken_fetcher | KrakenFuturesFetcher initialized | symbol=ETH/USD | timeframe=1m | start=2026-01-20 13:39:00 | end=now
2026-01-20 18:47:46,720 | INFO | kraken_fetcher | Fetching ETH/USD | from 2026-01-20 08:39:00
2026-01-20 18:47:49,847 | INFO | kraken_fetcher | KrakenFuturesFetcher initialized | symbol=BNB/USD | timeframe=1m | start=2026-01-20 13:39:00 | end=now
2026-01-20 18:47:49,863 | INFO | kraken_fetcher | Fetching BNB/USD | from 2026-01-20 08:39:00
2026-01-20 18:47:52,971 | INFO | kraken_fetcher | KrakenFuturesFetcher initialized | symbol=ADA/USD | timeframe=1m | start=2026-01-20 13:39:00 | end=now
2026-01-20 18:47:52,988 | INFO | kraken_fetcher | Fetching ADA/USD | from 2026-01-20 08:39:00
2026-01-20 18:47:56,502 | INFO | kraken_fetcher | KrakenFuturesFetcher initialized | symbol=XRP/USD | timeframe=1m | start=2026-01-20 13:39:00 | end=now
2026-01-20 18:47:56,517 | INFO | kraken_fetcher | Fetching XRP/USD | from 2026-01-20 08:39:00
2026-01-20 18:47:59,694 | INFO | kraken_fetcher | KrakenFuturesFetcher initialized | symbol=DOGE/USD | timeframe=1m | start=2026-01-20 13:39:00 | end=now
2026-01-20 18:47:59,709 | INFO | kraken_fetcher | Fetching DOGE/USD | from 2026-01-20 08:39:00
2026-01-20 18:48:03,284 | INFO | kraken_fetcher | KrakenFuturesFetcher initialized | symbol=SOL/USD | timeframe=1m | start=2026-01-20 13:40:00 | end=now
2026-01-20 18:48:03,299 | INFO | kraken_fetcher | Fetching SOL/USD | from 2026-01-20 08:40:00
2026-01-20 18:48:06,549 | INFO | kraken_fetcher | KrakenFuturesFetcher initialized | symbol=DOT/USD | timeframe=1m | start=2026-01-20 13:40:00 | end=now
2026-01-20 18:48:06,564 | INFO | kraken_fetcher | Fetching DOT/USD | from 2026-01-20 08:40:00
2026-01-20 18:49:43,569 | INFO | kraken_fetcher | KrakenFuturesFetcher initialized | symbol=BTC/USD | timeframe=1m | start=2026-01-20 13:41:00 | end=now
2026-01-20 18:49:43,570 | INFO | kraken_fetcher | Fetching BTC/USD | from 2026-01-20 08:41:00
2026-01-20 18:49:46,649 | INFO | kraken_fetcher | KrakenFuturesFetcher initialized | symbol=ETH/USD | timeframe=1m | start=2026-01-20 13:41:00 | end=now
2026-01-20 18:49:46,664 | INFO | kraken_fetcher | Fetching ETH/USD | from 2026-01-20 08:41:00
2026-01-20 18:49:49,791 | INFO | kraken_fetcher | KrakenFuturesFetcher initialized | symbol=BNB/USD | timeframe=1m | start=2026-01-20 13:41:00 | end=now
2026-01-20 18:49:49,809 | INFO | kraken_fetcher | Fetching BNB/USD | from 2026-01-20 08:41:00
2026-01-20 18:49:53,019 | INFO | kraken_fetcher | KrakenFuturesFetcher initialized | symbol=ADA/USD | timeframe=1m | start=2026-01-20 13:41:00 | end=now
2026-01-20 18:49:53,036 | INFO | kraken_fetcher | Fetching ADA/USD | from 2026-01-20 08:41:00
2026-01-20 18:49:56,117 | INFO | kraken_fetcher | KrakenFuturesFetcher initialized | symbol=XRP/USD | timeframe=1m | start=2026-01-20 13:41:00 | end=now
2026-01-20 18:49:56,132 | INFO | kraken_fetcher | Fetching XRP/USD | from 2026-01-20 08:41:00
2026-01-20 18:49:59,218 | INFO | kraken_fetcher | KrakenFuturesFetcher initialized | symbol=DOGE/USD | timeframe=1m | start=2026-01-20 13:41:00 | end=now
2026-01-20 18:49:59,233 | INFO | kraken_fetcher | Fetching DOGE/USD | from 2026-01-20 08:41:00
2026-01-20 18:50:02,403 | INFO | kraken_fetcher | KrakenFuturesFetcher initialized | symbol=SOL/USD | timeframe=1m | start=2026-01-20 13:41:00 | end=now
2026-01-20 18:50:02,418 | INFO | kraken_fetcher | Fetching SOL/USD | from 2026-01-20 08:41:00
2026-01-20 18:50:05,547 | INFO | kraken_fetcher | KrakenFuturesFetcher initialized | symbol=DOT/USD | timeframe=1m | start=2026-01-20 13:41:00 | end=now
2026-01-20 18:50:05,562 | INFO | kraken_fetcher | Fetching DOT/USD | from 2026-01-20 08:41:00
2026-01-20 18:50:08,718 | INFO | kraken_fetcher | KrakenFuturesFetcher initialized | symbol=LINK/USD | timeframe=1m | start=2026-01-20 13:40:00 | end=now
2026-01-20 18:50:08,733 | INFO | kraken_fetcher | Fetching LINK/USD | from 2026-01-20 08:40:00
2026-01-20 18:50:12,358 | INFO | kraken_fetcher | KrakenFuturesFetcher initialized | symbol=LTC/USD | timeframe=1m | start=2026-01-20 13:40:00 | end=now
2026-01-20 18:50:12,374 | INFO | kraken_fetcher | Fetching LTC/USD | from 2026-01-20 08:40:00
2026-01-20 19:01:32,125 | INFO | kraken_fetcher | KrakenFuturesFetcher initialized | symbol=BTC/USD | timeframe=1m | start=2026-01-20 13:43:00 | end=now
2026-01-20 19:01:32,126 | INFO | kraken_fetcher | Fetching BTC/USD | from 2026-01-20 08:43:00
2026-01-20 19:01:35,470 | INFO | kraken_fetcher | KrakenFuturesFetcher initialized | symbol=ETH/USD | timeframe=1m | start=2026-01-20 13:43:00 | end=now
2026-01-20 19:01:35,486 | INFO | kraken_fetcher | Fetching ETH/USD | from 2026-01-20 08:43:00
2026-01-20 19:01:39,709 | INFO | kraken_fetcher | KrakenFuturesFetcher initialized | symbol=BNB/USD | timeframe=1m | start=2026-01-20 13:43:00 | end=now
2026-01-20 19:01:39,727 | INFO | kraken_fetcher | Fetching BNB/USD | from 2026-01-20 08:43:00
2026-01-20 19:01:43,075 | INFO | kraken_fetcher | KrakenFuturesFetcher initialized | symbol=ADA/USD | timeframe=1m | start=2026-01-20 13:43:00 | end=now
2026-01-20 19:01:43,090 | INFO | kraken_fetcher | Fetching ADA/USD | from 2026-01-20 08:43:00
2026-01-20 19:01:46,221 | INFO | kraken_fetcher | KrakenFuturesFetcher initialized | symbol=XRP/USD | timeframe=1m | start=2026-01-20 13:43:00 | end=now
2026-01-20 19:01:46,242 | INFO | kraken_fetcher | Fetching XRP/USD | from 2026-01-20 08:43:00
2026-01-20 19:01:49,476 | INFO | kraken_fetcher | KrakenFuturesFetcher initialized | symbol=DOGE/USD | timeframe=1m | start=2026-01-20 13:43:00 | end=now
2026-01-20 19:01:49,491 | INFO | kraken_fetcher | Fetching DOGE/USD | from 2026-01-20 08:43:00
2026-01-20 19:01:52,645 | INFO | kraken_fetcher | KrakenFuturesFetcher initialized | symbol=SOL/USD | timeframe=1m | start=2026-01-20 13:43:00 | end=now
2026-01-20 19:01:52,664 | INFO | kraken_fetcher | Fetching SOL/USD | from 2026-01-20 08:43:00
2026-01-20 19:01:55,827 | INFO | kraken_fetcher | KrakenFuturesFetcher initialized | symbol=DOT/USD | timeframe=1m | start=2026-01-20 13:43:00 | end=now
2026-01-20 19:01:55,852 | INFO | kraken_fetcher | Fetching DOT/USD | from 2026-01-20 08:43:00
2026-01-20 19:01:59,065 | INFO | kraken_fetcher | KrakenFuturesFetcher initialized | symbol=LINK/USD | timeframe=1m | start=2026-01-20 13:43:00 | end=now
2026-01-20 19:01:59,087 | INFO | kraken_fetcher | Fetching LINK/USD | from 2026-01-20 08:43:00
2026-01-20 19:02:02,335 | INFO | kraken_fetcher | KrakenFuturesFetcher initialized | symbol=LTC/USD | timeframe=1m | start=2026-01-20 13:43:00 | end=now
2026-01-20 19:02:02,352 | INFO | kraken_fetcher | Fetching LTC/USD | from 2026-01-20 08:43:00
2026-01-20 19:05:10,096 | INFO | kraken_fetcher | KrakenFuturesFetcher initialized | symbol=BTC/USD | timeframe=1m | start=2026-01-06 | end=now
2026-01-20 19:05:10,096 | INFO | kraken_fetcher | Fetching BTC/USD | from 2026-01-05 19:00:00
2026-01-20 19:05:14,588 | INFO | kraken_fetcher | KrakenFuturesFetcher initialized | symbol=ETH/USD | timeframe=1m | start=2026-01-06 | end=now
2026-01-20 19:05:14,603 | INFO | kraken_fetcher | Fetching ETH/USD | from 2026-01-05 19:00:00
2026-01-20 19:05:18,884 | INFO | kraken_fetcher | KrakenFuturesFetcher initialized | symbol=BNB/USD | timeframe=1m | start=2026-01-06 | end=now
2026-01-20 19:05:18,898 | INFO | kraken_fetcher | Fetching BNB/USD | from 2026-01-05 19:00:00
2026-01-20 19:05:22,475 | INFO | kraken_fetcher | KrakenFuturesFetcher initialized | symbol=ADA/USD | timeframe=1m | start=2026-01-06 | end=now
2026-01-20 19:05:22,489 | INFO | kraken_fetcher | Fetching ADA/USD | from 2026-01-05 19:00:00
2026-01-20 19:05:26,175 | INFO | kraken_fetcher | KrakenFuturesFetcher initialized | symbol=XRP/USD | timeframe=1m | start=2026-01-06 | end=now
2026-01-20 19:05:26,190 | INFO | kraken_fetcher | Fetching XRP/USD | from 2026-01-05 19:00:00
2026-01-20 19:05:29,889 | INFO | kraken_fetcher | KrakenFuturesFetcher initialized | symbol=DOGE/USD | timeframe=1m | start=2026-01-06 | end=now
2026-01-20 19:05:29,906 | INFO | kraken_fetcher | Fetching DOGE/USD | from 2026-01-05 19:00:00
2026-01-20 19:05:34,267 | INFO | kraken_fetcher | KrakenFuturesFetcher initialized | symbol=SOL/USD | timeframe=1m | start=2026-01-06 | end=now
2026-01-20 19:05:34,282 | INFO | kraken_fetcher | Fetching SOL/USD | from 2026-01-05 19:00:00
2026-01-20 19:05:38,000 | INFO | kraken_fetcher | KrakenFuturesFetcher initialized | symbol=DOT/USD | timeframe=1m | start=2026-01-06 | end=now
2026-01-20 19:05:38,014 | INFO | kraken_fetcher | Fetching DOT/USD | from 2026-01-05 19:00:00
2026-01-20 19:05:41,694 | INFO | kraken_fetcher | KrakenFuturesFetcher initialized | symbol=LINK/USD | timeframe=1m | start=2026-01-06 | end=now
2026-01-20 19:05:41,708 | INFO | kraken_fetcher | Fetching LINK/USD | from 2026-01-05 19:00:00
2026-01-20 19:05:46,008 | INFO | kraken_fetcher | KrakenFuturesFetcher initialized | symbol=LTC/USD | timeframe=1m | start=2026-01-06 | end=now
2026-01-20 19:05:46,022 | INFO | kraken_fetcher | Fetching LTC/USD | from 2026-01-05 19:00:00
2026-01-20 19:08:44,477 | INFO | kraken_fetcher | KrakenFuturesFetcher initialized | symbol=BTC/USD | timeframe=1m | start=2026-01-06 | end=now
2026-01-20 19:08:44,478 | INFO | kraken_fetcher | Fetching BTC/USD | from 2026-01-05 19:00:00
2026-01-20 19:08:48,228 | INFO | kraken_fetcher | KrakenFuturesFetcher initialized | symbol=ETH/USD | timeframe=1m | start=2026-01-06 | end=now
2026-01-20 19:08:48,243 | INFO | kraken_fetcher | Fetching ETH/USD | from 2026-01-05 19:00:00
2026-01-20 19:08:52,123 | INFO | kraken_fetcher | KrakenFuturesFetcher initialized | symbol=BNB/USD | timeframe=1m | start=2026-01-06 | end=now
2026-01-20 19:08:52,137 | INFO | kraken_fetcher | Fetching BNB/USD | from 2026-01-05 19:00:00
2026-01-20 19:08:55,834 | INFO | kraken_fetcher | KrakenFuturesFetcher initialized | symbol=ADA/USD | timeframe=1m | start=2026-01-06 | end=now
2026-01-20 19:08:55,849 | INFO | kraken_fetcher | Fetching ADA/USD | from 2026-01-05 19:00:00
2026-01-20 19:08:59,869 | INFO | kraken_fetcher | KrakenFuturesFetcher initialized | symbol=XRP/USD | timeframe=1m | start=2026-01-06 | end=now
2026-01-20 19:08:59,883 | INFO | kraken_fetcher | Fetching XRP/USD | from 2026-01-05 19:00:00
2026-01-20 19:09:04,101 | INFO | kraken_fetcher | KrakenFuturesFetcher initialized | symbol=DOGE/USD | timeframe=1m | start=2026-01-06 | end=now
2026-01-20 19:09:04,115 | INFO | kraken_fetcher | Fetching DOGE/USD | from 2026-01-05 19:00:00
2026-01-20 19:09:08,583 | INFO | kraken_fetcher | KrakenFuturesFetcher initialized | symbol=SOL/USD | timeframe=1m | start=2026-01-06 | end=now
2026-01-20 19:09:08,598 | INFO | kraken_fetcher | Fetching SOL/USD | from 2026-01-05 19:00:00
2026-01-20 19:09:12,245 | INFO | kraken_fetcher | KrakenFuturesFetcher initialized | symbol=DOT/USD | timeframe=1m | start=2026-01-06 | end=now
2026-01-20 19:09:12,260 | INFO | kraken_fetcher | Fetching DOT/USD | from 2026-01-05 19:00:00
2026-01-20 19:09:16,039 | INFO | kraken_fetcher | KrakenFuturesFetcher initialized | symbol=LINK/USD | timeframe=1m | start=2026-01-06 | end=now
2026-01-20 19:09:16,054 | INFO | kraken_fetcher | Fetching LINK/USD | from 2026-01-05 19:00:00
2026-01-20 19:09:19,861 | INFO | kraken_fetcher | KrakenFuturesFetcher initialized | symbol=LTC/USD | timeframe=1m | start=2026-01-06 | end=now
2026-01-20 19:09:19,876 | INFO | kraken_fetcher | Fetching LTC/USD | from 2026-01-05 19:00:00
2026-01-22 09:24:03,306 | INFO | kraken_fetcher | KrakenFuturesFetcher initialized | symbol=BTC/USD | timeframe=1m | start=2026-01-20 14:02:00 | end=now
2026-01-22 09:24:03,309 | INFO | kraken_fetcher | Fetching BTC/USD | from 2026-01-20 09:02:00
2026-01-22 09:24:05,928 | INFO | kraken_fetcher | DEBUG START CHECK | requested_since=1768899720000 (2026-01-20 09:02:00) | first_returned=1769012280000 (2026-01-21 16:18:00) | diff=112560000 ms (1876.00 min)
2026-01-22 09:24:06,459 | INFO | kraken_fetcher | FINAL DATA RANGE | start_ts=1769012280000 (2026-01-21 16:18:00) | end_ts=1769055480000 (2026-01-22 04:18:00) | expected_start>=2026-01-20 09:02:00
2026-01-22 09:24:07,336 | INFO | kraken_fetcher | KrakenFuturesFetcher initialized | symbol=ETH/USD | timeframe=1m | start=2026-01-20 14:02:00 | end=now
2026-01-22 09:24:07,352 | INFO | kraken_fetcher | Fetching ETH/USD | from 2026-01-20 09:02:00
2026-01-22 09:24:10,380 | INFO | kraken_fetcher | DEBUG START CHECK | requested_since=1768899720000 (2026-01-20 09:02:00) | first_returned=1769012280000 (2026-01-21 16:18:00) | diff=112560000 ms (1876.00 min)
2026-01-22 09:24:10,886 | INFO | kraken_fetcher | FINAL DATA RANGE | start_ts=1769012280000 (2026-01-21 16:18:00) | end_ts=1769055480000 (2026-01-22 04:18:00) | expected_start>=2026-01-20 09:02:00
2026-01-22 09:24:11,436 | INFO | kraken_fetcher | KrakenFuturesFetcher initialized | symbol=BNB/USD | timeframe=1m | start=2026-01-20 14:02:00 | end=now
2026-01-22 09:24:11,451 | INFO | kraken_fetcher | Fetching BNB/USD | from 2026-01-20 09:02:00
2026-01-22 09:24:13,983 | INFO | kraken_fetcher | DEBUG START CHECK | requested_since=1768899720000 (2026-01-20 09:02:00) | first_returned=1769012280000 (2026-01-21 16:18:00) | diff=112560000 ms (1876.00 min)
2026-01-22 09:24:14,487 | INFO | kraken_fetcher | FINAL DATA RANGE | start_ts=1769012280000 (2026-01-21 16:18:00) | end_ts=1769055480000 (2026-01-22 04:18:00) | expected_start>=2026-01-20 09:02:00
2026-01-22 09:24:15,119 | INFO | kraken_fetcher | KrakenFuturesFetcher initialized | symbol=ADA/USD | timeframe=1m | start=2026-01-20 14:02:00 | end=now
2026-01-22 09:24:15,134 | INFO | kraken_fetcher | Fetching ADA/USD | from 2026-01-20 09:02:00
2026-01-22 09:24:17,795 | INFO | kraken_fetcher | DEBUG START CHECK | requested_since=1768899720000 (2026-01-20 09:02:00) | first_returned=1769012280000 (2026-01-21 16:18:00) | diff=112560000 ms (1876.00 min)
2026-01-22 09:24:18,311 | INFO | kraken_fetcher | FINAL DATA RANGE | start_ts=1769012280000 (2026-01-21 16:18:00) | end_ts=1769055480000 (2026-01-22 04:18:00) | expected_start>=2026-01-20 09:02:00
2026-01-22 09:24:18,878 | INFO | kraken_fetcher | KrakenFuturesFetcher initialized | symbol=XRP/USD | timeframe=1m | start=2026-01-20 14:02:00 | end=now
2026-01-22 09:24:18,893 | INFO | kraken_fetcher | Fetching XRP/USD | from 2026-01-20 09:02:00
2026-01-22 09:24:21,558 | INFO | kraken_fetcher | DEBUG START CHECK | requested_since=1768899720000 (2026-01-20 09:02:00) | first_returned=1769012280000 (2026-01-21 16:18:00) | diff=112560000 ms (1876.00 min)
2026-01-22 09:24:22,067 | INFO | kraken_fetcher | FINAL DATA RANGE | start_ts=1769012280000 (2026-01-21 16:18:00) | end_ts=1769055480000 (2026-01-22 04:18:00) | expected_start>=2026-01-20 09:02:00
2026-01-22 09:24:22,651 | INFO | kraken_fetcher | KrakenFuturesFetcher initialized | symbol=DOGE/USD | timeframe=1m | start=2026-01-20 14:02:00 | end=now
2026-01-22 09:24:22,667 | INFO | kraken_fetcher | Fetching DOGE/USD | from 2026-01-20 09:02:00
2026-01-22 09:24:25,213 | INFO | kraken_fetcher | DEBUG START CHECK | requested_since=1768899720000 (2026-01-20 09:02:00) | first_returned=1769012280000 (2026-01-21 16:18:00) | diff=112560000 ms (1876.00 min)
2026-01-22 09:24:25,715 | INFO | kraken_fetcher | FINAL DATA RANGE | start_ts=1769012280000 (2026-01-21 16:18:00) | end_ts=1769055480000 (2026-01-22 04:18:00) | expected_start>=2026-01-20 09:02:00
2026-01-22 09:24:26,483 | INFO | kraken_fetcher | KrakenFuturesFetcher initialized | symbol=SOL/USD | timeframe=1m | start=2026-01-20 14:02:00 | end=now
2026-01-22 09:24:26,498 | INFO | kraken_fetcher | Fetching SOL/USD | from 2026-01-20 09:02:00
2026-01-22 09:24:29,467 | INFO | kraken_fetcher | DEBUG START CHECK | requested_since=1768899720000 (2026-01-20 09:02:00) | first_returned=1769012280000 (2026-01-21 16:18:00) | diff=112560000 ms (1876.00 min)
2026-01-22 09:24:29,972 | INFO | kraken_fetcher | FINAL DATA RANGE | start_ts=1769012280000 (2026-01-21 16:18:00) | end_ts=1769055480000 (2026-01-22 04:18:00) | expected_start>=2026-01-20 09:02:00
2026-01-22 09:24:30,551 | INFO | kraken_fetcher | KrakenFuturesFetcher initialized | symbol=DOT/USD | timeframe=1m | start=2026-01-20 14:02:00 | end=now
2026-01-22 09:24:30,572 | INFO | kraken_fetcher | Fetching DOT/USD | from 2026-01-20 09:02:00
2026-01-22 09:24:33,169 | INFO | kraken_fetcher | DEBUG START CHECK | requested_since=1768899720000 (2026-01-20 09:02:00) | first_returned=1769012280000 (2026-01-21 16:18:00) | diff=112560000 ms (1876.00 min)
2026-01-22 09:24:33,677 | INFO | kraken_fetcher | FINAL DATA RANGE | start_ts=1769012280000 (2026-01-21 16:18:00) | end_ts=1769055480000 (2026-01-22 04:18:00) | expected_start>=2026-01-20 09:02:00
2026-01-22 09:24:34,230 | INFO | kraken_fetcher | KrakenFuturesFetcher initialized | symbol=LINK/USD | timeframe=1m | start=2026-01-20 14:02:00 | end=now
2026-01-22 09:24:34,245 | INFO | kraken_fetcher | Fetching LINK/USD | from 2026-01-20 09:02:00
2026-01-22 09:24:36,836 | INFO | kraken_fetcher | DEBUG START CHECK | requested_since=1768899720000 (2026-01-20 09:02:00) | first_returned=1769012280000 (2026-01-21 16:18:00) | diff=112560000 ms (1876.00 min)
2026-01-22 09:24:37,343 | INFO | kraken_fetcher | FINAL DATA RANGE | start_ts=1769012280000 (2026-01-21 16:18:00) | end_ts=1769055480000 (2026-01-22 04:18:00) | expected_start>=2026-01-20 09:02:00
2026-01-22 09:24:37,889 | INFO | kraken_fetcher | KrakenFuturesFetcher initialized | symbol=LTC/USD | timeframe=1m | start=2026-01-20 14:02:00 | end=now
2026-01-22 09:24:37,904 | INFO | kraken_fetcher | Fetching LTC/USD | from 2026-01-20 09:02:00
2026-01-22 09:24:40,490 | INFO | kraken_fetcher | DEBUG START CHECK | requested_since=1768899720000 (2026-01-20 09:02:00) | first_returned=1769012280000 (2026-01-21 16:18:00) | diff=112560000 ms (1876.00 min)
2026-01-22 09:24:40,998 | INFO | kraken_fetcher | FINAL DATA RANGE | start_ts=1769012280000 (2026-01-21 16:18:00) | end_ts=1769055480000 (2026-01-22 04:18:00) | expected_start>=2026-01-20 09:02:00
2026-01-22 09:27:17,787 | INFO | kraken_fetcher | KrakenFuturesFetcher initialized | symbol=BTC/USD | timeframe=1m | start=2026-01-06 | end=now
2026-01-22 09:27:17,787 | INFO | kraken_fetcher | Fetching BTC/USD | from 2026-01-05 19:00:00
2026-01-22 09:27:20,382 | INFO | kraken_fetcher | DEBUG START CHECK | requested_since=1767639600000 (2026-01-05 19:00:00) | first_returned=1769012460000 (2026-01-21 16:21:00) | diff=1372860000 ms (22881.00 min)
2026-01-22 09:27:20,891 | INFO | kraken_fetcher | FINAL DATA RANGE | start_ts=1769012460000 (2026-01-21 16:21:00) | end_ts=1769055660000 (2026-01-22 04:21:00) | expected_start>=2026-01-05 19:00:00
2026-01-22 09:27:21,515 | INFO | kraken_fetcher | KrakenFuturesFetcher initialized | symbol=ETH/USD | timeframe=1m | start=2026-01-06 | end=now
2026-01-22 09:27:21,530 | INFO | kraken_fetcher | Fetching ETH/USD | from 2026-01-05 19:00:00
2026-01-22 09:27:24,575 | INFO | kraken_fetcher | DEBUG START CHECK | requested_since=1767639600000 (2026-01-05 19:00:00) | first_returned=1769012460000 (2026-01-21 16:21:00) | diff=1372860000 ms (22881.00 min)
2026-01-22 09:27:25,085 | INFO | kraken_fetcher | FINAL DATA RANGE | start_ts=1769012460000 (2026-01-21 16:21:00) | end_ts=1769055660000 (2026-01-22 04:21:00) | expected_start>=2026-01-05 19:00:00
2026-01-22 09:27:25,646 | INFO | kraken_fetcher | KrakenFuturesFetcher initialized | symbol=BNB/USD | timeframe=1m | start=2026-01-06 | end=now
2026-01-22 09:27:25,663 | INFO | kraken_fetcher | Fetching BNB/USD | from 2026-01-05 19:00:00
2026-01-22 09:27:28,226 | INFO | kraken_fetcher | DEBUG START CHECK | requested_since=1767639600000 (2026-01-05 19:00:00) | first_returned=1769012460000 (2026-01-21 16:21:00) | diff=1372860000 ms (22881.00 min)
2026-01-22 09:27:28,732 | INFO | kraken_fetcher | FINAL DATA RANGE | start_ts=1769012460000 (2026-01-21 16:21:00) | end_ts=1769055660000 (2026-01-22 04:21:00) | expected_start>=2026-01-05 19:00:00
2026-01-22 09:27:29,274 | INFO | kraken_fetcher | KrakenFuturesFetcher initialized | symbol=ADA/USD | timeframe=1m | start=2026-01-06 | end=now
2026-01-22 09:27:29,289 | INFO | kraken_fetcher | Fetching ADA/USD | from 2026-01-05 19:00:00
2026-01-22 09:27:31,841 | INFO | kraken_fetcher | DEBUG START CHECK | requested_since=1767639600000 (2026-01-05 19:00:00) | first_returned=1769012460000 (2026-01-21 16:21:00) | diff=1372860000 ms (22881.00 min)
2026-01-22 09:27:32,344 | INFO | kraken_fetcher | FINAL DATA RANGE | start_ts=1769012460000 (2026-01-21 16:21:00) | end_ts=1769055660000 (2026-01-22 04:21:00) | expected_start>=2026-01-05 19:00:00
2026-01-22 09:27:33,154 | INFO | kraken_fetcher | KrakenFuturesFetcher initialized | symbol=XRP/USD | timeframe=1m | start=2026-01-06 | end=now
2026-01-22 09:27:33,169 | INFO | kraken_fetcher | Fetching XRP/USD | from 2026-01-05 19:00:00
2026-01-22 09:27:35,917 | INFO | kraken_fetcher | DEBUG START CHECK | requested_since=1767639600000 (2026-01-05 19:00:00) | first_returned=1769012460000 (2026-01-21 16:21:00) | diff=1372860000 ms (22881.00 min)
2026-01-22 09:27:36,418 | INFO | kraken_fetcher | FINAL DATA RANGE | start_ts=1769012460000 (2026-01-21 16:21:00) | end_ts=1769055660000 (2026-01-22 04:21:00) | expected_start>=2026-01-05 19:00:00
2026-01-22 09:27:36,976 | INFO | kraken_fetcher | KrakenFuturesFetcher initialized | symbol=DOGE/USD | timeframe=1m | start=2026-01-06 | end=now
2026-01-22 09:27:36,991 | INFO | kraken_fetcher | Fetching DOGE/USD | from 2026-01-05 19:00:00
2026-01-22 09:27:40,045 | INFO | kraken_fetcher | DEBUG START CHECK | requested_since=1767639600000 (2026-01-05 19:00:00) | first_returned=1769012460000 (2026-01-21 16:21:00) | diff=1372860000 ms (22881.00 min)
2026-01-22 09:27:40,561 | INFO | kraken_fetcher | FINAL DATA RANGE | start_ts=1769012460000 (2026-01-21 16:21:00) | end_ts=1769055660000 (2026-01-22 04:21:00) | expected_start>=2026-01-05 19:00:00
2026-01-22 09:27:41,104 | INFO | kraken_fetcher | KrakenFuturesFetcher initialized | symbol=SOL/USD | timeframe=1m | start=2026-01-06 | end=now
2026-01-22 09:27:41,119 | INFO | kraken_fetcher | Fetching SOL/USD | from 2026-01-05 19:00:00
2026-01-22 09:27:43,665 | INFO | kraken_fetcher | DEBUG START CHECK | requested_since=1767639600000 (2026-01-05 19:00:00) | first_returned=1769012520000 (2026-01-21 16:22:00) | diff=1372920000 ms (22882.00 min)
2026-01-22 09:27:44,180 | INFO | kraken_fetcher | FINAL DATA RANGE | start_ts=1769012520000 (2026-01-21 16:22:00) | end_ts=1769055720000 (2026-01-22 04:22:00) | expected_start>=2026-01-05 19:00:00
2026-01-22 09:27:44,753 | INFO | kraken_fetcher | KrakenFuturesFetcher initialized | symbol=DOT/USD | timeframe=1m | start=2026-01-06 | end=now
2026-01-22 09:27:44,768 | INFO | kraken_fetcher | Fetching DOT/USD | from 2026-01-05 19:00:00
2026-01-22 09:27:47,313 | INFO | kraken_fetcher | DEBUG START CHECK | requested_since=1767639600000 (2026-01-05 19:00:00) | first_returned=1769012520000 (2026-01-21 16:22:00) | diff=1372920000 ms (22882.00 min)
2026-01-22 09:27:47,825 | INFO | kraken_fetcher | FINAL DATA RANGE | start_ts=1769012520000 (2026-01-21 16:22:00) | end_ts=1769055720000 (2026-01-22 04:22:00) | expected_start>=2026-01-05 19:00:00
2026-01-22 09:27:48,367 | INFO | kraken_fetcher | KrakenFuturesFetcher initialized | symbol=LINK/USD | timeframe=1m | start=2026-01-06 | end=now
2026-01-22 09:27:48,383 | INFO | kraken_fetcher | Fetching LINK/USD | from 2026-01-05 19:00:00
2026-01-22 09:27:51,507 | INFO | kraken_fetcher | DEBUG START CHECK | requested_since=1767639600000 (2026-01-05 19:00:00) | first_returned=1769012520000 (2026-01-21 16:22:00) | diff=1372920000 ms (22882.00 min)
2026-01-22 09:27:52,008 | INFO | kraken_fetcher | FINAL DATA RANGE | start_ts=1769012520000 (2026-01-21 16:22:00) | end_ts=1769055720000 (2026-01-22 04:22:00) | expected_start>=2026-01-05 19:00:00
2026-01-22 09:27:52,523 | INFO | kraken_fetcher | KrakenFuturesFetcher initialized | symbol=LTC/USD | timeframe=1m | start=2026-01-06 | end=now
2026-01-22 09:27:52,538 | INFO | kraken_fetcher | Fetching LTC/USD | from 2026-01-05 19:00:00
2026-01-22 09:27:55,165 | INFO | kraken_fetcher | DEBUG START CHECK | requested_since=1767639600000 (2026-01-05 19:00:00) | first_returned=1769012520000 (2026-01-21 16:22:00) | diff=1372920000 ms (22882.00 min)
2026-01-22 09:27:55,674 | INFO | kraken_fetcher | FINAL DATA RANGE | start_ts=1769012520000 (2026-01-21 16:22:00) | end_ts=1769055720000 (2026-01-22 04:22:00) | expected_start>=2026-01-05 19:00:00
2026-01-22 12:58:53,763 | INFO | kraken_fetcher | ✅ Total rows fetched: 41
2026-01-22 12:58:53,770 | INFO | kraken_fetcher | Start: 2026-01-22 07:13:00
2026-01-22 12:58:53,770 | INFO | kraken_fetcher | End  : 2026-01-22 07:53:00
2026-01-22 12:58:55,815 | INFO | kraken_fetcher | ✅ Total rows fetched: 41
2026-01-22 12:58:55,815 | INFO | kraken_fetcher | Start: 2026-01-22 07:13:00
2026-01-22 12:58:55,815 | INFO | kraken_fetcher | End  : 2026-01-22 07:53:00
2026-01-22 12:58:57,227 | INFO | kraken_fetcher | ✅ Total rows fetched: 41
2026-01-22 12:58:57,227 | INFO | kraken_fetcher | Start: 2026-01-22 07:13:00
2026-01-22 12:58:57,227 | INFO | kraken_fetcher | End  : 2026-01-22 07:53:00
2026-01-22 12:58:59,034 | INFO | kraken_fetcher | ✅ Total rows fetched: 41
2026-01-22 12:58:59,034 | INFO | kraken_fetcher | Start: 2026-01-22 07:13:00
2026-01-22 12:58:59,034 | INFO | kraken_fetcher | End  : 2026-01-22 07:53:00
2026-01-22 12:59:00,205 | INFO | kraken_fetcher | ✅ Total rows fetched: 41
2026-01-22 12:59:00,205 | INFO | kraken_fetcher | Start: 2026-01-22 07:13:00
2026-01-22 12:59:00,213 | INFO | kraken_fetcher | End  : 2026-01-22 07:53:00
2026-01-22 12:59:01,437 | INFO | kraken_fetcher | ✅ Total rows fetched: 41
2026-01-22 12:59:01,437 | INFO | kraken_fetcher | Start: 2026-01-22 07:13:00
2026-01-22 12:59:01,437 | INFO | kraken_fetcher | End  : 2026-01-22 07:53:00
2026-01-22 12:59:02,720 | INFO | kraken_fetcher | ✅ Total rows fetched: 41
2026-01-22 12:59:02,720 | INFO | kraken_fetcher | Start: 2026-01-22 07:13:00
2026-01-22 12:59:02,720 | INFO | kraken_fetcher | End  : 2026-01-22 07:53:00
2026-01-22 12:59:03,989 | INFO | kraken_fetcher | ✅ Total rows fetched: 41
2026-01-22 12:59:03,989 | INFO | kraken_fetcher | Start: 2026-01-22 07:13:00
2026-01-22 12:59:03,989 | INFO | kraken_fetcher | End  : 2026-01-22 07:53:00
2026-01-22 12:59:05,252 | INFO | kraken_fetcher | ✅ Total rows fetched: 41
2026-01-22 12:59:05,252 | INFO | kraken_fetcher | Start: 2026-01-22 07:13:00
2026-01-22 12:59:05,252 | INFO | kraken_fetcher | End  : 2026-01-22 07:53:00
2026-01-22 13:50:24,781 | INFO | kraken_fetcher | Fetching candles from 2026-01-16 00:00:00
2026-01-22 13:50:26,097 | INFO | kraken_fetcher | Fetching candles from 2026-01-17 09:20:00
2026-01-22 13:50:27,401 | INFO | kraken_fetcher | Fetching candles from 2026-01-18 18:40:00
2026-01-22 13:50:28,363 | INFO | kraken_fetcher | Fetching candles from 2026-01-20 04:00:00
2026-01-22 13:50:30,834 | INFO | kraken_fetcher | Fetching candles from 2026-01-21 13:20:00
2026-01-22 13:50:31,781 | INFO | kraken_fetcher | Reached last candle.
2026-01-22 13:50:31,944 | INFO | kraken_fetcher | ✅ Total rows fetched: 9165
2026-01-22 13:50:31,949 | INFO | kraken_fetcher | Start: 2026-01-16 00:00:00
2026-01-22 13:50:31,949 | INFO | kraken_fetcher | End  : 2026-01-22 08:44:00
2026-01-22 14:19:23,267 | INFO | kraken_fetcher | ✅ Total rows fetched: 9194
2026-01-22 14:19:23,305 | INFO | kraken_fetcher | First Five Rows:       timestamp     open     high      low    close  volume
0  1768521600000  95605.0  95612.0  95576.0  95581.0  1.9532
1  1768521660000  95581.0  95679.0  95581.0  95656.0  0.4761
2  1768521720000  95656.0  95669.0  95634.0  95665.0  0.0398
3  1768521780000  95665.0  95687.0  95653.0  95678.0  0.0916
4  1768521840000  95678.0  95686.0  95667.0  95686.0  0.2502
2026-01-22 14:19:23,307 | INFO | kraken_fetcher | Start: 2026-01-16 00:00:00
2026-01-22 14:19:23,308 | INFO | kraken_fetcher | End  : 2026-01-22 09:13:00
2026-01-22 14:22:56,505 | INFO | kraken_fetcher | ✅ Total rows fetched: 9198
2026-01-22 14:22:56,531 | INFO | kraken_fetcher | First Five Rows:       timestamp     open     high      low    close  volume
0  1768521600000  95605.0  95612.0  95576.0  95581.0  1.9532
1  1768521660000  95581.0  95679.0  95581.0  95656.0  0.4761
2  1768521720000  95656.0  95669.0  95634.0  95665.0  0.0398
3  1768521780000  95665.0  95687.0  95653.0  95678.0  0.0916
4  1768521840000  95678.0  95686.0  95667.0  95686.0  0.2502
2026-01-22 14:22:56,533 | INFO | kraken_fetcher | Start: 2026-01-16 00:00:00
2026-01-22 14:22:56,534 | INFO | kraken_fetcher | End  : 2026-01-22 09:17:00
2026-01-22 14:25:04,747 | INFO | kraken_fetcher | ✅ Total rows fetched: 9200
2026-01-22 14:25:04,773 | INFO | kraken_fetcher | First Five Rows:       timestamp     open     high      low    close  volume
0  1768521600000  95605.0  95612.0  95576.0  95581.0  1.9532
1  1768521660000  95581.0  95679.0  95581.0  95656.0  0.4761
2  1768521720000  95656.0  95669.0  95634.0  95665.0  0.0398
3  1768521780000  95665.0  95687.0  95653.0  95678.0  0.0916
4  1768521840000  95678.0  95686.0  95667.0  95686.0  0.2502
2026-01-22 14:25:04,775 | INFO | kraken_fetcher | Start: 2026-01-16 00:00:00
2026-01-22 14:25:04,775 | INFO | kraken_fetcher | End  : 2026-01-22 09:19:00
2026-01-22 14:25:21,182 | INFO | kraken_fetcher | ✅ Total rows fetched: 9200
2026-01-22 14:25:21,203 | INFO | kraken_fetcher | First Five Rows:       timestamp    open    high     low   close  volume
0  1768521600000  3317.9  3318.0  3317.8  3317.8   0.025
1  1768521660000  3317.8  3320.7  3317.8  3320.7  21.127
2  1768521720000  3320.7  3321.7  3319.4  3321.7  45.460
3  1768521780000  3321.7  3321.9  3320.5  3321.9   0.755
4  1768521840000  3321.9  3322.3  3321.0  3321.0   1.286
2026-01-22 14:25:21,226 | INFO | kraken_fetcher | Start: 2026-01-16 00:00:00
2026-01-22 14:25:21,227 | INFO | kraken_fetcher | End  : 2026-01-22 09:19:00
2026-01-22 14:26:45,578 | INFO | kraken_fetcher | ✅ Total rows fetched: 9202
2026-01-22 14:26:45,604 | INFO | kraken_fetcher | First Five Rows:       timestamp     open     high      low    close  volume
0  1768521600000  95605.0  95612.0  95576.0  95581.0  1.9532
1  1768521660000  95581.0  95679.0  95581.0  95656.0  0.4761
2  1768521720000  95656.0  95669.0  95634.0  95665.0  0.0398
3  1768521780000  95665.0  95687.0  95653.0  95678.0  0.0916
4  1768521840000  95678.0  95686.0  95667.0  95686.0  0.2502
2026-01-22 14:26:45,606 | INFO | kraken_fetcher | Start: 2026-01-16 00:00:00
2026-01-22 14:26:45,607 | INFO | kraken_fetcher | End  : 2026-01-22 09:21:00
2026-01-22 14:27:01,869 | INFO | kraken_fetcher | ✅ Total rows fetched: 9202
2026-01-22 14:27:01,886 | INFO | kraken_fetcher | First Five Rows:       timestamp    open    high     low   close  volume
0  1768521600000  3317.9  3318.0  3317.8  3317.8   0.025
1  1768521660000  3317.8  3320.7  3317.8  3320.7  21.127
2  1768521720000  3320.7  3321.7  3319.4  3321.7  45.460
3  1768521780000  3321.7  3321.9  3320.5  3321.9   0.755
4  1768521840000  3321.9  3322.3  3321.0  3321.0   1.286
2026-01-22 14:27:01,889 | INFO | kraken_fetcher | Start: 2026-01-16 00:00:00
2026-01-22 14:27:01,889 | INFO | kraken_fetcher | End  : 2026-01-22 09:21:00
2026-01-22 14:27:18,745 | INFO | kraken_fetcher | ✅ Total rows fetched: 9202
2026-01-22 14:27:18,765 | INFO | kraken_fetcher | First Five Rows:       timestamp    open    high     low   close  volume
0  1768521600000  931.36  931.36  931.36  931.36    0.00
1  1768521660000  931.36  931.36  930.98  930.98    0.86
2  1768521720000  930.98  931.43  930.98  931.38    0.50
3  1768521780000  931.38  931.38  931.38  931.38    0.00
4  1768521840000  931.38  931.67  931.38  931.47    0.50
2026-01-22 14:27:18,767 | INFO | kraken_fetcher | Start: 2026-01-16 00:00:00
2026-01-22 14:27:18,767 | INFO | kraken_fetcher | End  : 2026-01-22 09:21:00
2026-01-22 14:27:38,758 | INFO | kraken_fetcher | ✅ Total rows fetched: 9202
2026-01-22 14:27:38,776 | INFO | kraken_fetcher | First Five Rows:       timestamp     open     high      low    close   volume
0  1768521600000  0.39345  0.39345  0.39292  0.39292   8174.0
1  1768521660000  0.39292  0.39322  0.39291  0.39304  37896.0
2  1768521720000  0.39304  0.39354  0.39298  0.39329  30779.0
3  1768521780000  0.39329  0.39349  0.39316  0.39347  12969.0
4  1768521840000  0.39347  0.39347  0.39309  0.39323  10892.0
2026-01-22 14:27:38,779 | INFO | kraken_fetcher | Start: 2026-01-16 00:00:00
2026-01-22 14:27:38,779 | INFO | kraken_fetcher | End  : 2026-01-22 09:21:00
2026-01-22 14:27:54,872 | INFO | kraken_fetcher | ✅ Total rows fetched: 9203
2026-01-22 14:27:54,959 | INFO | kraken_fetcher | First Five Rows:       timestamp     open     high      low    close  volume
0  1768521600000  2.07895  2.07895  2.07895  2.07895     0.0
1  1768521660000  2.07895  2.07895  2.07772  2.07864    48.0
2  1768521720000  2.07864  2.07868  2.07864  2.07868   135.0
3  1768521780000  2.07868  2.07938  2.07868  2.07923   184.0
4  1768521840000  2.07923  2.07977  2.07923  2.07947   725.0
2026-01-22 14:27:54,962 | INFO | kraken_fetcher | Start: 2026-01-16 00:00:00
2026-01-22 14:27:54,962 | INFO | kraken_fetcher | End  : 2026-01-22 09:22:00
2026-01-22 14:28:12,421 | INFO | kraken_fetcher | ✅ Total rows fetched: 9203
2026-01-22 14:28:12,454 | INFO | kraken_fetcher | First Five Rows:       timestamp      open      high       low     close   volume
0  1768521600000  0.139962  0.139996  0.139907  0.139907  18829.0
1  1768521660000  0.139907  0.140014  0.139881  0.139963   7377.0
2  1768521720000  0.139963  0.140024  0.139963  0.139980  12305.0
3  1768521780000  0.139980  0.139980  0.139980  0.139980      0.0
4  1768521840000  0.139980  0.140061  0.139980  0.140061      1.0
2026-01-22 14:28:12,457 | INFO | kraken_fetcher | Start: 2026-01-16 00:00:00
2026-01-22 14:28:12,458 | INFO | kraken_fetcher | End  : 2026-01-22 09:22:00
2026-01-22 14:28:30,338 | INFO | kraken_fetcher | ✅ Total rows fetched: 9203
2026-01-22 14:28:30,370 | INFO | kraken_fetcher | First Five Rows:       timestamp    open    high     low   close  volume
0  1768521600000  142.37  142.37  142.23  142.23  650.88
1  1768521660000  142.23  142.35  142.23  142.33  144.77
2  1768521720000  142.33  142.42  142.33  142.41   16.82
3  1768521780000  142.41  142.47  142.41  142.45   65.32
4  1768521840000  142.45  142.45  142.40  142.40   28.85
2026-01-22 14:28:30,370 | INFO | kraken_fetcher | Start: 2026-01-16 00:00:00
2026-01-22 14:28:30,370 | INFO | kraken_fetcher | End  : 2026-01-22 09:22:00
2026-01-22 14:28:48,404 | INFO | kraken_fetcher | ✅ Total rows fetched: 9204
2026-01-22 14:28:48,425 | INFO | kraken_fetcher | First Five Rows:       timestamp   open   high    low  close  volume
0  1768521600000  2.117  2.117  2.116  2.116   377.2
1  1768521660000  2.116  2.116  2.115  2.116   301.1
2  1768521720000  2.116  2.116  2.116  2.116  2286.2
3  1768521780000  2.116  2.118  2.116  2.118   536.4
4  1768521840000  2.118  2.119  2.118  2.119  7213.8
2026-01-22 14:28:48,426 | INFO | kraken_fetcher | Start: 2026-01-16 00:00:00
2026-01-22 14:28:48,428 | INFO | kraken_fetcher | End  : 2026-01-22 09:23:00
2026-01-22 14:29:08,357 | INFO | kraken_fetcher | ✅ Total rows fetched: 9204
2026-01-22 14:29:08,377 | INFO | kraken_fetcher | First Five Rows:       timestamp    open    high     low   close  volume
0  1768521600000  13.793  13.793  13.779  13.779    47.1
1  1768521660000  13.779  13.797  13.779  13.797     3.9
2  1768521720000  13.797  13.804  13.793  13.804    34.9
3  1768521780000  13.804  13.809  13.803  13.804    44.7
4  1768521840000  13.804  13.805  13.799  13.799    21.9
2026-01-22 14:29:08,379 | INFO | kraken_fetcher | Start: 2026-01-16 00:00:00
2026-01-22 14:29:08,380 | INFO | kraken_fetcher | End  : 2026-01-22 09:23:00
2026-01-22 14:29:25,656 | INFO | kraken_fetcher | ✅ Total rows fetched: 9204
2026-01-22 14:29:25,672 | INFO | kraken_fetcher | First Five Rows:       timestamp   open   high    low  close  volume
0  1768521600000  72.20  72.32  72.20  72.31   11.31
1  1768521660000  72.31  72.37  72.31  72.37   10.89
2  1768521720000  72.37  72.37  72.32  72.32    0.01
3  1768521780000  72.32  72.32  72.32  72.32    0.00
4  1768521840000  72.32  72.35  72.32  72.32    0.46
2026-01-22 14:29:25,672 | INFO | kraken_fetcher | Start: 2026-01-16 00:00:00
2026-01-22 14:29:25,672 | INFO | kraken_fetcher | End  : 2026-01-22 09:23:00
2026-01-22 14:31:46,394 | INFO | kraken_fetcher | ✅ Total rows fetched: 9207
2026-01-22 14:31:46,485 | INFO | kraken_fetcher | First ten Rows:       timestamp     open     high      low    close  volume
0  1768521600000  95605.0  95612.0  95576.0  95581.0  1.9532
1  1768521660000  95581.0  95679.0  95581.0  95656.0  0.4761
2  1768521720000  95656.0  95669.0  95634.0  95665.0  0.0398
3  1768521780000  95665.0  95687.0  95653.0  95678.0  0.0916
4  1768521840000  95678.0  95686.0  95667.0  95686.0  0.2502
5  1768521900000  95686.0  95706.0  95684.0  95693.0  0.4503
6  1768521960000  95693.0  95744.0  95688.0  95713.0  4.0912
7  1768522020000  95713.0  95713.0  95656.0  95656.0  3.1948
8  1768522080000  95656.0  95695.0  95656.0  95683.0  0.0772
9  1768522140000  95683.0  95683.0  95654.0  95654.0  0.0015
2026-01-22 14:31:46,486 | INFO | kraken_fetcher | Start: 2026-01-16 00:00:00
2026-01-22 14:31:46,487 | INFO | kraken_fetcher | End  : 2026-01-22 09:26:00
2026-01-22 14:32:05,267 | INFO | kraken_fetcher | ✅ Total rows fetched: 9207
2026-01-22 14:32:05,292 | INFO | kraken_fetcher | First ten Rows:       timestamp    open    high     low   close  volume
0  1768521600000  3317.9  3318.0  3317.8  3317.8   0.025
1  1768521660000  3317.8  3320.7  3317.8  3320.7  21.127
2  1768521720000  3320.7  3321.7  3319.4  3321.7  45.460
3  1768521780000  3321.7  3321.9  3320.5  3321.9   0.755
4  1768521840000  3321.9  3322.3  3321.0  3321.0   1.286
5  1768521900000  3321.0  3323.3  3321.0  3321.9  59.106
6  1768521960000  3321.9  3322.9  3321.8  3322.9  11.929
7  1768522020000  3322.9  3322.9  3320.1  3320.1  14.714
8  1768522080000  3320.1  3321.2  3320.1  3321.2   0.155
9  1768522140000  3321.2  3321.3  3319.5  3320.0  85.701
2026-01-22 14:32:05,294 | INFO | kraken_fetcher | Start: 2026-01-16 00:00:00
2026-01-22 14:32:05,294 | INFO | kraken_fetcher | End  : 2026-01-22 09:26:00
2026-01-22 14:32:19,974 | INFO | kraken_fetcher | ✅ Total rows fetched: 9207
2026-01-22 14:32:19,989 | INFO | kraken_fetcher | First ten Rows:       timestamp    open    high     low   close  volume
0  1768521600000  931.36  931.36  931.36  931.36    0.00
1  1768521660000  931.36  931.36  930.98  930.98    0.86
2  1768521720000  930.98  931.43  930.98  931.38    0.50
3  1768521780000  931.38  931.38  931.38  931.38    0.00
4  1768521840000  931.38  931.67  931.38  931.47    0.50
5  1768521900000  931.47  931.47  931.47  931.47    0.00
6  1768521960000  931.47  931.47  931.35  931.36    0.88
7  1768522020000  931.36  931.36  931.36  931.36    0.00
8  1768522080000  931.36  931.36  931.36  931.36    0.00
9  1768522140000  931.36  931.36  931.36  931.36    0.00
2026-01-22 14:32:20,005 | INFO | kraken_fetcher | Start: 2026-01-16 00:00:00
2026-01-22 14:32:20,005 | INFO | kraken_fetcher | End  : 2026-01-22 09:26:00
2026-01-22 14:33:53,998 | INFO | kraken_fetcher | ✅ Total rows fetched: 9209
2026-01-22 14:33:54,038 | INFO | kraken_fetcher | First 15 Rows:        timestamp     open     high      low    close  volume
0   1768521600000  95605.0  95612.0  95576.0  95581.0  1.9532
1   1768521660000  95581.0  95679.0  95581.0  95656.0  0.4761
2   1768521720000  95656.0  95669.0  95634.0  95665.0  0.0398
3   1768521780000  95665.0  95687.0  95653.0  95678.0  0.0916
4   1768521840000  95678.0  95686.0  95667.0  95686.0  0.2502
5   1768521900000  95686.0  95706.0  95684.0  95693.0  0.4503
6   1768521960000  95693.0  95744.0  95688.0  95713.0  4.0912
7   1768522020000  95713.0  95713.0  95656.0  95656.0  3.1948
8   1768522080000  95656.0  95695.0  95656.0  95683.0  0.0772
9   1768522140000  95683.0  95683.0  95654.0  95654.0  0.0015
10  1768522200000  95654.0  95654.0  95654.0  95654.0  0.0000
11  1768522260000  95654.0  95685.0  95650.0  95679.0  0.0246
12  1768522320000  95679.0  95683.0  95679.0  95683.0  1.7904
13  1768522380000  95683.0  95683.0  95635.0  95661.0  0.3378
14  1768522440000  95661.0  95678.0  95661.0  95676.0  0.0825
2026-01-22 14:33:54,039 | INFO | kraken_fetcher | Start: 2026-01-16 00:00:00
2026-01-22 14:33:54,040 | INFO | kraken_fetcher | End  : 2026-01-22 09:28:00
2026-01-22 14:34:09,032 | INFO | kraken_fetcher | ✅ Total rows fetched: 9209
2026-01-22 14:34:09,060 | INFO | kraken_fetcher | First 15 Rows:        timestamp    open    high     low   close  volume
0   1768521600000  3317.9  3318.0  3317.8  3317.8   0.025
1   1768521660000  3317.8  3320.7  3317.8  3320.7  21.127
2   1768521720000  3320.7  3321.7  3319.4  3321.7  45.460
3   1768521780000  3321.7  3321.9  3320.5  3321.9   0.755
4   1768521840000  3321.9  3322.3  3321.0  3321.0   1.286
5   1768521900000  3321.0  3323.3  3321.0  3321.9  59.106
6   1768521960000  3321.9  3322.9  3321.8  3322.9  11.929
7   1768522020000  3322.9  3322.9  3320.1  3320.1  14.714
8   1768522080000  3320.1  3321.2  3320.1  3321.2   0.155
9   1768522140000  3321.2  3321.3  3319.5  3320.0  85.701
10  1768522200000  3320.0  3320.2  3319.4  3319.4   0.073
11  1768522260000  3319.4  3320.3  3319.4  3320.0   8.305
12  1768522320000  3320.0  3320.0  3318.1  3318.4  15.310
13  1768522380000  3318.4  3318.4  3316.6  3317.0   4.158
14  1768522440000  3317.0  3317.2  3316.8  3316.8   0.744
2026-01-22 14:34:09,062 | INFO | kraken_fetcher | Start: 2026-01-16 00:00:00
2026-01-22 14:34:09,063 | INFO | kraken_fetcher | End  : 2026-01-22 09:28:00
2026-01-22 14:34:24,348 | INFO | kraken_fetcher | ✅ Total rows fetched: 9209
2026-01-22 14:34:24,373 | INFO | kraken_fetcher | First 15 Rows:        timestamp    open    high     low   close  volume
0   1768521600000  931.36  931.36  931.36  931.36    0.00
1   1768521660000  931.36  931.36  930.98  930.98    0.86
2   1768521720000  930.98  931.43  930.98  931.38    0.50
3   1768521780000  931.38  931.38  931.38  931.38    0.00
4   1768521840000  931.38  931.67  931.38  931.47    0.50
5   1768521900000  931.47  931.47  931.47  931.47    0.00
6   1768521960000  931.47  931.47  931.35  931.36    0.88
7   1768522020000  931.36  931.36  931.36  931.36    0.00
8   1768522080000  931.36  931.36  931.36  931.36    0.00
9   1768522140000  931.36  931.36  931.36  931.36    0.00
10  1768522200000  931.36  931.36  929.89  929.90   12.64
11  1768522260000  929.90  930.20  929.90  930.19    0.20
12  1768522320000  930.19  930.19  930.19  930.19    0.00
13  1768522380000  930.19  930.19  930.05  930.05    0.86
14  1768522440000  930.05  930.05  930.05  930.05    0.00
2026-01-22 14:34:24,375 | INFO | kraken_fetcher | Start: 2026-01-16 00:00:00
2026-01-22 14:34:24,376 | INFO | kraken_fetcher | End  : 2026-01-22 09:28:00
2026-01-22 14:49:42,607 | INFO | kraken_fetcher | First 15 Rows Before Performing any Operation:              time   open   high    low  close               volume
0   1768521600000  95605  95612  95576  95581    1.953199999999999
1   1768521660000  95581  95679  95581  95656               0.4761
2   1768521720000  95656  95669  95634  95665               0.0398
3   1768521780000  95665  95687  95653  95678               0.0916
4   1768521840000  95678  95686  95667  95686               0.2502
5   1768521900000  95686  95706  95684  95693               0.4503
6   1768521960000  95693  95744  95688  95713               4.0912
7   1768522020000  95713  95713  95656  95656               3.1948
8   1768522080000  95656  95695  95656  95683               0.0772
9   1768522140000  95683  95683  95654  95654               0.0015
10  1768522200000  95654  95654  95654  95654                    0
11  1768522260000  95654  95685  95650  95679  0.02459999999999999
12  1768522320000  95679  95683  95679  95683               1.7904
13  1768522380000  95683  95683  95635  95661   0.3377999999999999
14  1768522440000  95661  95678  95661  95676               0.0825
2026-01-22 14:49:42,681 | INFO | kraken_fetcher | ✅ Total rows fetched: 9224
2026-01-22 14:49:42,715 | INFO | kraken_fetcher | First 15 Rows:        timestamp     open     high      low    close  volume
0   1768521600000  95605.0  95612.0  95576.0  95581.0  1.9532
1   1768521660000  95581.0  95679.0  95581.0  95656.0  0.4761
2   1768521720000  95656.0  95669.0  95634.0  95665.0  0.0398
3   1768521780000  95665.0  95687.0  95653.0  95678.0  0.0916
4   1768521840000  95678.0  95686.0  95667.0  95686.0  0.2502
5   1768521900000  95686.0  95706.0  95684.0  95693.0  0.4503
6   1768521960000  95693.0  95744.0  95688.0  95713.0  4.0912
7   1768522020000  95713.0  95713.0  95656.0  95656.0  3.1948
8   1768522080000  95656.0  95695.0  95656.0  95683.0  0.0772
9   1768522140000  95683.0  95683.0  95654.0  95654.0  0.0015
10  1768522200000  95654.0  95654.0  95654.0  95654.0  0.0000
11  1768522260000  95654.0  95685.0  95650.0  95679.0  0.0246
12  1768522320000  95679.0  95683.0  95679.0  95683.0  1.7904
13  1768522380000  95683.0  95683.0  95635.0  95661.0  0.3378
14  1768522440000  95661.0  95678.0  95661.0  95676.0  0.0825
2026-01-22 14:49:42,717 | INFO | kraken_fetcher | Start: 2026-01-16 00:00:00
2026-01-22 14:49:42,717 | INFO | kraken_fetcher | End  : 2026-01-22 09:43:00
2026-01-22 14:49:58,342 | INFO | kraken_fetcher | First 15 Rows Before Performing any Operation:              time    open    high     low   close             volume
0   1768521600000  3317.9    3318  3317.8  3317.8              0.025
1   1768521660000  3317.8  3320.7  3317.8  3320.7  21.12700000000001
2   1768521720000  3320.7  3321.7  3319.4  3321.7              45.46
3   1768521780000  3321.7  3321.9  3320.5  3321.9              0.755
4   1768521840000  3321.9  3322.3    3321    3321              1.286
5   1768521900000    3321  3323.3    3321  3321.9             59.106
6   1768521960000  3321.9  3322.9  3321.8  3322.9             11.929
7   1768522020000  3322.9  3322.9  3320.1  3320.1             14.714
8   1768522080000  3320.1  3321.2  3320.1  3321.2              0.155
9   1768522140000  3321.2  3321.3  3319.5    3320             85.701
10  1768522200000    3320  3320.2  3319.4  3319.4              0.073
11  1768522260000  3319.4  3320.3  3319.4    3320              8.305
12  1768522320000    3320    3320  3318.1  3318.4              15.31
13  1768522380000  3318.4  3318.4  3316.6    3317              4.158
14  1768522440000    3317  3317.2  3316.8  3316.8              0.744
2026-01-22 14:49:58,372 | INFO | kraken_fetcher | ✅ Total rows fetched: 9225
2026-01-22 14:49:58,403 | INFO | kraken_fetcher | First 15 Rows:        timestamp    open    high     low   close  volume
0   1768521600000  3317.9  3318.0  3317.8  3317.8   0.025
1   1768521660000  3317.8  3320.7  3317.8  3320.7  21.127
2   1768521720000  3320.7  3321.7  3319.4  3321.7  45.460
3   1768521780000  3321.7  3321.9  3320.5  3321.9   0.755
4   1768521840000  3321.9  3322.3  3321.0  3321.0   1.286
5   1768521900000  3321.0  3323.3  3321.0  3321.9  59.106
6   1768521960000  3321.9  3322.9  3321.8  3322.9  11.929
7   1768522020000  3322.9  3322.9  3320.1  3320.1  14.714
8   1768522080000  3320.1  3321.2  3320.1  3321.2   0.155
9   1768522140000  3321.2  3321.3  3319.5  3320.0  85.701
10  1768522200000  3320.0  3320.2  3319.4  3319.4   0.073
11  1768522260000  3319.4  3320.3  3319.4  3320.0   8.305
12  1768522320000  3320.0  3320.0  3318.1  3318.4  15.310
13  1768522380000  3318.4  3318.4  3316.6  3317.0   4.158
14  1768522440000  3317.0  3317.2  3316.8  3316.8   0.744
2026-01-22 14:49:58,404 | INFO | kraken_fetcher | Start: 2026-01-16 00:00:00
2026-01-22 14:49:58,405 | INFO | kraken_fetcher | End  : 2026-01-22 09:44:00
2026-01-22 14:50:14,628 | INFO | kraken_fetcher | First 15 Rows Before Performing any Operation:              time    open    high     low   close volume
0   1768521600000  931.36  931.36  931.36  931.36      0
1   1768521660000  931.36  931.36  930.98  930.98   0.86
2   1768521720000  930.98  931.43  930.98  931.38    0.5
3   1768521780000  931.38  931.38  931.38  931.38      0
4   1768521840000  931.38  931.67  931.38  931.47    0.5
5   1768521900000  931.47  931.47  931.47  931.47      0
6   1768521960000  931.47  931.47  931.35  931.36   0.88
7   1768522020000  931.36  931.36  931.36  931.36      0
8   1768522080000  931.36  931.36  931.36  931.36      0
9   1768522140000  931.36  931.36  931.36  931.36      0
10  1768522200000  931.36  931.36  929.89   929.9  12.64
11  1768522260000   929.9   930.2   929.9  930.19    0.2
12  1768522320000  930.19  930.19  930.19  930.19      0
13  1768522380000  930.19  930.19  930.05  930.05   0.86
14  1768522440000  930.05  930.05  930.05  930.05      0
2026-01-22 14:50:14,654 | INFO | kraken_fetcher | ✅ Total rows fetched: 9225
2026-01-22 14:50:14,682 | INFO | kraken_fetcher | First 15 Rows:        timestamp    open    high     low   close  volume
0   1768521600000  931.36  931.36  931.36  931.36    0.00
1   1768521660000  931.36  931.36  930.98  930.98    0.86
2   1768521720000  930.98  931.43  930.98  931.38    0.50
3   1768521780000  931.38  931.38  931.38  931.38    0.00
4   1768521840000  931.38  931.67  931.38  931.47    0.50
5   1768521900000  931.47  931.47  931.47  931.47    0.00
6   1768521960000  931.47  931.47  931.35  931.36    0.88
7   1768522020000  931.36  931.36  931.36  931.36    0.00
8   1768522080000  931.36  931.36  931.36  931.36    0.00
9   1768522140000  931.36  931.36  931.36  931.36    0.00
10  1768522200000  931.36  931.36  929.89  929.90   12.64
11  1768522260000  929.90  930.20  929.90  930.19    0.20
12  1768522320000  930.19  930.19  930.19  930.19    0.00
13  1768522380000  930.19  930.19  930.05  930.05    0.86
14  1768522440000  930.05  930.05  930.05  930.05    0.00
2026-01-22 14:50:14,684 | INFO | kraken_fetcher | Start: 2026-01-16 00:00:00
2026-01-22 14:50:14,685 | INFO | kraken_fetcher | End  : 2026-01-22 09:44:00
2026-01-22 14:50:31,683 | INFO | kraken_fetcher | First 15 Rows Before Performing any Operation:              time     open     high      low    close volume
0   1768521600000  0.39345  0.39345  0.39292  0.39292   8174
1   1768521660000  0.39292  0.39322  0.39291  0.39304  37896
2   1768521720000  0.39304  0.39354  0.39298  0.39329  30779
3   1768521780000  0.39329  0.39349  0.39316  0.39347  12969
4   1768521840000  0.39347  0.39347  0.39309  0.39323  10892
5   1768521900000  0.39323  0.39369  0.39318  0.39342  11153
6   1768521960000  0.39342  0.39354  0.39337  0.39337   3112
7   1768522020000  0.39337  0.39337  0.39306  0.39311   3475
8   1768522080000  0.39311  0.39323  0.39307  0.39308   2660
9   1768522140000  0.39308  0.39308  0.39287  0.39288   2436
10  1768522200000  0.39288  0.39302  0.39278  0.39289   4454
11  1768522260000  0.39289  0.39303  0.39289  0.39303   2698
12  1768522320000  0.39303  0.39303  0.39283  0.39302   1172
13  1768522380000  0.39302  0.39311  0.39299  0.39311   3090
14  1768522440000  0.39311  0.39324  0.39311   0.3932   3569
2026-01-22 14:50:31,712 | INFO | kraken_fetcher | ✅ Total rows fetched: 9225
2026-01-22 14:50:31,736 | INFO | kraken_fetcher | First 15 Rows:        timestamp     open     high      low    close   volume
0   1768521600000  0.39345  0.39345  0.39292  0.39292   8174.0
1   1768521660000  0.39292  0.39322  0.39291  0.39304  37896.0
2   1768521720000  0.39304  0.39354  0.39298  0.39329  30779.0
3   1768521780000  0.39329  0.39349  0.39316  0.39347  12969.0
4   1768521840000  0.39347  0.39347  0.39309  0.39323  10892.0
5   1768521900000  0.39323  0.39369  0.39318  0.39342  11153.0
6   1768521960000  0.39342  0.39354  0.39337  0.39337   3112.0
7   1768522020000  0.39337  0.39337  0.39306  0.39311   3475.0
8   1768522080000  0.39311  0.39323  0.39307  0.39308   2660.0
9   1768522140000  0.39308  0.39308  0.39287  0.39288   2436.0
10  1768522200000  0.39288  0.39302  0.39278  0.39289   4454.0
11  1768522260000  0.39289  0.39303  0.39289  0.39303   2698.0
12  1768522320000  0.39303  0.39303  0.39283  0.39302   1172.0
13  1768522380000  0.39302  0.39311  0.39299  0.39311   3090.0
14  1768522440000  0.39311  0.39324  0.39311  0.39320   3569.0
2026-01-22 14:50:31,739 | INFO | kraken_fetcher | Start: 2026-01-16 00:00:00
2026-01-22 14:50:31,740 | INFO | kraken_fetcher | End  : 2026-01-22 09:44:00
2026-01-22 14:50:50,728 | INFO | kraken_fetcher | First 15 Rows Before Performing any Operation:              time     open     high      low    close volume
0   1768521600000  2.07895  2.07895  2.07895  2.07895      0
1   1768521660000  2.07895  2.07895  2.07772  2.07864     48
2   1768521720000  2.07864  2.07868  2.07864  2.07868    135
3   1768521780000  2.07868  2.07938  2.07868  2.07923    184
4   1768521840000  2.07923  2.07977  2.07923  2.07947    725
5   1768521900000  2.07947  2.08086  2.07947  2.08086     39
6   1768521960000  2.08086  2.08114  2.08021  2.08021   6211
7   1768522020000  2.08021  2.08021  2.07852  2.07852    100
8   1768522080000  2.07852  2.07852  2.07852  2.07852      0
9   1768522140000  2.07852  2.07852   2.0776  2.07828   1456
10  1768522200000  2.07828  2.07828  2.07689  2.07715    573
11  1768522260000  2.07715  2.07715  2.07616   2.0771    822
12  1768522320000   2.0771  2.07778  2.07636  2.07746   2934
13  1768522380000  2.07746  2.07746  2.07611  2.07741   1364
14  1768522440000  2.07741  2.07769  2.07712  2.07763    825
2026-01-22 14:50:50,759 | INFO | kraken_fetcher | ✅ Total rows fetched: 9226
2026-01-22 14:50:50,781 | INFO | kraken_fetcher | First 15 Rows:        timestamp     open     high      low    close  volume
0   1768521600000  2.07895  2.07895  2.07895  2.07895     0.0
1   1768521660000  2.07895  2.07895  2.07772  2.07864    48.0
2   1768521720000  2.07864  2.07868  2.07864  2.07868   135.0
3   1768521780000  2.07868  2.07938  2.07868  2.07923   184.0
4   1768521840000  2.07923  2.07977  2.07923  2.07947   725.0
5   1768521900000  2.07947  2.08086  2.07947  2.08086    39.0
6   1768521960000  2.08086  2.08114  2.08021  2.08021  6211.0
7   1768522020000  2.08021  2.08021  2.07852  2.07852   100.0
8   1768522080000  2.07852  2.07852  2.07852  2.07852     0.0
9   1768522140000  2.07852  2.07852  2.07760  2.07828  1456.0
10  1768522200000  2.07828  2.07828  2.07689  2.07715   573.0
11  1768522260000  2.07715  2.07715  2.07616  2.07710   822.0
12  1768522320000  2.07710  2.07778  2.07636  2.07746  2934.0
13  1768522380000  2.07746  2.07746  2.07611  2.07741  1364.0
14  1768522440000  2.07741  2.07769  2.07712  2.07763   825.0
2026-01-22 14:50:50,783 | INFO | kraken_fetcher | Start: 2026-01-16 00:00:00
2026-01-22 14:50:50,784 | INFO | kraken_fetcher | End  : 2026-01-22 09:45:00
2026-01-22 14:51:05,014 | INFO | kraken_fetcher | First 15 Rows Before Performing any Operation:              time      open      high       low     close  volume
0   1768521600000  0.139962  0.139996  0.139907  0.139907   18829
1   1768521660000  0.139907  0.140014  0.139881  0.139963    7377
2   1768521720000  0.139963  0.140024  0.139963   0.13998   12305
3   1768521780000   0.13998   0.13998   0.13998   0.13998       0
4   1768521840000   0.13998  0.140061   0.13998  0.140061       1
5   1768521900000  0.140061  0.140117  0.140061  0.140117      39
6   1768521960000  0.140117  0.140117  0.140019   0.14005   22832
7   1768522020000   0.14005   0.14005  0.139894  0.139894    1728
8   1768522080000  0.139894  0.139921  0.139894  0.139921   11865
9   1768522140000  0.139921  0.139921  0.139874  0.139874    7865
10  1768522200000  0.139874  0.139914  0.139874  0.139914      30
11  1768522260000  0.139914  0.139914  0.139914  0.139914       0
12  1768522320000  0.139914  0.139914  0.139798  0.139801  142712
13  1768522380000  0.139801  0.139853  0.139801  0.139844    2429
14  1768522440000  0.139844  0.139867  0.139825  0.139867   11459
2026-01-22 14:51:05,046 | INFO | kraken_fetcher | ✅ Total rows fetched: 9226
2026-01-22 14:51:05,066 | INFO | kraken_fetcher | First 15 Rows:        timestamp      open      high       low     close    volume
0   1768521600000  0.139962  0.139996  0.139907  0.139907   18829.0
1   1768521660000  0.139907  0.140014  0.139881  0.139963    7377.0
2   1768521720000  0.139963  0.140024  0.139963  0.139980   12305.0
3   1768521780000  0.139980  0.139980  0.139980  0.139980       0.0
4   1768521840000  0.139980  0.140061  0.139980  0.140061       1.0
5   1768521900000  0.140061  0.140117  0.140061  0.140117      39.0
6   1768521960000  0.140117  0.140117  0.140019  0.140050   22832.0
7   1768522020000  0.140050  0.140050  0.139894  0.139894    1728.0
8   1768522080000  0.139894  0.139921  0.139894  0.139921   11865.0
9   1768522140000  0.139921  0.139921  0.139874  0.139874    7865.0
10  1768522200000  0.139874  0.139914  0.139874  0.139914      30.0
11  1768522260000  0.139914  0.139914  0.139914  0.139914       0.0
12  1768522320000  0.139914  0.139914  0.139798  0.139801  142712.0
13  1768522380000  0.139801  0.139853  0.139801  0.139844    2429.0
14  1768522440000  0.139844  0.139867  0.139825  0.139867   11459.0
2026-01-22 14:51:05,069 | INFO | kraken_fetcher | Start: 2026-01-16 00:00:00
2026-01-22 14:51:05,070 | INFO | kraken_fetcher | End  : 2026-01-22 09:45:00
2026-01-22 14:51:23,643 | INFO | kraken_fetcher | First 15 Rows Before Performing any Operation:              time    open    high     low   close  volume
0   1768521600000  142.37  142.37  142.23  142.23  650.88
1   1768521660000  142.23  142.35  142.23  142.33  144.77
2   1768521720000  142.33  142.42  142.33  142.41   16.82
3   1768521780000  142.41  142.47  142.41  142.45   65.32
4   1768521840000  142.45  142.45   142.4   142.4   28.85
5   1768521900000   142.4  142.47   142.4  142.44   22.19
6   1768521960000  142.44  142.51  142.44  142.51  232.87
7   1768522020000  142.51  142.51  142.39   142.4   30.55
8   1768522080000   142.4  142.43  142.39  142.39    11.2
9   1768522140000  142.39   142.4  142.37  142.37   84.48
10  1768522200000  142.37  142.39  142.34  142.37   41.95
11  1768522260000  142.37  142.43  142.37  142.43    18.9
12  1768522320000  142.43  142.44  142.38  142.44   14.18
13  1768522380000  142.44  142.44  142.37  142.38   98.01
14  1768522440000  142.38  142.41  142.38   142.4   19.54
2026-01-22 14:51:23,673 | INFO | kraken_fetcher | ✅ Total rows fetched: 9226
2026-01-22 14:51:23,698 | INFO | kraken_fetcher | First 15 Rows:        timestamp    open    high     low   close  volume
0   1768521600000  142.37  142.37  142.23  142.23  650.88
1   1768521660000  142.23  142.35  142.23  142.33  144.77
2   1768521720000  142.33  142.42  142.33  142.41   16.82
3   1768521780000  142.41  142.47  142.41  142.45   65.32
4   1768521840000  142.45  142.45  142.40  142.40   28.85
5   1768521900000  142.40  142.47  142.40  142.44   22.19
6   1768521960000  142.44  142.51  142.44  142.51  232.87
7   1768522020000  142.51  142.51  142.39  142.40   30.55
8   1768522080000  142.40  142.43  142.39  142.39   11.20
9   1768522140000  142.39  142.40  142.37  142.37   84.48
10  1768522200000  142.37  142.39  142.34  142.37   41.95
11  1768522260000  142.37  142.43  142.37  142.43   18.90
12  1768522320000  142.43  142.44  142.38  142.44   14.18
13  1768522380000  142.44  142.44  142.37  142.38   98.01
14  1768522440000  142.38  142.41  142.38  142.40   19.54
2026-01-22 14:51:23,699 | INFO | kraken_fetcher | Start: 2026-01-16 00:00:00
2026-01-22 14:51:23,700 | INFO | kraken_fetcher | End  : 2026-01-22 09:45:00
2026-01-22 14:51:43,541 | INFO | kraken_fetcher | First 15 Rows Before Performing any Operation:              time   open   high    low  close             volume
0   1768521600000  2.117  2.117  2.116  2.116  377.2000000000001
1   1768521660000  2.116  2.116  2.115  2.116              301.1
2   1768521720000  2.116  2.116  2.116  2.116             2286.2
3   1768521780000  2.116  2.118  2.116  2.118              536.4
4   1768521840000  2.118  2.119  2.118  2.119             7213.8
5   1768521900000  2.119  2.119  2.119  2.119                  0
6   1768521960000  2.119  2.119  2.117  2.117                109
7   1768522020000  2.117  2.117  2.113  2.113               95.9
8   1768522080000  2.113  2.114  2.113  2.114               94.6
9   1768522140000  2.114  2.114  2.114  2.114               83.7
10  1768522200000  2.114  2.114  2.114  2.114                  0
11  1768522260000  2.114  2.116  2.114  2.116              105.9
12  1768522320000  2.116  2.116  2.116  2.116                  0
13  1768522380000  2.116  2.116  2.116  2.116                  0
14  1768522440000  2.116  2.116  2.116  2.116              709.5
2026-01-22 14:51:43,582 | INFO | kraken_fetcher | ✅ Total rows fetched: 9227
2026-01-22 14:51:43,606 | INFO | kraken_fetcher | First 15 Rows:        timestamp   open   high    low  close  volume
0   1768521600000  2.117  2.117  2.116  2.116   377.2
1   1768521660000  2.116  2.116  2.115  2.116   301.1
2   1768521720000  2.116  2.116  2.116  2.116  2286.2
3   1768521780000  2.116  2.118  2.116  2.118   536.4
4   1768521840000  2.118  2.119  2.118  2.119  7213.8
5   1768521900000  2.119  2.119  2.119  2.119     0.0
6   1768521960000  2.119  2.119  2.117  2.117   109.0
7   1768522020000  2.117  2.117  2.113  2.113    95.9
8   1768522080000  2.113  2.114  2.113  2.114    94.6
9   1768522140000  2.114  2.114  2.114  2.114    83.7
10  1768522200000  2.114  2.114  2.114  2.114     0.0
11  1768522260000  2.114  2.116  2.114  2.116   105.9
12  1768522320000  2.116  2.116  2.116  2.116     0.0
13  1768522380000  2.116  2.116  2.116  2.116     0.0
14  1768522440000  2.116  2.116  2.116  2.116   709.5
2026-01-22 14:51:43,609 | INFO | kraken_fetcher | Start: 2026-01-16 00:00:00
2026-01-22 14:51:43,610 | INFO | kraken_fetcher | End  : 2026-01-22 09:46:00
2026-01-22 14:52:01,832 | INFO | kraken_fetcher | First 15 Rows Before Performing any Operation:              time    open    high     low   close             volume
0   1768521600000  13.793  13.793  13.779  13.779               47.1
1   1768521660000  13.779  13.797  13.779  13.797                3.9
2   1768521720000  13.797  13.804  13.793  13.804  34.90000000000001
3   1768521780000  13.804  13.809  13.803  13.804               44.7
4   1768521840000  13.804  13.805  13.799  13.799               21.9
5   1768521900000  13.799  13.812  13.799  13.812                0.1
6   1768521960000  13.812  13.812  13.806  13.806               37.6
7   1768522020000  13.806  13.806  13.806  13.806                  0
8   1768522080000  13.806   13.81    13.8   13.81                800
9   1768522140000   13.81   13.81  13.786  13.786               74.4
10  1768522200000  13.786  13.786   13.78   13.78                3.5
11  1768522260000   13.78   13.78  13.777  13.777               33.8
12  1768522320000  13.777  13.777  13.777  13.777                  0
13  1768522380000  13.777  13.777  13.777  13.777                  0
14  1768522440000  13.777  13.777  13.777  13.777                  0
2026-01-22 14:52:01,888 | INFO | kraken_fetcher | ✅ Total rows fetched: 9227
2026-01-22 14:52:01,931 | INFO | kraken_fetcher | First 15 Rows:        timestamp    open    high     low   close  volume
0   1768521600000  13.793  13.793  13.779  13.779    47.1
1   1768521660000  13.779  13.797  13.779  13.797     3.9
2   1768521720000  13.797  13.804  13.793  13.804    34.9
3   1768521780000  13.804  13.809  13.803  13.804    44.7
4   1768521840000  13.804  13.805  13.799  13.799    21.9
5   1768521900000  13.799  13.812  13.799  13.812     0.1
6   1768521960000  13.812  13.812  13.806  13.806    37.6
7   1768522020000  13.806  13.806  13.806  13.806     0.0
8   1768522080000  13.806  13.810  13.800  13.810   800.0
9   1768522140000  13.810  13.810  13.786  13.786    74.4
10  1768522200000  13.786  13.786  13.780  13.780     3.5
11  1768522260000  13.780  13.780  13.777  13.777    33.8
12  1768522320000  13.777  13.777  13.777  13.777     0.0
13  1768522380000  13.777  13.777  13.777  13.777     0.0
14  1768522440000  13.777  13.777  13.777  13.777     0.0
2026-01-22 14:52:01,931 | INFO | kraken_fetcher | Start: 2026-01-16 00:00:00
2026-01-22 14:52:01,931 | INFO | kraken_fetcher | End  : 2026-01-22 09:46:00
2026-01-22 14:52:16,267 | INFO | kraken_fetcher | First 15 Rows Before Performing any Operation:              time   open   high    low  close volume
0   1768521600000   72.2  72.32   72.2  72.31  11.31
1   1768521660000  72.31  72.37  72.31  72.37  10.89
2   1768521720000  72.37  72.37  72.32  72.32   0.01
3   1768521780000  72.32  72.32  72.32  72.32      0
4   1768521840000  72.32  72.35  72.32  72.32   0.46
5   1768521900000  72.32  72.32  72.32  72.32      0
6   1768521960000  72.32  72.34  72.32  72.34   0.72
7   1768522020000  72.34  72.34  72.34  72.34      0
8   1768522080000  72.34  72.39  72.34  72.39   1.44
9   1768522140000  72.39  72.39  72.35  72.35   0.67
10  1768522200000  72.35  72.36  72.35  72.36   3.68
11  1768522260000  72.36  72.36  72.36  72.36   0.02
12  1768522320000  72.36  72.36   72.3  72.32  23.46
13  1768522380000  72.32  72.32   72.3  72.32   3.84
14  1768522440000  72.32  72.37  72.32  72.36  11.85
2026-01-22 14:52:16,294 | INFO | kraken_fetcher | ✅ Total rows fetched: 9227
2026-01-22 14:52:16,325 | INFO | kraken_fetcher | First 15 Rows:        timestamp   open   high    low  close  volume
0   1768521600000  72.20  72.32  72.20  72.31   11.31
1   1768521660000  72.31  72.37  72.31  72.37   10.89
2   1768521720000  72.37  72.37  72.32  72.32    0.01
3   1768521780000  72.32  72.32  72.32  72.32    0.00
4   1768521840000  72.32  72.35  72.32  72.32    0.46
5   1768521900000  72.32  72.32  72.32  72.32    0.00
6   1768521960000  72.32  72.34  72.32  72.34    0.72
7   1768522020000  72.34  72.34  72.34  72.34    0.00
8   1768522080000  72.34  72.39  72.34  72.39    1.44
9   1768522140000  72.39  72.39  72.35  72.35    0.67
10  1768522200000  72.35  72.36  72.35  72.36    3.68
11  1768522260000  72.36  72.36  72.36  72.36    0.02
12  1768522320000  72.36  72.36  72.30  72.32   23.46
13  1768522380000  72.32  72.32  72.30  72.32    3.84
14  1768522440000  72.32  72.37  72.32  72.36   11.85
2026-01-22 14:52:16,326 | INFO | kraken_fetcher | Start: 2026-01-16 00:00:00
2026-01-22 14:52:16,326 | INFO | kraken_fetcher | End  : 2026-01-22 09:46:00
2026-01-22 15:21:09,516 | INFO | kraken_fetcher | First 15 rows before performing any operation:             time              open              high               low             close volume
0   1768521600000  95608.2631560711  95617.5401454607  95571.8182469531  95579.0824493372      0
1   1768521660000  95579.0824493372  95679.1929802603  95578.5501767873  95663.5953383027      0
2   1768521720000  95663.5953383027  95679.8193389659   95636.515164281  95662.3577558339      0
3   1768521780000  95662.3577558339  95687.4722442261   95657.279304859  95683.3971980883      0
4   1768521840000  95683.3971980883  95685.0633719931  95669.0645353567   95669.993949113      0
5   1768521900000   95669.993949113  95700.7409989643   95669.993949113  95681.1122881256      0
6   1768521960000  95681.1122881256  95745.9779343547  95681.1122881256  95707.7220249178      0
7   1768522020000  95707.7220249178  95707.7220249178  95683.4603008832  95683.4603008832      0
8   1768522080000  95683.4603008832  95700.1534918195  95667.7937908874  95681.8285736536      0
9   1768522140000  95681.8285736536  95681.8285736536  95652.4671854568  95652.8693025242      0
10  1768522200000  95652.8693025242  95656.3172878674  95644.5822422627  95648.8460558337      0
11  1768522260000  95648.8460558337  95685.1109195848  95644.6657125429   95671.466611726      0
12  1768522320000   95671.466611726  95672.3791966532  95652.8799479932   95670.749045737      0
13  1768522380000   95670.749045737  95672.3638453385  95638.9849342466  95663.8492023026      0
14  1768522440000  95663.8492023026  95675.8806828068  95661.0734767197  95670.9527212208      0
2026-01-22 15:21:09,602 | INFO | kraken_fetcher | Kraken source=MARK | rows=9256 | First 15 rows:        timestamp          open          high           low         close  volume
0   1768521600000  95608.263156  95617.540145  95571.818247  95579.082449       0
1   1768521660000  95579.082449  95679.192980  95578.550177  95663.595338       0
2   1768521720000  95663.595338  95679.819339  95636.515164  95662.357756       0
3   1768521780000  95662.357756  95687.472244  95657.279305  95683.397198       0
4   1768521840000  95683.397198  95685.063372  95669.064535  95669.993949       0
5   1768521900000  95669.993949  95700.740999  95669.993949  95681.112288       0
6   1768521960000  95681.112288  95745.977934  95681.112288  95707.722025       0
7   1768522020000  95707.722025  95707.722025  95683.460301  95683.460301       0
8   1768522080000  95683.460301  95700.153492  95667.793791  95681.828574       0
9   1768522140000  95681.828574  95681.828574  95652.467185  95652.869303       0
10  1768522200000  95652.869303  95656.317288  95644.582242  95648.846056       0
11  1768522260000  95648.846056  95685.110920  95644.665713  95671.466612       0
12  1768522320000  95671.466612  95672.379197  95652.879948  95670.749046       0
13  1768522380000  95670.749046  95672.363845  95638.984934  95663.849202       0
14  1768522440000  95663.849202  95675.880683  95661.073477  95670.952721       0start=2026-01-16 00:00:00 | end=2026-01-22 10:15:00
2026-01-22 15:21:37,912 | INFO | kraken_fetcher | First 15 rows before performing any operation:             time              open              high               low             close volume
0   1768521600000  3318.04647376106  3318.26377860959  3317.30277464517  3317.56064758298      0
1   1768521660000  3317.56064758298  3321.02594136259  3317.56064758298  3320.58952716307      0
2   1768521720000  3320.58952716307  3321.54145214223  3319.22806160043  3320.58367991644      0
3   1768521780000  3320.58367991644   3322.1888586604  3320.10952705714   3322.1888586604      0
4   1768521840000   3322.1888586604  3322.27822756774  3320.97393855796  3321.08511168288      0
5   1768521900000  3321.08511168288  3323.40767746492  3321.04833028398   3321.7146053421      0
6   1768521960000   3321.7146053421  3323.57220614743   3321.7146053421  3322.36913645482      0
7   1768522020000  3322.36913645482  3322.36913645482  3320.27173947506  3320.75754087116      0
8   1768522080000  3320.75754087116  3321.48254724915  3320.12370642315  3320.87622644486      0
9   1768522140000  3320.87622644486  3321.26558337212  3319.48137138598  3319.60968348174      0
10  1768522200000  3319.60968348174  3320.07987524274  3319.43093259484  3319.48672840214      0
11  1768522260000  3319.48672840214  3320.46681145939  3319.27187552668  3319.82127388885      0
12  1768522320000  3319.82127388885  3319.82127388885  3317.78220878325  3318.25013182133      0
13  1768522380000  3318.25013182133  3318.25013182133  3316.03521104026  3316.89739445181      0
14  1768522440000  3316.89739445181   3317.1563787621  3316.53385407025  3316.81326389607      0
2026-01-22 15:21:37,974 | INFO | kraken_fetcher | Kraken source=MARK | rows=9256 | First 15 rows:        timestamp         open         high          low        close  volume
0   1768521600000  3318.046474  3318.263779  3317.302775  3317.560648       0
1   1768521660000  3317.560648  3321.025941  3317.560648  3320.589527       0
2   1768521720000  3320.589527  3321.541452  3319.228062  3320.583680       0
3   1768521780000  3320.583680  3322.188859  3320.109527  3322.188859       0
4   1768521840000  3322.188859  3322.278228  3320.973939  3321.085112       0
5   1768521900000  3321.085112  3323.407677  3321.048330  3321.714605       0
6   1768521960000  3321.714605  3323.572206  3321.714605  3322.369136       0
7   1768522020000  3322.369136  3322.369136  3320.271739  3320.757541       0
8   1768522080000  3320.757541  3321.482547  3320.123706  3320.876226       0
9   1768522140000  3320.876226  3321.265583  3319.481371  3319.609683       0
10  1768522200000  3319.609683  3320.079875  3319.430933  3319.486728       0
11  1768522260000  3319.486728  3320.466811  3319.271876  3319.821274       0
12  1768522320000  3319.821274  3319.821274  3317.782209  3318.250132       0
13  1768522380000  3318.250132  3318.250132  3316.035211  3316.897394       0
14  1768522440000  3316.897394  3317.156379  3316.533854  3316.813264       0start=2026-01-16 00:00:00 | end=2026-01-22 10:15:00
2026-01-22 15:21:53,224 | INFO | kraken_fetcher | First 15 rows before performing any operation:             time             open             high              low            close volume
0   1768521600000  931.30031335633  931.38732934586  931.00725337421  931.08356850639      0
1   1768521660000  931.08356850639  931.59812911256  931.08356850639  931.37429213199      0
2   1768521720000  931.37429213199  931.79802935493  931.23629830449  931.77636894936      0
3   1768521780000  931.77636894936   931.8301656059  931.72713114447  931.80284773484      0
4   1768521840000  931.80284773484  931.84928864178  931.71913969792  931.81565684683      0
5   1768521900000  931.81565684683  932.10339445755  931.66070966525  931.72548246443      0
6   1768521960000  931.72548246443  931.77227017507  931.33059734883  931.33059734883      0
7   1768522020000  931.33059734883  931.41365427444  931.27402639997  931.31971064242      0
8   1768522080000  931.31971064242  931.32693197717  931.04380271843  931.12263275019      0
9   1768522140000  931.12263275019  931.14029713365  930.52745130764  930.55796914982      0
10  1768522200000  930.55796914982  930.56983235188  929.87153628642  930.19835502136      0
11  1768522260000  930.19835502136  930.32464275269  929.97211324909  929.98171884592      0
12  1768522320000  929.98171884592   930.1312515901  929.83071303131  930.01415904563      0
13  1768522380000  930.01415904563  930.24337577035  929.89953264647  930.21687381254      0
14  1768522440000  930.21687381254  930.31728655422   930.1530065493  930.31462290556      0
2026-01-22 15:21:53,272 | INFO | kraken_fetcher | Kraken source=MARK | rows=9257 | First 15 rows:        timestamp        open        high         low       close  volume
0   1768521600000  931.300313  931.387329  931.007253  931.083569       0
1   1768521660000  931.083569  931.598129  931.083569  931.374292       0
2   1768521720000  931.374292  931.798029  931.236298  931.776369       0
3   1768521780000  931.776369  931.830166  931.727131  931.802848       0
4   1768521840000  931.802848  931.849289  931.719140  931.815657       0
5   1768521900000  931.815657  932.103394  931.660710  931.725482       0
6   1768521960000  931.725482  931.772270  931.330597  931.330597       0
7   1768522020000  931.330597  931.413654  931.274026  931.319711       0
8   1768522080000  931.319711  931.326932  931.043803  931.122633       0
9   1768522140000  931.122633  931.140297  930.527451  930.557969       0
10  1768522200000  930.557969  930.569832  929.871536  930.198355       0
11  1768522260000  930.198355  930.324643  929.972113  929.981719       0
12  1768522320000  929.981719  930.131252  929.830713  930.014159       0
13  1768522380000  930.014159  930.243376  929.899533  930.216874       0
14  1768522440000  930.216874  930.317287  930.153007  930.314623       0start=2026-01-16 00:00:00 | end=2026-01-22 10:16:00
2026-01-22 15:22:08,088 | INFO | kraken_fetcher | First 15 rows before performing any operation:             time           open           high            low          close volume
0   1768521600000  0.39352037488  0.39352391912  0.39295783008  0.39295783008      0
1   1768521660000  0.39295783008  0.39322488294  0.39295783008  0.39311620042      0
2   1768521720000  0.39311620042  0.39352596121  0.39307383447  0.39331008534      0
3   1768521780000  0.39331008534   0.3934759226  0.39320292166   0.3934759226      0
4   1768521840000   0.3934759226   0.3934759226  0.39311480745  0.39328677073      0
5   1768521900000  0.39328677073  0.39368600976  0.39328677073  0.39349389728      0
6   1768521960000  0.39349389728  0.39356643114  0.39318407952  0.39318568729      0
7   1768522020000  0.39318568729  0.39323560328  0.39307395769  0.39308778295      0
8   1768522080000  0.39308778295   0.3934081689  0.39300497885  0.39302782255      0
9   1768522140000  0.39302782255  0.39312487286  0.39288018596  0.39288018596      0
10  1768522200000  0.39288018596  0.39302754644  0.39279671034  0.39295204711      0
11  1768522260000  0.39295204711  0.39305398004   0.3929519473  0.39300668074      0
12  1768522320000  0.39300668074  0.39309622058  0.39290277751  0.39309567758      0
13  1768522380000  0.39309567758  0.39320593384  0.39301750993  0.39318839101      0
14  1768522440000  0.39318839101  0.39326287316  0.39317956956  0.39319543296      0
2026-01-22 15:22:08,139 | INFO | kraken_fetcher | Kraken source=MARK | rows=9257 | First 15 rows:        timestamp      open      high       low     close  volume
0   1768521600000  0.393520  0.393524  0.392958  0.392958       0
1   1768521660000  0.392958  0.393225  0.392958  0.393116       0
2   1768521720000  0.393116  0.393526  0.393074  0.393310       0
3   1768521780000  0.393310  0.393476  0.393203  0.393476       0
4   1768521840000  0.393476  0.393476  0.393115  0.393287       0
5   1768521900000  0.393287  0.393686  0.393287  0.393494       0
6   1768521960000  0.393494  0.393566  0.393184  0.393186       0
7   1768522020000  0.393186  0.393236  0.393074  0.393088       0
8   1768522080000  0.393088  0.393408  0.393005  0.393028       0
9   1768522140000  0.393028  0.393125  0.392880  0.392880       0
10  1768522200000  0.392880  0.393028  0.392797  0.392952       0
11  1768522260000  0.392952  0.393054  0.392952  0.393007       0
12  1768522320000  0.393007  0.393096  0.392903  0.393096       0
13  1768522380000  0.393096  0.393206  0.393018  0.393188       0
14  1768522440000  0.393188  0.393263  0.393180  0.393195       0start=2026-01-16 00:00:00 | end=2026-01-22 10:16:00
2026-01-22 15:22:38,299 | INFO | kraken_fetcher | First 15 rows before performing any operation:             time           open           high            low          close volume
0   1768521600000   2.0787314336   2.0787314336  2.07719591762  2.07719591762      0
1   1768521660000  2.07719591762  2.07902508802  2.07716005197    2.078631018      0
2   1768521720000    2.078631018     2.07921873  2.07833305848  2.07909851954      0
3   1768521780000  2.07909851954  2.07968579632  2.07902185199  2.07942028442      0
4   1768521840000  2.07942028442  2.07960647344  2.07924339298  2.07930961581      0
5   1768521900000  2.07930961581  2.08058873808  2.07930544704  2.08055917737      0
6   1768521960000  2.08055917737  2.08122475739  2.07962694334  2.07962694334      0
7   1768522020000  2.07962694334   2.0797626525  2.07822258255   2.0797626525      0
8   1768522080000   2.0797626525  2.08001149194  2.07879866089  2.07879866089      0
9   1768522140000  2.07879866089  2.07879866089   2.0778356248  2.07810243675      0
10  1768522200000  2.07810243675  2.07822040488  2.07676200478  2.07724866779      0
11  1768522260000  2.07724866779  2.07724866779   2.0763898868  2.07674323996      0
12  1768522320000  2.07674323996  2.07736139942  2.07648807097  2.07734905108      0
13  1768522380000  2.07734905108  2.07734905108  2.07630194166  2.07703207988      0
14  1768522440000  2.07703207988  2.07741056625  2.07700280764  2.07741056625      0
2026-01-22 15:22:38,351 | INFO | kraken_fetcher | Kraken source=MARK | rows=9257 | First 15 rows:        timestamp      open      high       low     close  volume
0   1768521600000  2.078731  2.078731  2.077196  2.077196       0
1   1768521660000  2.077196  2.079025  2.077160  2.078631       0
2   1768521720000  2.078631  2.079219  2.078333  2.079099       0
3   1768521780000  2.079099  2.079686  2.079022  2.079420       0
4   1768521840000  2.079420  2.079606  2.079243  2.079310       0
5   1768521900000  2.079310  2.080589  2.079305  2.080559       0
6   1768521960000  2.080559  2.081225  2.079627  2.079627       0
7   1768522020000  2.079627  2.079763  2.078223  2.079763       0
8   1768522080000  2.079763  2.080011  2.078799  2.078799       0
9   1768522140000  2.078799  2.078799  2.077836  2.078102       0
10  1768522200000  2.078102  2.078220  2.076762  2.077249       0
11  1768522260000  2.077249  2.077249  2.076390  2.076743       0
12  1768522320000  2.076743  2.077361  2.076488  2.077349       0
13  1768522380000  2.077349  2.077349  2.076302  2.077032       0
14  1768522440000  2.077032  2.077411  2.077003  2.077411       0start=2026-01-16 00:00:00 | end=2026-01-22 10:16:00
2026-01-22 15:22:59,406 | INFO | kraken_fetcher | First 15 rows before performing any operation:             time           open           high            low          close volume
0   1768521600000  0.14001816875  0.14002576642  0.13988019486  0.13988019486      0
1   1768521660000  0.13988019486  0.13999077692   0.1398761903  0.13994794478      0
2   1768521720000  0.13994794478  0.14003116232  0.13994373221  0.13999205404      0
3   1768521780000  0.13999205404  0.14005950516  0.13998907958  0.14003624704      0
4   1768521840000  0.14003624704  0.14004587384  0.13999917944   0.1400207939      0
5   1768521900000   0.1400207939  0.14012217002  0.14002042333  0.14006752891      0
6   1768521960000  0.14006752891  0.14007358462  0.13996585842  0.13996585842      0
7   1768522020000  0.13996585842  0.13996585842  0.13988026895  0.13989438072      0
8   1768522080000  0.13989438072  0.13997691261  0.13987766261   0.1399156864      0
9   1768522140000   0.1399156864  0.13992127445  0.13986448074   0.1398887767      0
10  1768522200000   0.1398887767   0.1399446985  0.13988151601  0.13992776014      0
11  1768522260000  0.13992776014  0.13992776014  0.13988902674  0.13989119306      0
12  1768522320000  0.13989119306   0.1398926413  0.13985240199   0.1398926413      0
13  1768522380000   0.1398926413   0.1398926413    0.139833405    0.139833405      0
14  1768522440000    0.139833405  0.13988551698    0.139833405   0.1398834304      0
2026-01-22 15:22:59,467 | INFO | kraken_fetcher | Kraken source=MARK | rows=9258 | First 15 rows:        timestamp      open      high       low     close  volume
0   1768521600000  0.140018  0.140026  0.139880  0.139880       0
1   1768521660000  0.139880  0.139991  0.139876  0.139948       0
2   1768521720000  0.139948  0.140031  0.139944  0.139992       0
3   1768521780000  0.139992  0.140060  0.139989  0.140036       0
4   1768521840000  0.140036  0.140046  0.139999  0.140021       0
5   1768521900000  0.140021  0.140122  0.140020  0.140068       0
6   1768521960000  0.140068  0.140074  0.139966  0.139966       0
7   1768522020000  0.139966  0.139966  0.139880  0.139894       0
8   1768522080000  0.139894  0.139977  0.139878  0.139916       0
9   1768522140000  0.139916  0.139921  0.139864  0.139889       0
10  1768522200000  0.139889  0.139945  0.139882  0.139928       0
11  1768522260000  0.139928  0.139928  0.139889  0.139891       0
12  1768522320000  0.139891  0.139893  0.139852  0.139893       0
13  1768522380000  0.139893  0.139893  0.139833  0.139833       0
14  1768522440000  0.139833  0.139886  0.139833  0.139883       0start=2026-01-16 00:00:00 | end=2026-01-22 10:17:00
2026-01-22 15:23:20,232 | INFO | kraken_fetcher | First 15 rows before performing any operation:             time             open             high              low            close volume
0   1768521600000   142.3804674155  142.39273986428  142.21766898245  142.22872103371      0
1   1768521660000  142.22872103371  142.38222650629  142.22759709605  142.34922572256      0
2   1768521720000  142.34922572256  142.42964007074  142.33301761142  142.39212630824      0
3   1768521780000  142.39212630824  142.45418266028  142.38927622383  142.43582768814      0
4   1768521840000  142.43582768814  142.43928357817  142.39394024947   142.4152019694      0
5   1768521900000   142.4152019694  142.48271608788   142.4152019694   142.4345577974      0
6   1768521960000   142.4345577974  142.49726295553   142.4257811221  142.45198919562      0
7   1768522020000  142.45198919562  142.45198919562  142.36793325991  142.37041673424      0
8   1768522080000  142.37041673424  142.45199706627    142.349309203  142.37428671514      0
9   1768522140000  142.37428671514  142.39963512602  142.37036195515  142.37251079551      0
10  1768522200000  142.37251079551   142.3765237051  142.34206233439  142.35300542457      0
11  1768522260000  142.35300542457  142.42550529628  142.35171667488  142.40454298502      0
12  1768522320000  142.40454298502  142.42521869994  142.36968024931  142.42520459027      0
13  1768522380000  142.42520459027  142.42600640181  142.38730900228  142.38730900228      0
14  1768522440000  142.38730900228  142.40080933139  142.38086799155  142.38716161105      0
2026-01-22 15:23:20,281 | INFO | kraken_fetcher | Kraken source=MARK | rows=9258 | First 15 rows:        timestamp        open        high         low       close  volume
0   1768521600000  142.380467  142.392740  142.217669  142.228721       0
1   1768521660000  142.228721  142.382227  142.227597  142.349226       0
2   1768521720000  142.349226  142.429640  142.333018  142.392126       0
3   1768521780000  142.392126  142.454183  142.389276  142.435828       0
4   1768521840000  142.435828  142.439284  142.393940  142.415202       0
5   1768521900000  142.415202  142.482716  142.415202  142.434558       0
6   1768521960000  142.434558  142.497263  142.425781  142.451989       0
7   1768522020000  142.451989  142.451989  142.367933  142.370417       0
8   1768522080000  142.370417  142.451997  142.349309  142.374287       0
9   1768522140000  142.374287  142.399635  142.370362  142.372511       0
10  1768522200000  142.372511  142.376524  142.342062  142.353005       0
11  1768522260000  142.353005  142.425505  142.351717  142.404543       0
12  1768522320000  142.404543  142.425219  142.369680  142.425205       0
13  1768522380000  142.425205  142.426006  142.387309  142.387309       0
14  1768522440000  142.387309  142.400809  142.380868  142.387162       0start=2026-01-16 00:00:00 | end=2026-01-22 10:17:00
2026-01-22 15:23:34,472 | INFO | kraken_fetcher | First 15 rows before performing any operation:             time           open           high            low          close volume
0   1768521600000  2.11592701997  2.11592701997  2.11356774734  2.11464352214      0
1   1768521660000  2.11464352214  2.11536793546  2.11409367943  2.11437077461      0
2   1768521720000  2.11437077461  2.11602958388  2.11413414467  2.11595397798      0
3   1768521780000  2.11595397798  2.11711257091   2.1159475923  2.11706403536      0
4   1768521840000  2.11706403536  2.11764998683  2.11635791605  2.11635791605      0
5   1768521900000  2.11635791605  2.11802588338  2.11635772792  2.11710408321      0
6   1768521960000  2.11710408321  2.11736675422  2.11438558805  2.11438558805      0
7   1768522020000  2.11438558805  2.11445845334  2.11298489714  2.11298489714      0
8   1768522080000  2.11298489714  2.11385530426  2.11203773158  2.11273375617      0
9   1768522140000  2.11273375617  2.11338863038  2.11247826461   2.1125927322      0
10  1768522200000   2.1125927322  2.11452172824  2.11249320109  2.11452032641      0
11  1768522260000  2.11452032641  2.11574370615  2.11433879144  2.11544485544      0
12  1768522320000  2.11544485544  2.11544485544  2.11417320856  2.11480818414      0
13  1768522380000  2.11480818414  2.11489120452  2.11416550054  2.11462464193      0
14  1768522440000  2.11462464193  2.11651228464  2.11462464193  2.11626150852      0
2026-01-22 15:23:34,535 | INFO | kraken_fetcher | Kraken source=MARK | rows=9258 | First 15 rows:        timestamp      open      high       low     close  volume
0   1768521600000  2.115927  2.115927  2.113568  2.114644       0
1   1768521660000  2.114644  2.115368  2.114094  2.114371       0
2   1768521720000  2.114371  2.116030  2.114134  2.115954       0
3   1768521780000  2.115954  2.117113  2.115948  2.117064       0
4   1768521840000  2.117064  2.117650  2.116358  2.116358       0
5   1768521900000  2.116358  2.118026  2.116358  2.117104       0
6   1768521960000  2.117104  2.117367  2.114386  2.114386       0
7   1768522020000  2.114386  2.114458  2.112985  2.112985       0
8   1768522080000  2.112985  2.113855  2.112038  2.112734       0
9   1768522140000  2.112734  2.113389  2.112478  2.112593       0
10  1768522200000  2.112593  2.114522  2.112493  2.114520       0
11  1768522260000  2.114520  2.115744  2.114339  2.115445       0
12  1768522320000  2.115445  2.115445  2.114173  2.114808       0
13  1768522380000  2.114808  2.114891  2.114166  2.114625       0
14  1768522440000  2.114625  2.116512  2.114625  2.116262       0start=2026-01-16 00:00:00 | end=2026-01-22 10:17:00
2026-01-22 15:23:54,934 | INFO | kraken_fetcher | First 15 rows before performing any operation:             time            open            high             low           close volume
0   1768521600000  13.79308813823  13.79308813823  13.77954350475  13.78006902045      0
1   1768521660000  13.78006902045  13.79982766266    13.779746503  13.79846951902      0
2   1768521720000  13.79846951902   13.8086038909  13.79223945018   13.8035514896      0
3   1768521780000   13.8035514896  13.81123001676  13.80238143624  13.80421878703      0
4   1768521840000  13.80421878703  13.80626445145  13.79877567683  13.79920380251      0
5   1768521900000  13.79920380251  13.81110269384  13.79920380251  13.80810857784      0
6   1768521960000  13.80810857784  13.81083525603   13.8039977163   13.8039977163      0
7   1768522020000   13.8039977163   13.8039977163  13.79715064393  13.79925757684      0
8   1768522080000  13.79925757684  13.79974255648  13.79139593516   13.7918072821      0
9   1768522140000   13.7918072821  13.79362603052  13.78178460259   13.7843674724      0
10  1768522200000   13.7843674724  13.78582145865  13.78006160744  13.78006160744      0
11  1768522260000  13.78006160744  13.78006160744  13.77628767522    13.777207817      0
12  1768522320000    13.777207817   13.7889631449  13.77638905624  13.78845515978      0
13  1768522380000  13.78845515978  13.79273333523  13.78493043321  13.79265379769      0
14  1768522440000  13.79265379769  13.80089501945  13.79245763215  13.80070775528      0
2026-01-22 15:23:54,982 | INFO | kraken_fetcher | Kraken source=MARK | rows=9259 | First 15 rows:        timestamp       open       high        low      close  volume
0   1768521600000  13.793088  13.793088  13.779544  13.780069       0
1   1768521660000  13.780069  13.799828  13.779747  13.798470       0
2   1768521720000  13.798470  13.808604  13.792239  13.803551       0
3   1768521780000  13.803551  13.811230  13.802381  13.804219       0
4   1768521840000  13.804219  13.806264  13.798776  13.799204       0
5   1768521900000  13.799204  13.811103  13.799204  13.808109       0
6   1768521960000  13.808109  13.810835  13.803998  13.803998       0
7   1768522020000  13.803998  13.803998  13.797151  13.799258       0
8   1768522080000  13.799258  13.799743  13.791396  13.791807       0
9   1768522140000  13.791807  13.793626  13.781785  13.784367       0
10  1768522200000  13.784367  13.785821  13.780062  13.780062       0
11  1768522260000  13.780062  13.780062  13.776288  13.777208       0
12  1768522320000  13.777208  13.788963  13.776389  13.788455       0
13  1768522380000  13.788455  13.792733  13.784930  13.792654       0
14  1768522440000  13.792654  13.800895  13.792458  13.800708       0start=2026-01-16 00:00:00 | end=2026-01-22 10:18:00
2026-01-22 15:24:11,709 | INFO | kraken_fetcher | First 15 rows before performing any operation:             time            open            high             low           close volume
0   1768521600000  72.20832423629  72.32498712661  72.20693557588  72.31645347245      0
1   1768521660000  72.31645347245  72.34425865397  72.31339549462  72.33273261254      0
2   1768521720000  72.33273261254  72.33735620224  72.32157148187  72.32987580314      0
3   1768521780000  72.32987580314  72.35090034891  72.32454603959  72.35090034891      0
4   1768521840000  72.35090034891  72.35577905944  72.31702678205  72.32712341643      0
5   1768521900000  72.32712341643  72.35930836669  72.32712341643  72.33226097375      0
6   1768521960000  72.33226097375  72.34015578001  72.30916247778  72.31380038244      0
7   1768522020000  72.31380038244   72.3212127552   72.2751891045  72.31942273374      0
8   1768522080000  72.31942273374   72.3869675977  72.31758900898  72.33900107687      0
9   1768522140000  72.33900107687  72.34401470719  72.32548440219  72.34401470719      0
10  1768522200000  72.34401470719  72.36403873744  72.33436344528   72.3607896437      0
11  1768522260000   72.3607896437   72.3607896437  72.28992755282  72.29744454727      0
12  1768522320000  72.29744454727  72.30734506789  72.29008055002   72.2956063583      0
13  1768522380000   72.2956063583  72.30719670207  72.27204678905  72.30663211499      0
14  1768522440000  72.30663211499  72.37088071858  72.30663211499  72.36433894358      0
2026-01-22 15:24:11,765 | INFO | kraken_fetcher | Kraken source=MARK | rows=9259 | First 15 rows:        timestamp       open       high        low      close  volume
0   1768521600000  72.208324  72.324987  72.206936  72.316453       0
1   1768521660000  72.316453  72.344259  72.313395  72.332733       0
2   1768521720000  72.332733  72.337356  72.321571  72.329876       0
3   1768521780000  72.329876  72.350900  72.324546  72.350900       0
4   1768521840000  72.350900  72.355779  72.317027  72.327123       0
5   1768521900000  72.327123  72.359308  72.327123  72.332261       0
6   1768521960000  72.332261  72.340156  72.309162  72.313800       0
7   1768522020000  72.313800  72.321213  72.275189  72.319423       0
8   1768522080000  72.319423  72.386968  72.317589  72.339001       0
9   1768522140000  72.339001  72.344015  72.325484  72.344015       0
10  1768522200000  72.344015  72.364039  72.334363  72.360790       0
11  1768522260000  72.360790  72.360790  72.289928  72.297445       0
12  1768522320000  72.297445  72.307345  72.290081  72.295606       0
13  1768522380000  72.295606  72.307197  72.272047  72.306632       0
14  1768522440000  72.306632  72.370881  72.306632  72.364339       0start=2026-01-16 00:00:00 | end=2026-01-22 10:18:00
2026-01-22 15:33:32,989 | INFO | kraken_fetcher | First 15 Rows Before Performing any Operation:              time   open   high    low  close               volume
0   1768521600000  95605  95612  95576  95581    1.953199999999999
1   1768521660000  95581  95679  95581  95656               0.4761
2   1768521720000  95656  95669  95634  95665               0.0398
3   1768521780000  95665  95687  95653  95678               0.0916
4   1768521840000  95678  95686  95667  95686               0.2502
5   1768521900000  95686  95706  95684  95693               0.4503
6   1768521960000  95693  95744  95688  95713               4.0912
7   1768522020000  95713  95713  95656  95656               3.1948
8   1768522080000  95656  95695  95656  95683               0.0772
9   1768522140000  95683  95683  95654  95654               0.0015
10  1768522200000  95654  95654  95654  95654                    0
11  1768522260000  95654  95685  95650  95679  0.02459999999999999
12  1768522320000  95679  95683  95679  95683               1.7904
13  1768522380000  95683  95683  95635  95661   0.3377999999999999
14  1768522440000  95661  95678  95661  95676               0.0825
2026-01-22 15:33:33,067 | INFO | kraken_fetcher | ✅ Total rows fetched: 9268
2026-01-22 15:33:33,098 | INFO | kraken_fetcher | First 15 Rows:        timestamp     open     high      low    close  volume
0   1768521600000  95605.0  95612.0  95576.0  95581.0  1.9532
1   1768521660000  95581.0  95679.0  95581.0  95656.0  0.4761
2   1768521720000  95656.0  95669.0  95634.0  95665.0  0.0398
3   1768521780000  95665.0  95687.0  95653.0  95678.0  0.0916
4   1768521840000  95678.0  95686.0  95667.0  95686.0  0.2502
5   1768521900000  95686.0  95706.0  95684.0  95693.0  0.4503
6   1768521960000  95693.0  95744.0  95688.0  95713.0  4.0912
7   1768522020000  95713.0  95713.0  95656.0  95656.0  3.1948
8   1768522080000  95656.0  95695.0  95656.0  95683.0  0.0772
9   1768522140000  95683.0  95683.0  95654.0  95654.0  0.0015
10  1768522200000  95654.0  95654.0  95654.0  95654.0  0.0000
11  1768522260000  95654.0  95685.0  95650.0  95679.0  0.0246
12  1768522320000  95679.0  95683.0  95679.0  95683.0  1.7904
13  1768522380000  95683.0  95683.0  95635.0  95661.0  0.3378
14  1768522440000  95661.0  95678.0  95661.0  95676.0  0.0825
2026-01-22 15:33:33,106 | INFO | kraken_fetcher | Start: 2026-01-16 00:00:00
2026-01-22 15:33:33,106 | INFO | kraken_fetcher | End  : 2026-01-22 10:27:00
2026-01-22 15:33:49,750 | INFO | kraken_fetcher | First 15 Rows Before Performing any Operation:              time    open    high     low   close             volume
0   1768521600000  3317.9    3318  3317.8  3317.8              0.025
1   1768521660000  3317.8  3320.7  3317.8  3320.7  21.12700000000001
2   1768521720000  3320.7  3321.7  3319.4  3321.7              45.46
3   1768521780000  3321.7  3321.9  3320.5  3321.9              0.755
4   1768521840000  3321.9  3322.3    3321    3321              1.286
5   1768521900000    3321  3323.3    3321  3321.9             59.106
6   1768521960000  3321.9  3322.9  3321.8  3322.9             11.929
7   1768522020000  3322.9  3322.9  3320.1  3320.1             14.714
8   1768522080000  3320.1  3321.2  3320.1  3321.2              0.155
9   1768522140000  3321.2  3321.3  3319.5    3320             85.701
10  1768522200000    3320  3320.2  3319.4  3319.4              0.073
11  1768522260000  3319.4  3320.3  3319.4    3320              8.305
12  1768522320000    3320    3320  3318.1  3318.4              15.31
13  1768522380000  3318.4  3318.4  3316.6    3317              4.158
14  1768522440000    3317  3317.2  3316.8  3316.8              0.744
2026-01-22 15:33:49,798 | INFO | kraken_fetcher | ✅ Total rows fetched: 9269
2026-01-22 15:33:49,846 | INFO | kraken_fetcher | First 15 Rows:        timestamp    open    high     low   close  volume
0   1768521600000  3317.9  3318.0  3317.8  3317.8   0.025
1   1768521660000  3317.8  3320.7  3317.8  3320.7  21.127
2   1768521720000  3320.7  3321.7  3319.4  3321.7  45.460
3   1768521780000  3321.7  3321.9  3320.5  3321.9   0.755
4   1768521840000  3321.9  3322.3  3321.0  3321.0   1.286
5   1768521900000  3321.0  3323.3  3321.0  3321.9  59.106
6   1768521960000  3321.9  3322.9  3321.8  3322.9  11.929
7   1768522020000  3322.9  3322.9  3320.1  3320.1  14.714
8   1768522080000  3320.1  3321.2  3320.1  3321.2   0.155
9   1768522140000  3321.2  3321.3  3319.5  3320.0  85.701
10  1768522200000  3320.0  3320.2  3319.4  3319.4   0.073
11  1768522260000  3319.4  3320.3  3319.4  3320.0   8.305
12  1768522320000  3320.0  3320.0  3318.1  3318.4  15.310
13  1768522380000  3318.4  3318.4  3316.6  3317.0   4.158
14  1768522440000  3317.0  3317.2  3316.8  3316.8   0.744
2026-01-22 15:33:49,846 | INFO | kraken_fetcher | Start: 2026-01-16 00:00:00
2026-01-22 15:33:49,846 | INFO | kraken_fetcher | End  : 2026-01-22 10:28:00
2026-01-22 15:34:06,028 | INFO | kraken_fetcher | First 15 Rows Before Performing any Operation:              time    open    high     low   close volume
0   1768521600000  931.36  931.36  931.36  931.36      0
1   1768521660000  931.36  931.36  930.98  930.98   0.86
2   1768521720000  930.98  931.43  930.98  931.38    0.5
3   1768521780000  931.38  931.38  931.38  931.38      0
4   1768521840000  931.38  931.67  931.38  931.47    0.5
5   1768521900000  931.47  931.47  931.47  931.47      0
6   1768521960000  931.47  931.47  931.35  931.36   0.88
7   1768522020000  931.36  931.36  931.36  931.36      0
8   1768522080000  931.36  931.36  931.36  931.36      0
9   1768522140000  931.36  931.36  931.36  931.36      0
10  1768522200000  931.36  931.36  929.89   929.9  12.64
11  1768522260000   929.9   930.2   929.9  930.19    0.2
12  1768522320000  930.19  930.19  930.19  930.19      0
13  1768522380000  930.19  930.19  930.05  930.05   0.86
14  1768522440000  930.05  930.05  930.05  930.05      0
2026-01-22 15:34:06,060 | INFO | kraken_fetcher | ✅ Total rows fetched: 9269
2026-01-22 15:34:06,091 | INFO | kraken_fetcher | First 15 Rows:        timestamp    open    high     low   close  volume
0   1768521600000  931.36  931.36  931.36  931.36    0.00
1   1768521660000  931.36  931.36  930.98  930.98    0.86
2   1768521720000  930.98  931.43  930.98  931.38    0.50
3   1768521780000  931.38  931.38  931.38  931.38    0.00
4   1768521840000  931.38  931.67  931.38  931.47    0.50
5   1768521900000  931.47  931.47  931.47  931.47    0.00
6   1768521960000  931.47  931.47  931.35  931.36    0.88
7   1768522020000  931.36  931.36  931.36  931.36    0.00
8   1768522080000  931.36  931.36  931.36  931.36    0.00
9   1768522140000  931.36  931.36  931.36  931.36    0.00
10  1768522200000  931.36  931.36  929.89  929.90   12.64
11  1768522260000  929.90  930.20  929.90  930.19    0.20
12  1768522320000  930.19  930.19  930.19  930.19    0.00
13  1768522380000  930.19  930.19  930.05  930.05    0.86
14  1768522440000  930.05  930.05  930.05  930.05    0.00
2026-01-22 15:34:06,091 | INFO | kraken_fetcher | Start: 2026-01-16 00:00:00
2026-01-22 15:34:06,091 | INFO | kraken_fetcher | End  : 2026-01-22 10:28:00
2026-01-22 15:34:25,671 | INFO | kraken_fetcher | First 15 Rows Before Performing any Operation:              time     open     high      low    close volume
0   1768521600000  0.39345  0.39345  0.39292  0.39292   8174
1   1768521660000  0.39292  0.39322  0.39291  0.39304  37896
2   1768521720000  0.39304  0.39354  0.39298  0.39329  30779
3   1768521780000  0.39329  0.39349  0.39316  0.39347  12969
4   1768521840000  0.39347  0.39347  0.39309  0.39323  10892
5   1768521900000  0.39323  0.39369  0.39318  0.39342  11153
6   1768521960000  0.39342  0.39354  0.39337  0.39337   3112
7   1768522020000  0.39337  0.39337  0.39306  0.39311   3475
8   1768522080000  0.39311  0.39323  0.39307  0.39308   2660
9   1768522140000  0.39308  0.39308  0.39287  0.39288   2436
10  1768522200000  0.39288  0.39302  0.39278  0.39289   4454
11  1768522260000  0.39289  0.39303  0.39289  0.39303   2698
12  1768522320000  0.39303  0.39303  0.39283  0.39302   1172
13  1768522380000  0.39302  0.39311  0.39299  0.39311   3090
14  1768522440000  0.39311  0.39324  0.39311   0.3932   3569
2026-01-22 15:34:25,712 | INFO | kraken_fetcher | ✅ Total rows fetched: 9269
2026-01-22 15:34:25,739 | INFO | kraken_fetcher | First 15 Rows:        timestamp     open     high      low    close   volume
0   1768521600000  0.39345  0.39345  0.39292  0.39292   8174.0
1   1768521660000  0.39292  0.39322  0.39291  0.39304  37896.0
2   1768521720000  0.39304  0.39354  0.39298  0.39329  30779.0
3   1768521780000  0.39329  0.39349  0.39316  0.39347  12969.0
4   1768521840000  0.39347  0.39347  0.39309  0.39323  10892.0
5   1768521900000  0.39323  0.39369  0.39318  0.39342  11153.0
6   1768521960000  0.39342  0.39354  0.39337  0.39337   3112.0
7   1768522020000  0.39337  0.39337  0.39306  0.39311   3475.0
8   1768522080000  0.39311  0.39323  0.39307  0.39308   2660.0
9   1768522140000  0.39308  0.39308  0.39287  0.39288   2436.0
10  1768522200000  0.39288  0.39302  0.39278  0.39289   4454.0
11  1768522260000  0.39289  0.39303  0.39289  0.39303   2698.0
12  1768522320000  0.39303  0.39303  0.39283  0.39302   1172.0
13  1768522380000  0.39302  0.39311  0.39299  0.39311   3090.0
14  1768522440000  0.39311  0.39324  0.39311  0.39320   3569.0
2026-01-22 15:34:25,739 | INFO | kraken_fetcher | Start: 2026-01-16 00:00:00
2026-01-22 15:34:25,739 | INFO | kraken_fetcher | End  : 2026-01-22 10:28:00
2026-01-22 15:34:45,087 | INFO | kraken_fetcher | First 15 Rows Before Performing any Operation:              time     open     high      low    close volume
0   1768521600000  2.07895  2.07895  2.07895  2.07895      0
1   1768521660000  2.07895  2.07895  2.07772  2.07864     48
2   1768521720000  2.07864  2.07868  2.07864  2.07868    135
3   1768521780000  2.07868  2.07938  2.07868  2.07923    184
4   1768521840000  2.07923  2.07977  2.07923  2.07947    725
5   1768521900000  2.07947  2.08086  2.07947  2.08086     39
6   1768521960000  2.08086  2.08114  2.08021  2.08021   6211
7   1768522020000  2.08021  2.08021  2.07852  2.07852    100
8   1768522080000  2.07852  2.07852  2.07852  2.07852      0
9   1768522140000  2.07852  2.07852   2.0776  2.07828   1456
10  1768522200000  2.07828  2.07828  2.07689  2.07715    573
11  1768522260000  2.07715  2.07715  2.07616   2.0771    822
12  1768522320000   2.0771  2.07778  2.07636  2.07746   2934
13  1768522380000  2.07746  2.07746  2.07611  2.07741   1364
14  1768522440000  2.07741  2.07769  2.07712  2.07763    825
2026-01-22 15:34:45,136 | INFO | kraken_fetcher | ✅ Total rows fetched: 9270
2026-01-22 15:34:45,179 | INFO | kraken_fetcher | First 15 Rows:        timestamp     open     high      low    close  volume
0   1768521600000  2.07895  2.07895  2.07895  2.07895     0.0
1   1768521660000  2.07895  2.07895  2.07772  2.07864    48.0
2   1768521720000  2.07864  2.07868  2.07864  2.07868   135.0
3   1768521780000  2.07868  2.07938  2.07868  2.07923   184.0
4   1768521840000  2.07923  2.07977  2.07923  2.07947   725.0
5   1768521900000  2.07947  2.08086  2.07947  2.08086    39.0
6   1768521960000  2.08086  2.08114  2.08021  2.08021  6211.0
7   1768522020000  2.08021  2.08021  2.07852  2.07852   100.0
8   1768522080000  2.07852  2.07852  2.07852  2.07852     0.0
9   1768522140000  2.07852  2.07852  2.07760  2.07828  1456.0
10  1768522200000  2.07828  2.07828  2.07689  2.07715   573.0
11  1768522260000  2.07715  2.07715  2.07616  2.07710   822.0
12  1768522320000  2.07710  2.07778  2.07636  2.07746  2934.0
13  1768522380000  2.07746  2.07746  2.07611  2.07741  1364.0
14  1768522440000  2.07741  2.07769  2.07712  2.07763   825.0
2026-01-22 15:34:45,179 | INFO | kraken_fetcher | Start: 2026-01-16 00:00:00
2026-01-22 15:34:45,179 | INFO | kraken_fetcher | End  : 2026-01-22 10:29:00
2026-01-22 15:35:01,203 | INFO | kraken_fetcher | First 15 Rows Before Performing any Operation:              time      open      high       low     close  volume
0   1768521600000  0.139962  0.139996  0.139907  0.139907   18829
1   1768521660000  0.139907  0.140014  0.139881  0.139963    7377
2   1768521720000  0.139963  0.140024  0.139963   0.13998   12305
3   1768521780000   0.13998   0.13998   0.13998   0.13998       0
4   1768521840000   0.13998  0.140061   0.13998  0.140061       1
5   1768521900000  0.140061  0.140117  0.140061  0.140117      39
6   1768521960000  0.140117  0.140117  0.140019   0.14005   22832
7   1768522020000   0.14005   0.14005  0.139894  0.139894    1728
8   1768522080000  0.139894  0.139921  0.139894  0.139921   11865
9   1768522140000  0.139921  0.139921  0.139874  0.139874    7865
10  1768522200000  0.139874  0.139914  0.139874  0.139914      30
11  1768522260000  0.139914  0.139914  0.139914  0.139914       0
12  1768522320000  0.139914  0.139914  0.139798  0.139801  142712
13  1768522380000  0.139801  0.139853  0.139801  0.139844    2429
14  1768522440000  0.139844  0.139867  0.139825  0.139867   11459
2026-01-22 15:35:01,253 | INFO | kraken_fetcher | ✅ Total rows fetched: 9270
2026-01-22 15:35:01,276 | INFO | kraken_fetcher | First 15 Rows:        timestamp      open      high       low     close    volume
0   1768521600000  0.139962  0.139996  0.139907  0.139907   18829.0
1   1768521660000  0.139907  0.140014  0.139881  0.139963    7377.0
2   1768521720000  0.139963  0.140024  0.139963  0.139980   12305.0
3   1768521780000  0.139980  0.139980  0.139980  0.139980       0.0
4   1768521840000  0.139980  0.140061  0.139980  0.140061       1.0
5   1768521900000  0.140061  0.140117  0.140061  0.140117      39.0
6   1768521960000  0.140117  0.140117  0.140019  0.140050   22832.0
7   1768522020000  0.140050  0.140050  0.139894  0.139894    1728.0
8   1768522080000  0.139894  0.139921  0.139894  0.139921   11865.0
9   1768522140000  0.139921  0.139921  0.139874  0.139874    7865.0
10  1768522200000  0.139874  0.139914  0.139874  0.139914      30.0
11  1768522260000  0.139914  0.139914  0.139914  0.139914       0.0
12  1768522320000  0.139914  0.139914  0.139798  0.139801  142712.0
13  1768522380000  0.139801  0.139853  0.139801  0.139844    2429.0
14  1768522440000  0.139844  0.139867  0.139825  0.139867   11459.0
2026-01-22 15:35:01,276 | INFO | kraken_fetcher | Start: 2026-01-16 00:00:00
2026-01-22 15:35:01,276 | INFO | kraken_fetcher | End  : 2026-01-22 10:29:00
2026-01-22 15:35:24,459 | INFO | kraken_fetcher | First 15 Rows Before Performing any Operation:              time    open    high     low   close  volume
0   1768521600000  142.37  142.37  142.23  142.23  650.88
1   1768521660000  142.23  142.35  142.23  142.33  144.77
2   1768521720000  142.33  142.42  142.33  142.41   16.82
3   1768521780000  142.41  142.47  142.41  142.45   65.32
4   1768521840000  142.45  142.45   142.4   142.4   28.85
5   1768521900000   142.4  142.47   142.4  142.44   22.19
6   1768521960000  142.44  142.51  142.44  142.51  232.87
7   1768522020000  142.51  142.51  142.39   142.4   30.55
8   1768522080000   142.4  142.43  142.39  142.39    11.2
9   1768522140000  142.39   142.4  142.37  142.37   84.48
10  1768522200000  142.37  142.39  142.34  142.37   41.95
11  1768522260000  142.37  142.43  142.37  142.43    18.9
12  1768522320000  142.43  142.44  142.38  142.44   14.18
13  1768522380000  142.44  142.44  142.37  142.38   98.01
14  1768522440000  142.38  142.41  142.38   142.4   19.54
2026-01-22 15:35:24,509 | INFO | kraken_fetcher | ✅ Total rows fetched: 9270
2026-01-22 15:35:24,547 | INFO | kraken_fetcher | First 15 Rows:        timestamp    open    high     low   close  volume
0   1768521600000  142.37  142.37  142.23  142.23  650.88
1   1768521660000  142.23  142.35  142.23  142.33  144.77
2   1768521720000  142.33  142.42  142.33  142.41   16.82
3   1768521780000  142.41  142.47  142.41  142.45   65.32
4   1768521840000  142.45  142.45  142.40  142.40   28.85
5   1768521900000  142.40  142.47  142.40  142.44   22.19
6   1768521960000  142.44  142.51  142.44  142.51  232.87
7   1768522020000  142.51  142.51  142.39  142.40   30.55
8   1768522080000  142.40  142.43  142.39  142.39   11.20
9   1768522140000  142.39  142.40  142.37  142.37   84.48
10  1768522200000  142.37  142.39  142.34  142.37   41.95
11  1768522260000  142.37  142.43  142.37  142.43   18.90
12  1768522320000  142.43  142.44  142.38  142.44   14.18
13  1768522380000  142.44  142.44  142.37  142.38   98.01
14  1768522440000  142.38  142.41  142.38  142.40   19.54
2026-01-22 15:35:24,547 | INFO | kraken_fetcher | Start: 2026-01-16 00:00:00
2026-01-22 15:35:24,556 | INFO | kraken_fetcher | End  : 2026-01-22 10:29:00
2026-01-22 15:35:41,422 | INFO | kraken_fetcher | First 15 Rows Before Performing any Operation:              time   open   high    low  close             volume
0   1768521600000  2.117  2.117  2.116  2.116  377.2000000000001
1   1768521660000  2.116  2.116  2.115  2.116              301.1
2   1768521720000  2.116  2.116  2.116  2.116             2286.2
3   1768521780000  2.116  2.118  2.116  2.118              536.4
4   1768521840000  2.118  2.119  2.118  2.119             7213.8
5   1768521900000  2.119  2.119  2.119  2.119                  0
6   1768521960000  2.119  2.119  2.117  2.117                109
7   1768522020000  2.117  2.117  2.113  2.113               95.9
8   1768522080000  2.113  2.114  2.113  2.114               94.6
9   1768522140000  2.114  2.114  2.114  2.114               83.7
10  1768522200000  2.114  2.114  2.114  2.114                  0
11  1768522260000  2.114  2.116  2.114  2.116              105.9
12  1768522320000  2.116  2.116  2.116  2.116                  0
13  1768522380000  2.116  2.116  2.116  2.116                  0
14  1768522440000  2.116  2.116  2.116  2.116              709.5
2026-01-22 15:35:41,455 | INFO | kraken_fetcher | ✅ Total rows fetched: 9270
2026-01-22 15:35:41,488 | INFO | kraken_fetcher | First 15 Rows:        timestamp   open   high    low  close  volume
0   1768521600000  2.117  2.117  2.116  2.116   377.2
1   1768521660000  2.116  2.116  2.115  2.116   301.1
2   1768521720000  2.116  2.116  2.116  2.116  2286.2
3   1768521780000  2.116  2.118  2.116  2.118   536.4
4   1768521840000  2.118  2.119  2.118  2.119  7213.8
5   1768521900000  2.119  2.119  2.119  2.119     0.0
6   1768521960000  2.119  2.119  2.117  2.117   109.0
7   1768522020000  2.117  2.117  2.113  2.113    95.9
8   1768522080000  2.113  2.114  2.113  2.114    94.6
9   1768522140000  2.114  2.114  2.114  2.114    83.7
10  1768522200000  2.114  2.114  2.114  2.114     0.0
11  1768522260000  2.114  2.116  2.114  2.116   105.9
12  1768522320000  2.116  2.116  2.116  2.116     0.0
13  1768522380000  2.116  2.116  2.116  2.116     0.0
14  1768522440000  2.116  2.116  2.116  2.116   709.5
2026-01-22 15:35:41,488 | INFO | kraken_fetcher | Start: 2026-01-16 00:00:00
2026-01-22 15:35:41,493 | INFO | kraken_fetcher | End  : 2026-01-22 10:29:00
2026-01-22 15:35:59,100 | INFO | kraken_fetcher | First 15 Rows Before Performing any Operation:              time    open    high     low   close             volume
0   1768521600000  13.793  13.793  13.779  13.779               47.1
1   1768521660000  13.779  13.797  13.779  13.797                3.9
2   1768521720000  13.797  13.804  13.793  13.804  34.90000000000001
3   1768521780000  13.804  13.809  13.803  13.804               44.7
4   1768521840000  13.804  13.805  13.799  13.799               21.9
5   1768521900000  13.799  13.812  13.799  13.812                0.1
6   1768521960000  13.812  13.812  13.806  13.806               37.6
7   1768522020000  13.806  13.806  13.806  13.806                  0
8   1768522080000  13.806   13.81    13.8   13.81                800
9   1768522140000   13.81   13.81  13.786  13.786               74.4
10  1768522200000  13.786  13.786   13.78   13.78                3.5
11  1768522260000   13.78   13.78  13.777  13.777               33.8
12  1768522320000  13.777  13.777  13.777  13.777                  0
13  1768522380000  13.777  13.777  13.777  13.777                  0
14  1768522440000  13.777  13.777  13.777  13.777                  0
2026-01-22 15:35:59,129 | INFO | kraken_fetcher | ✅ Total rows fetched: 9271
2026-01-22 15:35:59,152 | INFO | kraken_fetcher | First 15 Rows:        timestamp    open    high     low   close  volume
0   1768521600000  13.793  13.793  13.779  13.779    47.1
1   1768521660000  13.779  13.797  13.779  13.797     3.9
2   1768521720000  13.797  13.804  13.793  13.804    34.9
3   1768521780000  13.804  13.809  13.803  13.804    44.7
4   1768521840000  13.804  13.805  13.799  13.799    21.9
5   1768521900000  13.799  13.812  13.799  13.812     0.1
6   1768521960000  13.812  13.812  13.806  13.806    37.6
7   1768522020000  13.806  13.806  13.806  13.806     0.0
8   1768522080000  13.806  13.810  13.800  13.810   800.0
9   1768522140000  13.810  13.810  13.786  13.786    74.4
10  1768522200000  13.786  13.786  13.780  13.780     3.5
11  1768522260000  13.780  13.780  13.777  13.777    33.8
12  1768522320000  13.777  13.777  13.777  13.777     0.0
13  1768522380000  13.777  13.777  13.777  13.777     0.0
14  1768522440000  13.777  13.777  13.777  13.777     0.0
2026-01-22 15:35:59,154 | INFO | kraken_fetcher | Start: 2026-01-16 00:00:00
2026-01-22 15:35:59,156 | INFO | kraken_fetcher | End  : 2026-01-22 10:30:00
2026-01-22 15:36:18,766 | INFO | kraken_fetcher | First 15 Rows Before Performing any Operation:              time   open   high    low  close volume
0   1768521600000   72.2  72.32   72.2  72.31  11.31
1   1768521660000  72.31  72.37  72.31  72.37  10.89
2   1768521720000  72.37  72.37  72.32  72.32   0.01
3   1768521780000  72.32  72.32  72.32  72.32      0
4   1768521840000  72.32  72.35  72.32  72.32   0.46
5   1768521900000  72.32  72.32  72.32  72.32      0
6   1768521960000  72.32  72.34  72.32  72.34   0.72
7   1768522020000  72.34  72.34  72.34  72.34      0
8   1768522080000  72.34  72.39  72.34  72.39   1.44
9   1768522140000  72.39  72.39  72.35  72.35   0.67
10  1768522200000  72.35  72.36  72.35  72.36   3.68
11  1768522260000  72.36  72.36  72.36  72.36   0.02
12  1768522320000  72.36  72.36   72.3  72.32  23.46
13  1768522380000  72.32  72.32   72.3  72.32   3.84
14  1768522440000  72.32  72.37  72.32  72.36  11.85
2026-01-22 15:36:18,806 | INFO | kraken_fetcher | ✅ Total rows fetched: 9271
2026-01-22 15:36:18,849 | INFO | kraken_fetcher | First 15 Rows:        timestamp   open   high    low  close  volume
0   1768521600000  72.20  72.32  72.20  72.31   11.31
1   1768521660000  72.31  72.37  72.31  72.37   10.89
2   1768521720000  72.37  72.37  72.32  72.32    0.01
3   1768521780000  72.32  72.32  72.32  72.32    0.00
4   1768521840000  72.32  72.35  72.32  72.32    0.46
5   1768521900000  72.32  72.32  72.32  72.32    0.00
6   1768521960000  72.32  72.34  72.32  72.34    0.72
7   1768522020000  72.34  72.34  72.34  72.34    0.00
8   1768522080000  72.34  72.39  72.34  72.39    1.44
9   1768522140000  72.39  72.39  72.35  72.35    0.67
10  1768522200000  72.35  72.36  72.35  72.36    3.68
11  1768522260000  72.36  72.36  72.36  72.36    0.02
12  1768522320000  72.36  72.36  72.30  72.32   23.46
13  1768522380000  72.32  72.32  72.30  72.32    3.84
14  1768522440000  72.32  72.37  72.32  72.36   11.85
2026-01-22 15:36:18,851 | INFO | kraken_fetcher | Start: 2026-01-16 00:00:00
2026-01-22 15:36:18,852 | INFO | kraken_fetcher | End  : 2026-01-22 10:30:00
2026-01-22 15:59:15,740 | INFO | kraken_fetcher | ✅ Total rows fetched: 9294
2026-01-22 15:59:15,746 | INFO | kraken_fetcher | Start: 2026-01-16 00:00:00
2026-01-22 15:59:15,747 | INFO | kraken_fetcher | End  : 2026-01-22 10:53:00
2026-01-22 15:59:37,414 | INFO | kraken_fetcher | ✅ Total rows fetched: 9294
2026-01-22 15:59:37,415 | INFO | kraken_fetcher | Start: 2026-01-16 00:00:00
2026-01-22 15:59:37,415 | INFO | kraken_fetcher | End  : 2026-01-22 10:53:00
2026-01-22 15:59:55,590 | INFO | kraken_fetcher | ✅ Total rows fetched: 9295
2026-01-22 15:59:55,591 | INFO | kraken_fetcher | Start: 2026-01-16 00:00:00
2026-01-22 15:59:55,592 | INFO | kraken_fetcher | End  : 2026-01-22 10:54:00
2026-01-22 16:00:11,686 | INFO | kraken_fetcher | ✅ Total rows fetched: 9295
2026-01-22 16:00:11,688 | INFO | kraken_fetcher | Start: 2026-01-16 00:00:00
2026-01-22 16:00:11,688 | INFO | kraken_fetcher | End  : 2026-01-22 10:54:00
2026-01-22 16:00:30,554 | INFO | kraken_fetcher | ✅ Total rows fetched: 9295
2026-01-22 16:00:30,555 | INFO | kraken_fetcher | Start: 2026-01-16 00:00:00
2026-01-22 16:00:30,555 | INFO | kraken_fetcher | End  : 2026-01-22 10:54:00
2026-01-22 16:00:52,082 | INFO | kraken_fetcher | ✅ Total rows fetched: 9296
2026-01-22 16:00:52,083 | INFO | kraken_fetcher | Start: 2026-01-16 00:00:00
2026-01-22 16:00:52,083 | INFO | kraken_fetcher | End  : 2026-01-22 10:55:00
2026-01-22 16:01:14,251 | INFO | kraken_fetcher | ✅ Total rows fetched: 9296
2026-01-22 16:01:14,252 | INFO | kraken_fetcher | Start: 2026-01-16 00:00:00
2026-01-22 16:01:14,252 | INFO | kraken_fetcher | End  : 2026-01-22 10:55:00
2026-01-22 16:01:31,380 | INFO | kraken_fetcher | ✅ Total rows fetched: 9296
2026-01-22 16:01:31,380 | INFO | kraken_fetcher | Start: 2026-01-16 00:00:00
2026-01-22 16:01:31,381 | INFO | kraken_fetcher | End  : 2026-01-22 10:55:00
2026-01-22 16:01:59,033 | INFO | kraken_fetcher | ✅ Total rows fetched: 9297
2026-01-22 16:01:59,033 | INFO | kraken_fetcher | Start: 2026-01-16 00:00:00
2026-01-22 16:01:59,033 | INFO | kraken_fetcher | End  : 2026-01-22 10:56:00
2026-01-22 16:02:24,527 | INFO | kraken_fetcher | ✅ Total rows fetched: 9297
2026-01-22 16:02:24,528 | INFO | kraken_fetcher | Start: 2026-01-16 00:00:00
2026-01-22 16:02:24,529 | INFO | kraken_fetcher | End  : 2026-01-22 10:56:00
