datetime,predicted_direction,action,buy_price,sell_price,balance,pnl,pnl_sum
2022-12-31 19:00:00+00:00,short,buy,16571.8,,999.5,-0.05,-0.05
2023-01-01 12:00:00+00:00,short,sell - direction_change,16571.8,16549.8,1000.33,0.08,0.03
2023-01-01 12:00:00+00:00,long,buy,16549.8,,999.83,-0.05,-0.02
2023-01-01 17:00:00+00:00,long,sell - direction_change,16549.8,16556.1,999.71,-0.01,-0.03
2023-01-01 17:00:00+00:00,short,buy,16556.1,,999.21,-0.05,-0.08
2023-01-01 20:00:00+00:00,short,sell - direction_change,16556.1,16596.1,996.29,-0.29,-0.37
2023-01-01 20:00:00+00:00,long,buy,16596.1,,995.8,-0.05,-0.42
2023-01-02 22:00:00+00:00,long,sell - direction_change,16596.1,16751.9,1004.65,0.89,0.47
2023-01-02 22:00:00+00:00,short,buy,16751.9,,1004.14,-0.05,0.42
2023-01-03 05:00:00+00:00,short,sell - direction_change,16751.9,16677.9,1008.08,0.39,0.81
2023-01-03 05:00:00+00:00,long,buy,16677.9,,1007.57,-0.05,0.76
2023-01-03 06:00:00+00:00,long,sell - direction_change,16677.9,16720.0,1009.61,0.2,0.96
2023-01-03 06:00:00+00:00,short,buy,16720.0,,1009.11,-0.05,0.91
2023-01-03 09:00:00+00:00,short,sell - direction_change,16720.0,16710.1,1009.2,0.01,0.92
2023-01-03 09:00:00+00:00,long,buy,16710.1,,1008.7,-0.05,0.87
2023-01-03 10:00:00+00:00,long,sell - direction_change,16710.1,16732.9,1009.57,0.09,0.96
2023-01-03 10:00:00+00:00,short,buy,16732.9,,1009.06,-0.05,0.91
2023-01-03 11:00:00+00:00,short,sell - direction_change,16732.9,16718.2,1009.45,0.04,0.95
2023-01-03 11:00:00+00:00,long,buy,16718.2,,1008.94,-0.05,0.9
2023-01-03 12:00:00+00:00,long,sell - direction_change,16718.2,16714.2,1008.2,-0.07,0.82
2023-01-03 12:00:00+00:00,short,buy,16714.2,,1007.69,-0.05,0.77
2023-01-03 13:00:00+00:00,short,sell - direction_change,16714.2,16703.8,1007.81,0.01,0.78
2023-01-03 13:00:00+00:00,long,buy,16703.8,,1007.31,-0.05,0.73
2023-01-03 14:00:00+00:00,long,sell - direction_change,16703.8,16718.2,1007.68,0.04,0.77
2023-01-03 14:00:00+00:00,short,buy,16718.2,,1007.17,-0.05,0.72
2023-01-04 01:00:00+00:00,short,sell - direction_change,16718.2,16655.6,1010.44,0.32,1.04
2023-01-04 01:00:00+00:00,long,buy,16655.6,,1009.93,-0.05,0.99
2023-01-04 20:00:00+00:00,long,sell - direction_change,16655.6,16835.9,1020.36,1.03,2.03
2023-01-04 20:00:00+00:00,short,buy,16835.9,,1019.85,-0.05,1.98
2023-01-05 15:00:00+00:00,short,sell - direction_change,16835.9,16822.6,1020.15,0.03,2.01
2023-01-05 15:00:00+00:00,long,buy,16822.6,,1019.64,-0.05,1.96
2023-01-05 17:00:00+00:00,long,sell - direction_change,16822.6,16833.0,1019.76,0.01,1.97
2023-01-05 17:00:00+00:00,short,buy,16833.0,,1019.25,-0.05,1.92
2023-01-05 18:00:00+00:00,short,sell - direction_change,16833.0,16806.8,1020.32,0.11,2.02
2023-01-05 18:00:00+00:00,long,buy,16806.8,,1019.81,-0.05,1.97
2023-01-06 01:00:00+00:00,long,sell - direction_change,16806.8,16852.1,1022.05,0.22,2.19
2023-01-06 01:00:00+00:00,short,buy,16852.1,,1021.54,-0.05,2.14
2023-01-06 02:00:00+00:00,short,sell - direction_change,16852.1,16818.1,1023.09,0.15,2.29
2023-01-06 02:00:00+00:00,long,buy,16818.1,,1022.58,-0.05,2.24
2023-01-06 04:00:00+00:00,long,sell - direction_change,16818.1,16825.0,1022.49,-0.01,2.24
2023-01-06 04:00:00+00:00,short,buy,16825.0,,1021.98,-0.05,2.19
2023-01-06 15:00:00+00:00,short,sell - direction_change,16825.0,16743.0,1026.45,0.44,2.62
2023-01-06 15:00:00+00:00,long,buy,16743.0,,1025.93,-0.05,2.57
2023-01-07 08:00:00+00:00,long,sell - direction_change,16743.0,16939.8,1037.48,1.13,3.7
2023-01-07 08:00:00+00:00,short,buy,16939.8,,1036.96,-0.05,3.65
2023-01-07 14:00:00+00:00,short,sell - direction_change,16939.8,16911.9,1038.15,0.11,3.76
2023-01-07 14:00:00+00:00,long,buy,16911.9,,1037.63,-0.05,3.71
2023-01-07 16:00:00+00:00,long,sell - direction_change,16911.9,16934.5,1038.5,0.08,3.8
2023-01-07 16:00:00+00:00,short,buy,16934.5,,1037.98,-0.05,3.75
2023-01-07 18:00:00+00:00,short,sell - direction_change,16934.5,16923.2,1038.15,0.02,3.76
2023-01-07 18:00:00+00:00,long,buy,16923.2,,1037.64,-0.05,3.71
2023-01-08 00:00:00+00:00,long,sell - direction_change,16923.2,16936.5,1037.93,0.03,3.74
2023-01-08 00:00:00+00:00,short,buy,16936.5,,1037.41,-0.05,3.69
2023-01-08 03:00:00+00:00,short,sell - direction_change,16936.5,16925.5,1037.57,0.01,3.71
2023-01-08 03:00:00+00:00,long,buy,16925.5,,1037.05,-0.05,3.66
2023-01-08 09:00:00+00:00,long,sell - direction_change,16925.5,16938.8,1037.35,0.03,3.69
2023-01-08 09:00:00+00:00,short,buy,16938.8,,1036.83,-0.05,3.64
2023-01-08 10:00:00+00:00,short,sell - direction_change,16938.8,16927.4,1037.01,0.02,3.65
2023-01-08 10:00:00+00:00,long,buy,16927.4,,1036.49,-0.05,3.6
2023-01-08 11:00:00+00:00,long,sell - direction_change,16927.4,16930.8,1036.18,-0.03,3.57
2023-01-08 11:00:00+00:00,short,buy,16930.8,,1035.66,-0.05,3.52
2023-01-08 14:00:00+00:00,short,sell - direction_change,16930.8,16924.1,1035.55,-0.01,3.51
2023-01-08 14:00:00+00:00,long,buy,16924.1,,1035.03,-0.05,3.46
2023-01-08 16:00:00+00:00,long,sell - direction_change,16924.1,16990.9,1038.6,0.34,3.81
2023-01-08 16:00:00+00:00,short,buy,16990.9,,1038.08,-0.05,3.76
2023-01-08 20:00:00+00:00,short,sell - direction_change,16990.9,16920.3,1041.88,0.37,4.12
2023-01-08 20:00:00+00:00,long,buy,16920.3,,1041.36,-0.05,4.07
2023-01-09 20:00:00+00:00,long,sell - direction_change,16920.3,17285.6,1063.32,2.11,6.18
2023-01-09 20:00:00+00:00,short,buy,17285.6,,1062.79,-0.05,6.13
2023-01-10 09:00:00+00:00,short,sell - direction_change,17285.6,17250.9,1064.39,0.15,6.28
2023-01-10 09:00:00+00:00,long,buy,17250.9,,1063.86,-0.05,6.23
2023-01-10 12:00:00+00:00,long,sell - direction_change,17250.9,17244.3,1062.92,-0.09,6.14
2023-01-10 12:00:00+00:00,short,buy,17244.3,,1062.39,-0.05,6.09
2023-01-10 13:00:00+00:00,short,sell - direction_change,17244.3,17216.2,1063.59,0.11,6.21
2023-01-10 13:00:00+00:00,long,buy,17216.2,,1063.05,-0.05,6.16
2023-01-11 13:00:00+00:00,long,sell - direction_change,17216.2,17408.6,1074.4,1.07,7.23
2023-01-11 13:00:00+00:00,short,buy,17408.6,,1073.86,-0.05,7.18
2023-01-11 14:00:00+00:00,short,sell - direction_change,17408.6,17404.7,1073.57,-0.03,7.15
2023-01-11 14:00:00+00:00,long,buy,17404.7,,1073.03,-0.05,7.1
2023-01-11 15:00:00+00:00,long,sell - direction_change,17404.7,17406.0,1072.58,-0.04,7.05
2023-01-11 15:00:00+00:00,short,buy,17406.0,,1072.04,-0.05,7.0
2023-01-11 18:00:00+00:00,short,sell - direction_change,17406.0,17373.4,1073.51,0.14,7.14
2023-01-11 18:00:00+00:00,long,buy,17373.4,,1072.97,-0.05,7.09
2023-01-11 23:33:00+00:00,long,sell - take_profit,17373.4,17894.602000000003,1104.63,2.95,10.04
2023-01-12 00:00:00+00:00,long,buy,17935.6,,1104.07,-0.05,9.99
2023-01-12 17:36:00+00:00,long,sell - take_profit,17935.6,18473.667999999998,1136.64,2.95,12.94
2023-01-12 18:00:00+00:00,long,buy,18840.0,,1136.08,-0.05,12.89
2023-01-12 18:29:00+00:00,long,sell - stop_loss,18840.0,18651.6,1124.15,-1.05,11.84
2023-01-12 19:00:00+00:00,long,buy,18790.1,,1123.59,-0.05,11.79
2023-01-13 07:00:00+00:00,long,sell - direction_change,18790.1,18844.1,1126.25,0.24,12.03
2023-01-13 07:00:00+00:00,short,buy,18844.1,,1125.69,-0.05,11.98
2023-01-13 09:00:00+00:00,short,sell - direction_change,18844.1,18834.8,1125.68,-0.0,11.98
2023-01-13 09:00:00+00:00,long,buy,18834.8,,1125.12,-0.05,11.93
2023-01-13 20:17:00+00:00,long,sell - take_profit,18834.8,19399.844,1158.31,2.95,14.88
2023-01-13 21:00:00+00:00,long,buy,19464.0,,1157.73,-0.05,14.83
2023-01-14 00:06:00+00:00,long,sell - take_profit,19464.0,20047.920000000002,1191.88,2.95,17.78
2023-01-14 01:00:00+00:00,long,buy,20901.8,,1191.29,-0.05,17.73
2023-01-14 09:17:00+00:00,long,sell - stop_loss,20901.8,20692.782,1178.78,-1.05,16.68
2023-01-14 10:00:00+00:00,long,buy,20542.4,,1178.19,-0.05,16.63
2023-01-14 10:23:00+00:00,long,sell - stop_loss,20542.4,20336.976000000002,1165.82,-1.05,15.58
2023-01-14 11:00:00+00:00,long,buy,20513.8,,1165.24,-0.05,15.53
2023-01-14 14:33:00+00:00,long,sell - take_profit,20513.8,21129.214,1199.61,2.95,18.48
2023-01-14 15:00:00+00:00,long,buy,20841.9,,1199.01,-0.05,18.43
2023-01-14 15:42:00+00:00,long,sell - stop_loss,20841.9,20633.481,1186.42,-1.05,17.38
2023-01-14 16:00:00+00:00,long,buy,20796.9,,1185.83,-0.05,17.33
2023-01-15 01:00:00+00:00,long,sell - direction_change,20796.9,20774.7,1183.97,-0.16,17.17
2023-01-15 01:00:00+00:00,short,buy,20774.7,,1183.38,-0.05,17.12
2023-01-15 14:00:00+00:00,short,sell - direction_change,20774.7,20719.4,1185.94,0.22,17.34
2023-01-15 14:00:00+00:00,long,buy,20719.4,,1185.34,-0.05,17.29
2023-01-15 18:00:00+00:00,long,sell - direction_change,20719.4,20931.0,1196.86,0.97,18.26
2023-01-15 18:00:00+00:00,short,buy,20931.0,,1196.26,-0.05,18.21
2023-01-15 19:00:00+00:00,short,sell - direction_change,20931.0,20827.0,1201.6,0.45,18.66
2023-01-15 19:00:00+00:00,long,buy,20827.0,,1201.0,-0.05,18.61
2023-01-16 08:00:00+00:00,long,sell - direction_change,20827.0,21116.0,1217.07,1.34,19.94
2023-01-16 08:00:00+00:00,short,buy,21116.0,,1216.46,-0.05,19.89
2023-01-16 16:00:00+00:00,short,sell - direction_change,21116.0,21000.6,1222.5,0.5,20.39
2023-01-16 16:00:00+00:00,long,buy,21000.6,,1221.89,-0.05,20.34
2023-01-17 06:00:00+00:00,long,sell - direction_change,21000.6,21153.7,1230.18,0.68,21.02
2023-01-17 06:00:00+00:00,short,buy,21153.7,,1229.57,-0.05,20.97
2023-01-17 08:00:00+00:00,short,sell - direction_change,21153.7,21134.8,1230.05,0.04,21.01
2023-01-17 08:00:00+00:00,long,buy,21134.8,,1229.44,-0.05,20.96
2023-01-17 23:00:00+00:00,long,sell - direction_change,21134.8,21229.9,1234.36,0.4,21.36
2023-01-17 23:00:00+00:00,short,buy,21229.9,,1233.74,-0.05,21.31
2023-01-18 01:00:00+00:00,short,sell - direction_change,21229.9,21201.1,1234.8,0.09,21.39
2023-01-18 01:00:00+00:00,long,buy,21201.1,,1234.18,-0.05,21.34
2023-01-18 09:00:00+00:00,long,sell - direction_change,21201.1,21246.0,1236.17,0.16,21.51
2023-01-18 09:00:00+00:00,short,buy,21246.0,,1235.56,-0.05,21.46
2023-01-18 12:00:00+00:00,short,sell - direction_change,21246.0,21201.7,1237.51,0.16,21.61
2023-01-18 12:00:00+00:00,long,buy,21201.7,,1236.9,-0.05,21.56
2023-01-18 15:00:00+00:00,long,sell - direction_change,21201.7,21419.9,1249.01,0.98,22.54
2023-01-18 15:00:00+00:00,short,buy,21419.9,,1248.38,-0.05,22.49
2023-01-18 16:20:00+00:00,short,sell - take_profit,21419.9,20777.303,1285.21,2.95,25.44
2023-01-18 17:00:00+00:00,short,buy,20851.2,,1284.57,-0.05,25.39
2023-01-18 17:13:00+00:00,short,sell - stop_loss,20851.2,21059.712,1271.08,-1.05,24.34
2023-01-18 18:00:00+00:00,short,buy,20889.5,,1270.44,-0.05,24.29
2023-01-19 15:00:00+00:00,short,sell - direction_change,20889.5,20800.8,1275.2,0.37,24.67
2023-01-19 15:00:00+00:00,long,buy,20800.8,,1274.57,-0.05,24.62
2023-01-20 06:00:00+00:00,long,sell - direction_change,20800.8,20979.3,1284.87,0.81,25.43
2023-01-20 06:00:00+00:00,short,buy,20979.3,,1284.22,-0.05,25.38
2023-01-20 12:00:00+00:00,short,sell - direction_change,20979.3,20957.5,1284.92,0.05,25.43
2023-01-20 12:00:00+00:00,long,buy,20957.5,,1284.27,-0.05,25.38
2023-01-20 20:01:00+00:00,long,sell - take_profit,20957.5,21586.225000000002,1322.16,2.95,28.33
2023-01-20 21:00:00+00:00,long,buy,22287.2,,1321.5,-0.05,28.28
2023-01-21 09:42:00+00:00,long,sell - take_profit,22287.2,22955.816000000003,1360.48,2.95,31.23
2023-01-21 10:00:00+00:00,long,buy,23027.6,,1359.8,-0.05,31.18
2023-01-21 10:26:00+00:00,long,sell - stop_loss,23027.6,22797.323999999997,1345.52,-1.05,30.13
2023-01-21 11:00:00+00:00,long,buy,22776.8,,1344.85,-0.05,30.08
2023-01-21 22:00:00+00:00,long,sell - direction_change,22776.8,23198.7,1369.09,1.8,31.88
2023-01-21 22:00:00+00:00,short,buy,23198.7,,1368.41,-0.05,31.83
2023-01-22 00:00:00+00:00,short,sell - direction_change,23198.7,22781.8,1392.31,1.75,33.58
2023-01-22 00:00:00+00:00,long,buy,22781.8,,1391.62,-0.05,33.53
2023-01-22 01:00:00+00:00,long,sell - direction_change,22781.8,22878.0,1396.8,0.37,33.9
2023-01-22 01:00:00+00:00,short,buy,22878.0,,1396.1,-0.05,33.85
2023-01-22 14:00:00+00:00,short,sell - direction_change,22878.0,22898.9,1394.13,-0.14,33.71
2023-01-22 14:00:00+00:00,long,buy,22898.9,,1393.43,-0.05,33.66
2023-01-22 15:00:00+00:00,long,sell - direction_change,22898.9,22993.2,1398.47,0.36,34.02
2023-01-22 15:00:00+00:00,short,buy,22993.2,,1397.77,-0.05,33.97
2023-01-22 20:53:00+00:00,short,sell - take_profit,22993.2,22303.404,1439.0,2.95,36.92
2023-01-22 21:00:00+00:00,short,buy,22464.3,,1438.29,-0.05,36.87
2023-01-22 22:56:00+00:00,short,sell - stop_loss,22464.3,22688.943,1423.18,-1.05,35.82
2023-01-22 23:00:00+00:00,short,buy,22674.1,,1422.47,-0.05,35.77
2023-01-23 09:00:00+00:00,short,sell - direction_change,22674.1,22718.0,1419.01,-0.24,35.53
2023-01-23 09:00:00+00:00,long,buy,22718.0,,1418.3,-0.05,35.48
2023-01-23 11:00:00+00:00,long,sell - direction_change,22718.0,22909.0,1429.51,0.79,36.27
2023-01-23 11:00:00+00:00,short,buy,22909.0,,1428.8,-0.05,36.22
2023-01-23 12:00:00+00:00,short,sell - direction_change,22909.0,22906.4,1428.24,-0.04,36.18
2023-01-23 12:00:00+00:00,long,buy,22906.4,,1427.53,-0.05,36.13
2023-01-23 13:51:00+00:00,long,sell - stop_loss,22906.4,22677.336000000003,1412.54,-1.05,35.08
2023-01-23 14:00:00+00:00,short,buy,22797.1,,1411.84,-0.05,35.03
2023-01-23 14:51:00+00:00,short,sell - stop_loss,22797.1,23025.071,1397.01,-1.05,33.98
2023-01-23 15:00:00+00:00,long,buy,22635.8,,1396.31,-0.05,33.93
2023-01-24 09:00:00+00:00,long,sell - direction_change,22635.8,23047.0,1420.98,1.77,35.7
2023-01-24 09:00:00+00:00,short,buy,23047.0,,1420.27,-0.05,35.65
2023-01-24 18:00:00+00:00,short,sell - direction_change,23047.0,22906.0,1428.25,0.56,36.21
2023-01-24 18:00:00+00:00,long,buy,22906.0,,1427.53,-0.05,36.16
2023-01-24 21:00:00+00:00,long,sell - direction_change,22906.0,23004.2,1432.94,0.38,36.54
2023-01-24 21:00:00+00:00,short,buy,23004.2,,1432.22,-0.05,36.49
2023-01-25 01:26:00+00:00,short,sell - take_profit,23004.2,22314.074,1474.47,2.95,39.44
2023-01-25 02:00:00+00:00,short,buy,22487.4,,1473.74,-0.05,39.39
2023-01-25 05:31:00+00:00,short,sell - stop_loss,22487.4,22712.274,1458.26,-1.05,38.34
2023-01-25 06:00:00+00:00,short,buy,22665.4,,1457.53,-0.05,38.29
2023-01-25 18:00:00+00:00,short,sell - direction_change,22665.4,22567.9,1463.07,0.38,38.67
2023-01-25 18:00:00+00:00,long,buy,22567.9,,1462.34,-0.05,38.62
2023-01-25 21:36:00+00:00,long,sell - take_profit,22567.9,23244.937,1505.48,2.95,41.57
2023-01-25 22:00:00+00:00,long,buy,23593.3,,1504.73,-0.05,41.52
2023-01-25 22:10:00+00:00,long,sell - stop_loss,23593.3,23357.367,1488.93,-1.05,40.47
2023-01-25 23:00:00+00:00,long,buy,22930.1,,1488.19,-0.05,40.42
2023-01-26 09:00:00+00:00,long,sell - direction_change,22930.1,22997.4,1491.81,0.24,40.66
2023-01-26 09:00:00+00:00,short,buy,22997.4,,1491.06,-0.05,40.61
2023-01-26 11:00:00+00:00,short,sell - direction_change,22997.4,22932.3,1494.54,0.23,40.85
2023-01-26 11:00:00+00:00,long,buy,22932.3,,1493.79,-0.05,40.8
2023-01-26 16:00:00+00:00,long,sell - direction_change,22932.3,22947.2,1494.02,0.01,40.81
2023-01-26 16:00:00+00:00,short,buy,22947.2,,1493.27,-0.05,40.76
2023-01-26 19:00:00+00:00,short,sell - direction_change,22947.2,23031.6,1487.03,-0.42,40.34
2023-01-26 19:00:00+00:00,long,buy,23031.6,,1486.29,-0.05,40.29
2023-01-26 22:00:00+00:00,long,sell - direction_change,23031.6,23073.5,1488.25,0.13,40.42
2023-01-26 22:00:00+00:00,short,buy,23073.5,,1487.5,-0.05,40.37
2023-01-27 05:00:00+00:00,short,sell - direction_change,23073.5,22790.1,1505.03,1.18,41.55
2023-01-27 05:00:00+00:00,long,buy,22790.1,,1504.28,-0.05,41.5
2023-01-27 06:00:00+00:00,long,sell - direction_change,22790.1,23028.7,1519.27,1.0,42.5
2023-01-27 06:00:00+00:00,short,buy,23028.7,,1518.51,-0.05,42.45
2023-01-27 10:00:00+00:00,short,sell - direction_change,23028.7,22942.7,1523.43,0.32,42.77
2023-01-27 10:00:00+00:00,long,buy,22942.7,,1522.66,-0.05,42.72
2023-01-27 12:00:00+00:00,long,sell - direction_change,22942.7,22964.4,1523.34,0.04,42.77
2023-01-27 12:00:00+00:00,short,buy,22964.4,,1522.58,-0.05,42.72
2023-01-27 14:00:00+00:00,short,sell - direction_change,22964.4,22896.3,1526.33,0.25,42.96
2023-01-27 14:00:00+00:00,long,buy,22896.3,,1525.57,-0.05,42.91
2023-01-27 15:00:00+00:00,long,sell - direction_change,22896.3,22958.3,1528.94,0.22,43.13
2023-01-27 15:00:00+00:00,short,buy,22958.3,,1528.18,-0.05,43.08
2023-01-27 16:00:00+00:00,short,sell - direction_change,22958.3,22928.8,1529.37,0.08,43.16
2023-01-27 16:00:00+00:00,long,buy,22928.8,,1528.61,-0.05,43.11
2023-01-28 04:00:00+00:00,long,sell - direction_change,22928.8,23108.9,1539.85,0.74,43.85
2023-01-28 04:00:00+00:00,short,buy,23108.9,,1539.08,-0.05,43.8
2023-01-28 19:00:00+00:00,short,sell - direction_change,23108.9,22991.2,1546.15,0.46,44.26
2023-01-28 19:00:00+00:00,long,buy,22991.2,,1545.38,-0.05,44.21
2023-01-28 20:00:00+00:00,long,sell - direction_change,22991.2,23033.2,1547.43,0.13,44.34
2023-01-28 20:00:00+00:00,short,buy,23033.2,,1546.66,-0.05,44.29
2023-01-28 23:00:00+00:00,short,sell - direction_change,23033.2,22969.9,1550.13,0.22,44.52
2023-01-28 23:00:00+00:00,long,buy,22969.9,,1549.36,-0.05,44.47
2023-01-29 11:04:00+00:00,long,sell - take_profit,22969.9,23658.997000000003,1595.06,2.95,47.42
2023-01-29 12:00:00+00:00,long,buy,23430.0,,1594.27,-0.05,47.37
2023-01-30 06:00:00+00:00,long,sell - direction_change,23430.0,23733.7,1614.13,1.25,48.61
2023-01-30 06:00:00+00:00,short,buy,23733.7,,1613.33,-0.05,48.56
2023-01-30 11:42:00+00:00,short,sell - take_profit,23733.7,23021.689,1660.92,2.95,51.51
2023-01-30 12:00:00+00:00,short,buy,23075.2,,1660.09,-0.05,51.46
2023-01-31 13:00:00+00:00,short,sell - direction_change,23075.2,22887.7,1672.75,0.76,52.22
2023-01-31 13:00:00+00:00,long,buy,22887.7,,1671.91,-0.05,52.17
2023-02-01 03:00:00+00:00,long,sell - direction_change,22887.7,23102.3,1686.75,0.89,53.06
2023-02-01 03:00:00+00:00,short,buy,23102.3,,1685.91,-0.05,53.01
2023-02-01 04:00:00+00:00,short,sell - direction_change,23102.3,23127.4,1683.23,-0.16,52.85
2023-02-01 04:00:00+00:00,long,buy,23127.4,,1682.39,-0.05,52.8
2023-02-01 08:00:00+00:00,long,sell - direction_change,23127.4,23070.9,1677.44,-0.29,52.51
2023-02-01 08:00:00+00:00,short,buy,23070.9,,1676.6,-0.05,52.46
2023-02-01 14:00:00+00:00,short,sell - direction_change,23070.9,23082.5,1674.92,-0.1,52.36
2023-02-01 14:00:00+00:00,long,buy,23082.5,,1674.08,-0.05,52.31
2023-02-01 15:00:00+00:00,long,sell - direction_change,23082.5,23098.1,1674.38,0.02,52.33
2023-02-01 15:00:00+00:00,short,buy,23098.1,,1673.54,-0.05,52.28
2023-02-01 19:00:00+00:00,short,sell - direction_change,23098.1,23073.3,1674.5,0.06,52.33
2023-02-01 19:00:00+00:00,long,buy,23073.3,,1673.66,-0.05,52.28
2023-02-01 19:31:00+00:00,long,sell - stop_loss,23073.3,22842.567,1656.09,-1.05,51.23
2023-02-01 20:00:00+00:00,long,buy,23379.8,,1655.26,-0.05,51.18
2023-02-02 00:44:00+00:00,long,sell - take_profit,23379.8,24081.194,1704.09,2.95,54.13
2023-02-02 01:00:00+00:00,long,buy,24194.4,,1703.24,-0.05,54.08
2023-02-02 01:59:00+00:00,long,sell - stop_loss,24194.4,23952.456000000002,1685.36,-1.05,53.03
2023-02-02 02:00:00+00:00,long,buy,23958.6,,1684.51,-0.05,52.98
2023-02-02 06:23:00+00:00,long,sell - stop_loss,23958.6,23719.014,1666.83,-1.05,51.93
2023-02-02 07:00:00+00:00,long,buy,23793.9,,1665.99,-0.05,51.88
2023-02-02 13:00:00+00:00,long,sell - direction_change,23793.9,23807.4,1666.11,0.01,51.89
2023-02-02 13:00:00+00:00,short,buy,23807.4,,1665.27,-0.05,51.84
2023-02-02 15:00:00+00:00,short,sell - direction_change,23807.4,23612.1,1678.1,0.77,52.61
2023-02-02 15:00:00+00:00,long,buy,23612.1,,1677.26,-0.05,52.56
2023-02-02 21:00:00+00:00,long,sell - direction_change,23612.1,23875.0,1695.1,1.06,53.62
2023-02-02 21:00:00+00:00,short,buy,23875.0,,1694.25,-0.05,53.57
2023-02-04 12:00:00+00:00,short,sell - direction_change,23875.0,23359.2,1730.01,2.11,55.68
2023-02-04 12:00:00+00:00,long,buy,23359.2,,1729.14,-0.05,55.63
2023-02-04 23:00:00+00:00,long,sell - direction_change,23359.2,23401.4,1731.4,0.13,55.77
2023-02-04 23:00:00+00:00,short,buy,23401.4,,1730.53,-0.05,55.72
2023-02-05 08:00:00+00:00,short,sell - direction_change,23401.4,23377.0,1731.47,0.05,55.77
2023-02-05 08:00:00+00:00,long,buy,23377.0,,1730.61,-0.05,55.72
2023-02-05 09:00:00+00:00,long,sell - direction_change,23377.0,23391.7,1730.83,0.01,55.73
2023-02-05 09:00:00+00:00,short,buy,23391.7,,1729.97,-0.05,55.68
2023-02-05 10:00:00+00:00,short,sell - direction_change,23391.7,23361.5,1731.33,0.08,55.76
2023-02-05 10:00:00+00:00,long,buy,23361.5,,1730.47,-0.05,55.71
2023-02-05 11:00:00+00:00,long,sell - direction_change,23361.5,23395.0,1732.08,0.09,55.8
2023-02-05 11:00:00+00:00,short,buy,23395.0,,1731.22,-0.05,55.75
2023-02-06 05:27:00+00:00,short,sell - take_profit,23395.0,22693.149999999998,1782.29,2.95,58.7
2023-02-06 06:00:00+00:00,short,buy,22771.6,,1781.4,-0.05,58.65
2023-02-06 15:00:00+00:00,short,sell - direction_change,22771.6,22839.0,1775.24,-0.35,58.31
2023-02-06 15:00:00+00:00,long,buy,22839.0,,1774.35,-0.05,58.26
2023-02-06 22:00:00+00:00,long,sell - direction_change,22839.0,22915.1,1779.37,0.28,58.54
2023-02-06 22:00:00+00:00,short,buy,22915.1,,1778.48,-0.05,58.49
2023-02-07 05:00:00+00:00,short,sell - direction_change,22915.1,22863.1,1781.63,0.18,58.67
2023-02-07 05:00:00+00:00,long,buy,22863.1,,1780.74,-0.05,58.62
2023-02-07 06:00:00+00:00,long,sell - direction_change,22863.1,22928.0,1784.9,0.23,58.85
2023-02-07 06:00:00+00:00,short,buy,22928.0,,1784.01,-0.05,58.8
2023-02-07 09:00:00+00:00,short,sell - direction_change,22928.0,22869.4,1787.68,0.21,59.01
2023-02-07 09:00:00+00:00,long,buy,22869.4,,1786.78,-0.05,58.96
2023-02-07 15:00:00+00:00,long,sell - direction_change,22869.4,22968.3,1793.62,0.38,59.34
2023-02-07 15:00:00+00:00,short,buy,22968.3,,1792.72,-0.05,59.29
2023-02-07 16:00:00+00:00,short,sell - direction_change,22968.3,22898.9,1797.24,0.25,59.54
2023-02-07 16:00:00+00:00,long,buy,22898.9,,1796.34,-0.05,59.49
2023-02-08 08:00:00+00:00,long,sell - direction_change,22898.9,23227.0,1821.18,1.38,60.88
2023-02-08 08:00:00+00:00,short,buy,23227.0,,1820.27,-0.05,60.83
2023-02-09 03:05:00+00:00,short,sell - take_profit,23227.0,22530.19,1873.97,2.95,63.78
2023-02-09 04:00:00+00:00,short,buy,22511.6,,1873.03,-0.05,63.73
2023-02-09 08:24:00+00:00,short,sell - stop_loss,22511.6,22736.716,1853.37,-1.05,62.68
2023-02-09 09:00:00+00:00,short,buy,22712.0,,1852.44,-0.05,62.63
2023-02-09 19:30:00+00:00,short,sell - take_profit,22712.0,22030.64,1907.09,2.95,65.58
2023-02-09 20:00:00+00:00,short,buy,22027.3,,1906.13,-0.05,65.53
2023-02-11 11:00:00+00:00,short,sell - direction_change,22027.3,21661.9,1936.8,1.61,67.13
2023-02-11 11:00:00+00:00,long,buy,21661.9,,1935.83,-0.05,67.08
2023-02-11 18:00:00+00:00,long,sell - direction_change,21661.9,21690.6,1937.43,0.08,67.17
2023-02-11 18:00:00+00:00,short,buy,21690.6,,1936.46,-0.05,67.12
2023-02-11 21:00:00+00:00,short,sell - direction_change,21690.6,21661.4,1938.1,0.08,67.2
2023-02-11 21:00:00+00:00,long,buy,21661.4,,1937.13,-0.05,67.15
2023-02-12 21:00:00+00:00,long,sell - direction_change,21661.4,21955.1,1962.43,1.31,68.46
2023-02-12 21:00:00+00:00,short,buy,21955.1,,1961.45,-0.05,68.41
2023-02-13 07:00:00+00:00,short,sell - direction_change,21955.1,21814.6,1973.02,0.59,69.0
2023-02-13 07:00:00+00:00,long,buy,21814.6,,1972.03,-0.05,68.95
2023-02-13 08:00:00+00:00,long,sell - direction_change,21814.6,21857.1,1974.89,0.14,69.09
2023-02-13 08:00:00+00:00,short,buy,21857.1,,1973.9,-0.05,69.04
2023-02-13 23:00:00+00:00,short,sell - direction_change,21857.1,21628.6,1993.55,1.0,70.04
2023-02-13 23:00:00+00:00,long,buy,21628.6,,1992.55,-0.05,69.99
2023-02-14 15:00:00+00:00,long,sell - take_profit,21628.6,22277.458,2051.33,2.95,72.94
2023-02-14 16:00:00+00:00,long,buy,22033.4,,2050.31,-0.05,72.89
2023-02-15 06:00:00+00:00,long,sell - direction_change,22033.4,22125.9,2057.89,0.37,73.26
2023-02-15 06:00:00+00:00,short,buy,22125.9,,2056.86,-0.05,73.21
2023-02-15 09:00:00+00:00,short,sell - direction_change,22125.9,22080.8,2060.02,0.15,73.36
2023-02-15 09:00:00+00:00,long,buy,22080.8,,2058.99,-0.05,73.31
2023-02-15 12:12:00+00:00,long,sell - take_profit,22080.8,22743.224,2119.73,2.95,76.26
2023-02-15 13:00:00+00:00,long,buy,22763.6,,2118.67,-0.05,76.21
2023-02-15 20:08:00+00:00,long,sell - take_profit,22763.6,23446.507999999998,2181.17,2.95,79.16
2023-02-15 21:00:00+00:00,long,buy,24144.8,,2180.08,-0.05,79.11
2023-02-16 00:22:00+00:00,long,sell - take_profit,24144.8,24869.144,2244.4,2.95,82.06
2023-02-16 01:00:00+00:00,long,buy,24609.9,,2243.27,-0.05,82.01
2023-02-16 13:59:00+00:00,long,sell - stop_loss,24609.9,24363.801,2219.72,-1.05,80.96
2023-02-16 14:00:00+00:00,long,buy,24465.1,,2218.61,-0.05,80.91
2023-02-16 16:03:00+00:00,long,sell - take_profit,24465.1,25199.053,2284.06,2.95,83.86
2023-02-16 17:00:00+00:00,long,buy,24905.4,,2282.92,-0.05,83.81
2023-02-16 20:24:00+00:00,long,sell - stop_loss,24905.4,24656.346,2258.95,-1.05,82.76
2023-02-16 21:00:00+00:00,long,buy,24581.5,,2257.82,-0.05,82.71
2023-02-16 22:00:00+00:00,long,sell - direction_change,24581.5,24554.0,2254.16,-0.16,82.55
2023-02-16 22:00:00+00:00,short,buy,24554.0,,2253.03,-0.05,82.5
2023-02-16 23:35:00+00:00,short,sell - take_profit,24554.0,23817.38,2319.5,2.95,85.45
2023-02-17 00:00:00+00:00,short,buy,23526.6,,2318.34,-0.05,85.4
2023-02-17 00:35:00+00:00,short,sell - stop_loss,23526.6,23761.865999999998,2294.0,-1.05,84.35
2023-02-17 01:00:00+00:00,short,buy,23718.5,,2292.85,-0.05,84.3
2023-02-17 14:21:00+00:00,short,sell - stop_loss,23718.5,23955.685,2268.77,-1.05,83.25
2023-02-17 15:00:00+00:00,long,buy,23865.5,,2267.64,-0.05,83.2
2023-02-17 20:00:00+00:00,long,sell - take_profit,23865.5,24581.465,2334.54,2.95,86.15
2023-02-17 21:00:00+00:00,long,buy,24835.2,,2333.37,-0.05,86.1
2023-02-17 21:59:00+00:00,long,sell - stop_loss,24835.2,24586.848,2308.87,-1.05,85.05
2023-02-17 22:00:00+00:00,long,buy,24483.7,,2307.71,-0.05,85.0
2023-02-17 22:08:00+00:00,long,sell - stop_loss,24483.7,24238.863,2283.48,-1.05,83.95
2023-02-17 23:00:00+00:00,long,buy,24683.3,,2282.34,-0.05,83.9
2023-02-18 07:54:00+00:00,long,sell - stop_loss,24683.3,24436.467,2258.38,-1.05,82.85
2023-02-18 08:00:00+00:00,long,buy,24522.7,,2257.25,-0.05,82.8
2023-02-19 06:00:00+00:00,long,sell - direction_change,24522.7,24766.2,2278.53,0.94,83.74
2023-02-19 06:00:00+00:00,short,buy,24766.2,,2277.39,-0.05,83.69
2023-02-19 12:00:00+00:00,short,sell - direction_change,24766.2,24665.3,2285.53,0.36,84.05
2023-02-19 12:00:00+00:00,long,buy,24665.3,,2284.39,-0.05,84.0
2023-02-19 13:00:00+00:00,long,sell - direction_change,24665.3,24700.4,2286.5,0.09,84.09
2023-02-19 13:00:00+00:00,short,buy,24700.4,,2285.35,-0.05,84.04
2023-02-19 14:00:00+00:00,short,sell - direction_change,24700.4,24666.1,2287.39,0.09,84.13
2023-02-19 14:00:00+00:00,long,buy,24666.1,,2286.24,-0.05,84.08
2023-02-19 17:00:00+00:00,long,sell - direction_change,24666.1,24781.1,2295.76,0.42,84.5
2023-02-19 17:00:00+00:00,short,buy,24781.1,,2294.61,-0.05,84.45
2023-02-20 01:10:00+00:00,short,sell - take_profit,24781.1,24037.666999999998,2362.3,2.95,87.4
2023-02-20 02:00:00+00:00,short,buy,24231.0,,2361.12,-0.05,87.35
2023-02-20 04:13:00+00:00,short,sell - stop_loss,24231.0,24473.31,2336.33,-1.05,86.3
2023-02-20 05:00:00+00:00,short,buy,24482.3,,2335.16,-0.05,86.25
2023-02-20 09:00:00+00:00,short,sell - direction_change,24482.3,24455.6,2336.54,0.06,86.31
2023-02-20 09:00:00+00:00,long,buy,24455.6,,2335.37,-0.05,86.26
2023-02-20 22:00:00+00:00,long,sell - direction_change,24455.6,24770.0,2364.23,1.24,87.49
2023-02-20 22:00:00+00:00,short,buy,24770.0,,2363.04,-0.05,87.44
2023-02-20 23:00:00+00:00,short,sell - direction_change,24770.0,24704.7,2368.09,0.21,87.66
2023-02-20 23:00:00+00:00,long,buy,24704.7,,2366.91,-0.05,87.61
2023-02-21 08:00:00+00:00,long,sell - direction_change,24704.7,25004.6,2394.46,1.16,88.77
2023-02-21 08:00:00+00:00,short,buy,25004.6,,2393.26,-0.05,88.72
2023-02-21 08:29:00+00:00,short,sell - stop_loss,25004.6,25254.645999999997,2368.13,-1.05,87.67
2023-02-21 09:00:00+00:00,short,buy,24684.4,,2366.95,-0.05,87.62
2023-02-22 02:03:00+00:00,short,sell - take_profit,24684.4,23943.868000000002,2436.77,2.95,90.57
2023-02-22 03:00:00+00:00,short,buy,24165.0,,2435.55,-0.05,90.52
2023-02-23 00:00:00+00:00,short,sell - direction_change,24165.0,24171.3,2433.7,-0.08,90.44
2023-02-23 00:00:00+00:00,long,buy,24171.3,,2432.48,-0.05,90.39
2023-02-23 11:00:00+00:00,long,sell - direction_change,24171.3,24245.1,2438.69,0.26,90.65
2023-02-23 11:00:00+00:00,short,buy,24245.1,,2437.48,-0.05,90.6
2023-02-24 15:27:00+00:00,short,sell - take_profit,24245.1,23517.747,2509.38,2.95,93.55
2023-02-24 16:00:00+00:00,short,buy,23337.1,,2508.13,-0.05,93.5
2023-02-25 22:00:00+00:00,short,sell - direction_change,23337.1,22927.2,2550.93,1.71,95.21
2023-02-25 22:00:00+00:00,long,buy,22927.2,,2549.65,-0.05,95.16
2023-02-26 20:33:00+00:00,long,sell - take_profit,22927.2,23615.016,2624.87,2.95,98.11
2023-02-26 21:00:00+00:00,long,buy,23627.0,,2623.55,-0.05,98.06
2023-02-26 22:24:00+00:00,long,sell - stop_loss,23627.0,23390.73,2596.01,-1.05,97.01
2023-02-26 23:00:00+00:00,long,buy,23469.2,,2594.71,-0.05,96.96
2023-02-27 05:00:00+00:00,long,sell - direction_change,23469.2,23480.3,2594.64,-0.0,96.95
2023-02-27 05:00:00+00:00,short,buy,23480.3,,2593.34,-0.05,96.9
2023-02-27 10:00:00+00:00,short,sell - direction_change,23480.3,23378.9,2603.24,0.38,97.28
2023-02-27 10:00:00+00:00,long,buy,23378.9,,2601.94,-0.05,97.23
2023-02-27 11:00:00+00:00,long,sell - direction_change,23378.9,23370.2,2599.67,-0.09,97.15
2023-02-27 11:00:00+00:00,short,buy,23370.2,,2598.37,-0.05,97.1
2023-02-27 13:00:00+00:00,short,sell - direction_change,23370.2,23394.5,2594.37,-0.15,96.94
2023-02-27 13:00:00+00:00,long,buy,23394.5,,2593.07,-0.05,96.89
2023-02-27 16:00:00+00:00,long,sell - direction_change,23394.5,23546.5,2608.63,0.6,97.49
2023-02-27 16:00:00+00:00,short,buy,23546.5,,2607.32,-0.05,97.44
2023-02-27 22:00:00+00:00,short,sell - direction_change,23546.5,23371.5,2625.39,0.69,98.14
2023-02-27 22:00:00+00:00,long,buy,23371.5,,2624.08,-0.05,98.09
2023-02-28 00:00:00+00:00,long,sell - direction_change,23371.5,23480.0,2634.95,0.41,98.5
2023-02-28 00:00:00+00:00,short,buy,23480.0,,2633.63,-0.05,98.45
2023-02-28 03:00:00+00:00,short,sell - direction_change,23480.0,23432.0,2637.7,0.15,98.6
2023-02-28 03:00:00+00:00,long,buy,23432.0,,2636.38,-0.05,98.55
2023-02-28 04:00:00+00:00,long,sell - direction_change,23432.0,23454.3,2637.57,0.05,98.6
2023-02-28 04:00:00+00:00,short,buy,23454.3,,2636.26,-0.05,98.55
2023-02-28 12:00:00+00:00,short,sell - direction_change,23454.3,23381.5,2643.12,0.26,98.81
2023-02-28 12:00:00+00:00,long,buy,23381.5,,2641.8,-0.05,98.76
2023-02-28 13:00:00+00:00,long,sell - direction_change,23381.5,23445.6,2647.72,0.22,98.98
2023-02-28 13:00:00+00:00,short,buy,23445.6,,2646.4,-0.05,98.93
2023-02-28 14:00:00+00:00,short,sell - direction_change,23445.6,23394.6,2650.83,0.17,99.1
2023-02-28 14:00:00+00:00,long,buy,23394.6,,2649.5,-0.05,99.05
2023-02-28 19:00:00+00:00,long,sell - direction_change,23394.6,23470.0,2656.72,0.27,99.32
2023-02-28 19:00:00+00:00,short,buy,23470.0,,2655.39,-0.05,99.27
2023-03-01 03:00:00+00:00,short,sell - direction_change,23470.0,23318.9,2671.16,0.59,99.87
2023-03-01 03:00:00+00:00,long,buy,23318.9,,2669.82,-0.05,99.82
2023-03-01 08:54:00+00:00,long,sell - take_profit,23318.9,24018.467,2748.58,2.95,102.77
2023-03-01 09:00:00+00:00,long,buy,23862.4,,2747.21,-0.05,102.72
2023-03-01 13:33:00+00:00,long,sell - stop_loss,23862.4,23623.776,2718.36,-1.05,101.67
2023-03-01 14:00:00+00:00,long,buy,23686.4,,2717.0,-0.05,101.62
2023-03-01 19:00:00+00:00,long,sell - direction_change,23686.4,23687.3,2715.75,-0.05,101.57
2023-03-01 19:00:00+00:00,short,buy,23687.3,,2714.39,-0.05,101.52
2023-03-02 00:00:00+00:00,short,sell - direction_change,23687.3,23619.8,2720.77,0.23,101.76
2023-03-02 00:00:00+00:00,long,buy,23619.8,,2719.41,-0.05,101.71
2023-03-02 01:00:00+00:00,long,sell - direction_change,23619.8,23596.0,2715.31,-0.15,101.56
2023-03-02 01:00:00+00:00,short,buy,23596.0,,2713.95,-0.05,101.51
2023-03-02 20:00:00+00:00,short,sell - direction_change,23596.0,23456.7,2728.61,0.54,102.05
2023-03-02 20:00:00+00:00,long,buy,23456.7,,2727.25,-0.05,102.0
2023-03-02 21:00:00+00:00,long,sell - direction_change,23456.7,23455.3,2725.72,-0.06,101.94
2023-03-02 21:00:00+00:00,short,buy,23455.3,,2724.36,-0.05,101.89
2023-03-02 22:00:00+00:00,short,sell - direction_change,23455.3,23400.1,2729.41,0.19,102.08
2023-03-02 22:00:00+00:00,long,buy,23400.1,,2728.05,-0.05,102.03
2023-03-03 01:00:00+00:00,long,sell - direction_change,23400.1,23406.8,2727.46,-0.02,102.0
2023-03-03 01:00:00+00:00,short,buy,23406.8,,2726.1,-0.05,101.95
2023-03-03 01:31:00+00:00,short,sell - take_profit,23406.8,22704.595999999998,2806.52,2.95,104.9
2023-03-03 02:00:00+00:00,short,buy,22137.2,,2805.12,-0.05,104.85
2023-03-03 02:20:00+00:00,short,sell - stop_loss,22137.2,22358.572,2775.66,-1.05,103.8
2023-03-03 03:00:00+00:00,short,buy,22335.6,,2774.27,-0.05,103.75
2023-03-04 06:00:00+00:00,short,sell - direction_change,22335.6,22316.0,2775.32,0.04,103.79
2023-03-04 06:00:00+00:00,long,buy,22316.0,,2773.93,-0.05,103.74
2023-03-04 08:00:00+00:00,long,sell - direction_change,22316.0,22346.6,2776.35,0.09,103.83
2023-03-04 08:00:00+00:00,short,buy,22346.6,,2774.96,-0.05,103.78
2023-03-04 11:00:00+00:00,short,sell - direction_change,22346.6,22321.7,2776.67,0.06,103.84
2023-03-04 11:00:00+00:00,long,buy,22321.7,,2775.28,-0.05,103.79
2023-03-04 14:00:00+00:00,long,sell - direction_change,22321.7,22344.5,2776.73,0.05,103.84
2023-03-04 14:00:00+00:00,short,buy,22344.5,,2775.34,-0.05,103.79
2023-03-05 01:00:00+00:00,short,sell - direction_change,22344.5,22370.1,2770.77,-0.16,103.63
2023-03-05 01:00:00+00:00,long,buy,22370.1,,2769.38,-0.05,103.58
2023-03-06 01:00:00+00:00,long,sell - direction_change,22370.1,22434.9,2776.02,0.24,103.82
2023-03-06 01:00:00+00:00,short,buy,22434.9,,2774.63,-0.05,103.77
2023-03-06 08:00:00+00:00,short,sell - direction_change,22434.9,22380.9,2779.92,0.19,103.96
2023-03-06 08:00:00+00:00,long,buy,22380.9,,2778.53,-0.05,103.91
2023-03-06 09:00:00+00:00,long,sell - direction_change,22380.9,22406.1,2780.27,0.06,103.97
2023-03-06 09:00:00+00:00,short,buy,22406.1,,2778.88,-0.05,103.92
2023-03-06 13:00:00+00:00,short,sell - direction_change,22406.1,22390.1,2779.48,0.02,103.94
2023-03-06 13:00:00+00:00,long,buy,22390.1,,2778.09,-0.05,103.89
2023-03-06 19:00:00+00:00,long,sell - direction_change,22390.1,22494.1,2789.6,0.41,104.31
2023-03-06 19:00:00+00:00,short,buy,22494.1,,2788.21,-0.05,104.26
2023-03-06 22:00:00+00:00,short,sell - direction_change,22494.1,22399.1,2798.59,0.37,104.63
2023-03-06 22:00:00+00:00,long,buy,22399.1,,2797.19,-0.05,104.58
2023-03-06 23:00:00+00:00,long,sell - direction_change,22399.1,22425.9,2799.14,0.07,104.65
2023-03-06 23:00:00+00:00,short,buy,22425.9,,2797.74,-0.05,104.6
2023-03-07 01:00:00+00:00,short,sell - direction_change,22425.9,22402.9,2799.21,0.05,104.65
2023-03-07 01:00:00+00:00,long,buy,22402.9,,2797.81,-0.05,104.6
2023-03-07 06:00:00+00:00,long,sell - direction_change,22402.9,22448.5,2802.11,0.15,104.76
2023-03-07 06:00:00+00:00,short,buy,22448.5,,2800.71,-0.05,104.71
2023-03-08 16:00:00+00:00,short,sell - direction_change,22448.5,22129.6,2839.09,1.37,106.08
2023-03-08 16:00:00+00:00,long,buy,22129.6,,2837.67,-0.05,106.03
2023-03-08 17:00:00+00:00,long,sell - direction_change,22129.6,22131.8,2836.54,-0.04,105.99
2023-03-08 17:00:00+00:00,short,buy,22131.8,,2835.12,-0.05,105.94
2023-03-09 16:45:00+00:00,short,sell - take_profit,22131.8,21467.845999999998,2918.75,2.95,108.89
2023-03-09 17:00:00+00:00,short,buy,21470.0,,2917.29,-0.05,108.84
2023-03-09 19:07:00+00:00,short,sell - take_profit,21470.0,20825.899999999998,3003.35,2.95,111.79
2023-03-09 20:00:00+00:00,short,buy,20845.6,,3001.85,-0.05,111.74
2023-03-09 20:57:00+00:00,short,sell - take_profit,20845.6,20220.231999999996,3090.41,2.95,114.69
2023-03-09 21:00:00+00:00,short,buy,20098.0,,3088.86,-0.05,114.64
2023-03-09 21:06:00+00:00,short,sell - stop_loss,20098.0,20298.98,3056.43,-1.05,113.59
2023-03-09 22:00:00+00:00,short,buy,20203.9,,3054.9,-0.05,113.54
2023-03-09 22:12:00+00:00,short,sell - stop_loss,20203.9,20405.939000000002,3022.82,-1.05,112.49
2023-03-09 23:00:00+00:00,short,buy,20328.5,,3021.31,-0.05,112.44
2023-03-10 10:33:00+00:00,short,sell - take_profit,20328.5,19718.645,3110.44,2.95,115.39
2023-03-10 11:00:00+00:00,short,buy,19614.1,,3108.89,-0.05,115.34
2023-03-10 12:18:00+00:00,short,sell - stop_loss,19614.1,19810.240999999998,3076.24,-1.05,114.29
2023-03-10 13:00:00+00:00,short,buy,19920.6,,3074.7,-0.05,114.24
2023-03-10 13:30:00+00:00,short,sell - stop_loss,19920.6,20119.806,3042.42,-1.05,113.19
2023-03-10 14:00:00+00:00,short,buy,20173.0,,3040.9,-0.05,113.14
2023-03-10 16:00:00+00:00,short,sell - direction_change,20173.0,19995.0,3066.21,0.83,113.97
2023-03-10 16:00:00+00:00,long,buy,19995.0,,3064.68,-0.05,113.92
2023-03-10 17:00:00+00:00,long,sell - direction_change,19995.0,20005.7,3064.79,0.0,113.92
2023-03-10 17:00:00+00:00,short,buy,20005.7,,3063.25,-0.05,113.87
2023-03-10 19:00:00+00:00,short,sell - direction_change,20005.7,19838.5,3087.32,0.79,114.66
2023-03-10 19:00:00+00:00,long,buy,19838.5,,3085.78,-0.05,114.61
2023-03-10 20:00:00+00:00,long,sell - direction_change,19838.5,20014.5,3111.61,0.84,115.44
2023-03-10 20:00:00+00:00,short,buy,20014.5,,3110.06,-0.05,115.39
2023-03-10 23:00:00+00:00,short,sell - direction_change,20014.5,20087.0,3097.24,-0.41,114.98
2023-03-10 23:00:00+00:00,long,buy,20087.0,,3095.69,-0.05,114.93
2023-03-11 07:00:00+00:00,long,sell - direction_change,20087.0,20275.2,3123.14,0.89,115.82
2023-03-11 07:00:00+00:00,short,buy,20275.2,,3121.58,-0.05,115.77
2023-03-11 18:00:00+00:00,short,sell - direction_change,20275.2,20236.9,3125.92,0.14,115.91
2023-03-11 18:00:00+00:00,long,buy,20236.9,,3124.35,-0.05,115.86
2023-03-12 12:00:00+00:00,long,sell - direction_change,20236.9,20434.9,3153.36,0.93,116.79
2023-03-12 12:00:00+00:00,short,buy,20434.9,,3151.78,-0.05,116.74
2023-03-12 13:00:00+00:00,short,sell - direction_change,20434.9,20373.5,3159.68,0.25,116.99
2023-03-12 13:00:00+00:00,long,buy,20373.5,,3158.1,-0.05,116.94
2023-03-12 14:00:00+00:00,long,sell - direction_change,20373.5,20371.6,3156.23,-0.06,116.88
2023-03-12 14:00:00+00:00,short,buy,20371.6,,3154.65,-0.05,116.83
2023-03-12 15:00:00+00:00,short,sell - direction_change,20371.6,20331.3,3159.31,0.15,116.98
2023-03-12 15:00:00+00:00,long,buy,20331.3,,3157.73,-0.05,116.93
2023-03-12 18:27:00+00:00,long,sell - take_profit,20331.3,20941.239,3250.88,2.95,119.88
2023-03-12 19:00:00+00:00,long,buy,21068.1,,3249.26,-0.05,119.83
2023-03-12 19:20:00+00:00,long,sell - stop_loss,21068.1,20857.418999999998,3215.14,-1.05,118.78
2023-03-12 20:00:00+00:00,long,buy,20770.6,,3213.53,-0.05,118.73
2023-03-12 22:17:00+00:00,long,sell - take_profit,20770.6,21393.718,3308.33,2.95,121.68
2023-03-12 23:00:00+00:00,long,buy,21694.5,,3306.68,-0.05,121.63
2023-03-13 00:41:00+00:00,long,sell - take_profit,21694.5,22345.335,3404.23,2.95,124.58
2023-03-13 01:00:00+00:00,long,buy,22436.7,,3402.52,-0.05,124.53
2023-03-13 02:19:00+00:00,long,sell - stop_loss,22436.7,22212.333,3366.8,-1.05,123.48
2023-03-13 03:00:00+00:00,long,buy,22174.5,,3365.11,-0.05,123.43
2023-03-13 09:34:00+00:00,long,sell - stop_loss,22174.5,21952.755,3329.78,-1.05,122.38
2023-03-13 10:00:00+00:00,long,buy,21956.1,,3328.12,-0.05,122.33
2023-03-13 12:00:00+00:00,long,sell - direction_change,21956.1,22092.6,3347.14,0.57,122.9
2023-03-13 12:00:00+00:00,short,buy,22092.6,,3345.47,-0.05,122.85
2023-03-13 13:00:00+00:00,short,sell - direction_change,22092.6,22123.0,3339.19,-0.19,122.66
2023-03-13 13:00:00+00:00,long,buy,22123.0,,3337.52,-0.05,122.61
2023-03-13 14:08:00+00:00,long,sell - take_profit,22123.0,22786.690000000002,3435.98,2.95,125.56
2023-03-13 15:00:00+00:00,long,buy,23472.9,,3434.26,-0.05,125.51
2023-03-13 15:08:00+00:00,long,sell - take_profit,23472.9,24177.087000000003,3535.57,2.95,128.46
2023-03-13 16:00:00+00:00,long,buy,24009.0,,3533.8,-0.05,128.41
2023-03-14 05:11:00+00:00,long,sell - take_profit,24009.0,24729.27,3638.05,2.95,131.36
2023-03-14 06:00:00+00:00,long,buy,24324.1,,3636.23,-0.05,131.31
2023-03-14 12:30:00+00:00,long,sell - take_profit,24324.1,25053.823,3743.5,2.95,134.26
2023-03-14 13:00:00+00:00,long,buy,25870.0,,3741.63,-0.05,134.21
2023-03-14 13:54:00+00:00,long,sell - stop_loss,25870.0,25611.3,3702.34,-1.05,133.16
2023-03-14 14:00:00+00:00,long,buy,25794.3,,3700.49,-0.05,133.11
2023-03-14 18:01:00+00:00,long,sell - stop_loss,25794.3,25536.357,3661.64,-1.05,132.06
2023-03-14 19:00:00+00:00,long,buy,25007.2,,3659.81,-0.05,132.01
2023-03-14 19:13:00+00:00,long,sell - stop_loss,25007.2,24757.128,3621.38,-1.05,130.96
2023-03-14 20:00:00+00:00,long,buy,25066.4,,3619.57,-0.05,130.91
2023-03-14 20:21:00+00:00,long,sell - stop_loss,25066.4,24815.736,3581.56,-1.05,129.86
2023-03-14 21:00:00+00:00,short,buy,24583.1,,3579.77,-0.05,129.81
2023-03-15 01:02:00+00:00,short,sell - stop_loss,24583.1,24828.931,3542.18,-1.05,128.76
2023-03-15 02:00:00+00:00,short,buy,24919.7,,3540.41,-0.05,128.71
2023-03-15 12:31:00+00:00,short,sell - stop_loss,24919.7,25168.897,3503.24,-1.05,127.66
2023-03-15 13:00:00+00:00,short,buy,24831.9,,3501.49,-0.05,127.61
2023-03-15 13:18:00+00:00,short,sell - stop_loss,24831.9,25080.219,3464.72,-1.05,126.56
2023-03-15 14:00:00+00:00,short,buy,24799.9,,3462.99,-0.05,126.51
2023-03-15 17:02:00+00:00,short,sell - take_profit,24799.9,24055.903000000002,3565.15,2.95,129.46
2023-03-15 18:00:00+00:00,short,buy,24290.3,,3563.36,-0.05,129.41
2023-03-15 18:31:00+00:00,short,sell - stop_loss,24290.3,24533.202999999998,3525.95,-1.05,128.36
2023-03-15 19:00:00+00:00,short,buy,24418.5,,3524.19,-0.05,128.31
2023-03-16 06:00:00+00:00,short,sell - direction_change,24418.5,24345.1,3533.02,0.25,128.56
2023-03-16 06:00:00+00:00,long,buy,24345.1,,3531.25,-0.05,128.51
2023-03-16 19:24:00+00:00,long,sell - take_profit,24345.1,25075.452999999998,3635.42,2.95,131.46
2023-03-16 20:00:00+00:00,long,buy,24945.9,,3633.6,-0.05,131.41
2023-03-16 20:54:00+00:00,long,sell - stop_loss,24945.9,24696.441000000003,3595.45,-1.05,130.36
2023-03-16 21:00:00+00:00,long,buy,24680.5,,3593.65,-0.05,130.31
2023-03-17 01:29:00+00:00,long,sell - take_profit,24680.5,25420.915,3699.67,2.95,133.26
2023-03-17 02:00:00+00:00,long,buy,25654.5,,3697.82,-0.05,133.21
2023-03-17 10:05:00+00:00,long,sell - take_profit,25654.5,26424.135000000002,3806.9,2.95,136.16
2023-03-17 11:00:00+00:00,long,buy,26694.8,,3805.0,-0.05,136.11
2023-03-17 12:37:00+00:00,long,sell - stop_loss,26694.8,26427.852,3765.05,-1.05,135.06
2023-03-17 13:00:00+00:00,long,buy,26631.0,,3763.16,-0.05,135.01
2023-03-17 14:35:00+00:00,long,sell - stop_loss,26631.0,26364.69,3723.65,-1.05,133.96
2023-03-17 15:00:00+00:00,long,buy,26280.0,,3721.79,-0.05,133.91
2023-03-17 21:42:00+00:00,long,sell - take_profit,26280.0,27068.4,3831.58,2.95,136.86
2023-03-17 22:00:00+00:00,long,buy,27089.5,,3829.67,-0.05,136.81
2023-03-18 15:00:00+00:00,long,sell - direction_change,27089.5,27522.8,3889.01,1.55,138.36
2023-03-18 15:00:00+00:00,short,buy,27522.8,,3887.06,-0.05,138.31
2023-03-18 16:31:00+00:00,short,sell - take_profit,27522.8,26697.115999999998,4001.73,2.95,141.26
2023-03-18 17:00:00+00:00,short,buy,27343.0,,3999.73,-0.05,141.21
2023-03-18 18:00:00+00:00,short,sell - direction_change,27343.0,27305.8,4003.17,0.09,141.3
2023-03-18 18:00:00+00:00,long,buy,27305.8,,4001.17,-0.05,141.25
2023-03-18 21:00:00+00:00,long,sell - direction_change,27305.8,27313.0,4000.22,-0.02,141.22
2023-03-18 21:00:00+00:00,short,buy,27313.0,,3998.22,-0.05,141.17
2023-03-19 12:00:00+00:00,short,sell - direction_change,27313.0,27152.2,4019.76,0.54,141.71
2023-03-19 12:00:00+00:00,long,buy,27152.2,,4017.75,-0.05,141.66
2023-03-19 13:00:00+00:00,long,sell - direction_change,27152.2,27232.0,4027.55,0.24,141.91
2023-03-19 13:00:00+00:00,short,buy,27232.0,,4025.54,-0.05,141.86
2023-03-19 14:00:00+00:00,short,sell - direction_change,27232.0,27166.8,4033.17,0.19,142.04
2023-03-19 14:00:00+00:00,long,buy,27166.8,,4031.15,-0.05,141.99
2023-03-19 16:34:00+00:00,long,sell - take_profit,27166.8,27981.804,4150.07,2.95,144.94
2023-03-19 17:00:00+00:00,long,buy,27915.0,,4147.99,-0.05,144.89
2023-03-20 01:02:00+00:00,long,sell - stop_loss,27915.0,27635.85,4104.44,-1.05,143.84
2023-03-20 02:00:00+00:00,short,buy,27667.4,,4102.39,-0.05,143.79
2023-03-20 07:00:00+00:00,short,sell - direction_change,27667.4,27617.2,4107.78,0.13,143.93
2023-03-20 07:00:00+00:00,long,buy,27617.2,,4105.72,-0.05,143.88
2023-03-20 08:37:00+00:00,long,sell - take_profit,27617.2,28445.716,4226.84,2.95,146.83
2023-03-20 09:00:00+00:00,long,buy,28303.3,,4224.73,-0.05,146.78
2023-03-20 09:37:00+00:00,long,sell - stop_loss,28303.3,28020.267,4180.37,-1.05,145.73
2023-03-20 10:00:00+00:00,long,buy,28190.6,,4178.28,-0.05,145.68
2023-03-20 10:14:00+00:00,long,sell - stop_loss,28190.6,27908.694,4134.41,-1.05,144.63
2023-03-20 11:00:00+00:00,long,buy,28092.6,,4132.34,-0.05,144.58
2023-03-20 13:36:00+00:00,long,sell - stop_loss,28092.6,27811.674,4088.95,-1.05,143.53
2023-03-20 14:00:00+00:00,long,buy,27807.8,,4086.91,-0.05,143.48
2023-03-20 16:00:00+00:00,long,sell - direction_change,27807.8,27679.7,4066.04,-0.51,142.97
2023-03-20 16:00:00+00:00,short,buy,27679.7,,4064.0,-0.05,142.92
2023-03-20 18:31:00+00:00,short,sell - stop_loss,27679.7,27956.497,4021.33,-1.05,141.87
2023-03-20 19:00:00+00:00,short,buy,27968.4,,4019.32,-0.05,141.82
2023-03-20 20:00:00+00:00,short,sell - direction_change,27968.4,27769.6,4045.88,0.66,142.48
2023-03-20 20:00:00+00:00,long,buy,27769.6,,4043.86,-0.05,142.43
2023-03-20 23:00:00+00:00,long,sell - direction_change,27769.6,27937.1,4066.23,0.55,142.98
2023-03-20 23:00:00+00:00,short,buy,27937.1,,4064.19,-0.05,142.93
2023-03-21 09:00:00+00:00,short,sell - direction_change,27937.1,27633.2,4106.37,1.04,143.97
2023-03-21 09:00:00+00:00,long,buy,27633.2,,4104.32,-0.05,143.92
2023-03-22 14:33:00+00:00,long,sell - take_profit,27633.2,28462.196,4225.4,2.95,146.87
2023-03-22 15:00:00+00:00,long,buy,28545.9,,4223.28,-0.05,146.82
2023-03-22 18:00:00+00:00,long,sell - direction_change,28545.9,28500.4,4214.44,-0.21,146.61
2023-03-22 18:00:00+00:00,short,buy,28500.4,,4212.33,-0.05,146.56
2023-03-22 18:00:00+00:00,short,sell - stop_loss,28500.4,28785.404000000002,4168.1,-1.05,145.51
2023-03-22 19:00:00+00:00,short,buy,28018.9,,4166.02,-0.05,145.46
2023-03-22 19:09:00+00:00,short,sell - take_profit,28018.9,27178.333000000002,4288.92,2.95,148.41
2023-03-22 20:00:00+00:00,short,buy,26653.3,,4286.77,-0.05,148.36
2023-03-22 20:08:00+00:00,short,sell - stop_loss,26653.3,26919.833,4241.76,-1.05,147.31
2023-03-22 21:00:00+00:00,short,buy,27294.9,,4239.64,-0.05,147.26
2023-03-23 05:41:00+00:00,short,sell - stop_loss,27294.9,27567.849000000002,4195.13,-1.05,146.21
2023-03-23 06:00:00+00:00,short,buy,27608.0,,4193.03,-0.05,146.16
2023-03-23 08:00:00+00:00,short,sell - direction_change,27608.0,27616.3,4189.67,-0.08,146.08
2023-03-23 08:00:00+00:00,long,buy,27616.3,,4187.58,-0.05,146.03
2023-03-23 12:00:00+00:00,long,sell - direction_change,27616.3,27573.5,4178.99,-0.2,145.82
2023-03-23 12:00:00+00:00,short,buy,27573.5,,4176.9,-0.05,145.77
2023-03-23 14:00:00+00:00,short,sell - direction_change,27573.5,27354.7,4207.96,0.74,146.52
2023-03-23 14:00:00+00:00,long,buy,27354.7,,4205.85,-0.05,146.47
2023-03-23 15:00:00+00:00,long,sell - take_profit,27354.7,28175.341,4329.93,2.95,149.42
2023-03-23 16:00:00+00:00,long,buy,28574.6,,4327.76,-0.05,149.37
2023-03-23 17:12:00+00:00,long,sell - stop_loss,28574.6,28288.854,4282.32,-1.05,148.32
2023-03-23 18:00:00+00:00,long,buy,28291.7,,4280.18,-0.05,148.27
2023-03-23 18:48:00+00:00,long,sell - stop_loss,28291.7,28008.783,4235.24,-1.05,147.22
2023-03-23 19:00:00+00:00,long,buy,27893.2,,4233.12,-0.05,147.17
2023-03-24 08:00:00+00:00,long,sell - direction_change,27893.2,28270.0,4288.19,1.3,148.47
2023-03-24 08:00:00+00:00,short,buy,28270.0,,4286.04,-0.05,148.42
2023-03-24 11:47:00+00:00,short,sell - take_profit,28270.0,27421.899999999998,4412.48,2.95,151.37
2023-03-24 12:00:00+00:00,short,buy,27558.4,,4410.28,-0.05,151.32
2023-03-24 12:09:00+00:00,short,sell - stop_loss,27558.4,27833.984,4363.97,-1.05,150.27
2023-03-24 13:00:00+00:00,short,buy,27965.6,,4361.79,-0.05,150.22
2023-03-24 14:14:00+00:00,short,sell - stop_loss,27965.6,28245.255999999998,4315.99,-1.05,149.17
2023-03-24 15:00:00+00:00,short,buy,27976.6,,4313.83,-0.05,149.12
2023-03-24 21:21:00+00:00,short,sell - take_profit,27976.6,27137.301999999996,4441.09,2.95,152.07
2023-03-24 22:00:00+00:00,short,buy,27315.0,,4438.87,-0.05,152.02
2023-03-25 02:25:00+00:00,short,sell - stop_loss,27315.0,27588.15,4392.26,-1.05,150.97
2023-03-25 03:00:00+00:00,short,buy,27585.6,,4390.06,-0.05,150.92
2023-03-25 15:00:00+00:00,short,sell - direction_change,27585.6,27511.7,4399.63,0.22,151.13
2023-03-25 15:00:00+00:00,long,buy,27511.7,,4397.43,-0.05,151.08
2023-03-25 17:00:00+00:00,long,sell - direction_change,27511.7,27611.7,4411.21,0.31,151.4
2023-03-25 17:00:00+00:00,short,buy,27611.7,,4409.01,-0.05,151.35
2023-03-26 03:00:00+00:00,short,sell - direction_change,27611.7,27576.8,4412.38,0.08,151.42
2023-03-26 03:00:00+00:00,long,buy,27576.8,,4410.17,-0.05,151.37
2023-03-26 06:00:00+00:00,long,sell - direction_change,27576.8,27531.7,4400.75,-0.21,151.16
2023-03-26 06:00:00+00:00,short,buy,27531.7,,4398.55,-0.05,151.11
2023-03-26 07:00:00+00:00,short,sell - direction_change,27531.7,27482.9,4404.15,0.13,151.24
2023-03-26 07:00:00+00:00,long,buy,27482.9,,4401.95,-0.05,151.19
2023-03-27 05:00:00+00:00,long,sell - direction_change,27482.9,27894.1,4465.61,1.45,152.63
2023-03-27 05:00:00+00:00,short,buy,27894.1,,4463.37,-0.05,152.58
2023-03-27 09:00:00+00:00,short,sell - direction_change,27894.1,27837.4,4470.22,0.15,152.74
2023-03-27 09:00:00+00:00,long,buy,27837.4,,4467.98,-0.05,152.69
2023-03-27 12:00:00+00:00,long,sell - direction_change,27837.4,27879.9,4472.57,0.1,152.79
2023-03-27 12:00:00+00:00,short,buy,27879.9,,4470.33,-0.05,152.74
2023-03-27 14:58:00+00:00,short,sell - take_profit,27879.9,27043.503,4602.21,2.95,155.69
2023-03-27 15:00:00+00:00,short,buy,26933.0,,4599.91,-0.05,155.64
2023-03-27 16:16:00+00:00,short,sell - stop_loss,26933.0,27202.33,4551.61,-1.05,154.59
2023-03-27 17:00:00+00:00,short,buy,27133.2,,4549.33,-0.05,154.54
2023-03-28 06:00:00+00:00,short,sell - direction_change,27133.2,26962.7,4575.64,0.58,155.12
2023-03-28 06:00:00+00:00,long,buy,26962.7,,4573.36,-0.05,155.07
2023-03-28 07:00:00+00:00,long,sell - direction_change,26962.7,27055.6,4586.83,0.29,155.36
2023-03-28 07:00:00+00:00,short,buy,27055.6,,4584.53,-0.05,155.31
2023-03-28 18:00:00+00:00,short,sell - direction_change,27055.6,26851.1,4616.89,0.71,156.02
2023-03-28 18:00:00+00:00,long,buy,26851.1,,4614.58,-0.05,155.97
2023-03-29 04:32:00+00:00,long,sell - take_profit,26851.1,27656.632999999998,4750.71,2.95,158.92
2023-03-29 05:00:00+00:00,long,buy,27552.5,,4748.34,-0.05,158.87
2023-03-29 08:11:00+00:00,long,sell - take_profit,27552.5,28379.075,4888.41,2.95,161.82
2023-03-29 09:00:00+00:00,long,buy,28498.1,,4885.97,-0.05,161.77
2023-03-29 12:22:00+00:00,long,sell - stop_loss,28498.1,28213.119,4834.67,-1.05,160.72
2023-03-29 13:00:00+00:00,long,buy,28430.1,,4832.25,-0.05,160.67
2023-03-29 16:58:00+00:00,long,sell - stop_loss,28430.1,28145.799,4781.51,-1.05,159.62
2023-03-29 17:00:00+00:00,long,buy,28137.7,,4779.12,-0.05,159.57
2023-03-30 02:31:00+00:00,long,sell - take_profit,28137.7,28981.831000000002,4920.11,2.95,162.52
2023-03-30 03:00:00+00:00,long,buy,28952.1,,4917.65,-0.05,162.47
2023-03-30 03:06:00+00:00,long,sell - stop_loss,28952.1,28662.578999999998,4866.01,-1.05,161.42
2023-03-30 04:00:00+00:00,long,buy,28470.4,,4863.58,-0.05,161.37
2023-03-30 14:00:00+00:00,long,sell - direction_change,28470.4,28504.9,4867.04,0.07,161.44
2023-03-30 14:00:00+00:00,short,buy,28504.9,,4864.61,-0.05,161.39
2023-03-31 07:39:00+00:00,short,sell - take_profit,28504.9,27649.753,5008.11,2.95,164.34
2023-03-31 08:00:00+00:00,short,buy,27733.3,,5005.61,-0.05,164.29
2023-03-31 12:30:00+00:00,short,sell - stop_loss,27733.3,28010.632999999998,4953.05,-1.05,163.24
2023-03-31 13:00:00+00:00,long,buy,28098.0,,4950.57,-0.05,163.19
2023-04-01 07:00:00+00:00,long,sell - direction_change,28098.0,28474.9,5014.5,1.29,164.48
2023-04-01 07:00:00+00:00,short,buy,28474.9,,5011.99,-0.05,164.43
2023-04-01 08:00:00+00:00,short,sell - direction_change,28474.9,28416.1,5019.84,0.16,164.59
2023-04-01 08:00:00+00:00,long,buy,28416.1,,5017.33,-0.05,164.54
2023-04-01 09:00:00+00:00,long,sell - direction_change,28416.1,28426.4,5016.64,-0.01,164.52
2023-04-01 09:00:00+00:00,short,buy,28426.4,,5014.13,-0.05,164.47
2023-04-01 10:00:00+00:00,short,sell - direction_change,28426.4,28411.6,5014.23,0.0,164.48
2023-04-01 10:00:00+00:00,long,buy,28411.6,,5011.73,-0.05,164.43
2023-04-01 11:00:00+00:00,long,sell - direction_change,28411.6,28454.9,5016.86,0.1,164.53
2023-04-01 11:00:00+00:00,short,buy,28454.9,,5014.35,-0.05,164.48
2023-04-01 21:00:00+00:00,short,sell - direction_change,28454.9,28435.1,5015.33,0.02,164.5
2023-04-01 21:00:00+00:00,long,buy,28435.1,,5012.82,-0.05,164.45
2023-04-02 00:00:00+00:00,long,sell - direction_change,28435.1,28443.7,5011.83,-0.02,164.43
2023-04-02 00:00:00+00:00,short,buy,28443.7,,5009.33,-0.05,164.38
2023-04-02 03:00:00+00:00,short,sell - direction_change,28443.7,28391.6,5016.0,0.13,164.51
2023-04-02 03:00:00+00:00,long,buy,28391.6,,5013.49,-0.05,164.46
2023-04-02 04:00:00+00:00,long,sell - direction_change,28391.6,28463.0,5023.59,0.2,164.66
2023-04-02 04:00:00+00:00,short,buy,28463.0,,5021.08,-0.05,164.61
2023-04-02 05:00:00+00:00,short,sell - direction_change,28463.0,28370.0,5034.98,0.28,164.89
2023-04-02 05:00:00+00:00,long,buy,28370.0,,5032.46,-0.05,164.84
2023-04-02 07:00:00+00:00,long,sell - direction_change,28370.0,28445.1,5043.26,0.21,165.06
2023-04-02 07:00:00+00:00,short,buy,28445.1,,5040.74,-0.05,165.01
2023-04-03 01:43:00+00:00,short,sell - take_profit,28445.1,27591.747,5189.44,2.95,167.96
2023-04-03 02:00:00+00:00,short,buy,27696.7,,5186.85,-0.05,167.91
2023-04-03 08:00:00+00:00,short,sell - direction_change,27696.7,27946.5,5137.48,-0.95,166.95
2023-04-03 08:00:00+00:00,long,buy,27946.5,,5134.91,-0.05,166.9
2023-04-03 14:00:00+00:00,long,sell - direction_change,27946.5,28247.9,5187.72,1.03,167.93
2023-04-03 14:00:00+00:00,short,buy,28247.9,,5185.12,-0.05,167.88
2023-04-03 18:00:00+00:00,short,sell - direction_change,28247.9,27973.4,5232.92,0.92,168.8
2023-04-03 18:00:00+00:00,long,buy,27973.4,,5230.3,-0.05,168.75
2023-04-03 19:00:00+00:00,long,sell - direction_change,27973.4,28141.1,5259.04,0.55,169.3
2023-04-03 19:00:00+00:00,short,buy,28141.1,,5256.41,-0.05,169.25
2023-04-03 21:00:00+00:00,short,sell - take_profit,28141.1,27296.867,5411.48,2.95,172.2
2023-04-03 22:00:00+00:00,short,buy,27699.1,,5408.77,-0.05,172.15
2023-04-03 23:05:00+00:00,short,sell - stop_loss,27699.1,27976.091,5351.98,-1.05,171.1
2023-04-04 00:00:00+00:00,short,buy,27786.1,,5349.3,-0.05,171.05
2023-04-04 06:00:00+00:00,short,sell - direction_change,27786.1,27875.0,5329.51,-0.37,170.68
2023-04-04 06:00:00+00:00,long,buy,27875.0,,5326.85,-0.05,170.63
2023-04-05 00:57:00+00:00,long,sell - take_profit,27875.0,28711.25,5483.99,2.95,173.58
2023-04-05 01:00:00+00:00,long,buy,28655.7,,5481.25,-0.05,173.53
2023-04-05 12:34:00+00:00,long,sell - stop_loss,28655.7,28369.143,5423.7,-1.05,172.48
2023-04-05 13:00:00+00:00,short,buy,28556.4,,5420.98,-0.05,172.43
2023-04-06 10:37:00+00:00,short,sell - take_profit,28556.4,27699.708000000002,5580.9,2.95,175.38
2023-04-06 11:00:00+00:00,short,buy,27834.8,,5578.11,-0.05,175.33
2023-04-06 15:32:00+00:00,short,sell - stop_loss,27834.8,28113.148,5519.54,-1.05,174.28
2023-04-06 16:00:00+00:00,short,buy,28079.3,,5516.78,-0.05,174.23
2023-04-06 19:00:00+00:00,short,sell - direction_change,28079.3,27950.6,5539.31,0.41,174.64
2023-04-06 19:00:00+00:00,long,buy,27950.6,,5536.54,-0.05,174.59
2023-04-06 20:00:00+00:00,long,sell - direction_change,27950.6,28005.0,5544.55,0.14,174.74
2023-04-06 20:00:00+00:00,short,buy,28005.0,,5541.78,-0.05,174.69
2023-04-07 00:00:00+00:00,short,sell - direction_change,28005.0,28022.9,5535.46,-0.11,174.57
2023-04-07 00:00:00+00:00,long,buy,28022.9,,5532.7,-0.05,174.52
2023-04-07 02:00:00+00:00,long,sell - direction_change,28022.9,28041.3,5533.56,0.02,174.54
2023-04-07 02:00:00+00:00,short,buy,28041.3,,5530.8,-0.05,174.49
2023-04-07 04:00:00+00:00,short,sell - direction_change,28041.3,28022.2,5531.8,0.02,174.51
2023-04-07 04:00:00+00:00,long,buy,28022.2,,5529.03,-0.05,174.46
2023-04-07 05:00:00+00:00,long,sell - direction_change,28022.2,28010.0,5523.86,-0.09,174.36
2023-04-07 05:00:00+00:00,short,buy,28010.0,,5521.1,-0.05,174.31
2023-04-07 22:00:00+00:00,short,sell - direction_change,28010.0,27881.2,5543.72,0.41,174.72
2023-04-07 22:00:00+00:00,long,buy,27881.2,,5540.95,-0.05,174.67
2023-04-07 23:00:00+00:00,long,sell - direction_change,27881.2,27943.7,5550.6,0.17,174.85
2023-04-07 23:00:00+00:00,short,buy,27943.7,,5547.83,-0.05,174.8
2023-04-08 02:00:00+00:00,short,sell - direction_change,27943.7,27892.0,5555.32,0.14,174.93
2023-04-08 02:00:00+00:00,long,buy,27892.0,,5552.54,-0.05,174.88
2023-04-08 17:00:00+00:00,long,sell - direction_change,27892.0,27990.8,5569.43,0.3,175.19
2023-04-08 17:00:00+00:00,short,buy,27990.8,,5566.65,-0.05,175.14
2023-04-09 01:00:00+00:00,short,sell - direction_change,27990.8,28021.1,5557.84,-0.16,174.98
2023-04-09 01:00:00+00:00,long,buy,28021.1,,5555.06,-0.05,174.93
2023-04-09 06:00:00+00:00,long,sell - direction_change,28021.1,27987.8,5545.68,-0.17,174.76
2023-04-09 06:00:00+00:00,short,buy,27987.8,,5542.91,-0.05,174.71
2023-04-09 18:00:00+00:00,short,sell - direction_change,27987.8,27892.1,5559.09,0.29,175.0
2023-04-09 18:00:00+00:00,long,buy,27892.1,,5556.31,-0.05,174.95
2023-04-10 12:00:00+00:00,long,sell - direction_change,27892.1,28294.3,5633.65,1.39,176.34
2023-04-10 12:00:00+00:00,short,buy,28294.3,,5630.84,-0.05,176.29
2023-04-10 15:00:00+00:00,short,sell - direction_change,28294.3,28291.2,5628.64,-0.04,176.25
2023-04-10 15:00:00+00:00,long,buy,28291.2,,5625.82,-0.05,176.2
2023-04-10 16:56:00+00:00,long,sell - take_profit,28291.2,29139.936,5791.79,2.95,179.15
2023-04-10 17:00:00+00:00,long,buy,29033.1,,5788.89,-0.05,179.1
2023-04-11 00:40:00+00:00,long,sell - take_profit,29033.1,29904.093,5959.66,2.95,182.05
2023-04-11 01:00:00+00:00,long,buy,29920.7,,5956.68,-0.05,182.0
2023-04-12 02:00:00+00:00,long,sell - direction_change,29920.7,30157.2,6000.79,0.74,182.74
2023-04-12 02:00:00+00:00,short,buy,30157.2,,5997.79,-0.05,182.69
2023-04-12 12:35:00+00:00,short,sell - stop_loss,30157.2,30458.772,5934.81,-1.05,181.64
2023-04-12 13:00:00+00:00,short,buy,30132.6,,5931.84,-0.05,181.59
2023-04-13 02:00:00+00:00,short,sell - direction_change,30132.6,30048.9,5945.35,0.23,181.82
2023-04-13 02:00:00+00:00,long,buy,30048.9,,5942.38,-0.05,181.77
2023-04-14 06:40:00+00:00,long,sell - take_profit,30048.9,30950.367000000002,6117.68,2.95,184.72
2023-04-14 07:00:00+00:00,long,buy,30939.0,,6114.62,-0.05,184.67
2023-04-14 12:46:00+00:00,long,sell - stop_loss,30939.0,30629.61,6050.42,-1.05,183.62
2023-04-14 13:00:00+00:00,long,buy,30606.5,,6047.39,-0.05,183.57
2023-04-14 14:00:00+00:00,long,sell - direction_change,30606.5,30701.6,6063.16,0.26,183.83
2023-04-14 14:00:00+00:00,short,buy,30701.6,,6060.13,-0.05,183.78
2023-04-16 07:00:00+00:00,short,sell - direction_change,30701.6,30289.2,6138.5,1.29,185.08
2023-04-16 07:00:00+00:00,long,buy,30289.2,,6135.43,-0.05,185.03
2023-04-16 08:00:00+00:00,long,sell - direction_change,30289.2,30330.8,6140.79,0.09,185.11
2023-04-16 08:00:00+00:00,short,buy,30330.8,,6137.72,-0.05,185.06
2023-04-16 14:00:00+00:00,short,sell - direction_change,30330.8,30241.0,6152.82,0.25,185.31
2023-04-16 14:00:00+00:00,long,buy,30241.0,,6149.75,-0.05,185.26
2023-04-16 23:00:00+00:00,long,sell - direction_change,30241.0,30314.7,6161.66,0.19,185.45
2023-04-16 23:00:00+00:00,short,buy,30314.7,,6158.58,-0.05,185.4
2023-04-17 11:34:00+00:00,short,sell - take_profit,30314.7,29405.259,6340.26,2.95,188.35
2023-04-17 12:00:00+00:00,short,buy,29558.1,,6337.09,-0.05,188.3
2023-04-18 06:00:00+00:00,short,sell - direction_change,29558.1,29530.1,6339.92,0.04,188.35
2023-04-18 06:00:00+00:00,long,buy,29530.1,,6336.75,-0.05,188.3
2023-04-18 12:00:00+00:00,long,sell - take_profit,29530.1,30416.003,6523.69,2.95,191.25
2023-04-18 13:00:00+00:00,long,buy,30290.9,,6520.42,-0.05,191.2
2023-04-18 18:01:00+00:00,long,sell - stop_loss,30290.9,29987.991,6451.96,-1.05,190.15
2023-04-18 19:00:00+00:00,long,buy,30135.9,,6448.73,-0.05,190.1
2023-04-19 06:00:00+00:00,long,sell - direction_change,30135.9,30254.0,6470.78,0.34,190.44
2023-04-19 06:00:00+00:00,short,buy,30254.0,,6467.55,-0.05,190.39
2023-04-19 08:10:00+00:00,short,sell - take_profit,30254.0,29346.379999999997,6658.34,2.95,193.34
2023-04-19 09:00:00+00:00,short,buy,29148.1,,6655.01,-0.05,193.29
2023-04-19 14:14:00+00:00,short,sell - stop_loss,29148.1,29439.581,6585.13,-1.05,192.24
2023-04-19 15:00:00+00:00,short,buy,29376.6,,6581.84,-0.05,192.19
2023-04-20 12:17:00+00:00,short,sell - take_profit,29376.6,28495.301999999996,6776.0,2.95,195.14
2023-04-20 13:00:00+00:00,short,buy,28876.3,,6772.61,-0.05,195.09
2023-04-20 19:27:00+00:00,short,sell - take_profit,28876.3,28010.011,6972.41,2.95,198.04
2023-04-20 20:00:00+00:00,short,buy,28091.2,,6968.92,-0.05,197.99
2023-04-21 19:07:00+00:00,short,sell - take_profit,28091.2,27248.464,7174.5,2.95,200.94
2023-04-21 20:00:00+00:00,short,buy,27273.6,,7170.92,-0.05,200.89
2023-04-22 14:00:00+00:00,short,sell - direction_change,27273.6,27241.9,7175.67,0.07,200.96
2023-04-22 14:00:00+00:00,long,buy,27241.9,,7172.08,-0.05,200.91
2023-04-23 10:00:00+00:00,long,sell - direction_change,27241.9,27618.1,7267.54,1.33,202.24
2023-04-23 10:00:00+00:00,short,buy,27618.1,,7263.9,-0.05,202.19
2023-04-23 11:00:00+00:00,short,sell - direction_change,27618.1,27517.1,7286.83,0.32,202.5
2023-04-23 11:00:00+00:00,long,buy,27517.1,,7283.19,-0.05,202.45
2023-04-23 14:00:00+00:00,long,sell - direction_change,27517.1,27614.6,7305.36,0.3,202.76
2023-04-23 14:00:00+00:00,short,buy,27614.6,,7301.7,-0.05,202.71
2023-04-24 00:00:00+00:00,short,sell - direction_change,27614.6,27575.9,7308.28,0.09,202.8
2023-04-24 00:00:00+00:00,long,buy,27575.9,,7304.63,-0.05,202.75
2023-04-24 07:00:00+00:00,long,sell - direction_change,27575.9,27534.0,7289.88,-0.2,202.54
2023-04-24 07:00:00+00:00,short,buy,27534.0,,7286.23,-0.05,202.49
2023-04-24 22:00:00+00:00,short,sell - direction_change,27534.0,27400.0,7318.05,0.44,202.93
2023-04-24 22:00:00+00:00,long,buy,27400.0,,7314.39,-0.05,202.88
2023-04-24 23:00:00+00:00,long,sell - direction_change,27400.0,27447.9,7323.52,0.12,203.01
2023-04-24 23:00:00+00:00,short,buy,27447.9,,7319.86,-0.05,202.96
2023-04-25 12:00:00+00:00,short,sell - direction_change,27447.9,27382.2,7333.72,0.19,203.15
2023-04-25 12:00:00+00:00,long,buy,27382.2,,7330.05,-0.05,203.1
2023-04-25 13:00:00+00:00,long,sell - direction_change,27382.2,27383.5,7326.74,-0.05,203.05
2023-04-25 13:00:00+00:00,short,buy,27383.5,,7323.07,-0.05,203.0
2023-04-25 17:00:00+00:00,short,sell - direction_change,27383.5,27385.9,7318.77,-0.06,202.94
2023-04-25 17:00:00+00:00,long,buy,27385.9,,7315.11,-0.05,202.89
2023-04-25 21:15:00+00:00,long,sell - take_profit,27385.9,28207.477000000003,7530.91,2.95,205.84
2023-04-25 22:00:00+00:00,long,buy,28249.4,,7527.14,-0.05,205.79
2023-04-26 10:52:00+00:00,long,sell - take_profit,28249.4,29096.882,7749.19,2.95,208.74
2023-04-26 11:00:00+00:00,long,buy,28982.8,,7745.32,-0.05,208.69
2023-04-26 12:29:00+00:00,long,sell - take_profit,28982.8,29852.284,7973.8,2.95,211.64
2023-04-26 13:00:00+00:00,long,buy,29955.1,,7969.82,-0.05,211.59
2023-04-26 13:40:00+00:00,long,sell - stop_loss,29955.1,29655.549,7886.13,-1.05,210.54
2023-04-26 14:00:00+00:00,long,buy,29837.4,,7882.19,-0.05,210.49
2023-04-26 14:22:00+00:00,long,sell - stop_loss,29837.4,29539.026,7799.43,-1.05,209.44
2023-04-26 15:00:00+00:00,long,buy,29687.9,,7795.53,-0.05,209.39
2023-04-26 19:00:00+00:00,long,sell - direction_change,29687.9,29732.8,7803.42,0.1,209.49
2023-04-26 19:00:00+00:00,short,buy,29732.8,,7799.52,-0.05,209.44
2023-04-26 19:32:00+00:00,short,sell - take_profit,29732.8,28840.816,8029.6,2.95,212.39
2023-04-26 20:00:00+00:00,short,buy,27871.9,,8025.59,-0.05,212.34
2023-04-26 20:42:00+00:00,short,sell - stop_loss,27871.9,28150.619000000002,7941.32,-1.05,211.29
2023-04-26 21:00:00+00:00,short,buy,28405.4,,7937.35,-0.05,211.24
2023-04-26 21:58:00+00:00,short,sell - stop_loss,28405.4,28689.454,7854.01,-1.05,210.19
2023-04-26 22:00:00+00:00,short,buy,28669.9,,7850.08,-0.05,210.14
2023-04-27 00:00:00+00:00,short,sell - direction_change,28669.9,28396.0,7921.15,0.91,211.05
2023-04-27 00:00:00+00:00,long,buy,28396.0,,7917.19,-0.05,211.0
2023-04-27 00:24:00+00:00,long,sell - take_profit,28396.0,29247.88,8150.75,2.95,213.95
2023-04-27 01:00:00+00:00,short,buy,29215.2,,8146.67,-0.05,213.9
2023-04-27 02:00:00+00:00,short,sell - direction_change,29215.2,28730.3,8277.82,1.61,215.51
2023-04-27 02:00:00+00:00,long,buy,28730.3,,8273.68,-0.05,215.46
2023-04-27 03:00:00+00:00,long,sell - direction_change,28730.3,29025.0,8354.41,0.98,216.43
2023-04-27 03:00:00+00:00,short,buy,29025.0,,8350.23,-0.05,216.38
2023-04-27 04:00:00+00:00,short,sell - direction_change,29025.0,28876.6,8388.75,0.46,216.84
2023-04-27 04:00:00+00:00,long,buy,28876.6,,8384.55,-0.05,216.79
2023-04-27 06:00:00+00:00,long,sell - direction_change,28876.6,29071.9,8437.07,0.63,217.42
2023-04-27 06:00:00+00:00,short,buy,29071.9,,8432.85,-0.05,217.37
2023-04-27 08:00:00+00:00,short,sell - direction_change,29071.9,28880.1,8484.27,0.61,217.98
2023-04-27 08:00:00+00:00,long,buy,28880.1,,8480.03,-0.05,217.93
2023-04-27 09:00:00+00:00,long,sell - direction_change,28880.1,28941.9,8493.93,0.16,218.09
2023-04-27 09:00:00+00:00,short,buy,28941.9,,8489.69,-0.05,218.04
2023-04-27 15:00:00+00:00,short,sell - direction_change,28941.9,28964.8,8478.72,-0.13,217.92
2023-04-27 15:00:00+00:00,long,buy,28964.8,,8474.48,-0.05,217.87
2023-04-27 16:00:00+00:00,long,sell - direction_change,28964.8,29136.6,8520.51,0.54,218.41
2023-04-27 16:00:00+00:00,short,buy,29136.6,,8516.25,-0.05,218.36
2023-04-27 17:00:00+00:00,short,sell - direction_change,29136.6,29121.1,8516.52,0.0,218.36
2023-04-27 17:00:00+00:00,long,buy,29121.1,,8512.27,-0.05,218.31
2023-04-28 09:00:00+00:00,long,sell - direction_change,29121.1,29242.9,8543.61,0.37,218.68
2023-04-28 09:00:00+00:00,short,buy,29242.9,,8539.34,-0.05,218.63
2023-04-28 19:00:00+00:00,short,sell - direction_change,29242.9,29226.7,8539.8,0.01,218.64
2023-04-28 19:00:00+00:00,long,buy,29226.7,,8535.53,-0.05,218.59
2023-04-29 00:00:00+00:00,long,sell - direction_change,29226.7,29300.0,8552.67,0.2,218.79
2023-04-29 00:00:00+00:00,short,buy,29300.0,,8548.39,-0.05,218.74
2023-04-29 02:00:00+00:00,short,sell - direction_change,29300.0,29257.3,8556.58,0.1,218.83
2023-04-29 02:00:00+00:00,long,buy,29257.3,,8552.3,-0.05,218.78
2023-04-29 08:00:00+00:00,long,sell - direction_change,29257.3,29333.8,8570.39,0.21,218.99
2023-04-29 08:00:00+00:00,short,buy,29333.8,,8566.1,-0.05,218.94
2023-04-29 11:00:00+00:00,short,sell - direction_change,29333.8,29257.3,8584.16,0.21,219.15
2023-04-29 11:00:00+00:00,long,buy,29257.3,,8579.86,-0.05,219.1
2023-04-29 12:00:00+00:00,long,sell - direction_change,29257.3,29323.4,8594.96,0.18,219.28
2023-04-29 12:00:00+00:00,short,buy,29323.4,,8590.66,-0.05,219.23
2023-04-29 13:00:00+00:00,short,sell - direction_change,29323.4,29269.1,8602.27,0.14,219.37
2023-04-29 13:00:00+00:00,long,buy,29269.1,,8597.97,-0.05,219.32
2023-04-29 15:00:00+00:00,long,sell - direction_change,29269.1,29319.1,8608.36,0.12,219.44
2023-04-29 15:00:00+00:00,short,buy,29319.1,,8604.06,-0.05,219.39
2023-04-30 06:00:00+00:00,short,sell - direction_change,29319.1,29245.8,8621.27,0.2,219.59
2023-04-30 06:00:00+00:00,long,buy,29245.8,,8616.96,-0.05,219.54
2023-04-30 10:00:00+00:00,long,sell - direction_change,29245.8,29242.7,8611.73,-0.06,219.48
2023-04-30 10:00:00+00:00,short,buy,29242.7,,8607.43,-0.05,219.43
2023-04-30 13:00:00+00:00,short,sell - direction_change,29242.7,29227.2,8607.69,0.0,219.43
2023-04-30 13:00:00+00:00,long,buy,29227.2,,8603.38,-0.05,219.38
2023-04-30 23:00:00+00:00,long,sell - direction_change,29227.2,29363.2,8639.11,0.42,219.79
2023-04-30 23:00:00+00:00,short,buy,29363.2,,8634.79,-0.05,219.74
2023-05-01 01:51:00+00:00,short,sell - take_profit,29363.2,28482.304,8889.52,2.95,222.69
2023-05-01 02:00:00+00:00,short,buy,28488.2,,8885.08,-0.05,222.64
2023-05-02 14:00:00+00:00,short,sell - direction_change,28488.2,27994.9,9034.49,1.68,224.33
2023-05-02 14:00:00+00:00,long,buy,27994.9,,9029.97,-0.05,224.28
2023-05-02 19:09:00+00:00,long,sell - take_profit,27994.9,28834.747000000003,9296.35,2.95,227.23
2023-05-02 20:00:00+00:00,long,buy,28676.5,,9291.71,-0.05,227.18
2023-05-03 02:05:00+00:00,long,sell - stop_loss,28676.5,28389.735,9194.14,-1.05,226.13
2023-05-03 03:00:00+00:00,long,buy,28497.8,,9189.55,-0.05,226.08
2023-05-03 04:00:00+00:00,long,sell - direction_change,28497.8,28505.5,9187.43,-0.02,226.05
2023-05-03 04:00:00+00:00,short,buy,28505.5,,9182.84,-0.05,226.0
2023-05-03 06:00:00+00:00,short,sell - direction_change,28505.5,28467.9,9190.36,0.08,226.08
2023-05-03 06:00:00+00:00,long,buy,28467.9,,9185.77,-0.05,226.03
2023-05-03 12:00:00+00:00,long,sell - direction_change,28467.9,28535.0,9202.82,0.19,226.22
2023-05-03 12:00:00+00:00,short,buy,28535.0,,9198.22,-0.05,226.17
2023-05-03 17:00:00+00:00,short,sell - direction_change,28535.0,28464.8,9216.25,0.2,226.37
2023-05-03 17:00:00+00:00,long,buy,28464.8,,9211.64,-0.05,226.32
2023-05-03 18:00:00+00:00,long,sell - direction_change,28464.8,28559.2,9237.59,0.28,226.6
2023-05-03 18:00:00+00:00,short,buy,28559.2,,9232.97,-0.05,226.55
2023-05-03 21:00:00+00:00,short,sell - direction_change,28559.2,28503.5,9246.36,0.15,226.69
2023-05-03 21:00:00+00:00,long,buy,28503.5,,9241.74,-0.05,226.64
2023-05-04 10:35:00+00:00,long,sell - take_profit,28503.5,29358.605,9514.37,2.95,229.59
2023-05-04 11:00:00+00:00,long,buy,29234.6,,9509.61,-0.05,229.54
2023-05-04 13:00:00+00:00,long,sell - direction_change,29234.6,29045.0,9443.18,-0.7,228.84
2023-05-04 13:00:00+00:00,short,buy,29045.0,,9438.46,-0.05,228.79
2023-05-05 01:00:00+00:00,short,sell - direction_change,29045.0,28923.6,9473.19,0.37,229.16
2023-05-05 01:00:00+00:00,long,buy,28923.6,,9468.46,-0.05,229.11
2023-05-05 12:00:00+00:00,long,sell - direction_change,28923.6,29137.6,9533.78,0.69,229.8
2023-05-05 12:00:00+00:00,short,buy,29137.6,,9529.01,-0.05,229.75
2023-05-05 13:00:00+00:00,short,sell - direction_change,29137.6,28939.2,9589.13,0.63,230.38
2023-05-05 13:00:00+00:00,long,buy,28939.2,,9584.33,-0.05,230.33
2023-05-06 00:36:00+00:00,long,sell - take_profit,28939.2,29807.376,9867.07,2.95,233.28
2023-05-06 01:00:00+00:00,long,buy,29657.3,,9862.14,-0.05,233.23
2023-05-06 03:00:00+00:00,long,sell - direction_change,29657.3,29457.7,9790.83,-0.72,232.51
2023-05-06 03:00:00+00:00,short,buy,29457.7,,9785.94,-0.05,232.46
2023-05-06 14:07:00+00:00,short,sell - take_profit,29457.7,28573.969,10074.62,2.95,235.41
2023-05-06 15:00:00+00:00,short,buy,28591.0,,10069.59,-0.05,235.36
2023-05-06 18:17:00+00:00,short,sell - stop_loss,28591.0,28876.91,9963.85,-1.05,234.31
2023-05-06 19:00:00+00:00,short,buy,28901.3,,9958.87,-0.05,234.26
2023-05-07 12:00:00+00:00,short,sell - direction_change,28901.3,28826.5,9979.67,0.21,234.47
2023-05-07 12:00:00+00:00,long,buy,28826.5,,9974.68,-0.05,234.42
2023-05-07 18:00:00+00:00,long,sell - direction_change,28826.5,28888.5,9991.14,0.17,234.58
2023-05-07 18:00:00+00:00,short,buy,28888.5,,9986.15,-0.05,234.53
2023-05-07 19:00:00+00:00,short,sell - direction_change,28888.5,28843.5,9996.71,0.11,234.64
2023-05-07 19:00:00+00:00,long,buy,28843.5,,9991.71,-0.05,234.59
2023-05-07 21:00:00+00:00,long,sell - direction_change,28843.5,28901.6,10006.84,0.15,234.74
2023-05-07 21:00:00+00:00,short,buy,28901.6,,10001.84,-0.05,234.69
2023-05-08 03:45:00+00:00,short,sell - take_profit,28901.6,28034.551999999996,10296.89,2.95,237.64
2023-05-08 04:00:00+00:00,short,buy,28188.1,,10291.75,-0.05,237.59
2023-05-08 18:03:00+00:00,short,sell - take_profit,28188.1,27342.457,10595.35,2.95,240.54
2023-05-08 19:00:00+00:00,short,buy,27465.3,,10590.05,-0.05,240.49
2023-05-09 01:31:00+00:00,short,sell - stop_loss,27465.3,27739.952999999998,10478.86,-1.05,239.44
2023-05-09 02:00:00+00:00,short,buy,27687.3,,10473.62,-0.05,239.39
2023-05-09 12:00:00+00:00,short,sell - direction_change,27687.3,27663.9,10477.23,0.03,239.43
2023-05-09 12:00:00+00:00,long,buy,27663.9,,10472.0,-0.05,239.38
2023-05-09 13:00:00+00:00,long,sell - direction_change,27663.9,27744.9,10497.42,0.24,239.62
2023-05-09 13:00:00+00:00,short,buy,27744.9,,10492.17,-0.05,239.57
2023-05-09 16:00:00+00:00,short,sell - direction_change,27744.9,27385.8,10622.73,1.24,240.81
2023-05-09 16:00:00+00:00,long,buy,27385.8,,10617.42,-0.05,240.76
2023-05-09 18:00:00+00:00,long,sell - direction_change,27385.8,27605.4,10697.25,0.75,241.51
2023-05-09 18:00:00+00:00,short,buy,27605.4,,10691.9,-0.05,241.46
2023-05-09 19:00:00+00:00,short,sell - direction_change,27605.4,27545.9,10709.6,0.17,241.63
2023-05-09 19:00:00+00:00,long,buy,27545.9,,10704.24,-0.05,241.58
2023-05-09 21:00:00+00:00,long,sell - direction_change,27545.9,27636.0,10733.9,0.28,241.86
2023-05-09 21:00:00+00:00,short,buy,27636.0,,10728.53,-0.05,241.81
2023-05-09 23:00:00+00:00,short,sell - direction_change,27636.0,27564.0,10751.12,0.21,242.02
2023-05-09 23:00:00+00:00,long,buy,27564.0,,10745.75,-0.05,241.97
2023-05-10 06:00:00+00:00,long,sell - direction_change,27564.0,27646.1,10772.38,0.25,242.22
2023-05-10 06:00:00+00:00,short,buy,27646.1,,10766.99,-0.05,242.17
2023-05-10 11:00:00+00:00,short,sell - direction_change,27646.1,27579.2,10787.66,0.19,242.36
2023-05-10 11:00:00+00:00,long,buy,27579.2,,10782.27,-0.05,242.31
2023-05-10 17:00:00+00:00,long,sell - direction_change,27579.2,28166.6,11006.53,2.08,244.39
2023-05-10 17:00:00+00:00,short,buy,28166.6,,11001.02,-0.05,244.34
2023-05-10 17:15:00+00:00,short,sell - take_profit,28166.6,27321.602,11325.55,2.95,247.29
2023-05-10 18:00:00+00:00,short,buy,27481.1,,11319.89,-0.05,247.24
2023-05-10 19:00:00+00:00,short,sell - direction_change,27481.1,27417.0,11340.63,0.18,247.42
2023-05-10 19:00:00+00:00,long,buy,27417.0,,11334.96,-0.05,247.37
2023-05-10 21:00:00+00:00,long,sell - direction_change,27417.0,27848.4,11507.65,1.52,248.89
2023-05-10 21:00:00+00:00,short,buy,27848.4,,11501.9,-0.05,248.84
2023-05-11 14:04:00+00:00,short,sell - take_profit,27848.4,27012.948,11841.2,2.95,251.79
2023-05-11 15:00:00+00:00,short,buy,27111.2,,11835.28,-0.05,251.74
2023-05-12 05:50:00+00:00,short,sell - take_profit,27111.2,26297.864,12184.42,2.95,254.69
2023-05-12 06:00:00+00:00,short,buy,26261.3,,12178.33,-0.05,254.64
2023-05-12 13:56:00+00:00,short,sell - stop_loss,26261.3,26523.913,12050.46,-1.05,253.59
2023-05-12 14:00:00+00:00,short,buy,26436.1,,12044.43,-0.05,253.54
2023-05-12 21:00:00+00:00,short,sell - direction_change,26436.1,26425.6,12043.19,-0.01,253.53
2023-05-12 21:00:00+00:00,long,buy,26425.6,,12037.17,-0.05,253.48
2023-05-13 23:00:00+00:00,long,sell - direction_change,26425.6,26879.2,12237.77,1.67,255.15
2023-05-13 23:00:00+00:00,short,buy,26879.2,,12231.66,-0.05,255.1
2023-05-14 03:00:00+00:00,short,sell - direction_change,26879.2,26799.1,12261.99,0.25,255.35
2023-05-14 03:00:00+00:00,long,buy,26799.1,,12255.86,-0.05,255.3
2023-05-14 11:00:00+00:00,long,sell - direction_change,26799.1,26817.6,12258.19,0.02,255.32
2023-05-14 11:00:00+00:00,short,buy,26817.6,,12252.06,-0.05,255.27
2023-05-14 12:00:00+00:00,short,sell - direction_change,26817.6,26794.8,12256.35,0.04,255.3
2023-05-14 12:00:00+00:00,long,buy,26794.8,,12250.22,-0.05,255.25
2023-05-15 00:00:00+00:00,long,sell - direction_change,26794.8,26901.9,12293.06,0.35,255.6
2023-05-15 00:00:00+00:00,short,buy,26901.9,,12286.92,-0.05,255.55
2023-05-15 01:00:00+00:00,short,sell - direction_change,26901.9,26787.7,12332.93,0.37,255.93
2023-05-15 01:00:00+00:00,long,buy,26787.7,,12326.77,-0.05,255.88
2023-05-15 16:39:00+00:00,long,sell - take_profit,26787.7,27591.331000000002,12690.41,2.95,258.83
2023-05-15 17:00:00+00:00,long,buy,27467.6,,12684.06,-0.05,258.78
2023-05-15 22:00:00+00:00,long,sell - direction_change,27467.6,27352.4,12624.52,-0.47,258.31
2023-05-15 22:00:00+00:00,short,buy,27352.4,,12618.21,-0.05,258.26
2023-05-17 01:00:00+00:00,short,sell - direction_change,27352.4,27087.4,12734.15,0.92,259.18
2023-05-17 01:00:00+00:00,long,buy,27087.4,,12727.78,-0.05,259.13
2023-05-17 05:00:00+00:00,long,sell - direction_change,27087.4,27059.1,12708.12,-0.15,258.97
2023-05-17 05:00:00+00:00,short,buy,27059.1,,12701.77,-0.05,258.92
2023-05-17 17:00:00+00:00,short,sell - direction_change,27059.1,26891.7,12774.0,0.57,259.49
2023-05-17 17:00:00+00:00,long,buy,26891.7,,12767.61,-0.05,259.44
2023-05-18 12:00:00+00:00,long,sell - direction_change,26891.7,27391.8,12998.66,1.81,261.25
2023-05-18 12:00:00+00:00,short,buy,27391.8,,12992.16,-0.05,261.2
2023-05-18 17:55:00+00:00,short,sell - take_profit,27391.8,26570.046,13375.43,2.95,264.15
2023-05-18 18:00:00+00:00,short,buy,26475.1,,13368.74,-0.05,264.1
2023-05-18 19:34:00+00:00,short,sell - stop_loss,26475.1,26739.851,13228.37,-1.05,263.05
2023-05-18 20:00:00+00:00,short,buy,26719.3,,13221.76,-0.05,263.0
2023-05-18 21:38:00+00:00,short,sell - stop_loss,26719.3,26986.493,13082.93,-1.05,261.95
2023-05-18 22:00:00+00:00,short,buy,26901.5,,13076.39,-0.05,261.9
2023-05-19 15:00:00+00:00,short,sell - direction_change,26901.5,26826.0,13106.55,0.23,262.13
2023-05-19 15:00:00+00:00,long,buy,26826.0,,13099.99,-0.05,262.08
2023-05-19 16:00:00+00:00,long,sell - direction_change,26826.0,26870.0,13114.93,0.11,262.19
2023-05-19 16:00:00+00:00,short,buy,26870.0,,13108.37,-0.05,262.14
2023-05-19 17:00:00+00:00,short,sell - direction_change,26870.0,26822.5,13124.99,0.13,262.27
2023-05-19 17:00:00+00:00,long,buy,26822.5,,13118.43,-0.05,262.22
2023-05-19 19:00:00+00:00,long,sell - direction_change,26822.5,26876.7,13138.38,0.15,262.37
2023-05-19 19:00:00+00:00,short,buy,26876.7,,13131.81,-0.05,262.32
2023-05-19 21:00:00+00:00,short,sell - direction_change,26876.7,26819.8,13153.05,0.16,262.49
2023-05-19 21:00:00+00:00,long,buy,26819.8,,13146.47,-0.05,262.44
2023-05-20 00:00:00+00:00,long,sell - direction_change,26819.8,26870.1,13164.55,0.14,262.57
2023-05-20 00:00:00+00:00,short,buy,26870.1,,13157.97,-0.05,262.52
2023-05-20 08:00:00+00:00,short,sell - direction_change,26870.1,26841.9,13165.2,0.05,262.58
2023-05-20 08:00:00+00:00,long,buy,26841.9,,13158.62,-0.05,262.53
2023-05-21 08:00:00+00:00,long,sell - direction_change,26841.9,27044.6,13251.41,0.71,263.23
2023-05-21 08:00:00+00:00,short,buy,27044.6,,13244.78,-0.05,263.18
2023-05-22 13:00:00+00:00,short,sell - direction_change,27044.6,26718.0,13398.11,1.16,264.34
2023-05-22 13:00:00+00:00,long,buy,26718.0,,13391.41,-0.05,264.29
2023-05-23 00:00:00+00:00,long,sell - direction_change,26718.0,26840.2,13445.96,0.41,264.7
2023-05-23 00:00:00+00:00,short,buy,26840.2,,13439.24,-0.05,264.65
2023-05-23 01:00:00+00:00,short,sell - direction_change,26840.2,26815.4,13444.94,0.04,264.69
2023-05-23 01:00:00+00:00,long,buy,26815.4,,13438.21,-0.05,264.64
2023-05-23 16:00:00+00:00,long,sell - direction_change,26815.4,27310.8,13679.76,1.8,266.44
2023-05-23 16:00:00+00:00,short,buy,27310.8,,13672.92,-0.05,266.39
2023-05-24 13:50:00+00:00,short,sell - take_profit,27310.8,26491.476,14076.27,2.95,269.34
2023-05-24 14:00:00+00:00,short,buy,26432.0,,14069.23,-0.05,269.29
2023-05-25 12:00:00+00:00,short,sell - direction_change,26432.0,26282.5,14141.77,0.52,269.8
2023-05-25 12:00:00+00:00,long,buy,26282.5,,14134.7,-0.05,269.75
2023-05-25 15:00:00+00:00,long,sell - direction_change,26282.5,26357.8,14168.13,0.24,269.99
2023-05-25 15:00:00+00:00,short,buy,26357.8,,14161.05,-0.05,269.94
2023-05-25 17:00:00+00:00,short,sell - direction_change,26357.8,26262.5,14205.17,0.31,270.25
2023-05-25 17:00:00+00:00,long,buy,26262.5,,14198.06,-0.05,270.2
2023-05-26 05:00:00+00:00,long,sell - direction_change,26262.5,26420.1,14276.17,0.55,270.75
2023-05-26 05:00:00+00:00,short,buy,26420.1,,14269.03,-0.05,270.7
2023-05-26 07:00:00+00:00,short,sell - direction_change,26420.1,26424.0,14259.79,-0.06,270.64
2023-05-26 07:00:00+00:00,long,buy,26424.0,,14252.66,-0.05,270.59
2023-05-27 00:00:00+00:00,long,sell - direction_change,26424.0,26689.8,14388.9,0.96,271.54
2023-05-27 00:00:00+00:00,short,buy,26689.8,,14381.7,-0.05,271.49
2023-05-27 01:00:00+00:00,short,sell - direction_change,26689.8,26644.1,14399.14,0.12,271.61
2023-05-27 01:00:00+00:00,long,buy,26644.1,,14391.94,-0.05,271.56
2023-05-27 05:00:00+00:00,long,sell - direction_change,26644.1,26746.7,14440.16,0.34,271.9
2023-05-27 05:00:00+00:00,short,buy,26746.7,,14432.94,-0.05,271.85
2023-05-27 06:00:00+00:00,short,sell - direction_change,26746.7,26714.9,14442.89,0.07,271.92
2023-05-27 06:00:00+00:00,long,buy,26714.9,,14435.67,-0.05,271.87
2023-05-27 08:00:00+00:00,long,sell - direction_change,26714.9,26715.2,14428.61,-0.05,271.82
2023-05-27 08:00:00+00:00,short,buy,26715.2,,14421.4,-0.05,271.77
2023-05-27 17:00:00+00:00,short,sell - direction_change,26715.2,26654.1,14447.17,0.18,271.95
2023-05-27 17:00:00+00:00,long,buy,26654.1,,14439.94,-0.05,271.9
2023-05-27 18:00:00+00:00,long,sell - direction_change,26654.1,26750.1,14484.73,0.31,272.21
2023-05-27 18:00:00+00:00,short,buy,26750.1,,14477.49,-0.05,272.16
2023-05-27 20:00:00+00:00,short,sell - direction_change,26750.1,26721.7,14485.62,0.06,272.21
2023-05-27 20:00:00+00:00,long,buy,26721.7,,14478.38,-0.05,272.16
2023-05-28 18:22:00+00:00,long,sell - take_profit,26721.7,27523.351000000002,14905.49,2.95,275.11
2023-05-28 19:00:00+00:00,long,buy,27577.3,,14898.04,-0.05,275.06
2023-05-29 00:20:00+00:00,long,sell - take_profit,27577.3,28404.619,15337.53,2.95,278.01
2023-05-29 01:00:00+00:00,long,buy,28188.6,,15329.86,-0.05,277.96
2023-05-29 03:54:00+00:00,long,sell - stop_loss,28188.6,27906.714,15168.9,-1.05,276.91
2023-05-29 04:00:00+00:00,long,buy,27948.0,,15161.31,-0.05,276.86
2023-05-29 09:00:00+00:00,long,sell - direction_change,27948.0,27892.6,15123.68,-0.25,276.62
2023-05-29 09:00:00+00:00,short,buy,27892.6,,15116.12,-0.05,276.57
2023-05-30 03:00:00+00:00,short,sell - direction_change,27892.6,27770.1,15174.95,0.39,276.96
2023-05-30 03:00:00+00:00,long,buy,27770.1,,15167.36,-0.05,276.91
2023-05-30 04:00:00+00:00,long,sell - direction_change,27770.1,27815.0,15184.3,0.11,277.02
2023-05-30 04:00:00+00:00,short,buy,27815.0,,15176.71,-0.05,276.97
2023-05-30 06:00:00+00:00,short,sell - direction_change,27815.0,27741.8,15209.06,0.21,277.18
2023-05-30 06:00:00+00:00,long,buy,27741.8,,15201.45,-0.05,277.13
2023-05-30 07:00:00+00:00,long,sell - direction_change,27741.8,27785.0,15217.53,0.11,277.24
2023-05-30 07:00:00+00:00,short,buy,27785.0,,15209.92,-0.05,277.19
2023-05-30 10:00:00+00:00,short,sell - direction_change,27785.0,27840.1,15172.15,-0.25,276.94
2023-05-30 10:00:00+00:00,long,buy,27840.1,,15164.56,-0.05,276.89
2023-05-30 14:00:00+00:00,long,sell - direction_change,27840.1,27787.9,15128.55,-0.24,276.65
2023-05-30 14:00:00+00:00,short,buy,27787.9,,15120.98,-0.05,276.6
2023-05-30 19:00:00+00:00,short,sell - direction_change,27787.9,27750.2,15133.94,0.09,276.69
2023-05-30 19:00:00+00:00,long,buy,27750.2,,15126.37,-0.05,276.64
2023-05-30 20:00:00+00:00,long,sell - direction_change,27750.2,27836.4,15165.79,0.26,276.9
2023-05-30 20:00:00+00:00,short,buy,27836.4,,15158.21,-0.05,276.85
2023-05-31 06:01:00+00:00,short,sell - take_profit,27836.4,27001.308,15605.38,2.95,279.8
2023-05-31 07:00:00+00:00,short,buy,27150.0,,15597.58,-0.05,279.75
2023-05-31 22:00:00+00:00,short,sell - direction_change,27150.0,27081.9,15628.9,0.2,279.95
2023-05-31 22:00:00+00:00,long,buy,27081.9,,15621.09,-0.05,279.9
2023-06-01 00:00:00+00:00,long,sell - direction_change,27081.9,27201.1,15682.03,0.39,280.29
2023-06-01 00:00:00+00:00,short,buy,27201.1,,15674.19,-0.05,280.24
2023-06-01 16:00:00+00:00,short,sell - direction_change,27201.1,26884.2,15848.96,1.12,281.35
2023-06-01 16:00:00+00:00,long,buy,26884.2,,15841.04,-0.05,281.3
2023-06-01 17:00:00+00:00,long,sell - direction_change,26884.2,27080.8,15948.96,0.68,281.98
2023-06-01 17:00:00+00:00,short,buy,27080.8,,15940.99,-0.05,281.93
2023-06-01 18:00:00+00:00,short,sell - direction_change,27080.8,26947.9,16011.25,0.44,282.37
2023-06-01 18:00:00+00:00,long,buy,26947.9,,16003.24,-0.05,282.32
2023-06-01 19:00:00+00:00,long,sell - direction_change,26947.9,26960.4,16002.66,-0.0,282.32
2023-06-01 19:00:00+00:00,short,buy,26960.4,,15994.66,-0.05,282.27
2023-06-02 02:00:00+00:00,short,sell - direction_change,26960.4,26805.6,16078.5,0.52,282.79
2023-06-02 02:00:00+00:00,long,buy,26805.6,,16070.46,-0.05,282.74
2023-06-02 13:00:00+00:00,long,sell - direction_change,26805.6,27084.6,16229.69,0.99,283.74
2023-06-02 13:00:00+00:00,short,buy,27084.6,,16221.58,-0.05,283.69
2023-06-02 15:00:00+00:00,short,sell - direction_change,27084.6,26952.0,16292.88,0.44,284.13
2023-06-02 15:00:00+00:00,long,buy,26952.0,,16284.74,-0.05,284.08
2023-06-03 08:00:00+00:00,long,sell - direction_change,26952.0,27161.4,16403.12,0.73,284.8
2023-06-03 08:00:00+00:00,short,buy,27161.4,,16394.91,-0.05,284.75
2023-06-03 13:00:00+00:00,short,sell - direction_change,27161.4,27152.9,16391.85,-0.02,284.73
2023-06-03 13:00:00+00:00,long,buy,27152.9,,16383.65,-0.05,284.68
2023-06-03 18:00:00+00:00,long,sell - direction_change,27152.9,27147.7,16372.32,-0.07,284.61
2023-06-03 18:00:00+00:00,short,buy,27147.7,,16364.14,-0.05,284.56
2023-06-04 06:00:00+00:00,short,sell - direction_change,27147.7,27032.6,16425.33,0.37,284.94
2023-06-04 06:00:00+00:00,long,buy,27032.6,,16417.12,-0.05,284.89
2023-06-04 23:00:00+00:00,long,sell - direction_change,27032.6,27221.1,16523.39,0.65,285.54
2023-06-04 23:00:00+00:00,short,buy,27221.1,,16515.13,-0.05,285.49
2023-06-05 15:25:00+00:00,short,sell - take_profit,27221.1,26404.466999999997,17002.33,2.95,288.44
2023-06-05 16:00:00+00:00,short,buy,25991.9,,16993.82,-0.05,288.39
2023-06-06 14:00:00+00:00,short,sell - direction_change,25991.9,25720.0,17163.1,1.0,289.38
2023-06-06 14:00:00+00:00,long,buy,25720.0,,17154.52,-0.05,289.33
2023-06-06 17:18:00+00:00,long,sell - take_profit,25720.0,26491.600000000002,17660.58,2.95,292.28
2023-06-06 18:00:00+00:00,long,buy,26659.8,,17651.75,-0.05,292.23
2023-06-07 08:00:00+00:00,long,sell - direction_change,26659.8,26786.8,17727.01,0.43,292.66
2023-06-07 08:00:00+00:00,short,buy,26786.8,,17718.14,-0.05,292.61
2023-06-07 11:00:00+00:00,short,sell - direction_change,26786.8,26582.9,17844.15,0.71,293.32
2023-06-07 11:00:00+00:00,long,buy,26582.9,,17835.23,-0.05,293.27
2023-06-07 14:00:00+00:00,long,sell - direction_change,26582.9,26806.3,17976.2,0.79,294.06
2023-06-07 14:00:00+00:00,short,buy,26806.3,,17967.21,-0.05,294.01
2023-06-08 14:00:00+00:00,short,sell - direction_change,26806.3,26389.8,18237.39,1.5,295.51
2023-06-08 14:00:00+00:00,long,buy,26389.8,,18228.27,-0.05,295.46
2023-06-09 02:00:00+00:00,long,sell - direction_change,26389.8,26490.0,18288.37,0.33,295.79
2023-06-09 02:00:00+00:00,short,buy,26490.0,,18279.23,-0.05,295.74
2023-06-09 05:00:00+00:00,short,sell - direction_change,26490.0,26479.0,18277.68,-0.01,295.73
2023-06-09 05:00:00+00:00,long,buy,26479.0,,18268.54,-0.05,295.68
2023-06-09 15:00:00+00:00,long,sell - direction_change,26479.0,26580.2,18329.23,0.33,296.02
2023-06-09 15:00:00+00:00,short,buy,26580.2,,18320.06,-0.05,295.97
2023-06-10 04:26:00+00:00,short,sell - take_profit,26580.2,25782.794,18860.5,2.95,298.92
2023-06-10 05:00:00+00:00,short,buy,25753.8,,18851.07,-0.05,298.87
2023-06-10 17:39:00+00:00,short,sell - stop_loss,25753.8,26011.338,18653.14,-1.05,297.82
2023-06-10 18:00:00+00:00,short,buy,26010.0,,18643.81,-0.05,297.77
2023-06-10 20:00:00+00:00,short,sell - direction_change,26010.0,25738.2,18829.31,0.99,298.76
2023-06-10 20:00:00+00:00,long,buy,25738.2,,18819.9,-0.05,298.71
2023-06-11 00:00:00+00:00,long,sell - direction_change,25738.2,25826.6,18875.13,0.29,299.01
2023-06-11 00:00:00+00:00,short,buy,25826.6,,18865.69,-0.05,298.96
2023-06-11 01:00:00+00:00,short,sell - direction_change,25826.6,25739.4,18919.95,0.29,299.24
2023-06-11 01:00:00+00:00,long,buy,25739.4,,18910.49,-0.05,299.19
2023-06-11 03:00:00+00:00,long,sell - direction_change,25739.4,25756.0,18913.23,0.01,299.21
2023-06-11 03:00:00+00:00,short,buy,25756.0,,18903.78,-0.05,299.16
2023-06-11 04:00:00+00:00,short,sell - direction_change,25756.0,25714.7,18924.64,0.11,299.27
2023-06-11 04:00:00+00:00,long,buy,25714.7,,18915.18,-0.05,299.22
2023-06-11 07:00:00+00:00,long,sell - direction_change,25714.7,25776.0,18950.81,0.19,299.41
2023-06-11 07:00:00+00:00,short,buy,25776.0,,18941.33,-0.05,299.36
2023-06-11 10:00:00+00:00,short,sell - direction_change,25776.0,25697.6,18989.47,0.25,299.61
2023-06-11 10:00:00+00:00,long,buy,25697.6,,18979.98,-0.05,299.56
2023-06-11 12:00:00+00:00,long,sell - direction_change,25697.6,25784.9,19034.97,0.29,299.85
2023-06-11 12:00:00+00:00,short,buy,25784.9,,19025.45,-0.05,299.8
2023-06-11 16:00:00+00:00,short,sell - direction_change,25784.9,25741.1,19048.26,0.12,299.92
2023-06-11 16:00:00+00:00,long,buy,25741.1,,19038.73,-0.05,299.87
2023-06-12 02:00:00+00:00,long,sell - direction_change,25741.1,25925.1,19165.3,0.66,300.53
2023-06-12 02:00:00+00:00,short,buy,25925.1,,19155.72,-0.05,300.48
2023-06-12 08:00:00+00:00,short,sell - direction_change,25925.1,25793.2,19243.6,0.46,300.94
2023-06-12 08:00:00+00:00,long,buy,25793.2,,19233.98,-0.05,300.89
2023-06-12 13:00:00+00:00,long,sell - direction_change,25793.2,25920.1,19318.99,0.44,301.34
2023-06-12 13:00:00+00:00,short,buy,25920.1,,19309.33,-0.05,301.29
2023-06-12 22:00:00+00:00,short,sell - direction_change,25920.1,25918.7,19300.72,-0.04,301.24
2023-06-12 22:00:00+00:00,long,buy,25918.7,,19291.07,-0.05,301.19
2023-06-13 00:00:00+00:00,long,sell - direction_change,25918.7,25894.8,19263.64,-0.14,301.05
2023-06-13 00:00:00+00:00,short,buy,25894.8,,19254.0,-0.05,301.0
2023-06-13 01:00:00+00:00,short,sell - direction_change,25894.8,25858.4,19271.44,0.09,301.09
2023-06-13 01:00:00+00:00,long,buy,25858.4,,19261.81,-0.05,301.04
2023-06-13 14:00:00+00:00,long,sell - direction_change,25858.4,26025.3,19376.5,0.6,301.63
2023-06-13 14:00:00+00:00,short,buy,26025.3,,19366.81,-0.05,301.58
2023-06-14 02:00:00+00:00,short,sell - direction_change,26025.3,26034.9,19349.98,-0.09,301.5
2023-06-14 02:00:00+00:00,long,buy,26034.9,,19340.31,-0.05,301.45
2023-06-14 03:00:00+00:00,long,sell - direction_change,26034.9,26015.0,19315.86,-0.13,301.32
2023-06-14 03:00:00+00:00,short,buy,26015.0,,19306.2,-0.05,301.27
2023-06-14 11:00:00+00:00,short,sell - direction_change,26015.0,25945.2,19348.34,0.22,301.49
2023-06-14 11:00:00+00:00,long,buy,25945.2,,19338.67,-0.05,301.44
2023-06-14 18:00:00+00:00,long,sell - direction_change,25945.2,26018.0,19383.26,0.23,301.67
2023-06-14 18:00:00+00:00,short,buy,26018.0,,19373.57,-0.05,301.62
2023-06-14 20:31:00+00:00,short,sell - take_profit,26018.0,25237.46,19945.09,2.95,304.57
2023-06-14 21:00:00+00:00,short,buy,24920.1,,19935.12,-0.05,304.52
2023-06-14 21:20:00+00:00,short,sell - stop_loss,24920.1,25169.301,19725.8,-1.05,303.47
2023-06-14 22:00:00+00:00,short,buy,25104.8,,19715.94,-0.05,303.42
2023-06-15 18:00:00+00:00,short,sell - direction_change,25104.8,25135.0,19682.36,-0.17,303.25
2023-06-15 18:00:00+00:00,long,buy,25135.0,,19672.52,-0.05,303.2
2023-06-16 11:00:00+00:00,long,sell - direction_change,25135.0,25553.0,19989.84,1.61,304.81
2023-06-16 11:00:00+00:00,short,buy,25553.0,,19979.85,-0.05,304.76
2023-06-16 12:00:00+00:00,short,sell - direction_change,25553.0,25462.9,20040.31,0.3,305.07
2023-06-16 12:00:00+00:00,long,buy,25462.9,,20030.29,-0.05,305.02
2023-06-16 14:46:00+00:00,long,sell - stop_loss,25462.9,25208.271,19819.97,-1.05,303.97
2023-06-16 15:00:00+00:00,long,buy,25602.1,,19810.06,-0.05,303.92
2023-06-16 18:04:00+00:00,long,sell - take_profit,25602.1,26370.163,20394.46,2.95,306.87
2023-06-16 19:00:00+00:00,long,buy,26352.0,,20384.26,-0.05,306.82
2023-06-17 15:00:00+00:00,long,sell - direction_change,26352.0,26485.6,20477.41,0.46,307.27
2023-06-17 15:00:00+00:00,short,buy,26485.6,,20467.17,-0.05,307.22
2023-06-17 21:00:00+00:00,short,sell - direction_change,26485.6,26531.4,20421.55,-0.22,307.0
2023-06-17 21:00:00+00:00,long,buy,26531.4,,20411.34,-0.05,306.95
2023-06-18 00:00:00+00:00,long,sell - direction_change,26531.4,26508.8,20383.74,-0.14,306.81
2023-06-18 00:00:00+00:00,short,buy,26508.8,,20373.55,-0.05,306.76
2023-06-18 01:00:00+00:00,short,sell - direction_change,26508.8,26444.6,20412.71,0.19,306.96
2023-06-18 01:00:00+00:00,long,buy,26444.6,,20402.5,-0.05,306.91
2023-06-18 08:00:00+00:00,long,sell - direction_change,26444.6,26572.0,20490.59,0.43,307.34
2023-06-18 08:00:00+00:00,short,buy,26572.0,,20480.34,-0.05,307.29
2023-06-18 12:00:00+00:00,short,sell - direction_change,26572.0,26488.5,20534.46,0.26,307.55
2023-06-18 12:00:00+00:00,long,buy,26488.5,,20524.19,-0.05,307.5
2023-06-18 13:00:00+00:00,long,sell - direction_change,26488.5,26521.8,20539.73,0.08,307.58
2023-06-18 13:00:00+00:00,short,buy,26521.8,,20529.46,-0.05,307.53
2023-06-18 14:00:00+00:00,short,sell - direction_change,26521.8,26477.1,20553.8,0.12,307.65
2023-06-18 14:00:00+00:00,long,buy,26477.1,,20543.52,-0.05,307.6
2023-06-18 20:00:00+00:00,long,sell - direction_change,26477.1,26641.6,20660.89,0.57,308.17
2023-06-18 20:00:00+00:00,short,buy,26641.6,,20650.56,-0.05,308.12
2023-06-19 12:00:00+00:00,short,sell - direction_change,26641.6,26438.5,20797.66,0.71,308.83
2023-06-19 12:00:00+00:00,long,buy,26438.5,,20787.26,-0.05,308.78
2023-06-19 14:00:00+00:00,long,sell - direction_change,26438.5,26520.8,20841.58,0.26,309.04
2023-06-19 14:00:00+00:00,short,buy,26520.8,,20831.15,-0.05,308.99
2023-06-19 16:00:00+00:00,short,sell - direction_change,26520.8,26431.1,20891.19,0.29,309.28
2023-06-19 16:00:00+00:00,long,buy,26431.1,,20880.75,-0.05,309.23
2023-06-20 09:00:00+00:00,long,sell - direction_change,26431.1,26743.8,21117.34,1.13,310.36
2023-06-20 09:00:00+00:00,short,buy,26743.8,,21106.79,-0.05,310.31
2023-06-20 10:00:00+00:00,short,sell - direction_change,26743.8,26766.0,21078.71,-0.13,310.18
2023-06-20 10:00:00+00:00,long,buy,26766.0,,21068.17,-0.05,310.13
2023-06-20 12:00:00+00:00,long,sell - direction_change,26766.0,26895.2,21159.33,0.43,310.56
2023-06-20 12:00:00+00:00,short,buy,26895.2,,21148.75,-0.05,310.51
2023-06-20 15:00:00+00:00,short,sell - direction_change,26895.2,26763.8,21241.51,0.44,310.95
2023-06-20 15:00:00+00:00,long,buy,26763.8,,21230.88,-0.05,310.9
2023-06-20 17:45:00+00:00,long,sell - take_profit,26763.8,27566.714,21857.2,2.95,313.85
2023-06-20 18:00:00+00:00,long,buy,27784.0,,21846.27,-0.05,313.8
2023-06-21 01:03:00+00:00,long,sell - take_profit,27784.0,28617.52,22490.73,2.95,316.75
2023-06-21 02:00:00+00:00,long,buy,28776.6,,22479.49,-0.05,316.7
2023-06-21 15:16:00+00:00,long,sell - take_profit,28776.6,29639.898,23142.63,2.95,319.65
2023-06-21 16:00:00+00:00,long,buy,29836.9,,23131.06,-0.05,319.6
2023-06-21 16:29:00+00:00,long,sell - take_profit,29836.9,30732.007,23813.43,2.95,322.55
2023-06-21 17:00:00+00:00,long,buy,30163.1,,23801.52,-0.05,322.5
2023-06-21 17:11:00+00:00,long,sell - stop_loss,30163.1,29861.468999999997,23551.6,-1.05,321.45
2023-06-21 18:00:00+00:00,long,buy,30076.0,,23539.83,-0.05,321.4
2023-06-21 21:03:00+00:00,long,sell - stop_loss,30076.0,29775.239999999998,23292.66,-1.05,320.35
2023-06-21 22:00:00+00:00,long,buy,29876.4,,23281.01,-0.05,320.3
2023-06-22 11:00:00+00:00,long,sell - direction_change,29876.4,30167.3,23496.05,0.92,321.23
2023-06-22 11:00:00+00:00,short,buy,30167.3,,23484.31,-0.05,321.18
2023-06-22 12:00:00+00:00,short,sell - direction_change,30167.3,29919.4,23665.55,0.77,321.95
2023-06-22 12:00:00+00:00,long,buy,29919.4,,23653.71,-0.05,321.9
2023-06-22 14:00:00+00:00,long,sell - direction_change,29919.4,30226.9,23884.99,0.98,322.87
2023-06-22 14:00:00+00:00,short,buy,30226.9,,23873.05,-0.05,322.82
2023-06-22 18:00:00+00:00,short,sell - direction_change,30226.9,30140.7,23929.19,0.24,323.06
2023-06-22 18:00:00+00:00,long,buy,30140.7,,23917.23,-0.05,323.01
2023-06-22 21:00:00+00:00,long,sell - direction_change,30140.7,30143.1,23907.17,-0.04,322.97
2023-06-22 21:00:00+00:00,short,buy,30143.1,,23895.22,-0.05,322.92
2023-06-23 09:00:00+00:00,short,sell - direction_change,30143.1,29992.0,24003.05,0.45,323.37
2023-06-23 09:00:00+00:00,long,buy,29992.0,,23991.05,-0.05,323.32
2023-06-23 15:23:00+00:00,long,sell - take_profit,29992.0,30891.760000000002,24698.79,2.95,326.27
2023-06-23 16:00:00+00:00,long,buy,31232.9,,24686.44,-0.05,326.22
2023-06-23 16:23:00+00:00,long,sell - stop_loss,31232.9,30920.571,24427.23,-1.05,325.17
2023-06-23 17:00:00+00:00,long,buy,31090.3,,24415.02,-0.05,325.12
2023-06-23 19:36:00+00:00,long,sell - stop_loss,31090.3,30779.396999999997,24158.66,-1.05,324.07
2023-06-23 20:00:00+00:00,long,buy,30873.7,,24146.58,-0.05,324.02
2023-06-23 21:48:00+00:00,long,sell - stop_loss,30873.7,30564.963,23893.04,-1.05,322.97
2023-06-23 22:00:00+00:00,long,buy,30649.6,,23881.09,-0.05,322.92
2023-06-24 02:00:00+00:00,long,sell - direction_change,30649.6,30596.6,23827.86,-0.22,322.7
2023-06-24 02:00:00+00:00,short,buy,30596.6,,23815.94,-0.05,322.65
2023-06-24 03:00:00+00:00,short,sell - direction_change,30596.6,30743.0,23690.08,-0.53,322.12
2023-06-24 03:00:00+00:00,long,buy,30743.0,,23678.24,-0.05,322.07
2023-06-24 05:00:00+00:00,long,sell - direction_change,30743.0,30693.7,23628.43,-0.21,321.86
2023-06-24 05:00:00+00:00,short,buy,30693.7,,23616.61,-0.05,321.81
2023-06-24 10:00:00+00:00,short,sell - direction_change,30693.7,30616.0,23664.59,0.2,322.01
2023-06-24 10:00:00+00:00,long,buy,30616.0,,23652.76,-0.05,321.96
2023-06-24 13:00:00+00:00,long,sell - direction_change,30616.0,30685.0,23694.24,0.18,322.14
2023-06-24 13:00:00+00:00,short,buy,30685.0,,23682.39,-0.05,322.09
2023-06-25 02:00:00+00:00,short,sell - direction_change,30685.0,30591.1,23743.02,0.26,322.34
2023-06-25 02:00:00+00:00,long,buy,30591.1,,23731.15,-0.05,322.29
2023-06-25 10:00:00+00:00,long,sell - direction_change,30591.1,30674.1,23783.67,0.22,322.51
2023-06-25 10:00:00+00:00,short,buy,30674.1,,23771.78,-0.05,322.46
2023-06-25 11:00:00+00:00,short,sell - direction_change,30674.1,30609.4,23810.03,0.16,322.62
2023-06-25 11:00:00+00:00,long,buy,30609.4,,23798.13,-0.05,322.57
2023-06-25 14:00:00+00:00,long,sell - direction_change,30609.4,30669.2,23832.72,0.15,322.72
2023-06-25 14:00:00+00:00,short,buy,30669.2,,23820.81,-0.05,322.67
2023-06-26 13:00:00+00:00,short,sell - direction_change,30669.2,30347.7,24058.6,1.0,323.67
2023-06-26 13:00:00+00:00,long,buy,30347.7,,24046.58,-0.05,323.62
2023-06-26 14:00:00+00:00,long,sell - direction_change,30347.7,30631.2,24259.19,0.88,324.5
2023-06-26 14:00:00+00:00,short,buy,30631.2,,24247.06,-0.05,324.45
2023-06-26 15:00:00+00:00,short,sell - direction_change,30631.2,30383.9,24430.69,0.76,325.21
2023-06-26 15:00:00+00:00,long,buy,30383.9,,24418.48,-0.05,325.16
2023-06-26 16:00:00+00:00,long,sell - direction_change,30383.9,30400.7,24419.77,0.01,325.16
2023-06-26 16:00:00+00:00,short,buy,30400.7,,24407.56,-0.05,325.11
2023-06-27 04:00:00+00:00,short,sell - direction_change,30400.7,30360.0,24428.03,0.08,325.2
2023-06-27 04:00:00+00:00,long,buy,30360.0,,24415.82,-0.05,325.15
2023-06-27 22:00:00+00:00,long,sell - direction_change,30360.0,30716.6,24690.39,1.12,326.27
2023-06-27 22:00:00+00:00,short,buy,30716.6,,24678.05,-0.05,326.22
2023-06-27 23:00:00+00:00,short,sell - direction_change,30716.6,30569.8,24783.65,0.43,326.65
2023-06-27 23:00:00+00:00,long,buy,30569.8,,24771.26,-0.05,326.6
2023-06-28 00:00:00+00:00,long,sell - direction_change,30569.8,30683.2,24850.76,0.32,326.92
2023-06-28 00:00:00+00:00,short,buy,30683.2,,24838.34,-0.05,326.87
2023-06-29 07:00:00+00:00,short,sell - direction_change,30683.2,30221.5,25199.67,1.45,328.33
2023-06-29 07:00:00+00:00,long,buy,30221.5,,25187.07,-0.05,328.28
2023-06-29 20:00:00+00:00,long,sell - direction_change,30221.5,30571.5,25466.17,1.11,329.38
2023-06-29 20:00:00+00:00,short,buy,30571.5,,25453.44,-0.05,329.33
2023-06-30 02:00:00+00:00,short,sell - direction_change,30571.5,30374.6,25604.65,0.59,329.93
2023-06-30 02:00:00+00:00,long,buy,30374.6,,25591.84,-0.05,329.88
2023-06-30 04:48:00+00:00,long,sell - take_profit,30374.6,31285.838,26346.8,2.95,332.83
2023-06-30 05:00:00+00:00,long,buy,30868.4,,26333.63,-0.05,332.78
2023-06-30 13:00:00+00:00,long,sell - direction_change,30868.4,31000.1,26432.82,0.38,333.16
2023-06-30 13:00:00+00:00,short,buy,31000.1,,26419.6,-0.05,333.11
2023-06-30 13:38:00+00:00,short,sell - take_profit,31000.1,30070.096999999998,27198.98,2.95,336.06
2023-06-30 14:00:00+00:00,short,buy,30118.1,,27185.38,-0.05,336.01
2023-06-30 16:42:00+00:00,short,sell - stop_loss,30118.1,30419.281,26899.93,-1.05,334.96
2023-06-30 17:00:00+00:00,short,buy,30381.6,,26886.48,-0.05,334.91
2023-06-30 17:20:00+00:00,short,sell - stop_loss,30381.6,30685.415999999997,26604.17,-1.05,333.86
2023-06-30 18:00:00+00:00,short,buy,30442.8,,26590.87,-0.05,333.81
2023-07-01 11:00:00+00:00,short,sell - direction_change,30442.8,30455.7,26566.31,-0.09,333.71
2023-07-01 11:00:00+00:00,long,buy,30455.7,,26553.02,-0.05,333.66
2023-07-02 02:00:00+00:00,long,sell - direction_change,30455.7,30559.6,26630.33,0.29,333.95
2023-07-02 02:00:00+00:00,short,buy,30559.6,,26617.02,-0.05,333.9
2023-07-02 14:00:00+00:00,short,sell - direction_change,30559.6,30510.1,26646.82,0.11,334.02
2023-07-02 14:00:00+00:00,long,buy,30510.1,,26633.5,-0.05,333.97
2023-07-02 15:00:00+00:00,long,sell - direction_change,30510.1,30586.5,26686.88,0.2,334.17
2023-07-02 15:00:00+00:00,short,buy,30586.5,,26673.53,-0.05,334.12
2023-07-02 16:00:00+00:00,short,sell - direction_change,30586.5,30491.4,26743.13,0.26,334.38
2023-07-02 16:00:00+00:00,long,buy,30491.4,,26729.76,-0.05,334.33
2023-07-02 17:00:00+00:00,long,sell - direction_change,30491.4,30558.4,26775.13,0.17,334.5
2023-07-02 17:00:00+00:00,short,buy,30558.4,,26761.74,-0.05,334.45
2023-07-02 19:00:00+00:00,short,sell - direction_change,30558.4,30519.9,26782.08,0.08,334.52
2023-07-02 19:00:00+00:00,long,buy,30519.9,,26768.69,-0.05,334.47
2023-07-03 12:00:00+00:00,long,sell - direction_change,30519.9,30619.7,26842.83,0.28,334.75
2023-07-03 12:00:00+00:00,short,buy,30619.7,,26829.41,-0.05,334.7
2023-07-03 13:00:00+00:00,short,sell - direction_change,30619.7,30648.0,26791.2,-0.14,334.56
2023-07-03 13:00:00+00:00,long,buy,30648.0,,26777.81,-0.05,334.51
2023-07-04 05:00:00+00:00,long,sell - direction_change,30648.0,31043.6,27110.06,1.24,335.75
2023-07-04 05:00:00+00:00,short,buy,31043.6,,27096.51,-0.05,335.7
2023-07-06 05:00:00+00:00,short,sell - direction_change,31043.6,30452.6,27598.81,1.85,337.55
2023-07-06 05:00:00+00:00,long,buy,30452.6,,27585.01,-0.05,337.5
2023-07-06 09:00:00+00:00,long,sell - take_profit,30452.6,31366.178,28398.77,2.95,340.45
2023-07-06 10:00:00+00:00,long,buy,31064.8,,28384.57,-0.05,340.4
2023-07-06 11:57:00+00:00,long,sell - stop_loss,31064.8,30754.152,28086.54,-1.05,339.35
2023-07-06 12:00:00+00:00,long,buy,30833.0,,28072.49,-0.05,339.3
2023-07-06 12:34:00+00:00,long,sell - stop_loss,30833.0,30524.67,27777.73,-1.05,338.25
2023-07-06 13:00:00+00:00,short,buy,30588.6,,27763.84,-0.05,338.2
2023-07-07 12:00:00+00:00,short,sell - direction_change,30588.6,30103.9,28189.9,1.53,339.74
2023-07-07 12:00:00+00:00,long,buy,30103.9,,28175.8,-0.05,339.69
2023-07-08 01:00:00+00:00,long,sell - direction_change,30103.9,30274.7,28321.58,0.52,340.2
2023-07-08 01:00:00+00:00,short,buy,30274.7,,28307.42,-0.05,340.15
2023-07-08 02:00:00+00:00,short,sell - direction_change,30274.7,30290.0,28278.96,-0.1,340.05
2023-07-08 02:00:00+00:00,long,buy,30290.0,,28264.82,-0.05,340.0
2023-07-08 06:00:00+00:00,long,sell - direction_change,30290.0,30224.0,28189.1,-0.27,339.74
2023-07-08 06:00:00+00:00,short,buy,30224.0,,28175.0,-0.05,339.69
2023-07-08 16:00:00+00:00,short,sell - direction_change,30224.0,30196.8,28186.27,0.04,339.73
2023-07-08 16:00:00+00:00,long,buy,30196.8,,28172.18,-0.05,339.68
2023-07-08 18:00:00+00:00,long,sell - direction_change,30196.8,30240.8,28199.14,0.1,339.77
2023-07-08 18:00:00+00:00,short,buy,30240.8,,28185.04,-0.05,339.72
2023-07-08 23:00:00+00:00,short,sell - direction_change,30240.8,30212.0,28197.79,0.05,339.77
2023-07-08 23:00:00+00:00,long,buy,30212.0,,28183.69,-0.05,339.72
2023-07-09 11:00:00+00:00,long,sell - direction_change,30212.0,30250.1,28205.14,0.08,339.79
2023-07-09 11:00:00+00:00,short,buy,30250.1,,28191.04,-0.05,339.74
2023-07-09 12:00:00+00:00,short,sell - direction_change,30250.1,30257.2,28170.33,-0.07,339.67
2023-07-09 12:00:00+00:00,long,buy,30257.2,,28156.24,-0.05,339.62
2023-07-09 13:00:00+00:00,long,sell - direction_change,30257.2,30320.0,28200.61,0.16,339.78
2023-07-09 13:00:00+00:00,short,buy,30320.0,,28186.51,-0.05,339.73
2023-07-09 14:00:00+00:00,short,sell - direction_change,30320.0,30247.9,28239.44,0.19,339.91
2023-07-09 14:00:00+00:00,long,buy,30247.9,,28225.32,-0.05,339.86
2023-07-09 18:00:00+00:00,long,sell - direction_change,30247.9,30279.8,28240.97,0.06,339.92
2023-07-09 18:00:00+00:00,short,buy,30279.8,,28226.85,-0.05,339.87
2023-07-10 10:00:00+00:00,short,sell - direction_change,30279.8,30127.2,28354.99,0.45,340.32
2023-07-10 10:00:00+00:00,long,buy,30127.2,,28340.82,-0.05,340.27
2023-07-10 12:00:00+00:00,long,sell - direction_change,30127.2,30221.6,28415.45,0.26,340.54
2023-07-10 12:00:00+00:00,short,buy,30221.6,,28401.24,-0.05,340.49
2023-07-10 13:00:00+00:00,short,sell - direction_change,30221.6,30147.1,28457.05,0.2,340.68
2023-07-10 13:00:00+00:00,long,buy,30147.1,,28442.82,-0.05,340.63
2023-07-11 10:00:00+00:00,long,sell - direction_change,30147.1,30435.4,28700.6,0.91,341.54
2023-07-11 10:00:00+00:00,short,buy,30435.4,,28686.25,-0.05,341.49
2023-07-11 14:00:00+00:00,short,sell - direction_change,30435.4,30435.3,28672.0,-0.05,341.44
2023-07-11 14:00:00+00:00,long,buy,30435.3,,28657.67,-0.05,341.39
2023-07-11 18:00:00+00:00,long,sell - direction_change,30435.3,30565.4,28765.84,0.38,341.77
2023-07-11 18:00:00+00:00,short,buy,30565.4,,28751.46,-0.05,341.72
2023-07-11 19:00:00+00:00,short,sell - direction_change,30565.4,30461.5,28834.82,0.29,342.01
2023-07-11 19:00:00+00:00,long,buy,30461.5,,28820.4,-0.05,341.96
2023-07-12 00:00:00+00:00,long,sell - direction_change,30461.5,30608.3,28944.88,0.43,342.39
2023-07-12 00:00:00+00:00,short,buy,30608.3,,28930.41,-0.05,342.34
2023-07-12 01:00:00+00:00,short,sell - direction_change,30608.3,30499.9,29018.4,0.3,342.64
2023-07-12 01:00:00+00:00,long,buy,30499.9,,29003.89,-0.05,342.59
2023-07-12 15:00:00+00:00,long,sell - direction_change,30499.9,30725.4,29203.83,0.69,343.28
2023-07-12 15:00:00+00:00,short,buy,30725.4,,29189.23,-0.05,343.23
2023-07-13 09:00:00+00:00,short,sell - direction_change,30725.4,30400.0,29483.76,1.01,344.24
2023-07-13 09:00:00+00:00,long,buy,30400.0,,29469.02,-0.05,344.19
2023-07-13 18:08:00+00:00,long,sell - take_profit,30400.0,31312.0,30338.36,2.95,347.14
2023-07-13 19:00:00+00:00,long,buy,31247.8,,30323.19,-0.05,347.09
2023-07-14 07:00:00+00:00,long,sell - direction_change,31247.8,31285.6,30344.71,0.07,347.16
2023-07-14 07:00:00+00:00,short,buy,31285.6,,30329.54,-0.05,347.11
2023-07-14 18:26:00+00:00,short,sell - take_profit,31285.6,30347.032,31224.26,2.95,350.06
2023-07-14 19:00:00+00:00,short,buy,30074.6,,31208.64,-0.05,350.01
2023-07-15 01:42:00+00:00,short,sell - stop_loss,30074.6,30375.345999999998,30880.95,-1.05,348.96
2023-07-15 02:00:00+00:00,short,buy,30323.0,,30865.51,-0.05,348.91
2023-07-16 09:00:00+00:00,short,sell - direction_change,30323.0,30283.3,30890.49,0.08,348.99
2023-07-16 09:00:00+00:00,long,buy,30283.3,,30875.05,-0.05,348.94
2023-07-16 10:00:00+00:00,long,sell - direction_change,30283.3,30289.9,30866.34,-0.03,348.92
2023-07-16 10:00:00+00:00,short,buy,30289.9,,30850.9,-0.05,348.87
2023-07-16 11:00:00+00:00,short,sell - direction_change,30289.9,30273.5,30852.18,0.0,348.87
2023-07-16 11:00:00+00:00,long,buy,30273.5,,30836.76,-0.05,348.82
2023-07-16 18:00:00+00:00,long,sell - direction_change,30273.5,30365.5,30915.05,0.25,349.07
2023-07-16 18:00:00+00:00,short,buy,30365.5,,30899.59,-0.05,349.02
2023-07-17 21:00:00+00:00,short,sell - direction_change,30365.5,29907.1,31350.6,1.46,350.48
2023-07-17 21:00:00+00:00,long,buy,29907.1,,31334.93,-0.05,350.43
2023-07-17 22:00:00+00:00,long,sell - direction_change,29907.1,30229.9,31657.47,1.03,351.46
2023-07-17 22:00:00+00:00,short,buy,30229.9,,31641.64,-0.05,351.41
2023-07-18 01:00:00+00:00,short,sell - direction_change,30229.9,30150.4,31709.04,0.21,351.63
2023-07-18 01:00:00+00:00,long,buy,30150.4,,31693.18,-0.05,351.58
2023-07-18 02:00:00+00:00,long,sell - direction_change,30150.4,30198.4,31727.79,0.11,351.69
2023-07-18 02:00:00+00:00,short,buy,30198.4,,31711.93,-0.05,351.64
2023-07-18 04:00:00+00:00,short,sell - direction_change,30198.4,30063.8,31837.42,0.4,352.03
2023-07-18 04:00:00+00:00,long,buy,30063.8,,31821.5,-0.05,351.98
2023-07-18 05:00:00+00:00,long,sell - direction_change,30063.8,30110.4,31854.91,0.11,352.09
2023-07-18 05:00:00+00:00,short,buy,30110.4,,31838.99,-0.05,352.04
2023-07-19 00:00:00+00:00,short,sell - direction_change,30110.4,29845.7,32102.96,0.83,352.87
2023-07-19 00:00:00+00:00,long,buy,29845.7,,32086.91,-0.05,352.82
2023-07-19 12:00:00+00:00,long,sell - direction_change,29845.7,30004.7,32241.81,0.48,353.3
2023-07-19 12:00:00+00:00,short,buy,30004.7,,32225.69,-0.05,353.25
2023-07-19 13:00:00+00:00,short,sell - direction_change,30004.7,29939.3,32279.81,0.17,353.42
2023-07-19 13:00:00+00:00,long,buy,29939.3,,32263.67,-0.05,353.37
2023-07-19 14:00:00+00:00,long,sell - direction_change,29939.3,29984.4,32296.14,0.1,353.47
2023-07-19 14:00:00+00:00,short,buy,29984.4,,32280.0,-0.05,353.42
2023-07-19 17:00:00+00:00,short,sell - direction_change,29984.4,29891.9,32363.44,0.26,353.68
2023-07-19 17:00:00+00:00,long,buy,29891.9,,32347.26,-0.05,353.63
2023-07-19 21:00:00+00:00,long,sell - direction_change,29891.9,29951.1,32395.14,0.15,353.77
2023-07-19 21:00:00+00:00,short,buy,29951.1,,32378.95,-0.05,353.72
2023-07-20 00:00:00+00:00,short,sell - direction_change,29951.1,29895.5,32422.86,0.14,353.86
2023-07-20 00:00:00+00:00,long,buy,29895.5,,32406.65,-0.05,353.81
2023-07-20 03:00:00+00:00,long,sell - direction_change,29895.5,29969.1,32470.23,0.2,354.0
2023-07-20 03:00:00+00:00,short,buy,29969.1,,32454.0,-0.05,353.95
2023-07-20 05:00:00+00:00,short,sell - direction_change,29969.1,29948.4,32460.19,0.02,353.97
2023-07-20 05:00:00+00:00,long,buy,29948.4,,32443.96,-0.05,353.92
2023-07-20 14:00:00+00:00,long,sell - direction_change,29948.4,30215.9,32717.52,0.84,354.77
2023-07-20 14:00:00+00:00,short,buy,30215.9,,32701.17,-0.05,354.72
2023-07-21 04:00:00+00:00,short,sell - direction_change,30215.9,29884.3,33043.69,1.05,355.76
2023-07-21 04:00:00+00:00,long,buy,29884.3,,33027.17,-0.05,355.71
2023-07-21 05:00:00+00:00,long,sell - direction_change,29884.3,29848.1,32970.65,-0.17,355.54
2023-07-21 05:00:00+00:00,short,buy,29848.1,,32954.16,-0.05,355.49
2023-07-21 15:00:00+00:00,short,sell - direction_change,29848.1,29864.4,32919.69,-0.1,355.39
2023-07-21 15:00:00+00:00,long,buy,29864.4,,32903.23,-0.05,355.34
2023-07-21 16:00:00+00:00,long,sell - direction_change,29864.4,29852.0,32873.11,-0.09,355.25
2023-07-21 16:00:00+00:00,short,buy,29852.0,,32856.68,-0.05,355.2
2023-07-21 17:00:00+00:00,short,sell - direction_change,29852.0,29811.8,32884.5,0.08,355.28
2023-07-21 17:00:00+00:00,long,buy,29811.8,,32868.05,-0.05,355.23
2023-07-22 04:00:00+00:00,long,sell - direction_change,29811.8,29886.7,32934.2,0.2,355.43
2023-07-22 04:00:00+00:00,short,buy,29886.7,,32917.73,-0.05,355.38
2023-07-22 06:00:00+00:00,short,sell - direction_change,29886.7,29853.3,32938.06,0.06,355.45
2023-07-22 06:00:00+00:00,long,buy,29853.3,,32921.59,-0.05,355.4
2023-07-22 10:00:00+00:00,long,sell - direction_change,29853.3,29921.0,32979.79,0.18,355.57
2023-07-22 10:00:00+00:00,short,buy,29921.0,,32963.3,-0.05,355.52
2023-07-23 04:00:00+00:00,short,sell - direction_change,29921.0,29832.5,33044.32,0.25,355.77
2023-07-23 04:00:00+00:00,long,buy,29832.5,,33027.79,-0.05,355.72
2023-07-24 01:00:00+00:00,long,sell - direction_change,29832.5,30000.9,33197.72,0.51,356.23
2023-07-24 01:00:00+00:00,short,buy,30000.9,,33181.12,-0.05,356.18
2023-07-24 09:50:00+00:00,short,sell - take_profit,30000.9,29100.873,34159.96,2.95,359.13
2023-07-24 10:00:00+00:00,short,buy,29162.0,,34142.88,-0.05,359.08
2023-07-25 10:00:00+00:00,short,sell - direction_change,29162.0,29154.0,34135.18,-0.02,359.06
2023-07-25 10:00:00+00:00,long,buy,29154.0,,34118.11,-0.05,359.01
2023-07-25 11:00:00+00:00,long,sell - direction_change,29154.0,29151.7,34098.36,-0.06,358.95
2023-07-25 11:00:00+00:00,short,buy,29151.7,,34081.31,-0.05,358.9
2023-07-25 13:00:00+00:00,short,sell - direction_change,29151.7,29108.8,34114.42,0.1,359.0
2023-07-25 13:00:00+00:00,long,buy,29108.8,,34097.36,-0.05,358.95
2023-07-26 00:00:00+00:00,long,sell - direction_change,29108.8,29216.2,34206.12,0.32,359.27
2023-07-26 00:00:00+00:00,short,buy,29216.2,,34189.02,-0.05,359.22
2023-07-26 02:00:00+00:00,short,sell - direction_change,29216.2,29121.1,34283.21,0.28,359.49
2023-07-26 02:00:00+00:00,long,buy,29121.1,,34266.07,-0.05,359.44
2023-07-26 04:00:00+00:00,long,sell - direction_change,29121.1,29228.1,34374.84,0.32,359.76
2023-07-26 04:00:00+00:00,short,buy,29228.1,,34357.65,-0.05,359.71
2023-07-26 05:00:00+00:00,short,sell - direction_change,29228.1,29185.9,34390.08,0.09,359.81
2023-07-26 05:00:00+00:00,long,buy,29185.9,,34372.89,-0.05,359.76
2023-07-26 06:00:00+00:00,long,sell - direction_change,29185.9,29260.7,34443.79,0.21,359.96
2023-07-26 06:00:00+00:00,short,buy,29260.7,,34426.57,-0.05,359.91
2023-07-26 07:00:00+00:00,short,sell - direction_change,29260.7,29198.6,34482.42,0.16,360.07
2023-07-26 07:00:00+00:00,long,buy,29198.6,,34465.18,-0.05,360.02
2023-07-26 09:00:00+00:00,long,sell - direction_change,29198.6,29207.0,34457.86,-0.02,360.0
2023-07-26 09:00:00+00:00,short,buy,29207.0,,34440.63,-0.05,359.95
2023-07-26 12:00:00+00:00,short,sell - direction_change,29207.0,29163.9,34474.24,0.1,360.05
2023-07-26 12:00:00+00:00,long,buy,29163.9,,34457.0,-0.05,360.0
2023-07-27 14:00:00+00:00,long,sell - direction_change,29163.9,29430.5,34754.76,0.86,360.86
2023-07-27 14:00:00+00:00,short,buy,29430.5,,34737.38,-0.05,360.81
2023-07-28 12:00:00+00:00,short,sell - direction_change,29430.5,29195.4,34997.5,0.75,361.56
2023-07-28 12:00:00+00:00,long,buy,29195.4,,34980.0,-0.05,361.51
2023-07-28 17:00:00+00:00,long,sell - direction_change,29195.4,29346.9,35144.03,0.47,361.98
2023-07-28 17:00:00+00:00,short,buy,29346.9,,35126.46,-0.05,361.93
2023-07-28 18:00:00+00:00,short,sell - direction_change,29346.9,29245.3,35230.51,0.3,362.23
2023-07-28 18:00:00+00:00,long,buy,29245.3,,35212.89,-0.05,362.18
2023-07-29 07:00:00+00:00,long,sell - direction_change,29245.3,29336.6,35305.21,0.26,362.44
2023-07-29 07:00:00+00:00,short,buy,29336.6,,35287.56,-0.05,362.39
2023-07-29 19:00:00+00:00,short,sell - direction_change,29336.6,29297.1,35317.43,0.08,362.47
2023-07-29 19:00:00+00:00,long,buy,29297.1,,35299.77,-0.05,362.42
2023-07-30 02:00:00+00:00,long,sell - direction_change,29297.1,29313.0,35301.28,0.0,362.43
2023-07-30 02:00:00+00:00,short,buy,29313.0,,35283.63,-0.05,362.38
2023-07-30 12:00:00+00:00,short,sell - direction_change,29313.0,29301.3,35280.07,-0.01,362.37
2023-07-30 12:00:00+00:00,long,buy,29301.3,,35262.43,-0.05,362.32
2023-07-30 13:00:00+00:00,long,sell - direction_change,29301.3,29307.3,35252.02,-0.03,362.29
2023-07-30 13:00:00+00:00,short,buy,29307.3,,35234.39,-0.05,362.24
2023-07-30 14:00:00+00:00,short,sell - direction_change,29307.3,29273.4,35257.53,0.07,362.31
2023-07-30 14:00:00+00:00,long,buy,29273.4,,35239.9,-0.05,362.26
2023-07-30 19:00:00+00:00,long,sell - direction_change,29273.4,29342.2,35305.11,0.19,362.44
2023-07-30 19:00:00+00:00,short,buy,29342.2,,35287.45,-0.05,362.39
2023-07-31 00:00:00+00:00,short,sell - direction_change,29342.2,29271.2,35355.2,0.19,362.58
2023-07-31 00:00:00+00:00,long,buy,29271.2,,35337.52,-0.05,362.53
2023-07-31 13:00:00+00:00,long,sell - direction_change,29271.2,29456.9,35544.04,0.58,363.12
2023-07-31 13:00:00+00:00,short,buy,29456.9,,35526.26,-0.05,363.07
2023-08-01 15:30:00+00:00,short,sell - take_profit,29456.9,28573.193,36574.29,2.95,366.02
2023-08-01 16:00:00+00:00,short,buy,28943.0,,36556.0,-0.05,365.97
2023-08-01 18:00:00+00:00,short,sell - direction_change,28943.0,28941.5,36539.62,-0.04,365.92
2023-08-01 18:00:00+00:00,long,buy,28941.5,,36521.35,-0.05,365.87
2023-08-02 00:07:00+00:00,long,sell - take_profit,28941.5,29809.745,37598.73,2.95,368.82
2023-08-02 01:00:00+00:00,long,buy,29816.7,,37579.93,-0.05,368.77
2023-08-02 08:11:00+00:00,long,sell - stop_loss,29816.7,29518.533,37185.34,-1.05,367.72
2023-08-02 09:00:00+00:00,long,buy,29481.5,,37166.75,-0.05,367.67
2023-08-02 12:00:00+00:00,long,sell - direction_change,29481.5,29552.8,37238.05,0.19,367.86
2023-08-02 12:00:00+00:00,short,buy,29552.8,,37219.43,-0.05,367.81
2023-08-03 14:00:00+00:00,short,sell - direction_change,29552.8,29184.9,37664.16,1.19,369.01
2023-08-03 14:00:00+00:00,long,buy,29184.9,,37645.33,-0.05,368.96
2023-08-03 23:00:00+00:00,long,sell - direction_change,29184.9,29220.8,37672.81,0.07,369.03
2023-08-03 23:00:00+00:00,short,buy,29220.8,,37653.98,-0.05,368.98
2023-08-04 12:00:00+00:00,short,sell - direction_change,29220.8,29157.2,37717.11,0.17,369.15
2023-08-04 12:00:00+00:00,long,buy,29157.2,,37698.25,-0.05,369.1
2023-08-04 17:00:00+00:00,long,sell - direction_change,29157.2,29251.6,37801.45,0.27,369.37
2023-08-04 17:00:00+00:00,short,buy,29251.6,,37782.55,-0.05,369.32
2023-08-05 21:00:00+00:00,short,sell - direction_change,29251.6,29044.0,38031.8,0.66,369.98
2023-08-05 21:00:00+00:00,long,buy,29044.0,,38012.79,-0.05,369.93
2023-08-06 00:00:00+00:00,long,sell - direction_change,29044.0,29057.7,38011.71,-0.0,369.93
2023-08-06 00:00:00+00:00,short,buy,29057.7,,37992.71,-0.05,369.88
2023-08-06 02:00:00+00:00,short,sell - direction_change,29057.7,29026.3,38014.76,0.06,369.94
2023-08-06 02:00:00+00:00,long,buy,29026.3,,37995.76,-0.05,369.89
2023-08-06 10:00:00+00:00,long,sell - direction_change,29026.3,29072.4,38037.1,0.11,370.0
2023-08-06 10:00:00+00:00,short,buy,29072.4,,38018.09,-0.05,369.95
2023-08-06 11:00:00+00:00,short,sell - direction_change,29072.4,29058.0,38017.91,-0.0,369.95
2023-08-06 11:00:00+00:00,long,buy,29058.0,,37998.9,-0.05,369.9
2023-08-06 12:00:00+00:00,long,sell - direction_change,29058.0,29067.0,37991.67,-0.02,369.88
2023-08-06 12:00:00+00:00,short,buy,29067.0,,37972.67,-0.05,369.83
2023-08-06 16:00:00+00:00,short,sell - direction_change,29067.0,29001.1,38039.78,0.18,370.0
2023-08-06 16:00:00+00:00,long,buy,29001.1,,38020.76,-0.05,369.95
2023-08-06 17:00:00+00:00,long,sell - direction_change,29001.1,29078.6,38103.35,0.22,370.17
2023-08-06 17:00:00+00:00,short,buy,29078.6,,38084.3,-0.05,370.12
2023-08-06 19:00:00+00:00,short,sell - direction_change,29078.6,29076.0,38068.66,-0.04,370.08
2023-08-06 19:00:00+00:00,long,buy,29076.0,,38049.63,-0.05,370.03
2023-08-07 00:00:00+00:00,long,sell - direction_change,29076.0,29075.9,38030.47,-0.05,369.98
2023-08-07 00:00:00+00:00,short,buy,29075.9,,38011.46,-0.05,369.93
2023-08-07 01:00:00+00:00,short,sell - direction_change,29075.9,29046.5,38030.89,0.05,369.98
2023-08-07 01:00:00+00:00,long,buy,29046.5,,38011.87,-0.05,369.93
2023-08-07 06:00:00+00:00,long,sell - direction_change,29046.5,29115.5,38083.16,0.19,370.12
2023-08-07 06:00:00+00:00,short,buy,29115.5,,38064.12,-0.05,370.07
2023-08-07 07:00:00+00:00,short,sell - direction_change,29115.5,29041.3,38142.09,0.2,370.27
2023-08-07 07:00:00+00:00,long,buy,29041.3,,38123.02,-0.05,370.22
2023-08-07 08:00:00+00:00,long,sell - direction_change,29041.3,29084.7,38160.93,0.1,370.32
2023-08-07 08:00:00+00:00,short,buy,29084.7,,38141.85,-0.05,370.27
2023-08-07 10:00:00+00:00,short,sell - direction_change,29084.7,29080.9,38127.76,-0.04,370.24
2023-08-07 10:00:00+00:00,long,buy,29080.9,,38108.7,-0.05,370.19
2023-08-07 11:00:00+00:00,long,sell - direction_change,29080.9,29134.6,38160.02,0.13,370.32
2023-08-07 11:00:00+00:00,short,buy,29134.6,,38140.94,-0.05,370.27
2023-08-07 18:00:00+00:00,short,sell - direction_change,29134.6,28965.2,38343.63,0.53,370.8
2023-08-07 18:00:00+00:00,long,buy,28965.2,,38324.46,-0.05,370.75
2023-08-08 09:00:00+00:00,long,sell - direction_change,28965.2,29169.4,38575.48,0.65,371.41
2023-08-08 09:00:00+00:00,short,buy,29169.4,,38556.19,-0.05,371.36
2023-08-08 10:00:00+00:00,short,sell - direction_change,29169.4,29191.3,38507.97,-0.13,371.23
2023-08-08 10:00:00+00:00,long,buy,29191.3,,38488.71,-0.05,371.18
2023-08-08 21:20:00+00:00,long,sell - take_profit,29191.3,30067.039,39624.13,2.95,374.13
2023-08-08 22:00:00+00:00,long,buy,29848.2,,39604.32,-0.05,374.08
2023-08-09 02:00:00+00:00,long,sell - direction_change,29848.2,29840.9,39574.83,-0.07,374.01
2023-08-09 02:00:00+00:00,short,buy,29840.9,,39555.04,-0.05,373.96
2023-08-09 08:00:00+00:00,short,sell - direction_change,29840.9,29807.8,39579.14,0.06,374.02
2023-08-09 08:00:00+00:00,long,buy,29807.8,,39559.35,-0.05,373.97
2023-08-09 09:00:00+00:00,long,sell - direction_change,29807.8,29823.4,39560.27,0.0,373.97
2023-08-09 09:00:00+00:00,short,buy,29823.4,,39540.49,-0.05,373.92
2023-08-09 10:00:00+00:00,short,sell - direction_change,29823.4,29768.7,39593.25,0.13,374.05
2023-08-09 10:00:00+00:00,long,buy,29768.7,,39573.45,-0.05,374.0
2023-08-09 14:00:00+00:00,long,sell - direction_change,29768.7,29867.6,39685.14,0.28,374.29
2023-08-09 14:00:00+00:00,short,buy,29867.6,,39665.29,-0.05,374.24
2023-08-10 13:00:00+00:00,short,sell - direction_change,29867.6,29552.2,40064.32,1.01,375.24
2023-08-10 13:00:00+00:00,long,buy,29552.2,,40044.29,-0.05,375.19
2023-08-10 14:00:00+00:00,long,sell - direction_change,29552.2,29669.8,40183.62,0.35,375.54
2023-08-10 14:00:00+00:00,short,buy,29669.8,,40163.53,-0.05,375.49
2023-08-11 13:00:00+00:00,short,sell - direction_change,29669.8,29417.0,40485.66,0.8,376.29
2023-08-11 13:00:00+00:00,long,buy,29417.0,,40465.42,-0.05,376.24
2023-08-11 15:00:00+00:00,long,sell - direction_change,29417.0,29481.0,40533.22,0.17,376.41
2023-08-11 15:00:00+00:00,short,buy,29481.0,,40512.96,-0.05,376.36
2023-08-11 22:00:00+00:00,short,sell - direction_change,29481.0,29401.6,40601.81,0.22,376.58
2023-08-11 22:00:00+00:00,long,buy,29401.6,,40581.51,-0.05,376.53
2023-08-11 23:00:00+00:00,long,sell - direction_change,29401.6,29420.1,40586.75,0.01,376.54
2023-08-11 23:00:00+00:00,short,buy,29420.1,,40566.46,-0.05,376.49
2023-08-12 00:00:00+00:00,short,sell - direction_change,29420.1,29415.5,40552.52,-0.03,376.46
2023-08-12 00:00:00+00:00,long,buy,29415.5,,40532.24,-0.05,376.41
2023-08-12 01:00:00+00:00,long,sell - direction_change,29415.5,29445.0,40552.63,0.05,376.46
2023-08-12 01:00:00+00:00,short,buy,29445.0,,40532.35,-0.05,376.41
2023-08-12 06:00:00+00:00,short,sell - direction_change,29445.0,29393.2,40583.39,0.13,376.53
2023-08-12 06:00:00+00:00,long,buy,29393.2,,40563.1,-0.05,376.48
2023-08-12 08:00:00+00:00,long,sell - direction_change,29393.2,29410.2,40566.28,0.01,376.49
2023-08-12 08:00:00+00:00,short,buy,29410.2,,40545.99,-0.05,376.44
2023-08-12 09:00:00+00:00,short,sell - direction_change,29410.2,29382.9,40563.36,0.04,376.48
2023-08-12 09:00:00+00:00,long,buy,29382.9,,40543.07,-0.05,376.43
2023-08-12 13:00:00+00:00,long,sell - direction_change,29382.9,29414.5,40566.41,0.06,376.49
2023-08-12 13:00:00+00:00,short,buy,29414.5,,40546.12,-0.05,376.44
2023-08-12 14:00:00+00:00,short,sell - direction_change,29414.5,29396.4,40550.8,0.01,376.45
2023-08-12 14:00:00+00:00,long,buy,29396.4,,40530.52,-0.05,376.4
2023-08-13 03:00:00+00:00,long,sell - direction_change,29396.4,29434.5,40562.79,0.08,376.48
2023-08-13 03:00:00+00:00,short,buy,29434.5,,40542.51,-0.05,376.43
2023-08-13 18:00:00+00:00,short,sell - direction_change,29434.5,29386.4,40588.49,0.11,376.55
2023-08-13 18:00:00+00:00,long,buy,29386.4,,40568.19,-0.05,376.5
2023-08-13 21:00:00+00:00,long,sell - direction_change,29386.4,29411.9,40583.11,0.04,376.53
2023-08-13 21:00:00+00:00,short,buy,29411.9,,40562.82,-0.05,376.48
2023-08-14 05:00:00+00:00,short,sell - direction_change,29411.9,29404.0,40553.44,-0.02,376.46
2023-08-14 05:00:00+00:00,long,buy,29404.0,,40533.16,-0.05,376.41
2023-08-14 06:00:00+00:00,long,sell - direction_change,29404.0,29435.9,40556.87,0.06,376.47
2023-08-14 06:00:00+00:00,short,buy,29435.9,,40536.59,-0.05,376.42
2023-08-14 07:00:00+00:00,short,sell - direction_change,29435.9,29408.2,40554.47,0.04,376.46
2023-08-14 07:00:00+00:00,long,buy,29408.2,,40534.19,-0.05,376.41
2023-08-14 12:00:00+00:00,long,sell - direction_change,29408.2,29399.8,40502.34,-0.08,376.33
2023-08-14 12:00:00+00:00,short,buy,29399.8,,40482.09,-0.05,376.28
2023-08-14 13:00:00+00:00,short,sell - direction_change,29399.8,29372.1,40499.99,0.04,376.33
2023-08-14 13:00:00+00:00,long,buy,29372.1,,40479.74,-0.05,376.28
2023-08-14 18:00:00+00:00,long,sell - direction_change,29372.1,29475.3,40601.73,0.3,376.58
2023-08-14 18:00:00+00:00,short,buy,29475.3,,40581.43,-0.05,376.53
2023-08-17 00:38:00+00:00,short,sell - take_profit,29475.3,28591.040999999997,41778.58,2.95,379.48
2023-08-17 01:00:00+00:00,short,buy,28566.6,,41757.69,-0.05,379.43
2023-08-17 16:04:00+00:00,short,sell - take_profit,28566.6,27709.602,42989.54,2.95,382.38
2023-08-17 17:00:00+00:00,short,buy,27927.5,,42968.05,-0.05,382.33
2023-08-17 21:42:00+00:00,short,sell - take_profit,27927.5,27089.675,44235.61,2.95,385.28
2023-08-17 22:00:00+00:00,short,buy,26250.0,,44213.49,-0.05,385.23
2023-08-17 22:01:00+00:00,short,sell - stop_loss,26250.0,26512.5,43749.25,-1.05,384.18
2023-08-17 23:00:00+00:00,short,buy,26790.0,,43727.37,-0.05,384.13
2023-08-18 14:54:00+00:00,short,sell - take_profit,26790.0,25986.3,45017.33,2.95,387.08
2023-08-18 15:00:00+00:00,short,buy,25998.7,,44994.82,-0.05,387.03
2023-08-18 18:48:00+00:00,short,sell - stop_loss,25998.7,26258.687,44522.38,-1.05,385.98
2023-08-18 19:00:00+00:00,short,buy,26110.6,,44500.11,-0.05,385.93
2023-08-19 15:00:00+00:00,short,sell - direction_change,26110.6,25961.9,44731.29,0.52,386.45
2023-08-19 15:00:00+00:00,long,buy,25961.9,,44708.93,-0.05,386.4
2023-08-20 04:00:00+00:00,long,sell - direction_change,25961.9,26090.9,44908.72,0.45,386.85
2023-08-20 04:00:00+00:00,short,buy,26090.9,,44886.27,-0.05,386.8
2023-08-20 06:00:00+00:00,short,sell - direction_change,26090.9,26075.1,44891.01,0.01,386.81
2023-08-20 06:00:00+00:00,long,buy,26075.1,,44868.56,-0.05,386.76
2023-08-20 07:00:00+00:00,long,sell - direction_change,26075.1,26051.3,44805.17,-0.14,386.62
2023-08-20 07:00:00+00:00,short,buy,26051.3,,44782.77,-0.05,386.57
2023-08-20 08:00:00+00:00,short,sell - direction_change,26051.3,26073.6,44722.05,-0.14,386.43
2023-08-20 08:00:00+00:00,long,buy,26073.6,,44699.68,-0.05,386.38
2023-08-20 14:00:00+00:00,long,sell - direction_change,26073.6,26127.0,44768.88,0.15,386.53
2023-08-20 14:00:00+00:00,short,buy,26127.0,,44746.5,-0.05,386.48
2023-08-20 15:00:00+00:00,short,sell - direction_change,26127.0,26050.0,44856.0,0.24,386.73
2023-08-20 15:00:00+00:00,long,buy,26050.0,,44833.57,-0.05,386.68
2023-08-20 16:00:00+00:00,long,sell - direction_change,26050.0,26095.0,44888.6,0.12,386.8
2023-08-20 16:00:00+00:00,short,buy,26095.0,,44866.16,-0.05,386.75
2023-08-20 17:00:00+00:00,short,sell - direction_change,26095.0,26035.9,44945.34,0.18,386.93
2023-08-20 17:00:00+00:00,long,buy,26035.9,,44922.86,-0.05,386.88
2023-08-21 02:00:00+00:00,long,sell - direction_change,26035.9,26131.8,45065.87,0.32,387.2
2023-08-21 02:00:00+00:00,short,buy,26131.8,,45043.34,-0.05,387.15
2023-08-21 13:00:00+00:00,short,sell - direction_change,26131.8,25988.1,45268.51,0.5,387.65
2023-08-21 13:00:00+00:00,long,buy,25988.1,,45245.88,-0.05,387.6
2023-08-21 15:00:00+00:00,long,sell - direction_change,25988.1,26094.0,45407.63,0.36,387.95
2023-08-21 15:00:00+00:00,short,buy,26094.0,,45384.92,-0.05,387.9
2023-08-21 19:00:00+00:00,short,sell - direction_change,26094.0,26021.0,45489.2,0.23,388.13
2023-08-21 19:00:00+00:00,long,buy,26021.0,,45466.46,-0.05,388.08
2023-08-22 01:00:00+00:00,long,sell - direction_change,26021.0,26086.0,45557.3,0.2,388.28
2023-08-22 01:00:00+00:00,short,buy,26086.0,,45534.52,-0.05,388.23
2023-08-22 21:27:00+00:00,short,sell - take_profit,26086.0,25303.42,46877.79,2.95,391.18
2023-08-22 22:00:00+00:00,short,buy,25652.4,,46854.35,-0.05,391.13
2023-08-22 23:00:00+00:00,short,sell - direction_change,25652.4,25797.5,46565.89,-0.62,390.52
2023-08-22 23:00:00+00:00,long,buy,25797.5,,46542.61,-0.05,390.47
2023-08-23 10:00:00+00:00,long,sell - direction_change,25797.5,26030.0,46938.8,0.85,391.32
2023-08-23 10:00:00+00:00,short,buy,26030.0,,46915.34,-0.05,391.27
2023-08-23 13:00:00+00:00,short,sell - direction_change,26030.0,25832.6,47247.66,0.71,391.98
2023-08-23 13:00:00+00:00,long,buy,25832.6,,47224.04,-0.05,391.93
2023-08-23 19:40:00+00:00,long,sell - take_profit,25832.6,26607.577999999998,48617.15,2.95,394.88
2023-08-23 20:00:00+00:00,long,buy,26615.2,,48592.84,-0.05,394.83
2023-08-23 21:47:00+00:00,long,sell - stop_loss,26615.2,26349.048,48082.61,-1.05,393.78
2023-08-23 22:00:00+00:00,long,buy,26306.3,,48058.57,-0.05,393.73
2023-08-24 05:00:00+00:00,long,sell - direction_change,26306.3,26440.2,48279.16,0.46,394.19
2023-08-24 05:00:00+00:00,short,buy,26440.2,,48255.02,-0.05,394.14
2023-08-24 06:00:00+00:00,short,sell - direction_change,26440.2,26411.9,48282.55,0.06,394.19
2023-08-24 06:00:00+00:00,long,buy,26411.9,,48258.4,-0.05,394.14
2023-08-24 13:00:00+00:00,long,sell - direction_change,26411.9,26377.5,48171.42,-0.18,393.96
2023-08-24 13:00:00+00:00,short,buy,26377.5,,48147.34,-0.05,393.91
2023-08-26 01:00:00+00:00,short,sell - direction_change,26377.5,26030.0,48757.56,1.27,395.18
2023-08-26 01:00:00+00:00,long,buy,26030.0,,48733.18,-0.05,395.13
2023-08-26 08:00:00+00:00,long,sell - direction_change,26030.0,26039.8,48727.16,-0.01,395.12
2023-08-26 08:00:00+00:00,short,buy,26039.8,,48702.8,-0.05,395.07
2023-08-26 11:00:00+00:00,short,sell - direction_change,26039.8,26023.9,48708.19,0.01,395.08
2023-08-26 11:00:00+00:00,long,buy,26023.9,,48683.83,-0.05,395.03
2023-08-26 12:00:00+00:00,long,sell - direction_change,26023.9,26036.0,48682.13,-0.0,395.03
2023-08-26 12:00:00+00:00,short,buy,26036.0,,48657.78,-0.05,394.98
2023-08-26 14:00:00+00:00,short,sell - direction_change,26036.0,26034.4,48636.45,-0.04,394.93
2023-08-26 14:00:00+00:00,long,buy,26034.4,,48612.13,-0.05,394.88
2023-08-26 16:00:00+00:00,long,sell - direction_change,26034.4,26040.2,48598.65,-0.03,394.85
2023-08-26 16:00:00+00:00,short,buy,26040.2,,48574.35,-0.05,394.8
2023-08-27 04:00:00+00:00,short,sell - direction_change,26040.2,26009.7,48606.96,0.07,394.87
2023-08-27 04:00:00+00:00,long,buy,26009.7,,48582.66,-0.05,394.82
2023-08-27 05:00:00+00:00,long,sell - direction_change,26009.7,26026.4,48589.56,0.01,394.84
2023-08-27 05:00:00+00:00,short,buy,26026.4,,48565.26,-0.05,394.79
2023-08-27 06:00:00+00:00,short,sell - direction_change,26026.4,26023.5,48546.39,-0.04,394.75
2023-08-27 06:00:00+00:00,long,buy,26023.5,,48522.12,-0.05,394.7
2023-08-28 00:00:00+00:00,long,sell - direction_change,26023.5,26087.6,48617.37,0.2,394.89
2023-08-28 00:00:00+00:00,short,buy,26087.6,,48593.07,-0.05,394.84
2023-08-28 12:00:00+00:00,short,sell - direction_change,26087.6,25992.8,48745.35,0.31,395.16
2023-08-28 12:00:00+00:00,long,buy,25992.8,,48720.98,-0.05,395.11
2023-08-28 19:00:00+00:00,long,sell - direction_change,25992.8,26134.4,48962.03,0.49,395.6
2023-08-28 19:00:00+00:00,short,buy,26134.4,,48937.55,-0.05,395.55
2023-08-28 22:00:00+00:00,short,sell - direction_change,26134.4,25966.9,49226.73,0.59,396.14
2023-08-28 22:00:00+00:00,long,buy,25966.9,,49202.12,-0.05,396.09
2023-08-29 03:00:00+00:00,long,sell - direction_change,25966.9,26091.2,49413.04,0.43,396.52
2023-08-29 03:00:00+00:00,short,buy,26091.2,,49388.34,-0.05,396.47
2023-08-29 05:00:00+00:00,short,sell - direction_change,26091.2,26046.0,49449.2,0.12,396.59
2023-08-29 05:00:00+00:00,long,buy,26046.0,,49424.48,-0.05,396.54
2023-08-29 06:00:00+00:00,long,sell - direction_change,26046.0,26050.5,49408.3,-0.03,396.51
2023-08-29 06:00:00+00:00,short,buy,26050.5,,49383.6,-0.05,396.46
2023-08-29 14:00:00+00:00,short,sell - direction_change,26050.5,26036.2,49386.02,0.0,396.47
2023-08-29 14:00:00+00:00,long,buy,26036.2,,49361.32,-0.05,396.42
2023-08-29 14:21:00+00:00,long,sell - take_profit,26036.2,26817.286,50817.48,2.95,399.37
2023-08-29 15:00:00+00:00,long,buy,27484.8,,50792.07,-0.05,399.32
2023-08-30 05:00:00+00:00,long,sell - direction_change,27484.8,27427.8,50661.34,-0.26,399.06
2023-08-30 05:00:00+00:00,short,buy,27427.8,,50636.01,-0.05,399.01
2023-08-31 11:00:00+00:00,short,sell - direction_change,27427.8,27190.3,51049.16,0.82,399.83
2023-08-31 11:00:00+00:00,long,buy,27190.3,,51023.63,-0.05,399.78
2023-08-31 12:00:00+00:00,long,sell - direction_change,27190.3,27291.8,51188.59,0.32,400.1
2023-08-31 12:00:00+00:00,short,buy,27291.8,,51162.99,-0.05,400.05
2023-08-31 16:37:00+00:00,short,sell - take_profit,27291.8,26473.046,52672.3,2.95,403.0
2023-08-31 17:00:00+00:00,short,buy,26223.3,,52645.97,-0.05,402.95
2023-09-01 17:27:00+00:00,short,sell - take_profit,26223.3,25436.601,54199.02,2.95,405.9
2023-09-01 18:00:00+00:00,short,buy,25467.1,,54171.92,-0.05,405.85
2023-09-01 18:46:00+00:00,short,sell - stop_loss,25467.1,25721.770999999997,53603.12,-1.05,404.8
2023-09-01 19:00:00+00:00,short,buy,25640.7,,53576.32,-0.05,404.75
2023-09-01 20:33:00+00:00,short,sell - stop_loss,25640.7,25897.107,53013.76,-1.05,403.7
2023-09-01 21:00:00+00:00,short,buy,25763.5,,52987.26,-0.05,403.65
2023-09-02 10:00:00+00:00,short,sell - direction_change,25763.5,25798.5,52888.78,-0.19,403.46
2023-09-02 10:00:00+00:00,long,buy,25798.5,,52862.34,-0.05,403.41
2023-09-02 11:00:00+00:00,long,sell - direction_change,25798.5,25820.0,52879.96,0.03,403.45
2023-09-02 11:00:00+00:00,short,buy,25820.0,,52853.52,-0.05,403.4
2023-09-02 12:00:00+00:00,short,sell - direction_change,25820.0,25800.1,52867.83,0.03,403.42
2023-09-02 12:00:00+00:00,long,buy,25800.1,,52841.39,-0.05,403.37
2023-09-03 15:00:00+00:00,long,sell - direction_change,25800.1,25914.8,53049.89,0.39,403.77
2023-09-03 15:00:00+00:00,short,buy,25914.8,,53023.37,-0.05,403.72
2023-09-03 18:00:00+00:00,short,sell - direction_change,25914.8,25875.7,53076.86,0.1,403.82
2023-09-03 18:00:00+00:00,long,buy,25875.7,,53050.32,-0.05,403.77
2023-09-04 00:00:00+00:00,long,sell - direction_change,25875.7,25962.1,53200.93,0.28,404.05
2023-09-04 00:00:00+00:00,short,buy,25962.1,,53174.33,-0.05,404.0
2023-09-04 02:00:00+00:00,short,sell - direction_change,25962.1,25897.7,53279.64,0.2,404.2
2023-09-04 02:00:00+00:00,long,buy,25897.7,,53253.0,-0.05,404.15
2023-09-04 05:00:00+00:00,long,sell - direction_change,25897.7,25969.6,53374.22,0.23,404.38
2023-09-04 05:00:00+00:00,short,buy,25969.6,,53347.54,-0.05,404.33
2023-09-04 06:00:00+00:00,short,sell - direction_change,25969.6,25920.4,53421.93,0.14,404.47
2023-09-04 06:00:00+00:00,long,buy,25920.4,,53395.22,-0.05,404.42
2023-09-04 09:00:00+00:00,long,sell - direction_change,25920.4,25973.8,53478.52,0.16,404.57
2023-09-04 09:00:00+00:00,short,buy,25973.8,,53451.78,-0.05,404.52
2023-09-05 12:00:00+00:00,short,sell - direction_change,25973.8,25771.3,53841.79,0.73,405.25
2023-09-05 12:00:00+00:00,long,buy,25771.3,,53814.86,-0.05,405.2
2023-09-05 13:00:00+00:00,long,sell - direction_change,25771.3,25809.7,53868.14,0.1,405.3
2023-09-05 13:00:00+00:00,short,buy,25809.7,,53841.21,-0.05,405.25
2023-09-06 00:00:00+00:00,short,sell - direction_change,25809.7,25779.7,53876.87,0.07,405.32
2023-09-06 00:00:00+00:00,long,buy,25779.7,,53849.93,-0.05,405.27
2023-09-06 04:00:00+00:00,long,sell - direction_change,25779.7,25770.1,53802.95,-0.09,405.18
2023-09-06 04:00:00+00:00,short,buy,25770.1,,53776.05,-0.05,405.13
2023-09-06 06:00:00+00:00,short,sell - direction_change,25770.1,25735.6,53821.16,0.08,405.22
2023-09-06 06:00:00+00:00,long,buy,25735.6,,53794.25,-0.05,405.17
2023-09-06 07:00:00+00:00,long,sell - direction_change,25735.6,25765.7,53830.27,0.07,405.23
2023-09-06 07:00:00+00:00,short,buy,25765.7,,53803.35,-0.05,405.18
2023-09-06 17:00:00+00:00,short,sell - direction_change,25765.7,25585.9,54151.91,0.65,405.83
2023-09-06 17:00:00+00:00,long,buy,25585.9,,54124.83,-0.05,405.78
2023-09-06 17:05:00+00:00,long,sell - stop_loss,25585.9,25330.041,53556.52,-1.05,404.73
2023-09-06 18:00:00+00:00,short,buy,25845.6,,53529.74,-0.05,404.68
2023-09-06 23:00:00+00:00,short,sell - direction_change,25845.6,25734.0,53734.11,0.38,405.06
2023-09-06 23:00:00+00:00,long,buy,25734.0,,53707.25,-0.05,405.01
2023-09-07 09:00:00+00:00,long,sell - direction_change,25734.0,25732.4,53677.05,-0.06,404.96
2023-09-07 09:00:00+00:00,short,buy,25732.4,,53650.22,-0.05,404.91
2023-09-07 10:00:00+00:00,short,sell - direction_change,25732.4,25725.9,53636.94,-0.02,404.88
2023-09-07 10:00:00+00:00,long,buy,25725.9,,53610.12,-0.05,404.83
2023-09-07 11:00:00+00:00,long,sell - direction_change,25725.9,25741.3,53615.41,0.01,404.84
2023-09-07 11:00:00+00:00,short,buy,25741.3,,53588.6,-0.05,404.79
2023-09-07 15:00:00+00:00,short,sell - direction_change,25741.3,25759.9,53523.09,-0.12,404.67
2023-09-07 15:00:00+00:00,long,buy,25759.9,,53496.33,-0.05,404.62
2023-09-08 09:00:00+00:00,long,sell - direction_change,25759.9,26184.5,54351.36,1.6,406.22
2023-09-08 09:00:00+00:00,short,buy,26184.5,,54324.18,-0.05,406.17
2023-09-09 15:00:00+00:00,short,sell - direction_change,26184.5,25833.3,55025.64,1.29,407.46
2023-09-09 15:00:00+00:00,long,buy,25833.3,,54998.13,-0.05,407.41
2023-09-09 18:00:00+00:00,long,sell - direction_change,25833.3,25868.4,55045.36,0.09,407.49
2023-09-09 18:00:00+00:00,short,buy,25868.4,,55017.83,-0.05,407.44
2023-09-09 21:00:00+00:00,short,sell - direction_change,25868.4,25850.4,55028.61,0.02,407.46
2023-09-09 21:00:00+00:00,long,buy,25850.4,,55001.09,-0.05,407.41
2023-09-10 01:00:00+00:00,long,sell - direction_change,25850.4,25862.2,54998.7,-0.0,407.41
2023-09-10 01:00:00+00:00,short,buy,25862.2,,54971.2,-0.05,407.36
2023-09-10 21:00:00+00:00,short,sell - direction_change,25862.2,25807.0,55061.05,0.16,407.52
2023-09-10 21:00:00+00:00,long,buy,25807.0,,55033.51,-0.05,407.47
2023-09-11 00:00:00+00:00,long,sell - direction_change,25807.0,25828.4,55051.63,0.03,407.51
2023-09-11 00:00:00+00:00,short,buy,25828.4,,55024.11,-0.05,407.46
2023-09-11 05:00:00+00:00,short,sell - direction_change,25828.4,25768.1,55125.06,0.18,407.64
2023-09-11 05:00:00+00:00,long,buy,25768.1,,55097.49,-0.05,407.59
2023-09-11 08:00:00+00:00,long,sell - direction_change,25768.1,25801.4,55141.15,0.08,407.67
2023-09-11 08:00:00+00:00,short,buy,25801.4,,55113.58,-0.05,407.62
2023-09-11 14:47:00+00:00,short,sell - take_profit,25801.4,25027.358,56739.43,2.95,410.57
2023-09-11 15:00:00+00:00,short,buy,25138.8,,56711.06,-0.05,410.52
2023-09-12 03:00:00+00:00,short,sell - direction_change,25138.8,25195.2,56555.47,-0.27,410.24
2023-09-12 03:00:00+00:00,long,buy,25195.2,,56527.19,-0.05,410.19
2023-09-12 04:02:00+00:00,long,sell - take_profit,25195.2,25951.056,58194.74,2.95,413.14
2023-09-12 05:00:00+00:00,long,buy,25752.2,,58165.65,-0.05,413.09
2023-09-12 16:30:00+00:00,long,sell - take_profit,25752.2,26524.766,59881.53,2.95,416.04
2023-09-12 17:00:00+00:00,long,buy,26094.4,,59851.59,-0.05,415.99
2023-09-12 23:00:00+00:00,long,sell - direction_change,26094.4,25957.1,59506.75,-0.58,415.42
2023-09-12 23:00:00+00:00,short,buy,25957.1,,59476.99,-0.05,415.37
2023-09-13 10:00:00+00:00,short,sell - direction_change,25957.1,26141.6,59024.5,-0.76,414.61
2023-09-13 10:00:00+00:00,long,buy,26141.6,,58994.99,-0.05,414.56
2023-09-15 00:00:00+00:00,long,sell - direction_change,26141.6,26510.3,59797.55,1.36,415.92
2023-09-15 00:00:00+00:00,short,buy,26510.3,,59767.65,-0.05,415.87
2023-09-15 04:00:00+00:00,short,sell - direction_change,26510.3,26602.7,59529.45,-0.4,415.47
2023-09-15 04:00:00+00:00,long,buy,26602.7,,59499.69,-0.05,415.42
2023-09-15 11:00:00+00:00,long,sell - direction_change,26602.7,26625.9,59521.83,0.04,415.46
2023-09-15 11:00:00+00:00,short,buy,26625.9,,59492.07,-0.05,415.41
2023-09-15 22:00:00+00:00,short,sell - direction_change,26625.9,26456.2,59841.49,0.59,415.99
2023-09-15 22:00:00+00:00,long,buy,26456.2,,59811.57,-0.05,415.94
2023-09-16 06:00:00+00:00,long,sell - direction_change,26456.2,26523.2,59933.14,0.2,416.15
2023-09-16 06:00:00+00:00,short,buy,26523.2,,59903.17,-0.05,416.1
2023-09-16 17:00:00+00:00,short,sell - direction_change,26523.2,26513.9,59894.23,-0.01,416.08
2023-09-16 17:00:00+00:00,long,buy,26513.9,,59864.28,-0.05,416.03
2023-09-16 19:00:00+00:00,long,sell - direction_change,26513.9,26569.3,59959.43,0.16,416.19
2023-09-16 19:00:00+00:00,short,buy,26569.3,,59929.45,-0.05,416.14
2023-09-16 21:00:00+00:00,short,sell - direction_change,26569.3,26515.8,60020.16,0.15,416.29
2023-09-16 21:00:00+00:00,long,buy,26515.8,,59990.15,-0.05,416.24
2023-09-17 00:00:00+00:00,long,sell - direction_change,26515.8,26547.0,60030.74,0.07,416.31
2023-09-17 00:00:00+00:00,short,buy,26547.0,,60000.73,-0.05,416.26
2023-09-17 04:00:00+00:00,short,sell - direction_change,26547.0,26511.1,60051.87,0.09,416.34
2023-09-17 04:00:00+00:00,long,buy,26511.1,,60021.84,-0.05,416.29
2023-09-17 07:00:00+00:00,long,sell - direction_change,26511.1,26534.2,60044.13,0.04,416.33
2023-09-17 07:00:00+00:00,short,buy,26534.2,,60014.11,-0.05,416.28
2023-09-17 08:00:00+00:00,short,sell - direction_change,26534.2,26482.6,60100.81,0.14,416.43
2023-09-17 08:00:00+00:00,long,buy,26482.6,,60070.76,-0.05,416.38
2023-09-17 14:00:00+00:00,long,sell - direction_change,26482.6,26529.5,60147.11,0.13,416.5
2023-09-17 14:00:00+00:00,short,buy,26529.5,,60117.03,-0.05,416.45
2023-09-17 15:00:00+00:00,short,sell - direction_change,26529.5,26526.0,60094.9,-0.04,416.42
2023-09-17 15:00:00+00:00,long,buy,26526.0,,60064.86,-0.05,416.37
2023-09-17 16:00:00+00:00,long,sell - direction_change,26526.0,26536.9,60059.51,-0.01,416.36
2023-09-17 16:00:00+00:00,short,buy,26536.9,,60029.48,-0.05,416.31
2023-09-18 02:00:00+00:00,short,sell - direction_change,26536.9,26449.6,60196.94,0.28,416.59
2023-09-18 02:00:00+00:00,long,buy,26449.6,,60166.85,-0.05,416.54
2023-09-18 12:02:00+00:00,long,sell - take_profit,26449.6,27243.088,61941.77,2.95,419.49
2023-09-18 13:00:00+00:00,long,buy,27354.6,,61910.8,-0.05,419.44
2023-09-18 17:19:00+00:00,long,sell - stop_loss,27354.6,27081.054,61260.73,-1.05,418.39
2023-09-18 18:00:00+00:00,short,buy,26747.8,,61230.1,-0.05,418.34
2023-09-19 08:00:00+00:00,short,sell - direction_change,26747.8,26836.0,60997.58,-0.38,417.96
2023-09-19 08:00:00+00:00,long,buy,26836.0,,60967.09,-0.05,417.91
2023-09-20 03:00:00+00:00,long,sell - direction_change,26836.0,27152.0,61654.5,1.13,419.03
2023-09-20 03:00:00+00:00,short,buy,27152.0,,61623.68,-0.05,418.98
2023-09-20 15:00:00+00:00,short,sell - direction_change,27152.0,27110.0,61688.19,0.1,419.09
2023-09-20 15:00:00+00:00,long,buy,27110.0,,61657.34,-0.05,419.04
2023-09-20 18:00:00+00:00,long,sell - direction_change,27110.0,27184.2,61795.27,0.22,419.26
2023-09-20 18:00:00+00:00,short,buy,27184.2,,61764.37,-0.05,419.21
2023-09-20 21:00:00+00:00,short,sell - direction_change,27184.2,27085.8,61957.06,0.31,419.52
2023-09-20 21:00:00+00:00,long,buy,27085.8,,61926.08,-0.05,419.47
2023-09-20 22:00:00+00:00,long,sell - direction_change,27085.8,27100.4,61928.5,0.0,419.48
2023-09-20 22:00:00+00:00,short,buy,27100.4,,61897.54,-0.05,419.43
2023-09-22 07:00:00+00:00,short,sell - direction_change,27100.4,26607.2,62993.06,1.77,421.2
2023-09-22 07:00:00+00:00,long,buy,26607.2,,62961.56,-0.05,421.15
2023-09-22 09:00:00+00:00,long,sell - direction_change,26607.2,26660.1,63055.26,0.15,421.3
2023-09-22 09:00:00+00:00,short,buy,26660.1,,63023.73,-0.05,421.25
2023-09-22 11:00:00+00:00,short,sell - direction_change,26660.1,26580.6,63180.16,0.25,421.5
2023-09-22 11:00:00+00:00,long,buy,26580.6,,63148.57,-0.05,421.45
2023-09-22 12:00:00+00:00,long,sell - direction_change,26580.6,26630.1,63234.59,0.14,421.58
2023-09-22 12:00:00+00:00,short,buy,26630.1,,63202.97,-0.05,421.53
2023-09-22 14:00:00+00:00,short,sell - direction_change,26630.1,26598.0,63247.56,0.07,421.6
2023-09-22 14:00:00+00:00,long,buy,26598.0,,63215.93,-0.05,421.55
2023-09-22 16:00:00+00:00,long,sell - direction_change,26598.0,26619.9,63236.38,0.03,421.58
2023-09-22 16:00:00+00:00,short,buy,26619.9,,63204.76,-0.05,421.53
2023-09-23 12:00:00+00:00,short,sell - direction_change,26619.9,26562.5,63309.44,0.17,421.7
2023-09-23 12:00:00+00:00,long,buy,26562.5,,63277.79,-0.05,421.65
2023-09-23 13:00:00+00:00,long,sell - direction_change,26562.5,26563.8,63249.25,-0.05,421.61
2023-09-23 13:00:00+00:00,short,buy,26563.8,,63217.62,-0.05,421.56
2023-09-23 16:00:00+00:00,short,sell - direction_change,26563.8,26567.4,63177.45,-0.06,421.49
2023-09-23 16:00:00+00:00,long,buy,26567.4,,63145.86,-0.05,421.44
2023-09-23 21:00:00+00:00,long,sell - direction_change,26567.4,26572.6,63126.64,-0.03,421.41
2023-09-23 21:00:00+00:00,short,buy,26572.6,,63095.08,-0.05,421.36
2023-09-23 23:00:00+00:00,short,sell - direction_change,26572.6,26549.7,63117.91,0.04,421.4
2023-09-23 23:00:00+00:00,long,buy,26549.7,,63086.35,-0.05,421.35
2023-09-24 00:00:00+00:00,long,sell - direction_change,26549.7,26563.0,63086.41,0.0,421.35
2023-09-24 00:00:00+00:00,short,buy,26563.0,,63054.87,-0.05,421.3
2023-09-24 01:00:00+00:00,short,sell - direction_change,26563.0,26554.1,63044.46,-0.02,421.28
2023-09-24 01:00:00+00:00,long,buy,26554.1,,63012.94,-0.05,421.23
2023-09-24 02:00:00+00:00,long,sell - direction_change,26554.1,26574.7,63030.32,0.03,421.26
2023-09-24 02:00:00+00:00,short,buy,26574.7,,62998.8,-0.05,421.21
2023-09-24 08:00:00+00:00,short,sell - direction_change,26574.7,26552.4,63020.17,0.03,421.24
2023-09-24 08:00:00+00:00,long,buy,26552.4,,62988.66,-0.05,421.19
2023-09-24 15:00:00+00:00,long,sell - direction_change,26552.4,26576.4,63014.1,0.04,421.23
2023-09-24 15:00:00+00:00,short,buy,26576.4,,62982.59,-0.05,421.18
2023-09-24 17:00:00+00:00,short,sell - direction_change,26576.4,26562.5,62984.04,0.0,421.19
2023-09-24 17:00:00+00:00,long,buy,26562.5,,62952.55,-0.05,421.14
2023-09-24 19:00:00+00:00,long,sell - direction_change,26562.5,26580.6,62963.97,0.02,421.15
2023-09-24 19:00:00+00:00,short,buy,26580.6,,62932.49,-0.05,421.1
2023-09-25 16:00:00+00:00,short,sell - direction_change,26580.6,26231.0,63728.74,1.27,422.37
2023-09-25 16:00:00+00:00,long,buy,26231.0,,63696.87,-0.05,422.32
2023-09-26 07:00:00+00:00,long,sell - direction_change,26231.0,26279.7,63783.28,0.14,422.45
2023-09-26 07:00:00+00:00,short,buy,26279.7,,63751.39,-0.05,422.4
2023-09-26 08:00:00+00:00,short,sell - direction_change,26279.7,26256.3,63776.28,0.04,422.44
2023-09-26 08:00:00+00:00,long,buy,26256.3,,63744.39,-0.05,422.39
2023-09-26 10:00:00+00:00,long,sell - direction_change,26256.3,26258.8,63718.59,-0.04,422.35
2023-09-26 10:00:00+00:00,short,buy,26258.8,,63686.73,-0.05,422.3
2023-09-27 00:00:00+00:00,short,sell - direction_change,26258.8,26208.7,63776.4,0.14,422.44
2023-09-27 00:00:00+00:00,long,buy,26208.7,,63744.51,-0.05,422.39
2023-09-27 14:00:00+00:00,long,sell - direction_change,26208.7,26607.8,64683.33,1.47,423.87
2023-09-27 14:00:00+00:00,short,buy,26607.8,,64650.98,-0.05,423.82
2023-09-27 15:00:00+00:00,short,sell - direction_change,26607.8,26184.0,65648.4,1.54,425.36
2023-09-27 15:00:00+00:00,long,buy,26184.0,,65615.57,-0.05,425.31
2023-09-27 16:00:00+00:00,long,sell - direction_change,26184.0,26293.4,65856.92,0.37,425.68
2023-09-27 16:00:00+00:00,short,buy,26293.4,,65823.99,-0.05,425.63
2023-09-27 22:00:00+00:00,short,sell - direction_change,26293.4,26269.0,65852.16,0.04,425.67
2023-09-27 22:00:00+00:00,long,buy,26269.0,,65819.23,-0.05,425.62
2023-09-27 23:00:00+00:00,long,sell - direction_change,26269.0,26322.3,65919.87,0.15,425.77
2023-09-27 23:00:00+00:00,short,buy,26322.3,,65886.91,-0.05,425.72
2023-09-28 00:00:00+00:00,short,sell - direction_change,26322.3,26359.6,65760.6,-0.19,425.53
2023-09-28 00:00:00+00:00,long,buy,26359.6,,65727.72,-0.05,425.48
2023-09-28 16:05:00+00:00,long,sell - take_profit,26359.6,27150.388,67666.69,2.95,428.43
2023-09-28 17:00:00+00:00,long,buy,27047.6,,67632.86,-0.05,428.38
2023-09-29 03:00:00+00:00,long,sell - direction_change,27047.6,26879.4,67178.45,-0.67,427.71
2023-09-29 03:00:00+00:00,short,buy,26879.4,,67144.86,-0.05,427.66
2023-09-29 04:00:00+00:00,short,sell - direction_change,26879.4,26944.6,66948.42,-0.29,427.37
2023-09-29 04:00:00+00:00,long,buy,26944.6,,66914.95,-0.05,427.32
2023-09-29 05:00:00+00:00,long,sell - direction_change,26944.6,26962.8,66926.69,0.02,427.33
2023-09-29 05:00:00+00:00,short,buy,26962.8,,66893.23,-0.05,427.28
2023-09-29 07:00:00+00:00,short,sell - direction_change,26962.8,27060.6,66617.14,-0.41,426.87
2023-09-29 07:00:00+00:00,long,buy,27060.6,,66583.83,-0.05,426.82
2023-09-29 11:00:00+00:00,long,sell - direction_change,27060.6,27012.4,66431.94,-0.23,426.59
2023-09-29 11:00:00+00:00,short,buy,27012.4,,66398.73,-0.05,426.54
2023-09-29 12:00:00+00:00,short,sell - direction_change,27012.4,26958.3,66498.51,0.15,426.69
2023-09-29 12:00:00+00:00,long,buy,26958.3,,66465.26,-0.05,426.64
2023-09-29 13:00:00+00:00,long,sell - direction_change,26958.3,26988.6,66506.73,0.06,426.71
2023-09-29 13:00:00+00:00,short,buy,26988.6,,66473.48,-0.05,426.66
2023-09-30 04:00:00+00:00,short,sell - direction_change,26988.6,26904.1,66648.37,0.26,426.92
2023-09-30 04:00:00+00:00,long,buy,26904.1,,66615.04,-0.05,426.87
2023-09-30 23:00:00+00:00,long,sell - direction_change,26904.1,26996.5,66810.52,0.29,427.16
2023-09-30 23:00:00+00:00,short,buy,26996.5,,66777.12,-0.05,427.11
2023-10-01 01:00:00+00:00,short,sell - direction_change,26996.5,26976.9,66792.21,0.02,427.13
2023-10-01 01:00:00+00:00,long,buy,26976.9,,66758.81,-0.05,427.08
2023-10-01 18:00:00+00:00,long,sell - direction_change,26976.9,27061.7,66935.28,0.26,427.35
2023-10-01 18:00:00+00:00,short,buy,27061.7,,66901.82,-0.05,427.3
2023-10-01 21:00:00+00:00,short,sell - direction_change,27061.7,27093.6,66789.5,-0.17,427.13
2023-10-01 21:00:00+00:00,long,buy,27093.6,,66756.11,-0.05,427.08
2023-10-01 22:17:00+00:00,long,sell - take_profit,27093.6,27906.408,68725.41,2.95,430.03
2023-10-01 23:00:00+00:00,long,buy,27989.6,,68691.05,-0.05,429.98
2023-10-02 18:00:00+00:00,long,sell - direction_change,27989.6,28046.1,68795.37,0.15,430.13
2023-10-02 18:00:00+00:00,short,buy,28046.1,,68760.97,-0.05,430.08
2023-10-03 20:06:00+00:00,short,sell - take_profit,28046.1,27204.716999999997,70789.42,2.95,433.03
2023-10-03 21:00:00+00:00,short,buy,27384.5,,70754.02,-0.05,432.98
2023-10-04 06:00:00+00:00,short,sell - direction_change,27384.5,27397.4,70685.31,-0.1,432.89
2023-10-04 06:00:00+00:00,long,buy,27397.4,,70649.97,-0.05,432.84
2023-10-04 07:00:00+00:00,long,sell - direction_change,27397.4,27408.5,70643.27,-0.01,432.83
2023-10-04 07:00:00+00:00,short,buy,27408.5,,70607.95,-0.05,432.78
2023-10-04 08:00:00+00:00,short,sell - direction_change,27408.5,27442.0,70486.34,-0.17,432.6
2023-10-04 08:00:00+00:00,long,buy,27442.0,,70451.1,-0.05,432.55
2023-10-04 13:00:00+00:00,long,sell - direction_change,27442.0,27553.0,70700.84,0.35,432.91
2023-10-04 13:00:00+00:00,short,buy,27553.0,,70665.49,-0.05,432.86
2023-10-04 16:00:00+00:00,short,sell - direction_change,27553.0,27388.3,71052.57,0.55,433.41
2023-10-04 16:00:00+00:00,long,buy,27388.3,,71017.04,-0.05,433.36
2023-10-05 07:00:00+00:00,long,sell - direction_change,27388.3,27643.0,71641.96,0.88,434.24
2023-10-05 07:00:00+00:00,short,buy,27643.0,,71606.14,-0.05,434.19
2023-10-05 10:00:00+00:00,short,sell - direction_change,27643.0,27672.3,71494.44,-0.16,434.03
2023-10-05 10:00:00+00:00,long,buy,27672.3,,71458.69,-0.05,433.98
2023-10-05 15:00:00+00:00,long,sell - direction_change,27672.3,27946.3,72130.52,0.94,434.92
2023-10-05 15:00:00+00:00,short,buy,27946.3,,72094.45,-0.05,434.87
2023-10-06 07:00:00+00:00,short,sell - direction_change,27946.3,27478.1,73266.24,1.63,436.5
2023-10-06 07:00:00+00:00,long,buy,27478.1,,73229.61,-0.05,436.45
2023-10-06 12:00:00+00:00,long,sell - direction_change,27478.1,27750.0,73917.61,0.94,437.39
2023-10-06 12:00:00+00:00,short,buy,27750.0,,73880.66,-0.05,437.34
2023-10-06 14:00:00+00:00,short,sell - direction_change,27750.0,27513.8,74472.57,0.8,438.14
2023-10-06 14:00:00+00:00,long,buy,27513.8,,74435.33,-0.05,438.09
2023-10-06 21:38:00+00:00,long,sell - take_profit,27513.8,28339.214,76631.17,2.95,441.04
2023-10-06 22:00:00+00:00,long,buy,28030.2,,76592.86,-0.05,440.99
2023-10-07 18:00:00+00:00,long,sell - direction_change,28030.2,27918.2,76248.52,-0.45,440.54
2023-10-07 18:00:00+00:00,short,buy,27918.2,,76210.4,-0.05,440.49
2023-10-07 23:00:00+00:00,short,sell - direction_change,27918.2,27938.5,76116.88,-0.12,440.36
2023-10-07 23:00:00+00:00,long,buy,27938.5,,76078.82,-0.05,440.31
2023-10-08 04:00:00+00:00,long,sell - direction_change,27938.5,28050.0,76344.4,0.35,440.66
2023-10-08 04:00:00+00:00,short,buy,28050.0,,76306.23,-0.05,440.61
2023-10-08 14:00:00+00:00,short,sell - direction_change,28050.0,27898.1,76681.3,0.49,441.11
2023-10-08 14:00:00+00:00,long,buy,27898.1,,76642.96,-0.05,441.06
2023-10-08 15:00:00+00:00,long,sell - direction_change,27898.1,27917.0,76656.56,0.02,441.07
2023-10-08 15:00:00+00:00,short,buy,27917.0,,76618.23,-0.05,441.02
2023-10-08 21:00:00+00:00,short,sell - direction_change,27917.0,27892.9,76646.07,0.04,441.06
2023-10-08 21:00:00+00:00,long,buy,27892.9,,76607.74,-0.05,441.01
2023-10-09 00:00:00+00:00,long,sell - direction_change,27892.9,27901.2,76592.23,-0.02,440.99
2023-10-09 00:00:00+00:00,short,buy,27901.2,,76553.94,-0.05,440.94
2023-10-09 01:00:00+00:00,short,sell - direction_change,27901.2,27808.8,76769.18,0.28,441.22
2023-10-09 01:00:00+00:00,long,buy,27808.8,,76730.8,-0.05,441.17
2023-10-09 05:00:00+00:00,long,sell - direction_change,27808.8,27916.6,76989.88,0.34,441.51
2023-10-09 05:00:00+00:00,short,buy,27916.6,,76951.38,-0.05,441.46
2023-10-10 06:00:00+00:00,short,sell - direction_change,27916.6,27595.9,77796.91,1.1,442.56
2023-10-10 06:00:00+00:00,long,buy,27595.9,,77758.01,-0.05,442.51
2023-10-10 11:00:00+00:00,long,sell - direction_change,27595.9,27596.8,77721.67,-0.05,442.46
2023-10-10 11:00:00+00:00,short,buy,27596.8,,77682.81,-0.05,442.41
2023-10-11 15:27:00+00:00,short,sell - take_profit,27596.8,26768.895999999997,79974.45,2.95,445.36
2023-10-11 16:00:00+00:00,short,buy,26769.2,,79934.46,-0.05,445.31
2023-10-12 03:00:00+00:00,short,sell - direction_change,26769.2,26890.0,79533.78,-0.5,444.81
2023-10-12 03:00:00+00:00,long,buy,26890.0,,79494.01,-0.05,444.76
2023-10-12 04:00:00+00:00,long,sell - direction_change,26890.0,26836.0,79294.63,-0.25,444.51
2023-10-12 04:00:00+00:00,short,buy,26836.0,,79254.98,-0.05,444.46
2023-10-13 00:00:00+00:00,short,sell - direction_change,26836.0,26744.0,79487.06,0.29,444.75
2023-10-13 00:00:00+00:00,long,buy,26744.0,,79447.31,-0.05,444.7
2023-10-13 05:00:00+00:00,long,sell - direction_change,26744.0,26792.6,79551.96,0.13,444.83
2023-10-13 05:00:00+00:00,short,buy,26792.6,,79512.19,-0.05,444.78
2023-10-13 06:00:00+00:00,short,sell - direction_change,26792.6,26809.3,79422.87,-0.11,444.67
2023-10-13 06:00:00+00:00,long,buy,26809.3,,79383.16,-0.05,444.62
2023-10-13 09:00:00+00:00,long,sell - direction_change,26809.3,26783.1,79265.89,-0.15,444.47
2023-10-13 09:00:00+00:00,short,buy,26783.1,,79226.26,-0.05,444.42
2023-10-13 11:00:00+00:00,short,sell - direction_change,26783.1,26766.2,79236.63,0.01,444.44
2023-10-13 11:00:00+00:00,long,buy,26766.2,,79197.02,-0.05,444.39
2023-10-13 14:00:00+00:00,long,sell - direction_change,26766.2,26843.0,79384.66,0.24,444.62
2023-10-13 14:00:00+00:00,short,buy,26843.0,,79344.96,-0.05,444.57
2023-10-13 16:00:00+00:00,short,sell - direction_change,26843.0,26692.9,79748.97,0.51,445.08
2023-10-13 16:00:00+00:00,long,buy,26692.9,,79709.1,-0.05,445.03
2023-10-13 17:00:00+00:00,long,sell - direction_change,26692.9,26786.0,79947.25,0.3,445.33
2023-10-13 17:00:00+00:00,short,buy,26786.0,,79907.28,-0.05,445.28
2023-10-13 19:00:00+00:00,short,sell - direction_change,26786.0,26734.6,80020.66,0.14,445.42
2023-10-13 19:00:00+00:00,long,buy,26734.6,,79980.65,-0.05,445.37
2023-10-14 08:00:00+00:00,long,sell - direction_change,26734.6,26860.4,80317.01,0.42,445.79
2023-10-14 08:00:00+00:00,short,buy,26860.4,,80276.85,-0.05,445.74
2023-10-14 12:00:00+00:00,short,sell - direction_change,26860.4,26860.1,80237.61,-0.05,445.69
2023-10-14 12:00:00+00:00,long,buy,26860.1,,80197.49,-0.05,445.64
2023-10-14 19:00:00+00:00,long,sell - direction_change,26860.1,26858.5,80152.61,-0.06,445.59
2023-10-14 19:00:00+00:00,short,buy,26858.5,,80112.54,-0.05,445.54
2023-10-15 01:00:00+00:00,short,sell - direction_change,26858.5,26835.0,80142.58,0.04,445.58
2023-10-15 01:00:00+00:00,long,buy,26835.0,,80102.51,-0.05,445.53
2023-10-15 02:00:00+00:00,long,sell - direction_change,26835.0,26876.6,80186.63,0.11,445.63
2023-10-15 02:00:00+00:00,short,buy,26876.6,,80146.54,-0.05,445.58
2023-10-15 04:00:00+00:00,short,sell - direction_change,26876.6,26871.4,80121.97,-0.03,445.55
2023-10-15 04:00:00+00:00,long,buy,26871.4,,80081.91,-0.05,445.5
2023-10-15 11:00:00+00:00,long,sell - direction_change,26871.4,26880.8,80069.88,-0.02,445.48
2023-10-15 11:00:00+00:00,short,buy,26880.8,,80029.85,-0.05,445.43
2023-10-15 15:00:00+00:00,short,sell - direction_change,26880.8,26861.8,80046.4,0.02,445.46
2023-10-15 15:00:00+00:00,long,buy,26861.8,,80006.38,-0.05,445.41
2023-10-16 05:16:00+00:00,long,sell - take_profit,26861.8,27667.654,82366.56,2.95,448.36
2023-10-16 06:00:00+00:00,long,buy,27903.4,,82325.38,-0.05,448.31
2023-10-16 13:28:00+00:00,long,sell - take_profit,27903.4,28740.502000000004,84753.98,2.95,451.26
2023-10-16 14:00:00+00:00,long,buy,27986.5,,84711.6,-0.05,451.21
2023-10-17 06:00:00+00:00,long,sell - direction_change,27986.5,28212.0,85351.81,0.76,451.96
2023-10-17 06:00:00+00:00,short,buy,28212.0,,85309.13,-0.05,451.91
2023-10-17 07:00:00+00:00,short,sell - direction_change,28212.0,28214.7,85258.31,-0.06,451.85
2023-10-17 07:00:00+00:00,long,buy,28214.7,,85215.68,-0.05,451.8
2023-10-17 12:00:00+00:00,long,sell - direction_change,28214.7,28408.8,85759.31,0.64,452.44
2023-10-17 12:00:00+00:00,short,buy,28408.8,,85716.43,-0.05,452.39
2023-10-17 13:00:00+00:00,short,sell - direction_change,28408.8,28203.5,86293.01,0.67,453.06
2023-10-17 13:00:00+00:00,long,buy,28203.5,,86249.86,-0.05,453.01
2023-10-17 23:00:00+00:00,long,sell - direction_change,28203.5,28405.4,86824.17,0.67,453.68
2023-10-17 23:00:00+00:00,short,buy,28405.4,,86780.76,-0.05,453.63
2023-10-18 03:00:00+00:00,short,sell - direction_change,28405.4,28455.6,86584.01,-0.23,453.4
2023-10-18 03:00:00+00:00,long,buy,28455.6,,86540.72,-0.05,453.35
2023-10-18 09:00:00+00:00,long,sell - direction_change,28455.6,28543.4,86764.47,0.26,453.61
2023-10-18 09:00:00+00:00,short,buy,28543.4,,86721.08,-0.05,453.56
2023-10-19 07:00:00+00:00,short,sell - direction_change,28543.4,28275.7,87491.06,0.89,454.45
2023-10-19 07:00:00+00:00,long,buy,28275.7,,87447.31,-0.05,454.4
2023-10-19 08:00:00+00:00,long,sell - direction_change,28275.7,28314.9,87524.82,0.09,454.49
2023-10-19 08:00:00+00:00,short,buy,28314.9,,87481.06,-0.05,454.44
2023-10-19 09:00:00+00:00,short,sell - direction_change,28314.9,28307.8,87459.25,-0.02,454.41
2023-10-19 09:00:00+00:00,long,buy,28307.8,,87415.52,-0.05,454.36
2023-10-20 02:45:00+00:00,long,sell - take_profit,28307.8,29157.034,89994.28,2.95,457.31
2023-10-20 03:00:00+00:00,long,buy,28967.5,,89949.28,-0.05,457.26
2023-10-20 08:44:00+00:00,long,sell - take_profit,28967.5,29836.525,92602.79,2.95,460.21
2023-10-20 09:00:00+00:00,long,buy,29719.8,,92556.49,-0.05,460.16
2023-10-20 12:46:00+00:00,long,sell - stop_loss,29719.8,29422.602,91584.64,-1.05,459.11
2023-10-20 13:00:00+00:00,long,buy,29498.8,,91538.85,-0.05,459.06
2023-10-20 21:00:00+00:00,long,sell - direction_change,29498.8,29565.9,91701.3,0.18,459.24
2023-10-20 21:00:00+00:00,short,buy,29565.9,,91655.45,-0.05,459.19
2023-10-20 22:00:00+00:00,short,sell - direction_change,29565.9,29597.9,91510.42,-0.16,459.03
2023-10-20 22:00:00+00:00,long,buy,29597.9,,91464.67,-0.05,458.98
2023-10-21 01:00:00+00:00,long,sell - direction_change,29597.9,29615.1,91472.09,0.01,458.99
2023-10-21 01:00:00+00:00,short,buy,29615.1,,91426.35,-0.05,458.94
2023-10-21 03:00:00+00:00,short,sell - direction_change,29615.1,29472.0,91822.41,0.43,459.37
2023-10-21 03:00:00+00:00,long,buy,29472.0,,91776.5,-0.05,459.32
2023-10-21 18:01:00+00:00,long,sell - take_profit,29472.0,30356.16,94483.9,2.95,462.27
2023-10-21 19:00:00+00:00,long,buy,30194.9,,94436.66,-0.05,462.22
2023-10-21 23:36:00+00:00,long,sell - stop_loss,30194.9,29892.951,93445.08,-1.05,461.17
2023-10-22 00:00:00+00:00,long,buy,29895.4,,93398.35,-0.05,461.12
2023-10-22 04:00:00+00:00,long,sell - direction_change,29895.4,29897.0,93356.65,-0.04,461.08
2023-10-22 04:00:00+00:00,short,buy,29897.0,,93309.98,-0.05,461.03
2023-10-22 05:00:00+00:00,short,sell - direction_change,29897.0,29944.2,93116.01,-0.21,460.82
2023-10-22 05:00:00+00:00,long,buy,29944.2,,93069.45,-0.05,460.77
2023-10-22 07:00:00+00:00,long,sell - direction_change,29944.2,30062.1,93389.36,0.34,461.11
2023-10-22 07:00:00+00:00,short,buy,30062.1,,93342.66,-0.05,461.06
2023-10-22 22:00:00+00:00,short,sell - direction_change,30062.1,29740.5,94294.56,1.02,462.08
2023-10-22 22:00:00+00:00,long,buy,29740.5,,94247.41,-0.05,462.03
2023-10-23 01:32:00+00:00,long,sell - take_profit,29740.5,30632.715,97027.71,2.95,464.98
2023-10-23 02:00:00+00:00,long,buy,30336.7,,96979.2,-0.05,464.93
2023-10-23 16:55:00+00:00,long,sell - take_profit,30336.7,31246.801000000003,99840.08,2.95,467.88
2023-10-23 17:00:00+00:00,long,buy,31197.5,,99790.16,-0.05,467.83
2023-10-23 17:28:00+00:00,long,sell - stop_loss,31197.5,30885.525,98742.37,-1.05,466.78
2023-10-23 18:00:00+00:00,long,buy,30964.1,,98693.0,-0.05,466.73
2023-10-23 18:44:00+00:00,long,sell - stop_loss,30964.1,30654.459,97656.72,-1.05,465.68
2023-10-23 19:00:00+00:00,long,buy,31156.5,,97607.89,-0.05,465.63
2023-10-23 22:28:00+00:00,long,sell - take_profit,31156.5,32091.195,100487.32,2.95,468.58
2023-10-23 23:00:00+00:00,long,buy,33358.8,,100437.08,-0.05,468.53
2023-10-23 23:10:00+00:00,long,sell - stop_loss,33358.8,33025.212,99382.49,-1.05,467.48
2023-10-24 00:00:00+00:00,long,buy,33074.0,,99332.8,-0.05,467.43
2023-10-24 01:58:00+00:00,long,sell - take_profit,33074.0,34066.22,102263.12,2.95,470.38
2023-10-24 02:00:00+00:00,long,buy,34182.2,,102211.98,-0.05,470.33
2023-10-24 02:26:00+00:00,long,sell - take_profit,34182.2,35207.666,105227.24,2.95,473.28
2023-10-24 03:00:00+00:00,long,buy,34566.0,,105174.62,-0.05,473.23
2023-10-24 03:56:00+00:00,long,sell - stop_loss,34566.0,34220.34,104070.29,-1.05,472.18
2023-10-24 04:00:00+00:00,long,buy,34071.1,,104018.26,-0.05,472.13
2023-10-24 07:27:00+00:00,long,sell - stop_loss,34071.1,33730.388999999996,102926.06,-1.05,471.08
2023-10-24 08:00:00+00:00,long,buy,34025.8,,102874.6,-0.05,471.03
2023-10-24 15:26:00+00:00,long,sell - stop_loss,34025.8,33685.542,101794.42,-1.05,469.98
2023-10-24 16:00:00+00:00,long,buy,33673.9,,101743.52,-0.05,469.93
2023-10-24 19:00:00+00:00,long,sell - direction_change,33673.9,33860.9,102257.66,0.51,470.44
2023-10-24 19:00:00+00:00,short,buy,33860.9,,102206.53,-0.05,470.39
2023-10-24 21:00:00+00:00,short,sell - direction_change,33860.9,33659.1,102764.54,0.55,470.93
2023-10-24 21:00:00+00:00,long,buy,33659.1,,102713.16,-0.05,470.88
2023-10-24 23:00:00+00:00,long,sell - direction_change,33659.1,34152.6,104167.75,1.42,472.3
2023-10-24 23:00:00+00:00,short,buy,34152.6,,104115.67,-0.05,472.25
2023-10-25 01:00:00+00:00,short,sell - direction_change,34152.6,34026.9,104446.82,0.32,472.57
2023-10-25 01:00:00+00:00,long,buy,34026.9,,104394.59,-0.05,472.52
2023-10-25 05:00:00+00:00,long,sell - direction_change,34026.9,34194.3,104855.98,0.44,472.96
2023-10-25 05:00:00+00:00,short,buy,34194.3,,104803.55,-0.05,472.91
2023-10-25 06:00:00+00:00,short,sell - direction_change,34194.3,34011.5,105311.42,0.48,473.4
2023-10-25 06:00:00+00:00,long,buy,34011.5,,105258.76,-0.05,473.35
2023-10-25 07:00:00+00:00,long,sell - direction_change,34011.5,34122.8,105550.59,0.28,473.62
2023-10-25 07:00:00+00:00,short,buy,34122.8,,105497.81,-0.05,473.57
2023-10-25 09:00:00+00:00,short,sell - direction_change,34122.8,33944.4,105996.62,0.47,474.05
2023-10-25 09:00:00+00:00,long,buy,33944.4,,105943.62,-0.05,474.0
2023-10-25 15:33:00+00:00,long,sell - take_profit,33944.4,34962.732,109068.96,2.95,476.95
2023-10-25 16:00:00+00:00,long,buy,34841.5,,109014.43,-0.05,476.9
2023-10-25 16:42:00+00:00,long,sell - stop_loss,34841.5,34493.085,107869.78,-1.05,475.85
2023-10-25 17:00:00+00:00,long,buy,34473.3,,107815.84,-0.05,475.8
2023-10-26 05:00:00+00:00,long,sell - direction_change,34473.3,34699.8,108470.32,0.61,476.4
2023-10-26 05:00:00+00:00,short,buy,34699.8,,108416.08,-0.05,476.35
2023-10-26 06:00:00+00:00,short,sell - direction_change,34699.8,34518.7,108927.7,0.47,476.82
2023-10-26 06:00:00+00:00,long,buy,34518.7,,108873.24,-0.05,476.77
2023-10-26 08:00:00+00:00,long,sell - direction_change,34518.7,34648.6,109228.51,0.33,477.1
2023-10-26 08:00:00+00:00,short,buy,34648.6,,109173.9,-0.05,477.05
2023-10-27 12:00:00+00:00,short,sell - direction_change,34648.6,34055.1,110989.36,1.66,478.71
2023-10-27 12:00:00+00:00,long,buy,34055.1,,110933.87,-0.05,478.66
2023-10-27 14:00:00+00:00,long,sell - direction_change,34055.1,34167.3,111243.89,0.28,478.94
2023-10-27 14:00:00+00:00,short,buy,34167.3,,111188.27,-0.05,478.89
2023-10-28 02:00:00+00:00,short,sell - direction_change,34167.3,33924.4,111923.13,0.66,479.55
2023-10-28 02:00:00+00:00,long,buy,33924.4,,111867.16,-0.05,479.5
2023-10-28 23:00:00+00:00,long,sell - direction_change,33924.4,34106.0,112410.06,0.49,479.99
2023-10-28 23:00:00+00:00,short,buy,34106.0,,112353.86,-0.05,479.94
2023-10-29 06:00:00+00:00,short,sell - direction_change,34106.0,34038.1,112521.36,0.15,480.09
2023-10-29 06:00:00+00:00,long,buy,34038.1,,112465.1,-0.05,480.04
2023-10-29 07:00:00+00:00,long,sell - direction_change,34038.1,34093.5,112591.92,0.11,480.15
2023-10-29 07:00:00+00:00,short,buy,34093.5,,112535.62,-0.05,480.1
2023-10-29 08:00:00+00:00,short,sell - direction_change,34093.5,34086.1,112503.78,-0.03,480.07
2023-10-29 08:00:00+00:00,long,buy,34086.1,,112447.53,-0.05,480.02
2023-10-30 02:00:00+00:00,long,sell - direction_change,34086.1,34431.3,113530.09,0.96,480.99
2023-10-30 02:00:00+00:00,short,buy,34431.3,,113473.33,-0.05,480.94
2023-10-30 09:00:00+00:00,short,sell - direction_change,34431.3,34385.5,113567.53,0.08,481.02
2023-10-30 09:00:00+00:00,long,buy,34385.5,,113510.75,-0.05,480.97
2023-10-30 16:00:00+00:00,long,sell - direction_change,34385.5,34664.5,114375.0,0.76,481.73
2023-10-30 16:00:00+00:00,short,buy,34664.5,,114317.82,-0.05,481.68
2023-10-30 23:00:00+00:00,short,sell - direction_change,34664.5,34475.7,114883.29,0.49,482.17
2023-10-30 23:00:00+00:00,long,buy,34475.7,,114825.85,-0.05,482.12
2023-10-31 01:00:00+00:00,long,sell - direction_change,34475.7,34525.5,114934.3,0.09,482.22
2023-10-31 01:00:00+00:00,short,buy,34525.5,,114876.83,-0.05,482.17
2023-10-31 11:00:00+00:00,short,sell - direction_change,34525.5,34453.9,115057.63,0.16,482.33
2023-10-31 11:00:00+00:00,long,buy,34453.9,,115000.1,-0.05,482.28
2023-10-31 12:00:00+00:00,long,sell - direction_change,34453.9,34504.1,115110.16,0.1,482.37
2023-10-31 12:00:00+00:00,short,buy,34504.1,,115052.6,-0.05,482.32
2023-10-31 16:00:00+00:00,short,sell - direction_change,34504.1,34290.3,115707.98,0.57,482.89
2023-10-31 16:00:00+00:00,long,buy,34290.3,,115650.13,-0.05,482.84
2023-10-31 17:00:00+00:00,long,sell - direction_change,34290.3,34445.1,116114.4,0.4,483.24
2023-10-31 17:00:00+00:00,short,buy,34445.1,,116056.34,-0.05,483.19
2023-10-31 18:00:00+00:00,short,sell - direction_change,34445.1,34397.3,116159.36,0.09,483.28
2023-10-31 18:00:00+00:00,long,buy,34397.3,,116101.28,-0.05,483.23
2023-11-01 04:00:00+00:00,long,sell - direction_change,34397.3,34429.9,116153.27,0.04,483.28
2023-11-01 04:00:00+00:00,short,buy,34429.9,,116095.19,-0.05,483.23
2023-11-01 12:00:00+00:00,short,sell - direction_change,34429.9,34442.9,115993.31,-0.09,483.14
2023-11-01 12:00:00+00:00,long,buy,34442.9,,115935.31,-0.05,483.09
2023-11-01 14:00:00+00:00,long,sell - direction_change,34442.9,34612.8,116449.23,0.44,483.53
2023-11-01 14:00:00+00:00,short,buy,34612.8,,116391.01,-0.05,483.48
2023-11-01 17:00:00+00:00,short,sell - direction_change,34612.8,34458.4,116852.0,0.4,483.88
2023-11-01 17:00:00+00:00,long,buy,34458.4,,116793.58,-0.05,483.83
2023-11-01 20:58:00+00:00,long,sell - take_profit,34458.4,35492.152,120238.99,2.95,486.78
2023-11-01 21:00:00+00:00,long,buy,35494.5,,120178.87,-0.05,486.73
2023-11-01 21:09:00+00:00,long,sell - stop_loss,35494.5,35139.555,118916.99,-1.05,485.68
2023-11-01 22:00:00+00:00,long,buy,35409.3,,118857.53,-0.05,485.63
2023-11-02 06:21:00+00:00,long,sell - stop_loss,35409.3,35055.207,117609.53,-1.05,484.58
2023-11-02 07:00:00+00:00,long,buy,35227.9,,117550.72,-0.05,484.53
2023-11-02 13:00:00+00:00,long,sell - direction_change,35227.9,35356.9,117922.4,0.32,484.84
2023-11-02 13:00:00+00:00,short,buy,35356.9,,117863.44,-0.05,484.79
2023-11-03 08:49:00+00:00,short,sell - take_profit,35356.9,34296.193,121340.41,2.95,487.74
2023-11-03 09:00:00+00:00,short,buy,34427.9,,121279.74,-0.05,487.69
2023-11-03 14:30:00+00:00,short,sell - stop_loss,34427.9,34772.179000000004,120006.31,-1.05,486.64
2023-11-03 15:00:00+00:00,long,buy,34715.0,,119946.3,-0.05,486.59
2023-11-03 17:00:00+00:00,long,sell - direction_change,34715.0,34661.8,119702.52,-0.2,486.39
2023-11-03 17:00:00+00:00,short,buy,34661.8,,119642.66,-0.05,486.34
2023-11-03 19:00:00+00:00,short,sell - direction_change,34661.8,34517.1,120082.31,0.37,486.71
2023-11-03 19:00:00+00:00,long,buy,34517.1,,120022.27,-0.05,486.66
2023-11-04 13:00:00+00:00,long,sell - direction_change,34517.1,34750.1,120772.44,0.63,487.28
2023-11-04 13:00:00+00:00,short,buy,34750.1,,120712.05,-0.05,487.23
2023-11-04 14:00:00+00:00,short,sell - direction_change,34750.1,34696.2,120838.93,0.11,487.34
2023-11-04 14:00:00+00:00,long,buy,34696.2,,120778.51,-0.05,487.29
2023-11-04 15:00:00+00:00,long,sell - direction_change,34696.2,34730.3,120836.82,0.05,487.34
2023-11-04 15:00:00+00:00,short,buy,34730.3,,120776.41,-0.05,487.29
2023-11-04 17:00:00+00:00,short,sell - direction_change,34730.3,34693.9,120842.6,0.05,487.34
2023-11-04 17:00:00+00:00,long,buy,34693.9,,120782.18,-0.05,487.29
2023-11-04 18:00:00+00:00,long,sell - direction_change,34693.9,34759.0,120948.42,0.14,487.43
2023-11-04 18:00:00+00:00,short,buy,34759.0,,120887.95,-0.05,487.38
2023-11-04 20:00:00+00:00,short,sell - direction_change,34759.0,34721.1,120959.32,0.06,487.44
2023-11-04 20:00:00+00:00,long,buy,34721.1,,120898.84,-0.05,487.39
2023-11-05 13:00:00+00:00,long,sell - direction_change,34721.1,35096.1,122144.14,1.03,488.42
2023-11-05 13:00:00+00:00,short,buy,35096.1,,122083.07,-0.05,488.37
2023-11-05 17:00:00+00:00,short,sell - direction_change,35096.1,34969.5,122462.41,0.31,488.68
2023-11-05 17:00:00+00:00,long,buy,34969.5,,122401.18,-0.05,488.63
2023-11-05 19:00:00+00:00,long,sell - direction_change,34969.5,35050.0,122621.74,0.18,488.81
2023-11-05 19:00:00+00:00,short,buy,35050.0,,122560.43,-0.05,488.76
2023-11-05 23:00:00+00:00,short,sell - direction_change,35050.0,34984.6,122727.84,0.14,488.9
2023-11-05 23:00:00+00:00,long,buy,34984.6,,122666.48,-0.05,488.85
2023-11-06 01:00:00+00:00,long,sell - direction_change,34984.6,35075.2,122922.81,0.21,489.05
2023-11-06 01:00:00+00:00,short,buy,35075.2,,122861.35,-0.05,489.0
2023-11-06 09:00:00+00:00,short,sell - direction_change,35075.2,34971.2,123164.21,0.25,489.25
2023-11-06 09:00:00+00:00,long,buy,34971.2,,123102.63,-0.05,489.2
2023-11-06 17:00:00+00:00,long,sell - direction_change,34971.2,34980.0,123072.06,-0.02,489.18
2023-11-06 17:00:00+00:00,short,buy,34980.0,,123010.52,-0.05,489.13
2023-11-06 19:00:00+00:00,short,sell - direction_change,34980.0,34966.9,122995.08,-0.01,489.11
2023-11-06 19:00:00+00:00,long,buy,34966.9,,122933.58,-0.05,489.06
2023-11-06 20:00:00+00:00,long,sell - direction_change,34966.9,35076.7,123258.14,0.26,489.33
2023-11-06 20:00:00+00:00,short,buy,35076.7,,123196.51,-0.05,489.28
2023-11-06 22:00:00+00:00,short,sell - direction_change,35076.7,35039.8,123264.52,0.06,489.33
2023-11-06 22:00:00+00:00,long,buy,35039.8,,123202.88,-0.05,489.28
2023-11-06 23:00:00+00:00,long,sell - direction_change,35039.8,35131.0,123461.95,0.21,489.49
2023-11-06 23:00:00+00:00,short,buy,35131.0,,123400.22,-0.05,489.44
2023-11-07 18:00:00+00:00,short,sell - direction_change,35131.0,34854.5,124309.74,0.74,490.18
2023-11-07 18:00:00+00:00,long,buy,34854.5,,124247.59,-0.05,490.13
2023-11-07 20:57:00+00:00,long,sell - take_profit,34854.5,35900.135,127912.89,2.95,493.08
2023-11-07 21:00:00+00:00,long,buy,35638.6,,127848.94,-0.05,493.03
2023-11-07 22:15:00+00:00,long,sell - stop_loss,35638.6,35282.214,126506.52,-1.05,491.98
2023-11-07 23:00:00+00:00,long,buy,35293.3,,126443.27,-0.05,491.93
2023-11-08 07:00:00+00:00,long,sell - direction_change,35293.3,35294.0,126382.56,-0.05,491.88
2023-11-08 07:00:00+00:00,short,buy,35294.0,,126319.36,-0.05,491.83
2023-11-08 08:00:00+00:00,short,sell - direction_change,35294.0,35239.5,126451.26,0.1,491.94
2023-11-08 08:00:00+00:00,long,buy,35239.5,,126388.04,-0.05,491.89
2023-11-08 09:00:00+00:00,long,sell - direction_change,35239.5,35312.5,126586.66,0.16,492.04
2023-11-08 09:00:00+00:00,short,buy,35312.5,,126523.37,-0.05,491.99
2023-11-08 10:00:00+00:00,short,sell - direction_change,35312.5,35296.5,126517.43,-0.0,491.99
2023-11-08 10:00:00+00:00,long,buy,35296.5,,126454.18,-0.05,491.94
2023-11-08 15:00:00+00:00,long,sell - direction_change,35296.5,35315.4,126458.66,0.0,491.94
2023-11-08 15:00:00+00:00,short,buy,35315.4,,126395.43,-0.05,491.89
2023-11-08 16:00:00+00:00,short,sell - direction_change,35315.4,35231.4,126632.87,0.19,492.08
2023-11-08 16:00:00+00:00,long,buy,35231.4,,126569.56,-0.05,492.03
2023-11-09 02:23:00+00:00,long,sell - take_profit,35231.4,36288.342000000004,130303.36,2.95,494.98
2023-11-09 03:00:00+00:00,long,buy,36382.5,,130238.21,-0.05,494.93
2023-11-09 14:11:00+00:00,long,sell - take_profit,36382.5,37473.975,134080.23,2.95,497.88
2023-11-09 15:00:00+00:00,long,buy,37922.4,,134013.19,-0.05,497.83
2023-11-09 15:25:00+00:00,long,sell - stop_loss,37922.4,37543.176,132606.06,-1.05,496.78
2023-11-09 16:00:00+00:00,long,buy,37141.5,,132539.75,-0.05,496.73
2023-11-09 16:11:00+00:00,long,sell - stop_loss,37141.5,36770.085,131148.08,-1.05,495.68
2023-11-09 17:00:00+00:00,long,buy,36360.0,,131082.51,-0.05,495.63
2023-11-09 20:00:00+00:00,long,sell - direction_change,36360.0,36399.4,131159.01,0.06,495.69
2023-11-09 20:00:00+00:00,short,buy,36399.4,,131093.43,-0.05,495.64
2023-11-09 21:00:00+00:00,short,sell - direction_change,36399.4,36571.6,130407.7,-0.52,495.12
2023-11-09 21:00:00+00:00,long,buy,36571.6,,130342.5,-0.05,495.07
2023-11-10 00:00:00+00:00,long,sell - direction_change,36571.6,36719.6,130804.8,0.35,495.42
2023-11-10 00:00:00+00:00,short,buy,36719.6,,130739.4,-0.05,495.37
2023-11-10 02:00:00+00:00,short,sell - direction_change,36719.6,36702.0,130736.7,-0.0,495.37
2023-11-10 02:00:00+00:00,long,buy,36702.0,,130671.33,-0.05,495.32
2023-11-10 07:00:00+00:00,long,sell - direction_change,36702.0,36634.0,130363.89,-0.24,495.08
2023-11-10 07:00:00+00:00,short,buy,36634.0,,130298.71,-0.05,495.03
2023-11-10 10:00:00+00:00,short,sell - direction_change,36634.0,36584.4,130409.97,0.09,495.12
2023-11-10 10:00:00+00:00,long,buy,36584.4,,130344.77,-0.05,495.07
2023-11-11 03:00:00+00:00,long,sell - direction_change,36584.4,37131.1,132227.41,1.44,496.51
2023-11-11 03:00:00+00:00,short,buy,37131.1,,132161.29,-0.05,496.46
2023-11-11 14:00:00+00:00,short,sell - direction_change,37131.1,37166.5,131969.21,-0.15,496.32
2023-11-11 14:00:00+00:00,long,buy,37166.5,,131903.23,-0.05,496.27
2023-11-11 15:00:00+00:00,long,sell - direction_change,37166.5,37259.0,132165.56,0.2,496.47
2023-11-11 15:00:00+00:00,short,buy,37259.0,,132099.48,-0.05,496.42
2023-11-11 16:00:00+00:00,short,sell - direction_change,37259.0,37071.5,132698.2,0.45,496.87
2023-11-11 16:00:00+00:00,long,buy,37071.5,,132631.85,-0.05,496.82
2023-11-11 17:00:00+00:00,long,sell - direction_change,37071.5,37155.2,132864.99,0.18,497.0
2023-11-11 17:00:00+00:00,short,buy,37155.2,,132798.55,-0.05,496.95
2023-11-11 18:00:00+00:00,short,sell - direction_change,37155.2,37133.9,132808.28,0.01,496.95
2023-11-11 18:00:00+00:00,long,buy,37133.9,,132741.88,-0.05,496.9
2023-11-11 20:00:00+00:00,long,sell - direction_change,37133.9,37177.8,132832.44,0.07,496.97
2023-11-11 20:00:00+00:00,short,buy,37177.8,,132766.02,-0.05,496.92
2023-11-12 07:00:00+00:00,short,sell - direction_change,37177.8,37167.1,132737.85,-0.02,496.9
2023-11-12 07:00:00+00:00,long,buy,37167.1,,132671.48,-0.05,496.85
2023-11-12 09:00:00+00:00,long,sell - direction_change,37167.1,37127.7,132464.5,-0.16,496.69
2023-11-12 09:00:00+00:00,short,buy,37127.7,,132398.27,-0.05,496.64
2023-11-12 10:00:00+00:00,short,sell - direction_change,37127.7,37089.6,132467.94,0.05,496.7
2023-11-12 10:00:00+00:00,long,buy,37089.6,,132401.7,-0.05,496.65
2023-11-12 12:00:00+00:00,long,sell - direction_change,37089.6,37087.6,132328.36,-0.06,496.59
2023-11-12 12:00:00+00:00,short,buy,37087.6,,132262.2,-0.05,496.54
2023-11-12 13:00:00+00:00,short,sell - direction_change,37087.6,37035.9,132380.44,0.09,496.63
2023-11-12 13:00:00+00:00,long,buy,37035.9,,132314.25,-0.05,496.58
2023-11-12 23:00:00+00:00,long,sell - direction_change,37035.9,37185.0,132780.77,0.35,496.93
2023-11-12 23:00:00+00:00,short,buy,37185.0,,132714.38,-0.05,496.88
2023-11-13 01:00:00+00:00,short,sell - direction_change,37185.0,37117.1,132890.36,0.13,497.02
2023-11-13 01:00:00+00:00,long,buy,37117.1,,132823.91,-0.05,496.97
2023-11-13 03:00:00+00:00,long,sell - direction_change,37117.1,37166.0,132932.49,0.08,497.05
2023-11-13 03:00:00+00:00,short,buy,37166.0,,132866.02,-0.05,497.0
2023-11-14 08:00:00+00:00,short,sell - direction_change,37166.0,36705.5,134445.85,1.19,498.19
2023-11-14 08:00:00+00:00,long,buy,36705.5,,134378.62,-0.05,498.14
2023-11-14 09:00:00+00:00,long,sell - direction_change,36705.5,36765.0,134529.26,0.11,498.25
2023-11-14 09:00:00+00:00,short,buy,36765.0,,134462.0,-0.05,498.2
2023-11-14 18:43:00+00:00,short,sell - take_profit,36765.0,35662.049999999996,138428.63,2.95,501.15
2023-11-14 19:00:00+00:00,short,buy,35242.4,,138359.41,-0.05,501.1
2023-11-14 21:52:00+00:00,short,sell - stop_loss,35242.4,35594.824,136906.64,-1.05,500.05
2023-11-14 22:00:00+00:00,short,buy,35594.2,,136838.19,-0.05,500.0
2023-11-15 09:24:00+00:00,short,sell - stop_loss,35594.2,35950.142,135401.39,-1.05,498.95
2023-11-15 10:00:00+00:00,long,buy,35799.9,,135333.68,-0.05,498.9
2023-11-15 18:11:00+00:00,long,sell - take_profit,35799.9,36873.897000000004,139326.03,2.95,501.85
2023-11-15 19:00:00+00:00,long,buy,37413.8,,139256.37,-0.05,501.8
2023-11-16 11:00:00+00:00,long,sell - direction_change,37413.8,37317.5,138828.3,-0.31,501.49
2023-11-16 11:00:00+00:00,short,buy,37317.5,,138758.89,-0.05,501.44
2023-11-16 18:05:00+00:00,short,sell - take_profit,37317.5,36197.975,142852.28,2.95,504.39
2023-11-16 19:00:00+00:00,short,buy,36259.0,,142780.85,-0.05,504.34
2023-11-17 02:28:00+00:00,short,sell - stop_loss,36259.0,36621.590000000004,141281.65,-1.05,503.29
2023-11-17 03:00:00+00:00,short,buy,36467.9,,141211.01,-0.05,503.24
2023-11-17 06:00:00+00:00,short,sell - direction_change,36467.9,36373.1,141507.49,0.21,503.45
2023-11-17 06:00:00+00:00,long,buy,36373.1,,141436.74,-0.05,503.4
2023-11-17 07:00:00+00:00,long,sell - direction_change,36373.1,36363.3,141327.91,-0.08,503.32
2023-11-17 07:00:00+00:00,short,buy,36363.3,,141257.25,-0.05,503.27
2023-11-17 12:00:00+00:00,short,sell - direction_change,36363.3,36383.9,141106.59,-0.11,503.17
2023-11-17 12:00:00+00:00,long,buy,36383.9,,141036.04,-0.05,503.12
2023-11-17 13:00:00+00:00,long,sell - direction_change,36383.9,36540.9,141574.11,0.38,503.5
2023-11-17 13:00:00+00:00,short,buy,36540.9,,141503.32,-0.05,503.45
2023-11-17 17:00:00+00:00,short,sell - direction_change,36540.9,35995.0,143546.55,1.44,504.89
2023-11-17 17:00:00+00:00,long,buy,35995.0,,143474.77,-0.05,504.84
2023-11-18 03:00:00+00:00,long,sell - direction_change,35995.0,36416.0,145081.13,1.12,505.96
2023-11-18 03:00:00+00:00,short,buy,36416.0,,145008.59,-0.05,505.91
2023-11-18 10:00:00+00:00,short,sell - direction_change,36416.0,36410.0,144959.97,-0.03,505.88
2023-11-18 10:00:00+00:00,long,buy,36410.0,,144887.49,-0.05,505.83
2023-11-18 11:00:00+00:00,long,sell - direction_change,36410.0,36479.1,145090.02,0.14,505.97
2023-11-18 11:00:00+00:00,short,buy,36479.1,,145017.48,-0.05,505.92
2023-11-18 12:00:00+00:00,short,sell - direction_change,36479.1,36417.0,145191.84,0.12,506.04
2023-11-18 12:00:00+00:00,long,buy,36417.0,,145119.24,-0.05,505.99
2023-11-18 22:00:00+00:00,long,sell - direction_change,36417.0,36550.0,145576.68,0.32,506.3
2023-11-18 22:00:00+00:00,short,buy,36550.0,,145503.89,-0.05,506.25
2023-11-18 23:00:00+00:00,short,sell - direction_change,36550.0,36517.4,145560.92,0.04,506.29
2023-11-18 23:00:00+00:00,long,buy,36517.4,,145488.14,-0.05,506.24
2023-11-19 00:00:00+00:00,long,sell - direction_change,36517.4,36580.9,145668.38,0.12,506.37
2023-11-19 00:00:00+00:00,short,buy,36580.9,,145595.55,-0.05,506.32
2023-11-19 06:00:00+00:00,short,sell - direction_change,36580.9,36522.0,145757.18,0.11,506.43
2023-11-19 06:00:00+00:00,long,buy,36522.0,,145684.3,-0.05,506.38
2023-11-19 10:00:00+00:00,long,sell - direction_change,36522.0,36638.7,146076.97,0.27,506.65
2023-11-19 10:00:00+00:00,short,buy,36638.7,,146003.93,-0.05,506.6
2023-11-19 15:00:00+00:00,short,sell - direction_change,36638.7,36468.0,146611.16,0.42,507.01
2023-11-19 15:00:00+00:00,long,buy,36468.0,,146537.85,-0.05,506.96
2023-11-19 16:00:00+00:00,long,sell - direction_change,36468.0,36575.1,146894.94,0.24,507.21
2023-11-19 16:00:00+00:00,short,buy,36575.1,,146821.49,-0.05,507.16
2023-11-19 18:00:00+00:00,short,sell - direction_change,36575.1,36610.9,146604.37,-0.15,507.01
2023-11-19 18:00:00+00:00,long,buy,36610.9,,146531.07,-0.05,506.96
2023-11-20 13:00:00+00:00,long,sell - direction_change,36610.9,37158.8,148650.71,1.45,508.41
2023-11-20 13:00:00+00:00,short,buy,37158.8,,148576.39,-0.05,508.36
2023-11-20 14:00:00+00:00,short,sell - direction_change,37158.8,37107.2,148708.42,0.09,508.45
2023-11-20 14:00:00+00:00,long,buy,37107.2,,148634.06,-0.05,508.4
2023-11-20 14:11:00+00:00,long,sell - stop_loss,37107.2,36736.128,147073.41,-1.05,507.35
2023-11-20 15:00:00+00:00,long,buy,37435.5,,146999.87,-0.05,507.3
2023-11-20 17:28:00+00:00,long,sell - stop_loss,37435.5,37061.145,145456.37,-1.05,506.25
2023-11-20 18:00:00+00:00,long,buy,37598.0,,145383.64,-0.05,506.2
2023-11-21 05:00:00+00:00,long,sell - direction_change,37598.0,37413.2,144596.37,-0.54,505.65
2023-11-21 05:00:00+00:00,short,buy,37413.2,,144524.07,-0.05,505.6
2023-11-21 15:03:00+00:00,short,sell - take_profit,37413.2,36290.804,148787.53,2.95,508.55
2023-11-21 16:00:00+00:00,short,buy,36975.8,,148713.14,-0.05,508.5
2023-11-21 17:14:00+00:00,short,sell - stop_loss,36975.8,37345.558000000005,147151.65,-1.05,507.45
2023-11-21 18:00:00+00:00,short,buy,36913.6,,147078.07,-0.05,507.4
2023-11-21 23:57:00+00:00,short,sell - take_profit,36913.6,35806.191999999995,151416.88,2.95,510.35
2023-11-22 00:00:00+00:00,short,buy,35737.0,,151341.17,-0.05,510.3
2023-11-22 00:28:00+00:00,short,sell - stop_loss,35737.0,36094.37,149752.08,-1.05,509.25
2023-11-22 01:00:00+00:00,short,buy,36109.9,,149677.21,-0.05,509.2
2023-11-22 05:07:00+00:00,short,sell - stop_loss,36109.9,36470.999,148105.6,-1.05,508.15
2023-11-22 06:00:00+00:00,short,buy,36358.9,,148031.55,-0.05,508.1
2023-11-22 09:00:00+00:00,short,sell - direction_change,36358.9,36561.7,147131.85,-0.61,507.5
2023-11-22 09:00:00+00:00,long,buy,36561.7,,147058.28,-0.05,507.45
2023-11-22 11:00:00+00:00,long,sell - direction_change,36561.7,36661.7,147386.97,0.22,507.67
2023-11-22 11:00:00+00:00,short,buy,36661.7,,147313.28,-0.05,507.62
2023-11-22 12:00:00+00:00,short,sell - direction_change,36661.7,36465.8,148026.79,0.48,508.1
2023-11-22 12:00:00+00:00,long,buy,36465.8,,147952.77,-0.05,508.05
2023-11-22 13:00:00+00:00,long,sell - direction_change,36465.8,36560.7,148263.83,0.21,508.26
2023-11-22 13:00:00+00:00,short,buy,36560.7,,148189.7,-0.05,508.21
2023-11-22 17:00:00+00:00,short,sell - direction_change,36560.7,36470.0,148483.24,0.2,508.41
2023-11-22 17:00:00+00:00,long,buy,36470.0,,148409.0,-0.05,508.36
2023-11-22 20:47:00+00:00,long,sell - take_profit,36470.0,37564.1,152787.06,2.95,511.31
2023-11-22 21:00:00+00:00,long,buy,37629.7,,152710.67,-0.05,511.26
2023-11-22 23:24:00+00:00,long,sell - stop_loss,37629.7,37253.403,151107.2,-1.05,510.21
2023-11-23 00:00:00+00:00,long,buy,37413.5,,151031.65,-0.05,510.16
2023-11-23 11:00:00+00:00,long,sell - direction_change,37413.5,37469.9,151183.81,0.1,510.26
2023-11-23 11:00:00+00:00,short,buy,37469.9,,151108.22,-0.05,510.21
2023-11-24 01:00:00+00:00,short,sell - direction_change,37469.9,37297.8,151726.71,0.41,510.62
2023-11-24 01:00:00+00:00,long,buy,37297.8,,151650.85,-0.05,510.57
2023-11-24 03:00:00+00:00,long,sell - direction_change,37297.8,37379.7,151908.02,0.17,510.74
2023-11-24 03:00:00+00:00,short,buy,37379.7,,151832.07,-0.05,510.69
2023-11-24 04:00:00+00:00,short,sell - direction_change,37379.7,37314.0,152023.02,0.13,510.82
2023-11-24 04:00:00+00:00,long,buy,37314.0,,151947.01,-0.05,510.77
2023-11-24 22:00:00+00:00,long,sell - direction_change,37314.0,37818.6,153925.82,1.3,512.07
2023-11-24 22:00:00+00:00,short,buy,37818.6,,153848.86,-0.05,512.02
2023-11-24 23:00:00+00:00,short,sell - direction_change,37818.6,37669.9,154376.86,0.34,512.36
2023-11-24 23:00:00+00:00,long,buy,37669.9,,154299.67,-0.05,512.31
2023-11-25 01:00:00+00:00,long,sell - direction_change,37669.9,37714.1,154403.57,0.07,512.38
2023-11-25 01:00:00+00:00,short,buy,37714.1,,154326.37,-0.05,512.33
2023-11-25 05:00:00+00:00,short,sell - direction_change,37714.1,37767.9,154029.05,-0.19,512.14
2023-11-25 05:00:00+00:00,long,buy,37767.9,,153952.04,-0.05,512.09
2023-11-25 10:00:00+00:00,long,sell - direction_change,37767.9,37738.0,153753.18,-0.13,511.96
2023-11-25 10:00:00+00:00,short,buy,37738.0,,153676.31,-0.05,511.91
2023-11-25 19:00:00+00:00,short,sell - direction_change,37738.0,37809.9,153306.68,-0.24,511.67
2023-11-25 19:00:00+00:00,long,buy,37809.9,,153230.02,-0.05,511.62
2023-11-25 22:00:00+00:00,long,sell - direction_change,37809.9,37781.0,153036.29,-0.13,511.49
2023-11-25 22:00:00+00:00,short,buy,37781.0,,152959.77,-0.05,511.44
2023-11-25 23:00:00+00:00,short,sell - direction_change,37781.0,37711.0,153166.69,0.14,511.58
2023-11-25 23:00:00+00:00,long,buy,37711.0,,153090.11,-0.05,511.53
2023-11-26 00:00:00+00:00,long,sell - direction_change,37711.0,37766.7,153239.68,0.1,511.62
2023-11-26 00:00:00+00:00,short,buy,37766.7,,153163.06,-0.05,511.57
2023-11-26 06:00:00+00:00,short,sell - direction_change,37766.7,37766.4,153087.69,-0.05,511.53
2023-11-26 06:00:00+00:00,long,buy,37766.4,,153011.15,-0.05,511.48
2023-11-26 07:00:00+00:00,long,sell - direction_change,37766.4,37781.9,152997.44,-0.01,511.47
2023-11-26 07:00:00+00:00,short,buy,37781.9,,152920.94,-0.05,511.42
2023-11-26 08:00:00+00:00,short,sell - direction_change,37781.9,37773.5,152878.48,-0.03,511.39
2023-11-26 08:00:00+00:00,long,buy,37773.5,,152802.04,-0.05,511.34
2023-11-26 10:00:00+00:00,long,sell - direction_change,37773.5,37751.6,152637.05,-0.11,511.23
2023-11-26 10:00:00+00:00,short,buy,37751.6,,152560.73,-0.05,511.18
2023-11-26 22:00:00+00:00,short,sell - direction_change,37751.6,37604.0,153080.93,0.34,511.52
2023-11-26 22:00:00+00:00,long,buy,37604.0,,153004.39,-0.05,511.47
2023-11-26 23:00:00+00:00,long,sell - direction_change,37604.0,37647.5,153104.88,0.07,511.54
2023-11-26 23:00:00+00:00,short,buy,37647.5,,153028.33,-0.05,511.49
2023-11-27 01:00:00+00:00,short,sell - direction_change,37647.5,37479.3,153635.51,0.4,511.88
2023-11-27 01:00:00+00:00,long,buy,37479.3,,153558.69,-0.05,511.83
2023-11-27 02:00:00+00:00,long,sell - direction_change,37479.3,37473.5,153458.15,-0.07,511.77
2023-11-27 02:00:00+00:00,short,buy,37473.5,,153381.42,-0.05,511.72
2023-11-27 23:00:00+00:00,short,sell - direction_change,37473.5,37070.1,154955.87,1.03,512.75
2023-11-27 23:00:00+00:00,long,buy,37070.1,,154878.39,-0.05,512.7
2023-11-28 04:00:00+00:00,long,sell - direction_change,37070.1,37119.9,155009.02,0.08,512.78
2023-11-28 04:00:00+00:00,short,buy,37119.9,,154931.51,-0.05,512.73
2023-11-28 07:00:00+00:00,short,sell - direction_change,37119.9,37088.8,154983.85,0.03,512.76
2023-11-28 07:00:00+00:00,long,buy,37088.8,,154906.36,-0.05,512.71
2023-11-28 08:00:00+00:00,long,sell - direction_change,37088.8,37087.2,154822.23,-0.05,512.66
2023-11-28 08:00:00+00:00,short,buy,37087.2,,154744.81,-0.05,512.61
2023-11-28 11:00:00+00:00,short,sell - direction_change,37087.2,37105.8,154589.83,-0.1,512.51
2023-11-28 11:00:00+00:00,long,buy,37105.8,,154512.54,-0.05,512.46
2023-11-28 17:41:00+00:00,long,sell - take_profit,37105.8,38218.974,159070.66,2.95,515.41
2023-11-28 18:00:00+00:00,long,buy,38202.4,,158991.12,-0.05,515.36
2023-11-28 22:52:00+00:00,long,sell - stop_loss,38202.4,37820.376000000004,157321.72,-1.05,514.31
2023-11-28 23:00:00+00:00,long,buy,37855.3,,157243.06,-0.05,514.26
2023-11-29 14:00:00+00:00,long,sell - direction_change,37855.3,38106.9,158209.53,0.61,514.87
2023-11-29 14:00:00+00:00,short,buy,38106.9,,158130.42,-0.05,514.82
2023-11-30 03:00:00+00:00,short,sell - direction_change,38106.9,37858.5,159082.13,0.6,515.43
2023-11-30 03:00:00+00:00,long,buy,37858.5,,159002.59,-0.05,515.38
2023-11-30 05:00:00+00:00,long,sell - direction_change,37858.5,37958.4,159342.66,0.21,515.59
2023-11-30 05:00:00+00:00,short,buy,37958.4,,159262.99,-0.05,515.54
2023-12-01 01:00:00+00:00,short,sell - direction_change,37958.4,37665.5,160412.29,0.72,516.26
2023-12-01 01:00:00+00:00,long,buy,37665.5,,160332.08,-0.05,516.21
2023-12-01 10:00:00+00:00,long,sell - take_profit,37665.5,38795.465000000004,165061.88,2.95,519.16
2023-12-01 11:00:00+00:00,long,buy,38536.9,,164979.35,-0.05,519.11
2023-12-02 02:00:00+00:00,long,sell - direction_change,38536.9,38734.4,165742.37,0.46,519.57
2023-12-02 02:00:00+00:00,short,buy,38734.4,,165659.5,-0.05,519.52
2023-12-02 03:00:00+00:00,short,sell - direction_change,38734.4,38703.4,165709.25,0.03,519.55
2023-12-02 03:00:00+00:00,long,buy,38703.4,,165626.39,-0.05,519.5
2023-12-02 05:00:00+00:00,long,sell - direction_change,38703.4,38804.0,165974.09,0.21,519.71
2023-12-02 05:00:00+00:00,short,buy,38804.0,,165891.1,-0.05,519.66
2023-12-02 06:00:00+00:00,short,sell - direction_change,38804.0,38727.3,166136.05,0.15,519.81
2023-12-02 06:00:00+00:00,long,buy,38727.3,,166052.99,-0.05,519.76
2023-12-02 11:00:00+00:00,long,sell - direction_change,38727.3,38735.8,166006.41,-0.03,519.73
2023-12-02 11:00:00+00:00,short,buy,38735.8,,165923.4,-0.05,519.68
2023-12-02 12:00:00+00:00,short,sell - direction_change,38735.8,38722.8,165896.13,-0.02,519.67
2023-12-02 12:00:00+00:00,long,buy,38722.8,,165813.18,-0.05,519.62
2023-12-02 16:00:00+00:00,long,sell - direction_change,38722.8,38786.9,166004.75,0.12,519.73
2023-12-02 16:00:00+00:00,short,buy,38786.9,,165921.75,-0.05,519.68
2023-12-02 17:00:00+00:00,short,sell - direction_change,38786.9,38728.0,166090.75,0.1,519.78
2023-12-02 17:00:00+00:00,long,buy,38728.0,,166007.7,-0.05,519.73
2023-12-02 19:12:00+00:00,long,sell - take_profit,38728.0,39889.840000000004,170904.93,2.95,522.68
2023-12-02 20:00:00+00:00,long,buy,39416.4,,170819.48,-0.05,522.63
2023-12-04 01:23:00+00:00,long,sell - take_profit,39416.4,40598.892,175858.65,2.95,525.58
2023-12-04 02:00:00+00:00,long,buy,40613.6,,175770.72,-0.05,525.53
2023-12-04 09:10:00+00:00,long,sell - take_profit,40613.6,41832.008,180955.96,2.95,528.48
2023-12-04 10:00:00+00:00,long,buy,41559.5,,180865.48,-0.05,528.43
2023-12-04 15:34:00+00:00,long,sell - stop_loss,41559.5,41143.905,178966.39,-1.05,527.38
2023-12-04 16:00:00+00:00,long,buy,41280.9,,178876.91,-0.05,527.33
2023-12-05 06:00:00+00:00,long,sell - direction_change,41280.9,41910.0,181513.47,1.47,528.81
2023-12-05 06:00:00+00:00,short,buy,41910.0,,181422.71,-0.05,528.76
2023-12-05 14:00:00+00:00,short,sell - direction_change,41910.0,41826.2,181694.76,0.15,528.91
2023-12-05 14:00:00+00:00,long,buy,41826.2,,181603.91,-0.05,528.86
2023-12-05 17:13:00+00:00,long,sell - take_profit,41826.2,43080.986,186961.22,2.95,531.81
2023-12-05 18:00:00+00:00,long,buy,43389.2,,186867.74,-0.05,531.76
2023-12-06 11:00:00+00:00,long,sell - direction_change,43389.2,44126.9,189951.42,1.65,533.41
2023-12-06 11:00:00+00:00,short,buy,44126.9,,189856.45,-0.05,533.36
2023-12-06 12:00:00+00:00,short,sell - direction_change,44126.9,43853.4,190938.25,0.57,533.93
2023-12-06 12:00:00+00:00,long,buy,43853.4,,190842.79,-0.05,533.88
2023-12-06 20:00:00+00:00,long,sell - direction_change,43853.4,44008.8,191423.64,0.3,534.18
2023-12-06 20:00:00+00:00,short,buy,44008.8,,191327.93,-0.05,534.13
2023-12-07 02:00:00+00:00,short,sell - direction_change,44008.8,43937.6,191541.8,0.11,534.24
2023-12-07 02:00:00+00:00,long,buy,43937.6,,191446.03,-0.05,534.19
2023-12-07 06:00:00+00:00,long,sell - direction_change,43937.6,44019.9,191708.91,0.14,534.33
2023-12-07 06:00:00+00:00,short,buy,44019.9,,191613.06,-0.05,534.28
2023-12-08 11:00:00+00:00,short,sell - direction_change,44019.9,43395.0,194237.36,1.37,535.65
2023-12-08 11:00:00+00:00,long,buy,43395.0,,194140.24,-0.05,535.6
2023-12-08 21:23:00+00:00,long,sell - take_profit,43395.0,44696.85,199867.38,2.95,538.55
2023-12-08 22:00:00+00:00,long,buy,44572.0,,199767.44,-0.05,538.5
2023-12-09 01:09:00+00:00,long,sell - stop_loss,44572.0,44126.28,197669.89,-1.05,537.45
2023-12-09 02:00:00+00:00,long,buy,44148.0,,197571.05,-0.05,537.4
2023-12-09 08:00:00+00:00,long,sell - direction_change,44148.0,44220.7,197797.61,0.11,537.52
2023-12-09 08:00:00+00:00,short,buy,44220.7,,197698.71,-0.05,537.47
2023-12-10 07:00:00+00:00,short,sell - direction_change,44220.7,43941.2,198849.43,0.58,538.05
2023-12-10 07:00:00+00:00,long,buy,43941.2,,198750.01,-0.05,538.0
2023-12-10 08:00:00+00:00,long,sell - direction_change,43941.2,43995.8,198897.59,0.07,538.07
2023-12-10 08:00:00+00:00,short,buy,43995.8,,198798.15,-0.05,538.02
2023-12-10 15:00:00+00:00,short,sell - direction_change,43995.8,43861.8,199304.24,0.25,538.28
2023-12-10 15:00:00+00:00,long,buy,43861.8,,199204.58,-0.05,538.23
2023-12-10 16:00:00+00:00,long,sell - direction_change,43861.8,43945.3,199484.21,0.14,538.37
2023-12-10 16:00:00+00:00,short,buy,43945.3,,199384.47,-0.05,538.32
2023-12-10 20:00:00+00:00,short,sell - direction_change,43945.3,43819.5,199855.54,0.24,538.55
2023-12-10 20:00:00+00:00,long,buy,43819.5,,199755.61,-0.05,538.5
2023-12-10 21:00:00+00:00,long,sell - direction_change,43819.5,43996.9,200464.43,0.35,538.86
2023-12-10 21:00:00+00:00,short,buy,43996.9,,200364.2,-0.05,538.81
2023-12-11 02:07:00+00:00,short,sell - take_profit,43996.9,42676.993,206274.94,2.95,541.76
2023-12-11 03:00:00+00:00,short,buy,41962.3,,206171.81,-0.05,541.71
2023-12-11 03:34:00+00:00,short,sell - stop_loss,41962.3,42381.923,204007.0,-1.05,540.66
2023-12-11 04:00:00+00:00,short,buy,42312.7,,203905.0,-0.05,540.61
2023-12-11 18:12:00+00:00,short,sell - take_profit,42312.7,41043.318999999996,209920.2,2.95,543.56
2023-12-11 19:00:00+00:00,short,buy,41078.1,,209815.24,-0.05,543.51
2023-12-12 00:22:00+00:00,short,sell - stop_loss,41078.1,41488.881,207612.18,-1.05,542.46
2023-12-12 01:00:00+00:00,short,buy,41735.5,,207508.37,-0.05,542.41
2023-12-12 03:00:00+00:00,short,sell - direction_change,41735.5,41879.9,206686.66,-0.4,542.01
2023-12-12 03:00:00+00:00,long,buy,41879.9,,206583.32,-0.05,541.96
2023-12-12 04:00:00+00:00,long,sell - direction_change,41879.9,41760.3,205890.07,-0.34,541.63
2023-12-12 04:00:00+00:00,short,buy,41760.3,,205787.12,-0.05,541.58
2023-12-12 05:00:00+00:00,short,sell - direction_change,41760.3,41411.9,207401.08,0.78,542.36
2023-12-12 05:00:00+00:00,long,buy,41411.9,,207297.38,-0.05,542.31
2023-12-12 11:00:00+00:00,long,sell - direction_change,41411.9,41827.8,209275.62,0.95,543.26
2023-12-12 11:00:00+00:00,short,buy,41827.8,,209170.98,-0.05,543.21
2023-12-12 12:00:00+00:00,short,sell - direction_change,41827.8,41606.7,210172.07,0.48,543.69
2023-12-12 12:00:00+00:00,long,buy,41606.7,,210066.98,-0.05,543.64
2023-12-12 14:00:00+00:00,long,sell - direction_change,41606.7,41833.7,211108.04,0.5,544.14
2023-12-12 14:00:00+00:00,short,buy,41833.7,,211002.49,-0.05,544.09
2023-12-13 02:28:00+00:00,short,sell - take_profit,41833.7,40578.689,217227.06,2.95,547.04
2023-12-13 03:00:00+00:00,short,buy,41034.0,,217118.45,-0.05,546.99
2023-12-13 12:00:00+00:00,short,sell - direction_change,41034.0,41035.3,217003.01,-0.05,546.94
2023-12-13 12:00:00+00:00,long,buy,41035.3,,216894.51,-0.05,546.89
2023-12-13 19:00:00+00:00,long,sell - take_profit,41035.3,42266.359000000004,223292.9,2.95,549.84
2023-12-13 20:00:00+00:00,long,buy,42746.7,,223181.25,-0.05,549.79
2023-12-14 13:00:00+00:00,long,sell - direction_change,42746.7,43100.2,224915.29,0.78,550.56
2023-12-14 13:00:00+00:00,short,buy,43100.2,,224802.83,-0.05,550.51
2023-12-14 13:30:00+00:00,short,sell - take_profit,43100.2,41807.193999999996,231434.51,2.95,553.46
2023-12-14 14:00:00+00:00,long,buy,42564.8,,231318.8,-0.05,553.41
2023-12-14 15:00:00+00:00,long,sell - direction_change,42564.8,42664.9,231747.13,0.19,553.6
2023-12-14 15:00:00+00:00,short,buy,42664.9,,231631.26,-0.05,553.55
2023-12-14 17:00:00+00:00,short,sell - direction_change,42664.9,42598.0,231878.65,0.11,553.65
2023-12-14 17:00:00+00:00,long,buy,42598.0,,231762.71,-0.05,553.6
2023-12-15 03:00:00+00:00,long,sell - direction_change,42598.0,42898.8,233283.39,0.66,554.26
2023-12-15 03:00:00+00:00,short,buy,42898.8,,233166.75,-0.05,554.21
2023-12-16 03:00:00+00:00,short,sell - direction_change,42898.8,42173.7,236991.28,1.64,555.85
2023-12-16 03:00:00+00:00,long,buy,42173.7,,236872.79,-0.05,555.8
2023-12-16 06:00:00+00:00,long,sell - direction_change,42173.7,42291.8,237417.67,0.23,556.03
2023-12-16 06:00:00+00:00,short,buy,42291.8,,237298.96,-0.05,555.98
2023-12-16 07:00:00+00:00,short,sell - direction_change,42291.8,42231.9,237516.41,0.09,556.07
2023-12-16 07:00:00+00:00,long,buy,42231.9,,237397.65,-0.05,556.02
2023-12-16 21:00:00+00:00,long,sell - direction_change,42231.9,42359.7,237997.35,0.25,556.28
2023-12-16 21:00:00+00:00,short,buy,42359.7,,237878.35,-0.05,556.23
2023-12-17 18:00:00+00:00,short,sell - direction_change,42359.7,42121.1,239099.32,0.51,556.74
2023-12-17 18:00:00+00:00,long,buy,42121.1,,238979.77,-0.05,556.69
2023-12-17 21:00:00+00:00,long,sell - direction_change,42121.1,42152.0,239035.59,0.02,556.71
2023-12-17 21:00:00+00:00,short,buy,42152.0,,238916.07,-0.05,556.66
2023-12-18 02:35:00+00:00,short,sell - take_profit,42152.0,40887.44,245964.1,2.95,559.61
2023-12-18 03:00:00+00:00,short,buy,40919.8,,245841.12,-0.05,559.56
2023-12-18 07:31:00+00:00,short,sell - stop_loss,40919.8,41328.99800000001,243259.78,-1.05,558.51
2023-12-18 08:00:00+00:00,short,buy,41160.0,,243138.15,-0.05,558.46
2023-12-18 13:00:00+00:00,short,sell - direction_change,41160.0,40941.1,244309.66,0.48,558.94
2023-12-18 13:00:00+00:00,long,buy,40941.1,,244187.5,-0.05,558.89
2023-12-18 21:04:00+00:00,long,sell - take_profit,40941.1,42169.333,251391.04,2.95,561.84
2023-12-18 22:00:00+00:00,long,buy,42643.0,,251265.34,-0.05,561.79
2023-12-19 14:00:00+00:00,long,sell - direction_change,42643.0,42894.0,252618.67,0.54,562.33
2023-12-19 14:00:00+00:00,short,buy,42894.0,,252492.37,-0.05,562.28
2023-12-20 04:00:00+00:00,short,sell - direction_change,42894.0,42451.7,254969.69,0.98,563.26
2023-12-20 04:00:00+00:00,long,buy,42451.7,,254842.2,-0.05,563.21
2023-12-20 13:47:00+00:00,long,sell - take_profit,42451.7,43725.251,262360.05,2.95,566.16
2023-12-20 14:00:00+00:00,long,buy,43816.8,,262228.87,-0.05,566.11
2023-12-20 20:06:00+00:00,long,sell - stop_loss,43816.8,43378.632000000005,259475.46,-1.05,565.06
2023-12-20 21:00:00+00:00,long,buy,43481.6,,259345.72,-0.05,565.01
2023-12-21 02:00:00+00:00,long,sell - direction_change,43481.6,43493.1,259284.64,-0.02,564.99
2023-12-21 02:00:00+00:00,short,buy,43493.1,,259155.0,-0.05,564.94
2023-12-21 04:00:00+00:00,short,sell - direction_change,43493.1,43678.6,257920.12,-0.48,564.46
2023-12-21 04:00:00+00:00,long,buy,43678.6,,257791.16,-0.05,564.41
2023-12-21 05:00:00+00:00,long,sell - direction_change,43678.6,43667.6,257597.34,-0.08,564.34
2023-12-21 05:00:00+00:00,short,buy,43667.6,,257468.54,-0.05,564.29
2023-12-21 06:00:00+00:00,short,sell - direction_change,43667.6,43541.4,258083.89,0.24,564.53
2023-12-21 06:00:00+00:00,long,buy,43541.4,,257954.85,-0.05,564.48
2023-12-21 14:00:00+00:00,long,sell - direction_change,43541.4,44179.0,261603.24,1.41,565.89
2023-12-21 14:00:00+00:00,short,buy,44179.0,,261472.44,-0.05,565.84
2023-12-21 15:00:00+00:00,short,sell - direction_change,44179.0,43547.5,265079.23,1.38,567.22
2023-12-21 15:00:00+00:00,long,buy,43547.5,,264946.69,-0.05,567.17
2023-12-21 16:00:00+00:00,long,sell - direction_change,43547.5,43857.7,266701.5,0.66,567.83
2023-12-21 16:00:00+00:00,short,buy,43857.7,,266568.15,-0.05,567.78
2023-12-21 20:00:00+00:00,short,sell - direction_change,43857.7,43623.0,267861.37,0.49,568.27
2023-12-21 20:00:00+00:00,long,buy,43623.0,,267727.44,-0.05,568.22
2023-12-22 07:00:00+00:00,long,sell - direction_change,43623.0,43906.5,269333.5,0.6,568.82
2023-12-22 07:00:00+00:00,short,buy,43906.5,,269198.84,-0.05,568.77
2023-12-22 18:00:00+00:00,short,sell - direction_change,43906.5,43712.9,270251.23,0.39,569.16
2023-12-22 18:00:00+00:00,long,buy,43712.9,,270116.11,-0.05,569.11
2023-12-22 19:00:00+00:00,long,sell - direction_change,43712.9,43983.4,271652.56,0.57,569.68
2023-12-22 19:00:00+00:00,short,buy,43983.4,,271516.73,-0.05,569.63
2023-12-22 22:00:00+00:00,short,sell - direction_change,43983.4,43733.0,272926.73,0.52,570.15
2023-12-22 22:00:00+00:00,long,buy,43733.0,,272790.27,-0.05,570.1
2023-12-23 01:00:00+00:00,long,sell - direction_change,43733.0,43843.1,273340.64,0.2,570.3
2023-12-23 01:00:00+00:00,short,buy,43843.1,,273203.97,-0.05,570.25
2023-12-23 12:00:00+00:00,short,sell - direction_change,43843.1,43583.0,274688.15,0.54,570.79
2023-12-23 12:00:00+00:00,long,buy,43583.0,,274550.81,-0.05,570.74
2023-12-23 14:00:00+00:00,long,sell - direction_change,43583.0,43740.9,275408.22,0.31,571.05
2023-12-23 14:00:00+00:00,short,buy,43740.9,,275270.52,-0.05,571.0
2023-12-23 15:00:00+00:00,short,sell - direction_change,43740.9,43818.1,274647.05,-0.23,570.78
2023-12-23 15:00:00+00:00,long,buy,43818.1,,274509.73,-0.05,570.73
2023-12-24 05:00:00+00:00,long,sell - direction_change,43818.1,43828.3,274436.37,-0.03,570.7
2023-12-24 05:00:00+00:00,short,buy,43828.3,,274299.15,-0.05,570.65
2023-12-25 12:00:00+00:00,short,sell - direction_change,43828.3,43200.4,278091.71,1.38,572.03
2023-12-25 12:00:00+00:00,long,buy,43200.4,,277952.67,-0.05,571.98
2023-12-26 02:00:00+00:00,long,sell - direction_change,43200.4,43549.2,280057.88,0.76,572.74
2023-12-26 02:00:00+00:00,short,buy,43549.2,,279917.85,-0.05,572.69
2023-12-26 09:45:00+00:00,short,sell - take_profit,43549.2,42242.723999999995,288175.43,2.95,575.64
2023-12-26 10:00:00+00:00,short,buy,42449.0,,288031.34,-0.05,575.59
2023-12-27 08:00:00+00:00,short,sell - direction_change,42449.0,42496.0,287568.41,-0.16,575.43
2023-12-27 08:00:00+00:00,long,buy,42496.0,,287424.63,-0.05,575.38
2023-12-28 00:33:00+00:00,long,sell - take_profit,42496.0,43770.880000000005,295903.65,2.95,578.33
2023-12-28 01:00:00+00:00,long,buy,43600.0,,295755.7,-0.05,578.28
2023-12-28 05:11:00+00:00,long,sell - stop_loss,43600.0,43164.0,292650.27,-1.05,577.23
2023-12-28 06:00:00+00:00,short,buy,43259.4,,292503.94,-0.05,577.18
2023-12-29 09:00:00+00:00,short,sell - direction_change,43259.4,42518.1,297370.08,1.66,578.84
2023-12-29 09:00:00+00:00,long,buy,42518.1,,297221.4,-0.05,578.79
2023-12-29 15:00:00+00:00,long,sell - direction_change,42518.1,43066.1,300903.56,1.24,580.03
2023-12-29 15:00:00+00:00,short,buy,43066.1,,300753.11,-0.05,579.98
2023-12-29 17:10:00+00:00,short,sell - take_profit,43066.1,41774.117,309625.33,2.95,582.93
2023-12-29 18:00:00+00:00,short,buy,41846.2,,309470.52,-0.05,582.88
2023-12-29 21:13:00+00:00,short,sell - stop_loss,41846.2,42264.662,306221.08,-1.05,581.83
2023-12-29 22:00:00+00:00,short,buy,41974.1,,306067.97,-0.05,581.78
2023-12-30 14:00:00+00:00,short,sell - direction_change,41974.1,42068.2,305228.77,-0.27,581.51
2023-12-30 14:00:00+00:00,long,buy,42068.2,,305076.16,-0.05,581.46
2023-12-31 02:00:00+00:00,long,sell - direction_change,42068.2,42212.0,305966.45,0.29,581.75
2023-12-31 02:00:00+00:00,short,buy,42212.0,,305813.46,-0.05,581.7
2023-12-31 07:00:00+00:00,short,sell - direction_change,42212.0,42289.2,305101.27,-0.23,581.47
2023-12-31 07:00:00+00:00,long,buy,42289.2,,304948.72,-0.05,581.42
2023-12-31 22:00:00+00:00,long,sell - direction_change,42289.2,42559.0,306741.78,0.59,582.01
2023-12-31 22:00:00+00:00,short,buy,42559.0,,306588.41,-0.05,581.96
2024-01-01 01:00:00+00:00,short,sell - direction_change,42559.0,42503.5,306834.93,0.08,582.04
2024-01-01 01:00:00+00:00,long,buy,42503.5,,306681.51,-0.05,581.99
2024-01-01 03:00:00+00:00,long,sell - direction_change,42503.5,42620.5,307372.37,0.23,582.21
2024-01-01 03:00:00+00:00,short,buy,42620.5,,307218.69,-0.05,582.16
2024-01-01 08:00:00+00:00,short,sell - direction_change,42620.5,42527.1,307738.33,0.17,582.33
2024-01-01 08:00:00+00:00,long,buy,42527.1,,307584.46,-0.05,582.28
2024-01-01 20:13:00+00:00,long,sell - take_profit,42527.1,43802.913,316658.2,2.95,585.23
2024-01-01 21:00:00+00:00,long,buy,43753.2,,316499.87,-0.05,585.18
2024-01-02 00:57:00+00:00,long,sell - take_profit,43753.2,45065.795999999995,325836.62,2.95,588.13
2024-01-02 01:00:00+00:00,long,buy,45179.7,,325673.7,-0.05,588.08
2024-01-02 21:00:00+00:00,long,sell - direction_change,45179.7,44825.1,322954.76,-0.83,587.25
2024-01-02 21:00:00+00:00,short,buy,44825.1,,322793.28,-0.05,587.2
2024-01-02 22:09:00+00:00,short,sell - stop_loss,44825.1,45273.351,319403.95,-1.05,586.15
2024-01-02 23:00:00+00:00,short,buy,45006.7,,319244.25,-0.05,586.1
2024-01-03 01:00:00+00:00,short,sell - direction_change,45006.7,45168.0,317940.49,-0.41,585.69
2024-01-03 01:00:00+00:00,long,buy,45168.0,,317781.52,-0.05,585.64
2024-01-03 07:00:00+00:00,long,sell - direction_change,45168.0,45362.8,318993.15,0.38,586.02
2024-01-03 07:00:00+00:00,short,buy,45362.8,,318833.65,-0.05,585.97
2024-01-03 09:00:00+00:00,short,sell - direction_change,45362.8,45224.1,319649.09,0.26,586.22
2024-01-03 09:00:00+00:00,long,buy,45224.1,,319489.27,-0.05,586.17
2024-01-03 10:00:00+00:00,long,sell - direction_change,45224.1,45378.6,320421.0,0.29,586.47
2024-01-03 10:00:00+00:00,short,buy,45378.6,,320260.79,-0.05,586.42
2024-01-03 11:55:00+00:00,short,sell - take_profit,45378.6,44017.242,329708.49,2.95,589.37
2024-01-03 12:00:00+00:00,short,buy,43728.9,,329543.63,-0.05,589.32
2024-01-03 12:01:00+00:00,short,sell - take_profit,43728.9,42417.033,339265.17,2.95,592.27
2024-01-03 13:00:00+00:00,short,buy,42795.8,,339095.54,-0.05,592.22
2024-01-03 16:02:00+00:00,short,sell - stop_loss,42795.8,43223.758,335535.03,-1.05,591.17
2024-01-03 17:00:00+00:00,short,buy,43009.1,,335367.27,-0.05,591.12
2024-01-04 03:00:00+00:00,short,sell - direction_change,43009.1,43151.1,334092.32,-0.38,590.74
2024-01-04 03:00:00+00:00,long,buy,43151.1,,333925.28,-0.05,590.69
2024-01-04 06:00:00+00:00,long,sell - direction_change,43151.1,43191.3,334069.4,0.04,590.73
2024-01-04 06:00:00+00:00,short,buy,43191.3,,333902.37,-0.05,590.68
2024-01-04 08:00:00+00:00,short,sell - direction_change,43191.3,42775.1,336952.97,0.91,591.59
2024-01-04 08:00:00+00:00,long,buy,42775.1,,336784.49,-0.05,591.54
2024-01-04 10:00:00+00:00,long,sell - direction_change,42775.1,43020.7,338549.8,0.52,592.07
2024-01-04 10:00:00+00:00,short,buy,43020.7,,338380.53,-0.05,592.02
2024-01-04 11:00:00+00:00,short,sell - direction_change,43020.7,43089.6,337669.4,-0.21,591.81
2024-01-04 11:00:00+00:00,long,buy,43089.6,,337500.57,-0.05,591.76
2024-01-04 19:19:00+00:00,long,sell - take_profit,43089.6,44382.288,347456.83,2.95,594.71
2024-01-04 20:00:00+00:00,long,buy,43950.0,,347283.1,-0.05,594.66
2024-01-05 01:00:00+00:00,long,sell - direction_change,43950.0,44207.4,349143.38,0.54,595.19
2024-01-05 01:00:00+00:00,short,buy,44207.4,,348968.81,-0.05,595.14
2024-01-05 01:48:00+00:00,short,sell - take_profit,44207.4,42881.178,359263.39,2.95,598.09
2024-01-05 02:00:00+00:00,long,buy,43373.5,,359083.76,-0.05,598.04
2024-01-05 04:00:00+00:00,long,sell - direction_change,43373.5,43469.5,359698.99,0.17,598.21
2024-01-05 04:00:00+00:00,short,buy,43469.5,,359519.14,-0.05,598.16
2024-01-05 05:00:00+00:00,short,sell - direction_change,43469.5,43589.3,358348.56,-0.33,597.84
2024-01-05 05:00:00+00:00,long,buy,43589.3,,358169.38,-0.05,597.79
2024-01-05 10:00:00+00:00,long,sell - direction_change,43589.3,44147.8,362579.44,1.23,599.02
2024-01-05 10:00:00+00:00,short,buy,44147.8,,362398.15,-0.05,598.97
2024-01-05 11:00:00+00:00,short,sell - direction_change,44147.8,43628.3,366481.4,1.13,600.1
2024-01-05 11:00:00+00:00,long,buy,43628.3,,366298.16,-0.05,600.05
2024-01-05 14:00:00+00:00,long,sell - direction_change,43628.3,43978.6,369056.09,0.75,600.8
2024-01-05 14:00:00+00:00,short,buy,43978.6,,368871.56,-0.05,600.75
2024-01-05 20:00:00+00:00,short,sell - direction_change,43978.6,43599.0,371871.03,0.81,601.56
2024-01-05 20:00:00+00:00,long,buy,43599.0,,371685.09,-0.05,601.51
2024-01-06 05:00:00+00:00,long,sell - direction_change,43599.0,43851.2,373649.28,0.53,602.04
2024-01-06 05:00:00+00:00,short,buy,43851.2,,373462.45,-0.05,601.99
2024-01-06 15:00:00+00:00,short,sell - direction_change,43851.2,43824.5,373503.11,0.01,602.0
2024-01-06 15:00:00+00:00,long,buy,43824.5,,373316.36,-0.05,601.95
2024-01-07 05:00:00+00:00,long,sell - direction_change,43824.5,43994.8,374580.39,0.34,602.29
2024-01-07 05:00:00+00:00,short,buy,43994.8,,374393.1,-0.05,602.24
2024-01-07 06:00:00+00:00,short,sell - direction_change,43994.8,43880.5,375178.59,0.21,602.45
2024-01-07 06:00:00+00:00,long,buy,43880.5,,374991.0,-0.05,602.4
2024-01-07 16:00:00+00:00,long,sell - direction_change,43880.5,44034.9,376122.97,0.3,602.7
2024-01-07 16:00:00+00:00,short,buy,44034.9,,375934.91,-0.05,602.65
2024-01-07 17:00:00+00:00,short,sell - direction_change,44034.9,43910.8,376806.41,0.23,602.88
2024-01-07 17:00:00+00:00,long,buy,43910.8,,376618.0,-0.05,602.83
2024-01-07 22:00:00+00:00,long,sell - direction_change,43910.8,44218.7,379070.52,0.65,603.49
2024-01-07 22:00:00+00:00,short,buy,44218.7,,378880.98,-0.05,603.44
2024-01-08 07:00:00+00:00,short,sell - direction_change,44218.7,43900.0,381422.27,0.67,604.11
2024-01-08 07:00:00+00:00,long,buy,43900.0,,381231.56,-0.05,604.06
2024-01-08 08:00:00+00:00,long,sell - direction_change,43900.0,43969.9,381647.96,0.11,604.17
2024-01-08 08:00:00+00:00,short,buy,43969.9,,381457.14,-0.05,604.12
2024-01-08 10:00:00+00:00,short,sell - direction_change,43969.9,43716.3,383466.5,0.53,604.64
2024-01-08 10:00:00+00:00,long,buy,43716.3,,383274.76,-0.05,604.59
2024-01-08 12:03:00+00:00,long,sell - take_profit,43716.3,45027.789000000004,394581.37,2.95,607.54
2024-01-08 13:00:00+00:00,long,buy,45102.9,,394384.08,-0.05,607.49
2024-01-08 18:38:00+00:00,long,sell - take_profit,45102.9,46455.987,406018.41,2.95,610.44
2024-01-08 19:00:00+00:00,long,buy,46969.9,,405815.4,-0.05,610.39
2024-01-09 00:37:00+00:00,long,sell - stop_loss,46969.9,46500.201,401554.34,-1.05,609.34
2024-01-09 01:00:00+00:00,long,buy,46682.3,,401353.56,-0.05,609.29
2024-01-09 12:00:00+00:00,long,sell - direction_change,46682.3,46624.4,400655.09,-0.17,609.12
2024-01-09 12:00:00+00:00,short,buy,46624.4,,400454.76,-0.05,609.07
2024-01-09 13:00:00+00:00,short,sell - direction_change,46624.4,46175.9,404106.68,0.91,609.98
2024-01-09 13:00:00+00:00,long,buy,46175.9,,403904.62,-0.05,609.93
2024-01-09 21:00:00+00:00,long,sell - direction_change,46175.9,46636.1,407728.08,0.95,610.88
2024-01-09 21:00:00+00:00,short,buy,46636.1,,407524.22,-0.05,610.83
2024-01-09 21:11:00+00:00,short,sell - stop_loss,46636.1,47102.460999999996,403245.21,-1.05,609.78
2024-01-09 22:00:00+00:00,short,buy,45450.1,,403043.59,-0.05,609.73
2024-01-09 22:31:00+00:00,short,sell - stop_loss,45450.1,45904.601,398811.63,-1.05,608.68
2024-01-09 23:00:00+00:00,short,buy,46250.6,,398612.23,-0.05,608.63
2024-01-10 11:53:00+00:00,short,sell - take_profit,46250.6,44863.081999999995,410371.29,2.95,611.58
2024-01-10 12:00:00+00:00,short,buy,45530.1,,410166.1,-0.05,611.53
2024-01-10 17:00:00+00:00,short,sell - direction_change,45530.1,45317.8,411873.56,0.42,611.94
2024-01-10 17:00:00+00:00,long,buy,45317.8,,411667.62,-0.05,611.89
2024-01-10 18:04:00+00:00,long,sell - take_profit,45317.8,46677.334,423811.82,2.95,614.84
2024-01-10 19:00:00+00:00,long,buy,46544.2,,423599.91,-0.05,614.79
2024-01-10 19:09:00+00:00,long,sell - stop_loss,46544.2,46078.757999999994,419152.11,-1.05,613.74
2024-01-10 20:00:00+00:00,long,buy,46498.8,,418942.54,-0.05,613.69
2024-01-10 20:10:00+00:00,long,sell - stop_loss,46498.8,46033.812000000005,414543.64,-1.05,612.64
2024-01-10 21:00:00+00:00,long,buy,46125.8,,414336.37,-0.05,612.59
2024-01-10 21:18:00+00:00,long,sell - stop_loss,46125.8,45664.542,409985.84,-1.05,611.54
2024-01-10 22:00:00+00:00,long,buy,45961.8,,409780.84,-0.05,611.49
2024-01-10 23:06:00+00:00,long,sell - take_profit,45961.8,47340.654,421869.38,2.95,614.44
2024-01-11 00:00:00+00:00,long,buy,46663.0,,421658.44,-0.05,614.39
2024-01-11 03:12:00+00:00,long,sell - stop_loss,46663.0,46196.37,417231.03,-1.05,613.34
2024-01-11 04:00:00+00:00,long,buy,46502.3,,417022.42,-0.05,613.29
2024-01-11 05:39:00+00:00,long,sell - stop_loss,46502.3,46037.277,412643.68,-1.05,612.24
2024-01-11 06:00:00+00:00,short,buy,46074.0,,412437.36,-0.05,612.19
2024-01-11 07:00:00+00:00,short,sell - direction_change,46074.0,45899.9,413789.62,0.33,612.52
2024-01-11 07:00:00+00:00,long,buy,45899.9,,413582.72,-0.05,612.47
2024-01-11 12:36:00+00:00,long,sell - take_profit,45899.9,47276.897000000004,425783.41,2.95,615.42
2024-01-11 13:00:00+00:00,long,buy,47451.0,,425570.52,-0.05,615.37
2024-01-11 13:30:00+00:00,long,sell - stop_loss,47451.0,46976.49,421102.03,-1.05,614.32
2024-01-11 14:00:00+00:00,long,buy,47329.5,,420891.48,-0.05,614.27
2024-01-11 14:45:00+00:00,long,sell - take_profit,47329.5,48749.385,433307.78,2.95,617.22
2024-01-11 15:00:00+00:00,long,buy,48577.1,,433091.13,-0.05,617.17
2024-01-11 15:05:00+00:00,long,sell - stop_loss,48577.1,48091.329,428543.67,-1.05,616.12
2024-01-11 16:00:00+00:00,long,buy,46813.4,,428329.4,-0.05,616.07
2024-01-11 16:08:00+00:00,long,sell - stop_loss,46813.4,46345.266,423831.94,-1.05,615.02
2024-01-11 17:00:00+00:00,long,buy,46038.0,,423620.02,-0.05,614.97
2024-01-11 20:00:00+00:00,long,sell - direction_change,46038.0,46698.4,429484.9,1.38,616.36
2024-01-11 20:00:00+00:00,short,buy,46698.4,,429270.16,-0.05,616.31
2024-01-12 14:45:00+00:00,short,sell - take_profit,46698.4,45297.448,441933.63,2.95,619.26
2024-01-12 15:00:00+00:00,short,buy,45462.8,,441712.66,-0.05,619.21
2024-01-12 16:16:00+00:00,short,sell - take_profit,45462.8,44098.916000000005,454743.19,2.95,622.16
2024-01-12 17:00:00+00:00,short,buy,43661.2,,454515.81,-0.05,622.11
2024-01-12 22:04:00+00:00,short,sell - take_profit,43661.2,42351.363999999994,467924.03,2.95,625.06
2024-01-12 23:00:00+00:00,short,buy,42517.9,,467690.07,-0.05,625.01
2024-01-12 23:16:00+00:00,short,sell - stop_loss,42517.9,42943.079000000005,462779.32,-1.05,623.96
2024-01-13 00:00:00+00:00,short,buy,42789.0,,462547.93,-0.05,623.91
2024-01-13 07:08:00+00:00,short,sell - stop_loss,42789.0,43216.89,457691.18,-1.05,622.86
2024-01-13 08:00:00+00:00,short,buy,43102.1,,457462.34,-0.05,622.81
2024-01-13 22:00:00+00:00,short,sell - direction_change,43102.1,42969.4,458642.01,0.26,623.06
2024-01-13 22:00:00+00:00,long,buy,42969.4,,458412.69,-0.05,623.01
2024-01-14 00:00:00+00:00,long,sell - direction_change,42969.4,42846.4,456871.28,-0.34,622.68
2024-01-14 00:00:00+00:00,short,buy,42846.4,,456642.84,-0.05,622.63
2024-01-14 06:00:00+00:00,short,sell - direction_change,42846.4,42757.5,457361.99,0.16,622.78
2024-01-14 06:00:00+00:00,long,buy,42757.5,,457133.3,-0.05,622.73
2024-01-14 11:00:00+00:00,long,sell - direction_change,42757.5,42895.0,458374.79,0.27,623.01
2024-01-14 11:00:00+00:00,short,buy,42895.0,,458145.6,-0.05,622.96
2024-01-14 13:00:00+00:00,short,sell - direction_change,42895.0,42760.3,459355.21,0.26,623.22
2024-01-14 13:00:00+00:00,long,buy,42760.3,,459125.53,-0.05,623.17
2024-01-14 14:00:00+00:00,long,sell - direction_change,42760.3,42894.3,460334.76,0.26,623.43
2024-01-14 14:00:00+00:00,short,buy,42894.3,,460104.59,-0.05,623.38
2024-01-14 15:00:00+00:00,short,sell - direction_change,42894.3,42822.8,460641.48,0.12,623.5
2024-01-14 15:00:00+00:00,long,buy,42822.8,,460411.16,-0.05,623.45
2024-01-14 18:00:00+00:00,long,sell - direction_change,42822.8,42979.8,461868.94,0.32,623.77
2024-01-14 18:00:00+00:00,short,buy,42979.8,,461638.01,-0.05,623.72
2024-01-15 05:00:00+00:00,short,sell - direction_change,42979.8,42598.1,465506.96,0.84,624.55
2024-01-15 05:00:00+00:00,long,buy,42598.1,,465274.21,-0.05,624.5
2024-01-15 10:00:00+00:00,long,sell - direction_change,42598.1,42759.9,466808.82,0.33,624.83
2024-01-15 10:00:00+00:00,short,buy,42759.9,,466575.41,-0.05,624.78
2024-01-15 11:00:00+00:00,short,sell - direction_change,42759.9,42568.1,468434.95,0.4,625.18
2024-01-15 11:00:00+00:00,long,buy,42568.1,,468200.74,-0.05,625.13
2024-01-15 14:00:00+00:00,long,sell - direction_change,42568.1,42856.9,471143.11,0.63,625.76
2024-01-15 14:00:00+00:00,short,buy,42856.9,,470907.54,-0.05,625.71
2024-01-15 17:00:00+00:00,short,sell - direction_change,42856.9,42525.0,474318.97,0.72,626.44
2024-01-15 17:00:00+00:00,long,buy,42525.0,,474081.81,-0.05,626.39
2024-01-15 23:00:00+00:00,long,sell - direction_change,42525.0,42634.4,475064.39,0.21,626.59
2024-01-15 23:00:00+00:00,short,buy,42634.4,,474826.86,-0.05,626.54
2024-01-16 00:00:00+00:00,short,sell - direction_change,42634.4,42515.0,475919.22,0.23,626.77
2024-01-16 00:00:00+00:00,long,buy,42515.0,,475681.27,-0.05,626.72
2024-01-16 06:00:00+00:00,long,sell - direction_change,42515.0,42765.4,478245.04,0.54,627.26
2024-01-16 06:00:00+00:00,short,buy,42765.4,,478005.92,-0.05,627.21
2024-01-16 07:00:00+00:00,short,sell - direction_change,42765.4,42744.5,478000.52,-0.0,627.21
2024-01-16 07:00:00+00:00,long,buy,42744.5,,477761.52,-0.05,627.16
2024-01-16 14:00:00+00:00,long,sell - direction_change,42744.5,42805.6,478205.56,0.09,627.25
2024-01-16 14:00:00+00:00,short,buy,42805.6,,477966.46,-0.05,627.2
2024-01-16 15:00:00+00:00,short,sell - direction_change,42805.6,42700.1,478905.49,0.2,627.4
2024-01-16 15:00:00+00:00,long,buy,42700.1,,478666.03,-0.05,627.35
2024-01-17 02:00:00+00:00,long,sell - direction_change,42700.1,42965.4,481400.7,0.57,627.92
2024-01-17 02:00:00+00:00,short,buy,42965.4,,481160.0,-0.05,627.87
2024-01-18 02:00:00+00:00,short,sell - direction_change,42965.4,42595.2,485065.21,0.81,628.68
2024-01-18 02:00:00+00:00,long,buy,42595.2,,484822.68,-0.05,628.63
2024-01-18 03:00:00+00:00,long,sell - direction_change,42595.2,42657.4,485288.23,0.1,628.73
2024-01-18 03:00:00+00:00,short,buy,42657.4,,485045.59,-0.05,628.68
2024-01-18 04:00:00+00:00,short,sell - direction_change,42657.4,42594.0,485523.97,0.1,628.78
2024-01-18 04:00:00+00:00,long,buy,42594.0,,485281.21,-0.05,628.73
2024-01-18 10:00:00+00:00,long,sell - direction_change,42594.0,42746.4,486774.89,0.31,629.04
2024-01-18 10:00:00+00:00,short,buy,42746.4,,486531.5,-0.05,628.99
2024-01-18 17:53:00+00:00,short,sell - take_profit,42746.4,41464.008,500884.18,2.95,631.94
2024-01-18 18:00:00+00:00,short,buy,41813.9,,500633.74,-0.05,631.89
2024-01-19 07:00:00+00:00,short,sell - direction_change,41813.9,41462.6,504589.5,0.79,632.68
2024-01-19 07:00:00+00:00,long,buy,41462.6,,504337.21,-0.05,632.63
2024-01-19 08:00:00+00:00,long,sell - direction_change,41462.6,41281.9,501887.06,-0.49,632.14
2024-01-19 08:00:00+00:00,short,buy,41281.9,,501636.12,-0.05,632.09
2024-01-19 09:00:00+00:00,short,sell - direction_change,41281.9,41285.4,501342.77,-0.06,632.03
2024-01-19 09:00:00+00:00,long,buy,41285.4,,501092.1,-0.05,631.98
2024-01-19 14:00:00+00:00,long,sell - direction_change,41285.4,41397.3,502199.71,0.22,632.2
2024-01-19 14:00:00+00:00,short,buy,41397.3,,501948.61,-0.05,632.15
2024-01-19 18:00:00+00:00,short,sell - direction_change,41397.3,41239.2,503614.63,0.33,632.48
2024-01-19 18:00:00+00:00,long,buy,41239.2,,503362.82,-0.05,632.43
2024-01-20 09:00:00+00:00,long,sell - direction_change,41239.2,41590.2,507395.42,0.8,633.24
2024-01-20 09:00:00+00:00,short,buy,41590.2,,507141.72,-0.05,633.19
2024-01-20 10:00:00+00:00,short,sell - direction_change,41590.2,41518.9,507757.57,0.12,633.31
2024-01-20 10:00:00+00:00,long,buy,41518.9,,507503.69,-0.05,633.26
2024-01-20 11:00:00+00:00,long,sell - direction_change,41518.9,41542.4,507537.19,0.01,633.26
2024-01-20 11:00:00+00:00,short,buy,41542.4,,507283.42,-0.05,633.21
2024-01-20 12:00:00+00:00,short,sell - direction_change,41542.4,41583.5,506527.9,-0.15,633.06
2024-01-20 12:00:00+00:00,long,buy,41583.5,,506274.63,-0.05,633.01
2024-01-20 14:00:00+00:00,long,sell - direction_change,41583.5,41633.6,506631.46,0.07,633.09
2024-01-20 14:00:00+00:00,short,buy,41633.6,,506378.14,-0.05,633.04
2024-01-20 15:00:00+00:00,short,sell - direction_change,41633.6,41542.8,507229.33,0.17,633.2
2024-01-20 15:00:00+00:00,long,buy,41542.8,,506975.71,-0.05,633.15
2024-01-20 17:00:00+00:00,long,sell - direction_change,41542.8,41566.8,507015.11,0.01,633.16
2024-01-20 17:00:00+00:00,short,buy,41566.8,,506761.61,-0.05,633.11
2024-01-20 19:00:00+00:00,short,sell - direction_change,41566.8,41607.8,506008.37,-0.15,632.96
2024-01-20 19:00:00+00:00,long,buy,41607.8,,505755.37,-0.05,632.91
2024-01-21 05:00:00+00:00,long,sell - direction_change,41607.8,41674.8,506316.9,0.11,633.02
2024-01-21 05:00:00+00:00,short,buy,41674.8,,506063.74,-0.05,632.97
2024-01-21 09:00:00+00:00,short,sell - direction_change,41674.8,41663.3,505950.35,-0.02,632.95
2024-01-21 09:00:00+00:00,long,buy,41663.3,,505697.38,-0.05,632.9
2024-01-21 16:00:00+00:00,long,sell - direction_change,41663.3,41652.7,505315.87,-0.08,632.83
2024-01-21 16:00:00+00:00,short,buy,41652.7,,505063.21,-0.05,632.78
2024-01-21 19:00:00+00:00,short,sell - direction_change,41652.7,41680.2,504477.23,-0.12,632.66
2024-01-21 19:00:00+00:00,long,buy,41680.2,,504224.99,-0.05,632.61
2024-01-21 20:00:00+00:00,long,sell - direction_change,41680.2,41721.2,504468.87,0.05,632.66
2024-01-21 20:00:00+00:00,short,buy,41721.2,,504216.64,-0.05,632.61
2024-01-21 21:00:00+00:00,short,sell - direction_change,41721.2,41644.9,504886.64,0.13,632.74
2024-01-21 21:00:00+00:00,long,buy,41644.9,,504634.2,-0.05,632.69
2024-01-21 22:00:00+00:00,long,sell - direction_change,41644.9,41781.8,506040.78,0.28,632.97
2024-01-21 22:00:00+00:00,short,buy,41781.8,,505787.76,-0.05,632.92
2024-01-22 09:57:00+00:00,short,sell - take_profit,41781.8,40528.346000000005,520708.5,2.95,635.87
2024-01-22 10:00:00+00:00,short,buy,40745.4,,520448.14,-0.05,635.82
2024-01-22 13:09:00+00:00,short,sell - stop_loss,40745.4,41152.854,514983.44,-1.05,634.77
2024-01-22 14:00:00+00:00,short,buy,40942.0,,514725.94,-0.05,634.72
2024-01-22 19:31:00+00:00,short,sell - take_profit,40942.0,39713.74,529910.36,2.95,637.67
2024-01-22 20:00:00+00:00,short,buy,39812.6,,529645.4,-0.05,637.62
2024-01-22 20:27:00+00:00,short,sell - stop_loss,39812.6,40210.726,524084.13,-1.05,636.57
2024-01-22 21:00:00+00:00,short,buy,40181.7,,523822.08,-0.05,636.52
2024-01-23 09:29:00+00:00,short,sell - take_profit,40181.7,38976.248999999996,539274.84,2.95,639.47
2024-01-23 10:00:00+00:00,short,buy,38964.6,,539005.2,-0.05,639.42
2024-01-23 15:41:00+00:00,short,sell - stop_loss,38964.6,39354.246,533345.64,-1.05,638.37
2024-01-23 16:00:00+00:00,short,buy,39197.5,,533078.97,-0.05,638.32
2024-01-23 17:33:00+00:00,short,sell - stop_loss,39197.5,39589.475,527481.64,-1.05,637.27
2024-01-23 18:00:00+00:00,short,buy,39404.0,,527217.9,-0.05,637.22
2024-01-23 23:00:00+00:00,short,sell - direction_change,39404.0,39468.2,526095.31,-0.21,637.01
2024-01-23 23:00:00+00:00,long,buy,39468.2,,525832.26,-0.05,636.96
2024-01-24 18:00:00+00:00,long,sell - direction_change,39468.2,40131.0,534399.79,1.63,638.59
2024-01-24 18:00:00+00:00,short,buy,40131.0,,534132.59,-0.05,638.54
2024-01-24 23:00:00+00:00,short,sell - direction_change,40131.0,39872.6,537304.75,0.59,639.13
2024-01-24 23:00:00+00:00,long,buy,39872.6,,537036.1,-0.05,639.08
2024-01-25 05:00:00+00:00,long,sell - direction_change,39872.6,39949.4,537801.99,0.14,639.22
2024-01-25 05:00:00+00:00,short,buy,39949.4,,537533.09,-0.05,639.17
2024-01-25 06:00:00+00:00,short,sell - direction_change,39949.4,39865.4,538394.57,0.16,639.33
2024-01-25 06:00:00+00:00,long,buy,39865.4,,538125.37,-0.05,639.28
2024-01-25 12:00:00+00:00,long,sell - direction_change,39865.4,40165.5,541907.23,0.7,639.99
2024-01-25 12:00:00+00:00,short,buy,40165.5,,541636.27,-0.05,639.94
2024-01-25 14:00:00+00:00,short,sell - direction_change,40165.5,39907.1,544850.01,0.59,640.53
2024-01-25 14:00:00+00:00,long,buy,39907.1,,544577.58,-0.05,640.48
2024-01-25 15:00:00+00:00,long,sell - direction_change,39907.1,40000.0,545573.02,0.18,640.66
2024-01-25 15:00:00+00:00,short,buy,40000.0,,545300.23,-0.05,640.61
2024-01-25 22:00:00+00:00,short,sell - direction_change,40000.0,39917.8,546148.17,0.16,640.77
2024-01-25 22:00:00+00:00,long,buy,39917.8,,545875.1,-0.05,640.72
2024-01-26 00:00:00+00:00,long,sell - direction_change,39917.8,39953.3,546087.62,0.04,640.76
2024-01-26 00:00:00+00:00,short,buy,39953.3,,545814.58,-0.05,640.71
2024-01-26 02:00:00+00:00,short,sell - direction_change,39953.3,39928.3,545883.21,0.01,640.72
2024-01-26 02:00:00+00:00,long,buy,39928.3,,545610.26,-0.05,640.67
2024-01-26 11:30:00+00:00,long,sell - take_profit,39928.3,41126.149000000005,561705.77,2.95,643.62
2024-01-26 12:00:00+00:00,long,buy,41271.9,,561424.91,-0.05,643.57
2024-01-27 06:00:00+00:00,long,sell - direction_change,41271.9,41748.1,567621.99,1.1,644.67
2024-01-27 06:00:00+00:00,short,buy,41748.1,,567338.18,-0.05,644.62
2024-01-27 07:00:00+00:00,short,sell - direction_change,41748.1,41694.8,567778.83,0.08,644.7
2024-01-27 07:00:00+00:00,long,buy,41694.8,,567494.94,-0.05,644.65
2024-01-27 08:00:00+00:00,long,sell - direction_change,41694.8,41699.0,567268.36,-0.04,644.61
2024-01-27 08:00:00+00:00,short,buy,41699.0,,566984.73,-0.05,644.56
2024-01-27 12:00:00+00:00,short,sell - direction_change,41699.0,41744.7,566079.85,-0.16,644.4
2024-01-27 12:00:00+00:00,long,buy,41744.7,,565796.81,-0.05,644.35
2024-01-27 14:00:00+00:00,long,sell - direction_change,41744.7,41727.0,565274.01,-0.09,644.26
2024-01-27 14:00:00+00:00,short,buy,41727.0,,564991.37,-0.05,644.21
2024-01-27 15:00:00+00:00,short,sell - direction_change,41727.0,41745.1,564463.8,-0.09,644.11
2024-01-27 15:00:00+00:00,long,buy,41745.1,,564181.56,-0.05,644.06
2024-01-28 15:00:00+00:00,long,sell - direction_change,41745.1,42271.4,571012.37,1.21,645.28
2024-01-28 15:00:00+00:00,short,buy,42271.4,,570726.87,-0.05,645.23
2024-01-29 03:00:00+00:00,short,sell - direction_change,42271.4,42220.8,571124.68,0.07,645.3
2024-01-29 03:00:00+00:00,long,buy,42220.8,,570839.12,-0.05,645.25
2024-01-29 04:00:00+00:00,long,sell - direction_change,42220.8,42306.5,571712.39,0.15,645.4
2024-01-29 04:00:00+00:00,short,buy,42306.5,,571426.53,-0.05,645.35
2024-01-29 09:00:00+00:00,short,sell - direction_change,42306.5,42107.3,573831.38,0.42,645.77
2024-01-29 09:00:00+00:00,long,buy,42107.3,,573544.47,-0.05,645.72
2024-01-29 12:00:00+00:00,long,sell - direction_change,42107.3,42233.2,574972.58,0.25,645.97
2024-01-29 12:00:00+00:00,short,buy,42233.2,,574685.09,-0.05,645.92
2024-01-29 15:00:00+00:00,short,sell - direction_change,42233.2,41933.6,578474.54,0.66,646.58
2024-01-29 15:00:00+00:00,long,buy,41933.6,,578185.3,-0.05,646.53
2024-01-29 16:45:00+00:00,long,sell - take_profit,41933.6,43191.608,595241.76,2.95,649.48
2024-01-29 17:00:00+00:00,long,buy,43182.5,,594944.14,-0.05,649.43
2024-01-30 13:00:00+00:00,long,sell - direction_change,43182.5,43383.3,597413.18,0.42,649.84
2024-01-30 13:00:00+00:00,short,buy,43383.3,,597114.47,-0.05,649.79
2024-01-30 14:00:00+00:00,short,sell - direction_change,43383.3,43271.7,598351.95,0.21,650.0
2024-01-30 14:00:00+00:00,long,buy,43271.7,,598052.77,-0.05,649.95
2024-01-30 22:00:00+00:00,long,sell - direction_change,43271.7,43528.5,601302.94,0.54,650.49
2024-01-30 22:00:00+00:00,short,buy,43528.5,,601002.29,-0.05,650.44
2024-01-31 15:00:00+00:00,short,sell - direction_change,43528.5,42864.1,609875.23,1.48,651.92
2024-01-31 15:00:00+00:00,long,buy,42864.1,,609570.29,-0.05,651.87
2024-01-31 20:00:00+00:00,long,sell - direction_change,42864.1,43316.3,615696.24,1.0,652.87
2024-01-31 20:00:00+00:00,short,buy,43316.3,,615388.39,-0.05,652.82
2024-02-01 01:20:00+00:00,short,sell - take_profit,43316.3,42016.811,633542.35,2.95,655.77
2024-02-01 02:00:00+00:00,short,buy,41969.9,,633225.58,-0.05,655.72
2024-02-01 14:00:00+00:00,short,sell - direction_change,41969.9,42206.1,629345.27,-0.61,655.11
2024-02-01 14:00:00+00:00,long,buy,42206.1,,629030.6,-0.05,655.06
2024-02-02 13:00:00+00:00,long,sell - direction_change,42206.1,43114.3,642251.7,2.1,657.16
2024-02-02 13:00:00+00:00,short,buy,43114.3,,641930.57,-0.05,657.11
2024-02-02 15:00:00+00:00,short,sell - direction_change,43114.3,42787.8,646470.88,0.71,657.82
2024-02-02 15:00:00+00:00,long,buy,42787.8,,646147.65,-0.05,657.77
2024-02-02 17:00:00+00:00,long,sell - direction_change,42787.8,43193.5,651951.13,0.9,658.67
2024-02-02 17:00:00+00:00,short,buy,43193.5,,651625.16,-0.05,658.62
2024-02-02 19:00:00+00:00,short,sell - direction_change,43193.5,42910.9,655562.7,0.6,659.22
2024-02-02 19:00:00+00:00,long,buy,42910.9,,655234.92,-0.05,659.17
2024-02-02 20:00:00+00:00,long,sell - direction_change,42910.9,43044.2,656942.75,0.26,659.43
2024-02-02 20:00:00+00:00,short,buy,43044.2,,656614.28,-0.05,659.38
2024-02-02 22:00:00+00:00,short,sell - direction_change,43044.2,42976.3,657321.74,0.11,659.49
2024-02-02 22:00:00+00:00,long,buy,42976.3,,656993.08,-0.05,659.44
2024-02-03 07:00:00+00:00,long,sell - direction_change,42976.3,43080.2,658252.94,0.19,659.63
2024-02-03 07:00:00+00:00,short,buy,43080.2,,657923.82,-0.05,659.58
2024-02-03 17:00:00+00:00,short,sell - direction_change,43080.2,43074.3,657684.96,-0.04,659.55
2024-02-03 17:00:00+00:00,long,buy,43074.3,,657356.12,-0.05,659.5
2024-02-03 18:00:00+00:00,long,sell - direction_change,43074.3,43215.9,659188.39,0.28,659.78
2024-02-03 18:00:00+00:00,short,buy,43215.9,,658858.8,-0.05,659.73
2024-02-04 11:00:00+00:00,short,sell - direction_change,43215.9,42927.2,662930.82,0.62,660.34
2024-02-04 11:00:00+00:00,long,buy,42927.2,,662599.35,-0.05,660.29
2024-02-04 12:00:00+00:00,long,sell - direction_change,42927.2,43041.6,664033.86,0.22,660.51
2024-02-04 12:00:00+00:00,short,buy,43041.6,,663701.85,-0.05,660.46
2024-02-05 07:00:00+00:00,short,sell - direction_change,43041.6,42807.8,666975.19,0.49,660.95
2024-02-05 07:00:00+00:00,long,buy,42807.8,,666641.71,-0.05,660.9
2024-02-05 15:00:00+00:00,long,sell - direction_change,42807.8,43184.4,672173.14,0.83,661.73
2024-02-05 15:00:00+00:00,short,buy,43184.4,,671837.05,-0.05,661.68
2024-02-06 04:00:00+00:00,short,sell - direction_change,43184.4,42829.9,677016.23,0.77,662.45
2024-02-06 04:00:00+00:00,long,buy,42829.9,,676677.73,-0.05,662.4
2024-02-06 05:00:00+00:00,long,sell - direction_change,42829.9,42809.0,676009.18,-0.1,662.31
2024-02-06 05:00:00+00:00,short,buy,42809.0,,675671.18,-0.05,662.26
2024-02-06 06:00:00+00:00,short,sell - direction_change,42809.0,42764.2,676040.44,0.05,662.31
2024-02-06 06:00:00+00:00,long,buy,42764.2,,675702.42,-0.05,662.26
2024-02-06 10:00:00+00:00,long,sell - direction_change,42764.2,42980.1,678775.93,0.45,662.72
2024-02-06 10:00:00+00:00,short,buy,42980.1,,678436.54,-0.05,662.67
2024-02-06 13:00:00+00:00,short,sell - direction_change,42980.1,42777.0,681303.24,0.42,663.09
2024-02-06 13:00:00+00:00,long,buy,42777.0,,680962.59,-0.05,663.04
2024-02-07 03:00:00+00:00,long,sell - direction_change,42777.0,43029.4,684640.03,0.54,663.58
2024-02-07 03:00:00+00:00,short,buy,43029.4,,684297.71,-0.05,663.53
2024-02-07 09:00:00+00:00,short,sell - direction_change,43029.4,42929.9,685537.92,0.18,663.71
2024-02-07 09:00:00+00:00,long,buy,42929.9,,685195.15,-0.05,663.66
2024-02-07 10:00:00+00:00,long,sell - direction_change,42929.9,43128.9,688028.75,0.41,664.07
2024-02-07 10:00:00+00:00,short,buy,43128.9,,687684.73,-0.05,664.02
2024-02-07 12:00:00+00:00,short,sell - direction_change,43128.9,42917.3,690714.82,0.44,664.46
2024-02-07 12:00:00+00:00,long,buy,42917.3,,690369.47,-0.05,664.41
2024-02-07 14:00:00+00:00,long,sell - direction_change,42917.3,43121.4,693307.44,0.43,664.84
2024-02-07 14:00:00+00:00,short,buy,43121.4,,692960.79,-0.05,664.79
2024-02-07 15:00:00+00:00,short,sell - direction_change,43121.4,43011.2,694385.22,0.21,664.99
2024-02-07 15:00:00+00:00,long,buy,43011.2,,694038.03,-0.05,664.94
2024-02-07 21:29:00+00:00,long,sell - take_profit,43011.2,44301.536,714512.15,2.95,667.89
2024-02-07 22:00:00+00:00,long,buy,44174.8,,714154.9,-0.05,667.84
2024-02-08 20:15:00+00:00,long,sell - take_profit,44174.8,45500.044,735222.47,2.95,670.79
2024-02-08 21:00:00+00:00,long,buy,45471.8,,734854.85,-0.05,670.74
2024-02-09 11:03:00+00:00,long,sell - take_profit,45471.8,46835.954000000005,756533.07,2.95,673.69
2024-02-09 12:00:00+00:00,long,buy,47155.9,,756154.81,-0.05,673.64
2024-02-09 14:20:00+00:00,long,sell - stop_loss,47155.9,46684.341,748215.18,-1.05,672.59
2024-02-09 15:00:00+00:00,long,buy,47046.6,,747841.07,-0.05,672.54
2024-02-10 06:00:00+00:00,long,sell - direction_change,47046.6,47313.7,751712.91,0.52,673.06
2024-02-10 06:00:00+00:00,short,buy,47313.7,,751337.05,-0.05,673.01
2024-02-10 15:00:00+00:00,short,sell - direction_change,47313.7,47252.8,751928.47,0.08,673.09
2024-02-10 15:00:00+00:00,long,buy,47252.8,,751552.51,-0.05,673.04
2024-02-10 16:00:00+00:00,long,sell - direction_change,47252.8,47331.9,752434.81,0.12,673.16
2024-02-10 16:00:00+00:00,short,buy,47331.9,,752058.59,-0.05,673.11
2024-02-10 18:00:00+00:00,short,sell - direction_change,47331.9,47180.8,754083.4,0.27,673.38
2024-02-10 18:00:00+00:00,long,buy,47180.8,,753706.35,-0.05,673.33
2024-02-11 04:00:00+00:00,long,sell - take_profit,47180.8,48596.224,775940.69,2.95,676.28
2024-02-11 05:00:00+00:00,long,buy,48288.8,,775552.72,-0.05,676.23
2024-02-11 15:00:00+00:00,long,sell - direction_change,48288.8,48226.9,774170.79,-0.18,676.05
2024-02-11 15:00:00+00:00,short,buy,48226.9,,773783.7,-0.05,676.0
2024-02-11 17:00:00+00:00,short,sell - direction_change,48226.9,48099.6,775439.29,0.21,676.21
2024-02-11 17:00:00+00:00,long,buy,48099.6,,775051.57,-0.05,676.16
2024-02-11 20:00:00+00:00,long,sell - direction_change,48099.6,48282.3,777607.98,0.33,676.49
2024-02-11 20:00:00+00:00,short,buy,48282.3,,777219.18,-0.05,676.44
2024-02-11 22:00:00+00:00,short,sell - direction_change,48282.3,48118.3,779470.54,0.29,676.73
2024-02-11 22:00:00+00:00,long,buy,48118.3,,779080.8,-0.05,676.68
2024-02-12 03:00:00+00:00,long,sell - direction_change,48118.3,48145.5,779131.66,0.01,676.69
2024-02-12 03:00:00+00:00,short,buy,48145.5,,778742.09,-0.05,676.64
2024-02-12 07:00:00+00:00,short,sell - direction_change,48145.5,48147.2,778325.22,-0.05,676.59
2024-02-12 07:00:00+00:00,long,buy,48147.2,,777936.06,-0.05,676.54
2024-02-12 08:00:00+00:00,long,sell - direction_change,48147.2,48213.0,778610.25,0.09,676.62
2024-02-12 08:00:00+00:00,short,buy,48213.0,,778220.95,-0.05,676.57
2024-02-12 14:00:00+00:00,short,sell - direction_change,48213.0,47948.9,782094.76,0.5,677.07
2024-02-12 14:00:00+00:00,long,buy,47948.9,,781703.71,-0.05,677.02
2024-02-12 15:33:00+00:00,long,sell - take_profit,47948.9,49387.367000000006,804763.97,2.95,679.97
2024-02-12 16:00:00+00:00,long,buy,49925.5,,804361.59,-0.05,679.92
2024-02-12 16:16:00+00:00,long,sell - stop_loss,49925.5,49426.245,795915.79,-1.05,678.87
2024-02-12 17:00:00+00:00,long,buy,49594.4,,795517.83,-0.05,678.82
2024-02-13 14:00:00+00:00,long,sell - direction_change,49594.4,49543.1,794297.2,-0.15,678.67
2024-02-13 14:00:00+00:00,short,buy,49543.1,,793900.05,-0.05,678.62
2024-02-13 23:00:00+00:00,short,sell - direction_change,49543.1,49518.5,793897.3,-0.0,678.62
2024-02-13 23:00:00+00:00,long,buy,49518.5,,793500.35,-0.05,678.57
2024-02-14 00:00:00+00:00,long,sell - direction_change,49518.5,49696.4,795954.33,0.31,678.88
2024-02-14 00:00:00+00:00,short,buy,49696.4,,795556.35,-0.05,678.83
2024-02-14 05:00:00+00:00,short,sell - direction_change,49696.4,49396.6,799957.87,0.55,679.38
2024-02-14 05:00:00+00:00,long,buy,49396.6,,799557.89,-0.05,679.33
2024-02-14 08:58:00+00:00,long,sell - take_profit,49396.6,50878.498,823144.85,2.95,682.28
2024-02-14 09:00:00+00:00,long,buy,50801.6,,822733.28,-0.05,682.23
2024-02-15 00:23:00+00:00,long,sell - take_profit,50801.6,52325.648,847003.91,2.95,685.18
2024-02-15 01:00:00+00:00,long,buy,52355.2,,846580.41,-0.05,685.13
2024-02-15 01:33:00+00:00,long,sell - stop_loss,52355.2,51831.647999999994,837691.31,-1.05,684.08
2024-02-15 02:00:00+00:00,long,buy,51928.2,,837272.47,-0.05,684.03
2024-02-15 20:00:00+00:00,long,sell - direction_change,51928.2,52022.1,838367.84,0.13,684.16
2024-02-15 20:00:00+00:00,short,buy,52022.1,,837948.66,-0.05,684.11
2024-02-16 03:00:00+00:00,short,sell - direction_change,52022.1,52193.5,834768.85,-0.38,683.73
2024-02-16 03:00:00+00:00,long,buy,52193.5,,834351.46,-0.05,683.68
2024-02-16 06:00:00+00:00,long,sell - direction_change,52193.5,52099.4,832430.03,-0.23,683.45
2024-02-16 06:00:00+00:00,short,buy,52099.4,,832013.82,-0.05,683.4
2024-02-16 10:00:00+00:00,short,sell - direction_change,52099.4,51871.9,835230.92,0.39,683.79
2024-02-16 10:00:00+00:00,long,buy,51871.9,,834813.31,-0.05,683.74
2024-02-16 14:00:00+00:00,long,sell - direction_change,51871.9,52494.7,844419.09,1.15,684.89
2024-02-16 14:00:00+00:00,short,buy,52494.7,,843996.88,-0.05,684.84
2024-02-16 16:00:00+00:00,short,sell - direction_change,52494.7,51909.2,852988.41,1.07,685.9
2024-02-16 16:00:00+00:00,long,buy,51909.2,,852561.91,-0.05,685.85
2024-02-16 17:00:00+00:00,long,sell - direction_change,51909.2,52066.3,854715.86,0.25,686.11
2024-02-16 17:00:00+00:00,short,buy,52066.3,,854288.5,-0.05,686.06
2024-02-17 21:00:00+00:00,short,sell - direction_change,52066.3,51543.3,862442.58,0.95,687.01
2024-02-17 21:00:00+00:00,long,buy,51543.3,,862011.36,-0.05,686.96
2024-02-18 02:00:00+00:00,long,sell - direction_change,51543.3,51561.7,861888.08,-0.01,686.95
2024-02-18 02:00:00+00:00,short,buy,51561.7,,861457.13,-0.05,686.9
2024-02-18 05:00:00+00:00,short,sell - direction_change,51561.7,51597.2,860433.3,-0.12,686.78
2024-02-18 05:00:00+00:00,long,buy,51597.2,,860003.08,-0.05,686.73
2024-02-19 14:00:00+00:00,long,sell - direction_change,51597.2,52176.1,869221.97,1.07,687.8
2024-02-19 14:00:00+00:00,short,buy,52176.1,,868787.36,-0.05,687.75
2024-02-20 10:00:00+00:00,short,sell - direction_change,52176.1,51792.7,874736.98,0.68,688.43
2024-02-20 10:00:00+00:00,long,buy,51792.7,,874299.61,-0.05,688.38
2024-02-20 15:00:00+00:00,long,sell - direction_change,51792.7,52079.3,878700.49,0.5,688.89
2024-02-20 15:00:00+00:00,short,buy,52079.3,,878261.14,-0.05,688.84
2024-02-20 19:00:00+00:00,short,sell - direction_change,52079.3,51535.0,887001.04,1.0,689.83
2024-02-20 19:00:00+00:00,long,buy,51535.0,,886557.54,-0.05,689.78
2024-02-21 05:00:00+00:00,long,sell - direction_change,51535.0,51985.9,893871.1,0.82,690.61
2024-02-21 05:00:00+00:00,short,buy,51985.9,,893424.16,-0.05,690.56
2024-02-21 21:00:00+00:00,short,sell - direction_change,51985.9,50978.4,910292.24,1.89,692.44
2024-02-21 21:00:00+00:00,long,buy,50978.4,,909837.09,-0.05,692.39
2024-02-22 13:00:00+00:00,long,sell - direction_change,50978.4,51558.8,919740.86,1.09,693.48
2024-02-22 13:00:00+00:00,short,buy,51558.8,,919280.99,-0.05,693.43
2024-02-22 15:00:00+00:00,short,sell - direction_change,51558.8,51405.1,921561.79,0.25,693.68
2024-02-22 15:00:00+00:00,long,buy,51405.1,,921101.01,-0.05,693.63
2024-02-22 16:00:00+00:00,long,sell - direction_change,51405.1,51630.0,924670.32,0.39,694.02
2024-02-22 16:00:00+00:00,short,buy,51630.0,,924207.99,-0.05,693.97
2024-02-22 17:00:00+00:00,short,sell - direction_change,51630.0,51511.5,925867.1,0.18,694.15
2024-02-22 17:00:00+00:00,long,buy,51511.5,,925404.17,-0.05,694.1
2024-02-22 19:00:00+00:00,long,sell - direction_change,51511.5,51747.3,929177.62,0.41,694.51
2024-02-22 19:00:00+00:00,short,buy,51747.3,,928713.03,-0.05,694.46
2024-02-22 20:00:00+00:00,short,sell - direction_change,51747.3,51546.9,931845.26,0.34,694.79
2024-02-22 20:00:00+00:00,long,buy,51546.9,,931379.34,-0.05,694.74
2024-02-22 22:00:00+00:00,long,sell - direction_change,51546.9,51685.1,933410.73,0.22,694.96
2024-02-22 22:00:00+00:00,short,buy,51685.1,,932944.03,-0.05,694.91
2024-02-24 07:00:00+00:00,short,sell - direction_change,51685.1,50996.7,944903.55,1.28,696.19
2024-02-24 07:00:00+00:00,long,buy,50996.7,,944431.09,-0.05,696.14
2024-02-24 08:00:00+00:00,long,sell - direction_change,50996.7,51099.8,945868.23,0.15,696.3
2024-02-24 08:00:00+00:00,short,buy,51099.8,,945395.3,-0.05,696.25
2024-02-24 09:00:00+00:00,short,sell - direction_change,51099.8,51015.5,946482.23,0.11,696.36
2024-02-24 09:00:00+00:00,long,buy,51015.5,,946008.99,-0.05,696.31
2024-02-25 15:00:00+00:00,long,sell - direction_change,51015.5,51780.3,959718.1,1.45,697.76
2024-02-25 15:00:00+00:00,short,buy,51780.3,,959238.24,-0.05,697.71
2024-02-25 19:00:00+00:00,short,sell - direction_change,51780.3,51620.0,961728.21,0.26,697.97
2024-02-25 19:00:00+00:00,long,buy,51620.0,,961247.34,-0.05,697.92
2024-02-26 01:00:00+00:00,long,sell - direction_change,51620.0,51722.0,962666.12,0.15,698.07
2024-02-26 01:00:00+00:00,short,buy,51722.0,,962184.79,-0.05,698.02
2024-02-26 14:00:00+00:00,short,sell - direction_change,51722.0,51264.1,970222.02,0.84,698.85
2024-02-26 14:00:00+00:00,long,buy,51264.1,,969736.9,-0.05,698.8
2024-02-26 15:53:00+00:00,long,sell - take_profit,51264.1,52802.023,998344.14,2.95,701.75
2024-02-26 16:00:00+00:00,long,buy,52872.2,,997844.97,-0.05,701.7
2024-02-26 19:16:00+00:00,long,sell - take_profit,52872.2,54458.366,1027281.4,2.95,704.65
2024-02-26 20:00:00+00:00,long,buy,54531.2,,1026767.76,-0.05,704.6
2024-02-27 02:06:00+00:00,long,sell - take_profit,54531.2,56167.136,1057057.41,2.95,707.55
2024-02-27 03:00:00+00:00,long,buy,56428.8,,1056528.88,-0.05,707.5
2024-02-27 03:53:00+00:00,long,sell - stop_loss,56428.8,55864.512,1045435.32,-1.05,706.45
2024-02-27 04:00:00+00:00,long,buy,55773.1,,1044912.61,-0.05,706.4
2024-02-27 12:44:00+00:00,long,sell - take_profit,55773.1,57446.293,1075737.53,2.95,709.35
2024-02-27 13:00:00+00:00,long,buy,56842.2,,1075199.66,-0.05,709.3
2024-02-27 16:10:00+00:00,long,sell - stop_loss,56842.2,56273.778,1063910.06,-1.05,708.25
2024-02-27 17:00:00+00:00,long,buy,57084.1,,1063378.11,-0.05,708.2
2024-02-28 08:04:00+00:00,long,sell - take_profit,57084.1,58796.623,1094747.76,2.95,711.15
2024-02-28 09:00:00+00:00,long,buy,59503.7,,1094200.39,-0.05,711.1
2024-02-28 09:20:00+00:00,long,sell - stop_loss,59503.7,58908.66299999999,1082711.28,-1.05,710.05
2024-02-28 10:00:00+00:00,long,buy,59357.1,,1082169.93,-0.05,710.0
2024-02-28 11:52:00+00:00,long,sell - stop_loss,59357.1,58763.528999999995,1070807.14,-1.05,708.95
2024-02-28 12:00:00+00:00,long,buy,58997.4,,1070271.74,-0.05,708.9
2024-02-28 13:25:00+00:00,long,sell - take_profit,58997.4,60767.322,1101844.76,2.95,711.85
2024-02-28 14:00:00+00:00,long,buy,60541.9,,1101293.83,-0.05,711.8
2024-02-28 14:27:00+00:00,long,sell - stop_loss,60541.9,59936.481,1089730.25,-1.05,710.75
2024-02-28 15:00:00+00:00,long,buy,61025.9,,1089185.38,-0.05,710.7
2024-02-28 17:04:00+00:00,long,sell - take_profit,61025.9,62856.677,1121316.35,2.95,713.65
2024-02-28 18:00:00+00:00,long,buy,61467.8,,1120755.69,-0.05,713.6
2024-02-28 18:05:00+00:00,long,sell - stop_loss,61467.8,60853.122,1108987.76,-1.05,712.55
2024-02-28 19:00:00+00:00,long,buy,61175.6,,1108433.27,-0.05,712.5
2024-02-28 20:07:00+00:00,long,sell - stop_loss,61175.6,60563.844,1096794.72,-1.05,711.45
2024-02-28 21:00:00+00:00,long,buy,60469.4,,1096246.32,-0.05,711.4
2024-02-28 21:09:00+00:00,long,sell - stop_loss,60469.4,59864.706,1084735.73,-1.05,710.35
2024-02-28 22:00:00+00:00,long,buy,60611.7,,1084193.37,-0.05,710.3
2024-02-28 23:18:00+00:00,long,sell - take_profit,60611.7,62430.051,1116177.07,2.95,713.25
2024-02-29 00:00:00+00:00,long,buy,62487.9,,1115618.98,-0.05,713.2
2024-02-29 00:14:00+00:00,long,sell - stop_loss,62487.9,61863.021,1103904.98,-1.05,712.15
2024-02-29 01:00:00+00:00,long,buy,61455.8,,1103353.03,-0.05,712.1
2024-02-29 06:13:00+00:00,long,sell - take_profit,61455.8,63299.474,1135901.94,2.95,715.05
2024-02-29 07:00:00+00:00,long,buy,63053.4,,1135333.99,-0.05,715.0
2024-02-29 08:25:00+00:00,long,sell - stop_loss,63053.4,62422.866,1123412.99,-1.05,713.95
2024-02-29 09:00:00+00:00,long,buy,62879.1,,1122851.28,-0.05,713.9
2024-02-29 10:16:00+00:00,long,sell - stop_loss,62879.1,62250.309,1111061.34,-1.05,712.85
2024-02-29 11:00:00+00:00,long,buy,62792.7,,1110505.81,-0.05,712.8
2024-02-29 13:29:00+00:00,long,sell - stop_loss,62792.7,62164.772999999994,1098845.5,-1.05,711.75
2024-02-29 14:00:00+00:00,long,buy,63004.1,,1098296.08,-0.05,711.7
2024-02-29 16:22:00+00:00,long,sell - stop_loss,63004.1,62374.059,1086763.97,-1.05,710.65
2024-02-29 17:00:00+00:00,short,buy,62235.5,,1086220.59,-0.05,710.6
2024-03-01 08:00:00+00:00,short,sell - direction_change,62235.5,61485.9,1098760.54,1.15,711.76
2024-03-01 08:00:00+00:00,long,buy,61485.9,,1098211.16,-0.05,711.71
2024-03-01 15:00:00+00:00,long,sell - direction_change,61485.9,62009.7,1107017.74,0.8,712.51
2024-03-01 15:00:00+00:00,short,buy,62009.7,,1106464.23,-0.05,712.46
2024-03-01 16:00:00+00:00,short,sell - direction_change,62009.7,61335.4,1117942.81,1.04,713.5
2024-03-01 16:00:00+00:00,long,buy,61335.4,,1117383.84,-0.05,713.45
2024-03-01 20:58:00+00:00,long,sell - take_profit,61335.4,63175.462,1150346.66,2.95,716.4
2024-03-01 21:00:00+00:00,long,buy,62936.9,,1149771.49,-0.05,716.35
2024-03-02 00:15:00+00:00,long,sell - stop_loss,62936.9,62307.531,1137698.89,-1.05,715.3
2024-03-02 01:00:00+00:00,long,buy,62371.1,,1137130.04,-0.05,715.25
2024-03-02 08:00:00+00:00,long,sell - direction_change,62371.1,62071.9,1131106.55,-0.53,714.72
2024-03-02 08:00:00+00:00,short,buy,62071.9,,1130541.0,-0.05,714.67
2024-03-02 19:00:00+00:00,short,sell - direction_change,62071.9,62099.9,1129465.75,-0.1,714.57
2024-03-02 19:00:00+00:00,long,buy,62099.9,,1128901.02,-0.05,714.52
2024-03-02 20:00:00+00:00,long,sell - direction_change,62099.9,62185.3,1129889.04,0.09,714.61
2024-03-02 20:00:00+00:00,short,buy,62185.3,,1129324.09,-0.05,714.56
2024-03-02 21:00:00+00:00,short,sell - direction_change,62185.3,61929.5,1133404.92,0.36,714.92
2024-03-02 21:00:00+00:00,long,buy,61929.5,,1132838.22,-0.05,714.87
2024-03-02 22:00:00+00:00,long,sell - direction_change,61929.5,61967.4,1132965.08,0.01,714.88
2024-03-02 22:00:00+00:00,short,buy,61967.4,,1132398.6,-0.05,714.83
2024-03-03 04:00:00+00:00,short,sell - direction_change,61967.4,61997.1,1131289.66,-0.1,714.73
2024-03-03 04:00:00+00:00,long,buy,61997.1,,1130724.01,-0.05,714.68
2024-03-03 05:00:00+00:00,long,sell - direction_change,61997.1,62085.0,1131761.8,0.09,714.77
2024-03-03 05:00:00+00:00,short,buy,62085.0,,1131195.92,-0.05,714.72
2024-03-03 12:00:00+00:00,short,sell - direction_change,62085.0,61900.0,1134001.04,0.25,714.97
2024-03-03 12:00:00+00:00,long,buy,61900.0,,1133434.04,-0.05,714.92
2024-03-04 00:28:00+00:00,long,sell - take_profit,61900.0,63757.0,1166870.35,2.95,717.87
2024-03-04 01:00:00+00:00,long,buy,63544.5,,1166286.91,-0.05,717.82
2024-03-04 08:42:00+00:00,long,sell - take_profit,63544.5,65450.835,1200692.38,2.95,720.77
2024-03-04 09:00:00+00:00,long,buy,65331.3,,1200092.03,-0.05,720.72
2024-03-04 14:03:00+00:00,long,sell - stop_loss,65331.3,64677.987,1187491.06,-1.05,719.67
2024-03-04 15:00:00+00:00,long,buy,66223.7,,1186897.32,-0.05,719.62
2024-03-04 23:03:00+00:00,long,sell - take_profit,66223.7,68210.411,1221910.79,2.95,722.57
2024-03-05 00:00:00+00:00,long,buy,68296.5,,1221299.83,-0.05,722.52
2024-03-05 04:48:00+00:00,long,sell - stop_loss,68296.5,67613.535,1208476.19,-1.05,721.47
2024-03-05 05:00:00+00:00,long,buy,67447.0,,1207871.95,-0.05,721.42
2024-03-05 05:02:00+00:00,long,sell - stop_loss,67447.0,66772.53,1195189.29,-1.05,720.37
2024-03-05 06:00:00+00:00,long,buy,67062.4,,1194591.7,-0.05,720.32
2024-03-05 07:00:00+00:00,long,sell - direction_change,67062.4,67368.5,1199447.0,0.41,720.73
2024-03-05 07:00:00+00:00,short,buy,67368.5,,1198847.28,-0.05,720.68
2024-03-05 08:00:00+00:00,short,sell - direction_change,67368.5,66223.8,1218618.21,1.65,722.33
2024-03-05 08:00:00+00:00,long,buy,66223.8,,1218008.91,-0.05,722.28
2024-03-05 14:43:00+00:00,long,sell - take_profit,66223.8,68210.51400000001,1253940.17,2.95,725.23
2024-03-05 15:00:00+00:00,long,buy,68809.6,,1253313.2,-0.05,725.18
2024-03-05 15:05:00+00:00,long,sell - stop_loss,68809.6,68121.504,1240153.41,-1.05,724.13
2024-03-05 16:00:00+00:00,short,buy,66839.8,,1239533.33,-0.05,724.08
2024-03-05 16:12:00+00:00,short,sell - take_profit,66839.8,64834.606,1276099.57,2.95,727.03
2024-03-05 17:00:00+00:00,short,buy,65621.9,,1275461.52,-0.05,726.98
2024-03-05 17:10:00+00:00,short,sell - take_profit,65621.9,63653.242999999995,1313087.63,2.95,729.93
2024-03-05 18:00:00+00:00,short,buy,65660.7,,1312431.09,-0.05,729.88
2024-03-05 19:09:00+00:00,short,sell - take_profit,65660.7,63690.87899999999,1351147.8,2.95,732.83
2024-03-05 20:00:00+00:00,short,buy,61497.3,,1350472.23,-0.05,732.78
2024-03-05 20:01:00+00:00,short,sell - stop_loss,61497.3,62112.273,1336292.27,-1.05,731.73
2024-03-05 21:00:00+00:00,short,buy,61956.7,,1335624.13,-0.05,731.68
2024-03-05 21:06:00+00:00,short,sell - stop_loss,61956.7,62576.267,1321600.07,-1.05,730.63
2024-03-05 22:00:00+00:00,short,buy,63301.2,,1320939.27,-0.05,730.58
2024-03-05 23:39:00+00:00,short,sell - stop_loss,63301.2,63934.212,1307069.41,-1.05,729.53
2024-03-06 00:00:00+00:00,short,buy,63747.5,,1306415.88,-0.05,729.48
2024-03-06 04:55:00+00:00,short,sell - stop_loss,63747.5,64384.975,1292698.51,-1.05,728.43
2024-03-06 05:00:00+00:00,long,buy,64652.0,,1292052.16,-0.05,728.38
2024-03-06 06:01:00+00:00,long,sell - take_profit,64652.0,66591.56,1330167.7,2.95,731.33
2024-03-06 07:00:00+00:00,long,buy,65797.6,,1329502.61,-0.05,731.28
2024-03-06 12:46:00+00:00,long,sell - stop_loss,65797.6,65139.624,1315542.84,-1.05,730.23
2024-03-06 13:00:00+00:00,long,buy,66000.0,,1314885.07,-0.05,730.18
2024-03-06 15:07:00+00:00,long,sell - stop_loss,66000.0,65340.0,1301078.77,-1.05,729.13
2024-03-06 16:00:00+00:00,long,buy,66541.3,,1300428.23,-0.05,729.08
2024-03-06 23:03:00+00:00,long,sell - stop_loss,66541.3,65875.887,1286773.74,-1.05,728.03
2024-03-07 00:00:00+00:00,long,buy,66128.0,,1286130.35,-0.05,727.98
2024-03-07 05:00:00+00:00,long,sell - direction_change,66128.0,65905.5,1281159.86,-0.39,727.59
2024-03-07 05:00:00+00:00,short,buy,65905.5,,1280519.28,-0.05,727.54
2024-03-07 07:00:00+00:00,short,sell - direction_change,65905.5,65931.6,1279371.91,-0.09,727.45
2024-03-07 07:00:00+00:00,long,buy,65931.6,,1278732.22,-0.05,727.4
2024-03-07 14:37:00+00:00,long,sell - take_profit,65931.6,67909.54800000001,1316454.82,2.95,730.35
2024-03-07 15:00:00+00:00,long,buy,67090.1,,1315796.59,-0.05,730.3
2024-03-08 15:26:00+00:00,long,sell - take_profit,67090.1,69102.80300000001,1354612.59,2.95,733.25
2024-03-08 16:00:00+00:00,long,buy,67685.8,,1353935.29,-0.05,733.2
2024-03-08 16:02:00+00:00,long,sell - stop_loss,67685.8,67008.942,1339718.97,-1.05,732.15
2024-03-08 17:00:00+00:00,long,buy,67863.8,,1339049.11,-0.05,732.1
2024-03-09 16:00:00+00:00,long,sell - direction_change,67863.8,68341.5,1347805.28,0.65,732.76
2024-03-09 16:00:00+00:00,short,buy,68341.5,,1347131.38,-0.05,732.71
2024-03-09 20:00:00+00:00,short,sell - direction_change,68341.5,68255.0,1348162.88,0.08,732.78
2024-03-09 20:00:00+00:00,long,buy,68255.0,,1347488.8,-0.05,732.73
2024-03-10 22:00:00+00:00,long,sell - direction_change,68255.0,69175.7,1364991.49,1.3,734.03
2024-03-10 22:00:00+00:00,short,buy,69175.7,,1364309.0,-0.05,733.98
2024-03-11 00:52:00+00:00,short,sell - take_profit,69175.7,67100.42899999999,1404556.11,2.95,736.93
2024-03-11 01:00:00+00:00,short,buy,68150.0,,1403853.84,-0.05,736.88
2024-03-11 02:00:00+00:00,short,sell - direction_change,68150.0,68365.5,1398712.72,-0.37,736.52
2024-03-11 02:00:00+00:00,long,buy,68365.5,,1398013.37,-0.05,736.47
2024-03-11 07:12:00+00:00,long,sell - take_profit,68365.5,70416.465,1439254.76,2.95,739.42
2024-03-11 08:00:00+00:00,long,buy,71223.9,,1438535.13,-0.05,739.37
2024-03-12 14:07:00+00:00,long,sell - take_profit,71223.9,73360.617,1480971.92,2.95,742.32
2024-03-12 15:00:00+00:00,short,buy,71730.1,,1480231.43,-0.05,742.27
2024-03-12 17:18:00+00:00,short,sell - take_profit,71730.1,69578.197,1523898.26,2.95,745.22
2024-03-12 18:00:00+00:00,short,buy,71161.2,,1523136.31,-0.05,745.17
2024-03-12 19:00:00+00:00,short,sell - direction_change,71161.2,71476.6,1515623.91,-0.49,744.67
2024-03-12 19:00:00+00:00,long,buy,71476.6,,1514866.1,-0.05,744.62
2024-03-12 20:00:00+00:00,long,sell - direction_change,71476.6,71403.0,1512548.8,-0.15,744.47
2024-03-12 20:00:00+00:00,short,buy,71403.0,,1511792.53,-0.05,744.42
2024-03-12 22:00:00+00:00,short,sell - direction_change,71403.0,70895.0,1521792.35,0.66,745.08
2024-03-12 22:00:00+00:00,long,buy,70895.0,,1521031.45,-0.05,745.03
2024-03-12 23:00:00+00:00,long,sell - direction_change,70895.0,71220.9,1527263.03,0.41,745.44
2024-03-12 23:00:00+00:00,short,buy,71220.9,,1526499.39,-0.05,745.39
2024-03-13 00:00:00+00:00,short,sell - direction_change,71220.9,71503.3,1519683.38,-0.45,744.94
2024-03-13 00:00:00+00:00,long,buy,71503.3,,1518923.54,-0.05,744.89
2024-03-13 08:27:00+00:00,long,sell - take_profit,71503.3,73648.399,1563731.78,2.95,747.84
2024-03-13 09:00:00+00:00,long,buy,73511.4,,1562949.91,-0.05,747.79
2024-03-13 12:35:00+00:00,long,sell - stop_loss,73511.4,72776.286,1546538.94,-1.05,746.74
2024-03-13 13:00:00+00:00,long,buy,72875.9,,1545765.67,-0.05,746.69
2024-03-13 13:52:00+00:00,long,sell - stop_loss,72875.9,72147.14099999999,1529535.13,-1.05,745.64
2024-03-13 14:00:00+00:00,long,buy,72239.9,,1528770.36,-0.05,745.59
2024-03-14 13:00:00+00:00,long,sell - direction_change,72239.9,72891.8,1541801.75,0.85,746.45
2024-03-14 13:00:00+00:00,short,buy,72891.8,,1541030.85,-0.05,746.4
2024-03-14 15:39:00+00:00,short,sell - take_profit,72891.8,70705.046,1586491.26,2.95,749.35
2024-03-14 16:00:00+00:00,short,buy,70904.5,,1585698.02,-0.05,749.3
2024-03-14 19:43:00+00:00,short,sell - take_profit,70904.5,68777.365,1632476.11,2.95,752.25
2024-03-14 20:00:00+00:00,short,buy,69500.4,,1631659.87,-0.05,752.2
2024-03-14 20:06:00+00:00,short,sell - stop_loss,69500.4,70195.404,1614527.44,-1.05,751.15
2024-03-14 21:00:00+00:00,short,buy,70810.8,,1613720.18,-0.05,751.1
2024-03-14 22:19:00+00:00,short,sell - stop_loss,70810.8,71518.90800000001,1596776.12,-1.05,750.05
2024-03-14 23:00:00+00:00,long,buy,71594.1,,1595977.73,-0.05,750.0
2024-03-15 02:00:00+00:00,long,sell - direction_change,71594.1,71699.9,1597538.24,0.1,750.09
2024-03-15 02:00:00+00:00,short,buy,71699.9,,1596739.47,-0.05,750.04
2024-03-15 02:41:00+00:00,short,sell - take_profit,71699.9,69548.90299999999,1643843.28,2.95,752.99
2024-03-15 03:00:00+00:00,short,buy,69062.5,,1643021.36,-0.05,752.94
2024-03-15 03:28:00+00:00,short,sell - take_profit,69062.5,66990.625,1691490.49,2.95,755.89
2024-03-15 04:00:00+00:00,short,buy,68266.0,,1690644.74,-0.05,755.84
2024-03-15 09:09:00+00:00,short,sell - take_profit,68266.0,66218.02,1740518.76,2.95,758.79
2024-03-15 10:00:00+00:00,short,buy,67857.8,,1739648.51,-0.05,758.74
2024-03-15 13:51:00+00:00,short,sell - stop_loss,67857.8,68536.378,1721382.2,-1.05,757.69
2024-03-15 14:00:00+00:00,short,buy,68498.0,,1720521.5,-0.05,757.64
2024-03-15 15:00:00+00:00,short,sell - direction_change,68498.0,68655.7,1715700.16,-0.28,757.36
2024-03-15 15:00:00+00:00,long,buy,68655.7,,1714842.31,-0.05,757.31
2024-03-15 16:05:00+00:00,long,sell - stop_loss,68655.7,67969.143,1696836.47,-1.05,756.26
2024-03-15 17:00:00+00:00,long,buy,67954.3,,1695988.05,-0.05,756.21
2024-03-15 18:52:00+00:00,long,sell - take_profit,67954.3,69992.929,1746019.7,2.95,759.16
2024-03-15 19:00:00+00:00,long,buy,70275.9,,1745146.69,-0.05,759.11
2024-03-15 19:39:00+00:00,long,sell - stop_loss,70275.9,69573.14099999999,1726822.65,-1.05,758.06
2024-03-15 20:00:00+00:00,long,buy,69002.9,,1725959.24,-0.05,758.01
2024-03-15 20:07:00+00:00,long,sell - stop_loss,69002.9,68312.871,1707836.66,-1.05,756.96
2024-03-15 21:00:00+00:00,long,buy,67906.6,,1706982.74,-0.05,756.91
2024-03-16 00:06:00+00:00,long,sell - take_profit,67906.6,69943.79800000001,1757338.74,2.95,759.86
2024-03-16 01:00:00+00:00,long,buy,69690.2,,1756460.07,-0.05,759.81
2024-03-16 02:33:00+00:00,long,sell - stop_loss,69690.2,68993.298,1738017.24,-1.05,758.76
2024-03-16 03:00:00+00:00,long,buy,69119.9,,1737148.23,-0.05,758.71
2024-03-16 10:00:00+00:00,long,sell - direction_change,69119.9,68995.0,1733140.62,-0.23,758.48
2024-03-16 10:00:00+00:00,short,buy,68995.0,,1732274.05,-0.05,758.43
2024-03-16 18:11:00+00:00,short,sell - take_profit,68995.0,66925.15,1783376.13,2.95,761.38
2024-03-16 19:00:00+00:00,short,buy,67079.6,,1782484.44,-0.05,761.33
2024-03-16 19:09:00+00:00,short,sell - stop_loss,67079.6,67750.39600000001,1763768.36,-1.05,760.28
2024-03-16 20:00:00+00:00,short,buy,66969.1,,1762886.47,-0.05,760.23
2024-03-16 23:18:00+00:00,short,sell - take_profit,66969.1,64960.027,1814891.62,2.95,763.18
2024-03-17 00:00:00+00:00,short,buy,65351.0,,1813984.18,-0.05,763.13
2024-03-17 00:04:00+00:00,short,sell - stop_loss,65351.0,66004.51,1794937.34,-1.05,762.08
2024-03-17 01:00:00+00:00,short,buy,65273.4,,1794039.88,-0.05,762.03
2024-03-17 01:30:00+00:00,short,sell - stop_loss,65273.4,65926.134,1775202.46,-1.05,760.98
2024-03-17 02:00:00+00:00,short,buy,66213.1,,1774314.86,-0.05,760.93
2024-03-17 08:00:00+00:00,short,sell - direction_change,66213.1,65681.1,1787683.72,0.75,761.69
2024-03-17 08:00:00+00:00,long,buy,65681.1,,1786789.88,-0.05,761.64
2024-03-17 14:57:00+00:00,long,sell - take_profit,65681.1,67651.53300000001,1839500.18,2.95,764.59
2024-03-17 15:00:00+00:00,long,buy,67652.6,,1838580.43,-0.05,764.54
2024-03-18 01:03:00+00:00,long,sell - stop_loss,67652.6,66976.07400000001,1819275.34,-1.05,763.49
2024-03-18 02:00:00+00:00,long,buy,67686.7,,1818365.7,-0.05,763.44
2024-03-18 14:00:00+00:00,long,sell - direction_change,67686.7,67605.7,1815280.5,-0.17,763.27
2024-03-18 14:00:00+00:00,short,buy,67605.7,,1814372.86,-0.05,763.22
2024-03-18 21:00:00+00:00,short,sell - direction_change,67605.7,67411.9,1818666.79,0.24,763.45
2024-03-18 21:00:00+00:00,long,buy,67411.9,,1817757.46,-0.05,763.4
2024-03-19 00:00:00+00:00,long,sell - direction_change,67411.9,67660.0,1823538.58,0.32,763.72
2024-03-19 00:00:00+00:00,short,buy,67660.0,,1822626.81,-0.05,763.67
2024-03-19 02:04:00+00:00,short,sell - take_profit,67660.0,65630.2,1876394.3,2.95,766.62
2024-03-19 03:00:00+00:00,short,buy,65929.4,,1875456.1,-0.05,766.57
2024-03-19 07:14:00+00:00,short,sell - take_profit,65929.4,63951.51799999999,1930782.06,2.95,769.52
2024-03-19 08:00:00+00:00,short,buy,64742.1,,1929816.67,-0.05,769.47
2024-03-19 10:48:00+00:00,short,sell - take_profit,64742.1,62799.837,1986746.26,2.95,772.42
2024-03-19 11:00:00+00:00,short,buy,63303.5,,1985752.89,-0.05,772.37
2024-03-19 15:41:00+00:00,short,sell - stop_loss,63303.5,63936.535,1964902.48,-1.05,771.32
2024-03-19 16:00:00+00:00,long,buy,64084.1,,1963920.03,-0.05,771.27
2024-03-19 22:00:00+00:00,long,sell - direction_change,64084.1,63998.9,1960327.03,-0.18,771.09
2024-03-19 22:00:00+00:00,short,buy,63998.9,,1959346.87,-0.05,771.04
2024-03-19 23:09:00+00:00,short,sell - take_profit,63998.9,62078.933,2017147.6,2.95,773.99
2024-03-20 00:00:00+00:00,short,buy,61974.1,,2016139.03,-0.05,773.94
2024-03-20 00:19:00+00:00,short,sell - stop_loss,61974.1,62593.841,1994969.57,-1.05,772.89
2024-03-20 01:00:00+00:00,short,buy,63283.5,,1993972.08,-0.05,772.84
2024-03-20 04:34:00+00:00,short,sell - take_profit,63283.5,61384.994999999995,2052794.26,2.95,775.79
2024-03-20 05:00:00+00:00,short,buy,61694.5,,2051767.86,-0.05,775.74
2024-03-20 07:07:00+00:00,short,sell - stop_loss,61694.5,62311.445,2030224.3,-1.05,774.69
2024-03-20 08:00:00+00:00,short,buy,62995.1,,2029209.19,-0.05,774.64
2024-03-20 09:00:00+00:00,short,sell - direction_change,62995.1,62737.5,2036492.44,0.36,775.0
2024-03-20 09:00:00+00:00,long,buy,62737.5,,2035474.19,-0.05,774.95
2024-03-20 10:00:00+00:00,long,sell - direction_change,62737.5,63259.2,2051382.65,0.78,775.73
2024-03-20 10:00:00+00:00,short,buy,63259.2,,2050356.95,-0.05,775.68
2024-03-20 11:00:00+00:00,short,sell - direction_change,63259.2,63088.1,2054877.47,0.22,775.9
2024-03-20 11:00:00+00:00,long,buy,63088.1,,2053850.03,-0.05,775.85
2024-03-20 16:28:00+00:00,long,sell - stop_loss,63088.1,62457.219,2032284.6,-1.05,774.8
2024-03-20 17:00:00+00:00,long,buy,63144.8,,2031268.46,-0.05,774.75
2024-03-20 18:52:00+00:00,long,sell - take_profit,63144.8,65039.14400000001,2091190.88,2.95,777.7
2024-03-20 19:00:00+00:00,long,buy,65455.5,,2090145.29,-0.05,777.65
2024-03-20 20:34:00+00:00,long,sell - take_profit,65455.5,67419.16500000001,2151804.57,2.95,780.6
2024-03-20 21:00:00+00:00,long,buy,67094.6,,2150728.67,-0.05,780.55
2024-03-21 03:54:00+00:00,long,sell - stop_loss,67094.6,66423.65400000001,2128146.02,-1.05,779.5
2024-03-21 04:00:00+00:00,long,buy,66707.8,,2127081.95,-0.05,779.45
2024-03-21 15:00:00+00:00,long,sell - direction_change,66707.8,66915.9,2132654.0,0.26,779.71
2024-03-21 15:00:00+00:00,short,buy,66915.9,,2131587.67,-0.05,779.66
2024-03-21 16:00:00+00:00,short,sell - direction_change,66915.9,66601.6,2140533.82,0.42,780.08
2024-03-21 16:00:00+00:00,long,buy,66601.6,,2139463.55,-0.05,780.03
2024-03-21 17:00:00+00:00,long,sell - direction_change,66601.6,66844.1,2146183.72,0.31,780.35
2024-03-21 17:00:00+00:00,short,buy,66844.1,,2145110.63,-0.05,780.3
2024-03-21 20:03:00+00:00,short,sell - take_profit,66844.1,64838.777,2208391.39,2.95,783.25
2024-03-21 21:00:00+00:00,short,buy,65535.7,,2207287.2,-0.05,783.2
2024-03-22 03:31:00+00:00,short,sell - stop_loss,65535.7,66191.057,2184110.68,-1.05,782.15
2024-03-22 04:00:00+00:00,long,buy,66017.8,,2183018.62,-0.05,782.1
2024-03-22 10:00:00+00:00,long,sell - direction_change,66017.8,65536.2,2166001.99,-0.78,781.32
2024-03-22 10:00:00+00:00,short,buy,65536.2,,2164918.99,-0.05,781.27
2024-03-22 13:45:00+00:00,short,sell - take_profit,65536.2,63570.113999999994,2228784.1,2.95,784.22
2024-03-22 14:00:00+00:00,short,buy,63097.1,,2227669.71,-0.05,784.17
2024-03-22 15:26:00+00:00,short,sell - stop_loss,63097.1,63728.070999999996,2204279.17,-1.05,783.12
2024-03-22 16:00:00+00:00,short,buy,63920.0,,2203177.04,-0.05,783.07
2024-03-22 23:00:00+00:00,short,sell - direction_change,63920.0,63061.4,2231669.44,1.29,784.36
2024-03-22 23:00:00+00:00,long,buy,63061.4,,2230553.6,-0.05,784.31
2024-03-23 03:00:00+00:00,long,sell - direction_change,63061.4,63892.8,2258845.89,1.27,785.58
2024-03-23 03:00:00+00:00,short,buy,63892.8,,2257716.47,-0.05,785.53
2024-03-23 04:00:00+00:00,short,sell - direction_change,63892.8,63592.0,2267216.68,0.42,785.95
2024-03-23 04:00:00+00:00,long,buy,63592.0,,2266083.07,-0.05,785.9
2024-03-23 16:30:00+00:00,long,sell - take_profit,63592.0,65499.76,2332932.52,2.95,788.85
2024-03-23 17:00:00+00:00,long,buy,65697.1,,2331766.06,-0.05,788.8
2024-03-23 19:38:00+00:00,long,sell - stop_loss,65697.1,65040.12900000001,2307282.51,-1.05,787.75
2024-03-23 20:00:00+00:00,long,buy,64918.0,,2306128.87,-0.05,787.7
2024-03-23 23:54:00+00:00,long,sell - stop_loss,64918.0,64268.82,2281914.52,-1.05,786.65
2024-03-24 00:00:00+00:00,long,buy,64020.4,,2280773.56,-0.05,786.6
2024-03-24 02:00:00+00:00,long,sell - direction_change,64020.4,64512.2,2297153.91,0.72,787.32
2024-03-24 02:00:00+00:00,short,buy,64512.2,,2296005.33,-0.05,787.27
2024-03-24 07:00:00+00:00,short,sell - direction_change,64512.2,64263.3,2303715.74,0.34,787.6
2024-03-24 07:00:00+00:00,long,buy,64263.3,,2302563.88,-0.05,787.55
2024-03-24 20:11:00+00:00,long,sell - take_profit,64263.3,66191.19900000001,2370489.52,2.95,790.5
2024-03-24 21:00:00+00:00,long,buy,66207.4,,2369304.27,-0.05,790.45
2024-03-25 14:00:00+00:00,long,sell - take_profit,66207.4,68193.622,2439198.75,2.95,793.4
2024-03-25 15:00:00+00:00,long,buy,69434.6,,2437979.15,-0.05,793.35
2024-03-26 07:29:00+00:00,long,sell - take_profit,69434.6,71517.638,2509899.54,2.95,796.3
2024-03-26 08:00:00+00:00,long,buy,70535.0,,2508644.59,-0.05,796.25
2024-03-26 14:27:00+00:00,long,sell - stop_loss,70535.0,69829.65,2482303.82,-1.05,795.2
2024-03-26 15:00:00+00:00,long,buy,70377.7,,2481062.67,-0.05,795.15
2024-03-26 16:00:00+00:00,long,sell - direction_change,70377.7,70307.0,2477329.71,-0.15,795.0
2024-03-26 16:00:00+00:00,short,buy,70307.0,,2476091.05,-0.05,794.95
2024-03-26 17:00:00+00:00,short,sell - direction_change,70307.0,69796.7,2492824.88,0.68,795.63
2024-03-26 17:00:00+00:00,long,buy,69796.7,,2491578.47,-0.05,795.58
2024-03-26 19:00:00+00:00,long,sell - direction_change,69796.7,69982.6,2496968.88,0.22,795.79
2024-03-26 19:00:00+00:00,short,buy,69982.6,,2495720.39,-0.05,795.74
2024-03-27 00:00:00+00:00,short,sell - direction_change,69982.6,70044.2,2492275.75,-0.14,795.61
2024-03-27 00:00:00+00:00,long,buy,70044.2,,2491029.61,-0.05,795.56
2024-03-27 07:00:00+00:00,long,sell - direction_change,70044.2,70371.0,2501406.31,0.42,795.97
2024-03-27 07:00:00+00:00,short,buy,70371.0,,2500155.61,-0.05,795.92
2024-03-27 11:00:00+00:00,short,sell - direction_change,70371.0,70185.4,2505499.56,0.21,796.14
2024-03-27 11:00:00+00:00,long,buy,70185.4,,2504246.81,-0.05,796.09
2024-03-27 13:00:00+00:00,long,sell - direction_change,70185.4,70255.4,2505492.32,0.05,796.14
2024-03-27 13:00:00+00:00,short,buy,70255.4,,2504239.58,-0.05,796.09
2024-03-27 13:04:00+00:00,short,sell - stop_loss,70255.4,70957.954,2477945.06,-1.05,795.04
2024-03-27 14:00:00+00:00,short,buy,69966.3,,2476706.09,-0.05,794.99
2024-03-28 03:00:00+00:00,short,sell - direction_change,69966.3,69208.2,2502303.38,1.03,796.02
2024-03-28 03:00:00+00:00,long,buy,69208.2,,2501052.23,-0.05,795.97
2024-03-28 13:33:00+00:00,long,sell - take_profit,69208.2,71284.446,2574833.27,2.95,798.92
2024-03-28 14:00:00+00:00,long,buy,70924.5,,2573545.85,-0.05,798.87
2024-03-29 05:00:00+00:00,long,sell - direction_change,70924.5,70427.0,2554206.94,-0.75,798.12
2024-03-29 05:00:00+00:00,short,buy,70427.0,,2552929.84,-0.05,798.07
2024-03-29 13:00:00+00:00,short,sell - direction_change,70427.0,70200.1,2559878.34,0.27,798.34
2024-03-29 13:00:00+00:00,long,buy,70200.1,,2558598.4,-0.05,798.29
2024-03-29 14:00:00+00:00,long,sell - direction_change,70200.1,70497.7,2568165.79,0.37,798.66
2024-03-29 14:00:00+00:00,short,buy,70497.7,,2566881.71,-0.05,798.61
2024-03-30 01:00:00+00:00,short,sell - direction_change,70497.7,69985.0,2584266.12,0.68,799.29
2024-03-30 01:00:00+00:00,long,buy,69985.0,,2582973.98,-0.05,799.24
2024-03-30 03:00:00+00:00,long,sell - direction_change,69985.0,69990.4,2581881.8,-0.04,799.2
2024-03-30 03:00:00+00:00,short,buy,69990.4,,2580590.86,-0.05,799.15
2024-03-30 04:00:00+00:00,short,sell - direction_change,69990.4,69836.8,2584963.89,0.17,799.32
2024-03-30 04:00:00+00:00,long,buy,69836.8,,2583671.41,-0.05,799.27
2024-03-30 20:00:00+00:00,long,sell - direction_change,69836.8,69944.7,2586371.43,0.1,799.37
2024-03-30 20:00:00+00:00,short,buy,69944.7,,2585078.24,-0.05,799.32
2024-03-31 01:00:00+00:00,short,sell - direction_change,69944.7,69923.6,2584565.53,-0.02,799.3
2024-03-31 01:00:00+00:00,long,buy,69923.6,,2583273.25,-0.05,799.25
2024-03-31 03:00:00+00:00,long,sell - direction_change,69923.6,70060.7,2587046.67,0.15,799.4
2024-03-31 03:00:00+00:00,short,buy,70060.7,,2585753.14,-0.05,799.35
2024-03-31 04:00:00+00:00,short,sell - direction_change,70060.7,69980.9,2587405.47,0.06,799.41
2024-03-31 04:00:00+00:00,long,buy,69980.9,,2586111.77,-0.05,799.36
2024-04-01 04:00:00+00:00,long,sell - direction_change,69980.9,70650.0,2609544.99,0.91,800.27
2024-04-01 04:00:00+00:00,short,buy,70650.0,,2608240.22,-0.05,800.22
2024-04-01 15:11:00+00:00,short,sell - take_profit,70650.0,68530.5,2685183.31,2.95,803.17
2024-04-01 16:00:00+00:00,short,buy,68280.9,,2683840.72,-0.05,803.12
2024-04-01 18:52:00+00:00,short,sell - stop_loss,68280.9,68963.70899999999,2655660.39,-1.05,802.07
2024-04-01 19:00:00+00:00,long,buy,68960.9,,2654332.56,-0.05,802.02
2024-04-02 02:00:00+00:00,long,sell - direction_change,68960.9,69437.2,2671338.37,0.64,802.66
2024-04-02 02:00:00+00:00,short,buy,69437.2,,2670002.7,-0.05,802.61
2024-04-02 02:37:00+00:00,short,sell - take_profit,69437.2,67354.084,2748767.78,2.95,805.56
2024-04-02 03:00:00+00:00,short,buy,67025.7,,2747393.4,-0.05,805.51
2024-04-02 13:19:00+00:00,short,sell - take_profit,67025.7,65014.929,2828441.5,2.95,808.46
2024-04-02 14:00:00+00:00,short,buy,65268.9,,2827027.28,-0.05,808.41
2024-04-02 14:29:00+00:00,short,sell - stop_loss,65268.9,65921.589,2797343.49,-1.05,807.36
2024-04-02 15:00:00+00:00,short,buy,65742.0,,2795944.82,-0.05,807.31
2024-04-02 19:00:00+00:00,short,sell - direction_change,65742.0,65871.1,2789056.35,-0.25,807.06
2024-04-02 19:00:00+00:00,long,buy,65871.1,,2787661.82,-0.05,807.01
2024-04-02 20:00:00+00:00,long,sell - direction_change,65871.1,65946.8,2789471.61,0.06,807.08
2024-04-02 20:00:00+00:00,short,buy,65946.8,,2788076.87,-0.05,807.03
2024-04-02 21:00:00+00:00,short,sell - direction_change,65946.8,65678.0,2798047.07,0.36,807.39
2024-04-02 21:00:00+00:00,long,buy,65678.0,,2796648.05,-0.05,807.34
2024-04-03 00:32:00+00:00,long,sell - stop_loss,65678.0,65021.22,2767283.25,-1.05,806.29
2024-04-03 01:00:00+00:00,long,buy,65433.9,,2765899.6,-0.05,806.24
2024-04-03 15:00:00+00:00,long,sell - direction_change,65433.9,66662.5,2816449.74,1.83,808.06
2024-04-03 15:00:00+00:00,short,buy,66662.5,,2815041.51,-0.05,808.01
2024-04-03 16:00:00+00:00,short,sell - direction_change,66662.5,65873.9,2846935.2,1.13,809.15
2024-04-03 16:00:00+00:00,long,buy,65873.9,,2845511.73,-0.05,809.1
2024-04-03 21:00:00+00:00,long,sell - direction_change,65873.9,65729.4,2837847.1,-0.27,808.83
2024-04-03 21:00:00+00:00,short,buy,65729.4,,2836428.18,-0.05,808.78
2024-04-03 22:00:00+00:00,short,sell - direction_change,65729.4,65944.7,2825719.1,-0.38,808.4
2024-04-03 22:00:00+00:00,long,buy,65944.7,,2824306.24,-0.05,808.35
2024-04-03 23:00:00+00:00,long,sell - direction_change,65944.7,66157.5,2832007.97,0.27,808.62
2024-04-03 23:00:00+00:00,short,buy,66157.5,,2830591.97,-0.05,808.57
2024-04-04 00:00:00+00:00,short,sell - direction_change,66157.5,65971.8,2837121.97,0.23,808.8
2024-04-04 00:00:00+00:00,long,buy,65971.8,,2835703.41,-0.05,808.75
2024-04-04 02:00:00+00:00,long,sell - direction_change,65971.8,66150.1,2841949.53,0.22,808.97
2024-04-04 02:00:00+00:00,short,buy,66150.1,,2840528.55,-0.05,808.92
2024-04-04 07:00:00+00:00,short,sell - direction_change,66150.1,65788.4,2854639.92,0.5,809.42
2024-04-04 07:00:00+00:00,long,buy,65788.4,,2853212.6,-0.05,809.37
2024-04-04 14:11:00+00:00,long,sell - take_profit,65788.4,67762.052,2937382.37,2.95,812.32
2024-04-04 15:00:00+00:00,long,buy,67683.9,,2935913.68,-0.05,812.27
2024-04-05 05:18:00+00:00,long,sell - stop_loss,67683.9,67007.06099999999,2905086.59,-1.05,811.22
2024-04-05 06:00:00+00:00,long,buy,66907.3,,2903634.05,-0.05,811.17
2024-04-05 10:00:00+00:00,long,sell - direction_change,66907.3,66817.4,2898280.76,-0.18,810.99
2024-04-05 10:00:00+00:00,short,buy,66817.4,,2896831.62,-0.05,810.94
2024-04-05 13:00:00+00:00,short,sell - direction_change,66817.4,66894.9,2892023.24,-0.17,810.77
2024-04-05 13:00:00+00:00,long,buy,66894.9,,2890577.22,-0.05,810.72
2024-04-06 13:00:00+00:00,long,sell - direction_change,66894.9,67733.5,2925368.45,1.2,811.92
2024-04-06 13:00:00+00:00,short,buy,67733.5,,2923905.77,-0.05,811.87
2024-04-06 14:00:00+00:00,short,sell - direction_change,67733.5,67688.2,2924399.31,0.02,811.89
2024-04-06 14:00:00+00:00,long,buy,67688.2,,2922937.11,-0.05,811.84
2024-04-07 02:10:00+00:00,long,sell - take_profit,67688.2,69718.846,3009163.76,2.95,814.79
2024-04-07 03:00:00+00:00,long,buy,69309.3,,3007659.18,-0.05,814.74
2024-04-07 21:00:00+00:00,long,sell - direction_change,69309.3,69326.9,3006919.1,-0.02,814.72
2024-04-07 21:00:00+00:00,short,buy,69326.9,,3005415.64,-0.05,814.67
2024-04-07 22:00:00+00:00,short,sell - direction_change,69326.9,69049.3,3015947.27,0.35,815.02
2024-04-07 22:00:00+00:00,long,buy,69049.3,,3014439.29,-0.05,814.97
2024-04-08 02:00:00+00:00,long,sell - direction_change,69049.3,69458.1,3030778.78,0.54,815.51
2024-04-08 02:00:00+00:00,short,buy,69458.1,,3029263.39,-0.05,815.46
2024-04-08 03:00:00+00:00,short,sell - direction_change,69458.1,69253.3,3036680.67,0.24,815.7
2024-04-08 03:00:00+00:00,long,buy,69253.3,,3035162.33,-0.05,815.65
2024-04-08 04:00:00+00:00,long,sell - direction_change,69253.3,69485.0,3043799.45,0.28,815.94
2024-04-08 04:00:00+00:00,short,buy,69485.0,,3042277.55,-0.05,815.89
2024-04-08 05:00:00+00:00,short,sell - direction_change,69485.0,69403.8,3044311.61,0.07,815.95
2024-04-08 05:00:00+00:00,long,buy,69403.8,,3042789.46,-0.05,815.9
2024-04-08 08:16:00+00:00,long,sell - take_profit,69403.8,71485.914,3132551.75,2.95,818.85
2024-04-08 09:00:00+00:00,long,buy,72057.2,,3130985.47,-0.05,818.8
2024-04-08 14:47:00+00:00,long,sell - stop_loss,72057.2,71336.628,3098110.12,-1.05,817.75
2024-04-08 15:00:00+00:00,long,buy,71780.9,,3096561.07,-0.05,817.7
2024-04-09 01:06:00+00:00,long,sell - stop_loss,71780.9,71063.091,3064047.18,-1.05,816.65
2024-04-09 02:00:00+00:00,long,buy,71318.5,,3062515.15,-0.05,816.6
2024-04-09 06:00:00+00:00,long,sell - direction_change,71318.5,71110.5,3052052.09,-0.34,816.26
2024-04-09 06:00:00+00:00,short,buy,71110.5,,3050526.06,-0.05,816.21
2024-04-09 14:42:00+00:00,short,sell - take_profit,71110.5,68977.185,3140516.58,2.95,819.16
2024-04-09 15:00:00+00:00,short,buy,69416.0,,3138946.32,-0.05,819.11
2024-04-10 03:00:00+00:00,short,sell - direction_change,69416.0,68703.0,3169618.25,0.98,820.09
2024-04-10 03:00:00+00:00,long,buy,68703.0,,3168033.44,-0.05,820.04
2024-04-10 08:00:00+00:00,long,sell - direction_change,68703.0,69381.6,3197741.03,0.94,820.98
2024-04-10 08:00:00+00:00,short,buy,69381.6,,3196142.16,-0.05,820.93
2024-04-10 16:00:00+00:00,short,sell - direction_change,69381.6,68688.0,3226495.56,0.95,821.88
2024-04-10 16:00:00+00:00,long,buy,68688.0,,3224882.31,-0.05,821.83
2024-04-10 22:21:00+00:00,long,sell - take_profit,68688.0,70748.64,3320016.34,2.95,824.78
2024-04-10 23:00:00+00:00,long,buy,70584.3,,3318356.33,-0.05,824.73
2024-04-11 13:42:00+00:00,long,sell - stop_loss,70584.3,69878.45700000001,3283513.59,-1.05,823.68
2024-04-11 14:00:00+00:00,long,buy,70322.7,,3281871.83,-0.05,823.63
2024-04-11 14:59:00+00:00,long,sell - stop_loss,70322.7,69619.473,3247412.18,-1.05,822.58
2024-04-11 15:00:00+00:00,long,buy,69630.7,,3245788.47,-0.05,822.53
2024-04-11 21:00:00+00:00,long,sell - direction_change,69630.7,70547.6,3286906.26,1.27,823.79
2024-04-11 21:00:00+00:00,short,buy,70547.6,,3285262.81,-0.05,823.74
2024-04-12 00:00:00+00:00,short,sell - direction_change,70547.6,70055.6,3306531.64,0.65,824.39
2024-04-12 00:00:00+00:00,long,buy,70055.6,,3304878.38,-0.05,824.34
2024-04-12 14:51:00+00:00,long,sell - stop_loss,70055.6,69355.04400000001,3270177.16,-1.05,823.29
2024-04-12 15:00:00+00:00,short,buy,69289.6,,3268542.07,-0.05,823.24
2024-04-12 17:28:00+00:00,short,sell - take_profit,69289.6,67210.912,3364964.06,2.95,826.19
2024-04-12 18:00:00+00:00,short,buy,68191.3,,3363281.58,-0.05,826.14
2024-04-12 18:33:00+00:00,short,sell - take_profit,68191.3,66145.561,3462498.38,2.95,829.09
2024-04-12 19:00:00+00:00,short,buy,66522.7,,3460767.13,-0.05,829.04
2024-04-12 19:31:00+00:00,short,sell - stop_loss,66522.7,67187.927,3424429.08,-1.05,827.99
2024-04-12 20:00:00+00:00,short,buy,66867.6,,3422716.86,-0.05,827.94
2024-04-13 04:00:00+00:00,short,sell - direction_change,66867.6,67188.5,3404579.77,-0.53,827.41
2024-04-13 04:00:00+00:00,long,buy,67188.5,,3402877.48,-0.05,827.36
2024-04-13 17:00:00+00:00,long,sell - direction_change,67188.5,67450.6,3414450.54,0.34,827.7
2024-04-13 17:00:00+00:00,short,buy,67450.6,,3412743.32,-0.05,827.65
2024-04-13 19:53:00+00:00,short,sell - take_profit,67450.6,65427.082,3513419.25,2.95,830.6
2024-04-13 20:00:00+00:00,short,buy,64779.1,,3511662.54,-0.05,830.55
2024-04-13 20:07:00+00:00,short,sell - take_profit,64779.1,62835.727,3615256.58,2.95,833.5
2024-04-13 21:00:00+00:00,short,buy,61828.5,,3613448.95,-0.05,833.45
2024-04-13 21:02:00+00:00,short,sell - stop_loss,61828.5,62446.785,3575507.74,-1.05,832.4
2024-04-13 22:00:00+00:00,short,buy,62922.5,,3573719.99,-0.05,832.35
2024-04-13 22:33:00+00:00,short,sell - stop_loss,62922.5,63551.725,3536195.93,-1.05,831.3
2024-04-13 23:00:00+00:00,short,buy,64288.6,,3534427.83,-0.05,831.25
2024-04-13 23:05:00+00:00,short,sell - stop_loss,64288.6,64931.486,3497316.34,-1.05,830.2
2024-04-14 00:00:00+00:00,short,buy,63939.7,,3495567.68,-0.05,830.15
2024-04-14 06:29:00+00:00,short,sell - stop_loss,63939.7,64579.096999999994,3458864.22,-1.05,829.1
2024-04-14 07:00:00+00:00,long,buy,64633.7,,3457134.78,-0.05,829.05
2024-04-14 09:39:00+00:00,long,sell - stop_loss,64633.7,63987.363,3420834.87,-1.05,828.0
2024-04-14 10:00:00+00:00,long,buy,64119.2,,3419124.45,-0.05,827.95
2024-04-14 14:00:00+00:00,long,sell - direction_change,64119.2,64357.4,3430116.79,0.32,828.27
2024-04-14 14:00:00+00:00,short,buy,64357.4,,3428401.73,-0.05,828.22
2024-04-14 15:00:00+00:00,short,sell - direction_change,64357.4,63900.1,3451048.49,0.66,828.88
2024-04-14 15:00:00+00:00,long,buy,63900.1,,3449322.96,-0.05,828.83
2024-04-14 17:00:00+00:00,long,sell - direction_change,63900.1,64398.5,3474501.9,0.73,829.56
2024-04-14 17:00:00+00:00,short,buy,64398.5,,3472764.65,-0.05,829.51
2024-04-14 18:00:00+00:00,short,sell - direction_change,64398.5,63849.7,3500622.95,0.8,830.32
2024-04-14 18:00:00+00:00,long,buy,63849.7,,3498872.64,-0.05,830.27
2024-04-14 21:00:00+00:00,long,sell - direction_change,63849.7,63825.0,3495769.68,-0.09,830.18
2024-04-14 21:00:00+00:00,short,buy,63825.0,,3494021.79,-0.05,830.13
2024-04-14 22:00:00+00:00,short,sell - direction_change,63825.0,63652.8,3501701.66,0.22,830.35
2024-04-14 22:00:00+00:00,long,buy,63652.8,,3499950.81,-0.05,830.3
2024-04-14 23:20:00+00:00,long,sell - take_profit,63652.8,65562.384,3603199.36,2.95,833.25
2024-04-15 00:00:00+00:00,long,buy,65615.9,,3601397.76,-0.05,833.2
2024-04-15 02:41:00+00:00,long,sell - stop_loss,65615.9,64959.740999999995,3563583.08,-1.05,832.15
2024-04-15 03:00:00+00:00,long,buy,65102.6,,3561801.29,-0.05,832.1
2024-04-15 14:48:00+00:00,long,sell - stop_loss,65102.6,64451.574,3524402.38,-1.05,831.05
2024-04-15 15:00:00+00:00,short,buy,64221.4,,3522640.18,-0.05,831.0
2024-04-15 19:07:00+00:00,short,sell - take_profit,64221.4,62294.758,3626558.06,2.95,833.95
2024-04-15 20:00:00+00:00,short,buy,63269.9,,3624744.78,-0.05,833.9
2024-04-16 06:00:00+00:00,short,sell - direction_change,63269.9,62682.7,3656573.21,0.88,834.78
2024-04-16 06:00:00+00:00,long,buy,62682.7,,3654744.92,-0.05,834.73
2024-04-16 10:00:00+00:00,long,sell - direction_change,62682.7,63220.0,3684245.09,0.81,835.53
2024-04-16 10:00:00+00:00,short,buy,63220.0,,3682402.96,-0.05,835.48
2024-04-16 20:00:00+00:00,short,sell - direction_change,63220.0,62690.9,3711380.48,0.79,836.27
2024-04-16 20:00:00+00:00,long,buy,62690.9,,3709524.79,-0.05,836.22
2024-04-17 10:00:00+00:00,long,sell - direction_change,62690.9,63302.3,3743847.58,0.93,837.14
2024-04-17 10:00:00+00:00,short,buy,63302.3,,3741975.66,-0.05,837.09
2024-04-17 11:00:00+00:00,short,sell - direction_change,63302.3,62878.0,3765186.23,0.62,837.72
2024-04-17 11:00:00+00:00,long,buy,62878.0,,3763303.64,-0.05,837.67
2024-04-17 12:36:00+00:00,long,sell - stop_loss,62878.0,62249.22,3723788.95,-1.05,836.62
2024-04-17 13:00:00+00:00,short,buy,62286.4,,3721927.05,-0.05,836.57
2024-04-17 13:40:00+00:00,short,sell - stop_loss,62286.4,62909.264,3682846.82,-1.05,835.52
2024-04-17 14:00:00+00:00,short,buy,62606.5,,3681005.4,-0.05,835.47
2024-04-17 14:35:00+00:00,short,sell - take_profit,62606.5,60728.305,3789595.06,2.95,838.42
2024-04-17 15:00:00+00:00,short,buy,61263.2,,3787700.26,-0.05,838.37
2024-04-17 18:23:00+00:00,short,sell - stop_loss,61263.2,61875.831999999995,3747929.4,-1.05,837.32
2024-04-17 19:00:00+00:00,short,buy,61419.4,,3746055.44,-0.05,837.27
2024-04-18 02:00:00+00:00,short,sell - direction_change,61419.4,61618.8,3732020.73,-0.37,836.89
2024-04-18 02:00:00+00:00,long,buy,61618.8,,3730154.72,-0.05,836.84
2024-04-18 05:00:00+00:00,long,sell - direction_change,61618.8,61613.8,3727986.96,-0.06,836.78
2024-04-18 05:00:00+00:00,short,buy,61613.8,,3726122.97,-0.05,836.73
2024-04-18 09:00:00+00:00,short,sell - direction_change,61613.8,61313.7,3742408.59,0.44,837.17
2024-04-18 09:00:00+00:00,long,buy,61313.7,,3740537.39,-0.05,837.12
2024-04-18 14:10:00+00:00,long,sell - take_profit,61313.7,63153.111,3850883.24,2.95,840.07
2024-04-18 15:00:00+00:00,long,buy,63778.3,,3848957.8,-0.05,840.02
2024-04-18 17:41:00+00:00,long,sell - stop_loss,63778.3,63140.517,3808543.74,-1.05,838.97
2024-04-18 18:00:00+00:00,long,buy,62755.1,,3806639.47,-0.05,838.92
2024-04-19 01:14:00+00:00,long,sell - stop_loss,62755.1,62127.549,3766669.75,-1.05,837.87
2024-04-19 02:00:00+00:00,short,buy,61000.0,,3764786.42,-0.05,837.82
2024-04-19 03:14:00+00:00,short,sell - stop_loss,61000.0,61610.0,3725256.16,-1.05,836.77
2024-04-19 04:00:00+00:00,long,buy,61757.1,,3723393.53,-0.05,836.72
2024-04-19 06:44:00+00:00,long,sell - take_profit,61757.1,63609.813,3833233.64,2.95,839.67
2024-04-19 07:00:00+00:00,long,buy,64595.9,,3831317.03,-0.05,839.62
2024-04-19 14:27:00+00:00,long,sell - stop_loss,64595.9,63949.941,3791088.2,-1.05,838.57
2024-04-19 15:00:00+00:00,long,buy,64426.2,,3789192.65,-0.05,838.52
2024-04-19 16:20:00+00:00,long,sell - stop_loss,64426.2,63781.937999999995,3749406.13,-1.05,837.47
2024-04-19 17:00:00+00:00,long,buy,63985.9,,3747531.43,-0.05,837.42
2024-04-19 23:02:00+00:00,long,sell - stop_loss,63985.9,63346.041,3708182.35,-1.05,836.37
2024-04-20 00:00:00+00:00,long,buy,63787.4,,3706328.26,-0.05,836.32
2024-04-20 01:03:00+00:00,long,sell - stop_loss,63787.4,63149.526,3667411.81,-1.05,835.27
2024-04-20 02:00:00+00:00,long,buy,63623.7,,3665578.1,-0.05,835.22
2024-04-20 08:00:00+00:00,long,sell - direction_change,63623.7,63938.0,3681853.21,0.44,835.66
2024-04-20 08:00:00+00:00,short,buy,63938.0,,3680012.28,-0.05,835.61
2024-04-20 10:00:00+00:00,short,sell - direction_change,63938.0,63583.4,3698581.61,0.5,836.12
2024-04-20 10:00:00+00:00,long,buy,63583.4,,3696732.32,-0.05,836.07
2024-04-20 12:00:00+00:00,long,sell - direction_change,63583.4,63688.7,3701006.09,0.12,836.18
2024-04-20 12:00:00+00:00,short,buy,63688.7,,3699155.59,-0.05,836.13
2024-04-20 15:00:00+00:00,short,sell - direction_change,63688.7,63905.9,3684690.64,-0.39,835.74
2024-04-20 15:00:00+00:00,long,buy,63905.9,,3682848.29,-0.05,835.69
2024-04-21 13:00:00+00:00,long,sell - direction_change,63905.9,64976.4,3742698.97,1.63,837.32
2024-04-21 13:00:00+00:00,short,buy,64976.4,,3740827.62,-0.05,837.27
2024-04-21 14:00:00+00:00,short,sell - direction_change,64976.4,64850.2,3746222.8,0.14,837.41
2024-04-21 14:00:00+00:00,long,buy,64850.2,,3744349.69,-0.05,837.36
2024-04-21 16:00:00+00:00,long,sell - direction_change,64850.2,65014.9,3751987.04,0.2,837.57
2024-04-21 16:00:00+00:00,short,buy,65014.9,,3750111.04,-0.05,837.52
2024-04-21 22:00:00+00:00,short,sell - direction_change,65014.9,64632.2,3770310.43,0.54,838.05
2024-04-21 22:00:00+00:00,long,buy,64632.2,,3768425.27,-0.05,838.0
2024-04-22 01:00:00+00:00,long,sell - direction_change,64632.2,64873.2,3780592.73,0.32,838.33
2024-04-22 01:00:00+00:00,short,buy,64873.2,,3778702.44,-0.05,838.28
2024-04-22 01:21:00+00:00,short,sell - stop_loss,64873.2,65521.932,3739026.06,-1.05,837.23
2024-04-22 02:00:00+00:00,short,buy,64634.4,,3737156.55,-0.05,837.18
2024-04-22 03:00:00+00:00,short,sell - direction_change,64634.4,64774.2,3727204.74,-0.27,836.91
2024-04-22 03:00:00+00:00,long,buy,64774.2,,3725341.14,-0.05,836.86
2024-04-22 17:28:00+00:00,long,sell - take_profit,64774.2,66717.42599999999,3835238.7,2.95,839.81
2024-04-22 18:00:00+00:00,long,buy,66507.2,,3833321.08,-0.05,839.76
2024-04-23 07:00:00+00:00,long,sell - direction_change,66507.2,66351.0,3822401.42,-0.28,839.48
2024-04-23 07:00:00+00:00,short,buy,66351.0,,3820490.22,-0.05,839.43
2024-04-23 13:00:00+00:00,short,sell - direction_change,66351.0,66115.0,3832168.85,0.31,839.73
2024-04-23 13:00:00+00:00,long,buy,66115.0,,3830252.77,-0.05,839.68
2024-04-23 20:00:00+00:00,long,sell - direction_change,66115.0,66455.9,3848087.06,0.47,840.15
2024-04-23 20:00:00+00:00,short,buy,66455.9,,3846163.02,-0.05,840.1
2024-04-23 21:00:00+00:00,short,sell - direction_change,66455.9,66316.3,3852319.35,0.16,840.26
2024-04-23 21:00:00+00:00,long,buy,66316.3,,3850393.19,-0.05,840.21
2024-04-23 23:00:00+00:00,long,sell - direction_change,66316.3,66334.0,3849495.67,-0.02,840.18
2024-04-23 23:00:00+00:00,short,buy,66334.0,,3847570.92,-0.05,840.13
2024-04-24 00:00:00+00:00,short,sell - direction_change,66334.0,66386.2,3842619.38,-0.13,840.01
2024-04-24 00:00:00+00:00,long,buy,66386.2,,3840698.07,-0.05,839.96
2024-04-24 09:00:00+00:00,long,sell - direction_change,66386.2,66506.1,3845714.4,0.13,840.09
2024-04-24 09:00:00+00:00,short,buy,66506.1,,3843791.54,-0.05,840.04
2024-04-24 15:44:00+00:00,short,sell - take_profit,66506.1,64510.917,3957183.39,2.95,842.99
2024-04-24 16:00:00+00:00,short,buy,64593.5,,3955204.8,-0.05,842.94
2024-04-25 04:00:00+00:00,short,sell - direction_change,64593.5,64259.9,3973654.28,0.47,843.4
2024-04-25 04:00:00+00:00,long,buy,64259.9,,3971667.45,-0.05,843.35
2024-04-25 05:00:00+00:00,long,sell - direction_change,64259.9,64315.4,3973111.87,0.04,843.39
2024-04-25 05:00:00+00:00,short,buy,64315.4,,3971125.31,-0.05,843.34
2024-04-25 06:00:00+00:00,short,sell - direction_change,64315.4,64190.7,3976839.29,0.14,843.48
2024-04-25 06:00:00+00:00,long,buy,64190.7,,3974850.87,-0.05,843.43
2024-04-25 07:00:00+00:00,long,sell - direction_change,64190.7,64260.5,3977185.64,0.06,843.49
2024-04-25 07:00:00+00:00,short,buy,64260.5,,3975197.05,-0.05,843.44
2024-04-25 16:00:00+00:00,short,sell - direction_change,64260.5,64091.6,3983657.71,0.21,843.65
2024-04-25 16:00:00+00:00,long,buy,64091.6,,3981665.88,-0.05,843.6
2024-04-26 04:00:00+00:00,long,sell - direction_change,64091.6,64359.6,3996324.45,0.37,843.97
2024-04-26 04:00:00+00:00,short,buy,64359.6,,3994326.29,-0.05,843.92
2024-04-26 05:00:00+00:00,short,sell - direction_change,64359.6,64187.1,4003034.93,0.22,844.14
2024-04-26 05:00:00+00:00,long,buy,64187.1,,4001033.41,-0.05,844.09
2024-04-26 10:00:00+00:00,long,sell - direction_change,64187.1,64454.1,4015676.05,0.37,844.46
2024-04-26 10:00:00+00:00,short,buy,64454.1,,4013668.21,-0.05,844.41
2024-04-26 13:00:00+00:00,short,sell - direction_change,64454.1,64114.5,4032808.86,0.48,844.88
2024-04-26 13:00:00+00:00,long,buy,64114.5,,4030792.45,-0.05,844.83
2024-04-26 14:00:00+00:00,long,sell - direction_change,64114.5,64465.4,4050837.67,0.5,845.33
2024-04-26 14:00:00+00:00,short,buy,64465.4,,4048812.25,-0.05,845.28
2024-04-27 01:17:00+00:00,short,sell - take_profit,64465.4,62531.438,4168252.21,2.95,848.23
2024-04-27 02:00:00+00:00,short,buy,62565.0,,4166168.08,-0.05,848.18
2024-04-27 02:31:00+00:00,short,sell - stop_loss,62565.0,63190.65,4122423.32,-1.05,847.13
2024-04-27 03:00:00+00:00,short,buy,62888.3,,4120362.11,-0.05,847.08
2024-04-27 13:00:00+00:00,short,sell - direction_change,62888.3,63008.4,4110433.13,-0.24,846.84
2024-04-27 13:00:00+00:00,long,buy,63008.4,,4108377.91,-0.05,846.79
2024-04-27 15:00:00+00:00,long,sell - direction_change,63008.4,63101.8,4112413.74,0.1,846.89
2024-04-27 15:00:00+00:00,short,buy,63101.8,,4110357.53,-0.05,846.84
2024-04-27 17:00:00+00:00,short,sell - direction_change,63101.8,62712.9,4133634.72,0.57,847.4
2024-04-27 17:00:00+00:00,long,buy,62712.9,,4131567.91,-0.05,847.35
2024-04-28 11:00:00+00:00,long,sell - direction_change,62712.9,63663.7,4192141.46,1.47,848.82
2024-04-28 11:00:00+00:00,short,buy,63663.7,,4190045.39,-0.05,848.77
2024-04-28 13:00:00+00:00,short,sell - direction_change,63663.7,63547.7,4195584.95,0.13,848.9
2024-04-28 13:00:00+00:00,long,buy,63547.7,,4193487.15,-0.05,848.85
2024-04-28 14:00:00+00:00,long,sell - direction_change,63547.7,63740.2,4204093.41,0.25,849.11
2024-04-28 14:00:00+00:00,short,buy,63740.2,,4201991.36,-0.05,849.06
2024-04-28 16:00:00+00:00,short,sell - direction_change,63740.2,63508.5,4215164.89,0.31,849.37
2024-04-28 16:00:00+00:00,long,buy,63508.5,,4213057.31,-0.05,849.32
2024-04-28 20:00:00+00:00,long,sell - direction_change,63508.5,63688.9,4222918.24,0.23,849.55
2024-04-28 20:00:00+00:00,short,buy,63688.9,,4220806.78,-0.05,849.5
2024-04-28 21:00:00+00:00,short,sell - direction_change,63688.9,63654.7,4220962.89,0.0,849.51
2024-04-28 21:00:00+00:00,long,buy,63654.7,,4218852.41,-0.05,849.46
2024-04-28 22:00:00+00:00,long,sell - direction_change,63654.7,63640.9,4215828.36,-0.07,849.39
2024-04-28 22:00:00+00:00,short,buy,63640.9,,4213720.44,-0.05,849.34
2024-04-29 13:50:00+00:00,short,sell - take_profit,63640.9,61731.673,4338025.2,2.95,852.29
2024-04-29 14:00:00+00:00,long,buy,61990.1,,4335856.18,-0.05,852.24
2024-04-29 22:32:00+00:00,long,sell - take_profit,61990.1,63849.803,4463763.94,2.95,855.19
2024-04-29 23:00:00+00:00,long,buy,63860.1,,4461532.06,-0.05,855.14
2024-04-30 02:03:00+00:00,long,sell - stop_loss,63860.1,63221.498999999996,4414685.97,-1.05,854.09
2024-04-30 03:00:00+00:00,long,buy,63754.1,,4412478.63,-0.05,854.04
2024-04-30 05:37:00+00:00,long,sell - stop_loss,63754.1,63116.559,4366147.6,-1.05,852.99
2024-04-30 06:00:00+00:00,long,buy,63296.0,,4363964.53,-0.05,852.94
2024-04-30 08:00:00+00:00,long,sell - direction_change,63296.0,63123.7,4349903.27,-0.32,852.61
2024-04-30 08:00:00+00:00,short,buy,63123.7,,4347728.31,-0.05,852.56
2024-04-30 11:29:00+00:00,short,sell - take_profit,63123.7,61229.988999999994,4475986.3,2.95,855.51
2024-04-30 12:00:00+00:00,short,buy,61182.3,,4473748.31,-0.05,855.46
2024-04-30 19:57:00+00:00,short,sell - take_profit,61182.3,59346.831,4605723.88,2.95,858.41
2024-04-30 20:00:00+00:00,short,buy,59276.1,,4603421.02,-0.05,858.36
2024-04-30 20:06:00+00:00,short,sell - stop_loss,59276.1,59868.861,4555085.1,-1.05,857.31
2024-04-30 21:00:00+00:00,short,buy,59931.9,,4552807.56,-0.05,857.26
2024-04-30 22:25:00+00:00,short,sell - stop_loss,59931.9,60531.219000000005,4505003.08,-1.05,856.21
2024-04-30 23:00:00+00:00,short,buy,60560.9,,4502750.57,-0.05,856.16
2024-05-01 07:08:00+00:00,short,sell - take_profit,60560.9,58744.073,4635581.72,2.95,859.11
2024-05-01 08:00:00+00:00,short,buy,57482.0,,4633263.93,-0.05,859.06
2024-05-01 12:10:00+00:00,short,sell - stop_loss,57482.0,58056.82,4584614.65,-1.05,858.01
2024-05-01 13:00:00+00:00,short,buy,57946.3,,4582322.35,-0.05,857.96
2024-05-01 18:40:00+00:00,short,sell - stop_loss,57946.3,58525.763000000006,4534207.96,-1.05,856.91
2024-05-01 19:00:00+00:00,short,buy,58884.4,,4531940.86,-0.05,856.86
2024-05-01 19:34:00+00:00,short,sell - take_profit,58884.4,57117.868,4665633.11,2.95,859.81
2024-05-01 20:00:00+00:00,short,buy,56935.7,,4663300.3,-0.05,859.76
2024-05-01 20:46:00+00:00,short,sell - stop_loss,56935.7,57505.057,4614335.64,-1.05,858.71
2024-05-01 21:00:00+00:00,long,buy,57334.1,,4612028.48,-0.05,858.66
2024-05-01 22:00:00+00:00,long,sell - direction_change,57334.1,57888.0,4654278.89,0.92,859.58
2024-05-01 22:00:00+00:00,short,buy,57888.0,,4651951.75,-0.05,859.53
2024-05-01 23:41:00+00:00,short,sell - stop_loss,57888.0,58466.88,4603106.26,-1.05,858.48
2024-05-02 00:00:00+00:00,long,buy,58307.7,,4600804.7,-0.05,858.43
2024-05-02 00:42:00+00:00,long,sell - stop_loss,58307.7,57724.623,4552496.25,-1.05,857.38
2024-05-02 01:00:00+00:00,short,buy,57736.4,,4550220.0,-0.05,857.33
2024-05-02 09:00:00+00:00,short,sell - direction_change,57736.4,57804.6,4542570.04,-0.17,857.16
2024-05-02 09:00:00+00:00,long,buy,57804.6,,4540298.75,-0.05,857.11
2024-05-02 18:49:00+00:00,long,sell - take_profit,57804.6,59538.738,4674237.56,2.95,860.06
2024-05-02 19:00:00+00:00,long,buy,59354.1,,4671900.45,-0.05,860.01
2024-05-02 20:38:00+00:00,long,sell - stop_loss,59354.1,58760.559,4622845.49,-1.05,858.96
2024-05-02 21:00:00+00:00,long,buy,58691.3,,4620534.07,-0.05,858.91
2024-05-03 12:44:00+00:00,long,sell - take_profit,58691.3,60452.039000000004,4756839.82,2.95,861.86
2024-05-03 13:00:00+00:00,long,buy,60604.7,,4754461.4,-0.05,861.81
2024-05-03 20:15:00+00:00,long,sell - take_profit,60604.7,62422.841,4894718.01,2.95,864.76
2024-05-03 21:00:00+00:00,long,buy,62880.0,,4892270.66,-0.05,864.71
2024-05-05 01:00:00+00:00,long,sell - direction_change,62880.0,63480.0,4936506.49,0.9,865.62
2024-05-05 01:00:00+00:00,short,buy,63480.0,,4934038.24,-0.05,865.57
2024-05-05 07:00:00+00:00,short,sell - direction_change,63480.0,63345.1,4942056.44,0.16,865.73
2024-05-05 07:00:00+00:00,long,buy,63345.1,,4939585.41,-0.05,865.68
2024-05-06 03:00:00+00:00,long,sell - direction_change,63345.1,63788.1,4971660.3,0.65,866.33
2024-05-06 03:00:00+00:00,short,buy,63788.1,,4969174.47,-0.05,866.28
2024-05-06 04:00:00+00:00,short,sell - direction_change,63788.1,63830.0,4963425.82,-0.12,866.16
2024-05-06 04:00:00+00:00,long,buy,63830.0,,4960944.11,-0.05,866.11
2024-05-06 10:00:00+00:00,long,sell - direction_change,63830.0,65133.7,5059788.76,1.99,868.1
2024-05-06 10:00:00+00:00,short,buy,65133.7,,5057258.87,-0.05,868.05
2024-05-06 11:00:00+00:00,short,sell - direction_change,65133.7,63981.9,5144160.91,1.72,869.77
2024-05-06 11:00:00+00:00,long,buy,63981.9,,5141588.83,-0.05,869.72
2024-05-06 12:55:00+00:00,long,sell - stop_loss,63981.9,63342.081,5087602.15,-1.05,868.67
2024-05-06 13:00:00+00:00,long,buy,63579.9,,5085058.35,-0.05,868.62
2024-05-06 14:00:00+00:00,long,sell - direction_change,63579.9,63855.9,5104590.03,0.38,869.01
2024-05-06 14:00:00+00:00,short,buy,63855.9,,5102037.73,-0.05,868.96
2024-05-07 01:00:00+00:00,short,sell - direction_change,63855.9,63511.1,5127035.97,0.49,869.45
2024-05-07 01:00:00+00:00,long,buy,63511.1,,5124472.45,-0.05,869.4
2024-05-07 03:29:00+00:00,long,sell - stop_loss,63511.1,62875.989,5070665.49,-1.05,868.35
2024-05-07 04:00:00+00:00,long,buy,63204.1,,5068130.16,-0.05,868.3
2024-05-07 17:00:00+00:00,long,sell - direction_change,63204.1,63613.0,5098384.45,0.6,868.89
2024-05-07 17:00:00+00:00,short,buy,63613.0,,5095835.26,-0.05,868.84
2024-05-08 17:00:00+00:00,short,sell - direction_change,63613.0,62419.0,5188934.89,1.83,870.67
2024-05-08 17:00:00+00:00,long,buy,62419.0,,5186340.42,-0.05,870.62
2024-05-08 19:00:00+00:00,long,sell - direction_change,62419.0,62490.7,5189704.74,0.06,870.69
2024-05-08 19:00:00+00:00,short,buy,62490.7,,5187109.89,-0.05,870.64
2024-05-09 11:03:00+00:00,short,sell - take_profit,62490.7,60615.97899999999,5340129.63,2.95,873.59
2024-05-09 12:00:00+00:00,short,buy,61033.0,,5337459.56,-0.05,873.54
2024-05-09 14:00:00+00:00,short,sell - direction_change,61033.0,61165.4,5323212.19,-0.27,873.27
2024-05-09 14:00:00+00:00,long,buy,61165.4,,5320550.58,-0.05,873.22
2024-05-09 22:47:00+00:00,long,sell - take_profit,61165.4,63000.362,5477506.82,2.95,876.17
2024-05-09 23:00:00+00:00,long,buy,63252.7,,5474768.07,-0.05,876.12
2024-05-10 14:00:00+00:00,long,sell - direction_change,63252.7,62977.5,5448211.05,-0.49,875.63
2024-05-10 14:00:00+00:00,short,buy,62977.5,,5445486.94,-0.05,875.58
2024-05-10 14:52:00+00:00,short,sell - take_profit,62977.5,61088.174999999996,5606128.81,2.95,878.53
2024-05-10 15:00:00+00:00,short,buy,61034.7,,5603325.74,-0.05,878.48
2024-05-11 13:00:00+00:00,short,sell - direction_change,61034.7,60681.0,5632995.71,0.53,879.01
2024-05-11 13:00:00+00:00,long,buy,60681.0,,5630179.22,-0.05,878.96
2024-05-11 14:00:00+00:00,long,sell - direction_change,60681.0,60939.1,5651311.48,0.38,879.34
2024-05-11 14:00:00+00:00,short,buy,60939.1,,5648485.82,-0.05,879.29
2024-05-11 15:00:00+00:00,short,sell - direction_change,60939.1,60806.1,5657989.44,0.17,879.46
2024-05-11 15:00:00+00:00,long,buy,60806.1,,5655160.44,-0.05,879.41
2024-05-11 23:00:00+00:00,long,sell - direction_change,60806.1,60879.8,5659187.2,0.07,879.48
2024-05-11 23:00:00+00:00,short,buy,60879.8,,5656357.6,-0.05,879.43
2024-05-12 00:00:00+00:00,short,sell - direction_change,60879.8,60809.2,5660088.89,0.07,879.49
2024-05-12 00:00:00+00:00,long,buy,60809.2,,5657258.84,-0.05,879.44
2024-05-12 01:00:00+00:00,long,sell - direction_change,60809.2,60951.9,5667706.02,0.18,879.63
2024-05-12 01:00:00+00:00,short,buy,60951.9,,5664872.16,-0.05,879.58
2024-05-12 04:00:00+00:00,short,sell - direction_change,60951.9,60902.6,5666621.67,0.03,879.61
2024-05-12 04:00:00+00:00,long,buy,60902.6,,5663788.36,-0.05,879.56
2024-05-12 05:00:00+00:00,long,sell - direction_change,60902.6,61065.4,5676096.46,0.22,879.78
2024-05-12 05:00:00+00:00,short,buy,61065.4,,5673258.41,-0.05,879.73
2024-05-12 08:00:00+00:00,short,sell - direction_change,61065.4,60803.8,5694725.63,0.38,880.1
2024-05-12 08:00:00+00:00,long,buy,60803.8,,5691878.27,-0.05,880.05
2024-05-13 02:00:00+00:00,long,sell - direction_change,60803.8,61394.0,5744281.28,0.92,880.98
2024-05-13 02:00:00+00:00,short,buy,61394.0,,5741409.14,-0.05,880.93
2024-05-13 06:00:00+00:00,short,sell - direction_change,61394.0,60837.8,5790552.83,0.86,881.78
2024-05-13 06:00:00+00:00,long,buy,60837.8,,5787657.56,-0.05,881.73
2024-05-13 08:15:00+00:00,long,sell - take_profit,60837.8,62662.934,5958393.46,2.95,884.68
2024-05-13 09:00:00+00:00,long,buy,62749.4,,5955414.26,-0.05,884.63
2024-05-14 02:00:00+00:00,long,sell - direction_change,62749.4,62627.3,5940848.3,-0.24,884.39
2024-05-14 02:00:00+00:00,short,buy,62627.3,,5937877.87,-0.05,884.34
2024-05-15 03:00:00+00:00,short,sell - direction_change,62627.3,61738.1,6019216.59,1.37,885.71
2024-05-15 03:00:00+00:00,long,buy,61738.1,,6016206.98,-0.05,885.66
2024-05-15 04:00:00+00:00,long,sell - direction_change,61738.1,61923.2,6031236.36,0.25,885.91
2024-05-15 04:00:00+00:00,short,buy,61923.2,,6028220.74,-0.05,885.86
2024-05-15 05:00:00+00:00,short,sell - direction_change,61923.2,61875.1,6029889.17,0.03,885.88
2024-05-15 05:00:00+00:00,long,buy,61875.1,,6026874.22,-0.05,885.83
2024-05-15 12:30:00+00:00,long,sell - take_profit,61875.1,63731.353,6204667.01,2.95,888.78
2024-05-15 13:00:00+00:00,long,buy,63735.1,,6201564.68,-0.05,888.73
2024-05-15 18:57:00+00:00,long,sell - take_profit,63735.1,65647.153,6384510.84,2.95,891.68
2024-05-15 19:00:00+00:00,long,buy,65685.1,,6381318.58,-0.05,891.63
2024-05-16 16:00:00+00:00,long,sell - direction_change,65685.1,65800.0,6389290.48,0.12,891.76
2024-05-16 16:00:00+00:00,short,buy,65800.0,,6386095.83,-0.05,891.71
2024-05-17 03:00:00+00:00,short,sell - direction_change,65800.0,65351.4,6426440.82,0.63,892.34
2024-05-17 03:00:00+00:00,long,buy,65351.4,,6423227.6,-0.05,892.29
2024-05-17 04:00:00+00:00,long,sell - direction_change,65351.4,65545.1,6439054.28,0.25,892.54
2024-05-17 04:00:00+00:00,short,buy,65545.1,,6435834.75,-0.05,892.49
2024-05-17 05:00:00+00:00,short,sell - direction_change,65545.1,65422.8,6444625.4,0.14,892.62
2024-05-17 05:00:00+00:00,long,buy,65422.8,,6441403.08,-0.05,892.57
2024-05-17 15:30:00+00:00,long,sell - take_profit,65422.8,67385.48400000001,6631424.48,2.95,895.52
2024-05-17 16:00:00+00:00,long,buy,67169.9,,6628108.76,-0.05,895.47
2024-05-17 18:01:00+00:00,long,sell - stop_loss,67169.9,66498.20099999999,6558513.62,-1.05,894.42
2024-05-17 19:00:00+00:00,long,buy,66785.7,,6555234.36,-0.05,894.37
2024-05-18 14:00:00+00:00,long,sell - direction_change,66785.7,66831.4,6556442.35,0.02,894.39
2024-05-18 14:00:00+00:00,short,buy,66831.4,,6553164.13,-0.05,894.34
2024-05-18 20:00:00+00:00,short,sell - direction_change,66831.4,66881.8,6544945.57,-0.13,894.22
2024-05-18 20:00:00+00:00,long,buy,66881.8,,6541673.09,-0.05,894.17
2024-05-18 21:00:00+00:00,long,sell - direction_change,66881.8,66934.0,6543507.91,0.03,894.19
2024-05-18 21:00:00+00:00,short,buy,66934.0,,6540236.16,-0.05,894.14
2024-05-18 23:00:00+00:00,short,sell - direction_change,66934.0,66890.0,6541265.36,0.02,894.16
2024-05-18 23:00:00+00:00,long,buy,66890.0,,6537994.72,-0.05,894.11
2024-05-19 00:00:00+00:00,long,sell - direction_change,66890.0,66884.9,6534227.24,-0.06,894.05
2024-05-19 00:00:00+00:00,short,buy,66884.9,,6530960.13,-0.05,894.0
2024-05-19 01:00:00+00:00,short,sell - direction_change,66884.9,66883.0,6527880.17,-0.05,893.96
2024-05-19 01:00:00+00:00,long,buy,66883.0,,6524616.23,-0.05,893.91
2024-05-19 12:00:00+00:00,long,sell - direction_change,66883.0,67303.4,6562365.07,0.58,894.48
2024-05-19 12:00:00+00:00,short,buy,67303.4,,6559083.89,-0.05,894.43
2024-05-19 13:00:00+00:00,short,sell - direction_change,67303.4,66798.9,6604970.63,0.7,895.13
2024-05-19 13:00:00+00:00,long,buy,66798.9,,6601668.14,-0.05,895.08
2024-05-19 14:00:00+00:00,long,sell - direction_change,66798.9,67010.5,6619279.52,0.27,895.35
2024-05-19 14:00:00+00:00,short,buy,67010.5,,6615969.88,-0.05,895.3
2024-05-20 04:00:00+00:00,short,sell - direction_change,67010.5,66643.0,6648945.3,0.5,895.8
2024-05-20 04:00:00+00:00,long,buy,66643.0,,6645620.83,-0.05,895.75
2024-05-20 06:00:00+00:00,long,sell - direction_change,66643.0,67107.5,6688617.82,0.65,896.4
2024-05-20 06:00:00+00:00,short,buy,67107.5,,6685273.52,-0.05,896.35
2024-05-20 07:00:00+00:00,short,sell - direction_change,67107.5,66372.5,6755151.85,1.05,897.39
2024-05-20 07:00:00+00:00,long,buy,66372.5,,6751774.27,-0.05,897.34
2024-05-20 17:12:00+00:00,long,sell - take_profit,66372.5,68363.675,6950951.61,2.95,900.29
2024-05-20 18:00:00+00:00,long,buy,68294.6,,6947476.13,-0.05,900.24
2024-05-20 20:00:00+00:00,long,sell - take_profit,68294.6,70343.43800000001,7152426.68,2.95,903.19
2024-05-20 21:00:00+00:00,long,buy,69490.0,,7148850.47,-0.05,903.14
2024-05-20 23:28:00+00:00,long,sell - take_profit,69490.0,71574.7,7359741.56,2.95,906.09
2024-05-21 00:00:00+00:00,long,buy,71466.5,,7356061.69,-0.05,906.04
2024-05-21 01:25:00+00:00,long,sell - stop_loss,71466.5,70751.835,7278823.04,-1.05,904.99
2024-05-21 02:00:00+00:00,long,buy,71124.8,,7275183.63,-0.05,904.94
2024-05-21 14:28:00+00:00,long,sell - stop_loss,71124.8,70413.552,7198794.2,-1.05,903.89
2024-05-21 15:00:00+00:00,long,buy,70247.0,,7195194.8,-0.05,903.84
2024-05-21 16:00:00+00:00,long,sell - direction_change,70247.0,69874.8,7153473.85,-0.58,903.26
2024-05-21 16:00:00+00:00,short,buy,69874.8,,7149897.11,-0.05,903.21
2024-05-22 01:00:00+00:00,short,sell - direction_change,69874.8,70133.5,7119850.84,-0.42,902.79
2024-05-22 01:00:00+00:00,long,buy,70133.5,,7116290.91,-0.05,902.74
2024-05-22 02:00:00+00:00,long,sell - direction_change,70133.5,70200.0,7119480.37,0.04,902.79
2024-05-22 02:00:00+00:00,short,buy,70200.0,,7115920.63,-0.05,902.74
2024-05-22 03:00:00+00:00,short,sell - direction_change,70200.0,70042.0,7128378.56,0.18,902.91
2024-05-22 03:00:00+00:00,long,buy,70042.0,,7124814.37,-0.05,902.86
2024-05-22 04:00:00+00:00,long,sell - direction_change,70042.0,70001.9,7117172.91,-0.11,902.75
2024-05-22 04:00:00+00:00,short,buy,70001.9,,7113614.33,-0.05,902.7
2024-05-22 06:00:00+00:00,short,sell - direction_change,70001.9,69956.5,7114671.08,0.01,902.72
2024-05-22 06:00:00+00:00,long,buy,69956.5,,7111113.75,-0.05,902.67
2024-05-22 07:00:00+00:00,long,sell - direction_change,69956.5,69925.0,7104356.2,-0.1,902.57
2024-05-22 07:00:00+00:00,short,buy,69925.0,,7100804.02,-0.05,902.52
2024-05-22 14:00:00+00:00,short,sell - direction_change,69925.0,69626.1,7127606.57,0.38,902.9
2024-05-22 14:00:00+00:00,long,buy,69626.1,,7124042.77,-0.05,902.85
2024-05-22 18:00:00+00:00,long,sell - direction_change,69626.1,69890.2,7147503.08,0.33,903.18
2024-05-22 18:00:00+00:00,short,buy,69890.2,,7143929.33,-0.05,903.13
2024-05-23 07:00:00+00:00,short,sell - direction_change,69890.2,69591.7,7170868.98,0.38,903.51
2024-05-23 07:00:00+00:00,long,buy,69591.7,,7167283.55,-0.05,903.46
2024-05-23 12:00:00+00:00,long,sell - direction_change,69591.7,70019.4,7207748.94,0.56,904.02
2024-05-23 12:00:00+00:00,short,buy,70019.4,,7204145.06,-0.05,903.97
2024-05-23 13:50:00+00:00,short,sell - take_profit,70019.4,67918.818,7416667.34,2.95,906.92
2024-05-23 14:00:00+00:00,short,buy,68062.8,,7412959.01,-0.05,906.87
2024-05-24 02:00:00+00:00,short,sell - direction_change,68062.8,67761.3,7442089.96,0.39,907.27
2024-05-24 02:00:00+00:00,long,buy,67761.3,,7438368.91,-0.05,907.22
2024-05-24 06:00:00+00:00,long,sell - direction_change,67761.3,67318.3,7386020.24,-0.7,906.51
2024-05-24 06:00:00+00:00,short,buy,67318.3,,7382327.23,-0.05,906.46
2024-05-24 11:00:00+00:00,short,sell - direction_change,67318.3,67381.3,7371727.29,-0.14,906.32
2024-05-24 11:00:00+00:00,long,buy,67381.3,,7368041.43,-0.05,906.27
2024-05-24 12:00:00+00:00,long,sell - direction_change,67381.3,67383.3,7364576.11,-0.05,906.22
2024-05-24 12:00:00+00:00,short,buy,67383.3,,7360893.82,-0.05,906.17
2024-05-24 14:00:00+00:00,short,sell - direction_change,67383.3,67105.7,7387538.16,0.36,906.53
2024-05-24 14:00:00+00:00,long,buy,67105.7,,7383844.39,-0.05,906.48
2024-05-24 18:05:00+00:00,long,sell - take_profit,67105.7,69118.871,7601667.8,2.95,909.43
2024-05-24 19:00:00+00:00,long,buy,68982.0,,7597866.96,-0.05,909.38
2024-05-26 02:00:00+00:00,long,sell - direction_change,68982.0,69180.5,7615931.37,0.24,909.62
2024-05-26 02:00:00+00:00,short,buy,69180.5,,7612123.4,-0.05,909.57
2024-05-26 03:00:00+00:00,short,sell - direction_change,69180.5,68925.1,7636419.71,0.32,909.89
2024-05-26 03:00:00+00:00,long,buy,68925.1,,7632601.5,-0.05,909.84
2024-05-26 04:00:00+00:00,long,sell - direction_change,68925.1,69093.2,7647400.2,0.19,910.03
2024-05-26 04:00:00+00:00,short,buy,69093.2,,7643576.5,-0.05,909.98
2024-05-26 05:00:00+00:00,short,sell - direction_change,69093.2,68993.6,7650773.16,0.09,910.08
2024-05-26 05:00:00+00:00,long,buy,68993.6,,7646947.77,-0.05,910.03
2024-05-26 12:00:00+00:00,long,sell - direction_change,68993.6,69160.3,7661600.6,0.19,910.22
2024-05-26 12:00:00+00:00,short,buy,69160.3,,7657769.8,-0.05,910.17
2024-05-26 13:00:00+00:00,short,sell - direction_change,69160.3,69001.9,7671479.74,0.18,910.35
2024-05-26 13:00:00+00:00,long,buy,69001.9,,7667644.0,-0.05,910.3
2024-05-26 15:00:00+00:00,long,sell - direction_change,69001.9,69303.9,7697369.09,0.39,910.69
2024-05-26 15:00:00+00:00,short,buy,69303.9,,7693520.4,-0.05,910.64
2024-05-27 01:00:00+00:00,short,sell - direction_change,69303.9,68851.6,7739884.08,0.6,911.24
2024-05-27 01:00:00+00:00,long,buy,68851.6,,7736014.14,-0.05,911.19
2024-05-27 03:00:00+00:00,long,sell - direction_change,68851.6,69131.0,7763538.9,0.36,911.54
2024-05-27 03:00:00+00:00,short,buy,69131.0,,7759657.13,-0.05,911.49
2024-05-27 13:00:00+00:00,short,sell - direction_change,69131.0,68654.8,7809228.7,0.64,912.13
2024-05-27 13:00:00+00:00,long,buy,68654.8,,7805324.09,-0.05,912.08
2024-05-27 16:19:00+00:00,long,sell - take_profit,68654.8,70714.444,8035581.15,2.95,915.03
2024-05-27 17:00:00+00:00,long,buy,70224.8,,8031563.36,-0.05,914.98
2024-05-27 19:48:00+00:00,long,sell - stop_loss,70224.8,69522.552,7947231.95,-1.05,913.93
2024-05-27 20:00:00+00:00,long,buy,69297.9,,7943258.33,-0.05,913.88
2024-05-28 01:00:00+00:00,long,sell - direction_change,69297.9,69407.2,7951815.19,0.11,913.99
2024-05-28 01:00:00+00:00,short,buy,69407.2,,7947839.28,-0.05,913.94
2024-05-28 04:00:00+00:00,short,sell - direction_change,69407.2,68070.0,8096988.54,1.88,915.82
2024-05-28 04:00:00+00:00,long,buy,68070.0,,8092940.04,-0.05,915.77
2024-05-28 06:00:00+00:00,long,sell - direction_change,68070.0,68076.2,8089630.7,-0.04,915.73
2024-05-28 06:00:00+00:00,short,buy,68076.2,,8085585.88,-0.05,915.68
2024-05-28 10:15:00+00:00,short,sell - stop_loss,68076.2,68756.962,8000687.23,-1.05,914.63
2024-05-28 11:00:00+00:00,short,buy,68607.3,,7996686.89,-0.05,914.58
2024-05-28 15:00:00+00:00,short,sell - direction_change,68607.3,67997.6,8063753.58,0.84,915.42
2024-05-28 15:00:00+00:00,long,buy,67997.6,,8059721.7,-0.05,915.37
2024-05-28 16:00:00+00:00,long,sell - direction_change,67997.6,68399.8,8103364.41,0.54,915.91
2024-05-28 16:00:00+00:00,short,buy,68399.8,,8099312.72,-0.05,915.86
2024-05-28 19:00:00+00:00,short,sell - direction_change,68399.8,67915.9,8152562.32,0.66,916.51
2024-05-28 19:00:00+00:00,long,buy,67915.9,,8148486.04,-0.05,916.46
2024-05-29 07:00:00+00:00,long,sell - direction_change,67915.9,68552.5,8220790.47,0.89,917.35
2024-05-29 07:00:00+00:00,short,buy,68552.5,,8216680.07,-0.05,917.3
2024-05-30 01:00:00+00:00,short,sell - direction_change,68552.5,67619.0,8324460.73,1.31,918.61
2024-05-30 01:00:00+00:00,long,buy,67619.0,,8320298.5,-0.05,918.56
2024-05-30 07:00:00+00:00,long,sell - direction_change,67619.0,67879.2,8348155.12,0.33,918.9
2024-05-30 07:00:00+00:00,short,buy,67879.2,,8343981.04,-0.05,918.85
2024-05-30 08:00:00+00:00,short,sell - direction_change,67879.2,67627.9,8370699.85,0.32,919.17
2024-05-30 08:00:00+00:00,long,buy,67627.9,,8366514.5,-0.05,919.12
2024-05-31 07:00:00+00:00,long,sell - direction_change,67627.9,68313.6,8447161.89,0.96,920.08
2024-05-31 07:00:00+00:00,short,buy,68313.6,,8442938.31,-0.05,920.03
2024-05-31 11:00:00+00:00,short,sell - direction_change,68313.6,68371.1,8431610.37,-0.13,919.9
2024-05-31 11:00:00+00:00,long,buy,68371.1,,8427394.56,-0.05,919.85
2024-05-31 13:00:00+00:00,long,sell - direction_change,68371.1,68672.6,8460343.64,0.39,920.24
2024-05-31 13:00:00+00:00,short,buy,68672.6,,8456113.46,-0.05,920.19
2024-06-01 02:00:00+00:00,short,sell - direction_change,68672.6,67600.0,8583961.77,1.51,921.7
2024-06-01 02:00:00+00:00,long,buy,67600.0,,8579669.79,-0.05,921.65
2024-06-02 07:00:00+00:00,long,sell - direction_change,67600.0,67865.1,8609025.97,0.34,921.99
2024-06-02 07:00:00+00:00,short,buy,67865.1,,8604721.46,-0.05,921.94
2024-06-02 08:00:00+00:00,short,sell - direction_change,67865.1,67743.0,8615900.34,0.13,922.07
2024-06-02 08:00:00+00:00,long,buy,67743.0,,8611592.39,-0.05,922.02
2024-06-02 09:00:00+00:00,long,sell - direction_change,67743.0,67789.9,8613248.6,0.02,922.04
2024-06-02 09:00:00+00:00,short,buy,67789.9,,8608941.97,-0.05,921.99
2024-06-02 11:00:00+00:00,short,sell - direction_change,67789.9,67577.4,8631623.82,0.26,922.26
2024-06-02 11:00:00+00:00,long,buy,67577.4,,8627308.01,-0.05,922.21
2024-06-02 18:00:00+00:00,long,sell - direction_change,67577.4,67921.8,8666962.38,0.46,922.67
2024-06-02 18:00:00+00:00,short,buy,67921.8,,8662628.9,-0.05,922.62
2024-06-02 19:00:00+00:00,short,sell - direction_change,67921.8,67751.2,8680055.62,0.2,922.82
2024-06-02 19:00:00+00:00,long,buy,67751.2,,8675715.59,-0.05,922.77
2024-06-02 23:00:00+00:00,long,sell - direction_change,67751.2,67977.8,8700394.44,0.28,923.05
2024-06-02 23:00:00+00:00,short,buy,67977.8,,8696044.25,-0.05,923.0
2024-06-03 01:00:00+00:00,short,sell - direction_change,67977.8,67863.6,8706305.23,0.12,923.12
2024-06-03 01:00:00+00:00,long,buy,67863.6,,8701952.08,-0.05,923.07
2024-06-03 13:32:00+00:00,long,sell - take_profit,67863.6,69899.508,8958659.67,2.95,926.02
2024-06-03 14:00:00+00:00,long,buy,69830.1,,8954180.34,-0.05,925.97
2024-06-03 14:41:00+00:00,long,sell - stop_loss,69830.1,69131.799,8860161.44,-1.05,924.92
2024-06-03 15:00:00+00:00,long,buy,68820.0,,8855731.36,-0.05,924.87
2024-06-04 05:00:00+00:00,long,sell - direction_change,68820.0,69097.2,8886973.49,0.35,925.22
2024-06-04 05:00:00+00:00,short,buy,69097.2,,8882530.0,-0.05,925.17
2024-06-04 13:00:00+00:00,short,sell - direction_change,69097.2,68989.5,8891933.7,0.11,925.28
2024-06-04 13:00:00+00:00,long,buy,68989.5,,8887487.74,-0.05,925.23
2024-06-04 16:46:00+00:00,long,sell - take_profit,68989.5,71059.185,9149668.63,2.95,928.18
2024-06-04 17:00:00+00:00,long,buy,70858.1,,9145093.79,-0.05,928.13
2024-06-04 19:38:00+00:00,long,sell - stop_loss,70858.1,70149.519,9049070.31,-1.05,927.08
2024-06-04 20:00:00+00:00,long,buy,70459.1,,9044545.77,-0.05,927.03
2024-06-05 13:00:00+00:00,long,sell - direction_change,70459.1,70992.3,9108468.2,0.71,927.73
2024-06-05 13:00:00+00:00,short,buy,70992.3,,9103913.96,-0.05,927.68
2024-06-05 14:00:00+00:00,short,sell - direction_change,70992.3,70773.1,9127471.78,0.26,927.94
2024-06-05 14:00:00+00:00,long,buy,70773.1,,9122908.05,-0.05,927.89
2024-06-06 04:00:00+00:00,long,sell - direction_change,70773.1,71087.7,9158899.67,0.39,928.29
2024-06-06 04:00:00+00:00,short,buy,71087.7,,9154320.22,-0.05,928.24
2024-06-06 11:00:00+00:00,short,sell - direction_change,71087.7,71047.4,9154932.69,0.01,928.24
2024-06-06 11:00:00+00:00,long,buy,71047.4,,9150355.23,-0.05,928.19
2024-06-06 17:00:00+00:00,long,sell - direction_change,71047.4,70977.5,9136777.47,-0.15,928.05
2024-06-06 17:00:00+00:00,short,buy,70977.5,,9132209.08,-0.05,928.0
2024-06-06 18:00:00+00:00,short,sell - direction_change,70977.5,71137.9,9107005.36,-0.28,927.72
2024-06-06 18:00:00+00:00,long,buy,71137.9,,9102451.86,-0.05,927.67
2024-06-06 19:00:00+00:00,long,sell - direction_change,71137.9,71119.6,9095559.06,-0.08,927.59
2024-06-06 19:00:00+00:00,short,buy,71119.6,,9091011.28,-0.05,927.54
2024-06-07 04:00:00+00:00,short,sell - direction_change,71119.6,71032.8,9097561.16,0.07,927.62
2024-06-07 04:00:00+00:00,long,buy,71032.8,,9093012.38,-0.05,927.57
2024-06-07 17:38:00+00:00,long,sell - stop_loss,71032.8,70322.47200000001,8997535.75,-1.05,926.52
2024-06-07 18:00:00+00:00,long,buy,69834.0,,8993036.98,-0.05,926.47
2024-06-07 18:04:00+00:00,long,sell - stop_loss,69834.0,69135.66,8898610.1,-1.05,925.42
2024-06-07 19:00:00+00:00,short,buy,69186.6,,8894160.79,-0.05,925.37
2024-06-08 07:00:00+00:00,short,sell - direction_change,69186.6,69362.5,8867101.2,-0.3,925.06
2024-06-08 07:00:00+00:00,long,buy,69362.5,,8862667.65,-0.05,925.01
2024-06-08 08:00:00+00:00,long,sell - direction_change,69362.5,69612.5,8890179.61,0.31,925.32
2024-06-08 08:00:00+00:00,short,buy,69612.5,,8885734.52,-0.05,925.27
2024-06-08 09:00:00+00:00,short,sell - direction_change,69612.5,69473.5,8899034.4,0.15,925.42
2024-06-08 09:00:00+00:00,long,buy,69473.5,,8894584.88,-0.05,925.37
2024-06-08 11:00:00+00:00,long,sell - direction_change,69473.5,69498.7,8893363.91,-0.01,925.36
2024-06-08 11:00:00+00:00,short,buy,69498.7,,8888917.23,-0.05,925.31
2024-06-08 13:00:00+00:00,short,sell - direction_change,69498.7,69390.6,8898298.81,0.11,925.41
2024-06-08 13:00:00+00:00,long,buy,69390.6,,8893849.66,-0.05,925.36
2024-06-08 16:00:00+00:00,long,sell - direction_change,69390.6,69462.0,8898554.13,0.05,925.42
2024-06-08 16:00:00+00:00,short,buy,69462.0,,8894104.86,-0.05,925.37
2024-06-08 18:00:00+00:00,short,sell - direction_change,69462.0,69485.5,8886648.8,-0.08,925.28
2024-06-08 18:00:00+00:00,long,buy,69485.5,,8882205.47,-0.05,925.23
2024-06-08 20:00:00+00:00,long,sell - direction_change,69485.5,69486.6,8877904.98,-0.05,925.18
2024-06-08 20:00:00+00:00,short,buy,69486.6,,8873466.03,-0.05,925.13
2024-06-08 21:00:00+00:00,short,sell - direction_change,69486.6,69400.0,8880088.15,0.07,925.21
2024-06-08 21:00:00+00:00,long,buy,69400.0,,8875648.11,-0.05,925.16
2024-06-08 22:00:00+00:00,long,sell - direction_change,69400.0,69432.0,8875302.8,-0.0,925.16
2024-06-08 22:00:00+00:00,short,buy,69432.0,,8870865.15,-0.05,925.11
2024-06-09 06:00:00+00:00,short,sell - direction_change,69432.0,69325.0,8880100.4,0.1,925.21
2024-06-09 06:00:00+00:00,long,buy,69325.0,,8875660.35,-0.05,925.16
2024-06-09 07:00:00+00:00,long,sell - direction_change,69325.0,69418.7,8883218.9,0.09,925.24
2024-06-09 07:00:00+00:00,short,buy,69418.7,,8878777.29,-0.05,925.19
2024-06-09 08:00:00+00:00,short,sell - direction_change,69418.7,69331.9,8885439.78,0.08,925.27
2024-06-09 08:00:00+00:00,long,buy,69331.9,,8880997.06,-0.05,925.22
2024-06-10 06:00:00+00:00,long,sell - direction_change,69331.9,69595.2,8910283.7,0.33,925.55
2024-06-10 06:00:00+00:00,short,buy,69595.2,,8905828.56,-0.05,925.5
2024-06-10 14:00:00+00:00,short,sell - direction_change,69595.2,69443.9,8920736.92,0.17,925.67
2024-06-10 14:00:00+00:00,long,buy,69443.9,,8916276.55,-0.05,925.62
2024-06-11 00:00:00+00:00,long,sell - direction_change,69443.9,69558.8,8926571.04,0.12,925.73
2024-06-11 00:00:00+00:00,short,buy,69558.8,,8922107.76,-0.05,925.68
2024-06-11 06:56:00+00:00,short,sell - take_profit,69558.8,67472.03600000001,9185309.93,2.95,928.63
2024-06-11 07:00:00+00:00,short,buy,67719.9,,9180717.28,-0.05,928.58
2024-06-11 19:00:00+00:00,short,sell - direction_change,67719.9,67130.2,9256071.94,0.82,929.4
2024-06-11 19:00:00+00:00,long,buy,67130.2,,9251443.91,-0.05,929.35
2024-06-12 12:30:00+00:00,long,sell - take_profit,67130.2,69144.106,9524361.5,2.95,932.3
2024-06-12 13:00:00+00:00,long,buy,69340.1,,9519599.32,-0.05,932.25
2024-06-12 18:49:00+00:00,long,sell - stop_loss,69340.1,68646.69900000001,9419643.53,-1.05,931.2
2024-06-12 19:00:00+00:00,long,buy,68837.1,,9414933.71,-0.05,931.15
2024-06-12 19:40:00+00:00,long,sell - stop_loss,68837.1,68148.729,9316076.9,-1.05,930.1
2024-06-12 20:00:00+00:00,long,buy,67523.1,,9311418.87,-0.05,930.05
2024-06-13 01:00:00+00:00,long,sell - direction_change,67523.1,68331.1,9418186.16,1.15,931.2
2024-06-13 01:00:00+00:00,short,buy,68331.1,,9413477.06,-0.05,931.15
2024-06-13 13:00:00+00:00,short,sell - direction_change,68331.1,67738.5,9490408.5,0.82,931.97
2024-06-13 13:00:00+00:00,long,buy,67738.5,,9485663.3,-0.05,931.92
2024-06-13 15:00:00+00:00,long,sell - direction_change,67738.5,67358.7,9427735.72,-0.61,931.31
2024-06-13 15:00:00+00:00,short,buy,67358.7,,9423021.85,-0.05,931.26
2024-06-14 05:00:00+00:00,short,sell - direction_change,67358.7,66719.7,9507702.08,0.9,932.16
2024-06-14 05:00:00+00:00,long,buy,66719.7,,9502948.23,-0.05,932.11
2024-06-14 15:00:00+00:00,long,sell - direction_change,66719.7,66980.0,9535271.52,0.34,932.45
2024-06-14 15:00:00+00:00,short,buy,66980.0,,9530503.88,-0.05,932.4
2024-06-15 04:00:00+00:00,short,sell - direction_change,66980.0,66265.9,9627347.06,1.02,933.41
2024-06-15 04:00:00+00:00,long,buy,66265.9,,9622533.39,-0.05,933.36
2024-06-15 07:00:00+00:00,long,sell - direction_change,66265.9,66171.6,9604028.73,-0.19,933.17
2024-06-15 07:00:00+00:00,short,buy,66171.6,,9599226.72,-0.05,933.12
2024-06-15 08:00:00+00:00,short,sell - direction_change,66171.6,66082.5,9607352.46,0.08,933.2
2024-06-15 08:00:00+00:00,long,buy,66082.5,,9602548.78,-0.05,933.15
2024-06-15 18:00:00+00:00,long,sell - direction_change,66082.5,66239.5,9620561.41,0.19,933.34
2024-06-15 18:00:00+00:00,short,buy,66239.5,,9615751.13,-0.05,933.29
2024-06-15 23:00:00+00:00,short,sell - direction_change,66239.5,66192.8,9617722.53,0.02,933.31
2024-06-15 23:00:00+00:00,long,buy,66192.8,,9612913.67,-0.05,933.26
2024-06-16 00:00:00+00:00,long,sell - direction_change,66192.8,66213.7,9611142.43,-0.02,933.24
2024-06-16 00:00:00+00:00,short,buy,66213.7,,9606336.86,-0.05,933.19
2024-06-16 05:00:00+00:00,short,sell - direction_change,66213.7,66150.0,9610775.34,0.05,933.24
2024-06-16 05:00:00+00:00,long,buy,66150.0,,9605969.95,-0.05,933.19
2024-06-17 02:00:00+00:00,long,sell - direction_change,66150.0,66451.8,9644992.85,0.41,933.6
2024-06-17 02:00:00+00:00,short,buy,66451.8,,9640170.35,-0.05,933.55
2024-06-17 17:00:00+00:00,short,sell - direction_change,66451.8,65865.9,9720346.85,0.83,934.38
2024-06-17 17:00:00+00:00,long,buy,65865.9,,9715486.67,-0.05,934.33
2024-06-18 01:28:00+00:00,long,sell - stop_loss,65865.9,65207.240999999995,9613474.06,-1.05,933.28
2024-06-18 02:00:00+00:00,short,buy,65103.7,,9608667.32,-0.05,933.23
2024-06-18 05:05:00+00:00,short,sell - stop_loss,65103.7,65754.737,9507776.32,-1.05,932.18
2024-06-18 06:00:00+00:00,short,buy,65570.8,,9503022.43,-0.05,932.13
2024-06-18 22:00:00+00:00,short,sell - direction_change,65570.8,65199.9,9552024.59,0.52,932.64
2024-06-18 22:00:00+00:00,long,buy,65199.9,,9547248.57,-0.05,932.59
2024-06-19 13:00:00+00:00,long,sell - direction_change,65199.9,65156.7,9536149.16,-0.12,932.48
2024-06-19 13:00:00+00:00,short,buy,65156.7,,9531381.08,-0.05,932.43
2024-06-20 01:00:00+00:00,short,sell - direction_change,65156.7,65064.5,9540102.77,0.09,932.52
2024-06-20 01:00:00+00:00,long,buy,65064.5,,9535332.72,-0.05,932.47
2024-06-20 13:00:00+00:00,long,sell - direction_change,65064.5,65960.0,9661802.37,1.33,933.79
2024-06-20 13:00:00+00:00,short,buy,65960.0,,9656971.47,-0.05,933.74
2024-06-21 08:49:00+00:00,short,sell - take_profit,65960.0,63981.2,9941852.13,2.95,936.69
2024-06-21 09:00:00+00:00,short,buy,63613.6,,9936881.2,-0.05,936.64
2024-06-21 09:37:00+00:00,short,sell - stop_loss,63613.6,64249.736,9832543.95,-1.05,935.59
2024-06-21 10:00:00+00:00,short,buy,64078.6,,9827627.68,-0.05,935.54
2024-06-21 18:00:00+00:00,short,sell - direction_change,64078.6,63651.8,9888171.47,0.62,936.16
2024-06-21 18:00:00+00:00,long,buy,63651.8,,9883227.38,-0.05,936.11
2024-06-22 00:00:00+00:00,long,sell - direction_change,63651.8,64124.1,9951619.88,0.69,936.8
2024-06-22 00:00:00+00:00,short,buy,64124.1,,9946644.07,-0.05,936.75
2024-06-22 01:00:00+00:00,short,sell - direction_change,64124.1,64034.3,9955600.12,0.09,936.84
2024-06-22 01:00:00+00:00,long,buy,64034.3,,9950622.32,-0.05,936.79
2024-06-22 20:00:00+00:00,long,sell - direction_change,64034.3,64270.9,9982413.52,0.32,937.11
2024-06-22 20:00:00+00:00,short,buy,64270.9,,9977422.31,-0.05,937.06
2024-06-22 21:00:00+00:00,short,sell - direction_change,64270.9,64256.5,9974669.06,-0.03,937.03
2024-06-22 21:00:00+00:00,long,buy,64256.5,,9969681.72,-0.05,936.98
2024-06-22 23:00:00+00:00,long,sell - direction_change,64256.5,64286.7,9969382.54,-0.0,936.98
2024-06-22 23:00:00+00:00,short,buy,64286.7,,9964397.85,-0.05,936.93
2024-06-23 00:00:00+00:00,short,sell - direction_change,64286.7,64240.1,9966638.62,0.02,936.95
2024-06-23 00:00:00+00:00,long,buy,64240.1,,9961655.31,-0.05,936.9
2024-06-23 10:00:00+00:00,long,sell - direction_change,64240.1,64388.0,9979609.2,0.18,937.08
2024-06-23 10:00:00+00:00,short,buy,64388.0,,9974619.39,-0.05,937.03
2024-06-23 12:00:00+00:00,short,sell - direction_change,64388.0,64310.7,9981606.96,0.07,937.1
2024-06-23 12:00:00+00:00,long,buy,64310.7,,9976616.15,-0.05,937.05
2024-06-23 13:00:00+00:00,long,sell - direction_change,64310.7,64350.0,9977724.51,0.01,937.07
2024-06-23 13:00:00+00:00,short,buy,64350.0,,9972735.65,-0.05,937.02
2024-06-24 05:37:00+00:00,short,sell - take_profit,64350.0,62419.5,10266931.35,2.95,939.97
2024-06-24 06:00:00+00:00,short,buy,62296.4,,10261797.89,-0.05,939.92
2024-06-24 08:37:00+00:00,short,sell - stop_loss,62296.4,62919.364,10154049.01,-1.05,938.87
2024-06-24 09:00:00+00:00,short,buy,62710.5,,10148971.99,-0.05,938.82
2024-06-24 09:33:00+00:00,short,sell - take_profit,62710.5,60829.185,10448366.66,2.95,941.77
2024-06-24 10:00:00+00:00,short,buy,61370.1,,10443142.48,-0.05,941.72
2024-06-24 19:55:00+00:00,short,sell - take_profit,61370.1,59528.996999999996,10751215.18,2.95,944.67
2024-06-24 20:00:00+00:00,short,buy,59292.8,,10745839.57,-0.05,944.62
2024-06-24 21:31:00+00:00,short,sell - stop_loss,59292.8,59885.728,10633008.26,-1.05,943.57
2024-06-24 22:00:00+00:00,short,buy,60081.5,,10627691.75,-0.05,943.52
2024-06-25 02:32:00+00:00,short,sell - stop_loss,60081.5,60682.315,10516100.99,-1.05,942.47
2024-06-25 03:00:00+00:00,long,buy,60644.0,,10510842.94,-0.05,942.42
2024-06-26 02:17:00+00:00,long,sell - take_profit,60644.0,62463.32,10820912.8,2.95,945.37
2024-06-26 03:00:00+00:00,long,buy,62000.1,,10815502.35,-0.05,945.32
2024-06-26 08:00:00+00:00,long,sell - direction_change,62000.1,61705.3,10758668.71,-0.53,944.79
2024-06-26 08:00:00+00:00,short,buy,61705.3,,10753289.38,-0.05,944.74
2024-06-27 09:00:00+00:00,short,sell - direction_change,61705.3,60861.3,10894995.34,1.32,946.06
2024-06-27 09:00:00+00:00,long,buy,60861.3,,10889547.84,-0.05,946.01
2024-06-27 10:00:00+00:00,long,sell - direction_change,60861.3,61276.4,10958374.42,0.63,946.64
2024-06-27 10:00:00+00:00,short,buy,61276.4,,10952895.23,-0.05,946.59
2024-06-27 11:00:00+00:00,short,sell - direction_change,61276.4,61106.2,10977841.31,0.23,946.82
2024-06-27 11:00:00+00:00,long,buy,61106.2,,10972352.39,-0.05,946.77
2024-06-28 07:00:00+00:00,long,sell - direction_change,61106.2,61605.3,11056485.62,0.77,947.53
2024-06-28 07:00:00+00:00,short,buy,61605.3,,11050957.37,-0.05,947.48
2024-06-28 11:00:00+00:00,short,sell - direction_change,61605.3,61524.9,11059854.31,0.08,947.56
2024-06-28 11:00:00+00:00,long,buy,61524.9,,11054324.38,-0.05,947.51
2024-06-28 12:00:00+00:00,long,sell - direction_change,61524.9,61671.5,11075137.18,0.19,947.7
2024-06-28 12:00:00+00:00,short,buy,61671.5,,11069599.62,-0.05,947.65
2024-06-29 07:00:00+00:00,short,sell - direction_change,61671.5,60838.0,11213672.19,1.3,948.95
2024-06-29 07:00:00+00:00,long,buy,60838.0,,11208065.36,-0.05,948.9
2024-06-29 08:00:00+00:00,long,sell - direction_change,60838.0,61049.8,11241480.82,0.3,949.2
2024-06-29 08:00:00+00:00,short,buy,61049.8,,11235860.08,-0.05,949.15
2024-06-29 09:00:00+00:00,short,sell - direction_change,61049.8,60973.2,11244339.94,0.08,949.23
2024-06-29 09:00:00+00:00,long,buy,60973.2,,11238717.77,-0.05,949.18
2024-06-30 01:00:00+00:00,long,sell - direction_change,60973.2,61016.3,11241042.7,0.02,949.2
2024-06-30 01:00:00+00:00,short,buy,61016.3,,11235422.17,-0.05,949.15
2024-06-30 06:00:00+00:00,short,sell - direction_change,61016.3,60788.7,11271714.28,0.32,949.47
2024-06-30 06:00:00+00:00,long,buy,60788.7,,11266078.42,-0.05,949.42
2024-06-30 22:26:00+00:00,long,sell - take_profit,60788.7,62612.361,11598427.74,2.95,952.37
2024-06-30 23:00:00+00:00,long,buy,62894.9,,11592628.52,-0.05,952.32
2024-07-01 11:00:00+00:00,long,sell - direction_change,62894.9,62841.9,11577063.38,-0.13,952.19
2024-07-01 11:00:00+00:00,short,buy,62841.9,,11571274.85,-0.05,952.14
2024-07-01 12:00:00+00:00,short,sell - direction_change,62841.9,62657.9,11599369.71,0.24,952.38
2024-07-01 12:00:00+00:00,long,buy,62657.9,,11593570.02,-0.05,952.33
2024-07-01 23:00:00+00:00,long,sell - direction_change,62657.9,62961.6,11643966.75,0.43,952.77
2024-07-01 23:00:00+00:00,short,buy,62961.6,,11638144.76,-0.05,952.72
2024-07-02 03:00:00+00:00,short,sell - direction_change,62961.6,62983.9,11628203.65,-0.09,952.63
2024-07-02 03:00:00+00:00,long,buy,62983.9,,11622389.54,-0.05,952.58
2024-07-02 04:00:00+00:00,long,sell - direction_change,62983.9,63118.0,11641323.76,0.16,952.74
2024-07-02 04:00:00+00:00,short,buy,63118.0,,11635503.1,-0.05,952.69
2024-07-03 01:55:00+00:00,short,sell - take_profit,63118.0,61224.46,11978750.44,2.95,955.64
2024-07-03 02:00:00+00:00,short,buy,61617.9,,11972761.06,-0.05,955.59
2024-07-03 10:33:00+00:00,short,sell - take_profit,61617.9,59769.363,12325957.51,2.95,958.54
2024-07-03 11:00:00+00:00,short,buy,60379.9,,12319794.54,-0.05,958.49
2024-07-04 01:56:00+00:00,short,sell - take_profit,60379.9,58568.503,12683228.47,2.95,961.44
2024-07-04 02:00:00+00:00,short,buy,58561.7,,12676886.86,-0.05,961.39
2024-07-04 13:28:00+00:00,short,sell - take_profit,58561.7,56804.848999999995,13050855.02,2.95,964.34
2024-07-04 14:00:00+00:00,short,buy,57402.2,,13044329.59,-0.05,964.29
2024-07-04 15:47:00+00:00,short,sell - stop_loss,57402.2,57976.221999999994,12907364.13,-1.05,963.24
2024-07-04 16:00:00+00:00,short,buy,58137.5,,12900910.45,-0.05,963.19
2024-07-04 17:00:00+00:00,short,sell - direction_change,58137.5,58288.5,12860952.58,-0.31,962.88
2024-07-04 17:00:00+00:00,long,buy,58288.5,,12854522.1,-0.05,962.83
2024-07-04 23:00:00+00:00,long,sell - direction_change,58288.5,58031.9,12791506.14,-0.49,962.34
2024-07-04 23:00:00+00:00,short,buy,58031.9,,12785110.39,-0.05,962.29
2024-07-05 02:54:00+00:00,short,sell - take_profit,58031.9,56290.943,13162271.15,2.95,965.24
2024-07-05 03:00:00+00:00,short,buy,55756.4,,13155690.01,-0.05,965.19
2024-07-05 04:18:00+00:00,short,sell - take_profit,55756.4,54083.708,13543782.87,2.95,968.14
2024-07-05 05:00:00+00:00,short,buy,53923.3,,13537010.98,-0.05,968.09
2024-07-05 05:16:00+00:00,short,sell - stop_loss,53923.3,54462.533,13394872.36,-1.05,967.04
2024-07-05 06:00:00+00:00,short,buy,54772.0,,13388174.92,-0.05,966.99
2024-07-05 10:15:00+00:00,short,sell - stop_loss,54772.0,55319.72,13247599.09,-1.05,965.94
2024-07-05 11:00:00+00:00,short,buy,54963.5,,13240975.29,-0.05,965.89
2024-07-05 11:45:00+00:00,short,sell - stop_loss,54963.5,55513.135,13101945.05,-1.05,964.84
2024-07-05 12:00:00+00:00,short,buy,55459.0,,13095394.07,-0.05,964.79
2024-07-05 15:00:00+00:00,short,sell - direction_change,55459.0,55730.6,13024714.15,-0.54,964.25
2024-07-05 15:00:00+00:00,long,buy,55730.6,,13018201.8,-0.05,964.2
2024-07-06 15:52:00+00:00,long,sell - take_profit,55730.6,57402.518,13402238.75,2.95,967.15
2024-07-06 16:00:00+00:00,long,buy,57285.4,,13395537.63,-0.05,967.1
2024-07-07 07:00:00+00:00,long,sell - direction_change,57285.4,57626.1,13468508.67,0.54,967.65
2024-07-07 07:00:00+00:00,short,buy,57626.1,,13461774.42,-0.05,967.6
2024-07-07 08:00:00+00:00,short,sell - direction_change,57626.1,57344.5,13520826.84,0.44,968.04
2024-07-07 08:00:00+00:00,long,buy,57344.5,,13514066.43,-0.05,967.99
2024-07-07 09:00:00+00:00,long,sell - direction_change,57344.5,57624.7,13573342.6,0.44,968.43
2024-07-07 09:00:00+00:00,short,buy,57624.7,,13566555.93,-0.05,968.38
2024-07-07 23:46:00+00:00,short,sell - take_profit,57624.7,55895.958999999995,13966769.33,2.95,971.33
2024-07-08 00:00:00+00:00,short,buy,55831.0,,13959785.95,-0.05,971.28
2024-07-08 08:00:00+00:00,short,sell - direction_change,55831.0,55828.4,13953456.15,-0.05,971.23
2024-07-08 08:00:00+00:00,long,buy,55828.4,,13946479.42,-0.05,971.18
2024-07-08 08:48:00+00:00,long,sell - take_profit,55828.4,57503.252,14357900.57,2.95,974.13
2024-07-08 09:00:00+00:00,long,buy,57767.9,,14350721.61,-0.05,974.08
2024-07-08 10:47:00+00:00,long,sell - stop_loss,57767.9,57190.221,14200039.04,-1.05,973.03
2024-07-08 11:00:00+00:00,long,buy,56800.0,,14192939.02,-0.05,972.98
2024-07-08 14:00:00+00:00,long,sell - direction_change,56800.0,57217.9,14290265.6,0.69,973.67
2024-07-08 14:00:00+00:00,short,buy,57217.9,,14283120.47,-0.05,973.62
2024-07-08 14:31:00+00:00,short,sell - take_profit,57217.9,55501.363,14704472.52,2.95,976.57
2024-07-08 15:00:00+00:00,short,buy,56169.0,,14697120.28,-0.05,976.52
2024-07-08 15:12:00+00:00,short,sell - stop_loss,56169.0,56730.69,14542800.52,-1.05,975.47
2024-07-08 16:00:00+00:00,short,buy,55736.8,,14535529.12,-0.05,975.42
2024-07-08 17:00:00+00:00,short,sell - direction_change,55736.8,55789.8,14514439.55,-0.15,975.27
2024-07-08 17:00:00+00:00,long,buy,55789.8,,14507182.33,-0.05,975.22
2024-07-08 18:00:00+00:00,long,sell - direction_change,55789.8,56262.5,14622846.28,0.8,976.02
2024-07-08 18:00:00+00:00,short,buy,56262.5,,14615534.86,-0.05,975.97
2024-07-08 19:00:00+00:00,short,sell - direction_change,56262.5,56264.8,14607629.61,-0.05,975.91
2024-07-08 19:00:00+00:00,long,buy,56264.8,,14600325.8,-0.05,975.86
2024-07-08 20:00:00+00:00,long,sell - direction_change,56264.8,56462.9,14644431.21,0.3,976.17
2024-07-08 20:00:00+00:00,short,buy,56462.9,,14637109.0,-0.05,976.12
2024-07-08 21:00:00+00:00,short,sell - direction_change,56462.9,56241.9,14687081.18,0.34,976.46
2024-07-08 21:00:00+00:00,long,buy,56241.9,,14679737.64,-0.05,976.41
2024-07-09 14:14:00+00:00,long,sell - take_profit,56241.9,57929.15700000001,15112789.9,2.95,979.36
2024-07-09 15:00:00+00:00,long,buy,57040.3,,15105233.5,-0.05,979.31
2024-07-10 04:07:00+00:00,long,sell - take_profit,57040.3,58751.509000000005,15550837.89,2.95,982.26
2024-07-10 05:00:00+00:00,long,buy,59323.9,,15543062.47,-0.05,982.21
2024-07-10 08:05:00+00:00,long,sell - stop_loss,59323.9,58730.661,15379860.32,-1.05,981.16
2024-07-10 09:00:00+00:00,long,buy,58735.2,,15372170.39,-0.05,981.11
2024-07-10 12:32:00+00:00,long,sell - stop_loss,58735.2,58147.848,15210762.6,-1.05,980.06
2024-07-10 13:00:00+00:00,long,buy,58127.9,,15203157.22,-0.05,980.01
2024-07-10 13:43:00+00:00,long,sell - stop_loss,58127.9,57546.621,15043524.07,-1.05,978.96
2024-07-10 14:00:00+00:00,short,buy,57719.3,,15036002.3,-0.05,978.91
2024-07-11 01:00:00+00:00,short,sell - direction_change,57719.3,57608.0,15057478.19,0.14,979.05
2024-07-11 01:00:00+00:00,long,buy,57608.0,,15049949.45,-0.05,979.0
2024-07-11 03:00:00+00:00,long,sell - direction_change,57608.0,57846.1,15104627.52,0.36,979.36
2024-07-11 03:00:00+00:00,short,buy,57846.1,,15097075.21,-0.05,979.31
2024-07-11 04:00:00+00:00,short,sell - direction_change,57846.1,57540.4,15169310.37,0.48,979.79
2024-07-11 04:00:00+00:00,long,buy,57540.4,,15161725.72,-0.05,979.74
2024-07-11 12:30:00+00:00,long,sell - take_profit,57540.4,59266.612,15608996.63,2.95,982.69
2024-07-11 13:00:00+00:00,long,buy,58798.3,,15601192.13,-0.05,982.64
2024-07-11 14:15:00+00:00,long,sell - stop_loss,58798.3,58210.317,15437379.61,-1.05,981.59
2024-07-11 15:00:00+00:00,short,buy,57764.8,,15429660.92,-0.05,981.54
2024-07-12 12:00:00+00:00,short,sell - direction_change,57764.8,57188.7,15575829.21,0.95,982.49
2024-07-12 12:00:00+00:00,long,buy,57188.7,,15568041.29,-0.05,982.44
2024-07-13 16:11:00+00:00,long,sell - take_profit,57188.7,58904.361,16027298.51,2.95,985.39
2024-07-13 17:00:00+00:00,long,buy,58593.8,,16019284.86,-0.05,985.34
2024-07-14 08:28:00+00:00,long,sell - take_profit,58593.8,60351.614,16491853.77,2.95,988.29
2024-07-14 09:00:00+00:00,long,buy,60168.8,,16483607.84,-0.05,988.24
2024-07-14 12:53:00+00:00,long,sell - stop_loss,60168.8,59567.112,16310529.96,-1.05,987.19
2024-07-14 13:00:00+00:00,long,buy,59566.3,,16302374.69,-0.05,987.14
2024-07-14 21:59:00+00:00,long,sell - take_profit,59566.3,61353.289000000004,16783294.75,2.95,990.09
2024-07-14 22:00:00+00:00,long,buy,61260.1,,16774903.1,-0.05,990.04
2024-07-15 00:10:00+00:00,long,sell - stop_loss,61260.1,60647.498999999996,16598766.62,-1.05,988.99
2024-07-15 01:00:00+00:00,long,buy,61186.7,,16590467.23,-0.05,988.94
2024-07-15 07:43:00+00:00,long,sell - take_profit,61186.7,63022.301,17079886.02,2.95,991.89
2024-07-15 08:00:00+00:00,long,buy,62816.1,,17071346.07,-0.05,991.84
2024-07-15 22:41:00+00:00,long,sell - take_profit,62816.1,64700.583,17574950.78,2.95,994.79
2024-07-15 23:00:00+00:00,long,buy,64309.0,,17566163.31,-0.05,994.74
2024-07-16 05:39:00+00:00,long,sell - stop_loss,64309.0,63665.909999999996,17381718.59,-1.05,993.69
2024-07-16 06:00:00+00:00,long,buy,63631.9,,17373027.73,-0.05,993.64
2024-07-16 06:54:00+00:00,long,sell - stop_loss,63631.9,62995.581,17190610.94,-1.05,992.59
2024-07-16 07:00:00+00:00,long,buy,62880.2,,17182015.64,-0.05,992.54
2024-07-16 08:00:00+00:00,long,sell - direction_change,62880.2,62881.8,17173861.83,-0.05,992.49
2024-07-16 08:00:00+00:00,short,buy,62881.8,,17165274.9,-0.05,992.44
2024-07-16 10:40:00+00:00,short,sell - stop_loss,62881.8,63510.618,16985039.51,-1.05,991.39
2024-07-16 11:00:00+00:00,long,buy,63404.3,,16976546.99,-0.05,991.34
2024-07-16 13:00:00+00:00,long,sell - direction_change,63404.3,63714.1,17051007.89,0.44,991.78
2024-07-16 13:00:00+00:00,short,buy,63714.1,,17042482.39,-0.05,991.73
2024-07-16 14:00:00+00:00,short,sell - direction_change,63714.1,63390.5,17120518.87,0.46,992.19
2024-07-16 14:00:00+00:00,long,buy,63390.5,,17111958.61,-0.05,992.14
2024-07-16 23:29:00+00:00,long,sell - take_profit,63390.5,65292.215000000004,17616761.39,2.95,995.09
2024-07-17 00:00:00+00:00,long,buy,65010.0,,17607953.01,-0.05,995.04
2024-07-17 14:00:00+00:00,long,sell - direction_change,65010.0,65102.1,17624094.31,0.09,995.13
2024-07-17 14:00:00+00:00,short,buy,65102.1,,17615282.26,-0.05,995.08
2024-07-18 02:00:00+00:00,short,sell - direction_change,65102.1,64640.0,17731509.32,0.66,995.74
2024-07-18 02:00:00+00:00,long,buy,64640.0,,17722643.57,-0.05,995.69
2024-07-18 07:00:00+00:00,long,sell - direction_change,64640.0,64965.4,17802998.65,0.45,996.14
2024-07-18 07:00:00+00:00,short,buy,64965.4,,17794097.15,-0.05,996.09
2024-07-18 08:00:00+00:00,short,sell - direction_change,64965.4,64644.8,17873012.81,0.44,996.54
2024-07-18 08:00:00+00:00,long,buy,64644.8,,17864076.3,-0.05,996.49
2024-07-18 13:00:00+00:00,long,sell - direction_change,64644.8,64811.2,17901127.58,0.21,996.69
2024-07-18 13:00:00+00:00,short,buy,64811.2,,17892177.02,-0.05,996.64
2024-07-19 03:00:00+00:00,short,sell - direction_change,64811.2,63805.9,18160760.21,1.5,998.15
2024-07-19 03:00:00+00:00,long,buy,63805.9,,18151679.83,-0.05,998.1
2024-07-19 07:00:00+00:00,long,sell - direction_change,63805.9,64184.8,18250394.51,0.54,998.64
2024-07-19 07:00:00+00:00,short,buy,64184.8,,18241269.31,-0.05,998.59
2024-07-19 10:00:00+00:00,short,sell - direction_change,64184.8,63671.9,18377914.45,0.75,999.34
2024-07-19 10:00:00+00:00,long,buy,63671.9,,18368725.5,-0.05,999.29
2024-07-19 14:14:00+00:00,long,sell - take_profit,63671.9,65582.057,18910602.9,2.95,1002.24
2024-07-19 15:00:00+00:00,long,buy,65700.8,,18901147.6,-0.05,1002.19
2024-07-21 06:00:00+00:00,long,sell - direction_change,65700.8,67015.4,19269887.98,1.95,1004.14
2024-07-21 06:00:00+00:00,short,buy,67015.4,,19260253.04,-0.05,1004.09
2024-07-21 12:00:00+00:00,short,sell - direction_change,67015.4,66845.4,19299480.98,0.2,1004.29
2024-07-21 12:00:00+00:00,long,buy,66845.4,,19289831.24,-0.05,1004.24
2024-07-21 13:00:00+00:00,long,sell - direction_change,66845.4,66892.5,19293778.15,0.02,1004.26
2024-07-21 13:00:00+00:00,short,buy,66892.5,,19284131.26,-0.05,1004.21
2024-07-21 14:00:00+00:00,short,sell - direction_change,66892.5,66731.9,19320787.83,0.19,1004.4
2024-07-21 14:00:00+00:00,long,buy,66731.9,,19311127.44,-0.05,1004.35
2024-07-21 17:00:00+00:00,long,sell - direction_change,66731.9,67524.6,19530866.37,1.14,1005.49
2024-07-21 17:00:00+00:00,short,buy,67524.6,,19521100.94,-0.05,1005.44
2024-07-21 18:00:00+00:00,short,sell - direction_change,67524.6,66620.9,19772596.57,1.29,1006.73
2024-07-21 18:00:00+00:00,long,buy,66620.9,,19762710.27,-0.05,1006.68
2024-07-21 18:10:00+00:00,long,sell - stop_loss,66620.9,65954.69099999999,19555201.81,-1.05,1005.63
2024-07-21 19:00:00+00:00,long,buy,66830.1,,19545424.21,-0.05,1005.58
2024-07-22 08:00:00+00:00,long,sell - direction_change,66830.1,67210.4,19646875.7,0.52,1006.1
2024-07-22 08:00:00+00:00,short,buy,67210.4,,19637052.27,-0.05,1006.05
2024-07-22 09:00:00+00:00,short,sell - direction_change,67210.4,67060.0,19671176.53,0.17,1006.22
2024-07-22 09:00:00+00:00,long,buy,67060.0,,19661340.94,-0.05,1006.17
2024-07-22 14:00:00+00:00,long,sell - direction_change,67060.0,67073.5,19655468.34,-0.03,1006.14
2024-07-22 14:00:00+00:00,short,buy,67073.5,,19645640.61,-0.05,1006.09
2024-07-22 17:00:00+00:00,short,sell - direction_change,67073.5,67019.9,19651517.08,0.03,1006.12
2024-07-22 17:00:00+00:00,long,buy,67019.9,,19641691.32,-0.05,1006.07
2024-07-23 04:00:00+00:00,long,sell - direction_change,67019.9,67437.3,19754198.95,0.57,1006.64
2024-07-23 04:00:00+00:00,short,buy,67437.3,,19744321.85,-0.05,1006.59
2024-07-23 06:00:00+00:00,short,sell - direction_change,67437.3,66400.0,20038150.83,1.49,1008.08
2024-07-23 06:00:00+00:00,long,buy,66400.0,,20028131.75,-0.05,1008.03
2024-07-23 07:00:00+00:00,long,sell - direction_change,66400.0,66496.2,20047134.35,0.09,1008.13
2024-07-23 07:00:00+00:00,short,buy,66496.2,,20037110.78,-0.05,1008.08
2024-07-23 14:00:00+00:00,short,sell - direction_change,66496.2,66072.8,20154674.14,0.59,1008.66
2024-07-23 14:00:00+00:00,long,buy,66072.8,,20144596.81,-0.05,1008.61
2024-07-23 15:00:00+00:00,long,sell - direction_change,66072.8,67200.1,20478221.22,1.66,1010.27
2024-07-23 15:00:00+00:00,short,buy,67200.1,,20467982.11,-0.05,1010.22
2024-07-24 06:00:00+00:00,short,sell - direction_change,67200.1,65793.5,20886174.02,2.04,1012.26
2024-07-24 06:00:00+00:00,long,buy,65793.5,,20875730.93,-0.05,1012.21
2024-07-24 18:00:00+00:00,long,sell - direction_change,65793.5,66560.0,21108497.15,1.12,1013.33
2024-07-24 18:00:00+00:00,short,buy,66560.0,,21097942.9,-0.05,1013.28
2024-07-25 01:08:00+00:00,short,sell - take_profit,66560.0,64563.2,21720332.22,2.95,1016.23
2024-07-25 02:00:00+00:00,short,buy,64467.9,,21709472.05,-0.05,1016.18
2024-07-25 14:00:00+00:00,short,sell - direction_change,64467.9,64034.0,21844732.51,0.62,1016.8
2024-07-25 14:00:00+00:00,long,buy,64034.0,,21833810.14,-0.05,1016.75
2024-07-25 21:53:00+00:00,long,sell - take_profit,64034.0,65955.02,22477907.54,2.95,1019.7
2024-07-25 22:00:00+00:00,long,buy,65815.0,,22466668.59,-0.05,1019.65
2024-07-26 13:52:00+00:00,long,sell - take_profit,65815.0,67789.45,23129435.31,2.95,1022.6
2024-07-26 14:00:00+00:00,long,buy,67862.7,,23117870.6,-0.05,1022.55
2024-07-26 14:30:00+00:00,long,sell - stop_loss,67862.7,67184.07299999999,22875132.95,-1.05,1021.5
2024-07-26 15:00:00+00:00,long,buy,67290.5,,22863695.39,-0.05,1021.45
2024-07-27 13:46:00+00:00,long,sell - take_profit,67290.5,69309.215,23538174.4,2.95,1024.4
2024-07-27 14:00:00+00:00,long,buy,69205.9,,23526405.32,-0.05,1024.35
2024-07-27 17:16:00+00:00,long,sell - stop_loss,69205.9,68513.841,23279378.06,-1.05,1023.3
2024-07-27 18:00:00+00:00,long,buy,68514.4,,23267738.37,-0.05,1023.25
2024-07-27 19:41:00+00:00,long,sell - stop_loss,68514.4,67829.256,23023427.12,-1.05,1022.2
2024-07-27 20:00:00+00:00,long,buy,68209.3,,23011915.4,-0.05,1022.15
2024-07-27 20:14:00+00:00,long,sell - stop_loss,68209.3,67527.20700000001,22770290.29,-1.05,1021.1
2024-07-27 21:00:00+00:00,long,buy,67758.7,,22758905.15,-0.05,1021.05
2024-07-28 04:00:00+00:00,long,sell - direction_change,67758.7,67910.9,22798646.88,0.17,1021.23
2024-07-28 04:00:00+00:00,short,buy,67910.9,,22787247.56,-0.05,1021.18
2024-07-28 12:00:00+00:00,short,sell - direction_change,67910.9,67800.1,22813032.46,0.11,1021.29
2024-07-28 12:00:00+00:00,long,buy,67800.1,,22801625.94,-0.05,1021.24
2024-07-28 14:00:00+00:00,long,sell - direction_change,67800.1,67950.2,22840704.76,0.17,1021.41
2024-07-28 14:00:00+00:00,short,buy,67950.2,,22829284.41,-0.05,1021.36
2024-07-28 16:00:00+00:00,short,sell - direction_change,67950.2,67624.2,22927396.26,0.43,1021.79
2024-07-28 16:00:00+00:00,long,buy,67624.2,,22915932.56,-0.05,1021.74
2024-07-29 02:34:00+00:00,long,sell - take_profit,67624.2,69652.92599999999,23591952.57,2.95,1024.69
2024-07-29 03:00:00+00:00,long,buy,69527.1,,23580156.59,-0.05,1024.64
2024-07-29 14:03:00+00:00,long,sell - stop_loss,69527.1,68831.829,23332564.95,-1.05,1023.59
2024-07-29 15:00:00+00:00,long,buy,68200.0,,23320898.67,-0.05,1023.54
2024-07-29 16:25:00+00:00,long,sell - stop_loss,68200.0,67518.0,23076029.23,-1.05,1022.49
2024-07-29 17:00:00+00:00,long,buy,66920.9,,23064491.21,-0.05,1022.44
2024-07-29 19:00:00+00:00,long,sell - direction_change,66920.9,67389.8,23214566.78,0.65,1023.09
2024-07-29 19:00:00+00:00,short,buy,67389.8,,23202959.49,-0.05,1023.04
2024-07-30 11:00:00+00:00,short,sell - direction_change,67389.8,66545.7,23481989.8,1.2,1024.24
2024-07-30 11:00:00+00:00,long,buy,66545.7,,23470248.81,-0.05,1024.19
2024-07-30 13:00:00+00:00,long,sell - direction_change,66545.7,66635.4,23490150.31,0.08,1024.28
2024-07-30 13:00:00+00:00,short,buy,66635.4,,23478405.23,-0.05,1024.23
2024-07-31 00:00:00+00:00,short,sell - direction_change,66635.4,66159.3,23634415.74,0.66,1024.89
2024-07-31 00:00:00+00:00,long,buy,66159.3,,23622598.53,-0.05,1024.84
2024-07-31 02:00:00+00:00,long,sell - direction_change,66159.3,66269.1,23649992.02,0.12,1024.96
2024-07-31 02:00:00+00:00,short,buy,66269.1,,23638167.02,-0.05,1024.91
2024-07-31 03:00:00+00:00,short,sell - direction_change,66269.1,66084.5,23692194.7,0.23,1025.14
2024-07-31 03:00:00+00:00,long,buy,66084.5,,23680348.6,-0.05,1025.09
2024-07-31 04:00:00+00:00,long,sell - direction_change,66084.5,66028.1,23648298.37,-0.14,1024.95
2024-07-31 04:00:00+00:00,short,buy,66028.1,,23636474.22,-0.05,1024.9
2024-07-31 05:00:00+00:00,short,sell - direction_change,66028.1,65774.1,23715581.88,0.33,1025.24
2024-07-31 05:00:00+00:00,long,buy,65774.1,,23703724.09,-0.05,1025.19
2024-07-31 10:00:00+00:00,long,sell - direction_change,65774.1,66230.0,23856169.84,0.64,1025.83
2024-07-31 10:00:00+00:00,short,buy,66230.0,,23844241.76,-0.05,1025.78
2024-07-31 13:00:00+00:00,short,sell - direction_change,66230.0,66128.8,23868753.84,0.1,1025.88
2024-07-31 13:00:00+00:00,long,buy,66128.8,,23856819.46,-0.05,1025.83
2024-07-31 19:00:00+00:00,long,sell - direction_change,66128.8,66498.5,23978265.11,0.51,1026.34
2024-07-31 19:00:00+00:00,short,buy,66498.5,,23966275.98,-0.05,1026.29
2024-07-31 21:01:00+00:00,short,sell - take_profit,66498.5,64503.545,24673281.12,2.95,1029.24
2024-07-31 22:00:00+00:00,short,buy,64950.1,,24660944.48,-0.05,1029.19
2024-08-01 12:00:00+00:00,short,sell - direction_change,64950.1,64645.2,24764381.68,0.42,1029.61
2024-08-01 12:00:00+00:00,long,buy,64645.2,,24751999.49,-0.05,1029.56
2024-08-01 14:00:00+00:00,long,sell - direction_change,64645.2,64724.6,24770024.95,0.07,1029.63
2024-08-01 14:00:00+00:00,short,buy,64724.6,,24757639.94,-0.05,1029.58
2024-08-01 15:31:00+00:00,short,sell - take_profit,64724.6,62782.861999999994,25487990.32,2.95,1032.53
2024-08-01 16:00:00+00:00,short,buy,62892.6,,25475246.32,-0.05,1032.48
2024-08-01 20:00:00+00:00,short,sell - direction_change,62892.6,63403.0,25255766.32,-0.86,1031.62
2024-08-01 20:00:00+00:00,long,buy,63403.0,,25243138.44,-0.05,1031.57
2024-08-01 21:46:00+00:00,long,sell - take_profit,63403.0,65305.090000000004,25987811.02,2.95,1034.52
2024-08-01 22:00:00+00:00,long,buy,64879.8,,25974817.12,-0.05,1034.47
2024-08-02 02:22:00+00:00,long,sell - stop_loss,64879.8,64231.002,25702081.54,-1.05,1033.42
2024-08-02 03:00:00+00:00,long,buy,64344.5,,25689230.5,-0.05,1033.37
2024-08-02 14:00:00+00:00,long,sell - direction_change,64344.5,65208.2,26021213.93,1.29,1034.67
2024-08-02 14:00:00+00:00,short,buy,65208.2,,26008203.32,-0.05,1034.62
2024-08-02 14:56:00+00:00,short,sell - take_profit,65208.2,63251.954,26775445.32,2.95,1037.57
2024-08-02 15:00:00+00:00,short,buy,63145.6,,26762057.6,-0.05,1037.52
2024-08-02 22:58:00+00:00,short,sell - take_profit,63145.6,61251.231999999996,27551538.3,2.95,1040.47
2024-08-02 23:00:00+00:00,short,buy,61377.8,,27537762.53,-0.05,1040.42
2024-08-03 10:00:00+00:00,short,sell - direction_change,61377.8,61707.6,27376025.59,-0.59,1039.83
2024-08-03 10:00:00+00:00,long,buy,61707.6,,27362337.57,-0.05,1039.78
2024-08-03 15:00:00+00:00,long,sell - direction_change,61707.6,61960.0,27460575.42,0.36,1040.14
2024-08-03 15:00:00+00:00,short,buy,61960.0,,27446845.13,-0.05,1040.09
2024-08-03 18:33:00+00:00,short,sell - take_profit,61960.0,60101.2,28256527.07,2.95,1043.04
2024-08-03 19:00:00+00:00,short,buy,60225.0,,28242398.8,-0.05,1042.99
2024-08-03 21:46:00+00:00,short,sell - stop_loss,60225.0,60827.25,27945853.61,-1.05,1041.94
2024-08-03 22:00:00+00:00,short,buy,60631.4,,27931880.69,-0.05,1041.89
2024-08-04 05:00:00+00:00,short,sell - direction_change,60631.4,60540.6,27959744.8,0.1,1041.99
2024-08-04 05:00:00+00:00,long,buy,60540.6,,27945764.93,-0.05,1041.94
2024-08-04 06:00:00+00:00,long,sell - direction_change,60540.6,60762.1,28034037.27,0.32,1042.25
2024-08-04 06:00:00+00:00,short,buy,60762.1,,28020020.25,-0.05,1042.2
2024-08-04 10:00:00+00:00,short,sell - direction_change,60762.1,60678.8,28044423.45,0.09,1042.29
2024-08-04 10:00:00+00:00,long,buy,60678.8,,28030401.24,-0.05,1042.24
2024-08-04 14:00:00+00:00,long,sell - direction_change,60678.8,60800.2,28072466.43,0.15,1042.39
2024-08-04 14:00:00+00:00,short,buy,60800.2,,28058430.2,-0.05,1042.34
2024-08-04 15:58:00+00:00,short,sell - take_profit,60800.2,58976.193999999996,28886153.89,2.95,1045.29
2024-08-04 16:00:00+00:00,short,buy,59069.9,,28871710.81,-0.05,1045.24
2024-08-04 17:44:00+00:00,short,sell - take_profit,59069.9,57297.803,29723426.28,2.95,1048.19
2024-08-04 18:00:00+00:00,short,buy,57842.1,,29708564.57,-0.05,1048.14
2024-08-04 18:22:00+00:00,short,sell - stop_loss,57842.1,58420.521,29396624.64,-1.05,1047.09
2024-08-04 19:00:00+00:00,short,buy,58734.6,,29381926.33,-0.05,1047.04
2024-08-04 19:24:00+00:00,short,sell - stop_loss,58734.6,59321.945999999996,29073416.1,-1.05,1045.99
2024-08-04 20:00:00+00:00,short,buy,59233.9,,29058879.39,-0.05,1045.94
2024-08-05 00:14:00+00:00,short,sell - take_profit,59233.9,57456.883,29916116.33,2.95,1048.89
2024-08-05 01:00:00+00:00,short,buy,56141.9,,29901158.28,-0.05,1048.84
2024-08-05 01:08:00+00:00,short,sell - take_profit,56141.9,54457.643,30783242.45,2.95,1051.79
2024-08-05 02:00:00+00:00,short,buy,54389.6,,30767850.82,-0.05,1051.74
2024-08-05 05:08:00+00:00,short,sell - take_profit,54389.6,52757.912,31675502.42,2.95,1054.69
2024-08-05 06:00:00+00:00,short,buy,52696.5,,31659664.67,-0.05,1054.64
2024-08-05 06:18:00+00:00,short,sell - take_profit,52696.5,51115.604999999996,32593624.78,2.95,1057.59
2024-08-05 07:00:00+00:00,short,buy,51562.0,,32577327.97,-0.05,1057.54
2024-08-05 07:18:00+00:00,short,sell - stop_loss,51562.0,52077.62,32235266.02,-1.05,1056.49
2024-08-05 08:00:00+00:00,short,buy,52645.6,,32219148.39,-0.05,1056.44
2024-08-05 08:18:00+00:00,short,sell - stop_loss,52645.6,53172.056,31880847.33,-1.05,1055.39
2024-08-05 09:00:00+00:00,short,buy,52727.8,,31864906.91,-0.05,1055.34
2024-08-05 10:28:00+00:00,short,sell - take_profit,52727.8,51145.966,32804921.66,2.95,1058.29
2024-08-05 11:00:00+00:00,short,buy,51364.1,,32788519.2,-0.05,1058.24
2024-08-05 11:15:00+00:00,short,sell - stop_loss,51364.1,51877.741,32444239.75,-1.05,1057.19
2024-08-05 12:00:00+00:00,short,buy,51316.7,,32428017.63,-0.05,1057.14
2024-08-05 12:33:00+00:00,short,sell - take_profit,51316.7,49777.19899999999,33384644.15,2.95,1060.09
2024-08-05 13:00:00+00:00,short,buy,49788.4,,33367951.83,-0.05,1060.04
2024-08-05 13:05:00+00:00,short,sell - stop_loss,49788.4,50286.284,33017588.33,-1.05,1058.99
2024-08-05 14:00:00+00:00,short,buy,51927.7,,33001079.54,-0.05,1058.94
2024-08-05 14:00:00+00:00,short,sell - stop_loss,51927.7,52446.977,32654568.21,-1.05,1057.89
2024-08-05 15:00:00+00:00,long,buy,54028.3,,32638240.92,-0.05,1057.84
2024-08-05 15:01:00+00:00,long,sell - stop_loss,54028.3,53488.017,32295539.39,-1.05,1056.79
2024-08-05 16:00:00+00:00,long,buy,54289.7,,32279391.62,-0.05,1056.74
2024-08-05 17:07:00+00:00,long,sell - stop_loss,54289.7,53746.803,31940458.01,-1.05,1055.69
2024-08-05 18:00:00+00:00,short,buy,54676.2,,31924487.78,-0.05,1055.64
2024-08-05 18:59:00+00:00,short,sell - take_profit,54676.2,53035.914,32866260.17,2.95,1058.59
2024-08-05 19:00:00+00:00,long,buy,53082.6,,32849827.04,-0.05,1058.54
2024-08-05 19:18:00+00:00,long,sell - stop_loss,53082.6,52551.774,32504903.86,-1.05,1057.49
2024-08-05 20:00:00+00:00,long,buy,53450.3,,32488651.4,-0.05,1057.44
2024-08-05 21:16:00+00:00,long,sell - take_profit,53450.3,55053.809,33447066.62,2.95,1060.39
2024-08-05 22:00:00+00:00,long,buy,54344.9,,33430343.09,-0.05,1060.34
2024-08-05 23:00:00+00:00,long,sell - direction_change,54344.9,54672.7,33615274.56,0.55,1060.89
2024-08-05 23:00:00+00:00,short,buy,54672.7,,33598466.92,-0.05,1060.84
2024-08-06 00:00:00+00:00,short,sell - direction_change,54672.7,54003.5,33992916.7,1.17,1062.02
2024-08-06 00:00:00+00:00,long,buy,54003.5,,33975920.24,-0.05,1061.97
2024-08-06 00:25:00+00:00,long,sell - take_profit,54003.5,55623.605,34978209.89,2.95,1064.92
2024-08-06 01:00:00+00:00,long,buy,56010.1,,34960720.78,-0.05,1064.87
2024-08-06 01:38:00+00:00,long,sell - stop_loss,56010.1,55449.998999999996,34593633.22,-1.05,1063.82
2024-08-06 02:00:00+00:00,long,buy,55689.9,,34576336.4,-0.05,1063.77
2024-08-06 08:34:00+00:00,long,sell - stop_loss,55689.9,55133.001000000004,34213284.87,-1.05,1062.72
2024-08-06 09:00:00+00:00,long,buy,54970.0,,34196178.22,-0.05,1062.67
2024-08-06 13:23:00+00:00,long,sell - stop_loss,54970.0,54420.3,33837118.35,-1.05,1061.62
2024-08-06 14:00:00+00:00,long,buy,55180.2,,33820199.79,-0.05,1061.57
2024-08-06 16:54:00+00:00,long,sell - take_profit,55180.2,56835.606,34817895.69,2.95,1064.52
2024-08-06 17:00:00+00:00,long,buy,56743.7,,34800486.74,-0.05,1064.47
2024-08-06 20:50:00+00:00,long,sell - stop_loss,56743.7,56176.263,34435081.63,-1.05,1063.42
2024-08-06 21:00:00+00:00,long,buy,56511.9,,34417864.09,-0.05,1063.37
2024-08-06 22:27:00+00:00,long,sell - stop_loss,56511.9,55946.781,34056476.52,-1.05,1062.32
2024-08-06 23:00:00+00:00,long,buy,56175.4,,34039448.28,-0.05,1062.27
2024-08-07 00:14:00+00:00,long,sell - stop_loss,56175.4,55613.646,33682034.07,-1.05,1061.22
2024-08-07 01:00:00+00:00,long,buy,56251.2,,33665193.05,-0.05,1061.17
2024-08-07 14:00:00+00:00,long,sell - direction_change,56251.2,56800.9,33977344.67,0.93,1062.09
2024-08-07 14:00:00+00:00,short,buy,56800.9,,33960356.0,-0.05,1062.04
2024-08-07 18:19:00+00:00,short,sell - take_profit,56800.9,55096.873,34962186.5,2.95,1064.99
2024-08-07 19:00:00+00:00,short,buy,54785.4,,34944705.4,-0.05,1064.94
2024-08-07 21:42:00+00:00,short,sell - stop_loss,54785.4,55333.254,34577786.0,-1.05,1063.89
2024-08-07 22:00:00+00:00,short,buy,55389.1,,34560497.1,-0.05,1063.84
2024-08-08 01:00:00+00:00,short,sell - direction_change,55389.1,55270.6,34617155.93,0.16,1064.01
2024-08-08 01:00:00+00:00,long,buy,55270.6,,34599847.35,-0.05,1063.96
2024-08-08 01:44:00+00:00,long,sell - take_profit,55270.6,56928.718,35620542.85,2.95,1066.91
2024-08-08 02:00:00+00:00,long,buy,56842.0,,35602732.58,-0.05,1066.86
2024-08-08 14:47:00+00:00,long,sell - take_profit,56842.0,58547.26,36653013.19,2.95,1069.81
2024-08-08 15:00:00+00:00,long,buy,58880.8,,36634686.68,-0.05,1069.76
2024-08-08 21:42:00+00:00,long,sell - take_profit,58880.8,60647.224,37715409.94,2.95,1072.71
2024-08-08 22:00:00+00:00,long,buy,61154.8,,37696552.24,-0.05,1072.66
2024-08-09 10:20:00+00:00,long,sell - stop_loss,61154.8,60543.252,37300738.44,-1.05,1071.61
2024-08-09 11:00:00+00:00,long,buy,60574.1,,37282088.07,-0.05,1071.56
2024-08-09 13:35:00+00:00,long,sell - stop_loss,60574.1,59968.359,36890626.14,-1.05,1070.51
2024-08-09 14:00:00+00:00,short,buy,60425.5,,36872180.83,-0.05,1070.46
2024-08-09 14:04:00+00:00,short,sell - stop_loss,60425.5,61029.755,36485022.93,-1.05,1069.41
2024-08-09 15:00:00+00:00,short,buy,60322.1,,36466780.42,-0.05,1069.36
2024-08-09 16:00:00+00:00,short,sell - direction_change,60322.1,59786.4,36772396.07,0.84,1070.2
2024-08-09 16:00:00+00:00,long,buy,59786.4,,36754009.87,-0.05,1070.15
2024-08-09 17:00:00+00:00,long,sell - direction_change,59786.4,60406.7,37116965.62,0.99,1071.13
2024-08-09 17:00:00+00:00,short,buy,60406.7,,37098407.14,-0.05,1071.08
2024-08-09 19:00:00+00:00,short,sell - direction_change,60406.7,60291.1,37150852.97,0.14,1071.23
2024-08-09 19:00:00+00:00,long,buy,60291.1,,37132277.54,-0.05,1071.18
2024-08-10 03:00:00+00:00,long,sell - direction_change,60291.1,60511.5,37249452.07,0.32,1071.49
2024-08-10 03:00:00+00:00,short,buy,60511.5,,37230827.34,-0.05,1071.44
2024-08-10 07:00:00+00:00,short,sell - direction_change,60511.5,60427.6,37263832.97,0.09,1071.53
2024-08-10 07:00:00+00:00,long,buy,60427.6,,37245201.05,-0.05,1071.48
2024-08-10 13:00:00+00:00,long,sell - direction_change,60427.6,60688.9,37387633.51,0.38,1071.86
2024-08-10 13:00:00+00:00,short,buy,60688.9,,37368939.7,-0.05,1071.81
2024-08-10 14:00:00+00:00,short,sell - direction_change,60688.9,60400.0,37528144.21,0.43,1072.24
2024-08-10 14:00:00+00:00,long,buy,60400.0,,37509380.14,-0.05,1072.19
2024-08-10 15:00:00+00:00,long,sell - direction_change,60400.0,60553.9,37586199.85,0.2,1072.39
2024-08-10 15:00:00+00:00,short,buy,60553.9,,37567406.75,-0.05,1072.34
2024-08-10 16:00:00+00:00,short,sell - direction_change,60553.9,60480.5,37594160.12,0.07,1072.41
2024-08-10 16:00:00+00:00,long,buy,60480.5,,37575363.04,-0.05,1072.36
2024-08-11 11:00:00+00:00,long,sell - direction_change,60480.5,61003.6,37881567.25,0.81,1073.18
2024-08-11 11:00:00+00:00,short,buy,61003.6,,37862626.47,-0.05,1073.13
2024-08-11 20:07:00+00:00,short,sell - take_profit,61003.6,59173.492,38979573.95,2.95,1076.08
2024-08-11 21:00:00+00:00,short,buy,58479.9,,38960084.16,-0.05,1076.03
2024-08-11 22:02:00+00:00,short,sell - stop_loss,58479.9,59064.699,38551003.28,-1.05,1074.98
2024-08-11 23:00:00+00:00,short,buy,58960.9,,38531727.78,-0.05,1074.93
2024-08-12 11:00:00+00:00,short,sell - direction_change,58960.9,58935.4,38529126.5,-0.01,1074.92
2024-08-12 11:00:00+00:00,long,buy,58935.4,,38509861.94,-0.05,1074.87
2024-08-12 13:00:00+00:00,long,sell - direction_change,58935.4,59699.9,38990150.4,1.25,1076.12
2024-08-12 13:00:00+00:00,short,buy,59699.9,,38970655.32,-0.05,1076.07
2024-08-12 14:00:00+00:00,short,sell - direction_change,59699.9,58133.7,39973547.59,2.57,1078.64
2024-08-12 14:00:00+00:00,long,buy,58133.7,,39953560.82,-0.05,1078.59
2024-08-12 14:34:00+00:00,long,sell - take_profit,58133.7,59877.710999999996,41132190.86,2.95,1081.54
2024-08-12 15:00:00+00:00,long,buy,60265.2,,41111624.77,-0.05,1081.49
2024-08-12 15:23:00+00:00,long,sell - stop_loss,60265.2,59662.547999999995,40679952.71,-1.05,1080.44
2024-08-12 16:00:00+00:00,long,buy,60171.3,,40659612.73,-0.05,1080.39
2024-08-12 16:56:00+00:00,long,sell - stop_loss,60171.3,59569.587,40232686.8,-1.05,1079.34
2024-08-12 17:00:00+00:00,long,buy,59581.7,,40212570.45,-0.05,1079.29
2024-08-12 18:36:00+00:00,long,sell - stop_loss,59581.7,58985.882999999994,39790338.46,-1.05,1078.24
2024-08-12 19:00:00+00:00,long,buy,58511.4,,39770443.3,-0.05,1078.19
2024-08-12 20:00:00+00:00,long,sell - direction_change,58511.4,59026.0,40100333.85,0.83,1079.02
2024-08-12 20:00:00+00:00,short,buy,59026.0,,40080283.68,-0.05,1078.97
2024-08-12 22:00:00+00:00,short,sell - direction_change,59026.0,58951.2,40111034.8,0.08,1079.05
2024-08-12 22:00:00+00:00,long,buy,58951.2,,40090979.28,-0.05,1079.0
2024-08-13 03:00:00+00:00,long,sell - direction_change,58951.2,59450.1,40410221.03,0.8,1079.8
2024-08-13 03:00:00+00:00,short,buy,59450.1,,40390015.92,-0.05,1079.75
2024-08-13 04:00:00+00:00,short,sell - direction_change,59450.1,59014.0,40666104.45,0.68,1080.43
2024-08-13 04:00:00+00:00,long,buy,59014.0,,40645771.4,-0.05,1080.38
2024-08-13 09:00:00+00:00,long,sell - direction_change,59014.0,59068.2,40662778.65,0.04,1080.42
2024-08-13 09:00:00+00:00,short,buy,59068.2,,40642447.26,-0.05,1080.37
2024-08-13 13:00:00+00:00,short,sell - direction_change,59068.2,59095.4,40603410.81,-0.1,1080.27
2024-08-13 13:00:00+00:00,long,buy,59095.4,,40583109.11,-0.05,1080.22
2024-08-13 16:48:00+00:00,long,sell - take_profit,59095.4,60868.262,41780310.83,2.95,1083.17
2024-08-13 17:00:00+00:00,long,buy,61121.0,,41759420.67,-0.05,1083.12
2024-08-13 19:16:00+00:00,long,sell - stop_loss,61121.0,60509.79,41320946.75,-1.05,1082.07
2024-08-13 20:00:00+00:00,long,buy,60794.5,,41300286.28,-0.05,1082.02
2024-08-14 13:00:00+00:00,long,sell - direction_change,60794.5,61026.8,41437447.39,0.33,1082.36
2024-08-14 13:00:00+00:00,short,buy,61026.8,,41416728.67,-0.05,1082.31
2024-08-14 14:10:00+00:00,short,sell - take_profit,61026.8,59195.996,42638522.17,2.95,1085.26
2024-08-14 15:00:00+00:00,short,buy,59468.4,,42617202.91,-0.05,1085.21
2024-08-15 07:31:00+00:00,short,sell - take_profit,59468.4,57684.348,43874410.39,2.95,1088.16
2024-08-15 08:00:00+00:00,short,buy,58031.9,,43852473.19,-0.05,1088.11
2024-08-15 11:00:00+00:00,short,sell - direction_change,58031.9,58326.0,43608306.9,-0.56,1087.55
2024-08-15 11:00:00+00:00,long,buy,58326.0,,43586502.75,-0.05,1087.5
2024-08-15 18:00:00+00:00,long,sell - direction_change,58326.0,58840.7,43949340.24,0.83,1088.33
2024-08-15 18:00:00+00:00,short,buy,58840.7,,43927365.57,-0.05,1088.28
2024-08-15 19:11:00+00:00,short,sell - take_profit,58840.7,57075.47899999999,45223222.86,2.95,1091.23
2024-08-15 20:00:00+00:00,short,buy,57002.5,,45200611.24,-0.05,1091.18
2024-08-15 21:59:00+00:00,short,sell - stop_loss,57002.5,57572.525,44726004.83,-1.05,1090.13
2024-08-15 22:00:00+00:00,short,buy,57583.0,,44703641.82,-0.05,1090.08
2024-08-16 02:31:00+00:00,short,sell - stop_loss,57583.0,58158.83,44234253.58,-1.05,1089.03
2024-08-16 03:00:00+00:00,short,buy,58168.4,,44212136.46,-0.05,1088.98
2024-08-16 04:00:00+00:00,short,sell - direction_change,58168.4,57858.1,44425880.54,0.48,1089.47
2024-08-16 04:00:00+00:00,long,buy,57858.1,,44403667.6,-0.05,1089.42
2024-08-16 12:00:00+00:00,long,sell - direction_change,57858.1,58369.4,44773867.09,0.83,1090.25
2024-08-16 12:00:00+00:00,short,buy,58369.4,,44751480.16,-0.05,1090.2
2024-08-16 13:00:00+00:00,short,sell - direction_change,58369.4,57844.4,45131618.87,0.85,1091.05
2024-08-16 13:00:00+00:00,long,buy,57844.4,,45109053.06,-0.05,1091.0
2024-08-16 14:00:00+00:00,long,sell - direction_change,57844.4,58311.9,45451071.12,0.76,1091.76
2024-08-16 14:00:00+00:00,short,buy,58311.9,,45428345.58,-0.05,1091.71
2024-08-16 16:00:00+00:00,short,sell - direction_change,58311.9,58035.1,45621274.63,0.42,1092.13
2024-08-16 16:00:00+00:00,long,buy,58035.1,,45598464.0,-0.05,1092.08
2024-08-16 19:32:00+00:00,long,sell - take_profit,58035.1,59776.153,46943618.69,2.95,1095.03
2024-08-16 20:00:00+00:00,long,buy,59649.3,,46920146.88,-0.05,1094.98
2024-08-16 21:17:00+00:00,long,sell - stop_loss,59649.3,59052.807,46427485.33,-1.05,1093.93
2024-08-16 22:00:00+00:00,long,buy,58993.4,,46404271.59,-0.05,1093.88
2024-08-18 17:00:00+00:00,long,sell - direction_change,58993.4,59808.0,47021834.69,1.33,1095.21
2024-08-18 17:00:00+00:00,short,buy,59808.0,,46998323.77,-0.05,1095.16
2024-08-19 09:49:00+00:00,short,sell - take_profit,59808.0,58013.76,48384774.32,2.95,1098.11
2024-08-19 10:00:00+00:00,short,buy,57977.3,,48360581.93,-0.05,1098.06
2024-08-19 13:08:00+00:00,short,sell - stop_loss,57977.3,58557.073000000004,47852795.82,-1.05,1097.01
2024-08-19 14:00:00+00:00,short,buy,58176.7,,47828869.43,-0.05,1096.96
2024-08-19 17:00:00+00:00,short,sell - direction_change,58176.7,58670.2,47399233.34,-0.9,1096.06
2024-08-19 17:00:00+00:00,long,buy,58670.2,,47375533.72,-0.05,1096.01
2024-08-20 00:31:00+00:00,long,sell - take_profit,58670.2,60430.306,48773111.96,2.95,1098.96
2024-08-20 01:00:00+00:00,long,buy,60454.6,,48748725.41,-0.05,1098.91
2024-08-20 14:00:00+00:00,long,sell - direction_change,60454.6,60850.0,49043189.41,0.6,1099.52
2024-08-20 14:00:00+00:00,short,buy,60850.0,,49018667.82,-0.05,1099.47
2024-08-20 15:00:00+00:00,short,sell - take_profit,60850.0,59024.5,50464718.52,2.95,1102.42
2024-08-20 16:00:00+00:00,short,buy,58783.7,,50439486.16,-0.05,1102.37
2024-08-20 18:21:00+00:00,short,sell - stop_loss,58783.7,59371.537,49909871.56,-1.05,1101.32
2024-08-20 19:00:00+00:00,short,buy,59157.6,,49884916.62,-0.05,1101.27
2024-08-21 08:00:00+00:00,short,sell - stop_loss,59157.6,59749.176,49361124.99,-1.05,1100.22
2024-08-21 09:00:00+00:00,short,buy,59414.1,,49336444.43,-0.05,1100.17
2024-08-21 12:00:00+00:00,short,sell - direction_change,59414.1,59332.3,49379701.52,0.09,1100.26
2024-08-21 12:00:00+00:00,long,buy,59332.3,,49355011.67,-0.05,1100.21
2024-08-21 19:10:00+00:00,long,sell - take_profit,59332.3,61112.26900000001,50810984.51,2.95,1103.16
2024-08-21 20:00:00+00:00,long,buy,61538.1,,50785579.02,-0.05,1103.11
2024-08-21 20:49:00+00:00,long,sell - stop_loss,61538.1,60922.719,50252330.44,-1.05,1102.06
2024-08-21 21:00:00+00:00,long,buy,61204.4,,50227204.28,-0.05,1102.01
2024-08-22 02:37:00+00:00,long,sell - stop_loss,61204.4,60592.356,49699818.63,-1.05,1100.96
2024-08-22 03:00:00+00:00,long,buy,60144.7,,49674968.72,-0.05,1100.91
2024-08-22 15:00:00+00:00,long,sell - direction_change,60144.7,60476.0,49923759.96,0.5,1101.41
2024-08-22 15:00:00+00:00,short,buy,60476.0,,49898798.08,-0.05,1101.36
2024-08-23 00:00:00+00:00,short,sell - direction_change,60476.0,60349.9,49977893.89,0.16,1101.52
2024-08-23 00:00:00+00:00,long,buy,60349.9,,49952904.94,-0.05,1101.47
2024-08-23 02:00:00+00:00,long,sell - direction_change,60349.9,60727.8,50240724.42,0.58,1102.04
2024-08-23 02:00:00+00:00,short,buy,60727.8,,50215604.05,-0.05,1101.99
2024-08-23 03:00:00+00:00,short,sell - direction_change,60727.8,60598.8,50297165.9,0.16,1102.15
2024-08-23 03:00:00+00:00,long,buy,60598.8,,50272017.32,-0.05,1102.1
2024-08-23 11:00:00+00:00,long,sell - direction_change,60598.8,61020.1,50596386.59,0.65,1102.75
2024-08-23 11:00:00+00:00,short,buy,61020.1,,50571088.4,-0.05,1102.7
2024-08-23 12:00:00+00:00,short,sell - direction_change,61020.1,60710.1,50802718.81,0.46,1103.16
2024-08-23 12:00:00+00:00,long,buy,60710.1,,50777317.45,-0.05,1103.11
2024-08-23 17:46:00+00:00,long,sell - take_profit,60710.1,62531.403,52275248.32,2.95,1106.06
2024-08-23 18:00:00+00:00,long,buy,62966.0,,52249110.69,-0.05,1106.01
2024-08-23 21:20:00+00:00,long,sell - take_profit,62966.0,64854.98,53790459.46,2.95,1108.96
2024-08-23 22:00:00+00:00,long,buy,64350.1,,53763564.23,-0.05,1108.91
2024-08-24 01:19:00+00:00,long,sell - stop_loss,64350.1,63706.598999999995,53199046.8,-1.05,1107.86
2024-08-24 02:00:00+00:00,long,buy,63808.1,,53172447.28,-0.05,1107.81
2024-08-24 21:00:00+00:00,long,sell - direction_change,63808.1,64097.4,53386940.0,0.4,1108.21
2024-08-24 21:00:00+00:00,short,buy,64097.4,,53360246.53,-0.05,1108.16
2024-08-24 23:00:00+00:00,short,sell - direction_change,64097.4,63794.5,53585726.69,0.42,1108.58
2024-08-24 23:00:00+00:00,long,buy,63794.5,,53558933.82,-0.05,1108.53
2024-08-25 06:00:00+00:00,long,sell - direction_change,63794.5,64110.4,53797369.5,0.45,1108.98
2024-08-25 06:00:00+00:00,short,buy,64110.4,,53770470.81,-0.05,1108.93
2024-08-25 14:00:00+00:00,short,sell - direction_change,64110.4,64048.0,53795921.51,0.05,1108.98
2024-08-25 14:00:00+00:00,long,buy,64048.0,,53769023.55,-0.05,1108.93
2024-08-25 15:00:00+00:00,long,sell - direction_change,64048.0,64122.3,53804514.73,0.07,1108.99
2024-08-25 15:00:00+00:00,short,buy,64122.3,,53777612.47,-0.05,1108.94
2024-08-25 16:00:00+00:00,short,sell - direction_change,64122.3,64099.9,53769509.93,-0.02,1108.93
2024-08-25 16:00:00+00:00,long,buy,64099.9,,53742625.17,-0.05,1108.88
2024-08-26 01:00:00+00:00,long,sell - direction_change,64099.9,64068.1,53689092.11,-0.1,1108.78
2024-08-26 01:00:00+00:00,short,buy,64068.1,,53662247.57,-0.05,1108.73
2024-08-26 02:00:00+00:00,short,sell - direction_change,64068.1,63893.3,53781825.67,0.22,1108.95
2024-08-26 02:00:00+00:00,long,buy,63893.3,,53754934.75,-0.05,1108.9
2024-08-26 04:00:00+00:00,long,sell - direction_change,63893.3,64089.5,53893124.96,0.26,1109.16
2024-08-26 04:00:00+00:00,short,buy,64089.5,,53866178.4,-0.05,1109.11
2024-08-27 12:44:00+00:00,short,sell - take_profit,64089.5,62166.814999999995,55455230.66,2.95,1112.06
2024-08-27 13:00:00+00:00,short,buy,62400.0,,55427503.04,-0.05,1112.01
2024-08-27 21:47:00+00:00,short,sell - take_profit,62400.0,60528.0,57062614.38,2.95,1114.96
2024-08-27 22:00:00+00:00,short,buy,60379.6,,57034083.08,-0.05,1114.91
2024-08-27 22:14:00+00:00,short,sell - take_profit,60379.6,58568.212,58716588.53,2.95,1117.86
2024-08-27 23:00:00+00:00,short,buy,59467.7,,58687230.23,-0.05,1117.81
2024-08-28 09:57:00+00:00,short,sell - stop_loss,59467.7,60062.377,58071014.31,-1.05,1116.76
2024-08-28 10:00:00+00:00,short,buy,60166.3,,58041978.81,-0.05,1116.71
2024-08-28 11:00:00+00:00,short,sell - direction_change,60166.3,59732.2,58431730.84,0.67,1117.38
2024-08-28 11:00:00+00:00,long,buy,59732.2,,58402514.97,-0.05,1117.33
2024-08-28 13:00:00+00:00,long,sell - direction_change,59732.2,59917.1,58554097.7,0.26,1117.59
2024-08-28 13:00:00+00:00,short,buy,59917.1,,58524820.65,-0.05,1117.54
2024-08-28 16:20:00+00:00,short,sell - take_profit,59917.1,58119.587,60251302.86,2.95,1120.49
2024-08-28 17:00:00+00:00,short,buy,59158.3,,60221177.2,-0.05,1120.44
2024-08-28 18:00:00+00:00,short,sell - direction_change,59158.3,58620.1,60738936.27,0.86,1121.3
2024-08-28 18:00:00+00:00,long,buy,58620.1,,60708566.8,-0.05,1121.25
2024-08-28 19:00:00+00:00,long,sell - direction_change,58620.1,59457.9,61545860.94,1.38,1122.63
2024-08-28 19:00:00+00:00,short,buy,59457.9,,61515088.01,-0.05,1122.58
2024-08-29 03:00:00+00:00,short,sell - direction_change,59457.9,59106.4,61847992.04,0.54,1123.12
2024-08-29 03:00:00+00:00,long,buy,59106.4,,61817068.05,-0.05,1123.07
2024-08-29 04:00:00+00:00,long,sell - direction_change,59106.4,59113.4,61793480.54,-0.04,1123.03
2024-08-29 04:00:00+00:00,short,buy,59113.4,,61762583.8,-0.05,1122.98
2024-08-29 05:00:00+00:00,short,sell - direction_change,59113.4,59164.1,61678730.37,-0.14,1122.84
2024-08-29 05:00:00+00:00,long,buy,59164.1,,61647891.01,-0.05,1122.79
2024-08-29 15:05:00+00:00,long,sell - take_profit,59164.1,60939.023,63466503.79,2.95,1125.74
2024-08-29 16:00:00+00:00,long,buy,60750.9,,63434770.54,-0.05,1125.69
2024-08-29 18:00:00+00:00,long,sell - direction_change,60750.9,60501.1,63142217.42,-0.46,1125.23
2024-08-29 18:00:00+00:00,short,buy,60501.1,,63110646.31,-0.05,1125.18
2024-08-29 22:09:00+00:00,short,sell - take_profit,60501.1,58686.066999999995,64972410.38,2.95,1128.13
2024-08-29 23:00:00+00:00,short,buy,59182.5,,64939924.17,-0.05,1128.08
2024-08-30 10:00:00+00:00,short,sell - direction_change,59182.5,59547.7,64506726.62,-0.67,1127.42
2024-08-30 10:00:00+00:00,long,buy,59547.7,,64474473.26,-0.05,1127.37
2024-08-30 11:00:00+00:00,long,sell - direction_change,59547.7,59548.5,64443102.21,-0.05,1127.32
2024-08-30 11:00:00+00:00,short,buy,59548.5,,64410880.66,-0.05,1127.27
2024-08-30 12:00:00+00:00,short,sell - direction_change,59548.5,59367.0,64574995.44,0.25,1127.52
2024-08-30 12:00:00+00:00,long,buy,59367.0,,64542707.95,-0.05,1127.47
2024-08-30 14:00:00+00:00,long,sell - direction_change,59367.0,59630.0,64796365.34,0.39,1127.87
2024-08-30 14:00:00+00:00,short,buy,59630.0,,64763967.16,-0.05,1127.82
2024-08-30 16:27:00+00:00,short,sell - take_profit,59630.0,57841.1,66674504.19,2.95,1130.77
2024-08-30 17:00:00+00:00,short,buy,58517.3,,66641166.94,-0.05,1130.72
2024-08-30 18:00:00+00:00,short,sell - direction_change,58517.3,58602.6,66510704.29,-0.2,1130.52
2024-08-30 18:00:00+00:00,long,buy,58602.6,,66477448.94,-0.05,1130.47
2024-08-30 19:00:00+00:00,long,sell - direction_change,58602.6,59339.9,67280586.47,1.21,1131.68
2024-08-30 19:00:00+00:00,short,buy,59339.9,,67246946.17,-0.05,1131.63
2024-08-30 22:00:00+00:00,short,sell - direction_change,59339.9,59025.0,67570183.15,0.48,1132.11
2024-08-30 22:00:00+00:00,long,buy,59025.0,,67536398.06,-0.05,1132.06
2024-08-31 08:00:00+00:00,long,sell - direction_change,59025.0,59060.8,67543592.21,0.01,1132.07
2024-08-31 08:00:00+00:00,short,buy,59060.8,,67509820.42,-0.05,1132.02
2024-08-31 12:00:00+00:00,short,sell - direction_change,59060.8,59093.1,67439144.79,-0.1,1131.91
2024-08-31 12:00:00+00:00,long,buy,59093.1,,67405425.22,-0.05,1131.86
2024-08-31 13:00:00+00:00,long,sell - direction_change,59093.1,59153.7,67440846.8,0.05,1131.92
2024-08-31 13:00:00+00:00,short,buy,59153.7,,67407126.37,-0.05,1131.87
2024-09-01 14:14:00+00:00,short,sell - take_profit,59153.7,57379.08899999999,69395636.6,2.95,1134.82
2024-09-01 15:00:00+00:00,short,buy,57847.2,,69360938.78,-0.05,1134.77
2024-09-01 18:00:00+00:00,short,sell - direction_change,57847.2,58090.1,69035012.2,-0.47,1134.3
2024-09-01 18:00:00+00:00,long,buy,58090.1,,69000494.7,-0.05,1134.25
2024-09-01 22:00:00+00:00,long,sell - direction_change,58090.1,58312.8,69230521.63,0.33,1134.58
2024-09-01 22:00:00+00:00,short,buy,58312.8,,69195906.37,-0.05,1134.53
2024-09-02 08:00:00+00:00,short,sell - direction_change,58312.8,57523.3,70098155.35,1.3,1135.83
2024-09-02 08:00:00+00:00,long,buy,57523.3,,70063106.27,-0.05,1135.78
2024-09-02 20:55:00+00:00,long,sell - take_profit,57523.3,59248.999,72129967.91,2.95,1138.73
2024-09-02 21:00:00+00:00,long,buy,58962.1,,72093902.92,-0.05,1138.68
2024-09-03 06:00:00+00:00,long,sell - direction_change,58962.1,59166.6,72307901.39,0.3,1138.98
2024-09-03 06:00:00+00:00,short,buy,59166.6,,72271747.44,-0.05,1138.93
2024-09-03 07:00:00+00:00,short,sell - direction_change,59166.6,58870.1,72597785.04,0.45,1139.38
2024-09-03 07:00:00+00:00,long,buy,58870.1,,72561486.15,-0.05,1139.33
2024-09-03 08:00:00+00:00,long,sell - direction_change,58870.1,59078.0,72781456.6,0.3,1139.64
2024-09-03 08:00:00+00:00,short,buy,59078.0,,72745065.87,-0.05,1139.59
2024-09-03 10:00:00+00:00,short,sell - direction_change,59078.0,58840.1,73001628.96,0.35,1139.94
2024-09-03 10:00:00+00:00,long,buy,58840.1,,72965128.15,-0.05,1139.89
2024-09-03 13:00:00+00:00,long,sell - direction_change,58840.1,59105.0,73257136.91,0.4,1140.29
2024-09-03 13:00:00+00:00,short,buy,59105.0,,73220508.34,-0.05,1140.24
2024-09-03 23:54:00+00:00,short,sell - take_profit,59105.0,57331.85,75380513.34,2.95,1143.19
2024-09-04 00:00:00+00:00,short,buy,57452.0,,75342823.08,-0.05,1143.14
2024-09-04 01:04:00+00:00,short,sell - take_profit,57452.0,55728.439999999995,77565436.36,2.95,1146.09
2024-09-04 02:00:00+00:00,short,buy,56750.9,,77526653.64,-0.05,1146.04
2024-09-04 14:00:00+00:00,short,sell - direction_change,56750.9,56466.4,77876542.0,0.45,1146.49
2024-09-04 14:00:00+00:00,long,buy,56466.4,,77837603.73,-0.05,1146.44
2024-09-04 16:01:00+00:00,long,sell - take_profit,56466.4,58160.392,80133813.04,2.95,1149.39
2024-09-04 17:00:00+00:00,long,buy,58374.6,,80093746.14,-0.05,1149.34
2024-09-04 18:05:00+00:00,long,sell - stop_loss,58374.6,57790.854,79252761.8,-1.05,1148.29
2024-09-04 19:00:00+00:00,long,buy,57660.2,,79213135.42,-0.05,1148.24
2024-09-05 03:00:00+00:00,long,sell - direction_change,57660.2,57673.3,79191525.53,-0.03,1148.21
2024-09-05 03:00:00+00:00,short,buy,57673.3,,79151929.77,-0.05,1148.16
2024-09-05 15:28:00+00:00,short,sell - take_profit,57673.3,55943.101,81486911.7,2.95,1151.11
2024-09-05 16:00:00+00:00,short,buy,55947.0,,81446168.24,-0.05,1151.06
2024-09-05 17:47:00+00:00,short,sell - stop_loss,55947.0,56506.47,80590983.47,-1.05,1150.01
2024-09-05 18:00:00+00:00,short,buy,56576.9,,80550687.98,-0.05,1149.96
2024-09-06 04:00:00+00:00,short,sell - direction_change,56576.9,56553.7,80543443.36,-0.01,1149.95
2024-09-06 04:00:00+00:00,long,buy,56553.7,,80503171.64,-0.05,1149.9
2024-09-06 05:00:00+00:00,long,sell - direction_change,56553.7,56566.0,80480428.88,-0.03,1149.87
2024-09-06 05:00:00+00:00,short,buy,56566.0,,80440188.67,-0.05,1149.82
2024-09-06 12:00:00+00:00,short,sell - direction_change,56566.0,55972.1,81244529.41,1.0,1150.82
2024-09-06 12:00:00+00:00,long,buy,55972.1,,81203907.14,-0.05,1150.77
2024-09-06 13:00:00+00:00,long,sell - direction_change,55972.1,56831.3,82409826.17,1.49,1152.26
2024-09-06 13:00:00+00:00,short,buy,56831.3,,82368621.26,-0.05,1152.21
2024-09-06 14:13:00+00:00,short,sell - take_profit,56831.3,55126.361000000004,84798495.58,2.95,1155.16
2024-09-06 15:00:00+00:00,short,buy,54709.2,,84756096.34,-0.05,1155.11
2024-09-06 20:36:00+00:00,short,sell - take_profit,54709.2,53067.924,87256401.18,2.95,1158.06
2024-09-06 21:00:00+00:00,short,buy,52869.0,,87212772.98,-0.05,1158.01
2024-09-06 21:29:00+00:00,short,sell - stop_loss,52869.0,53397.69,86297038.86,-1.05,1156.96
2024-09-06 22:00:00+00:00,short,buy,53740.0,,86253890.34,-0.05,1156.91
2024-09-07 05:08:00+00:00,short,sell - stop_loss,53740.0,54277.4,85348224.49,-1.05,1155.86
2024-09-07 06:00:00+00:00,short,buy,54147.1,,85305550.38,-0.05,1155.81
2024-09-07 07:00:00+00:00,short,sell - direction_change,54147.1,54281.6,85051000.82,-0.3,1155.51
2024-09-07 07:00:00+00:00,long,buy,54281.6,,85008475.32,-0.05,1155.46
2024-09-07 17:00:00+00:00,long,sell - direction_change,54281.6,54439.6,85213409.24,0.24,1155.7
2024-09-07 17:00:00+00:00,short,buy,54439.6,,85170802.53,-0.05,1155.65
2024-09-07 18:00:00+00:00,short,sell - direction_change,54439.6,54110.3,85643407.28,0.55,1156.21
2024-09-07 18:00:00+00:00,long,buy,54110.3,,85600585.57,-0.05,1156.16
2024-09-07 20:00:00+00:00,long,sell - direction_change,54110.3,54375.1,85976689.54,0.44,1156.6
2024-09-07 20:00:00+00:00,short,buy,54375.1,,85933701.19,-0.05,1156.55
2024-09-08 03:00:00+00:00,short,sell - direction_change,54375.1,54309.9,85993775.57,0.07,1156.62
2024-09-08 03:00:00+00:00,long,buy,54309.9,,85950778.69,-0.05,1156.57
2024-09-08 05:00:00+00:00,long,sell - direction_change,54309.9,54464.6,86152631.32,0.23,1156.8
2024-09-08 05:00:00+00:00,short,buy,54464.6,,86109555.0,-0.05,1156.75
2024-09-08 06:00:00+00:00,short,sell - direction_change,54464.6,54315.7,86301913.92,0.22,1156.97
2024-09-08 06:00:00+00:00,long,buy,54315.7,,86258762.96,-0.05,1156.92
2024-09-08 12:00:00+00:00,long,sell - direction_change,54315.7,54528.7,86553898.88,0.34,1157.27
2024-09-08 12:00:00+00:00,short,buy,54528.7,,86510621.93,-0.05,1157.22
2024-09-08 17:00:00+00:00,short,sell - direction_change,54528.7,53883.7,87490669.05,1.13,1158.35
2024-09-08 17:00:00+00:00,long,buy,53883.7,,87446923.72,-0.05,1158.3
2024-09-09 09:09:00+00:00,long,sell - take_profit,53883.7,55500.210999999996,90026607.97,2.95,1161.25
2024-09-09 10:00:00+00:00,long,buy,55127.7,,89981594.66,-0.05,1161.2
2024-09-09 19:13:00+00:00,long,sell - take_profit,55127.7,56781.530999999995,92636051.7,2.95,1164.15
2024-09-09 20:00:00+00:00,long,buy,57060.1,,92589733.68,-0.05,1164.1
2024-09-10 04:00:00+00:00,long,sell - stop_loss,57060.1,56489.498999999996,91617541.48,-1.05,1163.05
2024-09-10 05:00:00+00:00,long,buy,56584.0,,91571732.7,-0.05,1163.0
2024-09-10 06:00:00+00:00,long,sell - direction_change,56584.0,56910.8,92054817.94,0.53,1163.53
2024-09-10 06:00:00+00:00,short,buy,56910.8,,92008790.53,-0.05,1163.48
2024-09-10 07:00:00+00:00,short,sell - direction_change,56910.8,56797.5,92145960.43,0.15,1163.63
2024-09-10 07:00:00+00:00,long,buy,56797.5,,92099887.45,-0.05,1163.58
2024-09-10 15:00:00+00:00,long,sell - direction_change,56797.5,56911.7,92239018.32,0.15,1163.73
2024-09-10 15:00:00+00:00,short,buy,56911.7,,92192898.81,-0.05,1163.68
2024-09-10 17:00:00+00:00,short,sell - direction_change,56911.7,56787.2,92348483.49,0.17,1163.85
2024-09-10 17:00:00+00:00,long,buy,56787.2,,92302309.25,-0.05,1163.8
2024-09-11 01:00:00+00:00,long,sell - direction_change,56787.2,57606.9,93588504.17,1.39,1165.19
2024-09-11 01:00:00+00:00,short,buy,57606.9,,93541709.91,-0.05,1165.14
2024-09-11 13:53:00+00:00,short,sell - take_profit,57606.9,55878.693,96301190.36,2.95,1168.09
2024-09-11 14:00:00+00:00,short,buy,55706.4,,96253039.76,-0.05,1168.04
2024-09-11 15:00:00+00:00,short,sell - direction_change,55706.4,55942.1,95797655.88,-0.47,1167.57
2024-09-11 15:00:00+00:00,long,buy,55942.1,,95749757.05,-0.05,1167.52
2024-09-11 17:14:00+00:00,long,sell - take_profit,55942.1,57620.363,98574374.89,2.95,1170.47
2024-09-11 18:00:00+00:00,long,buy,57661.0,,98525087.7,-0.05,1170.42
2024-09-12 12:00:00+00:00,long,sell - direction_change,57661.0,58031.7,99109238.55,0.59,1171.01
2024-09-12 12:00:00+00:00,short,buy,58031.7,,99059683.93,-0.05,1170.96
2024-09-12 14:00:00+00:00,short,sell - direction_change,58031.7,57595.7,99754402.88,0.7,1171.66
2024-09-12 14:00:00+00:00,long,buy,57595.7,,99704525.68,-0.05,1171.61
2024-09-13 03:00:00+00:00,long,sell - direction_change,57595.7,58021.3,100391434.08,0.69,1172.3
2024-09-13 03:00:00+00:00,short,buy,58021.3,,100341238.36,-0.05,1172.25
2024-09-13 07:00:00+00:00,short,sell - direction_change,58021.3,57734.1,100787747.47,0.44,1172.69
2024-09-13 07:00:00+00:00,long,buy,57734.1,,100737353.6,-0.05,1172.64
2024-09-13 08:00:00+00:00,long,sell - direction_change,57734.1,58079.7,101290005.14,0.55,1173.19
2024-09-13 08:00:00+00:00,short,buy,58079.7,,101239360.13,-0.05,1173.14
2024-09-13 10:00:00+00:00,short,sell - direction_change,58079.7,58024.8,101284437.24,0.04,1173.19
2024-09-13 10:00:00+00:00,long,buy,58024.8,,101233795.02,-0.05,1173.14
2024-09-13 11:00:00+00:00,long,sell - direction_change,58024.8,58315.4,101690177.56,0.45,1173.59
2024-09-13 11:00:00+00:00,short,buy,58315.4,,101639332.47,-0.05,1173.54
2024-09-13 13:00:00+00:00,short,sell - direction_change,58315.4,57870.2,102364462.74,0.71,1174.25
2024-09-13 13:00:00+00:00,long,buy,57870.2,,102313280.51,-0.05,1174.2
2024-09-13 15:49:00+00:00,long,sell - take_profit,57870.2,59606.306,105331522.29,2.95,1177.15
2024-09-13 16:00:00+00:00,long,buy,59623.6,,105278856.52,-0.05,1177.1
2024-09-14 08:00:00+00:00,long,sell - direction_change,59623.6,60110.3,106085595.25,0.77,1177.87
2024-09-14 08:00:00+00:00,short,buy,60110.3,,106032552.46,-0.05,1177.82
2024-09-14 09:00:00+00:00,short,sell - direction_change,60110.3,59954.1,106255067.74,0.21,1178.03
2024-09-14 09:00:00+00:00,long,buy,59954.1,,106201940.2,-0.05,1177.98
2024-09-14 11:00:00+00:00,long,sell - direction_change,59954.1,59822.6,105915901.78,-0.27,1177.71
2024-09-14 11:00:00+00:00,short,buy,59822.6,,105862943.83,-0.05,1177.66
2024-09-14 12:00:00+00:00,short,sell - direction_change,59822.6,59680.1,106062182.44,0.19,1177.85
2024-09-14 12:00:00+00:00,long,buy,59680.1,,106009151.35,-0.05,1177.8
2024-09-14 13:00:00+00:00,long,sell - direction_change,59680.1,59763.4,106104111.71,0.09,1177.89
2024-09-14 13:00:00+00:00,short,buy,59763.4,,106051059.65,-0.05,1177.84
2024-09-14 20:00:00+00:00,short,sell - direction_change,59763.4,59778.4,105971416.39,-0.08,1177.76
2024-09-14 20:00:00+00:00,long,buy,59778.4,,105918430.69,-0.05,1177.71
2024-09-15 10:00:00+00:00,long,sell - direction_change,59778.4,59986.0,106233307.78,0.3,1178.01
2024-09-15 10:00:00+00:00,short,buy,59986.0,,106180191.13,-0.05,1177.96
2024-09-15 12:00:00+00:00,short,sell - direction_change,59986.0,59977.0,106143031.78,-0.03,1177.92
2024-09-15 12:00:00+00:00,long,buy,59977.0,,106089960.26,-0.05,1177.87
2024-09-15 16:00:00+00:00,long,sell - direction_change,59977.0,60304.6,106616388.6,0.5,1178.37
2024-09-15 16:00:00+00:00,short,buy,60304.6,,106563080.4,-0.05,1178.32
2024-09-16 01:14:00+00:00,short,sell - take_profit,60304.6,58495.462,109706691.28,2.95,1181.27
2024-09-16 02:00:00+00:00,short,buy,58578.0,,109651837.93,-0.05,1181.22
2024-09-17 04:00:00+00:00,short,sell - direction_change,58578.0,58035.2,110613076.36,0.88,1182.1
2024-09-17 04:00:00+00:00,long,buy,58035.2,,110557769.83,-0.05,1182.05
2024-09-17 14:15:00+00:00,long,sell - take_profit,58035.2,59776.256,113819224.04,2.95,1185.0
2024-09-17 15:00:00+00:00,long,buy,60247.5,,113762314.42,-0.05,1184.95
2024-09-17 19:48:00+00:00,long,sell - stop_loss,60247.5,59645.025,112567810.12,-1.05,1183.9
2024-09-17 20:00:00+00:00,long,buy,59945.9,,112511526.22,-0.05,1183.85
2024-09-18 09:00:00+00:00,long,sell - direction_change,59945.9,60172.0,112879634.02,0.33,1184.17
2024-09-18 09:00:00+00:00,short,buy,60172.0,,112823194.21,-0.05,1184.12
2024-09-18 18:00:00+00:00,short,sell - direction_change,60172.0,59979.9,113126972.32,0.27,1184.39
2024-09-18 18:00:00+00:00,long,buy,59979.9,,113070408.84,-0.05,1184.34
2024-09-18 19:00:00+00:00,long,sell - direction_change,59979.9,60588.1,114160414.77,0.96,1185.31
2024-09-18 19:00:00+00:00,short,buy,60588.1,,114103334.56,-0.05,1185.26
2024-09-18 20:00:00+00:00,short,sell - direction_change,60588.1,60024.6,115107501.67,0.88,1186.14
2024-09-18 20:00:00+00:00,long,buy,60024.6,,115049947.92,-0.05,1186.09
2024-09-19 00:01:00+00:00,long,sell - take_profit,60024.6,61825.338,118443921.38,2.95,1189.04
2024-09-19 01:00:00+00:00,long,buy,62206.6,,118384699.42,-0.05,1188.99
2024-09-19 01:33:00+00:00,long,sell - stop_loss,62206.6,61584.534,117141660.07,-1.05,1187.94
2024-09-19 02:00:00+00:00,long,buy,61977.2,,117083089.24,-0.05,1187.89
2024-09-20 04:01:00+00:00,long,sell - take_profit,61977.2,63836.515999999996,120537040.38,2.95,1190.84
2024-09-20 05:00:00+00:00,long,buy,63808.0,,120476771.86,-0.05,1190.79
2024-09-20 08:31:00+00:00,long,sell - stop_loss,63808.0,63169.92,119211765.75,-1.05,1189.74
2024-09-20 09:00:00+00:00,long,buy,63273.9,,119152159.87,-0.05,1189.69
2024-09-20 13:00:00+00:00,long,sell - direction_change,63273.9,63399.5,119329103.29,0.15,1189.84
2024-09-20 13:00:00+00:00,short,buy,63399.5,,119269438.74,-0.05,1189.79
2024-09-20 23:00:00+00:00,short,sell - direction_change,63399.5,63150.7,119677855.6,0.34,1190.13
2024-09-20 23:00:00+00:00,long,buy,63150.7,,119618016.68,-0.05,1190.08
2024-09-21 01:00:00+00:00,long,sell - direction_change,63150.7,63144.5,119546463.83,-0.06,1190.02
2024-09-21 01:00:00+00:00,short,buy,63144.5,,119486690.6,-0.05,1189.97
2024-09-21 12:00:00+00:00,short,sell - direction_change,63144.5,63058.0,119590628.94,0.09,1190.06
2024-09-21 12:00:00+00:00,long,buy,63058.0,,119530833.63,-0.05,1190.01
2024-09-22 01:00:00+00:00,long,sell - direction_change,63058.0,63200.0,119740239.11,0.18,1190.18
2024-09-22 01:00:00+00:00,short,buy,63200.0,,119680368.99,-0.05,1190.13
2024-09-22 17:00:00+00:00,short,sell - direction_change,63200.0,62750.5,120471736.49,0.66,1190.79
2024-09-22 17:00:00+00:00,long,buy,62750.5,,120411500.62,-0.05,1190.74
2024-09-22 18:00:00+00:00,long,sell - direction_change,62750.5,63033.4,120894149.73,0.4,1191.14
2024-09-22 18:00:00+00:00,short,buy,63033.4,,120833702.65,-0.05,1191.09
2024-09-22 19:00:00+00:00,short,sell - direction_change,63033.4,62931.9,120967859.17,0.11,1191.2
2024-09-22 19:00:00+00:00,long,buy,62931.9,,120907375.24,-0.05,1191.15
2024-09-22 21:00:00+00:00,long,sell - direction_change,62931.9,63182.8,121328961.03,0.35,1191.5
2024-09-22 21:00:00+00:00,short,buy,63182.8,,121268296.55,-0.05,1191.45
2024-09-22 22:00:00+00:00,short,sell - direction_change,63182.8,62750.0,122038346.05,0.63,1192.09
2024-09-22 22:00:00+00:00,long,buy,62750.0,,121977326.88,-0.05,1192.04
2024-09-23 03:26:00+00:00,long,sell - take_profit,62750.0,64632.5,125575658.02,2.95,1194.99
2024-09-23 04:00:00+00:00,long,buy,64320.1,,125512870.19,-0.05,1194.94
2024-09-23 05:10:00+00:00,long,sell - stop_loss,64320.1,63676.899,124194985.05,-1.05,1193.89
2024-09-23 06:00:00+00:00,long,buy,63725.0,,124132887.56,-0.05,1193.84
2024-09-23 13:00:00+00:00,long,sell - direction_change,63725.0,63292.1,123227555.1,-0.73,1193.11
2024-09-23 13:00:00+00:00,short,buy,63292.1,,123165941.32,-0.05,1193.06
2024-09-23 14:00:00+00:00,short,sell - direction_change,63292.1,63152.5,123376018.88,0.17,1193.23
2024-09-23 14:00:00+00:00,long,buy,63152.5,,123314330.87,-0.05,1193.18
2024-09-23 16:00:00+00:00,long,sell - direction_change,63152.5,63589.6,124106174.27,0.64,1193.82
2024-09-23 16:00:00+00:00,short,buy,63589.6,,124044121.18,-0.05,1193.77
2024-09-24 07:00:00+00:00,short,sell - direction_change,63589.6,63275.7,124594423.3,0.44,1194.21
2024-09-24 07:00:00+00:00,long,buy,63275.7,,124532126.09,-0.05,1194.16
2024-09-24 14:00:00+00:00,long,sell - direction_change,63275.7,63481.6,124875089.28,0.28,1194.44
2024-09-24 14:00:00+00:00,short,buy,63481.6,,124812651.73,-0.05,1194.39
2024-09-24 17:00:00+00:00,short,sell - direction_change,63481.6,63231.0,125242955.9,0.34,1194.73
2024-09-24 17:00:00+00:00,long,buy,63231.0,,125180334.42,-0.05,1194.68
2024-09-25 09:00:00+00:00,long,sell - direction_change,63231.0,63795.2,126234708.16,0.84,1195.53
2024-09-25 09:00:00+00:00,short,buy,63795.2,,126171590.81,-0.05,1195.48
2024-09-26 04:00:00+00:00,short,sell - direction_change,63795.2,63483.0,126725961.66,0.44,1195.92
2024-09-26 04:00:00+00:00,long,buy,63483.0,,126662598.68,-0.05,1195.87
2024-09-26 15:33:00+00:00,long,sell - take_profit,63483.0,65387.490000000005,130399145.34,2.95,1198.82
2024-09-26 16:00:00+00:00,long,buy,65200.0,,130333945.77,-0.05,1198.77
2024-09-28 08:00:00+00:00,long,sell - direction_change,65200.0,65790.0,131448181.07,0.85,1199.62
2024-09-28 08:00:00+00:00,short,buy,65790.0,,131382456.98,-0.05,1199.57
2024-09-28 22:00:00+00:00,short,sell - direction_change,65790.0,65660.0,131576375.41,0.15,1199.72
2024-09-28 22:00:00+00:00,long,buy,65660.0,,131510587.22,-0.05,1199.67
2024-09-29 00:00:00+00:00,long,sell - direction_change,65660.0,65822.7,131770704.19,0.2,1199.87
2024-09-29 00:00:00+00:00,short,buy,65822.7,,131704818.83,-0.05,1199.82
2024-09-29 01:00:00+00:00,short,sell - direction_change,65822.7,65648.3,131987923.86,0.21,1200.03
2024-09-29 01:00:00+00:00,long,buy,65648.3,,131921929.9,-0.05,1199.98
2024-09-29 05:00:00+00:00,long,sell - direction_change,65648.3,65717.3,131994626.19,0.06,1200.04
2024-09-29 05:00:00+00:00,short,buy,65717.3,,131928628.87,-0.05,1199.99
2024-09-29 13:00:00+00:00,short,sell - direction_change,65717.3,65601.0,132096138.84,0.13,1200.11
2024-09-29 13:00:00+00:00,long,buy,65601.0,,132030090.77,-0.05,1200.06
2024-09-29 23:00:00+00:00,long,sell - direction_change,65601.0,65634.3,132031096.08,0.0,1200.06
2024-09-29 23:00:00+00:00,short,buy,65634.3,,131965080.53,-0.05,1200.01
2024-09-30 09:52:00+00:00,short,sell - take_profit,65634.3,63665.271,135858050.41,2.95,1202.96
2024-09-30 10:00:00+00:00,short,buy,63512.1,,135790121.38,-0.05,1202.91
2024-10-01 03:00:00+00:00,short,sell - direction_change,63512.1,63427.8,135902461.38,0.08,1203.0
2024-10-01 03:00:00+00:00,long,buy,63427.8,,135834510.15,-0.05,1202.95
2024-10-01 13:00:00+00:00,long,sell - direction_change,63427.8,63644.1,136229812.57,0.29,1203.24
2024-10-01 13:00:00+00:00,short,buy,63644.1,,136161697.66,-0.05,1203.19
2024-10-01 17:17:00+00:00,short,sell - take_profit,63644.1,61734.776999999995,140178467.74,2.95,1206.14
2024-10-01 18:00:00+00:00,short,buy,62134.1,,140108378.51,-0.05,1206.09
2024-10-01 20:40:00+00:00,short,sell - take_profit,62134.1,60270.077,144241575.67,2.95,1209.04
2024-10-01 21:00:00+00:00,short,buy,60778.7,,144169454.88,-0.05,1208.99
2024-10-02 01:25:00+00:00,short,sell - stop_loss,60778.7,61386.487,142655675.61,-1.05,1207.94
2024-10-02 02:00:00+00:00,short,buy,61496.9,,142584347.77,-0.05,1207.89
2024-10-02 06:00:00+00:00,short,sell - direction_change,61496.9,61466.7,142583076.15,-0.0,1207.89
2024-10-02 06:00:00+00:00,long,buy,61466.7,,142511784.62,-0.05,1207.84
2024-10-02 10:00:00+00:00,long,sell - direction_change,61466.7,61251.3,141941119.48,-0.4,1207.44
2024-10-02 10:00:00+00:00,short,buy,61251.3,,141870148.92,-0.05,1207.39
2024-10-02 15:00:00+00:00,short,sell - direction_change,61251.3,61051.2,142262685.1,0.28,1207.66
2024-10-02 15:00:00+00:00,long,buy,61051.2,,142191553.75,-0.05,1207.61
2024-10-02 17:00:00+00:00,long,sell - direction_change,61051.2,61773.9,143803665.45,1.13,1208.75
2024-10-02 17:00:00+00:00,short,buy,61773.9,,143731763.61,-0.05,1208.7
2024-10-03 03:00:00+00:00,short,sell - direction_change,61773.9,61155.7,145098288.0,0.95,1209.65
2024-10-03 03:00:00+00:00,long,buy,61155.7,,145025738.85,-0.05,1209.6
2024-10-03 08:00:00+00:00,long,sell - direction_change,61155.7,60898.5,144343297.23,-0.47,1209.13
2024-10-03 08:00:00+00:00,short,buy,60898.5,,144271125.58,-0.05,1209.08
2024-10-03 19:00:00+00:00,short,sell - direction_change,60898.5,60693.8,144683932.98,0.29,1209.36
2024-10-03 19:00:00+00:00,long,buy,60693.8,,144611591.02,-0.05,1209.31
2024-10-05 16:00:00+00:00,long,sell - direction_change,60693.8,62131.5,147964809.48,2.32,1211.63
2024-10-05 16:00:00+00:00,short,buy,62131.5,,147890827.08,-0.05,1211.58
2024-10-06 01:00:00+00:00,short,sell - direction_change,62131.5,61892.0,148386960.5,0.34,1211.92
2024-10-06 01:00:00+00:00,long,buy,61892.0,,148312767.02,-0.05,1211.87
2024-10-06 02:00:00+00:00,long,sell - direction_change,61892.0,62053.5,148625615.61,0.21,1212.08
2024-10-06 02:00:00+00:00,short,buy,62053.5,,148551302.8,-0.05,1212.03
2024-10-06 09:00:00+00:00,short,sell - direction_change,62053.5,61961.6,148697028.68,0.1,1212.13
2024-10-06 09:00:00+00:00,long,buy,61961.6,,148622680.16,-0.05,1212.08
2024-10-06 10:00:00+00:00,long,sell - direction_change,61961.6,62036.3,148727546.15,0.07,1212.15
2024-10-06 10:00:00+00:00,short,buy,62036.3,,148653182.38,-0.05,1212.1
2024-10-06 11:00:00+00:00,short,sell - direction_change,62036.3,61990.3,148689082.33,0.02,1212.12
2024-10-06 11:00:00+00:00,long,buy,61990.3,,148614737.78,-0.05,1212.07
2024-10-07 01:09:00+00:00,long,sell - take_profit,61990.3,63850.009000000005,152998872.55,2.95,1215.02
2024-10-07 02:00:00+00:00,long,buy,63795.5,,152922373.11,-0.05,1214.97
2024-10-07 09:22:00+00:00,long,sell - stop_loss,63795.5,63157.545,151316688.19,-1.05,1213.92
2024-10-07 10:00:00+00:00,long,buy,63185.7,,151241029.85,-0.05,1213.87
2024-10-07 12:00:00+00:00,long,sell - direction_change,63185.7,63114.1,150994027.87,-0.16,1213.71
2024-10-07 12:00:00+00:00,short,buy,63114.1,,150918530.86,-0.05,1213.66
2024-10-07 13:00:00+00:00,short,sell - direction_change,63114.1,62859.9,151450915.02,0.35,1214.01
2024-10-07 13:00:00+00:00,long,buy,62859.9,,151375189.56,-0.05,1213.96
2024-10-07 18:00:00+00:00,long,sell - direction_change,62859.9,63795.7,153553035.65,1.44,1215.4
2024-10-07 18:00:00+00:00,short,buy,63795.7,,153476259.14,-0.05,1215.35
2024-10-07 19:00:00+00:00,short,sell - direction_change,63795.7,62815.3,155758114.52,1.49,1216.84
2024-10-07 19:00:00+00:00,long,buy,62815.3,,155680235.47,-0.05,1216.79
2024-10-07 22:00:00+00:00,long,sell - direction_change,62815.3,63346.2,156918167.73,0.8,1217.58
2024-10-07 22:00:00+00:00,short,buy,63346.2,,156839708.65,-0.05,1217.53
2024-10-08 13:00:00+00:00,short,sell - direction_change,63346.2,62416.4,159063393.12,1.42,1218.95
2024-10-08 13:00:00+00:00,long,buy,62416.4,,158983861.42,-0.05,1218.9
2024-10-08 15:00:00+00:00,long,sell - direction_change,62416.4,62752.0,159759192.65,0.49,1219.39
2024-10-08 15:00:00+00:00,short,buy,62752.0,,159679313.05,-0.05,1219.34
2024-10-08 16:00:00+00:00,short,sell - direction_change,62752.0,62259.9,160851675.55,0.73,1220.07
2024-10-08 16:00:00+00:00,long,buy,62259.9,,160771249.72,-0.05,1220.02
2024-10-08 17:00:00+00:00,long,sell - direction_change,62259.9,62537.3,161407183.02,0.4,1220.42
2024-10-08 17:00:00+00:00,short,buy,62537.3,,161326479.43,-0.05,1220.37
2024-10-09 05:00:00+00:00,short,sell - direction_change,62537.3,62317.7,161812314.82,0.3,1220.67
2024-10-09 05:00:00+00:00,long,buy,62317.7,,161731408.66,-0.05,1220.62
2024-10-09 07:00:00+00:00,long,sell - direction_change,62317.7,62405.1,161877369.77,0.09,1220.71
2024-10-09 07:00:00+00:00,short,buy,62405.1,,161796431.08,-0.05,1220.66
2024-10-09 20:52:00+00:00,short,sell - take_profit,62405.1,60532.947,166569425.8,2.95,1223.61
2024-10-09 21:00:00+00:00,short,buy,60388.5,,166486141.08,-0.05,1223.56
2024-10-10 05:50:00+00:00,short,sell - stop_loss,60388.5,60992.385,164738036.6,-1.05,1222.51
2024-10-10 06:00:00+00:00,short,buy,60909.0,,164655667.59,-0.05,1222.46
2024-10-10 08:00:00+00:00,short,sell - direction_change,60909.0,60871.1,164675795.05,0.01,1222.47
2024-10-10 08:00:00+00:00,long,buy,60871.1,,164593457.15,-0.05,1222.42
2024-10-10 09:00:00+00:00,long,sell - direction_change,60871.1,60796.6,164309714.87,-0.17,1222.25
2024-10-10 09:00:00+00:00,short,buy,60796.6,,164227560.01,-0.05,1222.2
2024-10-10 10:00:00+00:00,short,sell - direction_change,60796.6,60906.9,163847497.01,-0.23,1221.97
2024-10-10 10:00:00+00:00,long,buy,60906.9,,163765573.26,-0.05,1221.92
2024-10-10 12:00:00+00:00,long,sell - direction_change,60906.9,61235.9,164568300.81,0.49,1222.41
2024-10-10 12:00:00+00:00,short,buy,61235.9,,164486016.66,-0.05,1222.36
2024-10-10 13:00:00+00:00,short,sell - direction_change,61235.9,60934.0,165214708.55,0.44,1222.8
2024-10-10 13:00:00+00:00,long,buy,60934.0,,165132101.2,-0.05,1222.75
2024-10-10 14:00:00+00:00,long,sell - direction_change,60934.0,60910.2,164985036.77,-0.09,1222.66
2024-10-10 14:00:00+00:00,short,buy,60910.2,,164902544.25,-0.05,1222.61
2024-10-10 18:09:00+00:00,short,sell - take_profit,60910.2,59082.89399999999,169767169.31,2.95,1225.56
2024-10-10 19:00:00+00:00,short,buy,59468.5,,169682285.73,-0.05,1225.51
2024-10-10 21:56:00+00:00,short,sell - stop_loss,59468.5,60063.185,167900621.73,-1.05,1224.46
2024-10-10 22:00:00+00:00,short,buy,60172.4,,167816671.41,-0.05,1224.41
2024-10-11 02:00:00+00:00,short,sell - direction_change,60172.4,60543.7,166697233.0,-0.67,1223.74
2024-10-11 02:00:00+00:00,long,buy,60543.7,,166613884.38,-0.05,1223.69
2024-10-11 15:56:00+00:00,long,sell - take_profit,60543.7,62360.011,171528993.97,2.95,1226.64
2024-10-11 16:00:00+00:00,long,buy,62218.0,,171443229.48,-0.05,1226.59
2024-10-13 01:00:00+00:00,long,sell - direction_change,62218.0,63149.1,173923176.81,1.45,1228.04
2024-10-13 01:00:00+00:00,short,buy,63149.1,,173836215.23,-0.05,1227.99
2024-10-13 21:00:00+00:00,short,sell - direction_change,63149.1,62735.1,174888952.21,0.61,1228.6
2024-10-13 21:00:00+00:00,long,buy,62735.1,,174801507.73,-0.05,1228.55
2024-10-14 00:00:00+00:00,long,sell - direction_change,62735.1,62839.7,175005558.46,0.12,1228.66
2024-10-14 00:00:00+00:00,short,buy,62839.7,,174918055.68,-0.05,1228.61
2024-10-14 03:00:00+00:00,short,sell - direction_change,62839.7,62581.6,175549033.4,0.36,1228.97
2024-10-14 03:00:00+00:00,long,buy,62581.6,,175461258.89,-0.05,1228.92
2024-10-14 04:01:00+00:00,long,sell - take_profit,62581.6,64459.048,180637366.02,2.95,1231.87
2024-10-14 05:00:00+00:00,long,buy,64116.0,,180547047.34,-0.05,1231.82
2024-10-14 14:29:00+00:00,long,sell - take_profit,64116.0,66039.48,185873185.24,2.95,1234.77
2024-10-14 15:00:00+00:00,long,buy,65895.7,,185780248.65,-0.05,1234.72
2024-10-15 03:00:00+00:00,long,sell - direction_change,65895.7,65740.0,185248392.33,-0.29,1234.44
2024-10-15 03:00:00+00:00,short,buy,65740.0,,185155768.13,-0.05,1234.39
2024-10-15 06:00:00+00:00,short,sell - direction_change,65740.0,65347.0,186170069.12,0.55,1234.93
2024-10-15 06:00:00+00:00,long,buy,65347.0,,186076984.08,-0.05,1234.88
2024-10-15 08:00:00+00:00,long,sell - direction_change,65347.0,65638.4,186813713.34,0.4,1235.28
2024-10-15 08:00:00+00:00,short,buy,65638.4,,186720306.48,-0.05,1235.23
2024-10-15 12:00:00+00:00,short,sell - direction_change,65638.4,65385.3,187346935.08,0.34,1235.57
2024-10-15 12:00:00+00:00,long,buy,65385.3,,187253261.61,-0.05,1235.52
2024-10-15 13:55:00+00:00,long,sell - take_profit,65385.3,67346.85900000001,192777232.83,2.95,1238.47
2024-10-15 14:00:00+00:00,short,buy,67646.8,,192680844.21,-0.05,1238.42
2024-10-15 14:40:00+00:00,short,sell - take_profit,67646.8,65617.39600000001,198364929.12,2.95,1241.37
2024-10-15 15:00:00+00:00,long,buy,65345.1,,198265746.65,-0.05,1241.32
2024-10-15 18:17:00+00:00,long,sell - take_profit,65345.1,67305.453,204114586.18,2.95,1244.27
2024-10-15 19:00:00+00:00,long,buy,66875.8,,204012528.89,-0.05,1244.22
2024-10-15 21:20:00+00:00,long,sell - stop_loss,66875.8,66207.042,201870397.33,-1.05,1243.17
2024-10-15 22:00:00+00:00,long,buy,66401.7,,201769462.13,-0.05,1243.12
2024-10-16 11:47:00+00:00,long,sell - take_profit,66401.7,68393.751,207721661.27,2.95,1246.07
2024-10-16 12:00:00+00:00,long,buy,67872.3,,207617800.44,-0.05,1246.02
2024-10-16 13:43:00+00:00,long,sell - stop_loss,67872.3,67193.577,205437813.53,-1.05,1244.97
2024-10-16 14:00:00+00:00,long,buy,67359.9,,205335094.62,-0.05,1244.92
2024-10-17 04:00:00+00:00,long,sell - direction_change,67359.9,67570.1,205873185.7,0.26,1245.18
2024-10-17 04:00:00+00:00,short,buy,67570.1,,205770249.11,-0.05,1245.13
2024-10-17 15:00:00+00:00,short,sell - direction_change,67570.1,67097.0,207108088.58,0.65,1245.78
2024-10-17 15:00:00+00:00,long,buy,67097.0,,207004534.53,-0.05,1245.73
2024-10-17 18:00:00+00:00,long,sell - direction_change,67097.0,67256.4,207392805.71,0.19,1245.92
2024-10-17 18:00:00+00:00,short,buy,67256.4,,207289109.31,-0.05,1245.87
2024-10-17 22:00:00+00:00,short,sell - direction_change,67256.4,67060.0,207790783.82,0.24,1246.11
2024-10-17 22:00:00+00:00,long,buy,67060.0,,207686888.43,-0.05,1246.06
2024-10-19 04:00:00+00:00,long,sell - direction_change,67060.0,68428.4,211821021.99,1.99,1248.05
2024-10-19 04:00:00+00:00,short,buy,68428.4,,211715111.48,-0.05,1248.0
2024-10-19 06:00:00+00:00,short,sell - direction_change,68428.4,68366.4,211801079.78,0.04,1248.04
2024-10-19 06:00:00+00:00,long,buy,68366.4,,211695179.25,-0.05,1247.99
2024-10-19 09:00:00+00:00,long,sell - direction_change,68366.4,68390.1,211662718.23,-0.02,1247.97
2024-10-19 09:00:00+00:00,short,buy,68390.1,,211556886.87,-0.05,1247.92
2024-10-19 22:00:00+00:00,short,sell - direction_change,68390.1,68192.8,212061433.22,0.24,1248.16
2024-10-19 22:00:00+00:00,long,buy,68192.8,,211955402.5,-0.05,1248.11
2024-10-20 00:00:00+00:00,long,sell - direction_change,68192.8,68357.1,212360098.55,0.19,1248.3
2024-10-20 00:00:00+00:00,short,buy,68357.1,,212253918.5,-0.05,1248.25
2024-10-20 04:00:00+00:00,short,sell - direction_change,68357.1,68161.1,212756386.23,0.24,1248.49
2024-10-20 04:00:00+00:00,long,buy,68161.1,,212650008.04,-0.05,1248.44
2024-10-20 05:00:00+00:00,long,sell - direction_change,68161.1,68223.9,212739607.4,0.04,1248.48
2024-10-20 05:00:00+00:00,short,buy,68223.9,,212633237.6,-0.05,1248.43
2024-10-20 06:00:00+00:00,short,sell - direction_change,68223.9,68200.1,212601098.37,-0.02,1248.42
2024-10-20 06:00:00+00:00,long,buy,68200.1,,212494797.82,-0.05,1248.37
2024-10-21 07:00:00+00:00,long,sell - direction_change,68200.1,68692.5,213922748.15,0.67,1249.04
2024-10-21 07:00:00+00:00,short,buy,68692.5,,213815786.78,-0.05,1248.99
2024-10-22 00:31:00+00:00,short,sell - take_profit,68692.5,66631.72499999999,220123352.49,2.95,1251.94
2024-10-22 01:00:00+00:00,short,buy,67132.5,,220013290.81,-0.05,1251.89
2024-10-22 14:00:00+00:00,short,sell - direction_change,67132.5,66970.0,220435845.29,0.19,1252.08
2024-10-22 14:00:00+00:00,long,buy,66970.0,,220325627.37,-0.05,1252.03
2024-10-22 15:00:00+00:00,long,sell - direction_change,66970.0,67548.7,222119338.54,0.81,1252.85
2024-10-22 15:00:00+00:00,short,buy,67548.7,,222008278.87,-0.05,1252.8
2024-10-22 17:00:00+00:00,short,sell - direction_change,67548.7,66953.6,223853154.36,0.83,1253.63
2024-10-22 17:00:00+00:00,long,buy,66953.6,,223741227.79,-0.05,1253.58
2024-10-23 00:00:00+00:00,long,sell - direction_change,66953.6,67406.5,225142829.22,0.63,1254.2
2024-10-23 00:00:00+00:00,short,buy,67406.5,,225030257.81,-0.05,1254.15
2024-10-23 01:00:00+00:00,short,sell - direction_change,67406.5,67156.8,225751342.63,0.32,1254.47
2024-10-23 01:00:00+00:00,long,buy,67156.8,,225638466.96,-0.05,1254.42
2024-10-23 03:00:00+00:00,long,sell - direction_change,67156.8,67082.4,225275673.01,-0.16,1254.26
2024-10-23 03:00:00+00:00,short,buy,67082.4,,225163035.17,-0.05,1254.21
2024-10-23 20:00:00+00:00,short,sell - direction_change,67082.4,66465.3,227121758.63,0.87,1255.08
2024-10-23 20:00:00+00:00,long,buy,66465.3,,227008197.76,-0.05,1255.03
2024-10-23 21:00:00+00:00,long,sell - direction_change,66465.3,66654.4,227540553.23,0.23,1255.27
2024-10-23 21:00:00+00:00,short,buy,66654.4,,227426782.95,-0.05,1255.22
2024-10-23 22:00:00+00:00,short,sell - direction_change,66654.4,66401.0,228177677.85,0.33,1255.55
2024-10-23 22:00:00+00:00,long,buy,66401.0,,228063589.01,-0.05,1255.5
2024-10-24 21:09:00+00:00,long,sell - take_profit,66401.0,68393.03,234791464.89,2.95,1258.45
2024-10-24 22:00:00+00:00,long,buy,68324.5,,234674069.15,-0.05,1258.4
2024-10-25 05:03:00+00:00,long,sell - stop_loss,68324.5,67641.255,232209991.43,-1.05,1257.35
2024-10-25 06:00:00+00:00,short,buy,67734.6,,232093886.43,-0.05,1257.3
2024-10-25 09:00:00+00:00,short,sell - direction_change,67734.6,67637.0,232312267.73,0.09,1257.39
2024-10-25 09:00:00+00:00,long,buy,67637.0,,232196111.6,-0.05,1257.34
2024-10-25 15:00:00+00:00,long,sell - direction_change,67637.0,68288.4,234316253.28,0.91,1258.25
2024-10-25 15:00:00+00:00,short,buy,68288.4,,234199095.15,-0.05,1258.2
2024-10-25 16:00:00+00:00,short,sell - direction_change,68288.4,67660.6,236235072.73,0.87,1259.07
2024-10-25 16:00:00+00:00,long,buy,67660.6,,236116955.19,-0.05,1259.02
2024-10-25 17:00:00+00:00,long,sell - direction_change,67660.6,67645.5,235946201.85,-0.07,1258.95
2024-10-25 17:00:00+00:00,short,buy,67645.5,,235828228.75,-0.05,1258.9
2024-10-25 23:23:00+00:00,short,sell - take_profit,67645.5,65616.135,242785161.5,2.95,1261.85
2024-10-26 00:00:00+00:00,short,buy,66662.7,,242663768.92,-0.05,1261.8
2024-10-26 05:00:00+00:00,short,sell - direction_change,66662.7,66916.5,241618561.1,-0.43,1261.37
2024-10-26 05:00:00+00:00,long,buy,66916.5,,241497751.82,-0.05,1261.32
2024-10-26 13:00:00+00:00,long,sell - direction_change,66916.5,67015.9,241735731.75,0.1,1261.42
2024-10-26 13:00:00+00:00,short,buy,67015.9,,241614863.89,-0.05,1261.37
2024-10-26 17:00:00+00:00,short,sell - direction_change,67015.9,66953.9,241717587.31,0.04,1261.41
2024-10-26 17:00:00+00:00,long,buy,66953.9,,241596728.52,-0.05,1261.36
2024-10-28 12:33:00+00:00,long,sell - take_profit,66953.9,68962.51699999999,248723832.01,2.95,1264.31
2024-10-28 13:00:00+00:00,long,buy,68881.1,,248599470.09,-0.05,1264.26
2024-10-29 02:12:00+00:00,long,sell - take_profit,68881.1,70947.53300000001,255933154.46,2.95,1267.21
2024-10-29 03:00:00+00:00,long,buy,71173.8,,255805187.88,-0.05,1267.16
2024-10-29 19:00:00+00:00,long,sell - take_profit,71173.8,73309.01400000001,263351440.93,2.95,1270.11
2024-10-29 20:00:00+00:00,long,buy,72534.6,,263219765.21,-0.05,1270.06
2024-10-30 11:00:00+00:00,long,sell - direction_change,72534.6,72377.1,262516605.84,-0.27,1269.79
2024-10-30 11:00:00+00:00,short,buy,72377.1,,262385347.54,-0.05,1269.74
2024-10-30 14:00:00+00:00,short,sell - direction_change,72377.1,71966.0,263744496.65,0.52,1270.26
2024-10-30 14:00:00+00:00,long,buy,71966.0,,263612624.4,-0.05,1270.21
2024-10-30 15:00:00+00:00,long,sell - direction_change,71966.0,72416.1,265129541.68,0.58,1270.79
2024-10-30 15:00:00+00:00,short,buy,72416.1,,264996976.91,-0.05,1270.74
2024-10-30 20:00:00+00:00,short,sell - direction_change,72416.1,71826.0,267023870.0,0.76,1271.5
2024-10-30 20:00:00+00:00,long,buy,71826.0,,266890358.06,-0.05,1271.45
2024-10-31 06:00:00+00:00,long,sell - direction_change,71826.0,72298.1,268511137.51,0.61,1272.06
2024-10-31 06:00:00+00:00,short,buy,72298.1,,268376881.94,-0.05,1272.01
2024-10-31 07:00:00+00:00,short,sell - direction_change,72298.1,72213.4,268557107.32,0.07,1272.08
2024-10-31 07:00:00+00:00,long,buy,72213.4,,268422828.77,-0.05,1272.03
2024-10-31 11:00:00+00:00,long,sell - direction_change,72213.4,72641.8,269881013.5,0.54,1272.57
2024-10-31 11:00:00+00:00,short,buy,72641.8,,269746072.99,-0.05,1272.52
2024-10-31 15:48:00+00:00,short,sell - take_profit,72641.8,70462.546,277703582.15,2.95,1275.47
2024-10-31 16:00:00+00:00,short,buy,70638.6,,277564730.36,-0.05,1275.42
2024-11-01 11:00:00+00:00,short,sell - direction_change,70638.6,70000.0,279935239.47,0.85,1276.27
2024-11-01 11:00:00+00:00,long,buy,70000.0,,279795271.85,-0.05,1276.22
2024-11-01 15:49:00+00:00,long,sell - stop_loss,70000.0,69300.0,276857421.49,-1.05,1275.17
2024-11-01 16:00:00+00:00,long,buy,69381.1,,276718992.78,-0.05,1275.12
2024-11-01 18:00:00+00:00,long,sell - direction_change,69381.1,69584.1,277390276.77,0.24,1275.37
2024-11-01 18:00:00+00:00,short,buy,69584.1,,277251581.63,-0.05,1275.32
2024-11-01 19:00:00+00:00,short,sell - direction_change,69584.1,69175.4,278741384.19,0.54,1275.85
2024-11-01 19:00:00+00:00,long,buy,69175.4,,278602013.5,-0.05,1275.8
2024-11-01 20:00:00+00:00,long,sell - direction_change,69175.4,69278.6,278878347.65,0.1,1275.9
2024-11-01 20:00:00+00:00,short,buy,69278.6,,278738908.47,-0.05,1275.85
2024-11-02 01:00:00+00:00,short,sell - direction_change,69278.6,69671.4,277019128.28,-0.62,1275.24
2024-11-02 01:00:00+00:00,long,buy,69671.4,,276880618.72,-0.05,1275.19
2024-11-02 02:00:00+00:00,long,sell - direction_change,69671.4,69669.0,276732640.58,-0.05,1275.13
2024-11-02 02:00:00+00:00,short,buy,69669.0,,276594274.26,-0.05,1275.08
2024-11-02 03:00:00+00:00,short,sell - direction_change,69669.0,69659.0,276495678.32,-0.04,1275.05
2024-11-02 03:00:00+00:00,long,buy,69659.0,,276357430.49,-0.05,1275.0
2024-11-02 10:00:00+00:00,long,sell - direction_change,69659.0,69558.5,275820539.16,-0.19,1274.8
2024-11-02 10:00:00+00:00,short,buy,69558.5,,275682628.89,-0.05,1274.75
2024-11-02 20:00:00+00:00,short,sell - direction_change,69558.5,69502.5,275766733.52,0.03,1274.78
2024-11-02 20:00:00+00:00,long,buy,69502.5,,275628850.16,-0.05,1274.73
2024-11-02 21:00:00+00:00,long,sell - direction_change,69502.5,69543.1,275652044.78,0.01,1274.74
2024-11-02 21:00:00+00:00,short,buy,69543.1,,275514218.76,-0.05,1274.69
2024-11-03 15:38:00+00:00,short,sell - take_profit,69543.1,67456.807,283641888.21,2.95,1277.64
2024-11-03 16:00:00+00:00,short,buy,68075.6,,283500067.27,-0.05,1277.59
2024-11-03 19:00:00+00:00,short,sell - direction_change,68075.6,67991.6,283708134.28,0.07,1277.67
2024-11-03 19:00:00+00:00,long,buy,67991.6,,283566280.22,-0.05,1277.62
2024-11-04 13:00:00+00:00,long,sell - direction_change,67991.6,68958.0,287454972.21,1.37,1278.99
2024-11-04 13:00:00+00:00,short,buy,68958.0,,287311244.72,-0.05,1278.94
2024-11-04 21:43:00+00:00,short,sell - take_profit,68958.0,66889.26,295786926.44,2.95,1281.89
2024-11-04 22:00:00+00:00,short,buy,67097.1,,295639032.98,-0.05,1281.84
2024-11-04 22:20:00+00:00,short,sell - stop_loss,67097.1,67768.07100000001,292534823.13,-1.05,1280.79
2024-11-04 23:00:00+00:00,short,buy,67906.0,,292388555.72,-0.05,1280.74
2024-11-05 02:00:00+00:00,short,sell - direction_change,67906.0,67983.4,291909093.78,-0.16,1280.57
2024-11-05 02:00:00+00:00,long,buy,67983.4,,291763139.23,-0.05,1280.52
2024-11-05 14:48:00+00:00,long,sell - take_profit,67983.4,70022.902,300370151.84,2.95,1283.47
2024-11-05 15:00:00+00:00,long,buy,69947.4,,300219966.76,-0.05,1283.42
2024-11-05 15:30:00+00:00,long,sell - stop_loss,69947.4,69247.92599999999,297067657.11,-1.05,1282.37
2024-11-05 16:00:00+00:00,long,buy,69615.2,,296919123.28,-0.05,1282.32
2024-11-05 19:57:00+00:00,long,sell - stop_loss,69615.2,68919.048,293801472.49,-1.05,1281.27
2024-11-05 20:00:00+00:00,long,buy,68955.9,,293654571.75,-0.05,1281.22
2024-11-06 00:44:00+00:00,long,sell - take_profit,68955.9,71024.57699999999,302317381.62,2.95,1284.17
2024-11-06 01:00:00+00:00,long,buy,71058.6,,302166222.93,-0.05,1284.12
2024-11-06 02:57:00+00:00,long,sell - take_profit,71058.6,73190.35800000001,311080126.5,2.95,1287.07
2024-11-06 03:00:00+00:00,long,buy,73079.0,,310924586.44,-0.05,1287.02
2024-11-06 03:08:00+00:00,long,sell - take_profit,73079.0,75271.37,320096861.74,2.95,1289.97
2024-11-06 04:00:00+00:00,long,buy,74367.1,,319936813.31,-0.05,1289.92
2024-11-06 07:42:00+00:00,long,sell - stop_loss,74367.1,73623.429,316577476.77,-1.05,1288.87
2024-11-06 08:00:00+00:00,long,buy,73435.8,,316419188.03,-0.05,1288.82
2024-11-06 19:48:00+00:00,long,sell - take_profit,73435.8,75638.87400000001,325753554.08,2.95,1291.77
2024-11-06 20:00:00+00:00,long,buy,75817.9,,325590677.3,-0.05,1291.72
2024-11-07 00:50:00+00:00,long,sell - stop_loss,75817.9,75059.72099999999,322171975.19,-1.05,1290.67
2024-11-07 01:00:00+00:00,long,buy,75361.6,,322010889.2,-0.05,1290.62
2024-11-07 06:05:00+00:00,long,sell - stop_loss,75361.6,74607.98400000001,318629774.87,-1.05,1289.57
2024-11-07 07:00:00+00:00,long,buy,74815.5,,318470459.98,-0.05,1289.52
2024-11-07 13:00:00+00:00,long,sell - direction_change,74815.5,75017.7,319171938.46,0.22,1289.74
2024-11-07 13:00:00+00:00,short,buy,75017.7,,319012352.5,-0.05,1289.69
2024-11-07 14:00:00+00:00,short,sell - direction_change,75017.7,74696.3,320219598.03,0.38,1290.07
2024-11-07 14:00:00+00:00,long,buy,74696.3,,320059488.23,-0.05,1290.02
2024-11-08 14:00:00+00:00,long,sell - direction_change,74696.3,76280.3,326686598.27,2.07,1292.09
2024-11-08 14:00:00+00:00,short,buy,76280.3,,326523254.97,-0.05,1292.04
2024-11-08 15:00:00+00:00,short,sell - direction_change,76280.3,75758.7,328592739.28,0.63,1292.68
2024-11-08 15:00:00+00:00,long,buy,75758.7,,328428442.91,-0.05,1292.63
2024-11-09 12:00:00+00:00,long,sell - direction_change,75758.7,76478.6,331385132.77,0.9,1293.53
2024-11-09 12:00:00+00:00,short,buy,76478.6,,331219440.21,-0.05,1293.48
2024-11-09 13:00:00+00:00,short,sell - direction_change,76478.6,76269.5,331959416.95,0.22,1293.7
2024-11-09 13:00:00+00:00,long,buy,76269.5,,331793437.24,-0.05,1293.65
2024-11-09 14:00:00+00:00,long,sell - direction_change,76269.5,76406.3,332222658.39,0.13,1293.78
2024-11-09 14:00:00+00:00,short,buy,76406.3,,332056547.06,-0.05,1293.73
2024-11-09 21:00:00+00:00,short,sell - direction_change,76406.3,76271.9,332474611.98,0.13,1293.85
2024-11-09 21:00:00+00:00,long,buy,76271.9,,332308374.68,-0.05,1293.8
2024-11-10 04:53:00+00:00,long,sell - take_profit,76271.9,78560.057,342111471.73,2.95,1296.75
2024-11-10 05:00:00+00:00,long,buy,79273.7,,341940416.0,-0.05,1296.7
2024-11-10 22:22:00+00:00,long,sell - take_profit,79273.7,81651.911,352027658.27,2.95,1299.65
2024-11-10 23:00:00+00:00,long,buy,80683.6,,351851644.44,-0.05,1299.6
2024-11-11 15:17:00+00:00,long,sell - take_profit,80683.6,83104.10800000001,362231267.95,2.95,1302.55
2024-11-11 16:00:00+00:00,long,buy,84114.1,,362050152.31,-0.05,1302.5
2024-11-11 19:07:00+00:00,long,sell - take_profit,84114.1,86637.523,372730631.81,2.95,1305.45
2024-11-11 20:00:00+00:00,long,buy,86180.9,,372544266.49,-0.05,1305.4
2024-11-11 23:01:00+00:00,long,sell - take_profit,86180.9,88766.32699999999,383534322.35,2.95,1308.35
2024-11-12 00:00:00+00:00,long,buy,88729.0,,383342555.19,-0.05,1308.3
2024-11-12 00:14:00+00:00,long,sell - stop_loss,88729.0,87841.71,379317458.36,-1.05,1307.25
2024-11-12 01:00:00+00:00,long,buy,89065.9,,379127799.63,-0.05,1307.2
2024-11-12 02:22:00+00:00,long,sell - stop_loss,89065.9,88175.241,375146957.74,-1.05,1306.15
2024-11-12 03:00:00+00:00,long,buy,87778.5,,374959384.26,-0.05,1306.1
2024-11-12 10:35:00+00:00,long,sell - stop_loss,87778.5,86900.715,371022310.72,-1.05,1305.05
2024-11-12 11:00:00+00:00,long,buy,86972.1,,370836799.57,-0.05,1305.0
2024-11-12 13:02:00+00:00,long,sell - stop_loss,86972.1,86102.379,366943013.17,-1.05,1303.95
2024-11-12 14:00:00+00:00,long,buy,86418.6,,366759541.67,-0.05,1303.9
2024-11-12 14:31:00+00:00,long,sell - stop_loss,86418.6,85554.414,362908566.48,-1.05,1302.85
2024-11-12 15:00:00+00:00,long,buy,87041.4,,362727112.2,-0.05,1302.8
2024-11-12 15:45:00+00:00,long,sell - stop_loss,87041.4,86170.98599999999,358918477.52,-1.05,1301.75
2024-11-12 16:00:00+00:00,long,buy,86660.0,,358739018.28,-0.05,1301.7
2024-11-12 16:14:00+00:00,long,sell - stop_loss,86660.0,85793.4,354972258.59,-1.05,1300.65
2024-11-12 17:00:00+00:00,long,buy,87089.8,,354794772.46,-0.05,1300.6
2024-11-12 19:32:00+00:00,long,sell - take_profit,87089.8,89702.494,365261218.25,2.95,1303.55
2024-11-12 20:00:00+00:00,long,buy,88762.9,,365078587.64,-0.05,1303.5
2024-11-12 22:07:00+00:00,long,sell - stop_loss,88762.9,87875.271,361245262.47,-1.05,1302.45
2024-11-12 23:00:00+00:00,long,buy,88631.5,,361064639.84,-0.05,1302.4
2024-11-12 23:20:00+00:00,long,sell - stop_loss,88631.5,87745.185,357273461.12,-1.05,1301.35
2024-11-13 00:00:00+00:00,long,buy,87972.0,,357094824.39,-0.05,1301.3
2024-11-13 02:35:00+00:00,long,sell - stop_loss,87972.0,87092.28,353345328.73,-1.05,1300.25
2024-11-13 03:00:00+00:00,long,buy,87925.0,,353168656.07,-0.05,1300.2
2024-11-13 04:31:00+00:00,long,sell - stop_loss,87925.0,87045.75,349460385.18,-1.05,1299.15
2024-11-13 05:00:00+00:00,long,buy,87221.2,,349285654.98,-0.05,1299.1
2024-11-13 06:31:00+00:00,long,sell - stop_loss,87221.2,86348.988,345618155.61,-1.05,1298.05
2024-11-13 07:00:00+00:00,short,buy,86550.0,,345445346.53,-0.05,1298.0
2024-11-13 07:39:00+00:00,short,sell - stop_loss,86550.0,87415.5,341818170.39,-1.05,1296.95
2024-11-13 08:00:00+00:00,short,buy,87402.9,,341647261.31,-0.05,1296.9
2024-11-13 11:00:00+00:00,short,sell - direction_change,87402.9,87584.5,340766585.45,-0.26,1296.65
2024-11-13 11:00:00+00:00,long,buy,87584.5,,340596202.16,-0.05,1296.6
2024-11-13 14:31:00+00:00,long,sell - take_profit,87584.5,90212.035,350643790.13,2.95,1299.55
2024-11-13 15:00:00+00:00,long,buy,91563.0,,350468468.23,-0.05,1299.5
2024-11-13 15:07:00+00:00,long,sell - stop_loss,91563.0,90647.37,346788549.31,-1.05,1298.45
2024-11-13 16:00:00+00:00,long,buy,92608.0,,346615155.04,-0.05,1298.4
2024-11-13 16:40:00+00:00,long,sell - stop_loss,92608.0,91681.92,342975695.91,-1.05,1297.35
2024-11-13 17:00:00+00:00,long,buy,92312.1,,342804208.06,-0.05,1297.3
2024-11-13 19:07:00+00:00,long,sell - stop_loss,92312.1,91388.979,339204763.88,-1.05,1296.25
2024-11-13 20:00:00+00:00,long,buy,90218.8,,339035161.5,-0.05,1296.2
2024-11-13 20:04:00+00:00,long,sell - stop_loss,90218.8,89316.61200000001,335475292.3,-1.05,1295.15
2024-11-13 21:00:00+00:00,long,buy,89742.3,,335307554.65,-0.05,1295.1
2024-11-13 21:05:00+00:00,long,sell - stop_loss,89742.3,88844.87700000001,331786825.33,-1.05,1294.05
2024-11-13 22:00:00+00:00,long,buy,88587.7,,331620931.92,-0.05,1294.0
2024-11-14 08:08:00+00:00,long,sell - take_profit,88587.7,91245.331,341403749.41,2.95,1296.95
2024-11-14 09:00:00+00:00,long,buy,90595.0,,341233047.54,-0.05,1296.9
2024-11-14 14:42:00+00:00,long,sell - stop_loss,90595.0,89689.05,337650100.54,-1.05,1295.85
2024-11-14 15:00:00+00:00,short,buy,88769.1,,337481275.49,-0.05,1295.8
2024-11-14 18:07:00+00:00,short,sell - stop_loss,88769.1,89656.79100000001,333937722.09,-1.05,1294.75
2024-11-14 19:00:00+00:00,short,buy,89142.2,,333770753.23,-0.05,1294.7
2024-11-15 06:00:00+00:00,short,sell - direction_change,89142.2,87773.4,338728998.34,1.49,1296.18
2024-11-15 06:00:00+00:00,long,buy,87773.4,,338559633.84,-0.05,1296.13
2024-11-15 07:00:00+00:00,long,sell - direction_change,87773.4,88223.3,340125708.69,0.46,1296.6
2024-11-15 07:00:00+00:00,short,buy,88223.3,,339955645.84,-0.05,1296.55
2024-11-15 08:00:00+00:00,short,sell - direction_change,88223.3,87693.9,341825633.86,0.55,1297.1
2024-11-15 08:00:00+00:00,long,buy,87693.9,,341654721.05,-0.05,1297.05
2024-11-15 12:11:00+00:00,long,sell - take_profit,87693.9,90324.71699999999,351733535.32,2.95,1300.0
2024-11-15 13:00:00+00:00,long,buy,89819.9,,351557668.55,-0.05,1299.95
2024-11-15 14:34:00+00:00,long,sell - stop_loss,89819.9,88921.70099999999,347866313.03,-1.05,1298.9
2024-11-15 15:00:00+00:00,long,buy,89150.2,,347692379.87,-0.05,1298.85
2024-11-15 15:20:00+00:00,long,sell - stop_loss,89150.2,88258.69799999999,344041609.89,-1.05,1297.8
2024-11-15 16:00:00+00:00,long,buy,88485.5,,343869589.08,-0.05,1297.75
2024-11-15 20:18:00+00:00,long,sell - take_profit,88485.5,91140.065,354013741.96,2.95,1300.7
2024-11-15 21:00:00+00:00,long,buy,91479.3,,353836735.09,-0.05,1300.65
2024-11-16 12:14:00+00:00,long,sell - stop_loss,91479.3,90564.507,350121449.37,-1.05,1299.6
2024-11-16 13:00:00+00:00,long,buy,90948.6,,349946388.64,-0.05,1299.55
2024-11-16 15:00:00+00:00,long,sell - direction_change,90948.6,91031.5,350090392.93,0.04,1299.59
2024-11-16 15:00:00+00:00,short,buy,91031.5,,349915347.74,-0.05,1299.54
2024-11-16 17:00:00+00:00,short,sell - direction_change,91031.5,90662.1,351160324.15,0.36,1299.89
2024-11-16 17:00:00+00:00,long,buy,90662.1,,350984743.98,-0.05,1299.84
2024-11-16 22:00:00+00:00,long,sell - direction_change,90662.1,91061.5,352355468.9,0.39,1300.23
2024-11-16 22:00:00+00:00,short,buy,91061.5,,352179291.17,-0.05,1300.18
2024-11-17 08:00:00+00:00,short,sell - direction_change,91061.5,90600.0,353788047.4,0.46,1300.64
2024-11-17 08:00:00+00:00,long,buy,90600.0,,353611153.38,-0.05,1300.59
2024-11-17 14:00:00+00:00,long,sell - direction_change,90600.0,90556.8,353265738.51,-0.1,1300.49
2024-11-17 14:00:00+00:00,short,buy,90556.8,,353089105.64,-0.05,1300.44
2024-11-17 17:00:00+00:00,short,sell - direction_change,90556.8,90510.2,353094258.68,0.0,1300.44
2024-11-17 17:00:00+00:00,long,buy,90510.2,,352917711.55,-0.05,1300.39
2024-11-17 18:00:00+00:00,long,sell - direction_change,90510.2,90642.8,353258287.11,0.1,1300.49
2024-11-17 18:00:00+00:00,short,buy,90642.8,,353081657.97,-0.05,1300.44
2024-11-18 01:00:00+00:00,short,sell - direction_change,90642.8,89988.9,355452259.28,0.67,1301.11
2024-11-18 01:00:00+00:00,long,buy,89988.9,,355274533.15,-0.05,1301.06
2024-11-18 15:55:00+00:00,long,sell - take_profit,89988.9,92688.567,365755131.88,2.95,1304.01
2024-11-18 16:00:00+00:00,long,buy,92407.8,,365572254.32,-0.05,1303.96
2024-11-18 16:46:00+00:00,long,sell - stop_loss,92407.8,91483.72200000001,361733745.65,-1.05,1302.91
2024-11-18 17:00:00+00:00,long,buy,91502.0,,361552878.77,-0.05,1302.86
2024-11-18 18:00:00+00:00,long,sell - direction_change,91502.0,91648.4,361950574.3,0.11,1302.97
2024-11-18 18:00:00+00:00,short,buy,91648.4,,361769599.01,-0.05,1302.92
2024-11-18 20:00:00+00:00,short,sell - direction_change,91648.4,90657.7,365499367.77,1.03,1303.95
2024-11-18 20:00:00+00:00,long,buy,90657.7,,365316618.09,-0.05,1303.9
2024-11-19 18:16:00+00:00,long,sell - take_profit,90657.7,93377.431,376093458.32,2.95,1306.85
2024-11-19 19:00:00+00:00,long,buy,93692.3,,375905411.59,-0.05,1306.8
2024-11-19 20:47:00+00:00,long,sell - stop_loss,93692.3,92755.37700000001,371958404.77,-1.05,1305.75
2024-11-19 21:00:00+00:00,long,buy,92498.0,,371772425.57,-0.05,1305.7
2024-11-19 22:32:00+00:00,long,sell - stop_loss,92498.0,91573.02,367868815.1,-1.05,1304.65
2024-11-19 23:00:00+00:00,long,buy,91857.9,,367684880.69,-0.05,1304.6
2024-11-20 13:50:00+00:00,long,sell - take_profit,91857.9,94613.637,378531584.67,2.95,1307.55
2024-11-20 14:00:00+00:00,long,buy,94420.0,,378342318.88,-0.05,1307.5
2024-11-20 16:30:00+00:00,long,sell - stop_loss,94420.0,93475.8,374369724.53,-1.05,1306.45
2024-11-20 17:00:00+00:00,long,buy,94048.2,,374182539.67,-0.05,1306.4
2024-11-20 18:46:00+00:00,long,sell - stop_loss,94048.2,93107.718,370253623.0,-1.05,1305.35
2024-11-20 19:00:00+00:00,long,buy,93671.5,,370068496.19,-0.05,1305.3
2024-11-21 04:04:00+00:00,long,sell - take_profit,93671.5,96481.645,380985516.83,2.95,1308.25
2024-11-21 05:00:00+00:00,long,buy,97591.2,,380795024.07,-0.05,1308.2
2024-11-21 14:39:00+00:00,long,sell - stop_loss,97591.2,96615.288,376796676.32,-1.05,1307.15
2024-11-21 15:00:00+00:00,long,buy,97068.3,,376608277.98,-0.05,1307.1
2024-11-21 15:34:00+00:00,long,sell - stop_loss,97068.3,96097.617,372653891.06,-1.05,1306.05
2024-11-21 16:00:00+00:00,long,buy,96684.1,,372467564.11,-0.05,1306.0
2024-11-22 13:00:00+00:00,long,sell - direction_change,96684.1,98680.5,379972297.56,2.01,1308.02
2024-11-22 13:00:00+00:00,short,buy,98680.5,,379782311.41,-0.05,1307.97
2024-11-22 15:00:00+00:00,short,sell - direction_change,98680.5,97370.4,384634478.28,1.28,1309.24
2024-11-22 15:00:00+00:00,long,buy,97370.4,,384442161.04,-0.05,1309.19
2024-11-23 04:00:00+00:00,long,sell - direction_change,97370.4,98702.6,389509791.48,1.32,1310.51
2024-11-23 04:00:00+00:00,short,buy,98702.6,,389315036.59,-0.05,1310.46
2024-11-23 05:00:00+00:00,short,sell - direction_change,98702.6,98611.1,389481284.72,0.04,1310.51
2024-11-23 05:00:00+00:00,long,buy,98611.1,,389286544.07,-0.05,1310.46
2024-11-23 07:00:00+00:00,long,sell - direction_change,98611.1,98750.0,389640235.63,0.09,1310.55
2024-11-23 07:00:00+00:00,short,buy,98750.0,,389445415.52,-0.05,1310.5
2024-11-23 12:00:00+00:00,short,sell - direction_change,98750.0,98470.8,390351788.1,0.23,1310.73
2024-11-23 12:00:00+00:00,long,buy,98470.8,,390156612.21,-0.05,1310.68
2024-11-23 13:00:00+00:00,long,sell - direction_change,98470.8,98670.9,390754361.2,0.15,1310.83
2024-11-23 13:00:00+00:00,short,buy,98670.9,,390558984.02,-0.05,1310.78
2024-11-23 14:00:00+00:00,short,sell - direction_change,98670.9,98587.9,390692234.98,0.03,1310.82
2024-11-23 14:00:00+00:00,long,buy,98587.9,,390496888.86,-0.05,1310.77
2024-11-23 15:00:00+00:00,long,sell - direction_change,98587.9,98805.6,391163928.51,0.17,1310.94
2024-11-23 15:00:00+00:00,short,buy,98805.6,,390968346.55,-0.05,1310.89
2024-11-24 01:00:00+00:00,short,sell - direction_change,98805.6,97983.2,394027054.12,0.78,1311.67
2024-11-24 01:00:00+00:00,long,buy,97983.2,,393830040.6,-0.05,1311.62
2024-11-24 10:00:00+00:00,long,sell - direction_change,97983.2,98011.0,393744863.87,-0.02,1311.6
2024-11-24 10:00:00+00:00,short,buy,98011.0,,393547991.43,-0.05,1311.55
2024-11-24 22:00:00+00:00,short,sell - direction_change,98011.0,97037.7,397259352.85,0.94,1312.49
2024-11-24 22:00:00+00:00,long,buy,97037.7,,397060723.18,-0.05,1312.44
2024-11-25 14:51:00+00:00,long,sell - stop_loss,97037.7,96067.32299999999,392891585.58,-1.05,1311.39
2024-11-25 15:00:00+00:00,long,buy,95444.3,,392695139.79,-0.05,1311.34
2024-11-25 16:00:00+00:00,long,sell - direction_change,95444.3,96040.4,394951380.51,0.57,1311.92
2024-11-25 16:00:00+00:00,short,buy,96040.4,,394753904.82,-0.05,1311.87
2024-11-25 22:35:00+00:00,short,sell - take_profit,96040.4,93159.188,406399145.01,2.95,1314.82
2024-11-25 23:00:00+00:00,short,buy,94479.0,,406195945.44,-0.05,1314.77
2024-11-26 06:00:00+00:00,short,sell - direction_change,94479.0,94713.8,404983365.91,-0.3,1314.47
2024-11-26 06:00:00+00:00,long,buy,94713.8,,404780874.23,-0.05,1314.42
2024-11-26 07:00:00+00:00,long,sell - direction_change,94713.8,94553.6,403893832.81,-0.22,1314.2
2024-11-26 07:00:00+00:00,short,buy,94553.6,,403691885.9,-0.05,1314.15
2024-11-26 09:00:00+00:00,short,sell - direction_change,94553.6,93221.6,409176947.61,1.36,1315.51
2024-11-26 09:00:00+00:00,long,buy,93221.6,,408972359.14,-0.05,1315.46
2024-11-26 10:00:00+00:00,long,sell - direction_change,93221.6,93614.5,410491564.03,0.37,1315.83
2024-11-26 10:00:00+00:00,short,buy,93614.5,,410286318.25,-0.05,1315.78
2024-11-26 16:00:00+00:00,short,sell - direction_change,93614.5,92877.4,413311679.4,0.74,1316.52
2024-11-26 16:00:00+00:00,long,buy,92877.4,,413105023.56,-0.05,1316.47
2024-11-26 17:00:00+00:00,long,sell - direction_change,92877.4,94098.4,418329299.58,1.26,1317.73
2024-11-26 17:00:00+00:00,short,buy,94098.4,,418120134.93,-0.05,1317.68
2024-11-26 20:20:00+00:00,short,sell - take_profit,94098.4,91275.44799999999,430454678.91,2.95,1320.63
2024-11-26 21:00:00+00:00,short,buy,91124.2,,430239451.57,-0.05,1320.58
2024-11-26 22:04:00+00:00,short,sell - stop_loss,91124.2,92035.442,425721937.33,-1.05,1319.53
2024-11-26 23:00:00+00:00,short,buy,91888.0,,425509076.36,-0.05,1319.48
2024-11-27 01:54:00+00:00,short,sell - stop_loss,91888.0,92806.88,421041231.05,-1.05,1318.43
2024-11-27 02:00:00+00:00,short,buy,92821.0,,420830710.44,-0.05,1318.38
2024-11-27 04:00:00+00:00,short,sell - direction_change,92821.0,92645.2,421417334.97,0.14,1318.52
2024-11-27 04:00:00+00:00,long,buy,92645.2,,421206626.3,-0.05,1318.47
2024-11-27 15:37:00+00:00,long,sell - take_profit,92645.2,95424.556,433632221.77,2.95,1321.42
2024-11-27 16:00:00+00:00,long,buy,95610.4,,433415405.66,-0.05,1321.37
2024-11-28 09:00:00+00:00,long,sell - direction_change,95610.4,95522.9,432802048.14,-0.14,1321.23
2024-11-28 09:00:00+00:00,short,buy,95522.9,,432585647.12,-0.05,1321.18
2024-11-28 10:00:00+00:00,short,sell - direction_change,95522.9,95031.3,434595617.36,0.46,1321.64
2024-11-28 10:00:00+00:00,long,buy,95031.3,,434378319.55,-0.05,1321.59
2024-11-28 15:00:00+00:00,long,sell - direction_change,95031.3,95432.1,435993146.06,0.37,1321.96
2024-11-28 15:00:00+00:00,short,buy,95432.1,,435775149.48,-0.05,1321.91
2024-11-28 22:00:00+00:00,short,sell - direction_change,95432.1,95193.3,436647703.23,0.2,1322.11
2024-11-28 22:00:00+00:00,long,buy,95193.3,,436429379.38,-0.05,1322.06
2024-11-29 14:55:00+00:00,long,sell - take_profit,95193.3,98049.099,449304046.07,2.95,1325.01
2024-11-29 15:00:00+00:00,long,buy,98082.0,,449079394.05,-0.05,1324.96
2024-11-29 17:20:00+00:00,long,sell - stop_loss,98082.0,97101.18,444364060.41,-1.05,1323.91
2024-11-29 18:00:00+00:00,long,buy,97028.1,,444141878.38,-0.05,1323.86
2024-11-30 00:00:00+00:00,long,sell - direction_change,97028.1,97516.2,446154063.82,0.45,1324.32
2024-11-30 00:00:00+00:00,short,buy,97516.2,,445930986.79,-0.05,1324.27
2024-11-30 04:00:00+00:00,short,sell - direction_change,97516.2,96708.1,449403374.79,0.78,1325.05
2024-11-30 04:00:00+00:00,long,buy,96708.1,,449178673.1,-0.05,1325.0
2024-11-30 06:00:00+00:00,long,sell - direction_change,96708.1,97154.5,451027471.2,0.41,1325.41
2024-11-30 06:00:00+00:00,short,buy,97154.5,,450801957.47,-0.05,1325.36
2024-11-30 16:00:00+00:00,short,sell - direction_change,97154.5,96707.4,452651123.85,0.41,1325.77
2024-11-30 16:00:00+00:00,long,buy,96707.4,,452424798.29,-0.05,1325.72
2024-11-30 22:00:00+00:00,long,sell - direction_change,96707.4,96845.6,452845124.91,0.09,1325.81
2024-11-30 22:00:00+00:00,short,buy,96845.6,,452618702.34,-0.05,1325.76
2024-12-01 08:00:00+00:00,short,sell - direction_change,96845.6,96525.4,453888883.37,0.28,1326.04
2024-12-01 08:00:00+00:00,long,buy,96525.4,,453661938.93,-0.05,1325.99
2024-12-02 07:00:00+00:00,long,sell - direction_change,96525.4,96349.9,452610271.49,-0.23,1325.76
2024-12-02 07:00:00+00:00,short,buy,96349.9,,452383966.35,-0.05,1325.71
2024-12-02 15:00:00+00:00,short,sell - direction_change,96349.9,96374.2,452043680.53,-0.08,1325.63
2024-12-02 15:00:00+00:00,long,buy,96374.2,,451817658.69,-0.05,1325.58
2024-12-02 16:00:00+00:00,long,sell - direction_change,96374.2,97106.6,455025358.16,0.71,1326.29
2024-12-02 16:00:00+00:00,short,buy,97106.6,,454797845.48,-0.05,1326.24
2024-12-02 23:00:00+00:00,short,sell - direction_change,97106.6,95434.3,462402647.84,1.67,1327.92
2024-12-02 23:00:00+00:00,long,buy,95434.3,,462171446.52,-0.05,1327.87
2024-12-03 01:00:00+00:00,long,sell - direction_change,95434.3,95861.9,464011152.01,0.4,1328.26
2024-12-03 01:00:00+00:00,short,buy,95861.9,,463779146.44,-0.05,1328.21
2024-12-03 02:00:00+00:00,short,sell - direction_change,95861.9,95591.5,464855450.02,0.23,1328.45
2024-12-03 02:00:00+00:00,long,buy,95591.5,,464623022.29,-0.05,1328.4
2024-12-03 09:00:00+00:00,long,sell - direction_change,95591.5,95585.7,464362519.85,-0.06,1328.34
2024-12-03 09:00:00+00:00,short,buy,95585.7,,464130338.59,-0.05,1328.29
2024-12-03 15:00:00+00:00,short,sell - direction_change,95585.7,95298.7,465291843.87,0.25,1328.54
2024-12-03 15:00:00+00:00,long,buy,95298.7,,465059197.95,-0.05,1328.49
2024-12-03 16:00:00+00:00,long,sell - direction_change,95298.7,95744.7,467003155.57,0.42,1328.91
2024-12-03 16:00:00+00:00,short,buy,95744.7,,466769653.99,-0.05,1328.86
2024-12-03 17:00:00+00:00,short,sell - direction_change,95744.7,95175.3,469312178.86,0.54,1329.4
2024-12-03 17:00:00+00:00,long,buy,95175.3,,469077522.77,-0.05,1329.35
2024-12-04 15:00:00+00:00,long,sell - direction_change,95175.3,95880.0,472316142.8,0.69,1330.04
2024-12-04 15:00:00+00:00,short,buy,95880.0,,472079984.73,-0.05,1329.99
2024-12-04 18:00:00+00:00,short,sell - direction_change,95880.0,95609.7,473174808.52,0.23,1330.23
2024-12-04 18:00:00+00:00,long,buy,95609.7,,472938221.12,-0.05,1330.18
2024-12-04 20:17:00+00:00,long,sell - take_profit,95609.7,98477.991,486889898.64,2.95,1333.13
2024-12-04 21:00:00+00:00,long,buy,98803.5,,486646453.69,-0.05,1333.08
2024-12-04 21:47:00+00:00,long,sell - stop_loss,98803.5,97815.465,481536665.93,-1.05,1332.03
2024-12-04 22:00:00+00:00,long,buy,97779.4,,481295897.6,-0.05,1331.98
2024-12-05 02:33:00+00:00,long,sell - take_profit,97779.4,100712.78199999999,495494126.57,2.95,1334.93
2024-12-05 03:00:00+00:00,long,buy,101540.7,,495246379.51,-0.05,1334.88
2024-12-05 03:08:00+00:00,long,sell - take_profit,101540.7,104586.921,509856147.71,2.95,1337.83
2024-12-05 04:00:00+00:00,long,buy,103084.7,,509601219.63,-0.05,1337.78
2024-12-05 05:46:00+00:00,long,sell - stop_loss,103084.7,102053.853,504250406.83,-1.05,1336.73
2024-12-05 06:00:00+00:00,long,buy,102591.7,,503998281.62,-0.05,1336.68
2024-12-05 06:21:00+00:00,long,sell - stop_loss,102591.7,101565.783,498706299.67,-1.05,1335.63
2024-12-05 07:00:00+00:00,long,buy,101960.8,,498456946.52,-0.05,1335.58
2024-12-05 15:50:00+00:00,long,sell - stop_loss,101960.8,100941.192,493223148.58,-1.05,1334.53
2024-12-05 16:00:00+00:00,long,buy,101350.1,,492976537.0,-0.05,1334.48
2024-12-05 18:57:00+00:00,long,sell - stop_loss,101350.1,100336.599,487800283.37,-1.05,1333.43
2024-12-05 19:00:00+00:00,long,buy,100258.3,,487556383.22,-0.05,1333.38
2024-12-05 19:53:00+00:00,long,sell - stop_loss,100258.3,99255.717,482437041.2,-1.05,1332.33
2024-12-05 20:00:00+00:00,long,buy,99111.5,,482195822.68,-0.05,1332.28
2024-12-05 20:18:00+00:00,long,sell - stop_loss,99111.5,98120.385,477132766.54,-1.05,1331.23
2024-12-05 21:00:00+00:00,long,buy,99130.3,,476894200.16,-0.05,1331.18
2024-12-05 22:00:00+00:00,long,sell - direction_change,99130.3,98967.9,475874482.16,-0.21,1330.96
2024-12-05 22:00:00+00:00,short,buy,98967.9,,475636544.92,-0.05,1330.91
2024-12-05 22:28:00+00:00,short,sell - take_profit,98967.9,95998.863,489667823.0,2.95,1333.86
2024-12-05 23:00:00+00:00,short,buy,96616.6,,489422989.09,-0.05,1333.81
2024-12-06 00:41:00+00:00,short,sell - stop_loss,96616.6,97582.766,484284047.7,-1.05,1332.76
2024-12-06 01:00:00+00:00,short,buy,97614.6,,484041905.68,-0.05,1332.71
2024-12-06 01:46:00+00:00,short,sell - stop_loss,97614.6,98590.74600000001,478959465.67,-1.05,1331.66
2024-12-06 02:00:00+00:00,short,buy,98175.0,,478719985.93,-0.05,1331.61
2024-12-06 08:00:00+00:00,short,sell - direction_change,98175.0,98209.7,478311422.14,-0.09,1331.53
2024-12-06 08:00:00+00:00,long,buy,98209.7,,478072266.43,-0.05,1331.48
2024-12-06 17:50:00+00:00,long,sell - take_profit,98209.7,101155.991,492175398.29,2.95,1334.43
2024-12-06 18:00:00+00:00,long,buy,100915.1,,491929310.59,-0.05,1334.38
2024-12-06 23:21:00+00:00,long,sell - stop_loss,100915.1,99905.94900000001,486764052.83,-1.05,1333.33
2024-12-07 00:00:00+00:00,long,buy,99802.5,,486520670.8,-0.05,1333.28
2024-12-07 12:00:00+00:00,long,sell - direction_change,99802.5,99660.3,485584209.0,-0.19,1333.08
2024-12-07 12:00:00+00:00,short,buy,99660.3,,485341416.89,-0.05,1333.03
2024-12-07 15:00:00+00:00,short,sell - direction_change,99660.3,99527.8,485744015.54,0.08,1333.12
2024-12-07 15:00:00+00:00,long,buy,99527.8,,485501143.53,-0.05,1333.07
2024-12-08 06:00:00+00:00,long,sell - direction_change,99527.8,99595.9,485590587.86,0.02,1333.09
2024-12-08 06:00:00+00:00,short,buy,99595.9,,485347792.57,-0.05,1333.04
2024-12-08 12:00:00+00:00,short,sell - direction_change,99595.9,99755.2,484328822.63,-0.21,1332.83
2024-12-08 12:00:00+00:00,long,buy,99755.2,,484086658.22,-0.05,1332.78
2024-12-09 01:00:00+00:00,long,sell - direction_change,99755.2,99728.3,483714076.02,-0.08,1332.7
2024-12-09 01:00:00+00:00,short,buy,99728.3,,483472218.98,-0.05,1332.65
2024-12-09 14:00:00+00:00,short,sell - direction_change,99728.3,99063.5,486453362.75,0.62,1333.27
2024-12-09 14:00:00+00:00,long,buy,99063.5,,486210136.07,-0.05,1333.22
2024-12-09 15:00:00+00:00,long,sell - direction_change,99063.5,100207.4,491581367.0,1.1,1334.32
2024-12-09 15:00:00+00:00,short,buy,100207.4,,491335576.32,-0.05,1334.27
2024-12-09 19:41:00+00:00,short,sell - take_profit,100207.4,97201.17799999999,505829975.82,2.95,1337.22
2024-12-09 20:00:00+00:00,short,buy,97126.8,,505577060.83,-0.05,1337.17
2024-12-09 21:05:00+00:00,short,sell - take_profit,97126.8,94212.996,520491584.13,2.95,1340.12
2024-12-09 22:00:00+00:00,short,buy,96952.8,,520231338.33,-0.05,1340.07
2024-12-10 00:34:00+00:00,short,sell - stop_loss,96952.8,97922.32800000001,514768909.28,-1.05,1339.02
2024-12-10 01:00:00+00:00,long,buy,97911.9,,514511524.83,-0.05,1338.97
2024-12-10 02:00:00+00:00,long,sell - direction_change,97911.9,97977.2,514597410.22,0.02,1338.99
2024-12-10 02:00:00+00:00,short,buy,97977.2,,514340111.51,-0.05,1338.94
2024-12-10 06:00:00+00:00,short,sell - direction_change,97977.2,96983.0,519302083.66,0.96,1339.9
2024-12-10 06:00:00+00:00,long,buy,96983.0,,519042432.61,-0.05,1339.85
2024-12-10 15:00:00+00:00,long,sell - direction_change,96983.0,97837.8,523357707.72,0.83,1340.68
2024-12-10 15:00:00+00:00,short,buy,97837.8,,523096028.86,-0.05,1340.63
2024-12-10 16:38:00+00:00,short,sell - take_profit,97837.8,94902.666,538527361.71,2.95,1343.58
2024-12-10 17:00:00+00:00,short,buy,96358.0,,538258098.03,-0.05,1343.53
2024-12-10 21:00:00+00:00,short,sell - direction_change,96358.0,96437.6,537544321.48,-0.13,1343.4
2024-12-10 21:00:00+00:00,long,buy,96437.6,,537275549.32,-0.05,1343.35
2024-12-11 00:00:00+00:00,long,sell - direction_change,96437.6,96602.3,537924492.27,0.12,1343.47
2024-12-11 00:00:00+00:00,short,buy,96602.3,,537655530.02,-0.05,1343.42
2024-12-11 02:00:00+00:00,short,sell - direction_change,96602.3,95755.5,542099702.91,0.83,1344.25
2024-12-11 02:00:00+00:00,long,buy,95755.5,,541828653.06,-0.05,1344.2
2024-12-11 13:30:00+00:00,long,sell - take_profit,95755.5,98628.16500000001,557812598.32,2.95,1347.15
2024-12-11 14:00:00+00:00,long,buy,98724.9,,557533692.02,-0.05,1347.1
2024-12-11 22:03:00+00:00,long,sell - take_profit,98724.9,101686.647,573980935.94,2.95,1350.05
2024-12-11 23:00:00+00:00,long,buy,101188.1,,573693945.47,-0.05,1350.0
2024-12-12 11:21:00+00:00,long,sell - stop_loss,101188.1,100176.21900000001,567670159.04,-1.05,1348.95
2024-12-12 12:00:00+00:00,long,buy,100339.8,,567386323.96,-0.05,1348.9
2024-12-12 19:47:00+00:00,long,sell - stop_loss,100339.8,99336.402,561428767.56,-1.05,1347.85
2024-12-12 20:00:00+00:00,short,buy,99455.1,,561148053.18,-0.05,1347.8
2024-12-12 22:59:00+00:00,short,sell - stop_loss,99455.1,100449.65100000001,555255998.62,-1.05,1346.75
2024-12-12 23:00:00+00:00,short,buy,100419.2,,554978370.62,-0.05,1346.7
2024-12-13 10:00:00+00:00,short,sell - direction_change,100419.2,100071.1,556624696.51,0.3,1346.99
2024-12-13 10:00:00+00:00,long,buy,100071.1,,556346384.16,-0.05,1346.94
2024-12-13 15:00:00+00:00,long,sell - direction_change,100071.1,101000.0,561232440.76,0.88,1347.82
2024-12-13 15:00:00+00:00,short,buy,101000.0,,560951824.54,-0.05,1347.77
2024-12-13 16:00:00+00:00,short,sell - direction_change,101000.0,99831.0,567163949.45,1.11,1348.88
2024-12-13 16:00:00+00:00,long,buy,99831.0,,566880367.48,-0.05,1348.83
2024-12-14 13:00:00+00:00,long,sell - direction_change,99831.0,101269.7,574766441.62,1.39,1350.22
2024-12-14 13:00:00+00:00,short,buy,101269.7,,574479058.4,-0.05,1350.17
2024-12-14 14:00:00+00:00,short,sell - direction_change,101269.7,101138.7,574934950.89,0.08,1350.25
2024-12-14 14:00:00+00:00,long,buy,101138.7,,574647483.41,-0.05,1350.2
2024-12-14 17:00:00+00:00,long,sell - direction_change,101138.7,101632.2,577164116.35,0.44,1350.64
2024-12-14 17:00:00+00:00,short,buy,101632.2,,576875534.29,-0.05,1350.59
2024-12-14 23:00:00+00:00,short,sell - direction_change,101632.2,101095.2,579635167.53,0.48,1351.07
2024-12-14 23:00:00+00:00,long,buy,101095.2,,579345349.94,-0.05,1351.02
2024-12-15 23:20:00+00:00,long,sell - take_profit,101095.2,104128.056,596436037.76,2.95,1353.97
2024-12-16 00:00:00+00:00,long,buy,104460.5,,596137819.75,-0.05,1353.92
2024-12-16 12:00:00+00:00,long,sell - direction_change,104460.5,103717.9,591601862.4,-0.76,1353.16
2024-12-16 12:00:00+00:00,short,buy,103717.9,,591306061.47,-0.05,1353.11
2024-12-16 14:00:00+00:00,short,sell - direction_change,103717.9,103859.6,590202562.65,-0.19,1352.92
2024-12-16 14:00:00+00:00,long,buy,103859.6,,589907461.37,-0.05,1352.87
2024-12-16 16:37:00+00:00,long,sell - take_profit,103859.6,106975.388,607309731.48,2.95,1355.82
2024-12-16 17:00:00+00:00,long,buy,106769.0,,607006076.61,-0.05,1355.77
2024-12-16 21:05:00+00:00,long,sell - stop_loss,106769.0,105701.31,600632512.81,-1.05,1354.72
2024-12-16 22:00:00+00:00,long,buy,106011.8,,600332196.55,-0.05,1354.67
2024-12-18 01:00:00+00:00,long,sell - direction_change,106011.8,106050.1,600248918.79,-0.01,1354.66
2024-12-18 01:00:00+00:00,short,buy,106050.1,,599948794.33,-0.05,1354.61
2024-12-18 02:00:00+00:00,short,sell - direction_change,106050.1,105291.8,603938690.2,0.67,1355.27
2024-12-18 02:00:00+00:00,long,buy,105291.8,,603636720.85,-0.05,1355.22
2024-12-18 03:00:00+00:00,long,sell - direction_change,105291.8,105268.1,603199030.66,-0.07,1355.15
2024-12-18 03:00:00+00:00,short,buy,105268.1,,602897431.14,-0.05,1355.1
2024-12-18 17:00:00+00:00,short,sell - direction_change,105268.1,104154.2,608975573.67,1.01,1356.11
2024-12-18 17:00:00+00:00,long,buy,104154.2,,608671085.88,-0.05,1356.06
2024-12-18 19:00:00+00:00,long,sell - direction_change,104154.2,104771.7,611975384.41,0.54,1356.6
2024-12-18 19:00:00+00:00,short,buy,104771.7,,611669396.72,-0.05,1356.55
2024-12-18 20:07:00+00:00,short,sell - take_profit,104771.7,101628.549,629713643.93,2.95,1359.5
2024-12-18 21:00:00+00:00,short,buy,100839.3,,629398787.1,-0.05,1359.45
2024-12-19 06:00:00+00:00,short,sell - direction_change,100839.3,101271.0,626389588.08,-0.48,1358.97
2024-12-19 06:00:00+00:00,long,buy,101271.0,,626076393.29,-0.05,1358.92
2024-12-19 15:00:00+00:00,long,sell - direction_change,101271.0,100908.1,623519838.95,-0.41,1358.51
2024-12-19 15:00:00+00:00,short,buy,100908.1,,623208079.03,-0.05,1358.46
2024-12-19 17:54:00+00:00,short,sell - take_profit,100908.1,97880.857,641592717.36,2.95,1361.41
2024-12-19 18:00:00+00:00,short,buy,98810.8,,641271921.0,-0.05,1361.36
2024-12-19 20:11:00+00:00,short,sell - take_profit,98810.8,95846.476,660189442.67,2.95,1364.31
2024-12-19 21:00:00+00:00,short,buy,96409.7,,659859347.95,-0.05,1364.26
2024-12-19 21:17:00+00:00,short,sell - stop_loss,96409.7,97373.79699999999,652930824.8,-1.05,1363.21
2024-12-19 22:00:00+00:00,short,buy,97393.2,,652604359.39,-0.05,1363.16
2024-12-19 22:56:00+00:00,short,sell - stop_loss,97393.2,98367.132,645752013.61,-1.05,1362.11
2024-12-19 23:00:00+00:00,short,buy,98331.9,,645429137.61,-0.05,1362.06
2024-12-20 06:00:00+00:00,short,sell - direction_change,98331.9,96715.3,655717432.73,1.59,1363.66
2024-12-20 06:00:00+00:00,long,buy,96715.3,,655389574.01,-0.05,1363.61
2024-12-20 08:00:00+00:00,long,sell - direction_change,96715.3,97826.1,662589196.4,1.1,1364.71
2024-12-20 08:00:00+00:00,short,buy,97826.1,,662257901.8,-0.05,1364.66
2024-12-20 09:48:00+00:00,short,sell - take_profit,97826.1,94891.31700000001,681794509.9,2.95,1367.61
2024-12-20 10:00:00+00:00,short,buy,94812.1,,681453612.65,-0.05,1367.56
2024-12-20 13:48:00+00:00,short,sell - stop_loss,94812.1,95760.221,674298349.72,-1.05,1366.51
2024-12-20 14:00:00+00:00,short,buy,95188.0,,673961200.54,-0.05,1366.46
2024-12-20 14:39:00+00:00,short,sell - stop_loss,95188.0,96139.88,666884607.94,-1.05,1365.41
2024-12-20 15:00:00+00:00,long,buy,95606.1,,666551165.63,-0.05,1365.36
2024-12-21 05:55:00+00:00,long,sell - take_profit,95606.1,98474.28300000001,686214425.02,2.95,1368.31
2024-12-21 06:00:00+00:00,long,buy,98644.0,,685871317.81,-0.05,1368.26
2024-12-21 12:11:00+00:00,long,sell - stop_loss,98644.0,97657.56,678669668.97,-1.05,1367.21
2024-12-21 13:00:00+00:00,long,buy,97109.8,,678330334.13,-0.05,1367.16
2024-12-21 18:00:00+00:00,long,sell - direction_change,97109.8,97563.4,681159650.83,0.42,1367.57
2024-12-21 18:00:00+00:00,short,buy,97563.4,,680819071.0,-0.05,1367.52
2024-12-21 19:00:00+00:00,short,sell - direction_change,97563.4,97382.1,681743813.13,0.14,1367.66
2024-12-21 19:00:00+00:00,long,buy,97382.1,,681402941.22,-0.05,1367.61
2024-12-21 21:00:00+00:00,long,sell - direction_change,97382.1,97435.1,681433091.84,0.0,1367.61
2024-12-21 21:00:00+00:00,short,buy,97435.1,,681092375.3,-0.05,1367.56
2024-12-21 22:00:00+00:00,short,sell - direction_change,97435.1,96864.0,684743941.35,0.54,1368.1
2024-12-21 22:00:00+00:00,long,buy,96864.0,,684401569.38,-0.05,1368.05
2024-12-21 23:00:00+00:00,long,sell - direction_change,96864.0,97120.7,685873106.24,0.22,1368.26
2024-12-21 23:00:00+00:00,short,buy,97120.7,,685530169.69,-0.05,1368.21
2024-12-22 00:00:00+00:00,short,sell - direction_change,97120.7,97261.7,684192150.72,-0.2,1368.02
2024-12-22 00:00:00+00:00,long,buy,97261.7,,683850054.64,-0.05,1367.97
2024-12-22 01:00:00+00:00,long,sell - direction_change,97261.7,97217.8,683199467.34,-0.1,1367.87
2024-12-22 01:00:00+00:00,short,buy,97217.8,,682857867.61,-0.05,1367.82
2024-12-22 10:00:00+00:00,short,sell - direction_change,97217.8,96895.0,684783786.01,0.28,1368.11
2024-12-22 10:00:00+00:00,long,buy,96895.0,,684441394.11,-0.05,1368.06
2024-12-22 14:00:00+00:00,long,sell - direction_change,96895.0,96943.6,684442471.34,0.0,1368.06
2024-12-22 14:00:00+00:00,short,buy,96943.6,,684100250.1,-0.05,1368.01
2024-12-23 01:17:00+00:00,short,sell - take_profit,96943.6,94035.292,704281207.48,2.95,1370.96
2024-12-23 02:00:00+00:00,short,buy,94431.0,,703929066.87,-0.05,1370.91
2024-12-23 03:00:00+00:00,short,sell - direction_change,94431.0,94684.9,701684423.13,-0.32,1370.59
2024-12-23 03:00:00+00:00,long,buy,94684.9,,701333580.92,-0.05,1370.54
2024-12-23 06:00:00+00:00,long,sell - direction_change,94684.9,95572.8,707559613.13,0.89,1371.42
2024-12-23 06:00:00+00:00,short,buy,95572.8,,707205833.32,-0.05,1371.37
2024-12-23 07:00:00+00:00,short,sell - direction_change,95572.8,94783.7,712691298.87,0.78,1372.15
2024-12-23 07:00:00+00:00,long,buy,94783.7,,712334953.22,-0.05,1372.1
2024-12-23 13:00:00+00:00,long,sell - direction_change,94783.7,96258.3,723060956.23,1.51,1373.61
2024-12-23 13:00:00+00:00,short,buy,96258.3,,722699425.75,-0.05,1373.56
2024-12-23 14:00:00+00:00,short,sell - direction_change,96258.3,94881.7,732673475.99,1.38,1374.94
2024-12-23 14:00:00+00:00,long,buy,94881.7,,732307139.25,-0.05,1374.89
2024-12-23 14:48:00+00:00,long,sell - stop_loss,94881.7,93932.883,724617914.29,-1.05,1373.84
2024-12-23 15:00:00+00:00,long,buy,94379.9,,724255605.33,-0.05,1373.79
2024-12-23 15:11:00+00:00,long,sell - stop_loss,94379.9,93436.101,716650921.48,-1.05,1372.74
2024-12-23 16:00:00+00:00,short,buy,93217.7,,716292596.02,-0.05,1372.69
2024-12-23 16:48:00+00:00,short,sell - stop_loss,93217.7,94149.877,708771523.76,-1.05,1371.64
2024-12-23 17:00:00+00:00,short,buy,93950.0,,708417138.0,-0.05,1371.59
2024-12-23 22:00:00+00:00,short,sell - direction_change,93950.0,93936.1,708167740.48,-0.04,1371.55
2024-12-23 22:00:00+00:00,long,buy,93936.1,,707813656.61,-0.05,1371.5
2024-12-24 02:00:00+00:00,long,sell - direction_change,93936.1,94104.5,708728653.0,0.13,1371.63
2024-12-24 02:00:00+00:00,short,buy,94104.5,,708374288.67,-0.05,1371.58
2024-12-24 03:00:00+00:00,short,sell - direction_change,94104.5,93931.5,709322363.93,0.13,1371.71
2024-12-24 03:00:00+00:00,long,buy,93931.5,,708967702.74,-0.05,1371.66
2024-12-24 09:00:00+00:00,long,sell - direction_change,93931.5,94467.1,712655772.26,0.52,1372.18
2024-12-24 09:00:00+00:00,short,buy,94467.1,,712299444.37,-0.05,1372.13
2024-12-24 11:00:00+00:00,short,sell - direction_change,94467.1,93943.6,715890581.69,0.5,1372.64
2024-12-24 11:00:00+00:00,long,buy,93943.6,,715532636.4,-0.05,1372.59
2024-12-24 14:27:00+00:00,long,sell - take_profit,93943.6,96761.90800000001,736640849.17,2.95,1375.54
2024-12-24 15:00:00+00:00,long,buy,97410.2,,736272528.75,-0.05,1375.49
2024-12-26 04:00:00+00:00,long,sell - direction_change,97410.2,98957.7,747601132.02,1.54,1377.03
2024-12-26 04:00:00+00:00,short,buy,98957.7,,747227331.46,-0.05,1376.98
2024-12-26 05:00:00+00:00,short,sell - direction_change,98957.7,98250.0,752197544.32,0.67,1377.64
2024-12-26 05:00:00+00:00,long,buy,98250.0,,751821445.55,-0.05,1377.59
2024-12-26 06:00:00+00:00,long,sell - direction_change,98250.0,98322.7,752001844.44,0.02,1377.62
2024-12-26 06:00:00+00:00,short,buy,98322.7,,751625843.51,-0.05,1377.57
2024-12-26 10:01:00+00:00,short,sell - take_profit,98322.7,95373.019,773798805.9,2.95,1380.52
2024-12-26 11:00:00+00:00,short,buy,95473.6,,773411906.49,-0.05,1380.47
2024-12-26 16:12:00+00:00,short,sell - stop_loss,95473.6,96428.33600000001,765291081.48,-1.05,1379.42
2024-12-26 17:00:00+00:00,short,buy,96474.9,,764908435.94,-0.05,1379.37
2024-12-26 21:00:00+00:00,short,sell - direction_change,96474.9,95564.4,771744948.84,0.89,1380.26
2024-12-26 21:00:00+00:00,long,buy,95564.4,,771359076.36,-0.05,1380.21
2024-12-27 01:00:00+00:00,long,sell - direction_change,95564.4,95762.1,772569155.18,0.16,1380.37
2024-12-27 01:00:00+00:00,short,buy,95762.1,,772182870.6,-0.05,1380.32
2024-12-27 02:00:00+00:00,short,sell - direction_change,95762.1,95886.6,770792866.68,-0.18,1380.14
2024-12-27 02:00:00+00:00,long,buy,95886.6,,770407470.25,-0.05,1380.09
2024-12-27 07:00:00+00:00,long,sell - direction_change,95886.6,96565.6,775477738.63,0.66,1380.74
2024-12-27 07:00:00+00:00,short,buy,96565.6,,775089999.76,-0.05,1380.69
2024-12-27 08:00:00+00:00,short,sell - direction_change,96565.6,95080.1,786625916.06,1.49,1382.18
2024-12-27 08:00:00+00:00,long,buy,95080.1,,786232603.1,-0.05,1382.13
2024-12-27 15:36:00+00:00,long,sell - stop_loss,95080.1,94129.299,777977160.77,-1.05,1381.08
2024-12-27 16:00:00+00:00,short,buy,94539.9,,777588172.19,-0.05,1381.03
2024-12-28 03:00:00+00:00,short,sell - direction_change,94539.9,94295.6,779208739.13,0.21,1381.24
2024-12-28 03:00:00+00:00,long,buy,94295.6,,778819134.76,-0.05,1381.19
2024-12-28 04:00:00+00:00,long,sell - direction_change,94295.6,94550.6,780535856.12,0.22,1381.41
2024-12-28 04:00:00+00:00,short,buy,94550.6,,780145588.19,-0.05,1381.36
2024-12-28 09:00:00+00:00,short,sell - direction_change,94550.6,94446.4,780615279.06,0.06,1381.42
2024-12-28 09:00:00+00:00,long,buy,94446.4,,780224971.42,-0.05,1381.37
2024-12-29 12:00:00+00:00,long,sell - direction_change,94446.4,94986.2,784294165.37,0.52,1381.89
2024-12-29 12:00:00+00:00,short,buy,94986.2,,783902018.29,-0.05,1381.84
2024-12-30 06:00:00+00:00,short,sell - direction_change,94986.2,93540.0,795445265.22,1.47,1383.32
2024-12-30 06:00:00+00:00,long,buy,93540.0,,795047542.59,-0.05,1383.27
2024-12-30 13:00:00+00:00,long,sell - direction_change,93540.0,93720.9,796187586.71,0.14,1383.41
2024-12-30 13:00:00+00:00,short,buy,93720.9,,795789492.92,-0.05,1383.36
2024-12-30 17:00:00+00:00,short,sell - direction_change,93720.9,92085.5,809277872.59,1.69,1385.05
2024-12-30 17:00:00+00:00,long,buy,92085.5,,808873233.66,-0.05,1385.0
2024-12-30 20:17:00+00:00,long,sell - take_profit,92085.5,94848.065,832734994.05,2.95,1387.95
2024-12-30 21:00:00+00:00,short,buy,94318.1,,832318626.55,-0.05,1387.9
2024-12-31 02:00:00+00:00,short,sell - direction_change,94318.1,92410.4,848737138.89,1.97,1389.88
2024-12-31 02:00:00+00:00,long,buy,92410.4,,848312770.32,-0.05,1389.83
2024-12-31 03:00:00+00:00,long,sell - direction_change,92410.4,92433.7,848102504.23,-0.02,1389.8
2024-12-31 03:00:00+00:00,short,buy,92433.7,,847678452.97,-0.05,1389.75
2024-12-31 08:00:00+00:00,short,sell - direction_change,92433.7,92819.5,843716571.38,-0.47,1389.29
2024-12-31 08:00:00+00:00,long,buy,92819.5,,843294713.09,-0.05,1389.24
2024-12-31 13:28:00+00:00,long,sell - take_profit,92819.5,95604.085,868171907.13,2.95,1392.19
2024-12-31 14:00:00+00:00,long,buy,95567.4,,867737821.17,-0.05,1392.14
2024-12-31 16:32:00+00:00,long,sell - stop_loss,95567.4,94611.726,858626574.05,-1.05,1391.09
2024-12-31 17:00:00+00:00,long,buy,94832.8,,858197260.76,-0.05,1391.04
2024-12-31 17:35:00+00:00,long,sell - stop_loss,94832.8,93884.47200000001,849186189.52,-1.05,1389.99
2024-12-31 18:00:00+00:00,long,buy,94082.8,,848761596.43,-0.05,1389.94
2025-01-01 01:00:00+00:00,long,sell - direction_change,94082.8,94363.6,850870433.78,0.25,1390.18
2025-01-01 01:00:00+00:00,short,buy,94363.6,,850444998.56,-0.05,1390.13
2025-01-01 02:00:00+00:00,short,sell - direction_change,94363.6,93587.9,857010715.21,0.77,1390.91
2025-01-01 02:00:00+00:00,long,buy,93587.9,,856582209.85,-0.05,1390.86
2025-01-01 04:00:00+00:00,long,sell - direction_change,93587.9,93810.0,858186733.98,0.19,1391.04
2025-01-01 04:00:00+00:00,short,buy,93810.0,,857757640.61,-0.05,1390.99
2025-01-01 13:00:00+00:00,short,sell - direction_change,93810.0,93788.4,857526262.75,-0.03,1390.97
2025-01-01 13:00:00+00:00,long,buy,93788.4,,857097499.62,-0.05,1390.92
2025-01-02 09:56:00+00:00,long,sell - take_profit,93788.4,96602.052,882381875.86,2.95,1393.87
2025-01-02 10:00:00+00:00,long,buy,96721.9,,881940684.92,-0.05,1393.82
2025-01-03 07:00:00+00:00,long,sell - direction_change,96721.9,96504.7,879519216.71,-0.27,1393.54
2025-01-03 07:00:00+00:00,short,buy,96504.7,,879079457.1,-0.05,1393.49
2025-01-03 14:00:00+00:00,short,sell - direction_change,96504.7,96464.0,879010661.33,-0.01,1393.48
2025-01-03 14:00:00+00:00,long,buy,96464.0,,878571156.0,-0.05,1393.43
2025-01-04 09:00:00+00:00,long,sell - direction_change,96464.0,97870.0,890937383.83,1.41,1394.84
2025-01-04 09:00:00+00:00,short,buy,97870.0,,890491915.14,-0.05,1394.79
2025-01-04 14:00:00+00:00,short,sell - direction_change,97870.0,97924.3,889552608.58,-0.11,1394.69
2025-01-04 14:00:00+00:00,long,buy,97924.3,,889107832.27,-0.05,1394.64
2025-01-04 15:00:00+00:00,long,sell - direction_change,97924.3,97992.0,889277963.38,0.02,1394.65
2025-01-04 15:00:00+00:00,short,buy,97992.0,,888833324.39,-0.05,1394.6
2025-01-04 17:00:00+00:00,short,sell - direction_change,97992.0,97677.8,891238848.85,0.27,1394.88
2025-01-04 17:00:00+00:00,long,buy,97677.8,,890793229.43,-0.05,1394.83
2025-01-05 08:00:00+00:00,long,sell - direction_change,97677.8,98225.3,895340874.15,0.51,1395.34
2025-01-05 08:00:00+00:00,short,buy,98225.3,,894893203.72,-0.05,1395.29
2025-01-05 19:00:00+00:00,short,sell - direction_change,98225.3,97872.0,897664538.52,0.31,1395.6
2025-01-05 19:00:00+00:00,long,buy,97872.0,,897215706.25,-0.05,1395.55
2025-01-06 14:53:00+00:00,long,sell - take_profit,97872.0,100808.16,923683569.58,2.95,1398.5
2025-01-06 15:00:00+00:00,long,buy,100702.0,,923221727.8,-0.05,1398.45
2025-01-07 12:00:00+00:00,long,sell - direction_change,100702.0,100787.0,923539384.94,0.03,1398.48
2025-01-07 12:00:00+00:00,short,buy,100787.0,,923077615.25,-0.05,1398.43
2025-01-07 15:39:00+00:00,short,sell - take_profit,100787.0,97763.39,950308404.9,2.95,1401.38
2025-01-07 16:00:00+00:00,short,buy,97915.4,,949833250.69,-0.05,1401.33
2025-01-08 11:34:00+00:00,short,sell - take_profit,97915.4,94977.938,977853331.59,2.95,1404.28
2025-01-08 12:00:00+00:00,short,buy,95093.8,,977364404.92,-0.05,1404.23
2025-01-08 15:07:00+00:00,short,sell - stop_loss,95093.8,96044.738,967102078.67,-1.05,1403.18
2025-01-08 16:00:00+00:00,short,buy,95449.9,,966618527.63,-0.05,1403.13
2025-01-08 17:31:00+00:00,short,sell - take_profit,95449.9,92586.40299999999,995133774.2,2.95,1406.08
2025-01-08 18:00:00+00:00,short,buy,93974.8,,994636207.31,-0.05,1406.03
2025-01-08 18:27:00+00:00,short,sell - stop_loss,93974.8,94914.54800000001,984192527.13,-1.05,1404.98
2025-01-08 19:00:00+00:00,short,buy,94206.1,,983700430.87,-0.05,1404.93
2025-01-08 22:00:00+00:00,short,sell - direction_change,94206.1,94422.8,980945798.49,-0.28,1404.65
2025-01-08 22:00:00+00:00,long,buy,94422.8,,980455325.59,-0.05,1404.6
2025-01-09 02:00:00+00:00,long,sell - direction_change,94422.8,94953.4,985474673.96,0.51,1405.11
2025-01-09 02:00:00+00:00,short,buy,94953.4,,984981936.62,-0.05,1405.06
2025-01-09 04:00:00+00:00,short,sell - direction_change,94953.4,93985.0,994534968.06,0.97,1406.03
2025-01-09 04:00:00+00:00,long,buy,93985.0,,994037700.57,-0.05,1405.98
2025-01-09 07:00:00+00:00,long,sell - direction_change,93985.0,94060.9,994343442.39,0.03,1406.01
2025-01-09 07:00:00+00:00,short,buy,94060.9,,993846270.67,-0.05,1405.96
2025-01-09 15:00:00+00:00,short,sell - direction_change,94060.9,92811.0,1006555775.01,1.28,1407.24
2025-01-09 15:00:00+00:00,long,buy,92811.0,,1006052497.12,-0.05,1407.19
2025-01-09 17:00:00+00:00,long,sell - direction_change,92811.0,94210.2,1020716516.31,1.46,1408.65
2025-01-09 17:00:00+00:00,short,buy,94210.2,,1020206158.05,-0.05,1408.6
2025-01-09 20:21:00+00:00,short,sell - take_profit,94210.2,91383.894,1050302239.71,2.95,1411.55
2025-01-09 21:00:00+00:00,short,buy,91856.7,,1049777088.59,-0.05,1411.5
2025-01-09 23:00:00+00:00,short,sell - direction_change,91856.7,92415.8,1042862569.57,-0.66,1410.84
2025-01-09 23:00:00+00:00,long,buy,92415.8,,1042341138.28,-0.05,1410.79
2025-01-10 00:00:00+00:00,long,sell - direction_change,92415.8,92506.0,1042837317.24,0.05,1410.84
2025-01-10 00:00:00+00:00,short,buy,92506.0,,1042315898.58,-0.05,1410.79
2025-01-10 02:00:00+00:00,short,sell - direction_change,92506.0,93056.1,1035596461.87,-0.64,1410.14
2025-01-10 02:00:00+00:00,long,buy,93056.1,,1035078663.63,-0.05,1410.09
2025-01-10 17:56:00+00:00,long,sell - take_profit,93056.1,95847.78300000001,1065613484.21,2.95,1413.04
2025-01-10 18:00:00+00:00,long,buy,95759.2,,1065080677.47,-0.05,1412.99
2025-01-10 18:29:00+00:00,long,sell - stop_loss,95759.2,94801.608,1053897330.36,-1.05,1411.94
2025-01-10 19:00:00+00:00,long,buy,94820.9,,1053370381.69,-0.05,1411.89
2025-01-11 04:32:00+00:00,long,sell - stop_loss,94820.9,93872.69099999999,1042309992.68,-1.05,1410.84
2025-01-11 05:00:00+00:00,long,buy,94022.1,,1041788837.69,-0.05,1410.79
2025-01-11 06:00:00+00:00,long,sell - direction_change,94022.1,94317.7,1044543266.63,0.26,1411.06
2025-01-11 06:00:00+00:00,short,buy,94317.7,,1044020994.99,-0.05,1411.01
2025-01-11 10:00:00+00:00,short,sell - direction_change,94317.7,94296.1,1043738079.1,-0.03,1410.98
2025-01-11 10:00:00+00:00,long,buy,94296.1,,1043216210.06,-0.05,1410.93
2025-01-11 17:00:00+00:00,long,sell - direction_change,94296.1,94410.1,1043955806.27,0.07,1411.0
2025-01-11 17:00:00+00:00,short,buy,94410.1,,1043433828.37,-0.05,1410.95
2025-01-11 20:00:00+00:00,short,sell - direction_change,94410.1,94206.5,1045162327.56,0.17,1411.12
2025-01-11 20:00:00+00:00,long,buy,94206.5,,1044639746.4,-0.05,1411.07
2025-01-12 07:00:00+00:00,long,sell - direction_change,94206.5,94324.0,1045420363.9,0.07,1411.14
2025-01-12 07:00:00+00:00,short,buy,94324.0,,1044897653.72,-0.05,1411.09
2025-01-12 13:00:00+00:00,short,sell - direction_change,94324.0,94292.1,1044728585.11,-0.02,1411.08
2025-01-12 13:00:00+00:00,long,buy,94292.1,,1044206220.81,-0.05,1411.03
2025-01-12 22:00:00+00:00,long,sell - direction_change,94292.1,94300.8,1043780462.93,-0.04,1410.98
2025-01-12 22:00:00+00:00,short,buy,94300.8,,1043258572.7,-0.05,1410.93
2025-01-12 23:00:00+00:00,short,sell - direction_change,94300.8,93914.0,1047016148.0,0.36,1411.3
2025-01-12 23:00:00+00:00,long,buy,93914.0,,1046492639.93,-0.05,1411.25
2025-01-13 01:00:00+00:00,long,sell - direction_change,93914.0,95274.7,1061131803.21,1.4,1412.64
2025-01-13 01:00:00+00:00,short,buy,95274.7,,1060601237.31,-0.05,1412.59
2025-01-13 10:16:00+00:00,short,sell - take_profit,95274.7,92416.45899999999,1091888973.81,2.95,1415.54
2025-01-13 11:00:00+00:00,short,buy,91607.3,,1091343029.32,-0.05,1415.49
2025-01-13 15:18:00+00:00,short,sell - stop_loss,91607.3,92523.373,1079883927.51,-1.05,1414.44
2025-01-13 16:00:00+00:00,short,buy,92093.7,,1079343985.55,-0.05,1414.39
2025-01-13 20:00:00+00:00,short,sell - direction_change,92093.7,92274.9,1076680638.1,-0.25,1414.15
2025-01-13 20:00:00+00:00,long,buy,92274.9,,1076142297.78,-0.05,1414.1
2025-01-14 02:19:00+00:00,long,sell - take_profit,92274.9,95043.147,1107888495.57,2.95,1417.05
2025-01-14 03:00:00+00:00,long,buy,94848.5,,1107334551.32,-0.05,1417.0
2025-01-15 13:30:00+00:00,long,sell - take_profit,94848.5,97693.955,1140000920.58,2.95,1419.95
2025-01-15 14:00:00+00:00,long,buy,98916.1,,1139430920.12,-0.05,1419.9
2025-01-16 14:00:00+00:00,long,sell - direction_change,98916.1,99030.7,1140181301.02,0.07,1419.96
2025-01-16 14:00:00+00:00,short,buy,99030.7,,1139611210.37,-0.05,1419.91
2025-01-16 15:00:00+00:00,short,sell - direction_change,99030.7,97586.7,1155658459.76,1.41,1421.32
2025-01-16 15:00:00+00:00,long,buy,97586.7,,1155080630.53,-0.05,1421.27
2025-01-16 20:03:00+00:00,long,sell - take_profit,97586.7,100514.301,1189155509.13,2.95,1424.22
2025-01-16 21:00:00+00:00,long,buy,100305.3,,1188560931.37,-0.05,1424.17
2025-01-17 14:59:00+00:00,long,sell - take_profit,100305.3,103314.459,1223623478.85,2.95,1427.12
2025-01-17 15:00:00+00:00,long,buy,103321.9,,1223011667.11,-0.05,1427.07
2025-01-18 08:08:00+00:00,long,sell - stop_loss,103321.9,102288.681,1210170044.6,-1.05,1426.02
2025-01-18 09:00:00+00:00,short,buy,103242.0,,1209564959.58,-0.05,1425.97
2025-01-18 11:00:00+00:00,short,sell - direction_change,103242.0,103145.8,1210087239.24,0.04,1426.01
2025-01-18 11:00:00+00:00,long,buy,103145.8,,1209482195.62,-0.05,1425.96
2025-01-19 19:59:00+00:00,long,sell - take_profit,103145.8,106240.174,1245161920.39,2.95,1428.91
2025-01-19 20:00:00+00:00,long,buy,106247.9,,1244539339.43,-0.05,1428.86
2025-01-19 21:26:00+00:00,long,sell - stop_loss,106247.9,105185.42099999999,1231471676.37,-1.05,1427.81
2025-01-19 22:00:00+00:00,long,buy,103687.4,,1230855940.53,-0.05,1427.76
2025-01-19 22:47:00+00:00,long,sell - stop_loss,103687.4,102650.526,1217931953.15,-1.05,1426.71
2025-01-19 23:00:00+00:00,short,buy,103396.8,,1217322987.18,-0.05,1426.66
2025-01-19 23:29:00+00:00,short,sell - take_profit,103396.8,100294.896,1253234015.3,2.95,1429.61
2025-01-20 00:00:00+00:00,short,buy,101311.5,,1252607398.29,-0.05,1429.56
2025-01-20 04:44:00+00:00,short,sell - stop_loss,101311.5,102324.615,1239455020.61,-1.05,1428.51
2025-01-20 05:00:00+00:00,short,buy,102195.3,,1238835293.1,-0.05,1428.46
2025-01-20 06:00:00+00:00,short,sell - direction_change,102195.3,102330.2,1236580586.15,-0.18,1428.28
2025-01-20 06:00:00+00:00,long,buy,102330.2,,1235962295.85,-0.05,1428.23
2025-01-20 06:45:00+00:00,long,sell - take_profit,102330.2,105400.106,1272423183.58,2.95,1431.18
2025-01-20 07:00:00+00:00,long,buy,107551.3,,1271786971.99,-0.05,1431.13
2025-01-20 12:17:00+00:00,long,sell - stop_loss,107551.3,106475.787,1258433208.78,-1.05,1430.08
2025-01-20 13:00:00+00:00,long,buy,106957.2,,1257803992.18,-0.05,1430.03
2025-01-20 15:46:00+00:00,long,sell - stop_loss,106957.2,105887.628,1244597050.26,-1.05,1428.98
2025-01-20 16:00:00+00:00,long,buy,105001.3,,1243974751.74,-0.05,1428.93
2025-01-20 16:13:00+00:00,long,sell - stop_loss,105001.3,103951.287,1230913016.84,-1.05,1427.88
2025-01-20 17:00:00+00:00,long,buy,106685.1,,1230297560.33,-0.05,1427.83
2025-01-20 17:04:00+00:00,long,sell - stop_loss,106685.1,105618.24900000001,1217379435.95,-1.05,1426.78
2025-01-20 18:00:00+00:00,long,buy,102943.5,,1216770746.23,-0.05,1426.73
2025-01-20 22:04:00+00:00,long,sell - stop_loss,102943.5,101914.065,1203994653.4,-1.05,1425.68
2025-01-20 23:00:00+00:00,short,buy,103585.2,,1203392656.07,-0.05,1425.63
2025-01-21 01:29:00+00:00,short,sell - take_profit,103585.2,100477.644,1238892739.43,2.95,1428.58
2025-01-21 02:00:00+00:00,short,buy,101496.8,,1238273293.06,-0.05,1428.53
2025-01-21 02:25:00+00:00,short,sell - stop_loss,101496.8,102511.76800000001,1225271423.48,-1.05,1427.48
2025-01-21 03:00:00+00:00,short,buy,102546.0,,1224658787.77,-0.05,1427.43
2025-01-21 09:00:00+00:00,short,sell - direction_change,102546.0,102436.8,1225350582.76,0.06,1427.49
2025-01-21 09:00:00+00:00,long,buy,102436.8,,1224737907.47,-0.05,1427.44
2025-01-21 16:10:00+00:00,long,sell - take_profit,102436.8,105509.90400000001,1260867675.74,2.95,1430.39
2025-01-21 17:00:00+00:00,long,buy,104955.6,,1260237241.9,-0.05,1430.34
2025-01-22 13:00:00+00:00,long,sell - direction_change,104955.6,105232.9,1262936757.79,0.21,1430.55
2025-01-22 13:00:00+00:00,short,buy,105232.9,,1262305289.41,-0.05,1430.5
2025-01-23 04:15:00+00:00,short,sell - take_profit,105232.9,102075.91299999999,1299543295.45,2.95,1433.45
2025-01-23 05:00:00+00:00,short,buy,102026.1,,1298893523.8,-0.05,1433.4
2025-01-23 13:00:00+00:00,short,sell - direction_change,102026.1,101599.7,1303672572.28,0.37,1433.77
2025-01-23 13:00:00+00:00,long,buy,101599.7,,1303020735.99,-0.05,1433.72
2025-01-23 14:37:00+00:00,long,sell - take_profit,101599.7,104647.691,1341459847.7,2.95,1436.67
2025-01-23 15:00:00+00:00,long,buy,105167.7,,1340789117.78,-0.05,1436.62
2025-01-23 15:07:00+00:00,long,sell - stop_loss,105167.7,104116.023,1326710832.04,-1.05,1435.57
2025-01-23 16:00:00+00:00,long,buy,105235.2,,1326047476.63,-0.05,1435.52
2025-01-23 17:02:00+00:00,long,sell - stop_loss,105235.2,104182.848,1312123978.12,-1.05,1434.47
2025-01-23 18:00:00+00:00,long,buy,105899.5,,1311467916.13,-0.05,1434.42
2025-01-23 19:05:00+00:00,long,sell - stop_loss,105899.5,104840.505,1297697503.02,-1.05,1433.37
2025-01-23 20:00:00+00:00,long,buy,103713.7,,1297048654.26,-0.05,1433.32
2025-01-23 20:56:00+00:00,long,sell - stop_loss,103713.7,102676.563,1283429643.39,-1.05,1432.27
2025-01-23 21:00:00+00:00,long,buy,103218.8,,1282787928.57,-0.05,1432.22
2025-01-23 21:19:00+00:00,long,sell - stop_loss,103218.8,102186.61200000001,1269318655.32,-1.05,1431.17
2025-01-23 22:00:00+00:00,long,buy,103025.1,,1268683995.99,-0.05,1431.12
2025-01-24 01:00:00+00:00,long,sell - direction_change,103025.1,103416.8,1272873172.94,0.33,1431.45
2025-01-24 01:00:00+00:00,short,buy,103416.8,,1272236736.35,-0.05,1431.4
2025-01-24 03:00:00+00:00,short,sell - direction_change,103416.8,102968.3,1277118079.13,0.38,1431.78
2025-01-24 03:00:00+00:00,long,buy,102968.3,,1276479520.09,-0.05,1431.73
2025-01-24 14:44:00+00:00,long,sell - take_profit,102968.3,106057.349,1314135665.94,2.95,1434.68
2025-01-24 15:00:00+00:00,long,buy,105722.6,,1313478598.1,-0.05,1434.63
2025-01-24 22:59:00+00:00,long,sell - stop_loss,105722.6,104665.37400000001,1299687072.82,-1.05,1433.58
2025-01-24 23:00:00+00:00,long,buy,104724.9,,1299037229.29,-0.05,1433.53
2025-01-25 00:00:00+00:00,long,sell - direction_change,104724.9,104808.0,1299418506.54,0.03,1433.56
2025-01-25 00:00:00+00:00,short,buy,104808.0,,1298768797.28,-0.05,1433.51
2025-01-25 01:00:00+00:00,short,sell - direction_change,104808.0,104371.0,1303534667.1,0.37,1433.88
2025-01-25 01:00:00+00:00,long,buy,104371.0,,1302882899.77,-0.05,1433.83
2025-01-25 04:00:00+00:00,long,sell - direction_change,104371.0,105153.9,1312004546.84,0.7,1434.53
2025-01-25 04:00:00+00:00,short,buy,105153.9,,1311348544.57,-0.05,1434.48
2025-01-25 15:00:00+00:00,short,sell - direction_change,105153.9,104551.1,1318210241.53,0.52,1435.0
2025-01-25 15:00:00+00:00,long,buy,104551.1,,1317551136.41,-0.05,1434.95
2025-01-26 09:00:00+00:00,long,sell - direction_change,104551.1,105000.0,1322549390.8,0.38,1435.33
2025-01-26 09:00:00+00:00,short,buy,105000.0,,1321888116.11,-0.05,1435.28
2025-01-26 11:00:00+00:00,short,sell - direction_change,105000.0,104664.6,1325449660.37,0.27,1435.55
2025-01-26 11:00:00+00:00,long,buy,104664.6,,1324786935.54,-0.05,1435.5
2025-01-26 21:00:00+00:00,long,sell - direction_change,104664.6,104914.7,1327290170.31,0.19,1435.69
2025-01-26 21:00:00+00:00,short,buy,104914.7,,1326626525.22,-0.05,1435.64
2025-01-27 00:58:00+00:00,short,sell - take_profit,104914.7,101767.25899999999,1365762007.72,2.95,1438.59
2025-01-27 01:00:00+00:00,short,buy,101670.7,,1365079126.71,-0.05,1438.54
2025-01-27 07:18:00+00:00,short,sell - take_profit,101670.7,98620.579,1405348960.95,2.95,1441.49
2025-01-27 08:00:00+00:00,short,buy,98996.3,,1404646286.47,-0.05,1441.44
2025-01-27 12:54:00+00:00,short,sell - stop_loss,98996.3,99986.263,1389897500.46,-1.05,1440.39
2025-01-27 13:00:00+00:00,short,buy,100567.6,,1389202551.71,-0.05,1440.34
2025-01-27 13:14:00+00:00,short,sell - stop_loss,100567.6,101573.27600000001,1374615924.92,-1.05,1439.29
2025-01-27 14:00:00+00:00,long,buy,100440.0,,1373928616.96,-0.05,1439.24
2025-01-27 17:08:00+00:00,long,sell - stop_loss,100440.0,99435.6,1359502366.48,-1.05,1438.19
2025-01-27 18:00:00+00:00,long,buy,99120.1,,1358822615.29,-0.05,1438.14
2025-01-27 21:08:00+00:00,long,sell - take_profit,99120.1,102093.70300000001,1398907882.44,2.95,1441.09
2025-01-27 22:00:00+00:00,long,buy,101306.8,,1398208428.5,-0.05,1441.04
2025-01-28 20:00:00+00:00,long,sell - direction_change,101306.8,102368.7,1412165374.33,1.0,1442.04
2025-01-28 20:00:00+00:00,short,buy,102368.7,,1411459291.64,-0.05,1441.99
2025-01-29 04:00:00+00:00,short,sell - direction_change,102368.7,101994.1,1415918545.54,0.32,1442.31
2025-01-29 04:00:00+00:00,long,buy,101994.1,,1415210586.27,-0.05,1442.26
2025-01-29 15:00:00+00:00,long,sell - direction_change,101994.1,101990.2,1414448866.85,-0.05,1442.2
2025-01-29 15:00:00+00:00,short,buy,101990.2,,1413741642.42,-0.05,1442.15
2025-01-29 17:00:00+00:00,short,sell - direction_change,101990.2,102057.3,1412104661.99,-0.12,1442.04
2025-01-29 17:00:00+00:00,long,buy,102057.3,,1411398609.66,-0.05,1441.99
2025-01-30 03:47:00+00:00,long,sell - take_profit,102057.3,105119.019,1453034868.65,2.95,1444.94
2025-01-30 04:00:00+00:00,long,buy,105155.6,,1452308351.21,-0.05,1444.89
2025-01-30 23:00:00+00:00,long,sell - direction_change,105155.6,105041.9,1450011881.62,-0.16,1444.73
2025-01-30 23:00:00+00:00,short,buy,105041.9,,1449286875.68,-0.05,1444.68
2025-01-31 12:00:00+00:00,short,sell - direction_change,105041.9,104692.0,1453389881.76,0.28,1444.96
2025-01-31 12:00:00+00:00,long,buy,104692.0,,1452663186.82,-0.05,1444.91
2025-01-31 17:00:00+00:00,long,sell - direction_change,104692.0,105041.5,1456786373.66,0.28,1445.2
2025-01-31 17:00:00+00:00,short,buy,105041.5,,1456057980.47,-0.05,1445.15
2025-01-31 20:22:00+00:00,short,sell - take_profit,105041.5,101890.25499999999,1499011690.9,2.95,1448.1
2025-01-31 21:00:00+00:00,short,buy,101647.5,,1498262185.05,-0.05,1448.05
2025-02-01 01:33:00+00:00,short,sell - stop_loss,101647.5,102663.975,1482530432.11,-1.05,1447.0
2025-02-01 02:00:00+00:00,short,buy,102521.1,,1481789166.89,-0.05,1446.95
2025-02-01 17:00:00+00:00,short,sell - direction_change,102521.1,101860.0,1490603484.05,0.59,1447.54
2025-02-01 17:00:00+00:00,long,buy,101860.0,,1489858182.31,-0.05,1447.49
2025-02-01 18:00:00+00:00,long,sell - direction_change,101860.0,102219.0,1494364176.91,0.3,1447.79
2025-02-01 18:00:00+00:00,short,buy,102219.0,,1493616994.82,-0.05,1447.74
2025-02-02 03:57:00+00:00,short,sell - take_profit,102219.0,99152.43,1537678696.17,2.95,1450.69
2025-02-02 04:00:00+00:00,short,buy,99160.8,,1536909856.82,-0.05,1450.64
2025-02-02 05:38:00+00:00,short,sell - stop_loss,99160.8,100152.40800000001,1520772303.32,-1.05,1449.59
2025-02-02 06:00:00+00:00,short,buy,100212.0,,1520011917.17,-0.05,1449.54
2025-02-02 17:50:00+00:00,short,sell - take_profit,100212.0,97205.64,1564852268.73,2.95,1452.49
2025-02-02 18:00:00+00:00,short,buy,97204.0,,1564069842.59,-0.05,1452.44
2025-02-02 19:39:00+00:00,short,sell - stop_loss,97204.0,98176.04,1547647109.25,-1.05,1451.39
2025-02-02 20:00:00+00:00,short,buy,98232.0,,1546873285.69,-0.05,1451.34
2025-02-03 01:21:00+00:00,short,sell - take_profit,98232.0,95285.04,1592506047.62,2.95,1454.29
2025-02-03 02:00:00+00:00,short,buy,93408.4,,1591709794.6,-0.05,1454.24
2025-02-03 02:16:00+00:00,short,sell - stop_loss,93408.4,94342.484,1574996841.75,-1.05,1453.19
2025-02-03 03:00:00+00:00,short,buy,93539.2,,1574209343.33,-0.05,1453.14
2025-02-03 03:11:00+00:00,short,sell - stop_loss,93539.2,94474.592,1557680145.23,-1.05,1452.09
2025-02-03 04:00:00+00:00,short,buy,94001.6,,1556901305.16,-0.05,1452.04
2025-02-03 07:48:00+00:00,short,sell - stop_loss,94001.6,94941.61600000001,1540553841.45,-1.05,1450.99
2025-02-03 08:00:00+00:00,short,buy,95271.1,,1539783564.53,-0.05,1450.94
2025-02-03 10:00:00+00:00,short,sell - direction_change,95271.1,95227.2,1539723190.1,-0.0,1450.94
2025-02-03 10:00:00+00:00,long,buy,95227.2,,1538953328.5,-0.05,1450.89
2025-02-03 14:03:00+00:00,long,sell - stop_loss,95227.2,94274.928,1522794318.55,-1.05,1449.84
2025-02-03 15:00:00+00:00,long,buy,96540.3,,1522032921.4,-0.05,1449.79
2025-02-03 15:50:00+00:00,long,sell - take_profit,96540.3,99436.509,1566932892.58,2.95,1452.74
2025-02-03 16:00:00+00:00,long,buy,98802.8,,1566149426.13,-0.05,1452.69
2025-02-03 19:56:00+00:00,long,sell - take_profit,98802.8,101766.884,1612350834.2,2.95,1455.64
2025-02-03 20:00:00+00:00,long,buy,101831.9,,1611544658.78,-0.05,1455.59
2025-02-04 01:13:00+00:00,long,sell - stop_loss,101831.9,100813.58099999999,1594623439.87,-1.05,1454.54
2025-02-04 02:00:00+00:00,long,buy,101340.3,,1593826128.15,-0.05,1454.49
2025-02-04 04:09:00+00:00,long,sell - stop_loss,101340.3,100326.897,1577090953.8,-1.05,1453.44
2025-02-04 05:00:00+00:00,long,buy,100008.6,,1576302408.32,-0.05,1453.39
2025-02-04 05:16:00+00:00,long,sell - stop_loss,100008.6,99008.51400000001,1559751233.04,-1.05,1452.34
2025-02-04 06:00:00+00:00,long,buy,98818.3,,1558971357.42,-0.05,1452.29
2025-02-04 08:43:00+00:00,long,sell - stop_loss,98818.3,97830.117,1542602158.17,-1.05,1451.24
2025-02-04 09:00:00+00:00,long,buy,98244.9,,1541830857.09,-0.05,1451.19
2025-02-04 16:00:00+00:00,long,sell - direction_change,98244.9,99310.5,1557783201.2,1.03,1452.22
2025-02-04 16:00:00+00:00,short,buy,99310.5,,1557004309.6,-0.05,1452.17
2025-02-04 17:00:00+00:00,short,sell - direction_change,99310.5,99020.6,1560770901.36,0.24,1452.42
2025-02-04 17:00:00+00:00,long,buy,99020.6,,1559990515.91,-0.05,1452.37
2025-02-04 20:00:00+00:00,long,sell - direction_change,99020.6,98812.0,1555924194.16,-0.26,1452.1
2025-02-04 20:00:00+00:00,short,buy,98812.0,,1555146232.06,-0.05,1452.05
2025-02-05 11:00:00+00:00,short,sell - direction_change,98812.0,97691.7,1572000427.59,1.08,1453.14
2025-02-05 11:00:00+00:00,long,buy,97691.7,,1571214427.38,-0.05,1453.09
2025-02-05 17:00:00+00:00,long,sell - direction_change,97691.7,97937.0,1574374077.53,0.2,1453.29
2025-02-05 17:00:00+00:00,short,buy,97937.0,,1573586890.49,-0.05,1453.24
2025-02-06 04:00:00+00:00,short,sell - direction_change,97937.0,97305.6,1582945014.32,0.59,1453.83
2025-02-06 04:00:00+00:00,long,buy,97305.6,,1582153541.81,-0.05,1453.78
2025-02-06 17:01:00+00:00,long,sell - stop_loss,97305.6,96332.54400000001,1565540929.62,-1.05,1452.73
2025-02-06 18:00:00+00:00,long,buy,96662.7,,1564758159.16,-0.05,1452.68
2025-02-06 19:00:00+00:00,long,sell - direction_change,96662.7,96274.1,1557685194.14,-0.45,1452.23
2025-02-06 19:00:00+00:00,short,buy,96274.1,,1556906351.55,-0.05,1452.18
2025-02-07 01:00:00+00:00,short,sell - direction_change,96274.1,96460.9,1553107043.27,-0.24,1451.94
2025-02-07 01:00:00+00:00,long,buy,96460.9,,1552330489.75,-0.05,1451.89
2025-02-07 06:00:00+00:00,long,sell - direction_change,96460.9,97305.9,1565152780.08,0.83,1452.71
2025-02-07 06:00:00+00:00,short,buy,97305.9,,1564370203.69,-0.05,1452.66
2025-02-07 08:00:00+00:00,short,sell - direction_change,97305.9,96705.0,1573248584.45,0.57,1453.23
2025-02-07 08:00:00+00:00,long,buy,96705.0,,1572461960.15,-0.05,1453.18
2025-02-07 14:15:00+00:00,long,sell - take_profit,96705.0,99606.15000000001,1618849587.98,2.95,1456.13
2025-02-07 15:00:00+00:00,long,buy,99672.6,,1618040163.19,-0.05,1456.08
2025-02-07 15:05:00+00:00,long,sell - stop_loss,99672.6,98675.87400000001,1601050741.47,-1.05,1455.03
2025-02-07 16:00:00+00:00,long,buy,98257.1,,1600250216.1,-0.05,1454.98
2025-02-07 17:18:00+00:00,long,sell - stop_loss,98257.1,97274.52900000001,1583447588.83,-1.05,1453.93
2025-02-07 18:00:00+00:00,long,buy,97378.0,,1582655865.04,-0.05,1453.88
2025-02-07 19:00:00+00:00,long,sell - direction_change,97378.0,97699.9,1587096282.7,0.28,1454.16
2025-02-07 19:00:00+00:00,short,buy,97699.9,,1586302734.56,-0.05,1454.11
2025-02-07 21:00:00+00:00,short,sell - direction_change,97699.9,95717.6,1617695162.82,1.98,1456.09
2025-02-07 21:00:00+00:00,long,buy,95717.6,,1616886315.24,-0.05,1456.04
2025-02-07 23:00:00+00:00,long,sell - direction_change,95717.6,96014.2,1621088115.56,0.26,1456.3
2025-02-07 23:00:00+00:00,short,buy,96014.2,,1620277571.5,-0.05,1456.25
2025-02-08 06:00:00+00:00,short,sell - direction_change,96014.2,96164.9,1616924310.66,-0.21,1456.04
2025-02-08 06:00:00+00:00,long,buy,96164.9,,1616115848.5,-0.05,1455.99
2025-02-08 08:00:00+00:00,long,sell - direction_change,96164.9,96153.4,1615114525.34,-0.06,1455.93
2025-02-08 08:00:00+00:00,short,buy,96153.4,,1614306968.08,-0.05,1455.88
2025-02-08 17:00:00+00:00,short,sell - direction_change,96153.4,96084.8,1614651531.1,0.02,1455.9
2025-02-08 17:00:00+00:00,long,buy,96084.8,,1613844205.33,-0.05,1455.85
2025-02-09 13:00:00+00:00,long,sell - direction_change,96084.8,96493.2,1619896786.23,0.38,1456.23
2025-02-09 13:00:00+00:00,short,buy,96493.2,,1619086837.83,-0.05,1456.18
2025-02-09 23:00:00+00:00,short,sell - direction_change,96493.2,95779.8,1630247635.85,0.69,1456.87
2025-02-09 23:00:00+00:00,long,buy,95779.8,,1629432512.03,-0.05,1456.82
2025-02-10 01:00:00+00:00,long,sell - direction_change,95779.8,96677.7,1643893119.51,0.89,1457.71
2025-02-10 01:00:00+00:00,short,buy,96677.7,,1643071172.95,-0.05,1457.66
2025-02-10 03:00:00+00:00,short,sell - direction_change,96677.7,95764.4,1657771488.86,0.89,1458.55
2025-02-10 03:00:00+00:00,long,buy,95764.4,,1656942603.12,-0.05,1458.5
2025-02-11 14:00:00+00:00,long,sell - direction_change,95764.4,96731.8,1672852358.9,0.96,1459.46
2025-02-11 14:00:00+00:00,short,buy,96731.8,,1672015932.73,-0.05,1459.41
2025-02-12 06:00:00+00:00,short,sell - direction_change,96731.8,95850.6,1686411528.43,0.86,1460.27
2025-02-12 06:00:00+00:00,long,buy,95850.6,,1685568322.67,-0.05,1460.22
2025-02-12 07:00:00+00:00,long,sell - direction_change,95850.6,95777.7,1683443564.99,-0.13,1460.1
2025-02-12 07:00:00+00:00,short,buy,95777.7,,1682601843.21,-0.05,1460.05
2025-02-12 08:00:00+00:00,short,sell - direction_change,95777.7,96025.1,1677414272.79,-0.31,1459.74
2025-02-12 08:00:00+00:00,long,buy,96025.1,,1676575565.65,-0.05,1459.69
2025-02-12 13:00:00+00:00,long,sell - direction_change,96025.1,95952.3,1674466207.06,-0.13,1459.56
2025-02-12 13:00:00+00:00,short,buy,95952.3,,1673628973.96,-0.05,1459.51
2025-02-12 16:00:00+00:00,short,sell - direction_change,95952.3,95762.0,1676111429.5,0.15,1459.66
2025-02-12 16:00:00+00:00,long,buy,95762.0,,1675273373.79,-0.05,1459.61
2025-02-13 08:00:00+00:00,long,sell - direction_change,95762.0,96018.5,1678922982.78,0.22,1459.83
2025-02-13 08:00:00+00:00,short,buy,96018.5,,1678083521.28,-0.05,1459.78
2025-02-13 09:00:00+00:00,short,sell - direction_change,96018.5,95888.1,1679523437.13,0.09,1459.86
2025-02-13 09:00:00+00:00,long,buy,95888.1,,1678683675.41,-0.05,1459.81
2025-02-13 11:00:00+00:00,long,sell - direction_change,95888.1,96115.5,1681825355.91,0.19,1460.0
2025-02-13 11:00:00+00:00,short,buy,96115.5,,1680984443.23,-0.05,1459.95
2025-02-13 20:00:00+00:00,short,sell - direction_change,96115.5,95587.9,1689371259.74,0.5,1460.45
2025-02-13 20:00:00+00:00,long,buy,95587.9,,1688526574.11,-0.05,1460.4
2025-02-14 17:51:00+00:00,long,sell - take_profit,95587.9,98455.537,1738338108.05,2.95,1463.35
2025-02-14 18:00:00+00:00,long,buy,98487.8,,1737468938.99,-0.05,1463.3
2025-02-14 20:50:00+00:00,long,sell - stop_loss,98487.8,97502.922,1719225515.14,-1.05,1462.25
2025-02-14 21:00:00+00:00,long,buy,97135.0,,1718365902.38,-0.05,1462.2
2025-02-15 17:00:00+00:00,long,sell - direction_change,97135.0,97494.3,1723862913.06,0.32,1462.52
2025-02-15 17:00:00+00:00,short,buy,97494.3,,1723000981.6,-0.05,1462.47
2025-02-15 21:00:00+00:00,short,sell - direction_change,97494.3,97498.2,1722070557.05,-0.05,1462.42
2025-02-15 21:00:00+00:00,long,buy,97498.2,,1721209521.77,-0.05,1462.37
2025-02-15 22:00:00+00:00,long,sell - direction_change,97498.2,97636.7,1722793962.34,0.09,1462.46
2025-02-15 22:00:00+00:00,short,buy,97636.7,,1721932565.36,-0.05,1462.41
2025-02-16 00:00:00+00:00,short,sell - direction_change,97636.7,97538.0,1722812284.13,0.05,1462.46
2025-02-16 00:00:00+00:00,long,buy,97538.0,,1721950877.98,-0.05,1462.41
2025-02-16 02:00:00+00:00,long,sell - direction_change,97538.0,97593.2,1722064411.85,0.01,1462.41
2025-02-16 02:00:00+00:00,short,buy,97593.2,,1721203379.64,-0.05,1462.36
2025-02-16 05:00:00+00:00,short,sell - direction_change,97593.2,97486.3,1722228120.8,0.06,1462.42
2025-02-16 05:00:00+00:00,long,buy,97486.3,,1721367006.74,-0.05,1462.37
2025-02-16 06:00:00+00:00,long,sell - direction_change,97486.3,97556.0,1721737052.89,0.02,1462.4
2025-02-16 06:00:00+00:00,short,buy,97556.0,,1720876184.36,-0.05,1462.35
2025-02-17 14:00:00+00:00,short,sell - direction_change,97556.0,96365.0,1741024843.97,1.17,1463.52
2025-02-17 14:00:00+00:00,long,buy,96365.0,,1740154331.55,-0.05,1463.47
2025-02-17 15:00:00+00:00,long,sell - direction_change,96365.0,96763.1,1746473124.2,0.36,1463.83
2025-02-17 15:00:00+00:00,short,buy,96763.1,,1745599887.63,-0.05,1463.78
2025-02-17 21:00:00+00:00,short,sell - direction_change,96763.1,95929.7,1759761568.26,0.81,1464.59
2025-02-17 21:00:00+00:00,long,buy,95929.7,,1758881687.47,-0.05,1464.54
2025-02-17 22:00:00+00:00,long,sell - direction_change,95929.7,96375.6,1766177872.58,0.41,1464.96
2025-02-17 22:00:00+00:00,short,buy,96375.6,,1765294783.64,-0.05,1464.91
2025-02-18 01:00:00+00:00,short,sell - direction_change,96375.6,95600.6,1778607673.89,0.75,1465.66
2025-02-18 01:00:00+00:00,long,buy,95600.6,,1777718370.05,-0.05,1465.61
2025-02-18 05:00:00+00:00,long,sell - direction_change,95600.6,96042.0,1785037460.28,0.41,1466.02
2025-02-18 05:00:00+00:00,short,buy,96042.0,,1784144941.55,-0.05,1465.97
2025-02-18 12:00:00+00:00,short,sell - direction_change,96042.0,95606.0,1791352317.18,0.4,1466.38
2025-02-18 12:00:00+00:00,long,buy,95606.0,,1790456641.02,-0.05,1466.33
2025-02-18 14:00:00+00:00,long,sell - direction_change,95606.0,96194.4,1800580644.62,0.57,1466.89
2025-02-18 14:00:00+00:00,short,buy,96194.4,,1799680354.3,-0.05,1466.84
2025-02-18 22:00:00+00:00,short,sell - direction_change,96194.4,95029.2,1820579990.49,1.16,1468.0
2025-02-18 22:00:00+00:00,long,buy,95029.2,,1819669700.49,-0.05,1467.95
2025-02-20 14:20:00+00:00,long,sell - take_profit,95029.2,97880.076,1873349956.65,2.95,1470.9
2025-02-20 15:00:00+00:00,long,buy,96918.0,,1872413281.68,-0.05,1470.85
2025-02-21 17:00:00+00:00,long,sell - direction_change,96918.0,98183.2,1895920184.51,1.26,1472.11
2025-02-21 17:00:00+00:00,short,buy,98183.2,,1894972224.42,-0.05,1472.06
2025-02-21 19:47:00+00:00,short,sell - take_profit,98183.2,95237.704,1950873905.04,2.95,1475.01
2025-02-21 20:00:00+00:00,short,buy,95247.4,,1949898468.08,-0.05,1474.96
2025-02-22 01:13:00+00:00,short,sell - stop_loss,95247.4,96199.874,1929424534.17,-1.05,1473.91
2025-02-22 02:00:00+00:00,short,buy,96189.0,,1928459821.9,-0.05,1473.86
2025-02-22 07:00:00+00:00,short,sell - direction_change,96189.0,96340.0,1924468245.49,-0.21,1473.65
2025-02-22 07:00:00+00:00,long,buy,96340.0,,1923506011.36,-0.05,1473.6
2025-02-23 01:00:00+00:00,long,sell - direction_change,96340.0,96589.4,1927523731.05,0.21,1473.81
2025-02-23 01:00:00+00:00,short,buy,96589.4,,1926559969.18,-0.05,1473.76
2025-02-23 23:00:00+00:00,short,sell - direction_change,96589.4,95734.7,1942644427.42,0.83,1474.59
2025-02-23 23:00:00+00:00,long,buy,95734.7,,1941673105.2,-0.05,1474.54
2025-02-24 03:00:00+00:00,long,sell - direction_change,95734.7,95785.0,1941722443.75,0.0,1474.55
2025-02-24 03:00:00+00:00,short,buy,95785.0,,1940751582.53,-0.05,1474.5
2025-02-24 06:00:00+00:00,short,sell - direction_change,95785.0,95681.6,1941876249.94,0.06,1474.56
2025-02-24 06:00:00+00:00,long,buy,95681.6,,1940905311.82,-0.05,1474.51
2025-02-24 08:00:00+00:00,long,sell - direction_change,95681.6,95834.2,1943030356.63,0.11,1474.61
2025-02-24 08:00:00+00:00,short,buy,95834.2,,1942058841.45,-0.05,1474.56
2025-02-24 12:00:00+00:00,short,sell - direction_change,95834.2,95774.9,1942289513.4,0.01,1474.58
2025-02-24 12:00:00+00:00,long,buy,95774.9,,1941318368.65,-0.05,1474.53
2025-02-24 13:00:00+00:00,long,sell - direction_change,95774.9,95747.4,1939790295.62,-0.08,1474.45
2025-02-24 13:00:00+00:00,short,buy,95747.4,,1938820400.47,-0.05,1474.4
2025-02-24 22:17:00+00:00,short,sell - take_profit,95747.4,92874.97799999999,1996015602.28,2.95,1477.35
2025-02-24 23:00:00+00:00,short,buy,92380.1,,1995017594.48,-0.05,1477.3
2025-02-25 07:24:00+00:00,short,sell - take_profit,92380.1,89608.697,2053870613.52,2.95,1480.25
2025-02-25 08:00:00+00:00,long,buy,89262.8,,2052843678.21,-0.05,1480.2
2025-02-25 09:00:00+00:00,long,sell - direction_change,89262.8,89364.1,2054146928.58,0.06,1480.26
2025-02-25 09:00:00+00:00,short,buy,89364.1,,2053119855.12,-0.05,1480.21
2025-02-25 15:00:00+00:00,short,sell - direction_change,89364.1,87132.0,2103375284.59,2.45,1482.66
2025-02-25 15:00:00+00:00,long,buy,87132.0,,2102323596.95,-0.05,1482.61
2025-02-25 15:21:00+00:00,long,sell - stop_loss,87132.0,86260.68,2080249199.18,-1.05,1481.56
2025-02-25 16:00:00+00:00,short,buy,87206.8,,2079209074.58,-0.05,1481.51
2025-02-25 20:19:00+00:00,short,sell - stop_loss,87206.8,88078.868,2057377379.3,-1.05,1480.46
2025-02-25 21:00:00+00:00,short,buy,88140.0,,2056348690.61,-0.05,1480.41
2025-02-25 22:00:00+00:00,short,sell - direction_change,88140.0,88775.1,2040503327.09,-0.77,1479.64
2025-02-25 22:00:00+00:00,long,buy,88775.1,,2039483075.43,-0.05,1479.59
2025-02-26 00:00:00+00:00,long,sell - direction_change,88775.1,88639.1,2035338925.15,-0.2,1479.39
2025-02-26 00:00:00+00:00,short,buy,88639.1,,2034321255.69,-0.05,1479.34
2025-02-26 01:00:00+00:00,short,sell - direction_change,88639.1,88102.1,2045628571.67,0.56,1479.89
2025-02-26 01:00:00+00:00,long,buy,88102.1,,2044605757.38,-0.05,1479.84
2025-02-26 08:00:00+00:00,long,sell - direction_change,88102.1,88682.3,2057048289.74,0.61,1480.45
2025-02-26 08:00:00+00:00,short,buy,88682.3,,2056019765.59,-0.05,1480.4
2025-02-26 09:00:00+00:00,short,sell - direction_change,88682.3,88434.4,2060739095.37,0.23,1480.63
2025-02-26 09:00:00+00:00,long,buy,88434.4,,2059708725.82,-0.05,1480.58
2025-02-26 12:00:00+00:00,long,sell - direction_change,88434.4,88570.1,2061839434.25,0.1,1480.68
2025-02-26 12:00:00+00:00,short,buy,88570.1,,2060808514.53,-0.05,1480.63
2025-02-26 14:00:00+00:00,short,sell - direction_change,88570.1,87150.0,2092820346.55,1.55,1482.19
2025-02-26 14:00:00+00:00,long,buy,87150.0,,2091773936.38,-0.05,1482.14
2025-02-26 14:06:00+00:00,long,sell - stop_loss,87150.0,86278.5,2069810310.05,-1.05,1481.09
2025-02-26 15:00:00+00:00,short,buy,87589.1,,2068775404.89,-0.05,1481.04
2025-02-26 15:12:00+00:00,short,sell - stop_loss,87589.1,88464.99100000001,2047053263.14,-1.05,1479.99
2025-02-26 16:00:00+00:00,short,buy,87536.5,,2046029736.51,-0.05,1479.94
2025-02-26 18:36:00+00:00,short,sell - take_profit,87536.5,84910.405,2106387613.74,2.95,1482.89
2025-02-26 19:00:00+00:00,short,buy,84202.8,,2105334419.93,-0.05,1482.84
2025-02-26 21:21:00+00:00,short,sell - stop_loss,84202.8,85044.82800000001,2083228408.52,-1.05,1481.79
2025-02-26 22:00:00+00:00,short,buy,84585.6,,2082186794.32,-0.05,1481.74
2025-02-27 05:00:00+00:00,short,sell - direction_change,84585.6,85114.9,2068116279.01,-0.68,1481.06
2025-02-27 05:00:00+00:00,long,buy,85114.9,,2067082220.87,-0.05,1481.01
2025-02-27 16:00:00+00:00,long,sell - direction_change,85114.9,85472.9,2074742991.04,0.37,1481.38
2025-02-27 16:00:00+00:00,short,buy,85472.9,,2073705619.54,-0.05,1481.33
2025-02-27 18:00:00+00:00,short,sell - direction_change,85472.9,84568.3,2094615771.03,1.01,1482.34
2025-02-27 18:00:00+00:00,long,buy,84568.3,,2093568463.14,-0.05,1482.29
2025-02-27 19:00:00+00:00,long,sell - direction_change,84568.3,84597.4,2093242077.0,-0.02,1482.27
2025-02-27 19:00:00+00:00,short,buy,84597.4,,2092195455.97,-0.05,1482.22
2025-02-28 01:31:00+00:00,short,sell - take_profit,84597.4,82059.47799999999,2153915221.92,2.95,1485.17
2025-02-28 02:00:00+00:00,short,buy,81606.0,,2152838264.31,-0.05,1485.12
2025-02-28 02:03:00+00:00,short,sell - stop_loss,81606.0,82422.06,2130233462.53,-1.05,1484.07
2025-02-28 03:00:00+00:00,short,buy,80772.0,,2129168345.8,-0.05,1484.02
2025-02-28 08:25:00+00:00,short,sell - take_profit,80772.0,78348.84,2191978812.0,2.95,1486.97
2025-02-28 09:00:00+00:00,short,buy,78955.8,,2190882822.6,-0.05,1486.92
2025-02-28 09:23:00+00:00,short,sell - stop_loss,78955.8,79745.35800000001,2167878552.96,-1.05,1485.87
2025-02-28 10:00:00+00:00,short,buy,80299.9,,2166794613.68,-0.05,1485.82
2025-02-28 13:00:00+00:00,short,sell - direction_change,80299.9,80747.5,2153633277.68,-0.61,1485.22
2025-02-28 13:00:00+00:00,long,buy,80747.5,,2152556461.04,-0.05,1485.17
2025-02-28 15:14:00+00:00,long,sell - take_profit,80747.5,83169.925,2216056876.65,2.95,1488.12
2025-02-28 16:00:00+00:00,long,buy,83948.1,,2214948848.21,-0.05,1488.07
2025-03-01 04:43:00+00:00,long,sell - take_profit,83948.1,86466.543,2280289839.23,2.95,1491.02
2025-03-01 05:00:00+00:00,long,buy,86130.0,,2279149694.31,-0.05,1490.97
2025-03-01 06:19:00+00:00,long,sell - stop_loss,86130.0,85268.7,2255218622.52,-1.05,1489.92
2025-03-01 07:00:00+00:00,long,buy,85023.8,,2254091013.21,-0.05,1489.87
2025-03-02 15:35:00+00:00,long,sell - take_profit,85023.8,87574.51400000001,2320586698.1,2.95,1492.82
2025-03-02 16:00:00+00:00,long,buy,87390.1,,2319426404.75,-0.05,1492.77
2025-03-02 16:35:00+00:00,long,sell - take_profit,87390.1,90011.80300000001,2387849483.69,2.95,1495.72
2025-03-02 17:00:00+00:00,long,buy,91165.5,,2386655558.95,-0.05,1495.67
2025-03-02 17:40:00+00:00,long,sell - take_profit,91165.5,93900.465,2457061897.94,2.95,1498.62
2025-03-02 18:00:00+00:00,long,buy,94039.8,,2455833366.99,-0.05,1498.57
2025-03-02 18:34:00+00:00,long,sell - stop_loss,94039.8,93099.402,2430047116.63,-1.05,1497.52
2025-03-02 19:00:00+00:00,long,buy,92750.4,,2428832093.08,-0.05,1497.47
2025-03-03 06:51:00+00:00,long,sell - stop_loss,92750.4,91822.896,2403329356.1,-1.05,1496.42
2025-03-03 07:00:00+00:00,long,buy,91608.1,,2402127691.42,-0.05,1496.37
2025-03-03 14:51:00+00:00,long,sell - stop_loss,91608.1,90692.019,2376905350.66,-1.05,1495.32
2025-03-03 15:00:00+00:00,long,buy,89239.9,,2375716897.98,-0.05,1495.27
2025-03-03 17:00:00+00:00,long,sell - direction_change,89239.9,90113.5,2397785747.38,0.93,1496.2
2025-03-03 17:00:00+00:00,short,buy,90113.5,,2396586854.5,-0.05,1496.15
2025-03-03 18:28:00+00:00,short,sell - take_profit,90113.5,87410.095,2467286166.71,2.95,1499.1
2025-03-03 19:00:00+00:00,short,buy,87100.0,,2466052523.63,-0.05,1499.05
2025-03-04 01:39:00+00:00,short,sell - take_profit,87100.0,84487.0,2538801073.07,2.95,1502.0
2025-03-04 02:00:00+00:00,short,buy,83354.2,,2537531672.54,-0.05,1501.95
2025-03-04 02:54:00+00:00,short,sell - stop_loss,83354.2,84187.742,2510887589.98,-1.05,1500.9
2025-03-04 03:00:00+00:00,short,buy,83878.9,,2509632146.18,-0.05,1500.85
2025-03-04 14:37:00+00:00,short,sell - stop_loss,83878.9,84717.689,2483281008.65,-1.05,1499.8
2025-03-04 15:00:00+00:00,short,buy,83157.1,,2482039368.14,-0.05,1499.75
2025-03-04 17:00:00+00:00,short,sell - direction_change,83157.1,83507.4,2470342736.24,-0.47,1499.27
2025-03-04 17:00:00+00:00,long,buy,83507.4,,2469107564.87,-0.05,1499.22
2025-03-04 18:51:00+00:00,long,sell - take_profit,83507.4,86012.622,2541946238.04,2.95,1502.17
2025-03-04 19:00:00+00:00,long,buy,86708.9,,2540675264.92,-0.05,1502.12
2025-03-05 10:26:00+00:00,long,sell - take_profit,86708.9,89310.167,2615625185.23,2.95,1505.07
2025-03-05 11:00:00+00:00,long,buy,89880.4,,2614317372.64,-0.05,1505.02
2025-03-05 14:36:00+00:00,long,sell - stop_loss,89880.4,88981.59599999999,2586867040.23,-1.05,1503.97
2025-03-05 15:00:00+00:00,long,buy,88477.3,,2585573606.71,-0.05,1503.92
2025-03-05 16:12:00+00:00,long,sell - stop_loss,88477.3,87592.527,2558425083.84,-1.05,1502.87
2025-03-05 17:00:00+00:00,long,buy,88878.0,,2557145871.3,-0.05,1502.82
2025-03-06 01:47:00+00:00,long,sell - take_profit,88878.0,91544.34,2632581674.5,2.95,1505.77
2025-03-06 02:00:00+00:00,long,buy,91003.6,,2631265383.66,-0.05,1505.72
2025-03-06 12:00:00+00:00,long,sell - direction_change,91003.6,91319.2,2639074965.3,0.3,1506.02
2025-03-06 12:00:00+00:00,short,buy,91319.2,,2637755427.82,-0.05,1505.97
2025-03-06 13:00:00+00:00,short,sell - direction_change,91319.2,90062.7,2672730557.23,1.33,1507.3
2025-03-06 13:00:00+00:00,long,buy,90062.7,,2671394191.95,-0.05,1507.25
2025-03-06 14:33:00+00:00,long,sell - stop_loss,90062.7,89162.07299999999,2643344552.93,-1.05,1506.2
2025-03-06 15:00:00+00:00,long,buy,89770.4,,2642022880.66,-0.05,1506.15
2025-03-06 16:00:00+00:00,long,sell - direction_change,89770.4,90777.9,2670353492.16,1.07,1507.22
2025-03-06 16:00:00+00:00,short,buy,90777.9,,2669018315.41,-0.05,1507.17
2025-03-06 17:49:00+00:00,short,sell - take_profit,90777.9,88054.563,2747754355.72,2.95,1510.12
2025-03-06 18:00:00+00:00,short,buy,88584.9,,2746380478.54,-0.05,1510.07
2025-03-06 19:00:00+00:00,short,sell - direction_change,88584.9,88373.2,2751570582.35,0.19,1510.26
2025-03-06 19:00:00+00:00,long,buy,88373.2,,2750194797.06,-0.05,1510.21
2025-03-06 20:00:00+00:00,long,sell - direction_change,88373.2,88488.5,2752407862.82,0.08,1510.29
2025-03-06 20:00:00+00:00,short,buy,88488.5,,2751031658.89,-0.05,1510.24
2025-03-06 21:13:00+00:00,short,sell - stop_loss,88488.5,89373.385,2722145826.47,-1.05,1509.19
2025-03-06 22:00:00+00:00,long,buy,89872.6,,2720784753.56,-0.05,1509.14
2025-03-07 00:00:00+00:00,long,sell - direction_change,89872.6,89887.9,2719887550.26,-0.03,1509.11
2025-03-07 00:00:00+00:00,short,buy,89887.9,,2718527606.48,-0.05,1509.06
2025-03-07 00:13:00+00:00,short,sell - stop_loss,89887.9,90786.779,2689983066.61,-1.05,1508.01
2025-03-07 01:00:00+00:00,short,buy,85477.8,,2688638075.08,-0.05,1507.96
2025-03-07 01:11:00+00:00,short,sell - stop_loss,85477.8,86332.57800000001,2660407375.29,-1.05,1506.91
2025-03-07 02:00:00+00:00,short,buy,88209.9,,2659077171.6,-0.05,1506.86
2025-03-07 09:00:00+00:00,short,sell - direction_change,88209.9,88310.0,2654730130.17,-0.16,1506.69
2025-03-07 09:00:00+00:00,long,buy,88310.0,,2653402765.1,-0.05,1506.64
2025-03-07 14:48:00+00:00,long,sell - take_profit,88310.0,90959.3,2731678146.67,2.95,1509.59
2025-03-07 15:00:00+00:00,long,buy,90411.6,,2730312307.6,-0.05,1509.54
2025-03-07 15:16:00+00:00,long,sell - stop_loss,90411.6,89507.48400000001,2701644028.37,-1.05,1508.49
2025-03-07 16:00:00+00:00,long,buy,88425.0,,2700293206.35,-0.05,1508.44
2025-03-07 16:25:00+00:00,long,sell - stop_loss,88425.0,87540.75,2671940127.69,-1.05,1507.39
2025-03-07 17:00:00+00:00,short,buy,87220.1,,2670604157.62,-0.05,1507.34
2025-03-07 17:45:00+00:00,short,sell - stop_loss,87220.1,88092.301,2642562813.97,-1.05,1506.29
2025-03-07 18:00:00+00:00,long,buy,87652.5,,2641241532.56,-0.05,1506.24
2025-03-07 19:00:00+00:00,long,sell - direction_change,87652.5,88560.7,2667287793.06,0.99,1507.23
2025-03-07 19:00:00+00:00,short,buy,88560.7,,2665954149.16,-0.05,1507.18
2025-03-07 21:06:00+00:00,short,sell - take_profit,88560.7,85903.879,2744599796.56,2.95,1510.13
2025-03-07 22:00:00+00:00,short,buy,86260.0,,2743227496.66,-0.05,1510.08
2025-03-08 12:00:00+00:00,short,sell - direction_change,86260.0,85923.9,2752544484.37,0.34,1510.42
2025-03-08 12:00:00+00:00,long,buy,85923.9,,2751168212.13,-0.05,1510.37
2025-03-08 16:00:00+00:00,long,sell - direction_change,85923.9,86360.0,2763755966.01,0.46,1510.83
2025-03-08 16:00:00+00:00,short,buy,86360.0,,2762374088.03,-0.05,1510.78
2025-03-08 19:00:00+00:00,short,sell - direction_change,86360.0,86005.8,2772322601.1,0.36,1511.14
2025-03-08 19:00:00+00:00,long,buy,86005.8,,2770936439.8,-0.05,1511.09
2025-03-09 03:00:00+00:00,long,sell - direction_change,86005.8,85954.0,2767882078.23,-0.11,1510.98
2025-03-09 03:00:00+00:00,short,buy,85954.0,,2766498137.2,-0.05,1510.93
2025-03-09 14:03:00+00:00,short,sell - take_profit,85954.0,83375.38,2848109832.24,2.95,1513.88
2025-03-09 15:00:00+00:00,short,buy,83563.0,,2846685777.33,-0.05,1513.83
2025-03-09 18:00:00+00:00,short,sell - direction_change,83563.0,82324.4,2887457006.24,1.43,1515.26
2025-03-09 18:00:00+00:00,long,buy,82324.4,,2886013277.74,-0.05,1515.21
2025-03-09 19:00:00+00:00,long,sell - direction_change,82324.4,82637.5,2895546491.48,0.33,1515.54
2025-03-09 19:00:00+00:00,short,buy,82637.5,,2894098718.24,-0.05,1515.49
2025-03-09 20:32:00+00:00,short,sell - stop_loss,82637.5,83463.875,2863710681.7,-1.05,1514.44
2025-03-09 21:00:00+00:00,short,buy,83042.8,,2862278826.36,-0.05,1514.39
2025-03-09 22:54:00+00:00,short,sell - take_profit,83042.8,80551.516,2946716051.73,2.95,1517.34
2025-03-09 23:00:00+00:00,short,buy,80319.1,,2945242693.71,-0.05,1517.29
2025-03-10 00:04:00+00:00,short,sell - stop_loss,80319.1,81122.29100000001,2914317645.42,-1.05,1516.24
2025-03-10 01:00:00+00:00,short,buy,81242.0,,2912860486.6,-0.05,1516.19
2025-03-10 02:16:00+00:00,short,sell - stop_loss,81242.0,82054.42,2882275451.49,-1.05,1515.14
2025-03-10 03:00:00+00:00,short,buy,82159.4,,2880834313.77,-0.05,1515.09
2025-03-10 04:00:00+00:00,short,sell - direction_change,82159.4,82000.1,2884979586.21,0.14,1515.23
2025-03-10 04:00:00+00:00,long,buy,82000.1,,2883537096.42,-0.05,1515.18
2025-03-10 05:00:00+00:00,long,sell - direction_change,82000.1,82585.9,2902695010.44,0.66,1515.85
2025-03-10 05:00:00+00:00,short,buy,82585.9,,2901243662.94,-0.05,1515.8
2025-03-10 06:00:00+00:00,short,sell - direction_change,82585.9,82277.6,2910623623.82,0.32,1516.12
2025-03-10 06:00:00+00:00,long,buy,82277.6,,2909168312.01,-0.05,1516.07
2025-03-10 08:38:00+00:00,long,sell - stop_loss,82277.6,81454.82400000001,2878622044.74,-1.05,1515.02
2025-03-10 09:00:00+00:00,long,buy,81309.8,,2877182733.71,-0.05,1514.97
2025-03-10 09:24:00+00:00,long,sell - take_profit,81309.8,83749.09400000001,2962059624.36,2.95,1517.92
2025-03-10 10:00:00+00:00,long,buy,82461.8,,2960578594.55,-0.05,1517.87
2025-03-10 10:27:00+00:00,long,sell - stop_loss,82461.8,81637.182,2929492519.3,-1.05,1516.82
2025-03-10 11:00:00+00:00,long,buy,82239.5,,2928027773.04,-0.05,1516.77
2025-03-10 13:00:00+00:00,long,sell - direction_change,82239.5,83208.0,2961045910.66,1.13,1517.9
2025-03-10 13:00:00+00:00,short,buy,83208.0,,2959565387.7,-0.05,1517.85
2025-03-10 14:03:00+00:00,short,sell - take_profit,83208.0,80711.76,3046872566.64,2.95,1520.8
2025-03-10 15:00:00+00:00,short,buy,79813.7,,3045349130.35,-0.05,1520.75
2025-03-10 15:32:00+00:00,short,sell - stop_loss,79813.7,80611.837,3013372964.49,-1.05,1519.7
2025-03-10 16:00:00+00:00,short,buy,80009.7,,3011866278.0,-0.05,1519.65
2025-03-10 18:57:00+00:00,short,sell - take_profit,80009.7,77609.409,3100716333.2,2.95,1522.6
2025-03-10 19:00:00+00:00,short,buy,77620.6,,3099165975.04,-0.05,1522.55
2025-03-10 19:16:00+00:00,short,sell - stop_loss,77620.6,78396.80600000001,3066624732.3,-1.05,1521.5
2025-03-10 20:00:00+00:00,short,buy,79035.3,,3065091419.93,-0.05,1521.45
2025-03-10 21:36:00+00:00,short,sell - stop_loss,79035.3,79825.653,3032907960.02,-1.05,1520.4
2025-03-10 22:00:00+00:00,short,buy,79528.0,,3031391506.04,-0.05,1520.35
2025-03-11 00:33:00+00:00,short,sell - take_profit,79528.0,77142.16,3120817555.47,2.95,1523.3
2025-03-11 01:00:00+00:00,short,buy,77630.6,,3119257146.7,-0.05,1523.25
2025-03-11 01:36:00+00:00,short,sell - stop_loss,77630.6,78406.906,3086504946.65,-1.05,1522.2
2025-03-11 02:00:00+00:00,short,buy,79084.1,,3084961694.18,-0.05,1522.15
2025-03-11 03:00:00+00:00,short,sell - direction_change,79084.1,79314.9,3074416023.58,-0.34,1521.81
2025-03-11 03:00:00+00:00,long,buy,79314.9,,3072878815.57,-0.05,1521.76
2025-03-11 09:34:00+00:00,long,sell - take_profit,79314.9,81694.347,3163528740.63,2.95,1524.71
2025-03-11 10:00:00+00:00,long,buy,81419.9,,3161946976.26,-0.05,1524.66
2025-03-11 13:09:00+00:00,long,sell - stop_loss,81419.9,80605.70099999999,3128746533.0,-1.05,1523.61
2025-03-11 14:00:00+00:00,long,buy,80864.1,,3127182159.74,-0.05,1523.56
2025-03-11 14:04:00+00:00,long,sell - stop_loss,80864.1,80055.459,3094346747.06,-1.05,1522.51
2025-03-11 15:00:00+00:00,long,buy,79741.9,,3092799573.69,-0.05,1522.46
2025-03-11 18:11:00+00:00,long,sell - take_profit,79741.9,82134.15699999999,3184037161.11,2.95,1525.41
2025-03-11 19:00:00+00:00,long,buy,83226.4,,3182445142.53,-0.05,1525.36
2025-03-12 02:35:00+00:00,long,sell - stop_loss,83226.4,82394.136,3149029468.53,-1.05,1524.31
2025-03-12 03:00:00+00:00,long,buy,82392.6,,3147454953.8,-0.05,1524.26
2025-03-12 05:07:00+00:00,long,sell - stop_loss,82392.6,81568.674,3114406676.78,-1.05,1523.21
2025-03-12 06:00:00+00:00,short,buy,81950.1,,3112849473.45,-0.05,1523.16
2025-03-12 07:00:00+00:00,short,sell - direction_change,81950.1,81380.0,3132948122.77,0.65,1523.8
2025-03-12 07:00:00+00:00,long,buy,81380.0,,3131381648.71,-0.05,1523.75
2025-03-12 12:30:00+00:00,long,sell - take_profit,81380.0,83821.40000000001,3223757407.35,2.95,1526.7
2025-03-12 13:00:00+00:00,long,buy,84021.4,,3222145528.64,-0.05,1526.65
2025-03-12 13:30:00+00:00,long,sell - stop_loss,84021.4,83181.18599999999,3188313000.59,-1.05,1525.6
2025-03-12 14:00:00+00:00,long,buy,82649.9,,3186718844.09,-0.05,1525.55
2025-03-12 14:32:00+00:00,long,sell - stop_loss,82649.9,81823.401,3153258296.23,-1.05,1524.5
2025-03-12 15:00:00+00:00,long,buy,81500.9,,3151681667.08,-0.05,1524.45
2025-03-12 15:07:00+00:00,long,sell - stop_loss,81500.9,80685.89099999999,3118589009.58,-1.05,1523.4
2025-03-12 16:00:00+00:00,long,buy,81688.0,,3117029715.07,-0.05,1523.35
2025-03-12 17:00:00+00:00,long,sell - direction_change,81688.0,81922.1,3124403927.86,0.24,1523.59
2025-03-12 17:00:00+00:00,short,buy,81922.1,,3122841725.9,-0.05,1523.54
2025-03-12 17:19:00+00:00,short,sell - stop_loss,81922.1,82741.32100000001,3090051887.78,-1.05,1522.49
2025-03-12 18:00:00+00:00,long,buy,81811.7,,3088506861.83,-0.05,1522.44
2025-03-13 02:07:00+00:00,long,sell - take_profit,81811.7,84266.05099999999,3179617814.26,2.95,1525.39
2025-03-13 03:00:00+00:00,long,buy,83746.7,,3178028005.35,-0.05,1525.34
2025-03-13 06:16:00+00:00,long,sell - stop_loss,83746.7,82909.233,3144658711.29,-1.05,1524.29
2025-03-13 07:00:00+00:00,long,buy,83250.0,,3143086381.94,-0.05,1524.24
2025-03-13 08:40:00+00:00,long,sell - stop_loss,83250.0,82417.5,3110083974.93,-1.05,1523.19
2025-03-13 09:00:00+00:00,long,buy,82932.5,,3108528932.94,-0.05,1523.14
2025-03-13 13:48:00+00:00,long,sell - stop_loss,82932.5,82103.175,3075889379.15,-1.05,1522.09
2025-03-13 14:00:00+00:00,long,buy,81730.5,,3074351434.46,-0.05,1522.04
2025-03-13 15:00:00+00:00,long,sell - direction_change,81730.5,81966.6,3081695329.74,0.24,1522.28
2025-03-13 15:00:00+00:00,short,buy,81966.6,,3080154482.08,-0.05,1522.23
2025-03-14 02:00:00+00:00,short,sell - direction_change,81966.6,81558.4,3093953812.1,0.45,1522.67
2025-03-14 02:00:00+00:00,long,buy,81558.4,,3092406835.2,-0.05,1522.62
2025-03-14 15:03:00+00:00,long,sell - take_profit,81558.4,84005.152,3183632836.83,2.95,1525.57
2025-03-14 16:00:00+00:00,long,buy,84692.1,,3182041020.42,-0.05,1525.52
2025-03-14 20:21:00+00:00,long,sell - stop_loss,84692.1,83845.179,3148629589.7,-1.05,1524.47
2025-03-14 21:00:00+00:00,long,buy,84083.9,,3147055274.91,-0.05,1524.42
2025-03-15 10:00:00+00:00,long,sell - direction_change,84083.9,83927.3,3139620591.26,-0.24,1524.19
2025-03-15 10:00:00+00:00,short,buy,83927.3,,3138050780.96,-0.05,1524.14
2025-03-15 11:00:00+00:00,short,sell - direction_change,83927.3,83870.1,3138620469.73,0.02,1524.16
2025-03-15 11:00:00+00:00,long,buy,83870.1,,3137051159.49,-0.05,1524.11
2025-03-16 01:00:00+00:00,long,sell - direction_change,83870.1,84214.0,3148345762.65,0.36,1524.47
2025-03-16 01:00:00+00:00,short,buy,84214.0,,3146771589.77,-0.05,1524.42
2025-03-16 03:00:00+00:00,short,sell - direction_change,84214.0,83921.9,3156112921.02,0.3,1524.71
2025-03-16 03:00:00+00:00,long,buy,83921.9,,3154534864.56,-0.05,1524.66
2025-03-16 06:00:00+00:00,long,sell - direction_change,83921.9,84350.2,3169056938.1,0.46,1525.12
2025-03-16 06:00:00+00:00,short,buy,84350.2,,3167472409.63,-0.05,1525.07
2025-03-16 07:00:00+00:00,short,sell - direction_change,84350.2,84188.0,3171979518.79,0.14,1525.22
2025-03-16 07:00:00+00:00,long,buy,84188.0,,3170393529.03,-0.05,1525.17
2025-03-16 09:00:00+00:00,long,sell - direction_change,84188.0,84221.1,3170054828.51,-0.01,1525.16
2025-03-16 09:00:00+00:00,short,buy,84221.1,,3168469801.09,-0.05,1525.11
2025-03-16 16:09:00+00:00,short,sell - stop_loss,84221.1,85063.311,3135200868.18,-1.05,1524.06
2025-03-16 17:00:00+00:00,long,buy,83594.8,,3133633267.75,-0.05,1524.01
2025-03-16 18:00:00+00:00,long,sell - direction_change,83594.8,83869.8,3142375096.49,0.28,1524.28
2025-03-16 18:00:00+00:00,short,buy,83869.8,,3140803908.94,-0.05,1524.23
2025-03-17 03:00:00+00:00,short,sell - direction_change,83869.8,83173.5,3165308944.89,0.78,1525.01
2025-03-17 03:00:00+00:00,long,buy,83173.5,,3163726290.42,-0.05,1524.96
2025-03-17 05:00:00+00:00,long,sell - direction_change,83173.5,83589.6,3177971902.49,0.45,1525.41
2025-03-17 05:00:00+00:00,short,buy,83589.6,,3176382916.53,-0.05,1525.36
2025-03-17 06:00:00+00:00,short,sell - direction_change,83589.6,83088.8,3193824993.97,0.55,1525.91
2025-03-17 06:00:00+00:00,long,buy,83088.8,,3192228081.47,-0.05,1525.86
2025-03-17 14:00:00+00:00,long,sell - direction_change,83088.8,82971.4,3186121521.06,-0.19,1525.67
2025-03-17 14:00:00+00:00,short,buy,82971.4,,3184528460.3,-0.05,1525.62
2025-03-17 15:00:00+00:00,short,sell - direction_change,82971.4,82873.1,3186709052.11,0.07,1525.69
2025-03-17 15:00:00+00:00,long,buy,82873.1,,3185115697.58,-0.05,1525.64
2025-03-18 03:00:00+00:00,long,sell - direction_change,82873.1,83325.3,3200902836.14,0.5,1526.14
2025-03-18 03:00:00+00:00,short,buy,83325.3,,3199302384.72,-0.05,1526.09
2025-03-18 04:00:00+00:00,short,sell - direction_change,83325.3,83107.6,3206061396.85,0.21,1526.3
2025-03-18 04:00:00+00:00,long,buy,83107.6,,3204458366.16,-0.05,1526.25
2025-03-18 06:44:00+00:00,long,sell - stop_loss,83107.6,82276.524,3170811553.31,-1.05,1525.2
2025-03-18 07:00:00+00:00,short,buy,82407.1,,3169226147.53,-0.05,1525.15
2025-03-18 07:09:00+00:00,short,sell - stop_loss,82407.1,83231.171,3135949272.98,-1.05,1524.1
2025-03-18 08:00:00+00:00,short,buy,83124.7,,3134381298.35,-0.05,1524.05
2025-03-18 23:00:00+00:00,short,sell - direction_change,83124.7,82350.1,3162021933.46,0.88,1524.93
2025-03-18 23:00:00+00:00,long,buy,82350.1,,3160440922.49,-0.05,1524.88
2025-03-19 15:53:00+00:00,long,sell - take_profit,82350.1,84820.603,3253673929.7,2.95,1527.83
2025-03-19 16:00:00+00:00,long,buy,84693.3,,3252047092.74,-0.05,1527.78
2025-03-19 17:45:00+00:00,long,sell - stop_loss,84693.3,83846.367,3217900598.26,-1.05,1526.73
2025-03-19 18:00:00+00:00,long,buy,84188.0,,3216291647.97,-0.05,1526.68
2025-03-19 23:26:00+00:00,long,sell - take_profit,84188.0,86713.64,3311172251.58,2.95,1529.63
2025-03-20 00:00:00+00:00,long,buy,86809.8,,3309516665.45,-0.05,1529.58
2025-03-20 00:51:00+00:00,long,sell - stop_loss,86809.8,85941.702,3274766740.47,-1.05,1528.53
2025-03-20 01:00:00+00:00,long,buy,85979.9,,3273129357.1,-0.05,1528.48
2025-03-20 10:18:00+00:00,long,sell - stop_loss,85979.9,85120.101,3238761498.85,-1.05,1527.43
2025-03-20 11:00:00+00:00,long,buy,85135.7,,3237142118.1,-0.05,1527.38
2025-03-20 15:00:00+00:00,long,sell - direction_change,85135.7,86123.6,3273086786.65,1.11,1528.49
2025-03-20 15:00:00+00:00,short,buy,86123.6,,3271450243.26,-0.05,1528.44
2025-03-21 12:56:00+00:00,short,sell - take_profit,86123.6,83539.892,3367958025.43,2.95,1531.39
2025-03-21 13:00:00+00:00,short,buy,83428.7,,3366274046.42,-0.05,1531.34
2025-03-21 18:00:00+00:00,short,sell - direction_change,83428.7,83976.8,3342475560.54,-0.71,1530.63
2025-03-21 18:00:00+00:00,long,buy,83976.8,,3340804322.76,-0.05,1530.58
2025-03-21 19:00:00+00:00,long,sell - direction_change,83976.8,84070.4,3342857559.57,0.06,1530.64
2025-03-21 19:00:00+00:00,short,buy,84070.4,,3341186130.79,-0.05,1530.59
2025-03-21 20:00:00+00:00,short,sell - direction_change,84070.4,83925.0,3345294128.8,0.12,1530.72
2025-03-21 20:00:00+00:00,long,buy,83925.0,,3343621481.73,-0.05,1530.67
2025-03-22 14:00:00+00:00,long,sell - direction_change,83925.0,84140.1,3350519381.82,0.21,1530.87
2025-03-22 14:00:00+00:00,short,buy,84140.1,,3348844122.12,-0.05,1530.82
2025-03-22 17:00:00+00:00,short,sell - direction_change,84140.1,84097.9,3348849294.24,0.0,1530.82
2025-03-22 17:00:00+00:00,long,buy,84097.9,,3347174869.59,-0.05,1530.77
2025-03-22 19:00:00+00:00,long,sell - direction_change,84097.9,84205.6,3349787842.62,0.08,1530.85
2025-03-22 19:00:00+00:00,short,buy,84205.6,,3348112948.7,-0.05,1530.8
2025-03-23 02:00:00+00:00,short,sell - direction_change,84205.6,84023.3,3353687353.03,0.17,1530.97
2025-03-23 02:00:00+00:00,long,buy,84023.3,,3352010509.35,-0.05,1530.92
2025-03-23 04:00:00+00:00,long,sell - direction_change,84023.3,84195.1,3357188262.58,0.15,1531.07
2025-03-23 04:00:00+00:00,short,buy,84195.1,,3355509668.45,-0.05,1531.02
2025-03-23 05:00:00+00:00,short,sell - direction_change,84195.1,84064.9,3359020901.56,0.1,1531.13
2025-03-23 05:00:00+00:00,long,buy,84064.9,,3357341391.11,-0.05,1531.08
2025-03-24 00:34:00+00:00,long,sell - take_profit,84064.9,86586.847,3456382962.15,2.95,1534.03
2025-03-24 01:00:00+00:00,long,buy,85994.8,,3454654770.67,-0.05,1533.98
2025-03-24 14:18:00+00:00,long,sell - take_profit,85994.8,88574.644,3556567086.4,2.95,1536.93
2025-03-24 15:00:00+00:00,long,buy,87921.0,,3554788802.86,-0.05,1536.88
2025-03-24 23:23:00+00:00,long,sell - stop_loss,87921.0,87041.79,3517463520.43,-1.05,1535.83
2025-03-25 00:00:00+00:00,long,buy,87463.4,,3515704788.67,-0.05,1535.78
2025-03-25 03:21:00+00:00,long,sell - stop_loss,87463.4,86588.76599999999,3478789888.39,-1.05,1534.73
2025-03-25 04:00:00+00:00,short,buy,86477.3,,3477050493.44,-0.05,1534.68
2025-03-25 11:00:00+00:00,short,sell - direction_change,86477.3,87085.6,3450853644.28,-0.75,1533.92
2025-03-25 11:00:00+00:00,long,buy,87085.6,,3449128217.45,-0.05,1533.87
2025-03-26 02:00:00+00:00,long,sell - direction_change,87085.6,87794.1,3475464634.06,0.76,1534.64
2025-03-26 02:00:00+00:00,short,buy,87794.1,,3473726901.74,-0.05,1534.59
2025-03-26 05:00:00+00:00,short,sell - direction_change,87794.1,87282.1,3492248212.52,0.53,1535.12
2025-03-26 05:00:00+00:00,long,buy,87282.1,,3490502088.41,-0.05,1535.07
2025-03-26 13:00:00+00:00,long,sell - direction_change,87282.1,87767.5,3508168488.94,0.51,1535.58
2025-03-26 13:00:00+00:00,short,buy,87767.5,,3506414404.69,-0.05,1535.53
2025-03-27 00:00:00+00:00,short,sell - direction_change,87767.5,86873.9,3540361563.94,0.97,1536.5
2025-03-27 00:00:00+00:00,long,buy,86873.9,,3538591383.15,-0.05,1536.45
2025-03-27 11:00:00+00:00,long,sell - direction_change,86873.9,87146.4,3547921694.5,0.26,1536.71
2025-03-27 11:00:00+00:00,short,buy,87146.4,,3546147733.65,-0.05,1536.66
2025-03-27 14:00:00+00:00,short,sell - direction_change,87146.4,86338.5,3577249600.74,0.88,1537.54
2025-03-27 14:00:00+00:00,long,buy,86338.5,,3575460975.94,-0.05,1537.49
2025-03-28 02:00:00+00:00,long,sell - direction_change,86338.5,87196.0,3609184144.84,0.94,1538.43
2025-03-28 02:00:00+00:00,short,buy,87196.0,,3607379552.77,-0.05,1538.38
2025-03-28 14:08:00+00:00,short,sell - take_profit,87196.0,84580.12,3713797249.57,2.95,1541.33
2025-03-28 15:00:00+00:00,short,buy,84133.9,,3711940350.95,-0.05,1541.28
2025-03-29 00:00:00+00:00,short,sell - direction_change,84133.9,84380.8,3699191291.63,-0.34,1540.94
2025-03-29 00:00:00+00:00,long,buy,84380.8,,3697341695.98,-0.05,1540.89
2025-03-29 02:00:00+00:00,long,sell - direction_change,84380.8,84240.1,3689327926.24,-0.22,1540.67
2025-03-29 02:00:00+00:00,short,buy,84240.1,,3687483262.28,-0.05,1540.62
2025-03-29 04:00:00+00:00,short,sell - direction_change,84240.1,84125.8,3690642830.67,0.09,1540.7
2025-03-29 04:00:00+00:00,long,buy,84125.8,,3688797509.26,-0.05,1540.65
2025-03-29 05:00:00+00:00,long,sell - direction_change,84125.8,84041.3,3683247904.85,-0.15,1540.5
2025-03-29 05:00:00+00:00,short,buy,84041.3,,3681406280.9,-0.05,1540.45
2025-03-30 00:00:00+00:00,short,sell - direction_change,84041.3,82604.8,3742491069.42,1.66,1542.11
2025-03-30 00:00:00+00:00,long,buy,82604.8,,3740619823.89,-0.05,1542.06
2025-03-30 13:00:00+00:00,long,sell - direction_change,82604.8,83037.2,3758330022.76,0.47,1542.54
2025-03-30 13:00:00+00:00,short,buy,83037.2,,3756450857.75,-0.05,1542.49
2025-03-31 11:00:00+00:00,short,sell - direction_change,83037.2,82136.3,3795327698.45,1.03,1543.52
2025-03-31 11:00:00+00:00,long,buy,82136.3,,3793430034.61,-0.05,1543.47
2025-04-01 15:13:00+00:00,long,sell - take_profit,82136.3,84600.38900000001,3905336220.63,2.95,1546.42
2025-04-01 16:00:00+00:00,long,buy,85245.5,,3903383552.52,-0.05,1546.37
2025-04-02 05:00:00+00:00,long,sell - direction_change,85245.5,84568.5,3870432093.42,-0.84,1545.53
2025-04-02 05:00:00+00:00,short,buy,84568.5,,3868496877.37,-0.05,1545.48
2025-04-02 06:00:00+00:00,short,sell - direction_change,84568.5,84075.2,3889128117.38,0.53,1546.01
2025-04-02 06:00:00+00:00,long,buy,84075.2,,3887183553.32,-0.05,1545.96
2025-04-02 11:00:00+00:00,long,sell - direction_change,84075.2,84822.7,3919800327.81,0.84,1546.8
2025-04-02 11:00:00+00:00,short,buy,84822.7,,3917840427.65,-0.05,1546.75
2025-04-02 12:00:00+00:00,short,sell - direction_change,84822.7,84528.3,3929479426.65,0.3,1547.05
2025-04-02 12:00:00+00:00,long,buy,84528.3,,3927514686.93,-0.05,1547.0
2025-04-02 15:33:00+00:00,long,sell - take_profit,84528.3,87064.149,4043376370.2,2.95,1549.95
2025-04-02 16:00:00+00:00,long,buy,86709.5,,4041354682.01,-0.05,1549.9
2025-04-02 20:27:00+00:00,long,sell - stop_loss,86709.5,85842.405,3998920457.85,-1.05,1548.85
2025-04-02 21:00:00+00:00,long,buy,85623.2,,3996920997.62,-0.05,1548.8
2025-04-02 21:06:00+00:00,long,sell - stop_loss,85623.2,84766.968,3954953327.15,-1.05,1547.75
2025-04-02 22:00:00+00:00,long,buy,84812.8,,3952975850.48,-0.05,1547.7
2025-04-02 22:09:00+00:00,long,sell - stop_loss,84812.8,83964.672,3911469604.05,-1.05,1546.65
2025-04-02 23:00:00+00:00,long,buy,82784.2,,3909513869.25,-0.05,1546.6
2025-04-03 00:00:00+00:00,long,sell - direction_change,82784.2,82485.1,3893434006.34,-0.41,1546.19
2025-04-03 00:00:00+00:00,short,buy,82485.1,,3891487289.34,-0.05,1546.14
2025-04-03 00:32:00+00:00,short,sell - stop_loss,82485.1,83309.951,3850626672.8,-1.05,1545.09
2025-04-03 01:00:00+00:00,short,buy,83182.0,,3848701359.46,-0.05,1545.04
2025-04-03 22:00:00+00:00,short,sell - direction_change,83182.0,82679.9,3870008392.41,0.55,1545.59
2025-04-03 22:00:00+00:00,long,buy,82679.9,,3868073388.21,-0.05,1545.54
2025-04-04 11:00:00+00:00,long,sell - direction_change,82679.9,82534.5,3859336998.46,-0.23,1545.31
2025-04-04 11:00:00+00:00,short,buy,82534.5,,3857407329.96,-0.05,1545.26
2025-04-04 12:00:00+00:00,short,sell - direction_change,82534.5,82633.7,3850842325.02,-0.17,1545.09
2025-04-04 12:00:00+00:00,long,buy,82633.7,,3848916903.86,-0.05,1545.04
2025-04-04 14:50:00+00:00,long,sell - stop_loss,82633.7,81807.363,3808503276.37,-1.05,1543.99
2025-04-04 15:00:00+00:00,long,buy,82534.6,,3806599024.73,-0.05,1543.94
2025-04-05 06:00:00+00:00,long,sell - direction_change,82534.6,83645.5,3855931823.25,1.3,1545.24
2025-04-05 06:00:00+00:00,short,buy,83645.5,,3854003857.34,-0.05,1545.19
2025-04-05 08:00:00+00:00,short,sell - direction_change,83645.5,83490.0,3859241587.52,0.14,1545.33
2025-04-05 08:00:00+00:00,long,buy,83490.0,,3857311966.73,-0.05,1545.28
2025-04-05 12:00:00+00:00,long,sell - direction_change,83490.0,83428.3,3852532716.08,-0.12,1545.15
2025-04-05 12:00:00+00:00,short,buy,83428.3,,3850606449.73,-0.05,1545.1
2025-04-05 23:00:00+00:00,short,sell - direction_change,83428.3,83147.5,3861641380.51,0.29,1545.39
2025-04-05 23:00:00+00:00,long,buy,83147.5,,3859710559.82,-0.05,1545.34
2025-04-06 08:00:00+00:00,long,sell - direction_change,83147.5,82990.9,3850511325.74,-0.24,1545.1
2025-04-06 08:00:00+00:00,short,buy,82990.9,,3848586070.08,-0.05,1545.05
2025-04-06 18:02:00+00:00,short,sell - take_profit,82990.9,80501.173,3962119359.15,2.95,1548.0
2025-04-06 19:00:00+00:00,short,buy,79066.6,,3960138299.47,-0.05,1547.95
2025-04-06 20:03:00+00:00,short,sell - stop_loss,79066.6,79857.266,3918556847.32,-1.05,1546.9
2025-04-06 21:00:00+00:00,short,buy,78843.8,,3916597568.9,-0.05,1546.85
2025-04-06 21:21:00+00:00,short,sell - stop_loss,78843.8,79632.238,3875473294.43,-1.05,1545.8
2025-04-06 22:00:00+00:00,short,buy,78920.6,,3873535557.78,-0.05,1545.75
2025-04-07 06:17:00+00:00,short,sell - take_profit,78920.6,76552.982,3987804856.73,2.95,1548.7
2025-04-07 07:00:00+00:00,short,buy,74781.4,,3985810954.3,-0.05,1548.65
2025-04-07 08:02:00+00:00,short,sell - stop_loss,74781.4,75529.21399999999,3943959939.28,-1.05,1547.6
2025-04-07 09:00:00+00:00,short,buy,76223.1,,3941987959.31,-0.05,1547.55
2025-04-07 10:12:00+00:00,short,sell - stop_loss,76223.1,76985.331,3900597085.74,-1.05,1546.5
2025-04-07 11:00:00+00:00,short,buy,76954.0,,3898646787.2,-0.05,1546.45
2025-04-07 13:00:00+00:00,short,sell - direction_change,76954.0,77299.9,3879173463.45,-0.5,1545.95
2025-04-07 13:00:00+00:00,long,buy,77299.9,,3877233876.71,-0.05,1545.9
2025-04-07 13:30:00+00:00,long,sell - stop_loss,77299.9,76526.901,3836522921.01,-1.05,1544.85
2025-04-07 14:00:00+00:00,long,buy,78319.9,,3834604659.55,-0.05,1544.8
2025-04-07 14:17:00+00:00,long,sell - take_profit,78319.9,80669.497,3947725497.0,2.95,1547.75
2025-04-07 15:00:00+00:00,long,buy,78999.3,,3945751634.26,-0.05,1547.7
2025-04-07 15:14:00+00:00,long,sell - stop_loss,78999.3,78209.307,3904321242.1,-1.05,1546.65
2025-04-07 16:00:00+00:00,long,buy,78444.6,,3902369081.47,-0.05,1546.6
2025-04-07 16:22:00+00:00,long,sell - stop_loss,78444.6,77660.15400000001,3861394206.12,-1.05,1545.55
2025-04-07 17:00:00+00:00,long,buy,77394.8,,3859463509.02,-0.05,1545.5
2025-04-07 22:21:00+00:00,long,sell - take_profit,77394.8,79716.644,3973317682.53,2.95,1548.45
2025-04-07 23:00:00+00:00,long,buy,79919.5,,3971331023.69,-0.05,1548.4
2025-04-07 23:56:00+00:00,long,sell - stop_loss,79919.5,79120.305,3929632047.94,-1.05,1547.35
2025-04-08 00:00:00+00:00,long,buy,79140.1,,3927667231.92,-0.05,1547.3
2025-04-08 15:09:00+00:00,long,sell - stop_loss,79140.1,78348.69900000001,3886426725.98,-1.05,1546.25
2025-04-08 16:00:00+00:00,short,buy,78459.9,,3884483512.62,-0.05,1546.2
2025-04-09 00:02:00+00:00,short,sell - take_profit,78459.9,76106.10299999999,3999075776.24,2.95,1549.15
2025-04-09 01:00:00+00:00,short,buy,76494.0,,3997076238.35,-0.05,1549.1
2025-04-09 06:00:00+00:00,short,sell - direction_change,76494.0,76700.0,3984313487.29,-0.32,1548.78
2025-04-09 06:00:00+00:00,long,buy,76700.0,,3982321330.55,-0.05,1548.73
2025-04-09 11:06:00+00:00,long,sell - stop_loss,76700.0,75933.0,3940506956.57,-1.05,1547.68
2025-04-09 12:00:00+00:00,long,buy,76204.1,,3938536703.1,-0.05,1547.63
2025-04-09 17:02:00+00:00,long,sell - take_profit,76204.1,78490.22300000001,4054723535.84,2.95,1550.58
2025-04-09 18:00:00+00:00,long,buy,82161.9,,4052696174.07,-0.05,1550.53
2025-04-10 07:34:00+00:00,long,sell - stop_loss,82161.9,81340.28099999999,4010142864.24,-1.05,1549.48
2025-04-10 08:00:00+00:00,long,buy,81561.5,,4008137792.81,-0.05,1549.43
2025-04-10 13:43:00+00:00,long,sell - stop_loss,81561.5,80745.885,3966052345.99,-1.05,1548.38
2025-04-10 14:00:00+00:00,long,buy,80844.9,,3964069319.81,-0.05,1548.33
2025-04-10 15:00:00+00:00,long,sell - direction_change,80844.9,81239.2,3981421003.58,0.44,1548.77
2025-04-10 15:00:00+00:00,short,buy,81239.2,,3979430293.08,-0.05,1548.72
2025-04-10 15:49:00+00:00,short,sell - take_profit,81239.2,78802.02399999999,4096823486.72,2.95,1551.67
2025-04-10 16:00:00+00:00,short,buy,78731.7,,4094775074.98,-0.05,1551.62
2025-04-10 16:51:00+00:00,short,sell - stop_loss,78731.7,79519.01699999999,4051779936.69,-1.05,1550.57
2025-04-10 17:00:00+00:00,short,buy,79406.0,,4049754046.72,-0.05,1550.52
2025-04-11 01:00:00+00:00,short,sell - direction_change,79406.0,79010.7,4067889708.89,0.45,1550.97
2025-04-11 01:00:00+00:00,long,buy,79010.7,,4065855764.03,-0.05,1550.92
2025-04-11 02:00:00+00:00,long,sell - direction_change,79010.7,80405.8,4135614066.66,1.72,1552.63
2025-04-11 02:00:00+00:00,short,buy,80405.8,,4133546259.63,-0.05,1552.58
2025-04-11 03:00:00+00:00,short,sell - direction_change,80405.8,80254.1,4139278164.8,0.14,1552.72
2025-04-11 03:00:00+00:00,long,buy,80254.1,,4137208525.71,-0.05,1552.67
2025-04-11 10:19:00+00:00,long,sell - take_profit,80254.1,82661.72300000001,4259256177.22,2.95,1555.62
2025-04-11 11:00:00+00:00,long,buy,82666.0,,4257126549.13,-0.05,1555.57
2025-04-11 12:12:00+00:00,long,sell - stop_loss,82666.0,81839.34,4212426720.37,-1.05,1554.52
2025-04-11 13:00:00+00:00,long,buy,82075.9,,4210320507.01,-0.05,1554.47
2025-04-12 13:56:00+00:00,long,sell - take_profit,82075.9,84538.177,4334524961.96,2.95,1557.42
2025-04-12 14:00:00+00:00,long,buy,84413.0,,4332357699.48,-0.05,1557.37
2025-04-13 11:00:00+00:00,long,sell - direction_change,84413.0,84651.5,4342432138.92,0.23,1557.6
2025-04-13 11:00:00+00:00,short,buy,84651.5,,4340260922.85,-0.05,1557.55
2025-04-13 17:00:00+00:00,short,sell - direction_change,84651.5,84183.8,4362070757.7,0.5,1558.06
2025-04-13 17:00:00+00:00,long,buy,84183.8,,4359889722.32,-0.05,1558.01
2025-04-13 19:00:00+00:00,long,sell - direction_change,84183.8,84689.7,4383910402.88,0.55,1558.56
2025-04-13 19:00:00+00:00,short,buy,84689.7,,4381718447.68,-0.05,1558.51
2025-04-13 23:00:00+00:00,short,sell - direction_change,84689.7,83294.3,4451723498.02,1.6,1560.1
2025-04-13 23:00:00+00:00,long,buy,83294.3,,4449497636.27,-0.05,1560.05
2025-04-14 15:00:00+00:00,long,sell - direction_change,83294.3,85380.0,4558688881.34,2.45,1562.51
2025-04-14 15:00:00+00:00,short,buy,85380.0,,4556409536.9,-0.05,1562.46
2025-04-14 17:00:00+00:00,short,sell - direction_change,85380.0,84300.0,4611766870.9,1.21,1563.67
2025-04-14 17:00:00+00:00,long,buy,84300.0,,4609460987.46,-0.05,1563.62
2025-04-15 19:00:00+00:00,long,sell - direction_change,84300.0,84150.3,4598970772.87,-0.23,1563.4
2025-04-15 19:00:00+00:00,short,buy,84150.3,,4596671287.48,-0.05,1563.35
2025-04-16 10:00:00+00:00,short,sell - direction_change,84150.3,83550.9,4627114900.11,0.66,1564.01
2025-04-16 10:00:00+00:00,long,buy,83550.9,,4624801342.66,-0.05,1563.96
2025-04-16 12:00:00+00:00,long,sell - direction_change,83550.9,84008.4,4647812985.35,0.5,1564.46
2025-04-16 12:00:00+00:00,short,buy,84008.4,,4645489078.86,-0.05,1564.41
2025-04-16 13:00:00+00:00,short,sell - direction_change,84008.4,83712.3,4659540045.95,0.3,1564.71
2025-04-16 13:00:00+00:00,long,buy,83712.3,,4657210275.92,-0.05,1564.66
2025-04-17 14:00:00+00:00,long,sell - direction_change,83712.3,84436.8,4695188159.14,0.82,1565.47
2025-04-17 14:00:00+00:00,short,buy,84436.8,,4692840565.06,-0.05,1565.42
2025-04-17 15:00:00+00:00,short,sell - direction_change,84436.8,84050.0,4711991770.58,0.41,1565.83
2025-04-17 15:00:00+00:00,long,buy,84050.0,,4709635774.7,-0.05,1565.78
2025-04-18 04:00:00+00:00,long,sell - direction_change,84050.0,84790.4,4748768337.27,0.83,1566.61
2025-04-18 04:00:00+00:00,short,buy,84790.4,,4746393953.1,-0.05,1566.56
2025-04-18 08:00:00+00:00,short,sell - direction_change,84790.4,84622.9,4753397065.08,0.15,1566.71
2025-04-18 08:00:00+00:00,long,buy,84622.9,,4751020366.55,-0.05,1566.66
2025-04-18 09:00:00+00:00,long,sell - direction_change,84622.9,84610.8,4747965520.79,-0.06,1566.6
2025-04-18 09:00:00+00:00,short,buy,84610.8,,4745591538.03,-0.05,1566.55
2025-04-19 02:00:00+00:00,short,sell - direction_change,84610.8,84501.7,4749337866.97,0.08,1566.62
2025-04-19 02:00:00+00:00,long,buy,84501.7,,4746963198.04,-0.05,1566.57
2025-04-20 05:00:00+00:00,long,sell - direction_change,84501.7,85140.4,4780469295.13,0.71,1567.28
2025-04-20 05:00:00+00:00,short,buy,85140.4,,4778079060.48,-0.05,1567.23
2025-04-20 19:00:00+00:00,short,sell - direction_change,85140.4,84536.3,4809592111.62,0.66,1567.89
2025-04-20 19:00:00+00:00,long,buy,84536.3,,4807187315.56,-0.05,1567.84
2025-04-21 01:05:00+00:00,long,sell - take_profit,84536.3,87072.38900000001,4948999341.37,2.95,1570.79
2025-04-21 02:00:00+00:00,long,buy,87248.9,,4946524841.7,-0.05,1570.74
2025-04-21 17:05:00+00:00,long,sell - stop_loss,87248.9,86376.411,4894586330.86,-1.05,1569.69
2025-04-21 18:00:00+00:00,long,buy,86812.6,,4892139037.7,-0.05,1569.64
2025-04-22 13:08:00+00:00,long,sell - take_profit,86812.6,89416.978,5036457139.31,2.95,1572.59
2025-04-22 14:00:00+00:00,long,buy,90180.5,,5033938910.74,-0.05,1572.54
2025-04-22 21:49:00+00:00,long,sell - take_profit,90180.5,92885.91500000001,5182440108.61,2.95,1575.49
2025-04-22 22:00:00+00:00,long,buy,92974.2,,5179848888.55,-0.05,1575.44
2025-04-23 15:23:00+00:00,long,sell - stop_loss,92974.2,92044.458,5125460475.22,-1.05,1574.39
2025-04-23 16:00:00+00:00,long,buy,93140.3,,5122897744.99,-0.05,1574.34
2025-04-24 03:00:00+00:00,long,sell - direction_change,93140.3,93053.1,5115540126.43,-0.14,1574.2
2025-04-24 03:00:00+00:00,short,buy,93053.1,,5112982356.36,-0.05,1574.15
2025-04-24 13:00:00+00:00,short,sell - direction_change,93053.1,92723.3,5128547363.35,0.3,1574.45
2025-04-24 13:00:00+00:00,long,buy,92723.3,,5125983089.67,-0.05,1574.4
2025-04-25 14:46:00+00:00,long,sell - take_profit,92723.3,95504.99900000001,5277199590.82,2.95,1577.35
2025-04-25 15:00:00+00:00,long,buy,95338.4,,5274560991.02,-0.05,1577.3
2025-04-25 17:55:00+00:00,long,sell - stop_loss,95338.4,94385.01599999999,5219178100.62,-1.05,1576.25
2025-04-25 18:00:00+00:00,long,buy,94465.7,,5216568511.57,-0.05,1576.2
2025-04-26 07:00:00+00:00,long,sell - direction_change,94465.7,94588.5,5220741467.63,0.08,1576.28
2025-04-26 07:00:00+00:00,short,buy,94588.5,,5218131096.89,-0.05,1576.23
2025-04-26 21:00:00+00:00,short,sell - direction_change,94588.5,94043.1,5245609924.69,0.53,1576.76
2025-04-26 21:00:00+00:00,long,buy,94043.1,,5242987119.73,-0.05,1576.71
2025-04-27 01:00:00+00:00,long,sell - direction_change,94043.1,94825.3,5283973977.29,0.78,1577.49
2025-04-27 01:00:00+00:00,short,buy,94825.3,,5281331990.3,-0.05,1577.44
2025-04-27 18:00:00+00:00,short,sell - direction_change,94825.3,94000.1,5324651159.48,0.82,1578.26
2025-04-27 18:00:00+00:00,long,buy,94000.1,,5321988833.9,-0.05,1578.21
2025-04-27 22:00:00+00:00,long,sell - direction_change,94000.1,94289.3,5335701430.27,0.26,1578.47
2025-04-27 22:00:00+00:00,short,buy,94289.3,,5333033579.55,-0.05,1578.42
2025-04-28 05:00:00+00:00,short,sell - direction_change,94289.3,93981.9,5347753707.08,0.28,1578.69
2025-04-28 05:00:00+00:00,long,buy,93981.9,,5345079830.23,-0.05,1578.64
2025-04-28 17:00:00+00:00,long,sell - direction_change,93981.9,93677.4,5325089308.78,-0.37,1578.27
2025-04-28 17:00:00+00:00,short,buy,93677.4,,5322426764.13,-0.05,1578.22
2025-04-28 19:00:00+00:00,short,sell - direction_change,93677.4,94128.8,5294118559.68,-0.53,1577.69
2025-04-28 19:00:00+00:00,long,buy,94128.8,,5291471500.4,-0.05,1577.64
2025-04-29 23:00:00+00:00,long,sell - direction_change,94128.8,94106.1,5287549679.08,-0.07,1577.56
2025-04-29 23:00:00+00:00,short,buy,94106.1,,5284905904.24,-0.05,1577.51
2025-04-30 03:00:00+00:00,short,sell - direction_change,94106.1,94599.9,5254532129.56,-0.57,1576.94
2025-04-30 03:00:00+00:00,long,buy,94599.9,,5251904863.5,-0.05,1576.89
2025-04-30 06:00:00+00:00,long,sell - direction_change,94599.9,94855.9,5263491269.06,0.22,1577.11
2025-04-30 06:00:00+00:00,short,buy,94855.9,,5260859523.42,-0.05,1577.06
2025-04-30 09:00:00+00:00,short,sell - direction_change,94855.9,94660.0,5269094020.15,0.16,1577.22
2025-04-30 09:00:00+00:00,long,buy,94660.0,,5266459473.14,-0.05,1577.17
2025-04-30 12:00:00+00:00,long,sell - direction_change,94660.0,95126.4,5289774655.6,0.44,1577.61
2025-04-30 12:00:00+00:00,short,buy,95126.4,,5287129768.27,-0.05,1577.56
2025-04-30 20:00:00+00:00,short,sell - direction_change,95126.4,94118.2,5340522006.62,1.01,1578.57
2025-04-30 20:00:00+00:00,long,buy,94118.2,,5337851745.62,-0.05,1578.52
2025-04-30 22:00:00+00:00,long,sell - direction_change,94118.2,94383.0,5350200777.4,0.23,1578.75
2025-04-30 22:00:00+00:00,short,buy,94383.0,,5347525677.01,-0.05,1578.7
2025-05-01 00:00:00+00:00,short,sell - direction_change,94383.0,94125.2,5359458274.63,0.22,1578.92
2025-05-01 00:00:00+00:00,long,buy,94125.2,,5356778545.5,-0.05,1578.87
2025-05-01 15:05:00+00:00,long,sell - take_profit,94125.2,96948.956,5514803512.59,2.95,1581.82
2025-05-01 16:00:00+00:00,long,buy,96793.9,,5512046110.83,-0.05,1581.77
2025-05-02 21:00:00+00:00,long,sell - direction_change,96793.9,96962.8,5518908303.26,0.12,1581.9
2025-05-02 21:00:00+00:00,short,buy,96962.8,,5516148849.11,-0.05,1581.85
2025-05-02 23:00:00+00:00,short,sell - direction_change,96962.8,96607.6,5533597865.15,0.32,1582.16
2025-05-02 23:00:00+00:00,long,buy,96607.6,,5530831066.22,-0.05,1582.11
2025-05-03 00:00:00+00:00,long,sell - direction_change,96607.6,96831.2,5540866857.08,0.18,1582.29
2025-05-03 00:00:00+00:00,short,buy,96831.2,,5538096423.65,-0.05,1582.24
2025-05-03 02:00:00+00:00,short,sell - direction_change,96831.2,96457.7,5556689075.12,0.34,1582.58
2025-05-03 02:00:00+00:00,long,buy,96457.7,,5553910730.58,-0.05,1582.53
2025-05-03 03:00:00+00:00,long,sell - direction_change,96457.7,96482.4,5552555969.55,-0.02,1582.51
2025-05-03 03:00:00+00:00,short,buy,96482.4,,5549779691.57,-0.05,1582.46
2025-05-03 19:00:00+00:00,short,sell - direction_change,96482.4,96103.6,5568793817.62,0.34,1582.8
2025-05-03 19:00:00+00:00,long,buy,96103.6,,5566009420.71,-0.05,1582.75
2025-05-03 21:00:00+00:00,long,sell - direction_change,96103.6,96302.2,5574728685.12,0.16,1582.91
2025-05-03 21:00:00+00:00,short,buy,96302.2,,5571941320.78,-0.05,1582.86
2025-05-03 22:00:00+00:00,short,sell - direction_change,96302.2,96225.9,5573569985.74,0.03,1582.88
2025-05-03 22:00:00+00:00,long,buy,96225.9,,5570783200.75,-0.05,1582.83
2025-05-03 23:00:00+00:00,long,sell - direction_change,96225.9,96128.8,5562376421.89,-0.15,1582.68
2025-05-03 23:00:00+00:00,short,buy,96128.8,,5559595233.68,-0.05,1582.63
2025-05-04 20:00:00+00:00,short,sell - direction_change,96128.8,95534.0,5591215607.96,0.57,1583.2
2025-05-04 20:00:00+00:00,long,buy,95534.0,,5588420000.16,-0.05,1583.15
2025-05-04 22:00:00+00:00,long,sell - direction_change,95534.0,95622.6,5590808594.31,0.04,1583.2
2025-05-04 22:00:00+00:00,short,buy,95622.6,,5588013190.02,-0.05,1583.15
2025-05-05 18:00:00+00:00,short,sell - direction_change,95622.6,94458.6,5653241255.12,1.17,1584.31
2025-05-05 18:00:00+00:00,long,buy,94458.6,,5650414634.49,-0.05,1584.26
2025-05-05 19:00:00+00:00,long,sell - direction_change,94458.6,94675.8,5660582103.95,0.18,1584.44
2025-05-05 19:00:00+00:00,short,buy,94675.8,,5657751812.9,-0.05,1584.39
2025-05-05 21:00:00+00:00,short,sell - direction_change,94675.8,94198.3,5683457963.8,0.45,1584.85
2025-05-05 21:00:00+00:00,long,buy,94198.3,,5680616234.81,-0.05,1584.8
2025-05-06 05:00:00+00:00,long,sell - direction_change,94198.3,94540.7,5698424314.18,0.31,1585.11
2025-05-06 05:00:00+00:00,short,buy,94540.7,,5695575102.03,-0.05,1585.06
2025-05-06 06:00:00+00:00,short,sell - direction_change,94540.7,94300.0,5707228211.2,0.2,1585.27
2025-05-06 06:00:00+00:00,long,buy,94300.0,,5704374597.09,-0.05,1585.22
2025-05-06 07:00:00+00:00,long,sell - direction_change,94300.0,94464.0,5711443061.27,0.12,1585.34
2025-05-06 07:00:00+00:00,short,buy,94464.0,,5708587339.74,-0.05,1585.29
2025-05-06 15:00:00+00:00,short,sell - direction_change,94464.0,94097.4,5727887180.12,0.34,1585.63
2025-05-06 15:00:00+00:00,long,buy,94097.4,,5725023236.53,-0.05,1585.58
2025-05-06 16:00:00+00:00,long,sell - direction_change,94097.4,94513.2,5747458604.15,0.39,1585.97
2025-05-06 16:00:00+00:00,short,buy,94513.2,,5744584874.84,-0.05,1585.92
2025-05-06 17:00:00+00:00,short,sell - direction_change,94513.2,94186.3,5761581815.44,0.3,1586.21
2025-05-06 17:00:00+00:00,long,buy,94186.3,,5758701024.53,-0.05,1586.16
2025-05-07 00:07:00+00:00,long,sell - take_profit,94186.3,97011.88900000001,5928582704.76,2.95,1589.11
2025-05-07 01:00:00+00:00,long,buy,97379.5,,5925618413.4,-0.05,1589.06
2025-05-07 03:08:00+00:00,long,sell - stop_loss,97379.5,96405.705,5863399420.06,-1.05,1588.01
2025-05-07 04:00:00+00:00,long,buy,96453.8,,5860467720.35,-0.05,1587.96
2025-05-07 19:00:00+00:00,long,sell - direction_change,96453.8,96548.8,5863309622.31,0.05,1588.01
2025-05-07 19:00:00+00:00,short,buy,96548.8,,5860377967.5,-0.05,1587.96
2025-05-07 20:00:00+00:00,short,sell - direction_change,96548.8,96124.5,5883202198.78,0.39,1588.35
2025-05-07 20:00:00+00:00,long,buy,96124.5,,5880260597.68,-0.05,1588.3
2025-05-08 03:44:00+00:00,long,sell - take_profit,96124.5,99008.235,6053728285.31,2.95,1591.25
2025-05-08 04:00:00+00:00,long,buy,99098.0,,6050701421.17,-0.05,1591.2
2025-05-08 20:39:00+00:00,long,sell - take_profit,99098.0,102070.94,6229197113.09,2.95,1594.15
2025-05-08 21:00:00+00:00,long,buy,102576.8,,6226082514.54,-0.05,1594.1
2025-05-10 00:00:00+00:00,long,sell - direction_change,102576.8,102941.9,6245129871.4,0.31,1594.41
2025-05-10 00:00:00+00:00,short,buy,102941.9,,6242007306.47,-0.05,1594.36
2025-05-10 02:00:00+00:00,short,sell - direction_change,102941.9,102932.8,6239438092.38,-0.04,1594.32
2025-05-10 02:00:00+00:00,long,buy,102932.8,,6236318373.34,-0.05,1594.27
2025-05-10 17:00:00+00:00,long,sell - direction_change,102932.8,103390.6,6260936626.17,0.39,1594.66
2025-05-10 17:00:00+00:00,short,buy,103390.6,,6257806157.86,-0.05,1594.61
2025-05-10 21:00:00+00:00,short,sell - direction_change,103390.6,103144.9,6269548461.38,0.19,1594.8
2025-05-10 21:00:00+00:00,long,buy,103144.9,,6266413687.15,-0.05,1594.75
2025-05-11 07:00:00+00:00,long,sell - direction_change,103144.9,103809.2,6303639030.38,0.59,1595.34
2025-05-11 07:00:00+00:00,short,buy,103809.2,,6300487210.87,-0.05,1595.29
2025-05-11 08:00:00+00:00,short,sell - direction_change,103809.2,103327.8,6326554556.3,0.41,1595.71
2025-05-11 08:00:00+00:00,long,buy,103327.8,,6323391279.02,-0.05,1595.66
2025-05-11 22:00:00+00:00,long,sell - direction_change,103327.8,104314.2,6380594685.1,0.9,1596.56
2025-05-11 22:00:00+00:00,short,buy,104314.2,,6377404387.76,-0.05,1596.51
2025-05-11 23:00:00+00:00,short,sell - direction_change,104314.2,103749.1,6408763917.92,0.49,1597.0
2025-05-11 23:00:00+00:00,long,buy,103749.1,,6405559535.96,-0.05,1596.95
2025-05-12 01:00:00+00:00,long,sell - direction_change,103749.1,104541.4,6451274046.27,0.71,1597.67
2025-05-12 01:00:00+00:00,short,buy,104541.4,,6448048409.25,-0.05,1597.62
2025-05-12 03:00:00+00:00,short,sell - direction_change,104541.4,103851.9,6487352315.4,0.61,1598.23
2025-05-12 03:00:00+00:00,long,buy,103851.9,,6484108639.24,-0.05,1598.18
2025-05-12 04:00:00+00:00,long,sell - direction_change,103851.9,104064.0,6494109283.82,0.15,1598.33
2025-05-12 04:00:00+00:00,short,buy,104064.0,,6490862229.18,-0.05,1598.28
2025-05-12 06:00:00+00:00,short,sell - direction_change,104064.0,103906.4,6497446901.54,0.1,1598.38
2025-05-12 06:00:00+00:00,long,buy,103906.4,,6494198178.09,-0.05,1598.33
2025-05-12 11:00:00+00:00,long,sell - direction_change,103906.4,104471.8,6526288841.15,0.49,1598.83
2025-05-12 11:00:00+00:00,short,buy,104471.8,,6523025696.73,-0.05,1598.78
2025-05-12 13:00:00+00:00,short,sell - direction_change,104471.8,103828.9,6559905669.15,0.57,1599.34
2025-05-12 13:00:00+00:00,long,buy,103828.9,,6556625716.32,-0.05,1599.29
2025-05-12 14:00:00+00:00,long,sell - direction_change,103828.9,104283.2,6582035707.61,0.39,1599.68
2025-05-12 14:00:00+00:00,short,buy,104283.2,,6578744689.76,-0.05,1599.63
2025-05-12 18:43:00+00:00,short,sell - take_profit,104283.2,101154.704,6772817658.1,2.95,1602.58
2025-05-12 19:00:00+00:00,short,buy,101583.6,,6769431249.28,-0.05,1602.53
2025-05-12 20:41:00+00:00,short,sell - stop_loss,101583.6,102599.436,6698352221.16,-1.05,1601.48
2025-05-12 21:00:00+00:00,short,buy,102639.5,,6695003045.05,-0.05,1601.43
2025-05-13 04:00:00+00:00,short,sell - direction_change,102639.5,101681.3,6754157328.1,0.88,1602.31
2025-05-13 04:00:00+00:00,long,buy,101681.3,,6750780249.43,-0.05,1602.26
2025-05-13 19:37:00+00:00,long,sell - take_profit,101681.3,104731.739,6949928266.79,2.95,1605.21
2025-05-13 20:00:00+00:00,long,buy,104744.7,,6946453302.66,-0.05,1605.16
2025-05-14 01:52:00+00:00,long,sell - stop_loss,104744.7,103697.253,6873515542.98,-1.05,1604.11
2025-05-14 02:00:00+00:00,long,buy,103680.0,,6870078785.21,-0.05,1604.06
2025-05-14 08:00:00+00:00,long,sell - direction_change,103680.0,103662.2,6865464276.27,-0.07,1604.0
2025-05-14 08:00:00+00:00,short,buy,103662.2,,6862031544.13,-0.05,1603.95
2025-05-14 11:00:00+00:00,short,sell - direction_change,103662.2,103663.4,6858521093.06,-0.05,1603.9
2025-05-14 11:00:00+00:00,long,buy,103663.4,,6855091832.52,-0.05,1603.85
2025-05-14 14:00:00+00:00,long,sell - direction_change,103663.4,103913.7,6868216218.0,0.19,1604.04
2025-05-14 14:00:00+00:00,short,buy,103913.7,,6864782109.89,-0.05,1603.99
2025-05-14 18:00:00+00:00,short,sell - direction_change,103913.7,103208.2,6907956699.23,0.63,1604.62
2025-05-14 18:00:00+00:00,long,buy,103208.2,,6904502720.88,-0.05,1604.57
2025-05-14 19:00:00+00:00,long,sell - direction_change,103208.2,103474.5,6918865614.78,0.21,1604.77
2025-05-14 19:00:00+00:00,short,buy,103474.5,,6915406181.97,-0.05,1604.72
2025-05-15 00:00:00+00:00,short,sell - direction_change,103474.5,103458.1,6913044523.43,-0.03,1604.69
2025-05-15 00:00:00+00:00,long,buy,103458.1,,6909588001.16,-0.05,1604.64
2025-05-15 01:00:00+00:00,long,sell - direction_change,103458.1,103746.0,6925360994.89,0.23,1604.87
2025-05-15 01:00:00+00:00,short,buy,103746.0,,6921898314.39,-0.05,1604.82
2025-05-15 15:00:00+00:00,short,sell - direction_change,103746.0,101931.9,7039473508.63,1.7,1606.52
2025-05-15 15:00:00+00:00,long,buy,101931.9,,7035953771.87,-0.05,1606.47
2025-05-16 14:00:00+00:00,long,sell - direction_change,101931.9,103953.7,7171992610.23,1.93,1608.4
2025-05-16 14:00:00+00:00,short,buy,103953.7,,7168406613.93,-0.05,1608.35
2025-05-16 15:00:00+00:00,short,sell - direction_change,103953.7,103540.0,7193350205.36,0.35,1608.7
2025-05-16 15:00:00+00:00,long,buy,103540.0,,7189753530.26,-0.05,1608.65
2025-05-16 20:00:00+00:00,long,sell - direction_change,103540.0,103974.3,7216316176.75,0.37,1609.02
2025-05-16 20:00:00+00:00,short,buy,103974.3,,7212708018.66,-0.05,1608.97
2025-05-17 20:00:00+00:00,short,sell - direction_change,103974.3,103100.1,7269745009.69,0.79,1609.76
2025-05-17 20:00:00+00:00,long,buy,103100.1,,7266110137.19,-0.05,1609.71
2025-05-17 22:00:00+00:00,long,sell - direction_change,103100.1,103202.0,7269658613.69,0.05,1609.76
2025-05-17 22:00:00+00:00,short,buy,103202.0,,7266023784.38,-0.05,1609.71
2025-05-17 23:00:00+00:00,short,sell - direction_change,103202.0,102981.3,7277929341.99,0.16,1609.87
2025-05-17 23:00:00+00:00,long,buy,102981.3,,7274290377.31,-0.05,1609.82
2025-05-18 23:50:00+00:00,long,sell - take_profit,102981.3,106070.739,7488881943.45,2.95,1612.77
2025-05-19 00:00:00+00:00,long,buy,106407.5,,7485137502.47,-0.05,1612.72
2025-05-19 00:45:00+00:00,long,sell - stop_loss,106407.5,105343.425,7406543558.7,-1.05,1611.67
2025-05-19 01:00:00+00:00,long,buy,105225.2,,7402840286.92,-0.05,1611.62
2025-05-19 03:00:00+00:00,long,sell - direction_change,105225.2,104610.4,7355886240.9,-0.63,1610.99
2025-05-19 03:00:00+00:00,short,buy,104610.4,,7352208297.78,-0.05,1610.94
2025-05-19 05:00:00+00:00,short,sell - direction_change,104610.4,102960.1,7464518265.32,1.53,1612.46
2025-05-19 05:00:00+00:00,long,buy,102960.1,,7460786006.19,-0.05,1612.41
2025-05-19 06:00:00+00:00,long,sell - direction_change,102960.1,102990.7,7459272977.5,-0.02,1612.39
2025-05-19 06:00:00+00:00,short,buy,102990.7,,7455543341.01,-0.05,1612.34
2025-05-19 14:00:00+00:00,short,sell - direction_change,102990.7,103239.8,7433783107.71,-0.29,1612.05
2025-05-19 14:00:00+00:00,long,buy,103239.8,,7430066216.15,-0.05,1612.0
2025-05-20 00:18:00+00:00,long,sell - take_profit,103239.8,106336.994,7649253169.53,2.95,1614.95
2025-05-20 01:00:00+00:00,long,buy,105674.8,,7645428542.95,-0.05,1614.9
2025-05-20 12:00:00+00:00,long,sell - direction_change,105674.8,105159.3,7604310102.41,-0.54,1614.36
2025-05-20 12:00:00+00:00,short,buy,105159.3,,7600507947.36,-0.05,1614.31
2025-05-20 15:00:00+00:00,short,sell - direction_change,105159.3,104469.2,7646585455.36,0.61,1614.92
2025-05-20 15:00:00+00:00,long,buy,104469.2,,7642762162.63,-0.05,1614.87
2025-05-20 16:00:00+00:00,long,sell - direction_change,104469.2,105294.5,7699318113.94,0.74,1615.61
2025-05-20 16:00:00+00:00,short,buy,105294.5,,7695468454.88,-0.05,1615.56
2025-05-20 17:00:00+00:00,short,sell - direction_change,105294.5,105159.6,7701479912.68,0.08,1615.64
2025-05-20 17:00:00+00:00,long,buy,105159.6,,7697629172.72,-0.05,1615.59
2025-05-20 18:00:00+00:00,long,sell - direction_change,105159.6,106153.6,7766540651.99,0.9,1616.48
2025-05-20 18:00:00+00:00,short,buy,106153.6,,7762657381.66,-0.05,1616.43
2025-05-20 19:00:00+00:00,short,sell - direction_change,106153.6,105242.5,7825401745.74,0.81,1617.24
2025-05-20 19:00:00+00:00,long,buy,105242.5,,7821489044.87,-0.05,1617.19
2025-05-21 14:52:00+00:00,long,sell - take_profit,105242.5,108399.77500000001,8052222971.7,2.95,1620.14
2025-05-21 15:00:00+00:00,long,buy,108963.0,,8048196860.21,-0.05,1620.09
2025-05-21 17:25:00+00:00,long,sell - stop_loss,108963.0,107873.37,7963690793.18,-1.05,1619.04
2025-05-21 18:00:00+00:00,long,buy,106566.9,,7959708947.78,-0.05,1618.99
2025-05-21 23:23:00+00:00,long,sell - take_profit,106566.9,109763.90699999999,8194520361.74,2.95,1621.94
2025-05-22 00:00:00+00:00,long,buy,109609.6,,8190423101.56,-0.05,1621.89
2025-05-23 04:00:00+00:00,long,sell - direction_change,109609.6,111044.0,8293511411.31,1.26,1623.15
2025-05-23 04:00:00+00:00,short,buy,111044.0,,8289364655.61,-0.05,1623.1
2025-05-23 09:00:00+00:00,short,sell - direction_change,111044.0,110890.1,8296708511.34,0.09,1623.19
2025-05-23 09:00:00+00:00,long,buy,110890.1,,8292560157.09,-0.05,1623.14
2025-05-23 10:00:00+00:00,long,sell - direction_change,110890.1,111282.2,8317735816.82,0.3,1623.44
2025-05-23 10:00:00+00:00,short,buy,111282.2,,8313576948.91,-0.05,1623.39
2025-05-23 12:13:00+00:00,short,sell - take_profit,111282.2,107943.734,8558827468.9,2.95,1626.34
2025-05-23 13:00:00+00:00,short,buy,108401.1,,8554548055.17,-0.05,1626.29
2025-05-23 13:35:00+00:00,short,sell - stop_loss,108401.1,109485.111,8464725300.59,-1.05,1625.24
2025-05-23 14:00:00+00:00,short,buy,109603.4,,8460492937.94,-0.05,1625.19
2025-05-24 00:00:00+00:00,short,sell - direction_change,109603.4,107271.6,8636258726.56,2.08,1627.27
2025-05-24 00:00:00+00:00,long,buy,107271.6,,8631940597.2,-0.05,1627.22
2025-05-24 01:00:00+00:00,long,sell - direction_change,107271.6,107325.2,8631937716.44,-0.0,1627.22
2025-05-24 01:00:00+00:00,short,buy,107325.2,,8627621747.58,-0.05,1627.17
2025-05-24 04:00:00+00:00,short,sell - direction_change,107325.2,108306.7,8544407447.86,-0.96,1626.21
2025-05-24 04:00:00+00:00,long,buy,108306.7,,8540135244.14,-0.05,1626.16
2025-05-24 05:00:00+00:00,long,sell - direction_change,108306.7,108438.4,8546249906.29,0.07,1626.23
2025-05-24 05:00:00+00:00,short,buy,108438.4,,8541976781.33,-0.05,1626.18
2025-05-24 08:00:00+00:00,short,sell - direction_change,108438.4,107550.7,8607632246.94,0.77,1626.95
2025-05-24 08:00:00+00:00,long,buy,107550.7,,8603328430.81,-0.05,1626.9
2025-05-24 22:00:00+00:00,long,sell - direction_change,107550.7,108788.5,8698042393.01,1.1,1628.0
2025-05-24 22:00:00+00:00,short,buy,108788.5,,8693693371.81,-0.05,1627.95
2025-05-25 18:00:00+00:00,short,sell - direction_change,108788.5,107323.1,8806452085.62,1.3,1629.24
2025-05-25 18:00:00+00:00,long,buy,107323.1,,8802048859.57,-0.05,1629.19
2025-05-27 00:00:00+00:00,long,sell - direction_change,107323.1,109386.8,8966901129.46,1.87,1631.07
2025-05-27 00:00:00+00:00,short,buy,109386.8,,8962417678.9,-0.05,1631.02
2025-05-27 07:00:00+00:00,short,sell - direction_change,109386.8,108780.7,9007596222.01,0.5,1631.52
2025-05-27 07:00:00+00:00,long,buy,108780.7,,9003092423.9,-0.05,1631.47
2025-05-27 21:00:00+00:00,long,sell - direction_change,108780.7,109493.4,9057576561.46,0.61,1632.08
2025-05-27 21:00:00+00:00,short,buy,109493.4,,9053047773.18,-0.05,1632.03
2025-05-27 23:00:00+00:00,short,sell - direction_change,109493.4,108960.6,9092573802.72,0.44,1632.46
2025-05-27 23:00:00+00:00,long,buy,108960.6,,9088027515.82,-0.05,1632.41
2025-05-28 00:00:00+00:00,long,sell - direction_change,108960.6,108889.2,9077528274.53,-0.12,1632.3
2025-05-28 00:00:00+00:00,short,buy,108889.2,,9072989510.4,-0.05,1632.25
2025-05-28 02:00:00+00:00,short,sell - direction_change,108889.2,108623.2,9090616969.55,0.19,1632.44
2025-05-28 02:00:00+00:00,long,buy,108623.2,,9086071661.06,-0.05,1632.39
2025-05-28 03:00:00+00:00,long,sell - direction_change,108623.2,108576.6,9077630646.35,-0.09,1632.3
2025-05-28 03:00:00+00:00,short,buy,108576.6,,9073091831.03,-0.05,1632.25
2025-05-28 11:00:00+00:00,short,sell - direction_change,108576.6,108786.3,9051031920.44,-0.24,1632.01
2025-05-28 11:00:00+00:00,long,buy,108786.3,,9046506404.48,-0.05,1631.96
2025-05-28 13:00:00+00:00,long,sell - direction_change,108786.3,108833.0,9045866653.6,-0.01,1631.95
2025-05-28 13:00:00+00:00,short,buy,108833.0,,9041343720.28,-0.05,1631.9
2025-05-29 00:00:00+00:00,short,sell - direction_change,108833.0,107723.1,9129028421.74,0.97,1632.87
2025-05-29 00:00:00+00:00,long,buy,107723.1,,9124463907.53,-0.05,1632.82
2025-05-29 04:00:00+00:00,long,sell - direction_change,107723.1,107996.5,9143059460.98,0.2,1633.02
2025-05-29 04:00:00+00:00,short,buy,107996.5,,9138487931.25,-0.05,1632.97
2025-05-29 05:00:00+00:00,short,sell - direction_change,107996.5,107516.2,9174560890.99,0.39,1633.37
2025-05-29 05:00:00+00:00,long,buy,107516.2,,9169973610.55,-0.05,1633.32
2025-05-29 14:34:00+00:00,long,sell - stop_loss,107516.2,106441.038,9073688887.64,-1.05,1632.27
2025-05-29 15:00:00+00:00,short,buy,107571.1,,9069152043.19,-0.05,1632.22
2025-05-30 05:00:00+00:00,short,sell - direction_change,107571.1,106064.9,9191602845.29,1.35,1633.57
2025-05-30 05:00:00+00:00,long,buy,106064.9,,9187007043.86,-0.05,1633.52
2025-05-30 06:00:00+00:00,long,sell - direction_change,106064.9,106028.0,9179217378.75,-0.08,1633.43
2025-05-30 06:00:00+00:00,short,buy,106028.0,,9174627770.06,-0.05,1633.38
2025-05-30 11:00:00+00:00,short,sell - direction_change,106028.0,105863.4,9184283332.87,0.11,1633.49
2025-05-30 11:00:00+00:00,long,buy,105863.4,,9179691191.21,-0.05,1633.44
2025-05-30 12:00:00+00:00,long,sell - direction_change,105863.4,105827.4,9171979691.83,-0.08,1633.35
2025-05-30 12:00:00+00:00,short,buy,105827.4,,9167393701.98,-0.05,1633.3
2025-05-30 15:00:00+00:00,short,sell - direction_change,105827.4,105307.3,9207864135.39,0.44,1633.74
2025-05-30 15:00:00+00:00,long,buy,105307.3,,9203260203.32,-0.05,1633.69
2025-05-30 16:00:00+00:00,long,sell - direction_change,105307.3,105504.0,9215849036.58,0.14,1633.83
2025-05-30 16:00:00+00:00,short,buy,105504.0,,9211241112.06,-0.05,1633.78
2025-05-31 12:00:00+00:00,short,sell - direction_change,105504.0,103460.9,9385012488.74,1.89,1635.67
2025-05-31 12:00:00+00:00,long,buy,103460.9,,9380319982.49,-0.05,1635.62
2025-06-01 09:00:00+00:00,long,sell - direction_change,103460.9,104342.7,9455578538.98,0.8,1636.42
2025-06-01 09:00:00+00:00,short,buy,104342.7,,9450850749.71,-0.05,1636.37
2025-06-01 14:00:00+00:00,short,sell - direction_change,104342.7,104215.9,9457610247.33,0.07,1636.44
2025-06-01 14:00:00+00:00,long,buy,104215.9,,9452881442.21,-0.05,1636.39
2025-06-02 03:00:00+00:00,long,sell - direction_change,104215.9,104986.9,9518088395.45,0.69,1637.08
2025-06-02 03:00:00+00:00,short,buy,104986.9,,9513329351.26,-0.05,1637.03
2025-06-02 04:00:00+00:00,short,sell - direction_change,104986.9,104781.8,9527157708.62,0.15,1637.18
2025-06-02 04:00:00+00:00,long,buy,104781.8,,9522394129.76,-0.05,1637.13
2025-06-02 09:00:00+00:00,long,sell - direction_change,104781.8,105290.1,9563826383.62,0.44,1637.56
2025-06-02 09:00:00+00:00,short,buy,105290.1,,9559044470.43,-0.05,1637.51
2025-06-02 20:00:00+00:00,short,sell - direction_change,105290.1,104366.5,9638116454.39,0.83,1638.34
2025-06-02 20:00:00+00:00,long,buy,104366.5,,9633297396.17,-0.05,1638.29
2025-06-03 23:00:00+00:00,long,sell - direction_change,104366.5,105686.6,9750329385.61,1.21,1639.5
2025-06-03 23:00:00+00:00,short,buy,105686.6,,9745454220.92,-0.05,1639.45
2025-06-04 09:00:00+00:00,short,sell - direction_change,105686.6,105391.7,9767774481.85,0.23,1639.68
2025-06-04 09:00:00+00:00,long,buy,105391.7,,9762890594.61,-0.05,1639.63
2025-06-04 11:00:00+00:00,long,sell - direction_change,105391.7,105650.3,9781964389.69,0.2,1639.83
2025-06-04 11:00:00+00:00,short,buy,105650.3,,9777073407.5,-0.05,1639.78
2025-06-04 16:00:00+00:00,short,sell - direction_change,105650.3,105254.7,9808794423.63,0.32,1640.1
2025-06-04 16:00:00+00:00,long,buy,105254.7,,9803890026.42,-0.05,1640.05
2025-06-04 17:00:00+00:00,long,sell - direction_change,105254.7,105408.8,9813341639.52,0.1,1640.15
2025-06-04 17:00:00+00:00,short,buy,105408.8,,9808434968.7,-0.05,1640.1
2025-06-05 04:00:00+00:00,short,sell - direction_change,105408.8,104991.5,9842361094.72,0.35,1640.45
2025-06-05 04:00:00+00:00,long,buy,104991.5,,9837439914.17,-0.05,1640.4
2025-06-05 05:00:00+00:00,long,sell - direction_change,104991.5,105134.6,9845929304.89,0.09,1640.48
2025-06-05 05:00:00+00:00,short,buy,105134.6,,9841006340.23,-0.05,1640.43
2025-06-05 09:00:00+00:00,short,sell - direction_change,105134.6,104629.9,9883327714.62,0.43,1640.86
2025-06-05 09:00:00+00:00,long,buy,104629.9,,9878386050.76,-0.05,1640.81
2025-06-05 10:00:00+00:00,long,sell - direction_change,104629.9,104854.9,9894689703.82,0.17,1640.98
2025-06-05 10:00:00+00:00,short,buy,104854.9,,9889742358.97,-0.05,1640.93
2025-06-05 12:00:00+00:00,short,sell - direction_change,104854.9,104772.7,9892550457.1,0.03,1640.96
2025-06-05 12:00:00+00:00,long,buy,104772.7,,9887604181.87,-0.05,1640.91
2025-06-05 13:00:00+00:00,long,sell - direction_change,104772.7,105600.7,9960800355.77,0.74,1641.65
2025-06-05 13:00:00+00:00,short,buy,105600.7,,9955819955.59,-0.05,1641.6
2025-06-05 19:15:00+00:00,short,sell - take_profit,105600.7,102432.67899999999,10249516644.28,2.95,1644.55
2025-06-05 20:00:00+00:00,short,buy,101873.0,,10244391885.96,-0.05,1644.5
2025-06-06 05:00:00+00:00,short,sell - direction_change,101873.0,102726.4,10153451425.75,-0.89,1643.61
2025-06-06 05:00:00+00:00,long,buy,102726.4,,10148374700.04,-0.05,1643.56
2025-06-07 18:30:00+00:00,long,sell - take_profit,102726.4,105808.192,10447751753.69,2.95,1646.51
2025-06-07 19:00:00+00:00,long,buy,105574.8,,10442527877.81,-0.05,1646.46
2025-06-08 09:00:00+00:00,long,sell - direction_change,105574.8,105327.0,10412796423.87,-0.28,1646.17
2025-06-08 09:00:00+00:00,short,buy,105327.0,,10407590025.65,-0.05,1646.12
2025-06-08 11:00:00+00:00,short,sell - direction_change,105327.0,105298.4,10405212258.87,-0.02,1646.1
2025-06-08 11:00:00+00:00,long,buy,105298.4,,10400009652.74,-0.05,1646.05
2025-06-09 00:00:00+00:00,long,sell - direction_change,105298.4,105676.5,10432153459.87,0.31,1646.36
2025-06-09 00:00:00+00:00,short,buy,105676.5,,10426937383.14,-0.05,1646.31
2025-06-09 08:00:00+00:00,short,sell - direction_change,105676.5,105516.7,10437491134.16,0.1,1646.41
2025-06-09 08:00:00+00:00,long,buy,105516.7,,10432272388.6,-0.05,1646.36
2025-06-09 19:24:00+00:00,long,sell - take_profit,105516.7,108682.201,10740024424.06,2.95,1649.31
2025-06-09 20:00:00+00:00,long,buy,108515.1,,10734654411.85,-0.05,1649.26
2025-06-10 14:00:00+00:00,long,sell - direction_change,108515.1,109266.9,10803657501.17,0.64,1649.9
2025-06-10 14:00:00+00:00,short,buy,109266.9,,10798255672.42,-0.05,1649.85
2025-06-10 18:00:00+00:00,short,sell - direction_change,109266.9,108668.0,10852042586.49,0.5,1650.35
2025-06-10 18:00:00+00:00,long,buy,108668.0,,10846616565.2,-0.05,1650.3
2025-06-11 07:00:00+00:00,long,sell - direction_change,108668.0,109555.6,10929788398.66,0.77,1651.07
2025-06-11 07:00:00+00:00,short,buy,109555.6,,10924323504.46,-0.05,1651.02
2025-06-11 08:00:00+00:00,short,sell - direction_change,109555.6,109396.9,10934686094.16,0.09,1651.11
2025-06-11 08:00:00+00:00,long,buy,109396.9,,10929218751.11,-0.05,1651.06
2025-06-11 09:00:00+00:00,long,sell - direction_change,109396.9,109522.0,10936252167.42,0.06,1651.13
2025-06-11 09:00:00+00:00,short,buy,109522.0,,10930784041.34,-0.05,1651.08
2025-06-11 12:00:00+00:00,short,sell - direction_change,109522.0,109200.1,10957445704.91,0.24,1651.32
2025-06-11 12:00:00+00:00,long,buy,109200.1,,10951966982.06,-0.05,1651.27
2025-06-11 17:00:00+00:00,long,sell - direction_change,109200.1,109399.8,10966519439.99,0.13,1651.4
2025-06-11 17:00:00+00:00,short,buy,109399.8,,10961036180.27,-0.05,1651.35
2025-06-12 17:00:00+00:00,short,sell - direction_change,109399.8,107686.2,11127245478.79,1.52,1652.87
2025-06-12 17:00:00+00:00,long,buy,107686.2,,11121681856.05,-0.05,1652.82
2025-06-12 19:00:00+00:00,long,sell - direction_change,107686.2,107520.4,11098997420.34,-0.2,1652.62
2025-06-12 19:00:00+00:00,short,buy,107520.4,,11093447921.63,-0.05,1652.57
2025-06-13 00:10:00+00:00,short,sell - take_profit,107520.4,104294.78799999999,11420704635.32,2.95,1655.52
2025-06-13 01:00:00+00:00,short,buy,103733.7,,11414994283.0,-0.05,1655.47
2025-06-13 07:29:00+00:00,short,sell - stop_loss,103733.7,104771.037,11295136843.03,-1.05,1654.42
2025-06-13 08:00:00+00:00,short,buy,104831.4,,11289489274.61,-0.05,1654.37
2025-06-13 10:00:00+00:00,short,sell - direction_change,104831.4,104776.0,11289810659.45,0.0,1654.37
2025-06-13 10:00:00+00:00,long,buy,104776.0,,11284165754.12,-0.05,1654.32
2025-06-14 07:00:00+00:00,long,sell - direction_change,104776.0,105053.7,11308431406.13,0.22,1654.53
2025-06-14 07:00:00+00:00,short,buy,105053.7,,11302777190.42,-0.05,1654.48
2025-06-14 21:00:00+00:00,short,sell - direction_change,105053.7,104833.4,11320827982.86,0.16,1654.64
2025-06-14 21:00:00+00:00,long,buy,104833.4,,11315167568.86,-0.05,1654.59
2025-06-15 09:00:00+00:00,long,sell - direction_change,104833.4,105149.7,11343649748.76,0.25,1654.85
2025-06-15 09:00:00+00:00,short,buy,105149.7,,11337977923.89,-0.05,1654.8
2025-06-15 12:00:00+00:00,short,sell - direction_change,105149.7,104924.6,11356580795.24,0.16,1654.96
2025-06-15 12:00:00+00:00,long,buy,104924.6,,11350902504.84,-0.05,1654.91
2025-06-15 20:00:00+00:00,long,sell - direction_change,104924.6,105251.9,11380634864.44,0.26,1655.17
2025-06-15 20:00:00+00:00,short,buy,105251.9,,11374944547.0,-0.05,1655.12
2025-06-15 23:00:00+00:00,short,sell - direction_change,105251.9,105210.2,11373763741.0,-0.01,1655.11
2025-06-15 23:00:00+00:00,long,buy,105210.2,,11368076859.13,-0.05,1655.06
2025-06-16 19:05:00+00:00,long,sell - take_profit,105210.2,108366.506,11703435126.48,2.95,1658.01
2025-06-16 20:00:00+00:00,long,buy,108594.2,,11697583408.91,-0.05,1657.96
2025-06-16 22:44:00+00:00,long,sell - stop_loss,108594.2,107508.258,11574758783.12,-1.05,1656.91
2025-06-16 23:00:00+00:00,long,buy,107645.5,,11568971403.73,-0.05,1656.86
2025-06-17 00:02:00+00:00,long,sell - stop_loss,107645.5,106569.045,11447497203.99,-1.05,1655.81
2025-06-17 01:00:00+00:00,long,buy,107206.5,,11441773455.39,-0.05,1655.76
2025-06-17 05:00:00+00:00,long,sell - direction_change,107206.5,107286.9,11444633378.46,0.02,1655.79
2025-06-17 05:00:00+00:00,short,buy,107286.9,,11438911061.77,-0.05,1655.74
2025-06-17 06:00:00+00:00,short,sell - direction_change,107286.9,107077.0,11455571108.6,0.15,1655.88
2025-06-17 06:00:00+00:00,long,buy,107077.0,,11449843323.04,-0.05,1655.83
2025-06-17 07:00:00+00:00,long,sell - direction_change,107077.0,106793.3,11413782096.19,-0.31,1655.52
2025-06-17 07:00:00+00:00,short,buy,106793.3,,11408075205.15,-0.05,1655.47
2025-06-17 16:50:00+00:00,short,sell - take_profit,106793.3,103589.501,11744613423.7,2.95,1658.42
2025-06-17 17:00:00+00:00,short,buy,103574.2,,11738741116.99,-0.05,1658.37
2025-06-17 19:02:00+00:00,short,sell - stop_loss,103574.2,104609.942,11615484335.26,-1.05,1657.32
2025-06-17 20:00:00+00:00,short,buy,104630.5,,11609676593.09,-0.05,1657.27
2025-06-18 01:00:00+00:00,short,sell - direction_change,104630.5,104787.3,11586473412.15,-0.2,1657.07
2025-06-18 01:00:00+00:00,long,buy,104787.3,,11580680175.45,-0.05,1657.02
2025-06-18 09:00:00+00:00,long,sell - direction_change,104787.3,104905.2,11587919679.55,0.06,1657.08
2025-06-18 09:00:00+00:00,short,buy,104905.2,,11582125719.71,-0.05,1657.03
2025-06-18 11:00:00+00:00,short,sell - direction_change,104905.2,104218.9,11652106047.42,0.6,1657.63
2025-06-18 11:00:00+00:00,long,buy,104218.9,,11646279994.39,-0.05,1657.58
2025-06-18 12:00:00+00:00,long,sell - direction_change,104218.9,104791.1,11704399204.71,0.5,1658.08
2025-06-18 12:00:00+00:00,short,buy,104791.1,,11698547005.11,-0.05,1658.03
2025-06-18 14:00:00+00:00,short,sell - direction_change,104791.1,104400.2,11736336571.39,0.32,1658.36
2025-06-18 14:00:00+00:00,long,buy,104400.2,,11730468403.11,-0.05,1658.31
2025-06-18 16:00:00+00:00,long,sell - direction_change,104400.2,104744.2,11763255212.97,0.28,1658.59
2025-06-18 16:00:00+00:00,short,buy,104744.2,,11757373585.36,-0.05,1658.54
2025-06-18 20:00:00+00:00,short,sell - direction_change,104744.2,103773.3,11860476913.94,0.88,1659.41
2025-06-18 20:00:00+00:00,long,buy,103773.3,,11854546675.48,-0.05,1659.36
2025-06-19 01:00:00+00:00,long,sell - direction_change,103773.3,104899.9,11977316593.85,1.04,1660.4
2025-06-19 01:00:00+00:00,short,buy,104899.9,,11971327935.56,-0.05,1660.35
2025-06-19 02:00:00+00:00,short,sell - direction_change,104899.9,104557.8,12004383217.16,0.28,1660.62
2025-06-19 02:00:00+00:00,long,buy,104557.8,,11998381025.56,-0.05,1660.57
2025-06-19 13:00:00+00:00,long,sell - direction_change,104557.8,104697.9,12008458810.47,0.08,1660.66
2025-06-19 13:00:00+00:00,short,buy,104697.9,,12002454581.07,-0.05,1660.61
2025-06-19 22:00:00+00:00,short,sell - direction_change,104697.9,104275.6,12044865371.3,0.35,1660.96
2025-06-19 22:00:00+00:00,long,buy,104275.6,,12038842938.62,-0.05,1660.91
2025-06-20 04:00:00+00:00,long,sell - direction_change,104275.6,104555.0,12065080849.8,0.22,1661.13
2025-06-20 04:00:00+00:00,short,buy,104555.0,,12059048309.38,-0.05,1661.08
2025-06-20 05:00:00+00:00,short,sell - direction_change,104555.0,104219.3,12091737378.48,0.27,1661.35
2025-06-20 05:00:00+00:00,long,buy,104219.3,,12085691509.79,-0.05,1661.3
2025-06-20 16:00:00+00:00,long,sell - direction_change,104219.3,104168.5,12073757690.59,-0.1,1661.2
2025-06-20 16:00:00+00:00,short,buy,104168.5,,12067720811.74,-0.05,1661.15
2025-06-21 03:00:00+00:00,short,sell - direction_change,104168.5,103448.8,12145062815.14,0.64,1661.79
2025-06-21 03:00:00+00:00,long,buy,103448.8,,12138990283.73,-0.05,1661.74
2025-06-21 04:00:00+00:00,long,sell - direction_change,103448.8,103434.6,12131254518.3,-0.06,1661.68
2025-06-21 04:00:00+00:00,short,buy,103434.6,,12125188891.04,-0.05,1661.63
2025-06-21 05:00:00+00:00,short,sell - direction_change,103434.6,103339.4,12130286179.09,0.04,1661.67
2025-06-21 05:00:00+00:00,long,buy,103339.4,,12124221036.0,-0.05,1661.62
2025-06-21 06:00:00+00:00,long,sell - direction_change,103339.4,103371.4,12121913302.55,-0.02,1661.6
2025-06-21 06:00:00+00:00,short,buy,103371.4,,12115852345.9,-0.05,1661.55
2025-06-21 08:00:00+00:00,short,sell - direction_change,103371.4,103402.1,12106196164.62,-0.08,1661.47
2025-06-21 08:00:00+00:00,long,buy,103402.1,,12100143066.54,-0.05,1661.42
2025-06-21 16:00:00+00:00,long,sell - direction_change,103402.1,103516.7,12107503519.51,0.06,1661.48
2025-06-21 16:00:00+00:00,short,buy,103516.7,,12101449767.75,-0.05,1661.43
2025-06-22 02:00:00+00:00,short,sell - direction_change,103516.7,102360.0,12230621156.27,1.07,1662.5
2025-06-22 02:00:00+00:00,long,buy,102360.0,,12224505845.69,-0.05,1662.45
2025-06-22 03:00:00+00:00,long,sell - direction_change,102360.0,102310.0,12212422263.22,-0.1,1662.35
2025-06-22 03:00:00+00:00,short,buy,102310.0,,12206316052.09,-0.05,1662.3
2025-06-22 05:00:00+00:00,short,sell - direction_change,102310.0,102508.5,12176530421.81,-0.24,1662.06
2025-06-22 05:00:00+00:00,long,buy,102508.5,,12170442156.6,-0.05,1662.01
2025-06-22 09:00:00+00:00,long,sell - direction_change,102508.5,102673.1,12183899264.0,0.11,1662.12
2025-06-22 09:00:00+00:00,short,buy,102673.1,,12177807314.37,-0.05,1662.07
2025-06-22 10:00:00+00:00,short,sell - direction_change,102673.1,102158.1,12232801311.36,0.45,1662.52
2025-06-22 10:00:00+00:00,long,buy,102158.1,,12226684910.71,-0.05,1662.47
2025-06-22 13:00:00+00:00,long,sell - direction_change,102158.1,102709.0,12286505456.19,0.49,1662.96
2025-06-22 13:00:00+00:00,short,buy,102709.0,,12280362203.46,-0.05,1662.91
2025-06-22 14:24:00+00:00,short,sell - take_profit,102709.0,99627.73,12642632888.46,2.95,1665.86
2025-06-22 15:00:00+00:00,short,buy,99584.2,,12636311572.02,-0.05,1665.81
2025-06-22 22:00:00+00:00,short,sell - direction_change,99584.2,99136.0,12686865840.24,0.4,1666.21
2025-06-22 22:00:00+00:00,long,buy,99136.0,,12680522407.32,-0.05,1666.16
2025-06-23 07:10:00+00:00,long,sell - take_profit,99136.0,102110.08,13054597818.33,2.95,1669.11
2025-06-23 08:00:00+00:00,long,buy,101874.4,,13048070519.42,-0.05,1669.06
2025-06-23 13:31:00+00:00,long,sell - stop_loss,101874.4,100855.65599999999,12911065778.97,-1.05,1668.01
2025-06-23 14:00:00+00:00,long,buy,102306.1,,12904610246.08,-0.05,1667.96
2025-06-23 15:52:00+00:00,long,sell - stop_loss,102306.1,101283.039,12769111838.5,-1.05,1666.91
2025-06-23 16:00:00+00:00,long,buy,101369.6,,12762727282.58,-0.05,1666.86
2025-06-23 16:26:00+00:00,long,sell - stop_loss,101369.6,100355.90400000001,12628718646.11,-1.05,1665.81
2025-06-23 17:00:00+00:00,long,buy,100643.0,,12622404286.79,-0.05,1665.76
2025-06-23 20:20:00+00:00,long,sell - take_profit,100643.0,103662.29000000001,12994765213.25,2.95,1668.71
2025-06-23 21:00:00+00:00,long,buy,103687.2,,12988267830.64,-0.05,1668.66
2025-06-25 09:08:00+00:00,long,sell - take_profit,103687.2,106797.816,13371421731.64,2.95,1671.61
2025-06-25 10:00:00+00:00,long,buy,106589.7,,13364736020.78,-0.05,1671.56
2025-06-26 11:00:00+00:00,long,sell - direction_change,106589.7,107329.0,13450750689.54,0.64,1672.2
2025-06-26 11:00:00+00:00,short,buy,107329.0,,13444025314.19,-0.05,1672.15
2025-06-26 19:00:00+00:00,short,sell - direction_change,107329.0,107331.8,13436952573.67,-0.05,1672.1
2025-06-26 19:00:00+00:00,long,buy,107331.8,,13430234097.39,-0.05,1672.05
2025-06-26 21:00:00+00:00,long,sell - direction_change,107331.8,107727.7,13473057231.62,0.32,1672.37
2025-06-26 21:00:00+00:00,short,buy,107727.7,,13466320703.0,-0.05,1672.32
2025-06-27 03:00:00+00:00,short,sell - direction_change,107727.7,107194.5,13526239315.58,0.44,1672.76
2025-06-27 03:00:00+00:00,long,buy,107194.5,,13519476195.93,-0.05,1672.71
2025-06-27 05:00:00+00:00,long,sell - direction_change,107194.5,107453.3,13545356569.4,0.19,1672.91
2025-06-27 05:00:00+00:00,short,buy,107453.3,,13538583891.11,-0.05,1672.86
2025-06-27 06:00:00+00:00,short,sell - direction_change,107453.3,107211.0,13562343199.75,0.18,1673.03
2025-06-27 06:00:00+00:00,long,buy,107211.0,,13555562028.15,-0.05,1672.98
2025-06-27 07:00:00+00:00,long,sell - direction_change,107211.0,107229.1,13551072777.91,-0.03,1672.95
2025-06-27 07:00:00+00:00,short,buy,107229.1,,13544297241.52,-0.05,1672.9
2025-06-27 15:00:00+00:00,short,sell - direction_change,107229.1,106508.8,13628507459.65,0.62,1673.52
2025-06-27 15:00:00+00:00,long,buy,106508.8,,13621693205.92,-0.05,1673.47
2025-06-27 17:00:00+00:00,long,sell - direction_change,106508.8,107418.7,13731251886.05,0.8,1674.27
2025-06-27 17:00:00+00:00,short,buy,107418.7,,13724386260.1,-0.05,1674.22
2025-06-27 20:00:00+00:00,short,sell - direction_change,107418.7,106748.2,13803190724.52,0.57,1674.8
2025-06-27 20:00:00+00:00,long,buy,106748.2,,13796289129.16,-0.05,1674.75
2025-06-28 20:00:00+00:00,long,sell - direction_change,106748.2,107162.5,13842935705.6,0.34,1675.09
2025-06-28 20:00:00+00:00,short,buy,107162.5,,13836014237.74,-0.05,1675.04
2025-06-28 21:00:00+00:00,short,sell - direction_change,107162.5,107108.3,13836094126.08,0.0,1675.04
2025-06-28 21:00:00+00:00,long,buy,107108.3,,13829176079.02,-0.05,1674.99
2025-06-29 03:00:00+00:00,long,sell - direction_change,107108.3,107252.1,13840828077.51,0.08,1675.07
2025-06-29 03:00:00+00:00,short,buy,107252.1,,13833907663.47,-0.05,1675.02
2025-06-29 05:00:00+00:00,short,sell - direction_change,107252.1,107220.2,13831105329.81,-0.02,1675.0
2025-06-29 05:00:00+00:00,long,buy,107220.2,,13824189777.15,-0.05,1674.95
2025-06-29 19:00:00+00:00,long,sell - direction_change,107220.2,107570.5,13862442806.73,0.28,1675.23
2025-06-29 19:00:00+00:00,short,buy,107570.5,,13855511585.33,-0.05,1675.18
2025-06-29 21:00:00+00:00,short,sell - direction_change,107570.5,107300.1,13883412433.41,0.2,1675.38
2025-06-29 21:00:00+00:00,long,buy,107300.1,,13876470727.19,-0.05,1675.33
2025-06-30 08:00:00+00:00,long,sell - direction_change,107300.1,107562.6,13903480023.71,0.19,1675.52
2025-06-30 08:00:00+00:00,short,buy,107562.6,,13896528283.7,-0.05,1675.47
2025-06-30 19:00:00+00:00,short,sell - direction_change,107562.6,107191.0,13937588806.16,0.3,1675.77
2025-06-30 19:00:00+00:00,long,buy,107191.0,,13930620011.76,-0.05,1675.72
2025-06-30 20:00:00+00:00,long,sell - direction_change,107191.0,107689.6,13988453118.95,0.42,1676.13
2025-06-30 20:00:00+00:00,short,buy,107689.6,,13981458892.39,-0.05,1676.08
2025-07-02 04:00:00+00:00,short,sell - direction_change,107689.6,106140.0,14175654430.7,1.39,1677.47
2025-07-02 04:00:00+00:00,long,buy,106140.0,,14168566603.48,-0.05,1677.42
2025-07-02 16:08:00+00:00,long,sell - take_profit,106140.0,109324.2,14586539318.28,2.95,1680.37
2025-07-02 17:00:00+00:00,long,buy,109367.0,,14579246048.62,-0.05,1680.32
2025-07-04 02:00:00+00:00,long,sell - direction_change,109367.0,109455.0,14583687328.45,0.03,1680.35
2025-07-04 02:00:00+00:00,short,buy,109455.0,,14576395484.79,-0.05,1680.3
2025-07-04 03:00:00+00:00,short,sell - direction_change,109455.0,109138.0,14611322968.09,0.24,1680.54
2025-07-04 03:00:00+00:00,long,buy,109138.0,,14604017306.61,-0.05,1680.49
2025-07-04 04:00:00+00:00,long,sell - direction_change,109138.0,109195.7,14604436273.22,0.0,1680.5
2025-07-04 04:00:00+00:00,short,buy,109195.7,,14597134055.08,-0.05,1680.45
2025-07-04 05:00:00+00:00,short,sell - direction_change,109195.7,108938.2,14624257741.12,0.19,1680.63
2025-07-04 05:00:00+00:00,long,buy,108938.2,,14616945612.25,-0.05,1680.58
2025-07-04 06:00:00+00:00,long,sell - direction_change,108938.2,108958.5,14612360922.25,-0.03,1680.55
2025-07-04 06:00:00+00:00,short,buy,108958.5,,14605054741.79,-0.05,1680.5
2025-07-05 03:00:00+00:00,short,sell - direction_change,108958.5,108018.6,14723738630.82,0.81,1681.31
2025-07-05 03:00:00+00:00,long,buy,108018.6,,14716376761.51,-0.05,1681.26
2025-07-05 18:00:00+00:00,long,sell - direction_change,108018.6,108044.9,14712601666.3,-0.03,1681.24
2025-07-05 18:00:00+00:00,short,buy,108044.9,,14705245365.47,-0.05,1681.19
2025-07-05 19:00:00+00:00,short,sell - direction_change,108044.9,107942.2,14711870530.72,0.05,1681.23
2025-07-05 19:00:00+00:00,long,buy,107942.2,,14704514595.45,-0.05,1681.18
2025-07-06 04:00:00+00:00,long,sell - direction_change,107942.2,107996.2,14704518532.38,0.0,1681.18
2025-07-06 04:00:00+00:00,short,buy,107996.2,,14697166273.11,-0.05,1681.13
2025-07-06 06:00:00+00:00,short,sell - direction_change,107996.2,107941.8,14697220967.55,0.0,1681.13
2025-07-06 06:00:00+00:00,long,buy,107941.8,,14689872357.06,-0.05,1681.08
2025-07-06 07:00:00+00:00,long,sell - direction_change,107941.8,108072.9,14700368908.3,0.07,1681.15
2025-07-06 07:00:00+00:00,short,buy,108072.9,,14693018723.84,-0.05,1681.1
2025-07-06 12:00:00+00:00,short,sell - direction_change,108072.9,108017.3,14693231295.81,0.0,1681.11
2025-07-06 12:00:00+00:00,long,buy,108017.3,,14685884680.17,-0.05,1681.06
2025-07-07 09:00:00+00:00,long,sell - direction_change,108017.3,108961.3,14806886689.4,0.82,1681.88
2025-07-07 09:00:00+00:00,short,buy,108961.3,,14799483246.06,-0.05,1681.83
2025-07-08 00:00:00+00:00,short,sell - direction_change,108961.3,108203.9,14894956071.22,0.65,1682.47
2025-07-08 00:00:00+00:00,long,buy,108203.9,,14887508593.18,-0.05,1682.42
2025-07-08 01:00:00+00:00,long,sell - direction_change,108203.9,108240.2,14885059266.64,-0.02,1682.41
2025-07-08 01:00:00+00:00,short,buy,108240.2,,14877616737.01,-0.05,1682.36
2025-07-08 05:00:00+00:00,short,sell - direction_change,108240.2,107985.9,14905131466.57,0.18,1682.54
2025-07-08 05:00:00+00:00,long,buy,107985.9,,14897678900.84,-0.05,1682.49
2025-07-09 03:00:00+00:00,long,sell - direction_change,107985.9,108577.5,14971846891.34,0.5,1682.99
2025-07-09 03:00:00+00:00,short,buy,108577.5,,14964360967.9,-0.05,1682.94
2025-07-09 05:00:00+00:00,short,sell - direction_change,108577.5,108500.0,14967559987.25,0.02,1682.96
2025-07-09 05:00:00+00:00,long,buy,108500.0,,14960076207.25,-0.05,1682.91
2025-07-09 19:52:00+00:00,long,sell - take_profit,108500.0,111755.0,15401398455.37,2.95,1685.86
2025-07-09 20:00:00+00:00,long,buy,111718.8,,15393697756.14,-0.05,1685.81
2025-07-09 20:54:00+00:00,long,sell - stop_loss,111718.8,110601.61200000001,15232063929.7,-1.05,1684.76
2025-07-09 21:00:00+00:00,long,buy,110675.8,,15224447897.74,-0.05,1684.71
2025-07-10 21:17:00+00:00,long,sell - take_profit,110675.8,113996.07400000001,15673569110.72,2.95,1687.66
2025-07-10 22:00:00+00:00,long,buy,116459.5,,15665732326.16,-0.05,1687.61
2025-07-11 00:24:00+00:00,long,sell - stop_loss,116459.5,115294.905,15501242136.74,-1.05,1686.56
2025-07-11 01:00:00+00:00,long,buy,115544.9,,15493491515.67,-0.05,1686.51
2025-07-12 14:00:00+00:00,long,sell - direction_change,115544.9,117476.1,15744700646.07,1.62,1688.13
2025-07-12 14:00:00+00:00,short,buy,117476.1,,15736828295.75,-0.05,1688.08
2025-07-12 15:00:00+00:00,short,sell - direction_change,117476.1,117350.0,15745851947.71,0.06,1688.14
2025-07-12 15:00:00+00:00,long,buy,117350.0,,15737979021.74,-0.05,1688.09
2025-07-12 16:00:00+00:00,long,sell - direction_change,117350.0,117075.6,15693309849.5,-0.28,1687.81
2025-07-12 16:00:00+00:00,short,buy,117075.6,,15685463194.57,-0.05,1687.76
2025-07-13 01:00:00+00:00,short,sell - direction_change,117075.6,117272.9,15651186757.85,-0.22,1687.54
2025-07-13 01:00:00+00:00,long,buy,117272.9,,15643361164.47,-0.05,1687.49
2025-07-14 03:42:00+00:00,long,sell - take_profit,117272.9,120791.087,16104840318.82,2.95,1690.44
2025-07-14 04:00:00+00:00,long,buy,120733.2,,16096787898.66,-0.05,1690.39
2025-07-14 15:00:00+00:00,long,sell - direction_change,120733.2,121160.0,16145642734.93,0.3,1690.69
2025-07-14 15:00:00+00:00,short,buy,121160.0,,16137569913.57,-0.05,1690.64
2025-07-14 16:00:00+00:00,short,sell - direction_change,121160.0,119863.1,16302238124.49,1.02,1691.66
2025-07-14 16:00:00+00:00,long,buy,119863.1,,16294087005.43,-0.05,1691.61
2025-07-14 18:00:00+00:00,long,sell - direction_change,119863.1,119885.2,16288944216.97,-0.03,1691.58
2025-07-14 18:00:00+00:00,short,buy,119885.2,,16280799744.86,-0.05,1691.53
2025-07-15 04:09:00+00:00,short,sell - take_profit,119885.2,116288.644,16761083337.33,2.95,1694.48
2025-07-15 05:00:00+00:00,short,buy,117481.7,,16752702795.66,-0.05,1694.43
2025-07-15 13:00:00+00:00,short,sell - direction_change,117481.7,117193.0,16785494603.2,0.2,1694.63
2025-07-15 13:00:00+00:00,long,buy,117193.0,,16777101855.9,-0.05,1694.58
2025-07-15 14:00:00+00:00,long,sell - direction_change,117193.0,118067.8,16893947821.57,0.7,1695.27
2025-07-15 14:00:00+00:00,short,buy,118067.8,,16885500847.65,-0.05,1695.22
2025-07-15 16:00:00+00:00,short,sell - direction_change,118067.8,116393.1,17116565806.1,1.37,1696.59
2025-07-15 16:00:00+00:00,long,buy,116393.1,,17108007523.2,-0.05,1696.54
2025-07-15 18:00:00+00:00,long,sell - direction_change,116393.1,117415.6,17249745398.36,0.83,1697.37
2025-07-15 18:00:00+00:00,short,buy,117415.6,,17241120525.66,-0.05,1697.32
2025-07-15 21:00:00+00:00,short,sell - direction_change,117415.6,116410.0,17380160674.88,0.81,1698.13
2025-07-15 21:00:00+00:00,long,buy,116410.0,,17371470594.55,-0.05,1698.08
2025-07-16 20:44:00+00:00,long,sell - take_profit,116410.0,119902.3,17883928977.08,2.95,1701.03
2025-07-16 21:00:00+00:00,long,buy,119886.2,,17874987012.6,-0.05,1700.98
2025-07-16 22:48:00+00:00,long,sell - stop_loss,119886.2,118687.33799999999,17687299648.96,-1.05,1699.93
2025-07-16 23:00:00+00:00,long,buy,118624.8,,17678455999.14,-0.05,1699.88
2025-07-17 01:00:00+00:00,long,sell - direction_change,118624.8,118861.2,17704847068.67,0.15,1700.03
2025-07-17 01:00:00+00:00,short,buy,118861.2,,17695994645.13,-0.05,1699.98
2025-07-17 09:00:00+00:00,short,sell - direction_change,118861.2,118313.6,17768673055.65,0.41,1700.39
2025-07-17 09:00:00+00:00,long,buy,118313.6,,17759788719.12,-0.05,1700.34
2025-07-17 10:00:00+00:00,long,sell - direction_change,118313.6,118758.6,17817706775.13,0.33,1700.66
2025-07-17 10:00:00+00:00,short,buy,118758.6,,17808797921.74,-0.05,1700.61
2025-07-17 14:00:00+00:00,short,sell - direction_change,118758.6,118261.2,17874482614.32,0.37,1700.98
2025-07-17 14:00:00+00:00,long,buy,118261.2,,17865545373.01,-0.05,1700.93
2025-07-18 15:00:00+00:00,long,sell - direction_change,118261.2,118123.9,17835870891.46,-0.17,1700.77
2025-07-18 15:00:00+00:00,short,buy,118123.9,,17826952956.02,-0.05,1700.72
2025-07-19 03:00:00+00:00,short,sell - direction_change,118123.9,118176.7,17810071040.33,-0.09,1700.62
2025-07-19 03:00:00+00:00,long,buy,118176.7,,17801166004.81,-0.05,1700.57
2025-07-19 14:00:00+00:00,long,sell - direction_change,118176.7,118167.0,17790804293.6,-0.06,1700.51
2025-07-19 14:00:00+00:00,short,buy,118167.0,,17781908891.45,-0.05,1700.46
2025-07-20 03:00:00+00:00,short,sell - direction_change,118167.0,117957.8,17804498598.61,0.13,1700.59
2025-07-20 03:00:00+00:00,long,buy,117957.8,,17795596349.31,-0.05,1700.54
2025-07-20 05:00:00+00:00,long,sell - direction_change,117957.8,117917.9,17780679073.88,-0.08,1700.46
2025-07-20 05:00:00+00:00,short,buy,117917.9,,17771788734.35,-0.05,1700.41
2025-07-20 06:00:00+00:00,short,sell - direction_change,117917.9,117822.7,17777250740.4,0.03,1700.44
2025-07-20 06:00:00+00:00,long,buy,117822.7,,17768362115.03,-0.05,1700.39
2025-07-20 21:00:00+00:00,long,sell - direction_change,117822.7,118062.4,17795626115.94,0.15,1700.54
2025-07-20 21:00:00+00:00,short,buy,118062.4,,17786728302.88,-0.05,1700.49
2025-07-21 02:00:00+00:00,short,sell - direction_change,118062.4,117262.8,17898298930.24,0.63,1701.12
2025-07-21 02:00:00+00:00,long,buy,117262.8,,17889349780.77,-0.05,1701.07
2025-07-21 16:00:00+00:00,long,sell - direction_change,117262.8,118304.2,18039278754.32,0.84,1701.91
2025-07-21 16:00:00+00:00,short,buy,118304.2,,18030259114.94,-0.05,1701.86
2025-07-22 05:00:00+00:00,short,sell - direction_change,118304.2,116500.1,18296199485.43,1.47,1703.33
2025-07-22 05:00:00+00:00,long,buy,116500.1,,18287051385.69,-0.05,1703.28
2025-07-22 18:54:00+00:00,long,sell - take_profit,116500.1,119995.103,18826519401.57,2.95,1706.23
2025-07-22 19:00:00+00:00,long,buy,119768.0,,18817106141.87,-0.05,1706.18
2025-07-23 03:54:00+00:00,long,sell - stop_loss,119768.0,118570.31999999999,18619526527.38,-1.05,1705.13
2025-07-23 04:00:00+00:00,long,buy,118620.7,,18610216764.11,-0.05,1705.08
2025-07-23 05:00:00+00:00,long,sell - direction_change,118620.7,118976.8,18656779629.79,0.25,1705.33
2025-07-23 05:00:00+00:00,short,buy,118976.8,,18647451239.97,-0.05,1705.28
2025-07-23 19:00:00+00:00,short,sell - direction_change,118976.8,118334.7,18738765020.5,0.49,1705.77
2025-07-23 19:00:00+00:00,long,buy,118334.7,,18729395637.99,-0.05,1705.72
2025-07-23 20:00:00+00:00,long,sell - direction_change,118334.7,118344.4,18721566205.29,-0.04,1705.68
2025-07-23 20:00:00+00:00,short,buy,118344.4,,18712205422.19,-0.05,1705.63
2025-07-23 22:00:00+00:00,short,sell - direction_change,118344.4,118143.9,18734551682.98,0.12,1705.75
2025-07-23 22:00:00+00:00,long,buy,118143.9,,18725184407.14,-0.05,1705.7
2025-07-24 05:00:00+00:00,long,sell - direction_change,118143.9,117905.7,18678068372.51,-0.25,1705.45
2025-07-24 05:00:00+00:00,short,buy,117905.7,,18668729338.33,-0.05,1705.4
2025-07-24 07:00:00+00:00,short,sell - direction_change,117905.7,117418.3,18736567991.41,0.36,1705.76
2025-07-24 07:00:00+00:00,long,buy,117418.3,,18727199707.42,-0.05,1705.71
2025-07-24 13:00:00+00:00,long,sell - direction_change,117418.3,118479.4,18887072347.65,0.85,1706.56
2025-07-24 13:00:00+00:00,short,buy,118479.4,,18877628811.48,-0.05,1706.51
2025-07-24 14:00:00+00:00,short,sell - direction_change,118479.4,118171.2,18917296299.09,0.21,1706.72
2025-07-24 14:00:00+00:00,long,buy,118171.2,,18907837650.94,-0.05,1706.67
2025-07-25 00:00:00+00:00,long,sell - direction_change,118171.2,118294.4,18918096196.73,0.05,1706.73
2025-07-25 00:00:00+00:00,short,buy,118294.4,,18908637148.64,-0.05,1706.68
2025-07-25 07:53:00+00:00,short,sell - take_profit,118294.4,114745.56799999998,19466441944.52,2.95,1709.63
2025-07-25 08:00:00+00:00,short,buy,115288.9,,19456708723.55,-0.05,1709.58
2025-07-25 10:45:00+00:00,short,sell - stop_loss,115288.9,116441.78899999999,19252413281.95,-1.05,1708.53
2025-07-25 11:00:00+00:00,short,buy,116277.6,,19242787075.31,-0.05,1708.48
2025-07-25 15:00:00+00:00,short,sell - direction_change,116277.6,114934.5,19455435382.22,1.11,1709.58
2025-07-25 15:00:00+00:00,long,buy,114934.5,,19445707664.53,-0.05,1709.53
2025-07-27 06:46:00+00:00,long,sell - take_profit,114934.5,118382.535,20019356040.63,2.95,1712.48
2025-07-27 07:00:00+00:00,long,buy,118240.1,,20009346362.61,-0.05,1712.43
2025-07-27 12:00:00+00:00,long,sell - direction_change,118240.1,118053.3,19967730198.06,-0.21,1712.22
2025-07-27 12:00:00+00:00,short,buy,118053.3,,19957746332.96,-0.05,1712.17
2025-07-27 13:00:00+00:00,short,sell - direction_change,118053.3,118065.3,19945738774.82,-0.06,1712.11
2025-07-27 13:00:00+00:00,long,buy,118065.3,,19935765905.43,-0.05,1712.06
2025-07-28 10:00:00+00:00,long,sell - direction_change,118065.3,118920.9,20070269271.09,0.67,1712.74
2025-07-28 10:00:00+00:00,short,buy,118920.9,,20060234136.46,-0.05,1712.69
2025-07-28 11:00:00+00:00,short,sell - direction_change,118920.9,118757.3,20077800970.85,0.09,1712.78
2025-07-28 11:00:00+00:00,long,buy,118757.3,,20067762070.36,-0.05,1712.73
2025-07-28 13:00:00+00:00,long,sell - direction_change,118757.3,118828.7,20069793453.63,0.01,1712.74
2025-07-28 13:00:00+00:00,short,buy,118828.7,,20059758556.9,-0.05,1712.69
2025-07-29 03:00:00+00:00,short,sell - direction_change,118828.7,118065.6,20178549423.41,0.59,1713.28
2025-07-29 03:00:00+00:00,long,buy,118065.6,,20168460148.69,-0.05,1713.23
2025-07-29 14:00:00+00:00,long,sell - direction_change,118065.6,118590.0,20247956122.35,0.39,1713.62
2025-07-29 14:00:00+00:00,short,buy,118590.0,,20237832144.29,-0.05,1713.57
2025-07-30 03:00:00+00:00,short,sell - direction_change,118590.0,117979.9,20331829101.32,0.46,1714.04
2025-07-30 03:00:00+00:00,long,buy,117979.9,,20321663186.77,-0.05,1713.99
2025-07-30 11:00:00+00:00,long,sell - direction_change,117979.9,117983.9,20312191342.48,-0.05,1713.94
2025-07-30 11:00:00+00:00,short,buy,117983.9,,20302035246.81,-0.05,1713.89
2025-07-30 14:00:00+00:00,short,sell - direction_change,117983.9,117624.6,20353710641.64,0.25,1714.15
2025-07-30 14:00:00+00:00,long,buy,117624.6,,20343533786.32,-0.05,1714.1
2025-07-30 18:00:00+00:00,long,sell - direction_change,117624.6,117748.1,20354721721.58,0.05,1714.15
2025-07-30 18:00:00+00:00,short,buy,117748.1,,20344544360.72,-0.05,1714.1
2025-07-30 23:00:00+00:00,short,sell - direction_change,117748.1,117431.1,20389143422.96,0.22,1714.32
2025-07-30 23:00:00+00:00,long,buy,117431.1,,20378948851.25,-0.05,1714.27
2025-07-31 17:00:00+00:00,long,sell - direction_change,117431.1,118492.0,20552867563.12,0.85,1715.12
2025-07-31 17:00:00+00:00,short,buy,118492.0,,20542591129.34,-0.05,1715.07
2025-07-31 19:00:00+00:00,short,sell - direction_change,118492.0,117600.1,20686945775.01,0.7,1715.78
2025-07-31 19:00:00+00:00,long,buy,117600.1,,20676602302.12,-0.05,1715.73
2025-07-31 20:00:00+00:00,long,sell - direction_change,117600.1,116718.9,20511330272.61,-0.8,1714.93
2025-07-31 20:00:00+00:00,short,buy,116718.9,,20501074607.47,-0.05,1714.88
2025-08-01 19:26:00+00:00,short,sell - take_profit,116718.9,113217.33299999998,21105856308.39,2.95,1717.83
2025-08-01 20:00:00+00:00,short,buy,113278.4,,21095303380.24,-0.05,1717.78
2025-08-02 07:00:00+00:00,short,sell - direction_change,113278.4,113655.0,21014623282.71,-0.38,1717.39
2025-08-02 07:00:00+00:00,long,buy,113655.0,,21004115971.07,-0.05,1717.34
2025-08-02 10:00:00+00:00,long,sell - direction_change,113655.0,113634.4,20989806911.29,-0.07,1717.28
2025-08-02 10:00:00+00:00,short,buy,113634.4,,20979312007.83,-0.05,1717.23
2025-08-02 11:00:00+00:00,short,sell - direction_change,113634.4,113504.1,20992878485.84,0.06,1717.29
2025-08-02 11:00:00+00:00,long,buy,113504.1,,20982382046.59,-0.05,1717.24
2025-08-02 12:00:00+00:00,long,sell - direction_change,113504.1,113732.6,21014131394.0,0.15,1717.39
2025-08-02 12:00:00+00:00,short,buy,113732.6,,21003624328.3,-0.05,1717.34
2025-08-03 02:00:00+00:00,short,sell - direction_change,113732.6,113050.4,21119108139.58,0.55,1717.89
2025-08-03 02:00:00+00:00,long,buy,113050.4,,21108548585.51,-0.05,1717.84
2025-08-05 03:00:00+00:00,long,sell - direction_change,113050.4,114683.1,21402848847.56,1.39,1719.24
2025-08-05 03:00:00+00:00,short,buy,114683.1,,21392147423.14,-0.05,1719.19
2025-08-05 09:00:00+00:00,short,sell - direction_change,114683.1,114239.8,21464141291.99,0.34,1719.52
2025-08-05 09:00:00+00:00,long,buy,114239.8,,21453409221.35,-0.05,1719.47
2025-08-05 12:00:00+00:00,long,sell - direction_change,114239.8,114782.1,21544522539.4,0.42,1719.9
2025-08-05 12:00:00+00:00,short,buy,114782.1,,21533750278.13,-0.05,1719.85
2025-08-06 00:00:00+00:00,short,sell - direction_change,114782.1,114069.6,21656652303.22,0.57,1720.42
2025-08-06 00:00:00+00:00,long,buy,114069.6,,21645823977.07,-0.05,1720.37
2025-08-06 03:00:00+00:00,long,sell - direction_change,114069.6,113588.8,21543764555.37,-0.47,1719.9
2025-08-06 03:00:00+00:00,short,buy,113588.8,,21532992673.09,-0.05,1719.85
2025-08-06 05:00:00+00:00,short,sell - direction_change,113588.8,113385.8,21560708822.16,0.13,1719.98
2025-08-06 05:00:00+00:00,long,buy,113385.8,,21549928467.75,-0.05,1719.93
2025-08-07 04:00:00+00:00,long,sell - direction_change,113385.8,114500.9,21751087671.94,0.93,1720.86
2025-08-07 04:00:00+00:00,short,buy,114500.9,,21740212128.11,-0.05,1720.81
2025-08-07 07:00:00+00:00,short,sell - direction_change,114500.9,114603.1,21709937373.88,-0.14,1720.67
2025-08-07 07:00:00+00:00,long,buy,114603.1,,21699082405.19,-0.05,1720.62
2025-08-08 12:00:00+00:00,long,sell - direction_change,114603.1,116840.6,22111883680.43,1.9,1722.52
2025-08-08 12:00:00+00:00,short,buy,116840.6,,22100827738.59,-0.05,1722.47
2025-08-08 13:00:00+00:00,short,sell - direction_change,116840.6,116450.4,22163585084.89,0.28,1722.76
2025-08-08 13:00:00+00:00,long,buy,116450.4,,22152503292.35,-0.05,1722.71
2025-08-08 14:00:00+00:00,long,sell - direction_change,116450.4,116862.9,22219897424.73,0.3,1723.01
2025-08-08 14:00:00+00:00,short,buy,116862.9,,22208787476.02,-0.05,1722.96
2025-08-08 20:00:00+00:00,short,sell - direction_change,116862.9,116384.4,22288617885.43,0.36,1723.32
2025-08-08 20:00:00+00:00,long,buy,116384.4,,22277473576.49,-0.05,1723.27
2025-08-09 02:00:00+00:00,long,sell - direction_change,116384.4,116517.0,22291716188.03,0.06,1723.33
2025-08-09 02:00:00+00:00,short,buy,116517.0,,22280570329.93,-0.05,1723.28
2025-08-09 04:00:00+00:00,short,sell - direction_change,116517.0,116331.6,22304882534.44,0.11,1723.39
2025-08-09 04:00:00+00:00,long,buy,116331.6,,22293730093.17,-0.05,1723.34
2025-08-09 16:00:00+00:00,long,sell - direction_change,116331.6,116835.5,22379150374.06,0.38,1723.73
2025-08-09 16:00:00+00:00,short,buy,116835.5,,22367960798.88,-0.05,1723.68
2025-08-09 17:00:00+00:00,short,sell - direction_change,116835.5,116596.8,22402475533.7,0.15,1723.83
2025-08-09 17:00:00+00:00,long,buy,116596.8,,22391274295.93,-0.05,1723.78
2025-08-09 18:00:00+00:00,long,sell - direction_change,116596.8,116627.0,22385878273.22,-0.02,1723.76
2025-08-09 18:00:00+00:00,short,buy,116627.0,,22374685334.08,-0.05,1723.71
2025-08-09 20:00:00+00:00,short,sell - direction_change,116627.0,116499.9,22387881903.42,0.06,1723.77
2025-08-09 20:00:00+00:00,long,buy,116499.9,,22376687962.47,-0.05,1723.72
2025-08-09 21:00:00+00:00,long,sell - direction_change,116499.9,116732.9,22410253032.83,0.15,1723.87
2025-08-09 21:00:00+00:00,short,buy,116732.9,,22399047906.31,-0.05,1723.82
2025-08-10 02:00:00+00:00,short,sell - direction_change,116732.9,116535.0,22425822009.17,0.12,1723.93
2025-08-10 02:00:00+00:00,long,buy,116535.0,,22414609098.16,-0.05,1723.88
2025-08-11 01:59:00+00:00,long,sell - take_profit,116535.0,120031.05,23075840066.56,2.95,1726.83
2025-08-11 02:00:00+00:00,long,buy,120050.0,,23064302146.52,-0.05,1726.78
2025-08-11 13:00:00+00:00,long,sell - direction_change,120050.0,119632.8,22972616502.28,-0.4,1726.39
2025-08-11 13:00:00+00:00,short,buy,119632.8,,22961130194.03,-0.05,1726.34
2025-08-12 06:00:00+00:00,short,sell - direction_change,119632.8,118783.1,23112732598.87,0.66,1727.0
2025-08-12 06:00:00+00:00,long,buy,118783.1,,23101176232.57,-0.05,1726.95
2025-08-12 08:00:00+00:00,long,sell - direction_change,118783.1,118931.9,23118564567.78,0.08,1727.02
2025-08-12 08:00:00+00:00,short,buy,118931.9,,23107005285.49,-0.05,1726.97
2025-08-12 12:00:00+00:00,short,sell - direction_change,118931.9,118464.2,23186320140.05,0.34,1727.32
2025-08-12 12:00:00+00:00,long,buy,118464.2,,23174726979.98,-0.05,1727.27
2025-08-12 13:00:00+00:00,long,sell - direction_change,118464.2,119225.8,23312128695.62,0.59,1727.86
2025-08-12 13:00:00+00:00,short,buy,119225.8,,23300472631.28,-0.05,1727.81
2025-08-12 14:00:00+00:00,short,sell - direction_change,119225.8,118806.6,23370747264.64,0.3,1728.11
2025-08-12 14:00:00+00:00,long,buy,118806.6,,23359061891.0,-0.05,1728.06
2025-08-13 19:21:00+00:00,long,sell - take_profit,118806.6,122370.79800000001,24048154216.79,2.95,1731.01
2025-08-13 20:00:00+00:00,long,buy,122720.0,,24036130139.68,-0.05,1730.96
2025-08-14 06:19:00+00:00,long,sell - stop_loss,122720.0,121492.8,23783750773.21,-1.05,1729.91
2025-08-14 07:00:00+00:00,long,buy,121792.3,,23771858897.83,-0.05,1729.86
2025-08-14 12:18:00+00:00,long,sell - stop_loss,121792.3,120574.37700000001,23522254379.4,-1.05,1728.81
2025-08-14 13:00:00+00:00,short,buy,118822.2,,23510493252.21,-0.05,1728.76
2025-08-15 01:00:00+00:00,short,sell - direction_change,118822.2,118122.9,23637103461.97,0.54,1729.3
2025-08-15 01:00:00+00:00,long,buy,118122.9,,23625284910.23,-0.05,1729.25
2025-08-15 12:00:00+00:00,long,sell - direction_change,118122.9,118950.1,23778917204.18,0.65,1729.9
2025-08-15 12:00:00+00:00,short,buy,118950.1,,23767027745.58,-0.05,1729.85
2025-08-16 02:00:00+00:00,short,sell - direction_change,118950.1,117778.5,23989237769.3,0.93,1730.78
2025-08-16 02:00:00+00:00,long,buy,117778.5,,23977243150.42,-0.05,1730.73
2025-08-16 09:00:00+00:00,long,sell - direction_change,117778.5,117578.5,23924538705.24,-0.22,1730.51
2025-08-16 09:00:00+00:00,short,buy,117578.5,,23912576435.89,-0.05,1730.46
2025-08-16 12:00:00+00:00,short,sell - direction_change,117578.5,117340.5,23949023496.85,0.15,1730.62
2025-08-16 12:00:00+00:00,long,buy,117340.5,,23937048985.1,-0.05,1730.57
2025-08-16 22:00:00+00:00,long,sell - direction_change,117340.5,117399.8,23937177451.89,0.0,1730.57
2025-08-16 22:00:00+00:00,short,buy,117399.8,,23925208863.16,-0.05,1730.52
2025-08-17 02:00:00+00:00,short,sell - direction_change,117399.8,117383.8,23916506940.11,-0.04,1730.48
2025-08-17 02:00:00+00:00,long,buy,117383.8,,23904548686.64,-0.05,1730.43
2025-08-17 17:00:00+00:00,long,sell - direction_change,117383.8,117774.4,23972139898.85,0.28,1730.71
2025-08-17 17:00:00+00:00,short,buy,117774.4,,23960153828.9,-0.05,1730.66
2025-08-17 19:00:00+00:00,short,sell - direction_change,117774.4,117501.1,24003774205.41,0.18,1730.85
2025-08-17 19:00:00+00:00,long,buy,117501.1,,23991772318.3,-0.05,1730.8
2025-08-17 21:00:00+00:00,long,sell - direction_change,117501.1,117547.2,23989189286.19,-0.01,1730.79
2025-08-17 21:00:00+00:00,short,buy,117547.2,,23977194691.54,-0.05,1730.74
2025-08-17 22:00:00+00:00,short,sell - direction_change,117547.2,117648.1,23944624583.58,-0.14,1730.6
2025-08-17 22:00:00+00:00,long,buy,117648.1,,23932652271.29,-0.05,1730.55
2025-08-17 23:00:00+00:00,long,sell - direction_change,117648.1,117898.5,23971623751.45,0.16,1730.71
2025-08-17 23:00:00+00:00,short,buy,117898.5,,23959637939.57,-0.05,1730.66
2025-08-18 12:00:00+00:00,short,sell - direction_change,117898.5,114900.1,24557000719.52,2.49,1733.16
2025-08-18 12:00:00+00:00,long,buy,114900.1,,24544722219.16,-0.05,1733.11
2025-08-18 13:00:00+00:00,long,sell - direction_change,114900.1,115475.0,24655258809.51,0.45,1733.56
2025-08-18 13:00:00+00:00,short,buy,115475.0,,24642931180.11,-0.05,1733.51
2025-08-18 14:00:00+00:00,short,sell - direction_change,115475.0,114790.8,24776621349.18,0.54,1734.05
2025-08-18 14:00:00+00:00,long,buy,114790.8,,24764233038.51,-0.05,1734.0
2025-08-19 01:00:00+00:00,long,sell - direction_change,114790.8,116519.2,25124724883.87,1.46,1735.45
2025-08-19 01:00:00+00:00,short,buy,116519.2,,25112162521.43,-0.05,1735.4
2025-08-19 02:00:00+00:00,short,sell - direction_change,116519.2,115760.5,25263121103.03,0.6,1736.0
2025-08-19 02:00:00+00:00,long,buy,115760.5,,25250489542.48,-0.05,1735.95
2025-08-19 03:00:00+00:00,long,sell - direction_change,115760.5,115709.9,25226827071.97,-0.09,1735.86
2025-08-19 03:00:00+00:00,short,buy,115709.9,,25214213658.43,-0.05,1735.81
2025-08-20 04:00:00+00:00,short,sell - direction_change,115709.9,113465.4,25690703012.29,1.89,1737.7
2025-08-20 04:00:00+00:00,long,buy,113465.4,,25677857660.78,-0.05,1737.65
2025-08-20 13:00:00+00:00,long,sell - direction_change,113465.4,113611.4,25698059352.43,0.08,1737.73
2025-08-20 13:00:00+00:00,short,buy,113611.4,,25685210322.75,-0.05,1737.68
2025-08-20 14:00:00+00:00,short,sell - direction_change,113611.4,112632.7,25893631739.89,0.81,1738.49
2025-08-20 14:00:00+00:00,long,buy,112632.7,,25880684924.02,-0.05,1738.44
2025-08-20 15:00:00+00:00,long,sell - direction_change,112632.7,113413.4,26047133433.28,0.64,1739.08
2025-08-20 15:00:00+00:00,short,buy,113413.4,,26034109866.57,-0.05,1739.03
2025-08-20 16:00:00+00:00,short,sell - direction_change,113413.4,113296.9,26047835452.27,0.05,1739.09
2025-08-20 16:00:00+00:00,long,buy,113296.9,,26034811534.54,-0.05,1739.04
2025-08-21 06:00:00+00:00,long,sell - direction_change,113296.9,113934.8,26168378953.94,0.51,1739.55
2025-08-21 06:00:00+00:00,short,buy,113934.8,,26155294764.46,-0.05,1739.5
2025-08-21 07:00:00+00:00,short,sell - direction_change,113934.8,113750.0,26184640489.68,0.11,1739.61
2025-08-21 07:00:00+00:00,long,buy,113750.0,,26171548169.43,-0.05,1739.56
2025-08-21 08:00:00+00:00,long,sell - direction_change,113750.0,113836.8,26178433299.8,0.03,1739.59
2025-08-21 08:00:00+00:00,short,buy,113836.8,,26165344083.15,-0.05,1739.54
2025-08-21 09:00:00+00:00,short,sell - direction_change,113836.8,113535.8,26221446143.71,0.21,1739.75
2025-08-21 09:00:00+00:00,long,buy,113535.8,,26208335420.64,-0.05,1739.7
2025-08-21 11:00:00+00:00,long,sell - direction_change,113535.8,113296.6,26140014890.93,-0.26,1739.44
2025-08-21 11:00:00+00:00,short,buy,113296.6,,26126944883.49,-0.05,1739.39
2025-08-22 02:00:00+00:00,short,sell - direction_change,113296.6,112791.1,26230453052.55,0.4,1739.79
2025-08-22 02:00:00+00:00,long,buy,112791.1,,26217337826.02,-0.05,1739.74
2025-08-22 10:00:00+00:00,long,sell - direction_change,112791.1,113010.0,26255110611.85,0.14,1739.88
2025-08-22 10:00:00+00:00,short,buy,113010.0,,26241983056.55,-0.05,1739.83
2025-08-22 14:00:00+00:00,short,sell - direction_change,113010.0,112434.0,26362614673.11,0.46,1740.29
2025-08-22 14:00:00+00:00,long,buy,112434.0,,26349433365.78,-0.05,1740.24
2025-08-22 14:39:00+00:00,long,sell - take_profit,112434.0,115807.02,27126741650.07,2.95,1743.19
2025-08-22 15:00:00+00:00,long,buy,115744.5,,27113178279.24,-0.05,1743.14
2025-08-23 13:00:00+00:00,long,sell - direction_change,115744.5,115175.8,26966403571.85,-0.54,1742.6
2025-08-23 13:00:00+00:00,short,buy,115175.8,,26952920370.07,-0.05,1742.55
2025-08-23 23:00:00+00:00,short,sell - direction_change,115175.8,115270.0,26917399651.46,-0.13,1742.42
2025-08-23 23:00:00+00:00,long,buy,115270.0,,26903940951.64,-0.05,1742.37
2025-08-24 02:00:00+00:00,long,sell - direction_change,115270.0,115431.7,26928229653.08,0.09,1742.46
2025-08-24 02:00:00+00:00,short,buy,115431.7,,26914765538.25,-0.05,1742.41
2025-08-24 19:37:00+00:00,short,sell - take_profit,115431.7,111968.749,27708751121.63,2.95,1745.36
2025-08-24 20:00:00+00:00,short,buy,112556.4,,27694896746.07,-0.05,1745.31
2025-08-25 16:00:00+00:00,short,sell - direction_change,112556.4,112142.2,27782964659.53,0.32,1745.63
2025-08-25 16:00:00+00:00,long,buy,112142.2,,27769073177.2,-0.05,1745.58
2025-08-25 19:00:00+00:00,long,sell - direction_change,112142.2,112355.3,27807957263.79,0.14,1745.72
2025-08-25 19:00:00+00:00,short,buy,112355.3,,27794053285.15,-0.05,1745.67
2025-08-26 00:45:00+00:00,short,sell - take_profit,112355.3,108984.641,28613977857.07,2.95,1748.62
2025-08-26 01:00:00+00:00,short,buy,109049.5,,28599670868.14,-0.05,1748.57
2025-08-26 04:30:00+00:00,short,sell - stop_loss,109049.5,110139.995,28299374324.02,-1.05,1747.52
2025-08-26 05:00:00+00:00,short,buy,110041.1,,28285224636.86,-0.05,1747.47
2025-08-26 09:00:00+00:00,short,sell - direction_change,110041.1,110047.6,28269411249.17,-0.06,1747.41
2025-08-26 09:00:00+00:00,long,buy,110047.6,,28255276543.54,-0.05,1747.36
2025-08-26 11:00:00+00:00,long,sell - direction_change,110047.6,110169.0,28272318967.79,0.06,1747.42
2025-08-26 11:00:00+00:00,short,buy,110169.0,,28258182808.31,-0.05,1747.37
2025-08-26 12:00:00+00:00,short,sell - direction_change,110169.0,109842.2,28327877425.4,0.25,1747.62
2025-08-26 12:00:00+00:00,long,buy,109842.2,,28313713486.69,-0.05,1747.57
2025-08-26 17:00:00+00:00,long,sell - direction_change,109842.2,110129.6,28373638915.77,0.21,1747.78
2025-08-26 17:00:00+00:00,short,buy,110129.6,,28359452096.32,-0.05,1747.73
2025-08-26 18:00:00+00:00,short,sell - direction_change,110129.6,109950.0,28391521131.69,0.11,1747.84
2025-08-26 18:00:00+00:00,long,buy,109950.0,,28377325371.13,-0.05,1747.79
2025-08-28 00:00:00+00:00,long,sell - direction_change,109950.0,111194.9,28684436684.38,1.08,1748.88
2025-08-28 00:00:00+00:00,short,buy,111194.9,,28670094466.04,-0.05,1748.83
2025-08-28 01:00:00+00:00,short,sell - direction_change,111194.9,111286.9,28632038468.56,-0.13,1748.69
2025-08-28 01:00:00+00:00,long,buy,111286.9,,28617722449.32,-0.05,1748.64
2025-08-28 02:00:00+00:00,long,sell - direction_change,111286.9,111600.1,28683953801.47,0.23,1748.87
2025-08-28 02:00:00+00:00,short,buy,111600.1,,28669611824.57,-0.05,1748.82
2025-08-28 03:00:00+00:00,short,sell - direction_change,111600.1,111442.3,28695815196.9,0.09,1748.92
2025-08-28 03:00:00+00:00,long,buy,111442.3,,28681467289.3,-0.05,1748.87
2025-08-28 19:00:00+00:00,long,sell - direction_change,111442.3,112318.3,28892579236.96,0.74,1749.6
2025-08-28 19:00:00+00:00,short,buy,112318.3,,28878132947.34,-0.05,1749.55
2025-08-28 20:00:00+00:00,short,sell - direction_change,112318.3,111864.8,28980293164.26,0.35,1749.91
2025-08-28 20:00:00+00:00,long,buy,111864.8,,28965803017.67,-0.05,1749.86
2025-08-28 22:00:00+00:00,long,sell - direction_change,111864.8,111965.0,28977265484.7,0.04,1749.89
2025-08-28 22:00:00+00:00,short,buy,111965.0,,28962776851.96,-0.05,1749.84
2025-08-28 23:00:00+00:00,short,sell - direction_change,111965.0,112292.0,28863708065.41,-0.34,1749.5
2025-08-28 23:00:00+00:00,long,buy,112292.0,,28849276211.38,-0.05,1749.45
2025-08-29 00:00:00+00:00,long,sell - direction_change,112292.0,112507.3,28890164945.27,0.14,1749.59
2025-08-29 00:00:00+00:00,short,buy,112507.3,,28875719862.8,-0.05,1749.54
2025-08-29 13:45:00+00:00,short,sell - take_profit,112507.3,109132.081,29727553598.75,2.95,1752.49
2025-08-29 14:00:00+00:00,short,buy,109056.5,,29712689821.95,-0.05,1752.44
2025-08-30 04:00:00+00:00,short,sell - direction_change,109056.5,108368.0,29885416857.6,0.58,1753.03
2025-08-30 04:00:00+00:00,long,buy,108368.0,,29870474149.18,-0.05,1752.98
2025-08-31 09:00:00+00:00,long,sell - direction_change,108368.0,108965.1,30020123107.75,0.5,1753.48
2025-08-31 09:00:00+00:00,short,buy,108965.1,,30005113046.2,-0.05,1753.43
2025-08-31 15:00:00+00:00,short,sell - direction_change,108965.1,108422.6,30139495694.92,0.45,1753.87
2025-08-31 15:00:00+00:00,long,buy,108422.6,,30124425947.07,-0.05,1753.82
2025-08-31 23:00:00+00:00,long,sell - direction_change,108422.6,108842.3,30225974307.63,0.34,1754.16
2025-08-31 23:00:00+00:00,short,buy,108842.3,,30210861320.48,-0.05,1754.11
2025-09-01 07:00:00+00:00,short,sell - direction_change,108842.3,108019.9,30424025710.92,0.71,1754.82
2025-09-01 07:00:00+00:00,long,buy,108019.9,,30408813698.07,-0.05,1754.77
2025-09-02 14:00:00+00:00,long,sell - take_profit,108019.9,111260.497,31305873702.16,2.95,1757.72
2025-09-02 15:00:00+00:00,long,buy,111308.6,,31290220765.31,-0.05,1757.67
2025-09-02 18:46:00+00:00,long,sell - stop_loss,111308.6,110195.51400000001,30961673447.27,-1.05,1756.62
2025-09-02 19:00:00+00:00,long,buy,110584.0,,30946192610.55,-0.05,1756.57
2025-09-04 02:00:00+00:00,long,sell - direction_change,110584.0,111899.9,31298965326.08,1.14,1757.71
2025-09-04 02:00:00+00:00,short,buy,111899.9,,31283315843.42,-0.05,1757.66
2025-09-04 03:00:00+00:00,short,sell - direction_change,111899.9,111409.6,31404744993.94,0.39,1758.05
2025-09-04 03:00:00+00:00,long,buy,111409.6,,31389042621.45,-0.05,1758.0
2025-09-04 05:00:00+00:00,long,sell - direction_change,111409.6,110870.9,31221572335.21,-0.53,1757.46
2025-09-04 05:00:00+00:00,short,buy,110870.9,,31205961549.04,-0.05,1757.41
2025-09-04 22:00:00+00:00,short,sell - direction_change,110870.9,110445.8,31310008126.94,0.33,1757.75
2025-09-04 22:00:00+00:00,long,buy,110445.8,,31294353122.88,-0.05,1757.7
2025-09-05 17:00:00+00:00,long,sell - direction_change,110445.8,110767.3,31369801619.75,0.24,1757.94
2025-09-05 17:00:00+00:00,short,buy,110767.3,,31354116718.94,-0.05,1757.89
2025-09-05 18:00:00+00:00,short,sell - direction_change,110767.3,110567.1,31395108859.59,0.13,1758.02
2025-09-05 18:00:00+00:00,long,buy,110567.1,,31379411305.16,-0.05,1757.97
2025-09-05 21:00:00+00:00,long,sell - direction_change,110567.1,111581.8,31651697757.43,0.87,1758.83
2025-09-05 21:00:00+00:00,short,buy,111581.8,,31635871908.55,-0.05,1758.78
2025-09-07 01:00:00+00:00,short,sell - direction_change,111581.8,110305.9,31981799427.22,1.09,1759.88
2025-09-07 01:00:00+00:00,long,buy,110305.9,,31965808527.5,-0.05,1759.83
2025-09-08 01:00:00+00:00,long,sell - direction_change,110305.9,110786.5,32089099837.75,0.39,1760.21
2025-09-08 01:00:00+00:00,short,buy,110786.5,,32073055287.83,-0.05,1760.16
2025-09-08 02:00:00+00:00,short,sell - direction_change,110786.5,110846.9,32039532761.99,-0.1,1760.06
2025-09-08 02:00:00+00:00,long,buy,110846.9,,32023512995.61,-0.05,1760.01
2025-09-08 04:00:00+00:00,long,sell - direction_change,110846.9,111004.8,32053118326.3,0.09,1760.1
2025-09-08 04:00:00+00:00,short,buy,111004.8,,32037091767.14,-0.05,1760.05
2025-09-08 06:00:00+00:00,short,sell - direction_change,111004.8,110984.8,32026845420.61,-0.03,1760.02
2025-09-08 06:00:00+00:00,long,buy,110984.8,,32010831997.9,-0.05,1759.97
2025-09-09 00:00:00+00:00,long,sell - direction_change,110984.8,112012.7,32291299019.67,0.88,1760.85
2025-09-09 00:00:00+00:00,short,buy,112012.7,,32275153370.16,-0.05,1760.8
2025-09-09 04:00:00+00:00,short,sell - direction_change,112012.7,111657.7,32361304903.96,0.27,1761.06
2025-09-09 04:00:00+00:00,long,buy,111657.7,,32345124251.51,-0.05,1761.01
2025-09-09 16:00:00+00:00,long,sell - direction_change,111657.7,110830.1,32089211619.23,-0.79,1760.22
2025-09-09 16:00:00+00:00,short,buy,110830.1,,32073167013.42,-0.05,1760.17
2025-09-10 01:00:00+00:00,short,sell - direction_change,110830.1,110971.3,32016268505.38,-0.18,1759.99
2025-09-10 01:00:00+00:00,long,buy,110971.3,,32000260371.13,-0.05,1759.94
2025-09-10 02:00:00+00:00,long,sell - direction_change,110971.3,110955.8,31979790580.45,-0.06,1759.88
2025-09-10 02:00:00+00:00,short,buy,110955.8,,31963800685.16,-0.05,1759.83
2025-09-10 05:00:00+00:00,short,sell - direction_change,110955.8,111482.2,31796175115.17,-0.52,1759.31
2025-09-10 05:00:00+00:00,long,buy,111482.2,,31780277027.61,-0.05,1759.26
2025-09-11 22:20:00+00:00,long,sell - take_profit,111482.2,114826.666,32717795199.93,2.95,1762.21
2025-09-11 23:00:00+00:00,long,buy,115037.3,,32701436302.33,-0.05,1762.16
2025-09-13 13:00:00+00:00,long,sell - direction_change,115037.3,115947.5,32943826421.47,0.74,1762.9
2025-09-13 13:00:00+00:00,short,buy,115947.5,,32927354508.26,-0.05,1762.85
2025-09-13 14:00:00+00:00,short,sell - direction_change,115947.5,115706.4,32979359622.24,0.16,1763.01
2025-09-13 14:00:00+00:00,long,buy,115706.4,,32962869942.43,-0.05,1762.96
2025-09-13 16:00:00+00:00,long,sell - direction_change,115706.4,115721.4,32950661763.3,-0.04,1762.92
2025-09-13 16:00:00+00:00,short,buy,115721.4,,32934186432.42,-0.05,1762.87
2025-09-13 20:00:00+00:00,short,sell - direction_change,115721.4,115751.4,32909181371.35,-0.08,1762.79
2025-09-13 20:00:00+00:00,long,buy,115751.4,,32892726780.66,-0.05,1762.74
2025-09-13 22:00:00+00:00,long,sell - direction_change,115751.4,115849.8,32904242448.97,0.04,1762.78
2025-09-13 22:00:00+00:00,short,buy,115849.8,,32887790327.74,-0.05,1762.73
2025-09-13 23:00:00+00:00,short,sell - direction_change,115849.8,115828.3,32877449917.37,-0.03,1762.7
2025-09-13 23:00:00+00:00,long,buy,115828.3,,32861011192.41,-0.05,1762.65
2025-09-14 06:00:00+00:00,long,sell - direction_change,115828.3,115810.0,32839388894.26,-0.07,1762.58
2025-09-14 06:00:00+00:00,short,buy,115810.0,,32822969199.81,-0.05,1762.53
2025-09-14 08:00:00+00:00,short,sell - direction_change,115810.0,115746.1,32824668307.84,0.01,1762.54
2025-09-14 08:00:00+00:00,long,buy,115746.1,,32808255973.69,-0.05,1762.49
2025-09-14 12:00:00+00:00,long,sell - direction_change,115746.1,115750.0,32792957301.51,-0.05,1762.44
2025-09-14 12:00:00+00:00,short,buy,115750.0,,32776560822.85,-0.05,1762.39
2025-09-14 20:00:00+00:00,short,sell - direction_change,115750.0,115597.3,32803412117.71,0.08,1762.47
2025-09-14 20:00:00+00:00,long,buy,115597.3,,32787010411.66,-0.05,1762.42
2025-09-14 23:00:00+00:00,long,sell - direction_change,115597.3,115956.9,32872610715.51,0.26,1762.68
2025-09-14 23:00:00+00:00,short,buy,115956.9,,32856174410.15,-0.05,1762.63
2025-09-15 04:00:00+00:00,short,sell - direction_change,115956.9,115387.7,33001028096.38,0.44,1763.07
2025-09-15 04:00:00+00:00,long,buy,115387.7,,32984527582.34,-0.05,1763.02
2025-09-15 08:00:00+00:00,long,sell - direction_change,115387.7,115769.6,33077204589.48,0.28,1763.3
2025-09-15 08:00:00+00:00,short,buy,115769.6,,33060665987.18,-0.05,1763.25
2025-09-15 18:00:00+00:00,short,sell - direction_change,115769.6,115075.9,33242237608.38,0.55,1763.8
2025-09-15 18:00:00+00:00,long,buy,115075.9,,33225616489.57,-0.05,1763.75
2025-09-16 13:00:00+00:00,long,sell - direction_change,115075.9,115393.2,33300617026.19,0.23,1763.98
2025-09-16 13:00:00+00:00,short,buy,115393.2,,33283966717.68,-0.05,1763.93
2025-09-16 15:00:00+00:00,short,sell - direction_change,115393.2,115231.1,33314080791.04,0.09,1764.02
2025-09-16 15:00:00+00:00,long,buy,115231.1,,33297423750.65,-0.05,1763.97
2025-09-17 11:00:00+00:00,long,sell - direction_change,115231.1,116317.5,33594703493.53,0.89,1764.86
2025-09-17 11:00:00+00:00,short,buy,116317.5,,33577906141.78,-0.05,1764.81
2025-09-17 22:00:00+00:00,short,sell - direction_change,116317.5,115986.8,33656581874.26,0.23,1765.05
2025-09-17 22:00:00+00:00,long,buy,115986.8,,33639753583.32,-0.05,1765.0
2025-09-19 02:00:00+00:00,long,sell - direction_change,115986.8,117184.0,33970158675.14,0.98,1765.98
2025-09-19 02:00:00+00:00,short,buy,117184.0,,33953173595.81,-0.05,1765.93
2025-09-20 05:00:00+00:00,short,sell - direction_change,117184.0,115511.9,34420675278.82,1.38,1767.31
2025-09-20 05:00:00+00:00,long,buy,115511.9,,34403464941.18,-0.05,1767.26
2025-09-20 22:00:00+00:00,long,sell - direction_change,115511.9,115724.2,34449493539.15,0.13,1767.39
2025-09-20 22:00:00+00:00,short,buy,115724.2,,34432268792.38,-0.05,1767.34
2025-09-21 07:00:00+00:00,short,sell - direction_change,115724.2,115633.3,34442098800.74,0.03,1767.37
2025-09-21 07:00:00+00:00,long,buy,115633.3,,34424877751.34,-0.05,1767.32
2025-09-21 08:00:00+00:00,long,sell - direction_change,115633.3,115772.8,34449195481.08,0.07,1767.39
2025-09-21 08:00:00+00:00,short,buy,115772.8,,34431970883.34,-0.05,1767.34
2025-09-21 13:00:00+00:00,short,sell - direction_change,115772.8,115623.9,34459039224.3,0.08,1767.42
2025-09-21 13:00:00+00:00,long,buy,115623.9,,34441809704.69,-0.05,1767.37
2025-09-21 14:00:00+00:00,long,sell - direction_change,115623.9,115611.0,34420746174.35,-0.06,1767.31
2025-09-21 14:00:00+00:00,short,buy,115611.0,,34403535801.26,-0.05,1767.26
2025-09-22 06:02:00+00:00,short,sell - take_profit,115611.0,112142.67,35418440107.4,2.95,1770.21
2025-09-22 07:00:00+00:00,short,buy,112748.8,,35400730887.35,-0.05,1770.16
2025-09-23 05:00:00+00:00,short,sell - direction_change,112748.8,112377.7,35499548047.88,0.28,1770.43
2025-09-23 05:00:00+00:00,long,buy,112377.7,,35481798273.85,-0.05,1770.38
2025-09-23 17:00:00+00:00,long,sell - direction_change,112377.7,112763.8,35585963431.82,0.29,1770.68
2025-09-23 17:00:00+00:00,short,buy,112763.8,,35568170450.1,-0.05,1770.63
2025-09-24 01:00:00+00:00,short,sell - direction_change,112763.8,112175.1,35736075229.07,0.47,1771.1
2025-09-24 01:00:00+00:00,long,buy,112175.1,,35718207191.46,-0.05,1771.05
2025-09-24 02:00:00+00:00,long,sell - direction_change,112175.1,112394.6,35770240126.99,0.15,1771.2
2025-09-24 02:00:00+00:00,short,buy,112394.6,,35752355006.93,-0.05,1771.15
2025-09-24 05:00:00+00:00,short,sell - direction_change,112394.6,112122.5,35821032950.33,0.19,1771.34
2025-09-24 05:00:00+00:00,long,buy,112122.5,,35803122433.85,-0.05,1771.29
2025-09-25 03:00:00+00:00,long,sell - direction_change,112122.5,112852.1,36018197823.09,0.6,1771.89
2025-09-25 03:00:00+00:00,short,buy,112852.1,,36000188724.18,-0.05,1771.84
2025-09-25 17:36:00+00:00,short,sell - take_profit,112852.1,109466.537,37062194291.55,2.95,1774.79
2025-09-25 18:00:00+00:00,short,buy,108793.9,,37043663194.4,-0.05,1774.74
2025-09-25 19:22:00+00:00,short,sell - stop_loss,108793.9,109881.83899999999,36654704730.86,-1.05,1773.69
2025-09-25 20:00:00+00:00,short,buy,109320.5,,36636377378.49,-0.05,1773.64
2025-09-26 08:00:00+00:00,short,sell - direction_change,109320.5,109257.4,36639205776.33,0.01,1773.65
2025-09-26 08:00:00+00:00,long,buy,109257.4,,36620886173.44,-0.05,1773.6
2025-09-26 10:00:00+00:00,long,sell - direction_change,109257.4,109522.4,36691398408.14,0.19,1773.79
2025-09-26 10:00:00+00:00,short,buy,109522.4,,36673052708.94,-0.05,1773.74
2025-09-26 13:00:00+00:00,short,sell - direction_change,109522.4,109330.1,36719106919.42,0.13,1773.86
2025-09-26 13:00:00+00:00,long,buy,109330.1,,36700747365.96,-0.05,1773.81
2025-09-26 14:00:00+00:00,long,sell - direction_change,109330.1,109621.3,36780149190.74,0.22,1774.03
2025-09-26 14:00:00+00:00,short,buy,109621.3,,36761759116.14,-0.05,1773.98
2025-09-26 16:00:00+00:00,short,sell - direction_change,109621.3,108976.0,36959781099.51,0.54,1774.52
2025-09-26 16:00:00+00:00,long,buy,108976.0,,36941301208.96,-0.05,1774.47
2025-09-26 19:00:00+00:00,long,sell - direction_change,108976.0,109669.9,37158052707.35,0.59,1775.06
2025-09-26 19:00:00+00:00,short,buy,109669.9,,37139473681.0,-0.05,1775.01
2025-09-26 21:00:00+00:00,short,sell - direction_change,109669.9,109233.8,37268588262.94,0.35,1775.35
2025-09-26 21:00:00+00:00,long,buy,109233.8,,37249953968.81,-0.05,1775.3
2025-09-27 07:00:00+00:00,long,sell - direction_change,109233.8,109488.6,37318218656.66,0.18,1775.49
2025-09-27 07:00:00+00:00,short,buy,109488.6,,37299559547.33,-0.05,1775.44
2025-09-27 12:00:00+00:00,short,sell - direction_change,109488.6,109265.8,37356811202.66,0.15,1775.59
2025-09-27 12:00:00+00:00,long,buy,109265.8,,37338132797.06,-0.05,1775.54
2025-09-27 13:00:00+00:00,long,sell - direction_change,109265.8,109355.2,37350013354.35,0.03,1775.57
2025-09-27 13:00:00+00:00,short,buy,109355.2,,37331338347.67,-0.05,1775.52
2025-09-27 18:00:00+00:00,short,sell - direction_change,109355.2,109330.9,37320968136.99,-0.03,1775.49
2025-09-27 18:00:00+00:00,long,buy,109330.9,,37302307652.92,-0.05,1775.44
2025-09-27 20:00:00+00:00,long,sell - direction_change,109330.9,109369.4,37296792207.7,-0.01,1775.43
2025-09-27 20:00:00+00:00,short,buy,109369.4,,37278143811.6,-0.05,1775.38
2025-09-27 21:00:00+00:00,short,sell - direction_change,109369.4,109333.4,37271775202.7,-0.02,1775.36
2025-09-27 21:00:00+00:00,long,buy,109333.4,,37253139315.1,-0.05,1775.31
2025-09-28 01:00:00+00:00,long,sell - direction_change,109333.4,109556.3,37310461401.15,0.15,1775.47
2025-09-28 01:00:00+00:00,short,buy,109556.3,,37291806170.45,-0.05,1775.42
2025-09-28 02:00:00+00:00,short,sell - direction_change,109556.3,109305.5,37358529935.63,0.18,1775.6
2025-09-28 02:00:00+00:00,long,buy,109305.5,,37339850670.66,-0.05,1775.55
2025-09-28 04:00:00+00:00,long,sell - direction_change,109305.5,109397.3,37352540542.33,0.03,1775.58
2025-09-28 04:00:00+00:00,short,buy,109397.3,,37333864272.06,-0.05,1775.53
2025-09-28 05:00:00+00:00,short,sell - direction_change,109397.3,109329.4,37338369478.39,0.01,1775.54
2025-09-28 05:00:00+00:00,long,buy,109329.4,,37319700293.66,-0.05,1775.49
2025-09-28 10:00:00+00:00,long,sell - direction_change,109329.4,109477.4,37351560391.88,0.09,1775.58
2025-09-28 10:00:00+00:00,short,buy,109477.4,,37332884611.68,-0.05,1775.53
2025-09-28 11:00:00+00:00,short,sell - direction_change,109477.4,109323.4,37366733704.37,0.09,1775.62
2025-09-28 11:00:00+00:00,long,buy,109323.4,,37348050337.51,-0.05,1775.57
2025-09-28 12:00:00+00:00,long,sell - direction_change,109323.4,109319.9,37328180610.64,-0.05,1775.51
2025-09-28 12:00:00+00:00,short,buy,109319.9,,37309516520.33,-0.05,1775.46
2025-09-28 13:00:00+00:00,short,sell - direction_change,109319.9,109266.8,37308984128.88,-0.0,1775.46
2025-09-28 13:00:00+00:00,long,buy,109266.8,,37290329636.82,-0.05,1775.41
2025-09-29 13:41:00+00:00,long,sell - take_profit,109266.8,112544.804,38390394361.1,2.95,1778.36
2025-09-29 14:00:00+00:00,long,buy,113168.1,,38371199163.92,-0.05,1778.31
2025-09-30 09:00:00+00:00,long,sell - direction_change,113168.1,113409.1,38433727925.53,0.16,1778.48
2025-09-30 09:00:00+00:00,short,buy,113409.1,,38414511061.57,-0.05,1778.43
2025-09-30 18:00:00+00:00,short,sell - direction_change,113409.1,113198.8,38466537698.87,0.14,1778.56
2025-09-30 18:00:00+00:00,long,buy,113198.8,,38447304430.02,-0.05,1778.51
2025-10-01 08:50:00+00:00,long,sell - take_profit,113198.8,116594.76400000001,39581499910.71,2.95,1781.46
2025-10-01 09:00:00+00:00,long,buy,116060.4,,39561709160.75,-0.05,1781.41
2025-10-02 13:45:00+00:00,long,sell - take_profit,116060.4,119542.212,40728779581.0,2.95,1784.36
2025-10-02 14:00:00+00:00,long,buy,119559.6,,40708415191.21,-0.05,1784.31
2025-10-03 16:11:00+00:00,long,sell - take_profit,119559.6,123146.388,41909313439.35,2.95,1787.26
2025-10-03 17:00:00+00:00,long,buy,122527.0,,41888358782.63,-0.05,1787.21
2025-10-04 15:00:00+00:00,long,sell - direction_change,122527.0,121944.4,41668240887.84,-0.53,1786.69
2025-10-04 15:00:00+00:00,short,buy,121944.4,,41647406767.39,-0.05,1786.64
2025-10-04 21:00:00+00:00,short,sell - direction_change,121944.4,121832.9,41664663417.47,0.04,1786.68
2025-10-04 21:00:00+00:00,long,buy,121832.9,,41643831085.76,-0.05,1786.63
2025-10-05 04:48:00+00:00,long,sell - take_profit,121832.9,125487.887,42872324102.79,2.95,1789.58
2025-10-05 05:00:00+00:00,long,buy,125167.4,,42850887940.74,-0.05,1789.53
2025-10-05 09:29:00+00:00,long,sell - stop_loss,125167.4,123915.726,42400953617.36,-1.05,1788.48
2025-10-05 10:00:00+00:00,long,buy,122998.0,,42379753140.55,-0.05,1788.43
2025-10-05 15:00:00+00:00,long,sell - direction_change,122998.0,122983.2,42353463828.65,-0.06,1788.37
2025-10-05 15:00:00+00:00,short,buy,122983.2,,42332287096.74,-0.05,1788.32
2025-10-05 16:00:00+00:00,short,sell - direction_change,122983.2,122752.9,42390392965.29,0.14,1788.45
2025-10-05 16:00:00+00:00,long,buy,122752.9,,42369197768.81,-0.05,1788.4
2025-10-05 19:00:00+00:00,long,sell - direction_change,122752.9,122963.5,42420703534.47,0.12,1788.52
2025-10-05 19:00:00+00:00,short,buy,122963.5,,42399493182.7,-0.05,1788.47
2025-10-05 22:00:00+00:00,short,sell - direction_change,122963.5,122682.3,42475255034.33,0.18,1788.65
2025-10-05 22:00:00+00:00,long,buy,122682.3,,42454017406.82,-0.05,1788.6
2025-10-07 05:00:00+00:00,long,sell - direction_change,122682.3,124449.8,43044430999.62,1.39,1789.99
2025-10-07 05:00:00+00:00,short,buy,124449.8,,43022908784.12,-0.05,1789.94
2025-10-07 12:00:00+00:00,short,sell - direction_change,124449.8,124397.1,43019615979.28,-0.01,1789.94
2025-10-07 12:00:00+00:00,long,buy,124397.1,,42998106171.29,-0.05,1789.89
2025-10-07 13:00:00+00:00,long,sell - direction_change,124397.1,124869.4,43139858556.9,0.33,1790.22
2025-10-07 13:00:00+00:00,short,buy,124869.4,,43118288627.62,-0.05,1790.17
2025-10-07 15:40:00+00:00,short,sell - take_profit,124869.4,121123.31799999998,44390278142.14,2.95,1793.12
2025-10-07 16:00:00+00:00,short,buy,121788.2,,44368083003.07,-0.05,1793.07
2025-10-08 04:00:00+00:00,short,sell - direction_change,121788.2,121333.1,44511694289.64,0.32,1793.39
2025-10-08 04:00:00+00:00,long,buy,121333.1,,44489438442.5,-0.05,1793.34
2025-10-08 05:00:00+00:00,long,sell - direction_change,121333.1,121865.4,44662373176.23,0.39,1793.73
2025-10-08 05:00:00+00:00,short,buy,121865.4,,44640041989.64,-0.05,1793.68
2025-10-08 08:00:00+00:00,short,sell - direction_change,121865.4,121550.5,44733071766.23,0.21,1793.89
2025-10-08 08:00:00+00:00,long,buy,121550.5,,44710705230.35,-0.05,1793.84
2025-10-09 02:00:00+00:00,long,sell - direction_change,121550.5,122496.5,45036323165.77,0.73,1794.56
2025-10-09 02:00:00+00:00,short,buy,122496.5,,45013805004.19,-0.05,1794.51
2025-10-09 11:00:00+00:00,short,sell - direction_change,122496.5,122106.1,45134758441.15,0.27,1794.78
2025-10-09 11:00:00+00:00,long,buy,122106.1,,45112191061.93,-0.05,1794.73
2025-10-09 14:00:00+00:00,long,sell - direction_change,122106.1,122357.0,45182330161.3,0.16,1794.89
2025-10-09 14:00:00+00:00,short,buy,122357.0,,45159738996.22,-0.05,1794.84
2025-10-10 00:00:00+00:00,short,sell - direction_change,122357.0,121579.4,45424157116.56,0.59,1795.42
2025-10-10 00:00:00+00:00,long,buy,121579.4,,45401445038.01,-0.05,1795.37
2025-10-10 02:00:00+00:00,long,sell - direction_change,121579.4,121575.2,45377175907.77,-0.05,1795.32
2025-10-10 02:00:00+00:00,short,buy,121575.2,,45354487319.82,-0.05,1795.27
2025-10-10 03:00:00+00:00,short,sell - direction_change,121575.2,121007.1,45543743794.93,0.42,1795.69
2025-10-10 03:00:00+00:00,long,buy,121007.1,,45520971923.03,-0.05,1795.64
2025-10-10 07:00:00+00:00,long,sell - direction_change,121007.1,121315.1,45614076203.29,0.2,1795.84
2025-10-10 07:00:00+00:00,short,buy,121315.1,,45591269165.19,-0.05,1795.79
2025-10-10 08:00:00+00:00,short,sell - direction_change,121315.1,120886.1,45729695459.87,0.3,1796.1
2025-10-10 08:00:00+00:00,long,buy,120886.1,,45706830612.14,-0.05,1796.05
2025-10-10 09:00:00+00:00,long,sell - direction_change,120886.1,121570.5,45942747683.03,0.52,1796.56
2025-10-10 09:00:00+00:00,short,buy,121570.5,,45919776309.19,-0.05,1796.51
2025-10-10 10:00:00+00:00,short,sell - direction_change,121570.5,121250.0,46017876121.43,0.21,1796.73
2025-10-10 10:00:00+00:00,long,buy,121250.0,,45994867183.37,-0.05,1796.68
2025-10-10 14:00:00+00:00,long,sell - direction_change,121250.0,121609.1,46108090424.46,0.25,1796.92
2025-10-10 14:00:00+00:00,short,buy,121609.1,,46085036379.25,-0.05,1796.87
2025-10-10 17:05:00+00:00,short,sell - take_profit,121609.1,117960.827,47444544952.44,2.95,1799.82
2025-10-10 18:00:00+00:00,short,buy,117590.8,,47420822679.96,-0.05,1799.77
2025-10-10 20:56:00+00:00,short,sell - take_profit,117590.8,114063.076,48819736949.02,2.95,1802.72
2025-10-10 21:00:00+00:00,short,buy,114200.4,,48795327080.55,-0.05,1802.67
2025-10-10 21:13:00+00:00,short,sell - take_profit,114200.4,110774.38799999999,50234789229.42,2.95,1805.62
2025-10-10 22:00:00+00:00,short,buy,113253.6,,50209671834.81,-0.05,1805.57
2025-10-10 23:00:00+00:00,short,sell - direction_change,113253.6,113606.2,50028245872.77,-0.36,1805.21
2025-10-10 23:00:00+00:00,long,buy,113606.2,,50003231749.84,-0.05,1805.16
2025-10-11 00:00:00+00:00,long,sell - stop_loss,113606.2,112470.13799999999,49478197816.46,-1.05,1804.11
2025-10-11 01:00:00+00:00,short,buy,112463.3,,49453458717.56,-0.05,1804.06
2025-10-11 02:00:00+00:00,short,sell - direction_change,112463.3,111060.0,50045804745.43,1.2,1805.26
2025-10-11 02:00:00+00:00,long,buy,111060.0,,50020781843.06,-0.05,1805.21
2025-10-11 04:00:00+00:00,long,sell - direction_change,111060.0,112261.6,50536965144.4,1.03,1806.24
2025-10-11 04:00:00+00:00,short,buy,112261.6,,50511696661.82,-0.05,1806.19
2025-10-11 16:00:00+00:00,short,sell - direction_change,112261.6,111744.4,50719153063.39,0.41,1806.6
2025-10-11 16:00:00+00:00,long,buy,111744.4,,50693793486.86,-0.05,1806.55
2025-10-11 19:00:00+00:00,long,sell - direction_change,111744.4,111907.2,50742302188.97,0.1,1806.65
2025-10-11 19:00:00+00:00,short,buy,111907.2,,50716931037.87,-0.05,1806.6
2025-10-12 04:00:00+00:00,short,sell - direction_change,111907.2,110643.3,51264378693.31,1.08,1807.68
2025-10-12 04:00:00+00:00,long,buy,110643.3,,51238746503.96,-0.05,1807.63
2025-10-12 16:05:00+00:00,long,sell - take_profit,110643.3,113962.599,52750289525.83,2.95,1810.58
2025-10-12 17:00:00+00:00,long,buy,113993.4,,52723914381.06,-0.05,1810.53
2025-10-14 02:00:00+00:00,long,sell - direction_change,113993.4,114216.1,52800555016.41,0.15,1810.67
2025-10-14 02:00:00+00:00,short,buy,114216.1,,52774154738.91,-0.05,1810.62
2025-10-14 10:17:00+00:00,short,sell - take_profit,114216.1,110789.617,54330992303.7,2.95,1813.57
2025-10-14 11:00:00+00:00,short,buy,110573.9,,54303826807.55,-0.05,1813.52
2025-10-14 14:15:00+00:00,short,sell - stop_loss,110573.9,111679.639,53733636626.07,-1.05,1812.47
2025-10-14 15:00:00+00:00,long,buy,111369.2,,53706769807.76,-0.05,1812.42
2025-10-15 03:00:00+00:00,long,sell - direction_change,111369.2,112763.2,54352160069.32,1.2,1813.62
2025-10-15 03:00:00+00:00,short,buy,112763.2,,54324983989.29,-0.05,1813.57
2025-10-15 06:00:00+00:00,short,sell - direction_change,112763.2,112378.0,54483396080.42,0.29,1813.87
2025-10-15 06:00:00+00:00,long,buy,112378.0,,54456154382.38,-0.05,1813.82
2025-10-15 10:00:00+00:00,long,sell - direction_change,112378.0,112506.1,54491001029.57,0.06,1813.88
2025-10-15 10:00:00+00:00,short,buy,112506.1,,54463755529.06,-0.05,1813.83
2025-10-16 01:00:00+00:00,short,sell - direction_change,112506.1,110387.1,55462323123.2,1.83,1815.66
2025-10-16 01:00:00+00:00,long,buy,110387.1,,55434591961.64,-0.05,1815.61
2025-10-16 07:00:00+00:00,long,sell - direction_change,110387.1,111604.0,56017981896.1,1.05,1816.67
2025-10-16 07:00:00+00:00,short,buy,111604.0,,55989972905.16,-0.05,1816.62
2025-10-16 08:00:00+00:00,short,sell - direction_change,111604.0,110518.2,56506706714.99,0.92,1817.54
2025-10-16 08:00:00+00:00,long,buy,110518.2,,56478453361.63,-0.05,1817.49
2025-10-16 09:35:00+00:00,long,sell - stop_loss,110518.2,109413.018,55885429601.33,-1.05,1816.44
2025-10-16 10:00:00+00:00,long,buy,111099.9,,55857486886.53,-0.05,1816.39
2025-10-16 14:00:00+00:00,long,sell - direction_change,111099.9,110794.7,55676113315.53,-0.32,1816.06
2025-10-16 14:00:00+00:00,short,buy,110794.7,,55648275258.87,-0.05,1816.01
2025-10-16 20:34:00+00:00,short,sell - take_profit,110794.7,107470.859,57289899379.0,2.95,1818.96
2025-10-16 21:00:00+00:00,short,buy,107796.4,,57261254429.31,-0.05,1818.91
2025-10-17 01:04:00+00:00,short,sell - stop_loss,107796.4,108874.364,56660011257.81,-1.05,1817.86
2025-10-17 02:00:00+00:00,short,buy,108774.3,,56631681252.18,-0.05,1817.81
2025-10-17 03:00:00+00:00,short,sell - direction_change,108774.3,108916.6,56529279085.63,-0.18,1817.63
2025-10-17 03:00:00+00:00,long,buy,108916.6,,56501014446.08,-0.05,1817.58
2025-10-17 06:00:00+00:00,long,sell - direction_change,108916.6,108328.0,56167424834.42,-0.59,1816.99
2025-10-17 06:00:00+00:00,short,buy,108328.0,,56139341122.0,-0.05,1816.94
2025-10-17 08:04:00+00:00,short,sell - take_profit,108328.0,105078.16,57795451685.1,2.95,1819.89
2025-10-17 09:00:00+00:00,short,buy,104845.2,,57766553959.26,-0.05,1819.84
2025-10-17 11:15:00+00:00,short,sell - stop_loss,104845.2,105893.652,57160005142.68,-1.05,1818.79
2025-10-17 12:00:00+00:00,short,buy,105610.5,,57131425140.11,-0.05,1818.74
2025-10-17 15:57:00+00:00,short,sell - stop_loss,105610.5,106666.605,56531545176.14,-1.05,1817.69
2025-10-17 16:00:00+00:00,short,buy,106750.0,,56503279403.55,-0.05,1817.64
2025-10-17 18:00:00+00:00,short,sell - direction_change,106750.0,106405.2,56657532033.06,0.27,1817.92
2025-10-17 18:00:00+00:00,long,buy,106405.2,,56629203267.05,-0.05,1817.87
2025-10-19 06:00:00+00:00,long,sell - direction_change,106405.2,106846.0,56835483899.48,0.36,1818.23
2025-10-19 06:00:00+00:00,short,buy,106846.0,,56807066157.53,-0.05,1818.18
2025-10-19 07:00:00+00:00,short,sell - direction_change,106846.0,106726.8,56842037971.08,0.06,1818.24
2025-10-19 07:00:00+00:00,long,buy,106726.8,,56813616952.1,-0.05,1818.19
2025-10-19 08:00:00+00:00,long,sell - direction_change,106726.8,106733.3,56788670272.76,-0.04,1818.15
2025-10-19 08:00:00+00:00,short,buy,106733.3,,56760275937.62,-0.05,1818.1
2025-10-19 09:00:00+00:00,short,sell - direction_change,106733.3,106401.2,56908505045.68,0.26,1818.36
2025-10-19 09:00:00+00:00,long,buy,106401.2,,56880050793.15,-0.05,1818.31
2025-10-20 03:50:00+00:00,long,sell - take_profit,106401.2,109593.236,58558012291.55,2.95,1821.26
2025-10-20 04:00:00+00:00,long,buy,110100.3,,58528733285.41,-0.05,1821.21
2025-10-21 02:00:00+00:00,long,sell - direction_change,110100.3,109804.2,58342063735.26,-0.32,1820.89
2025-10-21 02:00:00+00:00,short,buy,109804.2,,58312892703.39,-0.05,1820.84
2025-10-21 14:00:00+00:00,short,sell - direction_change,109804.2,108384.4,59037738791.19,1.24,1822.08
2025-10-21 14:00:00+00:00,long,buy,108384.4,,59008219921.79,-0.05,1822.03
2025-10-21 14:55:00+00:00,long,sell - take_profit,108384.4,111635.932,60748962409.48,2.95,1824.98
2025-10-21 15:00:00+00:00,long,buy,112127.6,,60718587928.28,-0.05,1824.93
2025-10-21 20:16:00+00:00,long,sell - stop_loss,112127.6,111006.32400000001,60081042755.03,-1.05,1823.88
2025-10-21 21:00:00+00:00,long,buy,110733.0,,60051002233.65,-0.05,1823.83
2025-10-21 22:28:00+00:00,long,sell - stop_loss,110733.0,109625.67,59420466710.2,-1.05,1822.78
2025-10-21 23:00:00+00:00,long,buy,109008.0,,59390756476.85,-0.05,1822.73
2025-10-22 00:28:00+00:00,long,sell - stop_loss,109008.0,107917.92,58767153533.84,-1.05,1821.68
2025-10-22 01:00:00+00:00,short,buy,107930.1,,58737769957.07,-0.05,1821.63
2025-10-22 02:00:00+00:00,short,sell - direction_change,107930.1,108313.6,58499692521.11,-0.41,1821.23
2025-10-22 02:00:00+00:00,long,buy,108313.6,,58470442674.85,-0.05,1821.18
2025-10-22 03:00:00+00:00,long,sell - direction_change,108313.6,108159.3,58357912379.72,-0.19,1820.98
2025-10-22 03:00:00+00:00,short,buy,108159.3,,58328733423.53,-0.05,1820.93
2025-10-22 13:00:00+00:00,short,sell - direction_change,108159.3,107976.9,58397934717.25,0.12,1821.05
2025-10-22 13:00:00+00:00,long,buy,107976.9,,58368735749.89,-0.05,1821.0
2025-10-22 18:00:00+00:00,long,sell - direction_change,107976.9,107743.3,58213274959.27,-0.27,1820.74
2025-10-22 18:00:00+00:00,short,buy,107743.3,,58184168321.79,-0.05,1820.69
2025-10-22 20:00:00+00:00,short,sell - direction_change,107743.3,107829.1,58108742018.78,-0.13,1820.56
2025-10-22 20:00:00+00:00,long,buy,107829.1,,58079687647.77,-0.05,1820.51
2025-10-22 21:00:00+00:00,long,sell - direction_change,107829.1,107644.4,57951163357.65,-0.22,1820.29
2025-10-22 21:00:00+00:00,short,buy,107644.4,,57922187775.97,-0.05,1820.24
2025-10-22 22:00:00+00:00,short,sell - direction_change,107644.4,107159.7,58154038061.17,0.4,1820.64
2025-10-22 22:00:00+00:00,long,buy,107159.7,,58124961042.14,-0.05,1820.59
2025-10-22 23:00:00+00:00,long,sell - direction_change,107159.7,107142.6,58086623275.91,-0.07,1820.52
2025-10-22 23:00:00+00:00,short,buy,107142.6,,58057579964.27,-0.05,1820.47
2025-10-23 01:00:00+00:00,short,sell - direction_change,107142.6,107815.6,57663871286.77,-0.68,1819.79
2025-10-23 01:00:00+00:00,long,buy,107815.6,,57635039351.13,-0.05,1819.74
2025-10-23 17:48:00+00:00,long,sell - take_profit,107815.6,111050.06800000001,59335273011.99,2.95,1822.69
2025-10-23 18:00:00+00:00,long,buy,111175.6,,59305605375.48,-0.05,1822.64
2025-10-23 19:04:00+00:00,long,sell - stop_loss,111175.6,110063.84400000001,58682896519.04,-1.05,1821.59
2025-10-23 20:00:00+00:00,long,buy,110137.9,,58653555070.78,-0.05,1821.54
2025-10-24 17:00:00+00:00,long,sell - direction_change,110137.9,110222.3,58669175219.31,0.03,1821.57
2025-10-24 17:00:00+00:00,short,buy,110222.3,,58639840631.7,-0.05,1821.52
2025-10-24 18:00:00+00:00,short,sell - direction_change,110222.3,110173.7,58636376606.74,-0.01,1821.51
2025-10-24 18:00:00+00:00,long,buy,110173.7,,58607058418.43,-0.05,1821.46
2025-10-26 03:00:00+00:00,long,sell - direction_change,110173.7,111404.6,59232533917.32,1.07,1822.53
2025-10-26 03:00:00+00:00,short,buy,111404.6,,59202917650.36,-0.05,1822.48
2025-10-26 05:00:00+00:00,short,sell - direction_change,111404.6,111378.4,59187239462.59,-0.03,1822.45
2025-10-26 05:00:00+00:00,long,buy,111378.4,,59157645842.85,-0.05,1822.4
2025-10-26 22:03:00+00:00,long,sell - take_profit,111378.4,114719.752,60902796395.22,2.95,1825.35
2025-10-26 23:00:00+00:00,long,buy,114631.7,,60872344997.02,-0.05,1825.3
2025-10-27 20:00:00+00:00,long,sell - direction_change,114631.7,114894.8,60981621608.76,0.18,1825.48
2025-10-27 20:00:00+00:00,short,buy,114894.8,,60951130797.95,-0.05,1825.43
2025-10-28 09:00:00+00:00,short,sell - direction_change,114894.8,114370.5,61198793824.36,0.41,1825.84
2025-10-28 09:00:00+00:00,long,buy,114370.5,,61168194427.45,-0.05,1825.79
2025-10-28 11:00:00+00:00,long,sell - direction_change,114370.5,114543.4,61230081560.28,0.1,1825.89
2025-10-28 11:00:00+00:00,short,buy,114543.4,,61199466519.5,-0.05,1825.84
2025-10-28 12:00:00+00:00,short,sell - direction_change,114543.4,114290.6,61303935460.09,0.17,1826.01
2025-10-28 12:00:00+00:00,long,buy,114290.6,,61273283492.36,-0.05,1825.96
2025-10-28 20:04:00+00:00,long,sell - stop_loss,114290.6,113147.694,60629914015.69,-1.05,1824.91
2025-10-28 21:00:00+00:00,long,buy,112744.6,,60599599058.68,-0.05,1824.86
2025-10-28 22:00:00+00:00,long,sell - direction_change,112744.6,112935.4,60671853204.09,0.12,1824.98
2025-10-28 22:00:00+00:00,short,buy,112935.4,,60641517277.49,-0.05,1824.93
2025-10-29 09:00:00+00:00,short,sell - direction_change,112935.4,113005.3,60573663185.12,-0.11,1824.82
2025-10-29 09:00:00+00:00,long,buy,113005.3,,60543376353.53,-0.05,1824.77
2025-10-29 13:00:00+00:00,long,sell - direction_change,113005.3,113102.4,60565126666.48,0.04,1824.8
2025-10-29 13:00:00+00:00,short,buy,113102.4,,60534844103.15,-0.05,1824.75
2025-10-29 18:39:00+00:00,short,sell - take_profit,113102.4,109709.328,62320622004.19,2.95,1827.7
2025-10-29 19:00:00+00:00,short,buy,110743.0,,62289461693.19,-0.05,1827.65
2025-10-30 07:00:00+00:00,short,sell - direction_change,110743.0,110720.1,62271197493.6,-0.03,1827.63
2025-10-30 07:00:00+00:00,long,buy,110720.1,,62240061894.85,-0.05,1827.58
2025-10-30 10:00:00+00:00,long,sell - direction_change,110720.1,110129.6,61876998914.53,-0.58,1826.99
2025-10-30 10:00:00+00:00,short,buy,110129.6,,61846060415.07,-0.05,1826.94
2025-10-30 17:23:00+00:00,short,sell - take_profit,110129.6,106825.712,63670519197.32,2.95,1829.89
2025-10-30 18:00:00+00:00,short,buy,107446.2,,63638683937.72,-0.05,1829.84
2025-10-30 23:00:00+00:00,short,sell - direction_change,107446.2,107858.6,63362606601.93,-0.43,1829.41
2025-10-30 23:00:00+00:00,long,buy,107858.6,,63330925298.63,-0.05,1829.36
2025-10-31 14:56:00+00:00,long,sell - take_profit,107858.6,111094.35800000001,65199187594.94,2.95,1832.31
2025-10-31 15:00:00+00:00,long,buy,110750.5,,65166588001.14,-0.05,1832.26
2025-10-31 16:42:00+00:00,long,sell - stop_loss,110750.5,109642.995,64482338827.13,-1.05,1831.21
2025-10-31 17:00:00+00:00,long,buy,108812.8,,64450097657.71,-0.05,1831.16
2025-11-02 01:00:00+00:00,long,sell - direction_change,108812.8,109932.2,65080896070.44,0.98,1832.14
2025-11-02 01:00:00+00:00,short,buy,109932.2,,65048355622.41,-0.05,1832.09
2025-11-02 04:00:00+00:00,short,sell - direction_change,109932.2,110008.4,64970742883.66,-0.12,1831.97
2025-11-02 04:00:00+00:00,long,buy,110008.4,,64938257512.22,-0.05,1831.92
2025-11-02 18:00:00+00:00,long,sell - direction_change,110008.4,110142.1,64984711856.85,0.07,1831.99
2025-11-02 18:00:00+00:00,short,buy,110142.1,,64952219500.92,-0.05,1831.94
2025-11-02 23:00:00+00:00,short,sell - direction_change,110142.1,109860.9,65085570664.52,0.21,1832.14
2025-11-02 23:00:00+00:00,long,buy,109860.9,,65053027879.18,-0.05,1832.09
2025-11-03 00:00:00+00:00,long,sell - direction_change,109860.9,110494.9,65395918093.81,0.53,1832.62
2025-11-03 00:00:00+00:00,short,buy,110494.9,,65363220134.76,-0.05,1832.57
2025-11-03 06:45:00+00:00,short,sell - take_profit,110494.9,107180.05299999999,67291435128.74,2.95,1835.52
2025-11-03 07:00:00+00:00,short,buy,107452.8,,67257789411.18,-0.05,1835.47
2025-11-04 01:00:00+00:00,short,sell - direction_change,107452.8,106428.8,67865111486.17,0.9,1836.37
2025-11-04 01:00:00+00:00,long,buy,106428.8,,67831178930.43,-0.05,1836.32
2025-11-04 02:00:00+00:00,long,sell - direction_change,106428.8,106990.9,68155511349.74,0.48,1836.8
2025-11-04 02:00:00+00:00,short,buy,106990.9,,68121433594.07,-0.05,1836.75
2025-11-04 03:00:00+00:00,short,sell - direction_change,106990.9,106438.0,68439406000.03,0.47,1837.22
2025-11-04 03:00:00+00:00,long,buy,106438.0,,68405186297.03,-0.05,1837.17
2025-11-04 05:00:00+00:00,long,sell - direction_change,106438.0,106702.7,68541100136.11,0.2,1837.37
2025-11-04 05:00:00+00:00,short,buy,106702.7,,68506829586.04,-0.05,1837.32
2025-11-04 10:00:00+00:00,short,sell - direction_change,106702.7,103822.4,70321828544.96,2.65,1839.97
2025-11-04 10:00:00+00:00,long,buy,103822.4,,70286667630.69,-0.05,1839.92
2025-11-04 11:00:00+00:00,long,sell - direction_change,103822.4,103787.0,70227558870.97,-0.08,1839.83
2025-11-04 11:00:00+00:00,short,buy,103787.0,,70192445091.53,-0.05,1839.78
2025-11-04 18:04:00+00:00,short,sell - take_profit,103787.0,100673.39,72263122221.73,2.95,1842.73
2025-11-04 19:00:00+00:00,short,buy,101317.3,,72226990660.62,-0.05,1842.68
2025-11-05 04:00:00+00:00,short,sell - direction_change,101317.3,102094.8,71636613626.5,-0.82,1841.87
2025-11-05 04:00:00+00:00,long,buy,102094.8,,71600795319.69,-0.05,1841.82
2025-11-06 09:00:00+00:00,long,sell - direction_change,102094.8,103161.3,72312949256.71,0.99,1842.81
2025-11-06 09:00:00+00:00,short,buy,103161.3,,72276792782.08,-0.05,1842.76
2025-11-06 10:00:00+00:00,short,sell - direction_change,103161.3,102766.4,72517328928.08,0.33,1843.09
2025-11-06 10:00:00+00:00,long,buy,102766.4,,72481070263.62,-0.05,1843.04
2025-11-06 12:00:00+00:00,long,sell - direction_change,102766.4,103182.6,72738375298.28,0.35,1843.4
2025-11-06 12:00:00+00:00,short,buy,103182.6,,72702006110.63,-0.05,1843.35
2025-11-06 13:00:00+00:00,short,sell - direction_change,103182.6,102507.1,73141609436.38,0.6,1843.95
2025-11-06 13:00:00+00:00,long,buy,102507.1,,73105038631.66,-0.05,1843.9
2025-11-06 14:00:00+00:00,long,sell - direction_change,102507.1,103269.9,73612492561.35,0.69,1844.6
2025-11-06 14:00:00+00:00,short,buy,103269.9,,73575686315.07,-0.05,1844.55
2025-11-07 02:00:00+00:00,short,sell - direction_change,103269.9,101501.3,74798955456.73,1.66,1846.21
2025-11-07 02:00:00+00:00,long,buy,101501.3,,74761555979.0,-0.05,1846.16
2025-11-07 09:00:00+00:00,long,sell - direction_change,101501.3,101461.8,74695081175.01,-0.09,1846.07
2025-11-07 09:00:00+00:00,short,buy,101461.8,,74657733634.43,-0.05,1846.02
2025-11-07 17:00:00+00:00,short,sell - direction_change,101461.8,101128.3,74865801105.61,0.28,1846.3
2025-11-07 17:00:00+00:00,long,buy,101128.3,,74828368205.06,-0.05,1846.25
2025-11-08 11:00:00+00:00,long,sell - direction_change,101128.3,102430.8,75754719352.59,1.24,1847.49
2025-11-08 11:00:00+00:00,short,buy,102430.8,,75716841992.91,-0.05,1847.44
2025-11-08 21:00:00+00:00,short,sell - direction_change,102430.8,102024.3,75979468350.62,0.35,1847.78
2025-11-08 21:00:00+00:00,long,buy,102024.3,,75941478616.44,-0.05,1847.73
2025-11-09 00:00:00+00:00,long,sell - direction_change,102024.3,102269.3,76085872884.89,0.19,1847.92
2025-11-09 00:00:00+00:00,short,buy,102269.3,,76047829948.45,-0.05,1847.87
2025-11-09 01:00:00+00:00,short,sell - direction_change,102269.3,101749.9,76396033795.62,0.46,1848.33
2025-11-09 01:00:00+00:00,long,buy,101749.9,,76357835778.72,-0.05,1848.28
2025-11-09 02:00:00+00:00,long,sell - direction_change,101749.9,101995.4,76503891427.0,0.19,1848.47
2025-11-09 02:00:00+00:00,short,buy,101995.4,,76465639481.28,-0.05,1848.42
2025-11-09 11:00:00+00:00,short,sell - direction_change,101995.4,101829.3,76551931323.61,0.11,1848.54
2025-11-09 11:00:00+00:00,long,buy,101829.3,,76513655357.95,-0.05,1848.49
2025-11-09 20:00:00+00:00,long,sell - take_profit,101829.3,104884.179,78770808191.01,2.95,1851.44
2025-11-09 21:00:00+00:00,long,buy,104585.4,,78731422786.92,-0.05,1851.39
2025-11-11 07:00:00+00:00,long,sell - direction_change,104585.4,105202.0,79156230806.18,0.54,1851.93
2025-11-11 07:00:00+00:00,short,buy,105202.0,,79116652690.78,-0.05,1851.88
2025-11-12 05:00:00+00:00,short,sell - direction_change,105202.0,103200.0,80582688732.29,1.85,1853.73
2025-11-12 05:00:00+00:00,long,buy,103200.0,,80542397387.92,-0.05,1853.68
2025-11-12 15:52:00+00:00,long,sell - stop_loss,103200.0,102168.0,79696702215.35,-1.05,1852.63
2025-11-12 16:00:00+00:00,long,buy,102124.9,,79656853864.24,-0.05,1852.58
2025-11-12 18:00:00+00:00,long,sell - direction_change,102124.9,101700.0,79285605801.09,-0.47,1852.11
2025-11-12 18:00:00+00:00,short,buy,101700.0,,79245962998.19,-0.05,1852.06
2025-11-13 02:00:00+00:00,short,sell - direction_change,101700.0,101960.1,79003666713.09,-0.31,1851.76
2025-11-13 02:00:00+00:00,long,buy,101960.1,,78964164879.74,-0.05,1851.71
2025-11-13 03:00:00+00:00,long,sell - direction_change,101960.1,102015.0,78967200729.82,0.0,1851.71
2025-11-13 03:00:00+00:00,short,buy,102015.0,,78927717129.45,-0.05,1851.66
2025-11-13 04:00:00+00:00,short,sell - direction_change,102015.0,102088.0,78831774092.82,-0.12,1851.54
2025-11-13 04:00:00+00:00,long,buy,102088.0,,78792358205.78,-0.05,1851.49
2025-11-13 15:00:00+00:00,long,sell - direction_change,102088.0,102823.4,79320549796.29,0.67,1852.16
2025-11-13 15:00:00+00:00,short,buy,102823.4,,79280889521.39,-0.05,1852.11
2025-11-13 17:00:00+00:00,short,sell - direction_change,102823.4,100580.3,80970767486.7,2.13,1854.24
2025-11-13 17:00:00+00:00,long,buy,100580.3,,80930282102.95,-0.05,1854.19
2025-11-13 17:59:00+00:00,long,sell - stop_loss,100580.3,99574.497,80080514140.87,-1.05,1853.14
2025-11-13 18:00:00+00:00,long,buy,99601.4,,80040473883.8,-0.05,1853.09
2025-11-13 18:34:00+00:00,long,sell - stop_loss,99601.4,98605.386,79200048908.02,-1.05,1852.04
2025-11-13 19:00:00+00:00,short,buy,98539.6,,79160448883.57,-0.05,1851.99
2025-11-13 22:37:00+00:00,short,sell - stop_loss,98539.6,99524.99600000001,78329264170.29,-1.05,1850.94
2025-11-13 23:00:00+00:00,short,buy,99820.5,,78290099538.2,-0.05,1850.89
2025-11-14 04:38:00+00:00,short,sell - take_profit,99820.5,96825.885,80599657474.58,2.95,1853.84
2025-11-14 05:00:00+00:00,short,buy,97789.7,,80559357645.84,-0.05,1853.79
2025-11-14 12:39:00+00:00,short,sell - take_profit,97789.7,94856.00899999999,82935858696.4,2.95,1856.74
2025-11-14 13:00:00+00:00,short,buy,95327.0,,82894390767.05,-0.05,1856.69
2025-11-14 14:36:00+00:00,short,sell - stop_loss,95327.0,96280.27,82023999663.99,-1.05,1855.64
2025-11-14 15:00:00+00:00,short,buy,96497.7,,81982987664.16,-0.05,1855.59
2025-11-15 02:00:00+00:00,short,sell - direction_change,96497.7,95617.0,82690225581.35,0.86,1856.45
2025-11-15 02:00:00+00:00,long,buy,95617.0,,82648880468.56,-0.05,1856.4
2025-11-15 22:00:00+00:00,long,sell - direction_change,95617.0,95245.4,82286354526.69,-0.44,1855.97
2025-11-15 22:00:00+00:00,short,buy,95245.4,,82245211349.42,-0.05,1855.92
2025-11-16 02:00:00+00:00,short,sell - direction_change,95245.4,95243.7,82205556708.18,-0.05,1855.87
2025-11-16 02:00:00+00:00,long,buy,95243.7,,82164453929.82,-0.05,1855.82
2025-11-16 03:00:00+00:00,long,sell - direction_change,95243.7,95934.2,82719049479.33,0.67,1856.49
2025-11-16 03:00:00+00:00,short,buy,95934.2,,82677689954.59,-0.05,1856.44
2025-11-16 04:00:00+00:00,short,sell - direction_change,95934.2,95782.0,82767519602.3,0.11,1856.55
2025-11-16 04:00:00+00:00,long,buy,95782.0,,82726135842.5,-0.05,1856.5
2025-11-16 13:00:00+00:00,long,sell - direction_change,95782.0,95713.6,82625696249.85,-0.12,1856.38
2025-11-16 13:00:00+00:00,short,buy,95713.6,,82584383401.72,-0.05,1856.33
2025-11-16 14:00:00+00:00,short,sell - direction_change,95713.6,95371.9,82837919570.97,0.31,1856.64
2025-11-16 14:00:00+00:00,long,buy,95371.9,,82796500611.18,-0.05,1856.59
2025-11-16 15:00:00+00:00,long,sell - direction_change,95371.9,95487.1,82855112498.77,0.07,1856.66
2025-11-16 15:00:00+00:00,short,buy,95487.1,,82813684942.52,-0.05,1856.61
2025-11-17 00:00:00+00:00,short,sell - direction_change,95487.1,94221.7,83869729346.62,1.28,1857.88
2025-11-17 00:00:00+00:00,long,buy,94221.7,,83827794481.95,-0.05,1857.83
2025-11-17 13:00:00+00:00,long,sell - direction_change,94221.7,95283.4,84730460966.95,1.08,1858.91
2025-11-17 13:00:00+00:00,short,buy,95283.4,,84688095736.46,-0.05,1858.86
2025-11-17 14:00:00+00:00,short,sell - direction_change,95283.4,93913.6,85863232944.93,1.39,1860.25
2025-11-17 14:00:00+00:00,long,buy,93913.6,,85820301328.46,-0.05,1860.2
2025-11-17 17:00:00+00:00,long,sell - direction_change,93913.6,94267.0,86100335825.74,0.33,1860.52
2025-11-17 17:00:00+00:00,short,buy,94267.0,,86057285657.83,-0.05,1860.47
2025-11-17 20:01:00+00:00,short,sell - take_profit,94267.0,91438.98999999999,88595975584.73,2.95,1863.42
2025-11-17 21:00:00+00:00,short,buy,91880.0,,88551677596.94,-0.05,1863.37
2025-11-18 03:00:00+00:00,short,sell - direction_change,91880.0,90837.6,89512041165.27,1.08,1864.46
2025-11-18 03:00:00+00:00,long,buy,90837.6,,89467285144.69,-0.05,1864.41
2025-11-18 03:30:00+00:00,long,sell - stop_loss,90837.6,89929.224,88527878650.67,-1.05,1863.36
2025-11-18 04:00:00+00:00,short,buy,90811.8,,88483614711.35,-0.05,1863.31
2025-11-18 11:00:00+00:00,short,sell - direction_change,90811.8,91536.3,87733447254.92,-0.85,1862.46
2025-11-18 11:00:00+00:00,long,buy,91536.3,,87689580531.29,-0.05,1862.41
2025-11-19 05:34:00+00:00,long,sell - stop_loss,91536.3,90620.937,86768839935.71,-1.05,1861.36
2025-11-19 06:00:00+00:00,short,buy,90415.7,,86725455515.74,-0.05,1861.31
2025-11-19 07:00:00+00:00,short,sell - direction_change,90415.7,90938.5,86180630451.87,-0.63,1860.68
2025-11-19 07:00:00+00:00,long,buy,90938.5,,86137540136.64,-0.05,1860.63
2025-11-19 08:00:00+00:00,long,sell - direction_change,90938.5,91826.6,86935685477.16,0.93,1861.56
2025-11-19 08:00:00+00:00,short,buy,91826.6,,86892217634.42,-0.05,1861.51
2025-11-19 14:00:00+00:00,short,sell - direction_change,91826.6,91361.9,87288500466.18,0.46,1861.96
2025-11-19 14:00:00+00:00,long,buy,91361.9,,87244856215.95,-0.05,1861.91
2025-11-19 15:00:00+00:00,long,sell - direction_change,91361.9,91670.6,87496022831.34,0.29,1862.2
2025-11-19 15:00:00+00:00,short,buy,91670.6,,87452274819.93,-0.05,1862.15
2025-11-19 17:36:00+00:00,short,sell - take_profit,91670.6,88920.482,90032116927.12,2.95,1865.1
2025-11-19 18:00:00+00:00,short,buy,89459.8,,89987100868.65,-0.05,1865.05
2025-11-19 21:20:00+00:00,short,sell - stop_loss,89459.8,90354.398,89042236309.53,-1.05,1864.0
2025-11-19 22:00:00+00:00,short,buy,90553.8,,88997715191.38,-0.05,1863.95
2025-11-19 23:00:00+00:00,short,sell - direction_change,90553.8,90434.4,89070564553.23,0.08,1864.03
2025-11-19 23:00:00+00:00,long,buy,90434.4,,89026029270.95,-0.05,1863.98
2025-11-20 05:08:00+00:00,long,sell - take_profit,90434.4,93147.432,91652297134.44,2.95,1866.93
2025-11-20 06:00:00+00:00,long,buy,92581.6,,91606470985.87,-0.05,1866.88
2025-11-20 06:51:00+00:00,long,sell - stop_loss,92581.6,91655.784,90644603040.52,-1.05,1865.83
2025-11-20 07:00:00+00:00,long,buy,91938.2,,90599280739.0,-0.05,1865.78
2025-11-20 14:00:00+00:00,long,sell - direction_change,91938.2,91479.6,90102059806.43,-0.55,1865.24
2025-11-20 14:00:00+00:00,short,buy,91479.6,,90057008776.53,-0.05,1865.19
2025-11-20 15:00:00+00:00,short,sell - direction_change,91479.6,91064.4,90420723533.41,0.4,1865.59
2025-11-20 15:00:00+00:00,long,buy,91064.4,,90375513171.65,-0.05,1865.54
2025-11-20 15:51:00+00:00,long,sell - stop_loss,91064.4,90153.756,89426570283.34,-1.05,1864.49
2025-11-20 16:00:00+00:00,long,buy,89835.5,,89381856998.2,-0.05,1864.44
2025-11-20 16:07:00+00:00,long,sell - stop_loss,89835.5,88937.145,88443347499.72,-1.05,1863.39
2025-11-20 17:00:00+00:00,short,buy,87855.5,,88399125825.97,-0.05,1863.34
2025-11-21 07:20:00+00:00,short,sell - take_profit,87855.5,85219.83499999999,91006900037.84,2.95,1866.29
2025-11-21 08:00:00+00:00,short,buy,84006.7,,90961396587.82,-0.05,1866.24
2025-11-21 12:21:00+00:00,short,sell - take_profit,84006.7,81486.499,93644757787.16,2.95,1869.19
2025-11-21 13:00:00+00:00,short,buy,83240.1,,93597935408.26,-0.05,1869.14
2025-11-21 13:17:00+00:00,short,sell - stop_loss,83240.1,84072.501,92615157086.48,-1.05,1868.09
2025-11-21 14:00:00+00:00,long,buy,84065.3,,92568849507.93,-0.05,1868.04
2025-11-21 15:00:00+00:00,long,sell - direction_change,84065.3,84801.0,93332684152.32,0.83,1868.86
2025-11-21 15:00:00+00:00,short,buy,84801.0,,93286017810.24,-0.05,1868.81
2025-11-21 17:00:00+00:00,short,sell - direction_change,84801.0,84883.0,93149170045.97,-0.15,1868.67
2025-11-21 17:00:00+00:00,long,buy,84883.0,,93102595460.94,-0.05,1868.62
2025-11-21 18:05:00+00:00,long,sell - stop_loss,84883.0,84034.17,92125018208.6,-1.05,1867.57
2025-11-21 19:00:00+00:00,long,buy,84534.2,,92078955699.5,-0.05,1867.52
2025-11-21 20:23:00+00:00,long,sell - stop_loss,84534.2,83688.858,91112126664.65,-1.05,1866.47
2025-11-21 21:00:00+00:00,long,buy,84529.0,,91066570601.32,-0.05,1866.42
2025-11-22 08:00:00+00:00,long,sell - direction_change,84529.0,84537.4,91030086981.73,-0.04,1866.38
2025-11-22 08:00:00+00:00,short,buy,84537.4,,90984571938.24,-0.05,1866.33
2025-11-22 09:00:00+00:00,short,sell - direction_change,84537.4,83979.3,91539742667.68,0.61,1866.94
2025-11-22 09:00:00+00:00,long,buy,83979.3,,91493972796.35,-0.05,1866.89
2025-11-22 11:00:00+00:00,long,sell - direction_change,83979.3,83666.0,91106890961.04,-0.42,1866.46
2025-11-22 11:00:00+00:00,short,buy,83666.0,,91061337515.56,-0.05,1866.41
2025-11-22 14:00:00+00:00,short,sell - direction_change,83666.0,83907.9,90752525017.32,-0.34,1866.08
2025-11-22 14:00:00+00:00,long,buy,83907.9,,90707148754.82,-0.05,1866.03
2025-11-23 04:09:00+00:00,long,sell - take_profit,83907.9,86425.137,93383009643.08,2.95,1868.98
2025-11-23 05:00:00+00:00,long,buy,86499.4,,93336318138.26,-0.05,1868.93
2025-11-23 07:05:00+00:00,long,sell - stop_loss,86499.4,85634.40599999999,92356286797.81,-1.05,1867.88
2025-11-23 08:00:00+00:00,long,buy,85732.1,,92310108654.41,-0.05,1867.83
2025-11-24 09:00:00+00:00,long,sell - direction_change,85732.1,86916.4,93539121963.85,1.33,1869.16
2025-11-24 09:00:00+00:00,short,buy,86916.4,,93492352402.87,-0.05,1869.11
2025-11-24 16:00:00+00:00,short,sell - direction_change,86916.4,86571.1,93817031058.86,0.35,1869.45
2025-11-24 16:00:00+00:00,long,buy,86571.1,,93770122543.33,-0.05,1869.4
2025-11-24 20:54:00+00:00,long,sell - take_profit,86571.1,89168.23300000001,96536341158.36,2.95,1872.35
2025-11-24 21:00:00+00:00,long,buy,89018.6,,96488072987.78,-0.05,1872.3
2025-11-25 00:01:00+00:00,long,sell - stop_loss,89018.6,88128.414,95474948221.41,-1.05,1871.25
2025-11-25 01:00:00+00:00,long,buy,88058.0,,95427210747.3,-0.05,1871.2
2025-11-25 08:49:00+00:00,long,sell - stop_loss,88058.0,87177.42,94425225034.45,-1.05,1870.15
2025-11-25 09:00:00+00:00,long,buy,86978.6,,94378012421.93,-0.05,1870.1
2025-11-25 10:00:00+00:00,long,sell - direction_change,86978.6,87194.3,94564873369.15,0.2,1870.3
2025-11-25 10:00:00+00:00,short,buy,87194.3,,94517590932.47,-0.05,1870.25
2025-11-25 11:00:00+00:00,short,sell - direction_change,87194.3,87358.5,94292341277.15,-0.24,1870.01
2025-11-25 11:00:00+00:00,long,buy,87358.5,,94245195106.51,-0.05,1869.96
2025-11-25 13:00:00+00:00,long,sell - direction_change,87358.5,87470.6,94319009640.11,0.08,1870.04
2025-11-25 13:00:00+00:00,short,buy,87470.6,,94271850135.29,-0.05,1869.99
2025-11-25 17:00:00+00:00,short,sell - direction_change,87470.6,87080.9,94644715216.25,0.4,1870.39
2025-11-25 17:00:00+00:00,long,buy,87080.9,,94597392858.64,-0.05,1870.34
2025-11-25 19:00:00+00:00,long,sell - direction_change,87080.9,87195.6,94674694630.98,0.08,1870.42
2025-11-25 19:00:00+00:00,short,buy,87195.6,,94627357283.66,-0.05,1870.37
2025-11-25 22:00:00+00:00,short,sell - direction_change,87195.6,86993.4,94799477287.94,0.18,1870.55
2025-11-25 22:00:00+00:00,long,buy,86993.4,,94752077549.3,-0.05,1870.5
2025-11-26 03:00:00+00:00,long,sell - direction_change,86993.4,87672.6,95444477298.94,0.73,1871.23
2025-11-26 03:00:00+00:00,short,buy,87672.6,,95396755060.29,-0.05,1871.18
2025-11-26 05:00:00+00:00,short,sell - direction_change,87672.6,87190.0,95874174838.17,0.5,1871.68
2025-11-26 05:00:00+00:00,long,buy,87190.0,,95826237750.75,-0.05,1871.63
2025-11-26 11:00:00+00:00,long,sell - direction_change,87190.0,86916.1,95477294622.47,-0.36,1871.27
2025-11-26 11:00:00+00:00,short,buy,86916.1,,95429555975.16,-0.05,1871.22
2025-11-26 16:00:00+00:00,short,sell - direction_change,86916.1,86926.3,95370642104.36,-0.06,1871.16
2025-11-26 16:00:00+00:00,long,buy,86926.3,,95322956783.3,-0.05,1871.11
2025-11-26 17:45:00+00:00,long,sell - take_profit,86926.3,89534.089,98134984008.41,2.95,1874.06
2025-11-26 18:00:00+00:00,long,buy,89792.4,,98085916516.41,-0.05,1874.01
2025-11-28 01:00:00+00:00,long,sell - direction_change,89792.4,91173.2,99545208712.64,1.49,1875.49
2025-11-28 01:00:00+00:00,short,buy,91173.2,,99495436108.28,-0.05,1875.44
2025-11-28 04:00:00+00:00,short,sell - direction_change,91173.2,91168.0,99451363043.17,-0.04,1875.4
2025-11-28 04:00:00+00:00,long,buy,91168.0,,99401637361.65,-0.05,1875.35
2025-11-28 07:00:00+00:00,long,sell - direction_change,91168.0,91255.3,99447120850.42,0.05,1875.4
2025-11-28 07:00:00+00:00,short,buy,91255.3,,99397397289.99,-0.05,1875.35
2025-11-28 08:00:00+00:00,short,sell - direction_change,91255.3,90870.2,99767158476.93,0.37,1875.72
2025-11-28 08:00:00+00:00,long,buy,90870.2,,99717274897.69,-0.05,1875.67
2025-11-28 18:00:00+00:00,long,sell - direction_change,90870.2,90621.2,99394173751.15,-0.32,1875.34
2025-11-28 18:00:00+00:00,short,buy,90621.2,,99344476664.27,-0.05,1875.29
2025-11-29 15:00:00+00:00,short,sell - direction_change,90621.2,90582.2,99337558600.35,-0.01,1875.29
2025-11-29 15:00:00+00:00,long,buy,90582.2,,99287889821.05,-0.05,1875.24
2025-11-29 17:00:00+00:00,long,sell - direction_change,90582.2,90962.1,99654657371.37,0.37,1875.61
2025-11-29 17:00:00+00:00,short,buy,90962.1,,99604830042.68,-0.05,1875.56
2025-11-29 19:00:00+00:00,short,sell - direction_change,90962.1,90652.9,99893606150.46,0.29,1875.85
2025-11-29 19:00:00+00:00,long,buy,90652.9,,99843659347.39,-0.05,1875.8
2025-11-30 23:00:00+00:00,long,sell - direction_change,90652.9,91179.0,100373175673.39,0.53,1876.33
2025-11-30 23:00:00+00:00,short,buy,91179.0,,100322989085.55,-0.05,1876.28
2025-12-01 00:21:00+00:00,short,sell - take_profit,91179.0,88443.63,103282517263.58,2.95,1879.23
2025-12-01 01:00:00+00:00,short,buy,86970.6,,103230876004.95,-0.05,1879.18
2025-12-01 15:34:00+00:00,short,sell - take_profit,86970.6,84361.482,106276186847.09,2.95,1882.13
2025-12-01 16:00:00+00:00,short,buy,84650.0,,106223048753.67,-0.05,1882.08
2025-12-01 18:20:00+00:00,short,sell - stop_loss,84650.0,85496.5,105107706741.76,-1.05,1881.03
2025-12-01 19:00:00+00:00,short,buy,85159.1,,105055152888.38,-0.05,1880.98
2025-12-01 21:00:00+00:00,short,sell - direction_change,85159.1,85474.1,104614030632.57,-0.42,1880.56
2025-12-01 21:00:00+00:00,long,buy,85474.1,,104561723617.25,-0.05,1880.51
2025-12-02 14:08:00+00:00,long,sell - take_profit,85474.1,88038.323,107646294463.96,2.95,1883.46
2025-12-02 15:00:00+00:00,long,buy,89225.1,,107592471316.73,-0.05,1883.41
2025-12-02 17:28:00+00:00,long,sell - take_profit,89225.1,91901.853,110766449220.58,2.95,1886.36
2025-12-02 18:00:00+00:00,long,buy,91417.5,,110711065995.97,-0.05,1886.31
2025-12-03 22:49:00+00:00,long,sell - take_profit,91417.5,94160.02500000001,113977042442.85,2.95,1889.26
2025-12-03 23:00:00+00:00,long,buy,93738.5,,113920053921.62,-0.05,1889.21
2025-12-04 00:26:00+00:00,long,sell - stop_loss,93738.5,92801.115,112723893355.45,-1.05,1888.16
2025-12-04 01:00:00+00:00,long,buy,93013.9,,112667531408.77,-0.05,1888.11
2025-12-04 11:00:00+00:00,long,sell - direction_change,93013.9,93210.7,112849581047.92,0.16,1888.27
2025-12-04 11:00:00+00:00,short,buy,93210.7,,112793156257.4,-0.05,1888.22
2025-12-04 12:00:00+00:00,short,sell - direction_change,93210.7,92894.9,113118905492.43,0.29,1888.51
2025-12-04 12:00:00+00:00,long,buy,92894.9,,113062346039.68,-0.05,1888.46
2025-12-04 13:00:00+00:00,long,sell - direction_change,92894.9,92947.8,113070199435.73,0.01,1888.46
2025-12-04 13:00:00+00:00,short,buy,92947.8,,113013664336.01,-0.05,1888.41
2025-12-05 00:00:00+00:00,short,sell - direction_change,92947.8,92034.7,114067380412.89,0.93,1889.35
2025-12-05 00:00:00+00:00,long,buy,92034.7,,114010346722.68,-0.05,1889.3
2025-12-05 03:00:00+00:00,long,sell - direction_change,92034.7,92476.1,114500137127.98,0.43,1889.73
2025-12-05 03:00:00+00:00,short,buy,92476.1,,114442887059.42,-0.05,1889.68
2025-12-05 07:00:00+00:00,short,sell - direction_change,92476.1,92235.6,114683294022.99,0.21,1889.89
2025-12-05 07:00:00+00:00,long,buy,92235.6,,114625952375.98,-0.05,1889.84
2025-12-05 08:00:00+00:00,long,sell - direction_change,92235.6,92227.6,114558697385.87,-0.06,1889.78
2025-12-05 08:00:00+00:00,short,buy,92227.6,,114501418037.18,-0.05,1889.73
2025-12-05 16:07:00+00:00,short,sell - take_profit,92227.6,89460.772,117879209869.27,2.95,1892.68
2025-12-05 17:00:00+00:00,short,buy,88757.6,,117820270264.34,-0.05,1892.63
2025-12-05 18:07:00+00:00,short,sell - stop_loss,88757.6,89645.176,116583157426.56,-1.05,1891.58
2025-12-05 19:00:00+00:00,short,buy,88895.0,,116524865847.85,-0.05,1891.53
2025-12-06 02:00:00+00:00,short,sell - direction_change,88895.0,89296.2,115940704588.47,-0.5,1891.03
2025-12-06 02:00:00+00:00,long,buy,89296.2,,115882734236.17,-0.05,1890.98
2025-12-06 08:00:00+00:00,long,sell - direction_change,89296.2,89549.5,116153508946.36,0.23,1891.21
2025-12-06 08:00:00+00:00,short,buy,89549.5,,116095432191.88,-0.05,1891.16
2025-12-06 09:00:00+00:00,short,sell - direction_change,89549.5,89238.3,116440836181.25,0.3,1891.46
2025-12-06 09:00:00+00:00,long,buy,89238.3,,116382615763.16,-0.05,1891.41
2025-12-06 19:00:00+00:00,long,sell - direction_change,89238.3,89609.9,116809056950.71,0.37,1891.77
2025-12-06 19:00:00+00:00,short,buy,89609.9,,116750652422.24,-0.05,1891.72
2025-12-06 20:00:00+00:00,short,sell - direction_change,89609.9,89369.5,117005488659.06,0.22,1891.94
2025-12-06 20:00:00+00:00,long,buy,89369.5,,116946985914.73,-0.05,1891.89
2025-12-06 21:00:00+00:00,long,sell - direction_change,89369.5,89509.4,117071582522.08,0.11,1892.0
2025-12-06 21:00:00+00:00,short,buy,89509.4,,117013046730.82,-0.05,1891.95
2025-12-07 02:00:00+00:00,short,sell - direction_change,89509.4,89251.0,117292339045.07,0.24,1892.19
2025-12-07 02:00:00+00:00,long,buy,89251.0,,117233692875.54,-0.05,1892.14
2025-12-07 04:00:00+00:00,long,sell - direction_change,89251.0,89675.7,117732931396.15,0.43,1892.56
2025-12-07 04:00:00+00:00,short,buy,89675.7,,117674064930.45,-0.05,1892.51
2025-12-07 05:00:00+00:00,short,sell - direction_change,89675.7,89495.2,117852083241.41,0.15,1892.66
2025-12-07 05:00:00+00:00,long,buy,89495.2,,117793157199.79,-0.05,1892.61
2025-12-07 07:00:00+00:00,long,sell - direction_change,89495.2,89668.1,117961830780.03,0.14,1892.76
2025-12-07 07:00:00+00:00,short,buy,89668.1,,117902849864.64,-0.05,1892.71
2025-12-07 08:00:00+00:00,short,sell - direction_change,89668.1,89337.1,118279123935.79,0.32,1893.03
2025-12-07 08:00:00+00:00,long,buy,89337.1,,118219984373.82,-0.05,1892.98
2025-12-07 09:00:00+00:00,long,sell - direction_change,89337.1,89269.4,118071286820.12,-0.13,1892.85
2025-12-07 09:00:00+00:00,short,buy,89269.4,,118012251176.71,-0.05,1892.8
2025-12-07 15:00:00+00:00,short,sell - direction_change,89269.4,88187.5,119383493877.13,1.16,1893.96
2025-12-07 15:00:00+00:00,long,buy,88187.5,,119323802130.19,-0.05,1893.91
2025-12-07 17:30:00+00:00,long,sell - take_profit,88187.5,90833.125,122843854293.03,2.95,1896.86
2025-12-07 18:00:00+00:00,long,buy,90904.2,,122782432365.88,-0.05,1896.81
2025-12-07 21:52:00+00:00,long,sell - stop_loss,90904.2,89995.158,121493216826.04,-1.05,1895.76
2025-12-07 22:00:00+00:00,long,buy,90189.2,,121432470217.63,-0.05,1895.71
2025-12-07 22:06:00+00:00,long,sell - stop_loss,90189.2,89287.30799999999,120157429280.34,-1.05,1894.66
2025-12-07 23:00:00+00:00,long,buy,89551.7,,120097350565.7,-0.05,1894.61
2025-12-08 09:06:00+00:00,long,sell - take_profit,89551.7,92238.251,123640222407.39,2.95,1897.56
2025-12-08 10:00:00+00:00,long,buy,91865.3,,123578402296.18,-0.05,1897.51
2025-12-08 14:36:00+00:00,long,sell - stop_loss,91865.3,90946.647,122280829072.07,-1.05,1896.46
2025-12-08 15:00:00+00:00,long,buy,90809.1,,122219688657.54,-0.05,1896.41
2025-12-08 15:23:00+00:00,long,sell - stop_loss,90809.1,89901.009,120936381926.63,-1.05,1895.36
2025-12-08 16:00:00+00:00,long,buy,89912.7,,120875913735.67,-0.05,1895.31
2025-12-08 17:00:00+00:00,long,sell - direction_change,89912.7,89929.3,120837792316.6,-0.03,1895.28
2025-12-08 17:00:00+00:00,short,buy,89929.3,,120777373420.44,-0.05,1895.23
2025-12-08 19:00:00+00:00,short,sell - direction_change,89929.3,89873.5,120791925575.45,0.01,1895.24
2025-12-08 19:00:00+00:00,long,buy,89873.5,,120731529612.66,-0.05,1895.19
2025-12-08 20:00:00+00:00,long,sell - direction_change,89873.5,90073.7,120940102436.3,0.17,1895.37
2025-12-08 20:00:00+00:00,short,buy,90073.7,,120879632385.08,-0.05,1895.32
2025-12-08 21:00:00+00:00,short,sell - direction_change,90073.7,90745.7,119917363145.17,-0.8,1894.52
2025-12-08 21:00:00+00:00,long,buy,90745.7,,119857404463.6,-0.05,1894.47
2025-12-08 22:00:00+00:00,long,sell - direction_change,90745.7,91258.1,120474256413.75,0.51,1894.98
2025-12-08 22:00:00+00:00,short,buy,91258.1,,120414019285.55,-0.05,1894.93
2025-12-09 02:00:00+00:00,short,sell - direction_change,91258.1,90017.9,121990241992.48,1.31,1896.24
2025-12-09 02:00:00+00:00,long,buy,90017.9,,121929246871.48,-0.05,1896.19
2025-12-09 03:00:00+00:00,long,sell - direction_change,90017.9,90026.1,121879389148.16,-0.04,1896.15
2025-12-09 03:00:00+00:00,short,buy,90026.1,,121818449453.59,-0.05,1896.1
2025-12-09 08:00:00+00:00,short,sell - direction_change,90026.1,90449.9,121184076990.11,-0.52,1895.58
2025-12-09 08:00:00+00:00,long,buy,90449.9,,121123484951.61,-0.05,1895.53
2025-12-09 09:00:00+00:00,long,sell - direction_change,90449.9,90459.0,121075109222.76,-0.04,1895.49
2025-12-09 09:00:00+00:00,short,buy,90459.0,,121014571668.14,-0.05,1895.44
2025-12-09 12:00:00+00:00,short,sell - direction_change,90459.0,90342.0,121110585069.97,0.08,1895.52
2025-12-09 12:00:00+00:00,long,buy,90342.0,,121050029777.44,-0.05,1895.47
2025-12-09 16:01:00+00:00,long,sell - take_profit,90342.0,93052.26000000001,124621005655.87,2.95,1898.42
2025-12-09 17:00:00+00:00,long,buy,94146.9,,124558695153.04,-0.05,1898.37
2025-12-09 20:21:00+00:00,long,sell - stop_loss,94146.9,93205.431,123250828853.94,-1.05,1897.32
2025-12-09 21:00:00+00:00,long,buy,93075.2,,123189203439.51,-0.05,1897.27
2025-12-10 00:49:00+00:00,long,sell - stop_loss,93075.2,92144.44799999999,121895716803.39,-1.05,1896.22
2025-12-10 01:00:00+00:00,long,buy,92084.5,,121834768944.99,-0.05,1896.17
2025-12-10 11:00:00+00:00,long,sell - direction_change,92084.5,92230.4,121966888312.51,0.11,1896.28
2025-12-10 11:00:00+00:00,short,buy,92230.4,,121905904868.36,-0.05,1896.23
2025-12-10 18:00:00+00:00,short,sell - direction_change,92230.4,92348.7,121688588411.64,-0.18,1896.05
2025-12-10 18:00:00+00:00,long,buy,92348.7,,121627744117.43,-0.05,1896.0
2025-12-10 23:00:00+00:00,long,sell - direction_change,92348.7,92472.2,121729585771.64,0.08,1896.09
2025-12-10 23:00:00+00:00,short,buy,92472.2,,121668720978.75,-0.05,1896.04
2025-12-11 03:09:00+00:00,short,sell - take_profit,92472.2,89698.034,125257948247.62,2.95,1898.99
2025-12-11 04:00:00+00:00,short,buy,89833.1,,125195319273.5,-0.05,1898.94
2025-12-11 09:00:00+00:00,short,sell - direction_change,89833.1,90152.6,124687452503.62,-0.41,1898.53
2025-12-11 09:00:00+00:00,long,buy,90152.6,,124625108777.36,-0.05,1898.48
2025-12-11 10:00:00+00:00,long,sell - direction_change,90152.6,90196.0,124622791494.56,-0.0,1898.48
2025-12-11 10:00:00+00:00,short,buy,90196.0,,124560480098.81,-0.05,1898.43
2025-12-11 18:00:00+00:00,short,sell - direction_change,90196.0,89935.3,124858225992.53,0.24,1898.67
2025-12-11 18:00:00+00:00,long,buy,89935.3,,124795796879.54,-0.05,1898.62
2025-12-11 21:16:00+00:00,long,sell - take_profit,89935.3,92633.35900000001,128477272887.48,2.95,1901.57
2025-12-11 22:00:00+00:00,long,buy,92823.6,,128413034251.04,-0.05,1901.52
2025-12-12 00:57:00+00:00,long,sell - stop_loss,92823.6,91895.364,127064697391.4,-1.05,1900.47
2025-12-12 01:00:00+00:00,long,buy,91521.0,,127001165042.71,-0.05,1900.42
2025-12-12 15:00:00+00:00,long,sell - direction_change,91521.0,92393.0,128147714786.53,0.9,1901.32
2025-12-12 15:00:00+00:00,short,buy,92393.0,,128083640929.14,-0.05,1901.27
2025-12-12 16:00:00+00:00,short,sell - direction_change,92393.0,89895.0,131482555556.03,2.65,1903.92
2025-12-12 16:00:00+00:00,long,buy,89895.0,,131416814278.26,-0.05,1903.87
2025-12-12 18:00:00+00:00,long,sell - direction_change,89895.0,90043.9,131568781644.47,0.12,1903.99
2025-12-12 18:00:00+00:00,short,buy,90043.9,,131502997253.65,-0.05,1903.94
2025-12-13 06:00:00+00:00,short,sell - direction_change,90043.9,90301.4,131061184502.76,-0.34,1903.6
2025-12-13 06:00:00+00:00,long,buy,90301.4,,130995653910.51,-0.05,1903.55
2025-12-13 07:00:00+00:00,long,sell - direction_change,90301.4,90317.5,130953511535.72,-0.03,1903.52
2025-12-13 07:00:00+00:00,short,buy,90317.5,,130888034779.95,-0.05,1903.47
2025-12-13 09:00:00+00:00,short,sell - direction_change,90317.5,90414.0,130682743054.68,-0.16,1903.31
2025-12-13 09:00:00+00:00,long,buy,90414.0,,130617401683.15,-0.05,1903.26
2025-12-13 11:00:00+00:00,long,sell - direction_change,90414.0,90546.7,130743799235.81,0.1,1903.36
2025-12-13 11:00:00+00:00,short,buy,90546.7,,130678427336.19,-0.05,1903.31
2025-12-13 12:00:00+00:00,short,sell - direction_change,90546.7,90298.5,130971294282.05,0.22,1903.53
2025-12-13 12:00:00+00:00,long,buy,90298.5,,130905808634.91,-0.05,1903.48
2025-12-13 13:00:00+00:00,long,sell - direction_change,90298.5,90309.8,130856737349.75,-0.04,1903.45
2025-12-13 13:00:00+00:00,short,buy,90309.8,,130791308981.07,-0.05,1903.4
2025-12-14 00:00:00+00:00,short,sell - direction_change,90309.8,90191.3,130897531136.77,0.08,1903.48
2025-12-14 00:00:00+00:00,long,buy,90191.3,,130832082371.2,-0.05,1903.43
2025-12-14 05:00:00+00:00,long,sell - direction_change,90191.3,90159.3,130720246923.31,-0.09,1903.34
2025-12-14 05:00:00+00:00,short,buy,90159.3,,130654886799.85,-0.05,1903.29
2025-12-14 07:00:00+00:00,short,sell - direction_change,90159.3,90105.1,130668103609.39,0.01,1903.3
2025-12-14 07:00:00+00:00,long,buy,90105.1,,130602769557.59,-0.05,1903.25
2025-12-14 08:00:00+00:00,long,sell - direction_change,90105.1,90205.1,130682413097.74,0.06,1903.31
2025-12-14 08:00:00+00:00,short,buy,90205.1,,130617071891.19,-0.05,1903.26
2025-12-15 01:00:00+00:00,short,sell - direction_change,90205.1,88415.0,133143829883.55,1.93,1905.2
2025-12-15 01:00:00+00:00,long,buy,88415.0,,133077257968.61,-0.05,1905.15
2025-12-15 15:00:00+00:00,long,sell - direction_change,88415.0,88004.3,132392556925.47,-0.51,1904.63
2025-12-15 15:00:00+00:00,short,buy,88004.3,,132326360647.01,-0.05,1904.58
2025-12-15 18:33:00+00:00,short,sell - take_profit,88004.3,85364.171,136229988286.09,2.95,1907.53
2025-12-15 19:00:00+00:00,short,buy,86142.7,,136161873291.95,-0.05,1907.48
2025-12-16 06:00:00+00:00,short,sell - direction_change,86142.7,85983.8,136344958404.97,0.13,1907.62
2025-12-16 06:00:00+00:00,long,buy,85983.8,,136276785925.76,-0.05,1907.57
2025-12-16 07:00:00+00:00,long,sell - direction_change,85983.8,86458.1,136960371457.13,0.5,1908.07
2025-12-16 07:00:00+00:00,short,buy,86458.1,,136891891271.4,-0.05,1908.02
2025-12-16 08:00:00+00:00,short,sell - direction_change,86458.1,85964.9,137604344753.06,0.52,1908.54
2025-12-16 08:00:00+00:00,long,buy,85964.9,,137535542580.68,-0.05,1908.49
2025-12-17 08:00:00+00:00,long,sell - direction_change,85964.9,87010.4,139139473896.67,1.17,1909.66
2025-12-17 08:00:00+00:00,short,buy,87010.4,,139069904159.72,-0.05,1909.61
2025-12-17 09:00:00+00:00,short,sell - direction_change,87010.4,86366.1,140030162649.0,0.69,1910.3
2025-12-17 09:00:00+00:00,long,buy,86366.1,,139960147567.68,-0.05,1910.25
2025-12-17 10:00:00+00:00,long,sell - direction_change,86366.1,86386.1,139922578392.98,-0.03,1910.22
2025-12-17 10:00:00+00:00,short,buy,86386.1,,139852617103.78,-0.05,1910.17
2025-12-17 13:00:00+00:00,short,sell - direction_change,86386.1,86984.0,138814735536.61,-0.74,1909.43
2025-12-17 13:00:00+00:00,long,buy,86984.0,,138745328168.85,-0.05,1909.38
2025-12-17 14:59:00+00:00,long,sell - take_profit,86984.0,89593.52,142838315349.83,2.95,1912.33
2025-12-17 15:00:00+00:00,long,buy,89634.0,,142766896192.15,-0.05,1912.28
2025-12-17 15:43:00+00:00,long,sell - stop_loss,89634.0,88737.66,141267843782.14,-1.05,1911.23
2025-12-17 16:00:00+00:00,short,buy,87191.0,,141197209860.24,-0.05,1911.18
2025-12-18 04:00:00+00:00,short,sell - direction_change,87191.0,86575.1,142124000453.2,0.66,1911.83
2025-12-18 04:00:00+00:00,long,buy,86575.1,,142052938452.97,-0.05,1911.78
2025-12-18 13:52:00+00:00,long,sell - take_profit,86575.1,89172.353,146243500137.34,2.95,1914.73
2025-12-18 14:00:00+00:00,long,buy,88804.0,,146170378387.27,-0.05,1914.68
2025-12-18 14:36:00+00:00,long,sell - stop_loss,88804.0,87915.96,144635589414.2,-1.05,1913.63
2025-12-18 15:00:00+00:00,long,buy,88325.4,,144563271619.49,-0.05,1913.58
2025-12-18 17:05:00+00:00,long,sell - stop_loss,88325.4,87442.146,143045357267.49,-1.05,1912.53
2025-12-18 18:00:00+00:00,long,buy,86443.6,,142973834588.86,-0.05,1912.48
2025-12-18 19:02:00+00:00,long,sell - stop_loss,86443.6,85579.164,141472609325.67,-1.05,1911.43
2025-12-18 20:00:00+00:00,long,buy,84447.0,,141401873021.01,-0.05,1911.38
2025-12-18 21:00:00+00:00,long,sell - direction_change,84447.0,84557.4,141516030833.56,0.08,1911.47
2025-12-18 21:00:00+00:00,short,buy,84557.4,,141445272818.14,-0.05,1911.42
2025-12-18 21:29:00+00:00,short,sell - stop_loss,84557.4,85402.974,139960097453.55,-1.05,1910.37
2025-12-18 22:00:00+00:00,short,buy,85584.3,,139890117404.82,-0.05,1910.32
2025-12-19 03:00:00+00:00,short,sell - direction_change,85584.3,85600.9,139793039145.88,-0.07,1910.25
2025-12-19 03:00:00+00:00,long,buy,85600.9,,139723142626.31,-0.05,1910.2
2025-12-19 07:10:00+00:00,long,sell - take_profit,85600.9,88168.927,143844975333.79,2.95,1913.15
2025-12-19 08:00:00+00:00,long,buy,87909.7,,143773052846.12,-0.05,1913.1
2025-12-19 17:33:00+00:00,long,sell - stop_loss,87909.7,87030.603,142263435791.24,-1.05,1912.05
2025-12-19 18:00:00+00:00,long,buy,86912.6,,142192304073.34,-0.05,1912.0
2025-12-21 01:00:00+00:00,long,sell - direction_change,86912.6,88354.8,144480701722.37,1.61,1913.61
2025-12-21 01:00:00+00:00,short,buy,88354.8,,144408461371.51,-0.05,1913.56
2025-12-21 08:00:00+00:00,short,sell - direction_change,88354.8,88138.8,144689290905.33,0.19,1913.75
2025-12-21 08:00:00+00:00,long,buy,88138.8,,144616946259.88,-0.05,1913.7
2025-12-21 13:00:00+00:00,long,sell - direction_change,88138.8,88588.6,145282663519.2,0.46,1914.16
2025-12-21 13:00:00+00:00,short,buy,88588.6,,145210022187.44,-0.05,1914.11
2025-12-21 16:00:00+00:00,short,sell - direction_change,88588.6,88024.7,146061733979.09,0.59,1914.7
2025-12-21 16:00:00+00:00,long,buy,88024.7,,145988703112.1,-0.05,1914.65
2025-12-21 20:00:00+00:00,long,sell - direction_change,88024.7,88448.3,146618248100.51,0.43,1915.08
2025-12-21 20:00:00+00:00,short,buy,88448.3,,146544938976.46,-0.05,1915.03
2025-12-21 22:00:00+00:00,short,sell - direction_change,88448.3,88121.6,147012957086.48,0.32,1915.35
2025-12-21 22:00:00+00:00,long,buy,88121.6,,146939450607.94,-0.05,1915.3
2025-12-22 21:00:00+00:00,long,sell - direction_change,88121.6,88305.3,147172293717.13,0.16,1915.46
2025-12-22 21:00:00+00:00,short,buy,88305.3,,147098707570.27,-0.05,1915.41
2025-12-23 16:00:00+00:00,short,sell - direction_change,88305.3,87405.2,148524542134.37,0.97,1916.38
2025-12-23 16:00:00+00:00,long,buy,87405.2,,148450279863.31,-0.05,1916.33
2025-12-23 17:00:00+00:00,long,sell - direction_change,87405.2,87959.8,149317995537.1,0.58,1916.91
2025-12-23 17:00:00+00:00,short,buy,87959.8,,149243336539.33,-0.05,1916.86
2025-12-23 18:00:00+00:00,short,sell - direction_change,87959.8,87138.1,150562911420.33,0.88,1917.74
2025-12-23 18:00:00+00:00,long,buy,87138.1,,150487629964.62,-0.05,1917.69
2025-12-23 22:00:00+00:00,long,sell - direction_change,87138.1,87692.7,151370181185.09,0.59,1918.28
2025-12-23 22:00:00+00:00,short,buy,87692.7,,151294496094.5,-0.05,1918.23
2025-12-24 00:00:00+00:00,short,sell - direction_change,87692.7,87463.1,151614973225.14,0.21,1918.44
2025-12-24 00:00:00+00:00,long,buy,87463.1,,151539165738.53,-0.05,1918.39
2025-12-24 02:00:00+00:00,long,sell - direction_change,87463.1,87603.1,151705961113.95,0.11,1918.5
2025-12-24 02:00:00+00:00,short,buy,87603.1,,151630108133.39,-0.05,1918.45
2025-12-24 12:00:00+00:00,short,sell - direction_change,87603.1,87162.6,152316743981.55,0.45,1918.91
2025-12-24 12:00:00+00:00,long,buy,87162.6,,152240585609.56,-0.05,1918.86
2025-12-24 13:00:00+00:00,long,sell - direction_change,87162.6,87393.0,152566888270.23,0.21,1919.07
2025-12-24 13:00:00+00:00,short,buy,87393.0,,152490604826.09,-0.05,1919.02
2025-12-24 15:00:00+00:00,short,sell - direction_change,87393.0,86950.0,153187342919.81,0.46,1919.48
2025-12-24 15:00:00+00:00,long,buy,86950.0,,153110749248.35,-0.05,1919.43
2025-12-25 10:00:00+00:00,long,sell - direction_change,86950.0,87482.1,153971171788.33,0.56,1919.99
2025-12-25 10:00:00+00:00,short,buy,87482.1,,153894186202.44,-0.05,1919.94
2025-12-25 12:00:00+00:00,short,sell - direction_change,87482.1,87485.2,153811785742.57,-0.05,1919.88
2025-12-25 12:00:00+00:00,long,buy,87485.2,,153734879849.69,-0.05,1919.83
2025-12-25 23:00:00+00:00,long,sell - direction_change,87485.2,87607.9,153873629105.59,0.09,1919.92
2025-12-25 23:00:00+00:00,short,buy,87607.9,,153796692291.04,-0.05,1919.87
2025-12-26 02:00:00+00:00,short,sell - direction_change,87607.9,87386.7,154108113129.98,0.2,1920.08
2025-12-26 02:00:00+00:00,long,buy,87386.7,,154031059073.41,-0.05,1920.03
2025-12-26 14:00:00+00:00,long,sell - direction_change,87386.7,88959.2,156725790736.45,1.75,1921.78
2025-12-26 14:00:00+00:00,short,buy,88959.2,,156647427841.08,-0.05,1921.73
2025-12-26 16:00:00+00:00,short,sell - direction_change,88959.2,87100.0,159842952114.12,2.04,1923.77
2025-12-26 16:00:00+00:00,long,buy,87100.0,,159763030638.07,-0.05,1923.72
2025-12-26 18:00:00+00:00,long,sell - direction_change,87100.0,87288.5,160028904935.32,0.17,1923.88
2025-12-26 18:00:00+00:00,short,buy,87288.5,,159948890482.86,-0.05,1923.83
2025-12-27 07:00:00+00:00,short,sell - direction_change,87288.5,87426.8,159615492831.19,-0.21,1923.62
2025-12-27 07:00:00+00:00,long,buy,87426.8,,159535685084.78,-0.05,1923.57
2025-12-27 10:00:00+00:00,long,sell - direction_change,87426.8,87575.4,159727081265.21,0.12,1923.69
2025-12-27 10:00:00+00:00,short,buy,87575.4,,159647217724.57,-0.05,1923.64
2025-12-27 11:00:00+00:00,short,sell - direction_change,87575.4,87460.5,159776853225.42,0.08,1923.73
2025-12-27 11:00:00+00:00,long,buy,87460.5,,159696964798.81,-0.05,1923.68
2025-12-27 13:00:00+00:00,long,sell - direction_change,87460.5,87432.0,159565077241.66,-0.08,1923.59
2025-12-27 13:00:00+00:00,short,buy,87432.0,,159485294703.04,-0.05,1923.54
2025-12-27 14:00:00+00:00,short,sell - direction_change,87432.0,87410.6,159444587938.51,-0.03,1923.52
2025-12-27 14:00:00+00:00,long,buy,87410.6,,159364865644.54,-0.05,1923.47
2025-12-27 18:00:00+00:00,long,sell - direction_change,87410.6,87514.0,159473699559.94,0.07,1923.54
2025-12-27 18:00:00+00:00,short,buy,87514.0,,159393962710.16,-0.05,1923.49
2025-12-27 19:00:00+00:00,short,sell - direction_change,87514.0,87452.8,159425732585.74,0.02,1923.51
2025-12-27 19:00:00+00:00,long,buy,87452.8,,159346019719.45,-0.05,1923.46
2025-12-28 18:00:00+00:00,long,sell - direction_change,87452.8,87730.1,159771609563.01,0.27,1923.72
2025-12-28 18:00:00+00:00,short,buy,87730.1,,159691723758.23,-0.05,1923.67
2025-12-28 22:00:00+00:00,short,sell - direction_change,87730.1,87556.1,159928603398.02,0.15,1923.82
2025-12-28 22:00:00+00:00,long,buy,87556.1,,159848639096.32,-0.05,1923.77
2025-12-29 04:35:00+00:00,long,sell - take_profit,87556.1,90182.78300000001,164564173949.66,2.95,1926.72
2025-12-29 05:00:00+00:00,long,buy,90100.1,,164481891862.69,-0.05,1926.67
2025-12-29 09:31:00+00:00,long,sell - stop_loss,90100.1,89199.099,162754831998.13,-1.05,1925.62
2025-12-29 10:00:00+00:00,long,buy,88068.2,,162673454582.13,-0.05,1925.57
2025-12-29 12:05:00+00:00,long,sell - stop_loss,88068.2,87187.518,160965383309.02,-1.05,1924.52
2025-12-29 13:00:00+00:00,short,buy,87343.9,,160884900617.37,-0.05,1924.47
2025-12-29 14:00:00+00:00,short,sell - direction_change,87343.9,87354.3,160785301672.25,-0.06,1924.41
2025-12-29 14:00:00+00:00,long,buy,87354.3,,160704909021.42,-0.05,1924.36
2025-12-29 15:00:00+00:00,long,sell - direction_change,87354.3,87400.0,160708630440.11,0.0,1924.36
2025-12-29 15:00:00+00:00,short,buy,87400.0,,160628276124.89,-0.05,1924.31
2025-12-30 06:00:00+00:00,short,sell - direction_change,87400.0,87216.1,160885942993.46,0.16,1924.47
2025-12-30 06:00:00+00:00,long,buy,87216.1,,160805500021.96,-0.05,1924.42
2025-12-31 15:00:00+00:00,long,sell - direction_change,87216.1,88443.4,162987943124.69,1.36,1925.78
2025-12-31 15:00:00+00:00,short,buy,88443.4,,162906449153.13,-0.05,1925.73
2026-01-01 08:00:00+00:00,short,sell - direction_change,88443.4,87603.7,164371663575.36,0.9,1926.63
2026-01-01 08:00:00+00:00,long,buy,87603.7,,164289477743.57,-0.05,1926.58
2026-01-02 16:31:00+00:00,long,sell - take_profit,87603.7,90231.811,169136017337.01,2.95,1929.53
2026-01-02 17:00:00+00:00,long,buy,90333.9,,169051449328.34,-0.05,1929.48
2026-01-03 07:22:00+00:00,long,sell - stop_loss,90333.9,89430.56099999999,167276409110.39,-1.05,1928.43
2026-01-03 08:00:00+00:00,short,buy,89535.9,,167192770905.84,-0.05,1928.38
2026-01-03 09:00:00+00:00,short,sell - direction_change,89535.9,89625.2,166942422251.83,-0.15,1928.23
2026-01-03 09:00:00+00:00,long,buy,89625.2,,166858951040.71,-0.05,1928.18
2026-01-03 10:00:00+00:00,long,sell - direction_change,89625.2,89756.1,167019223522.8,0.1,1928.28
2026-01-03 10:00:00+00:00,short,buy,89756.1,,166935713911.04,-0.05,1928.23
2026-01-03 12:00:00+00:00,short,sell - direction_change,89756.1,89706.4,166944682166.85,0.01,1928.23
2026-01-03 12:00:00+00:00,long,buy,89706.4,,166861209825.77,-0.05,1928.18
2026-01-04 18:00:00+00:00,long,sell - direction_change,89706.4,91293.4,169729728468.55,1.72,1929.9
2026-01-04 18:00:00+00:00,short,buy,91293.4,,169644863604.31,-0.05,1929.85
2026-01-04 19:00:00+00:00,short,sell - direction_change,91293.4,91168.0,169793064215.76,0.09,1929.94
2026-01-04 19:00:00+00:00,long,buy,91168.0,,169708167683.65,-0.05,1929.89
2026-01-05 15:43:00+00:00,long,sell - take_profit,91168.0,93903.04000000001,174714558630.32,2.95,1932.84
2026-01-05 16:00:00+00:00,long,buy,93900.0,,174627201351.0,-0.05,1932.79
2026-01-06 07:00:00+00:00,long,sell - direction_change,93900.0,93727.5,174219086981.07,-0.23,1932.55
2026-01-06 07:00:00+00:00,short,buy,93727.5,,174131977437.58,-0.05,1932.5
2026-01-06 09:00:00+00:00,short,sell - direction_change,93727.5,93196.9,175030688592.48,0.52,1933.02
2026-01-06 09:00:00+00:00,long,buy,93196.9,,174943173248.18,-0.05,1932.97
2026-01-06 10:00:00+00:00,long,sell - direction_change,93196.9,93420.4,175275241358.92,0.19,1933.16
2026-01-06 10:00:00+00:00,short,buy,93420.4,,175187603738.24,-0.05,1933.11
2026-01-06 11:00:00+00:00,short,sell - direction_change,93420.4,93536.4,174882479696.36,-0.17,1932.94
2026-01-06 11:00:00+00:00,long,buy,93536.4,,174795038456.51,-0.05,1932.89
2026-01-06 16:00:00+00:00,long,sell - direction_change,93536.4,93608.2,174841816335.97,0.03,1932.91
2026-01-06 16:00:00+00:00,short,buy,93608.2,,174754395427.8,-0.05,1932.86
2026-01-06 22:00:00+00:00,short,sell - direction_change,93608.2,93207.8,175414513213.74,0.38,1933.24
2026-01-06 22:00:00+00:00,long,buy,93207.8,,175326805957.14,-0.05,1933.19
2026-01-07 00:00:00+00:00,long,sell - direction_change,93207.8,93708.1,176180222603.47,0.49,1933.68
2026-01-07 00:00:00+00:00,short,buy,93708.1,,176092132492.17,-0.05,1933.63
2026-01-07 03:00:00+00:00,short,sell - direction_change,93708.1,92923.2,177479035921.14,0.79,1934.41
2026-01-07 03:00:00+00:00,long,buy,92923.2,,177390296403.18,-0.05,1934.36
2026-01-07 04:00:00+00:00,long,sell - direction_change,92923.2,92778.1,177024605499.26,-0.21,1934.16
2026-01-07 04:00:00+00:00,short,buy,92778.1,,176936093196.51,-0.05,1934.11
2026-01-07 05:00:00+00:00,short,sell - direction_change,92778.1,92637.3,177116143279.97,0.1,1934.21
2026-01-07 05:00:00+00:00,long,buy,92637.3,,177027585208.33,-0.05,1934.16
2026-01-07 06:00:00+00:00,long,sell - direction_change,92637.3,92504.0,176684338418.23,-0.19,1933.97
2026-01-07 06:00:00+00:00,short,buy,92504.0,,176595996249.02,-0.05,1933.92
2026-01-08 01:00:00+00:00,short,sell - direction_change,92504.0,91356.8,178697775727.52,1.19,1935.11
2026-01-08 01:00:00+00:00,long,buy,91356.8,,178608426839.65,-0.05,1935.06
2026-01-08 02:00:00+00:00,long,sell - direction_change,91356.8,91386.1,178576406012.98,-0.02,1935.04
2026-01-08 02:00:00+00:00,short,buy,91386.1,,178487117809.97,-0.05,1934.99
2026-01-08 15:00:00+00:00,short,sell - direction_change,91386.1,89978.5,181147072072.5,1.49,1936.48
2026-01-08 15:00:00+00:00,long,buy,89978.5,,181056498536.47,-0.05,1936.43
2026-01-09 07:00:00+00:00,long,sell - direction_change,89978.5,91103.8,183230320968.78,1.2,1937.63
2026-01-09 07:00:00+00:00,short,buy,91103.8,,183138705808.3,-0.05,1937.58
2026-01-09 08:00:00+00:00,short,sell - direction_change,91103.8,90712.1,183834539736.76,0.38,1937.96
2026-01-09 08:00:00+00:00,long,buy,90712.1,,183742622466.89,-0.05,1937.91
2026-01-09 08:48:00+00:00,long,sell - stop_loss,90712.1,89804.979,181813324930.99,-1.05,1936.86
2026-01-09 09:00:00+00:00,short,buy,89989.3,,181722418268.53,-0.05,1936.81
2026-01-09 13:30:00+00:00,short,sell - stop_loss,89989.3,90889.193,179814332876.71,-1.05,1935.76
2026-01-09 14:00:00+00:00,short,buy,90560.0,,179724425710.27,-0.05,1935.71
2026-01-09 15:00:00+00:00,short,sell - direction_change,90560.0,90110.7,180526239562.69,0.45,1936.15
2026-01-09 15:00:00+00:00,long,buy,90110.7,,180435976442.91,-0.05,1936.1
2026-01-09 19:00:00+00:00,long,sell - direction_change,90110.7,90772.3,181670533892.17,0.68,1936.79
2026-01-09 19:00:00+00:00,short,buy,90772.3,,181579698625.23,-0.05,1936.74
2026-01-09 22:00:00+00:00,short,sell - direction_change,90772.3,90503.9,182025812557.26,0.25,1936.98
2026-01-09 22:00:00+00:00,long,buy,90503.9,,181934799650.98,-0.05,1936.93
2026-01-10 00:00:00+00:00,long,sell - direction_change,90503.9,90603.7,182044454467.49,0.06,1937.0
2026-01-10 00:00:00+00:00,short,buy,90603.7,,181953432240.26,-0.05,1936.95
2026-01-10 02:00:00+00:00,short,sell - direction_change,90603.7,90649.6,181770277582.84,-0.1,1936.84
2026-01-10 02:00:00+00:00,long,buy,90649.6,,181679392444.05,-0.05,1936.79
2026-01-10 03:00:00+00:00,long,sell - direction_change,90649.6,90652.7,181594765749.5,-0.05,1936.75
2026-01-10 03:00:00+00:00,short,buy,90652.7,,181503968366.63,-0.05,1936.7
2026-01-10 07:00:00+00:00,short,sell - direction_change,90652.7,90475.0,181769005621.8,0.15,1936.84
2026-01-10 07:00:00+00:00,long,buy,90475.0,,181678121118.99,-0.05,1936.79
2026-01-10 14:00:00+00:00,long,sell - direction_change,90475.0,90620.9,181880256226.67,0.11,1936.91
2026-01-10 14:00:00+00:00,short,buy,90620.9,,181789316098.55,-0.05,1936.86
2026-01-10 15:00:00+00:00,short,sell - direction_change,90620.9,90551.8,181837038930.98,0.03,1936.88
2026-01-10 15:00:00+00:00,long,buy,90551.8,,181746120411.51,-0.05,1936.83
2026-01-10 17:00:00+00:00,long,sell - direction_change,90551.8,90640.7,181833678151.19,0.05,1936.88
2026-01-10 17:00:00+00:00,short,buy,90640.7,,181742761312.11,-0.05,1936.83
2026-01-11 00:00:00+00:00,short,sell - direction_change,90640.7,90469.7,181994760321.74,0.14,1936.97
2026-01-11 00:00:00+00:00,long,buy,90469.7,,181903762941.58,-0.05,1936.92
2026-01-11 19:00:00+00:00,long,sell - direction_change,90469.7,90840.8,182558966805.37,0.36,1937.28
2026-01-11 19:00:00+00:00,short,buy,90840.8,,182467687321.97,-0.05,1937.23
2026-01-11 20:00:00+00:00,short,sell - direction_change,90840.8,90644.7,182770350422.01,0.17,1937.39
2026-01-11 20:00:00+00:00,long,buy,90644.7,,182678965246.8,-0.05,1937.34
2026-01-11 22:00:00+00:00,long,sell - direction_change,90644.7,90711.1,182721443662.99,0.02,1937.37
2026-01-11 22:00:00+00:00,short,buy,90711.1,,182630082941.16,-0.05,1937.32
2026-01-11 23:00:00+00:00,short,sell - direction_change,90711.1,90482.3,182999414534.74,0.2,1937.52
2026-01-11 23:00:00+00:00,long,buy,90482.3,,182907914827.48,-0.05,1937.47
2026-01-12 09:00:00+00:00,long,sell - direction_change,90482.3,90714.0,183284837158.74,0.21,1937.68
2026-01-12 09:00:00+00:00,short,buy,90714.0,,183193194740.17,-0.05,1937.63
2026-01-12 15:00:00+00:00,short,sell - direction_change,90714.0,90852.7,182821499193.23,-0.2,1937.42
2026-01-12 15:00:00+00:00,long,buy,90852.7,,182730088443.64,-0.05,1937.37
2026-01-13 16:00:00+00:00,long,sell - take_profit,90852.7,93578.281,188120626052.73,2.95,1940.32
2026-01-13 17:00:00+00:00,long,buy,93341.6,,188026565739.7,-0.05,1940.27
2026-01-13 22:10:00+00:00,long,sell - take_profit,93341.6,96141.84800000001,193573349429.02,2.95,1943.22
2026-01-13 23:00:00+00:00,long,buy,95730.4,,193476562754.31,-0.05,1943.17
2026-01-14 06:06:00+00:00,long,sell - stop_loss,95730.4,94773.09599999999,191445058845.39,-1.05,1942.12
2026-01-14 07:00:00+00:00,long,buy,94984.7,,191349336315.96,-0.05,1942.07
2026-01-14 20:11:00+00:00,long,sell - take_profit,94984.7,97834.241,196994141737.28,2.95,1945.02
2026-01-14 21:00:00+00:00,long,buy,97606.0,,196895644666.41,-0.05,1944.97
2026-01-15 00:29:00+00:00,long,sell - stop_loss,97606.0,96629.94,194828240397.42,-1.05,1943.92
2026-01-15 01:00:00+00:00,long,buy,96613.3,,194730826277.22,-0.05,1943.87
2026-01-15 06:00:00+00:00,long,sell - direction_change,96613.3,96372.6,194148313271.72,-0.3,1943.57
2026-01-15 06:00:00+00:00,short,buy,96372.6,,194051239115.08,-0.05,1943.52
2026-01-15 07:00:00+00:00,short,sell - direction_change,96372.6,96195.2,194311417615.98,0.13,1943.66
2026-01-15 07:00:00+00:00,long,buy,96195.2,,194214261907.17,-0.05,1943.61
2026-01-15 14:00:00+00:00,long,sell - direction_change,96195.2,96800.9,195340038853.98,0.58,1944.19
2026-01-15 14:00:00+00:00,short,buy,96800.9,,195242368834.56,-0.05,1944.14
2026-01-15 15:00:00+00:00,short,sell - direction_change,96800.9,96013.6,196732690706.28,0.76,1944.9
2026-01-15 15:00:00+00:00,long,buy,96013.6,,196634324360.93,-0.05,1944.85
2026-01-15 18:00:00+00:00,long,sell - direction_change,96013.6,96587.4,197711140464.44,0.55,1945.4
2026-01-15 18:00:00+00:00,short,buy,96587.4,,197612284894.2,-0.05,1945.35
2026-01-16 08:00:00+00:00,short,sell - direction_change,96587.4,95608.4,199516456644.44,0.96,1946.31
2026-01-16 08:00:00+00:00,long,buy,95608.4,,199416698416.11,-0.05,1946.26
2026-01-16 10:00:00+00:00,long,sell - direction_change,95608.4,95568.1,199232933718.86,-0.09,1946.17
2026-01-16 10:00:00+00:00,short,buy,95568.1,,199133317252.0,-0.05,1946.12
2026-01-16 20:00:00+00:00,short,sell - direction_change,95568.1,94961.0,200298752585.71,0.59,1946.71
2026-01-16 20:00:00+00:00,long,buy,94961.0,,200198603209.42,-0.05,1946.66
2026-01-17 06:00:00+00:00,long,sell - direction_change,94961.0,95270.4,200750786927.51,0.28,1946.93
2026-01-17 06:00:00+00:00,short,buy,95270.4,,200650411534.04,-0.05,1946.88
2026-01-17 11:00:00+00:00,short,sell - direction_change,95270.4,95076.7,200958040789.62,0.15,1947.03
2026-01-17 11:00:00+00:00,long,buy,95076.7,,200857561769.23,-0.05,1946.98
2026-01-17 12:00:00+00:00,long,sell - direction_change,95076.7,95283.8,201194649236.2,0.17,1947.15
2026-01-17 12:00:00+00:00,short,buy,95283.8,,201094051911.58,-0.05,1947.1
2026-01-17 13:00:00+00:00,short,sell - direction_change,95283.8,95212.7,201143559638.8,0.02,1947.13
2026-01-17 13:00:00+00:00,long,buy,95212.7,,201042987858.98,-0.05,1947.08
2026-01-17 22:00:00+00:00,long,sell - direction_change,95212.7,95272.7,201069157229.52,0.01,1947.09
2026-01-17 22:00:00+00:00,short,buy,95272.7,,200968622650.91,-0.05,1947.04
2026-01-18 09:00:00+00:00,short,sell - direction_change,95272.7,95150.0,201126962220.92,0.08,1947.12
2026-01-18 09:00:00+00:00,long,buy,95150.0,,201026398739.81,-0.05,1947.07
2026-01-18 13:00:00+00:00,long,sell - direction_change,95150.0,95071.5,200760036120.56,-0.13,1946.94
2026-01-18 13:00:00+00:00,short,buy,95071.5,,200659656102.5,-0.05,1946.89
2026-01-18 17:00:00+00:00,short,sell - direction_change,95071.5,95123.6,200449363056.42,-0.1,1946.78
2026-01-18 17:00:00+00:00,long,buy,95123.6,,200349138374.89,-0.05,1946.73
2026-01-18 23:00:00+00:00,long,sell - direction_change,95123.6,95442.9,200921472834.83,0.29,1947.02
2026-01-18 23:00:00+00:00,short,buy,95442.9,,200821012098.42,-0.05,1946.97
2026-01-19 00:02:00+00:00,short,sell - take_profit,95442.9,92579.613,206745231955.32,2.95,1949.92
2026-01-19 01:00:00+00:00,short,buy,92658.2,,206641859339.34,-0.05,1949.87
2026-01-19 11:00:00+00:00,short,sell - direction_change,92658.2,93021.2,205728993275.62,-0.44,1949.43
2026-01-19 11:00:00+00:00,long,buy,93021.2,,205626128778.98,-0.05,1949.38
2026-01-19 22:00:00+00:00,long,sell - direction_change,93021.2,92968.5,205406820797.45,-0.11,1949.27
2026-01-19 22:00:00+00:00,short,buy,92968.5,,205304117387.05,-0.05,1949.22
2026-01-20 15:03:00+00:00,short,sell - take_profit,92968.5,90179.44499999999,211360588849.97,2.95,1952.17
2026-01-20 16:00:00+00:00,short,buy,90644.3,,211254908555.54,-0.05,1952.12
2026-01-20 22:33:00+00:00,short,sell - take_profit,90644.3,87924.971,217486928357.93,2.95,1955.07
2026-01-20 23:00:00+00:00,short,buy,88468.9,,217378184893.75,-0.05,1955.02
2026-01-21 03:37:00+00:00,short,sell - stop_loss,88468.9,89353.58899999999,215095713952.37,-1.05,1953.97
2026-01-21 04:00:00+00:00,long,buy,89395.9,,214988166095.39,-0.05,1953.92
2026-01-21 11:00:00+00:00,long,sell - direction_change,89395.9,89200.8,214411476096.14,-0.27,1953.65
2026-01-21 11:00:00+00:00,short,buy,89200.8,,214304270358.09,-0.05,1953.6
2026-01-21 14:00:00+00:00,short,sell - direction_change,89200.8,88631.1,215565818311.06,0.59,1954.19
2026-01-21 14:00:00+00:00,long,buy,88631.1,,215458035401.91,-0.05,1954.14
2026-01-21 16:00:00+00:00,long,sell - direction_change,88631.1,90237.2,219254659942.48,1.76,1955.9
2026-01-21 16:00:00+00:00,short,buy,90237.2,,219145032612.51,-0.05,1955.85
2026-01-21 17:13:00+00:00,short,sell - take_profit,90237.2,87530.08399999999,225609811074.58,2.95,1958.8
2026-01-21 18:00:00+00:00,short,buy,87897.0,,225497006169.04,-0.05,1958.75
2026-01-21 19:00:00+00:00,short,sell - direction_change,87897.0,88441.1,223988386122.49,-0.67,1958.08
2026-01-21 19:00:00+00:00,long,buy,88441.1,,223876391929.43,-0.05,1958.03
2026-01-22 14:00:00+00:00,long,sell - direction_change,88441.1,89570.0,226622107684.5,1.23,1959.26
2026-01-22 14:00:00+00:00,short,buy,89570.0,,226508796630.66,-0.05,1959.21
2026-01-22 19:00:00+00:00,short,sell - direction_change,89570.0,89295.4,227089963529.15,0.26,1959.47
2026-01-22 19:00:00+00:00,long,buy,89295.4,,226976418547.38,-0.05,1959.42
2026-01-22 20:00:00+00:00,long,sell - direction_change,89295.4,89732.8,227974739966.29,0.44,1959.85
2026-01-22 20:00:00+00:00,short,buy,89732.8,,227860752596.31,-0.05,1959.8
2026-01-23 00:00:00+00:00,short,sell - direction_change,89732.8,89518.4,228291253524.47,0.19,1959.99
2026-01-23 00:00:00+00:00,long,buy,89518.4,,228177107897.71,-0.05,1959.94
2026-01-23 05:00:00+00:00,long,sell - direction_change,89518.4,89922.6,229093301241.25,0.4,1960.35
2026-01-23 05:00:00+00:00,short,buy,89922.6,,228978754590.63,-0.05,1960.3
2026-01-23 07:00:00+00:00,short,sell - direction_change,89922.6,89475.0,230004033086.53,0.45,1960.74
2026-01-23 07:00:00+00:00,long,buy,89475.0,,229889031069.99,-0.05,1960.69
2026-01-23 08:00:00+00:00,long,sell - direction_change,89475.0,89497.3,229831382172.15,-0.03,1960.67
2026-01-23 08:00:00+00:00,short,buy,89497.3,,229716466481.06,-0.05,1960.62
2026-01-23 15:00:00+00:00,short,sell - direction_change,89497.3,88976.0,230939650780.68,0.53,1961.15
2026-01-23 15:00:00+00:00,long,buy,88976.0,,230824180955.29,-0.05,1961.1
2026-01-24 01:00:00+00:00,long,sell - direction_change,88976.0,89414.2,231845560315.26,0.44,1961.54
2026-01-24 01:00:00+00:00,short,buy,89414.2,,231729637535.1,-0.05,1961.49
2026-01-24 02:00:00+00:00,short,sell - direction_change,89414.2,89512.8,231358236769.46,-0.16,1961.33
2026-01-24 02:00:00+00:00,long,buy,89512.8,,231242557651.08,-0.05,1961.28
2026-01-24 12:00:00+00:00,long,sell - direction_change,89512.8,89548.5,231219161833.95,-0.01,1961.27
2026-01-24 12:00:00+00:00,short,buy,89548.5,,231103552253.03,-0.05,1961.22
2026-01-25 18:44:00+00:00,short,sell - take_profit,89548.5,86862.045,237921107044.5,2.95,1964.17
2026-01-25 19:00:00+00:00,short,buy,87370.2,,237802146490.98,-0.05,1964.12
2026-01-26 04:00:00+00:00,short,sell - direction_change,87370.2,87233.1,238056400959.14,0.11,1964.23
2026-01-26 04:00:00+00:00,long,buy,87233.1,,237937372758.66,-0.05,1964.18
2026-01-27 09:00:00+00:00,long,sell - direction_change,87233.1,88137.6,240285522100.42,0.99,1965.17
2026-01-27 09:00:00+00:00,short,buy,88137.6,,240165379339.37,-0.05,1965.12
2026-01-27 16:00:00+00:00,short,sell - direction_change,88137.6,88000.1,240419969203.28,0.11,1965.22
2026-01-27 16:00:00+00:00,long,buy,88000.1,,240299759218.68,-0.05,1965.17
2026-01-27 17:00:00+00:00,long,sell - direction_change,88000.1,88604.9,241831122171.17,0.64,1965.81
2026-01-27 17:00:00+00:00,short,buy,88604.9,,241710206610.08,-0.05,1965.76
2026-01-27 18:00:00+00:00,short,sell - direction_change,88604.9,87510.3,244575371378.76,1.19,1966.95
2026-01-27 18:00:00+00:00,long,buy,87510.3,,244453083693.07,-0.05,1966.9
2026-01-28 12:12:00+00:00,long,sell - take_profit,87510.3,90135.60900000001,251664449662.02,2.95,1969.85
2026-01-28 13:00:00+00:00,long,buy,89954.9,,251538617437.19,-0.05,1969.8
2026-01-28 15:14:00+00:00,long,sell - stop_loss,89954.9,89055.351,248897461954.1,-1.05,1968.75
2026-01-28 16:00:00+00:00,long,buy,89444.5,,248773013223.12,-0.05,1968.7
2026-01-29 00:00:00+00:00,long,sell - direction_change,89444.5,89261.7,248140202980.93,-0.25,1968.44
2026-01-29 00:00:00+00:00,short,buy,89261.7,,248016132879.44,-0.05,1968.39
2026-01-29 15:03:00+00:00,short,sell - take_profit,89261.7,86583.849,255332608799.38,2.95,1971.34
2026-01-29 16:00:00+00:00,short,buy,84897.9,,255204942494.98,-0.05,1971.29
2026-01-30 01:39:00+00:00,short,sell - take_profit,84897.9,82350.96299999999,262733488298.58,2.95,1974.24
2026-01-30 02:00:00+00:00,short,buy,82434.7,,262602121554.43,-0.05,1974.19
2026-01-30 04:22:00+00:00,short,sell - stop_loss,82434.7,83259.04699999999,259844799278.11,-1.05,1973.14
2026-01-30 05:00:00+00:00,short,buy,82906.5,,259714876878.47,-0.05,1973.09
2026-01-30 11:00:00+00:00,short,sell - direction_change,82906.5,82793.2,259939945719.04,0.09,1973.18
2026-01-30 11:00:00+00:00,long,buy,82793.2,,259809975746.18,-0.05,1973.13
2026-01-30 18:22:00+00:00,long,sell - stop_loss,82793.2,81965.268,257081971000.84,-1.05,1972.08
2026-01-30 19:00:00+00:00,long,buy,83897.3,,256953430015.34,-0.05,1972.03
2026-01-31 08:00:00+00:00,long,sell - direction_change,83897.3,83514.3,255651933862.33,-0.51,1971.52
2026-01-31 08:00:00+00:00,short,buy,83514.3,,255524107895.4,-0.05,1971.47
2026-01-31 10:00:00+00:00,short,sell - direction_change,83514.3,83075.3,256739529983.17,0.48,1971.95
2026-01-31 10:00:00+00:00,long,buy,83075.3,,256611160218.17,-0.05,1971.9
2026-01-31 11:00:00+00:00,long,sell - direction_change,83075.3,83121.0,256624017294.38,0.01,1971.9
2026-01-31 11:00:00+00:00,short,buy,83121.0,,256495705285.73,-0.05,1971.85
2026-01-31 16:16:00+00:00,short,sell - take_profit,83121.0,80627.37,264062328591.66,2.95,1974.8
2026-01-31 17:00:00+00:00,short,buy,80321.0,,263930297427.36,-0.05,1974.75
2026-01-31 18:21:00+00:00,short,sell - take_profit,80321.0,77911.37,271716241201.47,2.95,1977.7
2026-01-31 19:00:00+00:00,short,buy,77996.8,,271580383080.87,-0.05,1977.65
2026-01-31 23:22:00+00:00,short,sell - stop_loss,77996.8,78776.768,268728789058.52,-1.05,1976.6
2026-02-01 00:00:00+00:00,short,buy,78706.7,,268594424663.99,-0.05,1976.55
2026-02-01 04:00:00+00:00,short,sell - direction_change,78706.7,78826.3,268051980582.46,-0.2,1976.35
2026-02-01 04:00:00+00:00,long,buy,78826.3,,267917954592.17,-0.05,1976.3
2026-02-01 05:00:00+00:00,long,sell - direction_change,78826.3,78938.3,268164665656.66,0.09,1976.39
2026-02-01 05:00:00+00:00,short,buy,78938.3,,268030583323.83,-0.05,1976.34
2026-02-01 06:00:00+00:00,short,sell - direction_change,78938.3,78583.9,269099913413.68,0.4,1976.74
2026-02-01 06:00:00+00:00,long,buy,78583.9,,268965363456.98,-0.05,1976.69
2026-02-01 10:00:00+00:00,long,sell - direction_change,78583.9,78996.9,270244436161.37,0.48,1977.17
2026-02-01 10:00:00+00:00,short,buy,78996.9,,270109313943.29,-0.05,1977.12
2026-02-01 11:00:00+00:00,short,sell - direction_change,78996.9,78240.0,272562281597.62,0.91,1978.02
2026-02-01 11:00:00+00:00,long,buy,78240.0,,272426000456.82,-0.05,1977.97
2026-02-01 12:00:00+00:00,long,sell - direction_change,78240.0,78712.1,273933605386.24,0.55,1978.53
2026-02-01 12:00:00+00:00,short,buy,78712.1,,273796638583.55,-0.05,1978.48
2026-02-01 21:56:00+00:00,short,sell - take_profit,78712.1,76350.73700000001,281873639421.77,2.95,1981.43
2026-02-01 22:00:00+00:00,short,buy,76489.0,,281732702602.05,-0.05,1981.38
2026-02-01 22:10:00+00:00,short,sell - stop_loss,76489.0,77253.89,278774509224.73,-1.05,1980.33
2026-02-01 23:00:00+00:00,short,buy,77211.4,,278635121970.12,-0.05,1980.28
2026-02-02 00:22:00+00:00,short,sell - stop_loss,77211.4,77983.514,275709453189.43,-1.05,1979.23
2026-02-02 01:00:00+00:00,short,buy,77638.5,,275571598462.84,-0.05,1979.18
2026-02-02 03:21:00+00:00,short,sell - take_profit,77638.5,75309.345,283700960617.49,2.95,1982.13
2026-02-02 04:00:00+00:00,short,buy,76256.2,,283559110137.18,-0.05,1982.08
2026-02-02 07:00:00+00:00,short,sell - direction_change,76256.2,76511.3,282468739792.17,-0.38,1981.69
2026-02-02 07:00:00+00:00,long,buy,76511.3,,282327505422.28,-0.05,1981.64
2026-02-02 14:40:00+00:00,long,sell - take_profit,76511.3,78806.63900000001,290656166832.24,2.95,1984.59
2026-02-02 15:00:00+00:00,long,buy,77797.8,,290510838748.82,-0.05,1984.54
2026-02-03 13:00:00+00:00,long,sell - direction_change,77797.8,78289.8,292202798940.48,0.58,1985.13
2026-02-03 13:00:00+00:00,short,buy,78289.8,,292056697541.01,-0.05,1985.08
2026-02-03 17:11:00+00:00,short,sell - take_profit,78289.8,75941.106,300672370118.47,2.95,1988.03
2026-02-03 18:00:00+00:00,short,buy,74882.4,,300522033933.41,-0.05,1987.98
2026-02-03 20:26:00+00:00,short,sell - stop_loss,74882.4,75631.224,297366552577.11,-1.05,1986.93
2026-02-03 21:00:00+00:00,short,buy,76431.9,,297217869300.82,-0.05,1986.88
2026-02-04 01:00:00+00:00,short,sell - direction_change,76431.9,75871.0,299250411206.21,0.68,1987.56
2026-02-04 01:00:00+00:00,long,buy,75871.0,,299100786000.61,-0.05,1987.51
2026-02-04 02:00:00+00:00,long,sell - direction_change,75871.0,76392.1,301005530655.58,0.64,1988.15
2026-02-04 02:00:00+00:00,short,buy,76392.1,,300855027890.26,-0.05,1988.1
2026-02-04 03:00:00+00:00,short,sell - direction_change,76392.1,75926.9,302536697660.91,0.56,1988.66
2026-02-04 03:00:00+00:00,long,buy,75926.9,,302385429312.08,-0.05,1988.61
2026-02-04 11:00:00+00:00,long,sell - direction_change,75926.9,76266.7,303587519411.29,0.4,1989.0
2026-02-04 11:00:00+00:00,short,buy,76266.7,,303435725651.58,-0.05,1988.95
2026-02-04 12:00:00+00:00,short,sell - direction_change,76266.7,75987.6,304394438829.16,0.32,1989.27
2026-02-04 12:00:00+00:00,long,buy,75987.6,,304242241609.75,-0.05,1989.22
2026-02-04 13:00:00+00:00,long,sell - direction_change,75987.6,76160.0,304780382616.63,0.18,1989.4
2026-02-04 13:00:00+00:00,short,buy,76160.0,,304627992425.32,-0.05,1989.35
2026-02-04 15:02:00+00:00,short,sell - take_profit,76160.0,73875.2,313614518201.87,2.95,1992.3
2026-02-04 16:00:00+00:00,short,buy,74107.0,,313457710942.76,-0.05,1992.25
2026-02-04 22:06:00+00:00,short,sell - take_profit,74107.0,71883.79,322704713415.58,2.95,1995.2
2026-02-04 23:00:00+00:00,short,buy,72511.0,,322543361058.87,-0.05,1995.15
2026-02-04 23:17:00+00:00,short,sell - stop_loss,72511.0,73236.11,319156655767.75,-1.05,1994.1
2026-02-05 00:00:00+00:00,short,buy,73137.5,,318997077439.87,-0.05,1994.05
2026-02-05 04:06:00+00:00,short,sell - take_profit,73137.5,70943.375,328407491224.34,2.95,1997.0
2026-02-05 05:00:00+00:00,short,buy,70863.9,,328243287478.73,-0.05,1996.95
2026-02-05 07:02:00+00:00,short,sell - stop_loss,70863.9,71572.53899999999,324796732960.2,-1.05,1995.9
2026-02-05 08:00:00+00:00,short,buy,70716.1,,324634334593.72,-0.05,1995.85
2026-02-05 08:26:00+00:00,short,sell - stop_loss,70716.1,71423.26100000001,321225674080.49,-1.05,1994.8
2026-02-05 09:00:00+00:00,short,buy,71020.9,,321065061243.45,-0.05,1994.75
2026-02-05 09:08:00+00:00,short,sell - stop_loss,71020.9,71731.109,317693878100.39,-1.05,1993.7
2026-02-05 10:00:00+00:00,short,buy,71531.6,,317535031161.34,-0.05,1993.65
2026-02-05 12:19:00+00:00,short,sell - take_profit,71531.6,69385.652,326902314580.6,2.95,1996.6
2026-02-05 13:00:00+00:00,short,buy,69532.9,,326738863423.31,-0.05,1996.55
2026-02-05 14:02:00+00:00,short,sell - stop_loss,69532.9,70228.22899999999,323308105357.37,-1.05,1995.5
2026-02-05 15:00:00+00:00,short,buy,69365.4,,323146451304.69,-0.05,1995.45
2026-02-05 15:23:00+00:00,short,sell - take_profit,69365.4,67284.438,332679271618.18,2.95,1998.4
2026-02-05 16:00:00+00:00,short,buy,67452.0,,332512931982.37,-0.05,1998.35
2026-02-05 16:24:00+00:00,short,sell - stop_loss,67452.0,68126.52,329021546196.55,-1.05,1997.3
2026-02-05 17:00:00+00:00,short,buy,68262.7,,328857035423.45,-0.05,1997.25
2026-02-05 17:57:00+00:00,short,sell - take_profit,68262.7,66214.81899999999,338558317968.45,2.95,2000.2
2026-02-05 18:00:00+00:00,short,buy,66153.8,,338389038809.46,-0.05,2000.15
2026-02-05 20:17:00+00:00,short,sell - take_profit,66153.8,64169.186,348371515454.34,2.95,2003.1
2026-02-05 21:00:00+00:00,short,buy,63750.9,,348197329696.61,-0.05,2003.05
2026-02-05 21:00:00+00:00,short,sell - stop_loss,63750.9,64388.409,344541257734.8,-1.05,2002.0
2026-02-05 22:00:00+00:00,short,buy,63188.8,,344368987105.93,-0.05,2001.95
2026-02-05 22:28:00+00:00,short,sell - stop_loss,63188.8,63820.688,340753112741.32,-1.05,2000.9
2026-02-05 23:00:00+00:00,short,buy,63878.7,,340582736184.95,-0.05,2000.85
2026-02-05 23:04:00+00:00,short,sell - stop_loss,63878.7,64517.487,337006617455.01,-1.05,1999.8
2026-02-06 00:00:00+00:00,short,buy,62868.1,,336838114146.28,-0.05,1999.75
2026-02-06 00:10:00+00:00,short,sell - take_profit,62868.1,60982.05699999999,346774838513.6,2.95,2002.7
2026-02-06 01:00:00+00:00,short,buy,63460.4,,346601451094.34,-0.05,2002.65
2026-02-06 01:04:00+00:00,short,sell - stop_loss,63460.4,64095.004,342962135857.85,-1.05,2001.6
2026-02-06 02:00:00+00:00,short,buy,65666.0,,342790654789.92,-0.05,2001.55
2026-02-06 05:00:00+00:00,short,sell - direction_change,65666.0,64865.1,346800129858.49,1.17,2002.72
2026-02-06 05:00:00+00:00,long,buy,64865.1,,346626729793.56,-0.05,2002.67
2026-02-06 13:04:00+00:00,long,sell - take_profit,64865.1,66811.053,356852218322.47,2.95,2005.62
2026-02-06 14:00:00+00:00,long,buy,67274.9,,356673792213.31,-0.05,2005.57
2026-02-06 14:21:00+00:00,long,sell - stop_loss,67274.9,66602.151,352928717395.07,-1.05,2004.52
2026-02-06 15:00:00+00:00,long,buy,68149.1,,352752253036.37,-0.05,2004.47
2026-02-06 17:10:00+00:00,long,sell - take_profit,68149.1,70193.573,363158444500.94,2.95,2007.42
2026-02-06 18:00:00+00:00,long,buy,70707.3,,362976865278.69,-0.05,2007.37
2026-02-06 18:07:00+00:00,long,sell - stop_loss,70707.3,70000.227,359165608193.26,-1.05,2006.32
2026-02-06 19:00:00+00:00,long,buy,69728.7,,358986025389.17,-0.05,2006.27
2026-02-07 06:57:00+00:00,long,sell - stop_loss,69728.7,69031.413,355216672122.58,-1.05,2005.22
2026-02-07 07:00:00+00:00,long,buy,68733.6,,355039063786.52,-0.05,2005.17
2026-02-07 07:14:00+00:00,long,sell - stop_loss,68733.6,68046.26400000001,351311153616.76,-1.05,2004.12
2026-02-07 08:00:00+00:00,long,buy,68050.5,,351135498039.95,-0.05,2004.07
2026-02-07 09:00:00+00:00,long,sell - direction_change,68050.5,68458.6,353065695814.33,0.55,2004.61
2026-02-07 09:00:00+00:00,short,buy,68458.6,,352889162966.43,-0.05,2004.56
2026-02-07 11:00:00+00:00,short,sell - direction_change,68458.6,67954.8,355309697585.55,0.69,2005.25
2026-02-07 11:00:00+00:00,long,buy,67954.8,,355132042736.75,-0.05,2005.2
2026-02-07 12:19:00+00:00,long,sell - take_profit,67954.8,69993.444,365608437997.49,2.95,2008.15
2026-02-07 13:00:00+00:00,long,buy,68988.7,,365425633778.49,-0.05,2008.1
2026-02-07 14:00:00+00:00,long,sell - direction_change,68988.7,69062.9,365635950284.18,0.06,2008.16
2026-02-07 14:00:00+00:00,short,buy,69062.9,,365453132309.03,-0.05,2008.11
2026-02-07 15:00:00+00:00,short,sell - direction_change,69062.9,68615.8,367636279395.09,0.6,2008.71
2026-02-07 15:00:00+00:00,long,buy,68615.8,,367452461255.39,-0.05,2008.66
2026-02-08 08:34:00+00:00,long,sell - take_profit,68615.8,70674.274,378292308862.43,2.95,2011.61
2026-02-08 09:00:00+00:00,long,buy,70624.4,,378103162708.0,-0.05,2011.56
2026-02-08 10:23:00+00:00,long,sell - stop_loss,70624.4,69918.15599999999,374133079499.56,-1.05,2010.51
2026-02-08 11:00:00+00:00,long,buy,70231.1,,373946012959.81,-0.05,2010.46
2026-02-09 02:47:00+00:00,long,sell - end_of_backtest,70231.1,70792.1,376746088615.11,0.75,2011.2
