datetime,predicted_direction,action,buy_price,sell_price,balance,pnl,pnl_sum
2022-12-31 19:00:00+00:00,short,buy,16571.8,,999.5,-0.05,-0.05
2023-01-01 10:00:00+00:00,short,sell - direction_change,16571.8,16532.7,1001.36,0.19,0.14
2023-01-01 10:00:00+00:00,long,buy,16532.7,,1000.86,-0.05,0.09
2023-01-01 11:00:00+00:00,long,sell - direction_change,16532.7,16542.9,1000.97,0.01,0.1
2023-01-01 11:00:00+00:00,short,buy,16542.9,,1000.47,-0.05,0.05
2023-01-01 16:00:00+00:00,short,sell - direction_change,16542.9,16553.0,999.36,-0.11,-0.06
2023-01-01 16:00:00+00:00,long,buy,16553.0,,998.86,-0.05,-0.11
2023-01-01 17:00:00+00:00,long,sell - direction_change,16553.0,16556.1,998.55,-0.03,-0.14
2023-01-01 17:00:00+00:00,short,buy,16556.1,,998.05,-0.05,-0.19
2023-01-01 23:00:00+00:00,short,sell - direction_change,16556.1,16594.4,995.24,-0.28,-0.48
2023-01-01 23:00:00+00:00,long,buy,16594.4,,994.75,-0.05,-0.53
2023-01-02 01:00:00+00:00,long,sell - direction_change,16594.4,16578.0,993.27,-0.15,-0.67
2023-01-02 01:00:00+00:00,short,buy,16578.0,,992.77,-0.05,-0.72
2023-01-02 03:00:00+00:00,short,sell - direction_change,16578.0,16580.4,992.13,-0.06,-0.79
2023-01-02 03:00:00+00:00,long,buy,16580.4,,991.63,-0.05,-0.84
2023-01-02 22:00:00+00:00,long,sell - direction_change,16580.4,16751.9,1001.39,0.98,0.15
2023-01-02 22:00:00+00:00,short,buy,16751.9,,1000.89,-0.05,0.1
2023-01-03 05:00:00+00:00,short,sell - direction_change,16751.9,16677.9,1004.81,0.39,0.49
2023-01-03 05:00:00+00:00,long,buy,16677.9,,1004.31,-0.05,0.44
2023-01-03 06:00:00+00:00,long,sell - direction_change,16677.9,16720.0,1006.35,0.2,0.64
2023-01-03 06:00:00+00:00,short,buy,16720.0,,1005.84,-0.05,0.59
2023-01-03 09:00:00+00:00,short,sell - direction_change,16720.0,16710.1,1005.93,0.01,0.6
2023-01-03 09:00:00+00:00,long,buy,16710.1,,1005.43,-0.05,0.55
2023-01-03 12:00:00+00:00,long,sell - direction_change,16710.1,16714.2,1005.18,-0.03,0.52
2023-01-03 12:00:00+00:00,short,buy,16714.2,,1004.67,-0.05,0.47
2023-01-03 13:00:00+00:00,short,sell - direction_change,16714.2,16703.8,1004.8,0.01,0.49
2023-01-03 13:00:00+00:00,long,buy,16703.8,,1004.29,-0.05,0.44
2023-01-03 14:00:00+00:00,long,sell - direction_change,16703.8,16718.2,1004.66,0.04,0.47
2023-01-03 14:00:00+00:00,short,buy,16718.2,,1004.15,-0.05,0.42
2023-01-04 01:00:00+00:00,short,sell - direction_change,16718.2,16655.6,1007.41,0.32,0.75
2023-01-04 01:00:00+00:00,long,buy,16655.6,,1006.91,-0.05,0.7
2023-01-04 19:00:00+00:00,long,sell - direction_change,16655.6,16941.9,1023.71,1.67,2.36
2023-01-04 19:00:00+00:00,short,buy,16941.9,,1023.2,-0.05,2.31
2023-01-05 15:00:00+00:00,short,sell - direction_change,16941.9,16822.6,1029.9,0.65,2.97
2023-01-05 15:00:00+00:00,long,buy,16822.6,,1029.38,-0.05,2.92
2023-01-05 17:00:00+00:00,long,sell - direction_change,16822.6,16833.0,1029.5,0.01,2.93
2023-01-05 17:00:00+00:00,short,buy,16833.0,,1028.99,-0.05,2.88
2023-01-05 18:00:00+00:00,short,sell - direction_change,16833.0,16806.8,1030.07,0.11,2.99
2023-01-05 18:00:00+00:00,long,buy,16806.8,,1029.56,-0.05,2.94
2023-01-05 23:00:00+00:00,long,sell - direction_change,16806.8,16829.9,1030.46,0.09,3.02
2023-01-05 23:00:00+00:00,short,buy,16829.9,,1029.94,-0.05,2.97
2023-01-06 00:00:00+00:00,short,sell - direction_change,16829.9,16823.8,1029.8,-0.01,2.96
2023-01-06 00:00:00+00:00,long,buy,16823.8,,1029.29,-0.05,2.91
2023-01-06 01:00:00+00:00,long,sell - direction_change,16823.8,16852.1,1030.5,0.12,3.03
2023-01-06 01:00:00+00:00,short,buy,16852.1,,1029.99,-0.05,2.98
2023-01-06 03:00:00+00:00,short,sell - direction_change,16852.1,16828.8,1030.9,0.09,3.07
2023-01-06 03:00:00+00:00,long,buy,16828.8,,1030.38,-0.05,3.02
2023-01-06 04:00:00+00:00,long,sell - direction_change,16828.8,16825.0,1029.64,-0.07,2.94
2023-01-06 04:00:00+00:00,short,buy,16825.0,,1029.12,-0.05,2.89
2023-01-06 15:00:00+00:00,short,sell - direction_change,16825.0,16743.0,1033.62,0.44,3.33
2023-01-06 15:00:00+00:00,long,buy,16743.0,,1033.1,-0.05,3.28
2023-01-07 08:00:00+00:00,long,sell - direction_change,16743.0,16939.8,1044.73,1.13,4.41
2023-01-07 08:00:00+00:00,short,buy,16939.8,,1044.21,-0.05,4.36
2023-01-07 14:00:00+00:00,short,sell - direction_change,16939.8,16911.9,1045.41,0.11,4.47
2023-01-07 14:00:00+00:00,long,buy,16911.9,,1044.88,-0.05,4.42
2023-01-07 16:00:00+00:00,long,sell - direction_change,16911.9,16934.5,1045.76,0.08,4.51
2023-01-07 16:00:00+00:00,short,buy,16934.5,,1045.24,-0.05,4.46
2023-01-07 18:00:00+00:00,short,sell - direction_change,16934.5,16923.2,1045.41,0.02,4.47
2023-01-07 18:00:00+00:00,long,buy,16923.2,,1044.89,-0.05,4.42
2023-01-08 00:00:00+00:00,long,sell - direction_change,16923.2,16936.5,1045.19,0.03,4.45
2023-01-08 00:00:00+00:00,short,buy,16936.5,,1044.66,-0.05,4.4
2023-01-08 03:00:00+00:00,short,sell - direction_change,16936.5,16925.5,1044.82,0.01,4.42
2023-01-08 03:00:00+00:00,long,buy,16925.5,,1044.3,-0.05,4.37
2023-01-08 04:00:00+00:00,long,sell - direction_change,16925.5,16938.9,1044.6,0.03,4.39
2023-01-08 04:00:00+00:00,short,buy,16938.9,,1044.08,-0.05,4.34
2023-01-08 05:00:00+00:00,short,sell - direction_change,16938.9,16930.8,1044.06,-0.0,4.34
2023-01-08 05:00:00+00:00,long,buy,16930.8,,1043.53,-0.05,4.29
2023-01-08 09:00:00+00:00,long,sell - direction_change,16930.8,16938.8,1043.51,-0.0,4.29
2023-01-08 09:00:00+00:00,short,buy,16938.8,,1042.98,-0.05,4.24
2023-01-08 14:00:00+00:00,short,sell - direction_change,16938.8,16924.1,1043.37,0.04,4.28
2023-01-08 14:00:00+00:00,long,buy,16924.1,,1042.85,-0.05,4.23
2023-01-08 16:00:00+00:00,long,sell - direction_change,16924.1,16990.9,1046.44,0.34,4.57
2023-01-08 16:00:00+00:00,short,buy,16990.9,,1045.92,-0.05,4.52
2023-01-08 20:00:00+00:00,short,sell - direction_change,16990.9,16920.3,1049.74,0.37,4.89
2023-01-08 20:00:00+00:00,long,buy,16920.3,,1049.22,-0.05,4.84
2023-01-09 20:00:00+00:00,long,sell - direction_change,16920.3,17285.6,1071.34,2.11,6.95
2023-01-09 20:00:00+00:00,short,buy,17285.6,,1070.81,-0.05,6.9
2023-01-10 08:00:00+00:00,short,sell - direction_change,17285.6,17194.6,1075.91,0.48,7.37
2023-01-10 08:00:00+00:00,long,buy,17194.6,,1075.37,-0.05,7.32
2023-01-10 12:00:00+00:00,long,sell - direction_change,17194.6,17244.3,1077.94,0.24,7.56
2023-01-10 12:00:00+00:00,short,buy,17244.3,,1077.4,-0.05,7.51
2023-01-10 13:00:00+00:00,short,sell - direction_change,17244.3,17216.2,1078.62,0.11,7.62
2023-01-10 13:00:00+00:00,long,buy,17216.2,,1078.08,-0.05,7.57
2023-01-11 10:00:00+00:00,long,sell - direction_change,17216.2,17436.9,1091.36,1.23,8.81
2023-01-11 10:00:00+00:00,short,buy,17436.9,,1090.82,-0.05,8.76
2023-01-11 11:00:00+00:00,short,sell - direction_change,17436.9,17431.6,1090.6,-0.02,8.74
2023-01-11 11:00:00+00:00,long,buy,17431.6,,1090.06,-0.05,8.69
2023-01-11 12:00:00+00:00,long,sell - direction_change,17431.6,17428.6,1089.32,-0.07,8.62
2023-01-11 12:00:00+00:00,short,buy,17428.6,,1088.78,-0.05,8.57
2023-01-11 19:00:00+00:00,short,sell - direction_change,17428.6,17476.4,1085.25,-0.32,8.24
2023-01-11 19:00:00+00:00,long,buy,17476.4,,1084.71,-0.05,8.19
2023-01-11 23:34:00+00:00,long,sell - take_profit,17476.4,18000.692000000003,1116.71,2.95,11.14
2023-01-12 00:00:00+00:00,long,buy,17935.6,,1116.15,-0.05,11.09
2023-01-12 14:00:00+00:00,long,sell - direction_change,17935.6,18277.7,1136.88,1.86,12.95
2023-01-12 14:00:00+00:00,short,buy,18277.7,,1136.31,-0.05,12.9
2023-01-12 15:00:00+00:00,short,sell - direction_change,18277.7,17989.7,1153.65,1.53,14.43
2023-01-12 15:00:00+00:00,long,buy,17989.7,,1153.07,-0.05,14.38
2023-01-12 16:00:00+00:00,long,sell - direction_change,17989.7,18077.6,1158.13,0.44,14.82
2023-01-12 16:00:00+00:00,short,buy,18077.6,,1157.55,-0.05,14.77
2023-01-12 17:00:00+00:00,short,sell - direction_change,18077.6,18128.4,1153.72,-0.33,14.44
2023-01-12 17:00:00+00:00,long,buy,18128.4,,1153.14,-0.05,14.39
2023-01-12 17:37:00+00:00,long,sell - take_profit,18128.4,18672.252,1187.16,2.95,17.34
2023-01-12 18:00:00+00:00,long,buy,18840.0,,1186.56,-0.05,17.29
2023-01-12 18:29:00+00:00,long,sell - stop_loss,18840.0,18651.6,1174.1,-1.05,16.24
2023-01-12 19:00:00+00:00,long,buy,18790.1,,1173.52,-0.05,16.19
2023-01-13 07:00:00+00:00,long,sell - direction_change,18790.1,18844.1,1176.3,0.24,16.42
2023-01-13 07:00:00+00:00,short,buy,18844.1,,1175.72,-0.05,16.37
2023-01-13 09:00:00+00:00,short,sell - direction_change,18844.1,18834.8,1175.71,-0.0,16.37
2023-01-13 09:00:00+00:00,long,buy,18834.8,,1175.12,-0.05,16.32
2023-01-13 20:17:00+00:00,long,sell - take_profit,18834.8,19399.844,1209.79,2.95,19.27
2023-01-13 21:00:00+00:00,long,buy,19464.0,,1209.18,-0.05,19.22
2023-01-14 00:06:00+00:00,long,sell - take_profit,19464.0,20047.920000000002,1244.85,2.95,22.17
2023-01-14 01:00:00+00:00,long,buy,20901.8,,1244.23,-0.05,22.12
2023-01-14 09:17:00+00:00,long,sell - stop_loss,20901.8,20692.782,1231.16,-1.05,21.07
2023-01-14 10:00:00+00:00,long,buy,20542.4,,1230.55,-0.05,21.02
2023-01-14 10:23:00+00:00,long,sell - stop_loss,20542.4,20336.976000000002,1217.63,-1.05,19.97
2023-01-14 11:00:00+00:00,long,buy,20513.8,,1217.02,-0.05,19.92
2023-01-14 14:33:00+00:00,long,sell - take_profit,20513.8,21129.214,1252.92,2.95,22.87
2023-01-14 15:00:00+00:00,short,buy,20841.9,,1252.3,-0.05,22.82
2023-01-14 19:00:00+00:00,short,sell - direction_change,20841.9,20769.3,1256.03,0.3,23.12
2023-01-14 19:00:00+00:00,long,buy,20769.3,,1255.4,-0.05,23.07
2023-01-15 00:00:00+00:00,long,sell - direction_change,20769.3,20962.8,1266.47,0.88,23.95
2023-01-15 00:00:00+00:00,short,buy,20962.8,,1265.84,-0.05,23.9
2023-01-15 14:00:00+00:00,short,sell - direction_change,20962.8,20719.4,1279.9,1.11,25.01
2023-01-15 14:00:00+00:00,long,buy,20719.4,,1279.26,-0.05,24.96
2023-01-15 18:00:00+00:00,long,sell - direction_change,20719.4,20931.0,1291.69,0.97,25.93
2023-01-15 18:00:00+00:00,short,buy,20931.0,,1291.04,-0.05,25.88
2023-01-15 19:00:00+00:00,short,sell - direction_change,20931.0,20827.0,1296.81,0.45,26.33
2023-01-15 19:00:00+00:00,long,buy,20827.0,,1296.16,-0.05,26.28
2023-01-16 08:00:00+00:00,long,sell - direction_change,20827.0,21116.0,1313.5,1.34,27.62
2023-01-16 08:00:00+00:00,short,buy,21116.0,,1312.84,-0.05,27.57
2023-01-16 18:00:00+00:00,short,sell - direction_change,21116.0,21110.7,1312.52,-0.02,27.54
2023-01-16 18:00:00+00:00,long,buy,21110.7,,1311.86,-0.05,27.49
2023-01-17 01:00:00+00:00,long,sell - direction_change,21110.7,21110.3,1311.18,-0.05,27.44
2023-01-17 01:00:00+00:00,short,buy,21110.3,,1310.52,-0.05,27.39
2023-01-17 02:00:00+00:00,short,sell - direction_change,21110.3,21043.9,1313.99,0.26,27.66
2023-01-17 02:00:00+00:00,long,buy,21043.9,,1313.33,-0.05,27.61
2023-01-17 05:00:00+00:00,long,sell - direction_change,21043.9,21160.1,1319.93,0.5,28.11
2023-01-17 05:00:00+00:00,short,buy,21160.1,,1319.27,-0.05,28.06
2023-01-17 08:00:00+00:00,short,sell - direction_change,21160.1,21134.8,1320.19,0.07,28.13
2023-01-17 08:00:00+00:00,long,buy,21134.8,,1319.53,-0.05,28.08
2023-01-17 16:00:00+00:00,long,sell - direction_change,21134.8,21175.7,1321.42,0.14,28.22
2023-01-17 16:00:00+00:00,short,buy,21175.7,,1320.76,-0.05,28.17
2023-01-17 17:00:00+00:00,short,sell - direction_change,21175.7,21160.0,1321.08,0.02,28.2
2023-01-17 17:00:00+00:00,long,buy,21160.0,,1320.42,-0.05,28.15
2023-01-17 23:00:00+00:00,long,sell - direction_change,21160.0,21229.9,1324.12,0.28,28.43
2023-01-17 23:00:00+00:00,short,buy,21229.9,,1323.46,-0.05,28.38
2023-01-18 01:00:00+00:00,short,sell - direction_change,21229.9,21201.1,1324.59,0.09,28.46
2023-01-18 01:00:00+00:00,long,buy,21201.1,,1323.93,-0.05,28.41
2023-01-18 06:00:00+00:00,long,sell - direction_change,21201.1,21307.5,1329.91,0.45,28.86
2023-01-18 06:00:00+00:00,short,buy,21307.5,,1329.25,-0.05,28.81
2023-01-18 07:00:00+00:00,short,sell - direction_change,21307.5,21257.1,1331.73,0.19,29.0
2023-01-18 07:00:00+00:00,long,buy,21257.1,,1331.06,-0.05,28.95
2023-01-18 08:00:00+00:00,long,sell - direction_change,21257.1,21307.8,1333.57,0.19,29.14
2023-01-18 08:00:00+00:00,short,buy,21307.8,,1332.9,-0.05,29.09
2023-01-18 13:00:00+00:00,short,sell - direction_change,21307.8,21257.9,1335.36,0.18,29.27
2023-01-18 13:00:00+00:00,long,buy,21257.9,,1334.69,-0.05,29.22
2023-01-18 15:00:00+00:00,long,sell - direction_change,21257.9,21419.9,1344.19,0.71,29.94
2023-01-18 15:00:00+00:00,short,buy,21419.9,,1343.52,-0.05,29.89
2023-01-18 16:20:00+00:00,short,sell - take_profit,21419.9,20777.303,1383.16,2.95,32.84
2023-01-18 17:00:00+00:00,short,buy,20851.2,,1382.47,-0.05,32.79
2023-01-18 17:13:00+00:00,short,sell - stop_loss,20851.2,21059.712,1367.95,-1.05,31.74
2023-01-18 18:00:00+00:00,short,buy,20889.5,,1367.27,-0.05,31.69
2023-01-19 07:00:00+00:00,short,sell - direction_change,20889.5,20828.6,1370.57,0.24,31.93
2023-01-19 07:00:00+00:00,long,buy,20828.6,,1369.88,-0.05,31.88
2023-01-19 08:00:00+00:00,long,sell - direction_change,20828.6,20818.2,1368.51,-0.1,31.78
2023-01-19 08:00:00+00:00,short,buy,20818.2,,1367.83,-0.05,31.73
2023-01-19 09:00:00+00:00,short,sell - direction_change,20818.2,20770.0,1370.31,0.18,31.91
2023-01-19 09:00:00+00:00,long,buy,20770.0,,1369.63,-0.05,31.86
2023-01-19 11:00:00+00:00,long,sell - direction_change,20770.0,20797.6,1370.76,0.08,31.94
2023-01-19 11:00:00+00:00,short,buy,20797.6,,1370.08,-0.05,31.89
2023-01-19 15:00:00+00:00,short,sell - direction_change,20797.6,20800.8,1369.18,-0.07,31.83
2023-01-19 15:00:00+00:00,long,buy,20800.8,,1368.5,-0.05,31.78
2023-01-20 06:00:00+00:00,long,sell - direction_change,20800.8,20979.3,1379.56,0.81,32.58
2023-01-20 06:00:00+00:00,short,buy,20979.3,,1378.87,-0.05,32.53
2023-01-20 12:00:00+00:00,short,sell - direction_change,20979.3,20957.5,1379.61,0.05,32.59
2023-01-20 12:00:00+00:00,long,buy,20957.5,,1378.92,-0.05,32.54
2023-01-20 20:01:00+00:00,long,sell - take_profit,20957.5,21586.225000000002,1419.6,2.95,35.49
2023-01-20 21:00:00+00:00,long,buy,22287.2,,1418.89,-0.05,35.44
2023-01-21 09:42:00+00:00,long,sell - take_profit,22287.2,22955.816000000003,1460.75,2.95,38.39
2023-01-21 10:00:00+00:00,long,buy,23027.6,,1460.01,-0.05,38.34
2023-01-21 10:26:00+00:00,long,sell - stop_loss,23027.6,22797.323999999997,1444.68,-1.05,37.29
2023-01-21 11:00:00+00:00,long,buy,22776.8,,1443.96,-0.05,37.24
2023-01-21 22:00:00+00:00,long,sell - direction_change,22776.8,23198.7,1469.99,1.8,39.04
2023-01-21 22:00:00+00:00,short,buy,23198.7,,1469.25,-0.05,38.99
2023-01-22 14:00:00+00:00,short,sell - direction_change,23198.7,22898.9,1487.5,1.24,40.23
2023-01-22 14:00:00+00:00,long,buy,22898.9,,1486.76,-0.05,40.18
2023-01-22 15:00:00+00:00,long,sell - direction_change,22898.9,22993.2,1492.14,0.36,40.54
2023-01-22 15:00:00+00:00,short,buy,22993.2,,1491.39,-0.05,40.49
2023-01-22 20:53:00+00:00,short,sell - take_profit,22993.2,22303.404,1535.39,2.95,43.44
2023-01-22 21:00:00+00:00,short,buy,22464.3,,1534.62,-0.05,43.39
2023-01-22 22:56:00+00:00,short,sell - stop_loss,22464.3,22688.943,1518.51,-1.05,42.34
2023-01-22 23:00:00+00:00,short,buy,22674.1,,1517.75,-0.05,42.29
2023-01-23 06:00:00+00:00,short,sell - direction_change,22674.1,22721.4,1513.82,-0.26,42.04
2023-01-23 06:00:00+00:00,long,buy,22721.4,,1513.07,-0.05,41.99
2023-01-23 07:00:00+00:00,long,sell - direction_change,22721.4,22773.4,1515.77,0.18,42.16
2023-01-23 07:00:00+00:00,short,buy,22773.4,,1515.02,-0.05,42.11
2023-01-23 08:00:00+00:00,short,sell - direction_change,22773.4,22692.4,1519.65,0.31,42.42
2023-01-23 08:00:00+00:00,long,buy,22692.4,,1518.89,-0.05,42.37
2023-01-23 14:00:00+00:00,long,sell - direction_change,22692.4,22797.1,1525.14,0.41,42.78
2023-01-23 14:00:00+00:00,short,buy,22797.1,,1524.37,-0.05,42.73
2023-01-23 14:51:00+00:00,short,sell - stop_loss,22797.1,23025.071,1508.37,-1.05,41.68
2023-01-23 15:00:00+00:00,long,buy,22635.8,,1507.61,-0.05,41.63
2023-01-24 09:00:00+00:00,long,sell - direction_change,22635.8,23047.0,1534.25,1.77,43.4
2023-01-24 09:00:00+00:00,short,buy,23047.0,,1533.48,-0.05,43.35
2023-01-24 19:00:00+00:00,short,sell - direction_change,23047.0,22992.8,1536.32,0.19,43.53
2023-01-24 19:00:00+00:00,long,buy,22992.8,,1535.55,-0.05,43.48
2023-01-24 21:00:00+00:00,long,sell - direction_change,22992.8,23004.2,1535.54,-0.0,43.48
2023-01-24 21:00:00+00:00,short,buy,23004.2,,1534.78,-0.05,43.43
2023-01-25 01:26:00+00:00,short,sell - take_profit,23004.2,22314.074,1580.05,2.95,46.38
2023-01-25 02:00:00+00:00,short,buy,22487.4,,1579.26,-0.05,46.33
2023-01-25 05:31:00+00:00,short,sell - stop_loss,22487.4,22712.274,1562.68,-1.05,45.28
2023-01-25 06:00:00+00:00,short,buy,22665.4,,1561.9,-0.05,45.23
2023-01-25 12:00:00+00:00,short,sell - direction_change,22665.4,22595.8,1565.91,0.26,45.49
2023-01-25 12:00:00+00:00,long,buy,22595.8,,1565.13,-0.05,45.44
2023-01-25 13:00:00+00:00,long,sell - direction_change,22595.8,22692.0,1571.01,0.38,45.82
2023-01-25 13:00:00+00:00,short,buy,22692.0,,1570.23,-0.05,45.77
2023-01-25 18:00:00+00:00,short,sell - direction_change,22692.0,22567.9,1578.03,0.5,46.26
2023-01-25 18:00:00+00:00,long,buy,22567.9,,1577.24,-0.05,46.21
2023-01-25 21:36:00+00:00,long,sell - take_profit,22567.9,23244.937,1623.77,2.95,49.16
2023-01-25 22:00:00+00:00,long,buy,23593.3,,1622.96,-0.05,49.11
2023-01-25 22:10:00+00:00,long,sell - stop_loss,23593.3,23357.367,1605.92,-1.05,48.06
2023-01-25 23:00:00+00:00,long,buy,22930.1,,1605.11,-0.05,48.01
2023-01-26 07:00:00+00:00,long,sell - direction_change,22930.1,23084.4,1615.11,0.62,48.64
2023-01-26 07:00:00+00:00,short,buy,23084.4,,1614.3,-0.05,48.59
2023-01-26 08:00:00+00:00,short,sell - direction_change,23084.4,22961.3,1622.1,0.48,49.07
2023-01-26 08:00:00+00:00,long,buy,22961.3,,1621.29,-0.05,49.02
2023-01-26 09:00:00+00:00,long,sell - direction_change,22961.3,22997.4,1623.03,0.11,49.13
2023-01-26 09:00:00+00:00,short,buy,22997.4,,1622.22,-0.05,49.08
2023-01-26 11:00:00+00:00,short,sell - direction_change,22997.4,22932.3,1626.0,0.23,49.31
2023-01-26 11:00:00+00:00,long,buy,22932.3,,1625.19,-0.05,49.26
2023-01-26 15:00:00+00:00,long,sell - direction_change,22932.3,23028.6,1631.2,0.37,49.63
2023-01-26 15:00:00+00:00,short,buy,23028.6,,1630.39,-0.05,49.58
2023-01-26 19:00:00+00:00,short,sell - direction_change,23028.6,23031.6,1629.36,-0.06,49.52
2023-01-26 19:00:00+00:00,long,buy,23031.6,,1628.54,-0.05,49.47
2023-01-26 22:00:00+00:00,long,sell - direction_change,23031.6,23073.5,1630.69,0.13,49.6
2023-01-26 22:00:00+00:00,short,buy,23073.5,,1629.88,-0.05,49.55
2023-01-27 10:00:00+00:00,short,sell - direction_change,23073.5,22942.7,1638.3,0.52,50.07
2023-01-27 10:00:00+00:00,long,buy,22942.7,,1637.48,-0.05,50.02
2023-01-27 15:00:00+00:00,long,sell - direction_change,22942.7,22958.3,1637.78,0.02,50.03
2023-01-27 15:00:00+00:00,short,buy,22958.3,,1636.96,-0.05,49.98
2023-01-27 16:00:00+00:00,short,sell - direction_change,22958.3,22928.8,1638.24,0.08,50.06
2023-01-27 16:00:00+00:00,long,buy,22928.8,,1637.42,-0.05,50.01
2023-01-27 22:00:00+00:00,long,sell - direction_change,22928.8,23077.9,1647.25,0.6,50.61
2023-01-27 22:00:00+00:00,short,buy,23077.9,,1646.43,-0.05,50.56
2023-01-27 23:00:00+00:00,short,sell - direction_change,23077.9,23000.7,1651.11,0.28,50.85
2023-01-27 23:00:00+00:00,long,buy,23000.7,,1650.29,-0.05,50.8
2023-01-28 04:00:00+00:00,long,sell - direction_change,23000.7,23108.9,1657.23,0.42,51.22
2023-01-28 04:00:00+00:00,short,buy,23108.9,,1656.4,-0.05,51.17
2023-01-28 19:00:00+00:00,short,sell - direction_change,23108.9,22991.2,1664.01,0.46,51.63
2023-01-28 19:00:00+00:00,long,buy,22991.2,,1663.17,-0.05,51.58
2023-01-28 20:00:00+00:00,long,sell - direction_change,22991.2,23033.2,1665.38,0.13,51.71
2023-01-28 20:00:00+00:00,short,buy,23033.2,,1664.55,-0.05,51.66
2023-01-28 23:00:00+00:00,short,sell - direction_change,23033.2,22969.9,1668.29,0.22,51.88
2023-01-28 23:00:00+00:00,long,buy,22969.9,,1667.46,-0.05,51.83
2023-01-29 11:04:00+00:00,long,sell - take_profit,22969.9,23658.997000000003,1716.65,2.95,54.78
2023-01-29 12:00:00+00:00,long,buy,23430.0,,1715.79,-0.05,54.73
2023-01-30 05:00:00+00:00,long,sell - direction_change,23430.0,23716.3,1735.89,1.17,55.91
2023-01-30 05:00:00+00:00,short,buy,23716.3,,1735.03,-0.05,55.86
2023-01-30 11:42:00+00:00,short,sell - take_profit,23716.3,23004.810999999998,1786.21,2.95,58.81
2023-01-30 12:00:00+00:00,short,buy,23075.2,,1785.32,-0.05,58.76
2023-01-31 07:00:00+00:00,short,sell - direction_change,23075.2,22805.9,1805.26,1.12,59.87
2023-01-31 07:00:00+00:00,long,buy,22805.9,,1804.36,-0.05,59.82
2023-01-31 10:00:00+00:00,long,sell - direction_change,22805.9,22883.8,1809.62,0.29,60.11
2023-01-31 10:00:00+00:00,short,buy,22883.8,,1808.71,-0.05,60.06
2023-01-31 11:00:00+00:00,short,sell - direction_change,22883.8,22821.0,1812.77,0.22,60.29
2023-01-31 11:00:00+00:00,long,buy,22821.0,,1811.87,-0.05,60.24
2023-02-01 03:00:00+00:00,long,sell - direction_change,22821.0,23102.3,1833.29,1.18,61.42
2023-02-01 03:00:00+00:00,short,buy,23102.3,,1832.38,-0.05,61.37
2023-02-01 04:00:00+00:00,short,sell - direction_change,23102.3,23127.4,1829.47,-0.16,61.21
2023-02-01 04:00:00+00:00,long,buy,23127.4,,1828.56,-0.05,61.16
2023-02-01 06:00:00+00:00,long,sell - direction_change,23127.4,23113.4,1826.53,-0.11,61.05
2023-02-01 06:00:00+00:00,short,buy,23113.4,,1825.62,-0.05,61.0
2023-02-01 07:00:00+00:00,short,sell - direction_change,23113.4,23060.0,1828.93,0.18,61.18
2023-02-01 07:00:00+00:00,long,buy,23060.0,,1828.01,-0.05,61.13
2023-02-01 08:00:00+00:00,long,sell - direction_change,23060.0,23070.9,1827.96,-0.0,61.13
2023-02-01 08:00:00+00:00,short,buy,23070.9,,1827.05,-0.05,61.08
2023-02-01 14:00:00+00:00,short,sell - direction_change,23070.9,23082.5,1825.22,-0.1,60.98
2023-02-01 14:00:00+00:00,long,buy,23082.5,,1824.3,-0.05,60.93
2023-02-01 15:00:00+00:00,long,sell - direction_change,23082.5,23098.1,1824.62,0.02,60.95
2023-02-01 15:00:00+00:00,short,buy,23098.1,,1823.71,-0.05,60.9
2023-02-01 19:00:00+00:00,short,sell - direction_change,23098.1,23073.3,1824.76,0.06,60.96
2023-02-01 19:00:00+00:00,long,buy,23073.3,,1823.85,-0.05,60.91
2023-02-01 19:31:00+00:00,long,sell - stop_loss,23073.3,22842.567,1804.7,-1.05,59.86
2023-02-01 20:00:00+00:00,long,buy,23379.8,,1803.79,-0.05,59.81
2023-02-02 00:44:00+00:00,long,sell - take_profit,23379.8,24081.194,1857.0,2.95,62.76
2023-02-02 01:00:00+00:00,long,buy,24194.4,,1856.08,-0.05,62.71
2023-02-02 01:59:00+00:00,long,sell - stop_loss,24194.4,23952.456000000002,1836.59,-1.05,61.66
2023-02-02 02:00:00+00:00,long,buy,23958.6,,1835.67,-0.05,61.61
2023-02-02 06:23:00+00:00,long,sell - stop_loss,23958.6,23719.014,1816.39,-1.05,60.56
2023-02-02 07:00:00+00:00,long,buy,23793.9,,1815.49,-0.05,60.51
2023-02-02 11:00:00+00:00,long,sell - direction_change,23793.9,23785.0,1813.9,-0.09,60.42
2023-02-02 11:00:00+00:00,short,buy,23785.0,,1812.99,-0.05,60.37
2023-02-02 15:00:00+00:00,short,sell - direction_change,23785.0,23612.1,1825.27,0.68,61.04
2023-02-02 15:00:00+00:00,long,buy,23612.1,,1824.35,-0.05,60.99
2023-02-02 21:00:00+00:00,long,sell - direction_change,23612.1,23875.0,1843.75,1.06,62.06
2023-02-02 21:00:00+00:00,short,buy,23875.0,,1842.83,-0.05,62.01
2023-02-03 15:00:00+00:00,short,sell - direction_change,23875.0,23516.9,1869.55,1.45,63.46
2023-02-03 15:00:00+00:00,long,buy,23516.9,,1868.62,-0.05,63.41
2023-02-03 18:00:00+00:00,long,sell - direction_change,23516.9,23504.1,1866.66,-0.1,63.3
2023-02-03 18:00:00+00:00,short,buy,23504.1,,1865.73,-0.05,63.25
2023-02-04 12:00:00+00:00,short,sell - direction_change,23504.1,23359.2,1876.3,0.57,63.82
2023-02-04 12:00:00+00:00,long,buy,23359.2,,1875.36,-0.05,63.77
2023-02-04 23:00:00+00:00,long,sell - direction_change,23359.2,23401.4,1877.81,0.13,63.9
2023-02-04 23:00:00+00:00,short,buy,23401.4,,1876.87,-0.05,63.85
2023-02-05 10:00:00+00:00,short,sell - direction_change,23401.4,23361.5,1879.13,0.12,63.97
2023-02-05 10:00:00+00:00,long,buy,23361.5,,1878.2,-0.05,63.92
2023-02-05 11:00:00+00:00,long,sell - direction_change,23361.5,23395.0,1879.95,0.09,64.01
2023-02-05 11:00:00+00:00,short,buy,23395.0,,1879.01,-0.05,63.96
2023-02-06 05:27:00+00:00,short,sell - take_profit,23395.0,22693.149999999998,1934.44,2.95,66.91
2023-02-06 06:00:00+00:00,short,buy,22771.6,,1933.47,-0.05,66.86
2023-02-06 15:00:00+00:00,short,sell - direction_change,22771.6,22839.0,1926.78,-0.35,66.52
2023-02-06 15:00:00+00:00,long,buy,22839.0,,1925.82,-0.05,66.47
2023-02-06 22:00:00+00:00,long,sell - direction_change,22839.0,22915.1,1931.27,0.28,66.75
2023-02-06 22:00:00+00:00,short,buy,22915.1,,1930.31,-0.05,66.7
2023-02-07 05:00:00+00:00,short,sell - direction_change,22915.1,22863.1,1933.72,0.18,66.88
2023-02-07 05:00:00+00:00,long,buy,22863.1,,1932.76,-0.05,66.83
2023-02-07 06:00:00+00:00,long,sell - direction_change,22863.1,22928.0,1937.28,0.23,67.06
2023-02-07 06:00:00+00:00,short,buy,22928.0,,1936.31,-0.05,67.01
2023-02-07 09:00:00+00:00,short,sell - direction_change,22928.0,22869.4,1940.29,0.21,67.22
2023-02-07 09:00:00+00:00,long,buy,22869.4,,1939.32,-0.05,67.17
2023-02-07 15:00:00+00:00,long,sell - direction_change,22869.4,22968.3,1946.74,0.38,67.55
2023-02-07 15:00:00+00:00,short,buy,22968.3,,1945.76,-0.05,67.5
2023-02-07 16:00:00+00:00,short,sell - direction_change,22968.3,22898.9,1950.67,0.25,67.75
2023-02-07 16:00:00+00:00,long,buy,22898.9,,1949.69,-0.05,67.7
2023-02-08 08:00:00+00:00,long,sell - direction_change,22898.9,23227.0,1976.65,1.38,69.09
2023-02-08 08:00:00+00:00,short,buy,23227.0,,1975.67,-0.05,69.04
2023-02-09 03:05:00+00:00,short,sell - take_profit,23227.0,22530.19,2033.95,2.95,71.99
2023-02-09 04:00:00+00:00,short,buy,22511.6,,2032.93,-0.05,71.94
2023-02-09 08:24:00+00:00,short,sell - stop_loss,22511.6,22736.716,2011.59,-1.05,70.89
2023-02-09 09:00:00+00:00,short,buy,22712.0,,2010.58,-0.05,70.84
2023-02-09 13:00:00+00:00,short,sell - direction_change,22712.0,22700.7,2010.57,-0.0,70.84
2023-02-09 13:00:00+00:00,long,buy,22700.7,,2009.57,-0.05,70.79
2023-02-09 14:00:00+00:00,long,sell - direction_change,22700.7,22740.0,2012.04,0.12,70.91
2023-02-09 14:00:00+00:00,short,buy,22740.0,,2011.04,-0.05,70.86
2023-02-09 19:30:00+00:00,short,sell - take_profit,22740.0,22057.8,2070.36,2.95,73.81
2023-02-09 20:00:00+00:00,short,buy,22027.3,,2069.33,-0.05,73.76
2023-02-10 08:00:00+00:00,short,sell - direction_change,22027.3,21902.0,2080.06,0.52,74.28
2023-02-10 08:00:00+00:00,long,buy,21902.0,,2079.02,-0.05,74.23
2023-02-10 09:00:00+00:00,long,sell - direction_change,21902.0,21882.2,2076.11,-0.14,74.09
2023-02-10 09:00:00+00:00,short,buy,21882.2,,2075.07,-0.05,74.04
2023-02-10 10:00:00+00:00,short,sell - direction_change,21882.2,21810.0,2080.88,0.28,74.32
2023-02-10 10:00:00+00:00,long,buy,21810.0,,2079.84,-0.05,74.27
2023-02-10 11:00:00+00:00,long,sell - direction_change,21810.0,21841.7,2081.82,0.1,74.36
2023-02-10 11:00:00+00:00,short,buy,21841.7,,2080.78,-0.05,74.31
2023-02-10 14:00:00+00:00,short,sell - direction_change,21841.7,21760.3,2087.49,0.32,74.63
2023-02-10 14:00:00+00:00,long,buy,21760.3,,2086.45,-0.05,74.58
2023-02-10 15:00:00+00:00,long,sell - direction_change,21760.3,21835.9,2092.65,0.3,74.88
2023-02-10 15:00:00+00:00,short,buy,21835.9,,2091.61,-0.05,74.83
2023-02-11 07:00:00+00:00,short,sell - direction_change,21835.9,21658.0,2107.6,0.76,75.6
2023-02-11 07:00:00+00:00,long,buy,21658.0,,2106.55,-0.05,75.55
2023-02-11 10:00:00+00:00,long,sell - direction_change,21658.0,21693.7,2108.97,0.11,75.66
2023-02-11 10:00:00+00:00,short,buy,21693.7,,2107.91,-0.05,75.61
2023-02-11 11:00:00+00:00,short,sell - direction_change,21693.7,21661.9,2109.95,0.1,75.71
2023-02-11 11:00:00+00:00,long,buy,21661.9,,2108.89,-0.05,75.66
2023-02-11 18:00:00+00:00,long,sell - direction_change,21661.9,21690.6,2110.63,0.08,75.74
2023-02-11 18:00:00+00:00,short,buy,21690.6,,2109.58,-0.05,75.69
2023-02-11 19:00:00+00:00,short,sell - direction_change,21690.6,21644.3,2113.03,0.16,75.85
2023-02-11 19:00:00+00:00,long,buy,21644.3,,2111.97,-0.05,75.8
2023-02-11 20:00:00+00:00,long,sell - direction_change,21644.3,21652.6,2111.72,-0.01,75.79
2023-02-11 20:00:00+00:00,short,buy,21652.6,,2110.67,-0.05,75.74
2023-02-11 21:00:00+00:00,short,sell - direction_change,21652.6,21661.4,2108.76,-0.09,75.65
2023-02-11 21:00:00+00:00,long,buy,21661.4,,2107.7,-0.05,75.6
2023-02-12 21:00:00+00:00,long,sell - direction_change,21661.4,21955.1,2135.22,1.31,76.91
2023-02-12 21:00:00+00:00,short,buy,21955.1,,2134.16,-0.05,76.86
2023-02-13 07:00:00+00:00,short,sell - direction_change,21955.1,21814.6,2146.75,0.59,77.45
2023-02-13 07:00:00+00:00,long,buy,21814.6,,2145.67,-0.05,77.4
2023-02-13 08:00:00+00:00,long,sell - direction_change,21814.6,21857.1,2148.78,0.14,77.54
2023-02-13 08:00:00+00:00,short,buy,21857.1,,2147.71,-0.05,77.49
2023-02-13 23:00:00+00:00,short,sell - direction_change,21857.1,21628.6,2169.09,1.0,78.49
2023-02-13 23:00:00+00:00,long,buy,21628.6,,2168.0,-0.05,78.44
2023-02-14 15:00:00+00:00,long,sell - take_profit,21628.6,22277.458,2231.96,2.95,81.39
2023-02-14 16:00:00+00:00,long,buy,22033.4,,2230.84,-0.05,81.34
2023-02-15 05:00:00+00:00,long,sell - direction_change,22033.4,22074.3,2233.87,0.14,81.47
2023-02-15 05:00:00+00:00,short,buy,22074.3,,2232.75,-0.05,81.42
2023-02-15 09:00:00+00:00,short,sell - direction_change,22074.3,22080.8,2230.98,-0.08,81.34
2023-02-15 09:00:00+00:00,long,buy,22080.8,,2229.86,-0.05,81.29
2023-02-15 12:12:00+00:00,long,sell - take_profit,22080.8,22743.224,2295.64,2.95,84.24
2023-02-15 13:00:00+00:00,long,buy,22763.6,,2294.49,-0.05,84.19
2023-02-15 20:08:00+00:00,long,sell - take_profit,22763.6,23446.507999999998,2362.18,2.95,87.14
2023-02-15 21:00:00+00:00,long,buy,24144.8,,2361.0,-0.05,87.09
2023-02-16 00:22:00+00:00,long,sell - take_profit,24144.8,24869.144,2430.65,2.95,90.04
2023-02-16 01:00:00+00:00,long,buy,24609.9,,2429.43,-0.05,89.99
2023-02-16 13:00:00+00:00,long,sell - direction_change,24609.9,24607.2,2427.95,-0.06,89.93
2023-02-16 13:00:00+00:00,short,buy,24607.2,,2426.74,-0.05,89.88
2023-02-16 15:00:00+00:00,short,sell - direction_change,24607.2,24448.2,2441.21,0.6,90.48
2023-02-16 15:00:00+00:00,long,buy,24448.2,,2439.99,-0.05,90.43
2023-02-16 16:02:00+00:00,long,sell - take_profit,24448.2,25181.646,2511.97,2.95,93.38
2023-02-16 17:00:00+00:00,long,buy,24905.4,,2510.71,-0.05,93.33
2023-02-16 20:00:00+00:00,long,sell - direction_change,24905.4,24879.1,2506.8,-0.16,93.17
2023-02-16 20:00:00+00:00,short,buy,24879.1,,2505.55,-0.05,93.12
2023-02-16 22:31:00+00:00,short,sell - take_profit,24879.1,24132.727,2579.46,2.95,96.07
2023-02-16 23:00:00+00:00,short,buy,24012.8,,2578.17,-0.05,96.02
2023-02-17 12:00:00+00:00,short,sell - direction_change,24012.8,23792.6,2600.53,0.87,96.89
2023-02-17 12:00:00+00:00,long,buy,23792.6,,2599.23,-0.05,96.84
2023-02-17 13:00:00+00:00,long,sell - direction_change,23792.6,23869.6,2606.34,0.27,97.11
2023-02-17 13:00:00+00:00,short,buy,23869.6,,2605.04,-0.05,97.06
2023-02-17 14:35:00+00:00,short,sell - stop_loss,23869.6,24108.296,2577.68,-1.05,96.01
2023-02-17 15:00:00+00:00,long,buy,23865.5,,2576.39,-0.05,95.96
2023-02-17 20:00:00+00:00,long,sell - take_profit,23865.5,24581.465,2652.4,2.95,98.91
2023-02-17 21:00:00+00:00,long,buy,24835.2,,2651.07,-0.05,98.86
2023-02-17 21:59:00+00:00,long,sell - stop_loss,24835.2,24586.848,2623.23,-1.05,97.81
2023-02-17 22:00:00+00:00,long,buy,24483.7,,2621.92,-0.05,97.76
2023-02-17 22:08:00+00:00,long,sell - stop_loss,24483.7,24238.863,2594.39,-1.05,96.71
2023-02-17 23:00:00+00:00,long,buy,24683.3,,2593.1,-0.05,96.66
2023-02-18 07:54:00+00:00,long,sell - stop_loss,24683.3,24436.467,2565.87,-1.05,95.61
2023-02-18 08:00:00+00:00,short,buy,24522.7,,2564.59,-0.05,95.56
2023-02-18 12:00:00+00:00,short,sell - direction_change,24522.7,24525.7,2562.99,-0.06,95.5
2023-02-18 12:00:00+00:00,long,buy,24525.7,,2561.71,-0.05,95.45
2023-02-19 06:00:00+00:00,long,sell - direction_change,24525.7,24766.2,2585.55,0.93,96.38
2023-02-19 06:00:00+00:00,short,buy,24766.2,,2584.25,-0.05,96.33
2023-02-19 12:00:00+00:00,short,sell - direction_change,24766.2,24665.3,2593.49,0.36,96.69
2023-02-19 12:00:00+00:00,long,buy,24665.3,,2592.19,-0.05,96.64
2023-02-19 13:00:00+00:00,long,sell - direction_change,24665.3,24700.4,2594.59,0.09,96.73
2023-02-19 13:00:00+00:00,short,buy,24700.4,,2593.29,-0.05,96.68
2023-02-19 14:00:00+00:00,short,sell - direction_change,24700.4,24666.1,2595.59,0.09,96.77
2023-02-19 14:00:00+00:00,long,buy,24666.1,,2594.3,-0.05,96.72
2023-02-19 17:00:00+00:00,long,sell - direction_change,24666.1,24781.1,2605.09,0.42,97.14
2023-02-19 17:00:00+00:00,short,buy,24781.1,,2603.79,-0.05,97.09
2023-02-20 01:10:00+00:00,short,sell - take_profit,24781.1,24037.666999999998,2680.6,2.95,100.04
2023-02-20 02:00:00+00:00,short,buy,24231.0,,2679.26,-0.05,99.99
2023-02-20 04:13:00+00:00,short,sell - stop_loss,24231.0,24473.31,2651.13,-1.05,98.94
2023-02-20 05:00:00+00:00,short,buy,24482.3,,2649.81,-0.05,98.89
2023-02-20 09:00:00+00:00,short,sell - direction_change,24482.3,24455.6,2651.37,0.06,98.95
2023-02-20 09:00:00+00:00,long,buy,24455.6,,2650.04,-0.05,98.9
2023-02-20 22:00:00+00:00,long,sell - direction_change,24455.6,24770.0,2682.79,1.24,100.13
2023-02-20 22:00:00+00:00,short,buy,24770.0,,2681.45,-0.05,100.08
2023-02-20 23:00:00+00:00,short,sell - direction_change,24770.0,24704.7,2687.18,0.21,100.3
2023-02-20 23:00:00+00:00,long,buy,24704.7,,2685.83,-0.05,100.25
2023-02-21 08:00:00+00:00,long,sell - direction_change,24704.7,25004.6,2717.09,1.16,101.41
2023-02-21 08:00:00+00:00,short,buy,25004.6,,2715.73,-0.05,101.36
2023-02-21 08:29:00+00:00,short,sell - stop_loss,25004.6,25254.645999999997,2687.22,-1.05,100.31
2023-02-21 09:00:00+00:00,short,buy,24684.4,,2685.88,-0.05,100.26
2023-02-22 02:03:00+00:00,short,sell - take_profit,24684.4,23943.868000000002,2765.11,2.95,103.21
2023-02-22 03:00:00+00:00,short,buy,24165.0,,2763.73,-0.05,103.16
2023-02-22 23:00:00+00:00,short,sell - direction_change,24165.0,24093.0,2770.58,0.25,103.41
2023-02-22 23:00:00+00:00,long,buy,24093.0,,2769.19,-0.05,103.36
2023-02-23 11:00:00+00:00,long,sell - direction_change,24093.0,24245.1,2785.29,0.58,103.94
2023-02-23 11:00:00+00:00,short,buy,24245.1,,2783.9,-0.05,103.89
2023-02-24 03:00:00+00:00,short,sell - direction_change,24245.1,23932.0,2818.46,1.24,105.13
2023-02-24 03:00:00+00:00,long,buy,23932.0,,2817.05,-0.05,105.08
2023-02-24 05:00:00+00:00,long,sell - direction_change,23932.0,23928.6,2815.24,-0.06,105.02
2023-02-24 05:00:00+00:00,short,buy,23928.6,,2813.83,-0.05,104.97
2023-02-24 16:01:00+00:00,short,sell - take_profit,23928.6,23210.742,2896.84,2.95,107.92
2023-02-24 17:00:00+00:00,short,buy,23179.9,,2895.39,-0.05,107.87
2023-02-25 22:00:00+00:00,short,sell - direction_change,23179.9,22927.2,2925.51,1.04,108.91
2023-02-25 22:00:00+00:00,long,buy,22927.2,,2924.05,-0.05,108.86
2023-02-26 20:33:00+00:00,long,sell - take_profit,22927.2,23615.016,3010.31,2.95,111.81
2023-02-26 21:00:00+00:00,long,buy,23627.0,,3008.8,-0.05,111.76
2023-02-26 22:24:00+00:00,long,sell - stop_loss,23627.0,23390.73,2977.21,-1.05,110.71
2023-02-26 23:00:00+00:00,long,buy,23469.2,,2975.72,-0.05,110.66
2023-02-27 05:00:00+00:00,long,sell - direction_change,23469.2,23480.3,2975.64,-0.0,110.65
2023-02-27 05:00:00+00:00,short,buy,23480.3,,2974.15,-0.05,110.6
2023-02-27 13:00:00+00:00,short,sell - direction_change,23480.3,23394.5,2983.53,0.32,110.92
2023-02-27 13:00:00+00:00,long,buy,23394.5,,2982.04,-0.05,110.87
2023-02-27 16:00:00+00:00,long,sell - direction_change,23394.5,23546.5,2999.92,0.6,111.47
2023-02-27 16:00:00+00:00,short,buy,23546.5,,2998.42,-0.05,111.42
2023-02-27 22:00:00+00:00,short,sell - direction_change,23546.5,23371.5,3019.21,0.69,112.11
2023-02-27 22:00:00+00:00,long,buy,23371.5,,3017.7,-0.05,112.06
2023-02-28 00:00:00+00:00,long,sell - direction_change,23371.5,23480.0,3030.2,0.41,112.48
2023-02-28 00:00:00+00:00,short,buy,23480.0,,3028.69,-0.05,112.43
2023-02-28 03:00:00+00:00,short,sell - direction_change,23480.0,23432.0,3033.36,0.15,112.58
2023-02-28 03:00:00+00:00,long,buy,23432.0,,3031.85,-0.05,112.53
2023-02-28 04:00:00+00:00,long,sell - direction_change,23432.0,23454.3,3033.22,0.05,112.58
2023-02-28 04:00:00+00:00,short,buy,23454.3,,3031.7,-0.05,112.53
2023-02-28 12:00:00+00:00,short,sell - direction_change,23454.3,23381.5,3039.59,0.26,112.79
2023-02-28 12:00:00+00:00,long,buy,23381.5,,3038.07,-0.05,112.74
2023-02-28 13:00:00+00:00,long,sell - direction_change,23381.5,23445.6,3044.88,0.22,112.96
2023-02-28 13:00:00+00:00,short,buy,23445.6,,3043.36,-0.05,112.91
2023-02-28 14:00:00+00:00,short,sell - direction_change,23445.6,23394.6,3048.46,0.17,113.08
2023-02-28 14:00:00+00:00,long,buy,23394.6,,3046.94,-0.05,113.03
2023-02-28 19:00:00+00:00,long,sell - direction_change,23394.6,23470.0,3055.23,0.27,113.3
2023-02-28 19:00:00+00:00,short,buy,23470.0,,3053.7,-0.05,113.25
2023-03-01 03:00:00+00:00,short,sell - direction_change,23470.0,23318.9,3071.84,0.59,113.84
2023-03-01 03:00:00+00:00,long,buy,23318.9,,3070.3,-0.05,113.79
2023-03-01 08:54:00+00:00,long,sell - take_profit,23318.9,24018.467,3160.88,2.95,116.74
2023-03-01 09:00:00+00:00,long,buy,23862.4,,3159.29,-0.05,116.69
2023-03-01 13:33:00+00:00,long,sell - stop_loss,23862.4,23623.776,3126.12,-1.05,115.64
2023-03-01 14:00:00+00:00,long,buy,23686.4,,3124.56,-0.05,115.59
2023-03-01 19:00:00+00:00,long,sell - direction_change,23686.4,23687.3,3123.12,-0.05,115.55
2023-03-01 19:00:00+00:00,short,buy,23687.3,,3121.55,-0.05,115.5
2023-03-02 19:00:00+00:00,short,sell - direction_change,23687.3,23435.1,3153.23,1.01,116.51
2023-03-02 19:00:00+00:00,long,buy,23435.1,,3151.65,-0.05,116.46
2023-03-02 21:00:00+00:00,long,sell - direction_change,23435.1,23455.3,3152.79,0.04,116.5
2023-03-02 21:00:00+00:00,short,buy,23455.3,,3151.22,-0.05,116.45
2023-03-02 22:00:00+00:00,short,sell - direction_change,23455.3,23400.1,3157.06,0.19,116.63
2023-03-02 22:00:00+00:00,long,buy,23400.1,,3155.48,-0.05,116.58
2023-03-03 01:00:00+00:00,long,sell - direction_change,23400.1,23406.8,3154.8,-0.02,116.56
2023-03-03 01:00:00+00:00,short,buy,23406.8,,3153.23,-0.05,116.51
2023-03-03 01:31:00+00:00,short,sell - take_profit,23406.8,22704.595999999998,3246.25,2.95,119.46
2023-03-03 02:00:00+00:00,short,buy,22137.2,,3244.62,-0.05,119.41
2023-03-03 02:20:00+00:00,short,sell - stop_loss,22137.2,22358.572,3210.56,-1.05,118.36
2023-03-03 03:00:00+00:00,short,buy,22335.6,,3208.95,-0.05,118.31
2023-03-03 17:00:00+00:00,short,sell - direction_change,22335.6,22365.0,3203.12,-0.18,118.13
2023-03-03 17:00:00+00:00,long,buy,22365.0,,3201.52,-0.05,118.08
2023-03-03 18:00:00+00:00,long,sell - direction_change,22365.0,22402.0,3205.22,0.12,118.2
2023-03-03 18:00:00+00:00,short,buy,22402.0,,3203.61,-0.05,118.15
2023-03-04 01:00:00+00:00,short,sell - direction_change,22402.0,22356.5,3208.52,0.15,118.3
2023-03-04 01:00:00+00:00,long,buy,22356.5,,3206.91,-0.05,118.25
2023-03-04 02:00:00+00:00,long,sell - direction_change,22356.5,22329.8,3201.48,-0.17,118.08
2023-03-04 02:00:00+00:00,short,buy,22329.8,,3199.88,-0.05,118.03
2023-03-04 04:00:00+00:00,short,sell - direction_change,22329.8,22339.4,3196.9,-0.09,117.94
2023-03-04 04:00:00+00:00,long,buy,22339.4,,3195.31,-0.05,117.89
2023-03-04 05:00:00+00:00,long,sell - direction_change,22339.4,22334.3,3192.98,-0.07,117.81
2023-03-04 05:00:00+00:00,short,buy,22334.3,,3191.38,-0.05,117.76
2023-03-04 06:00:00+00:00,short,sell - direction_change,22334.3,22316.0,3192.4,0.03,117.8
2023-03-04 06:00:00+00:00,long,buy,22316.0,,3190.8,-0.05,117.75
2023-03-04 09:00:00+00:00,long,sell - direction_change,22316.0,22330.9,3191.34,0.02,117.76
2023-03-04 09:00:00+00:00,short,buy,22330.9,,3189.74,-0.05,117.71
2023-03-04 11:00:00+00:00,short,sell - direction_change,22330.9,22321.7,3189.46,-0.01,117.7
2023-03-04 11:00:00+00:00,long,buy,22321.7,,3187.87,-0.05,117.65
2023-03-04 14:00:00+00:00,long,sell - direction_change,22321.7,22344.5,3189.53,0.05,117.71
2023-03-04 14:00:00+00:00,short,buy,22344.5,,3187.94,-0.05,117.66
2023-03-04 23:00:00+00:00,short,sell - direction_change,22344.5,22295.0,3193.4,0.17,117.83
2023-03-04 23:00:00+00:00,long,buy,22295.0,,3191.81,-0.05,117.78
2023-03-06 01:00:00+00:00,long,sell - direction_change,22295.0,22434.9,3210.24,0.58,118.36
2023-03-06 01:00:00+00:00,short,buy,22434.9,,3208.64,-0.05,118.31
2023-03-06 13:00:00+00:00,short,sell - direction_change,22434.9,22390.1,3213.44,0.15,118.46
2023-03-06 13:00:00+00:00,long,buy,22390.1,,3211.83,-0.05,118.41
2023-03-06 19:00:00+00:00,long,sell - direction_change,22390.1,22494.1,3225.14,0.41,118.82
2023-03-06 19:00:00+00:00,short,buy,22494.1,,3223.53,-0.05,118.77
2023-03-06 22:00:00+00:00,short,sell - direction_change,22494.1,22399.1,3235.53,0.37,119.14
2023-03-06 22:00:00+00:00,long,buy,22399.1,,3233.92,-0.05,119.09
2023-03-06 23:00:00+00:00,long,sell - direction_change,22399.1,22425.9,3236.17,0.07,119.16
2023-03-06 23:00:00+00:00,short,buy,22425.9,,3234.55,-0.05,119.11
2023-03-07 01:00:00+00:00,short,sell - direction_change,22425.9,22402.9,3236.25,0.05,119.16
2023-03-07 01:00:00+00:00,long,buy,22402.9,,3234.63,-0.05,119.11
2023-03-07 06:00:00+00:00,long,sell - direction_change,22402.9,22448.5,3239.6,0.15,119.27
2023-03-07 06:00:00+00:00,short,buy,22448.5,,3237.98,-0.05,119.22
2023-03-08 15:00:00+00:00,short,sell - direction_change,22448.5,21963.0,3306.39,2.11,121.33
2023-03-08 15:00:00+00:00,long,buy,21963.0,,3304.74,-0.05,121.28
2023-03-08 17:00:00+00:00,long,sell - direction_change,21963.0,22131.8,3328.48,0.72,122.0
2023-03-08 17:00:00+00:00,short,buy,22131.8,,3326.82,-0.05,121.95
2023-03-08 20:00:00+00:00,short,sell - direction_change,22131.8,21993.8,3345.9,0.57,122.52
2023-03-08 20:00:00+00:00,long,buy,21993.8,,3344.23,-0.05,122.47
2023-03-08 21:00:00+00:00,long,sell - direction_change,21993.8,22095.2,3357.97,0.41,122.88
2023-03-08 21:00:00+00:00,short,buy,22095.2,,3356.29,-0.05,122.83
2023-03-09 16:45:00+00:00,short,sell - take_profit,22095.2,21432.344,3455.3,2.95,125.78
2023-03-09 17:00:00+00:00,short,buy,21470.0,,3453.58,-0.05,125.73
2023-03-09 19:07:00+00:00,short,sell - take_profit,21470.0,20825.899999999998,3555.46,2.95,128.68
2023-03-09 20:00:00+00:00,short,buy,20845.6,,3553.68,-0.05,128.63
2023-03-09 20:57:00+00:00,short,sell - take_profit,20845.6,20220.231999999996,3658.51,2.95,131.58
2023-03-09 21:00:00+00:00,short,buy,20098.0,,3656.68,-0.05,131.53
2023-03-09 21:06:00+00:00,short,sell - stop_loss,20098.0,20298.98,3618.29,-1.05,130.48
2023-03-09 22:00:00+00:00,short,buy,20203.9,,3616.48,-0.05,130.43
2023-03-09 22:12:00+00:00,short,sell - stop_loss,20203.9,20405.939000000002,3578.51,-1.05,129.38
2023-03-09 23:00:00+00:00,short,buy,20328.5,,3576.72,-0.05,129.33
2023-03-10 10:33:00+00:00,short,sell - take_profit,20328.5,19718.645,3682.23,2.95,132.28
2023-03-10 11:00:00+00:00,short,buy,19614.1,,3680.39,-0.05,132.23
2023-03-10 12:18:00+00:00,short,sell - stop_loss,19614.1,19810.240999999998,3641.74,-1.05,131.18
2023-03-10 13:00:00+00:00,long,buy,19920.6,,3639.92,-0.05,131.13
2023-03-10 14:00:00+00:00,long,sell - direction_change,19920.6,20173.0,3684.22,1.22,132.35
2023-03-10 14:00:00+00:00,short,buy,20173.0,,3682.38,-0.05,132.3
2023-03-10 15:00:00+00:00,short,sell - direction_change,20173.0,19806.7,3747.4,1.77,134.07
2023-03-10 15:00:00+00:00,long,buy,19806.7,,3745.53,-0.05,134.02
2023-03-10 17:00:00+00:00,long,sell - direction_change,19806.7,20005.7,3781.29,0.95,134.97
2023-03-10 17:00:00+00:00,short,buy,20005.7,,3779.4,-0.05,134.92
2023-03-10 19:00:00+00:00,short,sell - direction_change,20005.7,19838.5,3809.1,0.79,135.71
2023-03-10 19:00:00+00:00,long,buy,19838.5,,3807.19,-0.05,135.66
2023-03-11 01:32:00+00:00,long,sell - take_profit,19838.5,20433.655,3919.5,2.95,138.61
2023-03-11 02:00:00+00:00,long,buy,20571.7,,3917.54,-0.05,138.56
2023-03-11 02:34:00+00:00,long,sell - stop_loss,20571.7,20365.983,3876.41,-1.05,137.51
2023-03-11 03:00:00+00:00,long,buy,20479.9,,3874.47,-0.05,137.46
2023-03-11 04:10:00+00:00,long,sell - stop_loss,20479.9,20275.101000000002,3833.79,-1.05,136.41
2023-03-11 05:00:00+00:00,long,buy,20330.1,,3831.87,-0.05,136.36
2023-03-11 07:00:00+00:00,long,sell - direction_change,20330.1,20275.2,3819.61,-0.32,136.04
2023-03-11 07:00:00+00:00,short,buy,20275.2,,3817.7,-0.05,135.99
2023-03-11 09:00:00+00:00,short,sell - direction_change,20275.2,20060.5,3856.22,1.01,137.0
2023-03-11 09:00:00+00:00,long,buy,20060.5,,3854.29,-0.05,136.95
2023-03-11 10:00:00+00:00,long,sell - direction_change,20060.5,20080.6,3856.22,0.05,137.0
2023-03-11 10:00:00+00:00,short,buy,20080.6,,3854.29,-0.05,136.95
2023-03-11 17:00:00+00:00,short,sell - direction_change,20080.6,20081.5,3852.19,-0.05,136.89
2023-03-11 17:00:00+00:00,long,buy,20081.5,,3850.27,-0.05,136.84
2023-03-12 14:00:00+00:00,long,sell - direction_change,20081.5,20371.6,3903.96,1.39,138.24
2023-03-12 14:00:00+00:00,short,buy,20371.6,,3902.01,-0.05,138.19
2023-03-12 15:00:00+00:00,short,sell - direction_change,20371.6,20331.3,3907.78,0.15,138.33
2023-03-12 15:00:00+00:00,long,buy,20331.3,,3905.83,-0.05,138.28
2023-03-12 18:27:00+00:00,long,sell - take_profit,20331.3,20941.239,4021.05,2.95,141.23
2023-03-12 19:00:00+00:00,long,buy,21068.1,,4019.04,-0.05,141.18
2023-03-12 19:20:00+00:00,long,sell - stop_loss,21068.1,20857.418999999998,3976.84,-1.05,140.13
2023-03-12 20:00:00+00:00,long,buy,20770.6,,3974.85,-0.05,140.08
2023-03-12 22:17:00+00:00,long,sell - take_profit,20770.6,21393.718,4092.11,2.95,143.03
2023-03-12 23:00:00+00:00,long,buy,21694.5,,4090.06,-0.05,142.98
2023-03-13 00:41:00+00:00,long,sell - take_profit,21694.5,22345.335,4210.72,2.95,145.93
2023-03-13 01:00:00+00:00,long,buy,22436.7,,4208.61,-0.05,145.88
2023-03-13 02:19:00+00:00,long,sell - stop_loss,22436.7,22212.333,4164.42,-1.05,144.83
2023-03-13 03:00:00+00:00,long,buy,22174.5,,4162.34,-0.05,144.78
2023-03-13 09:34:00+00:00,long,sell - stop_loss,22174.5,21952.755,4118.64,-1.05,143.73
2023-03-13 10:00:00+00:00,long,buy,21956.1,,4116.58,-0.05,143.68
2023-03-13 12:00:00+00:00,long,sell - direction_change,21956.1,22092.6,4140.11,0.57,144.26
2023-03-13 12:00:00+00:00,short,buy,22092.6,,4138.04,-0.05,144.21
2023-03-13 13:00:00+00:00,short,sell - direction_change,22092.6,22123.0,4130.28,-0.19,144.02
2023-03-13 13:00:00+00:00,long,buy,22123.0,,4128.21,-0.05,143.97
2023-03-13 14:08:00+00:00,long,sell - take_profit,22123.0,22786.690000000002,4250.0,2.95,146.92
2023-03-13 15:00:00+00:00,long,buy,23472.9,,4247.87,-0.05,146.87
2023-03-13 15:08:00+00:00,long,sell - take_profit,23472.9,24177.087000000003,4373.18,2.95,149.82
2023-03-13 16:00:00+00:00,long,buy,24009.0,,4371.0,-0.05,149.77
2023-03-14 05:11:00+00:00,long,sell - take_profit,24009.0,24729.27,4499.94,2.95,152.72
2023-03-14 06:00:00+00:00,long,buy,24324.1,,4497.69,-0.05,152.67
2023-03-14 12:30:00+00:00,long,sell - take_profit,24324.1,25053.823,4630.37,2.95,155.62
2023-03-14 13:00:00+00:00,long,buy,25870.0,,4628.06,-0.05,155.57
2023-03-14 13:54:00+00:00,long,sell - stop_loss,25870.0,25611.3,4579.46,-1.05,154.52
2023-03-14 14:00:00+00:00,long,buy,25794.3,,4577.17,-0.05,154.47
2023-03-14 18:01:00+00:00,long,sell - stop_loss,25794.3,25536.357,4529.11,-1.05,153.42
2023-03-14 19:00:00+00:00,long,buy,25007.2,,4526.85,-0.05,153.37
2023-03-14 19:13:00+00:00,long,sell - stop_loss,25007.2,24757.128,4479.32,-1.05,152.32
2023-03-14 20:00:00+00:00,long,buy,25066.4,,4477.08,-0.05,152.27
2023-03-14 20:21:00+00:00,long,sell - stop_loss,25066.4,24815.736,4430.07,-1.05,151.22
2023-03-14 21:00:00+00:00,short,buy,24583.1,,4427.85,-0.05,151.17
2023-03-15 01:02:00+00:00,short,sell - stop_loss,24583.1,24828.931,4381.36,-1.05,150.12
2023-03-15 02:00:00+00:00,short,buy,24919.7,,4379.17,-0.05,150.07
2023-03-15 12:31:00+00:00,short,sell - stop_loss,24919.7,25168.897,4333.19,-1.05,149.02
2023-03-15 13:00:00+00:00,short,buy,24831.9,,4331.02,-0.05,148.97
2023-03-15 13:18:00+00:00,short,sell - stop_loss,24831.9,25080.219,4285.55,-1.05,147.92
2023-03-15 14:00:00+00:00,short,buy,24799.9,,4283.4,-0.05,147.87
2023-03-15 17:02:00+00:00,short,sell - take_profit,24799.9,24055.903000000002,4409.76,2.95,150.82
2023-03-15 18:00:00+00:00,short,buy,24290.3,,4407.56,-0.05,150.77
2023-03-15 18:31:00+00:00,short,sell - stop_loss,24290.3,24533.202999999998,4361.28,-1.05,149.72
2023-03-15 19:00:00+00:00,short,buy,24418.5,,4359.1,-0.05,149.67
2023-03-16 06:00:00+00:00,short,sell - direction_change,24418.5,24345.1,4370.02,0.25,149.92
2023-03-16 06:00:00+00:00,long,buy,24345.1,,4367.84,-0.05,149.87
2023-03-16 19:24:00+00:00,long,sell - take_profit,24345.1,25075.452999999998,4496.69,2.95,152.82
2023-03-16 20:00:00+00:00,long,buy,24945.9,,4494.44,-0.05,152.77
2023-03-16 20:54:00+00:00,long,sell - stop_loss,24945.9,24696.441000000003,4447.25,-1.05,151.72
2023-03-16 21:00:00+00:00,long,buy,24680.5,,4445.02,-0.05,151.67
2023-03-17 01:29:00+00:00,long,sell - take_profit,24680.5,25420.915,4576.15,2.95,154.62
2023-03-17 02:00:00+00:00,long,buy,25654.5,,4573.86,-0.05,154.57
2023-03-17 10:05:00+00:00,long,sell - take_profit,25654.5,26424.135000000002,4708.79,2.95,157.52
2023-03-17 11:00:00+00:00,long,buy,26694.8,,4706.44,-0.05,157.47
2023-03-17 12:37:00+00:00,long,sell - stop_loss,26694.8,26427.852,4657.02,-1.05,156.42
2023-03-17 13:00:00+00:00,long,buy,26631.0,,4654.69,-0.05,156.37
2023-03-17 14:35:00+00:00,long,sell - stop_loss,26631.0,26364.69,4605.82,-1.05,155.32
2023-03-17 15:00:00+00:00,long,buy,26280.0,,4603.52,-0.05,155.27
2023-03-17 21:42:00+00:00,long,sell - take_profit,26280.0,27068.4,4739.32,2.95,158.22
2023-03-17 22:00:00+00:00,long,buy,27089.5,,4736.95,-0.05,158.17
2023-03-18 15:00:00+00:00,long,sell - direction_change,27089.5,27522.8,4810.35,1.55,159.72
2023-03-18 15:00:00+00:00,short,buy,27522.8,,4807.94,-0.05,159.67
2023-03-18 16:00:00+00:00,short,sell - direction_change,27522.8,27218.9,4858.63,1.05,160.72
2023-03-18 16:00:00+00:00,long,buy,27218.9,,4856.2,-0.05,160.67
2023-03-18 16:30:00+00:00,long,sell - stop_loss,27218.9,26946.711000000003,4805.21,-1.05,159.62
2023-03-18 17:00:00+00:00,short,buy,27343.0,,4802.81,-0.05,159.57
2023-03-18 18:00:00+00:00,short,sell - direction_change,27343.0,27305.8,4806.94,0.09,159.66
2023-03-18 18:00:00+00:00,long,buy,27305.8,,4804.54,-0.05,159.61
2023-03-18 19:00:00+00:00,long,sell - direction_change,27305.8,27315.9,4803.91,-0.01,159.6
2023-03-18 19:00:00+00:00,short,buy,27315.9,,4801.51,-0.05,159.55
2023-03-19 11:00:00+00:00,short,sell - direction_change,27315.9,27044.8,4846.76,0.94,160.49
2023-03-19 11:00:00+00:00,long,buy,27044.8,,4844.34,-0.05,160.44
2023-03-19 13:00:00+00:00,long,sell - direction_change,27044.8,27232.0,4875.45,0.64,161.08
2023-03-19 13:00:00+00:00,short,buy,27232.0,,4873.01,-0.05,161.03
2023-03-19 14:00:00+00:00,short,sell - direction_change,27232.0,27166.8,4882.24,0.19,161.22
2023-03-19 14:00:00+00:00,long,buy,27166.8,,4879.8,-0.05,161.17
2023-03-19 16:34:00+00:00,long,sell - take_profit,27166.8,27981.804,5023.75,2.95,164.12
2023-03-19 17:00:00+00:00,long,buy,27915.0,,5021.24,-0.05,164.07
2023-03-20 01:02:00+00:00,long,sell - stop_loss,27915.0,27635.85,4968.52,-1.05,163.02
2023-03-20 02:00:00+00:00,short,buy,27667.4,,4966.03,-0.05,162.97
2023-03-20 07:00:00+00:00,short,sell - direction_change,27667.4,27617.2,4972.56,0.13,163.1
2023-03-20 07:00:00+00:00,long,buy,27617.2,,4970.08,-0.05,163.05
2023-03-20 08:37:00+00:00,long,sell - take_profit,27617.2,28445.716,5116.69,2.95,166.0
2023-03-20 09:00:00+00:00,long,buy,28303.3,,5114.13,-0.05,165.95
2023-03-20 09:37:00+00:00,long,sell - stop_loss,28303.3,28020.267,5060.44,-1.05,164.9
2023-03-20 10:00:00+00:00,long,buy,28190.6,,5057.91,-0.05,164.85
2023-03-20 10:14:00+00:00,long,sell - stop_loss,28190.6,27908.694,5004.8,-1.05,163.8
2023-03-20 11:00:00+00:00,long,buy,28092.6,,5002.29,-0.05,163.75
2023-03-20 13:36:00+00:00,long,sell - stop_loss,28092.6,27811.674,4949.77,-1.05,162.7
2023-03-20 14:00:00+00:00,long,buy,27807.8,,4947.3,-0.05,162.65
2023-03-20 15:00:00+00:00,long,sell - direction_change,27807.8,28041.4,4986.38,0.79,163.44
2023-03-20 15:00:00+00:00,short,buy,28041.4,,4983.89,-0.05,163.39
2023-03-21 09:00:00+00:00,short,sell - direction_change,28041.4,27633.2,5053.95,1.41,164.8
2023-03-21 09:00:00+00:00,long,buy,27633.2,,5051.42,-0.05,164.75
2023-03-22 08:00:00+00:00,long,sell - direction_change,27633.2,28088.2,5132.07,1.6,166.34
2023-03-22 08:00:00+00:00,short,buy,28088.2,,5129.5,-0.05,166.29
2023-03-22 10:00:00+00:00,short,sell - direction_change,28088.2,28086.7,5127.21,-0.04,166.25
2023-03-22 10:00:00+00:00,long,buy,28086.7,,5124.65,-0.05,166.2
2023-03-22 18:00:00+00:00,long,sell - direction_change,28086.7,28500.4,5197.57,1.42,167.62
2023-03-22 18:00:00+00:00,short,buy,28500.4,,5194.97,-0.05,167.57
2023-03-22 18:00:00+00:00,short,sell - stop_loss,28500.4,28785.404000000002,5140.42,-1.05,166.52
2023-03-22 19:00:00+00:00,short,buy,28018.9,,5137.85,-0.05,166.47
2023-03-22 19:09:00+00:00,short,sell - take_profit,28018.9,27178.333000000002,5289.42,2.95,169.42
2023-03-22 20:00:00+00:00,short,buy,26653.3,,5286.78,-0.05,169.37
2023-03-22 20:08:00+00:00,short,sell - stop_loss,26653.3,26919.833,5231.26,-1.05,168.32
2023-03-22 21:00:00+00:00,short,buy,27294.9,,5228.65,-0.05,168.27
2023-03-23 05:41:00+00:00,short,sell - stop_loss,27294.9,27567.849000000002,5173.75,-1.05,167.22
2023-03-23 06:00:00+00:00,long,buy,27608.0,,5171.16,-0.05,167.17
2023-03-23 13:00:00+00:00,long,sell - direction_change,27608.0,27462.4,5141.3,-0.58,166.59
2023-03-23 13:00:00+00:00,short,buy,27462.4,,5138.73,-0.05,166.54
2023-03-23 14:00:00+00:00,short,sell - direction_change,27462.4,27354.7,5156.32,0.34,166.89
2023-03-23 14:00:00+00:00,long,buy,27354.7,,5153.74,-0.05,166.84
2023-03-23 15:00:00+00:00,long,sell - take_profit,27354.7,28175.341,5305.77,2.95,169.79
2023-03-23 16:00:00+00:00,long,buy,28574.6,,5303.12,-0.05,169.74
2023-03-23 17:12:00+00:00,long,sell - stop_loss,28574.6,28288.854,5247.44,-1.05,168.69
2023-03-23 18:00:00+00:00,long,buy,28291.7,,5244.81,-0.05,168.64
2023-03-23 18:48:00+00:00,long,sell - stop_loss,28291.7,28008.783,5189.74,-1.05,167.59
2023-03-23 19:00:00+00:00,long,buy,27893.2,,5187.15,-0.05,167.54
2023-03-24 08:00:00+00:00,long,sell - direction_change,27893.2,28270.0,5254.63,1.3,168.84
2023-03-24 08:00:00+00:00,short,buy,28270.0,,5252.0,-0.05,168.79
2023-03-24 11:47:00+00:00,short,sell - take_profit,28270.0,27421.899999999998,5406.93,2.95,171.74
2023-03-24 12:00:00+00:00,short,buy,27558.4,,5404.23,-0.05,171.69
2023-03-24 12:09:00+00:00,short,sell - stop_loss,27558.4,27833.984,5347.49,-1.05,170.64
2023-03-24 13:00:00+00:00,short,buy,27965.6,,5344.81,-0.05,170.59
2023-03-24 14:14:00+00:00,short,sell - stop_loss,27965.6,28245.255999999998,5288.69,-1.05,169.54
2023-03-24 15:00:00+00:00,short,buy,27976.6,,5286.05,-0.05,169.49
2023-03-24 21:21:00+00:00,short,sell - take_profit,27976.6,27137.301999999996,5441.99,2.95,172.44
2023-03-24 22:00:00+00:00,short,buy,27315.0,,5439.26,-0.05,172.39
2023-03-25 02:25:00+00:00,short,sell - stop_loss,27315.0,27588.15,5382.15,-1.05,171.34
2023-03-25 03:00:00+00:00,short,buy,27585.6,,5379.46,-0.05,171.29
2023-03-25 15:00:00+00:00,short,sell - direction_change,27585.6,27511.7,5391.18,0.22,171.51
2023-03-25 15:00:00+00:00,long,buy,27511.7,,5388.49,-0.05,171.46
2023-03-25 17:00:00+00:00,long,sell - direction_change,27511.7,27611.7,5405.38,0.31,171.77
2023-03-25 17:00:00+00:00,short,buy,27611.7,,5402.68,-0.05,171.72
2023-03-26 00:00:00+00:00,short,sell - direction_change,27611.7,27447.2,5432.16,0.55,172.26
2023-03-26 00:00:00+00:00,long,buy,27447.2,,5429.45,-0.05,172.21
2023-03-26 02:00:00+00:00,long,sell - direction_change,27447.2,27581.0,5453.2,0.44,172.65
2023-03-26 02:00:00+00:00,short,buy,27581.0,,5450.47,-0.05,172.6
2023-03-26 03:00:00+00:00,short,sell - direction_change,27581.0,27576.8,5448.58,-0.03,172.57
2023-03-26 03:00:00+00:00,long,buy,27576.8,,5445.85,-0.05,172.52
2023-03-27 05:00:00+00:00,long,sell - direction_change,27576.8,27894.1,5505.79,1.1,173.62
2023-03-27 05:00:00+00:00,short,buy,27894.1,,5503.04,-0.05,173.57
2023-03-27 11:00:00+00:00,short,sell - direction_change,27894.1,27900.3,5499.06,-0.07,173.5
2023-03-27 11:00:00+00:00,long,buy,27900.3,,5496.31,-0.05,173.45
2023-03-27 12:00:00+00:00,long,sell - direction_change,27900.3,27879.9,5489.55,-0.12,173.32
2023-03-27 12:00:00+00:00,short,buy,27879.9,,5486.8,-0.05,173.27
2023-03-27 14:58:00+00:00,short,sell - take_profit,27879.9,27043.503,5648.66,2.95,176.22
2023-03-27 15:00:00+00:00,short,buy,26933.0,,5645.84,-0.05,176.17
2023-03-27 16:16:00+00:00,short,sell - stop_loss,26933.0,27202.33,5586.56,-1.05,175.12
2023-03-27 17:00:00+00:00,short,buy,27133.2,,5583.76,-0.05,175.07
2023-03-28 06:00:00+00:00,short,sell - direction_change,27133.2,26962.7,5616.06,0.58,175.65
2023-03-28 06:00:00+00:00,long,buy,26962.7,,5613.25,-0.05,175.6
2023-03-28 07:00:00+00:00,long,sell - direction_change,26962.7,27055.6,5629.78,0.29,175.9
2023-03-28 07:00:00+00:00,short,buy,27055.6,,5626.97,-0.05,175.85
2023-03-28 18:00:00+00:00,short,sell - direction_change,27055.6,26851.1,5666.69,0.71,176.55
2023-03-28 18:00:00+00:00,long,buy,26851.1,,5663.85,-0.05,176.5
2023-03-29 04:32:00+00:00,long,sell - take_profit,26851.1,27656.632999999998,5830.94,2.95,179.45
2023-03-29 05:00:00+00:00,long,buy,27552.5,,5828.02,-0.05,179.4
2023-03-29 08:11:00+00:00,long,sell - take_profit,27552.5,28379.075,5999.95,2.95,182.35
2023-03-29 09:00:00+00:00,long,buy,28498.1,,5996.95,-0.05,182.3
2023-03-29 12:22:00+00:00,long,sell - stop_loss,28498.1,28213.119,5933.98,-1.05,181.25
2023-03-29 13:00:00+00:00,long,buy,28430.1,,5931.01,-0.05,181.2
2023-03-29 16:58:00+00:00,long,sell - stop_loss,28430.1,28145.799,5868.74,-1.05,180.15
2023-03-29 17:00:00+00:00,long,buy,28137.7,,5865.8,-0.05,180.1
2023-03-29 21:00:00+00:00,long,sell - direction_change,28137.7,28377.9,5912.95,0.8,180.9
2023-03-29 21:00:00+00:00,short,buy,28377.9,,5909.99,-0.05,180.85
2023-03-29 23:00:00+00:00,short,sell - direction_change,28377.9,28376.6,5907.3,-0.05,180.81
2023-03-29 23:00:00+00:00,long,buy,28376.6,,5904.35,-0.05,180.76
2023-03-30 01:00:00+00:00,long,sell - direction_change,28376.6,28316.0,5888.79,-0.26,180.5
2023-03-30 01:00:00+00:00,short,buy,28316.0,,5885.85,-0.05,180.45
2023-03-30 02:00:00+00:00,short,sell - direction_change,28316.0,28334.9,5878.97,-0.12,180.33
2023-03-30 02:00:00+00:00,long,buy,28334.9,,5876.03,-0.05,180.28
2023-03-30 14:00:00+00:00,long,sell - direction_change,28334.9,28504.9,5908.35,0.55,180.83
2023-03-30 14:00:00+00:00,short,buy,28504.9,,5905.4,-0.05,180.78
2023-03-31 04:00:00+00:00,short,sell - direction_change,28504.9,28152.2,5975.51,1.19,181.97
2023-03-31 04:00:00+00:00,long,buy,28152.2,,5972.52,-0.05,181.92
2023-03-31 05:00:00+00:00,long,sell - direction_change,28152.2,28165.4,5972.34,-0.0,181.91
2023-03-31 05:00:00+00:00,short,buy,28165.4,,5969.35,-0.05,181.86
2023-03-31 13:00:00+00:00,short,sell - direction_change,28165.4,28098.0,5980.65,0.19,182.05
2023-03-31 13:00:00+00:00,long,buy,28098.0,,5977.66,-0.05,182.0
2023-04-01 07:00:00+00:00,long,sell - direction_change,28098.0,28474.9,6054.86,1.29,183.29
2023-04-01 07:00:00+00:00,short,buy,28474.9,,6051.83,-0.05,183.24
2023-04-01 08:00:00+00:00,short,sell - direction_change,28474.9,28416.1,6061.3,0.16,183.4
2023-04-01 08:00:00+00:00,long,buy,28416.1,,6058.27,-0.05,183.35
2023-04-01 09:00:00+00:00,long,sell - direction_change,28416.1,28426.4,6057.44,-0.01,183.34
2023-04-01 09:00:00+00:00,short,buy,28426.4,,6054.41,-0.05,183.29
2023-04-01 10:00:00+00:00,short,sell - direction_change,28426.4,28411.6,6054.53,0.0,183.29
2023-04-01 10:00:00+00:00,long,buy,28411.6,,6051.51,-0.05,183.24
2023-04-01 11:00:00+00:00,long,sell - direction_change,28411.6,28454.9,6057.7,0.1,183.34
2023-04-01 11:00:00+00:00,short,buy,28454.9,,6054.67,-0.05,183.29
2023-04-01 21:00:00+00:00,short,sell - direction_change,28454.9,28435.1,6055.86,0.02,183.31
2023-04-01 21:00:00+00:00,long,buy,28435.1,,6052.83,-0.05,183.26
2023-04-02 00:00:00+00:00,long,sell - direction_change,28435.1,28443.7,6051.64,-0.02,183.24
2023-04-02 00:00:00+00:00,short,buy,28443.7,,6048.61,-0.05,183.19
2023-04-02 03:00:00+00:00,short,sell - direction_change,28443.7,28391.6,6056.66,0.13,183.32
2023-04-02 03:00:00+00:00,long,buy,28391.6,,6053.64,-0.05,183.27
2023-04-02 04:00:00+00:00,long,sell - direction_change,28391.6,28463.0,6065.83,0.2,183.48
2023-04-02 04:00:00+00:00,short,buy,28463.0,,6062.8,-0.05,183.43
2023-04-02 05:00:00+00:00,short,sell - direction_change,28463.0,28370.0,6079.58,0.28,183.7
2023-04-02 05:00:00+00:00,long,buy,28370.0,,6076.54,-0.05,183.65
2023-04-02 07:00:00+00:00,long,sell - direction_change,28370.0,28445.1,6089.59,0.21,183.87
2023-04-02 07:00:00+00:00,short,buy,28445.1,,6086.54,-0.05,183.82
2023-04-03 01:43:00+00:00,short,sell - take_profit,28445.1,27591.747,6266.09,2.95,186.77
2023-04-03 02:00:00+00:00,short,buy,27696.7,,6262.96,-0.05,186.72
2023-04-03 08:00:00+00:00,short,sell - direction_change,27696.7,27946.5,6203.34,-0.95,185.77
2023-04-03 08:00:00+00:00,long,buy,27946.5,,6200.24,-0.05,185.72
2023-04-03 14:00:00+00:00,long,sell - direction_change,27946.5,28247.9,6264.01,1.03,186.74
2023-04-03 14:00:00+00:00,short,buy,28247.9,,6260.88,-0.05,186.69
2023-04-03 15:00:00+00:00,short,sell - direction_change,28247.9,27982.7,6316.53,0.89,187.58
2023-04-03 15:00:00+00:00,long,buy,27982.7,,6313.37,-0.05,187.53
2023-04-03 16:00:00+00:00,long,sell - direction_change,27982.7,28034.1,6321.81,0.13,187.67
2023-04-03 16:00:00+00:00,short,buy,28034.1,,6318.65,-0.05,187.62
2023-04-03 18:00:00+00:00,short,sell - direction_change,28034.1,27973.4,6329.17,0.17,187.78
2023-04-03 18:00:00+00:00,long,buy,27973.4,,6326.01,-0.05,187.73
2023-04-03 20:00:00+00:00,long,sell - direction_change,27973.4,28071.8,6345.09,0.3,188.03
2023-04-03 20:00:00+00:00,short,buy,28071.8,,6341.92,-0.05,187.98
2023-04-03 21:01:00+00:00,short,sell - take_profit,28071.8,27229.645999999997,6529.01,2.95,190.93
2023-04-03 22:00:00+00:00,short,buy,27699.1,,6525.74,-0.05,190.88
2023-04-03 23:05:00+00:00,short,sell - stop_loss,27699.1,27976.091,6457.22,-1.05,189.83
2023-04-04 00:00:00+00:00,short,buy,27786.1,,6454.0,-0.05,189.78
2023-04-04 06:00:00+00:00,short,sell - direction_change,27786.1,27875.0,6430.12,-0.37,189.41
2023-04-04 06:00:00+00:00,long,buy,27875.0,,6426.9,-0.05,189.36
2023-04-04 22:00:00+00:00,long,sell - direction_change,27875.0,28215.6,6502.22,1.17,190.54
2023-04-04 22:00:00+00:00,short,buy,28215.6,,6498.97,-0.05,190.49
2023-04-04 23:00:00+00:00,short,sell - direction_change,28215.6,28177.7,6504.45,0.08,190.57
2023-04-04 23:00:00+00:00,long,buy,28177.7,,6501.2,-0.05,190.52
2023-04-05 13:00:00+00:00,long,sell - direction_change,28177.7,28556.4,6585.32,1.29,191.81
2023-04-05 13:00:00+00:00,short,buy,28556.4,,6582.03,-0.05,191.76
2023-04-06 03:00:00+00:00,short,sell - direction_change,28556.4,28027.3,6700.69,1.8,193.57
2023-04-06 03:00:00+00:00,long,buy,28027.3,,6697.34,-0.05,193.52
2023-04-06 04:00:00+00:00,long,sell - direction_change,28027.3,28117.4,6715.52,0.27,193.79
2023-04-06 04:00:00+00:00,short,buy,28117.4,,6712.16,-0.05,193.74
2023-04-06 15:00:00+00:00,short,sell - direction_change,28117.4,27935.4,6752.25,0.6,194.34
2023-04-06 15:00:00+00:00,long,buy,27935.4,,6748.88,-0.05,194.29
2023-04-06 16:00:00+00:00,long,sell - direction_change,27935.4,28079.3,6780.27,0.47,194.75
2023-04-06 16:00:00+00:00,short,buy,28079.3,,6776.88,-0.05,194.7
2023-04-06 17:00:00+00:00,short,sell - direction_change,28079.3,28051.0,6780.32,0.05,194.75
2023-04-06 17:00:00+00:00,long,buy,28051.0,,6776.93,-0.05,194.7
2023-04-06 18:00:00+00:00,long,sell - direction_change,28051.0,28027.7,6767.91,-0.13,194.57
2023-04-06 18:00:00+00:00,short,buy,28027.7,,6764.53,-0.05,194.52
2023-04-06 19:00:00+00:00,short,sell - direction_change,28027.7,27950.6,6779.75,0.23,194.74
2023-04-06 19:00:00+00:00,long,buy,27950.6,,6776.36,-0.05,194.69
2023-04-07 05:00:00+00:00,long,sell - direction_change,27950.6,28010.0,6787.38,0.16,194.86
2023-04-07 05:00:00+00:00,short,buy,28010.0,,6783.98,-0.05,194.81
2023-04-07 22:00:00+00:00,short,sell - direction_change,28010.0,27881.2,6811.79,0.41,195.22
2023-04-07 22:00:00+00:00,long,buy,27881.2,,6808.38,-0.05,195.17
2023-04-07 23:00:00+00:00,long,sell - direction_change,27881.2,27943.7,6820.24,0.17,195.34
2023-04-07 23:00:00+00:00,short,buy,27943.7,,6816.83,-0.05,195.29
2023-04-08 02:00:00+00:00,short,sell - direction_change,27943.7,27892.0,6826.03,0.14,195.43
2023-04-08 02:00:00+00:00,long,buy,27892.0,,6822.62,-0.05,195.38
2023-04-08 15:00:00+00:00,long,sell - direction_change,27892.0,28010.2,6848.12,0.37,195.75
2023-04-08 15:00:00+00:00,short,buy,28010.2,,6844.7,-0.05,195.7
2023-04-09 00:00:00+00:00,short,sell - direction_change,28010.2,27924.9,6862.12,0.25,195.95
2023-04-09 00:00:00+00:00,long,buy,27924.9,,6858.69,-0.05,195.9
2023-04-09 05:00:00+00:00,long,sell - direction_change,27924.9,28024.9,6879.82,0.31,196.21
2023-04-09 05:00:00+00:00,short,buy,28024.9,,6876.38,-0.05,196.16
2023-04-09 18:00:00+00:00,short,sell - direction_change,28024.9,27892.1,6905.53,0.42,196.59
2023-04-09 18:00:00+00:00,long,buy,27892.1,,6902.07,-0.05,196.54
2023-04-10 10:00:00+00:00,long,sell - direction_change,27892.1,28297.1,6998.84,1.4,197.94
2023-04-10 10:00:00+00:00,short,buy,28297.1,,6995.34,-0.05,197.89
2023-04-10 11:00:00+00:00,short,sell - direction_change,28297.1,28319.6,6986.28,-0.13,197.76
2023-04-10 11:00:00+00:00,long,buy,28319.6,,6982.79,-0.05,197.71
2023-04-10 12:00:00+00:00,long,sell - direction_change,28319.6,28294.3,6973.06,-0.14,197.57
2023-04-10 12:00:00+00:00,short,buy,28294.3,,6969.57,-0.05,197.52
2023-04-10 15:00:00+00:00,short,sell - direction_change,28294.3,28291.2,6966.85,-0.04,197.48
2023-04-10 15:00:00+00:00,long,buy,28291.2,,6963.37,-0.05,197.43
2023-04-10 16:56:00+00:00,long,sell - take_profit,28291.2,29139.936,7168.79,2.95,200.38
2023-04-10 17:00:00+00:00,long,buy,29033.1,,7165.2,-0.05,200.33
2023-04-11 00:40:00+00:00,long,sell - take_profit,29033.1,29904.093,7376.58,2.95,203.28
2023-04-11 01:00:00+00:00,long,buy,29920.7,,7372.89,-0.05,203.23
2023-04-11 14:00:00+00:00,long,sell - direction_change,29920.7,30233.5,7446.28,1.0,204.23
2023-04-11 14:00:00+00:00,short,buy,30233.5,,7442.56,-0.05,204.18
2023-04-11 15:00:00+00:00,short,sell - direction_change,30233.5,30047.8,7484.55,0.56,204.74
2023-04-11 15:00:00+00:00,long,buy,30047.8,,7480.81,-0.05,204.69
2023-04-12 02:00:00+00:00,long,sell - direction_change,30047.8,30157.2,7504.3,0.31,205.0
2023-04-12 02:00:00+00:00,short,buy,30157.2,,7500.55,-0.05,204.95
2023-04-12 12:00:00+00:00,short,sell - direction_change,30157.2,30003.7,7534.98,0.46,205.41
2023-04-12 12:00:00+00:00,long,buy,30003.7,,7531.21,-0.05,205.36
2023-04-12 13:00:00+00:00,long,sell - direction_change,30003.7,30132.6,7559.8,0.38,205.74
2023-04-12 13:00:00+00:00,short,buy,30132.6,,7556.02,-0.05,205.69
2023-04-13 02:00:00+00:00,short,sell - direction_change,30132.6,30048.9,7573.23,0.23,205.92
2023-04-13 02:00:00+00:00,long,buy,30048.9,,7569.45,-0.05,205.87
2023-04-13 06:00:00+00:00,long,sell - direction_change,30048.9,30091.2,7576.32,0.09,205.96
2023-04-13 06:00:00+00:00,short,buy,30091.2,,7572.53,-0.05,205.91
2023-04-13 07:00:00+00:00,short,sell - direction_change,30091.2,30000.3,7591.62,0.25,206.16
2023-04-13 07:00:00+00:00,long,buy,30000.3,,7587.82,-0.05,206.11
2023-04-14 01:47:00+00:00,long,sell - take_profit,30000.3,30900.309,7811.66,2.95,209.06
2023-04-14 02:00:00+00:00,long,buy,30776.3,,7807.76,-0.05,209.01
2023-04-14 13:00:00+00:00,long,sell - direction_change,30776.3,30606.5,7760.77,-0.6,208.41
2023-04-14 13:00:00+00:00,short,buy,30606.5,,7756.89,-0.05,208.36
2023-04-15 05:00:00+00:00,short,sell - direction_change,30606.5,30348.1,7818.5,0.79,209.16
2023-04-15 05:00:00+00:00,long,buy,30348.1,,7814.6,-0.05,209.11
2023-04-15 06:00:00+00:00,long,sell - direction_change,30348.1,30410.0,7826.63,0.15,209.26
2023-04-15 06:00:00+00:00,short,buy,30410.0,,7822.71,-0.05,209.21
2023-04-15 12:00:00+00:00,short,sell - direction_change,30410.0,30370.9,7828.86,0.08,209.29
2023-04-15 12:00:00+00:00,long,buy,30370.9,,7824.95,-0.05,209.24
2023-04-15 13:00:00+00:00,long,sell - direction_change,30370.9,30407.4,7830.44,0.07,209.31
2023-04-15 13:00:00+00:00,short,buy,30407.4,,7826.52,-0.05,209.26
2023-04-16 04:00:00+00:00,short,sell - direction_change,30407.4,30249.0,7863.38,0.47,209.73
2023-04-16 04:00:00+00:00,long,buy,30249.0,,7859.45,-0.05,209.68
2023-04-16 05:00:00+00:00,long,sell - direction_change,30249.0,30291.7,7866.61,0.09,209.77
2023-04-16 05:00:00+00:00,short,buy,30291.7,,7862.68,-0.05,209.72
2023-04-16 06:00:00+00:00,short,sell - direction_change,30291.7,30296.7,7857.45,-0.07,209.65
2023-04-16 06:00:00+00:00,long,buy,30296.7,,7853.52,-0.05,209.6
2023-04-16 08:00:00+00:00,long,sell - direction_change,30296.7,30330.8,7858.43,0.06,209.67
2023-04-16 08:00:00+00:00,short,buy,30330.8,,7854.51,-0.05,209.62
2023-04-16 14:00:00+00:00,short,sell - direction_change,30330.8,30241.0,7873.83,0.25,209.86
2023-04-16 14:00:00+00:00,long,buy,30241.0,,7869.9,-0.05,209.81
2023-04-16 23:00:00+00:00,long,sell - direction_change,30241.0,30314.7,7885.14,0.19,210.01
2023-04-16 23:00:00+00:00,short,buy,30314.7,,7881.2,-0.05,209.96
2023-04-17 11:34:00+00:00,short,sell - take_profit,30314.7,29405.259,8113.69,2.95,212.91
2023-04-17 12:00:00+00:00,short,buy,29558.1,,8109.64,-0.05,212.86
2023-04-18 02:00:00+00:00,short,sell - direction_change,29558.1,29360.6,8159.77,0.62,213.47
2023-04-18 02:00:00+00:00,long,buy,29360.6,,8155.69,-0.05,213.42
2023-04-18 03:00:00+00:00,long,sell - direction_change,29360.6,29453.3,8177.36,0.27,213.69
2023-04-18 03:00:00+00:00,short,buy,29453.3,,8173.27,-0.05,213.64
2023-04-18 05:00:00+00:00,short,sell - direction_change,29453.3,29480.3,8161.69,-0.14,213.5
2023-04-18 05:00:00+00:00,long,buy,29480.3,,8157.61,-0.05,213.45
2023-04-18 11:45:00+00:00,long,sell - take_profit,29480.3,30364.709,8398.26,2.95,216.4
2023-04-18 12:00:00+00:00,long,buy,30369.7,,8394.06,-0.05,216.35
2023-04-18 17:54:00+00:00,long,sell - stop_loss,30369.7,30066.003,8305.92,-1.05,215.3
2023-04-18 18:00:00+00:00,long,buy,30013.4,,8301.77,-0.05,215.25
2023-04-19 02:00:00+00:00,long,sell - direction_change,30013.4,30222.6,8355.49,0.65,215.9
2023-04-19 02:00:00+00:00,short,buy,30222.6,,8351.31,-0.05,215.85
2023-04-19 03:00:00+00:00,short,sell - direction_change,30222.6,30191.0,8355.86,0.05,215.9
2023-04-19 03:00:00+00:00,long,buy,30191.0,,8351.69,-0.05,215.85
2023-04-19 06:00:00+00:00,long,sell - direction_change,30191.0,30254.0,8364.94,0.16,216.01
2023-04-19 06:00:00+00:00,short,buy,30254.0,,8360.76,-0.05,215.96
2023-04-19 08:10:00+00:00,short,sell - take_profit,30254.0,29346.379999999997,8607.4,2.95,218.91
2023-04-19 09:00:00+00:00,short,buy,29148.1,,8603.09,-0.05,218.86
2023-04-19 14:14:00+00:00,short,sell - stop_loss,29148.1,29439.581,8512.76,-1.05,217.81
2023-04-19 15:00:00+00:00,short,buy,29376.6,,8508.51,-0.05,217.76
2023-04-20 12:00:00+00:00,short,sell - direction_change,29376.6,28601.5,8728.75,2.59,220.35
2023-04-20 12:00:00+00:00,long,buy,28601.5,,8724.38,-0.05,220.3
2023-04-20 12:17:00+00:00,long,sell - stop_loss,28601.5,28315.485,8632.78,-1.05,219.25
2023-04-20 13:00:00+00:00,short,buy,28876.3,,8628.46,-0.05,219.2
2023-04-20 19:27:00+00:00,short,sell - take_profit,28876.3,28010.011,8883.0,2.95,222.15
2023-04-20 20:00:00+00:00,short,buy,28091.2,,8878.56,-0.05,222.1
2023-04-21 16:00:00+00:00,short,sell - direction_change,28091.2,28032.8,8892.58,0.16,222.26
2023-04-21 16:00:00+00:00,long,buy,28032.8,,8888.13,-0.05,222.21
2023-04-21 17:00:00+00:00,long,sell - direction_change,28032.8,28035.0,8884.38,-0.04,222.16
2023-04-21 17:00:00+00:00,short,buy,28035.0,,8879.94,-0.05,222.11
2023-04-21 19:39:00+00:00,short,sell - take_profit,28035.0,27193.95,9141.9,2.95,225.06
2023-04-21 20:00:00+00:00,short,buy,27273.6,,9137.33,-0.05,225.01
2023-04-22 12:00:00+00:00,short,sell - direction_change,27273.6,27276.1,9131.92,-0.06,224.95
2023-04-22 12:00:00+00:00,long,buy,27276.1,,9127.36,-0.05,224.9
2023-04-22 13:00:00+00:00,long,sell - direction_change,27276.1,27325.2,9139.22,0.13,225.03
2023-04-22 13:00:00+00:00,short,buy,27325.2,,9134.65,-0.05,224.98
2023-04-22 14:00:00+00:00,short,sell - direction_change,27325.2,27241.9,9157.93,0.25,225.24
2023-04-22 14:00:00+00:00,long,buy,27241.9,,9153.36,-0.05,225.19
2023-04-23 03:00:00+00:00,long,sell - direction_change,27241.9,27580.1,9262.41,1.19,226.38
2023-04-23 03:00:00+00:00,short,buy,27580.1,,9257.78,-0.05,226.33
2023-04-23 04:00:00+00:00,short,sell - direction_change,27580.1,27545.2,9264.87,0.08,226.41
2023-04-23 04:00:00+00:00,long,buy,27545.2,,9260.24,-0.05,226.36
2023-04-23 05:00:00+00:00,long,sell - direction_change,27545.2,27592.0,9271.34,0.12,226.48
2023-04-23 05:00:00+00:00,short,buy,27592.0,,9266.7,-0.05,226.43
2023-04-23 07:00:00+00:00,short,sell - direction_change,27592.0,27575.0,9267.78,0.01,226.44
2023-04-23 07:00:00+00:00,long,buy,27575.0,,9263.15,-0.05,226.39
2023-04-23 09:00:00+00:00,long,sell - direction_change,27575.0,27695.9,9299.13,0.39,226.78
2023-04-23 09:00:00+00:00,short,buy,27695.9,,9294.48,-0.05,226.73
2023-04-23 11:00:00+00:00,short,sell - direction_change,27695.9,27517.1,9349.84,0.6,227.32
2023-04-23 11:00:00+00:00,long,buy,27517.1,,9345.16,-0.05,227.27
2023-04-23 12:00:00+00:00,long,sell - direction_change,27517.1,27632.8,9379.78,0.37,227.64
2023-04-23 12:00:00+00:00,short,buy,27632.8,,9375.09,-0.05,227.59
2023-04-23 13:00:00+00:00,short,sell - direction_change,27632.8,27594.1,9383.53,0.09,227.68
2023-04-23 13:00:00+00:00,long,buy,27594.1,,9378.84,-0.05,227.63
2023-04-23 14:00:00+00:00,long,sell - direction_change,27594.1,27614.6,9381.12,0.02,227.66
2023-04-23 14:00:00+00:00,short,buy,27614.6,,9376.43,-0.05,227.61
2023-04-24 00:00:00+00:00,short,sell - direction_change,27614.6,27575.9,9384.88,0.09,227.7
2023-04-24 00:00:00+00:00,long,buy,27575.9,,9380.19,-0.05,227.65
2023-04-24 06:00:00+00:00,long,sell - direction_change,27575.9,27643.4,9398.46,0.19,227.84
2023-04-24 06:00:00+00:00,short,buy,27643.4,,9393.76,-0.05,227.79
2023-04-24 22:00:00+00:00,short,sell - direction_change,27643.4,27400.0,9471.78,0.83,228.62
2023-04-24 22:00:00+00:00,long,buy,27400.0,,9467.04,-0.05,228.57
2023-04-24 23:00:00+00:00,long,sell - direction_change,27400.0,27447.9,9478.86,0.12,228.7
2023-04-24 23:00:00+00:00,short,buy,27447.9,,9474.12,-0.05,228.65
2023-04-25 00:00:00+00:00,short,sell - direction_change,27447.9,27497.4,9452.29,-0.23,228.42
2023-04-25 00:00:00+00:00,long,buy,27497.4,,9447.57,-0.05,228.37
2023-04-25 03:00:00+00:00,long,sell - direction_change,27497.4,27391.6,9406.49,-0.43,227.93
2023-04-25 03:00:00+00:00,short,buy,27391.6,,9401.79,-0.05,227.88
2023-04-25 04:00:00+00:00,short,sell - direction_change,27391.6,27337.6,9415.62,0.15,228.03
2023-04-25 04:00:00+00:00,long,buy,27337.6,,9410.92,-0.05,227.98
2023-04-25 06:00:00+00:00,long,sell - direction_change,27337.6,27400.8,9427.97,0.18,228.16
2023-04-25 06:00:00+00:00,short,buy,27400.8,,9423.25,-0.05,228.11
2023-04-25 12:00:00+00:00,short,sell - direction_change,27400.8,27382.2,9424.94,0.02,228.13
2023-04-25 12:00:00+00:00,long,buy,27382.2,,9420.23,-0.05,228.08
2023-04-25 13:00:00+00:00,long,sell - direction_change,27382.2,27383.5,9415.96,-0.05,228.03
2023-04-25 13:00:00+00:00,short,buy,27383.5,,9411.25,-0.05,227.98
2023-04-25 16:00:00+00:00,short,sell - direction_change,27383.5,27329.5,9425.11,0.15,228.13
2023-04-25 16:00:00+00:00,long,buy,27329.5,,9420.4,-0.05,228.08
2023-04-25 21:02:00+00:00,long,sell - take_profit,27329.5,28149.385000000002,9698.3,2.95,231.03
2023-04-25 22:00:00+00:00,long,buy,28249.4,,9693.45,-0.05,230.98
2023-04-26 10:52:00+00:00,long,sell - take_profit,28249.4,29096.882,9979.4,2.95,233.93
2023-04-26 11:00:00+00:00,long,buy,28982.8,,9974.42,-0.05,233.88
2023-04-26 12:29:00+00:00,long,sell - take_profit,28982.8,29852.284,10268.66,2.95,236.83
2023-04-26 13:00:00+00:00,long,buy,29955.1,,10263.53,-0.05,236.78
2023-04-26 13:40:00+00:00,long,sell - stop_loss,29955.1,29655.549,10155.76,-1.05,235.73
2023-04-26 14:00:00+00:00,long,buy,29837.4,,10150.68,-0.05,235.68
2023-04-26 14:22:00+00:00,long,sell - stop_loss,29837.4,29539.026,10044.1,-1.05,234.63
2023-04-26 15:00:00+00:00,long,buy,29687.9,,10039.08,-0.05,234.58
2023-04-26 19:00:00+00:00,long,sell - direction_change,29687.9,29732.8,10049.24,0.1,234.68
2023-04-26 19:00:00+00:00,short,buy,29732.8,,10044.22,-0.05,234.63
2023-04-26 19:32:00+00:00,short,sell - take_profit,29732.8,28840.816,10340.52,2.95,237.58
2023-04-26 20:00:00+00:00,short,buy,27871.9,,10335.35,-0.05,237.53
2023-04-26 20:42:00+00:00,short,sell - stop_loss,27871.9,28150.619000000002,10226.83,-1.05,236.48
2023-04-26 21:00:00+00:00,short,buy,28405.4,,10221.72,-0.05,236.43
2023-04-26 21:58:00+00:00,short,sell - stop_loss,28405.4,28689.454,10114.39,-1.05,235.38
2023-04-26 22:00:00+00:00,short,buy,28669.9,,10109.33,-0.05,235.33
2023-04-27 00:00:00+00:00,short,sell - direction_change,28669.9,28396.0,10200.86,0.91,236.24
2023-04-27 00:00:00+00:00,long,buy,28396.0,,10195.76,-0.05,236.19
2023-04-27 00:24:00+00:00,long,sell - take_profit,28396.0,29247.88,10496.53,2.95,239.14
2023-04-27 01:00:00+00:00,short,buy,29215.2,,10491.28,-0.05,239.09
2023-04-27 02:00:00+00:00,short,sell - direction_change,29215.2,28730.3,10660.17,1.61,240.7
2023-04-27 02:00:00+00:00,long,buy,28730.3,,10654.84,-0.05,240.65
2023-04-27 03:00:00+00:00,long,sell - direction_change,28730.3,29025.0,10758.8,0.98,241.62
2023-04-27 03:00:00+00:00,short,buy,29025.0,,10753.42,-0.05,241.57
2023-04-27 05:00:00+00:00,short,sell - direction_change,29025.0,29079.3,10727.93,-0.24,241.34
2023-04-27 05:00:00+00:00,long,buy,29079.3,,10722.56,-0.05,241.29
2023-04-27 06:00:00+00:00,long,sell - direction_change,29079.3,29071.9,10714.47,-0.08,241.21
2023-04-27 06:00:00+00:00,short,buy,29071.9,,10709.11,-0.05,241.16
2023-04-27 07:00:00+00:00,short,sell - direction_change,29071.9,28778.6,10811.8,0.96,242.12
2023-04-27 07:00:00+00:00,long,buy,28778.6,,10806.4,-0.05,242.07
2023-04-27 10:00:00+00:00,long,sell - direction_change,28778.6,28920.1,10854.13,0.44,242.51
2023-04-27 10:00:00+00:00,short,buy,28920.1,,10848.7,-0.05,242.46
2023-04-27 15:00:00+00:00,short,sell - direction_change,28920.1,28964.8,10826.51,-0.2,242.26
2023-04-27 15:00:00+00:00,long,buy,28964.8,,10821.09,-0.05,242.21
2023-04-27 18:43:00+00:00,long,sell - take_profit,28964.8,29833.744,11140.32,2.95,245.16
2023-04-27 19:00:00+00:00,long,buy,29758.8,,11134.75,-0.05,245.11
2023-04-27 19:12:00+00:00,long,sell - stop_loss,29758.8,29461.212,11017.83,-1.05,244.06
2023-04-27 20:00:00+00:00,long,buy,29659.9,,11012.32,-0.05,244.01
2023-04-27 22:53:00+00:00,long,sell - stop_loss,29659.9,29363.301,10896.69,-1.05,242.96
2023-04-27 23:00:00+00:00,long,buy,29375.5,,10891.24,-0.05,242.91
2023-04-28 06:00:00+00:00,long,sell - direction_change,29375.5,29462.8,10918.17,0.25,243.15
2023-04-28 06:00:00+00:00,short,buy,29462.8,,10912.71,-0.05,243.1
2023-04-28 07:00:00+00:00,short,sell - direction_change,29462.8,29459.0,10908.66,-0.04,243.07
2023-04-28 07:00:00+00:00,long,buy,29459.0,,10903.2,-0.05,243.02
2023-04-28 08:00:00+00:00,long,sell - direction_change,29459.0,29473.8,10903.23,0.0,243.02
2023-04-28 08:00:00+00:00,short,buy,29473.8,,10897.78,-0.05,242.97
2023-04-28 19:00:00+00:00,short,sell - direction_change,29473.8,29226.7,10983.69,0.79,243.75
2023-04-28 19:00:00+00:00,long,buy,29226.7,,10978.2,-0.05,243.7
2023-04-29 00:00:00+00:00,long,sell - direction_change,29226.7,29300.0,11000.25,0.2,243.91
2023-04-29 00:00:00+00:00,short,buy,29300.0,,10994.75,-0.05,243.86
2023-04-29 02:00:00+00:00,short,sell - direction_change,29300.0,29257.3,11005.27,0.1,243.95
2023-04-29 02:00:00+00:00,long,buy,29257.3,,10999.77,-0.05,243.9
2023-04-29 08:00:00+00:00,long,sell - direction_change,29257.3,29333.8,11023.03,0.21,244.11
2023-04-29 08:00:00+00:00,short,buy,29333.8,,11017.52,-0.05,244.06
2023-04-29 11:00:00+00:00,short,sell - direction_change,29333.8,29257.3,11040.74,0.21,244.27
2023-04-29 11:00:00+00:00,long,buy,29257.3,,11035.22,-0.05,244.22
2023-04-29 12:00:00+00:00,long,sell - direction_change,29257.3,29323.4,11054.64,0.18,244.4
2023-04-29 12:00:00+00:00,short,buy,29323.4,,11049.11,-0.05,244.35
2023-04-29 13:00:00+00:00,short,sell - direction_change,29323.4,29269.1,11064.04,0.14,244.48
2023-04-29 13:00:00+00:00,long,buy,29269.1,,11058.51,-0.05,244.43
2023-04-29 14:00:00+00:00,long,sell - direction_change,29269.1,29371.9,11091.82,0.3,244.74
2023-04-29 14:00:00+00:00,short,buy,29371.9,,11086.28,-0.05,244.69
2023-04-30 05:00:00+00:00,short,sell - direction_change,29371.9,29198.6,11146.15,0.54,245.23
2023-04-30 05:00:00+00:00,long,buy,29198.6,,11140.57,-0.05,245.18
2023-04-30 10:00:00+00:00,long,sell - direction_change,29198.6,29242.7,11151.83,0.1,245.28
2023-04-30 10:00:00+00:00,short,buy,29242.7,,11146.25,-0.05,245.23
2023-04-30 12:00:00+00:00,short,sell - direction_change,29242.7,29184.6,11162.82,0.15,245.38
2023-04-30 12:00:00+00:00,long,buy,29184.6,,11157.24,-0.05,245.33
2023-04-30 20:00:00+00:00,long,sell - direction_change,29184.6,29346.0,11213.37,0.5,245.83
2023-04-30 20:00:00+00:00,short,buy,29346.0,,11207.76,-0.05,245.78
2023-04-30 21:00:00+00:00,short,sell - direction_change,29346.0,29314.9,11214.03,0.06,245.83
2023-04-30 21:00:00+00:00,long,buy,29314.9,,11208.43,-0.05,245.78
2023-04-30 23:00:00+00:00,long,sell - direction_change,29314.9,29363.2,11221.29,0.11,245.9
2023-04-30 23:00:00+00:00,short,buy,29363.2,,11215.68,-0.05,245.85
2023-05-01 01:51:00+00:00,short,sell - take_profit,29363.2,28482.304,11546.54,2.95,248.8
2023-05-01 02:00:00+00:00,short,buy,28488.2,,11540.77,-0.05,248.75
2023-05-02 07:00:00+00:00,short,sell - direction_change,28488.2,27983.3,11739.54,1.72,250.47
2023-05-02 07:00:00+00:00,long,buy,27983.3,,11733.67,-0.05,250.42
2023-05-02 09:00:00+00:00,long,sell - direction_change,27983.3,28017.8,11742.27,0.07,250.49
2023-05-02 09:00:00+00:00,short,buy,28017.8,,11736.4,-0.05,250.44
2023-05-02 11:00:00+00:00,short,sell - direction_change,28017.8,28001.1,11737.52,0.01,250.45
2023-05-02 11:00:00+00:00,long,buy,28001.1,,11731.65,-0.05,250.4
2023-05-02 13:00:00+00:00,long,sell - direction_change,28001.1,28095.7,11765.42,0.29,250.69
2023-05-02 13:00:00+00:00,short,buy,28095.7,,11759.54,-0.05,250.64
2023-05-02 14:00:00+00:00,short,sell - direction_change,28095.7,27994.9,11795.85,0.31,250.95
2023-05-02 14:00:00+00:00,long,buy,27994.9,,11789.95,-0.05,250.9
2023-05-02 19:09:00+00:00,long,sell - take_profit,27994.9,28834.747000000003,12137.76,2.95,253.85
2023-05-02 20:00:00+00:00,long,buy,28676.5,,12131.69,-0.05,253.8
2023-05-03 02:05:00+00:00,long,sell - stop_loss,28676.5,28389.735,12004.31,-1.05,252.75
2023-05-03 03:00:00+00:00,long,buy,28497.8,,11998.3,-0.05,252.7
2023-05-03 04:00:00+00:00,long,sell - direction_change,28497.8,28505.5,11995.55,-0.02,252.68
2023-05-03 04:00:00+00:00,short,buy,28505.5,,11989.55,-0.05,252.63
2023-05-03 06:00:00+00:00,short,sell - direction_change,28505.5,28467.9,11999.37,0.08,252.71
2023-05-03 06:00:00+00:00,long,buy,28467.9,,11993.37,-0.05,252.66
2023-05-03 11:00:00+00:00,long,sell - direction_change,28467.9,28565.4,12028.45,0.29,252.95
2023-05-03 11:00:00+00:00,short,buy,28565.4,,12022.43,-0.05,252.9
2023-05-03 21:00:00+00:00,short,sell - direction_change,28565.4,28503.5,12042.47,0.17,253.07
2023-05-03 21:00:00+00:00,long,buy,28503.5,,12036.45,-0.05,253.02
2023-05-04 10:35:00+00:00,long,sell - take_profit,28503.5,29358.605,12391.53,2.95,255.97
2023-05-04 11:00:00+00:00,long,buy,29234.6,,12385.33,-0.05,255.92
2023-05-04 13:00:00+00:00,long,sell - direction_change,29234.6,29045.0,12298.82,-0.7,255.22
2023-05-04 13:00:00+00:00,short,buy,29045.0,,12292.67,-0.05,255.17
2023-05-05 01:00:00+00:00,short,sell - direction_change,29045.0,28923.6,12337.9,0.37,255.54
2023-05-05 01:00:00+00:00,long,buy,28923.6,,12331.73,-0.05,255.49
2023-05-05 11:00:00+00:00,long,sell - direction_change,28923.6,29095.4,12398.81,0.54,256.03
2023-05-05 11:00:00+00:00,short,buy,29095.4,,12392.61,-0.05,255.98
2023-05-05 13:00:00+00:00,short,sell - direction_change,29095.4,28939.2,12452.95,0.49,256.47
2023-05-05 13:00:00+00:00,long,buy,28939.2,,12446.72,-0.05,256.42
2023-05-06 00:36:00+00:00,long,sell - take_profit,28939.2,29807.376,12813.9,2.95,259.37
2023-05-06 01:00:00+00:00,long,buy,29657.3,,12807.49,-0.05,259.32
2023-05-06 03:00:00+00:00,long,sell - direction_change,29657.3,29457.7,12714.89,-0.72,258.6
2023-05-06 03:00:00+00:00,short,buy,29457.7,,12708.53,-0.05,258.55
2023-05-06 14:07:00+00:00,short,sell - take_profit,29457.7,28573.969,13083.44,2.95,261.5
2023-05-06 15:00:00+00:00,short,buy,28591.0,,13076.89,-0.05,261.45
2023-05-06 18:17:00+00:00,short,sell - stop_loss,28591.0,28876.91,12939.59,-1.05,260.4
2023-05-06 19:00:00+00:00,short,buy,28901.3,,12933.12,-0.05,260.35
2023-05-07 12:00:00+00:00,short,sell - direction_change,28901.3,28826.5,12960.12,0.21,260.56
2023-05-07 12:00:00+00:00,long,buy,28826.5,,12953.64,-0.05,260.51
2023-05-07 18:00:00+00:00,long,sell - direction_change,28826.5,28888.5,12975.03,0.17,260.67
2023-05-07 18:00:00+00:00,short,buy,28888.5,,12968.54,-0.05,260.62
2023-05-07 19:00:00+00:00,short,sell - direction_change,28888.5,28843.5,12982.26,0.11,260.73
2023-05-07 19:00:00+00:00,long,buy,28843.5,,12975.76,-0.05,260.68
2023-05-07 21:00:00+00:00,long,sell - direction_change,28843.5,28901.6,12995.41,0.15,260.83
2023-05-07 21:00:00+00:00,short,buy,28901.6,,12988.92,-0.05,260.78
2023-05-08 03:45:00+00:00,short,sell - take_profit,28901.6,28034.551999999996,13372.09,2.95,263.73
2023-05-08 04:00:00+00:00,short,buy,28188.1,,13365.4,-0.05,263.68
2023-05-08 18:03:00+00:00,short,sell - take_profit,28188.1,27342.457,13759.68,2.95,266.63
2023-05-08 19:00:00+00:00,short,buy,27465.3,,13752.8,-0.05,266.58
2023-05-09 01:31:00+00:00,short,sell - stop_loss,27465.3,27739.952999999998,13608.4,-1.05,265.53
2023-05-09 02:00:00+00:00,short,buy,27687.3,,13601.59,-0.05,265.48
2023-05-09 05:00:00+00:00,short,sell - direction_change,27687.3,27598.0,13638.66,0.27,265.75
2023-05-09 05:00:00+00:00,long,buy,27598.0,,13631.84,-0.05,265.7
2023-05-09 06:00:00+00:00,long,sell - direction_change,27598.0,27540.3,13596.53,-0.26,265.44
2023-05-09 06:00:00+00:00,short,buy,27540.3,,13589.73,-0.05,265.39
2023-05-09 07:00:00+00:00,short,sell - direction_change,27540.3,27535.1,13585.5,-0.03,265.36
2023-05-09 07:00:00+00:00,long,buy,27535.1,,13578.71,-0.05,265.31
2023-05-09 08:00:00+00:00,long,sell - direction_change,27535.1,27649.3,13628.23,0.36,265.67
2023-05-09 08:00:00+00:00,short,buy,27649.3,,13621.42,-0.05,265.62
2023-05-09 12:00:00+00:00,short,sell - direction_change,27649.3,27663.9,13607.42,-0.1,265.52
2023-05-09 12:00:00+00:00,long,buy,27663.9,,13600.61,-0.05,265.47
2023-05-09 13:00:00+00:00,long,sell - direction_change,27663.9,27744.9,13633.64,0.24,265.71
2023-05-09 13:00:00+00:00,short,buy,27744.9,,13626.82,-0.05,265.66
2023-05-09 16:00:00+00:00,short,sell - direction_change,27744.9,27385.8,13796.38,1.24,266.91
2023-05-09 16:00:00+00:00,long,buy,27385.8,,13789.48,-0.05,266.86
2023-05-09 18:00:00+00:00,long,sell - direction_change,27385.8,27605.4,13893.16,0.75,267.61
2023-05-09 18:00:00+00:00,short,buy,27605.4,,13886.21,-0.05,267.56
2023-05-09 19:00:00+00:00,short,sell - direction_change,27605.4,27545.9,13909.2,0.17,267.73
2023-05-09 19:00:00+00:00,long,buy,27545.9,,13902.24,-0.05,267.68
2023-05-09 22:00:00+00:00,long,sell - direction_change,27545.9,27589.6,13917.35,0.11,267.78
2023-05-09 22:00:00+00:00,short,buy,27589.6,,13910.39,-0.05,267.73
2023-05-09 23:00:00+00:00,short,sell - direction_change,27589.6,27564.0,13916.34,0.04,267.78
2023-05-09 23:00:00+00:00,long,buy,27564.0,,13909.38,-0.05,267.73
2023-05-10 06:00:00+00:00,long,sell - direction_change,27564.0,27646.1,13943.86,0.25,267.98
2023-05-10 06:00:00+00:00,short,buy,27646.1,,13936.89,-0.05,267.93
2023-05-10 11:00:00+00:00,short,sell - direction_change,27646.1,27579.2,13963.64,0.19,268.12
2023-05-10 11:00:00+00:00,long,buy,27579.2,,13956.66,-0.05,268.07
2023-05-10 17:00:00+00:00,long,sell - direction_change,27579.2,28166.6,14246.94,2.08,270.15
2023-05-10 17:00:00+00:00,short,buy,28166.6,,14239.82,-0.05,270.1
2023-05-10 17:15:00+00:00,short,sell - take_profit,28166.6,27321.602,14659.89,2.95,273.05
2023-05-10 18:00:00+00:00,short,buy,27481.1,,14652.56,-0.05,273.0
2023-05-10 19:00:00+00:00,short,sell - direction_change,27481.1,27417.0,14679.41,0.18,273.18
2023-05-10 19:00:00+00:00,long,buy,27417.0,,14672.07,-0.05,273.13
2023-05-10 21:00:00+00:00,long,sell - direction_change,27417.0,27848.4,14895.6,1.52,274.65
2023-05-10 21:00:00+00:00,short,buy,27848.4,,14888.15,-0.05,274.6
2023-05-11 14:04:00+00:00,short,sell - take_profit,27848.4,27012.948,15327.35,2.95,277.55
2023-05-11 15:00:00+00:00,short,buy,27111.2,,15319.69,-0.05,277.5
2023-05-12 05:50:00+00:00,short,sell - take_profit,27111.2,26297.864,15771.62,2.95,280.45
2023-05-12 06:00:00+00:00,short,buy,26261.3,,15763.73,-0.05,280.4
2023-05-12 13:56:00+00:00,short,sell - stop_loss,26261.3,26523.913,15598.21,-1.05,279.35
2023-05-12 14:00:00+00:00,short,buy,26436.1,,15590.41,-0.05,279.3
2023-05-12 19:00:00+00:00,short,sell - direction_change,26436.1,26290.1,15668.72,0.5,279.81
2023-05-12 19:00:00+00:00,long,buy,26290.1,,15660.89,-0.05,279.76
2023-05-12 19:25:00+00:00,long,sell - stop_loss,26290.1,26027.198999999997,15496.45,-1.05,278.71
2023-05-12 20:00:00+00:00,long,buy,26445.1,,15488.7,-0.05,278.66
2023-05-13 18:00:00+00:00,long,sell - direction_change,26445.1,26801.3,15689.58,1.3,279.95
2023-05-13 18:00:00+00:00,short,buy,26801.3,,15681.73,-0.05,279.9
2023-05-13 19:00:00+00:00,short,sell - direction_change,26801.3,26772.9,15690.51,0.06,279.96
2023-05-13 19:00:00+00:00,long,buy,26772.9,,15682.66,-0.05,279.91
2023-05-13 23:00:00+00:00,long,sell - direction_change,26772.9,26879.2,15737.09,0.35,280.26
2023-05-13 23:00:00+00:00,short,buy,26879.2,,15729.22,-0.05,280.21
2023-05-14 03:00:00+00:00,short,sell - direction_change,26879.2,26799.1,15768.23,0.25,280.45
2023-05-14 03:00:00+00:00,long,buy,26799.1,,15760.35,-0.05,280.4
2023-05-14 11:00:00+00:00,long,sell - direction_change,26799.1,26817.6,15763.35,0.02,280.42
2023-05-14 11:00:00+00:00,short,buy,26817.6,,15755.46,-0.05,280.37
2023-05-14 12:00:00+00:00,short,sell - direction_change,26817.6,26794.8,15760.98,0.04,280.41
2023-05-14 12:00:00+00:00,long,buy,26794.8,,15753.1,-0.05,280.36
2023-05-14 23:00:00+00:00,long,sell - direction_change,26794.8,26888.2,15800.14,0.3,280.66
2023-05-14 23:00:00+00:00,short,buy,26888.2,,15792.24,-0.05,280.61
2023-05-15 01:00:00+00:00,short,sell - direction_change,26888.2,26787.7,15843.37,0.32,280.93
2023-05-15 01:00:00+00:00,long,buy,26787.7,,15835.44,-0.05,280.88
2023-05-15 16:39:00+00:00,long,sell - take_profit,26787.7,27591.331000000002,16302.59,2.95,283.83
2023-05-15 17:00:00+00:00,long,buy,27467.6,,16294.44,-0.05,283.78
2023-05-15 20:00:00+00:00,long,sell - direction_change,27467.6,27410.1,16252.18,-0.26,283.52
2023-05-15 20:00:00+00:00,short,buy,27410.1,,16244.06,-0.05,283.47
2023-05-15 21:00:00+00:00,short,sell - direction_change,27410.1,27338.5,16278.37,0.21,283.68
2023-05-15 21:00:00+00:00,long,buy,27338.5,,16270.23,-0.05,283.63
2023-05-15 22:00:00+00:00,long,sell - direction_change,27338.5,27352.4,16270.36,0.0,283.63
2023-05-15 22:00:00+00:00,short,buy,27352.4,,16262.23,-0.05,283.58
2023-05-17 00:00:00+00:00,short,sell - direction_change,27352.4,27024.7,16448.93,1.15,284.73
2023-05-17 00:00:00+00:00,long,buy,27024.7,,16440.71,-0.05,284.68
2023-05-17 02:00:00+00:00,long,sell - direction_change,27024.7,27160.1,16514.86,0.45,285.13
2023-05-17 02:00:00+00:00,short,buy,27160.1,,16506.6,-0.05,285.08
2023-05-17 03:00:00+00:00,short,sell - direction_change,27160.1,27051.4,16564.41,0.35,285.43
2023-05-17 03:00:00+00:00,long,buy,27051.4,,16556.13,-0.05,285.38
2023-05-17 05:00:00+00:00,long,sell - direction_change,27051.4,27059.1,16552.56,-0.02,285.36
2023-05-17 05:00:00+00:00,short,buy,27059.1,,16544.28,-0.05,285.31
2023-05-17 17:00:00+00:00,short,sell - direction_change,27059.1,26891.7,16638.36,0.57,285.88
2023-05-17 17:00:00+00:00,long,buy,26891.7,,16630.04,-0.05,285.83
2023-05-18 06:00:00+00:00,long,sell - direction_change,26891.7,27211.2,16819.31,1.14,286.97
2023-05-18 06:00:00+00:00,short,buy,27211.2,,16810.9,-0.05,286.92
2023-05-18 07:00:00+00:00,short,sell - direction_change,27211.2,27196.5,16811.58,0.0,286.92
2023-05-18 07:00:00+00:00,long,buy,27196.5,,16803.17,-0.05,286.87
2023-05-18 12:00:00+00:00,long,sell - direction_change,27196.5,27391.8,16915.43,0.67,287.54
2023-05-18 12:00:00+00:00,short,buy,27391.8,,16906.98,-0.05,287.49
2023-05-18 17:55:00+00:00,short,sell - take_profit,27391.8,26570.046,17405.73,2.95,290.44
2023-05-18 18:00:00+00:00,short,buy,26475.1,,17397.03,-0.05,290.39
2023-05-18 19:34:00+00:00,short,sell - stop_loss,26475.1,26739.851,17214.36,-1.05,289.34
2023-05-18 20:00:00+00:00,short,buy,26719.3,,17205.75,-0.05,289.29
2023-05-18 21:38:00+00:00,short,sell - stop_loss,26719.3,26986.493,17025.09,-1.05,288.24
2023-05-18 22:00:00+00:00,short,buy,26901.5,,17016.58,-0.05,288.19
2023-05-19 06:00:00+00:00,short,sell - direction_change,26901.5,26864.1,17031.73,0.09,288.28
2023-05-19 06:00:00+00:00,long,buy,26864.1,,17023.21,-0.05,288.23
2023-05-19 07:00:00+00:00,long,sell - direction_change,26864.1,26891.0,17031.75,0.05,288.28
2023-05-19 07:00:00+00:00,short,buy,26891.0,,17023.23,-0.05,288.23
2023-05-19 12:00:00+00:00,short,sell - direction_change,26891.0,26843.8,17044.6,0.13,288.35
2023-05-19 12:00:00+00:00,long,buy,26843.8,,17036.08,-0.05,288.3
2023-05-19 14:00:00+00:00,long,sell - direction_change,26843.8,26852.9,17033.33,-0.02,288.29
2023-05-19 14:00:00+00:00,short,buy,26852.9,,17024.82,-0.05,288.24
2023-05-19 15:00:00+00:00,short,sell - direction_change,26852.9,26826.0,17033.36,0.05,288.29
2023-05-19 15:00:00+00:00,long,buy,26826.0,,17024.84,-0.05,288.24
2023-05-19 16:00:00+00:00,long,sell - direction_change,26826.0,26870.0,17044.26,0.11,288.35
2023-05-19 16:00:00+00:00,short,buy,26870.0,,17035.73,-0.05,288.3
2023-05-19 17:00:00+00:00,short,sell - direction_change,26870.0,26822.5,17057.33,0.13,288.43
2023-05-19 17:00:00+00:00,long,buy,26822.5,,17048.8,-0.05,288.38
2023-05-19 19:00:00+00:00,long,sell - direction_change,26822.5,26876.7,17074.73,0.15,288.53
2023-05-19 19:00:00+00:00,short,buy,26876.7,,17066.19,-0.05,288.48
2023-05-19 21:00:00+00:00,short,sell - direction_change,26876.7,26819.8,17093.79,0.16,288.64
2023-05-19 21:00:00+00:00,long,buy,26819.8,,17085.24,-0.05,288.59
2023-05-20 00:00:00+00:00,long,sell - direction_change,26819.8,26870.1,17108.74,0.14,288.73
2023-05-20 00:00:00+00:00,short,buy,26870.1,,17100.19,-0.05,288.68
2023-05-20 08:00:00+00:00,short,sell - direction_change,26870.1,26841.9,17109.58,0.05,288.74
2023-05-20 08:00:00+00:00,long,buy,26841.9,,17101.03,-0.05,288.69
2023-05-21 08:00:00+00:00,long,sell - direction_change,26841.9,27044.6,17221.62,0.71,289.39
2023-05-21 08:00:00+00:00,short,buy,27044.6,,17213.01,-0.05,289.34
2023-05-22 07:00:00+00:00,short,sell - direction_change,27044.6,26809.7,17353.91,0.82,290.16
2023-05-22 07:00:00+00:00,long,buy,26809.7,,17345.23,-0.05,290.11
2023-05-22 12:00:00+00:00,long,sell - direction_change,26809.7,26819.9,17343.16,-0.01,290.1
2023-05-22 12:00:00+00:00,short,buy,26819.9,,17334.49,-0.05,290.05
2023-05-22 13:00:00+00:00,short,sell - direction_change,26819.9,26718.0,17391.68,0.33,290.38
2023-05-22 13:00:00+00:00,long,buy,26718.0,,17382.98,-0.05,290.33
2023-05-23 00:00:00+00:00,long,sell - direction_change,26718.0,26840.2,17453.8,0.41,290.74
2023-05-23 00:00:00+00:00,short,buy,26840.2,,17445.07,-0.05,290.69
2023-05-23 01:00:00+00:00,short,sell - direction_change,26840.2,26815.4,17452.47,0.04,290.73
2023-05-23 01:00:00+00:00,long,buy,26815.4,,17443.74,-0.05,290.68
2023-05-23 16:00:00+00:00,long,sell - direction_change,26815.4,27310.8,17757.28,1.8,292.47
2023-05-23 16:00:00+00:00,short,buy,27310.8,,17748.4,-0.05,292.42
2023-05-24 13:50:00+00:00,short,sell - take_profit,27310.8,26491.476,18271.98,2.95,295.37
2023-05-24 14:00:00+00:00,short,buy,26432.0,,18262.85,-0.05,295.32
2023-05-25 11:00:00+00:00,short,sell - direction_change,26432.0,26238.1,18387.69,0.68,296.01
2023-05-25 11:00:00+00:00,long,buy,26238.1,,18378.49,-0.05,295.96
2023-05-25 15:00:00+00:00,long,sell - direction_change,26238.1,26357.8,18453.15,0.41,296.36
2023-05-25 15:00:00+00:00,short,buy,26357.8,,18443.92,-0.05,296.31
2023-05-25 16:00:00+00:00,short,sell - direction_change,26357.8,26216.9,18533.29,0.48,296.8
2023-05-25 16:00:00+00:00,long,buy,26216.9,,18524.03,-0.05,296.75
2023-05-26 05:00:00+00:00,long,sell - direction_change,26216.9,26420.1,18658.34,0.73,297.47
2023-05-26 05:00:00+00:00,short,buy,26420.1,,18649.01,-0.05,297.42
2023-05-26 07:00:00+00:00,short,sell - direction_change,26420.1,26424.0,18636.93,-0.06,297.36
2023-05-26 07:00:00+00:00,long,buy,26424.0,,18627.61,-0.05,297.31
2023-05-27 00:00:00+00:00,long,sell - direction_change,26424.0,26689.8,18805.68,0.96,298.27
2023-05-27 00:00:00+00:00,short,buy,26689.8,,18796.27,-0.05,298.22
2023-05-27 01:00:00+00:00,short,sell - direction_change,26689.8,26644.1,18819.06,0.12,298.34
2023-05-27 01:00:00+00:00,long,buy,26644.1,,18809.65,-0.05,298.29
2023-05-27 05:00:00+00:00,long,sell - direction_change,26644.1,26746.7,18872.68,0.34,298.62
2023-05-27 05:00:00+00:00,short,buy,26746.7,,18863.24,-0.05,298.57
2023-05-27 06:00:00+00:00,short,sell - direction_change,26746.7,26714.9,18876.24,0.07,298.64
2023-05-27 06:00:00+00:00,long,buy,26714.9,,18866.8,-0.05,298.59
2023-05-27 08:00:00+00:00,long,sell - direction_change,26714.9,26715.2,18857.58,-0.05,298.54
2023-05-27 08:00:00+00:00,short,buy,26715.2,,18848.15,-0.05,298.49
2023-05-27 17:00:00+00:00,short,sell - direction_change,26715.2,26654.1,18881.83,0.18,298.67
2023-05-27 17:00:00+00:00,long,buy,26654.1,,18872.39,-0.05,298.62
2023-05-27 18:00:00+00:00,long,sell - direction_change,26654.1,26750.1,18930.93,0.31,298.93
2023-05-27 18:00:00+00:00,short,buy,26750.1,,18921.46,-0.05,298.88
2023-05-27 20:00:00+00:00,short,sell - direction_change,26750.1,26721.7,18932.09,0.06,298.94
2023-05-27 20:00:00+00:00,long,buy,26721.7,,18922.62,-0.05,298.89
2023-05-28 18:22:00+00:00,long,sell - take_profit,26721.7,27523.351000000002,19480.84,2.95,301.84
2023-05-28 19:00:00+00:00,long,buy,27577.3,,19471.1,-0.05,301.79
2023-05-29 00:20:00+00:00,long,sell - take_profit,27577.3,28404.619,20045.5,2.95,304.74
2023-05-29 01:00:00+00:00,long,buy,28188.6,,20035.47,-0.05,304.69
2023-05-29 03:54:00+00:00,long,sell - stop_loss,28188.6,27906.714,19825.1,-1.05,303.64
2023-05-29 04:00:00+00:00,long,buy,27948.0,,19815.19,-0.05,303.59
2023-05-29 08:00:00+00:00,long,sell - direction_change,27948.0,27895.0,19767.7,-0.24,303.35
2023-05-29 08:00:00+00:00,short,buy,27895.0,,19757.82,-0.05,303.3
2023-05-30 03:00:00+00:00,short,sell - direction_change,27895.0,27770.1,19836.41,0.4,303.69
2023-05-30 03:00:00+00:00,long,buy,27770.1,,19826.49,-0.05,303.64
2023-05-30 04:00:00+00:00,long,sell - direction_change,27770.1,27815.0,19848.63,0.11,303.76
2023-05-30 04:00:00+00:00,short,buy,27815.0,,19838.71,-0.05,303.71
2023-05-30 06:00:00+00:00,short,sell - direction_change,27815.0,27741.8,19881.0,0.21,303.92
2023-05-30 06:00:00+00:00,long,buy,27741.8,,19871.06,-0.05,303.87
2023-05-30 07:00:00+00:00,long,sell - direction_change,27741.8,27785.0,19892.07,0.11,303.98
2023-05-30 07:00:00+00:00,short,buy,27785.0,,19882.12,-0.05,303.93
2023-05-30 09:00:00+00:00,short,sell - direction_change,27785.0,27770.0,19882.91,0.0,303.93
2023-05-30 09:00:00+00:00,long,buy,27770.0,,19872.97,-0.05,303.88
2023-05-30 13:00:00+00:00,long,sell - direction_change,27770.0,27887.1,19946.83,0.37,304.25
2023-05-30 13:00:00+00:00,short,buy,27887.1,,19936.86,-0.05,304.2
2023-05-30 19:00:00+00:00,short,sell - direction_change,27887.1,27750.2,20024.76,0.44,304.64
2023-05-30 19:00:00+00:00,long,buy,27750.2,,20014.75,-0.05,304.59
2023-05-30 20:00:00+00:00,long,sell - direction_change,27750.2,27836.4,20066.92,0.26,304.85
2023-05-30 20:00:00+00:00,short,buy,27836.4,,20056.88,-0.05,304.8
2023-05-31 06:01:00+00:00,short,sell - take_profit,27836.4,27001.308,20648.56,2.95,307.75
2023-05-31 07:00:00+00:00,short,buy,27150.0,,20638.24,-0.05,307.7
2023-05-31 20:00:00+00:00,short,sell - direction_change,27150.0,26999.5,20742.32,0.5,308.21
2023-05-31 20:00:00+00:00,long,buy,26999.5,,20731.95,-0.05,308.16
2023-05-31 21:00:00+00:00,long,sell - direction_change,26999.5,27096.9,20796.37,0.31,308.47
2023-05-31 21:00:00+00:00,short,buy,27096.9,,20785.97,-0.05,308.42
2023-05-31 22:00:00+00:00,short,sell - direction_change,27096.9,27081.9,20787.09,0.01,308.42
2023-05-31 22:00:00+00:00,long,buy,27081.9,,20776.69,-0.05,308.37
2023-06-01 02:00:00+00:00,long,sell - direction_change,27081.9,27065.5,20753.72,-0.11,308.26
2023-06-01 02:00:00+00:00,short,buy,27065.5,,20743.35,-0.05,308.21
2023-06-01 14:00:00+00:00,short,sell - direction_change,27065.5,26881.8,20873.77,0.63,308.84
2023-06-01 14:00:00+00:00,long,buy,26881.8,,20863.33,-0.05,308.79
2023-06-01 19:00:00+00:00,long,sell - direction_change,26881.8,26960.4,20913.9,0.24,309.03
2023-06-01 19:00:00+00:00,short,buy,26960.4,,20903.44,-0.05,308.98
2023-06-02 02:00:00+00:00,short,sell - direction_change,26960.4,26805.6,21013.01,0.52,309.51
2023-06-02 02:00:00+00:00,long,buy,26805.6,,21002.51,-0.05,309.46
2023-06-02 13:00:00+00:00,long,sell - direction_change,26805.6,27084.6,21210.61,0.99,310.45
2023-06-02 13:00:00+00:00,short,buy,27084.6,,21200.0,-0.05,310.4
2023-06-02 15:00:00+00:00,short,sell - direction_change,27084.6,26952.0,21293.19,0.44,310.84
2023-06-02 15:00:00+00:00,long,buy,26952.0,,21282.54,-0.05,310.79
2023-06-03 04:00:00+00:00,long,sell - direction_change,26952.0,27130.9,21413.17,0.61,311.4
2023-06-03 04:00:00+00:00,short,buy,27130.9,,21402.46,-0.05,311.35
2023-06-03 06:00:00+00:00,short,sell - direction_change,27130.9,27149.0,21377.48,-0.12,311.24
2023-06-03 06:00:00+00:00,long,buy,27149.0,,21366.8,-0.05,311.19
2023-06-03 07:00:00+00:00,long,sell - direction_change,27149.0,27169.4,21372.17,0.03,311.21
2023-06-03 07:00:00+00:00,short,buy,27169.4,,21361.48,-0.05,311.16
2023-06-03 13:00:00+00:00,short,sell - direction_change,27169.4,27152.9,21363.77,0.01,311.17
2023-06-03 13:00:00+00:00,long,buy,27152.9,,21353.09,-0.05,311.12
2023-06-03 17:00:00+00:00,long,sell - direction_change,27152.9,27239.4,21410.44,0.27,311.39
2023-06-03 17:00:00+00:00,short,buy,27239.4,,21399.73,-0.05,311.34
2023-06-04 06:00:00+00:00,short,sell - direction_change,27239.4,27032.6,21551.5,0.71,312.05
2023-06-04 06:00:00+00:00,long,buy,27032.6,,21540.72,-0.05,312.0
2023-06-04 23:00:00+00:00,long,sell - direction_change,27032.6,27221.1,21680.16,0.65,312.65
2023-06-04 23:00:00+00:00,short,buy,27221.1,,21669.32,-0.05,312.6
2023-06-05 15:25:00+00:00,short,sell - take_profit,27221.1,26404.466999999997,22308.56,2.95,315.55
2023-06-05 16:00:00+00:00,short,buy,25991.9,,22297.41,-0.05,315.5
2023-06-06 04:00:00+00:00,short,sell - direction_change,25991.9,25719.8,22519.68,1.0,316.49
2023-06-06 04:00:00+00:00,long,buy,25719.8,,22508.42,-0.05,316.44
2023-06-06 07:00:00+00:00,long,sell - direction_change,25719.8,25752.7,22525.96,0.08,316.52
2023-06-06 07:00:00+00:00,short,buy,25752.7,,22514.7,-0.05,316.47
2023-06-06 14:00:00+00:00,short,sell - direction_change,25752.7,25720.0,22532.03,0.08,316.55
2023-06-06 14:00:00+00:00,long,buy,25720.0,,22520.76,-0.05,316.5
2023-06-06 17:18:00+00:00,long,sell - take_profit,25720.0,26491.600000000002,23185.13,2.95,319.45
2023-06-06 18:00:00+00:00,long,buy,26659.8,,23173.53,-0.05,319.4
2023-06-07 06:00:00+00:00,long,sell - direction_change,26659.8,26901.9,23372.39,0.86,320.26
2023-06-07 06:00:00+00:00,short,buy,26901.9,,23360.7,-0.05,320.21
2023-06-07 11:00:00+00:00,short,sell - direction_change,26901.9,26582.9,23626.03,1.14,321.34
2023-06-07 11:00:00+00:00,long,buy,26582.9,,23614.22,-0.05,321.29
2023-06-07 12:00:00+00:00,long,sell - direction_change,26582.9,26888.4,23873.79,1.1,322.39
2023-06-07 12:00:00+00:00,short,buy,26888.4,,23861.86,-0.05,322.34
2023-06-08 06:00:00+00:00,short,sell - direction_change,26888.4,26365.3,24314.15,1.9,324.24
2023-06-08 06:00:00+00:00,long,buy,26365.3,,24301.99,-0.05,324.19
2023-06-08 09:00:00+00:00,long,sell - direction_change,26365.3,26428.0,24347.63,0.19,324.37
2023-06-08 09:00:00+00:00,short,buy,26428.0,,24335.46,-0.05,324.32
2023-06-08 10:00:00+00:00,short,sell - direction_change,26428.0,26373.6,24373.38,0.16,324.48
2023-06-08 10:00:00+00:00,long,buy,26373.6,,24361.2,-0.05,324.43
2023-06-08 11:00:00+00:00,long,sell - direction_change,26373.6,26474.4,24442.12,0.33,324.76
2023-06-08 11:00:00+00:00,short,buy,26474.4,,24429.9,-0.05,324.71
2023-06-08 12:00:00+00:00,short,sell - direction_change,26474.4,26421.5,24466.5,0.15,324.86
2023-06-08 12:00:00+00:00,long,buy,26421.5,,24454.27,-0.05,324.81
2023-06-08 13:00:00+00:00,long,sell - direction_change,26421.5,26447.7,24466.29,0.05,324.86
2023-06-08 13:00:00+00:00,short,buy,26447.7,,24454.06,-0.05,324.81
2023-06-08 14:00:00+00:00,short,sell - direction_change,26447.7,26389.8,24495.37,0.17,324.98
2023-06-08 14:00:00+00:00,long,buy,26389.8,,24483.12,-0.05,324.93
2023-06-09 00:00:00+00:00,long,sell - direction_change,26389.8,26486.0,24560.13,0.31,325.24
2023-06-09 00:00:00+00:00,short,buy,26486.0,,24547.85,-0.05,325.19
2023-06-09 08:00:00+00:00,short,sell - direction_change,26486.0,26482.7,24538.63,-0.04,325.16
2023-06-09 08:00:00+00:00,long,buy,26482.7,,24526.36,-0.05,325.11
2023-06-09 15:00:00+00:00,long,sell - direction_change,26482.7,26580.2,24604.4,0.32,325.43
2023-06-09 15:00:00+00:00,short,buy,26580.2,,24592.09,-0.05,325.38
2023-06-10 04:26:00+00:00,short,sell - take_profit,26580.2,25782.794,25317.56,2.95,328.33
2023-06-10 05:00:00+00:00,short,buy,25753.8,,25304.9,-0.05,328.28
2023-06-10 17:00:00+00:00,short,sell - direction_change,25753.8,25580.5,25462.53,0.62,328.9
2023-06-10 17:00:00+00:00,long,buy,25580.5,,25449.8,-0.05,328.85
2023-06-10 18:00:00+00:00,long,sell - direction_change,25580.5,26010.0,25864.38,1.63,330.48
2023-06-10 18:00:00+00:00,short,buy,26010.0,,25851.45,-0.05,330.43
2023-06-10 19:00:00+00:00,short,sell - direction_change,26010.0,25529.9,26315.69,1.8,332.22
2023-06-10 19:00:00+00:00,long,buy,25529.9,,26302.54,-0.05,332.17
2023-06-11 03:00:00+00:00,long,sell - direction_change,25529.9,25756.0,26522.33,0.84,333.01
2023-06-11 03:00:00+00:00,short,buy,25756.0,,26509.07,-0.05,332.96
2023-06-11 04:00:00+00:00,short,sell - direction_change,25756.0,25714.7,26538.32,0.11,333.07
2023-06-11 04:00:00+00:00,long,buy,25714.7,,26525.05,-0.05,333.02
2023-06-11 07:00:00+00:00,long,sell - direction_change,25714.7,25776.0,26575.02,0.19,333.21
2023-06-11 07:00:00+00:00,short,buy,25776.0,,26561.73,-0.05,333.16
2023-06-11 10:00:00+00:00,short,sell - direction_change,25776.0,25697.6,26629.24,0.25,333.41
2023-06-11 10:00:00+00:00,long,buy,25697.6,,26615.93,-0.05,333.36
2023-06-11 12:00:00+00:00,long,sell - direction_change,25697.6,25784.9,26693.04,0.29,333.65
2023-06-11 12:00:00+00:00,short,buy,25784.9,,26679.69,-0.05,333.6
2023-06-11 14:00:00+00:00,short,sell - direction_change,25784.9,25693.3,26761.13,0.31,333.91
2023-06-11 14:00:00+00:00,long,buy,25693.3,,26747.75,-0.05,333.86
2023-06-11 15:00:00+00:00,long,sell - direction_change,25693.3,25748.3,26791.63,0.16,334.02
2023-06-11 15:00:00+00:00,short,buy,25748.3,,26778.24,-0.05,333.97
2023-06-11 16:00:00+00:00,short,sell - direction_change,25748.3,25741.1,26772.34,-0.02,333.95
2023-06-11 16:00:00+00:00,long,buy,25741.1,,26758.95,-0.05,333.9
2023-06-12 02:00:00+00:00,long,sell - direction_change,25741.1,25925.1,26936.85,0.66,334.56
2023-06-12 02:00:00+00:00,short,buy,25925.1,,26923.38,-0.05,334.51
2023-06-12 08:00:00+00:00,short,sell - direction_change,25925.1,25793.2,27046.89,0.46,334.97
2023-06-12 08:00:00+00:00,long,buy,25793.2,,27033.37,-0.05,334.92
2023-06-12 10:00:00+00:00,long,sell - direction_change,25793.2,25951.9,27186.18,0.57,335.49
2023-06-12 10:00:00+00:00,short,buy,25951.9,,27172.59,-0.05,335.44
2023-06-12 11:00:00+00:00,short,sell - direction_change,25951.9,25950.9,27160.05,-0.05,335.39
2023-06-12 11:00:00+00:00,long,buy,25950.9,,27146.47,-0.05,335.34
2023-06-12 13:00:00+00:00,long,sell - direction_change,25950.9,25920.1,27100.68,-0.17,335.17
2023-06-12 13:00:00+00:00,short,buy,25920.1,,27087.13,-0.05,335.12
2023-06-12 22:00:00+00:00,short,sell - direction_change,25920.1,25918.7,27075.05,-0.04,335.08
2023-06-12 22:00:00+00:00,long,buy,25918.7,,27061.51,-0.05,335.03
2023-06-13 00:00:00+00:00,long,sell - direction_change,25918.7,25894.8,27023.03,-0.14,334.89
2023-06-13 00:00:00+00:00,short,buy,25894.8,,27009.52,-0.05,334.84
2023-06-13 01:00:00+00:00,short,sell - direction_change,25894.8,25858.4,27033.98,0.09,334.93
2023-06-13 01:00:00+00:00,long,buy,25858.4,,27020.46,-0.05,334.88
2023-06-13 12:00:00+00:00,long,sell - direction_change,25858.4,26178.1,27341.02,1.19,336.06
2023-06-13 12:00:00+00:00,short,buy,26178.1,,27327.35,-0.05,336.01
2023-06-14 01:00:00+00:00,short,sell - direction_change,26178.1,25978.1,27522.46,0.71,336.73
2023-06-14 01:00:00+00:00,long,buy,25978.1,,27508.7,-0.05,336.68
2023-06-14 03:00:00+00:00,long,sell - direction_change,25978.1,26015.0,27534.02,0.09,336.77
2023-06-14 03:00:00+00:00,short,buy,26015.0,,27520.26,-0.05,336.72
2023-06-14 09:00:00+00:00,short,sell - direction_change,26015.0,25916.3,27610.91,0.33,337.05
2023-06-14 09:00:00+00:00,long,buy,25916.3,,27597.1,-0.05,337.0
2023-06-14 10:00:00+00:00,long,sell - direction_change,25916.3,25972.1,27642.72,0.17,337.16
2023-06-14 10:00:00+00:00,short,buy,25972.1,,27628.9,-0.05,337.11
2023-06-14 12:00:00+00:00,short,sell - direction_change,25972.1,25967.3,27620.19,-0.03,337.08
2023-06-14 12:00:00+00:00,long,buy,25967.3,,27606.38,-0.05,337.03
2023-06-14 18:00:00+00:00,long,sell - direction_change,25967.3,26018.0,27646.48,0.15,337.18
2023-06-14 18:00:00+00:00,short,buy,26018.0,,27632.66,-0.05,337.13
2023-06-14 20:31:00+00:00,short,sell - take_profit,26018.0,25237.46,28447.82,2.95,340.08
2023-06-14 21:00:00+00:00,short,buy,24920.1,,28433.59,-0.05,340.03
2023-06-14 21:20:00+00:00,short,sell - stop_loss,24920.1,25169.301,28135.04,-1.05,338.98
2023-06-14 22:00:00+00:00,short,buy,25104.8,,28120.97,-0.05,338.93
2023-06-15 16:00:00+00:00,short,sell - direction_change,25104.8,24948.4,28282.1,0.57,339.5
2023-06-15 16:00:00+00:00,long,buy,24948.4,,28267.96,-0.05,339.45
2023-06-15 21:16:00+00:00,long,sell - take_profit,24948.4,25696.852000000003,29101.87,2.95,342.4
2023-06-15 22:00:00+00:00,long,buy,25558.0,,29087.32,-0.05,342.35
2023-06-16 11:00:00+00:00,long,sell - direction_change,25558.0,25553.0,29067.08,-0.07,342.28
2023-06-16 11:00:00+00:00,short,buy,25553.0,,29052.55,-0.05,342.23
2023-06-16 12:00:00+00:00,short,sell - direction_change,25553.0,25462.9,29140.46,0.3,342.53
2023-06-16 12:00:00+00:00,long,buy,25462.9,,29125.89,-0.05,342.48
2023-06-16 13:00:00+00:00,long,sell - direction_change,25462.9,25555.4,29217.14,0.31,342.8
2023-06-16 13:00:00+00:00,short,buy,25555.4,,29202.53,-0.05,342.75
2023-06-16 14:00:00+00:00,short,sell - direction_change,25555.4,25482.4,29271.34,0.24,342.98
2023-06-16 14:00:00+00:00,long,buy,25482.4,,29256.71,-0.05,342.93
2023-06-16 14:46:00+00:00,long,sell - stop_loss,25482.4,25227.576,28949.51,-1.05,341.88
2023-06-16 15:00:00+00:00,long,buy,25602.1,,28935.04,-0.05,341.83
2023-06-16 18:04:00+00:00,long,sell - take_profit,25602.1,26370.163,29788.62,2.95,344.78
2023-06-16 19:00:00+00:00,long,buy,26352.0,,29773.73,-0.05,344.73
2023-06-17 15:00:00+00:00,long,sell - direction_change,26352.0,26485.6,29909.79,0.46,345.19
2023-06-17 15:00:00+00:00,short,buy,26485.6,,29894.83,-0.05,345.14
2023-06-17 21:00:00+00:00,short,sell - direction_change,26485.6,26531.4,29828.19,-0.22,344.92
2023-06-17 21:00:00+00:00,long,buy,26531.4,,29813.28,-0.05,344.87
2023-06-18 00:00:00+00:00,long,sell - direction_change,26531.4,26508.8,29772.97,-0.14,344.73
2023-06-18 00:00:00+00:00,short,buy,26508.8,,29758.09,-0.05,344.68
2023-06-18 01:00:00+00:00,short,sell - direction_change,26508.8,26444.6,29815.28,0.19,344.87
2023-06-18 01:00:00+00:00,long,buy,26444.6,,29800.37,-0.05,344.82
2023-06-18 02:00:00+00:00,long,sell - direction_change,26444.6,26483.0,29828.74,0.1,344.92
2023-06-18 02:00:00+00:00,short,buy,26483.0,,29813.83,-0.05,344.87
2023-06-18 04:00:00+00:00,short,sell - direction_change,26483.0,26538.4,29736.55,-0.26,344.61
2023-06-18 04:00:00+00:00,long,buy,26538.4,,29721.69,-0.05,344.56
2023-06-18 05:00:00+00:00,long,sell - direction_change,26538.4,26527.2,29694.28,-0.09,344.47
2023-06-18 05:00:00+00:00,short,buy,26527.2,,29679.43,-0.05,344.42
2023-06-18 06:00:00+00:00,short,sell - direction_change,26527.2,26524.4,29667.73,-0.04,344.38
2023-06-18 06:00:00+00:00,long,buy,26524.4,,29652.89,-0.05,344.33
2023-06-18 08:00:00+00:00,long,sell - direction_change,26524.4,26572.0,29691.28,0.13,344.46
2023-06-18 08:00:00+00:00,short,buy,26572.0,,29676.44,-0.05,344.41
2023-06-18 12:00:00+00:00,short,sell - direction_change,26572.0,26488.5,29754.85,0.26,344.67
2023-06-18 12:00:00+00:00,long,buy,26488.5,,29739.98,-0.05,344.62
2023-06-18 13:00:00+00:00,long,sell - direction_change,26488.5,26521.8,29762.49,0.08,344.7
2023-06-18 13:00:00+00:00,short,buy,26521.8,,29747.61,-0.05,344.65
2023-06-18 14:00:00+00:00,short,sell - direction_change,26521.8,26477.1,29782.88,0.12,344.77
2023-06-18 14:00:00+00:00,long,buy,26477.1,,29767.98,-0.05,344.72
2023-06-18 20:00:00+00:00,long,sell - direction_change,26477.1,26641.6,29938.05,0.57,345.29
2023-06-18 20:00:00+00:00,short,buy,26641.6,,29923.08,-0.05,345.24
2023-06-19 11:00:00+00:00,short,sell - direction_change,26641.6,26365.7,30218.0,0.99,346.22
2023-06-19 11:00:00+00:00,long,buy,26365.7,,30202.89,-0.05,346.17
2023-06-19 14:00:00+00:00,long,sell - direction_change,26365.7,26520.8,30365.46,0.54,346.71
2023-06-19 14:00:00+00:00,short,buy,26520.8,,30350.28,-0.05,346.66
2023-06-19 16:00:00+00:00,short,sell - direction_change,26520.8,26431.1,30437.75,0.29,346.95
2023-06-19 16:00:00+00:00,long,buy,26431.1,,30422.54,-0.05,346.9
2023-06-20 09:00:00+00:00,long,sell - direction_change,26431.1,26743.8,30767.25,1.13,348.03
2023-06-20 09:00:00+00:00,short,buy,26743.8,,30751.86,-0.05,347.98
2023-06-20 11:00:00+00:00,short,sell - direction_change,26743.8,26761.2,30716.48,-0.12,347.87
2023-06-20 11:00:00+00:00,long,buy,26761.2,,30701.12,-0.05,347.82
2023-06-20 12:00:00+00:00,long,sell - direction_change,26761.2,26895.2,30839.5,0.45,348.27
2023-06-20 12:00:00+00:00,short,buy,26895.2,,30824.08,-0.05,348.22
2023-06-20 15:00:00+00:00,short,sell - direction_change,26895.2,26763.8,30959.26,0.44,348.66
2023-06-20 15:00:00+00:00,long,buy,26763.8,,30943.78,-0.05,348.61
2023-06-20 17:45:00+00:00,long,sell - take_profit,26763.8,27566.714,31856.62,2.95,351.56
2023-06-20 18:00:00+00:00,long,buy,27784.0,,31840.7,-0.05,351.51
2023-06-21 01:03:00+00:00,long,sell - take_profit,27784.0,28617.52,32780.0,2.95,354.46
2023-06-21 02:00:00+00:00,long,buy,28776.6,,32763.61,-0.05,354.41
2023-06-21 15:16:00+00:00,long,sell - take_profit,28776.6,29639.898,33730.13,2.95,357.36
2023-06-21 16:00:00+00:00,long,buy,29836.9,,33713.27,-0.05,357.31
2023-06-21 16:29:00+00:00,long,sell - take_profit,29836.9,30732.007,34707.81,2.95,360.26
2023-06-21 17:00:00+00:00,long,buy,30163.1,,34690.45,-0.05,360.21
2023-06-21 17:11:00+00:00,long,sell - stop_loss,30163.1,29861.468999999997,34326.2,-1.05,359.16
2023-06-21 18:00:00+00:00,long,buy,30076.0,,34309.04,-0.05,359.11
2023-06-21 21:03:00+00:00,long,sell - stop_loss,30076.0,29775.239999999998,33948.8,-1.05,358.06
2023-06-21 22:00:00+00:00,long,buy,29876.4,,33931.82,-0.05,358.01
2023-06-22 08:00:00+00:00,long,sell - direction_change,29876.4,30094.5,34162.56,0.68,358.69
2023-06-22 08:00:00+00:00,short,buy,30094.5,,34145.48,-0.05,358.64
2023-06-22 09:00:00+00:00,short,sell - direction_change,30094.5,30091.4,34131.92,-0.04,358.6
2023-06-22 09:00:00+00:00,long,buy,30091.4,,34114.86,-0.05,358.55
2023-06-22 11:00:00+00:00,long,sell - direction_change,30091.4,30167.3,34183.85,0.2,358.75
2023-06-22 11:00:00+00:00,short,buy,30167.3,,34166.76,-0.05,358.7
2023-06-22 13:00:00+00:00,short,sell - direction_change,30167.3,30099.1,34226.92,0.18,358.88
2023-06-22 13:00:00+00:00,long,buy,30099.1,,34209.8,-0.05,358.83
2023-06-22 14:00:00+00:00,long,sell - direction_change,30099.1,30226.9,34337.95,0.37,359.2
2023-06-22 14:00:00+00:00,short,buy,30226.9,,34320.78,-0.05,359.15
2023-06-22 17:00:00+00:00,short,sell - direction_change,30226.9,29957.7,34609.28,0.84,359.99
2023-06-22 17:00:00+00:00,long,buy,29957.7,,34591.98,-0.05,359.94
2023-06-22 18:00:00+00:00,long,sell - direction_change,29957.7,30140.7,34785.99,0.56,360.5
2023-06-22 18:00:00+00:00,short,buy,30140.7,,34768.6,-0.05,360.45
2023-06-22 19:00:00+00:00,short,sell - direction_change,30140.7,30131.2,34762.17,-0.02,360.43
2023-06-22 19:00:00+00:00,long,buy,30131.2,,34744.79,-0.05,360.38
2023-06-22 21:00:00+00:00,long,sell - direction_change,30131.2,30143.1,34741.14,-0.01,360.37
2023-06-22 21:00:00+00:00,short,buy,30143.1,,34723.77,-0.05,360.32
2023-06-23 00:00:00+00:00,short,sell - direction_change,30143.1,29875.0,35015.25,0.84,361.16
2023-06-23 00:00:00+00:00,long,buy,29875.0,,34997.74,-0.05,361.11
2023-06-23 01:00:00+00:00,long,sell - direction_change,29875.0,30000.5,35127.26,0.37,361.48
2023-06-23 01:00:00+00:00,short,buy,30000.5,,35109.7,-0.05,361.43
2023-06-23 09:00:00+00:00,short,sell - direction_change,30000.5,29992.0,35102.09,-0.02,361.41
2023-06-23 09:00:00+00:00,long,buy,29992.0,,35084.54,-0.05,361.36
2023-06-23 15:23:00+00:00,long,sell - take_profit,29992.0,30891.760000000002,36119.54,2.95,364.31
2023-06-23 16:00:00+00:00,long,buy,31232.9,,36101.48,-0.05,364.26
2023-06-23 16:23:00+00:00,long,sell - stop_loss,31232.9,30920.571,35722.41,-1.05,363.21
2023-06-23 17:00:00+00:00,long,buy,31090.3,,35704.55,-0.05,363.16
2023-06-23 19:36:00+00:00,long,sell - stop_loss,31090.3,30779.396999999997,35329.65,-1.05,362.11
2023-06-23 20:00:00+00:00,long,buy,30873.7,,35311.99,-0.05,362.06
2023-06-23 21:48:00+00:00,long,sell - stop_loss,30873.7,30564.963,34941.21,-1.05,361.01
2023-06-23 22:00:00+00:00,long,buy,30649.6,,34923.74,-0.05,360.96
2023-06-24 01:00:00+00:00,long,sell - direction_change,30649.6,30481.6,34714.85,-0.6,360.36
2023-06-24 01:00:00+00:00,short,buy,30481.6,,34697.49,-0.05,360.31
2023-06-24 02:00:00+00:00,short,sell - direction_change,30481.6,30596.6,34549.24,-0.43,359.88
2023-06-24 02:00:00+00:00,long,buy,30596.6,,34531.96,-0.05,359.83
2023-06-24 03:00:00+00:00,long,sell - direction_change,30596.6,30743.0,34679.93,0.43,360.26
2023-06-24 03:00:00+00:00,short,buy,30743.0,,34662.59,-0.05,360.21
2023-06-24 10:00:00+00:00,short,sell - direction_change,30743.0,30616.0,34788.45,0.36,360.58
2023-06-24 10:00:00+00:00,long,buy,30616.0,,34771.05,-0.05,360.53
2023-06-24 12:00:00+00:00,long,sell - direction_change,30616.0,30674.8,34820.45,0.14,360.67
2023-06-24 12:00:00+00:00,short,buy,30674.8,,34803.04,-0.05,360.62
2023-06-25 02:00:00+00:00,short,sell - direction_change,30674.8,30591.1,34880.6,0.22,360.84
2023-06-25 02:00:00+00:00,long,buy,30591.1,,34863.16,-0.05,360.79
2023-06-25 10:00:00+00:00,long,sell - direction_change,30591.1,30674.1,34940.32,0.22,361.01
2023-06-25 10:00:00+00:00,short,buy,30674.1,,34922.85,-0.05,360.96
2023-06-25 11:00:00+00:00,short,sell - direction_change,30674.1,30609.4,34979.05,0.16,361.12
2023-06-25 11:00:00+00:00,long,buy,30609.4,,34961.56,-0.05,361.07
2023-06-25 12:00:00+00:00,long,sell - direction_change,30609.4,30710.0,35058.98,0.28,361.35
2023-06-25 12:00:00+00:00,short,buy,30710.0,,35041.45,-0.05,361.3
2023-06-26 06:00:00+00:00,short,sell - direction_change,30710.0,30208.1,35596.62,1.58,362.89
2023-06-26 06:00:00+00:00,long,buy,30208.1,,35578.83,-0.05,362.84
2023-06-26 07:00:00+00:00,long,sell - direction_change,30208.1,30474.8,35875.15,0.83,363.67
2023-06-26 07:00:00+00:00,short,buy,30474.8,,35857.21,-0.05,363.62
2023-06-26 12:00:00+00:00,short,sell - direction_change,30474.8,30315.1,36027.19,0.47,364.09
2023-06-26 12:00:00+00:00,long,buy,30315.1,,36009.18,-0.05,364.04
2023-06-26 16:00:00+00:00,long,sell - direction_change,30315.1,30400.7,36092.85,0.23,364.28
2023-06-26 16:00:00+00:00,short,buy,30400.7,,36074.81,-0.05,364.23
2023-06-27 00:00:00+00:00,short,sell - direction_change,30400.7,30260.1,36223.61,0.41,364.64
2023-06-27 00:00:00+00:00,long,buy,30260.1,,36205.5,-0.05,364.59
2023-06-27 01:00:00+00:00,long,sell - direction_change,30260.1,30341.9,36285.27,0.22,364.81
2023-06-27 01:00:00+00:00,short,buy,30341.9,,36267.13,-0.05,364.76
2023-06-27 02:00:00+00:00,short,sell - direction_change,30341.9,30363.2,36223.53,-0.12,364.64
2023-06-27 02:00:00+00:00,long,buy,30363.2,,36205.42,-0.05,364.59
2023-06-27 22:00:00+00:00,long,sell - direction_change,30363.2,30716.6,36608.72,1.11,365.7
2023-06-27 22:00:00+00:00,short,buy,30716.6,,36590.41,-0.05,365.65
2023-06-27 23:00:00+00:00,short,sell - direction_change,30716.6,30569.8,36746.99,0.43,366.08
2023-06-27 23:00:00+00:00,long,buy,30569.8,,36728.61,-0.05,366.03
2023-06-28 00:00:00+00:00,long,sell - direction_change,30569.8,30683.2,36846.5,0.32,366.35
2023-06-28 00:00:00+00:00,short,buy,30683.2,,36828.07,-0.05,366.3
2023-06-29 04:00:00+00:00,short,sell - direction_change,30683.2,30162.3,37434.88,1.65,367.95
2023-06-29 04:00:00+00:00,long,buy,30162.3,,37416.16,-0.05,367.9
2023-06-29 05:00:00+00:00,long,sell - direction_change,30162.3,30208.6,37454.89,0.1,368.0
2023-06-29 05:00:00+00:00,short,buy,30208.6,,37436.16,-0.05,367.95
2023-06-29 06:00:00+00:00,short,sell - direction_change,30208.6,30171.5,37463.42,0.07,368.02
2023-06-29 06:00:00+00:00,long,buy,30171.5,,37444.69,-0.05,367.97
2023-06-29 20:00:00+00:00,long,sell - direction_change,30171.5,30571.5,37922.39,1.28,369.25
2023-06-29 20:00:00+00:00,short,buy,30571.5,,37903.43,-0.05,369.2
2023-06-30 02:00:00+00:00,short,sell - direction_change,30571.5,30374.6,38128.6,0.59,369.79
2023-06-30 02:00:00+00:00,long,buy,30374.6,,38109.54,-0.05,369.74
2023-06-30 04:48:00+00:00,long,sell - take_profit,30374.6,31285.838,39233.77,2.95,372.69
2023-06-30 05:00:00+00:00,long,buy,30868.4,,39214.15,-0.05,372.64
2023-06-30 13:00:00+00:00,long,sell - direction_change,30868.4,31000.1,39361.85,0.38,373.02
2023-06-30 13:00:00+00:00,short,buy,31000.1,,39342.17,-0.05,372.97
2023-06-30 13:38:00+00:00,short,sell - take_profit,31000.1,30070.096999999998,40502.76,2.95,375.92
2023-06-30 14:00:00+00:00,short,buy,30118.1,,40482.51,-0.05,375.87
2023-06-30 16:42:00+00:00,short,sell - stop_loss,30118.1,30419.281,40057.44,-1.05,374.82
2023-06-30 17:00:00+00:00,short,buy,30381.6,,40037.42,-0.05,374.77
2023-06-30 17:20:00+00:00,short,sell - stop_loss,30381.6,30685.415999999997,39617.02,-1.05,373.72
2023-06-30 18:00:00+00:00,short,buy,30442.8,,39597.21,-0.05,373.67
2023-07-01 11:00:00+00:00,short,sell - direction_change,30442.8,30455.7,39560.64,-0.09,373.58
2023-07-01 11:00:00+00:00,long,buy,30455.7,,39540.86,-0.05,373.53
2023-07-02 01:00:00+00:00,long,sell - direction_change,30455.7,30568.0,39666.89,0.32,373.85
2023-07-02 01:00:00+00:00,short,buy,30568.0,,39647.05,-0.05,373.8
2023-07-02 14:00:00+00:00,short,sell - direction_change,30568.0,30510.1,39702.33,0.14,373.94
2023-07-02 14:00:00+00:00,long,buy,30510.1,,39682.48,-0.05,373.89
2023-07-02 15:00:00+00:00,long,sell - direction_change,30510.1,30586.5,39762.0,0.2,374.09
2023-07-02 15:00:00+00:00,short,buy,30586.5,,39742.12,-0.05,374.04
2023-07-02 16:00:00+00:00,short,sell - direction_change,30586.5,30491.4,39845.82,0.26,374.3
2023-07-02 16:00:00+00:00,long,buy,30491.4,,39825.89,-0.05,374.25
2023-07-02 17:00:00+00:00,long,sell - direction_change,30491.4,30558.4,39893.49,0.17,374.42
2023-07-02 17:00:00+00:00,short,buy,30558.4,,39873.55,-0.05,374.37
2023-07-02 19:00:00+00:00,short,sell - direction_change,30558.4,30519.9,39903.84,0.08,374.44
2023-07-02 19:00:00+00:00,long,buy,30519.9,,39883.89,-0.05,374.39
2023-07-03 08:00:00+00:00,long,sell - direction_change,30519.9,30662.9,40050.83,0.42,374.81
2023-07-03 08:00:00+00:00,short,buy,30662.9,,40030.8,-0.05,374.76
2023-07-03 10:00:00+00:00,short,sell - direction_change,30662.9,30605.6,40085.59,0.14,374.9
2023-07-03 10:00:00+00:00,long,buy,30605.6,,40065.55,-0.05,374.85
2023-07-03 11:00:00+00:00,long,sell - direction_change,30605.6,30637.5,40087.28,0.05,374.9
2023-07-03 11:00:00+00:00,short,buy,30637.5,,40067.23,-0.05,374.85
2023-07-03 14:00:00+00:00,short,sell - direction_change,30637.5,30643.9,40038.83,-0.07,374.78
2023-07-03 14:00:00+00:00,long,buy,30643.9,,40018.81,-0.05,374.73
2023-07-04 04:00:00+00:00,long,sell - direction_change,30643.9,31189.8,40711.71,1.73,376.46
2023-07-04 04:00:00+00:00,short,buy,31189.8,,40691.35,-0.05,376.41
2023-07-05 12:08:00+00:00,short,sell - take_profit,31189.8,30254.106,41891.75,2.95,379.36
2023-07-05 13:00:00+00:00,short,buy,30309.9,,41870.8,-0.05,379.31
2023-07-05 23:00:00+00:00,short,sell - direction_change,30309.9,30430.3,41683.54,-0.45,378.87
2023-07-05 23:00:00+00:00,long,buy,30430.3,,41662.7,-0.05,378.82
2023-07-06 00:00:00+00:00,long,sell - direction_change,30430.3,30488.4,41721.41,0.14,378.96
2023-07-06 00:00:00+00:00,short,buy,30488.4,,41700.55,-0.05,378.91
2023-07-06 01:00:00+00:00,short,sell - direction_change,30488.4,30403.6,41795.69,0.23,379.14
2023-07-06 01:00:00+00:00,long,buy,30403.6,,41774.79,-0.05,379.09
2023-07-06 03:00:00+00:00,long,sell - direction_change,30403.6,30459.0,41830.02,0.13,379.22
2023-07-06 03:00:00+00:00,short,buy,30459.0,,41809.11,-0.05,379.17
2023-07-06 05:00:00+00:00,short,sell - direction_change,30459.0,30452.6,41796.99,-0.03,379.14
2023-07-06 05:00:00+00:00,long,buy,30452.6,,41776.09,-0.05,379.09
2023-07-06 09:00:00+00:00,long,sell - take_profit,30452.6,31366.178,43008.48,2.95,382.04
2023-07-06 10:00:00+00:00,long,buy,31064.8,,42986.98,-0.05,381.99
2023-07-06 11:57:00+00:00,long,sell - stop_loss,31064.8,30754.152,42535.62,-1.05,380.94
2023-07-06 12:00:00+00:00,long,buy,30833.0,,42514.35,-0.05,380.89
2023-07-06 12:34:00+00:00,long,sell - stop_loss,30833.0,30524.67,42067.95,-1.05,379.84
2023-07-06 13:00:00+00:00,short,buy,30588.6,,42046.91,-0.05,379.79
2023-07-07 09:00:00+00:00,short,sell - direction_change,30588.6,30039.2,42781.09,1.75,381.54
2023-07-07 09:00:00+00:00,long,buy,30039.2,,42759.7,-0.05,381.49
2023-07-08 05:00:00+00:00,long,sell - direction_change,30039.2,30227.0,43005.65,0.58,382.06
2023-07-08 05:00:00+00:00,short,buy,30227.0,,42984.15,-0.05,382.01
2023-07-08 16:00:00+00:00,short,sell - direction_change,30227.0,30196.8,43005.6,0.05,382.06
2023-07-08 16:00:00+00:00,long,buy,30196.8,,42984.1,-0.05,382.01
2023-07-08 18:00:00+00:00,long,sell - direction_change,30196.8,30240.8,43025.24,0.1,382.11
2023-07-08 18:00:00+00:00,short,buy,30240.8,,43003.72,-0.05,382.06
2023-07-08 22:00:00+00:00,short,sell - direction_change,30240.8,30173.1,43078.5,0.17,382.23
2023-07-08 22:00:00+00:00,long,buy,30173.1,,43056.96,-0.05,382.18
2023-07-09 11:00:00+00:00,long,sell - direction_change,30173.1,30250.1,43145.31,0.21,382.39
2023-07-09 11:00:00+00:00,short,buy,30250.1,,43123.73,-0.05,382.34
2023-07-09 12:00:00+00:00,short,sell - direction_change,30250.1,30257.2,43092.05,-0.07,382.26
2023-07-09 12:00:00+00:00,long,buy,30257.2,,43070.5,-0.05,382.21
2023-07-09 13:00:00+00:00,long,sell - direction_change,30257.2,30320.0,43138.36,0.16,382.37
2023-07-09 13:00:00+00:00,short,buy,30320.0,,43116.79,-0.05,382.32
2023-07-09 14:00:00+00:00,short,sell - direction_change,30320.0,30247.9,43197.77,0.19,382.51
2023-07-09 14:00:00+00:00,long,buy,30247.9,,43176.17,-0.05,382.46
2023-07-09 18:00:00+00:00,long,sell - direction_change,30247.9,30279.8,43200.11,0.06,382.51
2023-07-09 18:00:00+00:00,short,buy,30279.8,,43178.51,-0.05,382.46
2023-07-10 10:00:00+00:00,short,sell - direction_change,30279.8,30127.2,43374.53,0.45,382.92
2023-07-10 10:00:00+00:00,long,buy,30127.2,,43352.84,-0.05,382.87
2023-07-10 12:00:00+00:00,long,sell - direction_change,30127.2,30221.6,43467.01,0.26,383.13
2023-07-10 12:00:00+00:00,short,buy,30221.6,,43445.27,-0.05,383.08
2023-07-10 13:00:00+00:00,short,sell - direction_change,30221.6,30147.1,43530.65,0.2,383.28
2023-07-10 13:00:00+00:00,long,buy,30147.1,,43508.88,-0.05,383.23
2023-07-11 04:00:00+00:00,long,sell - direction_change,30147.1,30460.9,43940.01,0.99,384.22
2023-07-11 04:00:00+00:00,short,buy,30460.9,,43918.04,-0.05,384.17
2023-07-11 06:00:00+00:00,short,sell - direction_change,30460.9,30443.9,43920.59,0.01,384.17
2023-07-11 06:00:00+00:00,long,buy,30443.9,,43898.63,-0.05,384.12
2023-07-11 10:00:00+00:00,long,sell - direction_change,30443.9,30435.4,43864.43,-0.08,384.05
2023-07-11 10:00:00+00:00,short,buy,30435.4,,43842.49,-0.05,384.0
2023-07-11 14:00:00+00:00,short,sell - direction_change,30435.4,30435.3,43820.72,-0.05,383.95
2023-07-11 14:00:00+00:00,long,buy,30435.3,,43798.81,-0.05,383.9
2023-07-11 18:00:00+00:00,long,sell - direction_change,30435.3,30565.4,43964.13,0.38,384.27
2023-07-11 18:00:00+00:00,short,buy,30565.4,,43942.15,-0.05,384.22
2023-07-11 19:00:00+00:00,short,sell - direction_change,30565.4,30461.5,44069.55,0.29,384.51
2023-07-11 19:00:00+00:00,long,buy,30461.5,,44047.51,-0.05,384.46
2023-07-12 00:00:00+00:00,long,sell - direction_change,30461.5,30608.3,44237.76,0.43,384.9
2023-07-12 00:00:00+00:00,short,buy,30608.3,,44215.65,-0.05,384.85
2023-07-12 02:00:00+00:00,short,sell - direction_change,30608.3,30518.9,44322.68,0.24,385.09
2023-07-12 02:00:00+00:00,long,buy,30518.9,,44300.52,-0.05,385.04
2023-07-12 15:00:00+00:00,long,sell - direction_change,30518.9,30725.4,44578.12,0.63,385.66
2023-07-12 15:00:00+00:00,short,buy,30725.4,,44555.83,-0.05,385.61
2023-07-13 08:00:00+00:00,short,sell - direction_change,30725.4,30355.1,45070.54,1.16,386.77
2023-07-13 08:00:00+00:00,long,buy,30355.1,,45048.0,-0.05,386.72
2023-07-13 18:07:00+00:00,long,sell - take_profit,30355.1,31265.753,46376.92,2.95,389.67
2023-07-13 19:00:00+00:00,long,buy,31247.8,,46353.73,-0.05,389.62
2023-07-14 06:00:00+00:00,long,sell - direction_change,31247.8,31354.2,46488.39,0.29,389.91
2023-07-14 06:00:00+00:00,short,buy,31354.2,,46465.14,-0.05,389.86
2023-07-14 18:25:00+00:00,short,sell - take_profit,31354.2,30413.574,47835.87,2.95,392.81
2023-07-14 19:00:00+00:00,short,buy,30074.6,,47811.95,-0.05,392.76
2023-07-15 01:42:00+00:00,short,sell - stop_loss,30074.6,30375.345999999998,47309.92,-1.05,391.71
2023-07-15 02:00:00+00:00,short,buy,30323.0,,47286.27,-0.05,391.66
2023-07-15 09:00:00+00:00,short,sell - direction_change,30323.0,30301.5,47296.15,0.02,391.68
2023-07-15 09:00:00+00:00,long,buy,30301.5,,47272.5,-0.05,391.63
2023-07-15 10:00:00+00:00,long,sell - direction_change,30301.5,30334.6,47300.51,0.06,391.69
2023-07-15 10:00:00+00:00,short,buy,30334.6,,47276.86,-0.05,391.64
2023-07-15 12:00:00+00:00,short,sell - direction_change,30334.6,30298.5,47309.48,0.07,391.71
2023-07-15 12:00:00+00:00,long,buy,30298.5,,47285.83,-0.05,391.66
2023-07-15 13:00:00+00:00,long,sell - direction_change,30298.5,30334.3,47318.05,0.07,391.73
2023-07-15 13:00:00+00:00,short,buy,30334.3,,47294.4,-0.05,391.68
2023-07-15 15:00:00+00:00,short,sell - direction_change,30334.3,30272.0,47367.88,0.16,391.83
2023-07-15 15:00:00+00:00,long,buy,30272.0,,47344.2,-0.05,391.78
2023-07-15 16:00:00+00:00,long,sell - direction_change,30272.0,30290.4,47349.3,0.01,391.79
2023-07-15 16:00:00+00:00,short,buy,30290.4,,47325.63,-0.05,391.74
2023-07-15 19:00:00+00:00,short,sell - direction_change,30290.4,30301.1,47285.25,-0.09,391.66
2023-07-15 19:00:00+00:00,long,buy,30301.1,,47261.6,-0.05,391.61
2023-07-15 20:00:00+00:00,long,sell - direction_change,30301.1,30309.7,47251.39,-0.02,391.59
2023-07-15 20:00:00+00:00,short,buy,30309.7,,47227.76,-0.05,391.54
2023-07-16 08:00:00+00:00,short,sell - direction_change,30309.7,30253.0,47292.5,0.14,391.67
2023-07-16 08:00:00+00:00,long,buy,30253.0,,47268.85,-0.05,391.62
2023-07-16 10:00:00+00:00,long,sell - direction_change,30253.0,30289.9,47302.87,0.07,391.69
2023-07-16 10:00:00+00:00,short,buy,30289.9,,47279.22,-0.05,391.64
2023-07-16 11:00:00+00:00,short,sell - direction_change,30289.9,30273.5,47281.18,0.0,391.65
2023-07-16 11:00:00+00:00,long,buy,30273.5,,47257.54,-0.05,391.6
2023-07-16 18:00:00+00:00,long,sell - direction_change,30273.5,30365.5,47377.52,0.25,391.85
2023-07-16 18:00:00+00:00,short,buy,30365.5,,47353.83,-0.05,391.8
2023-07-16 22:00:00+00:00,short,sell - direction_change,30365.5,30274.9,47471.44,0.25,392.05
2023-07-16 22:00:00+00:00,long,buy,30274.9,,47447.71,-0.05,392.0
2023-07-16 23:00:00+00:00,long,sell - direction_change,30274.9,30309.5,47478.21,0.06,392.07
2023-07-16 23:00:00+00:00,short,buy,30309.5,,47454.47,-0.05,392.02
2023-07-17 21:00:00+00:00,short,sell - direction_change,30309.5,29907.1,48060.77,1.28,393.29
2023-07-17 21:00:00+00:00,long,buy,29907.1,,48036.74,-0.05,393.24
2023-07-17 22:00:00+00:00,long,sell - direction_change,29907.1,30229.9,48531.2,1.03,394.27
2023-07-17 22:00:00+00:00,short,buy,30229.9,,48506.93,-0.05,394.22
2023-07-18 01:00:00+00:00,short,sell - direction_change,30229.9,30150.4,48610.24,0.21,394.44
2023-07-18 01:00:00+00:00,long,buy,30150.4,,48585.94,-0.05,394.39
2023-07-18 02:00:00+00:00,long,sell - direction_change,30150.4,30198.4,48639.0,0.11,394.49
2023-07-18 02:00:00+00:00,short,buy,30198.4,,48614.68,-0.05,394.44
2023-07-18 04:00:00+00:00,short,sell - direction_change,30198.4,30063.8,48807.05,0.4,394.84
2023-07-18 04:00:00+00:00,long,buy,30063.8,,48782.65,-0.05,394.79
2023-07-18 06:00:00+00:00,long,sell - direction_change,30063.8,30040.5,48720.45,-0.13,394.66
2023-07-18 06:00:00+00:00,short,buy,30040.5,,48696.09,-0.05,394.61
2023-07-18 23:00:00+00:00,short,sell - direction_change,30040.5,29808.6,49047.66,0.72,395.34
2023-07-18 23:00:00+00:00,long,buy,29808.6,,49023.13,-0.05,395.29
2023-07-19 12:00:00+00:00,long,sell - direction_change,29808.6,30004.7,49321.13,0.61,395.89
2023-07-19 12:00:00+00:00,short,buy,30004.7,,49296.47,-0.05,395.84
2023-07-19 18:00:00+00:00,short,sell - direction_change,30004.7,29980.0,49312.4,0.03,395.88
2023-07-19 18:00:00+00:00,long,buy,29980.0,,49287.74,-0.05,395.83
2023-07-19 21:00:00+00:00,long,sell - direction_change,29980.0,29951.1,49215.59,-0.15,395.68
2023-07-19 21:00:00+00:00,short,buy,29951.1,,49190.98,-0.05,395.63
2023-07-20 00:00:00+00:00,short,sell - direction_change,29951.1,29895.5,49257.7,0.14,395.76
2023-07-20 00:00:00+00:00,long,buy,29895.5,,49233.07,-0.05,395.71
2023-07-20 03:00:00+00:00,long,sell - direction_change,29895.5,29969.1,49329.66,0.2,395.91
2023-07-20 03:00:00+00:00,short,buy,29969.1,,49305.0,-0.05,395.86
2023-07-20 05:00:00+00:00,short,sell - direction_change,29969.1,29948.4,49314.4,0.02,395.88
2023-07-20 05:00:00+00:00,long,buy,29948.4,,49289.74,-0.05,395.83
2023-07-20 14:00:00+00:00,long,sell - direction_change,29948.4,30215.9,49705.36,0.84,396.67
2023-07-20 14:00:00+00:00,short,buy,30215.9,,49680.5,-0.05,396.62
2023-07-21 03:00:00+00:00,short,sell - direction_change,30215.9,29891.1,50189.69,1.02,397.65
2023-07-21 03:00:00+00:00,long,buy,29891.1,,50164.6,-0.05,397.6
2023-07-21 05:00:00+00:00,long,sell - direction_change,29891.1,29848.1,50067.35,-0.19,397.4
2023-07-21 05:00:00+00:00,short,buy,29848.1,,50042.32,-0.05,397.35
2023-07-21 06:00:00+00:00,short,sell - direction_change,29848.1,29806.3,50087.38,0.09,397.44
2023-07-21 06:00:00+00:00,long,buy,29806.3,,50062.33,-0.05,397.39
2023-07-21 07:00:00+00:00,long,sell - direction_change,29806.3,29839.0,50092.23,0.06,397.45
2023-07-21 07:00:00+00:00,short,buy,29839.0,,50067.18,-0.05,397.4
2023-07-21 14:00:00+00:00,short,sell - direction_change,29839.0,29799.4,50108.59,0.08,397.49
2023-07-21 14:00:00+00:00,long,buy,29799.4,,50083.54,-0.05,397.44
2023-07-21 16:00:00+00:00,long,sell - direction_change,29799.4,29852.0,50146.9,0.13,397.56
2023-07-21 16:00:00+00:00,short,buy,29852.0,,50121.83,-0.05,397.51
2023-07-21 17:00:00+00:00,short,sell - direction_change,29852.0,29811.8,50164.26,0.08,397.6
2023-07-21 17:00:00+00:00,long,buy,29811.8,,50139.18,-0.05,397.55
2023-07-22 05:00:00+00:00,long,sell - direction_change,29811.8,29870.9,50213.51,0.15,397.7
2023-07-22 05:00:00+00:00,short,buy,29870.9,,50188.4,-0.05,397.65
2023-07-22 06:00:00+00:00,short,sell - direction_change,29870.9,29853.3,50192.88,0.01,397.65
2023-07-22 06:00:00+00:00,long,buy,29853.3,,50167.78,-0.05,397.6
2023-07-22 10:00:00+00:00,long,sell - direction_change,29853.3,29921.0,50256.46,0.18,397.78
2023-07-22 10:00:00+00:00,short,buy,29921.0,,50231.34,-0.05,397.73
2023-07-23 02:00:00+00:00,short,sell - direction_change,29921.0,29817.2,50380.48,0.3,398.03
2023-07-23 02:00:00+00:00,long,buy,29817.2,,50355.29,-0.05,397.98
2023-07-23 03:00:00+00:00,long,sell - direction_change,29817.2,29874.2,50426.37,0.14,398.12
2023-07-23 03:00:00+00:00,short,buy,29874.2,,50401.16,-0.05,398.07
2023-07-23 04:00:00+00:00,short,sell - direction_change,29874.2,29832.5,50446.31,0.09,398.16
2023-07-23 04:00:00+00:00,long,buy,29832.5,,50421.09,-0.05,398.11
2023-07-24 01:00:00+00:00,long,sell - direction_change,29832.5,30000.9,50680.5,0.51,398.62
2023-07-24 01:00:00+00:00,short,buy,30000.9,,50655.16,-0.05,398.57
2023-07-24 09:50:00+00:00,short,sell - take_profit,30000.9,29100.873,52149.49,2.95,401.52
2023-07-24 10:00:00+00:00,short,buy,29162.0,,52123.41,-0.05,401.47
2023-07-25 02:00:00+00:00,short,sell - direction_change,29162.0,29070.1,52261.61,0.27,401.74
2023-07-25 02:00:00+00:00,long,buy,29070.1,,52235.48,-0.05,401.69
2023-07-25 04:00:00+00:00,long,sell - direction_change,29070.1,29099.6,52262.37,0.05,401.74
2023-07-25 04:00:00+00:00,short,buy,29099.6,,52236.24,-0.05,401.69
2023-07-25 05:00:00+00:00,short,sell - direction_change,29099.6,29080.0,52245.3,0.02,401.71
2023-07-25 05:00:00+00:00,long,buy,29080.0,,52219.18,-0.05,401.66
2023-07-25 06:00:00+00:00,long,sell - direction_change,29080.0,29110.7,52248.2,0.06,401.71
2023-07-25 06:00:00+00:00,short,buy,29110.7,,52222.07,-0.05,401.66
2023-07-25 08:00:00+00:00,short,sell - direction_change,29110.7,29132.3,52157.22,-0.12,401.54
2023-07-25 08:00:00+00:00,long,buy,29132.3,,52131.14,-0.05,401.49
2023-07-25 09:00:00+00:00,long,sell - direction_change,29132.3,29177.0,52185.06,0.1,401.59
2023-07-25 09:00:00+00:00,short,buy,29177.0,,52158.97,-0.05,401.54
2023-07-25 10:00:00+00:00,short,sell - direction_change,29177.0,29154.0,52174.0,0.03,401.57
2023-07-25 10:00:00+00:00,long,buy,29154.0,,52147.92,-0.05,401.52
2023-07-25 11:00:00+00:00,long,sell - direction_change,29154.0,29151.7,52117.73,-0.06,401.46
2023-07-25 11:00:00+00:00,short,buy,29151.7,,52091.67,-0.05,401.41
2023-07-25 13:00:00+00:00,short,sell - direction_change,29151.7,29108.8,52142.28,0.1,401.51
2023-07-25 13:00:00+00:00,long,buy,29108.8,,52116.21,-0.05,401.46
2023-07-26 00:00:00+00:00,long,sell - direction_change,29108.8,29216.2,52282.44,0.32,401.78
2023-07-26 00:00:00+00:00,short,buy,29216.2,,52256.3,-0.05,401.73
2023-07-26 02:00:00+00:00,short,sell - direction_change,29216.2,29121.1,52400.27,0.28,402.01
2023-07-26 02:00:00+00:00,long,buy,29121.1,,52374.07,-0.05,401.96
2023-07-26 04:00:00+00:00,long,sell - direction_change,29121.1,29228.1,52540.32,0.32,402.27
2023-07-26 04:00:00+00:00,short,buy,29228.1,,52514.05,-0.05,402.22
2023-07-26 05:00:00+00:00,short,sell - direction_change,29228.1,29185.9,52563.61,0.09,402.32
2023-07-26 05:00:00+00:00,long,buy,29185.9,,52537.33,-0.05,402.27
2023-07-26 06:00:00+00:00,long,sell - direction_change,29185.9,29260.7,52645.71,0.21,402.47
2023-07-26 06:00:00+00:00,short,buy,29260.7,,52619.39,-0.05,402.42
2023-07-26 07:00:00+00:00,short,sell - direction_change,29260.7,29198.6,52704.75,0.16,402.59
2023-07-26 07:00:00+00:00,long,buy,29198.6,,52678.4,-0.05,402.54
2023-07-26 09:00:00+00:00,long,sell - direction_change,29198.6,29207.0,52667.22,-0.02,402.51
2023-07-26 09:00:00+00:00,short,buy,29207.0,,52640.88,-0.05,402.46
2023-07-26 13:00:00+00:00,short,sell - direction_change,29207.0,29217.3,52596.0,-0.09,402.38
2023-07-26 13:00:00+00:00,long,buy,29217.3,,52569.7,-0.05,402.33
2023-07-27 07:00:00+00:00,long,sell - direction_change,29217.3,29368.5,52815.46,0.47,402.8
2023-07-27 07:00:00+00:00,short,buy,29368.5,,52789.06,-0.05,402.75
2023-07-27 08:00:00+00:00,short,sell - direction_change,29368.5,29396.9,52711.61,-0.15,402.6
2023-07-27 08:00:00+00:00,long,buy,29396.9,,52685.26,-0.05,402.55
2023-07-27 14:00:00+00:00,long,sell - direction_change,29396.9,29430.5,52719.13,0.06,402.61
2023-07-27 14:00:00+00:00,short,buy,29430.5,,52692.77,-0.05,402.56
2023-07-28 12:00:00+00:00,short,sell - direction_change,29430.5,29195.4,53087.35,0.75,403.31
2023-07-28 12:00:00+00:00,long,buy,29195.4,,53060.81,-0.05,403.26
2023-07-28 17:00:00+00:00,long,sell - direction_change,29195.4,29346.9,53309.62,0.47,403.73
2023-07-28 17:00:00+00:00,short,buy,29346.9,,53282.97,-0.05,403.68
2023-07-28 18:00:00+00:00,short,sell - direction_change,29346.9,29245.3,53440.79,0.3,403.98
2023-07-28 18:00:00+00:00,long,buy,29245.3,,53414.07,-0.05,403.93
2023-07-28 22:00:00+00:00,long,sell - direction_change,29245.3,29297.4,53482.52,0.13,404.06
2023-07-28 22:00:00+00:00,short,buy,29297.4,,53455.78,-0.05,404.01
2023-07-28 23:00:00+00:00,short,sell - direction_change,29297.4,29282.8,53455.69,-0.0,404.01
2023-07-28 23:00:00+00:00,long,buy,29282.8,,53428.96,-0.05,403.96
2023-07-29 07:00:00+00:00,long,sell - direction_change,29282.8,29336.6,53500.41,0.13,404.09
2023-07-29 07:00:00+00:00,short,buy,29336.6,,53473.66,-0.05,404.04
2023-07-29 19:00:00+00:00,short,sell - direction_change,29336.6,29297.1,53518.92,0.08,404.12
2023-07-29 19:00:00+00:00,long,buy,29297.1,,53492.16,-0.05,404.07
2023-07-30 02:00:00+00:00,long,sell - direction_change,29297.1,29313.0,53494.45,0.0,404.08
2023-07-30 02:00:00+00:00,short,buy,29313.0,,53467.7,-0.05,404.03
2023-07-30 12:00:00+00:00,short,sell - direction_change,29313.0,29301.3,53462.31,-0.01,404.02
2023-07-30 12:00:00+00:00,long,buy,29301.3,,53435.58,-0.05,403.97
2023-07-30 13:00:00+00:00,long,sell - direction_change,29301.3,29307.3,53419.8,-0.03,403.94
2023-07-30 13:00:00+00:00,short,buy,29307.3,,53393.09,-0.05,403.89
2023-07-30 14:00:00+00:00,short,sell - direction_change,29307.3,29273.4,53428.16,0.07,403.95
2023-07-30 14:00:00+00:00,long,buy,29273.4,,53401.44,-0.05,403.9
2023-07-30 19:00:00+00:00,long,sell - direction_change,29273.4,29342.2,53500.25,0.19,404.09
2023-07-30 19:00:00+00:00,short,buy,29342.2,,53473.5,-0.05,404.04
2023-07-31 00:00:00+00:00,short,sell - direction_change,29342.2,29271.2,53576.15,0.19,404.23
2023-07-31 00:00:00+00:00,long,buy,29271.2,,53549.36,-0.05,404.18
2023-07-31 13:00:00+00:00,long,sell - direction_change,29271.2,29456.9,53862.31,0.58,404.77
2023-07-31 13:00:00+00:00,short,buy,29456.9,,53835.38,-0.05,404.72
2023-08-01 15:30:00+00:00,short,sell - take_profit,29456.9,28573.193,55423.53,2.95,407.67
2023-08-01 16:00:00+00:00,long,buy,28943.0,,55395.81,-0.05,407.62
2023-08-02 00:08:00+00:00,long,sell - take_profit,28943.0,29811.29,57029.99,2.95,410.57
2023-08-02 01:00:00+00:00,long,buy,29816.7,,57001.48,-0.05,410.52
2023-08-02 08:11:00+00:00,long,sell - stop_loss,29816.7,29518.533,56402.96,-1.05,409.47
2023-08-02 09:00:00+00:00,short,buy,29481.5,,56374.76,-0.05,409.42
2023-08-02 10:00:00+00:00,short,sell - direction_change,29481.5,29443.0,56420.19,0.08,409.5
2023-08-02 10:00:00+00:00,long,buy,29443.0,,56391.98,-0.05,409.45
2023-08-02 11:00:00+00:00,long,sell - direction_change,29443.0,29525.0,56520.84,0.23,409.68
2023-08-02 11:00:00+00:00,short,buy,29525.0,,56492.58,-0.05,409.63
2023-08-03 10:00:00+00:00,short,sell - direction_change,29525.0,29141.0,57199.07,1.25,410.88
2023-08-03 10:00:00+00:00,long,buy,29141.0,,57170.47,-0.05,410.83
2023-08-03 11:00:00+00:00,long,sell - direction_change,29141.0,29161.8,57182.69,0.02,410.85
2023-08-03 11:00:00+00:00,short,buy,29161.8,,57154.1,-0.05,410.8
2023-08-03 13:00:00+00:00,short,sell - direction_change,29161.8,29097.2,57252.13,0.17,410.97
2023-08-03 13:00:00+00:00,long,buy,29097.2,,57223.51,-0.05,410.92
2023-08-03 23:00:00+00:00,long,sell - direction_change,29097.2,29220.8,57437.97,0.37,411.29
2023-08-03 23:00:00+00:00,short,buy,29220.8,,57409.25,-0.05,411.24
2023-08-04 05:00:00+00:00,short,sell - direction_change,29220.8,29199.4,57422.59,0.02,411.27
2023-08-04 05:00:00+00:00,long,buy,29199.4,,57393.88,-0.05,411.22
2023-08-04 06:00:00+00:00,long,sell - direction_change,29199.4,29225.0,57415.5,0.04,411.25
2023-08-04 06:00:00+00:00,short,buy,29225.0,,57386.79,-0.05,411.2
2023-08-04 12:00:00+00:00,short,sell - direction_change,29225.0,29157.2,57491.23,0.18,411.39
2023-08-04 12:00:00+00:00,long,buy,29157.2,,57462.49,-0.05,411.34
2023-08-04 17:00:00+00:00,long,sell - direction_change,29157.2,29251.6,57619.8,0.27,411.61
2023-08-04 17:00:00+00:00,short,buy,29251.6,,57590.99,-0.05,411.56
2023-08-05 08:00:00+00:00,short,sell - direction_change,29251.6,29037.9,57982.93,0.68,412.24
2023-08-05 08:00:00+00:00,long,buy,29037.9,,57953.94,-0.05,412.19
2023-08-05 09:00:00+00:00,long,sell - direction_change,29037.9,29077.0,58003.0,0.08,412.28
2023-08-05 09:00:00+00:00,short,buy,29077.0,,57974.0,-0.05,412.23
2023-08-05 17:00:00+00:00,short,sell - direction_change,29077.0,29021.8,58055.07,0.14,412.37
2023-08-05 17:00:00+00:00,long,buy,29021.8,,58026.04,-0.05,412.32
2023-08-05 18:00:00+00:00,long,sell - direction_change,29021.8,29053.5,58060.41,0.06,412.37
2023-08-05 18:00:00+00:00,short,buy,29053.5,,58031.38,-0.05,412.32
2023-08-05 19:00:00+00:00,short,sell - direction_change,29053.5,29065.5,57978.39,-0.09,412.23
2023-08-05 19:00:00+00:00,long,buy,29065.5,,57949.4,-0.05,412.18
2023-08-05 20:00:00+00:00,long,sell - direction_change,29065.5,29056.9,57903.28,-0.08,412.1
2023-08-05 20:00:00+00:00,short,buy,29056.9,,57874.33,-0.05,412.05
2023-08-05 21:00:00+00:00,short,sell - direction_change,29056.9,29044.0,57871.09,-0.01,412.05
2023-08-05 21:00:00+00:00,long,buy,29044.0,,57842.15,-0.05,412.0
2023-08-06 01:00:00+00:00,long,sell - direction_change,29044.0,29053.5,57832.15,-0.02,411.98
2023-08-06 01:00:00+00:00,short,buy,29053.5,,57803.23,-0.05,411.93
2023-08-06 02:00:00+00:00,short,sell - direction_change,29053.5,29026.3,57828.45,0.04,411.97
2023-08-06 02:00:00+00:00,long,buy,29026.3,,57799.53,-0.05,411.92
2023-08-06 12:00:00+00:00,long,sell - direction_change,29026.3,29067.0,57851.68,0.09,412.01
2023-08-06 12:00:00+00:00,short,buy,29067.0,,57822.75,-0.05,411.96
2023-08-06 16:00:00+00:00,short,sell - direction_change,29067.0,29001.1,57924.94,0.18,412.14
2023-08-06 16:00:00+00:00,long,buy,29001.1,,57895.97,-0.05,412.09
2023-08-06 17:00:00+00:00,long,sell - direction_change,29001.1,29078.6,58021.74,0.22,412.31
2023-08-06 17:00:00+00:00,short,buy,29078.6,,57992.73,-0.05,412.26
2023-08-06 19:00:00+00:00,short,sell - direction_change,29078.6,29076.0,57968.92,-0.04,412.22
2023-08-06 19:00:00+00:00,long,buy,29076.0,,57939.94,-0.05,412.17
2023-08-07 00:00:00+00:00,long,sell - direction_change,29076.0,29075.9,57910.77,-0.05,412.12
2023-08-07 00:00:00+00:00,short,buy,29075.9,,57881.81,-0.05,412.07
2023-08-07 01:00:00+00:00,short,sell - direction_change,29075.9,29046.5,57911.4,0.05,412.12
2023-08-07 01:00:00+00:00,long,buy,29046.5,,57882.44,-0.05,412.07
2023-08-07 06:00:00+00:00,long,sell - direction_change,29046.5,29115.5,57991.0,0.19,412.26
2023-08-07 06:00:00+00:00,short,buy,29115.5,,57962.01,-0.05,412.21
2023-08-07 07:00:00+00:00,short,sell - direction_change,29115.5,29041.3,58080.74,0.2,412.41
2023-08-07 07:00:00+00:00,long,buy,29041.3,,58051.7,-0.05,412.36
2023-08-07 08:00:00+00:00,long,sell - direction_change,29041.3,29084.7,58109.43,0.1,412.46
2023-08-07 08:00:00+00:00,short,buy,29084.7,,58080.37,-0.05,412.41
2023-08-07 10:00:00+00:00,short,sell - direction_change,29084.7,29080.9,58058.92,-0.04,412.37
2023-08-07 10:00:00+00:00,long,buy,29080.9,,58029.89,-0.05,412.32
2023-08-07 11:00:00+00:00,long,sell - direction_change,29080.9,29134.6,58108.03,0.13,412.46
2023-08-07 11:00:00+00:00,short,buy,29134.6,,58078.98,-0.05,412.41
2023-08-07 18:00:00+00:00,short,sell - direction_change,29134.6,28965.2,58387.63,0.53,412.94
2023-08-07 18:00:00+00:00,long,buy,28965.2,,58358.44,-0.05,412.89
2023-08-08 08:00:00+00:00,long,sell - direction_change,28965.2,29177.0,58755.99,0.68,413.57
2023-08-08 08:00:00+00:00,short,buy,29177.0,,58726.61,-0.05,413.52
2023-08-08 10:00:00+00:00,short,sell - direction_change,29177.0,29191.3,58668.47,-0.1,413.42
2023-08-08 10:00:00+00:00,long,buy,29191.3,,58639.13,-0.05,413.37
2023-08-08 21:20:00+00:00,long,sell - take_profit,29191.3,30067.039,60368.99,2.95,416.32
2023-08-08 22:00:00+00:00,long,buy,29848.2,,60338.8,-0.05,416.27
2023-08-09 02:00:00+00:00,long,sell - direction_change,29848.2,29840.9,60293.87,-0.07,416.2
2023-08-09 02:00:00+00:00,short,buy,29840.9,,60263.73,-0.05,416.15
2023-08-09 08:00:00+00:00,short,sell - direction_change,29840.9,29807.8,60300.44,0.06,416.21
2023-08-09 08:00:00+00:00,long,buy,29807.8,,60270.29,-0.05,416.16
2023-08-09 14:00:00+00:00,long,sell - direction_change,29807.8,29867.6,60361.07,0.15,416.31
2023-08-09 14:00:00+00:00,short,buy,29867.6,,60330.89,-0.05,416.26
2023-08-10 13:00:00+00:00,short,sell - direction_change,29867.6,29552.2,60937.81,1.01,417.26
2023-08-10 13:00:00+00:00,long,buy,29552.2,,60907.34,-0.05,417.21
2023-08-10 14:00:00+00:00,long,sell - direction_change,29552.2,29669.8,61119.27,0.35,417.56
2023-08-10 14:00:00+00:00,short,buy,29669.8,,61088.71,-0.05,417.51
2023-08-11 13:00:00+00:00,short,sell - direction_change,29669.8,29417.0,61578.66,0.8,418.31
2023-08-11 13:00:00+00:00,long,buy,29417.0,,61547.88,-0.05,418.26
2023-08-11 15:00:00+00:00,long,sell - direction_change,29417.0,29481.0,61651.01,0.17,418.43
2023-08-11 15:00:00+00:00,short,buy,29481.0,,61620.18,-0.05,418.38
2023-08-11 22:00:00+00:00,short,sell - direction_change,29481.0,29401.6,61755.33,0.22,418.6
2023-08-11 22:00:00+00:00,long,buy,29401.6,,61724.45,-0.05,418.55
2023-08-11 23:00:00+00:00,long,sell - direction_change,29401.6,29420.1,61732.43,0.01,418.56
2023-08-11 23:00:00+00:00,short,buy,29420.1,,61701.56,-0.05,418.51
2023-08-12 04:00:00+00:00,short,sell - direction_change,29420.1,29388.0,61738.03,0.06,418.57
2023-08-12 04:00:00+00:00,long,buy,29388.0,,61707.16,-0.05,418.52
2023-08-12 08:00:00+00:00,long,sell - direction_change,29388.0,29410.2,61722.92,0.03,418.55
2023-08-12 08:00:00+00:00,short,buy,29410.2,,61692.06,-0.05,418.5
2023-08-12 10:00:00+00:00,short,sell - direction_change,29410.2,29408.3,61665.2,-0.04,418.46
2023-08-12 10:00:00+00:00,long,buy,29408.3,,61634.37,-0.05,418.41
2023-08-12 13:00:00+00:00,long,sell - direction_change,29408.3,29414.5,61616.55,-0.03,418.38
2023-08-12 13:00:00+00:00,short,buy,29414.5,,61585.74,-0.05,418.33
2023-08-12 14:00:00+00:00,short,sell - direction_change,29414.5,29396.4,61592.84,0.01,418.34
2023-08-12 14:00:00+00:00,long,buy,29396.4,,61562.05,-0.05,418.29
2023-08-12 19:00:00+00:00,long,sell - direction_change,29396.4,29417.9,61576.29,0.02,418.31
2023-08-12 19:00:00+00:00,short,buy,29417.9,,61545.5,-0.05,418.26
2023-08-12 22:00:00+00:00,short,sell - direction_change,29417.9,29411.5,61528.12,-0.03,418.23
2023-08-12 22:00:00+00:00,long,buy,29411.5,,61497.35,-0.05,418.18
2023-08-13 03:00:00+00:00,long,sell - direction_change,29411.5,29434.5,61514.7,0.03,418.21
2023-08-13 03:00:00+00:00,short,buy,29434.5,,61483.94,-0.05,418.16
2023-08-13 17:00:00+00:00,short,sell - direction_change,29434.5,29345.0,61640.15,0.25,418.42
2023-08-13 17:00:00+00:00,long,buy,29345.0,,61609.33,-0.05,418.37
2023-08-13 21:00:00+00:00,long,sell - direction_change,29345.0,29411.9,61718.98,0.18,418.54
2023-08-13 21:00:00+00:00,short,buy,29411.9,,61688.12,-0.05,418.49
2023-08-14 03:00:00+00:00,short,sell - direction_change,29411.9,29310.0,61871.0,0.3,418.79
2023-08-14 03:00:00+00:00,long,buy,29310.0,,61840.06,-0.05,418.74
2023-08-14 06:00:00+00:00,long,sell - direction_change,29310.0,29435.9,62074.78,0.38,419.12
2023-08-14 06:00:00+00:00,short,buy,29435.9,,62043.74,-0.05,419.07
2023-08-14 07:00:00+00:00,short,sell - direction_change,29435.9,29408.2,62071.1,0.04,419.11
2023-08-14 07:00:00+00:00,long,buy,29408.2,,62040.07,-0.05,419.06
2023-08-14 18:00:00+00:00,long,sell - direction_change,29408.2,29475.3,62150.6,0.18,419.24
2023-08-14 18:00:00+00:00,short,buy,29475.3,,62119.53,-0.05,419.19
2023-08-15 14:00:00+00:00,short,sell - direction_change,29475.3,29359.2,62333.15,0.34,419.54
2023-08-15 14:00:00+00:00,long,buy,29359.2,,62301.98,-0.05,419.49
2023-08-15 15:00:00+00:00,long,sell - direction_change,29359.2,29442.5,62447.6,0.23,419.72
2023-08-15 15:00:00+00:00,short,buy,29442.5,,62416.37,-0.05,419.67
2023-08-17 00:38:00+00:00,short,sell - take_profit,29442.5,28559.225,64257.66,2.95,422.62
2023-08-17 01:00:00+00:00,short,buy,28566.6,,64225.53,-0.05,422.57
2023-08-17 16:04:00+00:00,short,sell - take_profit,28566.6,27709.602,66120.18,2.95,425.52
2023-08-17 17:00:00+00:00,short,buy,27927.5,,66087.12,-0.05,425.47
2023-08-17 21:42:00+00:00,short,sell - take_profit,27927.5,27089.675,68036.69,2.95,428.42
2023-08-17 22:00:00+00:00,short,buy,26250.0,,68002.67,-0.05,428.37
2023-08-17 22:01:00+00:00,short,sell - stop_loss,26250.0,26512.5,67288.64,-1.05,427.32
2023-08-17 23:00:00+00:00,short,buy,26790.0,,67255.0,-0.05,427.27
2023-08-18 14:54:00+00:00,short,sell - take_profit,26790.0,25986.3,69239.02,2.95,430.22
2023-08-18 15:00:00+00:00,short,buy,25998.7,,69204.4,-0.05,430.17
2023-08-18 18:48:00+00:00,short,sell - stop_loss,25998.7,26258.687,68477.76,-1.05,429.12
2023-08-18 19:00:00+00:00,short,buy,26110.6,,68443.52,-0.05,429.07
2023-08-19 02:00:00+00:00,short,sell - direction_change,26110.6,26001.1,68696.33,0.37,429.44
2023-08-19 02:00:00+00:00,long,buy,26001.1,,68661.98,-0.05,429.39
2023-08-19 03:00:00+00:00,long,sell - direction_change,26001.1,25987.3,68591.21,-0.1,429.29
2023-08-19 03:00:00+00:00,short,buy,25987.3,,68556.91,-0.05,429.24
2023-08-19 15:00:00+00:00,short,sell - direction_change,25987.3,25961.9,68589.64,0.05,429.28
2023-08-19 15:00:00+00:00,long,buy,25961.9,,68555.35,-0.05,429.23
2023-08-20 04:00:00+00:00,long,sell - direction_change,25961.9,26090.9,68861.71,0.45,429.68
2023-08-20 04:00:00+00:00,short,buy,26090.9,,68827.28,-0.05,429.63
2023-08-20 06:00:00+00:00,short,sell - direction_change,26090.9,26075.1,68834.54,0.01,429.64
2023-08-20 06:00:00+00:00,long,buy,26075.1,,68800.13,-0.05,429.59
2023-08-20 14:00:00+00:00,long,sell - direction_change,26075.1,26127.0,68902.67,0.15,429.74
2023-08-20 14:00:00+00:00,short,buy,26127.0,,68868.21,-0.05,429.69
2023-08-20 15:00:00+00:00,short,sell - direction_change,26127.0,26050.0,69036.74,0.24,429.93
2023-08-20 15:00:00+00:00,long,buy,26050.0,,69002.23,-0.05,429.88
2023-08-20 16:00:00+00:00,long,sell - direction_change,26050.0,26095.0,69086.92,0.12,430.01
2023-08-20 16:00:00+00:00,short,buy,26095.0,,69052.38,-0.05,429.96
2023-08-20 17:00:00+00:00,short,sell - direction_change,26095.0,26035.9,69174.24,0.18,430.13
2023-08-20 17:00:00+00:00,long,buy,26035.9,,69139.66,-0.05,430.08
2023-08-21 02:00:00+00:00,long,sell - direction_change,26035.9,26131.8,69359.75,0.32,430.4
2023-08-21 02:00:00+00:00,short,buy,26131.8,,69325.07,-0.05,430.35
2023-08-21 13:00:00+00:00,short,sell - direction_change,26131.8,25988.1,69671.63,0.5,430.85
2023-08-21 13:00:00+00:00,long,buy,25988.1,,69636.8,-0.05,430.8
2023-08-21 15:00:00+00:00,long,sell - direction_change,25988.1,26094.0,69885.74,0.36,431.16
2023-08-21 15:00:00+00:00,short,buy,26094.0,,69850.8,-0.05,431.11
2023-08-21 19:00:00+00:00,short,sell - direction_change,26094.0,26021.0,70011.29,0.23,431.34
2023-08-21 19:00:00+00:00,long,buy,26021.0,,69976.28,-0.05,431.29
2023-08-21 23:00:00+00:00,long,sell - direction_change,26021.0,26118.4,70203.23,0.32,431.61
2023-08-21 23:00:00+00:00,short,buy,26118.4,,70168.12,-0.05,431.56
2023-08-22 00:00:00+00:00,short,sell - direction_change,26118.4,26115.4,70141.1,-0.04,431.52
2023-08-22 00:00:00+00:00,long,buy,26115.4,,70106.03,-0.05,431.47
2023-08-22 01:00:00+00:00,long,sell - direction_change,26115.4,26086.0,69992.05,-0.16,431.31
2023-08-22 01:00:00+00:00,short,buy,26086.0,,69957.06,-0.05,431.26
2023-08-22 02:00:00+00:00,short,sell - direction_change,26086.0,26035.6,70057.24,0.14,431.41
2023-08-22 02:00:00+00:00,long,buy,26035.6,,70022.21,-0.05,431.36
2023-08-22 03:00:00+00:00,long,sell - direction_change,26035.6,26052.1,70031.58,0.01,431.37
2023-08-22 03:00:00+00:00,short,buy,26052.1,,69996.56,-0.05,431.32
2023-08-22 23:00:00+00:00,short,sell - direction_change,26052.1,25797.5,70645.62,0.93,432.25
2023-08-22 23:00:00+00:00,long,buy,25797.5,,70610.3,-0.05,432.2
2023-08-23 10:00:00+00:00,long,sell - direction_change,25797.5,26030.0,71211.37,0.85,433.05
2023-08-23 10:00:00+00:00,short,buy,26030.0,,71175.76,-0.05,433.0
2023-08-23 13:00:00+00:00,short,sell - direction_change,26030.0,25832.6,71679.94,0.71,433.71
2023-08-23 13:00:00+00:00,long,buy,25832.6,,71644.1,-0.05,433.66
2023-08-23 19:40:00+00:00,long,sell - take_profit,25832.6,26607.577999999998,73757.6,2.95,436.61
2023-08-23 20:00:00+00:00,long,buy,26615.2,,73720.72,-0.05,436.56
2023-08-23 21:47:00+00:00,long,sell - stop_loss,26615.2,26349.048,72946.65,-1.05,435.51
2023-08-23 22:00:00+00:00,long,buy,26306.3,,72910.18,-0.05,435.46
2023-08-24 03:00:00+00:00,long,sell - direction_change,26306.3,26364.0,73033.65,0.17,435.62
2023-08-24 03:00:00+00:00,short,buy,26364.0,,72997.13,-0.05,435.57
2023-08-24 04:00:00+00:00,short,sell - direction_change,26364.0,26430.0,72777.89,-0.3,435.27
2023-08-24 04:00:00+00:00,long,buy,26430.0,,72741.5,-0.05,435.22
2023-08-24 05:00:00+00:00,long,sell - direction_change,26430.0,26440.2,72733.2,-0.01,435.21
2023-08-24 05:00:00+00:00,short,buy,26440.2,,72696.84,-0.05,435.16
2023-08-24 07:00:00+00:00,short,sell - direction_change,26440.2,26436.1,72671.76,-0.03,435.13
2023-08-24 07:00:00+00:00,long,buy,26436.1,,72635.42,-0.05,435.08
2023-08-24 09:00:00+00:00,long,sell - direction_change,26436.1,26486.1,72736.49,0.14,435.22
2023-08-24 09:00:00+00:00,short,buy,26486.1,,72700.12,-0.05,435.17
2023-08-24 11:00:00+00:00,short,sell - direction_change,26486.1,26467.6,72714.55,0.02,435.19
2023-08-24 11:00:00+00:00,long,buy,26467.6,,72678.19,-0.05,435.14
2023-08-24 12:00:00+00:00,long,sell - direction_change,26467.6,26433.8,72549.04,-0.18,434.96
2023-08-24 12:00:00+00:00,short,buy,26433.8,,72512.76,-0.05,434.91
2023-08-26 01:00:00+00:00,short,sell - direction_change,26433.8,26030.0,73584.2,1.48,436.39
2023-08-26 01:00:00+00:00,long,buy,26030.0,,73547.41,-0.05,436.34
2023-08-26 07:00:00+00:00,long,sell - direction_change,26030.0,26066.8,73614.62,0.09,436.43
2023-08-26 07:00:00+00:00,short,buy,26066.8,,73577.81,-0.05,436.38
2023-08-26 08:00:00+00:00,short,sell - direction_change,26066.8,26039.8,73617.23,0.05,436.43
2023-08-26 08:00:00+00:00,long,buy,26039.8,,73580.42,-0.05,436.38
2023-08-26 09:00:00+00:00,long,sell - direction_change,26039.8,26031.6,73520.46,-0.08,436.3
2023-08-26 09:00:00+00:00,short,buy,26031.6,,73483.7,-0.05,436.25
2023-08-26 11:00:00+00:00,short,sell - direction_change,26031.6,26023.9,73468.7,-0.02,436.23
2023-08-26 11:00:00+00:00,long,buy,26023.9,,73431.96,-0.05,436.18
2023-08-26 12:00:00+00:00,long,sell - direction_change,26023.9,26036.0,73429.39,-0.0,436.18
2023-08-26 12:00:00+00:00,short,buy,26036.0,,73392.67,-0.05,436.13
2023-08-26 13:00:00+00:00,short,sell - direction_change,26036.0,26016.4,73411.23,0.03,436.15
2023-08-26 13:00:00+00:00,long,buy,26016.4,,73374.52,-0.05,436.1
2023-08-26 16:00:00+00:00,long,sell - direction_change,26016.4,26040.2,73404.96,0.04,436.14
2023-08-26 16:00:00+00:00,short,buy,26040.2,,73368.26,-0.05,436.09
2023-08-27 04:00:00+00:00,short,sell - direction_change,26040.2,26009.7,73417.51,0.07,436.16
2023-08-27 04:00:00+00:00,long,buy,26009.7,,73380.8,-0.05,436.11
2023-08-27 21:00:00+00:00,long,sell - direction_change,26009.7,26083.2,73551.47,0.23,436.34
2023-08-27 21:00:00+00:00,short,buy,26083.2,,73514.7,-0.05,436.29
2023-08-27 22:00:00+00:00,short,sell - direction_change,26083.2,26058.6,73547.27,0.04,436.34
2023-08-27 22:00:00+00:00,long,buy,26058.6,,73510.5,-0.05,436.29
2023-08-28 00:00:00+00:00,long,sell - direction_change,26058.6,26087.6,73555.55,0.06,436.35
2023-08-28 00:00:00+00:00,short,buy,26087.6,,73518.77,-0.05,436.3
2023-08-28 12:00:00+00:00,short,sell - direction_change,26087.6,25992.8,73749.18,0.31,436.61
2023-08-28 12:00:00+00:00,long,buy,25992.8,,73712.3,-0.05,436.56
2023-08-28 19:00:00+00:00,long,sell - direction_change,25992.8,26134.4,74077.0,0.49,437.06
2023-08-28 19:00:00+00:00,short,buy,26134.4,,74039.97,-0.05,437.01
2023-08-28 23:00:00+00:00,short,sell - direction_change,26134.4,26046.1,74253.1,0.29,437.3
2023-08-28 23:00:00+00:00,long,buy,26046.1,,74215.98,-0.05,437.25
2023-08-29 01:00:00+00:00,long,sell - direction_change,26046.1,26128.0,74412.24,0.26,437.51
2023-08-29 01:00:00+00:00,short,buy,26128.0,,74375.03,-0.05,437.46
2023-08-29 14:00:00+00:00,short,sell - direction_change,26128.0,26036.2,74599.16,0.3,437.76
2023-08-29 14:00:00+00:00,long,buy,26036.2,,74561.86,-0.05,437.71
2023-08-29 14:21:00+00:00,long,sell - take_profit,26036.2,26817.286,76761.43,2.95,440.66
2023-08-29 15:00:00+00:00,long,buy,27484.8,,76723.05,-0.05,440.61
2023-08-30 03:00:00+00:00,long,sell - direction_change,27484.8,27388.5,76415.87,-0.4,440.21
2023-08-30 03:00:00+00:00,short,buy,27388.5,,76377.66,-0.05,440.16
2023-08-30 09:00:00+00:00,short,sell - direction_change,27388.5,27457.4,76147.33,-0.3,439.86
2023-08-30 09:00:00+00:00,long,buy,27457.4,,76109.26,-0.05,439.81
2023-08-30 10:00:00+00:00,long,sell - direction_change,27457.4,27413.4,75949.24,-0.21,439.6
2023-08-30 10:00:00+00:00,short,buy,27413.4,,75911.27,-0.05,439.55
2023-08-31 11:00:00+00:00,short,sell - direction_change,27413.4,27190.3,76491.11,0.76,440.31
2023-08-31 11:00:00+00:00,long,buy,27190.3,,76452.86,-0.05,440.26
2023-08-31 12:00:00+00:00,long,sell - direction_change,27190.3,27291.8,76700.03,0.32,440.59
2023-08-31 12:00:00+00:00,short,buy,27291.8,,76661.68,-0.05,440.54
2023-08-31 16:37:00+00:00,short,sell - take_profit,27291.8,26473.046,78923.2,2.95,443.49
2023-08-31 17:00:00+00:00,short,buy,26223.3,,78883.74,-0.05,443.44
2023-09-01 12:00:00+00:00,short,sell - direction_change,26223.3,26033.6,79414.94,0.67,444.11
2023-09-01 12:00:00+00:00,long,buy,26033.6,,79375.23,-0.05,444.06
2023-09-01 13:00:00+00:00,long,sell - direction_change,26033.6,26050.5,79387.07,0.01,444.07
2023-09-01 13:00:00+00:00,short,buy,26050.5,,79347.38,-0.05,444.02
2023-09-02 03:00:00+00:00,short,sell - direction_change,26050.5,25749.6,80224.22,1.11,445.13
2023-09-02 03:00:00+00:00,long,buy,25749.6,,80184.11,-0.05,445.08
2023-09-02 07:00:00+00:00,long,sell - direction_change,25749.6,25791.0,80272.93,0.11,445.19
2023-09-02 07:00:00+00:00,short,buy,25791.0,,80232.8,-0.05,445.14
2023-09-02 08:00:00+00:00,short,sell - direction_change,25791.0,25783.9,80214.77,-0.02,445.12
2023-09-02 08:00:00+00:00,long,buy,25783.9,,80174.66,-0.05,445.07
2023-09-03 15:00:00+00:00,long,sell - direction_change,25783.9,25914.8,80541.61,0.46,445.53
2023-09-03 15:00:00+00:00,short,buy,25914.8,,80501.33,-0.05,445.48
2023-09-03 18:00:00+00:00,short,sell - direction_change,25914.8,25875.7,80582.54,0.1,445.58
2023-09-03 18:00:00+00:00,long,buy,25875.7,,80542.25,-0.05,445.53
2023-09-04 00:00:00+00:00,long,sell - direction_change,25875.7,25962.1,80770.91,0.28,445.81
2023-09-04 00:00:00+00:00,short,buy,25962.1,,80730.53,-0.05,445.76
2023-09-04 02:00:00+00:00,short,sell - direction_change,25962.1,25897.7,80890.42,0.2,445.96
2023-09-04 02:00:00+00:00,long,buy,25897.7,,80849.97,-0.05,445.91
2023-09-04 05:00:00+00:00,long,sell - direction_change,25897.7,25969.6,81034.01,0.23,446.14
2023-09-04 05:00:00+00:00,short,buy,25969.6,,80993.5,-0.05,446.09
2023-09-04 08:00:00+00:00,short,sell - direction_change,25969.6,25953.8,81002.28,0.01,446.1
2023-09-04 08:00:00+00:00,long,buy,25953.8,,80961.78,-0.05,446.05
2023-09-04 09:00:00+00:00,long,sell - direction_change,25953.8,25973.8,80983.68,0.03,446.07
2023-09-04 09:00:00+00:00,short,buy,25973.8,,80943.19,-0.05,446.02
2023-09-05 11:00:00+00:00,short,sell - direction_change,25973.8,25745.0,81615.74,0.83,446.85
2023-09-05 11:00:00+00:00,long,buy,25745.0,,81574.93,-0.05,446.8
2023-09-05 14:00:00+00:00,long,sell - direction_change,25745.0,25724.4,81468.87,-0.13,446.67
2023-09-05 14:00:00+00:00,short,buy,25724.4,,81428.14,-0.05,446.62
2023-09-05 23:00:00+00:00,short,sell - direction_change,25724.4,25756.7,81285.18,-0.18,446.45
2023-09-05 23:00:00+00:00,long,buy,25756.7,,81244.54,-0.05,446.4
2023-09-06 07:00:00+00:00,long,sell - direction_change,25756.7,25765.7,81232.3,-0.02,446.38
2023-09-06 07:00:00+00:00,short,buy,25765.7,,81191.69,-0.05,446.33
2023-09-06 17:00:00+00:00,short,sell - direction_change,25765.7,25585.9,81717.67,0.65,446.98
2023-09-06 17:00:00+00:00,long,buy,25585.9,,81676.81,-0.05,446.93
2023-09-06 17:05:00+00:00,long,sell - stop_loss,25585.9,25330.041,80819.2,-1.05,445.88
2023-09-06 18:00:00+00:00,short,buy,25845.6,,80778.79,-0.05,445.83
2023-09-06 22:00:00+00:00,short,sell - direction_change,25845.6,25711.9,81156.28,0.47,446.3
2023-09-06 22:00:00+00:00,long,buy,25711.9,,81115.7,-0.05,446.25
2023-09-07 09:00:00+00:00,long,sell - direction_change,25711.9,25732.4,81139.81,0.03,446.28
2023-09-07 09:00:00+00:00,short,buy,25732.4,,81099.24,-0.05,446.23
2023-09-07 10:00:00+00:00,short,sell - direction_change,25732.4,25725.9,81079.18,-0.02,446.2
2023-09-07 10:00:00+00:00,long,buy,25725.9,,81038.64,-0.05,446.15
2023-09-07 11:00:00+00:00,long,sell - direction_change,25725.9,25741.3,81046.63,0.01,446.16
2023-09-07 11:00:00+00:00,short,buy,25741.3,,81006.11,-0.05,446.11
2023-09-07 14:00:00+00:00,short,sell - direction_change,25741.3,25633.2,81305.79,0.37,446.48
2023-09-07 14:00:00+00:00,long,buy,25633.2,,81265.14,-0.05,446.43
2023-09-07 21:21:00+00:00,long,sell - take_profit,25633.2,26402.196,83662.46,2.95,449.38
2023-09-07 22:00:00+00:00,long,buy,26149.6,,83620.63,-0.05,449.33
2023-09-08 09:00:00+00:00,long,sell - direction_change,26149.6,26184.5,83690.42,0.08,449.42
2023-09-08 09:00:00+00:00,short,buy,26184.5,,83648.57,-0.05,449.37
2023-09-09 15:00:00+00:00,short,sell - direction_change,26184.5,25833.3,84728.69,1.29,450.66
2023-09-09 15:00:00+00:00,long,buy,25833.3,,84686.32,-0.05,450.61
2023-09-09 18:00:00+00:00,long,sell - direction_change,25833.3,25868.4,84759.04,0.09,450.69
2023-09-09 18:00:00+00:00,short,buy,25868.4,,84716.66,-0.05,450.64
2023-09-09 21:00:00+00:00,short,sell - direction_change,25868.4,25850.4,84733.25,0.02,450.66
2023-09-09 21:00:00+00:00,long,buy,25850.4,,84690.89,-0.05,450.61
2023-09-10 01:00:00+00:00,long,sell - direction_change,25850.4,25862.2,84687.2,-0.0,450.61
2023-09-10 01:00:00+00:00,short,buy,25862.2,,84644.86,-0.05,450.56
2023-09-10 21:00:00+00:00,short,sell - direction_change,25862.2,25807.0,84783.2,0.16,450.72
2023-09-10 21:00:00+00:00,long,buy,25807.0,,84740.81,-0.05,450.67
2023-09-11 00:00:00+00:00,long,sell - direction_change,25807.0,25828.4,84768.71,0.03,450.71
2023-09-11 00:00:00+00:00,short,buy,25828.4,,84726.32,-0.05,450.66
2023-09-11 05:00:00+00:00,short,sell - direction_change,25828.4,25768.1,84881.77,0.18,450.84
2023-09-11 05:00:00+00:00,long,buy,25768.1,,84839.32,-0.05,450.79
2023-09-11 09:00:00+00:00,long,sell - direction_change,25768.1,25793.2,84879.54,0.05,450.84
2023-09-11 09:00:00+00:00,short,buy,25793.2,,84837.1,-0.05,450.79
2023-09-11 14:47:00+00:00,short,sell - take_profit,25793.2,25019.404,87339.8,2.95,453.74
2023-09-11 15:00:00+00:00,short,buy,25138.8,,87296.13,-0.05,453.69
2023-09-12 02:00:00+00:00,short,sell - direction_change,25138.8,25130.2,87282.35,-0.02,453.67
2023-09-12 02:00:00+00:00,long,buy,25130.2,,87238.7,-0.05,453.62
2023-09-12 03:24:00+00:00,long,sell - take_profit,25130.2,25884.106,89812.25,2.95,456.57
2023-09-12 04:00:00+00:00,long,buy,25788.2,,89767.34,-0.05,456.52
2023-09-12 16:30:00+00:00,long,sell - take_profit,25788.2,26561.846,92415.48,2.95,459.47
2023-09-12 17:00:00+00:00,long,buy,26094.4,,92369.27,-0.05,459.42
2023-09-12 22:00:00+00:00,long,sell - direction_change,26094.4,26090.0,92307.51,-0.07,459.35
2023-09-12 22:00:00+00:00,short,buy,26090.0,,92261.35,-0.05,459.3
2023-09-13 09:00:00+00:00,short,sell - direction_change,26090.0,25940.3,92744.6,0.52,459.83
2023-09-13 09:00:00+00:00,long,buy,25940.3,,92698.23,-0.05,459.78
2023-09-14 13:21:00+00:00,long,sell - take_profit,25940.3,26718.509,95432.83,2.95,462.73
2023-09-14 14:00:00+00:00,long,buy,26570.6,,95385.11,-0.05,462.68
2023-09-14 23:00:00+00:00,long,sell - direction_change,26570.6,26587.9,95399.53,0.02,462.69
2023-09-14 23:00:00+00:00,short,buy,26587.9,,95351.83,-0.05,462.64
2023-09-15 02:00:00+00:00,short,sell - direction_change,26587.9,26490.0,95655.25,0.32,462.96
2023-09-15 02:00:00+00:00,long,buy,26490.0,,95607.42,-0.05,462.91
2023-09-15 07:00:00+00:00,long,sell - direction_change,26490.0,26561.8,95818.76,0.22,463.13
2023-09-15 07:00:00+00:00,short,buy,26561.8,,95770.85,-0.05,463.08
2023-09-15 08:00:00+00:00,short,sell - direction_change,26561.8,26554.4,95749.64,-0.02,463.06
2023-09-15 08:00:00+00:00,long,buy,26554.4,,95701.77,-0.05,463.01
2023-09-15 11:00:00+00:00,long,sell - direction_change,26554.4,26625.9,95911.6,0.22,463.23
2023-09-15 11:00:00+00:00,short,buy,26625.9,,95863.65,-0.05,463.18
2023-09-15 22:00:00+00:00,short,sell - direction_change,26625.9,26456.2,96426.7,0.59,463.77
2023-09-15 22:00:00+00:00,long,buy,26456.2,,96378.49,-0.05,463.72
2023-09-16 07:00:00+00:00,long,sell - direction_change,26456.2,26475.6,96400.97,0.02,463.74
2023-09-16 07:00:00+00:00,short,buy,26475.6,,96352.77,-0.05,463.69
2023-09-16 17:00:00+00:00,short,sell - direction_change,26475.6,26513.9,96165.21,-0.19,463.5
2023-09-16 17:00:00+00:00,long,buy,26513.9,,96117.13,-0.05,463.45
2023-09-16 19:00:00+00:00,long,sell - direction_change,26513.9,26569.3,96269.9,0.16,463.6
2023-09-16 19:00:00+00:00,short,buy,26569.3,,96221.77,-0.05,463.55
2023-09-16 21:00:00+00:00,short,sell - direction_change,26569.3,26515.8,96367.41,0.15,463.71
2023-09-16 21:00:00+00:00,long,buy,26515.8,,96319.22,-0.05,463.66
2023-09-16 22:00:00+00:00,long,sell - direction_change,26515.8,26554.3,96410.92,0.1,463.75
2023-09-16 22:00:00+00:00,short,buy,26554.3,,96362.71,-0.05,463.7
2023-09-16 23:00:00+00:00,short,sell - direction_change,26554.3,26545.0,96348.28,-0.01,463.69
2023-09-16 23:00:00+00:00,long,buy,26545.0,,96300.1,-0.05,463.64
2023-09-17 00:00:00+00:00,long,sell - direction_change,26545.0,26547.0,96259.21,-0.04,463.59
2023-09-17 00:00:00+00:00,short,buy,26547.0,,96211.08,-0.05,463.54
2023-09-17 04:00:00+00:00,short,sell - direction_change,26547.0,26511.1,96293.08,0.09,463.63
2023-09-17 04:00:00+00:00,long,buy,26511.1,,96244.94,-0.05,463.58
2023-09-17 07:00:00+00:00,long,sell - direction_change,26511.1,26534.2,96280.68,0.04,463.62
2023-09-17 07:00:00+00:00,short,buy,26534.2,,96232.54,-0.05,463.57
2023-09-17 09:00:00+00:00,short,sell - direction_change,26534.2,26538.3,96169.55,-0.07,463.5
2023-09-17 09:00:00+00:00,long,buy,26538.3,,96121.46,-0.05,463.45
2023-09-17 14:00:00+00:00,long,sell - direction_change,26538.3,26529.5,96041.53,-0.08,463.37
2023-09-17 14:00:00+00:00,short,buy,26529.5,,95993.51,-0.05,463.32
2023-09-17 15:00:00+00:00,short,sell - direction_change,26529.5,26526.0,95958.18,-0.04,463.28
2023-09-17 15:00:00+00:00,long,buy,26526.0,,95910.2,-0.05,463.23
2023-09-17 16:00:00+00:00,long,sell - direction_change,26526.0,26536.9,95901.65,-0.01,463.22
2023-09-17 16:00:00+00:00,short,buy,26536.9,,95853.7,-0.05,463.17
2023-09-18 02:00:00+00:00,short,sell - direction_change,26536.9,26449.6,96121.11,0.28,463.45
2023-09-18 02:00:00+00:00,long,buy,26449.6,,96073.05,-0.05,463.4
2023-09-18 12:02:00+00:00,long,sell - take_profit,26449.6,27243.088,98907.21,2.95,466.35
2023-09-18 13:00:00+00:00,long,buy,27354.6,,98857.75,-0.05,466.3
2023-09-18 17:19:00+00:00,long,sell - stop_loss,27354.6,27081.054,97819.75,-1.05,465.25
2023-09-18 18:00:00+00:00,short,buy,26747.8,,97770.84,-0.05,465.2
2023-09-19 08:00:00+00:00,short,sell - direction_change,26747.8,26836.0,97399.55,-0.38,464.82
2023-09-19 08:00:00+00:00,long,buy,26836.0,,97350.86,-0.05,464.77
2023-09-19 21:00:00+00:00,long,sell - direction_change,26836.0,27171.5,98519.25,1.2,465.97
2023-09-19 21:00:00+00:00,short,buy,27171.5,,98469.99,-0.05,465.92
2023-09-19 23:00:00+00:00,short,sell - direction_change,27171.5,27173.1,98414.95,-0.06,465.87
2023-09-19 23:00:00+00:00,long,buy,27173.1,,98365.75,-0.05,465.82
2023-09-20 02:00:00+00:00,long,sell - direction_change,27173.1,27329.9,98884.17,0.53,466.34
2023-09-20 02:00:00+00:00,short,buy,27329.9,,98834.73,-0.05,466.29
2023-09-20 15:00:00+00:00,short,sell - direction_change,27329.9,27110.0,99580.55,0.75,467.05
2023-09-20 15:00:00+00:00,long,buy,27110.0,,99530.76,-0.05,467.0
2023-09-20 18:00:00+00:00,long,sell - direction_change,27110.0,27184.2,99753.41,0.22,467.22
2023-09-20 18:00:00+00:00,short,buy,27184.2,,99703.54,-0.05,467.17
2023-09-21 13:53:00+00:00,short,sell - take_profit,27184.2,26368.674,102644.79,2.95,470.12
2023-09-21 14:00:00+00:00,short,buy,26408.2,,102593.47,-0.05,470.07
2023-09-21 17:50:00+00:00,short,sell - stop_loss,26408.2,26672.282,101516.24,-1.05,469.02
2023-09-21 18:00:00+00:00,short,buy,26636.1,,101465.48,-0.05,468.97
2023-09-22 00:00:00+00:00,short,sell - direction_change,26636.1,26552.6,101732.82,0.26,469.23
2023-09-22 00:00:00+00:00,long,buy,26552.6,,101681.96,-0.05,469.18
2023-09-22 02:00:00+00:00,long,sell - direction_change,26552.6,26615.1,101870.46,0.19,469.37
2023-09-22 02:00:00+00:00,short,buy,26615.1,,101819.52,-0.05,469.32
2023-09-22 04:00:00+00:00,short,sell - direction_change,26615.1,26616.9,101761.73,-0.06,469.26
2023-09-22 04:00:00+00:00,long,buy,26616.9,,101710.84,-0.05,469.21
2023-09-22 10:00:00+00:00,long,sell - direction_change,26616.9,26625.8,101694.0,-0.02,469.2
2023-09-22 10:00:00+00:00,short,buy,26625.8,,101643.15,-0.05,469.15
2023-09-22 11:00:00+00:00,short,sell - direction_change,26625.8,26580.6,101764.88,0.12,469.27
2023-09-22 11:00:00+00:00,long,buy,26580.6,,101714.0,-0.05,469.22
2023-09-22 12:00:00+00:00,long,sell - direction_change,26580.6,26630.1,101852.56,0.14,469.35
2023-09-22 12:00:00+00:00,short,buy,26630.1,,101801.63,-0.05,469.3
2023-09-22 14:00:00+00:00,short,sell - direction_change,26630.1,26598.0,101873.44,0.07,469.37
2023-09-22 14:00:00+00:00,long,buy,26598.0,,101822.51,-0.05,469.32
2023-09-22 16:00:00+00:00,long,sell - direction_change,26598.0,26619.9,101855.43,0.03,469.35
2023-09-22 16:00:00+00:00,short,buy,26619.9,,101804.51,-0.05,469.3
2023-09-23 06:00:00+00:00,short,sell - direction_change,26619.9,26529.9,102097.8,0.29,469.59
2023-09-23 06:00:00+00:00,long,buy,26529.9,,102046.75,-0.05,469.54
2023-09-23 09:00:00+00:00,long,sell - direction_change,26529.9,26558.5,102105.73,0.06,469.6
2023-09-23 09:00:00+00:00,short,buy,26558.5,,102054.68,-0.05,469.55
2023-09-23 12:00:00+00:00,short,sell - direction_change,26558.5,26562.5,101988.28,-0.07,469.49
2023-09-23 12:00:00+00:00,long,buy,26562.5,,101937.29,-0.05,469.44
2023-09-23 21:00:00+00:00,long,sell - direction_change,26562.5,26572.6,101925.08,-0.01,469.42
2023-09-23 21:00:00+00:00,short,buy,26572.6,,101874.12,-0.05,469.37
2023-09-23 23:00:00+00:00,short,sell - direction_change,26572.6,26549.7,101910.97,0.04,469.41
2023-09-23 23:00:00+00:00,long,buy,26549.7,,101860.02,-0.05,469.36
2023-09-24 00:00:00+00:00,long,sell - direction_change,26549.7,26563.0,101860.12,0.0,469.36
2023-09-24 00:00:00+00:00,short,buy,26563.0,,101809.19,-0.05,469.31
2023-09-24 01:00:00+00:00,short,sell - direction_change,26563.0,26554.1,101792.39,-0.02,469.29
2023-09-24 01:00:00+00:00,long,buy,26554.1,,101741.5,-0.05,469.24
2023-09-24 03:00:00+00:00,long,sell - direction_change,26554.1,26574.8,101769.94,0.03,469.27
2023-09-24 03:00:00+00:00,short,buy,26574.8,,101719.05,-0.05,469.22
2023-09-24 08:00:00+00:00,short,sell - direction_change,26574.8,26552.4,101753.93,0.03,469.26
2023-09-24 08:00:00+00:00,long,buy,26552.4,,101703.06,-0.05,469.21
2023-09-24 15:00:00+00:00,long,sell - direction_change,26552.4,26576.4,101744.13,0.04,469.25
2023-09-24 15:00:00+00:00,short,buy,26576.4,,101693.26,-0.05,469.2
2023-09-24 17:00:00+00:00,short,sell - direction_change,26576.4,26562.5,101695.6,0.0,469.2
2023-09-24 17:00:00+00:00,long,buy,26562.5,,101644.75,-0.05,469.15
2023-09-24 19:00:00+00:00,long,sell - direction_change,26562.5,26580.6,101663.19,0.02,469.17
2023-09-24 19:00:00+00:00,short,buy,26580.6,,101612.36,-0.05,469.12
2023-09-25 13:00:00+00:00,short,sell - direction_change,26580.6,26092.0,103429.37,1.79,470.9
2023-09-25 13:00:00+00:00,long,buy,26092.0,,103377.66,-0.05,470.85
2023-09-25 14:00:00+00:00,long,sell - direction_change,26092.0,26153.0,103567.66,0.18,471.04
2023-09-25 14:00:00+00:00,short,buy,26153.0,,103515.87,-0.05,470.99
2023-09-25 15:00:00+00:00,short,sell - direction_change,26153.0,26123.4,103581.27,0.06,471.05
2023-09-25 15:00:00+00:00,long,buy,26123.4,,103529.48,-0.05,471.0
2023-09-26 07:00:00+00:00,long,sell - direction_change,26123.4,26279.7,104097.15,0.55,471.55
2023-09-26 07:00:00+00:00,short,buy,26279.7,,104045.1,-0.05,471.5
2023-09-27 00:00:00+00:00,short,sell - direction_change,26279.7,26208.7,104274.18,0.22,471.72
2023-09-27 00:00:00+00:00,long,buy,26208.7,,104222.04,-0.05,471.67
2023-09-27 14:00:00+00:00,long,sell - direction_change,26208.7,26607.8,105757.0,1.47,473.14
2023-09-27 14:00:00+00:00,short,buy,26607.8,,105704.12,-0.05,473.09
2023-09-28 01:00:00+00:00,short,sell - direction_change,26607.8,26429.4,106359.99,0.62,473.71
2023-09-28 01:00:00+00:00,long,buy,26429.4,,106306.81,-0.05,473.66
2023-09-28 16:25:00+00:00,long,sell - take_profit,26429.4,27222.282000000003,109442.86,2.95,476.61
2023-09-28 17:00:00+00:00,long,buy,27047.6,,109388.14,-0.05,476.56
2023-09-29 03:00:00+00:00,long,sell - direction_change,27047.6,26879.4,108653.2,-0.67,475.89
2023-09-29 03:00:00+00:00,short,buy,26879.4,,108598.87,-0.05,475.84
2023-09-29 06:00:00+00:00,short,sell - direction_change,26879.4,26964.8,108199.54,-0.37,475.47
2023-09-29 06:00:00+00:00,long,buy,26964.8,,108145.44,-0.05,475.42
2023-09-29 08:00:00+00:00,long,sell - direction_change,26964.8,27167.9,108905.92,0.7,476.13
2023-09-29 08:00:00+00:00,short,buy,27167.9,,108851.47,-0.05,476.08
2023-09-29 09:00:00+00:00,short,sell - direction_change,27167.9,26995.1,109489.39,0.59,476.66
2023-09-29 09:00:00+00:00,long,buy,26995.1,,109434.64,-0.05,476.61
2023-09-29 11:00:00+00:00,long,sell - direction_change,26995.1,27012.4,109450.06,0.01,476.63
2023-09-29 11:00:00+00:00,short,buy,27012.4,,109395.33,-0.05,476.58
2023-09-30 02:00:00+00:00,short,sell - direction_change,27012.4,26882.0,109868.73,0.43,477.01
2023-09-30 02:00:00+00:00,long,buy,26882.0,,109813.8,-0.05,476.96
2023-09-30 06:00:00+00:00,long,sell - direction_change,26882.0,26924.2,109931.28,0.11,477.07
2023-09-30 06:00:00+00:00,short,buy,26924.2,,109876.31,-0.05,477.02
2023-09-30 07:00:00+00:00,short,sell - direction_change,26924.2,26912.4,109869.53,-0.01,477.01
2023-09-30 07:00:00+00:00,long,buy,26912.4,,109814.59,-0.05,476.96
2023-09-30 23:00:00+00:00,long,sell - direction_change,26912.4,26996.5,110102.85,0.26,477.22
2023-09-30 23:00:00+00:00,short,buy,26996.5,,110047.8,-0.05,477.17
2023-10-01 01:00:00+00:00,short,sell - direction_change,26996.5,26976.9,110072.67,0.02,477.2
2023-10-01 01:00:00+00:00,long,buy,26976.9,,110017.64,-0.05,477.15
2023-10-01 16:00:00+00:00,long,sell - direction_change,26976.9,27135.8,110610.66,0.54,477.68
2023-10-01 16:00:00+00:00,short,buy,27135.8,,110555.35,-0.05,477.63
2023-10-01 21:00:00+00:00,short,sell - direction_change,27135.8,27093.6,110672.0,0.11,477.74
2023-10-01 21:00:00+00:00,long,buy,27093.6,,110616.67,-0.05,477.69
2023-10-01 22:17:00+00:00,long,sell - take_profit,27093.6,27906.408,113879.86,2.95,480.64
2023-10-01 23:00:00+00:00,long,buy,27989.6,,113822.92,-0.05,480.59
2023-10-02 16:00:00+00:00,long,sell - direction_change,27989.6,28015.0,113869.3,0.04,480.63
2023-10-02 16:00:00+00:00,short,buy,28015.0,,113812.37,-0.05,480.58
2023-10-02 17:00:00+00:00,short,sell - direction_change,28015.0,27986.8,113870.02,0.05,480.63
2023-10-02 17:00:00+00:00,long,buy,27986.8,,113813.09,-0.05,480.58
2023-10-02 18:00:00+00:00,long,sell - direction_change,27986.8,28046.1,113997.34,0.16,480.74
2023-10-02 18:00:00+00:00,short,buy,28046.1,,113940.34,-0.05,480.69
2023-10-03 20:06:00+00:00,short,sell - take_profit,28046.1,27204.716999999997,117301.58,2.95,483.64
2023-10-03 21:00:00+00:00,short,buy,27384.5,,117242.93,-0.05,483.59
2023-10-04 02:00:00+00:00,short,sell - direction_change,27384.5,27323.0,117447.61,0.17,483.77
2023-10-04 02:00:00+00:00,long,buy,27323.0,,117388.88,-0.05,483.72
2023-10-04 03:00:00+00:00,long,sell - direction_change,27323.0,27398.8,117655.85,0.23,483.95
2023-10-04 03:00:00+00:00,short,buy,27398.8,,117597.02,-0.05,483.9
2023-10-04 04:00:00+00:00,short,sell - direction_change,27398.8,27416.3,117463.12,-0.11,483.78
2023-10-04 04:00:00+00:00,long,buy,27416.3,,117404.38,-0.05,483.73
2023-10-04 13:00:00+00:00,long,sell - direction_change,27416.3,27553.0,117931.07,0.45,484.18
2023-10-04 13:00:00+00:00,short,buy,27553.0,,117872.1,-0.05,484.13
2023-10-04 16:00:00+00:00,short,sell - direction_change,27553.0,27388.3,118517.76,0.55,484.68
2023-10-04 16:00:00+00:00,long,buy,27388.3,,118458.5,-0.05,484.63
2023-10-04 19:00:00+00:00,long,sell - direction_change,27388.3,27613.8,119374.59,0.77,485.4
2023-10-04 19:00:00+00:00,short,buy,27613.8,,119314.9,-0.05,485.35
2023-10-04 20:00:00+00:00,short,sell - direction_change,27613.8,27606.3,119287.65,-0.02,485.33
2023-10-04 20:00:00+00:00,long,buy,27606.3,,119228.01,-0.05,485.28
2023-10-05 07:00:00+00:00,long,sell - direction_change,27606.3,27643.0,119326.9,0.08,485.36
2023-10-05 07:00:00+00:00,short,buy,27643.0,,119267.23,-0.05,485.31
2023-10-05 10:00:00+00:00,short,sell - direction_change,27643.0,27672.3,119081.18,-0.16,485.16
2023-10-05 10:00:00+00:00,long,buy,27672.3,,119021.64,-0.05,485.11
2023-10-05 15:00:00+00:00,long,sell - direction_change,27672.3,27946.3,120140.64,0.94,486.05
2023-10-05 15:00:00+00:00,short,buy,27946.3,,120080.57,-0.05,486.0
2023-10-06 07:00:00+00:00,short,sell - direction_change,27946.3,27478.1,122032.3,1.63,487.62
2023-10-06 07:00:00+00:00,long,buy,27478.1,,121971.29,-0.05,487.57
2023-10-06 12:00:00+00:00,long,sell - direction_change,27478.1,27750.0,123117.22,0.94,488.51
2023-10-06 12:00:00+00:00,short,buy,27750.0,,123055.67,-0.05,488.46
2023-10-06 14:00:00+00:00,short,sell - direction_change,27750.0,27513.8,124041.55,0.8,489.26
2023-10-06 14:00:00+00:00,long,buy,27513.8,,123979.53,-0.05,489.21
2023-10-06 21:38:00+00:00,long,sell - take_profit,27513.8,28339.214,127636.93,2.95,492.16
2023-10-06 22:00:00+00:00,long,buy,28030.2,,127573.11,-0.05,492.11
2023-10-07 03:00:00+00:00,long,sell - direction_change,28030.2,27861.3,126740.61,-0.65,491.46
2023-10-07 03:00:00+00:00,short,buy,27861.3,,126677.24,-0.05,491.41
2023-10-07 08:00:00+00:00,short,sell - direction_change,27861.3,27878.1,126537.52,-0.11,491.3
2023-10-07 08:00:00+00:00,long,buy,27878.1,,126474.25,-0.05,491.25
2023-10-07 17:00:00+00:00,long,sell - direction_change,27878.1,27927.0,126632.86,0.13,491.37
2023-10-07 17:00:00+00:00,short,buy,27927.0,,126569.54,-0.05,491.32
2023-10-07 23:00:00+00:00,short,sell - direction_change,27927.0,27938.5,126454.14,-0.09,491.23
2023-10-07 23:00:00+00:00,long,buy,27938.5,,126390.91,-0.05,491.18
2023-10-08 04:00:00+00:00,long,sell - direction_change,27938.5,28050.0,126832.13,0.35,491.53
2023-10-08 04:00:00+00:00,short,buy,28050.0,,126768.71,-0.05,491.48
2023-10-08 14:00:00+00:00,short,sell - direction_change,28050.0,27898.1,127391.82,0.49,491.97
2023-10-08 14:00:00+00:00,long,buy,27898.1,,127328.13,-0.05,491.92
2023-10-08 15:00:00+00:00,long,sell - direction_change,27898.1,27917.0,127350.72,0.02,491.94
2023-10-08 15:00:00+00:00,short,buy,27917.0,,127287.05,-0.05,491.89
2023-10-08 20:00:00+00:00,short,sell - direction_change,27917.0,27880.3,127390.74,0.08,491.97
2023-10-08 20:00:00+00:00,long,buy,27880.3,,127327.04,-0.05,491.92
2023-10-09 00:00:00+00:00,long,sell - direction_change,27880.3,27901.2,127358.83,0.02,491.95
2023-10-09 00:00:00+00:00,short,buy,27901.2,,127295.15,-0.05,491.9
2023-10-09 01:00:00+00:00,short,sell - direction_change,27901.2,27808.8,127653.06,0.28,492.18
2023-10-09 01:00:00+00:00,long,buy,27808.8,,127589.23,-0.05,492.13
2023-10-09 05:00:00+00:00,long,sell - direction_change,27808.8,27916.6,128020.04,0.34,492.47
2023-10-09 05:00:00+00:00,short,buy,27916.6,,127956.03,-0.05,492.42
2023-10-09 21:00:00+00:00,short,sell - direction_change,27916.6,27556.1,129544.4,1.24,493.66
2023-10-09 21:00:00+00:00,long,buy,27556.1,,129479.63,-0.05,493.61
2023-10-10 05:00:00+00:00,long,sell - direction_change,27556.1,27584.6,129548.81,0.05,493.66
2023-10-10 05:00:00+00:00,short,buy,27584.6,,129484.03,-0.05,493.61
2023-10-10 06:00:00+00:00,short,sell - direction_change,27584.6,27595.9,129366.25,-0.09,493.52
2023-10-10 06:00:00+00:00,long,buy,27595.9,,129301.56,-0.05,493.47
2023-10-10 11:00:00+00:00,long,sell - direction_change,27595.9,27596.8,129241.13,-0.05,493.42
2023-10-10 11:00:00+00:00,short,buy,27596.8,,129176.51,-0.05,493.37
2023-10-11 15:27:00+00:00,short,sell - take_profit,27596.8,26768.895999999997,132987.22,2.95,496.32
2023-10-11 16:00:00+00:00,short,buy,26769.2,,132920.72,-0.05,496.27
2023-10-12 02:00:00+00:00,short,sell - direction_change,26769.2,26766.0,132870.15,-0.04,496.24
2023-10-12 02:00:00+00:00,long,buy,26766.0,,132803.72,-0.05,496.19
2023-10-12 07:00:00+00:00,long,sell - direction_change,26766.0,26852.4,133166.0,0.27,496.46
2023-10-12 07:00:00+00:00,short,buy,26852.4,,133099.42,-0.05,496.41
2023-10-13 00:00:00+00:00,short,sell - direction_change,26852.4,26744.0,133570.18,0.35,496.76
2023-10-13 00:00:00+00:00,long,buy,26744.0,,133503.39,-0.05,496.71
2023-10-13 09:00:00+00:00,long,sell - direction_change,26744.0,26783.1,133631.82,0.1,496.81
2023-10-13 09:00:00+00:00,short,buy,26783.1,,133565.01,-0.05,496.76
2023-10-13 10:00:00+00:00,short,sell - direction_change,26783.1,26725.7,133784.47,0.16,496.92
2023-10-13 10:00:00+00:00,long,buy,26725.7,,133717.58,-0.05,496.87
2023-10-13 14:00:00+00:00,long,sell - direction_change,26725.7,26843.0,134237.61,0.39,497.26
2023-10-13 14:00:00+00:00,short,buy,26843.0,,134170.49,-0.05,497.21
2023-10-13 20:00:00+00:00,short,sell - direction_change,26843.0,26769.0,134473.29,0.23,497.44
2023-10-13 20:00:00+00:00,long,buy,26769.0,,134406.05,-0.05,497.39
2023-10-14 06:00:00+00:00,long,sell - direction_change,26769.0,26874.2,134867.05,0.34,497.73
2023-10-14 06:00:00+00:00,short,buy,26874.2,,134799.62,-0.05,497.68
2023-10-14 08:00:00+00:00,short,sell - direction_change,26874.2,26860.4,134801.44,0.0,497.68
2023-10-14 08:00:00+00:00,long,buy,26860.4,,134734.04,-0.05,497.63
2023-10-14 10:00:00+00:00,long,sell - direction_change,26860.4,26870.7,134718.34,-0.01,497.62
2023-10-14 10:00:00+00:00,short,buy,26870.7,,134650.98,-0.05,497.57
2023-10-14 13:00:00+00:00,short,sell - direction_change,26870.7,26882.3,134525.52,-0.09,497.48
2023-10-14 13:00:00+00:00,long,buy,26882.3,,134458.26,-0.05,497.43
2023-10-14 18:00:00+00:00,long,sell - direction_change,26882.3,26875.0,134354.52,-0.08,497.35
2023-10-14 18:00:00+00:00,short,buy,26875.0,,134287.34,-0.05,497.3
2023-10-15 04:00:00+00:00,short,sell - direction_change,26875.0,26871.4,134238.19,-0.04,497.26
2023-10-15 04:00:00+00:00,long,buy,26871.4,,134171.07,-0.05,497.21
2023-10-15 11:00:00+00:00,long,sell - direction_change,26871.4,26880.8,134150.92,-0.02,497.2
2023-10-15 11:00:00+00:00,short,buy,26880.8,,134083.84,-0.05,497.15
2023-10-15 15:00:00+00:00,short,sell - direction_change,26880.8,26861.8,134111.57,0.02,497.17
2023-10-15 15:00:00+00:00,long,buy,26861.8,,134044.52,-0.05,497.12
2023-10-16 05:16:00+00:00,long,sell - take_profit,26861.8,27667.654,137998.83,2.95,500.07
2023-10-16 06:00:00+00:00,long,buy,27903.4,,137929.83,-0.05,500.02
2023-10-16 13:28:00+00:00,long,sell - take_profit,27903.4,28740.502000000004,141998.76,2.95,502.97
2023-10-16 14:00:00+00:00,long,buy,27986.5,,141927.76,-0.05,502.92
2023-10-17 04:00:00+00:00,long,sell - direction_change,27986.5,28259.9,143243.29,0.93,503.85
2023-10-17 04:00:00+00:00,short,buy,28259.9,,143171.67,-0.05,503.8
2023-10-17 07:00:00+00:00,short,sell - direction_change,28259.9,28214.7,143329.08,0.11,503.91
2023-10-17 07:00:00+00:00,long,buy,28214.7,,143257.41,-0.05,503.86
2023-10-17 12:00:00+00:00,long,sell - direction_change,28214.7,28408.8,144171.31,0.64,504.49
2023-10-17 12:00:00+00:00,short,buy,28408.8,,144099.22,-0.05,504.44
2023-10-17 14:00:00+00:00,short,sell - direction_change,28408.8,28276.5,144698.24,0.42,504.86
2023-10-17 14:00:00+00:00,long,buy,28276.5,,144625.89,-0.05,504.81
2023-10-17 18:00:00+00:00,long,sell - direction_change,28276.5,28414.8,145260.94,0.44,505.25
2023-10-17 18:00:00+00:00,short,buy,28414.8,,145188.31,-0.05,505.2
2023-10-17 19:00:00+00:00,short,sell - direction_change,28414.8,28334.0,145528.58,0.23,505.43
2023-10-17 19:00:00+00:00,long,buy,28334.0,,145455.81,-0.05,505.38
2023-10-17 23:00:00+00:00,long,sell - direction_change,28334.0,28405.4,145749.62,0.2,505.58
2023-10-17 23:00:00+00:00,short,buy,28405.4,,145676.75,-0.05,505.53
2023-10-18 03:00:00+00:00,short,sell - direction_change,28405.4,28455.6,145346.46,-0.23,505.31
2023-10-18 03:00:00+00:00,long,buy,28455.6,,145273.79,-0.05,505.26
2023-10-18 09:00:00+00:00,long,sell - direction_change,28455.6,28543.4,145649.39,0.26,505.52
2023-10-18 09:00:00+00:00,short,buy,28543.4,,145576.57,-0.05,505.47
2023-10-19 00:00:00+00:00,short,sell - direction_change,28543.4,28307.2,146708.44,0.78,506.24
2023-10-19 00:00:00+00:00,long,buy,28307.2,,146635.09,-0.05,506.19
2023-10-19 01:00:00+00:00,long,sell - direction_change,28307.2,28370.1,146887.6,0.17,506.37
2023-10-19 01:00:00+00:00,short,buy,28370.1,,146814.16,-0.05,506.32
2023-10-19 09:00:00+00:00,short,sell - direction_change,28370.1,28307.8,147063.15,0.17,506.49
2023-10-19 09:00:00+00:00,long,buy,28307.8,,146989.62,-0.05,506.44
2023-10-20 02:45:00+00:00,long,sell - take_profit,28307.8,29157.034,151325.81,2.95,509.39
2023-10-20 03:00:00+00:00,long,buy,28967.5,,151250.15,-0.05,509.34
2023-10-20 08:44:00+00:00,long,sell - take_profit,28967.5,29836.525,155712.03,2.95,512.29
2023-10-20 09:00:00+00:00,long,buy,29719.8,,155634.17,-0.05,512.24
2023-10-20 12:46:00+00:00,long,sell - stop_loss,29719.8,29422.602,154000.02,-1.05,511.19
2023-10-20 13:00:00+00:00,long,buy,29498.8,,153923.02,-0.05,511.14
2023-10-20 18:00:00+00:00,long,sell - direction_change,29498.8,29504.2,153874.23,-0.03,511.1
2023-10-20 18:00:00+00:00,short,buy,29504.2,,153797.29,-0.05,511.05
2023-10-20 19:00:00+00:00,short,sell - direction_change,29504.2,29468.8,153904.93,0.07,511.12
2023-10-20 19:00:00+00:00,long,buy,29468.8,,153827.97,-0.05,511.07
2023-10-20 21:00:00+00:00,long,sell - direction_change,29468.8,29565.9,154257.92,0.28,511.35
2023-10-20 21:00:00+00:00,short,buy,29565.9,,154180.79,-0.05,511.3
2023-10-20 22:00:00+00:00,short,sell - direction_change,29565.9,29597.9,153936.83,-0.16,511.15
2023-10-20 22:00:00+00:00,long,buy,29597.9,,153859.86,-0.05,511.1
2023-10-21 01:00:00+00:00,long,sell - direction_change,29597.9,29615.1,153872.34,0.01,511.1
2023-10-21 01:00:00+00:00,short,buy,29615.1,,153795.41,-0.05,511.05
2023-10-21 03:00:00+00:00,short,sell - direction_change,29615.1,29472.0,154461.65,0.43,511.49
2023-10-21 03:00:00+00:00,long,buy,29472.0,,154384.42,-0.05,511.44
2023-10-21 04:00:00+00:00,long,sell - direction_change,29472.0,29591.0,154930.59,0.35,511.79
2023-10-21 04:00:00+00:00,short,buy,29591.0,,154853.12,-0.05,511.74
2023-10-21 05:00:00+00:00,short,sell - direction_change,29591.0,29540.4,155040.49,0.12,511.86
2023-10-21 05:00:00+00:00,long,buy,29540.4,,154962.97,-0.05,511.81
2023-10-22 03:00:00+00:00,long,sell - direction_change,29540.4,29852.2,156521.13,1.01,512.82
2023-10-22 03:00:00+00:00,short,buy,29852.2,,156442.87,-0.05,512.77
2023-10-22 05:00:00+00:00,short,sell - direction_change,29852.2,29944.2,155882.51,-0.36,512.41
2023-10-22 05:00:00+00:00,long,buy,29944.2,,155804.57,-0.05,512.36
2023-10-22 07:00:00+00:00,long,sell - direction_change,29944.2,30062.1,156340.12,0.34,512.7
2023-10-22 07:00:00+00:00,short,buy,30062.1,,156261.95,-0.05,512.65
2023-10-22 22:00:00+00:00,short,sell - direction_change,30062.1,29740.5,157855.49,1.02,513.67
2023-10-22 22:00:00+00:00,long,buy,29740.5,,157776.56,-0.05,513.62
2023-10-23 01:32:00+00:00,long,sell - take_profit,29740.5,30632.715,162430.97,2.95,516.57
2023-10-23 02:00:00+00:00,long,buy,30336.7,,162349.76,-0.05,516.52
2023-10-23 16:55:00+00:00,long,sell - take_profit,30336.7,31246.801000000003,167139.07,2.95,519.47
2023-10-23 17:00:00+00:00,long,buy,31197.5,,167055.5,-0.05,519.42
2023-10-23 17:28:00+00:00,long,sell - stop_loss,31197.5,30885.525,165301.42,-1.05,518.37
2023-10-23 18:00:00+00:00,long,buy,30964.1,,165218.77,-0.05,518.32
2023-10-23 18:44:00+00:00,long,sell - stop_loss,30964.1,30654.459,163483.97,-1.05,517.27
2023-10-23 19:00:00+00:00,long,buy,31156.5,,163402.23,-0.05,517.22
2023-10-23 22:28:00+00:00,long,sell - take_profit,31156.5,32091.195,168222.6,2.95,520.17
2023-10-23 23:00:00+00:00,long,buy,33358.8,,168138.49,-0.05,520.12
2023-10-23 23:10:00+00:00,long,sell - stop_loss,33358.8,33025.212,166373.03,-1.05,519.07
2023-10-24 00:00:00+00:00,long,buy,33074.0,,166289.85,-0.05,519.02
2023-10-24 01:58:00+00:00,long,sell - take_profit,33074.0,34066.22,171195.4,2.95,521.97
2023-10-24 02:00:00+00:00,long,buy,34182.2,,171109.8,-0.05,521.92
2023-10-24 02:26:00+00:00,long,sell - take_profit,34182.2,35207.666,176157.54,2.95,524.87
2023-10-24 03:00:00+00:00,long,buy,34566.0,,176069.46,-0.05,524.82
2023-10-24 03:56:00+00:00,long,sell - stop_loss,34566.0,34220.34,174220.73,-1.05,523.77
2023-10-24 04:00:00+00:00,long,buy,34071.1,,174133.62,-0.05,523.72
2023-10-24 07:27:00+00:00,long,sell - stop_loss,34071.1,33730.388999999996,172305.22,-1.05,522.67
2023-10-24 08:00:00+00:00,long,buy,34025.8,,172219.06,-0.05,522.62
2023-10-24 15:26:00+00:00,long,sell - stop_loss,34025.8,33685.542,170410.76,-1.05,521.57
2023-10-24 16:00:00+00:00,long,buy,33673.9,,170325.56,-0.05,521.52
2023-10-24 19:00:00+00:00,long,sell - direction_change,33673.9,33860.9,171186.26,0.51,522.03
2023-10-24 19:00:00+00:00,short,buy,33860.9,,171100.66,-0.05,521.98
2023-10-24 21:00:00+00:00,short,sell - direction_change,33860.9,33659.1,172034.82,0.55,522.52
2023-10-24 21:00:00+00:00,long,buy,33659.1,,171948.8,-0.05,522.47
2023-10-24 23:00:00+00:00,long,sell - direction_change,33659.1,34152.6,174383.89,1.42,523.89
2023-10-24 23:00:00+00:00,short,buy,34152.6,,174296.7,-0.05,523.84
2023-10-25 04:00:00+00:00,short,sell - direction_change,34152.6,34003.7,174969.46,0.39,524.23
2023-10-25 04:00:00+00:00,long,buy,34003.7,,174881.97,-0.05,524.18
2023-10-25 07:00:00+00:00,long,sell - direction_change,34003.7,34122.8,175407.06,0.3,524.48
2023-10-25 07:00:00+00:00,short,buy,34122.8,,175319.36,-0.05,524.43
2023-10-25 09:00:00+00:00,short,sell - direction_change,34122.8,33944.4,176148.3,0.47,524.9
2023-10-25 09:00:00+00:00,long,buy,33944.4,,176060.23,-0.05,524.85
2023-10-25 15:33:00+00:00,long,sell - take_profit,33944.4,34962.732,181254.0,2.95,527.8
2023-10-25 16:00:00+00:00,long,buy,34841.5,,181163.38,-0.05,527.75
2023-10-25 16:42:00+00:00,long,sell - stop_loss,34841.5,34493.085,179261.16,-1.05,526.7
2023-10-25 17:00:00+00:00,long,buy,34473.3,,179171.53,-0.05,526.65
2023-10-26 05:00:00+00:00,long,sell - direction_change,34473.3,34699.8,180259.16,0.61,527.26
2023-10-26 05:00:00+00:00,short,buy,34699.8,,180169.03,-0.05,527.21
2023-10-26 06:00:00+00:00,short,sell - direction_change,34699.8,34518.7,181019.25,0.47,527.68
2023-10-26 06:00:00+00:00,long,buy,34518.7,,180928.74,-0.05,527.63
2023-10-26 08:00:00+00:00,long,sell - direction_change,34518.7,34648.6,181519.15,0.33,527.95
2023-10-26 08:00:00+00:00,short,buy,34648.6,,181428.39,-0.05,527.9
2023-10-27 03:00:00+00:00,short,sell - direction_change,34648.6,34093.0,184246.93,1.55,529.46
2023-10-27 03:00:00+00:00,long,buy,34093.0,,184154.8,-0.05,529.41
2023-10-27 07:00:00+00:00,long,sell - direction_change,34093.0,34242.4,184869.72,0.39,529.8
2023-10-27 07:00:00+00:00,short,buy,34242.4,,184777.28,-0.05,529.75
2023-10-27 09:00:00+00:00,short,sell - direction_change,34242.4,34092.1,185495.94,0.39,530.13
2023-10-27 09:00:00+00:00,long,buy,34092.1,,185403.19,-0.05,530.08
2023-10-27 11:00:00+00:00,long,sell - direction_change,34092.1,34080.6,185247.95,-0.08,530.0
2023-10-27 11:00:00+00:00,short,buy,34080.6,,185155.32,-0.05,529.95
2023-10-27 12:00:00+00:00,short,sell - direction_change,34080.6,34055.1,185201.28,0.02,529.98
2023-10-27 12:00:00+00:00,long,buy,34055.1,,185108.68,-0.05,529.93
2023-10-27 14:00:00+00:00,long,sell - direction_change,34055.1,34167.3,185626.0,0.28,530.21
2023-10-27 14:00:00+00:00,short,buy,34167.3,,185533.19,-0.05,530.16
2023-10-28 02:00:00+00:00,short,sell - direction_change,34167.3,33924.4,186759.4,0.66,530.82
2023-10-28 02:00:00+00:00,long,buy,33924.4,,186666.02,-0.05,530.77
2023-10-28 23:00:00+00:00,long,sell - direction_change,33924.4,34106.0,187571.92,0.49,531.25
2023-10-28 23:00:00+00:00,short,buy,34106.0,,187478.14,-0.05,531.2
2023-10-29 08:00:00+00:00,short,sell - direction_change,34106.0,34086.1,187493.79,0.01,531.21
2023-10-29 08:00:00+00:00,long,buy,34086.1,,187400.04,-0.05,531.16
2023-10-30 00:00:00+00:00,long,sell - direction_change,34086.1,34528.6,189739.14,1.25,532.41
2023-10-30 00:00:00+00:00,short,buy,34528.6,,189644.27,-0.05,532.36
2023-10-30 09:00:00+00:00,short,sell - direction_change,34528.6,34385.5,190335.41,0.36,532.72
2023-10-30 09:00:00+00:00,long,buy,34385.5,,190240.24,-0.05,532.67
2023-10-30 17:00:00+00:00,long,sell - direction_change,34385.5,34471.1,190618.71,0.2,532.87
2023-10-30 17:00:00+00:00,short,buy,34471.1,,190523.4,-0.05,532.82
2023-10-31 00:00:00+00:00,short,sell - direction_change,34471.1,34483.8,190357.94,-0.09,532.73
2023-10-31 00:00:00+00:00,long,buy,34483.8,,190262.76,-0.05,532.68
2023-10-31 01:00:00+00:00,long,sell - direction_change,34483.8,34525.5,190397.71,0.07,532.76
2023-10-31 01:00:00+00:00,short,buy,34525.5,,190302.51,-0.05,532.71
2023-10-31 11:00:00+00:00,short,sell - direction_change,34525.5,34453.9,190602.01,0.16,532.86
2023-10-31 11:00:00+00:00,long,buy,34453.9,,190506.71,-0.05,532.81
2023-10-31 12:00:00+00:00,long,sell - direction_change,34453.9,34504.1,190689.03,0.1,532.91
2023-10-31 12:00:00+00:00,short,buy,34504.1,,190593.69,-0.05,532.86
2023-10-31 16:00:00+00:00,short,sell - direction_change,34504.1,34290.3,191679.38,0.57,533.43
2023-10-31 16:00:00+00:00,long,buy,34290.3,,191583.54,-0.05,533.38
2023-11-01 03:00:00+00:00,long,sell - direction_change,34290.3,34466.2,192470.52,0.46,533.84
2023-11-01 03:00:00+00:00,short,buy,34466.2,,192374.28,-0.05,533.79
2023-11-01 12:00:00+00:00,short,sell - direction_change,34466.2,34442.9,192408.15,0.02,533.81
2023-11-01 12:00:00+00:00,long,buy,34442.9,,192311.94,-0.05,533.76
2023-11-01 14:00:00+00:00,long,sell - direction_change,34442.9,34612.8,193164.42,0.44,534.2
2023-11-01 14:00:00+00:00,short,buy,34612.8,,193067.84,-0.05,534.15
2023-11-01 17:00:00+00:00,short,sell - direction_change,34612.8,34458.4,193832.54,0.4,534.55
2023-11-01 17:00:00+00:00,long,buy,34458.4,,193735.62,-0.05,534.5
2023-11-01 20:58:00+00:00,long,sell - take_profit,34458.4,35492.152,199450.82,2.95,537.45
2023-11-01 21:00:00+00:00,long,buy,35494.5,,199351.1,-0.05,537.4
2023-11-01 21:09:00+00:00,long,sell - stop_loss,35494.5,35139.555,197257.91,-1.05,536.35
2023-11-01 22:00:00+00:00,long,buy,35409.3,,197159.28,-0.05,536.3
2023-11-02 06:21:00+00:00,long,sell - stop_loss,35409.3,35055.207,195089.11,-1.05,535.25
2023-11-02 07:00:00+00:00,long,buy,35227.9,,194991.57,-0.05,535.2
2023-11-02 13:00:00+00:00,long,sell - direction_change,35227.9,35356.9,195608.1,0.32,535.51
2023-11-02 13:00:00+00:00,short,buy,35356.9,,195510.3,-0.05,535.46
2023-11-03 08:49:00+00:00,short,sell - take_profit,35356.9,34296.193,201277.85,2.95,538.41
2023-11-03 09:00:00+00:00,short,buy,34427.9,,201177.21,-0.05,538.36
2023-11-03 13:00:00+00:00,short,sell - direction_change,34427.9,34405.9,201205.18,0.01,538.38
2023-11-03 13:00:00+00:00,long,buy,34405.9,,201104.58,-0.05,538.33
2023-11-03 17:00:00+00:00,long,sell - direction_change,34405.9,34661.8,202499.78,0.69,539.02
2023-11-03 17:00:00+00:00,short,buy,34661.8,,202398.53,-0.05,538.97
2023-11-03 18:00:00+00:00,short,sell - direction_change,34661.8,34407.4,203782.83,0.68,539.66
2023-11-03 18:00:00+00:00,long,buy,34407.4,,203680.94,-0.05,539.61
2023-11-04 11:00:00+00:00,long,sell - direction_change,34407.4,34724.5,205456.23,0.87,540.48
2023-11-04 11:00:00+00:00,short,buy,34724.5,,205353.5,-0.05,540.43
2023-11-04 12:00:00+00:00,short,sell - direction_change,34724.5,34706.2,205359.05,0.0,540.43
2023-11-04 12:00:00+00:00,long,buy,34706.2,,205256.37,-0.05,540.38
2023-11-04 13:00:00+00:00,long,sell - direction_change,34706.2,34750.1,205413.37,0.08,540.46
2023-11-04 13:00:00+00:00,short,buy,34750.1,,205310.66,-0.05,540.41
2023-11-04 14:00:00+00:00,short,sell - direction_change,34750.1,34696.2,205526.46,0.11,540.51
2023-11-04 14:00:00+00:00,long,buy,34696.2,,205423.7,-0.05,540.46
2023-11-04 15:00:00+00:00,long,sell - direction_change,34696.2,34730.3,205522.88,0.05,540.51
2023-11-04 15:00:00+00:00,short,buy,34730.3,,205420.12,-0.05,540.46
2023-11-04 17:00:00+00:00,short,sell - direction_change,34730.3,34693.9,205532.7,0.05,540.52
2023-11-04 17:00:00+00:00,long,buy,34693.9,,205429.94,-0.05,540.47
2023-11-04 19:00:00+00:00,long,sell - direction_change,34693.9,34775.9,205812.76,0.19,540.65
2023-11-04 19:00:00+00:00,short,buy,34775.9,,205709.86,-0.05,540.6
2023-11-04 20:00:00+00:00,short,sell - direction_change,34775.9,34721.1,205931.16,0.11,540.71
2023-11-04 20:00:00+00:00,long,buy,34721.1,,205828.19,-0.05,540.66
2023-11-05 13:00:00+00:00,long,sell - direction_change,34721.1,35096.1,207948.3,1.03,541.69
2023-11-05 13:00:00+00:00,short,buy,35096.1,,207844.32,-0.05,541.64
2023-11-05 18:00:00+00:00,short,sell - direction_change,35096.1,35083.9,207812.65,-0.02,541.62
2023-11-05 18:00:00+00:00,long,buy,35083.9,,207708.74,-0.05,541.57
2023-11-05 19:00:00+00:00,long,sell - direction_change,35083.9,35050.0,207404.19,-0.15,541.43
2023-11-05 19:00:00+00:00,short,buy,35050.0,,207300.49,-0.05,541.38
2023-11-05 23:04:00+00:00,short,sell - stop_loss,35050.0,35400.5,205123.83,-1.05,540.33
2023-11-06 00:00:00+00:00,short,buy,35025.5,,205021.27,-0.05,540.28
2023-11-06 09:00:00+00:00,short,sell - direction_change,35025.5,34971.2,205236.6,0.11,540.38
2023-11-06 09:00:00+00:00,long,buy,34971.2,,205133.98,-0.05,540.33
2023-11-06 16:00:00+00:00,long,sell - direction_change,34971.2,35094.5,205754.67,0.3,540.63
2023-11-06 16:00:00+00:00,short,buy,35094.5,,205651.79,-0.05,540.58
2023-11-06 19:00:00+00:00,short,sell - direction_change,35094.5,34966.9,206296.7,0.31,540.9
2023-11-06 19:00:00+00:00,long,buy,34966.9,,206193.55,-0.05,540.85
2023-11-06 20:00:00+00:00,long,sell - direction_change,34966.9,35076.7,206737.92,0.26,541.11
2023-11-06 20:00:00+00:00,short,buy,35076.7,,206634.55,-0.05,541.06
2023-11-06 22:00:00+00:00,short,sell - direction_change,35076.7,35039.8,206748.61,0.06,541.12
2023-11-06 22:00:00+00:00,long,buy,35039.8,,206645.24,-0.05,541.07
2023-11-06 23:00:00+00:00,long,sell - direction_change,35039.8,35131.0,207079.76,0.21,541.28
2023-11-06 23:00:00+00:00,short,buy,35131.0,,206976.22,-0.05,541.23
2023-11-07 18:00:00+00:00,short,sell - direction_change,35131.0,34854.5,208501.75,0.74,541.96
2023-11-07 18:00:00+00:00,long,buy,34854.5,,208397.5,-0.05,541.91
2023-11-07 20:57:00+00:00,long,sell - take_profit,34854.5,35900.135,214545.22,2.95,544.86
2023-11-07 21:00:00+00:00,long,buy,35638.6,,214437.95,-0.05,544.81
2023-11-07 22:15:00+00:00,long,sell - stop_loss,35638.6,35282.214,212186.35,-1.05,543.76
2023-11-07 23:00:00+00:00,long,buy,35293.3,,212080.26,-0.05,543.71
2023-11-08 07:00:00+00:00,long,sell - direction_change,35293.3,35294.0,211978.43,-0.05,543.67
2023-11-08 07:00:00+00:00,short,buy,35294.0,,211872.44,-0.05,543.62
2023-11-08 08:00:00+00:00,short,sell - direction_change,35294.0,35239.5,212093.67,0.1,543.72
2023-11-08 08:00:00+00:00,long,buy,35239.5,,211987.62,-0.05,543.67
2023-11-08 09:00:00+00:00,long,sell - direction_change,35239.5,35312.5,212320.77,0.16,543.83
2023-11-08 09:00:00+00:00,short,buy,35312.5,,212214.61,-0.05,543.78
2023-11-08 10:00:00+00:00,short,sell - direction_change,35312.5,35296.5,212204.65,-0.0,543.77
2023-11-08 10:00:00+00:00,long,buy,35296.5,,212098.55,-0.05,543.72
2023-11-08 14:00:00+00:00,long,sell - direction_change,35296.5,35420.6,212738.23,0.3,544.03
2023-11-08 14:00:00+00:00,short,buy,35420.6,,212631.86,-0.05,543.98
2023-11-08 16:00:00+00:00,short,sell - direction_change,35420.6,35231.4,213661.32,0.48,544.46
2023-11-08 16:00:00+00:00,long,buy,35231.4,,213554.49,-0.05,544.41
2023-11-09 02:23:00+00:00,long,sell - take_profit,35231.4,36288.342000000004,219854.35,2.95,547.36
2023-11-09 03:00:00+00:00,long,buy,36382.5,,219744.42,-0.05,547.31
2023-11-09 14:11:00+00:00,long,sell - take_profit,36382.5,37473.975,226226.88,2.95,550.26
2023-11-09 15:00:00+00:00,long,buy,37922.4,,226113.77,-0.05,550.21
2023-11-09 15:25:00+00:00,long,sell - stop_loss,37922.4,37543.176,223739.57,-1.05,549.16
2023-11-09 16:00:00+00:00,long,buy,37141.5,,223627.7,-0.05,549.11
2023-11-09 16:11:00+00:00,long,sell - stop_loss,37141.5,36770.085,221279.61,-1.05,548.06
2023-11-09 17:00:00+00:00,long,buy,36360.0,,221168.97,-0.05,548.01
2023-11-09 20:00:00+00:00,long,sell - direction_change,36360.0,36399.4,221298.05,0.06,548.07
2023-11-09 20:00:00+00:00,short,buy,36399.4,,221187.4,-0.05,548.02
2023-11-09 21:26:00+00:00,short,sell - stop_loss,36399.4,36763.394,218864.93,-1.05,546.97
2023-11-09 22:00:00+00:00,short,buy,36549.3,,218755.5,-0.05,546.92
2023-11-10 03:00:00+00:00,short,sell - direction_change,36549.3,36878.6,216675.19,-0.95,545.97
2023-11-10 03:00:00+00:00,long,buy,36878.6,,216566.85,-0.05,545.92
2023-11-10 06:00:00+00:00,long,sell - direction_change,36878.6,36775.8,215854.88,-0.33,545.59
2023-11-10 06:00:00+00:00,short,buy,36775.8,,215746.95,-0.05,545.54
2023-11-10 10:00:00+00:00,short,sell - direction_change,36775.8,36584.4,216761.94,0.47,546.01
2023-11-10 10:00:00+00:00,long,buy,36584.4,,216653.56,-0.05,545.96
2023-11-11 01:00:00+00:00,long,sell - direction_change,36584.4,37313.5,220862.97,1.94,547.9
2023-11-11 01:00:00+00:00,short,buy,37313.5,,220752.54,-0.05,547.85
2023-11-11 13:00:00+00:00,short,sell - direction_change,37313.5,37125.9,221752.04,0.45,548.3
2023-11-11 13:00:00+00:00,long,buy,37125.9,,221641.16,-0.05,548.25
2023-11-11 15:00:00+00:00,long,sell - direction_change,37125.9,37259.0,222324.95,0.31,548.56
2023-11-11 15:00:00+00:00,short,buy,37259.0,,222213.78,-0.05,548.51
2023-11-11 18:00:00+00:00,short,sell - direction_change,37259.0,37133.9,222848.78,0.29,548.8
2023-11-11 18:00:00+00:00,long,buy,37133.9,,222737.35,-0.05,548.75
2023-11-11 20:00:00+00:00,long,sell - direction_change,37133.9,37177.8,222889.31,0.07,548.82
2023-11-11 20:00:00+00:00,short,buy,37177.8,,222777.86,-0.05,548.77
2023-11-12 07:00:00+00:00,short,sell - direction_change,37177.8,37167.1,222730.59,-0.02,548.75
2023-11-12 07:00:00+00:00,long,buy,37167.1,,222619.22,-0.05,548.7
2023-11-12 09:00:00+00:00,long,sell - direction_change,37167.1,37127.7,222271.92,-0.16,548.54
2023-11-12 09:00:00+00:00,short,buy,37127.7,,222160.79,-0.05,548.49
2023-11-12 10:00:00+00:00,short,sell - direction_change,37127.7,37089.6,222277.68,0.05,548.54
2023-11-12 10:00:00+00:00,long,buy,37089.6,,222166.54,-0.05,548.49
2023-11-12 12:00:00+00:00,long,sell - direction_change,37089.6,37087.6,222043.48,-0.06,548.44
2023-11-12 12:00:00+00:00,short,buy,37087.6,,221932.46,-0.05,548.39
2023-11-12 13:00:00+00:00,short,sell - direction_change,37087.6,37035.9,222130.87,0.09,548.48
2023-11-12 13:00:00+00:00,long,buy,37035.9,,222019.8,-0.05,548.43
2023-11-12 23:00:00+00:00,long,sell - direction_change,37035.9,37185.0,222802.6,0.35,548.78
2023-11-12 23:00:00+00:00,short,buy,37185.0,,222691.2,-0.05,548.73
2023-11-13 01:00:00+00:00,short,sell - direction_change,37185.0,37117.1,222986.49,0.13,548.86
2023-11-13 01:00:00+00:00,long,buy,37117.1,,222875.0,-0.05,548.81
2023-11-13 03:00:00+00:00,long,sell - direction_change,37117.1,37166.0,223057.19,0.08,548.89
2023-11-13 03:00:00+00:00,short,buy,37166.0,,222945.66,-0.05,548.84
2023-11-14 07:00:00+00:00,short,sell - direction_change,37166.0,36676.9,225768.12,1.27,550.11
2023-11-14 07:00:00+00:00,long,buy,36676.9,,225655.24,-0.05,550.06
2023-11-14 09:00:00+00:00,long,sell - direction_change,36676.9,36765.0,226084.45,0.19,550.25
2023-11-14 09:00:00+00:00,short,buy,36765.0,,225971.41,-0.05,550.2
2023-11-14 13:00:00+00:00,short,sell - direction_change,36765.0,36376.9,228243.83,1.01,551.2
2023-11-14 13:00:00+00:00,long,buy,36376.9,,228129.71,-0.05,551.15
2023-11-14 15:00:00+00:00,long,sell - direction_change,36376.9,36616.1,229515.73,0.61,551.76
2023-11-14 15:00:00+00:00,short,buy,36616.1,,229400.97,-0.05,551.71
2023-11-14 18:51:00+00:00,short,sell - take_profit,36616.1,35517.617,236168.3,2.95,554.66
2023-11-14 19:00:00+00:00,short,buy,35242.4,,236050.22,-0.05,554.61
2023-11-14 21:52:00+00:00,short,sell - stop_loss,35242.4,35594.824,233571.69,-1.05,553.56
2023-11-14 22:00:00+00:00,short,buy,35594.2,,233454.91,-0.05,553.51
2023-11-15 06:00:00+00:00,short,sell - direction_change,35594.2,35619.3,233173.55,-0.12,553.39
2023-11-15 06:00:00+00:00,long,buy,35619.3,,233056.97,-0.05,553.34
2023-11-15 18:11:00+00:00,long,sell - take_profit,35619.3,36687.879,239932.15,2.95,556.29
2023-11-15 19:00:00+00:00,long,buy,37413.8,,239812.18,-0.05,556.24
2023-11-16 07:00:00+00:00,long,sell - direction_change,37413.8,37589.9,240821.03,0.42,556.66
2023-11-16 07:00:00+00:00,short,buy,37589.9,,240700.62,-0.05,556.61
2023-11-16 14:30:00+00:00,short,sell - take_profit,37589.9,36462.203,247801.28,2.95,559.56
2023-11-16 15:00:00+00:00,short,buy,36725.5,,247677.38,-0.05,559.51
2023-11-16 19:32:00+00:00,short,sell - take_profit,36725.5,35623.735,254983.87,2.95,562.46
2023-11-16 20:00:00+00:00,short,buy,35936.4,,254856.37,-0.05,562.41
2023-11-17 00:39:00+00:00,short,sell - stop_loss,35936.4,36295.764,252180.38,-1.05,561.36
2023-11-17 01:00:00+00:00,long,buy,36379.1,,252054.29,-0.05,561.31
2023-11-17 02:00:00+00:00,long,sell - direction_change,36379.1,36572.0,253264.78,0.48,561.79
2023-11-17 02:00:00+00:00,short,buy,36572.0,,253138.15,-0.05,561.74
2023-11-17 04:00:00+00:00,short,sell - direction_change,36572.0,36495.9,253538.32,0.16,561.9
2023-11-17 04:00:00+00:00,long,buy,36495.9,,253411.55,-0.05,561.85
2023-11-17 07:00:00+00:00,long,sell - direction_change,36495.9,36363.3,252364.13,-0.41,561.44
2023-11-17 07:00:00+00:00,short,buy,36363.3,,252237.94,-0.05,561.39
2023-11-17 08:00:00+00:00,short,sell - direction_change,36363.3,36251.9,252884.56,0.26,561.64
2023-11-17 08:00:00+00:00,long,buy,36251.9,,252758.12,-0.05,561.59
2023-11-17 10:00:00+00:00,long,sell - direction_change,36251.9,36327.0,253155.36,0.16,561.75
2023-11-17 10:00:00+00:00,short,buy,36327.0,,253028.78,-0.05,561.7
2023-11-17 12:00:00+00:00,short,sell - direction_change,36327.0,36383.9,252505.94,-0.21,561.49
2023-11-17 12:00:00+00:00,long,buy,36383.9,,252379.69,-0.05,561.44
2023-11-17 13:00:00+00:00,long,sell - direction_change,36383.9,36540.9,253342.54,0.38,561.83
2023-11-17 13:00:00+00:00,short,buy,36540.9,,253215.87,-0.05,561.78
2023-11-17 17:00:00+00:00,short,sell - direction_change,36540.9,35995.0,256872.16,1.44,563.22
2023-11-17 17:00:00+00:00,long,buy,35995.0,,256743.73,-0.05,563.17
2023-11-18 04:00:00+00:00,long,sell - direction_change,35995.0,36385.0,259397.13,1.03,564.2
2023-11-18 04:00:00+00:00,short,buy,36385.0,,259267.43,-0.05,564.15
2023-11-18 07:00:00+00:00,short,sell - direction_change,36385.0,36267.3,259976.49,0.27,564.43
2023-11-18 07:00:00+00:00,long,buy,36267.3,,259846.5,-0.05,564.38
2023-11-18 09:00:00+00:00,long,sell - direction_change,36267.3,36457.2,261077.17,0.47,564.85
2023-11-18 09:00:00+00:00,short,buy,36457.2,,260946.63,-0.05,564.8
2023-11-18 10:00:00+00:00,short,sell - direction_change,36457.2,36410.0,261153.99,0.08,564.88
2023-11-18 10:00:00+00:00,long,buy,36410.0,,261023.42,-0.05,564.83
2023-11-19 00:00:00+00:00,long,sell - direction_change,36410.0,36580.9,262118.09,0.42,565.25
2023-11-19 00:00:00+00:00,short,buy,36580.9,,261987.03,-0.05,565.2
2023-11-19 06:00:00+00:00,short,sell - direction_change,36580.9,36522.0,262277.87,0.11,565.31
2023-11-19 06:00:00+00:00,long,buy,36522.0,,262146.73,-0.05,565.26
2023-11-19 10:00:00+00:00,long,sell - direction_change,36522.0,36638.7,262853.3,0.27,565.53
2023-11-19 10:00:00+00:00,short,buy,36638.7,,262721.87,-0.05,565.48
2023-11-19 15:00:00+00:00,short,sell - direction_change,36638.7,36468.0,263814.54,0.42,565.9
2023-11-19 15:00:00+00:00,long,buy,36468.0,,263682.63,-0.05,565.85
2023-11-19 16:00:00+00:00,long,sell - direction_change,36468.0,36575.1,264325.18,0.24,566.09
2023-11-19 16:00:00+00:00,short,buy,36575.1,,264193.01,-0.05,566.04
2023-11-19 17:00:00+00:00,short,sell - direction_change,36575.1,36560.5,264166.38,-0.01,566.03
2023-11-19 17:00:00+00:00,long,buy,36560.5,,264034.3,-0.05,565.98
2023-11-20 11:00:00+00:00,long,sell - direction_change,36560.5,37300.8,269248.61,1.97,567.95
2023-11-20 11:00:00+00:00,short,buy,37300.8,,269113.99,-0.05,567.9
2023-11-20 14:00:00+00:00,short,sell - direction_change,37300.8,37107.2,270376.19,0.47,568.37
2023-11-20 14:00:00+00:00,long,buy,37107.2,,270241.01,-0.05,568.32
2023-11-20 14:11:00+00:00,long,sell - stop_loss,37107.2,36736.128,267403.48,-1.05,567.27
2023-11-20 15:00:00+00:00,long,buy,37435.5,,267269.77,-0.05,567.22
2023-11-20 17:28:00+00:00,long,sell - stop_loss,37435.5,37061.145,264463.44,-1.05,566.17
2023-11-20 18:00:00+00:00,long,buy,37598.0,,264331.21,-0.05,566.12
2023-11-21 04:00:00+00:00,long,sell - direction_change,37598.0,37485.4,263407.41,-0.35,565.77
2023-11-21 04:00:00+00:00,short,buy,37485.4,,263275.71,-0.05,565.72
2023-11-21 15:03:00+00:00,short,sell - take_profit,37485.4,36360.838,271042.34,2.95,568.67
2023-11-21 16:00:00+00:00,short,buy,36975.8,,270906.82,-0.05,568.62
2023-11-21 17:14:00+00:00,short,sell - stop_loss,36975.8,37345.558000000005,268062.3,-1.05,567.57
2023-11-21 18:00:00+00:00,short,buy,36913.6,,267928.27,-0.05,567.52
2023-11-21 23:57:00+00:00,short,sell - take_profit,36913.6,35806.191999999995,275832.15,2.95,570.47
2023-11-22 00:00:00+00:00,short,buy,35737.0,,275694.24,-0.05,570.42
2023-11-22 00:28:00+00:00,short,sell - stop_loss,35737.0,36094.37,272799.45,-1.05,569.37
2023-11-22 01:00:00+00:00,short,buy,36109.9,,272663.05,-0.05,569.32
2023-11-22 05:07:00+00:00,short,sell - stop_loss,36109.9,36470.999,269800.09,-1.05,568.27
2023-11-22 06:00:00+00:00,short,buy,36358.9,,269665.19,-0.05,568.22
2023-11-22 08:00:00+00:00,short,sell - direction_change,36358.9,36430.7,268997.83,-0.25,567.98
2023-11-22 08:00:00+00:00,long,buy,36430.7,,268863.33,-0.05,567.93
2023-11-22 14:00:00+00:00,long,sell - direction_change,36430.7,36597.3,269958.43,0.41,568.33
2023-11-22 14:00:00+00:00,short,buy,36597.3,,269823.45,-0.05,568.28
2023-11-22 15:00:00+00:00,short,sell - direction_change,36597.3,36402.1,271127.7,0.48,568.77
2023-11-22 15:00:00+00:00,long,buy,36402.1,,270992.14,-0.05,568.72
2023-11-22 16:00:00+00:00,long,sell - direction_change,36402.1,36480.6,271441.03,0.17,568.88
2023-11-22 16:00:00+00:00,short,buy,36480.6,,271305.31,-0.05,568.83
2023-11-22 17:00:00+00:00,short,sell - direction_change,36480.6,36470.0,271248.49,-0.02,568.81
2023-11-22 17:00:00+00:00,long,buy,36470.0,,271112.86,-0.05,568.76
2023-11-22 20:47:00+00:00,long,sell - take_profit,36470.0,37564.1,279110.69,2.95,571.71
2023-11-22 21:00:00+00:00,long,buy,37629.7,,278971.14,-0.05,571.66
2023-11-22 23:24:00+00:00,long,sell - stop_loss,37629.7,37253.403,276041.94,-1.05,570.61
2023-11-23 00:00:00+00:00,long,buy,37413.5,,275903.92,-0.05,570.56
2023-11-23 06:00:00+00:00,long,sell - direction_change,37413.5,37331.6,275162.0,-0.27,570.29
2023-11-23 06:00:00+00:00,short,buy,37331.6,,275024.42,-0.05,570.24
2023-11-23 08:00:00+00:00,short,sell - direction_change,37331.6,37378.5,274541.39,-0.18,570.07
2023-11-23 08:00:00+00:00,long,buy,37378.5,,274404.12,-0.05,570.02
2023-11-23 11:00:00+00:00,long,sell - direction_change,37378.5,37469.9,274937.91,0.19,570.21
2023-11-23 11:00:00+00:00,short,buy,37469.9,,274800.44,-0.05,570.16
2023-11-24 00:00:00+00:00,short,sell - direction_change,37469.9,37294.4,275950.14,0.42,570.58
2023-11-24 00:00:00+00:00,long,buy,37294.4,,275812.16,-0.05,570.53
2023-11-24 03:00:00+00:00,long,sell - direction_change,37294.4,37379.7,276305.1,0.18,570.71
2023-11-24 03:00:00+00:00,short,buy,37379.7,,276166.94,-0.05,570.66
2023-11-24 04:00:00+00:00,short,sell - direction_change,37379.7,37314.0,276514.26,0.13,570.78
2023-11-24 04:00:00+00:00,long,buy,37314.0,,276376.01,-0.05,570.73
2023-11-24 22:00:00+00:00,long,sell - direction_change,37314.0,37818.6,279975.27,1.3,572.04
2023-11-24 22:00:00+00:00,short,buy,37818.6,,279835.28,-0.05,571.99
2023-11-25 02:00:00+00:00,short,sell - direction_change,37818.6,37786.2,279935.11,0.04,572.02
2023-11-25 02:00:00+00:00,long,buy,37786.2,,279795.14,-0.05,571.97
2023-11-25 03:00:00+00:00,long,sell - direction_change,37786.2,37822.1,279921.07,0.05,572.02
2023-11-25 03:00:00+00:00,short,buy,37822.1,,279781.11,-0.05,571.97
2023-11-25 04:00:00+00:00,short,sell - direction_change,37822.1,37791.0,279871.27,0.03,572.0
2023-11-25 04:00:00+00:00,long,buy,37791.0,,279731.34,-0.05,571.95
2023-11-25 09:00:00+00:00,long,sell - direction_change,37791.0,37758.0,279347.2,-0.14,571.81
2023-11-25 09:00:00+00:00,short,buy,37758.0,,279207.53,-0.05,571.76
2023-11-25 18:00:00+00:00,short,sell - direction_change,37758.0,37765.6,279011.73,-0.07,571.69
2023-11-25 18:00:00+00:00,long,buy,37765.6,,278872.22,-0.05,571.64
2023-11-25 22:00:00+00:00,long,sell - direction_change,37765.6,37781.0,278846.5,-0.01,571.63
2023-11-25 22:00:00+00:00,short,buy,37781.0,,278707.08,-0.05,571.58
2023-11-26 06:00:00+00:00,short,sell - direction_change,37781.0,37766.4,278675.43,-0.01,571.57
2023-11-26 06:00:00+00:00,long,buy,37766.4,,278536.09,-0.05,571.52
2023-11-26 10:00:00+00:00,long,sell - direction_change,37766.4,37751.6,278287.67,-0.09,571.43
2023-11-26 10:00:00+00:00,short,buy,37751.6,,278148.53,-0.05,571.38
2023-11-26 22:00:00+00:00,short,sell - direction_change,37751.6,37604.0,279096.95,0.34,571.72
2023-11-26 22:00:00+00:00,long,buy,37604.0,,278957.4,-0.05,571.67
2023-11-26 23:00:00+00:00,long,sell - direction_change,37604.0,37647.5,279140.62,0.07,571.74
2023-11-26 23:00:00+00:00,short,buy,37647.5,,279001.05,-0.05,571.69
2023-11-27 00:00:00+00:00,short,sell - direction_change,37647.5,37437.9,280414.87,0.51,572.2
2023-11-27 00:00:00+00:00,long,buy,37437.9,,280274.66,-0.05,572.15
2023-11-27 02:00:00+00:00,long,sell - direction_change,37437.9,37473.5,280401.04,0.05,572.19
2023-11-27 02:00:00+00:00,short,buy,37473.5,,280260.84,-0.05,572.14
2023-11-27 22:00:00+00:00,short,sell - direction_change,37473.5,37020.9,283505.66,1.16,573.3
2023-11-27 22:00:00+00:00,long,buy,37020.9,,283363.91,-0.05,573.25
2023-11-28 04:00:00+00:00,long,sell - direction_change,37020.9,37119.9,283979.99,0.22,573.47
2023-11-28 04:00:00+00:00,short,buy,37119.9,,283838.0,-0.05,573.42
2023-11-28 07:00:00+00:00,short,sell - direction_change,37119.9,37088.8,283933.89,0.03,573.45
2023-11-28 07:00:00+00:00,long,buy,37088.8,,283791.92,-0.05,573.4
2023-11-28 08:00:00+00:00,long,sell - direction_change,37088.8,37087.2,283637.78,-0.05,573.35
2023-11-28 08:00:00+00:00,short,buy,37087.2,,283495.96,-0.05,573.3
2023-11-28 11:00:00+00:00,short,sell - direction_change,37087.2,37105.8,283212.03,-0.1,573.2
2023-11-28 11:00:00+00:00,long,buy,37105.8,,283070.43,-0.05,573.15
2023-11-28 17:41:00+00:00,long,sell - take_profit,37105.8,38218.974,291421.01,2.95,576.1
2023-11-28 18:00:00+00:00,long,buy,38202.4,,291275.29,-0.05,576.05
2023-11-28 22:52:00+00:00,long,sell - stop_loss,38202.4,37820.376000000004,288216.9,-1.05,575.0
2023-11-28 23:00:00+00:00,long,buy,37855.3,,288072.8,-0.05,574.95
2023-11-29 10:00:00+00:00,long,sell - direction_change,37855.3,38275.1,291123.37,1.06,576.0
2023-11-29 10:00:00+00:00,short,buy,38275.1,,290977.81,-0.05,575.95
2023-11-29 11:00:00+00:00,short,sell - direction_change,38275.1,37965.0,293189.78,0.76,576.71
2023-11-29 11:00:00+00:00,long,buy,37965.0,,293043.19,-0.05,576.66
2023-11-29 14:00:00+00:00,long,sell - direction_change,37965.0,38106.9,293991.96,0.32,576.99
2023-11-29 14:00:00+00:00,short,buy,38106.9,,293844.97,-0.05,576.94
2023-11-30 03:00:00+00:00,short,sell - direction_change,38106.9,37858.5,295613.47,0.6,577.54
2023-11-30 03:00:00+00:00,long,buy,37858.5,,295465.67,-0.05,577.49
2023-11-30 05:00:00+00:00,long,sell - direction_change,37858.5,37958.4,296097.6,0.21,577.7
2023-11-30 05:00:00+00:00,short,buy,37958.4,,295949.55,-0.05,577.65
2023-12-01 01:00:00+00:00,short,sell - direction_change,37958.4,37665.5,298085.23,0.72,578.38
2023-12-01 01:00:00+00:00,long,buy,37665.5,,297936.18,-0.05,578.33
2023-12-01 10:00:00+00:00,long,sell - take_profit,37665.5,38795.465000000004,306725.3,2.95,581.28
2023-12-01 11:00:00+00:00,long,buy,38536.9,,306571.94,-0.05,581.23
2023-12-02 05:00:00+00:00,long,sell - direction_change,38536.9,38804.0,308543.51,0.64,581.87
2023-12-02 05:00:00+00:00,short,buy,38804.0,,308389.24,-0.05,581.82
2023-12-02 06:00:00+00:00,short,sell - direction_change,38804.0,38727.3,308844.6,0.15,581.97
2023-12-02 06:00:00+00:00,long,buy,38727.3,,308690.18,-0.05,581.92
2023-12-02 07:00:00+00:00,long,sell - direction_change,38727.3,38762.6,308817.21,0.04,581.96
2023-12-02 07:00:00+00:00,short,buy,38762.6,,308662.8,-0.05,581.91
2023-12-02 08:00:00+00:00,short,sell - direction_change,38762.6,38683.9,309135.15,0.15,582.06
2023-12-02 08:00:00+00:00,long,buy,38683.9,,308980.58,-0.05,582.01
2023-12-02 14:00:00+00:00,long,sell - direction_change,38683.9,38796.3,309723.86,0.24,582.25
2023-12-02 14:00:00+00:00,short,buy,38796.3,,309569.0,-0.05,582.2
2023-12-02 15:00:00+00:00,short,sell - direction_change,38796.3,38758.4,309716.64,0.05,582.25
2023-12-02 15:00:00+00:00,long,buy,38758.4,,309561.78,-0.05,582.2
2023-12-02 16:00:00+00:00,long,sell - direction_change,38758.4,38786.9,309634.62,0.02,582.22
2023-12-02 16:00:00+00:00,short,buy,38786.9,,309479.81,-0.05,582.17
2023-12-02 17:00:00+00:00,short,sell - direction_change,38786.9,38728.0,309795.03,0.1,582.27
2023-12-02 17:00:00+00:00,long,buy,38728.0,,309640.13,-0.05,582.22
2023-12-02 19:12:00+00:00,long,sell - take_profit,38728.0,39889.840000000004,318774.52,2.95,585.17
2023-12-02 20:00:00+00:00,long,buy,39416.4,,318615.13,-0.05,585.12
2023-12-04 01:23:00+00:00,long,sell - take_profit,39416.4,40598.892,328014.27,2.95,588.07
2023-12-04 02:00:00+00:00,long,buy,40613.6,,327850.27,-0.05,588.02
2023-12-04 09:10:00+00:00,long,sell - take_profit,40613.6,41832.008,337521.85,2.95,590.97
2023-12-04 10:00:00+00:00,long,buy,41559.5,,337353.09,-0.05,590.92
2023-12-04 15:00:00+00:00,long,sell - direction_change,41559.5,41653.6,337948.26,0.18,591.1
2023-12-04 15:00:00+00:00,short,buy,41653.6,,337779.28,-0.05,591.05
2023-12-04 16:00:00+00:00,short,sell - direction_change,41653.6,41280.9,340632.71,0.84,591.9
2023-12-04 16:00:00+00:00,long,buy,41280.9,,340462.39,-0.05,591.85
2023-12-05 06:00:00+00:00,long,sell - direction_change,41280.9,41910.0,345480.63,1.47,593.32
2023-12-05 06:00:00+00:00,short,buy,41910.0,,345307.89,-0.05,593.27
2023-12-05 12:00:00+00:00,short,sell - direction_change,41910.0,41730.9,346610.89,0.38,593.65
2023-12-05 12:00:00+00:00,long,buy,41730.9,,346437.59,-0.05,593.6
2023-12-05 13:00:00+00:00,long,sell - direction_change,41730.9,41869.6,347415.82,0.28,593.88
2023-12-05 13:00:00+00:00,short,buy,41869.6,,347242.11,-0.05,593.83
2023-12-05 14:00:00+00:00,short,sell - direction_change,41869.6,41826.2,347428.42,0.05,593.88
2023-12-05 14:00:00+00:00,long,buy,41826.2,,347254.71,-0.05,593.83
2023-12-05 17:13:00+00:00,long,sell - take_profit,41826.2,43080.986,357498.72,2.95,596.78
2023-12-05 18:00:00+00:00,long,buy,43389.2,,357319.97,-0.05,596.73
2023-12-06 06:00:00+00:00,long,sell - direction_change,43389.2,43691.9,359634.12,0.65,597.38
2023-12-06 06:00:00+00:00,short,buy,43691.9,,359454.3,-0.05,597.33
2023-12-06 10:00:00+00:00,short,sell - direction_change,43691.9,43890.7,357639.04,-0.51,596.83
2023-12-06 10:00:00+00:00,long,buy,43890.7,,357460.22,-0.05,596.78
2023-12-06 11:00:00+00:00,long,sell - direction_change,43890.7,44126.9,359205.18,0.49,597.26
2023-12-06 11:00:00+00:00,short,buy,44126.9,,359025.58,-0.05,597.21
2023-12-06 12:00:00+00:00,short,sell - direction_change,44126.9,43853.4,361071.32,0.57,597.78
2023-12-06 12:00:00+00:00,long,buy,43853.4,,360890.78,-0.05,597.73
2023-12-06 20:00:00+00:00,long,sell - direction_change,43853.4,44008.8,361989.2,0.3,598.04
2023-12-06 20:00:00+00:00,short,buy,44008.8,,361808.2,-0.05,597.99
2023-12-07 01:00:00+00:00,short,sell - direction_change,44008.8,43840.1,363014.23,0.33,598.32
2023-12-07 01:00:00+00:00,long,buy,43840.1,,362832.72,-0.05,598.27
2023-12-07 06:00:00+00:00,long,sell - direction_change,43840.1,44019.9,364139.38,0.36,598.63
2023-12-07 06:00:00+00:00,short,buy,44019.9,,363957.31,-0.05,598.58
2023-12-08 04:00:00+00:00,short,sell - direction_change,44019.9,43402.7,368878.35,1.35,599.93
2023-12-08 04:00:00+00:00,long,buy,43402.7,,368693.91,-0.05,599.88
2023-12-08 06:00:00+00:00,long,sell - direction_change,43402.7,43458.7,368985.27,0.08,599.96
2023-12-08 06:00:00+00:00,short,buy,43458.7,,368800.77,-0.05,599.91
2023-12-08 11:00:00+00:00,short,sell - direction_change,43458.7,43395.0,369156.95,0.1,600.01
2023-12-08 11:00:00+00:00,long,buy,43395.0,,368972.37,-0.05,599.96
2023-12-08 21:23:00+00:00,long,sell - take_profit,43395.0,44696.85,379857.05,2.95,602.91
2023-12-08 22:00:00+00:00,long,buy,44572.0,,379667.13,-0.05,602.86
2023-12-09 01:09:00+00:00,long,sell - stop_loss,44572.0,44126.28,375680.62,-1.05,601.81
2023-12-09 02:00:00+00:00,long,buy,44148.0,,375492.78,-0.05,601.76
2023-12-09 08:00:00+00:00,long,sell - direction_change,44148.0,44220.7,375923.37,0.11,601.87
2023-12-09 08:00:00+00:00,short,buy,44220.7,,375735.41,-0.05,601.82
2023-12-10 07:00:00+00:00,short,sell - direction_change,44220.7,43941.2,377922.4,0.58,602.41
2023-12-10 07:00:00+00:00,long,buy,43941.2,,377733.44,-0.05,602.36
2023-12-10 08:00:00+00:00,long,sell - direction_change,43941.2,43995.8,378013.94,0.07,602.43
2023-12-10 08:00:00+00:00,short,buy,43995.8,,377824.93,-0.05,602.38
2023-12-10 15:00:00+00:00,short,sell - direction_change,43995.8,43861.8,378786.77,0.25,602.63
2023-12-10 15:00:00+00:00,long,buy,43861.8,,378597.38,-0.05,602.58
2023-12-10 16:00:00+00:00,long,sell - direction_change,43861.8,43945.3,379128.82,0.14,602.73
2023-12-10 16:00:00+00:00,short,buy,43945.3,,378939.26,-0.05,602.68
2023-12-10 20:00:00+00:00,short,sell - direction_change,43945.3,43819.5,379834.56,0.24,602.91
2023-12-10 20:00:00+00:00,long,buy,43819.5,,379644.64,-0.05,602.86
2023-12-10 21:00:00+00:00,long,sell - direction_change,43819.5,43996.9,380991.78,0.35,603.22
2023-12-10 21:00:00+00:00,short,buy,43996.9,,380801.28,-0.05,603.17
2023-12-11 02:07:00+00:00,short,sell - take_profit,43996.9,42676.993,392034.92,2.95,606.12
2023-12-11 03:00:00+00:00,short,buy,41962.3,,391838.9,-0.05,606.07
2023-12-11 03:34:00+00:00,short,sell - stop_loss,41962.3,42381.923,387724.6,-1.05,605.02
2023-12-11 04:00:00+00:00,short,buy,42312.7,,387530.73,-0.05,604.97
2023-12-11 18:12:00+00:00,short,sell - take_profit,42312.7,41043.318999999996,398962.89,2.95,607.92
2023-12-11 19:00:00+00:00,short,buy,41078.1,,398763.41,-0.05,607.87
2023-12-12 00:22:00+00:00,short,sell - stop_loss,41078.1,41488.881,394576.39,-1.05,606.82
2023-12-12 01:00:00+00:00,short,buy,41735.5,,394379.11,-0.05,606.77
2023-12-12 02:00:00+00:00,short,sell - direction_change,41735.5,41703.5,394484.3,0.03,606.79
2023-12-12 02:00:00+00:00,long,buy,41703.5,,394287.06,-0.05,606.74
2023-12-12 11:00:00+00:00,long,sell - direction_change,41703.5,41827.8,395265.11,0.25,606.99
2023-12-12 11:00:00+00:00,short,buy,41827.8,,395067.48,-0.05,606.94
2023-12-12 12:00:00+00:00,short,sell - direction_change,41827.8,41606.7,396958.26,0.48,607.42
2023-12-12 12:00:00+00:00,long,buy,41606.7,,396759.78,-0.05,607.37
2023-12-12 15:00:00+00:00,long,sell - direction_change,41606.7,41495.1,395497.18,-0.32,607.05
2023-12-12 15:00:00+00:00,short,buy,41495.1,,395299.44,-0.05,607.0
2023-12-13 08:00:00+00:00,short,sell - direction_change,41495.1,41146.3,398424.6,0.79,607.79
2023-12-13 08:00:00+00:00,long,buy,41146.3,,398225.39,-0.05,607.74
2023-12-13 09:00:00+00:00,long,sell - direction_change,41146.3,41291.8,399434.46,0.3,608.05
2023-12-13 09:00:00+00:00,short,buy,41291.8,,399234.75,-0.05,608.0
2023-12-13 12:00:00+00:00,short,sell - direction_change,41291.8,41035.3,401515.13,0.57,608.57
2023-12-13 12:00:00+00:00,long,buy,41035.3,,401314.37,-0.05,608.52
2023-12-13 19:00:00+00:00,long,sell - take_profit,41035.3,42266.359000000004,413153.15,2.95,611.47
2023-12-13 20:00:00+00:00,long,buy,42746.7,,412946.57,-0.05,611.42
2023-12-14 13:00:00+00:00,long,sell - direction_change,42746.7,43100.2,416155.02,0.78,612.19
2023-12-14 13:00:00+00:00,short,buy,43100.2,,415946.94,-0.05,612.14
2023-12-14 13:30:00+00:00,short,sell - take_profit,43100.2,41807.193999999996,428217.37,2.95,615.09
2023-12-14 14:00:00+00:00,short,buy,42564.8,,428003.27,-0.05,615.04
2023-12-14 17:00:00+00:00,short,sell - direction_change,42564.8,42598.0,427455.43,-0.13,614.92
2023-12-14 17:00:00+00:00,long,buy,42598.0,,427241.7,-0.05,614.87
2023-12-15 03:00:00+00:00,long,sell - direction_change,42598.0,42898.8,430044.99,0.66,615.52
2023-12-15 03:00:00+00:00,short,buy,42898.8,,429829.97,-0.05,615.47
2023-12-16 02:00:00+00:00,short,sell - direction_change,42898.8,42094.8,437670.83,1.82,617.3
2023-12-16 02:00:00+00:00,long,buy,42094.8,,437451.99,-0.05,617.25
2023-12-16 06:00:00+00:00,long,sell - direction_change,42094.8,42291.8,439280.51,0.42,617.66
2023-12-16 06:00:00+00:00,short,buy,42291.8,,439060.87,-0.05,617.61
2023-12-16 07:00:00+00:00,short,sell - direction_change,42291.8,42231.9,439463.2,0.09,617.71
2023-12-16 07:00:00+00:00,long,buy,42231.9,,439243.47,-0.05,617.66
2023-12-16 21:00:00+00:00,long,sell - direction_change,42231.9,42359.7,440353.06,0.25,617.91
2023-12-16 21:00:00+00:00,short,buy,42359.7,,440132.89,-0.05,617.86
2023-12-17 16:00:00+00:00,short,sell - direction_change,42359.7,41828.5,445432.18,1.2,619.06
2023-12-17 16:00:00+00:00,long,buy,41828.5,,445209.47,-0.05,619.01
2023-12-17 21:00:00+00:00,long,sell - direction_change,41828.5,42152.0,448430.09,0.72,619.74
2023-12-17 21:00:00+00:00,short,buy,42152.0,,448205.88,-0.05,619.69
2023-12-18 02:35:00+00:00,short,sell - take_profit,42152.0,40887.44,461427.95,2.95,622.64
2023-12-18 03:00:00+00:00,short,buy,40919.8,,461197.24,-0.05,622.59
2023-12-18 07:31:00+00:00,short,sell - stop_loss,40919.8,41328.99800000001,456354.67,-1.05,621.54
2023-12-18 08:00:00+00:00,short,buy,41160.0,,456126.49,-0.05,621.49
2023-12-18 13:00:00+00:00,short,sell - direction_change,41160.0,40941.1,458324.23,0.48,621.97
2023-12-18 13:00:00+00:00,long,buy,40941.1,,458095.07,-0.05,621.92
2023-12-18 21:04:00+00:00,long,sell - take_profit,40941.1,42169.333,471608.87,2.95,624.87
2023-12-18 22:00:00+00:00,long,buy,42643.0,,471373.07,-0.05,624.82
2023-12-19 13:00:00+00:00,long,sell - direction_change,42643.0,42968.1,474731.02,0.71,625.53
2023-12-19 13:00:00+00:00,short,buy,42968.1,,474493.65,-0.05,625.48
2023-12-20 04:00:00+00:00,short,sell - direction_change,42968.1,42451.7,479958.97,1.15,626.63
2023-12-20 04:00:00+00:00,long,buy,42451.7,,479718.99,-0.05,626.58
2023-12-20 13:47:00+00:00,long,sell - take_profit,42451.7,43725.251,493870.7,2.95,629.53
2023-12-20 14:00:00+00:00,long,buy,43816.8,,493623.77,-0.05,629.48
2023-12-20 20:06:00+00:00,long,sell - stop_loss,43816.8,43378.632000000005,488440.72,-1.05,628.43
2023-12-20 21:00:00+00:00,long,buy,43481.6,,488196.5,-0.05,628.38
2023-12-21 00:00:00+00:00,long,sell - direction_change,43481.6,43708.9,490504.45,0.47,628.85
2023-12-21 00:00:00+00:00,short,buy,43708.9,,490259.2,-0.05,628.8
2023-12-21 06:00:00+00:00,short,sell - direction_change,43708.9,43541.4,491892.82,0.33,629.14
2023-12-21 06:00:00+00:00,long,buy,43541.4,,491646.88,-0.05,629.09
2023-12-21 14:00:00+00:00,long,sell - direction_change,43541.4,44179.0,498600.5,1.41,630.5
2023-12-21 14:00:00+00:00,short,buy,44179.0,,498351.2,-0.05,630.45
2023-12-21 15:00:00+00:00,short,sell - direction_change,44179.0,43547.5,505225.52,1.38,631.83
2023-12-21 15:00:00+00:00,long,buy,43547.5,,504972.91,-0.05,631.78
2023-12-21 16:00:00+00:00,long,sell - direction_change,43547.5,43857.7,508317.47,0.66,632.44
2023-12-21 16:00:00+00:00,short,buy,43857.7,,508063.31,-0.05,632.39
2023-12-21 21:00:00+00:00,short,sell - direction_change,43857.7,43834.1,508082.67,0.0,632.4
2023-12-21 21:00:00+00:00,long,buy,43834.1,,507828.63,-0.05,632.35
2023-12-21 23:00:00+00:00,long,sell - direction_change,43834.1,43980.6,509271.95,0.28,632.63
2023-12-21 23:00:00+00:00,short,buy,43980.6,,509017.32,-0.05,632.58
2023-12-22 00:00:00+00:00,short,sell - direction_change,43980.6,43896.4,509737.31,0.14,632.72
2023-12-22 00:00:00+00:00,long,buy,43896.4,,509482.44,-0.05,632.67
2023-12-22 07:00:00+00:00,long,sell - direction_change,43896.4,43906.5,509344.93,-0.03,632.65
2023-12-22 07:00:00+00:00,short,buy,43906.5,,509090.26,-0.05,632.6
2023-12-22 18:00:00+00:00,short,sell - direction_change,43906.5,43712.9,511080.48,0.39,632.99
2023-12-22 18:00:00+00:00,long,buy,43712.9,,510824.94,-0.05,632.94
2023-12-22 19:00:00+00:00,long,sell - direction_change,43712.9,43983.4,513730.56,0.57,633.51
2023-12-22 19:00:00+00:00,short,buy,43983.4,,513473.7,-0.05,633.46
2023-12-22 22:00:00+00:00,short,sell - direction_change,43983.4,43733.0,516140.2,0.52,633.98
2023-12-22 22:00:00+00:00,long,buy,43733.0,,515882.13,-0.05,633.93
2023-12-23 01:00:00+00:00,long,sell - direction_change,43733.0,43843.1,516922.94,0.2,634.13
2023-12-23 01:00:00+00:00,short,buy,43843.1,,516664.48,-0.05,634.08
2023-12-23 12:00:00+00:00,short,sell - direction_change,43843.1,43583.0,519471.27,0.54,634.62
2023-12-23 12:00:00+00:00,long,buy,43583.0,,519211.54,-0.05,634.57
2023-12-24 05:00:00+00:00,long,sell - direction_change,43583.0,43828.3,521874.23,0.51,635.08
2023-12-24 05:00:00+00:00,short,buy,43828.3,,521613.29,-0.05,635.03
2023-12-24 18:00:00+00:00,short,sell - direction_change,43828.3,43658.4,523374.51,0.34,635.37
2023-12-24 18:00:00+00:00,long,buy,43658.4,,523112.83,-0.05,635.32
2023-12-24 19:00:00+00:00,long,sell - direction_change,43658.4,43692.0,523253.86,0.03,635.35
2023-12-24 19:00:00+00:00,short,buy,43692.0,,522992.24,-0.05,635.3
2023-12-25 11:00:00+00:00,short,sell - direction_change,43692.0,43204.7,528563.71,1.07,636.36
2023-12-25 11:00:00+00:00,long,buy,43204.7,,528299.43,-0.05,636.31
2023-12-26 02:00:00+00:00,long,sell - direction_change,43204.7,43549.2,532247.76,0.75,637.06
2023-12-26 02:00:00+00:00,short,buy,43549.2,,531981.64,-0.05,637.01
2023-12-26 09:45:00+00:00,short,sell - take_profit,43549.2,42242.723999999995,547675.1,2.95,639.96
2023-12-26 10:00:00+00:00,short,buy,42449.0,,547401.26,-0.05,639.91
2023-12-27 01:00:00+00:00,short,sell - direction_change,42449.0,42395.7,547814.89,0.08,639.99
2023-12-27 01:00:00+00:00,long,buy,42395.7,,547540.98,-0.05,639.94
2023-12-27 02:00:00+00:00,long,sell - direction_change,42395.7,42493.1,548525.14,0.18,640.12
2023-12-27 02:00:00+00:00,short,buy,42493.1,,548250.87,-0.05,640.07
2023-12-27 03:00:00+00:00,short,sell - direction_change,42493.1,42264.4,550927.46,0.49,640.55
2023-12-27 03:00:00+00:00,long,buy,42264.4,,550652.0,-0.05,640.5
2023-12-27 20:46:00+00:00,long,sell - take_profit,42264.4,43532.332,566896.23,2.95,643.45
2023-12-27 21:00:00+00:00,long,buy,43475.0,,566612.78,-0.05,643.4
2023-12-28 06:00:00+00:00,long,sell - direction_change,43475.0,43259.4,563519.55,-0.55,642.86
2023-12-28 06:00:00+00:00,short,buy,43259.4,,563237.79,-0.05,642.81
2023-12-29 03:00:00+00:00,short,sell - direction_change,43259.4,42620.9,571269.44,1.43,644.23
2023-12-29 03:00:00+00:00,long,buy,42620.9,,570983.81,-0.05,644.18
2023-12-29 06:00:00+00:00,long,sell - direction_change,42620.9,42724.5,572086.23,0.19,644.38
2023-12-29 06:00:00+00:00,short,buy,42724.5,,571800.18,-0.05,644.33
2023-12-29 09:00:00+00:00,short,sell - direction_change,42724.5,42518.1,574276.62,0.43,644.76
2023-12-29 09:00:00+00:00,long,buy,42518.1,,573989.48,-0.05,644.71
2023-12-29 15:00:00+00:00,long,sell - direction_change,42518.1,43066.1,581100.43,1.24,645.95
2023-12-29 15:00:00+00:00,short,buy,43066.1,,580809.88,-0.05,645.9
2023-12-29 17:10:00+00:00,short,sell - take_profit,43066.1,41774.117,597943.77,2.95,648.85
2023-12-29 18:00:00+00:00,short,buy,41846.2,,597644.8,-0.05,648.8
2023-12-29 21:13:00+00:00,short,sell - stop_loss,41846.2,42264.662,591369.53,-1.05,647.75
2023-12-29 22:00:00+00:00,short,buy,41974.1,,591073.84,-0.05,647.7
2023-12-30 05:00:00+00:00,short,sell - direction_change,41974.1,42026.1,590046.05,-0.17,647.53
2023-12-30 05:00:00+00:00,long,buy,42026.1,,589751.02,-0.05,647.48
2023-12-30 07:00:00+00:00,long,sell - direction_change,42026.1,42091.5,590373.9,0.11,647.58
2023-12-30 07:00:00+00:00,short,buy,42091.5,,590078.72,-0.05,647.53
2023-12-30 13:00:00+00:00,short,sell - direction_change,42091.5,42023.4,590738.37,0.11,647.64
2023-12-30 13:00:00+00:00,long,buy,42023.4,,590443.0,-0.05,647.59
2023-12-31 01:00:00+00:00,long,sell - direction_change,42023.4,42395.1,595370.29,0.83,648.43
2023-12-31 01:00:00+00:00,short,buy,42395.1,,595072.6,-0.05,648.38
2023-12-31 07:00:00+00:00,short,sell - direction_change,42395.1,42289.2,596261.52,0.2,648.58
2023-12-31 07:00:00+00:00,long,buy,42289.2,,595963.39,-0.05,648.53
2023-12-31 21:00:00+00:00,long,sell - direction_change,42289.2,42599.2,600034.1,0.68,649.21
2023-12-31 21:00:00+00:00,short,buy,42599.2,,599734.08,-0.05,649.16
2024-01-01 01:00:00+00:00,short,sell - direction_change,42599.2,42503.5,600781.53,0.17,649.33
2024-01-01 01:00:00+00:00,long,buy,42503.5,,600481.14,-0.05,649.28
2024-01-01 03:00:00+00:00,long,sell - direction_change,42503.5,42620.5,601833.85,0.23,649.51
2024-01-01 03:00:00+00:00,short,buy,42620.5,,601532.94,-0.05,649.46
2024-01-01 08:00:00+00:00,short,sell - direction_change,42620.5,42527.1,602550.39,0.17,649.63
2024-01-01 08:00:00+00:00,long,buy,42527.1,,602249.11,-0.05,649.58
2024-01-01 20:13:00+00:00,long,sell - take_profit,42527.1,43802.913,620015.46,2.95,652.53
2024-01-01 21:00:00+00:00,long,buy,43753.2,,619705.46,-0.05,652.48
2024-01-02 00:57:00+00:00,long,sell - take_profit,43753.2,45065.795999999995,637986.77,2.95,655.43
2024-01-02 01:00:00+00:00,long,buy,45179.7,,637667.77,-0.05,655.38
2024-01-02 15:00:00+00:00,long,sell - direction_change,45179.7,45293.5,638955.12,0.2,655.58
2024-01-02 15:00:00+00:00,short,buy,45293.5,,638635.64,-0.05,655.53
2024-01-02 16:00:00+00:00,short,sell - direction_change,45293.5,45215.0,639423.17,0.12,655.65
2024-01-02 16:00:00+00:00,long,buy,45215.0,,639103.45,-0.05,655.6
2024-01-02 17:00:00+00:00,long,sell - direction_change,45215.0,45393.4,641305.55,0.34,655.95
2024-01-02 17:00:00+00:00,short,buy,45393.4,,640984.89,-0.05,655.9
2024-01-02 18:00:00+00:00,short,sell - direction_change,45393.4,45001.3,646201.11,0.81,656.71
2024-01-02 18:00:00+00:00,long,buy,45001.3,,645878.01,-0.05,656.66
2024-01-02 19:00:00+00:00,long,sell - direction_change,45001.3,45188.9,648247.59,0.37,657.03
2024-01-02 19:00:00+00:00,short,buy,45188.9,,647923.46,-0.05,656.98
2024-01-03 01:00:00+00:00,short,sell - direction_change,45188.9,45168.0,647899.17,-0.0,656.98
2024-01-03 01:00:00+00:00,long,buy,45168.0,,647575.22,-0.05,656.93
2024-01-03 02:00:00+00:00,long,sell - direction_change,45168.0,45347.8,649829.23,0.35,657.27
2024-01-03 02:00:00+00:00,short,buy,45347.8,,649504.32,-0.05,657.22
2024-01-03 03:00:00+00:00,short,sell - direction_change,45347.8,45312.6,649683.72,0.03,657.25
2024-01-03 03:00:00+00:00,long,buy,45312.6,,649358.88,-0.05,657.2
2024-01-03 05:00:00+00:00,long,sell - direction_change,45312.6,45218.8,647689.99,-0.26,656.94
2024-01-03 05:00:00+00:00,short,buy,45218.8,,647366.14,-0.05,656.89
2024-01-03 06:00:00+00:00,short,sell - direction_change,45218.8,45200.0,647311.61,-0.01,656.89
2024-01-03 06:00:00+00:00,long,buy,45200.0,,646987.95,-0.05,656.84
2024-01-03 07:00:00+00:00,long,sell - direction_change,45200.0,45362.8,648994.76,0.31,657.15
2024-01-03 07:00:00+00:00,short,buy,45362.8,,648670.26,-0.05,657.1
2024-01-03 08:00:00+00:00,short,sell - direction_change,45362.8,45030.5,653097.69,0.68,657.78
2024-01-03 08:00:00+00:00,long,buy,45030.5,,652771.14,-0.05,657.73
2024-01-03 10:00:00+00:00,long,sell - direction_change,45030.5,45378.6,657490.88,0.72,658.45
2024-01-03 10:00:00+00:00,short,buy,45378.6,,657162.13,-0.05,658.4
2024-01-03 11:55:00+00:00,short,sell - take_profit,45378.6,44017.242,676548.42,2.95,661.35
2024-01-03 12:00:00+00:00,short,buy,43728.9,,676210.14,-0.05,661.3
2024-01-03 12:01:00+00:00,short,sell - take_profit,43728.9,42417.033,696158.34,2.95,664.25
2024-01-03 13:00:00+00:00,short,buy,42795.8,,695810.26,-0.05,664.2
2024-01-03 16:02:00+00:00,short,sell - stop_loss,42795.8,43223.758,688504.25,-1.05,663.15
2024-01-03 17:00:00+00:00,short,buy,43009.1,,688160.0,-0.05,663.1
2024-01-04 00:00:00+00:00,short,sell - direction_change,43009.1,42849.5,690369.58,0.32,663.42
2024-01-04 00:00:00+00:00,long,buy,42849.5,,690024.39,-0.05,663.37
2024-01-04 01:00:00+00:00,long,sell - direction_change,42849.5,42883.4,690225.29,0.03,663.4
2024-01-04 01:00:00+00:00,short,buy,42883.4,,689880.17,-0.05,663.35
2024-01-04 02:00:00+00:00,short,sell - direction_change,42883.4,42716.6,692218.6,0.34,663.69
2024-01-04 02:00:00+00:00,long,buy,42716.6,,691872.49,-0.05,663.64
2024-01-04 07:00:00+00:00,long,sell - direction_change,42716.6,43163.8,698769.77,1.0,664.64
2024-01-04 07:00:00+00:00,short,buy,43163.8,,698420.38,-0.05,664.59
2024-01-04 08:00:00+00:00,short,sell - direction_change,43163.8,42775.1,704360.61,0.85,665.44
2024-01-04 08:00:00+00:00,long,buy,42775.1,,704008.43,-0.05,665.39
2024-01-04 15:28:00+00:00,long,sell - take_profit,42775.1,44058.353,724776.68,2.95,668.34
2024-01-04 16:00:00+00:00,long,buy,44050.4,,724414.29,-0.05,668.29
2024-01-05 01:00:00+00:00,long,sell - direction_change,44050.4,44207.4,726633.97,0.31,668.59
2024-01-05 01:00:00+00:00,short,buy,44207.4,,726270.65,-0.05,668.54
2024-01-05 01:48:00+00:00,short,sell - take_profit,44207.4,42881.178,747695.64,2.95,671.49
2024-01-05 02:00:00+00:00,long,buy,43373.5,,747321.79,-0.05,671.44
2024-01-05 03:00:00+00:00,long,sell - direction_change,43373.5,43506.5,749239.71,0.26,671.7
2024-01-05 03:00:00+00:00,short,buy,43506.5,,748865.09,-0.05,671.65
2024-01-05 06:00:00+00:00,short,sell - direction_change,43506.5,43643.1,746139.4,-0.36,671.29
2024-01-05 06:00:00+00:00,long,buy,43643.1,,745766.33,-0.05,671.24
2024-01-05 10:00:00+00:00,long,sell - direction_change,43643.1,44147.8,754017.68,1.11,672.34
2024-01-05 10:00:00+00:00,short,buy,44147.8,,753640.67,-0.05,672.29
2024-01-05 12:00:00+00:00,short,sell - direction_change,44147.8,43769.9,759714.92,0.81,673.1
2024-01-05 12:00:00+00:00,long,buy,43769.9,,759335.07,-0.05,673.05
2024-01-05 14:00:00+00:00,long,sell - direction_change,43769.9,43978.6,762576.0,0.43,673.48
2024-01-05 14:00:00+00:00,short,buy,43978.6,,762194.71,-0.05,673.43
2024-01-05 20:00:00+00:00,short,sell - direction_change,43978.6,43599.0,768392.47,0.81,674.24
2024-01-05 20:00:00+00:00,long,buy,43599.0,,768008.28,-0.05,674.19
2024-01-06 05:00:00+00:00,long,sell - direction_change,43599.0,43851.2,772066.84,0.53,674.72
2024-01-06 05:00:00+00:00,short,buy,43851.2,,771680.81,-0.05,674.67
2024-01-06 14:00:00+00:00,short,sell - direction_change,43851.2,43701.1,773936.39,0.29,674.96
2024-01-06 14:00:00+00:00,long,buy,43701.1,,773549.42,-0.05,674.91
2024-01-07 05:00:00+00:00,long,sell - direction_change,43701.1,43994.8,778361.4,0.62,675.53
2024-01-07 05:00:00+00:00,short,buy,43994.8,,777972.22,-0.05,675.48
2024-01-07 06:00:00+00:00,short,sell - direction_change,43994.8,43880.5,779604.43,0.21,675.69
2024-01-07 06:00:00+00:00,long,buy,43880.5,,779214.63,-0.05,675.64
2024-01-07 09:00:00+00:00,long,sell - direction_change,43880.5,44010.0,781124.64,0.25,675.89
2024-01-07 09:00:00+00:00,short,buy,44010.0,,780734.08,-0.05,675.84
2024-01-07 11:00:00+00:00,short,sell - direction_change,44010.0,43951.3,781385.04,0.08,675.92
2024-01-07 11:00:00+00:00,long,buy,43951.3,,780994.35,-0.05,675.87
2024-01-07 16:00:00+00:00,long,sell - direction_change,43951.3,44034.9,782089.39,0.14,676.01
2024-01-07 16:00:00+00:00,short,buy,44034.9,,781698.34,-0.05,675.96
2024-01-07 18:00:00+00:00,short,sell - direction_change,44034.9,44056.3,780927.61,-0.1,675.86
2024-01-07 18:00:00+00:00,long,buy,44056.3,,780537.14,-0.05,675.81
2024-01-07 22:00:00+00:00,long,sell - direction_change,44056.3,44218.7,783024.08,0.32,676.13
2024-01-07 22:00:00+00:00,short,buy,44218.7,,782632.57,-0.05,676.08
2024-01-08 07:00:00+00:00,short,sell - direction_change,44218.7,43900.0,787881.97,0.67,676.75
2024-01-08 07:00:00+00:00,long,buy,43900.0,,787488.03,-0.05,676.7
2024-01-08 08:00:00+00:00,long,sell - direction_change,43900.0,43969.9,788348.16,0.11,676.81
2024-01-08 08:00:00+00:00,short,buy,43969.9,,787953.99,-0.05,676.76
2024-01-08 10:00:00+00:00,short,sell - direction_change,43969.9,43716.3,792104.6,0.53,677.29
2024-01-08 10:00:00+00:00,long,buy,43716.3,,791708.55,-0.05,677.24
2024-01-08 12:03:00+00:00,long,sell - take_profit,43716.3,45027.789000000004,815063.95,2.95,680.19
2024-01-08 13:00:00+00:00,long,buy,45102.9,,814656.42,-0.05,680.14
2024-01-08 18:38:00+00:00,long,sell - take_profit,45102.9,46455.987,838688.79,2.95,683.09
2024-01-08 19:00:00+00:00,long,buy,46969.9,,838269.44,-0.05,683.04
2024-01-09 00:37:00+00:00,long,sell - stop_loss,46969.9,46500.201,829467.61,-1.05,681.99
2024-01-09 01:00:00+00:00,long,buy,46682.3,,829052.88,-0.05,681.94
2024-01-09 08:00:00+00:00,long,sell - direction_change,46682.3,46841.0,831456.78,0.29,682.23
2024-01-09 08:00:00+00:00,short,buy,46841.0,,831041.05,-0.05,682.18
2024-01-09 11:00:00+00:00,short,sell - direction_change,46841.0,46449.9,837564.33,0.78,682.96
2024-01-09 11:00:00+00:00,long,buy,46449.9,,837145.54,-0.05,682.91
2024-01-09 12:00:00+00:00,long,sell - direction_change,46449.9,46624.4,839871.91,0.33,683.24
2024-01-09 12:00:00+00:00,short,buy,46624.4,,839451.97,-0.05,683.19
2024-01-09 13:00:00+00:00,short,sell - direction_change,46624.4,46175.9,847107.29,0.91,684.1
2024-01-09 13:00:00+00:00,long,buy,46175.9,,846683.74,-0.05,684.05
2024-01-09 21:00:00+00:00,long,sell - direction_change,46175.9,46636.1,854698.65,0.95,685.0
2024-01-09 21:00:00+00:00,short,buy,46636.1,,854271.3,-0.05,684.95
2024-01-09 21:11:00+00:00,short,sell - stop_loss,46636.1,47102.460999999996,845301.45,-1.05,683.9
2024-01-09 22:00:00+00:00,short,buy,45450.1,,844878.8,-0.05,683.85
2024-01-09 22:31:00+00:00,short,sell - stop_loss,45450.1,45904.601,836007.57,-1.05,682.8
2024-01-09 23:00:00+00:00,short,buy,46250.6,,835589.57,-0.05,682.75
2024-01-10 11:53:00+00:00,short,sell - take_profit,46250.6,44863.081999999995,860239.46,2.95,685.7
2024-01-10 12:00:00+00:00,short,buy,45530.1,,859809.34,-0.05,685.65
2024-01-10 17:00:00+00:00,short,sell - direction_change,45530.1,45317.8,863388.6,0.42,686.06
2024-01-10 17:00:00+00:00,long,buy,45317.8,,862956.9,-0.05,686.01
2024-01-10 18:04:00+00:00,long,sell - take_profit,45317.8,46677.334,888414.13,2.95,688.96
2024-01-10 19:00:00+00:00,long,buy,46544.2,,887969.92,-0.05,688.91
2024-01-10 19:09:00+00:00,long,sell - stop_loss,46544.2,46078.757999999994,878646.24,-1.05,687.86
2024-01-10 20:00:00+00:00,long,buy,46498.8,,878206.92,-0.05,687.81
2024-01-10 20:10:00+00:00,long,sell - stop_loss,46498.8,46033.812000000005,868985.74,-1.05,686.76
2024-01-10 21:00:00+00:00,long,buy,46125.8,,868551.25,-0.05,686.71
2024-01-10 21:18:00+00:00,long,sell - stop_loss,46125.8,45664.542,859431.46,-1.05,685.66
2024-01-10 22:00:00+00:00,long,buy,45961.8,,859001.75,-0.05,685.61
2024-01-10 23:06:00+00:00,long,sell - take_profit,45961.8,47340.654,884342.3,2.95,688.56
2024-01-11 00:00:00+00:00,long,buy,46663.0,,883900.13,-0.05,688.51
2024-01-11 03:12:00+00:00,long,sell - stop_loss,46663.0,46196.37,874619.18,-1.05,687.46
2024-01-11 04:00:00+00:00,long,buy,46502.3,,874181.87,-0.05,687.41
2024-01-11 05:39:00+00:00,long,sell - stop_loss,46502.3,46037.277,865002.96,-1.05,686.36
2024-01-11 06:00:00+00:00,short,buy,46074.0,,864570.46,-0.05,686.31
2024-01-11 07:00:00+00:00,short,sell - direction_change,46074.0,45899.9,867405.13,0.33,686.64
2024-01-11 07:00:00+00:00,long,buy,45899.9,,866971.42,-0.05,686.59
2024-01-11 08:00:00+00:00,long,sell - direction_change,45899.9,46096.1,870243.82,0.38,686.97
2024-01-11 08:00:00+00:00,short,buy,46096.1,,869808.7,-0.05,686.92
2024-01-11 10:00:00+00:00,short,sell - direction_change,46096.1,46212.8,867171.73,-0.3,686.62
2024-01-11 10:00:00+00:00,long,buy,46212.8,,866738.15,-0.05,686.57
2024-01-11 14:03:00+00:00,long,sell - take_profit,46212.8,47599.184,892306.92,2.95,689.52
2024-01-11 15:00:00+00:00,long,buy,48577.1,,891860.77,-0.05,689.47
2024-01-11 15:05:00+00:00,long,sell - stop_loss,48577.1,48091.329,882496.23,-1.05,688.42
2024-01-11 16:00:00+00:00,long,buy,46813.4,,882054.98,-0.05,688.37
2024-01-11 16:08:00+00:00,long,sell - stop_loss,46813.4,46345.266,872793.4,-1.05,687.32
2024-01-11 17:00:00+00:00,long,buy,46038.0,,872357.01,-0.05,687.27
2024-01-11 20:00:00+00:00,long,sell - direction_change,46038.0,46698.4,884434.5,1.38,688.65
2024-01-11 20:00:00+00:00,short,buy,46698.4,,883992.29,-0.05,688.6
2024-01-12 14:45:00+00:00,short,sell - take_profit,46698.4,45297.448,910070.06,2.95,691.55
2024-01-12 15:00:00+00:00,short,buy,45462.8,,909615.02,-0.05,691.5
2024-01-12 16:16:00+00:00,short,sell - take_profit,45462.8,44098.916000000005,936448.67,2.95,694.45
2024-01-12 17:00:00+00:00,short,buy,43661.2,,935980.44,-0.05,694.4
2024-01-12 22:04:00+00:00,short,sell - take_profit,43661.2,42351.363999999994,963591.87,2.95,697.35
2024-01-12 23:00:00+00:00,short,buy,42517.9,,963110.07,-0.05,697.3
2024-01-12 23:16:00+00:00,short,sell - stop_loss,42517.9,42943.079000000005,952997.41,-1.05,696.25
2024-01-13 00:00:00+00:00,short,buy,42789.0,,952520.91,-0.05,696.2
2024-01-13 07:08:00+00:00,short,sell - stop_loss,42789.0,43216.89,942519.45,-1.05,695.15
2024-01-13 08:00:00+00:00,long,buy,43102.1,,942048.19,-0.05,695.1
2024-01-13 10:00:00+00:00,long,sell - direction_change,43102.1,42927.4,937758.88,-0.46,694.64
2024-01-13 10:00:00+00:00,short,buy,42927.4,,937290.0,-0.05,694.59
2024-01-13 13:00:00+00:00,short,sell - direction_change,42927.4,42697.3,941845.43,0.49,695.08
2024-01-13 13:00:00+00:00,long,buy,42697.3,,941374.51,-0.05,695.03
2024-01-13 16:00:00+00:00,long,sell - direction_change,42697.3,43159.9,951103.06,1.03,696.06
2024-01-13 16:00:00+00:00,short,buy,43159.9,,950627.51,-0.05,696.01
2024-01-13 21:00:00+00:00,short,sell - direction_change,43159.9,42870.5,956526.43,0.62,696.63
2024-01-13 21:00:00+00:00,long,buy,42870.5,,956048.17,-0.05,696.58
2024-01-14 00:00:00+00:00,long,sell - direction_change,42870.5,42846.4,955032.7,-0.11,696.48
2024-01-14 00:00:00+00:00,short,buy,42846.4,,954555.18,-0.05,696.43
2024-01-14 06:00:00+00:00,short,sell - direction_change,42846.4,42757.5,956058.47,0.16,696.59
2024-01-14 06:00:00+00:00,long,buy,42757.5,,955580.44,-0.05,696.54
2024-01-14 12:00:00+00:00,long,sell - direction_change,42757.5,42836.7,956872.67,0.14,696.67
2024-01-14 12:00:00+00:00,short,buy,42836.7,,956394.24,-0.05,696.62
2024-01-14 13:00:00+00:00,short,sell - direction_change,42836.7,42760.3,957621.79,0.13,696.75
2024-01-14 13:00:00+00:00,long,buy,42760.3,,957142.97,-0.05,696.7
2024-01-14 14:00:00+00:00,long,sell - direction_change,42760.3,42894.3,959663.85,0.26,696.96
2024-01-14 14:00:00+00:00,short,buy,42894.3,,959184.02,-0.05,696.91
2024-01-14 15:00:00+00:00,short,sell - direction_change,42894.3,42822.8,960303.28,0.12,697.03
2024-01-14 15:00:00+00:00,long,buy,42822.8,,959823.13,-0.05,696.98
2024-01-14 19:00:00+00:00,long,sell - direction_change,42822.8,42900.5,961084.77,0.13,697.11
2024-01-14 19:00:00+00:00,short,buy,42900.5,,960604.23,-0.05,697.06
2024-01-15 05:00:00+00:00,short,sell - direction_change,42900.5,42598.1,966895.1,0.65,697.72
2024-01-15 05:00:00+00:00,long,buy,42598.1,,966411.65,-0.05,697.67
2024-01-15 14:00:00+00:00,long,sell - direction_change,42598.1,42856.9,971799.77,0.56,698.22
2024-01-15 14:00:00+00:00,short,buy,42856.9,,971313.87,-0.05,698.17
2024-01-15 17:00:00+00:00,short,sell - direction_change,42856.9,42525.0,978350.43,0.72,698.9
2024-01-15 17:00:00+00:00,long,buy,42525.0,,977861.26,-0.05,698.85
2024-01-15 23:00:00+00:00,long,sell - direction_change,42525.0,42634.4,979887.98,0.21,699.05
2024-01-15 23:00:00+00:00,short,buy,42634.4,,979398.03,-0.05,699.0
2024-01-16 00:00:00+00:00,short,sell - direction_change,42634.4,42515.0,981651.19,0.23,699.23
2024-01-16 00:00:00+00:00,long,buy,42515.0,,981160.37,-0.05,699.18
2024-01-16 05:00:00+00:00,long,sell - direction_change,42515.0,42805.2,987367.02,0.63,699.82
2024-01-16 05:00:00+00:00,short,buy,42805.2,,986873.33,-0.05,699.77
2024-01-16 07:00:00+00:00,short,sell - direction_change,42805.2,42744.5,987779.34,0.09,699.86
2024-01-16 07:00:00+00:00,long,buy,42744.5,,987285.45,-0.05,699.81
2024-01-16 13:00:00+00:00,long,sell - direction_change,42744.5,43160.1,996391.07,0.92,700.73
2024-01-16 13:00:00+00:00,short,buy,43160.1,,995892.87,-0.05,700.68
2024-01-16 15:00:00+00:00,short,sell - direction_change,43160.1,42700.1,1006009.15,1.02,701.7
2024-01-16 15:00:00+00:00,long,buy,42700.1,,1005506.14,-0.05,701.65
2024-01-17 02:00:00+00:00,long,sell - direction_change,42700.1,42965.4,1011250.7,0.57,702.22
2024-01-17 02:00:00+00:00,short,buy,42965.4,,1010745.07,-0.05,702.17
2024-01-17 23:00:00+00:00,short,sell - direction_change,42965.4,42727.1,1015845.62,0.5,702.67
2024-01-17 23:00:00+00:00,long,buy,42727.1,,1015337.7,-0.05,702.62
2024-01-18 00:00:00+00:00,long,sell - direction_change,42727.1,42783.3,1016165.53,0.08,702.7
2024-01-18 00:00:00+00:00,short,buy,42783.3,,1015657.44,-0.05,702.65
2024-01-18 01:00:00+00:00,short,sell - direction_change,42783.3,42671.1,1017813.2,0.21,702.87
2024-01-18 01:00:00+00:00,long,buy,42671.1,,1017304.29,-0.05,702.82
2024-01-18 10:00:00+00:00,long,sell - direction_change,42671.1,42746.4,1018590.83,0.13,702.94
2024-01-18 10:00:00+00:00,short,buy,42746.4,,1018081.54,-0.05,702.89
2024-01-18 14:00:00+00:00,short,sell - direction_change,42746.4,42511.1,1023176.59,0.5,703.39
2024-01-18 14:00:00+00:00,long,buy,42511.1,,1022665.0,-0.05,703.34
2024-01-18 15:00:00+00:00,long,sell - direction_change,42511.1,42742.6,1027722.73,0.49,703.84
2024-01-18 15:00:00+00:00,short,buy,42742.6,,1027208.86,-0.05,703.79
2024-01-18 17:53:00+00:00,short,sell - take_profit,42742.6,41460.322,1057511.53,2.95,706.74
2024-01-18 18:00:00+00:00,short,buy,41813.9,,1056982.77,-0.05,706.69
2024-01-19 06:00:00+00:00,short,sell - direction_change,41813.9,41207.1,1071793.13,1.4,708.09
2024-01-19 06:00:00+00:00,long,buy,41207.1,,1071257.23,-0.05,708.04
2024-01-19 14:00:00+00:00,long,sell - direction_change,41207.1,41397.3,1075666.22,0.41,708.45
2024-01-19 14:00:00+00:00,short,buy,41397.3,,1075128.38,-0.05,708.4
2024-01-19 18:00:00+00:00,short,sell - direction_change,41397.3,41239.2,1078696.83,0.33,708.73
2024-01-19 18:00:00+00:00,long,buy,41239.2,,1078157.48,-0.05,708.68
2024-01-20 08:00:00+00:00,long,sell - direction_change,41239.2,41652.4,1088421.1,0.95,709.64
2024-01-20 08:00:00+00:00,short,buy,41652.4,,1087876.89,-0.05,709.59
2024-01-20 12:00:00+00:00,short,sell - direction_change,41652.4,41583.5,1089132.48,0.12,709.7
2024-01-20 12:00:00+00:00,long,buy,41583.5,,1088587.92,-0.05,709.65
2024-01-20 14:00:00+00:00,long,sell - direction_change,41583.5,41633.6,1089355.16,0.07,709.72
2024-01-20 14:00:00+00:00,short,buy,41633.6,,1088810.48,-0.05,709.67
2024-01-20 15:00:00+00:00,short,sell - direction_change,41633.6,41542.8,1090640.7,0.17,709.84
2024-01-20 15:00:00+00:00,long,buy,41542.8,,1090095.38,-0.05,709.79
2024-01-20 16:00:00+00:00,long,sell - direction_change,41542.8,41570.2,1090269.31,0.02,709.81
2024-01-20 16:00:00+00:00,short,buy,41570.2,,1089724.18,-0.05,709.76
2024-01-20 18:00:00+00:00,short,sell - direction_change,41570.2,41586.6,1088749.4,-0.09,709.67
2024-01-20 18:00:00+00:00,long,buy,41586.6,,1088205.03,-0.05,709.62
2024-01-21 05:00:00+00:00,long,sell - direction_change,41586.6,41674.8,1089968.88,0.16,709.78
2024-01-21 05:00:00+00:00,short,buy,41674.8,,1089423.89,-0.05,709.73
2024-01-21 09:00:00+00:00,short,sell - direction_change,41674.8,41663.3,1089179.8,-0.02,709.71
2024-01-21 09:00:00+00:00,long,buy,41663.3,,1088635.21,-0.05,709.66
2024-01-21 15:00:00+00:00,long,sell - direction_change,41663.3,41778.0,1091087.93,0.23,709.88
2024-01-21 15:00:00+00:00,short,buy,41778.0,,1090542.39,-0.05,709.83
2024-01-21 19:00:00+00:00,short,sell - direction_change,41778.0,41680.2,1092550.02,0.18,710.01
2024-01-21 19:00:00+00:00,long,buy,41680.2,,1092003.74,-0.05,709.96
2024-01-21 20:00:00+00:00,long,sell - direction_change,41680.2,41721.2,1092531.92,0.05,710.01
2024-01-21 20:00:00+00:00,short,buy,41721.2,,1091985.66,-0.05,709.96
2024-01-21 21:00:00+00:00,short,sell - direction_change,41721.2,41644.9,1093436.69,0.13,710.1
2024-01-21 21:00:00+00:00,long,buy,41644.9,,1092889.97,-0.05,710.05
2024-01-21 22:00:00+00:00,long,sell - direction_change,41644.9,41781.8,1095936.21,0.28,710.32
2024-01-21 22:00:00+00:00,short,buy,41781.8,,1095388.24,-0.05,710.27
2024-01-22 09:57:00+00:00,short,sell - take_profit,41781.8,40528.346000000005,1127702.19,2.95,713.22
2024-01-22 10:00:00+00:00,short,buy,40745.4,,1127138.34,-0.05,713.17
2024-01-22 13:09:00+00:00,short,sell - stop_loss,40745.4,41152.854,1115303.39,-1.05,712.12
2024-01-22 14:00:00+00:00,short,buy,40942.0,,1114745.74,-0.05,712.07
2024-01-22 19:31:00+00:00,short,sell - take_profit,40942.0,39713.74,1147630.73,2.95,715.02
2024-01-22 20:00:00+00:00,short,buy,39812.6,,1147056.92,-0.05,714.97
2024-01-22 20:27:00+00:00,short,sell - stop_loss,39812.6,40210.726,1135012.82,-1.05,713.92
2024-01-22 21:00:00+00:00,short,buy,40181.7,,1134445.31,-0.05,713.87
2024-01-23 09:29:00+00:00,short,sell - take_profit,40181.7,38976.248999999996,1167911.45,2.95,716.82
2024-01-23 10:00:00+00:00,short,buy,38964.6,,1167327.5,-0.05,716.77
2024-01-23 15:41:00+00:00,short,sell - stop_loss,38964.6,39354.246,1155070.56,-1.05,715.72
2024-01-23 16:00:00+00:00,short,buy,39197.5,,1154493.02,-0.05,715.67
2024-01-23 17:33:00+00:00,short,sell - stop_loss,39197.5,39589.475,1142370.85,-1.05,714.62
2024-01-23 18:00:00+00:00,short,buy,39404.0,,1141799.66,-0.05,714.57
2024-01-23 20:00:00+00:00,short,sell - direction_change,39404.0,39140.1,1148875.72,0.62,715.19
2024-01-23 20:00:00+00:00,long,buy,39140.1,,1148301.29,-0.05,715.14
2024-01-24 10:42:00+00:00,long,sell - take_profit,39140.1,40314.303,1182176.17,2.95,718.09
2024-01-24 11:00:00+00:00,long,buy,40346.5,,1181585.08,-0.05,718.04
2024-01-24 13:43:00+00:00,long,sell - stop_loss,40346.5,39943.034999999996,1169178.44,-1.05,716.99
2024-01-24 14:00:00+00:00,long,buy,39976.2,,1168593.85,-0.05,716.94
2024-01-24 18:00:00+00:00,long,sell - direction_change,39976.2,40131.0,1172534.71,0.34,717.28
2024-01-24 18:00:00+00:00,short,buy,40131.0,,1171948.44,-0.05,717.23
2024-01-24 23:00:00+00:00,short,sell - direction_change,40131.0,39872.6,1178908.54,0.59,717.83
2024-01-24 23:00:00+00:00,long,buy,39872.6,,1178319.08,-0.05,717.78
2024-01-25 12:00:00+00:00,long,sell - direction_change,39872.6,40165.5,1186385.73,0.68,718.46
2024-01-25 12:00:00+00:00,short,buy,40165.5,,1185792.54,-0.05,718.41
2024-01-25 14:00:00+00:00,short,sell - direction_change,40165.5,39907.1,1192828.3,0.59,719.0
2024-01-25 14:00:00+00:00,long,buy,39907.1,,1192231.89,-0.05,718.95
2024-01-25 15:00:00+00:00,long,sell - direction_change,39907.1,40000.0,1194411.18,0.18,719.14
2024-01-25 15:00:00+00:00,short,buy,40000.0,,1193813.97,-0.05,719.09
2024-01-25 23:00:00+00:00,short,sell - direction_change,40000.0,39945.5,1194843.63,0.09,719.17
2024-01-25 23:00:00+00:00,long,buy,39945.5,,1194246.21,-0.05,719.12
2024-01-26 00:00:00+00:00,long,sell - direction_change,39945.5,39953.3,1193882.29,-0.03,719.09
2024-01-26 00:00:00+00:00,short,buy,39953.3,,1193285.34,-0.05,719.04
2024-01-26 01:00:00+00:00,short,sell - direction_change,39953.3,39889.9,1194582.27,0.11,719.15
2024-01-26 01:00:00+00:00,long,buy,39889.9,,1193984.98,-0.05,719.1
2024-01-26 11:30:00+00:00,long,sell - take_profit,39889.9,41086.597,1229207.54,2.95,722.05
2024-01-26 12:00:00+00:00,long,buy,41271.9,,1228592.93,-0.05,722.0
2024-01-27 04:00:00+00:00,long,sell - direction_change,41271.9,41805.1,1243851.08,1.24,723.24
2024-01-27 04:00:00+00:00,short,buy,41805.1,,1243229.15,-0.05,723.19
2024-01-27 11:00:00+00:00,short,sell - direction_change,41805.1,41731.5,1244796.3,0.13,723.32
2024-01-27 11:00:00+00:00,long,buy,41731.5,,1244173.9,-0.05,723.27
2024-01-27 13:00:00+00:00,long,sell - direction_change,41731.5,41730.6,1243524.99,-0.05,723.22
2024-01-27 13:00:00+00:00,short,buy,41730.6,,1242903.22,-0.05,723.17
2024-01-27 15:00:00+00:00,short,sell - direction_change,41730.6,41745.1,1241849.9,-0.08,723.08
2024-01-27 15:00:00+00:00,long,buy,41745.1,,1241228.98,-0.05,723.03
2024-01-28 14:00:00+00:00,long,sell - direction_change,41745.1,42385.7,1259655.66,1.48,724.52
2024-01-28 14:00:00+00:00,short,buy,42385.7,,1259025.83,-0.05,724.47
2024-01-29 03:00:00+00:00,short,sell - direction_change,42385.7,42220.8,1263294.51,0.34,724.81
2024-01-29 03:00:00+00:00,long,buy,42220.8,,1262662.87,-0.05,724.76
2024-01-29 05:00:00+00:00,long,sell - direction_change,42220.8,42201.9,1261466.31,-0.09,724.66
2024-01-29 05:00:00+00:00,short,buy,42201.9,,1260835.57,-0.05,724.61
2024-01-29 09:00:00+00:00,short,sell - direction_change,42201.9,42107.3,1263031.45,0.17,724.78
2024-01-29 09:00:00+00:00,long,buy,42107.3,,1262399.94,-0.05,724.73
2024-01-29 12:00:00+00:00,long,sell - direction_change,42107.3,42233.2,1265543.29,0.25,724.98
2024-01-29 12:00:00+00:00,short,buy,42233.2,,1264910.52,-0.05,724.93
2024-01-29 15:00:00+00:00,short,sell - direction_change,42233.2,41933.6,1273251.27,0.66,725.59
2024-01-29 15:00:00+00:00,long,buy,41933.6,,1272614.64,-0.05,725.54
2024-01-29 16:45:00+00:00,long,sell - take_profit,41933.6,43191.608,1310156.77,2.95,728.49
2024-01-29 17:00:00+00:00,long,buy,43182.5,,1309501.69,-0.05,728.44
2024-01-30 13:00:00+00:00,long,sell - direction_change,43182.5,43383.3,1314936.17,0.42,728.86
2024-01-30 13:00:00+00:00,short,buy,43383.3,,1314278.7,-0.05,728.81
2024-01-30 14:00:00+00:00,short,sell - direction_change,43383.3,43271.7,1317002.44,0.21,729.02
2024-01-30 14:00:00+00:00,long,buy,43271.7,,1316343.93,-0.05,728.97
2024-01-30 18:00:00+00:00,long,sell - direction_change,43271.7,43378.5,1318934.66,0.2,729.16
2024-01-30 18:00:00+00:00,short,buy,43378.5,,1318275.2,-0.05,729.11
2024-01-30 19:00:00+00:00,short,sell - direction_change,43378.5,43355.0,1318330.23,0.0,729.12
2024-01-30 19:00:00+00:00,long,buy,43355.0,,1317671.06,-0.05,729.07
2024-01-30 22:00:00+00:00,long,sell - direction_change,43355.0,43528.5,1322285.34,0.35,729.42
2024-01-30 22:00:00+00:00,short,buy,43528.5,,1321624.2,-0.05,729.37
2024-01-31 15:00:00+00:00,short,sell - direction_change,43528.5,42864.1,1341136.08,1.48,730.84
2024-01-31 15:00:00+00:00,long,buy,42864.1,,1340465.51,-0.05,730.79
2024-01-31 20:00:00+00:00,long,sell - direction_change,42864.1,43316.3,1353936.68,1.0,731.8
2024-01-31 20:00:00+00:00,short,buy,43316.3,,1353259.71,-0.05,731.75
2024-02-01 01:20:00+00:00,short,sell - take_profit,43316.3,42016.811,1393180.88,2.95,734.7
2024-02-01 02:00:00+00:00,short,buy,41969.9,,1392484.29,-0.05,734.65
2024-02-01 14:00:00+00:00,short,sell - direction_change,41969.9,42206.1,1383951.36,-0.61,734.04
2024-02-01 14:00:00+00:00,long,buy,42206.1,,1383259.39,-0.05,733.99
2024-02-02 09:00:00+00:00,long,sell - direction_change,42206.1,43003.7,1408708.23,1.84,735.82
2024-02-02 09:00:00+00:00,short,buy,43003.7,,1408003.88,-0.05,735.77
2024-02-02 10:00:00+00:00,short,sell - direction_change,43003.7,42972.1,1408334.51,0.02,735.8
2024-02-02 10:00:00+00:00,long,buy,42972.1,,1407630.34,-0.05,735.75
2024-02-02 13:00:00+00:00,long,sell - direction_change,42972.1,43114.3,1411584.55,0.28,736.03
2024-02-02 13:00:00+00:00,short,buy,43114.3,,1410878.76,-0.05,735.98
2024-02-02 15:00:00+00:00,short,sell - direction_change,43114.3,42787.8,1420857.75,0.71,736.69
2024-02-02 15:00:00+00:00,long,buy,42787.8,,1420147.32,-0.05,736.64
2024-02-02 17:00:00+00:00,long,sell - direction_change,42787.8,43193.5,1432902.62,0.9,737.53
2024-02-02 17:00:00+00:00,short,buy,43193.5,,1432186.17,-0.05,737.48
2024-02-02 19:00:00+00:00,short,sell - direction_change,43193.5,42910.9,1440840.37,0.6,738.09
2024-02-02 19:00:00+00:00,long,buy,42910.9,,1440119.95,-0.05,738.04
2024-02-02 20:00:00+00:00,long,sell - direction_change,42910.9,43044.2,1443873.54,0.26,738.3
2024-02-02 20:00:00+00:00,short,buy,43044.2,,1443151.6,-0.05,738.25
2024-02-02 22:00:00+00:00,short,sell - direction_change,43044.2,42976.3,1444706.52,0.11,738.36
2024-02-02 22:00:00+00:00,long,buy,42976.3,,1443984.17,-0.05,738.31
2024-02-03 07:00:00+00:00,long,sell - direction_change,42976.3,43080.2,1446753.17,0.19,738.5
2024-02-03 07:00:00+00:00,short,buy,43080.2,,1446029.79,-0.05,738.45
2024-02-03 17:00:00+00:00,short,sell - direction_change,43080.2,43074.3,1445504.82,-0.04,738.41
2024-02-03 17:00:00+00:00,long,buy,43074.3,,1444782.06,-0.05,738.36
2024-02-03 18:00:00+00:00,long,sell - direction_change,43074.3,43215.9,1448809.17,0.28,738.64
2024-02-03 18:00:00+00:00,short,buy,43215.9,,1448084.76,-0.05,738.59
2024-02-04 11:00:00+00:00,short,sell - direction_change,43215.9,42927.2,1457034.52,0.62,739.21
2024-02-04 11:00:00+00:00,long,buy,42927.2,,1456306.0,-0.05,739.16
2024-02-04 12:00:00+00:00,long,sell - direction_change,42927.2,43041.6,1459458.87,0.22,739.38
2024-02-04 12:00:00+00:00,short,buy,43041.6,,1458729.14,-0.05,739.33
2024-02-05 05:00:00+00:00,short,sell - direction_change,43041.6,42740.0,1468221.35,0.65,739.98
2024-02-05 05:00:00+00:00,long,buy,42740.0,,1467487.24,-0.05,739.93
2024-02-05 15:00:00+00:00,long,sell - direction_change,42740.0,43184.4,1482012.07,0.99,740.92
2024-02-05 15:00:00+00:00,short,buy,43184.4,,1481271.06,-0.05,740.87
2024-02-06 03:00:00+00:00,short,sell - direction_change,43184.4,42829.3,1492710.73,0.77,741.64
2024-02-06 03:00:00+00:00,long,buy,42829.3,,1491964.38,-0.05,741.59
2024-02-06 06:00:00+00:00,long,sell - direction_change,42829.3,42764.2,1488950.63,-0.2,741.39
2024-02-06 06:00:00+00:00,short,buy,42764.2,,1488206.15,-0.05,741.34
2024-02-06 07:00:00+00:00,short,sell - direction_change,42764.2,42763.7,1487479.45,-0.05,741.29
2024-02-06 07:00:00+00:00,long,buy,42763.7,,1486735.71,-0.05,741.24
2024-02-06 10:00:00+00:00,long,sell - direction_change,42763.7,42980.1,1493515.77,0.46,741.69
2024-02-06 10:00:00+00:00,short,buy,42980.1,,1492769.01,-0.05,741.64
2024-02-06 11:00:00+00:00,short,sell - direction_change,42980.1,42783.6,1498847.39,0.41,742.05
2024-02-06 11:00:00+00:00,long,buy,42783.6,,1498097.97,-0.05,742.0
2024-02-06 12:00:00+00:00,long,sell - direction_change,42783.6,42814.3,1498423.9,0.02,742.02
2024-02-06 12:00:00+00:00,short,buy,42814.3,,1497674.69,-0.05,741.97
2024-02-06 13:00:00+00:00,short,sell - direction_change,42814.3,42777.0,1498230.64,0.04,742.01
2024-02-06 13:00:00+00:00,long,buy,42777.0,,1497481.52,-0.05,741.96
2024-02-07 01:00:00+00:00,long,sell - direction_change,42777.0,43078.8,1507297.8,0.66,742.62
2024-02-07 01:00:00+00:00,short,buy,43078.8,,1506544.15,-0.05,742.57
2024-02-07 09:00:00+00:00,short,sell - direction_change,43078.8,42929.9,1510998.18,0.3,742.86
2024-02-07 09:00:00+00:00,long,buy,42929.9,,1510242.68,-0.05,742.81
2024-02-07 10:00:00+00:00,long,sell - direction_change,42929.9,43128.9,1516488.24,0.41,743.22
2024-02-07 10:00:00+00:00,short,buy,43128.9,,1515729.99,-0.05,743.17
2024-02-07 12:00:00+00:00,short,sell - direction_change,43128.9,42917.3,1522408.64,0.44,743.62
2024-02-07 12:00:00+00:00,long,buy,42917.3,,1521647.43,-0.05,743.57
2024-02-07 14:00:00+00:00,long,sell - direction_change,42917.3,43121.4,1528123.05,0.43,743.99
2024-02-07 14:00:00+00:00,short,buy,43121.4,,1527358.98,-0.05,743.94
2024-02-07 15:00:00+00:00,short,sell - direction_change,43121.4,43011.2,1530498.59,0.21,744.15
2024-02-07 15:00:00+00:00,long,buy,43011.2,,1529733.34,-0.05,744.1
2024-02-07 21:29:00+00:00,long,sell - take_profit,43011.2,44301.536,1574860.47,2.95,747.05
2024-02-07 22:00:00+00:00,long,buy,44174.8,,1574073.04,-0.05,747.0
2024-02-08 20:15:00+00:00,long,sell - take_profit,44174.8,45500.044,1620508.19,2.95,749.95
2024-02-08 21:00:00+00:00,long,buy,45471.8,,1619697.94,-0.05,749.9
2024-02-09 11:03:00+00:00,long,sell - take_profit,45471.8,46835.954000000005,1667479.03,2.95,752.85
2024-02-09 12:00:00+00:00,long,buy,47155.9,,1666645.29,-0.05,752.8
2024-02-09 14:20:00+00:00,long,sell - stop_loss,47155.9,46684.341,1649145.52,-1.05,751.75
2024-02-09 15:00:00+00:00,long,buy,47046.6,,1648320.94,-0.05,751.7
2024-02-10 05:00:00+00:00,long,sell - direction_change,47046.6,47390.6,1659549.14,0.68,752.38
2024-02-10 05:00:00+00:00,short,buy,47390.6,,1658719.36,-0.05,752.33
2024-02-10 18:00:00+00:00,short,sell - direction_change,47390.6,47180.8,1665233.22,0.39,752.72
2024-02-10 18:00:00+00:00,long,buy,47180.8,,1664400.6,-0.05,752.67
2024-02-11 04:00:00+00:00,long,sell - take_profit,47180.8,48596.224,1713500.42,2.95,755.62
2024-02-11 05:00:00+00:00,long,buy,48288.8,,1712643.67,-0.05,755.57
2024-02-11 14:00:00+00:00,long,sell - direction_change,48288.8,48053.2,1703431.4,-0.54,755.03
2024-02-11 14:00:00+00:00,short,buy,48053.2,,1702579.68,-0.05,754.98
2024-02-11 17:00:00+00:00,short,sell - direction_change,48053.2,48099.6,1700084.39,-0.15,754.84
2024-02-11 17:00:00+00:00,long,buy,48099.6,,1699234.34,-0.05,754.79
2024-02-11 20:00:00+00:00,long,sell - direction_change,48099.6,48282.3,1704839.04,0.33,755.12
2024-02-11 20:00:00+00:00,short,buy,48282.3,,1703986.63,-0.05,755.07
2024-02-11 23:00:00+00:00,short,sell - direction_change,48282.3,48139.9,1708160.24,0.24,755.31
2024-02-11 23:00:00+00:00,long,buy,48139.9,,1707306.16,-0.05,755.26
2024-02-12 02:00:00+00:00,long,sell - direction_change,48139.9,48479.7,1718503.68,0.66,755.92
2024-02-12 02:00:00+00:00,short,buy,48479.7,,1717644.43,-0.05,755.87
2024-02-12 07:00:00+00:00,short,sell - direction_change,48479.7,48147.2,1728566.14,0.64,756.5
2024-02-12 07:00:00+00:00,long,buy,48147.2,,1727701.86,-0.05,756.45
2024-02-12 08:00:00+00:00,long,sell - direction_change,48147.2,48213.0,1729199.16,0.09,756.54
2024-02-12 08:00:00+00:00,short,buy,48213.0,,1728334.56,-0.05,756.49
2024-02-12 14:00:00+00:00,short,sell - direction_change,48213.0,47948.9,1736937.82,0.5,756.99
2024-02-12 14:00:00+00:00,long,buy,47948.9,,1736069.35,-0.05,756.94
2024-02-12 15:33:00+00:00,long,sell - take_profit,47948.9,49387.367000000006,1787283.4,2.95,759.89
2024-02-12 16:00:00+00:00,long,buy,49925.5,,1786389.76,-0.05,759.84
2024-02-12 16:16:00+00:00,long,sell - stop_loss,49925.5,49426.245,1767632.66,-1.05,758.79
2024-02-12 17:00:00+00:00,long,buy,49594.4,,1766748.85,-0.05,758.74
2024-02-13 10:00:00+00:00,long,sell - direction_change,49594.4,50237.6,1788778.8,1.25,759.98
2024-02-13 10:00:00+00:00,short,buy,50237.6,,1787884.41,-0.05,759.93
2024-02-13 14:22:00+00:00,short,sell - take_profit,50237.6,48730.471999999994,1840627.0,2.95,762.88
2024-02-13 15:00:00+00:00,short,buy,48711.2,,1839706.69,-0.05,762.83
2024-02-13 18:27:00+00:00,short,sell - stop_loss,48711.2,49198.312,1820389.77,-1.05,761.78
2024-02-13 19:00:00+00:00,short,buy,49117.1,,1819479.58,-0.05,761.73
2024-02-13 21:11:00+00:00,short,sell - stop_loss,49117.1,49608.271,1800375.04,-1.05,760.68
2024-02-13 22:00:00+00:00,short,buy,49531.9,,1799474.85,-0.05,760.63
2024-02-13 23:00:00+00:00,short,sell - direction_change,49531.9,49518.5,1799061.93,-0.02,760.61
2024-02-13 23:00:00+00:00,long,buy,49518.5,,1798162.4,-0.05,760.56
2024-02-14 04:00:00+00:00,long,sell - direction_change,49518.5,49524.5,1797481.2,-0.04,760.52
2024-02-14 04:00:00+00:00,short,buy,49524.5,,1796582.46,-0.05,760.47
2024-02-14 05:00:00+00:00,short,sell - direction_change,49524.5,49396.6,1800323.95,0.21,760.68
2024-02-14 05:00:00+00:00,long,buy,49396.6,,1799423.79,-0.05,760.63
2024-02-14 08:58:00+00:00,long,sell - take_profit,49396.6,50878.498,1852506.79,2.95,763.58
2024-02-14 09:00:00+00:00,long,buy,50801.6,,1851580.53,-0.05,763.53
2024-02-15 00:23:00+00:00,long,sell - take_profit,50801.6,52325.648,1906202.16,2.95,766.48
2024-02-15 01:00:00+00:00,long,buy,52355.2,,1905249.06,-0.05,766.43
2024-02-15 01:33:00+00:00,long,sell - stop_loss,52355.2,51831.647999999994,1885243.94,-1.05,765.38
2024-02-15 02:00:00+00:00,long,buy,51928.2,,1884301.32,-0.05,765.33
2024-02-15 15:00:00+00:00,long,sell - direction_change,51928.2,52644.4,1909347.68,1.33,766.66
2024-02-15 15:00:00+00:00,short,buy,52644.4,,1908393.01,-0.05,766.61
2024-02-15 16:00:00+00:00,short,sell - direction_change,52644.4,51968.6,1931936.99,1.23,767.84
2024-02-15 16:00:00+00:00,long,buy,51968.6,,1930971.02,-0.05,767.79
2024-02-15 17:00:00+00:00,long,sell - direction_change,51968.6,52295.2,1942140.85,0.58,768.37
2024-02-15 17:00:00+00:00,short,buy,52295.2,,1941169.78,-0.05,768.32
2024-02-16 03:00:00+00:00,short,sell - direction_change,52295.2,52193.5,1943974.24,0.14,768.47
2024-02-16 03:00:00+00:00,long,buy,52193.5,,1943002.26,-0.05,768.42
2024-02-16 07:00:00+00:00,long,sell - direction_change,52193.5,51929.9,1932217.74,-0.56,767.86
2024-02-16 07:00:00+00:00,short,buy,51929.9,,1931251.64,-0.05,767.81
2024-02-16 10:00:00+00:00,short,sell - direction_change,51929.9,51871.9,1932443.01,0.06,767.87
2024-02-16 10:00:00+00:00,long,buy,51871.9,,1931476.78,-0.05,767.82
2024-02-16 14:00:00+00:00,long,sell - direction_change,51871.9,52494.7,1953701.32,1.15,768.97
2024-02-16 14:00:00+00:00,short,buy,52494.7,,1952724.47,-0.05,768.92
2024-02-16 16:00:00+00:00,short,sell - direction_change,52494.7,51909.2,1973527.84,1.07,769.99
2024-02-16 16:00:00+00:00,long,buy,51909.2,,1972541.07,-0.05,769.94
2024-02-16 17:00:00+00:00,long,sell - direction_change,51909.2,52066.3,1977524.58,0.25,770.19
2024-02-16 17:00:00+00:00,short,buy,52066.3,,1976535.81,-0.05,770.14
2024-02-17 04:00:00+00:00,short,sell - direction_change,52066.3,51993.6,1978307.38,0.09,770.23
2024-02-17 04:00:00+00:00,long,buy,51993.6,,1977318.22,-0.05,770.18
2024-02-17 05:00:00+00:00,long,sell - direction_change,51993.6,52037.6,1978002.88,0.03,770.22
2024-02-17 05:00:00+00:00,short,buy,52037.6,,1977013.88,-0.05,770.17
2024-02-17 21:00:00+00:00,short,sell - direction_change,52037.6,51543.3,1994804.84,0.9,771.07
2024-02-17 21:00:00+00:00,long,buy,51543.3,,1993807.43,-0.05,771.02
2024-02-18 02:00:00+00:00,long,sell - direction_change,51543.3,51561.7,1993522.28,-0.01,771.0
2024-02-18 02:00:00+00:00,short,buy,51561.7,,1992525.52,-0.05,770.95
2024-02-18 04:00:00+00:00,short,sell - direction_change,51561.7,51518.0,1993217.98,0.03,770.99
2024-02-18 04:00:00+00:00,long,buy,51518.0,,1992221.37,-0.05,770.94
2024-02-19 14:00:00+00:00,long,sell - direction_change,51518.0,52176.1,2016674.25,1.23,772.16
2024-02-19 14:00:00+00:00,short,buy,52176.1,,2015665.91,-0.05,772.11
2024-02-20 06:00:00+00:00,short,sell - direction_change,52176.1,51941.3,2023728.86,0.4,772.51
2024-02-20 06:00:00+00:00,long,buy,51941.3,,2022717.0,-0.05,772.46
2024-02-20 07:00:00+00:00,long,sell - direction_change,51941.3,51983.9,2023364.59,0.03,772.5
2024-02-20 07:00:00+00:00,short,buy,51983.9,,2022352.9,-0.05,772.45
2024-02-20 10:00:00+00:00,short,sell - direction_change,51983.9,51792.7,2028780.07,0.32,772.76
2024-02-20 10:00:00+00:00,long,buy,51792.7,,2027765.68,-0.05,772.71
2024-02-20 15:00:00+00:00,long,sell - direction_change,51792.7,52079.3,2037972.63,0.5,773.22
2024-02-20 15:00:00+00:00,short,buy,52079.3,,2036953.65,-0.05,773.17
2024-02-20 19:00:00+00:00,short,sell - direction_change,52079.3,51535.0,2057224.13,1.0,774.16
2024-02-20 19:00:00+00:00,long,buy,51535.0,,2056195.51,-0.05,774.11
2024-02-21 05:00:00+00:00,long,sell - direction_change,51535.0,51985.9,2073157.88,0.82,774.94
2024-02-21 05:00:00+00:00,short,buy,51985.9,,2072121.3,-0.05,774.89
2024-02-21 21:00:00+00:00,short,sell - direction_change,51985.9,50978.4,2111243.48,1.89,776.78
2024-02-21 21:00:00+00:00,long,buy,50978.4,,2110187.86,-0.05,776.73
2024-02-22 13:00:00+00:00,long,sell - direction_change,50978.4,51558.8,2133157.7,1.09,777.81
2024-02-22 13:00:00+00:00,short,buy,51558.8,,2132091.13,-0.05,777.76
2024-02-22 15:00:00+00:00,short,sell - direction_change,51558.8,51405.1,2137380.98,0.25,778.01
2024-02-22 15:00:00+00:00,long,buy,51405.1,,2136312.29,-0.05,777.96
2024-02-22 16:00:00+00:00,long,sell - direction_change,51405.1,51630.0,2144590.61,0.39,778.35
2024-02-22 16:00:00+00:00,short,buy,51630.0,,2143518.31,-0.05,778.3
2024-02-22 17:00:00+00:00,short,sell - direction_change,51630.0,51511.5,2147366.31,0.18,778.48
2024-02-22 17:00:00+00:00,long,buy,51511.5,,2146292.63,-0.05,778.43
2024-02-22 19:00:00+00:00,long,sell - direction_change,51511.5,51747.3,2155044.39,0.41,778.84
2024-02-22 19:00:00+00:00,short,buy,51747.3,,2153966.87,-0.05,778.79
2024-02-22 20:00:00+00:00,short,sell - direction_change,51747.3,51546.9,2161231.48,0.34,779.12
2024-02-22 20:00:00+00:00,long,buy,51546.9,,2160150.86,-0.05,779.07
2024-02-22 22:00:00+00:00,long,sell - direction_change,51546.9,51685.1,2164862.27,0.22,779.29
2024-02-22 22:00:00+00:00,short,buy,51685.1,,2163779.83,-0.05,779.24
2024-02-23 19:00:00+00:00,short,sell - direction_change,51685.1,51131.0,2185895.16,1.02,780.26
2024-02-23 19:00:00+00:00,long,buy,51131.0,,2184802.21,-0.05,780.21
2024-02-23 20:00:00+00:00,long,sell - direction_change,51131.0,51130.9,2183705.54,-0.05,780.16
2024-02-23 20:00:00+00:00,short,buy,51130.9,,2182613.69,-0.05,780.11
2024-02-24 07:00:00+00:00,short,sell - direction_change,51130.9,50996.7,2187250.94,0.21,780.33
2024-02-24 07:00:00+00:00,long,buy,50996.7,,2186157.32,-0.05,780.28
2024-02-25 15:00:00+00:00,long,sell - direction_change,50996.7,51780.3,2218656.08,1.49,781.76
2024-02-25 15:00:00+00:00,short,buy,51780.3,,2217546.75,-0.05,781.71
2024-02-25 19:00:00+00:00,short,sell - direction_change,51780.3,51620.0,2223303.0,0.26,781.97
2024-02-25 19:00:00+00:00,long,buy,51620.0,,2222191.34,-0.05,781.92
2024-02-26 00:00:00+00:00,long,sell - direction_change,51620.0,51764.9,2227318.05,0.23,782.15
2024-02-26 00:00:00+00:00,short,buy,51764.9,,2226204.4,-0.05,782.1
2024-02-26 14:00:00+00:00,short,sell - direction_change,51764.9,51264.1,2246628.73,0.92,783.02
2024-02-26 14:00:00+00:00,long,buy,51264.1,,2245505.41,-0.05,782.97
2024-02-26 15:53:00+00:00,long,sell - take_profit,51264.1,52802.023,2311747.82,2.95,785.92
2024-02-26 16:00:00+00:00,long,buy,52872.2,,2310591.95,-0.05,785.87
2024-02-26 19:16:00+00:00,long,sell - take_profit,52872.2,54458.366,2378754.41,2.95,788.82
2024-02-26 20:00:00+00:00,long,buy,54531.2,,2377565.03,-0.05,788.77
2024-02-27 02:06:00+00:00,long,sell - take_profit,54531.2,56167.136,2447703.2,2.95,791.72
2024-02-27 03:00:00+00:00,long,buy,56428.8,,2446479.35,-0.05,791.67
2024-02-27 03:53:00+00:00,long,sell - stop_loss,56428.8,55864.512,2420791.32,-1.05,790.62
2024-02-27 04:00:00+00:00,long,buy,55773.1,,2419580.92,-0.05,790.57
2024-02-27 12:44:00+00:00,long,sell - take_profit,55773.1,57446.293,2490958.56,2.95,793.52
2024-02-27 13:00:00+00:00,long,buy,56842.2,,2489713.08,-0.05,793.47
2024-02-27 16:10:00+00:00,long,sell - stop_loss,56842.2,56273.778,2463571.09,-1.05,792.42
2024-02-27 17:00:00+00:00,long,buy,57084.1,,2462339.31,-0.05,792.37
2024-02-28 08:04:00+00:00,long,sell - take_profit,57084.1,58796.623,2534978.32,2.95,795.32
2024-02-28 09:00:00+00:00,long,buy,59503.7,,2533710.83,-0.05,795.27
2024-02-28 09:20:00+00:00,long,sell - stop_loss,59503.7,58908.66299999999,2507106.86,-1.05,794.22
2024-02-28 10:00:00+00:00,long,buy,59357.1,,2505853.31,-0.05,794.17
2024-02-28 11:52:00+00:00,long,sell - stop_loss,59357.1,58763.528999999995,2479541.85,-1.05,793.12
2024-02-28 12:00:00+00:00,long,buy,58997.4,,2478302.08,-0.05,793.07
2024-02-28 13:25:00+00:00,long,sell - take_profit,58997.4,60767.322,2551411.99,2.95,796.02
2024-02-28 14:00:00+00:00,long,buy,60541.9,,2550136.29,-0.05,795.97
2024-02-28 14:27:00+00:00,long,sell - stop_loss,60541.9,59936.481,2523359.85,-1.05,794.92
2024-02-28 15:00:00+00:00,long,buy,61025.9,,2522098.17,-0.05,794.87
2024-02-28 17:04:00+00:00,long,sell - take_profit,61025.9,62856.677,2596500.07,2.95,797.82
2024-02-28 18:00:00+00:00,long,buy,61467.8,,2595201.82,-0.05,797.77
2024-02-28 18:05:00+00:00,long,sell - stop_loss,61467.8,60853.122,2567952.2,-1.05,796.72
2024-02-28 19:00:00+00:00,long,buy,61175.6,,2566668.23,-0.05,796.67
2024-02-28 20:07:00+00:00,long,sell - stop_loss,61175.6,60563.844,2539718.21,-1.05,795.62
2024-02-28 21:00:00+00:00,long,buy,60469.4,,2538448.35,-0.05,795.57
2024-02-28 21:09:00+00:00,long,sell - stop_loss,60469.4,59864.706,2511794.64,-1.05,794.52
2024-02-28 22:00:00+00:00,long,buy,60611.7,,2510538.75,-0.05,794.47
2024-02-28 23:18:00+00:00,long,sell - take_profit,60611.7,62430.051,2584599.64,2.95,797.42
2024-02-29 00:00:00+00:00,long,buy,62487.9,,2583307.34,-0.05,797.37
2024-02-29 00:14:00+00:00,long,sell - stop_loss,62487.9,61863.021,2556182.61,-1.05,796.32
2024-02-29 01:00:00+00:00,long,buy,61455.8,,2554904.52,-0.05,796.27
2024-02-29 06:13:00+00:00,long,sell - take_profit,61455.8,63299.474,2630274.2,2.95,799.22
2024-02-29 07:00:00+00:00,long,buy,63053.4,,2628959.07,-0.05,799.17
2024-02-29 08:25:00+00:00,long,sell - stop_loss,63053.4,62422.866,2601355.0,-1.05,798.12
2024-02-29 09:00:00+00:00,long,buy,62879.1,,2600054.32,-0.05,798.07
2024-02-29 10:16:00+00:00,long,sell - stop_loss,62879.1,62250.309,2572753.75,-1.05,797.02
2024-02-29 11:00:00+00:00,long,buy,62792.7,,2571467.37,-0.05,796.97
2024-02-29 13:29:00+00:00,long,sell - stop_loss,62792.7,62164.772999999994,2544466.96,-1.05,795.92
2024-02-29 14:00:00+00:00,long,buy,63004.1,,2543194.73,-0.05,795.87
2024-02-29 16:22:00+00:00,long,sell - stop_loss,63004.1,62374.059,2516491.19,-1.05,794.82
2024-02-29 17:00:00+00:00,short,buy,62235.5,,2515232.94,-0.05,794.77
2024-03-01 07:00:00+00:00,short,sell - direction_change,62235.5,61625.8,2538616.2,0.93,795.7
2024-03-01 07:00:00+00:00,long,buy,61625.8,,2537346.9,-0.05,795.65
2024-03-01 15:00:00+00:00,long,sell - direction_change,61625.8,62009.7,2551884.71,0.57,796.22
2024-03-01 15:00:00+00:00,short,buy,62009.7,,2550608.77,-0.05,796.17
2024-03-01 17:00:00+00:00,short,sell - direction_change,62009.7,61490.0,2570709.98,0.79,796.96
2024-03-01 17:00:00+00:00,long,buy,61490.0,,2569424.63,-0.05,796.91
2024-03-02 04:00:00+00:00,long,sell - direction_change,61490.0,62374.4,2605095.5,1.39,798.3
2024-03-02 04:00:00+00:00,short,buy,62374.4,,2603792.95,-0.05,798.25
2024-03-02 18:00:00+00:00,short,sell - direction_change,62374.4,61836.6,2624941.29,0.81,799.06
2024-03-02 18:00:00+00:00,long,buy,61836.6,,2623628.82,-0.05,799.01
2024-03-02 20:00:00+00:00,long,sell - direction_change,61836.6,62185.3,2637111.79,0.51,799.53
2024-03-02 20:00:00+00:00,short,buy,62185.3,,2635793.24,-0.05,799.48
2024-03-03 03:00:00+00:00,short,sell - direction_change,62185.3,61867.8,2647932.93,0.46,799.94
2024-03-03 03:00:00+00:00,long,buy,61867.8,,2646608.97,-0.05,799.89
2024-03-03 05:00:00+00:00,long,sell - direction_change,61867.8,62085.0,2654577.14,0.3,800.19
2024-03-03 05:00:00+00:00,short,buy,62085.0,,2653249.85,-0.05,800.14
2024-03-03 12:00:00+00:00,short,sell - direction_change,62085.0,61900.0,2659829.35,0.25,800.39
2024-03-03 12:00:00+00:00,long,buy,61900.0,,2658499.43,-0.05,800.34
2024-03-04 00:28:00+00:00,long,sell - take_profit,61900.0,63757.0,2736925.16,2.95,803.29
2024-03-04 01:00:00+00:00,long,buy,63544.5,,2735556.7,-0.05,803.24
2024-03-04 08:42:00+00:00,long,sell - take_profit,63544.5,65450.835,2816255.62,2.95,806.19
2024-03-04 09:00:00+00:00,long,buy,65331.3,,2814847.5,-0.05,806.14
2024-03-04 14:03:00+00:00,long,sell - stop_loss,65331.3,64677.987,2785291.6,-1.05,805.09
2024-03-04 15:00:00+00:00,long,buy,66223.7,,2783898.95,-0.05,805.04
2024-03-04 23:03:00+00:00,long,sell - take_profit,66223.7,68210.411,2866023.97,2.95,807.99
2024-03-05 00:00:00+00:00,long,buy,68296.5,,2864590.96,-0.05,807.94
2024-03-05 04:48:00+00:00,long,sell - stop_loss,68296.5,67613.535,2834512.75,-1.05,806.89
2024-03-05 05:00:00+00:00,long,buy,67447.0,,2833095.5,-0.05,806.84
2024-03-05 05:02:00+00:00,long,sell - stop_loss,67447.0,66772.53,2803347.99,-1.05,805.79
2024-03-05 06:00:00+00:00,long,buy,67062.4,,2801946.32,-0.05,805.74
2024-03-05 07:00:00+00:00,long,sell - direction_change,67062.4,67368.5,2813334.57,0.41,806.14
2024-03-05 07:00:00+00:00,short,buy,67368.5,,2811927.9,-0.05,806.09
2024-03-05 09:00:00+00:00,short,sell - direction_change,67368.5,66962.0,2827489.05,0.55,806.65
2024-03-05 09:00:00+00:00,long,buy,66962.0,,2826075.3,-0.05,806.6
2024-03-05 09:48:00+00:00,long,sell - stop_loss,66962.0,66292.38,2796401.51,-1.05,805.55
2024-03-05 10:00:00+00:00,long,buy,66518.9,,2795003.31,-0.05,805.5
2024-03-05 11:00:00+00:00,long,sell - direction_change,66518.9,66902.1,2809707.18,0.53,806.02
2024-03-05 11:00:00+00:00,short,buy,66902.1,,2808302.32,-0.05,805.97
2024-03-05 12:00:00+00:00,short,sell - direction_change,66902.1,66749.1,2813320.54,0.18,806.15
2024-03-05 12:00:00+00:00,long,buy,66749.1,,2811913.88,-0.05,806.1
2024-03-05 14:51:00+00:00,long,sell - take_profit,66749.1,68751.573,2894865.34,2.95,809.05
2024-03-05 15:00:00+00:00,short,buy,68809.6,,2893417.91,-0.05,809.0
2024-03-05 15:31:00+00:00,short,sell - take_profit,68809.6,66745.312,2978773.74,2.95,811.95
2024-03-05 16:00:00+00:00,short,buy,66839.8,,2977284.35,-0.05,811.9
2024-03-05 16:12:00+00:00,short,sell - take_profit,66839.8,64834.606,3065114.24,2.95,814.85
2024-03-05 17:00:00+00:00,short,buy,65621.9,,3063581.68,-0.05,814.8
2024-03-05 17:10:00+00:00,short,sell - take_profit,65621.9,63653.242999999995,3153957.34,2.95,817.75
2024-03-05 18:00:00+00:00,short,buy,65660.7,,3152380.36,-0.05,817.7
2024-03-05 19:09:00+00:00,short,sell - take_profit,65660.7,63690.87899999999,3245375.58,2.95,820.65
2024-03-05 20:00:00+00:00,short,buy,61497.3,,3243752.9,-0.05,820.6
2024-03-05 20:01:00+00:00,short,sell - stop_loss,61497.3,62112.273,3209693.49,-1.05,819.55
2024-03-05 21:00:00+00:00,short,buy,61956.7,,3208088.64,-0.05,819.5
2024-03-05 21:06:00+00:00,short,sell - stop_loss,61956.7,62576.267,3174403.71,-1.05,818.45
2024-03-05 22:00:00+00:00,short,buy,63301.2,,3172816.51,-0.05,818.4
2024-03-05 23:39:00+00:00,short,sell - stop_loss,63301.2,63934.212,3139501.94,-1.05,817.35
2024-03-06 00:00:00+00:00,short,buy,63747.5,,3137932.19,-0.05,817.3
2024-03-06 04:00:00+00:00,short,sell - direction_change,63747.5,63323.6,3157229.44,0.61,817.92
2024-03-06 04:00:00+00:00,long,buy,63323.6,,3155650.83,-0.05,817.87
2024-03-06 05:11:00+00:00,long,sell - take_profit,63323.6,65223.308,3248742.53,2.95,820.82
2024-03-06 06:00:00+00:00,long,buy,66476.4,,3247118.16,-0.05,820.77
2024-03-06 06:54:00+00:00,long,sell - stop_loss,66476.4,65811.636,3213023.42,-1.05,819.72
2024-03-06 07:00:00+00:00,long,buy,65797.6,,3211416.9,-0.05,819.67
2024-03-06 12:46:00+00:00,long,sell - stop_loss,65797.6,65139.624,3177697.03,-1.05,818.62
2024-03-06 13:00:00+00:00,long,buy,66000.0,,3176108.18,-0.05,818.57
2024-03-06 15:07:00+00:00,long,sell - stop_loss,66000.0,65340.0,3142759.04,-1.05,817.52
2024-03-06 16:00:00+00:00,long,buy,66541.3,,3141187.66,-0.05,817.47
2024-03-06 23:03:00+00:00,long,sell - stop_loss,66541.3,65875.887,3108205.19,-1.05,816.42
2024-03-07 00:00:00+00:00,long,buy,66128.0,,3106651.09,-0.05,816.37
2024-03-07 02:00:00+00:00,long,sell - direction_change,66128.0,66483.9,3121817.72,0.49,816.85
2024-03-07 02:00:00+00:00,short,buy,66483.9,,3120256.81,-0.05,816.8
2024-03-07 08:00:00+00:00,short,sell - direction_change,66483.9,66447.8,3120390.94,0.0,816.81
2024-03-07 08:00:00+00:00,long,buy,66447.8,,3118830.75,-0.05,816.76
2024-03-07 23:00:00+00:00,long,sell - direction_change,66447.8,67153.3,3150385.07,1.01,817.77
2024-03-07 23:00:00+00:00,short,buy,67153.3,,3148809.88,-0.05,817.72
2024-03-08 00:00:00+00:00,short,sell - direction_change,67153.3,66870.0,3160519.38,0.37,818.09
2024-03-08 00:00:00+00:00,long,buy,66870.0,,3158939.12,-0.05,818.04
2024-03-08 03:00:00+00:00,long,sell - direction_change,66870.0,67184.9,3172235.53,0.42,818.46
2024-03-08 03:00:00+00:00,short,buy,67184.9,,3170649.41,-0.05,818.41
2024-03-08 04:00:00+00:00,short,sell - direction_change,67184.9,67220.0,3167407.61,-0.1,818.31
2024-03-08 04:00:00+00:00,long,buy,67220.0,,3165823.91,-0.05,818.26
2024-03-08 05:00:00+00:00,long,sell - direction_change,67220.0,67135.3,3160251.93,-0.18,818.08
2024-03-08 05:00:00+00:00,short,buy,67135.3,,3158671.8,-0.05,818.03
2024-03-08 06:00:00+00:00,short,sell - direction_change,67135.3,66961.4,3165274.35,0.21,818.24
2024-03-08 06:00:00+00:00,long,buy,66961.4,,3163691.71,-0.05,818.19
2024-03-08 15:21:00+00:00,long,sell - take_profit,66961.4,68970.242,3257020.61,2.95,821.14
2024-03-08 16:00:00+00:00,long,buy,67685.8,,3255392.1,-0.05,821.09
2024-03-08 16:02:00+00:00,long,sell - stop_loss,67685.8,67008.942,3221210.49,-1.05,820.04
2024-03-08 17:00:00+00:00,long,buy,67863.8,,3219599.88,-0.05,819.99
2024-03-09 14:00:00+00:00,long,sell - direction_change,67863.8,68400.2,3243438.01,0.74,820.73
2024-03-09 14:00:00+00:00,short,buy,68400.2,,3241816.29,-0.05,820.68
2024-03-09 15:00:00+00:00,short,sell - direction_change,68400.2,68189.0,3250205.18,0.26,820.94
2024-03-09 15:00:00+00:00,long,buy,68189.0,,3248580.07,-0.05,820.89
2024-03-09 16:00:00+00:00,long,sell - direction_change,68189.0,68341.5,3254221.01,0.17,821.07
2024-03-09 16:00:00+00:00,short,buy,68341.5,,3252593.9,-0.05,821.02
2024-03-09 20:00:00+00:00,short,sell - direction_change,68341.5,68255.0,3255084.42,0.08,821.09
2024-03-09 20:00:00+00:00,long,buy,68255.0,,3253456.88,-0.05,821.04
2024-03-10 18:00:00+00:00,long,sell - direction_change,68255.0,69484.0,3310411.91,1.75,822.79
2024-03-10 18:00:00+00:00,short,buy,69484.0,,3308756.71,-0.05,822.74
2024-03-11 00:52:00+00:00,short,sell - take_profit,69484.0,67399.48,3406365.03,2.95,825.69
2024-03-11 01:00:00+00:00,short,buy,68150.0,,3404661.85,-0.05,825.64
2024-03-11 04:06:00+00:00,short,sell - stop_loss,68150.0,68831.5,3368912.9,-1.05,824.59
2024-03-11 05:00:00+00:00,short,buy,68600.3,,3367228.44,-0.05,824.54
2024-03-11 06:00:00+00:00,short,sell - direction_change,68600.3,68609.1,3365112.88,-0.06,824.48
2024-03-11 06:00:00+00:00,long,buy,68609.1,,3363430.33,-0.05,824.43
2024-03-11 07:13:00+00:00,long,sell - take_profit,68609.1,70667.373,3462651.52,2.95,827.38
2024-03-11 08:00:00+00:00,long,buy,71223.9,,3460920.19,-0.05,827.33
2024-03-12 04:00:00+00:00,long,sell - direction_change,71223.9,71673.3,3481027.03,0.58,827.91
2024-03-12 04:00:00+00:00,short,buy,71673.3,,3479286.52,-0.05,827.86
2024-03-12 05:00:00+00:00,short,sell - direction_change,71673.3,71870.8,3467959.5,-0.33,827.54
2024-03-12 05:00:00+00:00,long,buy,71870.8,,3466225.52,-0.05,827.49
2024-03-12 08:00:00+00:00,long,sell - direction_change,71870.8,72175.6,3479192.47,0.37,827.86
2024-03-12 08:00:00+00:00,short,buy,72175.6,,3477452.87,-0.05,827.81
2024-03-12 12:00:00+00:00,short,sell - direction_change,72175.6,72098.7,3479419.22,0.06,827.87
2024-03-12 12:00:00+00:00,long,buy,72098.7,,3477679.51,-0.05,827.82
2024-03-12 14:00:00+00:00,long,sell - direction_change,72098.7,72376.5,3489340.35,0.34,828.15
2024-03-12 14:00:00+00:00,short,buy,72376.5,,3487595.68,-0.05,828.1
2024-03-12 14:07:00+00:00,short,sell - stop_loss,72376.5,73100.265,3450975.93,-1.05,827.05
2024-03-12 15:00:00+00:00,short,buy,71730.1,,3449250.44,-0.05,827.0
2024-03-12 17:18:00+00:00,short,sell - take_profit,71730.1,69578.197,3551003.33,2.95,829.95
2024-03-12 18:00:00+00:00,short,buy,71161.2,,3549227.83,-0.05,829.9
2024-03-13 00:00:00+00:00,short,sell - direction_change,71161.2,71503.3,3530390.67,-0.53,829.37
2024-03-13 00:00:00+00:00,long,buy,71503.3,,3528625.48,-0.05,829.32
2024-03-13 08:27:00+00:00,long,sell - take_profit,71503.3,73648.399,3632719.93,2.95,832.27
2024-03-13 09:00:00+00:00,long,buy,73511.4,,3630903.57,-0.05,832.22
2024-03-13 12:35:00+00:00,long,sell - stop_loss,73511.4,72776.286,3592779.08,-1.05,831.17
2024-03-13 13:00:00+00:00,long,buy,72875.9,,3590982.69,-0.05,831.12
2024-03-13 13:52:00+00:00,long,sell - stop_loss,72875.9,72147.14099999999,3553277.37,-1.05,830.07
2024-03-13 14:00:00+00:00,long,buy,72239.9,,3551500.73,-0.05,830.02
2024-03-14 10:00:00+00:00,long,sell - direction_change,72239.9,73391.4,3606335.71,1.54,831.57
2024-03-14 10:00:00+00:00,short,buy,73391.4,,3604532.54,-0.05,831.52
2024-03-14 15:25:00+00:00,short,sell - take_profit,73391.4,71189.658,3710866.25,2.95,834.47
2024-03-14 16:00:00+00:00,short,buy,70904.5,,3709010.82,-0.05,834.42
2024-03-14 19:43:00+00:00,short,sell - take_profit,70904.5,68777.365,3818426.64,2.95,837.37
2024-03-14 20:00:00+00:00,short,buy,69500.4,,3816517.42,-0.05,837.32
2024-03-14 20:06:00+00:00,short,sell - stop_loss,69500.4,70195.404,3776443.99,-1.05,836.27
2024-03-14 21:00:00+00:00,short,buy,70810.8,,3774555.77,-0.05,836.22
2024-03-14 22:19:00+00:00,short,sell - stop_loss,70810.8,71518.90800000001,3734922.93,-1.05,835.17
2024-03-14 23:00:00+00:00,long,buy,71594.1,,3733055.47,-0.05,835.12
2024-03-15 02:00:00+00:00,long,sell - direction_change,71594.1,71699.9,3736705.56,0.1,835.21
2024-03-15 02:00:00+00:00,short,buy,71699.9,,3734837.21,-0.05,835.16
2024-03-15 02:41:00+00:00,short,sell - take_profit,71699.9,69548.90299999999,3845014.91,2.95,838.11
2024-03-15 03:00:00+00:00,short,buy,69062.5,,3843092.4,-0.05,838.06
2024-03-15 03:28:00+00:00,short,sell - take_profit,69062.5,66990.625,3956463.63,2.95,841.01
2024-03-15 04:00:00+00:00,short,buy,68266.0,,3954485.39,-0.05,840.96
2024-03-15 09:09:00+00:00,short,sell - take_profit,68266.0,66218.02,4071142.71,2.95,843.91
2024-03-15 10:00:00+00:00,short,buy,67857.8,,4069107.14,-0.05,843.86
2024-03-15 13:00:00+00:00,short,sell - direction_change,67857.8,67962.7,4060782.24,-0.2,843.66
2024-03-15 13:00:00+00:00,long,buy,67962.7,,4058751.85,-0.05,843.61
2024-03-15 16:00:00+00:00,long,sell - direction_change,67962.7,68199.2,4070846.32,0.3,843.91
2024-03-15 16:00:00+00:00,short,buy,68199.2,,4068810.89,-0.05,843.86
2024-03-15 17:00:00+00:00,short,sell - direction_change,68199.2,67954.3,4081387.39,0.31,844.17
2024-03-15 17:00:00+00:00,long,buy,67954.3,,4079346.7,-0.05,844.12
2024-03-15 18:52:00+00:00,long,sell - take_profit,67954.3,69992.929,4199687.42,2.95,847.07
2024-03-15 19:00:00+00:00,long,buy,70275.9,,4197587.58,-0.05,847.02
2024-03-15 19:39:00+00:00,long,sell - stop_loss,70275.9,69573.14099999999,4153512.91,-1.05,845.97
2024-03-15 20:00:00+00:00,long,buy,69002.9,,4151436.15,-0.05,845.92
2024-03-15 20:07:00+00:00,long,sell - stop_loss,69002.9,68312.871,4107846.07,-1.05,844.87
2024-03-15 21:00:00+00:00,long,buy,67906.6,,4105792.15,-0.05,844.82
2024-03-16 00:06:00+00:00,long,sell - take_profit,67906.6,69943.79800000001,4226913.02,2.95,847.77
2024-03-16 01:00:00+00:00,long,buy,69690.2,,4224799.56,-0.05,847.72
2024-03-16 02:33:00+00:00,long,sell - stop_loss,69690.2,68993.298,4180439.17,-1.05,846.67
2024-03-16 03:00:00+00:00,long,buy,69119.9,,4178348.95,-0.05,846.62
2024-03-16 10:00:00+00:00,long,sell - direction_change,69119.9,68995.0,4168709.48,-0.23,846.38
2024-03-16 10:00:00+00:00,short,buy,68995.0,,4166625.12,-0.05,846.33
2024-03-16 18:11:00+00:00,short,sell - take_profit,68995.0,66925.15,4289540.56,2.95,849.28
2024-03-16 19:00:00+00:00,short,buy,67079.6,,4287395.79,-0.05,849.23
2024-03-16 19:09:00+00:00,short,sell - stop_loss,67079.6,67750.39600000001,4242378.14,-1.05,848.18
2024-03-16 20:00:00+00:00,short,buy,66969.1,,4240256.95,-0.05,848.13
2024-03-16 23:18:00+00:00,short,sell - take_profit,66969.1,64960.027,4365344.53,2.95,851.08
2024-03-17 00:00:00+00:00,short,buy,65351.0,,4363161.86,-0.05,851.03
2024-03-17 00:04:00+00:00,short,sell - stop_loss,65351.0,66004.51,4317348.66,-1.05,849.98
2024-03-17 01:00:00+00:00,short,buy,65273.4,,4315189.98,-0.05,849.93
2024-03-17 01:30:00+00:00,short,sell - stop_loss,65273.4,65926.134,4269880.49,-1.05,848.88
2024-03-17 02:00:00+00:00,short,buy,66213.1,,4267745.55,-0.05,848.83
2024-03-17 08:00:00+00:00,short,sell - direction_change,66213.1,65681.1,4299901.58,0.75,849.59
2024-03-17 08:00:00+00:00,long,buy,65681.1,,4297751.62,-0.05,849.54
2024-03-17 14:57:00+00:00,long,sell - take_profit,65681.1,67651.53300000001,4424535.3,2.95,852.49
2024-03-17 15:00:00+00:00,long,buy,67652.6,,4422323.03,-0.05,852.44
2024-03-18 00:00:00+00:00,long,sell - direction_change,67652.6,68447.9,4472099.13,1.13,853.56
2024-03-18 00:00:00+00:00,short,buy,68447.9,,4469863.08,-0.05,853.51
2024-03-18 01:00:00+00:00,short,sell - direction_change,68447.9,67360.9,4538612.67,1.54,855.05
2024-03-18 01:00:00+00:00,long,buy,67360.9,,4536343.36,-0.05,855.0
2024-03-18 09:00:00+00:00,long,sell - direction_change,67360.9,68086.7,4582953.37,1.03,856.03
2024-03-18 09:00:00+00:00,short,buy,68086.7,,4580661.89,-0.05,855.98
2024-03-18 10:00:00+00:00,short,sell - direction_change,68086.7,67899.3,4590979.25,0.23,856.2
2024-03-18 10:00:00+00:00,long,buy,67899.3,,4588683.76,-0.05,856.15
2024-03-18 13:00:00+00:00,long,sell - direction_change,67899.3,68608.2,4634297.39,0.99,857.15
2024-03-18 13:00:00+00:00,short,buy,68608.2,,4631980.24,-0.05,857.1
2024-03-19 01:21:00+00:00,short,sell - take_profit,68608.2,66549.954,4768623.66,2.95,860.05
2024-03-19 02:00:00+00:00,short,buy,65899.4,,4766239.35,-0.05,860.0
2024-03-19 07:15:00+00:00,short,sell - take_profit,65899.4,63922.41799999999,4906843.41,2.95,862.95
2024-03-19 08:00:00+00:00,short,buy,64742.1,,4904389.99,-0.05,862.9
2024-03-19 10:48:00+00:00,short,sell - take_profit,64742.1,62799.837,5049069.49,2.95,865.85
2024-03-19 11:00:00+00:00,short,buy,63303.5,,5046544.96,-0.05,865.8
2024-03-19 15:41:00+00:00,short,sell - stop_loss,63303.5,63936.535,4993556.24,-1.05,864.75
2024-03-19 16:00:00+00:00,long,buy,64084.1,,4991059.46,-0.05,864.7
2024-03-19 22:00:00+00:00,long,sell - direction_change,64084.1,63998.9,4981928.3,-0.18,864.52
2024-03-19 22:00:00+00:00,short,buy,63998.9,,4979437.34,-0.05,864.47
2024-03-19 23:09:00+00:00,short,sell - take_profit,63998.9,62078.933,5126330.74,2.95,867.42
2024-03-20 00:00:00+00:00,long,buy,61974.1,,5123767.57,-0.05,867.37
2024-03-20 01:00:00+00:00,long,sell - direction_change,61974.1,63283.5,5229461.58,2.06,869.43
2024-03-20 01:00:00+00:00,short,buy,63283.5,,5226846.85,-0.05,869.38
2024-03-20 04:34:00+00:00,short,sell - take_profit,63283.5,61384.994999999995,5381038.83,2.95,872.33
2024-03-20 05:00:00+00:00,short,buy,61694.5,,5378348.31,-0.05,872.28
2024-03-20 07:00:00+00:00,short,sell - direction_change,61694.5,61800.7,5366400.93,-0.22,872.06
2024-03-20 07:00:00+00:00,long,buy,61800.7,,5363717.72,-0.05,872.01
2024-03-20 11:26:00+00:00,long,sell - take_profit,61800.7,63654.721,5521947.4,2.95,874.96
2024-03-20 12:00:00+00:00,long,buy,63432.0,,5519186.42,-0.05,874.91
2024-03-20 16:27:00+00:00,long,sell - stop_loss,63432.0,62797.68,5461234.97,-1.05,873.86
2024-03-20 17:00:00+00:00,long,buy,63144.8,,5458504.35,-0.05,873.81
2024-03-20 18:52:00+00:00,long,sell - take_profit,63144.8,65039.14400000001,5619530.23,2.95,876.76
2024-03-20 19:00:00+00:00,long,buy,65455.5,,5616720.46,-0.05,876.71
2024-03-20 20:34:00+00:00,long,sell - take_profit,65455.5,67419.16500000001,5782413.72,2.95,879.66
2024-03-20 21:00:00+00:00,long,buy,67094.6,,5779522.51,-0.05,879.61
2024-03-21 03:54:00+00:00,long,sell - stop_loss,67094.6,66423.65400000001,5718837.52,-1.05,878.56
2024-03-21 04:00:00+00:00,long,buy,66707.8,,5715978.1,-0.05,878.51
2024-03-21 09:00:00+00:00,long,sell - direction_change,66707.8,67336.0,5766948.56,0.89,879.4
2024-03-21 09:00:00+00:00,short,buy,67336.0,,5764065.09,-0.05,879.35
2024-03-21 12:00:00+00:00,short,sell - direction_change,67336.0,67082.3,5782900.17,0.33,879.67
2024-03-21 12:00:00+00:00,long,buy,67082.3,,5780008.72,-0.05,879.62
2024-03-21 15:00:00+00:00,long,sell - direction_change,67082.3,66915.9,5762781.2,-0.3,879.33
2024-03-21 15:00:00+00:00,short,buy,66915.9,,5759899.81,-0.05,879.28
2024-03-21 20:03:00+00:00,short,sell - take_profit,66915.9,64908.422999999995,5929816.85,2.95,882.23
2024-03-21 21:00:00+00:00,short,buy,65535.7,,5926851.94,-0.05,882.18
2024-03-22 03:31:00+00:00,short,sell - stop_loss,65535.7,66191.057,5864620.0,-1.05,881.13
2024-03-22 04:00:00+00:00,long,buy,66017.8,,5861687.69,-0.05,881.08
2024-03-22 09:00:00+00:00,long,sell - direction_change,66017.8,65900.1,5848306.32,-0.23,880.85
2024-03-22 09:00:00+00:00,short,buy,65900.1,,5845382.17,-0.05,880.8
2024-03-22 13:22:00+00:00,short,sell - take_profit,65900.1,63923.097,6017820.94,2.95,883.75
2024-03-22 14:00:00+00:00,short,buy,63097.1,,6014812.03,-0.05,883.7
2024-03-22 15:26:00+00:00,short,sell - stop_loss,63097.1,63728.070999999996,5951656.5,-1.05,882.65
2024-03-22 16:00:00+00:00,short,buy,63920.0,,5948680.68,-0.05,882.6
2024-03-22 23:00:00+00:00,short,sell - direction_change,63920.0,63061.4,6025611.49,1.29,883.89
2024-03-22 23:00:00+00:00,long,buy,63061.4,,6022598.68,-0.05,883.84
2024-03-23 12:52:00+00:00,long,sell - take_profit,63061.4,64953.242000000006,6200265.34,2.95,886.79
2024-03-23 13:00:00+00:00,long,buy,64728.2,,6197165.21,-0.05,886.74
2024-03-23 23:00:00+00:00,long,sell - direction_change,64728.2,64774.4,6198489.88,0.02,886.76
2024-03-23 23:00:00+00:00,short,buy,64774.4,,6195390.63,-0.05,886.71
2024-03-24 00:00:00+00:00,short,sell - direction_change,64774.4,64020.4,6264409.77,1.11,887.83
2024-03-24 00:00:00+00:00,long,buy,64020.4,,6261277.56,-0.05,887.78
2024-03-24 01:00:00+00:00,long,sell - direction_change,64020.4,64561.0,6311018.3,0.79,888.57
2024-03-24 01:00:00+00:00,short,buy,64561.0,,6307862.79,-0.05,888.52
2024-03-24 08:00:00+00:00,short,sell - direction_change,64561.0,64624.6,6298494.89,-0.15,888.37
2024-03-24 08:00:00+00:00,long,buy,64624.6,,6295345.64,-0.05,888.32
2024-03-24 21:30:00+00:00,long,sell - take_profit,64624.6,66563.338,6481058.34,2.95,891.27
2024-03-24 22:00:00+00:00,long,buy,66574.9,,6477817.81,-0.05,891.22
2024-03-25 14:09:00+00:00,long,sell - take_profit,66574.9,68572.147,6668913.44,2.95,894.17
2024-03-25 15:00:00+00:00,long,buy,69434.6,,6665578.98,-0.05,894.12
2024-03-26 07:29:00+00:00,long,sell - take_profit,69434.6,71517.638,6862213.56,2.95,897.07
2024-03-26 08:00:00+00:00,long,buy,70535.0,,6858782.45,-0.05,897.02
2024-03-26 14:27:00+00:00,long,sell - stop_loss,70535.0,69829.65,6786765.24,-1.05,895.97
2024-03-26 15:00:00+00:00,short,buy,70377.7,,6783371.85,-0.05,895.92
2024-03-27 00:00:00+00:00,short,sell - direction_change,70377.7,70044.2,6812124.65,0.42,896.35
2024-03-27 00:00:00+00:00,long,buy,70044.2,,6808718.59,-0.05,896.3
2024-03-27 04:00:00+00:00,long,sell - direction_change,70044.2,70445.2,6844293.84,0.52,896.82
2024-03-27 04:00:00+00:00,short,buy,70445.2,,6840871.7,-0.05,896.77
2024-03-27 05:00:00+00:00,short,sell - direction_change,70445.2,70256.6,6855766.04,0.22,896.99
2024-03-27 05:00:00+00:00,long,buy,70256.6,,6852338.16,-0.05,896.94
2024-03-27 07:00:00+00:00,long,sell - direction_change,70256.6,70371.0,6860069.77,0.11,897.05
2024-03-27 07:00:00+00:00,short,buy,70371.0,,6856639.73,-0.05,897.0
2024-03-27 11:00:00+00:00,short,sell - direction_change,70371.0,70185.4,6871295.46,0.21,897.21
2024-03-27 11:00:00+00:00,long,buy,70185.4,,6867859.81,-0.05,897.16
2024-03-27 12:00:00+00:00,long,sell - direction_change,70185.4,70290.2,6874680.89,0.1,897.26
2024-03-27 12:00:00+00:00,short,buy,70290.2,,6871243.55,-0.05,897.21
2024-03-27 13:05:00+00:00,short,sell - stop_loss,70290.2,70993.102,6799095.49,-1.05,896.16
2024-03-27 14:00:00+00:00,short,buy,69966.3,,6795695.94,-0.05,896.11
2024-03-28 01:00:00+00:00,short,sell - direction_change,69966.3,69747.1,6813588.58,0.26,896.38
2024-03-28 01:00:00+00:00,long,buy,69747.1,,6810181.78,-0.05,896.33
2024-03-28 02:00:00+00:00,long,sell - direction_change,69747.1,69506.0,6783235.43,-0.4,895.93
2024-03-28 02:00:00+00:00,short,buy,69506.0,,6779843.81,-0.05,895.88
2024-03-28 03:00:00+00:00,short,sell - direction_change,69506.0,69208.2,6805502.28,0.38,896.26
2024-03-28 03:00:00+00:00,long,buy,69208.2,,6802099.53,-0.05,896.21
2024-03-28 13:33:00+00:00,long,sell - take_profit,69208.2,71284.446,7002761.47,2.95,899.16
2024-03-28 14:00:00+00:00,long,buy,70924.5,,6999260.09,-0.05,899.11
2024-03-29 02:00:00+00:00,long,sell - direction_change,70924.5,70840.8,6987500.43,-0.17,898.94
2024-03-29 02:00:00+00:00,short,buy,70840.8,,6984006.68,-0.05,898.89
2024-03-29 13:00:00+00:00,short,sell - direction_change,70840.8,70200.1,7043679.59,0.85,899.75
2024-03-29 13:00:00+00:00,long,buy,70200.1,,7040157.75,-0.05,899.7
2024-03-29 14:00:00+00:00,long,sell - direction_change,70200.1,70497.7,7066483.09,0.37,900.07
2024-03-29 14:00:00+00:00,short,buy,70497.7,,7062949.85,-0.05,900.02
2024-03-30 01:00:00+00:00,short,sell - direction_change,70497.7,69985.0,7110784.22,0.68,900.7
2024-03-30 01:00:00+00:00,long,buy,69985.0,,7107228.83,-0.05,900.65
2024-03-30 18:00:00+00:00,long,sell - direction_change,69985.0,70099.9,7115343.72,0.11,900.76
2024-03-30 18:00:00+00:00,short,buy,70099.9,,7111786.05,-0.05,900.71
2024-03-31 01:00:00+00:00,short,sell - direction_change,70099.9,69923.6,7126116.17,0.2,900.91
2024-03-31 01:00:00+00:00,long,buy,69923.6,,7122553.12,-0.05,900.86
2024-03-31 03:00:00+00:00,long,sell - direction_change,69923.6,70060.7,7132957.11,0.15,901.01
2024-03-31 03:00:00+00:00,short,buy,70060.7,,7129390.63,-0.05,900.96
2024-03-31 04:00:00+00:00,short,sell - direction_change,70060.7,69980.9,7133946.4,0.06,901.02
2024-03-31 04:00:00+00:00,long,buy,69980.9,,7130379.43,-0.05,900.97
2024-04-01 03:00:00+00:00,long,sell - direction_change,69980.9,70930.1,7223528.57,1.31,902.28
2024-04-01 03:00:00+00:00,short,buy,70930.1,,7219916.81,-0.05,902.23
2024-04-01 14:52:00+00:00,short,sell - take_profit,70930.1,68802.197,7432904.35,2.95,905.18
2024-04-01 15:00:00+00:00,short,buy,68950.0,,7429187.9,-0.05,905.13
2024-04-01 19:00:00+00:00,short,sell - direction_change,68950.0,68960.9,7424298.86,-0.07,905.06
2024-04-01 19:00:00+00:00,long,buy,68960.9,,7420586.71,-0.05,905.01
2024-04-02 02:00:00+00:00,long,sell - direction_change,68960.9,69437.2,7468129.02,0.64,905.65
2024-04-02 02:00:00+00:00,short,buy,69437.2,,7464394.95,-0.05,905.6
2024-04-02 02:37:00+00:00,short,sell - take_profit,69437.2,67354.084,7684594.6,2.95,908.55
2024-04-02 03:00:00+00:00,short,buy,67025.7,,7680752.31,-0.05,908.5
2024-04-02 13:19:00+00:00,short,sell - take_profit,67025.7,65014.929,7907334.5,2.95,911.45
2024-04-02 14:00:00+00:00,short,buy,65268.9,,7903380.83,-0.05,911.4
2024-04-02 14:29:00+00:00,short,sell - stop_loss,65268.9,65921.589,7820395.33,-1.05,910.35
2024-04-02 15:00:00+00:00,short,buy,65742.0,,7816485.14,-0.05,910.3
2024-04-02 19:00:00+00:00,short,sell - direction_change,65742.0,65871.1,7797227.37,-0.25,910.06
2024-04-02 19:00:00+00:00,long,buy,65871.1,,7793328.76,-0.05,910.01
2024-04-03 00:26:00+00:00,long,sell - stop_loss,65871.1,65212.389,7711498.81,-1.05,908.96
2024-04-03 01:00:00+00:00,long,buy,65433.9,,7707643.06,-0.05,908.91
2024-04-03 19:00:00+00:00,long,sell - direction_change,65433.9,66026.4,7773581.48,0.86,909.76
2024-04-03 19:00:00+00:00,short,buy,66026.4,,7769694.69,-0.05,909.71
2024-04-03 22:00:00+00:00,short,sell - direction_change,66026.4,65944.7,7775423.93,0.07,909.79
2024-04-03 22:00:00+00:00,long,buy,65944.7,,7771536.22,-0.05,909.74
2024-04-04 02:00:00+00:00,long,sell - direction_change,65944.7,66150.1,7791856.7,0.26,910.0
2024-04-04 02:00:00+00:00,short,buy,66150.1,,7787960.77,-0.05,909.95
2024-04-04 07:00:00+00:00,short,sell - direction_change,66150.1,65788.4,7826650.33,0.5,910.44
2024-04-04 07:00:00+00:00,long,buy,65788.4,,7822737.0,-0.05,910.39
2024-04-04 14:11:00+00:00,long,sell - take_profit,65788.4,67762.052,8053507.75,2.95,913.34
2024-04-04 15:00:00+00:00,long,buy,67683.9,,8049480.99,-0.05,913.29
2024-04-05 04:00:00+00:00,long,sell - direction_change,67683.9,67885.5,8069432.05,0.25,913.54
2024-04-05 04:00:00+00:00,short,buy,67885.5,,8065397.33,-0.05,913.49
2024-04-05 14:00:00+00:00,short,sell - direction_change,67885.5,67491.8,8108139.67,0.53,914.02
2024-04-05 14:00:00+00:00,long,buy,67491.8,,8104085.6,-0.05,913.97
2024-04-06 02:00:00+00:00,long,sell - direction_change,67491.8,67700.0,8125033.2,0.26,914.23
2024-04-06 02:00:00+00:00,short,buy,67700.0,,8120970.68,-0.05,914.18
2024-04-06 03:00:00+00:00,short,sell - direction_change,67700.0,67573.6,8132072.54,0.14,914.32
2024-04-06 03:00:00+00:00,long,buy,67573.6,,8128006.5,-0.05,914.27
2024-04-06 11:00:00+00:00,long,sell - direction_change,67573.6,67839.3,8155901.9,0.34,914.61
2024-04-06 11:00:00+00:00,short,buy,67839.3,,8151823.94,-0.05,914.56
2024-04-06 12:00:00+00:00,short,sell - direction_change,67839.3,67654.9,8169906.23,0.22,914.78
2024-04-06 12:00:00+00:00,long,buy,67654.9,,8165821.27,-0.05,914.73
2024-04-06 13:00:00+00:00,long,sell - direction_change,67654.9,67733.5,8171225.24,0.07,914.8
2024-04-06 13:00:00+00:00,short,buy,67733.5,,8167139.62,-0.05,914.75
2024-04-06 14:00:00+00:00,short,sell - direction_change,67733.5,67688.2,8168518.22,0.02,914.77
2024-04-06 14:00:00+00:00,long,buy,67688.2,,8164433.96,-0.05,914.72
2024-04-07 02:10:00+00:00,long,sell - take_profit,67688.2,69718.846,8405284.76,2.95,917.67
2024-04-07 03:00:00+00:00,long,buy,69309.3,,8401082.12,-0.05,917.62
2024-04-07 19:00:00+00:00,long,sell - direction_change,69309.3,69421.3,8410457.26,0.11,917.73
2024-04-07 19:00:00+00:00,short,buy,69421.3,,8406252.03,-0.05,917.68
2024-04-08 05:00:00+00:00,short,sell - direction_change,69421.3,69403.8,8404167.99,-0.02,917.65
2024-04-08 05:00:00+00:00,long,buy,69403.8,,8399965.9,-0.05,917.6
2024-04-08 08:16:00+00:00,long,sell - take_profit,69403.8,71485.914,8647764.9,2.95,920.55
2024-04-08 09:00:00+00:00,long,buy,72057.2,,8643441.02,-0.05,920.5
2024-04-08 14:47:00+00:00,long,sell - stop_loss,72057.2,71336.628,8552684.89,-1.05,919.45
2024-04-08 15:00:00+00:00,long,buy,71780.9,,8548408.54,-0.05,919.4
2024-04-09 01:00:00+00:00,long,sell - direction_change,71780.9,71470.0,8507109.17,-0.48,918.92
2024-04-09 01:00:00+00:00,short,buy,71470.0,,8502855.61,-0.05,918.87
2024-04-09 02:00:00+00:00,short,sell - direction_change,71470.0,71318.5,8516628.29,0.16,919.03
2024-04-09 02:00:00+00:00,long,buy,71318.5,,8512369.97,-0.05,918.98
2024-04-09 03:00:00+00:00,long,sell - direction_change,71318.5,71526.3,8532916.19,0.24,919.22
2024-04-09 03:00:00+00:00,short,buy,71526.3,,8528649.74,-0.05,919.17
2024-04-09 14:37:00+00:00,short,sell - take_profit,71526.3,69380.511,8780244.9,2.95,922.12
2024-04-09 15:00:00+00:00,short,buy,69416.0,,8775854.78,-0.05,922.07
2024-04-10 01:00:00+00:00,short,sell - direction_change,69416.0,69182.9,8800936.31,0.29,922.36
2024-04-10 01:00:00+00:00,long,buy,69182.9,,8796535.84,-0.05,922.31
2024-04-10 08:00:00+00:00,long,sell - direction_change,69182.9,69381.6,8817402.08,0.24,922.55
2024-04-10 08:00:00+00:00,short,buy,69381.6,,8812993.38,-0.05,922.5
2024-04-10 16:00:00+00:00,short,sell - direction_change,69381.6,68688.0,8896689.38,0.95,923.45
2024-04-10 16:00:00+00:00,long,buy,68688.0,,8892241.03,-0.05,923.4
2024-04-10 22:21:00+00:00,long,sell - take_profit,68688.0,70748.64,9154562.14,2.95,926.35
2024-04-10 23:00:00+00:00,long,buy,70584.3,,9149984.86,-0.05,926.3
2024-04-11 11:00:00+00:00,long,sell - direction_change,70584.3,70521.8,9137307.87,-0.14,926.16
2024-04-11 11:00:00+00:00,short,buy,70521.8,,9132739.21,-0.05,926.11
2024-04-11 12:00:00+00:00,short,sell - direction_change,70521.8,70043.4,9190126.77,0.63,926.74
2024-04-11 12:00:00+00:00,long,buy,70043.4,,9185531.71,-0.05,926.69
2024-04-11 13:00:00+00:00,long,sell - direction_change,70043.4,70906.5,9294126.37,1.18,927.87
2024-04-11 13:00:00+00:00,short,buy,70906.5,,9289479.31,-0.05,927.82
2024-04-11 15:00:00+00:00,short,sell - direction_change,70906.5,69630.7,9451977.46,1.75,929.57
2024-04-11 15:00:00+00:00,long,buy,69630.7,,9447251.48,-0.05,929.52
2024-04-11 16:00:00+00:00,long,sell - direction_change,69630.7,70045.9,9498860.74,0.55,930.06
2024-04-11 16:00:00+00:00,short,buy,70045.9,,9494111.31,-0.05,930.01
2024-04-11 19:00:00+00:00,short,sell - direction_change,70045.9,70151.2,9475091.76,-0.2,929.81
2024-04-11 19:00:00+00:00,long,buy,70151.2,,9470354.21,-0.05,929.76
2024-04-11 21:00:00+00:00,long,sell - direction_change,70151.2,70547.6,9519132.71,0.52,930.28
2024-04-11 21:00:00+00:00,short,buy,70547.6,,9514373.14,-0.05,930.23
2024-04-12 00:00:00+00:00,short,sell - direction_change,70547.6,70055.6,9575969.34,0.65,930.88
2024-04-12 00:00:00+00:00,long,buy,70055.6,,9571181.35,-0.05,930.83
2024-04-12 01:00:00+00:00,long,sell - direction_change,70055.6,70342.0,9605524.49,0.36,931.18
2024-04-12 01:00:00+00:00,short,buy,70342.0,,9600721.72,-0.05,931.13
2024-04-12 02:00:00+00:00,short,sell - direction_change,70342.0,70330.0,9597559.2,-0.03,931.1
2024-04-12 02:00:00+00:00,long,buy,70330.0,,9592760.42,-0.05,931.05
2024-04-12 12:00:00+00:00,long,sell - direction_change,70330.0,70950.9,9672652.58,0.83,931.88
2024-04-12 12:00:00+00:00,short,buy,70950.9,,9667816.25,-0.05,931.83
2024-04-12 16:20:00+00:00,short,sell - take_profit,70950.9,68822.37299999999,9953016.83,2.95,934.78
2024-04-12 17:00:00+00:00,short,buy,68884.5,,9948040.32,-0.05,934.73
2024-04-12 18:32:00+00:00,short,sell - take_profit,68884.5,66817.965,10241507.51,2.95,937.68
2024-04-12 19:00:00+00:00,short,buy,66522.7,,10236386.76,-0.05,937.63
2024-04-12 19:31:00+00:00,short,sell - stop_loss,66522.7,67187.927,10128904.7,-1.05,936.58
2024-04-12 20:00:00+00:00,short,buy,66867.6,,10123840.25,-0.05,936.53
2024-04-13 04:00:00+00:00,short,sell - direction_change,66867.6,67188.5,10070193.65,-0.53,936.0
2024-04-13 04:00:00+00:00,long,buy,67188.5,,10065158.56,-0.05,935.95
2024-04-13 17:00:00+00:00,long,sell - direction_change,67188.5,67450.6,10099389.81,0.34,936.29
2024-04-13 17:00:00+00:00,short,buy,67450.6,,10094340.12,-0.05,936.24
2024-04-13 18:00:00+00:00,short,sell - direction_change,67450.6,66755.4,10193333.31,0.98,937.22
2024-04-13 18:00:00+00:00,long,buy,66755.4,,10188236.65,-0.05,937.17
2024-04-13 19:00:00+00:00,long,sell - direction_change,66755.4,67181.6,10248189.35,0.59,937.76
2024-04-13 19:00:00+00:00,short,buy,67181.6,,10243065.25,-0.05,937.71
2024-04-13 19:53:00+00:00,short,sell - take_profit,67181.6,65166.152,10545235.68,2.95,940.66
2024-04-13 20:00:00+00:00,short,buy,64779.1,,10539963.06,-0.05,940.61
2024-04-13 20:07:00+00:00,short,sell - take_profit,64779.1,62835.727,10850891.97,2.95,943.56
2024-04-13 21:00:00+00:00,short,buy,61828.5,,10845466.53,-0.05,943.51
2024-04-13 21:02:00+00:00,short,sell - stop_loss,61828.5,62446.785,10731589.13,-1.05,942.46
2024-04-13 22:00:00+00:00,short,buy,62922.5,,10726223.33,-0.05,942.41
2024-04-13 22:33:00+00:00,short,sell - stop_loss,62922.5,63551.725,10613597.99,-1.05,941.36
2024-04-13 23:00:00+00:00,short,buy,64288.6,,10608291.19,-0.05,941.31
2024-04-13 23:05:00+00:00,short,sell - stop_loss,64288.6,64931.486,10496904.13,-1.05,940.26
2024-04-14 00:00:00+00:00,short,buy,63939.7,,10491655.68,-0.05,940.21
2024-04-14 06:00:00+00:00,short,sell - direction_change,63939.7,64370.3,10415754.11,-0.72,939.49
2024-04-14 06:00:00+00:00,long,buy,64370.3,,10410546.23,-0.05,939.44
2024-04-14 14:00:00+00:00,long,sell - direction_change,64370.3,64357.4,10403254.66,-0.07,939.37
2024-04-14 14:00:00+00:00,short,buy,64357.4,,10398053.03,-0.05,939.32
2024-04-14 15:00:00+00:00,short,sell - direction_change,64357.4,63900.1,10466738.74,0.66,939.98
2024-04-14 15:00:00+00:00,long,buy,63900.1,,10461505.37,-0.05,939.93
2024-04-14 17:00:00+00:00,long,sell - direction_change,63900.1,64398.5,10537870.96,0.73,940.66
2024-04-14 17:00:00+00:00,short,buy,64398.5,,10532602.02,-0.05,940.61
2024-04-14 18:00:00+00:00,short,sell - direction_change,64398.5,63849.7,10617093.9,0.8,941.41
2024-04-14 18:00:00+00:00,long,buy,63849.7,,10611785.35,-0.05,941.36
2024-04-14 23:21:00+00:00,long,sell - take_profit,63849.7,65765.19099999999,10924833.02,2.95,944.31
2024-04-15 00:00:00+00:00,long,buy,65615.9,,10919370.6,-0.05,944.26
2024-04-15 02:41:00+00:00,long,sell - stop_loss,65615.9,64959.740999999995,10804717.21,-1.05,943.21
2024-04-15 03:00:00+00:00,long,buy,65102.6,,10799314.85,-0.05,943.16
2024-04-15 14:00:00+00:00,long,sell - direction_change,65102.6,65842.4,10916634.31,1.09,944.25
2024-04-15 14:00:00+00:00,short,buy,65842.4,,10911175.99,-0.05,944.2
2024-04-15 15:01:00+00:00,short,sell - take_profit,65842.4,63867.12799999999,11233055.68,2.95,947.15
2024-04-15 16:00:00+00:00,short,buy,64552.6,,11227439.15,-0.05,947.1
2024-04-15 19:04:00+00:00,short,sell - take_profit,64552.6,62616.022,11558648.61,2.95,950.05
2024-04-15 20:00:00+00:00,short,buy,63269.9,,11552869.28,-0.05,950.0
2024-04-16 06:00:00+00:00,short,sell - direction_change,63269.9,62682.7,11654313.58,0.88,950.88
2024-04-16 06:00:00+00:00,long,buy,62682.7,,11648486.42,-0.05,950.83
2024-04-16 10:00:00+00:00,long,sell - direction_change,62682.7,63220.0,11742510.01,0.81,951.63
2024-04-16 10:00:00+00:00,short,buy,63220.0,,11736638.76,-0.05,951.58
2024-04-16 11:00:00+00:00,short,sell - direction_change,63220.0,62534.1,11858106.1,1.03,952.62
2024-04-16 11:00:00+00:00,long,buy,62534.1,,11852177.04,-0.05,952.57
2024-04-16 12:00:00+00:00,long,sell - direction_change,62534.1,63064.6,11946797.38,0.8,953.37
2024-04-16 12:00:00+00:00,short,buy,63064.6,,11940823.98,-0.05,953.32
2024-04-16 18:00:00+00:00,short,sell - direction_change,63064.6,62472.2,12047020.2,0.89,954.21
2024-04-16 18:00:00+00:00,long,buy,62472.2,,12040996.69,-0.05,954.16
2024-04-16 19:00:00+00:00,long,sell - direction_change,62472.2,62979.4,12132734.77,0.76,954.92
2024-04-16 19:00:00+00:00,short,buy,62979.4,,12126668.41,-0.05,954.87
2024-04-16 20:00:00+00:00,short,sell - direction_change,62979.4,62690.9,12176155.68,0.41,955.28
2024-04-16 20:00:00+00:00,long,buy,62690.9,,12170067.6,-0.05,955.23
2024-04-17 07:00:00+00:00,long,sell - direction_change,62690.9,63853.6,12389695.35,1.8,957.03
2024-04-17 07:00:00+00:00,short,buy,63853.6,,12383500.5,-0.05,956.98
2024-04-17 08:00:00+00:00,short,sell - direction_change,63853.6,63260.7,12492293.3,0.88,957.86
2024-04-17 08:00:00+00:00,long,buy,63260.7,,12486047.16,-0.05,957.81
2024-04-17 09:00:00+00:00,long,sell - direction_change,63260.7,63304.2,12488389.92,0.02,957.83
2024-04-17 09:00:00+00:00,short,buy,63304.2,,12482145.73,-0.05,957.78
2024-04-17 14:19:00+00:00,short,sell - take_profit,63304.2,61405.07399999999,12850369.03,2.95,960.73
2024-04-17 15:00:00+00:00,short,buy,61263.2,,12843943.84,-0.05,960.68
2024-04-17 18:23:00+00:00,short,sell - stop_loss,61263.2,61875.831999999995,12709082.43,-1.05,959.63
2024-04-17 19:00:00+00:00,short,buy,61419.4,,12702727.89,-0.05,959.58
2024-04-18 01:00:00+00:00,short,sell - direction_change,61419.4,61495.5,12680637.56,-0.17,959.4
2024-04-18 01:00:00+00:00,long,buy,61495.5,,12674297.25,-0.05,959.35
2024-04-18 05:00:00+00:00,long,sell - direction_change,61495.5,61613.8,12692341.87,0.14,959.5
2024-04-18 05:00:00+00:00,short,buy,61613.8,,12685995.7,-0.05,959.45
2024-04-18 09:00:00+00:00,short,sell - direction_change,61613.8,61313.7,12741441.9,0.44,959.88
2024-04-18 09:00:00+00:00,long,buy,61313.7,,12735071.18,-0.05,959.83
2024-04-18 14:10:00+00:00,long,sell - take_profit,61313.7,63153.111,13110755.78,2.95,962.78
2024-04-18 15:00:00+00:00,long,buy,63778.3,,13104200.4,-0.05,962.73
2024-04-18 17:41:00+00:00,long,sell - stop_loss,63778.3,63140.517,12966606.3,-1.05,961.68
2024-04-18 18:00:00+00:00,long,buy,62755.1,,12960122.99,-0.05,961.63
2024-04-19 01:00:00+00:00,long,sell - direction_change,62755.1,62692.1,12940632.23,-0.15,961.48
2024-04-19 01:00:00+00:00,short,buy,62692.1,,12934161.92,-0.05,961.43
2024-04-19 01:48:00+00:00,short,sell - take_profit,62692.1,60811.337,13315719.69,2.95,964.38
2024-04-19 02:00:00+00:00,short,buy,61000.0,,13309061.83,-0.05,964.33
2024-04-19 03:14:00+00:00,short,sell - stop_loss,61000.0,61610.0,13169316.68,-1.05,963.28
2024-04-19 04:00:00+00:00,long,buy,61757.1,,13162732.03,-0.05,963.23
2024-04-19 05:00:00+00:00,long,sell - direction_change,61757.1,62406.3,13294519.3,1.0,964.24
2024-04-19 05:00:00+00:00,short,buy,62406.3,,13287872.04,-0.05,964.19
2024-04-19 06:00:00+00:00,short,sell - direction_change,62406.3,62045.6,13358030.21,0.53,964.71
2024-04-19 06:00:00+00:00,long,buy,62045.6,,13351351.19,-0.05,964.66
2024-04-19 06:45:00+00:00,long,sell - take_profit,62045.6,63906.968,13745216.05,2.95,967.61
2024-04-19 07:00:00+00:00,long,buy,64595.9,,13738343.45,-0.05,967.56
2024-04-19 14:27:00+00:00,long,sell - stop_loss,64595.9,63949.941,13594090.84,-1.05,966.51
2024-04-19 15:00:00+00:00,long,buy,64426.2,,13587293.79,-0.05,966.46
2024-04-19 16:20:00+00:00,long,sell - stop_loss,64426.2,63781.937999999995,13444627.21,-1.05,965.41
2024-04-19 17:00:00+00:00,long,buy,63985.9,,13437904.9,-0.05,965.36
2024-04-19 23:00:00+00:00,long,sell - direction_change,63985.9,63980.5,13430051.87,-0.06,965.3
2024-04-19 23:00:00+00:00,short,buy,63980.5,,13423336.84,-0.05,965.25
2024-04-20 04:00:00+00:00,short,sell - direction_change,63980.5,63931.8,13426842.61,0.03,965.28
2024-04-20 04:00:00+00:00,long,buy,63931.8,,13420129.19,-0.05,965.23
2024-04-20 06:00:00+00:00,long,sell - direction_change,63931.8,64117.6,13452421.0,0.24,965.47
2024-04-20 06:00:00+00:00,short,buy,64117.6,,13445694.79,-0.05,965.42
2024-04-20 15:00:00+00:00,short,sell - direction_change,64117.6,63905.9,13483366.2,0.28,965.7
2024-04-20 15:00:00+00:00,long,buy,63905.9,,13476624.52,-0.05,965.65
2024-04-21 08:00:00+00:00,long,sell - direction_change,63905.9,65109.8,13723767.43,1.83,967.49
2024-04-21 08:00:00+00:00,short,buy,65109.8,,13716905.55,-0.05,967.44
2024-04-21 10:00:00+00:00,short,sell - direction_change,65109.8,64872.7,13759997.77,0.31,967.75
2024-04-21 10:00:00+00:00,long,buy,64872.7,,13753117.77,-0.05,967.7
2024-04-21 12:00:00+00:00,long,sell - direction_change,64872.7,65203.5,13816371.35,0.46,968.16
2024-04-21 12:00:00+00:00,short,buy,65203.5,,13809463.16,-0.05,968.11
2024-04-21 22:00:00+00:00,short,sell - direction_change,65203.5,64632.2,13923554.18,0.83,968.94
2024-04-21 22:00:00+00:00,long,buy,64632.2,,13916592.4,-0.05,968.89
2024-04-22 01:00:00+00:00,long,sell - direction_change,64632.2,64873.2,13961526.18,0.32,969.21
2024-04-22 01:00:00+00:00,short,buy,64873.2,,13954545.42,-0.05,969.16
2024-04-22 01:21:00+00:00,short,sell - stop_loss,64873.2,65521.932,13808022.69,-1.05,968.11
2024-04-22 02:00:00+00:00,short,buy,64634.4,,13801118.68,-0.05,968.06
2024-04-22 03:00:00+00:00,short,sell - direction_change,64634.4,64774.2,13764367.2,-0.27,967.79
2024-04-22 03:00:00+00:00,long,buy,64774.2,,13757485.01,-0.05,967.74
2024-04-22 17:28:00+00:00,long,sell - take_profit,64774.2,66717.42599999999,14163330.82,2.95,970.69
2024-04-22 18:00:00+00:00,long,buy,66507.2,,14156249.16,-0.05,970.64
2024-04-23 03:00:00+00:00,long,sell - direction_change,66507.2,66582.8,14165262.71,0.06,970.71
2024-04-23 03:00:00+00:00,short,buy,66582.8,,14158180.08,-0.05,970.66
2024-04-23 14:00:00+00:00,short,sell - direction_change,66582.8,66467.3,14175660.93,0.12,970.78
2024-04-23 14:00:00+00:00,long,buy,66467.3,,14168573.1,-0.05,970.73
2024-04-23 15:00:00+00:00,long,sell - direction_change,66467.3,66880.4,14249547.72,0.57,971.3
2024-04-23 15:00:00+00:00,short,buy,66880.4,,14242422.94,-0.05,971.25
2024-04-23 16:00:00+00:00,short,sell - direction_change,66880.4,66393.2,14339052.73,0.68,971.93
2024-04-23 16:00:00+00:00,long,buy,66393.2,,14331883.21,-0.05,971.88
2024-04-23 20:00:00+00:00,long,sell - direction_change,66393.2,66455.9,14338251.92,0.04,971.92
2024-04-23 20:00:00+00:00,short,buy,66455.9,,14331082.79,-0.05,971.87
2024-04-24 00:00:00+00:00,short,sell - direction_change,66455.9,66386.2,14338947.92,0.05,971.93
2024-04-24 00:00:00+00:00,long,buy,66386.2,,14331778.45,-0.05,971.88
2024-04-24 02:00:00+00:00,long,sell - direction_change,66386.2,66704.9,14393415.08,0.43,972.31
2024-04-24 02:00:00+00:00,short,buy,66704.9,,14386218.37,-0.05,972.26
2024-04-24 04:00:00+00:00,short,sell - direction_change,66704.9,66585.8,14404711.51,0.13,972.39
2024-04-24 04:00:00+00:00,long,buy,66585.8,,14397509.15,-0.05,972.34
2024-04-24 09:00:00+00:00,long,sell - direction_change,66585.8,66506.1,14373077.27,-0.17,972.17
2024-04-24 09:00:00+00:00,short,buy,66506.1,,14365890.73,-0.05,972.12
2024-04-24 15:44:00+00:00,short,sell - take_profit,66506.1,64510.917,14789684.51,2.95,975.07
2024-04-24 16:00:00+00:00,short,buy,64593.5,,14782289.67,-0.05,975.02
2024-04-25 04:00:00+00:00,short,sell - direction_change,64593.5,64259.9,14851243.23,0.47,975.48
2024-04-25 04:00:00+00:00,long,buy,64259.9,,14843817.61,-0.05,975.43
2024-04-25 07:00:00+00:00,long,sell - direction_change,64259.9,64260.5,14836534.3,-0.05,975.38
2024-04-25 07:00:00+00:00,short,buy,64260.5,,14829116.03,-0.05,975.33
2024-04-25 16:00:00+00:00,short,sell - direction_change,64260.5,64091.6,14860677.79,0.21,975.55
2024-04-25 16:00:00+00:00,long,buy,64091.6,,14853247.45,-0.05,975.5
2024-04-26 04:00:00+00:00,long,sell - direction_change,64091.6,64359.6,14907929.91,0.37,975.87
2024-04-26 04:00:00+00:00,short,buy,64359.6,,14900475.94,-0.05,975.82
2024-04-26 05:00:00+00:00,short,sell - direction_change,64359.6,64187.1,14932962.75,0.22,976.03
2024-04-26 05:00:00+00:00,long,buy,64187.1,,14925496.27,-0.05,975.98
2024-04-26 07:00:00+00:00,long,sell - direction_change,64187.1,64338.2,14953168.96,0.19,976.17
2024-04-26 07:00:00+00:00,short,buy,64338.2,,14945692.38,-0.05,976.12
2024-04-26 08:00:00+00:00,short,sell - direction_change,64338.2,64236.7,14961797.87,0.11,976.23
2024-04-26 08:00:00+00:00,long,buy,64236.7,,14954316.97,-0.05,976.18
2024-04-26 10:00:00+00:00,long,sell - direction_change,64236.7,64454.1,14997450.58,0.29,976.47
2024-04-26 10:00:00+00:00,short,buy,64454.1,,14989951.85,-0.05,976.42
2024-04-26 13:00:00+00:00,short,sell - direction_change,64454.1,64114.5,15061436.92,0.48,976.89
2024-04-26 13:00:00+00:00,long,buy,64114.5,,15053906.2,-0.05,976.84
2024-04-26 14:00:00+00:00,long,sell - direction_change,64114.5,64465.4,15128769.59,0.5,977.34
2024-04-26 14:00:00+00:00,short,buy,64465.4,,15121205.21,-0.05,977.29
2024-04-27 01:17:00+00:00,short,sell - take_profit,64465.4,62531.438,15567280.76,2.95,980.24
2024-04-27 02:00:00+00:00,short,buy,62565.0,,15559497.12,-0.05,980.19
2024-04-27 02:31:00+00:00,short,sell - stop_loss,62565.0,63190.65,15396122.4,-1.05,979.14
2024-04-27 03:00:00+00:00,short,buy,62888.3,,15388424.34,-0.05,979.09
2024-04-27 13:00:00+00:00,short,sell - direction_change,62888.3,63008.4,15351342.31,-0.24,978.85
2024-04-27 13:00:00+00:00,long,buy,63008.4,,15343666.64,-0.05,978.8
2024-04-27 15:00:00+00:00,long,sell - direction_change,63008.4,63101.8,15358739.37,0.1,978.9
2024-04-27 15:00:00+00:00,short,buy,63101.8,,15351060.0,-0.05,978.85
2024-04-27 17:00:00+00:00,short,sell - direction_change,63101.8,62712.9,15437993.93,0.57,979.41
2024-04-27 17:00:00+00:00,long,buy,62712.9,,15430274.93,-0.05,979.36
2024-04-28 11:00:00+00:00,long,sell - direction_change,62712.9,63663.7,15656500.59,1.47,980.83
2024-04-28 11:00:00+00:00,short,buy,63663.7,,15648672.34,-0.05,980.78
2024-04-28 17:00:00+00:00,short,sell - direction_change,63663.7,63676.5,15637701.73,-0.07,980.71
2024-04-28 17:00:00+00:00,long,buy,63676.5,,15629882.88,-0.05,980.66
2024-04-28 19:00:00+00:00,long,sell - direction_change,63676.5,63900.4,15677025.9,0.3,980.96
2024-04-28 19:00:00+00:00,short,buy,63900.4,,15669187.39,-0.05,980.91
2024-04-29 06:48:00+00:00,short,sell - take_profit,63900.4,61983.388,16131428.42,2.95,983.86
2024-04-29 07:00:00+00:00,short,buy,62170.9,,16123362.71,-0.05,983.81
2024-04-29 14:00:00+00:00,short,sell - direction_change,62170.9,61990.1,16162189.58,0.24,984.05
2024-04-29 14:00:00+00:00,long,buy,61990.1,,16154108.49,-0.05,984.0
2024-04-29 22:32:00+00:00,long,sell - take_profit,61990.1,63849.803,16630654.69,2.95,986.95
2024-04-29 23:00:00+00:00,long,buy,63860.1,,16622339.36,-0.05,986.9
2024-04-30 02:03:00+00:00,long,sell - stop_loss,63860.1,63221.498999999996,16447804.8,-1.05,985.85
2024-04-30 03:00:00+00:00,long,buy,63754.1,,16439580.9,-0.05,985.8
2024-04-30 05:37:00+00:00,long,sell - stop_loss,63754.1,63116.559,16266965.3,-1.05,984.75
2024-04-30 06:00:00+00:00,long,buy,63296.0,,16258831.82,-0.05,984.7
2024-04-30 08:00:00+00:00,long,sell - direction_change,63296.0,63123.7,16206443.73,-0.32,984.38
2024-04-30 08:00:00+00:00,short,buy,63123.7,,16198340.51,-0.05,984.33
2024-04-30 11:29:00+00:00,short,sell - take_profit,63123.7,61229.988999999994,16676191.55,2.95,987.28
2024-04-30 12:00:00+00:00,short,buy,61182.3,,16667853.46,-0.05,987.23
2024-04-30 19:57:00+00:00,short,sell - take_profit,61182.3,59346.831,17159555.13,2.95,990.18
2024-04-30 20:00:00+00:00,short,buy,59276.1,,17150975.36,-0.05,990.13
2024-04-30 20:06:00+00:00,short,sell - stop_loss,59276.1,59868.861,16970890.12,-1.05,989.08
2024-04-30 21:00:00+00:00,short,buy,59931.9,,16962404.67,-0.05,989.03
2024-04-30 22:25:00+00:00,short,sell - stop_loss,59931.9,60531.219000000005,16784299.42,-1.05,987.98
2024-04-30 23:00:00+00:00,long,buy,60560.9,,16775907.27,-0.05,987.93
2024-05-01 00:00:00+00:00,long,sell - direction_change,60560.9,60651.2,16792533.22,0.1,988.03
2024-05-01 00:00:00+00:00,short,buy,60651.2,,16784136.95,-0.05,987.98
2024-05-01 05:00:00+00:00,short,sell - direction_change,60651.2,60262.6,16883283.0,0.59,988.57
2024-05-01 05:00:00+00:00,long,buy,60262.6,,16874841.36,-0.05,988.52
2024-05-01 06:00:00+00:00,long,sell - direction_change,60262.6,60030.1,16801298.87,-0.44,988.08
2024-05-01 06:00:00+00:00,short,buy,60030.1,,16792898.22,-0.05,988.03
2024-05-01 07:08:00+00:00,short,sell - take_profit,60030.1,58229.197,17288288.72,2.95,990.98
2024-05-01 08:00:00+00:00,short,buy,57482.0,,17279644.57,-0.05,990.93
2024-05-01 12:10:00+00:00,short,sell - stop_loss,57482.0,58056.82,17098208.3,-1.05,989.88
2024-05-01 13:00:00+00:00,short,buy,57946.3,,17089659.2,-0.05,989.83
2024-05-01 18:00:00+00:00,short,sell - direction_change,57946.3,57398.5,17242672.84,0.9,990.73
2024-05-01 18:00:00+00:00,long,buy,57398.5,,17234051.5,-0.05,990.68
2024-05-01 18:52:00+00:00,long,sell - take_profit,57398.5,59120.455,17742456.02,2.95,993.63
2024-05-01 19:00:00+00:00,short,buy,58884.4,,17733584.79,-0.05,993.58
2024-05-01 19:34:00+00:00,short,sell - take_profit,58884.4,57117.868,18256725.54,2.95,996.53
2024-05-01 20:00:00+00:00,short,buy,56935.7,,18247597.18,-0.05,996.48
2024-05-01 20:46:00+00:00,short,sell - stop_loss,56935.7,57505.057,18055997.41,-1.05,995.43
2024-05-01 21:00:00+00:00,long,buy,57334.1,,18046969.41,-0.05,995.38
2024-05-01 22:00:00+00:00,long,sell - direction_change,57334.1,57888.0,18212296.21,0.92,996.3
2024-05-01 22:00:00+00:00,short,buy,57888.0,,18203190.06,-0.05,996.25
2024-05-01 23:00:00+00:00,short,sell - direction_change,57888.0,57858.0,18203522.12,0.0,996.25
2024-05-01 23:00:00+00:00,long,buy,57858.0,,18194420.36,-0.05,996.2
2024-05-02 01:34:00+00:00,long,sell - stop_loss,57858.0,57279.42,18003378.95,-1.05,995.15
2024-05-02 02:00:00+00:00,short,buy,57096.5,,17994377.26,-0.05,995.1
2024-05-02 06:29:00+00:00,short,sell - stop_loss,57096.5,57667.465000000004,17805436.3,-1.05,994.05
2024-05-02 07:00:00+00:00,short,buy,57600.8,,17796533.58,-0.05,994.0
2024-05-02 08:00:00+00:00,short,sell - direction_change,57600.8,57645.0,17773979.13,-0.13,993.87
2024-05-02 08:00:00+00:00,long,buy,57645.0,,17765092.14,-0.05,993.82
2024-05-02 15:45:00+00:00,long,sell - take_profit,57645.0,59374.35,18289162.36,2.95,996.77
2024-05-02 16:00:00+00:00,long,buy,59230.8,,18280017.78,-0.05,996.72
2024-05-02 20:40:00+00:00,long,sell - stop_loss,59230.8,58638.492000000006,18088077.59,-1.05,995.67
2024-05-02 21:00:00+00:00,long,buy,58691.3,,18079033.56,-0.05,995.62
2024-05-03 10:00:00+00:00,long,sell - direction_change,58691.3,59445.3,18302253.19,1.23,996.85
2024-05-03 10:00:00+00:00,short,buy,59445.3,,18293102.06,-0.05,996.8
2024-05-03 12:00:00+00:00,short,sell - direction_change,59445.3,59269.4,18338085.22,0.25,997.05
2024-05-03 12:00:00+00:00,long,buy,59269.4,,18328916.17,-0.05,997.0
2024-05-03 13:04:00+00:00,long,sell - take_profit,59269.4,61047.482,18869619.2,2.95,999.95
2024-05-03 14:00:00+00:00,long,buy,61654.0,,18860184.39,-0.05,999.9
2024-05-04 01:29:00+00:00,long,sell - take_profit,61654.0,63503.62,19416559.83,2.95,1002.85
2024-05-04 02:00:00+00:00,long,buy,62832.1,,19406851.55,-0.05,1002.8
2024-05-04 22:00:00+00:00,long,sell - direction_change,62832.1,63877.4,19720008.29,1.61,1004.41
2024-05-04 22:00:00+00:00,short,buy,63877.4,,19710148.28,-0.05,1004.36
2024-05-04 23:00:00+00:00,short,sell - direction_change,63877.4,63581.3,19791658.46,0.41,1004.78
2024-05-04 23:00:00+00:00,long,buy,63581.3,,19781762.63,-0.05,1004.73
2024-05-05 00:00:00+00:00,long,sell - direction_change,63581.3,63864.3,19859920.26,0.4,1005.12
2024-05-05 00:00:00+00:00,short,buy,63864.3,,19849990.3,-0.05,1005.07
2024-05-05 07:00:00+00:00,short,sell - direction_change,63864.3,63345.1,20001440.52,0.76,1005.84
2024-05-05 07:00:00+00:00,long,buy,63345.1,,19991439.8,-0.05,1005.79
2024-05-05 09:00:00+00:00,long,sell - direction_change,63345.1,63639.6,20074387.01,0.41,1006.2
2024-05-05 09:00:00+00:00,short,buy,63639.6,,20064349.81,-0.05,1006.15
2024-05-05 10:00:00+00:00,short,sell - direction_change,63639.6,63638.3,20054727.5,-0.05,1006.1
2024-05-05 10:00:00+00:00,long,buy,63638.3,,20044700.14,-0.05,1006.05
2024-05-06 02:00:00+00:00,long,sell - direction_change,63638.3,64108.3,20182717.71,0.69,1006.74
2024-05-06 02:00:00+00:00,short,buy,64108.3,,20172626.35,-0.05,1006.69
2024-05-06 04:00:00+00:00,short,sell - direction_change,64108.3,63830.0,20250111.26,0.38,1007.08
2024-05-06 04:00:00+00:00,long,buy,63830.0,,20239986.2,-0.05,1007.03
2024-05-06 14:00:00+00:00,long,sell - direction_change,63830.0,63855.9,20238078.89,-0.01,1007.02
2024-05-06 14:00:00+00:00,short,buy,63855.9,,20227959.86,-0.05,1006.97
2024-05-07 01:00:00+00:00,short,sell - direction_change,63855.9,63511.1,20327069.93,0.49,1007.46
2024-05-07 01:00:00+00:00,long,buy,63511.1,,20316906.4,-0.05,1007.41
2024-05-07 03:29:00+00:00,long,sell - stop_loss,63511.1,62875.989,20103578.88,-1.05,1006.36
2024-05-07 04:00:00+00:00,long,buy,63204.1,,20093527.09,-0.05,1006.31
2024-05-07 11:00:00+00:00,long,sell - direction_change,63204.1,64067.2,20357872.71,1.32,1007.62
2024-05-07 11:00:00+00:00,short,buy,64067.2,,20347693.77,-0.05,1007.57
2024-05-07 12:00:00+00:00,short,sell - direction_change,64067.2,63472.4,20526427.95,0.88,1008.45
2024-05-07 12:00:00+00:00,long,buy,63472.4,,20516164.73,-0.05,1008.4
2024-05-07 17:00:00+00:00,long,sell - direction_change,63472.4,63613.0,20551352.75,0.17,1008.57
2024-05-07 17:00:00+00:00,short,buy,63613.0,,20541077.07,-0.05,1008.52
2024-05-08 14:00:00+00:00,short,sell - direction_change,63613.0,62417.4,20916874.03,1.83,1010.35
2024-05-08 14:00:00+00:00,long,buy,62417.4,,20906415.59,-0.05,1010.3
2024-05-08 15:00:00+00:00,long,sell - direction_change,62417.4,62530.0,20933677.23,0.13,1010.43
2024-05-08 15:00:00+00:00,short,buy,62530.0,,20923210.39,-0.05,1010.38
2024-05-08 17:00:00+00:00,short,sell - direction_change,62530.0,62419.0,20949890.58,0.13,1010.51
2024-05-08 17:00:00+00:00,long,buy,62419.0,,20939415.63,-0.05,1010.46
2024-05-08 19:00:00+00:00,long,sell - direction_change,62419.0,62490.7,20952998.79,0.06,1010.52
2024-05-08 19:00:00+00:00,short,buy,62490.7,,20942522.3,-0.05,1010.47
2024-05-09 11:03:00+00:00,short,sell - take_profit,62490.7,60615.97899999999,21560326.7,2.95,1013.42
2024-05-09 12:00:00+00:00,long,buy,61033.0,,21549546.54,-0.05,1013.37
2024-05-09 13:00:00+00:00,long,sell - direction_change,61033.0,61480.8,21696881.1,0.68,1014.06
2024-05-09 13:00:00+00:00,short,buy,61480.8,,21686032.66,-0.05,1014.01
2024-05-09 14:00:00+00:00,short,sell - direction_change,61480.8,61165.4,21786440.22,0.46,1014.47
2024-05-09 14:00:00+00:00,long,buy,61165.4,,21775547.0,-0.05,1014.42
2024-05-09 22:47:00+00:00,long,sell - take_profit,61165.4,63000.362,22417925.64,2.95,1017.37
2024-05-09 23:00:00+00:00,long,buy,63252.7,,22406716.68,-0.05,1017.32
2024-05-10 14:00:00+00:00,long,sell - direction_change,63252.7,62977.5,22298026.12,-0.49,1016.84
2024-05-10 14:00:00+00:00,short,buy,62977.5,,22286877.11,-0.05,1016.79
2024-05-10 14:52:00+00:00,short,sell - take_profit,62977.5,61088.174999999996,22944339.98,2.95,1019.74
2024-05-10 15:00:00+00:00,short,buy,61034.7,,22932867.81,-0.05,1019.69
2024-05-11 05:00:00+00:00,short,sell - direction_change,61034.7,60739.5,23032318.33,0.43,1020.12
2024-05-11 05:00:00+00:00,long,buy,60739.5,,23020802.17,-0.05,1020.07
2024-05-11 06:00:00+00:00,long,sell - direction_change,60739.5,60900.6,23070350.08,0.22,1020.28
2024-05-11 06:00:00+00:00,short,buy,60900.6,,23058814.9,-0.05,1020.23
2024-05-11 13:00:00+00:00,short,sell - direction_change,60900.6,60681.0,23130432.72,0.31,1020.55
2024-05-11 13:00:00+00:00,long,buy,60681.0,,23118867.5,-0.05,1020.5
2024-05-11 14:00:00+00:00,long,sell - direction_change,60681.0,60939.1,23205641.64,0.38,1020.87
2024-05-11 14:00:00+00:00,short,buy,60939.1,,23194038.82,-0.05,1020.82
2024-05-11 15:00:00+00:00,short,sell - direction_change,60939.1,60806.1,23233062.95,0.17,1020.99
2024-05-11 15:00:00+00:00,long,buy,60806.1,,23221446.42,-0.05,1020.94
2024-05-11 23:00:00+00:00,long,sell - direction_change,60806.1,60879.8,23237981.24,0.07,1021.01
2024-05-11 23:00:00+00:00,short,buy,60879.8,,23226362.25,-0.05,1020.96
2024-05-12 00:00:00+00:00,short,sell - direction_change,60879.8,60809.2,23241683.8,0.07,1021.03
2024-05-12 00:00:00+00:00,long,buy,60809.2,,23230062.96,-0.05,1020.98
2024-05-12 01:00:00+00:00,long,sell - direction_change,60809.2,60951.9,23272961.55,0.18,1021.16
2024-05-12 01:00:00+00:00,short,buy,60951.9,,23261325.07,-0.05,1021.11
2024-05-12 04:00:00+00:00,short,sell - direction_change,60951.9,60902.6,23268508.97,0.03,1021.14
2024-05-12 04:00:00+00:00,long,buy,60902.6,,23256874.71,-0.05,1021.09
2024-05-12 06:00:00+00:00,long,sell - direction_change,60902.6,61018.2,23289390.45,0.14,1021.23
2024-05-12 06:00:00+00:00,short,buy,61018.2,,23277745.75,-0.05,1021.18
2024-05-12 08:00:00+00:00,short,sell - direction_change,61018.2,60803.8,23347898.03,0.3,1021.48
2024-05-12 08:00:00+00:00,long,buy,60803.8,,23336224.08,-0.05,1021.43
2024-05-13 02:00:00+00:00,long,sell - direction_change,60803.8,61394.0,23551072.06,0.92,1022.35
2024-05-13 02:00:00+00:00,short,buy,61394.0,,23539296.53,-0.05,1022.3
2024-05-13 06:00:00+00:00,short,sell - direction_change,61394.0,60837.8,23740781.54,0.86,1023.16
2024-05-13 06:00:00+00:00,long,buy,60837.8,,23728911.15,-0.05,1023.11
2024-05-13 08:15:00+00:00,long,sell - take_profit,60837.8,62662.934,24428914.03,2.95,1026.06
2024-05-13 09:00:00+00:00,long,buy,62749.4,,24416699.57,-0.05,1026.01
2024-05-14 01:00:00+00:00,long,sell - direction_change,62749.4,62798.1,24423441.1,0.03,1026.04
2024-05-14 01:00:00+00:00,short,buy,62798.1,,24411229.38,-0.05,1025.99
2024-05-15 02:00:00+00:00,short,sell - direction_change,62798.1,61668.7,24838050.46,1.75,1027.74
2024-05-15 02:00:00+00:00,long,buy,61668.7,,24825631.43,-0.05,1027.69
2024-05-15 12:30:00+00:00,long,sell - take_profit,61668.7,63518.761,25557987.56,2.95,1030.64
2024-05-15 13:00:00+00:00,long,buy,63735.1,,25545208.57,-0.05,1030.59
2024-05-15 18:57:00+00:00,long,sell - take_profit,63735.1,65647.153,26298792.22,2.95,1033.54
2024-05-15 19:00:00+00:00,long,buy,65685.1,,26285642.82,-0.05,1033.49
2024-05-16 14:00:00+00:00,long,sell - direction_change,65685.1,66300.0,26518568.62,0.89,1034.37
2024-05-16 14:00:00+00:00,short,buy,66300.0,,26505309.34,-0.05,1034.32
2024-05-16 15:00:00+00:00,short,sell - direction_change,66300.0,65577.2,26781016.53,1.04,1035.36
2024-05-16 15:00:00+00:00,long,buy,65577.2,,26767626.02,-0.05,1035.31
2024-05-16 16:00:00+00:00,long,sell - direction_change,65577.2,65800.0,26845185.81,0.29,1035.6
2024-05-16 16:00:00+00:00,short,buy,65800.0,,26831763.22,-0.05,1035.55
2024-05-17 03:00:00+00:00,short,sell - direction_change,65800.0,65351.4,27001276.35,0.63,1036.18
2024-05-17 03:00:00+00:00,long,buy,65351.4,,26987775.71,-0.05,1036.13
2024-05-17 04:00:00+00:00,long,sell - direction_change,65351.4,65545.1,27054272.95,0.25,1036.38
2024-05-17 04:00:00+00:00,short,buy,65545.1,,27040745.81,-0.05,1036.33
2024-05-17 05:00:00+00:00,short,sell - direction_change,65545.1,65422.8,27077680.52,0.14,1036.47
2024-05-17 05:00:00+00:00,long,buy,65422.8,,27064141.68,-0.05,1036.42
2024-05-17 15:30:00+00:00,long,sell - take_profit,65422.8,67385.48400000001,27862533.86,2.95,1039.37
2024-05-17 16:00:00+00:00,long,buy,67169.9,,27848602.59,-0.05,1039.32
2024-05-17 18:01:00+00:00,long,sell - stop_loss,67169.9,66498.20099999999,27556192.26,-1.05,1038.27
2024-05-17 19:00:00+00:00,long,buy,66785.7,,27542414.17,-0.05,1038.22
2024-05-18 05:00:00+00:00,long,sell - direction_change,66785.7,66859.3,27558995.59,0.06,1038.28
2024-05-18 05:00:00+00:00,short,buy,66859.3,,27545216.09,-0.05,1038.23
2024-05-18 06:00:00+00:00,short,sell - direction_change,66859.3,66826.2,27545080.28,-0.0,1038.23
2024-05-18 06:00:00+00:00,long,buy,66826.2,,27531307.74,-0.05,1038.18
2024-05-18 13:00:00+00:00,long,sell - direction_change,66826.2,66917.1,27554991.41,0.09,1038.26
2024-05-18 13:00:00+00:00,short,buy,66917.1,,27541213.91,-0.05,1038.21
2024-05-18 20:00:00+00:00,short,sell - direction_change,66917.1,66881.8,27541971.8,0.0,1038.21
2024-05-18 20:00:00+00:00,long,buy,66881.8,,27528200.82,-0.05,1038.16
2024-05-18 21:00:00+00:00,long,sell - direction_change,66881.8,66934.0,27535921.97,0.03,1038.19
2024-05-18 21:00:00+00:00,short,buy,66934.0,,27522154.0,-0.05,1038.14
2024-05-19 01:00:00+00:00,short,sell - direction_change,66934.0,66883.0,27529363.28,0.03,1038.17
2024-05-19 01:00:00+00:00,long,buy,66883.0,,27515598.6,-0.05,1038.12
2024-05-19 12:00:00+00:00,long,sell - direction_change,66883.0,67303.4,27674792.94,0.58,1038.7
2024-05-19 12:00:00+00:00,short,buy,67303.4,,27660955.54,-0.05,1038.65
2024-05-20 04:00:00+00:00,short,sell - direction_change,67303.4,66643.0,27918542.18,0.93,1039.58
2024-05-20 04:00:00+00:00,long,buy,66643.0,,27904582.91,-0.05,1039.53
2024-05-20 06:00:00+00:00,long,sell - direction_change,66643.0,67107.5,28085124.85,0.65,1040.18
2024-05-20 06:00:00+00:00,short,buy,67107.5,,28071082.29,-0.05,1040.13
2024-05-20 07:00:00+00:00,short,sell - direction_change,67107.5,66372.5,28364497.41,1.05,1041.17
2024-05-20 07:00:00+00:00,long,buy,66372.5,,28350315.16,-0.05,1041.12
2024-05-20 17:12:00+00:00,long,sell - take_profit,66372.5,68363.675,29186649.46,2.95,1044.07
2024-05-20 18:00:00+00:00,long,buy,68294.6,,29172056.13,-0.05,1044.02
2024-05-20 20:00:00+00:00,long,sell - take_profit,68294.6,70343.43800000001,30032631.79,2.95,1046.97
2024-05-20 21:00:00+00:00,long,buy,69490.0,,30017615.47,-0.05,1046.92
2024-05-20 23:28:00+00:00,long,sell - take_profit,69490.0,71574.7,30903135.13,2.95,1049.87
2024-05-21 00:00:00+00:00,long,buy,71466.5,,30887683.56,-0.05,1049.82
2024-05-21 01:25:00+00:00,long,sell - stop_loss,71466.5,70751.835,30563362.89,-1.05,1048.77
2024-05-21 02:00:00+00:00,long,buy,71124.8,,30548081.2,-0.05,1048.72
2024-05-21 13:00:00+00:00,long,sell - direction_change,71124.8,71387.9,30645808.54,0.32,1049.04
2024-05-21 13:00:00+00:00,short,buy,71387.9,,30630485.63,-0.05,1048.99
2024-05-21 14:00:00+00:00,short,sell - direction_change,71387.9,70622.9,30943409.79,1.02,1050.01
2024-05-21 14:00:00+00:00,long,buy,70622.9,,30927938.09,-0.05,1049.96
2024-05-21 15:00:00+00:00,long,sell - direction_change,70622.9,70247.0,30747855.96,-0.58,1049.38
2024-05-21 15:00:00+00:00,short,buy,70247.0,,30732482.03,-0.05,1049.33
2024-05-22 03:00:00+00:00,short,sell - direction_change,70247.0,70042.0,30806801.59,0.24,1049.57
2024-05-22 03:00:00+00:00,long,buy,70042.0,,30791398.19,-0.05,1049.52
2024-05-22 04:00:00+00:00,long,sell - direction_change,70042.0,70001.9,30758374.0,-0.11,1049.41
2024-05-22 04:00:00+00:00,short,buy,70001.9,,30742994.81,-0.05,1049.36
2024-05-22 05:00:00+00:00,short,sell - direction_change,70001.9,69647.7,30883178.65,0.46,1049.82
2024-05-22 05:00:00+00:00,long,buy,69647.7,,30867737.06,-0.05,1049.77
2024-05-22 06:00:00+00:00,long,sell - direction_change,69647.7,69956.5,30989162.8,0.39,1050.16
2024-05-22 06:00:00+00:00,short,buy,69956.5,,30973668.22,-0.05,1050.11
2024-05-22 10:00:00+00:00,short,sell - direction_change,69956.5,70030.3,30925505.98,-0.16,1049.96
2024-05-22 10:00:00+00:00,long,buy,70030.3,,30910043.23,-0.05,1049.91
2024-05-22 11:00:00+00:00,long,sell - direction_change,70030.3,70226.7,30981275.44,0.23,1050.14
2024-05-22 11:00:00+00:00,short,buy,70226.7,,30965784.8,-0.05,1050.09
2024-05-22 14:00:00+00:00,short,sell - direction_change,70226.7,69626.1,31215130.67,0.81,1050.89
2024-05-22 14:00:00+00:00,long,buy,69626.1,,31199523.11,-0.05,1050.84
2024-05-22 18:00:00+00:00,long,sell - direction_change,69626.1,69890.2,31302266.81,0.33,1051.17
2024-05-22 18:00:00+00:00,short,buy,69890.2,,31286615.68,-0.05,1051.12
2024-05-23 07:00:00+00:00,short,sell - direction_change,69890.2,69591.7,31404597.04,0.38,1051.5
2024-05-23 07:00:00+00:00,long,buy,69591.7,,31388894.74,-0.05,1051.45
2024-05-23 10:00:00+00:00,long,sell - direction_change,69591.7,69687.7,31416500.48,0.09,1051.54
2024-05-23 10:00:00+00:00,short,buy,69687.7,,31400792.23,-0.05,1051.49
2024-05-23 11:00:00+00:00,short,sell - direction_change,69687.7,69588.1,31429970.9,0.09,1051.58
2024-05-23 11:00:00+00:00,long,buy,69588.1,,31414255.92,-0.05,1051.53
2024-05-23 12:00:00+00:00,long,sell - direction_change,69588.1,70019.4,31593251.17,0.57,1052.1
2024-05-23 12:00:00+00:00,short,buy,70019.4,,31577454.54,-0.05,1052.05
2024-05-23 13:50:00+00:00,short,sell - take_profit,70019.4,67918.818,32508989.45,2.95,1055.0
2024-05-23 14:00:00+00:00,short,buy,68062.8,,32492734.96,-0.05,1054.95
2024-05-24 02:00:00+00:00,short,sell - direction_change,68062.8,67761.3,32620422.72,0.39,1055.34
2024-05-24 02:00:00+00:00,long,buy,67761.3,,32604112.5,-0.05,1055.29
2024-05-24 06:00:00+00:00,long,sell - direction_change,67761.3,67318.3,32374656.01,-0.7,1054.59
2024-05-24 06:00:00+00:00,short,buy,67318.3,,32358468.68,-0.05,1054.54
2024-05-24 12:00:00+00:00,short,sell - direction_change,67318.3,67383.3,32311045.34,-0.15,1054.39
2024-05-24 12:00:00+00:00,long,buy,67383.3,,32294889.81,-0.05,1054.34
2024-05-24 13:00:00+00:00,long,sell - direction_change,67383.3,67525.7,32346990.62,0.16,1054.51
2024-05-24 13:00:00+00:00,short,buy,67525.7,,32330817.12,-0.05,1054.46
2024-05-24 14:00:00+00:00,short,sell - direction_change,67525.7,67105.7,32515744.68,0.57,1055.03
2024-05-24 14:00:00+00:00,long,buy,67105.7,,32499486.81,-0.05,1054.98
2024-05-24 18:05:00+00:00,long,sell - take_profit,67105.7,69118.871,33458221.67,2.95,1057.93
2024-05-24 19:00:00+00:00,long,buy,68982.0,,33441492.56,-0.05,1057.88
2024-05-25 06:00:00+00:00,long,sell - direction_change,68982.0,68744.1,33309441.27,-0.39,1057.48
2024-05-25 06:00:00+00:00,short,buy,68744.1,,33292786.55,-0.05,1057.43
2024-05-25 08:00:00+00:00,short,sell - direction_change,68744.1,68775.1,33261126.85,-0.1,1057.34
2024-05-25 08:00:00+00:00,long,buy,68775.1,,33244496.29,-0.05,1057.29
2024-05-26 02:00:00+00:00,long,sell - direction_change,68775.1,69180.5,33423836.22,0.54,1057.83
2024-05-26 02:00:00+00:00,short,buy,69180.5,,33407124.31,-0.05,1057.78
2024-05-26 06:00:00+00:00,short,sell - direction_change,69180.5,69161.1,33399788.96,-0.02,1057.75
2024-05-26 06:00:00+00:00,long,buy,69161.1,,33383089.07,-0.05,1057.7
2024-05-26 09:00:00+00:00,long,sell - direction_change,69161.1,69182.3,33376630.47,-0.02,1057.69
2024-05-26 09:00:00+00:00,short,buy,69182.3,,33359942.15,-0.05,1057.64
2024-05-26 10:00:00+00:00,short,sell - direction_change,69182.3,69106.7,33379716.76,0.06,1057.69
2024-05-26 10:00:00+00:00,long,buy,69106.7,,33363026.9,-0.05,1057.64
2024-05-26 12:00:00+00:00,long,sell - direction_change,69106.7,69160.3,33372222.16,0.03,1057.67
2024-05-26 12:00:00+00:00,short,buy,69160.3,,33355536.05,-0.05,1057.62
2024-05-26 13:00:00+00:00,short,sell - direction_change,69160.3,69001.9,33415253.51,0.18,1057.8
2024-05-26 13:00:00+00:00,long,buy,69001.9,,33398545.88,-0.05,1057.75
2024-05-26 15:00:00+00:00,long,sell - direction_change,69001.9,69303.9,33528021.73,0.39,1058.14
2024-05-26 15:00:00+00:00,short,buy,69303.9,,33511257.71,-0.05,1058.09
2024-05-27 01:00:00+00:00,short,sell - direction_change,69303.9,68851.6,33713207.55,0.6,1058.69
2024-05-27 01:00:00+00:00,long,buy,68851.6,,33696350.95,-0.05,1058.64
2024-05-27 04:00:00+00:00,long,sell - direction_change,68851.6,68900.5,33703434.7,0.02,1058.66
2024-05-27 04:00:00+00:00,short,buy,68900.5,,33686582.99,-0.05,1058.61
2024-05-27 13:00:00+00:00,short,sell - direction_change,68900.5,68654.8,33789866.45,0.31,1058.92
2024-05-27 13:00:00+00:00,long,buy,68654.8,,33772971.51,-0.05,1058.87
2024-05-27 16:19:00+00:00,long,sell - take_profit,68654.8,70714.444,34769274.17,2.95,1061.82
2024-05-27 17:00:00+00:00,long,buy,70224.8,,34751889.54,-0.05,1061.77
2024-05-27 19:48:00+00:00,long,sell - stop_loss,70224.8,69522.552,34386994.7,-1.05,1060.72
2024-05-27 20:00:00+00:00,long,buy,69297.9,,34369801.2,-0.05,1060.67
2024-05-28 00:00:00+00:00,long,sell - direction_change,69297.9,69461.5,34433757.28,0.19,1060.86
2024-05-28 00:00:00+00:00,short,buy,69461.5,,34416540.4,-0.05,1060.81
2024-05-28 15:00:00+00:00,short,sell - direction_change,69461.5,67997.6,35124660.17,2.06,1062.86
2024-05-28 15:00:00+00:00,long,buy,67997.6,,35107097.84,-0.05,1062.81
2024-05-28 16:00:00+00:00,long,sell - direction_change,67997.6,68399.8,35297199.78,0.54,1063.35
2024-05-28 16:00:00+00:00,short,buy,68399.8,,35279551.18,-0.05,1063.3
2024-05-28 19:00:00+00:00,short,sell - direction_change,68399.8,67915.9,35511499.48,0.66,1063.96
2024-05-28 19:00:00+00:00,long,buy,67915.9,,35493743.73,-0.05,1063.91
2024-05-29 07:00:00+00:00,long,sell - direction_change,67915.9,68552.5,35808692.4,0.89,1064.8
2024-05-29 07:00:00+00:00,short,buy,68552.5,,35790788.06,-0.05,1064.75
2024-05-30 01:00:00+00:00,short,sell - direction_change,68552.5,67619.0,36260266.58,1.31,1066.06
2024-05-30 01:00:00+00:00,long,buy,67619.0,,36242136.45,-0.05,1066.01
2024-05-30 07:00:00+00:00,long,sell - direction_change,67619.0,67879.2,36363476.24,0.33,1066.35
2024-05-30 07:00:00+00:00,short,buy,67879.2,,36345294.5,-0.05,1066.3
2024-05-30 08:00:00+00:00,short,sell - direction_change,67879.2,67627.9,36461678.13,0.32,1066.62
2024-05-30 08:00:00+00:00,long,buy,67627.9,,36443447.3,-0.05,1066.57
2024-05-31 01:00:00+00:00,long,sell - direction_change,67627.9,68512.2,36901758.78,1.26,1067.82
2024-05-31 01:00:00+00:00,short,buy,68512.2,,36883307.9,-0.05,1067.77
2024-05-31 03:00:00+00:00,short,sell - direction_change,68512.2,68580.9,36827881.84,-0.15,1067.62
2024-05-31 03:00:00+00:00,long,buy,68580.9,,36809467.9,-0.05,1067.57
2024-05-31 04:00:00+00:00,long,sell - direction_change,68580.9,68574.0,36787359.73,-0.06,1067.51
2024-05-31 04:00:00+00:00,short,buy,68574.0,,36768966.05,-0.05,1067.46
2024-05-31 12:00:00+00:00,short,sell - direction_change,68574.0,68387.9,36850367.26,0.22,1067.68
2024-05-31 12:00:00+00:00,long,buy,68387.9,,36831942.08,-0.05,1067.63
2024-05-31 13:00:00+00:00,long,sell - direction_change,68387.9,68672.6,36966858.11,0.37,1068.0
2024-05-31 13:00:00+00:00,short,buy,68672.6,,36948374.68,-0.05,1067.95
2024-06-01 02:00:00+00:00,short,sell - direction_change,68672.6,67600.0,37506998.59,1.51,1069.46
2024-06-01 02:00:00+00:00,long,buy,67600.0,,37488245.09,-0.05,1069.41
2024-06-01 06:00:00+00:00,long,sell - direction_change,67600.0,67730.6,37541926.49,0.14,1069.56
2024-06-01 06:00:00+00:00,short,buy,67730.6,,37523155.52,-0.05,1069.51
2024-06-01 07:00:00+00:00,short,sell - direction_change,67730.6,67734.9,37502011.72,-0.06,1069.45
2024-06-01 07:00:00+00:00,long,buy,67734.9,,37483260.71,-0.05,1069.4
2024-06-01 10:00:00+00:00,long,sell - direction_change,67734.9,67753.8,37474978.0,-0.02,1069.38
2024-06-01 10:00:00+00:00,short,buy,67753.8,,37456240.51,-0.05,1069.33
2024-06-01 11:00:00+00:00,short,sell - direction_change,67753.8,67670.1,37483784.15,0.07,1069.4
2024-06-01 11:00:00+00:00,long,buy,67670.1,,37465042.25,-0.05,1069.35
2024-06-01 15:00:00+00:00,long,sell - direction_change,67670.1,67841.2,37541037.96,0.2,1069.55
2024-06-01 15:00:00+00:00,short,buy,67841.2,,37522267.44,-0.05,1069.5
2024-06-01 16:00:00+00:00,short,sell - direction_change,67841.2,67728.2,37566005.44,0.12,1069.62
2024-06-01 16:00:00+00:00,long,buy,67728.2,,37547222.44,-0.05,1069.57
2024-06-02 05:00:00+00:00,long,sell - direction_change,67728.2,67889.8,37618036.79,0.19,1069.76
2024-06-02 05:00:00+00:00,short,buy,67889.8,,37599227.77,-0.05,1069.71
2024-06-02 06:00:00+00:00,short,sell - direction_change,67889.8,67746.3,37659902.38,0.16,1069.87
2024-06-02 06:00:00+00:00,long,buy,67746.3,,37641072.43,-0.05,1069.82
2024-06-02 07:00:00+00:00,long,sell - direction_change,67746.3,67865.1,37688259.33,0.13,1069.95
2024-06-02 07:00:00+00:00,short,buy,67865.1,,37669415.2,-0.05,1069.9
2024-06-02 11:00:00+00:00,short,sell - direction_change,67865.1,67577.4,37810272.15,0.37,1070.27
2024-06-02 11:00:00+00:00,long,buy,67577.4,,37791367.02,-0.05,1070.22
2024-06-02 18:00:00+00:00,long,sell - direction_change,67577.4,67921.8,37965070.44,0.46,1070.68
2024-06-02 18:00:00+00:00,short,buy,67921.8,,37946087.9,-0.05,1070.63
2024-06-02 20:00:00+00:00,short,sell - direction_change,67921.8,67765.4,38014491.34,0.18,1070.81
2024-06-02 20:00:00+00:00,long,buy,67765.4,,37995484.1,-0.05,1070.76
2024-06-02 21:00:00+00:00,long,sell - direction_change,67765.4,67874.0,38037377.45,0.11,1070.87
2024-06-02 21:00:00+00:00,short,buy,67874.0,,38018358.77,-0.05,1070.82
2024-06-02 22:00:00+00:00,short,sell - direction_change,67874.0,67848.7,38013520.91,-0.01,1070.81
2024-06-02 22:00:00+00:00,long,buy,67848.7,,37994514.15,-0.05,1070.76
2024-06-02 23:00:00+00:00,long,sell - direction_change,67848.7,67977.8,38047811.45,0.14,1070.9
2024-06-02 23:00:00+00:00,short,buy,67977.8,,38028787.55,-0.05,1070.85
2024-06-03 01:00:00+00:00,short,sell - direction_change,67977.8,67863.6,38073660.0,0.12,1070.97
2024-06-03 01:00:00+00:00,long,buy,67863.6,,38054623.17,-0.05,1070.92
2024-06-03 13:32:00+00:00,long,sell - take_profit,67863.6,69899.508,39177234.56,2.95,1073.87
2024-06-03 14:00:00+00:00,long,buy,69830.1,,39157645.94,-0.05,1073.82
2024-06-03 14:41:00+00:00,long,sell - stop_loss,69830.1,69131.799,38746490.66,-1.05,1072.77
2024-06-03 15:00:00+00:00,long,buy,68820.0,,38727117.41,-0.05,1072.72
2024-06-03 22:00:00+00:00,long,sell - direction_change,68820.0,69129.1,38881693.87,0.4,1073.11
2024-06-03 22:00:00+00:00,short,buy,69129.1,,38862253.02,-0.05,1073.06
2024-06-04 00:00:00+00:00,short,sell - direction_change,69129.1,68851.3,38998992.51,0.35,1073.42
2024-06-04 00:00:00+00:00,long,buy,68851.3,,38979493.01,-0.05,1073.37
2024-06-04 01:00:00+00:00,long,sell - direction_change,68851.3,69041.1,39067456.69,0.23,1073.59
2024-06-04 01:00:00+00:00,short,buy,69041.1,,39047922.96,-0.05,1073.54
2024-06-04 02:00:00+00:00,short,sell - direction_change,69041.1,69259.9,38904651.18,-0.37,1073.18
2024-06-04 02:00:00+00:00,long,buy,69259.9,,38885198.85,-0.05,1073.13
2024-06-04 03:00:00+00:00,long,sell - direction_change,69259.9,69175.9,38818595.39,-0.17,1072.95
2024-06-04 03:00:00+00:00,short,buy,69175.9,,38799186.09,-0.05,1072.9
2024-06-04 13:00:00+00:00,short,sell - direction_change,69175.9,68989.5,38884334.01,0.22,1073.12
2024-06-04 13:00:00+00:00,long,buy,68989.5,,38864891.84,-0.05,1073.07
2024-06-04 16:46:00+00:00,long,sell - take_profit,68989.5,71059.185,40011406.15,2.95,1076.02
2024-06-04 17:00:00+00:00,long,buy,70858.1,,39991400.45,-0.05,1075.97
2024-06-04 19:38:00+00:00,long,sell - stop_loss,70858.1,70149.519,39571490.75,-1.05,1074.92
2024-06-04 20:00:00+00:00,long,buy,70459.1,,39551705.0,-0.05,1074.87
2024-06-05 13:00:00+00:00,long,sell - direction_change,70459.1,70992.3,39831237.1,0.71,1075.58
2024-06-05 13:00:00+00:00,short,buy,70992.3,,39811321.48,-0.05,1075.53
2024-06-05 15:00:00+00:00,short,sell - direction_change,70992.3,70907.4,39839026.36,0.07,1075.6
2024-06-05 15:00:00+00:00,long,buy,70907.4,,39819106.84,-0.05,1075.55
2024-06-06 01:00:00+00:00,long,sell - direction_change,70907.4,71051.0,39879838.01,0.15,1075.7
2024-06-06 01:00:00+00:00,short,buy,71051.0,,39859898.09,-0.05,1075.65
2024-06-06 11:00:00+00:00,short,sell - direction_change,71051.0,71047.4,39841987.76,-0.04,1075.61
2024-06-06 11:00:00+00:00,long,buy,71047.4,,39822066.76,-0.05,1075.56
2024-06-06 16:00:00+00:00,long,sell - direction_change,71047.4,71334.3,39962963.17,0.35,1075.91
2024-06-06 16:00:00+00:00,short,buy,71334.3,,39942981.69,-0.05,1075.86
2024-06-07 04:00:00+00:00,short,sell - direction_change,71334.3,71032.8,40091832.34,0.37,1076.23
2024-06-07 04:00:00+00:00,long,buy,71032.8,,40071786.42,-0.05,1076.18
2024-06-07 15:00:00+00:00,long,sell - direction_change,71032.8,71466.1,40296188.38,0.56,1076.74
2024-06-07 15:00:00+00:00,short,buy,71466.1,,40276040.29,-0.05,1076.69
2024-06-07 18:04:00+00:00,short,sell - take_profit,71466.1,69322.117,41464183.48,2.95,1079.64
2024-06-07 19:00:00+00:00,short,buy,69186.6,,41443451.38,-0.05,1079.59
2024-06-08 07:00:00+00:00,short,sell - direction_change,69186.6,69362.5,41317363.83,-0.3,1079.29
2024-06-08 07:00:00+00:00,long,buy,69362.5,,41296705.15,-0.05,1079.24
2024-06-08 08:00:00+00:00,long,sell - direction_change,69362.5,69612.5,41424900.57,0.31,1079.55
2024-06-08 08:00:00+00:00,short,buy,69612.5,,41404188.12,-0.05,1079.5
2024-06-08 09:00:00+00:00,short,sell - direction_change,69612.5,69473.5,41466160.58,0.15,1079.65
2024-06-08 09:00:00+00:00,long,buy,69473.5,,41445427.5,-0.05,1079.6
2024-06-08 11:00:00+00:00,long,sell - direction_change,69473.5,69498.7,41439738.21,-0.01,1079.59
2024-06-08 11:00:00+00:00,short,buy,69498.7,,41419018.34,-0.05,1079.54
2024-06-08 13:00:00+00:00,short,sell - direction_change,69498.7,69390.6,41462733.0,0.11,1079.64
2024-06-08 13:00:00+00:00,long,buy,69390.6,,41442001.64,-0.05,1079.59
2024-06-08 20:00:00+00:00,long,sell - direction_change,69390.6,69486.6,41478614.51,0.09,1079.68
2024-06-08 20:00:00+00:00,short,buy,69486.6,,41457875.21,-0.05,1079.63
2024-06-08 21:00:00+00:00,short,sell - direction_change,69486.6,69400.0,41488814.53,0.07,1079.7
2024-06-08 21:00:00+00:00,long,buy,69400.0,,41468070.12,-0.05,1079.65
2024-06-08 22:00:00+00:00,long,sell - direction_change,69400.0,69432.0,41466456.81,-0.0,1079.65
2024-06-08 22:00:00+00:00,short,buy,69432.0,,41445723.58,-0.05,1079.6
2024-06-09 06:00:00+00:00,short,sell - direction_change,69432.0,69325.0,41488871.74,0.1,1079.7
2024-06-09 06:00:00+00:00,long,buy,69325.0,,41468127.3,-0.05,1079.65
2024-06-09 07:00:00+00:00,long,sell - direction_change,69325.0,69418.7,41503441.76,0.09,1079.74
2024-06-09 07:00:00+00:00,short,buy,69418.7,,41482690.04,-0.05,1079.69
2024-06-09 08:00:00+00:00,short,sell - direction_change,69418.7,69331.9,41513817.97,0.08,1079.76
2024-06-09 08:00:00+00:00,long,buy,69331.9,,41493061.06,-0.05,1079.71
2024-06-10 05:00:00+00:00,long,sell - direction_change,69331.9,69702.7,41694227.2,0.48,1080.2
2024-06-10 05:00:00+00:00,short,buy,69702.7,,41673380.08,-0.05,1080.15
2024-06-10 14:00:00+00:00,short,sell - direction_change,69702.7,69443.9,41807272.99,0.32,1080.47
2024-06-10 14:00:00+00:00,long,buy,69443.9,,41786369.35,-0.05,1080.42
2024-06-10 19:00:00+00:00,long,sell - direction_change,69443.9,69883.7,42030116.34,0.58,1081.0
2024-06-10 19:00:00+00:00,short,buy,69883.7,,42009101.28,-0.05,1080.95
2024-06-10 21:00:00+00:00,short,sell - direction_change,69883.7,69650.6,42128219.84,0.28,1081.24
2024-06-10 21:00:00+00:00,long,buy,69650.6,,42107155.73,-0.05,1081.19
2024-06-10 23:00:00+00:00,long,sell - direction_change,69650.6,69536.3,42017002.27,-0.21,1080.97
2024-06-10 23:00:00+00:00,short,buy,69536.3,,41995993.77,-0.05,1080.92
2024-06-11 06:56:00+00:00,short,sell - take_profit,69536.3,67450.211,43234875.59,2.95,1083.87
2024-06-11 07:00:00+00:00,short,buy,67719.9,,43213258.15,-0.05,1083.82
2024-06-11 19:00:00+00:00,short,sell - direction_change,67719.9,67130.2,43567949.45,0.82,1084.64
2024-06-11 19:00:00+00:00,long,buy,67130.2,,43546165.48,-0.05,1084.59
2024-06-12 12:30:00+00:00,long,sell - take_profit,67130.2,69144.106,44830777.36,2.95,1087.54
2024-06-12 13:00:00+00:00,long,buy,69340.1,,44808361.97,-0.05,1087.49
2024-06-12 18:49:00+00:00,long,sell - stop_loss,69340.1,68646.69900000001,44337874.17,-1.05,1086.44
2024-06-12 19:00:00+00:00,short,buy,68837.1,,44315705.23,-0.05,1086.39
2024-06-12 20:00:00+00:00,short,sell - direction_change,68837.1,67523.1,45139469.66,1.86,1088.25
2024-06-12 20:00:00+00:00,long,buy,67523.1,,45116899.93,-0.05,1088.2
2024-06-13 00:00:00+00:00,long,sell - direction_change,67523.1,68270.3,45593597.99,1.06,1089.26
2024-06-13 00:00:00+00:00,short,buy,68270.3,,45570801.2,-0.05,1089.21
2024-06-14 05:00:00+00:00,short,sell - direction_change,68270.3,66719.7,46583049.83,2.22,1091.43
2024-06-14 05:00:00+00:00,long,buy,66719.7,,46559758.31,-0.05,1091.38
2024-06-14 07:00:00+00:00,long,sell - direction_change,66719.7,66958.3,46702983.35,0.31,1091.69
2024-06-14 07:00:00+00:00,short,buy,66958.3,,46679631.86,-0.05,1091.64
2024-06-14 08:00:00+00:00,short,sell - direction_change,66958.3,66906.3,46692543.57,0.03,1091.67
2024-06-14 08:00:00+00:00,long,buy,66906.3,,46669197.3,-0.05,1091.62
2024-06-14 09:00:00+00:00,long,sell - direction_change,66906.3,67140.3,46809084.88,0.3,1091.92
2024-06-14 09:00:00+00:00,short,buy,67140.3,,46785680.34,-0.05,1091.87
2024-06-14 10:00:00+00:00,short,sell - direction_change,67140.3,66915.1,46919214.64,0.29,1092.15
2024-06-14 10:00:00+00:00,long,buy,66915.1,,46895755.03,-0.05,1092.1
2024-06-14 15:00:00+00:00,long,sell - direction_change,66915.1,66980.0,46917790.68,0.05,1092.15
2024-06-14 15:00:00+00:00,short,buy,66980.0,,46894331.78,-0.05,1092.1
2024-06-15 04:00:00+00:00,short,sell - direction_change,66980.0,66265.9,47370843.44,1.02,1093.11
2024-06-15 04:00:00+00:00,long,buy,66265.9,,47347158.02,-0.05,1093.06
2024-06-15 06:00:00+00:00,long,sell - direction_change,66265.9,66224.7,47294046.94,-0.11,1092.95
2024-06-15 06:00:00+00:00,short,buy,66224.7,,47270399.91,-0.05,1092.9
2024-06-15 08:00:00+00:00,short,sell - direction_change,66224.7,66082.5,47348265.37,0.16,1093.07
2024-06-15 08:00:00+00:00,long,buy,66082.5,,47324591.24,-0.05,1093.02
2024-06-15 14:00:00+00:00,long,sell - direction_change,66082.5,66291.9,47450889.52,0.27,1093.28
2024-06-15 14:00:00+00:00,short,buy,66291.9,,47427164.07,-0.05,1093.23
2024-06-15 15:00:00+00:00,short,sell - direction_change,66291.9,66212.7,47460112.49,0.07,1093.3
2024-06-15 15:00:00+00:00,long,buy,66212.7,,47436382.43,-0.05,1093.25
2024-06-15 18:00:00+00:00,long,sell - direction_change,66212.7,66239.5,47431864.41,-0.01,1093.24
2024-06-15 18:00:00+00:00,short,buy,66239.5,,47408148.48,-0.05,1093.19
2024-06-15 19:00:00+00:00,short,sell - direction_change,66239.5,66139.9,47455728.93,0.1,1093.29
2024-06-15 19:00:00+00:00,long,buy,66139.9,,47432001.07,-0.05,1093.24
2024-06-15 20:00:00+00:00,long,sell - direction_change,66139.9,66144.1,47411297.08,-0.04,1093.2
2024-06-15 20:00:00+00:00,short,buy,66144.1,,47387591.43,-0.05,1093.15
2024-06-15 22:00:00+00:00,short,sell - direction_change,66144.1,66114.8,47384889.03,-0.01,1093.15
2024-06-15 22:00:00+00:00,long,buy,66114.8,,47361196.58,-0.05,1093.1
2024-06-16 00:00:00+00:00,long,sell - direction_change,66114.8,66213.7,47408362.79,0.1,1093.19
2024-06-16 00:00:00+00:00,short,buy,66213.7,,47384658.61,-0.05,1093.14
2024-06-16 05:00:00+00:00,short,sell - direction_change,66213.7,66150.0,47406552.05,0.05,1093.19
2024-06-16 05:00:00+00:00,long,buy,66150.0,,47382848.77,-0.05,1093.14
2024-06-17 01:00:00+00:00,long,sell - direction_change,66150.0,66565.5,47656777.51,0.58,1093.72
2024-06-17 01:00:00+00:00,short,buy,66565.5,,47632949.12,-0.05,1093.67
2024-06-17 17:00:00+00:00,short,sell - direction_change,66565.5,65865.9,48109752.51,1.0,1094.67
2024-06-17 17:00:00+00:00,long,buy,65865.9,,48085697.63,-0.05,1094.62
2024-06-18 00:00:00+00:00,long,sell - direction_change,65865.9,66472.1,48504213.83,0.87,1095.49
2024-06-18 00:00:00+00:00,short,buy,66472.1,,48479961.72,-0.05,1095.44
2024-06-18 14:08:00+00:00,short,sell - take_profit,66472.1,64477.937000000005,49910120.59,2.95,1098.39
2024-06-18 15:00:00+00:00,short,buy,64614.5,,49885165.53,-0.05,1098.34
2024-06-18 21:00:00+00:00,short,sell - direction_change,64614.5,64908.2,49633473.95,-0.5,1097.84
2024-06-18 21:00:00+00:00,long,buy,64908.2,,49608657.21,-0.05,1097.79
2024-06-19 13:00:00+00:00,long,sell - direction_change,64908.2,65156.7,49773778.83,0.33,1098.12
2024-06-19 13:00:00+00:00,short,buy,65156.7,,49748891.94,-0.05,1098.07
2024-06-20 00:00:00+00:00,short,sell - direction_change,65156.7,64933.6,49894360.34,0.29,1098.36
2024-06-20 00:00:00+00:00,long,buy,64933.6,,49869413.16,-0.05,1098.31
2024-06-20 13:00:00+00:00,long,sell - direction_change,64933.6,65960.0,50632760.11,1.53,1099.84
2024-06-20 13:00:00+00:00,short,buy,65960.0,,50607443.73,-0.05,1099.79
2024-06-21 08:49:00+00:00,short,sell - take_profit,65960.0,63981.2,52100363.32,2.95,1102.74
2024-06-21 09:00:00+00:00,short,buy,63613.6,,52074313.14,-0.05,1102.69
2024-06-21 09:37:00+00:00,short,sell - stop_loss,63613.6,64249.736,51527532.85,-1.05,1101.64
2024-06-21 10:00:00+00:00,short,buy,64078.6,,51501769.09,-0.05,1101.59
2024-06-21 18:00:00+00:00,short,sell - direction_change,64078.6,63651.8,51819049.34,0.62,1102.21
2024-06-21 18:00:00+00:00,long,buy,63651.8,,51793139.81,-0.05,1102.16
2024-06-22 00:00:00+00:00,long,sell - direction_change,63651.8,64124.1,52151551.31,0.69,1102.85
2024-06-22 00:00:00+00:00,short,buy,64124.1,,52125475.53,-0.05,1102.8
2024-06-22 01:00:00+00:00,short,sell - direction_change,64124.1,64034.3,52172409.81,0.09,1102.89
2024-06-22 01:00:00+00:00,long,buy,64034.3,,52146323.6,-0.05,1102.84
2024-06-22 17:00:00+00:00,long,sell - direction_change,64034.3,64295.4,52332877.19,0.36,1103.2
2024-06-22 17:00:00+00:00,short,buy,64295.4,,52306710.75,-0.05,1103.15
2024-06-22 21:00:00+00:00,short,sell - direction_change,64295.4,64256.5,52312204.0,0.01,1103.16
2024-06-22 21:00:00+00:00,long,buy,64256.5,,52286047.9,-0.05,1103.11
2024-06-22 23:00:00+00:00,long,sell - direction_change,64256.5,64286.7,52284478.86,-0.0,1103.11
2024-06-22 23:00:00+00:00,short,buy,64286.7,,52258336.62,-0.05,1103.06
2024-06-23 00:00:00+00:00,short,sell - direction_change,64286.7,64240.1,52270088.36,0.02,1103.08
2024-06-23 00:00:00+00:00,long,buy,64240.1,,52243953.32,-0.05,1103.03
2024-06-23 10:00:00+00:00,long,sell - direction_change,64240.1,64388.0,52338112.61,0.18,1103.21
2024-06-23 10:00:00+00:00,short,buy,64388.0,,52311943.55,-0.05,1103.16
2024-06-24 05:36:00+00:00,short,sell - take_profit,64388.0,62456.36,53855145.89,2.95,1106.11
2024-06-24 06:00:00+00:00,short,buy,62296.4,,53828218.32,-0.05,1106.06
2024-06-24 08:37:00+00:00,short,sell - stop_loss,62296.4,62919.364,53263022.02,-1.05,1105.01
2024-06-24 09:00:00+00:00,short,buy,62710.5,,53236390.51,-0.05,1104.96
2024-06-24 09:33:00+00:00,short,sell - take_profit,62710.5,60829.185,54806864.03,2.95,1107.91
2024-06-24 10:00:00+00:00,short,buy,61370.1,,54779460.6,-0.05,1107.86
2024-06-24 19:55:00+00:00,short,sell - take_profit,61370.1,59528.996999999996,56395454.69,2.95,1110.81
2024-06-24 20:00:00+00:00,short,buy,59292.8,,56367256.96,-0.05,1110.76
2024-06-24 21:31:00+00:00,short,sell - stop_loss,59292.8,59885.728,55775400.76,-1.05,1109.71
2024-06-24 22:00:00+00:00,short,buy,60081.5,,55747513.06,-0.05,1109.66
2024-06-25 01:00:00+00:00,short,sell - direction_change,60081.5,60386.7,55436454.95,-0.56,1109.1
2024-06-25 01:00:00+00:00,long,buy,60386.7,,55408736.72,-0.05,1109.05
2024-06-25 18:47:00+00:00,long,sell - take_profit,60386.7,62198.301,57043294.45,2.95,1112.0
2024-06-25 19:00:00+00:00,long,buy,62132.4,,57014772.81,-0.05,1111.95
2024-06-26 05:00:00+00:00,long,sell - direction_change,62132.4,61686.7,56577276.16,-0.77,1111.18
2024-06-26 05:00:00+00:00,short,buy,61686.7,,56548987.52,-0.05,1111.13
2024-06-27 09:00:00+00:00,short,sell - direction_change,61686.7,60861.3,57277367.77,1.29,1112.42
2024-06-27 09:00:00+00:00,long,buy,60861.3,,57248729.09,-0.05,1112.37
2024-06-27 10:00:00+00:00,long,sell - direction_change,60861.3,61276.4,57610565.45,0.63,1113.0
2024-06-27 10:00:00+00:00,short,buy,61276.4,,57581760.17,-0.05,1112.95
2024-06-27 11:00:00+00:00,short,sell - direction_change,61276.4,61106.2,57712907.14,0.23,1113.18
2024-06-27 11:00:00+00:00,long,buy,61106.2,,57684050.69,-0.05,1113.13
2024-06-28 00:00:00+00:00,long,sell - direction_change,61106.2,61682.1,58198856.36,0.89,1114.02
2024-06-28 00:00:00+00:00,short,buy,61682.1,,58169756.93,-0.05,1113.97
2024-06-28 01:00:00+00:00,short,sell - direction_change,61682.1,61536.8,58277698.28,0.19,1114.16
2024-06-28 01:00:00+00:00,long,buy,61536.8,,58248559.43,-0.05,1114.11
2024-06-28 07:00:00+00:00,long,sell - direction_change,61536.8,61605.3,58284274.83,0.06,1114.17
2024-06-28 07:00:00+00:00,short,buy,61605.3,,58255132.69,-0.05,1114.12
2024-06-29 05:00:00+00:00,short,sell - direction_change,61605.3,60775.2,59010963.33,1.3,1115.42
2024-06-29 05:00:00+00:00,long,buy,60775.2,,58981457.85,-0.05,1115.37
2024-06-29 22:00:00+00:00,long,sell - direction_change,60775.2,61048.2,59216909.69,0.4,1115.77
2024-06-29 22:00:00+00:00,short,buy,61048.2,,59187301.24,-0.05,1115.72
2024-06-29 23:00:00+00:00,short,sell - direction_change,61048.2,60971.8,59231778.73,0.08,1115.79
2024-06-29 23:00:00+00:00,long,buy,60971.8,,59202162.84,-0.05,1115.74
2024-06-30 01:00:00+00:00,long,sell - direction_change,60971.8,61016.3,59215770.2,0.02,1115.76
2024-06-30 01:00:00+00:00,short,buy,61016.3,,59186162.31,-0.05,1115.71
2024-06-30 06:00:00+00:00,short,sell - direction_change,61016.3,60788.7,59377342.54,0.32,1116.04
2024-06-30 06:00:00+00:00,long,buy,60788.7,,59347653.87,-0.05,1115.99
2024-06-30 22:26:00+00:00,long,sell - take_profit,60788.7,62612.361,61098409.66,2.95,1118.94
2024-06-30 23:00:00+00:00,long,buy,62894.9,,61067860.45,-0.05,1118.89
2024-07-01 10:00:00+00:00,long,sell - direction_change,62894.9,62920.3,61061988.68,-0.01,1118.88
2024-07-01 10:00:00+00:00,short,buy,62920.3,,61031457.68,-0.05,1118.83
2024-07-01 16:00:00+00:00,short,sell - direction_change,62920.3,63120.0,60807236.87,-0.37,1118.46
2024-07-01 16:00:00+00:00,long,buy,63120.0,,60776833.25,-0.05,1118.41
2024-07-01 23:00:00+00:00,long,sell - direction_change,63120.0,62961.6,60593925.02,-0.3,1118.11
2024-07-01 23:00:00+00:00,short,buy,62961.6,,60563628.06,-0.05,1118.06
2024-07-03 01:55:00+00:00,short,sell - take_profit,62961.6,61072.752,62350255.09,2.95,1121.01
2024-07-03 02:00:00+00:00,short,buy,61617.9,,62319079.96,-0.05,1120.96
2024-07-03 10:33:00+00:00,short,sell - take_profit,61617.9,59769.363,64157492.82,2.95,1123.91
2024-07-03 11:00:00+00:00,short,buy,60379.9,,64125414.07,-0.05,1123.86
2024-07-03 22:00:00+00:00,short,sell - direction_change,60379.9,60235.5,64246708.85,0.19,1124.05
2024-07-03 22:00:00+00:00,long,buy,60235.5,,64214585.5,-0.05,1124.0
2024-07-03 23:00:00+00:00,long,sell - direction_change,60235.5,60311.2,64263178.86,0.08,1124.07
2024-07-03 23:00:00+00:00,short,buy,60311.2,,64231047.27,-0.05,1124.02
2024-07-04 00:00:00+00:00,short,sell - direction_change,60311.2,60208.0,64308839.09,0.12,1124.15
2024-07-04 00:00:00+00:00,long,buy,60208.0,,64276684.68,-0.05,1124.1
2024-07-04 01:00:00+00:00,long,sell - direction_change,60208.0,60417.8,64468524.02,0.3,1124.39
2024-07-04 01:00:00+00:00,short,buy,60417.8,,64436289.76,-0.05,1124.34
2024-07-04 01:56:00+00:00,short,sell - take_profit,60417.8,58605.266,66337160.3,2.95,1127.29
2024-07-04 02:00:00+00:00,short,buy,58561.7,,66303991.72,-0.05,1127.24
2024-07-04 13:28:00+00:00,short,sell - take_profit,58561.7,56804.848999999995,68259959.48,2.95,1130.19
2024-07-04 14:00:00+00:00,short,buy,57402.2,,68225829.5,-0.05,1130.14
2024-07-04 15:47:00+00:00,short,sell - stop_loss,57402.2,57976.221999999994,67509458.29,-1.05,1129.09
2024-07-04 16:00:00+00:00,long,buy,58137.5,,67475703.56,-0.05,1129.04
2024-07-04 23:00:00+00:00,long,sell - direction_change,58137.5,58031.9,67319403.95,-0.23,1128.81
2024-07-04 23:00:00+00:00,short,buy,58031.9,,67285744.25,-0.05,1128.76
2024-07-05 02:54:00+00:00,short,sell - take_profit,58031.9,56290.943,69270673.7,2.95,1131.71
2024-07-05 03:00:00+00:00,short,buy,55756.4,,69236038.37,-0.05,1131.66
2024-07-05 04:18:00+00:00,short,sell - take_profit,55756.4,54083.708,71278501.5,2.95,1134.61
2024-07-05 05:00:00+00:00,short,buy,53923.3,,71242862.25,-0.05,1134.56
2024-07-05 05:16:00+00:00,short,sell - stop_loss,53923.3,54462.533,70494812.19,-1.05,1133.51
2024-07-05 06:00:00+00:00,short,buy,54772.0,,70459564.79,-0.05,1133.46
2024-07-05 10:15:00+00:00,short,sell - stop_loss,54772.0,55319.72,69719739.36,-1.05,1132.41
2024-07-05 11:00:00+00:00,short,buy,54963.5,,69684879.49,-0.05,1132.36
2024-07-05 11:45:00+00:00,short,sell - stop_loss,54963.5,55513.135,68953188.25,-1.05,1131.31
2024-07-05 12:00:00+00:00,short,buy,55459.0,,68918711.66,-0.05,1131.26
2024-07-05 13:00:00+00:00,short,sell - direction_change,55459.0,55037.2,69408421.74,0.71,1131.97
2024-07-05 13:00:00+00:00,long,buy,55037.2,,69373717.52,-0.05,1131.92
2024-07-05 16:01:00+00:00,long,sell - take_profit,55037.2,56688.316,71420242.19,2.95,1134.87
2024-07-05 17:00:00+00:00,long,buy,56425.0,,71384532.07,-0.05,1134.82
2024-07-05 18:17:00+00:00,long,sell - stop_loss,56425.0,55860.75,70634994.48,-1.05,1133.77
2024-07-05 19:00:00+00:00,long,buy,56521.6,,70599676.99,-0.05,1133.72
2024-07-06 21:04:00+00:00,long,sell - take_profit,56521.6,58217.248,72682367.46,2.95,1136.67
2024-07-06 22:00:00+00:00,long,buy,57844.6,,72646026.27,-0.05,1136.62
2024-07-07 04:00:00+00:00,long,sell - direction_change,57844.6,57944.0,72734537.99,0.12,1136.74
2024-07-07 04:00:00+00:00,short,buy,57944.0,,72698170.72,-0.05,1136.69
2024-07-07 21:29:00+00:00,short,sell - take_profit,57944.0,56205.68,74842766.76,2.95,1139.64
2024-07-07 22:00:00+00:00,short,buy,56566.0,,74805345.37,-0.05,1139.59
2024-07-08 01:03:00+00:00,short,sell - take_profit,56566.0,54869.02,77012103.06,2.95,1142.54
2024-07-08 02:00:00+00:00,short,buy,54930.0,,76973597.01,-0.05,1142.49
2024-07-08 04:46:00+00:00,short,sell - stop_loss,54930.0,55479.3,76165374.24,-1.05,1141.44
2024-07-08 05:00:00+00:00,short,buy,55476.9,,76127291.56,-0.05,1141.39
2024-07-08 08:00:00+00:00,short,sell - direction_change,55476.9,55828.4,75606887.64,-0.68,1140.71
2024-07-08 08:00:00+00:00,long,buy,55828.4,,75569084.19,-0.05,1140.66
2024-07-08 08:48:00+00:00,long,sell - take_profit,55828.4,57503.252,77798372.18,2.95,1143.61
2024-07-08 09:00:00+00:00,long,buy,57767.9,,77759472.99,-0.05,1143.56
2024-07-08 10:47:00+00:00,long,sell - stop_loss,57767.9,57190.221,76942998.53,-1.05,1142.51
2024-07-08 11:00:00+00:00,long,buy,56800.0,,76904527.03,-0.05,1142.46
2024-07-08 14:00:00+00:00,long,sell - direction_change,56800.0,57217.9,77431891.7,0.69,1143.15
2024-07-08 14:00:00+00:00,short,buy,57217.9,,77393175.75,-0.05,1143.1
2024-07-08 14:31:00+00:00,short,sell - take_profit,57217.9,55501.363,79676274.44,2.95,1146.05
2024-07-08 15:00:00+00:00,short,buy,56169.0,,79636436.3,-0.05,1146.0
2024-07-08 15:12:00+00:00,short,sell - stop_loss,56169.0,56730.69,78800253.72,-1.05,1144.95
2024-07-08 16:00:00+00:00,long,buy,55736.8,,78760853.59,-0.05,1144.9
2024-07-08 20:00:00+00:00,long,sell - direction_change,55736.8,56462.9,79747514.41,1.25,1146.15
2024-07-08 20:00:00+00:00,short,buy,56462.9,,79707640.65,-0.05,1146.1
2024-07-08 21:00:00+00:00,short,sell - direction_change,56462.9,56241.9,79979768.48,0.34,1146.44
2024-07-08 21:00:00+00:00,long,buy,56241.9,,79939778.6,-0.05,1146.39
2024-07-09 14:14:00+00:00,long,sell - take_profit,56241.9,57929.15700000001,82298002.07,2.95,1149.34
2024-07-09 15:00:00+00:00,long,buy,57040.3,,82256853.07,-0.05,1149.29
2024-07-10 00:00:00+00:00,long,sell - direction_change,57040.3,58023.1,83633003.92,1.67,1150.96
2024-07-10 00:00:00+00:00,short,buy,58023.1,,83591187.41,-0.05,1150.91
2024-07-10 01:00:00+00:00,short,sell - direction_change,58023.1,57467.9,84349242.69,0.91,1151.82
2024-07-10 01:00:00+00:00,long,buy,57467.9,,84307068.07,-0.05,1151.77
2024-07-10 04:07:00+00:00,long,sell - take_profit,57467.9,59191.937000000005,86794126.58,2.95,1154.72
2024-07-10 05:00:00+00:00,long,buy,59323.9,,86750729.52,-0.05,1154.67
2024-07-10 08:05:00+00:00,long,sell - stop_loss,59323.9,58730.661,85839846.86,-1.05,1153.62
2024-07-10 09:00:00+00:00,long,buy,58735.2,,85796926.93,-0.05,1153.57
2024-07-10 12:32:00+00:00,long,sell - stop_loss,58735.2,58147.848,84896059.2,-1.05,1152.52
2024-07-10 13:00:00+00:00,short,buy,58127.9,,84853611.17,-0.05,1152.47
2024-07-11 01:00:00+00:00,short,sell - direction_change,58127.9,57608.0,85570121.0,0.84,1153.32
2024-07-11 01:00:00+00:00,long,buy,57608.0,,85527335.93,-0.05,1153.27
2024-07-11 03:00:00+00:00,long,sell - direction_change,57608.0,57846.1,85838065.86,0.36,1153.63
2024-07-11 03:00:00+00:00,short,buy,57846.1,,85795146.82,-0.05,1153.58
2024-07-11 04:00:00+00:00,short,sell - direction_change,57846.1,57540.4,86205651.92,0.48,1154.06
2024-07-11 04:00:00+00:00,long,buy,57540.4,,86162549.1,-0.05,1154.01
2024-07-11 12:30:00+00:00,long,sell - take_profit,57540.4,59266.612,88704344.3,2.95,1156.96
2024-07-11 13:00:00+00:00,long,buy,58798.3,,88659992.12,-0.05,1156.91
2024-07-11 14:00:00+00:00,long,sell - direction_change,58798.3,58544.3,88232664.01,-0.48,1156.42
2024-07-11 14:00:00+00:00,short,buy,58544.3,,88188547.68,-0.05,1156.37
2024-07-12 01:15:00+00:00,short,sell - take_profit,58544.3,56787.971,90790109.84,2.95,1159.32
2024-07-12 02:00:00+00:00,short,buy,56919.9,,90744714.78,-0.05,1159.27
2024-07-12 11:00:00+00:00,short,sell - direction_change,56919.9,57152.1,90329156.91,-0.46,1158.82
2024-07-12 11:00:00+00:00,long,buy,57152.1,,90283992.33,-0.05,1158.77
2024-07-13 02:00:00+00:00,long,sell - direction_change,57152.1,57861.7,91359815.63,1.19,1159.96
2024-07-13 02:00:00+00:00,short,buy,57861.7,,91314135.72,-0.05,1159.91
2024-07-13 05:00:00+00:00,short,sell - direction_change,57861.7,57755.0,91436866.7,0.13,1160.04
2024-07-13 05:00:00+00:00,long,buy,57755.0,,91391148.26,-0.05,1159.99
2024-07-13 22:58:00+00:00,long,sell - take_profit,57755.0,59487.65,94087187.14,2.95,1162.94
2024-07-13 23:00:00+00:00,long,buy,59449.6,,94040143.54,-0.05,1162.89
2024-07-14 17:00:00+00:00,long,sell - direction_change,59449.6,60076.8,94985257.62,1.01,1163.9
2024-07-14 17:00:00+00:00,short,buy,60076.8,,94937764.99,-0.05,1163.85
2024-07-14 19:00:00+00:00,short,sell - direction_change,60076.8,60000.0,95011661.1,0.08,1163.93
2024-07-14 19:00:00+00:00,long,buy,60000.0,,94964155.27,-0.05,1163.88
2024-07-15 02:28:00+00:00,long,sell - take_profit,60000.0,61800.0,97765597.85,2.95,1166.83
2024-07-15 03:00:00+00:00,long,buy,62451.6,,97716715.05,-0.05,1166.78
2024-07-15 22:11:00+00:00,long,sell - take_profit,62451.6,64325.148,100599358.14,2.95,1169.73
2024-07-15 23:00:00+00:00,long,buy,64309.0,,100549058.46,-0.05,1169.68
2024-07-16 05:39:00+00:00,long,sell - stop_loss,64309.0,63665.909999999996,99493293.35,-1.05,1168.63
2024-07-16 06:00:00+00:00,short,buy,63631.9,,99443546.7,-0.05,1168.58
2024-07-16 07:00:00+00:00,short,sell - direction_change,63631.9,62880.2,100568577.12,1.13,1169.71
2024-07-16 07:00:00+00:00,long,buy,62880.2,,100518292.83,-0.05,1169.66
2024-07-16 08:00:00+00:00,long,sell - direction_change,62880.2,62881.8,100470591.4,-0.05,1169.61
2024-07-16 08:00:00+00:00,short,buy,62881.8,,100420356.1,-0.05,1169.56
2024-07-16 10:40:00+00:00,short,sell - stop_loss,62881.8,63510.618,99365942.36,-1.05,1168.51
2024-07-16 11:00:00+00:00,long,buy,63404.3,,99316259.39,-0.05,1168.46
2024-07-16 13:00:00+00:00,long,sell - direction_change,63404.3,63714.1,99751870.83,0.44,1168.9
2024-07-16 13:00:00+00:00,short,buy,63714.1,,99701994.89,-0.05,1168.85
2024-07-16 14:00:00+00:00,short,sell - direction_change,63714.1,63390.5,100158524.2,0.46,1169.31
2024-07-16 14:00:00+00:00,long,buy,63390.5,,100108444.94,-0.05,1169.26
2024-07-16 23:29:00+00:00,long,sell - take_profit,63390.5,65292.215000000004,103061644.06,2.95,1172.21
2024-07-17 00:00:00+00:00,long,buy,65010.0,,103010113.24,-0.05,1172.16
2024-07-17 10:00:00+00:00,long,sell - direction_change,65010.0,65300.0,103418121.07,0.4,1172.55
2024-07-17 10:00:00+00:00,short,buy,65300.0,,103366412.01,-0.05,1172.5
2024-07-18 02:00:00+00:00,short,sell - direction_change,65300.0,64640.0,104359473.55,0.96,1173.46
2024-07-18 02:00:00+00:00,long,buy,64640.0,,104307293.82,-0.05,1173.41
2024-07-18 13:00:00+00:00,long,sell - direction_change,64640.0,64811.2,104531399.59,0.21,1173.63
2024-07-18 13:00:00+00:00,short,buy,64811.2,,104479133.89,-0.05,1173.58
2024-07-19 03:00:00+00:00,short,sell - direction_change,64811.2,63805.9,106047491.89,1.5,1175.08
2024-07-19 03:00:00+00:00,long,buy,63805.9,,105994468.14,-0.05,1175.03
2024-07-19 07:00:00+00:00,long,sell - direction_change,63805.9,64184.8,106570900.23,0.54,1175.57
2024-07-19 07:00:00+00:00,short,buy,64184.8,,106517614.78,-0.05,1175.52
2024-07-19 10:00:00+00:00,short,sell - direction_change,64184.8,63671.9,107315537.01,0.75,1176.27
2024-07-19 10:00:00+00:00,long,buy,63671.9,,107261879.24,-0.05,1176.22
2024-07-19 14:14:00+00:00,long,sell - take_profit,63671.9,65582.057,110426104.68,2.95,1179.17
2024-07-19 15:00:00+00:00,long,buy,65700.8,,110370891.62,-0.05,1179.12
2024-07-20 06:00:00+00:00,long,sell - direction_change,65700.8,66506.1,111668531.09,1.18,1180.3
2024-07-20 06:00:00+00:00,short,buy,66506.1,,111612696.82,-0.05,1180.25
2024-07-20 07:00:00+00:00,short,sell - direction_change,66506.1,66597.0,111404339.14,-0.19,1180.06
2024-07-20 07:00:00+00:00,long,buy,66597.0,,111348636.97,-0.05,1180.01
2024-07-20 08:00:00+00:00,long,sell - direction_change,66597.0,66526.4,111174921.1,-0.16,1179.86
2024-07-20 08:00:00+00:00,short,buy,66526.4,,111119333.64,-0.05,1179.81
2024-07-20 10:00:00+00:00,short,sell - direction_change,66526.4,66545.3,111032205.22,-0.08,1179.73
2024-07-20 10:00:00+00:00,long,buy,66545.3,,110976689.11,-0.05,1179.68
2024-07-20 12:00:00+00:00,long,sell - direction_change,66545.3,66446.0,110755599.51,-0.2,1179.48
2024-07-20 12:00:00+00:00,short,buy,66446.0,,110700221.71,-0.05,1179.43
2024-07-20 14:00:00+00:00,short,sell - direction_change,66446.0,66503.0,110549908.59,-0.14,1179.29
2024-07-20 14:00:00+00:00,long,buy,66503.0,,110494633.63,-0.05,1179.24
2024-07-21 04:00:00+00:00,long,sell - direction_change,66503.0,67145.8,111507397.54,0.92,1180.16
2024-07-21 04:00:00+00:00,short,buy,67145.8,,111451643.84,-0.05,1180.11
2024-07-21 14:00:00+00:00,short,sell - direction_change,67145.8,66731.9,112082928.01,0.57,1180.67
2024-07-21 14:00:00+00:00,long,buy,66731.9,,112026886.55,-0.05,1180.62
2024-07-21 17:00:00+00:00,long,sell - direction_change,66731.9,67524.6,113301626.65,1.14,1181.76
2024-07-21 17:00:00+00:00,short,buy,67524.6,,113244975.84,-0.05,1181.71
2024-07-21 19:00:00+00:00,short,sell - direction_change,67524.6,66830.1,114353093.84,0.98,1182.69
2024-07-21 19:00:00+00:00,long,buy,66830.1,,114295917.3,-0.05,1182.64
2024-07-22 06:00:00+00:00,long,sell - direction_change,66830.1,67600.0,115555487.8,1.1,1183.74
2024-07-22 06:00:00+00:00,short,buy,67600.0,,115497710.06,-0.05,1183.69
2024-07-22 17:00:00+00:00,short,sell - direction_change,67600.0,67019.9,116431088.74,0.81,1184.5
2024-07-22 17:00:00+00:00,long,buy,67019.9,,116372873.2,-0.05,1184.45
2024-07-23 04:00:00+00:00,long,sell - direction_change,67019.9,67437.3,117039457.13,0.57,1185.02
2024-07-23 04:00:00+00:00,short,buy,67437.3,,116980937.4,-0.05,1184.97
2024-07-23 14:00:00+00:00,short,sell - direction_change,67437.3,66072.8,119289393.54,1.97,1186.95
2024-07-23 14:00:00+00:00,long,buy,66072.8,,119229748.85,-0.05,1186.9
2024-07-23 15:00:00+00:00,long,sell - direction_change,66072.8,67200.1,121204370.39,1.66,1188.55
2024-07-23 15:00:00+00:00,short,buy,67200.1,,121143768.2,-0.05,1188.5
2024-07-24 03:00:00+00:00,short,sell - direction_change,67200.1,65857.3,123503904.8,1.95,1190.45
2024-07-24 03:00:00+00:00,long,buy,65857.3,,123442152.85,-0.05,1190.4
2024-07-24 04:00:00+00:00,long,sell - direction_change,65857.3,66027.4,123699265.22,0.21,1190.61
2024-07-24 04:00:00+00:00,short,buy,66027.4,,123637415.59,-0.05,1190.56
2024-07-24 06:00:00+00:00,short,sell - direction_change,66027.4,65793.5,124013578.56,0.3,1190.86
2024-07-24 06:00:00+00:00,long,buy,65793.5,,123951571.77,-0.05,1190.81
2024-07-24 18:00:00+00:00,long,sell - direction_change,65793.5,66560.0,125333642.58,1.12,1191.93
2024-07-24 18:00:00+00:00,short,buy,66560.0,,125270975.76,-0.05,1191.88
2024-07-25 01:08:00+00:00,short,sell - take_profit,66560.0,64563.2,128966469.55,2.95,1194.83
2024-07-25 02:00:00+00:00,short,buy,64467.9,,128901986.31,-0.05,1194.78
2024-07-25 14:00:00+00:00,short,sell - direction_change,64467.9,64034.0,129705107.74,0.62,1195.4
2024-07-25 14:00:00+00:00,long,buy,64034.0,,129640255.18,-0.05,1195.35
2024-07-25 21:53:00+00:00,long,sell - take_profit,64034.0,65955.02,133464642.71,2.95,1198.3
2024-07-25 22:00:00+00:00,long,buy,65815.0,,133397910.39,-0.05,1198.25
2024-07-26 13:52:00+00:00,long,sell - take_profit,65815.0,67789.45,137333148.74,2.95,1201.2
2024-07-26 14:00:00+00:00,long,buy,67862.7,,137264482.17,-0.05,1201.15
2024-07-26 14:30:00+00:00,long,sell - stop_loss,67862.7,67184.07299999999,135823205.11,-1.05,1200.1
2024-07-26 15:00:00+00:00,long,buy,67290.5,,135755293.51,-0.05,1200.05
2024-07-27 05:00:00+00:00,long,sell - direction_change,67290.5,67839.1,136794189.53,0.77,1200.82
2024-07-27 05:00:00+00:00,short,buy,67839.1,,136725792.44,-0.05,1200.77
2024-07-27 06:00:00+00:00,short,sell - direction_change,67839.1,67860.9,136613492.9,-0.08,1200.69
2024-07-27 06:00:00+00:00,long,buy,67860.9,,136545186.15,-0.05,1200.64
2024-07-27 20:21:00+00:00,long,sell - stop_loss,67860.9,67182.291,135111461.7,-1.05,1199.59
2024-07-27 21:00:00+00:00,long,buy,67758.7,,135043905.97,-0.05,1199.54
2024-07-27 23:00:00+00:00,long,sell - direction_change,67758.7,68600.0,136653105.06,1.19,1200.73
2024-07-27 23:00:00+00:00,short,buy,68600.0,,136584778.51,-0.05,1200.68
2024-07-28 12:00:00+00:00,short,sell - direction_change,68600.0,67800.1,138109112.42,1.12,1201.79
2024-07-28 12:00:00+00:00,long,buy,67800.1,,138040057.86,-0.05,1201.74
2024-07-28 14:00:00+00:00,long,sell - direction_change,67800.1,67950.2,138276639.34,0.17,1201.91
2024-07-28 14:00:00+00:00,short,buy,67950.2,,138207501.02,-0.05,1201.86
2024-07-28 16:00:00+00:00,short,sell - direction_change,67950.2,67624.2,138801465.89,0.43,1202.29
2024-07-28 16:00:00+00:00,long,buy,67624.2,,138732065.16,-0.05,1202.24
2024-07-29 02:34:00+00:00,long,sell - take_profit,67624.2,69652.92599999999,142824661.08,2.95,1205.19
2024-07-29 03:00:00+00:00,long,buy,69527.1,,142753248.75,-0.05,1205.14
2024-07-29 14:00:00+00:00,long,sell - direction_change,69527.1,69249.9,142112724.26,-0.45,1204.7
2024-07-29 14:00:00+00:00,short,buy,69249.9,,142041667.9,-0.05,1204.65
2024-07-29 16:31:00+00:00,short,sell - take_profit,69249.9,67172.40299999999,146231897.1,2.95,1207.6
2024-07-29 17:00:00+00:00,short,buy,66920.9,,146158781.15,-0.05,1207.55
2024-07-30 11:00:00+00:00,short,sell - direction_change,66920.9,66545.7,146905158.38,0.51,1208.06
2024-07-30 11:00:00+00:00,long,buy,66545.7,,146831705.8,-0.05,1208.01
2024-07-30 13:00:00+00:00,long,sell - direction_change,66545.7,66635.4,146956211.14,0.08,1208.09
2024-07-30 13:00:00+00:00,short,buy,66635.4,,146882733.03,-0.05,1208.04
2024-07-31 00:00:00+00:00,short,sell - direction_change,66635.4,66159.3,147858746.9,0.66,1208.71
2024-07-31 00:00:00+00:00,long,buy,66159.3,,147784817.53,-0.05,1208.66
2024-07-31 04:00:00+00:00,long,sell - direction_change,66159.3,66028.1,147417854.18,-0.25,1208.41
2024-07-31 04:00:00+00:00,short,buy,66028.1,,147344145.25,-0.05,1208.36
2024-07-31 05:00:00+00:00,short,sell - direction_change,66028.1,65774.1,147837283.57,0.33,1208.69
2024-07-31 05:00:00+00:00,long,buy,65774.1,,147763364.92,-0.05,1208.64
2024-07-31 10:00:00+00:00,long,sell - direction_change,65774.1,66230.0,148713675.41,0.64,1209.28
2024-07-31 10:00:00+00:00,short,buy,66230.0,,148639318.57,-0.05,1209.23
2024-07-31 13:00:00+00:00,short,sell - direction_change,66230.0,66128.8,148792121.05,0.1,1209.34
2024-07-31 13:00:00+00:00,long,buy,66128.8,,148717724.99,-0.05,1209.29
2024-07-31 19:00:00+00:00,long,sell - direction_change,66128.8,66498.5,149474788.18,0.51,1209.8
2024-07-31 19:00:00+00:00,short,buy,66498.5,,149400050.79,-0.05,1209.75
2024-07-31 21:01:00+00:00,short,sell - take_profit,66498.5,64503.545,153807352.29,2.95,1212.7
2024-07-31 22:00:00+00:00,short,buy,64950.1,,153730448.61,-0.05,1212.65
2024-08-01 10:00:00+00:00,short,sell - direction_change,64950.1,64441.9,154856442.41,0.73,1213.38
2024-08-01 10:00:00+00:00,long,buy,64441.9,,154779014.19,-0.05,1213.33
2024-08-01 15:00:00+00:00,long,sell - direction_change,64441.9,63918.1,153443541.86,-0.86,1212.47
2024-08-01 15:00:00+00:00,short,buy,63918.1,,153366820.09,-0.05,1212.42
2024-08-01 20:00:00+00:00,short,sell - direction_change,63918.1,63403.0,154526081.57,0.76,1213.17
2024-08-01 20:00:00+00:00,long,buy,63403.0,,154448818.53,-0.05,1213.12
2024-08-01 21:46:00+00:00,long,sell - take_profit,63403.0,65305.090000000004,159005058.67,2.95,1216.07
2024-08-01 22:00:00+00:00,long,buy,64879.8,,158925556.14,-0.05,1216.02
2024-08-02 02:22:00+00:00,long,sell - stop_loss,64879.8,64231.002,157256837.8,-1.05,1214.97
2024-08-02 03:00:00+00:00,long,buy,64344.5,,157178209.38,-0.05,1214.92
2024-08-02 14:00:00+00:00,long,sell - direction_change,64344.5,65208.2,159209432.61,1.29,1216.21
2024-08-02 14:00:00+00:00,short,buy,65208.2,,159129827.89,-0.05,1216.16
2024-08-02 14:56:00+00:00,short,sell - take_profit,65208.2,63251.954,163824157.82,2.95,1219.11
2024-08-02 15:00:00+00:00,short,buy,63145.6,,163742245.74,-0.05,1219.06
2024-08-02 22:58:00+00:00,short,sell - take_profit,63145.6,61251.231999999996,168572641.99,2.95,1222.01
2024-08-02 23:00:00+00:00,short,buy,61377.8,,168488355.66,-0.05,1221.96
2024-08-03 08:00:00+00:00,short,sell - direction_change,61377.8,61636.0,167695326.01,-0.47,1221.49
2024-08-03 08:00:00+00:00,long,buy,61636.0,,167611478.34,-0.05,1221.44
2024-08-03 15:00:00+00:00,long,sell - direction_change,61636.0,61960.0,168408750.53,0.48,1221.92
2024-08-03 15:00:00+00:00,short,buy,61960.0,,168324546.15,-0.05,1221.87
2024-08-03 18:33:00+00:00,short,sell - take_profit,61960.0,60101.2,173290120.27,2.95,1224.82
2024-08-03 19:00:00+00:00,short,buy,60225.0,,173203475.21,-0.05,1224.77
2024-08-03 21:46:00+00:00,short,sell - stop_loss,60225.0,60827.25,171384838.72,-1.05,1223.72
2024-08-03 22:00:00+00:00,short,buy,60631.4,,171299146.3,-0.05,1223.67
2024-08-04 02:00:00+00:00,short,sell - direction_change,60631.4,60715.0,170977305.43,-0.19,1223.48
2024-08-04 02:00:00+00:00,long,buy,60715.0,,170891816.78,-0.05,1223.43
2024-08-04 07:00:00+00:00,long,sell - direction_change,60715.0,60788.9,171014373.92,0.07,1223.5
2024-08-04 07:00:00+00:00,short,buy,60788.9,,170928866.74,-0.05,1223.45
2024-08-04 10:00:00+00:00,short,sell - direction_change,60788.9,60678.8,171152986.26,0.13,1223.58
2024-08-04 10:00:00+00:00,long,buy,60678.8,,171067409.77,-0.05,1223.53
2024-08-04 14:00:00+00:00,long,sell - direction_change,60678.8,60800.2,171324130.42,0.15,1223.68
2024-08-04 14:00:00+00:00,short,buy,60800.2,,171238468.35,-0.05,1223.63
2024-08-04 15:58:00+00:00,short,sell - take_profit,60800.2,58976.193999999996,176290003.17,2.95,1226.58
2024-08-04 16:00:00+00:00,short,buy,59069.9,,176201858.17,-0.05,1226.53
2024-08-04 17:44:00+00:00,short,sell - take_profit,59069.9,57297.803,181399812.98,2.95,1229.48
2024-08-04 18:00:00+00:00,short,buy,57842.1,,181309113.08,-0.05,1229.43
2024-08-04 18:22:00+00:00,short,sell - stop_loss,57842.1,58420.521,179405367.39,-1.05,1228.38
2024-08-04 19:00:00+00:00,short,buy,58734.6,,179315664.71,-0.05,1228.33
2024-08-04 19:24:00+00:00,short,sell - stop_loss,58734.6,59321.945999999996,177432850.23,-1.05,1227.28
2024-08-04 20:00:00+00:00,short,buy,59233.9,,177344133.8,-0.05,1227.23
2024-08-05 00:14:00+00:00,short,sell - take_profit,59233.9,57456.883,182575785.75,2.95,1230.18
2024-08-05 01:00:00+00:00,short,buy,56141.9,,182484497.85,-0.05,1230.13
2024-08-05 01:08:00+00:00,short,sell - take_profit,56141.9,54457.643,187867790.54,2.95,1233.08
2024-08-05 02:00:00+00:00,short,buy,54389.6,,187773856.65,-0.05,1233.03
2024-08-05 05:08:00+00:00,short,sell - take_profit,54389.6,52757.912,193313185.42,2.95,1235.98
2024-08-05 06:00:00+00:00,short,buy,52696.5,,193216528.82,-0.05,1235.93
2024-08-05 06:18:00+00:00,short,sell - take_profit,52696.5,51115.604999999996,198916416.42,2.95,1238.88
2024-08-05 07:00:00+00:00,short,buy,51562.0,,198816958.22,-0.05,1238.83
2024-08-05 07:18:00+00:00,short,sell - stop_loss,51562.0,52077.62,196729380.16,-1.05,1237.78
2024-08-05 08:00:00+00:00,short,buy,52645.6,,196631015.47,-0.05,1237.73
2024-08-05 08:18:00+00:00,short,sell - stop_loss,52645.6,53172.056,194566389.8,-1.05,1236.68
2024-08-05 09:00:00+00:00,short,buy,52727.8,,194469106.61,-0.05,1236.63
2024-08-05 10:28:00+00:00,short,sell - take_profit,52727.8,51145.966,200205945.25,2.95,1239.58
2024-08-05 11:00:00+00:00,short,buy,51364.1,,200105842.28,-0.05,1239.53
2024-08-05 11:15:00+00:00,short,sell - stop_loss,51364.1,51877.741,198004730.94,-1.05,1238.48
2024-08-05 12:00:00+00:00,short,buy,51316.7,,197905728.57,-0.05,1238.43
2024-08-05 12:33:00+00:00,short,sell - take_profit,51316.7,49777.19899999999,203743947.56,2.95,1241.38
2024-08-05 13:00:00+00:00,short,buy,49788.4,,203642075.59,-0.05,1241.33
2024-08-05 13:05:00+00:00,short,sell - stop_loss,49788.4,50286.284,201503833.8,-1.05,1240.28
2024-08-05 14:00:00+00:00,long,buy,51927.7,,201403081.88,-0.05,1240.23
2024-08-05 14:00:00+00:00,long,sell - take_profit,51927.7,53485.530999999995,207344472.79,2.95,1243.18
2024-08-05 15:00:00+00:00,long,buy,54028.3,,207240800.56,-0.05,1243.13
2024-08-05 15:01:00+00:00,long,sell - stop_loss,54028.3,53488.017,205064772.15,-1.05,1242.08
2024-08-05 16:00:00+00:00,long,buy,54289.7,,204962239.77,-0.05,1242.03
2024-08-05 17:07:00+00:00,long,sell - stop_loss,54289.7,53746.803,202810136.25,-1.05,1240.98
2024-08-05 18:00:00+00:00,long,buy,54676.2,,202708731.18,-0.05,1240.93
2024-08-05 18:16:00+00:00,long,sell - stop_loss,54676.2,54129.437999999995,200580289.5,-1.05,1239.88
2024-08-05 19:00:00+00:00,long,buy,53082.6,,200479999.36,-0.05,1239.83
2024-08-05 19:18:00+00:00,long,sell - stop_loss,53082.6,52551.774,198374959.37,-1.05,1238.78
2024-08-05 20:00:00+00:00,long,buy,53450.3,,198275771.89,-0.05,1238.73
2024-08-05 21:16:00+00:00,long,sell - take_profit,53450.3,55053.809,204124907.16,2.95,1241.68
2024-08-05 22:00:00+00:00,long,buy,54344.9,,204022844.7,-0.05,1241.63
2024-08-06 00:59:00+00:00,long,sell - take_profit,54344.9,55975.247,210041518.62,2.95,1244.58
2024-08-06 01:00:00+00:00,long,buy,56010.1,,209936497.86,-0.05,1244.53
2024-08-06 01:38:00+00:00,long,sell - stop_loss,56010.1,55449.998999999996,207732164.63,-1.05,1243.48
2024-08-06 02:00:00+00:00,long,buy,55689.9,,207628298.55,-0.05,1243.43
2024-08-06 08:34:00+00:00,long,sell - stop_loss,55689.9,55133.001000000004,205448201.42,-1.05,1242.38
2024-08-06 09:00:00+00:00,long,buy,54970.0,,205345477.32,-0.05,1242.33
2024-08-06 12:00:00+00:00,long,sell - direction_change,54970.0,55188.0,206057163.58,0.35,1242.68
2024-08-06 12:00:00+00:00,short,buy,55188.0,,205954134.99,-0.05,1242.63
2024-08-06 13:00:00+00:00,short,sell - direction_change,55188.0,54752.6,207476011.71,0.74,1243.37
2024-08-06 13:00:00+00:00,long,buy,54752.6,,207372273.7,-0.05,1243.32
2024-08-06 14:18:00+00:00,long,sell - take_profit,54752.6,56395.178,213489755.77,2.95,1246.27
2024-08-06 15:00:00+00:00,long,buy,56095.5,,213383010.9,-0.05,1246.22
2024-08-07 00:17:00+00:00,long,sell - stop_loss,56095.5,55534.545,211142489.28,-1.05,1245.17
2024-08-07 01:00:00+00:00,long,buy,56251.2,,211036918.04,-0.05,1245.12
2024-08-07 14:00:00+00:00,long,sell - direction_change,56251.2,56800.9,212993702.14,0.93,1246.05
2024-08-07 14:00:00+00:00,short,buy,56800.9,,212887205.29,-0.05,1246.0
2024-08-07 18:19:00+00:00,short,sell - take_profit,56800.9,55096.873,219167377.84,2.95,1248.95
2024-08-07 19:00:00+00:00,short,buy,54785.4,,219057794.15,-0.05,1248.9
2024-08-07 21:42:00+00:00,short,sell - stop_loss,54785.4,55333.254,216757687.32,-1.05,1247.85
2024-08-07 22:00:00+00:00,short,buy,55389.1,,216649308.47,-0.05,1247.8
2024-08-08 01:00:00+00:00,short,sell - direction_change,55389.1,55270.6,217004485.54,0.16,1247.96
2024-08-08 01:00:00+00:00,long,buy,55270.6,,216895983.29,-0.05,1247.91
2024-08-08 01:44:00+00:00,long,sell - take_profit,55270.6,56928.718,223294414.8,2.95,1250.86
2024-08-08 02:00:00+00:00,long,buy,56842.0,,223182767.59,-0.05,1250.81
2024-08-08 14:47:00+00:00,long,sell - take_profit,56842.0,58547.26,229766659.24,2.95,1253.76
2024-08-08 15:00:00+00:00,long,buy,58880.8,,229651775.91,-0.05,1253.71
2024-08-08 21:42:00+00:00,long,sell - take_profit,58880.8,60647.224,236426503.3,2.95,1256.66
2024-08-08 22:00:00+00:00,long,buy,61154.8,,236308290.05,-0.05,1256.61
2024-08-09 09:00:00+00:00,long,sell - direction_change,61154.8,61063.0,235835411.48,-0.2,1256.41
2024-08-09 09:00:00+00:00,short,buy,61063.0,,235717493.77,-0.05,1256.36
2024-08-09 12:00:00+00:00,short,sell - direction_change,61063.0,60633.5,237257605.71,0.65,1257.01
2024-08-09 12:00:00+00:00,long,buy,60633.5,,237138976.9,-0.05,1256.96
2024-08-09 13:00:00+00:00,long,sell - direction_change,60633.5,60531.5,236621483.13,-0.22,1256.75
2024-08-09 13:00:00+00:00,short,buy,60531.5,,236503172.39,-0.05,1256.7
2024-08-09 20:00:00+00:00,short,sell - direction_change,60531.5,60649.6,235923491.22,-0.25,1256.45
2024-08-09 20:00:00+00:00,long,buy,60649.6,,235805529.48,-0.05,1256.4
2024-08-09 21:18:00+00:00,long,sell - stop_loss,60649.6,60043.104,233329571.42,-1.05,1255.35
2024-08-09 22:00:00+00:00,long,buy,60696.6,,233212906.63,-0.05,1255.3
2024-08-10 01:00:00+00:00,long,sell - direction_change,60696.6,60511.6,232385479.67,-0.35,1254.95
2024-08-10 01:00:00+00:00,short,buy,60511.6,,232269286.94,-0.05,1254.9
2024-08-10 07:00:00+00:00,short,sell - direction_change,60511.6,60427.6,232475580.06,0.09,1254.99
2024-08-10 07:00:00+00:00,long,buy,60427.6,,232359342.27,-0.05,1254.94
2024-08-10 13:00:00+00:00,long,sell - direction_change,60427.6,60688.9,233247926.91,0.38,1255.32
2024-08-10 13:00:00+00:00,short,buy,60688.9,,233131302.95,-0.05,1255.27
2024-08-10 14:00:00+00:00,short,sell - direction_change,60688.9,60400.0,234124522.34,0.43,1255.69
2024-08-10 14:00:00+00:00,long,buy,60400.0,,234007460.08,-0.05,1255.64
2024-08-10 15:00:00+00:00,long,sell - direction_change,60400.0,60553.9,234486710.46,0.2,1255.85
2024-08-10 15:00:00+00:00,short,buy,60553.9,,234369467.1,-0.05,1255.8
2024-08-10 16:00:00+00:00,short,sell - direction_change,60553.9,60480.5,234536371.73,0.07,1255.87
2024-08-10 16:00:00+00:00,long,buy,60480.5,,234419103.55,-0.05,1255.82
2024-08-11 04:00:00+00:00,long,sell - direction_change,60480.5,61054.8,236527849.32,0.9,1256.72
2024-08-11 04:00:00+00:00,short,buy,61054.8,,236409585.4,-0.05,1256.67
2024-08-11 05:00:00+00:00,short,sell - direction_change,61054.8,60861.0,237041791.34,0.27,1256.94
2024-08-11 05:00:00+00:00,long,buy,60861.0,,236923270.45,-0.05,1256.89
2024-08-11 10:00:00+00:00,long,sell - direction_change,60861.0,61078.7,237652284.14,0.31,1257.19
2024-08-11 10:00:00+00:00,short,buy,61078.7,,237533458.0,-0.05,1257.14
2024-08-11 20:04:00+00:00,short,sell - take_profit,61078.7,59246.33899999999,244540695.01,2.95,1260.09
2024-08-11 21:00:00+00:00,short,buy,58479.9,,244418424.66,-0.05,1260.04
2024-08-11 22:02:00+00:00,short,sell - stop_loss,58479.9,59064.699,241852031.2,-1.05,1258.99
2024-08-11 23:00:00+00:00,short,buy,58960.9,,241731105.19,-0.05,1258.94
2024-08-12 10:00:00+00:00,short,sell - direction_change,58960.9,58267.5,244453078.67,1.13,1260.07
2024-08-12 10:00:00+00:00,long,buy,58267.5,,244330852.14,-0.05,1260.02
2024-08-12 13:00:00+00:00,long,sell - direction_change,58267.5,59699.9,250215114.18,2.41,1262.43
2024-08-12 13:00:00+00:00,short,buy,59699.9,,250090006.62,-0.05,1262.38
2024-08-12 14:00:00+00:00,short,sell - direction_change,59699.9,58133.7,256525960.35,2.57,1264.95
2024-08-12 14:00:00+00:00,long,buy,58133.7,,256397697.37,-0.05,1264.9
2024-08-12 14:34:00+00:00,long,sell - take_profit,58133.7,59877.710999999996,263961429.45,2.95,1267.85
2024-08-12 15:00:00+00:00,long,buy,60265.2,,263829448.73,-0.05,1267.8
2024-08-12 15:23:00+00:00,long,sell - stop_loss,60265.2,59662.547999999995,261059239.52,-1.05,1266.75
2024-08-12 16:00:00+00:00,long,buy,60171.3,,260928709.9,-0.05,1266.7
2024-08-12 16:56:00+00:00,long,sell - stop_loss,60171.3,59569.587,258188958.45,-1.05,1265.65
2024-08-12 17:00:00+00:00,long,buy,59581.7,,258059863.97,-0.05,1265.6
2024-08-12 18:36:00+00:00,long,sell - stop_loss,59581.7,58985.882999999994,255350235.4,-1.05,1264.55
2024-08-12 19:00:00+00:00,long,buy,58511.4,,255222560.28,-0.05,1264.5
2024-08-12 21:00:00+00:00,long,sell - direction_change,58511.4,58817.6,256430571.59,0.47,1264.98
2024-08-12 21:00:00+00:00,short,buy,58817.6,,256302356.31,-0.05,1264.93
2024-08-12 22:00:00+00:00,short,sell - direction_change,58817.6,58951.2,255592032.53,-0.28,1264.65
2024-08-12 22:00:00+00:00,long,buy,58951.2,,255464236.52,-0.05,1264.6
2024-08-13 03:00:00+00:00,long,sell - direction_change,58951.2,59450.1,257498480.88,0.8,1265.39
2024-08-13 03:00:00+00:00,short,buy,59450.1,,257369731.64,-0.05,1265.34
2024-08-13 04:00:00+00:00,short,sell - direction_change,59450.1,59014.0,259128998.85,0.68,1266.03
2024-08-13 04:00:00+00:00,long,buy,59014.0,,258999434.35,-0.05,1265.98
2024-08-13 09:00:00+00:00,long,sell - direction_change,59014.0,59068.2,259107806.48,0.04,1266.02
2024-08-13 09:00:00+00:00,short,buy,59068.2,,258978252.58,-0.05,1265.97
2024-08-13 13:00:00+00:00,short,sell - direction_change,59068.2,59095.4,258729507.94,-0.1,1265.87
2024-08-13 13:00:00+00:00,long,buy,59095.4,,258600143.19,-0.05,1265.82
2024-08-13 16:48:00+00:00,long,sell - take_profit,59095.4,60868.262,266228847.41,2.95,1268.77
2024-08-13 17:00:00+00:00,long,buy,61121.0,,266095732.99,-0.05,1268.72
2024-08-13 19:16:00+00:00,long,sell - stop_loss,61121.0,60509.79,263301727.79,-1.05,1267.67
2024-08-13 20:00:00+00:00,long,buy,60794.5,,263170076.93,-0.05,1267.62
2024-08-14 13:00:00+00:00,long,sell - direction_change,60794.5,61026.8,264044083.0,0.33,1267.96
2024-08-14 13:00:00+00:00,short,buy,61026.8,,263912060.96,-0.05,1267.91
2024-08-14 14:10:00+00:00,short,sell - take_profit,61026.8,59195.996,271697466.76,2.95,1270.86
2024-08-14 15:00:00+00:00,short,buy,59468.4,,271561618.02,-0.05,1270.81
2024-08-15 07:31:00+00:00,short,sell - take_profit,59468.4,57684.348,279572685.76,2.95,1273.76
2024-08-15 08:00:00+00:00,short,buy,58031.9,,279432899.41,-0.05,1273.71
2024-08-15 11:00:00+00:00,short,sell - direction_change,58031.9,58326.0,277877044.33,-0.56,1273.15
2024-08-15 11:00:00+00:00,long,buy,58326.0,,277738105.8,-0.05,1273.1
2024-08-15 18:00:00+00:00,long,sell - direction_change,58326.0,58840.7,280050147.2,0.83,1273.93
2024-08-15 18:00:00+00:00,short,buy,58840.7,,279910122.13,-0.05,1273.88
2024-08-15 19:11:00+00:00,short,sell - take_profit,58840.7,57075.47899999999,288167470.73,2.95,1276.83
2024-08-15 20:00:00+00:00,short,buy,57002.5,,288023387.0,-0.05,1276.78
2024-08-15 21:59:00+00:00,short,sell - stop_loss,57002.5,57572.525,284999141.43,-1.05,1275.73
2024-08-15 22:00:00+00:00,short,buy,57583.0,,284856641.86,-0.05,1275.68
2024-08-16 02:31:00+00:00,short,sell - stop_loss,57583.0,58158.83,281865647.12,-1.05,1274.63
2024-08-16 03:00:00+00:00,short,buy,58168.4,,281724714.3,-0.05,1274.58
2024-08-16 04:00:00+00:00,short,sell - direction_change,58168.4,57858.1,283086715.68,0.48,1275.07
2024-08-16 04:00:00+00:00,long,buy,57858.1,,282945172.32,-0.05,1275.02
2024-08-16 12:00:00+00:00,long,sell - direction_change,57858.1,58369.4,285304125.2,0.83,1275.85
2024-08-16 12:00:00+00:00,short,buy,58369.4,,285161473.14,-0.05,1275.8
2024-08-16 13:00:00+00:00,short,sell - direction_change,58369.4,57844.4,287583759.84,0.85,1276.65
2024-08-16 13:00:00+00:00,long,buy,57844.4,,287439967.96,-0.05,1276.6
2024-08-16 14:00:00+00:00,long,sell - direction_change,57844.4,58311.9,289619345.54,0.76,1277.36
2024-08-16 14:00:00+00:00,short,buy,58311.9,,289474535.87,-0.05,1277.31
2024-08-16 16:00:00+00:00,short,sell - direction_change,58311.9,58035.1,290703901.51,0.42,1277.73
2024-08-16 16:00:00+00:00,long,buy,58035.1,,290558549.56,-0.05,1277.68
2024-08-16 19:32:00+00:00,long,sell - take_profit,58035.1,59776.153,299130026.77,2.95,1280.63
2024-08-16 20:00:00+00:00,long,buy,59649.3,,298980461.76,-0.05,1280.58
2024-08-16 21:17:00+00:00,long,sell - stop_loss,59649.3,59052.807,295841166.91,-1.05,1279.53
2024-08-16 22:00:00+00:00,long,buy,58993.4,,295693246.33,-0.05,1279.48
2024-08-17 10:00:00+00:00,long,sell - direction_change,58993.4,59292.1,297042576.89,0.46,1279.94
2024-08-17 10:00:00+00:00,short,buy,59292.1,,296894055.6,-0.05,1279.89
2024-08-17 12:00:00+00:00,short,sell - direction_change,59292.1,59106.5,297674965.72,0.26,1280.15
2024-08-17 12:00:00+00:00,long,buy,59106.5,,297526128.24,-0.05,1280.1
2024-08-17 21:00:00+00:00,long,sell - direction_change,59106.5,59364.7,298677074.11,0.39,1280.49
2024-08-17 21:00:00+00:00,short,buy,59364.7,,298527735.57,-0.05,1280.44
2024-08-17 22:00:00+00:00,short,sell - direction_change,59364.7,59279.1,298808929.1,0.09,1280.53
2024-08-17 22:00:00+00:00,long,buy,59279.1,,298659524.64,-0.05,1280.48
2024-08-18 03:00:00+00:00,long,sell - direction_change,59279.1,60103.9,302665696.16,1.34,1281.82
2024-08-18 03:00:00+00:00,short,buy,60103.9,,302514363.31,-0.05,1281.77
2024-08-18 05:00:00+00:00,short,sell - direction_change,60103.9,59429.4,305757992.95,1.07,1282.85
2024-08-18 05:00:00+00:00,long,buy,59429.4,,305605113.95,-0.05,1282.8
2024-08-18 17:00:00+00:00,long,sell - direction_change,59429.4,59808.0,307399194.52,0.59,1283.38
2024-08-18 17:00:00+00:00,short,buy,59808.0,,307245494.92,-0.05,1283.33
2024-08-19 09:49:00+00:00,short,sell - take_profit,59808.0,58013.76,316309237.02,2.95,1286.28
2024-08-19 10:00:00+00:00,short,buy,57977.3,,316151082.41,-0.05,1286.23
2024-08-19 13:08:00+00:00,short,sell - stop_loss,57977.3,58557.073000000004,312831496.04,-1.05,1285.18
2024-08-19 14:00:00+00:00,short,buy,58176.7,,312675080.29,-0.05,1285.13
2024-08-19 16:00:00+00:00,short,sell - direction_change,58176.7,58504.5,310756956.83,-0.61,1284.52
2024-08-19 16:00:00+00:00,long,buy,58504.5,,310601578.35,-0.05,1284.47
2024-08-20 00:29:00+00:00,long,sell - take_profit,58504.5,60259.635,319764324.91,2.95,1287.42
2024-08-20 01:00:00+00:00,long,buy,60454.6,,319604442.75,-0.05,1287.37
2024-08-20 14:00:00+00:00,long,sell - direction_change,60454.6,60850.0,321534995.88,0.6,1287.97
2024-08-20 14:00:00+00:00,short,buy,60850.0,,321374228.38,-0.05,1287.92
2024-08-20 15:00:00+00:00,short,sell - take_profit,60850.0,59024.5,330854768.12,2.95,1290.87
2024-08-20 16:00:00+00:00,short,buy,58783.7,,330689340.73,-0.05,1290.82
2024-08-20 18:21:00+00:00,short,sell - stop_loss,58783.7,59371.537,327217102.65,-1.05,1289.77
2024-08-20 19:00:00+00:00,short,buy,59157.6,,327053494.1,-0.05,1289.72
2024-08-21 06:00:00+00:00,short,sell - direction_change,59157.6,59356.4,325790899.19,-0.39,1289.34
2024-08-21 06:00:00+00:00,long,buy,59356.4,,325628003.75,-0.05,1289.29
2024-08-21 09:00:00+00:00,long,sell - direction_change,59356.4,59414.1,325781730.77,0.05,1289.33
2024-08-21 09:00:00+00:00,short,buy,59414.1,,325618839.91,-0.05,1289.28
2024-08-21 10:00:00+00:00,short,sell - direction_change,59414.1,59253.7,326335102.32,0.22,1289.5
2024-08-21 10:00:00+00:00,long,buy,59253.7,,326171934.77,-0.05,1289.45
2024-08-21 11:00:00+00:00,long,sell - direction_change,59253.7,59438.2,327024460.01,0.26,1289.72
2024-08-21 11:00:00+00:00,short,buy,59438.2,,326860947.78,-0.05,1289.67
2024-08-21 12:00:00+00:00,short,sell - direction_change,59438.2,59332.3,327279879.73,0.13,1289.79
2024-08-21 12:00:00+00:00,long,buy,59332.3,,327116239.79,-0.05,1289.74
2024-08-21 19:10:00+00:00,long,sell - take_profit,59332.3,61112.26900000001,336766168.87,2.95,1292.69
2024-08-21 20:00:00+00:00,long,buy,61538.1,,336597785.78,-0.05,1292.64
2024-08-21 20:49:00+00:00,long,sell - stop_loss,61538.1,60922.719,333063509.03,-1.05,1291.59
2024-08-21 21:00:00+00:00,long,buy,61204.4,,332896977.28,-0.05,1291.54
2024-08-22 02:37:00+00:00,long,sell - stop_loss,61204.4,60592.356,329401559.02,-1.05,1290.49
2024-08-22 03:00:00+00:00,long,buy,60144.7,,329236858.24,-0.05,1290.44
2024-08-22 14:00:00+00:00,long,sell - direction_change,60144.7,60777.4,332535689.79,1.0,1291.45
2024-08-22 14:00:00+00:00,short,buy,60777.4,,332369421.95,-0.05,1291.4
2024-08-23 01:00:00+00:00,short,sell - direction_change,60777.4,60695.9,332648931.0,0.08,1291.48
2024-08-23 01:00:00+00:00,long,buy,60695.9,,332482606.53,-0.05,1291.43
2024-08-23 02:00:00+00:00,long,sell - direction_change,60695.9,60727.8,332491108.42,0.0,1291.43
2024-08-23 02:00:00+00:00,short,buy,60727.8,,332324862.86,-0.05,1291.38
2024-08-23 04:00:00+00:00,short,sell - direction_change,60727.8,60565.0,333049601.92,0.22,1291.6
2024-08-23 04:00:00+00:00,long,buy,60565.0,,332883077.12,-0.05,1291.55
2024-08-23 11:00:00+00:00,long,sell - direction_change,60565.0,61020.1,335217999.22,0.7,1292.25
2024-08-23 11:00:00+00:00,short,buy,61020.1,,335050390.22,-0.05,1292.2
2024-08-23 12:00:00+00:00,short,sell - direction_change,61020.1,60710.1,336585019.25,0.46,1292.66
2024-08-23 12:00:00+00:00,long,buy,60710.1,,336416726.74,-0.05,1292.61
2024-08-23 17:46:00+00:00,long,sell - take_profit,60710.1,62531.403,346341020.17,2.95,1295.56
2024-08-23 18:00:00+00:00,long,buy,62966.0,,346167849.66,-0.05,1295.51
2024-08-23 21:20:00+00:00,long,sell - take_profit,62966.0,64854.98,356379801.23,2.95,1298.46
2024-08-23 22:00:00+00:00,long,buy,64350.1,,356201611.33,-0.05,1298.41
2024-08-24 01:19:00+00:00,long,sell - stop_loss,64350.1,63706.598999999995,352461494.41,-1.05,1297.36
2024-08-24 02:00:00+00:00,long,buy,63808.1,,352285263.66,-0.05,1297.31
2024-08-24 15:00:00+00:00,long,sell - direction_change,63808.1,64151.2,354003380.13,0.49,1297.8
2024-08-24 15:00:00+00:00,short,buy,64151.2,,353826378.44,-0.05,1297.75
2024-08-24 16:00:00+00:00,short,sell - direction_change,64151.2,63943.4,354795587.56,0.27,1298.02
2024-08-24 16:00:00+00:00,long,buy,63943.4,,354618189.76,-0.05,1297.97
2024-08-24 17:00:00+00:00,long,sell - direction_change,63943.4,64258.3,356187257.43,0.44,1298.41
2024-08-24 17:00:00+00:00,short,buy,64258.3,,356009163.8,-0.05,1298.36
2024-08-24 19:00:00+00:00,short,sell - direction_change,64258.3,64191.8,356199588.04,0.05,1298.42
2024-08-24 19:00:00+00:00,long,buy,64191.8,,356021488.25,-0.05,1298.37
2024-08-24 21:00:00+00:00,long,sell - direction_change,64191.8,64097.4,355319914.86,-0.2,1298.17
2024-08-24 21:00:00+00:00,short,buy,64097.4,,355142254.9,-0.05,1298.12
2024-08-25 01:00:00+00:00,short,sell - direction_change,64097.4,64143.2,354710921.29,-0.12,1298.0
2024-08-25 01:00:00+00:00,long,buy,64143.2,,354533565.83,-0.05,1297.95
2024-08-25 02:00:00+00:00,long,sell - direction_change,64143.2,64108.9,354166715.41,-0.1,1297.85
2024-08-25 02:00:00+00:00,short,buy,64108.9,,353989632.05,-0.05,1297.8
2024-08-25 03:00:00+00:00,short,sell - direction_change,64108.9,64110.7,353802698.19,-0.05,1297.74
2024-08-25 03:00:00+00:00,long,buy,64110.7,,353625796.84,-0.05,1297.69
2024-08-25 04:00:00+00:00,long,sell - direction_change,64110.7,64065.0,353196909.03,-0.12,1297.57
2024-08-25 04:00:00+00:00,short,buy,64065.0,,353020310.58,-0.05,1297.52
2024-08-25 14:00:00+00:00,short,sell - direction_change,64065.0,64048.0,352937476.3,-0.02,1297.5
2024-08-25 14:00:00+00:00,long,buy,64048.0,,352761007.56,-0.05,1297.45
2024-08-25 15:00:00+00:00,long,sell - direction_change,64048.0,64122.3,352993853.62,0.07,1297.51
2024-08-25 15:00:00+00:00,short,buy,64122.3,,352817356.69,-0.05,1297.46
2024-08-25 17:00:00+00:00,short,sell - direction_change,64122.3,64007.7,353271506.64,0.13,1297.59
2024-08-25 17:00:00+00:00,long,buy,64007.7,,353094870.88,-0.05,1297.54
2024-08-26 00:00:00+00:00,long,sell - direction_change,64007.7,64190.1,353924522.77,0.23,1297.78
2024-08-26 00:00:00+00:00,short,buy,64190.1,,353747560.51,-0.05,1297.73
2024-08-26 02:00:00+00:00,short,sell - direction_change,64190.1,63893.3,355206332.66,0.41,1298.14
2024-08-26 02:00:00+00:00,long,buy,63893.3,,355028729.5,-0.05,1298.09
2024-08-26 03:00:00+00:00,long,sell - direction_change,63893.3,64033.0,355627470.44,0.17,1298.26
2024-08-26 03:00:00+00:00,short,buy,64033.0,,355449656.71,-0.05,1298.21
2024-08-27 12:44:00+00:00,short,sell - take_profit,64033.0,62112.009999999995,365935421.58,2.95,1301.16
2024-08-27 13:00:00+00:00,short,buy,62400.0,,365752453.87,-0.05,1301.11
2024-08-27 21:47:00+00:00,short,sell - take_profit,62400.0,60528.0,376542151.26,2.95,1304.06
2024-08-27 22:00:00+00:00,short,buy,60379.6,,376353880.18,-0.05,1304.01
2024-08-27 22:14:00+00:00,short,sell - take_profit,60379.6,58568.212,387456319.65,2.95,1306.96
2024-08-27 23:00:00+00:00,short,buy,59467.7,,387262591.49,-0.05,1306.91
2024-08-28 09:00:00+00:00,short,sell - direction_change,59467.7,59197.1,388831148.02,0.41,1307.31
2024-08-28 09:00:00+00:00,long,buy,59197.1,,388636732.45,-0.05,1307.26
2024-08-28 13:00:00+00:00,long,sell - direction_change,59197.1,59917.1,393169308.6,1.17,1308.43
2024-08-28 13:00:00+00:00,short,buy,59917.1,,392972723.95,-0.05,1308.38
2024-08-28 16:20:00+00:00,short,sell - take_profit,59917.1,58119.587,404565419.3,2.95,1311.33
2024-08-28 17:00:00+00:00,short,buy,59158.3,,404363136.59,-0.05,1311.28
2024-08-28 18:00:00+00:00,short,sell - direction_change,59158.3,58620.1,407839699.01,0.86,1312.14
2024-08-28 18:00:00+00:00,long,buy,58620.1,,407635779.16,-0.05,1312.09
2024-08-28 19:00:00+00:00,long,sell - direction_change,58620.1,59457.9,413257902.47,1.38,1313.47
2024-08-28 19:00:00+00:00,short,buy,59457.9,,413051273.52,-0.05,1313.42
2024-08-29 00:00:00+00:00,short,sell - direction_change,59457.9,59010.0,415956288.41,0.7,1314.12
2024-08-29 00:00:00+00:00,long,buy,59010.0,,415748310.26,-0.05,1314.07
2024-08-29 02:00:00+00:00,long,sell - direction_change,59010.0,58970.3,415260734.23,-0.12,1313.95
2024-08-29 02:00:00+00:00,short,buy,58970.3,,415053103.86,-0.05,1313.9
2024-08-29 03:00:00+00:00,short,sell - direction_change,58970.3,59106.4,413887659.04,-0.28,1313.62
2024-08-29 03:00:00+00:00,long,buy,59106.4,,413680715.21,-0.05,1313.57
2024-08-29 14:47:00+00:00,long,sell - take_profit,59106.4,60879.592000000004,425884296.31,2.95,1316.52
2024-08-29 15:00:00+00:00,long,buy,60780.8,,425671354.16,-0.05,1316.47
2024-08-29 17:12:00+00:00,long,sell - stop_loss,60780.8,60172.992000000006,421201804.95,-1.05,1315.42
2024-08-29 18:00:00+00:00,short,buy,60501.1,,420991204.04,-0.05,1315.37
2024-08-29 22:09:00+00:00,short,sell - take_profit,60501.1,58686.066999999995,433410444.56,2.95,1318.32
2024-08-29 23:00:00+00:00,short,buy,59182.5,,433193739.34,-0.05,1318.27
2024-08-30 08:00:00+00:00,short,sell - direction_change,59182.5,59236.0,432585542.5,-0.14,1318.13
2024-08-30 08:00:00+00:00,long,buy,59236.0,,432369249.73,-0.05,1318.08
2024-08-30 14:00:00+00:00,long,sell - direction_change,59236.0,59630.0,435028908.93,0.62,1318.7
2024-08-30 14:00:00+00:00,short,buy,59630.0,,434811394.47,-0.05,1318.65
2024-08-30 16:27:00+00:00,short,sell - take_profit,59630.0,57841.1,447638330.61,2.95,1321.6
2024-08-30 17:00:00+00:00,short,buy,58517.3,,447414511.44,-0.05,1321.55
2024-08-30 18:00:00+00:00,short,sell - direction_change,58517.3,58602.6,446538613.16,-0.2,1321.35
2024-08-30 18:00:00+00:00,long,buy,58602.6,,446315343.86,-0.05,1321.3
2024-08-30 19:00:00+00:00,long,sell - direction_change,58602.6,59339.9,451707437.09,1.21,1322.51
2024-08-30 19:00:00+00:00,short,buy,59339.9,,451481583.38,-0.05,1322.46
2024-08-30 22:00:00+00:00,short,sell - direction_change,59339.9,59025.0,453651727.15,0.48,1322.94
2024-08-30 22:00:00+00:00,long,buy,59025.0,,453424901.29,-0.05,1322.89
2024-08-30 23:00:00+00:00,long,sell - direction_change,59025.0,59200.0,454542523.57,0.25,1323.14
2024-08-30 23:00:00+00:00,short,buy,59200.0,,454315252.31,-0.05,1323.09
2024-08-31 00:00:00+00:00,short,sell - direction_change,59200.0,59096.4,454883146.38,0.12,1323.21
2024-08-31 00:00:00+00:00,long,buy,59096.4,,454655704.8,-0.05,1323.16
2024-08-31 08:00:00+00:00,long,sell - direction_change,59096.4,59060.8,454154489.83,-0.11,1323.05
2024-08-31 08:00:00+00:00,short,buy,59060.8,,453927412.58,-0.05,1323.0
2024-08-31 10:00:00+00:00,short,sell - direction_change,59060.8,58880.9,455083117.95,0.25,1323.26
2024-08-31 10:00:00+00:00,long,buy,58880.9,,454855576.39,-0.05,1323.21
2024-08-31 11:00:00+00:00,long,sell - direction_change,58880.9,59104.0,456351598.46,0.33,1323.54
2024-08-31 11:00:00+00:00,short,buy,59104.0,,456123422.66,-0.05,1323.49
2024-08-31 12:00:00+00:00,short,sell - direction_change,59104.0,59093.1,455979479.54,-0.03,1323.46
2024-08-31 12:00:00+00:00,long,buy,59093.1,,455751489.81,-0.05,1323.41
2024-08-31 13:00:00+00:00,long,sell - direction_change,59093.1,59153.7,455990987.41,0.05,1323.46
2024-08-31 13:00:00+00:00,short,buy,59153.7,,455762991.92,-0.05,1323.41
2024-08-31 14:00:00+00:00,short,sell - direction_change,59153.7,58926.0,457289476.31,0.33,1323.74
2024-08-31 14:00:00+00:00,long,buy,58926.0,,457060831.57,-0.05,1323.69
2024-08-31 15:00:00+00:00,long,sell - direction_change,58926.0,59098.5,458170301.25,0.24,1323.94
2024-08-31 15:00:00+00:00,short,buy,59098.5,,457941216.1,-0.05,1323.89
2024-09-01 14:14:00+00:00,short,sell - take_profit,59098.5,57325.545,471450481.97,2.95,1326.84
2024-09-01 15:00:00+00:00,short,buy,57847.2,,471214756.73,-0.05,1326.79
2024-09-01 18:00:00+00:00,short,sell - direction_change,57847.2,58090.1,469000521.79,-0.47,1326.32
2024-09-01 18:00:00+00:00,long,buy,58090.1,,468766021.53,-0.05,1326.27
2024-09-01 22:00:00+00:00,long,sell - direction_change,58090.1,58312.8,470328746.68,0.33,1326.6
2024-09-01 22:00:00+00:00,short,buy,58312.8,,470093582.31,-0.05,1326.55
2024-09-02 08:00:00+00:00,short,sell - direction_change,58312.8,57523.3,476223156.72,1.3,1327.85
2024-09-02 08:00:00+00:00,long,buy,57523.3,,475985045.14,-0.05,1327.8
2024-09-02 20:55:00+00:00,long,sell - take_profit,57523.3,59248.999,490026603.97,2.95,1330.75
2024-09-02 21:00:00+00:00,long,buy,58962.1,,489781590.67,-0.05,1330.7
2024-09-03 06:00:00+00:00,long,sell - direction_change,58962.1,59166.6,491235423.89,0.3,1331.0
2024-09-03 06:00:00+00:00,short,buy,59166.6,,490989806.18,-0.05,1330.95
2024-09-03 07:00:00+00:00,short,sell - direction_change,59166.6,58870.1,493204795.36,0.45,1331.4
2024-09-03 07:00:00+00:00,long,buy,58870.1,,492958192.96,-0.05,1331.35
2024-09-03 08:00:00+00:00,long,sell - direction_change,58870.1,59078.0,494452597.75,0.3,1331.65
2024-09-03 08:00:00+00:00,short,buy,59078.0,,494205371.45,-0.05,1331.6
2024-09-04 00:55:00+00:00,short,sell - take_profit,59078.0,57305.659999999996,508784429.91,2.95,1334.55
2024-09-04 01:00:00+00:00,short,buy,57105.1,,508530037.69,-0.05,1334.5
2024-09-04 14:00:00+00:00,short,sell - direction_change,57105.1,56466.4,513963498.2,1.07,1335.57
2024-09-04 14:00:00+00:00,long,buy,56466.4,,513706516.45,-0.05,1335.52
2024-09-04 16:01:00+00:00,long,sell - take_profit,56466.4,58160.392,528860858.69,2.95,1338.47
2024-09-04 17:00:00+00:00,long,buy,58374.6,,528596428.26,-0.05,1338.42
2024-09-04 18:05:00+00:00,long,sell - stop_loss,58374.6,57790.854,523046165.76,-1.05,1337.37
2024-09-04 19:00:00+00:00,long,buy,57660.2,,522784642.68,-0.05,1337.32
2024-09-05 03:00:00+00:00,long,sell - direction_change,57660.2,57673.3,522642023.42,-0.03,1337.29
2024-09-05 03:00:00+00:00,short,buy,57673.3,,522380702.41,-0.05,1337.24
2024-09-05 15:28:00+00:00,short,sell - take_profit,57673.3,55943.101,537790933.13,2.95,1340.19
2024-09-05 16:00:00+00:00,short,buy,55947.0,,537522037.67,-0.05,1340.14
2024-09-05 17:47:00+00:00,short,sell - stop_loss,55947.0,56506.47,531878056.27,-1.05,1339.09
2024-09-05 18:00:00+00:00,short,buy,56576.9,,531612117.24,-0.05,1339.04
2024-09-06 01:00:00+00:00,short,sell - direction_change,56576.9,56146.8,535387649.11,0.71,1339.76
2024-09-06 01:00:00+00:00,long,buy,56146.8,,535119955.29,-0.05,1339.71
2024-09-06 07:00:00+00:00,long,sell - direction_change,56146.8,56400.1,537266529.05,0.4,1340.11
2024-09-06 07:00:00+00:00,short,buy,56400.1,,536997895.79,-0.05,1340.06
2024-09-06 12:00:00+00:00,short,sell - direction_change,56400.1,55972.1,540804480.03,0.71,1340.77
2024-09-06 12:00:00+00:00,long,buy,55972.1,,540534077.79,-0.05,1340.72
2024-09-06 13:00:00+00:00,long,sell - direction_change,55972.1,56831.3,548561281.81,1.49,1342.2
2024-09-06 13:00:00+00:00,short,buy,56831.3,,548287001.17,-0.05,1342.15
2024-09-06 14:13:00+00:00,short,sell - take_profit,56831.3,55126.361000000004,564461467.7,2.95,1345.1
2024-09-06 15:00:00+00:00,short,buy,54709.2,,564179236.97,-0.05,1345.05
2024-09-06 20:36:00+00:00,short,sell - take_profit,54709.2,53067.924,580822524.46,2.95,1348.0
2024-09-06 21:00:00+00:00,short,buy,52869.0,,580532113.2,-0.05,1347.95
2024-09-06 21:29:00+00:00,short,sell - stop_loss,52869.0,53397.69,574436526.01,-1.05,1346.9
2024-09-06 22:00:00+00:00,short,buy,53740.0,,574149307.74,-0.05,1346.85
2024-09-07 04:00:00+00:00,short,sell - direction_change,53740.0,53789.3,573335520.01,-0.14,1346.71
2024-09-07 04:00:00+00:00,long,buy,53789.3,,573048852.25,-0.05,1346.66
2024-09-07 17:00:00+00:00,long,sell - direction_change,53789.3,54439.6,579690353.82,1.16,1347.82
2024-09-07 17:00:00+00:00,short,buy,54439.6,,579400508.64,-0.05,1347.77
2024-09-07 18:00:00+00:00,short,sell - direction_change,54439.6,54110.3,582615547.36,0.55,1348.32
2024-09-07 18:00:00+00:00,long,buy,54110.3,,582324239.58,-0.05,1348.27
2024-09-07 20:00:00+00:00,long,sell - direction_change,54110.3,54375.1,584882802.17,0.44,1348.71
2024-09-07 20:00:00+00:00,short,buy,54375.1,,584590360.77,-0.05,1348.66
2024-09-08 03:00:00+00:00,short,sell - direction_change,54375.1,54309.9,584999035.17,0.07,1348.73
2024-09-08 03:00:00+00:00,long,buy,54309.9,,584706535.66,-0.05,1348.68
2024-09-08 05:00:00+00:00,long,sell - direction_change,54309.9,54464.6,586079700.11,0.23,1348.92
2024-09-08 05:00:00+00:00,short,buy,54464.6,,585786660.26,-0.05,1348.87
2024-09-08 06:00:00+00:00,short,sell - direction_change,54464.6,54315.7,587095240.8,0.22,1349.09
2024-09-08 06:00:00+00:00,long,buy,54315.7,,586801693.18,-0.05,1349.04
2024-09-08 12:00:00+00:00,long,sell - direction_change,54315.7,54528.7,588809445.79,0.34,1349.38
2024-09-08 12:00:00+00:00,short,buy,54528.7,,588515041.07,-0.05,1349.33
2024-09-08 17:00:00+00:00,short,sell - direction_change,54528.7,53883.7,595182112.19,1.13,1350.46
2024-09-08 17:00:00+00:00,long,buy,53883.7,,594884521.14,-0.05,1350.41
2024-09-08 19:00:00+00:00,long,sell - direction_change,53883.7,54381.0,600077349.08,0.87,1351.29
2024-09-08 19:00:00+00:00,short,buy,54381.0,,599777310.4,-0.05,1351.24
2024-09-08 20:00:00+00:00,short,sell - direction_change,54381.0,54301.3,600356446.62,0.1,1351.33
2024-09-08 20:00:00+00:00,long,buy,54301.3,,600056268.4,-0.05,1351.28
2024-09-09 14:00:00+00:00,long,sell - direction_change,54301.3,55652.2,614684354.56,2.44,1353.72
2024-09-09 14:00:00+00:00,short,buy,55652.2,,614377012.39,-0.05,1353.67
2024-09-09 15:00:00+00:00,short,sell - direction_change,55652.2,54806.0,623411517.97,1.47,1355.14
2024-09-09 15:00:00+00:00,long,buy,54806.0,,623099812.21,-0.05,1355.09
2024-09-09 16:53:00+00:00,long,sell - take_profit,54806.0,56450.18,641481256.67,2.95,1358.04
2024-09-09 17:00:00+00:00,long,buy,56391.2,,641160516.04,-0.05,1357.99
2024-09-09 21:15:00+00:00,long,sell - take_profit,56391.2,58082.936,660074751.27,2.95,1360.94
2024-09-09 22:00:00+00:00,long,buy,57424.9,,659744713.89,-0.05,1360.89
2024-09-10 00:08:00+00:00,long,sell - stop_loss,57424.9,56850.651,652817394.39,-1.05,1359.84
2024-09-10 01:00:00+00:00,long,buy,56944.7,,652490985.7,-0.05,1359.79
2024-09-10 04:37:00+00:00,long,sell - stop_loss,56944.7,56375.253,645639830.35,-1.05,1358.74
2024-09-10 05:00:00+00:00,long,buy,56584.0,,645317010.43,-0.05,1358.69
2024-09-10 06:00:00+00:00,long,sell - direction_change,56584.0,56910.8,648721370.15,0.53,1359.22
2024-09-10 06:00:00+00:00,short,buy,56910.8,,648397009.46,-0.05,1359.17
2024-09-10 07:00:00+00:00,short,sell - direction_change,56910.8,56797.5,649363662.28,0.15,1359.32
2024-09-10 07:00:00+00:00,long,buy,56797.5,,649038980.44,-0.05,1359.27
2024-09-10 13:00:00+00:00,long,sell - direction_change,56797.5,57169.1,652960825.41,0.6,1359.87
2024-09-10 13:00:00+00:00,short,buy,57169.1,,652634345.0,-0.05,1359.82
2024-09-10 14:00:00+00:00,short,sell - direction_change,57169.1,56706.0,657594711.81,0.76,1360.58
2024-09-10 14:00:00+00:00,long,buy,56706.0,,657265914.45,-0.05,1360.53
2024-09-10 15:00:00+00:00,long,sell - direction_change,56706.0,56911.7,659321501.83,0.31,1360.85
2024-09-10 15:00:00+00:00,short,buy,56911.7,,658991841.08,-0.05,1360.8
2024-09-10 17:00:00+00:00,short,sell - direction_change,56911.7,56787.2,660103955.31,0.17,1360.97
2024-09-10 17:00:00+00:00,long,buy,56787.2,,659773903.33,-0.05,1360.92
2024-09-11 01:00:00+00:00,long,sell - direction_change,56787.2,57606.9,668967582.76,1.39,1362.31
2024-09-11 01:00:00+00:00,short,buy,57606.9,,668633098.96,-0.05,1362.26
2024-09-11 02:00:00+00:00,short,sell - direction_change,57606.9,56698.7,678840099.18,1.53,1363.79
2024-09-11 02:00:00+00:00,long,buy,56698.7,,678500679.13,-0.05,1363.74
2024-09-11 03:00:00+00:00,long,sell - direction_change,56698.7,56892.7,680482983.46,0.29,1364.03
2024-09-11 03:00:00+00:00,short,buy,56892.7,,680142741.96,-0.05,1363.98
2024-09-11 15:00:00+00:00,short,sell - direction_change,56892.7,55942.1,691166935.09,1.62,1365.6
2024-09-11 15:00:00+00:00,long,buy,55942.1,,690821351.62,-0.05,1365.55
2024-09-11 17:14:00+00:00,long,sell - take_profit,55942.1,57620.363,711200581.49,2.95,1368.5
2024-09-11 18:00:00+00:00,long,buy,57661.0,,710844981.2,-0.05,1368.45
2024-09-12 12:00:00+00:00,long,sell - direction_change,57661.0,58031.7,715059549.42,0.59,1369.04
2024-09-12 12:00:00+00:00,short,buy,58031.7,,714702019.65,-0.05,1368.99
2024-09-12 16:00:00+00:00,short,sell - direction_change,58031.7,57472.2,721235312.55,0.91,1369.91
2024-09-12 16:00:00+00:00,long,buy,57472.2,,720874694.89,-0.05,1369.86
2024-09-12 21:00:00+00:00,long,sell - direction_change,57472.2,58177.3,729358337.76,1.18,1371.03
2024-09-12 21:00:00+00:00,short,buy,58177.3,,728993658.6,-0.05,1370.98
2024-09-12 22:00:00+00:00,short,sell - direction_change,58177.3,57897.7,732132703.99,0.43,1371.41
2024-09-12 22:00:00+00:00,long,buy,57897.7,,731766637.64,-0.05,1371.36
2024-09-13 02:00:00+00:00,long,sell - direction_change,57897.7,58106.0,734033449.41,0.31,1371.67
2024-09-13 02:00:00+00:00,short,buy,58106.0,,733666432.68,-0.05,1371.62
2024-09-13 07:00:00+00:00,short,sell - direction_change,58106.0,57734.1,737995337.37,0.59,1372.21
2024-09-13 07:00:00+00:00,long,buy,57734.1,,737626339.7,-0.05,1372.16
2024-09-13 08:00:00+00:00,long,sell - direction_change,57734.1,58079.7,741673004.78,0.55,1372.71
2024-09-13 08:00:00+00:00,short,buy,58079.7,,741302168.28,-0.05,1372.66
2024-09-13 10:00:00+00:00,short,sell - direction_change,58079.7,58024.8,741632235.16,0.04,1372.71
2024-09-13 10:00:00+00:00,long,buy,58024.8,,741261419.04,-0.05,1372.66
2024-09-13 11:00:00+00:00,long,sell - direction_change,58024.8,58315.4,744603176.28,0.45,1373.11
2024-09-13 11:00:00+00:00,short,buy,58315.4,,744230874.69,-0.05,1373.06
2024-09-13 14:00:00+00:00,short,sell - direction_change,58315.4,58017.1,747665713.68,0.46,1373.52
2024-09-13 14:00:00+00:00,long,buy,58017.1,,747291880.82,-0.05,1373.47
2024-09-13 16:02:00+00:00,long,sell - take_profit,58017.1,59757.613,769336991.3,2.95,1376.42
2024-09-13 17:00:00+00:00,long,buy,59420.2,,768952322.81,-0.05,1376.37
2024-09-14 07:00:00+00:00,long,sell - direction_change,59420.2,60017.3,776294872.68,0.95,1377.32
2024-09-14 07:00:00+00:00,short,buy,60017.3,,775906725.24,-0.05,1377.27
2024-09-14 20:00:00+00:00,short,sell - direction_change,60017.3,59778.4,778607283.3,0.35,1377.62
2024-09-14 20:00:00+00:00,long,buy,59778.4,,778217979.66,-0.05,1377.57
2024-09-14 22:00:00+00:00,long,sell - direction_change,59778.4,59998.4,780692914.46,0.32,1377.89
2024-09-14 22:00:00+00:00,short,buy,59998.4,,780302568.0,-0.05,1377.84
2024-09-15 00:00:00+00:00,short,sell - direction_change,59998.4,59963.9,780361102.66,0.01,1377.85
2024-09-15 00:00:00+00:00,long,buy,59963.9,,779970922.11,-0.05,1377.8
2024-09-15 09:00:00+00:00,long,sell - direction_change,59963.9,60042.1,780598110.75,0.08,1377.88
2024-09-15 09:00:00+00:00,short,buy,60042.1,,780207811.7,-0.05,1377.83
2024-09-15 13:00:00+00:00,short,sell - direction_change,60042.1,60082.8,779288837.92,-0.12,1377.71
2024-09-15 13:00:00+00:00,long,buy,60082.8,,778899193.5,-0.05,1377.66
2024-09-15 16:00:00+00:00,long,sell - direction_change,60082.8,60304.6,781385106.58,0.32,1377.98
2024-09-15 16:00:00+00:00,short,buy,60304.6,,780994414.03,-0.05,1377.93
2024-09-16 01:14:00+00:00,short,sell - take_profit,60304.6,58495.462,804033749.24,2.95,1380.88
2024-09-16 02:00:00+00:00,short,buy,58578.0,,803631732.37,-0.05,1380.83
2024-09-17 04:00:00+00:00,short,sell - direction_change,58578.0,58035.2,810676591.1,0.88,1381.7
2024-09-17 04:00:00+00:00,long,buy,58035.2,,810271252.8,-0.05,1381.65
2024-09-17 14:15:00+00:00,long,sell - take_profit,58035.2,59776.256,834174254.76,2.95,1384.6
2024-09-17 15:00:00+00:00,long,buy,60247.5,,833757167.63,-0.05,1384.55
2024-09-17 19:48:00+00:00,long,sell - stop_loss,60247.5,59645.025,825002717.37,-1.05,1383.5
2024-09-17 20:00:00+00:00,long,buy,59945.9,,824590216.01,-0.05,1383.45
2024-09-18 08:00:00+00:00,long,sell - direction_change,59945.9,60403.6,830473846.76,0.71,1384.17
2024-09-18 08:00:00+00:00,short,buy,60403.6,,830058609.84,-0.05,1384.12
2024-09-18 18:00:00+00:00,short,sell - direction_change,60403.6,59979.9,835466012.19,0.65,1384.77
2024-09-18 18:00:00+00:00,long,buy,59979.9,,835048279.19,-0.05,1384.72
2024-09-18 19:00:00+00:00,long,sell - direction_change,59979.9,60588.1,843098197.7,0.96,1385.68
2024-09-18 19:00:00+00:00,short,buy,60588.1,,842676648.6,-0.05,1385.63
2024-09-18 20:00:00+00:00,short,sell - direction_change,60588.1,60024.6,850092629.67,0.88,1386.51
2024-09-18 20:00:00+00:00,long,buy,60024.6,,849667583.36,-0.05,1386.46
2024-09-19 00:01:00+00:00,long,sell - take_profit,60024.6,61825.338,874732777.07,2.95,1389.41
2024-09-19 01:00:00+00:00,long,buy,62206.6,,874295410.68,-0.05,1389.36
2024-09-19 01:33:00+00:00,long,sell - stop_loss,62206.6,61584.534,865115308.87,-1.05,1388.31
2024-09-19 02:00:00+00:00,long,buy,61977.2,,864682751.21,-0.05,1388.26
2024-09-20 00:00:00+00:00,long,sell - direction_change,61977.2,62926.9,877500269.61,1.48,1389.75
2024-09-20 00:00:00+00:00,short,buy,62926.9,,877061519.47,-0.05,1389.7
2024-09-20 01:00:00+00:00,short,sell - direction_change,62926.9,62740.1,879226566.7,0.25,1389.94
2024-09-20 01:00:00+00:00,long,buy,62740.1,,878786953.42,-0.05,1389.89
2024-09-20 13:00:00+00:00,long,sell - direction_change,62740.1,63399.5,887583632.52,1.0,1390.89
2024-09-20 13:00:00+00:00,short,buy,63399.5,,887139840.7,-0.05,1390.84
2024-09-21 11:00:00+00:00,short,sell - direction_change,63399.5,62957.1,892886708.65,0.65,1391.49
2024-09-21 11:00:00+00:00,long,buy,62957.1,,892440265.29,-0.05,1391.44
2024-09-22 01:00:00+00:00,long,sell - direction_change,62957.1,63200.0,895437242.84,0.34,1391.78
2024-09-22 01:00:00+00:00,short,buy,63200.0,,894989524.22,-0.05,1391.73
2024-09-22 17:00:00+00:00,short,sell - direction_change,63200.0,62750.5,900907500.83,0.66,1392.39
2024-09-22 17:00:00+00:00,long,buy,62750.5,,900457047.08,-0.05,1392.34
2024-09-22 21:00:00+00:00,long,sell - direction_change,62750.5,63182.8,906210236.56,0.64,1392.98
2024-09-22 21:00:00+00:00,short,buy,63182.8,,905757131.45,-0.05,1392.93
2024-09-22 22:00:00+00:00,short,sell - direction_change,63182.8,62750.0,911508657.98,0.63,1393.56
2024-09-22 22:00:00+00:00,long,buy,62750.0,,911052903.65,-0.05,1393.51
2024-09-23 03:26:00+00:00,long,sell - take_profit,62750.0,64632.5,937928964.31,2.95,1396.46
2024-09-23 04:00:00+00:00,long,buy,64320.1,,937459999.82,-0.05,1396.41
2024-09-23 05:10:00+00:00,long,sell - stop_loss,64320.1,63676.899,927616669.83,-1.05,1395.36
2024-09-23 06:00:00+00:00,long,buy,63725.0,,927152861.49,-0.05,1395.31
2024-09-23 10:00:00+00:00,long,sell - direction_change,63725.0,63608.7,924997203.81,-0.23,1395.08
2024-09-23 10:00:00+00:00,short,buy,63608.7,,924534705.21,-0.05,1395.03
2024-09-24 07:00:00+00:00,short,sell - direction_change,63608.7,63275.7,928912499.93,0.47,1395.5
2024-09-24 07:00:00+00:00,long,buy,63275.7,,928448043.68,-0.05,1395.45
2024-09-24 14:00:00+00:00,long,sell - direction_change,63275.7,63481.6,931005002.39,0.28,1395.73
2024-09-24 14:00:00+00:00,short,buy,63481.6,,930539499.89,-0.05,1395.68
2024-09-24 17:00:00+00:00,short,sell - direction_change,63481.6,63231.0,933747628.4,0.34,1396.02
2024-09-24 17:00:00+00:00,long,buy,63231.0,,933280754.58,-0.05,1395.97
2024-09-25 06:00:00+00:00,long,sell - direction_change,63231.0,64140.0,946230827.62,1.39,1397.36
2024-09-25 06:00:00+00:00,short,buy,64140.0,,945757712.21,-0.05,1397.31
2024-09-26 03:00:00+00:00,short,sell - direction_change,64140.0,63320.1,957374430.3,1.23,1398.54
2024-09-26 03:00:00+00:00,long,buy,63320.1,,956895743.08,-0.05,1398.49
2024-09-26 15:33:00+00:00,long,sell - take_profit,63320.1,65219.703,985124167.51,2.95,1401.44
2024-09-26 16:00:00+00:00,long,buy,65200.0,,984631605.42,-0.05,1401.39
2024-09-27 02:00:00+00:00,long,sell - direction_change,65200.0,65087.9,982446387.73,-0.22,1401.17
2024-09-27 02:00:00+00:00,short,buy,65087.9,,981955164.54,-0.05,1401.12
2024-09-27 03:00:00+00:00,short,sell - direction_change,65087.9,64854.5,984985399.59,0.31,1401.43
2024-09-27 03:00:00+00:00,long,buy,64854.5,,984492906.89,-0.05,1401.38
2024-09-28 01:00:00+00:00,long,sell - direction_change,64854.5,65876.4,999513127.59,1.53,1402.9
2024-09-28 01:00:00+00:00,short,buy,65876.4,,999013371.03,-0.05,1402.85
2024-09-28 02:00:00+00:00,short,sell - direction_change,65876.4,65959.2,997258205.15,-0.18,1402.68
2024-09-28 02:00:00+00:00,long,buy,65959.2,,996759576.05,-0.05,1402.63
2024-09-28 08:00:00+00:00,long,sell - direction_change,65959.2,65790.0,993704286.53,-0.31,1402.32
2024-09-28 08:00:00+00:00,short,buy,65790.0,,993207434.39,-0.05,1402.27
2024-09-28 23:00:00+00:00,short,sell - direction_change,65790.0,65640.5,994967777.19,0.18,1402.45
2024-09-28 23:00:00+00:00,long,buy,65640.5,,994470293.3,-0.05,1402.4
2024-09-29 00:00:00+00:00,long,sell - direction_change,65640.5,65822.7,996733434.56,0.23,1402.62
2024-09-29 00:00:00+00:00,short,buy,65822.7,,996235067.84,-0.05,1402.57
2024-09-29 01:00:00+00:00,short,sell - direction_change,65822.7,65648.3,998376516.84,0.21,1402.79
2024-09-29 01:00:00+00:00,long,buy,65648.3,,997877328.58,-0.05,1402.74
2024-09-29 05:00:00+00:00,long,sell - direction_change,65648.3,65717.3,998427214.27,0.06,1402.79
2024-09-29 05:00:00+00:00,short,buy,65717.3,,997928000.66,-0.05,1402.74
2024-09-29 13:00:00+00:00,short,sell - direction_change,65717.3,65601.0,999195071.27,0.13,1402.87
2024-09-29 13:00:00+00:00,long,buy,65601.0,,998695473.74,-0.05,1402.82
2024-09-29 14:00:00+00:00,long,sell - direction_change,65601.0,65785.7,1001007958.96,0.23,1403.05
2024-09-29 14:00:00+00:00,short,buy,65785.7,,1000507454.98,-0.05,1403.0
2024-09-29 15:00:00+00:00,short,sell - direction_change,65785.7,65666.4,1001821585.53,0.13,1403.13
2024-09-29 15:00:00+00:00,long,buy,65666.4,,1001320674.73,-0.05,1403.08
2024-09-29 22:00:00+00:00,long,sell - direction_change,65666.4,65839.8,1003464121.66,0.21,1403.3
2024-09-29 22:00:00+00:00,short,buy,65839.8,,1002962389.6,-0.05,1403.25
2024-09-30 09:16:00+00:00,short,sell - take_profit,65839.8,63864.606,1032549780.09,2.95,1406.2
2024-09-30 10:00:00+00:00,short,buy,63512.1,,1032033505.2,-0.05,1406.15
2024-10-01 03:00:00+00:00,short,sell - direction_change,63512.1,63427.8,1032887312.85,0.08,1406.23
2024-10-01 03:00:00+00:00,long,buy,63427.8,,1032370869.19,-0.05,1406.18
2024-10-01 13:00:00+00:00,long,sell - direction_change,63427.8,63644.1,1035375250.75,0.29,1406.47
2024-10-01 13:00:00+00:00,short,buy,63644.1,,1034857563.12,-0.05,1406.42
2024-10-01 17:17:00+00:00,short,sell - take_profit,63644.1,61734.776999999995,1065385861.24,2.95,1409.37
2024-10-01 18:00:00+00:00,short,buy,62134.1,,1064853168.31,-0.05,1409.32
2024-10-01 20:40:00+00:00,short,sell - take_profit,62134.1,60270.077,1096266336.77,2.95,1412.27
2024-10-01 21:00:00+00:00,short,buy,60778.7,,1095718203.6,-0.05,1412.22
2024-10-02 01:25:00+00:00,short,sell - stop_loss,60778.7,61386.487,1084213162.46,-1.05,1411.17
2024-10-02 02:00:00+00:00,short,buy,61496.9,,1083671055.88,-0.05,1411.12
2024-10-02 03:00:00+00:00,short,sell - direction_change,61496.9,61754.3,1078593431.89,-0.47,1410.65
2024-10-02 03:00:00+00:00,long,buy,61754.3,,1078054135.17,-0.05,1410.6
2024-10-02 04:00:00+00:00,long,sell - direction_change,61754.3,61718.1,1076883159.24,-0.11,1410.5
2024-10-02 04:00:00+00:00,short,buy,61718.1,,1076344717.66,-0.05,1410.45
2024-10-02 06:00:00+00:00,short,sell - direction_change,61718.1,61466.7,1080190884.13,0.36,1410.8
2024-10-02 06:00:00+00:00,long,buy,61466.7,,1079650788.69,-0.05,1410.75
2024-10-02 10:00:00+00:00,long,sell - direction_change,61466.7,61251.3,1075327503.63,-0.4,1410.35
2024-10-02 10:00:00+00:00,short,buy,61251.3,,1074789839.88,-0.05,1410.3
2024-10-02 15:00:00+00:00,short,sell - direction_change,61251.3,61051.2,1077763643.04,0.28,1410.58
2024-10-02 15:00:00+00:00,long,buy,61051.2,,1077224761.22,-0.05,1410.53
2024-10-02 17:00:00+00:00,long,sell - direction_change,61051.2,61773.9,1089437910.23,1.13,1411.66
2024-10-02 17:00:00+00:00,short,buy,61773.9,,1088893191.27,-0.05,1411.61
2024-10-03 03:00:00+00:00,short,sell - direction_change,61773.9,61155.7,1099245802.67,0.95,1412.56
2024-10-03 03:00:00+00:00,long,buy,61155.7,,1098696179.77,-0.05,1412.51
2024-10-03 08:00:00+00:00,long,sell - direction_change,61155.7,60898.5,1093526090.56,-0.47,1412.04
2024-10-03 08:00:00+00:00,short,buy,60898.5,,1092979327.52,-0.05,1411.99
2024-10-03 10:00:00+00:00,short,sell - direction_change,60898.5,60693.0,1096121060.91,0.29,1412.28
2024-10-03 10:00:00+00:00,long,buy,60693.0,,1095573000.38,-0.05,1412.23
2024-10-03 11:00:00+00:00,long,sell - direction_change,60693.0,61001.9,1100601186.39,0.46,1412.69
2024-10-03 11:00:00+00:00,short,buy,61001.9,,1100050885.8,-0.05,1412.64
2024-10-03 18:00:00+00:00,short,sell - direction_change,61001.9,60608.6,1106593262.62,0.59,1413.23
2024-10-03 18:00:00+00:00,long,buy,60608.6,,1106039965.99,-0.05,1413.18
2024-10-04 19:03:00+00:00,long,sell - take_profit,60608.6,62426.858,1138668144.98,2.95,1416.13
2024-10-04 20:00:00+00:00,long,buy,62337.2,,1138098810.91,-0.05,1416.08
2024-10-05 02:00:00+00:00,long,sell - direction_change,62337.2,62036.5,1132039840.36,-0.53,1415.55
2024-10-05 02:00:00+00:00,short,buy,62036.5,,1131473820.44,-0.05,1415.5
2024-10-05 06:00:00+00:00,short,sell - direction_change,62036.5,62111.0,1129549289.92,-0.17,1415.33
2024-10-05 06:00:00+00:00,long,buy,62111.0,,1128984515.28,-0.05,1415.28
2024-10-05 07:00:00+00:00,long,sell - direction_change,62111.0,62197.9,1129999594.34,0.09,1415.37
2024-10-05 07:00:00+00:00,short,buy,62197.9,,1129434594.54,-0.05,1415.32
2024-10-05 08:00:00+00:00,short,sell - direction_change,62197.9,62043.0,1131682663.83,0.2,1415.52
2024-10-05 08:00:00+00:00,long,buy,62043.0,,1131116822.5,-0.05,1415.47
2024-10-05 16:00:00+00:00,long,sell - direction_change,62043.0,62131.5,1132164723.12,0.09,1415.56
2024-10-05 16:00:00+00:00,short,buy,62131.5,,1131598640.76,-0.05,1415.51
2024-10-06 09:00:00+00:00,short,sell - direction_change,62131.5,61961.6,1134127223.66,0.22,1415.74
2024-10-06 09:00:00+00:00,long,buy,61961.6,,1133560160.05,-0.05,1415.69
2024-10-07 01:06:00+00:00,long,sell - take_profit,61961.6,63820.448,1167000184.77,2.95,1418.64
2024-10-07 02:00:00+00:00,long,buy,63795.5,,1166416684.68,-0.05,1418.59
2024-10-07 09:22:00+00:00,long,sell - stop_loss,63795.5,63157.545,1154169309.49,-1.05,1417.54
2024-10-07 10:00:00+00:00,short,buy,63185.7,,1153592224.84,-0.05,1417.49
2024-10-07 13:00:00+00:00,short,sell - direction_change,63185.7,62859.9,1158963615.53,0.47,1417.95
2024-10-07 13:00:00+00:00,long,buy,62859.9,,1158384133.72,-0.05,1417.9
2024-10-07 18:00:00+00:00,long,sell - direction_change,62859.9,63795.7,1175049892.28,1.44,1419.34
2024-10-07 18:00:00+00:00,short,buy,63795.7,,1174462367.34,-0.05,1419.29
2024-10-07 19:00:00+00:00,short,sell - direction_change,63795.7,62815.3,1191924047.05,1.49,1420.78
2024-10-07 19:00:00+00:00,long,buy,62815.3,,1191328085.03,-0.05,1420.73
2024-10-07 20:00:00+00:00,long,sell - direction_change,62815.3,63349.4,1200861932.91,0.8,1421.53
2024-10-07 20:00:00+00:00,short,buy,63349.4,,1200261501.94,-0.05,1421.48
2024-10-07 21:00:00+00:00,short,sell - direction_change,63349.4,62995.8,1206360921.1,0.51,1421.99
2024-10-07 21:00:00+00:00,long,buy,62995.8,,1205757740.64,-0.05,1421.94
2024-10-07 22:00:00+00:00,long,sell - direction_change,62995.8,63346.2,1211861618.61,0.51,1422.44
2024-10-07 22:00:00+00:00,short,buy,63346.2,,1211255687.8,-0.05,1422.39
2024-10-08 13:00:00+00:00,short,sell - direction_change,63346.2,62416.4,1228428956.53,1.42,1423.81
2024-10-08 13:00:00+00:00,long,buy,62416.4,,1227814742.05,-0.05,1423.76
2024-10-08 15:00:00+00:00,long,sell - direction_change,62416.4,62752.0,1233802539.16,0.49,1424.25
2024-10-08 15:00:00+00:00,short,buy,62752.0,,1233185637.89,-0.05,1424.2
2024-10-08 16:00:00+00:00,short,sell - direction_change,62752.0,62259.9,1242239663.58,0.73,1424.93
2024-10-08 16:00:00+00:00,long,buy,62259.9,,1241618543.75,-0.05,1424.88
2024-10-08 17:00:00+00:00,long,sell - direction_change,62259.9,62537.3,1246529786.15,0.4,1425.28
2024-10-08 17:00:00+00:00,short,buy,62537.3,,1245906521.26,-0.05,1425.23
2024-10-09 04:00:00+00:00,short,sell - direction_change,62537.3,62365.0,1248716234.48,0.23,1425.45
2024-10-09 04:00:00+00:00,long,buy,62365.0,,1248091876.36,-0.05,1425.4
2024-10-09 07:00:00+00:00,long,sell - direction_change,62365.0,62405.1,1248270339.59,0.01,1425.42
2024-10-09 07:00:00+00:00,short,buy,62405.1,,1247646204.42,-0.05,1425.37
2024-10-09 20:52:00+00:00,short,sell - take_profit,62405.1,60532.947,1284451767.45,2.95,1428.32
2024-10-09 21:00:00+00:00,short,buy,60388.5,,1283809541.57,-0.05,1428.27
2024-10-10 05:50:00+00:00,short,sell - stop_loss,60388.5,60992.385,1270329541.38,-1.05,1427.22
2024-10-10 06:00:00+00:00,long,buy,60909.0,,1269694376.61,-0.05,1427.17
2024-10-10 14:00:00+00:00,long,sell - direction_change,60909.0,60910.2,1269084544.33,-0.05,1427.12
2024-10-10 14:00:00+00:00,short,buy,60910.2,,1268450002.06,-0.05,1427.07
2024-10-10 18:09:00+00:00,short,sell - take_profit,60910.2,59082.89399999999,1305869277.12,2.95,1430.02
2024-10-10 19:00:00+00:00,short,buy,59468.5,,1305216342.48,-0.05,1429.97
2024-10-10 21:56:00+00:00,short,sell - stop_loss,59468.5,60063.185,1291511570.89,-1.05,1428.92
2024-10-10 22:00:00+00:00,short,buy,60172.4,,1290865815.1,-0.05,1428.87
2024-10-11 02:00:00+00:00,short,sell - direction_change,60172.4,60543.7,1282254961.55,-0.67,1428.2
2024-10-11 02:00:00+00:00,long,buy,60543.7,,1281613834.07,-0.05,1428.15
2024-10-11 15:56:00+00:00,long,sell - take_profit,60543.7,62360.011,1319421442.17,2.95,1431.1
2024-10-11 16:00:00+00:00,long,buy,62218.0,,1318761731.45,-0.05,1431.05
2024-10-12 06:00:00+00:00,long,sell - direction_change,62218.0,62744.0,1329251353.62,0.8,1431.85
2024-10-12 06:00:00+00:00,short,buy,62744.0,,1328586727.94,-0.05,1431.8
2024-10-12 08:00:00+00:00,short,sell - direction_change,62744.0,62734.0,1328134181.8,-0.03,1431.76
2024-10-12 08:00:00+00:00,long,buy,62734.0,,1327470114.7,-0.05,1431.71
2024-10-13 00:00:00+00:00,long,sell - direction_change,62734.0,63176.0,1336159231.22,0.65,1432.37
2024-10-13 00:00:00+00:00,short,buy,63176.0,,1335491151.61,-0.05,1432.32
2024-10-13 20:00:00+00:00,short,sell - direction_change,63176.0,62699.2,1344902584.53,0.7,1433.02
2024-10-13 20:00:00+00:00,long,buy,62699.2,,1344230133.24,-0.05,1432.97
2024-10-14 00:00:00+00:00,long,sell - direction_change,62699.2,62839.7,1346570246.94,0.17,1433.15
2024-10-14 00:00:00+00:00,short,buy,62839.7,,1345896961.82,-0.05,1433.1
2024-10-14 03:00:00+00:00,short,sell - direction_change,62839.7,62581.6,1350751983.8,0.36,1433.46
2024-10-14 03:00:00+00:00,long,buy,62581.6,,1350076607.81,-0.05,1433.41
2024-10-14 04:01:00+00:00,long,sell - take_profit,62581.6,64459.048,1389903867.74,2.95,1436.36
2024-10-14 05:00:00+00:00,long,buy,64116.0,,1389208915.81,-0.05,1436.31
2024-10-14 14:29:00+00:00,long,sell - take_profit,64116.0,66039.48,1430190578.82,2.95,1439.26
2024-10-14 15:00:00+00:00,long,buy,65895.7,,1429475483.53,-0.05,1439.21
2024-10-15 03:00:00+00:00,long,sell - direction_change,65895.7,65740.0,1425383145.54,-0.29,1438.92
2024-10-15 03:00:00+00:00,short,buy,65740.0,,1424670453.97,-0.05,1438.87
2024-10-15 12:00:00+00:00,short,sell - direction_change,65740.0,65385.3,1431644924.49,0.49,1439.36
2024-10-15 12:00:00+00:00,long,buy,65385.3,,1430929102.03,-0.05,1439.31
2024-10-15 13:55:00+00:00,long,sell - take_profit,65385.3,67346.85900000001,1473141510.54,2.95,1442.26
2024-10-15 14:00:00+00:00,short,buy,67646.8,,1472404939.79,-0.05,1442.21
2024-10-15 14:40:00+00:00,short,sell - take_profit,67646.8,65617.39600000001,1515840885.51,2.95,1445.16
2024-10-15 15:00:00+00:00,long,buy,65345.1,,1515082965.07,-0.05,1445.11
2024-10-15 18:17:00+00:00,long,sell - take_profit,65345.1,67305.453,1559777912.54,2.95,1448.06
2024-10-15 19:00:00+00:00,long,buy,66875.8,,1558998023.58,-0.05,1448.01
2024-10-15 21:20:00+00:00,long,sell - stop_loss,66875.8,66207.042,1542628544.33,-1.05,1446.96
2024-10-15 22:00:00+00:00,long,buy,66401.7,,1541857230.06,-0.05,1446.91
2024-10-16 11:47:00+00:00,long,sell - take_profit,66401.7,68393.751,1587342018.35,2.95,1449.86
2024-10-16 12:00:00+00:00,long,buy,67872.3,,1586548347.34,-0.05,1449.81
2024-10-16 13:43:00+00:00,long,sell - stop_loss,67872.3,67193.577,1569889589.69,-1.05,1448.76
2024-10-16 14:00:00+00:00,long,buy,67359.9,,1569104644.9,-0.05,1448.71
2024-10-17 02:00:00+00:00,long,sell - direction_change,67359.9,67876.8,1580360938.7,0.72,1449.43
2024-10-17 02:00:00+00:00,short,buy,67876.8,,1579570758.23,-0.05,1449.38
2024-10-17 15:00:00+00:00,short,sell - direction_change,67876.8,67097.0,1596927810.61,1.1,1450.48
2024-10-17 15:00:00+00:00,long,buy,67097.0,,1596129346.71,-0.05,1450.43
2024-10-17 18:00:00+00:00,long,sell - direction_change,67097.0,67256.4,1599123150.79,0.19,1450.61
2024-10-17 18:00:00+00:00,short,buy,67256.4,,1598323589.21,-0.05,1450.56
2024-10-17 22:00:00+00:00,short,sell - direction_change,67256.4,67060.0,1602191801.12,0.24,1450.81
2024-10-17 22:00:00+00:00,long,buy,67060.0,,1601390705.22,-0.05,1450.76
2024-10-18 00:00:00+00:00,long,sell - direction_change,67060.0,67401.5,1608745019.2,0.46,1451.22
2024-10-18 00:00:00+00:00,short,buy,67401.5,,1607940646.69,-0.05,1451.17
2024-10-18 01:00:00+00:00,short,sell - direction_change,67401.5,67190.2,1612177481.97,0.26,1451.43
2024-10-18 01:00:00+00:00,long,buy,67190.2,,1611371393.23,-0.05,1451.38
2024-10-18 12:00:00+00:00,long,sell - direction_change,67190.2,67692.7,1622616782.32,0.7,1452.08
2024-10-18 12:00:00+00:00,short,buy,67692.7,,1621805473.93,-0.05,1452.03
2024-10-18 13:00:00+00:00,short,sell - direction_change,67692.7,67649.8,1622022384.45,0.01,1452.04
2024-10-18 13:00:00+00:00,long,buy,67649.8,,1621211373.26,-0.05,1451.99
2024-10-19 01:00:00+00:00,long,sell - direction_change,67649.8,68310.1,1636224700.09,0.93,1452.92
2024-10-19 01:00:00+00:00,short,buy,68310.1,,1635406587.74,-0.05,1452.87
2024-10-19 08:00:00+00:00,short,sell - direction_change,68310.1,68328.9,1634138795.16,-0.08,1452.79
2024-10-19 08:00:00+00:00,long,buy,68328.9,,1633321725.76,-0.05,1452.74
2024-10-19 09:00:00+00:00,long,sell - direction_change,68328.9,68390.1,1633967978.68,0.04,1452.78
2024-10-19 09:00:00+00:00,short,buy,68390.1,,1633150994.69,-0.05,1452.73
2024-10-19 22:00:00+00:00,short,sell - direction_change,68390.1,68192.8,1637045929.95,0.24,1452.97
2024-10-19 22:00:00+00:00,long,buy,68192.8,,1636227406.98,-0.05,1452.92
2024-10-20 00:00:00+00:00,long,sell - direction_change,68192.8,68357.1,1639351530.04,0.19,1453.11
2024-10-20 00:00:00+00:00,short,buy,68357.1,,1638531854.27,-0.05,1453.06
2024-10-20 04:00:00+00:00,short,sell - direction_change,68357.1,68161.1,1642410743.23,0.24,1453.29
2024-10-20 04:00:00+00:00,long,buy,68161.1,,1641589537.86,-0.05,1453.24
2024-10-20 05:00:00+00:00,long,sell - direction_change,68161.1,68223.9,1642281216.09,0.04,1453.29
2024-10-20 05:00:00+00:00,short,buy,68223.9,,1641460075.48,-0.05,1453.24
2024-10-20 06:00:00+00:00,short,sell - direction_change,68223.9,68200.1,1641211971.01,-0.02,1453.22
2024-10-20 06:00:00+00:00,long,buy,68200.1,,1640391365.03,-0.05,1453.17
2024-10-20 12:00:00+00:00,long,sell - direction_change,68200.1,68396.4,1644292699.44,0.24,1453.41
2024-10-20 12:00:00+00:00,short,buy,68396.4,,1643470553.1,-0.05,1453.36
2024-10-20 13:00:00+00:00,short,sell - direction_change,68396.4,68239.0,1646430921.34,0.18,1453.54
2024-10-20 13:00:00+00:00,long,buy,68239.0,,1645607705.88,-0.05,1453.49
2024-10-21 06:00:00+00:00,long,sell - direction_change,68239.0,68981.2,1662683318.46,1.04,1454.53
2024-10-21 06:00:00+00:00,short,buy,68981.2,,1661851976.8,-0.05,1454.48
2024-10-21 15:09:00+00:00,short,sell - take_profit,68981.2,66911.764,1710876610.12,2.95,1457.43
2024-10-21 16:00:00+00:00,short,buy,67354.2,,1710021171.81,-0.05,1457.38
2024-10-22 14:00:00+00:00,short,sell - direction_change,67354.2,66970.0,1718920417.59,0.52,1457.9
2024-10-22 14:00:00+00:00,long,buy,66970.0,,1718060957.38,-0.05,1457.85
2024-10-22 16:00:00+00:00,long,sell - direction_change,66970.0,67266.8,1724816089.85,0.39,1458.24
2024-10-22 16:00:00+00:00,short,buy,67266.8,,1723953681.8,-0.05,1458.19
2024-10-22 18:00:00+00:00,short,sell - direction_change,67266.8,67313.6,1721892286.64,-0.12,1458.07
2024-10-22 18:00:00+00:00,long,buy,67313.6,,1721031340.5,-0.05,1458.02
2024-10-23 00:00:00+00:00,long,sell - direction_change,67313.6,67406.5,1722546032.98,0.09,1458.11
2024-10-23 00:00:00+00:00,short,buy,67406.5,,1721684759.96,-0.05,1458.06
2024-10-23 01:00:00+00:00,short,sell - direction_change,67406.5,67156.8,1727201710.3,0.32,1458.38
2024-10-23 01:00:00+00:00,long,buy,67156.8,,1726338109.44,-0.05,1458.33
2024-10-23 02:00:00+00:00,long,sell - direction_change,67156.8,67334.5,1730042910.9,0.21,1458.54
2024-10-23 02:00:00+00:00,short,buy,67334.5,,1729177889.44,-0.05,1458.49
2024-10-23 18:05:00+00:00,short,sell - take_profit,67334.5,65314.465,1780188637.18,2.95,1461.44
2024-10-23 19:00:00+00:00,short,buy,66037.0,,1779298542.86,-0.05,1461.39
2024-10-23 20:00:00+00:00,short,sell - direction_change,66037.0,66465.3,1766868793.86,-0.7,1460.7
2024-10-23 20:00:00+00:00,long,buy,66465.3,,1765985359.46,-0.05,1460.65
2024-10-24 21:10:00+00:00,long,sell - take_profit,66465.3,68459.259,1818081927.57,2.95,1463.6
2024-10-24 22:00:00+00:00,long,buy,68324.5,,1817172886.6,-0.05,1463.55
2024-10-25 04:00:00+00:00,long,sell - direction_change,68324.5,67983.2,1807187013.01,-0.55,1463.0
2024-10-25 04:00:00+00:00,short,buy,67983.2,,1806283419.5,-0.05,1462.95
2024-10-25 11:00:00+00:00,short,sell - direction_change,67983.2,67835.0,1809317885.95,0.17,1463.11
2024-10-25 11:00:00+00:00,long,buy,67835.0,,1808413227.0,-0.05,1463.06
2024-10-25 15:00:00+00:00,long,sell - direction_change,67835.0,68288.4,1819596210.74,0.62,1463.68
2024-10-25 15:00:00+00:00,short,buy,68288.4,,1818686412.63,-0.05,1463.63
2024-10-25 18:08:00+00:00,short,sell - take_profit,68288.4,66239.74799999999,1872337661.8,2.95,1466.58
2024-10-25 19:00:00+00:00,short,buy,66993.1,,1871401492.97,-0.05,1466.53
2024-10-26 05:00:00+00:00,short,sell - direction_change,66993.1,66916.5,1872605555.19,0.06,1466.6
2024-10-26 05:00:00+00:00,long,buy,66916.5,,1871669252.41,-0.05,1466.55
2024-10-26 13:00:00+00:00,long,sell - direction_change,66916.5,67015.9,1873513657.69,0.1,1466.65
2024-10-26 13:00:00+00:00,short,buy,67015.9,,1872576900.87,-0.05,1466.6
2024-10-26 17:00:00+00:00,short,sell - direction_change,67015.9,66953.9,1873373033.64,0.04,1466.64
2024-10-26 17:00:00+00:00,long,buy,66953.9,,1872436347.13,-0.05,1466.59
2024-10-27 10:00:00+00:00,long,sell - direction_change,66953.9,67118.6,1876106137.96,0.2,1466.78
2024-10-27 10:00:00+00:00,short,buy,67118.6,,1875168084.89,-0.05,1466.73
2024-10-27 11:00:00+00:00,short,sell - direction_change,67118.6,67062.3,1875803417.49,0.03,1466.77
2024-10-27 11:00:00+00:00,long,buy,67062.3,,1874865515.79,-0.05,1466.72
2024-10-28 03:00:00+00:00,long,sell - direction_change,67062.3,67779.0,1893964916.17,1.02,1467.74
2024-10-28 03:00:00+00:00,short,buy,67779.0,,1893017933.71,-0.05,1467.69
2024-10-28 04:00:00+00:00,short,sell - direction_change,67779.0,67698.1,1894330902.62,0.07,1467.76
2024-10-28 04:00:00+00:00,long,buy,67698.1,,1893383737.17,-0.05,1467.71
2024-10-28 19:17:00+00:00,long,sell - take_profit,67698.1,69729.043,1949238557.41,2.95,1470.66
2024-10-28 20:00:00+00:00,long,buy,69605.8,,1948263938.13,-0.05,1470.61
2024-10-29 13:53:00+00:00,long,sell - take_profit,69605.8,71693.974,2005737724.31,2.95,1473.56
2024-10-29 14:00:00+00:00,long,buy,71781.5,,2004734855.45,-0.05,1473.51
2024-10-30 05:00:00+00:00,long,sell - direction_change,71781.5,72294.2,2018051324.49,0.66,1474.17
2024-10-30 05:00:00+00:00,short,buy,72294.2,,2017042298.83,-0.05,1474.12
2024-10-30 09:00:00+00:00,short,sell - direction_change,72294.2,72266.4,2016809410.8,-0.01,1474.11
2024-10-30 09:00:00+00:00,long,buy,72266.4,,2015801006.1,-0.05,1474.06
2024-10-30 10:00:00+00:00,long,sell - direction_change,72266.4,72590.6,2023836349.57,0.4,1474.46
2024-10-30 10:00:00+00:00,short,buy,72590.6,,2022824431.39,-0.05,1474.41
2024-10-30 14:00:00+00:00,short,sell - direction_change,72590.6,71966.0,2039218249.88,0.81,1475.22
2024-10-30 14:00:00+00:00,long,buy,71966.0,,2038198640.75,-0.05,1475.17
2024-10-30 15:00:00+00:00,long,sell - direction_change,71966.0,72416.1,2049927133.46,0.58,1475.74
2024-10-30 15:00:00+00:00,short,buy,72416.1,,2048902169.9,-0.05,1475.69
2024-10-30 20:00:00+00:00,short,sell - direction_change,72416.1,71826.0,2064573690.71,0.76,1476.46
2024-10-30 20:00:00+00:00,long,buy,71826.0,,2063541403.86,-0.05,1476.41
2024-10-31 00:00:00+00:00,long,sell - direction_change,71826.0,72349.0,2077535280.62,0.68,1477.09
2024-10-31 00:00:00+00:00,short,buy,72349.0,,2076496512.98,-0.05,1477.04
2024-10-31 01:00:00+00:00,short,sell - direction_change,72349.0,72173.8,2080486698.97,0.19,1477.23
2024-10-31 01:00:00+00:00,long,buy,72173.8,,2079446455.62,-0.05,1477.18
2024-10-31 06:00:00+00:00,long,sell - direction_change,72173.8,72298.1,2081988020.81,0.12,1477.3
2024-10-31 06:00:00+00:00,short,buy,72298.1,,2080947026.8,-0.05,1477.25
2024-10-31 07:00:00+00:00,short,sell - direction_change,72298.1,72213.4,2082344462.63,0.07,1477.32
2024-10-31 07:00:00+00:00,long,buy,72213.4,,2081303290.4,-0.05,1477.27
2024-10-31 08:00:00+00:00,long,sell - direction_change,72213.4,72417.8,2086153766.89,0.23,1477.5
2024-10-31 08:00:00+00:00,short,buy,72417.8,,2085110690.0,-0.05,1477.45
2024-10-31 10:00:00+00:00,short,sell - direction_change,72417.8,72300.2,2087454167.06,0.11,1477.56
2024-10-31 10:00:00+00:00,long,buy,72300.2,,2086410439.97,-0.05,1477.51
2024-10-31 11:00:00+00:00,long,sell - direction_change,72300.2,72641.8,2095224991.81,0.42,1477.94
2024-10-31 11:00:00+00:00,short,buy,72641.8,,2094177379.31,-0.05,1477.89
2024-10-31 15:48:00+00:00,short,sell - take_profit,72641.8,70462.546,2155955612.0,2.95,1480.84
2024-10-31 16:00:00+00:00,short,buy,70638.6,,2154877634.19,-0.05,1480.79
2024-11-01 10:00:00+00:00,short,sell - direction_change,70638.6,69555.9,2186828681.42,1.48,1482.27
2024-11-01 10:00:00+00:00,long,buy,69555.9,,2185735267.08,-0.05,1482.22
2024-11-01 14:30:00+00:00,long,sell - take_profit,69555.9,71642.57699999999,2250214457.46,2.95,1485.17
2024-11-01 15:00:00+00:00,short,buy,71273.5,,2249089350.23,-0.05,1485.12
2024-11-01 15:51:00+00:00,short,sell - take_profit,71273.5,69135.295,2315437486.07,2.95,1488.07
2024-11-01 16:00:00+00:00,long,buy,69381.1,,2314279767.32,-0.05,1488.02
2024-11-01 18:00:00+00:00,long,sell - direction_change,69381.1,69584.1,2319893906.54,0.24,1488.26
2024-11-01 18:00:00+00:00,short,buy,69584.1,,2318733959.59,-0.05,1488.21
2024-11-02 01:00:00+00:00,short,sell - direction_change,69584.1,69671.4,2314665516.05,-0.18,1488.04
2024-11-02 01:00:00+00:00,long,buy,69671.4,,2313508183.29,-0.05,1487.99
2024-11-02 02:00:00+00:00,long,sell - direction_change,69671.4,69669.0,2312271734.81,-0.05,1487.93
2024-11-02 02:00:00+00:00,short,buy,69669.0,,2311115598.94,-0.05,1487.88
2024-11-02 04:00:00+00:00,short,sell - direction_change,69669.0,69599.9,2312252281.42,0.05,1487.93
2024-11-02 04:00:00+00:00,long,buy,69599.9,,2311096155.28,-0.05,1487.88
2024-11-02 08:00:00+00:00,long,sell - direction_change,69599.9,69813.0,2317016689.07,0.26,1488.14
2024-11-02 08:00:00+00:00,short,buy,69813.0,,2315858180.73,-0.05,1488.09
2024-11-03 14:29:00+00:00,short,sell - take_profit,69813.0,67718.61,2384175997.06,2.95,1491.04
2024-11-03 15:00:00+00:00,short,buy,67768.4,,2382983909.06,-0.05,1490.99
2024-11-03 16:09:00+00:00,short,sell - stop_loss,67768.4,68446.08399999999,2357962578.01,-1.05,1489.94
2024-11-03 17:00:00+00:00,short,buy,68131.1,,2356783596.73,-0.05,1489.89
2024-11-03 19:00:00+00:00,short,sell - direction_change,68131.1,67991.6,2360430773.75,0.15,1490.04
2024-11-03 19:00:00+00:00,long,buy,67991.6,,2359250558.36,-0.05,1489.99
2024-11-04 07:00:00+00:00,long,sell - direction_change,67991.6,69115.5,2397069304.97,1.6,1491.6
2024-11-04 07:00:00+00:00,short,buy,69115.5,,2395870770.32,-0.05,1491.55
2024-11-04 10:00:00+00:00,short,sell - direction_change,69115.5,68628.0,2411571895.21,0.66,1492.2
2024-11-04 10:00:00+00:00,long,buy,68628.0,,2410366109.27,-0.05,1492.15
2024-11-04 11:00:00+00:00,long,sell - direction_change,68628.0,68816.9,2415795509.15,0.23,1492.38
2024-11-04 11:00:00+00:00,short,buy,68816.9,,2414587611.4,-0.05,1492.33
2024-11-04 12:00:00+00:00,short,sell - direction_change,68816.9,68778.1,2414741698.29,0.01,1492.33
2024-11-04 12:00:00+00:00,long,buy,68778.1,,2413534327.44,-0.05,1492.28
2024-11-04 13:00:00+00:00,long,sell - direction_change,68778.1,68958.0,2418640541.09,0.21,1492.49
2024-11-04 13:00:00+00:00,short,buy,68958.0,,2417431220.82,-0.05,1492.44
2024-11-04 21:43:00+00:00,short,sell - take_profit,68958.0,66889.26,2488745441.83,2.95,1495.39
2024-11-04 22:00:00+00:00,short,buy,67097.1,,2487501069.11,-0.05,1495.34
2024-11-04 22:20:00+00:00,short,sell - stop_loss,67097.1,67768.07100000001,2461382307.88,-1.05,1494.29
2024-11-04 23:00:00+00:00,short,buy,67906.0,,2460151616.73,-0.05,1494.24
2024-11-05 03:00:00+00:00,short,sell - direction_change,67906.0,67861.8,2460522853.05,0.02,1494.26
2024-11-05 03:00:00+00:00,long,buy,67861.8,,2459292591.62,-0.05,1494.21
2024-11-05 14:40:00+00:00,long,sell - take_profit,67861.8,69897.65400000001,2531841723.08,2.95,1497.16
2024-11-05 15:00:00+00:00,long,buy,69947.4,,2530575802.22,-0.05,1497.11
2024-11-05 15:30:00+00:00,long,sell - stop_loss,69947.4,69247.92599999999,2504004756.29,-1.05,1496.06
2024-11-05 16:00:00+00:00,long,buy,69615.2,,2502752753.91,-0.05,1496.01
2024-11-05 19:57:00+00:00,long,sell - stop_loss,69615.2,68919.048,2476473850.0,-1.05,1494.96
2024-11-05 20:00:00+00:00,long,buy,68955.9,,2475235613.07,-0.05,1494.91
2024-11-06 00:44:00+00:00,long,sell - take_profit,68955.9,71024.57699999999,2548255063.66,2.95,1497.86
2024-11-06 01:00:00+00:00,long,buy,71058.6,,2546980936.13,-0.05,1497.81
2024-11-06 02:57:00+00:00,long,sell - take_profit,71058.6,73190.35800000001,2622116873.74,2.95,1500.76
2024-11-06 03:00:00+00:00,long,buy,73079.0,,2620805815.31,-0.05,1500.71
2024-11-06 03:08:00+00:00,long,sell - take_profit,73079.0,75271.37,2698119586.86,2.95,1503.66
2024-11-06 04:00:00+00:00,long,buy,74367.1,,2696770527.06,-0.05,1503.61
2024-11-06 07:42:00+00:00,long,sell - stop_loss,74367.1,73623.429,2668454436.53,-1.05,1502.56
2024-11-06 08:00:00+00:00,long,buy,73435.8,,2667120209.31,-0.05,1502.51
2024-11-06 19:48:00+00:00,long,sell - take_profit,73435.8,75638.87400000001,2745800255.49,2.95,1505.46
2024-11-06 20:00:00+00:00,long,buy,75817.9,,2744427355.36,-0.05,1505.41
2024-11-07 00:50:00+00:00,long,sell - stop_loss,75817.9,75059.72099999999,2715610868.13,-1.05,1504.36
2024-11-07 01:00:00+00:00,long,buy,75361.6,,2714253062.69,-0.05,1504.31
2024-11-07 04:00:00+00:00,long,sell - direction_change,75361.6,75062.8,2702134237.7,-0.45,1503.86
2024-11-07 04:00:00+00:00,short,buy,75062.8,,2700783170.58,-0.05,1503.81
2024-11-07 06:00:00+00:00,short,sell - direction_change,75062.8,74793.3,2709129473.82,0.31,1504.12
2024-11-07 06:00:00+00:00,long,buy,74793.3,,2707774909.08,-0.05,1504.07
2024-11-07 07:00:00+00:00,long,sell - direction_change,74793.3,74815.5,2707224738.04,-0.02,1504.05
2024-11-07 07:00:00+00:00,short,buy,74815.5,,2705871125.67,-0.05,1504.0
2024-11-07 08:00:00+00:00,short,sell - direction_change,74815.5,74800.0,2705078782.53,-0.03,1503.97
2024-11-07 08:00:00+00:00,long,buy,74800.0,,2703726243.14,-0.05,1503.92
2024-11-07 09:00:00+00:00,long,sell - direction_change,74800.0,75193.3,2716590630.44,0.48,1504.4
2024-11-07 09:00:00+00:00,short,buy,75193.3,,2715232335.13,-0.05,1504.35
2024-11-07 10:00:00+00:00,short,sell - direction_change,75193.3,74949.0,2722696399.34,0.27,1504.62
2024-11-07 10:00:00+00:00,long,buy,74949.0,,2721335051.14,-0.05,1504.57
2024-11-07 11:00:00+00:00,long,sell - direction_change,74949.0,75060.3,2724015592.85,0.1,1504.67
2024-11-07 11:00:00+00:00,short,buy,75060.3,,2722653585.06,-0.05,1504.62
2024-11-07 15:00:00+00:00,short,sell - direction_change,75060.3,74840.6,2729261410.97,0.24,1504.86
2024-11-07 15:00:00+00:00,long,buy,74840.6,,2727896780.26,-0.05,1504.81
2024-11-08 06:00:00+00:00,long,sell - direction_change,74840.6,75985.9,2768278357.46,1.48,1506.29
2024-11-08 06:00:00+00:00,short,buy,75985.9,,2766894218.28,-0.05,1506.24
2024-11-08 07:00:00+00:00,short,sell - direction_change,75985.9,75882.8,2769264978.12,0.09,1506.33
2024-11-08 07:00:00+00:00,long,buy,75882.8,,2767880345.63,-0.05,1506.28
2024-11-08 08:00:00+00:00,long,sell - direction_change,75882.8,76171.0,2777008710.17,0.33,1506.61
2024-11-08 08:00:00+00:00,short,buy,76171.0,,2775620205.81,-0.05,1506.56
2024-11-08 09:00:00+00:00,short,sell - direction_change,76171.0,75823.7,2786887775.02,0.41,1506.97
2024-11-08 09:00:00+00:00,long,buy,75823.7,,2785494331.13,-0.05,1506.92
2024-11-08 14:00:00+00:00,long,sell - direction_change,75823.7,76280.3,2800875451.66,0.55,1507.47
2024-11-08 14:00:00+00:00,short,buy,76280.3,,2799475013.93,-0.05,1507.42
2024-11-08 15:00:00+00:00,short,sell - direction_change,76280.3,75758.7,2817217914.4,0.63,1508.05
2024-11-08 15:00:00+00:00,long,buy,75758.7,,2815809305.44,-0.05,1508.0
2024-11-09 03:00:00+00:00,long,sell - direction_change,75758.7,76418.6,2838928650.6,0.82,1508.82
2024-11-09 03:00:00+00:00,short,buy,76418.6,,2837509186.28,-0.05,1508.77
2024-11-09 05:00:00+00:00,short,sell - direction_change,76418.6,76369.6,2837909857.19,0.01,1508.79
2024-11-09 05:00:00+00:00,long,buy,76369.6,,2836490902.27,-0.05,1508.74
2024-11-09 06:00:00+00:00,long,sell - direction_change,76369.6,76540.0,2841401589.4,0.17,1508.91
2024-11-09 06:00:00+00:00,short,buy,76540.0,,2839980888.6,-0.05,1508.86
2024-11-09 07:00:00+00:00,short,sell - direction_change,76540.0,76493.5,2840286258.9,0.01,1508.87
2024-11-09 07:00:00+00:00,long,buy,76493.5,,2838866115.77,-0.05,1508.82
2024-11-09 12:00:00+00:00,long,sell - direction_change,76493.5,76478.6,2836893706.25,-0.07,1508.75
2024-11-09 12:00:00+00:00,short,buy,76478.6,,2835475259.4,-0.05,1508.7
2024-11-09 22:00:00+00:00,short,sell - direction_change,76478.6,76431.0,2835822311.16,0.01,1508.71
2024-11-09 22:00:00+00:00,long,buy,76431.0,,2834404400.01,-0.05,1508.66
2024-11-10 04:53:00+00:00,long,sell - take_profit,76431.0,78723.93000000001,2918019329.81,2.95,1511.61
2024-11-10 05:00:00+00:00,long,buy,79273.7,,2916560320.14,-0.05,1511.56
2024-11-10 20:00:00+00:00,long,sell - direction_change,79273.7,79793.4,2934222333.33,0.61,1512.17
2024-11-10 20:00:00+00:00,short,buy,79793.4,,2932755222.16,-0.05,1512.12
2024-11-10 21:00:00+00:00,short,sell - direction_change,79793.4,79015.6,2959876384.52,0.92,1513.04
2024-11-10 21:00:00+00:00,long,buy,79015.6,,2958396446.33,-0.05,1512.99
2024-11-10 22:22:00+00:00,long,sell - take_profit,79015.6,81386.06800000001,3045669141.49,2.95,1515.94
2024-11-10 23:00:00+00:00,long,buy,80683.6,,3044146306.92,-0.05,1515.89
2024-11-11 15:17:00+00:00,long,sell - take_profit,80683.6,83104.10800000001,3133948622.98,2.95,1518.84
2024-11-11 16:00:00+00:00,long,buy,84114.1,,3132381648.66,-0.05,1518.79
2024-11-11 19:07:00+00:00,long,sell - take_profit,84114.1,86637.523,3224786907.3,2.95,1521.74
2024-11-11 20:00:00+00:00,long,buy,86180.9,,3223174513.85,-0.05,1521.69
2024-11-11 23:01:00+00:00,long,sell - take_profit,86180.9,88766.32699999999,3318258162.01,2.95,1524.64
2024-11-12 00:00:00+00:00,long,buy,88729.0,,3316599032.92,-0.05,1524.59
2024-11-12 00:14:00+00:00,long,sell - stop_loss,88729.0,87841.71,3281774743.08,-1.05,1523.54
2024-11-12 01:00:00+00:00,long,buy,89065.9,,3280133855.71,-0.05,1523.49
2024-11-12 02:22:00+00:00,long,sell - stop_loss,89065.9,88175.241,3245692450.22,-1.05,1522.44
2024-11-12 03:00:00+00:00,long,buy,87778.5,,3244069604.0,-0.05,1522.39
2024-11-12 10:35:00+00:00,long,sell - stop_loss,87778.5,86900.715,3210006873.15,-1.05,1521.34
2024-11-12 11:00:00+00:00,long,buy,86972.1,,3208401869.72,-0.05,1521.29
2024-11-12 12:00:00+00:00,long,sell - direction_change,86972.1,87229.5,3216293158.04,0.25,1521.54
2024-11-12 12:00:00+00:00,short,buy,87229.5,,3214685011.46,-0.05,1521.49
2024-11-12 14:00:00+00:00,short,sell - direction_change,87229.5,86418.6,3242961917.7,0.88,1522.37
2024-11-12 14:00:00+00:00,long,buy,86418.6,,3241340436.74,-0.05,1522.32
2024-11-12 14:31:00+00:00,long,sell - stop_loss,86418.6,85554.414,3207306362.16,-1.05,1521.27
2024-11-12 15:00:00+00:00,short,buy,87041.4,,3205702708.97,-0.05,1521.22
2024-11-12 17:00:00+00:00,short,sell - direction_change,87041.4,87089.8,3202317303.44,-0.11,1521.11
2024-11-12 17:00:00+00:00,long,buy,87089.8,,3200716144.79,-0.05,1521.06
2024-11-12 19:32:00+00:00,long,sell - take_profit,87089.8,89702.494,3295137271.06,2.95,1524.01
2024-11-12 20:00:00+00:00,long,buy,88762.9,,3293489702.43,-0.05,1523.96
2024-11-12 22:07:00+00:00,long,sell - stop_loss,88762.9,87875.271,3258908060.55,-1.05,1522.91
2024-11-12 23:00:00+00:00,long,buy,88631.5,,3257278606.52,-0.05,1522.86
2024-11-12 23:20:00+00:00,long,sell - stop_loss,88631.5,87745.185,3223077181.15,-1.05,1521.81
2024-11-13 00:00:00+00:00,long,buy,87972.0,,3221465642.56,-0.05,1521.76
2024-11-13 02:35:00+00:00,long,sell - stop_loss,87972.0,87092.28,3187640253.32,-1.05,1520.71
2024-11-13 03:00:00+00:00,long,buy,87925.0,,3186046433.19,-0.05,1520.66
2024-11-13 04:31:00+00:00,long,sell - stop_loss,87925.0,87045.75,3152592945.64,-1.05,1519.61
2024-11-13 05:00:00+00:00,short,buy,87221.2,,3151016649.17,-0.05,1519.56
2024-11-13 11:18:00+00:00,short,sell - stop_loss,87221.2,88093.412,3117930974.35,-1.05,1518.51
2024-11-13 12:00:00+00:00,short,buy,87710.7,,3116372008.86,-0.05,1518.46
2024-11-13 13:00:00+00:00,short,sell - direction_change,87710.7,87679.9,3115908150.67,-0.01,1518.45
2024-11-13 13:00:00+00:00,long,buy,87679.9,,3114350196.59,-0.05,1518.4
2024-11-13 14:31:00+00:00,long,sell - take_profit,87679.9,90310.29699999999,3206223527.39,2.95,1521.35
2024-11-13 15:00:00+00:00,long,buy,91563.0,,3204620415.63,-0.05,1521.3
2024-11-13 15:07:00+00:00,long,sell - stop_loss,91563.0,90647.37,3170971901.26,-1.05,1520.25
2024-11-13 16:00:00+00:00,long,buy,92608.0,,3169386415.31,-0.05,1520.2
2024-11-13 16:40:00+00:00,long,sell - stop_loss,92608.0,91681.92,3136107857.95,-1.05,1519.15
2024-11-13 17:00:00+00:00,long,buy,92312.1,,3134539804.02,-0.05,1519.1
2024-11-13 19:07:00+00:00,long,sell - stop_loss,92312.1,91388.979,3101627136.08,-1.05,1518.05
2024-11-13 20:00:00+00:00,long,buy,90218.8,,3100076322.51,-0.05,1518.0
2024-11-13 20:04:00+00:00,long,sell - stop_loss,90218.8,89316.61200000001,3067525521.12,-1.05,1516.95
2024-11-13 21:00:00+00:00,long,buy,89742.3,,3065991758.36,-0.05,1516.9
2024-11-13 21:05:00+00:00,long,sell - stop_loss,89742.3,88844.87700000001,3033798844.9,-1.05,1515.85
2024-11-13 22:00:00+00:00,long,buy,88587.7,,3032281945.48,-0.05,1515.8
2024-11-14 02:00:00+00:00,long,sell - direction_change,88587.7,90420.1,3093487304.63,2.02,1517.82
2024-11-14 02:00:00+00:00,short,buy,90420.1,,3091940560.98,-0.05,1517.77
2024-11-14 07:00:00+00:00,short,sell - direction_change,90420.1,89336.2,3127458853.78,1.15,1518.92
2024-11-14 07:00:00+00:00,long,buy,89336.2,,3125895124.35,-0.05,1518.87
2024-11-14 14:00:00+00:00,long,sell - direction_change,89336.2,90797.5,3175463415.25,1.59,1520.45
2024-11-14 14:00:00+00:00,short,buy,90797.5,,3173875683.54,-0.05,1520.4
2024-11-14 14:33:00+00:00,short,sell - stop_loss,90797.5,91705.475,3140549988.87,-1.05,1519.35
2024-11-14 15:00:00+00:00,short,buy,88769.1,,3138979713.87,-0.05,1519.3
2024-11-14 18:07:00+00:00,short,sell - stop_loss,88769.1,89656.79100000001,3106020426.88,-1.05,1518.25
2024-11-14 19:00:00+00:00,short,buy,89142.2,,3104467416.66,-0.05,1518.2
2024-11-15 01:00:00+00:00,short,sell - direction_change,89142.2,87920.1,3145476053.45,1.32,1519.52
2024-11-15 01:00:00+00:00,long,buy,87920.1,,3143903315.42,-0.05,1519.47
2024-11-15 02:00:00+00:00,long,sell - direction_change,87920.1,88154.3,3150706037.55,0.22,1519.69
2024-11-15 02:00:00+00:00,short,buy,88154.3,,3149130684.53,-0.05,1519.64
2024-11-15 06:00:00+00:00,short,sell - direction_change,88154.3,87773.4,3161162986.67,0.38,1520.02
2024-11-15 06:00:00+00:00,long,buy,87773.4,,3159582405.17,-0.05,1519.97
2024-11-15 07:00:00+00:00,long,sell - direction_change,87773.4,88223.3,3174197681.31,0.46,1520.43
2024-11-15 07:00:00+00:00,short,buy,88223.3,,3172610582.47,-0.05,1520.38
2024-11-15 08:00:00+00:00,short,sell - direction_change,88223.3,87693.9,3190062105.54,0.55,1520.93
2024-11-15 08:00:00+00:00,long,buy,87693.9,,3188467074.49,-0.05,1520.88
2024-11-15 12:11:00+00:00,long,sell - take_profit,87693.9,90324.71699999999,3282526853.18,2.95,1523.83
2024-11-15 13:00:00+00:00,long,buy,89819.9,,3280885589.76,-0.05,1523.78
2024-11-15 14:34:00+00:00,long,sell - stop_loss,89819.9,88921.70099999999,3246436291.06,-1.05,1522.73
2024-11-15 15:00:00+00:00,long,buy,89150.2,,3244813072.92,-0.05,1522.68
2024-11-15 15:20:00+00:00,long,sell - stop_loss,89150.2,88258.69799999999,3210742535.65,-1.05,1521.63
2024-11-15 16:00:00+00:00,long,buy,88485.5,,3209137164.38,-0.05,1521.58
2024-11-15 20:18:00+00:00,long,sell - take_profit,88485.5,91140.065,3303806710.73,2.95,1524.53
2024-11-15 21:00:00+00:00,long,buy,91479.3,,3302154807.38,-0.05,1524.48
2024-11-16 12:14:00+00:00,long,sell - stop_loss,91479.3,90564.507,3267482181.9,-1.05,1523.43
2024-11-16 13:00:00+00:00,short,buy,90948.6,,3265848440.81,-0.05,1523.38
2024-11-16 14:00:00+00:00,short,sell - direction_change,90948.6,90812.5,3269102694.32,0.1,1523.48
2024-11-16 14:00:00+00:00,long,buy,90812.5,,3267468142.98,-0.05,1523.43
2024-11-16 15:00:00+00:00,long,sell - direction_change,90812.5,91031.5,3273714111.85,0.19,1523.62
2024-11-16 15:00:00+00:00,short,buy,91031.5,,3272077254.79,-0.05,1523.57
2024-11-16 18:00:00+00:00,short,sell - direction_change,91031.5,90967.1,3272756038.78,0.02,1523.6
2024-11-16 18:00:00+00:00,long,buy,90967.1,,3271119660.76,-0.05,1523.55
2024-11-16 20:00:00+00:00,long,sell - direction_change,90967.1,91176.9,3277028376.88,0.18,1523.73
2024-11-16 20:00:00+00:00,short,buy,91176.9,,3275389862.69,-0.05,1523.68
2024-11-17 08:00:00+00:00,short,sell - direction_change,91176.9,90600.0,3294476412.74,0.58,1524.26
2024-11-17 08:00:00+00:00,long,buy,90600.0,,3292829174.53,-0.05,1524.21
2024-11-17 13:00:00+00:00,long,sell - direction_change,90600.0,91138.3,3310747108.12,0.54,1524.75
2024-11-17 13:00:00+00:00,short,buy,91138.3,,3309091734.57,-0.05,1524.7
2024-11-18 01:00:00+00:00,short,sell - direction_change,91138.3,89988.9,3349170137.85,1.21,1525.91
2024-11-18 01:00:00+00:00,long,buy,89988.9,,3347495552.78,-0.05,1525.86
2024-11-18 11:00:00+00:00,long,sell - direction_change,89988.9,91862.0,3415499219.88,2.03,1527.9
2024-11-18 11:00:00+00:00,short,buy,91862.0,,3413791470.27,-0.05,1527.85
2024-11-18 12:00:00+00:00,short,sell - direction_change,91862.0,90338.7,3468693711.58,1.61,1529.45
2024-11-18 12:00:00+00:00,long,buy,90338.7,,3466959364.72,-0.05,1529.4
2024-11-18 13:00:00+00:00,long,sell - direction_change,90338.7,90571.5,3474160130.72,0.21,1529.61
2024-11-18 13:00:00+00:00,short,buy,90571.5,,3472423050.65,-0.05,1529.56
2024-11-18 15:00:00+00:00,short,sell - direction_change,90571.5,90366.9,3478531003.75,0.18,1529.74
2024-11-18 15:00:00+00:00,long,buy,90366.9,,3476791738.25,-0.05,1529.69
2024-11-18 18:00:00+00:00,long,sell - direction_change,90366.9,91648.4,3524357995.0,1.37,1531.06
2024-11-18 18:00:00+00:00,short,buy,91648.4,,3522595816.0,-0.05,1531.01
2024-11-18 20:00:00+00:00,short,sell - direction_change,91648.4,90657.7,3558913040.74,1.03,1532.04
2024-11-18 20:00:00+00:00,long,buy,90657.7,,3557133584.22,-0.05,1531.99
2024-11-19 01:00:00+00:00,long,sell - direction_change,90657.7,91113.8,3573251000.09,0.45,1532.44
2024-11-19 01:00:00+00:00,short,buy,91113.8,,3571464374.59,-0.05,1532.39
2024-11-19 02:00:00+00:00,short,sell - direction_change,91113.8,90777.9,3582845197.67,0.32,1532.71
2024-11-19 02:00:00+00:00,long,buy,90777.9,,3581053775.07,-0.05,1532.66
2024-11-19 13:00:00+00:00,long,sell - direction_change,90777.9,92539.8,3648767595.02,1.89,1534.55
2024-11-19 13:00:00+00:00,short,buy,92539.8,,3646943211.22,-0.05,1534.5
2024-11-19 14:00:00+00:00,short,sell - direction_change,92539.8,91175.0,3698905765.68,1.42,1535.92
2024-11-19 14:00:00+00:00,long,buy,91175.0,,3697056312.8,-0.05,1535.87
2024-11-19 18:46:00+00:00,long,sell - take_profit,91175.0,93910.25,3806119474.02,2.95,1538.82
2024-11-19 19:00:00+00:00,long,buy,93692.3,,3804216414.29,-0.05,1538.77
2024-11-19 20:47:00+00:00,long,sell - stop_loss,93692.3,92755.37700000001,3764272141.94,-1.05,1537.72
2024-11-19 21:00:00+00:00,long,buy,92498.0,,3762390005.87,-0.05,1537.67
2024-11-19 22:32:00+00:00,long,sell - stop_loss,92498.0,91573.02,3722884910.8,-1.05,1536.62
2024-11-19 23:00:00+00:00,long,buy,91857.9,,3721023468.35,-0.05,1536.57
2024-11-20 01:00:00+00:00,long,sell - direction_change,91857.9,92070.4,3727771007.6,0.18,1536.76
2024-11-20 01:00:00+00:00,short,buy,92070.4,,3725907122.1,-0.05,1536.71
2024-11-20 05:00:00+00:00,short,sell - direction_change,92070.4,92139.0,3721268062.12,-0.12,1536.58
2024-11-20 05:00:00+00:00,long,buy,92139.0,,3719407428.09,-0.05,1536.53
2024-11-21 00:41:00+00:00,long,sell - take_profit,92139.0,94903.17,3829129947.22,2.95,1539.48
2024-11-21 01:00:00+00:00,long,buy,94708.0,,3827215382.24,-0.05,1539.43
2024-11-21 04:56:00+00:00,long,sell - take_profit,94708.0,97549.24,3940118236.02,2.95,1542.38
2024-11-21 05:00:00+00:00,long,buy,97591.2,,3938148176.9,-0.05,1542.33
2024-11-21 14:39:00+00:00,long,sell - stop_loss,97591.2,96615.288,3896797621.04,-1.05,1541.28
2024-11-21 15:00:00+00:00,long,buy,97068.3,,3894849222.23,-0.05,1541.23
2024-11-21 15:34:00+00:00,long,sell - stop_loss,97068.3,96097.617,3853953305.4,-1.05,1540.18
2024-11-21 16:00:00+00:00,long,buy,96684.1,,3852026328.75,-0.05,1540.13
2024-11-22 13:00:00+00:00,long,sell - direction_change,96684.1,98680.5,3929639612.77,2.01,1542.15
2024-11-22 13:00:00+00:00,short,buy,98680.5,,3927674792.96,-0.05,1542.1
2024-11-22 15:00:00+00:00,short,sell - direction_change,98680.5,97370.4,3977855469.89,1.28,1543.37
2024-11-22 15:00:00+00:00,long,buy,97370.4,,3975866542.16,-0.05,1543.32
2024-11-22 22:00:00+00:00,long,sell - direction_change,97370.4,99289.3,4052231889.84,1.92,1545.24
2024-11-22 22:00:00+00:00,short,buy,99289.3,,4050205773.89,-0.05,1545.19
2024-11-22 23:00:00+00:00,short,sell - direction_change,99289.3,98630.2,4075066655.96,0.61,1545.81
2024-11-22 23:00:00+00:00,long,buy,98630.2,,4073029122.63,-0.05,1545.76
2024-11-23 01:00:00+00:00,long,sell - direction_change,98630.2,98663.3,4072359504.46,-0.02,1545.74
2024-11-23 01:00:00+00:00,short,buy,98663.3,,4070323324.7,-0.05,1545.69
2024-11-23 03:00:00+00:00,short,sell - direction_change,98663.3,98528.5,4073849294.53,0.09,1545.78
2024-11-23 03:00:00+00:00,long,buy,98528.5,,4071812369.88,-0.05,1545.73
2024-11-23 04:00:00+00:00,long,sell - direction_change,98528.5,98702.6,4076971361.96,0.13,1545.85
2024-11-23 04:00:00+00:00,short,buy,98702.6,,4074932876.28,-0.05,1545.8
2024-11-23 14:00:00+00:00,short,sell - direction_change,98702.6,98587.9,4077630794.73,0.07,1545.87
2024-11-23 14:00:00+00:00,long,buy,98587.9,,4075591979.33,-0.05,1545.82
2024-11-23 15:00:00+00:00,long,sell - direction_change,98587.9,98805.6,4082553831.11,0.17,1545.99
2024-11-23 15:00:00+00:00,short,buy,98805.6,,4080512554.19,-0.05,1545.94
2024-11-24 02:00:00+00:00,short,sell - direction_change,98805.6,98252.2,4101326828.91,0.51,1546.45
2024-11-24 02:00:00+00:00,long,buy,98252.2,,4099276165.5,-0.05,1546.4
2024-11-24 09:00:00+00:00,long,sell - direction_change,98252.2,98137.7,4092449360.89,-0.17,1546.24
2024-11-24 09:00:00+00:00,short,buy,98137.7,,4090403136.21,-0.05,1546.19
2024-11-24 22:00:00+00:00,short,sell - direction_change,98137.7,97037.7,4134206201.41,1.07,1547.26
2024-11-24 22:00:00+00:00,long,buy,97037.7,,4132139098.31,-0.05,1547.21
2024-11-25 13:00:00+00:00,long,sell - direction_change,97037.7,97981.6,4170266954.37,0.92,1548.13
2024-11-25 13:00:00+00:00,short,buy,97981.6,,4168181820.89,-0.05,1548.08
2024-11-25 15:11:00+00:00,short,sell - take_profit,97981.6,95042.152,4291143184.61,2.95,1551.03
2024-11-25 16:00:00+00:00,short,buy,96040.4,,4288997613.01,-0.05,1550.98
2024-11-25 22:35:00+00:00,short,sell - take_profit,96040.4,93159.188,4415523042.6,2.95,1553.93
2024-11-25 23:00:00+00:00,short,buy,94479.0,,4413315281.08,-0.05,1553.88
2024-11-26 06:00:00+00:00,short,sell - direction_change,94479.0,94713.8,4400140615.43,-0.3,1553.58
2024-11-26 06:00:00+00:00,long,buy,94713.8,,4397940545.13,-0.05,1553.53
2024-11-26 07:00:00+00:00,long,sell - direction_change,94713.8,94553.6,4388302848.13,-0.22,1553.31
2024-11-26 07:00:00+00:00,short,buy,94553.6,,4386108696.7,-0.05,1553.26
2024-11-26 09:00:00+00:00,short,sell - direction_change,94553.6,93221.6,4445703842.74,1.36,1554.62
2024-11-26 09:00:00+00:00,long,buy,93221.6,,4443480990.82,-0.05,1554.57
2024-11-26 10:00:00+00:00,long,sell - direction_change,93221.6,93614.5,4459987138.3,0.37,1554.94
2024-11-26 10:00:00+00:00,short,buy,93614.5,,4457757144.73,-0.05,1554.89
2024-11-26 16:00:00+00:00,short,sell - direction_change,93614.5,92877.4,4490627666.26,0.74,1555.63
2024-11-26 16:00:00+00:00,long,buy,92877.4,,4488382352.43,-0.05,1555.58
2024-11-26 18:00:00+00:00,long,sell - direction_change,92877.4,93636.7,4522832004.11,0.77,1556.35
2024-11-26 18:00:00+00:00,short,buy,93636.7,,4520570588.1,-0.05,1556.3
2024-11-27 01:00:00+00:00,short,sell - direction_change,93636.7,92012.2,4596737531.88,1.68,1557.98
2024-11-27 01:00:00+00:00,long,buy,92012.2,,4594439163.11,-0.05,1557.93
2024-11-27 14:37:00+00:00,long,sell - take_profit,92012.2,94772.566,4729975118.43,2.95,1560.88
2024-11-27 15:00:00+00:00,long,buy,94894.6,,4727610130.87,-0.05,1560.83
2024-11-28 05:00:00+00:00,long,sell - direction_change,94894.6,95796.2,4770163668.77,0.9,1561.73
2024-11-28 05:00:00+00:00,short,buy,95796.2,,4767778586.94,-0.05,1561.68
2024-11-28 06:00:00+00:00,short,sell - direction_change,95796.2,95513.5,4779464681.7,0.25,1561.93
2024-11-28 06:00:00+00:00,long,buy,95513.5,,4777074949.36,-0.05,1561.88
2024-11-28 09:00:00+00:00,long,sell - direction_change,95513.5,95522.9,4775156549.66,-0.04,1561.84
2024-11-28 09:00:00+00:00,short,buy,95522.9,,4772768971.38,-0.05,1561.79
2024-11-28 13:00:00+00:00,short,sell - direction_change,95522.9,95546.5,4769203420.98,-0.07,1561.71
2024-11-28 13:00:00+00:00,long,buy,95546.5,,4766818819.27,-0.05,1561.66
2024-11-28 14:00:00+00:00,long,sell - direction_change,95546.5,95773.4,4775755460.21,0.19,1561.85
2024-11-28 14:00:00+00:00,short,buy,95773.4,,4773367582.48,-0.05,1561.8
2024-11-28 22:00:00+00:00,short,sell - direction_change,95773.4,95193.3,4799893211.86,0.56,1562.35
2024-11-28 22:00:00+00:00,long,buy,95193.3,,4797493265.25,-0.05,1562.3
2024-11-29 14:55:00+00:00,long,sell - take_profit,95193.3,98049.099,4939019316.58,2.95,1565.25
2024-11-29 15:00:00+00:00,long,buy,98082.0,,4936549806.92,-0.05,1565.2
2024-11-29 17:20:00+00:00,long,sell - stop_loss,98082.0,97101.18,4884716033.95,-1.05,1564.15
2024-11-29 18:00:00+00:00,long,buy,97028.1,,4882273675.93,-0.05,1564.1
2024-11-30 00:00:00+00:00,long,sell - direction_change,97028.1,97516.2,4904392824.01,0.45,1564.56
2024-11-30 00:00:00+00:00,short,buy,97516.2,,4901940627.6,-0.05,1564.51
2024-11-30 16:00:00+00:00,short,sell - direction_change,97516.2,96707.4,4940146384.88,0.78,1565.29
2024-11-30 16:00:00+00:00,long,buy,96707.4,,4937676311.69,-0.05,1565.24
2024-11-30 21:00:00+00:00,long,sell - direction_change,96707.4,97042.1,4952296551.12,0.3,1565.53
2024-11-30 21:00:00+00:00,short,buy,97042.1,,4949820402.84,-0.05,1565.48
2024-12-01 08:00:00+00:00,short,sell - direction_change,97042.1,96525.4,4973700777.64,0.48,1565.97
2024-12-01 08:00:00+00:00,long,buy,96525.4,,4971213927.25,-0.05,1565.92
2024-12-02 03:00:00+00:00,long,sell - direction_change,96525.4,97730.6,5030798065.92,1.2,1567.11
2024-12-02 03:00:00+00:00,short,buy,97730.6,,5028282666.88,-0.05,1567.06
2024-12-02 15:00:00+00:00,short,sell - direction_change,97730.6,96374.2,5095555906.47,1.34,1568.4
2024-12-02 15:00:00+00:00,long,buy,96374.2,,5093008128.51,-0.05,1568.35
2024-12-02 17:00:00+00:00,long,sell - direction_change,96374.2,96224.6,5082555836.22,-0.21,1568.15
2024-12-02 17:00:00+00:00,short,buy,96224.6,,5080014558.3,-0.05,1568.1
2024-12-02 20:00:00+00:00,short,sell - direction_change,96224.6,95873.9,5095989162.73,0.31,1568.41
2024-12-02 20:00:00+00:00,long,buy,95873.9,,5093441168.15,-0.05,1568.36
2024-12-02 21:00:00+00:00,long,sell - direction_change,95873.9,95735.0,5083515181.9,-0.19,1568.17
2024-12-02 21:00:00+00:00,short,buy,95735.0,,5080973424.31,-0.05,1568.12
2024-12-02 23:00:00+00:00,short,sell - direction_change,95735.0,95434.3,5094392082.2,0.26,1568.38
2024-12-02 23:00:00+00:00,long,buy,95434.3,,5091844886.16,-0.05,1568.33
2024-12-03 00:00:00+00:00,long,sell - direction_change,95434.3,95890.6,5113644600.68,0.43,1568.76
2024-12-03 00:00:00+00:00,short,buy,95890.6,,5111087778.38,-0.05,1568.71
2024-12-03 02:00:00+00:00,short,sell - direction_change,95890.6,95591.5,5124474635.04,0.26,1568.97
2024-12-03 02:00:00+00:00,long,buy,95591.5,,5121912397.73,-0.05,1568.92
2024-12-03 06:00:00+00:00,long,sell - direction_change,95591.5,96215.3,5152775427.49,0.6,1569.52
2024-12-03 06:00:00+00:00,short,buy,96215.3,,5150199039.77,-0.05,1569.47
2024-12-03 15:00:00+00:00,short,sell - direction_change,96215.3,95298.7,5196687576.08,0.9,1570.38
2024-12-03 15:00:00+00:00,long,buy,95298.7,,5194089232.29,-0.05,1570.33
2024-12-03 16:00:00+00:00,long,sell - direction_change,95298.7,95744.7,5215800638.86,0.42,1570.74
2024-12-03 16:00:00+00:00,short,buy,95744.7,,5213192738.54,-0.05,1570.69
2024-12-03 17:00:00+00:00,short,sell - direction_change,95744.7,95175.3,5241589340.74,0.54,1571.24
2024-12-03 17:00:00+00:00,long,buy,95175.3,,5238968546.07,-0.05,1571.19
2024-12-04 13:00:00+00:00,long,sell - direction_change,95175.3,96037.9,5283831279.0,0.86,1572.05
2024-12-04 13:00:00+00:00,short,buy,96037.9,,5281189363.37,-0.05,1572.0
2024-12-04 18:00:00+00:00,short,sell - direction_change,96037.9,95609.7,5302095777.58,0.4,1572.39
2024-12-04 18:00:00+00:00,long,buy,95609.7,,5299444729.69,-0.05,1572.34
2024-12-04 20:17:00+00:00,long,sell - take_profit,95609.7,98477.991,5455778349.21,2.95,1575.29
2024-12-04 21:00:00+00:00,long,buy,98803.5,,5453050460.04,-0.05,1575.24
2024-12-04 21:47:00+00:00,long,sell - stop_loss,98803.5,97815.465,5395793430.21,-1.05,1574.19
2024-12-04 22:00:00+00:00,long,buy,97779.4,,5393095533.49,-0.05,1574.14
2024-12-05 02:33:00+00:00,long,sell - take_profit,97779.4,100712.78199999999,5552191851.73,2.95,1577.09
2024-12-05 03:00:00+00:00,long,buy,101540.7,,5549415755.81,-0.05,1577.04
2024-12-05 03:08:00+00:00,long,sell - take_profit,101540.7,104586.921,5713123520.6,2.95,1579.99
2024-12-05 04:00:00+00:00,long,buy,103084.7,,5710266958.84,-0.05,1579.94
2024-12-05 05:46:00+00:00,long,sell - stop_loss,103084.7,102053.853,5650309155.77,-1.05,1578.89
2024-12-05 06:00:00+00:00,long,buy,102591.7,,5647484001.2,-0.05,1578.84
2024-12-05 06:21:00+00:00,long,sell - stop_loss,102591.7,101565.783,5588185419.18,-1.05,1577.79
2024-12-05 07:00:00+00:00,long,buy,101960.8,,5585391326.47,-0.05,1577.74
2024-12-05 15:00:00+00:00,long,sell - direction_change,101960.8,103600.0,5672393664.42,1.56,1579.3
2024-12-05 15:00:00+00:00,short,buy,103600.0,,5669557467.58,-0.05,1579.25
2024-12-05 17:00:00+00:00,short,sell - direction_change,103600.0,101113.9,5802775650.43,2.35,1581.6
2024-12-05 17:00:00+00:00,long,buy,101113.9,,5799874262.61,-0.05,1581.55
2024-12-05 18:00:00+00:00,long,sell - direction_change,101113.9,101346.7,5810327689.64,0.18,1581.73
2024-12-05 18:00:00+00:00,short,buy,101346.7,,5807422525.79,-0.05,1581.68
2024-12-05 20:04:00+00:00,short,sell - take_profit,101346.7,98306.299,5978741490.3,2.95,1584.63
2024-12-05 21:00:00+00:00,short,buy,99130.3,,5975752119.56,-0.05,1584.58
2024-12-05 22:28:00+00:00,short,sell - take_profit,99130.3,96156.391,6152036807.09,2.95,1587.53
2024-12-05 23:00:00+00:00,short,buy,96616.6,,6148960788.68,-0.05,1587.48
2024-12-06 00:41:00+00:00,short,sell - stop_loss,96616.6,97582.766,6084396700.4,-1.05,1586.43
2024-12-06 01:00:00+00:00,short,buy,97614.6,,6081354502.05,-0.05,1586.38
2024-12-06 01:46:00+00:00,short,sell - stop_loss,97614.6,98590.74600000001,6017500279.78,-1.05,1585.33
2024-12-06 02:00:00+00:00,short,buy,98175.0,,6014491529.64,-0.05,1585.28
2024-12-06 08:00:00+00:00,short,sell - direction_change,98175.0,98209.7,6009358459.01,-0.09,1585.19
2024-12-06 08:00:00+00:00,long,buy,98209.7,,6006353779.78,-0.05,1585.14
2024-12-06 17:50:00+00:00,long,sell - take_profit,98209.7,101155.991,6183541216.28,2.95,1588.09
2024-12-06 18:00:00+00:00,long,buy,100915.1,,6180449445.68,-0.05,1588.04
2024-12-06 23:21:00+00:00,long,sell - stop_loss,100915.1,99905.94900000001,6115554726.5,-1.05,1586.99
2024-12-07 00:00:00+00:00,long,buy,99802.5,,6112496949.13,-0.05,1586.94
2024-12-07 03:00:00+00:00,long,sell - direction_change,99802.5,100008.0,6122026739.32,0.16,1587.1
2024-12-07 03:00:00+00:00,short,buy,100008.0,,6118965725.95,-0.05,1587.05
2024-12-07 04:00:00+00:00,short,sell - direction_change,100008.0,99383.0,6154146719.63,0.57,1587.62
2024-12-07 04:00:00+00:00,long,buy,99383.0,,6151069646.27,-0.05,1587.57
2024-12-07 05:00:00+00:00,long,sell - direction_change,99383.0,99570.7,6159611347.52,0.14,1587.71
2024-12-07 05:00:00+00:00,short,buy,99570.7,,6156531541.85,-0.05,1587.66
2024-12-07 15:00:00+00:00,short,sell - direction_change,99570.7,99527.8,6156105815.46,-0.01,1587.66
2024-12-07 15:00:00+00:00,long,buy,99527.8,,6153027762.55,-0.05,1587.61
2024-12-07 16:00:00+00:00,long,sell - direction_change,99527.8,99811.5,6167490207.4,0.24,1587.84
2024-12-07 16:00:00+00:00,short,buy,99811.5,,6164406462.29,-0.05,1587.79
2024-12-07 17:00:00+00:00,short,sell - direction_change,99811.5,99700.0,6168210552.93,0.06,1587.85
2024-12-07 17:00:00+00:00,long,buy,99700.0,,6165126447.65,-0.05,1587.8
2024-12-08 04:00:00+00:00,long,sell - direction_change,99700.0,99996.7,6180390855.51,0.25,1588.05
2024-12-08 04:00:00+00:00,short,buy,99996.7,,6177300660.09,-0.05,1588.0
2024-12-08 12:00:00+00:00,short,sell - direction_change,99996.7,99755.2,6189130683.17,0.19,1588.19
2024-12-08 12:00:00+00:00,long,buy,99755.2,,6186036117.82,-0.05,1588.14
2024-12-08 14:00:00+00:00,long,sell - direction_change,99755.2,100479.9,6227883317.16,0.68,1588.82
2024-12-08 14:00:00+00:00,short,buy,100479.9,,6224769375.51,-0.05,1588.77
2024-12-08 15:00:00+00:00,short,sell - direction_change,100479.9,99802.6,6263615992.55,0.62,1589.39
2024-12-08 15:00:00+00:00,long,buy,99802.6,,6260484184.55,-0.05,1589.34
2024-12-09 00:00:00+00:00,long,sell - direction_change,99802.6,101200.1,6345017256.32,1.35,1590.69
2024-12-09 00:00:00+00:00,short,buy,101200.1,,6341844747.69,-0.05,1590.64
2024-12-09 11:40:00+00:00,short,sell - take_profit,101200.1,98164.09700000001,6528929167.75,2.95,1593.59
2024-12-09 12:00:00+00:00,short,buy,98157.5,,6525664703.17,-0.05,1593.54
2024-12-09 13:28:00+00:00,short,sell - stop_loss,98157.5,99139.075,6457145223.78,-1.05,1592.49
2024-12-09 14:00:00+00:00,long,buy,99063.5,,6453916651.17,-0.05,1592.44
2024-12-09 15:00:00+00:00,long,sell - direction_change,99063.5,100207.4,6525213965.23,1.1,1593.55
2024-12-09 15:00:00+00:00,short,buy,100207.4,,6521951358.25,-0.05,1593.5
2024-12-09 19:41:00+00:00,short,sell - take_profit,100207.4,97201.17799999999,6714348923.31,2.95,1596.45
2024-12-09 20:00:00+00:00,short,buy,97126.8,,6710991748.85,-0.05,1596.4
2024-12-09 21:05:00+00:00,short,sell - take_profit,97126.8,94212.996,6908966005.44,2.95,1599.35
2024-12-09 22:00:00+00:00,short,buy,96952.8,,6905511522.44,-0.05,1599.3
2024-12-10 00:34:00+00:00,short,sell - stop_loss,96952.8,97922.32800000001,6833003651.46,-1.05,1598.25
2024-12-10 01:00:00+00:00,long,buy,97911.9,,6829587149.63,-0.05,1598.2
2024-12-10 02:00:00+00:00,long,sell - direction_change,97911.9,97977.2,6830727185.86,0.02,1598.21
2024-12-10 02:00:00+00:00,short,buy,97977.2,,6827311822.27,-0.05,1598.16
2024-12-10 06:00:00+00:00,short,sell - direction_change,97977.2,96983.0,6893176665.99,0.96,1599.13
2024-12-10 06:00:00+00:00,long,buy,96983.0,,6889730077.65,-0.05,1599.08
2024-12-10 15:00:00+00:00,long,sell - direction_change,96983.0,97837.8,6947010713.69,0.83,1599.91
2024-12-10 15:00:00+00:00,short,buy,97837.8,,6943537208.33,-0.05,1599.86
2024-12-10 16:38:00+00:00,short,sell - take_profit,97837.8,94902.666,7148371555.98,2.95,1602.81
2024-12-10 17:00:00+00:00,short,buy,96358.0,,7144797370.2,-0.05,1602.76
2024-12-10 21:00:00+00:00,short,sell - direction_change,96358.0,96437.6,7135322754.05,-0.13,1602.63
2024-12-10 21:00:00+00:00,long,buy,96437.6,,7131755092.67,-0.05,1602.58
2024-12-11 00:00:00+00:00,long,sell - direction_change,96437.6,96602.3,7140369112.42,0.12,1602.7
2024-12-11 00:00:00+00:00,short,buy,96602.3,,7136798927.87,-0.05,1602.65
2024-12-11 02:00:00+00:00,short,sell - direction_change,96602.3,95755.5,7195790543.35,0.83,1603.47
2024-12-11 02:00:00+00:00,long,buy,95755.5,,7192192648.08,-0.05,1603.42
2024-12-11 13:30:00+00:00,long,sell - take_profit,95755.5,98628.16500000001,7404362331.2,2.95,1606.37
2024-12-11 14:00:00+00:00,long,buy,98724.9,,7400660150.03,-0.05,1606.32
2024-12-11 22:03:00+00:00,long,sell - take_profit,98724.9,101686.647,7618979624.46,2.95,1609.27
2024-12-11 23:00:00+00:00,long,buy,101188.1,,7615170134.65,-0.05,1609.22
2024-12-12 09:00:00+00:00,long,sell - direction_change,101188.1,100977.2,7595490728.87,-0.26,1608.97
2024-12-12 09:00:00+00:00,short,buy,100977.2,,7591692983.5,-0.05,1608.92
2024-12-12 13:00:00+00:00,short,sell - direction_change,100977.2,100811.5,7600354835.65,0.11,1609.03
2024-12-12 13:00:00+00:00,long,buy,100811.5,,7596554658.23,-0.05,1608.98
2024-12-12 19:00:00+00:00,long,sell - direction_change,100811.5,100833.8,7594436776.19,-0.03,1608.95
2024-12-12 19:00:00+00:00,short,buy,100833.8,,7590639557.8,-0.05,1608.9
2024-12-13 10:00:00+00:00,short,sell - direction_change,100833.8,100071.1,7644259318.98,0.71,1609.61
2024-12-13 10:00:00+00:00,long,buy,100071.1,,7640437189.32,-0.05,1609.56
2024-12-13 15:00:00+00:00,long,sell - direction_change,100071.1,101000.0,7707538566.52,0.88,1610.44
2024-12-13 15:00:00+00:00,short,buy,101000.0,,7703684797.24,-0.05,1610.39
2024-12-13 16:00:00+00:00,short,sell - direction_change,101000.0,99831.0,7788997385.81,1.11,1611.49
2024-12-13 16:00:00+00:00,long,buy,99831.0,,7785102887.12,-0.05,1611.44
2024-12-14 12:00:00+00:00,long,sell - direction_change,99831.0,101562.6,7916245386.51,1.68,1613.13
2024-12-14 12:00:00+00:00,short,buy,101562.6,,7912287263.81,-0.05,1613.08
2024-12-14 23:00:00+00:00,short,sell - direction_change,101562.6,101095.2,7944744160.68,0.41,1613.49
2024-12-14 23:00:00+00:00,long,buy,101095.2,,7940771788.6,-0.05,1613.44
2024-12-15 23:20:00+00:00,long,sell - take_profit,101095.2,104128.056,8175024556.36,2.95,1616.39
2024-12-16 00:00:00+00:00,long,buy,104460.5,,8170937044.09,-0.05,1616.34
2024-12-16 11:00:00+00:00,long,sell - direction_change,104460.5,104660.5,8182495645.89,0.14,1616.48
2024-12-16 11:00:00+00:00,short,buy,104660.5,,8178404398.07,-0.05,1616.43
2024-12-16 14:00:00+00:00,short,sell - direction_change,104660.5,103859.6,8236899304.32,0.72,1617.15
2024-12-16 14:00:00+00:00,long,buy,103859.6,,8232780854.67,-0.05,1617.1
2024-12-16 16:37:00+00:00,long,sell - take_profit,103859.6,106975.388,8475647889.88,2.95,1620.05
2024-12-16 17:00:00+00:00,long,buy,106769.0,,8471410065.94,-0.05,1620.0
2024-12-16 21:05:00+00:00,long,sell - stop_loss,106769.0,105701.31,8382460260.25,-1.05,1618.95
2024-12-16 22:00:00+00:00,long,buy,106011.8,,8378269030.12,-0.05,1618.9
2024-12-17 19:00:00+00:00,long,sell - direction_change,106011.8,106527.0,8414796912.05,0.44,1619.33
2024-12-17 19:00:00+00:00,short,buy,106527.0,,8410589513.59,-0.05,1619.28
2024-12-17 21:00:00+00:00,short,sell - direction_change,106527.0,106683.2,8394051814.07,-0.2,1619.09
2024-12-17 21:00:00+00:00,long,buy,106683.2,,8389854788.17,-0.05,1619.04
2024-12-17 22:00:00+00:00,long,sell - direction_change,106683.2,106369.0,8360950324.74,-0.34,1618.69
2024-12-17 22:00:00+00:00,short,buy,106369.0,,8356769849.58,-0.05,1618.64
2024-12-18 06:47:00+00:00,short,sell - take_profit,106369.0,103177.93,8603294560.14,2.95,1621.59
2024-12-18 07:00:00+00:00,short,buy,103751.3,,8598992912.86,-0.05,1621.54
2024-12-18 11:00:00+00:00,short,sell - direction_change,103751.3,104499.1,8532715138.54,-0.77,1620.77
2024-12-18 11:00:00+00:00,long,buy,104499.1,,8528448780.97,-0.05,1620.72
2024-12-18 13:00:00+00:00,long,sell - direction_change,104499.1,104883.2,8555531976.58,0.32,1621.04
2024-12-18 13:00:00+00:00,short,buy,104883.2,,8551254210.59,-0.05,1620.99
2024-12-18 14:00:00+00:00,short,sell - direction_change,104883.2,104554.5,8573777892.23,0.26,1621.25
2024-12-18 14:00:00+00:00,long,buy,104554.5,,8569491003.28,-0.05,1621.2
2024-12-18 16:00:00+00:00,long,sell - direction_change,104554.5,104395.2,8552149718.68,-0.2,1621.0
2024-12-18 16:00:00+00:00,short,buy,104395.2,,8547873643.83,-0.05,1620.95
2024-12-18 17:00:00+00:00,short,sell - direction_change,104395.2,104154.2,8563332774.69,0.18,1621.13
2024-12-18 17:00:00+00:00,long,buy,104154.2,,8559051108.31,-0.05,1621.08
2024-12-18 19:00:00+00:00,long,sell - direction_change,104154.2,104771.7,8605515710.78,0.54,1621.62
2024-12-18 19:00:00+00:00,short,buy,104771.7,,8601212952.92,-0.05,1621.57
2024-12-18 20:07:00+00:00,short,sell - take_profit,104771.7,101628.549,8854948735.04,2.95,1624.52
2024-12-18 21:00:00+00:00,short,buy,100839.3,,8850521260.67,-0.05,1624.47
2024-12-19 07:00:00+00:00,short,sell - direction_change,100839.3,101159.7,8817974949.89,-0.37,1624.1
2024-12-19 07:00:00+00:00,long,buy,101159.7,,8813565962.42,-0.05,1624.05
2024-12-19 15:00:00+00:00,long,sell - direction_change,101159.7,100908.1,8787238462.03,-0.3,1623.76
2024-12-19 15:00:00+00:00,short,buy,100908.1,,8782844842.8,-0.05,1623.71
2024-12-19 17:54:00+00:00,short,sell - take_profit,100908.1,97880.857,9041938765.67,2.95,1626.66
2024-12-19 18:00:00+00:00,short,buy,98810.8,,9037417796.28,-0.05,1626.61
2024-12-19 20:11:00+00:00,short,sell - take_profit,98810.8,95846.476,9304021621.27,2.95,1629.56
2024-12-19 21:00:00+00:00,short,buy,96409.7,,9299369610.46,-0.05,1629.51
2024-12-19 21:17:00+00:00,short,sell - stop_loss,96409.7,97373.79699999999,9201726229.55,-1.05,1628.46
2024-12-19 22:00:00+00:00,short,buy,97393.2,,9197125366.44,-0.05,1628.41
2024-12-19 22:56:00+00:00,short,sell - stop_loss,97393.2,98367.132,9100555550.09,-1.05,1627.36
2024-12-19 23:00:00+00:00,short,buy,98331.9,,9096005272.32,-0.05,1627.31
2024-12-20 06:00:00+00:00,short,sell - direction_change,98331.9,96715.3,9240997776.1,1.59,1628.9
2024-12-20 06:00:00+00:00,long,buy,96715.3,,9236377277.21,-0.05,1628.85
2024-12-20 08:00:00+00:00,long,sell - direction_change,96715.3,97826.1,9337841248.06,1.1,1629.95
2024-12-20 08:00:00+00:00,short,buy,97826.1,,9333172327.44,-0.05,1629.9
2024-12-20 09:48:00+00:00,short,sell - take_profit,97826.1,94891.31700000001,9608500911.1,2.95,1632.85
2024-12-20 10:00:00+00:00,short,buy,94812.1,,9603696660.64,-0.05,1632.8
2024-12-20 13:48:00+00:00,short,sell - stop_loss,94812.1,95760.221,9502857845.7,-1.05,1631.75
2024-12-20 14:00:00+00:00,short,buy,95188.0,,9498106416.78,-0.05,1631.7
2024-12-20 14:39:00+00:00,short,sell - stop_loss,95188.0,96139.88,9398376299.4,-1.05,1630.65
2024-12-20 15:00:00+00:00,long,buy,95606.1,,9393677111.25,-0.05,1630.6
2024-12-21 05:55:00+00:00,long,sell - take_profit,95606.1,98474.28300000001,9670790586.04,2.95,1633.55
2024-12-21 06:00:00+00:00,long,buy,98644.0,,9665955190.74,-0.05,1633.5
2024-12-21 12:00:00+00:00,long,sell - direction_change,98644.0,98225.4,9620104322.12,-0.47,1633.02
2024-12-21 12:00:00+00:00,short,buy,98225.4,,9615294269.96,-0.05,1632.97
2024-12-21 13:00:00+00:00,short,sell - direction_change,98225.4,97109.8,9719692818.85,1.09,1634.06
2024-12-21 13:00:00+00:00,long,buy,97109.8,,9714832972.44,-0.05,1634.01
2024-12-21 18:00:00+00:00,long,sell - direction_change,97109.8,97563.4,9755353553.2,0.42,1634.43
2024-12-21 18:00:00+00:00,short,buy,97563.4,,9750475876.42,-0.05,1634.38
2024-12-22 11:00:00+00:00,short,sell - direction_change,97563.4,96970.0,9804904971.72,0.56,1634.94
2024-12-22 11:00:00+00:00,long,buy,96970.0,,9800002519.23,-0.05,1634.89
2024-12-22 14:00:00+00:00,long,sell - direction_change,96970.0,96943.6,9792434475.62,-0.08,1634.81
2024-12-22 14:00:00+00:00,short,buy,96943.6,,9787538258.38,-0.05,1634.76
2024-12-23 01:17:00+00:00,short,sell - take_profit,96943.6,94035.292,10076270637.01,2.95,1637.71
2024-12-23 02:00:00+00:00,short,buy,94431.0,,10071232501.69,-0.05,1637.66
2024-12-23 03:00:00+00:00,short,sell - direction_change,94431.0,94684.9,10039118003.16,-0.32,1637.34
2024-12-23 03:00:00+00:00,long,buy,94684.9,,10034098444.16,-0.05,1637.29
2024-12-23 06:00:00+00:00,long,sell - direction_change,94684.9,95572.8,10123175342.43,0.89,1638.18
2024-12-23 06:00:00+00:00,short,buy,95572.8,,10118113754.75,-0.05,1638.13
2024-12-23 07:00:00+00:00,short,sell - direction_change,95572.8,94783.7,10196595240.42,0.78,1638.9
2024-12-23 07:00:00+00:00,long,buy,94783.7,,10191496942.8,-0.05,1638.85
2024-12-23 13:00:00+00:00,long,sell - direction_change,94783.7,96258.3,10344955686.2,1.51,1640.36
2024-12-23 13:00:00+00:00,short,buy,96258.3,,10339783208.36,-0.05,1640.31
2024-12-23 15:25:00+00:00,short,sell - take_profit,96258.3,93370.551,10644806813.01,2.95,1643.26
2024-12-23 16:00:00+00:00,short,buy,93217.7,,10639484409.6,-0.05,1643.21
2024-12-23 16:48:00+00:00,short,sell - stop_loss,93217.7,94149.877,10527769823.3,-1.05,1642.16
2024-12-23 17:00:00+00:00,short,buy,93950.0,,10522505938.39,-0.05,1642.11
2024-12-23 22:00:00+00:00,short,sell - direction_change,93950.0,93936.1,10518801501.09,-0.04,1642.07
2024-12-23 22:00:00+00:00,long,buy,93936.1,,10513542100.34,-0.05,1642.02
2024-12-24 02:00:00+00:00,long,sell - direction_change,93936.1,94104.5,10527133040.55,0.13,1642.15
2024-12-24 02:00:00+00:00,short,buy,94104.5,,10521869474.03,-0.05,1642.1
2024-12-24 03:00:00+00:00,short,sell - direction_change,94104.5,93931.5,10535951752.63,0.13,1642.24
2024-12-24 03:00:00+00:00,long,buy,93931.5,,10530683776.75,-0.05,1642.19
2024-12-24 09:00:00+00:00,long,sell - direction_change,93931.5,94467.1,10585464683.78,0.52,1642.71
2024-12-24 09:00:00+00:00,short,buy,94467.1,,10580171951.44,-0.05,1642.66
2024-12-24 11:00:00+00:00,short,sell - direction_change,94467.1,93943.6,10633513071.64,0.5,1643.16
2024-12-24 11:00:00+00:00,long,buy,93943.6,,10628196315.1,-0.05,1643.11
2024-12-24 14:27:00+00:00,long,sell - take_profit,93943.6,96761.90800000001,10941728106.4,2.95,1646.06
2024-12-24 15:00:00+00:00,long,buy,97410.2,,10936257242.35,-0.05,1646.01
2024-12-25 09:00:00+00:00,long,sell - direction_change,97410.2,98047.5,11002338876.9,0.6,1646.61
2024-12-25 09:00:00+00:00,short,buy,98047.5,,10996837707.46,-0.05,1646.56
2024-12-25 10:00:00+00:00,short,sell - direction_change,98047.5,98150.0,10979843066.21,-0.15,1646.41
2024-12-25 10:00:00+00:00,long,buy,98150.0,,10974353144.68,-0.05,1646.36
2024-12-25 11:00:00+00:00,long,sell - direction_change,98150.0,98405.0,10997378041.99,0.21,1646.57
2024-12-25 11:00:00+00:00,short,buy,98405.0,,10991879352.97,-0.05,1646.52
2024-12-25 12:00:00+00:00,short,sell - direction_change,98405.0,97888.4,11044087847.76,0.47,1647.0
2024-12-25 12:00:00+00:00,long,buy,97888.4,,11038565803.84,-0.05,1646.95
2024-12-26 04:00:00+00:00,long,sell - direction_change,97888.4,98957.7,11153628105.82,1.04,1647.99
2024-12-26 04:00:00+00:00,short,buy,98957.7,,11148051291.77,-0.05,1647.94
2024-12-26 08:26:00+00:00,short,sell - take_profit,98957.7,95988.969,11476918804.88,2.95,1650.89
2024-12-26 09:00:00+00:00,short,buy,95845.6,,11471180345.48,-0.05,1650.84
2024-12-26 22:00:00+00:00,short,sell - direction_change,95845.6,95787.2,11472434298.19,0.01,1650.85
2024-12-26 22:00:00+00:00,long,buy,95787.2,,11466698081.04,-0.05,1650.8
2024-12-26 23:00:00+00:00,long,sell - direction_change,95787.2,95790.8,11461395688.47,-0.05,1650.75
2024-12-26 23:00:00+00:00,short,buy,95790.8,,11455664990.63,-0.05,1650.7
2024-12-27 03:00:00+00:00,short,sell - direction_change,95790.8,96028.9,11421462671.7,-0.3,1650.4
2024-12-27 03:00:00+00:00,long,buy,96028.9,,11415751940.37,-0.05,1650.35
2024-12-27 07:00:00+00:00,long,sell - direction_change,96028.9,96565.6,11473846045.54,0.51,1650.86
2024-12-27 07:00:00+00:00,short,buy,96565.6,,11468109122.51,-0.05,1650.81
2024-12-27 09:00:00+00:00,short,sell - direction_change,96565.6,95697.8,11565434802.44,0.85,1651.66
2024-12-27 09:00:00+00:00,long,buy,95697.8,,11559652085.04,-0.05,1651.61
2024-12-27 14:00:00+00:00,long,sell - direction_change,95697.8,96385.1,11636893487.05,0.67,1652.28
2024-12-27 14:00:00+00:00,short,buy,96385.1,,11631075040.3,-0.05,1652.23
2024-12-27 17:23:00+00:00,short,sell - take_profit,96385.1,93493.547,11974191753.99,2.95,1655.18
2024-12-27 18:00:00+00:00,short,buy,94268.5,,11968204658.12,-0.05,1655.13
2024-12-28 03:00:00+00:00,short,sell - direction_change,94268.5,94295.6,11958779975.46,-0.08,1655.05
2024-12-28 03:00:00+00:00,long,buy,94295.6,,11952800585.48,-0.05,1655.0
2024-12-28 04:00:00+00:00,long,sell - direction_change,94295.6,94550.6,11979147688.61,0.22,1655.22
2024-12-28 04:00:00+00:00,short,buy,94550.6,,11973158114.76,-0.05,1655.17
2024-12-28 09:00:00+00:00,short,sell - direction_change,94550.6,94446.4,11980366619.35,0.06,1655.23
2024-12-28 09:00:00+00:00,long,buy,94446.4,,11974376436.04,-0.05,1655.18
2024-12-28 15:00:00+00:00,long,sell - direction_change,94446.4,94540.5,11980319705.97,0.05,1655.23
2024-12-28 15:00:00+00:00,short,buy,94540.5,,11974329546.12,-0.05,1655.18
2024-12-28 16:00:00+00:00,short,sell - direction_change,94540.5,94407.8,11985149924.47,0.09,1655.27
2024-12-28 16:00:00+00:00,long,buy,94407.8,,11979157349.51,-0.05,1655.22
2024-12-29 12:00:00+00:00,long,sell - direction_change,94407.8,94986.2,12046559425.03,0.56,1655.78
2024-12-29 12:00:00+00:00,short,buy,94986.2,,12040536145.31,-0.05,1655.73
2024-12-30 02:00:00+00:00,short,sell - direction_change,94986.2,93899.9,12172216242.29,1.09,1656.83
2024-12-30 02:00:00+00:00,long,buy,93899.9,,12166130134.17,-0.05,1656.78
2024-12-30 03:00:00+00:00,long,sell - direction_change,93899.9,93869.7,12156134209.45,-0.08,1656.7
2024-12-30 03:00:00+00:00,short,buy,93869.7,,12150056142.35,-0.05,1656.65
2024-12-30 06:00:00+00:00,short,sell - direction_change,93869.7,93540.0,12186655944.49,0.3,1656.95
2024-12-30 06:00:00+00:00,long,buy,93540.0,,12180562616.52,-0.05,1656.9
2024-12-30 13:00:00+00:00,long,sell - direction_change,93540.0,93720.9,12198028715.13,0.14,1657.04
2024-12-30 13:00:00+00:00,short,buy,93720.9,,12191929700.77,-0.05,1656.99
2024-12-30 17:00:00+00:00,short,sell - direction_change,93720.9,92085.5,12398579044.95,1.69,1658.69
2024-12-30 17:00:00+00:00,long,buy,92085.5,,12392379755.42,-0.05,1658.64
2024-12-30 20:17:00+00:00,long,sell - take_profit,92085.5,94848.065,12757954958.21,2.95,1661.59
2024-12-30 21:00:00+00:00,short,buy,94318.1,,12751575980.73,-0.05,1661.54
2024-12-31 08:00:00+00:00,short,sell - direction_change,94318.1,92819.5,12947807240.22,1.54,1663.07
2024-12-31 08:00:00+00:00,long,buy,92819.5,,12941333336.6,-0.05,1663.02
2024-12-31 13:28:00+00:00,long,sell - take_profit,92819.5,95604.085,13323102670.03,2.95,1665.97
2024-12-31 14:00:00+00:00,long,buy,95567.4,,13316441118.69,-0.05,1665.92
2024-12-31 16:32:00+00:00,long,sell - stop_loss,95567.4,94611.726,13176618486.94,-1.05,1664.87
2024-12-31 17:00:00+00:00,long,buy,94832.8,,13170030177.7,-0.05,1664.82
2024-12-31 17:35:00+00:00,long,sell - stop_loss,94832.8,93884.47200000001,13031744860.84,-1.05,1663.77
2024-12-31 18:00:00+00:00,long,buy,94082.8,,13025228988.4,-0.05,1663.72
2024-12-31 20:00:00+00:00,long,sell - direction_change,94082.8,94155.8,13028822809.05,0.03,1663.75
2024-12-31 20:00:00+00:00,short,buy,94155.8,,13022308397.65,-0.05,1663.7
2025-01-01 00:00:00+00:00,short,sell - direction_change,94155.8,93548.8,13099748961.74,0.59,1664.3
2025-01-01 00:00:00+00:00,long,buy,93548.8,,13093199087.26,-0.05,1664.25
2025-01-01 01:00:00+00:00,long,sell - direction_change,93548.8,94363.6,13200692845.44,0.82,1665.07
2025-01-01 01:00:00+00:00,short,buy,94363.6,,13194092499.02,-0.05,1665.02
2025-01-01 02:00:00+00:00,short,sell - direction_change,94363.6,93587.9,13295955256.67,0.77,1665.79
2025-01-01 02:00:00+00:00,long,buy,93587.9,,13289307279.04,-0.05,1665.74
2025-01-01 03:00:00+00:00,long,sell - direction_change,93587.9,94064.4,13350324736.83,0.46,1666.2
2025-01-01 03:00:00+00:00,short,buy,94064.4,,13343649574.46,-0.05,1666.15
2025-01-01 13:00:00+00:00,short,sell - direction_change,94064.4,93788.4,13376130152.53,0.24,1666.39
2025-01-01 13:00:00+00:00,long,buy,93788.4,,13369442087.45,-0.05,1666.34
2025-01-02 09:56:00+00:00,long,sell - take_profit,93788.4,96602.052,13763840629.03,2.95,1669.29
2025-01-02 10:00:00+00:00,long,buy,96721.9,,13756958708.72,-0.05,1669.24
2025-01-03 05:00:00+00:00,long,sell - direction_change,96721.9,96779.3,13758244351.76,0.01,1669.25
2025-01-03 05:00:00+00:00,short,buy,96779.3,,13751365229.58,-0.05,1669.2
2025-01-03 14:00:00+00:00,short,sell - direction_change,96779.3,96464.0,13789290506.02,0.28,1669.48
2025-01-03 14:00:00+00:00,long,buy,96464.0,,13782395860.77,-0.05,1669.43
2025-01-04 05:00:00+00:00,long,sell - direction_change,96464.0,97970.4,13990733153.52,1.51,1670.94
2025-01-04 05:00:00+00:00,short,buy,97970.4,,13983737786.94,-0.05,1670.89
2025-01-04 07:00:00+00:00,short,sell - direction_change,97970.4,98089.9,13959689167.58,-0.17,1670.72
2025-01-04 07:00:00+00:00,long,buy,98089.9,,13952709323.0,-0.05,1670.67
2025-01-04 08:00:00+00:00,long,sell - direction_change,98089.9,98244.2,13967681232.62,0.11,1670.77
2025-01-04 08:00:00+00:00,short,buy,98244.2,,13960697392.0,-0.05,1670.72
2025-01-04 14:00:00+00:00,short,sell - direction_change,98244.2,97924.3,13999175473.38,0.28,1671.0
2025-01-04 14:00:00+00:00,long,buy,97924.3,,13992175885.64,-0.05,1670.95
2025-01-04 15:00:00+00:00,long,sell - direction_change,97924.3,97992.0,13994853293.53,0.02,1670.97
2025-01-04 15:00:00+00:00,short,buy,97992.0,,13987855866.88,-0.05,1670.92
2025-01-04 20:00:00+00:00,short,sell - direction_change,97992.0,98120.4,13962533496.9,-0.18,1670.74
2025-01-04 20:00:00+00:00,long,buy,98120.4,,13955552230.15,-0.05,1670.69
2025-01-05 08:00:00+00:00,long,sell - direction_change,98120.4,98225.3,13963494261.02,0.06,1670.74
2025-01-05 08:00:00+00:00,short,buy,98225.3,,13956512513.88,-0.05,1670.69
2025-01-05 19:00:00+00:00,short,sell - direction_change,98225.3,97872.0,13999733502.34,0.31,1671.0
2025-01-05 19:00:00+00:00,long,buy,97872.0,,13992733635.58,-0.05,1670.95
2025-01-06 14:53:00+00:00,long,sell - take_profit,97872.0,100808.16,14405519277.83,2.95,1673.9
2025-01-06 15:00:00+00:00,long,buy,100702.0,,14398316518.19,-0.05,1673.85
2025-01-07 04:00:00+00:00,long,sell - direction_change,100702.0,101661.4,14528291843.74,0.9,1674.76
2025-01-07 04:00:00+00:00,short,buy,101661.4,,14521027697.81,-0.05,1674.71
2025-01-07 07:00:00+00:00,short,sell - direction_change,101661.4,101771.1,14498097945.31,-0.16,1674.55
2025-01-07 07:00:00+00:00,long,buy,101771.1,,14490848896.34,-0.05,1674.5
2025-01-07 09:00:00+00:00,long,sell - direction_change,101771.1,101862.1,14496560659.63,0.04,1674.54
2025-01-07 09:00:00+00:00,short,buy,101862.1,,14489312379.3,-0.05,1674.49
2025-01-07 15:07:00+00:00,short,sell - take_profit,101862.1,98806.23700000001,14916747094.49,2.95,1677.44
2025-01-07 16:00:00+00:00,short,buy,97915.4,,14909288720.95,-0.05,1677.39
2025-01-08 11:34:00+00:00,short,sell - take_profit,97915.4,94977.938,15349112738.21,2.95,1680.34
2025-01-08 12:00:00+00:00,short,buy,95093.8,,15341438181.84,-0.05,1680.29
2025-01-08 15:07:00+00:00,short,sell - stop_loss,95093.8,96044.738,15180353080.94,-1.05,1679.24
2025-01-08 16:00:00+00:00,short,buy,95449.9,,15172762904.39,-0.05,1679.19
2025-01-08 17:31:00+00:00,short,sell - take_profit,95449.9,92586.40299999999,15620359410.07,2.95,1682.14
2025-01-08 18:00:00+00:00,short,buy,93974.8,,15612549230.37,-0.05,1682.09
2025-01-08 18:27:00+00:00,short,sell - stop_loss,93974.8,94914.54800000001,15448617463.45,-1.05,1681.04
2025-01-08 19:00:00+00:00,short,buy,94206.1,,15440893154.72,-0.05,1680.99
2025-01-08 22:00:00+00:00,short,sell - direction_change,94206.1,94422.8,15397654397.26,-0.28,1680.71
2025-01-08 22:00:00+00:00,long,buy,94422.8,,15389955570.06,-0.05,1680.66
2025-01-09 02:12:00+00:00,long,sell - stop_loss,94422.8,93478.572,15228361036.58,-1.05,1679.61
2025-01-09 03:00:00+00:00,long,buy,94743.9,,15220746856.06,-0.05,1679.56
2025-01-09 04:15:00+00:00,long,sell - stop_loss,94743.9,93796.461,15060929014.07,-1.05,1678.51
2025-01-09 05:00:00+00:00,long,buy,94371.9,,15053398549.56,-0.05,1678.46
2025-01-09 07:00:00+00:00,long,sell - direction_change,94371.9,94060.9,14996263789.53,-0.38,1678.08
2025-01-09 07:00:00+00:00,short,buy,94060.9,,14988765657.64,-0.05,1678.03
2025-01-09 15:00:00+00:00,short,sell - direction_change,94060.9,92811.0,15180444982.43,1.28,1679.31
2025-01-09 15:00:00+00:00,long,buy,92811.0,,15172854759.94,-0.05,1679.26
2025-01-09 17:00:00+00:00,long,sell - direction_change,92811.0,94210.2,15394011244.29,1.46,1680.72
2025-01-09 17:00:00+00:00,short,buy,94210.2,,15386314238.66,-0.05,1680.67
2025-01-09 20:21:00+00:00,short,sell - take_profit,94210.2,91383.894,15840210508.7,2.95,1683.62
2025-01-09 21:00:00+00:00,short,buy,91856.7,,15832290403.45,-0.05,1683.57
2025-01-09 23:00:00+00:00,short,sell - direction_change,91856.7,92415.8,15728008576.0,-0.66,1682.91
2025-01-09 23:00:00+00:00,long,buy,92415.8,,15720144571.71,-0.05,1682.86
2025-01-10 00:00:00+00:00,long,sell - direction_change,92415.8,92506.0,15727627731.22,0.05,1682.9
2025-01-10 00:00:00+00:00,short,buy,92506.0,,15719763917.35,-0.05,1682.85
2025-01-10 01:00:00+00:00,short,sell - direction_change,92506.0,92725.9,15674535906.99,-0.29,1682.57
2025-01-10 01:00:00+00:00,long,buy,92725.9,,15666698639.04,-0.05,1682.52
2025-01-10 17:56:00+00:00,long,sell - take_profit,92725.9,95507.677,16128866248.89,2.95,1685.47
2025-01-10 18:00:00+00:00,long,buy,95759.2,,16120801815.77,-0.05,1685.42
2025-01-10 18:29:00+00:00,long,sell - stop_loss,95759.2,94801.608,15951533396.7,-1.05,1684.37
2025-01-10 19:00:00+00:00,long,buy,94820.9,,15943557630.0,-0.05,1684.32
2025-01-11 03:00:00+00:00,long,sell - direction_change,94820.9,94371.2,15859971531.29,-0.52,1683.79
2025-01-11 03:00:00+00:00,short,buy,94371.2,,15852041545.52,-0.05,1683.74
2025-01-11 11:00:00+00:00,short,sell - direction_change,94371.2,94443.6,15831954104.65,-0.13,1683.62
2025-01-11 11:00:00+00:00,long,buy,94443.6,,15824038127.6,-0.05,1683.57
2025-01-11 13:00:00+00:00,long,sell - direction_change,94443.6,94505.1,15826430441.97,0.02,1683.58
2025-01-11 13:00:00+00:00,short,buy,94505.1,,15818517226.75,-0.05,1683.53
2025-01-11 14:00:00+00:00,short,sell - direction_change,94505.1,94339.2,15838376755.3,0.13,1683.66
2025-01-11 14:00:00+00:00,long,buy,94339.2,,15830457566.92,-0.05,1683.61
2025-01-11 15:00:00+00:00,long,sell - direction_change,94339.2,94568.1,15860952582.63,0.19,1683.8
2025-01-11 15:00:00+00:00,short,buy,94568.1,,15853022106.34,-0.05,1683.75
2025-01-11 16:00:00+00:00,short,sell - direction_change,94568.1,94365.9,15878991603.24,0.16,1683.91
2025-01-11 16:00:00+00:00,long,buy,94365.9,,15871052107.44,-0.05,1683.86
2025-01-11 17:00:00+00:00,long,sell - direction_change,94365.9,94410.1,15870550416.1,-0.0,1683.86
2025-01-11 17:00:00+00:00,short,buy,94410.1,,15862615140.89,-0.05,1683.81
2025-01-11 20:00:00+00:00,short,sell - direction_change,94410.1,94206.5,15888892339.01,0.17,1683.98
2025-01-11 20:00:00+00:00,long,buy,94206.5,,15880947892.84,-0.05,1683.93
2025-01-12 00:00:00+00:00,long,sell - direction_change,94206.5,94562.4,15933003590.65,0.33,1684.25
2025-01-12 00:00:00+00:00,short,buy,94562.4,,15925037088.86,-0.05,1684.2
2025-01-12 01:00:00+00:00,short,sell - direction_change,94562.4,94411.3,15942520975.06,0.11,1684.31
2025-01-12 01:00:00+00:00,long,buy,94411.3,,15934549714.57,-0.05,1684.26
2025-01-12 06:00:00+00:00,long,sell - direction_change,94411.3,94517.5,15944506662.55,0.06,1684.33
2025-01-12 06:00:00+00:00,short,buy,94517.5,,15936534409.22,-0.05,1684.28
2025-01-12 13:00:00+00:00,short,sell - direction_change,94517.5,94292.1,15966570689.91,0.19,1684.46
2025-01-12 13:00:00+00:00,long,buy,94292.1,,15958587404.57,-0.05,1684.41
2025-01-12 21:00:00+00:00,long,sell - direction_change,94292.1,94655.9,16012179908.48,0.34,1684.75
2025-01-12 21:00:00+00:00,short,buy,94655.9,,16004173818.52,-0.05,1684.7
2025-01-13 00:00:00+00:00,short,sell - direction_change,94655.9,94499.9,16022547806.59,0.11,1684.81
2025-01-13 00:00:00+00:00,long,buy,94499.9,,16014536532.69,-0.05,1684.76
2025-01-13 01:00:00+00:00,long,sell - direction_change,94499.9,95274.7,16137831656.34,0.77,1685.53
2025-01-13 01:00:00+00:00,short,buy,95274.7,,16129762740.51,-0.05,1685.48
2025-01-13 10:16:00+00:00,short,sell - take_profit,95274.7,92416.45899999999,16605590741.36,2.95,1688.43
2025-01-13 11:00:00+00:00,short,buy,91607.3,,16597287945.98,-0.05,1688.38
2025-01-13 15:18:00+00:00,short,sell - stop_loss,91607.3,92523.373,16423016422.55,-1.05,1687.33
2025-01-13 16:00:00+00:00,short,buy,92093.7,,16414804914.34,-0.05,1687.28
2025-01-13 19:00:00+00:00,short,sell - direction_change,92093.7,92039.3,16416293781.96,0.01,1687.29
2025-01-13 19:00:00+00:00,long,buy,92039.3,,16408085635.07,-0.05,1687.24
2025-01-14 00:23:00+00:00,long,sell - take_profit,92039.3,94800.479,16892124161.3,2.95,1690.19
2025-01-14 01:00:00+00:00,long,buy,94439.3,,16883678099.22,-0.05,1690.14
2025-01-14 09:51:00+00:00,long,sell - take_profit,94439.3,97272.479,17381746603.15,2.95,1693.09
2025-01-14 10:00:00+00:00,long,buy,97129.9,,17373055729.85,-0.05,1693.04
2025-01-14 12:20:00+00:00,long,sell - stop_loss,97129.9,96158.601,17190638644.68,-1.05,1691.99
2025-01-14 13:00:00+00:00,long,buy,95953.5,,17182043325.36,-0.05,1691.94
2025-01-15 11:00:00+00:00,long,sell - direction_change,95953.5,96889.0,17340968877.15,0.92,1692.87
2025-01-15 11:00:00+00:00,short,buy,96889.0,,17332298392.71,-0.05,1692.82
2025-01-15 12:00:00+00:00,short,sell - direction_change,96889.0,96725.5,17352880463.51,0.12,1692.94
2025-01-15 12:00:00+00:00,long,buy,96725.5,,17344204023.28,-0.05,1692.89
2025-01-15 15:00:00+00:00,long,sell - take_profit,96725.5,99627.265,17855858041.97,2.95,1695.84
2025-01-15 16:00:00+00:00,long,buy,98943.3,,17846930112.95,-0.05,1695.79
2025-01-16 10:00:00+00:00,long,sell - direction_change,98943.3,99106.1,17867371751.16,0.11,1695.9
2025-01-16 10:00:00+00:00,short,buy,99106.1,,17858438065.28,-0.05,1695.85
2025-01-16 12:00:00+00:00,short,sell - direction_change,99106.1,99107.1,17849328651.11,-0.05,1695.8
2025-01-16 12:00:00+00:00,long,buy,99107.1,,17840403986.78,-0.05,1695.75
2025-01-16 13:00:00+00:00,long,sell - direction_change,99107.1,99336.0,17872688385.39,0.18,1695.93
2025-01-16 13:00:00+00:00,short,buy,99336.0,,17863752041.2,-0.05,1695.88
2025-01-16 16:00:00+00:00,short,sell - direction_change,99336.0,99258.2,17868811063.83,0.03,1695.91
2025-01-16 16:00:00+00:00,long,buy,99258.2,,17859876658.3,-0.05,1695.86
2025-01-17 09:10:00+00:00,long,sell - take_profit,99258.2,102235.946,18386743019.72,2.95,1698.81
2025-01-17 10:00:00+00:00,long,buy,101800.6,,18377549648.21,-0.05,1698.76
2025-01-17 16:39:00+00:00,long,sell - take_profit,101800.6,104854.618,18919687362.83,2.95,1701.71
2025-01-17 17:00:00+00:00,long,buy,104923.9,,18910227519.15,-0.05,1701.66
2025-01-18 03:37:00+00:00,long,sell - stop_loss,104923.9,103874.661,18711670130.2,-1.05,1700.61
2025-01-18 04:00:00+00:00,long,buy,103531.2,,18702314295.14,-0.05,1700.56
2025-01-18 05:00:00+00:00,long,sell - direction_change,103531.2,103561.3,18698400529.43,-0.02,1700.54
2025-01-18 05:00:00+00:00,short,buy,103561.3,,18689051329.16,-0.05,1700.49
2025-01-18 13:00:00+00:00,short,sell - direction_change,103561.3,103407.5,18707462114.55,0.1,1700.59
2025-01-18 13:00:00+00:00,long,buy,103407.5,,18698108383.49,-0.05,1700.54
2025-01-18 16:00:00+00:00,long,sell - direction_change,103407.5,104517.1,18889396817.51,1.02,1701.56
2025-01-18 16:00:00+00:00,short,buy,104517.1,,18879952119.1,-0.05,1701.51
2025-01-18 17:00:00+00:00,short,sell - direction_change,104517.1,103209.0,19106807116.47,1.2,1702.71
2025-01-18 17:00:00+00:00,long,buy,103209.0,,19097253712.91,-0.05,1702.66
2025-01-19 20:04:00+00:00,long,sell - take_profit,103209.0,106305.27,19660622697.44,2.95,1705.61
2025-01-19 21:00:00+00:00,short,buy,106291.3,,19650792386.09,-0.05,1705.56
2025-01-19 22:04:00+00:00,short,sell - take_profit,106291.3,103102.561,20230490761.48,2.95,1708.51
2025-01-19 23:00:00+00:00,short,buy,103396.8,,20220375516.1,-0.05,1708.46
2025-01-19 23:29:00+00:00,short,sell - take_profit,103396.8,100294.896,20816876593.83,2.95,1711.41
2025-01-20 00:00:00+00:00,short,buy,101311.5,,20806468155.53,-0.05,1711.36
2025-01-20 04:44:00+00:00,short,sell - stop_loss,101311.5,102324.615,20588000239.9,-1.05,1710.31
2025-01-20 05:00:00+00:00,short,buy,102195.3,,20577706239.78,-0.05,1710.26
2025-01-20 06:00:00+00:00,short,sell - direction_change,102195.3,102330.2,20540254370.63,-0.18,1710.08
2025-01-20 06:00:00+00:00,long,buy,102330.2,,20529984243.44,-0.05,1710.03
2025-01-20 06:45:00+00:00,long,sell - take_profit,102330.2,105400.106,21135618778.63,2.95,1712.98
2025-01-20 07:00:00+00:00,long,buy,107551.3,,21125050969.24,-0.05,1712.93
2025-01-20 12:17:00+00:00,long,sell - stop_loss,107551.3,106475.787,20903237934.06,-1.05,1711.88
2025-01-20 13:00:00+00:00,long,buy,106957.2,,20892786315.09,-0.05,1711.83
2025-01-20 15:46:00+00:00,long,sell - stop_loss,106957.2,105887.628,20673412058.78,-1.05,1710.78
2025-01-20 16:00:00+00:00,long,buy,105001.3,,20663075352.75,-0.05,1710.73
2025-01-20 16:13:00+00:00,long,sell - stop_loss,105001.3,103951.287,20446113061.55,-1.05,1709.68
2025-01-20 17:00:00+00:00,short,buy,106685.1,,20435890005.02,-0.05,1709.63
2025-01-20 17:05:00+00:00,short,sell - take_profit,106685.1,103484.547,21038748760.17,2.95,1712.58
2025-01-20 18:00:00+00:00,short,buy,102943.5,,21028229385.79,-0.05,1712.53
2025-01-20 18:10:00+00:00,short,sell - stop_loss,102943.5,103972.935,20807432977.24,-1.05,1711.48
2025-01-20 19:00:00+00:00,short,buy,103907.1,,20797029260.75,-0.05,1711.43
2025-01-20 22:00:00+00:00,short,sell - direction_change,103907.1,102586.0,21051049206.03,1.22,1712.65
2025-01-20 22:00:00+00:00,long,buy,102586.0,,21040523681.43,-0.05,1712.6
2025-01-20 23:00:00+00:00,long,sell - direction_change,102586.0,103585.2,21234940655.3,0.92,1713.53
2025-01-20 23:00:00+00:00,short,buy,103585.2,,21224323184.97,-0.05,1713.48
2025-01-21 01:29:00+00:00,short,sell - take_profit,103585.2,100477.644,21850440718.93,2.95,1716.43
2025-01-21 02:00:00+00:00,short,buy,101496.8,,21839515498.57,-0.05,1716.38
2025-01-21 02:25:00+00:00,short,sell - stop_loss,101496.8,102511.76800000001,21610200585.84,-1.05,1715.33
2025-01-21 03:00:00+00:00,short,buy,102546.0,,21599395485.54,-0.05,1715.28
2025-01-21 09:00:00+00:00,short,sell - direction_change,102546.0,102436.8,21611596723.84,0.06,1715.33
2025-01-21 09:00:00+00:00,long,buy,102436.8,,21600790925.48,-0.05,1715.28
2025-01-21 16:10:00+00:00,long,sell - take_profit,102436.8,105509.90400000001,22238014257.78,2.95,1718.23
2025-01-21 17:00:00+00:00,long,buy,104955.6,,22226895250.65,-0.05,1718.18
2025-01-22 06:00:00+00:00,long,sell - direction_change,104955.6,105674.8,22368089855.8,0.64,1718.82
2025-01-22 06:00:00+00:00,short,buy,105674.8,,22356905810.87,-0.05,1718.77
2025-01-23 02:04:00+00:00,short,sell - take_profit,105674.8,102504.556,23016434532.3,2.95,1721.72
2025-01-23 03:00:00+00:00,short,buy,102625.3,,23004926315.03,-0.05,1721.67
2025-01-23 13:00:00+00:00,short,sell - direction_change,102625.3,101599.7,23223326735.75,0.95,1722.62
2025-01-23 13:00:00+00:00,long,buy,101599.7,,23211715072.38,-0.05,1722.57
2025-01-23 14:37:00+00:00,long,sell - take_profit,101599.7,104647.691,23896460667.02,2.95,1725.52
2025-01-23 15:00:00+00:00,long,buy,105167.7,,23884512436.68,-0.05,1725.47
2025-01-23 15:07:00+00:00,long,sell - stop_loss,105167.7,104116.023,23633725056.1,-1.05,1724.42
2025-01-23 16:00:00+00:00,long,buy,105235.2,,23621908193.57,-0.05,1724.37
2025-01-23 17:02:00+00:00,long,sell - stop_loss,105235.2,104182.848,23373878157.54,-1.05,1723.32
2025-01-23 18:00:00+00:00,long,buy,105899.5,,23362191218.46,-0.05,1723.27
2025-01-23 19:05:00+00:00,long,sell - stop_loss,105899.5,104840.505,23116888210.66,-1.05,1722.22
2025-01-23 20:00:00+00:00,long,buy,103713.7,,23105329766.56,-0.05,1722.17
2025-01-23 20:56:00+00:00,long,sell - stop_loss,103713.7,102676.563,22862723804.01,-1.05,1721.12
2025-01-23 21:00:00+00:00,long,buy,103218.8,,22851292442.11,-0.05,1721.07
2025-01-23 21:19:00+00:00,long,sell - stop_loss,103218.8,102186.61200000001,22611353871.47,-1.05,1720.02
2025-01-23 22:00:00+00:00,long,buy,103025.1,,22600048194.53,-0.05,1719.97
2025-01-24 01:00:00+00:00,long,sell - direction_change,103025.1,103416.8,22674673239.93,0.33,1720.3
2025-01-24 01:00:00+00:00,short,buy,103416.8,,22663335903.31,-0.05,1720.25
2025-01-24 03:00:00+00:00,short,sell - direction_change,103416.8,102968.3,22750291033.57,0.38,1720.63
2025-01-24 03:00:00+00:00,long,buy,102968.3,,22738915888.05,-0.05,1720.58
2025-01-24 14:44:00+00:00,long,sell - take_profit,102968.3,106057.349,23409713906.75,2.95,1723.53
2025-01-24 15:00:00+00:00,long,buy,105722.6,,23398009049.79,-0.05,1723.48
2025-01-24 20:00:00+00:00,long,sell - direction_change,105722.6,105726.7,23387217437.23,-0.05,1723.43
2025-01-24 20:00:00+00:00,short,buy,105726.7,,23375523828.51,-0.05,1723.38
2025-01-24 21:00:00+00:00,short,sell - direction_change,105726.7,104812.9,23565871632.58,0.81,1724.2
2025-01-24 21:00:00+00:00,long,buy,104812.9,,23554088696.77,-0.05,1724.15
2025-01-24 22:00:00+00:00,long,sell - direction_change,104812.9,105074.7,23601144681.76,0.2,1724.35
2025-01-24 22:00:00+00:00,short,buy,105074.7,,23589344109.42,-0.05,1724.3
2025-01-25 03:00:00+00:00,short,sell - direction_change,105074.7,104520.3,23702012627.59,0.48,1724.78
2025-01-25 03:00:00+00:00,long,buy,104520.3,,23690161621.28,-0.05,1724.73
2025-01-25 04:00:00+00:00,long,sell - direction_change,104520.3,105153.9,23821925833.62,0.56,1725.28
2025-01-25 04:00:00+00:00,short,buy,105153.9,,23810014870.7,-0.05,1725.23
2025-01-25 15:00:00+00:00,short,sell - direction_change,105153.9,104551.1,23934601966.4,0.52,1725.76
2025-01-25 15:00:00+00:00,long,buy,104551.1,,23922634665.42,-0.05,1725.71
2025-01-26 00:00:00+00:00,long,sell - direction_change,104551.1,104702.0,23945201206.44,0.09,1725.8
2025-01-26 00:00:00+00:00,short,buy,104702.0,,23933228605.83,-0.05,1725.75
2025-01-26 03:00:00+00:00,short,sell - direction_change,104702.0,104654.1,23932211177.32,-0.0,1725.75
2025-01-26 03:00:00+00:00,long,buy,104654.1,,23920245071.73,-0.05,1725.7
2025-01-26 09:00:00+00:00,long,sell - direction_change,104654.1,105000.0,23987345518.92,0.28,1725.98
2025-01-26 09:00:00+00:00,short,buy,105000.0,,23975351846.16,-0.05,1725.93
2025-01-26 12:00:00+00:00,short,sell - direction_change,105000.0,104775.6,24014602922.18,0.16,1726.09
2025-01-26 12:00:00+00:00,long,buy,104775.6,,24002595620.72,-0.05,1726.04
2025-01-26 17:00:00+00:00,long,sell - direction_change,104775.6,104890.1,24016824639.88,0.06,1726.1
2025-01-26 17:00:00+00:00,short,buy,104890.1,,24004816227.56,-0.05,1726.05
2025-01-26 18:00:00+00:00,short,sell - direction_change,104890.1,104905.2,23989358081.25,-0.06,1725.98
2025-01-26 18:00:00+00:00,long,buy,104905.2,,23977363402.21,-0.05,1725.93
2025-01-26 21:00:00+00:00,long,sell - direction_change,104905.2,104914.7,23967546061.42,-0.04,1725.89
2025-01-26 21:00:00+00:00,short,buy,104914.7,,23955562288.39,-0.05,1725.84
2025-01-27 00:58:00+00:00,short,sell - take_profit,104914.7,101767.25899999999,24662251375.89,2.95,1728.79
2025-01-27 01:00:00+00:00,short,buy,101670.7,,24649920250.21,-0.05,1728.74
2025-01-27 07:18:00+00:00,short,sell - take_profit,101670.7,98620.579,25377092897.59,2.95,1731.69
2025-01-27 08:00:00+00:00,short,buy,98996.3,,25364404351.14,-0.05,1731.64
2025-01-27 12:00:00+00:00,short,sell - direction_change,98996.3,98700.1,25427613233.47,0.25,1731.89
2025-01-27 12:00:00+00:00,long,buy,98700.1,,25414899426.85,-0.05,1731.84
2025-01-27 13:00:00+00:00,long,sell - direction_change,98700.1,100567.6,25883066106.74,1.84,1733.68
2025-01-27 13:00:00+00:00,short,buy,100567.6,,25870124573.69,-0.05,1733.63
2025-01-27 13:14:00+00:00,short,sell - stop_loss,100567.6,101573.27600000001,25598488265.67,-1.05,1732.58
2025-01-27 14:00:00+00:00,long,buy,100440.0,,25585689021.53,-0.05,1732.53
2025-01-27 17:08:00+00:00,long,sell - stop_loss,100440.0,99435.6,25317039286.81,-1.05,1731.48
2025-01-27 18:00:00+00:00,long,buy,99120.1,,25304380767.16,-0.05,1731.43
2025-01-27 21:08:00+00:00,long,sell - take_profit,99120.1,102093.70300000001,26050859999.79,2.95,1734.38
2025-01-27 22:00:00+00:00,long,buy,101306.8,,26037834569.79,-0.05,1734.33
2025-01-28 16:00:00+00:00,long,sell - direction_change,101306.8,102730.6,26390760178.05,1.36,1735.69
2025-01-28 16:00:00+00:00,short,buy,102730.6,,26377564797.97,-0.05,1735.64
2025-01-28 17:00:00+00:00,short,sell - direction_change,102730.6,102211.8,26497585406.12,0.46,1736.1
2025-01-28 17:00:00+00:00,long,buy,102211.8,,26484336613.42,-0.05,1736.05
2025-01-28 18:00:00+00:00,long,sell - direction_change,102211.8,102525.3,26552326157.38,0.26,1736.3
2025-01-28 18:00:00+00:00,short,buy,102525.3,,26539049994.3,-0.05,1736.25
2025-01-29 06:00:00+00:00,short,sell - direction_change,102525.3,102218.3,26605248545.46,0.25,1736.5
2025-01-29 06:00:00+00:00,long,buy,102218.3,,26591945921.19,-0.05,1736.45
2025-01-29 13:00:00+00:00,long,sell - direction_change,102218.3,102189.9,26571261728.46,-0.08,1736.37
2025-01-29 13:00:00+00:00,short,buy,102189.9,,26557976097.6,-0.05,1736.32
2025-01-29 14:00:00+00:00,short,sell - direction_change,102189.9,101788.7,26648964361.11,0.34,1736.67
2025-01-29 14:00:00+00:00,long,buy,101788.7,,26635639878.93,-0.05,1736.62
2025-01-29 15:00:00+00:00,long,sell - direction_change,101788.7,101990.2,26675049733.44,0.15,1736.76
2025-01-29 15:00:00+00:00,short,buy,101990.2,,26661712208.57,-0.05,1736.71
2025-01-29 17:00:00+00:00,short,sell - direction_change,101990.2,102057.3,26630840442.76,-0.12,1736.6
2025-01-29 17:00:00+00:00,long,buy,102057.3,,26617525022.54,-0.05,1736.55
2025-01-30 03:47:00+00:00,long,sell - take_profit,102057.3,105119.019,27402742010.7,2.95,1739.5
2025-01-30 04:00:00+00:00,long,buy,105155.6,,27389040639.7,-0.05,1739.45
2025-01-30 21:00:00+00:00,long,sell - direction_change,105155.6,104836.3,27292180594.42,-0.35,1739.09
2025-01-30 21:00:00+00:00,short,buy,104836.3,,27278534504.12,-0.05,1739.04
2025-01-30 22:00:00+00:00,short,sell - direction_change,104836.3,104996.4,27223237019.5,-0.2,1738.84
2025-01-30 22:00:00+00:00,long,buy,104996.4,,27209625400.99,-0.05,1738.79
2025-01-30 23:00:00+00:00,long,sell - direction_change,104996.4,105041.9,27207811830.23,-0.01,1738.79
2025-01-30 23:00:00+00:00,short,buy,105041.9,,27194207924.32,-0.05,1738.74
2025-01-31 11:00:00+00:00,short,sell - direction_change,105041.9,104249.1,27385858136.35,0.7,1739.44
2025-01-31 11:00:00+00:00,long,buy,104249.1,,27372165207.28,-0.05,1739.39
2025-01-31 18:00:00+00:00,long,sell - direction_change,104249.1,104538.9,27434570462.42,0.23,1739.62
2025-01-31 18:00:00+00:00,short,buy,104538.9,,27420853177.19,-0.05,1739.57
2025-02-01 09:53:00+00:00,short,sell - take_profit,104538.9,101402.733,28229768345.91,2.95,1742.52
2025-02-01 10:00:00+00:00,short,buy,101639.0,,28215653461.74,-0.05,1742.47
2025-02-01 17:00:00+00:00,short,sell - direction_change,101639.0,101860.0,28140194584.58,-0.27,1742.2
2025-02-01 17:00:00+00:00,long,buy,101860.0,,28126124487.28,-0.05,1742.15
2025-02-01 18:00:00+00:00,long,sell - direction_change,101860.0,102219.0,28211190412.78,0.3,1742.45
2025-02-01 18:00:00+00:00,short,buy,102219.0,,28197084817.57,-0.05,1742.4
2025-02-02 03:57:00+00:00,short,sell - take_profit,102219.0,99152.43,29028898819.69,2.95,1745.35
2025-02-02 04:00:00+00:00,short,buy,99160.8,,29014384370.28,-0.05,1745.3
2025-02-02 05:38:00+00:00,short,sell - stop_loss,99160.8,100152.40800000001,28709733334.39,-1.05,1744.25
2025-02-02 06:00:00+00:00,short,buy,100212.0,,28695378467.73,-0.05,1744.2
2025-02-02 17:50:00+00:00,short,sell - take_profit,100212.0,97205.64,29541892132.52,2.95,1747.15
2025-02-02 18:00:00+00:00,short,buy,97204.0,,29527121186.46,-0.05,1747.1
2025-02-02 19:39:00+00:00,short,sell - stop_loss,97204.0,98176.04,29217086414.0,-1.05,1746.05
2025-02-02 20:00:00+00:00,short,buy,98232.0,,29202477870.79,-0.05,1746.0
2025-02-03 01:21:00+00:00,short,sell - take_profit,98232.0,95285.04,30063950967.98,2.95,1748.95
2025-02-03 02:00:00+00:00,short,buy,93408.4,,30048918992.5,-0.05,1748.9
2025-02-03 02:16:00+00:00,short,sell - stop_loss,93408.4,94342.484,29733405343.08,-1.05,1747.85
2025-02-03 03:00:00+00:00,short,buy,93539.2,,29718538640.4,-0.05,1747.8
2025-02-03 03:11:00+00:00,short,sell - stop_loss,93539.2,94474.592,29406493984.68,-1.05,1746.75
2025-02-03 04:00:00+00:00,short,buy,94001.6,,29391790737.69,-0.05,1746.7
2025-02-03 07:48:00+00:00,short,sell - stop_loss,94001.6,94941.61600000001,29083176934.94,-1.05,1745.65
2025-02-03 08:00:00+00:00,short,buy,95271.1,,29068635346.47,-0.05,1745.6
2025-02-03 10:00:00+00:00,short,sell - direction_change,95271.1,95227.2,29067495574.38,-0.0,1745.6
2025-02-03 10:00:00+00:00,long,buy,95227.2,,29052961826.6,-0.05,1745.55
2025-02-03 14:03:00+00:00,long,sell - stop_loss,95227.2,94274.928,28747905727.42,-1.05,1744.5
2025-02-03 15:00:00+00:00,long,buy,96540.3,,28733531774.55,-0.05,1744.45
2025-02-03 15:50:00+00:00,long,sell - take_profit,96540.3,99436.509,29581170961.9,2.95,1747.4
2025-02-03 16:00:00+00:00,long,buy,98802.8,,29566380376.42,-0.05,1747.35
2025-02-03 19:56:00+00:00,long,sell - take_profit,98802.8,101766.884,30438588597.53,2.95,1750.3
2025-02-03 20:00:00+00:00,long,buy,101831.9,,30423369303.23,-0.05,1750.25
2025-02-04 01:13:00+00:00,long,sell - stop_loss,101831.9,100813.58099999999,30103923925.54,-1.05,1749.2
2025-02-04 02:00:00+00:00,long,buy,101340.3,,30088871963.58,-0.05,1749.15
2025-02-04 04:09:00+00:00,long,sell - stop_loss,101340.3,100326.897,29772938807.96,-1.05,1748.1
2025-02-04 05:00:00+00:00,long,buy,100008.6,,29758052338.56,-0.05,1748.05
2025-02-04 05:16:00+00:00,long,sell - stop_loss,100008.6,99008.51400000001,29445592789.0,-1.05,1747.0
2025-02-04 06:00:00+00:00,long,buy,98818.3,,29430869992.61,-0.05,1746.95
2025-02-04 08:00:00+00:00,long,sell - direction_change,98818.3,98405.1,29293091972.23,-0.47,1746.48
2025-02-04 08:00:00+00:00,short,buy,98405.1,,29278445426.25,-0.05,1746.43
2025-02-04 09:00:00+00:00,short,sell - direction_change,98405.1,98244.9,29311470470.5,0.11,1746.54
2025-02-04 09:00:00+00:00,long,buy,98244.9,,29296814735.27,-0.05,1746.49
2025-02-04 10:00:00+00:00,long,sell - direction_change,98244.9,98307.6,29300863586.32,0.01,1746.51
2025-02-04 10:00:00+00:00,short,buy,98307.6,,29286213154.53,-0.05,1746.46
2025-02-04 11:08:00+00:00,short,sell - stop_loss,98307.6,99290.676,28978707916.4,-1.05,1745.41
2025-02-04 12:00:00+00:00,long,buy,98924.1,,28964218562.45,-0.05,1745.36
2025-02-04 13:00:00+00:00,long,sell - direction_change,98924.1,99325.9,29067380414.73,0.36,1745.71
2025-02-04 13:00:00+00:00,short,buy,99325.9,,29052846724.52,-0.05,1745.66
2025-02-04 14:00:00+00:00,short,sell - direction_change,99325.9,98967.5,29143152376.84,0.31,1745.97
2025-02-04 14:00:00+00:00,long,buy,98967.5,,29128580800.66,-0.05,1745.92
2025-02-04 16:00:00+00:00,long,sell - direction_change,98967.5,99310.5,29214969886.01,0.3,1746.22
2025-02-04 16:00:00+00:00,short,buy,99310.5,,29200362401.06,-0.05,1746.17
2025-02-04 17:00:00+00:00,short,sell - direction_change,99310.5,99020.6,29271001797.35,0.24,1746.41
2025-02-04 17:00:00+00:00,long,buy,99020.6,,29256366296.45,-0.05,1746.36
2025-02-04 19:00:00+00:00,long,sell - direction_change,99020.6,99374.4,29346270931.68,0.31,1746.67
2025-02-04 19:00:00+00:00,short,buy,99374.4,,29331597796.22,-0.05,1746.62
2025-02-04 19:18:00+00:00,short,sell - stop_loss,99374.4,100368.144,29023616019.36,-1.05,1745.57
2025-02-04 20:00:00+00:00,short,buy,98812.0,,29009104211.35,-0.05,1745.52
2025-02-05 11:00:00+00:00,short,sell - direction_change,98812.0,97691.7,29323495941.56,1.08,1746.6
2025-02-05 11:00:00+00:00,long,buy,97691.7,,29308834193.58,-0.05,1746.55
2025-02-05 12:00:00+00:00,long,sell - direction_change,97691.7,98161.7,29435186147.25,0.43,1746.99
2025-02-05 12:00:00+00:00,short,buy,98161.7,,29420468554.18,-0.05,1746.94
2025-02-05 13:00:00+00:00,short,sell - direction_change,98161.7,98018.4,29448707383.99,0.1,1747.03
2025-02-05 13:00:00+00:00,long,buy,98018.4,,29433983030.29,-0.05,1746.98
2025-02-05 16:00:00+00:00,long,sell - direction_change,98018.4,98063.3,29432749077.05,-0.0,1746.98
2025-02-05 16:00:00+00:00,short,buy,98063.3,,29418032702.51,-0.05,1746.93
2025-02-06 04:00:00+00:00,short,sell - direction_change,98063.3,97305.6,29630626289.46,0.72,1747.65
2025-02-06 04:00:00+00:00,long,buy,97305.6,,29615810976.32,-0.05,1747.6
2025-02-06 15:00:00+00:00,long,sell - direction_change,97305.6,97797.1,29750595397.42,0.46,1748.06
2025-02-06 15:00:00+00:00,short,buy,97797.1,,29735720099.73,-0.05,1748.01
2025-02-07 01:00:00+00:00,short,sell - direction_change,97797.1,96460.9,30127130843.0,1.32,1749.32
2025-02-07 01:00:00+00:00,long,buy,96460.9,,30112067277.58,-0.05,1749.27
2025-02-07 06:00:00+00:00,long,sell - direction_change,96460.9,97305.9,30360793738.71,0.83,1750.1
2025-02-07 06:00:00+00:00,short,buy,97305.9,,30345613341.84,-0.05,1750.05
2025-02-07 08:00:00+00:00,short,sell - direction_change,97305.9,96705.0,30517835945.49,0.57,1750.61
2025-02-07 08:00:00+00:00,long,buy,96705.0,,30502577027.52,-0.05,1750.56
2025-02-07 14:15:00+00:00,long,sell - take_profit,96705.0,99606.15000000001,31402403049.83,2.95,1753.51
2025-02-07 15:00:00+00:00,long,buy,99672.6,,31386701848.3,-0.05,1753.46
2025-02-07 15:05:00+00:00,long,sell - stop_loss,99672.6,98675.87400000001,31057141478.9,-1.05,1752.41
2025-02-07 16:00:00+00:00,long,buy,98257.1,,31041612908.16,-0.05,1752.36
2025-02-07 17:18:00+00:00,long,sell - stop_loss,98257.1,97274.52900000001,30715675972.62,-1.05,1751.31
2025-02-07 18:00:00+00:00,long,buy,97378.0,,30700318134.63,-0.05,1751.26
2025-02-07 19:00:00+00:00,long,sell - direction_change,97378.0,97699.9,30786453243.36,0.28,1751.55
2025-02-07 19:00:00+00:00,short,buy,97699.9,,30771060016.74,-0.05,1751.5
2025-02-08 17:00:00+00:00,short,sell - direction_change,97699.9,96084.8,31264358109.06,1.6,1753.1
2025-02-08 17:00:00+00:00,long,buy,96084.8,,31248725930.01,-0.05,1753.05
2025-02-09 11:00:00+00:00,long,sell - direction_change,96084.8,96731.1,31443291436.5,0.62,1753.67
2025-02-09 11:00:00+00:00,short,buy,96731.1,,31427569790.78,-0.05,1753.62
2025-02-09 23:00:00+00:00,short,sell - direction_change,96731.1,95779.8,31720929790.24,0.93,1754.55
2025-02-09 23:00:00+00:00,long,buy,95779.8,,31705069325.34,-0.05,1754.5
2025-02-10 01:00:00+00:00,long,sell - direction_change,95779.8,96677.7,31986440023.0,0.89,1755.39
2025-02-10 01:00:00+00:00,short,buy,96677.7,,31970446802.99,-0.05,1755.34
2025-02-10 03:00:00+00:00,short,sell - direction_change,96677.7,95764.4,32256481684.18,0.89,1756.24
2025-02-10 03:00:00+00:00,long,buy,95764.4,,32240353443.34,-0.05,1756.19
2025-02-10 20:00:00+00:00,long,sell - direction_change,95764.4,97343.6,32755891859.55,1.6,1757.79
2025-02-10 20:00:00+00:00,short,buy,97343.6,,32739513913.62,-0.05,1757.74
2025-02-10 21:00:00+00:00,short,sell - direction_change,97343.6,97297.6,32738615308.75,-0.0,1757.73
2025-02-10 21:00:00+00:00,long,buy,97297.6,,32722246001.1,-0.05,1757.68
2025-02-10 23:00:00+00:00,long,sell - direction_change,97297.6,97343.2,32721220656.34,-0.0,1757.68
2025-02-10 23:00:00+00:00,short,buy,97343.2,,32704860046.02,-0.05,1757.63
2025-02-11 00:00:00+00:00,short,sell - direction_change,97343.2,97379.2,32676412523.97,-0.09,1757.54
2025-02-11 00:00:00+00:00,long,buy,97379.2,,32660074317.71,-0.05,1757.49
2025-02-11 13:00:00+00:00,long,sell - direction_change,97379.2,97726.2,32760124840.14,0.31,1757.8
2025-02-11 13:00:00+00:00,short,buy,97726.2,,32743744777.72,-0.05,1757.75
2025-02-12 05:00:00+00:00,short,sell - direction_change,97726.2,95518.9,33466941903.69,2.21,1759.96
2025-02-12 05:00:00+00:00,long,buy,95518.9,,33450208432.74,-0.05,1759.91
2025-02-12 07:00:00+00:00,long,sell - direction_change,95518.9,95777.7,33524113705.79,0.22,1760.13
2025-02-12 07:00:00+00:00,short,buy,95777.7,,33507351648.93,-0.05,1760.08
2025-02-12 08:00:00+00:00,short,sell - direction_change,95777.7,96025.1,33404046314.44,-0.31,1759.77
2025-02-12 08:00:00+00:00,long,buy,96025.1,,33387344291.29,-0.05,1759.72
2025-02-12 10:00:00+00:00,long,sell - direction_change,96025.1,96101.7,33397283974.09,0.03,1759.75
2025-02-12 10:00:00+00:00,short,buy,96101.7,,33380585332.11,-0.05,1759.7
2025-02-12 11:00:00+00:00,short,sell - direction_change,96101.7,95947.2,33417560067.57,0.11,1759.81
2025-02-12 11:00:00+00:00,long,buy,95947.2,,33400851287.54,-0.05,1759.76
2025-02-12 13:00:00+00:00,long,sell - direction_change,95947.2,95952.3,33385926258.59,-0.04,1759.72
2025-02-12 13:00:00+00:00,short,buy,95952.3,,33369233295.46,-0.05,1759.67
2025-02-12 16:00:00+00:00,short,sell - direction_change,95952.3,95762.0,33418729115.3,0.15,1759.81
2025-02-12 16:00:00+00:00,long,buy,95762.0,,33402019750.74,-0.05,1759.76
2025-02-13 06:00:00+00:00,long,sell - direction_change,95762.0,96628.8,33687660700.31,0.86,1760.62
2025-02-13 06:00:00+00:00,short,buy,96628.8,,33670816869.96,-0.05,1760.57
2025-02-13 07:00:00+00:00,short,sell - direction_change,96628.8,96010.0,33869605597.17,0.59,1761.16
2025-02-13 07:00:00+00:00,long,buy,96010.0,,33852670794.37,-0.05,1761.11
2025-02-13 08:00:00+00:00,long,sell - direction_change,96010.0,96018.5,33838741518.68,-0.04,1761.07
2025-02-13 08:00:00+00:00,short,buy,96018.5,,33821822147.92,-0.05,1761.02
2025-02-13 20:00:00+00:00,short,sell - direction_change,96018.5,95587.9,33956586972.43,0.4,1761.42
2025-02-13 20:00:00+00:00,long,buy,95587.9,,33939608678.94,-0.05,1761.37
2025-02-14 17:51:00+00:00,long,sell - take_profit,95587.9,98455.537,34940827134.97,2.95,1764.32
2025-02-14 18:00:00+00:00,long,buy,98487.8,,34923356721.4,-0.05,1764.27
2025-02-14 20:50:00+00:00,long,sell - stop_loss,98487.8,97502.922,34556661475.83,-1.05,1763.22
2025-02-14 21:00:00+00:00,long,buy,97135.0,,34539383145.09,-0.05,1763.17
2025-02-15 04:00:00+00:00,long,sell - direction_change,97135.0,97619.4,34694357003.17,0.45,1763.62
2025-02-15 04:00:00+00:00,short,buy,97619.4,,34677009824.67,-0.05,1763.57
2025-02-15 06:00:00+00:00,short,sell - direction_change,97619.4,97559.9,34680807303.84,0.01,1763.58
2025-02-15 06:00:00+00:00,long,buy,97559.9,,34663466900.18,-0.05,1763.53
2025-02-15 07:00:00+00:00,long,sell - direction_change,97559.9,97446.0,34605665989.54,-0.17,1763.36
2025-02-15 07:00:00+00:00,short,buy,97446.0,,34588363156.55,-0.05,1763.31
2025-02-15 08:00:00+00:00,short,sell - direction_change,97446.0,97312.4,34618490165.35,0.09,1763.4
2025-02-15 08:00:00+00:00,long,buy,97312.4,,34601180920.27,-0.05,1763.35
2025-02-15 16:00:00+00:00,long,sell - direction_change,97312.4,97594.5,34684186078.48,0.24,1763.59
2025-02-15 16:00:00+00:00,short,buy,97594.5,,34666843985.44,-0.05,1763.54
2025-02-15 21:00:00+00:00,short,sell - direction_change,97594.5,97498.2,34683717584.09,0.05,1763.59
2025-02-15 21:00:00+00:00,long,buy,97498.2,,34666375725.3,-0.05,1763.54
2025-02-15 22:00:00+00:00,long,sell - direction_change,97498.2,97636.7,34698287477.73,0.09,1763.63
2025-02-15 22:00:00+00:00,short,buy,97636.7,,34680938333.99,-0.05,1763.58
2025-02-16 05:00:00+00:00,short,sell - direction_change,97636.7,97486.3,34717020534.02,0.1,1763.68
2025-02-16 05:00:00+00:00,long,buy,97486.3,,34699662023.75,-0.05,1763.63
2025-02-16 06:00:00+00:00,long,sell - direction_change,97486.3,97556.0,34707121488.44,0.02,1763.65
2025-02-16 06:00:00+00:00,short,buy,97556.0,,34689767927.69,-0.05,1763.6
2025-02-17 12:00:00+00:00,short,sell - direction_change,97556.0,96018.3,35219211105.38,1.53,1765.13
2025-02-17 12:00:00+00:00,long,buy,96018.3,,35201601499.83,-0.05,1765.08
2025-02-17 15:00:00+00:00,long,sell - direction_change,96018.3,96763.1,35457054406.52,0.73,1765.81
2025-02-17 15:00:00+00:00,short,buy,96763.1,,35439325879.32,-0.05,1765.76
2025-02-17 21:00:00+00:00,short,sell - direction_change,96763.1,95929.7,35726837592.67,0.81,1766.57
2025-02-17 21:00:00+00:00,long,buy,95929.7,,35708974173.88,-0.05,1766.52
2025-02-17 22:00:00+00:00,long,sell - direction_change,95929.7,96375.6,35857101979.91,0.41,1766.93
2025-02-17 22:00:00+00:00,short,buy,96375.6,,35839173428.92,-0.05,1766.88
2025-02-18 01:00:00+00:00,short,sell - direction_change,96375.6,95600.6,36109452923.79,0.75,1767.64
2025-02-18 01:00:00+00:00,long,buy,95600.6,,36091398197.33,-0.05,1767.59
2025-02-18 05:00:00+00:00,long,sell - direction_change,95600.6,96042.0,36239991025.23,0.41,1768.0
2025-02-18 05:00:00+00:00,short,buy,96042.0,,36221871029.72,-0.05,1767.95
2025-02-18 12:00:00+00:00,short,sell - direction_change,96042.0,95606.0,36368195817.83,0.4,1768.35
2025-02-18 12:00:00+00:00,long,buy,95606.0,,36350011719.93,-0.05,1768.3
2025-02-18 14:00:00+00:00,long,sell - direction_change,95606.0,96194.4,36555550151.46,0.57,1768.87
2025-02-18 14:00:00+00:00,short,buy,96194.4,,36537272376.39,-0.05,1768.82
2025-02-18 23:00:00+00:00,short,sell - direction_change,96194.4,95255.0,36875813634.23,0.93,1769.74
2025-02-18 23:00:00+00:00,long,buy,95255.0,,36857375727.41,-0.05,1769.69
2025-02-19 01:00:00+00:00,long,sell - direction_change,95255.0,95290.0,36852489721.3,-0.01,1769.68
2025-02-19 01:00:00+00:00,short,buy,95290.0,,36834063476.44,-0.05,1769.63
2025-02-19 02:00:00+00:00,short,sell - direction_change,95290.0,95431.0,36761143317.93,-0.2,1769.43
2025-02-19 02:00:00+00:00,long,buy,95431.0,,36742762746.27,-0.05,1769.38
2025-02-20 14:00:00+00:00,long,sell - direction_change,95431.0,97505.7,37523190600.68,2.12,1771.51
2025-02-20 14:00:00+00:00,short,buy,97505.7,,37504429005.38,-0.05,1771.46
2025-02-20 16:00:00+00:00,short,sell - direction_change,97505.7,96871.1,37729768271.14,0.6,1772.06
2025-02-20 16:00:00+00:00,long,buy,96871.1,,37710903387.0,-0.05,1772.01
2025-02-21 15:00:00+00:00,long,sell - direction_change,96871.1,98740.1,38419630035.96,1.88,1773.89
2025-02-21 15:00:00+00:00,short,buy,98740.1,,38400420220.94,-0.05,1773.84
2025-02-21 16:00:00+00:00,short,sell - direction_change,98740.1,98057.6,38646646993.39,0.64,1774.48
2025-02-21 16:00:00+00:00,long,buy,98057.6,,38627323669.9,-0.05,1774.43
2025-02-21 17:00:00+00:00,long,sell - direction_change,98057.6,98183.2,38657486967.04,0.08,1774.51
2025-02-21 17:00:00+00:00,short,buy,98183.2,,38638158223.56,-0.05,1774.46
2025-02-21 19:47:00+00:00,short,sell - take_profit,98183.2,95237.704,39777983891.15,2.95,1777.41
2025-02-21 20:00:00+00:00,short,buy,95247.4,,39758094899.21,-0.05,1777.36
2025-02-22 01:13:00+00:00,short,sell - stop_loss,95247.4,96199.874,39340634902.76,-1.05,1776.31
2025-02-22 02:00:00+00:00,short,buy,96189.0,,39320964585.31,-0.05,1776.26
2025-02-22 06:00:00+00:00,short,sell - direction_change,96189.0,96468.8,39186925058.73,-0.34,1775.92
2025-02-22 06:00:00+00:00,long,buy,96468.8,,39167331596.2,-0.05,1775.87
2025-02-22 10:00:00+00:00,long,sell - direction_change,96468.8,96442.5,39137069858.11,-0.08,1775.79
2025-02-22 10:00:00+00:00,short,buy,96442.5,,39117501323.18,-0.05,1775.74
2025-02-22 12:00:00+00:00,short,sell - direction_change,96442.5,96526.5,39063871803.81,-0.14,1775.6
2025-02-22 12:00:00+00:00,long,buy,96526.5,,39044339867.91,-0.05,1775.55
2025-02-23 01:00:00+00:00,long,sell - direction_change,96526.5,96589.4,39050260337.85,0.02,1775.57
2025-02-23 01:00:00+00:00,short,buy,96589.4,,39030735207.68,-0.05,1775.52
2025-02-23 23:00:00+00:00,short,sell - direction_change,96589.4,95734.7,39356594895.53,0.83,1776.35
2025-02-23 23:00:00+00:00,long,buy,95734.7,,39336916598.09,-0.05,1776.3
2025-02-24 03:00:00+00:00,long,sell - direction_change,95734.7,95785.0,39337916161.99,0.0,1776.3
2025-02-24 03:00:00+00:00,short,buy,95785.0,,39318247203.91,-0.05,1776.25
2025-02-24 06:00:00+00:00,short,sell - direction_change,95785.0,95681.6,39341032166.13,0.06,1776.31
2025-02-24 06:00:00+00:00,long,buy,95681.6,,39321361650.05,-0.05,1776.26
2025-02-24 08:00:00+00:00,long,sell - direction_change,95681.6,95834.2,39364413547.06,0.11,1776.37
2025-02-24 08:00:00+00:00,short,buy,95834.2,,39344731340.29,-0.05,1776.32
2025-02-24 22:17:00+00:00,short,sell - take_profit,95834.2,92959.174,40505400914.83,2.95,1779.27
2025-02-24 23:00:00+00:00,short,buy,92380.1,,40485148214.37,-0.05,1779.22
2025-02-25 07:24:00+00:00,short,sell - take_profit,92380.1,89608.697,41679460086.69,2.95,1782.17
2025-02-25 08:00:00+00:00,short,buy,89262.8,,41658620356.65,-0.05,1782.12
2025-02-25 15:00:00+00:00,short,sell - take_profit,89262.8,86584.916,42887549657.17,2.95,1785.07
2025-02-25 16:00:00+00:00,short,buy,87206.8,,42866105882.34,-0.05,1785.02
2025-02-25 20:00:00+00:00,short,sell - direction_change,87206.8,87914.2,42496953576.99,-0.86,1784.16
2025-02-25 20:00:00+00:00,long,buy,87914.2,,42475705100.2,-0.05,1784.11
2025-02-26 12:00:00+00:00,long,sell - direction_change,87914.2,88570.1,42771365029.53,0.7,1784.81
2025-02-26 12:00:00+00:00,short,buy,88570.1,,42749979347.01,-0.05,1784.76
2025-02-26 14:21:00+00:00,short,sell - take_profit,88570.1,85912.997,44011103737.75,2.95,1787.71
2025-02-26 15:00:00+00:00,short,buy,87589.1,,43989098185.88,-0.05,1787.66
2025-02-26 15:12:00+00:00,short,sell - stop_loss,87589.1,88464.99100000001,43527212654.93,-1.05,1786.61
2025-02-26 16:00:00+00:00,short,buy,87536.5,,43505449048.6,-0.05,1786.56
2025-02-26 18:36:00+00:00,short,sell - take_profit,87536.5,84910.405,44788859795.53,2.95,1789.51
2025-02-26 19:00:00+00:00,short,buy,84202.8,,44766465365.64,-0.05,1789.46
2025-02-26 21:21:00+00:00,short,sell - stop_loss,84202.8,85044.82800000001,44296417479.3,-1.05,1788.41
2025-02-26 22:00:00+00:00,short,buy,84585.6,,44274269270.56,-0.05,1788.36
2025-02-27 05:00:00+00:00,short,sell - direction_change,84585.6,85114.9,43975082960.59,-0.68,1787.68
2025-02-27 05:00:00+00:00,long,buy,85114.9,,43953095419.11,-0.05,1787.63
2025-02-27 14:00:00+00:00,long,sell - direction_change,85114.9,86078.9,44428925765.19,1.08,1788.71
2025-02-27 14:00:00+00:00,short,buy,86078.9,,44406711302.3,-0.05,1788.66
2025-02-27 15:00:00+00:00,short,sell - direction_change,86078.9,84944.5,44969726546.12,1.27,1789.93
2025-02-27 15:00:00+00:00,long,buy,84944.5,,44947241682.84,-0.05,1789.88
2025-02-27 16:00:00+00:00,long,sell - direction_change,84944.5,85472.9,45204363827.53,0.57,1790.45
2025-02-27 16:00:00+00:00,short,buy,85472.9,,45181761645.62,-0.05,1790.4
2025-02-27 20:16:00+00:00,short,sell - take_profit,85472.9,82908.71299999999,46514623614.17,2.95,1793.35
2025-02-27 21:00:00+00:00,short,buy,83489.2,,46491366302.36,-0.05,1793.3
2025-02-27 21:34:00+00:00,short,sell - stop_loss,83489.2,84324.092,46003206956.18,-1.05,1792.25
2025-02-27 22:00:00+00:00,short,buy,84379.9,,45980205352.71,-0.05,1792.2
2025-02-28 01:32:00+00:00,short,sell - take_profit,84379.9,81848.503,47336621410.61,2.95,1795.15
2025-02-28 02:00:00+00:00,short,buy,81606.0,,47312953099.91,-0.05,1795.1
2025-02-28 02:03:00+00:00,short,sell - stop_loss,81606.0,82422.06,46816167092.36,-1.05,1794.05
2025-02-28 03:00:00+00:00,short,buy,80772.0,,46792759008.81,-0.05,1794.0
2025-02-28 08:25:00+00:00,short,sell - take_profit,80772.0,78348.84,48173145399.57,2.95,1796.95
2025-02-28 09:00:00+00:00,short,buy,78955.8,,48149058826.87,-0.05,1796.9
2025-02-28 09:23:00+00:00,short,sell - stop_loss,78955.8,79745.35800000001,47643493709.19,-1.05,1795.85
2025-02-28 10:00:00+00:00,short,buy,80299.9,,47619671962.33,-0.05,1795.8
2025-02-28 13:00:00+00:00,short,sell - direction_change,80299.9,80747.5,47330425118.71,-0.61,1795.19
2025-02-28 13:00:00+00:00,long,buy,80747.5,,47306759906.15,-0.05,1795.14
2025-02-28 15:14:00+00:00,long,sell - take_profit,80747.5,83169.925,48702309323.38,2.95,1798.09
2025-02-28 16:00:00+00:00,long,buy,83948.1,,48677958168.72,-0.05,1798.04
2025-03-01 04:43:00+00:00,long,sell - take_profit,83948.1,86466.543,50113957934.69,2.95,1800.99
2025-03-01 05:00:00+00:00,long,buy,86130.0,,50088900955.73,-0.05,1800.94
2025-03-01 06:19:00+00:00,long,sell - stop_loss,86130.0,85268.7,49562967495.69,-1.05,1799.89
2025-03-01 07:00:00+00:00,long,buy,85023.8,,49538186011.94,-0.05,1799.84
2025-03-01 11:00:00+00:00,long,sell - direction_change,85023.8,84848.5,49411280293.57,-0.26,1799.59
2025-03-01 11:00:00+00:00,short,buy,84848.5,,49386574653.42,-0.05,1799.54
2025-03-01 16:00:00+00:00,short,sell - direction_change,84848.5,84755.0,49416303597.84,0.06,1799.6
2025-03-01 16:00:00+00:00,long,buy,84755.0,,49391595446.04,-0.05,1799.55
2025-03-02 08:00:00+00:00,long,sell - direction_change,84755.0,86191.4,50203972242.25,1.64,1801.19
2025-03-02 08:00:00+00:00,short,buy,86191.4,,50178870256.13,-0.05,1801.14
2025-03-02 12:00:00+00:00,short,sell - direction_change,86191.4,86047.1,50237789329.71,0.12,1801.26
2025-03-02 12:00:00+00:00,long,buy,86047.1,,50212670435.05,-0.05,1801.21
2025-03-02 13:00:00+00:00,long,sell - direction_change,86047.1,85943.2,50126933393.41,-0.17,1801.04
2025-03-02 13:00:00+00:00,short,buy,85943.2,,50101869926.72,-0.05,1800.99
2025-03-02 15:00:00+00:00,short,sell - direction_change,85943.2,85076.4,50582132976.48,0.96,1801.95
2025-03-02 15:00:00+00:00,long,buy,85076.4,,50556841910.0,-0.05,1801.9
2025-03-02 15:35:00+00:00,long,sell - take_profit,85076.4,87628.692,52048268746.34,2.95,1804.85
2025-03-02 16:00:00+00:00,long,buy,87390.1,,52022244611.97,-0.05,1804.8
2025-03-02 16:35:00+00:00,long,sell - take_profit,87390.1,90011.80300000001,53556900828.02,2.95,1807.75
2025-03-02 17:00:00+00:00,long,buy,91165.5,,53530122377.61,-0.05,1807.7
2025-03-02 17:40:00+00:00,long,sell - take_profit,91165.5,93900.465,55109260987.75,2.95,1810.65
2025-03-02 18:00:00+00:00,long,buy,94039.8,,55081706357.25,-0.05,1810.6
2025-03-02 18:34:00+00:00,long,sell - stop_loss,94039.8,93099.402,54503348440.5,-1.05,1809.55
2025-03-02 19:00:00+00:00,long,buy,92750.4,,54476096766.28,-0.05,1809.5
2025-03-03 06:51:00+00:00,long,sell - stop_loss,92750.4,91822.896,53904097750.24,-1.05,1808.45
2025-03-03 07:00:00+00:00,long,buy,91608.1,,53877145701.36,-0.05,1808.4
2025-03-03 14:00:00+00:00,long,sell - direction_change,91608.1,93530.0,54980527332.98,2.05,1810.45
2025-03-03 14:00:00+00:00,short,buy,93530.0,,54953037069.32,-0.05,1810.4
2025-03-03 14:43:00+00:00,short,sell - take_profit,93530.0,90724.09999999999,56574151662.86,2.95,1813.35
2025-03-03 15:00:00+00:00,short,buy,89239.9,,56545864587.03,-0.05,1813.3
2025-03-03 15:04:00+00:00,short,sell - stop_loss,89239.9,90132.299,55952133008.87,-1.05,1812.25
2025-03-03 16:00:00+00:00,short,buy,90009.5,,55924156942.36,-0.05,1812.2
2025-03-03 17:43:00+00:00,short,sell - stop_loss,90009.5,90909.595,55336953294.47,-1.05,1811.15
2025-03-03 18:00:00+00:00,short,buy,90258.0,,55309284817.82,-0.05,1811.1
2025-03-03 18:28:00+00:00,short,sell - take_profit,90258.0,87550.26,56940908719.95,2.95,1814.05
2025-03-03 19:00:00+00:00,short,buy,87100.0,,56912438265.59,-0.05,1814.0
2025-03-04 01:39:00+00:00,short,sell - take_profit,87100.0,84487.0,58591355194.42,2.95,1816.95
2025-03-04 02:00:00+00:00,short,buy,83354.2,,58562059516.82,-0.05,1816.9
2025-03-04 02:54:00+00:00,short,sell - stop_loss,83354.2,84187.742,57947157891.9,-1.05,1815.85
2025-03-04 03:00:00+00:00,short,buy,83878.9,,57918184312.95,-0.05,1815.8
2025-03-04 14:37:00+00:00,short,sell - stop_loss,83878.9,84717.689,57310043377.66,-1.05,1814.75
2025-03-04 15:00:00+00:00,short,buy,83157.1,,57281388355.98,-0.05,1814.7
2025-03-04 17:00:00+00:00,short,sell - direction_change,83157.1,83507.4,57011449319.97,-0.47,1814.23
2025-03-04 17:00:00+00:00,long,buy,83507.4,,56982943595.31,-0.05,1814.18
2025-03-04 18:51:00+00:00,long,sell - take_profit,83507.4,86012.622,58663940431.37,2.95,1817.13
2025-03-04 19:00:00+00:00,long,buy,86708.9,,58634608461.16,-0.05,1817.08
2025-03-05 10:26:00+00:00,long,sell - take_profit,86708.9,89310.167,60364329410.76,2.95,1820.03
2025-03-05 11:00:00+00:00,long,buy,89880.4,,60334147246.06,-0.05,1819.98
2025-03-05 14:36:00+00:00,long,sell - stop_loss,89880.4,88981.59599999999,59700638699.97,-1.05,1818.93
2025-03-05 15:00:00+00:00,long,buy,88477.3,,59670788380.62,-0.05,1818.88
2025-03-05 16:12:00+00:00,long,sell - stop_loss,88477.3,87592.527,59044245102.63,-1.05,1817.83
2025-03-05 17:00:00+00:00,long,buy,88878.0,,59014722980.07,-0.05,1817.78
2025-03-06 01:47:00+00:00,long,sell - take_profit,88878.0,91544.34,60755657307.99,2.95,1820.73
2025-03-06 02:00:00+00:00,long,buy,91003.6,,60725279479.33,-0.05,1820.68
2025-03-06 12:00:00+00:00,long,sell - direction_change,91003.6,91319.2,60905511785.33,0.3,1820.97
2025-03-06 12:00:00+00:00,short,buy,91319.2,,60875059029.44,-0.05,1820.92
2025-03-06 15:00:00+00:00,short,sell - direction_change,91319.2,89770.4,61877080078.45,1.65,1822.57
2025-03-06 15:00:00+00:00,long,buy,89770.4,,61846141538.41,-0.05,1822.52
2025-03-06 16:00:00+00:00,long,sell - direction_change,89770.4,90777.9,62509322399.45,1.07,1823.59
2025-03-06 16:00:00+00:00,short,buy,90777.9,,62478067738.25,-0.05,1823.54
2025-03-06 17:49:00+00:00,short,sell - take_profit,90777.9,88054.563,64321170736.53,2.95,1826.49
2025-03-06 18:00:00+00:00,short,buy,88584.9,,64289010151.16,-0.05,1826.44
2025-03-06 21:14:00+00:00,short,sell - stop_loss,88584.9,89470.749,63613975544.58,-1.05,1825.39
2025-03-06 22:00:00+00:00,long,buy,89872.6,,63582168556.8,-0.05,1825.34
2025-03-07 00:00:00+00:00,long,sell - direction_change,89872.6,89887.9,63561201763.57,-0.03,1825.31
2025-03-07 00:00:00+00:00,short,buy,89887.9,,63529421162.68,-0.05,1825.26
2025-03-07 00:13:00+00:00,short,sell - stop_loss,89887.9,90786.779,62862362240.48,-1.05,1824.21
2025-03-07 01:00:00+00:00,short,buy,85477.8,,62830931059.36,-0.05,1824.16
2025-03-07 01:11:00+00:00,short,sell - stop_loss,85477.8,86332.57800000001,62171206283.23,-1.05,1823.11
2025-03-07 02:00:00+00:00,short,buy,88209.9,,62140120680.09,-0.05,1823.06
2025-03-07 09:29:00+00:00,short,sell - stop_loss,88209.9,89091.999,61487649412.95,-1.05,1822.01
2025-03-07 10:00:00+00:00,long,buy,88888.7,,61456905588.24,-0.05,1821.96
2025-03-07 15:37:00+00:00,long,sell - stop_loss,88888.7,87999.813,60811608079.57,-1.05,1820.91
2025-03-07 16:00:00+00:00,short,buy,88425.0,,60781202275.53,-0.05,1820.86
2025-03-07 18:00:00+00:00,short,sell - direction_change,88425.0,87652.5,61281809455.08,0.82,1821.68
2025-03-07 18:00:00+00:00,long,buy,87652.5,,61251168550.36,-0.05,1821.63
2025-03-07 19:00:00+00:00,long,sell - direction_change,87652.5,88560.7,61855188997.6,0.99,1822.62
2025-03-07 19:00:00+00:00,short,buy,88560.7,,61824261403.1,-0.05,1822.57
2025-03-07 21:06:00+00:00,short,sell - take_profit,88560.7,85903.879,63648077114.49,2.95,1825.52
2025-03-07 22:00:00+00:00,short,buy,86260.0,,63616253075.93,-0.05,1825.47
2025-03-08 13:00:00+00:00,short,sell - direction_change,86260.0,86166.1,63653695658.46,0.06,1825.53
2025-03-08 13:00:00+00:00,long,buy,86166.1,,63621868810.63,-0.05,1825.48
2025-03-08 16:00:00+00:00,long,sell - direction_change,86166.1,86360.0,63733226481.54,0.18,1825.65
2025-03-08 16:00:00+00:00,short,buy,86360.0,,63701359868.3,-0.05,1825.6
2025-03-08 18:00:00+00:00,short,sell - direction_change,86360.0,85900.0,64008817033.89,0.48,1826.08
2025-03-08 18:00:00+00:00,long,buy,85900.0,,63976812625.37,-0.05,1826.03
2025-03-09 02:00:00+00:00,long,sell - direction_change,85900.0,86146.3,64128264136.98,0.24,1826.27
2025-03-09 02:00:00+00:00,short,buy,86146.3,,64096200004.91,-0.05,1826.22
2025-03-09 13:59:00+00:00,short,sell - take_profit,86146.3,83561.91100000001,65987037905.06,2.95,1829.17
2025-03-09 14:00:00+00:00,short,buy,83427.8,,65954044386.1,-0.05,1829.12
2025-03-09 22:33:00+00:00,short,sell - take_profit,83427.8,80924.966,67899688695.49,2.95,1832.07
2025-03-09 23:00:00+00:00,short,buy,80319.1,,67865738851.15,-0.05,1832.02
2025-03-10 00:04:00+00:00,short,sell - stop_loss,80319.1,81122.29100000001,67153148593.21,-1.05,1830.97
2025-03-10 01:00:00+00:00,short,buy,81242.0,,67119572018.91,-0.05,1830.92
2025-03-10 02:00:00+00:00,short,sell - direction_change,81242.0,81715.3,66694986735.79,-0.63,1830.29
2025-03-10 02:00:00+00:00,long,buy,81715.3,,66661639242.42,-0.05,1830.24
2025-03-10 03:00:00+00:00,long,sell - direction_change,81715.3,82159.4,66990595950.2,0.49,1830.73
2025-03-10 03:00:00+00:00,short,buy,82159.4,,66957100652.22,-0.05,1830.68
2025-03-10 04:00:00+00:00,short,sell - direction_change,82159.4,82000.1,67053446152.87,0.14,1830.83
2025-03-10 04:00:00+00:00,long,buy,82000.1,,67019919429.8,-0.05,1830.78
2025-03-10 08:57:00+00:00,long,sell - stop_loss,82000.1,81180.099,66316210275.78,-1.05,1829.73
2025-03-10 09:00:00+00:00,long,buy,81309.8,,66283052170.65,-0.05,1829.68
2025-03-10 09:24:00+00:00,long,sell - take_profit,81309.8,83749.09400000001,68238402209.68,2.95,1832.63
2025-03-10 10:00:00+00:00,long,buy,82461.8,,68204283008.58,-0.05,1832.58
2025-03-10 10:27:00+00:00,long,sell - stop_loss,82461.8,81637.182,67488138036.99,-1.05,1831.53
2025-03-10 11:00:00+00:00,long,buy,82239.5,,67454393967.97,-0.05,1831.48
2025-03-10 13:00:00+00:00,long,sell - direction_change,82239.5,83208.0,68215048796.14,1.13,1832.6
2025-03-10 13:00:00+00:00,short,buy,83208.0,,68180941271.74,-0.05,1832.55
2025-03-10 14:03:00+00:00,short,sell - take_profit,83208.0,80711.76,70192279039.26,2.95,1835.5
2025-03-10 15:00:00+00:00,short,buy,79813.7,,70157182899.74,-0.05,1835.45
2025-03-10 15:32:00+00:00,short,sell - stop_loss,79813.7,80611.837,69420532479.29,-1.05,1834.4
2025-03-10 16:00:00+00:00,short,buy,80009.7,,69385822213.05,-0.05,1834.35
2025-03-10 18:57:00+00:00,short,sell - take_profit,80009.7,77609.409,71432703968.34,2.95,1837.3
2025-03-10 19:00:00+00:00,short,buy,77620.6,,71396987616.35,-0.05,1837.25
2025-03-10 19:16:00+00:00,short,sell - stop_loss,77620.6,78396.80600000001,70647319246.38,-1.05,1836.2
2025-03-10 20:00:00+00:00,short,buy,79035.3,,70611995586.76,-0.05,1836.15
2025-03-10 21:36:00+00:00,short,sell - stop_loss,79035.3,79825.653,69870569633.1,-1.05,1835.1
2025-03-10 22:00:00+00:00,short,buy,79528.0,,69835634348.28,-0.05,1835.05
2025-03-11 00:33:00+00:00,short,sell - take_profit,79528.0,77142.16,71895785561.56,2.95,1838.0
2025-03-11 01:00:00+00:00,short,buy,77630.6,,71859837668.77,-0.05,1837.95
2025-03-11 01:36:00+00:00,short,sell - stop_loss,77630.6,78406.906,71105309373.25,-1.05,1836.9
2025-03-11 02:00:00+00:00,short,buy,79084.1,,71069756718.57,-0.05,1836.85
2025-03-11 03:00:00+00:00,short,sell - direction_change,79084.1,79314.9,70826810997.18,-0.34,1836.51
2025-03-11 03:00:00+00:00,long,buy,79314.9,,70791397591.69,-0.05,1836.46
2025-03-11 09:34:00+00:00,long,sell - take_profit,79314.9,81694.347,72879743820.64,2.95,1839.41
2025-03-11 10:00:00+00:00,long,buy,81419.9,,72843303948.73,-0.05,1839.36
2025-03-11 13:09:00+00:00,long,sell - stop_loss,81419.9,80605.70099999999,72078449257.27,-1.05,1838.31
2025-03-11 14:00:00+00:00,long,buy,80864.1,,72042410032.64,-0.05,1838.26
2025-03-11 14:04:00+00:00,long,sell - stop_loss,80864.1,80055.459,71285964727.3,-1.05,1837.21
2025-03-11 15:00:00+00:00,long,buy,79741.9,,71250321744.93,-0.05,1837.16
2025-03-11 18:11:00+00:00,long,sell - take_profit,79741.9,82134.15699999999,73352206236.41,2.95,1840.11
2025-03-11 19:00:00+00:00,long,buy,83226.4,,73315530133.29,-0.05,1840.06
2025-03-12 02:35:00+00:00,long,sell - stop_loss,83226.4,82394.136,72545717066.89,-1.05,1839.01
2025-03-12 03:00:00+00:00,long,buy,82392.6,,72509444208.36,-0.05,1838.96
2025-03-12 05:00:00+00:00,long,sell - direction_change,82392.6,81776.6,71931079908.06,-0.8,1838.16
2025-03-12 05:00:00+00:00,short,buy,81776.6,,71895114368.11,-0.05,1838.11
2025-03-12 07:00:00+00:00,short,sell - direction_change,81776.6,81380.0,72207843600.59,0.43,1838.55
2025-03-12 07:00:00+00:00,long,buy,81380.0,,72171739678.79,-0.05,1838.5
2025-03-12 12:30:00+00:00,long,sell - take_profit,81380.0,83821.40000000001,74300805999.32,2.95,1841.45
2025-03-12 13:00:00+00:00,long,buy,84021.4,,74263655596.32,-0.05,1841.4
2025-03-12 13:30:00+00:00,long,sell - stop_loss,84021.4,83181.18599999999,73483887212.56,-1.05,1840.35
2025-03-12 14:00:00+00:00,short,buy,82649.9,,73447145268.95,-0.05,1840.3
2025-03-12 19:00:00+00:00,short,sell - direction_change,82649.9,82589.9,73463740922.55,0.02,1840.32
2025-03-12 19:00:00+00:00,long,buy,82589.9,,73427009052.09,-0.05,1840.27
2025-03-13 08:00:00+00:00,long,sell - direction_change,82589.9,83118.6,73860339217.38,0.59,1840.86
2025-03-13 08:00:00+00:00,short,buy,83118.6,,73823409047.77,-0.05,1840.81
2025-03-13 09:00:00+00:00,short,sell - direction_change,83118.6,82932.5,73951785695.36,0.17,1840.99
2025-03-13 09:00:00+00:00,long,buy,82932.5,,73914809802.51,-0.05,1840.94
2025-03-13 10:00:00+00:00,long,sell - direction_change,82932.5,83399.4,74293983886.43,0.51,1841.45
2025-03-13 10:00:00+00:00,short,buy,83399.4,,74256836894.49,-0.05,1841.4
2025-03-13 16:06:00+00:00,short,sell - take_profit,83399.4,80897.41799999999,76447413582.88,2.95,1844.35
2025-03-13 17:00:00+00:00,short,buy,80850.1,,76409189876.08,-0.05,1844.3
2025-03-14 01:00:00+00:00,short,sell - direction_change,80850.1,81458.0,75796475830.62,-0.8,1843.5
2025-03-14 01:00:00+00:00,long,buy,81458.0,,75758577592.71,-0.05,1843.45
2025-03-14 15:03:00+00:00,long,sell - take_profit,81458.0,83901.74,77993455631.69,2.95,1846.4
2025-03-14 16:00:00+00:00,long,buy,84692.1,,77954458903.88,-0.05,1846.35
2025-03-14 20:21:00+00:00,long,sell - stop_loss,84692.1,83845.179,77135937085.39,-1.05,1845.3
2025-03-14 21:00:00+00:00,long,buy,84083.9,,77097369116.84,-0.05,1845.25
2025-03-15 05:00:00+00:00,long,sell - direction_change,84083.9,84413.1,77360667205.73,0.34,1845.59
2025-03-15 05:00:00+00:00,short,buy,84413.1,,77321986872.12,-0.05,1845.54
2025-03-15 06:00:00+00:00,short,sell - direction_change,84413.1,84218.2,77461853325.75,0.18,1845.72
2025-03-15 06:00:00+00:00,long,buy,84218.2,,77423122399.08,-0.05,1845.67
2025-03-15 07:00:00+00:00,long,sell - direction_change,84218.2,84145.4,77317484647.22,-0.14,1845.53
2025-03-15 07:00:00+00:00,short,buy,84145.4,,77278825904.9,-0.05,1845.48
2025-03-15 13:00:00+00:00,short,sell - direction_change,84145.4,84093.0,77288310459.24,0.01,1845.49
2025-03-15 13:00:00+00:00,long,buy,84093.0,,77249666304.01,-0.05,1845.44
2025-03-15 14:00:00+00:00,long,sell - direction_change,84093.0,84406.3,77498845693.0,0.32,1845.77
2025-03-15 14:00:00+00:00,short,buy,84406.3,,77460096270.15,-0.05,1845.72
2025-03-15 15:00:00+00:00,short,sell - direction_change,84406.3,84108.4,77694750586.44,0.3,1846.02
2025-03-15 15:00:00+00:00,long,buy,84108.4,,77655903211.15,-0.05,1845.97
2025-03-16 01:00:00+00:00,long,sell - direction_change,84108.4,84214.0,77714574003.77,0.08,1846.05
2025-03-16 01:00:00+00:00,short,buy,84214.0,,77675716716.77,-0.05,1846.0
2025-03-16 04:00:00+00:00,short,sell - direction_change,84214.0,84296.0,77561245249.15,-0.15,1845.85
2025-03-16 04:00:00+00:00,long,buy,84296.0,,77522464626.52,-0.05,1845.8
2025-03-16 06:00:00+00:00,long,sell - direction_change,84296.0,84350.2,77533548198.03,0.01,1845.81
2025-03-16 06:00:00+00:00,short,buy,84350.2,,77494781423.93,-0.05,1845.76
2025-03-17 03:00:00+00:00,short,sell - direction_change,84350.2,83173.5,78537099748.55,1.35,1847.11
2025-03-17 03:00:00+00:00,long,buy,83173.5,,78497831198.68,-0.05,1847.06
2025-03-17 05:00:00+00:00,long,sell - direction_change,83173.5,83589.6,78851290868.89,0.45,1847.51
2025-03-17 05:00:00+00:00,short,buy,83589.6,,78811865223.45,-0.05,1847.46
2025-03-17 06:00:00+00:00,short,sell - direction_change,83589.6,83088.8,79244635041.22,0.55,1848.01
2025-03-17 06:00:00+00:00,long,buy,83088.8,,79205012723.7,-0.05,1847.96
2025-03-17 12:00:00+00:00,long,sell - direction_change,83088.8,83475.0,79533558221.81,0.41,1848.37
2025-03-17 12:00:00+00:00,short,buy,83475.0,,79493791442.7,-0.05,1848.32
2025-03-17 15:00:00+00:00,short,sell - direction_change,83475.0,82873.1,80027237875.15,0.67,1848.99
2025-03-17 15:00:00+00:00,long,buy,82873.1,,79987224256.21,-0.05,1848.94
2025-03-18 01:00:00+00:00,long,sell - direction_change,82873.1,83752.5,80796007448.75,1.01,1849.95
2025-03-18 01:00:00+00:00,short,buy,83752.5,,80755609445.03,-0.05,1849.9
2025-03-18 13:48:00+00:00,short,sell - take_profit,83752.5,81239.925,83137899923.66,2.95,1852.85
2025-03-18 14:00:00+00:00,short,buy,81330.3,,83096330973.69,-0.05,1852.8
2025-03-18 15:39:00+00:00,short,sell - stop_loss,81330.3,82143.603,82223819498.47,-1.05,1851.75
2025-03-18 16:00:00+00:00,short,buy,81567.5,,82182707588.72,-0.05,1851.7
2025-03-18 19:57:00+00:00,short,sell - stop_loss,81567.5,82383.175,81319789159.04,-1.05,1850.65
2025-03-18 20:00:00+00:00,short,buy,82273.5,,81279129264.46,-0.05,1850.6
2025-03-18 23:00:00+00:00,short,sell - direction_change,82273.5,82350.1,81162815499.73,-0.14,1850.46
2025-03-18 23:00:00+00:00,long,buy,82350.1,,81122234091.98,-0.05,1850.41
2025-03-19 15:53:00+00:00,long,sell - take_profit,82350.1,84820.603,83515339997.69,2.95,1853.36
2025-03-19 16:00:00+00:00,long,buy,84693.3,,83473582327.7,-0.05,1853.31
2025-03-19 17:45:00+00:00,long,sell - stop_loss,84693.3,83846.367,82597109713.25,-1.05,1852.26
2025-03-19 18:00:00+00:00,long,buy,84188.0,,82555811158.4,-0.05,1852.21
2025-03-19 23:26:00+00:00,long,sell - take_profit,84188.0,86713.64,84991207587.57,2.95,1855.16
2025-03-20 00:00:00+00:00,long,buy,86809.8,,84948711983.78,-0.05,1855.11
2025-03-20 00:51:00+00:00,long,sell - stop_loss,86809.8,85941.702,84056750507.95,-1.05,1854.06
2025-03-20 01:00:00+00:00,long,buy,85979.9,,84014722132.69,-0.05,1854.01
2025-03-20 10:18:00+00:00,long,sell - stop_loss,85979.9,85120.101,83132567550.3,-1.05,1852.96
2025-03-20 11:00:00+00:00,long,buy,85135.7,,83091001266.53,-0.05,1852.91
2025-03-20 15:00:00+00:00,long,sell - direction_change,85135.7,86123.6,84013629433.94,1.11,1854.02
2025-03-20 15:00:00+00:00,short,buy,86123.6,,83971622619.23,-0.05,1853.97
2025-03-21 04:00:00+00:00,short,sell - direction_change,86123.6,84410.0,85600418945.69,1.94,1855.91
2025-03-21 04:00:00+00:00,long,buy,84410.0,,85557618736.21,-0.05,1855.86
2025-03-21 05:00:00+00:00,long,sell - direction_change,84410.0,84621.2,85728911352.94,0.2,1856.06
2025-03-21 05:00:00+00:00,short,buy,84621.2,,85686046897.27,-0.05,1856.01
2025-03-21 18:00:00+00:00,short,sell - direction_change,84621.2,83976.8,86295712803.27,0.71,1856.72
2025-03-21 18:00:00+00:00,long,buy,83976.8,,86252564946.87,-0.05,1856.67
2025-03-21 19:00:00+00:00,long,sell - direction_change,83976.8,84070.4,86305575217.33,0.06,1856.73
2025-03-21 19:00:00+00:00,short,buy,84070.4,,86262422429.73,-0.05,1856.68
2025-03-21 20:00:00+00:00,short,sell - direction_change,84070.4,83925.0,86368482327.64,0.12,1856.81
2025-03-21 20:00:00+00:00,long,buy,83925.0,,86325298086.48,-0.05,1856.76
2025-03-22 13:00:00+00:00,long,sell - direction_change,83925.0,84194.4,86559240415.74,0.27,1857.03
2025-03-22 13:00:00+00:00,short,buy,84194.4,,86515960795.54,-0.05,1856.98
2025-03-22 17:00:00+00:00,short,sell - direction_change,84194.4,84097.9,86571863688.27,0.06,1857.04
2025-03-22 17:00:00+00:00,long,buy,84097.9,,86528577756.43,-0.05,1856.99
2025-03-22 19:00:00+00:00,long,sell - direction_change,84097.9,84205.6,86596126315.72,0.08,1857.07
2025-03-22 19:00:00+00:00,short,buy,84205.6,,86552828252.56,-0.05,1857.02
2025-03-23 02:00:00+00:00,short,sell - direction_change,84205.6,84023.3,86696933444.77,0.17,1857.19
2025-03-23 02:00:00+00:00,long,buy,84023.3,,86653584978.05,-0.05,1857.14
2025-03-23 04:00:00+00:00,long,sell - direction_change,84023.3,84195.1,86787436252.83,0.15,1857.29
2025-03-23 04:00:00+00:00,short,buy,84195.1,,86744042534.7,-0.05,1857.24
2025-03-23 05:00:00+00:00,short,sell - direction_change,84195.1,84064.9,86834812219.28,0.1,1857.35
2025-03-23 05:00:00+00:00,long,buy,84064.9,,86791394813.17,-0.05,1857.3
2025-03-24 00:34:00+00:00,long,sell - take_profit,84064.9,86586.847,89351740960.16,2.95,1860.25
2025-03-24 01:00:00+00:00,long,buy,85994.8,,89307065089.68,-0.05,1860.2
2025-03-24 14:18:00+00:00,long,sell - take_profit,85994.8,88574.644,91941623509.82,2.95,1863.15
2025-03-24 15:00:00+00:00,long,buy,87921.0,,91895652698.07,-0.05,1863.1
2025-03-24 23:23:00+00:00,long,sell - stop_loss,87921.0,87041.79,90930748344.74,-1.05,1862.05
2025-03-25 00:00:00+00:00,long,buy,87463.4,,90885282970.57,-0.05,1862.0
2025-03-25 01:00:00+00:00,long,sell - direction_change,87463.4,87556.4,90936478823.77,0.06,1862.05
2025-03-25 01:00:00+00:00,short,buy,87556.4,,90891010584.36,-0.05,1862.0
2025-03-25 11:00:00+00:00,short,sell - direction_change,87556.4,87085.6,91334295631.98,0.49,1862.49
2025-03-25 11:00:00+00:00,long,buy,87085.6,,91288628484.16,-0.05,1862.44
2025-03-25 12:00:00+00:00,long,sell - direction_change,87085.6,87323.4,91492261155.48,0.22,1862.66
2025-03-25 12:00:00+00:00,short,buy,87323.4,,91446515024.9,-0.05,1862.61
2025-03-25 13:00:00+00:00,short,sell - direction_change,87323.4,87044.0,91693384088.55,0.27,1862.88
2025-03-25 13:00:00+00:00,long,buy,87044.0,,91647537396.51,-0.05,1862.83
2025-03-25 23:00:00+00:00,long,sell - direction_change,87044.0,87412.7,91989913239.94,0.37,1863.21
2025-03-25 23:00:00+00:00,short,buy,87412.7,,91943918283.32,-0.05,1863.16
2025-03-26 00:00:00+00:00,short,sell - direction_change,87412.7,87369.9,91942964950.79,-0.0,1863.16
2025-03-26 00:00:00+00:00,long,buy,87369.9,,91896993468.31,-0.05,1863.11
2025-03-26 02:00:00+00:00,long,sell - direction_change,87369.9,87794.1,92297225001.88,0.44,1863.54
2025-03-26 02:00:00+00:00,short,buy,87794.1,,92251076389.38,-0.05,1863.49
2025-03-26 06:00:00+00:00,short,sell - direction_change,87794.1,87480.0,92534996527.31,0.31,1863.8
2025-03-26 06:00:00+00:00,long,buy,87480.0,,92488729029.04,-0.05,1863.75
2025-03-26 13:00:00+00:00,long,sell - direction_change,87480.0,87767.5,92746445679.57,0.28,1864.03
2025-03-26 13:00:00+00:00,short,buy,87767.5,,92700072456.73,-0.05,1863.98
2025-03-27 00:00:00+00:00,short,sell - direction_change,87767.5,86873.9,93597543137.14,0.97,1864.95
2025-03-27 00:00:00+00:00,long,buy,86873.9,,93550744365.57,-0.05,1864.9
2025-03-27 10:00:00+00:00,long,sell - direction_change,86873.9,87369.4,94037551505.89,0.52,1865.42
2025-03-27 10:00:00+00:00,short,buy,87369.4,,93990532730.14,-0.05,1865.37
2025-03-27 14:00:00+00:00,short,sell - direction_change,87369.4,86338.5,95052562364.84,1.13,1866.5
2025-03-27 14:00:00+00:00,long,buy,86338.5,,95005036083.66,-0.05,1866.45
2025-03-27 15:00:00+00:00,long,sell - direction_change,86338.5,87240.0,95949524856.05,0.99,1867.44
2025-03-27 15:00:00+00:00,short,buy,87240.0,,95901550093.63,-0.05,1867.39
2025-03-27 18:00:00+00:00,short,sell - direction_change,87240.0,86855.4,96276384006.41,0.39,1867.78
2025-03-27 18:00:00+00:00,long,buy,86855.4,,96228245814.4,-0.05,1867.73
2025-03-27 19:00:00+00:00,long,sell - direction_change,86855.4,87157.0,96514278318.39,0.3,1868.03
2025-03-27 19:00:00+00:00,short,buy,87157.0,,96466021179.23,-0.05,1867.98
2025-03-27 20:00:00+00:00,short,sell - direction_change,87157.0,87025.9,96562890631.74,0.1,1868.08
2025-03-27 20:00:00+00:00,long,buy,87025.9,,96514609186.43,-0.05,1868.03
2025-03-28 02:00:00+00:00,long,sell - direction_change,87025.9,87196.0,96654998422.95,0.15,1868.17
2025-03-28 02:00:00+00:00,short,buy,87196.0,,96606670923.74,-0.05,1868.12
2025-03-28 14:08:00+00:00,short,sell - take_profit,87196.0,84580.12,99456567715.99,2.95,1871.07
2025-03-28 15:00:00+00:00,short,buy,84133.9,,99406839432.13,-0.05,1871.02
2025-03-29 00:00:00+00:00,short,sell - direction_change,84133.9,84380.8,99065415925.08,-0.34,1870.68
2025-03-29 00:00:00+00:00,long,buy,84380.8,,99015883217.12,-0.05,1870.63
2025-03-29 02:00:00+00:00,long,sell - direction_change,84380.8,84240.1,98801272138.68,-0.22,1870.41
2025-03-29 02:00:00+00:00,short,buy,84240.1,,98751871502.61,-0.05,1870.36
2025-03-29 03:00:00+00:00,short,sell - direction_change,84240.1,83822.0,99192620311.19,0.45,1870.81
2025-03-29 03:00:00+00:00,long,buy,83822.0,,99143024001.04,-0.05,1870.76
2025-03-29 05:00:00+00:00,long,sell - direction_change,83822.0,84041.3,99352836244.65,0.21,1870.97
2025-03-29 05:00:00+00:00,short,buy,84041.3,,99303159826.53,-0.05,1870.92
2025-03-29 21:00:00+00:00,short,sell - direction_change,84041.3,82466.6,101114173012.38,1.82,1872.75
2025-03-29 21:00:00+00:00,long,buy,82466.6,,101063615925.87,-0.05,1872.7
2025-03-29 22:00:00+00:00,long,sell - direction_change,82466.6,82476.9,101025706867.53,-0.04,1872.66
2025-03-29 22:00:00+00:00,short,buy,82476.9,,100975194014.1,-0.05,1872.61
2025-03-29 23:00:00+00:00,short,sell - direction_change,82476.9,82355.7,101073089703.98,0.1,1872.71
2025-03-29 23:00:00+00:00,long,buy,82355.7,,101022553159.13,-0.05,1872.66
2025-03-30 13:00:00+00:00,long,sell - direction_change,82355.7,83037.2,101808011584.44,0.78,1873.43
2025-03-30 13:00:00+00:00,short,buy,83037.2,,101757107578.65,-0.05,1873.38
2025-03-31 10:00:00+00:00,short,sell - direction_change,83037.2,81419.9,103688133160.44,1.9,1875.28
2025-03-31 10:00:00+00:00,long,buy,81419.9,,103636289093.86,-0.05,1875.23
2025-03-31 15:25:00+00:00,long,sell - take_profit,81419.9,83862.497,106693559622.13,2.95,1878.18
2025-03-31 16:00:00+00:00,long,buy,83373.3,,106640212842.32,-0.05,1878.13
2025-03-31 17:46:00+00:00,long,sell - stop_loss,83373.3,82539.567,105520490607.47,-1.05,1877.08
2025-03-31 18:00:00+00:00,long,buy,82627.6,,105467730362.17,-0.05,1877.03
2025-03-31 22:00:00+00:00,long,sell - direction_change,82627.6,82528.9,105289013593.13,-0.17,1876.86
2025-03-31 22:00:00+00:00,short,buy,82528.9,,105236369086.33,-0.05,1876.81
2025-03-31 23:00:00+00:00,short,sell - direction_change,82528.9,82372.3,105383438712.96,0.14,1876.95
2025-03-31 23:00:00+00:00,long,buy,82372.3,,105330746993.6,-0.05,1876.9
2025-04-01 01:00:00+00:00,long,sell - direction_change,82372.3,82598.4,105567199222.69,0.22,1877.13
2025-04-01 01:00:00+00:00,short,buy,82598.4,,105514415623.08,-0.05,1877.08
2025-04-01 02:00:00+00:00,short,sell - direction_change,82598.4,82670.9,105369044089.41,-0.14,1876.94
2025-04-01 02:00:00+00:00,long,buy,82670.9,,105316359567.36,-0.05,1876.89
2025-04-01 15:18:00+00:00,long,sell - take_profit,82670.9,85151.027,108423192174.6,2.95,1879.84
2025-04-01 16:00:00+00:00,long,buy,85245.5,,108368980578.51,-0.05,1879.79
2025-04-02 02:00:00+00:00,long,sell - direction_change,85245.5,85101.3,108131480757.8,-0.22,1879.57
2025-04-02 02:00:00+00:00,short,buy,85101.3,,108077415017.42,-0.05,1879.52
2025-04-02 08:00:00+00:00,short,sell - direction_change,85101.3,84389.7,108927097974.88,0.79,1880.3
2025-04-02 08:00:00+00:00,long,buy,84389.7,,108872634425.89,-0.05,1880.25
2025-04-02 11:00:00+00:00,long,sell - direction_change,84389.7,84822.7,109376819015.1,0.46,1880.72
2025-04-02 11:00:00+00:00,short,buy,84822.7,,109322130605.59,-0.05,1880.67
2025-04-02 12:00:00+00:00,short,sell - direction_change,84822.7,84528.3,109646901405.23,0.3,1880.96
2025-04-02 12:00:00+00:00,long,buy,84528.3,,109592077954.52,-0.05,1880.91
2025-04-02 15:33:00+00:00,long,sell - take_profit,84528.3,87064.149,112825044254.18,2.95,1883.86
2025-04-02 16:00:00+00:00,long,buy,86709.5,,112768631732.05,-0.05,1883.81
2025-04-02 20:27:00+00:00,long,sell - stop_loss,86709.5,85842.405,111584561098.87,-1.05,1882.76
2025-04-02 21:00:00+00:00,long,buy,85623.2,,111528768818.32,-0.05,1882.71
2025-04-02 21:06:00+00:00,long,sell - stop_loss,85623.2,84766.968,110357716745.73,-1.05,1881.66
2025-04-02 22:00:00+00:00,short,buy,84812.8,,110302537887.35,-0.05,1881.61
2025-04-03 00:03:00+00:00,short,sell - take_profit,84812.8,82268.416,113556462755.03,2.95,1884.56
2025-04-03 01:00:00+00:00,short,buy,83182.0,,113499684523.65,-0.05,1884.51
2025-04-03 22:00:00+00:00,short,sell - direction_change,83182.0,82679.9,114128037126.62,0.55,1885.07
2025-04-03 22:00:00+00:00,long,buy,82679.9,,114070973108.06,-0.05,1885.02
2025-04-04 10:00:00+00:00,long,sell - direction_change,82679.9,84532.3,116569638228.13,2.19,1887.21
2025-04-04 10:00:00+00:00,short,buy,84532.3,,116511353409.01,-0.05,1887.16
2025-04-04 11:21:00+00:00,short,sell - take_profit,84532.3,81996.331,119948438334.58,2.95,1890.11
2025-04-04 12:00:00+00:00,long,buy,82633.7,,119888464115.41,-0.05,1890.06
2025-04-04 14:00:00+00:00,long,sell - direction_change,82633.7,83304.2,120801309619.13,0.76,1890.82
2025-04-04 14:00:00+00:00,short,buy,83304.2,,120740908964.32,-0.05,1890.77
2025-04-04 16:00:00+00:00,short,sell - direction_change,83304.2,82821.9,121379582980.51,0.53,1891.3
2025-04-04 16:00:00+00:00,long,buy,82821.9,,121318893189.02,-0.05,1891.25
2025-04-05 05:00:00+00:00,long,sell - direction_change,82821.9,83648.2,122468611691.28,0.95,1892.2
2025-04-05 05:00:00+00:00,short,buy,83648.2,,122407377385.43,-0.05,1892.15
2025-04-05 09:00:00+00:00,short,sell - direction_change,83648.2,83479.7,122592749750.85,0.15,1892.3
2025-04-05 09:00:00+00:00,long,buy,83479.7,,122531453375.97,-0.05,1892.25
2025-04-05 10:00:00+00:00,long,sell - direction_change,83479.7,83804.2,122946488553.82,0.34,1892.59
2025-04-05 10:00:00+00:00,short,buy,83804.2,,122885015309.55,-0.05,1892.54
2025-04-05 23:00:00+00:00,short,sell - direction_change,83804.2,83147.5,123786514868.68,0.73,1893.27
2025-04-05 23:00:00+00:00,long,buy,83147.5,,123724621611.25,-0.05,1893.22
2025-04-06 06:00:00+00:00,long,sell - direction_change,83147.5,83411.1,124054999719.66,0.27,1893.49
2025-04-06 06:00:00+00:00,short,buy,83411.1,,123992972219.8,-0.05,1893.44
2025-04-06 17:45:00+00:00,short,sell - take_profit,83411.1,80908.767,127650764900.28,2.95,1896.39
2025-04-06 18:00:00+00:00,short,buy,80765.9,,127586939517.83,-0.05,1896.34
2025-04-06 22:01:00+00:00,short,sell - take_profit,80765.9,78342.923,131350754233.61,2.95,1899.29
2025-04-06 23:00:00+00:00,short,buy,78034.4,,131285078856.49,-0.05,1899.24
2025-04-07 01:14:00+00:00,short,sell - stop_loss,78034.4,78814.74399999999,129906585528.5,-1.05,1898.19
2025-04-07 02:00:00+00:00,short,buy,79093.9,,129841632235.73,-0.05,1898.14
2025-04-07 04:41:00+00:00,short,sell - take_profit,79093.9,76721.083,133671960386.69,2.95,1901.09
2025-04-07 05:00:00+00:00,short,buy,76959.9,,133605124406.5,-0.05,1901.04
2025-04-07 06:47:00+00:00,short,sell - take_profit,76959.9,74651.10299999999,137546475576.49,2.95,1903.99
2025-04-07 07:00:00+00:00,short,buy,74781.4,,137477702338.7,-0.05,1903.94
2025-04-07 08:02:00+00:00,short,sell - stop_loss,74781.4,75529.21399999999,136034186464.14,-1.05,1902.89
2025-04-07 09:00:00+00:00,short,buy,76223.1,,135966169370.91,-0.05,1902.84
2025-04-07 10:12:00+00:00,short,sell - stop_loss,76223.1,76985.331,134538524592.52,-1.05,1901.79
2025-04-07 11:00:00+00:00,short,buy,76954.0,,134471255330.22,-0.05,1901.74
2025-04-07 12:00:00+00:00,short,sell - direction_change,76954.0,76656.0,134924752011.32,0.34,1902.08
2025-04-07 12:00:00+00:00,long,buy,76656.0,,134857289635.31,-0.05,1902.03
2025-04-07 13:43:00+00:00,long,sell - stop_loss,76656.0,75889.44,133441288094.14,-1.05,1900.98
2025-04-07 14:00:00+00:00,long,buy,78319.9,,133374567450.09,-0.05,1900.93
2025-04-07 14:17:00+00:00,long,sell - take_profit,78319.9,80669.497,137309117189.87,2.95,1903.88
2025-04-07 15:00:00+00:00,long,buy,78999.3,,137240462631.28,-0.05,1903.83
2025-04-07 15:14:00+00:00,long,sell - stop_loss,78999.3,78209.307,135799437773.65,-1.05,1902.78
2025-04-07 16:00:00+00:00,long,buy,78444.6,,135731538054.76,-0.05,1902.73
2025-04-07 16:22:00+00:00,long,sell - stop_loss,78444.6,77660.15400000001,134306356905.19,-1.05,1901.68
2025-04-07 17:00:00+00:00,long,buy,77394.8,,134239203726.73,-0.05,1901.63
2025-04-07 22:21:00+00:00,long,sell - take_profit,77394.8,79716.644,138199260236.67,2.95,1904.58
2025-04-07 23:00:00+00:00,long,buy,79919.5,,138130160606.55,-0.05,1904.53
2025-04-07 23:56:00+00:00,long,sell - stop_loss,79919.5,79120.305,136679793920.18,-1.05,1903.48
2025-04-08 00:00:00+00:00,long,buy,79140.1,,136611454023.22,-0.05,1903.43
2025-04-08 14:00:00+00:00,long,sell - direction_change,79140.1,79856.0,137778933188.26,0.85,1904.28
2025-04-08 14:00:00+00:00,short,buy,79856.0,,137710043721.67,-0.05,1904.23
2025-04-08 16:39:00+00:00,short,sell - take_profit,79856.0,77460.31999999999,141772490011.46,2.95,1907.18
2025-04-08 17:00:00+00:00,short,buy,77393.5,,141701603766.45,-0.05,1907.13
2025-04-09 01:20:00+00:00,short,sell - take_profit,77393.5,75071.69499999999,145881801077.56,2.95,1910.08
2025-04-09 02:00:00+00:00,short,buy,76038.0,,145808860177.02,-0.05,1910.03
2025-04-09 04:47:00+00:00,short,sell - stop_loss,76038.0,76798.38,144277867145.16,-1.05,1908.98
2025-04-09 05:00:00+00:00,long,buy,76383.1,,144205728211.59,-0.05,1908.93
2025-04-09 17:02:00+00:00,long,sell - take_profit,76383.1,78674.59300000001,148459797193.83,2.95,1911.88
2025-04-09 18:00:00+00:00,long,buy,82161.9,,148385567295.24,-0.05,1911.83
2025-04-10 07:34:00+00:00,long,sell - stop_loss,82161.9,81340.28099999999,146827518838.64,-1.05,1910.78
2025-04-10 08:00:00+00:00,long,buy,81561.5,,146754105079.22,-0.05,1910.73
2025-04-10 12:00:00+00:00,long,sell - direction_change,81561.5,81839.1,147180215402.09,0.29,1911.02
2025-04-10 12:00:00+00:00,short,buy,81839.1,,147106625294.39,-0.05,1910.97
2025-04-10 15:38:00+00:00,short,sell - take_profit,81839.1,79383.92700000001,151446270740.58,2.95,1913.92
2025-04-10 16:00:00+00:00,short,buy,78731.7,,151370547605.21,-0.05,1913.87
2025-04-10 16:51:00+00:00,short,sell - stop_loss,78731.7,79519.01699999999,149781156855.35,-1.05,1912.82
2025-04-10 17:00:00+00:00,short,buy,79406.0,,149706266276.92,-0.05,1912.77
2025-04-11 01:00:00+00:00,short,sell - direction_change,79406.0,79010.7,150376682859.67,0.45,1913.22
2025-04-11 01:00:00+00:00,long,buy,79010.7,,150301494518.24,-0.05,1913.17
2025-04-11 07:47:00+00:00,long,sell - take_profit,79010.7,81381.021,154735388606.52,2.95,1916.12
2025-04-11 08:00:00+00:00,long,buy,81213.7,,154658020912.22,-0.05,1916.07
2025-04-11 17:39:00+00:00,long,sell - take_profit,81213.7,83650.111,159220432529.13,2.95,1919.02
2025-04-11 18:00:00+00:00,long,buy,83888.2,,159140822312.87,-0.05,1918.97
2025-04-12 02:48:00+00:00,long,sell - stop_loss,83888.2,83049.318,157469843678.58,-1.05,1917.92
2025-04-12 03:00:00+00:00,long,buy,82768.7,,157391108756.74,-0.05,1917.87
2025-04-12 05:00:00+00:00,long,sell - direction_change,82768.7,83176.4,158087686403.95,0.44,1918.31
2025-04-12 05:00:00+00:00,short,buy,83176.4,,158008642560.75,-0.05,1918.26
2025-04-12 06:00:00+00:00,short,sell - direction_change,83176.4,83299.3,157696167421.17,-0.2,1918.06
2025-04-12 06:00:00+00:00,long,buy,83299.3,,157617319337.46,-0.05,1918.01
2025-04-12 20:41:00+00:00,long,sell - take_profit,83299.3,85798.27900000001,162267030257.92,2.95,1920.96
2025-04-12 21:00:00+00:00,long,buy,85475.0,,162185896742.79,-0.05,1920.91
2025-04-13 04:00:00+00:00,long,sell - direction_change,85475.0,85388.8,161941242234.91,-0.15,1920.76
2025-04-13 04:00:00+00:00,short,buy,85388.8,,161860271613.79,-0.05,1920.71
2025-04-13 05:00:00+00:00,short,sell - direction_change,85388.8,84587.8,163297691396.97,0.89,1921.6
2025-04-13 05:00:00+00:00,long,buy,84587.8,,163216042551.27,-0.05,1921.55
2025-04-13 07:00:00+00:00,long,sell - direction_change,84587.8,84570.8,163101632249.72,-0.07,1921.48
2025-04-13 07:00:00+00:00,short,buy,84570.8,,163020081433.6,-0.05,1921.43
2025-04-13 09:00:00+00:00,short,sell - direction_change,84570.8,84639.8,162805565844.65,-0.13,1921.3
2025-04-13 09:00:00+00:00,long,buy,84639.8,,162724163061.72,-0.05,1921.25
2025-04-13 10:00:00+00:00,long,sell - direction_change,84639.8,84874.1,163093254211.48,0.23,1921.48
2025-04-13 10:00:00+00:00,short,buy,84874.1,,163011707584.37,-0.05,1921.43
2025-04-13 17:00:00+00:00,short,sell - direction_change,84874.1,84183.8,164256012334.11,0.76,1922.19
2025-04-13 17:00:00+00:00,long,buy,84183.8,,164173884327.95,-0.05,1922.14
2025-04-13 19:00:00+00:00,long,sell - direction_change,84183.8,84689.7,165078395378.29,0.55,1922.69
2025-04-13 19:00:00+00:00,short,buy,84689.7,,164995856180.6,-0.05,1922.64
2025-04-14 00:00:00+00:00,short,sell - direction_change,84689.7,83713.8,166814645611.5,1.1,1923.74
2025-04-14 00:00:00+00:00,long,buy,83713.8,,166731238288.69,-0.05,1923.69
2025-04-14 13:00:00+00:00,long,sell - direction_change,83713.8,85099.9,169408542587.67,1.61,1925.3
2025-04-14 13:00:00+00:00,short,buy,85099.9,,169323838316.38,-0.05,1925.25
2025-04-14 14:00:00+00:00,short,sell - direction_change,85099.9,84341.4,170748368903.48,0.84,1926.09
2025-04-14 14:00:00+00:00,long,buy,84341.4,,170662994719.03,-0.05,1926.04
2025-04-14 15:00:00+00:00,long,sell - direction_change,84341.4,85380.0,172679247809.01,1.18,1927.22
2025-04-14 15:00:00+00:00,short,buy,85380.0,,172592908185.11,-0.05,1927.17
2025-04-14 17:00:00+00:00,short,sell - direction_change,85380.0,84300.0,174689796795.9,1.21,1928.39
2025-04-14 17:00:00+00:00,long,buy,84300.0,,174602451897.5,-0.05,1928.34
2025-04-14 22:00:00+00:00,long,sell - direction_change,84300.0,84666.3,175273832499.91,0.38,1928.72
2025-04-14 22:00:00+00:00,short,buy,84666.3,,175186195583.66,-0.05,1928.67
2025-04-14 23:00:00+00:00,short,sell - direction_change,84666.3,84456.2,175533328223.17,0.2,1928.87
2025-04-14 23:00:00+00:00,long,buy,84456.2,,175445561559.05,-0.05,1928.82
2025-04-15 14:00:00+00:00,long,sell - direction_change,84456.2,85537.1,177603252465.95,1.23,1930.05
2025-04-15 14:00:00+00:00,short,buy,85537.1,,177514450839.72,-0.05,1930.0
2025-04-16 10:00:00+00:00,short,sell - direction_change,85537.1,83550.9,181547638387.48,2.27,1932.27
2025-04-16 10:00:00+00:00,long,buy,83550.9,,181456864568.28,-0.05,1932.22
2025-04-16 12:00:00+00:00,long,sell - direction_change,83550.9,84008.4,182359740220.93,0.5,1932.72
2025-04-16 12:00:00+00:00,short,buy,84008.4,,182268560350.82,-0.05,1932.67
2025-04-16 13:00:00+00:00,short,sell - direction_change,84008.4,83712.3,182819858502.64,0.3,1932.97
2025-04-16 13:00:00+00:00,long,buy,83712.3,,182728448573.39,-0.05,1932.92
2025-04-16 17:00:00+00:00,long,sell - direction_change,83712.3,85000.0,185447894985.39,1.49,1934.41
2025-04-16 17:00:00+00:00,short,buy,85000.0,,185355171037.9,-0.05,1934.36
2025-04-16 18:00:00+00:00,short,sell - direction_change,85000.0,83237.5,189105887440.08,2.02,1936.38
2025-04-16 18:00:00+00:00,long,buy,83237.5,,189011334496.36,-0.05,1936.33
2025-04-17 03:00:00+00:00,long,sell - direction_change,83237.5,84226.4,191162370906.7,1.14,1937.47
2025-04-17 03:00:00+00:00,short,buy,84226.4,,191066789721.24,-0.05,1937.42
2025-04-17 04:00:00+00:00,short,sell - direction_change,84226.4,83953.3,191590781086.71,0.27,1937.69
2025-04-17 04:00:00+00:00,long,buy,83953.3,,191494985696.16,-0.05,1937.64
2025-04-17 14:00:00+00:00,long,sell - direction_change,83953.3,84436.8,192502087353.78,0.53,1938.17
2025-04-17 14:00:00+00:00,short,buy,84436.8,,192405836310.11,-0.05,1938.12
2025-04-17 15:00:00+00:00,short,sell - direction_change,84436.8,84050.0,193191033178.36,0.41,1938.53
2025-04-17 15:00:00+00:00,long,buy,84050.0,,193094437661.77,-0.05,1938.48
2025-04-18 04:00:00+00:00,long,sell - direction_change,84050.0,84790.4,194698867499.98,0.83,1939.31
2025-04-18 04:00:00+00:00,short,buy,84790.4,,194601518066.23,-0.05,1939.26
2025-04-19 02:00:00+00:00,short,sell - direction_change,84790.4,84501.7,195166809514.17,0.29,1939.55
2025-04-19 02:00:00+00:00,long,buy,84501.7,,195069226109.41,-0.05,1939.5
2025-04-19 16:00:00+00:00,long,sell - direction_change,84501.7,85146.3,196459728105.68,0.71,1940.21
2025-04-19 16:00:00+00:00,short,buy,85146.3,,196361498241.63,-0.05,1940.16
2025-04-19 17:00:00+00:00,short,sell - direction_change,85146.3,84799.9,197062173379.27,0.36,1940.52
2025-04-19 17:00:00+00:00,long,buy,84799.9,,196963642292.58,-0.05,1940.47
2025-04-19 18:00:00+00:00,long,sell - direction_change,84799.9,85189.8,197770776210.72,0.41,1940.88
2025-04-19 18:00:00+00:00,short,buy,85189.8,,197671890822.61,-0.05,1940.83
2025-04-19 21:00:00+00:00,short,sell - direction_change,85189.8,85141.0,197686288953.02,0.01,1940.84
2025-04-19 21:00:00+00:00,long,buy,85141.0,,197587445808.54,-0.05,1940.79
2025-04-19 23:00:00+00:00,long,sell - direction_change,85141.0,85217.1,197665258005.54,0.04,1940.83
2025-04-19 23:00:00+00:00,short,buy,85217.1,,197566425376.54,-0.05,1940.78
2025-04-20 01:00:00+00:00,short,sell - direction_change,85217.1,85126.1,197678615603.56,0.06,1940.83
2025-04-20 01:00:00+00:00,long,buy,85126.1,,197579776295.76,-0.05,1940.78
2025-04-20 03:00:00+00:00,long,sell - direction_change,85126.1,85190.0,197629299882.62,0.03,1940.81
2025-04-20 03:00:00+00:00,short,buy,85190.0,,197530485232.68,-0.05,1940.76
2025-04-20 04:00:00+00:00,short,sell - direction_change,85190.0,85116.7,197601681071.97,0.04,1940.79
2025-04-20 04:00:00+00:00,long,buy,85116.7,,197502880231.43,-0.05,1940.74
2025-04-20 05:00:00+00:00,long,sell - direction_change,85116.7,85140.4,197459121739.37,-0.02,1940.72
2025-04-20 05:00:00+00:00,short,buy,85140.4,,197360392178.5,-0.05,1940.67
2025-04-20 19:00:00+00:00,short,sell - direction_change,85140.4,84536.3,198662050868.71,0.66,1941.33
2025-04-20 19:00:00+00:00,long,buy,84536.3,,198562719843.28,-0.05,1941.28
2025-04-21 01:05:00+00:00,long,sell - take_profit,84536.3,87072.38900000001,204420320078.65,2.95,1944.23
2025-04-21 02:00:00+00:00,long,buy,87248.9,,204318109918.61,-0.05,1944.18
2025-04-21 13:00:00+00:00,long,sell - direction_change,87248.9,87003.0,203640106088.2,-0.33,1943.85
2025-04-21 13:00:00+00:00,short,buy,87003.0,,203538286035.16,-0.05,1943.8
2025-04-21 14:00:00+00:00,short,sell - direction_change,87003.0,86992.5,203461081010.66,-0.04,1943.76
2025-04-21 14:00:00+00:00,long,buy,86992.5,,203359350470.15,-0.05,1943.71
2025-04-22 13:14:00+00:00,long,sell - take_profit,86992.5,89602.27500000001,209358451309.02,2.95,1946.66
2025-04-22 14:00:00+00:00,long,buy,90180.5,,209253772083.37,-0.05,1946.61
2025-04-22 21:49:00+00:00,long,sell - take_profit,90180.5,92885.91500000001,215426758359.83,2.95,1949.56
2025-04-22 22:00:00+00:00,long,buy,92974.2,,215319044980.65,-0.05,1949.51
2025-04-23 14:00:00+00:00,long,sell - direction_change,92974.2,92992.3,215253303266.69,-0.03,1949.48
2025-04-23 14:00:00+00:00,short,buy,92992.3,,215145676615.06,-0.05,1949.43
2025-04-23 16:00:00+00:00,short,sell - direction_change,92992.3,93140.3,214695693059.53,-0.21,1949.22
2025-04-23 16:00:00+00:00,long,buy,93140.3,,214588345213.0,-0.05,1949.17
2025-04-24 02:00:00+00:00,long,sell - direction_change,93140.3,93447.3,215188356277.55,0.28,1949.45
2025-04-24 02:00:00+00:00,short,buy,93447.3,,215080762099.41,-0.05,1949.4
2025-04-24 13:00:00+00:00,short,sell - direction_change,93447.3,92723.3,216639599149.92,0.72,1950.13
2025-04-24 13:00:00+00:00,long,buy,92723.3,,216531279350.34,-0.05,1950.08
2025-04-25 02:00:00+00:00,long,sell - direction_change,92723.3,93609.7,218492971596.29,0.91,1950.98
2025-04-25 02:00:00+00:00,short,buy,93609.7,,218383725110.49,-0.05,1950.93
2025-04-25 03:00:00+00:00,short,sell - direction_change,93609.7,92941.8,219832688973.27,0.66,1951.59
2025-04-25 03:00:00+00:00,long,buy,92941.8,,219722772628.78,-0.05,1951.54
2025-04-25 04:00:00+00:00,long,sell - direction_change,92941.8,93262.9,220372020516.13,0.3,1951.84
2025-04-25 04:00:00+00:00,short,buy,93262.9,,220261834505.87,-0.05,1951.79
2025-04-25 06:00:00+00:00,short,sell - direction_change,93262.9,93160.0,220394725656.03,0.06,1951.85
2025-04-25 06:00:00+00:00,long,buy,93160.0,,220284528293.2,-0.05,1951.8
2025-04-26 04:00:00+00:00,long,sell - direction_change,93160.0,94685.0,223780374711.4,1.59,1953.39
2025-04-26 04:00:00+00:00,short,buy,94685.0,,223668484524.04,-0.05,1953.34
2025-04-26 21:00:00+00:00,short,sell - direction_change,94685.0,94043.1,225072970714.97,0.63,1953.97
2025-04-26 21:00:00+00:00,long,buy,94043.1,,224960434229.61,-0.05,1953.92
2025-04-27 01:00:00+00:00,long,sell - direction_change,94043.1,94825.3,226719054089.53,0.78,1954.7
2025-04-27 01:00:00+00:00,short,buy,94825.3,,226605694562.48,-0.05,1954.65
2025-04-27 18:00:00+00:00,short,sell - direction_change,94825.3,94000.1,228464386732.91,0.82,1955.47
2025-04-27 18:00:00+00:00,long,buy,94000.1,,228350154539.54,-0.05,1955.42
2025-04-27 22:00:00+00:00,long,sell - direction_change,94000.1,94289.3,228938519828.64,0.26,1955.68
2025-04-27 22:00:00+00:00,short,buy,94289.3,,228824050568.73,-0.05,1955.63
2025-04-28 05:00:00+00:00,short,sell - direction_change,94289.3,93981.9,229455645918.03,0.28,1955.9
2025-04-28 05:00:00+00:00,long,buy,93981.9,,229340918095.08,-0.05,1955.85
2025-04-28 15:00:00+00:00,long,sell - direction_change,93981.9,94367.9,230168190652.55,0.36,1956.21
2025-04-28 15:00:00+00:00,short,buy,94367.9,,230053106557.23,-0.05,1956.16
2025-04-28 19:00:00+00:00,short,sell - direction_change,94367.9,94128.8,230520965686.24,0.2,1956.37
2025-04-28 19:00:00+00:00,long,buy,94128.8,,230405705203.4,-0.05,1956.32
2025-04-29 05:00:00+00:00,long,sell - direction_change,94128.8,94310.5,230735262261.0,0.14,1956.46
2025-04-29 05:00:00+00:00,short,buy,94310.5,,230619894629.87,-0.05,1956.41
2025-04-29 06:00:00+00:00,short,sell - direction_change,94310.5,94238.2,230681381734.65,0.03,1956.44
2025-04-29 06:00:00+00:00,long,buy,94238.2,,230566041043.78,-0.05,1956.39
2025-04-29 21:00:00+00:00,long,sell - direction_change,94238.2,94782.8,231783192916.46,0.53,1956.91
2025-04-29 21:00:00+00:00,short,buy,94782.8,,231667301320.0,-0.05,1956.86
2025-04-30 03:00:00+00:00,short,sell - direction_change,94782.8,94599.9,231998510270.02,0.14,1957.01
2025-04-30 03:00:00+00:00,long,buy,94599.9,,231882511014.88,-0.05,1956.96
2025-04-30 06:00:00+00:00,long,sell - direction_change,94599.9,94855.9,232394074892.25,0.22,1957.18
2025-04-30 06:00:00+00:00,short,buy,94855.9,,232277877854.81,-0.05,1957.13
2025-04-30 09:00:00+00:00,short,sell - direction_change,94855.9,94660.0,232641447993.25,0.16,1957.28
2025-04-30 09:00:00+00:00,long,buy,94660.0,,232525127269.25,-0.05,1957.23
2025-04-30 12:00:00+00:00,long,sell - direction_change,94660.0,95126.4,233554541014.07,0.44,1957.68
2025-04-30 12:00:00+00:00,short,buy,95126.4,,233437763743.56,-0.05,1957.63
2025-04-30 20:00:00+00:00,short,sell - direction_change,95126.4,94118.2,235795141993.57,1.01,1958.64
2025-04-30 20:00:00+00:00,long,buy,94118.2,,235677244422.58,-0.05,1958.59
2025-04-30 21:00:00+00:00,long,sell - direction_change,94118.2,94515.9,236555268875.81,0.37,1958.96
2025-04-30 21:00:00+00:00,short,buy,94515.9,,236436991241.37,-0.05,1958.91
2025-05-01 00:00:00+00:00,short,sell - direction_change,94515.9,94125.2,237296131396.28,0.36,1959.27
2025-05-01 00:00:00+00:00,long,buy,94125.2,,237177483330.58,-0.05,1959.22
2025-05-01 15:05:00+00:00,long,sell - take_profit,94125.2,96948.956,244174219088.83,2.95,1962.17
2025-05-01 16:00:00+00:00,long,buy,96793.9,,244052131979.29,-0.05,1962.12
2025-05-02 07:00:00+00:00,long,sell - direction_change,96793.9,96658.0,243587453279.86,-0.19,1961.93
2025-05-02 07:00:00+00:00,short,buy,96658.0,,243465659553.22,-0.05,1961.88
2025-05-02 08:00:00+00:00,short,sell - direction_change,96658.0,96302.0,244240632374.3,0.32,1962.2
2025-05-02 08:00:00+00:00,long,buy,96302.0,,244118512058.12,-0.05,1962.15
2025-05-02 09:00:00+00:00,long,sell - direction_change,96302.0,96581.2,244704204339.61,0.24,1962.39
2025-05-02 09:00:00+00:00,short,buy,96581.2,,244581852237.44,-0.05,1962.34
2025-05-02 12:00:00+00:00,short,sell - direction_change,96581.2,96875.7,243713770665.9,-0.35,1961.98
2025-05-02 12:00:00+00:00,long,buy,96875.7,,243591913780.57,-0.05,1961.93
2025-05-02 21:00:00+00:00,long,sell - direction_change,96875.7,96962.8,243689128945.04,0.04,1961.97
2025-05-02 21:00:00+00:00,short,buy,96962.8,,243567284380.57,-0.05,1961.92
2025-05-03 19:00:00+00:00,short,sell - direction_change,96962.8,96103.6,245603782169.4,0.84,1962.76
2025-05-03 19:00:00+00:00,long,buy,96103.6,,245480980278.32,-0.05,1962.71
2025-05-03 22:00:00+00:00,long,sell - direction_change,96103.6,96225.9,245670635201.96,0.08,1962.79
2025-05-03 22:00:00+00:00,short,buy,96225.9,,245547799884.36,-0.05,1962.74
2025-05-04 20:00:00+00:00,short,sell - direction_change,96225.9,95534.0,247190605965.9,0.67,1963.41
2025-05-04 20:00:00+00:00,long,buy,95534.0,,247067010662.92,-0.05,1963.36
2025-05-04 22:00:00+00:00,long,sell - direction_change,95534.0,95622.6,247172611676.65,0.04,1963.4
2025-05-04 22:00:00+00:00,short,buy,95622.6,,247049025370.81,-0.05,1963.35
2025-05-05 12:00:00+00:00,short,sell - direction_change,95622.6,93986.1,251153536176.34,1.66,1965.01
2025-05-05 12:00:00+00:00,long,buy,93986.1,,251027959408.25,-0.05,1964.96
2025-05-05 13:00:00+00:00,long,sell - direction_change,93986.1,94279.2,251685287730.79,0.26,1965.22
2025-05-05 13:00:00+00:00,short,buy,94279.2,,251559445086.92,-0.05,1965.17
2025-05-05 18:00:00+00:00,short,sell - direction_change,94279.2,94458.6,250954983274.92,-0.24,1964.93
2025-05-05 18:00:00+00:00,long,buy,94458.6,,250829505783.28,-0.05,1964.88
2025-05-06 05:00:00+00:00,long,sell - direction_change,94458.6,94540.7,250922102968.16,0.04,1964.92
2025-05-06 05:00:00+00:00,short,buy,94540.7,,250796641916.68,-0.05,1964.87
2025-05-06 06:00:00+00:00,short,sell - direction_change,94540.7,94300.0,251309770195.47,0.2,1965.07
2025-05-06 06:00:00+00:00,long,buy,94300.0,,251184115310.37,-0.05,1965.02
2025-05-06 07:00:00+00:00,long,sell - direction_change,94300.0,94464.0,251495365192.39,0.12,1965.15
2025-05-06 07:00:00+00:00,short,buy,94464.0,,251369617509.79,-0.05,1965.1
2025-05-06 15:00:00+00:00,short,sell - direction_change,94464.0,94097.4,252219458846.23,0.34,1965.44
2025-05-06 15:00:00+00:00,long,buy,94097.4,,252093349116.8,-0.05,1965.39
2025-05-06 16:00:00+00:00,long,sell - direction_change,94097.4,94513.2,253081258986.88,0.39,1965.78
2025-05-06 16:00:00+00:00,short,buy,94513.2,,252954718357.38,-0.05,1965.73
2025-05-06 17:00:00+00:00,short,sell - direction_change,94513.2,94186.3,253703154739.68,0.3,1966.02
2025-05-06 17:00:00+00:00,long,buy,94186.3,,253576303162.31,-0.05,1965.97
2025-05-07 00:07:00+00:00,long,sell - take_profit,94186.3,97011.88900000001,261056804105.6,2.95,1968.92
2025-05-07 01:00:00+00:00,long,buy,97379.5,,260926275703.55,-0.05,1968.87
2025-05-07 03:08:00+00:00,long,sell - stop_loss,97379.5,96405.705,258186549808.66,-1.05,1967.82
2025-05-07 04:00:00+00:00,long,buy,96453.8,,258057456533.75,-0.05,1967.77
2025-05-07 17:00:00+00:00,long,sell - direction_change,96453.8,96801.0,258857344539.81,0.31,1968.08
2025-05-07 17:00:00+00:00,short,buy,96801.0,,258727915867.54,-0.05,1968.03
2025-05-07 20:00:00+00:00,short,sell - direction_change,96801.0,96124.5,260406688551.62,0.65,1968.68
2025-05-07 20:00:00+00:00,long,buy,96124.5,,260276485207.35,-0.05,1968.63
2025-05-08 03:44:00+00:00,long,sell - take_profit,96124.5,99008.235,267954641520.96,2.95,1971.58
2025-05-08 04:00:00+00:00,long,buy,99098.0,,267820664200.2,-0.05,1971.53
2025-05-08 20:39:00+00:00,long,sell - take_profit,99098.0,102070.94,275721373794.11,2.95,1974.48
2025-05-08 21:00:00+00:00,long,buy,102576.8,,275583513107.21,-0.05,1974.43
2025-05-09 22:00:00+00:00,long,sell - direction_change,102576.8,102943.1,276429825366.88,0.31,1974.74
2025-05-09 22:00:00+00:00,short,buy,102943.1,,276291610454.2,-0.05,1974.69
2025-05-10 02:00:00+00:00,short,sell - direction_change,102943.1,102932.8,276181109081.55,-0.04,1974.65
2025-05-10 02:00:00+00:00,long,buy,102932.8,,276043018527.01,-0.05,1974.6
2025-05-10 15:00:00+00:00,long,sell - direction_change,102932.8,103476.6,277363348422.5,0.48,1975.08
2025-05-10 15:00:00+00:00,short,buy,103476.6,,277224666748.29,-0.05,1975.03
2025-05-10 21:00:00+00:00,short,sell - direction_change,103476.6,103144.9,277974713512.34,0.27,1975.3
2025-05-10 21:00:00+00:00,long,buy,103144.9,,277835726155.58,-0.05,1975.25
2025-05-11 07:00:00+00:00,long,sell - direction_change,103144.9,103809.2,279486196550.04,0.59,1975.84
2025-05-11 07:00:00+00:00,short,buy,103809.2,,279346453451.77,-0.05,1975.79
2025-05-11 08:00:00+00:00,short,sell - direction_change,103809.2,103327.8,280502208594.51,0.41,1976.21
2025-05-11 08:00:00+00:00,long,buy,103327.8,,280361957490.21,-0.05,1976.16
2025-05-11 22:00:00+00:00,long,sell - direction_change,103327.8,104314.2,282898200812.27,0.9,1977.06
2025-05-11 22:00:00+00:00,short,buy,104314.2,,282756751711.86,-0.05,1977.01
2025-05-11 23:00:00+00:00,short,sell - direction_change,104314.2,103749.1,284147147920.79,0.49,1977.5
2025-05-11 23:00:00+00:00,long,buy,103749.1,,284005074346.83,-0.05,1977.45
2025-05-12 01:00:00+00:00,long,sell - direction_change,103749.1,104541.4,286031931302.46,0.71,1978.17
2025-05-12 01:00:00+00:00,short,buy,104541.4,,285888915336.81,-0.05,1978.12
2025-05-12 06:00:00+00:00,short,sell - direction_change,104541.4,103906.4,287482502638.23,0.56,1978.67
2025-05-12 06:00:00+00:00,long,buy,103906.4,,287338761386.91,-0.05,1978.62
2025-05-12 11:00:00+00:00,long,sell - direction_change,103906.4,104471.8,288758627415.85,0.49,1979.12
2025-05-12 11:00:00+00:00,short,buy,104471.8,,288614248102.15,-0.05,1979.07
2025-05-12 13:00:00+00:00,short,sell - direction_change,104471.8,103828.9,290246019308.37,0.57,1979.63
2025-05-12 13:00:00+00:00,long,buy,103828.9,,290100896298.72,-0.05,1979.58
2025-05-12 14:00:00+00:00,long,sell - direction_change,103828.9,104283.2,291225172956.88,0.39,1979.97
2025-05-12 14:00:00+00:00,short,buy,104283.2,,291079560370.4,-0.05,1979.92
2025-05-12 18:43:00+00:00,short,sell - take_profit,104283.2,101154.704,299666407401.33,2.95,1982.87
2025-05-12 19:00:00+00:00,short,buy,101583.6,,299516574197.63,-0.05,1982.82
2025-05-12 20:41:00+00:00,short,sell - stop_loss,101583.6,102599.436,296371650168.55,-1.05,1981.77
2025-05-12 21:00:00+00:00,short,buy,102639.5,,296223464343.47,-0.05,1981.72
2025-05-13 04:00:00+00:00,short,sell - direction_change,102639.5,101681.3,298840772586.39,0.88,1982.6
2025-05-13 04:00:00+00:00,long,buy,101681.3,,298691352200.1,-0.05,1982.55
2025-05-13 08:00:00+00:00,long,sell - direction_change,101681.3,102624.0,301311211261.93,0.88,1983.43
2025-05-13 08:00:00+00:00,short,buy,102624.0,,301160555656.3,-0.05,1983.38
2025-05-13 09:00:00+00:00,short,sell - direction_change,102624.0,102676.5,300855908793.93,-0.1,1983.28
2025-05-13 09:00:00+00:00,long,buy,102676.5,,300705480839.53,-0.05,1983.23
2025-05-14 02:00:00+00:00,long,sell - direction_change,102676.5,103680.0,303494047423.62,0.93,1984.16
2025-05-14 02:00:00+00:00,short,buy,103680.0,,303342300399.91,-0.05,1984.11
2025-05-14 05:00:00+00:00,short,sell - direction_change,103680.0,103706.0,303114559614.19,-0.08,1984.03
2025-05-14 05:00:00+00:00,long,buy,103706.0,,302963002334.38,-0.05,1983.98
2025-05-14 06:00:00+00:00,long,sell - direction_change,103706.0,103856.2,303250309745.63,0.09,1984.08
2025-05-14 06:00:00+00:00,short,buy,103856.2,,303098684590.75,-0.05,1984.03
2025-05-14 11:00:00+00:00,short,sell - direction_change,103856.2,103663.4,303509811587.37,0.14,1984.16
2025-05-14 11:00:00+00:00,long,buy,103663.4,,303358056681.57,-0.05,1984.11
2025-05-14 14:00:00+00:00,long,sell - direction_change,103663.4,103913.7,303938849495.63,0.19,1984.3
2025-05-14 14:00:00+00:00,short,buy,103913.7,,303786880070.89,-0.05,1984.25
2025-05-15 00:00:00+00:00,short,sell - direction_change,103913.7,103458.1,304966912089.77,0.39,1984.64
2025-05-15 00:00:00+00:00,long,buy,103458.1,,304814428633.72,-0.05,1984.59
2025-05-15 01:00:00+00:00,long,sell - direction_change,103458.1,103746.0,305510249581.37,0.23,1984.82
2025-05-15 01:00:00+00:00,short,buy,103746.0,,305357494456.58,-0.05,1984.77
2025-05-15 15:00:00+00:00,short,sell - direction_change,103746.0,101931.9,310544289334.3,1.7,1986.47
2025-05-15 15:00:00+00:00,long,buy,101931.9,,310389017189.63,-0.05,1986.42
2025-05-16 08:00:00+00:00,long,sell - direction_change,101931.9,103646.5,315454887027.66,1.63,1988.05
2025-05-16 08:00:00+00:00,short,buy,103646.5,,315297159584.15,-0.05,1988.0
2025-05-16 09:00:00+00:00,short,sell - direction_change,103646.5,103357.9,316017444752.78,0.23,1988.23
2025-05-16 09:00:00+00:00,long,buy,103357.9,,315859436030.4,-0.05,1988.18
2025-05-16 11:00:00+00:00,long,sell - direction_change,103357.9,103749.8,316899143967.37,0.33,1988.51
2025-05-16 11:00:00+00:00,short,buy,103749.8,,316740694395.39,-0.05,1988.46
2025-05-16 13:00:00+00:00,short,sell - direction_change,103749.8,103454.2,317484769636.17,0.23,1988.69
2025-05-16 13:00:00+00:00,long,buy,103454.2,,317326027251.35,-0.05,1988.64
2025-05-16 14:00:00+00:00,long,sell - direction_change,103454.2,103953.7,318699485220.84,0.43,1989.08
2025-05-16 14:00:00+00:00,short,buy,103953.7,,318540135478.23,-0.05,1989.03
2025-05-16 15:00:00+00:00,short,sell - direction_change,103953.7,103540.0,319648545676.3,0.35,1989.38
2025-05-16 15:00:00+00:00,long,buy,103540.0,,319488721403.46,-0.05,1989.33
2025-05-16 20:00:00+00:00,long,sell - direction_change,103540.0,103974.3,320669077020.6,0.37,1989.69
2025-05-16 20:00:00+00:00,short,buy,103974.3,,320508742482.09,-0.05,1989.64
2025-05-17 20:00:00+00:00,short,sell - direction_change,103974.3,103100.1,323043276560.28,0.79,1990.44
2025-05-17 20:00:00+00:00,long,buy,103100.1,,322881754922.0,-0.05,1990.39
2025-05-18 19:00:00+00:00,long,sell - direction_change,103100.1,104455.7,326965688267.96,1.26,1991.65
2025-05-18 19:00:00+00:00,short,buy,104455.7,,326802205423.83,-0.05,1991.6
2025-05-18 20:00:00+00:00,short,sell - direction_change,104455.7,103834.1,328583554592.2,0.55,1992.15
2025-05-18 20:00:00+00:00,long,buy,103834.1,,328419262814.9,-0.05,1992.1
2025-05-19 00:08:00+00:00,long,sell - take_profit,103834.1,106949.123,338107631067.94,2.95,1995.05
2025-05-19 01:00:00+00:00,long,buy,105225.2,,337938577252.41,-0.05,1995.0
2025-05-19 03:00:00+00:00,long,sell - direction_change,105225.2,104610.4,335795131913.42,-0.63,1994.36
2025-05-19 03:00:00+00:00,short,buy,104610.4,,335627234347.46,-0.05,1994.31
2025-05-19 14:00:00+00:00,short,sell - direction_change,104610.4,103239.8,339856791234.53,1.26,1995.57
2025-05-19 14:00:00+00:00,long,buy,103239.8,,339686862838.91,-0.05,1995.52
2025-05-20 00:18:00+00:00,long,sell - take_profit,103239.8,106336.994,349707625292.66,2.95,1998.47
2025-05-20 01:00:00+00:00,long,buy,105674.8,,349532771480.01,-0.05,1998.42
2025-05-20 08:00:00+00:00,long,sell - direction_change,105674.8,104980.1,347060196947.51,-0.71,1997.71
2025-05-20 08:00:00+00:00,short,buy,104980.1,,346886666849.04,-0.05,1997.66
2025-05-20 17:00:00+00:00,short,sell - direction_change,104980.1,105159.6,346120100088.42,-0.22,1997.44
2025-05-20 17:00:00+00:00,long,buy,105159.6,,345947040038.37,-0.05,1997.39
2025-05-20 18:00:00+00:00,long,sell - direction_change,105159.6,106153.6,349044061438.44,0.9,1998.29
2025-05-20 18:00:00+00:00,short,buy,106153.6,,348869539407.72,-0.05,1998.24
2025-05-20 19:00:00+00:00,short,sell - direction_change,106153.6,105242.5,351689398165.08,0.81,1999.05
2025-05-20 19:00:00+00:00,long,buy,105242.5,,351513553466.0,-0.05,1999.0
2025-05-21 08:00:00+00:00,long,sell - direction_change,105242.5,106463.7,355416646502.72,1.11,2000.11
2025-05-21 08:00:00+00:00,short,buy,106463.7,,355238938179.47,-0.05,2000.06
2025-05-21 13:00:00+00:00,short,sell - direction_change,106463.7,106517.8,354880802472.87,-0.1,1999.96
2025-05-21 13:00:00+00:00,long,buy,106517.8,,354703362071.63,-0.05,1999.91
2025-05-21 16:47:00+00:00,long,sell - take_profit,106517.8,109713.334,365167111252.74,2.95,2002.86
2025-05-21 17:00:00+00:00,long,buy,109101.0,,364984527697.12,-0.05,2002.81
2025-05-21 17:24:00+00:00,long,sell - stop_loss,109101.0,108009.99,361152190156.3,-1.05,2001.76
2025-05-21 18:00:00+00:00,long,buy,106566.9,,360971614061.22,-0.05,2001.71
2025-05-21 23:23:00+00:00,long,sell - take_profit,106566.9,109763.90699999999,371620276676.03,2.95,2004.66
2025-05-22 00:00:00+00:00,long,buy,109609.6,,371434466537.69,-0.05,2004.61
2025-05-23 04:00:00+00:00,long,sell - direction_change,109609.6,111044.0,376109506015.52,1.26,2005.86
2025-05-23 04:00:00+00:00,short,buy,111044.0,,375921451262.52,-0.05,2005.81
2025-05-23 09:00:00+00:00,short,sell - direction_change,111044.0,110890.1,376254494025.14,0.09,2005.9
2025-05-23 09:00:00+00:00,long,buy,110890.1,,376066366778.12,-0.05,2005.85
2025-05-23 10:00:00+00:00,long,sell - direction_change,110890.1,111282.2,377208079193.43,0.3,2006.16
2025-05-23 10:00:00+00:00,short,buy,111282.2,,377019475153.83,-0.05,2006.11
2025-05-23 12:13:00+00:00,short,sell - take_profit,111282.2,107943.734,388141549670.87,2.95,2009.06
2025-05-23 13:00:00+00:00,short,buy,108401.1,,387947478896.03,-0.05,2009.01
2025-05-23 13:35:00+00:00,short,sell - stop_loss,108401.1,109485.111,383874030367.63,-1.05,2007.96
2025-05-23 14:00:00+00:00,short,buy,109603.4,,383682093352.44,-0.05,2007.91
2025-05-24 04:00:00+00:00,short,sell - direction_change,109603.4,108306.7,388029532751.9,1.13,2009.04
2025-05-24 04:00:00+00:00,long,buy,108306.7,,387835517985.53,-0.05,2008.99
2025-05-24 05:00:00+00:00,long,sell - direction_change,108306.7,108438.4,388113204824.58,0.07,2009.06
2025-05-24 05:00:00+00:00,short,buy,108438.4,,387919148222.16,-0.05,2009.01
2025-05-24 08:00:00+00:00,short,sell - direction_change,108438.4,107550.7,390900777995.34,0.77,2009.78
2025-05-24 08:00:00+00:00,long,buy,107550.7,,390705327606.34,-0.05,2009.73
2025-05-24 22:00:00+00:00,long,sell - direction_change,107550.7,108788.5,395006598902.32,1.1,2010.83
2025-05-24 22:00:00+00:00,short,buy,108788.5,,394809095602.87,-0.05,2010.78
2025-05-25 18:00:00+00:00,short,sell - direction_change,108788.5,107323.1,399929838181.8,1.3,2012.08
2025-05-25 18:00:00+00:00,long,buy,107323.1,,399729873262.71,-0.05,2012.03
2025-05-26 17:00:00+00:00,long,sell - direction_change,107323.1,109347.1,407068490381.51,1.84,2013.86
2025-05-26 17:00:00+00:00,short,buy,109347.1,,406864956136.32,-0.05,2013.81
2025-05-27 07:00:00+00:00,short,sell - direction_change,109347.1,108780.7,408769017237.46,0.47,2014.28
2025-05-27 07:00:00+00:00,long,buy,108780.7,,408564632728.85,-0.05,2014.23
2025-05-27 20:00:00+00:00,long,sell - direction_change,108780.7,109824.8,412281839546.42,0.91,2015.14
2025-05-27 20:00:00+00:00,short,buy,109824.8,,412075698626.65,-0.05,2015.09
2025-05-29 00:00:00+00:00,short,sell - direction_change,109824.8,107723.1,419755488894.51,1.86,2016.96
2025-05-29 00:00:00+00:00,long,buy,107723.1,,419545611150.07,-0.05,2016.91
2025-05-29 04:00:00+00:00,long,sell - direction_change,107723.1,107996.5,420400640323.72,0.2,2017.11
2025-05-29 04:00:00+00:00,short,buy,107996.5,,420190440003.56,-0.05,2017.06
2025-05-29 05:00:00+00:00,short,sell - direction_change,107996.5,107516.2,421849085606.95,0.39,2017.45
2025-05-29 05:00:00+00:00,long,buy,107516.2,,421638161064.14,-0.05,2017.4
2025-05-29 13:00:00+00:00,long,sell - direction_change,107516.2,108388.9,424849743660.39,0.76,2018.17
2025-05-29 13:00:00+00:00,short,buy,108388.9,,424637318788.56,-0.05,2018.12
2025-05-29 14:00:00+00:00,short,sell - direction_change,108388.9,107569.1,427636746663.57,0.71,2018.82
2025-05-29 14:00:00+00:00,long,buy,107569.1,,427422928290.24,-0.05,2018.77
2025-05-29 14:34:00+00:00,long,sell - stop_loss,107569.1,106493.409,422934987543.19,-1.05,2017.72
2025-05-29 15:00:00+00:00,short,buy,107571.1,,422723520049.42,-0.05,2017.67
2025-05-30 04:00:00+00:00,short,sell - direction_change,107571.1,105978.8,428769439854.56,1.43,2019.1
2025-05-30 04:00:00+00:00,long,buy,105978.8,,428555055134.63,-0.05,2019.05
2025-05-30 06:00:00+00:00,long,sell - direction_change,105978.8,106028.0,428539731631.01,-0.0,2019.05
2025-05-30 06:00:00+00:00,short,buy,106028.0,,428325461765.19,-0.05,2019.0
2025-05-30 10:00:00+00:00,short,sell - direction_change,106028.0,105580.7,429918274352.6,0.37,2019.37
2025-05-30 10:00:00+00:00,long,buy,105580.7,,429703315215.42,-0.05,2019.32
2025-05-30 13:00:00+00:00,long,sell - direction_change,105580.7,105630.8,429692365749.15,-0.0,2019.32
2025-05-30 13:00:00+00:00,short,buy,105630.8,,429477519566.27,-0.05,2019.27
2025-05-31 12:00:00+00:00,short,sell - direction_change,105630.8,103460.9,438085238552.78,2.0,2021.27
2025-05-31 12:00:00+00:00,long,buy,103460.9,,437866195933.5,-0.05,2021.22
2025-06-01 01:00:00+00:00,long,sell - direction_change,103460.9,104408.7,441658532605.14,0.87,2022.09
2025-06-01 01:00:00+00:00,short,buy,104408.7,,441437703338.84,-0.05,2022.04
2025-06-01 03:00:00+00:00,short,sell - direction_change,104408.7,104144.0,442336130306.18,0.2,2022.24
2025-06-01 03:00:00+00:00,long,buy,104144.0,,442114962241.03,-0.05,2022.19
2025-06-01 06:00:00+00:00,long,sell - direction_change,104144.0,104485.7,443344498962.14,0.28,2022.47
2025-06-01 06:00:00+00:00,short,buy,104485.7,,443122826712.66,-0.05,2022.42
2025-06-01 07:00:00+00:00,short,sell - direction_change,104485.7,104206.8,444084077458.01,0.22,2022.64
2025-06-01 07:00:00+00:00,long,buy,104206.8,,443862035419.28,-0.05,2022.59
2025-06-01 09:00:00+00:00,long,sell - direction_change,104206.8,104342.7,444218961545.38,0.08,2022.67
2025-06-01 09:00:00+00:00,short,buy,104342.7,,443996852064.6,-0.05,2022.62
2025-06-01 14:00:00+00:00,short,sell - direction_change,104342.7,104215.9,444314410319.03,0.07,2022.69
2025-06-01 14:00:00+00:00,long,buy,104215.9,,444092253113.87,-0.05,2022.64
2025-06-02 03:00:00+00:00,long,sell - direction_change,104215.9,104986.9,447155647377.41,0.69,2023.33
2025-06-02 03:00:00+00:00,short,buy,104986.9,,446932069553.72,-0.05,2023.28
2025-06-02 06:00:00+00:00,short,sell - direction_change,104986.9,104781.2,447584273976.0,0.15,2023.42
2025-06-02 06:00:00+00:00,long,buy,104781.2,,447360481839.01,-0.05,2023.37
2025-06-02 09:00:00+00:00,long,sell - direction_change,104781.2,105290.1,449309536298.66,0.44,2023.81
2025-06-02 09:00:00+00:00,short,buy,105290.1,,449084881530.51,-0.05,2023.76
2025-06-02 20:00:00+00:00,short,sell - direction_change,105290.1,104366.5,452799691380.05,0.83,2024.59
2025-06-02 20:00:00+00:00,long,buy,104366.5,,452573291534.36,-0.05,2024.54
2025-06-03 08:00:00+00:00,long,sell - direction_change,104366.5,105134.4,455676914683.11,0.69,2025.22
2025-06-03 08:00:00+00:00,short,buy,105134.4,,455449076225.77,-0.05,2025.17
2025-06-03 14:00:00+00:00,short,sell - direction_change,105134.4,105370.4,454198984298.97,-0.27,2024.9
2025-06-03 14:00:00+00:00,long,buy,105370.4,,453971884806.82,-0.05,2024.85
2025-06-03 21:00:00+00:00,long,sell - direction_change,105370.4,105692.1,455130892989.35,0.26,2025.1
2025-06-03 21:00:00+00:00,short,buy,105692.1,,454903327542.86,-0.05,2025.05
2025-06-03 22:00:00+00:00,short,sell - direction_change,105692.1,105311.9,456312272971.51,0.31,2025.36
2025-06-03 22:00:00+00:00,long,buy,105311.9,,456084116835.02,-0.05,2025.31
2025-06-03 23:00:00+00:00,long,sell - direction_change,105311.9,105686.6,457478823189.44,0.31,2025.62
2025-06-03 23:00:00+00:00,short,buy,105686.6,,457250083777.85,-0.05,2025.57
2025-06-04 09:00:00+00:00,short,sell - direction_change,105686.6,105391.7,458297335239.76,0.23,2025.8
2025-06-04 09:00:00+00:00,long,buy,105391.7,,458068186572.14,-0.05,2025.75
2025-06-04 11:00:00+00:00,long,sell - direction_change,105391.7,105650.3,458963116064.67,0.2,2025.94
2025-06-04 11:00:00+00:00,short,buy,105650.3,,458733634506.64,-0.05,2025.89
2025-06-04 16:00:00+00:00,short,sell - direction_change,105650.3,105254.7,460221963008.86,0.32,2026.22
2025-06-04 16:00:00+00:00,long,buy,105254.7,,459991852027.35,-0.05,2026.17
2025-06-04 17:00:00+00:00,long,sell - direction_change,105254.7,105408.8,460435315285.56,0.1,2026.26
2025-06-04 17:00:00+00:00,short,buy,105408.8,,460205097627.92,-0.05,2026.21
2025-06-05 04:00:00+00:00,short,sell - direction_change,105408.8,104991.5,461796888386.3,0.35,2026.56
2025-06-05 04:00:00+00:00,long,buy,104991.5,,461565989942.11,-0.05,2026.51
2025-06-05 05:00:00+00:00,long,sell - direction_change,104991.5,105134.6,461964306380.53,0.09,2026.6
2025-06-05 05:00:00+00:00,short,buy,105134.6,,461733324227.34,-0.05,2026.55
2025-06-05 09:00:00+00:00,short,sell - direction_change,105134.6,104629.9,463719014329.01,0.43,2026.98
2025-06-05 09:00:00+00:00,long,buy,104629.9,,463487154821.84,-0.05,2026.93
2025-06-05 10:00:00+00:00,long,sell - direction_change,104629.9,104854.9,464252111134.57,0.17,2027.09
2025-06-05 10:00:00+00:00,short,buy,104854.9,,464019985079.0,-0.05,2027.04
2025-06-05 11:00:00+00:00,short,sell - direction_change,104854.9,104613.2,464857582996.0,0.18,2027.22
2025-06-05 11:00:00+00:00,long,buy,104613.2,,464625154204.5,-0.05,2027.17
2025-06-05 13:00:00+00:00,long,sell - direction_change,104613.2,105600.7,468778687197.33,0.89,2028.07
2025-06-05 13:00:00+00:00,short,buy,105600.7,,468544297853.74,-0.05,2028.02
2025-06-05 19:15:00+00:00,short,sell - take_profit,105600.7,102432.67899999999,482366354640.42,2.95,2030.97
2025-06-05 20:00:00+00:00,short,buy,101873.0,,482125171463.1,-0.05,2030.92
2025-06-06 04:00:00+00:00,short,sell - direction_change,101873.0,102445.0,479177055997.05,-0.61,2030.31
2025-06-06 04:00:00+00:00,long,buy,102445.0,,478937467469.05,-0.05,2030.26
2025-06-07 12:41:00+00:00,long,sell - take_profit,102445.0,105518.35,493066122759.39,2.95,2033.21
2025-06-07 13:00:00+00:00,long,buy,105402.8,,492819589698.01,-0.05,2033.16
2025-06-08 04:00:00+00:00,long,sell - direction_change,105402.8,105436.5,492730747066.2,-0.02,2033.14
2025-06-08 04:00:00+00:00,short,buy,105436.5,,492484381692.67,-0.05,2033.09
2025-06-08 12:00:00+00:00,short,sell - direction_change,105436.5,105619.2,491384764280.38,-0.22,2032.86
2025-06-08 12:00:00+00:00,long,buy,105619.2,,491139071898.24,-0.05,2032.81
2025-06-08 23:00:00+00:00,long,sell - direction_change,105619.2,105710.2,491316660798.85,0.04,2032.85
2025-06-08 23:00:00+00:00,short,buy,105710.2,,491071002468.45,-0.05,2032.8
2025-06-09 08:00:00+00:00,short,sell - direction_change,105710.2,105516.7,491724360725.61,0.13,2032.93
2025-06-09 08:00:00+00:00,long,buy,105516.7,,491478498545.24,-0.05,2032.88
2025-06-09 19:24:00+00:00,long,sell - take_profit,105516.7,108682.201,505977114252.33,2.95,2035.83
2025-06-09 20:00:00+00:00,long,buy,108515.1,,505724125695.2,-0.05,2035.78
2025-06-10 10:00:00+00:00,long,sell - direction_change,108515.1,109475.4,509946648882.01,0.83,2036.62
2025-06-10 10:00:00+00:00,short,buy,109475.4,,509691675557.57,-0.05,2036.57
2025-06-10 12:00:00+00:00,short,sell - direction_change,109475.4,109498.0,509331609443.2,-0.07,2036.5
2025-06-10 12:00:00+00:00,long,buy,109498.0,,509076943638.48,-0.05,2036.45
2025-06-10 14:00:00+00:00,long,sell - direction_change,109498.0,109266.9,507747977490.59,-0.26,2036.19
2025-06-10 14:00:00+00:00,short,buy,109266.9,,507494103501.84,-0.05,2036.14
2025-06-10 19:35:00+00:00,short,sell - stop_loss,109266.9,110359.56899999999,502165415415.07,-1.05,2035.09
2025-06-10 20:00:00+00:00,long,buy,109460.1,,501914332707.37,-0.05,2035.04
2025-06-11 05:00:00+00:00,long,sell - direction_change,109460.1,109521.7,501945833924.43,0.01,2035.04
2025-06-11 05:00:00+00:00,short,buy,109521.7,,501694861007.47,-0.05,2034.99
2025-06-11 06:00:00+00:00,short,sell - direction_change,109521.7,109423.8,501892471981.94,0.04,2035.03
2025-06-11 06:00:00+00:00,long,buy,109423.8,,501641525745.95,-0.05,2034.98
2025-06-11 07:00:00+00:00,long,sell - direction_change,109423.8,109555.6,501994927767.28,0.07,2035.05
2025-06-11 07:00:00+00:00,short,buy,109555.6,,501743930303.39,-0.05,2035.0
2025-06-11 12:00:00+00:00,short,sell - direction_change,109555.6,109200.1,503121181110.81,0.27,2035.28
2025-06-11 12:00:00+00:00,long,buy,109200.1,,502869620520.26,-0.05,2035.23
2025-06-11 16:00:00+00:00,long,sell - direction_change,109200.1,109694.9,504896754028.46,0.4,2035.63
2025-06-11 16:00:00+00:00,short,buy,109694.9,,504644305651.45,-0.05,2035.58
2025-06-12 16:00:00+00:00,short,sell - direction_change,109694.9,106960.6,516970954124.81,2.44,2038.02
2025-06-12 16:00:00+00:00,long,buy,106960.6,,516712468647.75,-0.05,2037.97
2025-06-12 18:00:00+00:00,long,sell - direction_change,106960.6,108239.8,522633757908.07,1.15,2039.12
2025-06-12 18:00:00+00:00,short,buy,108239.8,,522372441029.11,-0.05,2039.07
2025-06-13 00:02:00+00:00,short,sell - take_profit,108239.8,104992.606,537782428039.47,2.95,2042.02
2025-06-13 01:00:00+00:00,short,buy,103733.7,,537513536825.45,-0.05,2041.97
2025-06-13 07:29:00+00:00,short,sell - stop_loss,103733.7,104771.037,531869644688.79,-1.05,2040.92
2025-06-13 08:00:00+00:00,short,buy,104831.4,,531603709866.44,-0.05,2040.87
2025-06-13 10:00:00+00:00,short,sell - direction_change,104831.4,104776.0,531618843356.52,0.0,2040.87
2025-06-13 10:00:00+00:00,long,buy,104776.0,,531353033934.84,-0.05,2040.82
2025-06-14 03:00:00+00:00,long,sell - direction_change,104776.0,105337.5,533934905793.02,0.49,2041.31
2025-06-14 03:00:00+00:00,short,buy,105337.5,,533667938340.12,-0.05,2041.26
2025-06-14 04:00:00+00:00,short,sell - direction_change,105337.5,105189.3,534151925194.13,0.09,2041.35
2025-06-14 04:00:00+00:00,long,buy,105189.3,,533884849231.54,-0.05,2041.3
2025-06-14 06:00:00+00:00,long,sell - direction_change,105189.3,105237.8,533864066969.48,-0.0,2041.29
2025-06-14 06:00:00+00:00,short,buy,105237.8,,533597134936.0,-0.05,2041.24
2025-06-14 21:00:00+00:00,short,sell - direction_change,105237.8,104833.4,535380803799.13,0.33,2041.58
2025-06-14 21:00:00+00:00,long,buy,104833.4,,535113113397.23,-0.05,2041.53
2025-06-15 08:00:00+00:00,long,sell - direction_change,104833.4,105374.2,537606024131.73,0.47,2041.99
2025-06-15 08:00:00+00:00,short,buy,105374.2,,537337221119.67,-0.05,2041.94
2025-06-15 13:00:00+00:00,short,sell - direction_change,105374.2,105250.0,537701888590.07,0.07,2042.01
2025-06-15 13:00:00+00:00,long,buy,105250.0,,537433037645.78,-0.05,2041.96
2025-06-15 19:00:00+00:00,long,sell - direction_change,105250.0,105437.3,538120722152.62,0.13,2042.09
2025-06-15 19:00:00+00:00,short,buy,105437.3,,537851661791.54,-0.05,2042.04
2025-06-15 23:00:00+00:00,short,sell - direction_change,105437.3,105210.2,538741207510.97,0.17,2042.21
2025-06-15 23:00:00+00:00,long,buy,105210.2,,538471836907.21,-0.05,2042.16
2025-06-16 19:05:00+00:00,long,sell - take_profit,105210.2,108366.506,554356756095.98,2.95,2045.11
2025-06-16 20:00:00+00:00,long,buy,108594.2,,554079577717.93,-0.05,2045.06
2025-06-16 22:44:00+00:00,long,sell - stop_loss,108594.2,107508.258,548261742151.89,-1.05,2044.01
2025-06-16 23:00:00+00:00,short,buy,107645.5,,547987611280.82,-0.05,2043.96
2025-06-17 00:00:00+00:00,short,sell - direction_change,107645.5,106750.1,552271802509.76,0.78,2044.74
2025-06-17 00:00:00+00:00,long,buy,106750.1,,551995666608.51,-0.05,2044.69
2025-06-17 04:00:00+00:00,long,sell - direction_change,106750.1,107553.3,555872947502.06,0.7,2045.39
2025-06-17 04:00:00+00:00,short,buy,107553.3,,555595011028.31,-0.05,2045.34
2025-06-17 15:22:00+00:00,short,sell - take_profit,107553.3,104326.701,571985063853.65,2.95,2048.29
2025-06-17 16:00:00+00:00,short,buy,104199.2,,571699071321.72,-0.05,2048.24
2025-06-17 19:24:00+00:00,short,sell - stop_loss,104199.2,105241.192,565696231072.84,-1.05,2047.19
2025-06-17 20:00:00+00:00,short,buy,104630.5,,565413382957.31,-0.05,2047.14
2025-06-18 01:00:00+00:00,short,sell - direction_change,104630.5,104787.3,564283343810.68,-0.2,2046.94
2025-06-18 01:00:00+00:00,long,buy,104787.3,,564001202138.78,-0.05,2046.89
2025-06-18 09:00:00+00:00,long,sell - direction_change,104787.3,104905.2,564353779790.34,0.06,2046.95
2025-06-18 09:00:00+00:00,short,buy,104905.2,,564071602900.45,-0.05,2046.9
2025-06-18 11:00:00+00:00,short,sell - direction_change,104905.2,104218.9,567479778271.28,0.6,2047.51
2025-06-18 11:00:00+00:00,long,buy,104218.9,,567196038382.15,-0.05,2047.46
2025-06-18 12:00:00+00:00,long,sell - direction_change,104218.9,104791.1,570026554723.81,0.5,2047.96
2025-06-18 12:00:00+00:00,short,buy,104791.1,,569741541446.45,-0.05,2047.91
2025-06-18 20:00:00+00:00,short,sell - direction_change,104791.1,103773.3,574990374786.89,0.92,2048.83
2025-06-18 20:00:00+00:00,long,buy,103773.3,,574702879599.5,-0.05,2048.78
2025-06-19 01:00:00+00:00,long,sell - direction_change,103773.3,104899.9,580654707834.6,1.04,2049.81
2025-06-19 01:00:00+00:00,short,buy,104899.9,,580364380480.68,-0.05,2049.76
2025-06-19 02:00:00+00:00,short,sell - direction_change,104899.9,104557.8,581966885076.24,0.28,2050.04
2025-06-19 02:00:00+00:00,long,buy,104557.8,,581675901633.71,-0.05,2049.99
2025-06-19 13:00:00+00:00,long,sell - direction_change,104557.8,104697.9,582164467934.12,0.08,2050.07
2025-06-19 13:00:00+00:00,short,buy,104697.9,,581873385700.15,-0.05,2050.02
2025-06-19 22:00:00+00:00,short,sell - direction_change,104697.9,104275.6,583929440979.26,0.35,2050.38
2025-06-19 22:00:00+00:00,long,buy,104275.6,,583637476258.77,-0.05,2050.33
2025-06-20 04:00:00+00:00,long,sell - direction_change,104275.6,104555.0,584909477924.14,0.22,2050.54
2025-06-20 04:00:00+00:00,short,buy,104555.0,,584617023185.17,-0.05,2050.49
2025-06-20 05:00:00+00:00,short,sell - direction_change,104555.0,104219.3,586201773969.49,0.27,2050.76
2025-06-20 05:00:00+00:00,long,buy,104219.3,,585908673082.5,-0.05,2050.71
2025-06-20 14:00:00+00:00,long,sell - direction_change,104219.3,105607.6,593420578410.54,1.28,2052.0
2025-06-20 14:00:00+00:00,short,buy,105607.6,,593123868121.33,-0.05,2051.95
2025-06-20 17:37:00+00:00,short,sell - take_profit,105607.6,102439.372,610621022230.91,2.95,2054.9
2025-06-20 18:00:00+00:00,short,buy,103216.6,,610315711719.79,-0.05,2054.85
2025-06-21 05:00:00+00:00,short,sell - direction_change,103216.6,103339.4,609284442275.3,-0.17,2054.68
2025-06-21 05:00:00+00:00,long,buy,103339.4,,608979800054.16,-0.05,2054.63
2025-06-21 06:00:00+00:00,long,sell - direction_change,103339.4,103371.4,608863886375.81,-0.02,2054.61
2025-06-21 06:00:00+00:00,short,buy,103371.4,,608559454432.62,-0.05,2054.56
2025-06-21 08:00:00+00:00,short,sell - direction_change,103371.4,103402.1,608074440234.83,-0.08,2054.48
2025-06-21 08:00:00+00:00,long,buy,103402.1,,607770403014.72,-0.05,2054.43
2025-06-21 14:00:00+00:00,long,sell - direction_change,103402.1,103528.5,608209463835.98,0.07,2054.5
2025-06-21 14:00:00+00:00,short,buy,103528.5,,607905359104.06,-0.05,2054.45
2025-06-21 15:00:00+00:00,short,sell - direction_change,103528.5,103507.2,607726477145.61,-0.03,2054.42
2025-06-21 15:00:00+00:00,long,buy,103507.2,,607422613907.03,-0.05,2054.37
2025-06-21 16:00:00+00:00,long,sell - direction_change,103507.2,103516.7,607174652488.32,-0.04,2054.33
2025-06-21 16:00:00+00:00,short,buy,103516.7,,606871065162.08,-0.05,2054.28
2025-06-22 02:00:00+00:00,short,sell - direction_change,103516.7,102360.0,613348832672.8,1.07,2055.35
2025-06-22 02:00:00+00:00,long,buy,102360.0,,613042158256.46,-0.05,2055.3
2025-06-22 03:00:00+00:00,long,sell - direction_change,102360.0,102310.0,612436183211.79,-0.1,2055.2
2025-06-22 03:00:00+00:00,short,buy,102310.0,,612129965120.19,-0.05,2055.15
2025-06-22 05:00:00+00:00,short,sell - direction_change,102310.0,102508.5,610636256719.82,-0.24,2054.91
2025-06-22 05:00:00+00:00,long,buy,102508.5,,610330938591.46,-0.05,2054.86
2025-06-22 13:00:00+00:00,long,sell - direction_change,102508.5,102709.0,611219540987.14,0.15,2055.0
2025-06-22 13:00:00+00:00,short,buy,102709.0,,610913931216.65,-0.05,2054.95
2025-06-22 14:24:00+00:00,short,sell - take_profit,102709.0,99627.73,628935892187.54,2.95,2057.9
2025-06-22 15:00:00+00:00,short,buy,99584.2,,628621424241.45,-0.05,2057.85
2025-06-22 22:00:00+00:00,short,sell - direction_change,99584.2,99136.0,631136358754.42,0.4,2058.25
2025-06-22 22:00:00+00:00,long,buy,99136.0,,630820790575.05,-0.05,2058.2
2025-06-23 07:10:00+00:00,long,sell - take_profit,99136.0,102110.08,649430003897.01,2.95,2061.15
2025-06-23 08:00:00+00:00,long,buy,101874.4,,649105288895.06,-0.05,2061.1
2025-06-23 13:31:00+00:00,long,sell - stop_loss,101874.4,100855.65599999999,642289683361.66,-1.05,2060.05
2025-06-23 14:00:00+00:00,long,buy,102306.1,,641968538519.98,-0.05,2060.0
2025-06-23 15:52:00+00:00,long,sell - stop_loss,102306.1,101283.039,635227868865.52,-1.05,2058.95
2025-06-23 16:00:00+00:00,short,buy,101369.6,,634910254931.09,-0.05,2058.9
2025-06-23 17:00:00+00:00,short,sell - direction_change,101369.6,100643.0,639143728200.63,0.67,2059.57
2025-06-23 17:00:00+00:00,long,buy,100643.0,,638824156336.53,-0.05,2059.52
2025-06-23 20:20:00+00:00,long,sell - take_profit,100643.0,103662.29000000001,657669468948.45,2.95,2062.47
2025-06-23 21:00:00+00:00,long,buy,103687.2,,657340634213.98,-0.05,2062.42
2025-06-25 09:08:00+00:00,long,sell - take_profit,103687.2,106797.816,676732182923.29,2.95,2065.37
2025-06-25 10:00:00+00:00,long,buy,106589.7,,676393816831.83,-0.05,2065.32
2025-06-26 09:00:00+00:00,long,sell - direction_change,106589.7,107700.0,683101329357.14,0.99,2066.31
2025-06-26 09:00:00+00:00,short,buy,107700.0,,682759778692.47,-0.05,2066.26
2025-06-26 10:00:00+00:00,short,sell - direction_change,107700.0,107263.3,685186840728.42,0.36,2066.62
2025-06-26 10:00:00+00:00,long,buy,107263.3,,684844247308.06,-0.05,2066.57
2025-06-26 11:00:00+00:00,long,sell - direction_change,107263.3,107329.0,684921300131.08,0.01,2066.58
2025-06-26 11:00:00+00:00,short,buy,107329.0,,684578839481.02,-0.05,2066.53
2025-06-26 19:00:00+00:00,short,sell - direction_change,107329.0,107331.8,684218690761.83,-0.05,2066.47
2025-06-26 19:00:00+00:00,long,buy,107331.8,,683876581416.45,-0.05,2066.42
2025-06-26 21:00:00+00:00,long,sell - direction_change,107331.8,107727.7,686057164303.83,0.32,2066.74
2025-06-26 21:00:00+00:00,short,buy,107727.7,,685714135721.68,-0.05,2066.69
2025-06-27 03:00:00+00:00,short,sell - direction_change,107727.7,107194.5,688765231900.45,0.44,2067.14
2025-06-27 03:00:00+00:00,long,buy,107194.5,,688420849284.5,-0.05,2067.09
2025-06-27 05:00:00+00:00,long,sell - direction_change,107194.5,107453.3,689738695362.7,0.19,2067.28
2025-06-27 05:00:00+00:00,short,buy,107453.3,,689393826015.02,-0.05,2067.23
2025-06-27 15:00:00+00:00,short,sell - direction_change,107453.3,106508.8,695108807759.36,0.83,2068.06
2025-06-27 15:00:00+00:00,long,buy,106508.8,,694761253355.48,-0.05,2068.01
2025-06-27 17:00:00+00:00,long,sell - direction_change,106508.8,107418.7,700349187598.82,0.8,2068.81
2025-06-27 17:00:00+00:00,short,buy,107418.7,,699999013005.02,-0.05,2068.76
2025-06-27 20:00:00+00:00,short,sell - direction_change,107418.7,106748.2,704018358298.08,0.57,2069.34
2025-06-27 20:00:00+00:00,long,buy,106748.2,,703666349118.93,-0.05,2069.29
2025-06-28 13:00:00+00:00,long,sell - direction_change,106748.2,107281.1,706827303958.08,0.45,2069.74
2025-06-28 13:00:00+00:00,short,buy,107281.1,,706473890306.1,-0.05,2069.69
2025-06-28 14:00:00+00:00,short,sell - direction_change,107281.1,107066.5,707533850064.37,0.15,2069.84
2025-06-28 14:00:00+00:00,long,buy,107066.5,,707180083139.34,-0.05,2069.79
2025-06-28 19:00:00+00:00,long,sell - direction_change,107066.5,107277.8,708222141144.24,0.15,2069.93
2025-06-28 19:00:00+00:00,short,buy,107277.8,,707868030073.67,-0.05,2069.88
2025-06-28 22:00:00+00:00,short,sell - direction_change,107277.8,107270.0,707565564029.03,-0.04,2069.84
2025-06-28 22:00:00+00:00,long,buy,107270.0,,707211781247.01,-0.05,2069.79
2025-06-29 01:00:00+00:00,long,sell - direction_change,107270.0,107421.4,707856328275.95,0.09,2069.88
2025-06-29 01:00:00+00:00,short,buy,107421.4,,707502400111.81,-0.05,2069.83
2025-06-29 02:00:00+00:00,short,sell - direction_change,107421.4,107269.4,708149756370.95,0.09,2069.92
2025-06-29 02:00:00+00:00,long,buy,107269.4,,707795681492.76,-0.05,2069.87
2025-06-29 03:00:00+00:00,long,sell - direction_change,107269.4,107252.1,707327633062.1,-0.07,2069.81
2025-06-29 03:00:00+00:00,short,buy,107252.1,,706973969245.57,-0.05,2069.76
2025-06-29 06:00:00+00:00,short,sell - direction_change,107252.1,107260.0,706568407808.72,-0.06,2069.7
2025-06-29 06:00:00+00:00,long,buy,107260.0,,706215123604.82,-0.05,2069.65
2025-06-29 18:00:00+00:00,long,sell - direction_change,107260.0,107485.5,707346740174.78,0.16,2069.81
2025-06-29 18:00:00+00:00,short,buy,107485.5,,706993066804.69,-0.05,2069.76
2025-06-29 22:00:00+00:00,short,sell - direction_change,107485.5,107499.6,706546826578.03,-0.06,2069.7
2025-06-29 22:00:00+00:00,long,buy,107499.6,,706193553164.74,-0.05,2069.65
2025-06-30 06:00:00+00:00,long,sell - direction_change,107499.6,108232.8,710657042805.04,0.63,2070.28
2025-06-30 06:00:00+00:00,short,buy,108232.8,,710301714283.64,-0.05,2070.23
2025-06-30 19:00:00+00:00,short,sell - direction_change,108232.8,107191.0,716783606595.86,0.91,2071.14
2025-06-30 19:00:00+00:00,long,buy,107191.0,,716425214792.56,-0.05,2071.09
2025-06-30 20:00:00+00:00,long,sell - direction_change,107191.0,107689.6,719399461179.81,0.42,2071.51
2025-06-30 20:00:00+00:00,short,buy,107689.6,,719039761449.22,-0.05,2071.46
2025-07-02 03:00:00+00:00,short,sell - direction_change,107689.6,105865.9,730857023847.89,1.64,2073.1
2025-07-02 03:00:00+00:00,long,buy,105865.9,,730491595335.97,-0.05,2073.05
2025-07-02 16:05:00+00:00,long,sell - take_profit,105865.9,109041.877,752041097398.38,2.95,2076.0
2025-07-02 17:00:00+00:00,long,buy,109367.0,,751665076849.68,-0.05,2075.95
2025-07-03 03:00:00+00:00,long,sell - direction_change,109367.0,108676.7,746544902758.97,-0.68,2075.27
2025-07-03 03:00:00+00:00,short,buy,108676.7,,746171630307.59,-0.05,2075.22
2025-07-03 05:00:00+00:00,short,sell - direction_change,108676.7,108738.5,745374227166.34,-0.11,2075.11
2025-07-03 05:00:00+00:00,long,buy,108738.5,,745001540052.75,-0.05,2075.06
2025-07-03 23:00:00+00:00,long,sell - direction_change,108738.5,109656.0,750915119309.56,0.79,2075.86
2025-07-03 23:00:00+00:00,short,buy,109656.0,,750539661749.91,-0.05,2075.81
2025-07-05 00:00:00+00:00,short,sell - direction_change,109656.0,107935.3,761941710040.92,1.52,2077.33
2025-07-05 00:00:00+00:00,long,buy,107935.3,,761560739185.9,-0.05,2077.28
2025-07-05 08:00:00+00:00,long,sell - direction_change,107935.3,108000.8,761642108163.34,0.01,2077.29
2025-07-05 08:00:00+00:00,short,buy,108000.8,,761261287109.25,-0.05,2077.24
2025-07-05 09:00:00+00:00,short,sell - direction_change,108000.8,107974.5,761066036313.36,-0.03,2077.21
2025-07-05 09:00:00+00:00,long,buy,107974.5,,760685503295.2,-0.05,2077.16
2025-07-05 18:00:00+00:00,long,sell - direction_change,107974.5,108044.9,760801131901.9,0.02,2077.18
2025-07-05 18:00:00+00:00,short,buy,108044.9,,760420731335.95,-0.05,2077.13
2025-07-05 19:00:00+00:00,short,sell - direction_change,108044.9,107942.2,760763324259.55,0.05,2077.17
2025-07-05 19:00:00+00:00,long,buy,107942.2,,760382942597.42,-0.05,2077.12
2025-07-05 21:00:00+00:00,long,sell - direction_change,107942.2,108036.6,760667738033.75,0.04,2077.16
2025-07-05 21:00:00+00:00,short,buy,108036.6,,760287404164.73,-0.05,2077.11
2025-07-05 22:00:00+00:00,short,sell - direction_change,108036.6,108028.7,759962855237.88,-0.04,2077.07
2025-07-05 22:00:00+00:00,long,buy,108028.7,,759582873810.26,-0.05,2077.02
2025-07-06 02:00:00+00:00,long,sell - direction_change,108028.7,108155.3,760093245744.98,0.07,2077.08
2025-07-06 02:00:00+00:00,short,buy,108155.3,,759713199122.11,-0.05,2077.03
2025-07-06 06:00:00+00:00,short,sell - direction_change,108155.3,107941.8,760833026477.12,0.15,2077.18
2025-07-06 06:00:00+00:00,long,buy,107941.8,,760452609963.88,-0.05,2077.13
2025-07-06 07:00:00+00:00,long,sell - direction_change,107941.8,108072.9,760995986351.89,0.07,2077.2
2025-07-06 07:00:00+00:00,short,buy,108072.9,,760615488358.72,-0.05,2077.15
2025-07-06 12:00:00+00:00,short,sell - direction_change,108072.9,108017.3,760626492600.73,0.0,2077.15
2025-07-06 12:00:00+00:00,long,buy,108017.3,,760246179354.43,-0.05,2077.1
2025-07-07 06:00:00+00:00,long,sell - direction_change,108017.3,109027.8,766978146311.79,0.89,2077.99
2025-07-07 06:00:00+00:00,short,buy,109027.8,,766594657238.63,-0.05,2077.94
2025-07-08 00:00:00+00:00,short,sell - direction_change,109027.8,108203.9,772004353422.67,0.71,2078.64
2025-07-08 00:00:00+00:00,long,buy,108203.9,,771618351245.96,-0.05,2078.59
2025-07-08 01:00:00+00:00,long,sell - direction_change,108203.9,108240.2,771491402852.16,-0.02,2078.58
2025-07-08 01:00:00+00:00,short,buy,108240.2,,771105657150.73,-0.05,2078.53
2025-07-08 05:00:00+00:00,short,sell - direction_change,108240.2,107985.9,772531743330.71,0.18,2078.71
2025-07-08 05:00:00+00:00,long,buy,107985.9,,772145477459.04,-0.05,2078.66
2025-07-08 15:00:00+00:00,long,sell - direction_change,107985.9,108336.7,774267775104.71,0.27,2078.94
2025-07-08 15:00:00+00:00,short,buy,108336.7,,773880641217.16,-0.05,2078.89
2025-07-08 16:00:00+00:00,short,sell - direction_change,108336.7,108217.0,774348752903.43,0.06,2078.95
2025-07-08 16:00:00+00:00,long,buy,108217.0,,773961578526.98,-0.05,2078.9
2025-07-09 03:00:00+00:00,long,sell - direction_change,108217.0,108577.5,776152872399.36,0.28,2079.18
2025-07-09 03:00:00+00:00,short,buy,108577.5,,775764795963.16,-0.05,2079.13
2025-07-09 05:00:00+00:00,short,sell - direction_change,108577.5,108500.0,775930635760.72,0.02,2079.15
2025-07-09 05:00:00+00:00,long,buy,108500.0,,775542670442.84,-0.05,2079.1
2025-07-09 07:00:00+00:00,long,sell - direction_change,108500.0,108789.0,777220630275.9,0.22,2079.32
2025-07-09 07:00:00+00:00,short,buy,108789.0,,776832019960.76,-0.05,2079.27
2025-07-09 10:00:00+00:00,short,sell - direction_change,108789.0,108703.6,777053421620.81,0.03,2079.3
2025-07-09 10:00:00+00:00,long,buy,108703.6,,776664894910.0,-0.05,2079.25
2025-07-09 19:55:00+00:00,long,sell - take_profit,108703.6,111964.70800000001,799576509309.84,2.95,2082.2
2025-07-09 20:00:00+00:00,long,buy,111718.8,,799176721055.19,-0.05,2082.15
2025-07-09 20:54:00+00:00,long,sell - stop_loss,111718.8,110601.61200000001,790785365484.11,-1.05,2081.1
2025-07-09 21:00:00+00:00,long,buy,110675.8,,790389972801.36,-0.05,2081.05
2025-07-10 09:00:00+00:00,long,sell - direction_change,110675.8,111185.2,793632652148.33,0.41,2081.46
2025-07-10 09:00:00+00:00,short,buy,111185.2,,793235835822.26,-0.05,2081.41
2025-07-10 10:00:00+00:00,short,sell - direction_change,111185.2,110997.8,794176197966.74,0.12,2081.53
2025-07-10 10:00:00+00:00,long,buy,110997.8,,793779109867.76,-0.05,2081.48
2025-07-10 11:00:00+00:00,long,sell - direction_change,110997.8,111036.7,793660406073.02,-0.01,2081.46
2025-07-10 11:00:00+00:00,short,buy,111036.7,,793263575869.99,-0.05,2081.41
2025-07-10 14:00:00+00:00,short,sell - direction_change,111036.7,110750.0,794915173786.3,0.21,2081.62
2025-07-10 14:00:00+00:00,long,buy,110750.0,,794517716199.41,-0.05,2081.57
2025-07-10 21:17:00+00:00,long,sell - take_profit,110750.0,114072.5,817955988827.29,2.95,2084.52
2025-07-10 22:00:00+00:00,long,buy,116459.5,,817547010832.88,-0.05,2084.47
2025-07-11 00:24:00+00:00,long,sell - stop_loss,116459.5,115294.905,808962767219.13,-1.05,2083.42
2025-07-11 01:00:00+00:00,long,buy,115544.9,,808558285835.52,-0.05,2083.37
2025-07-11 20:00:00+00:00,long,sell - direction_change,115544.9,118072.7,825843005817.06,2.14,2085.51
2025-07-11 20:00:00+00:00,short,buy,118072.7,,825430084314.15,-0.05,2085.46
2025-07-11 23:00:00+00:00,short,sell - direction_change,118072.7,117591.5,828381372606.99,0.36,2085.81
2025-07-11 23:00:00+00:00,long,buy,117591.5,,827967181920.69,-0.05,2085.76
2025-07-12 00:00:00+00:00,long,sell - direction_change,117591.5,117500.0,826908942604.22,-0.13,2085.64
2025-07-12 00:00:00+00:00,short,buy,117500.0,,826495488132.92,-0.05,2085.59
2025-07-12 01:00:00+00:00,short,sell - direction_change,117500.0,117379.4,826930541289.86,0.05,2085.64
2025-07-12 01:00:00+00:00,long,buy,117379.4,,826517076019.22,-0.05,2085.59
2025-07-12 05:00:00+00:00,long,sell - direction_change,117379.4,117609.7,827725455371.74,0.15,2085.74
2025-07-12 05:00:00+00:00,short,buy,117609.7,,827311592644.05,-0.05,2085.69
2025-07-12 06:00:00+00:00,short,sell - direction_change,117609.7,117640.3,826682684749.18,-0.08,2085.61
2025-07-12 06:00:00+00:00,long,buy,117640.3,,826269343406.8,-0.05,2085.56
2025-07-12 12:00:00+00:00,long,sell - direction_change,117640.3,117773.5,826791764633.39,0.06,2085.62
2025-07-12 12:00:00+00:00,short,buy,117773.5,,826378368751.07,-0.05,2085.57
2025-07-13 02:00:00+00:00,short,sell - direction_change,117773.5,117510.8,827808460079.47,0.17,2085.75
2025-07-13 02:00:00+00:00,long,buy,117510.8,,827394555849.43,-0.05,2085.7
2025-07-14 03:42:00+00:00,long,sell - take_profit,117510.8,121036.12400000001,851802695246.99,2.95,2088.65
2025-07-14 04:00:00+00:00,long,buy,120733.2,,851376793899.36,-0.05,2088.6
2025-07-14 15:00:00+00:00,long,sell - direction_change,120733.2,121160.0,853960779855.75,0.3,2088.9
2025-07-14 15:00:00+00:00,short,buy,121160.0,,853533799465.82,-0.05,2088.85
2025-07-14 16:00:00+00:00,short,sell - direction_change,121160.0,119863.1,862243282025.71,1.02,2089.87
2025-07-14 16:00:00+00:00,long,buy,119863.1,,861812160384.7,-0.05,2089.82
2025-07-14 17:00:00+00:00,long,sell - direction_change,119863.1,120261.0,864242143590.84,0.28,2090.1
2025-07-14 17:00:00+00:00,short,buy,120261.0,,863810022519.04,-0.05,2090.05
2025-07-15 04:09:00+00:00,short,sell - take_profit,120261.0,116653.17,889292418183.36,2.95,2093.0
2025-07-15 05:00:00+00:00,short,buy,117481.7,,888847771974.26,-0.05,2092.95
2025-07-15 13:00:00+00:00,short,sell - direction_change,117481.7,117193.0,890587606162.25,0.2,2093.15
2025-07-15 13:00:00+00:00,long,buy,117193.0,,890142312359.17,-0.05,2093.1
2025-07-15 14:00:00+00:00,long,sell - direction_change,117193.0,118067.8,896341806107.48,0.7,2093.79
2025-07-15 14:00:00+00:00,short,buy,118067.8,,895893635204.42,-0.05,2093.74
2025-07-15 16:00:00+00:00,short,sell - direction_change,118067.8,116393.1,908153243460.07,1.37,2095.11
2025-07-15 16:00:00+00:00,long,buy,116393.1,,907699166838.34,-0.05,2095.06
2025-07-15 18:00:00+00:00,long,sell - direction_change,116393.1,117415.6,915219350063.5,0.83,2095.89
2025-07-15 18:00:00+00:00,short,buy,117415.6,,914761740388.46,-0.05,2095.84
2025-07-15 21:00:00+00:00,short,sell - direction_change,117415.6,116410.0,922138790429.79,0.81,2096.65
2025-07-15 21:00:00+00:00,long,buy,116410.0,,921677721034.58,-0.05,2096.6
2025-07-16 20:44:00+00:00,long,sell - take_profit,116410.0,119902.3,948867213805.1,2.95,2099.55
2025-07-16 21:00:00+00:00,long,buy,119886.2,,948392780198.19,-0.05,2099.5
2025-07-16 22:48:00+00:00,long,sell - stop_loss,119886.2,118687.33799999999,938434656006.11,-1.05,2098.45
2025-07-16 23:00:00+00:00,short,buy,118624.8,,937965438678.11,-0.05,2098.4
2025-07-17 09:00:00+00:00,short,sell - direction_change,118624.8,118313.6,939957112115.97,0.21,2098.61
2025-07-17 09:00:00+00:00,long,buy,118313.6,,939487133559.91,-0.05,2098.56
2025-07-17 10:00:00+00:00,long,sell - direction_change,118313.6,118758.6,942550980167.33,0.33,2098.89
2025-07-17 10:00:00+00:00,short,buy,118758.6,,942079704677.25,-0.05,2098.84
2025-07-17 14:00:00+00:00,short,sell - direction_change,118758.6,118261.2,945554403871.23,0.37,2099.2
2025-07-17 14:00:00+00:00,long,buy,118261.2,,945081626669.29,-0.05,2099.15
2025-07-18 08:00:00+00:00,long,sell - direction_change,118261.2,119356.5,953362150307.28,0.88,2100.03
2025-07-18 08:00:00+00:00,short,buy,119356.5,,952885469232.13,-0.05,2099.98
2025-07-19 01:00:00+00:00,short,sell - direction_change,119356.5,117713.1,965529149659.1,1.33,2101.31
2025-07-19 01:00:00+00:00,long,buy,117713.1,,965046385084.27,-0.05,2101.26
2025-07-19 14:00:00+00:00,long,sell - direction_change,117713.1,118167.0,968285066704.02,0.34,2101.59
2025-07-19 14:00:00+00:00,short,buy,118167.0,,967800924170.67,-0.05,2101.54
2025-07-20 03:00:00+00:00,short,sell - direction_change,118167.0,117957.8,969030395067.22,0.13,2101.67
2025-07-20 03:00:00+00:00,long,buy,117957.8,,968545879869.69,-0.05,2101.62
2025-07-20 05:00:00+00:00,long,sell - direction_change,117957.8,117917.9,967733989929.38,-0.08,2101.54
2025-07-20 05:00:00+00:00,short,buy,117917.9,,967250122934.42,-0.05,2101.49
2025-07-20 06:00:00+00:00,short,sell - direction_change,117917.9,117822.7,967547398921.08,0.03,2101.52
2025-07-20 06:00:00+00:00,long,buy,117822.7,,967063625221.62,-0.05,2101.47
2025-07-20 09:00:00+00:00,long,sell - direction_change,117822.7,118136.4,969154876190.53,0.22,2101.68
2025-07-20 09:00:00+00:00,short,buy,118136.4,,968670298752.43,-0.05,2101.63
2025-07-20 12:00:00+00:00,short,sell - direction_change,118136.4,117869.2,970376894627.08,0.18,2101.81
2025-07-20 12:00:00+00:00,long,buy,117869.2,,969891706179.77,-0.05,2101.76
2025-07-20 21:00:00+00:00,long,sell - direction_change,117869.2,118062.4,970996514712.33,0.11,2101.87
2025-07-20 21:00:00+00:00,short,buy,118062.4,,970511016454.98,-0.05,2101.82
2025-07-21 02:00:00+00:00,short,sell - direction_change,118062.4,117262.8,976598730908.04,0.63,2102.45
2025-07-21 02:00:00+00:00,long,buy,117262.8,,976110431542.58,-0.05,2102.4
2025-07-21 12:00:00+00:00,long,sell - direction_change,117262.8,118044.9,982132675999.93,0.62,2103.02
2025-07-21 12:00:00+00:00,short,buy,118044.9,,981641609661.93,-0.05,2102.97
2025-07-21 13:00:00+00:00,short,sell - direction_change,118044.9,118140.3,980357458441.63,-0.13,2102.84
2025-07-21 13:00:00+00:00,long,buy,118140.3,,979867279712.41,-0.05,2102.79
2025-07-21 15:00:00+00:00,long,sell - direction_change,118140.3,118794.4,984802515872.02,0.5,2103.29
2025-07-21 15:00:00+00:00,short,buy,118794.4,,984310114614.08,-0.05,2103.24
2025-07-22 05:00:00+00:00,short,sell - direction_change,118794.4,116500.1,1002828137611.96,1.88,2105.12
2025-07-22 05:00:00+00:00,long,buy,116500.1,,1002326723543.16,-0.05,2105.07
2025-07-22 18:54:00+00:00,long,sell - take_profit,116500.1,119995.103,1031895361887.68,2.95,2108.02
2025-07-22 19:00:00+00:00,long,buy,119768.0,,1031379414206.73,-0.05,2107.97
2025-07-23 03:00:00+00:00,long,sell - direction_change,119768.0,119096.6,1025081978635.14,-0.61,2107.36
2025-07-23 03:00:00+00:00,short,buy,119096.6,,1024569437645.82,-0.05,2107.31
2025-07-23 19:00:00+00:00,short,sell - direction_change,119096.6,118334.7,1030611659558.95,0.59,2107.9
2025-07-23 19:00:00+00:00,long,buy,118334.7,,1030096353729.17,-0.05,2107.85
2025-07-23 20:00:00+00:00,long,sell - direction_change,118334.7,118344.4,1029665743461.31,-0.04,2107.81
2025-07-23 20:00:00+00:00,short,buy,118344.4,,1029150910589.58,-0.05,2107.76
2025-07-23 22:00:00+00:00,short,sell - direction_change,118344.4,118143.9,1030379930585.98,0.12,2107.88
2025-07-23 22:00:00+00:00,long,buy,118143.9,,1029864740620.68,-0.05,2107.83
2025-07-24 04:00:00+00:00,long,sell - direction_change,118143.9,118451.6,1032032040517.03,0.21,2108.04
2025-07-24 04:00:00+00:00,short,buy,118451.6,,1031516024496.78,-0.05,2107.99
2025-07-24 07:00:00+00:00,short,sell - direction_change,118451.6,117418.3,1039998587386.17,0.82,2108.81
2025-07-24 07:00:00+00:00,long,buy,117418.3,,1039478588092.47,-0.05,2108.76
2025-07-24 13:00:00+00:00,long,sell - direction_change,117418.3,118479.4,1048352535556.15,0.85,2109.61
2025-07-24 13:00:00+00:00,short,buy,118479.4,,1047828359288.38,-0.05,2109.56
2025-07-24 14:00:00+00:00,short,sell - direction_change,118479.4,118171.2,1050030156923.04,0.21,2109.78
2025-07-24 14:00:00+00:00,long,buy,118171.2,,1049505141844.58,-0.05,2109.73
2025-07-24 21:00:00+00:00,long,sell - direction_change,118171.2,118678.0,1053481394644.57,0.38,2110.1
2025-07-24 21:00:00+00:00,short,buy,118678.0,,1052954653947.25,-0.05,2110.05
2025-07-25 04:21:00+00:00,short,sell - take_profit,118678.0,115117.66,1084016816238.69,2.95,2113.0
2025-07-25 05:00:00+00:00,short,buy,116043.5,,1083474807830.57,-0.05,2112.95
2025-07-25 13:00:00+00:00,short,sell - direction_change,116043.5,116079.7,1082595078311.26,-0.08,2112.87
2025-07-25 13:00:00+00:00,long,buy,116079.7,,1082053780772.1,-0.05,2112.82
2025-07-25 14:00:00+00:00,long,sell - direction_change,116079.7,116195.5,1082592200398.32,0.05,2112.87
2025-07-25 14:00:00+00:00,short,buy,116195.5,,1082050904298.12,-0.05,2112.82
2025-07-25 15:00:00+00:00,short,sell - direction_change,116195.5,114934.5,1093252727668.17,1.04,2113.86
2025-07-25 15:00:00+00:00,long,buy,114934.5,,1092706101304.34,-0.05,2113.81
2025-07-26 23:00:00+00:00,long,sell - direction_change,114934.5,117974.9,1121065460902.24,2.6,2116.4
2025-07-26 23:00:00+00:00,short,buy,117974.9,,1120504928171.79,-0.05,2116.35
2025-07-27 02:00:00+00:00,short,sell - direction_change,117974.9,118063.7,1119101268867.59,-0.13,2116.23
2025-07-27 02:00:00+00:00,long,buy,118063.7,,1118541718233.16,-0.05,2116.18
2025-07-27 08:00:00+00:00,long,sell - direction_change,118063.7,118083.5,1118170033617.92,-0.03,2116.14
2025-07-27 08:00:00+00:00,short,buy,118083.5,,1117610948601.11,-0.05,2116.09
2025-07-27 10:00:00+00:00,short,sell - direction_change,118083.5,117913.6,1118660175579.84,0.09,2116.19
2025-07-27 10:00:00+00:00,long,buy,117913.6,,1118100845492.05,-0.05,2116.14
2025-07-27 11:00:00+00:00,long,sell - direction_change,117913.6,118155.9,1119839374270.2,0.16,2116.29
2025-07-27 11:00:00+00:00,short,buy,118155.9,,1119279454583.06,-0.05,2116.24
2025-07-27 13:00:00+00:00,short,sell - direction_change,118155.9,118065.3,1119578059925.08,0.03,2116.27
2025-07-27 13:00:00+00:00,long,buy,118065.3,,1119018270895.12,-0.05,2116.22
2025-07-28 07:00:00+00:00,long,sell - direction_change,118065.3,119444.9,1131534556311.73,1.12,2117.34
2025-07-28 07:00:00+00:00,short,buy,119444.9,,1130968789033.57,-0.05,2117.29
2025-07-29 03:00:00+00:00,short,sell - direction_change,119444.9,118065.6,1143463261579.15,1.1,2118.39
2025-07-29 03:00:00+00:00,long,buy,118065.6,,1142891529948.36,-0.05,2118.34
2025-07-29 14:00:00+00:00,long,sell - direction_change,118065.6,118590.0,1147396349567.25,0.39,2118.74
2025-07-29 14:00:00+00:00,short,buy,118590.0,,1146822651392.47,-0.05,2118.69
2025-07-30 02:00:00+00:00,short,sell - direction_change,118590.0,117805.2,1153838635604.44,0.61,2119.3
2025-07-30 02:00:00+00:00,long,buy,117805.2,,1153261716286.64,-0.05,2119.25
2025-07-30 11:00:00+00:00,long,sell - direction_change,117805.2,117983.9,1154434480775.23,0.1,2119.35
2025-07-30 11:00:00+00:00,short,buy,117983.9,,1153857263534.84,-0.05,2119.3
2025-07-30 14:00:00+00:00,short,sell - direction_change,117983.9,117624.6,1156794211921.78,0.25,2119.56
2025-07-30 14:00:00+00:00,long,buy,117624.6,,1156215814815.82,-0.05,2119.51
2025-07-30 16:00:00+00:00,long,sell - direction_change,117624.6,117949.9,1158835311869.96,0.23,2119.73
2025-07-30 16:00:00+00:00,short,buy,117949.9,,1158255894214.02,-0.05,2119.68
2025-07-30 23:00:00+00:00,short,sell - direction_change,117949.9,117431.1,1162771328940.72,0.39,2120.07
2025-07-30 23:00:00+00:00,long,buy,117431.1,,1162189943276.25,-0.05,2120.02
2025-07-31 14:00:00+00:00,long,sell - direction_change,117431.1,118506.1,1172247888465.36,0.87,2120.89
2025-07-31 14:00:00+00:00,short,buy,118506.1,,1171661764521.13,-0.05,2120.84
2025-07-31 15:00:00+00:00,short,sell - direction_change,118506.1,117871.8,1177347214671.96,0.49,2121.32
2025-07-31 15:00:00+00:00,long,buy,117871.8,,1176758541064.63,-0.05,2121.27
2025-07-31 17:00:00+00:00,long,sell - direction_change,117871.8,118492.0,1182361851809.59,0.48,2121.75
2025-07-31 17:00:00+00:00,short,buy,118492.0,,1181770670883.68,-0.05,2121.7
2025-08-01 00:50:00+00:00,short,sell - take_profit,118492.0,114937.23999999999,1216632905674.75,2.95,2124.65
2025-08-01 01:00:00+00:00,short,buy,115366.9,,1216024589221.92,-0.05,2124.6
2025-08-01 12:00:00+00:00,short,sell - direction_change,115366.9,115246.5,1216685652897.47,0.05,2124.65
2025-08-01 12:00:00+00:00,long,buy,115246.5,,1216077310071.02,-0.05,2124.6
2025-08-01 13:00:00+00:00,long,sell - direction_change,115246.5,115674.9,1219989734246.82,0.32,2124.93
2025-08-01 13:00:00+00:00,short,buy,115674.9,,1219379739379.7,-0.05,2124.88
2025-08-02 04:00:00+00:00,short,sell - direction_change,115674.9,113860.0,1237901704596.81,1.52,2126.39
2025-08-02 04:00:00+00:00,long,buy,113860.0,,1237282753744.51,-0.05,2126.34
2025-08-02 06:00:00+00:00,long,sell - direction_change,113860.0,113929.1,1237415001514.7,0.01,2126.36
2025-08-02 06:00:00+00:00,short,buy,113929.1,,1236796294013.94,-0.05,2126.31
2025-08-02 07:00:00+00:00,short,sell - direction_change,113929.1,113655.0,1239153482123.56,0.19,2126.5
2025-08-02 07:00:00+00:00,long,buy,113655.0,,1238533905382.49,-0.05,2126.45
2025-08-02 10:00:00+00:00,long,sell - direction_change,113655.0,113634.4,1237690153818.91,-0.07,2126.38
2025-08-02 10:00:00+00:00,short,buy,113634.4,,1237071308742.0,-0.05,2126.33
2025-08-02 11:00:00+00:00,short,sell - direction_change,113634.4,113504.1,1237871273044.77,0.06,2126.39
2025-08-02 11:00:00+00:00,long,buy,113504.1,,1237252337408.24,-0.05,2126.34
2025-08-02 12:00:00+00:00,long,sell - direction_change,113504.1,113732.6,1239124477292.02,0.15,2126.49
2025-08-02 12:00:00+00:00,short,buy,113732.6,,1238504915053.38,-0.05,2126.44
2025-08-03 01:00:00+00:00,short,sell - direction_change,113732.6,112902.3,1246927314953.83,0.68,2127.12
2025-08-03 01:00:00+00:00,long,buy,112902.3,,1246303851296.35,-0.05,2127.07
2025-08-04 10:00:00+00:00,long,sell - direction_change,112902.3,114272.9,1260810453667.88,1.16,2128.24
2025-08-04 10:00:00+00:00,short,buy,114272.9,,1260180048441.05,-0.05,2128.19
2025-08-04 13:00:00+00:00,short,sell - direction_change,114272.9,114395.2,1258201257019.35,-0.16,2128.03
2025-08-04 13:00:00+00:00,long,buy,114395.2,,1257572156390.84,-0.05,2127.98
2025-08-05 01:00:00+00:00,long,sell - direction_change,114395.2,114837.5,1261805673667.78,0.34,2128.32
2025-08-05 01:00:00+00:00,short,buy,114837.5,,1261174770830.95,-0.05,2128.27
2025-08-05 10:00:00+00:00,short,sell - direction_change,114837.5,114649.7,1262606651036.36,0.11,2128.38
2025-08-05 10:00:00+00:00,long,buy,114649.7,,1261975347710.84,-0.05,2128.33
2025-08-05 12:00:00+00:00,long,sell - direction_change,114649.7,114782.1,1262801716977.63,0.07,2128.4
2025-08-05 12:00:00+00:00,short,buy,114782.1,,1262170316119.14,-0.05,2128.35
2025-08-06 00:00:00+00:00,short,sell - direction_change,114782.1,114069.6,1269374044492.41,0.57,2128.92
2025-08-06 00:00:00+00:00,long,buy,114069.6,,1268739357470.16,-0.05,2128.87
2025-08-06 02:00:00+00:00,long,sell - direction_change,114069.6,113777.2,1264852768198.09,-0.31,2128.56
2025-08-06 02:00:00+00:00,short,buy,113777.2,,1264220341813.99,-0.05,2128.51
2025-08-06 05:00:00+00:00,short,sell - direction_change,113777.2,113385.8,1267937221087.24,0.29,2128.8
2025-08-06 05:00:00+00:00,long,buy,113385.8,,1267303252476.7,-0.05,2128.75
2025-08-07 02:00:00+00:00,long,sell - direction_change,113385.8,114703.6,1281398537155.66,1.11,2129.87
2025-08-07 02:00:00+00:00,short,buy,114703.6,,1280757837887.08,-0.05,2129.82
2025-08-07 08:00:00+00:00,short,sell - direction_change,114703.6,114751.2,1279585966730.03,-0.09,2129.73
2025-08-07 08:00:00+00:00,long,buy,114751.2,,1278946173746.66,-0.05,2129.68
2025-08-08 05:00:00+00:00,long,sell - direction_change,114751.2,116700.0,1300026824749.1,1.65,2131.32
2025-08-08 05:00:00+00:00,short,buy,116700.0,,1299376811336.73,-0.05,2131.27
2025-08-08 13:00:00+00:00,short,sell - direction_change,116700.0,116450.4,1301506252769.19,0.16,2131.44
2025-08-08 13:00:00+00:00,long,buy,116450.4,,1300855499642.8,-0.05,2131.39
2025-08-08 14:00:00+00:00,long,sell - direction_change,116450.4,116862.9,1304813067173.4,0.3,2131.69
2025-08-08 14:00:00+00:00,short,buy,116862.9,,1304160660639.81,-0.05,2131.64
2025-08-08 20:00:00+00:00,short,sell - direction_change,116862.9,116384.4,1308848520325.66,0.36,2132.0
2025-08-08 20:00:00+00:00,long,buy,116384.4,,1308194096065.5,-0.05,2131.95
2025-08-08 23:00:00+00:00,long,sell - direction_change,116384.4,116833.6,1312589136083.54,0.34,2132.29
2025-08-08 23:00:00+00:00,short,buy,116833.6,,1311932841515.5,-0.05,2132.24
2025-08-09 05:00:00+00:00,short,sell - direction_change,116833.6,116383.9,1316326588523.32,0.33,2132.57
2025-08-09 05:00:00+00:00,long,buy,116383.9,,1315668425229.06,-0.05,2132.52
2025-08-09 06:00:00+00:00,long,sell - direction_change,116383.9,116684.6,1318409871290.32,0.21,2132.73
2025-08-09 06:00:00+00:00,short,buy,116684.6,,1317750666354.68,-0.05,2132.68
2025-08-09 08:00:00+00:00,short,sell - direction_change,116684.6,116703.3,1316880606876.71,-0.07,2132.61
2025-08-09 08:00:00+00:00,long,buy,116703.3,,1316222166573.27,-0.05,2132.56
2025-08-09 16:00:00+00:00,long,sell - direction_change,116703.3,116835.5,1317055055062.59,0.06,2132.63
2025-08-09 16:00:00+00:00,short,buy,116835.5,,1316396527535.05,-0.05,2132.58
2025-08-10 02:00:00+00:00,short,sell - direction_change,116835.5,116535.0,1319124090932.12,0.21,2132.78
2025-08-10 02:00:00+00:00,long,buy,116535.0,,1318464528886.65,-0.05,2132.73
2025-08-11 01:59:00+00:00,long,sell - take_profit,116535.0,120031.05,1357359232488.81,2.95,2135.68
2025-08-11 02:00:00+00:00,long,buy,120050.0,,1356680552872.57,-0.05,2135.63
2025-08-11 12:00:00+00:00,long,sell - direction_change,120050.0,120545.0,1361596189053.21,0.36,2136.0
2025-08-11 12:00:00+00:00,short,buy,120545.0,,1360915390958.68,-0.05,2135.95
2025-08-12 12:00:00+00:00,short,sell - direction_change,120545.0,118464.2,1383726515207.76,1.68,2137.62
2025-08-12 12:00:00+00:00,long,buy,118464.2,,1383034651950.15,-0.05,2137.57
2025-08-12 13:00:00+00:00,long,sell - direction_change,118464.2,119225.8,1391234590362.92,0.59,2138.17
2025-08-12 13:00:00+00:00,short,buy,119225.8,,1390538973067.74,-0.05,2138.12
2025-08-12 14:00:00+00:00,short,sell - direction_change,119225.8,118806.6,1394732862953.67,0.3,2138.42
2025-08-12 14:00:00+00:00,long,buy,118806.6,,1394035496522.2,-0.05,2138.37
2025-08-13 01:00:00+00:00,long,sell - direction_change,118806.6,119665.3,1403414167168.89,0.67,2139.04
2025-08-13 01:00:00+00:00,short,buy,119665.3,,1402712460085.3,-0.05,2138.99
2025-08-13 02:00:00+00:00,short,sell - direction_change,119665.3,119422.5,1404857196960.85,0.15,2139.14
2025-08-13 02:00:00+00:00,long,buy,119422.5,,1404154768362.37,-0.05,2139.09
2025-08-13 04:00:00+00:00,long,sell - direction_change,119422.5,119436.0,1403611422284.04,-0.04,2139.05
2025-08-13 04:00:00+00:00,short,buy,119436.0,,1402909616572.9,-0.05,2139.0
2025-08-13 08:00:00+00:00,short,sell - direction_change,119436.0,119540.3,1400983041423.94,-0.14,2138.87
2025-08-13 08:00:00+00:00,long,buy,119540.3,,1400282549903.23,-0.05,2138.82
2025-08-13 22:41:00+00:00,long,sell - take_profit,119540.3,123126.509,1441590885125.37,2.95,2141.77
2025-08-13 23:00:00+00:00,long,buy,122965.3,,1440870089682.81,-0.05,2141.72
2025-08-14 06:00:00+00:00,long,sell - direction_change,122965.3,122166.0,1430783699667.88,-0.7,2141.02
2025-08-14 06:00:00+00:00,short,buy,122166.0,,1430068307818.04,-0.05,2140.97
2025-08-14 12:34:00+00:00,short,sell - take_profit,122166.0,118501.01999999999,1472255322898.68,2.95,2143.92
2025-08-14 13:00:00+00:00,short,buy,118822.2,,1471519195237.23,-0.05,2143.87
2025-08-15 01:00:00+00:00,short,sell - direction_change,118822.2,118122.9,1479443714385.75,0.54,2144.41
2025-08-15 01:00:00+00:00,long,buy,118122.9,,1478703992528.55,-0.05,2144.36
2025-08-15 12:00:00+00:00,long,sell - direction_change,118122.9,118950.1,1488319820964.02,0.65,2145.01
2025-08-15 12:00:00+00:00,short,buy,118950.1,,1487575661053.54,-0.05,2144.96
2025-08-16 00:00:00+00:00,short,sell - direction_change,118950.1,117279.1,1507729198484.79,1.35,2146.31
2025-08-16 00:00:00+00:00,long,buy,117279.1,,1506975333885.55,-0.05,2146.26
2025-08-16 03:00:00+00:00,long,sell - direction_change,117279.1,117458.9,1508532182544.79,0.1,2146.36
2025-08-16 03:00:00+00:00,short,buy,117458.9,,1507777916453.52,-0.05,2146.31
2025-08-16 04:00:00+00:00,short,sell - direction_change,117458.9,117385.0,1507972655381.52,0.01,2146.33
2025-08-16 04:00:00+00:00,long,buy,117385.0,,1507218669053.83,-0.05,2146.28
2025-08-16 09:00:00+00:00,long,sell - direction_change,117385.0,117578.5,1508949591920.71,0.11,2146.39
2025-08-16 09:00:00+00:00,short,buy,117578.5,,1508195117124.75,-0.05,2146.34
2025-08-16 12:00:00+00:00,short,sell - direction_change,117578.5,117340.5,1510493877341.0,0.15,2146.49
2025-08-16 12:00:00+00:00,long,buy,117340.5,,1509738630402.33,-0.05,2146.44
2025-08-16 21:00:00+00:00,long,sell - direction_change,117340.5,117606.8,1512410058037.25,0.18,2146.62
2025-08-16 21:00:00+00:00,short,buy,117606.8,,1511653853008.23,-0.05,2146.57
2025-08-17 02:00:00+00:00,short,sell - direction_change,117606.8,117383.8,1513764346815.06,0.14,2146.71
2025-08-17 02:00:00+00:00,long,buy,117383.8,,1513007464641.65,-0.05,2146.66
2025-08-17 16:00:00+00:00,long,sell - direction_change,117383.8,118191.0,1522655289491.8,0.64,2147.3
2025-08-17 16:00:00+00:00,short,buy,118191.0,,1521893961847.06,-0.05,2147.25
2025-08-18 09:27:00+00:00,short,sell - take_profit,118191.0,114645.27,1566789833721.54,2.95,2150.2
2025-08-18 10:00:00+00:00,short,buy,115000.0,,1566006438804.68,-0.05,2150.15
2025-08-18 12:00:00+00:00,short,sell - direction_change,115000.0,114900.1,1566583818569.95,0.04,2150.19
2025-08-18 12:00:00+00:00,long,buy,114900.1,,1565800526660.66,-0.05,2150.14
2025-08-18 13:00:00+00:00,long,sell - direction_change,114900.1,115475.0,1572852073214.85,0.45,2150.59
2025-08-18 13:00:00+00:00,short,buy,115475.0,,1572065647178.24,-0.05,2150.54
2025-08-18 14:00:00+00:00,short,sell - direction_change,115475.0,114790.8,1580594247961.92,0.54,2151.08
2025-08-18 14:00:00+00:00,long,buy,114790.8,,1579803950837.94,-0.05,2151.03
2025-08-19 01:00:00+00:00,long,sell - direction_change,114790.8,116519.2,1602801087097.54,1.46,2152.48
2025-08-19 01:00:00+00:00,short,buy,116519.2,,1601999686553.99,-0.05,2152.43
2025-08-19 02:00:00+00:00,short,sell - direction_change,116519.2,115760.5,1611629904588.87,0.6,2153.04
2025-08-19 02:00:00+00:00,long,buy,115760.5,,1610824089636.57,-0.05,2152.99
2025-08-19 03:00:00+00:00,long,sell - direction_change,115760.5,115709.9,1609314571277.98,-0.09,2152.89
2025-08-19 03:00:00+00:00,short,buy,115709.9,,1608509913992.34,-0.05,2152.84
2025-08-20 02:00:00+00:00,short,sell - direction_change,115709.9,112963.0,1645890947266.91,2.32,2155.17
2025-08-20 02:00:00+00:00,long,buy,112963.0,,1645068001793.28,-0.05,2155.12
2025-08-20 13:00:00+00:00,long,sell - direction_change,112963.0,113611.4,1653688047153.43,0.52,2155.64
2025-08-20 13:00:00+00:00,short,buy,113611.4,,1652861203129.86,-0.05,2155.59
2025-08-20 14:00:00+00:00,short,sell - direction_change,113611.4,112632.7,1666273266724.33,0.81,2156.4
2025-08-20 14:00:00+00:00,long,buy,112632.7,,1665440130090.96,-0.05,2156.35
2025-08-21 06:00:00+00:00,long,sell - direction_change,112632.7,113934.8,1683860873659.4,1.11,2157.46
2025-08-21 06:00:00+00:00,short,buy,113934.8,,1683018943222.58,-0.05,2157.41
2025-08-22 01:00:00+00:00,short,sell - direction_change,113934.8,112590.7,1702032173142.14,1.13,2158.54
2025-08-22 01:00:00+00:00,long,buy,112590.7,,1701181157055.57,-0.05,2158.49
2025-08-22 10:00:00+00:00,long,sell - direction_change,112590.7,113010.0,1706665949942.58,0.32,2158.81
2025-08-22 10:00:00+00:00,short,buy,113010.0,,1705812616967.61,-0.05,2158.76
2025-08-22 14:00:00+00:00,short,sell - direction_change,113010.0,112434.0,1713654056888.42,0.46,2159.22
2025-08-22 14:00:00+00:00,long,buy,112434.0,,1712797229859.98,-0.05,2159.17
2025-08-22 14:39:00+00:00,long,sell - take_profit,112434.0,115807.02,1763324748140.85,2.95,2162.12
2025-08-22 15:00:00+00:00,long,buy,115744.5,,1762443085766.78,-0.05,2162.07
2025-08-23 10:00:00+00:00,long,sell - direction_change,115744.5,115740.5,1761500956169.14,-0.05,2162.02
2025-08-23 10:00:00+00:00,short,buy,115740.5,,1760620205691.06,-0.05,2161.97
2025-08-23 23:00:00+00:00,short,sell - direction_change,115740.5,115270.0,1766897042885.64,0.36,2162.32
2025-08-23 23:00:00+00:00,long,buy,115270.0,,1766013594364.2,-0.05,2162.27
2025-08-24 02:00:00+00:00,long,sell - direction_change,115270.0,115431.7,1767607939854.76,0.09,2162.36
2025-08-24 02:00:00+00:00,short,buy,115431.7,,1766724135884.84,-0.05,2162.31
2025-08-24 19:37:00+00:00,short,sell - take_profit,115431.7,111968.749,1818842497893.44,2.95,2165.26
2025-08-24 20:00:00+00:00,short,buy,112556.4,,1817933076644.49,-0.05,2165.21
2025-08-25 16:00:00+00:00,short,sell - direction_change,112556.4,112142.2,1823713981853.54,0.32,2165.53
2025-08-25 16:00:00+00:00,long,buy,112142.2,,1822802124862.62,-0.05,2165.48
2025-08-25 19:00:00+00:00,long,sell - direction_change,112142.2,112355.3,1825354532543.09,0.14,2165.62
2025-08-25 19:00:00+00:00,short,buy,112355.3,,1824441855276.82,-0.05,2165.57
2025-08-26 00:45:00+00:00,short,sell - take_profit,112355.3,108984.641,1878262890007.48,2.95,2168.52
2025-08-26 01:00:00+00:00,short,buy,109049.5,,1877323758562.48,-0.05,2168.47
2025-08-26 04:30:00+00:00,short,sell - stop_loss,109049.5,110139.995,1857611859097.57,-1.05,2167.42
2025-08-26 05:00:00+00:00,short,buy,110041.1,,1856683053168.02,-0.05,2167.37
2025-08-26 06:00:00+00:00,short,sell - direction_change,110041.1,110141.2,1854065761116.39,-0.14,2167.23
2025-08-26 06:00:00+00:00,long,buy,110141.2,,1853138728235.83,-0.05,2167.18
2025-08-26 08:00:00+00:00,long,sell - direction_change,110141.2,110244.2,1853945146064.59,0.04,2167.22
2025-08-26 08:00:00+00:00,short,buy,110244.2,,1853018173491.56,-0.05,2167.17
2025-08-26 09:00:00+00:00,short,sell - direction_change,110244.2,110047.6,1855396177230.96,0.13,2167.3
2025-08-26 09:00:00+00:00,long,buy,110047.6,,1854468479142.35,-0.05,2167.25
2025-08-26 11:00:00+00:00,long,sell - direction_change,110047.6,110169.0,1855587018489.55,0.06,2167.31
2025-08-26 11:00:00+00:00,short,buy,110169.0,,1854659224980.3,-0.05,2167.26
2025-08-26 12:00:00+00:00,short,sell - direction_change,110169.0,109842.2,1859233466905.39,0.25,2167.51
2025-08-26 12:00:00+00:00,long,buy,109842.2,,1858303850171.94,-0.05,2167.46
2025-08-26 15:00:00+00:00,long,sell - direction_change,109842.2,110323.9,1865524070388.23,0.39,2167.85
2025-08-26 15:00:00+00:00,short,buy,110323.9,,1864591308353.04,-0.05,2167.8
2025-08-26 16:00:00+00:00,short,sell - direction_change,110323.9,109624.6,1875477926841.05,0.58,2168.38
2025-08-26 16:00:00+00:00,long,buy,109624.6,,1874540187877.63,-0.05,2168.33
2025-08-26 17:00:00+00:00,long,sell - direction_change,109624.6,110129.6,1882238231343.59,0.41,2168.74
2025-08-26 17:00:00+00:00,short,buy,110129.6,,1881297112227.92,-0.05,2168.69
2025-08-26 18:00:00+00:00,short,sell - direction_change,110129.6,109950.0,1883424494077.4,0.11,2168.8
2025-08-26 18:00:00+00:00,long,buy,109950.0,,1882482781830.36,-0.05,2168.75
2025-08-27 06:00:00+00:00,long,sell - direction_change,109950.0,111316.8,1904942881650.96,1.19,2169.95
2025-08-27 06:00:00+00:00,short,buy,111316.8,,1903990410210.13,-0.05,2169.9
2025-08-27 11:00:00+00:00,short,sell - direction_change,111316.8,110928.5,1909679995397.96,0.3,2170.2
2025-08-27 11:00:00+00:00,long,buy,110928.5,,1908725155400.26,-0.05,2170.15
2025-08-27 23:00:00+00:00,long,sell - direction_change,110928.5,111355.1,1915111216169.98,0.33,2170.48
2025-08-27 23:00:00+00:00,short,buy,111355.1,,1914153660561.89,-0.05,2170.43
2025-08-28 03:00:00+00:00,short,sell - direction_change,111355.1,111442.3,1911697647452.98,-0.13,2170.3
2025-08-28 03:00:00+00:00,long,buy,111442.3,,1910741798629.25,-0.05,2170.25
2025-08-28 16:00:00+00:00,long,sell - direction_change,111442.3,112633.1,1930203372945.6,1.02,2171.27
2025-08-28 16:00:00+00:00,short,buy,112633.1,,1929238271259.13,-0.05,2171.22
2025-08-29 13:45:00+00:00,short,sell - take_profit,112633.1,109254.107,1986150800261.27,2.95,2174.17
2025-08-29 14:00:00+00:00,short,buy,109056.5,,1985157724861.14,-0.05,2174.12
2025-08-30 04:00:00+00:00,short,sell - direction_change,109056.5,108368.0,1996697925737.35,0.58,2174.7
2025-08-30 04:00:00+00:00,long,buy,108368.0,,1995699576774.48,-0.05,2174.65
2025-08-31 05:00:00+00:00,long,sell - direction_change,108368.0,108774.9,2002195176692.56,0.33,2174.98
2025-08-31 05:00:00+00:00,short,buy,108774.9,,2001194079104.21,-0.05,2174.93
2025-08-31 06:00:00+00:00,short,sell - direction_change,108774.9,108707.9,2001426119403.79,0.01,2174.94
2025-08-31 06:00:00+00:00,long,buy,108707.9,,2000425406344.08,-0.05,2174.89
2025-08-31 09:00:00+00:00,long,sell - direction_change,108707.9,108965.1,2004158146945.24,0.19,2175.08
2025-08-31 09:00:00+00:00,short,buy,108965.1,,2003156067871.77,-0.05,2175.03
2025-08-31 15:00:00+00:00,short,sell - direction_change,108965.1,108422.6,2012127519430.06,0.45,2175.47
2025-08-31 15:00:00+00:00,long,buy,108422.6,,2011121455670.35,-0.05,2175.42
2025-08-31 23:00:00+00:00,long,sell - direction_change,108422.6,108842.3,2017900874042.3,0.34,2175.76
2025-08-31 23:00:00+00:00,short,buy,108842.3,,2016891923605.28,-0.05,2175.71
2025-09-01 07:00:00+00:00,short,sell - direction_change,108842.3,108019.9,2031122882892.84,0.71,2176.42
2025-09-01 07:00:00+00:00,long,buy,108019.9,,2030107321451.4,-0.05,2176.37
2025-09-01 21:00:00+00:00,long,sell - direction_change,108019.9,108839.6,2044497567845.51,0.71,2177.08
2025-09-01 21:00:00+00:00,short,buy,108839.6,,2043475319061.59,-0.05,2177.03
2025-09-01 23:00:00+00:00,short,sell - direction_change,108839.6,108386.3,2050964338168.26,0.37,2177.39
2025-09-01 23:00:00+00:00,long,buy,108386.3,,2049938855999.18,-0.05,2177.34
2025-09-02 12:00:00+00:00,long,sell - direction_change,108386.3,109698.6,2073733764735.92,1.16,2178.5
2025-09-02 12:00:00+00:00,short,buy,109698.6,,2072696897853.55,-0.05,2178.45
2025-09-02 13:00:00+00:00,short,sell - direction_change,109698.6,108749.5,2089593290804.73,0.82,2179.27
2025-09-02 13:00:00+00:00,long,buy,108749.5,,2088548494159.32,-0.05,2179.22
2025-09-03 05:00:00+00:00,long,sell - direction_change,108749.5,110966.7,2130085838413.94,1.99,2181.21
2025-09-03 05:00:00+00:00,short,buy,110966.7,,2129020795494.73,-0.05,2181.16
2025-09-03 06:00:00+00:00,short,sell - direction_change,110966.7,110647.6,2134078577062.43,0.24,2181.39
2025-09-03 06:00:00+00:00,long,buy,110647.6,,2133011537773.9,-0.05,2181.34
2025-09-04 02:00:00+00:00,long,sell - direction_change,110647.6,111899.9,2156086272743.67,1.08,2182.43
2025-09-04 02:00:00+00:00,short,buy,111899.9,,2155008229607.3,-0.05,2182.38
2025-09-04 22:00:00+00:00,short,sell - direction_change,111899.9,110445.8,2181934302499.01,1.25,2183.63
2025-09-04 22:00:00+00:00,long,buy,110445.8,,2180843335347.76,-0.05,2183.58
2025-09-05 14:00:00+00:00,long,sell - direction_change,110445.8,113028.4,2230748478906.37,2.29,2185.86
2025-09-05 14:00:00+00:00,short,buy,113028.4,,2229633104666.92,-0.05,2185.81
2025-09-05 20:00:00+00:00,short,sell - direction_change,113028.4,111550.0,2257681662823.42,1.26,2187.07
2025-09-05 20:00:00+00:00,long,buy,111550.0,,2256552821992.01,-0.05,2187.02
2025-09-05 21:00:00+00:00,long,sell - direction_change,111550.0,111581.8,2256067830025.11,-0.02,2187.0
2025-09-05 21:00:00+00:00,short,buy,111581.8,,2254939796110.1,-0.05,2186.95
2025-09-07 01:00:00+00:00,short,sell - direction_change,111581.8,110305.9,2279596797208.72,1.09,2188.04
2025-09-07 01:00:00+00:00,long,buy,110305.9,,2278456998810.11,-0.05,2187.99
2025-09-07 21:00:00+00:00,long,sell - direction_change,110305.9,111282.8,2297496424781.03,0.84,2188.83
2025-09-07 21:00:00+00:00,short,buy,111282.8,,2296347676568.64,-0.05,2188.78
2025-09-07 22:00:00+00:00,short,sell - direction_change,111282.8,111006.4,2300903084036.75,0.2,2188.98
2025-09-07 22:00:00+00:00,long,buy,111006.4,,2299752632494.73,-0.05,2188.93
2025-09-07 23:00:00+00:00,long,sell - direction_change,111006.4,111197.9,2302570118683.01,0.12,2189.05
2025-09-07 23:00:00+00:00,short,buy,111197.9,,2301418833623.67,-0.05,2189.0
2025-09-08 02:00:00+00:00,short,sell - direction_change,111197.9,110846.9,2307532631995.24,0.27,2189.27
2025-09-08 02:00:00+00:00,long,buy,110846.9,,2306378865679.25,-0.05,2189.22
2025-09-08 04:00:00+00:00,long,sell - direction_change,110846.9,111004.8,2308511083622.62,0.09,2189.31
2025-09-08 04:00:00+00:00,short,buy,111004.8,,2307356828080.81,-0.05,2189.26
2025-09-08 07:00:00+00:00,short,sell - direction_change,111004.8,111068.4,2304881153732.67,-0.11,2189.15
2025-09-08 07:00:00+00:00,long,buy,111068.4,,2303728713155.8,-0.05,2189.1
2025-09-08 20:00:00+00:00,long,sell - direction_change,111068.4,112050.0,2322936736083.4,0.83,2189.93
2025-09-08 20:00:00+00:00,short,buy,112050.0,,2321775267715.36,-0.05,2189.88
2025-09-08 21:00:00+00:00,short,sell - direction_change,112050.0,111919.5,2323318455694.5,0.07,2189.95
2025-09-08 21:00:00+00:00,long,buy,111919.5,,2322156796466.66,-0.05,2189.9
2025-09-09 00:00:00+00:00,long,sell - direction_change,111919.5,112012.7,2322929474146.95,0.03,2189.93
2025-09-09 00:00:00+00:00,short,buy,112012.7,,2321768009409.88,-0.05,2189.88
2025-09-09 05:00:00+00:00,short,sell - direction_change,112012.7,111979.8,2321289067430.58,-0.02,2189.86
2025-09-09 05:00:00+00:00,long,buy,111979.8,,2320128422896.87,-0.05,2189.81
2025-09-09 14:00:00+00:00,long,sell - direction_change,111979.8,112712.8,2334155509707.15,0.6,2190.42
2025-09-09 14:00:00+00:00,short,buy,112712.8,,2332988431952.3,-0.05,2190.37
2025-09-10 04:00:00+00:00,short,sell - direction_change,112712.8,111498.9,2356947874254.15,1.03,2191.4
2025-09-10 04:00:00+00:00,long,buy,111498.9,,2355769400317.02,-0.05,2191.35
2025-09-10 05:00:00+00:00,long,sell - direction_change,111498.9,111482.2,2354238674925.3,-0.06,2191.28
2025-09-10 05:00:00+00:00,short,buy,111482.2,,2353061555587.83,-0.05,2191.23
2025-09-10 06:00:00+00:00,short,sell - direction_change,111482.2,111530.0,2350876107311.49,-0.09,2191.14
2025-09-10 06:00:00+00:00,long,buy,111530.0,,2349700669257.83,-0.05,2191.09
2025-09-11 09:00:00+00:00,long,sell - direction_change,111530.0,114005.7,2400683569724.61,2.17,2193.26
2025-09-11 09:00:00+00:00,short,buy,114005.7,,2399483227939.75,-0.05,2193.21
2025-09-11 10:00:00+00:00,short,sell - direction_change,114005.7,113857.5,2401402658563.49,0.08,2193.29
2025-09-11 10:00:00+00:00,long,buy,113857.5,,2400201957234.21,-0.05,2193.24
2025-09-12 09:00:00+00:00,long,sell - direction_change,113857.5,115014.0,2423381748344.75,0.97,2194.2
2025-09-12 09:00:00+00:00,short,buy,115014.0,,2422170057470.58,-0.05,2194.15
2025-09-12 14:00:00+00:00,short,sell - direction_change,115014.0,115114.6,2418840358118.53,-0.14,2194.02
2025-09-12 14:00:00+00:00,long,buy,115114.6,,2417630937939.47,-0.05,2193.97
2025-09-13 04:00:00+00:00,long,sell - direction_change,115114.6,115913.6,2433202679579.8,0.64,2194.61
2025-09-13 04:00:00+00:00,short,buy,115913.6,,2431986078240.01,-0.05,2194.56
2025-09-13 08:00:00+00:00,short,sell - direction_change,115913.6,115715.5,2434926426148.8,0.12,2194.68
2025-09-13 08:00:00+00:00,long,buy,115715.5,,2433708962935.72,-0.05,2194.63
2025-09-13 10:00:00+00:00,long,sell - direction_change,115715.5,115969.7,2437838400164.34,0.17,2194.8
2025-09-13 10:00:00+00:00,short,buy,115969.7,,2436619480964.26,-0.05,2194.75
2025-09-13 11:00:00+00:00,short,sell - direction_change,115969.7,115882.7,2437229113305.57,0.03,2194.78
2025-09-13 11:00:00+00:00,long,buy,115882.7,,2436010498748.92,-0.05,2194.73
2025-09-13 13:00:00+00:00,long,sell - direction_change,115882.7,115947.5,2436154676813.53,0.01,2194.73
2025-09-13 13:00:00+00:00,short,buy,115947.5,,2434936599475.12,-0.05,2194.68
2025-09-13 14:00:00+00:00,short,sell - direction_change,115947.5,115706.4,2438782312478.42,0.16,2194.84
2025-09-13 14:00:00+00:00,long,buy,115706.4,,2437562921322.18,-0.05,2194.79
2025-09-13 15:00:00+00:00,long,sell - direction_change,115706.4,115750.1,2437264758769.91,-0.01,2194.78
2025-09-13 15:00:00+00:00,short,buy,115750.1,,2436046126390.52,-0.05,2194.73
2025-09-13 21:00:00+00:00,short,sell - direction_change,115750.1,115837.2,2432995019661.67,-0.13,2194.6
2025-09-13 21:00:00+00:00,long,buy,115837.2,,2431778522151.83,-0.05,2194.55
2025-09-14 03:00:00+00:00,long,sell - direction_change,115837.2,115809.7,2429985323448.2,-0.07,2194.48
2025-09-14 03:00:00+00:00,short,buy,115809.7,,2428770330786.48,-0.05,2194.43
2025-09-14 05:00:00+00:00,short,sell - direction_change,115809.7,115693.2,2429999192978.92,0.05,2194.48
2025-09-14 05:00:00+00:00,long,buy,115693.2,,2428784193382.43,-0.05,2194.43
2025-09-14 06:00:00+00:00,long,sell - direction_change,115693.2,115810.0,2430021820884.01,0.05,2194.48
2025-09-14 06:00:00+00:00,short,buy,115810.0,,2428806809973.57,-0.05,2194.43
2025-09-14 08:00:00+00:00,short,sell - direction_change,115810.0,115746.1,2428932539157.8,0.01,2194.43
2025-09-14 08:00:00+00:00,long,buy,115746.1,,2427718072888.22,-0.05,2194.38
2025-09-14 11:00:00+00:00,long,sell - direction_change,115746.1,115979.5,2431399665173.35,0.15,2194.54
2025-09-14 11:00:00+00:00,short,buy,115979.5,,2430183965340.77,-0.05,2194.49
2025-09-14 21:00:00+00:00,short,sell - direction_change,115979.5,115745.1,2433880388940.38,0.15,2194.64
2025-09-14 21:00:00+00:00,long,buy,115745.1,,2432663448745.91,-0.05,2194.59
2025-09-14 23:00:00+00:00,long,sell - direction_change,115745.1,115956.9,2435898606703.99,0.13,2194.72
2025-09-14 23:00:00+00:00,short,buy,115956.9,,2434680657400.64,-0.05,2194.67
2025-09-15 04:00:00+00:00,short,sell - direction_change,115956.9,115387.7,2445414483670.84,0.44,2195.11
2025-09-15 04:00:00+00:00,long,buy,115387.7,,2444191776429.01,-0.05,2195.06
2025-09-15 08:00:00+00:00,long,sell - direction_change,115387.7,115769.6,2451059250221.26,0.28,2195.34
2025-09-15 08:00:00+00:00,short,buy,115769.6,,2449833720596.15,-0.05,2195.29
2025-09-15 18:00:00+00:00,short,sell - direction_change,115769.6,115075.9,2463288388462.56,0.55,2195.84
2025-09-15 18:00:00+00:00,long,buy,115075.9,,2462056744268.33,-0.05,2195.79
2025-09-16 02:00:00+00:00,long,sell - direction_change,115075.9,114964.4,2458440165776.79,-0.15,2195.65
2025-09-16 02:00:00+00:00,short,buy,114964.4,,2457210945693.9,-0.05,2195.6
2025-09-16 03:00:00+00:00,short,sell - direction_change,114964.4,114969.9,2455864785045.7,-0.05,2195.54
2025-09-16 03:00:00+00:00,long,buy,114969.9,,2454636852653.18,-0.05,2195.49
2025-09-16 13:00:00+00:00,long,sell - direction_change,114969.9,115393.2,2462447097795.47,0.32,2195.81
2025-09-16 13:00:00+00:00,short,buy,115393.2,,2461215874246.57,-0.05,2195.76
2025-09-16 15:00:00+00:00,short,sell - direction_change,115393.2,115231.1,2463442689218.39,0.09,2195.85
2025-09-16 15:00:00+00:00,long,buy,115231.1,,2462210967873.78,-0.05,2195.8
2025-09-17 04:00:00+00:00,long,sell - direction_change,115231.1,116320.2,2484251305299.88,0.9,2196.69
2025-09-17 04:00:00+00:00,short,buy,116320.2,,2483009179647.23,-0.05,2196.64
2025-09-17 05:00:00+00:00,short,sell - direction_change,116320.2,116264.8,2482950261646.43,-0.0,2196.64
2025-09-17 05:00:00+00:00,long,buy,116264.8,,2481708786515.61,-0.05,2196.59
2025-09-17 09:00:00+00:00,long,sell - direction_change,116264.8,116801.0,2491913290058.11,0.41,2197.0
2025-09-17 09:00:00+00:00,short,buy,116801.0,,2490667333413.08,-0.05,2196.95
2025-09-17 22:00:00+00:00,short,sell - direction_change,116801.0,115986.8,2506784020130.32,0.65,2197.6
2025-09-17 22:00:00+00:00,long,buy,115986.8,,2505530628120.25,-0.05,2197.55
2025-09-18 22:00:00+00:00,long,sell - direction_change,115986.8,117233.1,2531200261060.36,1.02,2198.58
2025-09-18 22:00:00+00:00,short,buy,117233.1,,2529934660929.83,-0.05,2198.53
2025-09-20 05:00:00+00:00,short,sell - direction_change,117233.1,115511.9,2565813840929.7,1.42,2199.94
2025-09-20 05:00:00+00:00,long,buy,115511.9,,2564530934009.24,-0.05,2199.89
2025-09-20 18:00:00+00:00,long,sell - direction_change,115511.9,115760.0,2568756846701.61,0.16,2200.06
2025-09-20 18:00:00+00:00,short,buy,115760.0,,2567472468278.26,-0.05,2200.01
2025-09-20 19:00:00+00:00,short,sell - direction_change,115760.0,115654.3,2568533081041.15,0.04,2200.05
2025-09-20 19:00:00+00:00,long,buy,115654.3,,2567248814500.63,-0.05,2200.0
2025-09-20 20:00:00+00:00,long,sell - direction_change,115654.3,115636.6,2565572292431.85,-0.07,2199.93
2025-09-20 20:00:00+00:00,short,buy,115636.6,,2564289506285.63,-0.05,2199.88
2025-09-21 07:00:00+00:00,short,sell - direction_change,115636.6,115633.3,2563080540399.48,-0.05,2199.84
2025-09-21 07:00:00+00:00,long,buy,115633.3,,2561799000129.28,-0.05,2199.79
2025-09-21 08:00:00+00:00,long,sell - direction_change,115633.3,115772.8,2563608654652.3,0.07,2199.86
2025-09-21 08:00:00+00:00,short,buy,115772.8,,2562326850324.98,-0.05,2199.81
2025-09-22 06:02:00+00:00,short,sell - take_profit,115772.8,112299.616,2637915492409.56,2.95,2202.76
2025-09-22 07:00:00+00:00,short,buy,112748.8,,2636596534663.36,-0.05,2202.71
2025-09-22 21:00:00+00:00,short,sell - direction_change,112748.8,112731.9,2635673437776.76,-0.04,2202.67
2025-09-22 21:00:00+00:00,long,buy,112731.9,,2634355601057.87,-0.05,2202.62
2025-09-22 22:00:00+00:00,long,sell - direction_change,112731.9,112922.9,2637501773203.56,0.12,2202.74
2025-09-22 22:00:00+00:00,short,buy,112922.9,,2636183022316.96,-0.05,2202.69
2025-09-23 05:00:00+00:00,short,sell - direction_change,112922.9,112377.7,2647592614772.18,0.43,2203.12
2025-09-23 05:00:00+00:00,long,buy,112377.7,,2646268818464.79,-0.05,2203.07
2025-09-23 17:00:00+00:00,long,sell - direction_change,112377.7,112763.8,2654037562522.64,0.29,2203.37
2025-09-23 17:00:00+00:00,short,buy,112763.8,,2652710543741.37,-0.05,2203.32
2025-09-24 01:00:00+00:00,short,sell - direction_change,112763.8,112175.1,2665233053948.5,0.47,2203.79
2025-09-24 01:00:00+00:00,long,buy,112175.1,,2663900437421.53,-0.05,2203.74
2025-09-24 02:00:00+00:00,long,sell - direction_change,112175.1,112394.6,2667781106991.11,0.15,2203.89
2025-09-24 02:00:00+00:00,short,buy,112394.6,,2666447216437.62,-0.05,2203.84
2025-09-24 05:00:00+00:00,short,sell - direction_change,112394.6,112122.5,2671569287724.28,0.19,2204.03
2025-09-24 05:00:00+00:00,long,buy,112122.5,,2670233503080.42,-0.05,2203.98
2025-09-25 00:00:00+00:00,long,sell - direction_change,112122.5,113253.9,2695843042266.67,0.96,2204.94
2025-09-25 00:00:00+00:00,short,buy,113253.9,,2694495120745.54,-0.05,2204.89
2025-09-25 17:21:00+00:00,short,sell - take_profit,113253.9,109856.283,2773982726807.53,2.95,2207.84
2025-09-25 18:00:00+00:00,short,buy,108793.9,,2772595735444.13,-0.05,2207.79
2025-09-25 19:22:00+00:00,short,sell - stop_loss,108793.9,109881.83899999999,2743483480221.97,-1.05,2206.74
2025-09-25 20:00:00+00:00,short,buy,109320.5,,2742111738481.86,-0.05,2206.69
2025-09-26 06:00:00+00:00,short,sell - direction_change,109320.5,109202.8,2743692979314.69,0.06,2206.74
2025-09-26 06:00:00+00:00,long,buy,109202.8,,2742321132825.03,-0.05,2206.69
2025-09-26 07:00:00+00:00,long,sell - direction_change,109202.8,109298.8,2743360742209.13,0.04,2206.73
2025-09-26 07:00:00+00:00,short,buy,109298.8,,2741989061838.02,-0.05,2206.68
2025-09-26 08:00:00+00:00,short,sell - direction_change,109298.8,109257.4,2741656672919.98,-0.01,2206.67
2025-09-26 08:00:00+00:00,long,buy,109257.4,,2740285844583.52,-0.05,2206.62
2025-09-26 10:00:00+00:00,long,sell - direction_change,109257.4,109522.4,2745562169075.01,0.19,2206.81
2025-09-26 10:00:00+00:00,short,buy,109522.4,,2744189387990.47,-0.05,2206.76
2025-09-26 13:00:00+00:00,short,sell - direction_change,109522.4,109330.1,2747635555307.81,0.13,2206.89
2025-09-26 13:00:00+00:00,long,buy,109330.1,,2746261737530.16,-0.05,2206.84
2025-09-26 14:00:00+00:00,long,sell - direction_change,109330.1,109621.3,2752203256679.72,0.22,2207.06
2025-09-26 14:00:00+00:00,short,buy,109621.3,,2750827155051.38,-0.05,2207.01
2025-09-26 16:00:00+00:00,short,sell - direction_change,109621.3,108976.0,2765644842296.0,0.54,2207.54
2025-09-26 16:00:00+00:00,long,buy,108976.0,,2764262019874.85,-0.05,2207.49
2025-09-26 19:00:00+00:00,long,sell - direction_change,108976.0,109669.9,2780481208564.58,0.59,2208.08
2025-09-26 19:00:00+00:00,short,buy,109669.9,,2779090967960.3,-0.05,2208.03
2025-09-26 20:00:00+00:00,short,sell - direction_change,109669.9,109115.8,2791742597906.83,0.46,2208.49
2025-09-26 20:00:00+00:00,long,buy,109115.8,,2790346726607.88,-0.05,2208.44
2025-09-27 07:00:00+00:00,long,sell - direction_change,109115.8,109488.6,2798484922927.79,0.29,2208.73
2025-09-27 07:00:00+00:00,short,buy,109488.6,,2797085680466.32,-0.05,2208.68
2025-09-27 18:00:00+00:00,short,sell - direction_change,109488.6,109330.9,2799715871319.0,0.09,2208.77
2025-09-27 18:00:00+00:00,long,buy,109330.9,,2798316013383.34,-0.05,2208.72
2025-09-27 20:00:00+00:00,long,sell - direction_change,109330.9,109369.4,2797902259928.48,-0.01,2208.71
2025-09-27 20:00:00+00:00,short,buy,109369.4,,2796503308798.51,-0.05,2208.66
2025-09-27 21:00:00+00:00,short,sell - direction_change,109369.4,109333.4,2796025553362.59,-0.02,2208.64
2025-09-27 21:00:00+00:00,long,buy,109333.4,,2794627540585.91,-0.05,2208.59
2025-09-28 01:00:00+00:00,long,sell - direction_change,109333.4,109556.3,2798927685037.86,0.15,2208.74
2025-09-28 01:00:00+00:00,short,buy,109556.3,,2797528221195.34,-0.05,2208.69
2025-09-28 02:00:00+00:00,short,sell - direction_change,109556.3,109305.5,2802533653629.13,0.18,2208.87
2025-09-28 02:00:00+00:00,long,buy,109305.5,,2801132386802.32,-0.05,2208.82
2025-09-28 04:00:00+00:00,long,sell - direction_change,109305.5,109397.3,2802084345899.12,0.03,2208.86
2025-09-28 04:00:00+00:00,short,buy,109397.3,,2800683303726.17,-0.05,2208.81
2025-09-28 07:00:00+00:00,short,sell - direction_change,109397.3,109358.8,2800268601639.39,-0.01,2208.79
2025-09-28 07:00:00+00:00,long,buy,109358.8,,2798868467338.57,-0.05,2208.74
2025-09-28 10:00:00+00:00,long,sell - direction_change,109358.8,109477.4,2800504415719.07,0.06,2208.8
2025-09-28 10:00:00+00:00,short,buy,109477.4,,2799104163511.21,-0.05,2208.75
2025-09-28 13:00:00+00:00,short,sell - direction_change,109477.4,109266.8,2803089205298.47,0.14,2208.89
2025-09-28 13:00:00+00:00,long,buy,109266.8,,2801687660695.82,-0.05,2208.84
2025-09-29 13:41:00+00:00,long,sell - take_profit,109266.8,112544.804,2884337446686.35,2.95,2211.79
2025-09-29 14:00:00+00:00,long,buy,113168.1,,2882895277963.01,-0.05,2211.74
2025-09-30 06:00:00+00:00,long,sell - direction_change,113168.1,113856.9,2899000632536.49,0.56,2212.3
2025-09-30 06:00:00+00:00,short,buy,113856.9,,2897551132220.22,-0.05,2212.25
2025-09-30 18:00:00+00:00,short,sell - direction_change,113856.9,113198.8,2912850383344.76,0.53,2212.78
2025-09-30 18:00:00+00:00,long,buy,113198.8,,2911393958153.09,-0.05,2212.73
2025-10-01 08:50:00+00:00,long,sell - take_profit,113198.8,116594.76400000001,2997280079918.6,2.95,2215.68
2025-10-01 09:00:00+00:00,long,buy,116060.4,,2995781439878.64,-0.05,2215.63
2025-10-02 13:45:00+00:00,long,sell - take_profit,116060.4,119542.212,3084156992355.06,2.95,2218.58
2025-10-02 14:00:00+00:00,long,buy,119559.6,,3082614913858.89,-0.05,2218.53
2025-10-03 05:00:00+00:00,long,sell - direction_change,119559.6,120000.2,3092433632121.73,0.32,2218.85
2025-10-03 05:00:00+00:00,short,buy,120000.2,,3090887415305.67,-0.05,2218.8
2025-10-03 09:00:00+00:00,short,sell - direction_change,120000.2,120007.0,3089166821603.07,-0.06,2218.74
2025-10-03 09:00:00+00:00,long,buy,120007.0,,3087622238192.27,-0.05,2218.69
2025-10-03 16:27:00+00:00,long,sell - take_profit,120007.0,123607.21,3178707094218.94,2.95,2221.64
2025-10-03 17:00:00+00:00,long,buy,122527.0,,3177117740671.83,-0.05,2221.59
2025-10-04 10:00:00+00:00,long,sell - direction_change,122527.0,122168.0,3166220333393.38,-0.34,2221.25
2025-10-04 10:00:00+00:00,short,buy,122168.0,,3164637223226.68,-0.05,2221.2
2025-10-04 11:00:00+00:00,short,sell - direction_change,122168.0,122075.1,3165461384200.87,0.03,2221.22
2025-10-04 11:00:00+00:00,long,buy,122075.1,,3163878653508.76,-0.05,2221.17
2025-10-04 14:00:00+00:00,long,sell - direction_change,122075.1,122335.5,3169045625314.37,0.16,2221.34
2025-10-04 14:00:00+00:00,short,buy,122335.5,,3167461102501.71,-0.05,2221.29
2025-10-04 21:00:00+00:00,short,sell - direction_change,122335.5,121832.9,3178890487114.23,0.36,2221.65
2025-10-04 21:00:00+00:00,long,buy,121832.9,,3177301041870.67,-0.05,2221.6
2025-10-05 04:48:00+00:00,long,sell - take_profit,121832.9,125487.887,3271031422605.86,2.95,2224.55
2025-10-05 05:00:00+00:00,long,buy,125167.4,,3269395906894.56,-0.05,2224.5
2025-10-05 09:29:00+00:00,long,sell - stop_loss,125167.4,123915.726,3235067249872.16,-1.05,2223.45
2025-10-05 10:00:00+00:00,long,buy,122998.0,,3233449716247.23,-0.05,2223.4
2025-10-05 12:00:00+00:00,long,sell - direction_change,122998.0,123413.3,3242750662141.13,0.29,2223.69
2025-10-05 12:00:00+00:00,short,buy,123413.3,,3241129286810.06,-0.05,2223.64
2025-10-05 22:00:00+00:00,short,sell - direction_change,123413.3,122682.3,3258706535600.52,0.54,2224.18
2025-10-05 22:00:00+00:00,long,buy,122682.3,,3257077182332.72,-0.05,2224.13
2025-10-07 02:00:00+00:00,long,sell - direction_change,122682.3,124657.9,3307898603364.23,1.56,2225.69
2025-10-07 02:00:00+00:00,short,buy,124657.9,,3306244654062.54,-0.05,2225.64
2025-10-07 12:00:00+00:00,short,sell - direction_change,124657.9,124397.1,3311508611244.95,0.16,2225.8
2025-10-07 12:00:00+00:00,long,buy,124397.1,,3309852856939.33,-0.05,2225.75
2025-10-07 13:00:00+00:00,long,sell - direction_change,124397.1,124869.4,3320764489573.19,0.33,2226.08
2025-10-07 13:00:00+00:00,short,buy,124869.4,,3319104107328.4,-0.05,2226.03
2025-10-07 15:40:00+00:00,short,sell - take_profit,124869.4,121123.31799999998,3417017678494.59,2.95,2228.98
2025-10-07 16:00:00+00:00,short,buy,121788.2,,3415309169655.34,-0.05,2228.93
2025-10-08 04:00:00+00:00,short,sell - direction_change,121788.2,121333.1,3426363894374.17,0.32,2229.25
2025-10-08 04:00:00+00:00,long,buy,121333.1,,3424650712426.99,-0.05,2229.2
2025-10-08 05:00:00+00:00,long,sell - direction_change,121333.1,121865.4,3437962659707.22,0.39,2229.59
2025-10-08 05:00:00+00:00,short,buy,121865.4,,3436243678377.36,-0.05,2229.54
2025-10-08 08:00:00+00:00,short,sell - direction_change,121865.4,121550.5,3443404804744.15,0.21,2229.75
2025-10-08 08:00:00+00:00,long,buy,121550.5,,3441683102341.78,-0.05,2229.7
2025-10-09 02:00:00+00:00,long,sell - direction_change,121550.5,122496.5,3466748100542.94,0.73,2230.43
2025-10-09 02:00:00+00:00,short,buy,122496.5,,3465014726492.67,-0.05,2230.38
2025-10-09 11:00:00+00:00,short,sell - direction_change,122496.5,122106.1,3474325324436.29,0.27,2230.65
2025-10-09 11:00:00+00:00,long,buy,122106.1,,3472588161774.07,-0.05,2230.6
2025-10-09 14:00:00+00:00,long,sell - direction_change,122106.1,122357.0,3477987239061.11,0.16,2230.75
2025-10-09 14:00:00+00:00,short,buy,122357.0,,3476248245441.58,-0.05,2230.7
2025-10-10 00:00:00+00:00,short,sell - direction_change,122357.0,121579.4,3496602283072.21,0.59,2231.29
2025-10-10 00:00:00+00:00,long,buy,121579.4,,3494853981930.68,-0.05,2231.24
2025-10-10 02:00:00+00:00,long,sell - direction_change,121579.4,121575.2,3492985824069.81,-0.05,2231.18
2025-10-10 02:00:00+00:00,short,buy,121575.2,,3491239331157.78,-0.05,2231.13
2025-10-10 04:00:00+00:00,short,sell - direction_change,121575.2,120960.8,3507137255940.93,0.46,2231.59
2025-10-10 04:00:00+00:00,long,buy,120960.8,,3505383687312.96,-0.05,2231.54
2025-10-10 07:00:00+00:00,long,sell - direction_change,120960.8,121315.1,3513898432857.4,0.24,2231.78
2025-10-10 07:00:00+00:00,short,buy,121315.1,,3512141483640.98,-0.05,2231.73
2025-10-10 08:00:00+00:00,short,sell - direction_change,121315.1,120886.1,3522805208097.63,0.3,2232.04
2025-10-10 08:00:00+00:00,long,buy,120886.1,,3521043805493.58,-0.05,2231.99
2025-10-10 09:00:00+00:00,long,sell - direction_change,120886.1,121570.5,3539217770520.92,0.52,2232.5
2025-10-10 09:00:00+00:00,short,buy,121570.5,,3537448161635.66,-0.05,2232.45
2025-10-10 11:00:00+00:00,short,sell - direction_change,121570.5,121443.4,3539377782641.39,0.05,2232.51
2025-10-10 11:00:00+00:00,long,buy,121443.4,,3537608093750.07,-0.05,2232.46
2025-10-10 14:00:00+00:00,long,sell - direction_change,121443.4,121609.1,3540666078652.9,0.09,2232.54
2025-10-10 14:00:00+00:00,short,buy,121609.1,,3538895745613.57,-0.05,2232.49
2025-10-10 17:05:00+00:00,short,sell - take_profit,121609.1,117960.827,3643293170109.17,2.95,2235.44
2025-10-10 18:00:00+00:00,short,buy,117590.8,,3641471523524.12,-0.05,2235.39
2025-10-10 20:56:00+00:00,short,sell - take_profit,117590.8,114063.076,3748894933468.08,2.95,2238.34
2025-10-10 21:00:00+00:00,short,buy,114200.4,,3747020486001.34,-0.05,2238.29
2025-10-10 21:13:00+00:00,short,sell - take_profit,114200.4,110774.38799999999,3857557590338.38,2.95,2241.24
2025-10-10 22:00:00+00:00,short,buy,113253.6,,3855628811543.22,-0.05,2241.19
2025-10-10 23:40:00+00:00,short,sell - stop_loss,113253.6,114386.13600000001,3815144709022.01,-1.05,2240.14
2025-10-11 00:00:00+00:00,short,buy,112715.0,,3813237136667.5,-0.05,2240.09
2025-10-11 10:00:00+00:00,short,sell - direction_change,112715.0,111576.9,3849833336581.54,0.96,2241.05
2025-10-11 10:00:00+00:00,long,buy,111576.9,,3847908419913.25,-0.05,2241.0
2025-10-11 19:00:00+00:00,long,sell - direction_change,111576.9,111907.2,3857375391164.55,0.25,2241.25
2025-10-11 19:00:00+00:00,short,buy,111907.2,,3855446703468.97,-0.05,2241.2
2025-10-12 04:00:00+00:00,short,sell - direction_change,111907.2,110643.3,3897063087096.18,1.08,2242.28
2025-10-12 04:00:00+00:00,long,buy,110643.3,,3895114555552.63,-0.05,2242.23
2025-10-12 16:05:00+00:00,long,sell - take_profit,110643.3,113962.599,4010020434941.43,2.95,2245.18
2025-10-12 17:00:00+00:00,long,buy,113993.4,,4008015424723.96,-0.05,2245.13
2025-10-13 14:00:00+00:00,long,sell - direction_change,113993.4,115291.4,4051649182191.79,1.09,2246.22
2025-10-13 14:00:00+00:00,short,buy,115291.4,,4049623357600.7,-0.05,2246.17
2025-10-13 15:00:00+00:00,short,sell - direction_change,115291.4,113973.5,4093889931254.9,1.09,2247.26
2025-10-13 15:00:00+00:00,long,buy,113973.5,,4091842986289.28,-0.05,2247.21
2025-10-13 16:00:00+00:00,long,sell - direction_change,113973.5,114260.8,4100111624671.55,0.2,2247.41
2025-10-13 16:00:00+00:00,short,buy,114260.8,,4098061568859.21,-0.05,2247.36
2025-10-13 17:00:00+00:00,short,sell - direction_change,114260.8,114596.6,4083968783131.51,-0.34,2247.02
2025-10-13 17:00:00+00:00,long,buy,114596.6,,4081926798739.94,-0.05,2246.97
2025-10-14 01:00:00+00:00,long,sell - direction_change,114596.6,114904.0,4090835412360.59,0.22,2247.19
2025-10-14 01:00:00+00:00,short,buy,114904.0,,4088789994654.41,-0.05,2247.14
2025-10-14 06:47:00+00:00,short,sell - take_profit,114904.0,111456.87999999999,4209409299496.72,2.95,2250.09
2025-10-14 07:00:00+00:00,short,buy,111933.4,,4207304594846.97,-0.05,2250.04
2025-10-14 15:00:00+00:00,short,sell - direction_change,111933.4,111369.2,4226407849982.11,0.45,2250.49
2025-10-14 15:00:00+00:00,long,buy,111369.2,,4224294646057.12,-0.05,2250.44
2025-10-15 03:00:00+00:00,long,sell - direction_change,111369.2,112763.2,4275057680890.41,1.2,2251.64
2025-10-15 03:00:00+00:00,short,buy,112763.2,,4272920152049.97,-0.05,2251.59
2025-10-15 06:00:00+00:00,short,sell - direction_change,112763.2,112378.0,4285380021650.38,0.29,2251.88
2025-10-15 06:00:00+00:00,long,buy,112378.0,,4283237331639.55,-0.05,2251.83
2025-10-15 10:00:00+00:00,long,sell - direction_change,112378.0,112506.1,4285978187320.87,0.06,2251.9
2025-10-15 10:00:00+00:00,short,buy,112506.1,,4283835198227.21,-0.05,2251.85
2025-10-16 01:00:00+00:00,short,sell - direction_change,112506.1,110387.1,4362377321627.15,1.83,2253.68
2025-10-16 01:00:00+00:00,long,buy,110387.1,,4360196132966.34,-0.05,2253.63
2025-10-16 04:00:00+00:00,long,sell - direction_change,110387.1,111277.5,4393186074123.58,0.76,2254.39
2025-10-16 04:00:00+00:00,short,buy,111277.5,,4390989481086.52,-0.05,2254.34
2025-10-16 06:00:00+00:00,short,sell - direction_change,111277.5,110881.8,4404408234847.84,0.31,2254.64
2025-10-16 06:00:00+00:00,long,buy,110881.8,,4402206030730.41,-0.05,2254.59
2025-10-16 07:00:00+00:00,long,sell - direction_change,110881.8,111604.0,4428677561054.27,0.6,2255.19
2025-10-16 07:00:00+00:00,short,buy,111604.0,,4426463222273.75,-0.05,2255.14
2025-10-16 08:00:00+00:00,short,sell - direction_change,111604.0,110518.2,4467315237129.98,0.92,2256.07
2025-10-16 08:00:00+00:00,long,buy,110518.2,,4465081579511.42,-0.05,2256.02
2025-10-16 09:35:00+00:00,long,sell - stop_loss,110518.2,109413.018,4418198222926.55,-1.05,2254.97
2025-10-16 10:00:00+00:00,long,buy,111099.9,,4415989123815.08,-0.05,2254.92
2025-10-16 13:00:00+00:00,long,sell - direction_change,111099.9,111470.8,4428523630065.72,0.28,2255.2
2025-10-16 13:00:00+00:00,short,buy,111470.8,,4426309368250.68,-0.05,2255.15
2025-10-16 16:04:00+00:00,short,sell - take_profit,111470.8,108126.676,4556885494614.08,2.95,2258.1
2025-10-16 17:00:00+00:00,short,buy,109182.9,,4554607051866.77,-0.05,2258.05
2025-10-17 01:00:00+00:00,short,sell - direction_change,109182.9,108737.3,4570918125296.5,0.36,2258.41
2025-10-17 01:00:00+00:00,long,buy,108737.3,,4568632666233.85,-0.05,2258.36
2025-10-17 02:00:00+00:00,long,sell - direction_change,108737.3,108774.3,4567902916812.46,-0.02,2258.34
2025-10-17 02:00:00+00:00,short,buy,108774.3,,4565618965354.05,-0.05,2258.29
2025-10-17 03:00:00+00:00,short,sell - direction_change,108774.3,108916.6,4557363351828.78,-0.18,2258.11
2025-10-17 03:00:00+00:00,long,buy,108916.6,,4555084670152.87,-0.05,2258.06
2025-10-17 06:00:00+00:00,long,sell - direction_change,108916.6,108328.0,4528190835747.97,-0.59,2257.47
2025-10-17 06:00:00+00:00,short,buy,108328.0,,4525926740330.1,-0.05,2257.42
2025-10-17 08:04:00+00:00,short,sell - take_profit,108328.0,105078.16,4659441579169.84,2.95,2260.37
2025-10-17 09:00:00+00:00,short,buy,104845.2,,4657111858380.25,-0.05,2260.32
2025-10-17 11:15:00+00:00,short,sell - stop_loss,104845.2,105893.652,4608212183867.26,-1.05,2259.27
2025-10-17 12:00:00+00:00,short,buy,105610.5,,4605908077775.32,-0.05,2259.22
2025-10-17 15:00:00+00:00,short,sell - direction_change,105610.5,105110.9,4625393787511.88,0.42,2259.65
2025-10-17 15:00:00+00:00,long,buy,105110.9,,4623081090618.12,-0.05,2259.6
2025-10-18 16:00:00+00:00,long,sell - direction_change,105110.9,106893.3,4699164652159.45,1.65,2261.24
2025-10-18 16:00:00+00:00,short,buy,106893.3,,4696815069833.37,-0.05,2261.19
2025-10-18 17:00:00+00:00,short,sell - direction_change,106893.3,106601.4,4707292539307.44,0.22,2261.41
2025-10-18 17:00:00+00:00,long,buy,106601.4,,4704938893037.78,-0.05,2261.36
2025-10-19 00:00:00+00:00,long,sell - direction_change,106601.4,107117.5,4725364913955.34,0.43,2261.8
2025-10-19 00:00:00+00:00,short,buy,107117.5,,4723002231498.36,-0.05,2261.75
2025-10-19 01:00:00+00:00,short,sell - direction_change,107117.5,106833.4,4733167207699.28,0.22,2261.96
2025-10-19 01:00:00+00:00,long,buy,106833.4,,4730800624095.43,-0.05,2261.91
2025-10-19 02:00:00+00:00,long,sell - direction_change,106833.4,106910.8,4731862653485.19,0.02,2261.94
2025-10-19 02:00:00+00:00,short,buy,106910.8,,4729496722158.45,-0.05,2261.89
2025-10-19 03:00:00+00:00,short,sell - direction_change,106910.8,106796.7,4732179504785.81,0.06,2261.94
2025-10-19 03:00:00+00:00,long,buy,106796.7,,4729813415033.42,-0.05,2261.89
2025-10-19 05:00:00+00:00,long,sell - direction_change,106796.7,106989.5,4735987236829.85,0.13,2262.02
2025-10-19 05:00:00+00:00,short,buy,106989.5,,4733619243211.44,-0.05,2261.97
2025-10-19 09:00:00+00:00,short,sell - direction_change,106989.5,106401.2,4757281045750.66,0.5,2262.47
2025-10-19 09:00:00+00:00,long,buy,106401.2,,4754902405227.79,-0.05,2262.42
2025-10-20 00:00:00+00:00,long,sell - direction_change,106401.2,108586.2,4850169170024.83,2.0,2264.43
2025-10-20 00:00:00+00:00,short,buy,108586.2,,4847744085439.82,-0.05,2264.38
2025-10-20 01:00:00+00:00,short,sell - direction_change,108586.2,108011.1,4870995093110.51,0.48,2264.86
2025-10-20 01:00:00+00:00,long,buy,108011.1,,4868559595563.96,-0.05,2264.81
2025-10-20 06:38:00+00:00,long,sell - take_profit,108011.1,111251.433,5012182103633.09,2.95,2267.76
2025-10-20 07:00:00+00:00,long,buy,111232.1,,5009676012581.28,-0.05,2267.71
2025-10-20 16:48:00+00:00,long,sell - stop_loss,111232.1,110119.77900000001,4957074414449.17,-1.05,2266.66
2025-10-20 17:00:00+00:00,short,buy,110634.3,,4954595877241.95,-0.05,2266.61
2025-10-20 18:00:00+00:00,short,sell - direction_change,110634.3,110244.2,4969588639236.93,0.3,2266.91
2025-10-20 18:00:00+00:00,long,buy,110244.2,,4967103844917.31,-0.05,2266.86
2025-10-20 19:00:00+00:00,long,sell - direction_change,110244.2,110877.7,4993162930936.4,0.52,2267.38
2025-10-20 19:00:00+00:00,short,buy,110877.7,,4990666349470.93,-0.05,2267.33
2025-10-20 20:00:00+00:00,short,sell - direction_change,110877.7,110735.1,4994589520841.6,0.08,2267.41
2025-10-20 20:00:00+00:00,long,buy,110735.1,,4992092226081.18,-0.05,2267.36
2025-10-20 21:00:00+00:00,long,sell - direction_change,110735.1,111037.2,5003215267877.03,0.22,2267.58
2025-10-20 21:00:00+00:00,short,buy,111037.2,,5000713660243.09,-0.05,2267.53
2025-10-20 22:00:00+00:00,short,sell - direction_change,111037.2,110506.8,5022100599971.17,0.43,2267.96
2025-10-20 22:00:00+00:00,long,buy,110506.8,,5019589549671.19,-0.05,2267.91
2025-10-20 23:00:00+00:00,long,sell - direction_change,110506.8,110731.5,5027286382649.68,0.15,2268.07
2025-10-20 23:00:00+00:00,short,buy,110731.5,,5024772739458.35,-0.05,2268.02
2025-10-21 05:40:00+00:00,short,sell - take_profit,110731.5,107409.555,5173003535272.37,2.95,2270.97
2025-10-21 06:00:00+00:00,short,buy,107498.0,,5170417033504.74,-0.05,2270.92
2025-10-21 10:49:00+00:00,short,sell - stop_loss,107498.0,108572.98,5116127654652.94,-1.05,2269.87
2025-10-21 11:00:00+00:00,short,buy,108445.3,,5113569590825.61,-0.05,2269.82
2025-10-21 14:00:00+00:00,short,sell - direction_change,108445.3,108384.4,5113884450887.85,0.01,2269.82
2025-10-21 14:00:00+00:00,long,buy,108384.4,,5111327508662.4,-0.05,2269.77
2025-10-21 14:55:00+00:00,long,sell - take_profit,108384.4,111635.932,5262111670167.94,2.95,2272.72
2025-10-21 15:00:00+00:00,long,buy,112127.6,,5259480614332.86,-0.05,2272.67
2025-10-21 20:16:00+00:00,long,sell - stop_loss,112127.6,111006.32400000001,5204256067882.36,-1.05,2271.62
2025-10-21 21:00:00+00:00,long,buy,110733.0,,5201653939848.42,-0.05,2271.57
2025-10-21 22:28:00+00:00,long,sell - stop_loss,110733.0,109625.67,5147036573480.02,-1.05,2270.52
2025-10-21 23:00:00+00:00,short,buy,109008.0,,5144463055193.28,-0.05,2270.47
2025-10-22 13:00:00+00:00,short,sell - direction_change,109008.0,107976.9,5190551984830.09,0.9,2271.37
2025-10-22 13:00:00+00:00,long,buy,107976.9,,5187956708837.67,-0.05,2271.32
2025-10-22 17:00:00+00:00,long,sell - direction_change,107976.9,108177.5,5195000941209.74,0.14,2271.45
2025-10-22 17:00:00+00:00,short,buy,108177.5,,5192403440739.14,-0.05,2271.4
2025-10-23 02:00:00+00:00,short,sell - direction_change,108177.5,108107.6,5193162363702.81,0.01,2271.42
2025-10-23 02:00:00+00:00,long,buy,108107.6,,5190565782520.95,-0.05,2271.37
2025-10-24 04:34:00+00:00,long,sell - take_profit,108107.6,111350.82800000001,5343687473105.32,2.95,2274.32
2025-10-24 05:00:00+00:00,long,buy,111117.7,,5341015629368.77,-0.05,2274.27
2025-10-24 14:00:00+00:00,long,sell - direction_change,111117.7,110884.6,5327140869277.39,-0.26,2274.01
2025-10-24 14:00:00+00:00,short,buy,110884.6,,5324477298842.75,-0.05,2273.96
2025-10-24 20:00:00+00:00,short,sell - direction_change,110884.6,110571.4,5336854355911.56,0.23,2274.19
2025-10-24 20:00:00+00:00,long,buy,110571.4,,5334185928733.61,-0.05,2274.14
2025-10-25 00:00:00+00:00,long,sell - direction_change,110571.4,110965.4,5350526185372.49,0.31,2274.45
2025-10-25 00:00:00+00:00,short,buy,110965.4,,5347850922279.81,-0.05,2274.4
2025-10-25 01:00:00+00:00,short,sell - direction_change,110965.4,110720.7,5356970034294.15,0.17,2274.57
2025-10-25 01:00:00+00:00,long,buy,110720.7,,5354291549277.0,-0.05,2274.52
2025-10-25 17:00:00+00:00,long,sell - direction_change,110720.7,111323.4,5380760096374.15,0.49,2275.01
2025-10-25 17:00:00+00:00,short,buy,111323.4,,5378069716325.96,-0.05,2274.96
2025-10-25 18:00:00+00:00,short,sell - direction_change,111323.4,111322.0,5375448315923.83,-0.05,2274.91
2025-10-25 18:00:00+00:00,long,buy,111322.0,,5372760591765.87,-0.05,2274.86
2025-10-26 02:00:00+00:00,long,sell - direction_change,111322.0,111589.5,5382984628622.91,0.19,2275.05
2025-10-26 02:00:00+00:00,short,buy,111589.5,,5380293136308.6,-0.05,2275.0
2025-10-26 07:00:00+00:00,short,sell - direction_change,111589.5,111574.4,5378331036970.32,-0.04,2274.97
2025-10-26 07:00:00+00:00,long,buy,111574.4,,5375641871451.83,-0.05,2274.92
2025-10-26 22:03:00+00:00,long,sell - take_profit,111574.4,114921.632,5534223306659.66,2.95,2277.87
2025-10-26 23:00:00+00:00,long,buy,114631.7,,5531456195006.33,-0.05,2277.82
2025-10-27 14:00:00+00:00,long,sell - direction_change,114631.7,115210.3,5556610322886.11,0.45,2278.27
2025-10-27 14:00:00+00:00,short,buy,115210.3,,5553832017724.66,-0.05,2278.22
2025-10-27 15:00:00+00:00,short,sell - direction_change,115210.3,114750.8,5573205775849.49,0.35,2278.57
2025-10-27 15:00:00+00:00,long,buy,114750.8,,5570419172961.57,-0.05,2278.52
2025-10-27 19:00:00+00:00,long,sell - direction_change,114750.8,115277.9,5593221305215.56,0.41,2278.93
2025-10-27 19:00:00+00:00,short,buy,115277.9,,5590424694562.95,-0.05,2278.88
2025-10-28 08:00:00+00:00,short,sell - direction_change,115277.9,114128.8,5643355315324.38,0.95,2279.83
2025-10-28 08:00:00+00:00,long,buy,114128.8,,5640533637666.72,-0.05,2279.78
2025-10-28 11:00:00+00:00,long,sell - direction_change,114128.8,114543.4,5658203950317.54,0.31,2280.09
2025-10-28 11:00:00+00:00,short,buy,114543.4,,5655374848342.38,-0.05,2280.04
2025-10-28 12:00:00+00:00,short,sell - direction_change,114543.4,114290.6,5665028707316.0,0.17,2280.21
2025-10-28 12:00:00+00:00,long,buy,114290.6,,5662196192962.34,-0.05,2280.16
2025-10-28 19:00:00+00:00,long,sell - direction_change,114290.6,114971.1,5693078493074.56,0.55,2280.71
2025-10-28 19:00:00+00:00,short,buy,114971.1,,5690231953828.02,-0.05,2280.66
2025-10-29 07:00:00+00:00,short,sell - direction_change,114971.1,113232.1,5773454670269.05,1.46,2282.12
2025-10-29 07:00:00+00:00,long,buy,113232.1,,5770567942933.92,-0.05,2282.07
2025-10-29 08:00:00+00:00,long,sell - direction_change,113232.1,113512.0,5781947005973.83,0.2,2282.27
2025-10-29 08:00:00+00:00,short,buy,113512.0,,5779056032470.84,-0.05,2282.22
2025-10-29 11:00:00+00:00,short,sell - direction_change,113512.0,112810.4,5811885950084.86,0.57,2282.78
2025-10-29 11:00:00+00:00,long,buy,112810.4,,5808980007109.82,-0.05,2282.73
2025-10-29 13:00:00+00:00,long,sell - direction_change,112810.4,113102.4,5821111561319.18,0.21,2282.94
2025-10-29 13:00:00+00:00,short,buy,113102.4,,5818201005538.52,-0.05,2282.89
2025-10-29 18:39:00+00:00,short,sell - take_profit,113102.4,109709.328,5989837935201.9,2.95,2285.84
2025-10-29 19:00:00+00:00,short,buy,110743.0,,5986843016234.3,-0.05,2285.79
2025-10-30 06:00:00+00:00,short,sell - direction_change,110743.0,110199.7,6013220767718.79,0.44,2286.23
2025-10-30 06:00:00+00:00,long,buy,110199.7,,6010214157334.93,-0.05,2286.18
2025-10-30 10:00:00+00:00,long,sell - direction_change,110199.7,110129.6,6003385845543.1,-0.11,2286.07
2025-10-30 10:00:00+00:00,short,buy,110129.6,,6000384152620.33,-0.05,2286.02
2025-10-30 17:23:00+00:00,short,sell - take_profit,110129.6,106825.712,6177395485122.63,2.95,2288.97
2025-10-30 18:00:00+00:00,short,buy,107446.2,,6174306787380.07,-0.05,2288.92
2025-10-30 23:00:00+00:00,short,sell - direction_change,107446.2,107858.6,6147521409953.18,-0.43,2288.49
2025-10-30 23:00:00+00:00,long,buy,107858.6,,6144447649248.21,-0.05,2288.44
2025-10-31 14:56:00+00:00,long,sell - take_profit,107858.6,111094.35800000001,6325708854901.03,2.95,2291.39
2025-10-31 15:00:00+00:00,long,buy,110750.5,,6322546000473.58,-0.05,2291.34
2025-10-31 16:00:00+00:00,long,sell - direction_change,110750.5,110160.1,6285679857891.0,-0.58,2290.75
2025-10-31 16:00:00+00:00,short,buy,110160.1,,6282537017962.05,-0.05,2290.7
2025-10-31 17:00:00+00:00,short,sell - direction_change,110160.1,108812.8,6356233571171.64,1.17,2291.88
2025-10-31 17:00:00+00:00,long,buy,108812.8,,6353055454386.06,-0.05,2291.83
2025-11-01 01:00:00+00:00,long,sell - direction_change,108812.8,109689.7,6401076895353.28,0.76,2292.58
2025-11-01 01:00:00+00:00,short,buy,109689.7,,6397876356905.6,-0.05,2292.53
2025-11-01 02:00:00+00:00,short,sell - direction_change,109689.7,109690.0,6394659920612.86,-0.05,2292.48
2025-11-01 02:00:00+00:00,long,buy,109690.0,,6391462590652.55,-0.05,2292.43
2025-11-01 13:00:00+00:00,long,sell - direction_change,109690.0,109972.1,6404704379612.7,0.21,2292.64
2025-11-01 13:00:00+00:00,short,buy,109972.1,,6401502027422.89,-0.05,2292.59
2025-11-01 15:00:00+00:00,short,sell - direction_change,109972.1,109880.0,6403662439256.17,0.03,2292.62
2025-11-01 15:00:00+00:00,long,buy,109880.0,,6400460608036.54,-0.05,2292.57
2025-11-01 21:00:00+00:00,long,sell - direction_change,109880.0,110358.4,6425126962687.79,0.39,2292.96
2025-11-01 21:00:00+00:00,short,buy,110358.4,,6421914399206.45,-0.05,2292.91
2025-11-01 22:00:00+00:00,short,sell - direction_change,110358.4,109815.2,6450313033135.83,0.44,2293.35
2025-11-01 22:00:00+00:00,long,buy,109815.2,,6447087876619.26,-0.05,2293.3
2025-11-02 00:00:00+00:00,long,sell - direction_change,109815.2,110047.3,6457490580196.44,0.16,2293.46
2025-11-02 00:00:00+00:00,short,buy,110047.3,,6454261834906.35,-0.05,2293.41
2025-11-02 04:00:00+00:00,short,sell - direction_change,110047.3,110008.4,6453316184637.47,-0.01,2293.4
2025-11-02 04:00:00+00:00,long,buy,110008.4,,6450089526545.15,-0.05,2293.35
2025-11-02 14:00:00+00:00,long,sell - direction_change,110008.4,110513.0,6476450542256.3,0.41,2293.76
2025-11-02 14:00:00+00:00,short,buy,110513.0,,6473212316985.18,-0.05,2293.71
2025-11-02 23:00:00+00:00,short,sell - direction_change,110513.0,109860.9,6508171956986.92,0.54,2294.25
2025-11-02 23:00:00+00:00,long,buy,109860.9,,6504917871008.42,-0.05,2294.2
2025-11-03 00:00:00+00:00,long,sell - direction_change,109860.9,110494.9,6539204863599.53,0.53,2294.72
2025-11-03 00:00:00+00:00,short,buy,110494.9,,6535935261167.73,-0.05,2294.67
2025-11-03 06:45:00+00:00,short,sell - take_profit,110494.9,107180.05299999999,6728745351372.18,2.95,2297.62
2025-11-03 07:00:00+00:00,short,buy,107452.8,,6725380978696.49,-0.05,2297.57
2025-11-03 14:00:00+00:00,short,sell - direction_change,107452.8,107855.0,6696844926232.1,-0.42,2297.15
2025-11-03 14:00:00+00:00,long,buy,107855.0,,6693496503768.98,-0.05,2297.1
2025-11-03 15:00:00+00:00,long,sell - direction_change,107855.0,108016.5,6700172468282.93,0.1,2297.2
2025-11-03 15:00:00+00:00,short,buy,108016.5,,6696822382048.79,-0.05,2297.15
2025-11-03 17:00:00+00:00,short,sell - direction_change,108016.5,106644.1,6778560221913.14,1.22,2298.37
2025-11-03 17:00:00+00:00,long,buy,106644.1,,6775170941802.19,-0.05,2298.32
2025-11-03 18:00:00+00:00,long,sell - direction_change,106644.1,107433.3,6821921759742.92,0.69,2299.01
2025-11-03 18:00:00+00:00,short,buy,107433.3,,6818510798863.05,-0.05,2298.96
2025-11-04 01:00:00+00:00,short,sell - direction_change,107433.3,106428.8,6878854533434.68,0.88,2299.84
2025-11-04 01:00:00+00:00,long,buy,106428.8,,6875415106167.96,-0.05,2299.79
2025-11-04 02:00:00+00:00,long,sell - direction_change,106428.8,106990.9,6908289664008.99,0.48,2300.27
2025-11-04 02:00:00+00:00,short,buy,106990.9,,6904835519176.98,-0.05,2300.22
2025-11-04 03:00:00+00:00,short,sell - direction_change,106990.9,106438.0,6937065421675.97,0.47,2300.69
2025-11-04 03:00:00+00:00,long,buy,106438.0,,6933596888965.13,-0.05,2300.64
2025-11-04 05:00:00+00:00,long,sell - direction_change,106438.0,106702.7,6947373209486.7,0.2,2300.84
2025-11-04 05:00:00+00:00,short,buy,106702.7,,6943899522881.96,-0.05,2300.79
2025-11-04 14:32:00+00:00,short,sell - take_profit,106702.7,103501.61899999999,7148744558806.98,2.95,2303.74
2025-11-04 15:00:00+00:00,short,buy,104458.4,,7145170186527.57,-0.05,2303.69
2025-11-04 17:10:00+00:00,short,sell - take_profit,104458.4,101324.64799999999,7355952707030.14,2.95,2306.64
2025-11-04 18:00:00+00:00,short,buy,101074.8,,7352274730676.62,-0.05,2306.59
2025-11-05 02:00:00+00:00,short,sell - direction_change,101074.8,100722.1,7374254318551.5,0.3,2306.89
2025-11-05 02:00:00+00:00,long,buy,100722.1,,7370567191392.22,-0.05,2306.84
2025-11-05 15:42:00+00:00,long,sell - take_profit,100722.1,103743.763,7587998923538.29,2.95,2309.79
2025-11-05 16:00:00+00:00,long,buy,103668.2,,7584204924076.52,-0.05,2309.74
2025-11-06 05:00:00+00:00,long,sell - direction_change,103668.2,103987.5,7603772315000.67,0.26,2309.99
2025-11-06 05:00:00+00:00,short,buy,103987.5,,7599970428843.17,-0.05,2309.94
2025-11-06 06:00:00+00:00,short,sell - direction_change,103987.5,103103.5,7660777957600.11,0.8,2310.74
2025-11-06 06:00:00+00:00,long,buy,103103.5,,7656947568621.31,-0.05,2310.69
2025-11-06 09:00:00+00:00,long,sell - direction_change,103103.5,103161.3,7657411592855.66,0.01,2310.7
2025-11-06 09:00:00+00:00,short,buy,103161.3,,7653582887059.23,-0.05,2310.65
2025-11-07 02:00:00+00:00,short,sell - direction_change,103161.3,101501.3,7772912236460.36,1.56,2312.21
2025-11-07 02:00:00+00:00,long,buy,101501.3,,7769025780342.13,-0.05,2312.16
2025-11-07 09:00:00+00:00,long,sell - direction_change,101501.3,101461.8,7762117892201.36,-0.09,2312.07
2025-11-07 09:00:00+00:00,short,buy,101461.8,,7758236833255.26,-0.05,2312.02
2025-11-07 16:00:00+00:00,short,sell - direction_change,101461.8,100758.0,7808173506429.61,0.64,2312.66
2025-11-07 16:00:00+00:00,long,buy,100758.0,,7804269419676.39,-0.05,2312.61
2025-11-07 20:44:00+00:00,long,sell - take_profit,100758.0,103780.74,8034495367556.85,2.95,2315.56
2025-11-07 21:00:00+00:00,long,buy,103718.4,,8030478119873.07,-0.05,2315.51
2025-11-08 00:38:00+00:00,long,sell - stop_loss,103718.4,102681.216,7946158099614.4,-1.05,2314.46
2025-11-08 01:00:00+00:00,long,buy,102674.5,,7942185020564.59,-0.05,2314.41
2025-11-08 05:00:00+00:00,long,sell - direction_change,102674.5,102505.0,7925102587254.15,-0.22,2314.2
2025-11-08 05:00:00+00:00,short,buy,102505.0,,7921140035960.53,-0.05,2314.15
2025-11-08 08:00:00+00:00,short,sell - direction_change,102505.0,102302.8,7932804601450.78,0.15,2314.3
2025-11-08 08:00:00+00:00,long,buy,102302.8,,7928838199150.05,-0.05,2314.25
2025-11-08 09:00:00+00:00,long,sell - direction_change,102302.8,102392.0,7931787103706.96,0.04,2314.28
2025-11-08 09:00:00+00:00,short,buy,102392.0,,7927821210155.1,-0.05,2314.23
2025-11-08 21:00:00+00:00,short,sell - direction_change,102392.0,102024.3,7952326905173.26,0.31,2314.54
2025-11-08 21:00:00+00:00,long,buy,102024.3,,7948350741720.67,-0.05,2314.49
2025-11-09 00:00:00+00:00,long,sell - direction_change,102024.3,102269.3,7963463645915.38,0.19,2314.68
2025-11-09 00:00:00+00:00,short,buy,102269.3,,7959481914092.42,-0.05,2314.63
2025-11-09 01:00:00+00:00,short,sell - direction_change,102269.3,101749.9,7995926375766.86,0.46,2315.09
2025-11-09 01:00:00+00:00,long,buy,101749.9,,7991928412578.98,-0.05,2315.04
2025-11-09 02:00:00+00:00,long,sell - direction_change,101749.9,101995.4,8007215203690.26,0.19,2315.23
2025-11-09 02:00:00+00:00,short,buy,101995.4,,8003211596088.42,-0.05,2315.18
2025-11-09 11:00:00+00:00,short,sell - direction_change,101995.4,101829.3,8012243258909.45,0.11,2315.29
2025-11-09 11:00:00+00:00,long,buy,101829.3,,8008237137280.0,-0.05,2315.24
2025-11-09 20:00:00+00:00,long,sell - take_profit,101829.3,104884.179,8244480132829.76,2.95,2318.19
2025-11-09 21:00:00+00:00,long,buy,104585.4,,8240357892763.34,-0.05,2318.14
2025-11-10 14:00:00+00:00,long,sell - direction_change,104585.4,106509.4,8387831039325.84,1.79,2319.93
2025-11-10 14:00:00+00:00,short,buy,106509.4,,8383637123806.18,-0.05,2319.88
2025-11-10 17:00:00+00:00,short,sell - direction_change,106509.4,105189.2,8483361745772.99,1.19,2321.07
2025-11-10 17:00:00+00:00,long,buy,105189.2,,8479120064900.1,-0.05,2321.02
2025-11-10 18:00:00+00:00,long,sell - direction_change,105189.2,105906.6,8532708882063.79,0.63,2321.66
2025-11-10 18:00:00+00:00,short,buy,105906.6,,8528442527622.76,-0.05,2321.61
2025-11-10 19:00:00+00:00,short,sell - direction_change,105906.6,105435.9,8562082817482.44,0.39,2322.0
2025-11-10 19:00:00+00:00,long,buy,105435.9,,8557801776073.7,-0.05,2321.95
2025-11-10 21:00:00+00:00,long,sell - direction_change,105435.9,105956.7,8595794086082.33,0.44,2322.39
2025-11-10 21:00:00+00:00,short,buy,105956.7,,8591496189039.29,-0.05,2322.34
2025-11-10 22:00:00+00:00,short,sell - direction_change,105956.7,105583.5,8617461352975.34,0.3,2322.65
2025-11-10 22:00:00+00:00,long,buy,105583.5,,8613152622298.85,-0.05,2322.6
2025-11-11 05:00:00+00:00,long,sell - direction_change,105583.5,105709.0,8619083920789.14,0.07,2322.67
2025-11-11 05:00:00+00:00,short,buy,105709.0,,8614774378828.75,-0.05,2322.62
2025-11-11 21:36:00+00:00,short,sell - take_profit,105709.0,102537.73,8868910223004.2,2.95,2325.57
2025-11-11 22:00:00+00:00,short,buy,102598.3,,8864475767892.7,-0.05,2325.52
2025-11-12 05:00:00+00:00,short,sell - direction_change,102598.3,103200.0,8808056751772.26,-0.64,2324.88
2025-11-12 05:00:00+00:00,long,buy,103200.0,,8803652723396.37,-0.05,2324.83
2025-11-12 15:00:00+00:00,long,sell - direction_change,103200.0,103948.5,8863102971293.03,0.68,2325.5
2025-11-12 15:00:00+00:00,short,buy,103948.5,,8858671419807.38,-0.05,2325.45
2025-11-12 19:28:00+00:00,short,sell - take_profit,103948.5,100830.045,9120002226691.7,2.95,2328.4
2025-11-12 20:00:00+00:00,short,buy,101245.3,,9115442225578.36,-0.05,2328.35
2025-11-13 01:11:00+00:00,short,sell - stop_loss,101245.3,102257.753,9019730082209.78,-1.05,2327.3
2025-11-13 02:00:00+00:00,short,buy,101960.1,,9015220217168.68,-0.05,2327.25
2025-11-13 04:00:00+00:00,short,sell - direction_change,101960.1,102088.0,8999403804246.29,-0.18,2327.08
2025-11-13 04:00:00+00:00,long,buy,102088.0,,8994904102344.17,-0.05,2327.03
2025-11-13 13:00:00+00:00,long,sell - direction_change,102088.0,103100.0,9079573280568.56,0.94,2327.97
2025-11-13 13:00:00+00:00,short,buy,103100.0,,9075033493928.28,-0.05,2327.92
2025-11-13 14:00:00+00:00,short,sell - direction_change,103100.0,102282.2,9142480093489.12,0.74,2328.66
2025-11-13 14:00:00+00:00,long,buy,102282.2,,9137908853442.37,-0.05,2328.61
2025-11-13 15:00:00+00:00,long,sell - direction_change,102282.2,102823.4,9181690797524.71,0.48,2329.09
2025-11-13 15:00:00+00:00,short,buy,102823.4,,9177099952125.95,-0.05,2329.04
2025-11-13 17:56:00+00:00,short,sell - take_profit,102823.4,99738.69799999999,9447824400713.66,2.95,2331.99
2025-11-13 18:00:00+00:00,short,buy,99601.4,,9443100488513.31,-0.05,2331.94
2025-11-14 04:39:00+00:00,short,sell - take_profit,99601.4,96613.358,9721671952924.45,2.95,2334.89
2025-11-14 05:00:00+00:00,short,buy,97789.7,,9716811116947.99,-0.05,2334.84
2025-11-14 12:39:00+00:00,short,sell - take_profit,97789.7,94856.00899999999,10003457044897.95,2.95,2337.79
2025-11-14 13:00:00+00:00,short,buy,95327.0,,9998455316375.5,-0.05,2337.74
2025-11-14 14:36:00+00:00,short,sell - stop_loss,95327.0,96280.27,9893471535553.56,-1.05,2336.69
2025-11-14 15:00:00+00:00,short,buy,96497.7,,9888524799785.78,-0.05,2336.64
2025-11-14 16:00:00+00:00,short,sell - direction_change,96497.7,96752.7,9857449615882.63,-0.31,2336.33
2025-11-14 16:00:00+00:00,long,buy,96752.7,,9852520891074.68,-0.05,2336.28
2025-11-14 17:00:00+00:00,long,sell - direction_change,96752.7,96972.6,9869987487303.41,0.18,2336.46
2025-11-14 17:00:00+00:00,short,buy,96972.6,,9865052493559.75,-0.05,2336.41
2025-11-14 19:00:00+00:00,short,sell - direction_change,96972.6,95023.9,10058361819075.22,1.96,2338.37
2025-11-14 19:00:00+00:00,long,buy,95023.9,,10053332638165.69,-0.05,2338.32
2025-11-14 20:00:00+00:00,long,sell - direction_change,95023.9,95737.4,10123792800290.09,0.7,2339.02
2025-11-14 20:00:00+00:00,short,buy,95737.4,,10118730903889.95,-0.05,2338.97
2025-11-15 01:00:00+00:00,short,sell - direction_change,95737.4,95120.0,10178926125047.43,0.59,2339.56
2025-11-15 01:00:00+00:00,long,buy,95120.0,,10173836661984.91,-0.05,2339.51
2025-11-15 20:00:00+00:00,long,sell - direction_change,95120.0,95967.7,10259417966302.83,0.84,2340.35
2025-11-15 20:00:00+00:00,short,buy,95967.7,,10254288257319.68,-0.05,2340.3
2025-11-16 06:00:00+00:00,short,sell - direction_change,95967.7,95849.9,10261748214441.88,0.07,2340.37
2025-11-16 06:00:00+00:00,long,buy,95849.9,,10256617340334.66,-0.05,2340.32
2025-11-16 12:00:00+00:00,long,sell - direction_change,95849.9,95588.0,10223463878988.97,-0.32,2340.0
2025-11-16 12:00:00+00:00,short,buy,95588.0,,10218352147049.48,-0.05,2339.95
2025-11-17 00:00:00+00:00,short,sell - direction_change,95588.0,94221.7,10359300368750.92,1.38,2341.33
2025-11-17 00:00:00+00:00,long,buy,94221.7,,10354120718566.54,-0.05,2341.28
2025-11-17 13:00:00+00:00,long,sell - direction_change,94221.7,95283.4,10465614976671.07,1.08,2342.36
2025-11-17 13:00:00+00:00,short,buy,95283.4,,10460382169182.74,-0.05,2342.31
2025-11-17 18:29:00+00:00,short,sell - take_profit,95283.4,92424.89799999999,10768963443173.63,2.95,2345.26
2025-11-17 19:00:00+00:00,short,buy,92504.2,,10763578961452.04,-0.05,2345.21
2025-11-18 03:34:00+00:00,short,sell - take_profit,92504.2,89729.074,11081104540814.88,2.95,2348.16
2025-11-18 04:00:00+00:00,short,buy,90811.8,,11075563988544.47,-0.05,2348.11
2025-11-18 08:00:00+00:00,short,sell - direction_change,90811.8,90459.2,11113029911601.32,0.34,2348.45
2025-11-18 08:00:00+00:00,long,buy,90459.2,,11107473396645.51,-0.05,2348.4
2025-11-18 16:11:00+00:00,long,sell - take_profit,90459.2,93172.976,11435143861846.56,2.95,2351.35
2025-11-18 17:00:00+00:00,long,buy,93447.2,,11429426289915.63,-0.05,2351.3
2025-11-18 21:48:00+00:00,long,sell - stop_loss,93447.2,92512.728,11309417313871.52,-1.05,2350.25
2025-11-18 22:00:00+00:00,long,buy,92459.0,,11303762605214.58,-0.05,2350.2
2025-11-19 03:00:00+00:00,long,sell - direction_change,92459.0,92529.2,11306693167318.09,0.03,2350.22
2025-11-19 03:00:00+00:00,short,buy,92529.2,,11301039820734.43,-0.05,2350.17
2025-11-19 07:00:00+00:00,short,sell - direction_change,92529.2,90938.5,11489669204279.86,1.67,2351.84
2025-11-19 07:00:00+00:00,long,buy,90938.5,,11483924369677.72,-0.05,2351.79
2025-11-19 08:00:00+00:00,long,sell - direction_change,90938.5,91826.6,11590333732099.2,0.93,2352.72
2025-11-19 08:00:00+00:00,short,buy,91826.6,,11584538565233.15,-0.05,2352.67
2025-11-19 14:00:00+00:00,short,sell - direction_change,91826.6,91361.9,11637371302988.4,0.46,2353.12
2025-11-19 14:00:00+00:00,long,buy,91361.9,,11631552617336.91,-0.05,2353.07
2025-11-19 15:00:00+00:00,long,sell - direction_change,91361.9,91670.6,11665038347377.96,0.29,2353.36
2025-11-19 15:00:00+00:00,short,buy,91670.6,,11659205828204.26,-0.05,2353.31
2025-11-19 17:36:00+00:00,short,sell - take_profit,91670.6,88920.482,12003152400136.29,2.95,2356.26
2025-11-19 18:00:00+00:00,short,buy,89459.8,,11997150823936.22,-0.05,2356.21
2025-11-19 21:20:00+00:00,short,sell - stop_loss,89459.8,90354.398,11871180740284.89,-1.05,2355.16
2025-11-19 22:00:00+00:00,short,buy,90553.8,,11865245149914.75,-0.05,2355.11
2025-11-19 23:00:00+00:00,short,sell - direction_change,90553.8,90434.4,11874957483939.07,0.08,2355.19
2025-11-19 23:00:00+00:00,long,buy,90434.4,,11869020005197.1,-0.05,2355.14
2025-11-20 05:08:00+00:00,long,sell - take_profit,90434.4,93147.432,12219156095350.42,2.95,2358.09
2025-11-20 06:00:00+00:00,long,buy,92581.6,,12213046517302.74,-0.05,2358.04
2025-11-20 06:51:00+00:00,long,sell - stop_loss,92581.6,91655.784,12084809528871.06,-1.05,2356.99
2025-11-20 07:00:00+00:00,long,buy,91938.2,,12078767124106.63,-0.05,2356.94
2025-11-20 13:00:00+00:00,long,sell - direction_change,91938.2,91797.3,12054216411327.92,-0.2,2356.74
2025-11-20 13:00:00+00:00,short,buy,91797.3,,12048189303122.26,-0.05,2356.69
2025-11-20 16:05:00+00:00,short,sell - take_profit,91797.3,89043.381,12403610887564.36,2.95,2359.64
2025-11-20 17:00:00+00:00,short,buy,87855.5,,12397409082120.58,-0.05,2359.59
2025-11-21 07:20:00+00:00,short,sell - take_profit,87855.5,85219.83499999999,12763132650043.14,2.95,2362.54
2025-11-21 08:00:00+00:00,short,buy,84006.7,,12756751083718.12,-0.05,2362.49
2025-11-21 12:21:00+00:00,short,sell - take_profit,84006.7,81486.499,13133075240687.81,2.95,2365.44
2025-11-21 13:00:00+00:00,short,buy,83240.1,,13126508703067.46,-0.05,2365.39
2025-11-21 13:17:00+00:00,short,sell - stop_loss,83240.1,84072.501,12988680361685.26,-1.05,2364.34
2025-11-21 14:00:00+00:00,long,buy,84065.3,,12982186021504.41,-0.05,2364.29
2025-11-21 15:00:00+00:00,long,sell - direction_change,84065.3,84801.0,13089308919712.64,0.83,2365.12
2025-11-21 15:00:00+00:00,short,buy,84801.0,,13082764265252.78,-0.05,2365.07
2025-11-21 16:00:00+00:00,short,sell - direction_change,84801.0,82905.0,13368730295142.65,2.19,2367.25
2025-11-21 16:00:00+00:00,long,buy,82905.0,,13362045929995.08,-0.05,2367.2
2025-11-21 17:07:00+00:00,long,sell - take_profit,82905.0,85392.15000000001,13756226284929.93,2.95,2370.15
2025-11-21 18:00:00+00:00,long,buy,84842.8,,13749348171787.47,-0.05,2370.1
2025-11-21 18:05:00+00:00,long,sell - stop_loss,84842.8,83994.372,13604980015983.7,-1.05,2369.05
2025-11-21 19:00:00+00:00,long,buy,84534.2,,13598177525975.71,-0.05,2369.0
2025-11-21 20:23:00+00:00,long,sell - stop_loss,84534.2,83688.858,13455396661952.96,-1.05,2367.95
2025-11-21 21:00:00+00:00,long,buy,84529.0,,13448668963621.98,-0.05,2367.9
2025-11-22 08:00:00+00:00,long,sell - direction_change,84529.0,84537.4,13443281079580.78,-0.04,2367.86
2025-11-22 08:00:00+00:00,short,buy,84537.4,,13436559439040.99,-0.05,2367.81
2025-11-22 14:00:00+00:00,short,sell - direction_change,84537.4,83907.9,13529895267525.37,0.69,2368.51
2025-11-22 14:00:00+00:00,long,buy,83907.9,,13523130319891.61,-0.05,2368.46
2025-11-23 04:09:00+00:00,long,sell - take_profit,83907.9,86425.137,13922062664328.42,2.95,2371.41
2025-11-23 05:00:00+00:00,long,buy,86499.4,,13915101632996.25,-0.05,2371.36
2025-11-23 07:05:00+00:00,long,sell - stop_loss,86499.4,85634.40599999999,13768993065849.79,-1.05,2370.31
2025-11-23 08:00:00+00:00,long,buy,85732.1,,13762108569316.86,-0.05,2370.26
2025-11-24 06:00:00+00:00,long,sell - direction_change,85732.1,87425.4,14027043771025.28,1.93,2372.18
2025-11-24 06:00:00+00:00,short,buy,87425.4,,14020030249139.77,-0.05,2372.13
2025-11-24 07:00:00+00:00,short,sell - direction_change,87425.4,86862.1,14103354199193.97,0.59,2372.73
2025-11-24 07:00:00+00:00,long,buy,86862.1,,14096302522094.38,-0.05,2372.68
2025-11-24 09:00:00+00:00,long,sell - direction_change,86862.1,86916.4,14098066375458.47,0.01,2372.69
2025-11-24 09:00:00+00:00,short,buy,86916.4,,14091017342270.74,-0.05,2372.64
2025-11-24 16:00:00+00:00,short,sell - direction_change,86916.4,86571.1,14139952388342.85,0.35,2372.98
2025-11-24 16:00:00+00:00,long,buy,86571.1,,14132882412148.68,-0.05,2372.93
2025-11-24 20:54:00+00:00,long,sell - take_profit,86571.1,89168.23300000001,14549802443307.07,2.95,2375.88
2025-11-24 21:00:00+00:00,long,buy,89018.6,,14542527542085.42,-0.05,2375.83
2025-11-25 00:01:00+00:00,long,sell - stop_loss,89018.6,88128.414,14389831002893.52,-1.05,2374.78
2025-11-25 01:00:00+00:00,long,buy,88058.0,,14382636087392.07,-0.05,2374.73
2025-11-25 06:00:00+00:00,long,sell - direction_change,88058.0,88078.3,14378760396691.42,-0.03,2374.71
2025-11-25 06:00:00+00:00,short,buy,88078.3,,14371571016493.08,-0.05,2374.66
2025-11-25 17:00:00+00:00,short,sell - direction_change,88078.3,87080.9,14527129118319.74,1.08,2375.74
2025-11-25 17:00:00+00:00,long,buy,87080.9,,14519865553760.58,-0.05,2375.69
2025-11-25 19:00:00+00:00,long,sell - direction_change,87080.9,87195.6,14531730694094.06,0.08,2375.77
2025-11-25 19:00:00+00:00,short,buy,87195.6,,14524464828747.02,-0.05,2375.72
2025-11-25 22:00:00+00:00,short,sell - direction_change,87195.6,86993.4,14550883731485.94,0.18,2375.9
2025-11-25 22:00:00+00:00,long,buy,86993.4,,14543608289620.2,-0.05,2375.85
2025-11-26 03:00:00+00:00,long,sell - direction_change,86993.4,87672.6,14649885544947.84,0.73,2376.58
2025-11-26 03:00:00+00:00,short,buy,87672.6,,14642560602175.36,-0.05,2376.53
2025-11-26 05:00:00+00:00,short,sell - direction_change,87672.6,87190.0,14715840327737.1,0.5,2377.04
2025-11-26 05:00:00+00:00,long,buy,87190.0,,14708482407573.24,-0.05,2376.99
2025-11-26 09:00:00+00:00,long,sell - direction_change,87190.0,87380.5,14733264488179.78,0.17,2377.15
2025-11-26 09:00:00+00:00,short,buy,87380.5,,14725897855935.69,-0.05,2377.1
2025-11-26 16:00:00+00:00,short,sell - direction_change,87380.5,86926.3,14795079477091.05,0.47,2377.57
2025-11-26 16:00:00+00:00,long,buy,86926.3,,14787681937352.5,-0.05,2377.52
2025-11-26 17:45:00+00:00,long,sell - take_profit,86926.3,89534.089,15223918554504.4,2.95,2380.47
2025-11-26 18:00:00+00:00,long,buy,89792.4,,15216306595227.15,-0.05,2380.42
2025-11-27 12:00:00+00:00,long,sell - direction_change,89792.4,91334.9,15470091977720.29,1.67,2382.09
2025-11-27 12:00:00+00:00,short,buy,91334.9,,15462356931731.43,-0.05,2382.04
2025-11-27 16:00:00+00:00,short,sell - direction_change,91334.9,90913.0,15526050459369.12,0.41,2382.45
2025-11-27 16:00:00+00:00,long,buy,90913.0,,15518287434139.44,-0.05,2382.4
2025-11-28 01:00:00+00:00,long,sell - direction_change,90913.0,91173.2,15554942822891.46,0.24,2382.64
2025-11-28 01:00:00+00:00,short,buy,91173.2,,15547165351480.02,-0.05,2382.59
2025-11-28 04:00:00+00:00,short,sell - direction_change,91173.2,91168.0,15540278490558.34,-0.04,2382.55
2025-11-28 04:00:00+00:00,long,buy,91168.0,,15532508351313.06,-0.05,2382.5
2025-11-28 06:00:00+00:00,long,sell - direction_change,91168.0,91576.7,15594373285308.5,0.4,2382.89
2025-11-28 06:00:00+00:00,short,buy,91576.7,,15586576098665.84,-0.05,2382.84
2025-11-28 08:00:00+00:00,short,sell - direction_change,91576.7,90870.2,15699030821450.13,0.72,2383.57
2025-11-28 08:00:00+00:00,long,buy,90870.2,,15691181306039.4,-0.05,2383.52
2025-11-28 16:00:00+00:00,long,sell - direction_change,90870.2,92299.8,15930194562347.37,1.52,2385.04
2025-11-28 16:00:00+00:00,short,buy,92299.8,,15922229465066.2,-0.05,2384.99
2025-11-29 13:00:00+00:00,short,sell - direction_change,92299.8,90572.6,16212219968127.66,1.82,2386.81
2025-11-29 13:00:00+00:00,long,buy,90572.6,,16204113858143.6,-0.05,2386.76
2025-11-29 14:00:00+00:00,long,sell - direction_change,90572.6,90738.5,16225692548913.78,0.13,2386.89
2025-11-29 14:00:00+00:00,short,buy,90738.5,,16217579702639.32,-0.05,2386.84
2025-11-29 15:00:00+00:00,short,sell - direction_change,90738.5,90582.2,16237406218171.3,0.12,2386.96
2025-11-29 15:00:00+00:00,long,buy,90582.2,,16229287515062.22,-0.05,2386.91
2025-11-29 17:00:00+00:00,long,sell - direction_change,90582.2,90962.1,16289238190174.98,0.37,2387.28
2025-11-29 17:00:00+00:00,short,buy,90962.1,,16281093571079.89,-0.05,2387.23
2025-11-29 20:00:00+00:00,short,sell - direction_change,90962.1,90602.9,16337245392332.6,0.34,2387.58
2025-11-29 20:00:00+00:00,long,buy,90602.9,,16329076769636.43,-0.05,2387.53
2025-11-30 22:00:00+00:00,long,sell - direction_change,90602.9,91139.0,16417531854422.64,0.54,2388.07
2025-11-30 22:00:00+00:00,short,buy,91139.0,,16409323088495.43,-0.05,2388.02
2025-12-01 00:23:00+00:00,short,sell - take_profit,91139.0,88404.83,16893398119606.04,2.95,2390.97
2025-12-01 01:00:00+00:00,short,buy,86970.6,,16884951420546.24,-0.05,2390.92
2025-12-01 15:34:00+00:00,short,sell - take_profit,86970.6,84361.482,17383057487452.36,2.95,2393.87
2025-12-01 16:00:00+00:00,short,buy,84650.0,,17374365958708.63,-0.05,2393.82
2025-12-01 18:20:00+00:00,short,sell - stop_loss,84650.0,85496.5,17191935116142.19,-1.05,2392.77
2025-12-01 19:00:00+00:00,short,buy,85159.1,,17183339148584.12,-0.05,2392.72
2025-12-01 21:00:00+00:00,short,sell - direction_change,85159.1,85474.1,17111187015925.98,-0.42,2392.3
2025-12-01 21:00:00+00:00,long,buy,85474.1,,17102631422418.01,-0.05,2392.25
2025-12-02 14:08:00+00:00,long,sell - take_profit,85474.1,88038.323,17607159049379.34,2.95,2395.2
2025-12-02 15:00:00+00:00,long,buy,89225.1,,17598355469854.65,-0.05,2395.15
2025-12-02 17:28:00+00:00,long,sell - take_profit,89225.1,91901.853,18117506956215.36,2.95,2398.1
2025-12-02 18:00:00+00:00,long,buy,91417.5,,18108448202737.26,-0.05,2398.05
2025-12-03 18:00:00+00:00,long,sell - direction_change,91417.5,92919.4,18396898049034.78,1.59,2399.64
2025-12-03 18:00:00+00:00,short,buy,92919.4,,18387699600010.26,-0.05,2399.59
2025-12-03 19:00:00+00:00,short,sell - direction_change,92919.4,92584.8,18444719310415.81,0.31,2399.9
2025-12-03 19:00:00+00:00,long,buy,92584.8,,18435496950760.6,-0.05,2399.85
2025-12-04 05:00:00+00:00,long,sell - direction_change,92584.8,93317.8,18572234253923.37,0.74,2400.6
2025-12-04 05:00:00+00:00,short,buy,93317.8,,18562948136796.4,-0.05,2400.55
2025-12-04 06:00:00+00:00,short,sell - direction_change,93317.8,92932.4,18630331138443.48,0.36,2400.91
2025-12-04 06:00:00+00:00,long,buy,92932.4,,18621015972874.26,-0.05,2400.86
2025-12-04 08:00:00+00:00,long,sell - direction_change,92932.4,93358.5,18697083814161.51,0.41,2401.27
2025-12-04 08:00:00+00:00,short,buy,93358.5,,18687735272254.43,-0.05,2401.22
2025-12-04 09:00:00+00:00,short,sell - direction_change,93358.5,93220.7,18705975073170.36,0.1,2401.31
2025-12-04 09:00:00+00:00,long,buy,93220.7,,18696622085633.77,-0.05,2401.26
2025-12-04 11:00:00+00:00,long,sell - direction_change,93220.7,93210.7,18685268144716.3,-0.06,2401.2
2025-12-04 11:00:00+00:00,short,buy,93210.7,,18675925510643.94,-0.05,2401.15
2025-12-05 02:00:00+00:00,short,sell - direction_change,93210.7,92322.1,18844629633279.65,0.9,2402.06
2025-12-05 02:00:00+00:00,long,buy,92322.1,,18835207318463.01,-0.05,2402.01
2025-12-05 03:00:00+00:00,long,sell - direction_change,92322.1,92476.1,18857208215109.16,0.12,2402.12
2025-12-05 03:00:00+00:00,short,buy,92476.1,,18847779611001.6,-0.05,2402.07
2025-12-05 16:07:00+00:00,short,sell - take_profit,92476.1,89701.81700000001,19403789109526.15,2.95,2405.02
2025-12-05 17:00:00+00:00,short,buy,88757.6,,19394087214971.39,-0.05,2404.97
2025-12-05 18:07:00+00:00,short,sell - stop_loss,88757.6,89645.176,19190449299214.19,-1.05,2403.92
2025-12-05 19:00:00+00:00,short,buy,88895.0,,19180854074564.58,-0.05,2403.87
2025-12-06 03:00:00+00:00,short,sell - direction_change,88895.0,89354.7,19072074282342.78,-0.57,2403.31
2025-12-06 03:00:00+00:00,long,buy,89354.7,,19062538245201.61,-0.05,2403.26
2025-12-06 05:00:00+00:00,long,sell - direction_change,89354.7,89612.3,19107962225796.87,0.24,2403.5
2025-12-06 05:00:00+00:00,short,buy,89612.3,,19098408244683.97,-0.05,2403.45
2025-12-06 06:00:00+00:00,short,sell - direction_change,89612.3,89556.7,19100708658286.03,0.01,2403.46
2025-12-06 06:00:00+00:00,long,buy,89556.7,,19091158303956.89,-0.05,2403.41
2025-12-06 08:00:00+00:00,long,sell - direction_change,89556.7,89549.5,19080077872138.52,-0.06,2403.35
2025-12-06 08:00:00+00:00,short,buy,89549.5,,19070537833202.44,-0.05,2403.3
2025-12-06 09:00:00+00:00,short,sell - direction_change,89549.5,89238.3,19127275981487.42,0.3,2403.6
2025-12-06 09:00:00+00:00,long,buy,89238.3,,19117712343496.68,-0.05,2403.55
2025-12-06 13:00:00+00:00,long,sell - direction_change,89238.3,89528.4,19170302232323.98,0.28,2403.82
2025-12-06 13:00:00+00:00,short,buy,89528.4,,19160717081207.82,-0.05,2403.77
2025-12-06 14:00:00+00:00,short,sell - direction_change,89528.4,89619.5,19131639654406.21,-0.15,2403.62
2025-12-06 14:00:00+00:00,long,buy,89619.5,,19122073834579.01,-0.05,2403.57
2025-12-06 19:00:00+00:00,long,sell - direction_change,89619.5,89609.9,19110464449826.57,-0.06,2403.51
2025-12-06 19:00:00+00:00,short,buy,89609.9,,19100909217601.66,-0.05,2403.46
2025-12-06 20:00:00+00:00,short,sell - direction_change,89609.9,89369.5,19142601522731.58,0.22,2403.68
2025-12-06 20:00:00+00:00,long,buy,89369.5,,19133030221970.22,-0.05,2403.63
2025-12-06 21:00:00+00:00,long,sell - direction_change,89369.5,89509.4,19153414763182.18,0.11,2403.73
2025-12-06 21:00:00+00:00,short,buy,89509.4,,19143838055800.58,-0.05,2403.68
2025-12-07 02:00:00+00:00,short,sell - direction_change,89509.4,89251.0,19189531480453.0,0.24,2403.92
2025-12-07 02:00:00+00:00,long,buy,89251.0,,19179936714712.77,-0.05,2403.87
2025-12-07 04:00:00+00:00,long,sell - direction_change,89251.0,89675.7,19261614285349.25,0.43,2404.3
2025-12-07 04:00:00+00:00,short,buy,89675.7,,19251983478206.58,-0.05,2404.25
2025-12-07 06:00:00+00:00,short,sell - direction_change,89675.7,89469.2,19286689837240.86,0.18,2404.43
2025-12-07 06:00:00+00:00,long,buy,89469.2,,19277046492322.24,-0.05,2404.38
2025-12-07 07:00:00+00:00,long,sell - direction_change,89469.2,89668.1,19310262991221.39,0.17,2404.55
2025-12-07 07:00:00+00:00,short,buy,89668.1,,19300607859725.78,-0.05,2404.5
2025-12-07 15:00:00+00:00,short,sell - direction_change,89668.1,88187.5,19609649264409.24,1.6,2406.1
2025-12-07 15:00:00+00:00,long,buy,88187.5,,19599844439777.04,-0.05,2406.05
2025-12-07 17:30:00+00:00,long,sell - take_profit,88187.5,90833.125,20178039850750.46,2.95,2409.0
2025-12-07 18:00:00+00:00,long,buy,90904.2,,20167950830825.08,-0.05,2408.95
2025-12-07 21:52:00+00:00,long,sell - stop_loss,90904.2,89995.158,19956187347101.42,-1.05,2407.9
2025-12-07 22:00:00+00:00,long,buy,90189.2,,19946209253427.87,-0.05,2407.85
2025-12-07 22:06:00+00:00,long,sell - stop_loss,90189.2,89287.30799999999,19736774056266.87,-1.05,2406.8
2025-12-07 23:00:00+00:00,long,buy,89551.7,,19726905669238.74,-0.05,2406.75
2025-12-08 09:06:00+00:00,long,sell - take_profit,89551.7,92238.251,20308849386481.28,2.95,2409.7
2025-12-08 10:00:00+00:00,long,buy,91865.3,,20298694961788.04,-0.05,2409.65
2025-12-08 14:00:00+00:00,long,sell - direction_change,91865.3,91424.0,20191035302071.33,-0.53,2409.12
2025-12-08 14:00:00+00:00,short,buy,91424.0,,20180939784420.29,-0.05,2409.07
2025-12-08 21:00:00+00:00,short,sell - direction_change,91424.0,90745.7,20320577301224.92,0.69,2409.76
2025-12-08 21:00:00+00:00,long,buy,90745.7,,20310417012574.31,-0.05,2409.71
2025-12-08 22:00:00+00:00,long,sell - direction_change,90745.7,91258.1,20414945559631.58,0.51,2410.23
2025-12-08 22:00:00+00:00,short,buy,91258.1,,20404738086851.76,-0.05,2410.18
2025-12-09 12:00:00+00:00,short,sell - direction_change,91258.1,90342.0,20599369924978.6,0.95,2411.13
2025-12-09 12:00:00+00:00,long,buy,90342.0,,20589070240016.11,-0.05,2411.08
2025-12-09 16:01:00+00:00,long,sell - take_profit,90342.0,93052.26000000001,21196447812096.59,2.95,2414.03
2025-12-09 17:00:00+00:00,long,buy,94146.9,,21185849588190.54,-0.05,2413.98
2025-12-09 20:21:00+00:00,long,sell - stop_loss,94146.9,93205.431,20963398167514.54,-1.05,2412.93
2025-12-09 21:00:00+00:00,long,buy,93075.2,,20952916468430.78,-0.05,2412.88
2025-12-10 00:49:00+00:00,long,sell - stop_loss,93075.2,92144.44799999999,20732910845512.26,-1.05,2411.83
2025-12-10 01:00:00+00:00,long,buy,92084.5,,20722544390089.5,-0.05,2411.78
2025-12-10 04:00:00+00:00,long,sell - direction_change,92084.5,92366.0,20775531414793.61,0.26,2412.04
2025-12-10 04:00:00+00:00,short,buy,92366.0,,20765143649086.22,-0.05,2411.99
2025-12-10 07:00:00+00:00,short,sell - direction_change,92366.0,92648.0,20691363609480.86,-0.36,2411.63
2025-12-10 07:00:00+00:00,long,buy,92648.0,,20681017927676.12,-0.05,2411.58
2025-12-10 08:00:00+00:00,long,sell - direction_change,92648.0,92744.7,20692262929825.38,0.05,2411.64
2025-12-10 08:00:00+00:00,short,buy,92744.7,,20681916798360.46,-0.05,2411.59
2025-12-10 09:00:00+00:00,short,sell - direction_change,92744.7,92565.1,20711626346965.84,0.14,2411.73
2025-12-10 09:00:00+00:00,long,buy,92565.1,,20701270533792.36,-0.05,2411.68
2025-12-10 11:00:00+00:00,long,sell - direction_change,92565.1,92230.4,20616067548691.01,-0.41,2411.27
2025-12-10 11:00:00+00:00,short,buy,92230.4,,20605759514916.67,-0.05,2411.22
2025-12-10 19:00:00+00:00,short,sell - direction_change,92230.4,92448.8,20546662551233.98,-0.29,2410.93
2025-12-10 19:00:00+00:00,long,buy,92448.8,,20536389219958.36,-0.05,2410.88
2025-12-10 20:00:00+00:00,long,sell - direction_change,92448.8,92913.9,20629437397504.67,0.45,2411.34
2025-12-10 20:00:00+00:00,short,buy,92913.9,,20619122678805.92,-0.05,2411.29
2025-12-10 20:12:00+00:00,short,sell - stop_loss,92913.9,93843.03899999999,20402621890678.46,-1.05,2410.24
2025-12-10 21:00:00+00:00,short,buy,92409.1,,20392420579733.12,-0.05,2410.19
2025-12-10 22:00:00+00:00,short,sell - direction_change,92409.1,92308.3,20404468455733.86,0.06,2410.24
2025-12-10 22:00:00+00:00,long,buy,92308.3,,20394266221505.99,-0.05,2410.19
2025-12-10 23:00:00+00:00,long,sell - direction_change,92308.3,92472.2,20420280569201.45,0.13,2410.32
2025-12-10 23:00:00+00:00,short,buy,92472.2,,20410070428916.85,-0.05,2410.27
2025-12-11 03:09:00+00:00,short,sell - take_profit,92472.2,89698.034,21012167506569.9,2.95,2413.22
2025-12-11 04:00:00+00:00,short,buy,89833.1,,21001661422816.61,-0.05,2413.17
2025-12-11 18:00:00+00:00,short,sell - direction_change,89833.1,89935.3,20967267730816.75,-0.16,2413.01
2025-12-11 18:00:00+00:00,long,buy,89935.3,,20956784096951.34,-0.05,2412.96
2025-12-11 21:16:00+00:00,long,sell - take_profit,89935.3,92633.35900000001,21575009227811.4,2.95,2415.91
2025-12-11 22:00:00+00:00,long,buy,92823.6,,21564221723197.5,-0.05,2415.86
2025-12-12 00:57:00+00:00,long,sell - stop_loss,92823.6,91895.364,21337797395103.92,-1.05,2414.81
2025-12-12 01:00:00+00:00,long,buy,91521.0,,21327128496406.38,-0.05,2414.76
2025-12-12 15:00:00+00:00,long,sell - direction_change,91521.0,92393.0,21519666995606.63,0.9,2415.66
2025-12-12 15:00:00+00:00,short,buy,92393.0,,21508907162108.82,-0.05,2415.61
2025-12-12 16:03:00+00:00,short,sell - take_profit,92393.0,89621.20999999999,22143419923391.04,2.95,2418.56
2025-12-12 17:00:00+00:00,short,buy,89996.8,,22132348213429.34,-0.05,2418.51
2025-12-13 05:00:00+00:00,short,sell - direction_change,89996.8,90334.8,22038159820575.52,-0.43,2418.09
2025-12-13 05:00:00+00:00,long,buy,90334.8,,22027140740665.24,-0.05,2418.04
2025-12-13 06:00:00+00:00,long,sell - direction_change,90334.8,90301.4,22007982950119.08,-0.09,2417.95
2025-12-13 06:00:00+00:00,short,buy,90301.4,,21996978958644.03,-0.05,2417.9
2025-12-13 08:00:00+00:00,short,sell - direction_change,90301.4,90286.0,21989731833772.15,-0.03,2417.87
2025-12-13 08:00:00+00:00,long,buy,90286.0,,21978736967855.26,-0.05,2417.82
2025-12-13 11:00:00+00:00,long,sell - direction_change,90286.0,90546.7,22031211001532.47,0.24,2418.05
2025-12-13 11:00:00+00:00,short,buy,90546.7,,22020195396031.7,-0.05,2418.0
2025-12-13 12:00:00+00:00,short,sell - direction_change,90546.7,90298.5,22069545449474.42,0.22,2418.23
2025-12-13 12:00:00+00:00,long,buy,90298.5,,22058510676749.69,-0.05,2418.18
2025-12-13 13:00:00+00:00,long,sell - direction_change,90298.5,90309.8,22050241834603.64,-0.04,2418.14
2025-12-13 13:00:00+00:00,short,buy,90309.8,,22039216713686.34,-0.05,2418.09
2025-12-14 00:00:00+00:00,short,sell - direction_change,90309.8,90191.3,22057115862547.12,0.08,2418.17
2025-12-14 00:00:00+00:00,long,buy,90191.3,,22046087304615.84,-0.05,2418.12
2025-12-14 04:00:00+00:00,long,sell - direction_change,90191.3,90222.4,22042666250458.9,-0.02,2418.11
2025-12-14 04:00:00+00:00,short,buy,90222.4,,22031644917333.67,-0.05,2418.06
2025-12-14 07:00:00+00:00,short,sell - direction_change,90222.4,90105.1,22049272890083.32,0.08,2418.14
2025-12-14 07:00:00+00:00,long,buy,90105.1,,22038248253638.28,-0.05,2418.09
2025-12-14 08:00:00+00:00,long,sell - direction_change,90105.1,90205.1,22051687510062.22,0.06,2418.15
2025-12-14 08:00:00+00:00,short,buy,90205.1,,22040661666307.19,-0.05,2418.1
2025-12-15 01:00:00+00:00,short,sell - direction_change,90205.1,88415.0,22467033328264.42,1.93,2420.03
2025-12-15 01:00:00+00:00,long,buy,88415.0,,22455799811600.29,-0.05,2419.98
2025-12-15 14:00:00+00:00,long,sell - direction_change,88415.0,89388.1,22691721589878.83,1.05,2421.03
2025-12-15 14:00:00+00:00,short,buy,89388.1,,22680375729083.9,-0.05,2420.98
2025-12-15 15:24:00+00:00,short,sell - take_profit,89388.1,86706.45700000001,23349446813091.86,2.95,2423.93
2025-12-15 16:00:00+00:00,short,buy,86996.5,,23337772089685.32,-0.05,2423.88
2025-12-16 06:00:00+00:00,short,sell - direction_change,86996.5,85983.8,23597771164940.35,1.11,2425.0
2025-12-16 06:00:00+00:00,long,buy,85983.8,,23585972279357.88,-0.05,2424.95
2025-12-16 07:00:00+00:00,long,sell - direction_change,85983.8,86458.1,23704283180835.4,0.5,2425.45
2025-12-16 07:00:00+00:00,short,buy,86458.1,,23692431039244.98,-0.05,2425.4
2025-12-16 08:00:00+00:00,short,sell - direction_change,86458.1,85964.9,23815738233163.64,0.52,2425.92
2025-12-16 08:00:00+00:00,long,buy,85964.9,,23803830364047.06,-0.05,2425.87
2025-12-17 04:00:00+00:00,long,sell - direction_change,85964.9,87178.2,24127893329655.9,1.36,2427.23
2025-12-17 04:00:00+00:00,short,buy,87178.2,,24115829382991.07,-0.05,2427.18
2025-12-17 07:00:00+00:00,short,sell - direction_change,87178.2,86735.5,24226234167321.24,0.46,2427.64
2025-12-17 07:00:00+00:00,long,buy,86735.5,,24214121050237.58,-0.05,2427.59
2025-12-17 08:00:00+00:00,long,sell - direction_change,86735.5,87010.4,24278758366313.85,0.27,2427.86
2025-12-17 08:00:00+00:00,short,buy,87010.4,,24266618987130.69,-0.05,2427.81
2025-12-17 13:00:00+00:00,short,sell - direction_change,87010.4,86984.0,24261848461180.94,-0.02,2427.79
2025-12-17 13:00:00+00:00,long,buy,86984.0,,24249717536950.34,-0.05,2427.74
2025-12-17 14:59:00+00:00,long,sell - take_profit,86984.0,89593.52,24965084204290.38,2.95,2430.69
2025-12-17 15:00:00+00:00,long,buy,89634.0,,24952601662188.24,-0.05,2430.64
2025-12-17 15:43:00+00:00,long,sell - stop_loss,89634.0,88737.66,24690599344735.26,-1.05,2429.59
2025-12-17 16:00:00+00:00,short,buy,87191.0,,24678254045062.89,-0.05,2429.54
2025-12-18 04:00:00+00:00,short,sell - direction_change,87191.0,86575.1,24840237229590.34,0.66,2430.19
2025-12-18 04:00:00+00:00,long,buy,86575.1,,24827817110975.54,-0.05,2430.14
2025-12-18 13:52:00+00:00,long,sell - take_profit,86575.1,89172.353,25560237715749.32,2.95,2433.09
2025-12-18 14:00:00+00:00,long,buy,88804.0,,25547457596891.44,-0.05,2433.04
2025-12-18 14:36:00+00:00,long,sell - stop_loss,88804.0,87915.96,25279209292124.08,-1.05,2431.99
2025-12-18 15:00:00+00:00,long,buy,88325.4,,25266569687478.02,-0.05,2431.94
2025-12-18 17:05:00+00:00,long,sell - stop_loss,88325.4,87442.146,25001270705759.5,-1.05,2430.89
2025-12-18 18:00:00+00:00,long,buy,86443.6,,24988770070406.62,-0.05,2430.84
2025-12-18 19:00:00+00:00,long,sell - direction_change,86443.6,85946.7,24832633821219.7,-0.62,2430.22
2025-12-18 19:00:00+00:00,short,buy,85946.7,,24820217504309.1,-0.05,2430.17
2025-12-19 03:00:00+00:00,short,sell - direction_change,85946.7,85600.9,24907669649872.58,0.35,2430.52
2025-12-19 03:00:00+00:00,long,buy,85600.9,,24895215815047.64,-0.05,2430.47
2025-12-19 07:10:00+00:00,long,sell - take_profit,85600.9,88168.927,25629624681591.55,2.95,2433.42
2025-12-19 08:00:00+00:00,long,buy,87909.7,,25616809869250.76,-0.05,2433.37
2025-12-19 17:33:00+00:00,long,sell - stop_loss,87909.7,87030.603,25347833365623.62,-1.05,2432.32
2025-12-19 18:00:00+00:00,short,buy,86912.6,,25335159448940.81,-0.05,2432.27
2025-12-19 19:00:00+00:00,short,sell - direction_change,86912.6,87126.2,25260227133628.02,-0.3,2431.97
2025-12-19 19:00:00+00:00,long,buy,87126.2,,25247597020061.2,-0.05,2431.92
2025-12-20 14:00:00+00:00,long,sell - direction_change,87126.2,88230.9,25555095302257.8,1.22,2433.14
2025-12-20 14:00:00+00:00,short,buy,88230.9,,25542317754606.67,-0.05,2433.09
2025-12-20 18:00:00+00:00,short,sell - direction_change,88230.9,88144.6,25554529929484.57,0.05,2433.14
2025-12-20 18:00:00+00:00,long,buy,88144.6,,25541752664519.83,-0.05,2433.09
2025-12-21 01:00:00+00:00,long,sell - direction_change,88144.6,88354.8,25589891661396.84,0.19,2433.28
2025-12-21 01:00:00+00:00,short,buy,88354.8,,25577096715566.14,-0.05,2433.23
2025-12-21 08:00:00+00:00,short,sell - direction_change,88354.8,88138.8,25626836211984.22,0.19,2433.42
2025-12-21 08:00:00+00:00,long,buy,88138.8,,25614022793878.22,-0.05,2433.37
2025-12-21 13:00:00+00:00,long,sell - direction_change,88138.8,88588.6,25731932191743.57,0.46,2433.83
2025-12-21 13:00:00+00:00,short,buy,88588.6,,25719066225647.7,-0.05,2433.78
2025-12-21 16:00:00+00:00,short,sell - direction_change,88588.6,88024.7,25869918292499.69,0.59,2434.37
2025-12-21 16:00:00+00:00,long,buy,88024.7,,25856983333353.44,-0.05,2434.32
2025-12-21 18:00:00+00:00,long,sell - direction_change,88024.7,88283.7,25920135290507.82,0.24,2434.56
2025-12-21 18:00:00+00:00,short,buy,88283.7,,25907175222862.56,-0.05,2434.51
2025-12-21 19:00:00+00:00,short,sell - direction_change,88283.7,88406.8,25858097489231.71,-0.19,2434.32
2025-12-21 19:00:00+00:00,long,buy,88406.8,,25845168440487.1,-0.05,2434.27
2025-12-21 20:00:00+00:00,long,sell - direction_change,88406.8,88448.3,25844378118607.3,-0.0,2434.27
2025-12-21 20:00:00+00:00,short,buy,88448.3,,25831455929548.0,-0.05,2434.22
2025-12-21 22:00:00+00:00,short,sell - direction_change,88448.3,88121.6,25913953416446.41,0.32,2434.54
2025-12-21 22:00:00+00:00,long,buy,88121.6,,25900996439738.19,-0.05,2434.49
2025-12-22 18:00:00+00:00,long,sell - direction_change,88121.6,89271.0,26225881447317.52,1.25,2435.74
2025-12-22 18:00:00+00:00,short,buy,89271.0,,26212768506593.86,-0.05,2435.69
2025-12-23 14:56:00+00:00,short,sell - take_profit,89271.0,86592.87,26986045177538.38,2.95,2438.64
2025-12-23 15:00:00+00:00,short,buy,86837.2,,26972552154949.61,-0.05,2438.59
2025-12-23 16:00:00+00:00,short,sell - direction_change,86837.2,87405.2,26782639075336.19,-0.7,2437.89
2025-12-23 16:00:00+00:00,long,buy,87405.2,,26769247755798.52,-0.05,2437.84
2025-12-23 17:00:00+00:00,long,sell - direction_change,87405.2,87959.8,26925718298493.85,0.58,2438.43
2025-12-23 17:00:00+00:00,short,buy,87959.8,,26912255439344.6,-0.05,2438.38
2025-12-23 18:00:00+00:00,short,sell - direction_change,87959.8,87138.1,27150207344550.3,0.88,2439.26
2025-12-23 18:00:00+00:00,long,buy,87138.1,,27136632240878.03,-0.05,2439.21
2025-12-23 22:00:00+00:00,long,sell - direction_change,87138.1,87692.7,27295777998633.32,0.59,2439.8
2025-12-23 22:00:00+00:00,short,buy,87692.7,,27282130109634.0,-0.05,2439.75
2025-12-24 00:00:00+00:00,short,sell - direction_change,87692.7,87463.1,27339920042520.54,0.21,2439.96
2025-12-24 00:00:00+00:00,long,buy,87463.1,,27326250082499.28,-0.05,2439.91
2025-12-24 02:00:00+00:00,long,sell - direction_change,87463.1,87603.1,27356327403561.01,0.11,2440.02
2025-12-24 02:00:00+00:00,short,buy,87603.1,,27342649239859.23,-0.05,2439.97
2025-12-24 12:00:00+00:00,short,sell - direction_change,87603.1,87162.6,27466466622718.35,0.45,2440.42
2025-12-24 12:00:00+00:00,long,buy,87162.6,,27452733389406.99,-0.05,2440.37
2025-12-24 13:00:00+00:00,long,sell - direction_change,87162.6,87393.0,27511573809073.86,0.21,2440.59
2025-12-24 13:00:00+00:00,short,buy,87393.0,,27497818022169.32,-0.05,2440.54
2025-12-24 15:00:00+00:00,short,sell - direction_change,87393.0,86950.0,27623457089126.81,0.46,2440.99
2025-12-24 15:00:00+00:00,long,buy,86950.0,,27609645360582.24,-0.05,2440.94
2025-12-25 09:00:00+00:00,long,sell - direction_change,86950.0,87546.2,27785154747953.47,0.64,2441.58
2025-12-25 09:00:00+00:00,short,buy,87546.2,,27771262170579.49,-0.05,2441.53
2025-12-25 13:00:00+00:00,short,sell - direction_change,87546.2,87533.8,27761310047184.02,-0.04,2441.49
2025-12-25 13:00:00+00:00,long,buy,87533.8,,27747429392160.44,-0.05,2441.44
2025-12-25 22:00:00+00:00,long,sell - direction_change,87533.8,87862.0,27837592133399.17,0.32,2441.77
2025-12-25 22:00:00+00:00,short,buy,87862.0,,27823673337332.47,-0.05,2441.72
2025-12-26 02:00:00+00:00,short,sell - direction_change,87862.0,87386.7,27960276990149.98,0.49,2442.21
2025-12-26 02:00:00+00:00,long,buy,87386.7,,27946296851654.9,-0.05,2442.16
2025-12-26 14:00:00+00:00,long,sell - direction_change,87386.7,88959.2,28435209746519.72,1.75,2443.91
2025-12-26 14:00:00+00:00,short,buy,88959.2,,28420992141646.46,-0.05,2443.86
2025-12-27 09:00:00+00:00,short,sell - direction_change,88959.2,87545.7,28858371502411.33,1.54,2445.4
2025-12-27 09:00:00+00:00,long,buy,87545.7,,28843942316660.12,-0.05,2445.35
2025-12-27 10:00:00+00:00,long,sell - direction_change,87545.7,87575.4,28839305692889.55,-0.02,2445.33
2025-12-27 10:00:00+00:00,short,buy,87575.4,,28824886040043.1,-0.05,2445.28
2025-12-27 14:00:00+00:00,short,sell - direction_change,87575.4,87410.6,28864716469101.3,0.14,2445.42
2025-12-27 14:00:00+00:00,long,buy,87410.6,,28850284110866.75,-0.05,2445.37
2025-12-27 18:00:00+00:00,long,sell - direction_change,87410.6,87514.0,28869986630411.44,0.07,2445.44
2025-12-27 18:00:00+00:00,short,buy,87514.0,,28855551637096.23,-0.05,2445.39
2025-12-27 19:00:00+00:00,short,sell - direction_change,87514.0,87452.8,28861303029870.02,0.02,2445.41
2025-12-27 19:00:00+00:00,long,buy,87452.8,,28846872378355.09,-0.05,2445.36
2025-12-28 17:00:00+00:00,long,sell - direction_change,87452.8,87780.0,28940377980941.09,0.32,2445.68
2025-12-28 17:00:00+00:00,short,buy,87780.0,,28925907791950.62,-0.05,2445.63
2025-12-28 22:00:00+00:00,short,sell - direction_change,87780.0,87556.1,28985226004090.39,0.21,2445.84
2025-12-28 22:00:00+00:00,long,buy,87556.1,,28970733391088.34,-0.05,2445.79
2025-12-29 04:35:00+00:00,long,sell - take_profit,87556.1,90182.78300000001,29825370026125.46,2.95,2448.74
2025-12-29 05:00:00+00:00,long,buy,90100.1,,29810457341112.39,-0.05,2448.69
2025-12-29 09:31:00+00:00,long,sell - stop_loss,90100.1,89199.099,29497447539030.71,-1.05,2447.64
2025-12-29 10:00:00+00:00,short,buy,88068.2,,29482698815261.2,-0.05,2447.59
2025-12-30 07:00:00+00:00,short,sell - direction_change,88068.2,87404.3,29690212079249.22,0.7,2448.29
2025-12-30 07:00:00+00:00,long,buy,87404.3,,29675366973209.6,-0.05,2448.24
2025-12-30 20:00:00+00:00,long,sell - direction_change,87404.3,88189.8,29927220982894.34,0.85,2449.09
2025-12-30 20:00:00+00:00,short,buy,88189.8,,29912257372402.9,-0.05,2449.04
2025-12-30 21:00:00+00:00,short,sell - direction_change,88189.8,87900.2,29995527906381.18,0.28,2449.32
2025-12-30 21:00:00+00:00,long,buy,87900.2,,29980530142427.98,-0.05,2449.27
2025-12-31 04:00:00+00:00,long,sell - direction_change,87900.2,88411.6,30139965454486.72,0.53,2449.8
2025-12-31 04:00:00+00:00,short,buy,88411.6,,30124895471759.48,-0.05,2449.75
2025-12-31 05:00:00+00:00,short,sell - direction_change,88411.6,88287.2,30152220414328.57,0.09,2449.84
2025-12-31 05:00:00+00:00,long,buy,88287.2,,30137144304121.4,-0.05,2449.79
2025-12-31 15:00:00+00:00,long,sell - direction_change,88287.2,88443.4,30175395147924.36,0.13,2449.92
2025-12-31 15:00:00+00:00,short,buy,88443.4,,30160307450350.4,-0.05,2449.87
2026-01-01 09:00:00+00:00,short,sell - direction_change,88443.4,87741.5,30384583990277.9,0.74,2450.61
2026-01-01 09:00:00+00:00,long,buy,87741.5,,30369391698282.76,-0.05,2450.56
2026-01-02 16:31:00+00:00,long,sell - take_profit,87741.5,90373.745,31265288753382.1,2.95,2453.51
2026-01-02 17:00:00+00:00,long,buy,90333.9,,31249656109005.4,-0.05,2453.46
2026-01-03 06:00:00+00:00,long,sell - direction_change,90333.9,89989.9,31115029646996.24,-0.43,2453.03
2026-01-03 06:00:00+00:00,short,buy,89989.9,,31099472132172.74,-0.05,2452.98
2026-01-03 16:00:00+00:00,short,sell - direction_change,89989.9,89931.7,31104035645238.96,0.01,2452.99
2026-01-03 16:00:00+00:00,long,buy,89931.7,,31088483627416.34,-0.05,2452.94
2026-01-04 15:00:00+00:00,long,sell - direction_change,89931.7,91304.9,31547640805871.22,1.48,2454.42
2026-01-04 15:00:00+00:00,short,buy,91304.9,,31531866985468.28,-0.05,2454.37
2026-01-04 16:00:00+00:00,short,sell - direction_change,91304.9,91292.8,31520279749838.68,-0.04,2454.33
2026-01-04 16:00:00+00:00,long,buy,91292.8,,31504519609963.76,-0.05,2454.28
2026-01-04 18:00:00+00:00,long,sell - direction_change,91292.8,91293.4,31488974406046.72,-0.05,2454.23
2026-01-04 18:00:00+00:00,short,buy,91293.4,,31473229918843.69,-0.05,2454.18
2026-01-04 20:00:00+00:00,short,sell - direction_change,91293.4,91102.9,31523167824709.86,0.16,2454.34
2026-01-04 20:00:00+00:00,long,buy,91102.9,,31507406240797.51,-0.05,2454.29
2026-01-04 21:00:00+00:00,long,sell - direction_change,91102.9,91275.9,31551483577958.58,0.14,2454.43
2026-01-04 21:00:00+00:00,short,buy,91275.9,,31535707836169.6,-0.05,2454.38
2026-01-04 22:00:00+00:00,short,sell - direction_change,91275.9,91247.1,31529890345772.24,-0.02,2454.36
2026-01-04 22:00:00+00:00,long,buy,91247.1,,31514125400599.35,-0.05,2454.31
2026-01-05 15:53:00+00:00,long,sell - take_profit,91247.1,93984.513,32443792099917.02,2.95,2457.26
2026-01-05 16:00:00+00:00,long,buy,93900.0,,32427570203867.07,-0.05,2457.21
2026-01-06 03:00:00+00:00,long,sell - direction_change,93900.0,93587.0,32303264518085.58,-0.38,2456.83
2026-01-06 03:00:00+00:00,short,buy,93587.0,,32287112885826.54,-0.05,2456.78
2026-01-06 11:00:00+00:00,short,sell - direction_change,93587.0,93536.4,32288426111971.19,0.0,2456.79
2026-01-06 11:00:00+00:00,long,buy,93536.4,,32272281898915.2,-0.05,2456.74
2026-01-06 13:00:00+00:00,long,sell - direction_change,93536.4,93819.4,32353787486505.58,0.25,2456.99
2026-01-06 13:00:00+00:00,short,buy,93819.4,,32337610592762.32,-0.05,2456.94
2026-01-06 14:00:00+00:00,short,sell - direction_change,93819.4,93678.0,32370179448736.6,0.1,2457.04
2026-01-06 14:00:00+00:00,long,buy,93678.0,,32353994359012.24,-0.05,2456.99
2026-01-06 16:00:00+00:00,long,sell - direction_change,93678.0,93608.2,32313710220281.26,-0.12,2456.86
2026-01-06 16:00:00+00:00,short,buy,93608.2,,32297553365171.12,-0.05,2456.81
2026-01-06 23:00:00+00:00,short,sell - direction_change,93608.2,93319.9,32380876479147.46,0.26,2457.07
2026-01-06 23:00:00+00:00,long,buy,93319.9,,32364686040907.88,-0.05,2457.02
2026-01-07 00:00:00+00:00,long,sell - direction_change,93319.9,93708.1,32483137051771.01,0.37,2457.39
2026-01-07 00:00:00+00:00,short,buy,93708.1,,32466895483245.12,-0.05,2457.34
2026-01-07 02:00:00+00:00,short,sell - direction_change,93708.1,92405.6,32901937126631.45,1.34,2458.68
2026-01-07 02:00:00+00:00,long,buy,92405.6,,32885486158068.14,-0.05,2458.63
2026-01-07 04:00:00+00:00,long,sell - direction_change,92405.6,92778.1,33001609445553.05,0.35,2458.98
2026-01-07 04:00:00+00:00,short,buy,92778.1,,32985108640830.28,-0.05,2458.93
2026-01-08 01:00:00+00:00,short,sell - direction_change,92778.1,91356.8,33473926444355.22,1.48,2460.41
2026-01-08 01:00:00+00:00,long,buy,91356.8,,33457189481133.04,-0.05,2460.36
2026-01-08 02:00:00+00:00,long,sell - direction_change,91356.8,91386.1,33451191293453.54,-0.02,2460.35
2026-01-08 02:00:00+00:00,short,buy,91386.1,,33434465697806.82,-0.05,2460.3
2026-01-08 15:00:00+00:00,short,sell - direction_change,91386.1,89978.5,33932732186948.82,1.49,2461.79
2026-01-08 15:00:00+00:00,long,buy,89978.5,,33915765820855.35,-0.05,2461.74
2026-01-09 07:00:00+00:00,long,sell - direction_change,89978.5,91103.8,34322969390716.51,1.2,2462.94
2026-01-09 07:00:00+00:00,short,buy,91103.8,,34305807906021.15,-0.05,2462.89
2026-01-09 15:00:00+00:00,short,sell - direction_change,91103.8,90110.7,34662614132548.65,1.04,2463.93
2026-01-09 15:00:00+00:00,long,buy,90110.7,,34645282825482.38,-0.05,2463.88
2026-01-09 19:00:00+00:00,long,sell - direction_change,90110.7,90772.3,34882328634401.72,0.68,2464.56
2026-01-09 19:00:00+00:00,short,buy,90772.3,,34864887470084.52,-0.05,2464.51
2026-01-09 21:00:00+00:00,short,sell - direction_change,90772.3,90272.4,35039462469658.68,0.5,2465.01
2026-01-09 21:00:00+00:00,long,buy,90272.4,,35021942738423.85,-0.05,2464.96
2026-01-09 22:00:00+00:00,long,sell - direction_change,90272.4,90503.9,35094244154273.16,0.21,2465.17
2026-01-09 22:00:00+00:00,short,buy,90503.9,,35076697032196.02,-0.05,2465.12
2026-01-10 07:00:00+00:00,short,sell - direction_change,90503.9,90475.0,35070359488774.84,-0.02,2465.1
2026-01-10 07:00:00+00:00,long,buy,90475.0,,35052824309030.46,-0.05,2465.05
2026-01-10 14:00:00+00:00,long,sell - direction_change,90475.0,90620.9,35091824087168.15,0.11,2465.16
2026-01-10 14:00:00+00:00,short,buy,90620.9,,35074278175124.56,-0.05,2465.11
2026-01-10 16:00:00+00:00,short,sell - direction_change,90620.9,90622.8,35056005652383.42,-0.05,2465.06
2026-01-10 16:00:00+00:00,long,buy,90622.8,,35038477649557.22,-0.05,2465.01
2026-01-10 17:00:00+00:00,long,sell - direction_change,90622.8,90640.7,35027879282190.04,-0.03,2464.98
2026-01-10 17:00:00+00:00,short,buy,90640.7,,35010365342548.94,-0.05,2464.93
2026-01-11 02:00:00+00:00,short,sell - direction_change,90640.7,90597.8,35009430471814.75,-0.0,2464.93
2026-01-11 02:00:00+00:00,long,buy,90597.8,,34991925756578.84,-0.05,2464.88
2026-01-11 19:00:00+00:00,long,sell - direction_change,90597.8,90840.8,35068284588837.4,0.22,2465.09
2026-01-11 19:00:00+00:00,short,buy,90840.8,,35050750446542.98,-0.05,2465.04
2026-01-11 21:00:00+00:00,short,sell - direction_change,90840.8,90654.2,35105224327527.54,0.16,2465.2
2026-01-11 21:00:00+00:00,long,buy,90654.2,,35087671715363.78,-0.05,2465.15
2026-01-11 22:00:00+00:00,long,sell - direction_change,90654.2,90711.1,35092151001662.65,0.01,2465.16
2026-01-11 22:00:00+00:00,short,buy,90711.1,,35074604926161.82,-0.05,2465.11
2026-01-11 23:00:00+00:00,short,sell - direction_change,90711.1,90482.3,35145536064794.77,0.2,2465.31
2026-01-11 23:00:00+00:00,long,buy,90482.3,,35127963296762.37,-0.05,2465.26
2026-01-12 08:00:00+00:00,long,sell - direction_change,90482.3,91369.2,35454720697836.34,0.93,2466.19
2026-01-12 08:00:00+00:00,short,buy,91369.2,,35436993337487.42,-0.05,2466.14
2026-01-12 15:00:00+00:00,short,sell - direction_change,91369.2,90852.7,35619596251740.65,0.52,2466.66
2026-01-12 15:00:00+00:00,long,buy,90852.7,,35601786453614.78,-0.05,2466.61
2026-01-12 21:00:00+00:00,long,sell - direction_change,90852.7,91446.5,35816673645564.93,0.6,2467.21
2026-01-12 21:00:00+00:00,short,buy,91446.5,,35798765308742.15,-0.05,2467.16
2026-01-12 22:00:00+00:00,short,sell - direction_change,91446.5,91005.6,35953466032430.0,0.43,2467.6
2026-01-12 22:00:00+00:00,long,buy,91005.6,,35935489299413.78,-0.05,2467.55
2026-01-13 01:00:00+00:00,long,sell - direction_change,91005.6,91436.4,36087632062141.5,0.42,2467.97
2026-01-13 01:00:00+00:00,short,buy,91436.4,,36069588246110.43,-0.05,2467.92
2026-01-13 04:00:00+00:00,short,sell - direction_change,91436.4,91380.9,36073446944597.1,0.01,2467.93
2026-01-13 04:00:00+00:00,long,buy,91380.9,,36055410221124.8,-0.05,2467.88
2026-01-13 19:34:00+00:00,long,sell - take_profit,91380.9,94122.32699999999,37119044822647.98,2.95,2470.83
2026-01-13 20:00:00+00:00,long,buy,94179.6,,37100485300236.66,-0.05,2470.78
2026-01-14 10:00:00+00:00,long,sell - direction_change,94179.6,95051.5,37425405545179.14,0.88,2471.66
2026-01-14 10:00:00+00:00,short,buy,95051.5,,37406692842406.56,-0.05,2471.61
2026-01-14 14:00:00+00:00,short,sell - direction_change,95051.5,94964.3,37422306299148.46,0.04,2471.65
2026-01-14 14:00:00+00:00,long,buy,94964.3,,37403595145998.88,-0.05,2471.6
2026-01-14 20:11:00+00:00,long,sell - take_profit,94964.3,97813.229,38507001202805.84,2.95,2474.55
2026-01-14 21:00:00+00:00,long,buy,97606.0,,38487747702204.44,-0.05,2474.5
2026-01-15 00:29:00+00:00,long,sell - stop_loss,97606.0,96629.94,38083626351331.29,-1.05,2473.45
2026-01-15 01:00:00+00:00,long,buy,96613.3,,38064584538155.62,-0.05,2473.4
2026-01-15 03:00:00+00:00,long,sell - direction_change,96613.3,96297.2,37921012299807.58,-0.38,2473.02
2026-01-15 03:00:00+00:00,short,buy,96297.2,,37902051793657.67,-0.05,2472.97
2026-01-15 09:00:00+00:00,short,sell - direction_change,96297.2,96596.1,37765455360821.44,-0.36,2472.61
2026-01-15 09:00:00+00:00,long,buy,96596.1,,37746572633141.03,-0.05,2472.56
2026-01-15 14:00:00+00:00,long,sell - direction_change,96596.1,96800.9,37807728437805.02,0.16,2472.72
2026-01-15 14:00:00+00:00,short,buy,96800.9,,37788824573586.11,-0.05,2472.67
2026-01-15 15:00:00+00:00,short,sell - direction_change,96800.9,96013.6,38077273807761.12,0.76,2473.43
2026-01-15 15:00:00+00:00,long,buy,96013.6,,38058235170857.24,-0.05,2473.38
2026-01-15 17:00:00+00:00,long,sell - direction_change,96013.6,96684.7,38305219218314.7,0.65,2474.03
2026-01-15 17:00:00+00:00,short,buy,96684.7,,38286066608705.54,-0.05,2473.98
2026-01-16 07:00:00+00:00,short,sell - direction_change,96684.7,95702.5,38655863858849.04,0.97,2474.95
2026-01-16 07:00:00+00:00,long,buy,95702.5,,38636535926919.62,-0.05,2474.9
2026-01-16 10:00:00+00:00,long,sell - direction_change,95702.5,95568.1,38562958361356.02,-0.19,2474.71
2026-01-16 10:00:00+00:00,short,buy,95568.1,,38543676882175.34,-0.05,2474.66
2026-01-16 20:00:00+00:00,short,sell - direction_change,95568.1,94961.0,38769255221096.46,0.59,2475.24
2026-01-16 20:00:00+00:00,long,buy,94961.0,,38749870593485.9,-0.05,2475.19
2026-01-17 06:00:00+00:00,long,sell - direction_change,94961.0,95270.4,38856749698917.72,0.28,2475.47
2026-01-17 06:00:00+00:00,short,buy,95270.4,,38837321324068.26,-0.05,2475.42
2026-01-17 11:00:00+00:00,short,sell - direction_change,95270.4,95076.7,38896865165300.54,0.15,2475.57
2026-01-17 11:00:00+00:00,long,buy,95076.7,,38877416732717.89,-0.05,2475.52
2026-01-17 12:00:00+00:00,long,sell - direction_change,95076.7,95283.8,38942662421320.99,0.17,2475.69
2026-01-17 12:00:00+00:00,short,buy,95283.8,,38923191090110.33,-0.05,2475.64
2026-01-17 13:00:00+00:00,short,sell - direction_change,95283.8,95212.7,38932773664576.4,0.02,2475.67
2026-01-17 13:00:00+00:00,long,buy,95212.7,,38913307277744.12,-0.05,2475.62
2026-01-17 21:00:00+00:00,long,sell - direction_change,95212.7,95332.9,38942976208557.58,0.08,2475.69
2026-01-17 21:00:00+00:00,short,buy,95332.9,,38923504720453.3,-0.05,2475.64
2026-01-18 09:00:00+00:00,short,sell - direction_change,95332.9,95150.0,38978719276202.56,0.14,2475.78
2026-01-18 09:00:00+00:00,long,buy,95150.0,,38959229916564.46,-0.05,2475.73
2026-01-18 12:00:00+00:00,long,sell - direction_change,95150.0,95133.3,38932912475651.3,-0.07,2475.67
2026-01-18 12:00:00+00:00,short,buy,95133.3,,38913446019413.47,-0.05,2475.62
2026-01-18 17:00:00+00:00,short,sell - direction_change,95133.3,95123.6,38897956996739.9,-0.04,2475.58
2026-01-18 17:00:00+00:00,long,buy,95123.6,,38878508018241.54,-0.05,2475.53
2026-01-18 23:00:00+00:00,long,sell - direction_change,95123.6,95442.9,38989571684750.82,0.29,2475.81
2026-01-18 23:00:00+00:00,short,buy,95442.9,,38970076898908.44,-0.05,2475.76
2026-01-19 00:02:00+00:00,short,sell - take_profit,95442.9,92579.613,40119694167426.24,2.95,2478.71
2026-01-19 01:00:00+00:00,short,buy,92658.2,,40099634320342.53,-0.05,2478.66
2026-01-19 11:00:00+00:00,short,sell - direction_change,92658.2,93021.2,39922489208235.08,-0.44,2478.22
2026-01-19 11:00:00+00:00,long,buy,93021.2,,39902527963630.96,-0.05,2478.17
2026-01-19 14:00:00+00:00,long,sell - direction_change,93021.2,92992.9,39870437084793.92,-0.08,2478.09
2026-01-19 14:00:00+00:00,short,buy,92992.9,,39850501866251.52,-0.05,2478.04
2026-01-19 15:00:00+00:00,short,sell - direction_change,92992.9,92779.8,39921896941361.54,0.18,2478.22
2026-01-19 15:00:00+00:00,long,buy,92779.8,,39901935992890.86,-0.05,2478.17
2026-01-19 18:00:00+00:00,long,sell - direction_change,92779.8,93195.1,40060593666191.86,0.4,2478.57
2026-01-19 18:00:00+00:00,short,buy,93195.1,,40040563369358.76,-0.05,2478.52
2026-01-19 19:00:00+00:00,short,sell - direction_change,93195.1,93023.0,40094484539057.98,0.13,2478.65
2026-01-19 19:00:00+00:00,long,buy,93023.0,,40074437296788.44,-0.05,2478.6
2026-01-19 21:00:00+00:00,long,sell - direction_change,93023.0,93107.5,40090802795226.99,0.04,2478.64
2026-01-19 21:00:00+00:00,short,buy,93107.5,,40070757393829.38,-0.05,2478.59
2026-01-20 14:49:00+00:00,short,sell - take_profit,93107.5,90314.275,41252844736947.34,2.95,2481.54
2026-01-20 15:00:00+00:00,short,buy,90496.6,,41232218314578.86,-0.05,2481.49
2026-01-21 03:00:00+00:00,short,sell - direction_change,90496.6,89015.0,41886651374726.06,1.59,2483.08
2026-01-21 03:00:00+00:00,long,buy,89015.0,,41865708049038.7,-0.05,2483.03
2026-01-21 11:00:00+00:00,long,sell - direction_change,89015.0,89200.8,41932161012634.94,0.16,2483.19
2026-01-21 11:00:00+00:00,short,buy,89200.8,,41911194932128.62,-0.05,2483.14
2026-01-21 14:00:00+00:00,short,sell - direction_change,89200.8,88631.1,42157914150951.57,0.59,2483.73
2026-01-21 14:00:00+00:00,long,buy,88631.1,,42136835193876.1,-0.05,2483.68
2026-01-21 16:00:00+00:00,long,sell - direction_change,88631.1,90237.2,42879335895977.36,1.76,2485.44
2026-01-21 16:00:00+00:00,short,buy,90237.2,,42857896228029.38,-0.05,2485.39
2026-01-21 17:13:00+00:00,short,sell - take_profit,90237.2,87530.08399999999,44122204166756.25,2.95,2488.34
2026-01-21 18:00:00+00:00,short,buy,87897.0,,44100143064672.88,-0.05,2488.29
2026-01-21 19:00:00+00:00,short,sell - direction_change,87897.0,88441.1,43805104292257.81,-0.67,2487.62
2026-01-21 19:00:00+00:00,long,buy,88441.1,,43783201740111.69,-0.05,2487.57
2026-01-22 13:00:00+00:00,long,sell - direction_change,88441.1,89985.7,44525971969632.44,1.7,2489.27
2026-01-22 13:00:00+00:00,short,buy,89985.7,,44503708983647.62,-0.05,2489.22
2026-01-23 00:00:00+00:00,short,sell - direction_change,89985.7,89518.4,44712566996702.08,0.47,2489.69
2026-01-23 00:00:00+00:00,long,buy,89518.4,,44690210713203.72,-0.05,2489.64
2026-01-23 05:00:00+00:00,long,sell - direction_change,89518.4,89922.6,44869654102394.36,0.4,2490.04
2026-01-23 05:00:00+00:00,short,buy,89922.6,,44847219275343.16,-0.05,2489.99
2026-01-23 07:00:00+00:00,short,sell - direction_change,89922.6,89475.0,45048027815884.02,0.45,2490.44
2026-01-23 07:00:00+00:00,long,buy,89475.0,,45025503801976.08,-0.05,2490.39
2026-01-23 08:00:00+00:00,long,sell - direction_change,89475.0,89497.3,45014212829731.8,-0.03,2490.36
2026-01-23 08:00:00+00:00,short,buy,89497.3,,44991705723316.94,-0.05,2490.31
2026-01-23 15:00:00+00:00,short,sell - direction_change,89497.3,88976.0,45231275610914.1,0.53,2490.84
2026-01-23 15:00:00+00:00,long,buy,88976.0,,45208659973108.64,-0.05,2490.79
2026-01-24 00:00:00+00:00,long,sell - direction_change,88976.0,89558.7,45482125214313.53,0.6,2491.4
2026-01-24 00:00:00+00:00,short,buy,89558.7,,45459384151706.38,-0.05,2491.35
2026-01-24 03:00:00+00:00,short,sell - direction_change,89558.7,89666.3,45382037434877.77,-0.17,2491.18
2026-01-24 03:00:00+00:00,long,buy,89666.3,,45359346416160.34,-0.05,2491.13
2026-01-24 05:00:00+00:00,long,sell - direction_change,89666.3,89806.8,45407741251117.2,0.11,2491.23
2026-01-24 05:00:00+00:00,short,buy,89806.8,,45385037380491.64,-0.05,2491.18
2026-01-24 08:00:00+00:00,short,sell - direction_change,89806.8,89581.3,45476304227120.06,0.2,2491.39
2026-01-24 08:00:00+00:00,long,buy,89581.3,,45453566075006.5,-0.05,2491.34
2026-01-24 09:00:00+00:00,long,sell - direction_change,89581.3,89635.3,45458238900682.54,0.01,2491.35
2026-01-24 09:00:00+00:00,short,buy,89635.3,,45435509781232.2,-0.05,2491.3
2026-01-25 13:00:00+00:00,short,sell - direction_change,89635.3,88752.0,45860530649292.16,0.94,2492.23
2026-01-25 13:00:00+00:00,long,buy,88752.0,,45837600383967.52,-0.05,2492.18
2026-01-25 14:00:00+00:00,long,sell - direction_change,88752.0,88875.1,45878258839581.22,0.09,2492.27
2026-01-25 14:00:00+00:00,short,buy,88875.1,,45855319710161.43,-0.05,2492.22
2026-01-25 19:53:00+00:00,short,sell - take_profit,88875.1,86208.84700000001,47208051641611.19,2.95,2495.17
2026-01-25 20:00:00+00:00,short,buy,86459.4,,47184447615790.38,-0.05,2495.12
2026-01-26 01:07:00+00:00,short,sell - stop_loss,86459.4,87323.99399999999,46689010915824.59,-1.05,2494.07
2026-01-26 02:00:00+00:00,short,buy,87661.7,,46665666410366.67,-0.05,2494.02
2026-01-26 04:00:00+00:00,short,sell - direction_change,87661.7,87233.1,46870493704371.92,0.44,2494.46
2026-01-26 04:00:00+00:00,long,buy,87233.1,,46847058457519.73,-0.05,2494.41
2026-01-26 15:00:00+00:00,long,sell - direction_change,87233.1,88137.0,47309059109476.23,0.99,2495.39
2026-01-26 15:00:00+00:00,short,buy,88137.0,,47285404579921.5,-0.05,2495.34
2026-01-26 17:00:00+00:00,short,sell - direction_change,88137.0,87579.5,47560860020900.61,0.58,2495.93
2026-01-26 17:00:00+00:00,long,buy,87579.5,,47537079590890.16,-0.05,2495.88
2026-01-27 09:00:00+00:00,long,sell - direction_change,87579.5,88137.6,47816240893348.62,0.59,2496.46
2026-01-27 09:00:00+00:00,short,buy,88137.6,,47792332772901.95,-0.05,2496.41
2026-01-27 16:00:00+00:00,short,sell - direction_change,88137.6,88000.1,47842995543408.2,0.11,2496.52
2026-01-27 16:00:00+00:00,long,buy,88000.1,,47819074045636.49,-0.05,2496.47
2026-01-27 17:00:00+00:00,long,sell - direction_change,88000.1,88604.9,48123811589501.09,0.64,2497.11
2026-01-27 17:00:00+00:00,short,buy,88604.9,,48099749683706.34,-0.05,2497.06
2026-01-27 18:00:00+00:00,short,sell - direction_change,88604.9,87510.3,48669910580546.23,1.19,2498.24
2026-01-27 18:00:00+00:00,long,buy,87510.3,,48645575625255.96,-0.05,2498.19
2026-01-28 12:12:00+00:00,long,sell - take_profit,87510.3,90135.60900000001,50080620106201.02,2.95,2501.14
2026-01-28 13:00:00+00:00,long,buy,89954.9,,50055579796147.91,-0.05,2501.09
2026-01-28 15:14:00+00:00,long,sell - stop_loss,89954.9,89055.351,49529996208288.36,-1.05,2500.04
2026-01-28 16:00:00+00:00,long,buy,89444.5,,49505231210184.22,-0.05,2499.99
2026-01-28 20:00:00+00:00,long,sell - direction_change,89444.5,89363.5,49435647177018.23,-0.14,2499.85
2026-01-28 20:00:00+00:00,short,buy,89363.5,,49410929353429.73,-0.05,2499.8
2026-01-29 15:00:00+00:00,short,sell - take_profit,89363.5,86682.595,50868551769355.91,2.95,2502.75
2026-01-29 16:00:00+00:00,short,buy,84897.9,,50843117493471.23,-0.05,2502.7
2026-01-30 01:39:00+00:00,short,sell - take_profit,84897.9,82350.96299999999,52342989459528.63,2.95,2505.65
2026-01-30 02:00:00+00:00,short,buy,82434.7,,52316817964798.87,-0.05,2505.6
2026-01-30 04:22:00+00:00,short,sell - stop_loss,82434.7,83259.04699999999,51767491376168.48,-1.05,2504.55
2026-01-30 05:00:00+00:00,short,buy,82906.5,,51741607630480.4,-0.05,2504.5
2026-01-30 11:00:00+00:00,short,sell - direction_change,82906.5,82793.2,51786446893361.18,0.09,2504.59
2026-01-30 11:00:00+00:00,long,buy,82793.2,,51760553669914.5,-0.05,2504.54
2026-01-30 18:22:00+00:00,long,sell - stop_loss,82793.2,81965.268,51217067856380.4,-1.05,2503.49
2026-01-30 19:00:00+00:00,long,buy,83897.3,,51191459322452.21,-0.05,2503.44
2026-01-31 07:00:00+00:00,long,sell - direction_change,83897.3,83739.1,51069334993362.73,-0.24,2503.2
2026-01-31 07:00:00+00:00,short,buy,83739.1,,51043800325866.05,-0.05,2503.15
2026-01-31 14:26:00+00:00,short,sell - take_profit,83739.1,81226.92700000001,52549592435479.1,2.95,2506.1
2026-01-31 15:00:00+00:00,short,buy,81452.5,,52523317639261.36,-0.05,2506.05
2026-01-31 17:11:00+00:00,short,sell - take_profit,81452.5,79008.925,54072755509619.57,2.95,2509.0
2026-01-31 18:00:00+00:00,short,buy,78857.0,,54045719131864.76,-0.05,2508.95
2026-01-31 18:43:00+00:00,short,sell - take_profit,78857.0,76491.29,55640067846254.77,2.95,2511.9
2026-01-31 19:00:00+00:00,short,buy,77996.8,,55612247812331.65,-0.05,2511.85
2026-01-31 23:22:00+00:00,short,sell - stop_loss,77996.8,78776.768,55028319210302.17,-1.05,2510.8
2026-02-01 00:00:00+00:00,short,buy,78706.7,,55000805050697.02,-0.05,2510.75
2026-02-01 04:00:00+00:00,short,sell - direction_change,78706.7,78826.3,54889727312518.38,-0.2,2510.55
2026-02-01 04:00:00+00:00,long,buy,78826.3,,54862282448862.12,-0.05,2510.5
2026-02-01 06:00:00+00:00,long,sell - direction_change,78826.3,78583.9,54666143436462.65,-0.36,2510.14
2026-02-01 06:00:00+00:00,short,buy,78583.9,,54638810364744.41,-0.05,2510.09
2026-02-01 07:00:00+00:00,short,sell - direction_change,78583.9,78263.0,54834610380283.66,0.36,2510.45
2026-02-01 07:00:00+00:00,long,buy,78263.0,,54807193075093.52,-0.05,2510.4
2026-02-01 10:00:00+00:00,long,sell - direction_change,78263.0,78996.9,55293736030538.53,0.89,2511.29
2026-02-01 10:00:00+00:00,short,buy,78996.9,,55266089162523.27,-0.05,2511.24
2026-02-01 11:00:00+00:00,short,sell - direction_change,78996.9,78240.0,55767981996642.48,0.91,2512.15
2026-02-01 11:00:00+00:00,long,buy,78240.0,,55740098005644.16,-0.05,2512.1
2026-02-01 12:00:00+00:00,long,sell - direction_change,78240.0,78712.1,56048563594019.46,0.55,2512.65
2026-02-01 12:00:00+00:00,short,buy,78712.1,,56020539312222.45,-0.05,2512.6
2026-02-01 21:56:00+00:00,short,sell - take_profit,78712.1,76350.73700000001,57673145221933.02,2.95,2515.55
2026-02-01 22:00:00+00:00,short,buy,76489.0,,57644308649322.05,-0.05,2515.5
2026-02-01 22:10:00+00:00,short,sell - stop_loss,76489.0,77253.89,57039043408504.16,-1.05,2514.45
2026-02-01 23:00:00+00:00,short,buy,77211.4,,57010523886799.91,-0.05,2514.4
2026-02-02 00:00:00+00:00,short,sell - direction_change,77211.4,76931.6,57188614342373.95,0.31,2514.71
2026-02-02 00:00:00+00:00,long,buy,76931.6,,57160020035202.77,-0.05,2514.66
2026-02-02 02:00:00+00:00,long,sell - direction_change,76931.6,77482.1,57540460389110.77,0.67,2515.33
2026-02-02 02:00:00+00:00,short,buy,77482.1,,57511690158916.22,-0.05,2515.28
2026-02-02 03:21:00+00:00,short,sell - take_profit,77482.1,75157.637,59208285018604.25,2.95,2518.23
2026-02-02 04:00:00+00:00,short,buy,76256.2,,59178680876094.95,-0.05,2518.18
2026-02-02 07:00:00+00:00,short,sell - direction_change,76256.2,76511.3,58951120990422.65,-0.38,2517.79
2026-02-02 07:00:00+00:00,long,buy,76511.3,,58921645429927.44,-0.05,2517.74
2026-02-02 14:40:00+00:00,long,sell - take_profit,76511.3,78806.63900000001,60659833970110.3,2.95,2520.69
2026-02-02 15:00:00+00:00,long,buy,77797.8,,60629504053125.25,-0.05,2520.64
2026-02-03 05:00:00+00:00,long,sell - direction_change,77797.8,78767.5,61354897432695.15,1.2,2521.84
2026-02-03 05:00:00+00:00,short,buy,78767.5,,61324219983978.8,-0.05,2521.79
2026-02-03 06:00:00+00:00,short,sell - direction_change,78767.5,78202.8,61733203502259.3,0.67,2522.46
2026-02-03 06:00:00+00:00,long,buy,78202.8,,61702336900508.16,-0.05,2522.41
2026-02-03 10:00:00+00:00,long,sell - direction_change,78202.8,78351.4,61788731754750.38,0.14,2522.55
2026-02-03 10:00:00+00:00,short,buy,78351.4,,61757837388873.01,-0.05,2522.5
2026-02-03 12:00:00+00:00,short,sell - direction_change,78351.4,78040.1,61972330151848.02,0.35,2522.84
2026-02-03 12:00:00+00:00,long,buy,78040.1,,61941343986772.09,-0.05,2522.79
2026-02-03 13:00:00+00:00,long,sell - direction_change,78040.1,78289.8,62108563137619.74,0.27,2523.06
2026-02-03 13:00:00+00:00,short,buy,78289.8,,62077508856050.93,-0.05,2523.01
2026-02-03 17:11:00+00:00,short,sell - take_profit,78289.8,75941.106,63908795367304.44,2.95,2525.96
2026-02-03 18:00:00+00:00,short,buy,74882.4,,63876840969620.79,-0.05,2525.91
2026-02-03 20:26:00+00:00,short,sell - stop_loss,74882.4,75631.224,63206134139439.77,-1.05,2524.86
2026-02-03 21:00:00+00:00,short,buy,76431.9,,63174531072370.05,-0.05,2524.81
2026-02-03 23:00:00+00:00,short,sell - direction_change,76431.9,75672.5,63770623334574.99,0.94,2525.76
2026-02-03 23:00:00+00:00,long,buy,75672.5,,63738738022907.7,-0.05,2525.71
2026-02-04 00:00:00+00:00,long,sell - direction_change,75672.5,75732.4,63757322258674.36,0.03,2525.74
2026-02-04 00:00:00+00:00,short,buy,75732.4,,63725443597545.02,-0.05,2525.69
2026-02-04 01:00:00+00:00,short,sell - direction_change,75732.4,75871.0,63576955145112.86,-0.23,2525.45
2026-02-04 01:00:00+00:00,long,buy,75871.0,,63545166667540.3,-0.05,2525.4
2026-02-04 02:00:00+00:00,long,sell - direction_change,75871.0,76392.1,63949837341188.2,0.64,2526.04
2026-02-04 02:00:00+00:00,short,buy,76392.1,,63917862422517.6,-0.05,2525.99
2026-02-04 03:00:00+00:00,short,sell - direction_change,76392.1,75926.9,64275139938516.93,0.56,2526.55
2026-02-04 03:00:00+00:00,long,buy,75926.9,,64243002368547.67,-0.05,2526.5
2026-02-04 13:00:00+00:00,long,sell - direction_change,75926.9,76160.0,64408110621931.4,0.26,2526.76
2026-02-04 13:00:00+00:00,short,buy,76160.0,,64375906566620.43,-0.05,2526.71
2026-02-04 15:02:00+00:00,short,sell - take_profit,76160.0,73875.2,66274995810335.73,2.95,2529.66
2026-02-04 16:00:00+00:00,short,buy,74107.0,,66241858312430.57,-0.05,2529.61
2026-02-04 22:06:00+00:00,short,sell - take_profit,74107.0,71883.79,68195993132647.28,2.95,2532.56
2026-02-04 23:00:00+00:00,short,buy,72511.0,,68161895136080.96,-0.05,2532.51
2026-02-04 23:17:00+00:00,short,sell - stop_loss,72511.0,73236.11,67446195237152.11,-1.05,2531.46
2026-02-05 00:00:00+00:00,short,buy,73137.5,,67412472139533.53,-0.05,2531.41
2026-02-05 04:06:00+00:00,short,sell - take_profit,73137.5,70943.375,69401140067649.77,2.95,2534.36
2026-02-05 05:00:00+00:00,short,buy,70863.9,,69366439497615.95,-0.05,2534.31
2026-02-05 07:02:00+00:00,short,sell - stop_loss,70863.9,71572.53899999999,68638091882890.98,-1.05,2533.26
2026-02-05 08:00:00+00:00,short,buy,70716.1,,68603772836949.54,-0.05,2533.21
2026-02-05 08:26:00+00:00,short,sell - stop_loss,70716.1,71423.26100000001,67883433222161.56,-1.05,2532.16
2026-02-05 09:00:00+00:00,short,buy,71020.9,,67849491505550.48,-0.05,2532.11
2026-02-05 09:08:00+00:00,short,sell - stop_loss,71020.9,71731.109,67137071844742.2,-1.05,2531.06
2026-02-05 10:00:00+00:00,short,buy,71531.6,,67103503308819.83,-0.05,2531.01
2026-02-05 12:19:00+00:00,short,sell - take_profit,71531.6,69385.652,69083056656430.02,2.95,2533.96
2026-02-05 13:00:00+00:00,short,buy,69532.9,,69048515128101.8,-0.05,2533.91
2026-02-05 14:02:00+00:00,short,sell - stop_loss,69532.9,70228.22899999999,68323505719256.73,-1.05,2532.86
2026-02-05 15:00:00+00:00,short,buy,69365.4,,68289343966397.1,-0.05,2532.81
2026-02-05 15:23:00+00:00,short,sell - take_profit,69365.4,67284.438,70303879613405.81,2.95,2535.76
2026-02-05 16:00:00+00:00,short,buy,67452.0,,70268727673599.11,-0.05,2535.71
2026-02-05 16:24:00+00:00,short,sell - stop_loss,67452.0,68126.52,69530906033026.31,-1.05,2534.66
2026-02-05 17:00:00+00:00,short,buy,68262.7,,69496140580009.8,-0.05,2534.61
2026-02-05 17:57:00+00:00,short,sell - take_profit,68262.7,66214.81899999999,71546276727120.1,2.95,2537.56
2026-02-05 18:00:00+00:00,short,buy,66153.8,,71510503588756.53,-0.05,2537.51
2026-02-05 20:17:00+00:00,short,sell - take_profit,66153.8,64169.186,73620063444624.84,2.95,2540.46
2026-02-05 21:00:00+00:00,short,buy,63750.9,,73583253412902.53,-0.05,2540.41
2026-02-05 21:00:00+00:00,short,sell - stop_loss,63750.9,64388.409,72810629252067.06,-1.05,2539.36
2026-02-05 22:00:00+00:00,short,buy,63188.8,,72774223937441.03,-0.05,2539.31
2026-02-05 22:28:00+00:00,short,sell - stop_loss,63188.8,63820.688,72010094586097.9,-1.05,2538.26
2026-02-05 23:00:00+00:00,short,buy,63878.7,,71974089538804.86,-0.05,2538.21
2026-02-05 23:04:00+00:00,short,sell - stop_loss,63878.7,64517.487,71218361598647.4,-1.05,2537.16
2026-02-06 00:00:00+00:00,short,buy,62868.1,,71182752417848.08,-0.05,2537.11
2026-02-06 00:10:00+00:00,short,sell - take_profit,62868.1,60982.05699999999,73282643614174.61,2.95,2540.06
2026-02-06 01:00:00+00:00,long,buy,63460.4,,73246002292367.52,-0.05,2540.01
2026-02-06 01:48:00+00:00,long,sell - take_profit,63460.4,65364.21200000001,75406759359992.36,2.95,2542.96
2026-02-06 02:00:00+00:00,long,buy,65666.0,,75369055980312.36,-0.05,2542.91
2026-02-06 02:11:00+00:00,long,sell - stop_loss,65666.0,65009.34,74577680892519.08,-1.05,2541.86
2026-02-06 03:00:00+00:00,short,buy,64955.6,,74540392052072.81,-0.05,2541.81
2026-02-06 05:00:00+00:00,short,sell - direction_change,64955.6,64865.1,74606975957628.67,0.09,2541.89
2026-02-06 05:00:00+00:00,long,buy,64865.1,,74569672469649.86,-0.05,2541.84
2026-02-06 13:04:00+00:00,long,sell - take_profit,64865.1,66811.053,76769477807504.53,2.95,2544.79
2026-02-06 14:00:00+00:00,long,buy,67274.9,,76731093068600.78,-0.05,2544.74
2026-02-06 14:21:00+00:00,long,sell - stop_loss,67274.9,66602.151,75925416591380.48,-1.05,2543.69
2026-02-06 15:00:00+00:00,long,buy,68149.1,,75887453883084.8,-0.05,2543.64
2026-02-06 17:10:00+00:00,long,sell - take_profit,68149.1,70193.573,78126133772635.8,2.95,2546.59
2026-02-06 18:00:00+00:00,long,buy,70707.3,,78087070705749.48,-0.05,2546.54
2026-02-06 18:07:00+00:00,long,sell - stop_loss,70707.3,70000.227,77267156463339.11,-1.05,2545.49
2026-02-06 19:00:00+00:00,long,buy,69728.7,,77228522885107.44,-0.05,2545.44
2026-02-07 06:00:00+00:00,long,sell - direction_change,69728.7,70124.6,77628390514338.52,0.52,2545.96
2026-02-07 06:00:00+00:00,short,buy,70124.6,,77589576319081.34,-0.05,2545.91
2026-02-07 07:14:00+00:00,short,sell - take_profit,70124.6,68020.86200000001,79878468820494.23,2.95,2548.86
2026-02-07 08:00:00+00:00,short,buy,68050.5,,79838529586083.98,-0.05,2548.81
2026-02-07 08:31:00+00:00,short,sell - stop_loss,68050.5,68731.005,79000225025430.1,-1.05,2547.76
2026-02-07 09:00:00+00:00,short,buy,68458.6,,78960724912917.38,-0.05,2547.71
2026-02-07 12:15:00+00:00,short,sell - stop_loss,68458.6,69143.186,78131637301331.75,-1.05,2546.66
2026-02-07 13:00:00+00:00,short,buy,68988.7,,78092571482681.08,-0.05,2546.61
2026-02-07 15:33:00+00:00,short,sell - stop_loss,68988.7,69678.587,77272599482112.92,-1.05,2545.56
2026-02-07 16:00:00+00:00,short,buy,69122.1,,77233963182371.86,-0.05,2545.51
2026-02-07 16:05:00+00:00,short,sell - stop_loss,69122.1,69813.32100000001,76423006568956.95,-1.05,2544.46
2026-02-07 17:00:00+00:00,short,buy,68924.4,,76384795065672.47,-0.05,2544.41
2026-02-07 18:00:00+00:00,short,sell - direction_change,68924.4,69154.2,76091929056093.8,-0.38,2544.03
2026-02-07 18:00:00+00:00,long,buy,69154.2,,76053883091565.75,-0.05,2543.98
2026-02-08 00:00:00+00:00,long,sell - direction_change,69154.2,69254.3,76125943371005.33,0.09,2544.07
2026-02-08 00:00:00+00:00,short,buy,69254.3,,76087880399319.83,-0.05,2544.02
2026-02-08 01:00:00+00:00,short,sell - direction_change,69254.3,69100.3,76219032214206.78,0.17,2544.2
2026-02-08 01:00:00+00:00,long,buy,69100.3,,76180922698099.67,-0.05,2544.15
2026-02-08 03:00:00+00:00,long,sell - direction_change,69100.3,69335.7,76402353385039.88,0.29,2544.44
2026-02-08 03:00:00+00:00,short,buy,69335.7,,76364152208347.36,-0.05,2544.39
2026-02-08 04:00:00+00:00,short,sell - direction_change,69335.7,69064.7,76624440981292.98,0.34,2544.73
2026-02-08 04:00:00+00:00,long,buy,69064.7,,76586128760802.34,-0.05,2544.68
2026-02-08 05:00:00+00:00,long,sell - direction_change,69064.7,69303.4,76812531104281.58,0.3,2544.97
2026-02-08 05:00:00+00:00,short,buy,69303.4,,76774124838729.44,-0.05,2544.92
2026-02-08 06:00:00+00:00,short,sell - direction_change,69303.4,69190.8,76860475761125.25,0.11,2545.04
2026-02-08 06:00:00+00:00,long,buy,69190.8,,76822045523244.69,-0.05,2544.99
2026-02-08 12:57:00+00:00,long,sell - take_profit,69190.8,71266.524,79088295866180.4,2.95,2547.94
2026-02-08 13:00:00+00:00,long,buy,71203.4,,79048751718247.31,-0.05,2547.89
2026-02-08 16:49:00+00:00,long,sell - stop_loss,71203.4,70491.366,78218739825205.72,-1.05,2546.84
2026-02-08 17:00:00+00:00,long,buy,70388.6,,78179630455293.11,-0.05,2546.79
2026-02-08 23:00:00+00:00,long,sell - direction_change,70388.6,71036.2,78859820874121.08,0.87,2547.66
2026-02-08 23:00:00+00:00,short,buy,71036.2,,78820390963684.02,-0.05,2547.61
2026-02-08 23:05:00+00:00,short,sell - stop_loss,71036.2,71746.56199999999,77992776858565.34,-1.05,2546.56
2026-02-09 00:00:00+00:00,short,buy,70288.2,,77953780470136.06,-0.05,2546.51
2026-02-09 02:47:00+00:00,short,sell - end_of_backtest,70288.2,70792.1,77355948608811.94,-0.77,2545.74
