datetime,predicted_direction,action,buy_price,sell_price,balance,pnl,pnl_sum
2023-01-04 11:00:00+00:00,long,buy,16837.9,,999.5,-0.05,-0.05
2023-01-04 19:00:00+00:00,long,sell - direction_change,16837.9,16941.9,1005.17,0.57,0.52
2023-01-04 19:00:00+00:00,short,buy,16941.9,,1004.67,-0.05,0.47
2023-01-04 23:00:00+00:00,short,sell - direction_change,16941.9,16818.7,1011.47,0.68,1.14
2023-01-04 23:00:00+00:00,long,buy,16818.7,,1010.97,-0.05,1.09
2023-01-05 00:00:00+00:00,long,sell - direction_change,16818.7,16842.2,1011.88,0.09,1.18
2023-01-05 00:00:00+00:00,short,buy,16842.2,,1011.37,-0.05,1.13
2023-01-05 11:00:00+00:00,short,sell - direction_change,16842.2,16816.4,1012.41,0.1,1.24
2023-01-05 11:00:00+00:00,long,buy,16816.4,,1011.91,-0.05,1.19
2023-01-05 12:00:00+00:00,long,sell - direction_change,16816.4,16827.0,1012.04,0.01,1.2
2023-01-05 12:00:00+00:00,short,buy,16827.0,,1011.53,-0.05,1.15
2023-01-05 15:00:00+00:00,short,sell - direction_change,16827.0,16822.6,1011.29,-0.02,1.13
2023-01-05 15:00:00+00:00,long,buy,16822.6,,1010.79,-0.05,1.08
2023-01-05 17:00:00+00:00,long,sell - direction_change,16822.6,16833.0,1010.91,0.01,1.09
2023-01-05 17:00:00+00:00,short,buy,16833.0,,1010.4,-0.05,1.04
2023-01-05 18:00:00+00:00,short,sell - direction_change,16833.0,16806.8,1011.47,0.11,1.14
2023-01-05 18:00:00+00:00,long,buy,16806.8,,1010.96,-0.05,1.09
2023-01-06 01:00:00+00:00,long,sell - direction_change,16806.8,16852.1,1013.18,0.22,1.31
2023-01-06 01:00:00+00:00,short,buy,16852.1,,1012.68,-0.05,1.26
2023-01-06 02:00:00+00:00,short,sell - direction_change,16852.1,16818.1,1014.21,0.15,1.42
2023-01-06 02:00:00+00:00,long,buy,16818.1,,1013.7,-0.05,1.37
2023-01-06 04:00:00+00:00,long,sell - direction_change,16818.1,16825.0,1013.61,-0.01,1.36
2023-01-06 04:00:00+00:00,short,buy,16825.0,,1013.11,-0.05,1.31
2023-01-06 15:00:00+00:00,short,sell - direction_change,16825.0,16743.0,1017.54,0.44,1.74
2023-01-06 15:00:00+00:00,long,buy,16743.0,,1017.03,-0.05,1.69
2023-01-07 08:00:00+00:00,long,sell - direction_change,16743.0,16939.8,1028.47,1.13,2.82
2023-01-07 08:00:00+00:00,short,buy,16939.8,,1027.96,-0.05,2.77
2023-01-07 14:00:00+00:00,short,sell - direction_change,16939.8,16911.9,1029.14,0.11,2.88
2023-01-07 14:00:00+00:00,long,buy,16911.9,,1028.63,-0.05,2.83
2023-01-07 16:00:00+00:00,long,sell - direction_change,16911.9,16934.5,1029.49,0.08,2.92
2023-01-07 16:00:00+00:00,short,buy,16934.5,,1028.97,-0.05,2.87
2023-01-07 18:00:00+00:00,short,sell - direction_change,16934.5,16923.2,1029.14,0.02,2.88
2023-01-07 18:00:00+00:00,long,buy,16923.2,,1028.63,-0.05,2.83
2023-01-08 00:00:00+00:00,long,sell - direction_change,16923.2,16936.5,1028.92,0.03,2.86
2023-01-08 00:00:00+00:00,short,buy,16936.5,,1028.41,-0.05,2.81
2023-01-08 02:00:00+00:00,short,sell - direction_change,16936.5,16924.9,1028.6,0.02,2.83
2023-01-08 02:00:00+00:00,long,buy,16924.9,,1028.08,-0.05,2.78
2023-01-08 04:00:00+00:00,long,sell - direction_change,16924.9,16938.9,1028.42,0.03,2.81
2023-01-08 04:00:00+00:00,short,buy,16938.9,,1027.91,-0.05,2.76
2023-01-08 05:00:00+00:00,short,sell - direction_change,16938.9,16930.8,1027.88,-0.0,2.76
2023-01-08 05:00:00+00:00,long,buy,16930.8,,1027.37,-0.05,2.71
2023-01-08 09:00:00+00:00,long,sell - direction_change,16930.8,16938.8,1027.34,-0.0,2.71
2023-01-08 09:00:00+00:00,short,buy,16938.8,,1026.83,-0.05,2.66
2023-01-08 10:00:00+00:00,short,sell - direction_change,16938.8,16927.4,1027.01,0.02,2.68
2023-01-08 10:00:00+00:00,long,buy,16927.4,,1026.49,-0.05,2.63
2023-01-08 11:00:00+00:00,long,sell - direction_change,16927.4,16930.8,1026.18,-0.03,2.6
2023-01-08 11:00:00+00:00,short,buy,16930.8,,1025.67,-0.05,2.55
2023-01-08 14:00:00+00:00,short,sell - direction_change,16930.8,16924.1,1025.56,-0.01,2.54
2023-01-08 14:00:00+00:00,long,buy,16924.1,,1025.05,-0.05,2.49
2023-01-08 16:00:00+00:00,long,sell - direction_change,16924.1,16990.9,1028.59,0.34,2.83
2023-01-08 16:00:00+00:00,short,buy,16990.9,,1028.07,-0.05,2.78
2023-01-08 20:00:00+00:00,short,sell - direction_change,16990.9,16920.3,1031.83,0.37,3.15
2023-01-08 20:00:00+00:00,long,buy,16920.3,,1031.31,-0.05,3.1
2023-01-09 20:00:00+00:00,long,sell - direction_change,16920.3,17285.6,1053.06,2.11,5.21
2023-01-09 20:00:00+00:00,short,buy,17285.6,,1052.54,-0.05,5.16
2023-01-10 08:00:00+00:00,short,sell - direction_change,17285.6,17194.6,1057.55,0.48,5.63
2023-01-10 08:00:00+00:00,long,buy,17194.6,,1057.02,-0.05,5.58
2023-01-10 12:00:00+00:00,long,sell - direction_change,17194.6,17244.3,1059.55,0.24,5.82
2023-01-10 12:00:00+00:00,short,buy,17244.3,,1059.02,-0.05,5.77
2023-01-10 13:00:00+00:00,short,sell - direction_change,17244.3,17216.2,1060.22,0.11,5.88
2023-01-10 13:00:00+00:00,long,buy,17216.2,,1059.69,-0.05,5.83
2023-01-11 04:00:00+00:00,long,sell - direction_change,17216.2,17407.7,1070.94,1.06,6.9
2023-01-11 04:00:00+00:00,short,buy,17407.7,,1070.41,-0.05,6.85
2023-01-11 06:00:00+00:00,short,sell - direction_change,17407.7,17398.7,1070.43,0.0,6.85
2023-01-11 06:00:00+00:00,long,buy,17398.7,,1069.89,-0.05,6.8
2023-01-11 10:00:00+00:00,long,sell - direction_change,17398.7,17436.9,1071.7,0.17,6.97
2023-01-11 10:00:00+00:00,short,buy,17436.9,,1071.17,-0.05,6.92
2023-01-11 11:00:00+00:00,short,sell - direction_change,17436.9,17431.6,1070.96,-0.02,6.9
2023-01-11 11:00:00+00:00,long,buy,17431.6,,1070.42,-0.05,6.85
2023-01-11 13:00:00+00:00,long,sell - direction_change,17431.6,17408.6,1068.48,-0.18,6.67
2023-01-11 13:00:00+00:00,short,buy,17408.6,,1067.94,-0.05,6.62
2023-01-11 14:00:00+00:00,short,sell - direction_change,17408.6,17404.7,1067.65,-0.03,6.59
2023-01-11 14:00:00+00:00,long,buy,17404.7,,1067.11,-0.05,6.54
2023-01-11 15:00:00+00:00,long,sell - direction_change,17404.7,17406.0,1066.66,-0.04,6.5
2023-01-11 15:00:00+00:00,short,buy,17406.0,,1066.13,-0.05,6.45
2023-01-11 18:00:00+00:00,short,sell - direction_change,17406.0,17373.4,1067.59,0.14,6.58
2023-01-11 18:00:00+00:00,long,buy,17373.4,,1067.06,-0.05,6.53
2023-01-11 23:33:00+00:00,long,sell - take_profit,17373.4,17894.602000000003,1098.53,2.95,9.48
2023-01-12 00:00:00+00:00,long,buy,17935.6,,1097.98,-0.05,9.43
2023-01-12 14:00:00+00:00,long,sell - direction_change,17935.6,18277.7,1118.38,1.86,11.29
2023-01-12 14:00:00+00:00,short,buy,18277.7,,1117.82,-0.05,11.24
2023-01-12 17:00:00+00:00,short,sell - direction_change,18277.7,18128.4,1126.39,0.77,12.01
2023-01-12 17:00:00+00:00,long,buy,18128.4,,1125.83,-0.05,11.96
2023-01-12 17:37:00+00:00,long,sell - take_profit,18128.4,18672.252,1159.04,2.95,14.91
2023-01-12 18:00:00+00:00,long,buy,18840.0,,1158.46,-0.05,14.86
2023-01-12 18:29:00+00:00,long,sell - stop_loss,18840.0,18651.6,1146.3,-1.05,13.81
2023-01-12 19:00:00+00:00,long,buy,18790.1,,1145.72,-0.05,13.76
2023-01-13 07:00:00+00:00,long,sell - direction_change,18790.1,18844.1,1148.44,0.24,13.99
2023-01-13 07:00:00+00:00,short,buy,18844.1,,1147.87,-0.05,13.94
2023-01-13 09:00:00+00:00,short,sell - direction_change,18844.1,18834.8,1147.86,-0.0,13.94
2023-01-13 09:00:00+00:00,long,buy,18834.8,,1147.29,-0.05,13.89
2023-01-13 13:00:00+00:00,long,sell - direction_change,18834.8,18855.1,1147.95,0.06,13.95
2023-01-13 13:00:00+00:00,short,buy,18855.1,,1147.38,-0.05,13.9
2023-01-13 14:00:00+00:00,short,sell - direction_change,18855.1,18845.8,1147.37,-0.0,13.9
2023-01-13 14:00:00+00:00,long,buy,18845.8,,1146.79,-0.05,13.85
2023-01-13 20:17:00+00:00,long,sell - take_profit,18845.8,19411.174,1180.62,2.95,16.8
2023-01-13 21:00:00+00:00,long,buy,19464.0,,1180.03,-0.05,16.75
2023-01-14 00:06:00+00:00,long,sell - take_profit,19464.0,20047.920000000002,1214.85,2.95,19.7
2023-01-14 01:00:00+00:00,long,buy,20901.8,,1214.24,-0.05,19.65
2023-01-14 09:17:00+00:00,long,sell - stop_loss,20901.8,20692.782,1201.49,-1.05,18.6
2023-01-14 10:00:00+00:00,short,buy,20542.4,,1200.89,-0.05,18.55
2023-01-14 11:00:00+00:00,short,sell - direction_change,20542.4,20513.8,1201.96,0.09,18.64
2023-01-14 11:00:00+00:00,long,buy,20513.8,,1201.36,-0.05,18.59
2023-01-14 14:00:00+00:00,long,sell - direction_change,20513.8,20945.9,1226.06,2.06,20.65
2023-01-14 14:00:00+00:00,short,buy,20945.9,,1225.45,-0.05,20.6
2023-01-14 14:33:00+00:00,short,sell - stop_loss,20945.9,21155.359,1212.58,-1.05,19.55
2023-01-14 15:00:00+00:00,short,buy,20841.9,,1211.98,-0.05,19.5
2023-01-14 16:00:00+00:00,short,sell - direction_change,20841.9,20796.9,1213.99,0.17,19.66
2023-01-14 16:00:00+00:00,long,buy,20796.9,,1213.38,-0.05,19.61
2023-01-14 17:00:00+00:00,long,sell - direction_change,20796.9,20822.3,1214.26,0.07,19.68
2023-01-14 17:00:00+00:00,short,buy,20822.3,,1213.65,-0.05,19.63
2023-01-14 18:00:00+00:00,short,sell - direction_change,20822.3,20766.0,1216.32,0.22,19.86
2023-01-14 18:00:00+00:00,long,buy,20766.0,,1215.71,-0.05,19.81
2023-01-15 00:00:00+00:00,long,sell - direction_change,20766.0,20962.8,1226.63,0.9,20.7
2023-01-15 00:00:00+00:00,short,buy,20962.8,,1226.02,-0.05,20.65
2023-01-15 14:00:00+00:00,short,sell - direction_change,20962.8,20719.4,1239.64,1.11,21.76
2023-01-15 14:00:00+00:00,long,buy,20719.4,,1239.02,-0.05,21.71
2023-01-16 01:16:00+00:00,long,sell - take_profit,20719.4,21340.982000000004,1275.57,2.95,24.66
2023-01-16 02:00:00+00:00,long,buy,21193.0,,1274.93,-0.05,24.61
2023-01-16 08:00:00+00:00,long,sell - direction_change,21193.0,21116.0,1269.66,-0.41,24.2
2023-01-16 08:00:00+00:00,short,buy,21116.0,,1269.03,-0.05,24.15
2023-01-16 16:00:00+00:00,short,sell - direction_change,21116.0,21000.6,1275.33,0.5,24.65
2023-01-16 16:00:00+00:00,long,buy,21000.6,,1274.69,-0.05,24.6
2023-01-17 05:00:00+00:00,long,sell - direction_change,21000.6,21160.1,1283.73,0.71,25.31
2023-01-17 05:00:00+00:00,short,buy,21160.1,,1283.09,-0.05,25.26
2023-01-17 08:00:00+00:00,short,sell - direction_change,21160.1,21134.8,1283.98,0.07,25.33
2023-01-17 08:00:00+00:00,long,buy,21134.8,,1283.34,-0.05,25.28
2023-01-17 22:00:00+00:00,long,sell - direction_change,21134.8,21307.7,1293.2,0.77,26.04
2023-01-17 22:00:00+00:00,short,buy,21307.7,,1292.55,-0.05,25.99
2023-01-18 00:00:00+00:00,short,sell - direction_change,21307.7,21130.8,1302.64,0.78,26.77
2023-01-18 00:00:00+00:00,long,buy,21130.8,,1301.99,-0.05,26.72
2023-01-18 06:00:00+00:00,long,sell - direction_change,21130.8,21307.5,1312.22,0.79,27.51
2023-01-18 06:00:00+00:00,short,buy,21307.5,,1311.57,-0.05,27.46
2023-01-18 07:00:00+00:00,short,sell - direction_change,21307.5,21257.1,1314.01,0.19,27.65
2023-01-18 07:00:00+00:00,long,buy,21257.1,,1313.36,-0.05,27.6
2023-01-18 09:00:00+00:00,long,sell - direction_change,21257.1,21246.0,1312.01,-0.1,27.5
2023-01-18 09:00:00+00:00,short,buy,21246.0,,1311.36,-0.05,27.45
2023-01-18 12:00:00+00:00,short,sell - direction_change,21246.0,21201.7,1313.44,0.16,27.6
2023-01-18 12:00:00+00:00,long,buy,21201.7,,1312.78,-0.05,27.55
2023-01-18 15:00:00+00:00,long,sell - direction_change,21201.7,21419.9,1325.63,0.98,28.53
2023-01-18 15:00:00+00:00,short,buy,21419.9,,1324.97,-0.05,28.48
2023-01-18 16:20:00+00:00,short,sell - take_profit,21419.9,20777.303,1364.06,2.95,31.43
2023-01-18 17:00:00+00:00,short,buy,20851.2,,1363.38,-0.05,31.38
2023-01-18 17:13:00+00:00,short,sell - stop_loss,20851.2,21059.712,1349.06,-1.05,30.33
2023-01-18 18:00:00+00:00,short,buy,20889.5,,1348.39,-0.05,30.28
2023-01-19 05:00:00+00:00,short,sell - direction_change,20889.5,20812.5,1352.68,0.32,30.6
2023-01-19 05:00:00+00:00,long,buy,20812.5,,1352.01,-0.05,30.55
2023-01-19 08:00:00+00:00,long,sell - direction_change,20812.5,20818.2,1351.7,-0.02,30.53
2023-01-19 08:00:00+00:00,short,buy,20818.2,,1351.02,-0.05,30.48
2023-01-19 09:00:00+00:00,short,sell - direction_change,20818.2,20770.0,1353.48,0.18,30.66
2023-01-19 09:00:00+00:00,long,buy,20770.0,,1352.8,-0.05,30.61
2023-01-19 11:00:00+00:00,long,sell - direction_change,20770.0,20797.6,1353.92,0.08,30.69
2023-01-19 11:00:00+00:00,short,buy,20797.6,,1353.24,-0.05,30.64
2023-01-19 13:00:00+00:00,short,sell - direction_change,20797.6,20728.1,1357.09,0.28,30.93
2023-01-19 13:00:00+00:00,long,buy,20728.1,,1356.41,-0.05,30.88
2023-01-20 05:00:00+00:00,long,sell - direction_change,20728.1,20990.5,1372.9,1.22,32.09
2023-01-20 05:00:00+00:00,short,buy,20990.5,,1372.22,-0.05,32.04
2023-01-20 07:00:00+00:00,short,sell - direction_change,20990.5,20939.1,1374.89,0.19,32.24
2023-01-20 07:00:00+00:00,long,buy,20939.1,,1374.2,-0.05,32.19
2023-01-20 08:00:00+00:00,long,sell - direction_change,20939.1,20954.1,1374.5,0.02,32.21
2023-01-20 08:00:00+00:00,short,buy,20954.1,,1373.81,-0.05,32.16
2023-01-20 12:00:00+00:00,short,sell - direction_change,20954.1,20957.5,1372.9,-0.07,32.09
2023-01-20 12:00:00+00:00,long,buy,20957.5,,1372.22,-0.05,32.04
2023-01-20 20:01:00+00:00,long,sell - take_profit,20957.5,21586.225000000002,1412.7,2.95,34.99
2023-01-20 21:00:00+00:00,long,buy,22287.2,,1411.99,-0.05,34.94
2023-01-21 09:42:00+00:00,long,sell - take_profit,22287.2,22955.816000000003,1453.65,2.95,37.89
2023-01-21 10:00:00+00:00,long,buy,23027.6,,1452.92,-0.05,37.84
2023-01-21 10:26:00+00:00,long,sell - stop_loss,23027.6,22797.323999999997,1437.66,-1.05,36.79
2023-01-21 11:00:00+00:00,long,buy,22776.8,,1436.94,-0.05,36.74
2023-01-21 22:00:00+00:00,long,sell - direction_change,22776.8,23198.7,1462.84,1.8,38.55
2023-01-21 22:00:00+00:00,short,buy,23198.7,,1462.11,-0.05,38.5
2023-01-22 08:00:00+00:00,short,sell - direction_change,23198.7,22893.2,1480.63,1.27,39.76
2023-01-22 08:00:00+00:00,long,buy,22893.2,,1479.89,-0.05,39.71
2023-01-22 09:00:00+00:00,long,sell - direction_change,22893.2,22911.7,1480.35,0.03,39.74
2023-01-22 09:00:00+00:00,short,buy,22911.7,,1479.61,-0.05,39.69
2023-01-22 12:00:00+00:00,short,sell - direction_change,22911.7,22785.6,1487.01,0.5,40.19
2023-01-22 12:00:00+00:00,long,buy,22785.6,,1486.27,-0.05,40.14
2023-01-22 15:00:00+00:00,long,sell - direction_change,22785.6,22993.2,1499.07,0.86,41.01
2023-01-22 15:00:00+00:00,short,buy,22993.2,,1498.32,-0.05,40.96
2023-01-22 17:00:00+00:00,short,sell - direction_change,22993.2,22814.5,1509.21,0.73,41.68
2023-01-22 17:00:00+00:00,long,buy,22814.5,,1508.46,-0.05,41.63
2023-01-22 18:00:00+00:00,long,sell - direction_change,22814.5,22924.4,1514.97,0.43,42.06
2023-01-22 18:00:00+00:00,short,buy,22924.4,,1514.21,-0.05,42.01
2023-01-23 04:00:00+00:00,short,sell - direction_change,22924.4,22657.6,1531.08,1.11,43.13
2023-01-23 04:00:00+00:00,long,buy,22657.6,,1530.31,-0.05,43.08
2023-01-23 07:00:00+00:00,long,sell - direction_change,22657.6,22773.4,1537.37,0.46,43.54
2023-01-23 07:00:00+00:00,short,buy,22773.4,,1536.6,-0.05,43.49
2023-01-23 08:00:00+00:00,short,sell - direction_change,22773.4,22692.4,1541.3,0.31,43.79
2023-01-23 08:00:00+00:00,long,buy,22692.4,,1540.53,-0.05,43.74
2023-01-23 14:00:00+00:00,long,sell - direction_change,22692.4,22797.1,1546.87,0.41,44.16
2023-01-23 14:00:00+00:00,short,buy,22797.1,,1546.09,-0.05,44.11
2023-01-23 14:51:00+00:00,short,sell - stop_loss,22797.1,23025.071,1529.86,-1.05,43.06
2023-01-23 15:00:00+00:00,long,buy,22635.8,,1529.09,-0.05,43.01
2023-01-24 09:00:00+00:00,long,sell - direction_change,22635.8,23047.0,1556.11,1.77,44.77
2023-01-24 09:00:00+00:00,short,buy,23047.0,,1555.33,-0.05,44.72
2023-01-24 15:00:00+00:00,short,sell - direction_change,23047.0,22854.0,1567.57,0.79,45.51
2023-01-24 15:00:00+00:00,long,buy,22854.0,,1566.79,-0.05,45.46
2023-01-24 16:00:00+00:00,long,sell - direction_change,22854.0,22924.0,1570.81,0.26,45.72
2023-01-24 16:00:00+00:00,short,buy,22924.0,,1570.02,-0.05,45.67
2023-01-24 18:00:00+00:00,short,sell - direction_change,22924.0,22906.0,1570.47,0.03,45.69
2023-01-24 18:00:00+00:00,long,buy,22906.0,,1569.68,-0.05,45.64
2023-01-24 21:00:00+00:00,long,sell - direction_change,22906.0,23004.2,1575.63,0.38,46.02
2023-01-24 21:00:00+00:00,short,buy,23004.2,,1574.84,-0.05,45.97
2023-01-25 01:26:00+00:00,short,sell - take_profit,23004.2,22314.074,1621.3,2.95,48.92
2023-01-25 02:00:00+00:00,short,buy,22487.4,,1620.49,-0.05,48.87
2023-01-25 05:31:00+00:00,short,sell - stop_loss,22487.4,22712.274,1603.47,-1.05,47.82
2023-01-25 06:00:00+00:00,short,buy,22665.4,,1602.67,-0.05,47.77
2023-01-25 12:00:00+00:00,short,sell - direction_change,22665.4,22595.8,1606.79,0.26,48.03
2023-01-25 12:00:00+00:00,long,buy,22595.8,,1605.99,-0.05,47.98
2023-01-25 13:00:00+00:00,long,sell - direction_change,22595.8,22692.0,1612.02,0.38,48.36
2023-01-25 13:00:00+00:00,short,buy,22692.0,,1611.22,-0.05,48.31
2023-01-25 18:00:00+00:00,short,sell - direction_change,22692.0,22567.9,1619.22,0.5,48.8
2023-01-25 18:00:00+00:00,long,buy,22567.9,,1618.41,-0.05,48.75
2023-01-25 21:36:00+00:00,long,sell - take_profit,22567.9,23244.937,1666.16,2.95,51.7
2023-01-25 22:00:00+00:00,long,buy,23593.3,,1665.32,-0.05,51.65
2023-01-25 22:10:00+00:00,long,sell - stop_loss,23593.3,23357.367,1647.84,-1.05,50.6
2023-01-25 23:00:00+00:00,long,buy,22930.1,,1647.01,-0.05,50.55
2023-01-26 07:00:00+00:00,long,sell - direction_change,22930.1,23084.4,1657.27,0.62,51.18
2023-01-26 07:00:00+00:00,short,buy,23084.4,,1656.44,-0.05,51.13
2023-01-26 08:00:00+00:00,short,sell - direction_change,23084.4,22961.3,1664.45,0.48,51.61
2023-01-26 08:00:00+00:00,long,buy,22961.3,,1663.62,-0.05,51.56
2023-01-26 09:00:00+00:00,long,sell - direction_change,22961.3,22997.4,1665.4,0.11,51.67
2023-01-26 09:00:00+00:00,short,buy,22997.4,,1664.57,-0.05,51.62
2023-01-26 11:00:00+00:00,short,sell - direction_change,22997.4,22932.3,1668.45,0.23,51.85
2023-01-26 11:00:00+00:00,long,buy,22932.3,,1667.61,-0.05,51.8
2023-01-26 14:00:00+00:00,long,sell - direction_change,22932.3,23121.2,1680.52,0.77,52.57
2023-01-26 14:00:00+00:00,short,buy,23121.2,,1679.68,-0.05,52.52
2023-01-26 18:00:00+00:00,short,sell - direction_change,23121.2,22975.0,1689.46,0.58,53.11
2023-01-26 18:00:00+00:00,long,buy,22975.0,,1688.61,-0.05,53.06
2023-01-26 22:00:00+00:00,long,sell - direction_change,22975.0,23073.5,1695.01,0.38,53.43
2023-01-26 22:00:00+00:00,short,buy,23073.5,,1694.16,-0.05,53.38
2023-01-27 05:00:00+00:00,short,sell - direction_change,23073.5,22790.1,1714.12,1.18,54.56
2023-01-27 05:00:00+00:00,long,buy,22790.1,,1713.26,-0.05,54.51
2023-01-27 06:00:00+00:00,long,sell - direction_change,22790.1,23028.7,1730.34,1.0,55.51
2023-01-27 06:00:00+00:00,short,buy,23028.7,,1729.48,-0.05,55.46
2023-01-27 07:00:00+00:00,short,sell - direction_change,23028.7,22992.5,1731.33,0.11,55.57
2023-01-27 07:00:00+00:00,long,buy,22992.5,,1730.47,-0.05,55.52
2023-01-27 08:00:00+00:00,long,sell - direction_change,22992.5,23068.1,1735.29,0.28,55.8
2023-01-27 08:00:00+00:00,short,buy,23068.1,,1734.42,-0.05,55.75
2023-01-27 10:00:00+00:00,short,sell - direction_change,23068.1,22942.7,1742.99,0.49,56.24
2023-01-27 10:00:00+00:00,long,buy,22942.7,,1742.11,-0.05,56.19
2023-01-27 15:00:00+00:00,long,sell - direction_change,22942.7,22958.3,1742.43,0.02,56.21
2023-01-27 15:00:00+00:00,short,buy,22958.3,,1741.56,-0.05,56.16
2023-01-27 16:00:00+00:00,short,sell - direction_change,22958.3,22928.8,1742.92,0.08,56.24
2023-01-27 16:00:00+00:00,long,buy,22928.8,,1742.05,-0.05,56.19
2023-01-28 04:00:00+00:00,long,sell - direction_change,22928.8,23108.9,1754.86,0.74,56.92
2023-01-28 04:00:00+00:00,short,buy,23108.9,,1753.99,-0.05,56.87
2023-01-28 16:00:00+00:00,short,sell - direction_change,23108.9,23004.6,1761.03,0.4,57.27
2023-01-28 16:00:00+00:00,long,buy,23004.6,,1760.15,-0.05,57.22
2023-01-28 20:00:00+00:00,long,sell - direction_change,23004.6,23033.2,1761.45,0.07,57.3
2023-01-28 20:00:00+00:00,short,buy,23033.2,,1760.57,-0.05,57.25
2023-01-28 21:00:00+00:00,short,sell - direction_change,23033.2,22959.1,1765.36,0.27,57.52
2023-01-28 21:00:00+00:00,long,buy,22959.1,,1764.47,-0.05,57.47
2023-01-28 22:00:00+00:00,long,sell - direction_change,22959.1,22993.9,1766.27,0.1,57.57
2023-01-28 22:00:00+00:00,short,buy,22993.9,,1765.38,-0.05,57.52
2023-01-28 23:00:00+00:00,short,sell - direction_change,22993.9,22969.9,1766.34,0.05,57.57
2023-01-28 23:00:00+00:00,long,buy,22969.9,,1765.46,-0.05,57.52
2023-01-29 11:04:00+00:00,long,sell - take_profit,22969.9,23658.997000000003,1817.54,2.95,60.47
2023-01-29 12:00:00+00:00,long,buy,23430.0,,1816.63,-0.05,60.42
2023-01-30 06:00:00+00:00,long,sell - direction_change,23430.0,23733.7,1839.27,1.25,61.67
2023-01-30 06:00:00+00:00,short,buy,23733.7,,1838.35,-0.05,61.62
2023-01-30 11:42:00+00:00,short,sell - take_profit,23733.7,23021.689,1892.58,2.95,64.57
2023-01-30 12:00:00+00:00,short,buy,23075.2,,1891.64,-0.05,64.52
2023-01-31 06:00:00+00:00,short,sell - direction_change,23075.2,22748.2,1917.5,1.37,65.89
2023-01-31 06:00:00+00:00,long,buy,22748.2,,1916.54,-0.05,65.84
2023-01-31 10:00:00+00:00,long,sell - direction_change,22748.2,22883.8,1927.0,0.55,66.38
2023-01-31 10:00:00+00:00,short,buy,22883.8,,1926.04,-0.05,66.33
2023-01-31 11:00:00+00:00,short,sell - direction_change,22883.8,22821.0,1930.36,0.22,66.56
2023-01-31 11:00:00+00:00,long,buy,22821.0,,1929.4,-0.05,66.51
2023-02-01 06:00:00+00:00,long,sell - direction_change,22821.0,23113.4,1953.15,1.23,67.74
2023-02-01 06:00:00+00:00,short,buy,23113.4,,1952.18,-0.05,67.69
2023-02-01 07:00:00+00:00,short,sell - direction_change,23113.4,23060.0,1955.71,0.18,67.87
2023-02-01 07:00:00+00:00,long,buy,23060.0,,1954.73,-0.05,67.82
2023-02-01 08:00:00+00:00,long,sell - direction_change,23060.0,23070.9,1954.68,-0.0,67.82
2023-02-01 08:00:00+00:00,short,buy,23070.9,,1953.7,-0.05,67.77
2023-02-01 11:00:00+00:00,short,sell - direction_change,23070.9,22994.0,1959.24,0.28,68.05
2023-02-01 11:00:00+00:00,long,buy,22994.0,,1958.26,-0.05,68.0
2023-02-01 12:00:00+00:00,long,sell - direction_change,22994.0,23076.1,1964.27,0.31,68.31
2023-02-01 12:00:00+00:00,short,buy,23076.1,,1963.29,-0.05,68.26
2023-02-01 13:00:00+00:00,short,sell - direction_change,23076.1,23058.3,1963.82,0.03,68.29
2023-02-01 13:00:00+00:00,long,buy,23058.3,,1962.84,-0.05,68.24
2023-02-01 15:00:00+00:00,long,sell - direction_change,23058.3,23098.1,1965.25,0.12,68.36
2023-02-01 15:00:00+00:00,short,buy,23098.1,,1964.26,-0.05,68.31
2023-02-01 18:00:00+00:00,short,sell - direction_change,23098.1,22989.2,1972.54,0.42,68.73
2023-02-01 18:00:00+00:00,long,buy,22989.2,,1971.56,-0.05,68.68
2023-02-01 19:32:00+00:00,long,sell - stop_loss,22989.2,22759.308,1950.86,-1.05,67.63
2023-02-01 20:00:00+00:00,long,buy,23379.8,,1949.88,-0.05,67.58
2023-02-02 00:44:00+00:00,long,sell - take_profit,23379.8,24081.194,2007.4,2.95,70.53
2023-02-02 01:00:00+00:00,long,buy,24194.4,,2006.4,-0.05,70.48
2023-02-02 01:59:00+00:00,long,sell - stop_loss,24194.4,23952.456000000002,1985.33,-1.05,69.43
2023-02-02 02:00:00+00:00,long,buy,23958.6,,1984.34,-0.05,69.38
2023-02-02 06:23:00+00:00,long,sell - stop_loss,23958.6,23719.014,1963.5,-1.05,68.33
2023-02-02 07:00:00+00:00,long,buy,23793.9,,1962.52,-0.05,68.28
2023-02-02 10:00:00+00:00,long,sell - direction_change,23793.9,23839.8,1965.33,0.14,68.42
2023-02-02 10:00:00+00:00,short,buy,23839.8,,1964.34,-0.05,68.37
2023-02-02 15:00:00+00:00,short,sell - direction_change,23839.8,23612.1,1982.12,0.91,69.28
2023-02-02 15:00:00+00:00,long,buy,23612.1,,1981.13,-0.05,69.23
2023-02-02 21:00:00+00:00,long,sell - direction_change,23612.1,23875.0,2002.2,1.06,70.29
2023-02-02 21:00:00+00:00,short,buy,23875.0,,2001.2,-0.05,70.24
2023-02-03 12:00:00+00:00,short,sell - direction_change,23875.0,23532.9,2028.87,1.38,71.62
2023-02-03 12:00:00+00:00,long,buy,23532.9,,2027.86,-0.05,71.57
2023-02-03 13:00:00+00:00,long,sell - direction_change,23532.9,23527.0,2026.34,-0.08,71.5
2023-02-03 13:00:00+00:00,short,buy,23527.0,,2025.32,-0.05,71.45
2023-02-03 14:00:00+00:00,short,sell - direction_change,23527.0,23348.8,2039.65,0.71,72.16
2023-02-03 14:00:00+00:00,long,buy,23348.8,,2038.63,-0.05,72.11
2023-02-03 18:00:00+00:00,long,sell - direction_change,23348.8,23504.1,2051.17,0.62,72.72
2023-02-03 18:00:00+00:00,short,buy,23504.1,,2050.14,-0.05,72.67
2023-02-03 23:00:00+00:00,short,sell - direction_change,23504.1,23417.3,2056.69,0.32,72.99
2023-02-03 23:00:00+00:00,long,buy,23417.3,,2055.66,-0.05,72.94
2023-02-04 00:00:00+00:00,long,sell - direction_change,23417.3,23424.7,2055.28,-0.02,72.92
2023-02-04 00:00:00+00:00,short,buy,23424.7,,2054.26,-0.05,72.87
2023-02-04 12:00:00+00:00,short,sell - direction_change,23424.7,23359.2,2058.97,0.23,73.1
2023-02-04 12:00:00+00:00,long,buy,23359.2,,2057.94,-0.05,73.05
2023-02-04 22:00:00+00:00,long,sell - direction_change,23359.2,23414.7,2061.8,0.19,73.24
2023-02-04 22:00:00+00:00,short,buy,23414.7,,2060.77,-0.05,73.19
2023-02-05 03:00:00+00:00,short,sell - direction_change,23414.7,23288.2,2070.88,0.49,73.68
2023-02-05 03:00:00+00:00,long,buy,23288.2,,2069.84,-0.05,73.63
2023-02-05 07:00:00+00:00,long,sell - direction_change,23288.2,23390.8,2077.93,0.39,74.02
2023-02-05 07:00:00+00:00,short,buy,23390.8,,2076.89,-0.05,73.97
2023-02-05 08:00:00+00:00,short,sell - direction_change,23390.8,23377.0,2077.07,0.01,73.98
2023-02-05 08:00:00+00:00,long,buy,23377.0,,2076.03,-0.05,73.93
2023-02-05 09:00:00+00:00,long,sell - direction_change,23377.0,23391.7,2076.3,0.01,73.94
2023-02-05 09:00:00+00:00,short,buy,23391.7,,2075.26,-0.05,73.89
2023-02-05 10:00:00+00:00,short,sell - direction_change,23391.7,23361.5,2076.91,0.08,73.97
2023-02-05 10:00:00+00:00,long,buy,23361.5,,2075.87,-0.05,73.92
2023-02-05 11:00:00+00:00,long,sell - direction_change,23361.5,23395.0,2077.81,0.09,74.01
2023-02-05 11:00:00+00:00,short,buy,23395.0,,2076.77,-0.05,73.96
2023-02-06 03:00:00+00:00,short,sell - direction_change,23395.0,22874.4,2121.94,2.18,76.14
2023-02-06 03:00:00+00:00,long,buy,22874.4,,2120.88,-0.05,76.09
2023-02-06 04:00:00+00:00,long,sell - direction_change,22874.4,22892.0,2121.45,0.03,76.12
2023-02-06 04:00:00+00:00,short,buy,22892.0,,2120.39,-0.05,76.07
2023-02-06 12:00:00+00:00,short,sell - direction_change,22892.0,22876.1,2120.8,0.02,76.09
2023-02-06 12:00:00+00:00,long,buy,22876.1,,2119.74,-0.05,76.04
2023-02-06 13:00:00+00:00,long,sell - direction_change,22876.1,22882.4,2119.27,-0.02,76.01
2023-02-06 13:00:00+00:00,short,buy,22882.4,,2118.21,-0.05,75.96
2023-02-06 15:00:00+00:00,short,sell - direction_change,22882.4,22839.0,2121.17,0.14,76.1
2023-02-06 15:00:00+00:00,long,buy,22839.0,,2120.11,-0.05,76.05
2023-02-06 22:00:00+00:00,long,sell - direction_change,22839.0,22915.1,2126.11,0.28,76.34
2023-02-06 22:00:00+00:00,short,buy,22915.1,,2125.05,-0.05,76.29
2023-02-07 05:00:00+00:00,short,sell - direction_change,22915.1,22863.1,2128.81,0.18,76.46
2023-02-07 05:00:00+00:00,long,buy,22863.1,,2127.74,-0.05,76.41
2023-02-07 06:00:00+00:00,long,sell - direction_change,22863.1,22928.0,2132.72,0.23,76.65
2023-02-07 06:00:00+00:00,short,buy,22928.0,,2131.65,-0.05,76.6
2023-02-07 09:00:00+00:00,short,sell - direction_change,22928.0,22869.4,2136.03,0.21,76.8
2023-02-07 09:00:00+00:00,long,buy,22869.4,,2134.97,-0.05,76.75
2023-02-07 15:00:00+00:00,long,sell - direction_change,22869.4,22968.3,2143.13,0.38,77.14
2023-02-07 15:00:00+00:00,short,buy,22968.3,,2142.06,-0.05,77.09
2023-02-07 16:00:00+00:00,short,sell - direction_change,22968.3,22898.9,2147.46,0.25,77.34
2023-02-07 16:00:00+00:00,long,buy,22898.9,,2146.39,-0.05,77.29
2023-02-08 08:00:00+00:00,long,sell - direction_change,22898.9,23227.0,2176.07,1.38,78.67
2023-02-08 08:00:00+00:00,short,buy,23227.0,,2174.98,-0.05,78.62
2023-02-09 00:00:00+00:00,short,sell - direction_change,23227.0,22955.9,2199.28,1.12,79.74
2023-02-09 00:00:00+00:00,long,buy,22955.9,,2198.18,-0.05,79.69
2023-02-09 01:00:00+00:00,long,sell - direction_change,22955.9,22972.4,2198.66,0.02,79.71
2023-02-09 01:00:00+00:00,short,buy,22972.4,,2197.56,-0.05,79.66
2023-02-09 13:00:00+00:00,short,sell - direction_change,22972.4,22700.7,2222.45,1.13,80.79
2023-02-09 13:00:00+00:00,long,buy,22700.7,,2221.34,-0.05,80.74
2023-02-09 15:00:00+00:00,long,sell - direction_change,22700.7,22685.9,2218.78,-0.12,80.63
2023-02-09 15:00:00+00:00,short,buy,22685.9,,2217.67,-0.05,80.58
2023-02-09 19:31:00+00:00,short,sell - take_profit,22685.9,22005.323,2283.1,2.95,83.53
2023-02-09 20:00:00+00:00,short,buy,22027.3,,2281.95,-0.05,83.48
2023-02-10 07:00:00+00:00,short,sell - direction_change,22027.3,21870.9,2297.02,0.66,84.14
2023-02-10 07:00:00+00:00,long,buy,21870.9,,2295.87,-0.05,84.09
2023-02-10 09:00:00+00:00,long,sell - direction_change,21870.9,21882.2,2295.9,0.0,84.09
2023-02-10 09:00:00+00:00,short,buy,21882.2,,2294.76,-0.05,84.04
2023-02-10 10:00:00+00:00,short,sell - direction_change,21882.2,21810.0,2301.18,0.28,84.32
2023-02-10 10:00:00+00:00,long,buy,21810.0,,2300.03,-0.05,84.27
2023-02-10 11:00:00+00:00,long,sell - direction_change,21810.0,21841.7,2302.22,0.1,84.36
2023-02-10 11:00:00+00:00,short,buy,21841.7,,2301.07,-0.05,84.31
2023-02-10 14:00:00+00:00,short,sell - direction_change,21841.7,21760.3,2308.5,0.32,84.64
2023-02-10 14:00:00+00:00,long,buy,21760.3,,2307.34,-0.05,84.59
2023-02-10 15:00:00+00:00,long,sell - direction_change,21760.3,21835.9,2314.21,0.3,84.88
2023-02-10 15:00:00+00:00,short,buy,21835.9,,2313.05,-0.05,84.83
2023-02-11 02:00:00+00:00,short,sell - direction_change,21835.9,21629.8,2333.72,0.89,85.73
2023-02-11 02:00:00+00:00,long,buy,21629.8,,2332.56,-0.05,85.68
2023-02-11 03:00:00+00:00,long,sell - direction_change,21629.8,21645.7,2333.11,0.02,85.7
2023-02-11 03:00:00+00:00,short,buy,21645.7,,2331.94,-0.05,85.65
2023-02-11 07:00:00+00:00,short,sell - direction_change,21645.7,21658.0,2329.45,-0.11,85.54
2023-02-11 07:00:00+00:00,long,buy,21658.0,,2328.28,-0.05,85.49
2023-02-11 18:00:00+00:00,long,sell - direction_change,21658.0,21690.6,2330.62,0.1,85.6
2023-02-11 18:00:00+00:00,short,buy,21690.6,,2329.46,-0.05,85.55
2023-02-11 21:00:00+00:00,short,sell - direction_change,21690.6,21661.4,2331.43,0.08,85.63
2023-02-11 21:00:00+00:00,long,buy,21661.4,,2330.26,-0.05,85.58
2023-02-12 07:00:00+00:00,long,sell - direction_change,21661.4,21803.0,2344.33,0.6,86.18
2023-02-12 07:00:00+00:00,short,buy,21803.0,,2343.16,-0.05,86.13
2023-02-12 08:00:00+00:00,short,sell - direction_change,21803.0,21788.2,2343.58,0.02,86.15
2023-02-12 08:00:00+00:00,long,buy,21788.2,,2342.41,-0.05,86.1
2023-02-12 21:00:00+00:00,long,sell - direction_change,21788.2,21955.1,2359.18,0.72,86.82
2023-02-12 21:00:00+00:00,short,buy,21955.1,,2358.0,-0.05,86.77
2023-02-13 07:00:00+00:00,short,sell - direction_change,21955.1,21814.6,2371.91,0.59,87.36
2023-02-13 07:00:00+00:00,long,buy,21814.6,,2370.72,-0.05,87.31
2023-02-13 08:00:00+00:00,long,sell - direction_change,21814.6,21857.1,2374.16,0.14,87.45
2023-02-13 08:00:00+00:00,short,buy,21857.1,,2372.97,-0.05,87.4
2023-02-13 20:00:00+00:00,short,sell - direction_change,21857.1,21597.9,2399.92,1.14,88.54
2023-02-13 20:00:00+00:00,long,buy,21597.9,,2398.72,-0.05,88.49
2023-02-14 13:00:00+00:00,long,sell - direction_change,21597.9,21850.0,2425.52,1.12,89.61
2023-02-14 13:00:00+00:00,short,buy,21850.0,,2424.31,-0.05,89.56
2023-02-14 14:00:00+00:00,short,sell - direction_change,21850.0,21711.3,2438.49,0.58,90.14
2023-02-14 14:00:00+00:00,long,buy,21711.3,,2437.27,-0.05,90.09
2023-02-15 04:00:00+00:00,long,sell - direction_change,21711.3,22088.9,2478.44,1.69,91.78
2023-02-15 04:00:00+00:00,short,buy,22088.9,,2477.2,-0.05,91.73
2023-02-15 05:00:00+00:00,short,sell - direction_change,22088.9,22074.3,2477.6,0.02,91.75
2023-02-15 05:00:00+00:00,long,buy,22074.3,,2476.36,-0.05,91.7
2023-02-15 06:00:00+00:00,long,sell - direction_change,22074.3,22125.9,2480.91,0.18,91.88
2023-02-15 06:00:00+00:00,short,buy,22125.9,,2479.67,-0.05,91.83
2023-02-15 09:00:00+00:00,short,sell - direction_change,22125.9,22080.8,2483.48,0.15,91.98
2023-02-15 09:00:00+00:00,long,buy,22080.8,,2482.24,-0.05,91.93
2023-02-15 12:12:00+00:00,long,sell - take_profit,22080.8,22743.224,2555.47,2.95,94.88
2023-02-15 13:00:00+00:00,long,buy,22763.6,,2554.19,-0.05,94.83
2023-02-15 20:08:00+00:00,long,sell - take_profit,22763.6,23446.507999999998,2629.54,2.95,97.78
2023-02-15 21:00:00+00:00,long,buy,24144.8,,2628.22,-0.05,97.73
2023-02-16 00:22:00+00:00,long,sell - take_profit,24144.8,24869.144,2705.76,2.95,100.68
2023-02-16 01:00:00+00:00,long,buy,24609.9,,2704.4,-0.05,100.63
2023-02-16 11:00:00+00:00,long,sell - direction_change,24609.9,24634.5,2705.76,0.05,100.68
2023-02-16 11:00:00+00:00,short,buy,24634.5,,2704.4,-0.05,100.63
2023-02-16 15:00:00+00:00,short,sell - direction_change,24634.5,24448.2,2723.5,0.71,101.34
2023-02-16 15:00:00+00:00,long,buy,24448.2,,2722.14,-0.05,101.29
2023-02-16 16:02:00+00:00,long,sell - take_profit,24448.2,25181.646,2802.44,2.95,104.24
2023-02-16 17:00:00+00:00,long,buy,24905.4,,2801.04,-0.05,104.19
2023-02-16 20:00:00+00:00,long,sell - direction_change,24905.4,24879.1,2796.68,-0.16,104.03
2023-02-16 20:00:00+00:00,short,buy,24879.1,,2795.29,-0.05,103.98
2023-02-16 22:31:00+00:00,short,sell - take_profit,24879.1,24132.727,2877.75,2.95,106.93
2023-02-16 23:00:00+00:00,short,buy,24012.8,,2876.31,-0.05,106.88
2023-02-17 12:00:00+00:00,short,sell - direction_change,24012.8,23792.6,2901.25,0.87,107.75
2023-02-17 12:00:00+00:00,long,buy,23792.6,,2899.8,-0.05,107.7
2023-02-17 13:00:00+00:00,long,sell - direction_change,23792.6,23869.6,2907.73,0.27,107.97
2023-02-17 13:00:00+00:00,short,buy,23869.6,,2906.28,-0.05,107.92
2023-02-17 14:00:00+00:00,short,sell - direction_change,23869.6,23781.4,2915.56,0.32,108.24
2023-02-17 14:00:00+00:00,long,buy,23781.4,,2914.1,-0.05,108.19
2023-02-17 17:32:00+00:00,long,sell - take_profit,23781.4,24494.842,3000.07,2.95,111.14
2023-02-17 18:00:00+00:00,long,buy,24301.2,,2998.57,-0.05,111.09
2023-02-17 20:15:00+00:00,long,sell - take_profit,24301.2,25030.236,3087.03,2.95,114.04
2023-02-17 21:00:00+00:00,long,buy,24835.2,,3085.48,-0.05,113.99
2023-02-17 21:59:00+00:00,long,sell - stop_loss,24835.2,24586.848,3053.09,-1.05,112.94
2023-02-17 22:00:00+00:00,long,buy,24483.7,,3051.56,-0.05,112.89
2023-02-17 22:08:00+00:00,long,sell - stop_loss,24483.7,24238.863,3019.52,-1.05,111.84
2023-02-17 23:00:00+00:00,long,buy,24683.3,,3018.01,-0.05,111.79
2023-02-18 07:54:00+00:00,long,sell - stop_loss,24683.3,24436.467,2986.32,-1.05,110.74
2023-02-18 08:00:00+00:00,short,buy,24522.7,,2984.83,-0.05,110.69
2023-02-18 11:00:00+00:00,short,sell - direction_change,24522.7,24462.8,2990.63,0.19,110.89
2023-02-18 11:00:00+00:00,long,buy,24462.8,,2989.13,-0.05,110.84
2023-02-18 13:00:00+00:00,long,sell - direction_change,24462.8,24624.6,3007.41,0.61,111.45
2023-02-18 13:00:00+00:00,short,buy,24624.6,,3005.9,-0.05,111.4
2023-02-18 14:00:00+00:00,short,sell - direction_change,24624.6,24587.9,3008.88,0.1,111.5
2023-02-18 14:00:00+00:00,long,buy,24587.9,,3007.38,-0.05,111.45
2023-02-19 06:00:00+00:00,long,sell - direction_change,24587.9,24766.2,3027.68,0.68,112.12
2023-02-19 06:00:00+00:00,short,buy,24766.2,,3026.17,-0.05,112.07
2023-02-19 11:00:00+00:00,short,sell - direction_change,24766.2,24654.2,3038.34,0.4,112.48
2023-02-19 11:00:00+00:00,long,buy,24654.2,,3036.82,-0.05,112.43
2023-02-19 17:00:00+00:00,long,sell - direction_change,24654.2,24781.1,3050.93,0.46,112.89
2023-02-19 17:00:00+00:00,short,buy,24781.1,,3049.41,-0.05,112.84
2023-02-20 01:10:00+00:00,short,sell - take_profit,24781.1,24037.666999999998,3139.36,2.95,115.79
2023-02-20 02:00:00+00:00,short,buy,24231.0,,3137.79,-0.05,115.74
2023-02-20 03:00:00+00:00,short,sell - direction_change,24231.0,24341.5,3121.92,-0.51,115.23
2023-02-20 03:00:00+00:00,long,buy,24341.5,,3120.35,-0.05,115.18
2023-02-20 14:41:00+00:00,long,sell - take_profit,24341.5,25071.745,3212.4,2.95,118.13
2023-02-20 15:00:00+00:00,long,buy,24974.2,,3210.8,-0.05,118.08
2023-02-20 16:23:00+00:00,long,sell - stop_loss,24974.2,24724.458,3177.09,-1.05,117.03
2023-02-20 17:00:00+00:00,long,buy,24889.9,,3175.5,-0.05,116.98
2023-02-20 20:00:00+00:00,long,sell - direction_change,24889.9,24878.4,3172.44,-0.1,116.89
2023-02-20 20:00:00+00:00,short,buy,24878.4,,3170.86,-0.05,116.84
2023-02-20 23:00:00+00:00,short,sell - direction_change,24878.4,24704.7,3191.41,0.65,117.49
2023-02-20 23:00:00+00:00,long,buy,24704.7,,3189.81,-0.05,117.44
2023-02-21 08:00:00+00:00,long,sell - direction_change,24704.7,25004.6,3226.94,1.16,118.6
2023-02-21 08:00:00+00:00,short,buy,25004.6,,3225.33,-0.05,118.55
2023-02-21 08:29:00+00:00,short,sell - stop_loss,25004.6,25254.645999999997,3191.46,-1.05,117.5
2023-02-21 09:00:00+00:00,short,buy,24684.4,,3189.87,-0.05,117.45
2023-02-21 18:00:00+00:00,short,sell - direction_change,24684.4,24656.3,3191.9,0.06,117.51
2023-02-21 18:00:00+00:00,long,buy,24656.3,,3190.31,-0.05,117.46
2023-02-21 19:00:00+00:00,long,sell - direction_change,24656.3,24685.7,3192.51,0.07,117.53
2023-02-21 19:00:00+00:00,short,buy,24685.7,,3190.92,-0.05,117.48
2023-02-22 02:03:00+00:00,short,sell - take_profit,24685.7,23945.129,3285.05,2.95,120.43
2023-02-22 03:00:00+00:00,short,buy,24165.0,,3283.41,-0.05,120.38
2023-02-22 22:00:00+00:00,short,sell - direction_change,24165.0,23795.4,3331.99,1.48,121.86
2023-02-22 22:00:00+00:00,long,buy,23795.4,,3330.32,-0.05,121.81
2023-02-23 02:43:00+00:00,long,sell - take_profit,23795.4,24509.262000000002,3428.56,2.95,124.76
2023-02-23 03:00:00+00:00,long,buy,24520.0,,3426.85,-0.05,124.71
2023-02-23 09:57:00+00:00,long,sell - stop_loss,24520.0,24274.8,3390.87,-1.05,123.66
2023-02-23 10:00:00+00:00,long,buy,24274.6,,3389.17,-0.05,123.61
2023-02-23 11:00:00+00:00,long,sell - direction_change,24274.6,24245.1,3383.36,-0.17,123.44
2023-02-23 11:00:00+00:00,short,buy,24245.1,,3381.67,-0.05,123.39
2023-02-24 00:00:00+00:00,short,sell - direction_change,24245.1,23928.7,3424.11,1.26,124.65
2023-02-24 00:00:00+00:00,long,buy,23928.7,,3422.4,-0.05,124.6
2023-02-24 05:00:00+00:00,long,sell - direction_change,23928.7,23928.6,3420.67,-0.05,124.55
2023-02-24 05:00:00+00:00,short,buy,23928.6,,3418.96,-0.05,124.5
2023-02-24 08:00:00+00:00,short,sell - direction_change,23928.6,23821.6,3432.54,0.4,124.89
2023-02-24 08:00:00+00:00,long,buy,23821.6,,3430.82,-0.05,124.84
2023-02-24 09:00:00+00:00,long,sell - direction_change,23821.6,23891.4,3439.16,0.24,125.09
2023-02-24 09:00:00+00:00,short,buy,23891.4,,3437.44,-0.05,125.04
2023-02-24 16:01:00+00:00,short,sell - take_profit,23891.4,23174.658,3538.84,2.95,127.99
2023-02-24 17:00:00+00:00,short,buy,23179.9,,3537.08,-0.05,127.94
2023-02-25 04:00:00+00:00,short,sell - direction_change,23179.9,23064.9,3552.85,0.45,128.38
2023-02-25 04:00:00+00:00,long,buy,23064.9,,3551.08,-0.05,128.33
2023-02-25 05:00:00+00:00,long,sell - direction_change,23064.9,23117.7,3557.43,0.18,128.51
2023-02-25 05:00:00+00:00,short,buy,23117.7,,3555.65,-0.05,128.46
2023-02-25 07:00:00+00:00,short,sell - direction_change,23117.7,23079.9,3559.69,0.11,128.57
2023-02-25 07:00:00+00:00,long,buy,23079.9,,3557.91,-0.05,128.52
2023-02-25 08:00:00+00:00,long,sell - direction_change,23079.9,23108.7,3560.57,0.07,128.6
2023-02-25 08:00:00+00:00,short,buy,23108.7,,3558.79,-0.05,128.55
2023-02-25 22:00:00+00:00,short,sell - direction_change,23108.7,22927.2,3584.96,0.74,129.29
2023-02-25 22:00:00+00:00,long,buy,22927.2,,3583.17,-0.05,129.24
2023-02-26 12:00:00+00:00,long,sell - direction_change,22927.2,23244.2,3630.92,1.33,130.57
2023-02-26 12:00:00+00:00,short,buy,23244.2,,3629.1,-0.05,130.52
2023-02-26 13:00:00+00:00,short,sell - direction_change,23244.2,23152.0,3641.69,0.35,130.86
2023-02-26 13:00:00+00:00,long,buy,23152.0,,3639.86,-0.05,130.81
2023-02-27 05:00:00+00:00,long,sell - direction_change,23152.0,23480.3,3689.66,1.37,132.18
2023-02-27 05:00:00+00:00,short,buy,23480.3,,3687.81,-0.05,132.13
2023-02-27 13:00:00+00:00,short,sell - direction_change,23480.3,23394.5,3699.45,0.32,132.45
2023-02-27 13:00:00+00:00,long,buy,23394.5,,3697.6,-0.05,132.4
2023-02-27 16:00:00+00:00,long,sell - direction_change,23394.5,23546.5,3719.77,0.6,133.0
2023-02-27 16:00:00+00:00,short,buy,23546.5,,3717.91,-0.05,132.95
2023-02-27 22:00:00+00:00,short,sell - direction_change,23546.5,23371.5,3743.68,0.69,133.64
2023-02-27 22:00:00+00:00,long,buy,23371.5,,3741.81,-0.05,133.59
2023-02-28 00:00:00+00:00,long,sell - direction_change,23371.5,23480.0,3757.31,0.41,134.01
2023-02-28 00:00:00+00:00,short,buy,23480.0,,3755.43,-0.05,133.96
2023-02-28 02:00:00+00:00,short,sell - direction_change,23480.0,23420.9,3763.01,0.2,134.16
2023-02-28 02:00:00+00:00,long,buy,23420.9,,3761.13,-0.05,134.11
2023-02-28 04:00:00+00:00,long,sell - direction_change,23420.9,23454.3,3764.61,0.09,134.2
2023-02-28 04:00:00+00:00,short,buy,23454.3,,3762.73,-0.05,134.15
2023-02-28 06:00:00+00:00,short,sell - direction_change,23454.3,23365.3,3775.12,0.33,134.48
2023-02-28 06:00:00+00:00,long,buy,23365.3,,3773.24,-0.05,134.43
2023-02-28 07:00:00+00:00,long,sell - direction_change,23365.3,23380.2,3773.76,0.01,134.44
2023-02-28 07:00:00+00:00,short,buy,23380.2,,3771.87,-0.05,134.39
2023-02-28 12:00:00+00:00,short,sell - direction_change,23380.2,23381.5,3769.77,-0.06,134.34
2023-02-28 12:00:00+00:00,long,buy,23381.5,,3767.89,-0.05,134.29
2023-02-28 13:00:00+00:00,long,sell - direction_change,23381.5,23445.6,3776.33,0.22,134.51
2023-02-28 13:00:00+00:00,short,buy,23445.6,,3774.45,-0.05,134.46
2023-02-28 14:00:00+00:00,short,sell - direction_change,23445.6,23394.6,3780.77,0.17,134.63
2023-02-28 14:00:00+00:00,long,buy,23394.6,,3778.88,-0.05,134.58
2023-02-28 19:00:00+00:00,long,sell - direction_change,23394.6,23470.0,3789.17,0.27,134.85
2023-02-28 19:00:00+00:00,short,buy,23470.0,,3787.27,-0.05,134.8
2023-03-01 03:00:00+00:00,short,sell - direction_change,23470.0,23318.9,3809.76,0.59,135.39
2023-03-01 03:00:00+00:00,long,buy,23318.9,,3807.86,-0.05,135.34
2023-03-01 08:54:00+00:00,long,sell - take_profit,23318.9,24018.467,3920.19,2.95,138.29
2023-03-01 09:00:00+00:00,long,buy,23862.4,,3918.23,-0.05,138.24
2023-03-01 13:33:00+00:00,long,sell - stop_loss,23862.4,23623.776,3877.09,-1.05,137.19
2023-03-01 14:00:00+00:00,long,buy,23686.4,,3875.15,-0.05,137.14
2023-03-01 18:00:00+00:00,long,sell - direction_change,23686.4,23698.7,3875.23,0.0,137.15
2023-03-01 18:00:00+00:00,short,buy,23698.7,,3873.29,-0.05,137.1
2023-03-01 23:00:00+00:00,short,sell - direction_change,23698.7,23524.6,3899.81,0.68,137.78
2023-03-01 23:00:00+00:00,long,buy,23524.6,,3897.86,-0.05,137.73
2023-03-02 01:00:00+00:00,long,sell - direction_change,23524.6,23596.0,3907.74,0.25,137.98
2023-03-02 01:00:00+00:00,short,buy,23596.0,,3905.78,-0.05,137.93
2023-03-02 18:00:00+00:00,short,sell - direction_change,23596.0,23262.6,3959.02,1.36,139.3
2023-03-02 18:00:00+00:00,long,buy,23262.6,,3957.04,-0.05,139.25
2023-03-03 01:00:00+00:00,long,sell - direction_change,23262.6,23406.8,3979.59,0.57,139.82
2023-03-03 01:00:00+00:00,short,buy,23406.8,,3977.6,-0.05,139.77
2023-03-03 01:31:00+00:00,short,sell - take_profit,23406.8,22704.595999999998,4094.94,2.95,142.72
2023-03-03 02:00:00+00:00,short,buy,22137.2,,4092.89,-0.05,142.67
2023-03-03 02:20:00+00:00,short,sell - stop_loss,22137.2,22358.572,4049.91,-1.05,141.62
2023-03-03 03:00:00+00:00,short,buy,22335.6,,4047.89,-0.05,141.57
2023-03-03 12:00:00+00:00,short,sell - direction_change,22335.6,22333.9,4046.17,-0.04,141.53
2023-03-03 12:00:00+00:00,long,buy,22333.9,,4044.15,-0.05,141.48
2023-03-03 14:00:00+00:00,long,sell - direction_change,22333.9,22391.4,4052.54,0.21,141.68
2023-03-03 14:00:00+00:00,short,buy,22391.4,,4050.51,-0.05,141.63
2023-03-03 16:00:00+00:00,short,sell - direction_change,22391.4,22324.0,4060.68,0.25,141.88
2023-03-03 16:00:00+00:00,long,buy,22324.0,,4058.65,-0.05,141.83
2023-03-03 18:00:00+00:00,long,sell - direction_change,22324.0,22402.0,4070.8,0.3,142.13
2023-03-03 18:00:00+00:00,short,buy,22402.0,,4068.77,-0.05,142.08
2023-03-03 23:00:00+00:00,short,sell - direction_change,22402.0,22308.9,4083.64,0.37,142.45
2023-03-03 23:00:00+00:00,long,buy,22308.9,,4081.6,-0.05,142.4
2023-03-04 00:00:00+00:00,long,sell - direction_change,22308.9,22342.8,4085.76,0.1,142.5
2023-03-04 00:00:00+00:00,short,buy,22342.8,,4083.72,-0.05,142.45
2023-03-04 01:00:00+00:00,short,sell - direction_change,22342.8,22356.5,4079.17,-0.11,142.34
2023-03-04 01:00:00+00:00,long,buy,22356.5,,4077.13,-0.05,142.29
2023-03-04 02:00:00+00:00,long,sell - direction_change,22356.5,22329.8,4070.23,-0.17,142.12
2023-03-04 02:00:00+00:00,short,buy,22329.8,,4068.19,-0.05,142.07
2023-03-04 03:00:00+00:00,short,sell - direction_change,22329.8,22329.6,4066.19,-0.05,142.02
2023-03-04 03:00:00+00:00,long,buy,22329.6,,4064.16,-0.05,141.97
2023-03-04 05:00:00+00:00,long,sell - direction_change,22329.6,22334.3,4062.98,-0.03,141.94
2023-03-04 05:00:00+00:00,short,buy,22334.3,,4060.95,-0.05,141.89
2023-03-04 06:00:00+00:00,short,sell - direction_change,22334.3,22316.0,4062.25,0.03,141.92
2023-03-04 06:00:00+00:00,long,buy,22316.0,,4060.22,-0.05,141.87
2023-03-04 10:00:00+00:00,long,sell - direction_change,22316.0,22340.0,4062.55,0.06,141.93
2023-03-04 10:00:00+00:00,short,buy,22340.0,,4060.52,-0.05,141.88
2023-03-04 11:00:00+00:00,short,sell - direction_change,22340.0,22321.7,4061.82,0.03,141.91
2023-03-04 11:00:00+00:00,long,buy,22321.7,,4059.79,-0.05,141.86
2023-03-04 14:00:00+00:00,long,sell - direction_change,22321.7,22344.5,4061.9,0.05,141.92
2023-03-04 14:00:00+00:00,short,buy,22344.5,,4059.87,-0.05,141.87
2023-03-04 23:00:00+00:00,short,sell - direction_change,22344.5,22295.0,4066.84,0.17,142.04
2023-03-04 23:00:00+00:00,long,buy,22295.0,,4064.8,-0.05,141.99
2023-03-05 11:00:00+00:00,long,sell - direction_change,22295.0,22401.0,4082.1,0.43,142.41
2023-03-05 11:00:00+00:00,short,buy,22401.0,,4080.06,-0.05,142.36
2023-03-05 12:00:00+00:00,short,sell - direction_change,22401.0,22380.1,4081.82,0.04,142.41
2023-03-05 12:00:00+00:00,long,buy,22380.1,,4079.78,-0.05,142.36
2023-03-05 14:00:00+00:00,long,sell - direction_change,22380.1,22454.9,4091.38,0.28,142.64
2023-03-05 14:00:00+00:00,short,buy,22454.9,,4089.33,-0.05,142.59
2023-03-05 15:00:00+00:00,short,sell - direction_change,22454.9,22419.9,4093.66,0.11,142.7
2023-03-05 15:00:00+00:00,long,buy,22419.9,,4091.61,-0.05,142.65
2023-03-05 23:00:00+00:00,long,sell - direction_change,22419.9,22422.3,4090.01,-0.04,142.61
2023-03-05 23:00:00+00:00,short,buy,22422.3,,4087.96,-0.05,142.56
2023-03-06 00:00:00+00:00,short,sell - direction_change,22422.3,22419.3,4086.47,-0.04,142.52
2023-03-06 00:00:00+00:00,long,buy,22419.3,,4084.42,-0.05,142.47
2023-03-06 01:00:00+00:00,long,sell - direction_change,22419.3,22434.9,4085.22,0.02,142.49
2023-03-06 01:00:00+00:00,short,buy,22434.9,,4083.18,-0.05,142.44
2023-03-06 06:00:00+00:00,short,sell - direction_change,22434.9,22358.6,4095.02,0.29,142.73
2023-03-06 06:00:00+00:00,long,buy,22358.6,,4092.98,-0.05,142.68
2023-03-06 07:00:00+00:00,long,sell - direction_change,22358.6,22397.8,4098.11,0.13,142.8
2023-03-06 07:00:00+00:00,short,buy,22397.8,,4096.06,-0.05,142.75
2023-03-06 08:00:00+00:00,short,sell - direction_change,22397.8,22380.9,4097.1,0.03,142.78
2023-03-06 08:00:00+00:00,long,buy,22380.9,,4095.05,-0.05,142.73
2023-03-06 09:00:00+00:00,long,sell - direction_change,22380.9,22406.1,4097.61,0.06,142.79
2023-03-06 09:00:00+00:00,short,buy,22406.1,,4095.57,-0.05,142.74
2023-03-06 12:00:00+00:00,short,sell - direction_change,22406.1,22369.9,4100.13,0.11,142.85
2023-03-06 12:00:00+00:00,long,buy,22369.9,,4098.08,-0.05,142.8
2023-03-06 19:00:00+00:00,long,sell - direction_change,22369.9,22494.1,4118.79,0.51,143.31
2023-03-06 19:00:00+00:00,short,buy,22494.1,,4116.73,-0.05,143.26
2023-03-06 21:00:00+00:00,short,sell - direction_change,22494.1,22340.9,4142.71,0.63,143.89
2023-03-06 21:00:00+00:00,long,buy,22340.9,,4140.64,-0.05,143.84
2023-03-06 23:00:00+00:00,long,sell - direction_change,22340.9,22425.9,4154.32,0.33,144.17
2023-03-06 23:00:00+00:00,short,buy,22425.9,,4152.24,-0.05,144.12
2023-03-07 01:00:00+00:00,short,sell - direction_change,22425.9,22402.9,4154.43,0.05,144.17
2023-03-07 01:00:00+00:00,long,buy,22402.9,,4152.35,-0.05,144.12
2023-03-07 03:00:00+00:00,long,sell - direction_change,22402.9,22488.9,4166.21,0.33,144.46
2023-03-07 03:00:00+00:00,short,buy,22488.9,,4164.13,-0.05,144.41
2023-03-07 04:00:00+00:00,short,sell - direction_change,22488.9,22449.1,4169.42,0.13,144.53
2023-03-07 04:00:00+00:00,long,buy,22449.1,,4167.33,-0.05,144.48
2023-03-07 06:00:00+00:00,long,sell - direction_change,22449.1,22448.5,4165.14,-0.05,144.43
2023-03-07 06:00:00+00:00,short,buy,22448.5,,4163.05,-0.05,144.38
2023-03-08 15:00:00+00:00,short,sell - direction_change,22448.5,21963.0,4251.01,2.11,146.49
2023-03-08 15:00:00+00:00,long,buy,21963.0,,4248.88,-0.05,146.44
2023-03-08 17:00:00+00:00,long,sell - direction_change,21963.0,22131.8,4279.41,0.72,147.16
2023-03-08 17:00:00+00:00,short,buy,22131.8,,4277.27,-0.05,147.11
2023-03-08 20:00:00+00:00,short,sell - direction_change,22131.8,21993.8,4301.81,0.57,147.69
2023-03-08 20:00:00+00:00,long,buy,21993.8,,4299.66,-0.05,147.64
2023-03-08 21:00:00+00:00,long,sell - direction_change,21993.8,22095.2,4317.33,0.41,148.05
2023-03-08 21:00:00+00:00,short,buy,22095.2,,4315.17,-0.05,148.0
2023-03-09 16:45:00+00:00,short,sell - take_profit,22095.2,21432.344,4442.47,2.95,150.95
2023-03-09 17:00:00+00:00,short,buy,21470.0,,4440.25,-0.05,150.9
2023-03-09 19:07:00+00:00,short,sell - take_profit,21470.0,20825.899999999998,4571.23,2.95,153.85
2023-03-09 20:00:00+00:00,short,buy,20845.6,,4568.95,-0.05,153.8
2023-03-09 20:57:00+00:00,short,sell - take_profit,20845.6,20220.231999999996,4703.73,2.95,156.75
2023-03-09 21:00:00+00:00,short,buy,20098.0,,4701.38,-0.05,156.7
2023-03-09 21:06:00+00:00,short,sell - stop_loss,20098.0,20298.98,4652.02,-1.05,155.65
2023-03-09 22:00:00+00:00,short,buy,20203.9,,4649.69,-0.05,155.6
2023-03-09 22:12:00+00:00,short,sell - stop_loss,20203.9,20405.939000000002,4600.87,-1.05,154.55
2023-03-09 23:00:00+00:00,short,buy,20328.5,,4598.57,-0.05,154.5
2023-03-10 10:33:00+00:00,short,sell - take_profit,20328.5,19718.645,4734.22,2.95,157.45
2023-03-10 11:00:00+00:00,short,buy,19614.1,,4731.86,-0.05,157.4
2023-03-10 12:18:00+00:00,short,sell - stop_loss,19614.1,19810.240999999998,4682.17,-1.05,156.35
2023-03-10 13:00:00+00:00,long,buy,19920.6,,4679.83,-0.05,156.3
2023-03-10 14:00:00+00:00,long,sell - direction_change,19920.6,20173.0,4736.79,1.22,157.51
2023-03-10 14:00:00+00:00,short,buy,20173.0,,4734.42,-0.05,157.46
2023-03-10 15:00:00+00:00,short,sell - direction_change,20173.0,19806.7,4818.02,1.77,159.23
2023-03-10 15:00:00+00:00,long,buy,19806.7,,4815.61,-0.05,159.18
2023-03-10 17:00:00+00:00,long,sell - direction_change,19806.7,20005.7,4861.59,0.95,160.14
2023-03-10 17:00:00+00:00,short,buy,20005.7,,4859.15,-0.05,160.09
2023-03-10 19:00:00+00:00,short,sell - direction_change,20005.7,19838.5,4897.34,0.79,160.87
2023-03-10 19:00:00+00:00,long,buy,19838.5,,4894.89,-0.05,160.82
2023-03-11 01:32:00+00:00,long,sell - take_profit,19838.5,20433.655,5039.29,2.95,163.77
2023-03-11 02:00:00+00:00,long,buy,20571.7,,5036.77,-0.05,163.72
2023-03-11 02:34:00+00:00,long,sell - stop_loss,20571.7,20365.983,4983.88,-1.05,162.67
2023-03-11 03:00:00+00:00,long,buy,20479.9,,4981.39,-0.05,162.62
2023-03-11 04:10:00+00:00,long,sell - stop_loss,20479.9,20275.101000000002,4929.08,-1.05,161.57
2023-03-11 05:00:00+00:00,long,buy,20330.1,,4926.62,-0.05,161.52
2023-03-11 07:00:00+00:00,long,sell - direction_change,20330.1,20275.2,4910.85,-0.32,161.2
2023-03-11 07:00:00+00:00,short,buy,20275.2,,4908.4,-0.05,161.15
2023-03-11 17:00:00+00:00,short,sell - direction_change,20275.2,20081.5,4952.84,0.91,162.06
2023-03-11 17:00:00+00:00,long,buy,20081.5,,4950.36,-0.05,162.01
2023-03-12 06:00:00+00:00,long,sell - direction_change,20081.5,20343.5,5012.47,1.25,163.26
2023-03-12 06:00:00+00:00,short,buy,20343.5,,5009.96,-0.05,163.21
2023-03-12 07:00:00+00:00,short,sell - direction_change,20343.5,20320.8,5013.05,0.06,163.27
2023-03-12 07:00:00+00:00,long,buy,20320.8,,5010.54,-0.05,163.22
2023-03-12 14:00:00+00:00,long,sell - direction_change,20320.8,20371.6,5020.56,0.2,163.42
2023-03-12 14:00:00+00:00,short,buy,20371.6,,5018.05,-0.05,163.37
2023-03-12 15:00:00+00:00,short,sell - direction_change,20371.6,20331.3,5025.47,0.15,163.52
2023-03-12 15:00:00+00:00,long,buy,20331.3,,5022.96,-0.05,163.47
2023-03-12 18:27:00+00:00,long,sell - take_profit,20331.3,20941.239,5171.14,2.95,166.42
2023-03-12 19:00:00+00:00,long,buy,21068.1,,5168.55,-0.05,166.37
2023-03-12 19:20:00+00:00,long,sell - stop_loss,21068.1,20857.418999999998,5114.28,-1.05,165.32
2023-03-12 20:00:00+00:00,long,buy,20770.6,,5111.72,-0.05,165.27
2023-03-12 22:17:00+00:00,long,sell - take_profit,20770.6,21393.718,5262.52,2.95,168.22
2023-03-12 23:00:00+00:00,long,buy,21694.5,,5259.89,-0.05,168.17
2023-03-13 00:41:00+00:00,long,sell - take_profit,21694.5,22345.335,5415.05,2.95,171.12
2023-03-13 01:00:00+00:00,long,buy,22436.7,,5412.35,-0.05,171.07
2023-03-13 02:19:00+00:00,long,sell - stop_loss,22436.7,22212.333,5355.52,-1.05,170.02
2023-03-13 03:00:00+00:00,long,buy,22174.5,,5352.84,-0.05,169.97
2023-03-13 09:00:00+00:00,long,sell - direction_change,22174.5,22185.3,5352.77,-0.0,169.97
2023-03-13 09:00:00+00:00,short,buy,22185.3,,5350.09,-0.05,169.92
2023-03-13 10:00:00+00:00,short,sell - direction_change,22185.3,21956.1,5402.69,0.98,170.9
2023-03-13 10:00:00+00:00,long,buy,21956.1,,5399.99,-0.05,170.85
2023-03-13 11:00:00+00:00,long,sell - direction_change,21956.1,22113.1,5435.9,0.67,171.52
2023-03-13 11:00:00+00:00,short,buy,22113.1,,5433.19,-0.05,171.47
2023-03-13 13:00:00+00:00,short,sell - direction_change,22113.1,22123.0,5428.04,-0.09,171.37
2023-03-13 13:00:00+00:00,long,buy,22123.0,,5425.32,-0.05,171.32
2023-03-13 14:08:00+00:00,long,sell - take_profit,22123.0,22786.690000000002,5585.37,2.95,174.27
2023-03-13 15:00:00+00:00,long,buy,23472.9,,5582.58,-0.05,174.22
2023-03-13 15:08:00+00:00,long,sell - take_profit,23472.9,24177.087000000003,5747.26,2.95,177.17
2023-03-13 16:00:00+00:00,long,buy,24009.0,,5744.39,-0.05,177.12
2023-03-14 05:11:00+00:00,long,sell - take_profit,24009.0,24729.27,5913.85,2.95,180.07
2023-03-14 06:00:00+00:00,long,buy,24324.1,,5910.89,-0.05,180.02
2023-03-14 12:30:00+00:00,long,sell - take_profit,24324.1,25053.823,6085.26,2.95,182.97
2023-03-14 13:00:00+00:00,long,buy,25870.0,,6082.22,-0.05,182.92
2023-03-14 13:54:00+00:00,long,sell - stop_loss,25870.0,25611.3,6018.36,-1.05,181.87
2023-03-14 14:00:00+00:00,long,buy,25794.3,,6015.35,-0.05,181.82
2023-03-14 18:01:00+00:00,long,sell - stop_loss,25794.3,25536.357,5952.19,-1.05,180.77
2023-03-14 19:00:00+00:00,long,buy,25007.2,,5949.21,-0.05,180.72
2023-03-14 19:13:00+00:00,long,sell - stop_loss,25007.2,24757.128,5886.74,-1.05,179.67
2023-03-14 20:00:00+00:00,long,buy,25066.4,,5883.8,-0.05,179.62
2023-03-14 20:21:00+00:00,long,sell - stop_loss,25066.4,24815.736,5822.02,-1.05,178.57
2023-03-14 21:00:00+00:00,short,buy,24583.1,,5819.11,-0.05,178.52
2023-03-15 01:02:00+00:00,short,sell - stop_loss,24583.1,24828.931,5758.01,-1.05,177.47
2023-03-15 02:00:00+00:00,short,buy,24919.7,,5755.13,-0.05,177.42
2023-03-15 07:00:00+00:00,short,sell - direction_change,24919.7,24800.0,5779.9,0.43,177.85
2023-03-15 07:00:00+00:00,long,buy,24800.0,,5777.01,-0.05,177.8
2023-03-15 08:00:00+00:00,long,sell - direction_change,24800.0,24892.0,5795.55,0.32,178.12
2023-03-15 08:00:00+00:00,short,buy,24892.0,,5792.65,-0.05,178.07
2023-03-15 12:00:00+00:00,short,sell - direction_change,24892.0,24782.6,5815.21,0.39,178.46
2023-03-15 12:00:00+00:00,long,buy,24782.6,,5812.31,-0.05,178.41
2023-03-15 12:23:00+00:00,long,sell - stop_loss,24782.6,24534.773999999998,5751.28,-1.05,177.36
2023-03-15 13:00:00+00:00,long,buy,24831.9,,5748.4,-0.05,177.31
2023-03-15 14:00:00+00:00,long,sell - direction_change,24831.9,24799.9,5738.12,-0.18,177.13
2023-03-15 14:00:00+00:00,short,buy,24799.9,,5735.25,-0.05,177.08
2023-03-15 17:02:00+00:00,short,sell - take_profit,24799.9,24055.903000000002,5904.44,2.95,180.03
2023-03-15 18:00:00+00:00,short,buy,24290.3,,5901.49,-0.05,179.98
2023-03-15 18:31:00+00:00,short,sell - stop_loss,24290.3,24533.202999999998,5839.52,-1.05,178.93
2023-03-15 19:00:00+00:00,short,buy,24418.5,,5836.6,-0.05,178.88
2023-03-16 02:00:00+00:00,short,sell - direction_change,24418.5,24328.4,5855.22,0.32,179.2
2023-03-16 02:00:00+00:00,long,buy,24328.4,,5852.29,-0.05,179.15
2023-03-16 03:00:00+00:00,long,sell - direction_change,24328.4,24365.5,5858.29,0.1,179.26
2023-03-16 03:00:00+00:00,short,buy,24365.5,,5855.36,-0.05,179.21
2023-03-16 05:00:00+00:00,short,sell - direction_change,24365.5,24267.0,5876.1,0.35,179.56
2023-03-16 05:00:00+00:00,long,buy,24267.0,,5873.17,-0.05,179.51
2023-03-16 10:48:00+00:00,long,sell - take_profit,24267.0,24995.010000000002,6046.42,2.95,182.46
2023-03-16 11:00:00+00:00,long,buy,24931.4,,6043.4,-0.05,182.41
2023-03-16 12:45:00+00:00,long,sell - stop_loss,24931.4,24682.086000000003,5979.95,-1.05,181.36
2023-03-16 13:00:00+00:00,long,buy,24721.6,,5976.96,-0.05,181.31
2023-03-16 20:00:00+00:00,long,sell - direction_change,24721.6,24945.9,6028.2,0.86,182.17
2023-03-16 20:00:00+00:00,short,buy,24945.9,,6025.18,-0.05,182.12
2023-03-16 21:00:00+00:00,short,sell - direction_change,24945.9,24680.5,6086.27,1.01,183.13
2023-03-16 21:00:00+00:00,long,buy,24680.5,,6083.23,-0.05,183.08
2023-03-17 01:29:00+00:00,long,sell - take_profit,24680.5,25420.915,6262.68,2.95,186.03
2023-03-17 02:00:00+00:00,long,buy,25654.5,,6259.55,-0.05,185.98
2023-03-17 10:05:00+00:00,long,sell - take_profit,25654.5,26424.135000000002,6444.21,2.95,188.93
2023-03-17 11:00:00+00:00,long,buy,26694.8,,6440.99,-0.05,188.88
2023-03-17 12:37:00+00:00,long,sell - stop_loss,26694.8,26427.852,6373.36,-1.05,187.83
2023-03-17 13:00:00+00:00,long,buy,26631.0,,6370.17,-0.05,187.78
2023-03-17 14:35:00+00:00,long,sell - stop_loss,26631.0,26364.69,6303.28,-1.05,186.73
2023-03-17 15:00:00+00:00,long,buy,26280.0,,6300.13,-0.05,186.68
2023-03-17 21:42:00+00:00,long,sell - take_profit,26280.0,27068.4,6485.99,2.95,189.63
2023-03-17 22:00:00+00:00,long,buy,27089.5,,6482.74,-0.05,189.58
2023-03-18 15:00:00+00:00,long,sell - direction_change,27089.5,27522.8,6583.19,1.55,191.13
2023-03-18 15:00:00+00:00,short,buy,27522.8,,6579.9,-0.05,191.08
2023-03-18 16:31:00+00:00,short,sell - take_profit,27522.8,26697.115999999998,6774.01,2.95,194.03
2023-03-18 17:00:00+00:00,short,buy,27343.0,,6770.62,-0.05,193.98
2023-03-18 18:00:00+00:00,short,sell - direction_change,27343.0,27305.8,6776.45,0.09,194.07
2023-03-18 18:00:00+00:00,long,buy,27305.8,,6773.06,-0.05,194.02
2023-03-18 20:00:00+00:00,long,sell - direction_change,27305.8,27322.8,6773.89,0.01,194.03
2023-03-18 20:00:00+00:00,short,buy,27322.8,,6770.5,-0.05,193.98
2023-03-19 08:00:00+00:00,short,sell - direction_change,27322.8,26963.4,6856.18,1.27,195.24
2023-03-19 08:00:00+00:00,long,buy,26963.4,,6852.75,-0.05,195.19
2023-03-19 10:00:00+00:00,long,sell - direction_change,26963.4,27039.9,6868.76,0.23,195.43
2023-03-19 10:00:00+00:00,short,buy,27039.9,,6865.33,-0.05,195.38
2023-03-19 11:00:00+00:00,short,sell - direction_change,27039.9,27044.8,6860.65,-0.07,195.31
2023-03-19 11:00:00+00:00,long,buy,27044.8,,6857.22,-0.05,195.26
2023-03-19 16:33:00+00:00,long,sell - take_profit,27044.8,27856.144,7059.51,2.95,198.21
2023-03-19 17:00:00+00:00,long,buy,27915.0,,7055.98,-0.05,198.16
2023-03-20 01:02:00+00:00,long,sell - stop_loss,27915.0,27635.85,6981.89,-1.05,197.11
2023-03-20 02:00:00+00:00,short,buy,27667.4,,6978.4,-0.05,197.06
2023-03-20 07:00:00+00:00,short,sell - direction_change,27667.4,27617.2,6987.58,0.13,197.19
2023-03-20 07:00:00+00:00,long,buy,27617.2,,6984.08,-0.05,197.14
2023-03-20 08:37:00+00:00,long,sell - take_profit,27617.2,28445.716,7190.11,2.95,200.09
2023-03-20 09:00:00+00:00,long,buy,28303.3,,7186.52,-0.05,200.04
2023-03-20 09:37:00+00:00,long,sell - stop_loss,28303.3,28020.267,7111.06,-1.05,198.99
2023-03-20 10:00:00+00:00,long,buy,28190.6,,7107.5,-0.05,198.94
2023-03-20 10:14:00+00:00,long,sell - stop_loss,28190.6,27908.694,7032.87,-1.05,197.89
2023-03-20 11:00:00+00:00,long,buy,28092.6,,7029.36,-0.05,197.84
2023-03-20 13:36:00+00:00,long,sell - stop_loss,28092.6,27811.674,6955.55,-1.05,196.79
2023-03-20 14:00:00+00:00,long,buy,27807.8,,6952.07,-0.05,196.74
2023-03-20 16:00:00+00:00,long,sell - direction_change,27807.8,27679.7,6916.57,-0.51,196.23
2023-03-20 16:00:00+00:00,short,buy,27679.7,,6913.11,-0.05,196.18
2023-03-20 18:00:00+00:00,short,sell - direction_change,27679.7,27609.5,6927.19,0.2,196.38
2023-03-20 18:00:00+00:00,long,buy,27609.5,,6923.72,-0.05,196.33
2023-03-20 19:00:00+00:00,long,sell - direction_change,27609.5,27968.4,7010.26,1.25,197.58
2023-03-20 19:00:00+00:00,short,buy,27968.4,,7006.76,-0.05,197.53
2023-03-20 20:00:00+00:00,short,sell - direction_change,27968.4,27769.6,7053.06,0.66,198.2
2023-03-20 20:00:00+00:00,long,buy,27769.6,,7049.53,-0.05,198.15
2023-03-20 22:00:00+00:00,long,sell - direction_change,27769.6,27983.0,7100.18,0.72,198.86
2023-03-20 22:00:00+00:00,short,buy,27983.0,,7096.63,-0.05,198.81
2023-03-21 01:00:00+00:00,short,sell - direction_change,27983.0,27834.0,7130.87,0.48,199.3
2023-03-21 01:00:00+00:00,long,buy,27834.0,,7127.31,-0.05,199.25
2023-03-21 02:00:00+00:00,long,sell - direction_change,27834.0,27863.2,7131.22,0.05,199.3
2023-03-21 02:00:00+00:00,short,buy,27863.2,,7127.65,-0.05,199.25
2023-03-21 03:00:00+00:00,short,sell - direction_change,27863.2,27766.9,7148.72,0.3,199.55
2023-03-21 03:00:00+00:00,long,buy,27766.9,,7145.15,-0.05,199.5
2023-03-21 05:00:00+00:00,long,sell - direction_change,27766.9,27894.6,7174.44,0.41,199.91
2023-03-21 05:00:00+00:00,short,buy,27894.6,,7170.85,-0.05,199.86
2023-03-21 09:00:00+00:00,short,sell - direction_change,27894.6,27633.2,7234.46,0.89,200.74
2023-03-21 09:00:00+00:00,long,buy,27633.2,,7230.85,-0.05,200.69
2023-03-22 02:00:00+00:00,long,sell - direction_change,27633.2,28077.0,7343.36,1.56,202.25
2023-03-22 02:00:00+00:00,short,buy,28077.0,,7339.69,-0.05,202.2
2023-03-22 03:00:00+00:00,short,sell - direction_change,28077.0,28036.5,7346.61,0.09,202.29
2023-03-22 03:00:00+00:00,long,buy,28036.5,,7342.93,-0.05,202.24
2023-03-22 18:00:00+00:00,long,sell - direction_change,28036.5,28500.4,7460.76,1.6,203.85
2023-03-22 18:00:00+00:00,short,buy,28500.4,,7457.03,-0.05,203.8
2023-03-22 18:00:00+00:00,short,sell - stop_loss,28500.4,28785.404000000002,7378.73,-1.05,202.75
2023-03-22 19:00:00+00:00,short,buy,28018.9,,7375.04,-0.05,202.7
2023-03-22 19:09:00+00:00,short,sell - take_profit,28018.9,27178.333000000002,7592.61,2.95,205.65
2023-03-22 20:00:00+00:00,short,buy,26653.3,,7588.81,-0.05,205.6
2023-03-22 20:08:00+00:00,short,sell - stop_loss,26653.3,26919.833,7509.13,-1.05,204.55
2023-03-22 21:00:00+00:00,short,buy,27294.9,,7505.37,-0.05,204.5
2023-03-23 05:00:00+00:00,short,sell - direction_change,27294.9,27262.5,7510.53,0.07,204.57
2023-03-23 05:00:00+00:00,long,buy,27262.5,,7506.77,-0.05,204.52
2023-03-23 13:00:00+00:00,long,sell - direction_change,27262.5,27462.4,7558.06,0.68,205.2
2023-03-23 13:00:00+00:00,short,buy,27462.4,,7554.28,-0.05,205.15
2023-03-23 14:00:00+00:00,short,sell - direction_change,27462.4,27354.7,7580.13,0.34,205.49
2023-03-23 14:00:00+00:00,long,buy,27354.7,,7576.34,-0.05,205.44
2023-03-23 15:00:00+00:00,long,sell - take_profit,27354.7,28175.341,7799.84,2.95,208.39
2023-03-23 16:00:00+00:00,long,buy,28574.6,,7795.94,-0.05,208.34
2023-03-23 17:12:00+00:00,long,sell - stop_loss,28574.6,28288.854,7714.09,-1.05,207.29
2023-03-23 18:00:00+00:00,long,buy,28291.7,,7710.23,-0.05,207.24
2023-03-23 18:48:00+00:00,long,sell - stop_loss,28291.7,28008.783,7629.27,-1.05,206.19
2023-03-23 19:00:00+00:00,long,buy,27893.2,,7625.46,-0.05,206.14
2023-03-24 08:00:00+00:00,long,sell - direction_change,27893.2,28270.0,7724.65,1.3,207.44
2023-03-24 08:00:00+00:00,short,buy,28270.0,,7720.79,-0.05,207.39
2023-03-24 11:47:00+00:00,short,sell - take_profit,28270.0,27421.899999999998,7948.56,2.95,210.34
2023-03-24 12:00:00+00:00,short,buy,27558.4,,7944.58,-0.05,210.29
2023-03-24 12:09:00+00:00,short,sell - stop_loss,27558.4,27833.984,7861.16,-1.05,209.24
2023-03-24 13:00:00+00:00,short,buy,27965.6,,7857.23,-0.05,209.19
2023-03-24 14:14:00+00:00,short,sell - stop_loss,27965.6,28245.255999999998,7774.73,-1.05,208.14
2023-03-24 15:00:00+00:00,short,buy,27976.6,,7770.84,-0.05,208.09
2023-03-24 21:21:00+00:00,short,sell - take_profit,27976.6,27137.301999999996,8000.08,2.95,211.04
2023-03-24 22:00:00+00:00,short,buy,27315.0,,7996.08,-0.05,210.99
2023-03-25 02:25:00+00:00,short,sell - stop_loss,27315.0,27588.15,7912.13,-1.05,209.94
2023-03-25 03:00:00+00:00,short,buy,27585.6,,7908.17,-0.05,209.89
2023-03-25 07:00:00+00:00,short,sell - direction_change,27585.6,27480.9,7934.23,0.33,210.22
2023-03-25 07:00:00+00:00,long,buy,27480.9,,7930.26,-0.05,210.17
2023-03-25 08:00:00+00:00,long,sell - direction_change,27480.9,27473.5,7924.16,-0.08,210.1
2023-03-25 08:00:00+00:00,short,buy,27473.5,,7920.2,-0.05,210.05
2023-03-25 09:00:00+00:00,short,sell - direction_change,27473.5,27412.8,7933.74,0.17,210.22
2023-03-25 09:00:00+00:00,long,buy,27412.8,,7929.77,-0.05,210.17
2023-03-25 10:00:00+00:00,long,sell - direction_change,27412.8,27469.9,7942.33,0.16,210.33
2023-03-25 10:00:00+00:00,short,buy,27469.9,,7938.35,-0.05,210.28
2023-03-25 13:00:00+00:00,short,sell - direction_change,27469.9,27438.6,7943.43,0.06,210.34
2023-03-25 13:00:00+00:00,long,buy,27438.6,,7939.46,-0.05,210.29
2023-03-25 14:00:00+00:00,long,sell - direction_change,27438.6,27550.1,7967.75,0.36,210.65
2023-03-25 14:00:00+00:00,short,buy,27550.1,,7963.77,-0.05,210.6
2023-03-25 15:00:00+00:00,short,sell - direction_change,27550.1,27511.7,7970.89,0.09,210.69
2023-03-25 15:00:00+00:00,long,buy,27511.7,,7966.9,-0.05,210.64
2023-03-25 17:00:00+00:00,long,sell - direction_change,27511.7,27611.7,7991.88,0.31,210.95
2023-03-25 17:00:00+00:00,short,buy,27611.7,,7987.88,-0.05,210.9
2023-03-26 00:00:00+00:00,short,sell - direction_change,27611.7,27447.2,8031.47,0.55,211.44
2023-03-26 00:00:00+00:00,long,buy,27447.2,,8027.46,-0.05,211.39
2023-03-26 02:00:00+00:00,long,sell - direction_change,27447.2,27581.0,8062.58,0.44,211.83
2023-03-26 02:00:00+00:00,short,buy,27581.0,,8058.55,-0.05,211.78
2023-03-26 03:00:00+00:00,short,sell - direction_change,27581.0,27576.8,8055.74,-0.03,211.75
2023-03-26 03:00:00+00:00,long,buy,27576.8,,8051.72,-0.05,211.7
2023-03-27 05:00:00+00:00,long,sell - direction_change,27576.8,27894.1,8140.33,1.1,212.8
2023-03-27 05:00:00+00:00,short,buy,27894.1,,8136.26,-0.05,212.75
2023-03-27 09:00:00+00:00,short,sell - direction_change,27894.1,27837.4,8148.73,0.15,212.9
2023-03-27 09:00:00+00:00,long,buy,27837.4,,8144.66,-0.05,212.85
2023-03-27 10:00:00+00:00,long,sell - direction_change,27837.4,27912.3,8162.5,0.22,213.07
2023-03-27 10:00:00+00:00,short,buy,27912.3,,8158.42,-0.05,213.02
2023-03-27 11:00:00+00:00,short,sell - direction_change,27912.3,27900.3,8157.85,-0.01,213.01
2023-03-27 11:00:00+00:00,long,buy,27900.3,,8153.77,-0.05,212.96
2023-03-27 12:00:00+00:00,long,sell - direction_change,27900.3,27879.9,8143.73,-0.12,212.84
2023-03-27 12:00:00+00:00,short,buy,27879.9,,8139.66,-0.05,212.79
2023-03-27 14:58:00+00:00,short,sell - take_profit,27879.9,27043.503,8379.78,2.95,215.74
2023-03-27 15:00:00+00:00,short,buy,26933.0,,8375.59,-0.05,215.69
2023-03-27 16:16:00+00:00,short,sell - stop_loss,26933.0,27202.33,8287.64,-1.05,214.64
2023-03-27 17:00:00+00:00,short,buy,27133.2,,8283.5,-0.05,214.59
2023-03-28 01:00:00+00:00,short,sell - direction_change,27133.2,26952.6,8334.49,0.62,215.21
2023-03-28 01:00:00+00:00,long,buy,26952.6,,8330.33,-0.05,215.16
2023-03-28 02:00:00+00:00,long,sell - direction_change,26952.6,27057.7,8358.65,0.34,215.5
2023-03-28 02:00:00+00:00,short,buy,27057.7,,8354.47,-0.05,215.45
2023-03-28 03:00:00+00:00,short,sell - direction_change,27057.7,27025.2,8360.32,0.07,215.52
2023-03-28 03:00:00+00:00,long,buy,27025.2,,8356.14,-0.05,215.47
2023-03-28 04:00:00+00:00,long,sell - direction_change,27025.2,26955.6,8330.45,-0.31,215.16
2023-03-28 04:00:00+00:00,short,buy,26955.6,,8326.28,-0.05,215.11
2023-03-28 05:00:00+00:00,short,sell - direction_change,26955.6,26953.4,8322.8,-0.04,215.07
2023-03-28 05:00:00+00:00,long,buy,26953.4,,8318.64,-0.05,215.02
2023-03-28 07:00:00+00:00,long,sell - direction_change,26953.4,27055.6,8346.02,0.33,215.35
2023-03-28 07:00:00+00:00,short,buy,27055.6,,8341.85,-0.05,215.3
2023-03-28 11:00:00+00:00,short,sell - direction_change,27055.6,26733.6,8436.95,1.14,216.44
2023-03-28 11:00:00+00:00,long,buy,26733.6,,8432.74,-0.05,216.39
2023-03-28 12:00:00+00:00,long,sell - direction_change,26733.6,27046.8,8527.31,1.12,217.51
2023-03-28 12:00:00+00:00,short,buy,27046.8,,8523.05,-0.05,217.46
2023-03-28 15:00:00+00:00,short,sell - direction_change,27046.8,26930.0,8555.59,0.38,217.84
2023-03-28 15:00:00+00:00,long,buy,26930.0,,8551.32,-0.05,217.79
2023-03-28 16:00:00+00:00,long,sell - direction_change,26930.0,26984.8,8564.44,0.15,217.94
2023-03-28 16:00:00+00:00,short,buy,26984.8,,8560.16,-0.05,217.89
2023-03-28 18:00:00+00:00,short,sell - direction_change,26984.8,26851.1,8598.29,0.45,218.34
2023-03-28 18:00:00+00:00,long,buy,26851.1,,8593.99,-0.05,218.29
2023-03-29 04:32:00+00:00,long,sell - take_profit,26851.1,27656.632999999998,8847.52,2.95,221.24
2023-03-29 05:00:00+00:00,long,buy,27552.5,,8843.09,-0.05,221.19
2023-03-29 08:11:00+00:00,long,sell - take_profit,27552.5,28379.075,9103.96,2.95,224.14
2023-03-29 09:00:00+00:00,long,buy,28498.1,,9099.41,-0.05,224.09
2023-03-29 12:22:00+00:00,long,sell - stop_loss,28498.1,28213.119,9003.87,-1.05,223.04
2023-03-29 13:00:00+00:00,long,buy,28430.1,,8999.37,-0.05,222.99
2023-03-29 16:58:00+00:00,long,sell - stop_loss,28430.1,28145.799,8904.87,-1.05,221.94
2023-03-29 17:00:00+00:00,long,buy,28137.7,,8900.42,-0.05,221.89
2023-03-29 21:00:00+00:00,long,sell - direction_change,28137.7,28377.9,8971.95,0.8,222.69
2023-03-29 21:00:00+00:00,short,buy,28377.9,,8967.46,-0.05,222.64
2023-03-30 00:00:00+00:00,short,sell - direction_change,28377.9,28338.6,8975.4,0.09,222.73
2023-03-30 00:00:00+00:00,long,buy,28338.6,,8970.91,-0.05,222.68
2023-03-30 14:00:00+00:00,long,sell - direction_change,28338.6,28504.9,9019.07,0.54,223.22
2023-03-30 14:00:00+00:00,short,buy,28504.9,,9014.56,-0.05,223.17
2023-03-31 03:00:00+00:00,short,sell - direction_change,28504.9,28130.8,9128.36,1.26,224.43
2023-03-31 03:00:00+00:00,long,buy,28130.8,,9123.8,-0.05,224.38
2023-03-31 05:00:00+00:00,long,sell - direction_change,28130.8,28165.4,9130.46,0.07,224.45
2023-03-31 05:00:00+00:00,short,buy,28165.4,,9125.89,-0.05,224.4
2023-03-31 06:00:00+00:00,short,sell - direction_change,28165.4,28025.4,9166.69,0.45,224.85
2023-03-31 06:00:00+00:00,long,buy,28025.4,,9162.11,-0.05,224.8
2023-03-31 07:00:00+00:00,long,sell - direction_change,28025.4,28067.1,9171.16,0.1,224.9
2023-03-31 07:00:00+00:00,short,buy,28067.1,,9166.57,-0.05,224.85
2023-03-31 13:00:00+00:00,short,sell - direction_change,28067.1,28098.0,9151.9,-0.16,224.69
2023-03-31 13:00:00+00:00,long,buy,28098.0,,9147.32,-0.05,224.64
2023-04-01 09:00:00+00:00,long,sell - direction_change,28098.0,28426.4,9249.66,1.12,225.76
2023-04-01 09:00:00+00:00,short,buy,28426.4,,9245.03,-0.05,225.71
2023-04-01 10:00:00+00:00,short,sell - direction_change,28426.4,28411.6,9245.22,0.0,225.71
2023-04-01 10:00:00+00:00,long,buy,28411.6,,9240.6,-0.05,225.66
2023-04-01 11:00:00+00:00,long,sell - direction_change,28411.6,28454.9,9250.06,0.1,225.76
2023-04-01 11:00:00+00:00,short,buy,28454.9,,9245.44,-0.05,225.71
2023-04-01 21:00:00+00:00,short,sell - direction_change,28454.9,28435.1,9247.25,0.02,225.73
2023-04-01 21:00:00+00:00,long,buy,28435.1,,9242.63,-0.05,225.68
2023-04-02 00:00:00+00:00,long,sell - direction_change,28435.1,28443.7,9240.8,-0.02,225.66
2023-04-02 00:00:00+00:00,short,buy,28443.7,,9236.18,-0.05,225.61
2023-04-02 02:00:00+00:00,short,sell - direction_change,28443.7,28373.6,9254.32,0.2,225.81
2023-04-02 02:00:00+00:00,long,buy,28373.6,,9249.7,-0.05,225.76
2023-04-02 04:00:00+00:00,long,sell - direction_change,28373.6,28463.0,9274.22,0.27,226.02
2023-04-02 04:00:00+00:00,short,buy,28463.0,,9269.58,-0.05,225.97
2023-04-02 05:00:00+00:00,short,sell - direction_change,28463.0,28370.0,9295.23,0.28,226.25
2023-04-02 05:00:00+00:00,long,buy,28370.0,,9290.58,-0.05,226.2
2023-04-02 07:00:00+00:00,long,sell - direction_change,28370.0,28445.1,9310.53,0.21,226.41
2023-04-02 07:00:00+00:00,short,buy,28445.1,,9305.88,-0.05,226.36
2023-04-03 01:43:00+00:00,short,sell - take_profit,28445.1,27591.747,9580.4,2.95,229.31
2023-04-03 02:00:00+00:00,short,buy,27696.7,,9575.61,-0.05,229.26
2023-04-03 08:00:00+00:00,short,sell - direction_change,27696.7,27946.5,9484.46,-0.95,228.31
2023-04-03 08:00:00+00:00,long,buy,27946.5,,9479.72,-0.05,228.26
2023-04-03 14:00:00+00:00,long,sell - direction_change,27946.5,28247.9,9577.22,1.03,229.29
2023-04-03 14:00:00+00:00,short,buy,28247.9,,9572.43,-0.05,229.24
2023-04-03 15:00:00+00:00,short,sell - direction_change,28247.9,27982.7,9657.51,0.89,230.13
2023-04-03 15:00:00+00:00,long,buy,27982.7,,9652.68,-0.05,230.08
2023-04-03 20:00:00+00:00,long,sell - direction_change,27982.7,28071.8,9678.59,0.27,230.35
2023-04-03 20:00:00+00:00,short,buy,28071.8,,9673.75,-0.05,230.3
2023-04-03 21:01:00+00:00,short,sell - take_profit,28071.8,27229.645999999997,9959.13,2.95,233.25
2023-04-03 22:00:00+00:00,short,buy,27699.1,,9954.15,-0.05,233.2
2023-04-03 23:05:00+00:00,short,sell - stop_loss,27699.1,27976.091,9849.63,-1.05,232.15
2023-04-04 00:00:00+00:00,short,buy,27786.1,,9844.7,-0.05,232.1
2023-04-04 05:00:00+00:00,short,sell - direction_change,27786.1,27797.7,9835.67,-0.09,232.01
2023-04-04 05:00:00+00:00,long,buy,27797.7,,9830.75,-0.05,231.96
2023-04-05 00:55:00+00:00,long,sell - take_profit,27797.7,28631.631,10120.76,2.95,234.91
2023-04-05 01:00:00+00:00,long,buy,28655.7,,10115.7,-0.05,234.86
2023-04-05 12:34:00+00:00,long,sell - stop_loss,28655.7,28369.143,10009.48,-1.05,233.81
2023-04-05 13:00:00+00:00,short,buy,28556.4,,10004.48,-0.05,233.76
2023-04-06 03:00:00+00:00,short,sell - direction_change,28556.4,28027.3,10184.84,1.8,235.56
2023-04-06 03:00:00+00:00,long,buy,28027.3,,10179.75,-0.05,235.51
2023-04-06 04:00:00+00:00,long,sell - direction_change,28027.3,28117.4,10207.39,0.27,235.78
2023-04-06 04:00:00+00:00,short,buy,28117.4,,10202.28,-0.05,235.73
2023-04-06 15:00:00+00:00,short,sell - direction_change,28117.4,27935.4,10263.22,0.6,236.33
2023-04-06 15:00:00+00:00,long,buy,27935.4,,10258.09,-0.05,236.28
2023-04-07 05:00:00+00:00,long,sell - direction_change,27935.4,28010.0,10280.35,0.22,236.49
2023-04-07 05:00:00+00:00,short,buy,28010.0,,10275.21,-0.05,236.44
2023-04-07 17:00:00+00:00,short,sell - direction_change,28010.0,27869.8,10321.51,0.45,236.9
2023-04-07 17:00:00+00:00,long,buy,27869.8,,10316.34,-0.05,236.85
2023-04-07 18:00:00+00:00,long,sell - direction_change,27869.8,27900.9,10322.7,0.06,236.91
2023-04-07 18:00:00+00:00,short,buy,27900.9,,10317.54,-0.05,236.86
2023-04-07 19:00:00+00:00,short,sell - direction_change,27900.9,27877.8,10320.92,0.03,236.89
2023-04-07 19:00:00+00:00,long,buy,27877.8,,10315.76,-0.05,236.84
2023-04-07 20:00:00+00:00,long,sell - direction_change,27877.8,27886.3,10313.75,-0.02,236.82
2023-04-07 20:00:00+00:00,short,buy,27886.3,,10308.59,-0.05,236.77
2023-04-07 21:00:00+00:00,short,sell - direction_change,27886.3,27852.6,10315.89,0.07,236.84
2023-04-07 21:00:00+00:00,long,buy,27852.6,,10310.74,-0.05,236.79
2023-04-08 00:00:00+00:00,long,sell - direction_change,27852.6,27890.7,10319.68,0.09,236.88
2023-04-08 00:00:00+00:00,short,buy,27890.7,,10314.52,-0.05,236.83
2023-04-08 02:00:00+00:00,short,sell - direction_change,27890.7,27892.0,10308.89,-0.05,236.77
2023-04-08 02:00:00+00:00,long,buy,27892.0,,10303.73,-0.05,236.72
2023-04-08 15:00:00+00:00,long,sell - direction_change,27892.0,28010.2,10342.25,0.37,237.1
2023-04-08 15:00:00+00:00,short,buy,28010.2,,10337.07,-0.05,237.05
2023-04-09 00:00:00+00:00,short,sell - direction_change,28010.2,27924.9,10363.39,0.25,237.3
2023-04-09 00:00:00+00:00,long,buy,27924.9,,10358.2,-0.05,237.25
2023-04-09 06:00:00+00:00,long,sell - direction_change,27924.9,27987.8,10376.36,0.18,237.43
2023-04-09 06:00:00+00:00,short,buy,27987.8,,10371.17,-0.05,237.38
2023-04-09 17:00:00+00:00,short,sell - direction_change,27987.8,27884.8,10404.15,0.32,237.69
2023-04-09 17:00:00+00:00,long,buy,27884.8,,10398.95,-0.05,237.64
2023-04-10 12:00:00+00:00,long,sell - direction_change,27884.8,28294.3,10546.46,1.42,239.06
2023-04-10 12:00:00+00:00,short,buy,28294.3,,10541.19,-0.05,239.01
2023-04-10 14:00:00+00:00,short,sell - direction_change,28294.3,28207.7,10568.18,0.26,239.27
2023-04-10 14:00:00+00:00,long,buy,28207.7,,10562.9,-0.05,239.22
2023-04-10 16:56:00+00:00,long,sell - take_profit,28207.7,29053.931,10874.5,2.95,242.17
2023-04-10 17:00:00+00:00,long,buy,29033.1,,10869.07,-0.05,242.12
2023-04-11 00:40:00+00:00,long,sell - take_profit,29033.1,29904.093,11189.7,2.95,245.07
2023-04-11 01:00:00+00:00,long,buy,29920.7,,11184.11,-0.05,245.02
2023-04-11 11:00:00+00:00,long,sell - direction_change,29920.7,30114.2,11250.84,0.6,245.62
2023-04-11 11:00:00+00:00,short,buy,30114.2,,11245.22,-0.05,245.57
2023-04-11 12:00:00+00:00,short,sell - direction_change,30114.2,30045.1,11265.4,0.18,245.75
2023-04-11 12:00:00+00:00,long,buy,30045.1,,11259.77,-0.05,245.7
2023-04-11 14:00:00+00:00,long,sell - direction_change,30045.1,30233.5,11324.74,0.58,246.27
2023-04-11 14:00:00+00:00,short,buy,30233.5,,11319.08,-0.05,246.22
2023-04-11 15:00:00+00:00,short,sell - direction_change,30233.5,30047.8,11382.94,0.56,246.79
2023-04-11 15:00:00+00:00,long,buy,30047.8,,11377.25,-0.05,246.74
2023-04-11 23:00:00+00:00,long,sell - direction_change,30047.8,30250.9,11448.47,0.63,247.36
2023-04-11 23:00:00+00:00,short,buy,30250.9,,11442.74,-0.05,247.31
2023-04-12 00:00:00+00:00,short,sell - direction_change,30250.9,30185.1,11461.91,0.17,247.48
2023-04-12 00:00:00+00:00,long,buy,30185.1,,11456.18,-0.05,247.43
2023-04-12 01:00:00+00:00,long,sell - direction_change,30185.1,30213.0,11461.04,0.04,247.47
2023-04-12 01:00:00+00:00,short,buy,30213.0,,11455.31,-0.05,247.42
2023-04-12 12:00:00+00:00,short,sell - direction_change,30213.0,30003.7,11528.94,0.64,248.07
2023-04-12 12:00:00+00:00,long,buy,30003.7,,11523.17,-0.05,248.02
2023-04-12 13:00:00+00:00,long,sell - direction_change,30003.7,30132.6,11566.92,0.38,248.4
2023-04-12 13:00:00+00:00,short,buy,30132.6,,11561.13,-0.05,248.35
2023-04-12 17:00:00+00:00,short,sell - direction_change,30132.6,29922.2,11636.08,0.65,248.99
2023-04-12 17:00:00+00:00,long,buy,29922.2,,11630.26,-0.05,248.94
2023-04-12 18:00:00+00:00,long,sell - direction_change,29922.2,30007.9,11657.76,0.24,249.18
2023-04-12 18:00:00+00:00,short,buy,30007.9,,11651.93,-0.05,249.13
2023-04-13 01:00:00+00:00,short,sell - direction_change,30007.9,29972.9,11659.69,0.07,249.2
2023-04-13 01:00:00+00:00,long,buy,29972.9,,11653.86,-0.05,249.15
2023-04-14 01:47:00+00:00,long,sell - take_profit,29972.9,30872.087000000003,11997.65,2.95,252.1
2023-04-14 02:00:00+00:00,long,buy,30776.3,,11991.65,-0.05,252.05
2023-04-14 14:00:00+00:00,long,sell - direction_change,30776.3,30701.6,11956.55,-0.29,251.75
2023-04-14 14:00:00+00:00,short,buy,30701.6,,11950.57,-0.05,251.7
2023-04-15 02:00:00+00:00,short,sell - direction_change,30701.6,30355.8,12079.2,1.08,252.78
2023-04-15 02:00:00+00:00,long,buy,30355.8,,12073.16,-0.05,252.73
2023-04-15 06:00:00+00:00,long,sell - direction_change,30355.8,30410.0,12088.68,0.13,252.86
2023-04-15 06:00:00+00:00,short,buy,30410.0,,12082.63,-0.05,252.81
2023-04-15 07:00:00+00:00,short,sell - direction_change,30410.0,30376.5,12089.9,0.06,252.87
2023-04-15 07:00:00+00:00,long,buy,30376.5,,12083.86,-0.05,252.82
2023-04-15 08:00:00+00:00,long,sell - direction_change,30376.5,30416.6,12093.77,0.08,252.9
2023-04-15 08:00:00+00:00,short,buy,30416.6,,12087.72,-0.05,252.85
2023-04-15 09:00:00+00:00,short,sell - direction_change,30416.6,30371.2,12099.72,0.1,252.95
2023-04-15 09:00:00+00:00,long,buy,30371.2,,12093.67,-0.05,252.9
2023-04-15 13:00:00+00:00,long,sell - direction_change,30371.2,30407.4,12102.04,0.07,252.97
2023-04-15 13:00:00+00:00,short,buy,30407.4,,12095.99,-0.05,252.92
2023-04-15 14:00:00+00:00,short,sell - direction_change,30407.4,30320.4,12124.55,0.24,253.16
2023-04-15 14:00:00+00:00,long,buy,30320.4,,12118.48,-0.05,253.11
2023-04-15 15:00:00+00:00,long,sell - direction_change,30320.4,30352.3,12125.17,0.06,253.16
2023-04-15 15:00:00+00:00,short,buy,30352.3,,12119.11,-0.05,253.11
2023-04-16 04:00:00+00:00,short,sell - direction_change,30352.3,30249.0,12154.3,0.29,253.4
2023-04-16 04:00:00+00:00,long,buy,30249.0,,12148.22,-0.05,253.35
2023-04-16 08:00:00+00:00,long,sell - direction_change,30249.0,30330.8,12175.0,0.22,253.57
2023-04-16 08:00:00+00:00,short,buy,30330.8,,12168.91,-0.05,253.52
2023-04-16 10:00:00+00:00,short,sell - direction_change,30330.8,30268.6,12187.78,0.16,253.68
2023-04-16 10:00:00+00:00,long,buy,30268.6,,12181.69,-0.05,253.63
2023-04-16 11:00:00+00:00,long,sell - direction_change,30268.6,30280.0,12180.19,-0.01,253.61
2023-04-16 11:00:00+00:00,short,buy,30280.0,,12174.09,-0.05,253.56
2023-04-16 14:00:00+00:00,short,sell - direction_change,30280.0,30241.0,12183.69,0.08,253.64
2023-04-16 14:00:00+00:00,long,buy,30241.0,,12177.6,-0.05,253.59
2023-04-17 00:00:00+00:00,long,sell - direction_change,30241.0,30286.6,12189.87,0.1,253.69
2023-04-17 00:00:00+00:00,short,buy,30286.6,,12183.77,-0.05,253.64
2023-04-17 10:00:00+00:00,short,sell - direction_change,30286.6,29870.9,12344.91,1.32,254.97
2023-04-17 10:00:00+00:00,long,buy,29870.9,,12338.74,-0.05,254.92
2023-04-17 11:00:00+00:00,long,sell - direction_change,29870.9,29880.7,12336.62,-0.02,254.9
2023-04-17 11:00:00+00:00,short,buy,29880.7,,12330.45,-0.05,254.85
2023-04-18 01:00:00+00:00,short,sell - direction_change,29880.7,29356.0,12540.81,1.71,256.56
2023-04-18 01:00:00+00:00,long,buy,29356.0,,12534.53,-0.05,256.51
2023-04-18 03:00:00+00:00,long,sell - direction_change,29356.0,29453.3,12569.81,0.28,256.79
2023-04-18 03:00:00+00:00,short,buy,29453.3,,12563.53,-0.05,256.74
2023-04-18 04:00:00+00:00,short,sell - direction_change,29453.3,29431.6,12566.5,0.02,256.76
2023-04-18 04:00:00+00:00,long,buy,29431.6,,12560.22,-0.05,256.71
2023-04-18 11:39:00+00:00,long,sell - take_profit,29431.6,30314.548,12930.75,2.95,259.66
2023-04-18 12:00:00+00:00,long,buy,30369.7,,12924.28,-0.05,259.61
2023-04-18 17:54:00+00:00,long,sell - stop_loss,30369.7,30066.003,12788.58,-1.05,258.56
2023-04-18 18:00:00+00:00,long,buy,30013.4,,12782.18,-0.05,258.51
2023-04-19 02:00:00+00:00,long,sell - direction_change,30013.4,30222.6,12864.88,0.65,259.16
2023-04-19 02:00:00+00:00,short,buy,30222.6,,12858.45,-0.05,259.11
2023-04-19 03:00:00+00:00,short,sell - direction_change,30222.6,30191.0,12865.47,0.05,259.16
2023-04-19 03:00:00+00:00,long,buy,30191.0,,12859.03,-0.05,259.11
2023-04-19 06:00:00+00:00,long,sell - direction_change,30191.0,30254.0,12879.44,0.16,259.27
2023-04-19 06:00:00+00:00,short,buy,30254.0,,12873.0,-0.05,259.22
2023-04-19 08:10:00+00:00,short,sell - take_profit,30254.0,29346.379999999997,13252.75,2.95,262.17
2023-04-19 09:00:00+00:00,short,buy,29148.1,,13246.13,-0.05,262.12
2023-04-19 14:14:00+00:00,short,sell - stop_loss,29148.1,29439.581,13107.04,-1.05,261.07
2023-04-19 15:00:00+00:00,short,buy,29376.6,,13100.49,-0.05,261.02
2023-04-20 09:00:00+00:00,short,sell - direction_change,29376.6,28819.0,13342.6,1.85,262.87
2023-04-20 09:00:00+00:00,long,buy,28819.0,,13335.93,-0.05,262.82
2023-04-20 10:00:00+00:00,long,sell - direction_change,28819.0,28852.2,13344.62,0.07,262.88
2023-04-20 10:00:00+00:00,short,buy,28852.2,,13337.95,-0.05,262.83
2023-04-20 12:00:00+00:00,short,sell - direction_change,28852.2,28601.5,13447.18,0.82,263.65
2023-04-20 12:00:00+00:00,long,buy,28601.5,,13440.45,-0.05,263.6
2023-04-20 12:17:00+00:00,long,sell - stop_loss,28601.5,28315.485,13299.33,-1.05,262.55
2023-04-20 13:00:00+00:00,short,buy,28876.3,,13292.68,-0.05,262.5
2023-04-20 19:27:00+00:00,short,sell - take_profit,28876.3,28010.011,13684.81,2.95,265.45
2023-04-20 20:00:00+00:00,short,buy,28091.2,,13677.97,-0.05,265.4
2023-04-21 16:00:00+00:00,short,sell - direction_change,28091.2,28032.8,13699.57,0.16,265.56
2023-04-21 16:00:00+00:00,long,buy,28032.8,,13692.72,-0.05,265.51
2023-04-21 17:00:00+00:00,long,sell - direction_change,28032.8,28035.0,13686.95,-0.04,265.47
2023-04-21 17:00:00+00:00,short,buy,28035.0,,13680.1,-0.05,265.42
2023-04-21 19:39:00+00:00,short,sell - take_profit,28035.0,27193.95,14083.67,2.95,268.37
2023-04-21 20:00:00+00:00,short,buy,27273.6,,14076.62,-0.05,268.32
2023-04-22 05:00:00+00:00,short,sell - direction_change,27273.6,27334.0,14038.41,-0.27,268.05
2023-04-22 05:00:00+00:00,long,buy,27334.0,,14031.39,-0.05,268.0
2023-04-22 06:00:00+00:00,long,sell - direction_change,27334.0,27384.0,14050.04,0.13,268.13
2023-04-22 06:00:00+00:00,short,buy,27384.0,,14043.02,-0.05,268.08
2023-04-22 10:00:00+00:00,short,sell - direction_change,27384.0,27229.3,14115.33,0.51,268.59
2023-04-22 10:00:00+00:00,long,buy,27229.3,,14108.27,-0.05,268.54
2023-04-22 11:00:00+00:00,long,sell - direction_change,27229.3,27238.6,14106.04,-0.02,268.53
2023-04-22 11:00:00+00:00,short,buy,27238.6,,14098.98,-0.05,268.48
2023-04-22 12:00:00+00:00,short,sell - direction_change,27238.6,27276.1,14072.52,-0.19,268.29
2023-04-22 12:00:00+00:00,long,buy,27276.1,,14065.49,-0.05,268.24
2023-04-22 13:00:00+00:00,long,sell - direction_change,27276.1,27325.2,14083.77,0.13,268.37
2023-04-22 13:00:00+00:00,short,buy,27325.2,,14076.73,-0.05,268.32
2023-04-22 14:00:00+00:00,short,sell - direction_change,27325.2,27241.9,14112.61,0.25,268.58
2023-04-22 14:00:00+00:00,long,buy,27241.9,,14105.55,-0.05,268.53
2023-04-23 03:00:00+00:00,long,sell - direction_change,27241.9,27580.1,14273.61,1.19,269.72
2023-04-23 03:00:00+00:00,short,buy,27580.1,,14266.48,-0.05,269.67
2023-04-23 04:00:00+00:00,short,sell - direction_change,27580.1,27545.2,14277.4,0.08,269.74
2023-04-23 04:00:00+00:00,long,buy,27545.2,,14270.26,-0.05,269.69
2023-04-23 05:00:00+00:00,long,sell - direction_change,27545.2,27592.0,14287.37,0.12,269.81
2023-04-23 05:00:00+00:00,short,buy,27592.0,,14280.22,-0.05,269.76
2023-04-23 07:00:00+00:00,short,sell - direction_change,27592.0,27575.0,14281.88,0.01,269.78
2023-04-23 07:00:00+00:00,long,buy,27575.0,,14274.74,-0.05,269.73
2023-04-23 09:00:00+00:00,long,sell - direction_change,27575.0,27695.9,14330.19,0.39,270.11
2023-04-23 09:00:00+00:00,short,buy,27695.9,,14323.02,-0.05,270.06
2023-04-23 11:00:00+00:00,short,sell - direction_change,27695.9,27517.1,14408.33,0.6,270.66
2023-04-23 11:00:00+00:00,long,buy,27517.1,,14401.13,-0.05,270.61
2023-04-23 14:00:00+00:00,long,sell - direction_change,27517.1,27614.6,14444.95,0.3,270.91
2023-04-23 14:00:00+00:00,short,buy,27614.6,,14437.73,-0.05,270.86
2023-04-24 00:00:00+00:00,short,sell - direction_change,27614.6,27575.9,14450.74,0.09,270.95
2023-04-24 00:00:00+00:00,long,buy,27575.9,,14443.52,-0.05,270.9
2023-04-24 07:00:00+00:00,long,sell - direction_change,27575.9,27534.0,14414.35,-0.2,270.7
2023-04-24 07:00:00+00:00,short,buy,27534.0,,14407.14,-0.05,270.65
2023-04-24 13:00:00+00:00,short,sell - direction_change,27534.0,27431.3,14453.68,0.32,270.98
2023-04-24 13:00:00+00:00,long,buy,27431.3,,14446.45,-0.05,270.93
2023-04-24 14:00:00+00:00,long,sell - direction_change,27431.3,27611.9,14534.34,0.61,271.53
2023-04-24 14:00:00+00:00,short,buy,27611.9,,14527.07,-0.05,271.48
2023-04-24 18:00:00+00:00,short,sell - direction_change,27611.9,27365.2,14649.6,0.84,272.33
2023-04-24 18:00:00+00:00,long,buy,27365.2,,14642.28,-0.05,272.28
2023-04-24 21:00:00+00:00,long,sell - direction_change,27365.2,27446.7,14678.56,0.25,272.52
2023-04-24 21:00:00+00:00,short,buy,27446.7,,14671.22,-0.05,272.47
2023-04-24 22:00:00+00:00,short,sell - direction_change,27446.7,27400.0,14688.85,0.12,272.59
2023-04-24 22:00:00+00:00,long,buy,27400.0,,14681.51,-0.05,272.54
2023-04-25 03:00:00+00:00,long,sell - direction_change,27400.0,27391.6,14669.67,-0.08,272.46
2023-04-25 03:00:00+00:00,short,buy,27391.6,,14662.33,-0.05,272.41
2023-04-25 04:00:00+00:00,short,sell - direction_change,27391.6,27337.6,14683.91,0.15,272.56
2023-04-25 04:00:00+00:00,long,buy,27337.6,,14676.56,-0.05,272.51
2023-04-25 06:00:00+00:00,long,sell - direction_change,27337.6,27400.8,14703.15,0.18,272.69
2023-04-25 06:00:00+00:00,short,buy,27400.8,,14695.8,-0.05,272.64
2023-04-25 08:00:00+00:00,short,sell - direction_change,27400.8,27252.4,14768.05,0.49,273.13
2023-04-25 08:00:00+00:00,long,buy,27252.4,,14760.66,-0.05,273.08
2023-04-25 09:00:00+00:00,long,sell - direction_change,27252.4,27418.0,14842.98,0.56,273.64
2023-04-25 09:00:00+00:00,short,buy,27418.0,,14835.55,-0.05,273.59
2023-04-25 16:00:00+00:00,short,sell - direction_change,27418.0,27329.5,14876.02,0.27,273.86
2023-04-25 16:00:00+00:00,long,buy,27329.5,,14868.58,-0.05,273.81
2023-04-25 21:02:00+00:00,long,sell - take_profit,27329.5,28149.385000000002,15307.21,2.95,276.76
2023-04-25 22:00:00+00:00,long,buy,28249.4,,15299.55,-0.05,276.71
2023-04-26 10:52:00+00:00,long,sell - take_profit,28249.4,29096.882,15750.89,2.95,279.66
2023-04-26 11:00:00+00:00,long,buy,28982.8,,15743.02,-0.05,279.61
2023-04-26 12:29:00+00:00,long,sell - take_profit,28982.8,29852.284,16207.43,2.95,282.56
2023-04-26 13:00:00+00:00,long,buy,29955.1,,16199.33,-0.05,282.51
2023-04-26 13:40:00+00:00,long,sell - stop_loss,29955.1,29655.549,16029.24,-1.05,281.46
2023-04-26 14:00:00+00:00,long,buy,29837.4,,16021.22,-0.05,281.41
2023-04-26 14:22:00+00:00,long,sell - stop_loss,29837.4,29539.026,15853.0,-1.05,280.36
2023-04-26 15:00:00+00:00,long,buy,29687.9,,15845.07,-0.05,280.31
2023-04-26 19:00:00+00:00,long,sell - direction_change,29687.9,29732.8,15861.12,0.1,280.42
2023-04-26 19:00:00+00:00,short,buy,29732.8,,15853.18,-0.05,280.37
2023-04-26 19:32:00+00:00,short,sell - take_profit,29732.8,28840.816,16320.85,2.95,283.32
2023-04-26 20:00:00+00:00,short,buy,27871.9,,16312.69,-0.05,283.27
2023-04-26 20:42:00+00:00,short,sell - stop_loss,27871.9,28150.619000000002,16141.41,-1.05,282.22
2023-04-26 21:00:00+00:00,short,buy,28405.4,,16133.34,-0.05,282.17
2023-04-26 21:58:00+00:00,short,sell - stop_loss,28405.4,28689.454,15963.94,-1.05,281.12
2023-04-26 22:00:00+00:00,short,buy,28669.9,,15955.96,-0.05,281.07
2023-04-27 00:00:00+00:00,short,sell - direction_change,28669.9,28396.0,16100.42,0.91,281.97
2023-04-27 00:00:00+00:00,long,buy,28396.0,,16092.37,-0.05,281.92
2023-04-27 00:24:00+00:00,long,sell - take_profit,28396.0,29247.88,16567.09,2.95,284.87
2023-04-27 01:00:00+00:00,short,buy,29215.2,,16558.81,-0.05,284.82
2023-04-27 02:00:00+00:00,short,sell - direction_change,29215.2,28730.3,16825.36,1.61,286.43
2023-04-27 02:00:00+00:00,long,buy,28730.3,,16816.95,-0.05,286.38
2023-04-27 03:00:00+00:00,long,sell - direction_change,28730.3,29025.0,16981.04,0.98,287.36
2023-04-27 03:00:00+00:00,short,buy,29025.0,,16972.55,-0.05,287.31
2023-04-27 05:00:00+00:00,short,sell - direction_change,29025.0,29079.3,16932.31,-0.24,287.07
2023-04-27 05:00:00+00:00,long,buy,29079.3,,16923.85,-0.05,287.02
2023-04-27 06:00:00+00:00,long,sell - direction_change,29079.3,29071.9,16911.08,-0.08,286.94
2023-04-27 06:00:00+00:00,short,buy,29071.9,,16902.62,-0.05,286.89
2023-04-27 07:00:00+00:00,short,sell - direction_change,29071.9,28778.6,17064.7,0.96,287.85
2023-04-27 07:00:00+00:00,long,buy,28778.6,,17056.16,-0.05,287.8
2023-04-27 10:00:00+00:00,long,sell - direction_change,28778.6,28920.1,17131.5,0.44,288.24
2023-04-27 10:00:00+00:00,short,buy,28920.1,,17122.93,-0.05,288.19
2023-04-27 11:00:00+00:00,short,sell - direction_change,28920.1,28981.9,17077.78,-0.26,287.93
2023-04-27 11:00:00+00:00,long,buy,28981.9,,17069.24,-0.05,287.88
2023-04-27 12:00:00+00:00,long,sell - direction_change,28981.9,28921.2,17024.96,-0.26,287.62
2023-04-27 12:00:00+00:00,short,buy,28921.2,,17016.45,-0.05,287.57
2023-04-27 13:00:00+00:00,short,sell - direction_change,28921.2,28846.6,17051.83,0.21,287.78
2023-04-27 13:00:00+00:00,long,buy,28846.6,,17043.3,-0.05,287.73
2023-04-27 18:26:00+00:00,long,sell - take_profit,28846.6,29711.998,17546.08,2.95,290.68
2023-04-27 19:00:00+00:00,long,buy,29758.8,,17537.31,-0.05,290.63
2023-04-27 19:12:00+00:00,long,sell - stop_loss,29758.8,29461.212,17353.17,-1.05,289.58
2023-04-27 20:00:00+00:00,long,buy,29659.9,,17344.49,-0.05,289.53
2023-04-27 22:53:00+00:00,long,sell - stop_loss,29659.9,29363.301,17162.37,-1.05,288.48
2023-04-27 23:00:00+00:00,long,buy,29375.5,,17153.79,-0.05,288.43
2023-04-28 08:00:00+00:00,long,sell - direction_change,29375.5,29473.8,17202.62,0.28,288.71
2023-04-28 08:00:00+00:00,short,buy,29473.8,,17194.02,-0.05,288.66
2023-04-28 19:00:00+00:00,short,sell - direction_change,29473.8,29226.7,17329.57,0.79,289.45
2023-04-28 19:00:00+00:00,long,buy,29226.7,,17320.9,-0.05,289.4
2023-04-29 08:00:00+00:00,long,sell - direction_change,29226.7,29333.8,17375.71,0.32,289.72
2023-04-29 08:00:00+00:00,short,buy,29333.8,,17367.03,-0.05,289.67
2023-04-29 11:00:00+00:00,short,sell - direction_change,29333.8,29257.3,17403.64,0.21,289.88
2023-04-29 11:00:00+00:00,long,buy,29257.3,,17394.93,-0.05,289.83
2023-04-29 12:00:00+00:00,long,sell - direction_change,29257.3,29323.4,17425.54,0.18,290.01
2023-04-29 12:00:00+00:00,short,buy,29323.4,,17416.82,-0.05,289.96
2023-04-29 13:00:00+00:00,short,sell - direction_change,29323.4,29269.1,17440.37,0.14,290.09
2023-04-29 13:00:00+00:00,long,buy,29269.1,,17431.65,-0.05,290.04
2023-04-29 14:00:00+00:00,long,sell - direction_change,29269.1,29371.9,17484.15,0.3,290.34
2023-04-29 14:00:00+00:00,short,buy,29371.9,,17475.41,-0.05,290.29
2023-04-30 03:00:00+00:00,short,sell - direction_change,29371.9,29162.5,17591.26,0.66,290.96
2023-04-30 03:00:00+00:00,long,buy,29162.5,,17582.47,-0.05,290.91
2023-04-30 23:00:00+00:00,long,sell - direction_change,29162.5,29363.2,17694.68,0.64,291.54
2023-04-30 23:00:00+00:00,short,buy,29363.2,,17685.83,-0.05,291.49
2023-05-01 01:51:00+00:00,short,sell - take_profit,29363.2,28482.304,18207.56,2.95,294.44
2023-05-01 02:00:00+00:00,short,buy,28488.2,,18198.46,-0.05,294.39
2023-05-01 12:00:00+00:00,short,sell - direction_change,28488.2,28510.6,18175.05,-0.13,294.26
2023-05-01 12:00:00+00:00,long,buy,28510.6,,18165.96,-0.05,294.21
2023-05-01 13:00:00+00:00,long,sell - direction_change,28510.6,28581.4,18201.99,0.2,294.41
2023-05-01 13:00:00+00:00,short,buy,28581.4,,18192.89,-0.05,294.36
2023-05-01 20:50:00+00:00,short,sell - take_profit,28581.4,27723.958000000002,18729.58,2.95,297.31
2023-05-01 21:00:00+00:00,short,buy,27663.7,,18720.22,-0.05,297.26
2023-05-01 21:33:00+00:00,short,sell - stop_loss,27663.7,27940.337,18523.65,-1.05,296.21
2023-05-01 22:00:00+00:00,short,buy,27975.2,,18514.39,-0.05,296.16
2023-05-02 05:00:00+00:00,short,sell - direction_change,27975.2,27916.9,18543.72,0.16,296.32
2023-05-02 05:00:00+00:00,long,buy,27916.9,,18534.45,-0.05,296.27
2023-05-02 09:00:00+00:00,long,sell - direction_change,27916.9,28017.8,18592.17,0.31,296.58
2023-05-02 09:00:00+00:00,short,buy,28017.8,,18582.87,-0.05,296.53
2023-05-02 10:00:00+00:00,short,sell - direction_change,28017.8,27970.0,18605.29,0.12,296.65
2023-05-02 10:00:00+00:00,long,buy,27970.0,,18595.98,-0.05,296.6
2023-05-02 13:00:00+00:00,long,sell - direction_change,27970.0,28095.7,18670.26,0.4,297.0
2023-05-02 13:00:00+00:00,short,buy,28095.7,,18660.92,-0.05,296.95
2023-05-02 14:00:00+00:00,short,sell - direction_change,28095.7,27994.9,18718.54,0.31,297.26
2023-05-02 14:00:00+00:00,long,buy,27994.9,,18709.18,-0.05,297.21
2023-05-02 19:09:00+00:00,long,sell - take_profit,27994.9,28834.747000000003,19261.1,2.95,300.16
2023-05-02 20:00:00+00:00,long,buy,28676.5,,19251.47,-0.05,300.11
2023-05-03 02:05:00+00:00,long,sell - stop_loss,28676.5,28389.735,19049.33,-1.05,299.06
2023-05-03 03:00:00+00:00,long,buy,28497.8,,19039.81,-0.05,299.01
2023-05-03 04:00:00+00:00,long,sell - direction_change,28497.8,28505.5,19035.43,-0.02,298.99
2023-05-03 04:00:00+00:00,short,buy,28505.5,,19025.91,-0.05,298.94
2023-05-03 07:00:00+00:00,short,sell - direction_change,28505.5,28589.5,18960.34,-0.34,298.59
2023-05-03 07:00:00+00:00,long,buy,28589.5,,18950.86,-0.05,298.54
2023-05-03 12:00:00+00:00,long,sell - direction_change,28589.5,28535.0,18905.25,-0.24,298.3
2023-05-03 12:00:00+00:00,short,buy,28535.0,,18895.8,-0.05,298.25
2023-05-03 17:00:00+00:00,short,sell - direction_change,28535.0,28464.8,18932.84,0.2,298.45
2023-05-03 17:00:00+00:00,long,buy,28464.8,,18923.37,-0.05,298.4
2023-05-03 18:00:00+00:00,long,sell - direction_change,28464.8,28559.2,18976.67,0.28,298.68
2023-05-03 18:00:00+00:00,short,buy,28559.2,,18967.18,-0.05,298.63
2023-05-03 20:00:00+00:00,short,sell - direction_change,28559.2,28308.8,19124.0,0.83,299.46
2023-05-03 20:00:00+00:00,long,buy,28308.8,,19114.43,-0.05,299.41
2023-05-03 22:17:00+00:00,long,sell - take_profit,28308.8,29158.064,19678.31,2.95,302.36
2023-05-03 23:00:00+00:00,long,buy,29096.1,,19668.47,-0.05,302.31
2023-05-04 12:00:00+00:00,long,sell - direction_change,29096.1,29145.0,19691.69,0.12,302.43
2023-05-04 12:00:00+00:00,short,buy,29145.0,,19681.85,-0.05,302.38
2023-05-05 00:00:00+00:00,short,sell - direction_change,29145.0,28826.0,19887.43,1.04,303.42
2023-05-05 00:00:00+00:00,long,buy,28826.0,,19877.49,-0.05,303.37
2023-05-05 12:00:00+00:00,long,sell - direction_change,28826.0,29137.6,20082.42,1.03,304.4
2023-05-05 12:00:00+00:00,short,buy,29137.6,,20072.38,-0.05,304.35
2023-05-05 13:00:00+00:00,short,sell - direction_change,29137.6,28939.2,20199.01,0.63,304.98
2023-05-05 13:00:00+00:00,long,buy,28939.2,,20188.91,-0.05,304.93
2023-05-06 00:36:00+00:00,long,sell - take_profit,28939.2,29807.376,20784.49,2.95,307.88
2023-05-06 01:00:00+00:00,long,buy,29657.3,,20774.09,-0.05,307.83
2023-05-06 03:00:00+00:00,long,sell - direction_change,29657.3,29457.7,20623.89,-0.72,307.11
2023-05-06 03:00:00+00:00,short,buy,29457.7,,20613.58,-0.05,307.06
2023-05-06 06:00:00+00:00,short,sell - direction_change,29457.7,29340.5,20685.29,0.35,307.41
2023-05-06 06:00:00+00:00,long,buy,29340.5,,20674.94,-0.05,307.36
2023-05-06 07:00:00+00:00,long,sell - direction_change,29340.5,29376.1,20689.69,0.07,307.43
2023-05-06 07:00:00+00:00,short,buy,29376.1,,20679.35,-0.05,307.38
2023-05-06 15:01:00+00:00,short,sell - take_profit,29376.1,28494.817,21289.39,2.95,310.33
2023-05-06 16:00:00+00:00,short,buy,28557.9,,21278.74,-0.05,310.28
2023-05-06 18:13:00+00:00,short,sell - stop_loss,28557.9,28843.479000000003,21055.32,-1.05,309.23
2023-05-06 19:00:00+00:00,short,buy,28901.3,,21044.79,-0.05,309.18
2023-05-07 00:00:00+00:00,short,sell - direction_change,28901.3,28837.9,21080.43,0.17,309.35
2023-05-07 00:00:00+00:00,long,buy,28837.9,,21069.89,-0.05,309.3
2023-05-07 09:00:00+00:00,long,sell - direction_change,28837.9,28845.5,21064.91,-0.02,309.27
2023-05-07 09:00:00+00:00,short,buy,28845.5,,21054.38,-0.05,309.22
2023-05-07 12:00:00+00:00,short,sell - direction_change,28845.5,28826.5,21057.72,0.02,309.24
2023-05-07 12:00:00+00:00,long,buy,28826.5,,21047.19,-0.05,309.19
2023-05-07 18:00:00+00:00,long,sell - direction_change,28826.5,28888.5,21081.93,0.17,309.36
2023-05-07 18:00:00+00:00,short,buy,28888.5,,21071.39,-0.05,309.31
2023-05-07 19:00:00+00:00,short,sell - direction_change,28888.5,28843.5,21093.68,0.11,309.41
2023-05-07 19:00:00+00:00,long,buy,28843.5,,21083.13,-0.05,309.36
2023-05-07 21:00:00+00:00,long,sell - direction_change,28843.5,28901.6,21115.06,0.15,309.51
2023-05-07 21:00:00+00:00,short,buy,28901.6,,21104.5,-0.05,309.46
2023-05-08 03:45:00+00:00,short,sell - take_profit,28901.6,28034.551999999996,21727.09,2.95,312.41
2023-05-08 04:00:00+00:00,short,buy,28188.1,,21716.22,-0.05,312.36
2023-05-08 18:03:00+00:00,short,sell - take_profit,28188.1,27342.457,22356.85,2.95,315.31
2023-05-08 19:00:00+00:00,short,buy,27465.3,,22345.67,-0.05,315.26
2023-05-09 01:31:00+00:00,short,sell - stop_loss,27465.3,27739.952999999998,22111.04,-1.05,314.21
2023-05-09 02:00:00+00:00,short,buy,27687.3,,22099.99,-0.05,314.16
2023-05-09 05:00:00+00:00,short,sell - direction_change,27687.3,27598.0,22160.22,0.27,314.43
2023-05-09 05:00:00+00:00,long,buy,27598.0,,22149.14,-0.05,314.38
2023-05-09 08:00:00+00:00,long,sell - direction_change,27598.0,27649.3,22179.23,0.14,314.52
2023-05-09 08:00:00+00:00,short,buy,27649.3,,22168.14,-0.05,314.47
2023-05-09 10:00:00+00:00,short,sell - direction_change,27649.3,27569.4,22221.12,0.24,314.71
2023-05-09 10:00:00+00:00,long,buy,27569.4,,22210.01,-0.05,314.66
2023-05-09 13:00:00+00:00,long,sell - direction_change,27569.4,27744.9,22340.29,0.59,315.25
2023-05-09 13:00:00+00:00,short,buy,27744.9,,22329.12,-0.05,315.2
2023-05-09 16:00:00+00:00,short,sell - direction_change,27744.9,27385.8,22606.96,1.24,316.44
2023-05-09 16:00:00+00:00,long,buy,27385.8,,22595.65,-0.05,316.39
2023-05-09 18:00:00+00:00,long,sell - direction_change,27385.8,27605.4,22765.55,0.75,317.14
2023-05-09 18:00:00+00:00,short,buy,27605.4,,22754.16,-0.05,317.09
2023-05-09 19:00:00+00:00,short,sell - direction_change,27605.4,27545.9,22791.83,0.17,317.26
2023-05-09 19:00:00+00:00,long,buy,27545.9,,22780.43,-0.05,317.21
2023-05-09 21:00:00+00:00,long,sell - direction_change,27545.9,27636.0,22843.56,0.28,317.49
2023-05-09 21:00:00+00:00,short,buy,27636.0,,22832.13,-0.05,317.44
2023-05-09 23:00:00+00:00,short,sell - direction_change,27636.0,27564.0,22880.2,0.21,317.65
2023-05-09 23:00:00+00:00,long,buy,27564.0,,22868.76,-0.05,317.6
2023-05-10 05:00:00+00:00,long,sell - direction_change,27564.0,27673.6,22948.26,0.35,317.94
2023-05-10 05:00:00+00:00,short,buy,27673.6,,22936.78,-0.05,317.89
2023-05-10 11:00:00+00:00,short,sell - direction_change,27673.6,27579.2,23003.56,0.29,318.18
2023-05-10 11:00:00+00:00,long,buy,27579.2,,22992.06,-0.05,318.13
2023-05-10 17:00:00+00:00,long,sell - direction_change,27579.2,28166.6,23470.26,2.08,320.21
2023-05-10 17:00:00+00:00,short,buy,28166.6,,23458.53,-0.05,320.16
2023-05-10 17:15:00+00:00,short,sell - take_profit,28166.6,27321.602,24150.55,2.95,323.11
2023-05-10 18:00:00+00:00,short,buy,27481.1,,24138.48,-0.05,323.06
2023-05-10 19:00:00+00:00,short,sell - direction_change,27481.1,27417.0,24182.71,0.18,323.25
2023-05-10 19:00:00+00:00,long,buy,27417.0,,24170.62,-0.05,323.2
2023-05-10 21:00:00+00:00,long,sell - direction_change,27417.0,27848.4,24538.85,1.52,324.72
2023-05-10 21:00:00+00:00,short,buy,27848.4,,24526.58,-0.05,324.67
2023-05-11 04:00:00+00:00,short,sell - direction_change,27848.4,27435.1,24878.32,1.43,326.11
2023-05-11 04:00:00+00:00,long,buy,27435.1,,24865.88,-0.05,326.06
2023-05-11 05:00:00+00:00,long,sell - direction_change,27435.1,27484.0,24897.77,0.13,326.18
2023-05-11 05:00:00+00:00,short,buy,27484.0,,24885.32,-0.05,326.13
2023-05-12 02:55:00+00:00,short,sell - take_profit,27484.0,26659.48,25619.44,2.95,329.08
2023-05-12 03:00:00+00:00,short,buy,26632.0,,25606.63,-0.05,329.03
2023-05-12 18:00:00+00:00,short,sell - direction_change,26632.0,26288.6,25924.0,1.24,330.27
2023-05-12 18:00:00+00:00,long,buy,26288.6,,25911.04,-0.05,330.22
2023-05-12 19:25:00+00:00,long,sell - stop_loss,26288.6,26025.714,25638.98,-1.05,329.17
2023-05-12 20:00:00+00:00,long,buy,26445.1,,25626.16,-0.05,329.12
2023-05-13 14:00:00+00:00,long,sell - direction_change,26445.1,26810.7,25967.62,1.33,330.46
2023-05-13 14:00:00+00:00,short,buy,26810.7,,25954.64,-0.05,330.41
2023-05-13 15:00:00+00:00,short,sell - direction_change,26810.7,26780.8,25970.6,0.06,330.47
2023-05-13 15:00:00+00:00,long,buy,26780.8,,25957.62,-0.05,330.42
2023-05-13 23:00:00+00:00,long,sell - direction_change,26780.8,26879.2,26040.02,0.32,330.73
2023-05-13 23:00:00+00:00,short,buy,26879.2,,26027.0,-0.05,330.68
2023-05-14 03:00:00+00:00,short,sell - direction_change,26879.2,26799.1,26091.54,0.25,330.93
2023-05-14 03:00:00+00:00,long,buy,26799.1,,26078.5,-0.05,330.88
2023-05-15 00:00:00+00:00,long,sell - direction_change,26799.1,26901.9,26165.49,0.33,331.22
2023-05-15 00:00:00+00:00,short,buy,26901.9,,26152.41,-0.05,331.17
2023-05-15 01:00:00+00:00,short,sell - direction_change,26901.9,26787.7,26250.35,0.37,331.54
2023-05-15 01:00:00+00:00,long,buy,26787.7,,26237.23,-0.05,331.49
2023-05-15 16:39:00+00:00,long,sell - take_profit,26787.7,27591.331000000002,27011.23,2.95,334.44
2023-05-15 17:00:00+00:00,long,buy,27467.6,,26997.72,-0.05,334.39
2023-05-15 20:00:00+00:00,long,sell - direction_change,27467.6,27410.1,26927.71,-0.26,334.13
2023-05-15 20:00:00+00:00,short,buy,27410.1,,26914.24,-0.05,334.08
2023-05-15 21:00:00+00:00,short,sell - direction_change,27410.1,27338.5,26971.09,0.21,334.29
2023-05-15 21:00:00+00:00,long,buy,27338.5,,26957.6,-0.05,334.24
2023-05-15 22:00:00+00:00,long,sell - direction_change,27338.5,27352.4,26957.83,0.0,334.24
2023-05-15 22:00:00+00:00,short,buy,27352.4,,26944.35,-0.05,334.19
2023-05-16 07:00:00+00:00,short,sell - direction_change,27352.4,27051.2,27227.59,1.05,335.24
2023-05-16 07:00:00+00:00,long,buy,27051.2,,27213.97,-0.05,335.19
2023-05-16 08:00:00+00:00,long,sell - direction_change,27051.2,27240.6,27390.91,0.65,335.84
2023-05-16 08:00:00+00:00,short,buy,27240.6,,27377.21,-0.05,335.79
2023-05-16 11:00:00+00:00,short,sell - direction_change,27240.6,27001.1,27604.22,0.83,336.62
2023-05-16 11:00:00+00:00,long,buy,27001.1,,27590.42,-0.05,336.57
2023-05-16 12:00:00+00:00,long,sell - direction_change,27001.1,27049.3,27625.88,0.13,336.7
2023-05-16 12:00:00+00:00,short,buy,27049.3,,27612.06,-0.05,336.65
2023-05-16 23:00:00+00:00,short,sell - direction_change,27049.3,26989.1,27659.71,0.17,336.82
2023-05-16 23:00:00+00:00,long,buy,26989.1,,27645.88,-0.05,336.77
2023-05-17 05:00:00+00:00,long,sell - direction_change,26989.1,27059.1,27703.76,0.21,336.98
2023-05-17 05:00:00+00:00,short,buy,27059.1,,27689.91,-0.05,336.93
2023-05-17 06:00:00+00:00,short,sell - direction_change,27059.1,26978.3,27758.75,0.25,337.18
2023-05-17 06:00:00+00:00,long,buy,26978.3,,27744.87,-0.05,337.13
2023-05-17 07:00:00+00:00,long,sell - direction_change,26978.3,26985.9,27738.81,-0.02,337.11
2023-05-17 07:00:00+00:00,short,buy,26985.9,,27724.94,-0.05,337.06
2023-05-17 17:00:00+00:00,short,sell - direction_change,26985.9,26891.7,27807.86,0.3,337.36
2023-05-17 17:00:00+00:00,long,buy,26891.7,,27793.96,-0.05,337.31
2023-05-18 06:00:00+00:00,long,sell - direction_change,26891.7,27211.2,28110.28,1.14,338.45
2023-05-18 06:00:00+00:00,short,buy,27211.2,,28096.22,-0.05,338.4
2023-05-18 07:00:00+00:00,short,sell - direction_change,27211.2,27196.5,28097.35,0.0,338.4
2023-05-18 07:00:00+00:00,long,buy,27196.5,,28083.31,-0.05,338.35
2023-05-18 10:00:00+00:00,long,sell - direction_change,27196.5,27392.6,28271.76,0.67,339.02
2023-05-18 10:00:00+00:00,short,buy,27392.6,,28257.62,-0.05,338.97
2023-05-18 11:00:00+00:00,short,sell - direction_change,27392.6,27337.3,28300.54,0.15,339.12
2023-05-18 11:00:00+00:00,long,buy,27337.3,,28286.39,-0.05,339.07
2023-05-18 12:00:00+00:00,long,sell - direction_change,27337.3,27391.8,28328.64,0.15,339.22
2023-05-18 12:00:00+00:00,short,buy,27391.8,,28314.47,-0.05,339.17
2023-05-18 17:55:00+00:00,short,sell - take_profit,27391.8,26570.046,29149.75,2.95,342.12
2023-05-18 18:00:00+00:00,short,buy,26475.1,,29135.18,-0.05,342.07
2023-05-18 19:34:00+00:00,short,sell - stop_loss,26475.1,26739.851,28829.26,-1.05,341.02
2023-05-18 20:00:00+00:00,short,buy,26719.3,,28814.84,-0.05,340.97
2023-05-18 21:38:00+00:00,short,sell - stop_loss,26719.3,26986.493,28512.29,-1.05,339.92
2023-05-18 22:00:00+00:00,short,buy,26901.5,,28498.03,-0.05,339.87
2023-05-19 03:00:00+00:00,short,sell - direction_change,26901.5,26792.5,28599.25,0.36,340.23
2023-05-19 03:00:00+00:00,long,buy,26792.5,,28584.95,-0.05,340.18
2023-05-19 07:00:00+00:00,long,sell - direction_change,26792.5,26891.0,28675.75,0.32,340.5
2023-05-19 07:00:00+00:00,short,buy,26891.0,,28661.41,-0.05,340.45
2023-05-19 08:00:00+00:00,short,sell - direction_change,26891.0,26842.0,28699.31,0.13,340.58
2023-05-19 08:00:00+00:00,long,buy,26842.0,,28684.96,-0.05,340.53
2023-05-19 10:00:00+00:00,long,sell - direction_change,26842.0,26831.2,28659.07,-0.09,340.44
2023-05-19 10:00:00+00:00,short,buy,26831.2,,28644.74,-0.05,340.39
2023-05-19 11:00:00+00:00,short,sell - direction_change,26831.2,26810.8,28652.2,0.03,340.42
2023-05-19 11:00:00+00:00,long,buy,26810.8,,28637.87,-0.05,340.37
2023-05-19 14:00:00+00:00,long,sell - direction_change,26810.8,26852.9,28668.52,0.11,340.47
2023-05-19 14:00:00+00:00,short,buy,26852.9,,28654.19,-0.05,340.42
2023-05-19 15:00:00+00:00,short,sell - direction_change,26852.9,26826.0,28668.57,0.05,340.47
2023-05-19 15:00:00+00:00,long,buy,26826.0,,28654.23,-0.05,340.42
2023-05-19 16:00:00+00:00,long,sell - direction_change,26826.0,26870.0,28686.9,0.11,340.54
2023-05-19 16:00:00+00:00,short,buy,26870.0,,28672.56,-0.05,340.49
2023-05-19 17:00:00+00:00,short,sell - direction_change,26870.0,26822.5,28708.91,0.13,340.61
2023-05-19 17:00:00+00:00,long,buy,26822.5,,28694.55,-0.05,340.56
2023-05-19 19:00:00+00:00,long,sell - direction_change,26822.5,26876.7,28738.19,0.15,340.72
2023-05-19 19:00:00+00:00,short,buy,26876.7,,28723.82,-0.05,340.67
2023-05-19 21:00:00+00:00,short,sell - direction_change,26876.7,26819.8,28770.27,0.16,340.83
2023-05-19 21:00:00+00:00,long,buy,26819.8,,28755.88,-0.05,340.78
2023-05-19 22:00:00+00:00,long,sell - direction_change,26819.8,26897.1,28824.39,0.24,341.02
2023-05-19 22:00:00+00:00,short,buy,26897.1,,28809.97,-0.05,340.97
2023-05-19 23:00:00+00:00,short,sell - direction_change,26897.1,26861.6,28833.59,0.08,341.05
2023-05-19 23:00:00+00:00,long,buy,26861.6,,28819.18,-0.05,341.0
2023-05-20 00:00:00+00:00,long,sell - direction_change,26861.6,26870.1,28813.89,-0.02,340.98
2023-05-20 00:00:00+00:00,short,buy,26870.1,,28799.48,-0.05,340.93
2023-05-20 08:00:00+00:00,short,sell - direction_change,26870.1,26841.9,28815.31,0.05,340.98
2023-05-20 08:00:00+00:00,long,buy,26841.9,,28800.9,-0.05,340.93
2023-05-21 08:00:00+00:00,long,sell - direction_change,26841.9,27044.6,29003.99,0.71,341.64
2023-05-21 08:00:00+00:00,short,buy,27044.6,,28989.49,-0.05,341.59
2023-05-22 06:00:00+00:00,short,sell - direction_change,27044.6,26743.1,29298.18,1.06,342.65
2023-05-22 06:00:00+00:00,long,buy,26743.1,,29283.53,-0.05,342.6
2023-05-22 23:00:00+00:00,long,sell - direction_change,26743.1,26857.4,29394.04,0.38,342.98
2023-05-22 23:00:00+00:00,short,buy,26857.4,,29379.35,-0.05,342.93
2023-05-23 01:00:00+00:00,short,sell - direction_change,26857.4,26815.4,29410.6,0.11,343.04
2023-05-23 01:00:00+00:00,long,buy,26815.4,,29395.9,-0.05,342.99
2023-05-23 13:00:00+00:00,long,sell - direction_change,26815.4,27271.8,29881.52,1.65,344.64
2023-05-23 13:00:00+00:00,short,buy,27271.8,,29866.58,-0.05,344.59
2023-05-23 14:00:00+00:00,short,sell - direction_change,27271.8,27229.7,29897.75,0.1,344.69
2023-05-23 14:00:00+00:00,long,buy,27229.7,,29882.8,-0.05,344.64
2023-05-23 16:00:00+00:00,long,sell - direction_change,27229.7,27310.8,29956.86,0.25,344.89
2023-05-23 16:00:00+00:00,short,buy,27310.8,,29941.88,-0.05,344.84
2023-05-24 13:50:00+00:00,short,sell - take_profit,27310.8,26491.476,30825.17,2.95,347.79
2023-05-24 14:00:00+00:00,short,buy,26432.0,,30809.76,-0.05,347.74
2023-05-25 04:00:00+00:00,short,sell - direction_change,26432.0,26171.1,31098.46,0.94,348.68
2023-05-25 04:00:00+00:00,long,buy,26171.1,,31082.91,-0.05,348.63
2023-05-25 06:00:00+00:00,long,sell - direction_change,26171.1,26251.2,31162.5,0.26,348.88
2023-05-25 06:00:00+00:00,short,buy,26251.2,,31146.92,-0.05,348.83
2023-05-25 10:00:00+00:00,short,sell - direction_change,26251.2,26271.3,31107.5,-0.13,348.71
2023-05-25 10:00:00+00:00,long,buy,26271.3,,31091.95,-0.05,348.66
2023-05-26 05:00:00+00:00,long,sell - direction_change,26271.3,26420.1,31252.51,0.52,349.17
2023-05-26 05:00:00+00:00,short,buy,26420.1,,31236.88,-0.05,349.12
2023-05-26 06:00:00+00:00,short,sell - direction_change,26420.1,26340.0,31315.96,0.25,349.38
2023-05-26 06:00:00+00:00,long,buy,26340.0,,31300.31,-0.05,349.33
2023-05-27 00:00:00+00:00,long,sell - direction_change,26340.0,26689.8,31700.33,1.28,350.61
2023-05-27 00:00:00+00:00,short,buy,26689.8,,31684.48,-0.05,350.56
2023-05-27 01:00:00+00:00,short,sell - direction_change,26689.8,26644.1,31722.89,0.12,350.68
2023-05-27 01:00:00+00:00,long,buy,26644.1,,31707.03,-0.05,350.63
2023-05-27 05:00:00+00:00,long,sell - direction_change,26644.1,26746.7,31813.27,0.34,350.96
2023-05-27 05:00:00+00:00,short,buy,26746.7,,31797.36,-0.05,350.91
2023-05-27 06:00:00+00:00,short,sell - direction_change,26746.7,26714.9,31819.27,0.07,350.98
2023-05-27 06:00:00+00:00,long,buy,26714.9,,31803.36,-0.05,350.93
2023-05-27 09:00:00+00:00,long,sell - direction_change,26714.9,26677.1,31742.46,-0.19,350.74
2023-05-27 09:00:00+00:00,short,buy,26677.1,,31726.59,-0.05,350.69
2023-05-27 11:00:00+00:00,short,sell - direction_change,26677.1,26669.5,31719.76,-0.02,350.67
2023-05-27 11:00:00+00:00,long,buy,26669.5,,31703.9,-0.05,350.62
2023-05-27 13:00:00+00:00,long,sell - direction_change,26669.5,26699.9,31724.19,0.06,350.68
2023-05-27 13:00:00+00:00,short,buy,26699.9,,31708.33,-0.05,350.63
2023-05-27 17:00:00+00:00,short,sell - direction_change,26699.9,26654.1,31746.86,0.12,350.75
2023-05-27 17:00:00+00:00,long,buy,26654.1,,31730.99,-0.05,350.7
2023-05-28 18:21:00+00:00,long,sell - take_profit,26654.1,27453.722999999998,32667.06,2.95,353.65
2023-05-28 19:00:00+00:00,long,buy,27577.3,,32650.72,-0.05,353.6
2023-05-29 00:20:00+00:00,long,sell - take_profit,27577.3,28404.619,33613.92,2.95,356.55
2023-05-29 01:00:00+00:00,long,buy,28188.6,,33597.11,-0.05,356.5
2023-05-29 03:54:00+00:00,long,sell - stop_loss,28188.6,27906.714,33244.34,-1.05,355.45
2023-05-29 04:00:00+00:00,long,buy,27948.0,,33227.72,-0.05,355.4
2023-05-29 08:00:00+00:00,long,sell - direction_change,27948.0,27895.0,33148.09,-0.24,355.16
2023-05-29 08:00:00+00:00,short,buy,27895.0,,33131.52,-0.05,355.11
2023-05-29 09:00:00+00:00,short,sell - direction_change,27895.0,27892.6,33117.8,-0.04,355.07
2023-05-29 09:00:00+00:00,long,buy,27892.6,,33101.25,-0.05,355.02
2023-05-29 10:00:00+00:00,long,sell - direction_change,27892.6,27932.6,33132.16,0.09,355.12
2023-05-29 10:00:00+00:00,short,buy,27932.6,,33115.6,-0.05,355.07
2023-05-30 01:00:00+00:00,short,sell - direction_change,27932.6,27701.3,33373.26,0.78,355.84
2023-05-30 01:00:00+00:00,long,buy,27701.3,,33356.57,-0.05,355.79
2023-05-30 14:00:00+00:00,long,sell - direction_change,27701.3,27787.9,33444.17,0.26,356.06
2023-05-30 14:00:00+00:00,short,buy,27787.9,,33427.45,-0.05,356.01
2023-05-30 18:00:00+00:00,short,sell - direction_change,27787.9,27684.4,33535.24,0.32,356.33
2023-05-30 18:00:00+00:00,long,buy,27684.4,,33518.48,-0.05,356.28
2023-05-30 20:00:00+00:00,long,sell - direction_change,27684.4,27836.4,33685.75,0.5,356.78
2023-05-30 20:00:00+00:00,short,buy,27836.4,,33668.91,-0.05,356.73
2023-05-31 00:00:00+00:00,short,sell - direction_change,27836.4,27680.0,33841.24,0.51,357.24
2023-05-31 00:00:00+00:00,long,buy,27680.0,,33824.32,-0.05,357.19
2023-05-31 02:00:00+00:00,long,sell - direction_change,27680.0,27726.6,33864.35,0.12,357.31
2023-05-31 02:00:00+00:00,short,buy,27726.6,,33847.42,-0.05,357.26
2023-05-31 14:19:00+00:00,short,sell - take_profit,27726.6,26894.801999999996,34845.92,2.95,360.21
2023-05-31 15:00:00+00:00,short,buy,27022.9,,34828.5,-0.05,360.16
2023-05-31 20:00:00+00:00,short,sell - direction_change,27022.9,26999.5,34841.24,0.04,360.19
2023-05-31 20:00:00+00:00,long,buy,26999.5,,34823.82,-0.05,360.14
2023-05-31 21:00:00+00:00,long,sell - direction_change,26999.5,27096.9,34932.03,0.31,360.46
2023-05-31 21:00:00+00:00,short,buy,27096.9,,34914.57,-0.05,360.41
2023-05-31 22:00:00+00:00,short,sell - direction_change,27096.9,27081.9,34916.44,0.01,360.41
2023-05-31 22:00:00+00:00,long,buy,27081.9,,34898.98,-0.05,360.36
2023-06-01 02:00:00+00:00,long,sell - direction_change,27081.9,27065.5,34860.4,-0.11,360.25
2023-06-01 02:00:00+00:00,short,buy,27065.5,,34842.97,-0.05,360.2
2023-06-01 14:00:00+00:00,short,sell - direction_change,27065.5,26881.8,35062.03,0.63,360.83
2023-06-01 14:00:00+00:00,long,buy,26881.8,,35044.5,-0.05,360.78
2023-06-01 19:00:00+00:00,long,sell - direction_change,26881.8,26960.4,35129.45,0.24,361.02
2023-06-01 19:00:00+00:00,short,buy,26960.4,,35111.88,-0.05,360.97
2023-06-02 02:00:00+00:00,short,sell - direction_change,26960.4,26805.6,35295.93,0.52,361.5
2023-06-02 02:00:00+00:00,long,buy,26805.6,,35278.28,-0.05,361.45
2023-06-02 13:00:00+00:00,long,sell - direction_change,26805.6,27084.6,35627.83,0.99,362.44
2023-06-02 13:00:00+00:00,short,buy,27084.6,,35610.01,-0.05,362.39
2023-06-02 14:00:00+00:00,short,sell - direction_change,27084.6,26896.4,35839.65,0.64,363.03
2023-06-02 14:00:00+00:00,long,buy,26896.4,,35821.73,-0.05,362.98
2023-06-03 05:00:00+00:00,long,sell - direction_change,26896.4,27151.1,36143.04,0.9,363.88
2023-06-03 05:00:00+00:00,short,buy,27151.1,,36124.97,-0.05,363.83
2023-06-03 06:00:00+00:00,short,sell - direction_change,27151.1,27149.0,36109.7,-0.04,363.79
2023-06-03 06:00:00+00:00,long,buy,27149.0,,36091.64,-0.05,363.74
2023-06-03 07:00:00+00:00,long,sell - direction_change,27149.0,27169.4,36100.72,0.03,363.76
2023-06-03 07:00:00+00:00,short,buy,27169.4,,36082.67,-0.05,363.71
2023-06-03 09:00:00+00:00,short,sell - direction_change,27169.4,27134.2,36111.37,0.08,363.79
2023-06-03 09:00:00+00:00,long,buy,27134.2,,36093.32,-0.05,363.74
2023-06-03 10:00:00+00:00,long,sell - direction_change,27134.2,27144.2,36088.57,-0.01,363.73
2023-06-03 10:00:00+00:00,short,buy,27144.2,,36070.53,-0.05,363.68
2023-06-03 12:00:00+00:00,short,sell - direction_change,27144.2,27121.0,36083.32,0.04,363.71
2023-06-03 12:00:00+00:00,long,buy,27121.0,,36065.28,-0.05,363.66
2023-06-03 17:00:00+00:00,long,sell - direction_change,27121.0,27239.4,36204.7,0.39,364.05
2023-06-03 17:00:00+00:00,short,buy,27239.4,,36186.59,-0.05,364.0
2023-06-04 06:00:00+00:00,short,sell - direction_change,27239.4,27032.6,36443.23,0.71,364.71
2023-06-04 06:00:00+00:00,long,buy,27032.6,,36425.01,-0.05,364.66
2023-06-04 21:00:00+00:00,long,sell - direction_change,27032.6,27233.2,36677.09,0.69,365.35
2023-06-04 21:00:00+00:00,short,buy,27233.2,,36658.75,-0.05,365.3
2023-06-04 22:00:00+00:00,short,sell - direction_change,27233.2,27185.3,36704.9,0.13,365.43
2023-06-04 22:00:00+00:00,long,buy,27185.3,,36686.55,-0.05,365.38
2023-06-04 23:00:00+00:00,long,sell - direction_change,27185.3,27221.1,36716.52,0.08,365.46
2023-06-04 23:00:00+00:00,short,buy,27221.1,,36698.16,-0.05,365.41
2023-06-05 15:25:00+00:00,short,sell - take_profit,27221.1,26404.466999999997,37780.76,2.95,368.36
2023-06-05 16:00:00+00:00,short,buy,25991.9,,37761.86,-0.05,368.31
2023-06-06 04:00:00+00:00,short,sell - direction_change,25991.9,25719.8,38138.3,1.0,369.31
2023-06-06 04:00:00+00:00,long,buy,25719.8,,38119.23,-0.05,369.26
2023-06-06 08:00:00+00:00,long,sell - direction_change,25719.8,25706.3,38080.16,-0.1,369.15
2023-06-06 08:00:00+00:00,short,buy,25706.3,,38061.12,-0.05,369.1
2023-06-06 09:00:00+00:00,short,sell - direction_change,25706.3,25688.3,38068.74,0.02,369.12
2023-06-06 09:00:00+00:00,long,buy,25688.3,,38049.71,-0.05,369.07
2023-06-06 11:00:00+00:00,long,sell - direction_change,25688.3,25729.9,38092.3,0.11,369.18
2023-06-06 11:00:00+00:00,short,buy,25729.9,,38073.26,-0.05,369.13
2023-06-06 13:00:00+00:00,short,sell - direction_change,25729.9,25524.4,38358.3,0.75,369.88
2023-06-06 13:00:00+00:00,long,buy,25524.4,,38339.12,-0.05,369.83
2023-06-06 16:52:00+00:00,long,sell - take_profit,25524.4,26290.132,39470.13,2.95,372.78
2023-06-06 17:00:00+00:00,long,buy,26360.9,,39450.39,-0.05,372.73
2023-06-06 19:52:00+00:00,long,sell - take_profit,26360.9,27151.727000000003,40614.18,2.95,375.68
2023-06-06 20:00:00+00:00,long,buy,27073.3,,40593.87,-0.05,375.63
2023-06-07 03:25:00+00:00,long,sell - stop_loss,27073.3,26802.567,40167.64,-1.05,374.58
2023-06-07 04:00:00+00:00,long,buy,26896.9,,40147.55,-0.05,374.53
2023-06-07 05:00:00+00:00,long,sell - direction_change,26896.9,26917.2,40157.78,0.03,374.56
2023-06-07 05:00:00+00:00,short,buy,26917.2,,40137.7,-0.05,374.51
2023-06-07 11:00:00+00:00,short,sell - direction_change,26917.2,26582.9,40616.13,1.19,375.7
2023-06-07 11:00:00+00:00,long,buy,26582.9,,40595.82,-0.05,375.65
2023-06-07 12:00:00+00:00,long,sell - direction_change,26582.9,26888.4,41042.06,1.1,376.75
2023-06-07 12:00:00+00:00,short,buy,26888.4,,41021.54,-0.05,376.7
2023-06-08 01:00:00+00:00,short,sell - direction_change,26888.4,26375.8,41783.06,1.86,378.56
2023-06-08 01:00:00+00:00,long,buy,26375.8,,41762.17,-0.05,378.51
2023-06-08 02:00:00+00:00,long,sell - direction_change,26375.8,26431.3,41829.17,0.16,378.67
2023-06-08 02:00:00+00:00,short,buy,26431.3,,41808.25,-0.05,378.62
2023-06-08 04:00:00+00:00,short,sell - direction_change,26431.3,26332.0,41944.42,0.33,378.94
2023-06-08 04:00:00+00:00,long,buy,26332.0,,41923.45,-0.05,378.89
2023-06-08 05:00:00+00:00,long,sell - direction_change,26332.0,26389.7,41994.35,0.17,379.06
2023-06-08 05:00:00+00:00,short,buy,26389.7,,41973.35,-0.05,379.01
2023-06-08 06:00:00+00:00,short,sell - direction_change,26389.7,26365.3,41991.17,0.04,379.05
2023-06-08 06:00:00+00:00,long,buy,26365.3,,41970.18,-0.05,379.0
2023-06-08 11:00:00+00:00,long,sell - direction_change,26365.3,26474.4,42122.87,0.36,379.37
2023-06-08 11:00:00+00:00,short,buy,26474.4,,42101.8,-0.05,379.32
2023-06-08 12:00:00+00:00,short,sell - direction_change,26474.4,26421.5,42164.88,0.15,379.47
2023-06-08 12:00:00+00:00,long,buy,26421.5,,42143.8,-0.05,379.42
2023-06-08 13:00:00+00:00,long,sell - direction_change,26421.5,26447.7,42164.52,0.05,379.47
2023-06-08 13:00:00+00:00,short,buy,26447.7,,42143.43,-0.05,379.42
2023-06-08 14:00:00+00:00,short,sell - direction_change,26447.7,26389.8,42214.62,0.17,379.59
2023-06-08 14:00:00+00:00,long,buy,26389.8,,42193.52,-0.05,379.54
2023-06-09 00:00:00+00:00,long,sell - direction_change,26389.8,26486.0,42326.23,0.31,379.85
2023-06-09 00:00:00+00:00,short,buy,26486.0,,42305.07,-0.05,379.8
2023-06-09 05:00:00+00:00,short,sell - direction_change,26486.0,26479.0,42295.09,-0.02,379.78
2023-06-09 05:00:00+00:00,long,buy,26479.0,,42273.95,-0.05,379.73
2023-06-09 06:00:00+00:00,long,sell - direction_change,26479.0,26495.9,42279.79,0.01,379.74
2023-06-09 06:00:00+00:00,short,buy,26495.9,,42258.65,-0.05,379.69
2023-06-09 07:00:00+00:00,short,sell - direction_change,26495.9,26482.1,42259.53,0.0,379.69
2023-06-09 07:00:00+00:00,long,buy,26482.1,,42238.4,-0.05,379.64
2023-06-09 15:00:00+00:00,long,sell - direction_change,26482.1,26580.2,42373.75,0.32,379.96
2023-06-09 15:00:00+00:00,short,buy,26580.2,,42352.56,-0.05,379.91
2023-06-09 17:00:00+00:00,short,sell - direction_change,26580.2,26474.9,42499.17,0.35,380.26
2023-06-09 17:00:00+00:00,long,buy,26474.9,,42477.92,-0.05,380.21
2023-06-09 18:00:00+00:00,long,sell - direction_change,26474.9,26489.3,42479.79,0.0,380.21
2023-06-09 18:00:00+00:00,short,buy,26489.3,,42458.55,-0.05,380.16
2023-06-10 05:00:00+00:00,short,sell - take_profit,26489.3,25694.621,43711.07,2.95,383.11
2023-06-10 06:00:00+00:00,short,buy,25504.4,,43689.22,-0.05,383.06
2023-06-10 17:00:00+00:00,short,sell - direction_change,25504.4,25580.5,43537.01,-0.35,382.72
2023-06-10 17:00:00+00:00,long,buy,25580.5,,43515.24,-0.05,382.67
2023-06-10 18:00:00+00:00,long,sell - direction_change,25580.5,26010.0,44224.11,1.63,384.29
2023-06-10 18:00:00+00:00,short,buy,26010.0,,44202.0,-0.05,384.24
2023-06-10 19:00:00+00:00,short,sell - direction_change,26010.0,25529.9,44995.79,1.8,386.04
2023-06-10 19:00:00+00:00,long,buy,25529.9,,44973.3,-0.05,385.99
2023-06-11 03:00:00+00:00,long,sell - direction_change,25529.9,25756.0,45349.11,0.84,386.83
2023-06-11 03:00:00+00:00,short,buy,25756.0,,45326.43,-0.05,386.78
2023-06-11 04:00:00+00:00,short,sell - direction_change,25756.0,25714.7,45376.45,0.11,386.89
2023-06-11 04:00:00+00:00,long,buy,25714.7,,45353.76,-0.05,386.84
2023-06-11 07:00:00+00:00,long,sell - direction_change,25714.7,25776.0,45439.2,0.19,387.02
2023-06-11 07:00:00+00:00,short,buy,25776.0,,45416.48,-0.05,386.97
2023-06-11 10:00:00+00:00,short,sell - direction_change,25776.0,25697.6,45531.91,0.25,387.23
2023-06-11 10:00:00+00:00,long,buy,25697.6,,45509.14,-0.05,387.18
2023-06-11 12:00:00+00:00,long,sell - direction_change,25697.6,25784.9,45640.99,0.29,387.47
2023-06-11 12:00:00+00:00,short,buy,25784.9,,45618.17,-0.05,387.42
2023-06-11 14:00:00+00:00,short,sell - direction_change,25784.9,25693.3,45757.42,0.31,387.72
2023-06-11 14:00:00+00:00,long,buy,25693.3,,45734.54,-0.05,387.67
2023-06-11 15:00:00+00:00,long,sell - direction_change,25693.3,25748.3,45809.58,0.16,387.84
2023-06-11 15:00:00+00:00,short,buy,25748.3,,45786.67,-0.05,387.79
2023-06-11 16:00:00+00:00,short,sell - direction_change,25748.3,25741.1,45776.58,-0.02,387.77
2023-06-11 16:00:00+00:00,long,buy,25741.1,,45753.69,-0.05,387.72
2023-06-12 02:00:00+00:00,long,sell - direction_change,25741.1,25925.1,46057.87,0.66,388.38
2023-06-12 02:00:00+00:00,short,buy,25925.1,,46034.84,-0.05,388.33
2023-06-12 08:00:00+00:00,short,sell - direction_change,25925.1,25793.2,46246.04,0.46,388.79
2023-06-12 08:00:00+00:00,long,buy,25793.2,,46222.91,-0.05,388.74
2023-06-12 13:00:00+00:00,long,sell - direction_change,25793.2,25920.1,46427.21,0.44,389.18
2023-06-12 13:00:00+00:00,short,buy,25920.1,,46404.0,-0.05,389.13
2023-06-12 21:00:00+00:00,short,sell - direction_change,25920.1,25886.0,46441.85,0.08,389.21
2023-06-12 21:00:00+00:00,long,buy,25886.0,,46418.62,-0.05,389.16
2023-06-13 00:00:00+00:00,long,sell - direction_change,25886.0,25894.8,46411.2,-0.02,389.15
2023-06-13 00:00:00+00:00,short,buy,25894.8,,46387.99,-0.05,389.1
2023-06-13 01:00:00+00:00,short,sell - direction_change,25894.8,25858.4,46430.0,0.09,389.19
2023-06-13 01:00:00+00:00,long,buy,25858.4,,46406.79,-0.05,389.14
2023-06-13 12:00:00+00:00,long,sell - direction_change,25858.4,26178.1,46957.33,1.19,390.32
2023-06-13 12:00:00+00:00,short,buy,26178.1,,46933.86,-0.05,390.27
2023-06-14 00:00:00+00:00,short,sell - direction_change,26178.1,25918.0,47376.71,0.94,391.22
2023-06-14 00:00:00+00:00,long,buy,25918.0,,47353.03,-0.05,391.17
2023-06-14 05:00:00+00:00,long,sell - direction_change,25918.0,25965.5,47416.13,0.13,391.3
2023-06-14 05:00:00+00:00,short,buy,25965.5,,47392.42,-0.05,391.25
2023-06-14 09:00:00+00:00,short,sell - direction_change,25965.5,25916.3,47458.53,0.14,391.39
2023-06-14 09:00:00+00:00,long,buy,25916.3,,47434.8,-0.05,391.34
2023-06-14 10:00:00+00:00,long,sell - direction_change,25916.3,25972.1,47513.21,0.17,391.51
2023-06-14 10:00:00+00:00,short,buy,25972.1,,47489.46,-0.05,391.46
2023-06-14 11:00:00+00:00,short,sell - direction_change,25972.1,25945.2,47514.9,0.05,391.51
2023-06-14 11:00:00+00:00,long,buy,25945.2,,47491.14,-0.05,391.46
2023-06-14 18:00:00+00:00,long,sell - direction_change,25945.2,26018.0,47600.65,0.23,391.69
2023-06-14 18:00:00+00:00,short,buy,26018.0,,47576.85,-0.05,391.64
2023-06-14 20:31:00+00:00,short,sell - take_profit,26018.0,25237.46,48980.37,2.95,394.59
2023-06-14 21:00:00+00:00,short,buy,24920.1,,48955.88,-0.05,394.54
2023-06-14 21:20:00+00:00,short,sell - stop_loss,24920.1,25169.301,48441.84,-1.05,393.49
2023-06-14 22:00:00+00:00,short,buy,25104.8,,48417.62,-0.05,393.44
2023-06-15 16:00:00+00:00,short,sell - direction_change,25104.8,24948.4,48695.05,0.57,394.01
2023-06-15 16:00:00+00:00,long,buy,24948.4,,48670.7,-0.05,393.96
2023-06-15 21:16:00+00:00,long,sell - take_profit,24948.4,25696.852000000003,50106.49,2.95,396.91
2023-06-15 22:00:00+00:00,long,buy,25558.0,,50081.43,-0.05,396.86
2023-06-16 07:00:00+00:00,long,sell - direction_change,25558.0,25564.4,50068.93,-0.02,396.84
2023-06-16 07:00:00+00:00,short,buy,25564.4,,50043.9,-0.05,396.79
2023-06-16 08:00:00+00:00,short,sell - direction_change,25564.4,25526.1,50093.85,0.1,396.89
2023-06-16 08:00:00+00:00,long,buy,25526.1,,50068.8,-0.05,396.84
2023-06-16 11:00:00+00:00,long,sell - direction_change,25526.1,25553.0,50096.53,0.06,396.89
2023-06-16 11:00:00+00:00,short,buy,25553.0,,50071.48,-0.05,396.84
2023-06-16 12:00:00+00:00,short,sell - direction_change,25553.0,25462.9,50223.0,0.3,397.15
2023-06-16 12:00:00+00:00,long,buy,25462.9,,50197.89,-0.05,397.1
2023-06-16 13:00:00+00:00,long,sell - direction_change,25462.9,25555.4,50355.15,0.31,397.41
2023-06-16 13:00:00+00:00,short,buy,25555.4,,50329.97,-0.05,397.36
2023-06-16 14:00:00+00:00,short,sell - direction_change,25555.4,25482.4,50448.57,0.24,397.59
2023-06-16 14:00:00+00:00,long,buy,25482.4,,50423.35,-0.05,397.54
2023-06-16 14:46:00+00:00,long,sell - stop_loss,25482.4,25227.576,49893.9,-1.05,396.49
2023-06-16 15:00:00+00:00,long,buy,25602.1,,49868.96,-0.05,396.44
2023-06-16 18:04:00+00:00,long,sell - take_profit,25602.1,26370.163,51340.09,2.95,399.39
2023-06-16 19:00:00+00:00,long,buy,26352.0,,51314.42,-0.05,399.34
2023-06-17 15:00:00+00:00,long,sell - direction_change,26352.0,26485.6,51548.92,0.46,399.8
2023-06-17 15:00:00+00:00,short,buy,26485.6,,51523.14,-0.05,399.75
2023-06-17 20:00:00+00:00,short,sell - direction_change,26485.6,26466.1,51535.32,0.02,399.77
2023-06-17 20:00:00+00:00,long,buy,26466.1,,51509.55,-0.05,399.72
2023-06-17 23:00:00+00:00,long,sell - direction_change,26466.1,26555.5,51657.79,0.29,400.01
2023-06-17 23:00:00+00:00,short,buy,26555.5,,51631.96,-0.05,399.96
2023-06-18 01:00:00+00:00,short,sell - direction_change,26555.5,26444.6,51821.77,0.37,400.33
2023-06-18 01:00:00+00:00,long,buy,26444.6,,51795.86,-0.05,400.28
2023-06-18 02:00:00+00:00,long,sell - direction_change,26444.6,26483.0,51845.17,0.1,400.38
2023-06-18 02:00:00+00:00,short,buy,26483.0,,51819.25,-0.05,400.33
2023-06-18 03:00:00+00:00,short,sell - direction_change,26483.0,26467.3,51824.06,0.01,400.33
2023-06-18 03:00:00+00:00,long,buy,26467.3,,51798.15,-0.05,400.28
2023-06-18 08:00:00+00:00,long,sell - direction_change,26467.3,26572.0,51977.15,0.35,400.63
2023-06-18 08:00:00+00:00,short,buy,26572.0,,51951.16,-0.05,400.58
2023-06-18 09:00:00+00:00,short,sell - direction_change,26572.0,26488.6,52088.24,0.26,400.84
2023-06-18 09:00:00+00:00,long,buy,26488.6,,52062.2,-0.05,400.79
2023-06-18 13:00:00+00:00,long,sell - direction_change,26488.6,26521.8,52101.42,0.08,400.87
2023-06-18 13:00:00+00:00,short,buy,26521.8,,52075.37,-0.05,400.82
2023-06-18 14:00:00+00:00,short,sell - direction_change,26521.8,26477.1,52137.1,0.12,400.94
2023-06-18 14:00:00+00:00,long,buy,26477.1,,52111.03,-0.05,400.89
2023-06-18 20:00:00+00:00,long,sell - direction_change,26477.1,26641.6,52408.74,0.57,401.46
2023-06-18 20:00:00+00:00,short,buy,26641.6,,52382.53,-0.05,401.41
2023-06-19 10:00:00+00:00,short,sell - direction_change,26641.6,26386.1,52858.71,0.91,402.32
2023-06-19 10:00:00+00:00,long,buy,26386.1,,52832.28,-0.05,402.27
2023-06-19 14:00:00+00:00,long,sell - direction_change,26386.1,26520.8,53075.57,0.46,402.73
2023-06-19 14:00:00+00:00,short,buy,26520.8,,53049.03,-0.05,402.68
2023-06-19 16:00:00+00:00,short,sell - direction_change,26520.8,26431.1,53201.93,0.29,402.97
2023-06-19 16:00:00+00:00,long,buy,26431.1,,53175.33,-0.05,402.92
2023-06-20 10:00:00+00:00,long,sell - direction_change,26431.1,26766.0,53822.51,1.22,404.13
2023-06-20 10:00:00+00:00,short,buy,26766.0,,53795.6,-0.05,404.08
2023-06-20 11:00:00+00:00,short,sell - direction_change,26766.0,26761.2,53778.35,-0.03,404.05
2023-06-20 11:00:00+00:00,long,buy,26761.2,,53751.46,-0.05,404.0
2023-06-20 12:00:00+00:00,long,sell - direction_change,26761.2,26895.2,53993.73,0.45,404.45
2023-06-20 12:00:00+00:00,short,buy,26895.2,,53966.73,-0.05,404.4
2023-06-20 15:00:00+00:00,short,sell - direction_change,26895.2,26763.8,54203.41,0.44,404.84
2023-06-20 15:00:00+00:00,long,buy,26763.8,,54176.31,-0.05,404.79
2023-06-20 17:45:00+00:00,long,sell - take_profit,26763.8,27566.714,55774.51,2.95,407.74
2023-06-20 18:00:00+00:00,long,buy,27784.0,,55746.62,-0.05,407.69
2023-06-21 01:03:00+00:00,long,sell - take_profit,27784.0,28617.52,57391.15,2.95,410.64
2023-06-21 02:00:00+00:00,long,buy,28776.6,,57362.45,-0.05,410.59
2023-06-21 15:16:00+00:00,long,sell - take_profit,28776.6,29639.898,59054.64,2.95,413.54
2023-06-21 16:00:00+00:00,long,buy,29836.9,,59025.12,-0.05,413.49
2023-06-21 16:29:00+00:00,long,sell - take_profit,29836.9,30732.007,60766.36,2.95,416.44
2023-06-21 17:00:00+00:00,long,buy,30163.1,,60735.98,-0.05,416.39
2023-06-21 17:11:00+00:00,long,sell - stop_loss,30163.1,29861.468999999997,60098.25,-1.05,415.34
2023-06-21 18:00:00+00:00,long,buy,30076.0,,60068.2,-0.05,415.29
2023-06-21 21:03:00+00:00,long,sell - stop_loss,30076.0,29775.239999999998,59437.48,-1.05,414.24
2023-06-21 22:00:00+00:00,long,buy,29876.4,,59407.76,-0.05,414.19
2023-06-22 08:00:00+00:00,long,sell - direction_change,29876.4,30094.5,59811.74,0.68,414.87
2023-06-22 08:00:00+00:00,short,buy,30094.5,,59781.83,-0.05,414.82
2023-06-22 09:00:00+00:00,short,sell - direction_change,30094.5,30091.4,59758.1,-0.04,414.78
2023-06-22 09:00:00+00:00,long,buy,30091.4,,59728.22,-0.05,414.73
2023-06-22 11:00:00+00:00,long,sell - direction_change,30091.4,30167.3,59849.01,0.2,414.93
2023-06-22 11:00:00+00:00,short,buy,30167.3,,59819.09,-0.05,414.88
2023-06-22 13:00:00+00:00,short,sell - direction_change,30167.3,30099.1,59924.41,0.18,415.06
2023-06-22 13:00:00+00:00,long,buy,30099.1,,59894.45,-0.05,415.01
2023-06-22 14:00:00+00:00,long,sell - direction_change,30099.1,30226.9,60118.81,0.37,415.38
2023-06-22 14:00:00+00:00,short,buy,30226.9,,60088.75,-0.05,415.33
2023-06-22 17:00:00+00:00,short,sell - direction_change,30226.9,29957.7,60593.86,0.84,416.18
2023-06-22 17:00:00+00:00,long,buy,29957.7,,60563.56,-0.05,416.13
2023-06-22 20:00:00+00:00,long,sell - direction_change,29957.7,30208.7,61040.71,0.79,416.91
2023-06-22 20:00:00+00:00,short,buy,30208.7,,61010.19,-0.05,416.86
2023-06-22 21:00:00+00:00,short,sell - direction_change,30208.7,30143.1,61112.17,0.17,417.03
2023-06-22 21:00:00+00:00,long,buy,30143.1,,61081.62,-0.05,416.98
2023-06-22 22:00:00+00:00,long,sell - direction_change,30143.1,30041.8,60845.8,-0.39,416.59
2023-06-22 22:00:00+00:00,short,buy,30041.8,,60815.38,-0.05,416.54
2023-06-23 00:00:00+00:00,short,sell - direction_change,30041.8,29875.0,61122.64,0.51,417.05
2023-06-23 00:00:00+00:00,long,buy,29875.0,,61092.07,-0.05,417.0
2023-06-23 01:00:00+00:00,long,sell - direction_change,29875.0,30000.5,61318.17,0.37,417.37
2023-06-23 01:00:00+00:00,short,buy,30000.5,,61287.51,-0.05,417.32
2023-06-23 02:00:00+00:00,short,sell - direction_change,30000.5,29924.0,61413.14,0.2,417.52
2023-06-23 02:00:00+00:00,long,buy,29924.0,,61382.44,-0.05,417.47
2023-06-23 04:00:00+00:00,long,sell - direction_change,29924.0,30002.4,61512.57,0.21,417.69
2023-06-23 04:00:00+00:00,short,buy,30002.4,,61481.81,-0.05,417.64
2023-06-23 08:00:00+00:00,short,sell - direction_change,30002.4,29926.9,61605.79,0.2,417.84
2023-06-23 08:00:00+00:00,long,buy,29926.9,,61574.98,-0.05,417.79
2023-06-23 15:23:00+00:00,long,sell - take_profit,29926.9,30824.707000000002,63391.44,2.95,420.74
2023-06-23 16:00:00+00:00,long,buy,31232.9,,63359.75,-0.05,420.69
2023-06-23 16:23:00+00:00,long,sell - stop_loss,31232.9,30920.571,62694.47,-1.05,419.64
2023-06-23 17:00:00+00:00,long,buy,31090.3,,62663.12,-0.05,419.59
2023-06-23 19:36:00+00:00,long,sell - stop_loss,31090.3,30779.396999999997,62005.16,-1.05,418.54
2023-06-23 20:00:00+00:00,long,buy,30873.7,,61974.16,-0.05,418.49
2023-06-23 21:48:00+00:00,long,sell - stop_loss,30873.7,30564.963,61323.43,-1.05,417.44
2023-06-23 22:00:00+00:00,long,buy,30649.6,,61292.77,-0.05,417.39
2023-06-24 00:00:00+00:00,long,sell - direction_change,30649.6,30673.5,61309.92,0.03,417.42
2023-06-24 00:00:00+00:00,short,buy,30673.5,,61279.26,-0.05,417.37
2023-06-24 10:00:00+00:00,short,sell - direction_change,30673.5,30616.0,61363.5,0.14,417.5
2023-06-24 10:00:00+00:00,long,buy,30616.0,,61332.81,-0.05,417.45
2023-06-24 13:00:00+00:00,long,sell - direction_change,30616.0,30685.0,61440.37,0.18,417.63
2023-06-24 13:00:00+00:00,short,buy,30685.0,,61409.65,-0.05,417.58
2023-06-24 17:00:00+00:00,short,sell - direction_change,30685.0,30503.9,61741.38,0.54,418.12
2023-06-24 17:00:00+00:00,long,buy,30503.9,,61710.51,-0.05,418.07
2023-06-24 20:00:00+00:00,long,sell - direction_change,30503.9,30622.2,61918.98,0.34,418.41
2023-06-24 20:00:00+00:00,short,buy,30622.2,,61888.02,-0.05,418.36
2023-06-25 01:00:00+00:00,short,sell - direction_change,30622.2,30509.0,62085.86,0.32,418.68
2023-06-25 01:00:00+00:00,long,buy,30509.0,,62054.82,-0.05,418.63
2023-06-25 12:00:00+00:00,long,sell - direction_change,30509.0,30710.0,62432.62,0.61,419.24
2023-06-25 12:00:00+00:00,short,buy,30710.0,,62401.4,-0.05,419.19
2023-06-26 06:00:00+00:00,short,sell - direction_change,30710.0,30208.1,63390.04,1.58,420.77
2023-06-26 06:00:00+00:00,long,buy,30208.1,,63358.35,-0.05,420.72
2023-06-26 07:00:00+00:00,long,sell - direction_change,30208.1,30474.8,63886.04,0.83,421.55
2023-06-26 07:00:00+00:00,short,buy,30474.8,,63854.1,-0.05,421.5
2023-06-26 11:00:00+00:00,short,sell - direction_change,30474.8,30259.9,64272.45,0.66,422.16
2023-06-26 11:00:00+00:00,long,buy,30259.9,,64240.32,-0.05,422.11
2023-06-26 16:00:00+00:00,long,sell - direction_change,30259.9,30400.7,64507.11,0.42,422.52
2023-06-26 16:00:00+00:00,short,buy,30400.7,,64474.86,-0.05,422.47
2023-06-27 00:00:00+00:00,short,sell - direction_change,30400.7,30260.1,64740.81,0.41,422.89
2023-06-27 00:00:00+00:00,long,buy,30260.1,,64708.44,-0.05,422.84
2023-06-27 22:00:00+00:00,long,sell - direction_change,30260.1,30716.6,65652.27,1.46,424.29
2023-06-27 22:00:00+00:00,short,buy,30716.6,,65619.44,-0.05,424.24
2023-06-27 23:00:00+00:00,short,sell - direction_change,30716.6,30569.8,65900.24,0.43,424.67
2023-06-27 23:00:00+00:00,long,buy,30569.8,,65867.29,-0.05,424.62
2023-06-28 00:00:00+00:00,long,sell - direction_change,30569.8,30683.2,66078.69,0.32,424.94
2023-06-28 00:00:00+00:00,short,buy,30683.2,,66045.65,-0.05,424.89
2023-06-28 15:00:00+00:00,short,sell - direction_change,30683.2,30304.8,66827.14,1.18,426.08
2023-06-28 15:00:00+00:00,long,buy,30304.8,,66793.72,-0.05,426.03
2023-06-28 16:00:00+00:00,long,sell - direction_change,30304.8,30399.8,66969.71,0.26,426.29
2023-06-28 16:00:00+00:00,short,buy,30399.8,,66936.23,-0.05,426.24
2023-06-29 03:00:00+00:00,short,sell - direction_change,30399.8,30109.0,67543.06,0.91,427.15
2023-06-29 03:00:00+00:00,long,buy,30109.0,,67509.29,-0.05,427.1
2023-06-29 20:00:00+00:00,long,sell - direction_change,30109.0,30571.5,68512.53,1.49,428.58
2023-06-29 20:00:00+00:00,short,buy,30571.5,,68478.28,-0.05,428.53
2023-06-30 02:00:00+00:00,short,sell - direction_change,30571.5,30374.6,68885.08,0.59,429.13
2023-06-30 02:00:00+00:00,long,buy,30374.6,,68850.64,-0.05,429.08
2023-06-30 04:48:00+00:00,long,sell - take_profit,30374.6,31285.838,70881.73,2.95,432.03
2023-06-30 05:00:00+00:00,long,buy,30868.4,,70846.29,-0.05,431.98
2023-06-30 13:00:00+00:00,long,sell - direction_change,30868.4,31000.1,71113.14,0.38,432.35
2023-06-30 13:00:00+00:00,short,buy,31000.1,,71077.58,-0.05,432.3
2023-06-30 13:38:00+00:00,short,sell - take_profit,31000.1,30070.096999999998,73174.37,2.95,435.25
2023-06-30 14:00:00+00:00,short,buy,30118.1,,73137.78,-0.05,435.2
2023-06-30 16:42:00+00:00,short,sell - stop_loss,30118.1,30419.281,72369.83,-1.05,434.15
2023-06-30 17:00:00+00:00,short,buy,30381.6,,72333.65,-0.05,434.1
2023-06-30 17:20:00+00:00,short,sell - stop_loss,30381.6,30685.415999999997,71574.15,-1.05,433.05
2023-06-30 18:00:00+00:00,short,buy,30442.8,,71538.36,-0.05,433.0
2023-06-30 23:00:00+00:00,short,sell - direction_change,30442.8,30468.6,71441.96,-0.13,432.87
2023-06-30 23:00:00+00:00,long,buy,30468.6,,71406.24,-0.05,432.82
2023-07-01 03:00:00+00:00,long,sell - direction_change,30468.6,30408.4,71229.45,-0.25,432.57
2023-07-01 03:00:00+00:00,short,buy,30408.4,,71193.84,-0.05,432.52
2023-07-01 05:00:00+00:00,short,sell - direction_change,30408.4,30381.3,71221.69,0.04,432.56
2023-07-01 05:00:00+00:00,long,buy,30381.3,,71186.08,-0.05,432.51
2023-07-01 08:00:00+00:00,long,sell - direction_change,30381.3,30448.1,71307.0,0.17,432.68
2023-07-01 08:00:00+00:00,short,buy,30448.1,,71271.35,-0.05,432.63
2023-07-01 10:00:00+00:00,short,sell - direction_change,30448.1,30431.2,71275.27,0.01,432.64
2023-07-01 10:00:00+00:00,long,buy,30431.2,,71239.64,-0.05,432.59
2023-07-02 01:00:00+00:00,long,sell - direction_change,30431.2,30568.0,71524.27,0.4,432.98
2023-07-02 01:00:00+00:00,short,buy,30568.0,,71488.5,-0.05,432.93
2023-07-02 11:00:00+00:00,short,sell - direction_change,30568.0,30505.0,71600.1,0.16,433.09
2023-07-02 11:00:00+00:00,long,buy,30505.0,,71564.3,-0.05,433.04
2023-07-02 12:00:00+00:00,long,sell - direction_change,30505.0,30537.2,71604.05,0.06,433.1
2023-07-02 12:00:00+00:00,short,buy,30537.2,,71568.25,-0.05,433.05
2023-07-02 14:00:00+00:00,short,sell - direction_change,30537.2,30510.1,71595.98,0.04,433.09
2023-07-02 14:00:00+00:00,long,buy,30510.1,,71560.18,-0.05,433.04
2023-07-02 15:00:00+00:00,long,sell - direction_change,30510.1,30586.5,71703.6,0.2,433.24
2023-07-02 15:00:00+00:00,short,buy,30586.5,,71667.74,-0.05,433.19
2023-07-02 16:00:00+00:00,short,sell - direction_change,30586.5,30491.4,71854.74,0.26,433.45
2023-07-02 16:00:00+00:00,long,buy,30491.4,,71818.81,-0.05,433.4
2023-07-02 17:00:00+00:00,long,sell - direction_change,30491.4,30558.4,71940.71,0.17,433.57
2023-07-02 17:00:00+00:00,short,buy,30558.4,,71904.74,-0.05,433.52
2023-07-02 18:00:00+00:00,short,sell - direction_change,30558.4,30434.3,72160.8,0.36,433.87
2023-07-02 18:00:00+00:00,long,buy,30434.3,,72124.72,-0.05,433.82
2023-07-03 08:00:00+00:00,long,sell - direction_change,30434.3,30662.9,72630.41,0.7,434.52
2023-07-03 08:00:00+00:00,short,buy,30662.9,,72594.09,-0.05,434.47
2023-07-03 10:00:00+00:00,short,sell - direction_change,30662.9,30605.6,72693.45,0.14,434.61
2023-07-03 10:00:00+00:00,long,buy,30605.6,,72657.1,-0.05,434.56
2023-07-03 11:00:00+00:00,long,sell - direction_change,30605.6,30637.5,72696.51,0.05,434.61
2023-07-03 11:00:00+00:00,short,buy,30637.5,,72660.16,-0.05,434.56
2023-07-03 12:00:00+00:00,short,sell - direction_change,30637.5,30619.7,72666.04,0.01,434.57
2023-07-03 12:00:00+00:00,long,buy,30619.7,,72629.71,-0.05,434.52
2023-07-03 13:00:00+00:00,long,sell - direction_change,30619.7,30648.0,72660.52,0.04,434.57
2023-07-03 13:00:00+00:00,short,buy,30648.0,,72624.19,-0.05,434.52
2023-07-03 14:00:00+00:00,short,sell - direction_change,30648.0,30643.9,72597.6,-0.04,434.48
2023-07-03 14:00:00+00:00,long,buy,30643.9,,72561.3,-0.05,434.43
2023-07-04 04:00:00+00:00,long,sell - direction_change,30643.9,31189.8,73817.65,1.73,436.16
2023-07-04 04:00:00+00:00,short,buy,31189.8,,73780.74,-0.05,436.11
2023-07-05 06:00:00+00:00,short,sell - direction_change,31189.8,30804.4,74655.53,1.19,437.3
2023-07-05 06:00:00+00:00,long,buy,30804.4,,74618.2,-0.05,437.25
2023-07-05 07:00:00+00:00,long,sell - direction_change,30804.4,30800.4,74571.2,-0.06,437.18
2023-07-05 07:00:00+00:00,short,buy,30800.4,,74533.91,-0.05,437.13
2023-07-05 20:00:00+00:00,short,sell - direction_change,30800.4,30420.0,75417.18,1.19,438.32
2023-07-05 20:00:00+00:00,long,buy,30420.0,,75379.47,-0.05,438.27
2023-07-05 22:00:00+00:00,long,sell - direction_change,30420.0,30458.9,75438.17,0.08,438.35
2023-07-05 22:00:00+00:00,short,buy,30458.9,,75400.45,-0.05,438.3
2023-07-05 23:00:00+00:00,short,sell - direction_change,30458.9,30430.3,75433.55,0.04,438.34
2023-07-05 23:00:00+00:00,long,buy,30430.3,,75395.83,-0.05,438.29
2023-07-06 00:00:00+00:00,long,sell - direction_change,30430.3,30488.4,75502.09,0.14,438.43
2023-07-06 00:00:00+00:00,short,buy,30488.4,,75464.34,-0.05,438.38
2023-07-06 01:00:00+00:00,short,sell - direction_change,30488.4,30403.6,75636.5,0.23,438.61
2023-07-06 01:00:00+00:00,long,buy,30403.6,,75598.68,-0.05,438.56
2023-07-06 04:00:00+00:00,long,sell - direction_change,30403.6,30477.6,75744.88,0.19,438.75
2023-07-06 04:00:00+00:00,short,buy,30477.6,,75707.01,-0.05,438.7
2023-07-06 05:00:00+00:00,short,sell - direction_change,30477.6,30452.6,75731.26,0.03,438.73
2023-07-06 05:00:00+00:00,long,buy,30452.6,,75693.39,-0.05,438.68
2023-07-06 09:00:00+00:00,long,sell - take_profit,30452.6,31366.178,77926.35,2.95,441.63
2023-07-06 10:00:00+00:00,long,buy,31064.8,,77887.38,-0.05,441.58
2023-07-06 11:57:00+00:00,long,sell - stop_loss,31064.8,30754.152,77069.57,-1.05,440.53
2023-07-06 12:00:00+00:00,long,buy,30833.0,,77031.03,-0.05,440.48
2023-07-06 12:34:00+00:00,long,sell - stop_loss,30833.0,30524.67,76222.21,-1.05,439.43
2023-07-06 13:00:00+00:00,short,buy,30588.6,,76184.1,-0.05,439.38
2023-07-07 05:00:00+00:00,short,sell - direction_change,30588.6,30076.0,77422.69,1.63,441.01
2023-07-07 05:00:00+00:00,long,buy,30076.0,,77383.98,-0.05,440.96
2023-07-07 06:00:00+00:00,long,sell - direction_change,30076.0,30196.1,77654.29,0.35,441.31
2023-07-07 06:00:00+00:00,short,buy,30196.1,,77615.47,-0.05,441.26
2023-07-07 09:00:00+00:00,short,sell - direction_change,30196.1,30039.2,77979.95,0.47,441.73
2023-07-07 09:00:00+00:00,long,buy,30039.2,,77940.96,-0.05,441.68
2023-07-08 00:00:00+00:00,long,sell - direction_change,30039.2,30328.0,78651.32,0.91,442.59
2023-07-08 00:00:00+00:00,short,buy,30328.0,,78612.0,-0.05,442.54
2023-07-08 01:00:00+00:00,short,sell - direction_change,30328.0,30274.7,78710.85,0.13,442.67
2023-07-08 01:00:00+00:00,long,buy,30274.7,,78671.49,-0.05,442.62
2023-07-08 04:00:00+00:00,long,sell - direction_change,30274.7,30260.0,78593.96,-0.1,442.52
2023-07-08 04:00:00+00:00,short,buy,30260.0,,78554.66,-0.05,442.47
2023-07-08 16:00:00+00:00,short,sell - direction_change,30260.0,30196.8,78679.45,0.16,442.63
2023-07-08 16:00:00+00:00,long,buy,30196.8,,78640.11,-0.05,442.58
2023-07-08 18:00:00+00:00,long,sell - direction_change,30196.8,30240.8,78715.38,0.1,442.67
2023-07-08 18:00:00+00:00,short,buy,30240.8,,78676.02,-0.05,442.62
2023-07-08 22:00:00+00:00,short,sell - direction_change,30240.8,30173.1,78812.81,0.17,442.8
2023-07-08 22:00:00+00:00,long,buy,30173.1,,78773.41,-0.05,442.75
2023-07-09 13:00:00+00:00,long,sell - direction_change,30173.1,30320.0,79117.54,0.44,443.18
2023-07-09 13:00:00+00:00,short,buy,30320.0,,79077.98,-0.05,443.13
2023-07-09 14:00:00+00:00,short,sell - direction_change,30320.0,30247.9,79226.48,0.19,443.32
2023-07-09 14:00:00+00:00,long,buy,30247.9,,79186.87,-0.05,443.27
2023-07-09 18:00:00+00:00,long,sell - direction_change,30247.9,30279.8,79230.79,0.06,443.33
2023-07-09 18:00:00+00:00,short,buy,30279.8,,79191.17,-0.05,443.28
2023-07-10 09:00:00+00:00,short,sell - direction_change,30279.8,30085.0,79661.04,0.59,443.87
2023-07-10 09:00:00+00:00,long,buy,30085.0,,79621.21,-0.05,443.82
2023-07-10 12:00:00+00:00,long,sell - direction_change,30085.0,30221.6,79942.92,0.4,444.22
2023-07-10 12:00:00+00:00,short,buy,30221.6,,79902.95,-0.05,444.17
2023-07-10 13:00:00+00:00,short,sell - direction_change,30221.6,30147.1,80059.96,0.2,444.37
2023-07-10 13:00:00+00:00,long,buy,30147.1,,80019.93,-0.05,444.32
2023-07-11 04:00:00+00:00,long,sell - direction_change,30147.1,30460.9,80812.85,0.99,445.31
2023-07-11 04:00:00+00:00,short,buy,30460.9,,80772.44,-0.05,445.26
2023-07-11 06:00:00+00:00,short,sell - direction_change,30460.9,30443.9,80777.14,0.01,445.27
2023-07-11 06:00:00+00:00,long,buy,30443.9,,80736.75,-0.05,445.22
2023-07-11 10:00:00+00:00,long,sell - direction_change,30443.9,30435.4,80673.84,-0.08,445.14
2023-07-11 10:00:00+00:00,short,buy,30435.4,,80633.5,-0.05,445.09
2023-07-11 14:00:00+00:00,short,sell - direction_change,30435.4,30435.3,80593.45,-0.05,445.04
2023-07-11 14:00:00+00:00,long,buy,30435.3,,80553.15,-0.05,444.99
2023-07-11 18:00:00+00:00,long,sell - direction_change,30435.3,30565.4,80857.21,0.38,445.37
2023-07-11 18:00:00+00:00,short,buy,30565.4,,80816.78,-0.05,445.32
2023-07-11 19:00:00+00:00,short,sell - direction_change,30565.4,30461.5,81051.09,0.29,445.61
2023-07-11 19:00:00+00:00,long,buy,30461.5,,81010.57,-0.05,445.56
2023-07-12 00:00:00+00:00,long,sell - direction_change,30461.5,30608.3,81360.47,0.43,445.99
2023-07-12 00:00:00+00:00,short,buy,30608.3,,81319.79,-0.05,445.94
2023-07-12 02:00:00+00:00,short,sell - direction_change,30608.3,30518.9,81516.64,0.24,446.18
2023-07-12 02:00:00+00:00,long,buy,30518.9,,81475.88,-0.05,446.13
2023-07-12 15:00:00+00:00,long,sell - direction_change,30518.9,30725.4,81986.44,0.63,446.76
2023-07-12 15:00:00+00:00,short,buy,30725.4,,81945.44,-0.05,446.71
2023-07-13 05:00:00+00:00,short,sell - direction_change,30725.4,30284.5,83080.36,1.38,448.09
2023-07-13 05:00:00+00:00,long,buy,30284.5,,83038.82,-0.05,448.04
2023-07-13 15:46:00+00:00,long,sell - take_profit,30284.5,31193.035,85488.47,2.95,450.99
2023-07-13 16:00:00+00:00,long,buy,30915.5,,85445.72,-0.05,450.94
2023-07-13 19:32:00+00:00,long,sell - take_profit,30915.5,31842.965,87966.37,2.95,453.89
2023-07-13 20:00:00+00:00,long,buy,31600.5,,87922.39,-0.05,453.84
2023-07-13 20:57:00+00:00,long,sell - stop_loss,31600.5,31284.495,86999.2,-1.05,452.79
2023-07-13 21:00:00+00:00,long,buy,31364.9,,86955.7,-0.05,452.74
2023-07-13 21:09:00+00:00,long,sell - stop_loss,31364.9,31051.251,86042.67,-1.05,451.69
2023-07-13 22:00:00+00:00,long,buy,31243.9,,85999.65,-0.05,451.64
2023-07-14 06:00:00+00:00,long,sell - direction_change,31243.9,31354.2,86260.25,0.3,451.94
2023-07-14 06:00:00+00:00,short,buy,31354.2,,86217.12,-0.05,451.89
2023-07-14 13:00:00+00:00,short,sell - direction_change,31354.2,31122.6,86810.86,0.69,452.58
2023-07-14 13:00:00+00:00,long,buy,31122.6,,86767.46,-0.05,452.53
2023-07-14 15:00:00+00:00,long,sell - direction_change,31122.6,31294.1,87202.2,0.5,453.03
2023-07-14 15:00:00+00:00,short,buy,31294.1,,87158.6,-0.05,452.98
2023-07-14 18:26:00+00:00,short,sell - take_profit,31294.1,30355.277,89729.78,2.95,455.93
2023-07-14 19:00:00+00:00,short,buy,30074.6,,89684.92,-0.05,455.88
2023-07-15 01:42:00+00:00,short,sell - stop_loss,30074.6,30375.345999999998,88743.22,-1.05,454.83
2023-07-15 02:00:00+00:00,short,buy,30323.0,,88698.85,-0.05,454.78
2023-07-15 04:00:00+00:00,short,sell - direction_change,30323.0,30276.0,88791.98,0.1,454.89
2023-07-15 04:00:00+00:00,long,buy,30276.0,,88747.59,-0.05,454.84
2023-07-15 10:00:00+00:00,long,sell - direction_change,30276.0,30334.6,88874.99,0.14,454.98
2023-07-15 10:00:00+00:00,short,buy,30334.6,,88830.55,-0.05,454.93
2023-07-15 12:00:00+00:00,short,sell - direction_change,30334.6,30298.5,88891.85,0.07,455.0
2023-07-15 12:00:00+00:00,long,buy,30298.5,,88847.4,-0.05,454.95
2023-07-15 14:00:00+00:00,long,sell - direction_change,30298.5,30310.6,88838.46,-0.01,454.94
2023-07-15 14:00:00+00:00,short,buy,30310.6,,88794.04,-0.05,454.89
2023-07-15 15:00:00+00:00,short,sell - direction_change,30310.6,30272.0,88862.72,0.08,454.97
2023-07-15 15:00:00+00:00,long,buy,30272.0,,88818.29,-0.05,454.92
2023-07-15 16:00:00+00:00,long,sell - direction_change,30272.0,30290.4,88827.87,0.01,454.93
2023-07-15 16:00:00+00:00,short,buy,30290.4,,88783.45,-0.05,454.88
2023-07-15 18:00:00+00:00,short,sell - direction_change,30290.4,30271.7,88793.87,0.01,454.89
2023-07-15 18:00:00+00:00,long,buy,30271.7,,88749.48,-0.05,454.84
2023-07-15 20:00:00+00:00,long,sell - direction_change,30271.7,30309.7,88816.51,0.08,454.92
2023-07-15 20:00:00+00:00,short,buy,30309.7,,88772.1,-0.05,454.87
2023-07-16 00:00:00+00:00,short,sell - direction_change,30309.7,30276.5,88824.95,0.06,454.93
2023-07-16 00:00:00+00:00,long,buy,30276.5,,88780.54,-0.05,454.88
2023-07-16 01:00:00+00:00,long,sell - direction_change,30276.5,30289.9,88775.44,-0.01,454.87
2023-07-16 01:00:00+00:00,short,buy,30289.9,,88731.05,-0.05,454.82
2023-07-16 08:00:00+00:00,short,sell - direction_change,30289.9,30253.0,88794.78,0.07,454.89
2023-07-16 08:00:00+00:00,long,buy,30253.0,,88750.39,-0.05,454.84
2023-07-16 10:00:00+00:00,long,sell - direction_change,30253.0,30289.9,88814.26,0.07,454.92
2023-07-16 10:00:00+00:00,short,buy,30289.9,,88769.85,-0.05,454.87
2023-07-16 11:00:00+00:00,short,sell - direction_change,30289.9,30273.5,88773.53,0.0,454.87
2023-07-16 11:00:00+00:00,long,buy,30273.5,,88729.14,-0.05,454.82
2023-07-16 18:00:00+00:00,long,sell - direction_change,30273.5,30365.5,88954.42,0.25,455.07
2023-07-16 18:00:00+00:00,short,buy,30365.5,,88909.95,-0.05,455.02
2023-07-16 22:00:00+00:00,short,sell - direction_change,30365.5,30274.9,89130.77,0.25,455.27
2023-07-16 22:00:00+00:00,long,buy,30274.9,,89086.2,-0.05,455.22
2023-07-16 23:00:00+00:00,long,sell - direction_change,30274.9,30309.5,89143.47,0.06,455.29
2023-07-16 23:00:00+00:00,short,buy,30309.5,,89098.9,-0.05,455.24
2023-07-17 03:00:00+00:00,short,sell - direction_change,30309.5,30249.5,89230.73,0.15,455.38
2023-07-17 03:00:00+00:00,long,buy,30249.5,,89186.11,-0.05,455.33
2023-07-17 04:00:00+00:00,long,sell - direction_change,30249.5,30295.9,89278.32,0.1,455.44
2023-07-17 04:00:00+00:00,short,buy,30295.9,,89233.69,-0.05,455.39
2023-07-17 06:00:00+00:00,short,sell - direction_change,30295.9,30250.5,89322.79,0.1,455.49
2023-07-17 06:00:00+00:00,long,buy,30250.5,,89278.13,-0.05,455.44
2023-07-17 07:00:00+00:00,long,sell - direction_change,30250.5,30259.8,89260.94,-0.02,455.42
2023-07-17 07:00:00+00:00,short,buy,30259.8,,89216.31,-0.05,455.37
2023-07-17 13:00:00+00:00,short,sell - direction_change,30259.8,30196.9,89357.15,0.16,455.53
2023-07-17 13:00:00+00:00,long,buy,30196.9,,89312.47,-0.05,455.48
2023-07-17 14:00:00+00:00,long,sell - direction_change,30196.9,30276.0,89501.77,0.21,455.69
2023-07-17 14:00:00+00:00,short,buy,30276.0,,89457.02,-0.05,455.64
2023-07-17 21:00:00+00:00,short,sell - direction_change,30276.0,29907.1,90502.28,1.17,456.81
2023-07-17 21:00:00+00:00,long,buy,29907.1,,90457.03,-0.05,456.76
2023-07-17 22:00:00+00:00,long,sell - direction_change,29907.1,30229.9,91388.14,1.03,457.79
2023-07-17 22:00:00+00:00,short,buy,30229.9,,91342.45,-0.05,457.74
2023-07-17 23:00:00+00:00,short,sell - direction_change,30229.9,30096.3,91700.46,0.39,458.13
2023-07-17 23:00:00+00:00,long,buy,30096.3,,91654.61,-0.05,458.08
2023-07-18 02:00:00+00:00,long,sell - direction_change,30096.3,30198.4,91919.72,0.29,458.37
2023-07-18 02:00:00+00:00,short,buy,30198.4,,91873.76,-0.05,458.32
2023-07-18 03:00:00+00:00,short,sell - direction_change,30198.4,30105.9,92109.24,0.26,458.57
2023-07-18 03:00:00+00:00,long,buy,30105.9,,92063.18,-0.05,458.52
2023-07-18 05:00:00+00:00,long,sell - direction_change,30105.9,30110.4,92030.91,-0.04,458.49
2023-07-18 05:00:00+00:00,short,buy,30110.4,,91984.9,-0.05,458.44
2023-07-18 22:00:00+00:00,short,sell - direction_change,30110.4,29794.0,92905.48,1.0,459.44
2023-07-18 22:00:00+00:00,long,buy,29794.0,,92859.03,-0.05,459.39
2023-07-19 12:00:00+00:00,long,sell - direction_change,29794.0,30004.7,93469.29,0.66,460.05
2023-07-19 12:00:00+00:00,short,buy,30004.7,,93422.55,-0.05,460.0
2023-07-19 17:00:00+00:00,short,sell - direction_change,30004.7,29891.9,93727.06,0.33,460.32
2023-07-19 17:00:00+00:00,long,buy,29891.9,,93680.19,-0.05,460.27
2023-07-19 20:00:00+00:00,long,sell - direction_change,29891.9,30032.4,94073.68,0.42,460.69
2023-07-19 20:00:00+00:00,short,buy,30032.4,,94026.64,-0.05,460.64
2023-07-20 00:00:00+00:00,short,sell - direction_change,30032.4,29895.5,94408.24,0.41,461.05
2023-07-20 00:00:00+00:00,long,buy,29895.5,,94361.03,-0.05,461.0
2023-07-20 03:00:00+00:00,long,sell - direction_change,29895.5,29969.1,94546.16,0.2,461.19
2023-07-20 03:00:00+00:00,short,buy,29969.1,,94498.89,-0.05,461.14
2023-07-20 05:00:00+00:00,short,sell - direction_change,29969.1,29948.4,94516.91,0.02,461.16
2023-07-20 05:00:00+00:00,long,buy,29948.4,,94469.65,-0.05,461.11
2023-07-20 14:00:00+00:00,long,sell - direction_change,29948.4,30215.9,95266.22,0.84,461.96
2023-07-20 14:00:00+00:00,short,buy,30215.9,,95218.59,-0.05,461.91
2023-07-21 01:00:00+00:00,short,sell - direction_change,30215.9,29772.2,96569.2,1.42,463.32
2023-07-21 01:00:00+00:00,long,buy,29772.2,,96520.92,-0.05,463.27
2023-07-21 07:00:00+00:00,long,sell - direction_change,29772.2,29839.0,96689.22,0.17,463.45
2023-07-21 07:00:00+00:00,short,buy,29839.0,,96640.87,-0.05,463.4
2023-07-21 10:00:00+00:00,short,sell - direction_change,29839.0,29745.7,96894.73,0.26,463.66
2023-07-21 10:00:00+00:00,long,buy,29745.7,,96846.28,-0.05,463.61
2023-07-21 11:00:00+00:00,long,sell - direction_change,29745.7,29785.4,96927.11,0.08,463.7
2023-07-21 11:00:00+00:00,short,buy,29785.4,,96878.65,-0.05,463.65
2023-07-21 12:00:00+00:00,short,sell - direction_change,29785.4,29764.8,96897.21,0.02,463.66
2023-07-21 12:00:00+00:00,long,buy,29764.8,,96848.77,-0.05,463.61
2023-07-21 13:00:00+00:00,long,sell - direction_change,29764.8,29854.4,97091.88,0.25,463.87
2023-07-21 13:00:00+00:00,short,buy,29854.4,,97043.34,-0.05,463.82
2023-07-21 14:00:00+00:00,short,sell - direction_change,29854.4,29799.4,97173.59,0.13,463.95
2023-07-21 14:00:00+00:00,long,buy,29799.4,,97125.01,-0.05,463.9
2023-07-21 16:00:00+00:00,long,sell - direction_change,29799.4,29852.0,97247.88,0.13,464.03
2023-07-21 16:00:00+00:00,short,buy,29852.0,,97199.26,-0.05,463.98
2023-07-21 17:00:00+00:00,short,sell - direction_change,29852.0,29811.8,97281.55,0.08,464.06
2023-07-21 17:00:00+00:00,long,buy,29811.8,,97232.91,-0.05,464.01
2023-07-22 04:00:00+00:00,long,sell - direction_change,29811.8,29886.7,97428.59,0.2,464.21
2023-07-22 04:00:00+00:00,short,buy,29886.7,,97379.87,-0.05,464.16
2023-07-22 06:00:00+00:00,short,sell - direction_change,29886.7,29853.3,97440.01,0.06,464.22
2023-07-22 06:00:00+00:00,long,buy,29853.3,,97391.29,-0.05,464.17
2023-07-22 10:00:00+00:00,long,sell - direction_change,29853.3,29921.0,97563.45,0.18,464.35
2023-07-22 10:00:00+00:00,short,buy,29921.0,,97514.67,-0.05,464.3
2023-07-22 15:00:00+00:00,short,sell - direction_change,29921.0,29869.6,97633.43,0.12,464.42
2023-07-22 15:00:00+00:00,long,buy,29869.6,,97584.61,-0.05,464.37
2023-07-22 17:00:00+00:00,long,sell - direction_change,29869.6,29888.1,97596.26,0.01,464.38
2023-07-22 17:00:00+00:00,short,buy,29888.1,,97547.46,-0.05,464.33
2023-07-23 02:00:00+00:00,short,sell - direction_change,29888.1,29817.2,97730.09,0.19,464.52
2023-07-23 02:00:00+00:00,long,buy,29817.2,,97681.22,-0.05,464.47
2023-07-24 01:00:00+00:00,long,sell - direction_change,29817.2,30000.9,98234.19,0.57,465.04
2023-07-24 01:00:00+00:00,short,buy,30000.9,,98185.07,-0.05,464.99
2023-07-24 09:50:00+00:00,short,sell - take_profit,30000.9,29100.873,101081.53,2.95,467.94
2023-07-24 10:00:00+00:00,short,buy,29162.0,,101030.99,-0.05,467.89
2023-07-24 23:00:00+00:00,short,sell - direction_change,29162.0,29152.3,101014.08,-0.02,467.87
2023-07-24 23:00:00+00:00,long,buy,29152.3,,100963.57,-0.05,467.82
2023-07-25 00:00:00+00:00,long,sell - direction_change,29152.3,29163.8,100952.92,-0.01,467.81
2023-07-25 00:00:00+00:00,short,buy,29163.8,,100902.44,-0.05,467.76
2023-07-25 02:00:00+00:00,short,sell - direction_change,29163.8,29070.1,101176.18,0.27,468.03
2023-07-25 02:00:00+00:00,long,buy,29070.1,,101125.59,-0.05,467.98
2023-07-25 04:00:00+00:00,long,sell - direction_change,29070.1,29099.6,101177.65,0.05,468.03
2023-07-25 04:00:00+00:00,short,buy,29099.6,,101127.06,-0.05,467.98
2023-07-25 05:00:00+00:00,short,sell - direction_change,29099.6,29080.0,101144.61,0.02,468.0
2023-07-25 05:00:00+00:00,long,buy,29080.0,,101094.04,-0.05,467.95
2023-07-25 09:00:00+00:00,long,sell - direction_change,29080.0,29177.0,101380.7,0.28,468.23
2023-07-25 09:00:00+00:00,short,buy,29177.0,,101330.01,-0.05,468.18
2023-07-25 10:00:00+00:00,short,sell - direction_change,29177.0,29154.0,101359.22,0.03,468.21
2023-07-25 10:00:00+00:00,long,buy,29154.0,,101308.54,-0.05,468.16
2023-07-25 11:00:00+00:00,long,sell - direction_change,29154.0,29151.7,101249.9,-0.06,468.1
2023-07-25 11:00:00+00:00,short,buy,29151.7,,101199.27,-0.05,468.05
2023-07-25 13:00:00+00:00,short,sell - direction_change,29151.7,29108.8,101297.6,0.1,468.15
2023-07-25 13:00:00+00:00,long,buy,29108.8,,101246.95,-0.05,468.1
2023-07-26 00:00:00+00:00,long,sell - direction_change,29108.8,29216.2,101569.89,0.32,468.42
2023-07-26 00:00:00+00:00,short,buy,29216.2,,101519.1,-0.05,468.37
2023-07-26 02:00:00+00:00,short,sell - direction_change,29216.2,29121.1,101798.79,0.28,468.65
2023-07-26 02:00:00+00:00,long,buy,29121.1,,101747.89,-0.05,468.6
2023-07-26 04:00:00+00:00,long,sell - direction_change,29121.1,29228.1,102070.87,0.32,468.91
2023-07-26 04:00:00+00:00,short,buy,29228.1,,102019.84,-0.05,468.86
2023-07-26 05:00:00+00:00,short,sell - direction_change,29228.1,29185.9,102116.13,0.09,468.96
2023-07-26 05:00:00+00:00,long,buy,29185.9,,102065.07,-0.05,468.91
2023-07-26 06:00:00+00:00,long,sell - direction_change,29185.9,29260.7,102275.62,0.21,469.11
2023-07-26 06:00:00+00:00,short,buy,29260.7,,102224.48,-0.05,469.06
2023-07-26 08:00:00+00:00,short,sell - direction_change,29260.7,29205.4,102366.56,0.14,469.2
2023-07-26 08:00:00+00:00,long,buy,29205.4,,102315.38,-0.05,469.15
2023-07-26 09:00:00+00:00,long,sell - direction_change,29205.4,29207.0,102269.82,-0.04,469.11
2023-07-26 09:00:00+00:00,short,buy,29207.0,,102218.69,-0.05,469.06
2023-07-26 10:00:00+00:00,short,sell - direction_change,29207.0,29179.0,102265.57,0.05,469.1
2023-07-26 10:00:00+00:00,long,buy,29179.0,,102214.44,-0.05,469.05
2023-07-26 11:00:00+00:00,long,sell - direction_change,29179.0,29180.1,102167.19,-0.05,469.01
2023-07-26 11:00:00+00:00,short,buy,29180.1,,102116.1,-0.05,468.96
2023-07-26 12:00:00+00:00,short,sell - direction_change,29180.1,29163.9,102121.74,0.01,468.96
2023-07-26 12:00:00+00:00,long,buy,29163.9,,102070.68,-0.05,468.91
2023-07-27 06:00:00+00:00,long,sell - direction_change,29163.9,29446.0,103006.96,0.92,469.83
2023-07-27 06:00:00+00:00,short,buy,29446.0,,102955.46,-0.05,469.78
2023-07-27 08:00:00+00:00,short,sell - direction_change,29446.0,29396.9,103075.66,0.12,469.9
2023-07-27 08:00:00+00:00,long,buy,29396.9,,103024.12,-0.05,469.85
2023-07-27 14:00:00+00:00,long,sell - direction_change,29396.9,29430.5,103090.36,0.06,469.91
2023-07-27 14:00:00+00:00,short,buy,29430.5,,103038.82,-0.05,469.86
2023-07-28 03:00:00+00:00,short,sell - direction_change,29430.5,29217.3,103733.73,0.67,470.54
2023-07-28 03:00:00+00:00,long,buy,29217.3,,103681.86,-0.05,470.49
2023-07-28 05:00:00+00:00,long,sell - direction_change,29217.3,29249.4,103743.93,0.06,470.55
2023-07-28 05:00:00+00:00,short,buy,29249.4,,103692.06,-0.05,470.5
2023-07-28 06:00:00+00:00,short,sell - direction_change,29249.4,29172.0,103914.61,0.21,470.71
2023-07-28 06:00:00+00:00,long,buy,29172.0,,103862.65,-0.05,470.66
2023-07-28 07:00:00+00:00,long,sell - direction_change,29172.0,29175.5,103823.18,-0.04,470.62
2023-07-28 07:00:00+00:00,short,buy,29175.5,,103771.27,-0.05,470.57
2023-07-28 10:00:00+00:00,short,sell - direction_change,29175.5,29203.2,103620.86,-0.14,470.43
2023-07-28 10:00:00+00:00,long,buy,29203.2,,103569.05,-0.05,470.38
2023-07-28 11:00:00+00:00,long,sell - direction_change,29203.2,29208.9,103537.48,-0.03,470.35
2023-07-28 11:00:00+00:00,short,buy,29208.9,,103485.71,-0.05,470.3
2023-07-28 12:00:00+00:00,short,sell - direction_change,29208.9,29195.4,103481.8,-0.0,470.29
2023-07-28 12:00:00+00:00,long,buy,29195.4,,103430.05,-0.05,470.24
2023-07-28 22:00:00+00:00,long,sell - direction_change,29195.4,29297.4,103739.69,0.3,470.54
2023-07-28 22:00:00+00:00,short,buy,29297.4,,103687.82,-0.05,470.49
2023-07-28 23:00:00+00:00,short,sell - direction_change,29297.4,29282.8,103687.65,-0.0,470.49
2023-07-28 23:00:00+00:00,long,buy,29282.8,,103635.81,-0.05,470.44
2023-07-29 07:00:00+00:00,long,sell - direction_change,29282.8,29336.6,103774.39,0.13,470.58
2023-07-29 07:00:00+00:00,short,buy,29336.6,,103722.51,-0.05,470.53
2023-07-29 08:00:00+00:00,short,sell - direction_change,29336.6,29283.0,103860.15,0.13,470.66
2023-07-29 08:00:00+00:00,long,buy,29283.0,,103808.22,-0.05,470.61
2023-07-29 09:00:00+00:00,long,sell - direction_change,29283.0,29287.4,103771.92,-0.03,470.57
2023-07-29 09:00:00+00:00,short,buy,29287.4,,103720.03,-0.05,470.52
2023-07-29 17:00:00+00:00,short,sell - direction_change,29287.4,29296.3,103636.65,-0.08,470.44
2023-07-29 17:00:00+00:00,long,buy,29296.3,,103584.84,-0.05,470.39
2023-07-30 03:00:00+00:00,long,sell - direction_change,29296.3,29299.9,103545.77,-0.04,470.36
2023-07-30 03:00:00+00:00,short,buy,29299.9,,103494.0,-0.05,470.31
2023-07-30 04:00:00+00:00,short,sell - direction_change,29299.9,29300.1,103441.55,-0.05,470.26
2023-07-30 04:00:00+00:00,long,buy,29300.1,,103389.82,-0.05,470.21
2023-07-30 05:00:00+00:00,long,sell - direction_change,29300.1,29309.6,103371.65,-0.02,470.19
2023-07-30 05:00:00+00:00,short,buy,29309.6,,103319.97,-0.05,470.14
2023-07-30 12:00:00+00:00,short,sell - direction_change,29309.6,29301.3,103297.56,-0.02,470.12
2023-07-30 12:00:00+00:00,long,buy,29301.3,,103245.92,-0.05,470.07
2023-07-30 13:00:00+00:00,long,sell - direction_change,29301.3,29307.3,103215.43,-0.03,470.04
2023-07-30 13:00:00+00:00,short,buy,29307.3,,103163.83,-0.05,469.99
2023-07-30 14:00:00+00:00,short,sell - direction_change,29307.3,29273.4,103231.58,0.07,470.05
2023-07-30 14:00:00+00:00,long,buy,29273.4,,103179.96,-0.05,470.0
2023-07-30 19:00:00+00:00,long,sell - direction_change,29273.4,29342.2,103370.87,0.19,470.19
2023-07-30 19:00:00+00:00,short,buy,29342.2,,103319.18,-0.05,470.14
2023-07-31 00:00:00+00:00,short,sell - direction_change,29342.2,29271.2,103517.53,0.19,470.33
2023-07-31 00:00:00+00:00,long,buy,29271.2,,103465.77,-0.05,470.28
2023-07-31 13:00:00+00:00,long,sell - direction_change,29271.2,29456.9,104070.44,0.58,470.86
2023-07-31 13:00:00+00:00,short,buy,29456.9,,104018.4,-0.05,470.81
2023-08-01 15:00:00+00:00,short,sell - direction_change,29456.9,28816.4,106228.13,2.12,472.94
2023-08-01 15:00:00+00:00,long,buy,28816.4,,106175.01,-0.05,472.89
2023-08-01 23:55:00+00:00,long,sell - take_profit,28816.4,29680.892000000003,109307.18,2.95,475.84
2023-08-02 00:00:00+00:00,long,buy,29701.2,,109252.52,-0.05,475.79
2023-08-02 08:17:00+00:00,long,sell - stop_loss,29701.2,29404.188000000002,108105.37,-1.05,474.74
2023-08-02 09:00:00+00:00,short,buy,29481.5,,108051.32,-0.05,474.69
2023-08-02 10:00:00+00:00,short,sell - direction_change,29481.5,29443.0,108138.4,0.08,474.77
2023-08-02 10:00:00+00:00,long,buy,29443.0,,108084.33,-0.05,474.72
2023-08-02 11:00:00+00:00,long,sell - direction_change,29443.0,29525.0,108331.31,0.23,474.95
2023-08-02 11:00:00+00:00,short,buy,29525.0,,108277.14,-0.05,474.9
2023-08-03 03:00:00+00:00,short,sell - direction_change,29525.0,29160.5,109559.73,1.18,476.08
2023-08-03 03:00:00+00:00,long,buy,29160.5,,109504.95,-0.05,476.03
2023-08-03 04:00:00+00:00,long,sell - direction_change,29160.5,29170.1,109486.25,-0.02,476.02
2023-08-03 04:00:00+00:00,short,buy,29170.1,,109431.51,-0.05,475.97
2023-08-03 10:00:00+00:00,short,sell - direction_change,29170.1,29141.0,109485.96,0.05,476.02
2023-08-03 10:00:00+00:00,long,buy,29141.0,,109431.22,-0.05,475.97
2023-08-03 11:00:00+00:00,long,sell - direction_change,29141.0,29161.8,109454.61,0.02,475.99
2023-08-03 11:00:00+00:00,short,buy,29161.8,,109399.89,-0.05,475.94
2023-08-03 13:00:00+00:00,short,sell - direction_change,29161.8,29097.2,109587.53,0.17,476.11
2023-08-03 13:00:00+00:00,long,buy,29097.2,,109532.74,-0.05,476.06
2023-08-03 23:00:00+00:00,long,sell - direction_change,29097.2,29220.8,109943.25,0.37,476.43
2023-08-03 23:00:00+00:00,short,buy,29220.8,,109888.28,-0.05,476.38
2023-08-04 05:00:00+00:00,short,sell - direction_change,29220.8,29199.4,109913.81,0.02,476.41
2023-08-04 05:00:00+00:00,long,buy,29199.4,,109858.85,-0.05,476.36
2023-08-04 06:00:00+00:00,long,sell - direction_change,29199.4,29225.0,109900.24,0.04,476.39
2023-08-04 06:00:00+00:00,short,buy,29225.0,,109845.29,-0.05,476.34
2023-08-04 09:00:00+00:00,short,sell - direction_change,29225.0,29172.0,109989.57,0.13,476.47
2023-08-04 09:00:00+00:00,long,buy,29172.0,,109934.58,-0.05,476.42
2023-08-04 10:00:00+00:00,long,sell - direction_change,29172.0,29190.9,109950.83,0.01,476.44
2023-08-04 10:00:00+00:00,short,buy,29190.9,,109895.86,-0.05,476.39
2023-08-04 12:00:00+00:00,short,sell - direction_change,29190.9,29157.2,109967.78,0.07,476.46
2023-08-04 12:00:00+00:00,long,buy,29157.2,,109912.8,-0.05,476.41
2023-08-04 17:00:00+00:00,long,sell - direction_change,29157.2,29251.6,110213.7,0.27,476.68
2023-08-04 17:00:00+00:00,short,buy,29251.6,,110158.59,-0.05,476.63
2023-08-05 05:00:00+00:00,short,sell - direction_change,29251.6,29045.0,110881.55,0.66,477.29
2023-08-05 05:00:00+00:00,long,buy,29045.0,,110826.11,-0.05,477.24
2023-08-05 06:00:00+00:00,long,sell - direction_change,29045.0,29086.9,110930.57,0.09,477.33
2023-08-05 06:00:00+00:00,short,buy,29086.9,,110875.11,-0.05,477.28
2023-08-05 08:00:00+00:00,short,sell - direction_change,29086.9,29037.9,111006.45,0.12,477.4
2023-08-05 08:00:00+00:00,long,buy,29037.9,,110950.95,-0.05,477.35
2023-08-05 09:00:00+00:00,long,sell - direction_change,29037.9,29077.0,111044.87,0.08,477.43
2023-08-05 09:00:00+00:00,short,buy,29077.0,,110989.34,-0.05,477.38
2023-08-05 14:00:00+00:00,short,sell - direction_change,29077.0,29016.5,111164.78,0.16,477.54
2023-08-05 14:00:00+00:00,long,buy,29016.5,,111109.2,-0.05,477.49
2023-08-05 15:00:00+00:00,long,sell - direction_change,29016.5,29059.0,111216.39,0.1,477.59
2023-08-05 15:00:00+00:00,short,buy,29059.0,,111160.78,-0.05,477.54
2023-08-05 17:00:00+00:00,short,sell - direction_change,29059.0,29021.8,111247.5,0.08,477.62
2023-08-05 17:00:00+00:00,long,buy,29021.8,,111191.88,-0.05,477.57
2023-08-05 18:00:00+00:00,long,sell - direction_change,29021.8,29053.5,111257.73,0.06,477.62
2023-08-05 18:00:00+00:00,short,buy,29053.5,,111202.11,-0.05,477.57
2023-08-05 19:00:00+00:00,short,sell - direction_change,29053.5,29065.5,111100.57,-0.09,477.48
2023-08-05 19:00:00+00:00,long,buy,29065.5,,111045.02,-0.05,477.43
2023-08-06 00:00:00+00:00,long,sell - direction_change,29065.5,29057.7,110959.7,-0.08,477.36
2023-08-06 00:00:00+00:00,short,buy,29057.7,,110904.22,-0.05,477.31
2023-08-06 02:00:00+00:00,short,sell - direction_change,29057.7,29026.3,110968.61,0.06,477.36
2023-08-06 02:00:00+00:00,long,buy,29026.3,,110913.13,-0.05,477.31
2023-08-06 12:00:00+00:00,long,sell - direction_change,29026.3,29067.0,111013.19,0.09,477.4
2023-08-06 12:00:00+00:00,short,buy,29067.0,,110957.69,-0.05,477.35
2023-08-06 16:00:00+00:00,short,sell - direction_change,29067.0,29001.1,111153.77,0.18,477.53
2023-08-06 16:00:00+00:00,long,buy,29001.1,,111098.19,-0.05,477.48
2023-08-06 18:00:00+00:00,long,sell - direction_change,29001.1,29078.9,111340.68,0.22,477.7
2023-08-06 18:00:00+00:00,short,buy,29078.9,,111285.01,-0.05,477.65
2023-08-06 19:00:00+00:00,short,sell - direction_change,29078.9,29076.0,111240.47,-0.04,477.61
2023-08-06 19:00:00+00:00,long,buy,29076.0,,111184.85,-0.05,477.56
2023-08-07 06:00:00+00:00,long,sell - direction_change,29076.0,29115.5,111280.3,0.09,477.65
2023-08-07 06:00:00+00:00,short,buy,29115.5,,111224.66,-0.05,477.6
2023-08-07 07:00:00+00:00,short,sell - direction_change,29115.5,29041.3,111452.5,0.2,477.8
2023-08-07 07:00:00+00:00,long,buy,29041.3,,111396.77,-0.05,477.75
2023-08-07 08:00:00+00:00,long,sell - direction_change,29041.3,29084.7,111507.55,0.1,477.85
2023-08-07 08:00:00+00:00,short,buy,29084.7,,111451.79,-0.05,477.8
2023-08-07 09:00:00+00:00,short,sell - direction_change,29084.7,29050.1,111528.65,0.07,477.87
2023-08-07 09:00:00+00:00,long,buy,29050.1,,111472.89,-0.05,477.82
2023-08-07 11:00:00+00:00,long,sell - direction_change,29050.1,29134.6,111741.4,0.24,478.06
2023-08-07 11:00:00+00:00,short,buy,29134.6,,111685.53,-0.05,478.01
2023-08-07 18:00:00+00:00,short,sell - direction_change,29134.6,28965.2,112279.07,0.53,478.54
2023-08-07 18:00:00+00:00,long,buy,28965.2,,112222.93,-0.05,478.49
2023-08-08 08:00:00+00:00,long,sell - direction_change,28965.2,29177.0,112987.42,0.68,479.17
2023-08-08 08:00:00+00:00,short,buy,29177.0,,112930.93,-0.05,479.12
2023-08-08 10:00:00+00:00,short,sell - direction_change,29177.0,29191.3,112819.11,-0.1,479.02
2023-08-08 10:00:00+00:00,long,buy,29191.3,,112762.7,-0.05,478.97
2023-08-08 21:20:00+00:00,long,sell - take_profit,29191.3,30067.039,116089.2,2.95,481.92
2023-08-08 22:00:00+00:00,long,buy,29848.2,,116031.16,-0.05,481.87
2023-08-09 02:00:00+00:00,long,sell - direction_change,29848.2,29840.9,115944.76,-0.07,481.8
2023-08-09 02:00:00+00:00,short,buy,29840.9,,115886.79,-0.05,481.75
2023-08-09 04:00:00+00:00,short,sell - direction_change,29840.9,29710.0,116337.2,0.39,482.14
2023-08-09 04:00:00+00:00,long,buy,29710.0,,116279.03,-0.05,482.09
2023-08-09 05:00:00+00:00,long,sell - direction_change,29710.0,29749.3,116374.7,0.08,482.17
2023-08-09 05:00:00+00:00,short,buy,29749.3,,116316.51,-0.05,482.12
2023-08-09 07:00:00+00:00,short,sell - direction_change,29749.3,29712.2,116403.41,0.07,482.19
2023-08-09 07:00:00+00:00,long,buy,29712.2,,116345.21,-0.05,482.14
2023-08-09 14:00:00+00:00,long,sell - direction_change,29712.2,29867.6,116895.54,0.47,482.62
2023-08-09 14:00:00+00:00,short,buy,29867.6,,116837.1,-0.05,482.57
2023-08-09 15:00:00+00:00,short,sell - direction_change,29867.6,29744.9,117258.66,0.36,482.93
2023-08-09 15:00:00+00:00,long,buy,29744.9,,117200.03,-0.05,482.88
2023-08-09 16:00:00+00:00,long,sell - direction_change,29744.9,29749.3,117158.77,-0.04,482.84
2023-08-09 16:00:00+00:00,short,buy,29749.3,,117100.19,-0.05,482.79
2023-08-10 03:00:00+00:00,short,sell - direction_change,29749.3,29565.2,117766.3,0.57,483.36
2023-08-10 03:00:00+00:00,long,buy,29565.2,,117707.42,-0.05,483.31
2023-08-10 04:00:00+00:00,long,sell - direction_change,29565.2,29568.9,117663.29,-0.04,483.27
2023-08-10 04:00:00+00:00,short,buy,29568.9,,117604.46,-0.05,483.22
2023-08-10 05:00:00+00:00,short,sell - direction_change,29568.9,29530.3,117699.18,0.08,483.3
2023-08-10 05:00:00+00:00,long,buy,29530.3,,117640.33,-0.05,483.25
2023-08-10 06:00:00+00:00,long,sell - direction_change,29530.3,29580.4,117781.1,0.12,483.37
2023-08-10 06:00:00+00:00,short,buy,29580.4,,117722.21,-0.05,483.32
2023-08-10 13:00:00+00:00,short,sell - direction_change,29580.4,29552.2,117775.57,0.05,483.37
2023-08-10 13:00:00+00:00,long,buy,29552.2,,117716.69,-0.05,483.32
2023-08-10 14:00:00+00:00,long,sell - direction_change,29552.2,29669.8,118126.27,0.35,483.67
2023-08-10 14:00:00+00:00,short,buy,29669.8,,118067.21,-0.05,483.62
2023-08-11 05:00:00+00:00,short,sell - direction_change,29669.8,29405.2,119061.12,0.84,484.46
2023-08-11 05:00:00+00:00,long,buy,29405.2,,119001.58,-0.05,484.41
2023-08-11 07:00:00+00:00,long,sell - direction_change,29405.2,29451.1,119127.84,0.11,484.52
2023-08-11 07:00:00+00:00,short,buy,29451.1,,119068.28,-0.05,484.47
2023-08-11 12:00:00+00:00,short,sell - direction_change,29451.1,29435.0,119073.83,0.0,484.47
2023-08-11 12:00:00+00:00,long,buy,29435.0,,119014.3,-0.05,484.42
2023-08-11 15:00:00+00:00,long,sell - direction_change,29435.0,29481.0,119140.78,0.11,484.53
2023-08-11 15:00:00+00:00,short,buy,29481.0,,119081.21,-0.05,484.48
2023-08-11 19:00:00+00:00,short,sell - direction_change,29481.0,29361.9,119502.74,0.35,484.83
2023-08-11 19:00:00+00:00,long,buy,29361.9,,119442.99,-0.05,484.78
2023-08-11 21:00:00+00:00,long,sell - direction_change,29361.9,29407.3,119567.96,0.1,484.89
2023-08-11 21:00:00+00:00,short,buy,29407.3,,119508.17,-0.05,484.84
2023-08-11 22:00:00+00:00,short,sell - direction_change,29407.3,29401.6,119471.58,-0.03,484.8
2023-08-11 22:00:00+00:00,long,buy,29401.6,,119411.85,-0.05,484.75
2023-08-11 23:00:00+00:00,long,sell - direction_change,29401.6,29420.1,119427.28,0.01,484.77
2023-08-11 23:00:00+00:00,short,buy,29420.1,,119367.56,-0.05,484.72
2023-08-12 00:00:00+00:00,short,sell - direction_change,29420.1,29415.5,119326.54,-0.03,484.68
2023-08-12 00:00:00+00:00,long,buy,29415.5,,119266.88,-0.05,484.63
2023-08-12 01:00:00+00:00,long,sell - direction_change,29415.5,29445.0,119326.86,0.05,484.68
2023-08-12 01:00:00+00:00,short,buy,29445.0,,119267.19,-0.05,484.63
2023-08-12 03:00:00+00:00,short,sell - direction_change,29445.0,29378.8,119475.7,0.17,484.81
2023-08-12 03:00:00+00:00,long,buy,29378.8,,119415.96,-0.05,484.76
2023-08-12 08:00:00+00:00,long,sell - direction_change,29378.8,29410.2,119483.89,0.06,484.82
2023-08-12 08:00:00+00:00,short,buy,29410.2,,119424.15,-0.05,484.77
2023-08-12 10:00:00+00:00,short,sell - direction_change,29410.2,29408.3,119372.15,-0.04,484.72
2023-08-12 10:00:00+00:00,long,buy,29408.3,,119312.46,-0.05,484.67
2023-08-12 13:00:00+00:00,long,sell - direction_change,29408.3,29414.5,119277.96,-0.03,484.64
2023-08-12 13:00:00+00:00,short,buy,29414.5,,119218.32,-0.05,484.59
2023-08-12 14:00:00+00:00,short,sell - direction_change,29414.5,29396.4,119232.07,0.01,484.6
2023-08-12 14:00:00+00:00,long,buy,29396.4,,119172.46,-0.05,484.55
2023-08-12 19:00:00+00:00,long,sell - direction_change,29396.4,29417.9,119200.03,0.02,484.58
2023-08-12 19:00:00+00:00,short,buy,29417.9,,119140.43,-0.05,484.53
2023-08-12 20:00:00+00:00,short,sell - direction_change,29417.9,29407.6,119122.57,-0.01,484.51
2023-08-12 20:00:00+00:00,long,buy,29407.6,,119063.01,-0.05,484.46
2023-08-13 03:00:00+00:00,long,sell - direction_change,29407.6,29434.5,119112.39,0.04,484.5
2023-08-13 03:00:00+00:00,short,buy,29434.5,,119052.84,-0.05,484.45
2023-08-13 17:00:00+00:00,short,sell - direction_change,29434.5,29345.0,119355.31,0.25,484.71
2023-08-13 17:00:00+00:00,long,buy,29345.0,,119295.63,-0.05,484.66
2023-08-13 21:00:00+00:00,long,sell - direction_change,29345.0,29411.9,119507.95,0.18,484.84
2023-08-13 21:00:00+00:00,short,buy,29411.9,,119448.2,-0.05,484.79
2023-08-14 03:00:00+00:00,short,sell - direction_change,29411.9,29310.0,119802.31,0.3,485.08
2023-08-14 03:00:00+00:00,long,buy,29310.0,,119742.41,-0.05,485.03
2023-08-14 06:00:00+00:00,long,sell - direction_change,29310.0,29435.9,120196.89,0.38,485.41
2023-08-14 06:00:00+00:00,short,buy,29435.9,,120136.79,-0.05,485.36
2023-08-14 07:00:00+00:00,short,sell - direction_change,29435.9,29408.2,120189.77,0.04,485.41
2023-08-14 07:00:00+00:00,long,buy,29408.2,,120129.68,-0.05,485.36
2023-08-14 18:00:00+00:00,long,sell - direction_change,29408.2,29475.3,120343.71,0.18,485.53
2023-08-14 18:00:00+00:00,short,buy,29475.3,,120283.54,-0.05,485.48
2023-08-14 22:00:00+00:00,short,sell - direction_change,29475.3,29390.3,120570.27,0.24,485.72
2023-08-14 22:00:00+00:00,long,buy,29390.3,,120509.98,-0.05,485.67
2023-08-14 23:00:00+00:00,long,sell - direction_change,29390.3,29426.5,120598.16,0.07,485.75
2023-08-14 23:00:00+00:00,short,buy,29426.5,,120537.86,-0.05,485.7
2023-08-15 07:00:00+00:00,short,sell - direction_change,29426.5,29363.8,120734.42,0.16,485.86
2023-08-15 07:00:00+00:00,long,buy,29363.8,,120674.06,-0.05,485.81
2023-08-15 08:00:00+00:00,long,sell - direction_change,29363.8,29396.9,120749.75,0.06,485.87
2023-08-15 08:00:00+00:00,short,buy,29396.9,,120689.37,-0.05,485.82
2023-08-15 14:00:00+00:00,short,sell - direction_change,29396.9,29359.2,120783.81,0.08,485.9
2023-08-15 14:00:00+00:00,long,buy,29359.2,,120723.41,-0.05,485.85
2023-08-15 15:00:00+00:00,long,sell - direction_change,29359.2,29442.5,121005.58,0.23,486.08
2023-08-15 15:00:00+00:00,short,buy,29442.5,,120945.07,-0.05,486.03
2023-08-16 18:00:00+00:00,short,sell - direction_change,29442.5,29161.1,122040.55,0.91,486.94
2023-08-16 18:00:00+00:00,long,buy,29161.1,,121979.53,-0.05,486.89
2023-08-16 19:00:00+00:00,long,sell - direction_change,29161.1,29161.9,121921.88,-0.05,486.84
2023-08-16 19:00:00+00:00,short,buy,29161.9,,121860.92,-0.05,486.79
2023-08-17 15:02:00+00:00,short,sell - take_profit,29161.9,28287.043,125455.82,2.95,489.74
2023-08-17 16:00:00+00:00,short,buy,27920.9,,125393.09,-0.05,489.69
2023-08-17 21:42:00+00:00,short,sell - take_profit,27920.9,27083.273,129092.19,2.95,492.64
2023-08-17 22:00:00+00:00,short,buy,26250.0,,129027.64,-0.05,492.59
2023-08-17 22:01:00+00:00,short,sell - stop_loss,26250.0,26512.5,127672.85,-1.05,491.54
2023-08-17 23:00:00+00:00,short,buy,26790.0,,127609.02,-0.05,491.49
2023-08-18 05:00:00+00:00,short,sell - direction_change,26790.0,26256.5,130086.44,1.94,493.43
2023-08-18 05:00:00+00:00,long,buy,26256.5,,130021.39,-0.05,493.38
2023-08-18 06:00:00+00:00,long,sell - direction_change,26256.5,26427.7,130804.16,0.6,493.99
2023-08-18 06:00:00+00:00,short,buy,26427.7,,130738.76,-0.05,493.94
2023-08-18 17:07:00+00:00,short,sell - take_profit,26427.7,25634.869,134595.55,2.95,496.89
2023-08-18 18:00:00+00:00,short,buy,25998.1,,134528.25,-0.05,496.84
2023-08-18 18:48:00+00:00,short,sell - stop_loss,25998.1,26258.081,133115.71,-1.05,495.79
2023-08-18 19:00:00+00:00,short,buy,26110.6,,133049.15,-0.05,495.74
2023-08-19 00:00:00+00:00,short,sell - direction_change,26110.6,26042.0,133332.18,0.21,495.95
2023-08-19 00:00:00+00:00,long,buy,26042.0,,133265.52,-0.05,495.9
2023-08-19 01:00:00+00:00,long,sell - direction_change,26042.0,26087.2,133430.19,0.12,496.02
2023-08-19 01:00:00+00:00,short,buy,26087.2,,133363.47,-0.05,495.97
2023-08-19 15:00:00+00:00,short,sell - direction_change,26087.2,25961.9,133937.35,0.43,496.4
2023-08-19 15:00:00+00:00,long,buy,25961.9,,133870.38,-0.05,496.35
2023-08-20 01:00:00+00:00,long,sell - direction_change,25961.9,26168.9,134870.83,0.75,497.1
2023-08-20 01:00:00+00:00,short,buy,26168.9,,134803.39,-0.05,497.05
2023-08-20 03:00:00+00:00,short,sell - direction_change,26168.9,26081.7,135185.18,0.28,497.33
2023-08-20 03:00:00+00:00,long,buy,26081.7,,135117.59,-0.05,497.28
2023-08-20 05:00:00+00:00,long,sell - direction_change,26081.7,26104.9,135170.22,0.04,497.32
2023-08-20 05:00:00+00:00,short,buy,26104.9,,135102.63,-0.05,497.27
2023-08-20 06:00:00+00:00,short,sell - direction_change,26104.9,26075.1,135189.31,0.06,497.34
2023-08-20 06:00:00+00:00,long,buy,26075.1,,135121.71,-0.05,497.29
2023-08-20 14:00:00+00:00,long,sell - direction_change,26075.1,26127.0,135323.1,0.15,497.43
2023-08-20 14:00:00+00:00,short,buy,26127.0,,135255.44,-0.05,497.38
2023-08-20 15:00:00+00:00,short,sell - direction_change,26127.0,26050.0,135586.43,0.24,497.63
2023-08-20 15:00:00+00:00,long,buy,26050.0,,135518.63,-0.05,497.58
2023-08-20 16:00:00+00:00,long,sell - direction_change,26050.0,26095.0,135684.98,0.12,497.7
2023-08-20 16:00:00+00:00,short,buy,26095.0,,135617.13,-0.05,497.65
2023-08-20 17:00:00+00:00,short,sell - direction_change,26095.0,26035.9,135856.47,0.18,497.83
2023-08-20 17:00:00+00:00,long,buy,26035.9,,135788.54,-0.05,497.78
2023-08-21 02:00:00+00:00,long,sell - direction_change,26035.9,26131.8,136220.81,0.32,498.1
2023-08-21 02:00:00+00:00,short,buy,26131.8,,136152.7,-0.05,498.05
2023-08-21 13:00:00+00:00,short,sell - direction_change,26131.8,25988.1,136833.33,0.5,498.55
2023-08-21 13:00:00+00:00,long,buy,25988.1,,136764.91,-0.05,498.5
2023-08-21 15:00:00+00:00,long,sell - direction_change,25988.1,26094.0,137253.84,0.36,498.85
2023-08-21 15:00:00+00:00,short,buy,26094.0,,137185.21,-0.05,498.8
2023-08-21 17:00:00+00:00,short,sell - direction_change,26094.0,26002.1,137599.77,0.3,499.11
2023-08-21 17:00:00+00:00,long,buy,26002.1,,137530.97,-0.05,499.06
2023-08-21 18:00:00+00:00,long,sell - direction_change,26002.1,26039.1,137657.91,0.09,499.15
2023-08-21 18:00:00+00:00,short,buy,26039.1,,137589.08,-0.05,499.1
2023-08-21 19:00:00+00:00,short,sell - direction_change,26039.1,26021.0,137615.92,0.02,499.12
2023-08-21 19:00:00+00:00,long,buy,26021.0,,137547.12,-0.05,499.07
2023-08-22 04:00:00+00:00,long,sell - direction_change,26021.0,26042.2,137590.41,0.03,499.1
2023-08-22 04:00:00+00:00,short,buy,26042.2,,137521.61,-0.05,499.05
2023-08-22 07:00:00+00:00,short,sell - direction_change,26042.2,26058.0,137369.41,-0.11,498.94
2023-08-22 07:00:00+00:00,long,buy,26058.0,,137300.73,-0.05,498.89
2023-08-22 08:00:00+00:00,long,sell - direction_change,26058.0,26091.7,137409.65,0.08,498.97
2023-08-22 08:00:00+00:00,short,buy,26091.7,,137340.94,-0.05,498.92
2023-08-22 11:00:00+00:00,short,sell - direction_change,26091.7,26036.4,137563.36,0.16,499.08
2023-08-22 11:00:00+00:00,long,buy,26036.4,,137494.58,-0.05,499.03
2023-08-22 12:00:00+00:00,long,sell - direction_change,26036.4,26039.0,137439.56,-0.04,498.99
2023-08-22 12:00:00+00:00,short,buy,26039.0,,137370.84,-0.05,498.94
2023-08-22 23:00:00+00:00,short,sell - direction_change,26039.0,25797.5,138576.21,0.88,499.82
2023-08-22 23:00:00+00:00,long,buy,25797.5,,138506.92,-0.05,499.77
2023-08-23 10:00:00+00:00,long,sell - direction_change,25797.5,26030.0,139685.96,0.85,500.62
2023-08-23 10:00:00+00:00,short,buy,26030.0,,139616.12,-0.05,500.57
2023-08-23 13:00:00+00:00,short,sell - direction_change,26030.0,25832.6,140605.09,0.71,501.28
2023-08-23 13:00:00+00:00,long,buy,25832.6,,140534.79,-0.05,501.23
2023-08-23 19:40:00+00:00,long,sell - take_profit,25832.6,26607.577999999998,144680.57,2.95,504.18
2023-08-23 20:00:00+00:00,long,buy,26615.2,,144608.23,-0.05,504.13
2023-08-23 21:47:00+00:00,long,sell - stop_loss,26615.2,26349.048,143089.84,-1.05,503.08
2023-08-23 22:00:00+00:00,long,buy,26306.3,,143018.3,-0.05,503.03
2023-08-24 05:00:00+00:00,long,sell - direction_change,26306.3,26440.2,143674.76,0.46,503.49
2023-08-24 05:00:00+00:00,short,buy,26440.2,,143602.92,-0.05,503.44
2023-08-24 06:00:00+00:00,short,sell - direction_change,26440.2,26411.9,143684.82,0.06,503.49
2023-08-24 06:00:00+00:00,long,buy,26411.9,,143612.98,-0.05,503.44
2023-08-24 13:00:00+00:00,long,sell - direction_change,26411.9,26377.5,143354.12,-0.18,503.26
2023-08-24 13:00:00+00:00,short,buy,26377.5,,143282.45,-0.05,503.21
2023-08-25 01:00:00+00:00,short,sell - direction_change,26377.5,26129.1,144560.11,0.89,504.11
2023-08-25 01:00:00+00:00,long,buy,26129.1,,144487.83,-0.05,504.06
2023-08-25 06:00:00+00:00,long,sell - direction_change,26129.1,26045.0,143950.54,-0.37,503.68
2023-08-25 06:00:00+00:00,short,buy,26045.0,,143878.56,-0.05,503.63
2023-08-25 11:00:00+00:00,short,sell - direction_change,26045.0,26072.8,143653.05,-0.16,503.48
2023-08-25 11:00:00+00:00,long,buy,26072.8,,143581.22,-0.05,503.43
2023-08-25 12:00:00+00:00,long,sell - direction_change,26072.8,26087.7,143591.48,0.01,503.43
2023-08-25 12:00:00+00:00,short,buy,26087.7,,143519.69,-0.05,503.38
2023-08-25 21:00:00+00:00,short,sell - direction_change,26087.7,26045.9,143677.89,0.11,503.49
2023-08-25 21:00:00+00:00,long,buy,26045.9,,143606.05,-0.05,503.44
2023-08-25 22:00:00+00:00,long,sell - direction_change,26045.9,26068.4,143658.3,0.04,503.48
2023-08-25 22:00:00+00:00,short,buy,26068.4,,143586.47,-0.05,503.43
2023-08-25 23:00:00+00:00,short,sell - direction_change,26068.4,26043.6,143651.28,0.05,503.48
2023-08-25 23:00:00+00:00,long,buy,26043.6,,143579.45,-0.05,503.43
2023-08-26 07:00:00+00:00,long,sell - direction_change,26043.6,26066.8,143635.57,0.04,503.46
2023-08-26 07:00:00+00:00,short,buy,26066.8,,143563.75,-0.05,503.41
2023-08-26 11:00:00+00:00,short,sell - direction_change,26066.8,26023.9,143728.24,0.11,503.53
2023-08-26 11:00:00+00:00,long,buy,26023.9,,143656.38,-0.05,503.48
2023-08-26 12:00:00+00:00,long,sell - direction_change,26023.9,26036.0,143651.34,-0.0,503.48
2023-08-26 12:00:00+00:00,short,buy,26036.0,,143579.52,-0.05,503.43
2023-08-26 13:00:00+00:00,short,sell - direction_change,26036.0,26016.4,143615.81,0.03,503.45
2023-08-26 13:00:00+00:00,long,buy,26016.4,,143544.01,-0.05,503.4
2023-08-26 16:00:00+00:00,long,sell - direction_change,26016.4,26040.2,143603.55,0.04,503.44
2023-08-26 16:00:00+00:00,short,buy,26040.2,,143531.75,-0.05,503.39
2023-08-26 19:00:00+00:00,short,sell - direction_change,26040.2,26010.2,143625.34,0.07,503.46
2023-08-26 19:00:00+00:00,long,buy,26010.2,,143553.53,-0.05,503.41
2023-08-26 20:00:00+00:00,long,sell - direction_change,26010.2,26023.1,143552.95,-0.0,503.41
2023-08-26 20:00:00+00:00,short,buy,26023.1,,143481.17,-0.05,503.36
2023-08-27 04:00:00+00:00,short,sell - direction_change,26023.1,26009.7,143483.31,0.0,503.36
2023-08-27 04:00:00+00:00,long,buy,26009.7,,143411.57,-0.05,503.31
2023-08-28 00:00:00+00:00,long,sell - direction_change,26009.7,26087.6,143769.39,0.25,503.56
2023-08-28 00:00:00+00:00,short,buy,26087.6,,143697.5,-0.05,503.51
2023-08-28 12:00:00+00:00,short,sell - direction_change,26087.6,25992.8,144147.84,0.31,503.82
2023-08-28 12:00:00+00:00,long,buy,25992.8,,144075.76,-0.05,503.77
2023-08-28 19:00:00+00:00,long,sell - direction_change,25992.8,26134.4,144788.6,0.49,504.27
2023-08-28 19:00:00+00:00,short,buy,26134.4,,144716.21,-0.05,504.22
2023-08-28 22:00:00+00:00,short,sell - direction_change,26134.4,25966.9,145571.36,0.59,504.81
2023-08-28 22:00:00+00:00,long,buy,25966.9,,145498.58,-0.05,504.76
2023-08-29 01:00:00+00:00,long,sell - direction_change,25966.9,26128.0,146328.51,0.57,505.33
2023-08-29 01:00:00+00:00,short,buy,26128.0,,146255.34,-0.05,505.28
2023-08-29 02:00:00+00:00,short,sell - direction_change,26128.0,26092.0,146383.73,0.09,505.37
2023-08-29 02:00:00+00:00,long,buy,26092.0,,146310.54,-0.05,505.32
2023-08-29 03:00:00+00:00,long,sell - direction_change,26092.0,26091.2,146232.9,-0.05,505.26
2023-08-29 03:00:00+00:00,short,buy,26091.2,,146159.78,-0.05,505.21
2023-08-29 05:00:00+00:00,short,sell - direction_change,26091.2,26046.0,146339.91,0.12,505.34
2023-08-29 05:00:00+00:00,long,buy,26046.0,,146266.74,-0.05,505.29
2023-08-29 06:00:00+00:00,long,sell - direction_change,26046.0,26050.5,146218.87,-0.03,505.25
2023-08-29 06:00:00+00:00,short,buy,26050.5,,146145.76,-0.05,505.2
2023-08-29 14:00:00+00:00,short,sell - direction_change,26050.5,26036.2,146152.92,0.0,505.21
2023-08-29 14:00:00+00:00,long,buy,26036.2,,146079.84,-0.05,505.16
2023-08-29 14:21:00+00:00,long,sell - take_profit,26036.2,26817.286,150389.19,2.95,508.11
2023-08-29 15:00:00+00:00,long,buy,27484.8,,150314.0,-0.05,508.06
2023-08-30 03:00:00+00:00,long,sell - direction_change,27484.8,27388.5,149712.18,-0.4,507.66
2023-08-30 03:00:00+00:00,short,buy,27388.5,,149637.32,-0.05,507.61
2023-08-30 04:00:00+00:00,short,sell - direction_change,27388.5,27379.2,149613.31,-0.02,507.59
2023-08-30 04:00:00+00:00,long,buy,27379.2,,149538.51,-0.05,507.54
2023-08-30 05:00:00+00:00,long,sell - direction_change,27379.2,27427.8,149729.18,0.13,507.67
2023-08-30 05:00:00+00:00,short,buy,27427.8,,149654.32,-0.05,507.62
2023-08-30 08:00:00+00:00,short,sell - direction_change,27427.8,27427.1,149583.31,-0.05,507.57
2023-08-30 08:00:00+00:00,long,buy,27427.1,,149508.52,-0.05,507.52
2023-08-30 09:00:00+00:00,long,sell - direction_change,27427.1,27457.4,149598.93,0.06,507.58
2023-08-30 09:00:00+00:00,short,buy,27457.4,,149524.13,-0.05,507.53
2023-08-30 10:00:00+00:00,short,sell - direction_change,27457.4,27413.4,149688.98,0.11,507.64
2023-08-30 10:00:00+00:00,long,buy,27413.4,,149614.13,-0.05,507.59
2023-08-30 11:00:00+00:00,long,sell - direction_change,27413.4,27421.8,149585.17,-0.02,507.57
2023-08-30 11:00:00+00:00,short,buy,27421.8,,149510.38,-0.05,507.52
2023-08-31 03:00:00+00:00,short,sell - direction_change,27421.8,27180.1,150753.43,0.83,508.35
2023-08-31 03:00:00+00:00,long,buy,27180.1,,150678.06,-0.05,508.3
2023-08-31 08:00:00+00:00,long,sell - direction_change,27180.1,27249.2,150985.79,0.2,508.51
2023-08-31 08:00:00+00:00,short,buy,27249.2,,150910.29,-0.05,508.46
2023-08-31 11:00:00+00:00,short,sell - direction_change,27249.2,27190.3,151161.03,0.17,508.62
2023-08-31 11:00:00+00:00,long,buy,27190.3,,151085.45,-0.05,508.57
2023-08-31 12:00:00+00:00,long,sell - direction_change,27190.3,27291.8,151573.91,0.32,508.9
2023-08-31 12:00:00+00:00,short,buy,27291.8,,151498.12,-0.05,508.85
2023-08-31 16:37:00+00:00,short,sell - take_profit,27291.8,26473.046,155967.31,2.95,511.8
2023-08-31 17:00:00+00:00,short,buy,26223.3,,155889.33,-0.05,511.75
2023-09-01 09:00:00+00:00,short,sell - direction_change,26223.3,25972.0,157305.29,0.91,512.66
2023-09-01 09:00:00+00:00,long,buy,25972.0,,157226.63,-0.05,512.61
2023-09-01 10:00:00+00:00,long,sell - direction_change,25972.0,26020.4,157441.02,0.14,512.74
2023-09-01 10:00:00+00:00,short,buy,26020.4,,157362.3,-0.05,512.69
2023-09-01 11:00:00+00:00,short,sell - direction_change,26020.4,25987.2,157484.4,0.08,512.77
2023-09-01 11:00:00+00:00,long,buy,25987.2,,157405.66,-0.05,512.72
2023-09-01 13:00:00+00:00,long,sell - direction_change,25987.2,26050.5,157710.36,0.19,512.91
2023-09-01 13:00:00+00:00,short,buy,26050.5,,157631.51,-0.05,512.86
2023-09-02 00:00:00+00:00,short,sell - direction_change,26050.5,25795.6,159095.09,0.93,513.79
2023-09-02 00:00:00+00:00,long,buy,25795.6,,159015.55,-0.05,513.74
2023-09-02 01:00:00+00:00,long,sell - direction_change,25795.6,25777.5,158824.46,-0.12,513.62
2023-09-02 01:00:00+00:00,short,buy,25777.5,,158745.05,-0.05,513.57
2023-09-02 03:00:00+00:00,short,sell - direction_change,25777.5,25749.6,158837.49,0.06,513.63
2023-09-02 03:00:00+00:00,long,buy,25749.6,,158758.07,-0.05,513.58
2023-09-02 07:00:00+00:00,long,sell - direction_change,25749.6,25791.0,158933.94,0.11,513.69
2023-09-02 07:00:00+00:00,short,buy,25791.0,,158854.48,-0.05,513.64
2023-09-02 08:00:00+00:00,short,sell - direction_change,25791.0,25783.9,158818.78,-0.02,513.62
2023-09-02 08:00:00+00:00,long,buy,25783.9,,158739.37,-0.05,513.57
2023-09-03 15:00:00+00:00,long,sell - direction_change,25783.9,25914.8,159465.89,0.46,514.03
2023-09-03 15:00:00+00:00,short,buy,25914.8,,159386.16,-0.05,513.98
2023-09-03 18:00:00+00:00,short,sell - direction_change,25914.8,25875.7,159546.95,0.1,514.08
2023-09-03 18:00:00+00:00,long,buy,25875.7,,159467.17,-0.05,514.03
2023-09-04 00:00:00+00:00,long,sell - direction_change,25875.7,25962.1,159919.91,0.28,514.31
2023-09-04 00:00:00+00:00,short,buy,25962.1,,159839.95,-0.05,514.26
2023-09-04 01:00:00+00:00,short,sell - direction_change,25962.1,25900.2,160141.12,0.19,514.45
2023-09-04 01:00:00+00:00,long,buy,25900.2,,160061.05,-0.05,514.4
2023-09-04 05:00:00+00:00,long,sell - direction_change,25900.2,25969.6,160409.91,0.22,514.62
2023-09-04 05:00:00+00:00,short,buy,25969.6,,160329.7,-0.05,514.57
2023-09-04 06:00:00+00:00,short,sell - direction_change,25969.6,25920.4,160553.29,0.14,514.71
2023-09-04 06:00:00+00:00,long,buy,25920.4,,160473.01,-0.05,514.66
2023-09-04 09:00:00+00:00,long,sell - direction_change,25920.4,25973.8,160723.37,0.16,514.81
2023-09-04 09:00:00+00:00,short,buy,25973.8,,160643.01,-0.05,514.76
2023-09-04 18:00:00+00:00,short,sell - direction_change,25973.8,25894.5,161053.15,0.26,515.02
2023-09-04 18:00:00+00:00,long,buy,25894.5,,160972.62,-0.05,514.97
2023-09-04 19:00:00+00:00,long,sell - direction_change,25894.5,25900.8,160931.3,-0.03,514.94
2023-09-04 19:00:00+00:00,short,buy,25900.8,,160850.83,-0.05,514.89
2023-09-05 07:00:00+00:00,short,sell - direction_change,25900.8,25679.8,162142.87,0.8,515.7
2023-09-05 07:00:00+00:00,long,buy,25679.8,,162061.8,-0.05,515.65
2023-09-05 08:00:00+00:00,long,sell - direction_change,25679.8,25724.7,162264.13,0.12,515.77
2023-09-05 08:00:00+00:00,short,buy,25724.7,,162183.0,-0.05,515.72
2023-09-05 09:00:00+00:00,short,sell - direction_change,25724.7,25701.0,162251.32,0.04,515.76
2023-09-05 09:00:00+00:00,long,buy,25701.0,,162170.2,-0.05,515.71
2023-09-05 14:00:00+00:00,long,sell - direction_change,25701.0,25724.4,162236.76,0.04,515.75
2023-09-05 14:00:00+00:00,short,buy,25724.4,,162155.65,-0.05,515.7
2023-09-05 15:00:00+00:00,short,sell - direction_change,25724.4,25702.1,162215.14,0.04,515.74
2023-09-05 15:00:00+00:00,long,buy,25702.1,,162134.03,-0.05,515.69
2023-09-05 18:00:00+00:00,long,sell - direction_change,25702.1,25738.7,162283.84,0.09,515.78
2023-09-05 18:00:00+00:00,short,buy,25738.7,,162202.7,-0.05,515.73
2023-09-05 22:00:00+00:00,short,sell - direction_change,25738.7,25720.8,162234.4,0.02,515.75
2023-09-05 22:00:00+00:00,long,buy,25720.8,,162153.29,-0.05,515.7
2023-09-06 07:00:00+00:00,long,sell - direction_change,25720.8,25765.7,162355.28,0.12,515.83
2023-09-06 07:00:00+00:00,short,buy,25765.7,,162274.1,-0.05,515.78
2023-09-06 17:00:00+00:00,short,sell - direction_change,25765.7,25585.9,163325.35,0.65,516.42
2023-09-06 17:00:00+00:00,long,buy,25585.9,,163243.69,-0.05,516.37
2023-09-06 17:05:00+00:00,long,sell - stop_loss,25585.9,25330.041,161529.63,-1.05,515.32
2023-09-06 18:00:00+00:00,short,buy,25845.6,,161448.87,-0.05,515.27
2023-09-06 21:00:00+00:00,short,sell - direction_change,25845.6,25671.5,162455.69,0.62,515.9
2023-09-06 21:00:00+00:00,long,buy,25671.5,,162374.46,-0.05,515.85
2023-09-07 08:00:00+00:00,long,sell - direction_change,25671.5,25751.0,162796.12,0.26,516.11
2023-09-07 08:00:00+00:00,short,buy,25751.0,,162714.72,-0.05,516.06
2023-09-07 10:00:00+00:00,short,sell - direction_change,25751.0,25725.9,162791.96,0.05,516.11
2023-09-07 10:00:00+00:00,long,buy,25725.9,,162710.57,-0.05,516.06
2023-09-07 11:00:00+00:00,long,sell - direction_change,25725.9,25741.3,162726.61,0.01,516.07
2023-09-07 11:00:00+00:00,short,buy,25741.3,,162645.25,-0.05,516.02
2023-09-07 14:00:00+00:00,short,sell - direction_change,25741.3,25633.2,163246.95,0.37,516.39
2023-09-07 14:00:00+00:00,long,buy,25633.2,,163165.33,-0.05,516.34
2023-09-07 21:21:00+00:00,long,sell - take_profit,25633.2,26402.196,167978.71,2.95,519.29
2023-09-07 22:00:00+00:00,long,buy,26149.6,,167894.72,-0.05,519.24
2023-09-08 08:00:00+00:00,long,sell - direction_change,26149.6,26244.0,168416.87,0.31,519.55
2023-09-08 08:00:00+00:00,short,buy,26244.0,,168332.66,-0.05,519.5
2023-09-08 20:00:00+00:00,short,sell - direction_change,26244.0,25883.6,170560.15,1.32,520.82
2023-09-08 20:00:00+00:00,long,buy,25883.6,,170474.87,-0.05,520.77
2023-09-08 21:00:00+00:00,long,sell - direction_change,25883.6,25893.7,170456.15,-0.01,520.76
2023-09-08 21:00:00+00:00,short,buy,25893.7,,170370.93,-0.05,520.71
2023-09-08 22:00:00+00:00,short,sell - direction_change,25893.7,25878.3,170387.07,0.01,520.72
2023-09-08 22:00:00+00:00,long,buy,25878.3,,170301.87,-0.05,520.67
2023-09-09 00:00:00+00:00,long,sell - direction_change,25878.3,25899.9,170358.87,0.03,520.7
2023-09-09 00:00:00+00:00,short,buy,25899.9,,170273.69,-0.05,520.65
2023-09-09 01:00:00+00:00,short,sell - direction_change,25899.9,25846.4,170540.28,0.16,520.81
2023-09-09 01:00:00+00:00,long,buy,25846.4,,170455.01,-0.05,520.76
2023-09-09 05:00:00+00:00,long,sell - direction_change,25846.4,25861.1,170466.73,0.01,520.76
2023-09-09 05:00:00+00:00,short,buy,25861.1,,170381.49,-0.05,520.71
2023-09-09 06:00:00+00:00,short,sell - direction_change,25861.1,25828.9,170508.45,0.07,520.79
2023-09-09 06:00:00+00:00,long,buy,25828.9,,170423.19,-0.05,520.74
2023-09-09 08:00:00+00:00,long,sell - direction_change,25828.9,25871.0,170615.76,0.11,520.85
2023-09-09 08:00:00+00:00,short,buy,25871.0,,170530.45,-0.05,520.8
2023-09-09 15:00:00+00:00,short,sell - direction_change,25871.0,25833.3,170693.69,0.1,520.9
2023-09-09 15:00:00+00:00,long,buy,25833.3,,170608.34,-0.05,520.85
2023-09-09 18:00:00+00:00,long,sell - direction_change,25833.3,25868.4,170754.85,0.09,520.93
2023-09-09 18:00:00+00:00,short,buy,25868.4,,170669.47,-0.05,520.88
2023-09-09 21:00:00+00:00,short,sell - direction_change,25868.4,25850.4,170702.89,0.02,520.9
2023-09-09 21:00:00+00:00,long,buy,25850.4,,170617.54,-0.05,520.85
2023-09-10 01:00:00+00:00,long,sell - direction_change,25850.4,25862.2,170610.11,-0.0,520.85
2023-09-10 01:00:00+00:00,short,buy,25862.2,,170524.81,-0.05,520.8
2023-09-10 20:00:00+00:00,short,sell - direction_change,25862.2,25786.7,170937.36,0.24,521.04
2023-09-10 20:00:00+00:00,long,buy,25786.7,,170851.89,-0.05,520.99
2023-09-11 00:00:00+00:00,long,sell - direction_change,25786.7,25828.4,171042.76,0.11,521.1
2023-09-11 00:00:00+00:00,short,buy,25828.4,,170957.23,-0.05,521.05
2023-09-11 03:00:00+00:00,short,sell - direction_change,25828.4,25723.6,171565.42,0.36,521.41
2023-09-11 03:00:00+00:00,long,buy,25723.6,,171479.64,-0.05,521.36
2023-09-11 09:00:00+00:00,long,sell - direction_change,25723.6,25793.2,171857.87,0.22,521.58
2023-09-11 09:00:00+00:00,short,buy,25793.2,,171771.94,-0.05,521.53
2023-09-11 14:47:00+00:00,short,sell - take_profit,25793.2,25019.404,176839.21,2.95,524.48
2023-09-11 15:00:00+00:00,short,buy,25138.8,,176750.79,-0.05,524.43
2023-09-12 00:00:00+00:00,short,sell - direction_change,25138.8,25150.4,176580.86,-0.1,524.33
2023-09-12 00:00:00+00:00,long,buy,25150.4,,176492.57,-0.05,524.28
2023-09-12 01:00:00+00:00,long,sell - direction_change,25150.4,25192.9,176702.57,0.12,524.4
2023-09-12 01:00:00+00:00,short,buy,25192.9,,176614.21,-0.05,524.35
2023-09-12 02:00:00+00:00,short,sell - direction_change,25192.9,25130.2,176965.46,0.2,524.55
2023-09-12 02:00:00+00:00,long,buy,25130.2,,176876.98,-0.05,524.5
2023-09-12 03:24:00+00:00,long,sell - take_profit,25130.2,25884.106,182094.85,2.95,527.45
2023-09-12 04:00:00+00:00,long,buy,25788.2,,182003.8,-0.05,527.4
2023-09-12 16:30:00+00:00,long,sell - take_profit,25788.2,26561.846,187372.92,2.95,530.35
2023-09-12 17:00:00+00:00,long,buy,26094.4,,187279.23,-0.05,530.3
2023-09-12 22:00:00+00:00,long,sell - direction_change,26094.4,26090.0,187154.01,-0.07,530.23
2023-09-12 22:00:00+00:00,short,buy,26090.0,,187060.44,-0.05,530.18
2023-09-13 09:00:00+00:00,short,sell - direction_change,26090.0,25940.3,188040.23,0.52,530.71
2023-09-13 09:00:00+00:00,long,buy,25940.3,,187946.21,-0.05,530.66
2023-09-14 01:00:00+00:00,long,sell - direction_change,25940.3,26513.9,192008.16,2.16,532.82
2023-09-14 01:00:00+00:00,short,buy,26513.9,,191912.15,-0.05,532.77
2023-09-14 02:00:00+00:00,short,sell - direction_change,26513.9,26162.3,194361.14,1.28,534.05
2023-09-14 02:00:00+00:00,long,buy,26162.3,,194263.96,-0.05,534.0
2023-09-14 23:00:00+00:00,long,sell - direction_change,26162.3,26587.9,197327.05,1.58,535.57
2023-09-14 23:00:00+00:00,short,buy,26587.9,,197228.39,-0.05,535.52
2023-09-15 02:00:00+00:00,short,sell - direction_change,26587.9,26490.0,197855.99,0.32,535.84
2023-09-15 02:00:00+00:00,long,buy,26490.0,,197757.06,-0.05,535.79
2023-09-15 05:00:00+00:00,long,sell - direction_change,26490.0,26626.0,198673.47,0.46,536.25
2023-09-15 05:00:00+00:00,short,buy,26626.0,,198574.14,-0.05,536.2
2023-09-15 06:00:00+00:00,short,sell - direction_change,26626.0,26577.3,198838.05,0.13,536.34
2023-09-15 06:00:00+00:00,long,buy,26577.3,,198738.63,-0.05,536.29
2023-09-15 11:00:00+00:00,long,sell - direction_change,26577.3,26625.9,199002.68,0.13,536.42
2023-09-15 11:00:00+00:00,short,buy,26625.9,,198903.18,-0.05,536.37
2023-09-15 21:00:00+00:00,short,sell - direction_change,26625.9,26403.1,200468.11,0.79,537.16
2023-09-15 21:00:00+00:00,long,buy,26403.1,,200367.87,-0.05,537.11
2023-09-16 09:00:00+00:00,long,sell - direction_change,26403.1,26496.5,200976.48,0.3,537.41
2023-09-16 09:00:00+00:00,short,buy,26496.5,,200876.0,-0.05,537.36
2023-09-16 12:00:00+00:00,short,sell - direction_change,26496.5,26510.6,200668.66,-0.1,537.26
2023-09-16 12:00:00+00:00,long,buy,26510.6,,200568.33,-0.05,537.21
2023-09-16 13:00:00+00:00,long,sell - direction_change,26510.6,26538.0,200675.34,0.05,537.26
2023-09-16 13:00:00+00:00,short,buy,26538.0,,200575.0,-0.05,537.21
2023-09-16 16:00:00+00:00,short,sell - direction_change,26538.0,26493.6,200810.29,0.12,537.33
2023-09-16 16:00:00+00:00,long,buy,26493.6,,200709.89,-0.05,537.28
2023-09-16 20:00:00+00:00,long,sell - direction_change,26493.6,26524.1,200840.59,0.07,537.34
2023-09-16 20:00:00+00:00,short,buy,26524.1,,200740.17,-0.05,537.29
2023-09-16 21:00:00+00:00,short,sell - direction_change,26524.1,26515.8,200702.62,-0.02,537.27
2023-09-16 21:00:00+00:00,long,buy,26515.8,,200602.27,-0.05,537.22
2023-09-17 00:00:00+00:00,long,sell - direction_change,26515.8,26547.0,200738.01,0.07,537.29
2023-09-17 00:00:00+00:00,short,buy,26547.0,,200637.64,-0.05,537.24
2023-09-17 04:00:00+00:00,short,sell - direction_change,26547.0,26511.1,200808.65,0.09,537.33
2023-09-17 04:00:00+00:00,long,buy,26511.1,,200708.24,-0.05,537.28
2023-09-17 07:00:00+00:00,long,sell - direction_change,26511.1,26534.2,200782.77,0.04,537.31
2023-09-17 07:00:00+00:00,short,buy,26534.2,,200682.38,-0.05,537.26
2023-09-17 08:00:00+00:00,short,sell - direction_change,26534.2,26482.6,200972.3,0.14,537.41
2023-09-17 08:00:00+00:00,long,buy,26482.6,,200871.81,-0.05,537.36
2023-09-17 14:00:00+00:00,long,sell - direction_change,26482.6,26529.5,201127.11,0.13,537.49
2023-09-17 14:00:00+00:00,short,buy,26529.5,,201026.55,-0.05,537.44
2023-09-17 15:00:00+00:00,short,sell - direction_change,26529.5,26526.0,200952.56,-0.04,537.4
2023-09-17 15:00:00+00:00,long,buy,26526.0,,200852.08,-0.05,537.35
2023-09-17 16:00:00+00:00,long,sell - direction_change,26526.0,26536.9,200834.19,-0.01,537.34
2023-09-17 16:00:00+00:00,short,buy,26536.9,,200733.77,-0.05,537.29
2023-09-18 02:00:00+00:00,short,sell - direction_change,26536.9,26449.6,201293.77,0.28,537.57
2023-09-18 02:00:00+00:00,long,buy,26449.6,,201193.12,-0.05,537.52
2023-09-18 12:02:00+00:00,long,sell - take_profit,26449.6,27243.088,207128.32,2.95,540.47
2023-09-18 13:00:00+00:00,long,buy,27354.6,,207024.76,-0.05,540.42
2023-09-18 17:19:00+00:00,long,sell - stop_loss,27354.6,27081.054,204851.0,-1.05,539.37
2023-09-18 18:00:00+00:00,short,buy,26747.8,,204748.57,-0.05,539.32
2023-09-19 06:00:00+00:00,short,sell - direction_change,26747.8,26782.9,204377.51,-0.18,539.14
2023-09-19 06:00:00+00:00,long,buy,26782.9,,204275.33,-0.05,539.09
2023-09-19 21:00:00+00:00,long,sell - direction_change,26782.9,27171.5,207137.07,1.4,540.49
2023-09-19 21:00:00+00:00,short,buy,27171.5,,207033.5,-0.05,540.44
2023-09-19 22:00:00+00:00,short,sell - direction_change,27171.5,27145.8,207125.81,0.04,540.48
2023-09-19 22:00:00+00:00,long,buy,27145.8,,207022.24,-0.05,540.43
2023-09-20 02:00:00+00:00,long,sell - direction_change,27145.8,27329.9,208322.74,0.63,541.06
2023-09-20 02:00:00+00:00,short,buy,27329.9,,208218.58,-0.05,541.01
2023-09-20 13:00:00+00:00,short,sell - direction_change,27329.9,27056.3,210198.95,0.95,541.96
2023-09-20 13:00:00+00:00,long,buy,27056.3,,210093.85,-0.05,541.91
2023-09-20 14:00:00+00:00,long,sell - direction_change,27056.3,27146.6,210689.98,0.28,542.2
2023-09-20 14:00:00+00:00,short,buy,27146.6,,210584.64,-0.05,542.15
2023-09-20 15:00:00+00:00,short,sell - direction_change,27146.6,27110.0,210763.26,0.08,542.23
2023-09-20 15:00:00+00:00,long,buy,27110.0,,210657.88,-0.05,542.18
2023-09-20 18:00:00+00:00,long,sell - direction_change,27110.0,27184.2,211129.12,0.22,542.4
2023-09-20 18:00:00+00:00,short,buy,27184.2,,211023.56,-0.05,542.35
2023-09-20 20:00:00+00:00,short,sell - direction_change,27184.2,26916.5,212996.13,0.93,543.29
2023-09-20 20:00:00+00:00,long,buy,26916.5,,212889.63,-0.05,543.24
2023-09-20 22:00:00+00:00,long,sell - direction_change,26916.5,27100.4,214237.7,0.63,543.87
2023-09-20 22:00:00+00:00,short,buy,27100.4,,214130.58,-0.05,543.82
2023-09-20 23:00:00+00:00,short,sell - direction_change,27100.4,27079.3,214190.24,0.03,543.85
2023-09-20 23:00:00+00:00,long,buy,27079.3,,214083.14,-0.05,543.8
2023-09-21 00:00:00+00:00,long,sell - direction_change,27079.3,27107.7,214200.62,0.05,543.86
2023-09-21 00:00:00+00:00,short,buy,27107.7,,214093.52,-0.05,543.81
2023-09-22 00:00:00+00:00,short,sell - direction_change,27107.7,26552.6,218370.59,2.0,545.8
2023-09-22 00:00:00+00:00,long,buy,26552.6,,218261.41,-0.05,545.75
2023-09-22 02:00:00+00:00,long,sell - direction_change,26552.6,26615.1,218666.02,0.19,545.94
2023-09-22 02:00:00+00:00,short,buy,26615.1,,218556.69,-0.05,545.89
2023-09-22 03:00:00+00:00,short,sell - direction_change,26615.1,26558.0,218916.3,0.16,546.05
2023-09-22 03:00:00+00:00,long,buy,26558.0,,218806.85,-0.05,546.0
2023-09-22 10:00:00+00:00,long,sell - direction_change,26558.0,26625.8,219256.04,0.21,546.21
2023-09-22 10:00:00+00:00,short,buy,26625.8,,219146.41,-0.05,546.16
2023-09-22 11:00:00+00:00,short,sell - direction_change,26625.8,26580.6,219408.86,0.12,546.28
2023-09-22 11:00:00+00:00,long,buy,26580.6,,219299.15,-0.05,546.23
2023-09-22 13:00:00+00:00,long,sell - direction_change,26580.6,26574.6,219140.0,-0.07,546.16
2023-09-22 13:00:00+00:00,short,buy,26574.6,,219030.43,-0.05,546.11
2023-09-22 14:00:00+00:00,short,sell - direction_change,26574.6,26598.0,218728.05,-0.14,545.97
2023-09-22 14:00:00+00:00,long,buy,26598.0,,218618.69,-0.05,545.92
2023-09-22 15:00:00+00:00,long,sell - direction_change,26598.0,26666.9,219075.69,0.21,546.13
2023-09-22 15:00:00+00:00,short,buy,26666.9,,218966.15,-0.05,546.08
2023-09-23 06:00:00+00:00,short,sell - direction_change,26666.9,26529.9,219981.6,0.46,546.54
2023-09-23 06:00:00+00:00,long,buy,26529.9,,219871.61,-0.05,546.49
2023-09-23 08:00:00+00:00,long,sell - direction_change,26529.9,26571.9,220109.76,0.11,546.6
2023-09-23 08:00:00+00:00,short,buy,26571.9,,219999.7,-0.05,546.55
2023-09-23 09:00:00+00:00,short,sell - direction_change,26571.9,26558.5,220000.65,0.0,546.55
2023-09-23 09:00:00+00:00,long,buy,26558.5,,219890.65,-0.05,546.5
2023-09-23 10:00:00+00:00,long,sell - direction_change,26558.5,26564.1,219827.06,-0.03,546.47
2023-09-23 10:00:00+00:00,short,buy,26564.1,,219717.15,-0.05,546.42
2023-09-23 11:00:00+00:00,short,sell - direction_change,26564.1,26555.1,219681.73,-0.02,546.4
2023-09-23 11:00:00+00:00,long,buy,26555.1,,219571.89,-0.05,546.35
2023-09-23 21:00:00+00:00,long,sell - direction_change,26555.1,26572.6,219606.81,0.02,546.37
2023-09-23 21:00:00+00:00,short,buy,26572.6,,219497.0,-0.05,546.32
2023-09-23 23:00:00+00:00,short,sell - direction_change,26572.6,26549.7,219576.41,0.04,546.36
2023-09-23 23:00:00+00:00,long,buy,26549.7,,219466.63,-0.05,546.31
2023-09-24 00:00:00+00:00,long,sell - direction_change,26549.7,26563.0,219466.83,0.0,546.31
2023-09-24 00:00:00+00:00,short,buy,26563.0,,219357.1,-0.05,546.26
2023-09-24 01:00:00+00:00,short,sell - direction_change,26563.0,26554.1,219320.92,-0.02,546.24
2023-09-24 01:00:00+00:00,long,buy,26554.1,,219211.26,-0.05,546.19
2023-09-24 03:00:00+00:00,long,sell - direction_change,26554.1,26574.8,219272.54,0.03,546.22
2023-09-24 03:00:00+00:00,short,buy,26574.8,,219162.9,-0.05,546.17
2023-09-24 08:00:00+00:00,short,sell - direction_change,26574.8,26552.4,219238.05,0.03,546.2
2023-09-24 08:00:00+00:00,long,buy,26552.4,,219128.43,-0.05,546.15
2023-09-24 16:00:00+00:00,long,sell - direction_change,26552.4,26566.0,219131.11,0.0,546.15
2023-09-24 16:00:00+00:00,short,buy,26566.0,,219021.54,-0.05,546.1
2023-09-24 17:00:00+00:00,short,sell - direction_change,26566.0,26562.5,218940.88,-0.04,546.07
2023-09-24 17:00:00+00:00,long,buy,26562.5,,218831.41,-0.05,546.02
2023-09-24 19:00:00+00:00,long,sell - direction_change,26562.5,26580.6,218871.11,0.02,546.03
2023-09-24 19:00:00+00:00,short,buy,26580.6,,218761.68,-0.05,545.98
2023-09-25 13:00:00+00:00,short,sell - direction_change,26580.6,26092.0,222673.54,1.79,547.77
2023-09-25 13:00:00+00:00,long,buy,26092.0,,222562.2,-0.05,547.72
2023-09-25 14:00:00+00:00,long,sell - direction_change,26092.0,26153.0,222971.24,0.18,547.91
2023-09-25 14:00:00+00:00,short,buy,26153.0,,222859.76,-0.05,547.86
2023-09-25 15:00:00+00:00,short,sell - direction_change,26153.0,26123.4,223000.56,0.06,547.92
2023-09-25 15:00:00+00:00,long,buy,26123.4,,222889.06,-0.05,547.87
2023-09-26 07:00:00+00:00,long,sell - direction_change,26123.4,26279.7,224111.19,0.55,548.42
2023-09-26 07:00:00+00:00,short,buy,26279.7,,223999.14,-0.05,548.37
2023-09-26 11:00:00+00:00,short,sell - direction_change,26279.7,26238.0,224242.57,0.11,548.48
2023-09-26 11:00:00+00:00,long,buy,26238.0,,224130.45,-0.05,548.43
2023-09-26 12:00:00+00:00,long,sell - direction_change,26238.0,26262.4,224226.82,0.04,548.47
2023-09-26 12:00:00+00:00,short,buy,26262.4,,224114.7,-0.05,548.42
2023-09-26 19:00:00+00:00,short,sell - direction_change,26262.4,26173.7,224759.58,0.29,548.71
2023-09-26 19:00:00+00:00,long,buy,26173.7,,224647.2,-0.05,548.66
2023-09-26 20:00:00+00:00,long,sell - direction_change,26173.7,26235.8,225067.88,0.19,548.84
2023-09-26 20:00:00+00:00,short,buy,26235.8,,224955.34,-0.05,548.79
2023-09-26 23:00:00+00:00,short,sell - direction_change,26235.8,26145.1,225620.56,0.3,549.09
2023-09-26 23:00:00+00:00,long,buy,26145.1,,225507.75,-0.05,549.04
2023-09-27 14:00:00+00:00,long,sell - direction_change,26145.1,26607.8,229385.9,1.72,550.76
2023-09-27 14:00:00+00:00,short,buy,26607.8,,229271.2,-0.05,550.71
2023-09-27 15:00:00+00:00,short,sell - direction_change,26607.8,26184.0,232808.32,1.54,552.25
2023-09-27 15:00:00+00:00,long,buy,26184.0,,232691.92,-0.05,552.2
2023-09-27 16:00:00+00:00,long,sell - direction_change,26184.0,26293.4,233547.79,0.37,552.57
2023-09-27 16:00:00+00:00,short,buy,26293.4,,233431.01,-0.05,552.52
2023-09-28 00:00:00+00:00,short,sell - direction_change,26293.4,26359.6,232726.58,-0.3,552.22
2023-09-28 00:00:00+00:00,long,buy,26359.6,,232610.22,-0.05,552.17
2023-09-28 16:05:00+00:00,long,sell - take_profit,26359.6,27150.388,239472.22,2.95,555.12
2023-09-28 17:00:00+00:00,long,buy,27047.6,,239352.48,-0.05,555.07
2023-09-29 08:00:00+00:00,long,sell - direction_change,27047.6,27167.9,240297.38,0.39,555.46
2023-09-29 08:00:00+00:00,short,buy,27167.9,,240177.23,-0.05,555.41
2023-09-29 09:00:00+00:00,short,sell - direction_change,27167.9,26995.1,241584.77,0.59,556.0
2023-09-29 09:00:00+00:00,long,buy,26995.1,,241463.98,-0.05,555.95
2023-09-29 11:00:00+00:00,long,sell - direction_change,26995.1,27012.4,241497.99,0.01,555.96
2023-09-29 11:00:00+00:00,short,buy,27012.4,,241377.24,-0.05,555.91
2023-09-29 12:00:00+00:00,short,sell - direction_change,27012.4,26958.3,241739.98,0.15,556.06
2023-09-29 12:00:00+00:00,long,buy,26958.3,,241619.11,-0.05,556.01
2023-09-29 13:00:00+00:00,long,sell - direction_change,26958.3,26988.6,241769.87,0.06,556.08
2023-09-29 13:00:00+00:00,short,buy,26988.6,,241648.99,-0.05,556.03
2023-09-29 23:00:00+00:00,short,sell - direction_change,26988.6,26875.1,242544.41,0.37,556.4
2023-09-29 23:00:00+00:00,long,buy,26875.1,,242423.14,-0.05,556.35
2023-09-30 01:00:00+00:00,long,sell - direction_change,26875.1,26922.1,242725.89,0.12,556.47
2023-09-30 01:00:00+00:00,short,buy,26922.1,,242604.52,-0.05,556.42
2023-09-30 02:00:00+00:00,short,sell - direction_change,26922.1,26882.0,242844.58,0.1,556.52
2023-09-30 02:00:00+00:00,long,buy,26882.0,,242723.15,-0.05,556.47
2023-09-30 23:00:00+00:00,long,sell - direction_change,26882.0,26996.5,243635.64,0.38,556.85
2023-09-30 23:00:00+00:00,short,buy,26996.5,,243513.82,-0.05,556.8
2023-10-01 01:00:00+00:00,short,sell - direction_change,26996.5,26976.9,243568.86,0.02,556.82
2023-10-01 01:00:00+00:00,long,buy,26976.9,,243447.07,-0.05,556.77
2023-10-01 16:00:00+00:00,long,sell - direction_change,26976.9,27135.8,244759.31,0.54,557.31
2023-10-01 16:00:00+00:00,short,buy,27135.8,,244636.93,-0.05,557.26
2023-10-01 21:00:00+00:00,short,sell - direction_change,27135.8,27093.6,244895.05,0.11,557.36
2023-10-01 21:00:00+00:00,long,buy,27093.6,,244772.61,-0.05,557.31
2023-10-01 22:17:00+00:00,long,sell - take_profit,27093.6,27906.408,251993.4,2.95,560.26
2023-10-01 23:00:00+00:00,long,buy,27989.6,,251867.4,-0.05,560.21
2023-10-02 16:00:00+00:00,long,sell - direction_change,27989.6,28015.0,251970.03,0.04,560.25
2023-10-02 16:00:00+00:00,short,buy,28015.0,,251844.05,-0.05,560.2
2023-10-03 08:00:00+00:00,short,sell - direction_change,28015.0,27528.0,256096.07,1.69,561.89
2023-10-03 08:00:00+00:00,long,buy,27528.0,,255968.02,-0.05,561.84
2023-10-03 09:00:00+00:00,long,sell - direction_change,27528.0,27584.0,256360.75,0.15,562.0
2023-10-03 09:00:00+00:00,short,buy,27584.0,,256232.57,-0.05,561.95
2023-10-03 10:00:00+00:00,short,sell - direction_change,27584.0,27530.3,256603.28,0.14,562.09
2023-10-03 10:00:00+00:00,long,buy,27530.3,,256474.98,-0.05,562.04
2023-10-03 11:00:00+00:00,long,sell - direction_change,27530.3,27611.6,257104.14,0.25,562.29
2023-10-03 11:00:00+00:00,short,buy,27611.6,,256975.59,-0.05,562.24
2023-10-04 02:00:00+00:00,short,sell - direction_change,27611.6,27323.0,259533.04,1.0,563.23
2023-10-04 02:00:00+00:00,long,buy,27323.0,,259403.28,-0.05,563.18
2023-10-04 13:00:00+00:00,long,sell - direction_change,27323.0,27553.0,261457.18,0.79,563.97
2023-10-04 13:00:00+00:00,short,buy,27553.0,,261326.46,-0.05,563.92
2023-10-04 16:00:00+00:00,short,sell - direction_change,27553.0,27388.3,262757.89,0.55,564.47
2023-10-04 16:00:00+00:00,long,buy,27388.3,,262626.51,-0.05,564.42
2023-10-05 07:00:00+00:00,long,sell - direction_change,27388.3,27643.0,264937.52,0.88,565.3
2023-10-05 07:00:00+00:00,short,buy,27643.0,,264805.05,-0.05,565.25
2023-10-05 10:00:00+00:00,short,sell - direction_change,27643.0,27672.3,264391.97,-0.16,565.09
2023-10-05 10:00:00+00:00,long,buy,27672.3,,264259.77,-0.05,565.04
2023-10-05 15:00:00+00:00,long,sell - direction_change,27672.3,27946.3,266744.24,0.94,565.99
2023-10-05 15:00:00+00:00,short,buy,27946.3,,266610.86,-0.05,565.94
2023-10-06 03:00:00+00:00,short,sell - direction_change,27946.3,27528.6,270462.46,1.44,567.38
2023-10-06 03:00:00+00:00,long,buy,27528.6,,270327.23,-0.05,567.33
2023-10-06 12:00:00+00:00,long,sell - direction_change,27528.6,27750.0,272366.19,0.75,568.08
2023-10-06 12:00:00+00:00,short,buy,27750.0,,272230.0,-0.05,568.03
2023-10-06 14:00:00+00:00,short,sell - direction_change,27750.0,27513.8,274411.03,0.8,568.84
2023-10-06 14:00:00+00:00,long,buy,27513.8,,274273.83,-0.05,568.79
2023-10-06 21:38:00+00:00,long,sell - take_profit,27513.8,28339.214,282364.9,2.95,571.74
2023-10-06 22:00:00+00:00,long,buy,28030.2,,282223.72,-0.05,571.69
2023-10-07 05:00:00+00:00,long,sell - direction_change,28030.2,27900.0,280771.68,-0.51,571.17
2023-10-07 05:00:00+00:00,short,buy,27900.0,,280631.3,-0.05,571.12
2023-10-07 07:00:00+00:00,short,sell - direction_change,27900.0,27875.6,280736.41,0.04,571.16
2023-10-07 07:00:00+00:00,long,buy,27875.6,,280596.04,-0.05,571.11
2023-10-07 18:00:00+00:00,long,sell - direction_change,27875.6,27918.2,280884.55,0.1,571.21
2023-10-07 18:00:00+00:00,short,buy,27918.2,,280744.11,-0.05,571.16
2023-10-07 23:00:00+00:00,short,sell - direction_change,27918.2,27938.5,280399.6,-0.12,571.04
2023-10-07 23:00:00+00:00,long,buy,27938.5,,280259.4,-0.05,570.99
2023-10-08 06:00:00+00:00,long,sell - direction_change,27938.5,27925.0,279983.85,-0.1,570.89
2023-10-08 06:00:00+00:00,short,buy,27925.0,,279843.86,-0.05,570.84
2023-10-08 14:00:00+00:00,short,sell - direction_change,27925.0,27898.1,279973.51,0.05,570.89
2023-10-08 14:00:00+00:00,long,buy,27898.1,,279833.52,-0.05,570.84
2023-10-08 15:00:00+00:00,long,sell - direction_change,27898.1,27917.0,279883.18,0.02,570.85
2023-10-08 15:00:00+00:00,short,buy,27917.0,,279743.24,-0.05,570.8
2023-10-08 16:00:00+00:00,short,sell - direction_change,27917.0,27883.5,279939.06,0.07,570.87
2023-10-08 16:00:00+00:00,long,buy,27883.5,,279799.09,-0.05,570.82
2023-10-08 17:00:00+00:00,long,sell - direction_change,27883.5,27902.8,279852.86,0.02,570.84
2023-10-08 17:00:00+00:00,short,buy,27902.8,,279712.93,-0.05,570.79
2023-10-08 19:00:00+00:00,short,sell - direction_change,27902.8,27859.1,280011.15,0.11,570.9
2023-10-08 19:00:00+00:00,long,buy,27859.1,,279871.14,-0.05,570.85
2023-10-09 00:00:00+00:00,long,sell - direction_change,27859.1,27901.2,280154.14,0.1,570.95
2023-10-09 00:00:00+00:00,short,buy,27901.2,,280014.06,-0.05,570.9
2023-10-09 01:00:00+00:00,short,sell - direction_change,27901.2,27808.8,280801.38,0.28,571.18
2023-10-09 01:00:00+00:00,long,buy,27808.8,,280660.97,-0.05,571.13
2023-10-09 05:00:00+00:00,long,sell - direction_change,27808.8,27916.6,281608.62,0.34,571.47
2023-10-09 05:00:00+00:00,short,buy,27916.6,,281467.81,-0.05,571.42
2023-10-09 06:00:00+00:00,short,sell - direction_change,27916.6,27851.7,281981.43,0.18,571.6
2023-10-09 06:00:00+00:00,long,buy,27851.7,,281840.44,-0.05,571.55
2023-10-09 07:00:00+00:00,long,sell - direction_change,27851.7,27890.9,282096.2,0.09,571.64
2023-10-09 07:00:00+00:00,short,buy,27890.9,,281955.15,-0.05,571.59
2023-10-09 19:00:00+00:00,short,sell - direction_change,27890.9,27555.0,285209.86,1.15,572.75
2023-10-09 19:00:00+00:00,long,buy,27555.0,,285067.25,-0.05,572.7
2023-10-10 11:00:00+00:00,long,sell - direction_change,27555.0,27596.8,285357.16,0.1,572.8
2023-10-10 11:00:00+00:00,short,buy,27596.8,,285214.48,-0.05,572.75
2023-10-10 22:00:00+00:00,short,sell - direction_change,27596.8,27414.6,286954.92,0.61,573.36
2023-10-10 22:00:00+00:00,long,buy,27414.6,,286811.44,-0.05,573.31
2023-10-10 23:00:00+00:00,long,sell - direction_change,27414.6,27434.9,286880.41,0.02,573.33
2023-10-10 23:00:00+00:00,short,buy,27434.9,,286736.97,-0.05,573.28
2023-10-11 00:00:00+00:00,short,sell - direction_change,27434.9,27381.3,287153.81,0.15,573.43
2023-10-11 00:00:00+00:00,long,buy,27381.3,,287010.23,-0.05,573.38
2023-10-11 02:00:00+00:00,long,sell - direction_change,27381.3,27429.1,287367.76,0.12,573.5
2023-10-11 02:00:00+00:00,short,buy,27429.1,,287224.08,-0.05,573.45
2023-10-11 09:00:00+00:00,short,sell - direction_change,27429.1,27099.9,290527.69,1.15,574.6
2023-10-11 09:00:00+00:00,long,buy,27099.9,,290382.43,-0.05,574.55
2023-10-11 10:00:00+00:00,long,sell - direction_change,27099.9,27275.2,292115.62,0.6,575.15
2023-10-11 10:00:00+00:00,short,buy,27275.2,,291969.56,-0.05,575.1
2023-10-12 02:00:00+00:00,short,sell - direction_change,27275.2,26766.0,297274.35,1.82,576.92
2023-10-12 02:00:00+00:00,long,buy,26766.0,,297125.71,-0.05,576.87
2023-10-12 08:00:00+00:00,long,sell - direction_change,26766.0,26799.3,297346.81,0.07,576.94
2023-10-12 08:00:00+00:00,short,buy,26799.3,,297198.13,-0.05,576.89
2023-10-12 11:00:00+00:00,short,sell - direction_change,26799.3,26746.2,297638.4,0.15,577.04
2023-10-12 11:00:00+00:00,long,buy,26746.2,,297489.58,-0.05,576.99
2023-10-12 12:00:00+00:00,long,sell - direction_change,26746.2,26827.4,298244.0,0.25,577.24
2023-10-12 12:00:00+00:00,short,buy,26827.4,,298094.88,-0.05,577.19
2023-10-12 23:00:00+00:00,short,sell - direction_change,26827.4,26738.9,298929.21,0.28,577.47
2023-10-12 23:00:00+00:00,long,buy,26738.9,,298779.74,-0.05,577.42
2023-10-13 09:00:00+00:00,long,sell - direction_change,26738.9,26783.1,299124.24,0.12,577.54
2023-10-13 09:00:00+00:00,short,buy,26783.1,,298974.68,-0.05,577.49
2023-10-13 10:00:00+00:00,short,sell - direction_change,26783.1,26725.7,299465.94,0.16,577.65
2023-10-13 10:00:00+00:00,long,buy,26725.7,,299316.2,-0.05,577.6
2023-10-13 14:00:00+00:00,long,sell - direction_change,26725.7,26843.0,300480.25,0.39,577.99
2023-10-13 14:00:00+00:00,short,buy,26843.0,,300330.01,-0.05,577.94
2023-10-13 16:00:00+00:00,short,sell - direction_change,26843.0,26692.9,301859.23,0.51,578.45
2023-10-13 16:00:00+00:00,long,buy,26692.9,,301708.3,-0.05,578.4
2023-10-13 17:00:00+00:00,long,sell - direction_change,26692.9,26786.0,302609.75,0.3,578.7
2023-10-13 17:00:00+00:00,short,buy,26786.0,,302458.44,-0.05,578.65
2023-10-13 19:00:00+00:00,short,sell - direction_change,26786.0,26734.6,302887.6,0.14,578.79
2023-10-13 19:00:00+00:00,long,buy,26734.6,,302736.16,-0.05,578.74
2023-10-13 22:00:00+00:00,long,sell - direction_change,26734.6,27005.4,305651.27,0.96,579.7
2023-10-13 22:00:00+00:00,short,buy,27005.4,,305498.44,-0.05,579.65
2023-10-13 23:00:00+00:00,short,sell - direction_change,27005.4,26813.9,307512.03,0.66,580.31
2023-10-13 23:00:00+00:00,long,buy,26813.9,,307358.28,-0.05,580.26
2023-10-14 06:00:00+00:00,long,sell - direction_change,26813.9,26874.2,307895.8,0.17,580.44
2023-10-14 06:00:00+00:00,short,buy,26874.2,,307741.85,-0.05,580.39
2023-10-14 07:00:00+00:00,short,sell - direction_change,26874.2,26851.1,307852.5,0.04,580.42
2023-10-14 07:00:00+00:00,long,buy,26851.1,,307698.57,-0.05,580.37
2023-10-14 10:00:00+00:00,long,sell - direction_change,26851.1,26870.7,307769.33,0.02,580.4
2023-10-14 10:00:00+00:00,short,buy,26870.7,,307615.45,-0.05,580.35
2023-10-14 12:00:00+00:00,short,sell - direction_change,26870.7,26860.1,307582.99,-0.01,580.34
2023-10-14 12:00:00+00:00,long,buy,26860.1,,307429.19,-0.05,580.29
2023-10-14 14:00:00+00:00,long,sell - direction_change,26860.1,26894.7,307671.5,0.08,580.37
2023-10-14 14:00:00+00:00,short,buy,26894.7,,307517.66,-0.05,580.32
2023-10-14 15:00:00+00:00,short,sell - direction_change,26894.7,26874.3,307597.16,0.03,580.34
2023-10-14 15:00:00+00:00,long,buy,26874.3,,307443.36,-0.05,580.29
2023-10-14 19:00:00+00:00,long,sell - direction_change,26874.3,26858.5,307108.89,-0.11,580.18
2023-10-14 19:00:00+00:00,short,buy,26858.5,,306955.33,-0.05,580.13
2023-10-15 01:00:00+00:00,short,sell - direction_change,26858.5,26835.0,307070.43,0.04,580.17
2023-10-15 01:00:00+00:00,long,buy,26835.0,,306916.89,-0.05,580.12
2023-10-15 02:00:00+00:00,long,sell - direction_change,26835.0,26876.6,307239.22,0.11,580.23
2023-10-15 02:00:00+00:00,short,buy,26876.6,,307085.6,-0.05,580.18
2023-10-15 04:00:00+00:00,short,sell - direction_change,26876.6,26871.4,306991.47,-0.03,580.14
2023-10-15 04:00:00+00:00,long,buy,26871.4,,306837.97,-0.05,580.09
2023-10-15 05:00:00+00:00,long,sell - direction_change,26871.4,26873.2,306705.11,-0.04,580.05
2023-10-15 05:00:00+00:00,short,buy,26873.2,,306551.76,-0.05,580.0
2023-10-15 06:00:00+00:00,short,sell - direction_change,26873.2,26868.4,306453.24,-0.03,579.97
2023-10-15 06:00:00+00:00,long,buy,26868.4,,306300.01,-0.05,579.92
2023-10-15 11:00:00+00:00,long,sell - direction_change,26868.4,26880.8,306288.22,-0.0,579.92
2023-10-15 11:00:00+00:00,short,buy,26880.8,,306135.08,-0.05,579.87
2023-10-15 14:00:00+00:00,short,sell - direction_change,26880.8,26849.7,306336.19,0.07,579.93
2023-10-15 14:00:00+00:00,long,buy,26849.7,,306183.03,-0.05,579.88
2023-10-16 05:16:00+00:00,long,sell - take_profit,26849.7,27655.191000000003,315215.43,2.95,582.83
2023-10-16 06:00:00+00:00,long,buy,27903.4,,315057.82,-0.05,582.78
2023-10-16 13:28:00+00:00,long,sell - take_profit,27903.4,28740.502000000004,324352.02,2.95,585.73
2023-10-16 14:00:00+00:00,long,buy,27986.5,,324189.85,-0.05,585.68
2023-10-17 04:00:00+00:00,long,sell - direction_change,27986.5,28259.9,327194.76,0.93,586.61
2023-10-17 04:00:00+00:00,short,buy,28259.9,,327031.16,-0.05,586.56
2023-10-17 07:00:00+00:00,short,sell - direction_change,28259.9,28214.7,327390.72,0.11,586.67
2023-10-17 07:00:00+00:00,long,buy,28214.7,,327227.02,-0.05,586.62
2023-10-17 12:00:00+00:00,long,sell - direction_change,28214.7,28408.8,329314.53,0.64,587.26
2023-10-17 12:00:00+00:00,short,buy,28408.8,,329149.87,-0.05,587.21
2023-10-17 13:00:00+00:00,short,sell - direction_change,28408.8,28203.5,331363.94,0.67,587.88
2023-10-17 13:00:00+00:00,long,buy,28203.5,,331198.26,-0.05,587.83
2023-10-17 18:00:00+00:00,long,sell - direction_change,28203.5,28414.8,333513.99,0.7,588.53
2023-10-17 18:00:00+00:00,short,buy,28414.8,,333347.23,-0.05,588.48
2023-10-17 19:00:00+00:00,short,sell - direction_change,28414.8,28334.0,334128.46,0.23,588.71
2023-10-17 19:00:00+00:00,long,buy,28334.0,,333961.4,-0.05,588.66
2023-10-17 20:00:00+00:00,long,sell - direction_change,28334.0,28499.0,335739.21,0.53,589.19
2023-10-17 20:00:00+00:00,short,buy,28499.0,,335571.34,-0.05,589.14
2023-10-17 21:00:00+00:00,short,sell - direction_change,28499.0,28431.4,336199.53,0.19,589.33
2023-10-17 21:00:00+00:00,long,buy,28431.4,,336031.43,-0.05,589.28
2023-10-18 00:00:00+00:00,long,sell - direction_change,28431.4,28382.0,335279.56,-0.22,589.06
2023-10-18 00:00:00+00:00,short,buy,28382.0,,335111.92,-0.05,589.01
2023-10-18 02:00:00+00:00,short,sell - direction_change,28382.0,28340.0,335440.26,0.1,589.11
2023-10-18 02:00:00+00:00,long,buy,28340.0,,335272.54,-0.05,589.06
2023-10-18 09:00:00+00:00,long,sell - direction_change,28340.0,28543.4,337511.2,0.67,589.72
2023-10-18 09:00:00+00:00,short,buy,28543.4,,337342.45,-0.05,589.67
2023-10-18 22:00:00+00:00,short,sell - direction_change,28543.4,28252.9,340607.07,0.97,590.64
2023-10-18 22:00:00+00:00,long,buy,28252.9,,340436.77,-0.05,590.59
2023-10-18 23:00:00+00:00,long,sell - direction_change,28252.9,28329.9,341194.37,0.22,590.81
2023-10-18 23:00:00+00:00,short,buy,28329.9,,341023.77,-0.05,590.76
2023-10-19 00:00:00+00:00,short,sell - direction_change,28329.9,28307.2,341126.52,0.03,590.79
2023-10-19 00:00:00+00:00,long,buy,28307.2,,340955.95,-0.05,590.74
2023-10-19 01:00:00+00:00,long,sell - direction_change,28307.2,28370.1,341543.1,0.17,590.92
2023-10-19 01:00:00+00:00,short,buy,28370.1,,341372.32,-0.05,590.87
2023-10-19 05:00:00+00:00,short,sell - direction_change,28370.1,28271.7,342385.67,0.3,591.16
2023-10-19 05:00:00+00:00,long,buy,28271.7,,342214.48,-0.05,591.11
2023-10-20 02:45:00+00:00,long,sell - take_profit,28271.7,29119.851000000002,352309.8,2.95,594.06
2023-10-20 03:00:00+00:00,long,buy,28967.5,,352133.65,-0.05,594.01
2023-10-20 08:44:00+00:00,long,sell - take_profit,28967.5,29836.525,362521.59,2.95,596.96
2023-10-20 09:00:00+00:00,long,buy,29719.8,,362340.33,-0.05,596.91
2023-10-20 12:46:00+00:00,long,sell - stop_loss,29719.8,29422.602,358535.76,-1.05,595.86
2023-10-20 13:00:00+00:00,long,buy,29498.8,,358356.49,-0.05,595.81
2023-10-20 18:00:00+00:00,long,sell - direction_change,29498.8,29504.2,358242.91,-0.03,595.78
2023-10-20 18:00:00+00:00,short,buy,29504.2,,358063.79,-0.05,595.73
2023-10-20 19:00:00+00:00,short,sell - direction_change,29504.2,29468.8,358314.37,0.07,595.8
2023-10-20 19:00:00+00:00,long,buy,29468.8,,358135.21,-0.05,595.75
2023-10-20 21:00:00+00:00,long,sell - direction_change,29468.8,29565.9,359136.21,0.28,596.03
2023-10-20 21:00:00+00:00,short,buy,29565.9,,358956.64,-0.05,595.98
2023-10-20 22:00:00+00:00,short,sell - direction_change,29565.9,29597.9,358388.65,-0.16,595.82
2023-10-20 22:00:00+00:00,long,buy,29597.9,,358209.46,-0.05,595.77
2023-10-21 01:00:00+00:00,long,sell - direction_change,29597.9,29615.1,358238.52,0.01,595.78
2023-10-21 01:00:00+00:00,short,buy,29615.1,,358059.4,-0.05,595.73
2023-10-21 03:00:00+00:00,short,sell - direction_change,29615.1,29472.0,359610.51,0.43,596.16
2023-10-21 03:00:00+00:00,long,buy,29472.0,,359430.7,-0.05,596.11
2023-10-21 18:01:00+00:00,long,sell - take_profit,29472.0,30356.16,370033.91,2.95,599.06
2023-10-21 19:00:00+00:00,long,buy,30194.9,,369848.89,-0.05,599.01
2023-10-21 23:36:00+00:00,long,sell - stop_loss,30194.9,29892.951,365965.48,-1.05,597.96
2023-10-22 00:00:00+00:00,long,buy,29895.4,,365782.49,-0.05,597.91
2023-10-22 03:00:00+00:00,long,sell - direction_change,29895.4,29852.2,365071.03,-0.19,597.72
2023-10-22 03:00:00+00:00,short,buy,29852.2,,364888.5,-0.05,597.67
2023-10-22 05:00:00+00:00,short,sell - direction_change,29852.2,29944.2,363581.52,-0.36,597.31
2023-10-22 05:00:00+00:00,long,buy,29944.2,,363399.73,-0.05,597.26
2023-10-22 07:00:00+00:00,long,sell - direction_change,29944.2,30062.1,364648.85,0.34,597.6
2023-10-22 07:00:00+00:00,short,buy,30062.1,,364466.53,-0.05,597.55
2023-10-22 13:00:00+00:00,short,sell - direction_change,30062.1,29882.1,366466.58,0.55,598.1
2023-10-22 13:00:00+00:00,long,buy,29882.1,,366283.34,-0.05,598.05
2023-10-22 14:00:00+00:00,long,sell - direction_change,29882.1,29933.0,366724.12,0.12,598.17
2023-10-22 14:00:00+00:00,short,buy,29933.0,,366540.75,-0.05,598.12
2023-10-22 17:00:00+00:00,short,sell - direction_change,29933.0,29854.4,367319.97,0.21,598.34
2023-10-22 17:00:00+00:00,long,buy,29854.4,,367136.31,-0.05,598.29
2023-10-22 18:00:00+00:00,long,sell - direction_change,29854.4,29903.3,367554.09,0.11,598.4
2023-10-22 18:00:00+00:00,short,buy,29903.3,,367370.32,-0.05,598.35
2023-10-22 22:00:00+00:00,short,sell - direction_change,29903.3,29740.5,369186.67,0.49,598.84
2023-10-22 22:00:00+00:00,long,buy,29740.5,,369002.08,-0.05,598.79
2023-10-23 01:32:00+00:00,long,sell - take_profit,29740.5,30632.715,379887.64,2.95,601.74
2023-10-23 02:00:00+00:00,long,buy,30336.7,,379697.7,-0.05,601.69
2023-10-23 16:55:00+00:00,long,sell - take_profit,30336.7,31246.801000000003,390898.78,2.95,604.64
2023-10-23 17:00:00+00:00,long,buy,31197.5,,390703.33,-0.05,604.59
2023-10-23 17:28:00+00:00,long,sell - stop_loss,31197.5,30885.525,386600.95,-1.05,603.54
2023-10-23 18:00:00+00:00,long,buy,30964.1,,386407.64,-0.05,603.49
2023-10-23 18:44:00+00:00,long,sell - stop_loss,30964.1,30654.459,382350.36,-1.05,602.44
2023-10-23 19:00:00+00:00,long,buy,31156.5,,382159.19,-0.05,602.39
2023-10-23 22:28:00+00:00,long,sell - take_profit,31156.5,32091.195,393432.89,2.95,605.34
2023-10-23 23:00:00+00:00,long,buy,33358.8,,393236.17,-0.05,605.29
2023-10-23 23:10:00+00:00,long,sell - stop_loss,33358.8,33025.212,389107.19,-1.05,604.24
2023-10-24 00:00:00+00:00,long,buy,33074.0,,388912.64,-0.05,604.19
2023-10-24 01:58:00+00:00,long,sell - take_profit,33074.0,34066.22,400385.56,2.95,607.14
2023-10-24 02:00:00+00:00,long,buy,34182.2,,400185.37,-0.05,607.09
2023-10-24 02:26:00+00:00,long,sell - take_profit,34182.2,35207.666,411990.83,2.95,610.04
2023-10-24 03:00:00+00:00,long,buy,34566.0,,411784.84,-0.05,609.99
2023-10-24 03:56:00+00:00,long,sell - stop_loss,34566.0,34220.34,407461.1,-1.05,608.94
2023-10-24 04:00:00+00:00,long,buy,34071.1,,407257.37,-0.05,608.89
2023-10-24 07:27:00+00:00,long,sell - stop_loss,34071.1,33730.388999999996,402981.16,-1.05,607.84
2023-10-24 08:00:00+00:00,long,buy,34025.8,,402779.67,-0.05,607.79
2023-10-24 15:00:00+00:00,long,sell - direction_change,34025.8,34422.6,407275.4,1.12,608.91
2023-10-24 15:00:00+00:00,short,buy,34422.6,,407071.76,-0.05,608.86
2023-10-24 15:30:00+00:00,short,sell - take_profit,34422.6,33389.922,419080.37,2.95,611.81
2023-10-24 16:00:00+00:00,short,buy,33673.9,,418870.83,-0.05,611.76
2023-10-24 16:32:00+00:00,short,sell - stop_loss,33673.9,34010.639,414472.69,-1.05,610.71
2023-10-24 17:00:00+00:00,short,buy,33940.0,,414265.45,-0.05,610.66
2023-10-24 21:00:00+00:00,short,sell - direction_change,33940.0,33659.1,417486.94,0.78,611.44
2023-10-24 21:00:00+00:00,long,buy,33659.1,,417278.19,-0.05,611.39
2023-10-24 23:00:00+00:00,long,sell - direction_change,33659.1,34152.6,423187.57,1.42,612.8
2023-10-24 23:00:00+00:00,short,buy,34152.6,,422975.97,-0.05,612.75
2023-10-25 01:00:00+00:00,short,sell - direction_change,34152.6,34026.9,424321.26,0.32,613.07
2023-10-25 01:00:00+00:00,long,buy,34026.9,,424109.1,-0.05,613.02
2023-10-25 02:00:00+00:00,long,sell - direction_change,34026.9,34195.3,425995.98,0.44,613.47
2023-10-25 02:00:00+00:00,short,buy,34195.3,,425782.98,-0.05,613.42
2023-10-25 03:00:00+00:00,short,sell - direction_change,34195.3,34005.5,427933.38,0.51,613.92
2023-10-25 03:00:00+00:00,long,buy,34005.5,,427719.42,-0.05,613.87
2023-10-25 07:00:00+00:00,long,sell - direction_change,34005.5,34122.8,428980.95,0.29,614.17
2023-10-25 07:00:00+00:00,short,buy,34122.8,,428766.46,-0.05,614.12
2023-10-25 09:00:00+00:00,short,sell - direction_change,34122.8,33944.4,430793.74,0.47,614.59
2023-10-25 09:00:00+00:00,long,buy,33944.4,,430578.34,-0.05,614.54
2023-10-25 15:33:00+00:00,long,sell - take_profit,33944.4,34962.732,443280.41,2.95,617.49
2023-10-25 16:00:00+00:00,long,buy,34841.5,,443058.77,-0.05,617.44
2023-10-25 16:42:00+00:00,long,sell - stop_loss,34841.5,34493.085,438406.65,-1.05,616.39
2023-10-25 17:00:00+00:00,long,buy,34473.3,,438187.45,-0.05,616.34
2023-10-26 05:00:00+00:00,long,sell - direction_change,34473.3,34699.8,440847.38,0.61,616.95
2023-10-26 05:00:00+00:00,short,buy,34699.8,,440626.95,-0.05,616.9
2023-10-26 06:00:00+00:00,short,sell - direction_change,34699.8,34518.7,442706.29,0.47,617.37
2023-10-26 06:00:00+00:00,long,buy,34518.7,,442484.94,-0.05,617.32
2023-10-26 08:00:00+00:00,long,sell - direction_change,34518.7,34648.6,443928.85,0.33,617.65
2023-10-26 08:00:00+00:00,short,buy,34648.6,,443706.88,-0.05,617.6
2023-10-26 22:00:00+00:00,short,sell - direction_change,34648.6,34124.6,450195.33,1.46,619.06
2023-10-26 22:00:00+00:00,long,buy,34124.6,,449970.23,-0.05,619.01
2023-10-26 23:00:00+00:00,long,sell - direction_change,34124.6,34236.7,451223.4,0.28,619.29
2023-10-26 23:00:00+00:00,short,buy,34236.7,,450997.79,-0.05,619.24
2023-10-27 02:00:00+00:00,short,sell - direction_change,34236.7,33849.0,455879.44,1.08,620.32
2023-10-27 02:00:00+00:00,long,buy,33849.0,,455651.5,-0.05,620.27
2023-10-27 07:00:00+00:00,long,sell - direction_change,33849.0,34242.4,460719.35,1.11,621.38
2023-10-27 07:00:00+00:00,short,buy,34242.4,,460488.99,-0.05,621.33
2023-10-27 09:00:00+00:00,short,sell - direction_change,34242.4,34092.1,462279.97,0.39,621.72
2023-10-27 09:00:00+00:00,long,buy,34092.1,,462048.83,-0.05,621.67
2023-10-27 14:00:00+00:00,long,sell - direction_change,34092.1,34167.3,462836.99,0.17,621.84
2023-10-27 14:00:00+00:00,short,buy,34167.3,,462605.57,-0.05,621.79
2023-10-27 23:00:00+00:00,short,sell - direction_change,34167.3,33813.8,467160.45,0.98,622.78
2023-10-27 23:00:00+00:00,long,buy,33813.8,,466926.87,-0.05,622.73
2023-10-28 12:00:00+00:00,long,sell - direction_change,33813.8,34182.5,471784.7,1.04,623.77
2023-10-28 12:00:00+00:00,short,buy,34182.5,,471548.81,-0.05,623.72
2023-10-28 13:00:00+00:00,short,sell - direction_change,34182.5,34035.9,473335.38,0.38,624.09
2023-10-28 13:00:00+00:00,long,buy,34035.9,,473098.72,-0.05,624.04
2023-10-28 23:00:00+00:00,long,sell - direction_change,34035.9,34106.0,473836.56,0.16,624.2
2023-10-28 23:00:00+00:00,short,buy,34106.0,,473599.64,-0.05,624.15
2023-10-29 08:00:00+00:00,short,sell - direction_change,34106.0,34086.1,473639.17,0.01,624.16
2023-10-29 08:00:00+00:00,long,buy,34086.1,,473402.35,-0.05,624.11
2023-10-30 00:00:00+00:00,long,sell - direction_change,34086.1,34528.6,479311.28,1.25,625.36
2023-10-30 00:00:00+00:00,short,buy,34528.6,,479071.63,-0.05,625.31
2023-10-30 09:00:00+00:00,short,sell - direction_change,34528.6,34385.5,480817.55,0.36,625.67
2023-10-30 09:00:00+00:00,long,buy,34385.5,,480577.14,-0.05,625.62
2023-10-30 17:00:00+00:00,long,sell - direction_change,34385.5,34471.1,481533.21,0.2,625.82
2023-10-30 17:00:00+00:00,short,buy,34471.1,,481292.44,-0.05,625.77
2023-10-30 21:00:00+00:00,short,sell - direction_change,34471.1,34426.2,481678.7,0.08,625.85
2023-10-30 21:00:00+00:00,long,buy,34426.2,,481437.86,-0.05,625.8
2023-10-30 22:00:00+00:00,long,sell - direction_change,34426.2,34542.0,482816.56,0.29,626.09
2023-10-30 22:00:00+00:00,short,buy,34542.0,,482575.16,-0.05,626.04
2023-10-30 23:00:00+00:00,short,sell - direction_change,34542.0,34475.7,483260.12,0.14,626.18
2023-10-30 23:00:00+00:00,long,buy,34475.7,,483018.49,-0.05,626.13
2023-10-31 01:00:00+00:00,long,sell - direction_change,34475.7,34525.5,483474.7,0.09,626.22
2023-10-31 01:00:00+00:00,short,buy,34525.5,,483232.97,-0.05,626.17
2023-10-31 09:00:00+00:00,short,sell - direction_change,34525.5,34414.1,484550.55,0.27,626.45
2023-10-31 09:00:00+00:00,long,buy,34414.1,,484308.27,-0.05,626.4
2023-10-31 12:00:00+00:00,long,sell - direction_change,34414.1,34504.1,485332.69,0.21,626.61
2023-10-31 12:00:00+00:00,short,buy,34504.1,,485090.02,-0.05,626.56
2023-10-31 14:00:00+00:00,short,sell - direction_change,34504.1,34227.0,488743.2,0.75,627.31
2023-10-31 14:00:00+00:00,long,buy,34227.0,,488498.83,-0.05,627.26
2023-10-31 15:00:00+00:00,long,sell - direction_change,34227.0,34331.1,489740.33,0.25,627.51
2023-10-31 15:00:00+00:00,short,buy,34331.1,,489495.46,-0.05,627.46
2023-10-31 16:00:00+00:00,short,sell - direction_change,34331.1,34290.3,489832.44,0.07,627.53
2023-10-31 16:00:00+00:00,long,buy,34290.3,,489587.52,-0.05,627.48
2023-11-01 05:00:00+00:00,long,sell - direction_change,34290.3,34456.6,491717.11,0.43,627.92
2023-11-01 05:00:00+00:00,short,buy,34456.6,,491471.26,-0.05,627.87
2023-11-01 09:00:00+00:00,short,sell - direction_change,34456.6,34454.0,491262.6,-0.04,627.83
2023-11-01 09:00:00+00:00,long,buy,34454.0,,491016.97,-0.05,627.78
2023-11-01 10:00:00+00:00,long,sell - direction_change,34454.0,34500.0,491427.03,0.08,627.86
2023-11-01 10:00:00+00:00,short,buy,34500.0,,491181.31,-0.05,627.81
2023-11-01 12:00:00+00:00,short,sell - direction_change,34500.0,34442.9,491748.66,0.12,627.93
2023-11-01 12:00:00+00:00,long,buy,34442.9,,491502.79,-0.05,627.88
2023-11-01 14:00:00+00:00,long,sell - direction_change,34442.9,34612.8,493681.53,0.44,628.32
2023-11-01 14:00:00+00:00,short,buy,34612.8,,493434.68,-0.05,628.27
2023-11-01 16:00:00+00:00,short,sell - direction_change,34612.8,34296.9,497691.39,0.86,629.13
2023-11-01 16:00:00+00:00,long,buy,34296.9,,497442.54,-0.05,629.08
2023-11-01 20:58:00+00:00,long,sell - take_profit,34296.9,35325.807,512117.1,2.95,632.03
2023-11-01 21:00:00+00:00,long,buy,35494.5,,511861.04,-0.05,631.98
2023-11-01 21:09:00+00:00,long,sell - stop_loss,35494.5,35139.555,506486.5,-1.05,630.93
2023-11-01 22:00:00+00:00,long,buy,35409.3,,506233.25,-0.05,630.88
2023-11-02 06:21:00+00:00,long,sell - stop_loss,35409.3,35055.207,500917.81,-1.05,629.83
2023-11-02 07:00:00+00:00,long,buy,35227.9,,500667.35,-0.05,629.78
2023-11-02 10:00:00+00:00,long,sell - direction_change,35227.9,35377.7,502546.01,0.38,630.16
2023-11-02 10:00:00+00:00,short,buy,35377.7,,502294.73,-0.05,630.11
2023-11-02 11:00:00+00:00,short,sell - direction_change,35377.7,35375.4,502076.24,-0.04,630.06
2023-11-02 11:00:00+00:00,long,buy,35375.4,,501825.2,-0.05,630.01
2023-11-02 12:00:00+00:00,long,sell - direction_change,35375.4,35377.6,501605.5,-0.04,629.97
2023-11-02 12:00:00+00:00,short,buy,35377.6,,501354.7,-0.05,629.92
2023-11-02 16:31:00+00:00,short,sell - take_profit,35377.6,34316.272,516144.66,2.95,632.87
2023-11-02 17:00:00+00:00,short,buy,34647.1,,515886.59,-0.05,632.82
2023-11-02 19:55:00+00:00,short,sell - stop_loss,34647.1,34993.570999999996,510469.78,-1.05,631.77
2023-11-02 20:00:00+00:00,short,buy,34998.2,,510214.54,-0.05,631.72
2023-11-02 23:00:00+00:00,short,sell - direction_change,34998.2,34786.3,513048.58,0.56,632.27
2023-11-02 23:00:00+00:00,long,buy,34786.3,,512792.06,-0.05,632.22
2023-11-03 00:00:00+00:00,long,sell - direction_change,34786.3,34940.1,514802.86,0.39,632.62
2023-11-03 00:00:00+00:00,short,buy,34940.1,,514545.46,-0.05,632.57
2023-11-03 14:00:00+00:00,short,sell - direction_change,34940.1,34576.2,519647.16,0.99,633.56
2023-11-03 14:00:00+00:00,long,buy,34576.2,,519387.33,-0.05,633.51
2023-11-03 17:00:00+00:00,long,sell - direction_change,34576.2,34661.8,520413.48,0.2,633.71
2023-11-03 17:00:00+00:00,short,buy,34661.8,,520153.28,-0.05,633.66
2023-11-03 18:00:00+00:00,short,sell - direction_change,34661.8,34407.4,523710.86,0.68,634.34
2023-11-03 18:00:00+00:00,long,buy,34407.4,,523449.0,-0.05,634.29
2023-11-04 11:00:00+00:00,long,sell - direction_change,34407.4,34724.5,528011.41,0.87,635.16
2023-11-04 11:00:00+00:00,short,buy,34724.5,,527747.4,-0.05,635.11
2023-11-04 12:00:00+00:00,short,sell - direction_change,34724.5,34706.2,527761.65,0.0,635.11
2023-11-04 12:00:00+00:00,long,buy,34706.2,,527497.77,-0.05,635.06
2023-11-04 13:00:00+00:00,long,sell - direction_change,34706.2,34750.1,527901.26,0.08,635.14
2023-11-04 13:00:00+00:00,short,buy,34750.1,,527637.31,-0.05,635.09
2023-11-04 14:00:00+00:00,short,sell - direction_change,34750.1,34696.2,528191.89,0.11,635.2
2023-11-04 14:00:00+00:00,long,buy,34696.2,,527927.8,-0.05,635.15
2023-11-04 15:00:00+00:00,long,sell - direction_change,34696.2,34730.3,528182.69,0.05,635.19
2023-11-04 15:00:00+00:00,short,buy,34730.3,,527918.6,-0.05,635.14
2023-11-04 17:00:00+00:00,short,sell - direction_change,34730.3,34693.9,528207.94,0.05,635.2
2023-11-04 17:00:00+00:00,long,buy,34693.9,,527943.83,-0.05,635.15
2023-11-04 19:00:00+00:00,long,sell - direction_change,34693.9,34775.9,528927.67,0.19,635.34
2023-11-04 19:00:00+00:00,short,buy,34775.9,,528663.21,-0.05,635.29
2023-11-04 20:00:00+00:00,short,sell - direction_change,34775.9,34721.1,529231.95,0.11,635.39
2023-11-04 20:00:00+00:00,long,buy,34721.1,,528967.33,-0.05,635.34
2023-11-05 13:00:00+00:00,long,sell - direction_change,34721.1,35096.1,534415.88,1.03,636.37
2023-11-05 13:00:00+00:00,short,buy,35096.1,,534148.67,-0.05,636.32
2023-11-05 17:00:00+00:00,short,sell - direction_change,35096.1,34969.5,535808.4,0.31,636.63
2023-11-05 17:00:00+00:00,long,buy,34969.5,,535540.49,-0.05,636.58
2023-11-05 19:00:00+00:00,long,sell - direction_change,34969.5,35050.0,536505.54,0.18,636.76
2023-11-05 19:00:00+00:00,short,buy,35050.0,,536237.29,-0.05,636.71
2023-11-05 22:00:00+00:00,short,sell - direction_change,35050.0,34652.8,542046.02,1.08,637.8
2023-11-05 22:00:00+00:00,long,buy,34652.8,,541774.99,-0.05,637.75
2023-11-06 01:00:00+00:00,long,sell - direction_change,34652.8,35075.2,548108.07,1.17,638.92
2023-11-06 01:00:00+00:00,short,buy,35075.2,,547834.01,-0.05,638.87
2023-11-06 03:00:00+00:00,short,sell - direction_change,35075.2,34916.8,550034.12,0.4,639.27
2023-11-06 03:00:00+00:00,long,buy,34916.8,,549759.1,-0.05,639.22
2023-11-06 04:00:00+00:00,long,sell - direction_change,34916.8,34992.9,550682.41,0.17,639.39
2023-11-06 04:00:00+00:00,short,buy,34992.9,,550407.06,-0.05,639.34
2023-11-06 07:00:00+00:00,short,sell - direction_change,34992.9,34867.7,552101.14,0.31,639.64
2023-11-06 07:00:00+00:00,long,buy,34867.7,,551825.09,-0.05,639.59
2023-11-06 08:00:00+00:00,long,sell - direction_change,34867.7,34918.5,552353.16,0.1,639.69
2023-11-06 08:00:00+00:00,short,buy,34918.5,,552076.98,-0.05,639.64
2023-11-06 09:00:00+00:00,short,sell - direction_change,34918.5,34971.2,550967.73,-0.2,639.44
2023-11-06 09:00:00+00:00,long,buy,34971.2,,550692.25,-0.05,639.39
2023-11-06 18:00:00+00:00,long,sell - direction_change,34971.2,34995.1,550793.25,0.02,639.41
2023-11-06 18:00:00+00:00,short,buy,34995.1,,550517.86,-0.05,639.36
2023-11-06 19:00:00+00:00,short,sell - direction_change,34995.1,34966.9,550686.22,0.03,639.39
2023-11-06 19:00:00+00:00,long,buy,34966.9,,550410.88,-0.05,639.34
2023-11-06 20:00:00+00:00,long,sell - direction_change,34966.9,35076.7,551864.02,0.26,639.6
2023-11-06 20:00:00+00:00,short,buy,35076.7,,551588.09,-0.05,639.55
2023-11-06 22:00:00+00:00,short,sell - direction_change,35076.7,35039.8,551892.56,0.06,639.61
2023-11-06 22:00:00+00:00,long,buy,35039.8,,551616.61,-0.05,639.56
2023-11-07 00:00:00+00:00,long,sell - direction_change,35039.8,35057.5,551619.45,0.0,639.56
2023-11-07 00:00:00+00:00,short,buy,35057.5,,551343.64,-0.05,639.51
2023-11-07 18:00:00+00:00,short,sell - direction_change,35057.5,34854.5,554260.51,0.53,640.04
2023-11-07 18:00:00+00:00,long,buy,34854.5,,553983.38,-0.05,639.99
2023-11-07 20:57:00+00:00,long,sell - take_profit,34854.5,35900.135,570325.89,2.95,642.94
2023-11-07 21:00:00+00:00,long,buy,35638.6,,570040.73,-0.05,642.89
2023-11-07 22:15:00+00:00,long,sell - stop_loss,35638.6,35282.214,564055.3,-1.05,641.84
2023-11-07 23:00:00+00:00,long,buy,35293.3,,563773.27,-0.05,641.79
2023-11-08 07:00:00+00:00,long,sell - direction_change,35293.3,35294.0,563502.57,-0.05,641.74
2023-11-08 07:00:00+00:00,short,buy,35294.0,,563220.82,-0.05,641.69
2023-11-08 08:00:00+00:00,short,sell - direction_change,35294.0,35239.5,563808.92,0.1,641.79
2023-11-08 08:00:00+00:00,long,buy,35239.5,,563527.01,-0.05,641.74
2023-11-08 09:00:00+00:00,long,sell - direction_change,35239.5,35312.5,564412.62,0.16,641.9
2023-11-08 09:00:00+00:00,short,buy,35312.5,,564130.41,-0.05,641.85
2023-11-08 10:00:00+00:00,short,sell - direction_change,35312.5,35296.5,564103.95,-0.0,641.84
2023-11-08 10:00:00+00:00,long,buy,35296.5,,563821.9,-0.05,641.79
2023-11-08 14:00:00+00:00,long,sell - direction_change,35296.5,35420.6,565522.35,0.3,642.1
2023-11-08 14:00:00+00:00,short,buy,35420.6,,565239.59,-0.05,642.05
2023-11-08 16:00:00+00:00,short,sell - direction_change,35420.6,35231.4,567976.21,0.48,642.53
2023-11-08 16:00:00+00:00,long,buy,35231.4,,567692.22,-0.05,642.48
2023-11-09 02:23:00+00:00,long,sell - take_profit,35231.4,36288.342000000004,584439.14,2.95,645.43
2023-11-09 03:00:00+00:00,long,buy,36382.5,,584146.92,-0.05,645.38
2023-11-09 14:11:00+00:00,long,sell - take_profit,36382.5,37473.975,601379.25,2.95,648.33
2023-11-09 15:00:00+00:00,long,buy,37922.4,,601078.56,-0.05,648.28
2023-11-09 15:25:00+00:00,long,sell - stop_loss,37922.4,37543.176,594767.24,-1.05,647.23
2023-11-09 16:00:00+00:00,short,buy,37141.5,,594469.86,-0.05,647.18
2023-11-09 16:36:00+00:00,short,sell - take_profit,37141.5,36027.255,612006.72,2.95,650.13
2023-11-09 17:00:00+00:00,long,buy,36360.0,,611700.71,-0.05,650.08
2023-11-09 18:00:00+00:00,long,sell - direction_change,36360.0,36649.8,616270.3,0.75,650.83
2023-11-09 18:00:00+00:00,short,buy,36649.8,,615962.16,-0.05,650.78
2023-11-09 19:00:00+00:00,short,sell - direction_change,36649.8,36394.5,619944.93,0.65,651.42
2023-11-09 19:00:00+00:00,long,buy,36394.5,,619634.96,-0.05,651.37
2023-11-09 20:00:00+00:00,long,sell - direction_change,36394.5,36399.4,619408.57,-0.04,651.34
2023-11-09 20:00:00+00:00,short,buy,36399.4,,619098.86,-0.05,651.29
2023-11-09 21:26:00+00:00,short,sell - stop_loss,36399.4,36763.394,612598.33,-1.05,650.24
2023-11-09 22:00:00+00:00,short,buy,36549.3,,612292.03,-0.05,650.19
2023-11-10 02:00:00+00:00,short,sell - direction_change,36549.3,36702.0,609427.77,-0.47,649.72
2023-11-10 02:00:00+00:00,long,buy,36702.0,,609123.06,-0.05,649.67
2023-11-10 03:00:00+00:00,long,sell - direction_change,36702.0,36878.6,611749.43,0.43,650.1
2023-11-10 03:00:00+00:00,short,buy,36878.6,,611443.56,-0.05,650.05
2023-11-10 04:00:00+00:00,short,sell - direction_change,36878.6,36754.9,613188.77,0.29,650.34
2023-11-10 04:00:00+00:00,long,buy,36754.9,,612882.18,-0.05,650.29
2023-11-10 06:00:00+00:00,long,sell - direction_change,36754.9,36775.8,612924.24,0.01,650.29
2023-11-10 06:00:00+00:00,short,buy,36775.8,,612617.78,-0.05,650.24
2023-11-10 10:00:00+00:00,short,sell - direction_change,36775.8,36584.4,615499.84,0.47,650.71
2023-11-10 10:00:00+00:00,long,buy,36584.4,,615192.09,-0.05,650.66
2023-11-11 01:00:00+00:00,long,sell - direction_change,36584.4,37313.5,627144.82,1.94,652.61
2023-11-11 01:00:00+00:00,short,buy,37313.5,,626831.25,-0.05,652.56
2023-11-11 02:00:00+00:00,short,sell - direction_change,37313.5,37083.5,630381.61,0.57,653.12
2023-11-11 02:00:00+00:00,long,buy,37083.5,,630066.42,-0.05,653.07
2023-11-11 03:00:00+00:00,long,sell - direction_change,37083.5,37131.1,630560.14,0.08,653.15
2023-11-11 03:00:00+00:00,short,buy,37131.1,,630244.86,-0.05,653.1
2023-11-11 05:00:00+00:00,short,sell - direction_change,37131.1,37085.1,630710.51,0.07,653.18
2023-11-11 05:00:00+00:00,long,buy,37085.1,,630395.16,-0.05,653.13
2023-11-11 07:00:00+00:00,long,sell - direction_change,37085.1,37114.6,630581.42,0.03,653.15
2023-11-11 07:00:00+00:00,short,buy,37114.6,,630266.13,-0.05,653.1
2023-11-11 09:00:00+00:00,short,sell - direction_change,37114.6,36990.0,632066.91,0.29,653.39
2023-11-11 09:00:00+00:00,long,buy,36990.0,,631750.87,-0.05,653.34
2023-11-11 10:00:00+00:00,long,sell - direction_change,36990.0,37057.6,632589.54,0.13,653.47
2023-11-11 10:00:00+00:00,short,buy,37057.6,,632273.24,-0.05,653.42
2023-11-11 12:00:00+00:00,short,sell - direction_change,37057.6,37014.1,632699.3,0.07,653.49
2023-11-11 12:00:00+00:00,long,buy,37014.1,,632382.95,-0.05,653.44
2023-11-11 15:00:00+00:00,long,sell - direction_change,37014.1,37259.0,636250.85,0.61,654.05
2023-11-11 15:00:00+00:00,short,buy,37259.0,,635932.73,-0.05,654.0
2023-11-11 16:00:00+00:00,short,sell - direction_change,37259.0,37071.5,638814.99,0.45,654.46
2023-11-11 16:00:00+00:00,long,buy,37071.5,,638495.58,-0.05,654.41
2023-11-11 20:00:00+00:00,long,sell - direction_change,37071.5,37177.8,640007.18,0.24,654.64
2023-11-11 20:00:00+00:00,short,buy,37177.8,,639687.18,-0.05,654.59
2023-11-11 23:00:00+00:00,short,sell - direction_change,37177.8,36912.7,643928.69,0.66,655.26
2023-11-11 23:00:00+00:00,long,buy,36912.7,,643606.72,-0.05,655.21
2023-11-12 00:00:00+00:00,long,sell - direction_change,36912.7,37162.1,647633.43,0.63,655.83
2023-11-12 00:00:00+00:00,short,buy,37162.1,,647309.62,-0.05,655.78
2023-11-12 05:00:00+00:00,short,sell - direction_change,37162.1,37030.2,649283.47,0.3,656.09
2023-11-12 05:00:00+00:00,long,buy,37030.2,,648958.83,-0.05,656.04
2023-11-12 09:00:00+00:00,long,sell - direction_change,37030.2,37127.7,650343.05,0.21,656.25
2023-11-12 09:00:00+00:00,short,buy,37127.7,,650017.88,-0.05,656.2
2023-11-12 10:00:00+00:00,short,sell - direction_change,37127.7,37089.6,650359.91,0.05,656.25
2023-11-12 10:00:00+00:00,long,buy,37089.6,,650034.73,-0.05,656.2
2023-11-12 16:00:00+00:00,long,sell - direction_change,37089.6,37178.3,651264.27,0.19,656.39
2023-11-12 16:00:00+00:00,short,buy,37178.3,,650938.64,-0.05,656.34
2023-11-12 17:00:00+00:00,short,sell - direction_change,37178.3,37141.1,651264.49,0.05,656.39
2023-11-12 17:00:00+00:00,long,buy,37141.1,,650938.86,-0.05,656.34
2023-11-12 23:00:00+00:00,long,sell - direction_change,37141.1,37185.0,651382.78,0.07,656.41
2023-11-12 23:00:00+00:00,short,buy,37185.0,,651057.09,-0.05,656.36
2023-11-13 00:00:00+00:00,short,sell - direction_change,37185.0,37085.6,652471.92,0.22,656.58
2023-11-13 00:00:00+00:00,long,buy,37085.6,,652145.68,-0.05,656.53
2023-11-13 03:00:00+00:00,long,sell - direction_change,37085.6,37166.0,653233.43,0.17,656.69
2023-11-13 03:00:00+00:00,short,buy,37166.0,,652906.82,-0.05,656.64
2023-11-14 05:00:00+00:00,short,sell - direction_change,37166.0,36528.0,663788.31,1.67,658.31
2023-11-14 05:00:00+00:00,long,buy,36528.0,,663456.42,-0.05,658.26
2023-11-14 09:00:00+00:00,long,sell - direction_change,36528.0,36765.0,667429.31,0.6,658.86
2023-11-14 09:00:00+00:00,short,buy,36765.0,,667095.59,-0.05,658.81
2023-11-14 10:00:00+00:00,short,sell - direction_change,36765.0,36507.5,671434.35,0.65,659.46
2023-11-14 10:00:00+00:00,long,buy,36507.5,,671098.63,-0.05,659.41
2023-11-14 11:00:00+00:00,long,sell - direction_change,36507.5,36515.3,670906.46,-0.03,659.38
2023-11-14 11:00:00+00:00,short,buy,36515.3,,670571.01,-0.05,659.33
2023-11-14 13:00:00+00:00,short,sell - direction_change,36515.3,36376.9,672777.32,0.33,659.66
2023-11-14 13:00:00+00:00,long,buy,36376.9,,672440.93,-0.05,659.61
2023-11-14 15:00:00+00:00,long,sell - direction_change,36376.9,36616.1,676526.41,0.61,660.22
2023-11-14 15:00:00+00:00,short,buy,36616.1,,676188.15,-0.05,660.17
2023-11-14 18:51:00+00:00,short,sell - take_profit,36616.1,35517.617,696135.7,2.95,663.12
2023-11-14 19:00:00+00:00,short,buy,35242.4,,695787.63,-0.05,663.07
2023-11-14 21:52:00+00:00,short,sell - stop_loss,35242.4,35594.824,688481.86,-1.05,662.02
2023-11-14 22:00:00+00:00,short,buy,35594.2,,688137.62,-0.05,661.97
2023-11-15 04:00:00+00:00,short,sell - direction_change,35594.2,35408.5,691383.66,0.47,662.44
2023-11-15 04:00:00+00:00,long,buy,35408.5,,691037.97,-0.05,662.39
2023-11-15 16:02:00+00:00,long,sell - take_profit,35408.5,36470.755,711423.59,2.95,665.34
2023-11-15 17:00:00+00:00,long,buy,36377.9,,711067.88,-0.05,665.29
2023-11-15 18:11:00+00:00,long,sell - take_profit,36377.9,37469.237,732044.38,2.95,668.24
2023-11-15 19:00:00+00:00,long,buy,37413.8,,731678.36,-0.05,668.19
2023-11-16 07:00:00+00:00,long,sell - direction_change,37413.8,37589.9,734756.4,0.42,668.61
2023-11-16 07:00:00+00:00,short,buy,37589.9,,734389.02,-0.05,668.56
2023-11-16 14:30:00+00:00,short,sell - take_profit,37589.9,36462.203,756053.5,2.95,671.51
2023-11-16 15:00:00+00:00,short,buy,36725.5,,755675.47,-0.05,671.46
2023-11-16 19:32:00+00:00,short,sell - take_profit,36725.5,35623.735,777967.9,2.95,674.41
2023-11-16 20:00:00+00:00,short,buy,35936.4,,777578.91,-0.05,674.36
2023-11-17 00:39:00+00:00,short,sell - stop_loss,35936.4,36295.764,769414.33,-1.05,673.31
2023-11-17 01:00:00+00:00,long,buy,36379.1,,769029.63,-0.05,673.26
2023-11-17 10:00:00+00:00,long,sell - direction_change,36379.1,36327.0,767543.75,-0.19,673.07
2023-11-17 10:00:00+00:00,short,buy,36327.0,,767159.98,-0.05,673.02
2023-11-17 11:00:00+00:00,short,sell - direction_change,36327.0,36374.4,765775.4,-0.18,672.84
2023-11-17 11:00:00+00:00,long,buy,36374.4,,765392.51,-0.05,672.79
2023-11-17 13:00:00+00:00,long,sell - direction_change,36374.4,36540.9,768513.32,0.41,673.19
2023-11-17 13:00:00+00:00,short,buy,36540.9,,768129.06,-0.05,673.14
2023-11-17 17:00:00+00:00,short,sell - direction_change,36540.9,35995.0,779220.4,1.44,674.59
2023-11-17 17:00:00+00:00,long,buy,35995.0,,778830.79,-0.05,674.54
2023-11-18 06:00:00+00:00,long,sell - direction_change,35995.0,36341.1,785930.01,0.91,675.45
2023-11-18 06:00:00+00:00,short,buy,36341.1,,785537.05,-0.05,675.4
2023-11-18 07:00:00+00:00,short,sell - direction_change,36341.1,36267.3,786739.51,0.15,675.55
2023-11-18 07:00:00+00:00,long,buy,36267.3,,786346.14,-0.05,675.5
2023-11-18 09:00:00+00:00,long,sell - direction_change,36267.3,36457.2,790070.37,0.47,675.98
2023-11-18 09:00:00+00:00,short,buy,36457.2,,789675.34,-0.05,675.93
2023-11-18 10:00:00+00:00,short,sell - direction_change,36457.2,36410.0,790302.87,0.08,676.01
2023-11-18 10:00:00+00:00,long,buy,36410.0,,789907.72,-0.05,675.96
2023-11-19 00:00:00+00:00,long,sell - direction_change,36410.0,36580.9,793220.41,0.42,676.37
2023-11-19 00:00:00+00:00,short,buy,36580.9,,792823.8,-0.05,676.32
2023-11-19 03:00:00+00:00,short,sell - direction_change,36580.9,36464.0,794960.98,0.27,676.59
2023-11-19 03:00:00+00:00,long,buy,36464.0,,794563.5,-0.05,676.54
2023-11-19 05:00:00+00:00,long,sell - direction_change,36464.0,36544.0,795909.44,0.17,676.71
2023-11-19 05:00:00+00:00,short,buy,36544.0,,795511.49,-0.05,676.66
2023-11-19 06:00:00+00:00,short,sell - direction_change,36544.0,36522.0,795592.64,0.01,676.67
2023-11-19 06:00:00+00:00,long,buy,36522.0,,795194.84,-0.05,676.62
2023-11-19 10:00:00+00:00,long,sell - direction_change,36522.0,36638.7,797338.16,0.27,676.89
2023-11-19 10:00:00+00:00,short,buy,36638.7,,796939.49,-0.05,676.84
2023-11-19 15:00:00+00:00,short,sell - direction_change,36638.7,36468.0,800253.97,0.42,677.26
2023-11-19 15:00:00+00:00,long,buy,36468.0,,799853.84,-0.05,677.21
2023-11-19 16:00:00+00:00,long,sell - direction_change,36468.0,36575.1,801802.94,0.24,677.45
2023-11-19 16:00:00+00:00,short,buy,36575.1,,801402.04,-0.05,677.4
2023-11-19 17:00:00+00:00,short,sell - direction_change,36575.1,36560.5,801321.24,-0.01,677.39
2023-11-19 17:00:00+00:00,long,buy,36560.5,,800920.58,-0.05,677.34
2023-11-20 11:00:00+00:00,long,sell - direction_change,36560.5,37300.8,816737.67,1.97,679.32
2023-11-20 11:00:00+00:00,short,buy,37300.8,,816329.3,-0.05,679.27
2023-11-20 14:00:00+00:00,short,sell - direction_change,37300.8,37107.2,820158.08,0.47,679.74
2023-11-20 14:00:00+00:00,long,buy,37107.2,,819748.0,-0.05,679.69
2023-11-20 14:11:00+00:00,long,sell - stop_loss,37107.2,36736.128,811140.64,-1.05,678.64
2023-11-20 15:00:00+00:00,long,buy,37435.5,,810735.07,-0.05,678.59
2023-11-20 17:28:00+00:00,long,sell - stop_loss,37435.5,37061.145,802222.35,-1.05,677.54
2023-11-20 18:00:00+00:00,long,buy,37598.0,,801821.24,-0.05,677.49
2023-11-21 00:00:00+00:00,long,sell - direction_change,37598.0,37462.6,798532.77,-0.41,677.08
2023-11-21 00:00:00+00:00,short,buy,37462.6,,798133.5,-0.05,677.03
2023-11-21 01:00:00+00:00,short,sell - direction_change,37462.6,37408.0,798897.68,0.1,677.12
2023-11-21 01:00:00+00:00,long,buy,37408.0,,798498.23,-0.05,677.07
2023-11-21 04:00:00+00:00,long,sell - direction_change,37408.0,37485.4,799751.13,0.16,677.23
2023-11-21 04:00:00+00:00,short,buy,37485.4,,799351.26,-0.05,677.18
2023-11-21 06:00:00+00:00,short,sell - direction_change,37485.4,37374.2,801322.85,0.25,677.43
2023-11-21 06:00:00+00:00,long,buy,37374.2,,800922.19,-0.05,677.38
2023-11-21 07:00:00+00:00,long,sell - direction_change,37374.2,37389.9,800858.17,-0.01,677.37
2023-11-21 07:00:00+00:00,short,buy,37389.9,,800457.75,-0.05,677.32
2023-11-21 15:03:00+00:00,short,sell - take_profit,37389.9,36268.203,824071.25,2.95,680.27
2023-11-21 16:00:00+00:00,long,buy,36975.8,,823659.21,-0.05,680.22
2023-11-21 17:00:00+00:00,long,sell - direction_change,36975.8,37198.1,828199.26,0.55,680.77
2023-11-21 17:00:00+00:00,short,buy,37198.1,,827785.16,-0.05,680.72
2023-11-21 23:30:00+00:00,short,sell - take_profit,37198.1,36082.157,852204.82,2.95,683.67
2023-11-22 00:00:00+00:00,short,buy,35737.0,,851778.72,-0.05,683.62
2023-11-22 00:28:00+00:00,short,sell - stop_loss,35737.0,36094.37,842835.04,-1.05,682.57
2023-11-22 01:00:00+00:00,short,buy,36109.9,,842413.62,-0.05,682.52
2023-11-22 05:07:00+00:00,short,sell - stop_loss,36109.9,36470.999,833568.28,-1.05,681.47
2023-11-22 06:00:00+00:00,short,buy,36358.9,,833151.5,-0.05,681.42
2023-11-22 08:00:00+00:00,short,sell - direction_change,36358.9,36430.7,831089.65,-0.25,681.17
2023-11-22 08:00:00+00:00,long,buy,36430.7,,830674.1,-0.05,681.12
2023-11-22 14:00:00+00:00,long,sell - direction_change,36430.7,36597.3,834057.49,0.41,681.53
2023-11-22 14:00:00+00:00,short,buy,36597.3,,833640.46,-0.05,681.48
2023-11-22 15:00:00+00:00,short,sell - direction_change,36597.3,36402.1,837670.05,0.48,681.96
2023-11-22 15:00:00+00:00,long,buy,36402.1,,837251.22,-0.05,681.91
2023-11-22 16:00:00+00:00,long,sell - direction_change,36402.1,36480.6,838638.1,0.17,682.08
2023-11-22 16:00:00+00:00,short,buy,36480.6,,838218.78,-0.05,682.03
2023-11-22 17:00:00+00:00,short,sell - direction_change,36480.6,36470.0,838043.23,-0.02,682.01
2023-11-22 17:00:00+00:00,long,buy,36470.0,,837624.21,-0.05,681.96
2023-11-22 20:47:00+00:00,long,sell - take_profit,36470.0,37564.1,862334.12,2.95,684.91
2023-11-22 21:00:00+00:00,long,buy,37629.7,,861902.95,-0.05,684.86
2023-11-22 23:24:00+00:00,long,sell - stop_loss,37629.7,37253.403,852852.97,-1.05,683.81
2023-11-23 00:00:00+00:00,long,buy,37413.5,,852426.55,-0.05,683.76
2023-11-23 06:00:00+00:00,long,sell - direction_change,37413.5,37331.6,850134.33,-0.27,683.49
2023-11-23 06:00:00+00:00,short,buy,37331.6,,849709.26,-0.05,683.44
2023-11-23 07:00:00+00:00,short,sell - direction_change,37331.6,37279.4,850472.54,0.09,683.53
2023-11-23 07:00:00+00:00,long,buy,37279.4,,850047.3,-0.05,683.48
2023-11-23 11:00:00+00:00,long,sell - direction_change,37279.4,37469.9,853966.07,0.46,683.94
2023-11-23 11:00:00+00:00,short,buy,37469.9,,853539.09,-0.05,683.89
2023-11-23 22:00:00+00:00,short,sell - direction_change,37469.9,37250.9,858100.99,0.53,684.42
2023-11-23 22:00:00+00:00,long,buy,37250.9,,857671.94,-0.05,684.37
2023-11-24 15:39:00+00:00,long,sell - take_profit,37250.9,38368.427,882973.26,2.95,687.32
2023-11-24 16:00:00+00:00,long,buy,38217.3,,882531.78,-0.05,687.27
2023-11-24 16:50:00+00:00,long,sell - stop_loss,38217.3,37835.127,873265.19,-1.05,686.22
2023-11-24 17:00:00+00:00,long,buy,37733.3,,872828.56,-0.05,686.17
2023-11-24 22:00:00+00:00,long,sell - direction_change,37733.3,37818.6,874365.27,0.18,686.35
2023-11-24 22:00:00+00:00,short,buy,37818.6,,873928.08,-0.05,686.3
2023-11-25 01:00:00+00:00,short,sell - direction_change,37818.6,37714.1,875905.95,0.23,686.53
2023-11-25 01:00:00+00:00,long,buy,37714.1,,875468.0,-0.05,686.48
2023-11-25 03:00:00+00:00,long,sell - direction_change,37714.1,37822.1,877537.3,0.24,686.71
2023-11-25 03:00:00+00:00,short,buy,37822.1,,877098.53,-0.05,686.66
2023-11-25 04:00:00+00:00,short,sell - direction_change,37822.1,37791.0,877381.19,0.03,686.69
2023-11-25 04:00:00+00:00,long,buy,37791.0,,876942.5,-0.05,686.64
2023-11-25 09:00:00+00:00,long,sell - direction_change,37791.0,37758.0,875738.26,-0.14,686.51
2023-11-25 09:00:00+00:00,short,buy,37758.0,,875300.39,-0.05,686.46
2023-11-25 18:00:00+00:00,short,sell - direction_change,37758.0,37765.6,874686.56,-0.07,686.39
2023-11-25 18:00:00+00:00,long,buy,37765.6,,874249.22,-0.05,686.34
2023-11-25 22:00:00+00:00,long,sell - direction_change,37765.6,37781.0,874168.59,-0.01,686.33
2023-11-25 22:00:00+00:00,short,buy,37781.0,,873731.51,-0.05,686.28
2023-11-25 23:00:00+00:00,short,sell - direction_change,37781.0,37711.0,874913.48,0.14,686.41
2023-11-25 23:00:00+00:00,long,buy,37711.0,,874476.02,-0.05,686.36
2023-11-26 00:00:00+00:00,long,sell - direction_change,37711.0,37766.7,875330.4,0.1,686.46
2023-11-26 00:00:00+00:00,short,buy,37766.7,,874892.74,-0.05,686.41
2023-11-26 04:00:00+00:00,short,sell - direction_change,37766.7,37721.1,875511.65,0.07,686.48
2023-11-26 04:00:00+00:00,long,buy,37721.1,,875073.89,-0.05,686.43
2023-11-26 10:00:00+00:00,long,sell - direction_change,37721.1,37751.6,875343.91,0.03,686.46
2023-11-26 10:00:00+00:00,short,buy,37751.6,,874906.24,-0.05,686.41
2023-11-26 20:00:00+00:00,short,sell - direction_change,37751.6,37360.1,883541.93,0.99,687.4
2023-11-26 20:00:00+00:00,long,buy,37360.1,,883100.16,-0.05,687.35
2023-11-26 23:00:00+00:00,long,sell - direction_change,37360.1,37647.5,889452.03,0.72,688.07
2023-11-26 23:00:00+00:00,short,buy,37647.5,,889007.31,-0.05,688.02
2023-11-27 00:00:00+00:00,short,sell - direction_change,37647.5,37437.9,893512.3,0.51,688.53
2023-11-27 00:00:00+00:00,long,buy,37437.9,,893065.54,-0.05,688.48
2023-11-27 02:00:00+00:00,long,sell - direction_change,37437.9,37473.5,893468.23,0.05,688.52
2023-11-27 02:00:00+00:00,short,buy,37473.5,,893021.5,-0.05,688.47
2023-11-27 04:00:00+00:00,short,sell - direction_change,37473.5,37295.8,896809.71,0.42,688.89
2023-11-27 04:00:00+00:00,long,buy,37295.8,,896361.3,-0.05,688.84
2023-11-27 05:00:00+00:00,long,sell - direction_change,37295.8,37360.3,897463.31,0.12,688.97
2023-11-27 05:00:00+00:00,short,buy,37360.3,,897014.57,-0.05,688.92
2023-11-27 22:00:00+00:00,short,sell - direction_change,37360.3,37020.9,904715.0,0.86,689.78
2023-11-27 22:00:00+00:00,long,buy,37020.9,,904262.65,-0.05,689.73
2023-11-28 05:00:00+00:00,long,sell - direction_change,37020.9,36974.0,902664.95,-0.18,689.55
2023-11-28 05:00:00+00:00,short,buy,36974.0,,902213.62,-0.05,689.5
2023-11-28 06:00:00+00:00,short,sell - direction_change,36974.0,36894.9,903692.65,0.16,689.66
2023-11-28 06:00:00+00:00,long,buy,36894.9,,903240.81,-0.05,689.61
2023-11-28 08:00:00+00:00,long,sell - direction_change,36894.9,37087.2,907496.97,0.47,690.08
2023-11-28 08:00:00+00:00,short,buy,37087.2,,907043.22,-0.05,690.03
2023-11-28 09:00:00+00:00,short,sell - direction_change,37087.2,36929.8,910439.24,0.37,690.41
2023-11-28 09:00:00+00:00,long,buy,36929.8,,909984.02,-0.05,690.36
2023-11-28 17:20:00+00:00,long,sell - take_profit,36929.8,38037.694,936828.55,2.95,693.31
2023-11-28 18:00:00+00:00,long,buy,38202.4,,936360.13,-0.05,693.26
2023-11-28 22:52:00+00:00,long,sell - stop_loss,38202.4,37820.376000000004,926528.35,-1.05,692.21
2023-11-28 23:00:00+00:00,long,buy,37855.3,,926065.09,-0.05,692.16
2023-11-29 04:00:00+00:00,long,sell - direction_change,37855.3,37938.1,927627.61,0.17,692.33
2023-11-29 04:00:00+00:00,short,buy,37938.1,,927163.8,-0.05,692.28
2023-11-29 05:00:00+00:00,short,sell - direction_change,37938.1,37928.1,926944.61,-0.02,692.25
2023-11-29 05:00:00+00:00,long,buy,37928.1,,926481.13,-0.05,692.2
2023-11-29 14:00:00+00:00,long,sell - direction_change,37928.1,38106.9,930385.5,0.42,692.63
2023-11-29 14:00:00+00:00,short,buy,38106.9,,929920.3,-0.05,692.58
2023-11-30 02:00:00+00:00,short,sell - direction_change,38106.9,37685.7,939733.86,1.06,693.63
2023-11-30 02:00:00+00:00,long,buy,37685.7,,939263.99,-0.05,693.58
2023-11-30 07:00:00+00:00,long,sell - direction_change,37685.7,37854.9,943011.44,0.4,693.98
2023-11-30 07:00:00+00:00,short,buy,37854.9,,942539.93,-0.05,693.93
2023-11-30 11:00:00+00:00,short,sell - direction_change,37854.9,37661.7,946879.1,0.46,694.39
2023-11-30 11:00:00+00:00,long,buy,37661.7,,946405.66,-0.05,694.34
2023-11-30 13:00:00+00:00,long,sell - direction_change,37661.7,37861.9,950963.31,0.48,694.82
2023-11-30 13:00:00+00:00,short,buy,37861.9,,950487.83,-0.05,694.77
2023-11-30 18:00:00+00:00,short,sell - direction_change,37861.9,37728.7,953356.45,0.3,695.07
2023-11-30 18:00:00+00:00,long,buy,37728.7,,952879.77,-0.05,695.02
2023-11-30 20:00:00+00:00,long,sell - direction_change,37728.7,37745.4,952825.11,-0.01,695.02
2023-11-30 20:00:00+00:00,short,buy,37745.4,,952348.69,-0.05,694.97
2023-11-30 23:00:00+00:00,short,sell - direction_change,37745.4,37685.9,953373.75,0.11,695.08
2023-11-30 23:00:00+00:00,long,buy,37685.9,,952897.07,-0.05,695.03
2023-12-01 00:00:00+00:00,long,sell - direction_change,37685.9,37716.9,953204.46,0.03,695.06
2023-12-01 00:00:00+00:00,short,buy,37716.9,,952727.86,-0.05,695.01
2023-12-01 01:00:00+00:00,short,sell - direction_change,37716.9,37665.5,953549.86,0.09,695.09
2023-12-01 01:00:00+00:00,long,buy,37665.5,,953073.08,-0.05,695.04
2023-12-01 10:00:00+00:00,long,sell - take_profit,37665.5,38795.465000000004,981188.74,2.95,697.99
2023-12-01 11:00:00+00:00,long,buy,38536.9,,980698.14,-0.05,697.94
2023-12-02 05:00:00+00:00,long,sell - direction_change,38536.9,38804.0,987005.03,0.64,698.59
2023-12-02 05:00:00+00:00,short,buy,38804.0,,986511.53,-0.05,698.54
2023-12-02 06:00:00+00:00,short,sell - direction_change,38804.0,38727.3,987968.21,0.15,698.68
2023-12-02 06:00:00+00:00,long,buy,38727.3,,987474.23,-0.05,698.63
2023-12-02 07:00:00+00:00,long,sell - direction_change,38727.3,38762.6,987880.58,0.04,698.68
2023-12-02 07:00:00+00:00,short,buy,38762.6,,987386.64,-0.05,698.63
2023-12-02 08:00:00+00:00,short,sell - direction_change,38762.6,38683.9,988897.64,0.15,698.78
2023-12-02 08:00:00+00:00,long,buy,38683.9,,988403.19,-0.05,698.73
2023-12-02 11:00:00+00:00,long,sell - direction_change,38683.9,38735.8,989235.08,0.08,698.81
2023-12-02 11:00:00+00:00,short,buy,38735.8,,988740.46,-0.05,698.76
2023-12-02 12:00:00+00:00,short,sell - direction_change,38735.8,38722.8,988577.92,-0.02,698.75
2023-12-02 12:00:00+00:00,long,buy,38722.8,,988083.63,-0.05,698.7
2023-12-02 16:00:00+00:00,long,sell - direction_change,38722.8,38786.9,989225.22,0.12,698.81
2023-12-02 16:00:00+00:00,short,buy,38786.9,,988730.6,-0.05,698.76
2023-12-02 17:00:00+00:00,short,sell - direction_change,38786.9,38728.0,989737.68,0.1,698.86
2023-12-02 17:00:00+00:00,long,buy,38728.0,,989242.81,-0.05,698.81
2023-12-02 19:12:00+00:00,long,sell - take_profit,38728.0,39889.840000000004,1018425.47,2.95,701.76
2023-12-02 20:00:00+00:00,long,buy,39416.4,,1017916.26,-0.05,701.71
2023-12-04 01:23:00+00:00,long,sell - take_profit,39416.4,40598.892,1047944.79,2.95,704.66
2023-12-04 02:00:00+00:00,long,buy,40613.6,,1047420.82,-0.05,704.61
2023-12-04 09:10:00+00:00,long,sell - take_profit,40613.6,41832.008,1078319.73,2.95,707.56
2023-12-04 10:00:00+00:00,long,buy,41559.5,,1077780.57,-0.05,707.51
2023-12-04 15:00:00+00:00,long,sell - direction_change,41559.5,41653.6,1079682.02,0.18,707.69
2023-12-04 15:00:00+00:00,short,buy,41653.6,,1079142.18,-0.05,707.64
2023-12-04 16:00:00+00:00,short,sell - direction_change,41653.6,41280.9,1088258.34,0.84,708.48
2023-12-04 16:00:00+00:00,long,buy,41280.9,,1087714.22,-0.05,708.43
2023-12-05 06:00:00+00:00,long,sell - direction_change,41280.9,41910.0,1103746.57,1.47,709.91
2023-12-05 06:00:00+00:00,short,buy,41910.0,,1103194.7,-0.05,709.86
2023-12-05 12:00:00+00:00,short,sell - direction_change,41910.0,41730.9,1107357.54,0.38,710.24
2023-12-05 12:00:00+00:00,long,buy,41730.9,,1106803.86,-0.05,710.19
2023-12-05 13:00:00+00:00,long,sell - direction_change,41730.9,41869.6,1109929.12,0.28,710.47
2023-12-05 13:00:00+00:00,short,buy,41869.6,,1109374.15,-0.05,710.42
2023-12-05 14:00:00+00:00,short,sell - direction_change,41869.6,41826.2,1109969.39,0.05,710.47
2023-12-05 14:00:00+00:00,long,buy,41826.2,,1109414.4,-0.05,710.42
2023-12-05 17:13:00+00:00,long,sell - take_profit,41826.2,43080.986,1142142.13,2.95,713.37
2023-12-05 18:00:00+00:00,long,buy,43389.2,,1141571.06,-0.05,713.32
2023-12-06 05:00:00+00:00,long,sell - direction_change,43389.2,43742.0,1150282.45,0.76,714.09
2023-12-06 05:00:00+00:00,short,buy,43742.0,,1149707.31,-0.05,714.04
2023-12-06 10:00:00+00:00,short,sell - direction_change,43742.0,43890.7,1145224.05,-0.39,713.65
2023-12-06 10:00:00+00:00,long,buy,43890.7,,1144651.44,-0.05,713.6
2023-12-06 11:00:00+00:00,long,sell - direction_change,43890.7,44126.9,1150239.11,0.49,714.08
2023-12-06 11:00:00+00:00,short,buy,44126.9,,1149663.99,-0.05,714.03
2023-12-06 12:00:00+00:00,short,sell - direction_change,44126.9,43853.4,1156214.82,0.57,714.6
2023-12-06 12:00:00+00:00,long,buy,43853.4,,1155636.71,-0.05,714.55
2023-12-06 20:00:00+00:00,long,sell - direction_change,43853.4,44008.8,1159154.03,0.3,714.86
2023-12-06 20:00:00+00:00,short,buy,44008.8,,1158574.46,-0.05,714.81
2023-12-07 01:00:00+00:00,short,sell - direction_change,44008.8,43840.1,1162436.36,0.33,715.14
2023-12-07 01:00:00+00:00,long,buy,43840.1,,1161855.14,-0.05,715.09
2023-12-07 06:00:00+00:00,long,sell - direction_change,43840.1,44019.9,1166039.29,0.36,715.45
2023-12-07 06:00:00+00:00,short,buy,44019.9,,1165456.27,-0.05,715.4
2023-12-07 07:00:00+00:00,short,sell - direction_change,44019.9,43875.0,1168709.87,0.28,715.68
2023-12-07 07:00:00+00:00,long,buy,43875.0,,1168125.52,-0.05,715.63
2023-12-07 08:00:00+00:00,long,sell - direction_change,43875.0,43899.4,1168191.08,0.01,715.64
2023-12-07 08:00:00+00:00,short,buy,43899.4,,1167606.98,-0.05,715.59
2023-12-07 20:00:00+00:00,short,sell - direction_change,43899.4,43239.2,1184582.74,1.45,717.04
2023-12-07 20:00:00+00:00,long,buy,43239.2,,1183990.45,-0.05,716.99
2023-12-07 22:00:00+00:00,long,sell - direction_change,43239.2,43397.1,1187722.12,0.32,717.3
2023-12-07 22:00:00+00:00,short,buy,43397.1,,1187128.26,-0.05,717.25
2023-12-08 04:00:00+00:00,short,sell - direction_change,43397.1,43402.7,1186381.51,-0.06,717.19
2023-12-08 04:00:00+00:00,long,buy,43402.7,,1185788.32,-0.05,717.14
2023-12-08 07:00:00+00:00,long,sell - direction_change,43402.7,43393.3,1184938.61,-0.07,717.07
2023-12-08 07:00:00+00:00,short,buy,43393.3,,1184346.14,-0.05,717.02
2023-12-08 08:00:00+00:00,short,sell - direction_change,43393.3,43184.6,1189450.08,0.43,717.45
2023-12-08 08:00:00+00:00,long,buy,43184.6,,1188855.35,-0.05,717.4
2023-12-08 09:00:00+00:00,long,sell - direction_change,43184.6,43243.0,1189868.66,0.09,717.49
2023-12-08 09:00:00+00:00,short,buy,43243.0,,1189273.72,-0.05,717.44
2023-12-08 11:00:00+00:00,short,sell - direction_change,43243.0,43395.0,1184498.76,-0.4,717.04
2023-12-08 11:00:00+00:00,long,buy,43395.0,,1183906.51,-0.05,716.99
2023-12-08 21:23:00+00:00,long,sell - take_profit,43395.0,44696.85,1218831.76,2.95,719.94
2023-12-08 22:00:00+00:00,long,buy,44572.0,,1218222.34,-0.05,719.89
2023-12-09 01:09:00+00:00,long,sell - stop_loss,44572.0,44126.28,1205431.01,-1.05,718.84
2023-12-09 02:00:00+00:00,long,buy,44148.0,,1204828.29,-0.05,718.79
2023-12-09 07:00:00+00:00,long,sell - direction_change,44148.0,44245.5,1206886.72,0.17,718.96
2023-12-09 07:00:00+00:00,short,buy,44245.5,,1206283.27,-0.05,718.91
2023-12-09 18:00:00+00:00,short,sell - direction_change,44245.5,43922.3,1214491.67,0.68,719.59
2023-12-09 18:00:00+00:00,long,buy,43922.3,,1213884.42,-0.05,719.54
2023-12-09 19:00:00+00:00,long,sell - direction_change,43922.3,43993.2,1215236.95,0.11,719.65
2023-12-09 19:00:00+00:00,short,buy,43993.2,,1214629.33,-0.05,719.6
2023-12-09 20:00:00+00:00,short,sell - direction_change,43993.2,43954.8,1215082.22,0.04,719.64
2023-12-09 20:00:00+00:00,long,buy,43954.8,,1214474.68,-0.05,719.59
2023-12-09 22:00:00+00:00,long,sell - direction_change,43954.8,44012.3,1215456.17,0.08,719.67
2023-12-09 22:00:00+00:00,short,buy,44012.3,,1214848.44,-0.05,719.62
2023-12-10 04:00:00+00:00,short,sell - direction_change,44012.3,43870.8,1218146.77,0.27,719.89
2023-12-10 04:00:00+00:00,long,buy,43870.8,,1217537.69,-0.05,719.84
2023-12-10 05:00:00+00:00,long,sell - direction_change,43870.8,43972.7,1219756.94,0.18,720.02
2023-12-10 05:00:00+00:00,short,buy,43972.7,,1219147.06,-0.05,719.97
2023-12-10 06:00:00+00:00,short,sell - direction_change,43972.7,43927.5,1219790.66,0.05,720.02
2023-12-10 06:00:00+00:00,long,buy,43927.5,,1219180.76,-0.05,719.97
2023-12-10 08:00:00+00:00,long,sell - direction_change,43927.5,43995.8,1220466.8,0.11,720.08
2023-12-10 08:00:00+00:00,short,buy,43995.8,,1219856.56,-0.05,720.03
2023-12-10 12:00:00+00:00,short,sell - direction_change,43995.8,43760.1,1225781.81,0.49,720.51
2023-12-10 12:00:00+00:00,long,buy,43760.1,,1225168.92,-0.05,720.46
2023-12-10 14:00:00+00:00,long,sell - direction_change,43760.1,43871.3,1227669.64,0.2,720.67
2023-12-10 14:00:00+00:00,short,buy,43871.3,,1227055.81,-0.05,720.62
2023-12-10 15:00:00+00:00,short,sell - direction_change,43871.3,43861.8,1226707.99,-0.03,720.59
2023-12-10 15:00:00+00:00,long,buy,43861.8,,1226094.64,-0.05,720.54
2023-12-10 16:00:00+00:00,long,sell - direction_change,43861.8,43945.3,1227815.71,0.14,720.68
2023-12-10 16:00:00+00:00,short,buy,43945.3,,1227201.81,-0.05,720.63
2023-12-10 18:00:00+00:00,short,sell - direction_change,43945.3,43851.6,1229204.84,0.16,720.79
2023-12-10 18:00:00+00:00,long,buy,43851.6,,1228590.24,-0.05,720.74
2023-12-10 19:00:00+00:00,long,sell - direction_change,43851.6,43864.5,1228337.36,-0.02,720.72
2023-12-10 19:00:00+00:00,short,buy,43864.5,,1227723.19,-0.05,720.67
2023-12-10 20:00:00+00:00,short,sell - direction_change,43864.5,43819.5,1228368.84,0.05,720.73
2023-12-10 20:00:00+00:00,long,buy,43819.5,,1227754.65,-0.05,720.68
2023-12-10 22:00:00+00:00,long,sell - direction_change,43819.5,43833.4,1227530.23,-0.02,720.66
2023-12-10 22:00:00+00:00,short,buy,43833.4,,1226916.47,-0.05,720.61
2023-12-11 02:07:00+00:00,short,sell - take_profit,43833.4,42518.398,1263110.5,2.95,723.56
2023-12-11 03:00:00+00:00,short,buy,41962.3,,1262478.95,-0.05,723.51
2023-12-11 03:34:00+00:00,short,sell - stop_loss,41962.3,42381.923,1249222.92,-1.05,722.46
2023-12-11 04:00:00+00:00,short,buy,42312.7,,1248598.31,-0.05,722.41
2023-12-11 12:00:00+00:00,short,sell - direction_change,42312.7,42346.6,1246973.66,-0.13,722.28
2023-12-11 12:00:00+00:00,long,buy,42346.6,,1246350.17,-0.05,722.23
2023-12-11 13:00:00+00:00,long,sell - direction_change,42346.6,42218.0,1241942.03,-0.35,721.87
2023-12-11 13:00:00+00:00,short,buy,42218.0,,1241321.05,-0.05,721.82
2023-12-11 18:12:00+00:00,short,sell - take_profit,42218.0,40951.46,1277940.03,2.95,724.77
2023-12-11 19:00:00+00:00,short,buy,41078.1,,1277301.06,-0.05,724.72
2023-12-12 00:00:00+00:00,short,sell - direction_change,41078.1,41271.1,1270661.18,-0.52,724.2
2023-12-12 00:00:00+00:00,long,buy,41271.1,,1270025.84,-0.05,724.15
2023-12-12 01:00:00+00:00,long,sell - direction_change,41271.1,41735.5,1283681.7,1.08,725.23
2023-12-12 01:00:00+00:00,short,buy,41735.5,,1283039.86,-0.05,725.18
2023-12-12 02:00:00+00:00,short,sell - direction_change,41735.5,41703.5,1283382.09,0.03,725.21
2023-12-12 02:00:00+00:00,long,buy,41703.5,,1282740.4,-0.05,725.16
2023-12-12 11:00:00+00:00,long,sell - direction_change,41703.5,41827.8,1285922.32,0.25,725.4
2023-12-12 11:00:00+00:00,short,buy,41827.8,,1285279.36,-0.05,725.35
2023-12-12 12:00:00+00:00,short,sell - direction_change,41827.8,41606.7,1291430.65,0.48,725.83
2023-12-12 12:00:00+00:00,long,buy,41606.7,,1290784.94,-0.05,725.78
2023-12-12 15:00:00+00:00,long,sell - direction_change,41606.7,41495.1,1286677.33,-0.32,725.46
2023-12-12 15:00:00+00:00,short,buy,41495.1,,1286033.99,-0.05,725.41
2023-12-12 18:00:00+00:00,short,sell - direction_change,41495.1,40734.5,1308963.81,1.78,727.2
2023-12-12 18:00:00+00:00,long,buy,40734.5,,1308309.33,-0.05,727.15
2023-12-12 19:00:00+00:00,long,sell - direction_change,40734.5,41335.0,1326942.02,1.42,728.57
2023-12-12 19:00:00+00:00,short,buy,41335.0,,1326278.54,-0.05,728.52
2023-12-12 23:00:00+00:00,short,sell - direction_change,41335.0,41258.1,1328082.83,0.14,728.66
2023-12-12 23:00:00+00:00,long,buy,41258.1,,1327418.78,-0.05,728.61
2023-12-13 00:00:00+00:00,long,sell - direction_change,41258.1,41514.9,1335017.24,0.57,729.18
2023-12-13 00:00:00+00:00,short,buy,41514.9,,1334349.73,-0.05,729.13
2023-12-13 07:00:00+00:00,short,sell - direction_change,41514.9,40885.5,1353912.39,1.47,730.6
2023-12-13 07:00:00+00:00,long,buy,40885.5,,1353235.44,-0.05,730.55
2023-12-13 09:00:00+00:00,long,sell - direction_change,40885.5,41291.8,1366006.61,0.94,731.49
2023-12-13 09:00:00+00:00,short,buy,41291.8,,1365323.6,-0.05,731.44
2023-12-13 12:00:00+00:00,short,sell - direction_change,41291.8,41035.3,1373122.18,0.57,732.01
2023-12-13 12:00:00+00:00,long,buy,41035.3,,1372435.62,-0.05,731.96
2023-12-13 19:00:00+00:00,long,sell - take_profit,41035.3,42266.359000000004,1412922.47,2.95,734.91
2023-12-13 20:00:00+00:00,long,buy,42746.7,,1412216.01,-0.05,734.86
2023-12-14 08:00:00+00:00,long,sell - direction_change,42746.7,42910.2,1416911.42,0.33,735.19
2023-12-14 08:00:00+00:00,short,buy,42910.2,,1416202.97,-0.05,735.14
2023-12-14 09:00:00+00:00,short,sell - direction_change,42910.2,42767.0,1420221.02,0.28,735.43
2023-12-14 09:00:00+00:00,long,buy,42767.0,,1419510.91,-0.05,735.38
2023-12-14 13:00:00+00:00,long,sell - direction_change,42767.0,43100.2,1429860.64,0.73,736.11
2023-12-14 13:00:00+00:00,short,buy,43100.2,,1429145.71,-0.05,736.06
2023-12-14 13:30:00+00:00,short,sell - take_profit,43100.2,41807.193999999996,1471305.51,2.95,739.01
2023-12-14 14:00:00+00:00,long,buy,42564.8,,1470569.86,-0.05,738.96
2023-12-14 15:00:00+00:00,long,sell - direction_change,42564.8,42664.9,1473292.92,0.19,739.14
2023-12-14 15:00:00+00:00,short,buy,42664.9,,1472556.28,-0.05,739.09
2023-12-14 17:00:00+00:00,short,sell - direction_change,42664.9,42598.0,1474129.02,0.11,739.2
2023-12-14 17:00:00+00:00,long,buy,42598.0,,1473391.95,-0.05,739.15
2023-12-15 03:00:00+00:00,long,sell - direction_change,42598.0,42898.8,1483059.41,0.66,739.8
2023-12-15 03:00:00+00:00,short,buy,42898.8,,1482317.88,-0.05,739.75
2023-12-16 01:00:00+00:00,short,sell - direction_change,42898.8,41934.2,1514907.35,2.2,741.95
2023-12-16 01:00:00+00:00,long,buy,41934.2,,1514149.9,-0.05,741.9
2023-12-16 06:00:00+00:00,long,sell - direction_change,41934.2,42291.8,1526304.95,0.8,742.7
2023-12-16 06:00:00+00:00,short,buy,42291.8,,1525541.8,-0.05,742.65
2023-12-16 07:00:00+00:00,short,sell - direction_change,42291.8,42231.9,1526939.73,0.09,742.75
2023-12-16 07:00:00+00:00,long,buy,42231.9,,1526176.26,-0.05,742.7
2023-12-16 21:00:00+00:00,long,sell - direction_change,42231.9,42359.7,1530031.61,0.25,742.95
2023-12-16 21:00:00+00:00,short,buy,42359.7,,1529266.59,-0.05,742.9
2023-12-17 12:00:00+00:00,short,sell - direction_change,42359.7,41979.8,1542217.08,0.85,743.75
2023-12-17 12:00:00+00:00,long,buy,41979.8,,1541445.97,-0.05,743.7
2023-12-17 13:00:00+00:00,long,sell - direction_change,41979.8,41973.9,1540458.61,-0.06,743.63
2023-12-17 13:00:00+00:00,short,buy,41973.9,,1539688.38,-0.05,743.58
2023-12-17 16:00:00+00:00,short,sell - direction_change,41973.9,41828.5,1544252.1,0.3,743.88
2023-12-17 16:00:00+00:00,long,buy,41828.5,,1543479.98,-0.05,743.83
2023-12-17 21:00:00+00:00,long,sell - direction_change,41828.5,42152.0,1554645.45,0.72,744.55
2023-12-17 21:00:00+00:00,short,buy,42152.0,,1553868.13,-0.05,744.5
2023-12-18 02:35:00+00:00,short,sell - take_profit,42152.0,40887.44,1599707.24,2.95,747.45
2023-12-18 03:00:00+00:00,short,buy,40919.8,,1598907.39,-0.05,747.4
2023-12-18 07:31:00+00:00,short,sell - stop_loss,40919.8,41328.99800000001,1582118.86,-1.05,746.35
2023-12-18 08:00:00+00:00,short,buy,41160.0,,1581327.8,-0.05,746.3
2023-12-18 11:00:00+00:00,short,sell - direction_change,41160.0,40845.9,1592604.56,0.71,747.01
2023-12-18 11:00:00+00:00,long,buy,40845.9,,1591808.25,-0.05,746.96
2023-12-18 12:00:00+00:00,long,sell - direction_change,40845.9,41137.2,1602364.62,0.66,747.63
2023-12-18 12:00:00+00:00,short,buy,41137.2,,1601563.44,-0.05,747.58
2023-12-18 13:00:00+00:00,short,sell - direction_change,41137.2,40941.1,1608397.27,0.43,748.0
2023-12-18 13:00:00+00:00,long,buy,40941.1,,1607593.07,-0.05,747.95
2023-12-18 21:04:00+00:00,long,sell - take_profit,40941.1,42169.333,1655017.07,2.95,750.9
2023-12-18 22:00:00+00:00,long,buy,42643.0,,1654189.56,-0.05,750.85
2023-12-19 11:00:00+00:00,long,sell - direction_change,42643.0,43155.0,1673223.76,1.15,752.01
2023-12-19 11:00:00+00:00,short,buy,43155.0,,1672387.14,-0.05,751.96
2023-12-19 18:01:00+00:00,short,sell - take_profit,43155.0,41860.35,1721722.56,2.95,754.91
2023-12-19 19:00:00+00:00,short,buy,42248.6,,1720861.7,-0.05,754.86
2023-12-19 21:00:00+00:00,short,sell - direction_change,42248.6,42256.2,1719691.71,-0.07,754.79
2023-12-19 21:00:00+00:00,long,buy,42256.2,,1718831.86,-0.05,754.74
2023-12-19 22:00:00+00:00,long,sell - direction_change,42256.2,42549.2,1729890.65,0.64,755.38
2023-12-19 22:00:00+00:00,short,buy,42549.2,,1729025.7,-0.05,755.33
2023-12-20 00:00:00+00:00,short,sell - direction_change,42549.2,42298.2,1738360.8,0.54,755.87
2023-12-20 00:00:00+00:00,long,buy,42298.2,,1737491.62,-0.05,755.82
2023-12-20 01:00:00+00:00,long,sell - direction_change,42298.2,42442.9,1742566.75,0.29,756.11
2023-12-20 01:00:00+00:00,short,buy,42442.9,,1741695.46,-0.05,756.06
2023-12-20 02:00:00+00:00,short,sell - direction_change,42442.9,42329.1,1745494.54,0.22,756.28
2023-12-20 02:00:00+00:00,long,buy,42329.1,,1744621.79,-0.05,756.23
2023-12-20 13:46:00+00:00,long,sell - take_profit,42329.1,43598.973,1796088.13,2.95,759.18
2023-12-20 14:00:00+00:00,long,buy,43816.8,,1795190.09,-0.05,759.13
2023-12-20 20:06:00+00:00,long,sell - stop_loss,43816.8,43378.632000000005,1776340.59,-1.05,758.08
2023-12-20 21:00:00+00:00,long,buy,43481.6,,1775452.42,-0.05,758.03
2023-12-21 00:00:00+00:00,long,sell - direction_change,43481.6,43708.9,1783845.87,0.47,758.5
2023-12-21 00:00:00+00:00,short,buy,43708.9,,1782953.95,-0.05,758.45
2023-12-21 06:00:00+00:00,short,sell - direction_change,43708.9,43541.4,1788895.06,0.33,758.79
2023-12-21 06:00:00+00:00,long,buy,43541.4,,1788000.61,-0.05,758.74
2023-12-21 14:00:00+00:00,long,sell - direction_change,43541.4,44179.0,1813289.26,1.41,760.15
2023-12-21 14:00:00+00:00,short,buy,44179.0,,1812382.61,-0.05,760.1
2023-12-21 15:00:00+00:00,short,sell - direction_change,44179.0,43547.5,1837382.84,1.38,761.48
2023-12-21 15:00:00+00:00,long,buy,43547.5,,1836464.15,-0.05,761.43
2023-12-21 16:00:00+00:00,long,sell - direction_change,43547.5,43857.7,1848627.52,0.66,762.09
2023-12-21 16:00:00+00:00,short,buy,43857.7,,1847703.21,-0.05,762.04
2023-12-21 20:00:00+00:00,short,sell - direction_change,43857.7,43623.0,1856667.15,0.49,762.53
2023-12-21 20:00:00+00:00,long,buy,43623.0,,1855738.82,-0.05,762.48
2023-12-22 07:00:00+00:00,long,sell - direction_change,43623.0,43906.5,1866871.14,0.6,763.08
2023-12-22 07:00:00+00:00,short,buy,43906.5,,1865937.71,-0.05,763.03
2023-12-22 17:00:00+00:00,short,sell - direction_change,43906.5,43587.1,1878578.59,0.68,763.71
2023-12-22 17:00:00+00:00,long,buy,43587.1,,1877639.3,-0.05,763.66
2023-12-22 19:00:00+00:00,long,sell - direction_change,43587.1,43983.4,1893772.24,0.86,764.51
2023-12-22 19:00:00+00:00,short,buy,43983.4,,1892825.36,-0.05,764.46
2023-12-22 22:00:00+00:00,short,sell - direction_change,43983.4,43733.0,1902654.91,0.52,764.98
2023-12-22 22:00:00+00:00,long,buy,43733.0,,1901703.58,-0.05,764.93
2023-12-23 01:00:00+00:00,long,sell - direction_change,43733.0,43843.1,1905540.36,0.2,765.14
2023-12-23 01:00:00+00:00,short,buy,43843.1,,1904587.59,-0.05,765.09
2023-12-23 12:00:00+00:00,short,sell - direction_change,43843.1,43583.0,1914934.3,0.54,765.63
2023-12-23 12:00:00+00:00,long,buy,43583.0,,1913976.83,-0.05,765.58
2023-12-24 05:00:00+00:00,long,sell - direction_change,43583.0,43828.3,1923792.36,0.51,766.09
2023-12-24 05:00:00+00:00,short,buy,43828.3,,1922830.46,-0.05,766.04
2023-12-24 13:00:00+00:00,short,sell - direction_change,43828.3,43677.6,1928480.54,0.29,766.34
2023-12-24 13:00:00+00:00,long,buy,43677.6,,1927516.3,-0.05,766.29
2023-12-24 14:00:00+00:00,long,sell - direction_change,43677.6,43790.9,1931552.53,0.21,766.5
2023-12-24 14:00:00+00:00,short,buy,43790.9,,1930586.76,-0.05,766.45
2023-12-24 15:00:00+00:00,short,sell - direction_change,43790.9,43762.0,1930895.56,0.02,766.46
2023-12-24 15:00:00+00:00,long,buy,43762.0,,1929930.12,-0.05,766.41
2023-12-24 16:00:00+00:00,long,sell - direction_change,43762.0,43707.1,1926544.03,-0.18,766.24
2023-12-24 16:00:00+00:00,short,buy,43707.1,,1925580.76,-0.05,766.19
2023-12-24 18:00:00+00:00,short,sell - direction_change,43707.1,43658.4,1926763.52,0.06,766.25
2023-12-24 18:00:00+00:00,long,buy,43658.4,,1925800.13,-0.05,766.2
2023-12-24 19:00:00+00:00,long,sell - direction_change,43658.4,43692.0,1926319.35,0.03,766.22
2023-12-24 19:00:00+00:00,short,buy,43692.0,,1925356.19,-0.05,766.17
2023-12-25 06:00:00+00:00,short,sell - direction_change,43692.0,43267.3,1943108.58,0.92,767.1
2023-12-25 06:00:00+00:00,long,buy,43267.3,,1942137.03,-0.05,767.05
2023-12-25 07:00:00+00:00,long,sell - direction_change,43267.3,43269.4,1941260.22,-0.05,767.0
2023-12-25 07:00:00+00:00,short,buy,43269.4,,1940289.59,-0.05,766.95
2023-12-25 09:00:00+00:00,short,sell - direction_change,43269.4,43144.3,1944929.19,0.24,767.19
2023-12-25 09:00:00+00:00,long,buy,43144.3,,1943956.73,-0.05,767.14
2023-12-26 02:00:00+00:00,long,sell - direction_change,43144.3,43549.2,1961228.36,0.89,768.03
2023-12-26 02:00:00+00:00,short,buy,43549.2,,1960247.75,-0.05,767.98
2023-12-26 09:45:00+00:00,short,sell - take_profit,43549.2,42242.723999999995,2018075.06,2.95,770.93
2023-12-26 10:00:00+00:00,short,buy,42449.0,,2017066.02,-0.05,770.88
2023-12-26 22:00:00+00:00,short,sell - direction_change,42449.0,42361.4,2020220.01,0.16,771.03
2023-12-26 22:00:00+00:00,long,buy,42361.4,,2019209.9,-0.05,770.98
2023-12-27 00:00:00+00:00,long,sell - direction_change,42361.4,42538.6,2026646.76,0.37,771.35
2023-12-27 00:00:00+00:00,short,buy,42538.6,,2025633.44,-0.05,771.3
2023-12-27 01:00:00+00:00,short,sell - direction_change,42538.6,42395.7,2031425.33,0.29,771.59
2023-12-27 01:00:00+00:00,long,buy,42395.7,,2030409.62,-0.05,771.54
2023-12-27 02:00:00+00:00,long,sell - direction_change,42395.7,42493.1,2034059.09,0.18,771.72
2023-12-27 02:00:00+00:00,short,buy,42493.1,,2033042.06,-0.05,771.67
2023-12-27 03:00:00+00:00,short,sell - direction_change,42493.1,42264.4,2042967.47,0.49,772.16
2023-12-27 03:00:00+00:00,long,buy,42264.4,,2041945.99,-0.05,772.11
2023-12-27 20:46:00+00:00,long,sell - take_profit,42264.4,43532.332,2102183.39,2.95,775.06
2023-12-27 21:00:00+00:00,long,buy,43475.0,,2101132.3,-0.05,775.01
2023-12-28 06:00:00+00:00,long,sell - direction_change,43475.0,43259.4,2089661.86,-0.55,774.46
2023-12-28 06:00:00+00:00,short,buy,43259.4,,2088617.03,-0.05,774.41
2023-12-29 02:00:00+00:00,short,sell - direction_change,43259.4,42374.8,2130282.29,1.99,776.41
2023-12-29 02:00:00+00:00,long,buy,42374.8,,2129217.15,-0.05,776.36
2023-12-29 07:00:00+00:00,long,sell - direction_change,42374.8,42569.9,2137955.78,0.41,776.77
2023-12-29 07:00:00+00:00,short,buy,42569.9,,2136886.81,-0.05,776.72
2023-12-29 09:00:00+00:00,short,sell - direction_change,42569.9,42518.1,2138418.57,0.07,776.79
2023-12-29 09:00:00+00:00,long,buy,42518.1,,2137349.36,-0.05,776.74
2023-12-29 15:00:00+00:00,long,sell - direction_change,42518.1,43066.1,2163828.19,1.24,777.98
2023-12-29 15:00:00+00:00,short,buy,43066.1,,2162746.28,-0.05,777.93
2023-12-29 17:10:00+00:00,short,sell - take_profit,43066.1,41774.117,2226547.29,2.95,780.88
2023-12-29 18:00:00+00:00,short,buy,41846.2,,2225434.02,-0.05,780.83
2023-12-29 21:13:00+00:00,short,sell - stop_loss,41846.2,42264.662,2202066.96,-1.05,779.78
2023-12-29 22:00:00+00:00,short,buy,41974.1,,2200965.93,-0.05,779.73
2023-12-30 05:00:00+00:00,short,sell - direction_change,41974.1,42026.1,2197138.76,-0.17,779.55
2023-12-30 05:00:00+00:00,long,buy,42026.1,,2196040.19,-0.05,779.5
2023-12-30 07:00:00+00:00,long,sell - direction_change,42026.1,42091.5,2198359.59,0.11,779.61
2023-12-30 07:00:00+00:00,short,buy,42091.5,,2197260.41,-0.05,779.56
2023-12-30 12:00:00+00:00,short,sell - direction_change,42091.5,41933.6,2204404.48,0.33,779.88
2023-12-30 12:00:00+00:00,long,buy,41933.6,,2203302.28,-0.05,779.83
2023-12-31 01:00:00+00:00,long,sell - direction_change,41933.6,42395.1,2226449.06,1.05,780.88
2023-12-31 01:00:00+00:00,short,buy,42395.1,,2225335.83,-0.05,780.83
2023-12-31 06:00:00+00:00,short,sell - direction_change,42395.1,42235.3,2232611.13,0.33,781.16
2023-12-31 06:00:00+00:00,long,buy,42235.3,,2231494.82,-0.05,781.11
2023-12-31 21:00:00+00:00,long,sell - direction_change,42235.3,42599.2,2249605.67,0.81,781.92
2023-12-31 21:00:00+00:00,short,buy,42599.2,,2248480.87,-0.05,781.87
2024-01-01 00:00:00+00:00,short,sell - direction_change,42599.2,42314.0,2262410.12,0.62,782.49
2024-01-01 00:00:00+00:00,long,buy,42314.0,,2261278.92,-0.05,782.44
2024-01-01 02:00:00+00:00,long,sell - direction_change,42314.0,42647.9,2277992.04,0.74,783.18
2024-01-01 02:00:00+00:00,short,buy,42647.9,,2276853.04,-0.05,783.13
2024-01-01 07:00:00+00:00,short,sell - direction_change,42647.9,42423.4,2287700.05,0.48,783.61
2024-01-01 07:00:00+00:00,long,buy,42423.4,,2286556.2,-0.05,783.56
2024-01-01 20:01:00+00:00,long,sell - take_profit,42423.4,43696.102000000006,2354009.61,2.95,786.51
2024-01-01 21:00:00+00:00,long,buy,43753.2,,2352832.6,-0.05,786.46
2024-01-02 00:57:00+00:00,long,sell - take_profit,43753.2,45065.795999999995,2422241.16,2.95,789.41
2024-01-02 01:00:00+00:00,long,buy,45179.7,,2421030.04,-0.05,789.36
2024-01-02 15:00:00+00:00,long,sell - direction_change,45179.7,45293.5,2425917.69,0.2,789.56
2024-01-02 15:00:00+00:00,short,buy,45293.5,,2424704.73,-0.05,789.51
2024-01-02 16:00:00+00:00,short,sell - direction_change,45293.5,45215.0,2427694.74,0.12,789.63
2024-01-02 16:00:00+00:00,long,buy,45215.0,,2426480.89,-0.05,789.58
2024-01-02 17:00:00+00:00,long,sell - direction_change,45215.0,45393.4,2434841.55,0.34,789.93
2024-01-02 17:00:00+00:00,short,buy,45393.4,,2433624.13,-0.05,789.88
2024-01-03 01:00:00+00:00,short,sell - direction_change,45393.4,45168.0,2444491.43,0.45,790.32
2024-01-03 01:00:00+00:00,long,buy,45168.0,,2443269.19,-0.05,790.27
2024-01-03 02:00:00+00:00,long,sell - direction_change,45168.0,45347.8,2451773.46,0.35,790.62
2024-01-03 02:00:00+00:00,short,buy,45347.8,,2450547.57,-0.05,790.57
2024-01-03 03:00:00+00:00,short,sell - direction_change,45347.8,45312.6,2451224.47,0.03,790.6
2024-01-03 03:00:00+00:00,long,buy,45312.6,,2449998.86,-0.05,790.55
2024-01-03 07:00:00+00:00,long,sell - direction_change,45312.6,45362.8,2451488.11,0.06,790.61
2024-01-03 07:00:00+00:00,short,buy,45362.8,,2450262.37,-0.05,790.56
2024-01-03 08:00:00+00:00,short,sell - direction_change,45362.8,45030.5,2466986.36,0.68,791.24
2024-01-03 08:00:00+00:00,long,buy,45030.5,,2465752.86,-0.05,791.19
2024-01-03 11:00:00+00:00,long,sell - direction_change,45030.5,45175.7,2472470.76,0.27,791.47
2024-01-03 11:00:00+00:00,short,buy,45175.7,,2471234.52,-0.05,791.42
2024-01-03 11:55:00+00:00,short,sell - take_profit,45175.7,43820.429,2544135.94,2.95,794.37
2024-01-03 12:00:00+00:00,short,buy,43728.9,,2542863.87,-0.05,794.32
2024-01-03 12:01:00+00:00,short,sell - take_profit,43728.9,42417.033,2617878.36,2.95,797.27
2024-01-03 13:00:00+00:00,short,buy,42795.8,,2616569.42,-0.05,797.22
2024-01-03 16:02:00+00:00,short,sell - stop_loss,42795.8,43223.758,2589095.44,-1.05,796.17
2024-01-03 17:00:00+00:00,short,buy,43009.1,,2587800.89,-0.05,796.12
2024-01-03 23:00:00+00:00,short,sell - direction_change,43009.1,42753.6,2601880.09,0.54,796.66
2024-01-03 23:00:00+00:00,long,buy,42753.6,,2600579.15,-0.05,796.61
2024-01-04 01:00:00+00:00,long,sell - direction_change,42753.6,42883.4,2607174.22,0.25,796.86
2024-01-04 01:00:00+00:00,short,buy,42883.4,,2605870.64,-0.05,796.81
2024-01-04 02:00:00+00:00,short,sell - direction_change,42883.4,42716.6,2614703.54,0.34,797.15
2024-01-04 02:00:00+00:00,long,buy,42716.6,,2613396.19,-0.05,797.1
2024-01-04 07:00:00+00:00,long,sell - direction_change,42716.6,43163.8,2639449.13,1.0,798.1
2024-01-04 07:00:00+00:00,short,buy,43163.8,,2638129.4,-0.05,798.05
2024-01-04 08:00:00+00:00,short,sell - direction_change,43163.8,42775.1,2660567.31,0.85,798.9
2024-01-04 08:00:00+00:00,long,buy,42775.1,,2659237.02,-0.05,798.85
2024-01-04 15:28:00+00:00,long,sell - take_profit,42775.1,44058.353,2737684.51,2.95,801.8
2024-01-04 16:00:00+00:00,long,buy,44050.4,,2736315.67,-0.05,801.75
2024-01-05 01:00:00+00:00,long,sell - direction_change,44050.4,44207.4,2744700.01,0.31,802.06
2024-01-05 01:00:00+00:00,short,buy,44207.4,,2743327.66,-0.05,802.01
2024-01-05 01:48:00+00:00,short,sell - take_profit,44207.4,42881.178,2824255.83,2.95,804.96
2024-01-05 02:00:00+00:00,long,buy,43373.5,,2822843.7,-0.05,804.91
2024-01-05 03:00:00+00:00,long,sell - direction_change,43373.5,43506.5,2830088.22,0.26,805.16
2024-01-05 03:00:00+00:00,short,buy,43506.5,,2828673.17,-0.05,805.11
2024-01-05 05:00:00+00:00,short,sell - direction_change,43506.5,43589.3,2821875.41,-0.24,804.87
2024-01-05 05:00:00+00:00,long,buy,43589.3,,2820464.47,-0.05,804.82
2024-01-05 07:00:00+00:00,long,sell - direction_change,43589.3,43847.8,2835780.59,0.54,805.37
2024-01-05 07:00:00+00:00,short,buy,43847.8,,2834362.7,-0.05,805.32
2024-01-05 08:00:00+00:00,short,sell - direction_change,43847.8,43769.6,2838000.44,0.13,805.44
2024-01-05 08:00:00+00:00,long,buy,43769.6,,2836581.44,-0.05,805.39
2024-01-05 10:00:00+00:00,long,sell - direction_change,43769.6,44147.8,2859673.2,0.81,806.21
2024-01-05 10:00:00+00:00,short,buy,44147.8,,2858243.36,-0.05,806.16
2024-01-05 12:00:00+00:00,short,sell - direction_change,44147.8,43769.9,2881280.47,0.81,806.96
2024-01-05 12:00:00+00:00,long,buy,43769.9,,2879839.83,-0.05,806.91
2024-01-05 14:00:00+00:00,long,sell - direction_change,43769.9,43978.6,2892131.32,0.43,807.34
2024-01-05 14:00:00+00:00,short,buy,43978.6,,2890685.26,-0.05,807.29
2024-01-05 20:00:00+00:00,short,sell - direction_change,43978.6,43599.0,2914190.78,0.81,808.1
2024-01-05 20:00:00+00:00,long,buy,43599.0,,2912733.68,-0.05,808.05
2024-01-06 06:00:00+00:00,long,sell - direction_change,43599.0,43695.8,2917744.27,0.17,808.23
2024-01-06 06:00:00+00:00,short,buy,43695.8,,2916285.4,-0.05,808.18
2024-01-06 10:00:00+00:00,short,sell - direction_change,43695.8,43653.7,2917637.04,0.05,808.22
2024-01-06 10:00:00+00:00,long,buy,43653.7,,2916178.22,-0.05,808.17
2024-01-06 11:00:00+00:00,long,sell - direction_change,43653.7,43694.6,2917452.35,0.04,808.22
2024-01-06 11:00:00+00:00,short,buy,43694.6,,2915993.63,-0.05,808.17
2024-01-06 14:00:00+00:00,short,sell - direction_change,43694.6,43701.1,2914101.85,-0.06,808.1
2024-01-06 14:00:00+00:00,long,buy,43701.1,,2912644.8,-0.05,808.05
2024-01-07 05:00:00+00:00,long,sell - direction_change,43701.1,43994.8,2930763.35,0.62,808.67
2024-01-07 05:00:00+00:00,short,buy,43994.8,,2929297.97,-0.05,808.62
2024-01-07 06:00:00+00:00,short,sell - direction_change,43994.8,43880.5,2935443.74,0.21,808.83
2024-01-07 06:00:00+00:00,long,buy,43880.5,,2933976.02,-0.05,808.78
2024-01-07 09:00:00+00:00,long,sell - direction_change,43880.5,44010.0,2941167.77,0.25,809.03
2024-01-07 09:00:00+00:00,short,buy,44010.0,,2939697.19,-0.05,808.98
2024-01-07 10:00:00+00:00,short,sell - direction_change,44010.0,43923.0,2944038.6,0.15,809.13
2024-01-07 10:00:00+00:00,long,buy,43923.0,,2942566.58,-0.05,809.08
2024-01-07 16:00:00+00:00,long,sell - direction_change,43923.0,44034.9,2948591.9,0.2,809.28
2024-01-07 16:00:00+00:00,short,buy,44034.9,,2947117.6,-0.05,809.23
2024-01-07 17:00:00+00:00,short,sell - direction_change,44034.9,43910.8,2953949.67,0.23,809.46
2024-01-07 17:00:00+00:00,long,buy,43910.8,,2952472.69,-0.05,809.41
2024-01-07 22:00:00+00:00,long,sell - direction_change,43910.8,44218.7,2971699.02,0.65,810.06
2024-01-07 22:00:00+00:00,short,buy,44218.7,,2970213.17,-0.05,810.01
2024-01-08 06:00:00+00:00,short,sell - direction_change,44218.7,43630.5,3008238.03,1.28,811.29
2024-01-08 06:00:00+00:00,long,buy,43630.5,,3006733.92,-0.05,811.24
2024-01-08 09:00:00+00:00,long,sell - direction_change,43630.5,43857.0,3020839.47,0.47,811.71
2024-01-08 09:00:00+00:00,short,buy,43857.0,,3019329.05,-0.05,811.66
2024-01-08 10:00:00+00:00,short,sell - direction_change,43857.0,43716.3,3027505.86,0.27,811.93
2024-01-08 10:00:00+00:00,long,buy,43716.3,,3025992.11,-0.05,811.88
2024-01-08 12:03:00+00:00,long,sell - take_profit,43716.3,45027.789000000004,3115258.88,2.95,814.83
2024-01-08 13:00:00+00:00,long,buy,45102.9,,3113701.25,-0.05,814.78
2024-01-08 18:38:00+00:00,long,sell - take_profit,45102.9,46455.987,3205555.43,2.95,817.73
2024-01-08 19:00:00+00:00,long,buy,46969.9,,3203952.66,-0.05,817.68
2024-01-09 00:37:00+00:00,long,sell - stop_loss,46969.9,46500.201,3170311.15,-1.05,816.63
2024-01-09 01:00:00+00:00,long,buy,46682.3,,3168726.0,-0.05,816.58
2024-01-09 08:00:00+00:00,long,sell - direction_change,46682.3,46841.0,3177913.96,0.29,816.87
2024-01-09 08:00:00+00:00,short,buy,46841.0,,3176325.0,-0.05,816.82
2024-01-09 11:00:00+00:00,short,sell - direction_change,46841.0,46449.9,3201257.64,0.78,817.61
2024-01-09 11:00:00+00:00,long,buy,46449.9,,3199657.01,-0.05,817.56
2024-01-09 12:00:00+00:00,long,sell - direction_change,46449.9,46624.4,3210077.45,0.33,817.88
2024-01-09 12:00:00+00:00,short,buy,46624.4,,3208472.41,-0.05,817.83
2024-01-09 13:00:00+00:00,short,sell - direction_change,46624.4,46175.9,3237731.84,0.91,818.75
2024-01-09 13:00:00+00:00,long,buy,46175.9,,3236112.97,-0.05,818.7
2024-01-09 21:00:00+00:00,long,sell - direction_change,46175.9,46636.1,3266746.78,0.95,819.64
2024-01-09 21:00:00+00:00,short,buy,46636.1,,3265113.41,-0.05,819.59
2024-01-09 21:11:00+00:00,short,sell - stop_loss,46636.1,47102.460999999996,3230829.72,-1.05,818.54
2024-01-09 22:00:00+00:00,long,buy,45450.1,,3229214.31,-0.05,818.49
2024-01-09 23:00:00+00:00,long,sell - direction_change,45450.1,46250.6,3284474.95,1.71,820.2
2024-01-09 23:00:00+00:00,short,buy,46250.6,,3282832.72,-0.05,820.15
2024-01-10 11:53:00+00:00,short,sell - take_profit,46250.6,44863.081999999995,3379676.28,2.95,823.1
2024-01-10 12:00:00+00:00,short,buy,45530.1,,3377986.44,-0.05,823.05
2024-01-10 17:00:00+00:00,short,sell - direction_change,45530.1,45317.8,3392048.49,0.42,823.47
2024-01-10 17:00:00+00:00,long,buy,45317.8,,3390352.47,-0.05,823.42
2024-01-10 18:04:00+00:00,long,sell - take_profit,45317.8,46677.334,3490367.87,2.95,826.37
2024-01-10 19:00:00+00:00,long,buy,46544.2,,3488622.68,-0.05,826.32
2024-01-10 19:09:00+00:00,long,sell - stop_loss,46544.2,46078.757999999994,3451992.14,-1.05,825.27
2024-01-10 20:00:00+00:00,long,buy,46498.8,,3450266.15,-0.05,825.22
2024-01-10 20:10:00+00:00,long,sell - stop_loss,46498.8,46033.812000000005,3414038.35,-1.05,824.17
2024-01-10 21:00:00+00:00,long,buy,46125.8,,3412331.33,-0.05,824.12
2024-01-10 21:18:00+00:00,long,sell - stop_loss,46125.8,45664.542,3376501.85,-1.05,823.07
2024-01-10 22:00:00+00:00,long,buy,45961.8,,3374813.6,-0.05,823.02
2024-01-10 23:06:00+00:00,long,sell - take_profit,45961.8,47340.654,3474370.61,2.95,825.97
2024-01-11 00:00:00+00:00,long,buy,46663.0,,3472633.42,-0.05,825.92
2024-01-11 03:12:00+00:00,long,sell - stop_loss,46663.0,46196.37,3436170.77,-1.05,824.87
2024-01-11 04:00:00+00:00,long,buy,46502.3,,3434452.68,-0.05,824.82
2024-01-11 05:00:00+00:00,long,sell - direction_change,46502.3,46405.0,3425549.31,-0.26,824.56
2024-01-11 05:00:00+00:00,short,buy,46405.0,,3423836.54,-0.05,824.51
2024-01-11 07:00:00+00:00,short,sell - direction_change,46405.0,45899.9,3459391.72,1.04,825.55
2024-01-11 07:00:00+00:00,long,buy,45899.9,,3457662.03,-0.05,825.5
2024-01-11 09:00:00+00:00,long,sell - direction_change,45899.9,46272.0,3483963.67,0.76,826.26
2024-01-11 09:00:00+00:00,short,buy,46272.0,,3482221.69,-0.05,826.21
2024-01-11 10:00:00+00:00,short,sell - direction_change,46272.0,46212.8,3484935.7,0.08,826.29
2024-01-11 10:00:00+00:00,long,buy,46212.8,,3483193.23,-0.05,826.24
2024-01-11 14:03:00+00:00,long,sell - take_profit,46212.8,47599.184,3585947.43,2.95,829.19
2024-01-11 15:00:00+00:00,long,buy,48577.1,,3584154.46,-0.05,829.14
2024-01-11 15:05:00+00:00,long,sell - stop_loss,48577.1,48091.329,3546520.84,-1.05,828.09
2024-01-11 16:00:00+00:00,long,buy,46813.4,,3544747.58,-0.05,828.04
2024-01-11 16:08:00+00:00,long,sell - stop_loss,46813.4,46345.266,3507527.73,-1.05,826.99
2024-01-11 17:00:00+00:00,long,buy,46038.0,,3505773.97,-0.05,826.94
2024-01-11 20:00:00+00:00,long,sell - direction_change,46038.0,46698.4,3554310.26,1.38,828.32
2024-01-11 20:00:00+00:00,short,buy,46698.4,,3552533.1,-0.05,828.27
2024-01-12 02:00:00+00:00,short,sell - direction_change,46698.4,46144.8,3592871.39,1.14,829.41
2024-01-12 02:00:00+00:00,long,buy,46144.8,,3591074.95,-0.05,829.36
2024-01-12 03:00:00+00:00,long,sell - direction_change,46144.8,46152.1,3589847.51,-0.03,829.32
2024-01-12 03:00:00+00:00,short,buy,46152.1,,3588052.59,-0.05,829.27
2024-01-12 15:24:00+00:00,short,sell - take_profit,46152.1,44767.537,3693900.14,2.95,832.22
2024-01-12 16:00:00+00:00,short,buy,44495.1,,3692053.19,-0.05,832.17
2024-01-12 22:03:00+00:00,short,sell - take_profit,44495.1,43160.246999999996,3800968.76,2.95,835.12
2024-01-12 23:00:00+00:00,short,buy,42517.9,,3799068.28,-0.05,835.07
2024-01-12 23:16:00+00:00,short,sell - stop_loss,42517.9,42943.079000000005,3759178.06,-1.05,834.02
2024-01-13 00:00:00+00:00,short,buy,42789.0,,3757298.47,-0.05,833.97
2024-01-13 06:00:00+00:00,short,sell - direction_change,42789.0,43111.0,3727145.03,-0.8,833.17
2024-01-13 06:00:00+00:00,long,buy,43111.0,,3725281.46,-0.05,833.12
2024-01-13 07:00:00+00:00,long,sell - direction_change,43111.0,43159.7,3727627.05,0.06,833.18
2024-01-13 07:00:00+00:00,short,buy,43159.7,,3725763.24,-0.05,833.13
2024-01-13 08:00:00+00:00,short,sell - direction_change,43159.7,43102.1,3728872.68,0.08,833.22
2024-01-13 08:00:00+00:00,long,buy,43102.1,,3727008.24,-0.05,833.17
2024-01-13 10:00:00+00:00,long,sell - direction_change,43102.1,42927.4,3710038.55,-0.46,832.71
2024-01-13 10:00:00+00:00,short,buy,42927.4,,3708183.53,-0.05,832.66
2024-01-13 12:00:00+00:00,short,sell - direction_change,42927.4,42631.8,3731864.16,0.64,833.3
2024-01-13 12:00:00+00:00,long,buy,42631.8,,3729998.23,-0.05,833.25
2024-01-13 16:00:00+00:00,long,sell - direction_change,42631.8,43159.9,3774338.46,1.19,834.44
2024-01-13 16:00:00+00:00,short,buy,43159.9,,3772451.29,-0.05,834.39
2024-01-13 20:00:00+00:00,short,sell - direction_change,43159.9,42791.1,3802800.54,0.8,835.19
2024-01-13 20:00:00+00:00,long,buy,42791.1,,3800899.14,-0.05,835.14
2024-01-14 00:00:00+00:00,long,sell - direction_change,42791.1,42846.4,3803910.69,0.08,835.22
2024-01-14 00:00:00+00:00,short,buy,42846.4,,3802008.73,-0.05,835.17
2024-01-14 06:00:00+00:00,short,sell - direction_change,42846.4,42757.5,3807996.34,0.16,835.33
2024-01-14 06:00:00+00:00,long,buy,42757.5,,3806092.34,-0.05,835.28
2024-01-14 12:00:00+00:00,long,sell - direction_change,42757.5,42836.7,3811239.34,0.14,835.42
2024-01-14 12:00:00+00:00,short,buy,42836.7,,3809333.72,-0.05,835.37
2024-01-14 13:00:00+00:00,short,sell - direction_change,42836.7,42760.3,3814223.07,0.13,835.49
2024-01-14 13:00:00+00:00,long,buy,42760.3,,3812315.96,-0.05,835.44
2024-01-14 18:00:00+00:00,long,sell - direction_change,42760.3,42979.8,3829979.43,0.46,835.91
2024-01-14 18:00:00+00:00,short,buy,42979.8,,3828064.44,-0.05,835.86
2024-01-15 03:00:00+00:00,short,sell - direction_change,42979.8,42408.5,3877034.16,1.28,837.14
2024-01-15 03:00:00+00:00,long,buy,42408.5,,3875095.64,-0.05,837.09
2024-01-15 14:00:00+00:00,long,sell - direction_change,42408.5,42856.9,3914130.84,1.01,838.09
2024-01-15 14:00:00+00:00,short,buy,42856.9,,3912173.78,-0.05,838.04
2024-01-15 17:00:00+00:00,short,sell - direction_change,42856.9,42525.0,3940515.04,0.72,838.77
2024-01-15 17:00:00+00:00,long,buy,42525.0,,3938544.78,-0.05,838.72
2024-01-15 23:00:00+00:00,long,sell - direction_change,42525.0,42634.4,3946707.83,0.21,838.93
2024-01-15 23:00:00+00:00,short,buy,42634.4,,3944734.47,-0.05,838.88
2024-01-16 00:00:00+00:00,short,sell - direction_change,42634.4,42515.0,3953809.55,0.23,839.11
2024-01-16 00:00:00+00:00,long,buy,42515.0,,3951832.65,-0.05,839.06
2024-01-16 06:00:00+00:00,long,sell - direction_change,42515.0,42765.4,3973131.79,0.54,839.6
2024-01-16 06:00:00+00:00,short,buy,42765.4,,3971145.22,-0.05,839.55
2024-01-16 07:00:00+00:00,short,sell - direction_change,42765.4,42744.5,3971100.4,-0.0,839.54
2024-01-16 07:00:00+00:00,long,buy,42744.5,,3969114.85,-0.05,839.49
2024-01-16 13:00:00+00:00,long,sell - direction_change,42744.5,43160.1,4005721.55,0.92,840.42
2024-01-16 13:00:00+00:00,short,buy,43160.1,,4003718.69,-0.05,840.37
2024-01-16 15:00:00+00:00,short,sell - direction_change,43160.1,42700.1,4044388.43,1.02,841.38
2024-01-16 15:00:00+00:00,long,buy,42700.1,,4042366.24,-0.05,841.33
2024-01-17 03:00:00+00:00,long,sell - direction_change,42700.1,42995.2,4068281.81,0.64,841.97
2024-01-17 03:00:00+00:00,short,buy,42995.2,,4066247.67,-0.05,841.92
2024-01-17 19:00:00+00:00,short,sell - direction_change,42995.2,42616.1,4100067.72,0.83,842.76
2024-01-17 19:00:00+00:00,long,buy,42616.1,,4098017.69,-0.05,842.71
2024-01-18 10:00:00+00:00,long,sell - direction_change,42616.1,42746.4,4108498.49,0.26,842.96
2024-01-18 10:00:00+00:00,short,buy,42746.4,,4106444.24,-0.05,842.91
2024-01-18 14:00:00+00:00,short,sell - direction_change,42746.4,42511.1,4126995.18,0.5,843.41
2024-01-18 14:00:00+00:00,long,buy,42511.1,,4124931.68,-0.05,843.36
2024-01-18 15:00:00+00:00,long,sell - direction_change,42511.1,42742.6,4145332.09,0.49,843.86
2024-01-18 15:00:00+00:00,short,buy,42742.6,,4143259.42,-0.05,843.81
2024-01-18 17:53:00+00:00,short,sell - take_profit,42742.6,41460.322,4265485.58,2.95,846.76
2024-01-18 18:00:00+00:00,short,buy,41813.9,,4263352.83,-0.05,846.71
2024-01-19 05:00:00+00:00,short,sell - direction_change,41813.9,41099.5,4334061.51,1.66,848.36
2024-01-19 05:00:00+00:00,long,buy,41099.5,,4331894.48,-0.05,848.31
2024-01-19 14:00:00+00:00,long,sell - direction_change,41099.5,41397.3,4361116.71,0.67,848.99
2024-01-19 14:00:00+00:00,short,buy,41397.3,,4358936.15,-0.05,848.94
2024-01-19 18:00:00+00:00,short,sell - direction_change,41397.3,41239.2,4373403.85,0.33,849.27
2024-01-19 18:00:00+00:00,long,buy,41239.2,,4371217.15,-0.05,849.22
2024-01-20 08:00:00+00:00,long,sell - direction_change,41239.2,41652.4,4412829.35,0.95,850.17
2024-01-20 08:00:00+00:00,short,buy,41652.4,,4410622.94,-0.05,850.12
2024-01-20 10:00:00+00:00,short,sell - direction_change,41652.4,41518.9,4422554.1,0.27,850.39
2024-01-20 10:00:00+00:00,long,buy,41518.9,,4420342.83,-0.05,850.34
2024-01-20 14:00:00+00:00,long,sell - direction_change,41518.9,41633.6,4430344.28,0.23,850.57
2024-01-20 14:00:00+00:00,short,buy,41633.6,,4428129.11,-0.05,850.52
2024-01-20 15:00:00+00:00,short,sell - direction_change,41633.6,41542.8,4435572.49,0.17,850.69
2024-01-20 15:00:00+00:00,long,buy,41542.8,,4433354.7,-0.05,850.64
2024-01-21 05:00:00+00:00,long,sell - direction_change,41542.8,41674.8,4445224.77,0.27,850.91
2024-01-21 05:00:00+00:00,short,buy,41674.8,,4443002.16,-0.05,850.86
2024-01-21 07:00:00+00:00,short,sell - direction_change,41674.8,41603.9,4448339.39,0.12,850.98
2024-01-21 07:00:00+00:00,long,buy,41603.9,,4446115.22,-0.05,850.93
2024-01-21 16:00:00+00:00,long,sell - direction_change,41603.9,41652.7,4449107.31,0.07,850.99
2024-01-21 16:00:00+00:00,short,buy,41652.7,,4446882.76,-0.05,850.94
2024-01-21 17:00:00+00:00,short,sell - direction_change,41652.7,41601.5,4450125.48,0.07,851.02
2024-01-21 17:00:00+00:00,long,buy,41601.5,,4447900.42,-0.05,850.97
2024-01-21 20:00:00+00:00,long,sell - direction_change,41601.5,41721.2,4458474.41,0.24,851.2
2024-01-21 20:00:00+00:00,short,buy,41721.2,,4456245.17,-0.05,851.15
2024-01-21 21:00:00+00:00,short,sell - direction_change,41721.2,41644.9,4462166.66,0.13,851.29
2024-01-21 21:00:00+00:00,long,buy,41644.9,,4459935.58,-0.05,851.24
2024-01-21 22:00:00+00:00,long,sell - direction_change,41644.9,41781.8,4472366.83,0.28,851.52
2024-01-21 22:00:00+00:00,short,buy,41781.8,,4470130.65,-0.05,851.47
2024-01-22 09:57:00+00:00,short,sell - take_profit,41781.8,40528.346000000005,4601999.5,2.95,854.42
2024-01-22 10:00:00+00:00,short,buy,40745.4,,4599698.5,-0.05,854.37
2024-01-22 13:09:00+00:00,short,sell - stop_loss,40745.4,41152.854,4551401.67,-1.05,853.32
2024-01-22 14:00:00+00:00,short,buy,40942.0,,4549125.97,-0.05,853.27
2024-01-22 19:31:00+00:00,short,sell - take_profit,40942.0,39713.74,4683325.19,2.95,856.22
2024-01-22 20:00:00+00:00,short,buy,39812.6,,4680983.52,-0.05,856.17
2024-01-22 20:27:00+00:00,short,sell - stop_loss,39812.6,40210.726,4631833.2,-1.05,855.12
2024-01-22 21:00:00+00:00,short,buy,40181.7,,4629517.28,-0.05,855.07
2024-01-23 05:00:00+00:00,short,sell - direction_change,40181.7,40055.1,4641788.68,0.27,855.33
2024-01-23 05:00:00+00:00,long,buy,40055.1,,4639467.79,-0.05,855.28
2024-01-23 06:00:00+00:00,long,sell - direction_change,40055.1,40064.8,4638271.58,-0.03,855.25
2024-01-23 06:00:00+00:00,short,buy,40064.8,,4635952.44,-0.05,855.2
2024-01-23 10:16:00+00:00,short,sell - take_profit,40064.8,38862.856,4772713.04,2.95,858.15
2024-01-23 11:00:00+00:00,short,buy,38917.0,,4770326.68,-0.05,858.1
2024-01-23 15:41:00+00:00,short,sell - stop_loss,38917.0,39306.17,4720238.25,-1.05,857.05
2024-01-23 16:00:00+00:00,short,buy,39197.5,,4717878.14,-0.05,857.0
2024-01-23 17:33:00+00:00,short,sell - stop_loss,39197.5,39589.475,4668340.42,-1.05,855.95
2024-01-23 18:00:00+00:00,short,buy,39404.0,,4666006.24,-0.05,855.9
2024-01-23 19:00:00+00:00,short,sell - direction_change,39404.0,39087.2,4701186.97,0.75,856.66
2024-01-23 19:00:00+00:00,long,buy,39087.2,,4698836.37,-0.05,856.61
2024-01-24 10:41:00+00:00,long,sell - take_profit,39087.2,40259.816,4837452.05,2.95,859.56
2024-01-24 11:00:00+00:00,long,buy,40346.5,,4835033.32,-0.05,859.51
2024-01-24 13:43:00+00:00,long,sell - stop_loss,40346.5,39943.034999999996,4784265.47,-1.05,858.46
2024-01-24 14:00:00+00:00,long,buy,39976.2,,4781873.34,-0.05,858.41
2024-01-24 18:00:00+00:00,long,sell - direction_change,39976.2,40131.0,4797999.27,0.34,858.75
2024-01-24 18:00:00+00:00,short,buy,40131.0,,4795600.27,-0.05,858.7
2024-01-24 23:00:00+00:00,short,sell - direction_change,40131.0,39872.6,4824080.92,0.59,859.29
2024-01-24 23:00:00+00:00,long,buy,39872.6,,4821668.88,-0.05,859.24
2024-01-25 12:00:00+00:00,long,sell - direction_change,39872.6,40165.5,4854677.52,0.68,859.92
2024-01-25 12:00:00+00:00,short,buy,40165.5,,4852250.19,-0.05,859.87
2024-01-25 14:00:00+00:00,short,sell - direction_change,40165.5,39907.1,4881040.44,0.59,860.47
2024-01-25 14:00:00+00:00,long,buy,39907.1,,4878599.92,-0.05,860.42
2024-01-25 15:00:00+00:00,long,sell - direction_change,39907.1,40000.0,4887517.54,0.18,860.6
2024-01-25 15:00:00+00:00,short,buy,40000.0,,4885073.79,-0.05,860.55
2024-01-25 19:00:00+00:00,short,sell - direction_change,40000.0,39832.5,4903087.49,0.37,860.92
2024-01-25 19:00:00+00:00,long,buy,39832.5,,4900635.95,-0.05,860.87
2024-01-25 20:00:00+00:00,long,sell - direction_change,39832.5,39982.9,4916689.51,0.33,861.2
2024-01-25 20:00:00+00:00,short,buy,39982.9,,4914231.16,-0.05,861.15
2024-01-25 22:00:00+00:00,short,sell - direction_change,39982.9,39917.8,4919775.38,0.11,861.26
2024-01-25 22:00:00+00:00,long,buy,39917.8,,4917315.49,-0.05,861.21
2024-01-26 00:00:00+00:00,long,sell - direction_change,39917.8,39953.3,4919229.94,0.04,861.25
2024-01-26 00:00:00+00:00,short,buy,39953.3,,4916770.32,-0.05,861.2
2024-01-26 01:00:00+00:00,short,sell - direction_change,39953.3,39889.9,4922114.13,0.11,861.31
2024-01-26 01:00:00+00:00,long,buy,39889.9,,4919653.07,-0.05,861.26
2024-01-26 11:30:00+00:00,long,sell - take_profit,39889.9,41086.597,5064782.84,2.95,864.21
2024-01-26 12:00:00+00:00,long,buy,41271.9,,5062250.45,-0.05,864.16
2024-01-27 03:00:00+00:00,long,sell - direction_change,41271.9,41822.2,5127216.98,1.28,865.44
2024-01-27 03:00:00+00:00,short,buy,41822.2,,5124653.37,-0.05,865.39
2024-01-27 04:00:00+00:00,short,sell - direction_change,41822.2,41805.1,5124186.38,-0.01,865.38
2024-01-27 04:00:00+00:00,long,buy,41805.1,,5121624.28,-0.05,865.33
2024-01-27 05:00:00+00:00,long,sell - direction_change,41805.1,41828.7,5121954.75,0.01,865.34
2024-01-27 05:00:00+00:00,short,buy,41828.7,,5119393.78,-0.05,865.29
2024-01-27 09:00:00+00:00,short,sell - direction_change,41828.7,41455.3,5162534.32,0.84,866.13
2024-01-27 09:00:00+00:00,long,buy,41455.3,,5159953.05,-0.05,866.08
2024-01-27 12:00:00+00:00,long,sell - direction_change,41455.3,41744.7,5193394.78,0.65,866.73
2024-01-27 12:00:00+00:00,short,buy,41744.7,,5190798.08,-0.05,866.68
2024-01-27 14:00:00+00:00,short,sell - direction_change,41744.7,41727.0,5190403.61,-0.01,866.67
2024-01-27 14:00:00+00:00,long,buy,41727.0,,5187808.41,-0.05,866.62
2024-01-28 14:00:00+00:00,long,sell - direction_change,41727.0,42385.7,5267108.94,1.53,868.15
2024-01-28 14:00:00+00:00,short,buy,42385.7,,5264475.39,-0.05,868.1
2024-01-29 01:00:00+00:00,short,sell - direction_change,42385.7,41952.1,5315698.03,0.97,869.07
2024-01-29 01:00:00+00:00,long,buy,41952.1,,5313040.18,-0.05,869.02
2024-01-29 12:00:00+00:00,long,sell - direction_change,41952.1,42233.2,5345983.68,0.62,869.64
2024-01-29 12:00:00+00:00,short,buy,42233.2,,5343310.69,-0.05,869.59
2024-01-29 15:00:00+00:00,short,sell - direction_change,42233.2,41933.6,5378544.18,0.66,870.25
2024-01-29 15:00:00+00:00,long,buy,41933.6,,5375854.91,-0.05,870.2
2024-01-29 16:45:00+00:00,long,sell - take_profit,41933.6,43191.608,5534442.63,2.95,873.15
2024-01-29 17:00:00+00:00,long,buy,43182.5,,5531675.41,-0.05,873.1
2024-01-30 13:00:00+00:00,long,sell - direction_change,43182.5,43383.3,5554632.04,0.42,873.52
2024-01-30 13:00:00+00:00,short,buy,43383.3,,5551854.72,-0.05,873.47
2024-01-30 14:00:00+00:00,short,sell - direction_change,43383.3,43271.7,5563360.49,0.21,873.67
2024-01-30 14:00:00+00:00,long,buy,43271.7,,5560578.81,-0.05,873.62
2024-01-30 18:00:00+00:00,long,sell - direction_change,43271.7,43378.5,5571522.73,0.2,873.82
2024-01-30 18:00:00+00:00,short,buy,43378.5,,5568736.97,-0.05,873.77
2024-01-30 19:00:00+00:00,short,sell - direction_change,43378.5,43355.0,5568969.42,0.0,873.78
2024-01-30 19:00:00+00:00,long,buy,43355.0,,5566184.94,-0.05,873.73
2024-01-30 22:00:00+00:00,long,sell - direction_change,43355.0,43528.5,5585676.85,0.35,874.08
2024-01-30 22:00:00+00:00,short,buy,43528.5,,5582884.02,-0.05,874.03
2024-01-31 15:00:00+00:00,short,sell - direction_change,43528.5,42864.1,5665307.28,1.48,875.5
2024-01-31 15:00:00+00:00,long,buy,42864.1,,5662474.62,-0.05,875.45
2024-01-31 20:00:00+00:00,long,sell - direction_change,42864.1,43316.3,5719380.34,1.0,876.46
2024-01-31 20:00:00+00:00,short,buy,43316.3,,5716520.65,-0.05,876.41
2024-01-31 22:00:00+00:00,short,sell - direction_change,43316.3,42472.8,5824980.42,1.9,878.3
2024-01-31 22:00:00+00:00,long,buy,42472.8,,5822067.93,-0.05,878.25
2024-01-31 23:00:00+00:00,long,sell - direction_change,42472.8,42634.7,5841349.76,0.33,878.59
2024-01-31 23:00:00+00:00,short,buy,42634.7,,5838429.08,-0.05,878.54
2024-02-01 13:00:00+00:00,short,sell - direction_change,42634.7,42133.9,5904089.81,1.12,879.66
2024-02-01 13:00:00+00:00,long,buy,42133.9,,5901137.77,-0.05,879.61
2024-02-02 00:24:00+00:00,long,sell - take_profit,42133.9,43397.917,6075221.33,2.95,882.56
2024-02-02 01:00:00+00:00,long,buy,43156.1,,6072183.72,-0.05,882.51
2024-02-02 09:00:00+00:00,long,sell - direction_change,43156.1,43003.7,6047704.52,-0.4,882.11
2024-02-02 09:00:00+00:00,short,buy,43003.7,,6044680.67,-0.05,882.06
2024-02-02 10:00:00+00:00,short,sell - direction_change,43003.7,42972.1,6046100.08,0.02,882.08
2024-02-02 10:00:00+00:00,long,buy,42972.1,,6043077.03,-0.05,882.03
2024-02-02 13:00:00+00:00,long,sell - direction_change,42972.1,43114.3,6060052.79,0.28,882.31
2024-02-02 13:00:00+00:00,short,buy,43114.3,,6057022.76,-0.05,882.26
2024-02-02 15:00:00+00:00,short,sell - direction_change,43114.3,42787.8,6099863.44,0.71,882.97
2024-02-02 15:00:00+00:00,long,buy,42787.8,,6096813.5,-0.05,882.92
2024-02-02 17:00:00+00:00,long,sell - direction_change,42787.8,43193.5,6151573.1,0.9,883.82
2024-02-02 17:00:00+00:00,short,buy,43193.5,,6148497.31,-0.05,883.77
2024-02-02 19:00:00+00:00,short,sell - direction_change,43193.5,42910.9,6185650.54,0.6,884.37
2024-02-02 19:00:00+00:00,long,buy,42910.9,,6182557.71,-0.05,884.32
2024-02-02 20:00:00+00:00,long,sell - direction_change,42910.9,43044.2,6198672.16,0.26,884.58
2024-02-02 20:00:00+00:00,short,buy,43044.2,,6195572.82,-0.05,884.53
2024-02-02 22:00:00+00:00,short,sell - direction_change,43044.2,42976.3,6202248.23,0.11,884.64
2024-02-02 22:00:00+00:00,long,buy,42976.3,,6199147.11,-0.05,884.59
2024-02-03 08:00:00+00:00,long,sell - direction_change,42976.3,43037.1,6204817.67,0.09,884.68
2024-02-03 08:00:00+00:00,short,buy,43037.1,,6201715.26,-0.05,884.63
2024-02-03 09:00:00+00:00,short,sell - direction_change,43037.1,43004.2,6203355.35,0.03,884.66
2024-02-03 09:00:00+00:00,long,buy,43004.2,,6200253.67,-0.05,884.61
2024-02-03 10:00:00+00:00,long,sell - direction_change,43004.2,43077.2,6207678.53,0.12,884.73
2024-02-03 10:00:00+00:00,short,buy,43077.2,,6204574.69,-0.05,884.68
2024-02-03 17:00:00+00:00,short,sell - direction_change,43077.2,43074.3,6201890.1,-0.04,884.63
2024-02-03 17:00:00+00:00,long,buy,43074.3,,6198789.16,-0.05,884.58
2024-02-03 18:00:00+00:00,long,sell - direction_change,43074.3,43215.9,6216067.31,0.28,884.86
2024-02-03 18:00:00+00:00,short,buy,43215.9,,6212959.27,-0.05,884.81
2024-02-04 11:00:00+00:00,short,sell - direction_change,43215.9,42927.2,6251357.92,0.62,885.43
2024-02-04 11:00:00+00:00,long,buy,42927.2,,6248232.24,-0.05,885.38
2024-02-04 12:00:00+00:00,long,sell - direction_change,42927.2,43041.6,6261759.52,0.22,885.6
2024-02-04 12:00:00+00:00,short,buy,43041.6,,6258628.64,-0.05,885.55
2024-02-04 13:00:00+00:00,short,sell - direction_change,43041.6,42974.3,6265285.34,0.11,885.65
2024-02-04 13:00:00+00:00,long,buy,42974.3,,6262152.7,-0.05,885.6
2024-02-04 14:00:00+00:00,long,sell - direction_change,42974.3,42977.2,6259444.2,-0.04,885.56
2024-02-04 14:00:00+00:00,short,buy,42977.2,,6256314.48,-0.05,885.51
2024-02-04 15:00:00+00:00,short,sell - direction_change,42977.2,42855.3,6270931.66,0.23,885.74
2024-02-04 15:00:00+00:00,long,buy,42855.3,,6267796.19,-0.05,885.69
2024-02-04 17:00:00+00:00,long,sell - direction_change,42855.3,42903.9,6271770.28,0.06,885.76
2024-02-04 17:00:00+00:00,short,buy,42903.9,,6268634.4,-0.05,885.71
2024-02-05 04:00:00+00:00,short,sell - direction_change,42903.9,42707.9,6294137.39,0.41,886.11
2024-02-05 04:00:00+00:00,long,buy,42707.9,,6290990.32,-0.05,886.06
2024-02-05 15:00:00+00:00,long,sell - direction_change,42707.9,43184.4,6358034.58,1.07,887.13
2024-02-05 15:00:00+00:00,short,buy,43184.4,,6354855.56,-0.05,887.08
2024-02-06 02:00:00+00:00,short,sell - direction_change,43184.4,42650.5,6430244.87,1.19,888.27
2024-02-06 02:00:00+00:00,long,buy,42650.5,,6427029.75,-0.05,888.22
2024-02-06 12:00:00+00:00,long,sell - direction_change,42650.5,42814.3,6448499.35,0.33,888.55
2024-02-06 12:00:00+00:00,short,buy,42814.3,,6445275.1,-0.05,888.5
2024-02-06 13:00:00+00:00,short,sell - direction_change,42814.3,42777.0,6447667.62,0.04,888.54
2024-02-06 13:00:00+00:00,long,buy,42777.0,,6444443.78,-0.05,888.49
2024-02-07 02:00:00+00:00,long,sell - direction_change,42777.0,43028.2,6479065.36,0.54,889.02
2024-02-07 02:00:00+00:00,short,buy,43028.2,,6475825.83,-0.05,888.97
2024-02-07 09:00:00+00:00,short,sell - direction_change,43028.2,42929.9,6487382.25,0.18,889.15
2024-02-07 09:00:00+00:00,long,buy,42929.9,,6484138.56,-0.05,889.1
2024-02-07 10:00:00+00:00,long,sell - direction_change,42929.9,43128.9,6510953.48,0.41,889.52
2024-02-07 10:00:00+00:00,short,buy,43128.9,,6507698.01,-0.05,889.47
2024-02-07 12:00:00+00:00,short,sell - direction_change,43128.9,42917.3,6536372.38,0.44,889.91
2024-02-07 12:00:00+00:00,long,buy,42917.3,,6533104.19,-0.05,889.86
2024-02-07 20:17:00+00:00,long,sell - take_profit,42917.3,44204.819,6725830.76,2.95,892.81
2024-02-07 21:00:00+00:00,long,buy,44113.4,,6722467.85,-0.05,892.76
2024-02-08 15:22:00+00:00,long,sell - take_profit,44113.4,45436.802,6920780.65,2.95,895.71
2024-02-08 16:00:00+00:00,long,buy,45406.4,,6917320.26,-0.05,895.66
2024-02-08 16:51:00+00:00,long,sell - stop_loss,45406.4,44952.336,6844688.4,-1.05,894.61
2024-02-08 17:00:00+00:00,long,buy,45045.0,,6841266.05,-0.05,894.56
2024-02-09 02:55:00+00:00,long,sell - take_profit,45045.0,46396.35,7043083.4,2.95,897.51
2024-02-09 03:00:00+00:00,long,buy,46272.8,,7039561.86,-0.05,897.46
2024-02-09 12:08:00+00:00,long,sell - take_profit,46272.8,47660.984000000004,7247228.93,2.95,900.41
2024-02-09 13:00:00+00:00,long,buy,47309.5,,7243605.32,-0.05,900.36
2024-02-09 14:20:00+00:00,long,sell - stop_loss,47309.5,46836.405,7167547.46,-1.05,899.31
2024-02-09 15:00:00+00:00,long,buy,47046.6,,7163963.69,-0.05,899.26
2024-02-09 23:00:00+00:00,long,sell - direction_change,47046.6,47255.3,7192161.25,0.39,899.65
2024-02-09 23:00:00+00:00,short,buy,47255.3,,7188565.16,-0.05,899.6
2024-02-10 00:00:00+00:00,short,sell - direction_change,47255.3,47116.1,7206146.25,0.24,899.84
2024-02-10 00:00:00+00:00,long,buy,47116.1,,7202543.18,-0.05,899.79
2024-02-10 05:00:00+00:00,long,sell - direction_change,47116.1,47390.6,7240904.16,0.53,900.33
2024-02-10 05:00:00+00:00,short,buy,47390.6,,7237283.71,-0.05,900.28
2024-02-10 06:00:00+00:00,short,sell - direction_change,47390.6,47313.7,7245408.9,0.11,900.39
2024-02-10 06:00:00+00:00,long,buy,47313.7,,7241786.2,-0.05,900.34
2024-02-10 07:00:00+00:00,long,sell - direction_change,47313.7,47337.1,7241746.88,-0.0,900.34
2024-02-10 07:00:00+00:00,short,buy,47337.1,,7238126.01,-0.05,900.29
2024-02-10 15:00:00+00:00,short,sell - direction_change,47337.1,47252.8,7247396.92,0.13,900.42
2024-02-10 15:00:00+00:00,long,buy,47252.8,,7243773.22,-0.05,900.37
2024-02-10 16:00:00+00:00,long,sell - direction_change,47252.8,47331.9,7252277.23,0.12,900.48
2024-02-10 16:00:00+00:00,short,buy,47331.9,,7248651.09,-0.05,900.43
2024-02-10 18:00:00+00:00,short,sell - direction_change,47331.9,47180.8,7268167.0,0.27,900.7
2024-02-10 18:00:00+00:00,long,buy,47180.8,,7264532.92,-0.05,900.65
2024-02-11 04:00:00+00:00,long,sell - take_profit,47180.8,48596.224,7478836.64,2.95,903.6
2024-02-11 05:00:00+00:00,long,buy,48288.8,,7475097.22,-0.05,903.55
2024-02-11 13:00:00+00:00,long,sell - direction_change,48288.8,48277.6,7469625.91,-0.07,903.48
2024-02-11 13:00:00+00:00,short,buy,48277.6,,7465891.1,-0.05,903.43
2024-02-11 14:00:00+00:00,short,sell - direction_change,48277.6,48053.2,7496860.5,0.41,903.85
2024-02-11 14:00:00+00:00,long,buy,48053.2,,7493112.07,-0.05,903.8
2024-02-11 15:00:00+00:00,long,sell - direction_change,48053.2,48226.9,7516451.19,0.31,904.11
2024-02-11 15:00:00+00:00,short,buy,48226.9,,7512692.97,-0.05,904.06
2024-02-11 17:00:00+00:00,short,sell - direction_change,48226.9,48099.6,7528767.17,0.21,904.27
2024-02-11 17:00:00+00:00,long,buy,48099.6,,7525002.78,-0.05,904.22
2024-02-11 20:00:00+00:00,long,sell - direction_change,48099.6,48282.3,7549823.01,0.33,904.55
2024-02-11 20:00:00+00:00,short,buy,48282.3,,7546048.1,-0.05,904.5
2024-02-11 23:00:00+00:00,short,sell - direction_change,48282.3,48139.9,7564530.8,0.24,904.75
2024-02-11 23:00:00+00:00,long,buy,48139.9,,7560748.53,-0.05,904.7
2024-02-12 03:00:00+00:00,long,sell - direction_change,48139.9,48145.5,7557847.68,-0.04,904.66
2024-02-12 03:00:00+00:00,short,buy,48145.5,,7554068.76,-0.05,904.61
2024-02-12 06:00:00+00:00,short,sell - direction_change,48145.5,48063.7,7563126.21,0.12,904.73
2024-02-12 06:00:00+00:00,long,buy,48063.7,,7559344.65,-0.05,904.68
2024-02-12 08:00:00+00:00,long,sell - direction_change,48063.7,48213.0,7579046.52,0.26,904.94
2024-02-12 08:00:00+00:00,short,buy,48213.0,,7575257.0,-0.05,904.89
2024-02-12 14:00:00+00:00,short,sell - direction_change,48213.0,47948.9,7612964.93,0.5,905.39
2024-02-12 14:00:00+00:00,long,buy,47948.9,,7609158.45,-0.05,905.34
2024-02-12 15:33:00+00:00,long,sell - take_profit,47948.9,49387.367000000006,7833628.62,2.95,908.29
2024-02-12 16:00:00+00:00,long,buy,49925.5,,7829711.81,-0.05,908.24
2024-02-12 16:16:00+00:00,long,sell - stop_loss,49925.5,49426.245,7747499.84,-1.05,907.19
2024-02-12 17:00:00+00:00,long,buy,49594.4,,7743626.09,-0.05,907.14
2024-02-13 10:00:00+00:00,long,sell - direction_change,49594.4,50237.6,7840182.96,1.25,908.38
2024-02-13 10:00:00+00:00,short,buy,50237.6,,7836262.86,-0.05,908.33
2024-02-13 14:22:00+00:00,short,sell - take_profit,50237.6,48730.471999999994,8067432.62,2.95,911.28
2024-02-13 15:00:00+00:00,short,buy,48711.2,,8063398.9,-0.05,911.23
2024-02-13 18:27:00+00:00,short,sell - stop_loss,48711.2,49198.312,7978733.21,-1.05,910.18
2024-02-13 19:00:00+00:00,short,buy,49117.1,,7974743.85,-0.05,910.13
2024-02-13 20:00:00+00:00,short,sell - direction_change,49117.1,49045.0,7982462.77,0.1,910.23
2024-02-13 20:00:00+00:00,long,buy,49045.0,,7978471.53,-0.05,910.18
2024-02-13 22:00:00+00:00,long,sell - direction_change,49045.0,49531.9,8053689.51,0.94,911.12
2024-02-13 22:00:00+00:00,short,buy,49531.9,,8049662.67,-0.05,911.07
2024-02-13 23:00:00+00:00,short,sell - direction_change,49531.9,49518.5,8047815.53,-0.02,911.05
2024-02-13 23:00:00+00:00,long,buy,49518.5,,8043791.63,-0.05,911.0
2024-02-14 09:09:00+00:00,long,sell - take_profit,49518.5,51004.055,8281083.48,2.95,913.95
2024-02-14 10:00:00+00:00,long,buy,51568.3,,8276942.94,-0.05,913.9
2024-02-14 11:06:00+00:00,long,sell - stop_loss,51568.3,51052.617000000006,8190035.04,-1.05,912.85
2024-02-14 12:00:00+00:00,long,buy,51601.1,,8185940.02,-0.05,912.8
2024-02-15 15:00:00+00:00,long,sell - direction_change,51601.1,52644.4,8347354.98,1.97,914.77
2024-02-15 15:00:00+00:00,short,buy,52644.4,,8343181.3,-0.05,914.72
2024-02-15 16:00:00+00:00,short,sell - direction_change,52644.4,51968.6,8446111.74,1.23,915.95
2024-02-15 16:00:00+00:00,long,buy,51968.6,,8441888.68,-0.05,915.9
2024-02-15 19:00:00+00:00,long,sell - direction_change,51968.6,52003.8,8443385.7,0.02,915.92
2024-02-15 19:00:00+00:00,short,buy,52003.8,,8439164.0,-0.05,915.87
2024-02-16 01:00:00+00:00,short,sell - direction_change,52003.8,51936.0,8445946.99,0.08,915.95
2024-02-16 01:00:00+00:00,long,buy,51936.0,,8441724.02,-0.05,915.9
2024-02-16 07:00:00+00:00,long,sell - direction_change,51936.0,51929.9,8436511.66,-0.06,915.84
2024-02-16 07:00:00+00:00,short,buy,51929.9,,8432293.4,-0.05,915.79
2024-02-16 08:00:00+00:00,short,sell - direction_change,51929.9,51786.4,8451378.55,0.23,916.02
2024-02-16 08:00:00+00:00,long,buy,51786.4,,8447152.86,-0.05,915.97
2024-02-16 09:00:00+00:00,long,sell - direction_change,51786.4,51883.9,8458833.03,0.14,916.11
2024-02-16 09:00:00+00:00,short,buy,51883.9,,8454603.61,-0.05,916.06
2024-02-16 10:00:00+00:00,short,sell - direction_change,51883.9,51871.9,8452331.73,-0.03,916.03
2024-02-16 10:00:00+00:00,long,buy,51871.9,,8448105.57,-0.05,915.98
2024-02-16 14:00:00+00:00,long,sell - direction_change,51871.9,52494.7,8545313.7,1.15,917.13
2024-02-16 14:00:00+00:00,short,buy,52494.7,,8541041.04,-0.05,917.08
2024-02-16 16:00:00+00:00,short,sell - direction_change,52494.7,51909.2,8632033.08,1.07,918.14
2024-02-16 16:00:00+00:00,long,buy,51909.2,,8627717.07,-0.05,918.09
2024-02-16 19:00:00+00:00,long,sell - direction_change,51909.2,52002.2,8638860.54,0.13,918.22
2024-02-16 19:00:00+00:00,short,buy,52002.2,,8634541.11,-0.05,918.17
2024-02-16 22:00:00+00:00,short,sell - direction_change,52002.2,52002.6,8630157.42,-0.05,918.12
2024-02-16 22:00:00+00:00,long,buy,52002.6,,8625842.34,-0.05,918.07
2024-02-17 00:00:00+00:00,long,sell - direction_change,52002.6,52148.7,8645763.51,0.23,918.3
2024-02-17 00:00:00+00:00,short,buy,52148.7,,8641440.63,-0.05,918.25
2024-02-17 04:00:00+00:00,short,sell - direction_change,52148.7,51993.6,8662821.17,0.25,918.5
2024-02-17 04:00:00+00:00,long,buy,51993.6,,8658489.76,-0.05,918.45
2024-02-17 05:00:00+00:00,long,sell - direction_change,51993.6,52037.6,8661487.83,0.03,918.49
2024-02-17 05:00:00+00:00,short,buy,52037.6,,8657157.09,-0.05,918.44
2024-02-17 06:00:00+00:00,short,sell - direction_change,52037.6,51948.4,8667668.13,0.12,918.56
2024-02-17 06:00:00+00:00,long,buy,51948.4,,8663334.3,-0.05,918.51
2024-02-17 07:00:00+00:00,long,sell - direction_change,51948.4,51950.0,8659269.46,-0.05,918.46
2024-02-17 07:00:00+00:00,short,buy,51950.0,,8654939.83,-0.05,918.41
2024-02-17 20:00:00+00:00,short,sell - direction_change,51950.0,51428.2,8737544.94,0.95,919.37
2024-02-17 20:00:00+00:00,long,buy,51428.2,,8733176.17,-0.05,919.32
2024-02-18 02:00:00+00:00,long,sell - direction_change,51428.2,51561.7,8751479.61,0.21,919.52
2024-02-18 02:00:00+00:00,short,buy,51561.7,,8747103.87,-0.05,919.47
2024-02-18 03:00:00+00:00,short,sell - direction_change,51561.7,51306.7,8785989.39,0.44,919.92
2024-02-18 03:00:00+00:00,long,buy,51306.7,,8781596.4,-0.05,919.87
2024-02-19 14:00:00+00:00,long,sell - direction_change,51306.7,52176.1,8926011.12,1.64,921.51
2024-02-19 14:00:00+00:00,short,buy,52176.1,,8921548.11,-0.05,921.46
2024-02-19 15:00:00+00:00,short,sell - direction_change,52176.1,52126.5,8925568.4,0.05,921.51
2024-02-19 15:00:00+00:00,long,buy,52126.5,,8921105.62,-0.05,921.46
2024-02-19 16:00:00+00:00,long,sell - direction_change,52126.5,52157.5,8921950.51,0.01,921.47
2024-02-19 16:00:00+00:00,short,buy,52157.5,,8917489.53,-0.05,921.42
2024-02-19 17:00:00+00:00,short,sell - direction_change,52157.5,51809.1,8972597.55,0.62,922.04
2024-02-19 17:00:00+00:00,long,buy,51809.1,,8968111.25,-0.05,921.99
2024-02-19 18:00:00+00:00,long,sell - direction_change,51809.1,52188.4,9029283.7,0.68,922.67
2024-02-19 18:00:00+00:00,short,buy,52188.4,,9024769.06,-0.05,922.62
2024-02-20 05:00:00+00:00,short,sell - direction_change,52188.4,51816.2,9084620.0,0.66,923.28
2024-02-20 05:00:00+00:00,long,buy,51816.2,,9080077.69,-0.05,923.23
2024-02-20 07:00:00+00:00,long,sell - direction_change,51816.2,51983.9,9104924.78,0.27,923.51
2024-02-20 07:00:00+00:00,short,buy,51983.9,,9100372.31,-0.05,923.46
2024-02-20 10:00:00+00:00,short,sell - direction_change,51983.9,51792.7,9129293.86,0.32,923.77
2024-02-20 10:00:00+00:00,long,buy,51792.7,,9124729.21,-0.05,923.72
2024-02-20 15:00:00+00:00,long,sell - direction_change,51792.7,52079.3,9170659.44,0.5,924.23
2024-02-20 15:00:00+00:00,short,buy,52079.3,,9166074.11,-0.05,924.18
2024-02-20 19:00:00+00:00,short,sell - direction_change,52079.3,51535.0,9257289.1,1.0,925.17
2024-02-20 19:00:00+00:00,long,buy,51535.0,,9252660.45,-0.05,925.12
2024-02-21 05:00:00+00:00,long,sell - direction_change,51535.0,51985.9,9328989.29,0.82,925.95
2024-02-21 05:00:00+00:00,short,buy,51985.9,,9324324.79,-0.05,925.9
2024-02-21 21:00:00+00:00,short,sell - direction_change,51985.9,50978.4,9500370.42,1.89,927.78
2024-02-21 21:00:00+00:00,long,buy,50978.4,,9495620.24,-0.05,927.73
2024-02-22 13:00:00+00:00,long,sell - direction_change,50978.4,51558.8,9598982.1,1.09,928.82
2024-02-22 13:00:00+00:00,short,buy,51558.8,,9594182.61,-0.05,928.77
2024-02-22 15:00:00+00:00,short,sell - direction_change,51558.8,51405.1,9617986.37,0.25,929.02
2024-02-22 15:00:00+00:00,long,buy,51405.1,,9613177.38,-0.05,928.97
2024-02-22 16:00:00+00:00,long,sell - direction_change,51405.1,51630.0,9650428.95,0.39,929.36
2024-02-22 16:00:00+00:00,short,buy,51630.0,,9645603.73,-0.05,929.31
2024-02-22 17:00:00+00:00,short,sell - direction_change,51630.0,51511.5,9662919.3,0.18,929.49
2024-02-22 17:00:00+00:00,long,buy,51511.5,,9658087.84,-0.05,929.44
2024-02-22 19:00:00+00:00,long,sell - direction_change,51511.5,51747.3,9697469.84,0.41,929.85
2024-02-22 19:00:00+00:00,short,buy,51747.3,,9692621.1,-0.05,929.8
2024-02-22 20:00:00+00:00,short,sell - direction_change,51747.3,51546.9,9725311.07,0.34,930.13
2024-02-22 20:00:00+00:00,long,buy,51546.9,,9720448.42,-0.05,930.08
2024-02-22 22:00:00+00:00,long,sell - direction_change,51546.9,51685.1,9741649.24,0.22,930.3
2024-02-22 22:00:00+00:00,short,buy,51685.1,,9736778.41,-0.05,930.25
2024-02-23 00:00:00+00:00,short,sell - direction_change,51685.1,51316.9,9801273.96,0.66,930.91
2024-02-23 00:00:00+00:00,long,buy,51316.9,,9796373.32,-0.05,930.86
2024-02-23 01:00:00+00:00,long,sell - direction_change,51316.9,51482.4,9823069.01,0.27,931.14
2024-02-23 01:00:00+00:00,short,buy,51482.4,,9818157.47,-0.05,931.09
2024-02-23 17:00:00+00:00,short,sell - direction_change,51482.4,51086.0,9888845.45,0.72,931.81
2024-02-23 17:00:00+00:00,long,buy,51086.0,,9883901.02,-0.05,931.76
2024-02-23 20:00:00+00:00,long,sell - direction_change,51086.0,51130.9,9887646.13,0.04,931.79
2024-02-23 20:00:00+00:00,short,buy,51130.9,,9882702.31,-0.05,931.74
2024-02-24 04:00:00+00:00,short,sell - direction_change,51130.9,50878.2,9926603.42,0.44,932.19
2024-02-24 04:00:00+00:00,long,buy,50878.2,,9921640.12,-0.05,932.14
2024-02-24 06:00:00+00:00,long,sell - direction_change,50878.2,51067.8,9953652.75,0.32,932.46
2024-02-24 06:00:00+00:00,short,buy,51067.8,,9948675.93,-0.05,932.41
2024-02-24 07:00:00+00:00,short,sell - direction_change,51067.8,50996.7,9957552.8,0.09,932.5
2024-02-24 07:00:00+00:00,long,buy,50996.7,,9952574.02,-0.05,932.45
2024-02-25 13:00:00+00:00,long,sell - direction_change,50996.7,51688.9,10082688.28,1.31,933.76
2024-02-25 13:00:00+00:00,short,buy,51688.9,,10077646.93,-0.05,933.71
2024-02-25 14:00:00+00:00,short,sell - direction_change,51688.9,51646.4,10080894.22,0.03,933.74
2024-02-25 14:00:00+00:00,long,buy,51646.4,,10075853.77,-0.05,933.69
2024-02-25 15:00:00+00:00,long,sell - direction_change,51646.4,51780.3,10096938.81,0.21,933.9
2024-02-25 15:00:00+00:00,short,buy,51780.3,,10091890.34,-0.05,933.85
2024-02-25 17:00:00+00:00,short,sell - direction_change,51780.3,51400.5,10160866.75,0.68,934.53
2024-02-25 17:00:00+00:00,long,buy,51400.5,,10155786.32,-0.05,934.48
2024-02-25 18:00:00+00:00,long,sell - direction_change,51400.5,51599.1,10189948.1,0.34,934.82
2024-02-25 18:00:00+00:00,short,buy,51599.1,,10184853.13,-0.05,934.77
2024-02-25 19:00:00+00:00,short,sell - direction_change,51599.1,51620.0,10175635.37,-0.09,934.68
2024-02-25 19:00:00+00:00,long,buy,51620.0,,10170547.55,-0.05,934.63
2024-02-26 01:00:00+00:00,long,sell - direction_change,51620.0,51722.0,10185559.06,0.15,934.78
2024-02-26 01:00:00+00:00,short,buy,51722.0,,10180466.28,-0.05,934.73
2024-02-26 14:00:00+00:00,short,sell - direction_change,51722.0,51264.1,10265504.73,0.84,935.56
2024-02-26 14:00:00+00:00,long,buy,51264.1,,10260371.98,-0.05,935.51
2024-02-26 15:53:00+00:00,long,sell - take_profit,51264.1,52802.023,10563052.95,2.95,938.46
2024-02-26 16:00:00+00:00,long,buy,52872.2,,10557771.42,-0.05,938.41
2024-02-26 19:16:00+00:00,long,sell - take_profit,52872.2,54458.366,10869225.68,2.95,941.36
2024-02-26 20:00:00+00:00,long,buy,54531.2,,10863791.07,-0.05,941.31
2024-02-27 02:06:00+00:00,long,sell - take_profit,54531.2,56167.136,11184272.9,2.95,944.26
2024-02-27 03:00:00+00:00,long,buy,56428.8,,11178680.77,-0.05,944.21
2024-02-27 03:53:00+00:00,long,sell - stop_loss,56428.8,55864.512,11061304.62,-1.05,943.16
2024-02-27 04:00:00+00:00,long,buy,55773.1,,11055773.97,-0.05,943.11
2024-02-27 12:44:00+00:00,long,sell - take_profit,55773.1,57446.293,11381919.3,2.95,946.06
2024-02-27 13:00:00+00:00,long,buy,56842.2,,11376228.34,-0.05,946.01
2024-02-27 16:10:00+00:00,long,sell - stop_loss,56842.2,56273.778,11256777.94,-1.05,944.96
2024-02-27 17:00:00+00:00,long,buy,57084.1,,11251149.55,-0.05,944.91
2024-02-28 08:04:00+00:00,long,sell - take_profit,57084.1,58796.623,11583058.46,2.95,947.86
2024-02-28 09:00:00+00:00,long,buy,59503.7,,11577266.93,-0.05,947.81
2024-02-28 09:20:00+00:00,long,sell - stop_loss,59503.7,58908.66299999999,11455705.63,-1.05,946.76
2024-02-28 10:00:00+00:00,long,buy,59357.1,,11449977.78,-0.05,946.71
2024-02-28 11:52:00+00:00,long,sell - stop_loss,59357.1,58763.528999999995,11329753.01,-1.05,945.66
2024-02-28 12:00:00+00:00,long,buy,58997.4,,11324088.14,-0.05,945.61
2024-02-28 13:25:00+00:00,long,sell - take_profit,58997.4,60767.322,11658148.74,2.95,948.56
2024-02-28 14:00:00+00:00,long,buy,60541.9,,11652319.66,-0.05,948.51
2024-02-28 14:27:00+00:00,long,sell - stop_loss,60541.9,59936.481,11529970.3,-1.05,947.46
2024-02-28 15:00:00+00:00,long,buy,61025.9,,11524205.32,-0.05,947.41
2024-02-28 17:04:00+00:00,long,sell - take_profit,61025.9,62856.677,11864169.38,2.95,950.36
2024-02-28 18:00:00+00:00,long,buy,61467.8,,11858237.29,-0.05,950.31
2024-02-28 18:05:00+00:00,long,sell - stop_loss,61467.8,60853.122,11733725.8,-1.05,949.26
2024-02-28 19:00:00+00:00,long,buy,61175.6,,11727858.94,-0.05,949.21
2024-02-28 20:07:00+00:00,long,sell - stop_loss,61175.6,60563.844,11604716.42,-1.05,948.16
2024-02-28 21:00:00+00:00,long,buy,60469.4,,11598914.06,-0.05,948.11
2024-02-28 21:09:00+00:00,long,sell - stop_loss,60469.4,59864.706,11477125.46,-1.05,947.06
2024-02-28 22:00:00+00:00,long,buy,60611.7,,11471386.9,-0.05,947.01
2024-02-28 23:18:00+00:00,long,sell - take_profit,60611.7,62430.051,11809792.81,2.95,949.96
2024-02-29 00:00:00+00:00,long,buy,62487.9,,11803887.92,-0.05,949.91
2024-02-29 00:14:00+00:00,long,sell - stop_loss,62487.9,61863.021,11679947.09,-1.05,948.86
2024-02-29 01:00:00+00:00,long,buy,61455.8,,11674107.12,-0.05,948.81
2024-02-29 06:13:00+00:00,long,sell - take_profit,61455.8,63299.474,12018493.28,2.95,951.76
2024-02-29 07:00:00+00:00,long,buy,63053.4,,12012484.03,-0.05,951.71
2024-02-29 08:25:00+00:00,long,sell - stop_loss,63053.4,62422.866,11886352.95,-1.05,950.66
2024-02-29 09:00:00+00:00,long,buy,62879.1,,11880409.77,-0.05,950.61
2024-02-29 10:16:00+00:00,long,sell - stop_loss,62879.1,62250.309,11755665.47,-1.05,949.56
2024-02-29 11:00:00+00:00,long,buy,62792.7,,11749787.64,-0.05,949.51
2024-02-29 13:29:00+00:00,long,sell - stop_loss,62792.7,62164.772999999994,11626414.87,-1.05,948.46
2024-02-29 14:00:00+00:00,long,buy,63004.1,,11620601.66,-0.05,948.41
2024-02-29 16:00:00+00:00,long,sell - direction_change,63004.1,62809.1,11578825.17,-0.36,948.05
2024-02-29 16:00:00+00:00,short,buy,62809.1,,11573035.76,-0.05,948.0
2024-02-29 17:41:00+00:00,short,sell - take_profit,62809.1,60924.827,11914440.31,2.95,950.95
2024-02-29 18:00:00+00:00,short,buy,61082.9,,11908483.09,-0.05,950.9
2024-02-29 19:53:00+00:00,short,sell - stop_loss,61082.9,61693.729,11783444.02,-1.05,949.85
2024-02-29 20:00:00+00:00,long,buy,61681.7,,11777552.3,-0.05,949.8
2024-02-29 21:00:00+00:00,long,sell - direction_change,61681.7,61974.6,11827590.08,0.42,950.23
2024-02-29 21:00:00+00:00,short,buy,61974.6,,11821676.29,-0.05,950.18
2024-03-01 03:00:00+00:00,short,sell - direction_change,61974.6,61063.9,11989481.79,1.42,951.6
2024-03-01 03:00:00+00:00,long,buy,61063.9,,11983487.04,-0.05,951.55
2024-03-01 05:00:00+00:00,long,sell - direction_change,61063.9,61615.2,12085685.19,0.85,952.4
2024-03-01 05:00:00+00:00,short,buy,61615.2,,12079642.35,-0.05,952.35
2024-03-01 06:00:00+00:00,short,sell - direction_change,61615.2,61385.9,12118556.72,0.32,952.67
2024-03-01 06:00:00+00:00,long,buy,61385.9,,12112497.45,-0.05,952.62
2024-03-01 15:00:00+00:00,long,sell - direction_change,61385.9,62009.7,12229527.7,0.97,953.59
2024-03-01 15:00:00+00:00,short,buy,62009.7,,12223412.94,-0.05,953.54
2024-03-01 17:00:00+00:00,short,sell - direction_change,62009.7,61490.0,12319745.01,0.79,954.33
2024-03-01 17:00:00+00:00,long,buy,61490.0,,12313585.13,-0.05,954.28
2024-03-02 04:00:00+00:00,long,sell - direction_change,61490.0,62374.4,12484532.5,1.39,955.66
2024-03-02 04:00:00+00:00,short,buy,62374.4,,12478290.23,-0.05,955.61
2024-03-02 18:00:00+00:00,short,sell - direction_change,62374.4,61836.6,12579640.49,0.81,956.43
2024-03-02 18:00:00+00:00,long,buy,61836.6,,12573350.67,-0.05,956.38
2024-03-02 20:00:00+00:00,long,sell - direction_change,61836.6,62185.3,12637965.81,0.51,956.89
2024-03-02 20:00:00+00:00,short,buy,62185.3,,12631646.83,-0.05,956.84
2024-03-02 21:00:00+00:00,short,sell - direction_change,62185.3,61929.5,12677291.44,0.36,957.2
2024-03-02 21:00:00+00:00,long,buy,61929.5,,12670952.8,-0.05,957.15
2024-03-02 22:00:00+00:00,long,sell - direction_change,61929.5,61967.4,12672371.77,0.01,957.16
2024-03-02 22:00:00+00:00,short,buy,61967.4,,12666035.58,-0.05,957.11
2024-03-02 23:00:00+00:00,short,sell - direction_change,61967.4,61724.2,12709412.25,0.34,957.45
2024-03-02 23:00:00+00:00,long,buy,61724.2,,12703057.54,-0.05,957.4
2024-03-03 00:00:00+00:00,long,sell - direction_change,61724.2,62039.9,12761678.18,0.46,957.87
2024-03-03 00:00:00+00:00,short,buy,62039.9,,12755297.35,-0.05,957.82
2024-03-03 03:00:00+00:00,short,sell - direction_change,62039.9,61867.8,12784303.16,0.23,958.04
2024-03-03 03:00:00+00:00,long,buy,61867.8,,12777911.01,-0.05,957.99
2024-03-03 05:00:00+00:00,long,sell - direction_change,61867.8,62085.0,12816381.62,0.3,958.29
2024-03-03 05:00:00+00:00,short,buy,62085.0,,12809973.42,-0.05,958.24
2024-03-03 11:00:00+00:00,short,sell - direction_change,62085.0,61724.0,12878053.42,0.53,958.78
2024-03-03 11:00:00+00:00,long,buy,61724.0,,12871614.4,-0.05,958.73
2024-03-04 00:27:00+00:00,long,sell - take_profit,61724.0,63575.72,13251327.02,2.95,961.68
2024-03-04 01:00:00+00:00,long,buy,63544.5,,13244701.36,-0.05,961.63
2024-03-04 08:42:00+00:00,long,sell - take_profit,63544.5,65450.835,13635420.05,2.95,964.58
2024-03-04 09:00:00+00:00,long,buy,65331.3,,13628602.34,-0.05,964.53
2024-03-04 14:03:00+00:00,long,sell - stop_loss,65331.3,64677.987,13485502.01,-1.05,963.48
2024-03-04 15:00:00+00:00,long,buy,66223.7,,13478759.26,-0.05,963.43
2024-03-04 23:03:00+00:00,long,sell - take_profit,66223.7,68210.411,13876382.66,2.95,966.38
2024-03-05 00:00:00+00:00,long,buy,68296.5,,13869444.47,-0.05,966.33
2024-03-05 04:48:00+00:00,long,sell - stop_loss,68296.5,67613.535,13723815.3,-1.05,965.28
2024-03-05 05:00:00+00:00,short,buy,67447.0,,13716953.4,-0.05,965.23
2024-03-05 05:03:00+00:00,short,sell - take_profit,67447.0,65423.59,14121603.52,2.95,968.18
2024-03-05 06:00:00+00:00,long,buy,67062.4,,14114542.72,-0.05,968.13
2024-03-05 07:00:00+00:00,long,sell - direction_change,67062.4,67368.5,14171909.95,0.41,968.53
2024-03-05 07:00:00+00:00,short,buy,67368.5,,14164823.99,-0.05,968.48
2024-03-05 12:00:00+00:00,short,sell - direction_change,67368.5,66749.1,14287975.92,0.87,969.35
2024-03-05 12:00:00+00:00,long,buy,66749.1,,14280831.93,-0.05,969.3
2024-03-05 14:51:00+00:00,long,sell - take_profit,66749.1,68751.573,14702116.47,2.95,972.25
2024-03-05 15:00:00+00:00,short,buy,68809.6,,14694765.41,-0.05,972.2
2024-03-05 15:31:00+00:00,short,sell - take_profit,68809.6,66745.312,15128260.99,2.95,975.15
2024-03-05 16:00:00+00:00,short,buy,66839.8,,15120696.86,-0.05,975.1
2024-03-05 16:12:00+00:00,short,sell - take_profit,66839.8,64834.606,15566757.42,2.95,978.05
2024-03-05 17:00:00+00:00,short,buy,65621.9,,15558974.04,-0.05,978.0
2024-03-05 17:10:00+00:00,short,sell - take_profit,65621.9,63653.242999999995,16017963.78,2.95,980.95
2024-03-05 18:00:00+00:00,short,buy,65660.7,,16009954.79,-0.05,980.9
2024-03-05 19:09:00+00:00,short,sell - take_profit,65660.7,63690.87899999999,16482248.46,2.95,983.85
2024-03-05 20:00:00+00:00,short,buy,61497.3,,16474007.34,-0.05,983.8
2024-03-05 20:01:00+00:00,short,sell - stop_loss,61497.3,62112.273,16301030.26,-1.05,982.75
2024-03-05 21:00:00+00:00,short,buy,61956.7,,16292879.74,-0.05,982.7
2024-03-05 21:06:00+00:00,short,sell - stop_loss,61956.7,62576.267,16121804.51,-1.05,981.65
2024-03-05 22:00:00+00:00,short,buy,63301.2,,16113743.6,-0.05,981.6
2024-03-05 23:39:00+00:00,short,sell - stop_loss,63301.2,63934.212,15944549.3,-1.05,980.55
2024-03-06 00:00:00+00:00,short,buy,63747.5,,15936577.02,-0.05,980.5
2024-03-06 04:00:00+00:00,short,sell - direction_change,63747.5,63323.6,16034581.75,0.61,981.12
2024-03-06 04:00:00+00:00,long,buy,63323.6,,16026564.46,-0.05,981.07
2024-03-06 05:11:00+00:00,long,sell - take_profit,63323.6,65223.308,16499348.11,2.95,984.02
2024-03-06 06:00:00+00:00,long,buy,66476.4,,16491098.44,-0.05,983.97
2024-03-06 06:54:00+00:00,long,sell - stop_loss,66476.4,65811.636,16317941.9,-1.05,982.92
2024-03-06 07:00:00+00:00,long,buy,65797.6,,16309782.93,-0.05,982.87
2024-03-06 12:46:00+00:00,long,sell - stop_loss,65797.6,65139.624,16138530.21,-1.05,981.82
2024-03-06 13:00:00+00:00,long,buy,66000.0,,16130460.95,-0.05,981.77
2024-03-06 15:07:00+00:00,long,sell - stop_loss,66000.0,65340.0,15961091.11,-1.05,980.72
2024-03-06 16:00:00+00:00,long,buy,66541.3,,15953110.56,-0.05,980.67
2024-03-06 21:00:00+00:00,long,sell - direction_change,66541.3,66934.1,16039306.83,0.54,981.21
2024-03-06 21:00:00+00:00,short,buy,66934.1,,16031287.17,-0.05,981.16
2024-03-07 00:00:00+00:00,short,sell - direction_change,66934.1,66128.0,16216339.35,1.15,982.31
2024-03-07 00:00:00+00:00,long,buy,66128.0,,16208231.18,-0.05,982.26
2024-03-07 01:00:00+00:00,long,sell - direction_change,66128.0,66255.6,16231402.32,0.14,982.4
2024-03-07 01:00:00+00:00,short,buy,66255.6,,16223286.62,-0.05,982.35
2024-03-07 08:00:00+00:00,short,sell - direction_change,66255.6,66447.8,16168113.06,-0.34,982.01
2024-03-07 08:00:00+00:00,long,buy,66447.8,,16160029.0,-0.05,981.96
2024-03-07 23:00:00+00:00,long,sell - direction_change,66447.8,67153.3,16323525.78,1.01,982.98
2024-03-07 23:00:00+00:00,short,buy,67153.3,,16315364.02,-0.05,982.93
2024-03-08 00:00:00+00:00,short,sell - direction_change,67153.3,66870.0,16376036.05,0.37,983.3
2024-03-08 00:00:00+00:00,long,buy,66870.0,,16367848.03,-0.05,983.25
2024-03-08 01:00:00+00:00,long,sell - direction_change,66870.0,67130.8,16423500.43,0.34,983.59
2024-03-08 01:00:00+00:00,short,buy,67130.8,,16415288.68,-0.05,983.54
2024-03-08 02:00:00+00:00,short,sell - direction_change,67130.8,66999.0,16439309.69,0.15,983.68
2024-03-08 02:00:00+00:00,long,buy,66999.0,,16431090.03,-0.05,983.63
2024-03-08 04:00:00+00:00,long,sell - direction_change,66999.0,67220.0,16477073.37,0.28,983.91
2024-03-08 04:00:00+00:00,short,buy,67220.0,,16468834.83,-0.05,983.86
2024-03-08 06:00:00+00:00,short,sell - direction_change,67220.0,66961.4,16523957.16,0.33,984.2
2024-03-08 06:00:00+00:00,long,buy,66961.4,,16515695.18,-0.05,984.15
2024-03-08 09:00:00+00:00,long,sell - direction_change,66961.4,67280.4,16586117.09,0.43,984.58
2024-03-08 09:00:00+00:00,short,buy,67280.4,,16577824.04,-0.05,984.53
2024-03-08 10:00:00+00:00,short,sell - direction_change,67280.4,67202.0,16588852.81,0.07,984.59
2024-03-08 10:00:00+00:00,long,buy,67202.0,,16580558.38,-0.05,984.54
2024-03-08 15:27:00+00:00,long,sell - take_profit,67202.0,69218.06,17069684.85,2.95,987.49
2024-03-08 16:00:00+00:00,long,buy,67685.8,,17061150.01,-0.05,987.44
2024-03-08 16:02:00+00:00,long,sell - stop_loss,67685.8,67008.942,16882007.93,-1.05,986.39
2024-03-08 17:00:00+00:00,long,buy,67863.8,,16873566.93,-0.05,986.34
2024-03-09 00:00:00+00:00,long,sell - direction_change,67863.8,68180.2,16943799.43,0.42,986.76
2024-03-09 00:00:00+00:00,short,buy,68180.2,,16935327.53,-0.05,986.71
2024-03-09 01:00:00+00:00,short,sell - direction_change,68180.2,68150.9,16934137.72,-0.01,986.7
2024-03-09 01:00:00+00:00,long,buy,68150.9,,16925670.65,-0.05,986.65
2024-03-09 05:00:00+00:00,long,sell - direction_change,68150.9,68350.6,16966804.46,0.24,986.89
2024-03-09 05:00:00+00:00,short,buy,68350.6,,16958321.06,-0.05,986.84
2024-03-09 06:00:00+00:00,short,sell - direction_change,68350.6,68299.7,16962470.59,0.02,986.87
2024-03-09 06:00:00+00:00,long,buy,68299.7,,16953989.35,-0.05,986.82
2024-03-09 14:00:00+00:00,long,sell - direction_change,68299.7,68400.2,16970459.41,0.1,986.92
2024-03-09 14:00:00+00:00,short,buy,68400.2,,16961974.18,-0.05,986.87
2024-03-09 15:00:00+00:00,short,sell - direction_change,68400.2,68189.0,17005866.85,0.26,987.12
2024-03-09 15:00:00+00:00,long,buy,68189.0,,16997363.92,-0.05,987.07
2024-03-09 16:00:00+00:00,long,sell - direction_change,68189.0,68341.5,17026878.67,0.17,987.25
2024-03-09 16:00:00+00:00,short,buy,68341.5,,17018365.23,-0.05,987.2
2024-03-09 20:00:00+00:00,short,sell - direction_change,68341.5,68255.0,17031396.24,0.08,987.27
2024-03-09 20:00:00+00:00,long,buy,68255.0,,17022880.54,-0.05,987.22
2024-03-10 14:00:00+00:00,long,sell - direction_change,68255.0,69388.7,17297115.26,1.61,988.84
2024-03-10 14:00:00+00:00,short,buy,69388.7,,17288466.71,-0.05,988.79
2024-03-10 16:00:00+00:00,short,sell - direction_change,69388.7,69254.6,17313234.01,0.14,988.93
2024-03-10 16:00:00+00:00,long,buy,69254.6,,17304577.4,-0.05,988.88
2024-03-10 18:00:00+00:00,long,sell - direction_change,69254.6,69484.0,17353245.06,0.28,989.16
2024-03-10 18:00:00+00:00,short,buy,69484.0,,17344568.43,-0.05,989.11
2024-03-11 00:52:00+00:00,short,sell - take_profit,69484.0,67399.48,17856233.2,2.95,992.06
2024-03-11 01:00:00+00:00,short,buy,68150.0,,17847305.09,-0.05,992.01
2024-03-11 04:06:00+00:00,short,sell - stop_loss,68150.0,68831.5,17659908.38,-1.05,990.96
2024-03-11 05:00:00+00:00,short,buy,68600.3,,17651078.43,-0.05,990.91
2024-03-11 06:00:00+00:00,short,sell - direction_change,68600.3,68609.1,17639988.62,-0.06,990.85
2024-03-11 06:00:00+00:00,long,buy,68609.1,,17631168.63,-0.05,990.8
2024-03-11 07:13:00+00:00,long,sell - take_profit,68609.1,70667.373,18151288.1,2.95,993.75
2024-03-11 08:00:00+00:00,long,buy,71223.9,,18142212.46,-0.05,993.7
2024-03-12 00:00:00+00:00,long,sell - direction_change,71223.9,72153.9,18370031.74,1.26,994.95
2024-03-12 00:00:00+00:00,short,buy,72153.9,,18360846.73,-0.05,994.9
2024-03-12 01:00:00+00:00,short,sell - direction_change,72153.9,72068.3,18373448.75,0.07,994.97
2024-03-12 01:00:00+00:00,long,buy,72068.3,,18364262.03,-0.05,994.92
2024-03-12 03:00:00+00:00,long,sell - direction_change,72068.3,72274.9,18407725.18,0.24,995.16
2024-03-12 03:00:00+00:00,short,buy,72274.9,,18398521.32,-0.05,995.11
2024-03-12 05:00:00+00:00,short,sell - direction_change,72274.9,71870.8,18492191.0,0.51,995.62
2024-03-12 05:00:00+00:00,long,buy,71870.8,,18482944.91,-0.05,995.57
2024-03-12 08:00:00+00:00,long,sell - direction_change,71870.8,72175.6,18552088.56,0.37,995.94
2024-03-12 08:00:00+00:00,short,buy,72175.6,,18542812.52,-0.05,995.89
2024-03-12 11:00:00+00:00,short,sell - direction_change,72175.6,71937.7,18594660.59,0.28,996.17
2024-03-12 11:00:00+00:00,long,buy,71937.7,,18585363.26,-0.05,996.12
2024-03-12 14:00:00+00:00,long,sell - direction_change,71937.7,72376.5,18689436.13,0.56,996.68
2024-03-12 14:00:00+00:00,short,buy,72376.5,,18680091.41,-0.05,996.63
2024-03-12 14:07:00+00:00,short,sell - stop_loss,72376.5,73100.265,18483950.45,-1.05,995.58
2024-03-12 15:00:00+00:00,short,buy,71730.1,,18474708.48,-0.05,995.53
2024-03-12 17:18:00+00:00,short,sell - take_profit,71730.1,69578.197,19019712.38,2.95,998.48
2024-03-12 18:00:00+00:00,short,buy,71161.2,,19010202.52,-0.05,998.43
2024-03-13 01:00:00+00:00,short,sell - direction_change,71161.2,71476.4,18916494.01,-0.49,997.94
2024-03-13 01:00:00+00:00,long,buy,71476.4,,18907035.76,-0.05,997.89
2024-03-13 08:27:00+00:00,long,sell - take_profit,71476.4,73620.692,19464793.32,2.95,1000.84
2024-03-13 09:00:00+00:00,long,buy,73511.4,,19455060.92,-0.05,1000.79
2024-03-13 12:35:00+00:00,long,sell - stop_loss,73511.4,72776.286,19250782.78,-1.05,999.74
2024-03-13 13:00:00+00:00,long,buy,72875.9,,19241157.39,-0.05,999.69
2024-03-13 13:52:00+00:00,long,sell - stop_loss,72875.9,72147.14099999999,19039125.24,-1.05,998.64
2024-03-13 14:00:00+00:00,long,buy,72239.9,,19029605.68,-0.05,998.59
2024-03-14 04:00:00+00:00,long,sell - direction_change,72239.9,73333.3,19308116.89,1.46,1000.05
2024-03-14 04:00:00+00:00,short,buy,73333.3,,19298462.83,-0.05,1000.0
2024-03-14 05:00:00+00:00,short,sell - direction_change,73333.3,73008.7,19374235.66,0.39,1000.39
2024-03-14 05:00:00+00:00,long,buy,73008.7,,19364548.54,-0.05,1000.34
2024-03-14 10:00:00+00:00,long,sell - direction_change,73008.7,73391.4,19456372.15,0.47,1000.82
2024-03-14 10:00:00+00:00,short,buy,73391.4,,19446643.96,-0.05,1000.77
2024-03-14 15:25:00+00:00,short,sell - take_profit,73391.4,71189.658,20020319.96,2.95,1003.72
2024-03-14 16:00:00+00:00,short,buy,70904.5,,20010309.8,-0.05,1003.67
2024-03-14 19:43:00+00:00,short,sell - take_profit,70904.5,68777.365,20600613.94,2.95,1006.62
2024-03-14 20:00:00+00:00,short,buy,69500.4,,20590313.63,-0.05,1006.57
2024-03-14 20:06:00+00:00,short,sell - stop_loss,69500.4,70195.404,20374115.34,-1.05,1005.52
2024-03-14 21:00:00+00:00,short,buy,70810.8,,20363928.28,-0.05,1005.47
2024-03-14 22:00:00+00:00,short,sell - direction_change,70810.8,71163.8,20252229.79,-0.55,1004.92
2024-03-14 22:00:00+00:00,long,buy,71163.8,,20242103.67,-0.05,1004.87
2024-03-15 02:00:00+00:00,long,sell - direction_change,71163.8,71699.9,20384472.96,0.7,1005.57
2024-03-15 02:00:00+00:00,short,buy,71699.9,,20374280.72,-0.05,1005.52
2024-03-15 02:41:00+00:00,short,sell - take_profit,71699.9,69548.90299999999,20975322.0,2.95,1008.47
2024-03-15 03:00:00+00:00,short,buy,69062.5,,20964834.34,-0.05,1008.42
2024-03-15 03:28:00+00:00,short,sell - take_profit,69062.5,66990.625,21583296.95,2.95,1011.37
2024-03-15 04:00:00+00:00,short,buy,68266.0,,21572505.3,-0.05,1011.32
2024-03-15 09:09:00+00:00,short,sell - take_profit,68266.0,66218.02,22208894.21,2.95,1014.27
2024-03-15 10:00:00+00:00,short,buy,67857.8,,22197789.76,-0.05,1014.22
2024-03-15 13:00:00+00:00,short,sell - direction_change,67857.8,67962.7,22152375.75,-0.2,1014.02
2024-03-15 13:00:00+00:00,long,buy,67962.7,,22141299.57,-0.05,1013.97
2024-03-15 15:00:00+00:00,long,sell - direction_change,67962.7,68655.7,22355998.65,0.97,1014.94
2024-03-15 15:00:00+00:00,short,buy,68655.7,,22344820.65,-0.05,1014.89
2024-03-15 17:00:00+00:00,short,sell - direction_change,68655.7,67954.3,22561927.28,0.97,1015.86
2024-03-15 17:00:00+00:00,long,buy,67954.3,,22550646.32,-0.05,1015.81
2024-03-15 18:52:00+00:00,long,sell - take_profit,67954.3,69992.929,23215890.38,2.95,1018.76
2024-03-15 19:00:00+00:00,long,buy,70275.9,,23204282.44,-0.05,1018.71
2024-03-15 19:39:00+00:00,long,sell - stop_loss,70275.9,69573.14099999999,22960637.47,-1.05,1017.66
2024-03-15 20:00:00+00:00,long,buy,69002.9,,22949157.15,-0.05,1017.61
2024-03-15 20:07:00+00:00,long,sell - stop_loss,69002.9,68312.871,22708191.0,-1.05,1016.56
2024-03-15 21:00:00+00:00,long,buy,67906.6,,22696836.91,-0.05,1016.51
2024-03-16 00:06:00+00:00,long,sell - take_profit,67906.6,69943.79800000001,23366393.6,2.95,1019.46
2024-03-16 01:00:00+00:00,long,buy,69690.2,,23354710.4,-0.05,1019.41
2024-03-16 02:33:00+00:00,long,sell - stop_loss,69690.2,68993.298,23109485.94,-1.05,1018.36
2024-03-16 03:00:00+00:00,long,buy,69119.9,,23097931.2,-0.05,1018.31
2024-03-16 10:00:00+00:00,long,sell - direction_change,69119.9,68995.0,23044644.16,-0.23,1018.08
2024-03-16 10:00:00+00:00,short,buy,68995.0,,23033121.83,-0.05,1018.03
2024-03-16 18:11:00+00:00,short,sell - take_profit,68995.0,66925.15,23712598.93,2.95,1020.98
2024-03-16 19:00:00+00:00,short,buy,67079.6,,23700742.63,-0.05,1020.93
2024-03-16 19:09:00+00:00,short,sell - stop_loss,67079.6,67750.39600000001,23451884.83,-1.05,1019.88
2024-03-16 20:00:00+00:00,short,buy,66969.1,,23440158.89,-0.05,1019.83
2024-03-16 23:18:00+00:00,short,sell - take_profit,66969.1,64960.027,24131643.57,2.95,1022.78
2024-03-17 00:00:00+00:00,short,buy,65351.0,,24119577.75,-0.05,1022.73
2024-03-17 00:04:00+00:00,short,sell - stop_loss,65351.0,66004.51,23866322.19,-1.05,1021.68
2024-03-17 01:00:00+00:00,short,buy,65273.4,,23854389.03,-0.05,1021.63
2024-03-17 01:30:00+00:00,short,sell - stop_loss,65273.4,65926.134,23603917.94,-1.05,1020.58
2024-03-17 02:00:00+00:00,short,buy,66213.1,,23592115.98,-0.05,1020.53
2024-03-17 08:00:00+00:00,short,sell - direction_change,66213.1,65681.1,23769874.64,0.75,1021.28
2024-03-17 08:00:00+00:00,long,buy,65681.1,,23757989.71,-0.05,1021.23
2024-03-17 14:57:00+00:00,long,sell - take_profit,65681.1,67651.53300000001,24458850.4,2.95,1024.18
2024-03-17 15:00:00+00:00,long,buy,67652.6,,24446620.98,-0.05,1024.13
2024-03-18 00:00:00+00:00,long,sell - direction_change,67652.6,68447.9,24721783.48,1.13,1025.26
2024-03-18 00:00:00+00:00,short,buy,68447.9,,24709422.59,-0.05,1025.21
2024-03-18 01:00:00+00:00,short,sell - direction_change,68447.9,67360.9,25089470.6,1.54,1026.75
2024-03-18 01:00:00+00:00,long,buy,67360.9,,25076925.87,-0.05,1026.7
2024-03-18 13:00:00+00:00,long,sell - direction_change,67360.9,68608.2,25528728.73,1.8,1028.5
2024-03-18 13:00:00+00:00,short,buy,68608.2,,25515964.37,-0.05,1028.45
2024-03-19 01:21:00+00:00,short,sell - take_profit,68608.2,66549.954,26268685.32,2.95,1031.4
2024-03-19 02:00:00+00:00,short,buy,65899.4,,26255550.97,-0.05,1031.35
2024-03-19 07:15:00+00:00,short,sell - take_profit,65899.4,63922.41799999999,27030089.73,2.95,1034.3
2024-03-19 08:00:00+00:00,short,buy,64742.1,,27016574.68,-0.05,1034.25
2024-03-19 10:48:00+00:00,short,sell - take_profit,64742.1,62799.837,27813563.64,2.95,1037.2
2024-03-19 11:00:00+00:00,short,buy,63303.5,,27799656.85,-0.05,1037.15
2024-03-19 15:00:00+00:00,short,sell - direction_change,63303.5,62928.4,27950481.75,0.54,1037.69
2024-03-19 15:00:00+00:00,long,buy,62928.4,,27936506.5,-0.05,1037.64
2024-03-19 16:43:00+00:00,long,sell - take_profit,62928.4,64816.252,28760633.45,2.95,1040.59
2024-03-19 17:00:00+00:00,long,buy,65009.0,,28746253.13,-0.05,1040.54
2024-03-19 18:09:00+00:00,long,sell - stop_loss,65009.0,64358.909999999996,28444417.47,-1.05,1039.49
2024-03-19 19:00:00+00:00,long,buy,64762.9,,28430195.26,-0.05,1039.44
2024-03-19 20:03:00+00:00,long,sell - stop_loss,64762.9,64115.271,28131678.21,-1.05,1038.39
2024-03-19 21:00:00+00:00,long,buy,63814.8,,28117612.37,-0.05,1038.34
2024-03-19 22:00:00+00:00,long,sell - direction_change,63814.8,63998.9,28184670.37,0.24,1038.58
2024-03-19 22:00:00+00:00,short,buy,63998.9,,28170578.03,-0.05,1038.53
2024-03-19 23:09:00+00:00,short,sell - take_profit,63998.9,62078.933,29001610.09,2.95,1041.48
2024-03-20 00:00:00+00:00,long,buy,61974.1,,28987109.28,-0.05,1041.43
2024-03-20 01:00:00+00:00,long,sell - direction_change,61974.1,63283.5,29585060.62,2.06,1043.49
2024-03-20 01:00:00+00:00,short,buy,63283.5,,29570268.09,-0.05,1043.44
2024-03-20 04:34:00+00:00,short,sell - take_profit,63283.5,61384.994999999995,30442590.99,2.95,1046.39
2024-03-20 05:00:00+00:00,short,buy,61694.5,,30427369.7,-0.05,1046.34
2024-03-20 07:07:00+00:00,short,sell - stop_loss,61694.5,62311.445,30107882.32,-1.05,1045.29
2024-03-20 08:00:00+00:00,long,buy,62995.1,,30092828.38,-0.05,1045.24
2024-03-20 10:00:00+00:00,long,sell - direction_change,62995.1,63259.2,30203942.82,0.37,1045.61
2024-03-20 10:00:00+00:00,short,buy,63259.2,,30188840.85,-0.05,1045.56
2024-03-20 11:00:00+00:00,short,sell - direction_change,63259.2,63088.1,30255399.54,0.22,1045.78
2024-03-20 11:00:00+00:00,long,buy,63088.1,,30240271.84,-0.05,1045.73
2024-03-20 16:28:00+00:00,long,sell - stop_loss,63088.1,62457.219,29922748.99,-1.05,1044.68
2024-03-20 17:00:00+00:00,long,buy,63144.8,,29907787.62,-0.05,1044.63
2024-03-20 18:52:00+00:00,long,sell - take_profit,63144.8,65039.14400000001,30790067.35,2.95,1047.58
2024-03-20 19:00:00+00:00,long,buy,65455.5,,30774672.32,-0.05,1047.53
2024-03-20 20:34:00+00:00,long,sell - take_profit,65455.5,67419.16500000001,31682525.15,2.95,1050.48
2024-03-20 21:00:00+00:00,long,buy,67094.6,,31666683.89,-0.05,1050.43
2024-03-21 03:54:00+00:00,long,sell - stop_loss,67094.6,66423.65400000001,31334183.71,-1.05,1049.38
2024-03-21 04:00:00+00:00,long,buy,66707.8,,31318516.61,-0.05,1049.33
2024-03-21 09:00:00+00:00,long,sell - direction_change,66707.8,67336.0,31597789.76,0.89,1050.22
2024-03-21 09:00:00+00:00,short,buy,67336.0,,31581990.87,-0.05,1050.17
2024-03-21 12:00:00+00:00,short,sell - direction_change,67336.0,67082.3,31685190.48,0.33,1050.5
2024-03-21 12:00:00+00:00,long,buy,67082.3,,31669347.88,-0.05,1050.45
2024-03-21 15:00:00+00:00,long,sell - direction_change,67082.3,66915.9,31574956.28,-0.3,1050.15
2024-03-21 15:00:00+00:00,short,buy,66915.9,,31559168.8,-0.05,1050.1
2024-03-21 20:03:00+00:00,short,sell - take_profit,66915.9,64908.422999999995,32490164.28,2.95,1053.05
2024-03-21 21:00:00+00:00,short,buy,65535.7,,32473919.2,-0.05,1053.0
2024-03-22 03:00:00+00:00,short,sell - direction_change,65535.7,65689.9,32381273.83,-0.29,1052.72
2024-03-22 03:00:00+00:00,long,buy,65689.9,,32365083.19,-0.05,1052.67
2024-03-22 09:00:00+00:00,long,sell - direction_change,65689.9,65900.1,32452465.13,0.27,1052.94
2024-03-22 09:00:00+00:00,short,buy,65900.1,,32436238.9,-0.05,1052.89
2024-03-22 13:22:00+00:00,short,sell - take_profit,65900.1,63923.097,33393107.95,2.95,1055.84
2024-03-22 14:00:00+00:00,short,buy,63097.1,,33376411.4,-0.05,1055.79
2024-03-22 15:26:00+00:00,short,sell - stop_loss,63097.1,63728.070999999996,33025959.08,-1.05,1054.74
2024-03-22 16:00:00+00:00,short,buy,63920.0,,33009446.1,-0.05,1054.69
2024-03-22 23:00:00+00:00,short,sell - direction_change,63920.0,63061.4,33436337.97,1.29,1055.98
2024-03-22 23:00:00+00:00,long,buy,63061.4,,33419619.8,-0.05,1055.93
2024-03-23 03:00:00+00:00,long,sell - direction_change,63061.4,63892.8,33843513.46,1.27,1057.2
2024-03-23 03:00:00+00:00,short,buy,63892.8,,33826591.71,-0.05,1057.15
2024-03-23 04:00:00+00:00,short,sell - direction_change,63892.8,63592.0,33968930.14,0.42,1057.57
2024-03-23 04:00:00+00:00,long,buy,63592.0,,33951945.67,-0.05,1057.52
2024-03-23 16:30:00+00:00,long,sell - take_profit,63592.0,65499.76,34953528.07,2.95,1060.47
2024-03-23 17:00:00+00:00,long,buy,65697.1,,34936051.31,-0.05,1060.42
2024-03-23 19:38:00+00:00,long,sell - stop_loss,65697.1,65040.12900000001,34569222.77,-1.05,1059.37
2024-03-23 20:00:00+00:00,long,buy,64918.0,,34551938.16,-0.05,1059.32
2024-03-23 23:00:00+00:00,long,sell - direction_change,64918.0,64774.4,34458232.56,-0.27,1059.05
2024-03-23 23:00:00+00:00,short,buy,64774.4,,34441003.45,-0.05,1059.0
2024-03-24 08:00:00+00:00,short,sell - direction_change,64774.4,64624.6,34503432.66,0.18,1059.18
2024-03-24 08:00:00+00:00,long,buy,64624.6,,34486180.94,-0.05,1059.13
2024-03-24 21:30:00+00:00,long,sell - take_profit,64624.6,66563.338,35503523.28,2.95,1062.08
2024-03-24 22:00:00+00:00,long,buy,66574.9,,35485771.52,-0.05,1062.03
2024-03-25 14:09:00+00:00,long,sell - take_profit,66574.9,68572.147,36532601.78,2.95,1064.98
2024-03-25 15:00:00+00:00,long,buy,69434.6,,36514335.48,-0.05,1064.93
2024-03-26 03:00:00+00:00,long,sell - direction_change,69434.6,70588.3,37102787.2,1.61,1066.54
2024-03-26 03:00:00+00:00,short,buy,70588.3,,37084235.8,-0.05,1066.49
2024-03-26 04:00:00+00:00,short,sell - direction_change,70588.3,70473.7,37125899.89,0.11,1066.6
2024-03-26 04:00:00+00:00,long,buy,70473.7,,37107336.94,-0.05,1066.55
2024-03-26 05:00:00+00:00,long,sell - direction_change,70473.7,70636.8,37174662.21,0.18,1066.73
2024-03-26 05:00:00+00:00,short,buy,70636.8,,37156074.88,-0.05,1066.68
2024-03-26 06:00:00+00:00,short,sell - direction_change,70636.8,70344.2,37291409.07,0.36,1067.05
2024-03-26 06:00:00+00:00,long,buy,70344.2,,37272763.37,-0.05,1067.0
2024-03-26 13:00:00+00:00,long,sell - direction_change,70344.2,71168.1,37690680.81,1.12,1068.12
2024-03-26 13:00:00+00:00,short,buy,71168.1,,37671835.47,-0.05,1068.07
2024-03-27 00:00:00+00:00,short,sell - direction_change,71168.1,70044.2,38247920.25,1.53,1069.6
2024-03-27 00:00:00+00:00,long,buy,70044.2,,38228796.29,-0.05,1069.55
2024-03-27 07:00:00+00:00,long,sell - direction_change,70044.2,70371.0,38388043.14,0.42,1069.97
2024-03-27 07:00:00+00:00,short,buy,70371.0,,38368849.12,-0.05,1069.92
2024-03-27 09:00:00+00:00,short,sell - direction_change,70371.0,69604.0,38767861.21,1.04,1070.96
2024-03-27 09:00:00+00:00,long,buy,69604.0,,38748477.28,-0.05,1070.91
2024-03-27 10:00:00+00:00,long,sell - direction_change,69604.0,70116.4,39014355.61,0.69,1071.59
2024-03-27 10:00:00+00:00,short,buy,70116.4,,38994848.43,-0.05,1071.54
2024-03-27 11:00:00+00:00,short,sell - direction_change,70116.4,70185.4,38936977.04,-0.15,1071.39
2024-03-27 11:00:00+00:00,long,buy,70185.4,,38917508.55,-0.05,1071.34
2024-03-27 12:00:00+00:00,long,sell - direction_change,70185.4,70290.2,38956160.96,0.1,1071.44
2024-03-27 12:00:00+00:00,short,buy,70290.2,,38936682.88,-0.05,1071.39
2024-03-27 13:05:00+00:00,short,sell - stop_loss,70290.2,70993.102,38527847.71,-1.05,1070.34
2024-03-27 14:00:00+00:00,short,buy,69966.3,,38508583.78,-0.05,1070.29
2024-03-27 23:00:00+00:00,short,sell - direction_change,69966.3,69484.8,38754341.12,0.64,1070.93
2024-03-27 23:00:00+00:00,long,buy,69484.8,,38734963.95,-0.05,1070.88
2024-03-28 00:00:00+00:00,long,sell - direction_change,69484.8,69532.6,38742243.03,0.02,1070.9
2024-03-28 00:00:00+00:00,short,buy,69532.6,,38722871.91,-0.05,1070.85
2024-03-28 03:00:00+00:00,short,sell - direction_change,69532.6,69208.2,38884169.61,0.42,1071.27
2024-03-28 03:00:00+00:00,long,buy,69208.2,,38864727.53,-0.05,1071.22
2024-03-28 13:33:00+00:00,long,sell - take_profit,69208.2,71284.446,40011236.99,2.95,1074.17
2024-03-28 14:00:00+00:00,long,buy,70924.5,,39991231.37,-0.05,1074.12
2024-03-28 18:00:00+00:00,long,sell - direction_change,70924.5,70847.9,39928044.36,-0.16,1073.96
2024-03-28 18:00:00+00:00,short,buy,70847.9,,39908080.34,-0.05,1073.91
2024-03-28 19:00:00+00:00,short,sell - direction_change,70847.9,70610.3,40021964.56,0.29,1074.19
2024-03-28 19:00:00+00:00,long,buy,70610.3,,40001953.58,-0.05,1074.14
2024-03-28 20:00:00+00:00,long,sell - direction_change,70610.3,70837.1,40110438.71,0.27,1074.42
2024-03-28 20:00:00+00:00,short,buy,70837.1,,40090383.49,-0.05,1074.37
2024-03-28 21:00:00+00:00,short,sell - direction_change,70837.1,70726.1,40133158.95,0.11,1074.47
2024-03-28 21:00:00+00:00,long,buy,70726.1,,40113092.37,-0.05,1074.42
2024-03-28 23:00:00+00:00,long,sell - direction_change,70726.1,70907.6,40195975.57,0.21,1074.63
2024-03-28 23:00:00+00:00,short,buy,70907.6,,40175877.58,-0.05,1074.58
2024-03-29 01:00:00+00:00,short,sell - direction_change,70907.6,70793.6,40220381.45,0.11,1074.69
2024-03-29 01:00:00+00:00,long,buy,70793.6,,40200271.26,-0.05,1074.64
2024-03-29 02:00:00+00:00,long,sell - direction_change,70793.6,70840.8,40206973.72,0.02,1074.66
2024-03-29 02:00:00+00:00,short,buy,70840.8,,40186870.24,-0.05,1074.61
2024-03-29 13:00:00+00:00,short,sell - direction_change,70840.8,70200.1,40530235.82,0.85,1075.46
2024-03-29 13:00:00+00:00,long,buy,70200.1,,40509970.7,-0.05,1075.41
2024-03-29 14:00:00+00:00,long,sell - direction_change,70200.1,70497.7,40661450.05,0.37,1075.78
2024-03-29 14:00:00+00:00,short,buy,70497.7,,40641119.33,-0.05,1075.73
2024-03-29 23:00:00+00:00,short,sell - direction_change,70497.7,69851.6,40993268.04,0.87,1076.6
2024-03-29 23:00:00+00:00,long,buy,69851.6,,40972771.41,-0.05,1076.55
2024-03-30 00:00:00+00:00,long,sell - direction_change,69851.6,69903.6,40982786.6,0.02,1076.58
2024-03-30 00:00:00+00:00,short,buy,69903.6,,40962295.21,-0.05,1076.53
2024-03-30 01:00:00+00:00,short,sell - direction_change,69903.6,69985.0,40894115.07,-0.17,1076.36
2024-03-30 01:00:00+00:00,long,buy,69985.0,,40873668.02,-0.05,1076.31
2024-03-30 18:00:00+00:00,long,sell - direction_change,69985.0,70099.9,40920336.77,0.11,1076.42
2024-03-30 18:00:00+00:00,short,buy,70099.9,,40899876.6,-0.05,1076.37
2024-03-31 01:00:00+00:00,short,sell - direction_change,70099.9,69923.6,40982289.12,0.2,1076.57
2024-03-31 01:00:00+00:00,long,buy,69923.6,,40961797.98,-0.05,1076.52
2024-03-31 03:00:00+00:00,long,sell - direction_change,69923.6,70060.7,41021631.34,0.15,1076.67
2024-03-31 03:00:00+00:00,short,buy,70060.7,,41001120.53,-0.05,1076.62
2024-03-31 04:00:00+00:00,short,sell - direction_change,70060.7,69980.9,41027320.75,0.06,1076.68
2024-03-31 04:00:00+00:00,long,buy,69980.9,,41006807.09,-0.05,1076.63
2024-04-01 04:00:00+00:00,long,sell - direction_change,69980.9,70650.0,41378377.16,0.91,1077.54
2024-04-01 04:00:00+00:00,short,buy,70650.0,,41357687.97,-0.05,1077.49
2024-04-01 15:11:00+00:00,short,sell - take_profit,70650.0,68530.5,42577739.77,2.95,1080.44
2024-04-01 16:00:00+00:00,short,buy,68280.9,,42556450.9,-0.05,1080.39
2024-04-01 18:52:00+00:00,short,sell - stop_loss,68280.9,68963.70899999999,42109608.16,-1.05,1079.34
2024-04-01 19:00:00+00:00,long,buy,68960.9,,42088553.36,-0.05,1079.29
2024-04-02 02:00:00+00:00,long,sell - direction_change,68960.9,69437.2,42358206.82,0.64,1079.93
2024-04-02 02:00:00+00:00,short,buy,69437.2,,42337027.72,-0.05,1079.88
2024-04-02 02:37:00+00:00,short,sell - take_profit,69437.2,67354.084,43585970.04,2.95,1082.83
2024-04-02 03:00:00+00:00,short,buy,67025.7,,43564177.05,-0.05,1082.78
2024-04-02 13:19:00+00:00,short,sell - take_profit,67025.7,65014.929,44849320.28,2.95,1085.73
2024-04-02 14:00:00+00:00,short,buy,65268.9,,44826895.62,-0.05,1085.68
2024-04-02 14:29:00+00:00,short,sell - stop_loss,65268.9,65921.589,44356213.21,-1.05,1084.63
2024-04-02 15:00:00+00:00,short,buy,65742.0,,44334035.11,-0.05,1084.58
2024-04-02 17:00:00+00:00,short,sell - direction_change,65742.0,65581.8,44419901.19,0.19,1084.78
2024-04-02 17:00:00+00:00,long,buy,65581.8,,44397691.24,-0.05,1084.73
2024-04-02 18:00:00+00:00,long,sell - direction_change,65581.8,65650.2,44421797.96,0.05,1084.78
2024-04-02 18:00:00+00:00,short,buy,65650.2,,44399587.06,-0.05,1084.73
2024-04-02 19:00:00+00:00,short,sell - direction_change,65650.2,65871.1,44227991.4,-0.39,1084.34
2024-04-02 19:00:00+00:00,long,buy,65871.1,,44205877.4,-0.05,1084.29
2024-04-02 20:00:00+00:00,long,sell - direction_change,65871.1,65946.8,44234576.48,0.06,1084.36
2024-04-02 20:00:00+00:00,short,buy,65946.8,,44212459.19,-0.05,1084.31
2024-04-02 21:00:00+00:00,short,sell - direction_change,65946.8,65678.0,44370563.51,0.36,1084.67
2024-04-02 21:00:00+00:00,long,buy,65678.0,,44348378.23,-0.05,1084.62
2024-04-03 00:00:00+00:00,long,sell - direction_change,65678.0,65502.4,44207631.99,-0.32,1084.3
2024-04-03 00:00:00+00:00,short,buy,65502.4,,44185528.17,-0.05,1084.25
2024-04-03 01:00:00+00:00,short,sell - direction_change,65502.4,65433.9,44209643.01,0.05,1084.3
2024-04-03 01:00:00+00:00,long,buy,65433.9,,44187538.19,-0.05,1084.25
2024-04-03 13:00:00+00:00,long,sell - direction_change,65433.9,65950.0,44513966.95,0.74,1084.99
2024-04-03 13:00:00+00:00,short,buy,65950.0,,44491709.97,-0.05,1084.94
2024-04-03 14:00:00+00:00,short,sell - direction_change,65950.0,65843.2,44541514.37,0.11,1085.05
2024-04-03 14:00:00+00:00,long,buy,65843.2,,44519243.61,-0.05,1085.0
2024-04-03 15:00:00+00:00,long,sell - direction_change,65843.2,66662.5,45050945.77,1.19,1086.2
2024-04-03 15:00:00+00:00,short,buy,66662.5,,45028420.3,-0.05,1086.15
2024-04-03 16:00:00+00:00,short,sell - direction_change,66662.5,65873.9,45538580.56,1.13,1087.28
2024-04-03 16:00:00+00:00,long,buy,65873.9,,45515811.27,-0.05,1087.23
2024-04-03 17:00:00+00:00,long,sell - direction_change,65873.9,66219.6,45731916.04,0.47,1087.71
2024-04-03 17:00:00+00:00,short,buy,66219.6,,45709050.09,-0.05,1087.66
2024-04-03 18:00:00+00:00,short,sell - direction_change,66219.6,65980.7,45851099.79,0.31,1087.97
2024-04-03 18:00:00+00:00,long,buy,65980.7,,45828174.24,-0.05,1087.92
2024-04-03 19:00:00+00:00,long,sell - direction_change,65980.7,66026.4,45837001.97,0.02,1087.94
2024-04-03 19:00:00+00:00,short,buy,66026.4,,45814083.47,-0.05,1087.89
2024-04-03 22:00:00+00:00,short,sell - direction_change,66026.4,65944.7,45847866.04,0.07,1087.96
2024-04-03 22:00:00+00:00,long,buy,65944.7,,45824942.1,-0.05,1087.91
2024-04-03 23:00:00+00:00,long,sell - direction_change,65944.7,66157.5,45949904.26,0.27,1088.18
2024-04-03 23:00:00+00:00,short,buy,66157.5,,45926929.3,-0.05,1088.13
2024-04-04 00:00:00+00:00,short,sell - direction_change,66157.5,65971.8,46032879.88,0.23,1088.36
2024-04-04 00:00:00+00:00,long,buy,65971.8,,46009863.44,-0.05,1088.31
2024-04-04 02:00:00+00:00,long,sell - direction_change,65971.8,66150.1,46111207.98,0.22,1088.53
2024-04-04 02:00:00+00:00,short,buy,66150.1,,46088152.38,-0.05,1088.48
2024-04-04 07:00:00+00:00,short,sell - direction_change,66150.1,65788.4,46317112.23,0.5,1088.98
2024-04-04 07:00:00+00:00,long,buy,65788.4,,46293953.67,-0.05,1088.93
2024-04-04 14:11:00+00:00,long,sell - take_profit,65788.4,67762.052,47659625.3,2.95,1091.88
2024-04-04 15:00:00+00:00,long,buy,67683.9,,47635795.49,-0.05,1091.83
2024-04-05 02:00:00+00:00,long,sell - direction_change,67683.9,68165.6,47950997.11,0.66,1092.49
2024-04-05 02:00:00+00:00,short,buy,68165.6,,47927021.61,-0.05,1092.44
2024-04-05 12:32:00+00:00,short,sell - take_profit,68165.6,66120.632,49340868.74,2.95,1095.39
2024-04-05 13:00:00+00:00,short,buy,66894.9,,49316198.31,-0.05,1095.34
2024-04-05 13:55:00+00:00,short,sell - stop_loss,66894.9,67563.849,48798378.23,-1.05,1094.29
2024-04-05 14:00:00+00:00,long,buy,67491.8,,48773979.04,-0.05,1094.24
2024-04-06 02:00:00+00:00,long,sell - direction_change,67491.8,67700.0,48900050.96,0.26,1094.5
2024-04-06 02:00:00+00:00,short,buy,67700.0,,48875600.93,-0.05,1094.45
2024-04-06 03:00:00+00:00,short,sell - direction_change,67700.0,67573.6,48942416.84,0.14,1094.59
2024-04-06 03:00:00+00:00,long,buy,67573.6,,48917945.63,-0.05,1094.54
2024-04-06 09:00:00+00:00,long,sell - direction_change,67573.6,68006.5,49206872.04,0.59,1095.13
2024-04-06 09:00:00+00:00,short,buy,68006.5,,49182268.6,-0.05,1095.08
2024-04-06 10:00:00+00:00,short,sell - direction_change,68006.5,67794.9,49310706.49,0.26,1095.34
2024-04-06 10:00:00+00:00,long,buy,67794.9,,49286051.14,-0.05,1095.29
2024-04-06 11:00:00+00:00,long,sell - direction_change,67794.9,67839.3,49293686.36,0.02,1095.3
2024-04-06 11:00:00+00:00,short,buy,67839.3,,49269039.52,-0.05,1095.25
2024-04-06 12:00:00+00:00,short,sell - direction_change,67839.3,67654.9,49378327.53,0.22,1095.48
2024-04-06 12:00:00+00:00,long,buy,67654.9,,49353638.37,-0.05,1095.43
2024-04-06 13:00:00+00:00,long,sell - direction_change,67654.9,67733.5,49386299.54,0.07,1095.49
2024-04-06 13:00:00+00:00,short,buy,67733.5,,49361606.39,-0.05,1095.44
2024-04-06 14:00:00+00:00,short,sell - direction_change,67733.5,67688.2,49369938.51,0.02,1095.46
2024-04-06 14:00:00+00:00,long,buy,67688.2,,49345253.54,-0.05,1095.41
2024-04-07 02:10:00+00:00,long,sell - take_profit,67688.2,69718.846,50800938.52,2.95,1098.36
2024-04-07 03:00:00+00:00,long,buy,69309.3,,50775538.05,-0.05,1098.31
2024-04-07 19:00:00+00:00,long,sell - direction_change,69309.3,69421.3,50832200.74,0.11,1098.42
2024-04-07 19:00:00+00:00,short,buy,69421.3,,50806784.64,-0.05,1098.37
2024-04-08 01:00:00+00:00,short,sell - direction_change,69421.3,69350.0,50833562.98,0.05,1098.42
2024-04-08 01:00:00+00:00,long,buy,69350.0,,50808146.2,-0.05,1098.37
2024-04-08 02:00:00+00:00,long,sell - direction_change,69350.0,69458.1,50861939.83,0.11,1098.48
2024-04-08 02:00:00+00:00,short,buy,69458.1,,50836508.86,-0.05,1098.43
2024-04-08 03:00:00+00:00,short,sell - direction_change,69458.1,69253.3,50960984.1,0.24,1098.67
2024-04-08 03:00:00+00:00,long,buy,69253.3,,50935503.6,-0.05,1098.62
2024-04-08 04:00:00+00:00,long,sell - direction_change,69253.3,69485.0,51080450.2,0.28,1098.91
2024-04-08 04:00:00+00:00,short,buy,69485.0,,51054909.98,-0.05,1098.86
2024-04-08 05:00:00+00:00,short,sell - direction_change,69485.0,69403.8,51089045.17,0.07,1098.93
2024-04-08 05:00:00+00:00,long,buy,69403.8,,51063500.64,-0.05,1098.88
2024-04-08 08:16:00+00:00,long,sell - take_profit,69403.8,71485.914,52569873.91,2.95,1101.83
2024-04-08 09:00:00+00:00,long,buy,72057.2,,52543588.97,-0.05,1101.78
2024-04-08 14:47:00+00:00,long,sell - stop_loss,72057.2,71336.628,51991881.29,-1.05,1100.73
2024-04-08 15:00:00+00:00,long,buy,71780.9,,51965885.35,-0.05,1100.68
2024-04-08 19:00:00+00:00,long,sell - direction_change,71780.9,71949.7,52062105.41,0.19,1100.86
2024-04-08 19:00:00+00:00,short,buy,71949.7,,52036074.36,-0.05,1100.81
2024-04-09 08:08:00+00:00,short,sell - take_profit,71949.7,69791.20899999999,53571138.55,2.95,1103.76
2024-04-09 09:00:00+00:00,short,buy,70544.6,,53544352.98,-0.05,1103.71
2024-04-09 17:11:00+00:00,short,sell - take_profit,70544.6,68428.262,55123911.39,2.95,1106.66
2024-04-09 18:00:00+00:00,short,buy,68878.2,,55096349.44,-0.05,1106.61
2024-04-10 01:00:00+00:00,short,sell - direction_change,68878.2,69182.9,54825068.74,-0.49,1106.12
2024-04-10 01:00:00+00:00,long,buy,69182.9,,54797656.2,-0.05,1106.07
2024-04-10 02:00:00+00:00,long,sell - direction_change,69182.9,69326.4,54883919.33,0.16,1106.23
2024-04-10 02:00:00+00:00,short,buy,69326.4,,54856477.37,-0.05,1106.18
2024-04-10 03:00:00+00:00,short,sell - direction_change,69326.4,68703.0,55322332.04,0.85,1107.02
2024-04-10 03:00:00+00:00,long,buy,68703.0,,55294670.87,-0.05,1106.97
2024-04-10 08:00:00+00:00,long,sell - direction_change,68703.0,69381.6,55813185.47,0.94,1107.91
2024-04-10 08:00:00+00:00,short,buy,69381.6,,55785278.88,-0.05,1107.86
2024-04-10 16:00:00+00:00,short,sell - direction_change,69381.6,68688.0,56315065.36,0.95,1108.81
2024-04-10 16:00:00+00:00,long,buy,68688.0,,56286907.83,-0.05,1108.76
2024-04-10 22:21:00+00:00,long,sell - take_profit,68688.0,70748.64,57947371.61,2.95,1111.71
2024-04-10 23:00:00+00:00,long,buy,70584.3,,57918397.92,-0.05,1111.66
2024-04-11 09:00:00+00:00,long,sell - direction_change,70584.3,71099.8,58312435.54,0.68,1112.34
2024-04-11 09:00:00+00:00,short,buy,71099.8,,58283279.32,-0.05,1112.29
2024-04-11 12:00:00+00:00,short,sell - direction_change,71099.8,70043.4,59120109.96,1.44,1113.73
2024-04-11 12:00:00+00:00,long,buy,70043.4,,59090549.91,-0.05,1113.68
2024-04-11 13:00:00+00:00,long,sell - direction_change,70043.4,70906.5,59789139.67,1.18,1114.86
2024-04-11 13:00:00+00:00,short,buy,70906.5,,59759245.1,-0.05,1114.81
2024-04-11 15:00:00+00:00,short,sell - direction_change,70906.5,69630.7,60804596.17,1.75,1116.56
2024-04-11 15:00:00+00:00,long,buy,69630.7,,60774193.87,-0.05,1116.51
2024-04-11 16:00:00+00:00,long,sell - direction_change,69630.7,70045.9,61106196.43,0.55,1117.06
2024-04-11 16:00:00+00:00,short,buy,70045.9,,61075643.33,-0.05,1117.01
2024-04-11 19:00:00+00:00,short,sell - direction_change,70045.9,70151.2,60953290.49,-0.2,1116.81
2024-04-11 19:00:00+00:00,long,buy,70151.2,,60922813.85,-0.05,1116.76
2024-04-11 21:00:00+00:00,long,sell - direction_change,70151.2,70547.6,61236606.05,0.52,1117.27
2024-04-11 21:00:00+00:00,short,buy,70547.6,,61205987.74,-0.05,1117.22
2024-04-12 00:00:00+00:00,short,sell - direction_change,70547.6,70055.6,61602236.21,0.65,1117.87
2024-04-12 00:00:00+00:00,long,buy,70055.6,,61571435.09,-0.05,1117.82
2024-04-12 12:00:00+00:00,long,sell - direction_change,70055.6,70950.9,62327523.02,1.23,1119.05
2024-04-12 12:00:00+00:00,short,buy,70950.9,,62296359.26,-0.05,1119.0
2024-04-12 16:20:00+00:00,short,sell - take_profit,70950.9,68822.37299999999,64134101.86,2.95,1121.95
2024-04-12 17:00:00+00:00,short,buy,68884.5,,64102034.81,-0.05,1121.9
2024-04-12 18:32:00+00:00,short,sell - take_profit,68884.5,66817.965,65993044.84,2.95,1124.85
2024-04-12 19:00:00+00:00,short,buy,66522.7,,65960048.32,-0.05,1124.8
2024-04-12 19:31:00+00:00,short,sell - stop_loss,66522.7,67187.927,65267467.81,-1.05,1123.75
2024-04-12 20:00:00+00:00,short,buy,66867.6,,65234834.07,-0.05,1123.7
2024-04-13 04:00:00+00:00,short,sell - direction_change,66867.6,67188.5,64889152.36,-0.53,1123.17
2024-04-13 04:00:00+00:00,long,buy,67188.5,,64856707.78,-0.05,1123.12
2024-04-13 17:00:00+00:00,long,sell - direction_change,67188.5,67450.6,65077283.19,0.34,1123.46
2024-04-13 17:00:00+00:00,short,buy,67450.6,,65044744.55,-0.05,1123.41
2024-04-13 18:00:00+00:00,short,sell - direction_change,67450.6,66755.4,65682625.5,0.98,1124.39
2024-04-13 18:00:00+00:00,long,buy,66755.4,,65649784.19,-0.05,1124.34
2024-04-13 19:00:00+00:00,long,sell - direction_change,66755.4,67181.6,66036100.49,0.59,1124.93
2024-04-13 19:00:00+00:00,short,buy,67181.6,,66003082.44,-0.05,1124.88
2024-04-13 19:53:00+00:00,short,sell - take_profit,67181.6,65166.152,67950173.37,2.95,1127.83
2024-04-13 20:00:00+00:00,short,buy,64779.1,,67916198.28,-0.05,1127.78
2024-04-13 20:07:00+00:00,short,sell - take_profit,64779.1,62835.727,69919726.13,2.95,1130.73
2024-04-13 21:00:00+00:00,short,buy,61828.5,,69884766.27,-0.05,1130.68
2024-04-13 21:02:00+00:00,short,sell - stop_loss,61828.5,62446.785,69150976.22,-1.05,1129.63
2024-04-13 22:00:00+00:00,short,buy,62922.5,,69116400.73,-0.05,1129.58
2024-04-13 22:33:00+00:00,short,sell - stop_loss,62922.5,63551.725,68390678.53,-1.05,1128.53
2024-04-13 23:00:00+00:00,short,buy,64288.6,,68356483.19,-0.05,1128.48
2024-04-13 23:05:00+00:00,short,sell - stop_loss,64288.6,64931.486,67638740.11,-1.05,1127.43
2024-04-14 00:00:00+00:00,short,buy,63939.7,,67604920.74,-0.05,1127.38
2024-04-14 06:00:00+00:00,short,sell - direction_change,63939.7,64370.3,67115834.96,-0.72,1126.65
2024-04-14 06:00:00+00:00,long,buy,64370.3,,67082277.05,-0.05,1126.6
2024-04-14 14:00:00+00:00,long,sell - direction_change,64370.3,64357.4,67035292.42,-0.07,1126.53
2024-04-14 14:00:00+00:00,short,buy,64357.4,,67001774.77,-0.05,1126.48
2024-04-14 15:00:00+00:00,short,sell - direction_change,64357.4,63900.1,67444363.84,0.66,1127.14
2024-04-14 15:00:00+00:00,long,buy,63900.1,,67410641.66,-0.05,1127.09
2024-04-14 17:00:00+00:00,long,sell - direction_change,63900.1,64398.5,67902717.42,0.73,1127.82
2024-04-14 17:00:00+00:00,short,buy,64398.5,,67868766.06,-0.05,1127.77
2024-04-14 18:00:00+00:00,short,sell - direction_change,64398.5,63849.7,68413205.07,0.8,1128.57
2024-04-14 18:00:00+00:00,long,buy,63849.7,,68378998.47,-0.05,1128.52
2024-04-14 20:00:00+00:00,long,sell - direction_change,63849.7,64146.0,68662127.56,0.41,1128.94
2024-04-14 20:00:00+00:00,short,buy,64146.0,,68627796.5,-0.05,1128.89
2024-04-14 22:00:00+00:00,short,sell - direction_change,64146.0,63652.8,69121141.84,0.72,1129.61
2024-04-14 22:00:00+00:00,long,buy,63652.8,,69086581.27,-0.05,1129.56
2024-04-14 23:20:00+00:00,long,sell - take_profit,63652.8,65562.384,71124635.41,2.95,1132.51
2024-04-15 00:00:00+00:00,long,buy,65615.9,,71089073.1,-0.05,1132.46
2024-04-15 02:41:00+00:00,long,sell - stop_loss,65615.9,64959.740999999995,70342637.83,-1.05,1131.41
2024-04-15 03:00:00+00:00,long,buy,65102.6,,70307466.51,-0.05,1131.36
2024-04-15 14:00:00+00:00,long,sell - direction_change,65102.6,65842.4,71071258.8,1.09,1132.44
2024-04-15 14:00:00+00:00,short,buy,65842.4,,71035723.18,-0.05,1132.39
2024-04-15 15:01:00+00:00,short,sell - take_profit,65842.4,63867.12799999999,73131277.01,2.95,1135.34
2024-04-15 16:00:00+00:00,short,buy,64552.6,,73094711.37,-0.05,1135.29
2024-04-15 19:04:00+00:00,short,sell - take_profit,64552.6,62616.022,75251005.36,2.95,1138.24
2024-04-15 20:00:00+00:00,short,buy,63269.9,,75213379.85,-0.05,1138.19
2024-04-16 06:00:00+00:00,short,sell - direction_change,63269.9,62682.7,75873819.1,0.88,1139.07
2024-04-16 06:00:00+00:00,long,buy,62682.7,,75835882.19,-0.05,1139.02
2024-04-16 08:00:00+00:00,long,sell - direction_change,62682.7,63488.0,76772246.4,1.23,1140.26
2024-04-16 08:00:00+00:00,short,buy,63488.0,,76733860.28,-0.05,1140.21
2024-04-16 10:30:00+00:00,short,sell - take_profit,63488.0,61583.36,78997509.16,2.95,1143.16
2024-04-16 11:00:00+00:00,long,buy,62534.1,,78958010.4,-0.05,1143.11
2024-04-16 12:00:00+00:00,long,sell - direction_change,62534.1,63064.6,79588361.53,0.8,1143.9
2024-04-16 12:00:00+00:00,short,buy,63064.6,,79548567.35,-0.05,1143.85
2024-04-16 18:00:00+00:00,short,sell - direction_change,63064.6,62472.2,80256035.91,0.89,1144.74
2024-04-16 18:00:00+00:00,long,buy,62472.2,,80215907.9,-0.05,1144.69
2024-04-16 19:00:00+00:00,long,sell - direction_change,62472.2,62979.4,80827057.76,0.76,1145.46
2024-04-16 19:00:00+00:00,short,buy,62979.4,,80786644.23,-0.05,1145.41
2024-04-16 20:00:00+00:00,short,sell - direction_change,62979.4,62690.9,81116323.45,0.41,1145.81
2024-04-16 20:00:00+00:00,long,buy,62690.9,,81075765.29,-0.05,1145.76
2024-04-17 09:00:00+00:00,long,sell - direction_change,62690.9,63304.2,81828385.06,0.93,1146.69
2024-04-17 09:00:00+00:00,short,buy,63304.2,,81787470.86,-0.05,1146.64
2024-04-17 14:19:00+00:00,short,sell - take_profit,63304.2,61405.07399999999,84200201.26,2.95,1149.59
2024-04-17 15:00:00+00:00,short,buy,61263.2,,84158101.15,-0.05,1149.54
2024-04-17 18:23:00+00:00,short,sell - stop_loss,61263.2,61875.831999999995,83274441.09,-1.05,1148.49
2024-04-17 19:00:00+00:00,short,buy,61419.4,,83232803.87,-0.05,1148.44
2024-04-18 00:00:00+00:00,short,sell - direction_change,61419.4,61254.5,83414652.52,0.22,1148.66
2024-04-18 00:00:00+00:00,long,buy,61254.5,,83372945.19,-0.05,1148.61
2024-04-18 05:00:00+00:00,long,sell - direction_change,61254.5,61613.8,83820298.7,0.54,1149.15
2024-04-18 05:00:00+00:00,short,buy,61613.8,,83778388.55,-0.05,1149.1
2024-04-18 06:00:00+00:00,short,sell - direction_change,61613.8,61051.4,84501213.85,0.86,1149.96
2024-04-18 06:00:00+00:00,long,buy,61051.4,,84458963.24,-0.05,1149.91
2024-04-18 07:00:00+00:00,long,sell - direction_change,61051.4,61127.3,84521734.38,0.07,1149.98
2024-04-18 07:00:00+00:00,short,buy,61127.3,,84479473.52,-0.05,1149.93
2024-04-18 09:00:00+00:00,short,sell - direction_change,61127.3,61313.7,84179624.27,-0.35,1149.58
2024-04-18 09:00:00+00:00,long,buy,61313.7,,84137534.46,-0.05,1149.53
2024-04-18 14:10:00+00:00,long,sell - take_profit,61313.7,63153.111,86619591.72,2.95,1152.48
2024-04-18 15:00:00+00:00,long,buy,63778.3,,86576281.93,-0.05,1152.43
2024-04-18 17:41:00+00:00,long,sell - stop_loss,63778.3,63140.517,85667230.97,-1.05,1151.38
2024-04-18 18:00:00+00:00,long,buy,62755.1,,85624397.35,-0.05,1151.33
2024-04-19 00:00:00+00:00,long,sell - direction_change,62755.1,63445.0,86522899.43,1.05,1152.38
2024-04-19 00:00:00+00:00,short,buy,63445.0,,86479637.98,-0.05,1152.33
2024-04-19 01:35:00+00:00,short,sell - take_profit,63445.0,61541.65,89030787.3,2.95,1155.28
2024-04-19 02:00:00+00:00,short,buy,61000.0,,88986271.91,-0.05,1155.23
2024-04-19 03:14:00+00:00,short,sell - stop_loss,61000.0,61610.0,88051916.06,-1.05,1154.18
2024-04-19 04:00:00+00:00,long,buy,61757.1,,88007890.1,-0.05,1154.13
2024-04-19 05:00:00+00:00,long,sell - direction_change,61757.1,62406.3,88889038.44,1.0,1155.13
2024-04-19 05:00:00+00:00,short,buy,62406.3,,88844593.92,-0.05,1155.08
2024-04-19 06:00:00+00:00,short,sell - direction_change,62406.3,62045.6,89313681.4,0.53,1155.61
2024-04-19 06:00:00+00:00,long,buy,62045.6,,89269024.56,-0.05,1155.56
2024-04-19 06:45:00+00:00,long,sell - take_profit,62045.6,63906.968,91902460.78,2.95,1158.51
2024-04-19 07:00:00+00:00,long,buy,64595.9,,91856509.55,-0.05,1158.46
2024-04-19 14:27:00+00:00,long,sell - stop_loss,64595.9,63949.941,90892016.2,-1.05,1157.41
2024-04-19 15:00:00+00:00,long,buy,64426.2,,90846570.19,-0.05,1157.36
2024-04-19 16:20:00+00:00,long,sell - stop_loss,64426.2,63781.937999999995,89892681.2,-1.05,1156.31
2024-04-19 17:00:00+00:00,long,buy,63985.9,,89847734.86,-0.05,1156.26
2024-04-19 18:00:00+00:00,long,sell - direction_change,63985.9,64604.3,90671156.04,0.92,1157.17
2024-04-19 18:00:00+00:00,short,buy,64604.3,,90625820.46,-0.05,1157.12
2024-04-19 19:00:00+00:00,short,sell - direction_change,64604.3,64189.7,91162101.43,0.59,1157.72
2024-04-19 19:00:00+00:00,long,buy,64189.7,,91116520.38,-0.05,1157.67
2024-04-19 20:00:00+00:00,long,sell - direction_change,64189.7,64307.2,91237751.98,0.13,1157.8
2024-04-19 20:00:00+00:00,short,buy,64307.2,,91192133.1,-0.05,1157.75
2024-04-19 21:00:00+00:00,short,sell - direction_change,64307.2,64026.1,91545156.61,0.39,1158.14
2024-04-19 21:00:00+00:00,long,buy,64026.1,,91499384.03,-0.05,1158.09
2024-04-19 22:00:00+00:00,long,sell - direction_change,64026.1,64378.9,91957819.08,0.5,1158.59
2024-04-19 22:00:00+00:00,short,buy,64378.9,,91911840.17,-0.05,1158.54
2024-04-20 04:00:00+00:00,short,sell - direction_change,64378.9,63931.8,92504195.62,0.64,1159.18
2024-04-20 04:00:00+00:00,long,buy,63931.8,,92457943.52,-0.05,1159.13
2024-04-20 06:00:00+00:00,long,sell - direction_change,63931.8,64117.6,92680417.85,0.24,1159.37
2024-04-20 06:00:00+00:00,short,buy,64117.6,,92634077.64,-0.05,1159.32
2024-04-20 15:00:00+00:00,short,sell - direction_change,64117.6,63905.9,92893614.76,0.28,1159.6
2024-04-20 15:00:00+00:00,long,buy,63905.9,,92847167.95,-0.05,1159.55
2024-04-21 09:00:00+00:00,long,sell - direction_change,63905.9,64897.6,94241558.7,1.5,1161.05
2024-04-21 09:00:00+00:00,short,buy,64897.6,,94194437.92,-0.05,1161.0
2024-04-21 10:00:00+00:00,short,sell - direction_change,64897.6,64872.7,94183481.35,-0.01,1160.99
2024-04-21 10:00:00+00:00,long,buy,64872.7,,94136389.61,-0.05,1160.94
2024-04-21 12:00:00+00:00,long,sell - direction_change,64872.7,65203.5,94569343.33,0.46,1161.4
2024-04-21 12:00:00+00:00,short,buy,65203.5,,94522058.66,-0.05,1161.35
2024-04-21 15:00:00+00:00,short,sell - direction_change,65203.5,64865.4,94964923.28,0.47,1161.82
2024-04-21 15:00:00+00:00,long,buy,64865.4,,94917440.82,-0.05,1161.77
2024-04-21 16:00:00+00:00,long,sell - direction_change,64865.4,65014.9,95088745.22,0.18,1161.95
2024-04-21 16:00:00+00:00,short,buy,65014.9,,95041200.85,-0.05,1161.9
2024-04-21 17:00:00+00:00,short,sell - direction_change,65014.9,64557.3,95662616.96,0.65,1162.56
2024-04-21 17:00:00+00:00,long,buy,64557.3,,95614785.65,-0.05,1162.51
2024-04-21 18:00:00+00:00,long,sell - direction_change,64557.3,64793.0,95916069.76,0.32,1162.82
2024-04-21 18:00:00+00:00,short,buy,64793.0,,95868111.73,-0.05,1162.77
2024-04-21 22:00:00+00:00,short,sell - direction_change,64793.0,64632.2,96058098.32,0.2,1162.97
2024-04-21 22:00:00+00:00,long,buy,64632.2,,96010069.27,-0.05,1162.92
2024-04-22 01:00:00+00:00,long,sell - direction_change,64632.2,64873.2,96320065.77,0.32,1163.24
2024-04-22 01:00:00+00:00,short,buy,64873.2,,96271905.74,-0.05,1163.19
2024-04-22 01:21:00+00:00,short,sell - stop_loss,64873.2,65521.932,95261050.72,-1.05,1162.14
2024-04-22 02:00:00+00:00,long,buy,64634.4,,95213420.2,-0.05,1162.09
2024-04-22 17:28:00+00:00,long,sell - take_profit,64634.4,66573.432,98022216.1,2.95,1165.04
2024-04-22 18:00:00+00:00,long,buy,66507.2,,97973204.99,-0.05,1164.99
2024-04-23 04:00:00+00:00,long,sell - direction_change,66507.2,66410.0,97781030.95,-0.2,1164.8
2024-04-23 04:00:00+00:00,short,buy,66410.0,,97732140.43,-0.05,1164.75
2024-04-23 13:00:00+00:00,short,sell - direction_change,66410.0,66115.0,98117410.51,0.39,1165.14
2024-04-23 13:00:00+00:00,long,buy,66115.0,,98068351.8,-0.05,1165.09
2024-04-23 15:00:00+00:00,long,sell - direction_change,66115.0,66880.4,99154635.13,1.11,1166.2
2024-04-23 15:00:00+00:00,short,buy,66880.4,,99105057.81,-0.05,1166.15
2024-04-23 16:00:00+00:00,short,sell - direction_change,66880.4,66393.2,99777450.49,0.68,1166.83
2024-04-23 16:00:00+00:00,long,buy,66393.2,,99727561.76,-0.05,1166.78
2024-04-23 20:00:00+00:00,long,sell - direction_change,66393.2,66455.9,99771878.08,0.04,1166.82
2024-04-23 20:00:00+00:00,short,buy,66455.9,,99721992.14,-0.05,1166.77
2024-04-23 21:00:00+00:00,short,sell - direction_change,66455.9,66316.3,99881611.27,0.16,1166.93
2024-04-23 21:00:00+00:00,long,buy,66316.3,,99831670.46,-0.05,1166.88
2024-04-23 23:00:00+00:00,long,sell - direction_change,66316.3,66334.0,99808399.97,-0.02,1166.86
2024-04-23 23:00:00+00:00,short,buy,66334.0,,99758495.77,-0.05,1166.81
2024-04-24 00:00:00+00:00,short,sell - direction_change,66334.0,66386.2,99630113.89,-0.13,1166.68
2024-04-24 00:00:00+00:00,long,buy,66386.2,,99580298.83,-0.05,1166.63
2024-04-24 02:00:00+00:00,long,sell - direction_change,66386.2,66704.9,100008563.48,0.43,1167.06
2024-04-24 02:00:00+00:00,short,buy,66704.9,,99958559.2,-0.05,1167.01
2024-04-24 03:00:00+00:00,short,sell - direction_change,66704.9,66499.2,100216825.27,0.26,1167.27
2024-04-24 03:00:00+00:00,long,buy,66499.2,,100166716.86,-0.05,1167.22
2024-04-24 09:00:00+00:00,long,sell - direction_change,66499.2,66506.1,100127026.87,-0.04,1167.18
2024-04-24 09:00:00+00:00,short,buy,66506.1,,100076963.35,-0.05,1167.13
2024-04-24 15:44:00+00:00,short,sell - take_profit,66506.1,64510.917,103029233.77,2.95,1170.08
2024-04-24 16:00:00+00:00,short,buy,64593.5,,102977719.15,-0.05,1170.03
2024-04-25 04:00:00+00:00,short,sell - direction_change,64593.5,64259.9,103458069.68,0.47,1170.49
2024-04-25 04:00:00+00:00,long,buy,64259.9,,103406340.64,-0.05,1170.44
2024-04-25 05:00:00+00:00,long,sell - direction_change,64259.9,64315.4,103443947.47,0.04,1170.48
2024-04-25 05:00:00+00:00,short,buy,64315.4,,103392225.5,-0.05,1170.43
2024-04-25 06:00:00+00:00,short,sell - direction_change,64315.4,64190.7,103540994.76,0.14,1170.57
2024-04-25 06:00:00+00:00,long,buy,64190.7,,103489224.26,-0.05,1170.52
2024-04-25 07:00:00+00:00,long,sell - direction_change,64190.7,64260.5,103550012.27,0.06,1170.58
2024-04-25 07:00:00+00:00,short,buy,64260.5,,103498237.27,-0.05,1170.53
2024-04-25 15:00:00+00:00,short,sell - direction_change,64260.5,63358.0,104900058.52,1.35,1171.89
2024-04-25 15:00:00+00:00,long,buy,63358.0,,104847608.49,-0.05,1171.84
2024-04-25 21:17:00+00:00,long,sell - take_profit,63358.0,65258.740000000005,107940612.94,2.95,1174.79
2024-04-25 22:00:00+00:00,long,buy,64672.8,,107886642.64,-0.05,1174.74
2024-04-26 01:04:00+00:00,long,sell - stop_loss,64672.8,64026.072,106753832.89,-1.05,1173.69
2024-04-26 02:00:00+00:00,long,buy,64370.9,,106700455.97,-0.05,1173.64
2024-04-26 03:00:00+00:00,long,sell - direction_change,64370.9,64470.3,106811870.03,0.1,1173.74
2024-04-26 03:00:00+00:00,short,buy,64470.3,,106758464.1,-0.05,1173.69
2024-04-26 05:00:00+00:00,short,sell - direction_change,64470.3,64187.1,107174044.94,0.39,1174.08
2024-04-26 05:00:00+00:00,long,buy,64187.1,,107120457.92,-0.05,1174.03
2024-04-26 06:00:00+00:00,long,sell - direction_change,64187.1,64527.1,107634316.31,0.48,1174.51
2024-04-26 06:00:00+00:00,short,buy,64527.1,,107580499.15,-0.05,1174.46
2024-04-26 08:00:00+00:00,short,sell - direction_change,64527.1,64236.7,108010867.92,0.4,1174.86
2024-04-26 08:00:00+00:00,long,buy,64236.7,,107956862.48,-0.05,1174.81
2024-04-26 10:00:00+00:00,long,sell - direction_change,64236.7,64454.1,108268248.74,0.29,1175.1
2024-04-26 10:00:00+00:00,short,buy,64454.1,,108214114.62,-0.05,1175.05
2024-04-26 13:00:00+00:00,short,sell - direction_change,64454.1,64114.5,108730173.2,0.48,1175.53
2024-04-26 13:00:00+00:00,long,buy,64114.5,,108675808.11,-0.05,1175.48
2024-04-26 14:00:00+00:00,long,sell - direction_change,64114.5,64465.4,109216255.18,0.5,1175.97
2024-04-26 14:00:00+00:00,short,buy,64465.4,,109161647.05,-0.05,1175.92
2024-04-27 01:17:00+00:00,short,sell - take_profit,64465.4,62531.438,112381915.64,2.95,1178.87
2024-04-27 02:00:00+00:00,short,buy,62565.0,,112325724.68,-0.05,1178.82
2024-04-27 02:31:00+00:00,short,sell - stop_loss,62565.0,63190.65,111146304.57,-1.05,1177.77
2024-04-27 03:00:00+00:00,short,buy,62888.3,,111090731.42,-0.05,1177.72
2024-04-27 11:00:00+00:00,short,sell - direction_change,62888.3,62772.4,111239920.73,0.13,1177.86
2024-04-27 11:00:00+00:00,long,buy,62772.4,,111184300.77,-0.05,1177.81
2024-04-27 15:00:00+00:00,long,sell - direction_change,62772.4,63101.8,111712151.48,0.47,1178.28
2024-04-27 15:00:00+00:00,short,buy,63101.8,,111656295.41,-0.05,1178.23
2024-04-27 17:00:00+00:00,short,sell - direction_change,63101.8,62712.9,112288611.39,0.57,1178.8
2024-04-27 17:00:00+00:00,long,buy,62712.9,,112232467.09,-0.05,1178.75
2024-04-28 11:00:00+00:00,long,sell - direction_change,62712.9,63663.7,113877924.69,1.47,1180.22
2024-04-28 11:00:00+00:00,short,buy,63663.7,,113820985.72,-0.05,1180.17
2024-04-28 17:00:00+00:00,short,sell - direction_change,63663.7,63676.5,113741190.78,-0.07,1180.09
2024-04-28 17:00:00+00:00,long,buy,63676.5,,113684320.19,-0.05,1180.04
2024-04-28 19:00:00+00:00,long,sell - direction_change,63676.5,63900.4,114027216.07,0.3,1180.35
2024-04-28 19:00:00+00:00,short,buy,63900.4,,113970202.46,-0.05,1180.3
2024-04-29 06:48:00+00:00,short,sell - take_profit,63900.4,61983.388,117332323.43,2.95,1183.25
2024-04-29 07:00:00+00:00,short,buy,62170.9,,117273657.27,-0.05,1183.2
2024-04-29 14:00:00+00:00,short,sell - direction_change,62170.9,61990.1,117556065.48,0.24,1183.44
2024-04-29 14:00:00+00:00,long,buy,61990.1,,117497287.45,-0.05,1183.39
2024-04-29 22:32:00+00:00,long,sell - take_profit,61990.1,63849.803,120963457.43,2.95,1186.34
2024-04-29 23:00:00+00:00,long,buy,63860.1,,120902975.7,-0.05,1186.29
2024-04-30 02:03:00+00:00,long,sell - stop_loss,63860.1,63221.498999999996,119633494.46,-1.05,1185.24
2024-04-30 03:00:00+00:00,long,buy,63754.1,,119573677.71,-0.05,1185.19
2024-04-30 05:37:00+00:00,long,sell - stop_loss,63754.1,63116.559,118318154.09,-1.05,1184.14
2024-04-30 06:00:00+00:00,long,buy,63296.0,,118258995.02,-0.05,1184.09
2024-04-30 07:00:00+00:00,long,sell - direction_change,63296.0,63377.6,118352322.77,0.08,1184.17
2024-04-30 07:00:00+00:00,short,buy,63377.6,,118293146.61,-0.05,1184.12
2024-04-30 09:34:00+00:00,short,sell - take_profit,63377.6,61476.272,121782794.43,2.95,1187.07
2024-04-30 10:00:00+00:00,short,buy,61658.9,,121721903.03,-0.05,1187.02
2024-04-30 19:15:00+00:00,short,sell - take_profit,61658.9,59809.133,125312699.17,2.95,1189.97
2024-04-30 20:00:00+00:00,short,buy,59276.1,,125250042.82,-0.05,1189.92
2024-04-30 20:06:00+00:00,short,sell - stop_loss,59276.1,59868.861,123934917.37,-1.05,1188.87
2024-04-30 21:00:00+00:00,short,buy,59931.9,,123872949.92,-0.05,1188.82
2024-04-30 22:00:00+00:00,short,sell - direction_change,59931.9,60149.2,123361877.14,-0.41,1188.4
2024-04-30 22:00:00+00:00,long,buy,60149.2,,123300196.2,-0.05,1188.35
2024-05-01 00:00:00+00:00,long,sell - direction_change,60149.2,60651.2,124267598.83,0.78,1189.14
2024-05-01 00:00:00+00:00,short,buy,60651.2,,124205465.03,-0.05,1189.09
2024-05-01 04:00:00+00:00,short,sell - direction_change,60651.2,60214.0,125038688.84,0.67,1189.76
2024-05-01 04:00:00+00:00,long,buy,60214.0,,124976169.5,-0.05,1189.71
2024-05-01 05:00:00+00:00,long,sell - direction_change,60214.0,60262.6,125014552.34,0.03,1189.74
2024-05-01 05:00:00+00:00,short,buy,60262.6,,124952045.06,-0.05,1189.69
2024-05-01 07:08:00+00:00,short,sell - take_profit,60262.6,58454.721999999994,128638130.39,2.95,1192.64
2024-05-01 08:00:00+00:00,short,buy,57482.0,,128573811.33,-0.05,1192.59
2024-05-01 12:10:00+00:00,short,sell - stop_loss,57482.0,58056.82,127223786.31,-1.05,1191.54
2024-05-01 13:00:00+00:00,short,buy,57946.3,,127160174.42,-0.05,1191.49
2024-05-01 18:00:00+00:00,short,sell - direction_change,57946.3,57398.5,128298713.25,0.9,1192.39
2024-05-01 18:00:00+00:00,long,buy,57398.5,,128234563.89,-0.05,1192.34
2024-05-01 18:52:00+00:00,long,sell - take_profit,57398.5,59120.455,132017483.53,2.95,1195.29
2024-05-01 19:00:00+00:00,short,buy,58884.4,,131951474.78,-0.05,1195.24
2024-05-01 19:34:00+00:00,short,sell - take_profit,58884.4,57117.868,135844043.29,2.95,1198.19
2024-05-01 20:00:00+00:00,short,buy,56935.7,,135776121.27,-0.05,1198.14
2024-05-01 20:46:00+00:00,short,sell - stop_loss,56935.7,57505.057,134350472.0,-1.05,1197.09
2024-05-01 21:00:00+00:00,long,buy,57334.1,,134283296.76,-0.05,1197.04
2024-05-01 22:00:00+00:00,long,sell - direction_change,57334.1,57888.0,135513454.94,0.92,1197.95
2024-05-01 22:00:00+00:00,short,buy,57888.0,,135445698.21,-0.05,1197.9
2024-05-01 23:00:00+00:00,short,sell - direction_change,57888.0,57858.0,135448169.03,0.0,1197.9
2024-05-01 23:00:00+00:00,long,buy,57858.0,,135380444.94,-0.05,1197.85
2024-05-02 01:00:00+00:00,long,sell - direction_change,57858.0,57736.4,135028226.01,-0.26,1197.59
2024-05-02 01:00:00+00:00,short,buy,57736.4,,134960711.9,-0.05,1197.54
2024-05-02 02:00:00+00:00,short,sell - direction_change,57736.4,57096.5,136389018.59,1.06,1198.6
2024-05-02 02:00:00+00:00,long,buy,57096.5,,136320824.09,-0.05,1198.55
2024-05-02 04:00:00+00:00,long,sell - direction_change,57096.5,57407.7,136995669.64,0.5,1199.05
2024-05-02 04:00:00+00:00,short,buy,57407.7,,136927171.81,-0.05,1199.0
2024-05-02 05:00:00+00:00,short,sell - direction_change,57407.7,57372.9,136941712.17,0.01,1199.01
2024-05-02 05:00:00+00:00,long,buy,57372.9,,136873241.31,-0.05,1198.96
2024-05-02 07:00:00+00:00,long,sell - direction_change,57372.9,57600.8,137348500.61,0.35,1199.3
2024-05-02 07:00:00+00:00,short,buy,57600.8,,137279826.36,-0.05,1199.25
2024-05-02 08:00:00+00:00,short,sell - direction_change,57600.8,57645.0,137105844.71,-0.13,1199.13
2024-05-02 08:00:00+00:00,long,buy,57645.0,,137037291.79,-0.05,1199.08
2024-05-02 15:45:00+00:00,long,sell - take_profit,57645.0,59374.35,141079891.9,2.95,1202.03
2024-05-02 16:00:00+00:00,long,buy,59230.8,,141009351.95,-0.05,1201.98
2024-05-02 20:40:00+00:00,long,sell - stop_loss,59230.8,58638.492000000006,139528753.76,-1.05,1200.93
2024-05-02 21:00:00+00:00,long,buy,58691.3,,139458989.38,-0.05,1200.88
2024-05-03 10:00:00+00:00,long,sell - direction_change,58691.3,59445.3,141180872.58,1.23,1202.11
2024-05-03 10:00:00+00:00,short,buy,59445.3,,141110282.14,-0.05,1202.06
2024-05-03 12:00:00+00:00,short,sell - direction_change,59445.3,59269.4,141457275.55,0.25,1202.31
2024-05-03 12:00:00+00:00,long,buy,59269.4,,141386546.91,-0.05,1202.26
2024-05-03 13:04:00+00:00,long,sell - take_profit,59269.4,61047.482,145557450.04,2.95,1205.21
2024-05-03 14:00:00+00:00,long,buy,61654.0,,145484671.32,-0.05,1205.16
2024-05-04 01:29:00+00:00,long,sell - take_profit,61654.0,63503.62,149776469.12,2.95,1208.11
2024-05-04 02:00:00+00:00,long,buy,62832.1,,149701580.89,-0.05,1208.06
2024-05-04 22:00:00+00:00,long,sell - direction_change,62832.1,63877.4,152117225.6,1.61,1209.67
2024-05-04 22:00:00+00:00,short,buy,63877.4,,152041166.99,-0.05,1209.62
2024-05-04 23:00:00+00:00,short,sell - direction_change,63877.4,63581.3,152669924.46,0.41,1210.04
2024-05-04 23:00:00+00:00,long,buy,63581.3,,152593589.49,-0.05,1209.99
2024-05-05 00:00:00+00:00,long,sell - direction_change,63581.3,63864.3,153196485.89,0.4,1210.38
2024-05-05 00:00:00+00:00,short,buy,63864.3,,153119887.64,-0.05,1210.33
2024-05-05 08:00:00+00:00,short,sell - direction_change,63864.3,63697.1,153444203.39,0.21,1210.54
2024-05-05 08:00:00+00:00,long,buy,63697.1,,153367481.29,-0.05,1210.49
2024-05-05 09:00:00+00:00,long,sell - direction_change,63697.1,63639.6,153152351.21,-0.14,1210.35
2024-05-05 09:00:00+00:00,short,buy,63639.6,,153075775.03,-0.05,1210.3
2024-05-05 10:00:00+00:00,short,sell - direction_change,63639.6,63638.3,153002364.11,-0.05,1210.25
2024-05-05 10:00:00+00:00,long,buy,63638.3,,152925862.92,-0.05,1210.2
2024-05-06 02:00:00+00:00,long,sell - direction_change,63638.3,64108.3,153978832.36,0.69,1210.89
2024-05-06 02:00:00+00:00,short,buy,64108.3,,153901842.94,-0.05,1210.84
2024-05-06 04:00:00+00:00,short,sell - direction_change,64108.3,63830.0,154492994.01,0.38,1211.23
2024-05-06 04:00:00+00:00,long,buy,63830.0,,154415747.51,-0.05,1211.18
2024-05-06 10:00:00+00:00,long,sell - direction_change,63830.0,65133.7,157492414.15,1.99,1213.17
2024-05-06 10:00:00+00:00,short,buy,65133.7,,157413667.94,-0.05,1213.12
2024-05-06 11:00:00+00:00,short,sell - direction_change,65133.7,63981.9,160118605.56,1.72,1214.84
2024-05-06 11:00:00+00:00,long,buy,63981.9,,160038546.26,-0.05,1214.79
2024-05-06 12:00:00+00:00,long,sell - direction_change,63981.9,64178.1,160449283.95,0.26,1215.04
2024-05-06 12:00:00+00:00,short,buy,64178.1,,160369059.3,-0.05,1214.99
2024-05-06 13:00:00+00:00,short,sell - direction_change,64178.1,63579.9,161783664.61,0.88,1215.88
2024-05-06 13:00:00+00:00,long,buy,63579.9,,161702772.77,-0.05,1215.83
2024-05-06 14:00:00+00:00,long,sell - direction_change,63579.9,63855.9,162323872.24,0.38,1216.21
2024-05-06 14:00:00+00:00,short,buy,63855.9,,162242710.31,-0.05,1216.16
2024-05-07 00:00:00+00:00,short,sell - direction_change,63855.9,63142.7,163973661.15,1.07,1217.23
2024-05-07 00:00:00+00:00,long,buy,63142.7,,163891674.32,-0.05,1217.18
2024-05-07 13:00:00+00:00,long,sell - direction_change,63142.7,63634.7,165086751.86,0.73,1217.91
2024-05-07 13:00:00+00:00,short,buy,63634.7,,165004208.48,-0.05,1217.86
2024-05-07 14:00:00+00:00,short,sell - direction_change,63634.7,63191.5,166070920.01,0.65,1218.5
2024-05-07 14:00:00+00:00,long,buy,63191.5,,165987884.55,-0.05,1218.45
2024-05-07 17:00:00+00:00,long,sell - direction_change,63191.5,63613.0,167012063.15,0.62,1219.07
2024-05-07 17:00:00+00:00,short,buy,63613.0,,166928557.12,-0.05,1219.02
2024-05-08 14:00:00+00:00,short,sell - direction_change,63613.0,62417.4,169982498.45,1.83,1220.85
2024-05-08 14:00:00+00:00,long,buy,62417.4,,169897507.2,-0.05,1220.8
2024-05-08 15:00:00+00:00,long,sell - direction_change,62417.4,62530.0,170119050.85,0.13,1220.93
2024-05-08 15:00:00+00:00,short,buy,62530.0,,170033991.33,-0.05,1220.88
2024-05-08 17:00:00+00:00,short,sell - direction_change,62530.0,62419.0,170250809.82,0.13,1221.01
2024-05-08 17:00:00+00:00,long,buy,62419.0,,170165684.41,-0.05,1220.96
2024-05-08 19:00:00+00:00,long,sell - direction_change,62419.0,62490.7,170276068.97,0.06,1221.02
2024-05-08 19:00:00+00:00,short,buy,62490.7,,170190930.94,-0.05,1220.97
2024-05-09 06:00:00+00:00,short,sell - direction_change,62490.7,61547.2,172675420.12,1.46,1222.43
2024-05-09 06:00:00+00:00,long,buy,61547.2,,172589082.41,-0.05,1222.38
2024-05-09 07:00:00+00:00,long,sell - direction_change,61547.2,61579.8,172594203.95,0.0,1222.38
2024-05-09 07:00:00+00:00,short,buy,61579.8,,172507906.85,-0.05,1222.33
2024-05-09 12:00:00+00:00,short,sell - direction_change,61579.8,61033.0,173953442.92,0.84,1223.17
2024-05-09 12:00:00+00:00,long,buy,61033.0,,173866466.2,-0.05,1223.12
2024-05-09 13:00:00+00:00,long,sell - direction_change,61033.0,61480.8,175055193.74,0.68,1223.81
2024-05-09 13:00:00+00:00,short,buy,61480.8,,174967666.14,-0.05,1223.76
2024-05-09 14:00:00+00:00,short,sell - direction_change,61480.8,61165.4,175777776.38,0.46,1224.22
2024-05-09 14:00:00+00:00,long,buy,61165.4,,175689887.49,-0.05,1224.17
2024-05-09 22:47:00+00:00,long,sell - take_profit,61165.4,63000.362,180872739.18,2.95,1227.12
2024-05-09 23:00:00+00:00,long,buy,63252.7,,180782302.81,-0.05,1227.07
2024-05-10 14:00:00+00:00,long,sell - direction_change,63252.7,62977.5,179905363.57,-0.49,1226.58
2024-05-10 14:00:00+00:00,short,buy,62977.5,,179815410.89,-0.05,1226.53
2024-05-10 14:52:00+00:00,short,sell - take_profit,62977.5,61088.174999999996,185119965.51,2.95,1229.48
2024-05-10 15:00:00+00:00,short,buy,61034.7,,185027405.53,-0.05,1229.43
2024-05-11 04:00:00+00:00,short,sell - direction_change,61034.7,60706.0,185931349.72,0.49,1229.92
2024-05-11 04:00:00+00:00,long,buy,60706.0,,185838384.04,-0.05,1229.87
2024-05-11 08:00:00+00:00,long,sell - direction_change,60706.0,60989.0,186611808.58,0.42,1230.29
2024-05-11 08:00:00+00:00,short,buy,60989.0,,186518502.68,-0.05,1230.24
2024-05-11 09:00:00+00:00,short,sell - direction_change,60989.0,60763.8,187113957.24,0.32,1230.56
2024-05-11 09:00:00+00:00,long,buy,60763.8,,187020400.26,-0.05,1230.51
2024-05-11 10:00:00+00:00,long,sell - direction_change,60763.8,60876.2,187272837.7,0.13,1230.64
2024-05-11 10:00:00+00:00,short,buy,60876.2,,187179201.28,-0.05,1230.59
2024-05-11 13:00:00+00:00,short,sell - direction_change,60876.2,60681.0,187685803.22,0.27,1230.86
2024-05-11 13:00:00+00:00,long,buy,60681.0,,187591960.31,-0.05,1230.81
2024-05-11 23:00:00+00:00,long,sell - direction_change,60681.0,60879.8,188112743.56,0.28,1231.09
2024-05-11 23:00:00+00:00,short,buy,60879.8,,188018687.18,-0.05,1231.04
2024-05-12 00:00:00+00:00,short,sell - direction_change,60879.8,60809.2,188142716.0,0.07,1231.11
2024-05-12 00:00:00+00:00,long,buy,60809.2,,188048644.64,-0.05,1231.06
2024-05-12 01:00:00+00:00,long,sell - direction_change,60809.2,60951.9,188395911.13,0.18,1231.24
2024-05-12 01:00:00+00:00,short,buy,60951.9,,188301713.18,-0.05,1231.19
2024-05-12 03:00:00+00:00,short,sell - direction_change,60951.9,60898.9,188371297.84,0.04,1231.23
2024-05-12 03:00:00+00:00,long,buy,60898.9,,188277112.19,-0.05,1231.18
2024-05-12 06:00:00+00:00,long,sell - direction_change,60898.9,61018.2,188551805.57,0.15,1231.33
2024-05-12 06:00:00+00:00,short,buy,61018.2,,188457529.67,-0.05,1231.28
2024-05-12 08:00:00+00:00,short,sell - direction_change,61018.2,60803.8,189025485.21,0.3,1231.58
2024-05-12 08:00:00+00:00,long,buy,60803.8,,188930972.47,-0.05,1231.53
2024-05-13 02:00:00+00:00,long,sell - direction_change,60803.8,61394.0,190670390.06,0.92,1232.45
2024-05-13 02:00:00+00:00,short,buy,61394.0,,190575054.87,-0.05,1232.4
2024-05-13 06:00:00+00:00,short,sell - direction_change,61394.0,60837.8,192206285.33,0.86,1233.25
2024-05-13 06:00:00+00:00,long,buy,60837.8,,192110182.19,-0.05,1233.2
2024-05-13 08:15:00+00:00,long,sell - take_profit,60837.8,62662.934,197777432.56,2.95,1236.15
2024-05-13 09:00:00+00:00,long,buy,62749.4,,197678543.84,-0.05,1236.1
2024-05-13 22:00:00+00:00,long,sell - direction_change,62749.4,62881.5,197995857.33,0.16,1236.26
2024-05-13 22:00:00+00:00,short,buy,62881.5,,197896859.4,-0.05,1236.21
2024-05-13 23:00:00+00:00,short,sell - direction_change,62881.5,62742.6,198235048.66,0.17,1236.38
2024-05-13 23:00:00+00:00,long,buy,62742.6,,198135931.14,-0.05,1236.33
2024-05-14 01:00:00+00:00,long,sell - direction_change,62742.6,62798.1,198212127.57,0.04,1236.37
2024-05-14 01:00:00+00:00,short,buy,62798.1,,198113021.51,-0.05,1236.32
2024-05-14 05:00:00+00:00,short,sell - direction_change,62798.1,62523.9,198879000.57,0.39,1236.71
2024-05-14 05:00:00+00:00,long,buy,62523.9,,198779561.07,-0.05,1236.66
2024-05-14 06:00:00+00:00,long,sell - direction_change,62523.9,62693.9,199220645.02,0.22,1236.88
2024-05-14 06:00:00+00:00,short,buy,62693.9,,199121034.7,-0.05,1236.83
2024-05-14 21:00:00+00:00,short,sell - direction_change,62693.9,61589.5,202529140.33,1.71,1238.54
2024-05-14 21:00:00+00:00,long,buy,61589.5,,202427875.76,-0.05,1238.49
2024-05-14 23:00:00+00:00,long,sell - direction_change,61589.5,61680.0,202624110.62,0.1,1238.59
2024-05-14 23:00:00+00:00,short,buy,61680.0,,202522798.56,-0.05,1238.54
2024-05-15 01:00:00+00:00,short,sell - direction_change,61680.0,61413.2,203297559.9,0.38,1238.92
2024-05-15 01:00:00+00:00,long,buy,61413.2,,203195911.12,-0.05,1238.87
2024-05-15 12:30:00+00:00,long,sell - take_profit,61413.2,63255.596,209190190.5,2.95,1241.82
2024-05-15 13:00:00+00:00,long,buy,63735.1,,209085595.41,-0.05,1241.77
2024-05-15 18:57:00+00:00,long,sell - take_profit,63735.1,65647.153,215253620.47,2.95,1244.72
2024-05-15 19:00:00+00:00,long,buy,65685.1,,215145993.66,-0.05,1244.67
2024-05-16 14:00:00+00:00,long,sell - direction_change,65685.1,66300.0,217052473.64,0.89,1245.56
2024-05-16 14:00:00+00:00,short,buy,66300.0,,216943947.41,-0.05,1245.51
2024-05-16 15:00:00+00:00,short,sell - direction_change,66300.0,65577.2,219200589.84,1.04,1246.55
2024-05-16 15:00:00+00:00,long,buy,65577.2,,219090989.55,-0.05,1246.5
2024-05-16 16:00:00+00:00,long,sell - direction_change,65577.2,65800.0,219725810.58,0.29,1246.79
2024-05-16 16:00:00+00:00,short,buy,65800.0,,219615947.67,-0.05,1246.74
2024-05-17 02:00:00+00:00,short,sell - direction_change,65800.0,65311.1,221137906.21,0.69,1247.43
2024-05-17 02:00:00+00:00,long,buy,65311.1,,221027337.26,-0.05,1247.38
2024-05-17 15:29:00+00:00,long,sell - take_profit,65311.1,67270.433,227547643.71,2.95,1250.33
2024-05-17 16:00:00+00:00,long,buy,67169.9,,227433869.89,-0.05,1250.28
2024-05-17 18:01:00+00:00,long,sell - stop_loss,67169.9,66498.20099999999,225045814.25,-1.05,1249.23
2024-05-17 19:00:00+00:00,long,buy,66785.7,,224933291.35,-0.05,1249.18
2024-05-18 02:00:00+00:00,long,sell - direction_change,66785.7,66943.5,225352292.87,0.19,1249.37
2024-05-18 02:00:00+00:00,short,buy,66943.5,,225239616.72,-0.05,1249.32
2024-05-18 03:00:00+00:00,short,sell - direction_change,66943.5,66875.4,225356127.71,0.05,1249.37
2024-05-18 03:00:00+00:00,long,buy,66875.4,,225243449.65,-0.05,1249.32
2024-05-18 05:00:00+00:00,long,sell - direction_change,66875.4,66859.3,225076601.42,-0.07,1249.25
2024-05-18 05:00:00+00:00,short,buy,66859.3,,224964063.11,-0.05,1249.2
2024-05-18 06:00:00+00:00,short,sell - direction_change,66859.3,66826.2,224962953.93,-0.0,1249.2
2024-05-18 06:00:00+00:00,long,buy,66826.2,,224850472.45,-0.05,1249.15
2024-05-18 13:00:00+00:00,long,sell - direction_change,66826.2,66917.1,225043898.93,0.09,1249.23
2024-05-18 13:00:00+00:00,short,buy,66917.1,,224931376.98,-0.05,1249.18
2024-05-18 19:00:00+00:00,short,sell - direction_change,66917.1,66761.2,225342944.79,0.18,1249.36
2024-05-18 19:00:00+00:00,long,buy,66761.2,,225230273.31,-0.05,1249.31
2024-05-18 21:00:00+00:00,long,sell - direction_change,66761.2,66934.0,225700628.39,0.21,1249.52
2024-05-18 21:00:00+00:00,short,buy,66934.0,,225587778.08,-0.05,1249.47
2024-05-18 23:00:00+00:00,short,sell - direction_change,66934.0,66890.0,225623277.47,0.02,1249.49
2024-05-18 23:00:00+00:00,long,buy,66890.0,,225510465.83,-0.05,1249.44
2024-05-19 00:00:00+00:00,long,sell - direction_change,66890.0,66884.9,225380516.65,-0.06,1249.38
2024-05-19 00:00:00+00:00,short,buy,66884.9,,225267826.39,-0.05,1249.33
2024-05-19 01:00:00+00:00,short,sell - direction_change,66884.9,66883.0,225161591.66,-0.05,1249.28
2024-05-19 01:00:00+00:00,long,buy,66883.0,,225049010.86,-0.05,1249.23
2024-05-19 12:00:00+00:00,long,sell - direction_change,66883.0,67303.4,226351055.15,0.58,1249.81
2024-05-19 12:00:00+00:00,short,buy,67303.4,,226237879.62,-0.05,1249.76
2024-05-19 13:00:00+00:00,short,sell - direction_change,67303.4,66798.9,227820618.69,0.7,1250.46
2024-05-19 13:00:00+00:00,long,buy,66798.9,,227706708.38,-0.05,1250.41
2024-05-19 14:00:00+00:00,long,sell - direction_change,66798.9,67010.5,228314165.4,0.27,1250.68
2024-05-19 14:00:00+00:00,short,buy,67010.5,,228200008.32,-0.05,1250.63
2024-05-20 02:00:00+00:00,short,sell - direction_change,67010.5,66494.0,229844816.31,0.72,1251.35
2024-05-20 02:00:00+00:00,long,buy,66494.0,,229729893.9,-0.05,1251.3
2024-05-20 06:00:00+00:00,long,sell - direction_change,66494.0,67107.5,231734608.02,0.87,1252.17
2024-05-20 06:00:00+00:00,short,buy,67107.5,,231618740.71,-0.05,1252.12
2024-05-20 07:00:00+00:00,short,sell - direction_change,67107.5,66372.5,234039753.22,1.05,1253.17
2024-05-20 07:00:00+00:00,long,buy,66372.5,,233922733.35,-0.05,1253.12
2024-05-20 17:12:00+00:00,long,sell - take_profit,66372.5,68363.675,240823453.98,2.95,1256.07
2024-05-20 18:00:00+00:00,long,buy,68294.6,,240703042.25,-0.05,1256.02
2024-05-20 20:00:00+00:00,long,sell - take_profit,68294.6,70343.43800000001,247803782.0,2.95,1258.97
2024-05-20 21:00:00+00:00,long,buy,69490.0,,247679880.11,-0.05,1258.92
2024-05-20 23:28:00+00:00,long,sell - take_profit,69490.0,71574.7,254986436.57,2.95,1261.87
2024-05-21 00:00:00+00:00,long,buy,71466.5,,254858943.35,-0.05,1261.82
2024-05-21 01:25:00+00:00,long,sell - stop_loss,71466.5,70751.835,252182924.45,-1.05,1260.77
2024-05-21 02:00:00+00:00,long,buy,71124.8,,252056832.99,-0.05,1260.72
2024-05-21 13:00:00+00:00,long,sell - direction_change,71124.8,71387.9,252863195.98,0.32,1261.04
2024-05-21 13:00:00+00:00,short,buy,71387.9,,252736764.38,-0.05,1260.99
2024-05-21 19:28:00+00:00,short,sell - take_profit,71387.9,69246.26299999999,260192498.93,2.95,1263.94
2024-05-21 20:00:00+00:00,short,buy,69319.2,,260062402.68,-0.05,1263.89
2024-05-21 22:22:00+00:00,short,sell - stop_loss,69319.2,70012.39199999999,257331747.46,-1.05,1262.84
2024-05-21 23:00:00+00:00,short,buy,70238.7,,257203081.58,-0.05,1262.79
2024-05-22 01:00:00+00:00,short,sell - direction_change,70238.7,70133.5,257459705.91,0.1,1262.89
2024-05-22 01:00:00+00:00,long,buy,70133.5,,257330976.06,-0.05,1262.84
2024-05-22 02:00:00+00:00,long,sell - direction_change,70133.5,70200.0,257446309.65,0.04,1262.88
2024-05-22 02:00:00+00:00,short,buy,70200.0,,257317586.5,-0.05,1262.83
2024-05-22 03:00:00+00:00,short,sell - direction_change,70200.0,70042.0,257768075.55,0.18,1263.01
2024-05-22 03:00:00+00:00,long,buy,70042.0,,257639191.51,-0.05,1262.96
2024-05-22 04:00:00+00:00,long,sell - direction_change,70042.0,70001.9,257362869.97,-0.11,1262.85
2024-05-22 04:00:00+00:00,short,buy,70001.9,,257234188.53,-0.05,1262.8
2024-05-22 05:00:00+00:00,short,sell - direction_change,70001.9,69647.7,258407141.1,0.46,1263.26
2024-05-22 05:00:00+00:00,long,buy,69647.7,,258277937.53,-0.05,1263.21
2024-05-22 07:00:00+00:00,long,sell - direction_change,69647.7,69925.0,259177123.58,0.35,1263.55
2024-05-22 07:00:00+00:00,short,buy,69925.0,,259047535.02,-0.05,1263.5
2024-05-22 08:00:00+00:00,short,sell - direction_change,69925.0,69759.6,259530760.08,0.19,1263.69
2024-05-22 08:00:00+00:00,long,buy,69759.6,,259400994.7,-0.05,1263.64
2024-05-22 09:00:00+00:00,long,sell - direction_change,69759.6,70049.0,260347427.78,0.36,1264.01
2024-05-22 09:00:00+00:00,short,buy,70049.0,,260217254.07,-0.05,1263.96
2024-05-22 10:00:00+00:00,short,sell - direction_change,70049.0,70030.3,260156612.0,-0.02,1263.93
2024-05-22 10:00:00+00:00,long,buy,70030.3,,260026533.69,-0.05,1263.88
2024-05-22 11:00:00+00:00,long,sell - direction_change,70030.3,70226.7,260625764.93,0.23,1264.11
2024-05-22 11:00:00+00:00,short,buy,70226.7,,260495452.04,-0.05,1264.06
2024-05-22 14:00:00+00:00,short,sell - direction_change,70226.7,69626.1,262593040.29,0.81,1264.87
2024-05-22 14:00:00+00:00,long,buy,69626.1,,262461743.77,-0.05,1264.82
2024-05-22 18:00:00+00:00,long,sell - direction_change,69626.1,69890.2,263326061.21,0.33,1265.15
2024-05-22 18:00:00+00:00,short,buy,69890.2,,263194398.18,-0.05,1265.1
2024-05-23 06:00:00+00:00,short,sell - direction_change,69890.2,69508.7,264499463.96,0.5,1265.59
2024-05-23 06:00:00+00:00,long,buy,69508.7,,264367214.23,-0.05,1265.54
2024-05-23 12:00:00+00:00,long,sell - direction_change,69508.7,70019.4,266177411.02,0.68,1266.23
2024-05-23 12:00:00+00:00,short,buy,70019.4,,266044322.31,-0.05,1266.18
2024-05-23 13:50:00+00:00,short,sell - take_profit,70019.4,67918.818,273892629.82,2.95,1269.13
2024-05-23 14:00:00+00:00,short,buy,68062.8,,273755683.51,-0.05,1269.08
2024-05-24 02:00:00+00:00,short,sell - direction_change,68062.8,67761.3,274831470.12,0.39,1269.47
2024-05-24 02:00:00+00:00,long,buy,67761.3,,274694054.39,-0.05,1269.42
2024-05-24 06:00:00+00:00,long,sell - direction_change,67761.3,67318.3,272760852.41,-0.7,1268.72
2024-05-24 06:00:00+00:00,short,buy,67318.3,,272624471.99,-0.05,1268.67
2024-05-24 14:00:00+00:00,short,sell - direction_change,67318.3,67105.7,273349143.5,0.27,1268.93
2024-05-24 14:00:00+00:00,long,buy,67105.7,,273212468.93,-0.05,1268.88
2024-05-24 18:05:00+00:00,long,sell - take_profit,67105.7,69118.871,281272236.77,2.95,1271.83
2024-05-24 19:00:00+00:00,long,buy,68982.0,,281131600.65,-0.05,1271.78
2024-05-25 06:00:00+00:00,long,sell - direction_change,68982.0,68744.1,280021489.06,-0.39,1271.39
2024-05-25 06:00:00+00:00,short,buy,68744.1,,279881478.31,-0.05,1271.34
2024-05-25 08:00:00+00:00,short,sell - direction_change,68744.1,68775.1,279615325.64,-0.1,1271.24
2024-05-25 08:00:00+00:00,long,buy,68775.1,,279475517.98,-0.05,1271.19
2024-05-26 02:00:00+00:00,long,sell - direction_change,68775.1,69180.5,280983169.68,0.54,1271.73
2024-05-26 02:00:00+00:00,short,buy,69180.5,,280842678.09,-0.05,1271.68
2024-05-26 03:00:00+00:00,short,sell - direction_change,69180.5,68925.1,281739069.44,0.32,1272.0
2024-05-26 03:00:00+00:00,long,buy,68925.1,,281598199.91,-0.05,1271.95
2024-05-26 04:00:00+00:00,long,sell - direction_change,68925.1,69093.2,282144184.83,0.19,1272.15
2024-05-26 04:00:00+00:00,short,buy,69093.2,,282003112.73,-0.05,1272.1
2024-05-26 05:00:00+00:00,short,sell - direction_change,69093.2,68993.6,282268627.45,0.09,1272.19
2024-05-26 05:00:00+00:00,long,buy,68993.6,,282127493.14,-0.05,1272.14
2024-05-26 09:00:00+00:00,long,sell - direction_change,68993.6,69182.3,282758058.32,0.22,1272.36
2024-05-26 09:00:00+00:00,short,buy,69182.3,,282616679.29,-0.05,1272.31
2024-05-26 10:00:00+00:00,short,sell - direction_change,69182.3,69106.7,282784204.59,0.06,1272.37
2024-05-26 10:00:00+00:00,long,buy,69106.7,,282642812.48,-0.05,1272.32
2024-05-26 12:00:00+00:00,long,sell - direction_change,69106.7,69160.3,282720712.29,0.03,1272.35
2024-05-26 12:00:00+00:00,short,buy,69160.3,,282579351.94,-0.05,1272.3
2024-05-26 13:00:00+00:00,short,sell - direction_change,69160.3,69001.9,283085262.6,0.18,1272.48
2024-05-26 13:00:00+00:00,long,buy,69001.9,,282943719.96,-0.05,1272.43
2024-05-26 15:00:00+00:00,long,sell - direction_change,69001.9,69303.9,284040605.36,0.39,1272.82
2024-05-26 15:00:00+00:00,short,buy,69303.9,,283898585.06,-0.05,1272.77
2024-05-27 01:00:00+00:00,short,sell - direction_change,69303.9,68851.6,285609451.12,0.6,1273.37
2024-05-27 01:00:00+00:00,long,buy,68851.6,,285466646.39,-0.05,1273.32
2024-05-27 04:00:00+00:00,long,sell - direction_change,68851.6,68900.5,285526658.09,0.02,1273.34
2024-05-27 04:00:00+00:00,short,buy,68900.5,,285383894.76,-0.05,1273.29
2024-05-27 07:00:00+00:00,short,sell - direction_change,68900.5,68425.3,287209467.58,0.64,1273.93
2024-05-27 07:00:00+00:00,long,buy,68425.3,,287065862.85,-0.05,1273.88
2024-05-27 09:00:00+00:00,long,sell - direction_change,68425.3,68647.0,287852431.82,0.27,1274.15
2024-05-27 09:00:00+00:00,short,buy,68647.0,,287708505.6,-0.05,1274.1
2024-05-27 13:00:00+00:00,short,sell - direction_change,68647.0,68654.8,287531960.54,-0.06,1274.04
2024-05-27 13:00:00+00:00,long,buy,68654.8,,287388194.56,-0.05,1273.99
2024-05-27 16:19:00+00:00,long,sell - take_profit,68654.8,70714.444,295866146.3,2.95,1276.94
2024-05-27 17:00:00+00:00,long,buy,70224.8,,295718213.22,-0.05,1276.89
2024-05-27 19:48:00+00:00,long,sell - stop_loss,70224.8,69522.552,292613171.98,-1.05,1275.84
2024-05-27 20:00:00+00:00,long,buy,69297.9,,292466865.4,-0.05,1275.79
2024-05-28 00:00:00+00:00,long,sell - direction_change,69297.9,69461.5,293011094.15,0.19,1275.98
2024-05-28 00:00:00+00:00,short,buy,69461.5,,292864588.6,-0.05,1275.93
2024-05-28 15:00:00+00:00,short,sell - direction_change,69461.5,67997.6,298890272.82,2.06,1277.99
2024-05-28 15:00:00+00:00,long,buy,67997.6,,298740827.68,-0.05,1277.94
2024-05-28 16:00:00+00:00,long,sell - direction_change,67997.6,68399.8,300358483.77,0.54,1278.48
2024-05-28 16:00:00+00:00,short,buy,68399.8,,300208304.52,-0.05,1278.43
2024-05-28 19:00:00+00:00,short,sell - direction_change,68399.8,67915.9,302182048.67,0.66,1279.08
2024-05-28 19:00:00+00:00,long,buy,67915.9,,302030957.64,-0.05,1279.03
2024-05-28 20:00:00+00:00,long,sell - direction_change,67915.9,68466.4,304328088.21,0.76,1279.8
2024-05-28 20:00:00+00:00,short,buy,68466.4,,304175924.17,-0.05,1279.75
2024-05-28 21:00:00+00:00,short,sell - direction_change,68466.4,68368.9,304456999.81,0.09,1279.84
2024-05-28 21:00:00+00:00,long,buy,68368.9,,304304771.31,-0.05,1279.79
2024-05-29 07:00:00+00:00,long,sell - direction_change,68368.9,68552.5,304969808.55,0.22,1280.01
2024-05-29 07:00:00+00:00,short,buy,68552.5,,304817323.65,-0.05,1279.96
2024-05-30 01:00:00+00:00,short,sell - direction_change,68552.5,67619.0,308815704.11,1.31,1281.27
2024-05-30 01:00:00+00:00,long,buy,67619.0,,308661296.26,-0.05,1281.22
2024-05-30 07:00:00+00:00,long,sell - direction_change,67619.0,67879.2,309694703.81,0.33,1281.55
2024-05-30 07:00:00+00:00,short,buy,67879.2,,309539856.46,-0.05,1281.5
2024-05-30 08:00:00+00:00,short,sell - direction_change,67879.2,67627.9,310531054.16,0.32,1281.82
2024-05-30 08:00:00+00:00,long,buy,67627.9,,310375788.63,-0.05,1281.77
2024-05-30 23:00:00+00:00,long,sell - direction_change,67627.9,68356.2,313563107.11,1.03,1282.8
2024-05-30 23:00:00+00:00,short,buy,68356.2,,313406325.56,-0.05,1282.75
2024-05-31 00:00:00+00:00,short,sell - direction_change,68356.2,68402.6,313036883.05,-0.12,1282.63
2024-05-31 00:00:00+00:00,long,buy,68402.6,,312880364.61,-0.05,1282.58
2024-05-31 01:00:00+00:00,long,sell - direction_change,68402.6,68512.2,313225245.84,0.11,1282.69
2024-05-31 01:00:00+00:00,short,buy,68512.2,,313068633.21,-0.05,1282.64
2024-05-31 12:00:00+00:00,short,sell - direction_change,68512.2,68387.9,313480091.62,0.13,1282.77
2024-05-31 12:00:00+00:00,long,buy,68387.9,,313323351.58,-0.05,1282.72
2024-05-31 13:00:00+00:00,long,sell - direction_change,68387.9,68672.6,314471060.38,0.37,1283.09
2024-05-31 13:00:00+00:00,short,buy,68672.6,,314313824.85,-0.05,1283.04
2024-06-01 02:00:00+00:00,short,sell - direction_change,68672.6,67600.0,319065947.75,1.51,1284.55
2024-06-01 02:00:00+00:00,long,buy,67600.0,,318906414.77,-0.05,1284.5
2024-06-01 10:00:00+00:00,long,sell - direction_change,67600.0,67753.8,319472520.84,0.18,1284.68
2024-06-01 10:00:00+00:00,short,buy,67753.8,,319312784.58,-0.05,1284.63
2024-06-01 11:00:00+00:00,short,sell - direction_change,67753.8,67670.1,319547592.85,0.07,1284.7
2024-06-01 11:00:00+00:00,long,buy,67670.1,,319387819.05,-0.05,1284.65
2024-06-01 15:00:00+00:00,long,sell - direction_change,67670.1,67841.2,320035679.08,0.2,1284.86
2024-06-01 15:00:00+00:00,short,buy,67841.2,,319875661.24,-0.05,1284.81
2024-06-01 16:00:00+00:00,short,sell - direction_change,67841.2,67728.2,320248525.75,0.12,1284.92
2024-06-01 16:00:00+00:00,long,buy,67728.2,,320088401.48,-0.05,1284.87
2024-06-02 05:00:00+00:00,long,sell - direction_change,67728.2,67889.8,320692090.64,0.19,1285.06
2024-06-02 05:00:00+00:00,short,buy,67889.8,,320531744.6,-0.05,1285.01
2024-06-02 06:00:00+00:00,short,sell - direction_change,67889.8,67746.3,321048992.95,0.16,1285.17
2024-06-02 06:00:00+00:00,long,buy,67746.3,,320888468.45,-0.05,1285.12
2024-06-02 07:00:00+00:00,long,sell - direction_change,67746.3,67865.1,321290734.66,0.13,1285.25
2024-06-02 07:00:00+00:00,short,buy,67865.1,,321130089.29,-0.05,1285.2
2024-06-02 11:00:00+00:00,short,sell - direction_change,67865.1,67577.4,322330888.58,0.37,1285.57
2024-06-02 11:00:00+00:00,long,buy,67577.4,,322169723.14,-0.05,1285.52
2024-06-02 18:00:00+00:00,long,sell - direction_change,67577.4,67921.8,323650537.08,0.46,1285.98
2024-06-02 18:00:00+00:00,short,buy,67921.8,,323488711.82,-0.05,1285.93
2024-06-02 19:00:00+00:00,short,sell - direction_change,67921.8,67751.2,324139477.94,0.2,1286.13
2024-06-02 19:00:00+00:00,long,buy,67751.2,,323977408.2,-0.05,1286.08
2024-06-02 21:00:00+00:00,long,sell - direction_change,67751.2,67874.0,324402633.09,0.13,1286.21
2024-06-02 21:00:00+00:00,short,buy,67874.0,,324240431.77,-0.05,1286.16
2024-06-02 22:00:00+00:00,short,sell - direction_change,67874.0,67848.7,324199172.02,-0.01,1286.15
2024-06-02 22:00:00+00:00,long,buy,67848.7,,324037072.43,-0.05,1286.1
2024-06-02 23:00:00+00:00,long,sell - direction_change,67848.7,67977.8,324491619.67,0.14,1286.24
2024-06-02 23:00:00+00:00,short,buy,67977.8,,324329373.86,-0.05,1286.19
2024-06-03 01:00:00+00:00,short,sell - direction_change,67977.8,67863.6,324712069.62,0.12,1286.31
2024-06-03 01:00:00+00:00,long,buy,67863.6,,324549713.58,-0.05,1286.26
2024-06-03 13:32:00+00:00,long,sell - take_profit,67863.6,69899.508,334123930.13,2.95,1289.21
2024-06-03 14:00:00+00:00,long,buy,69830.1,,333956868.17,-0.05,1289.16
2024-06-03 14:41:00+00:00,long,sell - stop_loss,69830.1,69131.799,330450321.05,-1.05,1288.11
2024-06-03 15:00:00+00:00,long,buy,68820.0,,330285095.89,-0.05,1288.06
2024-06-03 22:00:00+00:00,long,sell - direction_change,68820.0,69129.1,331603404.71,0.4,1288.46
2024-06-03 22:00:00+00:00,short,buy,69129.1,,331437603.01,-0.05,1288.41
2024-06-04 00:00:00+00:00,short,sell - direction_change,69129.1,68851.3,332603788.81,0.35,1288.76
2024-06-04 00:00:00+00:00,long,buy,68851.3,,332437486.91,-0.05,1288.71
2024-06-04 01:00:00+00:00,long,sell - direction_change,68851.3,69041.1,333187687.1,0.23,1288.94
2024-06-04 01:00:00+00:00,short,buy,69041.1,,333021093.26,-0.05,1288.89
2024-06-04 03:00:00+00:00,short,sell - direction_change,69041.1,69175.9,332204372.28,-0.25,1288.64
2024-06-04 03:00:00+00:00,long,buy,69175.9,,332038270.1,-0.05,1288.59
2024-06-04 04:00:00+00:00,long,sell - direction_change,69175.9,69199.1,331983608.93,-0.02,1288.57
2024-06-04 04:00:00+00:00,short,buy,69199.1,,331817617.13,-0.05,1288.52
2024-06-04 13:00:00+00:00,short,sell - direction_change,69199.1,68989.5,332656764.35,0.25,1288.78
2024-06-04 13:00:00+00:00,long,buy,68989.5,,332490435.96,-0.05,1288.73
2024-06-04 16:46:00+00:00,long,sell - take_profit,68989.5,71059.185,342298903.83,2.95,1291.68
2024-06-04 17:00:00+00:00,long,buy,70858.1,,342127754.37,-0.05,1291.63
2024-06-04 19:38:00+00:00,long,sell - stop_loss,70858.1,70149.519,338535412.95,-1.05,1290.58
2024-06-04 20:00:00+00:00,long,buy,70459.1,,338366145.25,-0.05,1290.53
2024-06-05 13:00:00+00:00,long,sell - direction_change,70459.1,70992.3,340757551.63,0.71,1291.23
2024-06-05 13:00:00+00:00,short,buy,70992.3,,340587172.86,-0.05,1291.18
2024-06-05 14:00:00+00:00,short,sell - direction_change,70992.3,70773.1,341468496.25,0.26,1291.44
2024-06-05 14:00:00+00:00,long,buy,70773.1,,341297762.0,-0.05,1291.39
2024-06-06 01:00:00+00:00,long,sell - direction_change,70773.1,71051.0,342467264.23,0.34,1291.74
2024-06-06 01:00:00+00:00,short,buy,71051.0,,342296030.59,-0.05,1291.69
2024-06-06 02:00:00+00:00,short,sell - direction_change,71051.0,71167.6,341563149.22,-0.21,1291.47
2024-06-06 02:00:00+00:00,long,buy,71167.6,,341392367.64,-0.05,1291.42
2024-06-06 03:00:00+00:00,long,sell - direction_change,71167.6,71196.0,341357906.81,-0.01,1291.41
2024-06-06 03:00:00+00:00,short,buy,71196.0,,341187227.86,-0.05,1291.36
2024-06-06 11:00:00+00:00,short,sell - direction_change,71196.0,71047.4,341728758.83,0.16,1291.52
2024-06-06 11:00:00+00:00,long,buy,71047.4,,341557894.45,-0.05,1291.47
2024-06-06 16:00:00+00:00,long,sell - direction_change,71047.4,71334.3,342766377.24,0.35,1291.82
2024-06-06 16:00:00+00:00,short,buy,71334.3,,342594994.05,-0.05,1291.77
2024-06-06 17:00:00+00:00,short,sell - direction_change,71334.3,70977.5,344137288.66,0.45,1292.22
2024-06-06 17:00:00+00:00,long,buy,70977.5,,343965220.02,-0.05,1292.17
2024-06-06 19:00:00+00:00,long,sell - direction_change,70977.5,71119.6,344481870.54,0.15,1292.32
2024-06-06 19:00:00+00:00,short,buy,71119.6,,344309629.6,-0.05,1292.27
2024-06-07 03:00:00+00:00,short,sell - direction_change,71119.6,70869.4,345348762.1,0.3,1292.58
2024-06-07 03:00:00+00:00,long,buy,70869.4,,345176087.72,-0.05,1292.53
2024-06-07 15:00:00+00:00,long,sell - direction_change,70869.4,71466.1,347909783.23,0.79,1293.32
2024-06-07 15:00:00+00:00,short,buy,71466.1,,347735828.34,-0.05,1293.27
2024-06-07 18:04:00+00:00,short,sell - take_profit,71466.1,69322.117,357994035.27,2.95,1296.22
2024-06-07 19:00:00+00:00,short,buy,69186.6,,357815038.25,-0.05,1296.17
2024-06-08 07:00:00+00:00,short,sell - direction_change,69186.6,69362.5,356726421.84,-0.3,1295.86
2024-06-08 07:00:00+00:00,long,buy,69362.5,,356548058.63,-0.05,1295.81
2024-06-08 08:00:00+00:00,long,sell - direction_change,69362.5,69612.5,357654874.02,0.31,1296.12
2024-06-08 08:00:00+00:00,short,buy,69612.5,,357476046.58,-0.05,1296.07
2024-06-08 09:00:00+00:00,short,sell - direction_change,69612.5,69473.5,358011105.23,0.15,1296.22
2024-06-08 09:00:00+00:00,long,buy,69473.5,,357832099.67,-0.05,1296.17
2024-06-08 11:00:00+00:00,long,sell - direction_change,69473.5,69498.7,357782979.43,-0.01,1296.16
2024-06-08 11:00:00+00:00,short,buy,69498.7,,357604087.94,-0.05,1296.11
2024-06-08 13:00:00+00:00,short,sell - direction_change,69498.7,69390.6,357981512.15,0.11,1296.22
2024-06-08 13:00:00+00:00,long,buy,69390.6,,357802521.4,-0.05,1296.17
2024-06-08 15:00:00+00:00,long,sell - direction_change,69390.6,69499.9,358187209.67,0.11,1296.27
2024-06-08 15:00:00+00:00,short,buy,69499.9,,358008116.06,-0.05,1296.22
2024-06-08 18:00:00+00:00,short,sell - direction_change,69499.9,69485.5,357903289.33,-0.03,1296.19
2024-06-08 18:00:00+00:00,long,buy,69485.5,,357724337.69,-0.05,1296.14
2024-06-08 20:00:00+00:00,long,sell - direction_change,69485.5,69486.6,357551138.52,-0.05,1296.1
2024-06-08 20:00:00+00:00,short,buy,69486.6,,357372362.95,-0.05,1296.05
2024-06-08 21:00:00+00:00,short,sell - direction_change,69486.6,69400.0,357639064.04,0.07,1296.12
2024-06-08 21:00:00+00:00,long,buy,69400.0,,357460244.5,-0.05,1296.07
2024-06-08 22:00:00+00:00,long,sell - direction_change,69400.0,69432.0,357446337.55,-0.0,1296.07
2024-06-08 22:00:00+00:00,short,buy,69432.0,,357267614.38,-0.05,1296.02
2024-06-09 06:00:00+00:00,short,sell - direction_change,69432.0,69325.0,357639557.18,0.1,1296.12
2024-06-09 06:00:00+00:00,long,buy,69325.0,,357460737.4,-0.05,1296.07
2024-06-09 07:00:00+00:00,long,sell - direction_change,69325.0,69418.7,357765152.66,0.09,1296.16
2024-06-09 07:00:00+00:00,short,buy,69418.7,,357586270.09,-0.05,1296.11
2024-06-09 08:00:00+00:00,short,sell - direction_change,69418.7,69331.9,357854596.94,0.08,1296.18
2024-06-09 08:00:00+00:00,long,buy,69331.9,,357675669.64,-0.05,1296.13
2024-06-10 03:00:00+00:00,long,sell - direction_change,69331.9,69745.6,359631064.74,0.55,1296.68
2024-06-10 03:00:00+00:00,short,buy,69745.6,,359451249.21,-0.05,1296.63
2024-06-10 04:00:00+00:00,short,sell - direction_change,69745.6,69637.4,359829159.12,0.11,1296.73
2024-06-10 04:00:00+00:00,long,buy,69637.4,,359649244.54,-0.05,1296.68
2024-06-10 05:00:00+00:00,long,sell - direction_change,69637.4,69702.7,359806668.24,0.04,1296.73
2024-06-10 05:00:00+00:00,short,buy,69702.7,,359626764.9,-0.05,1296.68
2024-06-10 14:00:00+00:00,short,sell - direction_change,69702.7,69443.9,360782214.09,0.32,1297.0
2024-06-10 14:00:00+00:00,long,buy,69443.9,,360601822.99,-0.05,1296.95
2024-06-11 00:00:00+00:00,long,sell - direction_change,69443.9,69558.8,361018164.11,0.12,1297.06
2024-06-11 00:00:00+00:00,short,buy,69558.8,,360837655.02,-0.05,1297.01
2024-06-11 06:56:00+00:00,short,sell - take_profit,69558.8,67472.03600000001,371482365.85,2.95,1299.96
2024-06-11 07:00:00+00:00,short,buy,67719.9,,371296624.66,-0.05,1299.91
2024-06-11 18:00:00+00:00,short,sell - direction_change,67719.9,66785.2,376235776.52,1.33,1301.24
2024-06-11 18:00:00+00:00,long,buy,66785.2,,376047658.63,-0.05,1301.19
2024-06-12 05:00:00+00:00,long,sell - direction_change,66785.2,67490.0,379828154.62,1.01,1302.2
2024-06-12 05:00:00+00:00,short,buy,67490.0,,379638240.55,-0.05,1302.15
2024-06-12 06:00:00+00:00,short,sell - direction_change,67490.0,67257.7,380755132.99,0.29,1302.44
2024-06-12 06:00:00+00:00,long,buy,67257.7,,380564755.42,-0.05,1302.39
2024-06-12 12:31:00+00:00,long,sell - take_profit,67257.7,69275.431,391791415.71,2.95,1305.34
2024-06-12 13:00:00+00:00,long,buy,69340.1,,391595520.0,-0.05,1305.29
2024-06-12 18:49:00+00:00,long,sell - stop_loss,69340.1,68646.69900000001,387483767.04,-1.05,1304.24
2024-06-12 19:00:00+00:00,short,buy,68837.1,,387290025.15,-0.05,1304.19
2024-06-12 20:00:00+00:00,short,sell - direction_change,68837.1,67523.1,394489182.76,1.86,1306.05
2024-06-12 20:00:00+00:00,long,buy,67523.1,,394291938.17,-0.05,1306.0
2024-06-12 22:00:00+00:00,long,sell - direction_change,67523.1,68531.8,399984958.35,1.44,1307.45
2024-06-12 22:00:00+00:00,short,buy,68531.8,,399784965.87,-0.05,1307.4
2024-06-13 05:00:00+00:00,short,sell - direction_change,68531.8,67327.9,406608106.79,1.71,1309.1
2024-06-13 05:00:00+00:00,long,buy,67327.9,,406404802.74,-0.05,1309.05
2024-06-13 06:00:00+00:00,long,sell - direction_change,67327.9,67599.9,407843447.27,0.35,1309.41
2024-06-13 06:00:00+00:00,short,buy,67599.9,,407639525.55,-0.05,1309.36
2024-06-13 12:30:00+00:00,short,sell - stop_loss,67599.9,68275.89899999999,403359310.53,-1.05,1308.31
2024-06-13 13:00:00+00:00,long,buy,67738.5,,403157630.87,-0.05,1308.26
2024-06-13 14:00:00+00:00,long,sell - direction_change,67738.5,67580.5,402015687.19,-0.28,1307.97
2024-06-13 14:00:00+00:00,short,buy,67580.5,,401814679.34,-0.05,1307.92
2024-06-14 01:00:00+00:00,short,sell - direction_change,67580.5,66729.1,406675957.37,1.21,1309.13
2024-06-14 01:00:00+00:00,long,buy,66729.1,,406472619.39,-0.05,1309.08
2024-06-14 02:00:00+00:00,long,sell - direction_change,66729.1,66809.5,406759130.41,0.07,1309.15
2024-06-14 02:00:00+00:00,short,buy,66809.5,,406555750.85,-0.05,1309.1
2024-06-14 05:00:00+00:00,short,sell - direction_change,66809.5,66719.7,406898932.78,0.08,1309.19
2024-06-14 05:00:00+00:00,long,buy,66719.7,,406695483.31,-0.05,1309.14
2024-06-14 07:00:00+00:00,long,sell - direction_change,66719.7,66958.3,407946541.72,0.31,1309.45
2024-06-14 07:00:00+00:00,short,buy,66958.3,,407742568.45,-0.05,1309.4
2024-06-14 08:00:00+00:00,short,sell - direction_change,66958.3,66906.3,407855351.17,0.03,1309.42
2024-06-14 08:00:00+00:00,long,buy,66906.3,,407651423.49,-0.05,1309.37
2024-06-14 09:00:00+00:00,long,sell - direction_change,66906.3,67140.3,408873329.49,0.3,1309.67
2024-06-14 09:00:00+00:00,short,buy,67140.3,,408668892.82,-0.05,1309.62
2024-06-14 10:00:00+00:00,short,sell - direction_change,67140.3,66915.1,409835303.44,0.29,1309.91
2024-06-14 10:00:00+00:00,long,buy,66915.1,,409630385.78,-0.05,1309.86
2024-06-14 15:00:00+00:00,long,sell - direction_change,66915.1,66980.0,409822865.25,0.05,1309.9
2024-06-14 15:00:00+00:00,short,buy,66980.0,,409617953.82,-0.05,1309.85
2024-06-15 02:00:00+00:00,short,sell - direction_change,66980.0,66068.9,414985000.89,1.31,1311.17
2024-06-15 02:00:00+00:00,long,buy,66068.9,,414777508.39,-0.05,1311.12
2024-06-15 07:00:00+00:00,long,sell - direction_change,66068.9,66171.6,415214865.5,0.11,1311.22
2024-06-15 07:00:00+00:00,short,buy,66171.6,,415007258.06,-0.05,1311.17
2024-06-15 08:00:00+00:00,short,sell - direction_change,66171.6,66082.5,415358561.34,0.08,1311.26
2024-06-15 08:00:00+00:00,long,buy,66082.5,,415150882.06,-0.05,1311.21
2024-06-15 14:00:00+00:00,long,sell - direction_change,66082.5,66291.9,416258822.74,0.27,1311.47
2024-06-15 14:00:00+00:00,short,buy,66291.9,,416050693.33,-0.05,1311.42
2024-06-15 15:00:00+00:00,short,sell - direction_change,66291.9,66212.7,416339730.45,0.07,1311.49
2024-06-15 15:00:00+00:00,long,buy,66212.7,,416131560.58,-0.05,1311.44
2024-06-15 18:00:00+00:00,long,sell - direction_change,66212.7,66239.5,416091926.63,-0.01,1311.43
2024-06-15 18:00:00+00:00,short,buy,66239.5,,415883880.66,-0.05,1311.38
2024-06-15 23:00:00+00:00,short,sell - direction_change,66239.5,66192.8,415969144.09,0.02,1311.4
2024-06-15 23:00:00+00:00,long,buy,66192.8,,415761159.52,-0.05,1311.35
2024-06-16 00:00:00+00:00,long,sell - direction_change,66192.8,66213.7,415684553.16,-0.02,1311.33
2024-06-16 00:00:00+00:00,short,buy,66213.7,,415476710.89,-0.05,1311.28
2024-06-16 04:00:00+00:00,short,sell - direction_change,66213.7,66129.6,415796681.92,0.08,1311.36
2024-06-16 04:00:00+00:00,long,buy,66129.6,,415588783.58,-0.05,1311.31
2024-06-16 23:00:00+00:00,long,sell - direction_change,66129.6,66731.9,419166119.06,0.86,1312.17
2024-06-16 23:00:00+00:00,short,buy,66731.9,,418956536.0,-0.05,1312.12
2024-06-17 00:00:00+00:00,short,sell - direction_change,66731.9,66653.5,419239268.99,0.07,1312.19
2024-06-17 00:00:00+00:00,long,buy,66653.5,,419029649.36,-0.05,1312.14
2024-06-17 01:00:00+00:00,long,sell - direction_change,66653.5,66565.5,418266906.13,-0.18,1311.96
2024-06-17 01:00:00+00:00,short,buy,66565.5,,418057772.68,-0.05,1311.91
2024-06-17 16:00:00+00:00,short,sell - direction_change,66565.5,65341.8,425534065.72,1.79,1313.7
2024-06-17 16:00:00+00:00,long,buy,65341.8,,425321298.68,-0.05,1313.65
2024-06-18 00:00:00+00:00,long,sell - direction_change,65341.8,66472.1,432465960.05,1.68,1315.33
2024-06-18 00:00:00+00:00,short,buy,66472.1,,432249727.07,-0.05,1315.28
2024-06-18 14:08:00+00:00,short,sell - take_profit,66472.1,64477.937000000005,445001094.02,2.95,1318.23
2024-06-18 15:00:00+00:00,short,buy,64614.5,,444778593.47,-0.05,1318.18
2024-06-18 21:00:00+00:00,short,sell - direction_change,64614.5,64908.2,442534498.94,-0.5,1317.67
2024-06-18 21:00:00+00:00,long,buy,64908.2,,442313231.69,-0.05,1317.62
2024-06-19 12:00:00+00:00,long,sell - direction_change,64908.2,65182.0,443957869.58,0.37,1317.99
2024-06-19 12:00:00+00:00,short,buy,65182.0,,443735890.65,-0.05,1317.94
2024-06-20 00:00:00+00:00,short,sell - direction_change,65182.0,64933.6,445205041.62,0.33,1318.27
2024-06-20 00:00:00+00:00,long,buy,64933.6,,444982439.1,-0.05,1318.22
2024-06-20 13:00:00+00:00,long,sell - direction_change,64933.6,65960.0,451793748.19,1.53,1319.75
2024-06-20 13:00:00+00:00,short,buy,65960.0,,451567851.31,-0.05,1319.7
2024-06-21 08:49:00+00:00,short,sell - take_profit,65960.0,63981.2,464889102.93,2.95,1322.65
2024-06-21 09:00:00+00:00,short,buy,63613.6,,464656658.37,-0.05,1322.6
2024-06-21 09:37:00+00:00,short,sell - stop_loss,63613.6,64249.736,459777763.46,-1.05,1321.55
2024-06-21 10:00:00+00:00,short,buy,64078.6,,459547874.58,-0.05,1321.5
2024-06-21 18:00:00+00:00,short,sell - direction_change,64078.6,63651.8,462378951.42,0.62,1322.12
2024-06-21 18:00:00+00:00,long,buy,63651.8,,462147761.95,-0.05,1322.07
2024-06-22 00:00:00+00:00,long,sell - direction_change,63651.8,64124.1,465345850.92,0.69,1322.76
2024-06-22 00:00:00+00:00,short,buy,64124.1,,465113177.99,-0.05,1322.71
2024-06-22 01:00:00+00:00,short,sell - direction_change,64124.1,64034.3,465531970.32,0.09,1322.8
2024-06-22 01:00:00+00:00,long,buy,64034.3,,465299204.34,-0.05,1322.75
2024-06-22 13:00:00+00:00,long,sell - direction_change,64034.3,64270.5,466782879.77,0.32,1323.07
2024-06-22 13:00:00+00:00,short,buy,64270.5,,466549488.33,-0.05,1323.02
2024-06-22 16:00:00+00:00,short,sell - direction_change,64270.5,64283.3,466223296.41,-0.07,1322.95
2024-06-22 16:00:00+00:00,long,buy,64283.3,,465990184.76,-0.05,1322.9
2024-06-22 17:00:00+00:00,long,sell - direction_change,64283.3,64295.4,465844902.67,-0.03,1322.87
2024-06-22 17:00:00+00:00,short,buy,64295.4,,465611980.22,-0.05,1322.82
2024-06-22 21:00:00+00:00,short,sell - direction_change,64295.4,64256.5,465660878.77,0.01,1322.83
2024-06-22 21:00:00+00:00,long,buy,64256.5,,465428048.33,-0.05,1322.78
2024-06-22 23:00:00+00:00,long,sell - direction_change,64256.5,64286.7,465414081.47,-0.0,1322.78
2024-06-22 23:00:00+00:00,short,buy,64286.7,,465181374.43,-0.05,1322.73
2024-06-23 00:00:00+00:00,short,sell - direction_change,64286.7,64240.1,465285983.38,0.02,1322.75
2024-06-23 00:00:00+00:00,long,buy,64240.1,,465053340.39,-0.05,1322.7
2024-06-23 10:00:00+00:00,long,sell - direction_change,64240.1,64388.0,465891506.15,0.18,1322.88
2024-06-23 10:00:00+00:00,short,buy,64388.0,,465658560.4,-0.05,1322.83
2024-06-23 12:00:00+00:00,short,sell - direction_change,64388.0,64310.7,465984770.17,0.07,1322.9
2024-06-23 12:00:00+00:00,long,buy,64310.7,,465751777.79,-0.05,1322.85
2024-06-23 13:00:00+00:00,long,sell - direction_change,64310.7,64350.0,465803520.86,0.01,1322.86
2024-06-23 13:00:00+00:00,short,buy,64350.0,,465570619.1,-0.05,1322.81
2024-06-24 05:37:00+00:00,short,sell - take_profit,64350.0,62419.5,479304952.37,2.95,1325.76
2024-06-24 06:00:00+00:00,short,buy,62296.4,,479065299.89,-0.05,1325.71
2024-06-24 08:37:00+00:00,short,sell - stop_loss,62296.4,62919.364,474035114.24,-1.05,1324.66
2024-06-24 09:00:00+00:00,short,buy,62710.5,,473798096.69,-0.05,1324.61
2024-06-24 09:33:00+00:00,short,sell - take_profit,62710.5,60829.185,487775140.54,2.95,1327.56
2024-06-24 10:00:00+00:00,short,buy,61370.1,,487531252.97,-0.05,1327.51
2024-06-24 19:55:00+00:00,short,sell - take_profit,61370.1,59528.996999999996,501913424.93,2.95,1330.46
2024-06-24 20:00:00+00:00,short,buy,59292.8,,501662468.22,-0.05,1330.41
2024-06-24 21:31:00+00:00,short,sell - stop_loss,59292.8,59885.728,496395012.3,-1.05,1329.36
2024-06-24 22:00:00+00:00,short,buy,60081.5,,496146814.8,-0.05,1329.31
2024-06-25 01:00:00+00:00,short,sell - direction_change,60081.5,60386.7,493378431.34,-0.56,1328.75
2024-06-25 01:00:00+00:00,long,buy,60386.7,,493131742.13,-0.05,1328.7
2024-06-25 18:47:00+00:00,long,sell - take_profit,60386.7,62198.301,507679128.52,2.95,1331.65
2024-06-25 19:00:00+00:00,long,buy,62132.4,,507425288.96,-0.05,1331.6
2024-06-26 04:00:00+00:00,long,sell - direction_change,62132.4,61910.4,505358538.12,-0.41,1331.2
2024-06-26 04:00:00+00:00,short,buy,61910.4,,505105858.85,-0.05,1331.15
2024-06-26 07:00:00+00:00,short,sell - direction_change,61910.4,61565.8,507664779.91,0.51,1331.65
2024-06-26 07:00:00+00:00,long,buy,61565.8,,507410947.52,-0.05,1331.6
2024-06-26 08:00:00+00:00,long,sell - direction_change,61565.8,61705.3,508306968.47,0.18,1331.78
2024-06-26 08:00:00+00:00,short,buy,61705.3,,508052814.98,-0.05,1331.73
2024-06-26 13:00:00+00:00,short,sell - direction_change,61705.3,61404.5,510275436.24,0.44,1332.17
2024-06-26 13:00:00+00:00,long,buy,61404.5,,510020298.52,-0.05,1332.12
2024-06-26 15:00:00+00:00,long,sell - direction_change,61404.5,61700.0,512219685.0,0.43,1332.55
2024-06-26 15:00:00+00:00,short,buy,61700.0,,511963575.16,-0.05,1332.5
2024-06-27 04:00:00+00:00,short,sell - direction_change,61700.0,61027.0,517291896.23,1.04,1333.54
2024-06-27 04:00:00+00:00,long,buy,61027.0,,517033250.28,-0.05,1333.49
2024-06-27 05:00:00+00:00,long,sell - direction_change,61027.0,61097.0,517367788.0,0.06,1333.55
2024-06-27 05:00:00+00:00,short,buy,61097.0,,517109104.11,-0.05,1333.5
2024-06-27 09:00:00+00:00,short,sell - direction_change,61097.0,60861.3,518845453.0,0.34,1333.84
2024-06-27 09:00:00+00:00,long,buy,60861.3,,518586030.27,-0.05,1333.79
2024-06-28 00:00:00+00:00,long,sell - direction_change,60861.3,61682.1,525320597.29,1.3,1335.09
2024-06-28 00:00:00+00:00,short,buy,61682.1,,525057936.99,-0.05,1335.04
2024-06-28 01:00:00+00:00,short,sell - direction_change,61682.1,61536.8,526032248.5,0.19,1335.22
2024-06-28 01:00:00+00:00,long,buy,61536.8,,525769232.38,-0.05,1335.17
2024-06-28 07:00:00+00:00,long,sell - direction_change,61536.8,61605.3,526091610.44,0.06,1335.24
2024-06-28 07:00:00+00:00,short,buy,61605.3,,525828564.64,-0.05,1335.19
2024-06-29 01:00:00+00:00,short,sell - direction_change,61605.3,60768.8,532705548.94,1.31,1336.49
2024-06-29 01:00:00+00:00,long,buy,60768.8,,532439196.17,-0.05,1336.44
2024-06-29 02:00:00+00:00,long,sell - direction_change,60768.8,60900.6,533327771.23,0.17,1336.61
2024-06-29 02:00:00+00:00,short,buy,60900.6,,533061107.35,-0.05,1336.56
2024-06-29 03:00:00+00:00,short,sell - direction_change,60900.6,60765.3,533978853.6,0.17,1336.73
2024-06-29 03:00:00+00:00,long,buy,60765.3,,533711864.17,-0.05,1336.68
2024-06-29 22:00:00+00:00,long,sell - direction_change,60765.3,61048.2,535929766.58,0.42,1337.1
2024-06-29 22:00:00+00:00,short,buy,61048.2,,535661801.7,-0.05,1337.05
2024-06-30 00:00:00+00:00,short,sell - direction_change,61048.2,60982.5,535970449.39,0.06,1337.11
2024-06-30 00:00:00+00:00,long,buy,60982.5,,535702464.17,-0.05,1337.06
2024-06-30 01:00:00+00:00,long,sell - direction_change,60982.5,61016.3,535731529.97,0.01,1337.06
2024-06-30 01:00:00+00:00,short,buy,61016.3,,535463664.21,-0.05,1337.01
2024-06-30 06:00:00+00:00,short,sell - direction_change,61016.3,60788.7,537193292.59,0.32,1337.33
2024-06-30 06:00:00+00:00,long,buy,60788.7,,536924695.94,-0.05,1337.28
2024-06-30 22:26:00+00:00,long,sell - take_profit,60788.7,62612.361,552763974.47,2.95,1340.23
2024-06-30 23:00:00+00:00,long,buy,62894.9,,552487592.49,-0.05,1340.18
2024-07-01 10:00:00+00:00,long,sell - direction_change,62894.9,62920.3,552434469.88,-0.01,1340.17
2024-07-01 10:00:00+00:00,short,buy,62920.3,,552158252.64,-0.05,1340.12
2024-07-01 16:00:00+00:00,short,sell - direction_change,62920.3,63120.0,550129702.49,-0.37,1339.76
2024-07-01 16:00:00+00:00,long,buy,63120.0,,549854637.64,-0.05,1339.71
2024-07-01 23:00:00+00:00,long,sell - direction_change,63120.0,62961.6,548199846.97,-0.3,1339.41
2024-07-01 23:00:00+00:00,short,buy,62961.6,,547925747.04,-0.05,1339.36
2024-07-03 01:55:00+00:00,short,sell - take_profit,62961.6,61072.752,564089556.58,2.95,1342.31
2024-07-03 02:00:00+00:00,short,buy,61617.9,,563807511.8,-0.05,1342.26
2024-07-03 10:33:00+00:00,short,sell - take_profit,61617.9,59769.363,580439833.4,2.95,1345.21
2024-07-03 11:00:00+00:00,short,buy,60379.9,,580149613.48,-0.05,1345.16
2024-07-03 22:00:00+00:00,short,sell - direction_change,60379.9,60235.5,581246980.59,0.19,1345.35
2024-07-03 22:00:00+00:00,long,buy,60235.5,,580956357.1,-0.05,1345.3
2024-07-03 23:00:00+00:00,long,sell - direction_change,60235.5,60311.2,581395986.52,0.08,1345.37
2024-07-03 23:00:00+00:00,short,buy,60311.2,,581105288.53,-0.05,1345.32
2024-07-04 00:00:00+00:00,short,sell - direction_change,60311.2,60208.0,581809079.65,0.12,1345.44
2024-07-04 00:00:00+00:00,long,buy,60208.0,,581518175.11,-0.05,1345.39
2024-07-04 01:00:00+00:00,long,sell - direction_change,60208.0,60417.8,583253766.56,0.3,1345.69
2024-07-04 01:00:00+00:00,short,buy,60417.8,,582962139.68,-0.05,1345.64
2024-07-04 01:56:00+00:00,short,sell - take_profit,60417.8,58605.266,600159522.8,2.95,1348.59
2024-07-04 02:00:00+00:00,short,buy,58561.7,,599859443.04,-0.05,1348.54
2024-07-04 13:28:00+00:00,short,sell - take_profit,58561.7,56804.848999999995,617555296.61,2.95,1351.49
2024-07-04 14:00:00+00:00,short,buy,57402.2,,617246518.96,-0.05,1351.44
2024-07-04 15:47:00+00:00,short,sell - stop_loss,57402.2,57976.221999999994,610765430.51,-1.05,1350.39
2024-07-04 16:00:00+00:00,long,buy,58137.5,,610460047.8,-0.05,1350.34
2024-07-04 23:00:00+00:00,long,sell - direction_change,58137.5,58031.9,609045988.17,-0.23,1350.11
2024-07-04 23:00:00+00:00,short,buy,58031.9,,608741465.17,-0.05,1350.06
2024-07-05 02:54:00+00:00,short,sell - take_profit,58031.9,56290.943,626699338.4,2.95,1353.01
2024-07-05 03:00:00+00:00,short,buy,55756.4,,626385988.73,-0.05,1352.96
2024-07-05 04:18:00+00:00,short,sell - take_profit,55756.4,54083.708,644864375.4,2.95,1355.91
2024-07-05 05:00:00+00:00,short,buy,53923.3,,644541943.21,-0.05,1355.86
2024-07-05 05:16:00+00:00,short,sell - stop_loss,53923.3,54462.533,637774252.8,-1.05,1354.81
2024-07-05 06:00:00+00:00,short,buy,54772.0,,637455365.68,-0.05,1354.76
2024-07-05 10:15:00+00:00,short,sell - stop_loss,54772.0,55319.72,630762084.34,-1.05,1353.71
2024-07-05 11:00:00+00:00,short,buy,54963.5,,630446703.3,-0.05,1353.66
2024-07-05 11:45:00+00:00,short,sell - stop_loss,54963.5,55513.135,623827012.91,-1.05,1352.61
2024-07-05 12:00:00+00:00,short,buy,55459.0,,623515099.41,-0.05,1352.56
2024-07-05 13:00:00+00:00,short,sell - direction_change,55459.0,55037.2,627945559.87,0.71,1353.27
2024-07-05 13:00:00+00:00,long,buy,55037.2,,627631587.09,-0.05,1353.22
2024-07-05 16:01:00+00:00,long,sell - take_profit,55037.2,56688.316,646146718.91,2.95,1356.17
2024-07-05 17:00:00+00:00,long,buy,56425.0,,645823645.55,-0.05,1356.12
2024-07-05 18:17:00+00:00,long,sell - stop_loss,56425.0,55860.75,639042497.27,-1.05,1355.07
2024-07-05 19:00:00+00:00,long,buy,56521.6,,638722976.02,-0.05,1355.02
2024-07-06 04:00:00+00:00,long,sell - direction_change,56521.6,56388.4,636898386.44,-0.29,1354.73
2024-07-06 04:00:00+00:00,short,buy,56388.4,,636579937.25,-0.05,1354.68
2024-07-06 05:00:00+00:00,short,sell - direction_change,56388.4,56040.1,640193675.71,0.57,1355.25
2024-07-06 05:00:00+00:00,long,buy,56040.1,,639873578.87,-0.05,1355.2
2024-07-06 16:26:00+00:00,long,sell - take_profit,56040.1,57721.303,658749849.45,2.95,1358.15
2024-07-06 17:00:00+00:00,long,buy,57830.2,,658420474.53,-0.05,1358.1
2024-07-07 04:00:00+00:00,long,sell - direction_change,57830.2,57944.0,659386923.82,0.15,1358.25
2024-07-07 04:00:00+00:00,short,buy,57944.0,,659057230.36,-0.05,1358.2
2024-07-07 08:00:00+00:00,short,sell - direction_change,57944.0,57344.5,665546437.24,0.98,1359.18
2024-07-07 08:00:00+00:00,long,buy,57344.5,,665213664.02,-0.05,1359.13
2024-07-07 09:00:00+00:00,long,sell - direction_change,57344.5,57624.7,668131462.52,0.44,1359.57
2024-07-07 09:00:00+00:00,short,buy,57624.7,,667797396.79,-0.05,1359.52
2024-07-07 23:46:00+00:00,short,sell - take_profit,57624.7,55895.958999999995,687497420.0,2.95,1362.47
2024-07-08 00:00:00+00:00,short,buy,55831.0,,687153671.29,-0.05,1362.42
2024-07-08 08:00:00+00:00,short,sell - direction_change,55831.0,55828.4,686842094.59,-0.05,1362.38
2024-07-08 08:00:00+00:00,long,buy,55828.4,,686498673.54,-0.05,1362.33
2024-07-08 08:48:00+00:00,long,sell - take_profit,55828.4,57503.252,706750384.41,2.95,1365.28
2024-07-08 09:00:00+00:00,long,buy,57767.9,,706397009.22,-0.05,1365.23
2024-07-08 10:47:00+00:00,long,sell - stop_loss,57767.9,57190.221,698979840.62,-1.05,1364.18
2024-07-08 11:00:00+00:00,long,buy,56800.0,,698630350.7,-0.05,1364.13
2024-07-08 14:00:00+00:00,long,sell - direction_change,56800.0,57217.9,703421134.53,0.69,1364.81
2024-07-08 14:00:00+00:00,short,buy,57217.9,,703069423.96,-0.05,1364.76
2024-07-08 14:31:00+00:00,short,sell - take_profit,57217.9,55501.363,723809971.97,2.95,1367.71
2024-07-08 15:00:00+00:00,long,buy,56169.0,,723448066.99,-0.05,1367.66
2024-07-08 16:18:00+00:00,long,sell - stop_loss,56169.0,55607.31,715851862.28,-1.05,1366.61
2024-07-08 17:00:00+00:00,long,buy,55789.8,,715493936.35,-0.05,1366.56
2024-07-08 20:00:00+00:00,long,sell - direction_change,55789.8,56462.9,723768573.23,1.16,1367.72
2024-07-08 20:00:00+00:00,short,buy,56462.9,,723406688.95,-0.05,1367.67
2024-07-08 21:00:00+00:00,short,sell - direction_change,56462.9,56241.9,725876453.31,0.34,1368.01
2024-07-08 21:00:00+00:00,long,buy,56241.9,,725513515.09,-0.05,1367.96
2024-07-09 14:14:00+00:00,long,sell - take_profit,56241.9,57929.15700000001,746916163.78,2.95,1370.91
2024-07-09 15:00:00+00:00,long,buy,57040.3,,746542705.7,-0.05,1370.86
2024-07-10 04:07:00+00:00,long,sell - take_profit,57040.3,58751.509000000005,768565715.52,2.95,1373.81
2024-07-10 05:00:00+00:00,long,buy,59323.9,,768181432.66,-0.05,1373.76
2024-07-10 08:05:00+00:00,long,sell - stop_loss,59323.9,58730.661,760115527.62,-1.05,1372.71
2024-07-10 09:00:00+00:00,long,buy,58735.2,,759735469.85,-0.05,1372.66
2024-07-10 12:32:00+00:00,long,sell - stop_loss,58735.2,58147.848,751758247.42,-1.05,1371.61
2024-07-10 13:00:00+00:00,short,buy,58127.9,,751382368.3,-0.05,1371.56
2024-07-11 01:00:00+00:00,short,sell - direction_change,58127.9,57608.0,757727093.53,0.84,1372.4
2024-07-11 01:00:00+00:00,long,buy,57608.0,,757348229.98,-0.05,1372.35
2024-07-11 03:00:00+00:00,long,sell - direction_change,57608.0,57846.1,760099756.77,0.36,1372.72
2024-07-11 03:00:00+00:00,short,buy,57846.1,,759719706.89,-0.05,1372.67
2024-07-11 04:00:00+00:00,short,sell - direction_change,57846.1,57540.4,763354747.17,0.48,1373.15
2024-07-11 04:00:00+00:00,long,buy,57540.4,,762973069.79,-0.05,1373.1
2024-07-11 12:30:00+00:00,long,sell - take_profit,57540.4,59266.612,785480775.35,2.95,1376.05
2024-07-11 13:00:00+00:00,long,buy,58798.3,,785088034.96,-0.05,1376.0
2024-07-11 14:15:00+00:00,long,sell - stop_loss,58798.3,58210.317,776844610.6,-1.05,1374.95
2024-07-11 15:00:00+00:00,short,buy,57764.8,,776456188.29,-0.05,1374.9
2024-07-12 08:00:00+00:00,short,sell - direction_change,57764.8,57071.4,785388423.89,1.15,1376.05
2024-07-12 08:00:00+00:00,long,buy,57071.4,,784995729.67,-0.05,1376.0
2024-07-12 09:00:00+00:00,long,sell - direction_change,57071.4,57304.6,787810810.46,0.36,1376.35
2024-07-12 09:00:00+00:00,short,buy,57304.6,,787416905.05,-0.05,1376.3
2024-07-12 10:00:00+00:00,short,sell - direction_change,57304.6,56933.7,792119697.23,0.6,1376.9
2024-07-12 10:00:00+00:00,long,buy,56933.7,,791723637.38,-0.05,1376.85
2024-07-13 03:00:00+00:00,long,sell - direction_change,56933.7,57909.4,804895921.55,1.66,1378.52
2024-07-13 03:00:00+00:00,short,buy,57909.4,,804493473.59,-0.05,1378.47
2024-07-13 05:00:00+00:00,short,sell - direction_change,57909.4,57755.0,806236194.55,0.22,1378.68
2024-07-13 05:00:00+00:00,long,buy,57755.0,,805833076.45,-0.05,1378.63
2024-07-13 22:58:00+00:00,long,sell - take_profit,57755.0,59487.65,829605152.21,2.95,1381.58
2024-07-13 23:00:00+00:00,long,buy,59449.6,,829190349.63,-0.05,1381.53
2024-07-14 17:00:00+00:00,long,sell - direction_change,59449.6,60076.8,837523806.37,1.01,1382.54
2024-07-14 17:00:00+00:00,short,buy,60076.8,,837105044.47,-0.05,1382.49
2024-07-14 18:00:00+00:00,short,sell - direction_change,60076.8,59976.2,838088243.83,0.12,1382.6
2024-07-14 18:00:00+00:00,long,buy,59976.2,,837669199.71,-0.05,1382.55
2024-07-14 19:00:00+00:00,long,sell - direction_change,59976.2,60000.0,837582772.41,-0.01,1382.54
2024-07-14 19:00:00+00:00,short,buy,60000.0,,837163981.03,-0.05,1382.49
2024-07-14 20:00:00+00:00,short,sell - direction_change,60000.0,59886.3,838331824.78,0.14,1382.63
2024-07-14 20:00:00+00:00,long,buy,59886.3,,837912658.87,-0.05,1382.58
2024-07-15 01:17:00+00:00,long,sell - take_profit,59886.3,61682.889,862631082.3,2.95,1385.53
2024-07-15 02:00:00+00:00,long,buy,61373.1,,862199766.76,-0.05,1385.48
2024-07-15 08:45:00+00:00,long,sell - take_profit,61373.1,63214.293,887634659.88,2.95,1388.43
2024-07-15 09:00:00+00:00,long,buy,62847.4,,887190842.55,-0.05,1388.38
2024-07-15 22:41:00+00:00,long,sell - take_profit,62847.4,64732.822,913362972.41,2.95,1391.33
2024-07-15 23:00:00+00:00,long,buy,64309.0,,912906290.92,-0.05,1391.28
2024-07-16 05:39:00+00:00,long,sell - stop_loss,64309.0,63665.909999999996,903320774.87,-1.05,1390.23
2024-07-16 06:00:00+00:00,short,buy,63631.9,,902869114.48,-0.05,1390.18
2024-07-16 15:00:00+00:00,short,sell - direction_change,63631.9,63806.3,899943129.05,-0.32,1389.86
2024-07-16 15:00:00+00:00,long,buy,63806.3,,899493157.49,-0.05,1389.81
2024-07-17 01:09:00+00:00,long,sell - take_profit,63806.3,65720.489,926028205.63,2.95,1392.76
2024-07-17 02:00:00+00:00,long,buy,65632.9,,925565191.53,-0.05,1392.71
2024-07-17 08:17:00+00:00,long,sell - stop_loss,65632.9,64976.570999999996,915846757.02,-1.05,1391.66
2024-07-17 09:00:00+00:00,long,buy,65145.4,,915388833.64,-0.05,1391.61
2024-07-17 10:00:00+00:00,long,sell - direction_change,65145.4,65300.0,917103496.96,0.19,1391.8
2024-07-17 10:00:00+00:00,short,buy,65300.0,,916644945.21,-0.05,1391.75
2024-07-17 13:00:00+00:00,short,sell - direction_change,65300.0,64704.2,924550130.52,0.86,1392.61
2024-07-17 13:00:00+00:00,long,buy,64704.2,,924087855.46,-0.05,1392.56
2024-07-17 14:00:00+00:00,long,sell - direction_change,64704.2,65102.1,929308511.54,0.56,1393.12
2024-07-17 14:00:00+00:00,short,buy,65102.1,,928843857.28,-0.05,1393.07
2024-07-18 01:00:00+00:00,short,sell - direction_change,65102.1,64406.9,938298197.57,1.02,1394.09
2024-07-18 01:00:00+00:00,long,buy,64406.9,,937829048.47,-0.05,1394.04
2024-07-18 13:00:00+00:00,long,sell - direction_change,64406.9,64811.2,943247147.36,0.58,1394.62
2024-07-18 13:00:00+00:00,short,buy,64811.2,,942775523.78,-0.05,1394.57
2024-07-19 01:00:00+00:00,short,sell - direction_change,64811.2,63577.0,960257414.95,1.85,1396.42
2024-07-19 01:00:00+00:00,long,buy,63577.0,,959777286.25,-0.05,1396.37
2024-07-19 02:00:00+00:00,long,sell - direction_change,63577.0,63791.2,962531024.46,0.29,1396.66
2024-07-19 02:00:00+00:00,short,buy,63791.2,,962049758.95,-0.05,1396.61
2024-07-19 03:00:00+00:00,short,sell - direction_change,63791.2,63805.9,961347039.99,-0.07,1396.54
2024-07-19 03:00:00+00:00,long,buy,63805.9,,960866366.47,-0.05,1396.49
2024-07-19 07:00:00+00:00,long,sell - direction_change,63805.9,64184.8,966091867.47,0.54,1397.03
2024-07-19 07:00:00+00:00,short,buy,64184.8,,965608821.54,-0.05,1396.98
2024-07-19 10:00:00+00:00,short,sell - direction_change,64184.8,63671.9,972842186.14,0.75,1397.73
2024-07-19 10:00:00+00:00,long,buy,63671.9,,972355765.04,-0.05,1397.68
2024-07-19 14:14:00+00:00,long,sell - take_profit,63671.9,65582.057,1001040260.11,2.95,1400.63
2024-07-19 15:00:00+00:00,long,buy,65700.8,,1000539739.98,-0.05,1400.58
2024-07-20 05:00:00+00:00,long,sell - direction_change,65700.8,66628.3,1014164117.13,1.36,1401.94
2024-07-20 05:00:00+00:00,short,buy,66628.3,,1013657035.07,-0.05,1401.89
2024-07-20 11:00:00+00:00,short,sell - direction_change,66628.3,66494.7,1015182744.98,0.15,1402.04
2024-07-20 11:00:00+00:00,long,buy,66494.7,,1014675153.61,-0.05,1401.99
2024-07-20 12:00:00+00:00,long,sell - direction_change,66494.7,66446.0,1013424678.91,-0.12,1401.87
2024-07-20 12:00:00+00:00,short,buy,66446.0,,1012917966.57,-0.05,1401.82
2024-07-20 14:00:00+00:00,short,sell - direction_change,66446.0,66503.0,1011542586.6,-0.14,1401.68
2024-07-20 14:00:00+00:00,long,buy,66503.0,,1011036815.3,-0.05,1401.63
2024-07-21 03:00:00+00:00,long,sell - direction_change,66503.0,67242.9,1021779904.32,1.06,1402.7
2024-07-21 03:00:00+00:00,short,buy,67242.9,,1021269014.37,-0.05,1402.65
2024-07-21 14:00:00+00:00,short,sell - direction_change,67242.9,66731.9,1028519325.13,0.71,1403.36
2024-07-21 14:00:00+00:00,long,buy,66731.9,,1028005065.46,-0.05,1403.31
2024-07-21 17:00:00+00:00,long,sell - direction_change,66731.9,67524.6,1039702608.16,1.14,1404.44
2024-07-21 17:00:00+00:00,short,buy,67524.6,,1039182756.86,-0.05,1404.39
2024-07-21 19:00:00+00:00,short,sell - direction_change,67524.6,66830.1,1049351306.17,0.98,1405.37
2024-07-21 19:00:00+00:00,long,buy,66830.1,,1048826630.52,-0.05,1405.32
2024-07-22 06:00:00+00:00,long,sell - direction_change,66830.1,67600.0,1060384970.67,1.1,1406.43
2024-07-22 06:00:00+00:00,short,buy,67600.0,,1059854778.19,-0.05,1406.38
2024-07-22 12:00:00+00:00,short,sell - direction_change,67600.0,67479.1,1061220360.31,0.13,1406.5
2024-07-22 12:00:00+00:00,long,buy,67479.1,,1060689750.13,-0.05,1406.45
2024-07-22 13:00:00+00:00,long,sell - direction_change,67479.1,67660.0,1063002934.22,0.22,1406.67
2024-07-22 13:00:00+00:00,short,buy,67660.0,,1062471432.75,-0.05,1406.62
2024-07-22 17:00:00+00:00,short,sell - direction_change,67660.0,67019.9,1071991748.38,0.9,1407.52
2024-07-22 17:00:00+00:00,long,buy,67019.9,,1071455752.51,-0.05,1407.47
2024-07-23 04:00:00+00:00,long,sell - direction_change,67019.9,67437.3,1077593052.06,0.57,1408.04
2024-07-23 04:00:00+00:00,short,buy,67437.3,,1077054255.54,-0.05,1407.99
2024-07-23 14:00:00+00:00,short,sell - direction_change,67437.3,66072.8,1098308423.72,1.97,1409.96
2024-07-23 14:00:00+00:00,long,buy,66072.8,,1097759269.51,-0.05,1409.91
2024-07-23 16:00:00+00:00,long,sell - direction_change,66072.8,66552.8,1105185297.09,0.68,1410.59
2024-07-23 16:00:00+00:00,short,buy,66552.8,,1104632704.44,-0.05,1410.54
2024-07-24 02:00:00+00:00,short,sell - direction_change,66552.8,65646.7,1119119690.62,1.31,1411.85
2024-07-24 02:00:00+00:00,long,buy,65646.7,,1118560130.78,-0.05,1411.8
2024-07-24 04:00:00+00:00,long,sell - direction_change,65646.7,66027.4,1124487632.86,0.53,1412.33
2024-07-24 04:00:00+00:00,short,buy,66027.4,,1123925389.05,-0.05,1412.28
2024-07-24 05:00:00+00:00,short,sell - direction_change,66027.4,65834.0,1126655501.61,0.24,1412.53
2024-07-24 05:00:00+00:00,long,buy,65834.0,,1126092173.86,-0.05,1412.48
2024-07-24 18:00:00+00:00,long,sell - direction_change,65834.0,66560.0,1137947375.46,1.05,1413.53
2024-07-24 18:00:00+00:00,short,buy,66560.0,,1137378401.78,-0.05,1413.48
2024-07-24 20:00:00+00:00,short,sell - direction_change,66560.0,65631.8,1152670809.82,1.34,1414.82
2024-07-24 20:00:00+00:00,long,buy,65631.8,,1152094474.41,-0.05,1414.77
2024-07-24 21:00:00+00:00,long,sell - direction_change,65631.8,66027.9,1158471529.5,0.55,1415.33
2024-07-24 21:00:00+00:00,short,buy,66027.9,,1157892293.74,-0.05,1415.28
2024-07-25 02:28:00+00:00,short,sell - take_profit,66027.9,64047.062999999995,1192050116.4,2.95,1418.23
2024-07-25 03:00:00+00:00,short,buy,64188.0,,1191454091.35,-0.05,1418.18
2024-07-25 14:00:00+00:00,short,sell - direction_change,64188.0,64034.0,1193716903.75,0.19,1418.37
2024-07-25 14:00:00+00:00,long,buy,64034.0,,1193120045.3,-0.05,1418.32
2024-07-25 21:53:00+00:00,long,sell - take_profit,64034.0,65955.02,1228317086.63,2.95,1421.27
2024-07-25 22:00:00+00:00,long,buy,65815.0,,1227702928.09,-0.05,1421.22
2024-07-26 13:52:00+00:00,long,sell - take_profit,65815.0,67789.45,1263920164.47,2.95,1424.17
2024-07-26 14:00:00+00:00,long,buy,67862.7,,1263288204.39,-0.05,1424.12
2024-07-26 14:30:00+00:00,long,sell - stop_loss,67862.7,67184.07299999999,1250023678.24,-1.05,1423.07
2024-07-26 15:00:00+00:00,long,buy,67290.5,,1249398666.4,-0.05,1423.02
2024-07-27 13:46:00+00:00,long,sell - take_profit,67290.5,69309.215,1286255927.06,2.95,1425.97
2024-07-27 14:00:00+00:00,long,buy,69205.9,,1285612799.1,-0.05,1425.92
2024-07-27 17:16:00+00:00,long,sell - stop_loss,69205.9,68513.841,1272113864.71,-1.05,1424.87
2024-07-27 18:00:00+00:00,long,buy,68514.4,,1271477807.77,-0.05,1424.82
2024-07-27 19:41:00+00:00,long,sell - stop_loss,68514.4,67829.256,1258127290.79,-1.05,1423.77
2024-07-27 20:00:00+00:00,short,buy,68209.3,,1257498227.15,-0.05,1423.72
2024-07-27 21:00:00+00:00,short,sell - direction_change,68209.3,67758.7,1265176683.96,0.61,1424.33
2024-07-27 21:00:00+00:00,long,buy,67758.7,,1264544095.62,-0.05,1424.28
2024-07-27 23:00:00+00:00,long,sell - direction_change,67758.7,68600.0,1279612552.0,1.19,1425.47
2024-07-27 23:00:00+00:00,short,buy,68600.0,,1278972745.72,-0.05,1425.42
2024-07-28 12:00:00+00:00,short,sell - direction_change,68600.0,67800.1,1293246529.02,1.12,1426.53
2024-07-28 12:00:00+00:00,long,buy,67800.1,,1292599905.76,-0.05,1426.48
2024-07-29 06:25:00+00:00,long,sell - take_profit,67800.1,69834.103,1330731602.98,2.95,1429.43
2024-07-29 07:00:00+00:00,long,buy,69553.0,,1330066237.17,-0.05,1429.38
2024-07-29 13:00:00+00:00,long,sell - direction_change,69553.0,69776.0,1333665646.58,0.27,1429.65
2024-07-29 13:00:00+00:00,short,buy,69776.0,,1332998813.76,-0.05,1429.6
2024-07-29 15:22:00+00:00,short,sell - take_profit,69776.0,67682.72,1372322278.76,2.95,1432.55
2024-07-29 16:00:00+00:00,short,buy,68067.3,,1371636117.62,-0.05,1432.5
2024-07-30 00:20:00+00:00,short,sell - take_profit,68067.3,66025.281,1412099383.09,2.95,1435.45
2024-07-30 01:00:00+00:00,short,buy,66571.9,,1411393333.4,-0.05,1435.4
2024-07-30 11:00:00+00:00,short,sell - direction_change,66571.9,66545.7,1411243103.91,-0.01,1435.39
2024-07-30 11:00:00+00:00,long,buy,66545.7,,1410537482.36,-0.05,1435.34
2024-07-30 13:00:00+00:00,long,sell - direction_change,66545.7,66635.4,1411733541.76,0.08,1435.43
2024-07-30 13:00:00+00:00,short,buy,66635.4,,1411027674.99,-0.05,1435.38
2024-07-31 00:00:00+00:00,short,sell - direction_change,66635.4,66159.3,1420403743.56,0.66,1436.04
2024-07-31 00:00:00+00:00,long,buy,66159.3,,1419693541.68,-0.05,1435.99
2024-07-31 02:00:00+00:00,long,sell - direction_change,66159.3,66269.1,1421339861.78,0.12,1436.11
2024-07-31 02:00:00+00:00,short,buy,66269.1,,1420629191.85,-0.05,1436.06
2024-07-31 03:00:00+00:00,short,sell - direction_change,66269.1,66084.5,1423876198.98,0.23,1436.29
2024-07-31 03:00:00+00:00,long,buy,66084.5,,1423164260.88,-0.05,1436.24
2024-07-31 04:00:00+00:00,long,sell - direction_change,66084.5,66028.1,1421238075.26,-0.14,1436.1
2024-07-31 04:00:00+00:00,short,buy,66028.1,,1420527456.22,-0.05,1436.05
2024-07-31 05:00:00+00:00,short,sell - direction_change,66028.1,65774.1,1425281744.31,0.33,1436.39
2024-07-31 05:00:00+00:00,long,buy,65774.1,,1424569103.44,-0.05,1436.34
2024-07-31 07:00:00+00:00,long,sell - direction_change,65774.1,66425.5,1437965173.3,0.94,1437.28
2024-07-31 07:00:00+00:00,short,buy,66425.5,,1437246190.71,-0.05,1437.23
2024-07-31 08:00:00+00:00,short,sell - direction_change,66425.5,66196.4,1441484596.2,0.29,1437.52
2024-07-31 08:00:00+00:00,long,buy,66196.4,,1440763853.9,-0.05,1437.47
2024-07-31 10:00:00+00:00,long,sell - direction_change,66196.4,66230.0,1440774775.58,0.0,1437.47
2024-07-31 10:00:00+00:00,short,buy,66230.0,,1440054388.19,-0.05,1437.42
2024-07-31 12:00:00+00:00,short,sell - direction_change,66230.0,66062.7,1442972004.04,0.2,1437.63
2024-07-31 12:00:00+00:00,long,buy,66062.7,,1442250518.04,-0.05,1437.58
2024-07-31 19:00:00+00:00,long,sell - direction_change,66062.7,66498.5,1451043578.18,0.61,1438.19
2024-07-31 19:00:00+00:00,short,buy,66498.5,,1450318056.39,-0.05,1438.14
2024-07-31 21:01:00+00:00,short,sell - take_profit,66498.5,64503.545,1493102439.06,2.95,1441.09
2024-07-31 22:00:00+00:00,short,buy,64950.1,,1492355887.84,-0.05,1441.04
2024-08-01 08:00:00+00:00,short,sell - direction_change,64950.1,64297.5,1506604474.37,0.95,1441.99
2024-08-01 08:00:00+00:00,long,buy,64297.5,,1505851172.13,-0.05,1441.94
2024-08-01 14:00:00+00:00,long,sell - direction_change,64297.5,64724.6,1515100953.27,0.61,1442.55
2024-08-01 14:00:00+00:00,short,buy,64724.6,,1514343402.8,-0.05,1442.5
2024-08-01 15:31:00+00:00,short,sell - take_profit,64724.6,62782.861999999994,1559016533.18,2.95,1445.45
2024-08-01 16:00:00+00:00,short,buy,62892.6,,1558237024.91,-0.05,1445.4
2024-08-01 20:00:00+00:00,short,sell - direction_change,62892.6,63403.0,1544812155.11,-0.86,1444.54
2024-08-01 20:00:00+00:00,long,buy,63403.0,,1544039749.03,-0.05,1444.49
2024-08-01 21:46:00+00:00,long,sell - take_profit,63403.0,65305.090000000004,1589588921.63,2.95,1447.44
2024-08-01 22:00:00+00:00,long,buy,64879.8,,1588794127.17,-0.05,1447.39
2024-08-02 02:22:00+00:00,long,sell - stop_loss,64879.8,64231.002,1572111788.83,-1.05,1446.34
2024-08-02 03:00:00+00:00,long,buy,64344.5,,1571325732.94,-0.05,1446.29
2024-08-02 07:00:00+00:00,long,sell - direction_change,64344.5,64446.5,1573030962.45,0.11,1446.4
2024-08-02 07:00:00+00:00,short,buy,64446.5,,1572244446.97,-0.05,1446.35
2024-08-02 08:00:00+00:00,short,sell - direction_change,64446.5,64146.0,1578789358.34,0.42,1446.77
2024-08-02 08:00:00+00:00,long,buy,64146.0,,1577999963.66,-0.05,1446.72
2024-08-02 09:00:00+00:00,long,sell - direction_change,64146.0,64569.8,1587636498.93,0.61,1447.33
2024-08-02 09:00:00+00:00,short,buy,64569.8,,1586842680.69,-0.05,1447.28
2024-08-02 10:00:00+00:00,short,sell - direction_change,64569.8,64485.4,1588123441.43,0.08,1447.36
2024-08-02 10:00:00+00:00,long,buy,64485.4,,1587329379.71,-0.05,1447.31
2024-08-02 14:00:00+00:00,long,sell - direction_change,64485.4,65208.2,1604327675.3,1.07,1448.38
2024-08-02 14:00:00+00:00,short,buy,65208.2,,1603525511.46,-0.05,1448.33
2024-08-02 14:56:00+00:00,short,sell - take_profit,65208.2,63251.954,1650829514.05,2.95,1451.28
2024-08-02 15:00:00+00:00,short,buy,63145.6,,1650004099.29,-0.05,1451.23
2024-08-02 22:58:00+00:00,short,sell - take_profit,63145.6,61251.231999999996,1698679220.22,2.95,1454.18
2024-08-02 23:00:00+00:00,short,buy,61377.8,,1697829880.61,-0.05,1454.13
2024-08-03 09:00:00+00:00,short,sell - direction_change,61377.8,61606.0,1690668507.77,-0.42,1453.71
2024-08-03 09:00:00+00:00,long,buy,61606.0,,1689823173.51,-0.05,1453.66
2024-08-03 15:00:00+00:00,long,sell - direction_change,61606.0,61960.0,1698688312.95,0.52,1454.18
2024-08-03 15:00:00+00:00,short,buy,61960.0,,1697838968.8,-0.05,1454.13
2024-08-03 18:33:00+00:00,short,sell - take_profit,61960.0,60101.2,1747925218.38,2.95,1457.08
2024-08-03 19:00:00+00:00,short,buy,60225.0,,1747051255.77,-0.05,1457.03
2024-08-03 21:46:00+00:00,short,sell - stop_loss,60225.0,60827.25,1728707217.58,-1.05,1455.98
2024-08-03 22:00:00+00:00,short,buy,60631.4,,1727842863.97,-0.05,1455.93
2024-08-04 02:00:00+00:00,short,sell - direction_change,60631.4,60715.0,1724596552.17,-0.19,1455.75
2024-08-04 02:00:00+00:00,long,buy,60715.0,,1723734253.89,-0.05,1455.7
2024-08-04 03:00:00+00:00,long,sell - direction_change,60715.0,60856.3,1726883976.16,0.18,1455.88
2024-08-04 03:00:00+00:00,short,buy,60856.3,,1726020534.17,-0.05,1455.83
2024-08-04 05:00:00+00:00,short,sell - direction_change,60856.3,60540.6,1734111480.73,0.47,1456.3
2024-08-04 05:00:00+00:00,long,buy,60540.6,,1733244424.99,-0.05,1456.25
2024-08-04 07:00:00+00:00,long,sell - direction_change,60540.6,60788.9,1739486496.62,0.36,1456.61
2024-08-04 07:00:00+00:00,short,buy,60788.9,,1738616753.38,-0.05,1456.56
2024-08-04 09:00:00+00:00,short,sell - direction_change,60788.9,60544.6,1744734642.87,0.35,1456.91
2024-08-04 09:00:00+00:00,long,buy,60544.6,,1743862275.55,-0.05,1456.86
2024-08-04 14:00:00+00:00,long,sell - direction_change,60544.6,60800.2,1750352375.01,0.37,1457.23
2024-08-04 14:00:00+00:00,short,buy,60800.2,,1749477198.82,-0.05,1457.18
2024-08-04 15:58:00+00:00,short,sell - take_profit,60800.2,58976.193999999996,1801086776.19,2.95,1460.13
2024-08-04 16:00:00+00:00,short,buy,59069.9,,1800186232.8,-0.05,1460.08
2024-08-04 17:44:00+00:00,short,sell - take_profit,59069.9,57297.803,1853291726.67,2.95,1463.03
2024-08-04 18:00:00+00:00,short,buy,57842.1,,1852365080.8,-0.05,1462.98
2024-08-04 18:22:00+00:00,short,sell - stop_loss,57842.1,58420.521,1832915247.46,-1.05,1461.93
2024-08-04 19:00:00+00:00,short,buy,58734.6,,1831998789.83,-0.05,1461.88
2024-08-04 19:24:00+00:00,short,sell - stop_loss,58734.6,59321.945999999996,1812762802.54,-1.05,1460.83
2024-08-04 20:00:00+00:00,short,buy,59233.9,,1811856421.14,-0.05,1460.78
2024-08-05 00:14:00+00:00,short,sell - take_profit,59233.9,57456.883,1865306185.56,2.95,1463.73
2024-08-05 01:00:00+00:00,short,buy,56141.9,,1864373532.47,-0.05,1463.68
2024-08-05 01:08:00+00:00,short,sell - take_profit,56141.9,54457.643,1919372551.68,2.95,1466.63
2024-08-05 02:00:00+00:00,short,buy,54389.6,,1918412865.4,-0.05,1466.58
2024-08-05 05:08:00+00:00,short,sell - take_profit,54389.6,52757.912,1975006044.93,2.95,1469.53
2024-08-05 06:00:00+00:00,short,buy,52696.5,,1974018541.91,-0.05,1469.48
2024-08-05 06:18:00+00:00,short,sell - take_profit,52696.5,51115.604999999996,2032252088.89,2.95,1472.43
2024-08-05 07:00:00+00:00,short,buy,51562.0,,2031235962.85,-0.05,1472.38
2024-08-05 07:18:00+00:00,short,sell - stop_loss,51562.0,52077.62,2009907985.24,-1.05,1471.33
2024-08-05 08:00:00+00:00,short,buy,52645.6,,2008903031.25,-0.05,1471.28
2024-08-05 08:18:00+00:00,short,sell - stop_loss,52645.6,53172.056,1987809549.42,-1.05,1470.23
2024-08-05 09:00:00+00:00,short,buy,52727.8,,1986815644.64,-0.05,1470.18
2024-08-05 10:28:00+00:00,short,sell - take_profit,52727.8,51145.966,2045426706.16,2.95,1473.13
2024-08-05 11:00:00+00:00,short,buy,51364.1,,2044403992.81,-0.05,1473.08
2024-08-05 11:15:00+00:00,short,sell - stop_loss,51364.1,51877.741,2022937750.88,-1.05,1472.03
2024-08-05 12:00:00+00:00,short,buy,51316.7,,2021926282.01,-0.05,1471.98
2024-08-05 12:33:00+00:00,short,sell - take_profit,51316.7,49777.19899999999,2081573107.33,2.95,1474.93
2024-08-05 13:00:00+00:00,short,buy,49788.4,,2080532320.77,-0.05,1474.88
2024-08-05 13:05:00+00:00,short,sell - stop_loss,49788.4,50286.284,2058686731.41,-1.05,1473.83
2024-08-05 14:00:00+00:00,long,buy,51927.7,,2057657388.04,-0.05,1473.78
2024-08-05 14:00:00+00:00,long,sell - take_profit,51927.7,53485.530999999995,2118358280.99,2.95,1476.73
2024-08-05 15:00:00+00:00,long,buy,54028.3,,2117299101.85,-0.05,1476.68
2024-08-05 15:01:00+00:00,long,sell - stop_loss,54028.3,53488.017,2095067461.28,-1.05,1475.63
2024-08-05 16:00:00+00:00,long,buy,54289.7,,2094019927.55,-0.05,1475.58
2024-08-05 17:07:00+00:00,long,sell - stop_loss,54289.7,53746.803,2072032718.31,-1.05,1474.53
2024-08-05 18:00:00+00:00,long,buy,54676.2,,2070996701.95,-0.05,1474.48
2024-08-05 18:16:00+00:00,long,sell - stop_loss,54676.2,54129.437999999995,2049251236.58,-1.05,1473.43
2024-08-05 19:00:00+00:00,long,buy,53082.6,,2048226610.96,-0.05,1473.38
2024-08-05 19:18:00+00:00,long,sell - stop_loss,53082.6,52551.774,2026720231.54,-1.05,1472.33
2024-08-05 20:00:00+00:00,long,buy,53450.3,,2025706871.43,-0.05,1472.28
2024-08-05 21:16:00+00:00,long,sell - take_profit,53450.3,55053.809,2085465224.14,2.95,1475.23
2024-08-05 22:00:00+00:00,long,buy,54344.9,,2084422491.52,-0.05,1475.18
2024-08-06 00:59:00+00:00,long,sell - take_profit,54344.9,55975.247,2145912955.02,2.95,1478.13
2024-08-06 01:00:00+00:00,long,buy,56010.1,,2144839998.55,-0.05,1478.08
2024-08-06 01:38:00+00:00,long,sell - stop_loss,56010.1,55449.998999999996,2122319178.56,-1.05,1477.03
2024-08-06 02:00:00+00:00,long,buy,55689.9,,2121258018.97,-0.05,1476.98
2024-08-06 08:34:00+00:00,long,sell - stop_loss,55689.9,55133.001000000004,2098984809.77,-1.05,1475.93
2024-08-06 09:00:00+00:00,long,buy,54970.0,,2097935317.37,-0.05,1475.88
2024-08-06 12:00:00+00:00,long,sell - direction_change,54970.0,55188.0,2105206340.6,0.35,1476.23
2024-08-06 12:00:00+00:00,short,buy,55188.0,,2104153737.43,-0.05,1476.18
2024-08-06 14:00:00+00:00,short,sell - direction_change,55188.0,55180.2,2103399051.28,-0.04,1476.14
2024-08-06 14:00:00+00:00,long,buy,55180.2,,2102347351.76,-0.05,1476.09
2024-08-06 16:54:00+00:00,long,sell - take_profit,55180.2,56835.606,2164366598.63,2.95,1479.04
2024-08-06 17:00:00+00:00,long,buy,56743.7,,2163284415.33,-0.05,1478.99
2024-08-06 20:50:00+00:00,long,sell - stop_loss,56743.7,56176.263,2140569928.97,-1.05,1477.94
2024-08-06 21:00:00+00:00,long,buy,56511.9,,2139499644.01,-0.05,1477.89
2024-08-06 22:27:00+00:00,long,sell - stop_loss,56511.9,55946.781,2117034897.75,-1.05,1476.84
2024-08-06 23:00:00+00:00,long,buy,56175.4,,2115976380.3,-0.05,1476.79
2024-08-07 00:14:00+00:00,long,sell - stop_loss,56175.4,55613.646,2093758628.3,-1.05,1475.74
2024-08-07 01:00:00+00:00,long,buy,56251.2,,2092711748.99,-0.05,1475.69
2024-08-07 14:00:00+00:00,long,sell - direction_change,56251.2,56800.9,2112115866.14,0.93,1476.62
2024-08-07 14:00:00+00:00,short,buy,56800.9,,2111059808.21,-0.05,1476.57
2024-08-07 18:19:00+00:00,short,sell - take_profit,56800.9,55096.873,2173336072.55,2.95,1479.52
2024-08-07 19:00:00+00:00,short,buy,54785.4,,2172249404.52,-0.05,1479.47
2024-08-07 21:42:00+00:00,short,sell - stop_loss,54785.4,55333.254,2149440785.77,-1.05,1478.42
2024-08-07 22:00:00+00:00,short,buy,55389.1,,2148366065.38,-0.05,1478.37
2024-08-08 01:00:00+00:00,short,sell - direction_change,55389.1,55270.6,2151888118.4,0.16,1478.53
2024-08-08 01:00:00+00:00,long,buy,55270.6,,2150812174.34,-0.05,1478.48
2024-08-08 01:44:00+00:00,long,sell - take_profit,55270.6,56928.718,2214261133.49,2.95,1481.43
2024-08-08 02:00:00+00:00,long,buy,56842.0,,2213154002.92,-0.05,1481.38
2024-08-08 14:47:00+00:00,long,sell - take_profit,56842.0,58547.26,2278442046.01,2.95,1484.33
2024-08-08 15:00:00+00:00,long,buy,58880.8,,2277302824.98,-0.05,1484.28
2024-08-08 21:42:00+00:00,long,sell - take_profit,58880.8,60647.224,2344483258.32,2.95,1487.23
2024-08-08 22:00:00+00:00,long,buy,61154.8,,2343311016.69,-0.05,1487.18
2024-08-09 09:00:00+00:00,long,sell - direction_change,61154.8,61063.0,2338621796.72,-0.2,1486.98
2024-08-09 09:00:00+00:00,short,buy,61063.0,,2337452485.82,-0.05,1486.93
2024-08-09 19:00:00+00:00,short,sell - direction_change,61063.0,60291.1,2365831596.63,1.21,1488.15
2024-08-09 19:00:00+00:00,long,buy,60291.1,,2364648680.83,-0.05,1488.1
2024-08-10 03:00:00+00:00,long,sell - direction_change,60291.1,60511.5,2372110560.51,0.32,1488.41
2024-08-10 03:00:00+00:00,short,buy,60511.5,,2370924505.23,-0.05,1488.36
2024-08-10 07:00:00+00:00,short,sell - direction_change,60511.5,60427.6,2373026361.36,0.09,1488.45
2024-08-10 07:00:00+00:00,long,buy,60427.6,,2371839848.18,-0.05,1488.4
2024-08-10 13:00:00+00:00,long,sell - direction_change,60427.6,60688.9,2380910197.78,0.38,1488.78
2024-08-10 13:00:00+00:00,short,buy,60688.9,,2379719742.68,-0.05,1488.73
2024-08-10 14:00:00+00:00,short,sell - direction_change,60688.9,60400.0,2389858165.8,0.43,1489.16
2024-08-10 14:00:00+00:00,long,buy,60400.0,,2388663236.72,-0.05,1489.11
2024-08-10 15:00:00+00:00,long,sell - direction_change,60400.0,60553.9,2393555250.66,0.2,1489.31
2024-08-10 15:00:00+00:00,short,buy,60553.9,,2392358473.04,-0.05,1489.26
2024-08-10 16:00:00+00:00,short,sell - direction_change,60553.9,60480.5,2394062174.93,0.07,1489.34
2024-08-10 16:00:00+00:00,long,buy,60480.5,,2392865143.84,-0.05,1489.29
2024-08-11 10:00:00+00:00,long,sell - direction_change,60480.5,61078.7,2415336040.89,0.94,1490.22
2024-08-11 10:00:00+00:00,short,buy,61078.7,,2414128372.87,-0.05,1490.17
2024-08-11 20:04:00+00:00,short,sell - take_profit,61078.7,59246.33899999999,2485345159.87,2.95,1493.12
2024-08-11 21:00:00+00:00,short,buy,58479.9,,2484102487.29,-0.05,1493.07
2024-08-11 22:02:00+00:00,short,sell - stop_loss,58479.9,59064.699,2458019411.17,-1.05,1492.02
2024-08-11 23:00:00+00:00,short,buy,58960.9,,2456790401.47,-0.05,1491.97
2024-08-12 10:00:00+00:00,short,sell - direction_change,58960.9,58267.5,2484454687.08,1.13,1493.1
2024-08-12 10:00:00+00:00,long,buy,58267.5,,2483212459.74,-0.05,1493.05
2024-08-12 13:00:00+00:00,long,sell - direction_change,58267.5,59699.9,2543016093.61,2.41,1495.46
2024-08-12 13:00:00+00:00,short,buy,59699.9,,2541744585.56,-0.05,1495.41
2024-08-12 14:00:00+00:00,short,sell - direction_change,59699.9,58133.7,2607155238.19,2.57,1497.98
2024-08-12 14:00:00+00:00,long,buy,58133.7,,2605851660.57,-0.05,1497.93
2024-08-12 14:34:00+00:00,long,sell - take_profit,58133.7,59877.710999999996,2682724284.56,2.95,1500.88
2024-08-12 15:00:00+00:00,long,buy,60265.2,,2681382922.42,-0.05,1500.83
2024-08-12 15:23:00+00:00,long,sell - stop_loss,60265.2,59662.547999999995,2653228401.73,-1.05,1499.78
2024-08-12 16:00:00+00:00,long,buy,60171.3,,2651901787.53,-0.05,1499.73
2024-08-12 16:56:00+00:00,long,sell - stop_loss,60171.3,59569.587,2624056818.76,-1.05,1498.68
2024-08-12 17:00:00+00:00,long,buy,59581.7,,2622744790.35,-0.05,1498.63
2024-08-12 18:36:00+00:00,long,sell - stop_loss,59581.7,58985.882999999994,2595205970.05,-1.05,1497.58
2024-08-12 19:00:00+00:00,long,buy,58511.4,,2593908367.07,-0.05,1497.53
2024-08-12 20:00:00+00:00,long,sell - direction_change,58511.4,59026.0,2615424492.83,0.83,1498.36
2024-08-12 20:00:00+00:00,short,buy,59026.0,,2614116780.58,-0.05,1498.31
2024-08-12 21:00:00+00:00,short,sell - direction_change,59026.0,58817.6,2622039247.1,0.3,1498.61
2024-08-12 21:00:00+00:00,long,buy,58817.6,,2620728227.47,-0.05,1498.56
2024-08-13 03:00:00+00:00,long,sell - direction_change,58817.6,59450.1,2647600084.39,1.03,1499.59
2024-08-13 03:00:00+00:00,short,buy,59450.1,,2646276284.35,-0.05,1499.54
2024-08-13 04:00:00+00:00,short,sell - direction_change,59450.1,59014.0,2664365074.66,0.68,1500.22
2024-08-13 04:00:00+00:00,long,buy,59014.0,,2663032892.12,-0.05,1500.17
2024-08-13 09:00:00+00:00,long,sell - direction_change,59014.0,59068.2,2664147174.69,0.04,1500.22
2024-08-13 09:00:00+00:00,short,buy,59068.2,,2662815101.1,-0.05,1500.17
2024-08-13 13:00:00+00:00,short,sell - direction_change,59068.2,59095.4,2660257508.04,-0.1,1500.07
2024-08-13 13:00:00+00:00,long,buy,59095.4,,2658927379.29,-0.05,1500.02
2024-08-13 16:48:00+00:00,long,sell - take_profit,59095.4,60868.262,2737365736.98,2.95,1502.97
2024-08-13 17:00:00+00:00,long,buy,61121.0,,2735997054.11,-0.05,1502.92
2024-08-13 19:16:00+00:00,long,sell - stop_loss,61121.0,60509.79,2707269085.04,-1.05,1501.87
2024-08-13 20:00:00+00:00,long,buy,60794.5,,2705915450.5,-0.05,1501.82
2024-08-14 13:00:00+00:00,long,sell - direction_change,60794.5,61026.8,2714901983.34,0.33,1502.15
2024-08-14 13:00:00+00:00,short,buy,61026.8,,2713544532.35,-0.05,1502.1
2024-08-14 14:10:00+00:00,short,sell - take_profit,61026.8,59195.996,2793594096.05,2.95,1505.05
2024-08-14 15:00:00+00:00,short,buy,59468.4,,2792197299.0,-0.05,1505.0
2024-08-15 07:31:00+00:00,short,sell - take_profit,59468.4,57684.348,2874567119.32,2.95,1507.95
2024-08-15 08:00:00+00:00,short,buy,58031.9,,2873129835.76,-0.05,1507.9
2024-08-15 11:00:00+00:00,short,sell - direction_change,58031.9,58326.0,2857132529.52,-0.56,1507.34
2024-08-15 11:00:00+00:00,long,buy,58326.0,,2855703963.25,-0.05,1507.29
2024-08-15 18:00:00+00:00,long,sell - direction_change,58326.0,58840.7,2879476379.24,0.83,1508.13
2024-08-15 18:00:00+00:00,short,buy,58840.7,,2878036641.05,-0.05,1508.08
2024-08-15 19:11:00+00:00,short,sell - take_profit,58840.7,57075.47899999999,2962938721.97,2.95,1511.03
2024-08-15 20:00:00+00:00,short,buy,57002.5,,2961457252.6,-0.05,1510.98
2024-08-15 21:59:00+00:00,short,sell - stop_loss,57002.5,57572.525,2930361951.45,-1.05,1509.93
2024-08-15 22:00:00+00:00,short,buy,57583.0,,2928896770.48,-0.05,1509.88
2024-08-16 02:31:00+00:00,short,sell - stop_loss,57583.0,58158.83,2898143354.39,-1.05,1508.83
2024-08-16 03:00:00+00:00,short,buy,58168.4,,2896694282.71,-0.05,1508.78
2024-08-16 04:00:00+00:00,short,sell - direction_change,58168.4,57858.1,2910698384.59,0.48,1509.26
2024-08-16 04:00:00+00:00,long,buy,57858.1,,2909243035.4,-0.05,1509.21
2024-08-16 12:00:00+00:00,long,sell - direction_change,57858.1,58369.4,2933497795.35,0.83,1510.04
2024-08-16 12:00:00+00:00,short,buy,58369.4,,2932031046.46,-0.05,1509.99
2024-08-16 13:00:00+00:00,short,sell - direction_change,58369.4,57844.4,2956937004.94,0.85,1510.84
2024-08-16 13:00:00+00:00,long,buy,57844.4,,2955458536.43,-0.05,1510.79
2024-08-16 14:00:00+00:00,long,sell - direction_change,57844.4,58311.9,2977866902.72,0.76,1511.55
2024-08-16 14:00:00+00:00,short,buy,58311.9,,2976377969.27,-0.05,1511.5
2024-08-16 16:00:00+00:00,short,sell - direction_change,58311.9,58035.1,2989018310.17,0.42,1511.93
2024-08-16 16:00:00+00:00,long,buy,58035.1,,2987523801.02,-0.05,1511.88
2024-08-16 19:32:00+00:00,long,sell - take_profit,58035.1,59776.153,3075655753.15,2.95,1514.83
2024-08-16 20:00:00+00:00,long,buy,59649.3,,3074117925.27,-0.05,1514.78
2024-08-16 21:17:00+00:00,long,sell - stop_loss,59649.3,59052.807,3041839687.05,-1.05,1513.73
2024-08-16 22:00:00+00:00,long,buy,58993.4,,3040318767.21,-0.05,1513.68
2024-08-17 10:00:00+00:00,long,sell - direction_change,58993.4,59292.1,3054192587.76,0.46,1514.13
2024-08-17 10:00:00+00:00,short,buy,59292.1,,3052665491.47,-0.05,1514.08
2024-08-17 11:00:00+00:00,short,sell - direction_change,59292.1,59077.0,3062213624.75,0.31,1514.4
2024-08-17 11:00:00+00:00,long,buy,59077.0,,3060682517.94,-0.05,1514.35
2024-08-18 03:00:00+00:00,long,sell - direction_change,59077.0,60103.9,3112354182.16,1.69,1516.03
2024-08-18 03:00:00+00:00,short,buy,60103.9,,3110798005.07,-0.05,1515.98
2024-08-18 04:00:00+00:00,short,sell - direction_change,60103.9,59308.5,3150410129.85,1.27,1517.26
2024-08-18 04:00:00+00:00,long,buy,59308.5,,3148834924.79,-0.05,1517.21
2024-08-18 17:00:00+00:00,long,sell - direction_change,59308.5,59808.0,3173780197.51,0.79,1518.0
2024-08-18 17:00:00+00:00,short,buy,59808.0,,3172193307.41,-0.05,1517.95
2024-08-18 20:00:00+00:00,short,sell - direction_change,59808.0,59672.0,3177820598.42,0.18,1518.13
2024-08-18 20:00:00+00:00,long,buy,59672.0,,3176231688.12,-0.05,1518.08
2024-08-18 21:00:00+00:00,long,sell - direction_change,59672.0,59784.6,3180637064.84,0.14,1518.22
2024-08-18 21:00:00+00:00,short,buy,59784.6,,3179046746.31,-0.05,1518.17
2024-08-19 09:49:00+00:00,short,sell - take_profit,59784.6,57991.062,3272828625.33,2.95,1521.12
2024-08-19 10:00:00+00:00,short,buy,57977.3,,3271192211.01,-0.05,1521.07
2024-08-19 13:08:00+00:00,short,sell - stop_loss,57977.3,58557.073000000004,3236844692.8,-1.05,1520.02
2024-08-19 14:00:00+00:00,long,buy,58176.7,,3235226270.45,-0.05,1519.97
2024-08-20 00:26:00+00:00,long,sell - take_profit,58176.7,59922.001,3330665445.43,2.95,1522.92
2024-08-20 01:00:00+00:00,long,buy,60454.6,,3329000112.71,-0.05,1522.87
2024-08-20 14:00:00+00:00,long,sell - direction_change,60454.6,60850.0,3349108755.55,0.6,1523.47
2024-08-20 14:00:00+00:00,short,buy,60850.0,,3347434201.17,-0.05,1523.42
2024-08-20 15:00:00+00:00,short,sell - take_profit,60850.0,59024.5,3446183510.1,2.95,1526.37
2024-08-20 16:00:00+00:00,short,buy,58783.7,,3444460418.35,-0.05,1526.32
2024-08-20 18:21:00+00:00,short,sell - stop_loss,58783.7,59371.537,3408293583.96,-1.05,1525.27
2024-08-20 19:00:00+00:00,short,buy,59157.6,,3406589437.16,-0.05,1525.22
2024-08-21 01:00:00+00:00,short,sell - direction_change,59157.6,58959.0,3416322520.23,0.29,1525.51
2024-08-21 01:00:00+00:00,long,buy,58959.0,,3414614358.97,-0.05,1525.46
2024-08-21 05:00:00+00:00,long,sell - direction_change,58959.0,59330.0,3434393541.16,0.58,1526.03
2024-08-21 05:00:00+00:00,short,buy,59330.0,,3432676344.39,-0.05,1525.98
2024-08-21 06:00:00+00:00,short,sell - direction_change,59330.0,59356.4,3429432572.28,-0.09,1525.89
2024-08-21 06:00:00+00:00,long,buy,59356.4,,3427717856.0,-0.05,1525.84
2024-08-21 09:00:00+00:00,long,sell - direction_change,59356.4,59414.1,3429336061.01,0.05,1525.89
2024-08-21 09:00:00+00:00,short,buy,59414.1,,3427621392.98,-0.05,1525.84
2024-08-21 10:00:00+00:00,short,sell - direction_change,59414.1,59253.7,3435161117.58,0.22,1526.06
2024-08-21 10:00:00+00:00,long,buy,59253.7,,3433443537.02,-0.05,1526.01
2024-08-21 19:07:00+00:00,long,sell - take_profit,59253.7,61031.311,3534730121.37,2.95,1528.96
2024-08-21 20:00:00+00:00,long,buy,61538.1,,3532962756.31,-0.05,1528.91
2024-08-21 20:49:00+00:00,long,sell - stop_loss,61538.1,60922.719,3495866647.36,-1.05,1527.86
2024-08-21 21:00:00+00:00,long,buy,61204.4,,3494118714.04,-0.05,1527.81
2024-08-22 02:37:00+00:00,long,sell - stop_loss,61204.4,60592.356,3457430467.54,-1.05,1526.76
2024-08-22 03:00:00+00:00,long,buy,60144.7,,3455701752.31,-0.05,1526.71
2024-08-22 05:00:00+00:00,long,sell - direction_change,60144.7,60795.1,3491343585.21,1.03,1527.74
2024-08-22 05:00:00+00:00,short,buy,60795.1,,3489597913.41,-0.05,1527.69
2024-08-22 06:00:00+00:00,short,sell - direction_change,60795.1,60689.0,3493943183.21,0.12,1527.81
2024-08-22 06:00:00+00:00,long,buy,60689.0,,3492196211.62,-0.05,1527.76
2024-08-22 09:00:00+00:00,long,sell - direction_change,60689.0,60890.7,3502056433.86,0.28,1528.05
2024-08-22 09:00:00+00:00,short,buy,60890.7,,3500305405.65,-0.05,1528.0
2024-08-22 10:00:00+00:00,short,sell - direction_change,60890.7,60850.1,3500889146.29,0.02,1528.01
2024-08-22 10:00:00+00:00,long,buy,60850.1,,3499138701.71,-0.05,1527.96
2024-08-22 14:00:00+00:00,long,sell - direction_change,60850.1,60777.4,3493208574.18,-0.17,1527.79
2024-08-22 14:00:00+00:00,short,buy,60777.4,,3491461969.89,-0.05,1527.74
2024-08-23 00:00:00+00:00,short,sell - direction_change,60777.4,60349.9,3514274709.52,0.65,1528.4
2024-08-23 00:00:00+00:00,long,buy,60349.9,,3512517572.17,-0.05,1528.35
2024-08-23 14:15:00+00:00,long,sell - take_profit,60349.9,62160.397000000004,3616136840.55,2.95,1531.3
2024-08-23 15:00:00+00:00,long,buy,60951.6,,3614328772.13,-0.05,1531.25
2024-08-23 17:47:00+00:00,long,sell - take_profit,60951.6,62780.148,3720951470.91,2.95,1534.2
2024-08-23 18:00:00+00:00,long,buy,62966.0,,3719090995.17,-0.05,1534.15
2024-08-23 21:20:00+00:00,long,sell - take_profit,62966.0,64854.98,3828804179.53,2.95,1537.1
2024-08-23 22:00:00+00:00,long,buy,64350.1,,3826889777.44,-0.05,1537.05
2024-08-24 01:19:00+00:00,long,sell - stop_loss,64350.1,63706.598999999995,3786707434.77,-1.05,1536.0
2024-08-24 02:00:00+00:00,long,buy,63808.1,,3784814081.06,-0.05,1535.95
2024-08-24 15:00:00+00:00,long,sell - direction_change,63808.1,64151.2,3803272847.48,0.49,1536.43
2024-08-24 15:00:00+00:00,short,buy,64151.2,,3801371211.05,-0.05,1536.38
2024-08-24 16:00:00+00:00,short,sell - direction_change,64151.2,63943.4,3811784011.99,0.27,1536.66
2024-08-24 16:00:00+00:00,long,buy,63943.4,,3809878119.98,-0.05,1536.61
2024-08-24 17:00:00+00:00,long,sell - direction_change,63943.4,64258.3,3826735564.84,0.44,1537.05
2024-08-24 17:00:00+00:00,short,buy,64258.3,,3824822197.06,-0.05,1537.0
2024-08-24 18:00:00+00:00,short,sell - direction_change,64258.3,64018.3,3837195214.1,0.32,1537.32
2024-08-24 18:00:00+00:00,long,buy,64018.3,,3835276616.5,-0.05,1537.27
2024-08-24 20:00:00+00:00,long,sell - direction_change,64018.3,64170.1,3842453174.54,0.19,1537.46
2024-08-24 20:00:00+00:00,short,buy,64170.1,,3840531947.95,-0.05,1537.41
2024-08-24 23:00:00+00:00,short,sell - direction_change,64170.1,63794.5,3861091057.88,0.54,1537.95
2024-08-24 23:00:00+00:00,long,buy,63794.5,,3859160512.35,-0.05,1537.9
2024-08-25 06:00:00+00:00,long,sell - direction_change,63794.5,64110.4,3876340868.0,0.45,1538.34
2024-08-25 06:00:00+00:00,short,buy,64110.4,,3874402697.57,-0.05,1538.29
2024-08-25 08:00:00+00:00,short,sell - direction_change,64110.4,63835.5,3889078608.93,0.38,1538.67
2024-08-25 08:00:00+00:00,long,buy,63835.5,,3887134069.63,-0.05,1538.62
2024-08-25 09:00:00+00:00,long,sell - direction_change,63835.5,63909.8,3889714851.29,0.07,1538.69
2024-08-25 09:00:00+00:00,short,buy,63909.8,,3887769993.87,-0.05,1538.64
2024-08-25 13:00:00+00:00,short,sell - direction_change,63909.8,63901.4,3886337098.86,-0.04,1538.6
2024-08-25 13:00:00+00:00,long,buy,63901.4,,3884393930.31,-0.05,1538.55
2024-08-25 15:00:00+00:00,long,sell - direction_change,63901.4,64122.3,3895879649.15,0.3,1538.85
2024-08-25 15:00:00+00:00,short,buy,64122.3,,3893931709.33,-0.05,1538.8
2024-08-25 16:00:00+00:00,short,sell - direction_change,64122.3,64099.9,3893345020.17,-0.02,1538.78
2024-08-25 16:00:00+00:00,long,buy,64099.9,,3891398347.66,-0.05,1538.73
2024-08-26 00:00:00+00:00,long,sell - direction_change,64099.9,64190.1,3894928540.5,0.09,1538.82
2024-08-26 00:00:00+00:00,short,buy,64190.1,,3892981076.23,-0.05,1538.77
2024-08-26 02:00:00+00:00,short,sell - direction_change,64190.1,63893.3,3909034819.12,0.41,1539.18
2024-08-26 02:00:00+00:00,long,buy,63893.3,,3907080301.71,-0.05,1539.13
2024-08-26 03:00:00+00:00,long,sell - direction_change,63893.3,64033.0,3913669427.51,0.17,1539.3
2024-08-26 03:00:00+00:00,short,buy,64033.0,,3911712592.79,-0.05,1539.25
2024-08-27 12:44:00+00:00,short,sell - take_profit,64033.0,62112.009999999995,4027108114.28,2.95,1542.2
2024-08-27 13:00:00+00:00,short,buy,62400.0,,4025094560.22,-0.05,1542.15
2024-08-27 21:47:00+00:00,short,sell - take_profit,62400.0,60528.0,4143834849.75,2.95,1545.1
2024-08-27 22:00:00+00:00,short,buy,60379.6,,4141762932.32,-0.05,1545.05
2024-08-27 22:14:00+00:00,short,sell - take_profit,60379.6,58568.212,4263944938.83,2.95,1548.0
2024-08-27 23:00:00+00:00,short,buy,59467.7,,4261812966.36,-0.05,1547.95
2024-08-28 09:00:00+00:00,short,sell - direction_change,59467.7,59197.1,4279074883.02,0.41,1548.36
2024-08-28 09:00:00+00:00,long,buy,59197.1,,4276935345.57,-0.05,1548.31
2024-08-28 13:00:00+00:00,long,sell - direction_change,59197.1,59917.1,4326816207.38,1.17,1549.47
2024-08-28 13:00:00+00:00,short,buy,59917.1,,4324652799.27,-0.05,1549.42
2024-08-28 16:20:00+00:00,short,sell - take_profit,59917.1,58119.587,4452230056.85,2.95,1552.37
2024-08-28 17:00:00+00:00,short,buy,59158.3,,4450003941.82,-0.05,1552.32
2024-08-28 18:00:00+00:00,short,sell - direction_change,59158.3,58620.1,4488263404.78,0.86,1553.18
2024-08-28 18:00:00+00:00,long,buy,58620.1,,4486019273.08,-0.05,1553.13
2024-08-28 19:00:00+00:00,long,sell - direction_change,58620.1,59457.9,4547890568.04,1.38,1554.51
2024-08-28 19:00:00+00:00,short,buy,59457.9,,4545616622.75,-0.05,1554.46
2024-08-29 00:00:00+00:00,short,sell - direction_change,59457.9,59010.0,4577586222.69,0.7,1555.17
2024-08-29 00:00:00+00:00,long,buy,59010.0,,4575297429.58,-0.05,1555.12
2024-08-29 01:00:00+00:00,long,sell - direction_change,59010.0,59180.7,4586244881.21,0.24,1555.36
2024-08-29 01:00:00+00:00,short,buy,59180.7,,4583951758.77,-0.05,1555.31
2024-08-29 02:00:00+00:00,short,sell - direction_change,59180.7,58970.3,4597956708.24,0.31,1555.61
2024-08-29 02:00:00+00:00,long,buy,58970.3,,4595657729.88,-0.05,1555.56
2024-08-29 14:07:00+00:00,long,sell - take_profit,58970.3,60739.40900000001,4731229632.91,2.95,1558.51
2024-08-29 15:00:00+00:00,long,buy,60780.8,,4728864018.1,-0.05,1558.46
2024-08-29 17:12:00+00:00,long,sell - stop_loss,60780.8,60172.992000000006,4679210945.91,-1.05,1557.41
2024-08-29 18:00:00+00:00,short,buy,60501.1,,4676871340.43,-0.05,1557.36
2024-08-29 22:09:00+00:00,short,sell - take_profit,60501.1,58686.066999999995,4814839044.98,2.95,1560.31
2024-08-29 23:00:00+00:00,short,buy,59182.5,,4812431625.45,-0.05,1560.26
2024-08-30 08:00:00+00:00,short,sell - direction_change,59182.5,59236.0,4805675051.14,-0.14,1560.12
2024-08-30 08:00:00+00:00,long,buy,59236.0,,4803272213.61,-0.05,1560.07
2024-08-30 14:00:00+00:00,long,sell - direction_change,59236.0,59630.0,4832818873.34,0.62,1560.69
2024-08-30 14:00:00+00:00,short,buy,59630.0,,4830402463.91,-0.05,1560.64
2024-08-30 16:27:00+00:00,short,sell - take_profit,59630.0,57841.1,4972899336.59,2.95,1563.59
2024-08-30 17:00:00+00:00,short,buy,58517.3,,4970412886.92,-0.05,1563.54
2024-08-30 18:00:00+00:00,short,sell - direction_change,58517.3,58602.6,4960682366.37,-0.2,1563.34
2024-08-30 18:00:00+00:00,long,buy,58602.6,,4958202025.19,-0.05,1563.29
2024-08-30 19:00:00+00:00,long,sell - direction_change,58602.6,59339.9,5018103814.33,1.21,1564.5
2024-08-30 19:00:00+00:00,short,buy,59339.9,,5015594762.42,-0.05,1564.45
2024-08-30 22:00:00+00:00,short,sell - direction_change,59339.9,59025.0,5039703302.29,0.48,1564.93
2024-08-30 22:00:00+00:00,long,buy,59025.0,,5037183450.64,-0.05,1564.88
2024-08-30 23:00:00+00:00,long,sell - direction_change,59025.0,59200.0,5049599329.12,0.25,1565.13
2024-08-30 23:00:00+00:00,short,buy,59200.0,,5047074529.45,-0.05,1565.08
2024-08-31 00:00:00+00:00,short,sell - direction_change,59200.0,59096.4,5053383372.61,0.12,1565.2
2024-08-31 00:00:00+00:00,long,buy,59096.4,,5050856680.93,-0.05,1565.15
2024-08-31 08:00:00+00:00,long,sell - direction_change,59096.4,59060.8,5045288588.44,-0.11,1565.04
2024-08-31 08:00:00+00:00,short,buy,59060.8,,5042765944.14,-0.05,1564.99
2024-08-31 10:00:00+00:00,short,sell - direction_change,59060.8,58880.9,5055604894.81,0.25,1565.24
2024-08-31 10:00:00+00:00,long,buy,58880.9,,5053077092.37,-0.05,1565.19
2024-08-31 13:00:00+00:00,long,sell - direction_change,58880.9,59153.7,5073961871.09,0.41,1565.61
2024-08-31 13:00:00+00:00,short,buy,59153.7,,5071424890.15,-0.05,1565.56
2024-08-31 14:00:00+00:00,short,sell - direction_change,59153.7,58926.0,5088410584.61,0.33,1565.89
2024-08-31 14:00:00+00:00,long,buy,58926.0,,5085866379.32,-0.05,1565.84
2024-08-31 15:00:00+00:00,long,sell - direction_change,58926.0,59098.5,5098211813.75,0.24,1566.09
2024-08-31 15:00:00+00:00,short,buy,59098.5,,5095662707.84,-0.05,1566.04
2024-09-01 14:14:00+00:00,short,sell - take_profit,59098.5,57325.545,5245984757.72,2.95,1568.99
2024-09-01 15:00:00+00:00,long,buy,57847.2,,5243361765.34,-0.05,1568.94
2024-09-01 16:00:00+00:00,long,sell - direction_change,57847.2,58184.1,5271277233.69,0.53,1569.47
2024-09-01 16:00:00+00:00,short,buy,58184.1,,5268641595.07,-0.05,1569.42
2024-09-01 18:00:00+00:00,short,sell - direction_change,58184.1,58090.1,5274519089.53,0.11,1569.53
2024-09-01 18:00:00+00:00,long,buy,58090.1,,5271881829.98,-0.05,1569.48
2024-09-01 22:00:00+00:00,long,sell - direction_change,58090.1,58312.8,5289456700.95,0.33,1569.81
2024-09-01 22:00:00+00:00,short,buy,58312.8,,5286811972.6,-0.05,1569.76
2024-09-02 08:00:00+00:00,short,sell - direction_change,58312.8,57523.3,5355746985.97,1.3,1571.07
2024-09-02 08:00:00+00:00,long,buy,57523.3,,5353069112.48,-0.05,1571.02
2024-09-02 20:55:00+00:00,long,sell - take_profit,57523.3,59248.999,5510984651.3,2.95,1573.97
2024-09-02 21:00:00+00:00,long,buy,58962.1,,5508229158.97,-0.05,1573.92
2024-09-03 06:00:00+00:00,long,sell - direction_change,58962.1,59166.6,5524579398.94,0.3,1574.21
2024-09-03 06:00:00+00:00,short,buy,59166.6,,5521817109.24,-0.05,1574.16
2024-09-03 07:00:00+00:00,short,sell - direction_change,59166.6,58870.1,5546727535.07,0.45,1574.61
2024-09-03 07:00:00+00:00,long,buy,58870.1,,5543954171.3,-0.05,1574.56
2024-09-03 08:00:00+00:00,long,sell - direction_change,58870.1,59078.0,5560760691.14,0.3,1574.87
2024-09-03 08:00:00+00:00,short,buy,59078.0,,5557980310.8,-0.05,1574.82
2024-09-03 12:00:00+00:00,short,sell - direction_change,59078.0,59038.5,5558917428.54,0.02,1574.83
2024-09-03 12:00:00+00:00,long,buy,59038.5,,5556137969.83,-0.05,1574.78
2024-09-03 13:00:00+00:00,long,sell - direction_change,59038.5,59105.0,5559618243.7,0.06,1574.85
2024-09-03 13:00:00+00:00,short,buy,59105.0,,5556838434.58,-0.05,1574.8
2024-09-03 23:54:00+00:00,short,sell - take_profit,59105.0,57331.85,5720765168.4,2.95,1577.75
2024-09-04 00:00:00+00:00,short,buy,57452.0,,5717904785.82,-0.05,1577.7
2024-09-04 01:04:00+00:00,short,sell - take_profit,57452.0,55728.439999999995,5886582977.0,2.95,1580.65
2024-09-04 02:00:00+00:00,short,buy,56750.9,,5883639685.51,-0.05,1580.6
2024-09-04 08:00:00+00:00,short,sell - direction_change,56750.9,56717.1,5884202074.79,0.01,1580.61
2024-09-04 08:00:00+00:00,long,buy,56717.1,,5881259973.75,-0.05,1580.56
2024-09-04 09:00:00+00:00,long,sell - direction_change,56717.1,56749.7,5881699789.43,0.01,1580.56
2024-09-04 09:00:00+00:00,short,buy,56749.7,,5878758939.54,-0.05,1580.51
2024-09-04 14:00:00+00:00,short,sell - direction_change,56749.7,56466.4,5905166894.2,0.45,1580.96
2024-09-04 14:00:00+00:00,long,buy,56466.4,,5902214310.75,-0.05,1580.91
2024-09-04 16:01:00+00:00,long,sell - take_profit,56466.4,58160.392,6076329632.92,2.95,1583.86
2024-09-04 17:00:00+00:00,long,buy,58374.6,,6073291468.1,-0.05,1583.81
2024-09-04 18:05:00+00:00,long,sell - stop_loss,58374.6,57790.854,6009521907.68,-1.05,1582.76
2024-09-04 19:00:00+00:00,long,buy,57660.2,,6006517146.73,-0.05,1582.71
2024-09-05 02:00:00+00:00,long,sell - direction_change,57660.2,58000.2,6038932007.24,0.54,1583.25
2024-09-05 02:00:00+00:00,short,buy,58000.2,,6035912541.24,-0.05,1583.2
2024-09-05 12:20:00+00:00,short,sell - take_profit,58000.2,56260.193999999996,6213971961.2,2.95,1586.15
2024-09-05 13:00:00+00:00,short,buy,56638.9,,6210864975.22,-0.05,1586.1
2024-09-05 14:00:00+00:00,short,sell - stop_loss,56638.9,57205.289000000004,6145650892.98,-1.05,1585.05
2024-09-05 15:00:00+00:00,short,buy,56528.9,,6142578067.54,-0.05,1585.0
2024-09-06 01:00:00+00:00,short,sell - direction_change,56528.9,56146.8,6181026763.49,0.63,1585.63
2024-09-06 01:00:00+00:00,long,buy,56146.8,,6177936250.11,-0.05,1585.58
2024-09-06 03:00:00+00:00,long,sell - direction_change,56146.8,56707.3,6236520133.66,0.95,1586.53
2024-09-06 03:00:00+00:00,short,buy,56707.3,,6233401873.59,-0.05,1586.48
2024-09-06 04:00:00+00:00,short,sell - direction_change,56707.3,56553.7,6247169251.56,0.22,1586.7
2024-09-06 04:00:00+00:00,long,buy,56553.7,,6244045666.93,-0.05,1586.65
2024-09-06 07:00:00+00:00,long,sell - direction_change,56553.7,56400.1,6223964799.42,-0.32,1586.33
2024-09-06 07:00:00+00:00,short,buy,56400.1,,6220852817.02,-0.05,1586.28
2024-09-06 10:00:00+00:00,short,sell - direction_change,56400.1,55863.5,6276928626.48,0.9,1587.18
2024-09-06 10:00:00+00:00,long,buy,55863.5,,6273790162.17,-0.05,1587.13
2024-09-06 11:00:00+00:00,long,sell - direction_change,55863.5,56150.7,6302907467.67,0.46,1587.59
2024-09-06 11:00:00+00:00,short,buy,56150.7,,6299756013.94,-0.05,1587.54
2024-09-06 12:00:00+00:00,short,sell - direction_change,56150.7,55972.1,6316643934.65,0.27,1587.81
2024-09-06 12:00:00+00:00,long,buy,55972.1,,6313485612.68,-0.05,1587.76
2024-09-06 13:00:00+00:00,long,sell - direction_change,55972.1,56831.3,6407244062.23,1.49,1589.25
2024-09-06 13:00:00+00:00,short,buy,56831.3,,6404040440.2,-0.05,1589.2
2024-09-06 14:13:00+00:00,short,sell - take_profit,56831.3,55126.361000000004,6592959633.19,2.95,1592.15
2024-09-06 15:00:00+00:00,short,buy,54709.2,,6589663153.37,-0.05,1592.1
2024-09-06 20:36:00+00:00,short,sell - take_profit,54709.2,53067.924,6784058216.4,2.95,1595.05
2024-09-06 21:00:00+00:00,short,buy,52869.0,,6780666187.29,-0.05,1595.0
2024-09-06 21:29:00+00:00,short,sell - stop_loss,52869.0,53397.69,6709469192.32,-1.05,1593.95
2024-09-06 22:00:00+00:00,short,buy,53740.0,,6706114457.73,-0.05,1593.9
2024-09-07 04:00:00+00:00,short,sell - direction_change,53740.0,53789.3,6696609345.36,-0.14,1593.75
2024-09-07 04:00:00+00:00,long,buy,53789.3,,6693261040.69,-0.05,1593.7
2024-09-07 17:00:00+00:00,long,sell - direction_change,53789.3,54439.6,6770834363.67,1.16,1594.86
2024-09-07 17:00:00+00:00,short,buy,54439.6,,6767448946.49,-0.05,1594.81
2024-09-07 18:00:00+00:00,short,sell - direction_change,54439.6,54110.3,6805000881.68,0.55,1595.37
2024-09-07 18:00:00+00:00,long,buy,54110.3,,6801598381.24,-0.05,1595.32
2024-09-07 20:00:00+00:00,long,sell - direction_change,54110.3,54375.1,6831482617.46,0.44,1595.76
2024-09-07 20:00:00+00:00,short,buy,54375.1,,6828066876.15,-0.05,1595.71
2024-09-08 02:00:00+00:00,short,sell - direction_change,54375.1,54246.9,6840751354.23,0.19,1595.89
2024-09-08 02:00:00+00:00,long,buy,54246.9,,6837330978.55,-0.05,1595.84
2024-09-08 05:00:00+00:00,long,sell - direction_change,54246.9,54464.6,6861351428.55,0.35,1596.19
2024-09-08 05:00:00+00:00,short,buy,54464.6,,6857920752.84,-0.05,1596.14
2024-09-08 06:00:00+00:00,short,sell - direction_change,54464.6,54315.7,6873240565.06,0.22,1596.37
2024-09-08 06:00:00+00:00,long,buy,54315.7,,6869803944.78,-0.05,1596.32
2024-09-08 12:00:00+00:00,long,sell - direction_change,54315.7,54528.7,6893309103.23,0.34,1596.66
2024-09-08 12:00:00+00:00,short,buy,54528.7,,6889862448.68,-0.05,1596.61
2024-09-08 17:00:00+00:00,short,sell - direction_change,54528.7,53883.7,6967915174.28,1.13,1597.74
2024-09-08 17:00:00+00:00,long,buy,53883.7,,6964431216.69,-0.05,1597.69
2024-09-09 09:09:00+00:00,long,sell - take_profit,53883.7,55500.210999999996,7169881937.58,2.95,1600.64
2024-09-09 10:00:00+00:00,long,buy,55127.7,,7166296996.61,-0.05,1600.59
2024-09-09 14:00:00+00:00,long,sell - direction_change,55127.7,55652.2,7230895955.74,0.9,1601.49
2024-09-09 14:00:00+00:00,short,buy,55652.2,,7227280507.77,-0.05,1601.44
2024-09-09 15:00:00+00:00,short,sell - direction_change,55652.2,54806.0,7333558745.38,1.47,1602.91
2024-09-09 15:00:00+00:00,long,buy,54806.0,,7329891966.01,-0.05,1602.86
2024-09-09 16:53:00+00:00,long,sell - take_profit,54806.0,56450.18,7546123779.01,2.95,1605.81
2024-09-09 17:00:00+00:00,long,buy,56391.2,,7542350717.12,-0.05,1605.76
2024-09-09 21:15:00+00:00,long,sell - take_profit,56391.2,58082.936,7764850063.27,2.95,1608.71
2024-09-09 22:00:00+00:00,long,buy,57424.9,,7760967638.24,-0.05,1608.66
2024-09-10 00:08:00+00:00,long,sell - stop_loss,57424.9,56850.651,7679477478.04,-1.05,1607.61
2024-09-10 01:00:00+00:00,long,buy,56944.7,,7675637739.3,-0.05,1607.56
2024-09-10 04:37:00+00:00,long,sell - stop_loss,56944.7,56375.253,7595043543.04,-1.05,1606.51
2024-09-10 05:00:00+00:00,long,buy,56584.0,,7591246021.27,-0.05,1606.46
2024-09-10 06:00:00+00:00,long,sell - direction_change,56584.0,56910.8,7631293519.98,0.53,1606.99
2024-09-10 06:00:00+00:00,short,buy,56910.8,,7627477873.22,-0.05,1606.94
2024-09-10 07:00:00+00:00,short,sell - direction_change,56910.8,56797.5,7638849182.52,0.15,1607.09
2024-09-10 07:00:00+00:00,long,buy,56797.5,,7635029757.93,-0.05,1607.04
2024-09-10 08:00:00+00:00,long,sell - direction_change,56797.5,57183.2,7683060140.89,0.63,1607.67
2024-09-10 08:00:00+00:00,short,buy,57183.2,,7679218610.82,-0.05,1607.62
2024-09-10 09:00:00+00:00,short,sell - direction_change,57183.2,57024.5,7696691065.09,0.23,1607.85
2024-09-10 09:00:00+00:00,long,buy,57024.5,,7692842719.55,-0.05,1607.8
2024-09-10 15:00:00+00:00,long,sell - direction_change,57024.5,56911.7,7673779108.06,-0.25,1607.55
2024-09-10 15:00:00+00:00,short,buy,56911.7,,7669942218.51,-0.05,1607.5
2024-09-10 17:00:00+00:00,short,sell - direction_change,56911.7,56787.2,7682886008.29,0.17,1607.67
2024-09-10 17:00:00+00:00,long,buy,56787.2,,7679044565.28,-0.05,1607.62
2024-09-11 01:00:00+00:00,long,sell - direction_change,56787.2,57606.9,7786048909.75,1.39,1609.01
2024-09-11 01:00:00+00:00,short,buy,57606.9,,7782155885.3,-0.05,1608.96
2024-09-11 02:00:00+00:00,short,sell - direction_change,57606.9,56698.7,7900954172.26,1.53,1610.49
2024-09-11 02:00:00+00:00,long,buy,56698.7,,7897003695.17,-0.05,1610.44
2024-09-11 03:00:00+00:00,long,sell - direction_change,56698.7,56892.7,7920075543.3,0.29,1610.73
2024-09-11 03:00:00+00:00,short,buy,56892.7,,7916115505.53,-0.05,1610.68
2024-09-11 11:00:00+00:00,short,sell - direction_change,56892.7,56485.0,7968885293.2,0.67,1611.35
2024-09-11 11:00:00+00:00,long,buy,56485.0,,7964900850.55,-0.05,1611.3
2024-09-11 12:00:00+00:00,long,sell - direction_change,56485.0,56768.9,8000950892.85,0.45,1611.75
2024-09-11 12:00:00+00:00,short,buy,56768.9,,7996950417.41,-0.05,1611.7
2024-09-11 15:00:00+00:00,short,sell - direction_change,56768.9,55942.1,8109422027.14,1.41,1613.11
2024-09-11 15:00:00+00:00,long,buy,55942.1,,8105367316.13,-0.05,1613.06
2024-09-11 17:14:00+00:00,long,sell - take_profit,55942.1,57620.363,8344475651.95,2.95,1616.01
2024-09-11 18:00:00+00:00,long,buy,57661.0,,8340303414.13,-0.05,1615.96
2024-09-12 12:00:00+00:00,long,sell - direction_change,57661.0,58031.7,8389752701.48,0.59,1616.55
2024-09-12 12:00:00+00:00,short,buy,58031.7,,8385557825.13,-0.05,1616.5
2024-09-12 16:00:00+00:00,short,sell - direction_change,58031.7,57472.2,8462212576.15,0.91,1617.41
2024-09-12 16:00:00+00:00,long,buy,57472.2,,8457981469.87,-0.05,1617.36
2024-09-13 02:00:00+00:00,long,sell - direction_change,57472.2,58106.0,8547026595.24,1.05,1618.42
2024-09-13 02:00:00+00:00,short,buy,58106.0,,8542753081.94,-0.05,1618.37
2024-09-13 07:00:00+00:00,short,sell - direction_change,58106.0,57734.1,8593158500.76,0.59,1618.96
2024-09-13 07:00:00+00:00,long,buy,57734.1,,8588861921.51,-0.05,1618.91
2024-09-13 08:00:00+00:00,long,sell - direction_change,57734.1,58079.7,8635980965.08,0.55,1619.45
2024-09-13 08:00:00+00:00,short,buy,58079.7,,8631662974.6,-0.05,1619.4
2024-09-13 09:00:00+00:00,short,sell - direction_change,58079.7,57930.3,8649550605.74,0.21,1619.61
2024-09-13 09:00:00+00:00,long,buy,57930.3,,8645225830.44,-0.05,1619.56
2024-09-13 11:00:00+00:00,long,sell - direction_change,57930.3,58315.4,8698373599.47,0.61,1620.18
2024-09-13 11:00:00+00:00,short,buy,58315.4,,8694024412.67,-0.05,1620.13
2024-09-13 13:00:00+00:00,short,sell - direction_change,58315.4,57870.2,8756050599.8,0.71,1620.84
2024-09-13 13:00:00+00:00,long,buy,57870.2,,8751672574.5,-0.05,1620.79
2024-09-13 15:49:00+00:00,long,sell - take_profit,57870.2,59606.306,9009846915.44,2.95,1623.74
2024-09-13 16:00:00+00:00,long,buy,59623.6,,9005341991.99,-0.05,1623.69
2024-09-14 08:00:00+00:00,long,sell - direction_change,59623.6,60110.3,9074348802.93,0.77,1624.46
2024-09-14 08:00:00+00:00,short,buy,60110.3,,9069811628.53,-0.05,1624.41
2024-09-14 20:00:00+00:00,short,sell - direction_change,60110.3,59778.4,9115355835.27,0.5,1624.91
2024-09-14 20:00:00+00:00,long,buy,59778.4,,9110798157.36,-0.05,1624.86
2024-09-15 10:00:00+00:00,long,sell - direction_change,59778.4,59986.0,9137882977.78,0.3,1625.16
2024-09-15 10:00:00+00:00,short,buy,59986.0,,9133314036.29,-0.05,1625.11
2024-09-15 12:00:00+00:00,short,sell - direction_change,59986.0,59977.0,9130117696.12,-0.03,1625.07
2024-09-15 12:00:00+00:00,long,buy,59977.0,,9125552637.27,-0.05,1625.02
2024-09-15 16:00:00+00:00,long,sell - direction_change,59977.0,60304.6,9170834485.46,0.5,1625.52
2024-09-15 16:00:00+00:00,short,buy,60304.6,,9166249068.21,-0.05,1625.47
2024-09-16 01:14:00+00:00,short,sell - take_profit,60304.6,58495.462,9436653415.73,2.95,1628.42
2024-09-16 02:00:00+00:00,short,buy,58578.0,,9431935089.02,-0.05,1628.37
2024-09-16 10:00:00+00:00,short,sell - direction_change,58578.0,58606.7,9422597991.75,-0.1,1628.27
2024-09-16 10:00:00+00:00,long,buy,58606.7,,9417886692.75,-0.05,1628.22
2024-09-16 11:00:00+00:00,long,sell - direction_change,58606.7,58714.9,9430565101.71,0.13,1628.35
2024-09-16 11:00:00+00:00,short,buy,58714.9,,9425849819.16,-0.05,1628.3
2024-09-17 01:00:00+00:00,short,sell - direction_change,58714.9,57606.0,9599155163.28,1.84,1630.14
2024-09-17 01:00:00+00:00,long,buy,57606.0,,9594355585.7,-0.05,1630.09
2024-09-17 03:00:00+00:00,long,sell - direction_change,57606.0,58089.9,9670152593.72,0.79,1630.88
2024-09-17 03:00:00+00:00,short,buy,58089.9,,9665317517.42,-0.05,1630.83
2024-09-17 04:00:00+00:00,short,sell - direction_change,58089.9,58035.2,9669586145.95,0.04,1630.88
2024-09-17 04:00:00+00:00,long,buy,58035.2,,9664751352.87,-0.05,1630.83
2024-09-17 14:15:00+00:00,long,sell - take_profit,58035.2,59776.256,9949861517.78,2.95,1633.78
2024-09-17 15:00:00+00:00,long,buy,60247.5,,9944886587.03,-0.05,1633.73
2024-09-17 19:48:00+00:00,long,sell - stop_loss,60247.5,59645.025,9840465277.86,-1.05,1632.68
2024-09-17 20:00:00+00:00,long,buy,59945.9,,9835545045.22,-0.05,1632.63
2024-09-18 00:00:00+00:00,long,sell - direction_change,59945.9,60281.0,9885608366.4,0.51,1633.13
2024-09-18 00:00:00+00:00,short,buy,60281.0,,9880665562.21,-0.05,1633.08
2024-09-18 02:00:00+00:00,short,sell - direction_change,60281.0,60085.1,9907835220.7,0.27,1633.36
2024-09-18 02:00:00+00:00,long,buy,60085.1,,9902881303.09,-0.05,1633.31
2024-09-18 04:00:00+00:00,long,sell - direction_change,60085.1,60490.1,9964679637.8,0.62,1633.93
2024-09-18 04:00:00+00:00,short,buy,60490.1,,9959697297.98,-0.05,1633.88
2024-09-18 05:00:00+00:00,short,sell - direction_change,60490.1,60403.5,9968976142.68,0.09,1633.98
2024-09-18 05:00:00+00:00,long,buy,60403.5,,9963991654.6,-0.05,1633.93
2024-09-18 08:00:00+00:00,long,sell - direction_change,60403.5,60403.6,9959026154.5,-0.05,1633.88
2024-09-18 08:00:00+00:00,short,buy,60403.6,,9954046641.42,-0.05,1633.83
2024-09-18 18:00:00+00:00,short,sell - direction_change,60403.6,59979.9,10018892104.87,0.65,1634.48
2024-09-18 18:00:00+00:00,long,buy,59979.9,,10013882658.82,-0.05,1634.43
2024-09-19 00:00:00+00:00,long,sell - take_profit,59979.9,61779.297000000006,10309292197.25,2.95,1637.38
2024-09-19 01:00:00+00:00,long,buy,62206.6,,10304137551.15,-0.05,1637.33
2024-09-19 01:33:00+00:00,long,sell - stop_loss,62206.6,61584.534,10195944106.87,-1.05,1636.28
2024-09-19 02:00:00+00:00,long,buy,61977.2,,10190846134.81,-0.05,1636.23
2024-09-19 23:00:00+00:00,long,sell - direction_change,61977.2,62913.9,10339771312.46,1.46,1637.69
2024-09-19 23:00:00+00:00,short,buy,62913.9,,10334601426.8,-0.05,1637.64
2024-09-20 03:00:00+00:00,short,sell - direction_change,62913.9,63093.3,10299964843.53,-0.34,1637.3
2024-09-20 03:00:00+00:00,long,buy,63093.3,,10294814861.11,-0.05,1637.25
2024-09-20 13:00:00+00:00,long,sell - direction_change,63093.3,63399.5,10339629530.64,0.44,1637.69
2024-09-20 13:00:00+00:00,short,buy,63399.5,,10334459715.88,-0.05,1637.64
2024-09-20 23:00:00+00:00,short,sell - direction_change,63399.5,63150.7,10369848225.06,0.34,1637.98
2024-09-20 23:00:00+00:00,long,buy,63150.7,,10364663300.95,-0.05,1637.93
2024-09-21 01:00:00+00:00,long,sell - direction_change,63150.7,63144.5,10358463388.93,-0.06,1637.87
2024-09-21 01:00:00+00:00,short,buy,63144.5,,10353284157.23,-0.05,1637.82
2024-09-21 02:00:00+00:00,short,sell - direction_change,63144.5,62817.0,10401804995.72,0.47,1638.29
2024-09-21 02:00:00+00:00,long,buy,62817.0,,10396604093.22,-0.05,1638.24
2024-09-21 04:00:00+00:00,long,sell - direction_change,62817.0,62865.0,10399350089.64,0.03,1638.27
2024-09-21 04:00:00+00:00,short,buy,62865.0,,10394150414.59,-0.05,1638.22
2024-09-21 05:00:00+00:00,short,sell - direction_change,62865.0,62831.0,10394574927.14,0.0,1638.22
2024-09-21 05:00:00+00:00,long,buy,62831.0,,10389377639.67,-0.05,1638.17
2024-09-21 08:00:00+00:00,long,sell - direction_change,62831.0,63060.1,10422065626.88,0.31,1638.49
2024-09-21 08:00:00+00:00,short,buy,63060.1,,10416854594.07,-0.05,1638.44
2024-09-21 09:00:00+00:00,short,sell - direction_change,63060.1,63008.2,10420219492.11,0.03,1638.47
2024-09-21 09:00:00+00:00,long,buy,63008.2,,10415009382.36,-0.05,1638.42
2024-09-21 10:00:00+00:00,long,sell - direction_change,63008.2,63093.1,10423835516.1,0.08,1638.5
2024-09-21 10:00:00+00:00,short,buy,63093.1,,10418623598.34,-0.05,1638.45
2024-09-21 11:00:00+00:00,short,sell - direction_change,63093.1,62957.1,10435872095.86,0.17,1638.62
2024-09-21 11:00:00+00:00,long,buy,62957.1,,10430654159.82,-0.05,1638.57
2024-09-22 01:00:00+00:00,long,sell - direction_change,62957.1,63200.0,10465682203.15,0.34,1638.9
2024-09-22 01:00:00+00:00,short,buy,63200.0,,10460449362.05,-0.05,1638.85
2024-09-22 17:00:00+00:00,short,sell - direction_change,63200.0,62750.5,10529617428.32,0.66,1639.52
2024-09-22 17:00:00+00:00,long,buy,62750.5,,10524352619.6,-0.05,1639.47
2024-09-22 21:00:00+00:00,long,sell - direction_change,62750.5,63182.8,10591594688.48,0.64,1640.1
2024-09-22 21:00:00+00:00,short,buy,63182.8,,10586298891.13,-0.05,1640.05
2024-09-22 22:00:00+00:00,short,sell - direction_change,63182.8,62750.0,10653521523.83,0.63,1640.69
2024-09-22 22:00:00+00:00,long,buy,62750.0,,10648194763.07,-0.05,1640.64
2024-09-23 03:26:00+00:00,long,sell - take_profit,62750.0,64632.5,10962316508.58,2.95,1643.59
2024-09-23 04:00:00+00:00,long,buy,64320.1,,10956835350.33,-0.05,1643.54
2024-09-23 05:10:00+00:00,long,sell - stop_loss,64320.1,63676.899,10841788579.15,-1.05,1642.49
2024-09-23 06:00:00+00:00,long,buy,63725.0,,10836367684.86,-0.05,1642.44
2024-09-23 08:00:00+00:00,long,sell - direction_change,63725.0,63519.9,10796072466.7,-0.37,1642.07
2024-09-23 08:00:00+00:00,short,buy,63519.9,,10790674430.46,-0.05,1642.02
2024-09-23 09:00:00+00:00,short,sell - direction_change,63519.9,63460.3,10795403860.38,0.04,1642.06
2024-09-23 09:00:00+00:00,long,buy,63460.3,,10790006158.45,-0.05,1642.01
2024-09-23 10:00:00+00:00,long,sell - direction_change,63460.3,63608.7,10809843259.76,0.18,1642.2
2024-09-23 10:00:00+00:00,short,buy,63608.7,,10804438338.13,-0.05,1642.15
2024-09-24 07:00:00+00:00,short,sell - direction_change,63608.7,63275.7,10855598789.89,0.47,1642.62
2024-09-24 07:00:00+00:00,long,buy,63275.7,,10850170990.5,-0.05,1642.57
2024-09-24 14:00:00+00:00,long,sell - direction_change,63275.7,63481.6,10880052510.97,0.28,1642.84
2024-09-24 14:00:00+00:00,short,buy,63481.6,,10874612484.71,-0.05,1642.79
2024-09-24 17:00:00+00:00,short,sell - direction_change,63481.6,63231.0,10912103804.85,0.34,1643.14
2024-09-24 17:00:00+00:00,long,buy,63231.0,,10906647752.95,-0.05,1643.09
2024-09-25 06:00:00+00:00,long,sell - direction_change,63231.0,64140.0,11057986869.61,1.39,1644.48
2024-09-25 06:00:00+00:00,short,buy,64140.0,,11052457876.17,-0.05,1644.43
2024-09-25 07:00:00+00:00,short,sell - direction_change,64140.0,63776.5,11109569134.58,0.52,1644.94
2024-09-25 07:00:00+00:00,long,buy,63776.5,,11104014350.01,-0.05,1644.89
2024-09-25 08:00:00+00:00,long,sell - direction_change,63776.5,63814.9,11105148099.36,0.01,1644.9
2024-09-25 08:00:00+00:00,short,buy,63814.9,,11099595525.31,-0.05,1644.85
2024-09-26 03:00:00+00:00,short,sell - direction_change,63814.9,63320.1,11180108384.79,0.73,1645.58
2024-09-26 03:00:00+00:00,long,buy,63320.1,,11174518330.6,-0.05,1645.53
2024-09-26 15:33:00+00:00,long,sell - take_profit,63320.1,65219.703,11504166621.35,2.95,1648.48
2024-09-26 16:00:00+00:00,long,buy,65200.0,,11498414538.04,-0.05,1648.43
2024-09-27 01:00:00+00:00,long,sell - direction_change,65200.0,65215.2,11495345942.75,-0.03,1648.4
2024-09-27 01:00:00+00:00,short,buy,65215.2,,11489598269.78,-0.05,1648.35
2024-09-27 03:00:00+00:00,short,sell - direction_change,65215.2,64854.5,11547401510.0,0.5,1648.86
2024-09-27 03:00:00+00:00,long,buy,64854.5,,11541627809.24,-0.05,1648.81
2024-09-27 19:00:00+00:00,long,sell - direction_change,64854.5,65844.0,11711950261.3,1.48,1650.28
2024-09-27 19:00:00+00:00,short,buy,65844.0,,11706094286.17,-0.05,1650.23
2024-09-27 20:00:00+00:00,short,sell - direction_change,65844.0,65612.9,11741327418.32,0.3,1650.53
2024-09-27 20:00:00+00:00,long,buy,65612.9,,11735456754.61,-0.05,1650.48
2024-09-28 08:00:00+00:00,long,sell - direction_change,65612.9,65790.0,11761264952.63,0.22,1650.7
2024-09-28 08:00:00+00:00,short,buy,65790.0,,11755384320.16,-0.05,1650.65
2024-09-28 18:00:00+00:00,short,sell - direction_change,65790.0,65603.0,11782919865.08,0.23,1650.89
2024-09-28 18:00:00+00:00,long,buy,65603.0,,11777028405.15,-0.05,1650.84
2024-09-28 20:00:00+00:00,long,sell - direction_change,65603.0,65699.7,11788499442.29,0.1,1650.93
2024-09-28 20:00:00+00:00,short,buy,65699.7,,11782605192.57,-0.05,1650.88
2024-09-28 21:00:00+00:00,short,sell - direction_change,65699.7,65606.7,11793392539.69,0.09,1650.98
2024-09-28 21:00:00+00:00,long,buy,65606.7,,11787495843.42,-0.05,1650.93
2024-09-29 00:00:00+00:00,long,sell - direction_change,65606.7,65822.7,11820410618.14,0.28,1651.2
2024-09-29 00:00:00+00:00,short,buy,65822.7,,11814500412.83,-0.05,1651.15
2024-09-29 01:00:00+00:00,short,sell - direction_change,65822.7,65648.3,11839896176.2,0.21,1651.37
2024-09-29 01:00:00+00:00,long,buy,65648.3,,11833976228.12,-0.05,1651.32
2024-09-29 05:00:00+00:00,long,sell - direction_change,65648.3,65717.3,11840497404.58,0.06,1651.37
2024-09-29 05:00:00+00:00,short,buy,65717.3,,11834577155.88,-0.05,1651.32
2024-09-29 11:00:00+00:00,short,sell - direction_change,65717.3,65550.0,11858787775.14,0.2,1651.53
2024-09-29 11:00:00+00:00,long,buy,65550.0,,11852858381.26,-0.05,1651.48
2024-09-29 12:00:00+00:00,long,sell - direction_change,65550.0,65670.4,11868702877.3,0.13,1651.61
2024-09-29 12:00:00+00:00,short,buy,65670.4,,11862768525.86,-0.05,1651.56
2024-09-29 13:00:00+00:00,short,sell - direction_change,65670.4,65601.0,11869373628.9,0.06,1651.62
2024-09-29 13:00:00+00:00,long,buy,65601.0,,11863438942.09,-0.05,1651.57
2024-09-29 14:00:00+00:00,long,sell - direction_change,65601.0,65785.7,11890908804.49,0.23,1651.8
2024-09-29 14:00:00+00:00,short,buy,65785.7,,11884963350.09,-0.05,1651.75
2024-09-29 15:00:00+00:00,short,sell - direction_change,65785.7,65666.4,11900573821.83,0.13,1651.88
2024-09-29 15:00:00+00:00,long,buy,65666.4,,11894623534.92,-0.05,1651.83
2024-09-29 23:00:00+00:00,long,sell - direction_change,65666.4,65634.3,11882861721.13,-0.1,1651.73
2024-09-29 23:00:00+00:00,short,buy,65634.3,,11876920290.27,-0.05,1651.68
2024-09-30 09:52:00+00:00,short,sell - take_profit,65634.3,63665.271,12227289438.83,2.95,1654.63
2024-09-30 10:00:00+00:00,short,buy,63512.1,,12221175794.12,-0.05,1654.58
2024-09-30 20:00:00+00:00,short,sell - direction_change,63512.1,63472.9,12222608179.78,0.01,1654.59
2024-09-30 20:00:00+00:00,long,buy,63472.9,,12216496875.69,-0.05,1654.54
2024-09-30 21:00:00+00:00,long,sell - direction_change,63472.9,63788.8,12271189242.37,0.45,1654.99
2024-09-30 21:00:00+00:00,short,buy,63788.8,,12265053647.74,-0.05,1654.94
2024-10-01 03:00:00+00:00,short,sell - direction_change,63788.8,63427.8,12328332747.52,0.52,1655.46
2024-10-01 03:00:00+00:00,long,buy,63427.8,,12322168581.15,-0.05,1655.41
2024-10-01 13:00:00+00:00,long,sell - direction_change,63427.8,63644.1,12358028267.94,0.29,1655.7
2024-10-01 13:00:00+00:00,short,buy,63644.1,,12351849253.8,-0.05,1655.65
2024-10-01 17:17:00+00:00,short,sell - take_profit,63644.1,61734.776999999995,12716228806.79,2.95,1658.6
2024-10-01 18:00:00+00:00,short,buy,62134.1,,12709870692.39,-0.05,1658.55
2024-10-01 20:40:00+00:00,short,sell - take_profit,62134.1,60270.077,13084811877.81,2.95,1661.5
2024-10-01 21:00:00+00:00,short,buy,60778.7,,13078269471.88,-0.05,1661.45
2024-10-02 01:25:00+00:00,short,sell - stop_loss,60778.7,61386.487,12940947642.42,-1.05,1660.4
2024-10-02 02:00:00+00:00,short,buy,61496.9,,12934477168.6,-0.05,1660.35
2024-10-02 03:00:00+00:00,short,sell - direction_change,61496.9,61754.3,12873871682.02,-0.47,1659.88
2024-10-02 03:00:00+00:00,long,buy,61754.3,,12867434746.18,-0.05,1659.83
2024-10-02 05:00:00+00:00,long,sell - direction_change,61754.3,61472.9,12802367117.68,-0.51,1659.32
2024-10-02 05:00:00+00:00,short,buy,61472.9,,12795965934.12,-0.05,1659.27
2024-10-02 06:00:00+00:00,short,sell - direction_change,61472.9,61466.7,12790858519.66,-0.04,1659.23
2024-10-02 06:00:00+00:00,long,buy,61466.7,,12784463090.4,-0.05,1659.18
2024-10-02 11:00:00+00:00,long,sell - direction_change,61466.7,61172.3,12716838582.95,-0.53,1658.66
2024-10-02 11:00:00+00:00,short,buy,61172.3,,12710480163.66,-0.05,1658.61
2024-10-02 15:00:00+00:00,short,sell - direction_change,61172.3,61051.2,12729287278.89,0.15,1658.75
2024-10-02 15:00:00+00:00,long,buy,61051.2,,12722922635.25,-0.05,1658.7
2024-10-02 18:00:00+00:00,long,sell - direction_change,61051.2,61598.4,12830596332.39,0.85,1659.55
2024-10-02 18:00:00+00:00,short,buy,61598.4,,12824181034.22,-0.05,1659.5
2024-10-03 03:00:00+00:00,short,sell - direction_change,61598.4,61155.7,12909934729.56,0.67,1660.17
2024-10-03 03:00:00+00:00,long,buy,61155.7,,12903479762.2,-0.05,1660.12
2024-10-03 07:00:00+00:00,long,sell - direction_change,61155.7,61299.8,12927432243.57,0.19,1660.3
2024-10-03 07:00:00+00:00,short,buy,61299.8,,12920968527.45,-0.05,1660.25
2024-10-03 10:00:00+00:00,short,sell - direction_change,61299.8,60693.0,13042411294.13,0.94,1661.19
2024-10-03 10:00:00+00:00,long,buy,60693.0,,13035890088.49,-0.05,1661.14
2024-10-03 11:00:00+00:00,long,sell - direction_change,60693.0,61001.9,13095718945.35,0.46,1661.6
2024-10-03 11:00:00+00:00,short,buy,61001.9,,13089171085.88,-0.05,1661.55
2024-10-03 18:00:00+00:00,short,sell - direction_change,61001.9,60608.6,13167016838.8,0.59,1662.15
2024-10-03 18:00:00+00:00,long,buy,60608.6,,13160433330.38,-0.05,1662.1
2024-10-03 20:00:00+00:00,long,sell - direction_change,60608.6,60998.0,13238406671.12,0.59,1662.69
2024-10-03 20:00:00+00:00,short,buy,60998.0,,13231787467.78,-0.05,1662.64
2024-10-03 21:00:00+00:00,short,sell - direction_change,60998.0,60748.9,13279206759.76,0.36,1663.0
2024-10-03 21:00:00+00:00,long,buy,60748.9,,13272567156.38,-0.05,1662.95
2024-10-04 00:00:00+00:00,long,sell - direction_change,60748.9,60727.1,13261167955.88,-0.09,1662.86
2024-10-04 00:00:00+00:00,short,buy,60727.1,,13254537371.9,-0.05,1662.81
2024-10-04 01:00:00+00:00,short,sell - direction_change,60727.1,60477.3,13302432440.61,0.36,1663.17
2024-10-04 01:00:00+00:00,long,buy,60477.3,,13295781224.39,-0.05,1663.12
2024-10-04 17:08:00+00:00,long,sell - take_profit,60477.3,62291.619000000006,13688006770.51,2.95,1666.07
2024-10-04 18:00:00+00:00,long,buy,61952.9,,13681162767.13,-0.05,1666.02
2024-10-05 02:00:00+00:00,long,sell - direction_change,61952.9,62036.5,13692783713.89,0.08,1666.11
2024-10-05 02:00:00+00:00,short,buy,62036.5,,13685937322.04,-0.05,1666.06
2024-10-05 03:00:00+00:00,short,sell - direction_change,62036.5,61778.8,13735945820.62,0.37,1666.42
2024-10-05 03:00:00+00:00,long,buy,61778.8,,13729077847.71,-0.05,1666.37
2024-10-05 04:00:00+00:00,long,sell - direction_change,61778.8,61835.5,13734813726.96,0.04,1666.42
2024-10-05 04:00:00+00:00,short,buy,61835.5,,13727946320.1,-0.05,1666.37
2024-10-05 06:00:00+00:00,short,sell - direction_change,61835.5,62111.0,13659919273.76,-0.5,1665.87
2024-10-05 06:00:00+00:00,long,buy,62111.0,,13653089314.13,-0.05,1665.82
2024-10-05 07:00:00+00:00,long,sell - direction_change,62111.0,62197.9,13665364916.61,0.09,1665.91
2024-10-05 07:00:00+00:00,short,buy,62197.9,,13658532234.16,-0.05,1665.86
2024-10-05 08:00:00+00:00,short,sell - direction_change,62197.9,62043.0,13685718692.73,0.2,1666.06
2024-10-05 08:00:00+00:00,long,buy,62043.0,,13678875833.39,-0.05,1666.01
2024-10-05 16:00:00+00:00,long,sell - direction_change,62043.0,62131.5,13691548355.1,0.09,1666.1
2024-10-05 16:00:00+00:00,short,buy,62131.5,,13684702580.92,-0.05,1666.05
2024-10-06 01:00:00+00:00,short,sell - direction_change,62131.5,61892.0,13730611028.63,0.34,1666.39
2024-10-06 01:00:00+00:00,long,buy,61892.0,,13723745723.12,-0.05,1666.34
2024-10-06 02:00:00+00:00,long,sell - direction_change,61892.0,62053.5,13752694373.98,0.21,1666.55
2024-10-06 02:00:00+00:00,short,buy,62053.5,,13745818026.79,-0.05,1666.5
2024-10-06 05:00:00+00:00,short,sell - direction_change,62053.5,61850.1,13784001389.98,0.28,1666.78
2024-10-06 05:00:00+00:00,long,buy,61850.1,,13777109389.28,-0.05,1666.73
2024-10-07 01:00:00+00:00,long,sell - take_profit,61850.1,63705.603,14183534116.26,2.95,1669.68
2024-10-07 02:00:00+00:00,long,buy,63795.5,,14176442349.21,-0.05,1669.63
2024-10-07 09:22:00+00:00,long,sell - stop_loss,63795.5,63157.545,14027589704.54,-1.05,1668.58
2024-10-07 10:00:00+00:00,short,buy,63185.7,,14020575909.69,-0.05,1668.53
2024-10-07 13:00:00+00:00,short,sell - direction_change,63185.7,62859.9,14085858935.43,0.47,1668.99
2024-10-07 13:00:00+00:00,long,buy,62859.9,,14078816005.96,-0.05,1668.94
2024-10-07 18:00:00+00:00,long,sell - direction_change,62859.9,63795.7,14281368977.5,1.44,1670.38
2024-10-07 18:00:00+00:00,short,buy,63795.7,,14274228293.01,-0.05,1670.33
2024-10-07 19:00:00+00:00,short,sell - direction_change,63795.7,62815.3,14486454763.22,1.49,1671.82
2024-10-07 19:00:00+00:00,long,buy,62815.3,,14479211535.84,-0.05,1671.77
2024-10-07 22:00:00+00:00,long,sell - direction_change,62815.3,63346.2,14594346787.85,0.8,1672.56
2024-10-07 22:00:00+00:00,short,buy,63346.2,,14587049614.46,-0.05,1672.51
2024-10-08 09:00:00+00:00,short,sell - direction_change,63346.2,62391.7,14799553628.53,1.46,1673.97
2024-10-08 09:00:00+00:00,long,buy,62391.7,,14792153851.71,-0.05,1673.92
2024-10-08 10:00:00+00:00,long,sell - direction_change,62391.7,62512.2,14813326551.39,0.14,1674.06
2024-10-08 10:00:00+00:00,short,buy,62512.2,,14805919888.11,-0.05,1674.01
2024-10-08 13:00:00+00:00,short,sell - direction_change,62512.2,62416.4,14821207013.07,0.1,1674.12
2024-10-08 13:00:00+00:00,long,buy,62416.4,,14813796409.56,-0.05,1674.07
2024-10-08 15:00:00+00:00,long,sell - direction_change,62416.4,62752.0,14886040213.34,0.49,1674.55
2024-10-08 15:00:00+00:00,short,buy,62752.0,,14878597193.23,-0.05,1674.5
2024-10-08 16:00:00+00:00,short,sell - direction_change,62752.0,62259.9,14987835573.1,0.73,1675.24
2024-10-08 16:00:00+00:00,long,buy,62259.9,,14980341655.31,-0.05,1675.19
2024-10-08 17:00:00+00:00,long,sell - direction_change,62259.9,62537.3,15039596641.08,0.4,1675.58
2024-10-08 17:00:00+00:00,short,buy,62537.3,,15032076842.76,-0.05,1675.53
2024-10-09 01:00:00+00:00,short,sell - direction_change,62537.3,62135.2,15121213491.59,0.59,1676.13
2024-10-09 01:00:00+00:00,long,buy,62135.2,,15113652884.84,-0.05,1676.08
2024-10-09 02:00:00+00:00,long,sell - direction_change,62135.2,62382.3,15166200212.37,0.35,1676.42
2024-10-09 02:00:00+00:00,short,buy,62382.3,,15158617112.26,-0.05,1676.37
2024-10-09 03:00:00+00:00,short,sell - direction_change,62382.3,62239.9,15185640360.47,0.18,1676.55
2024-10-09 03:00:00+00:00,long,buy,62239.9,,15178047540.29,-0.05,1676.5
2024-10-09 07:00:00+00:00,long,sell - direction_change,62239.9,62405.1,15210744787.12,0.22,1676.72
2024-10-09 07:00:00+00:00,short,buy,62405.1,,15203139414.73,-0.05,1676.67
2024-10-09 09:00:00+00:00,short,sell - direction_change,62405.1,62125.7,15263605313.11,0.4,1677.07
2024-10-09 09:00:00+00:00,long,buy,62125.7,,15255973510.45,-0.05,1677.02
2024-10-09 10:00:00+00:00,long,sell - direction_change,62125.7,62234.0,15274940345.66,0.12,1677.14
2024-10-09 10:00:00+00:00,short,buy,62234.0,,15267302875.49,-0.05,1677.09
2024-10-09 20:54:00+00:00,short,sell - take_profit,62234.0,60366.979999999996,15717688310.32,2.95,1680.04
2024-10-09 21:00:00+00:00,short,buy,60388.5,,15709829466.16,-0.05,1679.99
2024-10-10 05:50:00+00:00,short,sell - stop_loss,60388.5,60992.385,15544876256.77,-1.05,1678.94
2024-10-10 06:00:00+00:00,long,buy,60909.0,,15537103818.64,-0.05,1678.89
2024-10-10 14:00:00+00:00,long,sell - direction_change,60909.0,60910.2,15529641371.32,-0.05,1678.84
2024-10-10 14:00:00+00:00,short,buy,60910.2,,15521876550.64,-0.05,1678.79
2024-10-10 18:09:00+00:00,short,sell - take_profit,60910.2,59082.89399999999,15979771908.88,2.95,1681.74
2024-10-10 19:00:00+00:00,short,buy,59468.5,,15971782022.93,-0.05,1681.69
2024-10-10 21:56:00+00:00,short,sell - stop_loss,59468.5,60063.185,15804078311.68,-1.05,1680.64
2024-10-10 22:00:00+00:00,short,buy,60172.4,,15796176272.53,-0.05,1680.59
2024-10-10 23:00:00+00:00,short,sell - direction_change,60172.4,60120.9,15801797722.89,0.04,1680.63
2024-10-10 23:00:00+00:00,long,buy,60120.9,,15793896824.02,-0.05,1680.58
2024-10-11 00:00:00+00:00,long,sell - direction_change,60120.9,60293.3,15831289746.73,0.24,1680.81
2024-10-11 00:00:00+00:00,short,buy,60293.3,,15823374101.86,-0.05,1680.76
2024-10-11 01:00:00+00:00,short,sell - direction_change,60293.3,60160.0,15850445667.8,0.17,1680.94
2024-10-11 01:00:00+00:00,long,buy,60160.0,,15842520444.97,-0.05,1680.89
2024-10-11 15:10:00+00:00,long,sell - take_profit,60160.0,61964.8,16309874798.09,2.95,1683.84
2024-10-11 16:00:00+00:00,long,buy,62218.0,,16301719860.69,-0.05,1683.79
2024-10-12 06:00:00+00:00,long,sell - direction_change,62218.0,62744.0,16431386105.89,0.8,1684.58
2024-10-12 06:00:00+00:00,short,buy,62744.0,,16423170412.84,-0.05,1684.53
2024-10-12 09:00:00+00:00,short,sell - direction_change,62744.0,62691.6,16428674467.84,0.03,1684.56
2024-10-12 09:00:00+00:00,long,buy,62691.6,,16420460130.61,-0.05,1684.51
2024-10-13 01:00:00+00:00,long,sell - direction_change,62691.6,63149.1,16532080316.58,0.68,1685.19
2024-10-13 01:00:00+00:00,short,buy,63149.1,,16523814276.42,-0.05,1685.14
2024-10-13 19:00:00+00:00,short,sell - direction_change,63149.1,62380.1,16716771597.72,1.17,1686.31
2024-10-13 19:00:00+00:00,long,buy,62380.1,,16708413211.92,-0.05,1686.26
2024-10-14 02:00:00+00:00,long,sell - direction_change,62380.1,62598.2,16758476752.67,0.3,1686.56
2024-10-14 02:00:00+00:00,short,buy,62598.2,,16750097514.29,-0.05,1686.51
2024-10-14 03:00:00+00:00,short,sell - direction_change,62598.2,62581.6,16746164312.4,-0.02,1686.49
2024-10-14 03:00:00+00:00,long,buy,62581.6,,16737791230.25,-0.05,1686.44
2024-10-14 04:01:00+00:00,long,sell - take_profit,62581.6,64459.048,17231556071.54,2.95,1689.39
2024-10-14 05:00:00+00:00,long,buy,64116.0,,17222940293.5,-0.05,1689.34
2024-10-14 14:29:00+00:00,long,sell - take_profit,64116.0,66039.48,17731017032.16,2.95,1692.29
2024-10-14 15:00:00+00:00,long,buy,65895.7,,17722151523.64,-0.05,1692.24
2024-10-15 03:00:00+00:00,long,sell - direction_change,65895.7,65740.0,17671416107.19,-0.29,1691.95
2024-10-15 03:00:00+00:00,short,buy,65740.0,,17662580399.13,-0.05,1691.9
2024-10-15 12:00:00+00:00,short,sell - direction_change,65740.0,65385.3,17749047515.8,0.49,1692.39
2024-10-15 12:00:00+00:00,long,buy,65385.3,,17740172992.04,-0.05,1692.34
2024-10-15 13:55:00+00:00,long,sell - take_profit,65385.3,67346.85900000001,18263508095.31,2.95,1695.29
2024-10-15 14:00:00+00:00,short,buy,67646.8,,18254376341.26,-0.05,1695.24
2024-10-15 14:40:00+00:00,short,sell - take_profit,67646.8,65617.39600000001,18792880443.33,2.95,1698.19
2024-10-15 15:00:00+00:00,short,buy,65345.1,,18783484003.11,-0.05,1698.14
2024-10-15 15:31:00+00:00,short,sell - stop_loss,65345.1,65998.55099999999,18586257421.07,-1.05,1697.09
2024-10-15 16:00:00+00:00,long,buy,65994.7,,18576964292.36,-0.05,1697.04
2024-10-16 11:26:00+00:00,long,sell - take_profit,65994.7,67974.541,19124984738.99,2.95,1699.99
2024-10-16 12:00:00+00:00,long,buy,67872.3,,19115422246.62,-0.05,1699.94
2024-10-16 13:43:00+00:00,long,sell - stop_loss,67872.3,67193.577,18914710313.03,-1.05,1698.89
2024-10-16 14:00:00+00:00,long,buy,67359.9,,18905252957.87,-0.05,1698.84
2024-10-17 02:00:00+00:00,long,sell - direction_change,67359.9,67876.8,19040873665.14,0.72,1699.56
2024-10-17 02:00:00+00:00,short,buy,67876.8,,19031353228.31,-0.05,1699.51
2024-10-17 15:00:00+00:00,short,sell - direction_change,67876.8,67097.0,19240478519.56,1.1,1700.61
2024-10-17 15:00:00+00:00,long,buy,67097.0,,19230858280.3,-0.05,1700.56
2024-10-17 18:00:00+00:00,long,sell - direction_change,67097.0,67256.4,19266928929.67,0.19,1700.74
2024-10-17 18:00:00+00:00,short,buy,67256.4,,19257295465.21,-0.05,1700.69
2024-10-17 21:00:00+00:00,short,sell - direction_change,67256.4,66923.9,19342870407.65,0.44,1701.14
2024-10-17 21:00:00+00:00,long,buy,66923.9,,19333198972.44,-0.05,1701.09
2024-10-18 12:00:00+00:00,long,sell - direction_change,66923.9,67692.7,19545625875.73,1.1,1702.19
2024-10-18 12:00:00+00:00,short,buy,67692.7,,19535853062.79,-0.05,1702.14
2024-10-18 13:00:00+00:00,short,sell - direction_change,67692.7,67649.8,19538465911.38,0.01,1702.15
2024-10-18 13:00:00+00:00,long,buy,67649.8,,19528696678.43,-0.05,1702.1
2024-10-19 00:00:00+00:00,long,sell - direction_change,67649.8,68407.8,19737746755.0,1.07,1703.17
2024-10-19 00:00:00+00:00,short,buy,68407.8,,19727877881.62,-0.05,1703.12
2024-10-19 01:00:00+00:00,short,sell - direction_change,68407.8,68310.1,19746189292.11,0.09,1703.21
2024-10-19 01:00:00+00:00,long,buy,68310.1,,19736316197.47,-0.05,1703.16
2024-10-19 03:00:00+00:00,long,sell - direction_change,68310.1,68438.1,19763430103.12,0.14,1703.3
2024-10-19 03:00:00+00:00,short,buy,68438.1,,19753548388.07,-0.05,1703.25
2024-10-19 08:00:00+00:00,short,sell - direction_change,68438.1,68328.9,19775190424.07,0.11,1703.36
2024-10-19 08:00:00+00:00,long,buy,68328.9,,19765302828.86,-0.05,1703.31
2024-10-19 09:00:00+00:00,long,sell - direction_change,68328.9,68390.1,19773123324.04,0.04,1703.35
2024-10-19 09:00:00+00:00,short,buy,68390.1,,19763236762.38,-0.05,1703.3
2024-10-19 21:00:00+00:00,short,sell - direction_change,68390.1,68215.2,19803897402.45,0.21,1703.51
2024-10-19 21:00:00+00:00,long,buy,68215.2,,19793995453.75,-0.05,1703.46
2024-10-20 00:00:00+00:00,long,sell - direction_change,68215.2,68357.1,19825273560.03,0.16,1703.62
2024-10-20 00:00:00+00:00,short,buy,68357.1,,19815360923.25,-0.05,1703.57
2024-10-20 02:00:00+00:00,short,sell - direction_change,68357.1,68129.2,19871516910.7,0.28,1703.85
2024-10-20 02:00:00+00:00,long,buy,68129.2,,19861581152.25,-0.05,1703.8
2024-10-20 05:00:00+00:00,long,sell - direction_change,68129.2,68223.9,19879258079.58,0.09,1703.89
2024-10-20 05:00:00+00:00,short,buy,68223.9,,19869318450.54,-0.05,1703.84
2024-10-20 06:00:00+00:00,short,sell - direction_change,68223.9,68200.1,19866315230.0,-0.02,1703.82
2024-10-20 06:00:00+00:00,long,buy,68200.1,,19856382072.38,-0.05,1703.77
2024-10-21 06:00:00+00:00,long,sell - direction_change,68200.1,68981.2,20073870263.97,1.1,1704.87
2024-10-21 06:00:00+00:00,short,buy,68981.2,,20063833328.84,-0.05,1704.82
2024-10-21 15:09:00+00:00,short,sell - take_profit,68981.2,66911.764,20655716412.04,2.95,1707.77
2024-10-21 16:00:00+00:00,short,buy,67354.2,,20645388553.83,-0.05,1707.72
2024-10-21 21:00:00+00:00,short,sell - direction_change,67354.2,67730.0,20519875759.78,-0.61,1707.11
2024-10-21 21:00:00+00:00,long,buy,67730.0,,20509615821.9,-0.05,1707.06
2024-10-21 22:00:00+00:00,long,sell - direction_change,67730.0,67783.6,20515591863.06,0.03,1707.09
2024-10-21 22:00:00+00:00,short,buy,67783.6,,20505334067.13,-0.05,1707.04
2024-10-22 01:00:00+00:00,short,sell - direction_change,67783.6,67132.5,20692046787.17,0.91,1707.95
2024-10-22 01:00:00+00:00,long,buy,67132.5,,20681700763.78,-0.05,1707.9
2024-10-22 02:00:00+00:00,long,sell - direction_change,67132.5,67499.9,20784545879.37,0.5,1708.4
2024-10-22 02:00:00+00:00,short,buy,67499.9,,20774153606.43,-0.05,1708.35
2024-10-22 04:00:00+00:00,short,sell - direction_change,67499.9,67390.3,20797497649.75,0.11,1708.46
2024-10-22 04:00:00+00:00,long,buy,67390.3,,20787098900.92,-0.05,1708.41
2024-10-22 06:00:00+00:00,long,sell - direction_change,67390.3,67574.0,20833369145.34,0.22,1708.63
2024-10-22 06:00:00+00:00,short,buy,67574.0,,20822952460.77,-0.05,1708.58
2024-10-22 10:00:00+00:00,short,sell - direction_change,67574.0,66941.0,21007600162.74,0.89,1709.47
2024-10-22 10:00:00+00:00,long,buy,66941.0,,20997096362.66,-0.05,1709.42
2024-10-22 11:00:00+00:00,long,sell - direction_change,66941.0,67166.8,21057423532.03,0.29,1709.71
2024-10-22 11:00:00+00:00,short,buy,67166.8,,21046894820.27,-0.05,1709.66
2024-10-22 14:00:00+00:00,short,sell - direction_change,67166.8,66970.0,21098039174.52,0.24,1709.9
2024-10-22 14:00:00+00:00,long,buy,66970.0,,21087490154.93,-0.05,1709.85
2024-10-22 15:00:00+00:00,long,sell - direction_change,66970.0,67548.7,21259167263.26,0.81,1710.66
2024-10-22 15:00:00+00:00,short,buy,67548.7,,21248537679.63,-0.05,1710.61
2024-10-22 18:00:00+00:00,short,sell - direction_change,67548.7,67313.6,21311867923.73,0.3,1710.91
2024-10-22 18:00:00+00:00,long,buy,67313.6,,21301211989.77,-0.05,1710.86
2024-10-23 00:00:00+00:00,long,sell - direction_change,67313.6,67406.5,21319959344.87,0.09,1710.95
2024-10-23 00:00:00+00:00,short,buy,67406.5,,21309299365.19,-0.05,1710.9
2024-10-23 01:00:00+00:00,short,sell - direction_change,67406.5,67156.8,21377582682.2,0.32,1711.22
2024-10-23 01:00:00+00:00,long,buy,67156.8,,21366893890.86,-0.05,1711.17
2024-10-23 03:00:00+00:00,long,sell - direction_change,67156.8,67082.4,21332539022.62,-0.16,1711.01
2024-10-23 03:00:00+00:00,short,buy,67082.4,,21321872753.11,-0.05,1710.96
2024-10-23 19:00:00+00:00,short,sell - direction_change,67082.4,66037.0,21643488028.91,1.51,1712.47
2024-10-23 19:00:00+00:00,long,buy,66037.0,,21632666284.9,-0.05,1712.42
2024-10-24 19:27:00+00:00,long,sell - take_profit,66037.0,68018.11,22270829940.3,2.95,1715.37
2024-10-24 20:00:00+00:00,long,buy,68279.7,,22259694525.33,-0.05,1715.32
2024-10-25 04:00:00+00:00,long,sell - direction_change,68279.7,67983.2,22151903453.33,-0.48,1714.83
2024-10-25 04:00:00+00:00,short,buy,67983.2,,22140827501.61,-0.05,1714.78
2024-10-25 11:00:00+00:00,short,sell - direction_change,67983.2,67835.0,22178022992.31,0.17,1714.95
2024-10-25 11:00:00+00:00,long,buy,67835.0,,22166933980.81,-0.05,1714.9
2024-10-25 15:00:00+00:00,long,sell - direction_change,67835.0,68288.4,22304011313.81,0.62,1715.52
2024-10-25 15:00:00+00:00,short,buy,68288.4,,22292859308.15,-0.05,1715.47
2024-10-25 18:08:00+00:00,short,sell - take_profit,68288.4,66239.74799999999,22950498657.74,2.95,1718.42
2024-10-25 19:00:00+00:00,short,buy,66993.1,,22939023408.41,-0.05,1718.37
2024-10-26 03:00:00+00:00,short,sell - direction_change,66993.1,66818.4,22987372704.76,0.21,1718.58
2024-10-26 03:00:00+00:00,long,buy,66818.4,,22975879018.4,-0.05,1718.53
2024-10-26 04:00:00+00:00,long,sell - direction_change,66818.4,66885.8,22987566944.31,0.05,1718.58
2024-10-26 04:00:00+00:00,short,buy,66885.8,,22976073160.84,-0.05,1718.53
2024-10-26 05:00:00+00:00,short,sell - direction_change,66885.8,66916.5,22954039306.67,-0.1,1718.43
2024-10-26 05:00:00+00:00,long,buy,66916.5,,22942562287.02,-0.05,1718.38
2024-10-26 07:00:00+00:00,long,sell - direction_change,66916.5,67137.1,23006724507.93,0.28,1718.66
2024-10-26 07:00:00+00:00,short,buy,67137.1,,22995221145.68,-0.05,1718.61
2024-10-26 08:00:00+00:00,short,sell - direction_change,67137.1,66982.0,23036847051.01,0.18,1718.8
2024-10-26 08:00:00+00:00,long,buy,66982.0,,23025328627.49,-0.05,1718.75
2024-10-26 13:00:00+00:00,long,sell - direction_change,66982.0,67015.9,23025469222.86,0.0,1718.75
2024-10-26 13:00:00+00:00,short,buy,67015.9,,23013956488.25,-0.05,1718.7
2024-10-26 16:00:00+00:00,short,sell - direction_change,67015.9,66864.3,23054510525.43,0.18,1718.87
2024-10-26 16:00:00+00:00,long,buy,66864.3,,23042983270.17,-0.05,1718.82
2024-10-28 01:00:00+00:00,long,sell - direction_change,66864.3,67835.2,23366056359.75,1.4,1720.22
2024-10-28 01:00:00+00:00,short,buy,67835.2,,23354373331.57,-0.05,1720.17
2024-10-28 02:00:00+00:00,short,sell - direction_change,67835.2,67720.0,23382357320.93,0.12,1720.29
2024-10-28 02:00:00+00:00,long,buy,67720.0,,23370666142.27,-0.05,1720.24
2024-10-28 03:00:00+00:00,long,sell - direction_change,67720.0,67779.0,23379342139.71,0.04,1720.28
2024-10-28 03:00:00+00:00,short,buy,67779.0,,23367652468.64,-0.05,1720.23
2024-10-28 04:00:00+00:00,short,sell - direction_change,67779.0,67698.1,23383859922.67,0.07,1720.3
2024-10-28 04:00:00+00:00,long,buy,67698.1,,23372167992.71,-0.05,1720.25
2024-10-28 19:17:00+00:00,long,sell - take_profit,67698.1,69729.043,24061646948.49,2.95,1723.2
2024-10-28 20:00:00+00:00,long,buy,69605.8,,24049616125.02,-0.05,1723.15
2024-10-29 13:53:00+00:00,long,sell - take_profit,69605.8,71693.974,24759079800.71,2.95,1726.1
2024-10-29 14:00:00+00:00,long,buy,71781.5,,24746700260.81,-0.05,1726.05
2024-10-30 02:00:00+00:00,long,sell - direction_change,71781.5,72433.4,24959069691.2,0.86,1726.91
2024-10-30 02:00:00+00:00,short,buy,72433.4,,24946590156.35,-0.05,1726.86
2024-10-30 04:00:00+00:00,short,sell - direction_change,72433.4,72249.9,24997315596.85,0.2,1727.06
2024-10-30 04:00:00+00:00,long,buy,72249.9,,24984816939.05,-0.05,1727.01
2024-10-30 05:00:00+00:00,long,sell - direction_change,72249.9,72294.2,24987643962.04,0.01,1727.02
2024-10-30 05:00:00+00:00,short,buy,72294.2,,24975150140.05,-0.05,1726.97
2024-10-30 09:00:00+00:00,short,sell - direction_change,72294.2,72266.4,24972266505.19,-0.01,1726.96
2024-10-30 09:00:00+00:00,long,buy,72266.4,,24959780371.94,-0.05,1726.91
2024-10-30 11:00:00+00:00,long,sell - direction_change,72266.4,72377.1,24985534677.55,0.1,1727.02
2024-10-30 11:00:00+00:00,short,buy,72377.1,,24973041910.21,-0.05,1726.97
2024-10-30 14:00:00+00:00,short,sell - direction_change,72377.1,71966.0,25102401602.06,0.52,1727.48
2024-10-30 14:00:00+00:00,long,buy,71966.0,,25089850401.26,-0.05,1727.43
2024-10-30 15:00:00+00:00,long,sell - direction_change,71966.0,72416.1,25234225989.44,0.58,1728.01
2024-10-30 15:00:00+00:00,short,buy,72416.1,,25221608876.44,-0.05,1727.96
2024-10-30 20:00:00+00:00,short,sell - direction_change,72416.1,71826.0,25414522415.32,0.76,1728.72
2024-10-30 20:00:00+00:00,long,buy,71826.0,,25401815154.11,-0.05,1728.67
2024-10-31 00:00:00+00:00,long,sell - direction_change,71826.0,72349.0,25574077203.2,0.68,1729.35
2024-10-31 00:00:00+00:00,short,buy,72349.0,,25561290164.6,-0.05,1729.3
2024-10-31 01:00:00+00:00,short,sell - direction_change,72349.0,72173.8,25610408620.22,0.19,1729.49
2024-10-31 01:00:00+00:00,long,buy,72173.8,,25597603415.91,-0.05,1729.44
2024-10-31 06:00:00+00:00,long,sell - direction_change,72173.8,72298.1,25628889616.03,0.12,1729.57
2024-10-31 06:00:00+00:00,short,buy,72298.1,,25616075171.22,-0.05,1729.52
2024-10-31 07:00:00+00:00,short,sell - direction_change,72298.1,72213.4,25633277349.22,0.07,1729.58
2024-10-31 07:00:00+00:00,long,buy,72213.4,,25620460710.54,-0.05,1729.53
2024-10-31 08:00:00+00:00,long,sell - direction_change,72213.4,72417.8,25680169184.05,0.23,1729.77
2024-10-31 08:00:00+00:00,short,buy,72417.8,,25667329099.45,-0.05,1729.72
2024-10-31 09:00:00+00:00,short,sell - direction_change,72417.8,72277.6,25704187078.94,0.14,1729.86
2024-10-31 09:00:00+00:00,long,buy,72277.6,,25691334985.4,-0.05,1729.81
2024-10-31 11:00:00+00:00,long,sell - direction_change,72277.6,72641.8,25807945528.43,0.45,1730.26
2024-10-31 11:00:00+00:00,short,buy,72641.8,,25795041555.67,-0.05,1730.21
2024-10-31 15:48:00+00:00,short,sell - take_profit,72641.8,70462.546,26555995281.56,2.95,1733.16
2024-10-31 16:00:00+00:00,short,buy,70638.6,,26542717283.92,-0.05,1733.11
2024-11-01 10:00:00+00:00,short,sell - direction_change,70638.6,69555.9,26936274486.48,1.48,1734.6
2024-11-01 10:00:00+00:00,long,buy,69555.9,,26922806349.24,-0.05,1734.55
2024-11-01 14:30:00+00:00,long,sell - take_profit,69555.9,71642.57699999999,27717029136.54,2.95,1737.5
2024-11-01 15:00:00+00:00,short,buy,71273.5,,27703170621.97,-0.05,1737.45
2024-11-01 15:51:00+00:00,short,sell - take_profit,71273.5,69135.295,28520414155.32,2.95,1740.4
2024-11-01 16:00:00+00:00,long,buy,69381.1,,28506153948.24,-0.05,1740.35
2024-11-01 18:00:00+00:00,long,sell - direction_change,69381.1,69584.1,28575306139.44,0.24,1740.59
2024-11-01 18:00:00+00:00,short,buy,69584.1,,28561018486.37,-0.05,1740.54
2024-11-02 04:00:00+00:00,short,sell - direction_change,69584.1,69599.9,28540252816.12,-0.07,1740.47
2024-11-02 04:00:00+00:00,long,buy,69599.9,,28525982689.71,-0.05,1740.42
2024-11-02 10:00:00+00:00,long,sell - direction_change,69599.9,69558.5,28494751632.56,-0.11,1740.31
2024-11-02 10:00:00+00:00,short,buy,69558.5,,28480504256.74,-0.05,1740.26
2024-11-02 16:00:00+00:00,short,sell - direction_change,69558.5,69393.9,28533658945.57,0.19,1740.44
2024-11-02 16:00:00+00:00,long,buy,69393.9,,28519392116.1,-0.05,1740.39
2024-11-02 17:00:00+00:00,long,sell - direction_change,69393.9,69585.1,28583711484.95,0.23,1740.62
2024-11-02 17:00:00+00:00,short,buy,69585.1,,28569419629.21,-0.05,1740.57
2024-11-03 12:00:00+00:00,short,sell - direction_change,69585.1,68345.4,29064116145.47,1.73,1742.3
2024-11-03 12:00:00+00:00,long,buy,68345.4,,29049584087.4,-0.05,1742.25
2024-11-03 13:00:00+00:00,long,sell - direction_change,68345.4,68469.2,29087679347.47,0.13,1742.38
2024-11-03 13:00:00+00:00,short,buy,68469.2,,29073135507.8,-0.05,1742.33
2024-11-03 19:00:00+00:00,short,sell - direction_change,68469.2,67991.6,29261395664.97,0.65,1742.98
2024-11-03 19:00:00+00:00,long,buy,67991.6,,29246764967.14,-0.05,1742.93
2024-11-04 07:00:00+00:00,long,sell - direction_change,67991.6,69115.5,29715590115.75,1.6,1744.53
2024-11-04 07:00:00+00:00,short,buy,69115.5,,29700732320.69,-0.05,1744.48
2024-11-04 10:00:00+00:00,short,sell - direction_change,69115.5,68628.0,29895373414.57,0.66,1745.14
2024-11-04 10:00:00+00:00,long,buy,68628.0,,29880425727.86,-0.05,1745.09
2024-11-04 11:00:00+00:00,long,sell - direction_change,68628.0,68816.9,29947732009.43,0.23,1745.31
2024-11-04 11:00:00+00:00,short,buy,68816.9,,29932758143.43,-0.05,1745.26
2024-11-04 12:00:00+00:00,short,sell - direction_change,68816.9,68778.1,29934668302.18,0.01,1745.27
2024-11-04 12:00:00+00:00,long,buy,68778.1,,29919700968.03,-0.05,1745.22
2024-11-04 13:00:00+00:00,long,sell - direction_change,68778.1,68958.0,29983000828.18,0.21,1745.43
2024-11-04 13:00:00+00:00,short,buy,68958.0,,29968009327.77,-0.05,1745.38
2024-11-04 21:43:00+00:00,short,sell - take_profit,68958.0,66889.26,30852065602.94,2.95,1748.33
2024-11-04 22:00:00+00:00,short,buy,67097.1,,30836639570.14,-0.05,1748.28
2024-11-04 22:20:00+00:00,short,sell - stop_loss,67097.1,67768.07100000001,30512854854.65,-1.05,1747.23
2024-11-04 23:00:00+00:00,short,buy,67906.0,,30497598427.22,-0.05,1747.18
2024-11-05 03:00:00+00:00,short,sell - direction_change,67906.0,67861.8,30502200507.91,0.02,1747.2
2024-11-05 03:00:00+00:00,long,buy,67861.8,,30486949407.65,-0.05,1747.15
2024-11-05 14:40:00+00:00,long,sell - take_profit,67861.8,69897.65400000001,31386314415.18,2.95,1750.1
2024-11-05 15:00:00+00:00,long,buy,69947.4,,31370621257.97,-0.05,1750.05
2024-11-05 15:30:00+00:00,long,sell - stop_loss,69947.4,69247.92599999999,31041229734.76,-1.05,1749.0
2024-11-05 16:00:00+00:00,long,buy,69615.2,,31025709119.9,-0.05,1748.95
2024-11-05 19:57:00+00:00,long,sell - stop_loss,69615.2,68919.048,30699939174.14,-1.05,1747.9
2024-11-05 20:00:00+00:00,long,buy,68955.9,,30684589204.55,-0.05,1747.85
2024-11-06 00:44:00+00:00,long,sell - take_profit,68955.9,71024.57699999999,31589784586.08,2.95,1750.8
2024-11-06 01:00:00+00:00,long,buy,71058.6,,31573989693.79,-0.05,1750.75
2024-11-06 02:57:00+00:00,long,sell - take_profit,71058.6,73190.35800000001,32505422389.76,2.95,1753.7
2024-11-06 03:00:00+00:00,long,buy,73079.0,,32489169678.56,-0.05,1753.65
2024-11-06 03:08:00+00:00,long,sell - take_profit,73079.0,75271.37,33447600184.08,2.95,1756.6
2024-11-06 04:00:00+00:00,long,buy,74367.1,,33430876383.99,-0.05,1756.55
2024-11-06 07:42:00+00:00,long,sell - stop_loss,74367.1,73623.429,33079852181.96,-1.05,1755.5
2024-11-06 08:00:00+00:00,long,buy,73435.8,,33063312255.87,-0.05,1755.45
2024-11-06 19:48:00+00:00,long,sell - take_profit,73435.8,75638.87400000001,34038679967.41,2.95,1758.4
2024-11-06 20:00:00+00:00,long,buy,75817.9,,34021660627.43,-0.05,1758.35
2024-11-07 00:50:00+00:00,long,sell - stop_loss,75817.9,75059.72099999999,33664433190.84,-1.05,1757.3
2024-11-07 01:00:00+00:00,long,buy,75361.6,,33647600974.25,-0.05,1757.25
2024-11-07 04:00:00+00:00,long,sell - direction_change,75361.6,75062.8,33497368339.94,-0.45,1756.8
2024-11-07 04:00:00+00:00,short,buy,75062.8,,33480619655.77,-0.05,1756.75
2024-11-07 05:00:00+00:00,short,sell - direction_change,75062.8,74766.6,33595994848.45,0.34,1757.09
2024-11-07 05:00:00+00:00,long,buy,74766.6,,33579196851.03,-0.05,1757.04
2024-11-07 06:00:00+00:00,long,sell - direction_change,74766.6,74793.3,33574398764.27,-0.01,1757.03
2024-11-07 06:00:00+00:00,short,buy,74793.3,,33557611564.88,-0.05,1756.98
2024-11-07 08:00:00+00:00,short,sell - direction_change,74793.3,74800.0,33537826660.99,-0.06,1756.92
2024-11-07 08:00:00+00:00,long,buy,74800.0,,33521057747.66,-0.05,1756.87
2024-11-07 09:00:00+00:00,long,sell - direction_change,74800.0,75193.3,33680551657.46,0.48,1757.35
2024-11-07 09:00:00+00:00,short,buy,75193.3,,33663711381.63,-0.05,1757.3
2024-11-07 14:00:00+00:00,short,sell - direction_change,75193.3,74696.3,33869384251.18,0.61,1757.91
2024-11-07 14:00:00+00:00,long,buy,74696.3,,33852449559.05,-0.05,1757.86
2024-11-08 02:00:00+00:00,long,sell - direction_change,74696.3,75981.3,34417886820.6,1.67,1759.53
2024-11-08 02:00:00+00:00,short,buy,75981.3,,34400677877.19,-0.05,1759.48
2024-11-08 03:00:00+00:00,short,sell - direction_change,75981.3,75720.5,34501555233.55,0.29,1759.77
2024-11-08 03:00:00+00:00,long,buy,75720.5,,34484304455.94,-0.05,1759.72
2024-11-08 04:00:00+00:00,long,sell - direction_change,75720.5,75900.4,34548991588.01,0.19,1759.91
2024-11-08 04:00:00+00:00,short,buy,75900.4,,34531717092.21,-0.05,1759.86
2024-11-08 07:00:00+00:00,short,sell - direction_change,75900.4,75882.8,34522458546.15,-0.03,1759.83
2024-11-08 07:00:00+00:00,long,buy,75882.8,,34505197316.88,-0.05,1759.78
2024-11-08 08:00:00+00:00,long,sell - direction_change,75882.8,76171.0,34618994150.59,0.33,1760.11
2024-11-08 08:00:00+00:00,short,buy,76171.0,,34601684653.52,-0.05,1760.06
2024-11-08 09:00:00+00:00,short,sell - direction_change,76171.0,75823.7,34742149431.71,0.41,1760.47
2024-11-08 09:00:00+00:00,long,buy,75823.7,,34724778356.99,-0.05,1760.42
2024-11-08 11:00:00+00:00,long,sell - direction_change,75823.7,76253.9,34904433518.38,0.52,1760.93
2024-11-08 11:00:00+00:00,short,buy,76253.9,,34886981301.62,-0.05,1760.88
2024-11-08 12:00:00+00:00,short,sell - direction_change,76253.9,75952.0,35007660315.59,0.35,1761.23
2024-11-08 12:00:00+00:00,long,buy,75952.0,,34990156485.43,-0.05,1761.18
2024-11-08 14:00:00+00:00,long,sell - direction_change,75952.0,76280.3,35123905197.67,0.38,1761.56
2024-11-08 14:00:00+00:00,short,buy,76280.3,,35106343245.07,-0.05,1761.51
2024-11-08 15:00:00+00:00,short,sell - direction_change,76280.3,75758.7,35328845089.44,0.63,1762.15
2024-11-08 15:00:00+00:00,long,buy,75758.7,,35311180666.9,-0.05,1762.1
2024-11-09 01:00:00+00:00,long,sell - direction_change,75758.7,76409.4,35596816781.14,0.81,1762.91
2024-11-09 01:00:00+00:00,short,buy,76409.4,,35579018372.75,-0.05,1762.86
2024-11-09 02:00:00+00:00,short,sell - direction_change,76409.4,76300.0,35612169514.98,0.09,1762.95
2024-11-09 02:00:00+00:00,long,buy,76300.0,,35594363430.22,-0.05,1762.9
2024-11-09 03:00:00+00:00,long,sell - direction_change,76300.0,76418.6,35631893791.14,0.11,1763.0
2024-11-09 03:00:00+00:00,short,buy,76418.6,,35614077844.24,-0.05,1762.95
2024-11-09 05:00:00+00:00,short,sell - direction_change,76418.6,76369.6,35619106735.5,0.01,1762.97
2024-11-09 05:00:00+00:00,long,buy,76369.6,,35601297182.14,-0.05,1762.92
2024-11-09 06:00:00+00:00,long,sell - direction_change,76369.6,76540.0,35662932081.72,0.17,1763.09
2024-11-09 06:00:00+00:00,short,buy,76540.0,,35645100615.68,-0.05,1763.04
2024-11-09 07:00:00+00:00,short,sell - direction_change,76540.0,76493.5,35648933372.12,0.01,1763.05
2024-11-09 07:00:00+00:00,long,buy,76493.5,,35631108905.44,-0.05,1763.0
2024-11-09 12:00:00+00:00,long,sell - direction_change,76493.5,76478.6,35606352845.94,-0.07,1762.93
2024-11-09 12:00:00+00:00,short,buy,76478.6,,35588549669.51,-0.05,1762.88
2024-11-09 13:00:00+00:00,short,sell - direction_change,76478.6,76269.5,35668057983.06,0.22,1763.11
2024-11-09 13:00:00+00:00,long,buy,76269.5,,35650223954.07,-0.05,1763.06
2024-11-09 14:00:00+00:00,long,sell - direction_change,76269.5,76406.3,35696342497.64,0.13,1763.19
2024-11-09 14:00:00+00:00,short,buy,76406.3,,35678494326.39,-0.05,1763.14
2024-11-09 21:00:00+00:00,short,sell - direction_change,76406.3,76271.9,35723414166.34,0.13,1763.26
2024-11-09 21:00:00+00:00,long,buy,76271.9,,35705552459.26,-0.05,1763.21
2024-11-10 04:53:00+00:00,long,sell - take_profit,76271.9,78560.057,36758866256.81,2.95,1766.16
2024-11-10 05:00:00+00:00,long,buy,79273.7,,36740486823.68,-0.05,1766.11
2024-11-10 20:00:00+00:00,long,sell - direction_change,79273.7,79793.4,36962978694.72,0.61,1766.72
2024-11-10 20:00:00+00:00,short,buy,79793.4,,36944497205.37,-0.05,1766.67
2024-11-10 21:00:00+00:00,short,sell - direction_change,79793.4,79015.6,37286147848.21,0.92,1767.59
2024-11-10 21:00:00+00:00,long,buy,79015.6,,37267504774.29,-0.05,1767.54
2024-11-10 22:22:00+00:00,long,sell - take_profit,79015.6,81386.06800000001,38366896165.13,2.95,1770.49
2024-11-10 23:00:00+00:00,long,buy,80683.6,,38347712717.05,-0.05,1770.44
2024-11-11 15:17:00+00:00,long,sell - take_profit,80683.6,83104.10800000001,39478970242.2,2.95,1773.39
2024-11-11 16:00:00+00:00,long,buy,84114.1,,39459230757.08,-0.05,1773.34
2024-11-11 19:07:00+00:00,long,sell - take_profit,84114.1,86637.523,40623278064.41,2.95,1776.29
2024-11-11 20:00:00+00:00,long,buy,86180.9,,40602966425.38,-0.05,1776.24
2024-11-11 23:01:00+00:00,long,sell - take_profit,86180.9,88766.32699999999,41800753934.93,2.95,1779.19
2024-11-12 00:00:00+00:00,long,buy,88729.0,,41779853557.96,-0.05,1779.14
2024-11-12 00:14:00+00:00,long,sell - stop_loss,88729.0,87841.71,41341165095.6,-1.05,1778.09
2024-11-12 01:00:00+00:00,long,buy,89065.9,,41320494513.05,-0.05,1778.04
2024-11-12 02:22:00+00:00,long,sell - stop_loss,89065.9,88175.241,40886629320.67,-1.05,1776.99
2024-11-12 03:00:00+00:00,long,buy,87778.5,,40866186006.01,-0.05,1776.94
2024-11-12 09:00:00+00:00,long,sell - direction_change,87778.5,89471.1,41633760300.16,1.88,1778.82
2024-11-12 09:00:00+00:00,short,buy,89471.1,,41612943420.01,-0.05,1778.77
2024-11-12 10:36:00+00:00,short,sell - take_profit,89471.1,86786.967,42840525250.9,2.95,1781.72
2024-11-12 11:00:00+00:00,short,buy,86972.1,,42819104988.28,-0.05,1781.67
2024-11-12 11:37:00+00:00,short,sell - stop_loss,86972.1,87841.82100000001,42369504385.9,-1.05,1780.62
2024-11-12 12:00:00+00:00,short,buy,87229.5,,42348319633.71,-0.05,1780.57
2024-11-12 18:00:00+00:00,short,sell - direction_change,87229.5,87014.3,42431621120.15,0.2,1780.77
2024-11-12 18:00:00+00:00,long,buy,87014.3,,42410405309.59,-0.05,1780.72
2024-11-12 19:31:00+00:00,long,sell - take_profit,87014.3,89624.729,43661512266.22,2.95,1783.67
2024-11-12 20:00:00+00:00,long,buy,88762.9,,43639681510.09,-0.05,1783.62
2024-11-12 22:07:00+00:00,long,sell - stop_loss,88762.9,87875.271,43181464854.23,-1.05,1782.57
2024-11-12 23:00:00+00:00,long,buy,88631.5,,43159874121.81,-0.05,1782.52
2024-11-12 23:20:00+00:00,long,sell - stop_loss,88631.5,87745.185,42706695443.53,-1.05,1781.47
2024-11-13 00:00:00+00:00,long,buy,87972.0,,42685342095.8,-0.05,1781.42
2024-11-13 02:35:00+00:00,long,sell - stop_loss,87972.0,87092.28,42237146003.8,-1.05,1780.37
2024-11-13 03:00:00+00:00,long,buy,87925.0,,42216027430.8,-0.05,1780.32
2024-11-13 04:00:00+00:00,long,sell - direction_change,87925.0,87198.3,41846004010.38,-0.88,1779.44
2024-11-13 04:00:00+00:00,short,buy,87198.3,,41825081008.38,-0.05,1779.39
2024-11-13 07:00:00+00:00,short,sell - direction_change,87198.3,86550.0,42115128658.81,0.69,1780.08
2024-11-13 07:00:00+00:00,long,buy,86550.0,,42094071094.49,-0.05,1780.03
2024-11-13 08:00:00+00:00,long,sell - direction_change,86550.0,87402.9,42487836690.21,0.94,1780.97
2024-11-13 08:00:00+00:00,short,buy,87402.9,,42466592771.86,-0.05,1780.92
2024-11-13 13:00:00+00:00,short,sell - direction_change,87402.9,87679.9,42310773023.57,-0.37,1780.55
2024-11-13 13:00:00+00:00,long,buy,87679.9,,42289617637.05,-0.05,1780.5
2024-11-13 14:31:00+00:00,long,sell - take_profit,87679.9,90310.29699999999,43537161357.35,2.95,1783.45
2024-11-13 15:00:00+00:00,long,buy,91563.0,,43515392776.67,-0.05,1783.4
2024-11-13 15:07:00+00:00,long,sell - stop_loss,91563.0,90647.37,43058481152.51,-1.05,1782.35
2024-11-13 16:00:00+00:00,long,buy,92608.0,,43036951911.94,-0.05,1782.3
2024-11-13 16:40:00+00:00,long,sell - stop_loss,92608.0,91681.92,42585063916.86,-1.05,1781.25
2024-11-13 17:00:00+00:00,long,buy,92312.1,,42563771384.9,-0.05,1781.2
2024-11-13 19:07:00+00:00,long,sell - stop_loss,92312.1,91388.979,42116851785.36,-1.05,1780.15
2024-11-13 20:00:00+00:00,long,buy,90218.8,,42095793359.47,-0.05,1780.1
2024-11-13 20:04:00+00:00,long,sell - stop_loss,90218.8,89316.61200000001,41653787529.2,-1.05,1779.05
2024-11-13 21:00:00+00:00,long,buy,89742.3,,41632960635.43,-0.05,1779.0
2024-11-13 21:05:00+00:00,long,sell - stop_loss,89742.3,88844.87700000001,41195814548.76,-1.05,1777.95
2024-11-13 22:00:00+00:00,long,buy,88587.7,,41175216641.48,-0.05,1777.9
2024-11-14 00:00:00+00:00,long,sell - direction_change,88587.7,90413.3,42003160776.29,2.01,1779.91
2024-11-14 00:00:00+00:00,short,buy,90413.3,,41982159195.9,-0.05,1779.86
2024-11-14 01:00:00+00:00,short,sell - direction_change,90413.3,90151.6,42082684873.92,0.24,1780.1
2024-11-14 01:00:00+00:00,long,buy,90151.6,,42061643531.49,-0.05,1780.05
2024-11-14 02:00:00+00:00,long,sell - direction_change,90151.6,90420.1,42165885597.7,0.25,1780.3
2024-11-14 02:00:00+00:00,short,buy,90420.1,,42144802654.9,-0.05,1780.25
2024-11-14 07:00:00+00:00,short,sell - direction_change,90420.1,89336.2,42628935972.19,1.15,1781.4
2024-11-14 07:00:00+00:00,long,buy,89336.2,,42607621504.2,-0.05,1781.35
2024-11-14 14:00:00+00:00,long,sell - direction_change,89336.2,90797.5,43283263806.05,1.59,1782.93
2024-11-14 14:00:00+00:00,short,buy,90797.5,,43261622174.15,-0.05,1782.88
2024-11-14 14:33:00+00:00,short,sell - stop_loss,90797.5,91705.475,42807375141.32,-1.05,1781.83
2024-11-14 15:00:00+00:00,short,buy,88769.1,,42785971453.75,-0.05,1781.78
2024-11-14 18:07:00+00:00,short,sell - stop_loss,88769.1,89656.79100000001,42336718753.48,-1.05,1780.73
2024-11-14 19:00:00+00:00,short,buy,89142.2,,42315550394.1,-0.05,1780.68
2024-11-15 01:00:00+00:00,short,sell - direction_change,89142.2,87920.1,42874520034.84,1.32,1782.01
2024-11-15 01:00:00+00:00,long,buy,87920.1,,42853082774.82,-0.05,1781.96
2024-11-15 02:00:00+00:00,long,sell - direction_change,87920.1,88154.3,42945807513.81,0.22,1782.17
2024-11-15 02:00:00+00:00,short,buy,88154.3,,42924334610.06,-0.05,1782.12
2024-11-15 06:00:00+00:00,short,sell - direction_change,88154.3,87773.4,43088341320.08,0.38,1782.5
2024-11-15 06:00:00+00:00,long,buy,87773.4,,43066797149.42,-0.05,1782.45
2024-11-15 07:00:00+00:00,long,sell - direction_change,87773.4,88223.3,43266011175.89,0.46,1782.92
2024-11-15 07:00:00+00:00,short,buy,88223.3,,43244378170.31,-0.05,1782.87
2024-11-15 08:00:00+00:00,short,sell - direction_change,88223.3,87693.9,43482251758.45,0.55,1783.42
2024-11-15 08:00:00+00:00,long,buy,87693.9,,43460510632.57,-0.05,1783.37
2024-11-15 12:11:00+00:00,long,sell - take_profit,87693.9,90324.71699999999,44742595696.23,2.95,1786.32
2024-11-15 13:00:00+00:00,long,buy,89819.9,,44720224398.39,-0.05,1786.27
2024-11-15 14:34:00+00:00,long,sell - stop_loss,89819.9,88921.70099999999,44250662042.2,-1.05,1785.22
2024-11-15 15:00:00+00:00,long,buy,89150.2,,44228536711.18,-0.05,1785.17
2024-11-15 15:20:00+00:00,long,sell - stop_loss,89150.2,88258.69799999999,43764137075.71,-1.05,1784.12
2024-11-15 16:00:00+00:00,long,buy,88485.5,,43742255007.18,-0.05,1784.07
2024-11-15 20:18:00+00:00,long,sell - take_profit,88485.5,91140.065,45032651529.89,2.95,1787.02
2024-11-15 21:00:00+00:00,long,buy,91479.3,,45010135204.12,-0.05,1786.97
2024-11-16 06:00:00+00:00,long,sell - direction_change,91479.3,91392.8,44945069943.18,-0.14,1786.82
2024-11-16 06:00:00+00:00,short,buy,91392.8,,44922597408.2,-0.05,1786.77
2024-11-16 07:00:00+00:00,short,sell - direction_change,91392.8,91243.9,44973325406.18,0.11,1786.89
2024-11-16 07:00:00+00:00,long,buy,91243.9,,44950838743.48,-0.05,1786.84
2024-11-16 11:00:00+00:00,long,sell - direction_change,91243.9,91437.3,45023640840.89,0.16,1787.0
2024-11-16 11:00:00+00:00,short,buy,91437.3,,45001129020.47,-0.05,1786.95
2024-11-16 14:00:00+00:00,short,sell - direction_change,91437.3,90812.5,45286125565.03,0.63,1787.58
2024-11-16 14:00:00+00:00,long,buy,90812.5,,45263482502.25,-0.05,1787.53
2024-11-16 15:00:00+00:00,long,sell - direction_change,90812.5,91031.5,45350006468.29,0.19,1787.72
2024-11-16 15:00:00+00:00,short,buy,91031.5,,45327331465.05,-0.05,1787.67
2024-11-16 18:00:00+00:00,short,sell - direction_change,91031.5,90967.1,45336734503.11,0.02,1787.69
2024-11-16 18:00:00+00:00,long,buy,90967.1,,45314066135.86,-0.05,1787.64
2024-11-16 20:00:00+00:00,long,sell - direction_change,90967.1,91176.9,45395918217.36,0.18,1787.82
2024-11-16 20:00:00+00:00,short,buy,91176.9,,45373220258.25,-0.05,1787.77
2024-11-17 08:00:00+00:00,short,sell - direction_change,91176.9,90600.0,45637621833.47,0.58,1788.36
2024-11-17 08:00:00+00:00,long,buy,90600.0,,45614803022.55,-0.05,1788.31
2024-11-17 14:00:00+00:00,long,sell - direction_change,90600.0,90556.8,45570245516.29,-0.1,1788.21
2024-11-17 14:00:00+00:00,short,buy,90556.8,,45547460393.53,-0.05,1788.16
2024-11-17 17:00:00+00:00,short,sell - direction_change,90556.8,90510.2,45548125120.24,0.0,1788.16
2024-11-17 17:00:00+00:00,long,buy,90510.2,,45525351057.68,-0.05,1788.11
2024-11-17 18:00:00+00:00,long,sell - direction_change,90510.2,90642.8,45569284307.59,0.1,1788.21
2024-11-17 18:00:00+00:00,short,buy,90642.8,,45546499665.43,-0.05,1788.16
2024-11-18 01:00:00+00:00,short,sell - direction_change,90642.8,89988.9,45852300291.64,0.67,1788.83
2024-11-18 01:00:00+00:00,long,buy,89988.9,,45829374141.5,-0.05,1788.78
2024-11-18 11:00:00+00:00,long,sell - direction_change,89988.9,91862.0,46760388224.58,2.03,1790.81
2024-11-18 11:00:00+00:00,short,buy,91862.0,,46737008030.47,-0.05,1790.76
2024-11-18 12:00:00+00:00,short,sell - direction_change,91862.0,90338.7,47488655140.45,1.61,1792.37
2024-11-18 12:00:00+00:00,long,buy,90338.7,,47464910812.88,-0.05,1792.32
2024-11-18 13:00:00+00:00,long,sell - direction_change,90338.7,90571.5,47563493945.77,0.21,1792.52
2024-11-18 13:00:00+00:00,short,buy,90571.5,,47539712198.8,-0.05,1792.47
2024-11-18 15:00:00+00:00,short,sell - direction_change,90571.5,90366.9,47623334017.96,0.18,1792.65
2024-11-18 15:00:00+00:00,long,buy,90366.9,,47599522350.95,-0.05,1792.6
2024-11-18 18:00:00+00:00,long,sell - direction_change,90366.9,91648.4,48250735098.7,1.37,1793.97
2024-11-18 18:00:00+00:00,short,buy,91648.4,,48226609731.15,-0.05,1793.92
2024-11-18 20:00:00+00:00,short,sell - direction_change,91648.4,90657.7,48723815972.08,1.03,1794.95
2024-11-18 20:00:00+00:00,long,buy,90657.7,,48699454064.09,-0.05,1794.9
2024-11-19 01:00:00+00:00,long,sell - direction_change,90657.7,91113.8,48920111887.43,0.45,1795.35
2024-11-19 01:00:00+00:00,short,buy,91113.8,,48895651831.48,-0.05,1795.3
2024-11-19 02:00:00+00:00,short,sell - direction_change,91113.8,90777.9,49051462643.12,0.32,1795.62
2024-11-19 02:00:00+00:00,long,buy,90777.9,,49026936911.8,-0.05,1795.57
2024-11-19 13:00:00+00:00,long,sell - direction_change,90777.9,92539.8,49953982800.24,1.89,1797.46
2024-11-19 13:00:00+00:00,short,buy,92539.8,,49929005808.84,-0.05,1797.41
2024-11-19 14:00:00+00:00,short,sell - direction_change,92539.8,91175.0,50640406709.02,1.42,1798.84
2024-11-19 14:00:00+00:00,long,buy,91175.0,,50615086505.66,-0.05,1798.79
2024-11-19 18:46:00+00:00,long,sell - take_profit,91175.0,93910.25,52108231557.58,2.95,1801.74
2024-11-19 19:00:00+00:00,long,buy,93692.3,,52082177441.8,-0.05,1801.69
2024-11-19 20:47:00+00:00,long,sell - stop_loss,93692.3,92755.37700000001,51535314578.66,-1.05,1800.64
2024-11-19 21:00:00+00:00,long,buy,92498.0,,51509546921.37,-0.05,1800.59
2024-11-19 22:00:00+00:00,long,sell - direction_change,92498.0,92239.0,51339562298.05,-0.33,1800.26
2024-11-19 22:00:00+00:00,short,buy,92239.0,,51313892516.9,-0.05,1800.21
2024-11-19 23:00:00+00:00,short,sell - direction_change,92239.0,91857.9,51500247023.91,0.36,1800.57
2024-11-19 23:00:00+00:00,long,buy,91857.9,,51474496900.4,-0.05,1800.52
2024-11-20 01:00:00+00:00,long,sell - direction_change,91857.9,92070.4,51567838474.69,0.18,1800.7
2024-11-20 01:00:00+00:00,short,buy,92070.4,,51542054555.45,-0.05,1800.65
2024-11-20 04:00:00+00:00,short,sell - direction_change,92070.4,92072.0,51515387830.02,-0.05,1800.6
2024-11-20 04:00:00+00:00,long,buy,92072.0,,51489630136.11,-0.05,1800.55
2024-11-20 06:00:00+00:00,long,sell - direction_change,92072.0,92549.0,51730639096.07,0.47,1801.02
2024-11-20 06:00:00+00:00,short,buy,92549.0,,51704773776.52,-0.05,1800.97
2024-11-20 07:00:00+00:00,short,sell - direction_change,92549.0,92400.8,51761716962.51,0.11,1801.08
2024-11-20 07:00:00+00:00,long,buy,92400.8,,51735836104.03,-0.05,1801.03
2024-11-21 03:25:00+00:00,long,sell - take_profit,92400.8,95172.82400000001,53262043269.1,2.95,1803.98
2024-11-21 04:00:00+00:00,long,buy,95790.1,,53235412247.46,-0.05,1803.93
2024-11-21 19:10:00+00:00,long,sell - take_profit,95790.1,98663.80300000001,54805856908.76,2.95,1806.88
2024-11-21 20:00:00+00:00,long,buy,97891.5,,54778453980.31,-0.05,1806.83
2024-11-22 13:00:00+00:00,long,sell - direction_change,97891.5,98680.5,55192576020.29,0.76,1807.58
2024-11-22 13:00:00+00:00,short,buy,98680.5,,55164979732.28,-0.05,1807.53
2024-11-22 15:00:00+00:00,short,sell - direction_change,98680.5,97370.4,55869777398.03,1.28,1808.81
2024-11-22 15:00:00+00:00,long,buy,97370.4,,55841842509.34,-0.05,1808.76
2024-11-22 22:00:00+00:00,long,sell - direction_change,97370.4,99289.3,56914409124.24,1.92,1810.68
2024-11-22 22:00:00+00:00,short,buy,99289.3,,56885951919.68,-0.05,1810.63
2024-11-22 23:00:00+00:00,short,sell - direction_change,99289.3,98630.2,57235127991.4,0.61,1811.25
2024-11-22 23:00:00+00:00,long,buy,98630.2,,57206510427.4,-0.05,1811.2
2024-11-23 02:00:00+00:00,long,sell - direction_change,98630.2,98625.0,57174891119.76,-0.06,1811.14
2024-11-23 02:00:00+00:00,short,buy,98625.0,,57146303674.2,-0.05,1811.09
2024-11-23 03:00:00+00:00,short,sell - direction_change,98625.0,98528.5,57173645536.86,0.05,1811.14
2024-11-23 03:00:00+00:00,long,buy,98528.5,,57145058714.09,-0.05,1811.09
2024-11-23 04:00:00+00:00,long,sell - direction_change,98528.5,98702.6,57217461584.97,0.13,1811.22
2024-11-23 04:00:00+00:00,short,buy,98702.6,,57188852854.17,-0.05,1811.17
2024-11-23 05:00:00+00:00,short,sell - direction_change,98702.6,98611.1,57213274052.83,0.04,1811.21
2024-11-23 05:00:00+00:00,long,buy,98611.1,,57184667415.8,-0.05,1811.16
2024-11-23 06:00:00+00:00,long,sell - direction_change,98611.1,98790.4,57260051316.69,0.13,1811.29
2024-11-23 06:00:00+00:00,short,buy,98790.4,,57231421291.03,-0.05,1811.24
2024-11-23 12:00:00+00:00,short,sell - direction_change,98790.4,98470.8,57387956791.89,0.27,1811.51
2024-11-23 12:00:00+00:00,long,buy,98470.8,,57359262813.49,-0.05,1811.46
2024-11-23 13:00:00+00:00,long,sell - direction_change,98470.8,98670.9,57447141476.41,0.15,1811.62
2024-11-23 13:00:00+00:00,short,buy,98670.9,,57418417905.68,-0.05,1811.57
2024-11-23 14:00:00+00:00,short,sell - direction_change,98670.9,98587.9,57438007928.68,0.03,1811.6
2024-11-23 14:00:00+00:00,long,buy,98587.9,,57409288924.71,-0.05,1811.55
2024-11-23 15:00:00+00:00,long,sell - direction_change,98587.9,98805.6,57507354423.43,0.17,1811.72
2024-11-23 15:00:00+00:00,short,buy,98805.6,,57478600746.22,-0.05,1811.67
2024-11-24 01:00:00+00:00,short,sell - direction_change,98805.6,97983.2,57928279685.84,0.78,1812.45
2024-11-24 01:00:00+00:00,long,buy,97983.2,,57899315546.0,-0.05,1812.4
2024-11-24 10:00:00+00:00,long,sell - direction_change,97983.2,98011.0,57886793204.05,-0.02,1812.38
2024-11-24 10:00:00+00:00,short,buy,98011.0,,57857849807.45,-0.05,1812.33
2024-11-24 22:00:00+00:00,short,sell - direction_change,98011.0,97037.7,58403479301.68,0.94,1813.28
2024-11-24 22:00:00+00:00,long,buy,97037.7,,58374277562.03,-0.05,1813.23
2024-11-25 13:00:00+00:00,long,sell - direction_change,97037.7,97981.6,58912905618.69,0.92,1814.15
2024-11-25 13:00:00+00:00,short,buy,97981.6,,58883449165.88,-0.05,1814.1
2024-11-25 15:11:00+00:00,short,sell - take_profit,97981.6,95042.152,60620510916.27,2.95,1817.05
2024-11-25 16:00:00+00:00,short,buy,96040.4,,60590200660.82,-0.05,1817.0
2024-11-25 22:35:00+00:00,short,sell - take_profit,96040.4,93159.188,62377611580.31,2.95,1819.95
2024-11-25 23:00:00+00:00,short,buy,94479.0,,62346422774.52,-0.05,1819.9
2024-11-26 09:00:00+00:00,short,sell - direction_change,94479.0,93221.6,63145004238.74,1.28,1821.18
2024-11-26 09:00:00+00:00,long,buy,93221.6,,63113431736.62,-0.05,1821.13
2024-11-26 10:00:00+00:00,long,sell - direction_change,93221.6,93614.5,63347878471.98,0.37,1821.5
2024-11-26 10:00:00+00:00,short,buy,93614.5,,63316204532.75,-0.05,1821.45
2024-11-26 16:00:00+00:00,short,sell - direction_change,93614.5,92877.4,63783084310.42,0.74,1822.19
2024-11-26 16:00:00+00:00,long,buy,92877.4,,63751192768.26,-0.05,1822.14
2024-11-26 17:00:00+00:00,long,sell - direction_change,92877.4,94098.4,64557413483.47,1.26,1823.4
2024-11-26 17:00:00+00:00,short,buy,94098.4,,64525134776.72,-0.05,1823.35
2024-11-26 20:20:00+00:00,short,sell - take_profit,94098.4,91275.44799999999,66428626252.64,2.95,1826.3
2024-11-26 21:00:00+00:00,short,buy,91124.2,,66395411939.51,-0.05,1826.25
2024-11-26 22:04:00+00:00,short,sell - stop_loss,91124.2,92035.442,65698260114.15,-1.05,1825.2
2024-11-26 23:00:00+00:00,short,buy,91888.0,,65665410984.09,-0.05,1825.15
2024-11-27 01:54:00+00:00,short,sell - stop_loss,91888.0,92806.88,64975924168.76,-1.05,1824.1
2024-11-27 02:00:00+00:00,short,buy,92821.0,,64943436206.67,-0.05,1824.05
2024-11-27 04:00:00+00:00,short,sell - direction_change,92821.0,92645.2,65033965275.95,0.14,1824.19
2024-11-27 04:00:00+00:00,long,buy,92645.2,,65001448293.31,-0.05,1824.14
2024-11-27 15:37:00+00:00,long,sell - take_profit,92645.2,95424.556,66918991017.96,2.95,1827.09
2024-11-27 16:00:00+00:00,long,buy,95610.4,,66885531522.45,-0.05,1827.04
2024-11-28 03:00:00+00:00,long,sell - direction_change,95610.4,95763.9,66959471730.6,0.11,1827.15
2024-11-28 03:00:00+00:00,short,buy,95763.9,,66925991994.73,-0.05,1827.1
2024-11-28 13:00:00+00:00,short,sell - direction_change,95763.9,95546.5,67044462145.36,0.18,1827.28
2024-11-28 13:00:00+00:00,long,buy,95546.5,,67010939914.28,-0.05,1827.23
2024-11-28 14:00:00+00:00,long,sell - direction_change,95546.5,95773.4,67136569339.55,0.19,1827.42
2024-11-28 14:00:00+00:00,short,buy,95773.4,,67103001054.88,-0.05,1827.37
2024-11-28 18:00:00+00:00,short,sell - direction_change,95773.4,94927.3,67662263939.06,0.83,1828.2
2024-11-28 18:00:00+00:00,long,buy,94927.3,,67628432807.09,-0.05,1828.15
2024-11-28 19:00:00+00:00,long,sell - direction_change,94927.3,95362.9,67904950237.44,0.41,1828.56
2024-11-28 19:00:00+00:00,short,buy,95362.9,,67870997762.32,-0.05,1828.51
2024-11-28 22:00:00+00:00,short,sell - direction_change,95362.9,95193.3,67957768756.44,0.13,1828.64
2024-11-28 22:00:00+00:00,long,buy,95193.3,,67923789872.06,-0.05,1828.59
2024-11-29 14:55:00+00:00,long,sell - take_profit,95193.3,98049.099,69927541673.28,2.95,1831.54
2024-11-29 15:00:00+00:00,long,buy,98082.0,,69892577902.45,-0.05,1831.49
2024-11-29 17:20:00+00:00,long,sell - stop_loss,98082.0,97101.18,69158705834.47,-1.05,1830.44
2024-11-29 18:00:00+00:00,long,buy,97028.1,,69124126481.55,-0.05,1830.39
2024-11-30 00:00:00+00:00,long,sell - direction_change,97028.1,97516.2,69437293438.42,0.45,1830.84
2024-11-30 00:00:00+00:00,short,buy,97516.2,,69402574791.7,-0.05,1830.79
2024-11-30 16:00:00+00:00,short,sell - direction_change,97516.2,96707.4,69943498913.12,0.78,1831.57
2024-11-30 16:00:00+00:00,long,buy,96707.4,,69908527163.67,-0.05,1831.52
2024-11-30 22:00:00+00:00,long,sell - direction_change,96707.4,96845.6,69973475890.49,0.09,1831.61
2024-11-30 22:00:00+00:00,short,buy,96845.6,,69938489152.54,-0.05,1831.56
2024-12-01 08:00:00+00:00,short,sell - direction_change,96845.6,96525.4,70134757096.09,0.28,1831.84
2024-12-01 08:00:00+00:00,long,buy,96525.4,,70099689717.54,-0.05,1831.79
2024-12-02 03:00:00+00:00,long,sell - direction_change,96525.4,97730.6,70939892873.94,1.2,1832.99
2024-12-02 03:00:00+00:00,short,buy,97730.6,,70904422927.51,-0.05,1832.94
2024-12-02 15:00:00+00:00,short,sell - direction_change,97730.6,96374.2,71853051027.21,1.34,1834.28
2024-12-02 15:00:00+00:00,long,buy,96374.2,,71817124501.7,-0.05,1834.23
2024-12-02 16:00:00+00:00,long,sell - direction_change,96374.2,97106.6,72326993356.9,0.71,1834.94
2024-12-02 16:00:00+00:00,short,buy,97106.6,,72290829860.22,-0.05,1834.89
2024-12-02 18:00:00+00:00,short,sell - direction_change,97106.6,94650.9,74082825796.01,2.48,1837.37
2024-12-02 18:00:00+00:00,long,buy,94650.9,,74045784383.11,-0.05,1837.32
2024-12-02 21:00:00+00:00,long,sell - direction_change,94650.9,95735.0,74856857334.17,1.1,1838.41
2024-12-02 21:00:00+00:00,short,buy,95735.0,,74819428905.5,-0.05,1838.36
2024-12-02 23:00:00+00:00,short,sell - direction_change,95735.0,95434.3,75017024176.39,0.26,1838.63
2024-12-02 23:00:00+00:00,long,buy,95434.3,,74979515664.31,-0.05,1838.58
2024-12-03 00:00:00+00:00,long,sell - direction_change,95434.3,95890.6,75300525450.11,0.43,1839.01
2024-12-03 00:00:00+00:00,short,buy,95890.6,,75262875187.39,-0.05,1838.96
2024-12-03 02:00:00+00:00,short,sell - direction_change,95890.6,95591.5,75460002172.09,0.26,1839.22
2024-12-03 02:00:00+00:00,long,buy,95591.5,,75422272171.0,-0.05,1839.17
2024-12-03 06:00:00+00:00,long,sell - direction_change,95591.5,96215.3,75876743011.14,0.6,1839.77
2024-12-03 06:00:00+00:00,short,buy,96215.3,,75838804639.63,-0.05,1839.72
2024-12-03 07:00:00+00:00,short,sell - direction_change,96215.3,95701.2,76206109037.12,0.48,1840.21
2024-12-03 07:00:00+00:00,long,buy,95701.2,,76168005982.6,-0.05,1840.16
2024-12-03 09:00:00+00:00,long,sell - direction_change,95701.2,95585.7,76037996228.51,-0.17,1839.98
2024-12-03 09:00:00+00:00,short,buy,95585.7,,75999977230.4,-0.05,1839.93
2024-12-03 14:00:00+00:00,short,sell - direction_change,95585.7,93775.0,77401660779.92,1.84,1841.78
2024-12-03 14:00:00+00:00,long,buy,93775.0,,77362959949.53,-0.05,1841.73
2024-12-03 16:00:00+00:00,long,sell - direction_change,93775.0,95744.7,78949251247.08,2.05,1843.78
2024-12-03 16:00:00+00:00,short,buy,95744.7,,78909776621.45,-0.05,1843.73
2024-12-03 17:00:00+00:00,short,sell - direction_change,95744.7,95175.3,79339603341.51,0.54,1844.27
2024-12-03 17:00:00+00:00,long,buy,95175.3,,79299933539.84,-0.05,1844.22
2024-12-04 13:00:00+00:00,long,sell - direction_change,95175.3,96037.9,79979000747.28,0.86,1845.08
2024-12-04 13:00:00+00:00,short,buy,96037.9,,79939011246.91,-0.05,1845.03
2024-12-04 18:00:00+00:00,short,sell - direction_change,96037.9,95609.7,80255462327.49,0.4,1845.43
2024-12-04 18:00:00+00:00,long,buy,95609.7,,80215334596.33,-0.05,1845.38
2024-12-04 20:17:00+00:00,long,sell - take_profit,95609.7,98477.991,82581686966.92,2.95,1848.33
2024-12-04 21:00:00+00:00,long,buy,98803.5,,82540396123.44,-0.05,1848.28
2024-12-04 21:47:00+00:00,long,sell - stop_loss,98803.5,97815.465,81673721964.14,-1.05,1847.23
2024-12-04 22:00:00+00:00,long,buy,97779.4,,81632885103.16,-0.05,1847.18
2024-12-05 02:33:00+00:00,long,sell - take_profit,97779.4,100712.78199999999,84041055213.7,2.95,1850.13
2024-12-05 03:00:00+00:00,long,buy,101540.7,,83999034686.1,-0.05,1850.08
2024-12-05 03:08:00+00:00,long,sell - take_profit,101540.7,104586.921,86477006209.34,2.95,1853.03
2024-12-05 04:00:00+00:00,long,buy,103084.7,,86433767706.23,-0.05,1852.98
2024-12-05 05:46:00+00:00,long,sell - stop_loss,103084.7,102053.853,85526213145.32,-1.05,1851.93
2024-12-05 06:00:00+00:00,long,buy,102591.7,,85483450038.74,-0.05,1851.88
2024-12-05 06:21:00+00:00,long,sell - stop_loss,102591.7,101565.783,84585873813.34,-1.05,1850.83
2024-12-05 07:00:00+00:00,long,buy,101960.8,,84543580876.43,-0.05,1850.78
2024-12-05 15:00:00+00:00,long,sell - direction_change,101960.8,103600.0,85860496516.58,1.56,1852.33
2024-12-05 15:00:00+00:00,short,buy,103600.0,,85817566268.32,-0.05,1852.28
2024-12-05 18:55:00+00:00,short,sell - take_profit,103600.0,100492.0,88349184473.24,2.95,1855.23
2024-12-05 19:00:00+00:00,short,buy,100258.3,,88305009881.0,-0.05,1855.18
2024-12-05 22:26:00+00:00,short,sell - take_profit,100258.3,97250.551,90910007672.49,2.95,1858.13
2024-12-05 23:00:00+00:00,short,buy,96616.6,,90864552668.65,-0.05,1858.08
2024-12-06 00:41:00+00:00,short,sell - stop_loss,96616.6,97582.766,89910474865.63,-1.05,1857.03
2024-12-06 01:00:00+00:00,short,buy,97614.6,,89865519628.2,-0.05,1856.98
2024-12-06 01:46:00+00:00,short,sell - stop_loss,97614.6,98590.74600000001,88921931672.1,-1.05,1855.93
2024-12-06 02:00:00+00:00,short,buy,98175.0,,88877470706.27,-0.05,1855.88
2024-12-06 07:00:00+00:00,short,sell - direction_change,98175.0,98137.0,88867433232.81,-0.01,1855.87
2024-12-06 07:00:00+00:00,long,buy,98137.0,,88822999516.2,-0.05,1855.82
2024-12-06 11:00:00+00:00,long,sell - direction_change,98137.0,98193.3,88829544687.96,0.01,1855.83
2024-12-06 11:00:00+00:00,short,buy,98193.3,,88785129915.61,-0.05,1855.78
2024-12-06 12:00:00+00:00,short,sell - direction_change,98193.3,98127.4,88800323290.44,0.02,1855.8
2024-12-06 12:00:00+00:00,long,buy,98127.4,,88755923128.8,-0.05,1855.75
2024-12-06 17:49:00+00:00,long,sell - take_profit,98127.4,101071.222,91374222861.1,2.95,1858.7
2024-12-06 18:00:00+00:00,long,buy,100915.1,,91328535749.67,-0.05,1858.65
2024-12-06 23:21:00+00:00,long,sell - stop_loss,100915.1,99905.94900000001,90369586124.29,-1.05,1857.6
2024-12-07 00:00:00+00:00,long,buy,99802.5,,90324401331.23,-0.05,1857.55
2024-12-07 03:00:00+00:00,long,sell - direction_change,99802.5,100008.0,90465223093.63,0.16,1857.7
2024-12-07 03:00:00+00:00,short,buy,100008.0,,90419990482.08,-0.05,1857.65
2024-12-07 15:00:00+00:00,short,sell - direction_change,100008.0,99527.8,90808942548.17,0.43,1858.08
2024-12-07 15:00:00+00:00,long,buy,99527.8,,90763538076.9,-0.05,1858.03
2024-12-08 04:00:00+00:00,long,sell - direction_change,99527.8,99996.7,91145765709.5,0.42,1858.45
2024-12-08 04:00:00+00:00,short,buy,99996.7,,91100192826.64,-0.05,1858.4
2024-12-08 12:00:00+00:00,short,sell - direction_change,99996.7,99755.2,91274656956.37,0.19,1858.6
2024-12-08 12:00:00+00:00,long,buy,99755.2,,91229019627.9,-0.05,1858.55
2024-12-08 14:00:00+00:00,long,sell - direction_change,99755.2,100479.9,91846164257.7,0.68,1859.22
2024-12-08 14:00:00+00:00,short,buy,100479.9,,91800241175.57,-0.05,1859.17
2024-12-08 15:00:00+00:00,short,sell - direction_change,100479.9,99802.6,92373134498.73,0.62,1859.8
2024-12-08 15:00:00+00:00,long,buy,99802.6,,92326947931.48,-0.05,1859.75
2024-12-09 00:00:00+00:00,long,sell - direction_change,99802.6,101200.1,93573605583.76,1.35,1861.1
2024-12-09 00:00:00+00:00,short,buy,101200.1,,93526818780.97,-0.05,1861.05
2024-12-09 11:40:00+00:00,short,sell - take_profit,101200.1,98164.09700000001,96285859935.0,2.95,1864.0
2024-12-09 12:00:00+00:00,short,buy,98157.5,,96237717005.04,-0.05,1863.95
2024-12-09 13:28:00+00:00,short,sell - stop_loss,98157.5,99139.075,95227220976.48,-1.05,1862.9
2024-12-09 14:00:00+00:00,long,buy,99063.5,,95179607366.0,-0.05,1862.85
2024-12-09 15:00:00+00:00,long,sell - direction_change,99063.5,100207.4,96231069714.38,1.1,1863.95
2024-12-09 15:00:00+00:00,short,buy,100207.4,,96182954179.52,-0.05,1863.9
2024-12-09 19:41:00+00:00,short,sell - take_profit,100207.4,97201.17799999999,99020351327.82,2.95,1866.85
2024-12-09 20:00:00+00:00,short,buy,97126.8,,98970841152.15,-0.05,1866.8
2024-12-09 21:05:00+00:00,short,sell - take_profit,97126.8,94212.996,101890480966.14,2.95,1869.75
2024-12-09 22:00:00+00:00,short,buy,96952.8,,101839535725.66,-0.05,1869.7
2024-12-10 00:34:00+00:00,short,sell - stop_loss,96952.8,97922.32800000001,100770220600.54,-1.05,1868.65
2024-12-10 01:00:00+00:00,long,buy,97911.9,,100719835490.24,-0.05,1868.6
2024-12-10 02:00:00+00:00,long,sell - direction_change,97911.9,97977.2,100736648257.91,0.02,1868.62
2024-12-10 02:00:00+00:00,short,buy,97977.2,,100686279933.78,-0.05,1868.57
2024-12-10 06:00:00+00:00,short,sell - direction_change,97977.2,96983.0,101657626528.88,0.96,1869.53
2024-12-10 06:00:00+00:00,long,buy,96983.0,,101606797715.61,-0.05,1869.48
2024-12-10 15:00:00+00:00,long,sell - direction_change,96983.0,97837.8,102451548080.69,0.83,1870.31
2024-12-10 15:00:00+00:00,short,buy,97837.8,,102400322306.65,-0.05,1870.26
2024-12-10 16:38:00+00:00,short,sell - take_profit,97837.8,94902.666,105421131814.69,2.95,1873.21
2024-12-10 17:00:00+00:00,short,buy,96358.0,,105368421248.79,-0.05,1873.16
2024-12-11 02:00:00+00:00,short,sell - direction_change,96358.0,95755.5,105974576717.3,0.58,1873.74
2024-12-11 02:00:00+00:00,long,buy,95755.5,,105921589428.94,-0.05,1873.69
2024-12-11 13:30:00+00:00,long,sell - take_profit,95755.5,98628.16500000001,109046276317.09,2.95,1876.64
2024-12-11 14:00:00+00:00,long,buy,98724.9,,108991753178.94,-0.05,1876.59
2024-12-11 22:03:00+00:00,long,sell - take_profit,98724.9,101686.647,112207009897.71,2.95,1879.54
2024-12-11 23:00:00+00:00,long,buy,101188.1,,112150906392.77,-0.05,1879.49
2024-12-12 06:00:00+00:00,long,sell - direction_change,101188.1,100588.1,111429826419.91,-0.64,1878.85
2024-12-12 06:00:00+00:00,short,buy,100588.1,,111374111506.7,-0.05,1878.8
2024-12-12 08:00:00+00:00,short,sell - direction_change,100588.1,100481.5,111436455115.47,0.06,1878.85
2024-12-12 08:00:00+00:00,long,buy,100481.5,,111380736887.92,-0.05,1878.8
2024-12-12 09:00:00+00:00,long,sell - direction_change,100481.5,100977.2,111874515140.81,0.44,1879.25
2024-12-12 09:00:00+00:00,short,buy,100977.2,,111818577883.24,-0.05,1879.2
2024-12-12 12:00:00+00:00,short,sell - direction_change,100977.2,100339.8,112468502797.89,0.58,1879.78
2024-12-12 12:00:00+00:00,long,buy,100339.8,,112412268546.49,-0.05,1879.73
2024-12-12 18:00:00+00:00,long,sell - direction_change,100339.8,101600.1,113767996480.75,1.21,1880.93
2024-12-12 18:00:00+00:00,short,buy,101600.1,,113711112482.51,-0.05,1880.88
2024-12-13 07:00:00+00:00,short,sell - direction_change,101600.1,99654.9,115831330137.82,1.86,1882.75
2024-12-13 07:00:00+00:00,long,buy,99654.9,,115773414472.75,-0.05,1882.7
2024-12-13 08:00:00+00:00,long,sell - direction_change,99654.9,100099.9,116232503543.33,0.4,1883.09
2024-12-13 08:00:00+00:00,short,buy,100099.9,,116174387291.55,-0.05,1883.04
2024-12-13 09:00:00+00:00,short,sell - direction_change,100099.9,100248.5,115943837248.78,-0.2,1882.85
2024-12-13 09:00:00+00:00,long,buy,100248.5,,115885865330.15,-0.05,1882.8
2024-12-13 15:00:00+00:00,long,sell - direction_change,100248.5,101000.0,116696645897.55,0.7,1883.5
2024-12-13 15:00:00+00:00,short,buy,101000.0,,116638297574.6,-0.05,1883.45
2024-12-13 16:00:00+00:00,short,sell - direction_change,101000.0,99831.0,117929980107.64,1.11,1884.55
2024-12-13 16:00:00+00:00,long,buy,99831.0,,117871015117.59,-0.05,1884.5
2024-12-14 12:00:00+00:00,long,sell - direction_change,99831.0,101562.6,119856589329.23,1.68,1886.19
2024-12-14 12:00:00+00:00,short,buy,101562.6,,119796661034.57,-0.05,1886.14
2024-12-14 23:00:00+00:00,short,sell - direction_change,101562.6,101095.2,120288077453.45,0.41,1886.55
2024-12-14 23:00:00+00:00,long,buy,101095.2,,120227933414.72,-0.05,1886.5
2024-12-15 23:20:00+00:00,long,sell - take_profit,101095.2,104128.056,123774657450.46,2.95,1889.45
2024-12-16 00:00:00+00:00,long,buy,104460.5,,123712770121.73,-0.05,1889.4
2024-12-16 11:00:00+00:00,long,sell - direction_change,104460.5,104660.5,123887774119.54,0.14,1889.54
2024-12-16 11:00:00+00:00,short,buy,104660.5,,123825830232.48,-0.05,1889.49
2024-12-16 14:00:00+00:00,short,sell - direction_change,104660.5,103859.6,124711477356.09,0.72,1890.2
2024-12-16 14:00:00+00:00,long,buy,103859.6,,124649121617.41,-0.05,1890.15
2024-12-16 16:37:00+00:00,long,sell - take_profit,103859.6,106975.388,128326270705.12,2.95,1893.1
2024-12-16 17:00:00+00:00,long,buy,106769.0,,128262107569.77,-0.05,1893.05
2024-12-16 21:05:00+00:00,long,sell - stop_loss,106769.0,105701.31,126915355440.29,-1.05,1892.0
2024-12-16 22:00:00+00:00,long,buy,106011.8,,126851897762.57,-0.05,1891.95
2024-12-17 15:00:00+00:00,long,sell - direction_change,106011.8,108220.2,129431005295.99,2.03,1893.99
2024-12-17 15:00:00+00:00,short,buy,108220.2,,129366289793.34,-0.05,1893.94
2024-12-17 16:00:00+00:00,short,sell - direction_change,108220.2,106429.9,131441728997.29,1.6,1895.54
2024-12-17 16:00:00+00:00,long,buy,106429.9,,131376008132.79,-0.05,1895.49
2024-12-17 18:00:00+00:00,long,sell - direction_change,106429.9,107458.4,132579890281.14,0.92,1896.41
2024-12-17 18:00:00+00:00,short,buy,107458.4,,132513600336.0,-0.05,1896.36
2024-12-18 04:14:00+00:00,short,sell - take_profit,107458.4,104234.64799999999,136422751545.91,2.95,1899.31
2024-12-18 05:00:00+00:00,short,buy,103836.4,,136354540170.14,-0.05,1899.26
2024-12-18 11:00:00+00:00,short,sell - direction_change,103836.4,104499.1,135416127089.0,-0.69,1898.57
2024-12-18 11:00:00+00:00,long,buy,104499.1,,135348419025.46,-0.05,1898.52
2024-12-18 16:19:00+00:00,long,sell - stop_loss,104499.1,103454.10900000001,133927260625.69,-1.05,1897.47
2024-12-18 17:00:00+00:00,long,buy,104154.2,,133860296995.38,-0.05,1897.42
2024-12-18 19:00:00+00:00,long,sell - direction_change,104154.2,104771.7,134586985667.77,0.54,1897.96
2024-12-18 19:00:00+00:00,short,buy,104771.7,,134519692174.94,-0.05,1897.91
2024-12-18 20:07:00+00:00,short,sell - take_profit,104771.7,101628.549,138488023094.1,2.95,1900.86
2024-12-18 21:00:00+00:00,short,buy,100839.3,,138418779082.55,-0.05,1900.81
2024-12-19 07:00:00+00:00,short,sell - direction_change,100839.3,101159.7,137909767187.26,-0.37,1900.44
2024-12-19 07:00:00+00:00,long,buy,101159.7,,137840812303.66,-0.05,1900.39
2024-12-19 15:00:00+00:00,long,sell - direction_change,101159.7,100908.1,137429060232.58,-0.3,1900.1
2024-12-19 15:00:00+00:00,short,buy,100908.1,,137360345702.46,-0.05,1900.05
2024-12-19 17:54:00+00:00,short,sell - take_profit,100908.1,97880.857,141412475900.68,2.95,1903.0
2024-12-19 18:00:00+00:00,short,buy,98810.8,,141341769662.73,-0.05,1902.95
2024-12-19 20:11:00+00:00,short,sell - take_profit,98810.8,95846.476,145511351867.78,2.95,1905.9
2024-12-19 21:00:00+00:00,short,buy,96409.7,,145438596191.85,-0.05,1905.85
2024-12-19 21:17:00+00:00,short,sell - stop_loss,96409.7,97373.79699999999,143911490931.83,-1.05,1904.8
2024-12-19 22:00:00+00:00,short,buy,97393.2,,143839535186.37,-0.05,1904.75
2024-12-19 22:56:00+00:00,short,sell - stop_loss,97393.2,98367.132,142329220066.91,-1.05,1903.7
2024-12-19 23:00:00+00:00,short,buy,98331.9,,142258055456.88,-0.05,1903.65
2024-12-20 06:00:00+00:00,short,sell - direction_change,98331.9,96715.3,144525682951.21,1.59,1905.24
2024-12-20 06:00:00+00:00,long,buy,96715.3,,144453420109.73,-0.05,1905.19
2024-12-20 08:00:00+00:00,long,sell - direction_change,96715.3,97826.1,146040277940.16,1.1,1906.29
2024-12-20 08:00:00+00:00,short,buy,97826.1,,145967257801.19,-0.05,1906.24
2024-12-20 09:48:00+00:00,short,sell - take_profit,97826.1,94891.31700000001,150273291906.32,2.95,1909.19
2024-12-20 10:00:00+00:00,short,buy,94812.1,,150198155260.37,-0.05,1909.14
2024-12-20 13:48:00+00:00,short,sell - stop_loss,94812.1,95760.221,148621074630.14,-1.05,1908.09
2024-12-20 14:00:00+00:00,short,buy,95188.0,,148546764092.82,-0.05,1908.04
2024-12-20 14:39:00+00:00,short,sell - stop_loss,95188.0,96139.88,146987023069.85,-1.05,1906.99
2024-12-20 15:00:00+00:00,long,buy,95606.1,,146913529558.31,-0.05,1906.94
2024-12-21 05:55:00+00:00,long,sell - take_profit,95606.1,98474.28300000001,151247478680.28,2.95,1909.89
2024-12-21 06:00:00+00:00,long,buy,98644.0,,151171854940.94,-0.05,1909.84
2024-12-21 12:00:00+00:00,long,sell - direction_change,98644.0,98225.4,150454764831.99,-0.47,1909.36
2024-12-21 12:00:00+00:00,short,buy,98225.4,,150379537449.57,-0.05,1909.31
2024-12-22 10:00:00+00:00,short,sell - direction_change,98225.4,96895.0,152341141999.05,1.3,1910.62
2024-12-22 10:00:00+00:00,long,buy,96895.0,,152264971428.05,-0.05,1910.57
2024-12-22 14:00:00+00:00,long,sell - direction_change,96895.0,96943.6,152265211073.11,0.0,1910.57
2024-12-22 14:00:00+00:00,short,buy,96943.6,,152189078467.57,-0.05,1910.52
2024-12-23 01:17:00+00:00,short,sell - take_profit,96943.6,94035.292,156678656282.36,2.95,1913.47
2024-12-23 02:00:00+00:00,short,buy,94431.0,,156600316954.22,-0.05,1913.42
2024-12-23 03:00:00+00:00,short,sell - direction_change,94431.0,94684.9,156100959934.39,-0.32,1913.1
2024-12-23 03:00:00+00:00,long,buy,94684.9,,156022909454.42,-0.05,1913.05
2024-12-23 06:00:00+00:00,long,sell - direction_change,94684.9,95572.8,157407990227.76,0.89,1913.94
2024-12-23 06:00:00+00:00,short,buy,95572.8,,157329286232.64,-0.05,1913.89
2024-12-23 07:00:00+00:00,short,sell - direction_change,95572.8,94783.7,158549616070.87,0.78,1914.66
2024-12-23 07:00:00+00:00,long,buy,94783.7,,158470341262.83,-0.05,1914.61
2024-12-23 13:00:00+00:00,long,sell - direction_change,94783.7,96258.3,160856512752.06,1.51,1916.12
2024-12-23 13:00:00+00:00,short,buy,96258.3,,160776084495.68,-0.05,1916.07
2024-12-23 15:25:00+00:00,short,sell - take_profit,96258.3,93370.551,165518978988.31,2.95,1919.02
2024-12-23 16:00:00+00:00,short,buy,93217.7,,165436219498.81,-0.05,1918.97
2024-12-23 16:48:00+00:00,short,sell - stop_loss,93217.7,94149.877,163699139194.07,-1.05,1917.92
2024-12-23 17:00:00+00:00,short,buy,93950.0,,163617289624.48,-0.05,1917.87
2024-12-23 22:00:00+00:00,short,sell - direction_change,93950.0,93936.1,163559688327.46,-0.04,1917.83
2024-12-23 22:00:00+00:00,long,buy,93936.1,,163477908483.3,-0.05,1917.78
2024-12-24 02:00:00+00:00,long,sell - direction_change,93936.1,94104.5,163689237686.97,0.13,1917.91
2024-12-24 02:00:00+00:00,short,buy,94104.5,,163607393068.13,-0.05,1917.86
2024-12-24 03:00:00+00:00,short,sell - direction_change,94104.5,93931.5,163826362225.19,0.13,1918.0
2024-12-24 03:00:00+00:00,long,buy,93931.5,,163744449044.07,-0.05,1917.95
2024-12-24 09:00:00+00:00,long,sell - direction_change,93931.5,94467.1,164596252177.74,0.52,1918.47
2024-12-24 09:00:00+00:00,short,buy,94467.1,,164513954051.65,-0.05,1918.42
2024-12-24 11:00:00+00:00,short,sell - direction_change,94467.1,93943.6,165343369550.51,0.5,1918.92
2024-12-24 11:00:00+00:00,long,buy,93943.6,,165260697865.73,-0.05,1918.87
2024-12-24 14:27:00+00:00,long,sell - take_profit,93943.6,96761.90800000001,170135888452.77,2.95,1921.82
2024-12-24 15:00:00+00:00,long,buy,97410.2,,170050820508.54,-0.05,1921.77
2024-12-25 03:00:00+00:00,long,sell - direction_change,97410.2,98100.1,171170166520.06,0.66,1922.43
2024-12-25 03:00:00+00:00,short,buy,98100.1,,171084581436.8,-0.05,1922.38
2024-12-25 04:00:00+00:00,short,sell - direction_change,98100.1,98000.1,171173437114.52,0.05,1922.43
2024-12-25 04:00:00+00:00,long,buy,98000.1,,171087850395.96,-0.05,1922.38
2024-12-25 06:00:00+00:00,long,sell - direction_change,98000.1,98239.9,171420947538.73,0.19,1922.58
2024-12-25 06:00:00+00:00,short,buy,98239.9,,171335237064.96,-0.05,1922.53
2024-12-25 08:00:00+00:00,short,sell - direction_change,98239.9,98049.8,171581113234.3,0.14,1922.67
2024-12-25 08:00:00+00:00,long,buy,98049.8,,171495322677.68,-0.05,1922.62
2024-12-25 11:00:00+00:00,long,sell - direction_change,98049.8,98405.0,172030842358.2,0.31,1922.93
2024-12-25 11:00:00+00:00,short,buy,98405.0,,171944826937.02,-0.05,1922.88
2024-12-25 12:00:00+00:00,short,sell - direction_change,98405.0,97888.4,172761518997.87,0.47,1923.36
2024-12-25 12:00:00+00:00,long,buy,97888.4,,172675138238.37,-0.05,1923.31
2024-12-26 04:00:00+00:00,long,sell - direction_change,97888.4,98957.7,174475045876.23,1.04,1924.35
2024-12-26 04:00:00+00:00,short,buy,98957.7,,174387808353.29,-0.05,1924.3
2024-12-26 08:26:00+00:00,short,sell - take_profit,98957.7,95988.969,179532248699.71,2.95,1927.25
2024-12-26 09:00:00+00:00,short,buy,95845.6,,179442482575.36,-0.05,1927.2
2024-12-26 19:00:00+00:00,short,sell - direction_change,95845.6,95707.9,179610563777.28,0.09,1927.29
2024-12-26 19:00:00+00:00,long,buy,95707.9,,179520758495.39,-0.05,1927.24
2024-12-26 20:00:00+00:00,long,sell - direction_change,95707.9,96064.8,180100440855.01,0.32,1927.57
2024-12-26 20:00:00+00:00,short,buy,96064.8,,180010390634.58,-0.05,1927.52
2024-12-26 21:00:00+00:00,short,sell - direction_change,96064.8,95564.4,180858056672.36,0.47,1927.99
2024-12-26 21:00:00+00:00,long,buy,95564.4,,180767627644.03,-0.05,1927.94
2024-12-26 23:00:00+00:00,long,sell - direction_change,95564.4,95790.8,181105497352.42,0.19,1928.12
2024-12-26 23:00:00+00:00,short,buy,95790.8,,181014944603.75,-0.05,1928.07
2024-12-27 02:00:00+00:00,short,sell - direction_change,95790.8,95886.6,180743404801.69,-0.15,1927.92
2024-12-27 02:00:00+00:00,long,buy,95886.6,,180653033099.29,-0.05,1927.87
2024-12-27 07:00:00+00:00,long,sell - direction_change,95886.6,96565.6,181841961551.36,0.66,1928.53
2024-12-27 07:00:00+00:00,short,buy,96565.6,,181751040570.59,-0.05,1928.48
2024-12-27 09:00:00+00:00,short,sell - direction_change,96565.6,95697.8,183293495687.79,0.85,1929.33
2024-12-27 09:00:00+00:00,long,buy,95697.8,,183201848939.95,-0.05,1929.28
2024-12-27 14:00:00+00:00,long,sell - direction_change,95697.8,96385.1,184426000632.32,0.67,1929.95
2024-12-27 14:00:00+00:00,short,buy,96385.1,,184333787632.01,-0.05,1929.9
2024-12-27 17:23:00+00:00,short,sell - take_profit,96385.1,93493.547,189771634367.15,2.95,1932.85
2024-12-27 18:00:00+00:00,short,buy,94268.5,,189676748549.97,-0.05,1932.8
2024-12-28 03:00:00+00:00,short,sell - direction_change,94268.5,94295.6,189527382524.51,-0.08,1932.72
2024-12-28 03:00:00+00:00,long,buy,94295.6,,189432618833.24,-0.05,1932.67
2024-12-28 04:00:00+00:00,long,sell - direction_change,94295.6,94550.6,189850177940.73,0.22,1932.89
2024-12-28 04:00:00+00:00,short,buy,94550.6,,189755252851.76,-0.05,1932.84
2024-12-28 08:00:00+00:00,short,sell - direction_change,94550.6,94334.6,190093869403.23,0.18,1933.02
2024-12-28 08:00:00+00:00,long,buy,94334.6,,189998822468.53,-0.05,1932.97
2024-12-28 15:00:00+00:00,long,sell - direction_change,94334.6,94540.5,190318525166.02,0.17,1933.14
2024-12-28 15:00:00+00:00,short,buy,94540.5,,190223365903.44,-0.05,1933.09
2024-12-28 16:00:00+00:00,short,sell - direction_change,94540.5,94407.8,190395257680.97,0.09,1933.18
2024-12-28 16:00:00+00:00,long,buy,94407.8,,190300060052.13,-0.05,1933.13
2024-12-29 08:00:00+00:00,long,sell - direction_change,94407.8,95233.3,191868890112.44,0.82,1933.95
2024-12-29 08:00:00+00:00,short,buy,95233.3,,191772955667.39,-0.05,1933.9
2024-12-29 09:00:00+00:00,short,sell - direction_change,95233.3,95088.8,191968051357.49,0.1,1934.0
2024-12-29 09:00:00+00:00,long,buy,95088.8,,191872067331.81,-0.05,1933.95
2024-12-29 12:00:00+00:00,long,sell - direction_change,95088.8,94986.2,191569102982.42,-0.16,1933.8
2024-12-29 12:00:00+00:00,short,buy,94986.2,,191473318430.93,-0.05,1933.75
2024-12-30 02:00:00+00:00,short,sell - direction_change,94986.2,93899.9,193567346872.45,1.09,1934.84
2024-12-30 02:00:00+00:00,long,buy,93899.9,,193470563199.01,-0.05,1934.79
2024-12-30 03:00:00+00:00,long,sell - direction_change,93899.9,93869.7,193311604091.74,-0.08,1934.71
2024-12-30 03:00:00+00:00,short,buy,93869.7,,193214948289.69,-0.05,1934.66
2024-12-30 05:00:00+00:00,short,sell - direction_change,93869.7,93234.5,194425792902.36,0.63,1935.28
2024-12-30 05:00:00+00:00,long,buy,93234.5,,194328580005.91,-0.05,1935.23
2024-12-30 12:00:00+00:00,long,sell - direction_change,93234.5,93900.1,195618725165.22,0.66,1935.9
2024-12-30 12:00:00+00:00,short,buy,93900.1,,195520915802.64,-0.05,1935.85
2024-12-30 17:00:00+00:00,short,sell - direction_change,93900.1,92085.5,199201556579.83,1.88,1937.73
2024-12-30 17:00:00+00:00,long,buy,92085.5,,199101955801.54,-0.05,1937.68
2024-12-30 20:17:00+00:00,long,sell - take_profit,92085.5,94848.065,204975463497.69,2.95,1940.63
2024-12-30 21:00:00+00:00,short,buy,94318.1,,204872975765.94,-0.05,1940.58
2024-12-31 07:00:00+00:00,short,sell - direction_change,94318.1,92782.0,208107177506.29,1.58,1942.16
2024-12-31 07:00:00+00:00,long,buy,92782.0,,208003123917.53,-0.05,1942.11
2024-12-31 13:28:00+00:00,long,sell - take_profit,92782.0,95565.46,214139216073.1,2.95,1945.06
2024-12-31 14:00:00+00:00,long,buy,95567.4,,214032146465.06,-0.05,1945.01
2024-12-31 16:32:00+00:00,long,sell - stop_loss,95567.4,94611.726,211784808927.18,-1.05,1943.96
2024-12-31 17:00:00+00:00,long,buy,94832.8,,211678916522.72,-0.05,1943.91
2024-12-31 17:35:00+00:00,long,sell - stop_loss,94832.8,93884.47200000001,209456287899.23,-1.05,1942.86
2024-12-31 18:00:00+00:00,short,buy,94082.8,,209351559755.28,-0.05,1942.81
2024-12-31 19:00:00+00:00,short,sell - direction_change,94082.8,93865.2,209731084056.63,0.18,1942.99
2024-12-31 19:00:00+00:00,long,buy,93865.2,,209626218514.61,-0.05,1942.94
2024-12-31 20:00:00+00:00,long,sell - direction_change,93865.2,94155.8,210170393306.09,0.26,1943.2
2024-12-31 20:00:00+00:00,short,buy,94155.8,,210065308109.43,-0.05,1943.15
2025-01-01 00:00:00+00:00,short,sell - direction_change,94155.8,93548.8,211314516426.43,0.59,1943.74
2025-01-01 00:00:00+00:00,long,buy,93548.8,,211208859168.22,-0.05,1943.69
2025-01-01 01:00:00+00:00,long,sell - direction_change,93548.8,94363.6,212942861216.22,0.82,1944.52
2025-01-01 01:00:00+00:00,short,buy,94363.6,,212836389785.61,-0.05,1944.47
2025-01-01 13:00:00+00:00,short,sell - direction_change,94363.6,93788.4,214027330862.78,0.56,1945.03
2025-01-01 13:00:00+00:00,long,buy,93788.4,,213920317197.35,-0.05,1944.98
2025-01-02 09:56:00+00:00,long,sell - take_profit,93788.4,96602.052,220230966554.67,2.95,1947.93
2025-01-02 10:00:00+00:00,long,buy,96721.9,,220120851071.39,-0.05,1947.88
2025-01-03 00:00:00+00:00,long,sell - direction_change,96721.9,96967.6,220569957629.84,0.2,1948.08
2025-01-03 00:00:00+00:00,short,buy,96967.6,,220459672651.02,-0.05,1948.03
2025-01-03 01:00:00+00:00,short,sell - direction_change,96967.6,96800.0,220730488041.52,0.12,1948.15
2025-01-03 01:00:00+00:00,long,buy,96800.0,,220620122797.5,-0.05,1948.1
2025-01-03 04:00:00+00:00,long,sell - direction_change,96800.0,97019.1,221009170885.94,0.18,1948.28
2025-01-03 04:00:00+00:00,short,buy,97019.1,,220898666300.5,-0.05,1948.23
2025-01-03 14:00:00+00:00,short,sell - direction_change,97019.1,96464.0,222052100570.31,0.52,1948.75
2025-01-03 14:00:00+00:00,long,buy,96464.0,,221941074520.02,-0.05,1948.7
2025-01-04 04:00:00+00:00,long,sell - direction_change,96464.0,98149.3,225707584627.24,1.7,1950.4
2025-01-04 04:00:00+00:00,short,buy,98149.3,,225594730834.92,-0.05,1950.35
2025-01-04 06:00:00+00:00,short,sell - direction_change,98149.3,98087.3,225624439562.89,0.01,1950.36
2025-01-04 06:00:00+00:00,long,buy,98087.3,,225511627343.11,-0.05,1950.31
2025-01-04 08:00:00+00:00,long,sell - direction_change,98087.3,98244.2,225759598905.26,0.11,1950.42
2025-01-04 08:00:00+00:00,short,buy,98244.2,,225646719105.81,-0.05,1950.37
2025-01-04 14:00:00+00:00,short,sell - direction_change,98244.2,97924.3,226268640244.57,0.28,1950.65
2025-01-04 14:00:00+00:00,long,buy,97924.3,,226155505924.45,-0.05,1950.6
2025-01-04 15:00:00+00:00,long,sell - direction_change,97924.3,97992.0,226198780861.79,0.02,1950.62
2025-01-04 15:00:00+00:00,short,buy,97992.0,,226085681471.36,-0.05,1950.57
2025-01-04 19:00:00+00:00,short,sell - direction_change,97992.0,97931.9,226111300454.62,0.01,1950.58
2025-01-04 19:00:00+00:00,long,buy,97931.9,,225998244804.39,-0.05,1950.53
2025-01-05 07:00:00+00:00,long,sell - direction_change,97931.9,98412.9,226995253307.19,0.44,1950.97
2025-01-05 07:00:00+00:00,short,buy,98412.9,,226881755680.54,-0.05,1950.92
2025-01-05 16:00:00+00:00,short,sell - direction_change,98412.9,97987.1,227749956961.08,0.38,1951.3
2025-01-05 16:00:00+00:00,long,buy,97987.1,,227636081982.6,-0.05,1951.25
2025-01-05 17:00:00+00:00,long,sell - direction_change,97987.1,97995.6,227542010486.79,-0.04,1951.21
2025-01-05 17:00:00+00:00,short,buy,97995.6,,227428239481.54,-0.05,1951.16
2025-01-05 18:00:00+00:00,short,sell - direction_change,97995.6,97695.1,228011925918.2,0.26,1951.42
2025-01-05 18:00:00+00:00,long,buy,97695.1,,227897919955.24,-0.05,1951.37
2025-01-06 14:49:00+00:00,long,sell - take_profit,97695.1,100625.95300000001,234620908593.92,2.95,1954.32
2025-01-06 15:00:00+00:00,long,buy,100702.0,,234503598139.62,-0.05,1954.27
2025-01-07 04:00:00+00:00,long,sell - direction_change,100702.0,101661.4,236620490171.41,0.9,1955.17
2025-01-07 04:00:00+00:00,short,buy,101661.4,,236502179926.32,-0.05,1955.12
2025-01-07 05:00:00+00:00,short,sell - direction_change,101661.4,101610.8,236501643232.43,-0.0,1955.12
2025-01-07 05:00:00+00:00,long,buy,101610.8,,236383392410.81,-0.05,1955.07
2025-01-07 09:00:00+00:00,long,sell - direction_change,101610.8,101862.1,236849815209.45,0.2,1955.27
2025-01-07 09:00:00+00:00,short,buy,101862.1,,236731390301.85,-0.05,1955.22
2025-01-07 15:07:00+00:00,short,sell - take_profit,101862.1,98806.23700000001,243714966315.75,2.95,1958.17
2025-01-07 16:00:00+00:00,short,buy,97915.4,,243593108832.59,-0.05,1958.12
2025-01-07 22:00:00+00:00,short,sell - direction_change,97915.4,96475.7,247052985832.96,1.42,1959.54
2025-01-07 22:00:00+00:00,long,buy,96475.7,,246929459340.05,-0.05,1959.49
2025-01-07 23:00:00+00:00,long,sell - direction_change,96475.7,97128.8,248477603418.55,0.63,1960.11
2025-01-07 23:00:00+00:00,short,buy,97128.8,,248353364616.84,-0.05,1960.06
2025-01-08 05:00:00+00:00,short,sell - direction_change,97128.8,96248.9,250479047147.52,0.86,1960.92
2025-01-08 05:00:00+00:00,long,buy,96248.9,,250353807623.95,-0.05,1960.87
2025-01-08 06:00:00+00:00,long,sell - direction_change,96248.9,96454.7,250763938797.52,0.16,1961.03
2025-01-08 06:00:00+00:00,short,buy,96454.7,,250638556828.12,-0.05,1960.98
2025-01-08 17:23:00+00:00,short,sell - take_profit,96454.7,93561.059,258032394254.55,2.95,1963.93
2025-01-08 18:00:00+00:00,short,buy,93974.8,,257903378057.42,-0.05,1963.88
2025-01-08 18:27:00+00:00,short,sell - stop_loss,93974.8,94914.54800000001,255195392587.82,-1.05,1962.83
2025-01-08 19:00:00+00:00,short,buy,94206.1,,255067794891.52,-0.05,1962.78
2025-01-08 22:00:00+00:00,short,sell - direction_change,94206.1,94422.8,254353534750.73,-0.28,1962.5
2025-01-08 22:00:00+00:00,long,buy,94422.8,,254226357983.36,-0.05,1962.45
2025-01-08 23:00:00+00:00,long,sell - direction_change,94422.8,95247.8,256320495872.29,0.82,1963.28
2025-01-08 23:00:00+00:00,short,buy,95247.8,,256192335624.35,-0.05,1963.23
2025-01-09 00:00:00+00:00,short,sell - direction_change,95247.8,95014.0,256693101940.18,0.2,1963.42
2025-01-09 00:00:00+00:00,long,buy,95014.0,,256564755389.21,-0.05,1963.37
2025-01-09 01:00:00+00:00,long,sell - direction_change,95014.0,95111.1,256698670558.7,0.05,1963.42
2025-01-09 01:00:00+00:00,short,buy,95111.1,,256570321223.42,-0.05,1963.37
2025-01-09 04:00:00+00:00,short,sell - direction_change,95111.1,93985.0,259479787058.54,1.13,1964.51
2025-01-09 04:00:00+00:00,long,buy,93985.0,,259350047165.01,-0.05,1964.46
2025-01-09 07:00:00+00:00,long,sell - direction_change,93985.0,94060.9,259429816931.34,0.03,1964.49
2025-01-09 07:00:00+00:00,short,buy,94060.9,,259300102022.87,-0.05,1964.44
2025-01-09 15:00:00+00:00,short,sell - direction_change,94060.9,92811.0,262616083445.92,1.28,1965.72
2025-01-09 15:00:00+00:00,long,buy,92811.0,,262484775404.19,-0.05,1965.67
2025-01-09 17:00:00+00:00,long,sell - direction_change,92811.0,94210.2,266310700784.81,1.46,1967.13
2025-01-09 17:00:00+00:00,short,buy,94210.2,,266177545434.42,-0.05,1967.08
2025-01-09 20:21:00+00:00,short,sell - take_profit,94210.2,91383.894,274029783024.74,2.95,1970.03
2025-01-09 21:00:00+00:00,short,buy,91856.7,,273892768133.22,-0.05,1969.98
2025-01-09 23:00:00+00:00,short,sell - direction_change,91856.7,92415.8,272088731088.78,-0.66,1969.32
2025-01-09 23:00:00+00:00,long,buy,92415.8,,271952686723.23,-0.05,1969.27
2025-01-10 00:00:00+00:00,long,sell - direction_change,92415.8,92506.0,272082142614.86,0.05,1969.31
2025-01-10 00:00:00+00:00,short,buy,92506.0,,271946101543.55,-0.05,1969.26
2025-01-10 02:00:00+00:00,short,sell - direction_change,92506.0,93056.1,270192962574.26,-0.64,1968.62
2025-01-10 02:00:00+00:00,long,buy,93056.1,,270057866092.97,-0.05,1968.57
2025-01-10 15:00:00+00:00,long,sell - direction_change,93056.1,94078.1,272888780705.24,1.05,1969.62
2025-01-10 15:00:00+00:00,short,buy,94078.1,,272752336314.88,-0.05,1969.57
2025-01-10 17:00:00+00:00,short,sell - direction_change,94078.1,93614.9,273958875045.95,0.44,1970.01
2025-01-10 17:00:00+00:00,long,buy,93614.9,,273821895608.43,-0.05,1969.96
2025-01-11 03:00:00+00:00,long,sell - direction_change,93614.9,94371.2,275897148532.5,0.76,1970.72
2025-01-11 03:00:00+00:00,short,buy,94371.2,,275759199958.23,-0.05,1970.67
2025-01-11 11:00:00+00:00,short,sell - direction_change,94371.2,94443.6,275409762530.47,-0.13,1970.54
2025-01-11 11:00:00+00:00,long,buy,94443.6,,275272057649.21,-0.05,1970.49
2025-01-11 15:00:00+00:00,long,sell - direction_change,94443.6,94568.1,275497298206.8,0.08,1970.57
2025-01-11 15:00:00+00:00,short,buy,94568.1,,275359549557.7,-0.05,1970.52
2025-01-11 16:00:00+00:00,short,sell - direction_change,94568.1,94365.9,275810627523.86,0.16,1970.69
2025-01-11 16:00:00+00:00,long,buy,94365.9,,275672722210.09,-0.05,1970.64
2025-01-11 17:00:00+00:00,long,sell - direction_change,94365.9,94410.1,275664008067.1,-0.0,1970.63
2025-01-11 17:00:00+00:00,short,buy,94410.1,,275526176063.06,-0.05,1970.58
2025-01-11 18:00:00+00:00,short,sell - direction_change,94410.1,94116.5,276245254407.17,0.26,1970.84
2025-01-11 18:00:00+00:00,long,buy,94116.5,,276107131779.96,-0.05,1970.79
2025-01-11 19:00:00+00:00,long,sell - direction_change,94116.5,94234.2,276314371647.32,0.08,1970.87
2025-01-11 19:00:00+00:00,short,buy,94234.2,,276176214461.5,-0.05,1970.82
2025-01-11 20:00:00+00:00,short,sell - direction_change,94234.2,94206.5,276119307933.15,-0.02,1970.8
2025-01-11 20:00:00+00:00,long,buy,94206.5,,275981248279.18,-0.05,1970.75
2025-01-12 00:00:00+00:00,long,sell - direction_change,94206.5,94562.4,276885879196.69,0.33,1971.08
2025-01-12 00:00:00+00:00,short,buy,94562.4,,276747436257.09,-0.05,1971.03
2025-01-12 01:00:00+00:00,short,sell - direction_change,94562.4,94411.3,277051273582.87,0.11,1971.14
2025-01-12 01:00:00+00:00,long,buy,94411.3,,276912747946.07,-0.05,1971.09
2025-01-12 06:00:00+00:00,long,sell - direction_change,94411.3,94517.5,277085781127.19,0.06,1971.15
2025-01-12 06:00:00+00:00,short,buy,94517.5,,276947238236.62,-0.05,1971.1
2025-01-12 13:00:00+00:00,short,sell - direction_change,94517.5,94292.1,277469212762.01,0.19,1971.29
2025-01-12 13:00:00+00:00,long,buy,94292.1,,277330478155.63,-0.05,1971.24
2025-01-12 22:00:00+00:00,long,sell - direction_change,94292.1,94300.8,277217401223.1,-0.04,1971.2
2025-01-12 22:00:00+00:00,short,buy,94300.8,,277078792522.49,-0.05,1971.15
2025-01-13 00:00:00+00:00,short,sell - direction_change,94300.8,94499.9,276355248676.73,-0.26,1970.89
2025-01-13 00:00:00+00:00,long,buy,94499.9,,276217071052.39,-0.05,1970.84
2025-01-13 01:00:00+00:00,long,sell - direction_change,94499.9,95274.7,278343652602.8,0.77,1971.61
2025-01-13 01:00:00+00:00,short,buy,95274.7,,278204480776.5,-0.05,1971.56
2025-01-13 03:00:00+00:00,short,sell - direction_change,95274.7,94164.0,281308650011.1,1.12,1972.67
2025-01-13 03:00:00+00:00,long,buy,94164.0,,281167995686.09,-0.05,1972.62
2025-01-13 04:00:00+00:00,long,sell - direction_change,94164.0,94215.4,281180888972.33,0.0,1972.63
2025-01-13 04:00:00+00:00,short,buy,94215.4,,281040298527.85,-0.05,1972.58
2025-01-13 10:51:00+00:00,short,sell - take_profit,94215.4,91388.938,289330987334.42,2.95,1975.53
2025-01-13 11:00:00+00:00,short,buy,91607.3,,289186321840.75,-0.05,1975.48
2025-01-13 15:18:00+00:00,short,sell - stop_loss,91607.3,92523.373,286149865461.42,-1.05,1974.43
2025-01-13 16:00:00+00:00,short,buy,92093.7,,286006790528.69,-0.05,1974.38
2025-01-13 18:00:00+00:00,short,sell - direction_change,92093.7,91942.5,286333354831.63,0.11,1974.49
2025-01-13 18:00:00+00:00,long,buy,91942.5,,286190188154.21,-0.05,1974.44
2025-01-14 00:18:00+00:00,long,sell - take_profit,91942.5,94700.77500000001,294632798704.76,2.95,1977.39
2025-01-14 01:00:00+00:00,long,buy,94439.3,,294485482305.41,-0.05,1977.34
2025-01-14 09:51:00+00:00,long,sell - take_profit,94439.3,97272.479,303172804033.42,2.95,1980.29
2025-01-14 10:00:00+00:00,long,buy,97129.9,,303021217631.4,-0.05,1980.24
2025-01-14 12:20:00+00:00,long,sell - stop_loss,97129.9,96158.601,299839494846.27,-1.05,1979.19
2025-01-14 13:00:00+00:00,long,buy,95953.5,,299689575098.85,-0.05,1979.14
2025-01-15 11:00:00+00:00,long,sell - direction_change,95953.5,96889.0,302461558045.62,0.92,1980.07
2025-01-15 11:00:00+00:00,short,buy,96889.0,,302310327266.6,-0.05,1980.02
2025-01-15 12:00:00+00:00,short,sell - direction_change,96889.0,96725.5,302669320195.19,0.12,1980.13
2025-01-15 12:00:00+00:00,long,buy,96725.5,,302517985535.1,-0.05,1980.08
2025-01-15 15:00:00+00:00,long,sell - take_profit,96725.5,99627.265,311442266108.38,2.95,1983.03
2025-01-15 16:00:00+00:00,long,buy,98943.3,,311286544975.33,-0.05,1982.98
2025-01-16 05:00:00+00:00,long,sell - direction_change,98943.3,99573.0,313112007420.67,0.59,1983.57
2025-01-16 05:00:00+00:00,short,buy,99573.0,,312955451416.96,-0.05,1983.52
2025-01-16 06:00:00+00:00,short,sell - direction_change,99573.0,99345.1,313515257697.74,0.18,1983.7
2025-01-16 06:00:00+00:00,long,buy,99345.1,,313358500068.89,-0.05,1983.65
2025-01-16 08:00:00+00:00,long,sell - direction_change,99345.1,99756.5,314499476032.13,0.36,1984.01
2025-01-16 08:00:00+00:00,short,buy,99756.5,,314342226294.11,-0.05,1983.96
2025-01-16 10:00:00+00:00,short,sell - direction_change,99756.5,99106.1,316234527485.85,0.6,1984.57
2025-01-16 10:00:00+00:00,long,buy,99106.1,,316076410222.1,-0.05,1984.52
2025-01-16 11:00:00+00:00,long,sell - direction_change,99106.1,99165.1,316106539124.8,0.01,1984.52
2025-01-16 11:00:00+00:00,short,buy,99165.1,,315948485855.24,-0.05,1984.47
2025-01-16 12:00:00+00:00,short,sell - direction_change,99165.1,99107.1,315975304570.51,0.01,1984.48
2025-01-16 12:00:00+00:00,long,buy,99107.1,,315817316918.23,-0.05,1984.43
2025-01-16 13:00:00+00:00,long,sell - direction_change,99107.1,99336.0,316388827078.83,0.18,1984.61
2025-01-16 13:00:00+00:00,short,buy,99336.0,,316230632665.29,-0.05,1984.56
2025-01-16 15:00:00+00:00,short,sell - direction_change,99336.0,97586.7,321641316633.42,1.71,1986.28
2025-01-16 15:00:00+00:00,long,buy,97586.7,,321480495975.1,-0.05,1986.23
2025-01-16 20:03:00+00:00,long,sell - take_profit,97586.7,100514.301,330964170606.37,2.95,1989.18
2025-01-16 21:00:00+00:00,long,buy,100305.3,,330798688521.07,-0.05,1989.13
2025-01-17 14:59:00+00:00,long,sell - take_profit,100305.3,103314.459,340557249832.44,2.95,1992.08
2025-01-17 15:00:00+00:00,long,buy,103321.9,,340386971207.52,-0.05,1992.03
2025-01-18 03:00:00+00:00,long,sell - direction_change,103321.9,104289.8,343405458431.74,0.89,1992.91
2025-01-18 03:00:00+00:00,short,buy,104289.8,,343233755702.52,-0.05,1992.86
2025-01-18 13:00:00+00:00,short,sell - direction_change,104289.8,103407.5,345965923688.16,0.8,1993.66
2025-01-18 13:00:00+00:00,long,buy,103407.5,,345792940726.32,-0.05,1993.61
2025-01-18 16:00:00+00:00,long,sell - direction_change,103407.5,104517.1,349330527992.91,1.02,1994.63
2025-01-18 16:00:00+00:00,short,buy,104517.1,,349155862728.92,-0.05,1994.58
2025-01-18 17:00:00+00:00,short,sell - direction_change,104517.1,103209.0,353351199232.95,1.2,1995.78
2025-01-18 17:00:00+00:00,long,buy,103209.0,,353174523633.33,-0.05,1995.73
2025-01-19 11:00:00+00:00,long,sell - direction_change,103209.0,104818.8,358506567868.24,1.51,1997.24
2025-01-19 11:00:00+00:00,short,buy,104818.8,,358327314584.3,-0.05,1997.19
2025-01-19 12:00:00+00:00,short,sell - direction_change,104818.8,104353.8,359737772266.71,0.39,1997.59
2025-01-19 12:00:00+00:00,long,buy,104353.8,,359557903380.58,-0.05,1997.54
2025-01-19 21:00:00+00:00,long,sell - direction_change,104353.8,106291.3,366053908519.16,1.81,1999.34
2025-01-19 21:00:00+00:00,short,buy,106291.3,,365870881564.9,-0.05,1999.29
2025-01-19 22:04:00+00:00,short,sell - take_profit,106291.3,103102.561,376664072571.07,2.95,2002.24
2025-01-19 23:00:00+00:00,short,buy,103396.8,,376475740534.78,-0.05,2002.19
2025-01-19 23:29:00+00:00,short,sell - take_profit,103396.8,100294.896,387581774880.56,2.95,2005.14
2025-01-20 00:00:00+00:00,short,buy,101311.5,,387387983993.12,-0.05,2005.09
2025-01-20 04:44:00+00:00,short,sell - stop_loss,101311.5,102324.615,383320410161.19,-1.05,2004.04
2025-01-20 05:00:00+00:00,short,buy,102195.3,,383128749956.11,-0.05,2003.99
2025-01-20 06:00:00+00:00,short,sell - direction_change,102195.3,102330.2,382431447368.42,-0.18,2003.81
2025-01-20 06:00:00+00:00,long,buy,102330.2,,382240231644.74,-0.05,2003.76
2025-01-20 06:45:00+00:00,long,sell - take_profit,102330.2,105400.106,393516318478.26,2.95,2006.71
2025-01-20 07:00:00+00:00,long,buy,107551.3,,393319560319.02,-0.05,2006.66
2025-01-20 12:17:00+00:00,long,sell - stop_loss,107551.3,106475.787,389189704935.67,-1.05,2005.61
2025-01-20 13:00:00+00:00,long,buy,106957.2,,388995110083.2,-0.05,2005.56
2025-01-20 15:46:00+00:00,long,sell - stop_loss,106957.2,105887.628,384910661427.33,-1.05,2004.51
2025-01-20 16:00:00+00:00,long,buy,105001.3,,384718206096.61,-0.05,2004.46
2025-01-20 16:13:00+00:00,long,sell - stop_loss,105001.3,103951.287,380678664932.6,-1.05,2003.41
2025-01-20 17:00:00+00:00,short,buy,106685.1,,380488325600.13,-0.05,2003.36
2025-01-20 17:05:00+00:00,short,sell - take_profit,106685.1,103484.547,391712731205.34,2.95,2006.31
2025-01-20 18:00:00+00:00,short,buy,102943.5,,391516874839.74,-0.05,2006.26
2025-01-20 18:10:00+00:00,short,sell - stop_loss,102943.5,103972.935,387405947653.92,-1.05,2005.21
2025-01-20 19:00:00+00:00,short,buy,103907.1,,387212244680.09,-0.05,2005.16
2025-01-21 01:29:00+00:00,short,sell - take_profit,103907.1,100789.887,398635005898.15,2.95,2008.11
2025-01-21 02:00:00+00:00,short,buy,101496.8,,398435688395.2,-0.05,2008.06
2025-01-21 02:25:00+00:00,short,sell - stop_loss,101496.8,102511.76800000001,394252113667.06,-1.05,2007.01
2025-01-21 03:00:00+00:00,short,buy,102546.0,,394054987610.22,-0.05,2006.96
2025-01-21 09:00:00+00:00,short,sell - direction_change,102546.0,102436.8,394277584525.43,0.06,2007.02
2025-01-21 09:00:00+00:00,long,buy,102436.8,,394080445733.17,-0.05,2006.97
2025-01-21 16:10:00+00:00,long,sell - take_profit,102436.8,105509.90400000001,405705818882.3,2.95,2009.92
2025-01-21 17:00:00+00:00,long,buy,104955.6,,405502965972.86,-0.05,2009.87
2025-01-22 04:00:00+00:00,long,sell - direction_change,104955.6,105588.1,407743920456.76,0.55,2010.42
2025-01-22 04:00:00+00:00,short,buy,105588.1,,407540048496.53,-0.05,2010.37
2025-01-22 05:00:00+00:00,short,sell - direction_change,105588.1,105554.3,407466736863.32,-0.02,2010.35
2025-01-22 05:00:00+00:00,long,buy,105554.3,,407263003494.89,-0.05,2010.3
2025-01-22 06:00:00+00:00,long,sell - direction_change,105554.3,105674.8,407524300394.17,0.06,2010.37
2025-01-22 06:00:00+00:00,short,buy,105674.8,,407320538243.98,-0.05,2010.32
2025-01-23 02:04:00+00:00,short,sell - take_profit,105674.8,102504.556,419336494122.17,2.95,2013.27
2025-01-23 03:00:00+00:00,short,buy,102625.3,,419126825875.11,-0.05,2013.22
2025-01-23 13:00:00+00:00,short,sell - direction_change,102625.3,101599.7,423105863836.47,0.95,2014.17
2025-01-23 13:00:00+00:00,long,buy,101599.7,,422894310904.55,-0.05,2014.12
2025-01-23 14:37:00+00:00,long,sell - take_profit,101599.7,104647.691,435369693076.24,2.95,2017.07
2025-01-23 15:00:00+00:00,long,buy,105167.7,,435152008229.7,-0.05,2017.02
2025-01-23 15:07:00+00:00,long,sell - stop_loss,105167.7,104116.023,430582912143.29,-1.05,2015.97
2025-01-23 16:00:00+00:00,long,buy,105235.2,,430367620687.22,-0.05,2015.92
2025-01-23 17:02:00+00:00,long,sell - stop_loss,105235.2,104182.848,425848760670.0,-1.05,2014.87
2025-01-23 18:00:00+00:00,long,buy,105899.5,,425635836289.67,-0.05,2014.82
2025-01-23 19:05:00+00:00,long,sell - stop_loss,105899.5,104840.505,421166660008.62,-1.05,2013.77
2025-01-23 20:00:00+00:00,long,buy,103713.7,,420956076678.62,-0.05,2013.72
2025-01-23 20:56:00+00:00,long,sell - stop_loss,103713.7,102676.563,416536037873.49,-1.05,2012.67
2025-01-23 21:00:00+00:00,long,buy,103218.8,,416327769854.56,-0.05,2012.62
2025-01-23 21:19:00+00:00,long,sell - stop_loss,103218.8,102186.61200000001,411956328271.08,-1.05,2011.57
2025-01-23 22:00:00+00:00,long,buy,103025.1,,411750350106.95,-0.05,2011.52
2025-01-24 00:00:00+00:00,long,sell - direction_change,103025.1,103864.0,414897224589.06,0.76,2012.28
2025-01-24 00:00:00+00:00,short,buy,103864.0,,414689775976.77,-0.05,2012.23
2025-01-24 03:00:00+00:00,short,sell - direction_change,103864.0,102968.3,418058623343.48,0.81,2013.04
2025-01-24 03:00:00+00:00,long,buy,102968.3,,417849594031.81,-0.05,2012.99
2025-01-24 14:44:00+00:00,long,sell - take_profit,102968.3,106057.349,430176157055.75,2.95,2015.94
2025-01-24 15:00:00+00:00,long,buy,105722.6,,429961068977.22,-0.05,2015.89
2025-01-24 20:00:00+00:00,long,sell - direction_change,105722.6,105726.7,429762762648.46,-0.05,2015.85
2025-01-24 20:00:00+00:00,short,buy,105726.7,,429547881267.14,-0.05,2015.8
2025-01-25 01:00:00+00:00,short,sell - direction_change,105726.7,104371.0,434841063808.96,1.23,2017.03
2025-01-25 01:00:00+00:00,long,buy,104371.0,,434623643277.06,-0.05,2016.98
2025-01-25 02:00:00+00:00,long,sell - direction_change,104371.0,104690.0,435734717139.24,0.26,2017.23
2025-01-25 02:00:00+00:00,short,buy,104690.0,,435516849780.67,-0.05,2017.18
2025-01-25 03:00:00+00:00,short,sell - direction_change,104690.0,104520.3,436005053810.72,0.11,2017.3
2025-01-25 03:00:00+00:00,long,buy,104520.3,,435787051283.81,-0.05,2017.25
2025-01-25 04:00:00+00:00,long,sell - direction_change,104520.3,105153.9,438210890279.92,0.56,2017.8
2025-01-25 04:00:00+00:00,short,buy,105153.9,,437991784834.78,-0.05,2017.75
2025-01-25 12:00:00+00:00,short,sell - direction_change,105153.9,104626.9,439967873200.85,0.45,2018.2
2025-01-25 12:00:00+00:00,long,buy,104626.9,,439747889264.25,-0.05,2018.15
2025-01-25 13:00:00+00:00,long,sell - direction_change,104626.9,104699.8,439834414736.28,0.02,2018.17
2025-01-25 13:00:00+00:00,short,buy,104699.8,,439614497528.91,-0.05,2018.12
2025-01-25 15:00:00+00:00,short,sell - direction_change,104699.8,104551.1,440019053228.14,0.09,2018.21
2025-01-25 15:00:00+00:00,long,buy,104551.1,,439799043701.53,-0.05,2018.16
2025-01-26 01:00:00+00:00,long,sell - direction_change,104551.1,104562.4,439626678152.96,-0.04,2018.13
2025-01-26 01:00:00+00:00,short,buy,104562.4,,439406864813.88,-0.05,2018.08
2025-01-26 02:00:00+00:00,short,sell - direction_change,104562.4,104572.4,439145137971.07,-0.06,2018.02
2025-01-26 02:00:00+00:00,long,buy,104572.4,,438925565402.08,-0.05,2017.97
2025-01-26 09:00:00+00:00,long,sell - direction_change,104572.4,105000.0,440500883763.98,0.36,2018.33
2025-01-26 09:00:00+00:00,short,buy,105000.0,,440280633322.1,-0.05,2018.28
2025-01-26 11:00:00+00:00,short,sell - direction_change,105000.0,104664.6,441466875142.74,0.27,2018.54
2025-01-26 11:00:00+00:00,long,buy,104664.6,,441246141705.17,-0.05,2018.49
2025-01-26 16:00:00+00:00,long,sell - direction_change,104664.6,104920.0,442102236689.81,0.19,2018.69
2025-01-26 16:00:00+00:00,short,buy,104920.0,,441881185571.47,-0.05,2018.64
2025-01-26 17:00:00+00:00,short,sell - direction_change,104920.0,104890.1,441786171851.05,-0.02,2018.62
2025-01-26 17:00:00+00:00,long,buy,104890.1,,441565278765.12,-0.05,2018.57
2025-01-26 21:00:00+00:00,long,sell - direction_change,104890.1,104914.7,441448056956.15,-0.03,2018.54
2025-01-26 21:00:00+00:00,short,buy,104914.7,,441227332927.67,-0.05,2018.49
2025-01-27 00:58:00+00:00,short,sell - take_profit,104914.7,101767.25899999999,454243539249.04,2.95,2021.44
2025-01-27 01:00:00+00:00,short,buy,101670.7,,454016417479.41,-0.05,2021.39
2025-01-27 07:18:00+00:00,short,sell - take_profit,101670.7,98620.579,467409901795.05,2.95,2024.34
2025-01-27 08:00:00+00:00,short,buy,98996.3,,467176196844.16,-0.05,2024.29
2025-01-27 12:00:00+00:00,short,sell - direction_change,98996.3,98700.1,468340414416.3,0.25,2024.54
2025-01-27 12:00:00+00:00,long,buy,98700.1,,468106244209.09,-0.05,2024.49
2025-01-27 14:48:00+00:00,long,sell - take_profit,98700.1,101661.103,481915378413.26,2.95,2027.44
2025-01-27 15:00:00+00:00,long,buy,101862.7,,481674420724.06,-0.05,2027.39
2025-01-27 15:20:00+00:00,long,sell - stop_loss,101862.7,100844.07299999999,476616839306.45,-1.05,2026.34
2025-01-27 16:00:00+00:00,long,buy,101070.8,,476378530886.8,-0.05,2026.29
2025-01-27 16:36:00+00:00,long,sell - stop_loss,101070.8,100060.092,471376556312.49,-1.05,2025.24
2025-01-27 17:00:00+00:00,long,buy,99708.0,,471140868034.33,-0.05,2025.19
2025-01-28 00:06:00+00:00,long,sell - take_profit,99708.0,102699.24,485039523641.35,2.95,2028.14
2025-01-28 01:00:00+00:00,long,buy,101812.5,,484797003879.53,-0.05,2028.09
2025-01-28 16:00:00+00:00,long,sell - direction_change,101812.5,102730.6,488926289888.44,0.85,2028.94
2025-01-28 16:00:00+00:00,short,buy,102730.6,,488681826743.5,-0.05,2028.89
2025-01-28 17:00:00+00:00,short,sell - direction_change,102730.6,102211.8,490905378860.19,0.46,2029.35
2025-01-28 17:00:00+00:00,long,buy,102211.8,,490659926170.76,-0.05,2029.3
2025-01-28 18:00:00+00:00,long,sell - direction_change,102211.8,102525.3,491919528973.31,0.26,2029.55
2025-01-28 18:00:00+00:00,short,buy,102525.3,,491673569208.83,-0.05,2029.5
2025-01-28 19:00:00+00:00,short,sell - direction_change,102525.3,102161.0,493174781018.69,0.31,2029.81
2025-01-28 19:00:00+00:00,long,buy,102161.0,,492928193628.19,-0.05,2029.76
2025-01-28 20:00:00+00:00,long,sell - direction_change,102161.0,102368.7,493683884813.88,0.15,2029.91
2025-01-28 20:00:00+00:00,short,buy,102368.7,,493437042871.47,-0.05,2029.86
2025-01-29 03:00:00+00:00,short,sell - direction_change,102368.7,101744.9,496197161667.92,0.56,2030.42
2025-01-29 03:00:00+00:00,long,buy,101744.9,,495949063087.09,-0.05,2030.37
2025-01-29 04:00:00+00:00,long,sell - direction_change,101744.9,101994.1,496915798152.99,0.19,2030.57
2025-01-29 04:00:00+00:00,short,buy,101994.1,,496667340253.92,-0.05,2030.52
2025-01-29 05:00:00+00:00,short,sell - direction_change,101994.1,101956.5,496602102390.25,-0.01,2030.5
2025-01-29 05:00:00+00:00,long,buy,101956.5,,496353801339.05,-0.05,2030.45
2025-01-29 13:00:00+00:00,long,sell - direction_change,101956.5,102189.9,497241883305.96,0.18,2030.63
2025-01-29 13:00:00+00:00,short,buy,102189.9,,496993262364.31,-0.05,2030.58
2025-01-29 14:00:00+00:00,short,sell - direction_change,102189.9,101788.7,498695973209.22,0.34,2030.92
2025-01-29 14:00:00+00:00,long,buy,101788.7,,498446625222.61,-0.05,2030.87
2025-01-29 15:00:00+00:00,long,sell - direction_change,101788.7,101990.2,499184122390.59,0.15,2031.02
2025-01-29 15:00:00+00:00,short,buy,101990.2,,498934530329.39,-0.05,2030.97
2025-01-29 17:00:00+00:00,short,sell - direction_change,101990.2,102057.3,498356810869.55,-0.12,2030.86
2025-01-29 17:00:00+00:00,long,buy,102057.3,,498107632464.12,-0.05,2030.81
2025-01-30 03:47:00+00:00,long,sell - take_profit,102057.3,105119.019,512801807621.81,2.95,2033.76
2025-01-30 04:00:00+00:00,long,buy,105155.6,,512545406718.0,-0.05,2033.71
2025-01-30 20:00:00+00:00,long,sell - direction_change,105155.6,105659.9,514747173801.47,0.43,2034.14
2025-01-30 20:00:00+00:00,short,buy,105659.9,,514489800214.57,-0.05,2034.09
2025-01-30 22:00:00+00:00,short,sell - direction_change,105659.9,104996.4,517463336173.07,0.58,2034.66
2025-01-30 22:00:00+00:00,long,buy,104996.4,,517204604504.98,-0.05,2034.61
2025-01-30 23:00:00+00:00,long,sell - direction_change,104996.4,105041.9,517170131882.46,-0.01,2034.61
2025-01-30 23:00:00+00:00,short,buy,105041.9,,516911546816.52,-0.05,2034.56
2025-01-31 11:00:00+00:00,short,sell - direction_change,105041.9,104249.1,520554462536.93,0.7,2035.26
2025-01-31 11:00:00+00:00,long,buy,104249.1,,520294185305.66,-0.05,2035.21
2025-01-31 18:00:00+00:00,long,sell - direction_change,104249.1,104538.9,521480393672.21,0.23,2035.44
2025-01-31 18:00:00+00:00,short,buy,104538.9,,521219653475.37,-0.05,2035.39
2025-02-01 05:00:00+00:00,short,sell - direction_change,104538.9,102271.0,532266547861.1,2.12,2037.51
2025-02-01 05:00:00+00:00,long,buy,102271.0,,532000414587.17,-0.05,2037.46
2025-02-01 06:00:00+00:00,long,sell - direction_change,102271.0,102445.0,532639539705.12,0.12,2037.58
2025-02-01 06:00:00+00:00,short,buy,102445.0,,532373219935.27,-0.05,2037.53
2025-02-01 17:00:00+00:00,short,sell - direction_change,102445.0,101860.0,535147087341.23,0.52,2038.05
2025-02-01 17:00:00+00:00,long,buy,101860.0,,534879513797.56,-0.05,2038.0
2025-02-01 18:00:00+00:00,long,sell - direction_change,101860.0,102219.0,536497227638.28,0.3,2038.3
2025-02-01 18:00:00+00:00,short,buy,102219.0,,536228979024.46,-0.05,2038.25
2025-02-02 03:57:00+00:00,short,sell - take_profit,102219.0,99152.43,552047733905.68,2.95,2041.2
2025-02-02 04:00:00+00:00,short,buy,99160.8,,551771710038.73,-0.05,2041.15
2025-02-02 05:38:00+00:00,short,sell - stop_loss,99160.8,100152.40800000001,545978107083.32,-1.05,2040.1
2025-02-02 06:00:00+00:00,short,buy,100212.0,,545705118029.78,-0.05,2040.05
2025-02-02 17:50:00+00:00,short,sell - take_profit,100212.0,97205.64,561803419011.66,2.95,2043.0
2025-02-02 18:00:00+00:00,short,buy,97204.0,,561522517302.15,-0.05,2042.95
2025-02-02 19:39:00+00:00,short,sell - stop_loss,97204.0,98176.04,555626530870.48,-1.05,2041.9
2025-02-02 20:00:00+00:00,short,buy,98232.0,,555348717605.05,-0.05,2041.85
2025-02-03 01:21:00+00:00,short,sell - take_profit,98232.0,95285.04,571731504774.4,2.95,2044.8
2025-02-03 02:00:00+00:00,short,buy,93408.4,,571445639022.01,-0.05,2044.75
2025-02-03 02:16:00+00:00,short,sell - stop_loss,93408.4,94342.484,565445459812.28,-1.05,2043.7
2025-02-03 03:00:00+00:00,short,buy,93539.2,,565162737082.37,-0.05,2043.65
2025-02-03 03:11:00+00:00,short,sell - stop_loss,93539.2,94474.592,559228528343.01,-1.05,2042.6
2025-02-03 04:00:00+00:00,short,buy,94001.6,,558948914078.83,-0.05,2042.55
2025-02-03 07:48:00+00:00,short,sell - stop_loss,94001.6,94941.61600000001,553079950481.01,-1.05,2041.5
2025-02-03 08:00:00+00:00,short,buy,95271.1,,552803410505.77,-0.05,2041.45
2025-02-03 10:00:00+00:00,short,sell - direction_change,95271.1,95227.2,552781735257.13,-0.0,2041.45
2025-02-03 10:00:00+00:00,long,buy,95227.2,,552505344389.5,-0.05,2041.4
2025-02-03 14:03:00+00:00,long,sell - stop_loss,95227.2,94274.928,546704038273.41,-1.05,2040.35
2025-02-03 15:00:00+00:00,long,buy,96540.3,,546430686254.28,-0.05,2040.3
2025-02-03 15:50:00+00:00,long,sell - take_profit,96540.3,99436.509,562550391498.78,2.95,2043.25
2025-02-03 16:00:00+00:00,long,buy,98802.8,,562269116303.03,-0.05,2043.2
2025-02-03 19:56:00+00:00,long,sell - take_profit,98802.8,101766.884,578856055233.97,2.95,2046.15
2025-02-03 20:00:00+00:00,long,buy,101831.9,,578566627206.35,-0.05,2046.1
2025-02-04 01:13:00+00:00,long,sell - stop_loss,101831.9,100813.58099999999,572491677620.69,-1.05,2045.05
2025-02-04 02:00:00+00:00,long,buy,101340.3,,572205431781.87,-0.05,2045.0
2025-02-04 04:09:00+00:00,long,sell - stop_loss,101340.3,100326.897,566197274748.17,-1.05,2043.95
2025-02-04 05:00:00+00:00,short,buy,100008.6,,565914176110.79,-0.05,2043.9
2025-02-04 14:00:00+00:00,short,sell - direction_change,100008.6,98967.5,571522444864.8,0.99,2044.89
2025-02-04 14:00:00+00:00,long,buy,98967.5,,571236683642.37,-0.05,2044.84
2025-02-04 15:00:00+00:00,long,sell - direction_change,98967.5,99942.9,576581037374.46,0.94,2045.78
2025-02-04 15:00:00+00:00,short,buy,99942.9,,576292746855.77,-0.05,2045.73
2025-02-04 17:00:00+00:00,short,sell - direction_change,99942.9,99020.6,581322785170.05,0.87,2046.6
2025-02-04 17:00:00+00:00,long,buy,99020.6,,581032123777.47,-0.05,2046.55
2025-02-04 19:00:00+00:00,long,sell - direction_change,99020.6,99374.4,582817631950.86,0.31,2046.86
2025-02-04 19:00:00+00:00,short,buy,99374.4,,582526223134.89,-0.05,2046.81
2025-02-04 19:18:00+00:00,short,sell - stop_loss,99374.4,100368.144,576409697791.97,-1.05,2045.76
2025-02-04 20:00:00+00:00,short,buy,98812.0,,576121492943.08,-0.05,2045.71
2025-02-05 11:00:00+00:00,short,sell - direction_change,98812.0,97691.7,582365320110.46,1.08,2046.79
2025-02-05 11:00:00+00:00,long,buy,97691.7,,582074137450.41,-0.05,2046.74
2025-02-05 15:00:00+00:00,long,sell - direction_change,97691.7,98250.8,585114372641.75,0.52,2047.26
2025-02-05 15:00:00+00:00,short,buy,98250.8,,584821815455.43,-0.05,2047.21
2025-02-06 04:00:00+00:00,short,sell - direction_change,98250.8,97305.6,590155552934.97,0.91,2048.12
2025-02-06 04:00:00+00:00,long,buy,97305.6,,589860475158.5,-0.05,2048.07
2025-02-06 15:00:00+00:00,long,sell - direction_change,97305.6,97797.1,592544987250.46,0.46,2048.53
2025-02-06 15:00:00+00:00,short,buy,97797.1,,592248714756.83,-0.05,2048.48
2025-02-06 20:00:00+00:00,short,sell - direction_change,97797.1,95946.0,603162652823.45,1.84,2050.32
2025-02-06 20:00:00+00:00,long,buy,95946.0,,602861071497.04,-0.05,2050.27
2025-02-06 21:00:00+00:00,long,sell - direction_change,95946.0,96884.2,608454667927.28,0.93,2051.2
2025-02-06 21:00:00+00:00,short,buy,96884.2,,608150440593.32,-0.05,2051.15
2025-02-07 01:00:00+00:00,short,sell - direction_change,96884.2,96460.9,610503455811.95,0.39,2051.54
2025-02-07 01:00:00+00:00,long,buy,96460.9,,610198204084.04,-0.05,2051.49
2025-02-07 06:00:00+00:00,long,sell - direction_change,96460.9,97305.9,615238457165.64,0.83,2052.31
2025-02-07 06:00:00+00:00,short,buy,97305.9,,614930837937.06,-0.05,2052.26
2025-02-07 08:00:00+00:00,short,sell - direction_change,97305.9,96705.0,618420798373.22,0.57,2052.83
2025-02-07 08:00:00+00:00,long,buy,96705.0,,618111587974.03,-0.05,2052.78
2025-02-07 14:15:00+00:00,long,sell - take_profit,96705.0,99606.15000000001,636345879819.26,2.95,2055.73
2025-02-07 15:00:00+00:00,long,buy,99672.6,,636027706879.35,-0.05,2055.68
2025-02-07 15:05:00+00:00,long,sell - stop_loss,99672.6,98675.87400000001,629349415957.12,-1.05,2054.63
2025-02-07 16:00:00+00:00,long,buy,98257.1,,629034741249.14,-0.05,2054.58
2025-02-07 17:18:00+00:00,long,sell - stop_loss,98257.1,97274.52900000001,622429876466.03,-1.05,2053.53
2025-02-07 18:00:00+00:00,long,buy,97378.0,,622118661527.79,-0.05,2053.48
2025-02-07 19:00:00+00:00,long,sell - direction_change,97378.0,97699.9,623864124174.74,0.28,2053.76
2025-02-07 19:00:00+00:00,short,buy,97699.9,,623552192112.66,-0.05,2053.71
2025-02-08 07:00:00+00:00,short,sell - direction_change,97699.9,95951.3,634400543745.78,1.74,2055.45
2025-02-08 07:00:00+00:00,long,buy,95951.3,,634083343473.91,-0.05,2055.4
2025-02-08 08:00:00+00:00,long,sell - direction_change,95951.3,96153.4,635101856856.83,0.16,2055.56
2025-02-08 08:00:00+00:00,short,buy,96153.4,,634784305928.4,-0.05,2055.51
2025-02-08 16:00:00+00:00,short,sell - direction_change,96153.4,95798.0,636813189022.35,0.32,2055.83
2025-02-08 16:00:00+00:00,long,buy,95798.0,,636494782427.84,-0.05,2055.78
2025-02-09 11:00:00+00:00,long,sell - direction_change,95798.0,96731.1,642376176798.29,0.92,2056.71
2025-02-09 11:00:00+00:00,short,buy,96731.1,,642054988709.89,-0.05,2056.66
2025-02-09 23:00:00+00:00,short,sell - direction_change,96731.1,95779.8,648048237707.37,0.93,2057.59
2025-02-09 23:00:00+00:00,long,buy,95779.8,,647724213588.52,-0.05,2057.54
2025-02-10 01:00:00+00:00,long,sell - direction_change,95779.8,96677.7,653472525065.1,0.89,2058.43
2025-02-10 01:00:00+00:00,short,buy,96677.7,,653145788802.57,-0.05,2058.38
2025-02-10 03:00:00+00:00,short,sell - direction_change,96677.7,95764.4,658989388025.56,0.89,2059.27
2025-02-10 03:00:00+00:00,long,buy,95764.4,,658659893331.55,-0.05,2059.22
2025-02-10 18:00:00+00:00,long,sell - direction_change,95764.4,97455.0,669958375136.08,1.72,2060.94
2025-02-10 18:00:00+00:00,short,buy,97455.0,,669623395948.51,-0.05,2060.89
2025-02-10 21:00:00+00:00,short,sell - direction_change,97455.0,97297.6,670370095948.47,0.11,2061.0
2025-02-10 21:00:00+00:00,long,buy,97297.6,,670034910900.5,-0.05,2060.95
2025-02-11 13:00:00+00:00,long,sell - direction_change,97297.6,97726.2,672651425269.18,0.39,2061.34
2025-02-11 13:00:00+00:00,short,buy,97726.2,,672315099556.55,-0.05,2061.29
2025-02-12 04:00:00+00:00,short,sell - direction_change,97726.2,95251.4,689004523768.7,2.48,2063.77
2025-02-12 04:00:00+00:00,long,buy,95251.4,,688660021506.81,-0.05,2063.72
2025-02-12 10:00:00+00:00,long,sell - direction_change,95251.4,96101.7,694463292647.19,0.84,2064.56
2025-02-12 10:00:00+00:00,short,buy,96101.7,,694116061000.87,-0.05,2064.51
2025-02-12 11:00:00+00:00,short,sell - direction_change,96101.7,95947.2,694884913837.97,0.11,2064.62
2025-02-12 11:00:00+00:00,long,buy,95947.2,,694537471381.05,-0.05,2064.57
2025-02-12 13:00:00+00:00,long,sell - direction_change,95947.2,95952.3,694227120253.21,-0.04,2064.53
2025-02-12 13:00:00+00:00,short,buy,95952.3,,693880006693.08,-0.05,2064.48
2025-02-12 14:00:00+00:00,short,sell - direction_change,95952.3,94918.0,701012617371.92,1.03,2065.51
2025-02-12 14:00:00+00:00,long,buy,94918.0,,700662111063.24,-0.05,2065.46
2025-02-12 15:00:00+00:00,long,sell - direction_change,94918.0,95582.9,705219913740.47,0.65,2066.11
2025-02-12 15:00:00+00:00,short,buy,95582.9,,704867303783.6,-0.05,2066.06
2025-02-12 16:00:00+00:00,short,sell - direction_change,95582.9,95762.0,703194113656.35,-0.24,2065.82
2025-02-12 16:00:00+00:00,long,buy,95762.0,,702842516599.53,-0.05,2065.77
2025-02-13 06:00:00+00:00,long,sell - direction_change,95762.0,96628.8,708852949661.19,0.86,2066.63
2025-02-13 06:00:00+00:00,short,buy,96628.8,,708498523186.36,-0.05,2066.58
2025-02-13 09:00:00+00:00,short,sell - direction_change,96628.8,95888.1,713575210210.06,0.72,2067.29
2025-02-13 09:00:00+00:00,long,buy,95888.1,,713218422604.95,-0.05,2067.24
2025-02-13 10:00:00+00:00,long,sell - direction_change,95888.1,96205.0,715218924631.89,0.28,2067.52
2025-02-13 10:00:00+00:00,short,buy,96205.0,,714861315169.58,-0.05,2067.47
2025-02-13 18:00:00+00:00,short,sell - direction_change,96205.0,95659.0,718560994621.47,0.52,2067.99
2025-02-13 18:00:00+00:00,long,buy,95659.0,,718201714124.16,-0.05,2067.94
2025-02-13 19:00:00+00:00,long,sell - direction_change,95659.0,95935.1,719915554582.29,0.24,2068.18
2025-02-13 19:00:00+00:00,short,buy,95935.1,,719555596805.0,-0.05,2068.13
2025-02-13 20:00:00+00:00,short,sell - direction_change,95935.1,95587.9,721799972264.48,0.31,2068.44
2025-02-13 20:00:00+00:00,long,buy,95587.9,,721439072278.35,-0.05,2068.39
2025-02-14 17:51:00+00:00,long,sell - take_profit,95587.9,98455.537,742721524910.56,2.95,2071.34
2025-02-14 18:00:00+00:00,long,buy,98487.8,,742350164148.1,-0.05,2071.29
2025-02-14 20:50:00+00:00,long,sell - stop_loss,98487.8,97502.922,734555487424.55,-1.05,2070.24
2025-02-14 21:00:00+00:00,long,buy,97135.0,,734188209680.84,-0.05,2070.19
2025-02-15 03:00:00+00:00,long,sell - direction_change,97135.0,97790.1,738772643821.86,0.62,2070.81
2025-02-15 03:00:00+00:00,short,buy,97790.1,,738403257499.95,-0.05,2070.76
2025-02-15 05:00:00+00:00,short,sell - direction_change,97790.1,97481.4,740365018674.08,0.27,2071.03
2025-02-15 05:00:00+00:00,long,buy,97481.4,,739994836164.75,-0.05,2070.98
2025-02-15 07:00:00+00:00,long,sell - direction_change,97481.4,97446.0,739356112433.74,-0.09,2070.89
2025-02-15 07:00:00+00:00,short,buy,97446.0,,738986434377.53,-0.05,2070.84
2025-02-15 08:00:00+00:00,short,sell - direction_change,97446.0,97312.4,739630103195.03,0.09,2070.93
2025-02-15 08:00:00+00:00,long,buy,97312.4,,739260288143.44,-0.05,2070.88
2025-02-15 11:00:00+00:00,long,sell - direction_change,97312.4,97610.9,741158294970.71,0.26,2071.14
2025-02-15 11:00:00+00:00,short,buy,97610.9,,740787715823.23,-0.05,2071.09
2025-02-15 12:00:00+00:00,short,sell - direction_change,97610.9,97569.5,740731514452.38,-0.01,2071.08
2025-02-15 12:00:00+00:00,long,buy,97569.5,,740361148695.15,-0.05,2071.03
2025-02-15 16:00:00+00:00,long,sell - direction_change,97569.5,97594.5,740180669090.03,-0.02,2071.01
2025-02-15 16:00:00+00:00,short,buy,97594.5,,739810578755.49,-0.05,2070.96
2025-02-15 18:00:00+00:00,short,sell - direction_change,97594.5,97372.3,741125050255.78,0.18,2071.13
2025-02-15 18:00:00+00:00,long,buy,97372.3,,740754487730.65,-0.05,2071.08
2025-02-15 19:00:00+00:00,long,sell - direction_change,97372.3,97502.0,741370796197.8,0.08,2071.17
2025-02-15 19:00:00+00:00,short,buy,97502.0,,741000110799.7,-0.05,2071.12
2025-02-15 21:00:00+00:00,short,sell - direction_change,97502.0,97498.2,740658490156.22,-0.05,2071.07
2025-02-15 21:00:00+00:00,long,buy,97498.2,,740288160911.15,-0.05,2071.02
2025-02-15 22:00:00+00:00,long,sell - direction_change,97498.2,97636.7,740969625068.44,0.09,2071.11
2025-02-15 22:00:00+00:00,short,buy,97636.7,,740599140255.91,-0.05,2071.06
2025-02-16 00:00:00+00:00,short,sell - direction_change,97636.7,97538.0,740977505226.3,0.05,2071.11
2025-02-16 00:00:00+00:00,long,buy,97538.0,,740607016473.69,-0.05,2071.06
2025-02-16 01:00:00+00:00,long,sell - direction_change,97538.0,97546.1,740298216347.04,-0.04,2071.02
2025-02-16 01:00:00+00:00,short,buy,97546.1,,739928067238.87,-0.05,2070.97
2025-02-16 03:00:00+00:00,short,sell - direction_change,97546.1,97474.7,740099702141.55,0.02,2071.0
2025-02-16 03:00:00+00:00,long,buy,97474.7,,739729652290.48,-0.05,2070.95
2025-02-16 04:00:00+00:00,long,sell - direction_change,97474.7,97504.8,739588214559.1,-0.02,2070.93
2025-02-16 04:00:00+00:00,short,buy,97504.8,,739218420451.82,-0.05,2070.88
2025-02-16 05:00:00+00:00,short,sell - direction_change,97504.8,97486.3,738989066293.43,-0.03,2070.85
2025-02-16 05:00:00+00:00,long,buy,97486.3,,738619571760.29,-0.05,2070.8
2025-02-16 06:00:00+00:00,long,sell - direction_change,97486.3,97556.0,738778354477.16,0.02,2070.82
2025-02-16 06:00:00+00:00,short,buy,97556.0,,738408965299.93,-0.05,2070.77
2025-02-16 21:00:00+00:00,short,sell - direction_change,97556.0,96864.8,743271507473.71,0.66,2071.43
2025-02-16 21:00:00+00:00,long,buy,96864.8,,742899871719.98,-0.05,2071.38
2025-02-16 22:00:00+00:00,long,sell - direction_change,96864.8,97133.7,744590737253.78,0.23,2071.6
2025-02-16 22:00:00+00:00,short,buy,97133.7,,744218441885.15,-0.05,2071.55
2025-02-17 09:00:00+00:00,short,sell - direction_change,97133.7,96109.4,751694308701.59,1.0,2072.56
2025-02-17 09:00:00+00:00,long,buy,96109.4,,751318461547.24,-0.05,2072.51
2025-02-17 10:00:00+00:00,long,sell - direction_change,96109.4,96110.4,750950619641.95,-0.05,2072.46
2025-02-17 10:00:00+00:00,short,buy,96110.4,,750575144332.13,-0.05,2072.41
2025-02-17 12:00:00+00:00,short,sell - direction_change,96110.4,96018.3,750919112644.79,0.05,2072.45
2025-02-17 12:00:00+00:00,long,buy,96018.3,,750543653088.47,-0.05,2072.4
2025-02-17 15:00:00+00:00,long,sell - direction_change,96018.3,96763.1,755990239312.11,0.73,2073.13
2025-02-17 15:00:00+00:00,short,buy,96763.1,,755612244192.45,-0.05,2073.08
2025-02-17 21:00:00+00:00,short,sell - direction_change,96763.1,95929.7,761742365620.32,0.81,2073.89
2025-02-17 21:00:00+00:00,long,buy,95929.7,,761361494437.51,-0.05,2073.84
2025-02-17 22:00:00+00:00,long,sell - direction_change,95929.7,96375.6,764519770763.75,0.41,2074.26
2025-02-17 22:00:00+00:00,short,buy,96375.6,,764137510878.37,-0.05,2074.21
2025-02-18 01:00:00+00:00,short,sell - direction_change,96375.6,95600.6,769900219130.09,0.75,2074.96
2025-02-18 01:00:00+00:00,long,buy,95600.6,,769515269020.52,-0.05,2074.91
2025-02-18 05:00:00+00:00,long,sell - direction_change,95600.6,96042.0,772683460214.22,0.41,2075.32
2025-02-18 05:00:00+00:00,short,buy,96042.0,,772297118484.11,-0.05,2075.27
2025-02-18 12:00:00+00:00,short,sell - direction_change,96042.0,95606.0,775416952137.43,0.4,2075.68
2025-02-18 12:00:00+00:00,long,buy,95606.0,,775029243661.36,-0.05,2075.63
2025-02-18 14:00:00+00:00,long,sell - direction_change,95606.0,96194.4,779411588744.68,0.57,2076.19
2025-02-18 14:00:00+00:00,short,buy,96194.4,,779021882950.31,-0.05,2076.14
2025-02-18 23:00:00+00:00,short,sell - direction_change,96194.4,95255.0,786240020238.29,0.93,2077.07
2025-02-18 23:00:00+00:00,long,buy,95255.0,,785846900228.17,-0.05,2077.02
2025-02-19 00:00:00+00:00,long,sell - direction_change,95255.0,95622.0,788481700387.14,0.34,2077.35
2025-02-19 00:00:00+00:00,short,buy,95622.0,,788087459536.95,-0.05,2077.3
2025-02-19 01:00:00+00:00,short,sell - direction_change,95622.0,95290.0,790429658895.24,0.3,2077.6
2025-02-19 01:00:00+00:00,long,buy,95290.0,,790034444065.79,-0.05,2077.55
2025-02-20 14:00:00+00:00,long,sell - direction_change,95290.0,97505.7,808009448018.24,2.28,2079.83
2025-02-20 14:00:00+00:00,short,buy,97505.7,,807605443294.23,-0.05,2079.78
2025-02-20 15:00:00+00:00,short,sell - direction_change,97505.7,96918.0,812069353116.81,0.55,2080.33
2025-02-20 15:00:00+00:00,long,buy,96918.0,,811663318440.26,-0.05,2080.28
2025-02-21 15:00:00+00:00,long,sell - direction_change,96918.0,98740.1,826517105557.01,1.83,2082.11
2025-02-21 15:00:00+00:00,short,buy,98740.1,,826103847004.23,-0.05,2082.06
2025-02-21 16:00:00+00:00,short,sell - direction_change,98740.1,98057.6,831400895390.34,0.64,2082.7
2025-02-21 16:00:00+00:00,long,buy,98057.6,,830985194942.64,-0.05,2082.65
2025-02-21 17:00:00+00:00,long,sell - direction_change,98057.6,98183.2,831634094503.3,0.08,2082.73
2025-02-21 17:00:00+00:00,short,buy,98183.2,,831218277456.04,-0.05,2082.68
2025-02-21 19:47:00+00:00,short,sell - take_profit,98183.2,95237.704,855739216641.0,2.95,2085.63
2025-02-21 20:00:00+00:00,short,buy,95247.4,,855311347032.68,-0.05,2085.58
2025-02-22 01:13:00+00:00,short,sell - stop_loss,95247.4,96199.874,846330577888.83,-1.05,2084.53
2025-02-22 02:00:00+00:00,short,buy,96189.0,,845907412599.89,-0.05,2084.48
2025-02-22 05:00:00+00:00,short,sell - direction_change,96189.0,96350.0,844068589163.91,-0.22,2084.26
2025-02-22 05:00:00+00:00,long,buy,96350.0,,843646554869.32,-0.05,2084.21
2025-02-22 23:00:00+00:00,long,sell - direction_change,96350.0,96580.1,845239501413.12,0.19,2084.4
2025-02-22 23:00:00+00:00,short,buy,96580.1,,844816881662.41,-0.05,2084.35
2025-02-23 00:00:00+00:00,short,sell - direction_change,96580.1,96503.3,845066267271.41,0.03,2084.38
2025-02-23 00:00:00+00:00,long,buy,96503.3,,844643734137.77,-0.05,2084.33
2025-02-23 01:00:00+00:00,long,sell - direction_change,96503.3,96589.4,844975001272.42,0.04,2084.37
2025-02-23 01:00:00+00:00,short,buy,96589.4,,844552513771.78,-0.05,2084.32
2025-02-23 22:00:00+00:00,short,sell - direction_change,96589.4,95710.8,851812486691.31,0.86,2085.18
2025-02-23 22:00:00+00:00,long,buy,95710.8,,851386580447.96,-0.05,2085.13
2025-02-24 03:00:00+00:00,long,sell - direction_change,95710.8,95785.0,851620926403.77,0.03,2085.16
2025-02-24 03:00:00+00:00,short,buy,95785.0,,851195115940.57,-0.05,2085.11
2025-02-24 06:00:00+00:00,short,sell - direction_change,95785.0,95681.6,851688384332.26,0.06,2085.16
2025-02-24 06:00:00+00:00,long,buy,95681.6,,851262540140.09,-0.05,2085.11
2025-02-24 08:00:00+00:00,long,sell - direction_change,95681.6,95834.2,852194564507.32,0.11,2085.22
2025-02-24 08:00:00+00:00,short,buy,95834.2,,851768467225.06,-0.05,2085.17
2025-02-24 22:17:00+00:00,short,sell - take_profit,95834.2,92959.174,876895637008.2,2.95,2088.12
2025-02-24 23:00:00+00:00,short,buy,92380.1,,876457189189.7,-0.05,2088.07
2025-02-25 07:24:00+00:00,short,sell - take_profit,92380.1,89608.697,902312676270.79,2.95,2091.02
2025-02-25 08:00:00+00:00,short,buy,89262.8,,901861519932.66,-0.05,2090.97
2025-02-25 15:00:00+00:00,short,sell - take_profit,89262.8,86584.916,928466434770.67,2.95,2093.92
2025-02-25 16:00:00+00:00,short,buy,87206.8,,928002201553.29,-0.05,2093.87
2025-02-25 20:19:00+00:00,short,sell - stop_loss,87206.8,88078.868,918258178436.98,-1.05,2092.82
2025-02-25 21:00:00+00:00,long,buy,88140.0,,917799049347.76,-0.05,2092.77
2025-02-26 08:00:00+00:00,long,sell - direction_change,88140.0,88682.3,922987102676.06,0.57,2093.34
2025-02-26 08:00:00+00:00,short,buy,88682.3,,922525609124.72,-0.05,2093.29
2025-02-26 09:00:00+00:00,short,sell - direction_change,88682.3,88434.4,924643148386.66,0.23,2093.52
2025-02-26 09:00:00+00:00,long,buy,88434.4,,924180826812.47,-0.05,2093.47
2025-02-26 11:00:00+00:00,long,sell - direction_change,88434.4,89222.0,931949524635.29,0.84,2094.31
2025-02-26 11:00:00+00:00,short,buy,89222.0,,931483549872.97,-0.05,2094.26
2025-02-26 14:05:00+00:00,short,sell - take_profit,89222.0,86545.34,958962314594.22,2.95,2097.21
2025-02-26 15:00:00+00:00,short,buy,87589.1,,958482833436.92,-0.05,2097.16
2025-02-26 15:12:00+00:00,short,sell - stop_loss,87589.1,88464.99100000001,948418763685.84,-1.05,2096.11
2025-02-26 16:00:00+00:00,short,buy,87536.5,,947944554303.99,-0.05,2096.06
2025-02-26 18:36:00+00:00,short,sell - take_profit,87536.5,84910.405,975908918655.96,2.95,2099.01
2025-02-26 19:00:00+00:00,short,buy,84202.8,,975420964196.63,-0.05,2098.96
2025-02-26 21:21:00+00:00,short,sell - stop_loss,84202.8,85044.82800000001,965179044072.57,-1.05,2097.91
2025-02-26 22:00:00+00:00,short,buy,84585.6,,964696454550.53,-0.05,2097.86
2025-02-27 04:00:00+00:00,short,sell - direction_change,84585.6,85174.0,957503420416.23,-0.75,2097.11
2025-02-27 04:00:00+00:00,long,buy,85174.0,,957024668706.02,-0.05,2097.06
2025-02-27 14:00:00+00:00,long,sell - direction_change,85174.0,86078.9,966713714813.35,1.01,2098.07
2025-02-27 14:00:00+00:00,short,buy,86078.9,,966230357955.94,-0.05,2098.02
2025-02-27 20:06:00+00:00,short,sell - take_profit,86078.9,83496.533,994734153515.65,2.95,2100.97
2025-02-27 21:00:00+00:00,short,buy,83489.2,,994236786438.89,-0.05,2100.92
2025-02-27 21:34:00+00:00,short,sell - stop_loss,83489.2,84324.092,983797300181.28,-1.05,2099.87
2025-02-27 22:00:00+00:00,short,buy,84379.9,,983305401531.19,-0.05,2099.82
2025-02-28 01:32:00+00:00,short,sell - take_profit,84379.9,81848.503,1012312910876.36,2.95,2102.77
2025-02-28 02:00:00+00:00,short,buy,81606.0,,1011806754420.92,-0.05,2102.72
2025-02-28 02:03:00+00:00,short,sell - stop_loss,81606.0,82422.06,1001182783499.5,-1.05,2101.67
2025-02-28 03:00:00+00:00,short,buy,80772.0,,1000682192107.75,-0.05,2101.62
2025-02-28 08:25:00+00:00,short,sell - take_profit,80772.0,78348.84,1030202316774.93,2.95,2104.57
2025-02-28 09:00:00+00:00,short,buy,78955.8,,1029687215616.54,-0.05,2104.52
2025-02-28 09:23:00+00:00,short,sell - stop_loss,78955.8,79745.35800000001,1018875499852.57,-1.05,2103.47
2025-02-28 10:00:00+00:00,short,buy,80299.9,,1018366062102.64,-0.05,2103.42
2025-02-28 13:00:00+00:00,short,sell - direction_change,80299.9,80747.5,1012180400652.6,-0.61,2102.82
2025-02-28 13:00:00+00:00,long,buy,80747.5,,1011674310452.27,-0.05,2102.77
2025-02-28 15:14:00+00:00,long,sell - take_profit,80747.5,83169.925,1041518702610.62,2.95,2105.72
2025-02-28 16:00:00+00:00,long,buy,83948.1,,1040997943259.31,-0.05,2105.67
2025-03-01 04:43:00+00:00,long,sell - take_profit,83948.1,86466.543,1071707382585.46,2.95,2108.62
2025-03-01 05:00:00+00:00,long,buy,86130.0,,1071171528894.17,-0.05,2108.57
2025-03-01 06:19:00+00:00,long,sell - stop_loss,86130.0,85268.7,1059924227840.78,-1.05,2107.52
2025-03-01 07:00:00+00:00,long,buy,85023.8,,1059394265726.86,-0.05,2107.47
2025-03-01 11:00:00+00:00,long,sell - direction_change,85023.8,84848.5,1056680335299.53,-0.26,2107.21
2025-03-01 11:00:00+00:00,short,buy,84848.5,,1056151995131.88,-0.05,2107.16
2025-03-01 12:00:00+00:00,short,sell - direction_change,84848.5,84593.6,1058796787759.68,0.25,2107.41
2025-03-01 12:00:00+00:00,long,buy,84593.6,,1058267389365.8,-0.05,2107.36
2025-03-01 13:00:00+00:00,long,sell - direction_change,84593.6,84712.8,1059229449719.04,0.09,2107.45
2025-03-01 13:00:00+00:00,short,buy,84712.8,,1058699834994.18,-0.05,2107.4
2025-03-01 14:00:00+00:00,short,sell - direction_change,84712.8,84484.9,1061018669676.83,0.22,2107.62
2025-03-01 14:00:00+00:00,long,buy,84484.9,,1060488160341.99,-0.05,2107.57
2025-03-01 15:00:00+00:00,long,sell - direction_change,84484.9,84667.5,1062249984289.1,0.17,2107.74
2025-03-01 15:00:00+00:00,short,buy,84667.5,,1061718859296.96,-0.05,2107.69
2025-03-01 16:00:00+00:00,short,sell - direction_change,84667.5,84755.0,1060090761845.77,-0.15,2107.53
2025-03-01 16:00:00+00:00,long,buy,84755.0,,1059560716464.85,-0.05,2107.48
2025-03-02 08:00:00+00:00,long,sell - direction_change,84755.0,86191.4,1076988024338.94,1.64,2109.13
2025-03-02 08:00:00+00:00,short,buy,86191.4,,1076449530326.77,-0.05,2109.08
2025-03-02 10:00:00+00:00,short,sell - direction_change,86191.4,85845.0,1080237515801.9,0.35,2109.43
2025-03-02 10:00:00+00:00,long,buy,85845.0,,1079697397043.99,-0.05,2109.38
2025-03-02 13:00:00+00:00,long,sell - direction_change,85845.0,85943.2,1080392638151.4,0.06,2109.45
2025-03-02 13:00:00+00:00,short,buy,85943.2,,1079852441832.32,-0.05,2109.4
2025-03-02 15:00:00+00:00,short,sell - direction_change,85943.2,85076.4,1090203616903.66,0.96,2110.35
2025-03-02 15:00:00+00:00,long,buy,85076.4,,1089658515095.21,-0.05,2110.3
2025-03-02 15:35:00+00:00,long,sell - take_profit,85076.4,87628.692,1121803441290.52,2.95,2113.25
2025-03-02 16:00:00+00:00,long,buy,87390.1,,1121242539569.87,-0.05,2113.2
2025-03-02 16:35:00+00:00,long,sell - take_profit,87390.1,90011.80300000001,1154319194487.18,2.95,2116.15
2025-03-02 17:00:00+00:00,long,buy,91165.5,,1153742034889.94,-0.05,2116.1
2025-03-02 17:40:00+00:00,long,sell - take_profit,91165.5,93900.465,1187777424919.19,2.95,2119.05
2025-03-02 18:00:00+00:00,long,buy,94039.8,,1187183536206.73,-0.05,2119.0
2025-03-02 18:34:00+00:00,long,sell - stop_loss,94039.8,93099.402,1174718109076.56,-1.05,2117.95
2025-03-02 19:00:00+00:00,long,buy,92750.4,,1174130750022.02,-0.05,2117.9
2025-03-03 03:00:00+00:00,long,sell - direction_change,92750.4,93255.6,1179939030164.78,0.49,2118.4
2025-03-03 03:00:00+00:00,short,buy,93255.6,,1179349060649.7,-0.05,2118.35
2025-03-03 04:00:00+00:00,short,sell - direction_change,93255.6,92660.0,1186291591161.46,0.59,2118.94
2025-03-03 04:00:00+00:00,long,buy,92660.0,,1185698445365.88,-0.05,2118.89
2025-03-03 06:00:00+00:00,long,sell - direction_change,92660.0,93290.9,1193178736108.46,0.63,2119.52
2025-03-03 06:00:00+00:00,short,buy,93290.9,,1192582146740.4,-0.05,2119.47
2025-03-03 10:00:00+00:00,short,sell - direction_change,93290.9,91808.0,1210942474859.27,1.54,2121.01
2025-03-03 10:00:00+00:00,long,buy,91808.0,,1210337003621.85,-0.05,2120.96
2025-03-03 14:00:00+00:00,long,sell - direction_change,91808.0,93530.0,1232433563947.99,1.83,2122.78
2025-03-03 14:00:00+00:00,short,buy,93530.0,,1231817347166.01,-0.05,2122.73
2025-03-03 14:43:00+00:00,short,sell - take_profit,93530.0,90724.09999999999,1268155958907.41,2.95,2125.68
2025-03-03 15:00:00+00:00,short,buy,89239.9,,1267521880927.96,-0.05,2125.63
2025-03-03 15:04:00+00:00,short,sell - stop_loss,89239.9,90132.299,1254212901178.21,-1.05,2124.58
2025-03-03 16:00:00+00:00,short,buy,90009.5,,1253585794727.63,-0.05,2124.53
2025-03-03 17:43:00+00:00,short,sell - stop_loss,90009.5,90909.595,1240423143882.99,-1.05,2123.48
2025-03-03 18:00:00+00:00,short,buy,90258.0,,1239802932311.04,-0.05,2123.43
2025-03-03 18:28:00+00:00,short,sell - take_profit,90258.0,87550.26,1276377118814.22,2.95,2126.38
2025-03-03 19:00:00+00:00,short,buy,87100.0,,1275738930254.81,-0.05,2126.33
2025-03-04 01:39:00+00:00,short,sell - take_profit,87100.0,84487.0,1313373228697.33,2.95,2129.28
2025-03-04 02:00:00+00:00,short,buy,83354.2,,1312716542082.98,-0.05,2129.23
2025-03-04 02:54:00+00:00,short,sell - stop_loss,83354.2,84187.742,1298933018391.11,-1.05,2128.18
2025-03-04 03:00:00+00:00,short,buy,83878.9,,1298283551881.91,-0.05,2128.13
2025-03-04 11:00:00+00:00,short,sell - direction_change,83878.9,83925.8,1296908488585.98,-0.11,2128.03
2025-03-04 11:00:00+00:00,long,buy,83925.8,,1296260034341.69,-0.05,2127.98
2025-03-04 12:00:00+00:00,long,sell - direction_change,83925.8,83890.1,1295060506742.06,-0.09,2127.88
2025-03-04 12:00:00+00:00,short,buy,83890.1,,1294412976488.69,-0.05,2127.83
2025-03-04 14:37:00+00:00,short,sell - stop_loss,83890.1,84729.001,1280821640235.56,-1.05,2126.78
2025-03-04 15:00:00+00:00,short,buy,83157.1,,1280181229415.44,-0.05,2126.73
2025-03-04 17:00:00+00:00,short,sell - direction_change,83157.1,83507.4,1274148364345.34,-0.47,2126.26
2025-03-04 17:00:00+00:00,long,buy,83507.4,,1273511290163.17,-0.05,2126.21
2025-03-04 18:51:00+00:00,long,sell - take_profit,83507.4,86012.622,1311079873222.98,2.95,2129.16
2025-03-04 19:00:00+00:00,long,buy,86708.9,,1310424333286.37,-0.05,2129.11
2025-03-05 10:26:00+00:00,long,sell - take_profit,86708.9,89310.167,1349081851118.32,2.95,2132.06
2025-03-05 11:00:00+00:00,long,buy,89880.4,,1348407310192.76,-0.05,2132.01
2025-03-05 14:36:00+00:00,long,sell - stop_loss,89880.4,88981.59599999999,1334249033435.74,-1.05,2130.96
2025-03-05 15:00:00+00:00,long,buy,88477.3,,1333581908919.02,-0.05,2130.91
2025-03-05 16:12:00+00:00,long,sell - stop_loss,88477.3,87592.527,1319579298875.37,-1.05,2129.86
2025-03-05 17:00:00+00:00,long,buy,88878.0,,1318919509225.93,-0.05,2129.81
2025-03-06 01:47:00+00:00,long,sell - take_profit,88878.0,91544.34,1357827634748.1,2.95,2132.76
2025-03-06 02:00:00+00:00,long,buy,91003.6,,1357148720930.72,-0.05,2132.71
2025-03-06 12:00:00+00:00,long,sell - direction_change,91003.6,91319.2,1361176731104.56,0.3,2133.01
2025-03-06 12:00:00+00:00,short,buy,91319.2,,1360496142739.0,-0.05,2132.96
2025-03-06 15:00:00+00:00,short,sell - direction_change,91319.2,89770.4,1382890302085.51,1.65,2134.61
2025-03-06 15:00:00+00:00,long,buy,89770.4,,1382198856934.47,-0.05,2134.56
2025-03-06 16:00:00+00:00,long,sell - direction_change,89770.4,90777.9,1397020279989.59,1.07,2135.63
2025-03-06 16:00:00+00:00,short,buy,90777.9,,1396321769849.6,-0.05,2135.58
2025-03-06 17:49:00+00:00,short,sell - take_profit,90777.9,88054.563,1437513262060.16,2.95,2138.53
2025-03-06 18:00:00+00:00,short,buy,88584.9,,1436794505429.13,-0.05,2138.48
2025-03-06 21:14:00+00:00,short,sell - stop_loss,88584.9,89470.749,1421708163122.13,-1.05,2137.43
2025-03-06 22:00:00+00:00,long,buy,89872.6,,1420997309040.57,-0.05,2137.38
2025-03-07 00:00:00+00:00,long,sell - direction_change,89872.6,89887.9,1420528722368.43,-0.03,2137.35
2025-03-07 00:00:00+00:00,short,buy,89887.9,,1419818458007.25,-0.05,2137.3
2025-03-07 00:13:00+00:00,short,sell - stop_loss,89887.9,90786.779,1404910364198.17,-1.05,2136.25
2025-03-07 01:00:00+00:00,short,buy,85477.8,,1404207909016.07,-0.05,2136.2
2025-03-07 01:11:00+00:00,short,sell - stop_loss,85477.8,86332.57800000001,1389463725971.4,-1.05,2135.15
2025-03-07 02:00:00+00:00,short,buy,88209.9,,1388768994108.42,-0.05,2135.1
2025-03-07 05:00:00+00:00,short,sell - direction_change,88209.9,87594.2,1397768136864.8,0.65,2135.74
2025-03-07 05:00:00+00:00,long,buy,87594.2,,1397069252796.36,-0.05,2135.69
2025-03-07 06:00:00+00:00,long,sell - direction_change,87594.2,88173.1,1405603788286.98,0.61,2136.3
2025-03-07 06:00:00+00:00,short,buy,88173.1,,1404900986392.84,-0.05,2136.25
2025-03-07 09:28:00+00:00,short,sell - stop_loss,88173.1,89054.831,1390149526035.71,-1.05,2135.2
2025-03-07 10:00:00+00:00,long,buy,88888.7,,1389454451272.7,-0.05,2135.15
2025-03-07 15:37:00+00:00,long,sell - stop_loss,88888.7,87999.813,1374865179534.33,-1.05,2134.1
2025-03-07 16:00:00+00:00,short,buy,88425.0,,1374177746944.56,-0.05,2134.05
2025-03-07 18:00:00+00:00,short,sell - direction_change,88425.0,87652.5,1385495773247.96,0.82,2134.88
2025-03-07 18:00:00+00:00,long,buy,87652.5,,1384803025361.34,-0.05,2134.83
2025-03-07 19:00:00+00:00,long,sell - direction_change,87652.5,88560.7,1398459080625.51,0.99,2135.81
2025-03-07 19:00:00+00:00,short,buy,88560.7,,1397759851085.2,-0.05,2135.76
2025-03-07 21:06:00+00:00,short,sell - take_profit,88560.7,85903.879,1438993766692.21,2.95,2138.71
2025-03-07 22:00:00+00:00,short,buy,86260.0,,1438274269808.87,-0.05,2138.66
2025-03-08 04:00:00+00:00,short,sell - direction_change,86260.0,85880.0,1443891142673.12,0.39,2139.06
2025-03-08 04:00:00+00:00,long,buy,85880.0,,1443169197101.78,-0.05,2139.01
2025-03-08 05:00:00+00:00,long,sell - direction_change,85880.0,86398.2,1451155696782.9,0.55,2139.56
2025-03-08 05:00:00+00:00,short,buy,86398.2,,1450430118934.51,-0.05,2139.51
2025-03-08 12:00:00+00:00,short,sell - direction_change,86398.2,85923.9,1457667326765.92,0.5,2140.01
2025-03-08 12:00:00+00:00,long,buy,85923.9,,1456938493102.54,-0.05,2139.96
2025-03-08 16:00:00+00:00,long,sell - direction_change,85923.9,86360.0,1463604600648.27,0.46,2140.41
2025-03-08 16:00:00+00:00,short,buy,86360.0,,1462872798347.94,-0.05,2140.36
2025-03-08 19:00:00+00:00,short,sell - direction_change,86360.0,86005.8,1468141240887.8,0.36,2140.73
2025-03-08 19:00:00+00:00,long,buy,86005.8,,1467407170267.36,-0.05,2140.68
2025-03-08 23:00:00+00:00,long,sell - direction_change,86005.8,86295.7,1471619660295.45,0.29,2140.96
2025-03-08 23:00:00+00:00,short,buy,86295.7,,1470883850465.3,-0.05,2140.91
2025-03-09 00:00:00+00:00,short,sell - direction_change,86295.7,86184.7,1472040369638.96,0.08,2140.99
2025-03-09 00:00:00+00:00,long,buy,86184.7,,1471304349454.14,-0.05,2140.94
2025-03-09 01:00:00+00:00,long,sell - direction_change,86184.7,86379.5,1473894230550.1,0.18,2141.12
2025-03-09 01:00:00+00:00,short,buy,86379.5,,1473157283434.82,-0.05,2141.07
2025-03-09 13:52:00+00:00,short,sell - take_profit,86379.5,83788.11499999999,1516615423296.15,2.95,2144.02
2025-03-09 14:00:00+00:00,short,buy,83427.8,,1515857115584.5,-0.05,2143.97
2025-03-09 22:33:00+00:00,short,sell - take_profit,83427.8,80924.966,1560574900494.24,2.95,2146.92
2025-03-09 23:00:00+00:00,short,buy,80319.1,,1559794613044.0,-0.05,2146.87
2025-03-10 00:04:00+00:00,short,sell - stop_loss,80319.1,81122.29100000001,1543416769607.03,-1.05,2145.82
2025-03-10 01:00:00+00:00,short,buy,81242.0,,1542645061222.23,-0.05,2145.77
2025-03-10 02:16:00+00:00,short,sell - stop_loss,81242.0,82054.42,1526447288079.4,-1.05,2144.72
2025-03-10 03:00:00+00:00,short,buy,82159.4,,1525684064435.36,-0.05,2144.67
2025-03-10 04:00:00+00:00,short,sell - direction_change,82159.4,82000.1,1527879392392.99,0.14,2144.81
2025-03-10 04:00:00+00:00,long,buy,82000.1,,1527115452696.8,-0.05,2144.76
2025-03-10 08:57:00+00:00,long,sell - stop_loss,82000.1,81180.099,1511080740443.48,-1.05,2143.71
2025-03-10 09:00:00+00:00,long,buy,81309.8,,1510325200073.26,-0.05,2143.66
2025-03-10 09:24:00+00:00,long,sell - take_profit,81309.8,83749.09400000001,1554879793475.42,2.95,2146.61
2025-03-10 10:00:00+00:00,long,buy,82461.8,,1554102353578.68,-0.05,2146.56
2025-03-10 10:27:00+00:00,long,sell - stop_loss,82461.8,81637.182,1537784278866.11,-1.05,2145.51
2025-03-10 11:00:00+00:00,long,buy,82239.5,,1537015386726.67,-0.05,2145.46
2025-03-10 13:00:00+00:00,long,sell - direction_change,82239.5,83208.0,1554347662744.85,1.13,2146.59
2025-03-10 13:00:00+00:00,short,buy,83208.0,,1553570488913.47,-0.05,2146.54
2025-03-10 14:03:00+00:00,short,sell - take_profit,83208.0,80711.76,1599400818336.42,2.95,2149.49
2025-03-10 15:00:00+00:00,short,buy,79813.7,,1598601117927.25,-0.05,2149.44
2025-03-10 15:32:00+00:00,short,sell - stop_loss,79813.7,80611.837,1581815806189.02,-1.05,2148.39
2025-03-10 16:00:00+00:00,short,buy,80009.7,,1581024898285.92,-0.05,2148.34
2025-03-10 18:57:00+00:00,short,sell - take_profit,80009.7,77609.409,1627665132785.36,2.95,2151.29
2025-03-10 19:00:00+00:00,short,buy,77620.6,,1626851300218.96,-0.05,2151.24
2025-03-10 19:16:00+00:00,short,sell - stop_loss,77620.6,78396.80600000001,1609769361566.66,-1.05,2150.19
2025-03-10 20:00:00+00:00,short,buy,79035.3,,1608964476885.88,-0.05,2150.14
2025-03-10 21:36:00+00:00,short,sell - stop_loss,79035.3,79825.653,1592070349878.58,-1.05,2149.09
2025-03-10 22:00:00+00:00,short,buy,79528.0,,1591274314703.64,-0.05,2149.04
2025-03-11 00:33:00+00:00,short,sell - take_profit,79528.0,77142.16,1638216906987.4,2.95,2151.99
2025-03-11 01:00:00+00:00,short,buy,77630.6,,1637397798533.9,-0.05,2151.94
2025-03-11 01:36:00+00:00,short,sell - stop_loss,77630.6,78406.906,1620205121649.3,-1.05,2150.89
2025-03-11 02:00:00+00:00,long,buy,79084.1,,1619395019088.47,-0.05,2150.84
2025-03-11 08:50:00+00:00,long,sell - take_profit,79084.1,81456.623,1667167172151.58,2.95,2153.79
2025-03-11 09:00:00+00:00,long,buy,81083.7,,1666333588565.51,-0.05,2153.74
2025-03-11 14:02:00+00:00,long,sell - stop_loss,81083.7,80272.863,1648837085885.57,-1.05,2152.69
2025-03-11 15:00:00+00:00,long,buy,79741.9,,1648012667342.63,-0.05,2152.64
2025-03-11 18:11:00+00:00,long,sell - take_profit,79741.9,82134.15699999999,1696629041029.23,2.95,2155.59
2025-03-11 19:00:00+00:00,long,buy,83226.4,,1695780726508.72,-0.05,2155.54
2025-03-12 02:35:00+00:00,long,sell - stop_loss,83226.4,82394.136,1677975028880.38,-1.05,2154.49
2025-03-12 03:00:00+00:00,long,buy,82392.6,,1677136041365.94,-0.05,2154.44
2025-03-12 04:00:00+00:00,long,sell - direction_change,82392.6,82098.2,1670304837470.45,-0.41,2154.03
2025-03-12 04:00:00+00:00,short,buy,82098.2,,1669469685051.72,-0.05,2153.98
2025-03-12 07:00:00+00:00,short,sell - direction_change,82098.2,81380.0,1683239571599.24,0.82,2154.81
2025-03-12 07:00:00+00:00,long,buy,81380.0,,1682397951813.44,-0.05,2154.76
2025-03-12 12:30:00+00:00,long,sell - take_profit,81380.0,83821.40000000001,1732028691391.93,2.95,2157.71
2025-03-12 13:00:00+00:00,long,buy,84021.4,,1731162677046.24,-0.05,2157.66
2025-03-12 13:30:00+00:00,long,sell - stop_loss,84021.4,83181.18599999999,1712985468937.25,-1.05,2156.61
2025-03-12 14:00:00+00:00,short,buy,82649.9,,1712128976202.78,-0.05,2156.56
2025-03-12 19:00:00+00:00,short,sell - direction_change,82649.9,82589.9,1712515838065.13,0.02,2156.58
2025-03-12 19:00:00+00:00,long,buy,82589.9,,1711659580146.1,-0.05,2156.53
2025-03-13 08:00:00+00:00,long,sell - direction_change,82589.9,83118.6,1721760954808.67,0.59,2157.12
2025-03-13 08:00:00+00:00,short,buy,83118.6,,1720900074331.27,-0.05,2157.07
2025-03-13 09:00:00+00:00,short,sell - direction_change,83118.6,82932.5,1723892666860.18,0.17,2157.24
2025-03-13 09:00:00+00:00,long,buy,82932.5,,1723030720526.75,-0.05,2157.19
2025-03-13 10:00:00+00:00,long,sell - direction_change,82932.5,83399.4,1731869660879.43,0.51,2157.71
2025-03-13 10:00:00+00:00,short,buy,83399.4,,1731003726048.99,-0.05,2157.66
2025-03-13 16:06:00+00:00,short,sell - take_profit,83399.4,80897.41799999999,1782068335967.44,2.95,2160.61
2025-03-13 17:00:00+00:00,short,buy,80850.1,,1781177301799.46,-0.05,2160.56
2025-03-14 01:00:00+00:00,short,sell - direction_change,80850.1,81458.0,1766894303222.48,-0.8,2159.75
2025-03-14 01:00:00+00:00,long,buy,81458.0,,1766010856070.87,-0.05,2159.7
2025-03-14 15:03:00+00:00,long,sell - take_profit,81458.0,83901.74,1818108176324.96,2.95,2162.65
2025-03-14 16:00:00+00:00,long,buy,84692.1,,1817199122236.8,-0.05,2162.6
2025-03-14 20:21:00+00:00,long,sell - stop_loss,84692.1,83845.179,1798118531453.32,-1.05,2161.55
2025-03-14 21:00:00+00:00,long,buy,84083.9,,1797219472187.59,-0.05,2161.5
2025-03-15 05:00:00+00:00,long,sell - direction_change,84083.9,84413.1,1803357223160.79,0.34,2161.85
2025-03-15 05:00:00+00:00,short,buy,84413.1,,1802455544549.21,-0.05,2161.8
2025-03-15 13:00:00+00:00,short,sell - direction_change,84413.1,84093.0,1808389346171.78,0.33,2162.12
2025-03-15 13:00:00+00:00,long,buy,84093.0,,1807485151498.7,-0.05,2162.07
2025-03-15 14:00:00+00:00,long,sell - direction_change,84093.0,84406.3,1813315442647.09,0.32,2162.4
2025-03-15 14:00:00+00:00,short,buy,84406.3,,1812408784925.77,-0.05,2162.35
2025-03-15 15:00:00+00:00,short,sell - direction_change,84406.3,84108.4,1817899218900.69,0.3,2162.65
2025-03-15 15:00:00+00:00,long,buy,84108.4,,1816990269291.24,-0.05,2162.6
2025-03-16 01:00:00+00:00,long,sell - direction_change,84108.4,84214.0,1818363046567.41,0.08,2162.68
2025-03-16 01:00:00+00:00,short,buy,84214.0,,1817453865044.12,-0.05,2162.63
2025-03-16 03:00:00+00:00,short,sell - direction_change,84214.0,83921.9,1822849057578.43,0.3,2162.92
2025-03-16 03:00:00+00:00,long,buy,83921.9,,1821937633049.64,-0.05,2162.87
2025-03-16 06:00:00+00:00,long,sell - direction_change,83921.9,84350.2,1830325022447.54,0.46,2163.33
2025-03-16 06:00:00+00:00,short,buy,84350.2,,1829409859936.32,-0.05,2163.28
2025-03-16 07:00:00+00:00,short,sell - direction_change,84350.2,84188.0,1832012992299.94,0.14,2163.42
2025-03-16 07:00:00+00:00,long,buy,84188.0,,1831096985803.79,-0.05,2163.37
2025-03-16 09:00:00+00:00,long,sell - direction_change,84188.0,84221.1,1830901365450.64,-0.01,2163.36
2025-03-16 09:00:00+00:00,short,buy,84221.1,,1829985914767.92,-0.05,2163.31
2025-03-16 16:00:00+00:00,short,sell - direction_change,84221.1,83280.0,1849519476203.53,1.07,2164.38
2025-03-16 16:00:00+00:00,long,buy,83280.0,,1848594716465.43,-0.05,2164.33
2025-03-16 18:00:00+00:00,long,sell - direction_change,83280.0,83869.8,1860762411947.87,0.66,2164.99
2025-03-16 18:00:00+00:00,short,buy,83869.8,,1859832030741.9,-0.05,2164.94
2025-03-17 03:00:00+00:00,short,sell - direction_change,83869.8,83173.5,1874342726758.58,0.78,2165.72
2025-03-17 03:00:00+00:00,long,buy,83173.5,,1873405555395.2,-0.05,2165.67
2025-03-17 12:00:00+00:00,long,sell - direction_change,83173.5,83475.0,1879259859067.29,0.31,2165.98
2025-03-17 12:00:00+00:00,short,buy,83475.0,,1878320229137.76,-0.05,2165.93
2025-03-17 15:00:00+00:00,short,sell - direction_change,83475.0,82873.1,1890924776072.22,0.67,2166.6
2025-03-17 15:00:00+00:00,long,buy,82873.1,,1889979313684.18,-0.05,2166.55
2025-03-18 01:00:00+00:00,long,sell - direction_change,82873.1,83752.5,1909089659334.62,1.01,2167.56
2025-03-18 01:00:00+00:00,short,buy,83752.5,,1908135114504.96,-0.05,2167.51
2025-03-18 13:48:00+00:00,short,sell - take_profit,83752.5,81239.925,1964425100382.85,2.95,2170.46
2025-03-18 14:00:00+00:00,short,buy,81330.3,,1963442887832.66,-0.05,2170.41
2025-03-18 15:39:00+00:00,short,sell - stop_loss,81330.3,82143.603,1942826737510.42,-1.05,2169.36
2025-03-18 16:00:00+00:00,short,buy,81567.5,,1941855324141.66,-0.05,2169.31
2025-03-18 19:57:00+00:00,short,sell - stop_loss,81567.5,82383.175,1921465843238.18,-1.05,2168.26
2025-03-18 20:00:00+00:00,short,buy,82273.5,,1920505110316.56,-0.05,2168.21
2025-03-18 22:00:00+00:00,short,sell - direction_change,82273.5,82011.0,1925672378669.81,0.27,2168.48
2025-03-18 22:00:00+00:00,long,buy,82011.0,,1924709542480.47,-0.05,2168.43
2025-03-19 15:41:00+00:00,long,sell - take_profit,82011.0,84471.33,1981488473983.65,2.95,2171.38
2025-03-19 16:00:00+00:00,long,buy,84693.3,,1980497729746.66,-0.05,2171.33
2025-03-19 17:45:00+00:00,long,sell - stop_loss,84693.3,83846.367,1959702503584.32,-1.05,2170.28
2025-03-19 18:00:00+00:00,long,buy,84188.0,,1958722652332.52,-0.05,2170.23
2025-03-19 23:26:00+00:00,long,sell - take_profit,84188.0,86713.64,2016504970576.33,2.95,2173.18
2025-03-20 00:00:00+00:00,long,buy,86809.8,,2015496718091.04,-0.05,2173.13
2025-03-20 00:51:00+00:00,long,sell - stop_loss,86809.8,85941.702,1994334002551.09,-1.05,2172.08
2025-03-20 01:00:00+00:00,long,buy,85979.9,,1993336835549.81,-0.05,2172.03
2025-03-20 09:00:00+00:00,long,sell - direction_change,85979.9,86193.5,1997292216949.19,0.2,2172.23
2025-03-20 09:00:00+00:00,short,buy,86193.5,,1996293570840.71,-0.05,2172.18
2025-03-20 11:00:00+00:00,short,sell - direction_change,86193.5,85135.7,2019794711579.7,1.18,2173.36
2025-03-20 11:00:00+00:00,long,buy,85135.7,,2018784814223.91,-0.05,2173.31
2025-03-20 12:00:00+00:00,long,sell - direction_change,85135.7,85462.9,2025534169219.05,0.33,2173.64
2025-03-20 12:00:00+00:00,short,buy,85462.9,,2024521402134.44,-0.05,2173.59
2025-03-20 14:00:00+00:00,short,sell - direction_change,85462.9,85470.1,2023338581411.48,-0.06,2173.54
2025-03-20 14:00:00+00:00,long,buy,85470.1,,2022326912120.77,-0.05,2173.49
2025-03-20 15:00:00+00:00,long,sell - direction_change,85470.1,86123.6,2036778356489.8,0.71,2174.2
2025-03-20 15:00:00+00:00,short,buy,86123.6,,2035759967311.56,-0.05,2174.15
2025-03-21 01:00:00+00:00,short,sell - direction_change,86123.6,84468.8,2073857679266.78,1.87,2176.02
2025-03-21 01:00:00+00:00,long,buy,84468.8,,2072820750427.14,-0.05,2175.97
2025-03-21 03:00:00+00:00,long,sell - direction_change,84468.8,84641.2,2076014947061.54,0.15,2176.13
2025-03-21 03:00:00+00:00,short,buy,84641.2,,2074976939588.01,-0.05,2176.08
2025-03-21 04:00:00+00:00,short,sell - direction_change,84641.2,84410.0,2079607313440.97,0.22,2176.3
2025-03-21 04:00:00+00:00,long,buy,84410.0,,2078567509784.25,-0.05,2176.25
2025-03-21 06:00:00+00:00,long,sell - direction_change,84410.0,84436.8,2078188166904.4,-0.02,2176.23
2025-03-21 06:00:00+00:00,short,buy,84436.8,,2077149072820.95,-0.05,2176.18
2025-03-21 18:00:00+00:00,short,sell - direction_change,84436.8,83976.8,2087426518947.3,0.49,2176.68
2025-03-21 18:00:00+00:00,long,buy,83976.8,,2086382805687.83,-0.05,2176.63
2025-03-21 19:00:00+00:00,long,sell - direction_change,83976.8,84070.4,2087665083112.24,0.06,2176.69
2025-03-21 19:00:00+00:00,short,buy,84070.4,,2086621250570.68,-0.05,2176.64
2025-03-21 20:00:00+00:00,short,sell - direction_change,84070.4,83925.0,2089186757434.46,0.12,2176.76
2025-03-21 20:00:00+00:00,long,buy,83925.0,,2088142164055.75,-0.05,2176.71
2025-03-22 13:00:00+00:00,long,sell - direction_change,83925.0,84194.4,2093801047981.13,0.27,2176.98
2025-03-22 13:00:00+00:00,short,buy,84194.4,,2092754147457.14,-0.05,2176.93
2025-03-22 17:00:00+00:00,short,sell - direction_change,84194.4,84097.9,2094106395175.91,0.06,2177.0
2025-03-22 17:00:00+00:00,long,buy,84097.9,,2093059341978.32,-0.05,2176.95
2025-03-22 19:00:00+00:00,long,sell - direction_change,84097.9,84205.6,2094693289360.04,0.08,2177.02
2025-03-22 19:00:00+00:00,short,buy,84205.6,,2093645942715.36,-0.05,2176.97
2025-03-23 02:00:00+00:00,short,sell - direction_change,84205.6,84023.3,2097131735809.41,0.17,2177.14
2025-03-23 02:00:00+00:00,long,buy,84023.3,,2096083169941.5,-0.05,2177.09
2025-03-23 04:00:00+00:00,long,sell - direction_change,84023.3,84195.1,2099320928707.1,0.15,2177.24
2025-03-23 04:00:00+00:00,short,buy,84195.1,,2098271268242.75,-0.05,2177.19
2025-03-23 05:00:00+00:00,short,sell - direction_change,84195.1,84064.9,2100466916677.12,0.1,2177.3
2025-03-23 05:00:00+00:00,long,buy,84064.9,,2099416683218.78,-0.05,2177.25
2025-03-24 00:34:00+00:00,long,sell - take_profit,84064.9,86586.847,2161349475373.73,2.95,2180.2
2025-03-24 01:00:00+00:00,long,buy,85994.8,,2160268800636.05,-0.05,2180.15
2025-03-24 14:18:00+00:00,long,sell - take_profit,85994.8,88574.644,2223996730254.81,2.95,2183.1
2025-03-24 15:00:00+00:00,long,buy,87921.0,,2222884731889.68,-0.05,2183.05
2025-03-24 23:23:00+00:00,long,sell - stop_loss,87921.0,87041.79,2199544442204.84,-1.05,2182.0
2025-03-25 00:00:00+00:00,short,buy,87463.4,,2198444669983.74,-0.05,2181.95
2025-03-25 11:00:00+00:00,short,sell - direction_change,87463.4,87085.6,2206841675743.24,0.38,2182.33
2025-03-25 11:00:00+00:00,long,buy,87085.6,,2205738254905.37,-0.05,2182.28
2025-03-25 23:00:00+00:00,long,sell - direction_change,87085.6,87412.7,2212920302953.42,0.33,2182.61
2025-03-25 23:00:00+00:00,short,buy,87412.7,,2211813842801.95,-0.05,2182.56
2025-03-26 00:00:00+00:00,short,sell - direction_change,87412.7,87369.9,2211790909321.16,-0.0,2182.56
2025-03-26 00:00:00+00:00,long,buy,87369.9,,2210685013866.5,-0.05,2182.51
2025-03-26 02:00:00+00:00,long,sell - direction_change,87369.9,87794.1,2220313031279.65,0.44,2182.94
2025-03-26 02:00:00+00:00,short,buy,87794.1,,2219202874764.01,-0.05,2182.89
2025-03-26 05:00:00+00:00,short,sell - direction_change,87794.1,87282.1,2231035280498.86,0.53,2183.42
2025-03-26 05:00:00+00:00,long,buy,87282.1,,2229919762858.61,-0.05,2183.37
2025-03-26 13:00:00+00:00,long,sell - direction_change,87282.1,87767.5,2241206006120.68,0.51,2183.88
2025-03-26 13:00:00+00:00,short,buy,87767.5,,2240085403117.62,-0.05,2183.83
2025-03-26 23:00:00+00:00,short,sell - direction_change,87767.5,86796.1,2263758352817.44,1.06,2184.89
2025-03-26 23:00:00+00:00,long,buy,86796.1,,2262626473641.04,-0.05,2184.84
2025-03-27 10:00:00+00:00,long,sell - direction_change,86796.1,87369.4,2276440114812.75,0.61,2185.45
2025-03-27 10:00:00+00:00,short,buy,87369.4,,2275301894755.34,-0.05,2185.4
2025-03-27 14:00:00+00:00,short,sell - direction_change,87369.4,86338.5,2301011271752.57,1.13,2186.53
2025-03-27 14:00:00+00:00,long,buy,86338.5,,2299860766116.69,-0.05,2186.48
2025-03-27 16:00:00+00:00,long,sell - direction_change,86338.5,86931.2,2314499012225.9,0.64,2187.11
2025-03-27 16:00:00+00:00,short,buy,86931.2,,2313341762719.78,-0.05,2187.06
2025-03-27 17:00:00+00:00,short,sell - direction_change,86931.2,86792.1,2315886706899.46,0.11,2187.17
2025-03-27 17:00:00+00:00,long,buy,86792.1,,2314728763546.01,-0.05,2187.12
2025-03-27 19:00:00+00:00,long,sell - direction_change,86792.1,87157.0,2323303212610.6,0.37,2187.49
2025-03-27 19:00:00+00:00,short,buy,87157.0,,2322141561004.3,-0.05,2187.44
2025-03-27 20:00:00+00:00,short,sell - direction_change,87157.0,87025.9,2324473414012.45,0.1,2187.54
2025-03-27 20:00:00+00:00,long,buy,87025.9,,2323311177305.44,-0.05,2187.49
2025-03-28 03:00:00+00:00,long,sell - direction_change,87025.9,86955.1,2320259389797.98,-0.13,2187.36
2025-03-28 03:00:00+00:00,short,buy,86955.1,,2319099260103.08,-0.05,2187.31
2025-03-28 14:10:00+00:00,short,sell - take_profit,86955.1,84346.447,2387512688276.12,2.95,2190.26
2025-03-28 15:00:00+00:00,short,buy,84133.9,,2386318931931.98,-0.05,2190.21
2025-03-28 22:00:00+00:00,short,sell - direction_change,84133.9,84019.5,2388370539270.04,0.09,2190.3
2025-03-28 22:00:00+00:00,long,buy,84019.5,,2387176354000.41,-0.05,2190.25
2025-03-28 23:00:00+00:00,long,sell - direction_change,84019.5,84443.4,2398026684871.49,0.45,2190.7
2025-03-28 23:00:00+00:00,short,buy,84443.4,,2396827671529.06,-0.05,2190.65
2025-03-29 00:00:00+00:00,short,sell - direction_change,84443.4,84380.8,2397406085867.4,0.02,2190.68
2025-03-29 00:00:00+00:00,long,buy,84380.8,,2396207382824.47,-0.05,2190.63
2025-03-29 02:00:00+00:00,long,sell - direction_change,84380.8,84240.1,2391013744855.55,-0.22,2190.41
2025-03-29 02:00:00+00:00,short,buy,84240.1,,2389818237983.12,-0.05,2190.36
2025-03-29 03:00:00+00:00,short,sell - direction_change,84240.1,83822.0,2400484461570.54,0.45,2190.81
2025-03-29 03:00:00+00:00,long,buy,83822.0,,2399284219339.75,-0.05,2190.76
2025-03-29 05:00:00+00:00,long,sell - direction_change,83822.0,84041.3,2404361724390.74,0.21,2190.97
2025-03-29 05:00:00+00:00,short,buy,84041.3,,2403159543528.55,-0.05,2190.92
2025-03-29 21:00:00+00:00,short,sell - direction_change,84041.3,82466.6,2446986483463.1,1.82,2192.74
2025-03-29 21:00:00+00:00,long,buy,82466.6,,2445762990221.37,-0.05,2192.69
2025-03-29 22:00:00+00:00,long,sell - direction_change,82466.6,82476.9,2444845582200.36,-0.04,2192.66
2025-03-29 22:00:00+00:00,short,buy,82476.9,,2443623159409.26,-0.05,2192.61
2025-03-29 23:00:00+00:00,short,sell - direction_change,82476.9,82355.7,2445992257853.09,0.1,2192.7
2025-03-29 23:00:00+00:00,long,buy,82355.7,,2444769261724.17,-0.05,2192.65
2025-03-30 13:00:00+00:00,long,sell - direction_change,82355.7,83037.2,2463777538138.81,0.78,2193.43
2025-03-30 13:00:00+00:00,short,buy,83037.2,,2462545649369.74,-0.05,2193.38
2025-03-31 10:00:00+00:00,short,sell - direction_change,83037.2,81419.9,2509276917174.14,1.9,2195.28
2025-03-31 10:00:00+00:00,long,buy,81419.9,,2508022278715.55,-0.05,2195.23
2025-03-31 15:25:00+00:00,long,sell - take_profit,81419.9,83862.497,2582008935937.66,2.95,2198.18
2025-03-31 16:00:00+00:00,long,buy,83373.3,,2580717931469.69,-0.05,2198.13
2025-03-31 17:46:00+00:00,long,sell - stop_loss,83373.3,82539.567,2553620393189.26,-1.05,2197.08
2025-03-31 18:00:00+00:00,long,buy,82627.6,,2552343582992.67,-0.05,2197.03
2025-03-31 22:00:00+00:00,long,sell - direction_change,82627.6,82528.9,2548018595652.35,-0.17,2196.86
2025-03-31 22:00:00+00:00,short,buy,82528.9,,2546744586354.53,-0.05,2196.81
2025-03-31 23:00:00+00:00,short,sell - direction_change,82528.9,82372.3,2550303705494.33,0.14,2196.95
2025-03-31 23:00:00+00:00,long,buy,82372.3,,2549028553641.58,-0.05,2196.9
2025-04-01 00:00:00+00:00,long,sell - direction_change,82372.3,82517.5,2552247284618.19,0.13,2197.02
2025-04-01 00:00:00+00:00,short,buy,82517.5,,2550971160975.88,-0.05,2196.97
2025-04-01 02:00:00+00:00,short,sell - direction_change,82517.5,82670.9,2544953421011.85,-0.24,2196.74
2025-04-01 02:00:00+00:00,long,buy,82670.9,,2543680944301.34,-0.05,2196.69
2025-04-01 15:18:00+00:00,long,sell - take_profit,82670.9,85151.027,2618719532158.23,2.95,2199.64
2025-04-01 16:00:00+00:00,long,buy,85245.5,,2617410172392.16,-0.05,2199.59
2025-04-02 02:00:00+00:00,long,sell - direction_change,85245.5,85101.3,2611673895799.44,-0.22,2199.37
2025-04-02 02:00:00+00:00,short,buy,85101.3,,2610368058851.54,-0.05,2199.32
2025-04-02 08:00:00+00:00,short,sell - direction_change,85101.3,84389.7,2630890248912.51,0.79,2200.11
2025-04-02 08:00:00+00:00,long,buy,84389.7,,2629574803788.05,-0.05,2200.06
2025-04-02 11:00:00+00:00,long,sell - direction_change,84389.7,84822.7,2641752254064.93,0.46,2200.52
2025-04-02 11:00:00+00:00,short,buy,84822.7,,2640431377937.9,-0.05,2200.47
2025-04-02 12:00:00+00:00,short,sell - direction_change,84822.7,84528.3,2648275489695.06,0.3,2200.77
2025-04-02 12:00:00+00:00,long,buy,84528.3,,2646951351950.21,-0.05,2200.72
2025-04-02 15:33:00+00:00,long,sell - take_profit,84528.3,87064.149,2725036416832.74,2.95,2203.67
2025-04-02 16:00:00+00:00,long,buy,86709.5,,2723673898624.33,-0.05,2203.62
2025-04-02 20:27:00+00:00,long,sell - stop_loss,86709.5,85842.405,2695075322688.77,-1.05,2202.57
2025-04-02 21:00:00+00:00,long,buy,85623.2,,2693727785027.43,-0.05,2202.52
2025-04-02 21:06:00+00:00,long,sell - stop_loss,85623.2,84766.968,2665443643284.64,-1.05,2201.47
2025-04-02 22:00:00+00:00,short,buy,84812.8,,2664110921463.0,-0.05,2201.42
2025-04-03 00:03:00+00:00,short,sell - take_profit,84812.8,82268.416,2742702193646.15,2.95,2204.37
2025-04-03 01:00:00+00:00,short,buy,83182.0,,2741330842549.33,-0.05,2204.32
2025-04-03 08:00:00+00:00,short,sell - direction_change,83182.0,83423.7,2731994755947.46,-0.34,2203.97
2025-04-03 08:00:00+00:00,long,buy,83423.7,,2730628758569.49,-0.05,2203.92
2025-04-03 09:00:00+00:00,long,sell - direction_change,83423.7,83638.9,2736307381450.77,0.21,2204.13
2025-04-03 09:00:00+00:00,short,buy,83638.9,,2734939227760.04,-0.05,2204.08
2025-04-03 21:00:00+00:00,short,sell - direction_change,83638.9,82324.1,2776564888097.16,1.52,2205.6
2025-04-03 21:00:00+00:00,long,buy,82324.1,,2775176605653.12,-0.05,2205.55
2025-04-04 10:00:00+00:00,long,sell - direction_change,82324.1,84532.3,2848228276092.3,2.63,2208.19
2025-04-04 10:00:00+00:00,short,buy,84532.3,,2846804161954.26,-0.05,2208.14
2025-04-04 11:21:00+00:00,short,sell - take_profit,84532.3,81996.331,2930784884731.9,2.95,2211.09
2025-04-04 12:00:00+00:00,long,buy,82633.7,,2929319492289.54,-0.05,2211.04
2025-04-04 14:00:00+00:00,long,sell - direction_change,82633.7,83304.2,2951623691006.47,0.76,2211.8
2025-04-04 14:00:00+00:00,short,buy,83304.2,,2950147879160.97,-0.05,2211.75
2025-04-04 16:00:00+00:00,short,sell - direction_change,83304.2,82821.9,2965753052341.21,0.53,2212.28
2025-04-04 16:00:00+00:00,long,buy,82821.9,,2964270175815.04,-0.05,2212.23
2025-04-05 03:00:00+00:00,long,sell - direction_change,82821.9,83945.9,3003017010089.3,1.31,2213.53
2025-04-05 03:00:00+00:00,short,buy,83945.9,,3001515501584.25,-0.05,2213.48
2025-04-05 04:00:00+00:00,short,sell - direction_change,83945.9,83585.6,3012897398438.64,0.38,2213.86
2025-04-05 04:00:00+00:00,long,buy,83585.6,,3011390949739.42,-0.05,2213.81
2025-04-05 05:00:00+00:00,long,sell - direction_change,83585.6,83648.2,3012140583812.38,0.02,2213.84
2025-04-05 05:00:00+00:00,short,buy,83648.2,,3010634513520.48,-0.05,2213.79
2025-04-05 09:00:00+00:00,short,sell - direction_change,83648.2,83479.7,3015193784808.7,0.15,2213.94
2025-04-05 09:00:00+00:00,long,buy,83479.7,,3013686187916.29,-0.05,2213.89
2025-04-05 10:00:00+00:00,long,sell - direction_change,83479.7,83804.2,3023894063106.89,0.34,2214.23
2025-04-05 10:00:00+00:00,short,buy,83804.2,,3022382116075.33,-0.05,2214.18
2025-04-05 22:00:00+00:00,short,sell - direction_change,83804.2,82876.4,3054331850929.06,1.06,2215.24
2025-04-05 22:00:00+00:00,long,buy,82876.4,,3052804685003.6,-0.05,2215.19
2025-04-06 09:00:00+00:00,long,sell - direction_change,82876.4,82992.9,3055569633948.11,0.09,2215.28
2025-04-06 09:00:00+00:00,short,buy,82992.9,,3054041849131.13,-0.05,2215.23
2025-04-06 18:02:00+00:00,short,sell - take_profit,82992.9,80503.113,3144136083680.5,2.95,2218.18
2025-04-06 19:00:00+00:00,short,buy,79066.6,,3142564015638.66,-0.05,2218.13
2025-04-06 20:03:00+00:00,short,sell - stop_loss,79066.6,79857.266,3109567093474.45,-1.05,2217.08
2025-04-06 21:00:00+00:00,short,buy,78843.8,,3108012309927.72,-0.05,2217.03
2025-04-06 21:21:00+00:00,short,sell - stop_loss,78843.8,79632.238,3075378180673.48,-1.05,2215.98
2025-04-06 22:00:00+00:00,short,buy,78920.6,,3073840491583.14,-0.05,2215.93
2025-04-07 06:17:00+00:00,short,sell - take_profit,78920.6,76552.982,3164518786084.84,2.95,2218.88
2025-04-07 07:00:00+00:00,short,buy,74781.4,,3162936526691.8,-0.05,2218.83
2025-04-07 08:02:00+00:00,short,sell - stop_loss,74781.4,75529.21399999999,3129725693161.53,-1.05,2217.78
2025-04-07 09:00:00+00:00,short,buy,76223.1,,3128160830314.95,-0.05,2217.73
2025-04-07 10:12:00+00:00,short,sell - stop_loss,76223.1,76985.331,3095315141596.65,-1.05,2216.68
2025-04-07 11:00:00+00:00,short,buy,76954.0,,3093767484025.85,-0.05,2216.63
2025-04-07 12:00:00+00:00,short,sell - direction_change,76954.0,76656.0,3104201039380.44,0.34,2216.96
2025-04-07 12:00:00+00:00,long,buy,76656.0,,3102648938860.74,-0.05,2216.91
2025-04-07 13:43:00+00:00,long,sell - stop_loss,76656.0,75889.44,3070071125002.71,-1.05,2215.86
2025-04-07 14:00:00+00:00,long,buy,78319.9,,3068536089440.21,-0.05,2215.81
2025-04-07 14:17:00+00:00,long,sell - take_profit,78319.9,80669.497,3159057904078.69,2.95,2218.76
2025-04-07 15:00:00+00:00,long,buy,78999.3,,3157478375126.65,-0.05,2218.71
2025-04-07 15:14:00+00:00,long,sell - stop_loss,78999.3,78209.307,3124324852187.82,-1.05,2217.66
2025-04-07 16:00:00+00:00,long,buy,78444.6,,3122762689761.73,-0.05,2217.61
2025-04-07 16:22:00+00:00,long,sell - stop_loss,78444.6,77660.15400000001,3089973681519.23,-1.05,2216.56
2025-04-07 17:00:00+00:00,long,buy,77394.8,,3088428694678.47,-0.05,2216.51
2025-04-07 22:21:00+00:00,long,sell - take_profit,77394.8,79716.644,3179537341171.49,2.95,2219.46
2025-04-07 23:00:00+00:00,long,buy,79919.5,,3177947572500.9,-0.05,2219.41
2025-04-07 23:56:00+00:00,long,sell - stop_loss,79919.5,79120.305,3144579122989.64,-1.05,2218.36
2025-04-08 00:00:00+00:00,long,buy,79140.1,,3143006833428.14,-0.05,2218.31
2025-04-08 08:00:00+00:00,long,sell - direction_change,79140.1,79448.5,3153683271414.45,0.34,2218.65
2025-04-08 08:00:00+00:00,short,buy,79448.5,,3152106429778.74,-0.05,2218.6
2025-04-08 11:00:00+00:00,short,sell - direction_change,79448.5,78979.7,3169129940989.62,0.54,2219.14
2025-04-08 11:00:00+00:00,long,buy,78979.7,,3167545376019.12,-0.05,2219.09
2025-04-08 14:00:00+00:00,long,sell - direction_change,78979.7,79856.0,3201106330558.56,1.06,2220.15
2025-04-08 14:00:00+00:00,short,buy,79856.0,,3199505777393.28,-0.05,2220.1
2025-04-08 16:39:00+00:00,short,sell - take_profit,79856.0,77460.31999999999,3293891197826.38,2.95,2223.05
2025-04-08 17:00:00+00:00,short,buy,77393.5,,3292244252227.47,-0.05,2223.0
2025-04-09 01:20:00+00:00,short,sell - take_profit,77393.5,75071.69499999999,3389365457668.18,2.95,2225.95
2025-04-09 02:00:00+00:00,short,buy,76038.0,,3387670774939.35,-0.05,2225.9
2025-04-09 04:47:00+00:00,short,sell - stop_loss,76038.0,76798.38,3352100231802.49,-1.05,2224.85
2025-04-09 05:00:00+00:00,long,buy,76383.1,,3350424181686.58,-0.05,2224.8
2025-04-09 17:02:00+00:00,long,sell - take_profit,76383.1,78674.59300000001,3449261695046.34,2.95,2227.75
2025-04-09 18:00:00+00:00,long,buy,82161.9,,3447537064198.82,-0.05,2227.7
2025-04-10 07:00:00+00:00,long,sell - direction_change,82161.9,82115.9,3443883122375.29,-0.11,2227.6
2025-04-10 07:00:00+00:00,short,buy,82115.9,,3442161180814.1,-0.05,2227.55
2025-04-10 09:00:00+00:00,short,sell - direction_change,82115.9,81517.9,3465507260007.93,0.68,2228.23
2025-04-10 09:00:00+00:00,long,buy,81517.9,,3463774506377.93,-0.05,2228.18
2025-04-10 10:00:00+00:00,long,sell - direction_change,81517.9,81995.8,3482349052884.66,0.54,2228.71
2025-04-10 10:00:00+00:00,short,buy,81995.8,,3480607878358.22,-0.05,2228.66
2025-04-10 11:00:00+00:00,short,sell - direction_change,81995.8,81720.1,3490570656675.25,0.29,2228.95
2025-04-10 11:00:00+00:00,long,buy,81720.1,,3488825371346.91,-0.05,2228.9
2025-04-10 12:00:00+00:00,long,sell - direction_change,81720.1,81839.1,3492161351602.39,0.1,2228.99
2025-04-10 12:00:00+00:00,short,buy,81839.1,,3490415270926.59,-0.05,2228.94
2025-04-10 15:38:00+00:00,short,sell - take_profit,81839.1,79383.92700000001,3593382521418.92,2.95,2231.89
2025-04-10 16:00:00+00:00,short,buy,78731.7,,3591585830158.21,-0.05,2231.84
2025-04-10 16:51:00+00:00,short,sell - stop_loss,78731.7,79519.01699999999,3553874178941.55,-1.05,2230.79
2025-04-10 17:00:00+00:00,short,buy,79406.0,,3552097241852.08,-0.05,2230.74
2025-04-11 01:00:00+00:00,short,sell - direction_change,79406.0,79010.7,3568004290726.36,0.45,2231.19
2025-04-11 01:00:00+00:00,long,buy,79010.7,,3566220288580.99,-0.05,2231.14
2025-04-11 07:47:00+00:00,long,sell - take_profit,79010.7,81381.021,3671423787094.13,2.95,2234.09
2025-04-11 08:00:00+00:00,long,buy,81213.7,,3669588075200.59,-0.05,2234.04
2025-04-11 17:39:00+00:00,long,sell - take_profit,81213.7,83650.111,3777840923419.0,2.95,2236.99
2025-04-11 18:00:00+00:00,long,buy,83888.2,,3775952002957.3,-0.05,2236.94
2025-04-12 02:48:00+00:00,long,sell - stop_loss,83888.2,83049.318,3736304506926.24,-1.05,2235.89
2025-04-12 03:00:00+00:00,long,buy,82768.7,,3734436354672.78,-0.05,2235.84
2025-04-12 14:32:00+00:00,long,sell - take_profit,82768.7,85251.761,3844602227135.63,2.95,2238.79
2025-04-12 15:00:00+00:00,long,buy,84786.2,,3842679926022.06,-0.05,2238.74
2025-04-13 04:00:00+00:00,long,sell - direction_change,84786.2,85388.8,3868069621621.69,0.66,2239.4
2025-04-13 04:00:00+00:00,short,buy,85388.8,,3866135586810.88,-0.05,2239.35
2025-04-13 17:00:00+00:00,short,sell - direction_change,85388.8,84183.8,3918761118999.05,1.36,2240.71
2025-04-13 17:00:00+00:00,long,buy,84183.8,,3916801738439.55,-0.05,2240.66
2025-04-13 19:00:00+00:00,long,sell - direction_change,84183.8,84689.7,3938381239155.63,0.55,2241.21
2025-04-13 19:00:00+00:00,short,buy,84689.7,,3936412048536.05,-0.05,2241.16
2025-04-13 23:00:00+00:00,short,sell - direction_change,84689.7,83294.3,3999302607775.18,1.6,2242.76
2025-04-13 23:00:00+00:00,long,buy,83294.3,,3997302956471.29,-0.05,2242.71
2025-04-14 13:00:00+00:00,long,sell - direction_change,83294.3,85099.9,4081955254916.45,2.12,2244.83
2025-04-14 13:00:00+00:00,short,buy,85099.9,,4079914277288.99,-0.05,2244.78
2025-04-14 14:00:00+00:00,short,sell - direction_change,85099.9,84341.4,4114238816222.89,0.84,2245.62
2025-04-14 14:00:00+00:00,long,buy,84341.4,,4112181696814.78,-0.05,2245.57
2025-04-14 15:00:00+00:00,long,sell - direction_change,84341.4,85380.0,4160763986528.14,1.18,2246.75
2025-04-14 15:00:00+00:00,short,buy,85380.0,,4158683604534.87,-0.05,2246.7
2025-04-14 17:00:00+00:00,short,sell - direction_change,85380.0,84300.0,4209208833977.6,1.21,2247.92
2025-04-14 17:00:00+00:00,long,buy,84300.0,,4207104229560.61,-0.05,2247.87
2025-04-14 21:00:00+00:00,long,sell - direction_change,84300.0,84806.7,4230288218526.71,0.55,2248.42
2025-04-14 21:00:00+00:00,short,buy,84806.7,,4228173074417.45,-0.05,2248.37
2025-04-14 23:00:00+00:00,short,sell - direction_change,84806.7,84456.2,4243533723515.32,0.36,2248.73
2025-04-14 23:00:00+00:00,long,buy,84456.2,,4241411956653.56,-0.05,2248.68
2025-04-15 14:00:00+00:00,long,sell - direction_change,84456.2,85537.1,4293574325025.57,1.23,2249.91
2025-04-15 14:00:00+00:00,short,buy,85537.1,,4291427537863.06,-0.05,2249.86
2025-04-16 08:00:00+00:00,short,sell - direction_change,85537.1,83325.0,4400263688764.62,2.54,2252.4
2025-04-16 08:00:00+00:00,long,buy,83325.0,,4398063556920.24,-0.05,2252.35
2025-04-16 09:00:00+00:00,long,sell - direction_change,83325.0,83700.0,4415657790474.46,0.4,2252.75
2025-04-16 09:00:00+00:00,short,buy,83700.0,,4413449961579.22,-0.05,2252.7
2025-04-16 10:00:00+00:00,short,sell - direction_change,83700.0,83550.9,4419105188680.53,0.13,2252.83
2025-04-16 10:00:00+00:00,long,buy,83550.9,,4416895636086.19,-0.05,2252.78
2025-04-16 12:00:00+00:00,long,sell - direction_change,83550.9,84008.4,4438872801511.2,0.5,2253.27
2025-04-16 12:00:00+00:00,short,buy,84008.4,,4436653365110.44,-0.05,2253.22
2025-04-16 13:00:00+00:00,short,sell - direction_change,84008.4,83712.3,4450072677775.97,0.3,2253.53
2025-04-16 13:00:00+00:00,long,buy,83712.3,,4447847641437.08,-0.05,2253.48
2025-04-16 17:00:00+00:00,long,sell - direction_change,83712.3,85000.0,4514042497268.56,1.49,2254.96
2025-04-16 17:00:00+00:00,short,buy,85000.0,,4511785476019.92,-0.05,2254.91
2025-04-16 18:00:00+00:00,short,sell - direction_change,85000.0,83237.5,4603082782122.91,2.02,2256.94
2025-04-16 18:00:00+00:00,long,buy,83237.5,,4600781240731.85,-0.05,2256.89
2025-04-16 23:00:00+00:00,long,sell - direction_change,83237.5,84413.4,4663476298809.21,1.36,2258.25
2025-04-16 23:00:00+00:00,short,buy,84413.4,,4661144560659.8,-0.05,2258.2
2025-04-17 00:00:00+00:00,short,sell - direction_change,84413.4,83990.1,4682187795056.22,0.45,2258.65
2025-04-17 00:00:00+00:00,long,buy,83990.1,,4679846701158.7,-0.05,2258.6
2025-04-17 02:00:00+00:00,long,sell - direction_change,83990.1,84299.4,4694740673048.96,0.32,2258.92
2025-04-17 02:00:00+00:00,short,buy,84299.4,,4692393302712.44,-0.05,2258.87
2025-04-17 04:00:00+00:00,short,sell - direction_change,84299.4,83953.3,4709312217343.83,0.36,2259.23
2025-04-17 04:00:00+00:00,long,buy,83953.3,,4706957561235.16,-0.05,2259.18
2025-04-17 14:00:00+00:00,long,sell - direction_change,83953.3,84436.8,4731712176845.79,0.53,2259.71
2025-04-17 14:00:00+00:00,short,buy,84436.8,,4729346320757.37,-0.05,2259.66
2025-04-17 15:00:00+00:00,short,sell - direction_change,84436.8,84050.0,4748646504115.35,0.41,2260.06
2025-04-17 15:00:00+00:00,long,buy,84050.0,,4746272180863.29,-0.05,2260.01
2025-04-18 03:00:00+00:00,long,sell - direction_change,84050.0,84854.2,4789311919107.78,0.91,2260.92
2025-04-18 03:00:00+00:00,short,buy,84854.2,,4786917263148.23,-0.05,2260.87
2025-04-18 18:00:00+00:00,short,sell - direction_change,84854.2,84530.2,4802801758857.86,0.33,2261.2
2025-04-18 18:00:00+00:00,long,buy,84530.2,,4800400357978.44,-0.05,2261.15
2025-04-18 20:00:00+00:00,long,sell - direction_change,84530.2,84529.0,4797932010788.92,-0.05,2261.1
2025-04-18 20:00:00+00:00,short,buy,84529.0,,4795533044783.52,-0.05,2261.05
2025-04-18 21:00:00+00:00,short,sell - direction_change,84529.0,84477.7,4796045650384.28,0.01,2261.06
2025-04-18 21:00:00+00:00,long,buy,84477.7,,4793647627559.08,-0.05,2261.01
2025-04-18 22:00:00+00:00,long,sell - direction_change,84477.7,84591.4,4797702657136.83,0.08,2261.1
2025-04-18 22:00:00+00:00,short,buy,84591.4,,4795303805808.26,-0.05,2261.05
2025-04-19 01:00:00+00:00,short,sell - direction_change,84591.4,84392.8,4804164359063.73,0.18,2261.23
2025-04-19 01:00:00+00:00,long,buy,84392.8,,4801762276884.19,-0.05,2261.18
2025-04-19 16:00:00+00:00,long,sell - direction_change,84392.8,85146.3,4842233866805.28,0.84,2262.02
2025-04-19 16:00:00+00:00,short,buy,85146.3,,4839812749871.87,-0.05,2261.97
2025-04-19 17:00:00+00:00,short,sell - direction_change,85146.3,84799.9,4857082614356.69,0.36,2262.33
2025-04-19 17:00:00+00:00,long,buy,84799.9,,4854654073049.51,-0.05,2262.28
2025-04-19 18:00:00+00:00,long,sell - direction_change,84799.9,85189.8,4874547876380.85,0.41,2262.69
2025-04-19 18:00:00+00:00,short,buy,85189.8,,4872110602442.66,-0.05,2262.64
2025-04-19 20:00:00+00:00,short,sell - direction_change,85189.8,85054.2,4877429679771.07,0.11,2262.75
2025-04-19 20:00:00+00:00,long,buy,85054.2,,4874990964931.18,-0.05,2262.7
2025-04-19 22:00:00+00:00,long,sell - direction_change,85054.2,85301.2,4886710592416.63,0.24,2262.94
2025-04-19 22:00:00+00:00,short,buy,85301.2,,4884267237120.43,-0.05,2262.89
2025-04-20 00:00:00+00:00,short,sell - direction_change,85301.2,85046.9,4896386084571.3,0.25,2263.14
2025-04-20 00:00:00+00:00,long,buy,85046.9,,4893937891529.01,-0.05,2263.09
2025-04-20 03:00:00+00:00,long,sell - direction_change,85046.9,85190.0,4899725467431.77,0.12,2263.21
2025-04-20 03:00:00+00:00,short,buy,85190.0,,4897275604698.05,-0.05,2263.16
2025-04-20 04:00:00+00:00,short,sell - direction_change,85190.0,85116.7,4899040727921.93,0.04,2263.19
2025-04-20 04:00:00+00:00,long,buy,85116.7,,4896591207557.97,-0.05,2263.14
2025-04-20 05:00:00+00:00,long,sell - direction_change,85116.7,85140.4,4895506324910.98,-0.02,2263.12
2025-04-20 05:00:00+00:00,short,buy,85140.4,,4893058571748.53,-0.05,2263.07
2025-04-20 19:00:00+00:00,short,sell - direction_change,85140.4,84536.3,4925329951741.83,0.66,2263.73
2025-04-20 19:00:00+00:00,long,buy,84536.3,,4922867286765.96,-0.05,2263.68
2025-04-21 01:05:00+00:00,long,sell - take_profit,84536.3,87072.38900000001,5068091871725.56,2.95,2266.63
2025-04-21 02:00:00+00:00,long,buy,87248.9,,5065557825789.7,-0.05,2266.58
2025-04-21 13:00:00+00:00,long,sell - direction_change,87248.9,87003.0,5048748412221.68,-0.33,2266.25
2025-04-21 13:00:00+00:00,short,buy,87003.0,,5046224038015.56,-0.05,2266.2
2025-04-21 14:00:00+00:00,short,sell - direction_change,87003.0,86992.5,5044309932035.42,-0.04,2266.16
2025-04-21 14:00:00+00:00,long,buy,86992.5,,5041787777069.4,-0.05,2266.11
2025-04-21 17:00:00+00:00,long,sell - direction_change,86992.5,87131.8,5047340234761.13,0.11,2266.22
2025-04-21 17:00:00+00:00,short,buy,87131.8,,5044816564643.75,-0.05,2266.17
2025-04-21 19:00:00+00:00,short,sell - direction_change,87131.8,86750.1,5064394084088.44,0.39,2266.56
2025-04-21 19:00:00+00:00,long,buy,86750.1,,5061861887046.39,-0.05,2266.51
2025-04-22 13:08:00+00:00,long,sell - take_profit,86750.1,89352.603,5211186812714.26,2.95,2269.46
2025-04-22 14:00:00+00:00,long,buy,90180.5,,5208581219307.9,-0.05,2269.41
2025-04-22 21:49:00+00:00,long,sell - take_profit,90180.5,92885.91500000001,5362234365277.49,2.95,2272.36
2025-04-22 22:00:00+00:00,long,buy,92974.2,,5359553248094.85,-0.05,2272.31
2025-04-23 13:00:00+00:00,long,sell - direction_change,92974.2,93695.7,5398464769578.24,0.73,2273.04
2025-04-23 13:00:00+00:00,short,buy,93695.7,,5395765537193.45,-0.05,2272.99
2025-04-23 13:38:00+00:00,short,sell - stop_loss,93695.7,94632.65699999999,5339109999052.92,-1.05,2271.94
2025-04-23 14:00:00+00:00,short,buy,92992.3,,5336440444053.39,-0.05,2271.89
2025-04-23 16:00:00+00:00,short,sell - direction_change,92992.3,93140.3,5325279120792.51,-0.21,2271.68
2025-04-23 16:00:00+00:00,long,buy,93140.3,,5322616481232.12,-0.05,2271.63
2025-04-23 19:00:00+00:00,long,sell - direction_change,93140.3,93562.1,5344059450428.7,0.4,2272.03
2025-04-23 19:00:00+00:00,short,buy,93562.1,,5341387420703.48,-0.05,2271.98
2025-04-23 20:00:00+00:00,short,sell - direction_change,93562.1,93436.4,5345892842095.1,0.08,2272.06
2025-04-23 20:00:00+00:00,long,buy,93436.4,,5343219895674.06,-0.05,2272.01
2025-04-24 00:00:00+00:00,long,sell - direction_change,93436.4,93632.2,5351745233121.16,0.16,2272.17
2025-04-24 00:00:00+00:00,short,buy,93632.2,,5349069360504.6,-0.05,2272.12
2025-04-24 01:00:00+00:00,short,sell - direction_change,93632.2,93312.3,5364670240568.7,0.29,2272.41
2025-04-24 01:00:00+00:00,long,buy,93312.3,,5361987905448.41,-0.05,2272.36
2025-04-24 02:00:00+00:00,long,sell - direction_change,93312.3,93447.3,5367064392205.47,0.09,2272.46
2025-04-24 02:00:00+00:00,short,buy,93447.3,,5364380860009.37,-0.05,2272.41
2025-04-24 13:00:00+00:00,short,sell - direction_change,93447.3,92723.3,5403260188667.09,0.72,2273.13
2025-04-24 13:00:00+00:00,long,buy,92723.3,,5400558558572.76,-0.05,2273.08
2025-04-25 02:00:00+00:00,long,sell - direction_change,92723.3,93609.7,5449485595257.41,0.91,2273.99
2025-04-25 02:00:00+00:00,short,buy,93609.7,,5446760852459.78,-0.05,2273.94
2025-04-25 03:00:00+00:00,short,sell - direction_change,93609.7,92941.8,5482899807596.62,0.66,2274.6
2025-04-25 03:00:00+00:00,long,buy,92941.8,,5480158357692.82,-0.05,2274.55
2025-04-25 04:00:00+00:00,long,sell - direction_change,92941.8,93262.9,5496351404929.16,0.3,2274.85
2025-04-25 04:00:00+00:00,short,buy,93262.9,,5493603229226.69,-0.05,2274.8
2025-04-25 06:00:00+00:00,short,sell - direction_change,93262.9,93160.0,5496917699267.66,0.06,2274.86
2025-04-25 06:00:00+00:00,long,buy,93160.0,,5494169240418.03,-0.05,2274.81
2025-04-26 04:00:00+00:00,long,sell - direction_change,93160.0,94685.0,5581359984175.21,1.59,2276.4
2025-04-26 04:00:00+00:00,short,buy,94685.0,,5578569304183.12,-0.05,2276.35
2025-04-26 19:00:00+00:00,short,sell - direction_change,94685.0,94107.5,5609804667291.14,0.56,2276.91
2025-04-26 19:00:00+00:00,long,buy,94107.5,,5606999764957.49,-0.05,2276.86
2025-04-26 20:00:00+00:00,long,sell - direction_change,94107.5,94261.0,5613341917269.8,0.11,2276.97
2025-04-26 20:00:00+00:00,short,buy,94261.0,,5610535246311.16,-0.05,2276.92
2025-04-26 21:00:00+00:00,short,sell - direction_change,94261.0,94043.1,5620699665304.65,0.18,2277.1
2025-04-26 21:00:00+00:00,long,buy,94043.1,,5617889315472.0,-0.05,2277.05
2025-04-27 01:00:00+00:00,long,sell - direction_change,94043.1,94825.3,5661806957055.7,0.78,2277.83
2025-04-27 01:00:00+00:00,short,buy,94825.3,,5658976053577.17,-0.05,2277.78
2025-04-27 02:00:00+00:00,short,sell - direction_change,94825.3,94072.1,5701095970018.96,0.74,2278.53
2025-04-27 02:00:00+00:00,long,buy,94072.1,,5698245422033.95,-0.05,2278.48
2025-04-27 03:00:00+00:00,long,sell - direction_change,94072.1,94290.0,5708595193335.73,0.18,2278.66
2025-04-27 03:00:00+00:00,short,buy,94290.0,,5705740895739.06,-0.05,2278.61
2025-04-27 18:00:00+00:00,short,sell - direction_change,94290.0,94000.1,5720430652141.07,0.26,2278.87
2025-04-27 18:00:00+00:00,long,buy,94000.1,,5717570436815.0,-0.05,2278.82
2025-04-27 22:00:00+00:00,long,sell - direction_change,94000.1,94289.3,5732302285758.97,0.26,2279.07
2025-04-27 22:00:00+00:00,short,buy,94289.3,,5729436134616.09,-0.05,2279.02
2025-04-28 04:00:00+00:00,short,sell - direction_change,94289.3,93800.0,5756303455079.85,0.47,2279.49
2025-04-28 04:00:00+00:00,long,buy,93800.0,,5753425303352.31,-0.05,2279.44
2025-04-28 15:00:00+00:00,long,sell - direction_change,93800.0,94367.9,5785381962020.18,0.56,2280.0
2025-04-28 15:00:00+00:00,short,buy,94367.9,,5782489271039.18,-0.05,2279.95
2025-04-28 19:00:00+00:00,short,sell - direction_change,94367.9,94128.8,5794249122641.95,0.2,2280.15
2025-04-28 19:00:00+00:00,long,buy,94128.8,,5791351998080.62,-0.05,2280.1
2025-04-29 05:00:00+00:00,long,sell - direction_change,94128.8,94310.5,5799635564333.17,0.14,2280.24
2025-04-29 05:00:00+00:00,short,buy,94310.5,,5796735746551.0,-0.05,2280.19
2025-04-29 06:00:00+00:00,short,sell - direction_change,94310.5,94238.2,5798281252843.13,0.03,2280.22
2025-04-29 06:00:00+00:00,long,buy,94238.2,,5795382112216.7,-0.05,2280.17
2025-04-29 21:00:00+00:00,long,sell - direction_change,94238.2,94782.8,5825975777089.65,0.53,2280.7
2025-04-29 21:00:00+00:00,short,buy,94782.8,,5823062789201.1,-0.05,2280.65
2025-04-30 03:00:00+00:00,short,sell - direction_change,94782.8,94599.9,5831387876519.44,0.14,2280.79
2025-04-30 03:00:00+00:00,long,buy,94599.9,,5828472182581.18,-0.05,2280.74
2025-04-30 05:00:00+00:00,long,sell - direction_change,94599.9,95019.9,5851434911652.48,0.39,2281.14
2025-04-30 05:00:00+00:00,short,buy,95019.9,,5848509194196.65,-0.05,2281.09
2025-04-30 08:00:00+00:00,short,sell - direction_change,95019.9,94577.6,5872808664488.69,0.42,2281.5
2025-04-30 08:00:00+00:00,long,buy,94577.6,,5869872260156.44,-0.05,2281.45
2025-04-30 12:00:00+00:00,long,sell - direction_change,94577.6,95126.4,5900998094191.54,0.53,2281.98
2025-04-30 12:00:00+00:00,short,buy,95126.4,,5898047595144.44,-0.05,2281.93
2025-04-30 20:00:00+00:00,short,sell - direction_change,95126.4,94118.2,5957609205465.52,1.01,2282.94
2025-04-30 20:00:00+00:00,long,buy,94118.2,,5954630400862.79,-0.05,2282.89
2025-04-30 22:00:00+00:00,long,sell - direction_change,94118.2,94383.0,5968406339869.82,0.23,2283.12
2025-04-30 22:00:00+00:00,short,buy,94383.0,,5965422136699.88,-0.05,2283.07
2025-04-30 23:00:00+00:00,short,sell - direction_change,94383.0,94075.9,5981849500943.62,0.28,2283.35
2025-04-30 23:00:00+00:00,long,buy,94075.9,,5978858576193.15,-0.05,2283.3
2025-05-01 15:05:00+00:00,long,sell - take_profit,94075.9,96898.177,6155234904190.85,2.95,2286.25
2025-05-01 16:00:00+00:00,long,buy,96793.9,,6152157286738.75,-0.05,2286.2
2025-05-02 07:00:00+00:00,long,sell - direction_change,96793.9,96658.0,6140443492544.42,-0.19,2286.01
2025-05-02 07:00:00+00:00,short,buy,96658.0,,6137373270798.15,-0.05,2285.96
2025-05-02 08:00:00+00:00,short,sell - direction_change,96658.0,96302.0,6156909075093.71,0.32,2286.28
2025-05-02 08:00:00+00:00,long,buy,96302.0,,6153830620556.16,-0.05,2286.23
2025-05-02 13:00:00+00:00,long,sell - direction_change,96302.0,97134.2,6203932433023.36,0.81,2287.04
2025-05-02 13:00:00+00:00,short,buy,97134.2,,6200830466806.85,-0.05,2286.99
2025-05-02 14:00:00+00:00,short,sell - direction_change,97134.2,96709.7,6224829183837.46,0.39,2287.38
2025-05-02 14:00:00+00:00,long,buy,96709.7,,6221716769245.54,-0.05,2287.33
2025-05-02 21:00:00+00:00,long,sell - direction_change,96709.7,96962.8,6234888832990.72,0.21,2287.54
2025-05-02 21:00:00+00:00,short,buy,96962.8,,6231771388574.22,-0.05,2287.49
2025-05-02 23:00:00+00:00,short,sell - direction_change,96962.8,96607.6,6251484105160.62,0.32,2287.8
2025-05-02 23:00:00+00:00,long,buy,96607.6,,6248358363108.04,-0.05,2287.75
2025-05-03 00:00:00+00:00,long,sell - direction_change,96607.6,96831.2,6259696119943.85,0.18,2287.94
2025-05-03 00:00:00+00:00,short,buy,96831.2,,6256566271883.88,-0.05,2287.89
2025-05-03 14:00:00+00:00,short,sell - direction_change,96831.2,96288.0,6288535837363.75,0.51,2288.4
2025-05-03 14:00:00+00:00,long,buy,96288.0,,6285391569445.06,-0.05,2288.35
2025-05-03 16:00:00+00:00,long,sell - direction_change,96288.0,96358.7,6286863957408.68,0.02,2288.37
2025-05-03 16:00:00+00:00,short,buy,96358.7,,6283720525429.98,-0.05,2288.32
2025-05-03 19:00:00+00:00,short,sell - direction_change,96358.7,96103.6,6297214185426.84,0.21,2288.54
2025-05-03 19:00:00+00:00,long,buy,96103.6,,6294065578334.13,-0.05,2288.49
2025-05-03 23:00:00+00:00,long,sell - direction_change,96103.6,96128.8,6292568956690.58,-0.02,2288.46
2025-05-03 23:00:00+00:00,short,buy,96128.8,,6289422672212.24,-0.05,2288.41
2025-05-04 19:00:00+00:00,short,sell - direction_change,96128.8,95332.5,6338377511415.43,0.78,2289.19
2025-05-04 19:00:00+00:00,long,buy,95332.5,,6335208322659.72,-0.05,2289.14
2025-05-04 22:00:00+00:00,long,sell - direction_change,95332.5,95622.6,6351318970242.59,0.25,2289.39
2025-05-04 22:00:00+00:00,short,buy,95622.6,,6348143310757.47,-0.05,2289.34
2025-05-05 09:00:00+00:00,short,sell - direction_change,95622.6,94509.8,6418845225283.3,1.11,2290.46
2025-05-05 09:00:00+00:00,long,buy,94509.8,,6415635802670.65,-0.05,2290.41
2025-05-05 10:00:00+00:00,long,sell - direction_change,94509.8,94510.8,6412495868055.52,-0.05,2290.36
2025-05-05 10:00:00+00:00,short,buy,94510.8,,6409289620121.5,-0.05,2290.31
2025-05-05 12:00:00+00:00,short,sell - direction_change,94510.8,93986.1,6441667726316.38,0.51,2290.81
2025-05-05 12:00:00+00:00,long,buy,93986.1,,6438446892453.22,-0.05,2290.76
2025-05-05 13:00:00+00:00,long,sell - direction_change,93986.1,94279.2,6455306263439.34,0.26,2291.03
2025-05-05 13:00:00+00:00,short,buy,94279.2,,6452078610307.62,-0.05,2290.98
2025-05-05 18:00:00+00:00,short,sell - direction_change,94279.2,94458.6,6436575176808.53,-0.24,2290.74
2025-05-05 18:00:00+00:00,long,buy,94458.6,,6433356889220.12,-0.05,2290.69
2025-05-05 19:00:00+00:00,long,sell - direction_change,94458.6,94675.8,6444933200681.55,0.18,2290.87
2025-05-05 19:00:00+00:00,short,buy,94675.8,,6441710734081.21,-0.05,2290.82
2025-05-05 21:00:00+00:00,short,sell - direction_change,94675.8,94198.3,6470978823888.37,0.45,2291.27
2025-05-05 21:00:00+00:00,long,buy,94198.3,,6467743334476.43,-0.05,2291.22
2025-05-06 05:00:00+00:00,long,sell - direction_change,94198.3,94540.7,6488018966884.37,0.31,2291.53
2025-05-06 05:00:00+00:00,short,buy,94540.7,,6484774957400.92,-0.05,2291.48
2025-05-06 06:00:00+00:00,short,sell - direction_change,94540.7,94300.0,6498042764285.57,0.2,2291.69
2025-05-06 06:00:00+00:00,long,buy,94300.0,,6494793742903.42,-0.05,2291.64
2025-05-06 07:00:00+00:00,long,sell - direction_change,94300.0,94464.0,6502841639497.89,0.12,2291.76
2025-05-06 07:00:00+00:00,short,buy,94464.0,,6499590218678.14,-0.05,2291.71
2025-05-06 15:00:00+00:00,short,sell - direction_change,94464.0,94097.4,6521564315995.2,0.34,2292.05
2025-05-06 15:00:00+00:00,long,buy,94097.4,,6518303533837.2,-0.05,2292.0
2025-05-06 16:00:00+00:00,long,sell - direction_change,94097.4,94513.2,6543847628593.24,0.39,2292.39
2025-05-06 16:00:00+00:00,short,buy,94513.2,,6540575704778.95,-0.05,2292.34
2025-05-06 17:00:00+00:00,short,sell - direction_change,94513.2,94186.3,6559927804041.72,0.3,2292.64
2025-05-06 17:00:00+00:00,long,buy,94186.3,,6556647840139.69,-0.05,2292.59
2025-05-07 00:07:00+00:00,long,sell - take_profit,94186.3,97011.88900000001,6750068951423.82,2.95,2295.54
2025-05-07 01:00:00+00:00,long,buy,97379.5,,6746693916948.1,-0.05,2295.49
2025-05-07 03:08:00+00:00,long,sell - stop_loss,97379.5,96405.705,6675853630820.15,-1.05,2294.44
2025-05-07 04:00:00+00:00,long,buy,96453.8,,6672515704004.74,-0.05,2294.39
2025-05-07 17:00:00+00:00,long,sell - direction_change,96453.8,96801.0,6693198172759.99,0.31,2294.7
2025-05-07 17:00:00+00:00,short,buy,96801.0,,6689851573673.61,-0.05,2294.65
2025-05-07 20:00:00+00:00,short,sell - direction_change,96801.0,96124.5,6733259104881.95,0.65,2295.3
2025-05-07 20:00:00+00:00,long,buy,96124.5,,6729892475329.51,-0.05,2295.25
2025-05-08 03:44:00+00:00,long,sell - take_profit,96124.5,99008.235,6928424303351.73,2.95,2298.2
2025-05-08 04:00:00+00:00,long,buy,99098.0,,6924960091200.05,-0.05,2298.15
2025-05-08 20:39:00+00:00,long,sell - take_profit,99098.0,102070.94,7129246413890.45,2.95,2301.1
2025-05-08 21:00:00+00:00,long,buy,102576.8,,7125681790683.51,-0.05,2301.05
2025-05-09 11:00:00+00:00,long,sell - direction_change,102576.8,103323.8,7174010647497.98,0.68,2301.73
2025-05-09 11:00:00+00:00,short,buy,103323.8,,7170423642174.24,-0.05,2301.68
2025-05-09 12:00:00+00:00,short,sell - direction_change,103323.8,102914.5,7195242867634.22,0.35,2302.02
2025-05-09 12:00:00+00:00,long,buy,102914.5,,7191645246200.4,-0.05,2301.97
2025-05-09 15:00:00+00:00,long,sell - direction_change,102914.5,103111.0,7201780805363.92,0.14,2302.11
2025-05-09 15:00:00+00:00,short,buy,103111.0,,7198179914961.23,-0.05,2302.06
2025-05-09 17:00:00+00:00,short,sell - direction_change,103111.0,102446.7,7240955614478.29,0.59,2302.66
2025-05-09 17:00:00+00:00,long,buy,102446.7,,7237335136671.05,-0.05,2302.61
2025-05-09 22:00:00+00:00,long,sell - direction_change,102446.7,102943.1,7268784589030.87,0.43,2303.04
2025-05-09 22:00:00+00:00,short,buy,102943.1,,7265150196736.35,-0.05,2302.99
2025-05-10 01:00:00+00:00,short,sell - direction_change,102943.1,102821.0,7270134759056.82,0.07,2303.06
2025-05-10 01:00:00+00:00,long,buy,102821.0,,7266499691677.3,-0.05,2303.01
2025-05-10 15:00:00+00:00,long,sell - direction_change,102821.0,103476.6,7309198584077.34,0.59,2303.6
2025-05-10 15:00:00+00:00,short,buy,103476.6,,7305543984785.3,-0.05,2303.55
2025-05-10 21:00:00+00:00,short,sell - direction_change,103476.6,103144.9,7325309540605.7,0.27,2303.82
2025-05-10 21:00:00+00:00,long,buy,103144.9,,7321646885835.4,-0.05,2303.77
2025-05-11 07:00:00+00:00,long,sell - direction_change,103144.9,103809.2,7365140793515.98,0.59,2304.36
2025-05-11 07:00:00+00:00,short,buy,103809.2,,7361458223119.22,-0.05,2304.31
2025-05-11 08:00:00+00:00,short,sell - direction_change,103809.2,103327.8,7391915181116.41,0.41,2304.73
2025-05-11 08:00:00+00:00,long,buy,103327.8,,7388219223525.86,-0.05,2304.68
2025-05-11 22:00:00+00:00,long,sell - direction_change,103327.8,104314.2,7455055401427.09,0.9,2305.58
2025-05-11 22:00:00+00:00,short,buy,104314.2,,7451327873726.38,-0.05,2305.53
2025-05-11 23:00:00+00:00,short,sell - direction_change,104314.2,103749.1,7487968194300.18,0.49,2306.02
2025-05-11 23:00:00+00:00,long,buy,103749.1,,7484224210203.03,-0.05,2305.97
2025-05-12 01:00:00+00:00,long,sell - direction_change,103749.1,104541.4,7537636818878.58,0.71,2306.69
2025-05-12 01:00:00+00:00,short,buy,104541.4,,7533868000469.14,-0.05,2306.64
2025-05-12 03:00:00+00:00,short,sell - direction_change,104541.4,103851.9,7579790490814.9,0.61,2307.25
2025-05-12 03:00:00+00:00,long,buy,103851.9,,7576000595569.49,-0.05,2307.2
2025-05-12 04:00:00+00:00,long,sell - direction_change,103851.9,104064.0,7587685299442.94,0.15,2307.35
2025-05-12 04:00:00+00:00,short,buy,104064.0,,7583891456793.21,-0.05,2307.3
2025-05-12 06:00:00+00:00,short,sell - direction_change,104064.0,103906.4,7591584955537.36,0.1,2307.4
2025-05-12 06:00:00+00:00,long,buy,103906.4,,7587789163059.59,-0.05,2307.35
2025-05-12 11:00:00+00:00,long,sell - direction_change,103906.4,104471.8,7625283735721.6,0.49,2307.84
2025-05-12 11:00:00+00:00,short,buy,104471.8,,7621471093853.74,-0.05,2307.79
2025-05-12 13:00:00+00:00,short,sell - direction_change,104471.8,103828.9,7664561471968.48,0.57,2308.36
2025-05-12 13:00:00+00:00,long,buy,103828.9,,7660729191232.49,-0.05,2308.31
2025-05-12 14:00:00+00:00,long,sell - direction_change,103828.9,104283.2,7690418099898.72,0.39,2308.7
2025-05-12 14:00:00+00:00,short,buy,104283.2,,7686572890848.77,-0.05,2308.65
2025-05-12 18:43:00+00:00,short,sell - take_profit,104283.2,101154.704,7913326791128.81,2.95,2311.6
2025-05-12 19:00:00+00:00,short,buy,101583.6,,7909370127733.25,-0.05,2311.55
2025-05-12 20:41:00+00:00,short,sell - stop_loss,101583.6,102599.436,7826321741392.05,-1.05,2310.5
2025-05-12 21:00:00+00:00,short,buy,102639.5,,7822408580521.35,-0.05,2310.45
2025-05-13 04:00:00+00:00,short,sell - direction_change,102639.5,101681.3,7891524153464.57,0.88,2311.33
2025-05-13 04:00:00+00:00,long,buy,101681.3,,7887578391387.84,-0.05,2311.28
2025-05-13 19:37:00+00:00,long,sell - take_profit,101681.3,104731.739,8120261953933.78,2.95,2314.23
2025-05-13 20:00:00+00:00,long,buy,104744.7,,8116201822956.81,-0.05,2314.18
2025-05-14 01:52:00+00:00,long,sell - stop_loss,104744.7,103697.253,8030981703815.76,-1.05,2313.13
2025-05-14 02:00:00+00:00,short,buy,103680.0,,8026966212963.86,-0.05,2313.08
2025-05-14 11:00:00+00:00,short,sell - direction_change,103680.0,103663.4,8024237911562.0,-0.03,2313.05
2025-05-14 11:00:00+00:00,long,buy,103663.4,,8020225792606.22,-0.05,2313.0
2025-05-14 14:00:00+00:00,long,sell - direction_change,103663.4,103913.7,8035580880117.09,0.19,2313.19
2025-05-14 14:00:00+00:00,short,buy,103913.7,,8031563089677.03,-0.05,2313.14
2025-05-14 18:00:00+00:00,short,sell - direction_change,103913.7,103208.2,8082075900221.27,0.63,2313.77
2025-05-14 18:00:00+00:00,long,buy,103208.2,,8078034862271.16,-0.05,2313.72
2025-05-14 19:00:00+00:00,long,sell - direction_change,103208.2,103474.5,8094838962768.86,0.21,2313.93
2025-05-14 19:00:00+00:00,short,buy,103474.5,,8090791543287.48,-0.05,2313.88
2025-05-15 00:00:00+00:00,short,sell - direction_change,103474.5,103458.1,8088028482596.55,-0.03,2313.84
2025-05-15 00:00:00+00:00,long,buy,103458.1,,8083984468355.26,-0.05,2313.79
2025-05-15 01:00:00+00:00,long,sell - direction_change,103458.1,103746.0,8102438338005.64,0.23,2314.02
2025-05-15 01:00:00+00:00,short,buy,103746.0,,8098387118836.64,-0.05,2313.97
2025-05-15 15:00:00+00:00,short,sell - direction_change,103746.0,101931.9,8235946122916.47,1.7,2315.67
2025-05-15 15:00:00+00:00,long,buy,101931.9,,8231828149855.01,-0.05,2315.62
2025-05-16 08:00:00+00:00,long,sell - direction_change,101931.9,103646.5,8366180100557.86,1.63,2317.25
2025-05-16 08:00:00+00:00,short,buy,103646.5,,8361997010507.58,-0.05,2317.2
2025-05-16 09:00:00+00:00,short,sell - direction_change,103646.5,103357.9,8381099695843.39,0.23,2317.43
2025-05-16 09:00:00+00:00,long,buy,103357.9,,8376909145995.46,-0.05,2317.38
2025-05-16 11:00:00+00:00,long,sell - direction_change,103357.9,103749.8,8404483243625.21,0.33,2317.71
2025-05-16 11:00:00+00:00,short,buy,103749.8,,8400281002003.4,-0.05,2317.66
2025-05-16 13:00:00+00:00,short,sell - direction_change,103749.8,103454.2,8420014623921.14,0.23,2317.89
2025-05-16 13:00:00+00:00,long,buy,103454.2,,8415804616609.18,-0.05,2317.84
2025-05-16 14:00:00+00:00,long,sell - direction_change,103454.2,103953.7,8452230099953.62,0.43,2318.28
2025-05-16 14:00:00+00:00,short,buy,103953.7,,8448003984903.64,-0.05,2318.23
2025-05-16 15:00:00+00:00,short,sell - direction_change,103953.7,103540.0,8477400135426.73,0.35,2318.57
2025-05-16 15:00:00+00:00,long,buy,103540.0,,8473161435359.02,-0.05,2318.52
2025-05-16 20:00:00+00:00,long,sell - direction_change,103540.0,103974.3,8504465650578.91,0.37,2318.89
2025-05-16 20:00:00+00:00,short,buy,103974.3,,8500213417753.62,-0.05,2318.84
2025-05-17 11:00:00+00:00,short,sell - direction_change,103974.3,102832.4,8589317088869.97,1.05,2319.89
2025-05-17 11:00:00+00:00,long,buy,102832.4,,8585022430325.53,-0.05,2319.84
2025-05-17 12:00:00+00:00,long,sell - direction_change,102832.4,102944.1,8590055258259.0,0.06,2319.9
2025-05-17 12:00:00+00:00,short,buy,102944.1,,8585760230629.87,-0.05,2319.85
2025-05-17 19:00:00+00:00,short,sell - direction_change,102944.1,102950.3,8580950257126.69,-0.06,2319.79
2025-05-17 19:00:00+00:00,long,buy,102950.3,,8576659781998.12,-0.05,2319.74
2025-05-18 19:00:00+00:00,long,sell - direction_change,102950.3,104455.7,8697784429396.36,1.41,2321.16
2025-05-18 19:00:00+00:00,short,buy,104455.7,,8693435537181.66,-0.05,2321.11
2025-05-18 20:00:00+00:00,short,sell - direction_change,104455.7,103834.1,8740822133439.13,0.55,2321.65
2025-05-18 20:00:00+00:00,long,buy,103834.1,,8736451722372.41,-0.05,2321.6
2025-05-19 00:08:00+00:00,long,sell - take_profit,103834.1,106949.123,8994177048182.4,2.95,2324.55
2025-05-19 01:00:00+00:00,long,buy,105225.2,,8989679959658.31,-0.05,2324.5
2025-05-19 02:00:00+00:00,long,sell - direction_change,105225.2,105022.6,8967876441150.65,-0.24,2324.26
2025-05-19 02:00:00+00:00,short,buy,105022.6,,8963392502930.07,-0.05,2324.21
2025-05-19 14:00:00+00:00,short,sell - direction_change,105022.6,103239.8,9111067924805.79,1.65,2325.86
2025-05-19 14:00:00+00:00,long,buy,103239.8,,9106512390843.38,-0.05,2325.81
2025-05-20 00:18:00+00:00,long,sell - take_profit,103239.8,106336.994,9375154506373.26,2.95,2328.76
2025-05-20 01:00:00+00:00,long,buy,105674.8,,9370466929120.08,-0.05,2328.71
2025-05-20 06:00:00+00:00,long,sell - direction_change,105674.8,106065.5,9400426108790.98,0.32,2329.03
2025-05-20 06:00:00+00:00,short,buy,106065.5,,9395725895736.58,-0.05,2328.98
2025-05-20 17:00:00+00:00,short,sell - direction_change,106065.5,105159.6,9471276446164.86,0.8,2329.78
2025-05-20 17:00:00+00:00,long,buy,105159.6,,9466540807941.78,-0.05,2329.73
2025-05-21 07:00:00+00:00,long,sell - direction_change,105159.6,107710.6,9691450343340.22,2.38,2332.11
2025-05-21 07:00:00+00:00,short,buy,107710.6,,9686604618168.56,-0.05,2332.06
2025-05-21 11:00:00+00:00,short,sell - direction_change,107710.6,106290.2,9809500398174.92,1.27,2333.32
2025-05-21 11:00:00+00:00,long,buy,106290.2,,9804595647975.83,-0.05,2333.27
2025-05-21 16:34:00+00:00,long,sell - take_profit,106290.2,109478.906,10093831219591.12,2.95,2336.22
2025-05-21 17:00:00+00:00,long,buy,109101.0,,10088784303981.33,-0.05,2336.17
2025-05-21 17:24:00+00:00,long,sell - stop_loss,109101.0,108009.99,9982852068789.52,-1.05,2335.12
2025-05-21 18:00:00+00:00,long,buy,106566.9,,9977860642755.13,-0.05,2335.07
2025-05-21 23:23:00+00:00,long,sell - take_profit,106566.9,109763.90699999999,10272207531716.4,2.95,2338.02
2025-05-22 00:00:00+00:00,long,buy,109609.6,,10267071427950.55,-0.05,2337.97
2025-05-23 04:00:00+00:00,long,sell - direction_change,109609.6,111044.0,10396297357614.17,1.26,2339.23
2025-05-23 04:00:00+00:00,short,buy,111044.0,,10391099208935.36,-0.05,2339.18
2025-05-23 09:00:00+00:00,short,sell - direction_change,111044.0,110890.1,10400305069296.81,0.09,2339.27
2025-05-23 09:00:00+00:00,long,buy,110890.1,,10395104916762.16,-0.05,2339.22
2025-05-23 10:00:00+00:00,long,sell - direction_change,110890.1,111282.2,10426663762195.59,0.3,2339.53
2025-05-23 10:00:00+00:00,short,buy,111282.2,,10421450430314.49,-0.05,2339.48
2025-05-23 12:13:00+00:00,short,sell - take_profit,111282.2,107943.734,10728883218008.76,2.95,2342.43
2025-05-23 13:00:00+00:00,short,buy,108401.1,,10723518776399.76,-0.05,2342.38
2025-05-23 13:35:00+00:00,short,sell - stop_loss,108401.1,109485.111,10610921829247.56,-1.05,2341.33
2025-05-23 14:00:00+00:00,short,buy,109603.4,,10605616368332.94,-0.05,2341.28
2025-05-24 04:00:00+00:00,short,sell - direction_change,109603.4,108306.7,10725786882553.16,1.13,2342.41
2025-05-24 04:00:00+00:00,long,buy,108306.7,,10720423989111.89,-0.05,2342.36
2025-05-24 05:00:00+00:00,long,sell - direction_change,108306.7,108438.4,10728099718932.25,0.07,2342.43
2025-05-24 05:00:00+00:00,short,buy,108438.4,,10722735669072.78,-0.05,2342.38
2025-05-24 08:00:00+00:00,short,sell - direction_change,108438.4,107550.7,10805152915211.12,0.77,2343.15
2025-05-24 08:00:00+00:00,long,buy,107550.7,,10799750338753.51,-0.05,2343.1
2025-05-24 22:00:00+00:00,long,sell - direction_change,107550.7,108788.5,10918644689184.8,1.1,2344.2
2025-05-24 22:00:00+00:00,short,buy,108788.5,,10913185366840.21,-0.05,2344.15
2025-05-25 18:00:00+00:00,short,sell - direction_change,108788.5,107323.1,11054731277514.84,1.3,2345.45
2025-05-25 18:00:00+00:00,long,buy,107323.1,,11049203911876.08,-0.05,2345.4
2025-05-26 13:00:00+00:00,long,sell - direction_change,107323.1,109781.6,11296788545651.76,2.24,2347.64
2025-05-26 13:00:00+00:00,short,buy,109781.6,,11291140151378.93,-0.05,2347.59
2025-05-26 14:00:00+00:00,short,sell - direction_change,109781.6,109549.1,11309407423575.5,0.16,2347.75
2025-05-26 14:00:00+00:00,long,buy,109549.1,,11303752719863.71,-0.05,2347.7
2025-05-26 16:00:00+00:00,long,sell - direction_change,109549.1,109963.2,11340829483002.37,0.33,2348.03
2025-05-26 16:00:00+00:00,short,buy,109963.2,,11335159068260.87,-0.05,2347.98
2025-05-26 20:00:00+00:00,short,sell - direction_change,109963.2,109074.4,11421110224629.93,0.76,2348.74
2025-05-26 20:00:00+00:00,long,buy,109074.4,,11415399669517.62,-0.05,2348.69
2025-05-26 21:00:00+00:00,long,sell - direction_change,109074.4,109547.7,11459226128601.75,0.38,2349.07
2025-05-26 21:00:00+00:00,short,buy,109547.7,,11453496515537.45,-0.05,2349.02
2025-05-27 07:00:00+00:00,short,sell - direction_change,109547.7,108780.7,11527961609074.78,0.65,2349.67
2025-05-27 07:00:00+00:00,long,buy,108780.7,,11522197628270.24,-0.05,2349.62
2025-05-27 20:00:00+00:00,long,sell - direction_change,108780.7,109824.8,11627029001683.97,0.91,2350.53
2025-05-27 20:00:00+00:00,short,buy,109824.8,,11621215487183.12,-0.05,2350.48
2025-05-28 08:00:00+00:00,short,sell - direction_change,109824.8,108764.9,11727559204281.15,0.92,2351.39
2025-05-28 08:00:00+00:00,long,buy,108764.9,,11721695424679.01,-0.05,2351.34
2025-05-28 09:00:00+00:00,long,sell - direction_change,108764.9,108989.9,11740083038286.02,0.16,2351.5
2025-05-28 09:00:00+00:00,short,buy,108989.9,,11734212996766.87,-0.05,2351.45
2025-05-28 11:00:00+00:00,short,sell - direction_change,108989.9,108786.3,11750266139448.84,0.14,2351.59
2025-05-28 11:00:00+00:00,long,buy,108786.3,,11744391006379.12,-0.05,2351.54
2025-05-28 13:00:00+00:00,long,sell - direction_change,108786.3,108833.0,11743560466488.79,-0.01,2351.53
2025-05-28 13:00:00+00:00,short,buy,108833.0,,11737688686255.55,-0.05,2351.48
2025-05-29 00:00:00+00:00,short,sell - direction_change,108833.0,107723.1,11851523063112.56,0.97,2352.45
2025-05-29 00:00:00+00:00,long,buy,107723.1,,11845597301581.0,-0.05,2352.4
2025-05-29 04:00:00+00:00,long,sell - direction_change,107723.1,107996.5,11869738493868.58,0.2,2352.61
2025-05-29 04:00:00+00:00,short,buy,107996.5,,11863803624621.64,-0.05,2352.56
2025-05-29 05:00:00+00:00,short,sell - direction_change,107996.5,107516.2,11910634403830.53,0.39,2352.95
2025-05-29 05:00:00+00:00,long,buy,107516.2,,11904679086628.61,-0.05,2352.9
2025-05-29 13:00:00+00:00,long,sell - direction_change,107516.2,108388.9,11995356031220.16,0.76,2353.66
2025-05-29 13:00:00+00:00,short,buy,108388.9,,11989358353204.55,-0.05,2353.61
2025-05-29 14:00:00+00:00,short,sell - direction_change,108388.9,107569.1,12074045247306.74,0.71,2354.32
2025-05-29 14:00:00+00:00,long,buy,107569.1,,12068008224683.08,-0.05,2354.27
2025-05-29 14:34:00+00:00,long,sell - stop_loss,107569.1,106493.409,11941294138323.91,-1.05,2353.22
2025-05-29 15:00:00+00:00,short,buy,107571.1,,11935323491254.74,-0.05,2353.17
2025-05-30 03:00:00+00:00,short,sell - direction_change,107571.1,105952.3,12108966353782.3,1.45,2354.62
2025-05-30 03:00:00+00:00,long,buy,105952.3,,12102911870605.42,-0.05,2354.57
2025-05-30 06:00:00+00:00,long,sell - direction_change,105952.3,106028.0,12105507611839.07,0.02,2354.59
2025-05-30 06:00:00+00:00,short,buy,106028.0,,12099454858033.15,-0.05,2354.54
2025-05-30 09:00:00+00:00,short,sell - direction_change,106028.0,105129.6,12195926636663.45,0.8,2355.34
2025-05-30 09:00:00+00:00,long,buy,105129.6,,12189828673345.12,-0.05,2355.29
2025-05-30 12:00:00+00:00,long,sell - direction_change,105129.6,105827.4,12264644011194.89,0.61,2355.91
2025-05-30 12:00:00+00:00,short,buy,105827.4,,12258511689189.29,-0.05,2355.86
2025-05-31 11:00:00+00:00,short,sell - direction_change,105827.4,103372.3,12536768821445.78,2.27,2358.13
2025-05-31 11:00:00+00:00,long,buy,103372.3,,12530500437035.06,-0.05,2358.08
2025-06-01 01:00:00+00:00,long,sell - direction_change,103372.3,104408.7,12649864689622.84,0.95,2359.03
2025-06-01 01:00:00+00:00,short,buy,104408.7,,12643539757278.02,-0.05,2358.98
2025-06-01 03:00:00+00:00,short,sell - direction_change,104408.7,104144.0,12669272260402.99,0.2,2359.18
2025-06-01 03:00:00+00:00,long,buy,104144.0,,12662937624272.79,-0.05,2359.13
2025-06-01 06:00:00+00:00,long,sell - direction_change,104144.0,104485.7,12698153683750.46,0.28,2359.41
2025-06-01 06:00:00+00:00,short,buy,104485.7,,12691804606908.58,-0.05,2359.36
2025-06-01 14:00:00+00:00,short,sell - direction_change,104485.7,104215.9,12718231121145.81,0.21,2359.57
2025-06-01 14:00:00+00:00,long,buy,104215.9,,12711872005585.24,-0.05,2359.52
2025-06-02 03:00:00+00:00,long,sell - direction_change,104215.9,104986.9,12799559812584.29,0.69,2360.21
2025-06-02 03:00:00+00:00,short,buy,104986.9,,12793160032678.0,-0.05,2360.16
2025-06-02 06:00:00+00:00,short,sell - direction_change,104986.9,104781.2,12811828989587.9,0.15,2360.3
2025-06-02 06:00:00+00:00,long,buy,104781.2,,12805423075093.1,-0.05,2360.25
2025-06-02 09:00:00+00:00,long,sell - direction_change,104781.2,105290.1,12861213579541.97,0.44,2360.69
2025-06-02 09:00:00+00:00,short,buy,105290.1,,12854782972752.2,-0.05,2360.64
2025-06-02 20:00:00+00:00,short,sell - direction_change,105290.1,104366.5,12961117156700.11,0.83,2361.47
2025-06-02 20:00:00+00:00,long,buy,104366.5,,12954636598121.76,-0.05,2361.42
2025-06-03 08:00:00+00:00,long,sell - direction_change,104366.5,105134.4,13043475932615.48,0.69,2362.1
2025-06-03 08:00:00+00:00,short,buy,105134.4,,13036954194649.17,-0.05,2362.05
2025-06-03 14:00:00+00:00,short,sell - direction_change,105134.4,105370.4,13001171069730.23,-0.27,2361.78
2025-06-03 14:00:00+00:00,long,buy,105370.4,,12994670484195.36,-0.05,2361.73
2025-06-03 21:00:00+00:00,long,sell - direction_change,105370.4,105692.1,13027846392053.47,0.26,2361.98
2025-06-03 21:00:00+00:00,short,buy,105692.1,,13021332468857.44,-0.05,2361.93
2025-06-03 22:00:00+00:00,short,sell - direction_change,105692.1,105311.9,13061662679137.53,0.31,2362.24
2025-06-03 22:00:00+00:00,long,buy,105311.9,,13055131847797.96,-0.05,2362.19
2025-06-03 23:00:00+00:00,long,sell - direction_change,105311.9,105686.6,13095054473194.98,0.31,2362.5
2025-06-03 23:00:00+00:00,short,buy,105686.6,,13088506945958.39,-0.05,2362.45
2025-06-04 09:00:00+00:00,short,sell - direction_change,105686.6,105391.7,13118483885317.45,0.23,2362.68
2025-06-04 09:00:00+00:00,long,buy,105391.7,,13111924643374.8,-0.05,2362.63
2025-06-04 11:00:00+00:00,long,sell - direction_change,105391.7,105650.3,13137541458537.26,0.2,2362.82
2025-06-04 11:00:00+00:00,short,buy,105650.3,,13130972687807.99,-0.05,2362.77
2025-06-04 16:00:00+00:00,short,sell - direction_change,105650.3,105254.7,13173575190530.82,0.32,2363.1
2025-06-04 16:00:00+00:00,long,buy,105254.7,,13166988402935.56,-0.05,2363.05
2025-06-04 17:00:00+00:00,long,sell - direction_change,105254.7,105408.8,13179682270342.57,0.1,2363.14
2025-06-04 17:00:00+00:00,short,buy,105408.8,,13173092429207.4,-0.05,2363.09
2025-06-05 03:00:00+00:00,short,sell - direction_change,105408.8,104951.1,13223705323692.7,0.38,2363.48
2025-06-05 03:00:00+00:00,long,buy,104951.1,,13217093471030.85,-0.05,2363.43
2025-06-05 05:00:00+00:00,long,sell - direction_change,104951.1,105134.6,13233594130887.12,0.12,2363.55
2025-06-05 05:00:00+00:00,short,buy,105134.6,,13226977333821.67,-0.05,2363.5
2025-06-05 09:00:00+00:00,short,sell - direction_change,105134.6,104629.9,13283860120028.88,0.43,2363.93
2025-06-05 09:00:00+00:00,long,buy,104629.9,,13277218189968.86,-0.05,2363.88
2025-06-05 10:00:00+00:00,long,sell - direction_change,104629.9,104854.9,13299131401077.69,0.17,2364.05
2025-06-05 10:00:00+00:00,short,buy,104854.9,,13292481835377.15,-0.05,2364.0
2025-06-05 11:00:00+00:00,short,sell - direction_change,104854.9,104613.2,13316475963766.1,0.18,2364.18
2025-06-05 11:00:00+00:00,long,buy,104613.2,,13309817725784.22,-0.05,2364.13
2025-06-05 13:00:00+00:00,long,sell - direction_change,104613.2,105600.7,13428801311912.51,0.89,2365.02
2025-06-05 13:00:00+00:00,short,buy,105600.7,,13422086911256.56,-0.05,2364.97
2025-06-05 19:15:00+00:00,short,sell - take_profit,105600.7,102432.67899999999,13818038475138.62,2.95,2367.92
2025-06-05 20:00:00+00:00,short,buy,101873.0,,13811129455901.06,-0.05,2367.87
2025-06-06 03:00:00+00:00,short,sell - direction_change,101873.0,102148.1,13766928025602.07,-0.32,2367.55
2025-06-06 03:00:00+00:00,long,buy,102148.1,,13760044561589.26,-0.05,2367.5
2025-06-06 15:15:00+00:00,long,sell - take_profit,102148.1,105212.543,14165965876156.15,2.95,2370.45
2025-06-06 16:00:00+00:00,long,buy,105035.4,,14158882893218.07,-0.05,2370.4
2025-06-07 00:15:00+00:00,long,sell - stop_loss,105035.4,103985.04599999999,14010214622839.28,-1.05,2369.35
2025-06-07 01:00:00+00:00,short,buy,104470.5,,14003209515527.86,-0.05,2369.3
2025-06-07 03:00:00+00:00,short,sell - direction_change,104470.5,104475.3,13995564519519.22,-0.05,2369.25
2025-06-07 03:00:00+00:00,long,buy,104475.3,,13988566737259.46,-0.05,2369.2
2025-06-07 23:00:00+00:00,long,sell - direction_change,104475.3,105765.0,14154254939808.97,1.18,2370.38
2025-06-07 23:00:00+00:00,short,buy,105765.0,,14147177812339.07,-0.05,2370.33
2025-06-08 00:00:00+00:00,short,sell - direction_change,105765.0,105507.5,14174547548603.58,0.19,2370.53
2025-06-08 00:00:00+00:00,long,buy,105507.5,,14167460274829.28,-0.05,2370.48
2025-06-08 05:00:00+00:00,long,sell - direction_change,105507.5,105565.8,14168205020715.11,0.01,2370.48
2025-06-08 05:00:00+00:00,short,buy,105565.8,,14161120918204.75,-0.05,2370.43
2025-06-08 11:00:00+00:00,short,sell - direction_change,105565.8,105298.4,14189910722328.95,0.2,2370.63
2025-06-08 11:00:00+00:00,long,buy,105298.4,,14182815766967.79,-0.05,2370.58
2025-06-09 00:00:00+00:00,long,sell - direction_change,105298.4,105676.5,14226651273847.4,0.31,2370.89
2025-06-09 00:00:00+00:00,short,buy,105676.5,,14219537948210.48,-0.05,2370.84
2025-06-09 08:00:00+00:00,short,sell - direction_change,105676.5,105516.7,14233930425848.66,0.1,2370.94
2025-06-09 08:00:00+00:00,long,buy,105516.7,,14226813460635.74,-0.05,2370.89
2025-06-09 19:24:00+00:00,long,sell - take_profit,105516.7,108682.201,14646504457724.5,2.95,2373.84
2025-06-09 20:00:00+00:00,long,buy,108515.1,,14639181205495.64,-0.05,2373.79
2025-06-10 07:00:00+00:00,long,sell - direction_change,108515.1,109460.1,14759346418751.46,0.82,2374.62
2025-06-10 07:00:00+00:00,short,buy,109460.1,,14751966745542.08,-0.05,2374.57
2025-06-10 09:00:00+00:00,short,sell - direction_change,109460.1,109051.4,14799671369704.88,0.32,2374.89
2025-06-10 09:00:00+00:00,long,buy,109051.4,,14792271534020.02,-0.05,2374.84
2025-06-10 10:00:00+00:00,long,sell - direction_change,109051.4,109475.4,14842388856406.0,0.34,2375.18
2025-06-10 10:00:00+00:00,short,buy,109475.4,,14834967661977.8,-0.05,2375.13
2025-06-10 12:00:00+00:00,short,sell - direction_change,109475.4,109498.0,14824487661187.19,-0.07,2375.06
2025-06-10 12:00:00+00:00,long,buy,109498.0,,14817075417356.6,-0.05,2375.01
2025-06-10 13:00:00+00:00,long,sell - direction_change,109498.0,109645.0,14829558659281.8,0.08,2375.09
2025-06-10 13:00:00+00:00,short,buy,109645.0,,14822143879952.16,-0.05,2375.04
2025-06-10 18:00:00+00:00,short,sell - direction_change,109645.0,108668.0,14946806633272.92,0.84,2375.88
2025-06-10 18:00:00+00:00,long,buy,108668.0,,14939333229956.28,-0.05,2375.83
2025-06-11 05:00:00+00:00,long,sell - direction_change,108668.0,109521.7,15049227541498.76,0.74,2376.57
2025-06-11 05:00:00+00:00,short,buy,109521.7,,15041702927728.0,-0.05,2376.52
2025-06-11 06:00:00+00:00,short,sell - direction_change,109521.7,109423.8,15047627655693.83,0.04,2376.56
2025-06-11 06:00:00+00:00,long,buy,109423.8,,15040103841865.98,-0.05,2376.51
2025-06-11 07:00:00+00:00,long,sell - direction_change,109423.8,109555.6,15050699462096.43,0.07,2376.58
2025-06-11 07:00:00+00:00,short,buy,109555.6,,15043174112365.38,-0.05,2376.53
2025-06-11 12:00:00+00:00,short,sell - direction_change,109555.6,109200.1,15084466537527.16,0.27,2376.8
2025-06-11 12:00:00+00:00,long,buy,109200.1,,15076924304258.39,-0.05,2376.75
2025-06-11 16:00:00+00:00,long,sell - direction_change,109200.1,109694.9,15137701366961.52,0.4,2377.16
2025-06-11 16:00:00+00:00,short,buy,109694.9,,15130132516278.04,-0.05,2377.11
2025-06-12 14:00:00+00:00,short,sell - direction_change,109694.9,107015.8,15492093636053.72,2.39,2379.5
2025-06-12 14:00:00+00:00,long,buy,107015.8,,15484347589235.69,-0.05,2379.45
2025-06-12 15:00:00+00:00,long,sell - direction_change,107015.8,107559.9,15555332421390.68,0.46,2379.91
2025-06-12 15:00:00+00:00,short,buy,107559.9,,15547554755179.99,-0.05,2379.86
2025-06-12 16:00:00+00:00,short,sell - direction_change,107559.9,106960.6,15626408518036.07,0.51,2380.36
2025-06-12 16:00:00+00:00,long,buy,106960.6,,15618595313777.05,-0.05,2380.31
2025-06-12 18:00:00+00:00,long,sell - direction_change,106960.6,108239.8,15797577293706.33,1.15,2381.46
2025-06-12 18:00:00+00:00,short,buy,108239.8,,15789678505059.48,-0.05,2381.41
2025-06-13 00:02:00+00:00,short,sell - take_profit,108239.8,104992.606,16255474020958.74,2.95,2384.36
2025-06-13 01:00:00+00:00,short,buy,103733.7,,16247346283948.26,-0.05,2384.31
2025-06-13 07:29:00+00:00,short,sell - stop_loss,103733.7,104771.037,16076749147966.8,-1.05,2383.26
2025-06-13 08:00:00+00:00,short,buy,104831.4,,16068710773392.82,-0.05,2383.21
2025-06-13 09:00:00+00:00,short,sell - direction_change,104831.4,104679.3,16083990529127.72,0.1,2383.3
2025-06-13 09:00:00+00:00,long,buy,104679.3,,16075948533863.16,-0.05,2383.25
2025-06-14 03:00:00+00:00,long,sell - direction_change,104679.3,105337.5,16168992524464.05,0.58,2383.83
2025-06-14 03:00:00+00:00,short,buy,105337.5,,16160908028201.82,-0.05,2383.78
2025-06-14 04:00:00+00:00,short,sell - direction_change,105337.5,105189.3,16175564458675.95,0.09,2383.87
2025-06-14 04:00:00+00:00,long,buy,105189.3,,16167476676446.61,-0.05,2383.82
2025-06-14 05:00:00+00:00,long,sell - direction_change,105189.3,105323.8,16180065436290.07,0.08,2383.9
2025-06-14 05:00:00+00:00,short,buy,105323.8,,16171975403571.92,-0.05,2383.85
2025-06-14 21:00:00+00:00,short,sell - direction_change,105323.8,104833.4,16239188035345.62,0.42,2384.27
2025-06-14 21:00:00+00:00,long,buy,104833.4,,16231068441327.95,-0.05,2384.22
2025-06-15 08:00:00+00:00,long,sell - direction_change,104833.4,105374.2,16306683491187.08,0.47,2384.68
2025-06-15 08:00:00+00:00,short,buy,105374.2,,16298530149441.48,-0.05,2384.63
2025-06-15 13:00:00+00:00,short,sell - direction_change,105374.2,105250.0,16309591255070.03,0.07,2384.7
2025-06-15 13:00:00+00:00,long,buy,105250.0,,16301436459442.5,-0.05,2384.65
2025-06-15 19:00:00+00:00,long,sell - direction_change,105250.0,105437.3,16322295328375.28,0.13,2384.78
2025-06-15 19:00:00+00:00,short,buy,105437.3,,16314134180711.09,-0.05,2384.73
2025-06-15 23:00:00+00:00,short,sell - direction_change,105437.3,105210.2,16341115910540.23,0.17,2384.89
2025-06-15 23:00:00+00:00,long,buy,105210.2,,16332945352584.96,-0.05,2384.84
2025-06-16 19:05:00+00:00,long,sell - take_profit,105210.2,108366.506,16814767240486.22,2.95,2387.79
2025-06-16 20:00:00+00:00,long,buy,108594.2,,16806359856865.97,-0.05,2387.74
2025-06-16 22:44:00+00:00,long,sell - stop_loss,108594.2,107508.258,16629893078368.88,-1.05,2386.69
2025-06-16 23:00:00+00:00,short,buy,107645.5,,16621578131829.7,-0.05,2386.64
2025-06-17 03:00:00+00:00,short,sell - direction_change,107645.5,107436.4,16645554544619.56,0.14,2386.79
2025-06-17 03:00:00+00:00,long,buy,107436.4,,16637231767347.24,-0.05,2386.74
2025-06-17 04:00:00+00:00,long,sell - direction_change,107436.4,107553.3,16647015883811.3,0.06,2386.8
2025-06-17 04:00:00+00:00,short,buy,107553.3,,16638692375869.39,-0.05,2386.75
2025-06-17 15:22:00+00:00,short,sell - take_profit,107553.3,104326.701,17129533800957.54,2.95,2389.7
2025-06-17 16:00:00+00:00,short,buy,104199.2,,17120969034057.06,-0.05,2389.65
2025-06-17 19:24:00+00:00,short,sell - stop_loss,104199.2,105241.192,16941198859199.46,-1.05,2388.6
2025-06-17 20:00:00+00:00,short,buy,104630.5,,16932728259769.86,-0.05,2388.55
2025-06-17 21:00:00+00:00,short,sell - direction_change,104630.5,104305.6,16976841625370.78,0.26,2388.81
2025-06-17 21:00:00+00:00,long,buy,104305.6,,16968353204558.1,-0.05,2388.76
2025-06-17 22:00:00+00:00,long,sell - direction_change,104305.6,104490.0,16989867075336.98,0.13,2388.88
2025-06-17 22:00:00+00:00,short,buy,104490.0,,16981372141799.31,-0.05,2388.83
2025-06-17 23:00:00+00:00,short,sell - direction_change,104490.0,104183.5,17022692830610.8,0.24,2389.08
2025-06-17 23:00:00+00:00,long,buy,104183.5,,17014181484195.5,-0.05,2389.03
2025-06-18 10:00:00+00:00,long,sell - direction_change,104183.5,104650.6,17081956378328.82,0.4,2389.43
2025-06-18 10:00:00+00:00,short,buy,104650.6,,17073415400139.66,-0.05,2389.38
2025-06-18 11:00:00+00:00,short,sell - direction_change,104650.6,104218.9,17135309186180.1,0.36,2389.74
2025-06-18 11:00:00+00:00,long,buy,104218.9,,17126741531587.0,-0.05,2389.69
2025-06-18 12:00:00+00:00,long,sell - direction_change,104218.9,104791.1,17212210255809.49,0.5,2390.19
2025-06-18 12:00:00+00:00,short,buy,104791.1,,17203604150681.59,-0.05,2390.14
2025-06-18 20:00:00+00:00,short,sell - direction_change,104791.1,103773.3,17362095053087.48,0.92,2391.06
2025-06-18 20:00:00+00:00,long,buy,103773.3,,17353414005560.94,-0.05,2391.01
2025-06-19 01:00:00+00:00,long,sell - direction_change,103773.3,104899.9,17533132157531.18,1.04,2392.04
2025-06-19 01:00:00+00:00,short,buy,104899.9,,17524365591452.42,-0.05,2391.99
2025-06-19 02:00:00+00:00,short,sell - direction_change,104899.9,104557.8,17572753944251.44,0.28,2392.27
2025-06-19 02:00:00+00:00,long,buy,104557.8,,17563967567279.31,-0.05,2392.22
2025-06-19 13:00:00+00:00,long,sell - direction_change,104557.8,104697.9,17578720048224.04,0.08,2392.3
2025-06-19 13:00:00+00:00,short,buy,104697.9,,17569930688199.93,-0.05,2392.25
2025-06-19 22:00:00+00:00,short,sell - direction_change,104697.9,104275.6,17632014209517.23,0.35,2392.61
2025-06-19 22:00:00+00:00,long,buy,104275.6,,17623198202412.47,-0.05,2392.56
2025-06-20 04:00:00+00:00,long,sell - direction_change,104275.6,104555.0,17661606869392.24,0.22,2392.78
2025-06-20 04:00:00+00:00,short,buy,104555.0,,17652776065957.55,-0.05,2392.73
2025-06-20 05:00:00+00:00,short,sell - direction_change,104555.0,104219.3,17700628334376.6,0.27,2393.0
2025-06-20 05:00:00+00:00,long,buy,104219.3,,17691778020209.42,-0.05,2392.95
2025-06-20 14:00:00+00:00,long,sell - direction_change,104219.3,105607.6,17918603407301.3,1.28,2394.23
2025-06-20 14:00:00+00:00,short,buy,105607.6,,17909644105597.65,-0.05,2394.18
2025-06-20 17:37:00+00:00,short,sell - take_profit,105607.6,102439.372,18437978606712.78,2.95,2397.13
2025-06-20 18:00:00+00:00,short,buy,103216.6,,18428759617409.43,-0.05,2397.08
2025-06-21 03:00:00+00:00,short,sell - direction_change,103216.6,103448.8,18378087197099.85,-0.27,2396.8
2025-06-21 03:00:00+00:00,long,buy,103448.8,,18368898153501.3,-0.05,2396.75
2025-06-21 04:00:00+00:00,long,sell - direction_change,103448.8,103434.6,18357192279779.9,-0.06,2396.69
2025-06-21 04:00:00+00:00,short,buy,103434.6,,18348013683640.01,-0.05,2396.64
2025-06-21 05:00:00+00:00,short,sell - direction_change,103434.6,103339.4,18355726974691.57,0.04,2396.68
2025-06-21 05:00:00+00:00,long,buy,103339.4,,18346549111204.22,-0.05,2396.63
2025-06-21 07:00:00+00:00,long,sell - direction_change,103339.4,103519.2,18369296958023.38,0.12,2396.76
2025-06-21 07:00:00+00:00,short,buy,103519.2,,18360112309544.37,-0.05,2396.71
2025-06-21 08:00:00+00:00,short,sell - direction_change,103519.2,103402.1,18371701049433.69,0.06,2396.77
2025-06-21 08:00:00+00:00,long,buy,103402.1,,18362515198908.97,-0.05,2396.72
2025-06-21 16:00:00+00:00,long,sell - direction_change,103402.1,103516.7,18373685019689.88,0.06,2396.78
2025-06-21 16:00:00+00:00,short,buy,103516.7,,18364498177180.04,-0.05,2396.73
2025-06-22 00:00:00+00:00,short,sell - direction_change,103516.7,102079.8,18610230810721.88,1.34,2398.07
2025-06-22 00:00:00+00:00,long,buy,102079.8,,18600925695316.52,-0.05,2398.02
2025-06-22 01:00:00+00:00,long,sell - direction_change,102079.8,102815.3,18725647642866.47,0.67,2398.69
2025-06-22 01:00:00+00:00,short,buy,102815.3,,18716284819045.04,-0.05,2398.64
2025-06-22 03:00:00+00:00,short,sell - direction_change,102815.3,102310.0,18798910444800.98,0.44,2399.08
2025-06-22 03:00:00+00:00,long,buy,102310.0,,18789510989578.58,-0.05,2399.03
2025-06-22 09:00:00+00:00,long,sell - direction_change,102310.0,102673.1,18846800540997.26,0.3,2399.34
2025-06-22 09:00:00+00:00,short,buy,102673.1,,18837377140726.76,-0.05,2399.29
2025-06-22 10:00:00+00:00,short,sell - direction_change,102673.1,102158.1,18922445218675.32,0.45,2399.74
2025-06-22 10:00:00+00:00,long,buy,102158.1,,18912983996065.98,-0.05,2399.69
2025-06-22 13:00:00+00:00,long,sell - direction_change,102158.1,102709.0,19005518074403.86,0.49,2400.18
2025-06-22 13:00:00+00:00,short,buy,102709.0,,18996015315366.65,-0.05,2400.13
2025-06-22 14:24:00+00:00,short,sell - take_profit,102709.0,99627.73,19556397767169.97,2.95,2403.08
2025-06-22 15:00:00+00:00,short,buy,99584.2,,19546619568286.38,-0.05,2403.03
2025-06-22 22:00:00+00:00,short,sell - direction_change,99584.2,99136.0,19624820002233.74,0.4,2403.43
2025-06-22 22:00:00+00:00,long,buy,99136.0,,19615007592232.62,-0.05,2403.38
2025-06-23 07:10:00+00:00,long,sell - take_profit,99136.0,102110.08,20193650316203.48,2.95,2406.33
2025-06-23 08:00:00+00:00,long,buy,101874.4,,20183553491045.38,-0.05,2406.28
2025-06-23 13:31:00+00:00,long,sell - stop_loss,101874.4,100855.65599999999,19971626179389.4,-1.05,2405.23
2025-06-23 14:00:00+00:00,long,buy,102306.1,,19961640366299.71,-0.05,2405.18
2025-06-23 15:52:00+00:00,long,sell - stop_loss,102306.1,101283.039,19752043142453.56,-1.05,2404.13
2025-06-23 16:00:00+00:00,short,buy,101369.6,,19742167120882.33,-0.05,2404.08
2025-06-23 17:00:00+00:00,short,sell - direction_change,101369.6,100643.0,19873804523396.94,0.67,2404.74
2025-06-23 17:00:00+00:00,long,buy,100643.0,,19863867621135.24,-0.05,2404.69
2025-06-23 20:20:00+00:00,long,sell - take_profit,100643.0,103662.29000000001,20449851715958.73,2.95,2407.64
2025-06-23 21:00:00+00:00,long,buy,103687.2,,20439626790100.75,-0.05,2407.59
2025-06-25 09:08:00+00:00,long,sell - take_profit,103687.2,106797.816,21042595780408.72,2.95,2410.54
2025-06-25 10:00:00+00:00,long,buy,106589.7,,21032074482518.52,-0.05,2410.49
2025-06-26 00:00:00+00:00,long,sell - direction_change,106589.7,107280.1,21157786844669.8,0.6,2411.09
2025-06-26 00:00:00+00:00,short,buy,107280.1,,21147207951247.46,-0.05,2411.04
2025-06-26 01:00:00+00:00,short,sell - direction_change,107280.1,107269.0,21138822395271.97,-0.04,2411.0
2025-06-26 01:00:00+00:00,long,buy,107269.0,,21128252984074.34,-0.05,2410.95
2025-06-26 09:00:00+00:00,long,sell - direction_change,107269.0,107700.0,21202580830436.86,0.35,2411.3
2025-06-26 09:00:00+00:00,short,buy,107700.0,,21191979540021.64,-0.05,2411.25
2025-06-26 10:00:00+00:00,short,sell - direction_change,107700.0,107263.3,21267312403224.03,0.36,2411.61
2025-06-26 10:00:00+00:00,long,buy,107263.3,,21256678747022.42,-0.05,2411.56
2025-06-26 11:00:00+00:00,long,sell - direction_change,107263.3,107329.0,21259070366886.4,0.01,2411.57
2025-06-26 11:00:00+00:00,short,buy,107329.0,,21248440831702.96,-0.05,2411.52
2025-06-26 14:00:00+00:00,short,sell - direction_change,107329.0,106905.9,21321579763053.11,0.34,2411.86
2025-06-26 14:00:00+00:00,long,buy,106905.9,,21310918973171.58,-0.05,2411.81
2025-06-26 15:00:00+00:00,long,sell - direction_change,106905.9,107393.0,21397363380313.8,0.41,2412.22
2025-06-26 15:00:00+00:00,short,buy,107393.0,,21386664698623.64,-0.05,2412.17
2025-06-26 19:00:00+00:00,short,sell - direction_change,107393.0,107331.8,21388158975146.01,0.01,2412.18
2025-06-26 19:00:00+00:00,long,buy,107331.8,,21377464895658.43,-0.05,2412.13
2025-06-26 21:00:00+00:00,long,sell - direction_change,107331.8,107727.7,21445628268105.81,0.32,2412.45
2025-06-26 21:00:00+00:00,short,buy,107727.7,,21434905453971.76,-0.05,2412.4
2025-06-27 02:00:00+00:00,short,sell - direction_change,107727.7,107069.6,21555132143552.26,0.56,2412.96
2025-06-27 02:00:00+00:00,long,buy,107069.6,,21544354577480.48,-0.05,2412.91
2025-06-27 05:00:00+00:00,long,sell - direction_change,107069.6,107453.3,21610789832099.39,0.31,2413.21
2025-06-27 05:00:00+00:00,short,buy,107453.3,,21599984437183.34,-0.05,2413.16
2025-06-27 08:00:00+00:00,short,sell - direction_change,107453.3,106816.9,21717111926911.08,0.54,2413.71
2025-06-27 08:00:00+00:00,long,buy,106816.9,,21706253370947.62,-0.05,2413.66
2025-06-27 10:00:00+00:00,long,sell - direction_change,106816.9,107042.6,21741264722503.17,0.16,2413.82
2025-06-27 10:00:00+00:00,short,buy,107042.6,,21730394090141.92,-0.05,2413.77
2025-06-27 15:00:00+00:00,short,sell - direction_change,107042.6,106508.8,21827894014696.26,0.45,2414.22
2025-06-27 15:00:00+00:00,long,buy,106508.8,,21816980067688.92,-0.05,2414.17
2025-06-27 17:00:00+00:00,long,sell - direction_change,106508.8,107418.7,21992453080062.29,0.8,2414.97
2025-06-27 17:00:00+00:00,short,buy,107418.7,,21981456853522.26,-0.05,2414.92
2025-06-27 20:00:00+00:00,short,sell - direction_change,107418.7,106748.2,22107672838826.78,0.57,2415.5
2025-06-27 20:00:00+00:00,long,buy,106748.2,,22096619002407.37,-0.05,2415.45
2025-06-28 13:00:00+00:00,long,sell - direction_change,106748.2,107281.1,22195879702953.95,0.45,2415.89
2025-06-28 13:00:00+00:00,short,buy,107281.1,,22184781763102.48,-0.05,2415.84
2025-06-28 14:00:00+00:00,short,sell - direction_change,107281.1,107066.5,22218066752452.5,0.15,2415.99
2025-06-28 14:00:00+00:00,long,buy,107066.5,,22206957719076.28,-0.05,2415.94
2025-06-28 19:00:00+00:00,long,sell - direction_change,107066.5,107277.8,22239680555320.35,0.15,2416.09
2025-06-28 19:00:00+00:00,short,buy,107277.8,,22228560715042.69,-0.05,2416.04
2025-06-28 21:00:00+00:00,short,sell - direction_change,107277.8,107108.3,22252567783568.16,0.11,2416.15
2025-06-28 21:00:00+00:00,long,buy,107108.3,,22241441499676.38,-0.05,2416.1
2025-06-29 01:00:00+00:00,long,sell - direction_change,107108.3,107421.4,22295337171993.63,0.24,2416.34
2025-06-29 01:00:00+00:00,short,buy,107421.4,,22284189503407.64,-0.05,2416.29
2025-06-29 02:00:00+00:00,short,sell - direction_change,107421.4,107269.4,22304579271064.34,0.09,2416.38
2025-06-29 02:00:00+00:00,long,buy,107269.4,,22293426981428.8,-0.05,2416.33
2025-06-29 03:00:00+00:00,long,sell - direction_change,107269.4,107252.1,22278684869000.66,-0.07,2416.27
2025-06-29 03:00:00+00:00,short,buy,107252.1,,22267545526566.16,-0.05,2416.22
2025-06-29 05:00:00+00:00,short,sell - direction_change,107252.1,107220.2,22263034791508.42,-0.02,2416.2
2025-06-29 05:00:00+00:00,long,buy,107220.2,,22251903274112.66,-0.05,2416.15
2025-06-29 18:00:00+00:00,long,sell - direction_change,107220.2,107485.5,22295836256693.43,0.2,2416.34
2025-06-29 18:00:00+00:00,short,buy,107485.5,,22284688338565.08,-0.05,2416.29
2025-06-29 22:00:00+00:00,short,sell - direction_change,107485.5,107499.6,22270622678175.72,-0.06,2416.23
2025-06-29 22:00:00+00:00,long,buy,107499.6,,22259487366836.63,-0.05,2416.18
2025-06-30 08:00:00+00:00,long,sell - direction_change,107499.6,107562.6,22261402766615.24,0.01,2416.19
2025-06-30 08:00:00+00:00,short,buy,107562.6,,22250272065231.93,-0.05,2416.14
2025-06-30 16:00:00+00:00,short,sell - direction_change,107562.6,107525.7,22246780019504.0,-0.02,2416.12
2025-06-30 16:00:00+00:00,long,buy,107525.7,,22235656629494.25,-0.05,2416.07
2025-06-30 17:00:00+00:00,long,sell - direction_change,107525.7,107551.8,22229936121429.73,-0.03,2416.05
2025-06-30 17:00:00+00:00,short,buy,107551.8,,22218821153369.02,-0.05,2416.0
2025-06-30 19:00:00+00:00,short,sell - direction_change,107551.8,107191.0,22282248390920.36,0.29,2416.28
2025-06-30 19:00:00+00:00,long,buy,107191.0,,22271107266724.9,-0.05,2416.23
2025-06-30 20:00:00+00:00,long,sell - direction_change,107191.0,107689.6,22363565989506.43,0.42,2416.65
2025-06-30 20:00:00+00:00,short,buy,107689.6,,22352384206511.68,-0.05,2416.6
2025-07-01 00:00:00+00:00,short,sell - direction_change,107689.6,107087.3,22466223252719.1,0.51,2417.11
2025-07-01 00:00:00+00:00,long,buy,107087.3,,22454990141092.74,-0.05,2417.06
2025-07-01 01:00:00+00:00,long,sell - direction_change,107087.3,107327.9,22494213732453.05,0.17,2417.23
2025-07-01 01:00:00+00:00,short,buy,107327.9,,22482966625586.82,-0.05,2417.18
2025-07-01 07:00:00+00:00,short,sell - direction_change,107327.9,106844.6,22572966457627.69,0.4,2417.58
2025-07-01 07:00:00+00:00,long,buy,106844.6,,22561679974398.88,-0.05,2417.53
2025-07-01 08:00:00+00:00,long,sell - direction_change,106844.6,107134.8,22611678782878.42,0.22,2417.76
2025-07-01 08:00:00+00:00,short,buy,107134.8,,22600372943486.99,-0.05,2417.71
2025-07-02 04:00:00+00:00,short,sell - direction_change,107134.8,106140.0,22798928480871.36,0.88,2418.58
2025-07-02 04:00:00+00:00,long,buy,106140.0,,22787529016630.93,-0.05,2418.53
2025-07-02 16:08:00+00:00,long,sell - take_profit,106140.0,109324.2,23459761122621.54,2.95,2421.48
2025-07-02 17:00:00+00:00,long,buy,109367.0,,23448031242060.23,-0.05,2421.43
2025-07-03 02:00:00+00:00,long,sell - direction_change,109367.0,108935.1,23343708867762.04,-0.44,2420.99
2025-07-03 02:00:00+00:00,short,buy,108935.1,,23332037013328.15,-0.05,2420.94
2025-07-03 05:00:00+00:00,short,sell - direction_change,108935.1,108738.5,23362479355458.42,0.13,2421.07
2025-07-03 05:00:00+00:00,long,buy,108738.5,,23350798115780.69,-0.05,2421.02
2025-07-03 15:00:00+00:00,long,sell - direction_change,108738.5,109669.9,23539134059209.94,0.81,2421.83
2025-07-03 15:00:00+00:00,short,buy,109669.9,,23527364492180.34,-0.05,2421.78
2025-07-03 17:00:00+00:00,short,sell - direction_change,109669.9,109236.7,23608534735268.48,0.35,2422.12
2025-07-03 17:00:00+00:00,long,buy,109236.7,,23596730467900.84,-0.05,2422.07
2025-07-04 00:00:00+00:00,long,sell - direction_change,109236.7,109545.1,23651551029056.11,0.23,2422.3
2025-07-04 00:00:00+00:00,short,buy,109545.1,,23639725253541.58,-0.05,2422.25
2025-07-04 01:00:00+00:00,short,sell - direction_change,109545.1,109422.4,23654383930699.88,0.06,2422.32
2025-07-04 01:00:00+00:00,long,buy,109422.4,,23642556738734.53,-0.05,2422.27
2025-07-04 02:00:00+00:00,long,sell - direction_change,109422.4,109455.0,23637779240703.4,-0.02,2422.25
2025-07-04 02:00:00+00:00,short,buy,109455.0,,23625960351083.05,-0.05,2422.2
2025-07-04 22:00:00+00:00,short,sell - direction_change,109455.0,107859.5,23958537483192.49,1.41,2423.6
2025-07-04 22:00:00+00:00,long,buy,107859.5,,23946558214450.9,-0.05,2423.55
2025-07-05 08:00:00+00:00,long,sell - direction_change,107859.5,108000.8,23965955826880.36,0.08,2423.63
2025-07-05 08:00:00+00:00,short,buy,108000.8,,23953972848966.92,-0.05,2423.58
2025-07-05 09:00:00+00:00,short,sell - direction_change,108000.8,107974.5,23947829055314.42,-0.03,2423.56
2025-07-05 09:00:00+00:00,long,buy,107974.5,,23935855140786.76,-0.05,2423.51
2025-07-05 15:00:00+00:00,long,sell - direction_change,107974.5,108149.9,23962769995648.28,0.11,2423.62
2025-07-05 15:00:00+00:00,short,buy,108149.9,,23950788610650.45,-0.05,2423.57
2025-07-05 16:00:00+00:00,short,sell - direction_change,108149.9,108012.6,23969219562317.17,0.08,2423.65
2025-07-05 16:00:00+00:00,long,buy,108012.6,,23957234952536.01,-0.05,2423.6
2025-07-05 18:00:00+00:00,long,sell - direction_change,108012.6,108044.9,23952420487102.8,-0.02,2423.58
2025-07-05 18:00:00+00:00,short,buy,108044.9,,23940444276859.26,-0.05,2423.53
2025-07-05 19:00:00+00:00,short,sell - direction_change,108044.9,107942.2,23951230183212.16,0.05,2423.57
2025-07-05 19:00:00+00:00,long,buy,107942.2,,23939254568120.56,-0.05,2423.52
2025-07-05 20:00:00+00:00,long,sell - direction_change,107942.2,108092.2,23960551709396.14,0.09,2423.61
2025-07-05 20:00:00+00:00,short,buy,108092.2,,23948571433541.44,-0.05,2423.56
2025-07-05 22:00:00+00:00,short,sell - direction_change,108092.2,108028.7,23950666010203.54,0.01,2423.57
2025-07-05 22:00:00+00:00,long,buy,108028.7,,23938690677198.44,-0.05,2423.52
2025-07-06 02:00:00+00:00,long,sell - direction_change,108028.7,108155.3,23954775341949.14,0.07,2423.59
2025-07-06 02:00:00+00:00,short,buy,108155.3,,23942797954278.16,-0.05,2423.54
2025-07-06 06:00:00+00:00,short,sell - direction_change,108155.3,107941.8,23978089956754.66,0.15,2423.68
2025-07-06 06:00:00+00:00,long,buy,107941.8,,23966100911776.28,-0.05,2423.63
2025-07-06 07:00:00+00:00,long,sell - direction_change,107941.8,108072.9,23983225730834.64,0.07,2423.71
2025-07-06 07:00:00+00:00,short,buy,108072.9,,23971234117969.22,-0.05,2423.66
2025-07-06 12:00:00+00:00,short,sell - direction_change,108072.9,108017.3,23971580922978.67,0.0,2423.66
2025-07-06 12:00:00+00:00,long,buy,108017.3,,23959595132517.18,-0.05,2423.61
2025-07-07 08:00:00+00:00,long,sell - direction_change,108017.3,109016.3,24169206094369.87,0.87,2424.48
2025-07-07 08:00:00+00:00,short,buy,109016.3,,24157121491322.69,-0.05,2424.43
2025-07-08 00:00:00+00:00,short,sell - direction_change,109016.3,108203.9,24325064133824.16,0.7,2425.13
2025-07-08 00:00:00+00:00,long,buy,108203.9,,24312901601757.26,-0.05,2425.08
2025-07-08 01:00:00+00:00,long,sell - direction_change,108203.9,108240.2,24308901588276.51,-0.02,2425.06
2025-07-08 01:00:00+00:00,short,buy,108240.2,,24296747137482.37,-0.05,2425.01
2025-07-08 04:00:00+00:00,short,sell - direction_change,108240.2,107852.5,24371626031649.66,0.31,2425.32
2025-07-08 04:00:00+00:00,long,buy,107852.5,,24359440218633.84,-0.05,2425.27
2025-07-08 20:00:00+00:00,long,sell - direction_change,107852.5,108723.6,24544006131444.04,0.76,2426.03
2025-07-08 20:00:00+00:00,short,buy,108723.6,,24531734128378.32,-0.05,2425.98
2025-07-08 21:00:00+00:00,short,sell - direction_change,108723.6,108578.1,24552297999436.11,0.08,2426.06
2025-07-08 21:00:00+00:00,long,buy,108578.1,,24540021850436.39,-0.05,2426.01
2025-07-09 03:00:00+00:00,long,sell - direction_change,108578.1,108577.5,24527616231933.67,-0.05,2425.96
2025-07-09 03:00:00+00:00,short,buy,108577.5,,24515352423817.7,-0.05,2425.91
2025-07-09 05:00:00+00:00,short,sell - direction_change,108577.5,108500.0,24520593214717.72,0.02,2425.93
2025-07-09 05:00:00+00:00,long,buy,108500.0,,24508332918110.36,-0.05,2425.88
2025-07-09 07:00:00+00:00,long,sell - direction_change,108500.0,108789.0,24561359011682.04,0.22,2426.1
2025-07-09 07:00:00+00:00,short,buy,108789.0,,24549078332176.2,-0.05,2426.05
2025-07-09 09:00:00+00:00,short,sell - direction_change,108789.0,108612.3,24576677513159.16,0.11,2426.16
2025-07-09 09:00:00+00:00,long,buy,108612.3,,24564389174402.58,-0.05,2426.11
2025-07-09 19:53:00+00:00,long,sell - take_profit,108612.3,111870.66900000001,25289038655047.46,2.95,2429.06
2025-07-09 20:00:00+00:00,long,buy,111718.8,,25276394135719.94,-0.05,2429.01
2025-07-09 20:54:00+00:00,long,sell - stop_loss,111718.8,110601.61200000001,25010991997294.88,-1.05,2427.96
2025-07-09 21:00:00+00:00,long,buy,110675.8,,24998486501296.24,-0.05,2427.91
2025-07-10 09:00:00+00:00,long,sell - direction_change,110675.8,111185.2,25101046096777.81,0.41,2428.32
2025-07-10 09:00:00+00:00,short,buy,111185.2,,25088495573729.42,-0.05,2428.27
2025-07-10 10:00:00+00:00,short,sell - direction_change,111185.2,110997.8,25118237386232.2,0.12,2428.39
2025-07-10 10:00:00+00:00,long,buy,110997.8,,25105678267539.09,-0.05,2428.34
2025-07-10 11:00:00+00:00,long,sell - direction_change,110997.8,111036.7,25101923899047.14,-0.01,2428.32
2025-07-10 11:00:00+00:00,short,buy,111036.7,,25089372937097.62,-0.05,2428.27
2025-07-10 14:00:00+00:00,short,sell - direction_change,111036.7,110750.0,25141609743784.64,0.21,2428.48
2025-07-10 14:00:00+00:00,long,buy,110750.0,,25129038938912.74,-0.05,2428.43
2025-07-10 21:17:00+00:00,long,sell - take_profit,110750.0,114072.5,25870345587610.67,2.95,2431.38
2025-07-10 22:00:00+00:00,long,buy,116459.5,,25857410414816.86,-0.05,2431.33
2025-07-11 00:24:00+00:00,long,sell - stop_loss,116459.5,115294.905,25585907605461.28,-1.05,2430.28
2025-07-11 01:00:00+00:00,long,buy,115544.9,,25573114651658.56,-0.05,2430.23
2025-07-11 15:00:00+00:00,long,sell - direction_change,115544.9,117847.9,26070042352969.58,1.94,2432.18
2025-07-11 15:00:00+00:00,short,buy,117847.9,,26057007331793.1,-0.05,2432.13
2025-07-11 17:00:00+00:00,short,sell - direction_change,117847.9,117403.0,26142349376621.62,0.33,2432.45
2025-07-11 17:00:00+00:00,long,buy,117403.0,,26129278201933.3,-0.05,2432.4
2025-07-11 20:00:00+00:00,long,sell - direction_change,117403.0,118072.7,26265262374292.3,0.52,2432.92
2025-07-11 20:00:00+00:00,short,buy,118072.7,,26252129743105.16,-0.05,2432.87
2025-07-12 01:00:00+00:00,short,sell - direction_change,118072.7,117379.4,26393151093774.16,0.54,2433.41
2025-07-12 01:00:00+00:00,long,buy,117379.4,,26379954518227.27,-0.05,2433.36
2025-07-12 04:00:00+00:00,long,sell - direction_change,117379.4,117730.0,26445558708037.42,0.25,2433.61
2025-07-12 04:00:00+00:00,short,buy,117730.0,,26432335928683.4,-0.05,2433.56
2025-07-12 06:00:00+00:00,short,sell - direction_change,117730.0,117640.3,26439258897156.7,0.03,2433.59
2025-07-12 06:00:00+00:00,long,buy,117640.3,,26426039267708.12,-0.05,2433.54
2025-07-12 12:00:00+00:00,long,sell - direction_change,117640.3,117773.5,26442747528710.74,0.06,2433.6
2025-07-12 12:00:00+00:00,short,buy,117773.5,,26429526154946.38,-0.05,2433.55
2025-07-13 01:00:00+00:00,short,sell - direction_change,117773.5,117272.9,26528650931690.4,0.38,2433.92
2025-07-13 01:00:00+00:00,long,buy,117272.9,,26515386606224.56,-0.05,2433.87
2025-07-14 03:42:00+00:00,long,sell - take_profit,117272.9,120791.087,27297590511108.18,2.95,2436.82
2025-07-14 04:00:00+00:00,long,buy,120733.2,,27283941715852.62,-0.05,2436.77
2025-07-14 14:00:00+00:00,long,sell - direction_change,120733.2,121679.3,27484104541499.46,0.73,2437.51
2025-07-14 14:00:00+00:00,short,buy,121679.3,,27470362489228.7,-0.05,2437.46
2025-07-15 02:17:00+00:00,short,sell - take_profit,121679.3,118028.921,28280738182660.96,2.95,2440.41
2025-07-15 03:00:00+00:00,short,buy,118251.8,,28266597813569.62,-0.05,2440.36
2025-07-15 13:00:00+00:00,short,sell - direction_change,118251.8,117193.0,28505557268980.38,0.85,2441.2
2025-07-15 13:00:00+00:00,long,buy,117193.0,,28491304490345.9,-0.05,2441.15
2025-07-15 14:00:00+00:00,long,sell - direction_change,117193.0,118067.8,28689735304853.47,0.7,2441.85
2025-07-15 14:00:00+00:00,short,buy,118067.8,,28675390437201.04,-0.05,2441.8
2025-07-15 16:00:00+00:00,short,sell - direction_change,118067.8,116393.1,29067790873506.7,1.37,2443.17
2025-07-15 16:00:00+00:00,long,buy,116393.1,,29053256978069.96,-0.05,2443.12
2025-07-15 18:00:00+00:00,long,sell - direction_change,116393.1,117415.6,29293959871434.68,0.83,2443.95
2025-07-15 18:00:00+00:00,short,buy,117415.6,,29279312891498.96,-0.05,2443.9
2025-07-15 21:00:00+00:00,short,sell - direction_change,117415.6,116410.0,29515434437514.31,0.81,2444.7
2025-07-15 21:00:00+00:00,long,buy,116410.0,,29500676720295.55,-0.05,2444.65
2025-07-16 20:44:00+00:00,long,sell - take_profit,116410.0,119902.3,30370946683544.27,2.95,2447.6
2025-07-16 21:00:00+00:00,long,buy,119886.2,,30355761210202.5,-0.05,2447.55
2025-07-16 22:48:00+00:00,long,sell - stop_loss,119886.2,118687.33799999999,30037025717495.36,-1.05,2446.5
2025-07-16 23:00:00+00:00,short,buy,118624.8,,30022007204636.62,-0.05,2446.45
2025-07-17 00:00:00+00:00,short,sell - direction_change,118624.8,118590.7,30015626356327.96,-0.02,2446.43
2025-07-17 00:00:00+00:00,long,buy,118590.7,,30000618543149.79,-0.05,2446.38
2025-07-17 01:00:00+00:00,long,sell - direction_change,118590.7,118861.2,30054048282068.52,0.18,2446.56
2025-07-17 01:00:00+00:00,short,buy,118861.2,,30039021257927.48,-0.05,2446.51
2025-07-17 04:00:00+00:00,short,sell - direction_change,118861.2,118090.8,30218699949715.35,0.6,2447.11
2025-07-17 04:00:00+00:00,long,buy,118090.8,,30203590599740.49,-0.05,2447.06
2025-07-17 05:00:00+00:00,long,sell - direction_change,118090.8,118465.9,30284426564485.96,0.27,2447.33
2025-07-17 05:00:00+00:00,short,buy,118465.9,,30269284351203.72,-0.05,2447.28
2025-07-17 09:00:00+00:00,short,sell - direction_change,118465.9,118313.6,30293063962046.82,0.08,2447.35
2025-07-17 09:00:00+00:00,long,buy,118313.6,,30277917430065.8,-0.05,2447.3
2025-07-17 10:00:00+00:00,long,sell - direction_change,118313.6,118758.6,30376659489732.24,0.33,2447.63
2025-07-17 10:00:00+00:00,short,buy,118758.6,,30361471159987.38,-0.05,2447.58
2025-07-17 13:00:00+00:00,short,sell - direction_change,118758.6,117853.3,30577736735168.34,0.71,2448.29
2025-07-17 13:00:00+00:00,long,buy,117853.3,,30562447866800.76,-0.05,2448.24
2025-07-18 08:00:00+00:00,long,sell - direction_change,117853.3,119356.5,30936985779313.9,1.23,2449.47
2025-07-18 08:00:00+00:00,short,buy,119356.5,,30921517286424.24,-0.05,2449.42
2025-07-18 12:00:00+00:00,short,sell - direction_change,119356.5,119175.5,30952947938209.81,0.1,2449.52
2025-07-18 12:00:00+00:00,long,buy,119175.5,,30937471464240.7,-0.05,2449.47
2025-07-18 13:00:00+00:00,long,sell - direction_change,119175.5,119428.6,30987706451401.29,0.16,2449.63
2025-07-18 13:00:00+00:00,short,buy,119428.6,,30972212598175.59,-0.05,2449.58
2025-07-19 01:00:00+00:00,short,sell - direction_change,119428.6,117713.1,31401618508631.04,1.39,2450.97
2025-07-19 01:00:00+00:00,long,buy,117713.1,,31385917699376.72,-0.05,2450.92
2025-07-19 14:00:00+00:00,long,sell - direction_change,117713.1,118167.0,31491248382277.58,0.34,2451.25
2025-07-19 14:00:00+00:00,short,buy,118167.0,,31475502758086.44,-0.05,2451.2
2025-07-20 03:00:00+00:00,short,sell - direction_change,118167.0,117957.8,31515488475840.0,0.13,2451.33
2025-07-20 03:00:00+00:00,long,buy,117957.8,,31499730731602.08,-0.05,2451.28
2025-07-20 05:00:00+00:00,long,sell - direction_change,117957.8,117917.9,31473325875585.46,-0.08,2451.2
2025-07-20 05:00:00+00:00,short,buy,117917.9,,31457589212647.66,-0.05,2451.15
2025-07-20 06:00:00+00:00,short,sell - direction_change,117917.9,117822.7,31467257431497.68,0.03,2451.18
2025-07-20 06:00:00+00:00,long,buy,117822.7,,31451523802781.93,-0.05,2451.13
2025-07-20 10:00:00+00:00,long,sell - direction_change,117822.7,117891.5,31454163473328.04,0.01,2451.14
2025-07-20 10:00:00+00:00,short,buy,117891.5,,31438436391591.37,-0.05,2451.09
2025-07-20 12:00:00+00:00,short,sell - direction_change,117891.5,117869.2,31428663973050.62,-0.03,2451.06
2025-07-20 12:00:00+00:00,long,buy,117869.2,,31412949641064.1,-0.05,2451.01
2025-07-20 20:00:00+00:00,long,sell - direction_change,117869.2,118131.2,31467067961915.02,0.17,2451.18
2025-07-20 20:00:00+00:00,short,buy,118131.2,,31451334427934.06,-0.05,2451.13
2025-07-21 02:00:00+00:00,short,sell - direction_change,118131.2,117262.8,31666812192304.8,0.69,2451.81
2025-07-21 02:00:00+00:00,long,buy,117262.8,,31650978786208.64,-0.05,2451.76
2025-07-21 15:00:00+00:00,long,sell - direction_change,117262.8,118794.4,32048554981825.25,1.26,2453.02
2025-07-21 15:00:00+00:00,short,buy,118794.4,,32032530704334.34,-0.05,2452.97
2025-07-22 05:00:00+00:00,short,sell - direction_change,118794.4,116500.1,32635165109341.66,1.88,2454.85
2025-07-22 05:00:00+00:00,long,buy,116500.1,,32618847526786.99,-0.05,2454.8
2025-07-22 18:54:00+00:00,long,sell - take_profit,116500.1,119995.103,33581103528827.2,2.95,2457.75
2025-07-22 19:00:00+00:00,long,buy,119768.0,,33564312977062.8,-0.05,2457.7
2025-07-23 03:00:00+00:00,long,sell - direction_change,119768.0,119096.6,33359374721008.44,-0.61,2457.09
2025-07-23 03:00:00+00:00,short,buy,119096.6,,33342695033647.94,-0.05,2457.04
2025-07-23 15:00:00+00:00,short,sell - direction_change,119096.6,118170.0,33585437819012.98,0.73,2457.77
2025-07-23 15:00:00+00:00,long,buy,118170.0,,33568645100103.47,-0.05,2457.72
2025-07-23 16:00:00+00:00,long,sell - direction_change,118170.0,118530.9,33654381925193.49,0.26,2457.97
2025-07-23 16:00:00+00:00,short,buy,118530.9,,33637554734230.89,-0.05,2457.92
2025-07-23 18:00:00+00:00,short,sell - direction_change,118530.9,118078.9,33749007780834.34,0.33,2458.25
2025-07-23 18:00:00+00:00,long,buy,118078.9,,33732133276943.92,-0.05,2458.2
2025-07-23 20:00:00+00:00,long,sell - direction_change,118078.9,118344.4,33791113795809.11,0.17,2458.38
2025-07-23 20:00:00+00:00,short,buy,118344.4,,33774218238911.2,-0.05,2458.33
2025-07-23 22:00:00+00:00,short,sell - direction_change,118344.4,118143.9,33814551672182.44,0.12,2458.45
2025-07-23 22:00:00+00:00,long,buy,118143.9,,33797644396346.36,-0.05,2458.4
2025-07-24 04:00:00+00:00,long,sell - direction_change,118143.9,118451.6,33868769883323.32,0.21,2458.61
2025-07-24 04:00:00+00:00,short,buy,118451.6,,33851835498381.66,-0.05,2458.56
2025-07-24 07:00:00+00:00,short,sell - direction_change,118451.6,117418.3,34130212485958.17,0.82,2459.38
2025-07-24 07:00:00+00:00,long,buy,117418.3,,34113147379715.19,-0.05,2459.33
2025-07-24 13:00:00+00:00,long,sell - direction_change,117418.3,118479.4,34404368652703.54,0.85,2460.19
2025-07-24 13:00:00+00:00,short,buy,118479.4,,34387166468377.18,-0.05,2460.14
2025-07-24 14:00:00+00:00,short,sell - direction_change,118479.4,118171.2,34459424086833.36,0.21,2460.35
2025-07-24 14:00:00+00:00,long,buy,118171.2,,34442194374789.94,-0.05,2460.3
2025-07-24 21:00:00+00:00,long,sell - direction_change,118171.2,118678.0,34572685276034.86,0.38,2460.67
2025-07-24 21:00:00+00:00,short,buy,118678.0,,34555398933396.84,-0.05,2460.62
2025-07-24 23:00:00+00:00,short,sell - direction_change,118678.0,118225.3,34669933609409.58,0.33,2460.96
2025-07-24 23:00:00+00:00,long,buy,118225.3,,34652598642604.88,-0.05,2460.91
2025-07-25 00:00:00+00:00,long,sell - direction_change,118225.3,118294.4,34655525999363.98,0.01,2460.91
2025-07-25 00:00:00+00:00,short,buy,118294.4,,34638198236364.3,-0.05,2460.86
2025-07-25 07:53:00+00:00,short,sell - take_profit,118294.4,114745.56799999998,35660025084337.04,2.95,2463.81
2025-07-25 08:00:00+00:00,short,buy,115288.9,,35642195071794.88,-0.05,2463.76
2025-07-25 10:45:00+00:00,short,sell - stop_loss,115288.9,116441.78899999999,35267952023541.03,-1.05,2462.71
2025-07-25 11:00:00+00:00,long,buy,116277.6,,35250318047529.26,-0.05,2462.66
2025-07-25 12:00:00+00:00,long,sell - direction_change,116277.6,116504.6,35301509429238.96,0.15,2462.81
2025-07-25 12:00:00+00:00,short,buy,116504.6,,35283858674524.34,-0.05,2462.76
2025-07-25 13:00:00+00:00,short,sell - direction_change,116504.6,116079.7,35394899316955.1,0.31,2463.07
2025-07-25 13:00:00+00:00,long,buy,116079.7,,35377201867296.62,-0.05,2463.02
2025-07-25 14:00:00+00:00,long,sell - direction_change,116079.7,116195.5,35394805225045.1,0.05,2463.07
2025-07-25 14:00:00+00:00,short,buy,116195.5,,35377107822432.58,-0.05,2463.02
2025-07-25 15:00:00+00:00,short,sell - direction_change,116195.5,114934.5,35743345779996.31,1.04,2464.06
2025-07-25 15:00:00+00:00,long,buy,114934.5,,35725474107106.31,-0.05,2464.01
2025-07-26 20:00:00+00:00,long,sell - direction_change,114934.5,118209.1,36725466213560.42,2.8,2466.81
2025-07-26 20:00:00+00:00,short,buy,118209.1,,36707103480453.64,-0.05,2466.76
2025-07-26 21:00:00+00:00,short,sell - direction_change,118209.1,117919.2,36778771672377.67,0.2,2466.95
2025-07-26 21:00:00+00:00,long,buy,117919.2,,36760382286541.48,-0.05,2466.9
2025-07-26 23:00:00+00:00,long,sell - direction_change,117919.2,117974.9,36759366131902.53,-0.0,2466.9
2025-07-26 23:00:00+00:00,short,buy,117974.9,,36740986448836.58,-0.05,2466.85
2025-07-27 00:00:00+00:00,short,sell - direction_change,117974.9,117889.3,36749274409571.6,0.02,2466.87
2025-07-27 00:00:00+00:00,long,buy,117889.3,,36730899772366.81,-0.05,2466.82
2025-07-27 08:00:00+00:00,long,sell - direction_change,117889.3,118083.5,36773041431571.9,0.11,2466.94
2025-07-27 08:00:00+00:00,short,buy,118083.5,,36754654910856.11,-0.05,2466.89
2025-07-27 09:00:00+00:00,short,sell - direction_change,118083.5,117923.0,36786234792605.97,0.09,2466.97
2025-07-27 09:00:00+00:00,long,buy,117923.0,,36767841675209.66,-0.05,2466.92
2025-07-27 12:00:00+00:00,long,sell - direction_change,117923.0,118053.3,36790084686949.08,0.06,2466.98
2025-07-27 12:00:00+00:00,short,buy,118053.3,,36771689644605.6,-0.05,2466.93
2025-07-27 13:00:00+00:00,short,sell - direction_change,118053.3,118065.3,36749565994268.88,-0.06,2466.87
2025-07-27 13:00:00+00:00,long,buy,118065.3,,36731191211271.75,-0.05,2466.82
2025-07-28 07:00:00+00:00,long,sell - direction_change,118065.3,119444.9,37142031753244.81,1.12,2467.94
2025-07-28 07:00:00+00:00,short,buy,119444.9,,37123460737368.19,-0.05,2467.89
2025-07-28 08:00:00+00:00,short,sell - direction_change,119444.9,118873.1,37282614379105.2,0.43,2468.32
2025-07-28 08:00:00+00:00,long,buy,118873.1,,37263973071915.64,-0.05,2468.27
2025-07-28 09:00:00+00:00,long,sell - direction_change,118873.1,119053.5,37301892321463.99,0.1,2468.37
2025-07-28 09:00:00+00:00,short,buy,119053.5,,37283241375303.26,-0.05,2468.32
2025-07-29 02:00:00+00:00,short,sell - direction_change,119053.5,117738.6,37676378779040.64,1.05,2469.38
2025-07-29 02:00:00+00:00,long,buy,117738.6,,37657540589651.12,-0.05,2469.33
2025-07-29 14:00:00+00:00,long,sell - direction_change,117738.6,118590.0,37911023788906.03,0.67,2470.0
2025-07-29 14:00:00+00:00,short,buy,118590.0,,37892068277011.58,-0.05,2469.95
2025-07-30 01:00:00+00:00,short,sell - direction_change,118590.0,117699.9,38157528432040.52,0.7,2470.65
2025-07-30 01:00:00+00:00,long,buy,117699.9,,38138449667824.5,-0.05,2470.6
2025-07-30 11:00:00+00:00,long,sell - direction_change,117699.9,117983.9,38211405327511.84,0.19,2470.79
2025-07-30 11:00:00+00:00,short,buy,117983.9,,38192299624848.08,-0.05,2470.74
2025-07-30 14:00:00+00:00,short,sell - direction_change,117983.9,117624.6,38289511659925.35,0.25,2471.0
2025-07-30 14:00:00+00:00,long,buy,117624.6,,38270366904095.39,-0.05,2470.95
2025-07-30 16:00:00+00:00,long,sell - direction_change,117624.6,117949.9,38357071403446.96,0.23,2471.17
2025-07-30 16:00:00+00:00,short,buy,117949.9,,38337892867745.22,-0.05,2471.12
2025-07-30 23:00:00+00:00,short,sell - direction_change,117949.9,117431.1,38487352286573.1,0.39,2471.51
2025-07-30 23:00:00+00:00,long,buy,117431.1,,38468108610429.8,-0.05,2471.46
2025-07-31 14:00:00+00:00,long,sell - direction_change,117431.1,118506.1,38801023320431.6,0.87,2472.33
2025-07-31 14:00:00+00:00,short,buy,118506.1,,38781622808771.38,-0.05,2472.28
2025-07-31 15:00:00+00:00,short,sell - direction_change,118506.1,117871.8,38969809357077.62,0.49,2472.76
2025-07-31 15:00:00+00:00,long,buy,117871.8,,38950324452399.08,-0.05,2472.71
2025-07-31 17:00:00+00:00,long,sell - direction_change,117871.8,118492.0,39135792213122.88,0.48,2473.19
2025-07-31 17:00:00+00:00,short,buy,118492.0,,39116224317016.31,-0.05,2473.14
2025-08-01 00:50:00+00:00,short,sell - take_profit,118492.0,114937.23999999999,40270152934368.3,2.95,2476.09
2025-08-01 01:00:00+00:00,short,buy,115366.9,,40250017857901.11,-0.05,2476.04
2025-08-01 12:00:00+00:00,short,sell - direction_change,115366.9,115246.5,40271898850261.02,0.05,2476.09
2025-08-01 12:00:00+00:00,long,buy,115246.5,,40251762900835.88,-0.05,2476.04
2025-08-01 13:00:00+00:00,long,sell - direction_change,115246.5,115674.9,40381262866823.07,0.32,2476.37
2025-08-01 13:00:00+00:00,short,buy,115674.9,,40361072235389.66,-0.05,2476.32
2025-08-02 04:00:00+00:00,short,sell - direction_change,115674.9,113860.0,40974143251683.15,1.52,2477.84
2025-08-02 04:00:00+00:00,long,buy,113860.0,,40953656180057.3,-0.05,2477.79
2025-08-02 05:00:00+00:00,long,sell - direction_change,113860.0,113969.6,40972600752962.66,0.05,2477.83
2025-08-02 05:00:00+00:00,short,buy,113969.6,,40952114452586.18,-0.05,2477.78
2025-08-02 07:00:00+00:00,short,sell - direction_change,113969.6,113655.0,41044682007049.18,0.23,2478.01
2025-08-02 07:00:00+00:00,long,buy,113655.0,,41024159666045.66,-0.05,2477.96
2025-08-02 10:00:00+00:00,long,sell - direction_change,113655.0,113634.4,40996211945993.36,-0.07,2477.89
2025-08-02 10:00:00+00:00,short,buy,113634.4,,40975713840020.36,-0.05,2477.84
2025-08-02 11:00:00+00:00,short,sell - direction_change,113634.4,113504.1,41002211187522.2,0.06,2477.9
2025-08-02 11:00:00+00:00,long,buy,113504.1,,40981710081928.44,-0.05,2477.85
2025-08-02 12:00:00+00:00,long,sell - direction_change,113504.1,113732.6,41043721275304.42,0.15,2478.01
2025-08-02 12:00:00+00:00,short,buy,113732.6,,41023199414666.76,-0.05,2477.96
2025-08-03 01:00:00+00:00,short,sell - direction_change,113732.6,112902.3,41302175934232.16,0.68,2478.64
2025-08-03 01:00:00+00:00,long,buy,112902.3,,41281524846265.04,-0.05,2478.59
2025-08-04 10:00:00+00:00,long,sell - direction_change,112902.3,114272.9,41762029392257.16,1.16,2479.75
2025-08-04 10:00:00+00:00,short,buy,114272.9,,41741148377561.03,-0.05,2479.7
2025-08-04 11:00:00+00:00,short,sell - direction_change,114272.9,114201.7,41746285454919.4,0.01,2479.71
2025-08-04 11:00:00+00:00,long,buy,114201.7,,41725412312191.94,-0.05,2479.66
2025-08-04 12:00:00+00:00,long,sell - direction_change,114201.7,114450.1,41795306507363.48,0.17,2479.83
2025-08-04 12:00:00+00:00,short,buy,114450.1,,41774408854109.8,-0.05,2479.78
2025-08-04 13:00:00+00:00,short,sell - direction_change,114450.1,114395.2,41773560208374.19,-0.0,2479.78
2025-08-04 13:00:00+00:00,long,buy,114395.2,,41752673428270.0,-0.05,2479.73
2025-08-05 01:00:00+00:00,long,sell - direction_change,114395.2,114837.5,41893230503598.71,0.34,2480.06
2025-08-05 01:00:00+00:00,short,buy,114837.5,,41872283888346.92,-0.05,2480.01
2025-08-05 09:00:00+00:00,short,sell - direction_change,114837.5,114239.8,42069282341635.7,0.47,2480.48
2025-08-05 09:00:00+00:00,long,buy,114239.8,,42048247700464.88,-0.05,2480.43
2025-08-05 12:00:00+00:00,long,sell - direction_change,114239.8,114782.1,42226827959044.96,0.42,2480.86
2025-08-05 12:00:00+00:00,short,buy,114782.1,,42205714545065.43,-0.05,2480.81
2025-08-05 13:00:00+00:00,short,sell - direction_change,114782.1,113897.0,42510065551625.65,0.72,2481.53
2025-08-05 13:00:00+00:00,long,buy,113897.0,,42488810518849.84,-0.05,2481.48
2025-08-05 14:00:00+00:00,long,sell - direction_change,113897.0,114322.6,42626334454783.1,0.32,2481.8
2025-08-05 14:00:00+00:00,short,buy,114322.6,,42605021287555.7,-0.05,2481.75
2025-08-05 22:00:00+00:00,short,sell - direction_change,114322.6,113544.0,42873882485351.82,0.63,2482.38
2025-08-05 22:00:00+00:00,long,buy,113544.0,,42852445544109.14,-0.05,2482.33
2025-08-06 03:00:00+00:00,long,sell - direction_change,113544.0,113588.8,42847927212202.1,-0.01,2482.32
2025-08-06 03:00:00+00:00,short,buy,113588.8,,42826503248595.99,-0.05,2482.27
2025-08-06 05:00:00+00:00,short,sell - direction_change,113588.8,113385.8,42881627297827.64,0.13,2482.4
2025-08-06 05:00:00+00:00,long,buy,113385.8,,42860186484178.72,-0.05,2482.35
2025-08-06 08:00:00+00:00,long,sell - direction_change,113385.8,114179.2,43138664068587.16,0.65,2483.0
2025-08-06 08:00:00+00:00,short,buy,114179.2,,43117094736552.86,-0.05,2482.95
2025-08-06 09:00:00+00:00,short,sell - direction_change,114179.2,113900.1,43200931752833.4,0.19,2483.15
2025-08-06 09:00:00+00:00,long,buy,113900.1,,43179331286956.99,-0.05,2483.1
2025-08-07 01:00:00+00:00,long,sell - direction_change,113900.1,114847.2,43516785596357.22,0.78,2483.88
2025-08-07 01:00:00+00:00,short,buy,114847.2,,43495027203559.04,-0.05,2483.83
2025-08-07 08:00:00+00:00,short,sell - direction_change,114847.2,114751.2,43509636889885.02,0.03,2483.86
2025-08-07 08:00:00+00:00,long,buy,114751.2,,43487882071440.07,-0.05,2483.81
2025-08-08 05:00:00+00:00,long,sell - direction_change,114751.2,116700.0,44204685392488.08,1.65,2485.46
2025-08-08 05:00:00+00:00,short,buy,116700.0,,44182583049791.84,-0.05,2485.41
2025-08-08 13:00:00+00:00,short,sell - direction_change,116700.0,116450.4,44254990239237.19,0.16,2485.57
2025-08-08 13:00:00+00:00,long,buy,116450.4,,44232862744117.57,-0.05,2485.52
2025-08-08 14:00:00+00:00,long,sell - direction_change,116450.4,116862.9,44367431527068.08,0.3,2485.83
2025-08-08 14:00:00+00:00,short,buy,116862.9,,44345247811304.54,-0.05,2485.78
2025-08-08 20:00:00+00:00,short,sell - direction_change,116862.9,116384.4,44504648647219.84,0.36,2486.14
2025-08-08 20:00:00+00:00,long,buy,116384.4,,44482396322896.24,-0.05,2486.09
2025-08-08 23:00:00+00:00,long,sell - direction_change,116384.4,116833.6,44631840440191.54,0.34,2486.42
2025-08-08 23:00:00+00:00,short,buy,116833.6,,44609524519971.46,-0.05,2486.37
2025-08-09 00:00:00+00:00,short,sell - direction_change,116833.6,116628.2,44665645795567.04,0.13,2486.5
2025-08-09 00:00:00+00:00,long,buy,116628.2,,44643312972669.26,-0.05,2486.45
2025-08-09 01:00:00+00:00,long,sell - direction_change,116628.2,116542.7,44588263354513.6,-0.12,2486.33
2025-08-09 01:00:00+00:00,short,buy,116542.7,,44565969222836.34,-0.05,2486.28
2025-08-09 05:00:00+00:00,short,sell - direction_change,116542.7,116383.9,44604411413740.72,0.09,2486.36
2025-08-09 05:00:00+00:00,long,buy,116383.9,,44582109208033.86,-0.05,2486.31
2025-08-09 15:00:00+00:00,long,sell - direction_change,116383.9,116914.9,44763223435341.4,0.41,2486.72
2025-08-09 15:00:00+00:00,short,buy,116914.9,,44740841823623.72,-0.05,2486.67
2025-08-10 00:00:00+00:00,short,sell - direction_change,116914.9,116422.1,44907055465570.3,0.37,2487.04
2025-08-10 00:00:00+00:00,long,buy,116422.1,,44884601937837.52,-0.05,2486.99
2025-08-10 01:00:00+00:00,long,sell - direction_change,116422.1,116691.2,44965906660685.14,0.18,2487.17
2025-08-10 01:00:00+00:00,short,buy,116691.2,,44943423707354.8,-0.05,2487.12
2025-08-10 02:00:00+00:00,short,sell - direction_change,116691.2,116535.0,44981112168531.21,0.08,2487.21
2025-08-10 02:00:00+00:00,long,buy,116535.0,,44958621612446.94,-0.05,2487.16
2025-08-11 01:59:00+00:00,long,sell - take_profit,116535.0,120031.05,46284900950014.13,2.95,2490.11
2025-08-11 02:00:00+00:00,long,buy,120050.0,,46261758499539.12,-0.05,2490.06
2025-08-11 12:00:00+00:00,long,sell - direction_change,120050.0,120545.0,46429377894818.9,0.36,2490.42
2025-08-11 12:00:00+00:00,short,buy,120545.0,,46406163205871.49,-0.05,2490.37
2025-08-12 06:00:00+00:00,short,sell - direction_change,120545.0,118783.1,47061238103051.79,1.41,2491.78
2025-08-12 06:00:00+00:00,long,buy,118783.1,,47037707484000.27,-0.05,2491.73
2025-08-12 08:00:00+00:00,long,sell - direction_change,118783.1,118931.9,47073112929031.56,0.08,2491.8
2025-08-12 08:00:00+00:00,short,buy,118931.9,,47049576372567.05,-0.05,2491.75
2025-08-12 12:00:00+00:00,short,sell - direction_change,118931.9,118464.2,47211074163431.88,0.34,2492.1
2025-08-12 12:00:00+00:00,long,buy,118464.2,,47187468626350.16,-0.05,2492.05
2025-08-12 13:00:00+00:00,long,sell - direction_change,118464.2,119225.8,47467240601726.74,0.59,2492.64
2025-08-12 13:00:00+00:00,short,buy,119225.8,,47443506981425.88,-0.05,2492.59
2025-08-12 14:00:00+00:00,short,sell - direction_change,119225.8,118806.6,47586597429041.08,0.3,2492.89
2025-08-12 14:00:00+00:00,long,buy,118806.6,,47562804130326.55,-0.05,2492.84
2025-08-13 01:00:00+00:00,long,sell - direction_change,118806.6,119665.3,47882793023065.81,0.67,2493.52
2025-08-13 01:00:00+00:00,short,buy,119665.3,,47858851626554.28,-0.05,2493.47
2025-08-13 02:00:00+00:00,short,sell - direction_change,119665.3,119422.5,47932027453265.57,0.15,2493.62
2025-08-13 02:00:00+00:00,long,buy,119422.5,,47908061439538.94,-0.05,2493.57
2025-08-13 04:00:00+00:00,long,sell - direction_change,119422.5,119436.0,47889523128883.93,-0.04,2493.53
2025-08-13 04:00:00+00:00,short,buy,119436.0,,47865578367319.48,-0.05,2493.48
2025-08-13 06:00:00+00:00,short,sell - direction_change,119436.0,119029.9,48004395598020.69,0.29,2493.77
2025-08-13 06:00:00+00:00,long,buy,119029.9,,47980393400221.68,-0.05,2493.72
2025-08-13 19:50:00+00:00,long,sell - take_profit,119029.9,122600.79699999999,49395815005528.22,2.95,2496.67
2025-08-13 20:00:00+00:00,long,buy,122720.0,,49371117098025.45,-0.05,2496.62
2025-08-14 05:00:00+00:00,long,sell - direction_change,122720.0,123057.0,49482009004127.96,0.22,2496.84
2025-08-14 05:00:00+00:00,short,buy,123057.0,,49457267999625.9,-0.05,2496.79
2025-08-14 12:34:00+00:00,short,sell - take_profit,123057.0,119365.29,50916257405614.87,2.95,2499.74
2025-08-14 13:00:00+00:00,short,buy,118822.2,,50890799276912.06,-0.05,2499.69
2025-08-15 01:00:00+00:00,short,sell - direction_change,118822.2,118122.9,51164859659310.51,0.54,2500.23
2025-08-15 01:00:00+00:00,long,buy,118122.9,,51139277229480.85,-0.05,2500.18
2025-08-15 12:00:00+00:00,long,sell - direction_change,118122.9,118950.1,51471829598742.88,0.65,2500.83
2025-08-15 12:00:00+00:00,short,buy,118950.1,,51446093683943.51,-0.05,2500.78
2025-08-16 00:00:00+00:00,short,sell - direction_change,118950.1,117279.1,52143080601581.34,1.35,2502.14
2025-08-16 00:00:00+00:00,long,buy,117279.1,,52117009061280.55,-0.05,2502.09
2025-08-16 02:00:00+00:00,long,sell - direction_change,117279.1,117778.5,52312876154108.72,0.38,2502.46
2025-08-16 02:00:00+00:00,short,buy,117778.5,,52286719716031.66,-0.05,2502.41
2025-08-16 04:00:00+00:00,short,sell - direction_change,117778.5,117385.0,52435267188611.3,0.28,2502.7
2025-08-16 04:00:00+00:00,long,buy,117385.0,,52409049555017.0,-0.05,2502.65
2025-08-16 09:00:00+00:00,long,sell - direction_change,117385.0,117578.5,52469237253171.69,0.11,2502.76
2025-08-16 09:00:00+00:00,short,buy,117578.5,,52443002634545.1,-0.05,2502.71
2025-08-16 12:00:00+00:00,short,sell - direction_change,117578.5,117340.5,52522935188833.41,0.15,2502.87
2025-08-16 12:00:00+00:00,long,buy,117340.5,,52496673721239.0,-0.05,2502.82
2025-08-16 22:00:00+00:00,long,sell - direction_change,117340.5,117399.8,52496955463521.3,0.0,2502.82
2025-08-16 22:00:00+00:00,short,buy,117399.8,,52470706985789.54,-0.05,2502.77
2025-08-17 02:00:00+00:00,short,sell - direction_change,117399.8,117383.8,52451622677799.05,-0.04,2502.73
2025-08-17 02:00:00+00:00,long,buy,117383.8,,52425396866460.15,-0.05,2502.68
2025-08-17 16:00:00+00:00,long,sell - direction_change,117383.8,118191.0,52759692009403.72,0.64,2503.32
2025-08-17 16:00:00+00:00,short,buy,118191.0,,52733312163399.02,-0.05,2503.27
2025-08-18 09:27:00+00:00,short,sell - take_profit,118191.0,114645.27,54288944872219.28,2.95,2506.22
2025-08-18 10:00:00+00:00,short,buy,115000.0,,54261800399783.17,-0.05,2506.17
2025-08-18 12:00:00+00:00,short,sell - direction_change,115000.0,114900.1,54281806489669.7,0.04,2506.2
2025-08-18 12:00:00+00:00,long,buy,114900.1,,54254665586424.86,-0.05,2506.15
2025-08-18 13:00:00+00:00,long,sell - direction_change,114900.1,115475.0,54499000221424.84,0.45,2506.6
2025-08-18 13:00:00+00:00,short,buy,115475.0,,54471750721314.13,-0.05,2506.55
2025-08-18 14:00:00+00:00,short,sell - direction_change,115475.0,114790.8,54767264980991.56,0.54,2507.1
2025-08-18 14:00:00+00:00,long,buy,114790.8,,54739881348501.07,-0.05,2507.05
2025-08-19 01:00:00+00:00,long,sell - direction_change,114790.8,116519.2,55536727380907.84,1.46,2508.5
2025-08-19 01:00:00+00:00,short,buy,116519.2,,55508959017217.39,-0.05,2508.45
2025-08-19 17:05:00+00:00,short,sell - take_profit,116519.2,113023.624,57146473308225.3,2.95,2511.4
2025-08-19 18:00:00+00:00,short,buy,113459.9,,57117900071571.2,-0.05,2511.35
2025-08-20 02:00:00+00:00,short,sell - direction_change,113459.9,112963.0,57339490156970.52,0.39,2511.74
2025-08-20 02:00:00+00:00,long,buy,112963.0,,57310820411892.03,-0.05,2511.69
2025-08-20 13:00:00+00:00,long,sell - direction_change,112963.0,113611.4,57611125244907.94,0.52,2512.21
2025-08-20 13:00:00+00:00,short,buy,113611.4,,57582319682285.48,-0.05,2512.16
2025-08-20 14:00:00+00:00,short,sell - direction_change,113611.4,112632.7,58049568675748.09,0.81,2512.98
2025-08-20 14:00:00+00:00,long,buy,112632.7,,58020543891410.21,-0.05,2512.93
2025-08-20 18:00:00+00:00,long,sell - direction_change,112632.7,114150.0,58773141192100.49,1.3,2514.22
2025-08-20 18:00:00+00:00,short,buy,114150.0,,58743754621504.45,-0.05,2514.17
2025-08-20 19:00:00+00:00,short,sell - direction_change,114150.0,113435.3,59082180917018.83,0.58,2514.75
2025-08-20 19:00:00+00:00,long,buy,113435.3,,59052639826560.32,-0.05,2514.7
2025-08-21 05:00:00+00:00,long,sell - direction_change,113435.3,113757.4,59190793719844.65,0.23,2514.93
2025-08-21 05:00:00+00:00,short,buy,113757.4,,59161198322984.73,-0.05,2514.88
2025-08-22 01:00:00+00:00,short,sell - direction_change,113757.4,112590.7,59738377109001.05,0.98,2515.86
2025-08-22 01:00:00+00:00,long,buy,112590.7,,59708507920446.55,-0.05,2515.81
2025-08-22 10:00:00+00:00,long,sell - direction_change,112590.7,113010.0,59901014637428.36,0.32,2516.13
2025-08-22 10:00:00+00:00,short,buy,113010.0,,59871064130109.65,-0.05,2516.08
2025-08-22 14:00:00+00:00,short,sell - direction_change,113010.0,112434.0,60146285070382.82,0.46,2516.54
2025-08-22 14:00:00+00:00,long,buy,112434.0,,60116211927847.62,-0.05,2516.49
2025-08-22 14:39:00+00:00,long,sell - take_profit,112434.0,115807.02,61889640179719.13,2.95,2519.44
2025-08-22 15:00:00+00:00,long,buy,115744.5,,61858695359629.27,-0.05,2519.39
2025-08-23 03:00:00+00:00,long,sell - direction_change,115744.5,115892.0,61906596172912.14,0.08,2519.47
2025-08-23 03:00:00+00:00,short,buy,115892.0,,61875642874825.69,-0.05,2519.42
2025-08-23 07:00:00+00:00,short,sell - direction_change,115892.0,115750.2,61920413179571.71,0.07,2519.49
2025-08-23 07:00:00+00:00,long,buy,115750.2,,61889452972981.92,-0.05,2519.44
2025-08-23 08:00:00+00:00,long,sell - direction_change,115750.2,115770.0,61869094933765.65,-0.03,2519.41
2025-08-23 08:00:00+00:00,short,buy,115770.0,,61838160386298.77,-0.05,2519.36
2025-08-23 09:00:00+00:00,short,sell - direction_change,115770.0,115713.6,61837367178488.68,-0.0,2519.36
2025-08-23 09:00:00+00:00,long,buy,115713.6,,61806448494899.44,-0.05,2519.31
2025-08-23 10:00:00+00:00,long,sell - direction_change,115713.6,115740.5,61789913447465.37,-0.03,2519.28
2025-08-23 10:00:00+00:00,short,buy,115740.5,,61759018490741.63,-0.05,2519.23
2025-08-23 22:00:00+00:00,short,sell - direction_change,115740.5,114979.3,62134314562862.79,0.61,2519.84
2025-08-23 22:00:00+00:00,long,buy,114979.3,,62103247405581.36,-0.05,2519.79
2025-08-24 02:00:00+00:00,long,sell - direction_change,114979.3,115431.7,62316548540386.27,0.34,2520.13
2025-08-24 02:00:00+00:00,short,buy,115431.7,,62285390266116.08,-0.05,2520.08
2025-08-24 04:00:00+00:00,short,sell - direction_change,115431.7,115006.5,62483679762843.25,0.32,2520.4
2025-08-24 04:00:00+00:00,long,buy,115006.5,,62452437922961.83,-0.05,2520.35
2025-08-24 05:00:00+00:00,long,sell - direction_change,115006.5,115140.0,62493706740913.18,0.07,2520.42
2025-08-24 05:00:00+00:00,short,buy,115140.0,,62462459887542.73,-0.05,2520.37
2025-08-24 19:37:00+00:00,short,sell - take_profit,115140.0,111685.8,64305102454225.23,2.95,2523.32
2025-08-24 20:00:00+00:00,short,buy,112556.4,,64272949902998.12,-0.05,2523.27
2025-08-24 23:00:00+00:00,short,sell - direction_change,112556.4,113400.6,63758750885995.6,-0.8,2522.47
2025-08-24 23:00:00+00:00,long,buy,113400.6,,63726871510552.6,-0.05,2522.42
2025-08-25 00:00:00+00:00,long,sell - direction_change,113400.6,113446.2,63720633559502.7,-0.01,2522.41
2025-08-25 00:00:00+00:00,short,buy,113446.2,,63688773242722.95,-0.05,2522.36
2025-08-25 16:00:00+00:00,short,sell - direction_change,113446.2,112142.2,64388995336146.85,1.1,2523.45
2025-08-25 16:00:00+00:00,long,buy,112142.2,,64356800838478.78,-0.05,2523.4
2025-08-25 19:00:00+00:00,long,sell - direction_change,112142.2,112355.3,64446917472923.13,0.14,2523.54
2025-08-25 19:00:00+00:00,short,buy,112355.3,,64414694014186.67,-0.05,2523.49
2025-08-26 00:45:00+00:00,short,sell - take_profit,112355.3,108984.641,66314927487605.18,2.95,2526.44
2025-08-26 01:00:00+00:00,short,buy,109049.5,,66281770023861.38,-0.05,2526.39
2025-08-26 04:30:00+00:00,short,sell - stop_loss,109049.5,110139.995,65585811438610.84,-1.05,2525.34
2025-08-26 05:00:00+00:00,short,buy,110041.1,,65553018532891.53,-0.05,2525.29
2025-08-26 07:00:00+00:00,short,sell - direction_change,110041.1,109949.3,65574928564393.21,0.03,2525.33
2025-08-26 07:00:00+00:00,long,buy,109949.3,,65542141100111.02,-0.05,2525.28
2025-08-26 08:00:00+00:00,long,sell - direction_change,109949.3,110244.2,65685163576317.71,0.22,2525.5
2025-08-26 08:00:00+00:00,short,buy,110244.2,,65652320994529.55,-0.05,2525.45
2025-08-26 09:00:00+00:00,short,sell - direction_change,110244.2,110047.6,65736573522140.36,0.13,2525.57
2025-08-26 09:00:00+00:00,long,buy,110047.6,,65703705235379.29,-0.05,2525.52
2025-08-26 11:00:00+00:00,long,sell - direction_change,110047.6,110169.0,65743335016305.4,0.06,2525.58
2025-08-26 11:00:00+00:00,short,buy,110169.0,,65710463348797.24,-0.05,2525.53
2025-08-26 12:00:00+00:00,short,sell - direction_change,110169.0,109842.2,65872528461524.51,0.25,2525.78
2025-08-26 12:00:00+00:00,long,buy,109842.2,,65839592197293.74,-0.05,2525.73
2025-08-26 15:00:00+00:00,long,sell - direction_change,109842.2,110323.9,66095404159676.23,0.39,2526.12
2025-08-26 15:00:00+00:00,short,buy,110323.9,,66062356457596.39,-0.05,2526.07
2025-08-26 16:00:00+00:00,short,sell - direction_change,110323.9,109624.6,66448068687376.16,0.58,2526.65
2025-08-26 16:00:00+00:00,long,buy,109624.6,,66414844653032.47,-0.05,2526.6
2025-08-26 17:00:00+00:00,long,sell - direction_change,109624.6,110129.6,66687585864039.91,0.41,2527.01
2025-08-26 17:00:00+00:00,short,buy,110129.6,,66654242071107.88,-0.05,2526.96
2025-08-26 18:00:00+00:00,short,sell - direction_change,110129.6,109950.0,66729615080427.58,0.11,2527.08
2025-08-26 18:00:00+00:00,long,buy,109950.0,,66696250272887.37,-0.05,2527.03
2025-08-27 06:00:00+00:00,long,sell - direction_change,109950.0,111316.8,67492010241184.14,1.19,2528.22
2025-08-27 06:00:00+00:00,short,buy,111316.8,,67458264236063.55,-0.05,2528.17
2025-08-27 11:00:00+00:00,short,sell - direction_change,111316.8,110928.5,67659845892639.26,0.3,2528.47
2025-08-27 11:00:00+00:00,long,buy,110928.5,,67626015969692.94,-0.05,2528.42
2025-08-27 23:00:00+00:00,long,sell - direction_change,110928.5,111355.1,67852273713703.04,0.33,2528.75
2025-08-27 23:00:00+00:00,short,buy,111355.1,,67818347576846.19,-0.05,2528.7
2025-08-28 03:00:00+00:00,short,sell - direction_change,111355.1,111442.3,67731331182026.12,-0.13,2528.58
2025-08-28 03:00:00+00:00,long,buy,111442.3,,67697465516435.1,-0.05,2528.53
2025-08-28 15:00:00+00:00,long,sell - direction_change,111442.3,113115.6,68680090501902.83,1.45,2529.98
2025-08-28 15:00:00+00:00,short,buy,113115.6,,68645750456651.88,-0.05,2529.93
2025-08-28 17:00:00+00:00,short,sell - direction_change,113115.6,112283.2,69116580917303.99,0.69,2530.61
2025-08-28 17:00:00+00:00,long,buy,112283.2,,69082022626845.34,-0.05,2530.56
2025-08-28 18:00:00+00:00,long,sell - direction_change,112283.2,112338.7,69081627883680.59,-0.0,2530.56
2025-08-28 18:00:00+00:00,short,buy,112338.7,,69047087069738.74,-0.05,2530.51
2025-08-29 13:56:00+00:00,short,sell - take_profit,112338.7,108968.53899999999,71083976138296.05,2.95,2533.46
2025-08-29 14:00:00+00:00,short,buy,109056.5,,71048434150226.9,-0.05,2533.41
2025-08-30 04:00:00+00:00,short,sell - direction_change,109056.5,108368.0,71461455842037.84,0.58,2533.99
2025-08-30 04:00:00+00:00,long,buy,108368.0,,71425725114116.83,-0.05,2533.94
2025-08-30 21:00:00+00:00,long,sell - direction_change,108368.0,108596.3,71540485574344.66,0.16,2534.1
2025-08-30 21:00:00+00:00,short,buy,108596.3,,71504715331557.48,-0.05,2534.05
2025-08-30 23:00:00+00:00,short,sell - direction_change,108596.3,108473.6,71549754203161.78,0.06,2534.12
2025-08-30 23:00:00+00:00,long,buy,108473.6,,71513979326060.2,-0.05,2534.07
2025-08-31 05:00:00+00:00,long,sell - direction_change,108473.6,108774.9,71676862023573.97,0.23,2534.3
2025-08-31 05:00:00+00:00,short,buy,108774.9,,71641023592562.19,-0.05,2534.25
2025-08-31 06:00:00+00:00,short,sell - direction_change,108774.9,108707.9,71649330435336.69,0.01,2534.26
2025-08-31 06:00:00+00:00,long,buy,108707.9,,71613505770119.02,-0.05,2534.21
2025-08-31 09:00:00+00:00,long,sell - direction_change,108707.9,108965.1,71747134667118.42,0.19,2534.39
2025-08-31 09:00:00+00:00,short,buy,108965.1,,71711261099784.86,-0.05,2534.34
2025-08-31 15:00:00+00:00,short,sell - direction_change,108965.1,108422.6,72032431334825.27,0.45,2534.79
2025-08-31 15:00:00+00:00,long,buy,108422.6,,71996415119157.86,-0.05,2534.74
2025-08-31 23:00:00+00:00,long,sell - direction_change,108422.6,108842.3,72239112455013.67,0.34,2535.08
2025-08-31 23:00:00+00:00,short,buy,108842.3,,72202992898786.17,-0.05,2535.03
2025-09-01 07:00:00+00:00,short,sell - direction_change,108842.3,108019.9,72712448978389.12,0.71,2535.73
2025-09-01 07:00:00+00:00,long,buy,108019.9,,72676092753899.94,-0.05,2535.68
2025-09-01 21:00:00+00:00,long,sell - direction_change,108019.9,108839.6,73191251174658.88,0.71,2536.39
2025-09-01 21:00:00+00:00,short,buy,108839.6,,73154655549071.55,-0.05,2536.34
2025-09-01 23:00:00+00:00,short,sell - direction_change,108839.6,108386.3,73422755979763.55,0.37,2536.71
2025-09-01 23:00:00+00:00,long,buy,108386.3,,73386044601773.67,-0.05,2536.66
2025-09-02 12:00:00+00:00,long,sell - direction_change,108386.3,109698.6,74237881830352.34,1.16,2537.82
2025-09-02 12:00:00+00:00,short,buy,109698.6,,74200762889437.17,-0.05,2537.77
2025-09-02 13:00:00+00:00,short,sell - direction_change,109698.6,108749.5,74805639197379.23,0.82,2538.59
2025-09-02 13:00:00+00:00,long,buy,108749.5,,74768236377780.55,-0.05,2538.54
2025-09-03 14:40:00+00:00,long,sell - take_profit,108749.5,112011.985,76973899350925.08,2.95,2541.49
2025-09-03 15:00:00+00:00,long,buy,112208.8,,76935412401249.61,-0.05,2541.44
2025-09-04 02:00:00+00:00,long,sell - direction_change,112208.8,111899.9,76685148927776.31,-0.33,2541.11
2025-09-04 02:00:00+00:00,short,buy,111899.9,,76646806353312.42,-0.05,2541.06
2025-09-04 20:00:00+00:00,short,sell - direction_change,111899.9,109753.9,78078404249745.58,1.87,2542.93
2025-09-04 20:00:00+00:00,long,buy,109753.9,,78039365047620.7,-0.05,2542.88
2025-09-05 12:30:00+00:00,long,sell - take_profit,109753.9,113046.51699999999,80341526316525.52,2.95,2545.83
2025-09-05 13:00:00+00:00,long,buy,113159.0,,80301355553367.25,-0.05,2545.78
2025-09-05 14:00:00+00:00,long,sell - direction_change,113159.0,113028.4,80168526811669.27,-0.17,2545.61
2025-09-05 14:00:00+00:00,short,buy,113028.4,,80128442548263.44,-0.05,2545.56
2025-09-05 18:00:00+00:00,short,sell - direction_change,113028.4,110567.1,81833250727589.86,2.13,2547.69
2025-09-05 18:00:00+00:00,long,buy,110567.1,,81792334102226.06,-0.05,2547.64
2025-09-05 19:00:00+00:00,long,sell - direction_change,110567.1,111146.1,82179754870729.81,0.47,2548.11
2025-09-05 19:00:00+00:00,short,buy,111146.1,,82138664993294.45,-0.05,2548.06
2025-09-06 00:00:00+00:00,short,sell - direction_change,111146.1,110614.8,82490234473234.2,0.43,2548.49
2025-09-06 00:00:00+00:00,long,buy,110614.8,,82448989355997.6,-0.05,2548.44
2025-09-06 03:00:00+00:00,long,sell - direction_change,110614.8,111170.0,82821594465409.19,0.45,2548.89
2025-09-06 03:00:00+00:00,short,buy,111170.0,,82780183668176.48,-0.05,2548.84
2025-09-06 08:00:00+00:00,short,sell - direction_change,111170.0,110779.9,83029272569316.72,0.3,2549.14
2025-09-06 08:00:00+00:00,long,buy,110779.9,,82987757933032.06,-0.05,2549.09
2025-09-06 09:00:00+00:00,long,sell - direction_change,110779.9,110906.5,83041103010900.88,0.06,2549.16
2025-09-06 09:00:00+00:00,short,buy,110906.5,,82999582459395.42,-0.05,2549.11
2025-09-07 01:00:00+00:00,short,sell - direction_change,110906.5,110305.9,83407556316915.92,0.49,2549.6
2025-09-07 01:00:00+00:00,long,buy,110305.9,,83365852538757.47,-0.05,2549.55
2025-09-07 21:00:00+00:00,long,sell - direction_change,110305.9,111282.8,84062480993340.0,0.84,2550.39
2025-09-07 21:00:00+00:00,short,buy,111282.8,,84020449752843.33,-0.05,2550.34
2025-09-07 22:00:00+00:00,short,sell - direction_change,111282.8,111006.4,84187126335916.44,0.2,2550.53
2025-09-07 22:00:00+00:00,long,buy,111006.4,,84145032772748.48,-0.05,2550.48
2025-09-07 23:00:00+00:00,long,sell - direction_change,111006.4,111197.9,84248121019849.45,0.12,2550.61
2025-09-07 23:00:00+00:00,short,buy,111197.9,,84205996959339.53,-0.05,2550.56
2025-09-08 02:00:00+00:00,short,sell - direction_change,111197.9,110846.9,84429693089554.98,0.27,2550.82
2025-09-08 02:00:00+00:00,long,buy,110846.9,,84387478243010.2,-0.05,2550.77
2025-09-08 04:00:00+00:00,long,sell - direction_change,110846.9,111004.8,84465493393939.5,0.09,2550.87
2025-09-08 04:00:00+00:00,short,buy,111004.8,,84423260647242.53,-0.05,2550.82
2025-09-08 06:00:00+00:00,short,sell - direction_change,111004.8,110984.8,84396259757471.97,-0.03,2550.78
2025-09-08 06:00:00+00:00,long,buy,110984.8,,84354061627593.23,-0.05,2550.73
2025-09-08 19:00:00+00:00,long,sell - direction_change,110984.8,112425.3,85406737457482.42,1.25,2551.98
2025-09-08 19:00:00+00:00,short,buy,112425.3,,85364034088753.69,-0.05,2551.93
2025-09-08 21:00:00+00:00,short,sell - direction_change,112425.3,111919.5,85705403779306.19,0.4,2552.33
2025-09-08 21:00:00+00:00,long,buy,111919.5,,85662551077416.53,-0.05,2552.28
2025-09-09 00:00:00+00:00,long,sell - direction_change,111919.5,112012.7,85691054553734.42,0.03,2552.31
2025-09-09 00:00:00+00:00,short,buy,112012.7,,85648209026457.55,-0.05,2552.26
2025-09-09 04:00:00+00:00,short,sell - direction_change,112012.7,111657.7,85876828376163.28,0.27,2552.53
2025-09-09 04:00:00+00:00,long,buy,111657.7,,85833889961975.2,-0.05,2552.48
2025-09-09 14:00:00+00:00,long,sell - direction_change,111657.7,112712.8,86602053106400.33,0.89,2553.38
2025-09-09 14:00:00+00:00,short,buy,112712.8,,86558752079847.12,-0.05,2553.33
2025-09-10 02:00:00+00:00,short,sell - direction_change,112712.8,110955.8,87864775776788.19,1.51,2554.83
2025-09-10 02:00:00+00:00,long,buy,110955.8,,87820843388899.8,-0.05,2554.78
2025-09-10 13:49:00+00:00,long,sell - take_profit,110955.8,114284.474,90411558268872.34,2.95,2557.73
2025-09-10 14:00:00+00:00,long,buy,113911.3,,90366352489737.9,-0.05,2557.68
2025-09-11 09:00:00+00:00,long,sell - direction_change,113911.3,114005.7,90396057262932.92,0.03,2557.72
2025-09-11 09:00:00+00:00,short,buy,114005.7,,90350859234301.45,-0.05,2557.67
2025-09-11 10:00:00+00:00,short,sell - direction_change,114005.7,113857.5,90423134049176.69,0.08,2557.75
2025-09-11 10:00:00+00:00,long,buy,113857.5,,90377922482152.08,-0.05,2557.7
2025-09-12 08:00:00+00:00,long,sell - direction_change,113857.5,115048.9,91278444228112.86,1.0,2558.69
2025-09-12 08:00:00+00:00,short,buy,115048.9,,91232805005998.8,-0.05,2558.64
2025-09-12 14:00:00+00:00,short,sell - direction_change,115048.9,115114.6,91135089058963.9,-0.11,2558.54
2025-09-12 14:00:00+00:00,long,buy,115114.6,,91089521514434.42,-0.05,2558.49
2025-09-12 15:00:00+00:00,long,sell - direction_change,115114.6,115213.6,91122314884808.52,0.04,2558.52
2025-09-12 15:00:00+00:00,short,buy,115213.6,,91076753727366.1,-0.05,2558.47
2025-09-12 16:00:00+00:00,short,sell - direction_change,115213.6,115064.8,91148842270888.84,0.08,2558.55
2025-09-12 16:00:00+00:00,long,buy,115064.8,,91103267849753.4,-0.05,2558.5
2025-09-13 04:00:00+00:00,long,sell - direction_change,115064.8,115913.6,91729758871365.86,0.69,2559.19
2025-09-13 04:00:00+00:00,short,buy,115913.6,,91683893991930.19,-0.05,2559.14
2025-09-13 06:00:00+00:00,short,sell - direction_change,115913.6,115656.7,91841251603627.3,0.17,2559.31
2025-09-13 06:00:00+00:00,long,buy,115656.7,,91795330977825.48,-0.05,2559.26
2025-09-13 07:00:00+00:00,long,sell - direction_change,115656.7,115695.7,91780387143010.77,-0.02,2559.25
2025-09-13 07:00:00+00:00,short,buy,115695.7,,91734496949439.27,-0.05,2559.2
2025-09-13 09:00:00+00:00,short,sell - direction_change,115695.7,115913.3,91516095833792.31,-0.24,2558.96
2025-09-13 09:00:00+00:00,long,buy,115913.3,,91470337785875.42,-0.05,2558.91
2025-09-13 10:00:00+00:00,long,sell - direction_change,115913.3,115969.7,91469109391020.69,-0.0,2558.91
2025-09-13 10:00:00+00:00,short,buy,115969.7,,91423374836325.19,-0.05,2558.86
2025-09-13 11:00:00+00:00,short,sell - direction_change,115969.7,115882.7,91446248595025.78,0.03,2558.88
2025-09-13 11:00:00+00:00,long,buy,115882.7,,91400525470728.27,-0.05,2558.83
2025-09-13 13:00:00+00:00,long,sell - direction_change,115882.7,115947.5,91405935115256.92,0.01,2558.84
2025-09-13 13:00:00+00:00,short,buy,115947.5,,91360232147699.3,-0.05,2558.79
2025-09-13 14:00:00+00:00,short,sell - direction_change,115947.5,115706.4,91504525527999.31,0.16,2558.94
2025-09-13 14:00:00+00:00,long,buy,115706.4,,91458773265235.31,-0.05,2558.89
2025-09-13 15:00:00+00:00,long,sell - direction_change,115706.4,115750.1,91447586033502.45,-0.01,2558.88
2025-09-13 15:00:00+00:00,short,buy,115750.1,,91401862240485.7,-0.05,2558.83
2025-09-13 20:00:00+00:00,short,sell - direction_change,115750.1,115751.4,91355134766659.14,-0.05,2558.78
2025-09-13 20:00:00+00:00,long,buy,115751.4,,91309457199275.81,-0.05,2558.73
2025-09-13 22:00:00+00:00,long,sell - direction_change,115751.4,115849.8,91341424431087.95,0.04,2558.77
2025-09-13 22:00:00+00:00,short,buy,115849.8,,91295753718872.42,-0.05,2558.72
2025-09-13 23:00:00+00:00,short,sell - direction_change,115849.8,115828.3,91267048976182.9,-0.03,2558.68
2025-09-13 23:00:00+00:00,long,buy,115828.3,,91221415451694.8,-0.05,2558.63
2025-09-14 03:00:00+00:00,long,sell - direction_change,115828.3,115809.7,91161156179435.05,-0.07,2558.57
2025-09-14 03:00:00+00:00,short,buy,115809.7,,91115575601345.31,-0.05,2558.52
2025-09-14 04:00:00+00:00,short,sell - direction_change,115809.7,115626.0,91214547427540.44,0.11,2558.63
2025-09-14 04:00:00+00:00,long,buy,115626.0,,91168940153826.69,-0.05,2558.58
2025-09-14 06:00:00+00:00,long,sell - direction_change,115626.0,115810.0,91268436245114.02,0.11,2558.69
2025-09-14 06:00:00+00:00,short,buy,115810.0,,91222802026991.45,-0.05,2558.64
2025-09-14 08:00:00+00:00,short,sell - direction_change,115810.0,115746.1,91227524250444.95,0.01,2558.64
2025-09-14 08:00:00+00:00,long,buy,115746.1,,91181910488319.77,-0.05,2558.59
2025-09-14 11:00:00+00:00,long,sell - direction_change,115746.1,115979.5,91320186271635.02,0.15,2558.74
2025-09-14 11:00:00+00:00,short,buy,115979.5,,91274526178499.2,-0.05,2558.69
2025-09-14 20:00:00+00:00,short,sell - direction_change,115979.5,115597.3,91529675898501.12,0.28,2558.97
2025-09-14 20:00:00+00:00,long,buy,115597.3,,91483911060551.88,-0.05,2558.92
2025-09-14 23:00:00+00:00,long,sell - direction_change,115597.3,115956.9,91722757191571.81,0.26,2559.18
2025-09-14 23:00:00+00:00,short,buy,115956.9,,91676895812976.05,-0.05,2559.13
2025-09-15 01:00:00+00:00,short,sell - direction_change,115956.9,115023.4,92369093499542.05,0.76,2559.89
2025-09-15 01:00:00+00:00,long,buy,115023.4,,92322908952792.28,-0.05,2559.84
2025-09-15 02:00:00+00:00,long,sell - direction_change,115023.4,115178.4,92401157408713.95,0.08,2559.92
2025-09-15 02:00:00+00:00,short,buy,115178.4,,92354956830009.6,-0.05,2559.87
2025-09-15 04:00:00+00:00,short,sell - direction_change,115178.4,115387.7,92140953678859.78,-0.23,2559.64
2025-09-15 04:00:00+00:00,long,buy,115387.7,,92094883202020.34,-0.05,2559.59
2025-09-15 08:00:00+00:00,long,sell - direction_change,115387.7,115769.6,92353643256321.0,0.28,2559.87
2025-09-15 08:00:00+00:00,short,buy,115769.6,,92307466434692.84,-0.05,2559.82
2025-09-15 18:00:00+00:00,short,sell - direction_change,115769.6,115075.9,92814425863011.4,0.55,2560.37
2025-09-15 18:00:00+00:00,long,buy,115075.9,,92768018650079.9,-0.05,2560.32
2025-09-16 13:00:00+00:00,long,sell - direction_change,115075.9,115393.2,92977424882827.02,0.23,2560.55
2025-09-16 13:00:00+00:00,short,buy,115393.2,,92930936170385.6,-0.05,2560.5
2025-09-16 15:00:00+00:00,short,sell - direction_change,115393.2,115231.1,93015016564216.19,0.09,2560.59
2025-09-16 15:00:00+00:00,long,buy,115231.1,,92968509055934.08,-0.05,2560.54
2025-09-17 04:00:00+00:00,long,sell - direction_change,115231.1,116320.2,93800711225581.69,0.9,2561.43
2025-09-17 04:00:00+00:00,short,buy,116320.2,,93753810869968.88,-0.05,2561.38
2025-09-17 05:00:00+00:00,short,sell - direction_change,116320.2,116264.8,93751586235783.4,-0.0,2561.38
2025-09-17 05:00:00+00:00,long,buy,116264.8,,93704710442665.5,-0.05,2561.33
2025-09-17 09:00:00+00:00,long,sell - direction_change,116264.8,116801.0,94090013526918.19,0.41,2561.74
2025-09-17 09:00:00+00:00,short,buy,116801.0,,94042968520154.72,-0.05,2561.69
2025-09-17 22:00:00+00:00,short,sell - direction_change,116801.0,115986.8,94651504650719.08,0.65,2562.34
2025-09-17 22:00:00+00:00,long,buy,115986.8,,94604178898393.72,-0.05,2562.29
2025-09-18 22:00:00+00:00,long,sell - direction_change,115986.8,117233.1,95573416520024.3,1.02,2563.31
2025-09-18 22:00:00+00:00,short,buy,117233.1,,95525629811764.28,-0.05,2563.26
2025-09-20 04:00:00+00:00,short,sell - direction_change,117233.1,115394.3,96976185544247.08,1.52,2564.78
2025-09-20 04:00:00+00:00,long,buy,115394.3,,96927697451474.95,-0.05,2564.73
2025-09-20 20:00:00+00:00,long,sell - direction_change,115394.3,115636.6,97082758223051.02,0.16,2564.89
2025-09-20 20:00:00+00:00,short,buy,115636.6,,97034216843939.48,-0.05,2564.84
2025-09-21 07:00:00+00:00,short,sell - direction_change,115636.6,115633.3,96988468866705.95,-0.05,2564.8
2025-09-21 07:00:00+00:00,long,buy,115633.3,,96939974632272.6,-0.05,2564.75
2025-09-21 08:00:00+00:00,long,sell - direction_change,115633.3,115772.8,97008453019353.81,0.07,2564.82
2025-09-21 08:00:00+00:00,short,buy,115772.8,,96959948792844.14,-0.05,2564.77
2025-09-21 09:00:00+00:00,short,sell - direction_change,115772.8,115583.1,97070342943337.19,0.11,2564.88
2025-09-21 09:00:00+00:00,long,buy,115583.1,,97021807771865.5,-0.05,2564.83
2025-09-21 10:00:00+00:00,long,sell - direction_change,115583.1,115626.1,97009391571566.77,-0.01,2564.82
2025-09-21 10:00:00+00:00,short,buy,115626.1,,96960886875780.98,-0.05,2564.77
2025-09-21 11:00:00+00:00,short,sell - direction_change,115626.1,115465.1,97047416631484.98,0.09,2564.86
2025-09-21 11:00:00+00:00,long,buy,115465.1,,96998892923169.23,-0.05,2564.81
2025-09-21 13:00:00+00:00,long,sell - direction_change,115465.1,115623.9,97083796766499.95,0.09,2564.89
2025-09-21 13:00:00+00:00,short,buy,115623.9,,97035254868116.7,-0.05,2564.84
2025-09-22 06:02:00+00:00,short,sell - take_profit,115623.9,112155.18299999999,99897794886726.16,2.95,2567.79
2025-09-22 07:00:00+00:00,short,buy,112748.8,,99847845989282.8,-0.05,2567.74
2025-09-22 20:00:00+00:00,short,sell - direction_change,112748.8,112072.8,100396572729432.73,0.55,2568.29
2025-09-22 20:00:00+00:00,long,buy,112072.8,,100346374443068.02,-0.05,2568.24
2025-09-22 22:00:00+00:00,long,sell - direction_change,112072.8,112922.9,101057353407965.92,0.71,2568.95
2025-09-22 22:00:00+00:00,short,buy,112922.9,,101006824731261.94,-0.05,2568.9
2025-09-22 23:00:00+00:00,short,sell - direction_change,112922.9,112584.2,101259280342588.4,0.25,2569.15
2025-09-22 23:00:00+00:00,long,buy,112584.2,,101208650702417.1,-0.05,2569.1
2025-09-23 00:00:00+00:00,long,sell - direction_change,112584.2,112604.7,101176475049467.52,-0.03,2569.07
2025-09-23 00:00:00+00:00,short,buy,112604.7,,101125886811942.78,-0.05,2569.02
2025-09-23 05:00:00+00:00,short,sell - direction_change,112604.7,112377.7,101279183710144.77,0.15,2569.17
2025-09-23 05:00:00+00:00,long,buy,112377.7,,101228544118289.69,-0.05,2569.12
2025-09-23 17:00:00+00:00,long,sell - direction_change,112377.7,112763.8,101525724300860.55,0.29,2569.42
2025-09-23 17:00:00+00:00,short,buy,112763.8,,101474961438710.1,-0.05,2569.37
2025-09-24 04:00:00+00:00,short,sell - direction_change,112763.8,111639.8,102435699774317.52,0.95,2570.31
2025-09-24 04:00:00+00:00,long,buy,111639.8,,102384481924430.36,-0.05,2570.26
2025-09-25 00:00:00+00:00,long,sell - direction_change,111639.8,113253.9,103813575318825.98,1.4,2571.66
2025-09-25 00:00:00+00:00,short,buy,113253.9,,103761668531166.58,-0.05,2571.61
2025-09-25 17:21:00+00:00,short,sell - take_profit,113253.9,109856.283,106822637752835.98,2.95,2574.56
2025-09-25 18:00:00+00:00,short,buy,108793.9,,106769226433959.56,-0.05,2574.51
2025-09-25 19:22:00+00:00,short,sell - stop_loss,108793.9,109881.83899999999,105648149556402.98,-1.05,2573.46
2025-09-25 20:00:00+00:00,short,buy,109320.5,,105595325481624.78,-0.05,2573.41
2025-09-26 03:00:00+00:00,short,sell - direction_change,109320.5,109581.8,105290131803970.48,-0.29,2573.12
2025-09-26 03:00:00+00:00,long,buy,109581.8,,105237486738068.5,-0.05,2573.07
2025-09-26 04:00:00+00:00,long,sell - direction_change,109581.8,109537.5,105142324245075.92,-0.09,2572.98
2025-09-26 04:00:00+00:00,short,buy,109537.5,,105089753082953.4,-0.05,2572.93
2025-09-26 06:00:00+00:00,short,sell - direction_change,109537.5,109202.8,105358317784016.52,0.26,2573.18
2025-09-26 06:00:00+00:00,long,buy,109202.8,,105305638625124.5,-0.05,2573.13
2025-09-26 07:00:00+00:00,long,sell - direction_change,109202.8,109298.8,105345559817723.81,0.04,2573.17
2025-09-26 07:00:00+00:00,short,buy,109298.8,,105292887037814.95,-0.05,2573.12
2025-09-26 08:00:00+00:00,short,sell - direction_change,109298.8,109257.4,105280123241894.81,-0.01,2573.11
2025-09-26 08:00:00+00:00,long,buy,109257.4,,105227483180273.86,-0.05,2573.06
2025-09-26 10:00:00+00:00,long,sell - direction_change,109257.4,109522.4,105430095016473.19,0.19,2573.25
2025-09-26 10:00:00+00:00,short,buy,109522.4,,105377379968964.94,-0.05,2573.2
2025-09-26 13:00:00+00:00,short,sell - direction_change,109522.4,109330.1,105509713431234.52,0.13,2573.33
2025-09-26 13:00:00+00:00,long,buy,109330.1,,105456958574518.9,-0.05,2573.28
2025-09-26 14:00:00+00:00,long,sell - direction_change,109330.1,109621.3,105685114008599.5,0.22,2573.49
2025-09-26 14:00:00+00:00,short,buy,109621.3,,105632271451595.2,-0.05,2573.44
2025-09-26 16:00:00+00:00,short,sell - direction_change,109621.3,108976.0,106201273381954.31,0.54,2573.98
2025-09-26 16:00:00+00:00,long,buy,108976.0,,106148172745263.34,-0.05,2573.93
2025-09-26 19:00:00+00:00,long,sell - direction_change,108976.0,109669.9,106770992590287.88,0.59,2574.52
2025-09-26 19:00:00+00:00,short,buy,109669.9,,106717607093992.73,-0.05,2574.47
2025-09-26 20:00:00+00:00,short,sell - direction_change,109669.9,109115.8,107203432023546.44,0.46,2574.92
2025-09-26 20:00:00+00:00,long,buy,109115.8,,107149830307534.69,-0.05,2574.87
2025-09-27 02:00:00+00:00,long,sell - direction_change,109115.8,109384.3,107359917753263.31,0.2,2575.07
2025-09-27 02:00:00+00:00,short,buy,109384.3,,107306237794386.69,-0.05,2575.02
2025-09-27 03:00:00+00:00,short,sell - direction_change,109384.3,109348.5,107287704553872.77,-0.02,2575.0
2025-09-27 03:00:00+00:00,long,buy,109348.5,,107234060701595.81,-0.05,2574.95
2025-09-27 07:00:00+00:00,long,sell - direction_change,109348.5,109488.6,107317834599372.02,0.08,2575.03
2025-09-27 07:00:00+00:00,short,buy,109488.6,,107264175682072.31,-0.05,2574.98
2025-09-27 12:00:00+00:00,short,sell - direction_change,109488.6,109265.8,107428817079708.02,0.15,2575.14
2025-09-27 12:00:00+00:00,long,buy,109265.8,,107375102671168.16,-0.05,2575.09
2025-09-27 13:00:00+00:00,long,sell - direction_change,109265.8,109355.2,107409268173384.56,0.03,2575.12
2025-09-27 13:00:00+00:00,short,buy,109355.2,,107355563539297.88,-0.05,2575.07
2025-09-27 18:00:00+00:00,short,sell - direction_change,109355.2,109330.9,107325741415000.44,-0.03,2575.04
2025-09-27 18:00:00+00:00,long,buy,109330.9,,107272078544292.94,-0.05,2574.99
2025-09-27 20:00:00+00:00,long,sell - direction_change,109330.9,109369.4,107256217507549.4,-0.01,2574.97
2025-09-27 20:00:00+00:00,short,buy,109369.4,,107202589398795.62,-0.05,2574.92
2025-09-27 21:00:00+00:00,short,sell - direction_change,109369.4,109333.4,107184274877346.84,-0.02,2574.91
2025-09-27 21:00:00+00:00,long,buy,109333.4,,107130682739908.19,-0.05,2574.86
2025-09-28 01:00:00+00:00,long,sell - direction_change,109333.4,109556.3,107295526678618.45,0.15,2575.01
2025-09-28 01:00:00+00:00,short,buy,109556.3,,107241878915279.16,-0.05,2574.96
2025-09-28 02:00:00+00:00,short,sell - direction_change,109556.3,109305.5,107433759724529.28,0.18,2575.14
2025-09-28 02:00:00+00:00,long,buy,109305.5,,107380042844667.02,-0.05,2575.09
2025-09-28 04:00:00+00:00,long,sell - direction_change,109305.5,109397.3,107416535732001.7,0.03,2575.12
2025-09-28 04:00:00+00:00,short,buy,109397.3,,107362827464135.7,-0.05,2575.07
2025-09-28 06:00:00+00:00,short,sell - direction_change,109397.3,109303.2,107401496063286.73,0.04,2575.11
2025-09-28 06:00:00+00:00,long,buy,109303.2,,107347795315255.1,-0.05,2575.06
2025-09-28 10:00:00+00:00,long,sell - direction_change,109303.2,109477.4,107465205026713.36,0.11,2575.17
2025-09-28 10:00:00+00:00,short,buy,109477.4,,107411472424200.0,-0.05,2575.12
2025-09-28 13:00:00+00:00,short,sell - direction_change,109477.4,109266.8,107564392494707.23,0.14,2575.26
2025-09-28 13:00:00+00:00,long,buy,109266.8,,107510610298459.88,-0.05,2575.21
2025-09-29 13:41:00+00:00,long,sell - take_profit,109266.8,112544.804,110682173302264.44,2.95,2578.16
2025-09-29 14:00:00+00:00,long,buy,113168.1,,110626832215613.31,-0.05,2578.11
2025-09-30 05:00:00+00:00,long,sell - direction_change,113168.1,114037.1,111421004804796.45,0.72,2578.83
2025-09-30 05:00:00+00:00,short,buy,114037.1,,111365294302394.08,-0.05,2578.78
2025-09-30 18:00:00+00:00,short,sell - direction_change,114037.1,113198.8,112128270900468.31,0.69,2579.47
2025-09-30 18:00:00+00:00,long,buy,113198.8,,112072206765018.08,-0.05,2579.42
2025-10-01 06:00:00+00:00,long,sell - direction_change,113198.8,114511.5,113315806221557.05,1.11,2580.52
2025-10-01 06:00:00+00:00,short,buy,114511.5,,113259148318446.27,-0.05,2580.47
2025-10-01 07:00:00+00:00,short,sell - direction_change,114511.5,114212.7,113498050926797.55,0.21,2580.69
2025-10-01 07:00:00+00:00,long,buy,114212.7,,113441301901334.14,-0.05,2580.64
2025-10-01 15:29:00+00:00,long,sell - take_profit,114212.7,117639.081,116787820307423.5,2.95,2583.59
2025-10-01 16:00:00+00:00,long,buy,117366.5,,116729426397269.78,-0.05,2583.54
2025-10-02 19:08:00+00:00,long,sell - take_profit,117366.5,120887.49500000001,120172944475989.23,2.95,2586.49
2025-10-02 20:00:00+00:00,long,buy,120787.8,,120112858003751.23,-0.05,2586.44
2025-10-03 04:00:00+00:00,long,sell - direction_change,120787.8,120185.4,119453767685056.38,-0.55,2585.89
2025-10-03 04:00:00+00:00,short,buy,120185.4,,119394040801213.84,-0.05,2585.84
2025-10-03 09:00:00+00:00,short,sell - direction_change,120185.4,120007.0,119511569108340.0,0.1,2585.94
2025-10-03 09:00:00+00:00,long,buy,120007.0,,119451813323785.81,-0.05,2585.89
2025-10-03 16:27:00+00:00,long,sell - take_profit,120007.0,123607.21,122975641816837.52,2.95,2588.84
2025-10-03 17:00:00+00:00,long,buy,122527.0,,122914153995929.1,-0.05,2588.79
2025-10-04 01:00:00+00:00,long,sell - direction_change,122527.0,122076.4,122400673138127.19,-0.42,2588.37
2025-10-04 01:00:00+00:00,short,buy,122076.4,,122339472801558.1,-0.05,2588.32
2025-10-04 03:00:00+00:00,short,sell - direction_change,122076.4,121811.7,122543573489666.69,0.17,2588.48
2025-10-04 03:00:00+00:00,long,buy,121811.7,,122482301702921.84,-0.05,2588.43
2025-10-04 10:00:00+00:00,long,sell - direction_change,121811.7,122168.0,122779322066331.77,0.24,2588.68
2025-10-04 10:00:00+00:00,short,buy,122168.0,,122717932405298.58,-0.05,2588.63
2025-10-04 12:00:00+00:00,short,sell - direction_change,122168.0,121924.6,122901069090554.98,0.15,2588.78
2025-10-04 12:00:00+00:00,long,buy,121924.6,,122839618556009.7,-0.05,2588.73
2025-10-04 14:00:00+00:00,long,sell - direction_change,121924.6,122335.5,123192182465067.98,0.29,2589.01
2025-10-04 14:00:00+00:00,short,buy,122335.5,,123130586373835.45,-0.05,2588.96
2025-10-04 21:00:00+00:00,short,sell - direction_change,122335.5,121832.9,123574887592915.95,0.36,2589.32
2025-10-04 21:00:00+00:00,long,buy,121832.9,,123513100149119.5,-0.05,2589.27
2025-10-05 04:48:00+00:00,long,sell - take_profit,121832.9,125487.887,127156736603518.55,2.95,2592.22
2025-10-05 05:00:00+00:00,long,buy,125167.4,,127093158235216.77,-0.05,2592.17
2025-10-05 09:29:00+00:00,long,sell - stop_loss,125167.4,123915.726,125758680073746.98,-1.05,2591.12
2025-10-05 10:00:00+00:00,long,buy,122998.0,,125695800733710.1,-0.05,2591.07
2025-10-05 12:00:00+00:00,long,sell - direction_change,122998.0,123413.3,126057361897268.77,0.29,2591.36
2025-10-05 12:00:00+00:00,short,buy,123413.3,,125994333216320.12,-0.05,2591.31
2025-10-05 22:00:00+00:00,short,sell - direction_change,123413.3,122682.3,126677623990972.19,0.54,2591.85
2025-10-05 22:00:00+00:00,long,buy,122682.3,,126614285178976.7,-0.05,2591.8
2025-10-06 23:00:00+00:00,long,sell - direction_change,122682.3,124999.9,128942857446300.42,1.84,2593.64
2025-10-06 23:00:00+00:00,short,buy,124999.9,,128878386017577.27,-0.05,2593.59
2025-10-07 00:00:00+00:00,short,sell - direction_change,124999.9,124628.6,129196767488651.6,0.25,2593.84
2025-10-07 00:00:00+00:00,long,buy,124628.6,,129132169104907.28,-0.05,2593.79
2025-10-07 01:00:00+00:00,long,sell - direction_change,124628.6,124850.4,129297417967385.19,0.13,2593.92
2025-10-07 01:00:00+00:00,short,buy,124850.4,,129232769258401.48,-0.05,2593.87
2025-10-07 11:00:00+00:00,short,sell - direction_change,124850.4,124229.9,129810433021251.48,0.45,2594.32
2025-10-07 11:00:00+00:00,long,buy,124229.9,,129745527804740.86,-0.05,2594.27
2025-10-07 13:00:00+00:00,long,sell - direction_change,124229.9,124869.4,130348547915509.81,0.46,2594.73
2025-10-07 13:00:00+00:00,short,buy,124869.4,,130283373641552.06,-0.05,2594.68
2025-10-07 15:40:00+00:00,short,sell - take_profit,124869.4,121123.31799999998,134126733163977.86,2.95,2597.63
2025-10-07 16:00:00+00:00,short,buy,121788.2,,134059669797395.88,-0.05,2597.58
2025-10-08 01:00:00+00:00,short,sell - direction_change,121788.2,121868.9,133903808570353.69,-0.12,2597.46
2025-10-08 01:00:00+00:00,long,buy,121868.9,,133836856666068.52,-0.05,2597.41
2025-10-08 03:00:00+00:00,long,sell - direction_change,121868.9,121995.1,133908531523727.72,0.05,2597.47
2025-10-08 03:00:00+00:00,short,buy,121995.1,,133841577257965.86,-0.05,2597.42
2025-10-08 04:00:00+00:00,short,sell - direction_change,121995.1,121333.1,134500940755712.1,0.49,2597.91
2025-10-08 04:00:00+00:00,long,buy,121333.1,,134433690285334.23,-0.05,2597.86
2025-10-08 05:00:00+00:00,long,sell - direction_change,121333.1,121865.4,134956246991999.62,0.39,2598.25
2025-10-08 05:00:00+00:00,short,buy,121865.4,,134888768868503.62,-0.05,2598.2
2025-10-08 06:00:00+00:00,short,sell - direction_change,121865.4,121338.1,135404975363025.69,0.38,2598.58
2025-10-08 06:00:00+00:00,long,buy,121338.1,,135337272875344.16,-0.05,2598.53
2025-10-08 07:00:00+00:00,long,sell - direction_change,121338.1,121749.1,135728022651192.2,0.29,2598.82
2025-10-08 07:00:00+00:00,short,buy,121749.1,,135660158639866.6,-0.05,2598.77
2025-10-08 08:00:00+00:00,short,sell - direction_change,121749.1,121550.5,135813620607107.0,0.11,2598.88
2025-10-08 08:00:00+00:00,long,buy,121550.5,,135745713796803.45,-0.05,2598.83
2025-10-09 02:00:00+00:00,long,sell - direction_change,121550.5,122496.5,136734319072465.4,0.73,2599.56
2025-10-09 02:00:00+00:00,short,buy,122496.5,,136665951912929.16,-0.05,2599.51
2025-10-09 11:00:00+00:00,short,sell - direction_change,122496.5,122106.1,137033177402943.6,0.27,2599.78
2025-10-09 11:00:00+00:00,long,buy,122106.1,,136964660814242.14,-0.05,2599.73
2025-10-09 14:00:00+00:00,long,sell - direction_change,122106.1,122357.0,137177609414790.1,0.16,2599.89
2025-10-09 14:00:00+00:00,short,buy,122357.0,,137109020610082.7,-0.05,2599.84
2025-10-10 00:00:00+00:00,short,sell - direction_change,122357.0,121579.4,137911817754577.95,0.59,2600.42
2025-10-10 00:00:00+00:00,long,buy,121579.4,,137842861845700.69,-0.05,2600.37
2025-10-10 01:00:00+00:00,long,sell - direction_change,121579.4,121682.2,137890491789416.45,0.03,2600.41
2025-10-10 01:00:00+00:00,short,buy,121682.2,,137821546543521.77,-0.05,2600.36
2025-10-10 03:00:00+00:00,short,sell - direction_change,121682.2,121007.1,138517277813798.92,0.5,2600.86
2025-10-10 03:00:00+00:00,long,buy,121007.1,,138448019174892.02,-0.05,2600.81
2025-10-10 07:00:00+00:00,long,sell - direction_change,121007.1,121315.1,138731187627448.23,0.2,2601.01
2025-10-10 07:00:00+00:00,short,buy,121315.1,,138661822033634.55,-0.05,2600.96
2025-10-10 08:00:00+00:00,short,sell - direction_change,121315.1,120886.1,139082833393715.28,0.3,2601.27
2025-10-10 08:00:00+00:00,long,buy,120886.1,,139013291977018.42,-0.05,2601.22
2025-10-10 09:00:00+00:00,long,sell - direction_change,120886.1,121570.5,139730812929976.94,0.52,2601.73
2025-10-10 09:00:00+00:00,short,buy,121570.5,,139660947523511.95,-0.05,2601.68
2025-10-10 10:00:00+00:00,short,sell - direction_change,121570.5,121250.0,139959309445777.9,0.21,2601.9
2025-10-10 10:00:00+00:00,long,buy,121250.0,,139889329791055.0,-0.05,2601.85
2025-10-10 14:00:00+00:00,long,sell - direction_change,121250.0,121609.1,140233688287627.23,0.25,2602.09
2025-10-10 14:00:00+00:00,short,buy,121609.1,,140163571443483.44,-0.05,2602.04
2025-10-10 17:05:00+00:00,short,sell - take_profit,121609.1,117960.827,144298396801066.2,2.95,2604.99
2025-10-10 18:00:00+00:00,short,buy,117590.8,,144226247602665.66,-0.05,2604.94
2025-10-10 20:56:00+00:00,short,sell - take_profit,117590.8,114063.076,148480921906944.28,2.95,2607.89
2025-10-10 21:00:00+00:00,short,buy,114200.4,,148406681445990.8,-0.05,2607.84
2025-10-10 21:13:00+00:00,short,sell - take_profit,114200.4,110774.38799999999,152784678548647.53,2.95,2610.79
2025-10-10 22:00:00+00:00,short,buy,113253.6,,152708286209373.22,-0.05,2610.74
2025-10-10 23:40:00+00:00,short,sell - stop_loss,113253.6,114386.13600000001,151104849204174.78,-1.05,2609.69
2025-10-11 00:00:00+00:00,short,buy,112715.0,,151029296779572.7,-0.05,2609.64
2025-10-11 02:00:00+00:00,short,sell - direction_change,112715.0,111060.0,153171352873055.7,1.42,2611.06
2025-10-11 02:00:00+00:00,long,buy,111060.0,,153094767196619.16,-0.05,2611.01
2025-10-11 03:00:00+00:00,long,sell - direction_change,111060.0,113175.3,155934133382722.0,1.85,2612.87
2025-10-11 03:00:00+00:00,short,buy,113175.3,,155856166316030.62,-0.05,2612.82
2025-10-11 04:00:00+00:00,short,sell - direction_change,113175.3,112261.6,157036514368769.38,0.76,2613.57
2025-10-11 04:00:00+00:00,long,buy,112261.6,,156957996111585.0,-0.05,2613.52
2025-10-11 05:00:00+00:00,long,sell - direction_change,112261.6,112905.3,157779503057939.66,0.52,2614.05
2025-10-11 05:00:00+00:00,short,buy,112905.3,,157700613306410.7,-0.05,2614.0
2025-10-11 08:00:00+00:00,short,sell - direction_change,112905.3,110338.7,161206664630701.6,2.22,2616.22
2025-10-11 08:00:00+00:00,long,buy,110338.7,,161126061298386.25,-0.05,2616.17
2025-10-11 13:00:00+00:00,long,sell - direction_change,110338.7,112319.6,163938178848765.97,1.75,2617.92
2025-10-11 13:00:00+00:00,short,buy,112319.6,,163856209759341.6,-0.05,2617.87
2025-10-11 16:00:00+00:00,short,sell - direction_change,112319.6,111744.4,164613405830950.94,0.46,2618.33
2025-10-11 16:00:00+00:00,long,buy,111744.4,,164531099128035.47,-0.05,2618.28
2025-10-11 19:00:00+00:00,long,sell - direction_change,111744.4,111907.2,164688538323747.7,0.1,2618.37
2025-10-11 19:00:00+00:00,short,buy,111907.2,,164606194054585.8,-0.05,2618.32
2025-10-12 04:00:00+00:00,short,sell - direction_change,111907.2,110643.3,166382982853929.72,1.08,2619.4
2025-10-12 04:00:00+00:00,long,buy,110643.3,,166299791362502.75,-0.05,2619.35
2025-10-12 16:05:00+00:00,long,sell - take_profit,110643.3,113962.599,171205635207696.6,2.95,2622.3
2025-10-12 17:00:00+00:00,long,buy,113993.4,,171120032390092.75,-0.05,2622.25
2025-10-13 10:00:00+00:00,long,sell - direction_change,113993.4,115057.2,172631384918453.62,0.88,2623.14
2025-10-13 10:00:00+00:00,short,buy,115057.2,,172545069225994.4,-0.05,2623.09
2025-10-13 13:00:00+00:00,short,sell - direction_change,115057.2,114359.9,173504499843998.44,0.56,2623.64
2025-10-13 13:00:00+00:00,long,buy,114359.9,,173417747594076.44,-0.05,2623.59
2025-10-13 14:00:00+00:00,long,sell - direction_change,114359.9,115291.4,174743584830269.72,0.76,2624.36
2025-10-13 14:00:00+00:00,short,buy,115291.4,,174656213037854.6,-0.05,2624.31
2025-10-13 17:00:00+00:00,short,sell - direction_change,115291.4,114596.6,175621445112049.06,0.55,2624.86
2025-10-13 17:00:00+00:00,long,buy,114596.6,,175533634389493.03,-0.05,2624.81
2025-10-14 01:00:00+00:00,long,sell - direction_change,114596.6,114904.0,175916728306485.25,0.22,2625.03
2025-10-14 01:00:00+00:00,short,buy,114904.0,,175828769942332.0,-0.05,2624.98
2025-10-14 06:47:00+00:00,short,sell - take_profit,114904.0,111456.87999999999,181015718655630.8,2.95,2627.93
2025-10-14 07:00:00+00:00,short,buy,111933.4,,180925210796303.0,-0.05,2627.88
2025-10-14 15:00:00+00:00,short,sell - direction_change,111933.4,111369.2,181746701226649.97,0.45,2628.33
2025-10-14 15:00:00+00:00,long,buy,111369.2,,181655827876036.62,-0.05,2628.28
2025-10-15 03:00:00+00:00,long,sell - direction_change,111369.2,112763.2,183838772459873.56,1.2,2629.48
2025-10-15 03:00:00+00:00,short,buy,112763.2,,183746853073643.62,-0.05,2629.43
2025-10-15 04:00:00+00:00,short,sell - direction_change,112763.2,111978.7,184933316961374.88,0.65,2630.08
2025-10-15 04:00:00+00:00,long,buy,111978.7,,184840850302894.2,-0.05,2630.03
2025-10-15 09:00:00+00:00,long,sell - direction_change,111978.7,112899.9,186269035058004.9,0.77,2630.8
2025-10-15 09:00:00+00:00,short,buy,112899.9,,186175900540475.9,-0.05,2630.75
2025-10-16 01:00:00+00:00,short,sell - direction_change,112899.9,110387.1,190226508048555.12,2.18,2632.93
2025-10-16 01:00:00+00:00,long,buy,110387.1,,190131394794530.84,-0.05,2632.88
2025-10-16 04:00:00+00:00,long,sell - direction_change,110387.1,111277.5,191569959330422.16,0.76,2633.63
2025-10-16 04:00:00+00:00,short,buy,111277.5,,191474174350756.9,-0.05,2633.58
2025-10-16 06:00:00+00:00,short,sell - direction_change,111277.5,110881.8,192059314626845.4,0.31,2633.89
2025-10-16 06:00:00+00:00,long,buy,110881.8,,191963284969531.97,-0.05,2633.84
2025-10-16 07:00:00+00:00,long,sell - direction_change,110881.8,111604.0,193117606662716.3,0.6,2634.44
2025-10-16 07:00:00+00:00,short,buy,111604.0,,193021047859384.97,-0.05,2634.39
2025-10-16 08:00:00+00:00,short,sell - direction_change,111604.0,110518.2,194802447211138.2,0.92,2635.31
2025-10-16 08:00:00+00:00,long,buy,110518.2,,194705045987532.62,-0.05,2635.26
2025-10-16 09:35:00+00:00,long,sell - stop_loss,110518.2,109413.018,192660643004663.56,-1.05,2634.21
2025-10-16 10:00:00+00:00,long,buy,111099.9,,192564312683161.2,-0.05,2634.16
2025-10-16 13:00:00+00:00,long,sell - direction_change,111099.9,111470.8,193110894323944.44,0.28,2634.45
2025-10-16 13:00:00+00:00,short,buy,111470.8,,193014338876782.47,-0.05,2634.4
2025-10-16 16:04:00+00:00,short,sell - take_profit,111470.8,108126.676,198708261873647.53,2.95,2637.35
2025-10-16 17:00:00+00:00,short,buy,109182.9,,198608907742710.72,-0.05,2637.3
2025-10-17 01:00:00+00:00,short,sell - direction_change,109182.9,108737.3,199320170962808.0,0.36,2637.66
2025-10-17 01:00:00+00:00,long,buy,108737.3,,199220510877326.6,-0.05,2637.61
2025-10-17 02:00:00+00:00,long,sell - direction_change,108737.3,108774.3,199188689309876.88,-0.02,2637.59
2025-10-17 02:00:00+00:00,short,buy,108774.3,,199089094965221.9,-0.05,2637.54
2025-10-17 03:00:00+00:00,short,sell - direction_change,108774.3,108916.6,198729099390120.2,-0.18,2637.36
2025-10-17 03:00:00+00:00,long,buy,108916.6,,198629734840425.12,-0.05,2637.31
2025-10-17 06:00:00+00:00,long,sell - direction_change,108916.6,108328.0,197456998089407.03,-0.59,2636.72
2025-10-17 06:00:00+00:00,short,buy,108328.0,,197358269590362.3,-0.05,2636.67
2025-10-17 08:04:00+00:00,short,sell - take_profit,108328.0,105078.16,203180338543278.0,2.95,2639.62
2025-10-17 09:00:00+00:00,short,buy,104845.2,,203078748374006.38,-0.05,2639.57
2025-10-17 11:15:00+00:00,short,sell - stop_loss,104845.2,105893.652,200946421516079.3,-1.05,2638.52
2025-10-17 12:00:00+00:00,short,buy,105610.5,,200845948305321.28,-0.05,2638.47
2025-10-17 15:00:00+00:00,short,sell - direction_change,105610.5,105110.9,201695645212935.53,0.42,2638.89
2025-10-17 15:00:00+00:00,long,buy,105110.9,,201594797390329.03,-0.05,2638.84
2025-10-17 16:00:00+00:00,long,sell - direction_change,105110.9,106750.0,204637670461608.8,1.51,2640.35
2025-10-17 16:00:00+00:00,short,buy,106750.0,,204535351626378.0,-0.05,2640.3
2025-10-17 17:00:00+00:00,short,sell - direction_change,106750.0,106331.1,205235705578633.1,0.34,2640.64
2025-10-17 17:00:00+00:00,long,buy,106331.1,,205133087725843.8,-0.05,2640.59
2025-10-18 16:00:00+00:00,long,sell - direction_change,106331.1,106893.3,206115112819982.1,0.48,2641.07
2025-10-18 16:00:00+00:00,short,buy,106893.3,,206012055263572.1,-0.05,2641.02
2025-10-18 17:00:00+00:00,short,sell - direction_change,106893.3,106601.4,206471618816367.1,0.22,2641.25
2025-10-18 17:00:00+00:00,long,buy,106601.4,,206368383006958.9,-0.05,2641.2
2025-10-19 00:00:00+00:00,long,sell - direction_change,106601.4,107117.5,207264310670176.8,0.43,2641.63
2025-10-19 00:00:00+00:00,short,buy,107117.5,,207160678514841.7,-0.05,2641.58
2025-10-19 01:00:00+00:00,short,sell - direction_change,107117.5,106833.4,207606535464225.88,0.22,2641.8
2025-10-19 01:00:00+00:00,long,buy,106833.4,,207502732196493.75,-0.05,2641.75
2025-10-19 05:00:00+00:00,long,sell - direction_change,106833.4,106989.5,207702174180938.25,0.1,2641.84
2025-10-19 05:00:00+00:00,short,buy,106989.5,,207598323093847.8,-0.05,2641.79
2025-10-19 09:00:00+00:00,short,sell - direction_change,106989.5,106401.2,208636038692871.88,0.5,2642.29
2025-10-19 09:00:00+00:00,long,buy,106401.2,,208531720673525.44,-0.05,2642.24
2025-10-20 00:00:00+00:00,long,sell - direction_change,106401.2,108586.2,212709754351837.25,2.0,2644.25
2025-10-20 00:00:00+00:00,short,buy,108586.2,,212603399474661.38,-0.05,2644.2
2025-10-20 01:00:00+00:00,short,sell - direction_change,108586.2,108011.1,213623099191659.1,0.48,2644.67
2025-10-20 01:00:00+00:00,long,buy,108011.1,,213516287642063.2,-0.05,2644.62
2025-10-20 06:38:00+00:00,long,sell - take_profit,108011.1,111251.433,219815018127504.1,2.95,2647.57
2025-10-20 07:00:00+00:00,long,buy,111232.1,,219705110618440.38,-0.05,2647.52
2025-10-20 16:00:00+00:00,long,sell - direction_change,111232.1,111079.2,219293250716209.12,-0.19,2647.34
2025-10-20 16:00:00+00:00,short,buy,111079.2,,219183604090851.03,-0.05,2647.29
2025-10-20 18:00:00+00:00,short,sell - direction_change,111079.2,110244.2,220721650275178.03,0.7,2647.99
2025-10-20 18:00:00+00:00,long,buy,110244.2,,220611289450040.44,-0.05,2647.94
2025-10-20 19:00:00+00:00,long,sell - direction_change,110244.2,110877.7,221768689969146.25,0.52,2648.46
2025-10-20 19:00:00+00:00,short,buy,110877.7,,221657805624161.7,-0.05,2648.41
2025-10-20 20:00:00+00:00,short,sell - direction_change,110877.7,110735.1,221832051205055.56,0.08,2648.49
2025-10-20 20:00:00+00:00,long,buy,110735.1,,221721135179453.03,-0.05,2648.44
2025-10-20 21:00:00+00:00,long,sell - direction_change,110735.1,111037.2,222215159196224.62,0.22,2648.67
2025-10-20 21:00:00+00:00,short,buy,111037.2,,222104051616626.47,-0.05,2648.62
2025-10-21 04:47:00+00:00,short,sell - take_profit,111037.2,107706.08399999999,228656121139317.0,2.95,2651.57
2025-10-21 05:00:00+00:00,short,buy,107743.5,,228541793078747.38,-0.05,2651.52
2025-10-21 12:20:00+00:00,short,sell - stop_loss,107743.5,108820.935,226142104251420.47,-1.05,2650.47
2025-10-21 13:00:00+00:00,short,buy,108733.7,,226029033199294.8,-0.05,2650.42
2025-10-21 14:00:00+00:00,short,sell - direction_change,108733.7,108384.4,226642122377285.8,0.27,2650.69
2025-10-21 14:00:00+00:00,long,buy,108384.4,,226528801316097.16,-0.05,2650.64
2025-10-21 14:55:00+00:00,long,sell - take_profit,108384.4,111635.932,233211400954922.03,2.95,2653.59
2025-10-21 15:00:00+00:00,long,buy,112127.6,,233094795254444.56,-0.05,2653.54
2025-10-21 20:16:00+00:00,long,sell - stop_loss,112127.6,111006.32400000001,230647299904272.9,-1.05,2652.49
2025-10-21 21:00:00+00:00,long,buy,110733.0,,230531976254320.8,-0.05,2652.44
2025-10-21 22:28:00+00:00,long,sell - stop_loss,110733.0,109625.67,228111390503650.4,-1.05,2651.39
2025-10-21 23:00:00+00:00,short,buy,109008.0,,227997334808398.6,-0.05,2651.34
2025-10-22 13:00:00+00:00,short,sell - direction_change,109008.0,107976.9,230039948976024.3,0.9,2652.23
2025-10-22 13:00:00+00:00,long,buy,107976.9,,229924929001536.3,-0.05,2652.18
2025-10-22 17:00:00+00:00,long,sell - direction_change,107976.9,108177.5,230237122167153.75,0.14,2652.32
2025-10-22 17:00:00+00:00,short,buy,108177.5,,230122003606070.2,-0.05,2652.27
2025-10-22 18:00:00+00:00,short,sell - direction_change,108177.5,107743.3,230930600240705.0,0.35,2652.62
2025-10-22 18:00:00+00:00,long,buy,107743.3,,230815134940584.62,-0.05,2652.57
2025-10-22 19:00:00+00:00,long,sell - direction_change,107743.3,107987.7,231223297924410.62,0.18,2652.75
2025-10-22 19:00:00+00:00,short,buy,107987.7,,231107686275448.4,-0.05,2652.7
2025-10-23 01:00:00+00:00,short,sell - direction_change,107987.7,107815.6,231360448757299.56,0.11,2652.81
2025-10-23 01:00:00+00:00,long,buy,107815.6,,231244768532920.9,-0.05,2652.76
2025-10-23 17:48:00+00:00,long,sell - take_profit,107815.6,111050.06800000001,238066489204642.1,2.95,2655.71
2025-10-23 18:00:00+00:00,long,buy,111175.6,,237947455960039.8,-0.05,2655.66
2025-10-23 19:04:00+00:00,long,sell - stop_loss,111175.6,110063.84400000001,235449007672459.38,-1.05,2654.61
2025-10-23 20:00:00+00:00,long,buy,110137.9,,235331283168623.16,-0.05,2654.56
2025-10-24 14:00:00+00:00,long,sell - direction_change,110137.9,110884.6,236809088923733.47,0.63,2655.18
2025-10-24 14:00:00+00:00,short,buy,110884.6,,236690684379271.6,-0.05,2655.13
2025-10-24 20:00:00+00:00,short,sell - direction_change,110884.6,110571.4,237240885637309.53,0.23,2655.37
2025-10-24 20:00:00+00:00,long,buy,110571.4,,237122265194490.84,-0.05,2655.32
2025-10-24 22:00:00+00:00,long,sell - direction_change,110571.4,111029.1,237985249568050.9,0.36,2655.68
2025-10-24 22:00:00+00:00,short,buy,111029.1,,237866256943266.88,-0.05,2655.63
2025-10-24 23:00:00+00:00,short,sell - direction_change,111029.1,110964.3,237886149883365.8,0.01,2655.64
2025-10-24 23:00:00+00:00,long,buy,110964.3,,237767206808424.1,-0.05,2655.59
2025-10-25 00:00:00+00:00,long,sell - direction_change,110964.3,110965.4,237650680214684.12,-0.05,2655.54
2025-10-25 00:00:00+00:00,short,buy,110965.4,,237531854874576.8,-0.05,2655.49
2025-10-25 01:00:00+00:00,short,sell - direction_change,110965.4,110720.7,237936892266803.2,0.17,2655.66
2025-10-25 01:00:00+00:00,long,buy,110720.7,,237817923820669.8,-0.05,2655.61
2025-10-25 17:00:00+00:00,long,sell - direction_change,110720.7,111323.4,238993559263615.25,0.49,2656.1
2025-10-25 17:00:00+00:00,short,buy,111323.4,,238874062483983.44,-0.05,2656.05
2025-10-25 18:00:00+00:00,short,sell - direction_change,111323.4,111322.0,238757629526345.72,-0.05,2656.01
2025-10-25 18:00:00+00:00,long,buy,111322.0,,238638250711582.53,-0.05,2655.96
2025-10-25 20:00:00+00:00,long,sell - direction_change,111322.0,111574.9,239061067135399.03,0.18,2656.13
2025-10-25 20:00:00+00:00,short,buy,111574.9,,238941536601831.38,-0.05,2656.08
2025-10-25 22:00:00+00:00,short,sell - direction_change,111574.9,111430.0,239132374233122.12,0.08,2656.16
2025-10-25 22:00:00+00:00,long,buy,111430.0,,239012808046005.56,-0.05,2656.11
2025-10-26 02:00:00+00:00,long,sell - direction_change,111430.0,111589.5,239235422640666.38,0.09,2656.21
2025-10-26 02:00:00+00:00,short,buy,111589.5,,239115804929346.03,-0.05,2656.16
2025-10-26 05:00:00+00:00,short,sell - direction_change,111589.5,111378.4,239448595558065.62,0.14,2656.29
2025-10-26 05:00:00+00:00,long,buy,111378.4,,239328871260286.6,-0.05,2656.24
2025-10-26 22:03:00+00:00,long,sell - take_profit,111378.4,114719.752,246389072962465.03,2.95,2659.19
2025-10-26 23:00:00+00:00,long,buy,114631.7,,246265878425983.8,-0.05,2659.14
2025-10-27 14:00:00+00:00,long,sell - direction_change,114631.7,115210.3,247385764976643.84,0.45,2659.6
2025-10-27 14:00:00+00:00,short,buy,115210.3,,247262072094155.53,-0.05,2659.55
2025-10-27 16:00:00+00:00,short,sell - direction_change,115210.3,114914.5,247773281180262.9,0.21,2659.76
2025-10-27 16:00:00+00:00,long,buy,114914.5,,247649394539672.8,-0.05,2659.71
2025-10-27 19:00:00+00:00,long,sell - direction_change,114914.5,115277.9,248308724187378.7,0.27,2659.97
2025-10-27 19:00:00+00:00,short,buy,115277.9,,248184569825285.0,-0.05,2659.92
2025-10-28 08:00:00+00:00,short,sell - direction_change,115277.9,114128.8,250534402630838.38,0.95,2660.87
2025-10-28 08:00:00+00:00,long,buy,114128.8,,250409135429522.97,-0.05,2660.82
2025-10-28 11:00:00+00:00,long,sell - direction_change,114128.8,114543.4,251193601580759.75,0.31,2661.13
2025-10-28 11:00:00+00:00,short,buy,114543.4,,251068004779969.38,-0.05,2661.08
2025-10-28 12:00:00+00:00,short,sell - direction_change,114543.4,114290.6,251496583817775.28,0.17,2661.25
2025-10-28 12:00:00+00:00,long,buy,114290.6,,251370835525866.4,-0.05,2661.2
2025-10-28 19:00:00+00:00,long,sell - direction_change,114290.6,114971.1,252741842343294.75,0.55,2661.75
2025-10-28 19:00:00+00:00,short,buy,114971.1,,252615471422123.1,-0.05,2661.7
2025-10-29 06:00:00+00:00,short,sell - direction_change,114971.1,112987.0,256848644954736.28,1.68,2663.37
2025-10-29 06:00:00+00:00,long,buy,112987.0,,256720220632258.9,-0.05,2663.32
2025-10-29 08:00:00+00:00,long,sell - direction_change,112987.0,113512.0,257784724442853.47,0.41,2663.74
2025-10-29 08:00:00+00:00,short,buy,113512.0,,257655832080632.03,-0.05,2663.69
2025-10-29 09:00:00+00:00,short,sell - direction_change,113512.0,113005.3,258677139922179.1,0.4,2664.09
2025-10-29 09:00:00+00:00,long,buy,113005.3,,258547801352217.97,-0.05,2664.04
2025-10-29 14:00:00+00:00,long,sell - direction_change,113005.3,112824.7,258005327956259.7,-0.21,2663.83
2025-10-29 14:00:00+00:00,short,buy,112824.7,,257876325292281.56,-0.05,2663.78
2025-10-29 18:39:00+00:00,short,sell - take_profit,112824.7,109439.95899999999,265483676888403.88,2.95,2666.73
2025-10-29 19:00:00+00:00,short,buy,110743.0,,265350935049959.7,-0.05,2666.68
2025-10-30 07:00:00+00:00,short,sell - direction_change,110743.0,110720.1,265273130196492.88,-0.03,2666.65
2025-10-30 07:00:00+00:00,long,buy,110720.1,,265140493631394.62,-0.05,2666.6
2025-10-30 08:00:00+00:00,long,sell - direction_change,110720.1,111313.6,266429172850305.88,0.49,2667.08
2025-10-30 08:00:00+00:00,short,buy,111313.6,,266295958263880.72,-0.05,2667.03
2025-10-30 09:00:00+00:00,short,sell - direction_change,111313.6,110649.6,267751300067553.53,0.55,2667.58
2025-10-30 09:00:00+00:00,long,buy,110649.6,,267617424417519.75,-0.05,2667.53
2025-10-30 11:00:00+00:00,long,sell - direction_change,110649.6,110055.2,266045998243758.7,-0.59,2666.94
2025-10-30 11:00:00+00:00,short,buy,110055.2,,265912975244636.8,-0.05,2666.89
2025-10-30 17:23:00+00:00,short,sell - take_profit,110055.2,106753.544,273757408014353.6,2.95,2669.84
2025-10-30 18:00:00+00:00,short,buy,107446.2,,273620529310346.4,-0.05,2669.79
2025-10-30 23:00:00+00:00,short,sell - direction_change,107446.2,107858.6,272433508742417.7,-0.43,2669.36
2025-10-30 23:00:00+00:00,long,buy,107858.6,,272297291988046.47,-0.05,2669.31
2025-10-31 14:56:00+00:00,long,sell - take_profit,107858.6,111094.35800000001,280330062101693.84,2.95,2672.26
2025-10-31 15:00:00+00:00,long,buy,110750.5,,280189897070643.0,-0.05,2672.21
2025-10-31 16:00:00+00:00,long,sell - direction_change,110750.5,110160.1,278556137396165.1,-0.58,2671.62
2025-10-31 16:00:00+00:00,short,buy,110160.1,,278416859327466.97,-0.05,2671.57
2025-10-31 19:00:00+00:00,short,sell - direction_change,110160.1,109415.7,280159035447049.0,0.63,2672.2
2025-10-31 19:00:00+00:00,long,buy,109415.7,,280018955929325.47,-0.05,2672.15
2025-10-31 20:00:00+00:00,long,sell - direction_change,109415.7,109802.7,280869364973973.62,0.3,2672.45
2025-10-31 20:00:00+00:00,short,buy,109802.7,,280728930291486.62,-0.05,2672.4
2025-10-31 21:00:00+00:00,short,sell - direction_change,109802.7,109455.4,281476496245995.7,0.27,2672.67
2025-10-31 21:00:00+00:00,long,buy,109455.4,,281335757997872.7,-0.05,2672.62
2025-11-01 01:00:00+00:00,long,sell - direction_change,109455.4,109689.7,281797316853223.1,0.16,2672.78
2025-11-01 01:00:00+00:00,short,buy,109689.7,,281656418194796.5,-0.05,2672.73
2025-11-01 02:00:00+00:00,short,sell - direction_change,109689.7,109690.0,281514819658809.2,-0.05,2672.68
2025-11-01 02:00:00+00:00,long,buy,109690.0,,281374062248979.8,-0.05,2672.63
2025-11-01 13:00:00+00:00,long,sell - direction_change,109690.0,109972.1,281957011127787.25,0.21,2672.84
2025-11-01 13:00:00+00:00,short,buy,109972.1,,281816032622223.4,-0.05,2672.79
2025-11-01 15:00:00+00:00,short,sell - direction_change,109972.1,109880.0,281911141346562.94,0.03,2672.83
2025-11-01 15:00:00+00:00,long,buy,109880.0,,281770185775889.6,-0.05,2672.78
2025-11-01 21:00:00+00:00,long,sell - direction_change,109880.0,110358.4,282856083144552.3,0.39,2673.16
2025-11-01 21:00:00+00:00,short,buy,110358.4,,282714655102980.06,-0.05,2673.11
2025-11-01 22:00:00+00:00,short,sell - direction_change,110358.4,109815.2,283964860181660.8,0.44,2673.55
2025-11-01 22:00:00+00:00,long,buy,109815.2,,283822877751570.0,-0.05,2673.5
2025-11-02 00:00:00+00:00,long,sell - direction_change,109815.2,110047.3,284280840373171.6,0.16,2673.66
2025-11-02 00:00:00+00:00,short,buy,110047.3,,284138699952985.06,-0.05,2673.61
2025-11-02 04:00:00+00:00,short,sell - direction_change,110047.3,110008.4,284097069191035.5,-0.01,2673.6
2025-11-02 04:00:00+00:00,long,buy,110008.4,,283955020656440.0,-0.05,2673.55
2025-11-02 14:00:00+00:00,long,sell - direction_change,110008.4,110513.0,285115522806058.1,0.41,2673.96
2025-11-02 14:00:00+00:00,short,buy,110513.0,,284972965044655.1,-0.05,2673.91
2025-11-02 23:00:00+00:00,short,sell - direction_change,110513.0,109860.9,286512008070024.4,0.54,2674.45
2025-11-02 23:00:00+00:00,long,buy,109860.9,,286368752065989.4,-0.05,2674.4
2025-11-03 00:00:00+00:00,long,sell - direction_change,109860.9,110494.9,287878182849761.5,0.53,2674.93
2025-11-03 00:00:00+00:00,short,buy,110494.9,,287734243758336.6,-0.05,2674.88
2025-11-03 06:45:00+00:00,short,sell - take_profit,110494.9,107180.05299999999,296222403949207.56,2.95,2677.83
2025-11-03 07:00:00+00:00,short,buy,107452.8,,296074292747232.94,-0.05,2677.78
2025-11-03 11:00:00+00:00,short,sell - direction_change,107452.8,106926.0,297377794671216.2,0.44,2678.22
2025-11-03 11:00:00+00:00,long,buy,106926.0,,297229105773880.56,-0.05,2678.17
2025-11-03 12:00:00+00:00,long,sell - direction_change,106926.0,107737.4,299335992188250.6,0.71,2678.87
2025-11-03 12:00:00+00:00,short,buy,107737.4,,299186324192156.5,-0.05,2678.82
2025-11-03 14:00:00+00:00,short,sell - direction_change,107737.4,107855.0,298710156305545.06,-0.16,2678.67
2025-11-03 14:00:00+00:00,long,buy,107855.0,,298560801227392.3,-0.05,2678.62
2025-11-03 15:00:00+00:00,long,sell - direction_change,107855.0,108016.5,298858580021050.75,0.1,2678.72
2025-11-03 15:00:00+00:00,short,buy,108016.5,,298709150731040.25,-0.05,2678.67
2025-11-03 17:00:00+00:00,short,sell - direction_change,108016.5,106644.1,302355035202147.06,1.22,2679.89
2025-11-03 17:00:00+00:00,long,buy,106644.1,,302203857684546.0,-0.05,2679.84
2025-11-03 18:00:00+00:00,long,sell - direction_change,106644.1,107433.3,304289159686953.94,0.69,2680.53
2025-11-03 18:00:00+00:00,short,buy,107433.3,,304137015107110.44,-0.05,2680.48
2025-11-04 01:00:00+00:00,short,sell - direction_change,107433.3,106428.8,306828623854887.3,0.88,2681.36
2025-11-04 01:00:00+00:00,long,buy,106428.8,,306675209542959.9,-0.05,2681.31
2025-11-04 02:00:00+00:00,long,sell - direction_change,106428.8,106990.9,308141566375071.06,0.48,2681.79
2025-11-04 02:00:00+00:00,short,buy,106990.9,,307987495591883.5,-0.05,2681.74
2025-11-04 08:17:00+00:00,short,sell - take_profit,106990.9,103781.173,317073126711844.06,2.95,2684.69
2025-11-04 09:00:00+00:00,short,buy,104018.5,,316914590148488.1,-0.05,2684.64
2025-11-04 17:17:00+00:00,short,sell - take_profit,104018.5,100897.94499999999,326263570557868.56,2.95,2687.59
2025-11-04 18:00:00+00:00,short,buy,101074.8,,326100438772589.6,-0.05,2687.54
2025-11-05 03:00:00+00:00,short,sell - direction_change,101074.8,101633.8,324133871303860.5,-0.6,2686.94
2025-11-05 03:00:00+00:00,long,buy,101633.8,,323971804368208.56,-0.05,2686.89
2025-11-06 01:00:00+00:00,long,sell - direction_change,101633.8,103631.5,330177763712452.0,1.92,2688.8
2025-11-06 01:00:00+00:00,short,buy,103631.5,,330012674830595.75,-0.05,2688.75
2025-11-06 03:00:00+00:00,short,sell - direction_change,103631.5,103278.1,330973064528991.3,0.29,2689.04
2025-11-06 03:00:00+00:00,long,buy,103278.1,,330807577996726.8,-0.05,2688.99
2025-11-06 05:00:00+00:00,long,sell - direction_change,103278.1,103987.5,332914436147393.06,0.64,2689.63
2025-11-06 05:00:00+00:00,short,buy,103987.5,,332747978929319.4,-0.05,2689.58
2025-11-06 16:40:00+00:00,short,sell - take_profit,103987.5,100867.875,342564044307734.3,2.95,2692.53
2025-11-06 17:00:00+00:00,short,buy,100830.5,,342392762285580.44,-0.05,2692.48
2025-11-06 17:50:00+00:00,short,sell - stop_loss,100830.5,101838.80500000001,338797638281581.8,-1.05,2691.43
2025-11-06 18:00:00+00:00,short,buy,101762.2,,338628239462441.0,-0.05,2691.38
2025-11-07 02:00:00+00:00,short,sell - direction_change,101762.2,101501.3,339327107316721.25,0.21,2691.59
2025-11-07 02:00:00+00:00,long,buy,101501.3,,339157443763062.9,-0.05,2691.54
2025-11-07 09:00:00+00:00,long,sell - direction_change,101501.3,101461.8,338855879352045.94,-0.09,2691.45
2025-11-07 09:00:00+00:00,short,buy,101461.8,,338686451412369.94,-0.05,2691.4
2025-11-07 17:00:00+00:00,short,sell - direction_change,101461.8,101128.3,339630354073746.6,0.28,2691.68
2025-11-07 17:00:00+00:00,long,buy,101128.3,,339460538896709.75,-0.05,2691.63
2025-11-08 04:00:00+00:00,long,sell - direction_change,101128.3,102545.8,344048975370755.44,1.35,2692.98
2025-11-08 04:00:00+00:00,short,buy,102545.8,,343876950883070.06,-0.05,2692.93
2025-11-08 10:00:00+00:00,short,sell - direction_change,102545.8,102354.6,344346182236220.6,0.14,2693.06
2025-11-08 10:00:00+00:00,long,buy,102354.6,,344174009145102.5,-0.05,2693.01
2025-11-08 11:00:00+00:00,long,sell - direction_change,102354.6,102430.8,344258149603651.8,0.02,2693.04
2025-11-08 11:00:00+00:00,short,buy,102430.8,,344086020528850.0,-0.05,2692.99
2025-11-08 21:00:00+00:00,short,sell - direction_change,102430.8,102024.3,345279494212245.9,0.35,2693.33
2025-11-08 21:00:00+00:00,long,buy,102024.3,,345106854465139.75,-0.05,2693.28
2025-11-09 00:00:00+00:00,long,sell - direction_change,102024.3,102269.3,345763036734637.9,0.19,2693.47
2025-11-09 00:00:00+00:00,short,buy,102269.3,,345590155216270.56,-0.05,2693.42
2025-11-09 01:00:00+00:00,short,sell - direction_change,102269.3,101749.9,347172525438702.0,0.46,2693.88
2025-11-09 01:00:00+00:00,long,buy,101749.9,,346998939175982.6,-0.05,2693.83
2025-11-09 02:00:00+00:00,long,sell - direction_change,101749.9,101995.4,347662671384929.0,0.19,2694.02
2025-11-09 02:00:00+00:00,short,buy,101995.4,,347488840049236.56,-0.05,2693.97
2025-11-09 10:00:00+00:00,short,sell - direction_change,101995.4,101602.3,348654350762515.5,0.34,2694.31
2025-11-09 10:00:00+00:00,long,buy,101602.3,,348480023587134.25,-0.05,2694.26
2025-11-09 19:27:00+00:00,long,sell - take_profit,101602.3,104650.369,358760184282954.75,2.95,2697.21
2025-11-09 20:00:00+00:00,long,buy,104764.1,,358580804190813.25,-0.05,2697.16
2025-11-10 10:00:00+00:00,long,sell - direction_change,104764.1,106402.0,364007627898266.2,1.51,2698.67
2025-11-10 10:00:00+00:00,short,buy,106402.0,,363825624084317.06,-0.05,2698.62
2025-11-10 11:00:00+00:00,short,sell - direction_change,106402.0,105946.1,365202592703263.4,0.38,2699.0
2025-11-10 11:00:00+00:00,long,buy,105946.1,,365019991406911.75,-0.05,2698.95
2025-11-10 12:00:00+00:00,long,sell - direction_change,105946.1,106136.5,365493473527613.44,0.13,2699.08
2025-11-10 12:00:00+00:00,short,buy,106136.5,,365310726790849.6,-0.05,2699.03
2025-11-10 13:00:00+00:00,short,sell - direction_change,106136.5,105900.1,365941735490367.1,0.17,2699.2
2025-11-10 13:00:00+00:00,long,buy,105900.1,,365758764622621.94,-0.05,2699.15
2025-11-10 14:00:00+00:00,long,sell - direction_change,105900.1,106509.4,367680291329488.6,0.53,2699.68
2025-11-10 14:00:00+00:00,short,buy,106509.4,,367496451183823.8,-0.05,2699.63
2025-11-10 17:00:00+00:00,short,sell - direction_change,106509.4,105189.2,371867876631662.5,1.19,2700.82
2025-11-10 17:00:00+00:00,long,buy,105189.2,,371681942693346.75,-0.05,2700.77
2025-11-10 18:00:00+00:00,long,sell - direction_change,105189.2,105906.6,374031006690268.75,0.63,2701.4
2025-11-10 18:00:00+00:00,short,buy,105906.6,,373843991186923.6,-0.05,2701.35
2025-11-10 19:00:00+00:00,short,sell - direction_change,105906.6,105435.9,375318612160811.6,0.39,2701.75
2025-11-10 19:00:00+00:00,long,buy,105435.9,,375130952854731.25,-0.05,2701.7
2025-11-10 21:00:00+00:00,long,sell - direction_change,105435.9,105956.7,376796344485387.4,0.44,2702.14
2025-11-10 21:00:00+00:00,short,buy,105956.7,,376607946313144.75,-0.05,2702.09
2025-11-10 22:00:00+00:00,short,sell - direction_change,105956.7,105583.5,377746128400464.4,0.3,2702.39
2025-11-10 22:00:00+00:00,long,buy,105583.5,,377557255336264.2,-0.05,2702.34
2025-11-10 23:00:00+00:00,long,sell - direction_change,105583.5,106003.9,378871789917036.4,0.35,2702.69
2025-11-10 23:00:00+00:00,short,buy,106003.9,,378682354022077.8,-0.05,2702.64
2025-11-11 00:00:00+00:00,short,sell - direction_change,106003.9,105966.3,378627332964526.9,-0.01,2702.62
2025-11-11 00:00:00+00:00,long,buy,105966.3,,378438019298044.6,-0.05,2702.57
2025-11-11 05:00:00+00:00,long,sell - direction_change,105966.3,105709.0,377329903409242.6,-0.29,2702.28
2025-11-11 05:00:00+00:00,short,buy,105709.0,,377141238457538.0,-0.05,2702.23
2025-11-11 21:36:00+00:00,short,sell - take_profit,105709.0,102537.73,388266904992035.4,2.95,2705.18
2025-11-11 22:00:00+00:00,short,buy,102598.3,,388072771539539.4,-0.05,2705.13
2025-11-12 03:00:00+00:00,short,sell - direction_change,102598.3,103099.3,385983728525576.9,-0.54,2704.59
2025-11-12 03:00:00+00:00,long,buy,103099.3,,385790736661314.06,-0.05,2704.54
2025-11-12 04:00:00+00:00,long,sell - direction_change,103099.3,103267.2,386226111947444.0,0.11,2704.66
2025-11-12 04:00:00+00:00,short,buy,103267.2,,386032998891470.25,-0.05,2704.61
2025-11-12 05:00:00+00:00,short,sell - direction_change,103267.2,103200.0,386091189140396.75,0.02,2704.62
2025-11-12 05:00:00+00:00,long,buy,103200.0,,385898143545826.56,-0.05,2704.57
2025-11-12 15:00:00+00:00,long,sell - direction_change,103200.0,103948.5,388504077811689.8,0.68,2705.25
2025-11-12 15:00:00+00:00,short,buy,103948.5,,388309825772783.94,-0.05,2705.2
2025-11-12 19:28:00+00:00,short,sell - take_profit,103948.5,100830.045,399764965633081.06,2.95,2708.15
2025-11-12 20:00:00+00:00,short,buy,101245.3,,399565083150264.5,-0.05,2708.1
2025-11-13 01:11:00+00:00,short,sell - stop_loss,101245.3,102257.753,395369649777186.75,-1.05,2707.05
2025-11-13 02:00:00+00:00,short,buy,101960.1,,395171964952298.2,-0.05,2707.0
2025-11-13 03:00:00+00:00,short,sell - direction_change,101960.1,102015.0,394761600237005.2,-0.1,2706.89
2025-11-13 03:00:00+00:00,long,buy,102015.0,,394564219436886.75,-0.05,2706.84
2025-11-13 03:15:00+00:00,long,sell - stop_loss,102015.0,100994.85,390421295132799.4,-1.05,2705.79
2025-11-13 04:00:00+00:00,long,buy,102088.0,,390226084485232.94,-0.05,2705.74
2025-11-13 15:00:00+00:00,long,sell - direction_change,102088.0,102823.4,392841999796278.2,0.67,2706.41
2025-11-13 15:00:00+00:00,short,buy,102823.4,,392645578796380.0,-0.05,2706.36
2025-11-13 17:56:00+00:00,short,sell - take_profit,102823.4,99738.69799999999,404228623370873.25,2.95,2709.31
2025-11-13 18:00:00+00:00,short,buy,99601.4,,404026509059187.8,-0.05,2709.26
2025-11-14 04:39:00+00:00,short,sell - take_profit,99601.4,96613.358,415945291076433.8,2.95,2712.21
2025-11-14 05:00:00+00:00,short,buy,97789.7,,415737318430895.7,-0.05,2712.16
2025-11-14 12:39:00+00:00,short,sell - take_profit,97789.7,94856.00899999999,428001569324607.1,2.95,2715.11
2025-11-14 13:00:00+00:00,short,buy,95327.0,,427787568539944.8,-0.05,2715.06
2025-11-14 14:36:00+00:00,short,sell - stop_loss,95327.0,96280.27,423295799070275.4,-1.05,2714.01
2025-11-14 15:00:00+00:00,short,buy,96497.7,,423084151170740.25,-0.05,2713.96
2025-11-15 02:00:00+00:00,short,sell - direction_change,96497.7,95617.0,426733946846583.8,0.86,2714.83
2025-11-15 02:00:00+00:00,long,buy,95617.0,,426520579873160.56,-0.05,2714.78
2025-11-15 20:00:00+00:00,long,sell - direction_change,95617.0,95967.7,427871693777786.8,0.32,2715.09
2025-11-15 20:00:00+00:00,short,buy,95967.7,,427657757930897.94,-0.05,2715.04
2025-11-16 02:00:00+00:00,short,sell - direction_change,95967.7,95243.7,430670266837895.6,0.7,2715.75
2025-11-16 02:00:00+00:00,long,buy,95243.7,,430454931704476.6,-0.05,2715.7
2025-11-16 03:00:00+00:00,long,sell - direction_change,95243.7,95934.2,433360426452712.5,0.67,2716.37
2025-11-16 03:00:00+00:00,short,buy,95934.2,,433143746239486.2,-0.05,2716.32
2025-11-16 05:00:00+00:00,short,sell - direction_change,95934.2,95781.0,433618873696989.75,0.11,2716.43
2025-11-16 05:00:00+00:00,long,buy,95781.0,,433402064260141.25,-0.05,2716.38
2025-11-16 12:00:00+00:00,long,sell - direction_change,95781.0,95588.0,432312052253995.4,-0.25,2716.13
2025-11-16 12:00:00+00:00,short,buy,95588.0,,432095896227868.4,-0.05,2716.08
2025-11-17 00:00:00+00:00,short,sell - direction_change,95588.0,94221.7,438056069385082.94,1.38,2717.46
2025-11-17 00:00:00+00:00,long,buy,94221.7,,437837041350390.4,-0.05,2717.41
2025-11-17 13:00:00+00:00,long,sell - direction_change,94221.7,95283.4,442551716543283.4,1.08,2718.49
2025-11-17 13:00:00+00:00,short,buy,95283.4,,442330440685011.75,-0.05,2718.44
2025-11-17 14:00:00+00:00,short,sell - direction_change,95283.4,93913.6,448468244998190.56,1.39,2719.82
2025-11-17 14:00:00+00:00,long,buy,93913.6,,448244010875691.44,-0.05,2719.77
2025-11-17 15:00:00+00:00,long,sell - direction_change,93913.6,94730.2,451917471960254.25,0.82,2720.59
2025-11-17 15:00:00+00:00,short,buy,94730.2,,451691513224274.2,-0.05,2720.54
2025-11-17 19:38:00+00:00,short,sell - take_profit,94730.2,91888.294,465016412864390.25,2.95,2723.49
2025-11-17 20:00:00+00:00,short,buy,91656.2,,464783904657958.06,-0.05,2723.44
2025-11-18 08:00:00+00:00,short,sell - direction_change,91656.2,90459.2,470621438513982.2,1.26,2724.7
2025-11-18 08:00:00+00:00,long,buy,90459.2,,470386127794725.2,-0.05,2724.65
2025-11-18 16:11:00+00:00,long,sell - take_profit,90459.2,93172.976,484262518564669.6,2.95,2727.6
2025-11-18 17:00:00+00:00,long,buy,93447.2,,484020387305387.25,-0.05,2727.55
2025-11-18 21:48:00+00:00,long,sell - stop_loss,93447.2,92512.728,478938173238680.75,-1.05,2726.5
2025-11-18 22:00:00+00:00,long,buy,92459.0,,478698704152061.4,-0.05,2726.45
2025-11-19 03:00:00+00:00,long,sell - direction_change,92459.0,92529.2,478822809401824.8,0.03,2726.48
2025-11-19 03:00:00+00:00,short,buy,92529.2,,478583397997123.8,-0.05,2726.43
2025-11-19 14:00:00+00:00,short,sell - direction_change,92529.2,91361.9,484381664176957.6,1.21,2727.64
2025-11-19 14:00:00+00:00,long,buy,91361.9,,484139473344869.06,-0.05,2727.59
2025-11-19 15:00:00+00:00,long,sell - direction_change,91361.9,91670.6,485533248040302.0,0.29,2727.88
2025-11-19 15:00:00+00:00,short,buy,91670.6,,485290481416281.8,-0.05,2727.83
2025-11-19 17:36:00+00:00,short,sell - take_profit,91670.6,88920.482,499606550618062.2,2.95,2730.78
2025-11-19 18:00:00+00:00,short,buy,89459.8,,499356747342753.2,-0.05,2730.73
2025-11-19 21:20:00+00:00,short,sell - stop_loss,89459.8,90354.398,494113501495654.3,-1.05,2729.68
2025-11-19 22:00:00+00:00,short,buy,90553.8,,493866444744906.5,-0.05,2729.63
2025-11-19 23:00:00+00:00,short,sell - direction_change,90553.8,90434.4,494270700688560.75,0.08,2729.71
2025-11-19 23:00:00+00:00,long,buy,90434.4,,494023565338216.5,-0.05,2729.66
2025-11-20 05:08:00+00:00,long,sell - take_profit,90434.4,93147.432,508597260515693.94,2.95,2732.61
2025-11-20 06:00:00+00:00,long,buy,92581.6,,508342961885436.06,-0.05,2732.56
2025-11-20 06:51:00+00:00,long,sell - stop_loss,92581.6,91655.784,503005360785638.94,-1.05,2731.51
2025-11-20 07:00:00+00:00,long,buy,91938.2,,502753858105246.2,-0.05,2731.46
2025-11-20 12:00:00+00:00,long,sell - direction_change,91938.2,91892.7,502253669468505.2,-0.1,2731.36
2025-11-20 12:00:00+00:00,short,buy,91892.7,,502002542633770.94,-0.05,2731.31
2025-11-20 16:05:00+00:00,short,sell - take_profit,91892.7,89135.919,516811617641467.2,2.95,2734.26
2025-11-20 17:00:00+00:00,short,buy,87855.5,,516553211832646.4,-0.05,2734.21
2025-11-21 07:20:00+00:00,short,sell - take_profit,87855.5,85219.83499999999,531791531581709.6,2.95,2737.16
2025-11-21 08:00:00+00:00,short,buy,84006.7,,531525635815918.75,-0.05,2737.11
2025-11-21 12:21:00+00:00,short,sell - take_profit,84006.7,81486.499,547205642072488.3,2.95,2740.06
2025-11-21 13:00:00+00:00,short,buy,83240.1,,546932039251452.06,-0.05,2740.01
2025-11-21 13:17:00+00:00,short,sell - stop_loss,83240.1,84072.501,541189252839311.8,-1.05,2738.96
2025-11-21 14:00:00+00:00,long,buy,84065.3,,540918658212892.2,-0.05,2738.91
2025-11-21 15:00:00+00:00,long,sell - direction_change,84065.3,84801.0,545382064781453.7,0.83,2739.73
2025-11-21 15:00:00+00:00,short,buy,84801.0,,545109373749062.94,-0.05,2739.68
2025-11-21 16:00:00+00:00,short,sell - direction_change,84801.0,82905.0,557024498129985.06,2.19,2741.87
2025-11-21 16:00:00+00:00,long,buy,82905.0,,556745985880920.06,-0.05,2741.82
2025-11-21 17:07:00+00:00,long,sell - take_profit,82905.0,85392.15000000001,573169992464407.2,2.95,2744.77
2025-11-21 18:00:00+00:00,long,buy,84842.8,,572883407468175.0,-0.05,2744.72
2025-11-21 18:05:00+00:00,long,sell - stop_loss,84842.8,83994.372,566868131689759.1,-1.05,2743.67
2025-11-21 19:00:00+00:00,long,buy,84534.2,,566584697623914.2,-0.05,2743.62
2025-11-21 20:23:00+00:00,long,sell - stop_loss,84534.2,83688.858,560635558298863.1,-1.05,2742.57
2025-11-21 21:00:00+00:00,long,buy,84529.0,,560355240519713.7,-0.05,2742.52
2025-11-22 08:00:00+00:00,long,sell - direction_change,84529.0,84537.4,560130747741583.25,-0.04,2742.48
2025-11-22 08:00:00+00:00,short,buy,84537.4,,559850682367712.5,-0.05,2742.43
2025-11-22 11:00:00+00:00,short,sell - direction_change,84537.4,83666.0,565341621574234.4,0.98,2743.41
2025-11-22 11:00:00+00:00,long,buy,83666.0,,565058950763447.2,-0.05,2743.36
2025-11-22 12:00:00+00:00,long,sell - direction_change,83666.0,84066.2,567479270618684.0,0.43,2743.79
2025-11-22 12:00:00+00:00,short,buy,84066.2,,567195530983374.6,-0.05,2743.74
2025-11-22 14:00:00+00:00,short,sell - direction_change,84066.2,83907.9,567979984974173.5,0.14,2743.88
2025-11-22 14:00:00+00:00,long,buy,83907.9,,567695994981686.4,-0.05,2743.83
2025-11-22 15:00:00+00:00,long,sell - direction_change,83907.9,84451.4,571089306980722.0,0.6,2744.42
2025-11-22 15:00:00+00:00,short,buy,84451.4,,570803762327231.6,-0.05,2744.37
2025-11-22 16:00:00+00:00,short,sell - direction_change,84451.4,84239.9,571947880806088.2,0.2,2744.57
2025-11-22 16:00:00+00:00,long,buy,84239.9,,571661906865685.2,-0.05,2744.52
2025-11-23 04:21:00+00:00,long,sell - take_profit,84239.9,86767.097,588525933118223.0,2.95,2747.47
2025-11-23 05:00:00+00:00,long,buy,86499.4,,588231670151663.9,-0.05,2747.42
2025-11-23 07:05:00+00:00,long,sell - stop_loss,86499.4,85634.40599999999,582055237615071.4,-1.05,2746.37
2025-11-23 08:00:00+00:00,long,buy,85732.1,,581764209996263.9,-0.05,2746.32
2025-11-23 23:00:00+00:00,long,sell - direction_change,85732.1,87964.7,596623391580801.5,2.55,2748.88
2025-11-23 23:00:00+00:00,short,buy,87964.7,,596325079885011.1,-0.05,2748.83
2025-11-24 00:00:00+00:00,short,sell - direction_change,87964.7,86807.6,603871061074711.8,1.27,2750.09
2025-11-24 00:00:00+00:00,long,buy,86807.6,,603569125544174.4,-0.05,2750.04
2025-11-24 00:21:00+00:00,long,sell - stop_loss,86807.6,85939.524,597231649725960.5,-1.05,2748.99
2025-11-24 01:00:00+00:00,long,buy,86701.7,,596933033901097.5,-0.05,2748.94
2025-11-24 04:00:00+00:00,long,sell - direction_change,86701.7,87408.7,601502195757847.5,0.77,2749.71
2025-11-24 04:00:00+00:00,short,buy,87408.7,,601201444659968.6,-0.05,2749.66
2025-11-24 05:00:00+00:00,short,sell - direction_change,87408.7,86682.6,605894996338573.5,0.78,2750.44
2025-11-24 05:00:00+00:00,long,buy,86682.6,,605592048840404.2,-0.05,2750.39
2025-11-24 06:00:00+00:00,long,sell - direction_change,86682.6,87425.4,610478688456800.6,0.81,2751.2
2025-11-24 06:00:00+00:00,short,buy,87425.4,,610173449112572.2,-0.05,2751.15
2025-11-24 07:00:00+00:00,short,sell - direction_change,87425.4,86862.1,613799836580700.2,0.59,2751.74
2025-11-24 07:00:00+00:00,long,buy,86862.1,,613492936662409.9,-0.05,2751.69
2025-11-24 09:00:00+00:00,long,sell - direction_change,86862.1,86916.4,613569702294992.2,0.01,2751.7
2025-11-24 09:00:00+00:00,short,buy,86916.4,,613262917443844.8,-0.05,2751.65
2025-11-24 16:00:00+00:00,short,sell - direction_change,86916.4,86571.1,615392646503889.8,0.35,2752.0
2025-11-24 16:00:00+00:00,long,buy,86571.1,,615084950180637.8,-0.05,2751.95
2025-11-24 20:54:00+00:00,long,sell - take_profit,86571.1,89168.23300000001,633229956210966.6,2.95,2754.9
2025-11-24 21:00:00+00:00,long,buy,89018.6,,632913341232861.1,-0.05,2754.85
2025-11-25 00:01:00+00:00,long,sell - stop_loss,89018.6,88128.414,626267751149916.1,-1.05,2753.8
2025-11-25 01:00:00+00:00,long,buy,88058.0,,625954617274341.1,-0.05,2753.75
2025-11-25 03:00:00+00:00,long,sell - direction_change,88058.0,87864.3,624264736000521.5,-0.27,2753.48
2025-11-25 03:00:00+00:00,short,buy,87864.3,,623952603632521.2,-0.05,2753.43
2025-11-25 04:00:00+00:00,short,sell - direction_change,87864.3,87775.0,624274775300977.1,0.05,2753.48
2025-11-25 04:00:00+00:00,long,buy,87775.0,,623962637913326.6,-0.05,2753.43
2025-11-25 05:00:00+00:00,long,sell - direction_change,87775.0,88298.9,627374883606649.0,0.55,2753.98
2025-11-25 05:00:00+00:00,short,buy,88298.9,,627061196164845.6,-0.05,2753.93
2025-11-25 17:00:00+00:00,short,sell - direction_change,88298.9,87080.9,635397383025630.5,1.33,2755.26
2025-11-25 17:00:00+00:00,long,buy,87080.9,,635079684334117.6,-0.05,2755.21
2025-11-25 19:00:00+00:00,long,sell - direction_change,87080.9,87195.6,635598649854126.8,0.08,2755.29
2025-11-25 19:00:00+00:00,short,buy,87195.6,,635280850529199.6,-0.05,2755.24
2025-11-25 22:00:00+00:00,short,sell - direction_change,87195.6,86993.4,636436378336930.9,0.18,2755.42
2025-11-25 22:00:00+00:00,long,buy,86993.4,,636118160147762.4,-0.05,2755.37
2025-11-26 03:00:00+00:00,long,sell - direction_change,86993.4,87672.6,640766586506496.1,0.73,2756.1
2025-11-26 03:00:00+00:00,short,buy,87672.6,,640446203213242.9,-0.05,2756.05
2025-11-26 05:00:00+00:00,short,sell - direction_change,87672.6,87190.0,643651361333029.4,0.5,2756.55
2025-11-26 05:00:00+00:00,long,buy,87190.0,,643329535652362.9,-0.05,2756.5
2025-11-26 08:00:00+00:00,long,sell - direction_change,87190.0,87896.2,648218552362661.5,0.76,2757.26
2025-11-26 08:00:00+00:00,short,buy,87896.2,,647894443086480.1,-0.05,2757.21
2025-11-26 16:00:00+00:00,short,sell - direction_change,87896.2,86926.3,654719756246495.8,1.05,2758.27
2025-11-26 16:00:00+00:00,long,buy,86926.3,,654392396368372.5,-0.05,2758.22
2025-11-26 17:45:00+00:00,long,sell - take_profit,86926.3,89534.089,673696972061239.5,2.95,2761.17
2025-11-26 18:00:00+00:00,long,buy,89792.4,,673360123575208.9,-0.05,2761.12
2025-11-27 12:00:00+00:00,long,sell - direction_change,89792.4,91334.9,684590769819598.1,1.67,2762.78
2025-11-27 12:00:00+00:00,short,buy,91334.9,,684248474434688.4,-0.05,2762.73
2025-11-27 16:00:00+00:00,short,sell - direction_change,91334.9,90913.0,687067074426259.8,0.41,2763.15
2025-11-27 16:00:00+00:00,long,buy,90913.0,,686723540889046.6,-0.05,2763.1
2025-11-28 01:00:00+00:00,long,sell - direction_change,90913.0,91173.2,688345634722743.8,0.24,2763.33
2025-11-28 01:00:00+00:00,short,buy,91173.2,,688001461905382.4,-0.05,2763.28
2025-11-28 04:00:00+00:00,short,sell - direction_change,91173.2,91168.0,687696700858919.2,-0.04,2763.24
2025-11-28 04:00:00+00:00,long,buy,91168.0,,687352852508489.8,-0.05,2763.19
2025-11-28 06:00:00+00:00,long,sell - direction_change,91168.0,91576.7,690090532597901.2,0.4,2763.59
2025-11-28 06:00:00+00:00,short,buy,91576.7,,689745487331602.2,-0.05,2763.54
2025-11-28 08:00:00+00:00,short,sell - direction_change,91576.7,90870.2,694721893764842.5,0.72,2764.26
2025-11-28 08:00:00+00:00,long,buy,90870.2,,694374532817960.1,-0.05,2764.21
2025-11-28 16:00:00+00:00,long,sell - direction_change,90870.2,92299.8,704951475047431.6,1.52,2765.73
2025-11-28 16:00:00+00:00,short,buy,92299.8,,704598999309907.9,-0.05,2765.68
2025-11-29 04:00:00+00:00,short,sell - direction_change,92299.8,90638.1,716931799422096.9,1.75,2767.43
2025-11-29 04:00:00+00:00,long,buy,90638.1,,716573333522385.9,-0.05,2767.38
2025-11-29 05:00:00+00:00,long,sell - direction_change,90638.1,90859.5,717965407201239.2,0.19,2767.58
2025-11-29 05:00:00+00:00,short,buy,90859.5,,717606424497638.6,-0.05,2767.53
2025-11-29 13:00:00+00:00,short,sell - direction_change,90859.5,90572.6,719513551465375.0,0.27,2767.79
2025-11-29 13:00:00+00:00,long,buy,90572.6,,719153794689642.2,-0.05,2767.74
2025-11-29 14:00:00+00:00,long,sell - direction_change,90572.6,90738.5,720111477256407.0,0.13,2767.88
2025-11-29 14:00:00+00:00,short,buy,90738.5,,719751421517778.8,-0.05,2767.83
2025-11-29 15:00:00+00:00,short,sell - direction_change,90738.5,90582.2,720631340901530.2,0.12,2767.95
2025-11-29 15:00:00+00:00,long,buy,90582.2,,720271025231079.5,-0.05,2767.9
2025-11-29 17:00:00+00:00,long,sell - direction_change,90582.2,90962.1,722931692508474.5,0.37,2768.27
2025-11-29 17:00:00+00:00,short,buy,90962.1,,722570226662220.4,-0.05,2768.22
2025-11-29 18:00:00+00:00,short,sell - direction_change,90962.1,90381.1,726824196712201.6,0.59,2768.81
2025-11-29 18:00:00+00:00,long,buy,90381.1,,726460784613845.5,-0.05,2768.76
2025-11-30 22:00:00+00:00,long,sell - direction_change,90381.1,91139.0,732189365769072.6,0.79,2769.54
2025-11-30 22:00:00+00:00,short,buy,91139.0,,731823271086188.1,-0.05,2769.49
2025-12-01 00:23:00+00:00,short,sell - take_profit,91139.0,88404.83,753412057583230.5,2.95,2772.44
2025-12-01 01:00:00+00:00,short,buy,86970.6,,753035351554439.0,-0.05,2772.39
2025-12-01 14:00:00+00:00,short,sell - direction_change,86970.6,85943.7,761550252386884.8,1.13,2773.52
2025-12-01 14:00:00+00:00,long,buy,85943.7,,761169477260691.2,-0.05,2773.47
2025-12-01 15:00:00+00:00,long,sell - direction_change,85943.7,86017.4,761441624374123.5,0.04,2773.51
2025-12-01 15:00:00+00:00,short,buy,86017.4,,761060903561936.5,-0.05,2773.46
2025-12-01 21:00:00+00:00,short,sell - direction_change,86017.4,85474.1,765487358544558.2,0.58,2774.04
2025-12-01 21:00:00+00:00,long,buy,85474.1,,765104614865286.1,-0.05,2773.99
2025-12-02 14:08:00+00:00,long,sell - take_profit,85474.1,88038.323,787675201003811.9,2.95,2776.94
2025-12-02 15:00:00+00:00,long,buy,89225.1,,787281363403310.1,-0.05,2776.89
2025-12-02 17:28:00+00:00,long,sell - take_profit,89225.1,91901.853,810506163623707.6,2.95,2779.84
2025-12-02 18:00:00+00:00,long,buy,91417.5,,810100910541895.6,-0.05,2779.79
2025-12-03 14:00:00+00:00,long,sell - direction_change,91417.5,93077.7,824407808364379.6,1.77,2781.56
2025-12-03 14:00:00+00:00,short,buy,93077.7,,823995604460197.5,-0.05,2781.51
2025-12-03 15:00:00+00:00,short,sell - direction_change,93077.7,92300.0,830468407008520.5,0.79,2782.29
2025-12-03 15:00:00+00:00,long,buy,92300.0,,830053172805016.4,-0.05,2782.24
2025-12-03 16:00:00+00:00,long,sell - direction_change,92300.0,92333.0,829934914958619.9,-0.01,2782.23
2025-12-03 16:00:00+00:00,short,buy,92333.0,,829519947501140.6,-0.05,2782.18
2025-12-03 17:00:00+00:00,short,sell - direction_change,92333.0,92212.4,830188658287233.8,0.08,2782.26
2025-12-03 17:00:00+00:00,long,buy,92212.4,,829773563958090.1,-0.05,2782.21
2025-12-04 05:00:00+00:00,long,sell - direction_change,92212.4,93317.8,839305622463288.1,1.15,2783.36
2025-12-04 05:00:00+00:00,short,buy,93317.8,,838885969652056.5,-0.05,2783.31
2025-12-04 06:00:00+00:00,short,sell - direction_change,93317.8,92932.4,841931103122139.5,0.36,2783.67
2025-12-04 06:00:00+00:00,long,buy,92932.4,,841510137570578.4,-0.05,2783.62
2025-12-04 08:00:00+00:00,long,sell - direction_change,92932.4,93358.5,844947751268970.4,0.41,2784.03
2025-12-04 08:00:00+00:00,short,buy,93358.5,,844525277393335.9,-0.05,2783.98
2025-12-04 09:00:00+00:00,short,sell - direction_change,93358.5,93220.7,845349559881486.9,0.1,2784.08
2025-12-04 09:00:00+00:00,long,buy,93220.7,,844926885101546.1,-0.05,2784.03
2025-12-04 11:00:00+00:00,long,sell - direction_change,93220.7,93210.7,844413784398697.9,-0.06,2783.97
2025-12-04 11:00:00+00:00,short,buy,93210.7,,843991577506498.5,-0.05,2783.92
2025-12-04 15:00:00+00:00,short,sell - direction_change,93210.7,91859.3,855806054760456.8,1.4,2785.32
2025-12-04 15:00:00+00:00,long,buy,91859.3,,855378151733076.6,-0.05,2785.27
2025-12-04 16:00:00+00:00,long,sell - direction_change,91859.3,92933.4,864952298865155.2,1.12,2786.39
2025-12-04 16:00:00+00:00,short,buy,92933.4,,864519822715722.5,-0.05,2786.34
2025-12-05 00:00:00+00:00,short,sell - direction_change,92933.4,92034.7,872447785982195.4,0.92,2787.25
2025-12-05 00:00:00+00:00,long,buy,92034.7,,872011562089204.4,-0.05,2787.2
2025-12-05 03:00:00+00:00,long,sell - direction_change,92034.7,92476.1,875757738718774.1,0.43,2787.63
2025-12-05 03:00:00+00:00,short,buy,92476.1,,875319859849414.8,-0.05,2787.58
2025-12-05 06:00:00+00:00,short,sell - direction_change,92476.1,91902.7,880309639091748.4,0.57,2788.15
2025-12-05 06:00:00+00:00,long,buy,91902.7,,879869484272202.4,-0.05,2788.1
2025-12-05 08:00:00+00:00,long,sell - direction_change,91902.7,92227.6,882540117505110.1,0.3,2788.41
2025-12-05 08:00:00+00:00,short,buy,92227.6,,882098847446357.5,-0.05,2788.36
2025-12-05 16:07:00+00:00,short,sell - take_profit,92227.6,89460.772,908120763446025.1,2.95,2791.31
2025-12-05 17:00:00+00:00,short,buy,88757.6,,907666703064302.1,-0.05,2791.26
2025-12-05 18:07:00+00:00,short,sell - stop_loss,88757.6,89645.176,898136202682127.0,-1.05,2790.21
2025-12-05 19:00:00+00:00,short,buy,88895.0,,897687134580785.9,-0.05,2790.16
2025-12-06 02:00:00+00:00,short,sell - direction_change,88895.0,89296.2,893186858667538.9,-0.5,2789.66
2025-12-06 02:00:00+00:00,long,buy,89296.2,,892740265238205.1,-0.05,2789.61
2025-12-06 05:00:00+00:00,long,sell - direction_change,89296.2,89612.3,895454110185755.2,0.3,2789.91
2025-12-06 05:00:00+00:00,short,buy,89612.3,,895006383130662.4,-0.05,2789.86
2025-12-06 06:00:00+00:00,short,sell - direction_change,89612.3,89556.7,895114187133556.6,0.01,2789.87
2025-12-06 06:00:00+00:00,long,buy,89556.7,,894666630039989.9,-0.05,2789.82
2025-12-06 08:00:00+00:00,long,sell - direction_change,89556.7,89549.5,894147369111108.6,-0.06,2789.76
2025-12-06 08:00:00+00:00,short,buy,89549.5,,893700295426553.1,-0.05,2789.71
2025-12-06 09:00:00+00:00,short,sell - direction_change,89549.5,89238.3,896359208370054.5,0.3,2790.01
2025-12-06 09:00:00+00:00,long,buy,89238.3,,895911028765869.6,-0.05,2789.96
2025-12-06 19:00:00+00:00,long,sell - direction_change,89238.3,89609.9,899193764426569.5,0.37,2790.33
2025-12-06 19:00:00+00:00,short,buy,89609.9,,898744167544356.4,-0.05,2790.28
2025-12-06 20:00:00+00:00,short,sell - direction_change,89609.9,89369.5,900705891755498.5,0.22,2790.5
2025-12-06 20:00:00+00:00,long,buy,89369.5,,900255538809620.8,-0.05,2790.45
2025-12-06 21:00:00+00:00,long,sell - direction_change,89369.5,89509.4,901214680979954.5,0.11,2790.55
2025-12-06 21:00:00+00:00,short,buy,89509.4,,900764073639464.6,-0.05,2790.5
2025-12-07 03:00:00+00:00,short,sell - direction_change,89509.4,89580.1,899602213031608.5,-0.13,2790.37
2025-12-07 03:00:00+00:00,long,buy,89580.1,,899152411925092.8,-0.05,2790.32
2025-12-07 04:00:00+00:00,long,sell - direction_change,89580.1,89675.7,899662412350324.4,0.06,2790.38
2025-12-07 04:00:00+00:00,short,buy,89675.7,,899212581144149.1,-0.05,2790.33
2025-12-07 05:00:00+00:00,short,sell - direction_change,89675.7,89495.2,900572917467869.6,0.15,2790.48
2025-12-07 05:00:00+00:00,long,buy,89495.2,,900122631009135.6,-0.05,2790.43
2025-12-07 07:00:00+00:00,long,sell - direction_change,89495.2,89668.1,901411559079670.8,0.14,2790.57
2025-12-07 07:00:00+00:00,short,buy,89668.1,,900960853300130.9,-0.05,2790.52
2025-12-07 15:00:00+00:00,short,sell - direction_change,89668.1,88187.5,915387041827057.1,1.6,2792.13
2025-12-07 15:00:00+00:00,long,buy,88187.5,,914929348306143.6,-0.05,2792.08
2025-12-07 17:30:00+00:00,long,sell - take_profit,88187.5,90833.125,941919764081174.9,2.95,2795.03
2025-12-07 18:00:00+00:00,long,buy,90904.2,,941448804199134.2,-0.05,2794.98
2025-12-07 21:52:00+00:00,long,sell - stop_loss,90904.2,89995.158,931563591755043.4,-1.05,2793.93
2025-12-07 22:00:00+00:00,long,buy,90189.2,,931097809959165.9,-0.05,2793.88
2025-12-07 22:06:00+00:00,long,sell - stop_loss,90189.2,89287.30799999999,921321282954594.5,-1.05,2792.83
2025-12-07 23:00:00+00:00,long,buy,89551.7,,920860622313117.2,-0.05,2792.78
2025-12-08 09:06:00+00:00,long,sell - take_profit,89551.7,92238.251,948026010671354.2,2.95,2795.73
2025-12-08 10:00:00+00:00,long,buy,91865.3,,947551997666018.5,-0.05,2795.68
2025-12-08 14:00:00+00:00,long,sell - direction_change,91865.3,91424.0,942526397457500.1,-0.53,2795.15
2025-12-08 14:00:00+00:00,short,buy,91424.0,,942055134258771.4,-0.05,2795.1
2025-12-08 21:00:00+00:00,short,sell - direction_change,91424.0,90745.7,948573474883448.6,0.69,2795.79
2025-12-08 21:00:00+00:00,long,buy,90745.7,,948099188146006.9,-0.05,2795.74
2025-12-08 22:00:00+00:00,long,sell - direction_change,90745.7,91258.1,952978626640141.0,0.51,2796.25
2025-12-08 22:00:00+00:00,short,buy,91258.1,,952502137326820.8,-0.05,2796.2
2025-12-09 11:00:00+00:00,short,sell - direction_change,91258.1,90255.6,962489432975327.2,1.05,2797.25
2025-12-09 11:00:00+00:00,long,buy,90255.6,,962008188258839.5,-0.05,2797.2
2025-12-09 16:01:00+00:00,long,sell - take_profit,90255.6,92963.26800000001,990387429812475.4,2.95,2800.15
2025-12-09 17:00:00+00:00,long,buy,94146.9,,989892236097569.1,-0.05,2800.1
2025-12-09 20:21:00+00:00,long,sell - stop_loss,94146.9,93205.431,979498367618544.6,-1.05,2799.05
2025-12-09 21:00:00+00:00,long,buy,93075.2,,979008618434735.4,-0.05,2799.0
2025-12-10 00:49:00+00:00,long,sell - stop_loss,93075.2,92144.44799999999,968729027941170.5,-1.05,2797.95
2025-12-10 01:00:00+00:00,long,buy,92084.5,,968244663427200.0,-0.05,2797.9
2025-12-10 02:00:00+00:00,long,sell - direction_change,92084.5,92269.2,969702613749787.6,0.15,2798.05
2025-12-10 02:00:00+00:00,short,buy,92269.2,,969217762442912.8,-0.05,2798.0
2025-12-10 07:00:00+00:00,short,sell - direction_change,92269.2,92648.0,964754147691765.2,-0.46,2797.54
2025-12-10 07:00:00+00:00,long,buy,92648.0,,964271770617919.4,-0.05,2797.49
2025-12-10 08:00:00+00:00,long,sell - direction_change,92648.0,92744.7,964796079342518.4,0.05,2797.54
2025-12-10 08:00:00+00:00,short,buy,92744.7,,964313681302847.2,-0.05,2797.49
2025-12-10 09:00:00+00:00,short,sell - direction_change,92744.7,92565.1,965698916746196.6,0.14,2797.64
2025-12-10 09:00:00+00:00,long,buy,92565.1,,965216067287823.5,-0.05,2797.59
2025-12-10 11:00:00+00:00,long,sell - direction_change,92565.1,92230.4,961243398553967.0,-0.41,2797.18
2025-12-10 11:00:00+00:00,short,buy,92230.4,,960762776854689.9,-0.05,2797.13
2025-12-10 18:00:00+00:00,short,sell - direction_change,92230.4,92348.7,959050066033647.0,-0.18,2796.95
2025-12-10 18:00:00+00:00,long,buy,92348.7,,958570541000630.1,-0.05,2796.9
2025-12-10 21:00:00+00:00,long,sell - direction_change,92348.7,92409.1,958718201866636.8,0.02,2796.91
2025-12-10 21:00:00+00:00,short,buy,92409.1,,958238842765703.5,-0.05,2796.86
2025-12-10 22:00:00+00:00,short,sell - direction_change,92409.1,92308.3,958804971868013.5,0.06,2796.92
2025-12-10 22:00:00+00:00,long,buy,92308.3,,958325569382079.5,-0.05,2796.87
2025-12-10 23:00:00+00:00,long,sell - direction_change,92308.3,92472.2,959547982304250.4,0.13,2797.0
2025-12-10 23:00:00+00:00,short,buy,92472.2,,959068208313098.2,-0.05,2796.95
2025-12-11 03:09:00+00:00,short,sell - take_profit,92472.2,89698.034,987360720458334.5,2.95,2799.9
2025-12-11 04:00:00+00:00,short,buy,89833.1,,986867040098105.5,-0.05,2799.85
2025-12-11 13:00:00+00:00,short,sell - direction_change,89833.1,90000.7,984532426479401.9,-0.24,2799.61
2025-12-11 13:00:00+00:00,long,buy,90000.7,,984040160266162.2,-0.05,2799.56
2025-12-11 14:00:00+00:00,long,sell - direction_change,90000.7,90062.8,984227122615638.4,0.02,2799.58
2025-12-11 14:00:00+00:00,short,buy,90062.8,,983735009054330.5,-0.05,2799.53
2025-12-11 18:00:00+00:00,short,sell - direction_change,90062.8,89935.3,984635794383764.0,0.09,2799.62
2025-12-11 18:00:00+00:00,long,buy,89935.3,,984143476486572.1,-0.05,2799.57
2025-12-11 21:16:00+00:00,long,sell - take_profit,89935.3,92633.35900000001,1013175709042926.1,2.95,2802.52
2025-12-11 22:00:00+00:00,long,buy,92823.6,,1012669121188404.6,-0.05,2802.47
2025-12-12 00:57:00+00:00,long,sell - stop_loss,92823.6,91895.364,1002036095415926.4,-1.05,2801.42
2025-12-12 01:00:00+00:00,long,buy,91521.0,,1001535077368218.4,-0.05,2801.37
2025-12-12 15:00:00+00:00,long,sell - direction_change,91521.0,92393.0,1010576803764970.8,0.9,2802.28
2025-12-12 15:00:00+00:00,short,buy,92393.0,,1010071515363088.4,-0.05,2802.23
2025-12-12 16:03:00+00:00,short,sell - take_profit,92393.0,89621.20999999999,1039868625066299.5,2.95,2805.18
2025-12-12 17:00:00+00:00,short,buy,89996.8,,1039348690753766.4,-0.05,2805.13
2025-12-13 02:00:00+00:00,short,sell - direction_change,89996.8,90192.1,1036573549555076.8,-0.27,2804.86
2025-12-13 02:00:00+00:00,long,buy,90192.1,,1036055262780299.2,-0.05,2804.81
2025-12-13 07:00:00+00:00,long,sell - direction_change,90192.1,90317.5,1036977730823725.9,0.09,2804.9
2025-12-13 07:00:00+00:00,short,buy,90317.5,,1036459241958313.9,-0.05,2804.85
2025-12-13 08:00:00+00:00,short,sell - direction_change,90317.5,90286.0,1036302497831526.9,-0.02,2804.83
2025-12-13 08:00:00+00:00,long,buy,90286.0,,1035784346582611.2,-0.05,2804.78
2025-12-13 11:00:00+00:00,long,sell - direction_change,90286.0,90546.7,1038257272245463.6,0.24,2805.02
2025-12-13 11:00:00+00:00,short,buy,90546.7,,1037738143609340.8,-0.05,2804.97
2025-12-13 12:00:00+00:00,short,sell - direction_change,90546.7,90298.5,1040063846534570.1,0.22,2805.2
2025-12-13 12:00:00+00:00,long,buy,90298.5,,1039543814611302.9,-0.05,2805.15
2025-12-13 13:00:00+00:00,long,sell - direction_change,90298.5,90309.8,1039154131743185.1,-0.04,2805.11
2025-12-13 13:00:00+00:00,short,buy,90309.8,,1038634554677313.5,-0.05,2805.06
2025-12-14 00:00:00+00:00,short,sell - direction_change,90309.8,90191.3,1039478081684086.5,0.08,2805.14
2025-12-14 00:00:00+00:00,long,buy,90191.3,,1038958342643244.5,-0.05,2805.09
2025-12-14 04:00:00+00:00,long,sell - direction_change,90191.3,90222.4,1038797119805473.9,-0.02,2805.08
2025-12-14 04:00:00+00:00,short,buy,90222.4,,1038277721245571.2,-0.05,2805.03
2025-12-14 05:00:00+00:00,short,sell - direction_change,90222.4,90159.3,1038484736025403.4,0.02,2805.05
2025-12-14 05:00:00+00:00,long,buy,90159.3,,1037965493657390.5,-0.05,2805.0
2025-12-14 06:00:00+00:00,long,sell - direction_change,90159.3,90161.1,1037467233541378.5,-0.05,2804.95
2025-12-14 06:00:00+00:00,short,buy,90161.1,,1036948499924607.9,-0.05,2804.9
2025-12-14 07:00:00+00:00,short,sell - direction_change,90161.1,90105.1,1037074085208033.9,0.01,2804.91
2025-12-14 07:00:00+00:00,long,buy,90105.1,,1036555548165429.9,-0.05,2804.86
2025-12-14 08:00:00+00:00,long,sell - direction_change,90105.1,90205.1,1037187655384167.2,0.06,2804.92
2025-12-14 08:00:00+00:00,short,buy,90205.1,,1036669061556475.0,-0.05,2804.87
2025-12-15 01:00:00+00:00,short,sell - direction_change,90205.1,88415.0,1056723192297530.1,1.93,2806.8
2025-12-15 01:00:00+00:00,long,buy,88415.0,,1056194830701381.5,-0.05,2806.75
2025-12-15 14:00:00+00:00,long,sell - direction_change,88415.0,89388.1,1067291267468641.5,1.05,2807.81
2025-12-15 14:00:00+00:00,short,buy,89388.1,,1066757621834907.0,-0.05,2807.76
2025-12-15 15:24:00+00:00,short,sell - take_profit,89388.1,86706.45700000001,1098226971679036.8,2.95,2810.71
2025-12-15 16:00:00+00:00,short,buy,86996.5,,1097677858193197.2,-0.05,2810.66
2025-12-16 06:00:00+00:00,short,sell - direction_change,86996.5,85983.8,1109906755920083.9,1.11,2811.77
2025-12-16 06:00:00+00:00,long,buy,85983.8,,1109351802542123.9,-0.05,2811.72
2025-12-16 07:00:00+00:00,long,sell - direction_change,85983.8,86458.1,1114916483542335.6,0.5,2812.22
2025-12-16 07:00:00+00:00,short,buy,86458.1,,1114359025300564.6,-0.05,2812.17
2025-12-16 08:00:00+00:00,short,sell - direction_change,86458.1,85964.9,1120158703864581.0,0.52,2812.69
2025-12-16 08:00:00+00:00,long,buy,85964.9,,1119598624512648.8,-0.05,2812.64
2025-12-17 04:00:00+00:00,long,sell - direction_change,85964.9,87178.2,1134840728199421.0,1.36,2814.0
2025-12-17 04:00:00+00:00,short,buy,87178.2,,1134273307835321.2,-0.05,2813.95
2025-12-17 13:00:00+00:00,short,sell - direction_change,87178.2,86984.0,1136232902363988.5,0.17,2814.13
2025-12-17 13:00:00+00:00,long,buy,86984.0,,1135664785912806.5,-0.05,2814.08
2025-12-17 14:59:00+00:00,long,sell - take_profit,86984.0,89593.52,1169166897097234.2,2.95,2817.03
2025-12-17 15:00:00+00:00,long,buy,89634.0,,1168582313648685.8,-0.05,2816.98
2025-12-17 15:43:00+00:00,long,sell - stop_loss,89634.0,88737.66,1156312199355374.5,-1.05,2815.93
2025-12-17 16:00:00+00:00,short,buy,87191.0,,1155734043255696.8,-0.05,2815.88
2025-12-18 04:00:00+00:00,short,sell - direction_change,87191.0,86575.1,1163320053208082.0,0.66,2816.53
2025-12-18 04:00:00+00:00,long,buy,86575.1,,1162738393181478.0,-0.05,2816.48
2025-12-18 13:52:00+00:00,long,sell - take_profit,86575.1,89172.353,1197039175780331.5,2.95,2819.43
2025-12-18 14:00:00+00:00,long,buy,88804.0,,1196440656192441.2,-0.05,2819.38
2025-12-18 14:36:00+00:00,long,sell - stop_loss,88804.0,87915.96,1183878029302420.8,-1.05,2818.33
2025-12-18 15:00:00+00:00,long,buy,88325.4,,1183286090287769.5,-0.05,2818.28
2025-12-18 17:00:00+00:00,long,sell - direction_change,88325.4,87984.6,1178128785501268.5,-0.44,2817.85
2025-12-18 17:00:00+00:00,short,buy,87984.6,,1177539721108517.8,-0.05,2817.8
2025-12-18 19:16:00+00:00,short,sell - take_profit,87984.6,85345.062,1212277142881219.0,2.95,2820.75
2025-12-18 20:00:00+00:00,short,buy,84447.0,,1211671004309778.5,-0.05,2820.7
2025-12-18 21:00:00+00:00,short,sell - stop_loss,84447.0,85291.47,1198948458764525.8,-1.05,2819.65
2025-12-18 22:00:00+00:00,short,buy,85584.3,,1198348984535143.5,-0.05,2819.6
2025-12-19 03:00:00+00:00,short,sell - direction_change,85584.3,85600.9,1197517377305291.2,-0.07,2819.53
2025-12-19 03:00:00+00:00,long,buy,85600.9,,1196918618616638.5,-0.05,2819.48
2025-12-19 07:10:00+00:00,long,sell - take_profit,85600.9,88168.927,1232227717865829.2,2.95,2822.43
2025-12-19 08:00:00+00:00,long,buy,87909.7,,1231611604006896.2,-0.05,2822.38
2025-12-19 17:00:00+00:00,long,sell - direction_change,87909.7,87956.6,1231652865448074.5,0.0,2822.38
2025-12-19 17:00:00+00:00,short,buy,87956.6,,1231037039015350.5,-0.05,2822.33
2025-12-19 19:00:00+00:00,short,sell - direction_change,87956.6,87126.2,1242043765525759.2,0.89,2823.22
2025-12-19 19:00:00+00:00,long,buy,87126.2,,1241422743642996.2,-0.05,2823.17
2025-12-19 21:00:00+00:00,long,sell - direction_change,87126.2,88065.0,1254178578840772.0,1.03,2824.2
2025-12-19 21:00:00+00:00,short,buy,88065.0,,1253551489551351.5,-0.05,2824.15
2025-12-19 22:00:00+00:00,short,sell - direction_change,88065.0,87805.8,1256614267500912.0,0.24,2824.4
2025-12-19 22:00:00+00:00,long,buy,87805.8,,1255985960367161.5,-0.05,2824.35
2025-12-20 08:00:00+00:00,long,sell - direction_change,87805.8,88240.0,1261568822524012.2,0.44,2824.79
2025-12-20 08:00:00+00:00,short,buy,88240.0,,1260938038112750.2,-0.05,2824.74
2025-12-20 09:00:00+00:00,short,sell - direction_change,88240.0,88217.0,1260636236080056.0,-0.02,2824.72
2025-12-20 09:00:00+00:00,long,buy,88217.0,,1260005917962016.0,-0.05,2824.67
2025-12-20 14:00:00+00:00,long,sell - direction_change,88217.0,88230.9,1259574449098047.0,-0.03,2824.63
2025-12-20 14:00:00+00:00,short,buy,88230.9,,1258944661873498.0,-0.05,2824.58
2025-12-20 17:00:00+00:00,short,sell - direction_change,88230.9,88115.4,1259963230177377.2,0.08,2824.66
2025-12-20 17:00:00+00:00,long,buy,88115.4,,1259333248562288.5,-0.05,2824.61
2025-12-21 01:00:00+00:00,long,sell - direction_change,88115.4,88354.8,1262125054004250.2,0.22,2824.84
2025-12-21 01:00:00+00:00,short,buy,88354.8,,1261493991477248.0,-0.05,2824.79
2025-12-21 08:00:00+00:00,short,sell - direction_change,88354.8,88138.8,1263947204856713.5,0.19,2824.98
2025-12-21 08:00:00+00:00,long,buy,88138.8,,1263315231254285.2,-0.05,2824.93
2025-12-21 13:00:00+00:00,long,sell - direction_change,88138.8,88588.6,1269130668346303.0,0.46,2825.39
2025-12-21 13:00:00+00:00,short,buy,88588.6,,1268496103012129.8,-0.05,2825.34
2025-12-21 16:00:00+00:00,short,sell - direction_change,88588.6,88024.7,1275936313214716.8,0.59,2825.93
2025-12-21 16:00:00+00:00,long,buy,88024.7,,1275298345058109.5,-0.05,2825.88
2025-12-21 20:00:00+00:00,long,sell - direction_change,88024.7,88448.3,1280797795801474.8,0.43,2826.31
2025-12-21 20:00:00+00:00,short,buy,88448.3,,1280157396903574.0,-0.05,2826.26
2025-12-21 22:00:00+00:00,short,sell - direction_change,88448.3,88121.6,1284245814078625.8,0.32,2826.58
2025-12-21 22:00:00+00:00,long,buy,88121.6,,1283603691171586.5,-0.05,2826.53
2025-12-22 18:00:00+00:00,long,sell - direction_change,88121.6,89271.0,1299704368838771.8,1.25,2827.78
2025-12-22 18:00:00+00:00,short,buy,89271.0,,1299054516654352.2,-0.05,2827.73
2025-12-23 14:56:00+00:00,short,sell - take_profit,89271.0,86592.87,1337376624895655.8,2.95,2830.68
2025-12-23 15:00:00+00:00,short,buy,86837.2,,1336707936583208.0,-0.05,2830.63
2025-12-23 16:00:00+00:00,short,sell - direction_change,86837.2,87405.2,1327296208715490.0,-0.7,2829.93
2025-12-23 16:00:00+00:00,long,buy,87405.2,,1326632560611132.2,-0.05,2829.88
2025-12-23 17:00:00+00:00,long,sell - direction_change,87405.2,87959.8,1334386940510401.2,0.58,2830.46
2025-12-23 17:00:00+00:00,short,buy,87959.8,,1333719747040146.0,-0.05,2830.41
2025-12-23 18:00:00+00:00,short,sell - direction_change,87959.8,87138.1,1345512186939282.0,0.88,2831.3
2025-12-23 18:00:00+00:00,long,buy,87138.1,,1344839430845812.2,-0.05,2831.25
2025-12-23 22:00:00+00:00,long,sell - direction_change,87138.1,87692.7,1352726389270916.5,0.59,2831.83
2025-12-23 22:00:00+00:00,short,buy,87692.7,,1352050026076281.0,-0.05,2831.78
2025-12-24 00:00:00+00:00,short,sell - direction_change,87692.7,87463.1,1354913984277206.0,0.21,2831.99
2025-12-24 00:00:00+00:00,long,buy,87463.1,,1354236527285067.5,-0.05,2831.94
2025-12-24 02:00:00+00:00,long,sell - direction_change,87463.1,87603.1,1355727101612013.5,0.11,2832.05
2025-12-24 02:00:00+00:00,short,buy,87603.1,,1355049238061207.5,-0.05,2832.0
2025-12-24 12:00:00+00:00,short,sell - direction_change,87603.1,87162.6,1361185390005745.5,0.45,2832.46
2025-12-24 12:00:00+00:00,long,buy,87162.6,,1360504797310742.8,-0.05,2832.41
2025-12-24 13:00:00+00:00,long,sell - direction_change,87162.6,87393.0,1363420815621088.5,0.21,2832.62
2025-12-24 13:00:00+00:00,short,buy,87393.0,,1362739105213278.0,-0.05,2832.57
2025-12-24 15:00:00+00:00,short,sell - direction_change,87393.0,86950.0,1368965536326737.0,0.46,2833.03
2025-12-24 15:00:00+00:00,long,buy,86950.0,,1368281053558573.8,-0.05,2832.98
2025-12-25 08:00:00+00:00,long,sell - direction_change,86950.0,87795.9,1380908344235994.5,0.92,2833.9
2025-12-25 08:00:00+00:00,short,buy,87795.9,,1380217890063876.5,-0.05,2833.85
2025-12-25 13:00:00+00:00,short,sell - direction_change,87795.9,87533.8,1383648191171998.8,0.25,2834.1
2025-12-25 13:00:00+00:00,long,buy,87533.8,,1382956367076412.8,-0.05,2834.05
2025-12-25 22:00:00+00:00,long,sell - direction_change,87533.8,87862.0,1387450157665331.2,0.32,2834.37
2025-12-25 22:00:00+00:00,short,buy,87862.0,,1386756432586498.5,-0.05,2834.32
2025-12-26 02:00:00+00:00,short,sell - direction_change,87862.0,87386.7,1393564879191042.0,0.49,2834.82
2025-12-26 02:00:00+00:00,long,buy,87386.7,,1392868096751446.5,-0.05,2834.77
2025-12-26 14:00:00+00:00,long,sell - direction_change,87386.7,88959.2,1417235946880659.0,1.75,2836.52
2025-12-26 14:00:00+00:00,short,buy,88959.2,,1416527328907218.8,-0.05,2836.47
2025-12-27 00:00:00+00:00,short,sell - direction_change,88959.2,87318.3,1441947669074677.5,1.79,2838.26
2025-12-27 00:00:00+00:00,long,buy,87318.3,,1441226695240140.2,-0.05,2838.21
2025-12-27 02:00:00+00:00,long,sell - direction_change,87318.3,87431.6,1442376147898966.8,0.08,2838.29
2025-12-27 02:00:00+00:00,short,buy,87431.6,,1441654959825017.2,-0.05,2838.24
2025-12-27 03:00:00+00:00,short,sell - direction_change,87431.6,87410.6,1441280400218005.8,-0.03,2838.21
2025-12-27 03:00:00+00:00,long,buy,87410.6,,1440559760017896.8,-0.05,2838.16
2025-12-27 06:00:00+00:00,long,sell - direction_change,87410.6,87466.1,1440754141136450.8,0.01,2838.18
2025-12-27 06:00:00+00:00,short,buy,87466.1,,1440033764065882.5,-0.05,2838.13
2025-12-27 07:00:00+00:00,short,sell - direction_change,87466.1,87426.8,1439960778741536.5,-0.01,2838.12
2025-12-27 07:00:00+00:00,long,buy,87426.8,,1439240798352165.8,-0.05,2838.07
2025-12-27 13:00:00+00:00,long,sell - direction_change,87426.8,87432.0,1438606781591135.2,-0.04,2838.03
2025-12-27 13:00:00+00:00,short,buy,87432.0,,1437887478200339.8,-0.05,2837.98
2025-12-27 14:00:00+00:00,short,sell - direction_change,87432.0,87410.6,1437520474163333.5,-0.03,2837.95
2025-12-27 14:00:00+00:00,long,buy,87410.6,,1436801713926251.8,-0.05,2837.9
2025-12-27 18:00:00+00:00,long,sell - direction_change,87410.6,87514.0,1437782938712173.8,0.07,2837.97
2025-12-27 18:00:00+00:00,short,buy,87514.0,,1437064047242817.8,-0.05,2837.92
2025-12-27 19:00:00+00:00,short,sell - direction_change,87514.0,87452.8,1437350478078753.2,0.02,2837.94
2025-12-27 19:00:00+00:00,long,buy,87452.8,,1436631802839713.8,-0.05,2837.89
2025-12-28 18:00:00+00:00,long,sell - direction_change,87452.8,87730.1,1440468835639850.0,0.27,2838.16
2025-12-28 18:00:00+00:00,short,buy,87730.1,,1439748601222030.0,-0.05,2838.11
2025-12-28 22:00:00+00:00,short,sell - direction_change,87730.1,87556.1,1441884260616383.8,0.15,2838.26
2025-12-28 22:00:00+00:00,long,buy,87556.1,,1441163318486075.5,-0.05,2838.21
2025-12-29 04:35:00+00:00,long,sell - take_profit,87556.1,90182.78300000001,1483677636381414.8,2.95,2841.16
2025-12-29 05:00:00+00:00,long,buy,90100.1,,1482935797563224.0,-0.05,2841.11
2025-12-29 09:31:00+00:00,long,sell - stop_loss,90100.1,89199.099,1467364971688810.0,-1.05,2840.06
2025-12-29 10:00:00+00:00,short,buy,88068.2,,1466631289202965.5,-0.05,2840.01
2025-12-30 06:00:00+00:00,short,sell - direction_change,88068.2,87216.1,1480088300163538.5,0.92,2840.92
2025-12-30 06:00:00+00:00,long,buy,87216.1,,1479348256013456.8,-0.05,2840.87
2025-12-30 20:00:00+00:00,long,sell - direction_change,87216.1,88189.8,1495124355886813.0,1.07,2841.94
2025-12-30 20:00:00+00:00,short,buy,88189.8,,1494376793708869.8,-0.05,2841.89
2025-12-30 21:00:00+00:00,short,sell - direction_change,88189.8,87900.2,1498536879389721.5,0.28,2842.17
2025-12-30 21:00:00+00:00,long,buy,87900.2,,1497787610950027.0,-0.05,2842.12
2025-12-31 00:00:00+00:00,long,sell - direction_change,87900.2,88455.2,1506495716378652.2,0.58,2842.7
2025-12-31 00:00:00+00:00,short,buy,88455.2,,1505742468520462.8,-0.05,2842.65
2025-12-31 01:00:00+00:00,short,sell - direction_change,88455.2,88226.2,1508887785581420.8,0.21,2842.86
2025-12-31 01:00:00+00:00,long,buy,88226.2,,1508133341688630.0,-0.05,2842.81
2025-12-31 04:00:00+00:00,long,sell - direction_change,88226.2,88411.6,1510548491435914.2,0.16,2842.97
2025-12-31 04:00:00+00:00,short,buy,88411.6,,1509793217190196.2,-0.05,2842.92
2025-12-31 05:00:00+00:00,short,sell - direction_change,88411.6,88287.2,1511162682952811.2,0.09,2843.01
2025-12-31 05:00:00+00:00,long,buy,88287.2,,1510407101611334.8,-0.05,2842.96
2025-12-31 15:00:00+00:00,long,sell - direction_change,88287.2,88443.4,1512324149409214.8,0.13,2843.09
2025-12-31 15:00:00+00:00,short,buy,88443.4,,1511567987334510.5,-0.05,2843.04
2026-01-01 01:00:00+00:00,short,sell - direction_change,88443.4,87773.4,1522263035754727.2,0.71,2843.74
2026-01-01 01:00:00+00:00,long,buy,87773.4,,1521501904236850.0,-0.05,2843.69
2026-01-01 02:00:00+00:00,long,sell - direction_change,87773.4,87916.6,1523223443735901.8,0.11,2843.81
2026-01-01 02:00:00+00:00,short,buy,87916.6,,1522461832014033.5,-0.05,2843.76
2026-01-01 05:00:00+00:00,short,sell - direction_change,87916.6,87566.9,1527756396052055.0,0.35,2844.1
2026-01-01 05:00:00+00:00,long,buy,87566.9,,1526992517854029.0,-0.05,2844.05
2026-01-01 06:00:00+00:00,long,sell - direction_change,87566.9,87674.7,1528108839122326.0,0.07,2844.13
2026-01-01 06:00:00+00:00,short,buy,87674.7,,1527344784702764.8,-0.05,2844.08
2026-01-01 08:00:00+00:00,short,sell - direction_change,87674.7,87603.7,1527817974024384.8,0.03,2844.11
2026-01-01 08:00:00+00:00,long,buy,87603.7,,1527054065037372.2,-0.05,2844.06
2026-01-02 16:31:00+00:00,long,sell - take_profit,87603.7,90231.811,1572102159955974.8,2.95,2847.01
2026-01-02 17:00:00+00:00,long,buy,90333.9,,1571316108875996.8,-0.05,2846.96
2026-01-03 07:00:00+00:00,long,sell - direction_change,90333.9,89827.4,1561720119272210.2,-0.61,2846.35
2026-01-03 07:00:00+00:00,short,buy,89827.4,,1560939259212574.5,-0.05,2846.3
2026-01-03 12:00:00+00:00,short,sell - direction_change,89827.4,89706.4,1562261418072323.2,0.08,2846.38
2026-01-03 12:00:00+00:00,long,buy,89706.4,,1561480287363287.0,-0.05,2846.33
2026-01-03 15:00:00+00:00,long,sell - direction_change,89706.4,90091.3,1567399334108903.2,0.38,2846.71
2026-01-03 15:00:00+00:00,short,buy,90091.3,,1566615634441849.0,-0.05,2846.66
2026-01-03 16:00:00+00:00,short,sell - direction_change,90091.3,89931.7,1568607642945481.5,0.13,2846.79
2026-01-03 16:00:00+00:00,long,buy,89931.7,,1567823339124009.0,-0.05,2846.74
2026-01-04 12:00:00+00:00,long,sell - direction_change,89931.7,91262.8,1590245145201448.0,1.43,2848.17
2026-01-04 12:00:00+00:00,short,buy,91262.8,,1589450022628847.2,-0.05,2848.12
2026-01-04 13:00:00+00:00,short,sell - direction_change,91262.8,91096.4,1591553351192105.0,0.13,2848.25
2026-01-04 13:00:00+00:00,long,buy,91096.4,,1590757574516509.0,-0.05,2848.2
2026-01-04 14:00:00+00:00,long,sell - direction_change,91096.4,91227.5,1592251510323670.8,0.09,2848.3
2026-01-04 14:00:00+00:00,short,buy,91227.5,,1591455384568509.0,-0.05,2848.25
2026-01-04 16:00:00+00:00,short,sell - direction_change,91227.5,91292.8,1589520504355194.0,-0.12,2848.12
2026-01-04 16:00:00+00:00,long,buy,91292.8,,1588725744103016.8,-0.05,2848.07
2026-01-04 18:00:00+00:00,long,sell - direction_change,91292.8,91293.4,1587941822749315.2,-0.05,2848.02
2026-01-04 18:00:00+00:00,short,buy,91293.4,,1587147851837940.5,-0.05,2847.97
2026-01-04 20:00:00+00:00,short,sell - direction_change,91293.4,91102.9,1589666145645889.5,0.16,2848.13
2026-01-04 20:00:00+00:00,long,buy,91102.9,,1588871312573067.0,-0.05,2848.08
2026-01-04 21:00:00+00:00,long,sell - direction_change,91102.9,91275.9,1591094066677755.2,0.14,2848.22
2026-01-04 21:00:00+00:00,short,buy,91275.9,,1590298519644416.2,-0.05,2848.17
2026-01-04 23:00:00+00:00,short,sell - direction_change,91275.9,91181.0,1591156811539534.8,0.05,2848.23
2026-01-04 23:00:00+00:00,long,buy,91181.0,,1590361233133765.0,-0.05,2848.18
2026-01-05 13:00:00+00:00,long,sell - direction_change,91181.0,92837.2,1618453170165788.8,1.77,2849.94
2026-01-05 13:00:00+00:00,short,buy,92837.2,,1617643943580705.5,-0.05,2849.89
2026-01-05 14:00:00+00:00,short,sell - direction_change,92837.2,92708.0,1619086370004069.8,0.09,2849.98
2026-01-05 14:00:00+00:00,long,buy,92708.0,,1618276826819067.8,-0.05,2849.93
2026-01-06 02:00:00+00:00,long,sell - direction_change,92708.0,93736.1,1635413824722402.0,1.06,2850.99
2026-01-06 02:00:00+00:00,short,buy,93736.1,,1634596117810040.8,-0.05,2850.94
2026-01-06 03:00:00+00:00,short,sell - direction_change,93736.1,93587.0,1636378866917227.5,0.11,2851.05
2026-01-06 03:00:00+00:00,long,buy,93587.0,,1635560677483769.0,-0.05,2851.0
2026-01-06 05:00:00+00:00,long,sell - direction_change,93587.0,93758.8,1637745336847034.0,0.13,2851.13
2026-01-06 05:00:00+00:00,short,buy,93758.8,,1636926464178610.5,-0.05,2851.08
2026-01-06 11:00:00+00:00,short,sell - direction_change,93758.8,93536.4,1639990862561999.8,0.19,2851.27
2026-01-06 11:00:00+00:00,long,buy,93536.4,,1639170867130718.8,-0.05,2851.22
2026-01-06 13:00:00+00:00,long,sell - direction_change,93536.4,93819.4,1643310691674424.2,0.25,2851.47
2026-01-06 13:00:00+00:00,short,buy,93819.4,,1642489036328587.0,-0.05,2851.42
2026-01-06 14:00:00+00:00,short,sell - direction_change,93819.4,93678.0,1644143270759732.2,0.1,2851.52
2026-01-06 14:00:00+00:00,long,buy,93678.0,,1643321199124352.8,-0.05,2851.47
2026-01-06 16:00:00+00:00,long,sell - direction_change,93678.0,93608.2,1641275090738769.2,-0.12,2851.35
2026-01-06 16:00:00+00:00,short,buy,93608.2,,1640454453193399.8,-0.05,2851.3
2026-01-06 21:00:00+00:00,short,sell - direction_change,93608.2,92472.7,1659533508632222.5,1.16,2852.46
2026-01-06 21:00:00+00:00,long,buy,92472.7,,1658703741877906.5,-0.05,2852.41
2026-01-07 00:00:00+00:00,long,sell - direction_change,92472.7,93708.1,1680034039316612.2,1.29,2853.7
2026-01-07 00:00:00+00:00,short,buy,93708.1,,1679194022296954.0,-0.05,2853.65
2026-01-07 02:00:00+00:00,short,sell - direction_change,93708.1,92405.6,1701694459007989.5,1.34,2854.99
2026-01-07 02:00:00+00:00,long,buy,92405.6,,1700843611778485.5,-0.05,2854.94
2026-01-07 04:00:00+00:00,long,sell - direction_change,92405.6,92778.1,1706849530339278.5,0.35,2855.29
2026-01-07 04:00:00+00:00,short,buy,92778.1,,1705996105574108.8,-0.05,2855.24
2026-01-07 06:00:00+00:00,short,sell - direction_change,92778.1,92504.0,1710183235876374.0,0.25,2855.49
2026-01-07 06:00:00+00:00,long,buy,92504.0,,1709328144258435.8,-0.05,2855.44
2026-01-07 07:00:00+00:00,long,sell - direction_change,92504.0,92576.4,1709811318092173.0,0.03,2855.47
2026-01-07 07:00:00+00:00,short,buy,92576.4,,1708956412433127.2,-0.05,2855.42
2026-01-08 01:00:00+00:00,short,sell - direction_change,92576.4,91356.8,1730615698432512.0,1.27,2856.68
2026-01-08 01:00:00+00:00,long,buy,91356.8,,1729750390583295.8,-0.05,2856.63
2026-01-08 02:00:00+00:00,long,sell - direction_change,91356.8,91386.1,1729440281825139.5,-0.02,2856.62
2026-01-08 02:00:00+00:00,short,buy,91386.1,,1728575561684227.0,-0.05,2856.57
2026-01-08 04:00:00+00:00,short,sell - direction_change,91386.1,90780.0,1739175705014208.2,0.61,2857.18
2026-01-08 04:00:00+00:00,long,buy,90780.0,,1738306117161701.0,-0.05,2857.13
2026-01-08 05:00:00+00:00,long,sell - direction_change,90780.0,90988.0,1741419864217348.5,0.18,2857.31
2026-01-08 05:00:00+00:00,short,buy,90988.0,,1740549154285239.8,-0.05,2857.26
2026-01-08 15:00:00+00:00,short,sell - direction_change,90988.0,89978.5,1758990045699776.8,1.06,2858.32
2026-01-08 15:00:00+00:00,long,buy,89978.5,,1758110550676926.8,-0.05,2858.27
2026-01-09 04:00:00+00:00,long,sell - direction_change,89978.5,91190.1,1780905225717165.5,1.3,2859.56
2026-01-09 04:00:00+00:00,short,buy,91190.1,,1780014773104307.0,-0.05,2859.51
2026-01-09 05:00:00+00:00,short,sell - direction_change,91190.1,90978.7,1783251256674934.0,0.18,2859.7
2026-01-09 05:00:00+00:00,long,buy,90978.7,,1782359631046596.5,-0.05,2859.65
2026-01-09 07:00:00+00:00,long,sell - direction_change,90978.7,91103.8,1783919279719982.5,0.09,2859.73
2026-01-09 07:00:00+00:00,short,buy,91103.8,,1783027320080122.5,-0.05,2859.68
2026-01-09 15:00:00+00:00,short,sell - direction_change,91103.8,90110.7,1801572146414370.0,1.04,2860.72
2026-01-09 15:00:00+00:00,long,buy,90110.7,,1800671360341163.0,-0.05,2860.67
2026-01-09 19:00:00+00:00,long,sell - direction_change,90110.7,90772.3,1812991698476662.5,0.68,2861.36
2026-01-09 19:00:00+00:00,short,buy,90772.3,,1812085202627424.2,-0.05,2861.31
2026-01-09 21:00:00+00:00,short,sell - direction_change,90772.3,90272.4,1821158651487640.8,0.5,2861.81
2026-01-09 21:00:00+00:00,long,buy,90272.4,,1820248072161897.0,-0.05,2861.76
2026-01-10 00:00:00+00:00,long,sell - direction_change,90272.4,90603.7,1826018264438523.5,0.32,2862.08
2026-01-10 00:00:00+00:00,short,buy,90603.7,,1825105255306304.2,-0.05,2862.03
2026-01-10 05:00:00+00:00,short,sell - direction_change,90603.7,90422.0,1827852836038427.2,0.15,2862.18
2026-01-10 05:00:00+00:00,long,buy,90422.0,,1826938909620408.0,-0.05,2862.13
2026-01-10 06:00:00+00:00,long,sell - direction_change,90422.0,90563.5,1828884388825340.8,0.11,2862.23
2026-01-10 06:00:00+00:00,short,buy,90563.5,,1827969946630928.0,-0.05,2862.18
2026-01-10 07:00:00+00:00,short,sell - direction_change,90563.5,90475.0,1828842281093995.2,0.05,2862.23
2026-01-10 07:00:00+00:00,long,buy,90475.0,,1827927859953448.2,-0.05,2862.18
2026-01-10 14:00:00+00:00,long,sell - direction_change,90475.0,90620.9,1829961612793487.2,0.11,2862.29
2026-01-10 14:00:00+00:00,short,buy,90620.9,,1829046631987091.0,-0.05,2862.24
2026-01-10 15:00:00+00:00,short,sell - direction_change,90620.9,90551.8,1829526788289930.0,0.03,2862.27
2026-01-10 15:00:00+00:00,long,buy,90551.8,,1828612024895785.0,-0.05,2862.22
2026-01-10 17:00:00+00:00,long,sell - direction_change,90551.8,90640.7,1829492974295302.8,0.05,2862.27
2026-01-10 17:00:00+00:00,short,buy,90640.7,,1828578227808155.0,-0.05,2862.22
2026-01-11 00:00:00+00:00,short,sell - direction_change,90640.7,90469.7,1831113679009089.5,0.14,2862.35
2026-01-11 00:00:00+00:00,long,buy,90469.7,,1830198122169585.0,-0.05,2862.3
2026-01-11 01:00:00+00:00,long,sell - direction_change,90469.7,90600.1,1831921009474443.0,0.09,2862.4
2026-01-11 01:00:00+00:00,short,buy,90600.1,,1831005048969705.5,-0.05,2862.35
2026-01-11 02:00:00+00:00,short,sell - direction_change,90600.1,90597.8,1830136028862046.5,-0.05,2862.3
2026-01-11 02:00:00+00:00,long,buy,90597.8,,1829220960847615.2,-0.05,2862.25
2026-01-11 19:00:00+00:00,long,sell - direction_change,90597.8,90840.8,1833212658174732.2,0.22,2862.47
2026-01-11 19:00:00+00:00,short,buy,90840.8,,1832296051845644.8,-0.05,2862.42
2026-01-11 21:00:00+00:00,short,sell - direction_change,90840.8,90654.2,1835143702060979.2,0.16,2862.57
2026-01-11 21:00:00+00:00,long,buy,90654.2,,1834226130209948.8,-0.05,2862.52
2026-01-11 22:00:00+00:00,long,sell - direction_change,90654.2,90711.1,1834460287210753.2,0.01,2862.54
2026-01-11 22:00:00+00:00,short,buy,90711.1,,1833543057067147.8,-0.05,2862.49
2026-01-11 23:00:00+00:00,short,sell - direction_change,90711.1,90482.3,1837251018911453.5,0.2,2862.69
2026-01-11 23:00:00+00:00,long,buy,90482.3,,1836332393401997.8,-0.05,2862.64
2026-01-12 09:00:00+00:00,long,sell - direction_change,90482.3,90714.0,1840116563635197.8,0.21,2862.85
2026-01-12 09:00:00+00:00,short,buy,90714.0,,1839196505353380.2,-0.05,2862.8
2026-01-12 15:00:00+00:00,short,sell - direction_change,90714.0,90852.7,1835464810232607.0,-0.2,2862.59
2026-01-12 15:00:00+00:00,long,buy,90852.7,,1834547077827491.0,-0.05,2862.54
2026-01-13 01:00:00+00:00,long,sell - direction_change,90852.7,91436.4,1845416191807361.5,0.59,2863.14
2026-01-13 01:00:00+00:00,short,buy,91436.4,,1844493483711458.0,-0.05,2863.09
2026-01-13 03:00:00+00:00,short,sell - direction_change,91436.4,91093.5,1850488359861193.0,0.33,2863.41
2026-01-13 03:00:00+00:00,long,buy,91093.5,,1849563115681262.5,-0.05,2863.36
2026-01-13 18:48:00+00:00,long,sell - take_profit,91093.5,93826.30500000001,1904125227593859.8,2.95,2866.31
2026-01-13 19:00:00+00:00,long,buy,93581.1,,1903173164980063.0,-0.05,2866.26
2026-01-13 22:10:00+00:00,long,sell - take_profit,93581.1,96388.53300000001,1959316773346975.0,2.95,2869.21
2026-01-13 23:00:00+00:00,long,buy,95730.4,,1958337114960301.5,-0.05,2869.16
2026-01-14 06:06:00+00:00,long,sell - stop_loss,95730.4,94773.09599999999,1937774575253218.2,-1.05,2868.11
2026-01-14 07:00:00+00:00,long,buy,94984.7,,1936805687965591.8,-0.05,2868.06
2026-01-14 08:00:00+00:00,long,sell - direction_change,94984.7,95166.6,1939546355683931.0,0.14,2868.2
2026-01-14 08:00:00+00:00,short,buy,95166.6,,1938576582506088.8,-0.05,2868.15
2026-01-14 09:00:00+00:00,short,sell - direction_change,95166.6,94866.2,1943726546193837.0,0.27,2868.42
2026-01-14 09:00:00+00:00,long,buy,94866.2,,1942754682920740.2,-0.05,2868.37
2026-01-14 10:00:00+00:00,long,sell - direction_change,94866.2,95051.5,1945578044303348.2,0.15,2868.51
2026-01-14 10:00:00+00:00,short,buy,95051.5,,1944605255281196.5,-0.05,2868.46
2026-01-14 14:00:00+00:00,short,sell - direction_change,95051.5,94964.3,1945416928479929.2,0.04,2868.5
2026-01-14 14:00:00+00:00,long,buy,94964.3,,1944444220015689.2,-0.05,2868.45
2026-01-14 20:11:00+00:00,long,sell - take_profit,94964.3,97813.229,2001805324506152.2,2.95,2871.4
2026-01-14 21:00:00+00:00,long,buy,97606.0,,2000804421843899.2,-0.05,2871.35
2026-01-15 00:29:00+00:00,long,sell - stop_loss,97606.0,96629.94,1979795975414538.2,-1.05,2870.3
2026-01-15 01:00:00+00:00,short,buy,96613.3,,1978806077426831.0,-0.05,2870.25
2026-01-15 07:00:00+00:00,short,sell - direction_change,96613.3,96195.2,1986380079436616.8,0.38,2870.64
2026-01-15 07:00:00+00:00,long,buy,96195.2,,1985386889396898.5,-0.05,2870.59
2026-01-15 08:00:00+00:00,long,sell - direction_change,96195.2,96601.2,1992773689701318.0,0.37,2870.96
2026-01-15 08:00:00+00:00,short,buy,96601.2,,1991777302856467.2,-0.05,2870.91
2026-01-15 09:00:00+00:00,short,sell - direction_change,96601.2,96596.1,1990886568843331.0,-0.04,2870.86
2026-01-15 09:00:00+00:00,long,buy,96596.1,,1989891125558909.0,-0.05,2870.81
2026-01-15 14:00:00+00:00,long,sell - direction_change,96596.1,96800.9,1993115084305045.0,0.16,2870.98
2026-01-15 14:00:00+00:00,short,buy,96800.9,,1992118526762892.8,-0.05,2870.93
2026-01-15 15:00:00+00:00,short,sell - direction_change,96800.9,96013.6,2007324743677939.5,0.76,2871.69
2026-01-15 15:00:00+00:00,long,buy,96013.6,,2006321081306100.5,-0.05,2871.64
2026-01-15 17:00:00+00:00,long,sell - direction_change,96013.6,96684.7,2019341372418801.5,0.65,2872.29
2026-01-15 17:00:00+00:00,short,buy,96684.7,,2018331701732592.2,-0.05,2872.24
2026-01-16 05:00:00+00:00,short,sell - direction_change,96684.7,95233.4,2047619002631113.5,1.45,2873.69
2026-01-16 05:00:00+00:00,long,buy,95233.4,,2046595193129798.0,-0.05,2873.64
2026-01-16 10:00:00+00:00,long,sell - direction_change,95233.4,95568.1,2052764701955565.8,0.3,2873.94
2026-01-16 10:00:00+00:00,short,buy,95568.1,,2051738319604588.2,-0.05,2873.89
2026-01-16 20:00:00+00:00,short,sell - direction_change,95568.1,94961.0,2063746196368707.5,0.59,2874.48
2026-01-16 20:00:00+00:00,long,buy,94961.0,,2062714323270523.2,-0.05,2874.43
2026-01-17 06:00:00+00:00,long,sell - direction_change,94961.0,95270.4,2068403659989743.2,0.28,2874.7
2026-01-17 06:00:00+00:00,short,buy,95270.4,,2067369458159748.5,-0.05,2874.65
2026-01-17 08:00:00+00:00,short,sell - direction_change,95270.4,95061.1,2070877587337116.2,0.17,2874.82
2026-01-17 08:00:00+00:00,long,buy,95061.1,,2069842148543447.2,-0.05,2874.77
2026-01-17 10:00:00+00:00,long,sell - direction_change,95061.1,95219.5,2072256198671163.5,0.12,2874.89
2026-01-17 10:00:00+00:00,short,buy,95219.5,,2071220070571827.8,-0.05,2874.84
2026-01-17 11:00:00+00:00,short,sell - direction_change,95219.5,95076.7,2073290654394708.2,0.1,2874.94
2026-01-17 11:00:00+00:00,long,buy,95076.7,,2072254009067511.0,-0.05,2874.89
2026-01-17 21:00:00+00:00,long,sell - direction_change,95076.7,95332.9,2076801915555127.2,0.22,2875.11
2026-01-17 21:00:00+00:00,short,buy,95332.9,,2075763514597349.8,-0.05,2875.06
2026-01-18 08:00:00+00:00,short,sell - direction_change,95332.9,94989.9,2082194060691368.8,0.31,2875.37
2026-01-18 08:00:00+00:00,long,buy,94989.9,,2081152963661023.0,-0.05,2875.32
2026-01-18 12:00:00+00:00,long,sell - direction_change,94989.9,95133.3,2083254166831439.8,0.1,2875.42
2026-01-18 12:00:00+00:00,short,buy,95133.3,,2082212539748024.0,-0.05,2875.37
2026-01-18 16:00:00+00:00,short,sell - direction_change,95133.3,95067.7,2082607241366739.0,0.02,2875.39
2026-01-18 16:00:00+00:00,long,buy,95067.7,,2081565937746055.2,-0.05,2875.34
2026-01-18 23:00:00+00:00,long,sell - direction_change,95067.7,95442.9,2088740390234044.5,0.34,2875.68
2026-01-18 23:00:00+00:00,short,buy,95442.9,,2087696020038927.2,-0.05,2875.63
2026-01-19 00:02:00+00:00,short,sell - take_profit,95442.9,92579.613,2149283052630075.8,2.95,2878.58
2026-01-19 01:00:00+00:00,short,buy,92658.2,,2148208411103760.8,-0.05,2878.53
2026-01-19 10:00:00+00:00,short,sell - direction_change,92658.2,93000.0,2139209939331007.2,-0.42,2878.11
2026-01-19 10:00:00+00:00,long,buy,93000.0,,2138140334361341.8,-0.05,2878.06
2026-01-19 18:00:00+00:00,long,sell - direction_change,93000.0,93195.1,2141556760745063.2,0.16,2878.22
2026-01-19 18:00:00+00:00,short,buy,93195.1,,2140485982364691.0,-0.05,2878.17
2026-01-19 19:00:00+00:00,short,sell - direction_change,93195.1,93023.0,2143368496949443.0,0.13,2878.31
2026-01-19 19:00:00+00:00,long,buy,93023.0,,2142296812700968.2,-0.05,2878.26
2026-01-19 21:00:00+00:00,long,sell - direction_change,93023.0,93107.5,2143171678513394.0,0.04,2878.3
2026-01-19 21:00:00+00:00,short,buy,93107.5,,2142100092674137.2,-0.05,2878.25
2026-01-20 14:49:00+00:00,short,sell - take_profit,93107.5,90314.275,2205292045408024.8,2.95,2881.2
2026-01-20 15:00:00+00:00,short,buy,90496.6,,2204189399385320.8,-0.05,2881.15
2026-01-21 04:00:00+00:00,short,sell - direction_change,90496.6,89395.9,2229896613233169.5,1.17,2882.32
2026-01-21 04:00:00+00:00,long,buy,89395.9,,2228781664926553.0,-0.05,2882.27
2026-01-21 11:00:00+00:00,long,sell - direction_change,89395.9,89200.8,2222803121455913.2,-0.27,2882.0
2026-01-21 11:00:00+00:00,short,buy,89200.8,,2221691719895185.2,-0.05,2881.95
2026-01-21 14:00:00+00:00,short,sell - direction_change,89200.8,88631.1,2234770183691925.5,0.59,2882.54
2026-01-21 14:00:00+00:00,long,buy,88631.1,,2233652798600079.2,-0.05,2882.49
2026-01-21 16:00:00+00:00,long,sell - direction_change,88631.1,90237.2,2273012393680729.0,1.76,2884.25
2026-01-21 16:00:00+00:00,short,buy,90237.2,,2271875887483888.5,-0.05,2884.2
2026-01-21 17:13:00+00:00,short,sell - take_profit,90237.2,87530.08399999999,2338896226164663.5,2.95,2887.15
2026-01-21 18:00:00+00:00,short,buy,87897.0,,2337726778051581.0,-0.05,2887.1
2026-01-21 19:00:00+00:00,short,sell - direction_change,87897.0,88441.1,2322086918611064.5,-0.67,2886.43
2026-01-21 19:00:00+00:00,long,buy,88441.1,,2320925875151759.0,-0.05,2886.38
2026-01-22 07:00:00+00:00,long,sell - direction_change,88441.1,90122.9,2363900244739222.0,1.85,2888.23
2026-01-22 07:00:00+00:00,short,buy,90122.9,,2362718294616852.5,-0.05,2888.18
2026-01-22 08:00:00+00:00,short,sell - direction_change,90122.9,89772.6,2370720619290240.5,0.34,2888.52
2026-01-22 08:00:00+00:00,long,buy,89772.6,,2369535258980595.5,-0.05,2888.47
2026-01-22 11:00:00+00:00,long,sell - direction_change,89772.6,90046.6,2375582683144154.5,0.26,2888.72
2026-01-22 11:00:00+00:00,short,buy,90046.6,,2374394891802582.5,-0.05,2888.67
2026-01-22 12:00:00+00:00,short,sell - direction_change,90046.6,89909.7,2376817543708992.0,0.1,2888.78
2026-01-22 12:00:00+00:00,long,buy,89909.7,,2375629134937137.5,-0.05,2888.73
2026-01-22 13:00:00+00:00,long,sell - direction_change,89909.7,89985.7,2376449421990019.5,0.03,2888.76
2026-01-22 13:00:00+00:00,short,buy,89985.7,,2375261197279024.5,-0.05,2888.71
2026-01-22 17:00:00+00:00,short,sell - direction_change,89985.7,89006.9,2399909956905684.5,1.04,2889.75
2026-01-22 17:00:00+00:00,long,buy,89006.9,,2398710001927231.5,-0.05,2889.7
2026-01-22 18:00:00+00:00,long,sell - direction_change,89006.9,89500.0,2410799548145727.5,0.5,2890.2
2026-01-22 18:00:00+00:00,short,buy,89500.0,,2409594148371654.5,-0.05,2890.15
2026-01-22 19:00:00+00:00,short,sell - direction_change,89500.0,89295.4,2413897764289165.5,0.18,2890.33
2026-01-22 19:00:00+00:00,long,buy,89295.4,,2412690815407021.0,-0.05,2890.28
2026-01-22 20:00:00+00:00,long,sell - direction_change,89295.4,89732.8,2423302670742682.0,0.44,2890.72
2026-01-22 20:00:00+00:00,short,buy,89732.8,,2422091019407310.5,-0.05,2890.67
2026-01-23 00:00:00+00:00,short,sell - direction_change,89732.8,89518.4,2426667114325198.0,0.19,2890.86
2026-01-23 00:00:00+00:00,long,buy,89518.4,,2425453780768035.5,-0.05,2890.81
2026-01-23 05:00:00+00:00,long,sell - direction_change,89518.4,89922.6,2435192639453203.0,0.4,2891.21
2026-01-23 05:00:00+00:00,short,buy,89922.6,,2433975043133476.5,-0.05,2891.16
2026-01-23 07:00:00+00:00,short,sell - direction_change,89922.6,89475.0,2444873444060493.0,0.45,2891.61
2026-01-23 07:00:00+00:00,long,buy,89475.0,,2443651007338463.0,-0.05,2891.56
2026-01-23 08:00:00+00:00,long,sell - direction_change,89475.0,89497.3,2443038216955930.0,-0.03,2891.53
2026-01-23 08:00:00+00:00,short,buy,89497.3,,2441816697847452.0,-0.05,2891.48
2026-01-23 15:00:00+00:00,short,sell - direction_change,89497.3,88976.0,2454818777729323.0,0.53,2892.02
2026-01-23 15:00:00+00:00,long,buy,88976.0,,2453591368340458.5,-0.05,2891.97
2026-01-24 01:00:00+00:00,long,sell - direction_change,88976.0,89414.2,2464448322629391.0,0.44,2892.41
2026-01-24 01:00:00+00:00,short,buy,89414.2,,2463216098468076.5,-0.05,2892.36
2026-01-24 03:00:00+00:00,short,sell - direction_change,89414.2,89666.3,2455039544555391.0,-0.33,2892.03
2026-01-24 03:00:00+00:00,long,buy,89666.3,,2453812024783113.5,-0.05,2891.98
2026-01-24 05:00:00+00:00,long,sell - direction_change,89666.3,89806.8,2456430048130827.5,0.11,2892.08
2026-01-24 05:00:00+00:00,short,buy,89806.8,,2455201833106762.0,-0.05,2892.03
2026-01-24 06:00:00+00:00,short,sell - direction_change,89806.8,89744.5,2455677433664958.5,0.02,2892.05
2026-01-24 06:00:00+00:00,long,buy,89744.5,,2454449594948126.0,-0.05,2892.0
2026-01-24 07:00:00+00:00,long,sell - direction_change,89744.5,89612.4,2449609527118570.0,-0.2,2891.81
2026-01-24 07:00:00+00:00,short,buy,89612.4,,2448384722355010.5,-0.05,2891.76
2026-01-24 08:00:00+00:00,short,sell - direction_change,89612.4,89581.3,2448010242364724.0,-0.02,2891.74
2026-01-24 08:00:00+00:00,long,buy,89581.3,,2446786237243541.5,-0.05,2891.69
2026-01-24 09:00:00+00:00,long,sell - direction_change,89581.3,89635.3,2447037777585487.5,0.01,2891.7
2026-01-24 09:00:00+00:00,short,buy,89635.3,,2445814258696695.0,-0.05,2891.65
2026-01-24 10:00:00+00:00,short,sell - direction_change,89635.3,89567.5,2446441361627442.0,0.03,2891.68
2026-01-24 10:00:00+00:00,long,buy,89567.5,,2445218140946628.5,-0.05,2891.63
2026-01-24 11:00:00+00:00,long,sell - direction_change,89567.5,89590.2,2444615248311240.0,-0.02,2891.6
2026-01-24 11:00:00+00:00,short,buy,89590.2,,2443392940687084.5,-0.05,2891.55
2026-01-25 13:00:00+00:00,short,sell - direction_change,89590.2,88752.0,2465031467353690.0,0.89,2892.44
2026-01-25 13:00:00+00:00,long,buy,88752.0,,2463798951620013.0,-0.05,2892.39
2026-01-25 14:00:00+00:00,long,sell - direction_change,88752.0,88875.1,2465984368384337.5,0.09,2892.48
2026-01-25 14:00:00+00:00,short,buy,88875.1,,2464751376200145.5,-0.05,2892.43
2026-01-25 19:53:00+00:00,short,sell - take_profit,88875.1,86208.84700000001,2537461541798049.5,2.95,2895.38
2026-01-25 20:00:00+00:00,short,buy,86459.4,,2536192811027150.5,-0.05,2895.33
2026-01-26 01:07:00+00:00,short,sell - stop_loss,86459.4,87323.99399999999,2509562786511365.5,-1.05,2894.28
2026-01-26 02:00:00+00:00,short,buy,87661.7,,2508308005118110.0,-0.05,2894.23
2026-01-26 04:00:00+00:00,short,sell - direction_change,87661.7,87233.1,2519317596981688.5,0.44,2894.67
2026-01-26 04:00:00+00:00,long,buy,87233.1,,2518057938183197.5,-0.05,2894.62
2026-01-26 15:00:00+00:00,long,sell - direction_change,87233.1,88137.0,2542890754744343.5,0.99,2895.6
2026-01-26 15:00:00+00:00,short,buy,88137.0,,2541619309366971.5,-0.05,2895.55
2026-01-26 18:00:00+00:00,short,sell - direction_change,88137.0,87657.4,2554178793695205.5,0.49,2896.05
2026-01-26 18:00:00+00:00,long,buy,87657.4,,2552901704298358.0,-0.05,2896.0
2026-01-26 20:00:00+00:00,long,sell - direction_change,87657.4,87965.5,2560598243919281.5,0.3,2896.3
2026-01-26 20:00:00+00:00,short,buy,87965.5,,2559317944797322.0,-0.05,2896.25
2026-01-26 21:00:00+00:00,short,sell - direction_change,87965.5,87595.3,2568809093734433.0,0.37,2896.62
2026-01-26 21:00:00+00:00,long,buy,87595.3,,2567524689187566.0,-0.05,2896.57
2026-01-27 09:00:00+00:00,long,sell - direction_change,87595.3,88137.6,2582136398848278.5,0.57,2897.14
2026-01-27 09:00:00+00:00,short,buy,88137.6,,2580845330648854.5,-0.05,2897.09
2026-01-27 16:00:00+00:00,short,sell - direction_change,88137.6,88000.1,2583581183182358.0,0.11,2897.19
2026-01-27 16:00:00+00:00,long,buy,88000.1,,2582289392590767.0,-0.05,2897.14
2026-01-27 17:00:00+00:00,long,sell - direction_change,88000.1,88604.9,2598745598461560.5,0.64,2897.78
2026-01-27 17:00:00+00:00,short,buy,88604.9,,2597446225662329.5,-0.05,2897.73
2026-01-27 18:00:00+00:00,short,sell - direction_change,88604.9,87510.3,2628235622265337.5,1.19,2898.92
2026-01-27 18:00:00+00:00,long,buy,87510.3,,2626921504454205.0,-0.05,2898.87
2026-01-28 08:00:00+00:00,long,sell - direction_change,87510.3,89106.8,2673532461534634.5,1.77,2900.64
2026-01-28 08:00:00+00:00,short,buy,89106.8,,2672195695303867.0,-0.05,2900.59
2026-01-28 09:00:00+00:00,short,sell - direction_change,89106.8,88901.1,2677028269819312.0,0.18,2900.77
2026-01-28 09:00:00+00:00,long,buy,88901.1,,2675689755684402.5,-0.05,2900.72
2026-01-28 19:00:00+00:00,long,sell - direction_change,88901.1,89500.9,2692404316406260.0,0.62,2901.35
2026-01-28 19:00:00+00:00,short,buy,89500.9,,2691058114248057.0,-0.05,2901.3
2026-01-29 12:00:00+00:00,short,sell - direction_change,89500.9,87795.1,2741001532355534.5,1.86,2903.15
2026-01-29 12:00:00+00:00,long,buy,87795.1,,2739631031589356.5,-0.05,2903.1
2026-01-29 13:00:00+00:00,long,sell - direction_change,87795.1,88073.9,2746961122236970.5,0.27,2903.37
2026-01-29 13:00:00+00:00,short,buy,88073.9,,2745587641675852.0,-0.05,2903.32
2026-01-29 15:14:00+00:00,short,sell - take_profit,88073.9,85431.68299999999,2826582477105290.0,2.95,2906.27
2026-01-29 16:00:00+00:00,short,buy,84897.9,,2825169185866737.5,-0.05,2906.22
2026-01-30 01:39:00+00:00,short,sell - take_profit,84897.9,82350.96299999999,2908511676849806.5,2.95,2909.17
2026-01-30 02:00:00+00:00,short,buy,82434.7,,2907057421011382.0,-0.05,2909.12
2026-01-30 04:22:00+00:00,short,sell - stop_loss,82434.7,83259.04699999999,2876533318090762.0,-1.05,2908.07
2026-01-30 05:00:00+00:00,short,buy,82906.5,,2875095051431716.5,-0.05,2908.02
2026-01-30 11:00:00+00:00,short,sell - direction_change,82906.5,82793.2,2877586608009143.5,0.09,2908.11
2026-01-30 11:00:00+00:00,long,buy,82793.2,,2876147814705139.0,-0.05,2908.06
2026-01-30 15:00:00+00:00,long,sell - direction_change,82793.2,83061.5,2884030197775961.0,0.27,2908.33
2026-01-30 15:00:00+00:00,short,buy,83061.5,,2882588182677073.5,-0.05,2908.28
2026-01-30 16:00:00+00:00,short,sell - direction_change,83061.5,82850.1,2888483369889562.0,0.2,2908.48
2026-01-30 16:00:00+00:00,long,buy,82850.1,,2887039128204617.5,-0.05,2908.43
2026-01-30 18:22:00+00:00,long,sell - stop_loss,82850.1,82021.599,2856725217358469.0,-1.05,2907.38
2026-01-30 19:00:00+00:00,long,buy,83897.3,,2855296854749790.0,-0.05,2907.33
2026-01-31 06:00:00+00:00,long,sell - direction_change,83897.3,83961.8,2856064350232068.5,0.03,2907.36
2026-01-31 06:00:00+00:00,short,buy,83961.8,,2854636318056952.5,-0.05,2907.31
2026-01-31 14:26:00+00:00,short,sell - take_profit,83961.8,81442.946,2938848089439633.5,2.95,2910.26
2026-01-31 15:00:00+00:00,short,buy,81452.5,,2937378665394913.5,-0.05,2910.21
2026-01-31 17:11:00+00:00,short,sell - take_profit,81452.5,79008.925,3024031336024062.5,2.95,2913.16
2026-01-31 18:00:00+00:00,short,buy,78857.0,,3022519320356051.0,-0.05,2913.11
2026-01-31 18:43:00+00:00,short,sell - take_profit,78857.0,76491.29,3111683640306555.0,2.95,2916.06
2026-01-31 19:00:00+00:00,short,buy,77996.8,,3110127798486401.5,-0.05,2916.01
2026-01-31 23:00:00+00:00,short,sell - direction_change,77996.8,78114.4,3103883426447568.5,-0.2,2915.81
2026-01-31 23:00:00+00:00,long,buy,78114.4,,3102331484734344.5,-0.05,2915.76
2026-02-01 01:00:00+00:00,long,sell - direction_change,78114.4,78861.3,3130443625449533.5,0.91,2916.67
2026-02-01 01:00:00+00:00,short,buy,78861.3,,3128878403636808.5,-0.05,2916.62
2026-02-01 04:00:00+00:00,short,sell - direction_change,78861.3,78826.3,3128702614433497.5,-0.01,2916.61
2026-02-01 04:00:00+00:00,long,buy,78826.3,,3127138263126281.0,-0.05,2916.56
2026-02-01 05:00:00+00:00,long,sell - direction_change,78826.3,78938.3,3130017874576200.5,0.09,2916.65
2026-02-01 05:00:00+00:00,short,buy,78938.3,,3128452865638912.5,-0.05,2916.6
2026-02-01 06:00:00+00:00,short,sell - direction_change,78938.3,78583.9,3140934086037130.0,0.4,2917.0
2026-02-01 06:00:00+00:00,long,buy,78583.9,,3139363618994111.5,-0.05,2916.95
2026-02-01 10:00:00+00:00,long,sell - direction_change,78583.9,78996.9,3154292955108701.0,0.48,2917.43
2026-02-01 10:00:00+00:00,short,buy,78996.9,,3152715808631146.0,-0.05,2917.38
2026-02-01 11:00:00+00:00,short,sell - direction_change,78996.9,78240.0,3181346846150611.0,0.91,2918.29
2026-02-01 11:00:00+00:00,long,buy,78240.0,,3179756172727536.0,-0.05,2918.24
2026-02-01 12:00:00+00:00,long,sell - direction_change,78240.0,78712.1,3197352936884841.5,0.55,2918.79
2026-02-01 12:00:00+00:00,short,buy,78712.1,,3195754260416398.5,-0.05,2918.74
2026-02-01 21:56:00+00:00,short,sell - take_profit,78712.1,76350.73700000001,3290029011098682.0,2.95,2921.69
2026-02-01 22:00:00+00:00,short,buy,76489.0,,3288383996593133.0,-0.05,2921.64
2026-02-01 22:10:00+00:00,short,sell - stop_loss,76489.0,77253.89,3253855964628905.0,-1.05,2920.59
2026-02-01 23:00:00+00:00,short,buy,77211.4,,3252229036646590.5,-0.05,2920.54
2026-02-02 00:22:00+00:00,short,sell - stop_loss,77211.4,77983.514,3218080631761801.0,-1.05,2919.49
2026-02-02 01:00:00+00:00,short,buy,77638.5,,3216471591445920.0,-0.05,2919.44
2026-02-02 03:21:00+00:00,short,sell - take_profit,77638.5,75309.345,3311357503393574.5,2.95,2922.39
2026-02-02 04:00:00+00:00,short,buy,76256.2,,3309701824641878.0,-0.05,2922.34
2026-02-02 07:00:00+00:00,short,sell - direction_change,76256.2,76511.3,3296975022393584.5,-0.38,2921.95
2026-02-02 07:00:00+00:00,long,buy,76511.3,,3295326534882387.0,-0.05,2921.9
2026-02-02 14:40:00+00:00,long,sell - take_profit,76511.3,78806.63900000001,3392538667661418.0,2.95,2924.85
2026-02-02 15:00:00+00:00,long,buy,77797.8,,3390842398327587.0,-0.05,2924.8
2026-02-03 02:00:00+00:00,long,sell - direction_change,77797.8,78980.0,3440673548359266.5,1.47,2926.27
2026-02-03 02:00:00+00:00,short,buy,78980.0,,3438953211585086.5,-0.05,2926.22
2026-02-03 03:00:00+00:00,short,sell - direction_change,78980.0,77774.8,3489710645723816.5,1.48,2927.7
2026-02-03 03:00:00+00:00,long,buy,77774.8,,3487965790400954.0,-0.05,2927.65
2026-02-03 05:00:00+00:00,long,sell - direction_change,77774.8,78767.5,3530741415915303.5,1.23,2928.88
2026-02-03 05:00:00+00:00,short,buy,78767.5,,3528976045207346.0,-0.05,2928.83
2026-02-03 06:00:00+00:00,short,sell - direction_change,78767.5,78202.8,3552511493995338.0,0.67,2929.49
2026-02-03 06:00:00+00:00,long,buy,78202.8,,3550735238248340.5,-0.05,2929.44
2026-02-03 09:00:00+00:00,long,sell - direction_change,78202.8,78708.7,3571929853251703.0,0.6,2930.04
2026-02-03 09:00:00+00:00,short,buy,78708.7,,3570143888325077.0,-0.05,2929.99
2026-02-03 12:00:00+00:00,short,sell - direction_change,78708.7,78040.1,3598685809505361.5,0.8,2930.79
2026-02-03 12:00:00+00:00,long,buy,78040.1,,3596886466600608.5,-0.05,2930.74
2026-02-03 13:00:00+00:00,long,sell - direction_change,78040.1,78289.8,3606596754785005.0,0.27,2931.01
2026-02-03 13:00:00+00:00,short,buy,78289.8,,3604793456407612.0,-0.05,2930.96
2026-02-03 17:11:00+00:00,short,sell - take_profit,78289.8,75941.106,3711134863371636.5,2.95,2933.91
2026-02-03 18:00:00+00:00,short,buy,74882.4,,3709279295939950.5,-0.05,2933.86
2026-02-03 20:26:00+00:00,short,sell - stop_loss,74882.4,75631.224,3670331863332580.5,-1.05,2932.81
2026-02-03 21:00:00+00:00,short,buy,76431.9,,3668496697400914.0,-0.05,2932.76
2026-02-04 00:00:00+00:00,short,sell - direction_change,76431.9,75732.4,3700236302898996.5,0.87,2933.62
2026-02-04 00:00:00+00:00,long,buy,75732.4,,3698386184747547.0,-0.05,2933.57
2026-02-04 02:00:00+00:00,long,sell - direction_change,75732.4,76392.1,3728753392641778.5,0.82,2934.4
2026-02-04 02:00:00+00:00,short,buy,76392.1,,3726889015945457.5,-0.05,2934.35
2026-02-04 03:00:00+00:00,short,sell - direction_change,76392.1,75926.9,3747720964943068.0,0.56,2934.9
2026-02-04 03:00:00+00:00,long,buy,75926.9,,3745847104460596.5,-0.05,2934.85
2026-02-04 09:00:00+00:00,long,sell - direction_change,75926.9,76541.2,3774280618762014.5,0.76,2935.61
2026-02-04 09:00:00+00:00,short,buy,76541.2,,3772393478452633.5,-0.05,2935.56
2026-02-04 10:00:00+00:00,short,sell - direction_change,76541.2,76082.0,3793139316294854.0,0.55,2936.11
2026-02-04 10:00:00+00:00,long,buy,76082.0,,3791242746636706.5,-0.05,2936.06
2026-02-04 11:00:00+00:00,long,sell - direction_change,76082.0,76266.7,3798550912431230.5,0.19,2936.26
2026-02-04 11:00:00+00:00,short,buy,76266.7,,3796651636975015.0,-0.05,2936.21
2026-02-04 12:00:00+00:00,short,sell - direction_change,76266.7,75987.6,3808647257949553.5,0.32,2936.52
2026-02-04 12:00:00+00:00,long,buy,75987.6,,3806742934320578.5,-0.05,2936.47
2026-02-04 13:00:00+00:00,long,sell - direction_change,75987.6,76160.0,3813476267814186.0,0.18,2936.65
2026-02-04 13:00:00+00:00,short,buy,76160.0,,3811569529680279.0,-0.05,2936.6
2026-02-04 15:02:00+00:00,short,sell - take_profit,76160.0,73875.2,3924010830805847.5,2.95,2939.55
2026-02-04 16:00:00+00:00,short,buy,74107.0,,3922048825390445.0,-0.05,2939.5
2026-02-04 22:06:00+00:00,short,sell - take_profit,74107.0,71883.79,4037749265739463.0,2.95,2942.45
2026-02-04 23:00:00+00:00,short,buy,72511.0,,4035730391106593.5,-0.05,2942.4
2026-02-04 23:17:00+00:00,short,sell - stop_loss,72511.0,73236.11,3993355221999974.0,-1.05,2941.35
2026-02-05 00:00:00+00:00,short,buy,73137.5,,3991358544388974.0,-0.05,2941.3
2026-02-05 04:06:00+00:00,short,sell - take_profit,73137.5,70943.375,4109103621448448.5,2.95,2944.25
2026-02-05 05:00:00+00:00,short,buy,70863.9,,4107049069637725.0,-0.05,2944.2
2026-02-05 07:02:00+00:00,short,sell - stop_loss,70863.9,71572.53899999999,4063925054406528.5,-1.05,2943.15
2026-02-05 08:00:00+00:00,short,buy,70716.1,,4061893091879325.0,-0.05,2943.1
2026-02-05 08:26:00+00:00,short,sell - stop_loss,70716.1,71423.26100000001,4019243214414591.5,-1.05,2942.05
2026-02-05 09:00:00+00:00,short,buy,71020.9,,4017233592807384.5,-0.05,2942.0
2026-02-05 09:08:00+00:00,short,sell - stop_loss,71020.9,71731.109,3975052640082906.0,-1.05,2940.95
2026-02-05 10:00:00+00:00,short,buy,71531.6,,3973065113762865.5,-0.05,2940.9
2026-02-05 12:19:00+00:00,short,sell - take_profit,71531.6,69385.652,4090270534618870.0,2.95,2943.85
2026-02-05 13:00:00+00:00,short,buy,69532.9,,4088225399351559.5,-0.05,2943.8
2026-02-05 14:02:00+00:00,short,sell - stop_loss,69532.9,70228.22899999999,4045299032658368.5,-1.05,2942.75
2026-02-05 15:00:00+00:00,short,buy,69365.4,,4043276383142039.5,-0.05,2942.7
2026-02-05 15:23:00+00:00,short,sell - take_profit,69365.4,67284.438,4162553036444729.5,2.95,2945.65
2026-02-05 16:00:00+00:00,short,buy,67452.0,,4160471759926507.0,-0.05,2945.6
2026-02-05 16:24:00+00:00,short,sell - stop_loss,67452.0,68126.52,4116786806447278.5,-1.05,2944.55
2026-02-05 17:00:00+00:00,short,buy,68262.7,,4114728413044055.0,-0.05,2944.5
2026-02-05 17:57:00+00:00,short,sell - take_profit,68262.7,66214.81899999999,4236112901228855.0,2.95,2947.45
2026-02-05 18:00:00+00:00,short,buy,66153.8,,4233994844778240.5,-0.05,2947.4
2026-02-05 20:17:00+00:00,short,sell - take_profit,66153.8,64169.186,4358897692699198.5,2.95,2950.35
2026-02-05 21:00:00+00:00,short,buy,63750.9,,4356718243852849.5,-0.05,2950.3
2026-02-05 21:00:00+00:00,short,sell - stop_loss,63750.9,64388.409,4310972702292394.0,-1.05,2949.25
2026-02-05 22:00:00+00:00,short,buy,63188.8,,4308817215941248.0,-0.05,2949.2
2026-02-05 22:28:00+00:00,short,sell - stop_loss,63188.8,63820.688,4263574635173865.0,-1.05,2948.15
2026-02-05 23:00:00+00:00,short,buy,63878.7,,4261442847856278.0,-0.05,2948.1
2026-02-05 23:04:00+00:00,short,sell - stop_loss,63878.7,64517.487,4216697697953787.0,-1.05,2947.05
2026-02-06 00:00:00+00:00,short,buy,62868.1,,4214589349104810.0,-0.05,2947.0
2026-02-06 00:10:00+00:00,short,sell - take_profit,62868.1,60982.05699999999,4338919734903402.0,2.95,2949.95
2026-02-06 01:00:00+00:00,long,buy,63460.4,,4336750275035950.5,-0.05,2949.9
2026-02-06 01:48:00+00:00,long,sell - take_profit,63460.4,65364.21200000001,4464684408149511.5,2.95,2952.85
2026-02-06 02:00:00+00:00,short,buy,65666.0,,4462452065945437.0,-0.05,2952.8
2026-02-06 04:00:00+00:00,short,sell - direction_change,65666.0,64138.1,4564052054110954.0,2.28,2955.08
2026-02-06 04:00:00+00:00,long,buy,64138.1,,4561770028083899.0,-0.05,2955.03
2026-02-06 05:50:00+00:00,long,sell - take_profit,64138.1,66062.243,4696342243912374.0,2.95,2957.98
2026-02-06 06:00:00+00:00,long,buy,66365.3,,4693994072790418.0,-0.05,2957.93
2026-02-06 06:20:00+00:00,long,sell - stop_loss,66365.3,65701.647,4644707135026118.0,-1.05,2956.88
2026-02-06 07:00:00+00:00,long,buy,64947.6,,4642384781458605.0,-0.05,2956.83
2026-02-06 13:12:00+00:00,long,sell - take_profit,64947.6,66896.028,4779335132511634.0,2.95,2959.78
2026-02-06 14:00:00+00:00,long,buy,67274.9,,4776945464945378.0,-0.05,2959.73
2026-02-06 14:21:00+00:00,long,sell - stop_loss,67274.9,66602.151,4726787537563452.0,-1.05,2958.68
2026-02-06 15:00:00+00:00,long,buy,68149.1,,4724424143794670.0,-0.05,2958.63
2026-02-06 17:10:00+00:00,long,sell - take_profit,68149.1,70193.573,4863794656036613.0,2.95,2961.58
2026-02-06 18:00:00+00:00,long,buy,70707.3,,4861362758708595.0,-0.05,2961.53
2026-02-06 18:07:00+00:00,long,sell - stop_loss,70707.3,70000.227,4810318449742154.0,-1.05,2960.48
2026-02-06 19:00:00+00:00,long,buy,69728.7,,4807913290517283.0,-0.05,2960.43
2026-02-07 06:00:00+00:00,long,sell - direction_change,69728.7,70124.6,4832807316936614.0,0.52,2960.94
2026-02-07 06:00:00+00:00,short,buy,70124.6,,4830390913278146.0,-0.05,2960.89
2026-02-07 07:14:00+00:00,short,sell - take_profit,70124.6,68020.86200000001,4972887445219851.0,2.95,2963.84
2026-02-07 08:00:00+00:00,short,buy,68050.5,,4970401001497241.0,-0.05,2963.79
2026-02-07 08:31:00+00:00,short,sell - stop_loss,68050.5,68731.005,4918211790981520.0,-1.05,2962.74
2026-02-07 09:00:00+00:00,short,buy,68458.6,,4915752685086029.0,-0.05,2962.69
2026-02-07 12:15:00+00:00,short,sell - stop_loss,68458.6,69143.186,4864137281892626.0,-1.05,2961.64
2026-02-07 13:00:00+00:00,short,buy,68988.7,,4861705213251680.0,-0.05,2961.59
2026-02-07 15:33:00+00:00,short,sell - stop_loss,68988.7,69678.587,4810657308512537.0,-1.05,2960.54
2026-02-07 16:00:00+00:00,short,buy,69122.1,,4808251979858281.0,-0.05,2960.49
2026-02-07 16:05:00+00:00,short,sell - stop_loss,69122.1,69813.32100000001,4757765334069769.0,-1.05,2959.44
2026-02-07 17:00:00+00:00,long,buy,68924.4,,4755386451402734.0,-0.05,2959.39
2026-02-08 03:00:00+00:00,long,sell - direction_change,68924.4,69335.7,4781386088229408.0,0.55,2959.94
2026-02-08 03:00:00+00:00,short,buy,69335.7,,4778995395185293.0,-0.05,2959.89
2026-02-08 04:00:00+00:00,short,sell - direction_change,69335.7,69064.7,4795284698626150.0,0.34,2960.23
2026-02-08 04:00:00+00:00,long,buy,69064.7,,4792887056276837.0,-0.05,2960.18
2026-02-08 05:00:00+00:00,long,sell - direction_change,69064.7,69303.4,4807055690716651.0,0.3,2960.48
2026-02-08 05:00:00+00:00,short,buy,69303.4,,4804652162871293.0,-0.05,2960.43
2026-02-08 06:00:00+00:00,short,sell - direction_change,69303.4,69190.8,4810056146920951.0,0.11,2960.54
2026-02-08 06:00:00+00:00,long,buy,69190.8,,4807651118847491.0,-0.05,2960.49
2026-02-08 12:57:00+00:00,long,sell - take_profit,69190.8,71266.524,4949476826853492.0,2.95,2963.44
2026-02-08 13:00:00+00:00,long,buy,71203.4,,4947002088440065.0,-0.05,2963.39
2026-02-08 16:49:00+00:00,long,sell - stop_loss,71203.4,70491.366,4895058566511444.0,-1.05,2962.34
2026-02-08 17:00:00+00:00,long,buy,70388.6,,4892611037228188.0,-0.05,2962.29
2026-02-08 21:00:00+00:00,long,sell - direction_change,70388.6,70801.5,4918864820889803.0,0.54,2962.83
2026-02-08 21:00:00+00:00,short,buy,70801.5,,4916405388479358.0,-0.05,2962.78
2026-02-08 22:00:00+00:00,short,sell - direction_change,70801.5,70665.5,4923390928259970.0,0.14,2962.92
2026-02-08 22:00:00+00:00,long,buy,70665.5,,4920929232795840.0,-0.05,2962.87
2026-02-08 23:00:00+00:00,long,sell - direction_change,70665.5,71036.2,4944283182095673.0,0.47,2963.34
2026-02-08 23:00:00+00:00,short,buy,71036.2,,4941811040504625.0,-0.05,2963.29
2026-02-08 23:05:00+00:00,short,sell - stop_loss,71036.2,71746.56199999999,4889922024579327.0,-1.05,2962.24
2026-02-09 00:00:00+00:00,short,buy,70288.2,,4887477063567037.0,-0.05,2962.19
2026-02-09 02:00:00+00:00,short,sell - direction_change,70288.2,70327.9,4882272792834634.0,-0.11,2962.09
2026-02-09 02:00:00+00:00,long,buy,70327.9,,4879831656438217.0,-0.05,2962.04
2026-02-09 06:00:00+00:00,long,sell - direction_change,70327.9,71014.1,4925004999112640.0,0.93,2962.96
2026-02-09 06:00:00+00:00,short,buy,71014.1,,4922542496613084.0,-0.05,2962.91
2026-02-09 10:31:00+00:00,short,sell - take_profit,71014.1,68883.67700000001,5067757500263170.0,2.95,2965.86
2026-02-09 11:00:00+00:00,short,buy,68694.1,,5065223621513038.0,-0.05,2965.81
2026-02-09 14:40:00+00:00,short,sell - stop_loss,68694.1,69381.04100000001,5012038773487151.0,-1.05,2964.76
2026-02-09 15:00:00+00:00,short,buy,69232.5,,5009532754100407.0,-0.05,2964.71
2026-02-09 16:44:00+00:00,short,sell - stop_loss,69232.5,69924.825,4956932660182353.0,-1.05,2963.66
2026-02-09 17:00:00+00:00,long,buy,70049.1,,4954454193852262.0,-0.05,2963.61
2026-02-10 01:30:00+00:00,long,sell - end_of_backtest,70049.1,70309.7,4970408763351122.0,0.32,2963.93
